
===========================================================================
report_checks -path_delay min (Hold)
============================================================================
======================= nom_typ_1p20V_25C Corner ===================================

Startpoint: _1383_ (rising edge-triggered flip-flop clocked by clk_i)
Endpoint: _1298_ (rising edge-triggered flip-flop clocked by clk_i)
Path Group: clk_i
Path Type: min

Fanout         Cap        Slew       Delay        Time   Description
---------------------------------------------------------------------------------------------
                                  0.000000    0.000000   clock clk_i (rise edge)
                                  0.000000    0.000000   clock source latency
     1    0.037465    0.000000    0.000000    0.000000 ^ clk_i (in)
                                                         clk_i (net)
                      0.005567    0.002783    0.002783 ^ clkbuf_0_clk_i/A (sg13g2_buf_16)
    16    0.183519    0.058569    0.078991    0.081774 ^ clkbuf_0_clk_i/X (sg13g2_buf_16)
                                                         clknet_0_clk_i (net)
                      0.061216    0.009638    0.091413 ^ clkbuf_4_0_0_clk_i/A (sg13g2_buf_8)
     2    0.036131    0.031955    0.089484    0.180897 ^ clkbuf_4_0_0_clk_i/X (sg13g2_buf_8)
                                                         clknet_4_0_0_clk_i (net)
                      0.032250    0.002472    0.183369 ^ clkbuf_5_1__f_clk_i/A (sg13g2_buf_16)
     6    0.023568    0.020382    0.066933    0.250301 ^ clkbuf_5_1__f_clk_i/X (sg13g2_buf_16)
                                                         clknet_5_1__leaf_clk_i (net)
                      0.020383    0.000179    0.250480 ^ _1383_/CLK (sg13g2_dfrbpq_1)
     3    0.010818    0.041776    0.178796    0.429276 v _1383_/Q (sg13g2_dfrbpq_1)
                                                         spi_rx[5] (net)
                      0.041777    0.000277    0.429553 v _0990_/A (sg13g2_nor2_1)
     1    0.002848    0.043483    0.059936    0.489489 ^ _0990_/Y (sg13g2_nor2_1)
                                                         _0381_ (net)
                      0.043483    0.000111    0.489599 ^ _0992_/C (sg13g2_nor3_1)
     1    0.001667    0.019854    0.033058    0.522657 v _0992_/Y (sg13g2_nor3_1)
                                                         _0080_ (net)
                      0.019854    0.000064    0.522721 v _1298_/D (sg13g2_dfrbpq_1)
                                              0.522721   data arrival time

                                  0.000000    0.000000   clock clk_i (rise edge)
                                  0.000000    0.000000   clock source latency
     1    0.040138    0.000000    0.000000    0.000000 ^ clk_i (in)
                                                         clk_i (net)
                      0.006155    0.003077    0.003077 ^ clkbuf_0_clk_i/A (sg13g2_buf_16)
    16    0.204016    0.064014    0.082240    0.085317 ^ clkbuf_0_clk_i/X (sg13g2_buf_16)
                                                         clknet_0_clk_i (net)
                      0.067028    0.010771    0.096088 ^ clkbuf_4_0_0_clk_i/A (sg13g2_buf_8)
     2    0.041477    0.034567    0.094194    0.190282 ^ clkbuf_4_0_0_clk_i/X (sg13g2_buf_8)
                                                         clknet_4_0_0_clk_i (net)
                      0.034954    0.002693    0.192975 ^ clkbuf_5_0__f_clk_i/A (sg13g2_buf_16)
     6    0.032606    0.022552    0.069784    0.262758 ^ clkbuf_5_0__f_clk_i/X (sg13g2_buf_16)
                                                         clknet_5_0__leaf_clk_i (net)
                      0.022583    0.001563    0.264321 ^ _1298_/CLK (sg13g2_dfrbpq_1)
                                  0.100000    0.364321   clock uncertainty
                                 -0.009385    0.354936   clock reconvergence pessimism
                                 -0.033799    0.321137   library hold time
                                              0.321137   data required time
---------------------------------------------------------------------------------------------
                                              0.321137   data required time
                                             -0.522721   data arrival time
---------------------------------------------------------------------------------------------
                                              0.201583   slack (MET)


Startpoint: _1299_ (rising edge-triggered flip-flop clocked by clk_i)
Endpoint: _1299_ (rising edge-triggered flip-flop clocked by clk_i)
Path Group: clk_i
Path Type: min

Fanout         Cap        Slew       Delay        Time   Description
---------------------------------------------------------------------------------------------
                                  0.000000    0.000000   clock clk_i (rise edge)
                                  0.000000    0.000000   clock source latency
     1    0.037465    0.000000    0.000000    0.000000 ^ clk_i (in)
                                                         clk_i (net)
                      0.005567    0.002783    0.002783 ^ clkbuf_0_clk_i/A (sg13g2_buf_16)
    16    0.183519    0.058569    0.078991    0.081774 ^ clkbuf_0_clk_i/X (sg13g2_buf_16)
                                                         clknet_0_clk_i (net)
                      0.061226    0.009656    0.091431 ^ clkbuf_4_1_0_clk_i/A (sg13g2_buf_8)
     2    0.035302    0.031677    0.089472    0.180903 ^ clkbuf_4_1_0_clk_i/X (sg13g2_buf_8)
                                                         clknet_4_1_0_clk_i (net)
                      0.031733    0.001255    0.182159 ^ clkbuf_5_2__f_clk_i/A (sg13g2_buf_16)
     6    0.025575    0.020820    0.066962    0.249120 ^ clkbuf_5_2__f_clk_i/X (sg13g2_buf_16)
                                                         clknet_5_2__leaf_clk_i (net)
                      0.020850    0.001468    0.250588 ^ _1299_/CLK (sg13g2_dfrbpq_1)
     3    0.011399    0.043474    0.180463    0.431051 v _1299_/Q (sg13g2_dfrbpq_1)
                                                         u_boot_ctrl.word_asm[6] (net)
                      0.043477    0.000427    0.431478 v _0994_/B1 (sg13g2_a21oi_1)
     1    0.003495    0.039652    0.047469    0.478947 ^ _0994_/Y (sg13g2_a21oi_1)
                                                         _0384_ (net)
                      0.039652    0.000136    0.479083 ^ _0995_/A (sg13g2_nor3_1)
     1    0.002118    0.020988    0.038967    0.518050 v _0995_/Y (sg13g2_nor3_1)
                                                         _0081_ (net)
                      0.020988    0.000081    0.518131 v _1299_/D (sg13g2_dfrbpq_1)
                                              0.518131   data arrival time

                                  0.000000    0.000000   clock clk_i (rise edge)
                                  0.000000    0.000000   clock source latency
     1    0.040138    0.000000    0.000000    0.000000 ^ clk_i (in)
                                                         clk_i (net)
                      0.006155    0.003077    0.003077 ^ clkbuf_0_clk_i/A (sg13g2_buf_16)
    16    0.204016    0.064014    0.082240    0.085317 ^ clkbuf_0_clk_i/X (sg13g2_buf_16)
                                                         clknet_0_clk_i (net)
                      0.067040    0.010791    0.096108 ^ clkbuf_4_1_0_clk_i/A (sg13g2_buf_8)
     2    0.040647    0.034204    0.094262    0.190370 ^ clkbuf_4_1_0_clk_i/X (sg13g2_buf_8)
                                                         clknet_4_1_0_clk_i (net)
                      0.034383    0.001451    0.191821 ^ clkbuf_5_2__f_clk_i/A (sg13g2_buf_16)
     6    0.028260    0.021553    0.068731    0.260552 ^ clkbuf_5_2__f_clk_i/X (sg13g2_buf_16)
                                                         clknet_5_2__leaf_clk_i (net)
                      0.021589    0.001623    0.262175 ^ _1299_/CLK (sg13g2_dfrbpq_1)
                                  0.100000    0.362175   clock uncertainty
                                 -0.011586    0.350588   clock reconvergence pessimism
                                 -0.034366    0.316223   library hold time
                                              0.316223   data required time
---------------------------------------------------------------------------------------------
                                              0.316223   data required time
                                             -0.518131   data arrival time
---------------------------------------------------------------------------------------------
                                              0.201908   slack (MET)


Startpoint: _1383_ (rising edge-triggered flip-flop clocked by clk_i)
Endpoint: _1383_ (rising edge-triggered flip-flop clocked by clk_i)
Path Group: clk_i
Path Type: min

Fanout         Cap        Slew       Delay        Time   Description
---------------------------------------------------------------------------------------------
                                  0.000000    0.000000   clock clk_i (rise edge)
                                  0.000000    0.000000   clock source latency
     1    0.037465    0.000000    0.000000    0.000000 ^ clk_i (in)
                                                         clk_i (net)
                      0.005567    0.002783    0.002783 ^ clkbuf_0_clk_i/A (sg13g2_buf_16)
    16    0.183519    0.058569    0.078991    0.081774 ^ clkbuf_0_clk_i/X (sg13g2_buf_16)
                                                         clknet_0_clk_i (net)
                      0.061216    0.009638    0.091413 ^ clkbuf_4_0_0_clk_i/A (sg13g2_buf_8)
     2    0.036131    0.031955    0.089484    0.180897 ^ clkbuf_4_0_0_clk_i/X (sg13g2_buf_8)
                                                         clknet_4_0_0_clk_i (net)
                      0.032250    0.002472    0.183369 ^ clkbuf_5_1__f_clk_i/A (sg13g2_buf_16)
     6    0.023568    0.020382    0.066933    0.250301 ^ clkbuf_5_1__f_clk_i/X (sg13g2_buf_16)
                                                         clknet_5_1__leaf_clk_i (net)
                      0.020383    0.000179    0.250480 ^ _1383_/CLK (sg13g2_dfrbpq_1)
     3    0.010818    0.041776    0.178796    0.429276 v _1383_/Q (sg13g2_dfrbpq_1)
                                                         spi_rx[5] (net)
                      0.041782    0.000529    0.429805 v _1215_/A (sg13g2_nor2_1)
     1    0.002641    0.041954    0.058707    0.488512 ^ _1215_/Y (sg13g2_nor2_1)
                                                         _0522_ (net)
                      0.041955    0.000104    0.488616 ^ _1216_/C (sg13g2_nor3_1)
     1    0.001738    0.019735    0.032760    0.521376 v _1216_/Y (sg13g2_nor3_1)
                                                         _0165_ (net)
                      0.019735    0.000067    0.521443 v _1383_/D (sg13g2_dfrbpq_1)
                                              0.521443   data arrival time

                                  0.000000    0.000000   clock clk_i (rise edge)
                                  0.000000    0.000000   clock source latency
     1    0.040138    0.000000    0.000000    0.000000 ^ clk_i (in)
                                                         clk_i (net)
                      0.006155    0.003077    0.003077 ^ clkbuf_0_clk_i/A (sg13g2_buf_16)
    16    0.204016    0.064014    0.082240    0.085317 ^ clkbuf_0_clk_i/X (sg13g2_buf_16)
                                                         clknet_0_clk_i (net)
                      0.067028    0.010771    0.096088 ^ clkbuf_4_0_0_clk_i/A (sg13g2_buf_8)
     2    0.041477    0.034567    0.094194    0.190282 ^ clkbuf_4_0_0_clk_i/X (sg13g2_buf_8)
                                                         clknet_4_0_0_clk_i (net)
                      0.034991    0.002851    0.193133 ^ clkbuf_5_1__f_clk_i/A (sg13g2_buf_16)
     6    0.026494    0.021176    0.068814    0.261947 ^ clkbuf_5_1__f_clk_i/X (sg13g2_buf_16)
                                                         clknet_5_1__leaf_clk_i (net)
                      0.021177    0.000200    0.262147 ^ _1383_/CLK (sg13g2_dfrbpq_1)
                                  0.100000    0.362147   clock uncertainty
                                 -0.011667    0.350480   clock reconvergence pessimism
                                 -0.034054    0.316426   library hold time
                                              0.316426   data required time
---------------------------------------------------------------------------------------------
                                              0.316426   data required time
                                             -0.521443   data arrival time
---------------------------------------------------------------------------------------------
                                              0.205017   slack (MET)


Startpoint: _1394_ (rising edge-triggered flip-flop clocked by clk_i)
Endpoint: _1360_ (rising edge-triggered flip-flop clocked by clk_i)
Path Group: clk_i
Path Type: min

Fanout         Cap        Slew       Delay        Time   Description
---------------------------------------------------------------------------------------------
                                  0.000000    0.000000   clock clk_i (rise edge)
                                  0.000000    0.000000   clock source latency
     1    0.037465    0.000000    0.000000    0.000000 ^ clk_i (in)
                                                         clk_i (net)
                      0.005567    0.002783    0.002783 ^ clkbuf_0_clk_i/A (sg13g2_buf_16)
    16    0.183519    0.058569    0.078991    0.081774 ^ clkbuf_0_clk_i/X (sg13g2_buf_16)
                                                         clknet_0_clk_i (net)
                      0.062703    0.012015    0.093789 ^ clkbuf_4_15_0_clk_i/A (sg13g2_buf_8)
     2    0.038071    0.032846    0.090910    0.184699 ^ clkbuf_4_15_0_clk_i/X (sg13g2_buf_8)
                                                         clknet_4_15_0_clk_i (net)
                      0.033197    0.002504    0.187203 ^ clkbuf_5_30__f_clk_i/A (sg13g2_buf_16)
     5    0.021677    0.019998    0.066934    0.254137 ^ clkbuf_5_30__f_clk_i/X (sg13g2_buf_16)
                                                         clknet_5_30__leaf_clk_i (net)
                      0.020022    0.001302    0.255439 ^ _1394_/CLK (sg13g2_dfrbpq_1)
     2    0.009321    0.037364    0.175070    0.430509 v _1394_/Q (sg13g2_dfrbpq_1)
                                                         net33 (net)
                      0.037365    0.000247    0.430756 v _0700_/A (sg13g2_inv_1)
     2    0.008602    0.044643    0.048644    0.479400 ^ _0700_/Y (sg13g2_inv_1)
                                                         _0171_ (net)
                      0.044651    0.000474    0.479874 ^ _1141_/A1 (sg13g2_a21oi_1)
     1    0.002112    0.027998    0.054128    0.534001 v _1141_/Y (sg13g2_a21oi_1)
                                                         _0142_ (net)
                      0.027999    0.000081    0.534082 v _1360_/D (sg13g2_dfrbpq_1)
                                              0.534082   data arrival time

                                  0.000000    0.000000   clock clk_i (rise edge)
                                  0.000000    0.000000   clock source latency
     1    0.040138    0.000000    0.000000    0.000000 ^ clk_i (in)
                                                         clk_i (net)
                      0.006155    0.003077    0.003077 ^ clkbuf_0_clk_i/A (sg13g2_buf_16)
    16    0.204016    0.064014    0.082240    0.085317 ^ clkbuf_0_clk_i/X (sg13g2_buf_16)
                                                         clknet_0_clk_i (net)
                      0.068691    0.013352    0.098669 ^ clkbuf_4_14_0_clk_i/A (sg13g2_buf_8)
     2    0.043050    0.035287    0.095926    0.194595 ^ clkbuf_4_14_0_clk_i/X (sg13g2_buf_8)
                                                         clknet_4_14_0_clk_i (net)
                      0.035698    0.002455    0.197050 ^ clkbuf_5_28__f_clk_i/A (sg13g2_buf_16)
     6    0.032109    0.022455    0.069748    0.266798 ^ clkbuf_5_28__f_clk_i/X (sg13g2_buf_16)
                                                         clknet_5_28__leaf_clk_i (net)
                      0.022521    0.002128    0.268926 ^ _1360_/CLK (sg13g2_dfrbpq_1)
                                  0.100000    0.368926   clock uncertainty
                                 -0.003543    0.365383   clock reconvergence pessimism
                                 -0.036393    0.328990   library hold time
                                              0.328990   data required time
---------------------------------------------------------------------------------------------
                                              0.328990   data required time
                                             -0.534082   data arrival time
---------------------------------------------------------------------------------------------
                                              0.205092   slack (MET)


Startpoint: _1376_ (rising edge-triggered flip-flop clocked by clk_i)
Endpoint: _1376_ (rising edge-triggered flip-flop clocked by clk_i)
Path Group: clk_i
Path Type: min

Fanout         Cap        Slew       Delay        Time   Description
---------------------------------------------------------------------------------------------
                                  0.000000    0.000000   clock clk_i (rise edge)
                                  0.000000    0.000000   clock source latency
     1    0.037465    0.000000    0.000000    0.000000 ^ clk_i (in)
                                                         clk_i (net)
                      0.005567    0.002783    0.002783 ^ clkbuf_0_clk_i/A (sg13g2_buf_16)
    16    0.183519    0.058569    0.078991    0.081774 ^ clkbuf_0_clk_i/X (sg13g2_buf_16)
                                                         clknet_0_clk_i (net)
                      0.060141    0.007518    0.089293 ^ clkbuf_4_2_0_clk_i/A (sg13g2_buf_8)
     2    0.036027    0.031976    0.089381    0.178674 ^ clkbuf_4_2_0_clk_i/X (sg13g2_buf_8)
                                                         clknet_4_2_0_clk_i (net)
                      0.031987    0.000793    0.179466 ^ clkbuf_5_4__f_clk_i/A (sg13g2_buf_16)
     6    0.026136    0.020959    0.067171    0.246637 ^ clkbuf_5_4__f_clk_i/X (sg13g2_buf_16)
                                                         clknet_5_4__leaf_clk_i (net)
                      0.020998    0.001646    0.248283 ^ _1376_/CLK (sg13g2_dfrbpq_1)
     2    0.006152    0.028247    0.167929    0.416212 v _1376_/Q (sg13g2_dfrbpq_1)
                                                         u_spi.tx_shift[6] (net)
                      0.028247    0.000115    0.416326 v _1192_/A (sg13g2_nor2_1)
     1    0.003092    0.043799    0.057150    0.473477 ^ _1192_/Y (sg13g2_nor2_1)
                                                         _0506_ (net)
                      0.043800    0.000121    0.473597 ^ _1194_/C (sg13g2_nor4_1)
     1    0.002730    0.027746    0.043270    0.516867 v _1194_/Y (sg13g2_nor4_1)
                                                         _0158_ (net)
                      0.027747    0.000160    0.517026 v _1376_/D (sg13g2_dfrbpq_1)
                                              0.517026   data arrival time

                                  0.000000    0.000000   clock clk_i (rise edge)
                                  0.000000    0.000000   clock source latency
     1    0.040138    0.000000    0.000000    0.000000 ^ clk_i (in)
                                                         clk_i (net)
                      0.006155    0.003077    0.003077 ^ clkbuf_0_clk_i/A (sg13g2_buf_16)
    16    0.204016    0.064014    0.082240    0.085317 ^ clkbuf_0_clk_i/X (sg13g2_buf_16)
                                                         clknet_0_clk_i (net)
                      0.065786    0.008384    0.093702 ^ clkbuf_4_2_0_clk_i/A (sg13g2_buf_8)
     2    0.041372    0.034522    0.094130    0.187832 ^ clkbuf_4_2_0_clk_i/X (sg13g2_buf_8)
                                                         clknet_4_2_0_clk_i (net)
                      0.034555    0.000920    0.188751 ^ clkbuf_5_4__f_clk_i/A (sg13g2_buf_16)
     6    0.028821    0.021687    0.068895    0.257646 ^ clkbuf_5_4__f_clk_i/X (sg13g2_buf_16)
                                                         clknet_5_4__leaf_clk_i (net)
                      0.021733    0.001824    0.259471 ^ _1376_/CLK (sg13g2_dfrbpq_1)
                                  0.100000    0.359471   clock uncertainty
                                 -0.011188    0.348283   clock reconvergence pessimism
                                 -0.036477    0.311806   library hold time
                                              0.311806   data required time
---------------------------------------------------------------------------------------------
                                              0.311806   data required time
                                             -0.517026   data arrival time
---------------------------------------------------------------------------------------------
                                              0.205221   slack (MET)


Startpoint: _1382_ (rising edge-triggered flip-flop clocked by clk_i)
Endpoint: _1297_ (rising edge-triggered flip-flop clocked by clk_i)
Path Group: clk_i
Path Type: min

Fanout         Cap        Slew       Delay        Time   Description
---------------------------------------------------------------------------------------------
                                  0.000000    0.000000   clock clk_i (rise edge)
                                  0.000000    0.000000   clock source latency
     1    0.037465    0.000000    0.000000    0.000000 ^ clk_i (in)
                                                         clk_i (net)
                      0.005567    0.002783    0.002783 ^ clkbuf_0_clk_i/A (sg13g2_buf_16)
    16    0.183519    0.058569    0.078991    0.081774 ^ clkbuf_0_clk_i/X (sg13g2_buf_16)
                                                         clknet_0_clk_i (net)
                      0.061216    0.009638    0.091413 ^ clkbuf_4_0_0_clk_i/A (sg13g2_buf_8)
     2    0.036131    0.031955    0.089484    0.180897 ^ clkbuf_4_0_0_clk_i/X (sg13g2_buf_8)
                                                         clknet_4_0_0_clk_i (net)
                      0.032250    0.002472    0.183369 ^ clkbuf_5_1__f_clk_i/A (sg13g2_buf_16)
     6    0.023568    0.020382    0.066933    0.250301 ^ clkbuf_5_1__f_clk_i/X (sg13g2_buf_16)
                                                         clknet_5_1__leaf_clk_i (net)
                      0.020391    0.000829    0.251131 ^ _1382_/CLK (sg13g2_dfrbpq_1)
     3    0.011033    0.042327    0.179207    0.430338 v _1382_/Q (sg13g2_dfrbpq_1)
                                                         spi_rx[4] (net)
                      0.042335    0.000576    0.430914 v _0987_/A (sg13g2_nor2_1)
     1    0.002627    0.041913    0.058795    0.489709 ^ _0987_/Y (sg13g2_nor2_1)
                                                         _0379_ (net)
                      0.041913    0.000104    0.489813 ^ _0989_/C (sg13g2_nor3_1)
     1    0.001789    0.019859    0.032876    0.522688 v _0989_/Y (sg13g2_nor3_1)
                                                         _0079_ (net)
                      0.019859    0.000068    0.522756 v _1297_/D (sg13g2_dfrbpq_1)
                                              0.522756   data arrival time

                                  0.000000    0.000000   clock clk_i (rise edge)
                                  0.000000    0.000000   clock source latency
     1    0.040138    0.000000    0.000000    0.000000 ^ clk_i (in)
                                                         clk_i (net)
                      0.006155    0.003077    0.003077 ^ clkbuf_0_clk_i/A (sg13g2_buf_16)
    16    0.204016    0.064014    0.082240    0.085317 ^ clkbuf_0_clk_i/X (sg13g2_buf_16)
                                                         clknet_0_clk_i (net)
                      0.067028    0.010771    0.096088 ^ clkbuf_4_0_0_clk_i/A (sg13g2_buf_8)
     2    0.041477    0.034567    0.094194    0.190282 ^ clkbuf_4_0_0_clk_i/X (sg13g2_buf_8)
                                                         clknet_4_0_0_clk_i (net)
                      0.034991    0.002851    0.193133 ^ clkbuf_5_1__f_clk_i/A (sg13g2_buf_16)
     6    0.026494    0.021176    0.068814    0.261947 ^ clkbuf_5_1__f_clk_i/X (sg13g2_buf_16)
                                                         clknet_5_1__leaf_clk_i (net)
                      0.021187    0.000957    0.262904 ^ _1297_/CLK (sg13g2_dfrbpq_1)
                                  0.100000    0.362904   clock uncertainty
                                 -0.011646    0.351258   clock reconvergence pessimism
                                 -0.034092    0.317167   library hold time
                                              0.317167   data required time
---------------------------------------------------------------------------------------------
                                              0.317167   data required time
                                             -0.522756   data arrival time
---------------------------------------------------------------------------------------------
                                              0.205590   slack (MET)


Startpoint: _1375_ (rising edge-triggered flip-flop clocked by clk_i)
Endpoint: _1375_ (rising edge-triggered flip-flop clocked by clk_i)
Path Group: clk_i
Path Type: min

Fanout         Cap        Slew       Delay        Time   Description
---------------------------------------------------------------------------------------------
                                  0.000000    0.000000   clock clk_i (rise edge)
                                  0.000000    0.000000   clock source latency
     1    0.037465    0.000000    0.000000    0.000000 ^ clk_i (in)
                                                         clk_i (net)
                      0.005567    0.002783    0.002783 ^ clkbuf_0_clk_i/A (sg13g2_buf_16)
    16    0.183519    0.058569    0.078991    0.081774 ^ clkbuf_0_clk_i/X (sg13g2_buf_16)
                                                         clknet_0_clk_i (net)
                      0.060141    0.007518    0.089293 ^ clkbuf_4_2_0_clk_i/A (sg13g2_buf_8)
     2    0.036027    0.031976    0.089381    0.178674 ^ clkbuf_4_2_0_clk_i/X (sg13g2_buf_8)
                                                         clknet_4_2_0_clk_i (net)
                      0.031987    0.000793    0.179466 ^ clkbuf_5_4__f_clk_i/A (sg13g2_buf_16)
     6    0.026136    0.020959    0.067171    0.246637 ^ clkbuf_5_4__f_clk_i/X (sg13g2_buf_16)
                                                         clknet_5_4__leaf_clk_i (net)
                      0.020980    0.001233    0.247871 ^ _1375_/CLK (sg13g2_dfrbpq_1)
     2    0.006876    0.030269    0.169579    0.417450 v _1375_/Q (sg13g2_dfrbpq_1)
                                                         u_spi.tx_shift[5] (net)
                      0.030269    0.000198    0.417648 v _1189_/A (sg13g2_nor2_1)
     1    0.002906    0.042635    0.056659    0.474307 ^ _1189_/Y (sg13g2_nor2_1)
                                                         _0504_ (net)
                      0.042635    0.000217    0.474524 ^ _1191_/C (sg13g2_nor4_1)
     1    0.002660    0.027330    0.042624    0.517148 v _1191_/Y (sg13g2_nor4_1)
                                                         _0157_ (net)
                      0.027330    0.000162    0.517310 v _1375_/D (sg13g2_dfrbpq_1)
                                              0.517310   data arrival time

                                  0.000000    0.000000   clock clk_i (rise edge)
                                  0.000000    0.000000   clock source latency
     1    0.040138    0.000000    0.000000    0.000000 ^ clk_i (in)
                                                         clk_i (net)
                      0.006155    0.003077    0.003077 ^ clkbuf_0_clk_i/A (sg13g2_buf_16)
    16    0.204016    0.064014    0.082240    0.085317 ^ clkbuf_0_clk_i/X (sg13g2_buf_16)
                                                         clknet_0_clk_i (net)
                      0.065786    0.008384    0.093702 ^ clkbuf_4_2_0_clk_i/A (sg13g2_buf_8)
     2    0.041372    0.034522    0.094130    0.187832 ^ clkbuf_4_2_0_clk_i/X (sg13g2_buf_8)
                                                         clknet_4_2_0_clk_i (net)
                      0.034555    0.000920    0.188751 ^ clkbuf_5_4__f_clk_i/A (sg13g2_buf_16)
     6    0.028821    0.021687    0.068895    0.257646 ^ clkbuf_5_4__f_clk_i/X (sg13g2_buf_16)
                                                         clknet_5_4__leaf_clk_i (net)
                      0.021712    0.001367    0.259013 ^ _1375_/CLK (sg13g2_dfrbpq_1)
                                  0.100000    0.359013   clock uncertainty
                                 -0.011143    0.347871   clock reconvergence pessimism
                                 -0.036350    0.311521   library hold time
                                              0.311521   data required time
---------------------------------------------------------------------------------------------
                                              0.311521   data required time
                                             -0.517310   data arrival time
---------------------------------------------------------------------------------------------
                                              0.205790   slack (MET)


Startpoint: _1307_ (rising edge-triggered flip-flop clocked by clk_i)
Endpoint: _1315_ (rising edge-triggered flip-flop clocked by clk_i)
Path Group: clk_i
Path Type: min

Fanout         Cap        Slew       Delay        Time   Description
---------------------------------------------------------------------------------------------
                                  0.000000    0.000000   clock clk_i (rise edge)
                                  0.000000    0.000000   clock source latency
     1    0.037465    0.000000    0.000000    0.000000 ^ clk_i (in)
                                                         clk_i (net)
                      0.005567    0.002783    0.002783 ^ clkbuf_0_clk_i/A (sg13g2_buf_16)
    16    0.183519    0.058569    0.078991    0.081774 ^ clkbuf_0_clk_i/X (sg13g2_buf_16)
                                                         clknet_0_clk_i (net)
                      0.061226    0.009656    0.091431 ^ clkbuf_4_1_0_clk_i/A (sg13g2_buf_8)
     2    0.035302    0.031677    0.089472    0.180903 ^ clkbuf_4_1_0_clk_i/X (sg13g2_buf_8)
                                                         clknet_4_1_0_clk_i (net)
                      0.031733    0.001255    0.182159 ^ clkbuf_5_2__f_clk_i/A (sg13g2_buf_16)
     6    0.025575    0.020820    0.066962    0.249120 ^ clkbuf_5_2__f_clk_i/X (sg13g2_buf_16)
                                                         clknet_5_2__leaf_clk_i (net)
                      0.020848    0.001432    0.250553 ^ _1307_/CLK (sg13g2_dfrbpq_1)
     3    0.009423    0.037665    0.175704    0.426257 v _1307_/Q (sg13g2_dfrbpq_1)
                                                         u_boot_ctrl.word_asm[14] (net)
                      0.037666    0.000254    0.426511 v _1041_/A (sg13g2_nor2_1)
     1    0.003009    0.044217    0.059606    0.486117 ^ _1041_/Y (sg13g2_nor2_1)
                                                         _0415_ (net)
                      0.044217    0.000118    0.486235 ^ _1043_/C (sg13g2_nor3_1)
     1    0.002269    0.021548    0.034809    0.521044 v _1043_/Y (sg13g2_nor3_1)
                                                         _0097_ (net)
                      0.021548    0.000084    0.521129 v _1315_/D (sg13g2_dfrbpq_1)
                                              0.521129   data arrival time

                                  0.000000    0.000000   clock clk_i (rise edge)
                                  0.000000    0.000000   clock source latency
     1    0.040138    0.000000    0.000000    0.000000 ^ clk_i (in)
                                                         clk_i (net)
                      0.006155    0.003077    0.003077 ^ clkbuf_0_clk_i/A (sg13g2_buf_16)
    16    0.204016    0.064014    0.082240    0.085317 ^ clkbuf_0_clk_i/X (sg13g2_buf_16)
                                                         clknet_0_clk_i (net)
                      0.067040    0.010791    0.096108 ^ clkbuf_4_1_0_clk_i/A (sg13g2_buf_8)
     2    0.040647    0.034204    0.094262    0.190370 ^ clkbuf_4_1_0_clk_i/X (sg13g2_buf_8)
                                                         clknet_4_1_0_clk_i (net)
                      0.034383    0.001451    0.191821 ^ clkbuf_5_2__f_clk_i/A (sg13g2_buf_16)
     6    0.028260    0.021553    0.068731    0.260552 ^ clkbuf_5_2__f_clk_i/X (sg13g2_buf_16)
                                                         clknet_5_2__leaf_clk_i (net)
                      0.021559    0.000674    0.261226 ^ _1315_/CLK (sg13g2_dfrbpq_1)
                                  0.100000    0.361226   clock uncertainty
                                 -0.011432    0.349794   clock reconvergence pessimism
                                 -0.034549    0.315245   library hold time
                                              0.315245   data required time
---------------------------------------------------------------------------------------------
                                              0.315245   data required time
                                             -0.521129   data arrival time
---------------------------------------------------------------------------------------------
                                              0.205884   slack (MET)


Startpoint: _1306_ (rising edge-triggered flip-flop clocked by clk_i)
Endpoint: _1306_ (rising edge-triggered flip-flop clocked by clk_i)
Path Group: clk_i
Path Type: min

Fanout         Cap        Slew       Delay        Time   Description
---------------------------------------------------------------------------------------------
                                  0.000000    0.000000   clock clk_i (rise edge)
                                  0.000000    0.000000   clock source latency
     1    0.037465    0.000000    0.000000    0.000000 ^ clk_i (in)
                                                         clk_i (net)
                      0.005567    0.002783    0.002783 ^ clkbuf_0_clk_i/A (sg13g2_buf_16)
    16    0.183519    0.058569    0.078991    0.081774 ^ clkbuf_0_clk_i/X (sg13g2_buf_16)
                                                         clknet_0_clk_i (net)
                      0.061216    0.009638    0.091413 ^ clkbuf_4_0_0_clk_i/A (sg13g2_buf_8)
     2    0.036131    0.031955    0.089484    0.180897 ^ clkbuf_4_0_0_clk_i/X (sg13g2_buf_8)
                                                         clknet_4_0_0_clk_i (net)
                      0.032223    0.002334    0.183230 ^ clkbuf_5_0__f_clk_i/A (sg13g2_buf_16)
     6    0.029921    0.021824    0.067982    0.251212 ^ clkbuf_5_0__f_clk_i/X (sg13g2_buf_16)
                                                         clknet_5_0__leaf_clk_i (net)
                      0.021850    0.001418    0.252630 ^ _1306_/CLK (sg13g2_dfrbpq_1)
     3    0.011682    0.044240    0.181466    0.434096 v _1306_/Q (sg13g2_dfrbpq_1)
                                                         u_boot_ctrl.word_asm[13] (net)
                      0.044258    0.000834    0.434930 v _1015_/B1 (sg13g2_a21oi_1)
     1    0.004101    0.043073    0.050469    0.485399 ^ _1015_/Y (sg13g2_a21oi_1)
                                                         _0398_ (net)
                      0.043073    0.000282    0.485680 ^ _1016_/A (sg13g2_nor3_1)
     1    0.001623    0.019519    0.039134    0.524815 v _1016_/Y (sg13g2_nor3_1)
                                                         _0088_ (net)
                      0.019519    0.000120    0.524935 v _1306_/D (sg13g2_dfrbpq_1)
                                              0.524935   data arrival time

                                  0.000000    0.000000   clock clk_i (rise edge)
                                  0.000000    0.000000   clock source latency
     1    0.040138    0.000000    0.000000    0.000000 ^ clk_i (in)
                                                         clk_i (net)
                      0.006155    0.003077    0.003077 ^ clkbuf_0_clk_i/A (sg13g2_buf_16)
    16    0.204016    0.064014    0.082240    0.085317 ^ clkbuf_0_clk_i/X (sg13g2_buf_16)
                                                         clknet_0_clk_i (net)
                      0.067028    0.010771    0.096088 ^ clkbuf_4_0_0_clk_i/A (sg13g2_buf_8)
     2    0.041477    0.034567    0.094194    0.190282 ^ clkbuf_4_0_0_clk_i/X (sg13g2_buf_8)
                                                         clknet_4_0_0_clk_i (net)
                      0.034954    0.002693    0.192975 ^ clkbuf_5_0__f_clk_i/A (sg13g2_buf_16)
     6    0.032606    0.022552    0.069784    0.262758 ^ clkbuf_5_0__f_clk_i/X (sg13g2_buf_16)
                                                         clknet_5_0__leaf_clk_i (net)
                      0.022582    0.001553    0.264311 ^ _1306_/CLK (sg13g2_dfrbpq_1)
                                  0.100000    0.364311   clock uncertainty
                                 -0.011682    0.352630   clock reconvergence pessimism
                                 -0.033693    0.318937   library hold time
                                              0.318937   data required time
---------------------------------------------------------------------------------------------
                                              0.318937   data required time
                                             -0.524935   data arrival time
---------------------------------------------------------------------------------------------
                                              0.205998   slack (MET)


Startpoint: _1294_ (rising edge-triggered flip-flop clocked by clk_i)
Endpoint: _1294_ (rising edge-triggered flip-flop clocked by clk_i)
Path Group: clk_i
Path Type: min

Fanout         Cap        Slew       Delay        Time   Description
---------------------------------------------------------------------------------------------
                                  0.000000    0.000000   clock clk_i (rise edge)
                                  0.000000    0.000000   clock source latency
     1    0.037465    0.000000    0.000000    0.000000 ^ clk_i (in)
                                                         clk_i (net)
                      0.005567    0.002783    0.002783 ^ clkbuf_0_clk_i/A (sg13g2_buf_16)
    16    0.183519    0.058569    0.078991    0.081774 ^ clkbuf_0_clk_i/X (sg13g2_buf_16)
                                                         clknet_0_clk_i (net)
                      0.059829    0.006783    0.088558 ^ clkbuf_4_6_0_clk_i/A (sg13g2_buf_8)
     2    0.037847    0.032574    0.089261    0.177818 ^ clkbuf_4_6_0_clk_i/X (sg13g2_buf_8)
                                                         clknet_4_6_0_clk_i (net)
                      0.033067    0.002976    0.180794 ^ clkbuf_5_13__f_clk_i/A (sg13g2_buf_16)
     6    0.027488    0.021320    0.067856    0.248651 ^ clkbuf_5_13__f_clk_i/X (sg13g2_buf_16)
                                                         clknet_5_13__leaf_clk_i (net)
                      0.021406    0.002273    0.250924 ^ _1294_/CLK (sg13g2_dfrbpq_1)
     3    0.013226    0.048821    0.184849    0.435773 v _1294_/Q (sg13g2_dfrbpq_1)
                                                         u_boot_ctrl.word_asm[1] (net)
                      0.048831    0.000670    0.436444 v _0979_/B1 (sg13g2_a21oi_1)
     1    0.003272    0.039533    0.048063    0.484506 ^ _0979_/Y (sg13g2_a21oi_1)
                                                         _0374_ (net)
                      0.039533    0.000247    0.484753 ^ _0980_/A (sg13g2_nor3_1)
     1    0.001953    0.021320    0.038513    0.523266 v _0980_/Y (sg13g2_nor3_1)
                                                         _0076_ (net)
                      0.021320    0.000073    0.523340 v _1294_/D (sg13g2_dfrbpq_1)
                                              0.523340   data arrival time

                                  0.000000    0.000000   clock clk_i (rise edge)
                                  0.000000    0.000000   clock source latency
     1    0.040138    0.000000    0.000000    0.000000 ^ clk_i (in)
                                                         clk_i (net)
                      0.006155    0.003077    0.003077 ^ clkbuf_0_clk_i/A (sg13g2_buf_16)
    16    0.204016    0.064014    0.082240    0.085317 ^ clkbuf_0_clk_i/X (sg13g2_buf_16)
                                                         clknet_0_clk_i (net)
                      0.065430    0.007564    0.092881 ^ clkbuf_4_6_0_clk_i/A (sg13g2_buf_8)
     2    0.043193    0.035257    0.093823    0.186704 ^ clkbuf_4_6_0_clk_i/X (sg13g2_buf_8)
                                                         clknet_4_6_0_clk_i (net)
                      0.035847    0.003412    0.190117 ^ clkbuf_5_13__f_clk_i/A (sg13g2_buf_16)
     6    0.030415    0.022106    0.069714    0.259830 ^ clkbuf_5_13__f_clk_i/X (sg13g2_buf_16)
                                                         clknet_5_13__leaf_clk_i (net)
                      0.022209    0.002499    0.262329 ^ _1294_/CLK (sg13g2_dfrbpq_1)
                                  0.100000    0.362329   clock uncertainty
                                 -0.011405    0.350924   clock reconvergence pessimism
                                 -0.034341    0.316583   library hold time
                                              0.316583   data required time
---------------------------------------------------------------------------------------------
                                              0.316583   data required time
                                             -0.523340   data arrival time
---------------------------------------------------------------------------------------------
                                              0.206757   slack (MET)


Startpoint: _1374_ (rising edge-triggered flip-flop clocked by clk_i)
Endpoint: _1374_ (rising edge-triggered flip-flop clocked by clk_i)
Path Group: clk_i
Path Type: min

Fanout         Cap        Slew       Delay        Time   Description
---------------------------------------------------------------------------------------------
                                  0.000000    0.000000   clock clk_i (rise edge)
                                  0.000000    0.000000   clock source latency
     1    0.037465    0.000000    0.000000    0.000000 ^ clk_i (in)
                                                         clk_i (net)
                      0.005567    0.002783    0.002783 ^ clkbuf_0_clk_i/A (sg13g2_buf_16)
    16    0.183519    0.058569    0.078991    0.081774 ^ clkbuf_0_clk_i/X (sg13g2_buf_16)
                                                         clknet_0_clk_i (net)
                      0.060141    0.007518    0.089293 ^ clkbuf_4_2_0_clk_i/A (sg13g2_buf_8)
     2    0.036027    0.031976    0.089381    0.178674 ^ clkbuf_4_2_0_clk_i/X (sg13g2_buf_8)
                                                         clknet_4_2_0_clk_i (net)
                      0.031987    0.000793    0.179466 ^ clkbuf_5_4__f_clk_i/A (sg13g2_buf_16)
     6    0.026136    0.020959    0.067171    0.246637 ^ clkbuf_5_4__f_clk_i/X (sg13g2_buf_16)
                                                         clknet_5_4__leaf_clk_i (net)
                      0.020981    0.001253    0.247890 ^ _1374_/CLK (sg13g2_dfrbpq_1)
     2    0.007140    0.031022    0.170120    0.418011 v _1374_/Q (sg13g2_dfrbpq_1)
                                                         u_spi.tx_shift[4] (net)
                      0.031052    0.000482    0.418493 v _1186_/A (sg13g2_nor2_1)
     1    0.003196    0.044872    0.058601    0.477094 ^ _1186_/Y (sg13g2_nor2_1)
                                                         _0502_ (net)
                      0.044872    0.000237    0.477331 ^ _1188_/C (sg13g2_nor4_1)
     1    0.002124    0.026304    0.042156    0.519487 v _1188_/Y (sg13g2_nor4_1)
                                                         _0156_ (net)
                      0.026304    0.000139    0.519626 v _1374_/D (sg13g2_dfrbpq_1)
                                              0.519626   data arrival time

                                  0.000000    0.000000   clock clk_i (rise edge)
                                  0.000000    0.000000   clock source latency
     1    0.040138    0.000000    0.000000    0.000000 ^ clk_i (in)
                                                         clk_i (net)
                      0.006155    0.003077    0.003077 ^ clkbuf_0_clk_i/A (sg13g2_buf_16)
    16    0.204016    0.064014    0.082240    0.085317 ^ clkbuf_0_clk_i/X (sg13g2_buf_16)
                                                         clknet_0_clk_i (net)
                      0.065786    0.008384    0.093702 ^ clkbuf_4_2_0_clk_i/A (sg13g2_buf_8)
     2    0.041372    0.034522    0.094130    0.187832 ^ clkbuf_4_2_0_clk_i/X (sg13g2_buf_8)
                                                         clknet_4_2_0_clk_i (net)
                      0.034555    0.000920    0.188751 ^ clkbuf_5_4__f_clk_i/A (sg13g2_buf_16)
     6    0.028821    0.021687    0.068895    0.257646 ^ clkbuf_5_4__f_clk_i/X (sg13g2_buf_16)
                                                         clknet_5_4__leaf_clk_i (net)
                      0.021712    0.001387    0.259034 ^ _1374_/CLK (sg13g2_dfrbpq_1)
                                  0.100000    0.359034   clock uncertainty
                                 -0.011143    0.347890   clock reconvergence pessimism
                                 -0.036024    0.311866   library hold time
                                              0.311866   data required time
---------------------------------------------------------------------------------------------
                                              0.311866   data required time
                                             -0.519626   data arrival time
---------------------------------------------------------------------------------------------
                                              0.207760   slack (MET)


Startpoint: _1373_ (rising edge-triggered flip-flop clocked by clk_i)
Endpoint: _1373_ (rising edge-triggered flip-flop clocked by clk_i)
Path Group: clk_i
Path Type: min

Fanout         Cap        Slew       Delay        Time   Description
---------------------------------------------------------------------------------------------
                                  0.000000    0.000000   clock clk_i (rise edge)
                                  0.000000    0.000000   clock source latency
     1    0.037465    0.000000    0.000000    0.000000 ^ clk_i (in)
                                                         clk_i (net)
                      0.005567    0.002783    0.002783 ^ clkbuf_0_clk_i/A (sg13g2_buf_16)
    16    0.183519    0.058569    0.078991    0.081774 ^ clkbuf_0_clk_i/X (sg13g2_buf_16)
                                                         clknet_0_clk_i (net)
                      0.059897    0.006950    0.088724 ^ clkbuf_4_3_0_clk_i/A (sg13g2_buf_8)
     2    0.038003    0.032631    0.089294    0.178018 ^ clkbuf_4_3_0_clk_i/X (sg13g2_buf_8)
                                                         clknet_4_3_0_clk_i (net)
                      0.033133    0.002969    0.180987 ^ clkbuf_5_6__f_clk_i/A (sg13g2_buf_16)
     5    0.024413    0.020623    0.067375    0.248362 ^ clkbuf_5_6__f_clk_i/X (sg13g2_buf_16)
                                                         clknet_5_6__leaf_clk_i (net)
                      0.020669    0.001747    0.250109 ^ _1373_/CLK (sg13g2_dfrbpq_1)
     2    0.007800    0.032926    0.171616    0.421726 v _1373_/Q (sg13g2_dfrbpq_1)
                                                         u_spi.tx_shift[3] (net)
                      0.032932    0.000450    0.422176 v _1183_/A (sg13g2_nor2_1)
     1    0.003158    0.044803    0.059002    0.481178 ^ _1183_/Y (sg13g2_nor2_1)
                                                         _0500_ (net)
                      0.044804    0.000124    0.481302 ^ _1185_/C (sg13g2_nor4_1)
     1    0.001926    0.025748    0.041633    0.522934 v _1185_/Y (sg13g2_nor4_1)
                                                         _0155_ (net)
                      0.025748    0.000071    0.523006 v _1373_/D (sg13g2_dfrbpq_1)
                                              0.523006   data arrival time

                                  0.000000    0.000000   clock clk_i (rise edge)
                                  0.000000    0.000000   clock source latency
     1    0.040138    0.000000    0.000000    0.000000 ^ clk_i (in)
                                                         clk_i (net)
                      0.006155    0.003077    0.003077 ^ clkbuf_0_clk_i/A (sg13g2_buf_16)
    16    0.204016    0.064014    0.082240    0.085317 ^ clkbuf_0_clk_i/X (sg13g2_buf_16)
                                                         clknet_0_clk_i (net)
                      0.065508    0.007752    0.093070 ^ clkbuf_4_3_0_clk_i/A (sg13g2_buf_8)
     2    0.043348    0.035319    0.093848    0.186918 ^ clkbuf_4_3_0_clk_i/X (sg13g2_buf_8)
                                                         clknet_4_3_0_clk_i (net)
                      0.035915    0.003406    0.190324 ^ clkbuf_5_6__f_clk_i/A (sg13g2_buf_16)
     5    0.026650    0.021263    0.069118    0.259442 ^ clkbuf_5_6__f_clk_i/X (sg13g2_buf_16)
                                                         clknet_5_6__leaf_clk_i (net)
                      0.021317    0.001919    0.261360 ^ _1373_/CLK (sg13g2_dfrbpq_1)
                                  0.100000    0.361360   clock uncertainty
                                 -0.011251    0.350109   clock reconvergence pessimism
                                 -0.035931    0.314179   library hold time
                                              0.314179   data required time
---------------------------------------------------------------------------------------------
                                              0.314179   data required time
                                             -0.523006   data arrival time
---------------------------------------------------------------------------------------------
                                              0.208827   slack (MET)


Startpoint: _1384_ (rising edge-triggered flip-flop clocked by clk_i)
Endpoint: _1384_ (rising edge-triggered flip-flop clocked by clk_i)
Path Group: clk_i
Path Type: min

Fanout         Cap        Slew       Delay        Time   Description
---------------------------------------------------------------------------------------------
                                  0.000000    0.000000   clock clk_i (rise edge)
                                  0.000000    0.000000   clock source latency
     1    0.037465    0.000000    0.000000    0.000000 ^ clk_i (in)
                                                         clk_i (net)
                      0.005567    0.002783    0.002783 ^ clkbuf_0_clk_i/A (sg13g2_buf_16)
    16    0.183519    0.058569    0.078991    0.081774 ^ clkbuf_0_clk_i/X (sg13g2_buf_16)
                                                         clknet_0_clk_i (net)
                      0.061216    0.009638    0.091413 ^ clkbuf_4_0_0_clk_i/A (sg13g2_buf_8)
     2    0.036131    0.031955    0.089484    0.180897 ^ clkbuf_4_0_0_clk_i/X (sg13g2_buf_8)
                                                         clknet_4_0_0_clk_i (net)
                      0.032223    0.002334    0.183230 ^ clkbuf_5_0__f_clk_i/A (sg13g2_buf_16)
     6    0.029921    0.021824    0.067982    0.251212 ^ clkbuf_5_0__f_clk_i/X (sg13g2_buf_16)
                                                         clknet_5_0__leaf_clk_i (net)
                      0.021857    0.001592    0.252804 ^ _1384_/CLK (sg13g2_dfrbpq_1)
     3    0.009080    0.036617    0.175274    0.428078 v _1384_/Q (sg13g2_dfrbpq_1)
                                                         spi_rx[6] (net)
                      0.036624    0.000497    0.428575 v _1218_/A (sg13g2_nor2_1)
     1    0.003539    0.048030    0.062408    0.490983 ^ _1218_/Y (sg13g2_nor2_1)
                                                         _0524_ (net)
                      0.048030    0.000137    0.491120 ^ _1219_/C (sg13g2_nor3_1)
     1    0.002223    0.022183    0.035893    0.527013 v _1219_/Y (sg13g2_nor3_1)
                                                         _0166_ (net)
                      0.022183    0.000152    0.527165 v _1384_/D (sg13g2_dfrbpq_1)
                                              0.527165   data arrival time

                                  0.000000    0.000000   clock clk_i (rise edge)
                                  0.000000    0.000000   clock source latency
     1    0.040138    0.000000    0.000000    0.000000 ^ clk_i (in)
                                                         clk_i (net)
                      0.006155    0.003077    0.003077 ^ clkbuf_0_clk_i/A (sg13g2_buf_16)
    16    0.204016    0.064014    0.082240    0.085317 ^ clkbuf_0_clk_i/X (sg13g2_buf_16)
                                                         clknet_0_clk_i (net)
                      0.067028    0.010771    0.096088 ^ clkbuf_4_0_0_clk_i/A (sg13g2_buf_8)
     2    0.041477    0.034567    0.094194    0.190282 ^ clkbuf_4_0_0_clk_i/X (sg13g2_buf_8)
                                                         clknet_4_0_0_clk_i (net)
                      0.034954    0.002693    0.192975 ^ clkbuf_5_0__f_clk_i/A (sg13g2_buf_16)
     6    0.032606    0.022552    0.069784    0.262758 ^ clkbuf_5_0__f_clk_i/X (sg13g2_buf_16)
                                                         clknet_5_0__leaf_clk_i (net)
                      0.022591    0.001739    0.264497 ^ _1384_/CLK (sg13g2_dfrbpq_1)
                                  0.100000    0.364497   clock uncertainty
                                 -0.011693    0.352804   clock reconvergence pessimism
                                 -0.034535    0.318269   library hold time
                                              0.318269   data required time
---------------------------------------------------------------------------------------------
                                              0.318269   data required time
                                             -0.527165   data arrival time
---------------------------------------------------------------------------------------------
                                              0.208896   slack (MET)


Startpoint: _1300_ (rising edge-triggered flip-flop clocked by clk_i)
Endpoint: _1300_ (rising edge-triggered flip-flop clocked by clk_i)
Path Group: clk_i
Path Type: min

Fanout         Cap        Slew       Delay        Time   Description
---------------------------------------------------------------------------------------------
                                  0.000000    0.000000   clock clk_i (rise edge)
                                  0.000000    0.000000   clock source latency
     1    0.037465    0.000000    0.000000    0.000000 ^ clk_i (in)
                                                         clk_i (net)
                      0.005567    0.002783    0.002783 ^ clkbuf_0_clk_i/A (sg13g2_buf_16)
    16    0.183519    0.058569    0.078991    0.081774 ^ clkbuf_0_clk_i/X (sg13g2_buf_16)
                                                         clknet_0_clk_i (net)
                      0.061226    0.009656    0.091431 ^ clkbuf_4_1_0_clk_i/A (sg13g2_buf_8)
     2    0.035302    0.031677    0.089472    0.180903 ^ clkbuf_4_1_0_clk_i/X (sg13g2_buf_8)
                                                         clknet_4_1_0_clk_i (net)
                      0.031812    0.001930    0.182834 ^ clkbuf_5_3__f_clk_i/A (sg13g2_buf_16)
     6    0.025526    0.020809    0.067043    0.249877 ^ clkbuf_5_3__f_clk_i/X (sg13g2_buf_16)
                                                         clknet_5_3__leaf_clk_i (net)
                      0.020824    0.001070    0.250947 ^ _1300_/CLK (sg13g2_dfrbpq_1)
     3    0.012494    0.046770    0.182952    0.433899 v _1300_/Q (sg13g2_dfrbpq_1)
                                                         u_boot_ctrl.word_asm[7] (net)
                      0.046780    0.000656    0.434555 v _0997_/B1 (sg13g2_a21oi_1)
     1    0.004224    0.044227    0.051836    0.486391 ^ _0997_/Y (sg13g2_a21oi_1)
                                                         _0386_ (net)
                      0.044227    0.000285    0.486676 ^ _0998_/A (sg13g2_nor3_1)
     1    0.001638    0.019820    0.039646    0.526322 v _0998_/Y (sg13g2_nor3_1)
                                                         _0082_ (net)
                      0.019820    0.000063    0.526385 v _1300_/D (sg13g2_dfrbpq_1)
                                              0.526385   data arrival time

                                  0.000000    0.000000   clock clk_i (rise edge)
                                  0.000000    0.000000   clock source latency
     1    0.040138    0.000000    0.000000    0.000000 ^ clk_i (in)
                                                         clk_i (net)
                      0.006155    0.003077    0.003077 ^ clkbuf_0_clk_i/A (sg13g2_buf_16)
    16    0.204016    0.064014    0.082240    0.085317 ^ clkbuf_0_clk_i/X (sg13g2_buf_16)
                                                         clknet_0_clk_i (net)
                      0.067040    0.010791    0.096108 ^ clkbuf_4_1_0_clk_i/A (sg13g2_buf_8)
     2    0.040647    0.034204    0.094262    0.190370 ^ clkbuf_4_1_0_clk_i/X (sg13g2_buf_8)
                                                         clknet_4_1_0_clk_i (net)
                      0.034502    0.002230    0.192601 ^ clkbuf_5_3__f_clk_i/A (sg13g2_buf_16)
     6    0.028452    0.021599    0.068884    0.261485 ^ clkbuf_5_3__f_clk_i/X (sg13g2_buf_16)
                                                         clknet_5_3__leaf_clk_i (net)
                      0.021617    0.001201    0.262686 ^ _1300_/CLK (sg13g2_dfrbpq_1)
                                  0.100000    0.362686   clock uncertainty
                                 -0.011739    0.350947   clock reconvergence pessimism
                                 -0.033990    0.316957   library hold time
                                              0.316957   data required time
---------------------------------------------------------------------------------------------
                                              0.316957   data required time
                                             -0.526385   data arrival time
---------------------------------------------------------------------------------------------
                                              0.209428   slack (MET)


Startpoint: _1382_ (rising edge-triggered flip-flop clocked by clk_i)
Endpoint: _1382_ (rising edge-triggered flip-flop clocked by clk_i)
Path Group: clk_i
Path Type: min

Fanout         Cap        Slew       Delay        Time   Description
---------------------------------------------------------------------------------------------
                                  0.000000    0.000000   clock clk_i (rise edge)
                                  0.000000    0.000000   clock source latency
     1    0.037465    0.000000    0.000000    0.000000 ^ clk_i (in)
                                                         clk_i (net)
                      0.005567    0.002783    0.002783 ^ clkbuf_0_clk_i/A (sg13g2_buf_16)
    16    0.183519    0.058569    0.078991    0.081774 ^ clkbuf_0_clk_i/X (sg13g2_buf_16)
                                                         clknet_0_clk_i (net)
                      0.061216    0.009638    0.091413 ^ clkbuf_4_0_0_clk_i/A (sg13g2_buf_8)
     2    0.036131    0.031955    0.089484    0.180897 ^ clkbuf_4_0_0_clk_i/X (sg13g2_buf_8)
                                                         clknet_4_0_0_clk_i (net)
                      0.032250    0.002472    0.183369 ^ clkbuf_5_1__f_clk_i/A (sg13g2_buf_16)
     6    0.023568    0.020382    0.066933    0.250301 ^ clkbuf_5_1__f_clk_i/X (sg13g2_buf_16)
                                                         clknet_5_1__leaf_clk_i (net)
                      0.020391    0.000829    0.251131 ^ _1382_/CLK (sg13g2_dfrbpq_1)
     3    0.011033    0.042327    0.179207    0.430338 v _1382_/Q (sg13g2_dfrbpq_1)
                                                         spi_rx[4] (net)
                      0.042339    0.000677    0.431015 v _1212_/A (sg13g2_nor2_1)
     1    0.002964    0.044391    0.060771    0.491786 ^ _1212_/Y (sg13g2_nor2_1)
                                                         _0520_ (net)
                      0.044391    0.000214    0.492000 ^ _1213_/C (sg13g2_nor3_1)
     1    0.002097    0.021141    0.034427    0.526427 v _1213_/Y (sg13g2_nor3_1)
                                                         _0164_ (net)
                      0.021141    0.000079    0.526506 v _1382_/D (sg13g2_dfrbpq_1)
                                              0.526506   data arrival time

                                  0.000000    0.000000   clock clk_i (rise edge)
                                  0.000000    0.000000   clock source latency
     1    0.040138    0.000000    0.000000    0.000000 ^ clk_i (in)
                                                         clk_i (net)
                      0.006155    0.003077    0.003077 ^ clkbuf_0_clk_i/A (sg13g2_buf_16)
    16    0.204016    0.064014    0.082240    0.085317 ^ clkbuf_0_clk_i/X (sg13g2_buf_16)
                                                         clknet_0_clk_i (net)
                      0.067028    0.010771    0.096088 ^ clkbuf_4_0_0_clk_i/A (sg13g2_buf_8)
     2    0.041477    0.034567    0.094194    0.190282 ^ clkbuf_4_0_0_clk_i/X (sg13g2_buf_8)
                                                         clknet_4_0_0_clk_i (net)
                      0.034991    0.002851    0.193133 ^ clkbuf_5_1__f_clk_i/A (sg13g2_buf_16)
     6    0.026494    0.021176    0.068814    0.261947 ^ clkbuf_5_1__f_clk_i/X (sg13g2_buf_16)
                                                         clknet_5_1__leaf_clk_i (net)
                      0.021186    0.000927    0.262874 ^ _1382_/CLK (sg13g2_dfrbpq_1)
                                  0.100000    0.362874   clock uncertainty
                                 -0.011744    0.351131   clock reconvergence pessimism
                                 -0.034498    0.316632   library hold time
                                              0.316632   data required time
---------------------------------------------------------------------------------------------
                                              0.316632   data required time
                                             -0.526506   data arrival time
---------------------------------------------------------------------------------------------
                                              0.209874   slack (MET)


Startpoint: _1294_ (rising edge-triggered flip-flop clocked by clk_i)
Endpoint: _1302_ (rising edge-triggered flip-flop clocked by clk_i)
Path Group: clk_i
Path Type: min

Fanout         Cap        Slew       Delay        Time   Description
---------------------------------------------------------------------------------------------
                                  0.000000    0.000000   clock clk_i (rise edge)
                                  0.000000    0.000000   clock source latency
     1    0.037465    0.000000    0.000000    0.000000 ^ clk_i (in)
                                                         clk_i (net)
                      0.005567    0.002783    0.002783 ^ clkbuf_0_clk_i/A (sg13g2_buf_16)
    16    0.183519    0.058569    0.078991    0.081774 ^ clkbuf_0_clk_i/X (sg13g2_buf_16)
                                                         clknet_0_clk_i (net)
                      0.059829    0.006783    0.088558 ^ clkbuf_4_6_0_clk_i/A (sg13g2_buf_8)
     2    0.037847    0.032574    0.089261    0.177818 ^ clkbuf_4_6_0_clk_i/X (sg13g2_buf_8)
                                                         clknet_4_6_0_clk_i (net)
                      0.033067    0.002976    0.180794 ^ clkbuf_5_13__f_clk_i/A (sg13g2_buf_16)
     6    0.027488    0.021320    0.067856    0.248651 ^ clkbuf_5_13__f_clk_i/X (sg13g2_buf_16)
                                                         clknet_5_13__leaf_clk_i (net)
                      0.021406    0.002273    0.250924 ^ _1294_/CLK (sg13g2_dfrbpq_1)
     3    0.013226    0.048821    0.184849    0.435773 v _1294_/Q (sg13g2_dfrbpq_1)
                                                         u_boot_ctrl.word_asm[1] (net)
                      0.048849    0.001062    0.436835 v _1002_/A (sg13g2_nor2_1)
     1    0.003469    0.048820    0.065835    0.502670 ^ _1002_/Y (sg13g2_nor2_1)
                                                         _0389_ (net)
                      0.048820    0.000134    0.502804 ^ _1004_/C (sg13g2_nor3_1)
     1    0.002022    0.021826    0.035627    0.538431 v _1004_/Y (sg13g2_nor3_1)
                                                         _0084_ (net)
                      0.021826    0.000133    0.538565 v _1302_/D (sg13g2_dfrbpq_1)
                                              0.538565   data arrival time

                                  0.000000    0.000000   clock clk_i (rise edge)
                                  0.000000    0.000000   clock source latency
     1    0.040138    0.000000    0.000000    0.000000 ^ clk_i (in)
                                                         clk_i (net)
                      0.006155    0.003077    0.003077 ^ clkbuf_0_clk_i/A (sg13g2_buf_16)
    16    0.204016    0.064014    0.082240    0.085317 ^ clkbuf_0_clk_i/X (sg13g2_buf_16)
                                                         clknet_0_clk_i (net)
                      0.069050    0.013853    0.099170 ^ clkbuf_4_13_0_clk_i/A (sg13g2_buf_8)
     2    0.040943    0.034350    0.094730    0.193901 ^ clkbuf_4_13_0_clk_i/X (sg13g2_buf_8)
                                                         clknet_4_13_0_clk_i (net)
                      0.034952    0.003380    0.197281 ^ clkbuf_5_26__f_clk_i/A (sg13g2_buf_16)
     5    0.023354    0.020459    0.068209    0.265490 ^ clkbuf_5_26__f_clk_i/X (sg13g2_buf_16)
                                                         clknet_5_26__leaf_clk_i (net)
                      0.020466    0.000771    0.266262 ^ _1302_/CLK (sg13g2_dfrbpq_1)
                                  0.100000    0.366262   clock uncertainty
                                 -0.003543    0.362719   clock reconvergence pessimism
                                 -0.034866    0.327853   library hold time
                                              0.327853   data required time
---------------------------------------------------------------------------------------------
                                              0.327853   data required time
                                             -0.538565   data arrival time
---------------------------------------------------------------------------------------------
                                              0.210711   slack (MET)


Startpoint: _1311_ (rising edge-triggered flip-flop clocked by clk_i)
Endpoint: _1311_ (rising edge-triggered flip-flop clocked by clk_i)
Path Group: clk_i
Path Type: min

Fanout         Cap        Slew       Delay        Time   Description
---------------------------------------------------------------------------------------------
                                  0.000000    0.000000   clock clk_i (rise edge)
                                  0.000000    0.000000   clock source latency
     1    0.037465    0.000000    0.000000    0.000000 ^ clk_i (in)
                                                         clk_i (net)
                      0.005567    0.002783    0.002783 ^ clkbuf_0_clk_i/A (sg13g2_buf_16)
    16    0.183519    0.058569    0.078991    0.081774 ^ clkbuf_0_clk_i/X (sg13g2_buf_16)
                                                         clknet_0_clk_i (net)
                      0.059642    0.006301    0.088076 ^ clkbuf_4_7_0_clk_i/A (sg13g2_buf_8)
     2    0.036175    0.031991    0.089063    0.177138 ^ clkbuf_4_7_0_clk_i/X (sg13g2_buf_8)
                                                         clknet_4_7_0_clk_i (net)
                      0.032139    0.001937    0.179075 ^ clkbuf_5_15__f_clk_i/A (sg13g2_buf_16)
     5    0.021107    0.019812    0.066401    0.245477 ^ clkbuf_5_15__f_clk_i/X (sg13g2_buf_16)
                                                         clknet_5_15__leaf_clk_i (net)
                      0.019819    0.000717    0.246194 ^ _1311_/CLK (sg13g2_dfrbpq_1)
     3    0.012686    0.047206    0.182881    0.429075 v _1311_/Q (sg13g2_dfrbpq_1)
                                                         u_boot_ctrl.word_asm[18] (net)
                      0.047220    0.000789    0.429864 v _1030_/B1 (sg13g2_a21oi_1)
     1    0.004026    0.043250    0.051066    0.480929 ^ _1030_/Y (sg13g2_a21oi_1)
                                                         _0408_ (net)
                      0.043250    0.000265    0.481194 ^ _1031_/A (sg13g2_nor3_1)
     1    0.002163    0.022894    0.040555    0.521750 v _1031_/Y (sg13g2_nor3_1)
                                                         _0093_ (net)
                      0.022894    0.000082    0.521831 v _1311_/D (sg13g2_dfrbpq_1)
                                              0.521831   data arrival time

                                  0.000000    0.000000   clock clk_i (rise edge)
                                  0.000000    0.000000   clock source latency
     1    0.040138    0.000000    0.000000    0.000000 ^ clk_i (in)
                                                         clk_i (net)
                      0.006155    0.003077    0.003077 ^ clkbuf_0_clk_i/A (sg13g2_buf_16)
    16    0.204016    0.064014    0.082240    0.085317 ^ clkbuf_0_clk_i/X (sg13g2_buf_16)
                                                         clknet_0_clk_i (net)
                      0.065218    0.007026    0.092343 ^ clkbuf_4_7_0_clk_i/A (sg13g2_buf_8)
     2    0.041520    0.034517    0.093743    0.186087 ^ clkbuf_4_7_0_clk_i/X (sg13g2_buf_8)
                                                         clknet_4_7_0_clk_i (net)
                      0.034825    0.002236    0.188323 ^ clkbuf_5_15__f_clk_i/A (sg13g2_buf_16)
     5    0.023344    0.020451    0.068124    0.256447 ^ clkbuf_5_15__f_clk_i/X (sg13g2_buf_16)
                                                         clknet_5_15__leaf_clk_i (net)
                      0.020459    0.000797    0.257243 ^ _1311_/CLK (sg13g2_dfrbpq_1)
                                  0.100000    0.357243   clock uncertainty
                                 -0.011050    0.346194   clock reconvergence pessimism
                                 -0.035205    0.310988   library hold time
                                              0.310988   data required time
---------------------------------------------------------------------------------------------
                                              0.310988   data required time
                                             -0.521831   data arrival time
---------------------------------------------------------------------------------------------
                                              0.210843   slack (MET)


Startpoint: _1299_ (rising edge-triggered flip-flop clocked by clk_i)
Endpoint: _1307_ (rising edge-triggered flip-flop clocked by clk_i)
Path Group: clk_i
Path Type: min

Fanout         Cap        Slew       Delay        Time   Description
---------------------------------------------------------------------------------------------
                                  0.000000    0.000000   clock clk_i (rise edge)
                                  0.000000    0.000000   clock source latency
     1    0.037465    0.000000    0.000000    0.000000 ^ clk_i (in)
                                                         clk_i (net)
                      0.005567    0.002783    0.002783 ^ clkbuf_0_clk_i/A (sg13g2_buf_16)
    16    0.183519    0.058569    0.078991    0.081774 ^ clkbuf_0_clk_i/X (sg13g2_buf_16)
                                                         clknet_0_clk_i (net)
                      0.061226    0.009656    0.091431 ^ clkbuf_4_1_0_clk_i/A (sg13g2_buf_8)
     2    0.035302    0.031677    0.089472    0.180903 ^ clkbuf_4_1_0_clk_i/X (sg13g2_buf_8)
                                                         clknet_4_1_0_clk_i (net)
                      0.031733    0.001255    0.182159 ^ clkbuf_5_2__f_clk_i/A (sg13g2_buf_16)
     6    0.025575    0.020820    0.066962    0.249120 ^ clkbuf_5_2__f_clk_i/X (sg13g2_buf_16)
                                                         clknet_5_2__leaf_clk_i (net)
                      0.020850    0.001468    0.250588 ^ _1299_/CLK (sg13g2_dfrbpq_1)
     3    0.011399    0.043474    0.180463    0.431051 v _1299_/Q (sg13g2_dfrbpq_1)
                                                         u_boot_ctrl.word_asm[6] (net)
                      0.043475    0.000312    0.431363 v _1017_/A (sg13g2_nor2_1)
     1    0.003103    0.045550    0.061979    0.493342 ^ _1017_/Y (sg13g2_nor2_1)
                                                         _0399_ (net)
                      0.045550    0.000121    0.493463 ^ _1019_/C (sg13g2_nor3_1)
     1    0.001729    0.020425    0.033858    0.527321 v _1019_/Y (sg13g2_nor3_1)
                                                         _0089_ (net)
                      0.020425    0.000066    0.527387 v _1307_/D (sg13g2_dfrbpq_1)
                                              0.527387   data arrival time

                                  0.000000    0.000000   clock clk_i (rise edge)
                                  0.000000    0.000000   clock source latency
     1    0.040138    0.000000    0.000000    0.000000 ^ clk_i (in)
                                                         clk_i (net)
                      0.006155    0.003077    0.003077 ^ clkbuf_0_clk_i/A (sg13g2_buf_16)
    16    0.204016    0.064014    0.082240    0.085317 ^ clkbuf_0_clk_i/X (sg13g2_buf_16)
                                                         clknet_0_clk_i (net)
                      0.067040    0.010791    0.096108 ^ clkbuf_4_1_0_clk_i/A (sg13g2_buf_8)
     2    0.040647    0.034204    0.094262    0.190370 ^ clkbuf_4_1_0_clk_i/X (sg13g2_buf_8)
                                                         clknet_4_1_0_clk_i (net)
                      0.034383    0.001451    0.191821 ^ clkbuf_5_2__f_clk_i/A (sg13g2_buf_16)
     6    0.028260    0.021553    0.068731    0.260552 ^ clkbuf_5_2__f_clk_i/X (sg13g2_buf_16)
                                                         clknet_5_2__leaf_clk_i (net)
                      0.021587    0.001584    0.262136 ^ _1307_/CLK (sg13g2_dfrbpq_1)
                                  0.100000    0.362136   clock uncertainty
                                 -0.011432    0.350704   clock reconvergence pessimism
                                 -0.034188    0.316516   library hold time
                                              0.316516   data required time
---------------------------------------------------------------------------------------------
                                              0.316516   data required time
                                             -0.527387   data arrival time
---------------------------------------------------------------------------------------------
                                              0.210871   slack (MET)


Startpoint: _1380_ (rising edge-triggered flip-flop clocked by clk_i)
Endpoint: _1380_ (rising edge-triggered flip-flop clocked by clk_i)
Path Group: clk_i
Path Type: min

Fanout         Cap        Slew       Delay        Time   Description
---------------------------------------------------------------------------------------------
                                  0.000000    0.000000   clock clk_i (rise edge)
                                  0.000000    0.000000   clock source latency
     1    0.037465    0.000000    0.000000    0.000000 ^ clk_i (in)
                                                         clk_i (net)
                      0.005567    0.002783    0.002783 ^ clkbuf_0_clk_i/A (sg13g2_buf_16)
    16    0.183519    0.058569    0.078991    0.081774 ^ clkbuf_0_clk_i/X (sg13g2_buf_16)
                                                         clknet_0_clk_i (net)
                      0.059829    0.006783    0.088558 ^ clkbuf_4_6_0_clk_i/A (sg13g2_buf_8)
     2    0.037847    0.032574    0.089261    0.177818 ^ clkbuf_4_6_0_clk_i/X (sg13g2_buf_8)
                                                         clknet_4_6_0_clk_i (net)
                      0.033034    0.002842    0.180660 ^ clkbuf_5_12__f_clk_i/A (sg13g2_buf_16)
     6    0.028345    0.021513    0.068155    0.248815 ^ clkbuf_5_12__f_clk_i/X (sg13g2_buf_16)
                                                         clknet_5_12__leaf_clk_i (net)
                      0.021552    0.001727    0.250542 ^ _1380_/CLK (sg13g2_dfrbpq_1)
     3    0.011446    0.043542    0.180763    0.431305 v _1380_/Q (sg13g2_dfrbpq_1)
                                                         spi_rx[2] (net)
                      0.043555    0.000721    0.432026 v _1206_/A (sg13g2_nor2_1)
     1    0.002804    0.043353    0.060225    0.492252 ^ _1206_/Y (sg13g2_nor2_1)
                                                         _0516_ (net)
                      0.043353    0.000109    0.492361 ^ _1207_/C (sg13g2_nor3_1)
     1    0.002319    0.021503    0.034648    0.527009 v _1207_/Y (sg13g2_nor3_1)
                                                         _0162_ (net)
                      0.021504    0.000147    0.527156 v _1380_/D (sg13g2_dfrbpq_1)
                                              0.527156   data arrival time

                                  0.000000    0.000000   clock clk_i (rise edge)
                                  0.000000    0.000000   clock source latency
     1    0.040138    0.000000    0.000000    0.000000 ^ clk_i (in)
                                                         clk_i (net)
                      0.006155    0.003077    0.003077 ^ clkbuf_0_clk_i/A (sg13g2_buf_16)
    16    0.204016    0.064014    0.082240    0.085317 ^ clkbuf_0_clk_i/X (sg13g2_buf_16)
                                                         clknet_0_clk_i (net)
                      0.065430    0.007564    0.092881 ^ clkbuf_4_6_0_clk_i/A (sg13g2_buf_8)
     2    0.043193    0.035257    0.093823    0.186704 ^ clkbuf_4_6_0_clk_i/X (sg13g2_buf_8)
                                                         clknet_4_6_0_clk_i (net)
                      0.035805    0.003263    0.189967 ^ clkbuf_5_12__f_clk_i/A (sg13g2_buf_16)
     6    0.031029    0.022247    0.069990    0.259956 ^ clkbuf_5_12__f_clk_i/X (sg13g2_buf_16)
                                                         clknet_5_12__leaf_clk_i (net)
                      0.022300    0.001892    0.261849 ^ _1380_/CLK (sg13g2_dfrbpq_1)
                                  0.100000    0.361849   clock uncertainty
                                 -0.011307    0.350542   clock reconvergence pessimism
                                 -0.034381    0.316161   library hold time
                                              0.316161   data required time
---------------------------------------------------------------------------------------------
                                              0.316161   data required time
                                             -0.527156   data arrival time
---------------------------------------------------------------------------------------------
                                              0.210995   slack (MET)


Startpoint: _1304_ (rising edge-triggered flip-flop clocked by clk_i)
Endpoint: _1312_ (rising edge-triggered flip-flop clocked by clk_i)
Path Group: clk_i
Path Type: min

Fanout         Cap        Slew       Delay        Time   Description
---------------------------------------------------------------------------------------------
                                  0.000000    0.000000   clock clk_i (rise edge)
                                  0.000000    0.000000   clock source latency
     1    0.037465    0.000000    0.000000    0.000000 ^ clk_i (in)
                                                         clk_i (net)
                      0.005567    0.002783    0.002783 ^ clkbuf_0_clk_i/A (sg13g2_buf_16)
    16    0.183519    0.058569    0.078991    0.081774 ^ clkbuf_0_clk_i/X (sg13g2_buf_16)
                                                         clknet_0_clk_i (net)
                      0.059963    0.007108    0.088882 ^ clkbuf_4_4_0_clk_i/A (sg13g2_buf_8)
     2    0.035823    0.031777    0.088789    0.177671 ^ clkbuf_4_4_0_clk_i/X (sg13g2_buf_8)
                                                         clknet_4_4_0_clk_i (net)
                      0.032026    0.002268    0.179939 ^ clkbuf_5_8__f_clk_i/A (sg13g2_buf_16)
     6    0.026782    0.021106    0.067322    0.247261 ^ clkbuf_5_8__f_clk_i/X (sg13g2_buf_16)
                                                         clknet_5_8__leaf_clk_i (net)
                      0.021129    0.001288    0.248549 ^ _1304_/CLK (sg13g2_dfrbpq_1)
     3    0.012303    0.046174    0.182716    0.431265 v _1304_/Q (sg13g2_dfrbpq_1)
                                                         u_boot_ctrl.word_asm[11] (net)
                      0.046180    0.000540    0.431805 v _1032_/A (sg13g2_nor2_1)
     1    0.003082    0.045681    0.062671    0.494476 ^ _1032_/Y (sg13g2_nor2_1)
                                                         _0409_ (net)
                      0.045681    0.000216    0.494692 ^ _1034_/C (sg13g2_nor3_1)
     1    0.001701    0.020378    0.033827    0.528519 v _1034_/Y (sg13g2_nor3_1)
                                                         _0094_ (net)
                      0.020378    0.000066    0.528585 v _1312_/D (sg13g2_dfrbpq_1)
                                              0.528585   data arrival time

                                  0.000000    0.000000   clock clk_i (rise edge)
                                  0.000000    0.000000   clock source latency
     1    0.040138    0.000000    0.000000    0.000000 ^ clk_i (in)
                                                         clk_i (net)
                      0.006155    0.003077    0.003077 ^ clkbuf_0_clk_i/A (sg13g2_buf_16)
    16    0.204016    0.064014    0.082240    0.085317 ^ clkbuf_0_clk_i/X (sg13g2_buf_16)
                                                         clknet_0_clk_i (net)
                      0.065584    0.007930    0.093247 ^ clkbuf_4_4_0_clk_i/A (sg13g2_buf_8)
     2    0.041169    0.034261    0.093420    0.186668 ^ clkbuf_4_4_0_clk_i/X (sg13g2_buf_8)
                                                         clknet_4_4_0_clk_i (net)
                      0.034736    0.002570    0.189238 ^ clkbuf_5_9__f_clk_i/A (sg13g2_buf_16)
     6    0.026302    0.021130    0.068472    0.257710 ^ clkbuf_5_9__f_clk_i/X (sg13g2_buf_16)
                                                         clknet_5_9__leaf_clk_i (net)
                      0.021196    0.002077    0.259787 ^ _1312_/CLK (sg13g2_dfrbpq_1)
                                  0.100000    0.359787   clock uncertainty
                                 -0.008997    0.350791   clock reconvergence pessimism
                                 -0.034254    0.316536   library hold time
                                              0.316536   data required time
---------------------------------------------------------------------------------------------
                                              0.316536   data required time
                                             -0.528585   data arrival time
---------------------------------------------------------------------------------------------
                                              0.212049   slack (MET)


Startpoint: _1246_ (rising edge-triggered flip-flop clocked by clk_i)
Endpoint: _1246_ (rising edge-triggered flip-flop clocked by clk_i)
Path Group: clk_i
Path Type: min

Fanout         Cap        Slew       Delay        Time   Description
---------------------------------------------------------------------------------------------
                                  0.000000    0.000000   clock clk_i (rise edge)
                                  0.000000    0.000000   clock source latency
     1    0.037465    0.000000    0.000000    0.000000 ^ clk_i (in)
                                                         clk_i (net)
                      0.005567    0.002783    0.002783 ^ clkbuf_0_clk_i/A (sg13g2_buf_16)
    16    0.183519    0.058569    0.078991    0.081774 ^ clkbuf_0_clk_i/X (sg13g2_buf_16)
                                                         clknet_0_clk_i (net)
                      0.062703    0.012015    0.093789 ^ clkbuf_4_15_0_clk_i/A (sg13g2_buf_8)
     2    0.038071    0.032846    0.090910    0.184699 ^ clkbuf_4_15_0_clk_i/X (sg13g2_buf_8)
                                                         clknet_4_15_0_clk_i (net)
                      0.033182    0.002431    0.187130 ^ clkbuf_5_31__f_clk_i/A (sg13g2_buf_16)
     5    0.026937    0.021199    0.067981    0.255111 ^ clkbuf_5_31__f_clk_i/X (sg13g2_buf_16)
                                                         clknet_5_31__leaf_clk_i (net)
                      0.021229    0.001514    0.256626 ^ _1246_/CLK (sg13g2_dfrbpq_1)
     2    0.006212    0.028412    0.168063    0.424689 v _1246_/Q (sg13g2_dfrbpq_1)
                                                         net12 (net)
                      0.028412    0.000393    0.425082 v _0814_/A2 (sg13g2_o21ai_1)
     1    0.003293    0.048509    0.078351    0.503433 ^ _0814_/Y (sg13g2_o21ai_1)
                                                         _0257_ (net)
                      0.048509    0.000230    0.503664 ^ _0815_/B1 (sg13g2_a21oi_1)
     1    0.001708    0.019195    0.031878    0.535541 v _0815_/Y (sg13g2_a21oi_1)
                                                         _0028_ (net)
                      0.019195    0.000065    0.535607 v _1246_/D (sg13g2_dfrbpq_1)
                                              0.535607   data arrival time

                                  0.000000    0.000000   clock clk_i (rise edge)
                                  0.000000    0.000000   clock source latency
     1    0.040138    0.000000    0.000000    0.000000 ^ clk_i (in)
                                                         clk_i (net)
                      0.006155    0.003077    0.003077 ^ clkbuf_0_clk_i/A (sg13g2_buf_16)
    16    0.204016    0.064014    0.082240    0.085317 ^ clkbuf_0_clk_i/X (sg13g2_buf_16)
                                                         clknet_0_clk_i (net)
                      0.068718    0.013390    0.098708 ^ clkbuf_4_15_0_clk_i/A (sg13g2_buf_8)
     2    0.043417    0.035324    0.095723    0.194431 ^ clkbuf_4_15_0_clk_i/X (sg13g2_buf_8)
                                                         clknet_4_15_0_clk_i (net)
                      0.035932    0.002781    0.197211 ^ clkbuf_5_31__f_clk_i/A (sg13g2_buf_16)
     5    0.029174    0.021835    0.069727    0.266938 ^ clkbuf_5_31__f_clk_i/X (sg13g2_buf_16)
                                                         clknet_5_31__leaf_clk_i (net)
                      0.021869    0.001645    0.268584 ^ _1246_/CLK (sg13g2_dfrbpq_1)
                                  0.100000    0.368584   clock uncertainty
                                 -0.011958    0.356626   clock reconvergence pessimism
                                 -0.033739    0.322887   library hold time
                                              0.322887   data required time
---------------------------------------------------------------------------------------------
                                              0.322887   data required time
                                             -0.535607   data arrival time
---------------------------------------------------------------------------------------------
                                              0.212720   slack (MET)


Startpoint: _1381_ (rising edge-triggered flip-flop clocked by clk_i)
Endpoint: _1296_ (rising edge-triggered flip-flop clocked by clk_i)
Path Group: clk_i
Path Type: min

Fanout         Cap        Slew       Delay        Time   Description
---------------------------------------------------------------------------------------------
                                  0.000000    0.000000   clock clk_i (rise edge)
                                  0.000000    0.000000   clock source latency
     1    0.037465    0.000000    0.000000    0.000000 ^ clk_i (in)
                                                         clk_i (net)
                      0.005567    0.002783    0.002783 ^ clkbuf_0_clk_i/A (sg13g2_buf_16)
    16    0.183519    0.058569    0.078991    0.081774 ^ clkbuf_0_clk_i/X (sg13g2_buf_16)
                                                         clknet_0_clk_i (net)
                      0.059963    0.007108    0.088882 ^ clkbuf_4_4_0_clk_i/A (sg13g2_buf_8)
     2    0.035823    0.031777    0.088789    0.177671 ^ clkbuf_4_4_0_clk_i/X (sg13g2_buf_8)
                                                         clknet_4_4_0_clk_i (net)
                      0.032026    0.002268    0.179939 ^ clkbuf_5_8__f_clk_i/A (sg13g2_buf_16)
     6    0.026782    0.021106    0.067322    0.247261 ^ clkbuf_5_8__f_clk_i/X (sg13g2_buf_16)
                                                         clknet_5_8__leaf_clk_i (net)
                      0.021127    0.001259    0.248520 ^ _1381_/CLK (sg13g2_dfrbpq_1)
     3    0.011578    0.044017    0.180990    0.429509 v _1381_/Q (sg13g2_dfrbpq_1)
                                                         spi_rx[3] (net)
                      0.044018    0.000297    0.429806 v _0984_/A (sg13g2_nor2_1)
     1    0.003158    0.046012    0.062471    0.492277 ^ _0984_/Y (sg13g2_nor2_1)
                                                         _0377_ (net)
                      0.046012    0.000126    0.492403 ^ _0986_/C (sg13g2_nor3_1)
     1    0.002067    0.021385    0.034864    0.527267 v _0986_/Y (sg13g2_nor3_1)
                                                         _0078_ (net)
                      0.021385    0.000077    0.527344 v _1296_/D (sg13g2_dfrbpq_1)
                                              0.527344   data arrival time

                                  0.000000    0.000000   clock clk_i (rise edge)
                                  0.000000    0.000000   clock source latency
     1    0.040138    0.000000    0.000000    0.000000 ^ clk_i (in)
                                                         clk_i (net)
                      0.006155    0.003077    0.003077 ^ clkbuf_0_clk_i/A (sg13g2_buf_16)
    16    0.204016    0.064014    0.082240    0.085317 ^ clkbuf_0_clk_i/X (sg13g2_buf_16)
                                                         clknet_0_clk_i (net)
                      0.065584    0.007930    0.093247 ^ clkbuf_4_4_0_clk_i/A (sg13g2_buf_8)
     2    0.041169    0.034261    0.093420    0.186668 ^ clkbuf_4_4_0_clk_i/X (sg13g2_buf_8)
                                                         clknet_4_4_0_clk_i (net)
                      0.034744    0.002608    0.189275 ^ clkbuf_5_8__f_clk_i/A (sg13g2_buf_16)
     6    0.029466    0.021840    0.069122    0.258398 ^ clkbuf_5_8__f_clk_i/X (sg13g2_buf_16)
                                                         clknet_5_8__leaf_clk_i (net)
                      0.021863    0.001350    0.259748 ^ _1296_/CLK (sg13g2_dfrbpq_1)
                                  0.100000    0.359748   clock uncertainty
                                 -0.011137    0.348611   clock reconvergence pessimism
                                 -0.034434    0.314177   library hold time
                                              0.314177   data required time
---------------------------------------------------------------------------------------------
                                              0.314177   data required time
                                             -0.527344   data arrival time
---------------------------------------------------------------------------------------------
                                              0.213167   slack (MET)


Startpoint: _1393_ (rising edge-triggered flip-flop clocked by clk_i)
Endpoint: _1391_ (rising edge-triggered flip-flop clocked by clk_i)
Path Group: clk_i
Path Type: min

Fanout         Cap        Slew       Delay        Time   Description
---------------------------------------------------------------------------------------------
                                  0.000000    0.000000   clock clk_i (rise edge)
                                  0.000000    0.000000   clock source latency
     1    0.037465    0.000000    0.000000    0.000000 ^ clk_i (in)
                                                         clk_i (net)
                      0.005567    0.002783    0.002783 ^ clkbuf_0_clk_i/A (sg13g2_buf_16)
    16    0.183519    0.058569    0.078991    0.081774 ^ clkbuf_0_clk_i/X (sg13g2_buf_16)
                                                         clknet_0_clk_i (net)
                      0.062711    0.012027    0.093801 ^ clkbuf_4_12_0_clk_i/A (sg13g2_buf_8)
     2    0.034811    0.031533    0.090015    0.183816 ^ clkbuf_4_12_0_clk_i/X (sg13g2_buf_8)
                                                         clknet_4_12_0_clk_i (net)
                      0.031654    0.001914    0.185730 ^ clkbuf_5_25__f_clk_i/A (sg13g2_buf_16)
     6    0.026119    0.020943    0.066940    0.252670 ^ clkbuf_5_25__f_clk_i/X (sg13g2_buf_16)
                                                         clknet_5_25__leaf_clk_i (net)
                      0.020988    0.001744    0.254414 ^ _1393_/CLK (sg13g2_dfrbpq_1)
     1    0.004506    0.023782    0.163901    0.418315 v _1393_/Q (sg13g2_dfrbpq_1)
                                                         u_boot_ctrl.state[5] (net)
                      0.023782    0.000179    0.418494 v _0756_/A2 (sg13g2_a22oi_1)
     1    0.004202    0.064782    0.082083    0.500577 ^ _0756_/Y (sg13g2_a22oi_1)
                                                         _0219_ (net)
                      0.064782    0.000266    0.500843 ^ _0757_/A (sg13g2_inv_1)
     1    0.002079    0.021904    0.034848    0.535691 v _0757_/Y (sg13g2_inv_1)
                                                         _0005_ (net)
                      0.021904    0.000077    0.535768 v _1391_/D (sg13g2_dfrbpq_1)
                                              0.535768   data arrival time

                                  0.000000    0.000000   clock clk_i (rise edge)
                                  0.000000    0.000000   clock source latency
     1    0.040138    0.000000    0.000000    0.000000 ^ clk_i (in)
                                                         clk_i (net)
                      0.006155    0.003077    0.003077 ^ clkbuf_0_clk_i/A (sg13g2_buf_16)
    16    0.204016    0.064014    0.082240    0.085317 ^ clkbuf_0_clk_i/X (sg13g2_buf_16)
                                                         clknet_0_clk_i (net)
                      0.068727    0.013403    0.098720 ^ clkbuf_4_12_0_clk_i/A (sg13g2_buf_8)
     2    0.040157    0.034068    0.094903    0.193623 ^ clkbuf_4_12_0_clk_i/X (sg13g2_buf_8)
                                                         clknet_4_12_0_clk_i (net)
                      0.034231    0.001454    0.195077 ^ clkbuf_5_24__f_clk_i/A (sg13g2_buf_16)
     6    0.031228    0.022211    0.069122    0.264199 ^ clkbuf_5_24__f_clk_i/X (sg13g2_buf_16)
                                                         clknet_5_24__leaf_clk_i (net)
                      0.022290    0.002236    0.266436 ^ _1391_/CLK (sg13g2_dfrbpq_1)
                                  0.100000    0.366435   clock uncertainty
                                 -0.009808    0.356628   clock reconvergence pessimism
                                 -0.034510    0.322118   library hold time
                                              0.322118   data required time
---------------------------------------------------------------------------------------------
                                              0.322118   data required time
                                             -0.535768   data arrival time
---------------------------------------------------------------------------------------------
                                              0.213650   slack (MET)


Startpoint: _1290_ (rising edge-triggered flip-flop clocked by clk_i)
Endpoint: _1290_ (rising edge-triggered flip-flop clocked by clk_i)
Path Group: clk_i
Path Type: min

Fanout         Cap        Slew       Delay        Time   Description
---------------------------------------------------------------------------------------------
                                  0.000000    0.000000   clock clk_i (rise edge)
                                  0.000000    0.000000   clock source latency
     1    0.037465    0.000000    0.000000    0.000000 ^ clk_i (in)
                                                         clk_i (net)
                      0.005567    0.002783    0.002783 ^ clkbuf_0_clk_i/A (sg13g2_buf_16)
    16    0.183519    0.058569    0.078991    0.081774 ^ clkbuf_0_clk_i/X (sg13g2_buf_16)
                                                         clknet_0_clk_i (net)
                      0.062970    0.012400    0.094174 ^ clkbuf_4_9_0_clk_i/A (sg13g2_buf_8)
     2    0.037106    0.032444    0.090691    0.184866 ^ clkbuf_4_9_0_clk_i/X (sg13g2_buf_8)
                                                         clknet_4_9_0_clk_i (net)
                      0.032757    0.002437    0.187303 ^ clkbuf_5_19__f_clk_i/A (sg13g2_buf_16)
     6    0.030083    0.021887    0.068183    0.255486 ^ clkbuf_5_19__f_clk_i/X (sg13g2_buf_16)
                                                         clknet_5_19__leaf_clk_i (net)
                      0.021917    0.001485    0.256971 ^ _1290_/CLK (sg13g2_dfrbpq_1)
     3    0.012602    0.046971    0.183621    0.440592 v _1290_/Q (sg13g2_dfrbpq_1)
                                                         u_boot_ctrl.word_cnt[31] (net)
                      0.046988    0.000848    0.441440 v _0960_/B (sg13g2_nand2_1)
     1    0.003371    0.032224    0.043243    0.484683 ^ _0960_/Y (sg13g2_nand2_1)
                                                         _0359_ (net)
                      0.032225    0.000134    0.484818 ^ _0964_/A2 (sg13g2_a21oi_1)
     1    0.001994    0.016805    0.053005    0.537823 v _0964_/Y (sg13g2_a21oi_1)
                                                         _0072_ (net)
                      0.016805    0.000077    0.537899 v _1290_/D (sg13g2_dfrbpq_1)
                                              0.537899   data arrival time

                                  0.000000    0.000000   clock clk_i (rise edge)
                                  0.000000    0.000000   clock source latency
     1    0.040138    0.000000    0.000000    0.000000 ^ clk_i (in)
                                                         clk_i (net)
                      0.006155    0.003077    0.003077 ^ clkbuf_0_clk_i/A (sg13g2_buf_16)
    16    0.204016    0.064014    0.082240    0.085317 ^ clkbuf_0_clk_i/X (sg13g2_buf_16)
                                                         clknet_0_clk_i (net)
                      0.069011    0.013799    0.099116 ^ clkbuf_4_9_0_clk_i/A (sg13g2_buf_8)
     2    0.042451    0.034933    0.095518    0.194634 ^ clkbuf_4_9_0_clk_i/X (sg13g2_buf_8)
                                                         clknet_4_9_0_clk_i (net)
                      0.035504    0.002795    0.197429 ^ clkbuf_5_19__f_clk_i/A (sg13g2_buf_16)
     6    0.033009    0.022666    0.070021    0.267450 ^ clkbuf_5_19__f_clk_i/X (sg13g2_buf_16)
                                                         clknet_5_19__leaf_clk_i (net)
                      0.022701    0.001630    0.269079 ^ _1290_/CLK (sg13g2_dfrbpq_1)
                                  0.100000    0.369079   clock uncertainty
                                 -0.012109    0.356971   clock reconvergence pessimism
                                 -0.032808    0.324163   library hold time
                                              0.324163   data required time
---------------------------------------------------------------------------------------------
                                              0.324163   data required time
                                             -0.537899   data arrival time
---------------------------------------------------------------------------------------------
                                              0.213737   slack (MET)


Startpoint: _1381_ (rising edge-triggered flip-flop clocked by clk_i)
Endpoint: _1381_ (rising edge-triggered flip-flop clocked by clk_i)
Path Group: clk_i
Path Type: min

Fanout         Cap        Slew       Delay        Time   Description
---------------------------------------------------------------------------------------------
                                  0.000000    0.000000   clock clk_i (rise edge)
                                  0.000000    0.000000   clock source latency
     1    0.037465    0.000000    0.000000    0.000000 ^ clk_i (in)
                                                         clk_i (net)
                      0.005567    0.002783    0.002783 ^ clkbuf_0_clk_i/A (sg13g2_buf_16)
    16    0.183519    0.058569    0.078991    0.081774 ^ clkbuf_0_clk_i/X (sg13g2_buf_16)
                                                         clknet_0_clk_i (net)
                      0.059963    0.007108    0.088882 ^ clkbuf_4_4_0_clk_i/A (sg13g2_buf_8)
     2    0.035823    0.031777    0.088789    0.177671 ^ clkbuf_4_4_0_clk_i/X (sg13g2_buf_8)
                                                         clknet_4_4_0_clk_i (net)
                      0.032026    0.002268    0.179939 ^ clkbuf_5_8__f_clk_i/A (sg13g2_buf_16)
     6    0.026782    0.021106    0.067322    0.247261 ^ clkbuf_5_8__f_clk_i/X (sg13g2_buf_16)
                                                         clknet_5_8__leaf_clk_i (net)
                      0.021127    0.001259    0.248520 ^ _1381_/CLK (sg13g2_dfrbpq_1)
     3    0.011578    0.044017    0.180990    0.429509 v _1381_/Q (sg13g2_dfrbpq_1)
                                                         spi_rx[3] (net)
                      0.044024    0.000549    0.430059 v _1209_/A (sg13g2_nor2_1)
     1    0.003311    0.047118    0.063334    0.493393 ^ _1209_/Y (sg13g2_nor2_1)
                                                         _0518_ (net)
                      0.047119    0.000257    0.493650 ^ _1210_/C (sg13g2_nor3_1)
     1    0.002133    0.021772    0.035382    0.529032 v _1210_/Y (sg13g2_nor3_1)
                                                         _0163_ (net)
                      0.021773    0.000080    0.529112 v _1381_/D (sg13g2_dfrbpq_1)
                                              0.529112   data arrival time

                                  0.000000    0.000000   clock clk_i (rise edge)
                                  0.000000    0.000000   clock source latency
     1    0.040138    0.000000    0.000000    0.000000 ^ clk_i (in)
                                                         clk_i (net)
                      0.006155    0.003077    0.003077 ^ clkbuf_0_clk_i/A (sg13g2_buf_16)
    16    0.204016    0.064014    0.082240    0.085317 ^ clkbuf_0_clk_i/X (sg13g2_buf_16)
                                                         clknet_0_clk_i (net)
                      0.065584    0.007930    0.093247 ^ clkbuf_4_4_0_clk_i/A (sg13g2_buf_8)
     2    0.041169    0.034261    0.093420    0.186668 ^ clkbuf_4_4_0_clk_i/X (sg13g2_buf_8)
                                                         clknet_4_4_0_clk_i (net)
                      0.034744    0.002608    0.189275 ^ clkbuf_5_8__f_clk_i/A (sg13g2_buf_16)
     6    0.029466    0.021840    0.069122    0.258398 ^ clkbuf_5_8__f_clk_i/X (sg13g2_buf_16)
                                                         clknet_5_8__leaf_clk_i (net)
                      0.021865    0.001389    0.259786 ^ _1381_/CLK (sg13g2_dfrbpq_1)
                                  0.100000    0.359786   clock uncertainty
                                 -0.011267    0.348520   clock reconvergence pessimism
                                 -0.034557    0.313963   library hold time
                                              0.313963   data required time
---------------------------------------------------------------------------------------------
                                              0.313963   data required time
                                             -0.529112   data arrival time
---------------------------------------------------------------------------------------------
                                              0.215149   slack (MET)


Startpoint: _1238_ (rising edge-triggered flip-flop clocked by clk_i)
Endpoint: _1238_ (rising edge-triggered flip-flop clocked by clk_i)
Path Group: clk_i
Path Type: min

Fanout         Cap        Slew       Delay        Time   Description
---------------------------------------------------------------------------------------------
                                  0.000000    0.000000   clock clk_i (rise edge)
                                  0.000000    0.000000   clock source latency
     1    0.037465    0.000000    0.000000    0.000000 ^ clk_i (in)
                                                         clk_i (net)
                      0.005567    0.002783    0.002783 ^ clkbuf_0_clk_i/A (sg13g2_buf_16)
    16    0.183519    0.058569    0.078991    0.081774 ^ clkbuf_0_clk_i/X (sg13g2_buf_16)
                                                         clknet_0_clk_i (net)
                      0.064417    0.014333    0.096107 ^ clkbuf_4_11_0_clk_i/A (sg13g2_buf_8)
     2    0.035854    0.032049    0.091209    0.187317 ^ clkbuf_4_11_0_clk_i/X (sg13g2_buf_8)
                                                         clknet_4_11_0_clk_i (net)
                      0.032128    0.001431    0.188747 ^ clkbuf_5_23__f_clk_i/A (sg13g2_buf_16)
     5    0.023464    0.020362    0.066757    0.255504 ^ clkbuf_5_23__f_clk_i/X (sg13g2_buf_16)
                                                         clknet_5_23__leaf_clk_i (net)
                      0.020401    0.001649    0.257153 ^ _1238_/CLK (sg13g2_dfrbpq_1)
     2    0.006712    0.029813    0.168844    0.425997 v _1238_/Q (sg13g2_dfrbpq_1)
                                                         net4 (net)
                      0.029813    0.000468    0.426466 v _0792_/A2 (sg13g2_o21ai_1)
     1    0.002885    0.042179    0.076002    0.502467 ^ _0792_/Y (sg13g2_o21ai_1)
                                                         _0243_ (net)
                      0.042179    0.000224    0.502692 ^ _0793_/A (sg13g2_nor2_1)
     1    0.002011    0.019521    0.035686    0.538377 v _0793_/Y (sg13g2_nor2_1)
                                                         _0020_ (net)
                      0.019521    0.000075    0.538452 v _1238_/D (sg13g2_dfrbpq_1)
                                              0.538452   data arrival time

                                  0.000000    0.000000   clock clk_i (rise edge)
                                  0.000000    0.000000   clock source latency
     1    0.040138    0.000000    0.000000    0.000000 ^ clk_i (in)
                                                         clk_i (net)
                      0.006155    0.003077    0.003077 ^ clkbuf_0_clk_i/A (sg13g2_buf_16)
    16    0.204016    0.064014    0.082240    0.085317 ^ clkbuf_0_clk_i/X (sg13g2_buf_16)
                                                         clknet_0_clk_i (net)
                      0.070685    0.015966    0.101284 ^ clkbuf_4_11_0_clk_i/A (sg13g2_buf_8)
     2    0.041199    0.034586    0.096210    0.197494 ^ clkbuf_4_11_0_clk_i/X (sg13g2_buf_8)
                                                         clknet_4_11_0_clk_i (net)
                      0.034804    0.001652    0.199146 ^ clkbuf_5_23__f_clk_i/A (sg13g2_buf_16)
     5    0.025701    0.020999    0.068458    0.267605 ^ clkbuf_5_23__f_clk_i/X (sg13g2_buf_16)
                                                         clknet_5_23__leaf_clk_i (net)
                      0.021046    0.001809    0.269414 ^ _1238_/CLK (sg13g2_dfrbpq_1)
                                  0.100000    0.369414   clock uncertainty
                                 -0.012261    0.357153   clock reconvergence pessimism
                                 -0.034014    0.323139   library hold time
                                              0.323139   data required time
---------------------------------------------------------------------------------------------
                                              0.323139   data required time
                                             -0.538452   data arrival time
---------------------------------------------------------------------------------------------
                                              0.215313   slack (MET)


Startpoint: _1311_ (rising edge-triggered flip-flop clocked by clk_i)
Endpoint: _1319_ (rising edge-triggered flip-flop clocked by clk_i)
Path Group: clk_i
Path Type: min

Fanout         Cap        Slew       Delay        Time   Description
---------------------------------------------------------------------------------------------
                                  0.000000    0.000000   clock clk_i (rise edge)
                                  0.000000    0.000000   clock source latency
     1    0.037465    0.000000    0.000000    0.000000 ^ clk_i (in)
                                                         clk_i (net)
                      0.005567    0.002783    0.002783 ^ clkbuf_0_clk_i/A (sg13g2_buf_16)
    16    0.183519    0.058569    0.078991    0.081774 ^ clkbuf_0_clk_i/X (sg13g2_buf_16)
                                                         clknet_0_clk_i (net)
                      0.059642    0.006301    0.088076 ^ clkbuf_4_7_0_clk_i/A (sg13g2_buf_8)
     2    0.036175    0.031991    0.089063    0.177138 ^ clkbuf_4_7_0_clk_i/X (sg13g2_buf_8)
                                                         clknet_4_7_0_clk_i (net)
                      0.032139    0.001937    0.179075 ^ clkbuf_5_15__f_clk_i/A (sg13g2_buf_16)
     5    0.021107    0.019812    0.066401    0.245477 ^ clkbuf_5_15__f_clk_i/X (sg13g2_buf_16)
                                                         clknet_5_15__leaf_clk_i (net)
                      0.019819    0.000717    0.246194 ^ _1311_/CLK (sg13g2_dfrbpq_1)
     3    0.012686    0.047206    0.182881    0.429075 v _1311_/Q (sg13g2_dfrbpq_1)
                                                         u_boot_ctrl.word_asm[18] (net)
                      0.047221    0.000815    0.429890 v _1053_/A (sg13g2_nor2_1)
     1    0.002982    0.045068    0.062425    0.492315 ^ _1053_/Y (sg13g2_nor2_1)
                                                         _0423_ (net)
                      0.045069    0.000118    0.492432 ^ _1055_/C (sg13g2_nor3_1)
     1    0.002027    0.021097    0.034464    0.526896 v _1055_/Y (sg13g2_nor3_1)
                                                         _0101_ (net)
                      0.021097    0.000078    0.526974 v _1319_/D (sg13g2_dfrbpq_1)
                                              0.526974   data arrival time

                                  0.000000    0.000000   clock clk_i (rise edge)
                                  0.000000    0.000000   clock source latency
     1    0.040138    0.000000    0.000000    0.000000 ^ clk_i (in)
                                                         clk_i (net)
                      0.006155    0.003077    0.003077 ^ clkbuf_0_clk_i/A (sg13g2_buf_16)
    16    0.204016    0.064014    0.082240    0.085317 ^ clkbuf_0_clk_i/X (sg13g2_buf_16)
                                                         clknet_0_clk_i (net)
                      0.065218    0.007026    0.092343 ^ clkbuf_4_7_0_clk_i/A (sg13g2_buf_8)
     2    0.041520    0.034517    0.093743    0.186087 ^ clkbuf_4_7_0_clk_i/X (sg13g2_buf_8)
                                                         clknet_4_7_0_clk_i (net)
                      0.034825    0.002236    0.188323 ^ clkbuf_5_15__f_clk_i/A (sg13g2_buf_16)
     5    0.023344    0.020451    0.068124    0.256447 ^ clkbuf_5_15__f_clk_i/X (sg13g2_buf_16)
                                                         clknet_5_15__leaf_clk_i (net)
                      0.020453    0.000290    0.256736 ^ _1319_/CLK (sg13g2_dfrbpq_1)
                                  0.100000    0.356736   clock uncertainty
                                 -0.010970    0.345766   clock reconvergence pessimism
                                 -0.034637    0.311129   library hold time
                                              0.311129   data required time
---------------------------------------------------------------------------------------------
                                              0.311129   data required time
                                             -0.526974   data arrival time
---------------------------------------------------------------------------------------------
                                              0.215846   slack (MET)


Startpoint: _1380_ (rising edge-triggered flip-flop clocked by clk_i)
Endpoint: _1295_ (rising edge-triggered flip-flop clocked by clk_i)
Path Group: clk_i
Path Type: min

Fanout         Cap        Slew       Delay        Time   Description
---------------------------------------------------------------------------------------------
                                  0.000000    0.000000   clock clk_i (rise edge)
                                  0.000000    0.000000   clock source latency
     1    0.037465    0.000000    0.000000    0.000000 ^ clk_i (in)
                                                         clk_i (net)
                      0.005567    0.002783    0.002783 ^ clkbuf_0_clk_i/A (sg13g2_buf_16)
    16    0.183519    0.058569    0.078991    0.081774 ^ clkbuf_0_clk_i/X (sg13g2_buf_16)
                                                         clknet_0_clk_i (net)
                      0.059829    0.006783    0.088558 ^ clkbuf_4_6_0_clk_i/A (sg13g2_buf_8)
     2    0.037847    0.032574    0.089261    0.177818 ^ clkbuf_4_6_0_clk_i/X (sg13g2_buf_8)
                                                         clknet_4_6_0_clk_i (net)
                      0.033034    0.002842    0.180660 ^ clkbuf_5_12__f_clk_i/A (sg13g2_buf_16)
     6    0.028345    0.021513    0.068155    0.248815 ^ clkbuf_5_12__f_clk_i/X (sg13g2_buf_16)
                                                         clknet_5_12__leaf_clk_i (net)
                      0.021552    0.001727    0.250542 ^ _1380_/CLK (sg13g2_dfrbpq_1)
     3    0.011446    0.043542    0.180763    0.431305 v _1380_/Q (sg13g2_dfrbpq_1)
                                                         spi_rx[2] (net)
                      0.043550    0.000587    0.431892 v _0981_/A (sg13g2_nor2_1)
     1    0.003329    0.047217    0.063339    0.495231 ^ _0981_/Y (sg13g2_nor2_1)
                                                         _0375_ (net)
                      0.047217    0.000130    0.495361 ^ _0983_/C (sg13g2_nor3_1)
     1    0.002105    0.021721    0.035328    0.530689 v _0983_/Y (sg13g2_nor3_1)
                                                         _0077_ (net)
                      0.021721    0.000155    0.530845 v _1295_/D (sg13g2_dfrbpq_1)
                                              0.530845   data arrival time

                                  0.000000    0.000000   clock clk_i (rise edge)
                                  0.000000    0.000000   clock source latency
     1    0.040138    0.000000    0.000000    0.000000 ^ clk_i (in)
                                                         clk_i (net)
                      0.006155    0.003077    0.003077 ^ clkbuf_0_clk_i/A (sg13g2_buf_16)
    16    0.204016    0.064014    0.082240    0.085317 ^ clkbuf_0_clk_i/X (sg13g2_buf_16)
                                                         clknet_0_clk_i (net)
                      0.065430    0.007564    0.092881 ^ clkbuf_4_6_0_clk_i/A (sg13g2_buf_8)
     2    0.043193    0.035257    0.093823    0.186704 ^ clkbuf_4_6_0_clk_i/X (sg13g2_buf_8)
                                                         clknet_4_6_0_clk_i (net)
                      0.035805    0.003263    0.189967 ^ clkbuf_5_12__f_clk_i/A (sg13g2_buf_16)
     6    0.031029    0.022247    0.069990    0.259956 ^ clkbuf_5_12__f_clk_i/X (sg13g2_buf_16)
                                                         clknet_5_12__leaf_clk_i (net)
                      0.022252    0.000629    0.260585 ^ _1295_/CLK (sg13g2_dfrbpq_1)
                                  0.100000    0.360585   clock uncertainty
                                 -0.011141    0.349444   clock reconvergence pessimism
                                 -0.034460    0.314984   library hold time
                                              0.314984   data required time
---------------------------------------------------------------------------------------------
                                              0.314984   data required time
                                             -0.530845   data arrival time
---------------------------------------------------------------------------------------------
                                              0.215860   slack (MET)


Startpoint: _1229_ (rising edge-triggered flip-flop clocked by clk_i)
Endpoint: _1229_ (rising edge-triggered flip-flop clocked by clk_i)
Path Group: clk_i
Path Type: min

Fanout         Cap        Slew       Delay        Time   Description
---------------------------------------------------------------------------------------------
                                  0.000000    0.000000   clock clk_i (rise edge)
                                  0.000000    0.000000   clock source latency
     1    0.037465    0.000000    0.000000    0.000000 ^ clk_i (in)
                                                         clk_i (net)
                      0.005567    0.002783    0.002783 ^ clkbuf_0_clk_i/A (sg13g2_buf_16)
    16    0.183519    0.058569    0.078991    0.081774 ^ clkbuf_0_clk_i/X (sg13g2_buf_16)
                                                         clknet_0_clk_i (net)
                      0.062680    0.011981    0.093755 ^ clkbuf_4_14_0_clk_i/A (sg13g2_buf_8)
     2    0.037704    0.032763    0.091049    0.184804 ^ clkbuf_4_14_0_clk_i/X (sg13g2_buf_8)
                                                         clknet_4_14_0_clk_i (net)
                      0.032874    0.001397    0.186202 ^ clkbuf_5_29__f_clk_i/A (sg13g2_buf_16)
     6    0.027786    0.021373    0.067964    0.254166 ^ clkbuf_5_29__f_clk_i/X (sg13g2_buf_16)
                                                         clknet_5_29__leaf_clk_i (net)
                      0.021388    0.001085    0.255251 ^ _1229_/CLK (sg13g2_dfrbpq_1)
     2    0.007153    0.031060    0.170328    0.425579 v _1229_/Q (sg13g2_dfrbpq_1)
                                                         net23 (net)
                      0.031098    0.000653    0.426232 v _0764_/A2 (sg13g2_o21ai_1)
     1    0.002901    0.042982    0.076636    0.502868 ^ _0764_/Y (sg13g2_o21ai_1)
                                                         _0224_ (net)
                      0.042982    0.000116    0.502984 ^ _0766_/A (sg13g2_nor2_1)
     1    0.001659    0.018610    0.035059    0.538042 v _0766_/Y (sg13g2_nor2_1)
                                                         _0011_ (net)
                      0.018610    0.000064    0.538106 v _1229_/D (sg13g2_dfrbpq_1)
                                              0.538106   data arrival time

                                  0.000000    0.000000   clock clk_i (rise edge)
                                  0.000000    0.000000   clock source latency
     1    0.040138    0.000000    0.000000    0.000000 ^ clk_i (in)
                                                         clk_i (net)
                      0.006155    0.003077    0.003077 ^ clkbuf_0_clk_i/A (sg13g2_buf_16)
    16    0.204016    0.064014    0.082240    0.085317 ^ clkbuf_0_clk_i/X (sg13g2_buf_16)
                                                         clknet_0_clk_i (net)
                      0.068691    0.013352    0.098669 ^ clkbuf_4_14_0_clk_i/A (sg13g2_buf_8)
     2    0.043050    0.035287    0.095926    0.194595 ^ clkbuf_4_14_0_clk_i/X (sg13g2_buf_8)
                                                         clknet_4_14_0_clk_i (net)
                      0.035555    0.001603    0.196198 ^ clkbuf_5_29__f_clk_i/A (sg13g2_buf_16)
     6    0.030713    0.022158    0.069800    0.265998 ^ clkbuf_5_29__f_clk_i/X (sg13g2_buf_16)
                                                         clknet_5_29__leaf_clk_i (net)
                      0.022175    0.001181    0.267180 ^ _1229_/CLK (sg13g2_dfrbpq_1)
                                  0.100000    0.367180   clock uncertainty
                                 -0.011929    0.355251   clock reconvergence pessimism
                                 -0.033490    0.321761   library hold time
                                              0.321761   data required time
---------------------------------------------------------------------------------------------
                                              0.321761   data required time
                                             -0.538106   data arrival time
---------------------------------------------------------------------------------------------
                                              0.216345   slack (MET)


Startpoint: _1370_ (rising edge-triggered flip-flop clocked by clk_i)
Endpoint: _1370_ (rising edge-triggered flip-flop clocked by clk_i)
Path Group: clk_i
Path Type: min

Fanout         Cap        Slew       Delay        Time   Description
---------------------------------------------------------------------------------------------
                                  0.000000    0.000000   clock clk_i (rise edge)
                                  0.000000    0.000000   clock source latency
     1    0.037465    0.000000    0.000000    0.000000 ^ clk_i (in)
                                                         clk_i (net)
                      0.005567    0.002783    0.002783 ^ clkbuf_0_clk_i/A (sg13g2_buf_16)
    16    0.183519    0.058569    0.078991    0.081774 ^ clkbuf_0_clk_i/X (sg13g2_buf_16)
                                                         clknet_0_clk_i (net)
                      0.059897    0.006950    0.088724 ^ clkbuf_4_3_0_clk_i/A (sg13g2_buf_8)
     2    0.038003    0.032631    0.089294    0.178018 ^ clkbuf_4_3_0_clk_i/X (sg13g2_buf_8)
                                                         clknet_4_3_0_clk_i (net)
                      0.033133    0.002969    0.180987 ^ clkbuf_5_6__f_clk_i/A (sg13g2_buf_16)
     5    0.024413    0.020623    0.067375    0.248362 ^ clkbuf_5_6__f_clk_i/X (sg13g2_buf_16)
                                                         clknet_5_6__leaf_clk_i (net)
                      0.020649    0.001345    0.249706 ^ _1370_/CLK (sg13g2_dfrbpq_1)
     1    0.003746    0.021783    0.161863    0.411569 v _1370_/Q (sg13g2_dfrbpq_1)
                                                         u_spi.tx_shift[0] (net)
                      0.021783    0.000260    0.411829 v _1175_/C (sg13g2_nand3_1)
     2    0.007900    0.050469    0.052492    0.464320 ^ _1175_/Y (sg13g2_nand3_1)
                                                         _0495_ (net)
                      0.050470    0.000499    0.464819 ^ _1176_/A2 (sg13g2_a21oi_1)
     1    0.002389    0.037845    0.061548    0.526367 v _1176_/Y (sg13g2_a21oi_1)
                                                         _0152_ (net)
                      0.037845    0.000151    0.526518 v _1370_/D (sg13g2_dfrbpq_1)
                                              0.526518   data arrival time

                                  0.000000    0.000000   clock clk_i (rise edge)
                                  0.000000    0.000000   clock source latency
     1    0.040138    0.000000    0.000000    0.000000 ^ clk_i (in)
                                                         clk_i (net)
                      0.006155    0.003077    0.003077 ^ clkbuf_0_clk_i/A (sg13g2_buf_16)
    16    0.204016    0.064014    0.082240    0.085317 ^ clkbuf_0_clk_i/X (sg13g2_buf_16)
                                                         clknet_0_clk_i (net)
                      0.065508    0.007752    0.093070 ^ clkbuf_4_3_0_clk_i/A (sg13g2_buf_8)
     2    0.043348    0.035319    0.093848    0.186918 ^ clkbuf_4_3_0_clk_i/X (sg13g2_buf_8)
                                                         clknet_4_3_0_clk_i (net)
                      0.035915    0.003406    0.190324 ^ clkbuf_5_6__f_clk_i/A (sg13g2_buf_16)
     5    0.026650    0.021263    0.069118    0.259442 ^ clkbuf_5_6__f_clk_i/X (sg13g2_buf_16)
                                                         clknet_5_6__leaf_clk_i (net)
                      0.021293    0.001472    0.260913 ^ _1370_/CLK (sg13g2_dfrbpq_1)
                                  0.100000    0.360913   clock uncertainty
                                 -0.011207    0.349706   clock reconvergence pessimism
                                 -0.039769    0.309937   library hold time
                                              0.309937   data required time
---------------------------------------------------------------------------------------------
                                              0.309937   data required time
                                             -0.526518   data arrival time
---------------------------------------------------------------------------------------------
                                              0.216581   slack (MET)


Startpoint: _1394_ (rising edge-triggered flip-flop clocked by clk_i)
Endpoint: _1394_ (rising edge-triggered flip-flop clocked by clk_i)
Path Group: clk_i
Path Type: min

Fanout         Cap        Slew       Delay        Time   Description
---------------------------------------------------------------------------------------------
                                  0.000000    0.000000   clock clk_i (rise edge)
                                  0.000000    0.000000   clock source latency
     1    0.037465    0.000000    0.000000    0.000000 ^ clk_i (in)
                                                         clk_i (net)
                      0.005567    0.002783    0.002783 ^ clkbuf_0_clk_i/A (sg13g2_buf_16)
    16    0.183519    0.058569    0.078991    0.081774 ^ clkbuf_0_clk_i/X (sg13g2_buf_16)
                                                         clknet_0_clk_i (net)
                      0.062703    0.012015    0.093789 ^ clkbuf_4_15_0_clk_i/A (sg13g2_buf_8)
     2    0.038071    0.032846    0.090910    0.184699 ^ clkbuf_4_15_0_clk_i/X (sg13g2_buf_8)
                                                         clknet_4_15_0_clk_i (net)
                      0.033197    0.002504    0.187203 ^ clkbuf_5_30__f_clk_i/A (sg13g2_buf_16)
     5    0.021677    0.019998    0.066934    0.254137 ^ clkbuf_5_30__f_clk_i/X (sg13g2_buf_16)
                                                         clknet_5_30__leaf_clk_i (net)
                      0.020022    0.001302    0.255439 ^ _1394_/CLK (sg13g2_dfrbpq_1)
     2    0.009321    0.037364    0.175070    0.430509 v _1394_/Q (sg13g2_dfrbpq_1)
                                                         net33 (net)
                      0.037365    0.000247    0.430756 v _0700_/A (sg13g2_inv_1)
     2    0.008602    0.044643    0.048644    0.479400 ^ _0700_/Y (sg13g2_inv_1)
                                                         _0171_ (net)
                      0.044654    0.000561    0.479960 ^ _0751_/A1 (sg13g2_a21oi_1)
     1    0.001858    0.036535    0.053008    0.532968 v _0751_/Y (sg13g2_a21oi_1)
                                                         _0007_ (net)
                      0.036535    0.000069    0.533037 v _1394_/D (sg13g2_dfrbpq_1)
                                              0.533037   data arrival time

                                  0.000000    0.000000   clock clk_i (rise edge)
                                  0.000000    0.000000   clock source latency
     1    0.040138    0.000000    0.000000    0.000000 ^ clk_i (in)
                                                         clk_i (net)
                      0.006155    0.003077    0.003077 ^ clkbuf_0_clk_i/A (sg13g2_buf_16)
    16    0.204016    0.064014    0.082240    0.085317 ^ clkbuf_0_clk_i/X (sg13g2_buf_16)
                                                         clknet_0_clk_i (net)
                      0.068718    0.013390    0.098708 ^ clkbuf_4_15_0_clk_i/A (sg13g2_buf_8)
     2    0.043417    0.035324    0.095723    0.194431 ^ clkbuf_4_15_0_clk_i/X (sg13g2_buf_8)
                                                         clknet_4_15_0_clk_i (net)
                      0.035952    0.002867    0.197298 ^ clkbuf_5_30__f_clk_i/A (sg13g2_buf_16)
     5    0.023914    0.020641    0.068672    0.265970 ^ clkbuf_5_30__f_clk_i/X (sg13g2_buf_16)
                                                         clknet_5_30__leaf_clk_i (net)
                      0.020671    0.001440    0.267410 ^ _1394_/CLK (sg13g2_dfrbpq_1)
                                  0.100000    0.367410   clock uncertainty
                                 -0.011971    0.355439   clock reconvergence pessimism
                                 -0.039483    0.315956   library hold time
                                              0.315956   data required time
---------------------------------------------------------------------------------------------
                                              0.315956   data required time
                                             -0.533037   data arrival time
---------------------------------------------------------------------------------------------
                                              0.217082   slack (MET)


Startpoint: _1379_ (rising edge-triggered flip-flop clocked by clk_i)
Endpoint: _1379_ (rising edge-triggered flip-flop clocked by clk_i)
Path Group: clk_i
Path Type: min

Fanout         Cap        Slew       Delay        Time   Description
---------------------------------------------------------------------------------------------
                                  0.000000    0.000000   clock clk_i (rise edge)
                                  0.000000    0.000000   clock source latency
     1    0.037465    0.000000    0.000000    0.000000 ^ clk_i (in)
                                                         clk_i (net)
                      0.005567    0.002783    0.002783 ^ clkbuf_0_clk_i/A (sg13g2_buf_16)
    16    0.183519    0.058569    0.078991    0.081774 ^ clkbuf_0_clk_i/X (sg13g2_buf_16)
                                                         clknet_0_clk_i (net)
                      0.059829    0.006783    0.088558 ^ clkbuf_4_6_0_clk_i/A (sg13g2_buf_8)
     2    0.037847    0.032574    0.089261    0.177818 ^ clkbuf_4_6_0_clk_i/X (sg13g2_buf_8)
                                                         clknet_4_6_0_clk_i (net)
                      0.033034    0.002842    0.180660 ^ clkbuf_5_12__f_clk_i/A (sg13g2_buf_16)
     6    0.028345    0.021513    0.068155    0.248815 ^ clkbuf_5_12__f_clk_i/X (sg13g2_buf_16)
                                                         clknet_5_12__leaf_clk_i (net)
                      0.021550    0.001688    0.250503 ^ _1379_/CLK (sg13g2_dfrbpq_1)
     3    0.012716    0.047310    0.183718    0.434220 v _1379_/Q (sg13g2_dfrbpq_1)
                                                         spi_rx[1] (net)
                      0.047327    0.000857    0.435077 v _1203_/A (sg13g2_nor2_1)
     1    0.003019    0.045343    0.062652    0.497730 ^ _1203_/Y (sg13g2_nor2_1)
                                                         _0514_ (net)
                      0.045343    0.000216    0.497945 ^ _1204_/C (sg13g2_nor3_1)
     1    0.002336    0.021940    0.035330    0.533275 v _1204_/Y (sg13g2_nor3_1)
                                                         _0161_ (net)
                      0.021940    0.000142    0.533418 v _1379_/D (sg13g2_dfrbpq_1)
                                              0.533418   data arrival time

                                  0.000000    0.000000   clock clk_i (rise edge)
                                  0.000000    0.000000   clock source latency
     1    0.040138    0.000000    0.000000    0.000000 ^ clk_i (in)
                                                         clk_i (net)
                      0.006155    0.003077    0.003077 ^ clkbuf_0_clk_i/A (sg13g2_buf_16)
    16    0.204016    0.064014    0.082240    0.085317 ^ clkbuf_0_clk_i/X (sg13g2_buf_16)
                                                         clknet_0_clk_i (net)
                      0.065430    0.007564    0.092881 ^ clkbuf_4_6_0_clk_i/A (sg13g2_buf_8)
     2    0.043193    0.035257    0.093823    0.186704 ^ clkbuf_4_6_0_clk_i/X (sg13g2_buf_8)
                                                         clknet_4_6_0_clk_i (net)
                      0.035805    0.003263    0.189967 ^ clkbuf_5_12__f_clk_i/A (sg13g2_buf_16)
     6    0.031029    0.022247    0.069990    0.259956 ^ clkbuf_5_12__f_clk_i/X (sg13g2_buf_16)
                                                         clknet_5_12__leaf_clk_i (net)
                      0.022297    0.001852    0.261808 ^ _1379_/CLK (sg13g2_dfrbpq_1)
                                  0.100000    0.361808   clock uncertainty
                                 -0.011305    0.350503   clock reconvergence pessimism
                                 -0.034520    0.315983   library hold time
                                              0.315983   data required time
---------------------------------------------------------------------------------------------
                                              0.315983   data required time
                                             -0.533418   data arrival time
---------------------------------------------------------------------------------------------
                                              0.217435   slack (MET)


Startpoint: _1230_ (rising edge-triggered flip-flop clocked by clk_i)
Endpoint: _1230_ (rising edge-triggered flip-flop clocked by clk_i)
Path Group: clk_i
Path Type: min

Fanout         Cap        Slew       Delay        Time   Description
---------------------------------------------------------------------------------------------
                                  0.000000    0.000000   clock clk_i (rise edge)
                                  0.000000    0.000000   clock source latency
     1    0.037465    0.000000    0.000000    0.000000 ^ clk_i (in)
                                                         clk_i (net)
                      0.005567    0.002783    0.002783 ^ clkbuf_0_clk_i/A (sg13g2_buf_16)
    16    0.183519    0.058569    0.078991    0.081774 ^ clkbuf_0_clk_i/X (sg13g2_buf_16)
                                                         clknet_0_clk_i (net)
                      0.062703    0.012015    0.093789 ^ clkbuf_4_15_0_clk_i/A (sg13g2_buf_8)
     2    0.038071    0.032846    0.090910    0.184699 ^ clkbuf_4_15_0_clk_i/X (sg13g2_buf_8)
                                                         clknet_4_15_0_clk_i (net)
                      0.033182    0.002431    0.187130 ^ clkbuf_5_31__f_clk_i/A (sg13g2_buf_16)
     5    0.026937    0.021199    0.067981    0.255111 ^ clkbuf_5_31__f_clk_i/X (sg13g2_buf_16)
                                                         clknet_5_31__leaf_clk_i (net)
                      0.021236    0.001667    0.256778 ^ _1230_/CLK (sg13g2_dfrbpq_1)
     2    0.006859    0.030228    0.169622    0.426400 v _1230_/Q (sg13g2_dfrbpq_1)
                                                         net26 (net)
                      0.030256    0.000429    0.426829 v _0768_/A2 (sg13g2_o21ai_1)
     1    0.003019    0.047436    0.077121    0.503950 ^ _0768_/Y (sg13g2_o21ai_1)
                                                         _0227_ (net)
                      0.047436    0.000231    0.504181 ^ _0769_/A (sg13g2_nor2_1)
     1    0.001878    0.018436    0.037170    0.541351 v _0769_/Y (sg13g2_nor2_1)
                                                         _0012_ (net)
                      0.018436    0.000070    0.541421 v _1230_/D (sg13g2_dfrbpq_1)
                                              0.541421   data arrival time

                                  0.000000    0.000000   clock clk_i (rise edge)
                                  0.000000    0.000000   clock source latency
     1    0.040138    0.000000    0.000000    0.000000 ^ clk_i (in)
                                                         clk_i (net)
                      0.006155    0.003077    0.003077 ^ clkbuf_0_clk_i/A (sg13g2_buf_16)
    16    0.204016    0.064014    0.082240    0.085317 ^ clkbuf_0_clk_i/X (sg13g2_buf_16)
                                                         clknet_0_clk_i (net)
                      0.068718    0.013390    0.098708 ^ clkbuf_4_15_0_clk_i/A (sg13g2_buf_8)
     2    0.043417    0.035324    0.095723    0.194431 ^ clkbuf_4_15_0_clk_i/X (sg13g2_buf_8)
                                                         clknet_4_15_0_clk_i (net)
                      0.035932    0.002781    0.197211 ^ clkbuf_5_31__f_clk_i/A (sg13g2_buf_16)
     5    0.029174    0.021835    0.069727    0.266938 ^ clkbuf_5_31__f_clk_i/X (sg13g2_buf_16)
                                                         clknet_5_31__leaf_clk_i (net)
                      0.021883    0.001818    0.268756 ^ _1230_/CLK (sg13g2_dfrbpq_1)
                                  0.100000    0.368756   clock uncertainty
                                 -0.011978    0.356778   clock reconvergence pessimism
                                 -0.033496    0.323283   library hold time
                                              0.323283   data required time
---------------------------------------------------------------------------------------------
                                              0.323283   data required time
                                             -0.541421   data arrival time
---------------------------------------------------------------------------------------------
                                              0.218139   slack (MET)


Startpoint: _1239_ (rising edge-triggered flip-flop clocked by clk_i)
Endpoint: _1239_ (rising edge-triggered flip-flop clocked by clk_i)
Path Group: clk_i
Path Type: min

Fanout         Cap        Slew       Delay        Time   Description
---------------------------------------------------------------------------------------------
                                  0.000000    0.000000   clock clk_i (rise edge)
                                  0.000000    0.000000   clock source latency
     1    0.037465    0.000000    0.000000    0.000000 ^ clk_i (in)
                                                         clk_i (net)
                      0.005567    0.002783    0.002783 ^ clkbuf_0_clk_i/A (sg13g2_buf_16)
    16    0.183519    0.058569    0.078991    0.081774 ^ clkbuf_0_clk_i/X (sg13g2_buf_16)
                                                         clknet_0_clk_i (net)
                      0.064417    0.014333    0.096107 ^ clkbuf_4_11_0_clk_i/A (sg13g2_buf_8)
     2    0.035854    0.032049    0.091209    0.187317 ^ clkbuf_4_11_0_clk_i/X (sg13g2_buf_8)
                                                         clknet_4_11_0_clk_i (net)
                      0.032128    0.001431    0.188747 ^ clkbuf_5_23__f_clk_i/A (sg13g2_buf_16)
     5    0.023464    0.020362    0.066757    0.255504 ^ clkbuf_5_23__f_clk_i/X (sg13g2_buf_16)
                                                         clknet_5_23__leaf_clk_i (net)
                      0.020405    0.001719    0.257223 ^ _1239_/CLK (sg13g2_dfrbpq_1)
     2    0.007883    0.033166    0.171678    0.428901 v _1239_/Q (sg13g2_dfrbpq_1)
                                                         net5 (net)
                      0.033174    0.000490    0.429391 v _0795_/A2 (sg13g2_o21ai_1)
     1    0.002862    0.042082    0.077156    0.506547 ^ _0795_/Y (sg13g2_o21ai_1)
                                                         _0245_ (net)
                      0.042082    0.000114    0.506662 ^ _0796_/A (sg13g2_nor2_1)
     1    0.002191    0.019518    0.036105    0.542767 v _0796_/Y (sg13g2_nor2_1)
                                                         _0021_ (net)
                      0.019518    0.000138    0.542905 v _1239_/D (sg13g2_dfrbpq_1)
                                              0.542905   data arrival time

                                  0.000000    0.000000   clock clk_i (rise edge)
                                  0.000000    0.000000   clock source latency
     1    0.040138    0.000000    0.000000    0.000000 ^ clk_i (in)
                                                         clk_i (net)
                      0.006155    0.003077    0.003077 ^ clkbuf_0_clk_i/A (sg13g2_buf_16)
    16    0.204016    0.064014    0.082240    0.085317 ^ clkbuf_0_clk_i/X (sg13g2_buf_16)
                                                         clknet_0_clk_i (net)
                      0.070685    0.015966    0.101284 ^ clkbuf_4_11_0_clk_i/A (sg13g2_buf_8)
     2    0.041199    0.034586    0.096210    0.197494 ^ clkbuf_4_11_0_clk_i/X (sg13g2_buf_8)
                                                         clknet_4_11_0_clk_i (net)
                      0.034804    0.001652    0.199146 ^ clkbuf_5_23__f_clk_i/A (sg13g2_buf_16)
     5    0.025701    0.020999    0.068458    0.267605 ^ clkbuf_5_23__f_clk_i/X (sg13g2_buf_16)
                                                         clknet_5_23__leaf_clk_i (net)
                      0.021051    0.001885    0.269489 ^ _1239_/CLK (sg13g2_dfrbpq_1)
                                  0.100000    0.369489   clock uncertainty
                                 -0.012266    0.357223   clock reconvergence pessimism
                                 -0.034012    0.323211   library hold time
                                              0.323211   data required time
---------------------------------------------------------------------------------------------
                                              0.323211   data required time
                                             -0.542905   data arrival time
---------------------------------------------------------------------------------------------
                                              0.219694   slack (MET)


Startpoint: _1244_ (rising edge-triggered flip-flop clocked by clk_i)
Endpoint: _1244_ (rising edge-triggered flip-flop clocked by clk_i)
Path Group: clk_i
Path Type: min

Fanout         Cap        Slew       Delay        Time   Description
---------------------------------------------------------------------------------------------
                                  0.000000    0.000000   clock clk_i (rise edge)
                                  0.000000    0.000000   clock source latency
     1    0.037465    0.000000    0.000000    0.000000 ^ clk_i (in)
                                                         clk_i (net)
                      0.005567    0.002783    0.002783 ^ clkbuf_0_clk_i/A (sg13g2_buf_16)
    16    0.183519    0.058569    0.078991    0.081774 ^ clkbuf_0_clk_i/X (sg13g2_buf_16)
                                                         clknet_0_clk_i (net)
                      0.064694    0.014678    0.096453 ^ clkbuf_4_10_0_clk_i/A (sg13g2_buf_8)
     2    0.035921    0.032113    0.091700    0.188153 ^ clkbuf_4_10_0_clk_i/X (sg13g2_buf_8)
                                                         clknet_4_10_0_clk_i (net)
                      0.032119    0.000785    0.188938 ^ clkbuf_5_20__f_clk_i/A (sg13g2_buf_16)
     6    0.023209    0.020293    0.066799    0.255737 ^ clkbuf_5_20__f_clk_i/X (sg13g2_buf_16)
                                                         clknet_5_20__leaf_clk_i (net)
                      0.020300    0.000745    0.256481 ^ _1244_/CLK (sg13g2_dfrbpq_1)
     2    0.006860    0.030226    0.169190    0.425671 v _1244_/Q (sg13g2_dfrbpq_1)
                                                         net10 (net)
                      0.030253    0.000414    0.426085 v _0809_/A2 (sg13g2_o21ai_1)
     1    0.003332    0.052906    0.079362    0.505447 ^ _0809_/Y (sg13g2_o21ai_1)
                                                         _0254_ (net)
                      0.052906    0.000129    0.505576 ^ _0810_/B1 (sg13g2_a21oi_1)
     1    0.002599    0.022388    0.035617    0.541193 v _0810_/Y (sg13g2_a21oi_1)
                                                         _0026_ (net)
                      0.022389    0.000100    0.541293 v _1244_/D (sg13g2_dfrbpq_1)
                                              0.541293   data arrival time

                                  0.000000    0.000000   clock clk_i (rise edge)
                                  0.000000    0.000000   clock source latency
     1    0.040138    0.000000    0.000000    0.000000 ^ clk_i (in)
                                                         clk_i (net)
                      0.006155    0.003077    0.003077 ^ clkbuf_0_clk_i/A (sg13g2_buf_16)
    16    0.204016    0.064014    0.082240    0.085317 ^ clkbuf_0_clk_i/X (sg13g2_buf_16)
                                                         clknet_0_clk_i (net)
                      0.071011    0.016360    0.101678 ^ clkbuf_4_10_0_clk_i/A (sg13g2_buf_8)
     2    0.041267    0.034734    0.096817    0.198495 ^ clkbuf_4_10_0_clk_i/X (sg13g2_buf_8)
                                                         clknet_4_10_0_clk_i (net)
                      0.034776    0.000911    0.199406 ^ clkbuf_5_20__f_clk_i/A (sg13g2_buf_16)
     6    0.025893    0.021029    0.068593    0.267999 ^ clkbuf_5_20__f_clk_i/X (sg13g2_buf_16)
                                                         clknet_5_20__leaf_clk_i (net)
                      0.021037    0.000833    0.268832 ^ _1244_/CLK (sg13g2_dfrbpq_1)
                                  0.100000    0.368832   clock uncertainty
                                 -0.012351    0.356481   clock reconvergence pessimism
                                 -0.034925    0.321557   library hold time
                                              0.321557   data required time
---------------------------------------------------------------------------------------------
                                              0.321557   data required time
                                             -0.541293   data arrival time
---------------------------------------------------------------------------------------------
                                              0.219737   slack (MET)


Startpoint: _1378_ (rising edge-triggered flip-flop clocked by clk_i)
Endpoint: _1378_ (rising edge-triggered flip-flop clocked by clk_i)
Path Group: clk_i
Path Type: min

Fanout         Cap        Slew       Delay        Time   Description
---------------------------------------------------------------------------------------------
                                  0.000000    0.000000   clock clk_i (rise edge)
                                  0.000000    0.000000   clock source latency
     1    0.037465    0.000000    0.000000    0.000000 ^ clk_i (in)
                                                         clk_i (net)
                      0.005567    0.002783    0.002783 ^ clkbuf_0_clk_i/A (sg13g2_buf_16)
    16    0.183519    0.058569    0.078991    0.081774 ^ clkbuf_0_clk_i/X (sg13g2_buf_16)
                                                         clknet_0_clk_i (net)
                      0.059829    0.006783    0.088558 ^ clkbuf_4_6_0_clk_i/A (sg13g2_buf_8)
     2    0.037847    0.032574    0.089261    0.177818 ^ clkbuf_4_6_0_clk_i/X (sg13g2_buf_8)
                                                         clknet_4_6_0_clk_i (net)
                      0.033034    0.002842    0.180660 ^ clkbuf_5_12__f_clk_i/A (sg13g2_buf_16)
     6    0.028345    0.021513    0.068155    0.248815 ^ clkbuf_5_12__f_clk_i/X (sg13g2_buf_16)
                                                         clknet_5_12__leaf_clk_i (net)
                      0.021536    0.001358    0.250174 ^ _1378_/CLK (sg13g2_dfrbpq_1)
     3    0.014546    0.052760    0.187986    0.438160 v _1378_/Q (sg13g2_dfrbpq_1)
                                                         spi_rx[0] (net)
                      0.052794    0.001217    0.439377 v _1200_/A (sg13g2_nor2_1)
     1    0.002658    0.043315    0.062230    0.501607 ^ _1200_/Y (sg13g2_nor2_1)
                                                         _0512_ (net)
                      0.043315    0.000105    0.501712 ^ _1201_/C (sg13g2_nor3_1)
     1    0.002176    0.021130    0.034286    0.535998 v _1201_/Y (sg13g2_nor3_1)
                                                         _0160_ (net)
                      0.021130    0.000079    0.536077 v _1378_/D (sg13g2_dfrbpq_1)
                                              0.536077   data arrival time

                                  0.000000    0.000000   clock clk_i (rise edge)
                                  0.000000    0.000000   clock source latency
     1    0.040138    0.000000    0.000000    0.000000 ^ clk_i (in)
                                                         clk_i (net)
                      0.006155    0.003077    0.003077 ^ clkbuf_0_clk_i/A (sg13g2_buf_16)
    16    0.204016    0.064014    0.082240    0.085317 ^ clkbuf_0_clk_i/X (sg13g2_buf_16)
                                                         clknet_0_clk_i (net)
                      0.065430    0.007564    0.092881 ^ clkbuf_4_6_0_clk_i/A (sg13g2_buf_8)
     2    0.043193    0.035257    0.093823    0.186704 ^ clkbuf_4_6_0_clk_i/X (sg13g2_buf_8)
                                                         clknet_4_6_0_clk_i (net)
                      0.035805    0.003263    0.189967 ^ clkbuf_5_12__f_clk_i/A (sg13g2_buf_16)
     6    0.031029    0.022247    0.069990    0.259956 ^ clkbuf_5_12__f_clk_i/X (sg13g2_buf_16)
                                                         clknet_5_12__leaf_clk_i (net)
                      0.022275    0.001493    0.261449 ^ _1378_/CLK (sg13g2_dfrbpq_1)
                                  0.100000    0.361449   clock uncertainty
                                 -0.011276    0.350173   clock reconvergence pessimism
                                 -0.034268    0.315906   library hold time
                                              0.315906   data required time
---------------------------------------------------------------------------------------------
                                              0.315906   data required time
                                             -0.536077   data arrival time
---------------------------------------------------------------------------------------------
                                              0.220172   slack (MET)


Startpoint: _1256_ (rising edge-triggered flip-flop clocked by clk_i)
Endpoint: _1256_ (rising edge-triggered flip-flop clocked by clk_i)
Path Group: clk_i
Path Type: min

Fanout         Cap        Slew       Delay        Time   Description
---------------------------------------------------------------------------------------------
                                  0.000000    0.000000   clock clk_i (rise edge)
                                  0.000000    0.000000   clock source latency
     1    0.037465    0.000000    0.000000    0.000000 ^ clk_i (in)
                                                         clk_i (net)
                      0.005567    0.002783    0.002783 ^ clkbuf_0_clk_i/A (sg13g2_buf_16)
    16    0.183519    0.058569    0.078991    0.081774 ^ clkbuf_0_clk_i/X (sg13g2_buf_16)
                                                         clknet_0_clk_i (net)
                      0.063046    0.012508    0.094282 ^ clkbuf_4_8_0_clk_i/A (sg13g2_buf_8)
     2    0.037694    0.032701    0.090964    0.185246 ^ clkbuf_4_8_0_clk_i/X (sg13g2_buf_8)
                                                         clknet_4_8_0_clk_i (net)
                      0.033008    0.002331    0.187577 ^ clkbuf_5_17__f_clk_i/A (sg13g2_buf_16)
     6    0.021517    0.019949    0.066882    0.254459 ^ clkbuf_5_17__f_clk_i/X (sg13g2_buf_16)
                                                         clknet_5_17__leaf_clk_i (net)
                      0.019964    0.001052    0.255511 ^ _1256_/CLK (sg13g2_dfrbpq_1)
     2    0.006966    0.030529    0.169279    0.424790 v _1256_/Q (sg13g2_dfrbpq_1)
                                                         net22 (net)
                      0.030557    0.000424    0.425214 v _0834_/A2 (sg13g2_o21ai_1)
     1    0.003506    0.053591    0.080711    0.505925 ^ _0834_/Y (sg13g2_o21ai_1)
                                                         _0267_ (net)
                      0.053591    0.000135    0.506061 ^ _0835_/B1 (sg13g2_a21oi_1)
     1    0.002270    0.021659    0.034897    0.540958 v _0835_/Y (sg13g2_a21oi_1)
                                                         _0038_ (net)
                      0.021659    0.000085    0.541043 v _1256_/D (sg13g2_dfrbpq_1)
                                              0.541043   data arrival time

                                  0.000000    0.000000   clock clk_i (rise edge)
                                  0.000000    0.000000   clock source latency
     1    0.040138    0.000000    0.000000    0.000000 ^ clk_i (in)
                                                         clk_i (net)
                      0.006155    0.003077    0.003077 ^ clkbuf_0_clk_i/A (sg13g2_buf_16)
    16    0.204016    0.064014    0.082240    0.085317 ^ clkbuf_0_clk_i/X (sg13g2_buf_16)
                                                         clknet_0_clk_i (net)
                      0.069099    0.013921    0.099238 ^ clkbuf_4_8_0_clk_i/A (sg13g2_buf_8)
     2    0.043040    0.035193    0.095802    0.195040 ^ clkbuf_4_8_0_clk_i/X (sg13g2_buf_8)
                                                         clknet_4_8_0_clk_i (net)
                      0.035752    0.002671    0.197710 ^ clkbuf_5_17__f_clk_i/A (sg13g2_buf_16)
     6    0.024443    0.020748    0.068758    0.266469 ^ clkbuf_5_17__f_clk_i/X (sg13g2_buf_16)
                                                         clknet_5_17__leaf_clk_i (net)
                      0.020766    0.001190    0.267659 ^ _1256_/CLK (sg13g2_dfrbpq_1)
                                  0.100000    0.367659   clock uncertainty
                                 -0.012148    0.355511   clock reconvergence pessimism
                                 -0.034750    0.320761   library hold time
                                              0.320761   data required time
---------------------------------------------------------------------------------------------
                                              0.320761   data required time
                                             -0.541043   data arrival time
---------------------------------------------------------------------------------------------
                                              0.220282   slack (MET)


Startpoint: _1377_ (rising edge-triggered flip-flop clocked by clk_i)
Endpoint: _1377_ (rising edge-triggered flip-flop clocked by clk_i)
Path Group: clk_i
Path Type: min

Fanout         Cap        Slew       Delay        Time   Description
---------------------------------------------------------------------------------------------
                                  0.000000    0.000000   clock clk_i (rise edge)
                                  0.000000    0.000000   clock source latency
     1    0.037465    0.000000    0.000000    0.000000 ^ clk_i (in)
                                                         clk_i (net)
                      0.005567    0.002783    0.002783 ^ clkbuf_0_clk_i/A (sg13g2_buf_16)
    16    0.183519    0.058569    0.078991    0.081774 ^ clkbuf_0_clk_i/X (sg13g2_buf_16)
                                                         clknet_0_clk_i (net)
                      0.060141    0.007518    0.089293 ^ clkbuf_4_2_0_clk_i/A (sg13g2_buf_8)
     2    0.036027    0.031976    0.089381    0.178674 ^ clkbuf_4_2_0_clk_i/X (sg13g2_buf_8)
                                                         clknet_4_2_0_clk_i (net)
                      0.031987    0.000793    0.179466 ^ clkbuf_5_4__f_clk_i/A (sg13g2_buf_16)
     6    0.026136    0.020959    0.067171    0.246637 ^ clkbuf_5_4__f_clk_i/X (sg13g2_buf_16)
                                                         clknet_5_4__leaf_clk_i (net)
                      0.020983    0.001316    0.247953 ^ _1377_/CLK (sg13g2_dfrbpq_1)
     2    0.010740    0.041535    0.178930    0.426883 v _1377_/Q (sg13g2_dfrbpq_1)
                                                         net69 (net)
                      0.041539    0.000423    0.427306 v _1195_/A (sg13g2_nor2_1)
     1    0.003377    0.047358    0.062963    0.490269 ^ _1195_/Y (sg13g2_nor2_1)
                                                         _0508_ (net)
                      0.047358    0.000238    0.490507 ^ _1197_/C (sg13g2_nor4_1)
     1    0.001647    0.025474    0.041920    0.532427 v _1197_/Y (sg13g2_nor4_1)
                                                         _0159_ (net)
                      0.025474    0.000064    0.532490 v _1377_/D (sg13g2_dfrbpq_1)
                                              0.532490   data arrival time

                                  0.000000    0.000000   clock clk_i (rise edge)
                                  0.000000    0.000000   clock source latency
     1    0.040138    0.000000    0.000000    0.000000 ^ clk_i (in)
                                                         clk_i (net)
                      0.006155    0.003077    0.003077 ^ clkbuf_0_clk_i/A (sg13g2_buf_16)
    16    0.204016    0.064014    0.082240    0.085317 ^ clkbuf_0_clk_i/X (sg13g2_buf_16)
                                                         clknet_0_clk_i (net)
                      0.065786    0.008384    0.093702 ^ clkbuf_4_2_0_clk_i/A (sg13g2_buf_8)
     2    0.041372    0.034522    0.094130    0.187832 ^ clkbuf_4_2_0_clk_i/X (sg13g2_buf_8)
                                                         clknet_4_2_0_clk_i (net)
                      0.034555    0.000920    0.188751 ^ clkbuf_5_4__f_clk_i/A (sg13g2_buf_16)
     6    0.028821    0.021687    0.068895    0.257646 ^ clkbuf_5_4__f_clk_i/X (sg13g2_buf_16)
                                                         clknet_5_4__leaf_clk_i (net)
                      0.021715    0.001455    0.259101 ^ _1377_/CLK (sg13g2_dfrbpq_1)
                                  0.100000    0.359101   clock uncertainty
                                 -0.011148    0.347953   clock reconvergence pessimism
                                 -0.035761    0.312192   library hold time
                                              0.312192   data required time
---------------------------------------------------------------------------------------------
                                              0.312192   data required time
                                             -0.532490   data arrival time
---------------------------------------------------------------------------------------------
                                              0.220299   slack (MET)


Startpoint: _1270_ (rising edge-triggered flip-flop clocked by clk_i)
Endpoint: _1270_ (rising edge-triggered flip-flop clocked by clk_i)
Path Group: clk_i
Path Type: min

Fanout         Cap        Slew       Delay        Time   Description
---------------------------------------------------------------------------------------------
                                  0.000000    0.000000   clock clk_i (rise edge)
                                  0.000000    0.000000   clock source latency
     1    0.037465    0.000000    0.000000    0.000000 ^ clk_i (in)
                                                         clk_i (net)
                      0.005567    0.002783    0.002783 ^ clkbuf_0_clk_i/A (sg13g2_buf_16)
    16    0.183519    0.058569    0.078991    0.081774 ^ clkbuf_0_clk_i/X (sg13g2_buf_16)
                                                         clknet_0_clk_i (net)
                      0.064694    0.014678    0.096453 ^ clkbuf_4_10_0_clk_i/A (sg13g2_buf_8)
     2    0.035921    0.032113    0.091700    0.188153 ^ clkbuf_4_10_0_clk_i/X (sg13g2_buf_8)
                                                         clknet_4_10_0_clk_i (net)
                      0.032121    0.000877    0.189030 ^ clkbuf_5_21__f_clk_i/A (sg13g2_buf_16)
     6    0.023752    0.020418    0.066914    0.255945 ^ clkbuf_5_21__f_clk_i/X (sg13g2_buf_16)
                                                         clknet_5_21__leaf_clk_i (net)
                      0.020425    0.000747    0.256692 ^ _1270_/CLK (sg13g2_dfrbpq_1)
     5    0.019845    0.068891    0.200228    0.456920 v _1270_/Q (sg13g2_dfrbpq_1)
                                                         u_boot_ctrl.word_cnt[11] (net)
                      0.068904    0.000928    0.457848 v _0877_/B1 (sg13g2_a21oi_1)
     1    0.002967    0.042029    0.052831    0.510680 ^ _0877_/Y (sg13g2_a21oi_1)
                                                         _0296_ (net)
                      0.042029    0.000117    0.510797 ^ _0880_/C (sg13g2_nor3_1)
     1    0.001825    0.019973    0.033000    0.543796 v _0880_/Y (sg13g2_nor3_1)
                                                         _0052_ (net)
                      0.019973    0.000069    0.543865 v _1270_/D (sg13g2_dfrbpq_1)
                                              0.543865   data arrival time

                                  0.000000    0.000000   clock clk_i (rise edge)
                                  0.000000    0.000000   clock source latency
     1    0.040138    0.000000    0.000000    0.000000 ^ clk_i (in)
                                                         clk_i (net)
                      0.006155    0.003077    0.003077 ^ clkbuf_0_clk_i/A (sg13g2_buf_16)
    16    0.204016    0.064014    0.082240    0.085317 ^ clkbuf_0_clk_i/X (sg13g2_buf_16)
                                                         clknet_0_clk_i (net)
                      0.071011    0.016360    0.101678 ^ clkbuf_4_10_0_clk_i/A (sg13g2_buf_8)
     2    0.041267    0.034734    0.096817    0.198495 ^ clkbuf_4_10_0_clk_i/X (sg13g2_buf_8)
                                                         clknet_4_10_0_clk_i (net)
                      0.034785    0.001016    0.199510 ^ clkbuf_5_21__f_clk_i/A (sg13g2_buf_16)
     6    0.026679    0.021208    0.068763    0.268273 ^ clkbuf_5_21__f_clk_i/X (sg13g2_buf_16)
                                                         clknet_5_21__leaf_clk_i (net)
                      0.021216    0.000830    0.269103 ^ _1270_/CLK (sg13g2_dfrbpq_1)
                                  0.100000    0.369103   clock uncertainty
                                 -0.012411    0.356692   clock reconvergence pessimism
                                 -0.034122    0.322570   library hold time
                                              0.322570   data required time
---------------------------------------------------------------------------------------------
                                              0.322570   data required time
                                             -0.543865   data arrival time
---------------------------------------------------------------------------------------------
                                              0.221295   slack (MET)


Startpoint: _1255_ (rising edge-triggered flip-flop clocked by clk_i)
Endpoint: _1255_ (rising edge-triggered flip-flop clocked by clk_i)
Path Group: clk_i
Path Type: min

Fanout         Cap        Slew       Delay        Time   Description
---------------------------------------------------------------------------------------------
                                  0.000000    0.000000   clock clk_i (rise edge)
                                  0.000000    0.000000   clock source latency
     1    0.037465    0.000000    0.000000    0.000000 ^ clk_i (in)
                                                         clk_i (net)
                      0.005567    0.002783    0.002783 ^ clkbuf_0_clk_i/A (sg13g2_buf_16)
    16    0.183519    0.058569    0.078991    0.081774 ^ clkbuf_0_clk_i/X (sg13g2_buf_16)
                                                         clknet_0_clk_i (net)
                      0.063046    0.012508    0.094282 ^ clkbuf_4_8_0_clk_i/A (sg13g2_buf_8)
     2    0.037694    0.032701    0.090964    0.185246 ^ clkbuf_4_8_0_clk_i/X (sg13g2_buf_8)
                                                         clknet_4_8_0_clk_i (net)
                      0.033031    0.002447    0.187693 ^ clkbuf_5_16__f_clk_i/A (sg13g2_buf_16)
     6    0.031614    0.022241    0.068775    0.256469 ^ clkbuf_5_16__f_clk_i/X (sg13g2_buf_16)
                                                         clknet_5_16__leaf_clk_i (net)
                      0.022262    0.001326    0.257795 ^ _1255_/CLK (sg13g2_dfrbpq_1)
     2    0.007518    0.032149    0.171810    0.429605 v _1255_/Q (sg13g2_dfrbpq_1)
                                                         net21 (net)
                      0.032151    0.000269    0.429874 v _0832_/A2 (sg13g2_o21ai_1)
     1    0.003226    0.049637    0.079345    0.509219 ^ _0832_/Y (sg13g2_o21ai_1)
                                                         _0266_ (net)
                      0.049637    0.000125    0.509344 ^ _0833_/B1 (sg13g2_a21oi_1)
     1    0.002820    0.022342    0.035243    0.544587 v _0833_/Y (sg13g2_a21oi_1)
                                                         _0037_ (net)
                      0.022342    0.000178    0.544765 v _1255_/D (sg13g2_dfrbpq_1)
                                              0.544765   data arrival time

                                  0.000000    0.000000   clock clk_i (rise edge)
                                  0.000000    0.000000   clock source latency
     1    0.040138    0.000000    0.000000    0.000000 ^ clk_i (in)
                                                         clk_i (net)
                      0.006155    0.003077    0.003077 ^ clkbuf_0_clk_i/A (sg13g2_buf_16)
    16    0.204016    0.064014    0.082240    0.085317 ^ clkbuf_0_clk_i/X (sg13g2_buf_16)
                                                         clknet_0_clk_i (net)
                      0.069099    0.013921    0.099238 ^ clkbuf_4_8_0_clk_i/A (sg13g2_buf_8)
     2    0.043040    0.035193    0.095802    0.195040 ^ clkbuf_4_8_0_clk_i/X (sg13g2_buf_8)
                                                         clknet_4_8_0_clk_i (net)
                      0.035782    0.002803    0.197843 ^ clkbuf_5_16__f_clk_i/A (sg13g2_buf_16)
     6    0.034298    0.022970    0.070601    0.268444 ^ clkbuf_5_16__f_clk_i/X (sg13g2_buf_16)
                                                         clknet_5_16__leaf_clk_i (net)
                      0.022993    0.001438    0.269882 ^ _1255_/CLK (sg13g2_dfrbpq_1)
                                  0.100000    0.369882   clock uncertainty
                                 -0.012087    0.357795   clock reconvergence pessimism
                                 -0.034502    0.323293   library hold time
                                              0.323293   data required time
---------------------------------------------------------------------------------------------
                                              0.323293   data required time
                                             -0.544765   data arrival time
---------------------------------------------------------------------------------------------
                                              0.221472   slack (MET)


Startpoint: _1363_ (rising edge-triggered flip-flop clocked by clk_i)
Endpoint: _1363_ (rising edge-triggered flip-flop clocked by clk_i)
Path Group: clk_i
Path Type: min

Fanout         Cap        Slew       Delay        Time   Description
---------------------------------------------------------------------------------------------
                                  0.000000    0.000000   clock clk_i (rise edge)
                                  0.000000    0.000000   clock source latency
     1    0.037465    0.000000    0.000000    0.000000 ^ clk_i (in)
                                                         clk_i (net)
                      0.005567    0.002783    0.002783 ^ clkbuf_0_clk_i/A (sg13g2_buf_16)
    16    0.183519    0.058569    0.078991    0.081774 ^ clkbuf_0_clk_i/X (sg13g2_buf_16)
                                                         clknet_0_clk_i (net)
                      0.059897    0.006950    0.088724 ^ clkbuf_4_3_0_clk_i/A (sg13g2_buf_8)
     2    0.038003    0.032631    0.089294    0.178018 ^ clkbuf_4_3_0_clk_i/X (sg13g2_buf_8)
                                                         clknet_4_3_0_clk_i (net)
                      0.033175    0.003130    0.181148 ^ clkbuf_5_7__f_clk_i/A (sg13g2_buf_16)
     5    0.021094    0.019867    0.066772    0.247919 ^ clkbuf_5_7__f_clk_i/X (sg13g2_buf_16)
                                                         clknet_5_7__leaf_clk_i (net)
                      0.019900    0.001477    0.249396 ^ _1363_/CLK (sg13g2_dfrbpq_1)
     5    0.016433    0.058454    0.192184    0.441581 v _1363_/Q (sg13g2_dfrbpq_1)
                                                         u_spi.div_cnt[1] (net)
                      0.058456    0.000413    0.441994 v _1156_/B1 (sg13g2_a21oi_1)
     1    0.004446    0.047676    0.056604    0.498598 ^ _1156_/Y (sg13g2_a21oi_1)
                                                         _0483_ (net)
                      0.047677    0.000282    0.498880 ^ _1157_/D (sg13g2_nor4_1)
     1    0.001890    0.022802    0.037362    0.536242 v _1157_/Y (sg13g2_nor4_1)
                                                         _0145_ (net)
                      0.022802    0.000128    0.536370 v _1363_/D (sg13g2_dfrbpq_1)
                                              0.536370   data arrival time

                                  0.000000    0.000000   clock clk_i (rise edge)
                                  0.000000    0.000000   clock source latency
     1    0.040138    0.000000    0.000000    0.000000 ^ clk_i (in)
                                                         clk_i (net)
                      0.006155    0.003077    0.003077 ^ clkbuf_0_clk_i/A (sg13g2_buf_16)
    16    0.204016    0.064014    0.082240    0.085317 ^ clkbuf_0_clk_i/X (sg13g2_buf_16)
                                                         clknet_0_clk_i (net)
                      0.065508    0.007752    0.093070 ^ clkbuf_4_3_0_clk_i/A (sg13g2_buf_8)
     2    0.043348    0.035319    0.093848    0.186918 ^ clkbuf_4_3_0_clk_i/X (sg13g2_buf_8)
                                                         clknet_4_3_0_clk_i (net)
                      0.035968    0.003586    0.190504 ^ clkbuf_5_7__f_clk_i/A (sg13g2_buf_16)
     5    0.023331    0.020514    0.068519    0.259023 ^ clkbuf_5_7__f_clk_i/X (sg13g2_buf_16)
                                                         clknet_5_7__leaf_clk_i (net)
                      0.020554    0.001638    0.260660 ^ _1363_/CLK (sg13g2_dfrbpq_1)
                                  0.100000    0.360661   clock uncertainty
                                 -0.011264    0.349396   clock reconvergence pessimism
                                 -0.035156    0.314240   library hold time
                                              0.314240   data required time
---------------------------------------------------------------------------------------------
                                              0.314240   data required time
                                             -0.536370   data arrival time
---------------------------------------------------------------------------------------------
                                              0.222130   slack (MET)


Startpoint: _1300_ (rising edge-triggered flip-flop clocked by clk_i)
Endpoint: _1308_ (rising edge-triggered flip-flop clocked by clk_i)
Path Group: clk_i
Path Type: min

Fanout         Cap        Slew       Delay        Time   Description
---------------------------------------------------------------------------------------------
                                  0.000000    0.000000   clock clk_i (rise edge)
                                  0.000000    0.000000   clock source latency
     1    0.037465    0.000000    0.000000    0.000000 ^ clk_i (in)
                                                         clk_i (net)
                      0.005567    0.002783    0.002783 ^ clkbuf_0_clk_i/A (sg13g2_buf_16)
    16    0.183519    0.058569    0.078991    0.081774 ^ clkbuf_0_clk_i/X (sg13g2_buf_16)
                                                         clknet_0_clk_i (net)
                      0.061226    0.009656    0.091431 ^ clkbuf_4_1_0_clk_i/A (sg13g2_buf_8)
     2    0.035302    0.031677    0.089472    0.180903 ^ clkbuf_4_1_0_clk_i/X (sg13g2_buf_8)
                                                         clknet_4_1_0_clk_i (net)
                      0.031812    0.001930    0.182834 ^ clkbuf_5_3__f_clk_i/A (sg13g2_buf_16)
     6    0.025526    0.020809    0.067043    0.249877 ^ clkbuf_5_3__f_clk_i/X (sg13g2_buf_16)
                                                         clknet_5_3__leaf_clk_i (net)
                      0.020824    0.001070    0.250947 ^ _1300_/CLK (sg13g2_dfrbpq_1)
     3    0.012494    0.046770    0.182952    0.433899 v _1300_/Q (sg13g2_dfrbpq_1)
                                                         u_boot_ctrl.word_asm[7] (net)
                      0.046779    0.000627    0.434526 v _1020_/A (sg13g2_nor2_1)
     1    0.003950    0.052144    0.068041    0.502567 ^ _1020_/Y (sg13g2_nor2_1)
                                                         _0401_ (net)
                      0.052144    0.000158    0.502725 ^ _1022_/C (sg13g2_nor3_1)
     1    0.001713    0.021691    0.035869    0.538595 v _1022_/Y (sg13g2_nor3_1)
                                                         _0090_ (net)
                      0.021691    0.000066    0.538661 v _1308_/D (sg13g2_dfrbpq_1)
                                              0.538661   data arrival time

                                  0.000000    0.000000   clock clk_i (rise edge)
                                  0.000000    0.000000   clock source latency
     1    0.040138    0.000000    0.000000    0.000000 ^ clk_i (in)
                                                         clk_i (net)
                      0.006155    0.003077    0.003077 ^ clkbuf_0_clk_i/A (sg13g2_buf_16)
    16    0.204016    0.064014    0.082240    0.085317 ^ clkbuf_0_clk_i/X (sg13g2_buf_16)
                                                         clknet_0_clk_i (net)
                      0.067040    0.010791    0.096108 ^ clkbuf_4_1_0_clk_i/A (sg13g2_buf_8)
     2    0.040647    0.034204    0.094262    0.190370 ^ clkbuf_4_1_0_clk_i/X (sg13g2_buf_8)
                                                         clknet_4_1_0_clk_i (net)
                      0.034502    0.002230    0.192601 ^ clkbuf_5_3__f_clk_i/A (sg13g2_buf_16)
     6    0.028452    0.021599    0.068884    0.261485 ^ clkbuf_5_3__f_clk_i/X (sg13g2_buf_16)
                                                         clknet_5_3__leaf_clk_i (net)
                      0.021614    0.001124    0.262609 ^ _1308_/CLK (sg13g2_dfrbpq_1)
                                  0.100000    0.362609   clock uncertainty
                                 -0.011609    0.351001   clock reconvergence pessimism
                                 -0.034583    0.316417   library hold time
                                              0.316417   data required time
---------------------------------------------------------------------------------------------
                                              0.316417   data required time
                                             -0.538661   data arrival time
---------------------------------------------------------------------------------------------
                                              0.222243   slack (MET)


Startpoint: _1262_ (rising edge-triggered flip-flop clocked by clk_i)
Endpoint: _1232_ (rising edge-triggered flip-flop clocked by clk_i)
Path Group: clk_i
Path Type: min

Fanout         Cap        Slew       Delay        Time   Description
---------------------------------------------------------------------------------------------
                                  0.000000    0.000000   clock clk_i (rise edge)
                                  0.000000    0.000000   clock source latency
     1    0.037465    0.000000    0.000000    0.000000 ^ clk_i (in)
                                                         clk_i (net)
                      0.005567    0.002783    0.002783 ^ clkbuf_0_clk_i/A (sg13g2_buf_16)
    16    0.183519    0.058569    0.078991    0.081774 ^ clkbuf_0_clk_i/X (sg13g2_buf_16)
                                                         clknet_0_clk_i (net)
                      0.064417    0.014333    0.096107 ^ clkbuf_4_11_0_clk_i/A (sg13g2_buf_8)
     2    0.035854    0.032049    0.091209    0.187317 ^ clkbuf_4_11_0_clk_i/X (sg13g2_buf_8)
                                                         clknet_4_11_0_clk_i (net)
                      0.032202    0.002014    0.189331 ^ clkbuf_5_22__f_clk_i/A (sg13g2_buf_16)
     5    0.031394    0.022153    0.068221    0.257552 ^ clkbuf_5_22__f_clk_i/X (sg13g2_buf_16)
                                                         clknet_5_22__leaf_clk_i (net)
                      0.022191    0.001688    0.259240 ^ _1262_/CLK (sg13g2_dfrbpq_1)
     5    0.019673    0.068406    0.200587    0.459827 v _1262_/Q (sg13g2_dfrbpq_1)
                                                         u_boot_ctrl.word_cnt[3] (net)
                      0.068435    0.001305    0.461132 v _0773_/A (sg13g2_nor2b_1)
     1    0.002845    0.042870    0.061527    0.522659 ^ _0773_/Y (sg13g2_nor2b_1)
                                                         _0230_ (net)
                      0.042870    0.000111    0.522770 ^ _0775_/B (sg13g2_nor2_1)
     1    0.001615    0.017750    0.030175    0.552945 v _0775_/Y (sg13g2_nor2_1)
                                                         _0014_ (net)
                      0.017750    0.000063    0.553008 v _1232_/D (sg13g2_dfrbpq_1)
                                              0.553008   data arrival time

                                  0.000000    0.000000   clock clk_i (rise edge)
                                  0.000000    0.000000   clock source latency
     1    0.040138    0.000000    0.000000    0.000000 ^ clk_i (in)
                                                         clk_i (net)
                      0.006155    0.003077    0.003077 ^ clkbuf_0_clk_i/A (sg13g2_buf_16)
    16    0.204016    0.064014    0.082240    0.085317 ^ clkbuf_0_clk_i/X (sg13g2_buf_16)
                                                         clknet_0_clk_i (net)
                      0.068691    0.013352    0.098669 ^ clkbuf_4_14_0_clk_i/A (sg13g2_buf_8)
     2    0.043050    0.035287    0.095926    0.194595 ^ clkbuf_4_14_0_clk_i/X (sg13g2_buf_8)
                                                         clknet_4_14_0_clk_i (net)
                      0.035555    0.001603    0.196198 ^ clkbuf_5_29__f_clk_i/A (sg13g2_buf_16)
     6    0.030713    0.022158    0.069800    0.265998 ^ clkbuf_5_29__f_clk_i/X (sg13g2_buf_16)
                                                         clknet_5_29__leaf_clk_i (net)
                      0.022183    0.001437    0.267435 ^ _1232_/CLK (sg13g2_dfrbpq_1)
                                  0.100000    0.367435   clock uncertainty
                                 -0.003543    0.363892   clock reconvergence pessimism
                                 -0.033216    0.330677   library hold time
                                              0.330677   data required time
---------------------------------------------------------------------------------------------
                                              0.330677   data required time
                                             -0.553008   data arrival time
---------------------------------------------------------------------------------------------
                                              0.222332   slack (MET)


Startpoint: _1396_ (rising edge-triggered flip-flop clocked by clk_i)
Endpoint: _1396_ (rising edge-triggered flip-flop clocked by clk_i)
Path Group: clk_i
Path Type: min

Fanout         Cap        Slew       Delay        Time   Description
---------------------------------------------------------------------------------------------
                                  0.000000    0.000000   clock clk_i (rise edge)
                                  0.000000    0.000000   clock source latency
     1    0.037465    0.000000    0.000000    0.000000 ^ clk_i (in)
                                                         clk_i (net)
                      0.005567    0.002783    0.002783 ^ clkbuf_0_clk_i/A (sg13g2_buf_16)
    16    0.183519    0.058569    0.078991    0.081774 ^ clkbuf_0_clk_i/X (sg13g2_buf_16)
                                                         clknet_0_clk_i (net)
                      0.062711    0.012027    0.093801 ^ clkbuf_4_12_0_clk_i/A (sg13g2_buf_8)
     2    0.034811    0.031533    0.090015    0.183816 ^ clkbuf_4_12_0_clk_i/X (sg13g2_buf_8)
                                                         clknet_4_12_0_clk_i (net)
                      0.031581    0.001256    0.185071 ^ clkbuf_5_24__f_clk_i/A (sg13g2_buf_16)
     6    0.028544    0.021485    0.067369    0.252440 ^ clkbuf_5_24__f_clk_i/X (sg13g2_buf_16)
                                                         clknet_5_24__leaf_clk_i (net)
                      0.021554    0.002068    0.254508 ^ _1396_/CLK (sg13g2_dfrbpq_1)
     4    0.011609    0.044116    0.181249    0.435757 v _1396_/Q (sg13g2_dfrbpq_1)
                                                         u_boot_ctrl.state[8] (net)
                      0.044117    0.000292    0.436049 v _0724_/A1 (sg13g2_a21o_1)
     1    0.002614    0.021646    0.106384    0.542433 v _0724_/X (sg13g2_a21o_1)
                                                         _0009_ (net)
                      0.021646    0.000152    0.542586 v _1396_/D (sg13g2_dfrbpq_1)
                                              0.542586   data arrival time

                                  0.000000    0.000000   clock clk_i (rise edge)
                                  0.000000    0.000000   clock source latency
     1    0.040138    0.000000    0.000000    0.000000 ^ clk_i (in)
                                                         clk_i (net)
                      0.006155    0.003077    0.003077 ^ clkbuf_0_clk_i/A (sg13g2_buf_16)
    16    0.204016    0.064014    0.082240    0.085317 ^ clkbuf_0_clk_i/X (sg13g2_buf_16)
                                                         clknet_0_clk_i (net)
                      0.068727    0.013403    0.098720 ^ clkbuf_4_12_0_clk_i/A (sg13g2_buf_8)
     2    0.040157    0.034068    0.094903    0.193623 ^ clkbuf_4_12_0_clk_i/X (sg13g2_buf_8)
                                                         clknet_4_12_0_clk_i (net)
                      0.034231    0.001454    0.195077 ^ clkbuf_5_24__f_clk_i/A (sg13g2_buf_16)
     6    0.031228    0.022211    0.069122    0.264199 ^ clkbuf_5_24__f_clk_i/X (sg13g2_buf_16)
                                                         clknet_5_24__leaf_clk_i (net)
                      0.022294    0.002275    0.266474 ^ _1396_/CLK (sg13g2_dfrbpq_1)
                                  0.100000    0.366474   clock uncertainty
                                 -0.011966    0.354508   clock reconvergence pessimism
                                 -0.034427    0.320081   library hold time
                                              0.320081   data required time
---------------------------------------------------------------------------------------------
                                              0.320081   data required time
                                             -0.542586   data arrival time
---------------------------------------------------------------------------------------------
                                              0.222505   slack (MET)


Startpoint: _1240_ (rising edge-triggered flip-flop clocked by clk_i)
Endpoint: _1240_ (rising edge-triggered flip-flop clocked by clk_i)
Path Group: clk_i
Path Type: min

Fanout         Cap        Slew       Delay        Time   Description
---------------------------------------------------------------------------------------------
                                  0.000000    0.000000   clock clk_i (rise edge)
                                  0.000000    0.000000   clock source latency
     1    0.037465    0.000000    0.000000    0.000000 ^ clk_i (in)
                                                         clk_i (net)
                      0.005567    0.002783    0.002783 ^ clkbuf_0_clk_i/A (sg13g2_buf_16)
    16    0.183519    0.058569    0.078991    0.081774 ^ clkbuf_0_clk_i/X (sg13g2_buf_16)
                                                         clknet_0_clk_i (net)
                      0.064694    0.014678    0.096453 ^ clkbuf_4_10_0_clk_i/A (sg13g2_buf_8)
     2    0.035921    0.032113    0.091700    0.188153 ^ clkbuf_4_10_0_clk_i/X (sg13g2_buf_8)
                                                         clknet_4_10_0_clk_i (net)
                      0.032121    0.000877    0.189030 ^ clkbuf_5_21__f_clk_i/A (sg13g2_buf_16)
     6    0.023752    0.020418    0.066914    0.255945 ^ clkbuf_5_21__f_clk_i/X (sg13g2_buf_16)
                                                         clknet_5_21__leaf_clk_i (net)
                      0.020425    0.000745    0.256689 ^ _1240_/CLK (sg13g2_dfrbpq_1)
     2    0.008161    0.033982    0.172518    0.429207 v _1240_/Q (sg13g2_dfrbpq_1)
                                                         net6 (net)
                      0.033983    0.000270    0.429477 v _0798_/A2 (sg13g2_o21ai_1)
     1    0.003084    0.042939    0.079040    0.508517 ^ _0798_/Y (sg13g2_o21ai_1)
                                                         _0247_ (net)
                      0.042940    0.000123    0.508640 ^ _0799_/A (sg13g2_nor2_1)
     1    0.002567    0.021468    0.037370    0.546009 v _0799_/Y (sg13g2_nor2_1)
                                                         _0022_ (net)
                      0.021469    0.000166    0.546175 v _1240_/D (sg13g2_dfrbpq_1)
                                              0.546175   data arrival time

                                  0.000000    0.000000   clock clk_i (rise edge)
                                  0.000000    0.000000   clock source latency
     1    0.040138    0.000000    0.000000    0.000000 ^ clk_i (in)
                                                         clk_i (net)
                      0.006155    0.003077    0.003077 ^ clkbuf_0_clk_i/A (sg13g2_buf_16)
    16    0.204016    0.064014    0.082240    0.085317 ^ clkbuf_0_clk_i/X (sg13g2_buf_16)
                                                         clknet_0_clk_i (net)
                      0.071011    0.016360    0.101678 ^ clkbuf_4_10_0_clk_i/A (sg13g2_buf_8)
     2    0.041267    0.034734    0.096817    0.198495 ^ clkbuf_4_10_0_clk_i/X (sg13g2_buf_8)
                                                         clknet_4_10_0_clk_i (net)
                      0.034785    0.001016    0.199510 ^ clkbuf_5_21__f_clk_i/A (sg13g2_buf_16)
     6    0.026679    0.021208    0.068763    0.268273 ^ clkbuf_5_21__f_clk_i/X (sg13g2_buf_16)
                                                         clknet_5_21__leaf_clk_i (net)
                      0.021216    0.000827    0.269100 ^ _1240_/CLK (sg13g2_dfrbpq_1)
                                  0.100000    0.369100   clock uncertainty
                                 -0.012410    0.356689   clock reconvergence pessimism
                                 -0.034596    0.322093   library hold time
                                              0.322093   data required time
---------------------------------------------------------------------------------------------
                                              0.322093   data required time
                                             -0.546175   data arrival time
---------------------------------------------------------------------------------------------
                                              0.224082   slack (MET)


Startpoint: _1266_ (rising edge-triggered flip-flop clocked by clk_i)
Endpoint: _1236_ (rising edge-triggered flip-flop clocked by clk_i)
Path Group: clk_i
Path Type: min

Fanout         Cap        Slew       Delay        Time   Description
---------------------------------------------------------------------------------------------
                                  0.000000    0.000000   clock clk_i (rise edge)
                                  0.000000    0.000000   clock source latency
     1    0.037465    0.000000    0.000000    0.000000 ^ clk_i (in)
                                                         clk_i (net)
                      0.005567    0.002783    0.002783 ^ clkbuf_0_clk_i/A (sg13g2_buf_16)
    16    0.183519    0.058569    0.078991    0.081774 ^ clkbuf_0_clk_i/X (sg13g2_buf_16)
                                                         clknet_0_clk_i (net)
                      0.062703    0.012015    0.093789 ^ clkbuf_4_15_0_clk_i/A (sg13g2_buf_8)
     2    0.038071    0.032846    0.090910    0.184699 ^ clkbuf_4_15_0_clk_i/X (sg13g2_buf_8)
                                                         clknet_4_15_0_clk_i (net)
                      0.033182    0.002431    0.187130 ^ clkbuf_5_31__f_clk_i/A (sg13g2_buf_16)
     5    0.026937    0.021199    0.067981    0.255111 ^ clkbuf_5_31__f_clk_i/X (sg13g2_buf_16)
                                                         clknet_5_31__leaf_clk_i (net)
                      0.021202    0.000436    0.255547 ^ _1266_/CLK (sg13g2_dfrbpq_1)
     5    0.020999    0.072294    0.203572    0.459119 v _1266_/Q (sg13g2_dfrbpq_1)
                                                         u_boot_ctrl.word_cnt[7] (net)
                      0.072298    0.000586    0.459705 v _0785_/A (sg13g2_nor2b_1)
     1    0.003113    0.044865    0.064401    0.524106 ^ _0785_/Y (sg13g2_nor2b_1)
                                                         _0238_ (net)
                      0.044865    0.000121    0.524227 ^ _0787_/B (sg13g2_nor2_1)
     1    0.001787    0.018595    0.031199    0.555426 v _0787_/Y (sg13g2_nor2_1)
                                                         _0018_ (net)
                      0.018595    0.000067    0.555493 v _1236_/D (sg13g2_dfrbpq_1)
                                              0.555493   data arrival time

                                  0.000000    0.000000   clock clk_i (rise edge)
                                  0.000000    0.000000   clock source latency
     1    0.040138    0.000000    0.000000    0.000000 ^ clk_i (in)
                                                         clk_i (net)
                      0.006155    0.003077    0.003077 ^ clkbuf_0_clk_i/A (sg13g2_buf_16)
    16    0.204016    0.064014    0.082240    0.085317 ^ clkbuf_0_clk_i/X (sg13g2_buf_16)
                                                         clknet_0_clk_i (net)
                      0.068691    0.013352    0.098669 ^ clkbuf_4_14_0_clk_i/A (sg13g2_buf_8)
     2    0.043050    0.035287    0.095926    0.194595 ^ clkbuf_4_14_0_clk_i/X (sg13g2_buf_8)
                                                         clknet_4_14_0_clk_i (net)
                      0.035555    0.001603    0.196198 ^ clkbuf_5_29__f_clk_i/A (sg13g2_buf_16)
     6    0.030713    0.022158    0.069800    0.265998 ^ clkbuf_5_29__f_clk_i/X (sg13g2_buf_16)
                                                         clknet_5_29__leaf_clk_i (net)
                      0.022177    0.001250    0.267249 ^ _1236_/CLK (sg13g2_dfrbpq_1)
                                  0.100000    0.367249   clock uncertainty
                                 -0.003543    0.363706   clock reconvergence pessimism
                                 -0.033485    0.330221   library hold time
                                              0.330221   data required time
---------------------------------------------------------------------------------------------
                                              0.330221   data required time
                                             -0.555493   data arrival time
---------------------------------------------------------------------------------------------
                                              0.225272   slack (MET)


Startpoint: _1237_ (rising edge-triggered flip-flop clocked by clk_i)
Endpoint: _1237_ (rising edge-triggered flip-flop clocked by clk_i)
Path Group: clk_i
Path Type: min

Fanout         Cap        Slew       Delay        Time   Description
---------------------------------------------------------------------------------------------
                                  0.000000    0.000000   clock clk_i (rise edge)
                                  0.000000    0.000000   clock source latency
     1    0.037465    0.000000    0.000000    0.000000 ^ clk_i (in)
                                                         clk_i (net)
                      0.005567    0.002783    0.002783 ^ clkbuf_0_clk_i/A (sg13g2_buf_16)
    16    0.183519    0.058569    0.078991    0.081774 ^ clkbuf_0_clk_i/X (sg13g2_buf_16)
                                                         clknet_0_clk_i (net)
                      0.064417    0.014333    0.096107 ^ clkbuf_4_11_0_clk_i/A (sg13g2_buf_8)
     2    0.035854    0.032049    0.091209    0.187317 ^ clkbuf_4_11_0_clk_i/X (sg13g2_buf_8)
                                                         clknet_4_11_0_clk_i (net)
                      0.032202    0.002014    0.189331 ^ clkbuf_5_22__f_clk_i/A (sg13g2_buf_16)
     5    0.031394    0.022153    0.068221    0.257552 ^ clkbuf_5_22__f_clk_i/X (sg13g2_buf_16)
                                                         clknet_5_22__leaf_clk_i (net)
                      0.022183    0.001522    0.259074 ^ _1237_/CLK (sg13g2_dfrbpq_1)
     2    0.008916    0.036150    0.174963    0.434038 v _1237_/Q (sg13g2_dfrbpq_1)
                                                         net3 (net)
                      0.036161    0.000611    0.434649 v _0789_/A2 (sg13g2_o21ai_1)
     1    0.002863    0.051034    0.078307    0.512956 ^ _0789_/Y (sg13g2_o21ai_1)
                                                         _0241_ (net)
                      0.051034    0.000114    0.513070 ^ _0790_/A (sg13g2_nor2_1)
     1    0.001712    0.018474    0.037976    0.551047 v _0790_/Y (sg13g2_nor2_1)
                                                         _0019_ (net)
                      0.018475    0.000065    0.551112 v _1237_/D (sg13g2_dfrbpq_1)
                                              0.551112   data arrival time

                                  0.000000    0.000000   clock clk_i (rise edge)
                                  0.000000    0.000000   clock source latency
     1    0.040138    0.000000    0.000000    0.000000 ^ clk_i (in)
                                                         clk_i (net)
                      0.006155    0.003077    0.003077 ^ clkbuf_0_clk_i/A (sg13g2_buf_16)
    16    0.204016    0.064014    0.082240    0.085317 ^ clkbuf_0_clk_i/X (sg13g2_buf_16)
                                                         clknet_0_clk_i (net)
                      0.070685    0.015966    0.101284 ^ clkbuf_4_11_0_clk_i/A (sg13g2_buf_8)
     2    0.041199    0.034586    0.096210    0.197494 ^ clkbuf_4_11_0_clk_i/X (sg13g2_buf_8)
                                                         clknet_4_11_0_clk_i (net)
                      0.034914    0.002334    0.199828 ^ clkbuf_5_22__f_clk_i/A (sg13g2_buf_16)
     5    0.033631    0.022778    0.069931    0.269758 ^ clkbuf_5_22__f_clk_i/X (sg13g2_buf_16)
                                                         clknet_5_22__leaf_clk_i (net)
                      0.022812    0.001638    0.271396 ^ _1237_/CLK (sg13g2_dfrbpq_1)
                                  0.100000    0.371396   clock uncertainty
                                 -0.012322    0.359074   clock reconvergence pessimism
                                 -0.033314    0.325760   library hold time
                                              0.325760   data required time
---------------------------------------------------------------------------------------------
                                              0.325760   data required time
                                             -0.551112   data arrival time
---------------------------------------------------------------------------------------------
                                              0.225352   slack (MET)


Startpoint: _1378_ (rising edge-triggered flip-flop clocked by clk_i)
Endpoint: _1293_ (rising edge-triggered flip-flop clocked by clk_i)
Path Group: clk_i
Path Type: min

Fanout         Cap        Slew       Delay        Time   Description
---------------------------------------------------------------------------------------------
                                  0.000000    0.000000   clock clk_i (rise edge)
                                  0.000000    0.000000   clock source latency
     1    0.037465    0.000000    0.000000    0.000000 ^ clk_i (in)
                                                         clk_i (net)
                      0.005567    0.002783    0.002783 ^ clkbuf_0_clk_i/A (sg13g2_buf_16)
    16    0.183519    0.058569    0.078991    0.081774 ^ clkbuf_0_clk_i/X (sg13g2_buf_16)
                                                         clknet_0_clk_i (net)
                      0.059829    0.006783    0.088558 ^ clkbuf_4_6_0_clk_i/A (sg13g2_buf_8)
     2    0.037847    0.032574    0.089261    0.177818 ^ clkbuf_4_6_0_clk_i/X (sg13g2_buf_8)
                                                         clknet_4_6_0_clk_i (net)
                      0.033034    0.002842    0.180660 ^ clkbuf_5_12__f_clk_i/A (sg13g2_buf_16)
     6    0.028345    0.021513    0.068155    0.248815 ^ clkbuf_5_12__f_clk_i/X (sg13g2_buf_16)
                                                         clknet_5_12__leaf_clk_i (net)
                      0.021536    0.001358    0.250174 ^ _1378_/CLK (sg13g2_dfrbpq_1)
     3    0.014546    0.052760    0.187986    0.438160 v _1378_/Q (sg13g2_dfrbpq_1)
                                                         spi_rx[0] (net)
                      0.052781    0.000977    0.439137 v _0975_/A (sg13g2_nor2_1)
     1    0.003366    0.048480    0.066415    0.505552 ^ _0975_/Y (sg13g2_nor2_1)
                                                         _0371_ (net)
                      0.048480    0.000257    0.505809 ^ _0977_/C (sg13g2_nor3_1)
     1    0.001890    0.021421    0.035188    0.540997 v _0977_/Y (sg13g2_nor3_1)
                                                         _0075_ (net)
                      0.021421    0.000071    0.541067 v _1293_/D (sg13g2_dfrbpq_1)
                                              0.541067   data arrival time

                                  0.000000    0.000000   clock clk_i (rise edge)
                                  0.000000    0.000000   clock source latency
     1    0.040138    0.000000    0.000000    0.000000 ^ clk_i (in)
                                                         clk_i (net)
                      0.006155    0.003077    0.003077 ^ clkbuf_0_clk_i/A (sg13g2_buf_16)
    16    0.204016    0.064014    0.082240    0.085317 ^ clkbuf_0_clk_i/X (sg13g2_buf_16)
                                                         clknet_0_clk_i (net)
                      0.065430    0.007564    0.092881 ^ clkbuf_4_6_0_clk_i/A (sg13g2_buf_8)
     2    0.043193    0.035257    0.093823    0.186704 ^ clkbuf_4_6_0_clk_i/X (sg13g2_buf_8)
                                                         clknet_4_6_0_clk_i (net)
                      0.035805    0.003263    0.189967 ^ clkbuf_5_12__f_clk_i/A (sg13g2_buf_16)
     6    0.031029    0.022247    0.069990    0.259956 ^ clkbuf_5_12__f_clk_i/X (sg13g2_buf_16)
                                                         clknet_5_12__leaf_clk_i (net)
                      0.022266    0.001241    0.261198 ^ _1293_/CLK (sg13g2_dfrbpq_1)
                                  0.100000    0.361198   clock uncertainty
                                 -0.011141    0.350056   clock reconvergence pessimism
                                 -0.034362    0.315695   library hold time
                                              0.315695   data required time
---------------------------------------------------------------------------------------------
                                              0.315695   data required time
                                             -0.541067   data arrival time
---------------------------------------------------------------------------------------------
                                              0.225373   slack (MET)


Startpoint: _1325_ (rising edge-triggered flip-flop clocked by clk_i)
Endpoint: _1387_ (rising edge-triggered flip-flop clocked by clk_i)
Path Group: clk_i
Path Type: min

Fanout         Cap        Slew       Delay        Time   Description
---------------------------------------------------------------------------------------------
                                  0.000000    0.000000   clock clk_i (rise edge)
                                  0.000000    0.000000   clock source latency
     1    0.037465    0.000000    0.000000    0.000000 ^ clk_i (in)
                                                         clk_i (net)
                      0.005567    0.002783    0.002783 ^ clkbuf_0_clk_i/A (sg13g2_buf_16)
    16    0.183519    0.058569    0.078991    0.081774 ^ clkbuf_0_clk_i/X (sg13g2_buf_16)
                                                         clknet_0_clk_i (net)
                      0.062711    0.012027    0.093801 ^ clkbuf_4_12_0_clk_i/A (sg13g2_buf_8)
     2    0.034811    0.031533    0.090015    0.183816 ^ clkbuf_4_12_0_clk_i/X (sg13g2_buf_8)
                                                         clknet_4_12_0_clk_i (net)
                      0.031654    0.001914    0.185730 ^ clkbuf_5_25__f_clk_i/A (sg13g2_buf_16)
     6    0.026119    0.020943    0.066940    0.252670 ^ clkbuf_5_25__f_clk_i/X (sg13g2_buf_16)
                                                         clknet_5_25__leaf_clk_i (net)
                      0.020995    0.001862    0.254532 ^ _1325_/CLK (sg13g2_dfrbpq_1)
     3    0.011172    0.042742    0.179789    0.434321 v _1325_/Q (sg13g2_dfrbpq_1)
                                                         spi_start (net)
                      0.042759    0.000812    0.435132 v _1225_/A2 (sg13g2_o21ai_1)
     1    0.003485    0.039766    0.085256    0.520388 ^ _1225_/Y (sg13g2_o21ai_1)
                                                         _0528_ (net)
                      0.039767    0.000237    0.520625 ^ _1226_/B (sg13g2_nor2_1)
     1    0.002228    0.018776    0.030883    0.551508 v _1226_/Y (sg13g2_nor2_1)
                                                         _0169_ (net)
                      0.018776    0.000157    0.551665 v _1387_/D (sg13g2_dfrbpq_1)
                                              0.551665   data arrival time

                                  0.000000    0.000000   clock clk_i (rise edge)
                                  0.000000    0.000000   clock source latency
     1    0.040138    0.000000    0.000000    0.000000 ^ clk_i (in)
                                                         clk_i (net)
                      0.006155    0.003077    0.003077 ^ clkbuf_0_clk_i/A (sg13g2_buf_16)
    16    0.204016    0.064014    0.082240    0.085317 ^ clkbuf_0_clk_i/X (sg13g2_buf_16)
                                                         clknet_0_clk_i (net)
                      0.065786    0.008384    0.093702 ^ clkbuf_4_2_0_clk_i/A (sg13g2_buf_8)
     2    0.041372    0.034522    0.094130    0.187832 ^ clkbuf_4_2_0_clk_i/X (sg13g2_buf_8)
                                                         clknet_4_2_0_clk_i (net)
                      0.034717    0.001795    0.189627 ^ clkbuf_5_5__f_clk_i/A (sg13g2_buf_16)
     6    0.032152    0.022387    0.069099    0.258726 ^ clkbuf_5_5__f_clk_i/X (sg13g2_buf_16)
                                                         clknet_5_5__leaf_clk_i (net)
                      0.022806    0.004070    0.262796 ^ _1387_/CLK (sg13g2_dfrbpq_1)
                                  0.100000    0.362796   clock uncertainty
                                 -0.003543    0.359253   clock reconvergence pessimism
                                 -0.033411    0.325843   library hold time
                                              0.325843   data required time
---------------------------------------------------------------------------------------------
                                              0.325843   data required time
                                             -0.551665   data arrival time
---------------------------------------------------------------------------------------------
                                              0.225822   slack (MET)


Startpoint: _1231_ (rising edge-triggered flip-flop clocked by clk_i)
Endpoint: _1231_ (rising edge-triggered flip-flop clocked by clk_i)
Path Group: clk_i
Path Type: min

Fanout         Cap        Slew       Delay        Time   Description
---------------------------------------------------------------------------------------------
                                  0.000000    0.000000   clock clk_i (rise edge)
                                  0.000000    0.000000   clock source latency
     1    0.037465    0.000000    0.000000    0.000000 ^ clk_i (in)
                                                         clk_i (net)
                      0.005567    0.002783    0.002783 ^ clkbuf_0_clk_i/A (sg13g2_buf_16)
    16    0.183519    0.058569    0.078991    0.081774 ^ clkbuf_0_clk_i/X (sg13g2_buf_16)
                                                         clknet_0_clk_i (net)
                      0.064417    0.014333    0.096107 ^ clkbuf_4_11_0_clk_i/A (sg13g2_buf_8)
     2    0.035854    0.032049    0.091209    0.187317 ^ clkbuf_4_11_0_clk_i/X (sg13g2_buf_8)
                                                         clknet_4_11_0_clk_i (net)
                      0.032128    0.001431    0.188747 ^ clkbuf_5_23__f_clk_i/A (sg13g2_buf_16)
     5    0.023464    0.020362    0.066757    0.255504 ^ clkbuf_5_23__f_clk_i/X (sg13g2_buf_16)
                                                         clknet_5_23__leaf_clk_i (net)
                      0.020394    0.001501    0.257005 ^ _1231_/CLK (sg13g2_dfrbpq_1)
     2    0.006637    0.029599    0.168763    0.425768 v _1231_/Q (sg13g2_dfrbpq_1)
                                                         net27 (net)
                      0.029599    0.000274    0.426043 v _0771_/A2 (sg13g2_o21ai_1)
     1    0.003752    0.050268    0.082077    0.508120 ^ _0771_/Y (sg13g2_o21ai_1)
                                                         _0229_ (net)
                      0.050268    0.000146    0.508266 ^ _0772_/A (sg13g2_nor2_1)
     1    0.002558    0.021862    0.039952    0.548218 v _0772_/Y (sg13g2_nor2_1)
                                                         _0013_ (net)
                      0.021863    0.000154    0.548372 v _1231_/D (sg13g2_dfrbpq_1)
                                              0.548372   data arrival time

                                  0.000000    0.000000   clock clk_i (rise edge)
                                  0.000000    0.000000   clock source latency
     1    0.040138    0.000000    0.000000    0.000000 ^ clk_i (in)
                                                         clk_i (net)
                      0.006155    0.003077    0.003077 ^ clkbuf_0_clk_i/A (sg13g2_buf_16)
    16    0.204016    0.064014    0.082240    0.085317 ^ clkbuf_0_clk_i/X (sg13g2_buf_16)
                                                         clknet_0_clk_i (net)
                      0.070685    0.015966    0.101284 ^ clkbuf_4_11_0_clk_i/A (sg13g2_buf_8)
     2    0.041199    0.034586    0.096210    0.197494 ^ clkbuf_4_11_0_clk_i/X (sg13g2_buf_8)
                                                         clknet_4_11_0_clk_i (net)
                      0.034804    0.001652    0.199146 ^ clkbuf_5_23__f_clk_i/A (sg13g2_buf_16)
     5    0.025701    0.020999    0.068458    0.267605 ^ clkbuf_5_23__f_clk_i/X (sg13g2_buf_16)
                                                         clknet_5_23__leaf_clk_i (net)
                      0.021037    0.001648    0.269252 ^ _1231_/CLK (sg13g2_dfrbpq_1)
                                  0.100000    0.369252   clock uncertainty
                                 -0.012248    0.357005   clock reconvergence pessimism
                                 -0.034758    0.322247   library hold time
                                              0.322247   data required time
---------------------------------------------------------------------------------------------
                                              0.322247   data required time
                                             -0.548372   data arrival time
---------------------------------------------------------------------------------------------
                                              0.226125   slack (MET)


Startpoint: _1234_ (rising edge-triggered flip-flop clocked by clk_i)
Endpoint: _1234_ (rising edge-triggered flip-flop clocked by clk_i)
Path Group: clk_i
Path Type: min

Fanout         Cap        Slew       Delay        Time   Description
---------------------------------------------------------------------------------------------
                                  0.000000    0.000000   clock clk_i (rise edge)
                                  0.000000    0.000000   clock source latency
     1    0.037465    0.000000    0.000000    0.000000 ^ clk_i (in)
                                                         clk_i (net)
                      0.005567    0.002783    0.002783 ^ clkbuf_0_clk_i/A (sg13g2_buf_16)
    16    0.183519    0.058569    0.078991    0.081774 ^ clkbuf_0_clk_i/X (sg13g2_buf_16)
                                                         clknet_0_clk_i (net)
                      0.062680    0.011981    0.093755 ^ clkbuf_4_14_0_clk_i/A (sg13g2_buf_8)
     2    0.037704    0.032763    0.091049    0.184804 ^ clkbuf_4_14_0_clk_i/X (sg13g2_buf_8)
                                                         clknet_4_14_0_clk_i (net)
                      0.032977    0.002136    0.186940 ^ clkbuf_5_28__f_clk_i/A (sg13g2_buf_16)
     6    0.029425    0.021741    0.067997    0.254937 ^ clkbuf_5_28__f_clk_i/X (sg13g2_buf_16)
                                                         clknet_5_28__leaf_clk_i (net)
                      0.021857    0.002618    0.257555 ^ _1234_/CLK (sg13g2_dfrbpq_1)
     2    0.008658    0.035417    0.174415    0.431970 v _1234_/Q (sg13g2_dfrbpq_1)
                                                         net30 (net)
                      0.035418    0.000287    0.432257 v _0780_/A2 (sg13g2_o21ai_1)
     1    0.003326    0.044658    0.081285    0.513542 ^ _0780_/Y (sg13g2_o21ai_1)
                                                         _0235_ (net)
                      0.044658    0.000241    0.513783 ^ _0781_/A (sg13g2_nor2_1)
     1    0.001897    0.019321    0.036256    0.550039 v _0781_/Y (sg13g2_nor2_1)
                                                         _0016_ (net)
                      0.019321    0.000070    0.550109 v _1234_/D (sg13g2_dfrbpq_1)
                                              0.550109   data arrival time

                                  0.000000    0.000000   clock clk_i (rise edge)
                                  0.000000    0.000000   clock source latency
     1    0.040138    0.000000    0.000000    0.000000 ^ clk_i (in)
                                                         clk_i (net)
                      0.006155    0.003077    0.003077 ^ clkbuf_0_clk_i/A (sg13g2_buf_16)
    16    0.204016    0.064014    0.082240    0.085317 ^ clkbuf_0_clk_i/X (sg13g2_buf_16)
                                                         clknet_0_clk_i (net)
                      0.068691    0.013352    0.098669 ^ clkbuf_4_14_0_clk_i/A (sg13g2_buf_8)
     2    0.043050    0.035287    0.095926    0.194595 ^ clkbuf_4_14_0_clk_i/X (sg13g2_buf_8)
                                                         clknet_4_14_0_clk_i (net)
                      0.035698    0.002455    0.197050 ^ clkbuf_5_28__f_clk_i/A (sg13g2_buf_16)
     6    0.032109    0.022455    0.069748    0.266798 ^ clkbuf_5_28__f_clk_i/X (sg13g2_buf_16)
                                                         clknet_5_28__leaf_clk_i (net)
                      0.022594    0.002864    0.269663 ^ _1234_/CLK (sg13g2_dfrbpq_1)
                                  0.100000    0.369663   clock uncertainty
                                 -0.012107    0.357555   clock reconvergence pessimism
                                 -0.033628    0.323928   library hold time
                                              0.323928   data required time
---------------------------------------------------------------------------------------------
                                              0.323928   data required time
                                             -0.550109   data arrival time
---------------------------------------------------------------------------------------------
                                              0.226181   slack (MET)


Startpoint: _1369_ (rising edge-triggered flip-flop clocked by clk_i)
Endpoint: _1369_ (rising edge-triggered flip-flop clocked by clk_i)
Path Group: clk_i
Path Type: min

Fanout         Cap        Slew       Delay        Time   Description
---------------------------------------------------------------------------------------------
                                  0.000000    0.000000   clock clk_i (rise edge)
                                  0.000000    0.000000   clock source latency
     1    0.037465    0.000000    0.000000    0.000000 ^ clk_i (in)
                                                         clk_i (net)
                      0.005567    0.002783    0.002783 ^ clkbuf_0_clk_i/A (sg13g2_buf_16)
    16    0.183519    0.058569    0.078991    0.081774 ^ clkbuf_0_clk_i/X (sg13g2_buf_16)
                                                         clknet_0_clk_i (net)
                      0.060141    0.007518    0.089293 ^ clkbuf_4_2_0_clk_i/A (sg13g2_buf_8)
     2    0.036027    0.031976    0.089381    0.178674 ^ clkbuf_4_2_0_clk_i/X (sg13g2_buf_8)
                                                         clknet_4_2_0_clk_i (net)
                      0.032018    0.001562    0.180236 ^ clkbuf_5_5__f_clk_i/A (sg13g2_buf_16)
     6    0.029225    0.021632    0.067338    0.247573 ^ clkbuf_5_5__f_clk_i/X (sg13g2_buf_16)
                                                         clknet_5_5__leaf_clk_i (net)
                      0.021792    0.003041    0.250614 ^ _1369_/CLK (sg13g2_dfrbpq_1)
     4    0.014254    0.051967    0.187778    0.438393 v _1369_/Q (sg13g2_dfrbpq_1)
                                                         u_spi.bit_cnt[2] (net)
                      0.051971    0.000465    0.438857 v _1172_/B1 (sg13g2_o21ai_1)
     1    0.003189    0.033071    0.044755    0.483612 ^ _1172_/Y (sg13g2_o21ai_1)
                                                         _0493_ (net)
                      0.033071    0.000126    0.483738 ^ _1173_/A2 (sg13g2_a21oi_1)
     1    0.002867    0.026569    0.057051    0.540789 v _1173_/Y (sg13g2_a21oi_1)
                                                         _0151_ (net)
                      0.026569    0.000170    0.540959 v _1369_/D (sg13g2_dfrbpq_1)
                                              0.540959   data arrival time

                                  0.000000    0.000000   clock clk_i (rise edge)
                                  0.000000    0.000000   clock source latency
     1    0.040138    0.000000    0.000000    0.000000 ^ clk_i (in)
                                                         clk_i (net)
                      0.006155    0.003077    0.003077 ^ clkbuf_0_clk_i/A (sg13g2_buf_16)
    16    0.204016    0.064014    0.082240    0.085317 ^ clkbuf_0_clk_i/X (sg13g2_buf_16)
                                                         clknet_0_clk_i (net)
                      0.065786    0.008384    0.093702 ^ clkbuf_4_2_0_clk_i/A (sg13g2_buf_8)
     2    0.041372    0.034522    0.094130    0.187832 ^ clkbuf_4_2_0_clk_i/X (sg13g2_buf_8)
                                                         clknet_4_2_0_clk_i (net)
                      0.034717    0.001795    0.189627 ^ clkbuf_5_5__f_clk_i/A (sg13g2_buf_16)
     6    0.032152    0.022387    0.069099    0.258726 ^ clkbuf_5_5__f_clk_i/X (sg13g2_buf_16)
                                                         clknet_5_5__leaf_clk_i (net)
                      0.022597    0.003330    0.262056 ^ _1369_/CLK (sg13g2_dfrbpq_1)
                                  0.100000    0.362056   clock uncertainty
                                 -0.011442    0.350614   clock reconvergence pessimism
                                 -0.035924    0.314690   library hold time
                                              0.314690   data required time
---------------------------------------------------------------------------------------------
                                              0.314690   data required time
                                             -0.540959   data arrival time
---------------------------------------------------------------------------------------------
                                              0.226269   slack (MET)


Startpoint: _1235_ (rising edge-triggered flip-flop clocked by clk_i)
Endpoint: _1235_ (rising edge-triggered flip-flop clocked by clk_i)
Path Group: clk_i
Path Type: min

Fanout         Cap        Slew       Delay        Time   Description
---------------------------------------------------------------------------------------------
                                  0.000000    0.000000   clock clk_i (rise edge)
                                  0.000000    0.000000   clock source latency
     1    0.037465    0.000000    0.000000    0.000000 ^ clk_i (in)
                                                         clk_i (net)
                      0.005567    0.002783    0.002783 ^ clkbuf_0_clk_i/A (sg13g2_buf_16)
    16    0.183519    0.058569    0.078991    0.081774 ^ clkbuf_0_clk_i/X (sg13g2_buf_16)
                                                         clknet_0_clk_i (net)
                      0.062680    0.011981    0.093755 ^ clkbuf_4_14_0_clk_i/A (sg13g2_buf_8)
     2    0.037704    0.032763    0.091049    0.184804 ^ clkbuf_4_14_0_clk_i/X (sg13g2_buf_8)
                                                         clknet_4_14_0_clk_i (net)
                      0.032977    0.002136    0.186940 ^ clkbuf_5_28__f_clk_i/A (sg13g2_buf_16)
     6    0.029425    0.021741    0.067997    0.254937 ^ clkbuf_5_28__f_clk_i/X (sg13g2_buf_16)
                                                         clknet_5_28__leaf_clk_i (net)
                      0.021893    0.002932    0.257869 ^ _1235_/CLK (sg13g2_dfrbpq_1)
     2    0.009159    0.036860    0.175359    0.433228 v _1235_/Q (sg13g2_dfrbpq_1)
                                                         net31 (net)
                      0.036871    0.000636    0.433864 v _0783_/A2 (sg13g2_o21ai_1)
     1    0.003301    0.044555    0.081668    0.515532 ^ _0783_/Y (sg13g2_o21ai_1)
                                                         _0237_ (net)
                      0.044556    0.000246    0.515778 ^ _0784_/A (sg13g2_nor2_1)
     1    0.001906    0.019477    0.036241    0.552018 v _0784_/Y (sg13g2_nor2_1)
                                                         _0017_ (net)
                      0.019477    0.000073    0.552092 v _1235_/D (sg13g2_dfrbpq_1)
                                              0.552092   data arrival time

                                  0.000000    0.000000   clock clk_i (rise edge)
                                  0.000000    0.000000   clock source latency
     1    0.040138    0.000000    0.000000    0.000000 ^ clk_i (in)
                                                         clk_i (net)
                      0.006155    0.003077    0.003077 ^ clkbuf_0_clk_i/A (sg13g2_buf_16)
    16    0.204016    0.064014    0.082240    0.085317 ^ clkbuf_0_clk_i/X (sg13g2_buf_16)
                                                         clknet_0_clk_i (net)
                      0.068691    0.013352    0.098669 ^ clkbuf_4_14_0_clk_i/A (sg13g2_buf_8)
     2    0.043050    0.035287    0.095926    0.194595 ^ clkbuf_4_14_0_clk_i/X (sg13g2_buf_8)
                                                         clknet_4_14_0_clk_i (net)
                      0.035698    0.002455    0.197050 ^ clkbuf_5_28__f_clk_i/A (sg13g2_buf_16)
     6    0.032109    0.022455    0.069748    0.266798 ^ clkbuf_5_28__f_clk_i/X (sg13g2_buf_16)
                                                         clknet_5_28__leaf_clk_i (net)
                      0.022646    0.003203    0.270001 ^ _1235_/CLK (sg13g2_dfrbpq_1)
                                  0.100000    0.370001   clock uncertainty
                                 -0.012132    0.357869   clock reconvergence pessimism
                                 -0.033666    0.324203   library hold time
                                              0.324203   data required time
---------------------------------------------------------------------------------------------
                                              0.324203   data required time
                                             -0.552092   data arrival time
---------------------------------------------------------------------------------------------
                                              0.227889   slack (MET)


Startpoint: _1359_ (rising edge-triggered flip-flop clocked by clk_i)
Endpoint: _1359_ (rising edge-triggered flip-flop clocked by clk_i)
Path Group: clk_i
Path Type: min

Fanout         Cap        Slew       Delay        Time   Description
---------------------------------------------------------------------------------------------
                                  0.000000    0.000000   clock clk_i (rise edge)
                                  0.000000    0.000000   clock source latency
     1    0.037465    0.000000    0.000000    0.000000 ^ clk_i (in)
                                                         clk_i (net)
                      0.005567    0.002783    0.002783 ^ clkbuf_0_clk_i/A (sg13g2_buf_16)
    16    0.183519    0.058569    0.078991    0.081774 ^ clkbuf_0_clk_i/X (sg13g2_buf_16)
                                                         clknet_0_clk_i (net)
                      0.062703    0.012015    0.093789 ^ clkbuf_4_15_0_clk_i/A (sg13g2_buf_8)
     2    0.038071    0.032846    0.090910    0.184699 ^ clkbuf_4_15_0_clk_i/X (sg13g2_buf_8)
                                                         clknet_4_15_0_clk_i (net)
                      0.033197    0.002504    0.187203 ^ clkbuf_5_30__f_clk_i/A (sg13g2_buf_16)
     5    0.021677    0.019998    0.066934    0.254137 ^ clkbuf_5_30__f_clk_i/X (sg13g2_buf_16)
                                                         clknet_5_30__leaf_clk_i (net)
                      0.020015    0.001087    0.255224 ^ _1359_/CLK (sg13g2_dfrbpq_1)
     2    0.012668    0.047165    0.183273    0.438498 v _1359_/Q (sg13g2_dfrbpq_1)
                                                         net68 (net)
                      0.047165    0.000291    0.438789 v _1138_/B (sg13g2_nand2_1)
     1    0.003108    0.025281    0.042485    0.481274 ^ _1138_/Y (sg13g2_nand2_1)
                                                         _0469_ (net)
                      0.025281    0.000124    0.481398 ^ _1139_/B (sg13g2_nand3_1)
     1    0.001902    0.041223    0.061006    0.542405 v _1139_/Y (sg13g2_nand3_1)
                                                         _0141_ (net)
                      0.041223    0.000073    0.542478 v _1359_/D (sg13g2_dfrbpq_1)
                                              0.542478   data arrival time

                                  0.000000    0.000000   clock clk_i (rise edge)
                                  0.000000    0.000000   clock source latency
     1    0.040138    0.000000    0.000000    0.000000 ^ clk_i (in)
                                                         clk_i (net)
                      0.006155    0.003077    0.003077 ^ clkbuf_0_clk_i/A (sg13g2_buf_16)
    16    0.204016    0.064014    0.082240    0.085317 ^ clkbuf_0_clk_i/X (sg13g2_buf_16)
                                                         clknet_0_clk_i (net)
                      0.068718    0.013390    0.098708 ^ clkbuf_4_15_0_clk_i/A (sg13g2_buf_8)
     2    0.043417    0.035324    0.095723    0.194431 ^ clkbuf_4_15_0_clk_i/X (sg13g2_buf_8)
                                                         clknet_4_15_0_clk_i (net)
                      0.035952    0.002867    0.197298 ^ clkbuf_5_30__f_clk_i/A (sg13g2_buf_16)
     5    0.023914    0.020641    0.068672    0.265970 ^ clkbuf_5_30__f_clk_i/X (sg13g2_buf_16)
                                                         clknet_5_30__leaf_clk_i (net)
                      0.020662    0.001207    0.267177 ^ _1359_/CLK (sg13g2_dfrbpq_1)
                                  0.100000    0.367177   clock uncertainty
                                 -0.011953    0.355224   clock reconvergence pessimism
                                 -0.040971    0.314253   library hold time
                                              0.314253   data required time
---------------------------------------------------------------------------------------------
                                              0.314253   data required time
                                             -0.542478   data arrival time
---------------------------------------------------------------------------------------------
                                              0.228225   slack (MET)


Startpoint: _1241_ (rising edge-triggered flip-flop clocked by clk_i)
Endpoint: _1241_ (rising edge-triggered flip-flop clocked by clk_i)
Path Group: clk_i
Path Type: min

Fanout         Cap        Slew       Delay        Time   Description
---------------------------------------------------------------------------------------------
                                  0.000000    0.000000   clock clk_i (rise edge)
                                  0.000000    0.000000   clock source latency
     1    0.037465    0.000000    0.000000    0.000000 ^ clk_i (in)
                                                         clk_i (net)
                      0.005567    0.002783    0.002783 ^ clkbuf_0_clk_i/A (sg13g2_buf_16)
    16    0.183519    0.058569    0.078991    0.081774 ^ clkbuf_0_clk_i/X (sg13g2_buf_16)
                                                         clknet_0_clk_i (net)
                      0.064694    0.014678    0.096453 ^ clkbuf_4_10_0_clk_i/A (sg13g2_buf_8)
     2    0.035921    0.032113    0.091700    0.188153 ^ clkbuf_4_10_0_clk_i/X (sg13g2_buf_8)
                                                         clknet_4_10_0_clk_i (net)
                      0.032121    0.000877    0.189030 ^ clkbuf_5_21__f_clk_i/A (sg13g2_buf_16)
     6    0.023752    0.020418    0.066914    0.255945 ^ clkbuf_5_21__f_clk_i/X (sg13g2_buf_16)
                                                         clknet_5_21__leaf_clk_i (net)
                      0.020427    0.000858    0.256803 ^ _1241_/CLK (sg13g2_dfrbpq_1)
     2    0.006926    0.030414    0.169415    0.426218 v _1241_/Q (sg13g2_dfrbpq_1)
                                                         net7 (net)
                      0.030442    0.000413    0.426630 v _0801_/A2 (sg13g2_o21ai_1)
     1    0.004062    0.046716    0.084595    0.511226 ^ _0801_/Y (sg13g2_o21ai_1)
                                                         _0249_ (net)
                      0.046716    0.000161    0.511387 ^ _0802_/A (sg13g2_nor2_1)
     1    0.002736    0.023113    0.039162    0.550549 v _0802_/Y (sg13g2_nor2_1)
                                                         _0023_ (net)
                      0.023113    0.000104    0.550653 v _1241_/D (sg13g2_dfrbpq_1)
                                              0.550653   data arrival time

                                  0.000000    0.000000   clock clk_i (rise edge)
                                  0.000000    0.000000   clock source latency
     1    0.040138    0.000000    0.000000    0.000000 ^ clk_i (in)
                                                         clk_i (net)
                      0.006155    0.003077    0.003077 ^ clkbuf_0_clk_i/A (sg13g2_buf_16)
    16    0.204016    0.064014    0.082240    0.085317 ^ clkbuf_0_clk_i/X (sg13g2_buf_16)
                                                         clknet_0_clk_i (net)
                      0.071011    0.016360    0.101678 ^ clkbuf_4_10_0_clk_i/A (sg13g2_buf_8)
     2    0.041267    0.034734    0.096817    0.198495 ^ clkbuf_4_10_0_clk_i/X (sg13g2_buf_8)
                                                         clknet_4_10_0_clk_i (net)
                      0.034785    0.001016    0.199510 ^ clkbuf_5_21__f_clk_i/A (sg13g2_buf_16)
     6    0.026679    0.021208    0.068763    0.268273 ^ clkbuf_5_21__f_clk_i/X (sg13g2_buf_16)
                                                         clknet_5_21__leaf_clk_i (net)
                      0.021218    0.000949    0.269222 ^ _1241_/CLK (sg13g2_dfrbpq_1)
                                  0.100000    0.369222   clock uncertainty
                                 -0.012419    0.356803   clock reconvergence pessimism
                                 -0.035116    0.321687   library hold time
                                              0.321687   data required time
---------------------------------------------------------------------------------------------
                                              0.321687   data required time
                                             -0.550653   data arrival time
---------------------------------------------------------------------------------------------
                                              0.228966   slack (MET)


Startpoint: _1254_ (rising edge-triggered flip-flop clocked by clk_i)
Endpoint: _1254_ (rising edge-triggered flip-flop clocked by clk_i)
Path Group: clk_i
Path Type: min

Fanout         Cap        Slew       Delay        Time   Description
---------------------------------------------------------------------------------------------
                                  0.000000    0.000000   clock clk_i (rise edge)
                                  0.000000    0.000000   clock source latency
     1    0.037465    0.000000    0.000000    0.000000 ^ clk_i (in)
                                                         clk_i (net)
                      0.005567    0.002783    0.002783 ^ clkbuf_0_clk_i/A (sg13g2_buf_16)
    16    0.183519    0.058569    0.078991    0.081774 ^ clkbuf_0_clk_i/X (sg13g2_buf_16)
                                                         clknet_0_clk_i (net)
                      0.063046    0.012508    0.094282 ^ clkbuf_4_8_0_clk_i/A (sg13g2_buf_8)
     2    0.037694    0.032701    0.090964    0.185246 ^ clkbuf_4_8_0_clk_i/X (sg13g2_buf_8)
                                                         clknet_4_8_0_clk_i (net)
                      0.033031    0.002447    0.187693 ^ clkbuf_5_16__f_clk_i/A (sg13g2_buf_16)
     6    0.031614    0.022241    0.068775    0.256469 ^ clkbuf_5_16__f_clk_i/X (sg13g2_buf_16)
                                                         clknet_5_16__leaf_clk_i (net)
                      0.022255    0.001082    0.257551 ^ _1254_/CLK (sg13g2_dfrbpq_1)
     2    0.012500    0.046670    0.183526    0.441077 v _1254_/Q (sg13g2_dfrbpq_1)
                                                         net20 (net)
                      0.046687    0.000841    0.441918 v _0830_/A2 (sg13g2_o21ai_1)
     1    0.002519    0.046880    0.079896    0.521814 ^ _0830_/Y (sg13g2_o21ai_1)
                                                         _0265_ (net)
                      0.046880    0.000100    0.521915 ^ _0831_/B1 (sg13g2_a21oi_1)
     1    0.001827    0.019199    0.031741    0.553655 v _0831_/Y (sg13g2_a21oi_1)
                                                         _0036_ (net)
                      0.019199    0.000069    0.553724 v _1254_/D (sg13g2_dfrbpq_1)
                                              0.553724   data arrival time

                                  0.000000    0.000000   clock clk_i (rise edge)
                                  0.000000    0.000000   clock source latency
     1    0.040138    0.000000    0.000000    0.000000 ^ clk_i (in)
                                                         clk_i (net)
                      0.006155    0.003077    0.003077 ^ clkbuf_0_clk_i/A (sg13g2_buf_16)
    16    0.204016    0.064014    0.082240    0.085317 ^ clkbuf_0_clk_i/X (sg13g2_buf_16)
                                                         clknet_0_clk_i (net)
                      0.069099    0.013921    0.099238 ^ clkbuf_4_8_0_clk_i/A (sg13g2_buf_8)
     2    0.043040    0.035193    0.095802    0.195040 ^ clkbuf_4_8_0_clk_i/X (sg13g2_buf_8)
                                                         clknet_4_8_0_clk_i (net)
                      0.035782    0.002803    0.197843 ^ clkbuf_5_16__f_clk_i/A (sg13g2_buf_16)
     6    0.034298    0.022970    0.070601    0.268444 ^ clkbuf_5_16__f_clk_i/X (sg13g2_buf_16)
                                                         clknet_5_16__leaf_clk_i (net)
                      0.022985    0.001181    0.269625 ^ _1254_/CLK (sg13g2_dfrbpq_1)
                                  0.100000    0.369625   clock uncertainty
                                 -0.012074    0.357551   clock reconvergence pessimism
                                 -0.033507    0.324044   library hold time
                                              0.324044   data required time
---------------------------------------------------------------------------------------------
                                              0.324044   data required time
                                             -0.553724   data arrival time
---------------------------------------------------------------------------------------------
                                              0.229681   slack (MET)


Startpoint: _1242_ (rising edge-triggered flip-flop clocked by clk_i)
Endpoint: _1242_ (rising edge-triggered flip-flop clocked by clk_i)
Path Group: clk_i
Path Type: min

Fanout         Cap        Slew       Delay        Time   Description
---------------------------------------------------------------------------------------------
                                  0.000000    0.000000   clock clk_i (rise edge)
                                  0.000000    0.000000   clock source latency
     1    0.037465    0.000000    0.000000    0.000000 ^ clk_i (in)
                                                         clk_i (net)
                      0.005567    0.002783    0.002783 ^ clkbuf_0_clk_i/A (sg13g2_buf_16)
    16    0.183519    0.058569    0.078991    0.081774 ^ clkbuf_0_clk_i/X (sg13g2_buf_16)
                                                         clknet_0_clk_i (net)
                      0.064694    0.014678    0.096453 ^ clkbuf_4_10_0_clk_i/A (sg13g2_buf_8)
     2    0.035921    0.032113    0.091700    0.188153 ^ clkbuf_4_10_0_clk_i/X (sg13g2_buf_8)
                                                         clknet_4_10_0_clk_i (net)
                      0.032121    0.000877    0.189030 ^ clkbuf_5_21__f_clk_i/A (sg13g2_buf_16)
     6    0.023752    0.020418    0.066914    0.255945 ^ clkbuf_5_21__f_clk_i/X (sg13g2_buf_16)
                                                         clknet_5_21__leaf_clk_i (net)
                      0.020426    0.000811    0.256756 ^ _1242_/CLK (sg13g2_dfrbpq_1)
     2    0.007420    0.031814    0.170597    0.427353 v _1242_/Q (sg13g2_dfrbpq_1)
                                                         net8 (net)
                      0.031845    0.000445    0.427798 v _0804_/A2 (sg13g2_o21ai_1)
     1    0.004118    0.046931    0.085536    0.513334 ^ _0804_/Y (sg13g2_o21ai_1)
                                                         _0251_ (net)
                      0.046932    0.000163    0.513497 ^ _0805_/A (sg13g2_nor2_1)
     1    0.002386    0.021752    0.038316    0.551814 v _0805_/Y (sg13g2_nor2_1)
                                                         _0024_ (net)
                      0.021752    0.000147    0.551961 v _1242_/D (sg13g2_dfrbpq_1)
                                              0.551961   data arrival time

                                  0.000000    0.000000   clock clk_i (rise edge)
                                  0.000000    0.000000   clock source latency
     1    0.040138    0.000000    0.000000    0.000000 ^ clk_i (in)
                                                         clk_i (net)
                      0.006155    0.003077    0.003077 ^ clkbuf_0_clk_i/A (sg13g2_buf_16)
    16    0.204016    0.064014    0.082240    0.085317 ^ clkbuf_0_clk_i/X (sg13g2_buf_16)
                                                         clknet_0_clk_i (net)
                      0.071011    0.016360    0.101678 ^ clkbuf_4_10_0_clk_i/A (sg13g2_buf_8)
     2    0.041267    0.034734    0.096817    0.198495 ^ clkbuf_4_10_0_clk_i/X (sg13g2_buf_8)
                                                         clknet_4_10_0_clk_i (net)
                      0.034785    0.001016    0.199510 ^ clkbuf_5_21__f_clk_i/A (sg13g2_buf_16)
     6    0.026679    0.021208    0.068763    0.268273 ^ clkbuf_5_21__f_clk_i/X (sg13g2_buf_16)
                                                         clknet_5_21__leaf_clk_i (net)
                      0.021217    0.000900    0.269173 ^ _1242_/CLK (sg13g2_dfrbpq_1)
                                  0.100000    0.369173   clock uncertainty
                                 -0.012417    0.356756   clock reconvergence pessimism
                                 -0.034685    0.322071   library hold time
                                              0.322071   data required time
---------------------------------------------------------------------------------------------
                                              0.322071   data required time
                                             -0.551961   data arrival time
---------------------------------------------------------------------------------------------
                                              0.229890   slack (MET)


Startpoint: _1243_ (rising edge-triggered flip-flop clocked by clk_i)
Endpoint: _1243_ (rising edge-triggered flip-flop clocked by clk_i)
Path Group: clk_i
Path Type: min

Fanout         Cap        Slew       Delay        Time   Description
---------------------------------------------------------------------------------------------
                                  0.000000    0.000000   clock clk_i (rise edge)
                                  0.000000    0.000000   clock source latency
     1    0.037465    0.000000    0.000000    0.000000 ^ clk_i (in)
                                                         clk_i (net)
                      0.005567    0.002783    0.002783 ^ clkbuf_0_clk_i/A (sg13g2_buf_16)
    16    0.183519    0.058569    0.078991    0.081774 ^ clkbuf_0_clk_i/X (sg13g2_buf_16)
                                                         clknet_0_clk_i (net)
                      0.064694    0.014678    0.096453 ^ clkbuf_4_10_0_clk_i/A (sg13g2_buf_8)
     2    0.035921    0.032113    0.091700    0.188153 ^ clkbuf_4_10_0_clk_i/X (sg13g2_buf_8)
                                                         clknet_4_10_0_clk_i (net)
                      0.032119    0.000785    0.188938 ^ clkbuf_5_20__f_clk_i/A (sg13g2_buf_16)
     6    0.023209    0.020293    0.066799    0.255737 ^ clkbuf_5_20__f_clk_i/X (sg13g2_buf_16)
                                                         clknet_5_20__leaf_clk_i (net)
                      0.020300    0.000773    0.256510 ^ _1243_/CLK (sg13g2_dfrbpq_1)
     2    0.007077    0.030844    0.169663    0.426174 v _1243_/Q (sg13g2_dfrbpq_1)
                                                         net9 (net)
                      0.030874    0.000485    0.426658 v _0807_/A2 (sg13g2_o21ai_1)
     1    0.004230    0.056401    0.085916    0.512574 ^ _0807_/Y (sg13g2_o21ai_1)
                                                         _0253_ (net)
                      0.056401    0.000307    0.512881 ^ _0808_/A (sg13g2_nor2_1)
     1    0.001622    0.019619    0.039582    0.552463 v _0808_/Y (sg13g2_nor2_1)
                                                         _0025_ (net)
                      0.019619    0.000063    0.552526 v _1243_/D (sg13g2_dfrbpq_1)
                                              0.552526   data arrival time

                                  0.000000    0.000000   clock clk_i (rise edge)
                                  0.000000    0.000000   clock source latency
     1    0.040138    0.000000    0.000000    0.000000 ^ clk_i (in)
                                                         clk_i (net)
                      0.006155    0.003077    0.003077 ^ clkbuf_0_clk_i/A (sg13g2_buf_16)
    16    0.204016    0.064014    0.082240    0.085317 ^ clkbuf_0_clk_i/X (sg13g2_buf_16)
                                                         clknet_0_clk_i (net)
                      0.071011    0.016360    0.101678 ^ clkbuf_4_10_0_clk_i/A (sg13g2_buf_8)
     2    0.041267    0.034734    0.096817    0.198495 ^ clkbuf_4_10_0_clk_i/X (sg13g2_buf_8)
                                                         clknet_4_10_0_clk_i (net)
                      0.034776    0.000911    0.199406 ^ clkbuf_5_20__f_clk_i/A (sg13g2_buf_16)
     6    0.025893    0.021029    0.068593    0.267999 ^ clkbuf_5_20__f_clk_i/X (sg13g2_buf_16)
                                                         clknet_5_20__leaf_clk_i (net)
                      0.021038    0.000864    0.268862 ^ _1243_/CLK (sg13g2_dfrbpq_1)
                                  0.100000    0.368863   clock uncertainty
                                 -0.012352    0.356510   clock reconvergence pessimism
                                 -0.034047    0.322463   library hold time
                                              0.322463   data required time
---------------------------------------------------------------------------------------------
                                              0.322463   data required time
                                             -0.552526   data arrival time
---------------------------------------------------------------------------------------------
                                              0.230062   slack (MET)


Startpoint: _1247_ (rising edge-triggered flip-flop clocked by clk_i)
Endpoint: _1247_ (rising edge-triggered flip-flop clocked by clk_i)
Path Group: clk_i
Path Type: min

Fanout         Cap        Slew       Delay        Time   Description
---------------------------------------------------------------------------------------------
                                  0.000000    0.000000   clock clk_i (rise edge)
                                  0.000000    0.000000   clock source latency
     1    0.037465    0.000000    0.000000    0.000000 ^ clk_i (in)
                                                         clk_i (net)
                      0.005567    0.002783    0.002783 ^ clkbuf_0_clk_i/A (sg13g2_buf_16)
    16    0.183519    0.058569    0.078991    0.081774 ^ clkbuf_0_clk_i/X (sg13g2_buf_16)
                                                         clknet_0_clk_i (net)
                      0.063046    0.012508    0.094282 ^ clkbuf_4_8_0_clk_i/A (sg13g2_buf_8)
     2    0.037694    0.032701    0.090964    0.185246 ^ clkbuf_4_8_0_clk_i/X (sg13g2_buf_8)
                                                         clknet_4_8_0_clk_i (net)
                      0.033008    0.002331    0.187577 ^ clkbuf_5_17__f_clk_i/A (sg13g2_buf_16)
     6    0.021517    0.019949    0.066882    0.254459 ^ clkbuf_5_17__f_clk_i/X (sg13g2_buf_16)
                                                         clknet_5_17__leaf_clk_i (net)
                      0.019963    0.001038    0.255498 ^ _1247_/CLK (sg13g2_dfrbpq_1)
     2    0.008987    0.036347    0.174131    0.429629 v _1247_/Q (sg13g2_dfrbpq_1)
                                                         net13 (net)
                      0.036355    0.000529    0.430158 v _0816_/A2 (sg13g2_o21ai_1)
     1    0.003780    0.054663    0.084890    0.515049 ^ _0816_/Y (sg13g2_o21ai_1)
                                                         _0258_ (net)
                      0.054663    0.000150    0.515198 ^ _0817_/B1 (sg13g2_a21oi_1)
     1    0.002778    0.023189    0.036641    0.551839 v _0817_/Y (sg13g2_a21oi_1)
                                                         _0029_ (net)
                      0.023189    0.000105    0.551944 v _1247_/D (sg13g2_dfrbpq_1)
                                              0.551944   data arrival time

                                  0.000000    0.000000   clock clk_i (rise edge)
                                  0.000000    0.000000   clock source latency
     1    0.040138    0.000000    0.000000    0.000000 ^ clk_i (in)
                                                         clk_i (net)
                      0.006155    0.003077    0.003077 ^ clkbuf_0_clk_i/A (sg13g2_buf_16)
    16    0.204016    0.064014    0.082240    0.085317 ^ clkbuf_0_clk_i/X (sg13g2_buf_16)
                                                         clknet_0_clk_i (net)
                      0.069099    0.013921    0.099238 ^ clkbuf_4_8_0_clk_i/A (sg13g2_buf_8)
     2    0.043040    0.035193    0.095802    0.195040 ^ clkbuf_4_8_0_clk_i/X (sg13g2_buf_8)
                                                         clknet_4_8_0_clk_i (net)
                      0.035752    0.002671    0.197710 ^ clkbuf_5_17__f_clk_i/A (sg13g2_buf_16)
     6    0.024443    0.020748    0.068758    0.266469 ^ clkbuf_5_17__f_clk_i/X (sg13g2_buf_16)
                                                         clknet_5_17__leaf_clk_i (net)
                      0.020766    0.001175    0.267644 ^ _1247_/CLK (sg13g2_dfrbpq_1)
                                  0.100000    0.367644   clock uncertainty
                                 -0.012146    0.355498   clock reconvergence pessimism
                                 -0.035235    0.320263   library hold time
                                              0.320263   data required time
---------------------------------------------------------------------------------------------
                                              0.320263   data required time
                                             -0.551944   data arrival time
---------------------------------------------------------------------------------------------
                                              0.231681   slack (MET)


Startpoint: _1363_ (rising edge-triggered flip-flop clocked by clk_i)
Endpoint: _1364_ (rising edge-triggered flip-flop clocked by clk_i)
Path Group: clk_i
Path Type: min

Fanout         Cap        Slew       Delay        Time   Description
---------------------------------------------------------------------------------------------
                                  0.000000    0.000000   clock clk_i (rise edge)
                                  0.000000    0.000000   clock source latency
     1    0.037465    0.000000    0.000000    0.000000 ^ clk_i (in)
                                                         clk_i (net)
                      0.005567    0.002783    0.002783 ^ clkbuf_0_clk_i/A (sg13g2_buf_16)
    16    0.183519    0.058569    0.078991    0.081774 ^ clkbuf_0_clk_i/X (sg13g2_buf_16)
                                                         clknet_0_clk_i (net)
                      0.059897    0.006950    0.088724 ^ clkbuf_4_3_0_clk_i/A (sg13g2_buf_8)
     2    0.038003    0.032631    0.089294    0.178018 ^ clkbuf_4_3_0_clk_i/X (sg13g2_buf_8)
                                                         clknet_4_3_0_clk_i (net)
                      0.033175    0.003130    0.181148 ^ clkbuf_5_7__f_clk_i/A (sg13g2_buf_16)
     5    0.021094    0.019867    0.066772    0.247919 ^ clkbuf_5_7__f_clk_i/X (sg13g2_buf_16)
                                                         clknet_5_7__leaf_clk_i (net)
                      0.019900    0.001477    0.249396 ^ _1363_/CLK (sg13g2_dfrbpq_1)
     5    0.016433    0.058454    0.192184    0.441581 v _1363_/Q (sg13g2_dfrbpq_1)
                                                         u_spi.div_cnt[1] (net)
                      0.058459    0.000573    0.442154 v _1158_/A1 (sg13g2_a21oi_1)
     1    0.003277    0.037591    0.073770    0.515924 ^ _1158_/Y (sg13g2_a21oi_1)
                                                         _0484_ (net)
                      0.037591    0.000129    0.516052 ^ _1159_/D (sg13g2_nor4_1)
     1    0.001995    0.021101    0.034195    0.550248 v _1159_/Y (sg13g2_nor4_1)
                                                         _0146_ (net)
                      0.021102    0.000134    0.550382 v _1364_/D (sg13g2_dfrbpq_1)
                                              0.550382   data arrival time

                                  0.000000    0.000000   clock clk_i (rise edge)
                                  0.000000    0.000000   clock source latency
     1    0.040138    0.000000    0.000000    0.000000 ^ clk_i (in)
                                                         clk_i (net)
                      0.006155    0.003077    0.003077 ^ clkbuf_0_clk_i/A (sg13g2_buf_16)
    16    0.204016    0.064014    0.082240    0.085317 ^ clkbuf_0_clk_i/X (sg13g2_buf_16)
                                                         clknet_0_clk_i (net)
                      0.065508    0.007752    0.093070 ^ clkbuf_4_3_0_clk_i/A (sg13g2_buf_8)
     2    0.043348    0.035319    0.093848    0.186918 ^ clkbuf_4_3_0_clk_i/X (sg13g2_buf_8)
                                                         clknet_4_3_0_clk_i (net)
                      0.035915    0.003406    0.190324 ^ clkbuf_5_6__f_clk_i/A (sg13g2_buf_16)
     5    0.026650    0.021263    0.069118    0.259442 ^ clkbuf_5_6__f_clk_i/X (sg13g2_buf_16)
                                                         clknet_5_6__leaf_clk_i (net)
                      0.021298    0.001568    0.261009 ^ _1364_/CLK (sg13g2_dfrbpq_1)
                                  0.100000    0.361009   clock uncertainty
                                 -0.008900    0.352109   clock reconvergence pessimism
                                 -0.034463    0.317647   library hold time
                                              0.317647   data required time
---------------------------------------------------------------------------------------------
                                              0.317647   data required time
                                             -0.550382   data arrival time
---------------------------------------------------------------------------------------------
                                              0.232735   slack (MET)


Startpoint: _1258_ (rising edge-triggered flip-flop clocked by clk_i)
Endpoint: _1258_ (rising edge-triggered flip-flop clocked by clk_i)
Path Group: clk_i
Path Type: min

Fanout         Cap        Slew       Delay        Time   Description
---------------------------------------------------------------------------------------------
                                  0.000000    0.000000   clock clk_i (rise edge)
                                  0.000000    0.000000   clock source latency
     1    0.037465    0.000000    0.000000    0.000000 ^ clk_i (in)
                                                         clk_i (net)
                      0.005567    0.002783    0.002783 ^ clkbuf_0_clk_i/A (sg13g2_buf_16)
    16    0.183519    0.058569    0.078991    0.081774 ^ clkbuf_0_clk_i/X (sg13g2_buf_16)
                                                         clknet_0_clk_i (net)
                      0.063046    0.012508    0.094282 ^ clkbuf_4_8_0_clk_i/A (sg13g2_buf_8)
     2    0.037694    0.032701    0.090964    0.185246 ^ clkbuf_4_8_0_clk_i/X (sg13g2_buf_8)
                                                         clknet_4_8_0_clk_i (net)
                      0.033008    0.002331    0.187577 ^ clkbuf_5_17__f_clk_i/A (sg13g2_buf_16)
     6    0.021517    0.019949    0.066882    0.254459 ^ clkbuf_5_17__f_clk_i/X (sg13g2_buf_16)
                                                         clknet_5_17__leaf_clk_i (net)
                      0.019952    0.000449    0.254908 ^ _1258_/CLK (sg13g2_dfrbpq_1)
     2    0.008581    0.035173    0.173143    0.428051 v _1258_/Q (sg13g2_dfrbpq_1)
                                                         net25 (net)
                      0.035180    0.000497    0.428548 v _0839_/A2 (sg13g2_o21ai_1)
     1    0.004100    0.055915    0.086707    0.515255 ^ _0839_/Y (sg13g2_o21ai_1)
                                                         _0270_ (net)
                      0.055915    0.000164    0.515419 ^ _0840_/B1 (sg13g2_a21oi_1)
     1    0.003112    0.024298    0.037952    0.553371 v _0840_/Y (sg13g2_a21oi_1)
                                                         _0040_ (net)
                      0.024298    0.000181    0.553552 v _1258_/D (sg13g2_dfrbpq_1)
                                              0.553552   data arrival time

                                  0.000000    0.000000   clock clk_i (rise edge)
                                  0.000000    0.000000   clock source latency
     1    0.040138    0.000000    0.000000    0.000000 ^ clk_i (in)
                                                         clk_i (net)
                      0.006155    0.003077    0.003077 ^ clkbuf_0_clk_i/A (sg13g2_buf_16)
    16    0.204016    0.064014    0.082240    0.085317 ^ clkbuf_0_clk_i/X (sg13g2_buf_16)
                                                         clknet_0_clk_i (net)
                      0.069099    0.013921    0.099238 ^ clkbuf_4_8_0_clk_i/A (sg13g2_buf_8)
     2    0.043040    0.035193    0.095802    0.195040 ^ clkbuf_4_8_0_clk_i/X (sg13g2_buf_8)
                                                         clknet_4_8_0_clk_i (net)
                      0.035752    0.002671    0.197710 ^ clkbuf_5_17__f_clk_i/A (sg13g2_buf_16)
     6    0.024443    0.020748    0.068758    0.266469 ^ clkbuf_5_17__f_clk_i/X (sg13g2_buf_16)
                                                         clknet_5_17__leaf_clk_i (net)
                      0.020752    0.000509    0.266978 ^ _1258_/CLK (sg13g2_dfrbpq_1)
                                  0.100000    0.366978   clock uncertainty
                                 -0.012070    0.354908   clock reconvergence pessimism
                                 -0.035589    0.319319   library hold time
                                              0.319319   data required time
---------------------------------------------------------------------------------------------
                                              0.319319   data required time
                                             -0.553552   data arrival time
---------------------------------------------------------------------------------------------
                                              0.234233   slack (MET)


Startpoint: _1291_ (rising edge-triggered flip-flop clocked by clk_i)
Endpoint: _1397_ (rising edge-triggered flip-flop clocked by clk_i)
Path Group: clk_i
Path Type: min

Fanout         Cap        Slew       Delay        Time   Description
---------------------------------------------------------------------------------------------
                                  0.000000    0.000000   clock clk_i (rise edge)
                                  0.000000    0.000000   clock source latency
     1    0.037465    0.000000    0.000000    0.000000 ^ clk_i (in)
                                                         clk_i (net)
                      0.005567    0.002783    0.002783 ^ clkbuf_0_clk_i/A (sg13g2_buf_16)
    16    0.183519    0.058569    0.078991    0.081774 ^ clkbuf_0_clk_i/X (sg13g2_buf_16)
                                                         clknet_0_clk_i (net)
                      0.062711    0.012027    0.093801 ^ clkbuf_4_12_0_clk_i/A (sg13g2_buf_8)
     2    0.034811    0.031533    0.090015    0.183816 ^ clkbuf_4_12_0_clk_i/X (sg13g2_buf_8)
                                                         clknet_4_12_0_clk_i (net)
                      0.031581    0.001256    0.185071 ^ clkbuf_5_24__f_clk_i/A (sg13g2_buf_16)
     6    0.028544    0.021485    0.067369    0.252440 ^ clkbuf_5_24__f_clk_i/X (sg13g2_buf_16)
                                                         clknet_5_24__leaf_clk_i (net)
                      0.021520    0.001572    0.254012 ^ _1291_/CLK (sg13g2_dfrbpq_1)
     6    0.025234    0.083200    0.213036    0.467048 v _1291_/Q (sg13g2_dfrbpq_1)
                                                         u_boot_ctrl.byte_cnt[0] (net)
                      0.083203    0.000696    0.467745 v _0718_/B (sg13g2_nand3_1)
     1    0.003041    0.029092    0.059286    0.527031 ^ _0718_/Y (sg13g2_nand3_1)
                                                         _0188_ (net)
                      0.029092    0.000120    0.527151 ^ _0719_/B (sg13g2_nor2_1)
     1    0.002478    0.017385    0.028414    0.555565 v _0719_/Y (sg13g2_nor2_1)
                                                         _0002_ (net)
                      0.017385    0.000092    0.555657 v _1397_/D (sg13g2_dfrbpq_1)
                                              0.555657   data arrival time

                                  0.000000    0.000000   clock clk_i (rise edge)
                                  0.000000    0.000000   clock source latency
     1    0.040138    0.000000    0.000000    0.000000 ^ clk_i (in)
                                                         clk_i (net)
                      0.006155    0.003077    0.003077 ^ clkbuf_0_clk_i/A (sg13g2_buf_16)
    16    0.204016    0.064014    0.082240    0.085317 ^ clkbuf_0_clk_i/X (sg13g2_buf_16)
                                                         clknet_0_clk_i (net)
                      0.068727    0.013403    0.098720 ^ clkbuf_4_12_0_clk_i/A (sg13g2_buf_8)
     2    0.040157    0.034068    0.094903    0.193623 ^ clkbuf_4_12_0_clk_i/X (sg13g2_buf_8)
                                                         clknet_4_12_0_clk_i (net)
                      0.034231    0.001454    0.195077 ^ clkbuf_5_24__f_clk_i/A (sg13g2_buf_16)
     6    0.031228    0.022211    0.069122    0.264199 ^ clkbuf_5_24__f_clk_i/X (sg13g2_buf_16)
                                                         clknet_5_24__leaf_clk_i (net)
                      0.022261    0.001907    0.266106 ^ _1397_/CLK (sg13g2_dfrbpq_1)
                                  0.100000    0.366106   clock uncertainty
                                 -0.011759    0.354347   clock reconvergence pessimism
                                 -0.033084    0.321263   library hold time
                                              0.321263   data required time
---------------------------------------------------------------------------------------------
                                              0.321263   data required time
                                             -0.555657   data arrival time
---------------------------------------------------------------------------------------------
                                              0.234393   slack (MET)


Startpoint: _1289_ (rising edge-triggered flip-flop clocked by clk_i)
Endpoint: _1289_ (rising edge-triggered flip-flop clocked by clk_i)
Path Group: clk_i
Path Type: min

Fanout         Cap        Slew       Delay        Time   Description
---------------------------------------------------------------------------------------------
                                  0.000000    0.000000   clock clk_i (rise edge)
                                  0.000000    0.000000   clock source latency
     1    0.037465    0.000000    0.000000    0.000000 ^ clk_i (in)
                                                         clk_i (net)
                      0.005567    0.002783    0.002783 ^ clkbuf_0_clk_i/A (sg13g2_buf_16)
    16    0.183519    0.058569    0.078991    0.081774 ^ clkbuf_0_clk_i/X (sg13g2_buf_16)
                                                         clknet_0_clk_i (net)
                      0.064417    0.014333    0.096107 ^ clkbuf_4_11_0_clk_i/A (sg13g2_buf_8)
     2    0.035854    0.032049    0.091209    0.187317 ^ clkbuf_4_11_0_clk_i/X (sg13g2_buf_8)
                                                         clknet_4_11_0_clk_i (net)
                      0.032202    0.002014    0.189331 ^ clkbuf_5_22__f_clk_i/A (sg13g2_buf_16)
     5    0.031394    0.022153    0.068221    0.257552 ^ clkbuf_5_22__f_clk_i/X (sg13g2_buf_16)
                                                         clknet_5_22__leaf_clk_i (net)
                      0.022185    0.001560    0.259112 ^ _1289_/CLK (sg13g2_dfrbpq_1)
     2    0.006074    0.028028    0.168254    0.427366 v _1289_/Q (sg13g2_dfrbpq_1)
                                                         u_boot_ctrl.word_cnt[30] (net)
                      0.028028    0.000186    0.427551 v _0702_/A (sg13g2_inv_1)
     4    0.015064    0.068436    0.064742    0.492293 ^ _0702_/Y (sg13g2_inv_1)
                                                         _0173_ (net)
                      0.068443    0.000585    0.492878 ^ _0959_/A1 (sg13g2_a21oi_1)
     1    0.002990    0.021017    0.067247    0.560124 v _0959_/Y (sg13g2_a21oi_1)
                                                         _0071_ (net)
                      0.021017    0.000107    0.560232 v _1289_/D (sg13g2_dfrbpq_1)
                                              0.560232   data arrival time

                                  0.000000    0.000000   clock clk_i (rise edge)
                                  0.000000    0.000000   clock source latency
     1    0.040138    0.000000    0.000000    0.000000 ^ clk_i (in)
                                                         clk_i (net)
                      0.006155    0.003077    0.003077 ^ clkbuf_0_clk_i/A (sg13g2_buf_16)
    16    0.204016    0.064014    0.082240    0.085317 ^ clkbuf_0_clk_i/X (sg13g2_buf_16)
                                                         clknet_0_clk_i (net)
                      0.070685    0.015966    0.101284 ^ clkbuf_4_11_0_clk_i/A (sg13g2_buf_8)
     2    0.041199    0.034586    0.096210    0.197494 ^ clkbuf_4_11_0_clk_i/X (sg13g2_buf_8)
                                                         clknet_4_11_0_clk_i (net)
                      0.034914    0.002334    0.199828 ^ clkbuf_5_22__f_clk_i/A (sg13g2_buf_16)
     5    0.033631    0.022778    0.069931    0.269758 ^ clkbuf_5_22__f_clk_i/X (sg13g2_buf_16)
                                                         clknet_5_22__leaf_clk_i (net)
                      0.022814    0.001675    0.271434 ^ _1289_/CLK (sg13g2_dfrbpq_1)
                                  0.100000    0.371434   clock uncertainty
                                 -0.012322    0.359112   clock reconvergence pessimism
                                 -0.034119    0.324992   library hold time
                                              0.324992   data required time
---------------------------------------------------------------------------------------------
                                              0.324992   data required time
                                             -0.560232   data arrival time
---------------------------------------------------------------------------------------------
                                              0.235239   slack (MET)


Startpoint: _1367_ (rising edge-triggered flip-flop clocked by clk_i)
Endpoint: _1361_ (rising edge-triggered flip-flop clocked by clk_i)
Path Group: clk_i
Path Type: min

Fanout         Cap        Slew       Delay        Time   Description
---------------------------------------------------------------------------------------------
                                  0.000000    0.000000   clock clk_i (rise edge)
                                  0.000000    0.000000   clock source latency
     1    0.037465    0.000000    0.000000    0.000000 ^ clk_i (in)
                                                         clk_i (net)
                      0.005567    0.002783    0.002783 ^ clkbuf_0_clk_i/A (sg13g2_buf_16)
    16    0.183519    0.058569    0.078991    0.081774 ^ clkbuf_0_clk_i/X (sg13g2_buf_16)
                                                         clknet_0_clk_i (net)
                      0.060141    0.007518    0.089293 ^ clkbuf_4_2_0_clk_i/A (sg13g2_buf_8)
     2    0.036027    0.031976    0.089381    0.178674 ^ clkbuf_4_2_0_clk_i/X (sg13g2_buf_8)
                                                         clknet_4_2_0_clk_i (net)
                      0.031987    0.000793    0.179466 ^ clkbuf_5_4__f_clk_i/A (sg13g2_buf_16)
     6    0.026136    0.020959    0.067171    0.246637 ^ clkbuf_5_4__f_clk_i/X (sg13g2_buf_16)
                                                         clknet_5_4__leaf_clk_i (net)
                      0.021000    0.001682    0.248319 ^ _1367_/CLK (sg13g2_dfrbpq_1)
     7    0.024693    0.081569    0.211959    0.460278 v _1367_/Q (sg13g2_dfrbpq_1)
                                                         u_spi.bit_cnt[0] (net)
                      0.081617    0.001824    0.462102 v _1149_/A (sg13g2_nand3_1)
     2    0.006530    0.046373    0.064263    0.526365 ^ _1149_/Y (sg13g2_nand3_1)
                                                         _0478_ (net)
                      0.046373    0.000194    0.526559 ^ _1150_/B (sg13g2_nor2_1)
     1    0.002408    0.020518    0.033284    0.559843 v _1150_/Y (sg13g2_nor2_1)
                                                         _0143_ (net)
                      0.020519    0.000162    0.560004 v _1361_/D (sg13g2_dfrbpq_1)
                                              0.560004   data arrival time

                                  0.000000    0.000000   clock clk_i (rise edge)
                                  0.000000    0.000000   clock source latency
     1    0.040138    0.000000    0.000000    0.000000 ^ clk_i (in)
                                                         clk_i (net)
                      0.006155    0.003077    0.003077 ^ clkbuf_0_clk_i/A (sg13g2_buf_16)
    16    0.204016    0.064014    0.082240    0.085317 ^ clkbuf_0_clk_i/X (sg13g2_buf_16)
                                                         clknet_0_clk_i (net)
                      0.065508    0.007752    0.093070 ^ clkbuf_4_3_0_clk_i/A (sg13g2_buf_8)
     2    0.043348    0.035319    0.093848    0.186918 ^ clkbuf_4_3_0_clk_i/X (sg13g2_buf_8)
                                                         clknet_4_3_0_clk_i (net)
                      0.035968    0.003586    0.190504 ^ clkbuf_5_7__f_clk_i/A (sg13g2_buf_16)
     5    0.023331    0.020514    0.068519    0.259023 ^ clkbuf_5_7__f_clk_i/X (sg13g2_buf_16)
                                                         clknet_5_7__leaf_clk_i (net)
                      0.020551    0.001576    0.260599 ^ _1361_/CLK (sg13g2_dfrbpq_1)
                                  0.100000    0.360599   clock uncertainty
                                 -0.003543    0.357056   clock reconvergence pessimism
                                 -0.034434    0.322623   library hold time
                                              0.322623   data required time
---------------------------------------------------------------------------------------------
                                              0.322623   data required time
                                             -0.560004   data arrival time
---------------------------------------------------------------------------------------------
                                              0.237382   slack (MET)


Startpoint: _1252_ (rising edge-triggered flip-flop clocked by clk_i)
Endpoint: _1252_ (rising edge-triggered flip-flop clocked by clk_i)
Path Group: clk_i
Path Type: min

Fanout         Cap        Slew       Delay        Time   Description
---------------------------------------------------------------------------------------------
                                  0.000000    0.000000   clock clk_i (rise edge)
                                  0.000000    0.000000   clock source latency
     1    0.037465    0.000000    0.000000    0.000000 ^ clk_i (in)
                                                         clk_i (net)
                      0.005567    0.002783    0.002783 ^ clkbuf_0_clk_i/A (sg13g2_buf_16)
    16    0.183519    0.058569    0.078991    0.081774 ^ clkbuf_0_clk_i/X (sg13g2_buf_16)
                                                         clknet_0_clk_i (net)
                      0.060141    0.007518    0.089293 ^ clkbuf_4_2_0_clk_i/A (sg13g2_buf_8)
     2    0.036027    0.031976    0.089381    0.178674 ^ clkbuf_4_2_0_clk_i/X (sg13g2_buf_8)
                                                         clknet_4_2_0_clk_i (net)
                      0.032018    0.001562    0.180236 ^ clkbuf_5_5__f_clk_i/A (sg13g2_buf_16)
     6    0.029225    0.021632    0.067338    0.247573 ^ clkbuf_5_5__f_clk_i/X (sg13g2_buf_16)
                                                         clknet_5_5__leaf_clk_i (net)
                      0.021993    0.003919    0.251492 ^ _1252_/CLK (sg13g2_dfrbpq_1)
     2    0.010684    0.041372    0.179281    0.430773 v _1252_/Q (sg13g2_dfrbpq_1)
                                                         net18 (net)
                      0.041376    0.000434    0.431208 v _0826_/A2 (sg13g2_o21ai_1)
     1    0.003831    0.052017    0.087202    0.518410 ^ _0826_/Y (sg13g2_o21ai_1)
                                                         _0263_ (net)
                      0.052017    0.000152    0.518562 ^ _0827_/B1 (sg13g2_a21oi_1)
     1    0.002721    0.022537    0.035679    0.554241 v _0827_/Y (sg13g2_a21oi_1)
                                                         _0034_ (net)
                      0.022537    0.000176    0.554417 v _1252_/D (sg13g2_dfrbpq_1)
                                              0.554417   data arrival time

                                  0.000000    0.000000   clock clk_i (rise edge)
                                  0.000000    0.000000   clock source latency
     1    0.040138    0.000000    0.000000    0.000000 ^ clk_i (in)
                                                         clk_i (net)
                      0.006155    0.003077    0.003077 ^ clkbuf_0_clk_i/A (sg13g2_buf_16)
    16    0.204016    0.064014    0.082240    0.085317 ^ clkbuf_0_clk_i/X (sg13g2_buf_16)
                                                         clknet_0_clk_i (net)
                      0.065786    0.008384    0.093702 ^ clkbuf_4_2_0_clk_i/A (sg13g2_buf_8)
     2    0.041372    0.034522    0.094130    0.187832 ^ clkbuf_4_2_0_clk_i/X (sg13g2_buf_8)
                                                         clknet_4_2_0_clk_i (net)
                      0.034717    0.001795    0.189627 ^ clkbuf_5_5__f_clk_i/A (sg13g2_buf_16)
     6    0.032152    0.022387    0.069099    0.258726 ^ clkbuf_5_5__f_clk_i/X (sg13g2_buf_16)
                                                         clknet_5_5__leaf_clk_i (net)
                      0.022881    0.004282    0.263008 ^ _1252_/CLK (sg13g2_dfrbpq_1)
                                  0.100000    0.363008   clock uncertainty
                                 -0.011515    0.351492   clock reconvergence pessimism
                                 -0.034587    0.316905   library hold time
                                              0.316905   data required time
---------------------------------------------------------------------------------------------
                                              0.316905   data required time
                                             -0.554417   data arrival time
---------------------------------------------------------------------------------------------
                                              0.237511   slack (MET)


Startpoint: _1286_ (rising edge-triggered flip-flop clocked by clk_i)
Endpoint: _1286_ (rising edge-triggered flip-flop clocked by clk_i)
Path Group: clk_i
Path Type: min

Fanout         Cap        Slew       Delay        Time   Description
---------------------------------------------------------------------------------------------
                                  0.000000    0.000000   clock clk_i (rise edge)
                                  0.000000    0.000000   clock source latency
     1    0.037465    0.000000    0.000000    0.000000 ^ clk_i (in)
                                                         clk_i (net)
                      0.005567    0.002783    0.002783 ^ clkbuf_0_clk_i/A (sg13g2_buf_16)
    16    0.183519    0.058569    0.078991    0.081774 ^ clkbuf_0_clk_i/X (sg13g2_buf_16)
                                                         clknet_0_clk_i (net)
                      0.063046    0.012508    0.094282 ^ clkbuf_4_8_0_clk_i/A (sg13g2_buf_8)
     2    0.037694    0.032701    0.090964    0.185246 ^ clkbuf_4_8_0_clk_i/X (sg13g2_buf_8)
                                                         clknet_4_8_0_clk_i (net)
                      0.033008    0.002331    0.187577 ^ clkbuf_5_17__f_clk_i/A (sg13g2_buf_16)
     6    0.021517    0.019949    0.066882    0.254459 ^ clkbuf_5_17__f_clk_i/X (sg13g2_buf_16)
                                                         clknet_5_17__leaf_clk_i (net)
                      0.019950    0.000128    0.254587 ^ _1286_/CLK (sg13g2_dfrbpq_1)
     4    0.014391    0.052308    0.187366    0.441953 v _1286_/Q (sg13g2_dfrbpq_1)
                                                         u_boot_ctrl.word_cnt[27] (net)
                      0.052308    0.000166    0.442120 v _0705_/A (sg13g2_inv_1)
     2    0.009440    0.050629    0.056710    0.498830 ^ _0705_/Y (sg13g2_inv_1)
                                                         _0176_ (net)
                      0.050631    0.000264    0.499094 ^ _0946_/A1 (sg13g2_a21oi_1)
     1    0.002691    0.019322    0.058986    0.558080 v _0946_/Y (sg13g2_a21oi_1)
                                                         _0068_ (net)
                      0.019322    0.000154    0.558234 v _1286_/D (sg13g2_dfrbpq_1)
                                              0.558234   data arrival time

                                  0.000000    0.000000   clock clk_i (rise edge)
                                  0.000000    0.000000   clock source latency
     1    0.040138    0.000000    0.000000    0.000000 ^ clk_i (in)
                                                         clk_i (net)
                      0.006155    0.003077    0.003077 ^ clkbuf_0_clk_i/A (sg13g2_buf_16)
    16    0.204016    0.064014    0.082240    0.085317 ^ clkbuf_0_clk_i/X (sg13g2_buf_16)
                                                         clknet_0_clk_i (net)
                      0.069099    0.013921    0.099238 ^ clkbuf_4_8_0_clk_i/A (sg13g2_buf_8)
     2    0.043040    0.035193    0.095802    0.195040 ^ clkbuf_4_8_0_clk_i/X (sg13g2_buf_8)
                                                         clknet_4_8_0_clk_i (net)
                      0.035752    0.002671    0.197710 ^ clkbuf_5_17__f_clk_i/A (sg13g2_buf_16)
     6    0.024443    0.020748    0.068758    0.266469 ^ clkbuf_5_17__f_clk_i/X (sg13g2_buf_16)
                                                         clknet_5_17__leaf_clk_i (net)
                      0.020749    0.000147    0.266616 ^ _1286_/CLK (sg13g2_dfrbpq_1)
                                  0.100000    0.366616   clock uncertainty
                                 -0.012029    0.354587   clock reconvergence pessimism
                                 -0.034013    0.320574   library hold time
                                              0.320574   data required time
---------------------------------------------------------------------------------------------
                                              0.320574   data required time
                                             -0.558234   data arrival time
---------------------------------------------------------------------------------------------
                                              0.237660   slack (MET)


Startpoint: _1233_ (rising edge-triggered flip-flop clocked by clk_i)
Endpoint: _1233_ (rising edge-triggered flip-flop clocked by clk_i)
Path Group: clk_i
Path Type: min

Fanout         Cap        Slew       Delay        Time   Description
---------------------------------------------------------------------------------------------
                                  0.000000    0.000000   clock clk_i (rise edge)
                                  0.000000    0.000000   clock source latency
     1    0.037465    0.000000    0.000000    0.000000 ^ clk_i (in)
                                                         clk_i (net)
                      0.005567    0.002783    0.002783 ^ clkbuf_0_clk_i/A (sg13g2_buf_16)
    16    0.183519    0.058569    0.078991    0.081774 ^ clkbuf_0_clk_i/X (sg13g2_buf_16)
                                                         clknet_0_clk_i (net)
                      0.062680    0.011981    0.093755 ^ clkbuf_4_14_0_clk_i/A (sg13g2_buf_8)
     2    0.037704    0.032763    0.091049    0.184804 ^ clkbuf_4_14_0_clk_i/X (sg13g2_buf_8)
                                                         clknet_4_14_0_clk_i (net)
                      0.032977    0.002136    0.186940 ^ clkbuf_5_28__f_clk_i/A (sg13g2_buf_16)
     6    0.029425    0.021741    0.067997    0.254937 ^ clkbuf_5_28__f_clk_i/X (sg13g2_buf_16)
                                                         clknet_5_28__leaf_clk_i (net)
                      0.021922    0.003134    0.258071 ^ _1233_/CLK (sg13g2_dfrbpq_1)
     2    0.012864    0.047757    0.184656    0.442727 v _1233_/Q (sg13g2_dfrbpq_1)
                                                         net29 (net)
                      0.047758    0.000335    0.443062 v _0777_/A2 (sg13g2_o21ai_1)
     1    0.002941    0.043162    0.083317    0.526379 ^ _0777_/Y (sg13g2_o21ai_1)
                                                         _0233_ (net)
                      0.043162    0.000117    0.526496 ^ _0778_/A (sg13g2_nor2_1)
     1    0.001981    0.018590    0.035949    0.562446 v _0778_/Y (sg13g2_nor2_1)
                                                         _0015_ (net)
                      0.018590    0.000074    0.562520 v _1233_/D (sg13g2_dfrbpq_1)
                                              0.562520   data arrival time

                                  0.000000    0.000000   clock clk_i (rise edge)
                                  0.000000    0.000000   clock source latency
     1    0.040138    0.000000    0.000000    0.000000 ^ clk_i (in)
                                                         clk_i (net)
                      0.006155    0.003077    0.003077 ^ clkbuf_0_clk_i/A (sg13g2_buf_16)
    16    0.204016    0.064014    0.082240    0.085317 ^ clkbuf_0_clk_i/X (sg13g2_buf_16)
                                                         clknet_0_clk_i (net)
                      0.068691    0.013352    0.098669 ^ clkbuf_4_14_0_clk_i/A (sg13g2_buf_8)
     2    0.043050    0.035287    0.095926    0.194595 ^ clkbuf_4_14_0_clk_i/X (sg13g2_buf_8)
                                                         clknet_4_14_0_clk_i (net)
                      0.035698    0.002455    0.197050 ^ clkbuf_5_28__f_clk_i/A (sg13g2_buf_16)
     6    0.032109    0.022455    0.069748    0.266798 ^ clkbuf_5_28__f_clk_i/X (sg13g2_buf_16)
                                                         clknet_5_28__leaf_clk_i (net)
                      0.022693    0.003432    0.270230 ^ _1233_/CLK (sg13g2_dfrbpq_1)
                                  0.100000    0.370230   clock uncertainty
                                 -0.012159    0.358071   clock reconvergence pessimism
                                 -0.033375    0.324696   library hold time
                                              0.324696   data required time
---------------------------------------------------------------------------------------------
                                              0.324696   data required time
                                             -0.562520   data arrival time
---------------------------------------------------------------------------------------------
                                              0.237824   slack (MET)


Startpoint: _1390_ (rising edge-triggered flip-flop clocked by clk_i)
Endpoint: _1390_ (rising edge-triggered flip-flop clocked by clk_i)
Path Group: clk_i
Path Type: min

Fanout         Cap        Slew       Delay        Time   Description
---------------------------------------------------------------------------------------------
                                  0.000000    0.000000   clock clk_i (rise edge)
                                  0.000000    0.000000   clock source latency
     1    0.037465    0.000000    0.000000    0.000000 ^ clk_i (in)
                                                         clk_i (net)
                      0.005567    0.002783    0.002783 ^ clkbuf_0_clk_i/A (sg13g2_buf_16)
    16    0.183519    0.058569    0.078991    0.081774 ^ clkbuf_0_clk_i/X (sg13g2_buf_16)
                                                         clknet_0_clk_i (net)
                      0.062711    0.012027    0.093801 ^ clkbuf_4_12_0_clk_i/A (sg13g2_buf_8)
     2    0.034811    0.031533    0.090015    0.183816 ^ clkbuf_4_12_0_clk_i/X (sg13g2_buf_8)
                                                         clknet_4_12_0_clk_i (net)
                      0.031581    0.001256    0.185071 ^ clkbuf_5_24__f_clk_i/A (sg13g2_buf_16)
     6    0.028544    0.021485    0.067369    0.252440 ^ clkbuf_5_24__f_clk_i/X (sg13g2_buf_16)
                                                         clknet_5_24__leaf_clk_i (net)
                      0.021523    0.001638    0.254078 ^ _1390_/CLK (sg13g2_dfrbpq_1)
     4    0.016750    0.059317    0.193355    0.447433 v _1390_/Q (sg13g2_dfrbpq_1)
                                                         u_boot_ctrl.state[2] (net)
                      0.059341    0.001125    0.448557 v _0759_/A1 (sg13g2_a21o_1)
     1    0.001995    0.019965    0.110471    0.559029 v _0759_/X (sg13g2_a21o_1)
                                                         _0004_ (net)
                      0.019965    0.000076    0.559105 v _1390_/D (sg13g2_dfrbpq_1)
                                              0.559105   data arrival time

                                  0.000000    0.000000   clock clk_i (rise edge)
                                  0.000000    0.000000   clock source latency
     1    0.040138    0.000000    0.000000    0.000000 ^ clk_i (in)
                                                         clk_i (net)
                      0.006155    0.003077    0.003077 ^ clkbuf_0_clk_i/A (sg13g2_buf_16)
    16    0.204016    0.064014    0.082240    0.085317 ^ clkbuf_0_clk_i/X (sg13g2_buf_16)
                                                         clknet_0_clk_i (net)
                      0.068727    0.013403    0.098720 ^ clkbuf_4_12_0_clk_i/A (sg13g2_buf_8)
     2    0.040157    0.034068    0.094903    0.193623 ^ clkbuf_4_12_0_clk_i/X (sg13g2_buf_8)
                                                         clknet_4_12_0_clk_i (net)
                      0.034231    0.001454    0.195077 ^ clkbuf_5_24__f_clk_i/A (sg13g2_buf_16)
     6    0.031228    0.022211    0.069122    0.264199 ^ clkbuf_5_24__f_clk_i/X (sg13g2_buf_16)
                                                         clknet_5_24__leaf_clk_i (net)
                      0.022255    0.001799    0.265998 ^ _1390_/CLK (sg13g2_dfrbpq_1)
                                  0.100000    0.365998   clock uncertainty
                                 -0.011920    0.354078   clock reconvergence pessimism
                                 -0.033903    0.320175   library hold time
                                              0.320175   data required time
---------------------------------------------------------------------------------------------
                                              0.320175   data required time
                                             -0.559105   data arrival time
---------------------------------------------------------------------------------------------
                                              0.238929   slack (MET)


Startpoint: _1282_ (rising edge-triggered flip-flop clocked by clk_i)
Endpoint: _1282_ (rising edge-triggered flip-flop clocked by clk_i)
Path Group: clk_i
Path Type: min

Fanout         Cap        Slew       Delay        Time   Description
---------------------------------------------------------------------------------------------
                                  0.000000    0.000000   clock clk_i (rise edge)
                                  0.000000    0.000000   clock source latency
     1    0.037465    0.000000    0.000000    0.000000 ^ clk_i (in)
                                                         clk_i (net)
                      0.005567    0.002783    0.002783 ^ clkbuf_0_clk_i/A (sg13g2_buf_16)
    16    0.183519    0.058569    0.078991    0.081774 ^ clkbuf_0_clk_i/X (sg13g2_buf_16)
                                                         clknet_0_clk_i (net)
                      0.063046    0.012508    0.094282 ^ clkbuf_4_8_0_clk_i/A (sg13g2_buf_8)
     2    0.037694    0.032701    0.090964    0.185246 ^ clkbuf_4_8_0_clk_i/X (sg13g2_buf_8)
                                                         clknet_4_8_0_clk_i (net)
                      0.033031    0.002447    0.187693 ^ clkbuf_5_16__f_clk_i/A (sg13g2_buf_16)
     6    0.031614    0.022241    0.068775    0.256469 ^ clkbuf_5_16__f_clk_i/X (sg13g2_buf_16)
                                                         clknet_5_16__leaf_clk_i (net)
                      0.022257    0.001167    0.257636 ^ _1282_/CLK (sg13g2_dfrbpq_1)
     4    0.015816    0.056579    0.191899    0.449535 v _1282_/Q (sg13g2_dfrbpq_1)
                                                         u_boot_ctrl.word_cnt[23] (net)
                      0.056580    0.000300    0.449835 v _0925_/B (sg13g2_nand3_1)
     1    0.004274    0.040756    0.053305    0.503140 ^ _0925_/Y (sg13g2_nand3_1)
                                                         _0332_ (net)
                      0.040756    0.000172    0.503312 ^ _0927_/A1 (sg13g2_a21oi_1)
     1    0.002496    0.037578    0.054314    0.557625 v _0927_/Y (sg13g2_a21oi_1)
                                                         _0064_ (net)
                      0.037578    0.000159    0.557784 v _1282_/D (sg13g2_dfrbpq_1)
                                              0.557784   data arrival time

                                  0.000000    0.000000   clock clk_i (rise edge)
                                  0.000000    0.000000   clock source latency
     1    0.040138    0.000000    0.000000    0.000000 ^ clk_i (in)
                                                         clk_i (net)
                      0.006155    0.003077    0.003077 ^ clkbuf_0_clk_i/A (sg13g2_buf_16)
    16    0.204016    0.064014    0.082240    0.085317 ^ clkbuf_0_clk_i/X (sg13g2_buf_16)
                                                         clknet_0_clk_i (net)
                      0.069099    0.013921    0.099238 ^ clkbuf_4_8_0_clk_i/A (sg13g2_buf_8)
     2    0.043040    0.035193    0.095802    0.195040 ^ clkbuf_4_8_0_clk_i/X (sg13g2_buf_8)
                                                         clknet_4_8_0_clk_i (net)
                      0.035782    0.002803    0.197843 ^ clkbuf_5_16__f_clk_i/A (sg13g2_buf_16)
     6    0.034298    0.022970    0.070601    0.268444 ^ clkbuf_5_16__f_clk_i/X (sg13g2_buf_16)
                                                         clknet_5_16__leaf_clk_i (net)
                      0.022988    0.001268    0.269712 ^ _1282_/CLK (sg13g2_dfrbpq_1)
                                  0.100000    0.369713   clock uncertainty
                                 -0.012076    0.357636   clock reconvergence pessimism
                                 -0.039332    0.318305   library hold time
                                              0.318305   data required time
---------------------------------------------------------------------------------------------
                                              0.318305   data required time
                                             -0.557784   data arrival time
---------------------------------------------------------------------------------------------
                                              0.239480   slack (MET)


Startpoint: _1291_ (rising edge-triggered flip-flop clocked by clk_i)
Endpoint: _1291_ (rising edge-triggered flip-flop clocked by clk_i)
Path Group: clk_i
Path Type: min

Fanout         Cap        Slew       Delay        Time   Description
---------------------------------------------------------------------------------------------
                                  0.000000    0.000000   clock clk_i (rise edge)
                                  0.000000    0.000000   clock source latency
     1    0.037465    0.000000    0.000000    0.000000 ^ clk_i (in)
                                                         clk_i (net)
                      0.005567    0.002783    0.002783 ^ clkbuf_0_clk_i/A (sg13g2_buf_16)
    16    0.183519    0.058569    0.078991    0.081774 ^ clkbuf_0_clk_i/X (sg13g2_buf_16)
                                                         clknet_0_clk_i (net)
                      0.062711    0.012027    0.093801 ^ clkbuf_4_12_0_clk_i/A (sg13g2_buf_8)
     2    0.034811    0.031533    0.090015    0.183816 ^ clkbuf_4_12_0_clk_i/X (sg13g2_buf_8)
                                                         clknet_4_12_0_clk_i (net)
                      0.031581    0.001256    0.185071 ^ clkbuf_5_24__f_clk_i/A (sg13g2_buf_16)
     6    0.028544    0.021485    0.067369    0.252440 ^ clkbuf_5_24__f_clk_i/X (sg13g2_buf_16)
                                                         clknet_5_24__leaf_clk_i (net)
                      0.021520    0.001572    0.254012 ^ _1291_/CLK (sg13g2_dfrbpq_1)
     6    0.025634    0.109496    0.227905    0.481917 ^ _1291_/Q (sg13g2_dfrbpq_1)
                                                         u_boot_ctrl.byte_cnt[0] (net)
                      0.109560    0.002447    0.484365 ^ _0970_/A1 (sg13g2_a21oi_1)
     1    0.002051    0.021171    0.076875    0.561240 v _0970_/Y (sg13g2_a21oi_1)
                                                         _0073_ (net)
                      0.021171    0.000078    0.561318 v _1291_/D (sg13g2_dfrbpq_1)
                                              0.561318   data arrival time

                                  0.000000    0.000000   clock clk_i (rise edge)
                                  0.000000    0.000000   clock source latency
     1    0.040138    0.000000    0.000000    0.000000 ^ clk_i (in)
                                                         clk_i (net)
                      0.006155    0.003077    0.003077 ^ clkbuf_0_clk_i/A (sg13g2_buf_16)
    16    0.204016    0.064014    0.082240    0.085317 ^ clkbuf_0_clk_i/X (sg13g2_buf_16)
                                                         clknet_0_clk_i (net)
                      0.068727    0.013403    0.098720 ^ clkbuf_4_12_0_clk_i/A (sg13g2_buf_8)
     2    0.040157    0.034068    0.094903    0.193623 ^ clkbuf_4_12_0_clk_i/X (sg13g2_buf_8)
                                                         clknet_4_12_0_clk_i (net)
                      0.034231    0.001454    0.195077 ^ clkbuf_5_24__f_clk_i/A (sg13g2_buf_16)
     6    0.031228    0.022211    0.069122    0.264199 ^ clkbuf_5_24__f_clk_i/X (sg13g2_buf_16)
                                                         clknet_5_24__leaf_clk_i (net)
                      0.022251    0.001724    0.265923 ^ _1291_/CLK (sg13g2_dfrbpq_1)
                                  0.100000    0.365923   clock uncertainty
                                 -0.011911    0.354012   clock reconvergence pessimism
                                 -0.034286    0.319727   library hold time
                                              0.319727   data required time
---------------------------------------------------------------------------------------------
                                              0.319727   data required time
                                             -0.561318   data arrival time
---------------------------------------------------------------------------------------------
                                              0.241591   slack (MET)


Startpoint: _1281_ (rising edge-triggered flip-flop clocked by clk_i)
Endpoint: _1281_ (rising edge-triggered flip-flop clocked by clk_i)
Path Group: clk_i
Path Type: min

Fanout         Cap        Slew       Delay        Time   Description
---------------------------------------------------------------------------------------------
                                  0.000000    0.000000   clock clk_i (rise edge)
                                  0.000000    0.000000   clock source latency
     1    0.037465    0.000000    0.000000    0.000000 ^ clk_i (in)
                                                         clk_i (net)
                      0.005567    0.002783    0.002783 ^ clkbuf_0_clk_i/A (sg13g2_buf_16)
    16    0.183519    0.058569    0.078991    0.081774 ^ clkbuf_0_clk_i/X (sg13g2_buf_16)
                                                         clknet_0_clk_i (net)
                      0.062970    0.012400    0.094174 ^ clkbuf_4_9_0_clk_i/A (sg13g2_buf_8)
     2    0.037106    0.032444    0.090691    0.184866 ^ clkbuf_4_9_0_clk_i/X (sg13g2_buf_8)
                                                         clknet_4_9_0_clk_i (net)
                      0.032750    0.002404    0.187270 ^ clkbuf_5_18__f_clk_i/A (sg13g2_buf_16)
     6    0.031638    0.022235    0.068489    0.255758 ^ clkbuf_5_18__f_clk_i/X (sg13g2_buf_16)
                                                         clknet_5_18__leaf_clk_i (net)
                      0.022292    0.001949    0.257707 ^ _1281_/CLK (sg13g2_dfrbpq_1)
     4    0.018371    0.064190    0.197515    0.455222 v _1281_/Q (sg13g2_dfrbpq_1)
                                                         u_boot_ctrl.word_cnt[22] (net)
                      0.064216    0.001216    0.456439 v _0709_/A (sg13g2_inv_1)
     2    0.007801    0.046431    0.055353    0.511791 ^ _0709_/Y (sg13g2_inv_1)
                                                         _0180_ (net)
                      0.046449    0.000229    0.512020 ^ _0924_/A1 (sg13g2_a21oi_1)
     1    0.001759    0.020589    0.053241    0.565261 v _0924_/Y (sg13g2_a21oi_1)
                                                         _0063_ (net)
                      0.020590    0.000132    0.565392 v _1281_/D (sg13g2_dfrbpq_1)
                                              0.565392   data arrival time

                                  0.000000    0.000000   clock clk_i (rise edge)
                                  0.000000    0.000000   clock source latency
     1    0.040138    0.000000    0.000000    0.000000 ^ clk_i (in)
                                                         clk_i (net)
                      0.006155    0.003077    0.003077 ^ clkbuf_0_clk_i/A (sg13g2_buf_16)
    16    0.204016    0.064014    0.082240    0.085317 ^ clkbuf_0_clk_i/X (sg13g2_buf_16)
                                                         clknet_0_clk_i (net)
                      0.069011    0.013799    0.099116 ^ clkbuf_4_9_0_clk_i/A (sg13g2_buf_8)
     2    0.042451    0.034933    0.095518    0.194634 ^ clkbuf_4_9_0_clk_i/X (sg13g2_buf_8)
                                                         clknet_4_9_0_clk_i (net)
                      0.035496    0.002760    0.197394 ^ clkbuf_5_18__f_clk_i/A (sg13g2_buf_16)
     6    0.034322    0.022958    0.070282    0.267676 ^ clkbuf_5_18__f_clk_i/X (sg13g2_buf_16)
                                                         clknet_5_18__leaf_clk_i (net)
                      0.023026    0.002130    0.269806 ^ _1281_/CLK (sg13g2_dfrbpq_1)
                                  0.100000    0.369806   clock uncertainty
                                 -0.012099    0.357707   clock reconvergence pessimism
                                 -0.033940    0.323767   library hold time
                                              0.323767   data required time
---------------------------------------------------------------------------------------------
                                              0.323767   data required time
                                             -0.565392   data arrival time
---------------------------------------------------------------------------------------------
                                              0.241625   slack (MET)


Startpoint: _1278_ (rising edge-triggered flip-flop clocked by clk_i)
Endpoint: _1248_ (rising edge-triggered flip-flop clocked by clk_i)
Path Group: clk_i
Path Type: min

Fanout         Cap        Slew       Delay        Time   Description
---------------------------------------------------------------------------------------------
                                  0.000000    0.000000   clock clk_i (rise edge)
                                  0.000000    0.000000   clock source latency
     1    0.037465    0.000000    0.000000    0.000000 ^ clk_i (in)
                                                         clk_i (net)
                      0.005567    0.002783    0.002783 ^ clkbuf_0_clk_i/A (sg13g2_buf_16)
    16    0.183519    0.058569    0.078991    0.081774 ^ clkbuf_0_clk_i/X (sg13g2_buf_16)
                                                         clknet_0_clk_i (net)
                      0.062970    0.012400    0.094174 ^ clkbuf_4_9_0_clk_i/A (sg13g2_buf_8)
     2    0.037106    0.032444    0.090691    0.184866 ^ clkbuf_4_9_0_clk_i/X (sg13g2_buf_8)
                                                         clknet_4_9_0_clk_i (net)
                      0.032757    0.002437    0.187303 ^ clkbuf_5_19__f_clk_i/A (sg13g2_buf_16)
     6    0.030083    0.021887    0.068183    0.255486 ^ clkbuf_5_19__f_clk_i/X (sg13g2_buf_16)
                                                         clknet_5_19__leaf_clk_i (net)
                      0.021960    0.002147    0.257633 ^ _1278_/CLK (sg13g2_dfrbpq_1)
     4    0.016748    0.059522    0.193651    0.451284 v _1278_/Q (sg13g2_dfrbpq_1)
                                                         u_boot_ctrl.word_cnt[19] (net)
                      0.059536    0.000873    0.452157 v _0712_/A (sg13g2_inv_1)
     2    0.009067    0.050438    0.058121    0.510278 ^ _0712_/Y (sg13g2_inv_1)
                                                         _0183_ (net)
                      0.050439    0.000192    0.510470 ^ _0819_/A2 (sg13g2_a21oi_1)
     1    0.001638    0.019367    0.058266    0.568736 v _0819_/Y (sg13g2_a21oi_1)
                                                         _0030_ (net)
                      0.019367    0.000063    0.568799 v _1248_/D (sg13g2_dfrbpq_1)
                                              0.568799   data arrival time

                                  0.000000    0.000000   clock clk_i (rise edge)
                                  0.000000    0.000000   clock source latency
     1    0.040138    0.000000    0.000000    0.000000 ^ clk_i (in)
                                                         clk_i (net)
                      0.006155    0.003077    0.003077 ^ clkbuf_0_clk_i/A (sg13g2_buf_16)
    16    0.204016    0.064014    0.082240    0.085317 ^ clkbuf_0_clk_i/X (sg13g2_buf_16)
                                                         clknet_0_clk_i (net)
                      0.069011    0.013799    0.099116 ^ clkbuf_4_9_0_clk_i/A (sg13g2_buf_8)
     2    0.042451    0.034933    0.095518    0.194634 ^ clkbuf_4_9_0_clk_i/X (sg13g2_buf_8)
                                                         clknet_4_9_0_clk_i (net)
                      0.035496    0.002760    0.197394 ^ clkbuf_5_18__f_clk_i/A (sg13g2_buf_16)
     6    0.034322    0.022958    0.070282    0.267676 ^ clkbuf_5_18__f_clk_i/X (sg13g2_buf_16)
                                                         clknet_5_18__leaf_clk_i (net)
                      0.023067    0.002603    0.270279 ^ _1248_/CLK (sg13g2_dfrbpq_1)
                                  0.100000    0.370279   clock uncertainty
                                 -0.009768    0.360511   clock reconvergence pessimism
                                 -0.033544    0.326967   library hold time
                                              0.326967   data required time
---------------------------------------------------------------------------------------------
                                              0.326967   data required time
                                             -0.568799   data arrival time
---------------------------------------------------------------------------------------------
                                              0.241832   slack (MET)


Startpoint: _1245_ (rising edge-triggered flip-flop clocked by clk_i)
Endpoint: _1245_ (rising edge-triggered flip-flop clocked by clk_i)
Path Group: clk_i
Path Type: min

Fanout         Cap        Slew       Delay        Time   Description
---------------------------------------------------------------------------------------------
                                  0.000000    0.000000   clock clk_i (rise edge)
                                  0.000000    0.000000   clock source latency
     1    0.037465    0.000000    0.000000    0.000000 ^ clk_i (in)
                                                         clk_i (net)
                      0.005567    0.002783    0.002783 ^ clkbuf_0_clk_i/A (sg13g2_buf_16)
    16    0.183519    0.058569    0.078991    0.081774 ^ clkbuf_0_clk_i/X (sg13g2_buf_16)
                                                         clknet_0_clk_i (net)
                      0.062703    0.012015    0.093789 ^ clkbuf_4_15_0_clk_i/A (sg13g2_buf_8)
     2    0.038071    0.032846    0.090910    0.184699 ^ clkbuf_4_15_0_clk_i/X (sg13g2_buf_8)
                                                         clknet_4_15_0_clk_i (net)
                      0.033197    0.002504    0.187203 ^ clkbuf_5_30__f_clk_i/A (sg13g2_buf_16)
     5    0.021677    0.019998    0.066934    0.254137 ^ clkbuf_5_30__f_clk_i/X (sg13g2_buf_16)
                                                         clknet_5_30__leaf_clk_i (net)
                      0.020017    0.001151    0.255289 ^ _1245_/CLK (sg13g2_dfrbpq_1)
     2    0.013880    0.050778    0.186183    0.441472 v _1245_/Q (sg13g2_dfrbpq_1)
                                                         net11 (net)
                      0.050778    0.000290    0.441762 v _0812_/A2 (sg13g2_o21ai_1)
     1    0.003171    0.048036    0.086103    0.527865 ^ _0812_/Y (sg13g2_o21ai_1)
                                                         _0256_ (net)
                      0.048037    0.000237    0.528102 ^ _0813_/A (sg13g2_nor2_1)
     1    0.001793    0.018062    0.037154    0.565256 v _0813_/Y (sg13g2_nor2_1)
                                                         _0027_ (net)
                      0.018062    0.000068    0.565324 v _1245_/D (sg13g2_dfrbpq_1)
                                              0.565324   data arrival time

                                  0.000000    0.000000   clock clk_i (rise edge)
                                  0.000000    0.000000   clock source latency
     1    0.040138    0.000000    0.000000    0.000000 ^ clk_i (in)
                                                         clk_i (net)
                      0.006155    0.003077    0.003077 ^ clkbuf_0_clk_i/A (sg13g2_buf_16)
    16    0.204016    0.064014    0.082240    0.085317 ^ clkbuf_0_clk_i/X (sg13g2_buf_16)
                                                         clknet_0_clk_i (net)
                      0.068718    0.013390    0.098708 ^ clkbuf_4_15_0_clk_i/A (sg13g2_buf_8)
     2    0.043417    0.035324    0.095723    0.194431 ^ clkbuf_4_15_0_clk_i/X (sg13g2_buf_8)
                                                         clknet_4_15_0_clk_i (net)
                      0.035952    0.002867    0.197298 ^ clkbuf_5_30__f_clk_i/A (sg13g2_buf_16)
     5    0.023914    0.020641    0.068672    0.265970 ^ clkbuf_5_30__f_clk_i/X (sg13g2_buf_16)
                                                         clknet_5_30__leaf_clk_i (net)
                      0.020664    0.001276    0.267246 ^ _1245_/CLK (sg13g2_dfrbpq_1)
                                  0.100000    0.367246   clock uncertainty
                                 -0.011957    0.355289   clock reconvergence pessimism
                                 -0.033631    0.321657   library hold time
                                              0.321657   data required time
---------------------------------------------------------------------------------------------
                                              0.321657   data required time
                                             -0.565324   data arrival time
---------------------------------------------------------------------------------------------
                                              0.243667   slack (MET)


Startpoint: _1288_ (rising edge-triggered flip-flop clocked by clk_i)
Endpoint: _1288_ (rising edge-triggered flip-flop clocked by clk_i)
Path Group: clk_i
Path Type: min

Fanout         Cap        Slew       Delay        Time   Description
---------------------------------------------------------------------------------------------
                                  0.000000    0.000000   clock clk_i (rise edge)
                                  0.000000    0.000000   clock source latency
     1    0.037465    0.000000    0.000000    0.000000 ^ clk_i (in)
                                                         clk_i (net)
                      0.005567    0.002783    0.002783 ^ clkbuf_0_clk_i/A (sg13g2_buf_16)
    16    0.183519    0.058569    0.078991    0.081774 ^ clkbuf_0_clk_i/X (sg13g2_buf_16)
                                                         clknet_0_clk_i (net)
                      0.064694    0.014678    0.096453 ^ clkbuf_4_10_0_clk_i/A (sg13g2_buf_8)
     2    0.035921    0.032113    0.091700    0.188153 ^ clkbuf_4_10_0_clk_i/X (sg13g2_buf_8)
                                                         clknet_4_10_0_clk_i (net)
                      0.032119    0.000785    0.188938 ^ clkbuf_5_20__f_clk_i/A (sg13g2_buf_16)
     6    0.023209    0.020293    0.066799    0.255737 ^ clkbuf_5_20__f_clk_i/X (sg13g2_buf_16)
                                                         clknet_5_20__leaf_clk_i (net)
                      0.020293    0.000132    0.255868 ^ _1288_/CLK (sg13g2_dfrbpq_1)
     5    0.017305    0.061224    0.194096    0.449965 v _1288_/Q (sg13g2_dfrbpq_1)
                                                         u_boot_ctrl.word_cnt[29] (net)
                      0.061236    0.000814    0.450779 v _0703_/A (sg13g2_inv_1)
     2    0.008410    0.048296    0.056281    0.507060 ^ _0703_/Y (sg13g2_inv_1)
                                                         _0174_ (net)
                      0.048303    0.000466    0.507526 ^ _0955_/A1 (sg13g2_a21oi_1)
     1    0.002710    0.021244    0.058169    0.565695 v _0955_/Y (sg13g2_a21oi_1)
                                                         _0070_ (net)
                      0.021245    0.000168    0.565862 v _1288_/D (sg13g2_dfrbpq_1)
                                              0.565862   data arrival time

                                  0.000000    0.000000   clock clk_i (rise edge)
                                  0.000000    0.000000   clock source latency
     1    0.040138    0.000000    0.000000    0.000000 ^ clk_i (in)
                                                         clk_i (net)
                      0.006155    0.003077    0.003077 ^ clkbuf_0_clk_i/A (sg13g2_buf_16)
    16    0.204016    0.064014    0.082240    0.085317 ^ clkbuf_0_clk_i/X (sg13g2_buf_16)
                                                         clknet_0_clk_i (net)
                      0.071011    0.016360    0.101678 ^ clkbuf_4_10_0_clk_i/A (sg13g2_buf_8)
     2    0.041267    0.034734    0.096817    0.198495 ^ clkbuf_4_10_0_clk_i/X (sg13g2_buf_8)
                                                         clknet_4_10_0_clk_i (net)
                      0.034776    0.000911    0.199406 ^ clkbuf_5_20__f_clk_i/A (sg13g2_buf_16)
     6    0.025893    0.021029    0.068593    0.267999 ^ clkbuf_5_20__f_clk_i/X (sg13g2_buf_16)
                                                         clknet_5_20__leaf_clk_i (net)
                      0.021030    0.000151    0.268150 ^ _1288_/CLK (sg13g2_dfrbpq_1)
                                  0.100000    0.368150   clock uncertainty
                                 -0.012281    0.355868   clock reconvergence pessimism
                                 -0.034564    0.321305   library hold time
                                              0.321305   data required time
---------------------------------------------------------------------------------------------
                                              0.321305   data required time
                                             -0.565862   data arrival time
---------------------------------------------------------------------------------------------
                                              0.244558   slack (MET)


Startpoint: _1395_ (rising edge-triggered flip-flop clocked by clk_i)
Endpoint: _1395_ (rising edge-triggered flip-flop clocked by clk_i)
Path Group: clk_i
Path Type: min

Fanout         Cap        Slew       Delay        Time   Description
---------------------------------------------------------------------------------------------
                                  0.000000    0.000000   clock clk_i (rise edge)
                                  0.000000    0.000000   clock source latency
     1    0.037465    0.000000    0.000000    0.000000 ^ clk_i (in)
                                                         clk_i (net)
                      0.005567    0.002783    0.002783 ^ clkbuf_0_clk_i/A (sg13g2_buf_16)
    16    0.183519    0.058569    0.078991    0.081774 ^ clkbuf_0_clk_i/X (sg13g2_buf_16)
                                                         clknet_0_clk_i (net)
                      0.062703    0.012015    0.093789 ^ clkbuf_4_15_0_clk_i/A (sg13g2_buf_8)
     2    0.038071    0.032846    0.090910    0.184699 ^ clkbuf_4_15_0_clk_i/X (sg13g2_buf_8)
                                                         clknet_4_15_0_clk_i (net)
                      0.033197    0.002504    0.187203 ^ clkbuf_5_30__f_clk_i/A (sg13g2_buf_16)
     5    0.021677    0.019998    0.066934    0.254137 ^ clkbuf_5_30__f_clk_i/X (sg13g2_buf_16)
                                                         clknet_5_30__leaf_clk_i (net)
                      0.020024    0.001360    0.255498 ^ _1395_/CLK (sg13g2_dfrbpq_1)
     4    0.017722    0.062240    0.194874    0.450372 v _1395_/Q (sg13g2_dfrbpq_1)
                                                         u_boot_ctrl.state[7] (net)
                      0.062263    0.001131    0.451503 v _0726_/A1 (sg13g2_a21o_1)
     1    0.003215    0.023211    0.115033    0.566535 v _0726_/X (sg13g2_a21o_1)
                                                         _0008_ (net)
                      0.023211    0.000240    0.566775 v _1395_/D (sg13g2_dfrbpq_1)
                                              0.566775   data arrival time

                                  0.000000    0.000000   clock clk_i (rise edge)
                                  0.000000    0.000000   clock source latency
     1    0.040138    0.000000    0.000000    0.000000 ^ clk_i (in)
                                                         clk_i (net)
                      0.006155    0.003077    0.003077 ^ clkbuf_0_clk_i/A (sg13g2_buf_16)
    16    0.204016    0.064014    0.082240    0.085317 ^ clkbuf_0_clk_i/X (sg13g2_buf_16)
                                                         clknet_0_clk_i (net)
                      0.068718    0.013390    0.098708 ^ clkbuf_4_15_0_clk_i/A (sg13g2_buf_8)
     2    0.043417    0.035324    0.095723    0.194431 ^ clkbuf_4_15_0_clk_i/X (sg13g2_buf_8)
                                                         clknet_4_15_0_clk_i (net)
                      0.035952    0.002867    0.197298 ^ clkbuf_5_30__f_clk_i/A (sg13g2_buf_16)
     5    0.023914    0.020641    0.068672    0.265970 ^ clkbuf_5_30__f_clk_i/X (sg13g2_buf_16)
                                                         clknet_5_30__leaf_clk_i (net)
                      0.020674    0.001507    0.267476 ^ _1395_/CLK (sg13g2_dfrbpq_1)
                                  0.100000    0.367476   clock uncertainty
                                 -0.011979    0.355498   clock reconvergence pessimism
                                 -0.035261    0.320237   library hold time
                                              0.320237   data required time
---------------------------------------------------------------------------------------------
                                              0.320237   data required time
                                             -0.566775   data arrival time
---------------------------------------------------------------------------------------------
                                              0.246538   slack (MET)


Startpoint: _1263_ (rising edge-triggered flip-flop clocked by clk_i)
Endpoint: _1263_ (rising edge-triggered flip-flop clocked by clk_i)
Path Group: clk_i
Path Type: min

Fanout         Cap        Slew       Delay        Time   Description
---------------------------------------------------------------------------------------------
                                  0.000000    0.000000   clock clk_i (rise edge)
                                  0.000000    0.000000   clock source latency
     1    0.037465    0.000000    0.000000    0.000000 ^ clk_i (in)
                                                         clk_i (net)
                      0.005567    0.002783    0.002783 ^ clkbuf_0_clk_i/A (sg13g2_buf_16)
    16    0.183519    0.058569    0.078991    0.081774 ^ clkbuf_0_clk_i/X (sg13g2_buf_16)
                                                         clknet_0_clk_i (net)
                      0.062680    0.011981    0.093755 ^ clkbuf_4_14_0_clk_i/A (sg13g2_buf_8)
     2    0.037704    0.032763    0.091049    0.184804 ^ clkbuf_4_14_0_clk_i/X (sg13g2_buf_8)
                                                         clknet_4_14_0_clk_i (net)
                      0.032977    0.002136    0.186940 ^ clkbuf_5_28__f_clk_i/A (sg13g2_buf_16)
     6    0.029425    0.021741    0.067997    0.254937 ^ clkbuf_5_28__f_clk_i/X (sg13g2_buf_16)
                                                         clknet_5_28__leaf_clk_i (net)
                      0.021935    0.003209    0.258146 ^ _1263_/CLK (sg13g2_dfrbpq_1)
     6    0.025281    0.083338    0.213637    0.471784 v _1263_/Q (sg13g2_dfrbpq_1)
                                                         u_boot_ctrl.word_cnt[4] (net)
                      0.083367    0.001462    0.473246 v _0857_/B1 (sg13g2_a21oi_1)
     1    0.002677    0.043533    0.055821    0.529067 ^ _0857_/Y (sg13g2_a21oi_1)
                                                         _0283_ (net)
                      0.043533    0.000105    0.529172 ^ _0860_/C (sg13g2_nor3_1)
     1    0.004516    0.027093    0.040219    0.569391 v _0860_/Y (sg13g2_nor3_1)
                                                         _0045_ (net)
                      0.027094    0.000251    0.569642 v _1263_/D (sg13g2_dfrbpq_1)
                                              0.569642   data arrival time

                                  0.000000    0.000000   clock clk_i (rise edge)
                                  0.000000    0.000000   clock source latency
     1    0.040138    0.000000    0.000000    0.000000 ^ clk_i (in)
                                                         clk_i (net)
                      0.006155    0.003077    0.003077 ^ clkbuf_0_clk_i/A (sg13g2_buf_16)
    16    0.204016    0.064014    0.082240    0.085317 ^ clkbuf_0_clk_i/X (sg13g2_buf_16)
                                                         clknet_0_clk_i (net)
                      0.068691    0.013352    0.098669 ^ clkbuf_4_14_0_clk_i/A (sg13g2_buf_8)
     2    0.043050    0.035287    0.095926    0.194595 ^ clkbuf_4_14_0_clk_i/X (sg13g2_buf_8)
                                                         clknet_4_14_0_clk_i (net)
                      0.035698    0.002455    0.197050 ^ clkbuf_5_28__f_clk_i/A (sg13g2_buf_16)
     6    0.032109    0.022455    0.069748    0.266798 ^ clkbuf_5_28__f_clk_i/X (sg13g2_buf_16)
                                                         clknet_5_28__leaf_clk_i (net)
                      0.022712    0.003510    0.270309 ^ _1263_/CLK (sg13g2_dfrbpq_1)
                                  0.100000    0.370309   clock uncertainty
                                 -0.012162    0.358146   clock reconvergence pessimism
                                 -0.036067    0.322080   library hold time
                                              0.322080   data required time
---------------------------------------------------------------------------------------------
                                              0.322080   data required time
                                             -0.569642   data arrival time
---------------------------------------------------------------------------------------------
                                              0.247563   slack (MET)


Startpoint: _1362_ (rising edge-triggered flip-flop clocked by clk_i)
Endpoint: _1362_ (rising edge-triggered flip-flop clocked by clk_i)
Path Group: clk_i
Path Type: min

Fanout         Cap        Slew       Delay        Time   Description
---------------------------------------------------------------------------------------------
                                  0.000000    0.000000   clock clk_i (rise edge)
                                  0.000000    0.000000   clock source latency
     1    0.037465    0.000000    0.000000    0.000000 ^ clk_i (in)
                                                         clk_i (net)
                      0.005567    0.002783    0.002783 ^ clkbuf_0_clk_i/A (sg13g2_buf_16)
    16    0.183519    0.058569    0.078991    0.081774 ^ clkbuf_0_clk_i/X (sg13g2_buf_16)
                                                         clknet_0_clk_i (net)
                      0.059897    0.006950    0.088724 ^ clkbuf_4_3_0_clk_i/A (sg13g2_buf_8)
     2    0.038003    0.032631    0.089294    0.178018 ^ clkbuf_4_3_0_clk_i/X (sg13g2_buf_8)
                                                         clknet_4_3_0_clk_i (net)
                      0.033175    0.003130    0.181148 ^ clkbuf_5_7__f_clk_i/A (sg13g2_buf_16)
     5    0.021094    0.019867    0.066772    0.247919 ^ clkbuf_5_7__f_clk_i/X (sg13g2_buf_16)
                                                         clknet_5_7__leaf_clk_i (net)
                      0.019917    0.001776    0.249696 ^ _1362_/CLK (sg13g2_dfrbpq_1)
     6    0.023976    0.079440    0.209604    0.459299 v _1362_/Q (sg13g2_dfrbpq_1)
                                                         u_spi.div_cnt[0] (net)
                      0.079481    0.001664    0.460964 v _1154_/B (sg13g2_nor2_1)
     1    0.002937    0.049501    0.065562    0.526526 ^ _1154_/Y (sg13g2_nor2_1)
                                                         _0482_ (net)
                      0.049501    0.000115    0.526641 ^ _1155_/D (sg13g2_nor4_1)
     1    0.001982    0.023409    0.038234    0.564875 v _1155_/Y (sg13g2_nor4_1)
                                                         _0144_ (net)
                      0.023409    0.000073    0.564948 v _1362_/D (sg13g2_dfrbpq_1)
                                              0.564948   data arrival time

                                  0.000000    0.000000   clock clk_i (rise edge)
                                  0.000000    0.000000   clock source latency
     1    0.040138    0.000000    0.000000    0.000000 ^ clk_i (in)
                                                         clk_i (net)
                      0.006155    0.003077    0.003077 ^ clkbuf_0_clk_i/A (sg13g2_buf_16)
    16    0.204016    0.064014    0.082240    0.085317 ^ clkbuf_0_clk_i/X (sg13g2_buf_16)
                                                         clknet_0_clk_i (net)
                      0.065508    0.007752    0.093070 ^ clkbuf_4_3_0_clk_i/A (sg13g2_buf_8)
     2    0.043348    0.035319    0.093848    0.186918 ^ clkbuf_4_3_0_clk_i/X (sg13g2_buf_8)
                                                         clknet_4_3_0_clk_i (net)
                      0.035968    0.003586    0.190504 ^ clkbuf_5_7__f_clk_i/A (sg13g2_buf_16)
     5    0.023331    0.020514    0.068519    0.259023 ^ clkbuf_5_7__f_clk_i/X (sg13g2_buf_16)
                                                         clknet_5_7__leaf_clk_i (net)
                      0.020575    0.001972    0.260995 ^ _1362_/CLK (sg13g2_dfrbpq_1)
                                  0.100000    0.360995   clock uncertainty
                                 -0.011299    0.349696   clock reconvergence pessimism
                                 -0.035344    0.314351   library hold time
                                              0.314351   data required time
---------------------------------------------------------------------------------------------
                                              0.314351   data required time
                                             -0.564948   data arrival time
---------------------------------------------------------------------------------------------
                                              0.250597   slack (MET)


Startpoint: _1281_ (rising edge-triggered flip-flop clocked by clk_i)
Endpoint: _1251_ (rising edge-triggered flip-flop clocked by clk_i)
Path Group: clk_i
Path Type: min

Fanout         Cap        Slew       Delay        Time   Description
---------------------------------------------------------------------------------------------
                                  0.000000    0.000000   clock clk_i (rise edge)
                                  0.000000    0.000000   clock source latency
     1    0.037465    0.000000    0.000000    0.000000 ^ clk_i (in)
                                                         clk_i (net)
                      0.005567    0.002783    0.002783 ^ clkbuf_0_clk_i/A (sg13g2_buf_16)
    16    0.183519    0.058569    0.078991    0.081774 ^ clkbuf_0_clk_i/X (sg13g2_buf_16)
                                                         clknet_0_clk_i (net)
                      0.062970    0.012400    0.094174 ^ clkbuf_4_9_0_clk_i/A (sg13g2_buf_8)
     2    0.037106    0.032444    0.090691    0.184866 ^ clkbuf_4_9_0_clk_i/X (sg13g2_buf_8)
                                                         clknet_4_9_0_clk_i (net)
                      0.032750    0.002404    0.187270 ^ clkbuf_5_18__f_clk_i/A (sg13g2_buf_16)
     6    0.031638    0.022235    0.068489    0.255758 ^ clkbuf_5_18__f_clk_i/X (sg13g2_buf_16)
                                                         clknet_5_18__leaf_clk_i (net)
                      0.022292    0.001949    0.257707 ^ _1281_/CLK (sg13g2_dfrbpq_1)
     4    0.018371    0.064190    0.197515    0.455222 v _1281_/Q (sg13g2_dfrbpq_1)
                                                         u_boot_ctrl.word_cnt[22] (net)
                      0.064216    0.001216    0.456439 v _0709_/A (sg13g2_inv_1)
     2    0.007801    0.046431    0.055353    0.511791 ^ _0709_/Y (sg13g2_inv_1)
                                                         _0180_ (net)
                      0.046450    0.000264    0.512056 ^ _0825_/A2 (sg13g2_a21oi_1)
     1    0.002761    0.022719    0.061648    0.573704 v _0825_/Y (sg13g2_a21oi_1)
                                                         _0033_ (net)
                      0.022719    0.000170    0.573874 v _1251_/D (sg13g2_dfrbpq_1)
                                              0.573874   data arrival time

                                  0.000000    0.000000   clock clk_i (rise edge)
                                  0.000000    0.000000   clock source latency
     1    0.040138    0.000000    0.000000    0.000000 ^ clk_i (in)
                                                         clk_i (net)
                      0.006155    0.003077    0.003077 ^ clkbuf_0_clk_i/A (sg13g2_buf_16)
    16    0.204016    0.064014    0.082240    0.085317 ^ clkbuf_0_clk_i/X (sg13g2_buf_16)
                                                         clknet_0_clk_i (net)
                      0.069011    0.013799    0.099116 ^ clkbuf_4_9_0_clk_i/A (sg13g2_buf_8)
     2    0.042451    0.034933    0.095518    0.194634 ^ clkbuf_4_9_0_clk_i/X (sg13g2_buf_8)
                                                         clknet_4_9_0_clk_i (net)
                      0.035496    0.002760    0.197394 ^ clkbuf_5_18__f_clk_i/A (sg13g2_buf_16)
     6    0.034322    0.022958    0.070282    0.267676 ^ clkbuf_5_18__f_clk_i/X (sg13g2_buf_16)
                                                         clknet_5_18__leaf_clk_i (net)
                      0.023009    0.001879    0.269554 ^ _1251_/CLK (sg13g2_dfrbpq_1)
                                  0.100000    0.369554   clock uncertainty
                                 -0.011917    0.357637   clock reconvergence pessimism
                                 -0.034618    0.323019   library hold time
                                              0.323019   data required time
---------------------------------------------------------------------------------------------
                                              0.323019   data required time
                                             -0.573874   data arrival time
---------------------------------------------------------------------------------------------
                                              0.250855   slack (MET)


Startpoint: _1292_ (rising edge-triggered flip-flop clocked by clk_i)
Endpoint: _1292_ (rising edge-triggered flip-flop clocked by clk_i)
Path Group: clk_i
Path Type: min

Fanout         Cap        Slew       Delay        Time   Description
---------------------------------------------------------------------------------------------
                                  0.000000    0.000000   clock clk_i (rise edge)
                                  0.000000    0.000000   clock source latency
     1    0.037465    0.000000    0.000000    0.000000 ^ clk_i (in)
                                                         clk_i (net)
                      0.005567    0.002783    0.002783 ^ clkbuf_0_clk_i/A (sg13g2_buf_16)
    16    0.183519    0.058569    0.078991    0.081774 ^ clkbuf_0_clk_i/X (sg13g2_buf_16)
                                                         clknet_0_clk_i (net)
                      0.062711    0.012027    0.093801 ^ clkbuf_4_12_0_clk_i/A (sg13g2_buf_8)
     2    0.034811    0.031533    0.090015    0.183816 ^ clkbuf_4_12_0_clk_i/X (sg13g2_buf_8)
                                                         clknet_4_12_0_clk_i (net)
                      0.031581    0.001256    0.185071 ^ clkbuf_5_24__f_clk_i/A (sg13g2_buf_16)
     6    0.028544    0.021485    0.067369    0.252440 ^ clkbuf_5_24__f_clk_i/X (sg13g2_buf_16)
                                                         clknet_5_24__leaf_clk_i (net)
                      0.021512    0.001390    0.253831 ^ _1292_/CLK (sg13g2_dfrbpq_1)
     5    0.018537    0.064875    0.197800    0.451631 v _1292_/Q (sg13g2_dfrbpq_1)
                                                         u_boot_ctrl.byte_cnt[1] (net)
                      0.064892    0.001006    0.452637 v _0972_/A1 (sg13g2_a22oi_1)
     1    0.003007    0.053430    0.082677    0.535314 ^ _0972_/Y (sg13g2_a22oi_1)
                                                         _0369_ (net)
                      0.053430    0.000218    0.535532 ^ _0974_/B (sg13g2_nor2_1)
     1    0.002577    0.022314    0.035824    0.571356 v _0974_/Y (sg13g2_nor2_1)
                                                         _0074_ (net)
                      0.022315    0.000161    0.571517 v _1292_/D (sg13g2_dfrbpq_1)
                                              0.571517   data arrival time

                                  0.000000    0.000000   clock clk_i (rise edge)
                                  0.000000    0.000000   clock source latency
     1    0.040138    0.000000    0.000000    0.000000 ^ clk_i (in)
                                                         clk_i (net)
                      0.006155    0.003077    0.003077 ^ clkbuf_0_clk_i/A (sg13g2_buf_16)
    16    0.204016    0.064014    0.082240    0.085317 ^ clkbuf_0_clk_i/X (sg13g2_buf_16)
                                                         clknet_0_clk_i (net)
                      0.068727    0.013403    0.098720 ^ clkbuf_4_12_0_clk_i/A (sg13g2_buf_8)
     2    0.040157    0.034068    0.094903    0.193623 ^ clkbuf_4_12_0_clk_i/X (sg13g2_buf_8)
                                                         clknet_4_12_0_clk_i (net)
                      0.034231    0.001454    0.195077 ^ clkbuf_5_24__f_clk_i/A (sg13g2_buf_16)
     6    0.031228    0.022211    0.069122    0.264199 ^ clkbuf_5_24__f_clk_i/X (sg13g2_buf_16)
                                                         clknet_5_24__leaf_clk_i (net)
                      0.022242    0.001529    0.265728 ^ _1292_/CLK (sg13g2_dfrbpq_1)
                                  0.100000    0.365728   clock uncertainty
                                 -0.011898    0.353831   clock reconvergence pessimism
                                 -0.034650    0.319181   library hold time
                                              0.319181   data required time
---------------------------------------------------------------------------------------------
                                              0.319181   data required time
                                             -0.571517   data arrival time
---------------------------------------------------------------------------------------------
                                              0.252336   slack (MET)


Startpoint: _1249_ (rising edge-triggered flip-flop clocked by clk_i)
Endpoint: _1249_ (rising edge-triggered flip-flop clocked by clk_i)
Path Group: clk_i
Path Type: min

Fanout         Cap        Slew       Delay        Time   Description
---------------------------------------------------------------------------------------------
                                  0.000000    0.000000   clock clk_i (rise edge)
                                  0.000000    0.000000   clock source latency
     1    0.037465    0.000000    0.000000    0.000000 ^ clk_i (in)
                                                         clk_i (net)
                      0.005567    0.002783    0.002783 ^ clkbuf_0_clk_i/A (sg13g2_buf_16)
    16    0.183519    0.058569    0.078991    0.081774 ^ clkbuf_0_clk_i/X (sg13g2_buf_16)
                                                         clknet_0_clk_i (net)
                      0.062970    0.012400    0.094174 ^ clkbuf_4_9_0_clk_i/A (sg13g2_buf_8)
     2    0.037106    0.032444    0.090691    0.184866 ^ clkbuf_4_9_0_clk_i/X (sg13g2_buf_8)
                                                         clknet_4_9_0_clk_i (net)
                      0.032750    0.002404    0.187270 ^ clkbuf_5_18__f_clk_i/A (sg13g2_buf_16)
     6    0.031638    0.022235    0.068489    0.255758 ^ clkbuf_5_18__f_clk_i/X (sg13g2_buf_16)
                                                         clknet_5_18__leaf_clk_i (net)
                      0.022279    0.001804    0.257562 ^ _1249_/CLK (sg13g2_dfrbpq_1)
     2    0.014995    0.054076    0.189540    0.447102 v _1249_/Q (sg13g2_dfrbpq_1)
                                                         net15 (net)
                      0.054088    0.000789    0.447891 v _0820_/A2 (sg13g2_o21ai_1)
     1    0.003984    0.052619    0.093219    0.541109 ^ _0820_/Y (sg13g2_o21ai_1)
                                                         _0260_ (net)
                      0.052619    0.000159    0.541268 ^ _0821_/B1 (sg13g2_a21oi_1)
     1    0.002277    0.021491    0.034625    0.575893 v _0821_/Y (sg13g2_a21oi_1)
                                                         _0031_ (net)
                      0.021491    0.000143    0.576036 v _1249_/D (sg13g2_dfrbpq_1)
                                              0.576036   data arrival time

                                  0.000000    0.000000   clock clk_i (rise edge)
                                  0.000000    0.000000   clock source latency
     1    0.040138    0.000000    0.000000    0.000000 ^ clk_i (in)
                                                         clk_i (net)
                      0.006155    0.003077    0.003077 ^ clkbuf_0_clk_i/A (sg13g2_buf_16)
    16    0.204016    0.064014    0.082240    0.085317 ^ clkbuf_0_clk_i/X (sg13g2_buf_16)
                                                         clknet_0_clk_i (net)
                      0.069011    0.013799    0.099116 ^ clkbuf_4_9_0_clk_i/A (sg13g2_buf_8)
     2    0.042451    0.034933    0.095518    0.194634 ^ clkbuf_4_9_0_clk_i/X (sg13g2_buf_8)
                                                         clknet_4_9_0_clk_i (net)
                      0.035496    0.002760    0.197394 ^ clkbuf_5_18__f_clk_i/A (sg13g2_buf_16)
     6    0.034322    0.022958    0.070282    0.267676 ^ clkbuf_5_18__f_clk_i/X (sg13g2_buf_16)
                                                         clknet_5_18__leaf_clk_i (net)
                      0.023015    0.001971    0.269647 ^ _1249_/CLK (sg13g2_dfrbpq_1)
                                  0.100000    0.369647   clock uncertainty
                                 -0.012085    0.357562   clock reconvergence pessimism
                                 -0.034228    0.323334   library hold time
                                              0.323334   data required time
---------------------------------------------------------------------------------------------
                                              0.323334   data required time
                                             -0.576036   data arrival time
---------------------------------------------------------------------------------------------
                                              0.252702   slack (MET)


Startpoint: _1389_ (rising edge-triggered flip-flop clocked by clk_i)
Endpoint: _1392_ (rising edge-triggered flip-flop clocked by clk_i)
Path Group: clk_i
Path Type: min

Fanout         Cap        Slew       Delay        Time   Description
---------------------------------------------------------------------------------------------
                                  0.000000    0.000000   clock clk_i (rise edge)
                                  0.000000    0.000000   clock source latency
     1    0.037465    0.000000    0.000000    0.000000 ^ clk_i (in)
                                                         clk_i (net)
                      0.005567    0.002783    0.002783 ^ clkbuf_0_clk_i/A (sg13g2_buf_16)
    16    0.183519    0.058569    0.078991    0.081774 ^ clkbuf_0_clk_i/X (sg13g2_buf_16)
                                                         clknet_0_clk_i (net)
                      0.062711    0.012027    0.093801 ^ clkbuf_4_12_0_clk_i/A (sg13g2_buf_8)
     2    0.034811    0.031533    0.090015    0.183816 ^ clkbuf_4_12_0_clk_i/X (sg13g2_buf_8)
                                                         clknet_4_12_0_clk_i (net)
                      0.031654    0.001914    0.185730 ^ clkbuf_5_25__f_clk_i/A (sg13g2_buf_16)
     6    0.026119    0.020943    0.066940    0.252670 ^ clkbuf_5_25__f_clk_i/X (sg13g2_buf_16)
                                                         clknet_5_25__leaf_clk_i (net)
                      0.020969    0.001358    0.254028 ^ _1389_/CLK (sg13g2_dfrbpq_1)
     3    0.015097    0.054523    0.189309    0.443338 v _1389_/Q (sg13g2_dfrbpq_1)
                                                         u_boot_ctrl.state[1] (net)
                      0.054540    0.000906    0.444244 v _0752_/B1 (sg13g2_o21ai_1)
     1    0.010013    0.063629    0.071634    0.515879 ^ _0752_/Y (sg13g2_o21ai_1)
                                                         _0216_ (net)
                      0.063645    0.000802    0.516681 ^ _0755_/A1 (sg13g2_a21oi_1)
     1    0.001943    0.037508    0.060610    0.577291 v _0755_/Y (sg13g2_a21oi_1)
                                                         _0006_ (net)
                      0.037508    0.000076    0.577367 v _1392_/D (sg13g2_dfrbpq_1)
                                              0.577367   data arrival time

                                  0.000000    0.000000   clock clk_i (rise edge)
                                  0.000000    0.000000   clock source latency
     1    0.040138    0.000000    0.000000    0.000000 ^ clk_i (in)
                                                         clk_i (net)
                      0.006155    0.003077    0.003077 ^ clkbuf_0_clk_i/A (sg13g2_buf_16)
    16    0.204016    0.064014    0.082240    0.085317 ^ clkbuf_0_clk_i/X (sg13g2_buf_16)
                                                         clknet_0_clk_i (net)
                      0.068718    0.013390    0.098708 ^ clkbuf_4_15_0_clk_i/A (sg13g2_buf_8)
     2    0.043417    0.035324    0.095723    0.194431 ^ clkbuf_4_15_0_clk_i/X (sg13g2_buf_8)
                                                         clknet_4_15_0_clk_i (net)
                      0.035952    0.002867    0.197298 ^ clkbuf_5_30__f_clk_i/A (sg13g2_buf_16)
     5    0.023914    0.020641    0.068672    0.265970 ^ clkbuf_5_30__f_clk_i/X (sg13g2_buf_16)
                                                         clknet_5_30__leaf_clk_i (net)
                      0.020672    0.001467    0.267437 ^ _1392_/CLK (sg13g2_dfrbpq_1)
                                  0.100000    0.367437   clock uncertainty
                                 -0.003543    0.363894   clock reconvergence pessimism
                                 -0.039792    0.324102   library hold time
                                              0.324102   data required time
---------------------------------------------------------------------------------------------
                                              0.324102   data required time
                                             -0.577367   data arrival time
---------------------------------------------------------------------------------------------
                                              0.253264   slack (MET)


Startpoint: _1269_ (rising edge-triggered flip-flop clocked by clk_i)
Endpoint: _1269_ (rising edge-triggered flip-flop clocked by clk_i)
Path Group: clk_i
Path Type: min

Fanout         Cap        Slew       Delay        Time   Description
---------------------------------------------------------------------------------------------
                                  0.000000    0.000000   clock clk_i (rise edge)
                                  0.000000    0.000000   clock source latency
     1    0.037465    0.000000    0.000000    0.000000 ^ clk_i (in)
                                                         clk_i (net)
                      0.005567    0.002783    0.002783 ^ clkbuf_0_clk_i/A (sg13g2_buf_16)
    16    0.183519    0.058569    0.078991    0.081774 ^ clkbuf_0_clk_i/X (sg13g2_buf_16)
                                                         clknet_0_clk_i (net)
                      0.064417    0.014333    0.096107 ^ clkbuf_4_11_0_clk_i/A (sg13g2_buf_8)
     2    0.035854    0.032049    0.091209    0.187317 ^ clkbuf_4_11_0_clk_i/X (sg13g2_buf_8)
                                                         clknet_4_11_0_clk_i (net)
                      0.032128    0.001431    0.188747 ^ clkbuf_5_23__f_clk_i/A (sg13g2_buf_16)
     5    0.023464    0.020362    0.066757    0.255504 ^ clkbuf_5_23__f_clk_i/X (sg13g2_buf_16)
                                                         clknet_5_23__leaf_clk_i (net)
                      0.020376    0.001023    0.256527 ^ _1269_/CLK (sg13g2_dfrbpq_1)
     7    0.028160    0.119506    0.234085    0.490612 ^ _1269_/Q (sg13g2_dfrbpq_1)
                                                         u_boot_ctrl.word_cnt[10] (net)
                      0.119561    0.002408    0.493020 ^ _0876_/A1 (sg13g2_a21oi_1)
     1    0.002610    0.021218    0.082171    0.575191 v _0876_/Y (sg13g2_a21oi_1)
                                                         _0051_ (net)
                      0.021218    0.000092    0.575283 v _1269_/D (sg13g2_dfrbpq_1)
                                              0.575283   data arrival time

                                  0.000000    0.000000   clock clk_i (rise edge)
                                  0.000000    0.000000   clock source latency
     1    0.040138    0.000000    0.000000    0.000000 ^ clk_i (in)
                                                         clk_i (net)
                      0.006155    0.003077    0.003077 ^ clkbuf_0_clk_i/A (sg13g2_buf_16)
    16    0.204016    0.064014    0.082240    0.085317 ^ clkbuf_0_clk_i/X (sg13g2_buf_16)
                                                         clknet_0_clk_i (net)
                      0.070685    0.015966    0.101284 ^ clkbuf_4_11_0_clk_i/A (sg13g2_buf_8)
     2    0.041199    0.034586    0.096210    0.197494 ^ clkbuf_4_11_0_clk_i/X (sg13g2_buf_8)
                                                         clknet_4_11_0_clk_i (net)
                      0.034804    0.001652    0.199146 ^ clkbuf_5_23__f_clk_i/A (sg13g2_buf_16)
     5    0.025701    0.020999    0.068458    0.267605 ^ clkbuf_5_23__f_clk_i/X (sg13g2_buf_16)
                                                         clknet_5_23__leaf_clk_i (net)
                      0.021016    0.001117    0.268722 ^ _1269_/CLK (sg13g2_dfrbpq_1)
                                  0.100000    0.368722   clock uncertainty
                                 -0.012195    0.356527   clock reconvergence pessimism
                                 -0.034558    0.321969   library hold time
                                              0.321969   data required time
---------------------------------------------------------------------------------------------
                                              0.321969   data required time
                                             -0.575283   data arrival time
---------------------------------------------------------------------------------------------
                                              0.253314   slack (MET)


Startpoint: _1261_ (rising edge-triggered flip-flop clocked by clk_i)
Endpoint: _1261_ (rising edge-triggered flip-flop clocked by clk_i)
Path Group: clk_i
Path Type: min

Fanout         Cap        Slew       Delay        Time   Description
---------------------------------------------------------------------------------------------
                                  0.000000    0.000000   clock clk_i (rise edge)
                                  0.000000    0.000000   clock source latency
     1    0.037465    0.000000    0.000000    0.000000 ^ clk_i (in)
                                                         clk_i (net)
                      0.005567    0.002783    0.002783 ^ clkbuf_0_clk_i/A (sg13g2_buf_16)
    16    0.183519    0.058569    0.078991    0.081774 ^ clkbuf_0_clk_i/X (sg13g2_buf_16)
                                                         clknet_0_clk_i (net)
                      0.064417    0.014333    0.096107 ^ clkbuf_4_11_0_clk_i/A (sg13g2_buf_8)
     2    0.035854    0.032049    0.091209    0.187317 ^ clkbuf_4_11_0_clk_i/X (sg13g2_buf_8)
                                                         clknet_4_11_0_clk_i (net)
                      0.032202    0.002014    0.189331 ^ clkbuf_5_22__f_clk_i/A (sg13g2_buf_16)
     5    0.031394    0.022153    0.068221    0.257552 ^ clkbuf_5_22__f_clk_i/X (sg13g2_buf_16)
                                                         clknet_5_22__leaf_clk_i (net)
                      0.022219    0.002062    0.259614 ^ _1261_/CLK (sg13g2_dfrbpq_1)
     6    0.021946    0.074933    0.205992    0.465606 v _1261_/Q (sg13g2_dfrbpq_1)
                                                         u_boot_ctrl.word_cnt[2] (net)
                      0.074967    0.001472    0.467078 v _0851_/A (sg13g2_nor2b_1)
     1    0.004047    0.050805    0.071082    0.538160 ^ _0851_/Y (sg13g2_nor2b_1)
                                                         _0279_ (net)
                      0.050806    0.000279    0.538439 ^ _0853_/C (sg13g2_nor3_1)
     1    0.003090    0.024918    0.039052    0.577491 v _0853_/Y (sg13g2_nor3_1)
                                                         _0043_ (net)
                      0.024918    0.000115    0.577605 v _1261_/D (sg13g2_dfrbpq_1)
                                              0.577605   data arrival time

                                  0.000000    0.000000   clock clk_i (rise edge)
                                  0.000000    0.000000   clock source latency
     1    0.040138    0.000000    0.000000    0.000000 ^ clk_i (in)
                                                         clk_i (net)
                      0.006155    0.003077    0.003077 ^ clkbuf_0_clk_i/A (sg13g2_buf_16)
    16    0.204016    0.064014    0.082240    0.085317 ^ clkbuf_0_clk_i/X (sg13g2_buf_16)
                                                         clknet_0_clk_i (net)
                      0.070685    0.015966    0.101284 ^ clkbuf_4_11_0_clk_i/A (sg13g2_buf_8)
     2    0.041199    0.034586    0.096210    0.197494 ^ clkbuf_4_11_0_clk_i/X (sg13g2_buf_8)
                                                         clknet_4_11_0_clk_i (net)
                      0.034914    0.002334    0.199828 ^ clkbuf_5_22__f_clk_i/A (sg13g2_buf_16)
     5    0.033631    0.022778    0.069931    0.269758 ^ clkbuf_5_22__f_clk_i/X (sg13g2_buf_16)
                                                         clknet_5_22__leaf_clk_i (net)
                      0.022853    0.002213    0.271971 ^ _1261_/CLK (sg13g2_dfrbpq_1)
                                  0.100000    0.371971   clock uncertainty
                                 -0.012357    0.359614   clock reconvergence pessimism
                                 -0.035348    0.324266   library hold time
                                              0.324266   data required time
---------------------------------------------------------------------------------------------
                                              0.324266   data required time
                                             -0.577605   data arrival time
---------------------------------------------------------------------------------------------
                                              0.253339   slack (MET)


Startpoint: _1250_ (rising edge-triggered flip-flop clocked by clk_i)
Endpoint: _1250_ (rising edge-triggered flip-flop clocked by clk_i)
Path Group: clk_i
Path Type: min

Fanout         Cap        Slew       Delay        Time   Description
---------------------------------------------------------------------------------------------
                                  0.000000    0.000000   clock clk_i (rise edge)
                                  0.000000    0.000000   clock source latency
     1    0.037465    0.000000    0.000000    0.000000 ^ clk_i (in)
                                                         clk_i (net)
                      0.005567    0.002783    0.002783 ^ clkbuf_0_clk_i/A (sg13g2_buf_16)
    16    0.183519    0.058569    0.078991    0.081774 ^ clkbuf_0_clk_i/X (sg13g2_buf_16)
                                                         clknet_0_clk_i (net)
                      0.062970    0.012400    0.094174 ^ clkbuf_4_9_0_clk_i/A (sg13g2_buf_8)
     2    0.037106    0.032444    0.090691    0.184866 ^ clkbuf_4_9_0_clk_i/X (sg13g2_buf_8)
                                                         clknet_4_9_0_clk_i (net)
                      0.032757    0.002437    0.187303 ^ clkbuf_5_19__f_clk_i/A (sg13g2_buf_16)
     6    0.030083    0.021887    0.068183    0.255486 ^ clkbuf_5_19__f_clk_i/X (sg13g2_buf_16)
                                                         clknet_5_19__leaf_clk_i (net)
                      0.021997    0.002549    0.258035 ^ _1250_/CLK (sg13g2_dfrbpq_1)
     2    0.015670    0.056205    0.191277    0.449312 v _1250_/Q (sg13g2_dfrbpq_1)
                                                         net16 (net)
                      0.056210    0.000555    0.449867 v _0822_/A2 (sg13g2_o21ai_1)
     1    0.003998    0.052680    0.094133    0.544000 ^ _0822_/Y (sg13g2_o21ai_1)
                                                         _0261_ (net)
                      0.052681    0.000256    0.544256 ^ _0823_/B1 (sg13g2_a21oi_1)
     1    0.001836    0.020339    0.033418    0.577674 v _0823_/Y (sg13g2_a21oi_1)
                                                         _0032_ (net)
                      0.020339    0.000069    0.577743 v _1250_/D (sg13g2_dfrbpq_1)
                                              0.577743   data arrival time

                                  0.000000    0.000000   clock clk_i (rise edge)
                                  0.000000    0.000000   clock source latency
     1    0.040138    0.000000    0.000000    0.000000 ^ clk_i (in)
                                                         clk_i (net)
                      0.006155    0.003077    0.003077 ^ clkbuf_0_clk_i/A (sg13g2_buf_16)
    16    0.204016    0.064014    0.082240    0.085317 ^ clkbuf_0_clk_i/X (sg13g2_buf_16)
                                                         clknet_0_clk_i (net)
                      0.069011    0.013799    0.099116 ^ clkbuf_4_9_0_clk_i/A (sg13g2_buf_8)
     2    0.042451    0.034933    0.095518    0.194634 ^ clkbuf_4_9_0_clk_i/X (sg13g2_buf_8)
                                                         clknet_4_9_0_clk_i (net)
                      0.035504    0.002795    0.197429 ^ clkbuf_5_19__f_clk_i/A (sg13g2_buf_16)
     6    0.033009    0.022666    0.070021    0.267450 ^ clkbuf_5_19__f_clk_i/X (sg13g2_buf_16)
                                                         clknet_5_19__leaf_clk_i (net)
                      0.022798    0.002798    0.270248 ^ _1250_/CLK (sg13g2_dfrbpq_1)
                                  0.100000    0.370248   clock uncertainty
                                 -0.012213    0.358035   clock reconvergence pessimism
                                 -0.033908    0.324127   library hold time
                                              0.324127   data required time
---------------------------------------------------------------------------------------------
                                              0.324127   data required time
                                             -0.577743   data arrival time
---------------------------------------------------------------------------------------------
                                              0.253616   slack (MET)


Startpoint: _1368_ (rising edge-triggered flip-flop clocked by clk_i)
Endpoint: _1368_ (rising edge-triggered flip-flop clocked by clk_i)
Path Group: clk_i
Path Type: min

Fanout         Cap        Slew       Delay        Time   Description
---------------------------------------------------------------------------------------------
                                  0.000000    0.000000   clock clk_i (rise edge)
                                  0.000000    0.000000   clock source latency
     1    0.037465    0.000000    0.000000    0.000000 ^ clk_i (in)
                                                         clk_i (net)
                      0.005567    0.002783    0.002783 ^ clkbuf_0_clk_i/A (sg13g2_buf_16)
    16    0.183519    0.058569    0.078991    0.081774 ^ clkbuf_0_clk_i/X (sg13g2_buf_16)
                                                         clknet_0_clk_i (net)
                      0.059897    0.006950    0.088724 ^ clkbuf_4_3_0_clk_i/A (sg13g2_buf_8)
     2    0.038003    0.032631    0.089294    0.178018 ^ clkbuf_4_3_0_clk_i/X (sg13g2_buf_8)
                                                         clknet_4_3_0_clk_i (net)
                      0.033175    0.003130    0.181148 ^ clkbuf_5_7__f_clk_i/A (sg13g2_buf_16)
     5    0.021094    0.019867    0.066772    0.247919 ^ clkbuf_5_7__f_clk_i/X (sg13g2_buf_16)
                                                         clknet_5_7__leaf_clk_i (net)
                      0.019883    0.001018    0.248938 ^ _1368_/CLK (sg13g2_dfrbpq_1)
     6    0.022898    0.077285    0.207370    0.456308 v _1368_/Q (sg13g2_dfrbpq_1)
                                                         u_spi.bit_cnt[1] (net)
                      0.077305    0.001195    0.457502 v _1169_/B1 (sg13g2_o21ai_1)
     1    0.003899    0.041136    0.055991    0.513493 ^ _1169_/Y (sg13g2_o21ai_1)
                                                         _0491_ (net)
                      0.041136    0.000271    0.513764 ^ _1171_/A1 (sg13g2_a21oi_1)
     1    0.002180    0.024799    0.053086    0.566850 v _1171_/Y (sg13g2_a21oi_1)
                                                         _0150_ (net)
                      0.024799    0.000081    0.566931 v _1368_/D (sg13g2_dfrbpq_1)
                                              0.566931   data arrival time

                                  0.000000    0.000000   clock clk_i (rise edge)
                                  0.000000    0.000000   clock source latency
     1    0.040138    0.000000    0.000000    0.000000 ^ clk_i (in)
                                                         clk_i (net)
                      0.006155    0.003077    0.003077 ^ clkbuf_0_clk_i/A (sg13g2_buf_16)
    16    0.204016    0.064014    0.082240    0.085317 ^ clkbuf_0_clk_i/X (sg13g2_buf_16)
                                                         clknet_0_clk_i (net)
                      0.065508    0.007752    0.093070 ^ clkbuf_4_3_0_clk_i/A (sg13g2_buf_8)
     2    0.043348    0.035319    0.093848    0.186918 ^ clkbuf_4_3_0_clk_i/X (sg13g2_buf_8)
                                                         clknet_4_3_0_clk_i (net)
                      0.035968    0.003586    0.190504 ^ clkbuf_5_7__f_clk_i/A (sg13g2_buf_16)
     5    0.023331    0.020514    0.068519    0.259023 ^ clkbuf_5_7__f_clk_i/X (sg13g2_buf_16)
                                                         clknet_5_7__leaf_clk_i (net)
                      0.020533    0.001133    0.260156 ^ _1368_/CLK (sg13g2_dfrbpq_1)
                                  0.100000    0.360156   clock uncertainty
                                 -0.011218    0.348938   clock reconvergence pessimism
                                 -0.035794    0.313144   library hold time
                                              0.313144   data required time
---------------------------------------------------------------------------------------------
                                              0.313144   data required time
                                             -0.566931   data arrival time
---------------------------------------------------------------------------------------------
                                              0.253787   slack (MET)


Startpoint: _1262_ (rising edge-triggered flip-flop clocked by clk_i)
Endpoint: _1262_ (rising edge-triggered flip-flop clocked by clk_i)
Path Group: clk_i
Path Type: min

Fanout         Cap        Slew       Delay        Time   Description
---------------------------------------------------------------------------------------------
                                  0.000000    0.000000   clock clk_i (rise edge)
                                  0.000000    0.000000   clock source latency
     1    0.037465    0.000000    0.000000    0.000000 ^ clk_i (in)
                                                         clk_i (net)
                      0.005567    0.002783    0.002783 ^ clkbuf_0_clk_i/A (sg13g2_buf_16)
    16    0.183519    0.058569    0.078991    0.081774 ^ clkbuf_0_clk_i/X (sg13g2_buf_16)
                                                         clknet_0_clk_i (net)
                      0.064417    0.014333    0.096107 ^ clkbuf_4_11_0_clk_i/A (sg13g2_buf_8)
     2    0.035854    0.032049    0.091209    0.187317 ^ clkbuf_4_11_0_clk_i/X (sg13g2_buf_8)
                                                         clknet_4_11_0_clk_i (net)
                      0.032202    0.002014    0.189331 ^ clkbuf_5_22__f_clk_i/A (sg13g2_buf_16)
     5    0.031394    0.022153    0.068221    0.257552 ^ clkbuf_5_22__f_clk_i/X (sg13g2_buf_16)
                                                         clknet_5_22__leaf_clk_i (net)
                      0.022191    0.001688    0.259240 ^ _1262_/CLK (sg13g2_dfrbpq_1)
     5    0.019673    0.068406    0.200587    0.459827 v _1262_/Q (sg13g2_dfrbpq_1)
                                                         u_boot_ctrl.word_cnt[3] (net)
                      0.068419    0.000920    0.460747 v _0854_/A (sg13g2_nor2_1)
     1    0.004645    0.056748    0.079038    0.539785 ^ _0854_/Y (sg13g2_nor2_1)
                                                         _0281_ (net)
                      0.056749    0.000314    0.540099 ^ _0856_/C (sg13g2_nor3_1)
     1    0.002253    0.023980    0.038757    0.578856 v _0856_/Y (sg13g2_nor3_1)
                                                         _0044_ (net)
                      0.023981    0.000083    0.578940 v _1262_/D (sg13g2_dfrbpq_1)
                                              0.578940   data arrival time

                                  0.000000    0.000000   clock clk_i (rise edge)
                                  0.000000    0.000000   clock source latency
     1    0.040138    0.000000    0.000000    0.000000 ^ clk_i (in)
                                                         clk_i (net)
                      0.006155    0.003077    0.003077 ^ clkbuf_0_clk_i/A (sg13g2_buf_16)
    16    0.204016    0.064014    0.082240    0.085317 ^ clkbuf_0_clk_i/X (sg13g2_buf_16)
                                                         clknet_0_clk_i (net)
                      0.070685    0.015966    0.101284 ^ clkbuf_4_11_0_clk_i/A (sg13g2_buf_8)
     2    0.041199    0.034586    0.096210    0.197494 ^ clkbuf_4_11_0_clk_i/X (sg13g2_buf_8)
                                                         clknet_4_11_0_clk_i (net)
                      0.034914    0.002334    0.199828 ^ clkbuf_5_22__f_clk_i/A (sg13g2_buf_16)
     5    0.033631    0.022778    0.069931    0.269758 ^ clkbuf_5_22__f_clk_i/X (sg13g2_buf_16)
                                                         clknet_5_22__leaf_clk_i (net)
                      0.022826    0.001816    0.271575 ^ _1262_/CLK (sg13g2_dfrbpq_1)
                                  0.100000    0.371575   clock uncertainty
                                 -0.012335    0.359240   clock reconvergence pessimism
                                 -0.035056    0.324184   library hold time
                                              0.324184   data required time
---------------------------------------------------------------------------------------------
                                              0.324184   data required time
                                             -0.578940   data arrival time
---------------------------------------------------------------------------------------------
                                              0.254756   slack (MET)


Startpoint: _1391_ (rising edge-triggered flip-flop clocked by clk_i)
Endpoint: _1325_ (rising edge-triggered flip-flop clocked by clk_i)
Path Group: clk_i
Path Type: min

Fanout         Cap        Slew       Delay        Time   Description
---------------------------------------------------------------------------------------------
                                  0.000000    0.000000   clock clk_i (rise edge)
                                  0.000000    0.000000   clock source latency
     1    0.037465    0.000000    0.000000    0.000000 ^ clk_i (in)
                                                         clk_i (net)
                      0.005567    0.002783    0.002783 ^ clkbuf_0_clk_i/A (sg13g2_buf_16)
    16    0.183519    0.058569    0.078991    0.081774 ^ clkbuf_0_clk_i/X (sg13g2_buf_16)
                                                         clknet_0_clk_i (net)
                      0.062711    0.012027    0.093801 ^ clkbuf_4_12_0_clk_i/A (sg13g2_buf_8)
     2    0.034811    0.031533    0.090015    0.183816 ^ clkbuf_4_12_0_clk_i/X (sg13g2_buf_8)
                                                         clknet_4_12_0_clk_i (net)
                      0.031581    0.001256    0.185071 ^ clkbuf_5_24__f_clk_i/A (sg13g2_buf_16)
     6    0.028544    0.021485    0.067369    0.252440 ^ clkbuf_5_24__f_clk_i/X (sg13g2_buf_16)
                                                         clknet_5_24__leaf_clk_i (net)
                      0.021551    0.002032    0.254472 ^ _1391_/CLK (sg13g2_dfrbpq_1)
     4    0.015738    0.056410    0.191223    0.445695 v _1391_/Q (sg13g2_dfrbpq_1)
                                                         u_boot_ctrl.state[3] (net)
                      0.056419    0.000724    0.446419 v _1071_/B (sg13g2_nor2_1)
     1    0.002998    0.049743    0.058853    0.505272 ^ _1071_/Y (sg13g2_nor2_1)
                                                         _0435_ (net)
                      0.049743    0.000119    0.505391 ^ _1072_/A2 (sg13g2_a21oi_1)
     1    0.003330    0.042449    0.065380    0.570771 v _1072_/Y (sg13g2_a21oi_1)
                                                         _0107_ (net)
                      0.042450    0.000179    0.570950 v _1325_/D (sg13g2_dfrbpq_1)
                                              0.570950   data arrival time

                                  0.000000    0.000000   clock clk_i (rise edge)
                                  0.000000    0.000000   clock source latency
     1    0.040138    0.000000    0.000000    0.000000 ^ clk_i (in)
                                                         clk_i (net)
                      0.006155    0.003077    0.003077 ^ clkbuf_0_clk_i/A (sg13g2_buf_16)
    16    0.204016    0.064014    0.082240    0.085317 ^ clkbuf_0_clk_i/X (sg13g2_buf_16)
                                                         clknet_0_clk_i (net)
                      0.068727    0.013403    0.098720 ^ clkbuf_4_12_0_clk_i/A (sg13g2_buf_8)
     2    0.040157    0.034068    0.094903    0.193623 ^ clkbuf_4_12_0_clk_i/X (sg13g2_buf_8)
                                                         clknet_4_12_0_clk_i (net)
                      0.034345    0.002217    0.195841 ^ clkbuf_5_25__f_clk_i/A (sg13g2_buf_16)
     6    0.029046    0.021729    0.068757    0.264598 ^ clkbuf_5_25__f_clk_i/X (sg13g2_buf_16)
                                                         clknet_5_25__leaf_clk_i (net)
                      0.021791    0.002058    0.266656 ^ _1325_/CLK (sg13g2_dfrbpq_1)
                                  0.100000    0.366656   clock uncertainty
                                 -0.009808    0.356848   clock reconvergence pessimism
                                 -0.041125    0.315724   library hold time
                                              0.315724   data required time
---------------------------------------------------------------------------------------------
                                              0.315724   data required time
                                             -0.570950   data arrival time
---------------------------------------------------------------------------------------------
                                              0.255226   slack (MET)


Startpoint: _1366_ (rising edge-triggered flip-flop clocked by clk_i)
Endpoint: _1366_ (rising edge-triggered flip-flop clocked by clk_i)
Path Group: clk_i
Path Type: min

Fanout         Cap        Slew       Delay        Time   Description
---------------------------------------------------------------------------------------------
                                  0.000000    0.000000   clock clk_i (rise edge)
                                  0.000000    0.000000   clock source latency
     1    0.037465    0.000000    0.000000    0.000000 ^ clk_i (in)
                                                         clk_i (net)
                      0.005567    0.002783    0.002783 ^ clkbuf_0_clk_i/A (sg13g2_buf_16)
    16    0.183519    0.058569    0.078991    0.081774 ^ clkbuf_0_clk_i/X (sg13g2_buf_16)
                                                         clknet_0_clk_i (net)
                      0.060141    0.007518    0.089293 ^ clkbuf_4_2_0_clk_i/A (sg13g2_buf_8)
     2    0.036027    0.031976    0.089381    0.178674 ^ clkbuf_4_2_0_clk_i/X (sg13g2_buf_8)
                                                         clknet_4_2_0_clk_i (net)
                      0.032018    0.001562    0.180236 ^ clkbuf_5_5__f_clk_i/A (sg13g2_buf_16)
     6    0.029225    0.021632    0.067338    0.247573 ^ clkbuf_5_5__f_clk_i/X (sg13g2_buf_16)
                                                         clknet_5_5__leaf_clk_i (net)
                      0.021922    0.003672    0.251245 ^ _1366_/CLK (sg13g2_dfrbpq_1)
     3    0.009702    0.038431    0.176766    0.428011 v _1366_/Q (sg13g2_dfrbpq_1)
                                                         u_spi.bit_cnt[3] (net)
                      0.038438    0.000513    0.428524 v _1165_/B2 (sg13g2_a221oi_1)
     1    0.003791    0.067542    0.105457    0.533981 ^ _1165_/Y (sg13g2_a221oi_1)
                                                         _0489_ (net)
                      0.067542    0.000251    0.534232 ^ _1166_/B (sg13g2_nor2_1)
     1    0.001748    0.022872    0.037516    0.571748 v _1166_/Y (sg13g2_nor2_1)
                                                         _0148_ (net)
                      0.022872    0.000066    0.571814 v _1366_/D (sg13g2_dfrbpq_1)
                                              0.571814   data arrival time

                                  0.000000    0.000000   clock clk_i (rise edge)
                                  0.000000    0.000000   clock source latency
     1    0.040138    0.000000    0.000000    0.000000 ^ clk_i (in)
                                                         clk_i (net)
                      0.006155    0.003077    0.003077 ^ clkbuf_0_clk_i/A (sg13g2_buf_16)
    16    0.204016    0.064014    0.082240    0.085317 ^ clkbuf_0_clk_i/X (sg13g2_buf_16)
                                                         clknet_0_clk_i (net)
                      0.065786    0.008384    0.093702 ^ clkbuf_4_2_0_clk_i/A (sg13g2_buf_8)
     2    0.041372    0.034522    0.094130    0.187832 ^ clkbuf_4_2_0_clk_i/X (sg13g2_buf_8)
                                                         clknet_4_2_0_clk_i (net)
                      0.034717    0.001795    0.189627 ^ clkbuf_5_5__f_clk_i/A (sg13g2_buf_16)
     6    0.032152    0.022387    0.069099    0.258726 ^ clkbuf_5_5__f_clk_i/X (sg13g2_buf_16)
                                                         clknet_5_5__leaf_clk_i (net)
                      0.022787    0.004015    0.262741 ^ _1366_/CLK (sg13g2_dfrbpq_1)
                                  0.100000    0.362741   clock uncertainty
                                 -0.011496    0.351245   clock reconvergence pessimism
                                 -0.034713    0.316532   library hold time
                                              0.316532   data required time
---------------------------------------------------------------------------------------------
                                              0.316532   data required time
                                             -0.571814   data arrival time
---------------------------------------------------------------------------------------------
                                              0.255282   slack (MET)


Startpoint: _1266_ (rising edge-triggered flip-flop clocked by clk_i)
Endpoint: _1266_ (rising edge-triggered flip-flop clocked by clk_i)
Path Group: clk_i
Path Type: min

Fanout         Cap        Slew       Delay        Time   Description
---------------------------------------------------------------------------------------------
                                  0.000000    0.000000   clock clk_i (rise edge)
                                  0.000000    0.000000   clock source latency
     1    0.037465    0.000000    0.000000    0.000000 ^ clk_i (in)
                                                         clk_i (net)
                      0.005567    0.002783    0.002783 ^ clkbuf_0_clk_i/A (sg13g2_buf_16)
    16    0.183519    0.058569    0.078991    0.081774 ^ clkbuf_0_clk_i/X (sg13g2_buf_16)
                                                         clknet_0_clk_i (net)
                      0.062703    0.012015    0.093789 ^ clkbuf_4_15_0_clk_i/A (sg13g2_buf_8)
     2    0.038071    0.032846    0.090910    0.184699 ^ clkbuf_4_15_0_clk_i/X (sg13g2_buf_8)
                                                         clknet_4_15_0_clk_i (net)
                      0.033182    0.002431    0.187130 ^ clkbuf_5_31__f_clk_i/A (sg13g2_buf_16)
     5    0.026937    0.021199    0.067981    0.255111 ^ clkbuf_5_31__f_clk_i/X (sg13g2_buf_16)
                                                         clknet_5_31__leaf_clk_i (net)
                      0.021202    0.000436    0.255547 ^ _1266_/CLK (sg13g2_dfrbpq_1)
     5    0.020999    0.072294    0.203572    0.459119 v _1266_/Q (sg13g2_dfrbpq_1)
                                                         u_boot_ctrl.word_cnt[7] (net)
                      0.072310    0.001016    0.460136 v _0866_/A (sg13g2_nor2_1)
     1    0.004396    0.055027    0.078813    0.538949 ^ _0866_/Y (sg13g2_nor2_1)
                                                         _0289_ (net)
                      0.055027    0.000178    0.539127 ^ _0868_/C (sg13g2_nor3_1)
     1    0.001997    0.022989    0.037525    0.576652 v _0868_/Y (sg13g2_nor3_1)
                                                         _0048_ (net)
                      0.022990    0.000073    0.576726 v _1266_/D (sg13g2_dfrbpq_1)
                                              0.576726   data arrival time

                                  0.000000    0.000000   clock clk_i (rise edge)
                                  0.000000    0.000000   clock source latency
     1    0.040138    0.000000    0.000000    0.000000 ^ clk_i (in)
                                                         clk_i (net)
                      0.006155    0.003077    0.003077 ^ clkbuf_0_clk_i/A (sg13g2_buf_16)
    16    0.204016    0.064014    0.082240    0.085317 ^ clkbuf_0_clk_i/X (sg13g2_buf_16)
                                                         clknet_0_clk_i (net)
                      0.068718    0.013390    0.098708 ^ clkbuf_4_15_0_clk_i/A (sg13g2_buf_8)
     2    0.043417    0.035324    0.095723    0.194431 ^ clkbuf_4_15_0_clk_i/X (sg13g2_buf_8)
                                                         clknet_4_15_0_clk_i (net)
                      0.035932    0.002781    0.197211 ^ clkbuf_5_31__f_clk_i/A (sg13g2_buf_16)
     5    0.029174    0.021835    0.069727    0.266938 ^ clkbuf_5_31__f_clk_i/X (sg13g2_buf_16)
                                                         clknet_5_31__leaf_clk_i (net)
                      0.021838    0.000492    0.267430 ^ _1266_/CLK (sg13g2_dfrbpq_1)
                                  0.100000    0.367430   clock uncertainty
                                 -0.011883    0.355547   clock reconvergence pessimism
                                 -0.034948    0.320599   library hold time
                                              0.320599   data required time
---------------------------------------------------------------------------------------------
                                              0.320599   data required time
                                             -0.576726   data arrival time
---------------------------------------------------------------------------------------------
                                              0.256127   slack (MET)


Startpoint: _1265_ (rising edge-triggered flip-flop clocked by clk_i)
Endpoint: _1265_ (rising edge-triggered flip-flop clocked by clk_i)
Path Group: clk_i
Path Type: min

Fanout         Cap        Slew       Delay        Time   Description
---------------------------------------------------------------------------------------------
                                  0.000000    0.000000   clock clk_i (rise edge)
                                  0.000000    0.000000   clock source latency
     1    0.037465    0.000000    0.000000    0.000000 ^ clk_i (in)
                                                         clk_i (net)
                      0.005567    0.002783    0.002783 ^ clkbuf_0_clk_i/A (sg13g2_buf_16)
    16    0.183519    0.058569    0.078991    0.081774 ^ clkbuf_0_clk_i/X (sg13g2_buf_16)
                                                         clknet_0_clk_i (net)
                      0.062680    0.011981    0.093755 ^ clkbuf_4_14_0_clk_i/A (sg13g2_buf_8)
     2    0.037704    0.032763    0.091049    0.184804 ^ clkbuf_4_14_0_clk_i/X (sg13g2_buf_8)
                                                         clknet_4_14_0_clk_i (net)
                      0.032874    0.001397    0.186202 ^ clkbuf_5_29__f_clk_i/A (sg13g2_buf_16)
     6    0.027786    0.021373    0.067964    0.254166 ^ clkbuf_5_29__f_clk_i/X (sg13g2_buf_16)
                                                         clknet_5_29__leaf_clk_i (net)
                      0.021396    0.001339    0.255505 ^ _1265_/CLK (sg13g2_dfrbpq_1)
     6    0.025642    0.084433    0.213898    0.469403 v _1265_/Q (sg13g2_dfrbpq_1)
                                                         u_boot_ctrl.word_cnt[6] (net)
                      0.084470    0.001667    0.471069 v _0863_/B1 (sg13g2_a21oi_1)
     1    0.003714    0.049010    0.061290    0.532359 ^ _0863_/Y (sg13g2_a21oi_1)
                                                         _0287_ (net)
                      0.049010    0.000264    0.532623 ^ _0865_/B (sg13g2_nor3_1)
     1    0.003169    0.023708    0.043784    0.576407 v _0865_/Y (sg13g2_nor3_1)
                                                         _0047_ (net)
                      0.023709    0.000223    0.576630 v _1265_/D (sg13g2_dfrbpq_1)
                                              0.576630   data arrival time

                                  0.000000    0.000000   clock clk_i (rise edge)
                                  0.000000    0.000000   clock source latency
     1    0.040138    0.000000    0.000000    0.000000 ^ clk_i (in)
                                                         clk_i (net)
                      0.006155    0.003077    0.003077 ^ clkbuf_0_clk_i/A (sg13g2_buf_16)
    16    0.204016    0.064014    0.082240    0.085317 ^ clkbuf_0_clk_i/X (sg13g2_buf_16)
                                                         clknet_0_clk_i (net)
                      0.068691    0.013352    0.098669 ^ clkbuf_4_14_0_clk_i/A (sg13g2_buf_8)
     2    0.043050    0.035287    0.095926    0.194595 ^ clkbuf_4_14_0_clk_i/X (sg13g2_buf_8)
                                                         clknet_4_14_0_clk_i (net)
                      0.035555    0.001603    0.196198 ^ clkbuf_5_29__f_clk_i/A (sg13g2_buf_16)
     6    0.030713    0.022158    0.069800    0.265998 ^ clkbuf_5_29__f_clk_i/X (sg13g2_buf_16)
                                                         clknet_5_29__leaf_clk_i (net)
                      0.022185    0.001486    0.267484 ^ _1265_/CLK (sg13g2_dfrbpq_1)
                                  0.100000    0.367484   clock uncertainty
                                 -0.011979    0.355505   clock reconvergence pessimism
                                 -0.035103    0.320402   library hold time
                                              0.320402   data required time
---------------------------------------------------------------------------------------------
                                              0.320402   data required time
                                             -0.576630   data arrival time
---------------------------------------------------------------------------------------------
                                              0.256229   slack (MET)


Startpoint: _1278_ (rising edge-triggered flip-flop clocked by clk_i)
Endpoint: _1278_ (rising edge-triggered flip-flop clocked by clk_i)
Path Group: clk_i
Path Type: min

Fanout         Cap        Slew       Delay        Time   Description
---------------------------------------------------------------------------------------------
                                  0.000000    0.000000   clock clk_i (rise edge)
                                  0.000000    0.000000   clock source latency
     1    0.037465    0.000000    0.000000    0.000000 ^ clk_i (in)
                                                         clk_i (net)
                      0.005567    0.002783    0.002783 ^ clkbuf_0_clk_i/A (sg13g2_buf_16)
    16    0.183519    0.058569    0.078991    0.081774 ^ clkbuf_0_clk_i/X (sg13g2_buf_16)
                                                         clknet_0_clk_i (net)
                      0.062970    0.012400    0.094174 ^ clkbuf_4_9_0_clk_i/A (sg13g2_buf_8)
     2    0.037106    0.032444    0.090691    0.184866 ^ clkbuf_4_9_0_clk_i/X (sg13g2_buf_8)
                                                         clknet_4_9_0_clk_i (net)
                      0.032757    0.002437    0.187303 ^ clkbuf_5_19__f_clk_i/A (sg13g2_buf_16)
     6    0.030083    0.021887    0.068183    0.255486 ^ clkbuf_5_19__f_clk_i/X (sg13g2_buf_16)
                                                         clknet_5_19__leaf_clk_i (net)
                      0.021960    0.002147    0.257633 ^ _1278_/CLK (sg13g2_dfrbpq_1)
     4    0.016748    0.059522    0.193651    0.451284 v _1278_/Q (sg13g2_dfrbpq_1)
                                                         u_boot_ctrl.word_cnt[19] (net)
                      0.059536    0.000873    0.452157 v _0712_/A (sg13g2_inv_1)
     2    0.009067    0.050438    0.058121    0.510278 ^ _0712_/Y (sg13g2_inv_1)
                                                         _0183_ (net)
                      0.050440    0.000273    0.510551 ^ _0913_/B2 (sg13g2_a221oi_1)
     1    0.001667    0.040118    0.064174    0.574725 v _0913_/Y (sg13g2_a221oi_1)
                                                         _0060_ (net)
                      0.040118    0.000064    0.574789 v _1278_/D (sg13g2_dfrbpq_1)
                                              0.574789   data arrival time

                                  0.000000    0.000000   clock clk_i (rise edge)
                                  0.000000    0.000000   clock source latency
     1    0.040138    0.000000    0.000000    0.000000 ^ clk_i (in)
                                                         clk_i (net)
                      0.006155    0.003077    0.003077 ^ clkbuf_0_clk_i/A (sg13g2_buf_16)
    16    0.204016    0.064014    0.082240    0.085317 ^ clkbuf_0_clk_i/X (sg13g2_buf_16)
                                                         clknet_0_clk_i (net)
                      0.069011    0.013799    0.099116 ^ clkbuf_4_9_0_clk_i/A (sg13g2_buf_8)
     2    0.042451    0.034933    0.095518    0.194634 ^ clkbuf_4_9_0_clk_i/X (sg13g2_buf_8)
                                                         clknet_4_9_0_clk_i (net)
                      0.035504    0.002795    0.197429 ^ clkbuf_5_19__f_clk_i/A (sg13g2_buf_16)
     6    0.033009    0.022666    0.070021    0.267450 ^ clkbuf_5_19__f_clk_i/X (sg13g2_buf_16)
                                                         clknet_5_19__leaf_clk_i (net)
                      0.022753    0.002359    0.269809 ^ _1278_/CLK (sg13g2_dfrbpq_1)
                                  0.100000    0.369809   clock uncertainty
                                 -0.012176    0.357633   clock reconvergence pessimism
                                 -0.040186    0.317447   library hold time
                                              0.317447   data required time
---------------------------------------------------------------------------------------------
                                              0.317447   data required time
                                             -0.574789   data arrival time
---------------------------------------------------------------------------------------------
                                              0.257342   slack (MET)


Startpoint: _1367_ (rising edge-triggered flip-flop clocked by clk_i)
Endpoint: _1367_ (rising edge-triggered flip-flop clocked by clk_i)
Path Group: clk_i
Path Type: min

Fanout         Cap        Slew       Delay        Time   Description
---------------------------------------------------------------------------------------------
                                  0.000000    0.000000   clock clk_i (rise edge)
                                  0.000000    0.000000   clock source latency
     1    0.037465    0.000000    0.000000    0.000000 ^ clk_i (in)
                                                         clk_i (net)
                      0.005567    0.002783    0.002783 ^ clkbuf_0_clk_i/A (sg13g2_buf_16)
    16    0.183519    0.058569    0.078991    0.081774 ^ clkbuf_0_clk_i/X (sg13g2_buf_16)
                                                         clknet_0_clk_i (net)
                      0.060141    0.007518    0.089293 ^ clkbuf_4_2_0_clk_i/A (sg13g2_buf_8)
     2    0.036027    0.031976    0.089381    0.178674 ^ clkbuf_4_2_0_clk_i/X (sg13g2_buf_8)
                                                         clknet_4_2_0_clk_i (net)
                      0.031987    0.000793    0.179466 ^ clkbuf_5_4__f_clk_i/A (sg13g2_buf_16)
     6    0.026136    0.020959    0.067171    0.246637 ^ clkbuf_5_4__f_clk_i/X (sg13g2_buf_16)
                                                         clknet_5_4__leaf_clk_i (net)
                      0.021000    0.001682    0.248319 ^ _1367_/CLK (sg13g2_dfrbpq_1)
     7    0.024693    0.081569    0.211959    0.460278 v _1367_/Q (sg13g2_dfrbpq_1)
                                                         u_spi.bit_cnt[0] (net)
                      0.081585    0.001145    0.461424 v _1167_/B (sg13g2_nand2_1)
     1    0.003182    0.038632    0.054836    0.516260 ^ _1167_/Y (sg13g2_nand2_1)
                                                         _0490_ (net)
                      0.038632    0.000127    0.516387 ^ _1168_/A2 (sg13g2_a21oi_1)
     1    0.002002    0.024335    0.055437    0.571824 v _1168_/Y (sg13g2_a21oi_1)
                                                         _0149_ (net)
                      0.024336    0.000074    0.571898 v _1367_/D (sg13g2_dfrbpq_1)
                                              0.571898   data arrival time

                                  0.000000    0.000000   clock clk_i (rise edge)
                                  0.000000    0.000000   clock source latency
     1    0.040138    0.000000    0.000000    0.000000 ^ clk_i (in)
                                                         clk_i (net)
                      0.006155    0.003077    0.003077 ^ clkbuf_0_clk_i/A (sg13g2_buf_16)
    16    0.204016    0.064014    0.082240    0.085317 ^ clkbuf_0_clk_i/X (sg13g2_buf_16)
                                                         clknet_0_clk_i (net)
                      0.065786    0.008384    0.093702 ^ clkbuf_4_2_0_clk_i/A (sg13g2_buf_8)
     2    0.041372    0.034522    0.094130    0.187832 ^ clkbuf_4_2_0_clk_i/X (sg13g2_buf_8)
                                                         clknet_4_2_0_clk_i (net)
                      0.034555    0.000920    0.188751 ^ clkbuf_5_4__f_clk_i/A (sg13g2_buf_16)
     6    0.028821    0.021687    0.068895    0.257646 ^ clkbuf_5_4__f_clk_i/X (sg13g2_buf_16)
                                                         clknet_5_4__leaf_clk_i (net)
                      0.021736    0.001863    0.259509 ^ _1367_/CLK (sg13g2_dfrbpq_1)
                                  0.100000    0.359509   clock uncertainty
                                 -0.011190    0.348319   clock reconvergence pessimism
                                 -0.035396    0.312923   library hold time
                                              0.312923   data required time
---------------------------------------------------------------------------------------------
                                              0.312923   data required time
                                             -0.571898   data arrival time
---------------------------------------------------------------------------------------------
                                              0.258975   slack (MET)


Startpoint: _1297_ (rising edge-triggered flip-flop clocked by clk_i)
Endpoint: _1331_ (rising edge-triggered flip-flop clocked by clk_i)
Path Group: clk_i
Path Type: min

Fanout         Cap        Slew       Delay        Time   Description
---------------------------------------------------------------------------------------------
                                  0.000000    0.000000   clock clk_i (rise edge)
                                  0.000000    0.000000   clock source latency
     1    0.037465    0.000000    0.000000    0.000000 ^ clk_i (in)
                                                         clk_i (net)
                      0.005567    0.002783    0.002783 ^ clkbuf_0_clk_i/A (sg13g2_buf_16)
    16    0.183519    0.058569    0.078991    0.081774 ^ clkbuf_0_clk_i/X (sg13g2_buf_16)
                                                         clknet_0_clk_i (net)
                      0.061216    0.009638    0.091413 ^ clkbuf_4_0_0_clk_i/A (sg13g2_buf_8)
     2    0.036131    0.031955    0.089484    0.180897 ^ clkbuf_4_0_0_clk_i/X (sg13g2_buf_8)
                                                         clknet_4_0_0_clk_i (net)
                      0.032250    0.002472    0.183369 ^ clkbuf_5_1__f_clk_i/A (sg13g2_buf_16)
     6    0.023568    0.020382    0.066933    0.250301 ^ clkbuf_5_1__f_clk_i/X (sg13g2_buf_16)
                                                         clknet_5_1__leaf_clk_i (net)
                      0.020391    0.000858    0.251160 ^ _1297_/CLK (sg13g2_dfrbpq_1)
     2    0.004923    0.024889    0.164628    0.415788 v _1297_/Q (sg13g2_dfrbpq_1)
                                                         u_boot_ctrl.word_asm[4] (net)
                      0.024889    0.000160    0.415948 v _1081_/A1 (sg13g2_mux2_1)
     1    0.002756    0.028764    0.105395    0.521343 v _1081_/X (sg13g2_mux2_1)
                                                         _0440_ (net)
                      0.028764    0.000108    0.521451 v _1082_/A (sg13g2_and2_1)
     1    0.001820    0.017293    0.062796    0.584246 v _1082_/X (sg13g2_and2_1)
                                                         _0113_ (net)
                      0.017293    0.000068    0.584314 v _1331_/D (sg13g2_dfrbpq_1)
                                              0.584314   data arrival time

                                  0.000000    0.000000   clock clk_i (rise edge)
                                  0.000000    0.000000   clock source latency
     1    0.040138    0.000000    0.000000    0.000000 ^ clk_i (in)
                                                         clk_i (net)
                      0.006155    0.003077    0.003077 ^ clkbuf_0_clk_i/A (sg13g2_buf_16)
    16    0.204016    0.064014    0.082240    0.085317 ^ clkbuf_0_clk_i/X (sg13g2_buf_16)
                                                         clknet_0_clk_i (net)
                      0.065584    0.007930    0.093247 ^ clkbuf_4_4_0_clk_i/A (sg13g2_buf_8)
     2    0.041169    0.034261    0.093420    0.186668 ^ clkbuf_4_4_0_clk_i/X (sg13g2_buf_8)
                                                         clknet_4_4_0_clk_i (net)
                      0.034744    0.002608    0.189275 ^ clkbuf_5_8__f_clk_i/A (sg13g2_buf_16)
     6    0.029466    0.021840    0.069122    0.258398 ^ clkbuf_5_8__f_clk_i/X (sg13g2_buf_16)
                                                         clknet_5_8__leaf_clk_i (net)
                      0.021872    0.001554    0.259952 ^ _1331_/CLK (sg13g2_dfrbpq_1)
                                  0.100000    0.359952   clock uncertainty
                                 -0.003543    0.356409   clock reconvergence pessimism
                                 -0.033136    0.323273   library hold time
                                              0.323273   data required time
---------------------------------------------------------------------------------------------
                                              0.323273   data required time
                                             -0.584314   data arrival time
---------------------------------------------------------------------------------------------
                                              0.261041   slack (MET)


Startpoint: _1274_ (rising edge-triggered flip-flop clocked by clk_i)
Endpoint: _1274_ (rising edge-triggered flip-flop clocked by clk_i)
Path Group: clk_i
Path Type: min

Fanout         Cap        Slew       Delay        Time   Description
---------------------------------------------------------------------------------------------
                                  0.000000    0.000000   clock clk_i (rise edge)
                                  0.000000    0.000000   clock source latency
     1    0.037465    0.000000    0.000000    0.000000 ^ clk_i (in)
                                                         clk_i (net)
                      0.005567    0.002783    0.002783 ^ clkbuf_0_clk_i/A (sg13g2_buf_16)
    16    0.183519    0.058569    0.078991    0.081774 ^ clkbuf_0_clk_i/X (sg13g2_buf_16)
                                                         clknet_0_clk_i (net)
                      0.064694    0.014678    0.096453 ^ clkbuf_4_10_0_clk_i/A (sg13g2_buf_8)
     2    0.035921    0.032113    0.091700    0.188153 ^ clkbuf_4_10_0_clk_i/X (sg13g2_buf_8)
                                                         clknet_4_10_0_clk_i (net)
                      0.032119    0.000785    0.188938 ^ clkbuf_5_20__f_clk_i/A (sg13g2_buf_16)
     6    0.023209    0.020293    0.066799    0.255737 ^ clkbuf_5_20__f_clk_i/X (sg13g2_buf_16)
                                                         clknet_5_20__leaf_clk_i (net)
                      0.020302    0.000841    0.256578 ^ _1274_/CLK (sg13g2_dfrbpq_1)
     4    0.016409    0.058412    0.192243    0.448821 v _1274_/Q (sg13g2_dfrbpq_1)
                                                         u_boot_ctrl.word_cnt[15] (net)
                      0.058412    0.000241    0.449062 v _0715_/A (sg13g2_inv_1)
     2    0.009193    0.050810    0.057958    0.507020 ^ _0715_/Y (sg13g2_inv_1)
                                                         _0186_ (net)
                      0.050818    0.000525    0.507544 ^ _0899_/B2 (sg13g2_a221oi_1)
     1    0.002630    0.045053    0.068504    0.576048 v _0899_/Y (sg13g2_a221oi_1)
                                                         _0056_ (net)
                      0.045053    0.000096    0.576144 v _1274_/D (sg13g2_dfrbpq_1)
                                              0.576144   data arrival time

                                  0.000000    0.000000   clock clk_i (rise edge)
                                  0.000000    0.000000   clock source latency
     1    0.040138    0.000000    0.000000    0.000000 ^ clk_i (in)
                                                         clk_i (net)
                      0.006155    0.003077    0.003077 ^ clkbuf_0_clk_i/A (sg13g2_buf_16)
    16    0.204016    0.064014    0.082240    0.085317 ^ clkbuf_0_clk_i/X (sg13g2_buf_16)
                                                         clknet_0_clk_i (net)
                      0.071011    0.016360    0.101678 ^ clkbuf_4_10_0_clk_i/A (sg13g2_buf_8)
     2    0.041267    0.034734    0.096817    0.198495 ^ clkbuf_4_10_0_clk_i/X (sg13g2_buf_8)
                                                         clknet_4_10_0_clk_i (net)
                      0.034776    0.000911    0.199406 ^ clkbuf_5_20__f_clk_i/A (sg13g2_buf_16)
     6    0.025893    0.021029    0.068593    0.267999 ^ clkbuf_5_20__f_clk_i/X (sg13g2_buf_16)
                                                         clknet_5_20__leaf_clk_i (net)
                      0.021040    0.000941    0.268939 ^ _1274_/CLK (sg13g2_dfrbpq_1)
                                  0.100000    0.368939   clock uncertainty
                                 -0.012361    0.356578   clock reconvergence pessimism
                                 -0.042106    0.314472   library hold time
                                              0.314472   data required time
---------------------------------------------------------------------------------------------
                                              0.314472   data required time
                                             -0.576144   data arrival time
---------------------------------------------------------------------------------------------
                                              0.261672   slack (MET)


Startpoint: _1317_ (rising edge-triggered flip-flop clocked by clk_i)
Endpoint: _1351_ (rising edge-triggered flip-flop clocked by clk_i)
Path Group: clk_i
Path Type: min

Fanout         Cap        Slew       Delay        Time   Description
---------------------------------------------------------------------------------------------
                                  0.000000    0.000000   clock clk_i (rise edge)
                                  0.000000    0.000000   clock source latency
     1    0.037465    0.000000    0.000000    0.000000 ^ clk_i (in)
                                                         clk_i (net)
                      0.005567    0.002783    0.002783 ^ clkbuf_0_clk_i/A (sg13g2_buf_16)
    16    0.183519    0.058569    0.078991    0.081774 ^ clkbuf_0_clk_i/X (sg13g2_buf_16)
                                                         clknet_0_clk_i (net)
                      0.062987    0.012423    0.094198 ^ clkbuf_4_13_0_clk_i/A (sg13g2_buf_8)
     2    0.035598    0.031745    0.089946    0.184143 ^ clkbuf_4_13_0_clk_i/X (sg13g2_buf_8)
                                                         clknet_4_13_0_clk_i (net)
                      0.032167    0.002934    0.187077 ^ clkbuf_5_26__f_clk_i/A (sg13g2_buf_16)
     5    0.021117    0.019816    0.066436    0.253513 ^ clkbuf_5_26__f_clk_i/X (sg13g2_buf_16)
                                                         clknet_5_26__leaf_clk_i (net)
                      0.019819    0.000478    0.253990 ^ _1317_/CLK (sg13g2_dfrbpq_1)
     2    0.004915    0.024861    0.164326    0.418316 v _1317_/Q (sg13g2_dfrbpq_1)
                                                         u_boot_ctrl.word_asm[24] (net)
                      0.024861    0.000235    0.418551 v _1121_/A1 (sg13g2_mux2_1)
     1    0.002865    0.029055    0.105748    0.524299 v _1121_/X (sg13g2_mux2_1)
                                                         _0460_ (net)
                      0.029055    0.000113    0.524412 v _1122_/A (sg13g2_and2_1)
     1    0.001524    0.016508    0.062181    0.586594 v _1122_/X (sg13g2_and2_1)
                                                         _0133_ (net)
                      0.016508    0.000060    0.586653 v _1351_/D (sg13g2_dfrbpq_1)
                                              0.586653   data arrival time

                                  0.000000    0.000000   clock clk_i (rise edge)
                                  0.000000    0.000000   clock source latency
     1    0.040138    0.000000    0.000000    0.000000 ^ clk_i (in)
                                                         clk_i (net)
                      0.006155    0.003077    0.003077 ^ clkbuf_0_clk_i/A (sg13g2_buf_16)
    16    0.204016    0.064014    0.082240    0.085317 ^ clkbuf_0_clk_i/X (sg13g2_buf_16)
                                                         clknet_0_clk_i (net)
                      0.069050    0.013853    0.099170 ^ clkbuf_4_13_0_clk_i/A (sg13g2_buf_8)
     2    0.040943    0.034350    0.094730    0.193901 ^ clkbuf_4_13_0_clk_i/X (sg13g2_buf_8)
                                                         clknet_4_13_0_clk_i (net)
                      0.034918    0.003258    0.197159 ^ clkbuf_5_27__f_clk_i/A (sg13g2_buf_16)
     5    0.024933    0.020822    0.068437    0.265596 ^ clkbuf_5_27__f_clk_i/X (sg13g2_buf_16)
                                                         clknet_5_27__leaf_clk_i (net)
                      0.020842    0.001242    0.266838 ^ _1351_/CLK (sg13g2_dfrbpq_1)
                                  0.100000    0.366838   clock uncertainty
                                 -0.009758    0.357080   clock reconvergence pessimism
                                 -0.033102    0.323978   library hold time
                                              0.323978   data required time
---------------------------------------------------------------------------------------------
                                              0.323978   data required time
                                             -0.586653   data arrival time
---------------------------------------------------------------------------------------------
                                              0.262675   slack (MET)


Startpoint: _1318_ (rising edge-triggered flip-flop clocked by clk_i)
Endpoint: _1352_ (rising edge-triggered flip-flop clocked by clk_i)
Path Group: clk_i
Path Type: min

Fanout         Cap        Slew       Delay        Time   Description
---------------------------------------------------------------------------------------------
                                  0.000000    0.000000   clock clk_i (rise edge)
                                  0.000000    0.000000   clock source latency
     1    0.037465    0.000000    0.000000    0.000000 ^ clk_i (in)
                                                         clk_i (net)
                      0.005567    0.002783    0.002783 ^ clkbuf_0_clk_i/A (sg13g2_buf_16)
    16    0.183519    0.058569    0.078991    0.081774 ^ clkbuf_0_clk_i/X (sg13g2_buf_16)
                                                         clknet_0_clk_i (net)
                      0.062987    0.012423    0.094198 ^ clkbuf_4_13_0_clk_i/A (sg13g2_buf_8)
     2    0.035598    0.031745    0.089946    0.184143 ^ clkbuf_4_13_0_clk_i/X (sg13g2_buf_8)
                                                         clknet_4_13_0_clk_i (net)
                      0.032167    0.002934    0.187077 ^ clkbuf_5_26__f_clk_i/A (sg13g2_buf_16)
     5    0.021117    0.019816    0.066436    0.253513 ^ clkbuf_5_26__f_clk_i/X (sg13g2_buf_16)
                                                         clknet_5_26__leaf_clk_i (net)
                      0.019818    0.000336    0.253848 ^ _1318_/CLK (sg13g2_dfrbpq_1)
     2    0.004934    0.024907    0.164323    0.418171 v _1318_/Q (sg13g2_dfrbpq_1)
                                                         u_boot_ctrl.word_asm[25] (net)
                      0.024908    0.000311    0.418482 v _1123_/A1 (sg13g2_mux2_1)
     1    0.002905    0.029158    0.105900    0.524382 v _1123_/X (sg13g2_mux2_1)
                                                         _0461_ (net)
                      0.029158    0.000114    0.524495 v _1124_/A (sg13g2_and2_1)
     1    0.001740    0.017093    0.062766    0.587261 v _1124_/X (sg13g2_and2_1)
                                                         _0134_ (net)
                      0.017093    0.000066    0.587327 v _1352_/D (sg13g2_dfrbpq_1)
                                              0.587327   data arrival time

                                  0.000000    0.000000   clock clk_i (rise edge)
                                  0.000000    0.000000   clock source latency
     1    0.040138    0.000000    0.000000    0.000000 ^ clk_i (in)
                                                         clk_i (net)
                      0.006155    0.003077    0.003077 ^ clkbuf_0_clk_i/A (sg13g2_buf_16)
    16    0.204016    0.064014    0.082240    0.085317 ^ clkbuf_0_clk_i/X (sg13g2_buf_16)
                                                         clknet_0_clk_i (net)
                      0.069050    0.013853    0.099170 ^ clkbuf_4_13_0_clk_i/A (sg13g2_buf_8)
     2    0.040943    0.034350    0.094730    0.193901 ^ clkbuf_4_13_0_clk_i/X (sg13g2_buf_8)
                                                         clknet_4_13_0_clk_i (net)
                      0.034918    0.003258    0.197159 ^ clkbuf_5_27__f_clk_i/A (sg13g2_buf_16)
     5    0.024933    0.020822    0.068437    0.265596 ^ clkbuf_5_27__f_clk_i/X (sg13g2_buf_16)
                                                         clknet_5_27__leaf_clk_i (net)
                      0.020836    0.001056    0.266652 ^ _1352_/CLK (sg13g2_dfrbpq_1)
                                  0.100000    0.366652   clock uncertainty
                                 -0.009758    0.356895   clock reconvergence pessimism
                                 -0.033288    0.323606   library hold time
                                              0.323606   data required time
---------------------------------------------------------------------------------------------
                                              0.323606   data required time
                                             -0.587327   data arrival time
---------------------------------------------------------------------------------------------
                                              0.263721   slack (MET)


Startpoint: _1273_ (rising edge-triggered flip-flop clocked by clk_i)
Endpoint: _1273_ (rising edge-triggered flip-flop clocked by clk_i)
Path Group: clk_i
Path Type: min

Fanout         Cap        Slew       Delay        Time   Description
---------------------------------------------------------------------------------------------
                                  0.000000    0.000000   clock clk_i (rise edge)
                                  0.000000    0.000000   clock source latency
     1    0.037465    0.000000    0.000000    0.000000 ^ clk_i (in)
                                                         clk_i (net)
                      0.005567    0.002783    0.002783 ^ clkbuf_0_clk_i/A (sg13g2_buf_16)
    16    0.183519    0.058569    0.078991    0.081774 ^ clkbuf_0_clk_i/X (sg13g2_buf_16)
                                                         clknet_0_clk_i (net)
                      0.064694    0.014678    0.096453 ^ clkbuf_4_10_0_clk_i/A (sg13g2_buf_8)
     2    0.035921    0.032113    0.091700    0.188153 ^ clkbuf_4_10_0_clk_i/X (sg13g2_buf_8)
                                                         clknet_4_10_0_clk_i (net)
                      0.032119    0.000785    0.188938 ^ clkbuf_5_20__f_clk_i/A (sg13g2_buf_16)
     6    0.023209    0.020293    0.066799    0.255737 ^ clkbuf_5_20__f_clk_i/X (sg13g2_buf_16)
                                                         clknet_5_20__leaf_clk_i (net)
                      0.020296    0.000473    0.256210 ^ _1273_/CLK (sg13g2_dfrbpq_1)
     7    0.028841    0.094031    0.220813    0.477024 v _1273_/Q (sg13g2_dfrbpq_1)
                                                         u_boot_ctrl.word_cnt[14] (net)
                      0.094073    0.001846    0.478870 v _0888_/B1 (sg13g2_a21oi_1)
     1    0.003306    0.048894    0.062236    0.541106 ^ _0888_/Y (sg13g2_a21oi_1)
                                                         _0304_ (net)
                      0.048895    0.000243    0.541349 ^ _0891_/B (sg13g2_nor3_1)
     1    0.003069    0.022783    0.043508    0.584858 v _0891_/Y (sg13g2_nor3_1)
                                                         _0055_ (net)
                      0.022783    0.000118    0.584975 v _1273_/D (sg13g2_dfrbpq_1)
                                              0.584975   data arrival time

                                  0.000000    0.000000   clock clk_i (rise edge)
                                  0.000000    0.000000   clock source latency
     1    0.040138    0.000000    0.000000    0.000000 ^ clk_i (in)
                                                         clk_i (net)
                      0.006155    0.003077    0.003077 ^ clkbuf_0_clk_i/A (sg13g2_buf_16)
    16    0.204016    0.064014    0.082240    0.085317 ^ clkbuf_0_clk_i/X (sg13g2_buf_16)
                                                         clknet_0_clk_i (net)
                      0.071011    0.016360    0.101678 ^ clkbuf_4_10_0_clk_i/A (sg13g2_buf_8)
     2    0.041267    0.034734    0.096817    0.198495 ^ clkbuf_4_10_0_clk_i/X (sg13g2_buf_8)
                                                         clknet_4_10_0_clk_i (net)
                      0.034776    0.000911    0.199406 ^ clkbuf_5_20__f_clk_i/A (sg13g2_buf_16)
     6    0.025893    0.021029    0.068593    0.267999 ^ clkbuf_5_20__f_clk_i/X (sg13g2_buf_16)
                                                         clknet_5_20__leaf_clk_i (net)
                      0.021033    0.000530    0.268528 ^ _1273_/CLK (sg13g2_dfrbpq_1)
                                  0.100000    0.368528   clock uncertainty
                                 -0.012318    0.356210   clock reconvergence pessimism
                                 -0.035051    0.321160   library hold time
                                              0.321160   data required time
---------------------------------------------------------------------------------------------
                                              0.321160   data required time
                                             -0.584975   data arrival time
---------------------------------------------------------------------------------------------
                                              0.263816   slack (MET)


Startpoint: _1323_ (rising edge-triggered flip-flop clocked by clk_i)
Endpoint: _1357_ (rising edge-triggered flip-flop clocked by clk_i)
Path Group: clk_i
Path Type: min

Fanout         Cap        Slew       Delay        Time   Description
---------------------------------------------------------------------------------------------
                                  0.000000    0.000000   clock clk_i (rise edge)
                                  0.000000    0.000000   clock source latency
     1    0.037465    0.000000    0.000000    0.000000 ^ clk_i (in)
                                                         clk_i (net)
                      0.005567    0.002783    0.002783 ^ clkbuf_0_clk_i/A (sg13g2_buf_16)
    16    0.183519    0.058569    0.078991    0.081774 ^ clkbuf_0_clk_i/X (sg13g2_buf_16)
                                                         clknet_0_clk_i (net)
                      0.061216    0.009638    0.091413 ^ clkbuf_4_0_0_clk_i/A (sg13g2_buf_8)
     2    0.036131    0.031955    0.089484    0.180897 ^ clkbuf_4_0_0_clk_i/X (sg13g2_buf_8)
                                                         clknet_4_0_0_clk_i (net)
                      0.032223    0.002334    0.183230 ^ clkbuf_5_0__f_clk_i/A (sg13g2_buf_16)
     6    0.029921    0.021824    0.067982    0.251212 ^ clkbuf_5_0__f_clk_i/X (sg13g2_buf_16)
                                                         clknet_5_0__leaf_clk_i (net)
                      0.021860    0.001652    0.252864 ^ _1323_/CLK (sg13g2_dfrbpq_1)
     2    0.005829    0.027353    0.167518    0.420381 v _1323_/Q (sg13g2_dfrbpq_1)
                                                         u_boot_ctrl.word_asm[30] (net)
                      0.027353    0.000191    0.420572 v _1133_/A1 (sg13g2_mux2_1)
     1    0.002697    0.028618    0.106203    0.526775 v _1133_/X (sg13g2_mux2_1)
                                                         _0466_ (net)
                      0.028618    0.000104    0.526880 v _1134_/A (sg13g2_and2_1)
     1    0.001839    0.017337    0.062778    0.589658 v _1134_/X (sg13g2_and2_1)
                                                         _0139_ (net)
                      0.017337    0.000069    0.589726 v _1357_/D (sg13g2_dfrbpq_1)
                                              0.589726   data arrival time

                                  0.000000    0.000000   clock clk_i (rise edge)
                                  0.000000    0.000000   clock source latency
     1    0.040138    0.000000    0.000000    0.000000 ^ clk_i (in)
                                                         clk_i (net)
                      0.006155    0.003077    0.003077 ^ clkbuf_0_clk_i/A (sg13g2_buf_16)
    16    0.204016    0.064014    0.082240    0.085317 ^ clkbuf_0_clk_i/X (sg13g2_buf_16)
                                                         clknet_0_clk_i (net)
                      0.067040    0.010791    0.096108 ^ clkbuf_4_1_0_clk_i/A (sg13g2_buf_8)
     2    0.040647    0.034204    0.094262    0.190370 ^ clkbuf_4_1_0_clk_i/X (sg13g2_buf_8)
                                                         clknet_4_1_0_clk_i (net)
                      0.034383    0.001451    0.191821 ^ clkbuf_5_2__f_clk_i/A (sg13g2_buf_16)
     6    0.028260    0.021553    0.068731    0.260552 ^ clkbuf_5_2__f_clk_i/X (sg13g2_buf_16)
                                                         clknet_5_2__leaf_clk_i (net)
                      0.021577    0.001354    0.261906 ^ _1357_/CLK (sg13g2_dfrbpq_1)
                                  0.100000    0.361906   clock uncertainty
                                 -0.003543    0.358363   clock reconvergence pessimism
                                 -0.033211    0.325152   library hold time
                                              0.325152   data required time
---------------------------------------------------------------------------------------------
                                              0.325152   data required time
                                             -0.589726   data arrival time
---------------------------------------------------------------------------------------------
                                              0.264575   slack (MET)


Startpoint: _1268_ (rising edge-triggered flip-flop clocked by clk_i)
Endpoint: _1268_ (rising edge-triggered flip-flop clocked by clk_i)
Path Group: clk_i
Path Type: min

Fanout         Cap        Slew       Delay        Time   Description
---------------------------------------------------------------------------------------------
                                  0.000000    0.000000   clock clk_i (rise edge)
                                  0.000000    0.000000   clock source latency
     1    0.037465    0.000000    0.000000    0.000000 ^ clk_i (in)
                                                         clk_i (net)
                      0.005567    0.002783    0.002783 ^ clkbuf_0_clk_i/A (sg13g2_buf_16)
    16    0.183519    0.058569    0.078991    0.081774 ^ clkbuf_0_clk_i/X (sg13g2_buf_16)
                                                         clknet_0_clk_i (net)
                      0.064417    0.014333    0.096107 ^ clkbuf_4_11_0_clk_i/A (sg13g2_buf_8)
     2    0.035854    0.032049    0.091209    0.187317 ^ clkbuf_4_11_0_clk_i/X (sg13g2_buf_8)
                                                         clknet_4_11_0_clk_i (net)
                      0.032128    0.001431    0.188747 ^ clkbuf_5_23__f_clk_i/A (sg13g2_buf_16)
     5    0.023464    0.020362    0.066757    0.255504 ^ clkbuf_5_23__f_clk_i/X (sg13g2_buf_16)
                                                         clknet_5_23__leaf_clk_i (net)
                      0.020362    0.000125    0.255629 ^ _1268_/CLK (sg13g2_dfrbpq_1)
     6    0.030992    0.100500    0.225544    0.481174 v _1268_/Q (sg13g2_dfrbpq_1)
                                                         u_boot_ctrl.word_cnt[9] (net)
                      0.100545    0.001960    0.483133 v _0872_/B1 (sg13g2_a21oi_1)
     1    0.003705    0.052020    0.065782    0.548915 ^ _0872_/Y (sg13g2_a21oi_1)
                                                         _0293_ (net)
                      0.052020    0.000242    0.549157 ^ _0874_/C (sg13g2_nor3_1)
     1    0.002302    0.023173    0.037369    0.586527 v _0874_/Y (sg13g2_nor3_1)
                                                         _0050_ (net)
                      0.023173    0.000159    0.586685 v _1268_/D (sg13g2_dfrbpq_1)
                                              0.586685   data arrival time

                                  0.000000    0.000000   clock clk_i (rise edge)
                                  0.000000    0.000000   clock source latency
     1    0.040138    0.000000    0.000000    0.000000 ^ clk_i (in)
                                                         clk_i (net)
                      0.006155    0.003077    0.003077 ^ clkbuf_0_clk_i/A (sg13g2_buf_16)
    16    0.204016    0.064014    0.082240    0.085317 ^ clkbuf_0_clk_i/X (sg13g2_buf_16)
                                                         clknet_0_clk_i (net)
                      0.070685    0.015966    0.101284 ^ clkbuf_4_11_0_clk_i/A (sg13g2_buf_8)
     2    0.041199    0.034586    0.096210    0.197494 ^ clkbuf_4_11_0_clk_i/X (sg13g2_buf_8)
                                                         clknet_4_11_0_clk_i (net)
                      0.034804    0.001652    0.199146 ^ clkbuf_5_23__f_clk_i/A (sg13g2_buf_16)
     5    0.025701    0.020999    0.068458    0.267605 ^ clkbuf_5_23__f_clk_i/X (sg13g2_buf_16)
                                                         clknet_5_23__leaf_clk_i (net)
                      0.021000    0.000144    0.267749 ^ _1268_/CLK (sg13g2_dfrbpq_1)
                                  0.100000    0.367749   clock uncertainty
                                 -0.012119    0.355629   clock reconvergence pessimism
                                 -0.035181    0.320448   library hold time
                                              0.320448   data required time
---------------------------------------------------------------------------------------------
                                              0.320448   data required time
                                             -0.586685   data arrival time
---------------------------------------------------------------------------------------------
                                              0.266237   slack (MET)


Startpoint: _1295_ (rising edge-triggered flip-flop clocked by clk_i)
Endpoint: _1329_ (rising edge-triggered flip-flop clocked by clk_i)
Path Group: clk_i
Path Type: min

Fanout         Cap        Slew       Delay        Time   Description
---------------------------------------------------------------------------------------------
                                  0.000000    0.000000   clock clk_i (rise edge)
                                  0.000000    0.000000   clock source latency
     1    0.037465    0.000000    0.000000    0.000000 ^ clk_i (in)
                                                         clk_i (net)
                      0.005567    0.002783    0.002783 ^ clkbuf_0_clk_i/A (sg13g2_buf_16)
    16    0.183519    0.058569    0.078991    0.081774 ^ clkbuf_0_clk_i/X (sg13g2_buf_16)
                                                         clknet_0_clk_i (net)
                      0.059829    0.006783    0.088558 ^ clkbuf_4_6_0_clk_i/A (sg13g2_buf_8)
     2    0.037847    0.032574    0.089261    0.177818 ^ clkbuf_4_6_0_clk_i/X (sg13g2_buf_8)
                                                         clknet_4_6_0_clk_i (net)
                      0.033034    0.002842    0.180660 ^ clkbuf_5_12__f_clk_i/A (sg13g2_buf_16)
     6    0.028345    0.021513    0.068155    0.248815 ^ clkbuf_5_12__f_clk_i/X (sg13g2_buf_16)
                                                         clknet_5_12__leaf_clk_i (net)
                      0.021517    0.000571    0.249386 ^ _1295_/CLK (sg13g2_dfrbpq_1)
     2    0.005683    0.026947    0.166936    0.416322 v _1295_/Q (sg13g2_dfrbpq_1)
                                                         u_boot_ctrl.word_asm[2] (net)
                      0.026947    0.000360    0.416682 v _1077_/A1 (sg13g2_mux2_1)
     1    0.002793    0.028861    0.106358    0.523040 v _1077_/X (sg13g2_mux2_1)
                                                         _0438_ (net)
                      0.028861    0.000108    0.523148 v _1078_/A (sg13g2_and2_1)
     1    0.001814    0.017279    0.062821    0.585970 v _1078_/X (sg13g2_and2_1)
                                                         _0111_ (net)
                      0.017280    0.000069    0.586039 v _1329_/D (sg13g2_dfrbpq_1)
                                              0.586039   data arrival time

                                  0.000000    0.000000   clock clk_i (rise edge)
                                  0.000000    0.000000   clock source latency
     1    0.040138    0.000000    0.000000    0.000000 ^ clk_i (in)
                                                         clk_i (net)
                      0.006155    0.003077    0.003077 ^ clkbuf_0_clk_i/A (sg13g2_buf_16)
    16    0.204016    0.064014    0.082240    0.085317 ^ clkbuf_0_clk_i/X (sg13g2_buf_16)
                                                         clknet_0_clk_i (net)
                      0.065218    0.007026    0.092343 ^ clkbuf_4_7_0_clk_i/A (sg13g2_buf_8)
     2    0.041520    0.034517    0.093743    0.186087 ^ clkbuf_4_7_0_clk_i/X (sg13g2_buf_8)
                                                         clknet_4_7_0_clk_i (net)
                      0.034687    0.001301    0.187388 ^ clkbuf_5_14__f_clk_i/A (sg13g2_buf_16)
     5    0.021941    0.020124    0.067784    0.255172 ^ clkbuf_5_14__f_clk_i/X (sg13g2_buf_16)
                                                         clknet_5_14__leaf_clk_i (net)
                      0.020136    0.000986    0.256157 ^ _1329_/CLK (sg13g2_dfrbpq_1)
                                  0.100000    0.356157   clock uncertainty
                                 -0.003543    0.352614   clock reconvergence pessimism
                                 -0.033494    0.319121   library hold time
                                              0.319121   data required time
---------------------------------------------------------------------------------------------
                                              0.319121   data required time
                                             -0.586039   data arrival time
---------------------------------------------------------------------------------------------
                                              0.266918   slack (MET)


Startpoint: _1319_ (rising edge-triggered flip-flop clocked by clk_i)
Endpoint: _1353_ (rising edge-triggered flip-flop clocked by clk_i)
Path Group: clk_i
Path Type: min

Fanout         Cap        Slew       Delay        Time   Description
---------------------------------------------------------------------------------------------
                                  0.000000    0.000000   clock clk_i (rise edge)
                                  0.000000    0.000000   clock source latency
     1    0.037465    0.000000    0.000000    0.000000 ^ clk_i (in)
                                                         clk_i (net)
                      0.005567    0.002783    0.002783 ^ clkbuf_0_clk_i/A (sg13g2_buf_16)
    16    0.183519    0.058569    0.078991    0.081774 ^ clkbuf_0_clk_i/X (sg13g2_buf_16)
                                                         clknet_0_clk_i (net)
                      0.059642    0.006301    0.088076 ^ clkbuf_4_7_0_clk_i/A (sg13g2_buf_8)
     2    0.036175    0.031991    0.089063    0.177138 ^ clkbuf_4_7_0_clk_i/X (sg13g2_buf_8)
                                                         clknet_4_7_0_clk_i (net)
                      0.032139    0.001937    0.179075 ^ clkbuf_5_15__f_clk_i/A (sg13g2_buf_16)
     5    0.021107    0.019812    0.066401    0.245477 ^ clkbuf_5_15__f_clk_i/X (sg13g2_buf_16)
                                                         clknet_5_15__leaf_clk_i (net)
                      0.019813    0.000252    0.245729 ^ _1319_/CLK (sg13g2_dfrbpq_1)
     2    0.005055    0.025241    0.164661    0.410390 v _1319_/Q (sg13g2_dfrbpq_1)
                                                         u_boot_ctrl.word_asm[26] (net)
                      0.025241    0.000163    0.410553 v _1125_/A1 (sg13g2_mux2_1)
     1    0.002830    0.028949    0.105787    0.516340 v _1125_/X (sg13g2_mux2_1)
                                                         _0462_ (net)
                      0.028949    0.000109    0.516449 v _1126_/A (sg13g2_and2_1)
     1    0.001977    0.017719    0.063257    0.579706 v _1126_/X (sg13g2_and2_1)
                                                         _0135_ (net)
                      0.017719    0.000134    0.579840 v _1353_/D (sg13g2_dfrbpq_1)
                                              0.579840   data arrival time

                                  0.000000    0.000000   clock clk_i (rise edge)
                                  0.000000    0.000000   clock source latency
     1    0.040138    0.000000    0.000000    0.000000 ^ clk_i (in)
                                                         clk_i (net)
                      0.006155    0.003077    0.003077 ^ clkbuf_0_clk_i/A (sg13g2_buf_16)
    16    0.204016    0.064014    0.082240    0.085317 ^ clkbuf_0_clk_i/X (sg13g2_buf_16)
                                                         clknet_0_clk_i (net)
                      0.065218    0.007026    0.092343 ^ clkbuf_4_7_0_clk_i/A (sg13g2_buf_8)
     2    0.041520    0.034517    0.093743    0.186087 ^ clkbuf_4_7_0_clk_i/X (sg13g2_buf_8)
                                                         clknet_4_7_0_clk_i (net)
                      0.034825    0.002236    0.188323 ^ clkbuf_5_15__f_clk_i/A (sg13g2_buf_16)
     5    0.023344    0.020451    0.068124    0.256447 ^ clkbuf_5_15__f_clk_i/X (sg13g2_buf_16)
                                                         clknet_5_15__leaf_clk_i (net)
                      0.020461    0.000857    0.257304 ^ _1353_/CLK (sg13g2_dfrbpq_1)
                                  0.100000    0.357304   clock uncertainty
                                 -0.010970    0.346334   clock reconvergence pessimism
                                 -0.033565    0.312769   library hold time
                                              0.312769   data required time
---------------------------------------------------------------------------------------------
                                              0.312769   data required time
                                             -0.579840   data arrival time
---------------------------------------------------------------------------------------------
                                              0.267072   slack (MET)


Startpoint: _1324_ (rising edge-triggered flip-flop clocked by clk_i)
Endpoint: _1358_ (rising edge-triggered flip-flop clocked by clk_i)
Path Group: clk_i
Path Type: min

Fanout         Cap        Slew       Delay        Time   Description
---------------------------------------------------------------------------------------------
                                  0.000000    0.000000   clock clk_i (rise edge)
                                  0.000000    0.000000   clock source latency
     1    0.037465    0.000000    0.000000    0.000000 ^ clk_i (in)
                                                         clk_i (net)
                      0.005567    0.002783    0.002783 ^ clkbuf_0_clk_i/A (sg13g2_buf_16)
    16    0.183519    0.058569    0.078991    0.081774 ^ clkbuf_0_clk_i/X (sg13g2_buf_16)
                                                         clknet_0_clk_i (net)
                      0.060147    0.007532    0.089306 ^ clkbuf_4_5_0_clk_i/A (sg13g2_buf_8)
     2    0.035974    0.031927    0.089238    0.178544 ^ clkbuf_4_5_0_clk_i/X (sg13g2_buf_8)
                                                         clknet_4_5_0_clk_i (net)
                      0.031981    0.001587    0.180131 ^ clkbuf_5_10__f_clk_i/A (sg13g2_buf_16)
     5    0.020558    0.019683    0.066117    0.246248 ^ clkbuf_5_10__f_clk_i/X (sg13g2_buf_16)
                                                         clknet_5_10__leaf_clk_i (net)
                      0.019720    0.001549    0.247797 ^ _1324_/CLK (sg13g2_dfrbpq_1)
     2    0.005306    0.025923    0.165232    0.413029 v _1324_/Q (sg13g2_dfrbpq_1)
                                                         u_boot_ctrl.word_asm[31] (net)
                      0.025923    0.000180    0.413209 v _1135_/A1 (sg13g2_mux2_1)
     1    0.003035    0.029495    0.106744    0.519953 v _1135_/X (sg13g2_mux2_1)
                                                         _0467_ (net)
                      0.029495    0.000120    0.520073 v _1136_/A (sg13g2_and2_1)
     1    0.001524    0.016522    0.062371    0.582443 v _1136_/X (sg13g2_and2_1)
                                                         _0140_ (net)
                      0.016523    0.000060    0.582503 v _1358_/D (sg13g2_dfrbpq_1)
                                              0.582503   data arrival time

                                  0.000000    0.000000   clock clk_i (rise edge)
                                  0.000000    0.000000   clock source latency
     1    0.040138    0.000000    0.000000    0.000000 ^ clk_i (in)
                                                         clk_i (net)
                      0.006155    0.003077    0.003077 ^ clkbuf_0_clk_i/A (sg13g2_buf_16)
    16    0.204016    0.064014    0.082240    0.085317 ^ clkbuf_0_clk_i/X (sg13g2_buf_16)
                                                         clknet_0_clk_i (net)
                      0.065798    0.008411    0.093728 ^ clkbuf_4_5_0_clk_i/A (sg13g2_buf_8)
     2    0.041320    0.034456    0.093955    0.187682 ^ clkbuf_4_5_0_clk_i/X (sg13g2_buf_8)
                                                         clknet_4_5_0_clk_i (net)
                      0.034680    0.001704    0.189386 ^ clkbuf_5_11__f_clk_i/A (sg13g2_buf_16)
     5    0.021552    0.020033    0.067719    0.257106 ^ clkbuf_5_11__f_clk_i/X (sg13g2_buf_16)
                                                         clknet_5_11__leaf_clk_i (net)
                      0.020039    0.000676    0.257782 ^ _1358_/CLK (sg13g2_dfrbpq_1)
                                  0.100000    0.357782   clock uncertainty
                                 -0.009138    0.348644   clock reconvergence pessimism
                                 -0.033274    0.315370   library hold time
                                              0.315370   data required time
---------------------------------------------------------------------------------------------
                                              0.315370   data required time
                                             -0.582503   data arrival time
---------------------------------------------------------------------------------------------
                                              0.267134   slack (MET)


Startpoint: _1313_ (rising edge-triggered flip-flop clocked by clk_i)
Endpoint: _1347_ (rising edge-triggered flip-flop clocked by clk_i)
Path Group: clk_i
Path Type: min

Fanout         Cap        Slew       Delay        Time   Description
---------------------------------------------------------------------------------------------
                                  0.000000    0.000000   clock clk_i (rise edge)
                                  0.000000    0.000000   clock source latency
     1    0.037465    0.000000    0.000000    0.000000 ^ clk_i (in)
                                                         clk_i (net)
                      0.005567    0.002783    0.002783 ^ clkbuf_0_clk_i/A (sg13g2_buf_16)
    16    0.183519    0.058569    0.078991    0.081774 ^ clkbuf_0_clk_i/X (sg13g2_buf_16)
                                                         clknet_0_clk_i (net)
                      0.059963    0.007108    0.088882 ^ clkbuf_4_4_0_clk_i/A (sg13g2_buf_8)
     2    0.035823    0.031777    0.088789    0.177671 ^ clkbuf_4_4_0_clk_i/X (sg13g2_buf_8)
                                                         clknet_4_4_0_clk_i (net)
                      0.032020    0.002233    0.179904 ^ clkbuf_5_9__f_clk_i/A (sg13g2_buf_16)
     6    0.023375    0.020335    0.066637    0.246541 ^ clkbuf_5_9__f_clk_i/X (sg13g2_buf_16)
                                                         clknet_5_9__leaf_clk_i (net)
                      0.020389    0.001860    0.248401 ^ _1313_/CLK (sg13g2_dfrbpq_1)
     3    0.006658    0.029655    0.168841    0.417242 v _1313_/Q (sg13g2_dfrbpq_1)
                                                         u_boot_ctrl.word_asm[20] (net)
                      0.029655    0.000267    0.417509 v _1113_/A1 (sg13g2_mux2_1)
     1    0.002666    0.028530    0.107036    0.524545 v _1113_/X (sg13g2_mux2_1)
                                                         _0456_ (net)
                      0.028530    0.000104    0.524650 v _1114_/A (sg13g2_and2_1)
     1    0.002001    0.017767    0.063144    0.587793 v _1114_/X (sg13g2_and2_1)
                                                         _0129_ (net)
                      0.017767    0.000077    0.587870 v _1347_/D (sg13g2_dfrbpq_1)
                                              0.587870   data arrival time

                                  0.000000    0.000000   clock clk_i (rise edge)
                                  0.000000    0.000000   clock source latency
     1    0.040138    0.000000    0.000000    0.000000 ^ clk_i (in)
                                                         clk_i (net)
                      0.006155    0.003077    0.003077 ^ clkbuf_0_clk_i/A (sg13g2_buf_16)
    16    0.204016    0.064014    0.082240    0.085317 ^ clkbuf_0_clk_i/X (sg13g2_buf_16)
                                                         clknet_0_clk_i (net)
                      0.065798    0.008411    0.093728 ^ clkbuf_4_5_0_clk_i/A (sg13g2_buf_8)
     2    0.041320    0.034456    0.093955    0.187682 ^ clkbuf_4_5_0_clk_i/X (sg13g2_buf_8)
                                                         clknet_4_5_0_clk_i (net)
                      0.034680    0.001704    0.189386 ^ clkbuf_5_11__f_clk_i/A (sg13g2_buf_16)
     5    0.021552    0.020033    0.067719    0.257106 ^ clkbuf_5_11__f_clk_i/X (sg13g2_buf_16)
                                                         clknet_5_11__leaf_clk_i (net)
                      0.020039    0.000642    0.257748 ^ _1347_/CLK (sg13g2_dfrbpq_1)
                                  0.100000    0.357748   clock uncertainty
                                 -0.003543    0.354205   clock reconvergence pessimism
                                 -0.033669    0.320537   library hold time
                                              0.320537   data required time
---------------------------------------------------------------------------------------------
                                              0.320537   data required time
                                             -0.587870   data arrival time
---------------------------------------------------------------------------------------------
                                              0.267334   slack (MET)


Startpoint: _1321_ (rising edge-triggered flip-flop clocked by clk_i)
Endpoint: _1355_ (rising edge-triggered flip-flop clocked by clk_i)
Path Group: clk_i
Path Type: min

Fanout         Cap        Slew       Delay        Time   Description
---------------------------------------------------------------------------------------------
                                  0.000000    0.000000   clock clk_i (rise edge)
                                  0.000000    0.000000   clock source latency
     1    0.037465    0.000000    0.000000    0.000000 ^ clk_i (in)
                                                         clk_i (net)
                      0.005567    0.002783    0.002783 ^ clkbuf_0_clk_i/A (sg13g2_buf_16)
    16    0.183519    0.058569    0.078991    0.081774 ^ clkbuf_0_clk_i/X (sg13g2_buf_16)
                                                         clknet_0_clk_i (net)
                      0.059963    0.007108    0.088882 ^ clkbuf_4_4_0_clk_i/A (sg13g2_buf_8)
     2    0.035823    0.031777    0.088789    0.177671 ^ clkbuf_4_4_0_clk_i/X (sg13g2_buf_8)
                                                         clknet_4_4_0_clk_i (net)
                      0.032020    0.002233    0.179904 ^ clkbuf_5_9__f_clk_i/A (sg13g2_buf_16)
     6    0.023375    0.020335    0.066637    0.246541 ^ clkbuf_5_9__f_clk_i/X (sg13g2_buf_16)
                                                         clknet_5_9__leaf_clk_i (net)
                      0.020364    0.001399    0.247940 ^ _1321_/CLK (sg13g2_dfrbpq_1)
     2    0.005284    0.025861    0.165488    0.413428 v _1321_/Q (sg13g2_dfrbpq_1)
                                                         u_boot_ctrl.word_asm[28] (net)
                      0.025861    0.000170    0.413598 v _1129_/A1 (sg13g2_mux2_1)
     1    0.002617    0.028401    0.105327    0.518925 v _1129_/X (sg13g2_mux2_1)
                                                         _0464_ (net)
                      0.028402    0.000103    0.519028 v _1130_/A (sg13g2_and2_1)
     1    0.001888    0.017463    0.062809    0.581838 v _1130_/X (sg13g2_and2_1)
                                                         _0137_ (net)
                      0.017463    0.000071    0.581908 v _1355_/D (sg13g2_dfrbpq_1)
                                              0.581908   data arrival time

                                  0.000000    0.000000   clock clk_i (rise edge)
                                  0.000000    0.000000   clock source latency
     1    0.040138    0.000000    0.000000    0.000000 ^ clk_i (in)
                                                         clk_i (net)
                      0.006155    0.003077    0.003077 ^ clkbuf_0_clk_i/A (sg13g2_buf_16)
    16    0.204016    0.064014    0.082240    0.085317 ^ clkbuf_0_clk_i/X (sg13g2_buf_16)
                                                         clknet_0_clk_i (net)
                      0.065584    0.007930    0.093247 ^ clkbuf_4_4_0_clk_i/A (sg13g2_buf_8)
     2    0.041169    0.034261    0.093420    0.186668 ^ clkbuf_4_4_0_clk_i/X (sg13g2_buf_8)
                                                         clknet_4_4_0_clk_i (net)
                      0.034736    0.002570    0.189238 ^ clkbuf_5_9__f_clk_i/A (sg13g2_buf_16)
     6    0.026302    0.021130    0.068472    0.257710 ^ clkbuf_5_9__f_clk_i/X (sg13g2_buf_16)
                                                         clknet_5_9__leaf_clk_i (net)
                      0.021154    0.001310    0.259020 ^ _1355_/CLK (sg13g2_dfrbpq_1)
                                  0.100000    0.359020   clock uncertainty
                                 -0.011169    0.347851   clock reconvergence pessimism
                                 -0.033340    0.314511   library hold time
                                              0.314511   data required time
---------------------------------------------------------------------------------------------
                                              0.314511   data required time
                                             -0.581908   data arrival time
---------------------------------------------------------------------------------------------
                                              0.267397   slack (MET)


Startpoint: _1272_ (rising edge-triggered flip-flop clocked by clk_i)
Endpoint: _1272_ (rising edge-triggered flip-flop clocked by clk_i)
Path Group: clk_i
Path Type: min

Fanout         Cap        Slew       Delay        Time   Description
---------------------------------------------------------------------------------------------
                                  0.000000    0.000000   clock clk_i (rise edge)
                                  0.000000    0.000000   clock source latency
     1    0.037465    0.000000    0.000000    0.000000 ^ clk_i (in)
                                                         clk_i (net)
                      0.005567    0.002783    0.002783 ^ clkbuf_0_clk_i/A (sg13g2_buf_16)
    16    0.183519    0.058569    0.078991    0.081774 ^ clkbuf_0_clk_i/X (sg13g2_buf_16)
                                                         clknet_0_clk_i (net)
                      0.064694    0.014678    0.096453 ^ clkbuf_4_10_0_clk_i/A (sg13g2_buf_8)
     2    0.035921    0.032113    0.091700    0.188153 ^ clkbuf_4_10_0_clk_i/X (sg13g2_buf_8)
                                                         clknet_4_10_0_clk_i (net)
                      0.032121    0.000877    0.189030 ^ clkbuf_5_21__f_clk_i/A (sg13g2_buf_16)
     6    0.023752    0.020418    0.066914    0.255945 ^ clkbuf_5_21__f_clk_i/X (sg13g2_buf_16)
                                                         clknet_5_21__leaf_clk_i (net)
                      0.020418    0.000126    0.256071 ^ _1272_/CLK (sg13g2_dfrbpq_1)
     8    0.029878    0.097152    0.223048    0.479119 v _1272_/Q (sg13g2_dfrbpq_1)
                                                         u_boot_ctrl.word_cnt[13] (net)
                      0.097191    0.001811    0.480930 v _0883_/B1 (sg13g2_a21oi_1)
     1    0.003604    0.050974    0.064669    0.545599 ^ _0883_/Y (sg13g2_a21oi_1)
                                                         _0300_ (net)
                      0.050974    0.000142    0.545742 ^ _0887_/B (sg13g2_nor3_1)
     1    0.002733    0.020803    0.043455    0.589196 v _0887_/Y (sg13g2_nor3_1)
                                                         _0054_ (net)
                      0.020804    0.000102    0.589299 v _1272_/D (sg13g2_dfrbpq_1)
                                              0.589299   data arrival time

                                  0.000000    0.000000   clock clk_i (rise edge)
                                  0.000000    0.000000   clock source latency
     1    0.040138    0.000000    0.000000    0.000000 ^ clk_i (in)
                                                         clk_i (net)
                      0.006155    0.003077    0.003077 ^ clkbuf_0_clk_i/A (sg13g2_buf_16)
    16    0.204016    0.064014    0.082240    0.085317 ^ clkbuf_0_clk_i/X (sg13g2_buf_16)
                                                         clknet_0_clk_i (net)
                      0.071011    0.016360    0.101678 ^ clkbuf_4_10_0_clk_i/A (sg13g2_buf_8)
     2    0.041267    0.034734    0.096817    0.198495 ^ clkbuf_4_10_0_clk_i/X (sg13g2_buf_8)
                                                         clknet_4_10_0_clk_i (net)
                      0.034785    0.001016    0.199510 ^ clkbuf_5_21__f_clk_i/A (sg13g2_buf_16)
     6    0.026679    0.021208    0.068763    0.268273 ^ clkbuf_5_21__f_clk_i/X (sg13g2_buf_16)
                                                         clknet_5_21__leaf_clk_i (net)
                      0.021208    0.000145    0.268418 ^ _1272_/CLK (sg13g2_dfrbpq_1)
                                  0.100000    0.368418   clock uncertainty
                                 -0.012347    0.356071   clock reconvergence pessimism
                                 -0.034387    0.321684   library hold time
                                              0.321684   data required time
---------------------------------------------------------------------------------------------
                                              0.321684   data required time
                                             -0.589299   data arrival time
---------------------------------------------------------------------------------------------
                                              0.267615   slack (MET)


Startpoint: _1309_ (rising edge-triggered flip-flop clocked by clk_i)
Endpoint: _1343_ (rising edge-triggered flip-flop clocked by clk_i)
Path Group: clk_i
Path Type: min

Fanout         Cap        Slew       Delay        Time   Description
---------------------------------------------------------------------------------------------
                                  0.000000    0.000000   clock clk_i (rise edge)
                                  0.000000    0.000000   clock source latency
     1    0.037465    0.000000    0.000000    0.000000 ^ clk_i (in)
                                                         clk_i (net)
                      0.005567    0.002783    0.002783 ^ clkbuf_0_clk_i/A (sg13g2_buf_16)
    16    0.183519    0.058569    0.078991    0.081774 ^ clkbuf_0_clk_i/X (sg13g2_buf_16)
                                                         clknet_0_clk_i (net)
                      0.059829    0.006783    0.088558 ^ clkbuf_4_6_0_clk_i/A (sg13g2_buf_8)
     2    0.037847    0.032574    0.089261    0.177818 ^ clkbuf_4_6_0_clk_i/X (sg13g2_buf_8)
                                                         clknet_4_6_0_clk_i (net)
                      0.033067    0.002976    0.180794 ^ clkbuf_5_13__f_clk_i/A (sg13g2_buf_16)
     6    0.027488    0.021320    0.067856    0.248651 ^ clkbuf_5_13__f_clk_i/X (sg13g2_buf_16)
                                                         clknet_5_13__leaf_clk_i (net)
                      0.021397    0.002174    0.250825 ^ _1309_/CLK (sg13g2_dfrbpq_1)
     3    0.008738    0.035680    0.174298    0.425123 v _1309_/Q (sg13g2_dfrbpq_1)
                                                         u_boot_ctrl.word_asm[16] (net)
                      0.035685    0.000423    0.425546 v _1105_/A1 (sg13g2_mux2_1)
     1    0.002688    0.028593    0.109563    0.535109 v _1105_/X (sg13g2_mux2_1)
                                                         _0452_ (net)
                      0.028593    0.000106    0.535215 v _1106_/A (sg13g2_and2_1)
     1    0.001866    0.017411    0.062837    0.598052 v _1106_/X (sg13g2_and2_1)
                                                         _0125_ (net)
                      0.017411    0.000070    0.598121 v _1343_/D (sg13g2_dfrbpq_1)
                                              0.598121   data arrival time

                                  0.000000    0.000000   clock clk_i (rise edge)
                                  0.000000    0.000000   clock source latency
     1    0.040138    0.000000    0.000000    0.000000 ^ clk_i (in)
                                                         clk_i (net)
                      0.006155    0.003077    0.003077 ^ clkbuf_0_clk_i/A (sg13g2_buf_16)
    16    0.204016    0.064014    0.082240    0.085317 ^ clkbuf_0_clk_i/X (sg13g2_buf_16)
                                                         clknet_0_clk_i (net)
                      0.069050    0.013853    0.099170 ^ clkbuf_4_13_0_clk_i/A (sg13g2_buf_8)
     2    0.040943    0.034350    0.094730    0.193901 ^ clkbuf_4_13_0_clk_i/X (sg13g2_buf_8)
                                                         clknet_4_13_0_clk_i (net)
                      0.034952    0.003380    0.197281 ^ clkbuf_5_26__f_clk_i/A (sg13g2_buf_16)
     5    0.023354    0.020459    0.068209    0.265490 ^ clkbuf_5_26__f_clk_i/X (sg13g2_buf_16)
                                                         clknet_5_26__leaf_clk_i (net)
                      0.020464    0.000607    0.266097 ^ _1343_/CLK (sg13g2_dfrbpq_1)
                                  0.100000    0.366097   clock uncertainty
                                 -0.003543    0.362555   clock reconvergence pessimism
                                 -0.033467    0.329088   library hold time
                                              0.329088   data required time
---------------------------------------------------------------------------------------------
                                              0.329088   data required time
                                             -0.598121   data arrival time
---------------------------------------------------------------------------------------------
                                              0.269034   slack (MET)


Startpoint: _1388_ (rising edge-triggered flip-flop clocked by clk_i)
Endpoint: _1393_ (rising edge-triggered flip-flop clocked by clk_i)
Path Group: clk_i
Path Type: min

Fanout         Cap        Slew       Delay        Time   Description
---------------------------------------------------------------------------------------------
                                  0.000000    0.000000   clock clk_i (rise edge)
                                  0.000000    0.000000   clock source latency
     1    0.037465    0.000000    0.000000    0.000000 ^ clk_i (in)
                                                         clk_i (net)
                      0.005567    0.002783    0.002783 ^ clkbuf_0_clk_i/A (sg13g2_buf_16)
    16    0.183519    0.058569    0.078991    0.081774 ^ clkbuf_0_clk_i/X (sg13g2_buf_16)
                                                         clknet_0_clk_i (net)
                      0.062680    0.011981    0.093755 ^ clkbuf_4_14_0_clk_i/A (sg13g2_buf_8)
     2    0.037704    0.032763    0.091049    0.184804 ^ clkbuf_4_14_0_clk_i/X (sg13g2_buf_8)
                                                         clknet_4_14_0_clk_i (net)
                      0.032977    0.002136    0.186940 ^ clkbuf_5_28__f_clk_i/A (sg13g2_buf_16)
     6    0.029425    0.021741    0.067997    0.254937 ^ clkbuf_5_28__f_clk_i/X (sg13g2_buf_16)
                                                         clknet_5_28__leaf_clk_i (net)
                      0.021871    0.002746    0.257684 ^ _1388_/CLK (sg13g2_dfrbpq_1)
     8    0.034788    0.111926    0.234150    0.491833 v _1388_/Q (sg13g2_dfrbpq_1)
                                                         u_boot_ctrl.state[0] (net)
                      0.112039    0.003215    0.495048 v _0720_/B (sg13g2_and2_1)
     1    0.001671    0.019873    0.103777    0.598825 v _0720_/X (sg13g2_and2_1)
                                                         _0001_ (net)
                      0.019873    0.000064    0.598889 v _1393_/D (sg13g2_dfrbpq_1)
                                              0.598889   data arrival time

                                  0.000000    0.000000   clock clk_i (rise edge)
                                  0.000000    0.000000   clock source latency
     1    0.040138    0.000000    0.000000    0.000000 ^ clk_i (in)
                                                         clk_i (net)
                      0.006155    0.003077    0.003077 ^ clkbuf_0_clk_i/A (sg13g2_buf_16)
    16    0.204016    0.064014    0.082240    0.085317 ^ clkbuf_0_clk_i/X (sg13g2_buf_16)
                                                         clknet_0_clk_i (net)
                      0.068727    0.013403    0.098720 ^ clkbuf_4_12_0_clk_i/A (sg13g2_buf_8)
     2    0.040157    0.034068    0.094903    0.193623 ^ clkbuf_4_12_0_clk_i/X (sg13g2_buf_8)
                                                         clknet_4_12_0_clk_i (net)
                      0.034345    0.002217    0.195841 ^ clkbuf_5_25__f_clk_i/A (sg13g2_buf_16)
     6    0.029046    0.021729    0.068757    0.264598 ^ clkbuf_5_25__f_clk_i/X (sg13g2_buf_16)
                                                         clknet_5_25__leaf_clk_i (net)
                      0.021783    0.001932    0.266530 ^ _1393_/CLK (sg13g2_dfrbpq_1)
                                  0.100000    0.366530   clock uncertainty
                                 -0.003543    0.362987   clock reconvergence pessimism
                                 -0.033972    0.329015   library hold time
                                              0.329015   data required time
---------------------------------------------------------------------------------------------
                                              0.329015   data required time
                                             -0.598889   data arrival time
---------------------------------------------------------------------------------------------
                                              0.269874   slack (MET)


Startpoint: _1322_ (rising edge-triggered flip-flop clocked by clk_i)
Endpoint: _1356_ (rising edge-triggered flip-flop clocked by clk_i)
Path Group: clk_i
Path Type: min

Fanout         Cap        Slew       Delay        Time   Description
---------------------------------------------------------------------------------------------
                                  0.000000    0.000000   clock clk_i (rise edge)
                                  0.000000    0.000000   clock source latency
     1    0.037465    0.000000    0.000000    0.000000 ^ clk_i (in)
                                                         clk_i (net)
                      0.005567    0.002783    0.002783 ^ clkbuf_0_clk_i/A (sg13g2_buf_16)
    16    0.183519    0.058569    0.078991    0.081774 ^ clkbuf_0_clk_i/X (sg13g2_buf_16)
                                                         clknet_0_clk_i (net)
                      0.060147    0.007532    0.089306 ^ clkbuf_4_5_0_clk_i/A (sg13g2_buf_8)
     2    0.035974    0.031927    0.089238    0.178544 ^ clkbuf_4_5_0_clk_i/X (sg13g2_buf_8)
                                                         clknet_4_5_0_clk_i (net)
                      0.031981    0.001587    0.180131 ^ clkbuf_5_10__f_clk_i/A (sg13g2_buf_16)
     5    0.020558    0.019683    0.066117    0.246248 ^ clkbuf_5_10__f_clk_i/X (sg13g2_buf_16)
                                                         clknet_5_10__leaf_clk_i (net)
                      0.019707    0.001257    0.247506 ^ _1322_/CLK (sg13g2_dfrbpq_1)
     2    0.004919    0.024866    0.164228    0.411734 v _1322_/Q (sg13g2_dfrbpq_1)
                                                         u_boot_ctrl.word_asm[29] (net)
                      0.024867    0.000309    0.412043 v _1131_/A1 (sg13g2_mux2_1)
     1    0.003223    0.029973    0.106915    0.518958 v _1131_/X (sg13g2_mux2_1)
                                                         _0465_ (net)
                      0.029973    0.000245    0.519202 v _1132_/A (sg13g2_and2_1)
     1    0.002559    0.019297    0.065152    0.584354 v _1132_/X (sg13g2_and2_1)
                                                         _0138_ (net)
                      0.019297    0.000148    0.584502 v _1356_/D (sg13g2_dfrbpq_1)
                                              0.584502   data arrival time

                                  0.000000    0.000000   clock clk_i (rise edge)
                                  0.000000    0.000000   clock source latency
     1    0.040138    0.000000    0.000000    0.000000 ^ clk_i (in)
                                                         clk_i (net)
                      0.006155    0.003077    0.003077 ^ clkbuf_0_clk_i/A (sg13g2_buf_16)
    16    0.204016    0.064014    0.082240    0.085317 ^ clkbuf_0_clk_i/X (sg13g2_buf_16)
                                                         clknet_0_clk_i (net)
                      0.065798    0.008411    0.093728 ^ clkbuf_4_5_0_clk_i/A (sg13g2_buf_8)
     2    0.041320    0.034456    0.093955    0.187682 ^ clkbuf_4_5_0_clk_i/X (sg13g2_buf_8)
                                                         clknet_4_5_0_clk_i (net)
                      0.034680    0.001704    0.189386 ^ clkbuf_5_11__f_clk_i/A (sg13g2_buf_16)
     5    0.021552    0.020033    0.067719    0.257106 ^ clkbuf_5_11__f_clk_i/X (sg13g2_buf_16)
                                                         clknet_5_11__leaf_clk_i (net)
                      0.020038    0.000562    0.257668 ^ _1356_/CLK (sg13g2_dfrbpq_1)
                                  0.100000    0.357668   clock uncertainty
                                 -0.009138    0.348530   clock reconvergence pessimism
                                 -0.034153    0.314376   library hold time
                                              0.314376   data required time
---------------------------------------------------------------------------------------------
                                              0.314376   data required time
                                             -0.584502   data arrival time
---------------------------------------------------------------------------------------------
                                              0.270126   slack (MET)


Startpoint: _1301_ (rising edge-triggered flip-flop clocked by clk_i)
Endpoint: _1335_ (rising edge-triggered flip-flop clocked by clk_i)
Path Group: clk_i
Path Type: min

Fanout         Cap        Slew       Delay        Time   Description
---------------------------------------------------------------------------------------------
                                  0.000000    0.000000   clock clk_i (rise edge)
                                  0.000000    0.000000   clock source latency
     1    0.037465    0.000000    0.000000    0.000000 ^ clk_i (in)
                                                         clk_i (net)
                      0.005567    0.002783    0.002783 ^ clkbuf_0_clk_i/A (sg13g2_buf_16)
    16    0.183519    0.058569    0.078991    0.081774 ^ clkbuf_0_clk_i/X (sg13g2_buf_16)
                                                         clknet_0_clk_i (net)
                      0.059829    0.006783    0.088558 ^ clkbuf_4_6_0_clk_i/A (sg13g2_buf_8)
     2    0.037847    0.032574    0.089261    0.177818 ^ clkbuf_4_6_0_clk_i/X (sg13g2_buf_8)
                                                         clknet_4_6_0_clk_i (net)
                      0.033034    0.002842    0.180660 ^ clkbuf_5_12__f_clk_i/A (sg13g2_buf_16)
     6    0.028345    0.021513    0.068155    0.248815 ^ clkbuf_5_12__f_clk_i/X (sg13g2_buf_16)
                                                         clknet_5_12__leaf_clk_i (net)
                      0.021514    0.000180    0.248995 ^ _1301_/CLK (sg13g2_dfrbpq_1)
     3    0.007252    0.031340    0.170697    0.419692 v _1301_/Q (sg13g2_dfrbpq_1)
                                                         u_boot_ctrl.word_asm[8] (net)
                      0.031371    0.000456    0.420147 v _1089_/A1 (sg13g2_mux2_1)
     1    0.002700    0.028626    0.107850    0.527997 v _1089_/X (sg13g2_mux2_1)
                                                         _0444_ (net)
                      0.028626    0.000105    0.528102 v _1090_/A (sg13g2_and2_1)
     1    0.001525    0.016494    0.061998    0.590100 v _1090_/X (sg13g2_and2_1)
                                                         _0117_ (net)
                      0.016494    0.000060    0.590160 v _1335_/D (sg13g2_dfrbpq_1)
                                              0.590160   data arrival time

                                  0.000000    0.000000   clock clk_i (rise edge)
                                  0.000000    0.000000   clock source latency
     1    0.040138    0.000000    0.000000    0.000000 ^ clk_i (in)
                                                         clk_i (net)
                      0.006155    0.003077    0.003077 ^ clkbuf_0_clk_i/A (sg13g2_buf_16)
    16    0.204016    0.064014    0.082240    0.085317 ^ clkbuf_0_clk_i/X (sg13g2_buf_16)
                                                         clknet_0_clk_i (net)
                      0.065430    0.007564    0.092881 ^ clkbuf_4_6_0_clk_i/A (sg13g2_buf_8)
     2    0.043193    0.035257    0.093823    0.186704 ^ clkbuf_4_6_0_clk_i/X (sg13g2_buf_8)
                                                         clknet_4_6_0_clk_i (net)
                      0.035847    0.003412    0.190117 ^ clkbuf_5_13__f_clk_i/A (sg13g2_buf_16)
     6    0.030415    0.022106    0.069714    0.259830 ^ clkbuf_5_13__f_clk_i/X (sg13g2_buf_16)
                                                         clknet_5_13__leaf_clk_i (net)
                      0.022155    0.001865    0.261695 ^ _1335_/CLK (sg13g2_dfrbpq_1)
                                  0.100000    0.361695   clock uncertainty
                                 -0.008886    0.352810   clock reconvergence pessimism
                                 -0.032824    0.319986   library hold time
                                              0.319986   data required time
---------------------------------------------------------------------------------------------
                                              0.319986   data required time
                                             -0.590160   data arrival time
---------------------------------------------------------------------------------------------
                                              0.270174   slack (MET)


Startpoint: _1345_ (rising edge-triggered flip-flop clocked by clk_i)
Endpoint: _1345_ (rising edge-triggered flip-flop clocked by clk_i)
Path Group: clk_i
Path Type: min

Fanout         Cap        Slew       Delay        Time   Description
---------------------------------------------------------------------------------------------
                                  0.000000    0.000000   clock clk_i (rise edge)
                                  0.000000    0.000000   clock source latency
     1    0.037465    0.000000    0.000000    0.000000 ^ clk_i (in)
                                                         clk_i (net)
                      0.005567    0.002783    0.002783 ^ clkbuf_0_clk_i/A (sg13g2_buf_16)
    16    0.183519    0.058569    0.078991    0.081774 ^ clkbuf_0_clk_i/X (sg13g2_buf_16)
                                                         clknet_0_clk_i (net)
                      0.059642    0.006301    0.088076 ^ clkbuf_4_7_0_clk_i/A (sg13g2_buf_8)
     2    0.036175    0.031991    0.089063    0.177138 ^ clkbuf_4_7_0_clk_i/X (sg13g2_buf_8)
                                                         clknet_4_7_0_clk_i (net)
                      0.032139    0.001937    0.179075 ^ clkbuf_5_15__f_clk_i/A (sg13g2_buf_16)
     5    0.021107    0.019812    0.066401    0.245477 ^ clkbuf_5_15__f_clk_i/X (sg13g2_buf_16)
                                                         clknet_5_15__leaf_clk_i (net)
                      0.019819    0.000748    0.246225 ^ _1345_/CLK (sg13g2_dfrbpq_1)
     2    0.006155    0.028254    0.167309    0.413534 v _1345_/Q (sg13g2_dfrbpq_1)
                                                         net43 (net)
                      0.028254    0.000327    0.413861 v _1109_/A0 (sg13g2_mux2_1)
     1    0.002883    0.029100    0.107342    0.521203 v _1109_/X (sg13g2_mux2_1)
                                                         _0454_ (net)
                      0.029100    0.000113    0.521316 v _1110_/A (sg13g2_and2_1)
     1    0.001550    0.016577    0.062255    0.583571 v _1110_/X (sg13g2_and2_1)
                                                         _0127_ (net)
                      0.016578    0.000118    0.583689 v _1345_/D (sg13g2_dfrbpq_1)
                                              0.583689   data arrival time

                                  0.000000    0.000000   clock clk_i (rise edge)
                                  0.000000    0.000000   clock source latency
     1    0.040138    0.000000    0.000000    0.000000 ^ clk_i (in)
                                                         clk_i (net)
                      0.006155    0.003077    0.003077 ^ clkbuf_0_clk_i/A (sg13g2_buf_16)
    16    0.204016    0.064014    0.082240    0.085317 ^ clkbuf_0_clk_i/X (sg13g2_buf_16)
                                                         clknet_0_clk_i (net)
                      0.065218    0.007026    0.092343 ^ clkbuf_4_7_0_clk_i/A (sg13g2_buf_8)
     2    0.041520    0.034517    0.093743    0.186087 ^ clkbuf_4_7_0_clk_i/X (sg13g2_buf_8)
                                                         clknet_4_7_0_clk_i (net)
                      0.034825    0.002236    0.188323 ^ clkbuf_5_15__f_clk_i/A (sg13g2_buf_16)
     5    0.023344    0.020451    0.068124    0.256447 ^ clkbuf_5_15__f_clk_i/X (sg13g2_buf_16)
                                                         clknet_5_15__leaf_clk_i (net)
                      0.020460    0.000836    0.257282 ^ _1345_/CLK (sg13g2_dfrbpq_1)
                                  0.100000    0.357282   clock uncertainty
                                 -0.011058    0.346225   clock reconvergence pessimism
                                 -0.033204    0.313021   library hold time
                                              0.313021   data required time
---------------------------------------------------------------------------------------------
                                              0.313021   data required time
                                             -0.583689   data arrival time
---------------------------------------------------------------------------------------------
                                              0.270668   slack (MET)


Startpoint: _1341_ (rising edge-triggered flip-flop clocked by clk_i)
Endpoint: _1341_ (rising edge-triggered flip-flop clocked by clk_i)
Path Group: clk_i
Path Type: min

Fanout         Cap        Slew       Delay        Time   Description
---------------------------------------------------------------------------------------------
                                  0.000000    0.000000   clock clk_i (rise edge)
                                  0.000000    0.000000   clock source latency
     1    0.037465    0.000000    0.000000    0.000000 ^ clk_i (in)
                                                         clk_i (net)
                      0.005567    0.002783    0.002783 ^ clkbuf_0_clk_i/A (sg13g2_buf_16)
    16    0.183519    0.058569    0.078991    0.081774 ^ clkbuf_0_clk_i/X (sg13g2_buf_16)
                                                         clknet_0_clk_i (net)
                      0.061226    0.009656    0.091431 ^ clkbuf_4_1_0_clk_i/A (sg13g2_buf_8)
     2    0.035302    0.031677    0.089472    0.180903 ^ clkbuf_4_1_0_clk_i/X (sg13g2_buf_8)
                                                         clknet_4_1_0_clk_i (net)
                      0.031733    0.001255    0.182159 ^ clkbuf_5_2__f_clk_i/A (sg13g2_buf_16)
     6    0.025575    0.020820    0.066962    0.249120 ^ clkbuf_5_2__f_clk_i/X (sg13g2_buf_16)
                                                         clknet_5_2__leaf_clk_i (net)
                      0.020854    0.001565    0.250686 ^ _1341_/CLK (sg13g2_dfrbpq_1)
     2    0.005704    0.027010    0.166742    0.417428 v _1341_/Q (sg13g2_dfrbpq_1)
                                                         net39 (net)
                      0.027010    0.000189    0.417616 v _1101_/A0 (sg13g2_mux2_1)
     1    0.002668    0.028528    0.106123    0.523739 v _1101_/X (sg13g2_mux2_1)
                                                         _0450_ (net)
                      0.028528    0.000106    0.523845 v _1102_/A (sg13g2_and2_1)
     1    0.002603    0.019366    0.064635    0.588480 v _1102_/X (sg13g2_and2_1)
                                                         _0123_ (net)
                      0.019366    0.000159    0.588640 v _1341_/D (sg13g2_dfrbpq_1)
                                              0.588640   data arrival time

                                  0.000000    0.000000   clock clk_i (rise edge)
                                  0.000000    0.000000   clock source latency
     1    0.040138    0.000000    0.000000    0.000000 ^ clk_i (in)
                                                         clk_i (net)
                      0.006155    0.003077    0.003077 ^ clkbuf_0_clk_i/A (sg13g2_buf_16)
    16    0.204016    0.064014    0.082240    0.085317 ^ clkbuf_0_clk_i/X (sg13g2_buf_16)
                                                         clknet_0_clk_i (net)
                      0.067040    0.010791    0.096108 ^ clkbuf_4_1_0_clk_i/A (sg13g2_buf_8)
     2    0.040647    0.034204    0.094262    0.190370 ^ clkbuf_4_1_0_clk_i/X (sg13g2_buf_8)
                                                         clknet_4_1_0_clk_i (net)
                      0.034383    0.001451    0.191821 ^ clkbuf_5_2__f_clk_i/A (sg13g2_buf_16)
     6    0.028260    0.021553    0.068731    0.260552 ^ clkbuf_5_2__f_clk_i/X (sg13g2_buf_16)
                                                         clknet_5_2__leaf_clk_i (net)
                      0.021594    0.001733    0.262285 ^ _1341_/CLK (sg13g2_dfrbpq_1)
                                  0.100000    0.362285   clock uncertainty
                                 -0.011599    0.350686   clock reconvergence pessimism
                                 -0.033851    0.316835   library hold time
                                              0.316835   data required time
---------------------------------------------------------------------------------------------
                                              0.316835   data required time
                                             -0.588640   data arrival time
---------------------------------------------------------------------------------------------
                                              0.271805   slack (MET)


Startpoint: _1346_ (rising edge-triggered flip-flop clocked by clk_i)
Endpoint: _1346_ (rising edge-triggered flip-flop clocked by clk_i)
Path Group: clk_i
Path Type: min

Fanout         Cap        Slew       Delay        Time   Description
---------------------------------------------------------------------------------------------
                                  0.000000    0.000000   clock clk_i (rise edge)
                                  0.000000    0.000000   clock source latency
     1    0.037465    0.000000    0.000000    0.000000 ^ clk_i (in)
                                                         clk_i (net)
                      0.005567    0.002783    0.002783 ^ clkbuf_0_clk_i/A (sg13g2_buf_16)
    16    0.183519    0.058569    0.078991    0.081774 ^ clkbuf_0_clk_i/X (sg13g2_buf_16)
                                                         clknet_0_clk_i (net)
                      0.059642    0.006301    0.088076 ^ clkbuf_4_7_0_clk_i/A (sg13g2_buf_8)
     2    0.036175    0.031991    0.089063    0.177138 ^ clkbuf_4_7_0_clk_i/X (sg13g2_buf_8)
                                                         clknet_4_7_0_clk_i (net)
                      0.032045    0.001129    0.178268 ^ clkbuf_5_14__f_clk_i/A (sg13g2_buf_16)
     5    0.019704    0.019484    0.066083    0.244351 ^ clkbuf_5_14__f_clk_i/X (sg13g2_buf_16)
                                                         clknet_5_14__leaf_clk_i (net)
                      0.019487    0.000469    0.244820 ^ _1346_/CLK (sg13g2_dfrbpq_1)
     2    0.006410    0.028966    0.167704    0.412524 v _1346_/Q (sg13g2_dfrbpq_1)
                                                         net44 (net)
                      0.028966    0.000410    0.412933 v _1111_/A0 (sg13g2_mux2_1)
     1    0.002915    0.029179    0.107738    0.520672 v _1111_/X (sg13g2_mux2_1)
                                                         _0455_ (net)
                      0.029179    0.000115    0.520787 v _1112_/A (sg13g2_and2_1)
     1    0.001719    0.017036    0.062722    0.583509 v _1112_/X (sg13g2_and2_1)
                                                         _0128_ (net)
                      0.017037    0.000065    0.583574 v _1346_/D (sg13g2_dfrbpq_1)
                                              0.583574   data arrival time

                                  0.000000    0.000000   clock clk_i (rise edge)
                                  0.000000    0.000000   clock source latency
     1    0.040138    0.000000    0.000000    0.000000 ^ clk_i (in)
                                                         clk_i (net)
                      0.006155    0.003077    0.003077 ^ clkbuf_0_clk_i/A (sg13g2_buf_16)
    16    0.204016    0.064014    0.082240    0.085317 ^ clkbuf_0_clk_i/X (sg13g2_buf_16)
                                                         clknet_0_clk_i (net)
                      0.065218    0.007026    0.092343 ^ clkbuf_4_7_0_clk_i/A (sg13g2_buf_8)
     2    0.041520    0.034517    0.093743    0.186087 ^ clkbuf_4_7_0_clk_i/X (sg13g2_buf_8)
                                                         clknet_4_7_0_clk_i (net)
                      0.034687    0.001301    0.187388 ^ clkbuf_5_14__f_clk_i/A (sg13g2_buf_16)
     5    0.021941    0.020124    0.067784    0.255172 ^ clkbuf_5_14__f_clk_i/X (sg13g2_buf_16)
                                                         clknet_5_14__leaf_clk_i (net)
                      0.020128    0.000525    0.255697 ^ _1346_/CLK (sg13g2_dfrbpq_1)
                                  0.100000    0.355696   clock uncertainty
                                 -0.010877    0.344820   clock reconvergence pessimism
                                 -0.033418    0.311401   library hold time
                                              0.311401   data required time
---------------------------------------------------------------------------------------------
                                              0.311401   data required time
                                             -0.583574   data arrival time
---------------------------------------------------------------------------------------------
                                              0.272173   slack (MET)


Startpoint: _1350_ (rising edge-triggered flip-flop clocked by clk_i)
Endpoint: _1350_ (rising edge-triggered flip-flop clocked by clk_i)
Path Group: clk_i
Path Type: min

Fanout         Cap        Slew       Delay        Time   Description
---------------------------------------------------------------------------------------------
                                  0.000000    0.000000   clock clk_i (rise edge)
                                  0.000000    0.000000   clock source latency
     1    0.037465    0.000000    0.000000    0.000000 ^ clk_i (in)
                                                         clk_i (net)
                      0.005567    0.002783    0.002783 ^ clkbuf_0_clk_i/A (sg13g2_buf_16)
    16    0.183519    0.058569    0.078991    0.081774 ^ clkbuf_0_clk_i/X (sg13g2_buf_16)
                                                         clknet_0_clk_i (net)
                      0.060147    0.007532    0.089306 ^ clkbuf_4_5_0_clk_i/A (sg13g2_buf_8)
     2    0.035974    0.031927    0.089238    0.178544 ^ clkbuf_4_5_0_clk_i/X (sg13g2_buf_8)
                                                         clknet_4_5_0_clk_i (net)
                      0.031981    0.001587    0.180131 ^ clkbuf_5_10__f_clk_i/A (sg13g2_buf_16)
     5    0.020558    0.019683    0.066117    0.246248 ^ clkbuf_5_10__f_clk_i/X (sg13g2_buf_16)
                                                         clknet_5_10__leaf_clk_i (net)
                      0.019715    0.001459    0.247707 ^ _1350_/CLK (sg13g2_dfrbpq_1)
     2    0.006808    0.030080    0.168781    0.416488 v _1350_/Q (sg13g2_dfrbpq_1)
                                                         net49 (net)
                      0.030107    0.000415    0.416903 v _1119_/A0 (sg13g2_mux2_1)
     1    0.002880    0.029094    0.108086    0.524990 v _1119_/X (sg13g2_mux2_1)
                                                         _0459_ (net)
                      0.029094    0.000112    0.525102 v _1120_/A (sg13g2_and2_1)
     1    0.001524    0.016509    0.062198    0.587300 v _1120_/X (sg13g2_and2_1)
                                                         _0132_ (net)
                      0.016509    0.000060    0.587360 v _1350_/D (sg13g2_dfrbpq_1)
                                              0.587360   data arrival time

                                  0.000000    0.000000   clock clk_i (rise edge)
                                  0.000000    0.000000   clock source latency
     1    0.040138    0.000000    0.000000    0.000000 ^ clk_i (in)
                                                         clk_i (net)
                      0.006155    0.003077    0.003077 ^ clkbuf_0_clk_i/A (sg13g2_buf_16)
    16    0.204016    0.064014    0.082240    0.085317 ^ clkbuf_0_clk_i/X (sg13g2_buf_16)
                                                         clknet_0_clk_i (net)
                      0.065798    0.008411    0.093728 ^ clkbuf_4_5_0_clk_i/A (sg13g2_buf_8)
     2    0.041320    0.034456    0.093955    0.187682 ^ clkbuf_4_5_0_clk_i/X (sg13g2_buf_8)
                                                         clknet_4_5_0_clk_i (net)
                      0.034698    0.001832    0.189514 ^ clkbuf_5_10__f_clk_i/A (sg13g2_buf_16)
     5    0.022795    0.020328    0.067833    0.257348 ^ clkbuf_5_10__f_clk_i/X (sg13g2_buf_16)
                                                         clknet_5_10__leaf_clk_i (net)
                      0.020367    0.001620    0.258968 ^ _1350_/CLK (sg13g2_dfrbpq_1)
                                  0.100000    0.358968   clock uncertainty
                                 -0.011261    0.347707   clock reconvergence pessimism
                                 -0.033201    0.314506   library hold time
                                              0.314506   data required time
---------------------------------------------------------------------------------------------
                                              0.314506   data required time
                                             -0.587360   data arrival time
---------------------------------------------------------------------------------------------
                                              0.272854   slack (MET)


Startpoint: _1334_ (rising edge-triggered flip-flop clocked by clk_i)
Endpoint: _1334_ (rising edge-triggered flip-flop clocked by clk_i)
Path Group: clk_i
Path Type: min

Fanout         Cap        Slew       Delay        Time   Description
---------------------------------------------------------------------------------------------
                                  0.000000    0.000000   clock clk_i (rise edge)
                                  0.000000    0.000000   clock source latency
     1    0.037465    0.000000    0.000000    0.000000 ^ clk_i (in)
                                                         clk_i (net)
                      0.005567    0.002783    0.002783 ^ clkbuf_0_clk_i/A (sg13g2_buf_16)
    16    0.183519    0.058569    0.078991    0.081774 ^ clkbuf_0_clk_i/X (sg13g2_buf_16)
                                                         clknet_0_clk_i (net)
                      0.061226    0.009656    0.091431 ^ clkbuf_4_1_0_clk_i/A (sg13g2_buf_8)
     2    0.035302    0.031677    0.089472    0.180903 ^ clkbuf_4_1_0_clk_i/X (sg13g2_buf_8)
                                                         clknet_4_1_0_clk_i (net)
                      0.031812    0.001930    0.182834 ^ clkbuf_5_3__f_clk_i/A (sg13g2_buf_16)
     6    0.025526    0.020809    0.067043    0.249877 ^ clkbuf_5_3__f_clk_i/X (sg13g2_buf_16)
                                                         clknet_5_3__leaf_clk_i (net)
                      0.020820    0.000935    0.250811 ^ _1334_/CLK (sg13g2_dfrbpq_1)
     2    0.006728    0.029855    0.169171    0.419982 v _1334_/Q (sg13g2_dfrbpq_1)
                                                         net63 (net)
                      0.029855    0.000352    0.420335 v _1087_/A0 (sg13g2_mux2_1)
     1    0.002799    0.028885    0.107697    0.528032 v _1087_/X (sg13g2_mux2_1)
                                                         _0443_ (net)
                      0.028885    0.000202    0.528233 v _1088_/A (sg13g2_and2_1)
     1    0.001658    0.016861    0.062442    0.590675 v _1088_/X (sg13g2_and2_1)
                                                         _0116_ (net)
                      0.016862    0.000064    0.590739 v _1334_/D (sg13g2_dfrbpq_1)
                                              0.590739   data arrival time

                                  0.000000    0.000000   clock clk_i (rise edge)
                                  0.000000    0.000000   clock source latency
     1    0.040138    0.000000    0.000000    0.000000 ^ clk_i (in)
                                                         clk_i (net)
                      0.006155    0.003077    0.003077 ^ clkbuf_0_clk_i/A (sg13g2_buf_16)
    16    0.204016    0.064014    0.082240    0.085317 ^ clkbuf_0_clk_i/X (sg13g2_buf_16)
                                                         clknet_0_clk_i (net)
                      0.067040    0.010791    0.096108 ^ clkbuf_4_1_0_clk_i/A (sg13g2_buf_8)
     2    0.040647    0.034204    0.094262    0.190370 ^ clkbuf_4_1_0_clk_i/X (sg13g2_buf_8)
                                                         clknet_4_1_0_clk_i (net)
                      0.034502    0.002230    0.192601 ^ clkbuf_5_3__f_clk_i/A (sg13g2_buf_16)
     6    0.028452    0.021599    0.068884    0.261485 ^ clkbuf_5_3__f_clk_i/X (sg13g2_buf_16)
                                                         clknet_5_3__leaf_clk_i (net)
                      0.021612    0.001045    0.262531 ^ _1334_/CLK (sg13g2_dfrbpq_1)
                                  0.100000    0.362531   clock uncertainty
                                 -0.011719    0.350811   clock reconvergence pessimism
                                 -0.033053    0.317758   library hold time
                                              0.317758   data required time
---------------------------------------------------------------------------------------------
                                              0.317758   data required time
                                             -0.590739   data arrival time
---------------------------------------------------------------------------------------------
                                              0.272981   slack (MET)


Startpoint: _1337_ (rising edge-triggered flip-flop clocked by clk_i)
Endpoint: _1337_ (rising edge-triggered flip-flop clocked by clk_i)
Path Group: clk_i
Path Type: min

Fanout         Cap        Slew       Delay        Time   Description
---------------------------------------------------------------------------------------------
                                  0.000000    0.000000   clock clk_i (rise edge)
                                  0.000000    0.000000   clock source latency
     1    0.037465    0.000000    0.000000    0.000000 ^ clk_i (in)
                                                         clk_i (net)
                      0.005567    0.002783    0.002783 ^ clkbuf_0_clk_i/A (sg13g2_buf_16)
    16    0.183519    0.058569    0.078991    0.081774 ^ clkbuf_0_clk_i/X (sg13g2_buf_16)
                                                         clknet_0_clk_i (net)
                      0.059642    0.006301    0.088076 ^ clkbuf_4_7_0_clk_i/A (sg13g2_buf_8)
     2    0.036175    0.031991    0.089063    0.177138 ^ clkbuf_4_7_0_clk_i/X (sg13g2_buf_8)
                                                         clknet_4_7_0_clk_i (net)
                      0.032045    0.001129    0.178268 ^ clkbuf_5_14__f_clk_i/A (sg13g2_buf_16)
     5    0.019704    0.019484    0.066083    0.244351 ^ clkbuf_5_14__f_clk_i/X (sg13g2_buf_16)
                                                         clknet_5_14__leaf_clk_i (net)
                      0.019488    0.000510    0.244861 ^ _1337_/CLK (sg13g2_dfrbpq_1)
     2    0.006412    0.028971    0.167709    0.412569 v _1337_/Q (sg13g2_dfrbpq_1)
                                                         net35 (net)
                      0.028971    0.000410    0.412979 v _1093_/A0 (sg13g2_mux2_1)
     1    0.002913    0.029177    0.107731    0.520710 v _1093_/X (sg13g2_mux2_1)
                                                         _0446_ (net)
                      0.029177    0.000115    0.520825 v _1094_/A (sg13g2_and2_1)
     1    0.002064    0.017957    0.063580    0.584405 v _1094_/X (sg13g2_and2_1)
                                                         _0119_ (net)
                      0.017957    0.000078    0.584483 v _1337_/D (sg13g2_dfrbpq_1)
                                              0.584483   data arrival time

                                  0.000000    0.000000   clock clk_i (rise edge)
                                  0.000000    0.000000   clock source latency
     1    0.040138    0.000000    0.000000    0.000000 ^ clk_i (in)
                                                         clk_i (net)
                      0.006155    0.003077    0.003077 ^ clkbuf_0_clk_i/A (sg13g2_buf_16)
    16    0.204016    0.064014    0.082240    0.085317 ^ clkbuf_0_clk_i/X (sg13g2_buf_16)
                                                         clknet_0_clk_i (net)
                      0.065218    0.007026    0.092343 ^ clkbuf_4_7_0_clk_i/A (sg13g2_buf_8)
     2    0.041520    0.034517    0.093743    0.186087 ^ clkbuf_4_7_0_clk_i/X (sg13g2_buf_8)
                                                         clknet_4_7_0_clk_i (net)
                      0.034687    0.001301    0.187388 ^ clkbuf_5_14__f_clk_i/A (sg13g2_buf_16)
     5    0.021941    0.020124    0.067784    0.255172 ^ clkbuf_5_14__f_clk_i/X (sg13g2_buf_16)
                                                         clknet_5_14__leaf_clk_i (net)
                      0.020128    0.000570    0.255742 ^ _1337_/CLK (sg13g2_dfrbpq_1)
                                  0.100000    0.355742   clock uncertainty
                                 -0.010881    0.344860   clock reconvergence pessimism
                                 -0.033710    0.311151   library hold time
                                              0.311151   data required time
---------------------------------------------------------------------------------------------
                                              0.311151   data required time
                                             -0.584483   data arrival time
---------------------------------------------------------------------------------------------
                                              0.273332   slack (MET)


Startpoint: _1333_ (rising edge-triggered flip-flop clocked by clk_i)
Endpoint: _1333_ (rising edge-triggered flip-flop clocked by clk_i)
Path Group: clk_i
Path Type: min

Fanout         Cap        Slew       Delay        Time   Description
---------------------------------------------------------------------------------------------
                                  0.000000    0.000000   clock clk_i (rise edge)
                                  0.000000    0.000000   clock source latency
     1    0.037465    0.000000    0.000000    0.000000 ^ clk_i (in)
                                                         clk_i (net)
                      0.005567    0.002783    0.002783 ^ clkbuf_0_clk_i/A (sg13g2_buf_16)
    16    0.183519    0.058569    0.078991    0.081774 ^ clkbuf_0_clk_i/X (sg13g2_buf_16)
                                                         clknet_0_clk_i (net)
                      0.060141    0.007518    0.089293 ^ clkbuf_4_2_0_clk_i/A (sg13g2_buf_8)
     2    0.036027    0.031976    0.089381    0.178674 ^ clkbuf_4_2_0_clk_i/X (sg13g2_buf_8)
                                                         clknet_4_2_0_clk_i (net)
                      0.031987    0.000793    0.179466 ^ clkbuf_5_4__f_clk_i/A (sg13g2_buf_16)
     6    0.026136    0.020959    0.067171    0.246637 ^ clkbuf_5_4__f_clk_i/X (sg13g2_buf_16)
                                                         clknet_5_4__leaf_clk_i (net)
                      0.020982    0.001283    0.247921 ^ _1333_/CLK (sg13g2_dfrbpq_1)
     2    0.006465    0.029117    0.168645    0.416566 v _1333_/Q (sg13g2_dfrbpq_1)
                                                         net62 (net)
                      0.029117    0.000190    0.416756 v _1085_/A0 (sg13g2_mux2_1)
     1    0.003035    0.029482    0.108197    0.524953 v _1085_/X (sg13g2_mux2_1)
                                                         _0442_ (net)
                      0.029482    0.000120    0.525073 v _1086_/A (sg13g2_and2_1)
     1    0.001917    0.017575    0.063346    0.588419 v _1086_/X (sg13g2_and2_1)
                                                         _0115_ (net)
                      0.017575    0.000071    0.588490 v _1333_/D (sg13g2_dfrbpq_1)
                                              0.588490   data arrival time

                                  0.000000    0.000000   clock clk_i (rise edge)
                                  0.000000    0.000000   clock source latency
     1    0.040138    0.000000    0.000000    0.000000 ^ clk_i (in)
                                                         clk_i (net)
                      0.006155    0.003077    0.003077 ^ clkbuf_0_clk_i/A (sg13g2_buf_16)
    16    0.204016    0.064014    0.082240    0.085317 ^ clkbuf_0_clk_i/X (sg13g2_buf_16)
                                                         clknet_0_clk_i (net)
                      0.065786    0.008384    0.093702 ^ clkbuf_4_2_0_clk_i/A (sg13g2_buf_8)
     2    0.041372    0.034522    0.094130    0.187832 ^ clkbuf_4_2_0_clk_i/X (sg13g2_buf_8)
                                                         clknet_4_2_0_clk_i (net)
                      0.034555    0.000920    0.188751 ^ clkbuf_5_4__f_clk_i/A (sg13g2_buf_16)
     6    0.028821    0.021687    0.068895    0.257646 ^ clkbuf_5_4__f_clk_i/X (sg13g2_buf_16)
                                                         clknet_5_4__leaf_clk_i (net)
                      0.021714    0.001420    0.259067 ^ _1333_/CLK (sg13g2_dfrbpq_1)
                                  0.100000    0.359067   clock uncertainty
                                 -0.011146    0.347921   clock reconvergence pessimism
                                 -0.033258    0.314662   library hold time
                                              0.314662   data required time
---------------------------------------------------------------------------------------------
                                              0.314662   data required time
                                             -0.588490   data arrival time
---------------------------------------------------------------------------------------------
                                              0.273828   slack (MET)


Startpoint: _1310_ (rising edge-triggered flip-flop clocked by clk_i)
Endpoint: _1344_ (rising edge-triggered flip-flop clocked by clk_i)
Path Group: clk_i
Path Type: min

Fanout         Cap        Slew       Delay        Time   Description
---------------------------------------------------------------------------------------------
                                  0.000000    0.000000   clock clk_i (rise edge)
                                  0.000000    0.000000   clock source latency
     1    0.037465    0.000000    0.000000    0.000000 ^ clk_i (in)
                                                         clk_i (net)
                      0.005567    0.002783    0.002783 ^ clkbuf_0_clk_i/A (sg13g2_buf_16)
    16    0.183519    0.058569    0.078991    0.081774 ^ clkbuf_0_clk_i/X (sg13g2_buf_16)
                                                         clknet_0_clk_i (net)
                      0.062987    0.012423    0.094198 ^ clkbuf_4_13_0_clk_i/A (sg13g2_buf_8)
     2    0.035598    0.031745    0.089946    0.184143 ^ clkbuf_4_13_0_clk_i/X (sg13g2_buf_8)
                                                         clknet_4_13_0_clk_i (net)
                      0.032167    0.002934    0.187077 ^ clkbuf_5_26__f_clk_i/A (sg13g2_buf_16)
     5    0.021117    0.019816    0.066436    0.253513 ^ clkbuf_5_26__f_clk_i/X (sg13g2_buf_16)
                                                         clknet_5_26__leaf_clk_i (net)
                      0.019821    0.000669    0.254181 ^ _1310_/CLK (sg13g2_dfrbpq_1)
     3    0.007198    0.031211    0.169863    0.424045 v _1310_/Q (sg13g2_dfrbpq_1)
                                                         u_boot_ctrl.word_asm[17] (net)
                      0.031238    0.000222    0.424267 v _1107_/A1 (sg13g2_mux2_1)
     1    0.002843    0.028984    0.108272    0.532539 v _1107_/X (sg13g2_mux2_1)
                                                         _0453_ (net)
                      0.028984    0.000111    0.532650 v _1108_/A (sg13g2_and2_1)
     1    0.002217    0.018358    0.063881    0.596531 v _1108_/X (sg13g2_and2_1)
                                                         _0126_ (net)
                      0.018358    0.000081    0.596612 v _1344_/D (sg13g2_dfrbpq_1)
                                              0.596612   data arrival time

                                  0.000000    0.000000   clock clk_i (rise edge)
                                  0.000000    0.000000   clock source latency
     1    0.040138    0.000000    0.000000    0.000000 ^ clk_i (in)
                                                         clk_i (net)
                      0.006155    0.003077    0.003077 ^ clkbuf_0_clk_i/A (sg13g2_buf_16)
    16    0.204016    0.064014    0.082240    0.085317 ^ clkbuf_0_clk_i/X (sg13g2_buf_16)
                                                         clknet_0_clk_i (net)
                      0.069050    0.013853    0.099170 ^ clkbuf_4_13_0_clk_i/A (sg13g2_buf_8)
     2    0.040943    0.034350    0.094730    0.193901 ^ clkbuf_4_13_0_clk_i/X (sg13g2_buf_8)
                                                         clknet_4_13_0_clk_i (net)
                      0.034918    0.003258    0.197159 ^ clkbuf_5_27__f_clk_i/A (sg13g2_buf_16)
     5    0.024933    0.020822    0.068437    0.265596 ^ clkbuf_5_27__f_clk_i/X (sg13g2_buf_16)
                                                         clknet_5_27__leaf_clk_i (net)
                      0.020827    0.000616    0.266212 ^ _1344_/CLK (sg13g2_dfrbpq_1)
                                  0.100000    0.366212   clock uncertainty
                                 -0.009758    0.356454   clock reconvergence pessimism
                                 -0.033691    0.322763   library hold time
                                              0.322763   data required time
---------------------------------------------------------------------------------------------
                                              0.322763   data required time
                                             -0.596612   data arrival time
---------------------------------------------------------------------------------------------
                                              0.273849   slack (MET)


Startpoint: _1349_ (rising edge-triggered flip-flop clocked by clk_i)
Endpoint: _1349_ (rising edge-triggered flip-flop clocked by clk_i)
Path Group: clk_i
Path Type: min

Fanout         Cap        Slew       Delay        Time   Description
---------------------------------------------------------------------------------------------
                                  0.000000    0.000000   clock clk_i (rise edge)
                                  0.000000    0.000000   clock source latency
     1    0.037465    0.000000    0.000000    0.000000 ^ clk_i (in)
                                                         clk_i (net)
                      0.005567    0.002783    0.002783 ^ clkbuf_0_clk_i/A (sg13g2_buf_16)
    16    0.183519    0.058569    0.078991    0.081774 ^ clkbuf_0_clk_i/X (sg13g2_buf_16)
                                                         clknet_0_clk_i (net)
                      0.061226    0.009656    0.091431 ^ clkbuf_4_1_0_clk_i/A (sg13g2_buf_8)
     2    0.035302    0.031677    0.089472    0.180903 ^ clkbuf_4_1_0_clk_i/X (sg13g2_buf_8)
                                                         clknet_4_1_0_clk_i (net)
                      0.031733    0.001255    0.182159 ^ clkbuf_5_2__f_clk_i/A (sg13g2_buf_16)
     6    0.025575    0.020820    0.066962    0.249120 ^ clkbuf_5_2__f_clk_i/X (sg13g2_buf_16)
                                                         clknet_5_2__leaf_clk_i (net)
                      0.020840    0.001214    0.250334 ^ _1349_/CLK (sg13g2_dfrbpq_1)
     2    0.007075    0.030833    0.170010    0.420344 v _1349_/Q (sg13g2_dfrbpq_1)
                                                         net48 (net)
                      0.030861    0.000355    0.420699 v _1117_/A0 (sg13g2_mux2_1)
     1    0.002843    0.028982    0.108267    0.528966 v _1117_/X (sg13g2_mux2_1)
                                                         _0458_ (net)
                      0.028982    0.000110    0.529077 v _1118_/A (sg13g2_and2_1)
     1    0.001529    0.016517    0.062161    0.591238 v _1118_/X (sg13g2_and2_1)
                                                         _0131_ (net)
                      0.016517    0.000060    0.591298 v _1349_/D (sg13g2_dfrbpq_1)
                                              0.591298   data arrival time

                                  0.000000    0.000000   clock clk_i (rise edge)
                                  0.000000    0.000000   clock source latency
     1    0.040138    0.000000    0.000000    0.000000 ^ clk_i (in)
                                                         clk_i (net)
                      0.006155    0.003077    0.003077 ^ clkbuf_0_clk_i/A (sg13g2_buf_16)
    16    0.204016    0.064014    0.082240    0.085317 ^ clkbuf_0_clk_i/X (sg13g2_buf_16)
                                                         clknet_0_clk_i (net)
                      0.067040    0.010791    0.096108 ^ clkbuf_4_1_0_clk_i/A (sg13g2_buf_8)
     2    0.040647    0.034204    0.094262    0.190370 ^ clkbuf_4_1_0_clk_i/X (sg13g2_buf_8)
                                                         clknet_4_1_0_clk_i (net)
                      0.034383    0.001451    0.191821 ^ clkbuf_5_2__f_clk_i/A (sg13g2_buf_16)
     6    0.028260    0.021553    0.068731    0.260552 ^ clkbuf_5_2__f_clk_i/X (sg13g2_buf_16)
                                                         clknet_5_2__leaf_clk_i (net)
                      0.021577    0.001342    0.261894 ^ _1349_/CLK (sg13g2_dfrbpq_1)
                                  0.100000    0.361894   clock uncertainty
                                 -0.011560    0.350334   clock reconvergence pessimism
                                 -0.032951    0.317382   library hold time
                                              0.317382   data required time
---------------------------------------------------------------------------------------------
                                              0.317382   data required time
                                             -0.591298   data arrival time
---------------------------------------------------------------------------------------------
                                              0.273916   slack (MET)


Startpoint: _1320_ (rising edge-triggered flip-flop clocked by clk_i)
Endpoint: _1354_ (rising edge-triggered flip-flop clocked by clk_i)
Path Group: clk_i
Path Type: min

Fanout         Cap        Slew       Delay        Time   Description
---------------------------------------------------------------------------------------------
                                  0.000000    0.000000   clock clk_i (rise edge)
                                  0.000000    0.000000   clock source latency
     1    0.037465    0.000000    0.000000    0.000000 ^ clk_i (in)
                                                         clk_i (net)
                      0.005567    0.002783    0.002783 ^ clkbuf_0_clk_i/A (sg13g2_buf_16)
    16    0.183519    0.058569    0.078991    0.081774 ^ clkbuf_0_clk_i/X (sg13g2_buf_16)
                                                         clknet_0_clk_i (net)
                      0.059642    0.006301    0.088076 ^ clkbuf_4_7_0_clk_i/A (sg13g2_buf_8)
     2    0.036175    0.031991    0.089063    0.177138 ^ clkbuf_4_7_0_clk_i/X (sg13g2_buf_8)
                                                         clknet_4_7_0_clk_i (net)
                      0.032045    0.001129    0.178268 ^ clkbuf_5_14__f_clk_i/A (sg13g2_buf_16)
     5    0.019704    0.019484    0.066083    0.244351 ^ clkbuf_5_14__f_clk_i/X (sg13g2_buf_16)
                                                         clknet_5_14__leaf_clk_i (net)
                      0.019492    0.000785    0.245136 ^ _1320_/CLK (sg13g2_dfrbpq_1)
     2    0.005196    0.025624    0.164858    0.409993 v _1320_/Q (sg13g2_dfrbpq_1)
                                                         u_boot_ctrl.word_asm[27] (net)
                      0.025624    0.000165    0.410158 v _1127_/A1 (sg13g2_mux2_1)
     1    0.003992    0.031954    0.109769    0.519927 v _1127_/X (sg13g2_mux2_1)
                                                         _0463_ (net)
                      0.031954    0.000297    0.520224 v _1128_/A (sg13g2_and2_1)
     1    0.002167    0.018323    0.065017    0.585241 v _1128_/X (sg13g2_and2_1)
                                                         _0136_ (net)
                      0.018324    0.000162    0.585403 v _1354_/D (sg13g2_dfrbpq_1)
                                              0.585403   data arrival time

                                  0.000000    0.000000   clock clk_i (rise edge)
                                  0.000000    0.000000   clock source latency
     1    0.040138    0.000000    0.000000    0.000000 ^ clk_i (in)
                                                         clk_i (net)
                      0.006155    0.003077    0.003077 ^ clkbuf_0_clk_i/A (sg13g2_buf_16)
    16    0.204016    0.064014    0.082240    0.085317 ^ clkbuf_0_clk_i/X (sg13g2_buf_16)
                                                         clknet_0_clk_i (net)
                      0.065218    0.007026    0.092343 ^ clkbuf_4_7_0_clk_i/A (sg13g2_buf_8)
     2    0.041520    0.034517    0.093743    0.186087 ^ clkbuf_4_7_0_clk_i/X (sg13g2_buf_8)
                                                         clknet_4_7_0_clk_i (net)
                      0.034687    0.001301    0.187388 ^ clkbuf_5_14__f_clk_i/A (sg13g2_buf_16)
     5    0.021941    0.020124    0.067784    0.255172 ^ clkbuf_5_14__f_clk_i/X (sg13g2_buf_16)
                                                         clknet_5_14__leaf_clk_i (net)
                      0.020128    0.000539    0.255710 ^ _1354_/CLK (sg13g2_dfrbpq_1)
                                  0.100000    0.355710   clock uncertainty
                                 -0.010821    0.344889   clock reconvergence pessimism
                                 -0.033826    0.311063   library hold time
                                              0.311063   data required time
---------------------------------------------------------------------------------------------
                                              0.311063   data required time
                                             -0.585403   data arrival time
---------------------------------------------------------------------------------------------
                                              0.274340   slack (MET)


Startpoint: _1338_ (rising edge-triggered flip-flop clocked by clk_i)
Endpoint: _1338_ (rising edge-triggered flip-flop clocked by clk_i)
Path Group: clk_i
Path Type: min

Fanout         Cap        Slew       Delay        Time   Description
---------------------------------------------------------------------------------------------
                                  0.000000    0.000000   clock clk_i (rise edge)
                                  0.000000    0.000000   clock source latency
     1    0.037465    0.000000    0.000000    0.000000 ^ clk_i (in)
                                                         clk_i (net)
                      0.005567    0.002783    0.002783 ^ clkbuf_0_clk_i/A (sg13g2_buf_16)
    16    0.183519    0.058569    0.078991    0.081774 ^ clkbuf_0_clk_i/X (sg13g2_buf_16)
                                                         clknet_0_clk_i (net)
                      0.059963    0.007108    0.088882 ^ clkbuf_4_4_0_clk_i/A (sg13g2_buf_8)
     2    0.035823    0.031777    0.088789    0.177671 ^ clkbuf_4_4_0_clk_i/X (sg13g2_buf_8)
                                                         clknet_4_4_0_clk_i (net)
                      0.032020    0.002233    0.179904 ^ clkbuf_5_9__f_clk_i/A (sg13g2_buf_16)
     6    0.023375    0.020335    0.066637    0.246541 ^ clkbuf_5_9__f_clk_i/X (sg13g2_buf_16)
                                                         clknet_5_9__leaf_clk_i (net)
                      0.020355    0.001161    0.247702 ^ _1338_/CLK (sg13g2_dfrbpq_1)
     2    0.006407    0.028956    0.168069    0.415771 v _1338_/Q (sg13g2_dfrbpq_1)
                                                         net36 (net)
                      0.028959    0.000562    0.416333 v _1095_/A0 (sg13g2_mux2_1)
     1    0.002955    0.029281    0.107869    0.524202 v _1095_/X (sg13g2_mux2_1)
                                                         _0447_ (net)
                      0.029281    0.000113    0.524315 v _1096_/A (sg13g2_and2_1)
     1    0.002291    0.018563    0.064192    0.588507 v _1096_/X (sg13g2_and2_1)
                                                         _0120_ (net)
                      0.018563    0.000082    0.588589 v _1338_/D (sg13g2_dfrbpq_1)
                                              0.588589   data arrival time

                                  0.000000    0.000000   clock clk_i (rise edge)
                                  0.000000    0.000000   clock source latency
     1    0.040138    0.000000    0.000000    0.000000 ^ clk_i (in)
                                                         clk_i (net)
                      0.006155    0.003077    0.003077 ^ clkbuf_0_clk_i/A (sg13g2_buf_16)
    16    0.204016    0.064014    0.082240    0.085317 ^ clkbuf_0_clk_i/X (sg13g2_buf_16)
                                                         clknet_0_clk_i (net)
                      0.065584    0.007930    0.093247 ^ clkbuf_4_4_0_clk_i/A (sg13g2_buf_8)
     2    0.041169    0.034261    0.093420    0.186668 ^ clkbuf_4_4_0_clk_i/X (sg13g2_buf_8)
                                                         clknet_4_4_0_clk_i (net)
                      0.034736    0.002570    0.189238 ^ clkbuf_5_9__f_clk_i/A (sg13g2_buf_16)
     6    0.026302    0.021130    0.068472    0.257710 ^ clkbuf_5_9__f_clk_i/X (sg13g2_buf_16)
                                                         clknet_5_9__leaf_clk_i (net)
                      0.021154    0.001308    0.259018 ^ _1338_/CLK (sg13g2_dfrbpq_1)
                                  0.100000    0.359018   clock uncertainty
                                 -0.011316    0.347702   clock reconvergence pessimism
                                 -0.033688    0.314014   library hold time
                                              0.314014   data required time
---------------------------------------------------------------------------------------------
                                              0.314014   data required time
                                             -0.588589   data arrival time
---------------------------------------------------------------------------------------------
                                              0.274575   slack (MET)


Startpoint: _1348_ (rising edge-triggered flip-flop clocked by clk_i)
Endpoint: _1348_ (rising edge-triggered flip-flop clocked by clk_i)
Path Group: clk_i
Path Type: min

Fanout         Cap        Slew       Delay        Time   Description
---------------------------------------------------------------------------------------------
                                  0.000000    0.000000   clock clk_i (rise edge)
                                  0.000000    0.000000   clock source latency
     1    0.037465    0.000000    0.000000    0.000000 ^ clk_i (in)
                                                         clk_i (net)
                      0.005567    0.002783    0.002783 ^ clkbuf_0_clk_i/A (sg13g2_buf_16)
    16    0.183519    0.058569    0.078991    0.081774 ^ clkbuf_0_clk_i/X (sg13g2_buf_16)
                                                         clknet_0_clk_i (net)
                      0.060147    0.007532    0.089306 ^ clkbuf_4_5_0_clk_i/A (sg13g2_buf_8)
     2    0.035974    0.031927    0.089238    0.178544 ^ clkbuf_4_5_0_clk_i/X (sg13g2_buf_8)
                                                         clknet_4_5_0_clk_i (net)
                      0.031967    0.001474    0.180018 ^ clkbuf_5_11__f_clk_i/A (sg13g2_buf_16)
     5    0.019314    0.019390    0.065982    0.245999 ^ clkbuf_5_11__f_clk_i/X (sg13g2_buf_16)
                                                         clknet_5_11__leaf_clk_i (net)
                      0.019394    0.000563    0.246563 ^ _1348_/CLK (sg13g2_dfrbpq_1)
     2    0.006821    0.030136    0.168764    0.415327 v _1348_/Q (sg13g2_dfrbpq_1)
                                                         net47 (net)
                      0.030161    0.000254    0.415580 v _1115_/A0 (sg13g2_mux2_1)
     1    0.003057    0.029553    0.108679    0.524259 v _1115_/X (sg13g2_mux2_1)
                                                         _0457_ (net)
                      0.029553    0.000207    0.524466 v _1116_/A (sg13g2_and2_1)
     1    0.001826    0.017335    0.063150    0.587616 v _1116_/X (sg13g2_and2_1)
                                                         _0130_ (net)
                      0.017335    0.000068    0.587684 v _1348_/D (sg13g2_dfrbpq_1)
                                              0.587684   data arrival time

                                  0.000000    0.000000   clock clk_i (rise edge)
                                  0.000000    0.000000   clock source latency
     1    0.040138    0.000000    0.000000    0.000000 ^ clk_i (in)
                                                         clk_i (net)
                      0.006155    0.003077    0.003077 ^ clkbuf_0_clk_i/A (sg13g2_buf_16)
    16    0.204016    0.064014    0.082240    0.085317 ^ clkbuf_0_clk_i/X (sg13g2_buf_16)
                                                         clknet_0_clk_i (net)
                      0.065798    0.008411    0.093728 ^ clkbuf_4_5_0_clk_i/A (sg13g2_buf_8)
     2    0.041320    0.034456    0.093955    0.187682 ^ clkbuf_4_5_0_clk_i/X (sg13g2_buf_8)
                                                         clknet_4_5_0_clk_i (net)
                      0.034680    0.001704    0.189386 ^ clkbuf_5_11__f_clk_i/A (sg13g2_buf_16)
     5    0.021552    0.020033    0.067719    0.257106 ^ clkbuf_5_11__f_clk_i/X (sg13g2_buf_16)
                                                         clknet_5_11__leaf_clk_i (net)
                      0.020039    0.000631    0.257737 ^ _1348_/CLK (sg13g2_dfrbpq_1)
                                  0.100000    0.357737   clock uncertainty
                                 -0.011175    0.346563   clock reconvergence pessimism
                                 -0.033532    0.313031   library hold time
                                              0.313031   data required time
---------------------------------------------------------------------------------------------
                                              0.313031   data required time
                                             -0.587684   data arrival time
---------------------------------------------------------------------------------------------
                                              0.274653   slack (MET)


Startpoint: _1339_ (rising edge-triggered flip-flop clocked by clk_i)
Endpoint: _1339_ (rising edge-triggered flip-flop clocked by clk_i)
Path Group: clk_i
Path Type: min

Fanout         Cap        Slew       Delay        Time   Description
---------------------------------------------------------------------------------------------
                                  0.000000    0.000000   clock clk_i (rise edge)
                                  0.000000    0.000000   clock source latency
     1    0.037465    0.000000    0.000000    0.000000 ^ clk_i (in)
                                                         clk_i (net)
                      0.005567    0.002783    0.002783 ^ clkbuf_0_clk_i/A (sg13g2_buf_16)
    16    0.183519    0.058569    0.078991    0.081774 ^ clkbuf_0_clk_i/X (sg13g2_buf_16)
                                                         clknet_0_clk_i (net)
                      0.060147    0.007532    0.089306 ^ clkbuf_4_5_0_clk_i/A (sg13g2_buf_8)
     2    0.035974    0.031927    0.089238    0.178544 ^ clkbuf_4_5_0_clk_i/X (sg13g2_buf_8)
                                                         clknet_4_5_0_clk_i (net)
                      0.031967    0.001474    0.180018 ^ clkbuf_5_11__f_clk_i/A (sg13g2_buf_16)
     5    0.019314    0.019390    0.065982    0.245999 ^ clkbuf_5_11__f_clk_i/X (sg13g2_buf_16)
                                                         clknet_5_11__leaf_clk_i (net)
                      0.019394    0.000544    0.246544 ^ _1339_/CLK (sg13g2_dfrbpq_1)
     2    0.006776    0.029990    0.168607    0.415151 v _1339_/Q (sg13g2_dfrbpq_1)
                                                         net37 (net)
                      0.030016    0.000339    0.415490 v _1097_/A0 (sg13g2_mux2_1)
     1    0.003143    0.029768    0.108918    0.524408 v _1097_/X (sg13g2_mux2_1)
                                                         _0448_ (net)
                      0.029768    0.000125    0.524533 v _1098_/A (sg13g2_and2_1)
     1    0.001852    0.017412    0.063307    0.587840 v _1098_/X (sg13g2_and2_1)
                                                         _0121_ (net)
                      0.017412    0.000069    0.587909 v _1339_/D (sg13g2_dfrbpq_1)
                                              0.587909   data arrival time

                                  0.000000    0.000000   clock clk_i (rise edge)
                                  0.000000    0.000000   clock source latency
     1    0.040138    0.000000    0.000000    0.000000 ^ clk_i (in)
                                                         clk_i (net)
                      0.006155    0.003077    0.003077 ^ clkbuf_0_clk_i/A (sg13g2_buf_16)
    16    0.204016    0.064014    0.082240    0.085317 ^ clkbuf_0_clk_i/X (sg13g2_buf_16)
                                                         clknet_0_clk_i (net)
                      0.065798    0.008411    0.093728 ^ clkbuf_4_5_0_clk_i/A (sg13g2_buf_8)
     2    0.041320    0.034456    0.093955    0.187682 ^ clkbuf_4_5_0_clk_i/X (sg13g2_buf_8)
                                                         clknet_4_5_0_clk_i (net)
                      0.034680    0.001704    0.189386 ^ clkbuf_5_11__f_clk_i/A (sg13g2_buf_16)
     5    0.021552    0.020033    0.067719    0.257106 ^ clkbuf_5_11__f_clk_i/X (sg13g2_buf_16)
                                                         clknet_5_11__leaf_clk_i (net)
                      0.020038    0.000611    0.257717 ^ _1339_/CLK (sg13g2_dfrbpq_1)
                                  0.100000    0.357717   clock uncertainty
                                 -0.011173    0.346544   clock reconvergence pessimism
                                 -0.033556    0.312988   library hold time
                                              0.312988   data required time
---------------------------------------------------------------------------------------------
                                              0.312988   data required time
                                             -0.587909   data arrival time
---------------------------------------------------------------------------------------------
                                              0.274921   slack (MET)


Startpoint: _1340_ (rising edge-triggered flip-flop clocked by clk_i)
Endpoint: _1340_ (rising edge-triggered flip-flop clocked by clk_i)
Path Group: clk_i
Path Type: min

Fanout         Cap        Slew       Delay        Time   Description
---------------------------------------------------------------------------------------------
                                  0.000000    0.000000   clock clk_i (rise edge)
                                  0.000000    0.000000   clock source latency
     1    0.037465    0.000000    0.000000    0.000000 ^ clk_i (in)
                                                         clk_i (net)
                      0.005567    0.002783    0.002783 ^ clkbuf_0_clk_i/A (sg13g2_buf_16)
    16    0.183519    0.058569    0.078991    0.081774 ^ clkbuf_0_clk_i/X (sg13g2_buf_16)
                                                         clknet_0_clk_i (net)
                      0.060147    0.007532    0.089306 ^ clkbuf_4_5_0_clk_i/A (sg13g2_buf_8)
     2    0.035974    0.031927    0.089238    0.178544 ^ clkbuf_4_5_0_clk_i/X (sg13g2_buf_8)
                                                         clknet_4_5_0_clk_i (net)
                      0.031981    0.001587    0.180131 ^ clkbuf_5_10__f_clk_i/A (sg13g2_buf_16)
     5    0.020558    0.019683    0.066117    0.246248 ^ clkbuf_5_10__f_clk_i/X (sg13g2_buf_16)
                                                         clknet_5_10__leaf_clk_i (net)
                      0.019698    0.001003    0.247251 ^ _1340_/CLK (sg13g2_dfrbpq_1)
     2    0.007296    0.031458    0.169996    0.417247 v _1340_/Q (sg13g2_dfrbpq_1)
                                                         net38 (net)
                      0.031487    0.000345    0.417592 v _1099_/A0 (sg13g2_mux2_1)
     1    0.002846    0.029005    0.108534    0.526126 v _1099_/X (sg13g2_mux2_1)
                                                         _0449_ (net)
                      0.029005    0.000110    0.526236 v _1100_/A (sg13g2_and2_1)
     1    0.001746    0.017103    0.062715    0.588951 v _1100_/X (sg13g2_and2_1)
                                                         _0122_ (net)
                      0.017104    0.000066    0.589017 v _1340_/D (sg13g2_dfrbpq_1)
                                              0.589017   data arrival time

                                  0.000000    0.000000   clock clk_i (rise edge)
                                  0.000000    0.000000   clock source latency
     1    0.040138    0.000000    0.000000    0.000000 ^ clk_i (in)
                                                         clk_i (net)
                      0.006155    0.003077    0.003077 ^ clkbuf_0_clk_i/A (sg13g2_buf_16)
    16    0.204016    0.064014    0.082240    0.085317 ^ clkbuf_0_clk_i/X (sg13g2_buf_16)
                                                         clknet_0_clk_i (net)
                      0.065798    0.008411    0.093728 ^ clkbuf_4_5_0_clk_i/A (sg13g2_buf_8)
     2    0.041320    0.034456    0.093955    0.187682 ^ clkbuf_4_5_0_clk_i/X (sg13g2_buf_8)
                                                         clknet_4_5_0_clk_i (net)
                      0.034698    0.001832    0.189514 ^ clkbuf_5_10__f_clk_i/A (sg13g2_buf_16)
     5    0.022795    0.020328    0.067833    0.257348 ^ clkbuf_5_10__f_clk_i/X (sg13g2_buf_16)
                                                         clknet_5_10__leaf_clk_i (net)
                      0.020346    0.001114    0.258462 ^ _1340_/CLK (sg13g2_dfrbpq_1)
                                  0.100000    0.358462   clock uncertainty
                                 -0.011211    0.347251   clock reconvergence pessimism
                                 -0.033394    0.313857   library hold time
                                              0.313857   data required time
---------------------------------------------------------------------------------------------
                                              0.313857   data required time
                                             -0.589017   data arrival time
---------------------------------------------------------------------------------------------
                                              0.275160   slack (MET)


Startpoint: _1264_ (rising edge-triggered flip-flop clocked by clk_i)
Endpoint: _1264_ (rising edge-triggered flip-flop clocked by clk_i)
Path Group: clk_i
Path Type: min

Fanout         Cap        Slew       Delay        Time   Description
---------------------------------------------------------------------------------------------
                                  0.000000    0.000000   clock clk_i (rise edge)
                                  0.000000    0.000000   clock source latency
     1    0.037465    0.000000    0.000000    0.000000 ^ clk_i (in)
                                                         clk_i (net)
                      0.005567    0.002783    0.002783 ^ clkbuf_0_clk_i/A (sg13g2_buf_16)
    16    0.183519    0.058569    0.078991    0.081774 ^ clkbuf_0_clk_i/X (sg13g2_buf_16)
                                                         clknet_0_clk_i (net)
                      0.062703    0.012015    0.093789 ^ clkbuf_4_15_0_clk_i/A (sg13g2_buf_8)
     2    0.038071    0.032846    0.090910    0.184699 ^ clkbuf_4_15_0_clk_i/X (sg13g2_buf_8)
                                                         clknet_4_15_0_clk_i (net)
                      0.033182    0.002431    0.187130 ^ clkbuf_5_31__f_clk_i/A (sg13g2_buf_16)
     5    0.026937    0.021199    0.067981    0.255111 ^ clkbuf_5_31__f_clk_i/X (sg13g2_buf_16)
                                                         clknet_5_31__leaf_clk_i (net)
                      0.021201    0.000280    0.255391 ^ _1264_/CLK (sg13g2_dfrbpq_1)
     8    0.032318    0.136070    0.246453    0.501844 ^ _1264_/Q (sg13g2_dfrbpq_1)
                                                         u_boot_ctrl.word_cnt[5] (net)
                      0.136098    0.001923    0.503767 ^ _0862_/A1 (sg13g2_a21oi_1)
     1    0.003645    0.023654    0.091754    0.595521 v _0862_/Y (sg13g2_a21oi_1)
                                                         _0046_ (net)
                      0.023654    0.000196    0.595717 v _1264_/D (sg13g2_dfrbpq_1)
                                              0.595717   data arrival time

                                  0.000000    0.000000   clock clk_i (rise edge)
                                  0.000000    0.000000   clock source latency
     1    0.040138    0.000000    0.000000    0.000000 ^ clk_i (in)
                                                         clk_i (net)
                      0.006155    0.003077    0.003077 ^ clkbuf_0_clk_i/A (sg13g2_buf_16)
    16    0.204016    0.064014    0.082240    0.085317 ^ clkbuf_0_clk_i/X (sg13g2_buf_16)
                                                         clknet_0_clk_i (net)
                      0.068718    0.013390    0.098708 ^ clkbuf_4_15_0_clk_i/A (sg13g2_buf_8)
     2    0.043417    0.035324    0.095723    0.194431 ^ clkbuf_4_15_0_clk_i/X (sg13g2_buf_8)
                                                         clknet_4_15_0_clk_i (net)
                      0.035932    0.002781    0.197211 ^ clkbuf_5_31__f_clk_i/A (sg13g2_buf_16)
     5    0.029174    0.021835    0.069727    0.266938 ^ clkbuf_5_31__f_clk_i/X (sg13g2_buf_16)
                                                         clknet_5_31__leaf_clk_i (net)
                      0.021836    0.000315    0.267254 ^ _1264_/CLK (sg13g2_dfrbpq_1)
                                  0.100000    0.367254   clock uncertainty
                                 -0.011862    0.355391   clock reconvergence pessimism
                                 -0.035159    0.320232   library hold time
                                              0.320232   data required time
---------------------------------------------------------------------------------------------
                                              0.320232   data required time
                                             -0.595717   data arrival time
---------------------------------------------------------------------------------------------
                                              0.275485   slack (MET)


Startpoint: _1342_ (rising edge-triggered flip-flop clocked by clk_i)
Endpoint: _1342_ (rising edge-triggered flip-flop clocked by clk_i)
Path Group: clk_i
Path Type: min

Fanout         Cap        Slew       Delay        Time   Description
---------------------------------------------------------------------------------------------
                                  0.000000    0.000000   clock clk_i (rise edge)
                                  0.000000    0.000000   clock source latency
     1    0.037465    0.000000    0.000000    0.000000 ^ clk_i (in)
                                                         clk_i (net)
                      0.005567    0.002783    0.002783 ^ clkbuf_0_clk_i/A (sg13g2_buf_16)
    16    0.183519    0.058569    0.078991    0.081774 ^ clkbuf_0_clk_i/X (sg13g2_buf_16)
                                                         clknet_0_clk_i (net)
                      0.061226    0.009656    0.091431 ^ clkbuf_4_1_0_clk_i/A (sg13g2_buf_8)
     2    0.035302    0.031677    0.089472    0.180903 ^ clkbuf_4_1_0_clk_i/X (sg13g2_buf_8)
                                                         clknet_4_1_0_clk_i (net)
                      0.031812    0.001930    0.182834 ^ clkbuf_5_3__f_clk_i/A (sg13g2_buf_16)
     6    0.025526    0.020809    0.067043    0.249877 ^ clkbuf_5_3__f_clk_i/X (sg13g2_buf_16)
                                                         clknet_5_3__leaf_clk_i (net)
                      0.020821    0.000953    0.250829 ^ _1342_/CLK (sg13g2_dfrbpq_1)
     2    0.007141    0.031023    0.170098    0.420928 v _1342_/Q (sg13g2_dfrbpq_1)
                                                         net40 (net)
                      0.031053    0.000456    0.421384 v _1103_/A0 (sg13g2_mux2_1)
     1    0.003133    0.029748    0.109308    0.530692 v _1103_/X (sg13g2_mux2_1)
                                                         _0451_ (net)
                      0.029748    0.000123    0.530814 v _1104_/A (sg13g2_and2_1)
     1    0.001789    0.017243    0.063141    0.593955 v _1104_/X (sg13g2_and2_1)
                                                         _0124_ (net)
                      0.017243    0.000069    0.594024 v _1342_/D (sg13g2_dfrbpq_1)
                                              0.594024   data arrival time

                                  0.000000    0.000000   clock clk_i (rise edge)
                                  0.000000    0.000000   clock source latency
     1    0.040138    0.000000    0.000000    0.000000 ^ clk_i (in)
                                                         clk_i (net)
                      0.006155    0.003077    0.003077 ^ clkbuf_0_clk_i/A (sg13g2_buf_16)
    16    0.204016    0.064014    0.082240    0.085317 ^ clkbuf_0_clk_i/X (sg13g2_buf_16)
                                                         clknet_0_clk_i (net)
                      0.067040    0.010791    0.096108 ^ clkbuf_4_1_0_clk_i/A (sg13g2_buf_8)
     2    0.040647    0.034204    0.094262    0.190370 ^ clkbuf_4_1_0_clk_i/X (sg13g2_buf_8)
                                                         clknet_4_1_0_clk_i (net)
                      0.034502    0.002230    0.192601 ^ clkbuf_5_3__f_clk_i/A (sg13g2_buf_16)
     6    0.028452    0.021599    0.068884    0.261485 ^ clkbuf_5_3__f_clk_i/X (sg13g2_buf_16)
                                                         clknet_5_3__leaf_clk_i (net)
                      0.021613    0.001065    0.262550 ^ _1342_/CLK (sg13g2_dfrbpq_1)
                                  0.100000    0.362550   clock uncertainty
                                 -0.011721    0.350829   clock reconvergence pessimism
                                 -0.033174    0.317655   library hold time
                                              0.317655   data required time
---------------------------------------------------------------------------------------------
                                              0.317655   data required time
                                             -0.594024   data arrival time
---------------------------------------------------------------------------------------------
                                              0.276368   slack (MET)


Startpoint: _1298_ (rising edge-triggered flip-flop clocked by clk_i)
Endpoint: _1332_ (rising edge-triggered flip-flop clocked by clk_i)
Path Group: clk_i
Path Type: min

Fanout         Cap        Slew       Delay        Time   Description
---------------------------------------------------------------------------------------------
                                  0.000000    0.000000   clock clk_i (rise edge)
                                  0.000000    0.000000   clock source latency
     1    0.037465    0.000000    0.000000    0.000000 ^ clk_i (in)
                                                         clk_i (net)
                      0.005567    0.002783    0.002783 ^ clkbuf_0_clk_i/A (sg13g2_buf_16)
    16    0.183519    0.058569    0.078991    0.081774 ^ clkbuf_0_clk_i/X (sg13g2_buf_16)
                                                         clknet_0_clk_i (net)
                      0.061216    0.009638    0.091413 ^ clkbuf_4_0_0_clk_i/A (sg13g2_buf_8)
     2    0.036131    0.031955    0.089484    0.180897 ^ clkbuf_4_0_0_clk_i/X (sg13g2_buf_8)
                                                         clknet_4_0_0_clk_i (net)
                      0.032223    0.002334    0.183230 ^ clkbuf_5_0__f_clk_i/A (sg13g2_buf_16)
     6    0.029921    0.021824    0.067982    0.251212 ^ clkbuf_5_0__f_clk_i/X (sg13g2_buf_16)
                                                         clknet_5_0__leaf_clk_i (net)
                      0.021850    0.001430    0.252642 ^ _1298_/CLK (sg13g2_dfrbpq_1)
     3    0.007274    0.031397    0.170980    0.423622 v _1298_/Q (sg13g2_dfrbpq_1)
                                                         u_boot_ctrl.word_asm[5] (net)
                      0.031427    0.000373    0.423996 v _1083_/A1 (sg13g2_mux2_1)
     1    0.003109    0.029688    0.109235    0.533231 v _1083_/X (sg13g2_mux2_1)
                                                         _0441_ (net)
                      0.029688    0.000121    0.533352 v _1084_/A (sg13g2_and2_1)
     1    0.001922    0.017596    0.063448    0.596800 v _1084_/X (sg13g2_and2_1)
                                                         _0114_ (net)
                      0.017596    0.000071    0.596871 v _1332_/D (sg13g2_dfrbpq_1)
                                              0.596871   data arrival time

                                  0.000000    0.000000   clock clk_i (rise edge)
                                  0.000000    0.000000   clock source latency
     1    0.040138    0.000000    0.000000    0.000000 ^ clk_i (in)
                                                         clk_i (net)
                      0.006155    0.003077    0.003077 ^ clkbuf_0_clk_i/A (sg13g2_buf_16)
    16    0.204016    0.064014    0.082240    0.085317 ^ clkbuf_0_clk_i/X (sg13g2_buf_16)
                                                         clknet_0_clk_i (net)
                      0.067028    0.010771    0.096088 ^ clkbuf_4_0_0_clk_i/A (sg13g2_buf_8)
     2    0.041477    0.034567    0.094194    0.190282 ^ clkbuf_4_0_0_clk_i/X (sg13g2_buf_8)
                                                         clknet_4_0_0_clk_i (net)
                      0.034954    0.002693    0.192975 ^ clkbuf_5_0__f_clk_i/A (sg13g2_buf_16)
     6    0.032606    0.022552    0.069784    0.262758 ^ clkbuf_5_0__f_clk_i/X (sg13g2_buf_16)
                                                         clknet_5_0__leaf_clk_i (net)
                      0.022585    0.001609    0.264367 ^ _1332_/CLK (sg13g2_dfrbpq_1)
                                  0.100000    0.364367   clock uncertainty
                                 -0.011546    0.352821   clock reconvergence pessimism
                                 -0.033083    0.319738   library hold time
                                              0.319738   data required time
---------------------------------------------------------------------------------------------
                                              0.319738   data required time
                                             -0.596871   data arrival time
---------------------------------------------------------------------------------------------
                                              0.277133   slack (MET)


Startpoint: _1293_ (rising edge-triggered flip-flop clocked by clk_i)
Endpoint: _1327_ (rising edge-triggered flip-flop clocked by clk_i)
Path Group: clk_i
Path Type: min

Fanout         Cap        Slew       Delay        Time   Description
---------------------------------------------------------------------------------------------
                                  0.000000    0.000000   clock clk_i (rise edge)
                                  0.000000    0.000000   clock source latency
     1    0.037465    0.000000    0.000000    0.000000 ^ clk_i (in)
                                                         clk_i (net)
                      0.005567    0.002783    0.002783 ^ clkbuf_0_clk_i/A (sg13g2_buf_16)
    16    0.183519    0.058569    0.078991    0.081774 ^ clkbuf_0_clk_i/X (sg13g2_buf_16)
                                                         clknet_0_clk_i (net)
                      0.059829    0.006783    0.088558 ^ clkbuf_4_6_0_clk_i/A (sg13g2_buf_8)
     2    0.037847    0.032574    0.089261    0.177818 ^ clkbuf_4_6_0_clk_i/X (sg13g2_buf_8)
                                                         clknet_4_6_0_clk_i (net)
                      0.033034    0.002842    0.180660 ^ clkbuf_5_12__f_clk_i/A (sg13g2_buf_16)
     6    0.028345    0.021513    0.068155    0.248815 ^ clkbuf_5_12__f_clk_i/X (sg13g2_buf_16)
                                                         clknet_5_12__leaf_clk_i (net)
                      0.021529    0.001127    0.249942 ^ _1293_/CLK (sg13g2_dfrbpq_1)
     3    0.008429    0.034769    0.173663    0.423605 v _1293_/Q (sg13g2_dfrbpq_1)
                                                         u_boot_ctrl.word_asm[0] (net)
                      0.034770    0.000237    0.423843 v _1073_/A1 (sg13g2_mux2_1)
     1    0.002924    0.029205    0.109978    0.533820 v _1073_/X (sg13g2_mux2_1)
                                                         _0436_ (net)
                      0.029205    0.000113    0.533934 v _1074_/A (sg13g2_and2_1)
     1    0.001664    0.016888    0.062585    0.596519 v _1074_/X (sg13g2_and2_1)
                                                         _0109_ (net)
                      0.016888    0.000121    0.596640 v _1327_/D (sg13g2_dfrbpq_1)
                                              0.596640   data arrival time

                                  0.000000    0.000000   clock clk_i (rise edge)
                                  0.000000    0.000000   clock source latency
     1    0.040138    0.000000    0.000000    0.000000 ^ clk_i (in)
                                                         clk_i (net)
                      0.006155    0.003077    0.003077 ^ clkbuf_0_clk_i/A (sg13g2_buf_16)
    16    0.204016    0.064014    0.082240    0.085317 ^ clkbuf_0_clk_i/X (sg13g2_buf_16)
                                                         clknet_0_clk_i (net)
                      0.065430    0.007564    0.092881 ^ clkbuf_4_6_0_clk_i/A (sg13g2_buf_8)
     2    0.043193    0.035257    0.093823    0.186704 ^ clkbuf_4_6_0_clk_i/X (sg13g2_buf_8)
                                                         clknet_4_6_0_clk_i (net)
                      0.035847    0.003412    0.190117 ^ clkbuf_5_13__f_clk_i/A (sg13g2_buf_16)
     6    0.030415    0.022106    0.069714    0.259830 ^ clkbuf_5_13__f_clk_i/X (sg13g2_buf_16)
                                                         clknet_5_13__leaf_clk_i (net)
                      0.022134    0.001449    0.261279 ^ _1327_/CLK (sg13g2_dfrbpq_1)
                                  0.100000    0.361279   clock uncertainty
                                 -0.008886    0.352393   clock reconvergence pessimism
                                 -0.032953    0.319441   library hold time
                                              0.319441   data required time
---------------------------------------------------------------------------------------------
                                              0.319441   data required time
                                             -0.596640   data arrival time
---------------------------------------------------------------------------------------------
                                              0.277199   slack (MET)


Startpoint: _1284_ (rising edge-triggered flip-flop clocked by clk_i)
Endpoint: _1284_ (rising edge-triggered flip-flop clocked by clk_i)
Path Group: clk_i
Path Type: min

Fanout         Cap        Slew       Delay        Time   Description
---------------------------------------------------------------------------------------------
                                  0.000000    0.000000   clock clk_i (rise edge)
                                  0.000000    0.000000   clock source latency
     1    0.037465    0.000000    0.000000    0.000000 ^ clk_i (in)
                                                         clk_i (net)
                      0.005567    0.002783    0.002783 ^ clkbuf_0_clk_i/A (sg13g2_buf_16)
    16    0.183519    0.058569    0.078991    0.081774 ^ clkbuf_0_clk_i/X (sg13g2_buf_16)
                                                         clknet_0_clk_i (net)
                      0.063046    0.012508    0.094282 ^ clkbuf_4_8_0_clk_i/A (sg13g2_buf_8)
     2    0.037694    0.032701    0.090964    0.185246 ^ clkbuf_4_8_0_clk_i/X (sg13g2_buf_8)
                                                         clknet_4_8_0_clk_i (net)
                      0.033031    0.002447    0.187693 ^ clkbuf_5_16__f_clk_i/A (sg13g2_buf_16)
     6    0.031614    0.022241    0.068775    0.256469 ^ clkbuf_5_16__f_clk_i/X (sg13g2_buf_16)
                                                         clknet_5_16__leaf_clk_i (net)
                      0.022248    0.000749    0.257218 ^ _1284_/CLK (sg13g2_dfrbpq_1)
     5    0.023280    0.077786    0.209652    0.466871 v _1284_/Q (sg13g2_dfrbpq_1)
                                                         u_boot_ctrl.word_cnt[25] (net)
                      0.077801    0.001053    0.467923 v _0707_/A (sg13g2_inv_1)
     2    0.007630    0.048313    0.059200    0.527123 ^ _0707_/Y (sg13g2_inv_1)
                                                         _0178_ (net)
                      0.048320    0.000432    0.527555 ^ _0938_/A1 (sg13g2_a221oi_1)
     1    0.001786    0.041833    0.066293    0.593848 v _0938_/Y (sg13g2_a221oi_1)
                                                         _0066_ (net)
                      0.041833    0.000067    0.593916 v _1284_/D (sg13g2_dfrbpq_1)
                                              0.593916   data arrival time

                                  0.000000    0.000000   clock clk_i (rise edge)
                                  0.000000    0.000000   clock source latency
     1    0.040138    0.000000    0.000000    0.000000 ^ clk_i (in)
                                                         clk_i (net)
                      0.006155    0.003077    0.003077 ^ clkbuf_0_clk_i/A (sg13g2_buf_16)
    16    0.204016    0.064014    0.082240    0.085317 ^ clkbuf_0_clk_i/X (sg13g2_buf_16)
                                                         clknet_0_clk_i (net)
                      0.069099    0.013921    0.099238 ^ clkbuf_4_8_0_clk_i/A (sg13g2_buf_8)
     2    0.043040    0.035193    0.095802    0.195040 ^ clkbuf_4_8_0_clk_i/X (sg13g2_buf_8)
                                                         clknet_4_8_0_clk_i (net)
                      0.035782    0.002803    0.197843 ^ clkbuf_5_16__f_clk_i/A (sg13g2_buf_16)
     6    0.034298    0.022970    0.070601    0.268444 ^ clkbuf_5_16__f_clk_i/X (sg13g2_buf_16)
                                                         clknet_5_16__leaf_clk_i (net)
                      0.022977    0.000818    0.269262 ^ _1284_/CLK (sg13g2_dfrbpq_1)
                                  0.100000    0.369262   clock uncertainty
                                 -0.012044    0.357218   clock reconvergence pessimism
                                 -0.040683    0.316536   library hold time
                                              0.316536   data required time
---------------------------------------------------------------------------------------------
                                              0.316536   data required time
                                             -0.593916   data arrival time
---------------------------------------------------------------------------------------------
                                              0.277380   slack (MET)


Startpoint: _1257_ (rising edge-triggered flip-flop clocked by clk_i)
Endpoint: _1257_ (rising edge-triggered flip-flop clocked by clk_i)
Path Group: clk_i
Path Type: min

Fanout         Cap        Slew       Delay        Time   Description
---------------------------------------------------------------------------------------------
                                  0.000000    0.000000   clock clk_i (rise edge)
                                  0.000000    0.000000   clock source latency
     1    0.037465    0.000000    0.000000    0.000000 ^ clk_i (in)
                                                         clk_i (net)
                      0.005567    0.002783    0.002783 ^ clkbuf_0_clk_i/A (sg13g2_buf_16)
    16    0.183519    0.058569    0.078991    0.081774 ^ clkbuf_0_clk_i/X (sg13g2_buf_16)
                                                         clknet_0_clk_i (net)
                      0.063046    0.012508    0.094282 ^ clkbuf_4_8_0_clk_i/A (sg13g2_buf_8)
     2    0.037694    0.032701    0.090964    0.185246 ^ clkbuf_4_8_0_clk_i/X (sg13g2_buf_8)
                                                         clknet_4_8_0_clk_i (net)
                      0.033008    0.002331    0.187577 ^ clkbuf_5_17__f_clk_i/A (sg13g2_buf_16)
     6    0.021517    0.019949    0.066882    0.254459 ^ clkbuf_5_17__f_clk_i/X (sg13g2_buf_16)
                                                         clknet_5_17__leaf_clk_i (net)
                      0.019963    0.001016    0.255475 ^ _1257_/CLK (sg13g2_dfrbpq_1)
     2    0.007344    0.031602    0.170142    0.425617 v _1257_/Q (sg13g2_dfrbpq_1)
                                                         net24 (net)
                      0.031633    0.000488    0.426104 v _0837_/A0 (sg13g2_mux2_1)
     1    0.003432    0.030509    0.110536    0.536640 v _0837_/X (sg13g2_mux2_1)
                                                         _0269_ (net)
                      0.030509    0.000138    0.536778 v _0838_/A (sg13g2_and2_1)
     1    0.001646    0.016886    0.063104    0.599881 v _0838_/X (sg13g2_and2_1)
                                                         _0039_ (net)
                      0.016886    0.000121    0.600002 v _1257_/D (sg13g2_dfrbpq_1)
                                              0.600002   data arrival time

                                  0.000000    0.000000   clock clk_i (rise edge)
                                  0.000000    0.000000   clock source latency
     1    0.040138    0.000000    0.000000    0.000000 ^ clk_i (in)
                                                         clk_i (net)
                      0.006155    0.003077    0.003077 ^ clkbuf_0_clk_i/A (sg13g2_buf_16)
    16    0.204016    0.064014    0.082240    0.085317 ^ clkbuf_0_clk_i/X (sg13g2_buf_16)
                                                         clknet_0_clk_i (net)
                      0.069099    0.013921    0.099238 ^ clkbuf_4_8_0_clk_i/A (sg13g2_buf_8)
     2    0.043040    0.035193    0.095802    0.195040 ^ clkbuf_4_8_0_clk_i/X (sg13g2_buf_8)
                                                         clknet_4_8_0_clk_i (net)
                      0.035752    0.002671    0.197710 ^ clkbuf_5_17__f_clk_i/A (sg13g2_buf_16)
     6    0.024443    0.020748    0.068758    0.266469 ^ clkbuf_5_17__f_clk_i/X (sg13g2_buf_16)
                                                         clknet_5_17__leaf_clk_i (net)
                      0.020765    0.001151    0.267620 ^ _1257_/CLK (sg13g2_dfrbpq_1)
                                  0.100000    0.367620   clock uncertainty
                                 -0.012145    0.355475   clock reconvergence pessimism
                                 -0.033238    0.322237   library hold time
                                              0.322237   data required time
---------------------------------------------------------------------------------------------
                                              0.322237   data required time
                                             -0.600002   data arrival time
---------------------------------------------------------------------------------------------
                                              0.277765   slack (MET)


Startpoint: _1296_ (rising edge-triggered flip-flop clocked by clk_i)
Endpoint: _1330_ (rising edge-triggered flip-flop clocked by clk_i)
Path Group: clk_i
Path Type: min

Fanout         Cap        Slew       Delay        Time   Description
---------------------------------------------------------------------------------------------
                                  0.000000    0.000000   clock clk_i (rise edge)
                                  0.000000    0.000000   clock source latency
     1    0.037465    0.000000    0.000000    0.000000 ^ clk_i (in)
                                                         clk_i (net)
                      0.005567    0.002783    0.002783 ^ clkbuf_0_clk_i/A (sg13g2_buf_16)
    16    0.183519    0.058569    0.078991    0.081774 ^ clkbuf_0_clk_i/X (sg13g2_buf_16)
                                                         clknet_0_clk_i (net)
                      0.059963    0.007108    0.088882 ^ clkbuf_4_4_0_clk_i/A (sg13g2_buf_8)
     2    0.035823    0.031777    0.088789    0.177671 ^ clkbuf_4_4_0_clk_i/X (sg13g2_buf_8)
                                                         clknet_4_4_0_clk_i (net)
                      0.032026    0.002268    0.179939 ^ clkbuf_5_8__f_clk_i/A (sg13g2_buf_16)
     6    0.026782    0.021106    0.067322    0.247261 ^ clkbuf_5_8__f_clk_i/X (sg13g2_buf_16)
                                                         clknet_5_8__leaf_clk_i (net)
                      0.021126    0.001223    0.248484 ^ _1296_/CLK (sg13g2_dfrbpq_1)
     3    0.006445    0.029061    0.168649    0.417133 v _1296_/Q (sg13g2_dfrbpq_1)
                                                         u_boot_ctrl.word_asm[3] (net)
                      0.029061    0.000305    0.417438 v _1079_/A1 (sg13g2_mux2_1)
     1    0.003299    0.030172    0.108902    0.526340 v _1079_/X (sg13g2_mux2_1)
                                                         _0439_ (net)
                      0.030172    0.000130    0.526470 v _1080_/A (sg13g2_and2_1)
     1    0.002929    0.020281    0.066163    0.592632 v _1080_/X (sg13g2_and2_1)
                                                         _0112_ (net)
                      0.020281    0.000114    0.592746 v _1330_/D (sg13g2_dfrbpq_1)
                                              0.592746   data arrival time

                                  0.000000    0.000000   clock clk_i (rise edge)
                                  0.000000    0.000000   clock source latency
     1    0.040138    0.000000    0.000000    0.000000 ^ clk_i (in)
                                                         clk_i (net)
                      0.006155    0.003077    0.003077 ^ clkbuf_0_clk_i/A (sg13g2_buf_16)
    16    0.204016    0.064014    0.082240    0.085317 ^ clkbuf_0_clk_i/X (sg13g2_buf_16)
                                                         clknet_0_clk_i (net)
                      0.065584    0.007930    0.093247 ^ clkbuf_4_4_0_clk_i/A (sg13g2_buf_8)
     2    0.041169    0.034261    0.093420    0.186668 ^ clkbuf_4_4_0_clk_i/X (sg13g2_buf_8)
                                                         clknet_4_4_0_clk_i (net)
                      0.034744    0.002608    0.189275 ^ clkbuf_5_8__f_clk_i/A (sg13g2_buf_16)
     6    0.029466    0.021840    0.069122    0.258398 ^ clkbuf_5_8__f_clk_i/X (sg13g2_buf_16)
                                                         clknet_5_8__leaf_clk_i (net)
                      0.021866    0.001415    0.259813 ^ _1330_/CLK (sg13g2_dfrbpq_1)
                                  0.100000    0.359813   clock uncertainty
                                 -0.011137    0.348676   clock reconvergence pessimism
                                 -0.034084    0.314592   library hold time
                                              0.314592   data required time
---------------------------------------------------------------------------------------------
                                              0.314592   data required time
                                             -0.592746   data arrival time
---------------------------------------------------------------------------------------------
                                              0.278154   slack (MET)


Startpoint: _1253_ (rising edge-triggered flip-flop clocked by clk_i)
Endpoint: _1253_ (rising edge-triggered flip-flop clocked by clk_i)
Path Group: clk_i
Path Type: min

Fanout         Cap        Slew       Delay        Time   Description
---------------------------------------------------------------------------------------------
                                  0.000000    0.000000   clock clk_i (rise edge)
                                  0.000000    0.000000   clock source latency
     1    0.037465    0.000000    0.000000    0.000000 ^ clk_i (in)
                                                         clk_i (net)
                      0.005567    0.002783    0.002783 ^ clkbuf_0_clk_i/A (sg13g2_buf_16)
    16    0.183519    0.058569    0.078991    0.081774 ^ clkbuf_0_clk_i/X (sg13g2_buf_16)
                                                         clknet_0_clk_i (net)
                      0.060141    0.007518    0.089293 ^ clkbuf_4_2_0_clk_i/A (sg13g2_buf_8)
     2    0.036027    0.031976    0.089381    0.178674 ^ clkbuf_4_2_0_clk_i/X (sg13g2_buf_8)
                                                         clknet_4_2_0_clk_i (net)
                      0.032018    0.001562    0.180236 ^ clkbuf_5_5__f_clk_i/A (sg13g2_buf_16)
     6    0.029225    0.021632    0.067338    0.247573 ^ clkbuf_5_5__f_clk_i/X (sg13g2_buf_16)
                                                         clknet_5_5__leaf_clk_i (net)
                      0.022021    0.004008    0.251581 ^ _1253_/CLK (sg13g2_dfrbpq_1)
     2    0.008169    0.033991    0.173081    0.424662 v _1253_/Q (sg13g2_dfrbpq_1)
                                                         net19 (net)
                      0.034001    0.000544    0.425207 v _0828_/A0 (sg13g2_mux2_1)
     1    0.002600    0.028352    0.108738    0.533945 v _0828_/X (sg13g2_mux2_1)
                                                         _0264_ (net)
                      0.028352    0.000102    0.534047 v _0829_/A (sg13g2_and2_1)
     1    0.001906    0.017509    0.062833    0.596880 v _0829_/X (sg13g2_and2_1)
                                                         _0035_ (net)
                      0.017509    0.000072    0.596951 v _1253_/D (sg13g2_dfrbpq_1)
                                              0.596951   data arrival time

                                  0.000000    0.000000   clock clk_i (rise edge)
                                  0.000000    0.000000   clock source latency
     1    0.040138    0.000000    0.000000    0.000000 ^ clk_i (in)
                                                         clk_i (net)
                      0.006155    0.003077    0.003077 ^ clkbuf_0_clk_i/A (sg13g2_buf_16)
    16    0.204016    0.064014    0.082240    0.085317 ^ clkbuf_0_clk_i/X (sg13g2_buf_16)
                                                         clknet_0_clk_i (net)
                      0.065786    0.008384    0.093702 ^ clkbuf_4_2_0_clk_i/A (sg13g2_buf_8)
     2    0.041372    0.034522    0.094130    0.187832 ^ clkbuf_4_2_0_clk_i/X (sg13g2_buf_8)
                                                         clknet_4_2_0_clk_i (net)
                      0.034717    0.001795    0.189627 ^ clkbuf_5_5__f_clk_i/A (sg13g2_buf_16)
     6    0.032152    0.022387    0.069099    0.258726 ^ clkbuf_5_5__f_clk_i/X (sg13g2_buf_16)
                                                         clknet_5_5__leaf_clk_i (net)
                      0.022916    0.004375    0.263101 ^ _1253_/CLK (sg13g2_dfrbpq_1)
                                  0.100000    0.363101   clock uncertainty
                                 -0.011520    0.351581   clock reconvergence pessimism
                                 -0.032986    0.318595   library hold time
                                              0.318595   data required time
---------------------------------------------------------------------------------------------
                                              0.318595   data required time
                                             -0.596951   data arrival time
---------------------------------------------------------------------------------------------
                                              0.278356   slack (MET)


Startpoint: _1280_ (rising edge-triggered flip-flop clocked by clk_i)
Endpoint: _1280_ (rising edge-triggered flip-flop clocked by clk_i)
Path Group: clk_i
Path Type: min

Fanout         Cap        Slew       Delay        Time   Description
---------------------------------------------------------------------------------------------
                                  0.000000    0.000000   clock clk_i (rise edge)
                                  0.000000    0.000000   clock source latency
     1    0.037465    0.000000    0.000000    0.000000 ^ clk_i (in)
                                                         clk_i (net)
                      0.005567    0.002783    0.002783 ^ clkbuf_0_clk_i/A (sg13g2_buf_16)
    16    0.183519    0.058569    0.078991    0.081774 ^ clkbuf_0_clk_i/X (sg13g2_buf_16)
                                                         clknet_0_clk_i (net)
                      0.062970    0.012400    0.094174 ^ clkbuf_4_9_0_clk_i/A (sg13g2_buf_8)
     2    0.037106    0.032444    0.090691    0.184866 ^ clkbuf_4_9_0_clk_i/X (sg13g2_buf_8)
                                                         clknet_4_9_0_clk_i (net)
                      0.032757    0.002437    0.187303 ^ clkbuf_5_19__f_clk_i/A (sg13g2_buf_16)
     6    0.030083    0.021887    0.068183    0.255486 ^ clkbuf_5_19__f_clk_i/X (sg13g2_buf_16)
                                                         clknet_5_19__leaf_clk_i (net)
                      0.021975    0.002324    0.257810 ^ _1280_/CLK (sg13g2_dfrbpq_1)
     4    0.017114    0.060644    0.194474    0.452284 v _1280_/Q (sg13g2_dfrbpq_1)
                                                         u_boot_ctrl.word_cnt[21] (net)
                      0.060659    0.000917    0.453201 v _0710_/A (sg13g2_inv_1)
     3    0.012018    0.062348    0.068267    0.521468 ^ _0710_/Y (sg13g2_inv_1)
                                                         _0181_ (net)
                      0.062360    0.000720    0.522188 ^ _0918_/A1 (sg13g2_a221oi_1)
     1    0.001907    0.044888    0.073267    0.595455 v _0918_/Y (sg13g2_a221oi_1)
                                                         _0062_ (net)
                      0.044888    0.000072    0.595527 v _1280_/D (sg13g2_dfrbpq_1)
                                              0.595527   data arrival time

                                  0.000000    0.000000   clock clk_i (rise edge)
                                  0.000000    0.000000   clock source latency
     1    0.040138    0.000000    0.000000    0.000000 ^ clk_i (in)
                                                         clk_i (net)
                      0.006155    0.003077    0.003077 ^ clkbuf_0_clk_i/A (sg13g2_buf_16)
    16    0.204016    0.064014    0.082240    0.085317 ^ clkbuf_0_clk_i/X (sg13g2_buf_16)
                                                         clknet_0_clk_i (net)
                      0.069011    0.013799    0.099116 ^ clkbuf_4_9_0_clk_i/A (sg13g2_buf_8)
     2    0.042451    0.034933    0.095518    0.194634 ^ clkbuf_4_9_0_clk_i/X (sg13g2_buf_8)
                                                         clknet_4_9_0_clk_i (net)
                      0.035504    0.002795    0.197429 ^ clkbuf_5_19__f_clk_i/A (sg13g2_buf_16)
     6    0.033009    0.022666    0.070021    0.267450 ^ clkbuf_5_19__f_clk_i/X (sg13g2_buf_16)
                                                         clknet_5_19__leaf_clk_i (net)
                      0.022771    0.002549    0.269999 ^ _1280_/CLK (sg13g2_dfrbpq_1)
                                  0.100000    0.369999   clock uncertainty
                                 -0.012189    0.357810   clock reconvergence pessimism
                                 -0.041693    0.316116   library hold time
                                              0.316116   data required time
---------------------------------------------------------------------------------------------
                                              0.316116   data required time
                                             -0.595527   data arrival time
---------------------------------------------------------------------------------------------
                                              0.279411   slack (MET)


Startpoint: _1302_ (rising edge-triggered flip-flop clocked by clk_i)
Endpoint: _1336_ (rising edge-triggered flip-flop clocked by clk_i)
Path Group: clk_i
Path Type: min

Fanout         Cap        Slew       Delay        Time   Description
---------------------------------------------------------------------------------------------
                                  0.000000    0.000000   clock clk_i (rise edge)
                                  0.000000    0.000000   clock source latency
     1    0.037465    0.000000    0.000000    0.000000 ^ clk_i (in)
                                                         clk_i (net)
                      0.005567    0.002783    0.002783 ^ clkbuf_0_clk_i/A (sg13g2_buf_16)
    16    0.183519    0.058569    0.078991    0.081774 ^ clkbuf_0_clk_i/X (sg13g2_buf_16)
                                                         clknet_0_clk_i (net)
                      0.062987    0.012423    0.094198 ^ clkbuf_4_13_0_clk_i/A (sg13g2_buf_8)
     2    0.035598    0.031745    0.089946    0.184143 ^ clkbuf_4_13_0_clk_i/X (sg13g2_buf_8)
                                                         clknet_4_13_0_clk_i (net)
                      0.032167    0.002934    0.187077 ^ clkbuf_5_26__f_clk_i/A (sg13g2_buf_16)
     5    0.021117    0.019816    0.066436    0.253513 ^ clkbuf_5_26__f_clk_i/X (sg13g2_buf_16)
                                                         clknet_5_26__leaf_clk_i (net)
                      0.019822    0.000693    0.254206 ^ _1302_/CLK (sg13g2_dfrbpq_1)
     3    0.009601    0.038131    0.175537    0.429743 v _1302_/Q (sg13g2_dfrbpq_1)
                                                         u_boot_ctrl.word_asm[9] (net)
                      0.038138    0.000528    0.430271 v _1091_/A1 (sg13g2_mux2_1)
     1    0.002879    0.029091    0.111201    0.541472 v _1091_/X (sg13g2_mux2_1)
                                                         _0445_ (net)
                      0.029091    0.000114    0.541585 v _1092_/A (sg13g2_and2_1)
     1    0.002072    0.017975    0.063562    0.605147 v _1092_/X (sg13g2_and2_1)
                                                         _0118_ (net)
                      0.017975    0.000079    0.605226 v _1336_/D (sg13g2_dfrbpq_1)
                                              0.605226   data arrival time

                                  0.000000    0.000000   clock clk_i (rise edge)
                                  0.000000    0.000000   clock source latency
     1    0.040138    0.000000    0.000000    0.000000 ^ clk_i (in)
                                                         clk_i (net)
                      0.006155    0.003077    0.003077 ^ clkbuf_0_clk_i/A (sg13g2_buf_16)
    16    0.204016    0.064014    0.082240    0.085317 ^ clkbuf_0_clk_i/X (sg13g2_buf_16)
                                                         clknet_0_clk_i (net)
                      0.065430    0.007564    0.092881 ^ clkbuf_4_6_0_clk_i/A (sg13g2_buf_8)
     2    0.043193    0.035257    0.093823    0.186704 ^ clkbuf_4_6_0_clk_i/X (sg13g2_buf_8)
                                                         clknet_4_6_0_clk_i (net)
                      0.035847    0.003412    0.190117 ^ clkbuf_5_13__f_clk_i/A (sg13g2_buf_16)
     6    0.030415    0.022106    0.069714    0.259830 ^ clkbuf_5_13__f_clk_i/X (sg13g2_buf_16)
                                                         clknet_5_13__leaf_clk_i (net)
                      0.022201    0.002415    0.262245 ^ _1336_/CLK (sg13g2_dfrbpq_1)
                                  0.100000    0.362245   clock uncertainty
                                 -0.003543    0.358702   clock reconvergence pessimism
                                 -0.033283    0.325419   library hold time
                                              0.325419   data required time
---------------------------------------------------------------------------------------------
                                              0.325419   data required time
                                             -0.605226   data arrival time
---------------------------------------------------------------------------------------------
                                              0.279807   slack (MET)


Startpoint: _1279_ (rising edge-triggered flip-flop clocked by clk_i)
Endpoint: _1279_ (rising edge-triggered flip-flop clocked by clk_i)
Path Group: clk_i
Path Type: min

Fanout         Cap        Slew       Delay        Time   Description
---------------------------------------------------------------------------------------------
                                  0.000000    0.000000   clock clk_i (rise edge)
                                  0.000000    0.000000   clock source latency
     1    0.037465    0.000000    0.000000    0.000000 ^ clk_i (in)
                                                         clk_i (net)
                      0.005567    0.002783    0.002783 ^ clkbuf_0_clk_i/A (sg13g2_buf_16)
    16    0.183519    0.058569    0.078991    0.081774 ^ clkbuf_0_clk_i/X (sg13g2_buf_16)
                                                         clknet_0_clk_i (net)
                      0.062970    0.012400    0.094174 ^ clkbuf_4_9_0_clk_i/A (sg13g2_buf_8)
     2    0.037106    0.032444    0.090691    0.184866 ^ clkbuf_4_9_0_clk_i/X (sg13g2_buf_8)
                                                         clknet_4_9_0_clk_i (net)
                      0.032750    0.002404    0.187270 ^ clkbuf_5_18__f_clk_i/A (sg13g2_buf_16)
     6    0.031638    0.022235    0.068489    0.255758 ^ clkbuf_5_18__f_clk_i/X (sg13g2_buf_16)
                                                         clknet_5_18__leaf_clk_i (net)
                      0.022320    0.002303    0.258061 ^ _1279_/CLK (sg13g2_dfrbpq_1)
     5    0.021544    0.073788    0.204738    0.462799 v _1279_/Q (sg13g2_dfrbpq_1)
                                                         u_boot_ctrl.word_cnt[20] (net)
                      0.073819    0.001427    0.464226 v _0711_/A (sg13g2_inv_1)
     3    0.013519    0.070532    0.079058    0.543284 ^ _0711_/Y (sg13g2_inv_1)
                                                         _0182_ (net)
                      0.070533    0.000355    0.543638 ^ _0916_/A1 (sg13g2_a21oi_1)
     1    0.001867    0.018846    0.062886    0.606524 v _0916_/Y (sg13g2_a21oi_1)
                                                         _0061_ (net)
                      0.018846    0.000070    0.606594 v _1279_/D (sg13g2_dfrbpq_1)
                                              0.606594   data arrival time

                                  0.000000    0.000000   clock clk_i (rise edge)
                                  0.000000    0.000000   clock source latency
     1    0.040138    0.000000    0.000000    0.000000 ^ clk_i (in)
                                                         clk_i (net)
                      0.006155    0.003077    0.003077 ^ clkbuf_0_clk_i/A (sg13g2_buf_16)
    16    0.204016    0.064014    0.082240    0.085317 ^ clkbuf_0_clk_i/X (sg13g2_buf_16)
                                                         clknet_0_clk_i (net)
                      0.069011    0.013799    0.099116 ^ clkbuf_4_9_0_clk_i/A (sg13g2_buf_8)
     2    0.042451    0.034933    0.095518    0.194634 ^ clkbuf_4_9_0_clk_i/X (sg13g2_buf_8)
                                                         clknet_4_9_0_clk_i (net)
                      0.035496    0.002760    0.197394 ^ clkbuf_5_18__f_clk_i/A (sg13g2_buf_16)
     6    0.034322    0.022958    0.070282    0.267676 ^ clkbuf_5_18__f_clk_i/X (sg13g2_buf_16)
                                                         clknet_5_18__leaf_clk_i (net)
                      0.023059    0.002520    0.270195 ^ _1279_/CLK (sg13g2_dfrbpq_1)
                                  0.100000    0.370195   clock uncertainty
                                 -0.012134    0.358061   clock reconvergence pessimism
                                 -0.033380    0.324681   library hold time
                                              0.324681   data required time
---------------------------------------------------------------------------------------------
                                              0.324681   data required time
                                             -0.606594   data arrival time
---------------------------------------------------------------------------------------------
                                              0.281913   slack (MET)


Startpoint: _1384_ (rising edge-triggered flip-flop clocked by clk_i)
Endpoint: _1385_ (rising edge-triggered flip-flop clocked by clk_i)
Path Group: clk_i
Path Type: min

Fanout         Cap        Slew       Delay        Time   Description
---------------------------------------------------------------------------------------------
                                  0.000000    0.000000   clock clk_i (rise edge)
                                  0.000000    0.000000   clock source latency
     1    0.037465    0.000000    0.000000    0.000000 ^ clk_i (in)
                                                         clk_i (net)
                      0.005567    0.002783    0.002783 ^ clkbuf_0_clk_i/A (sg13g2_buf_16)
    16    0.183519    0.058569    0.078991    0.081774 ^ clkbuf_0_clk_i/X (sg13g2_buf_16)
                                                         clknet_0_clk_i (net)
                      0.061216    0.009638    0.091413 ^ clkbuf_4_0_0_clk_i/A (sg13g2_buf_8)
     2    0.036131    0.031955    0.089484    0.180897 ^ clkbuf_4_0_0_clk_i/X (sg13g2_buf_8)
                                                         clknet_4_0_0_clk_i (net)
                      0.032223    0.002334    0.183230 ^ clkbuf_5_0__f_clk_i/A (sg13g2_buf_16)
     6    0.029921    0.021824    0.067982    0.251212 ^ clkbuf_5_0__f_clk_i/X (sg13g2_buf_16)
                                                         clknet_5_0__leaf_clk_i (net)
                      0.021857    0.001592    0.252804 ^ _1384_/CLK (sg13g2_dfrbpq_1)
     3    0.009244    0.047115    0.181661    0.434465 ^ _1384_/Q (sg13g2_dfrbpq_1)
                                                         spi_rx[6] (net)
                      0.047120    0.000502    0.434968 ^ _1220_/B (sg13g2_nor4_1)
     1    0.003943    0.034791    0.049806    0.484774 v _1220_/Y (sg13g2_nor4_1)
                                                         _0525_ (net)
                      0.034791    0.000156    0.484930 v _1222_/B (sg13g2_nor3_1)
     1    0.001594    0.061522    0.081831    0.566762 ^ _1222_/Y (sg13g2_nor3_1)
                                                         _0167_ (net)
                      0.061522    0.000061    0.566822 ^ _1385_/D (sg13g2_dfrbpq_1)
                                              0.566822   data arrival time

                                  0.000000    0.000000   clock clk_i (rise edge)
                                  0.000000    0.000000   clock source latency
     1    0.040138    0.000000    0.000000    0.000000 ^ clk_i (in)
                                                         clk_i (net)
                      0.006155    0.003077    0.003077 ^ clkbuf_0_clk_i/A (sg13g2_buf_16)
    16    0.204016    0.064014    0.082240    0.085317 ^ clkbuf_0_clk_i/X (sg13g2_buf_16)
                                                         clknet_0_clk_i (net)
                      0.067028    0.010771    0.096088 ^ clkbuf_4_0_0_clk_i/A (sg13g2_buf_8)
     2    0.041477    0.034567    0.094194    0.190282 ^ clkbuf_4_0_0_clk_i/X (sg13g2_buf_8)
                                                         clknet_4_0_0_clk_i (net)
                      0.034954    0.002693    0.192975 ^ clkbuf_5_0__f_clk_i/A (sg13g2_buf_16)
     6    0.032606    0.022552    0.069784    0.262758 ^ clkbuf_5_0__f_clk_i/X (sg13g2_buf_16)
                                                         clknet_5_0__leaf_clk_i (net)
                      0.022586    0.001627    0.264385 ^ _1385_/CLK (sg13g2_dfrbpq_1)
                                  0.100000    0.364385   clock uncertainty
                                 -0.011546    0.352839   clock reconvergence pessimism
                                 -0.069961    0.282878   library hold time
                                              0.282878   data required time
---------------------------------------------------------------------------------------------
                                              0.282878   data required time
                                             -0.566822   data arrival time
---------------------------------------------------------------------------------------------
                                              0.283944   slack (MET)


Startpoint: _1283_ (rising edge-triggered flip-flop clocked by clk_i)
Endpoint: _1283_ (rising edge-triggered flip-flop clocked by clk_i)
Path Group: clk_i
Path Type: min

Fanout         Cap        Slew       Delay        Time   Description
---------------------------------------------------------------------------------------------
                                  0.000000    0.000000   clock clk_i (rise edge)
                                  0.000000    0.000000   clock source latency
     1    0.037465    0.000000    0.000000    0.000000 ^ clk_i (in)
                                                         clk_i (net)
                      0.005567    0.002783    0.002783 ^ clkbuf_0_clk_i/A (sg13g2_buf_16)
    16    0.183519    0.058569    0.078991    0.081774 ^ clkbuf_0_clk_i/X (sg13g2_buf_16)
                                                         clknet_0_clk_i (net)
                      0.062970    0.012400    0.094174 ^ clkbuf_4_9_0_clk_i/A (sg13g2_buf_8)
     2    0.037106    0.032444    0.090691    0.184866 ^ clkbuf_4_9_0_clk_i/X (sg13g2_buf_8)
                                                         clknet_4_9_0_clk_i (net)
                      0.032750    0.002404    0.187270 ^ clkbuf_5_18__f_clk_i/A (sg13g2_buf_16)
     6    0.031638    0.022235    0.068489    0.255758 ^ clkbuf_5_18__f_clk_i/X (sg13g2_buf_16)
                                                         clknet_5_18__leaf_clk_i (net)
                      0.022272    0.001673    0.257431 ^ _1283_/CLK (sg13g2_dfrbpq_1)
     7    0.034033    0.109644    0.232966    0.490397 v _1283_/Q (sg13g2_dfrbpq_1)
                                                         u_boot_ctrl.word_cnt[24] (net)
                      0.109667    0.001564    0.491961 v _0932_/A (sg13g2_nor2_1)
     1    0.002789    0.048043    0.079001    0.570962 ^ _0932_/Y (sg13g2_nor2_1)
                                                         _0338_ (net)
                      0.048043    0.000111    0.571073 ^ _0935_/B (sg13g2_nor2_1)
     1    0.003119    0.022693    0.035697    0.606769 v _0935_/Y (sg13g2_nor2_1)
                                                         _0065_ (net)
                      0.022694    0.000204    0.606973 v _1283_/D (sg13g2_dfrbpq_1)
                                              0.606973   data arrival time

                                  0.000000    0.000000   clock clk_i (rise edge)
                                  0.000000    0.000000   clock source latency
     1    0.040138    0.000000    0.000000    0.000000 ^ clk_i (in)
                                                         clk_i (net)
                      0.006155    0.003077    0.003077 ^ clkbuf_0_clk_i/A (sg13g2_buf_16)
    16    0.204016    0.064014    0.082240    0.085317 ^ clkbuf_0_clk_i/X (sg13g2_buf_16)
                                                         clknet_0_clk_i (net)
                      0.069011    0.013799    0.099116 ^ clkbuf_4_9_0_clk_i/A (sg13g2_buf_8)
     2    0.042451    0.034933    0.095518    0.194634 ^ clkbuf_4_9_0_clk_i/X (sg13g2_buf_8)
                                                         clknet_4_9_0_clk_i (net)
                      0.035496    0.002760    0.197394 ^ clkbuf_5_18__f_clk_i/A (sg13g2_buf_16)
     6    0.034322    0.022958    0.070282    0.267676 ^ clkbuf_5_18__f_clk_i/X (sg13g2_buf_16)
                                                         clknet_5_18__leaf_clk_i (net)
                      0.023002    0.001832    0.269507 ^ _1283_/CLK (sg13g2_dfrbpq_1)
                                  0.100000    0.369507   clock uncertainty
                                 -0.012076    0.357431   clock reconvergence pessimism
                                 -0.034612    0.322819   library hold time
                                              0.322819   data required time
---------------------------------------------------------------------------------------------
                                              0.322819   data required time
                                             -0.606973   data arrival time
---------------------------------------------------------------------------------------------
                                              0.284154   slack (MET)


Startpoint: _1267_ (rising edge-triggered flip-flop clocked by clk_i)
Endpoint: _1267_ (rising edge-triggered flip-flop clocked by clk_i)
Path Group: clk_i
Path Type: min

Fanout         Cap        Slew       Delay        Time   Description
---------------------------------------------------------------------------------------------
                                  0.000000    0.000000   clock clk_i (rise edge)
                                  0.000000    0.000000   clock source latency
     1    0.037465    0.000000    0.000000    0.000000 ^ clk_i (in)
                                                         clk_i (net)
                      0.005567    0.002783    0.002783 ^ clkbuf_0_clk_i/A (sg13g2_buf_16)
    16    0.183519    0.058569    0.078991    0.081774 ^ clkbuf_0_clk_i/X (sg13g2_buf_16)
                                                         clknet_0_clk_i (net)
                      0.064417    0.014333    0.096107 ^ clkbuf_4_11_0_clk_i/A (sg13g2_buf_8)
     2    0.035854    0.032049    0.091209    0.187317 ^ clkbuf_4_11_0_clk_i/X (sg13g2_buf_8)
                                                         clknet_4_11_0_clk_i (net)
                      0.032202    0.002014    0.189331 ^ clkbuf_5_22__f_clk_i/A (sg13g2_buf_16)
     5    0.031394    0.022153    0.068221    0.257552 ^ clkbuf_5_22__f_clk_i/X (sg13g2_buf_16)
                                                         clknet_5_22__leaf_clk_i (net)
                      0.022180    0.001452    0.259004 ^ _1267_/CLK (sg13g2_dfrbpq_1)
     8    0.037710    0.157436    0.261288    0.520292 ^ _1267_/Q (sg13g2_dfrbpq_1)
                                                         u_boot_ctrl.word_cnt[8] (net)
                      0.157457    0.001868    0.522160 ^ _0871_/A1 (sg13g2_a21oi_1)
     1    0.002346    0.020238    0.090316    0.612475 v _0871_/Y (sg13g2_a21oi_1)
                                                         _0049_ (net)
                      0.020238    0.000146    0.612621 v _1267_/D (sg13g2_dfrbpq_1)
                                              0.612621   data arrival time

                                  0.000000    0.000000   clock clk_i (rise edge)
                                  0.000000    0.000000   clock source latency
     1    0.040138    0.000000    0.000000    0.000000 ^ clk_i (in)
                                                         clk_i (net)
                      0.006155    0.003077    0.003077 ^ clkbuf_0_clk_i/A (sg13g2_buf_16)
    16    0.204016    0.064014    0.082240    0.085317 ^ clkbuf_0_clk_i/X (sg13g2_buf_16)
                                                         clknet_0_clk_i (net)
                      0.070685    0.015966    0.101284 ^ clkbuf_4_11_0_clk_i/A (sg13g2_buf_8)
     2    0.041199    0.034586    0.096210    0.197494 ^ clkbuf_4_11_0_clk_i/X (sg13g2_buf_8)
                                                         clknet_4_11_0_clk_i (net)
                      0.034914    0.002334    0.199828 ^ clkbuf_5_22__f_clk_i/A (sg13g2_buf_16)
     5    0.033631    0.022778    0.069931    0.269758 ^ clkbuf_5_22__f_clk_i/X (sg13g2_buf_16)
                                                         clknet_5_22__leaf_clk_i (net)
                      0.022809    0.001565    0.271324 ^ _1267_/CLK (sg13g2_dfrbpq_1)
                                  0.100000    0.371324   clock uncertainty
                                 -0.012320    0.359004   clock reconvergence pessimism
                                 -0.033873    0.325131   library hold time
                                              0.325131   data required time
---------------------------------------------------------------------------------------------
                                              0.325131   data required time
                                             -0.612621   data arrival time
---------------------------------------------------------------------------------------------
                                              0.287490   slack (MET)


Startpoint: _1294_ (rising edge-triggered flip-flop clocked by clk_i)
Endpoint: _1328_ (rising edge-triggered flip-flop clocked by clk_i)
Path Group: clk_i
Path Type: min

Fanout         Cap        Slew       Delay        Time   Description
---------------------------------------------------------------------------------------------
                                  0.000000    0.000000   clock clk_i (rise edge)
                                  0.000000    0.000000   clock source latency
     1    0.037465    0.000000    0.000000    0.000000 ^ clk_i (in)
                                                         clk_i (net)
                      0.005567    0.002783    0.002783 ^ clkbuf_0_clk_i/A (sg13g2_buf_16)
    16    0.183519    0.058569    0.078991    0.081774 ^ clkbuf_0_clk_i/X (sg13g2_buf_16)
                                                         clknet_0_clk_i (net)
                      0.059829    0.006783    0.088558 ^ clkbuf_4_6_0_clk_i/A (sg13g2_buf_8)
     2    0.037847    0.032574    0.089261    0.177818 ^ clkbuf_4_6_0_clk_i/X (sg13g2_buf_8)
                                                         clknet_4_6_0_clk_i (net)
                      0.033067    0.002976    0.180794 ^ clkbuf_5_13__f_clk_i/A (sg13g2_buf_16)
     6    0.027488    0.021320    0.067856    0.248651 ^ clkbuf_5_13__f_clk_i/X (sg13g2_buf_16)
                                                         clknet_5_13__leaf_clk_i (net)
                      0.021406    0.002273    0.250924 ^ _1294_/CLK (sg13g2_dfrbpq_1)
     3    0.013226    0.048821    0.184849    0.435773 v _1294_/Q (sg13g2_dfrbpq_1)
                                                         u_boot_ctrl.word_asm[1] (net)
                      0.048853    0.001140    0.436914 v _1075_/A1 (sg13g2_mux2_1)
     1    0.003792    0.031433    0.118612    0.555526 v _1075_/X (sg13g2_mux2_1)
                                                         _0437_ (net)
                      0.031433    0.000151    0.555677 v _1076_/A (sg13g2_and2_1)
     1    0.002139    0.018232    0.064726    0.620402 v _1076_/X (sg13g2_and2_1)
                                                         _0110_ (net)
                      0.018232    0.000154    0.620556 v _1328_/D (sg13g2_dfrbpq_1)
                                              0.620556   data arrival time

                                  0.000000    0.000000   clock clk_i (rise edge)
                                  0.000000    0.000000   clock source latency
     1    0.040138    0.000000    0.000000    0.000000 ^ clk_i (in)
                                                         clk_i (net)
                      0.006155    0.003077    0.003077 ^ clkbuf_0_clk_i/A (sg13g2_buf_16)
    16    0.204016    0.064014    0.082240    0.085317 ^ clkbuf_0_clk_i/X (sg13g2_buf_16)
                                                         clknet_0_clk_i (net)
                      0.069050    0.013853    0.099170 ^ clkbuf_4_13_0_clk_i/A (sg13g2_buf_8)
     2    0.040943    0.034350    0.094730    0.193901 ^ clkbuf_4_13_0_clk_i/X (sg13g2_buf_8)
                                                         clknet_4_13_0_clk_i (net)
                      0.034918    0.003258    0.197159 ^ clkbuf_5_27__f_clk_i/A (sg13g2_buf_16)
     5    0.024933    0.020822    0.068437    0.265596 ^ clkbuf_5_27__f_clk_i/X (sg13g2_buf_16)
                                                         clknet_5_27__leaf_clk_i (net)
                      0.020832    0.000887    0.266483 ^ _1328_/CLK (sg13g2_dfrbpq_1)
                                  0.100000    0.366483   clock uncertainty
                                 -0.003543    0.362940   clock reconvergence pessimism
                                 -0.033650    0.329289   library hold time
                                              0.329289   data required time
---------------------------------------------------------------------------------------------
                                              0.329289   data required time
                                             -0.620556   data arrival time
---------------------------------------------------------------------------------------------
                                              0.291267   slack (MET)


Startpoint: _1370_ (rising edge-triggered flip-flop clocked by clk_i)
Endpoint: _1371_ (rising edge-triggered flip-flop clocked by clk_i)
Path Group: clk_i
Path Type: min

Fanout         Cap        Slew       Delay        Time   Description
---------------------------------------------------------------------------------------------
                                  0.000000    0.000000   clock clk_i (rise edge)
                                  0.000000    0.000000   clock source latency
     1    0.037465    0.000000    0.000000    0.000000 ^ clk_i (in)
                                                         clk_i (net)
                      0.005567    0.002783    0.002783 ^ clkbuf_0_clk_i/A (sg13g2_buf_16)
    16    0.183519    0.058569    0.078991    0.081774 ^ clkbuf_0_clk_i/X (sg13g2_buf_16)
                                                         clknet_0_clk_i (net)
                      0.059897    0.006950    0.088724 ^ clkbuf_4_3_0_clk_i/A (sg13g2_buf_8)
     2    0.038003    0.032631    0.089294    0.178018 ^ clkbuf_4_3_0_clk_i/X (sg13g2_buf_8)
                                                         clknet_4_3_0_clk_i (net)
                      0.033133    0.002969    0.180987 ^ clkbuf_5_6__f_clk_i/A (sg13g2_buf_16)
     5    0.024413    0.020623    0.067375    0.248362 ^ clkbuf_5_6__f_clk_i/X (sg13g2_buf_16)
                                                         clknet_5_6__leaf_clk_i (net)
                      0.020649    0.001345    0.249706 ^ _1370_/CLK (sg13g2_dfrbpq_1)
     1    0.003746    0.021783    0.161863    0.411569 v _1370_/Q (sg13g2_dfrbpq_1)
                                                         u_spi.tx_shift[0] (net)
                      0.021783    0.000260    0.411829 v _1175_/C (sg13g2_nand3_1)
     2    0.007900    0.050469    0.052492    0.464320 ^ _1175_/Y (sg13g2_nand3_1)
                                                         _0495_ (net)
                      0.050470    0.000434    0.464754 ^ _1178_/B2 (sg13g2_a22oi_1)
     1    0.005102    0.045708    0.062682    0.527437 v _1178_/Y (sg13g2_a22oi_1)
                                                         _0497_ (net)
                      0.045710    0.000306    0.527743 v _1179_/B1 (sg13g2_a21o_1)
     1    0.002675    0.022438    0.081588    0.609331 v _1179_/X (sg13g2_a21o_1)
                                                         _0153_ (net)
                      0.022438    0.000162    0.609493 v _1371_/D (sg13g2_dfrbpq_1)
                                              0.609493   data arrival time

                                  0.000000    0.000000   clock clk_i (rise edge)
                                  0.000000    0.000000   clock source latency
     1    0.040138    0.000000    0.000000    0.000000 ^ clk_i (in)
                                                         clk_i (net)
                      0.006155    0.003077    0.003077 ^ clkbuf_0_clk_i/A (sg13g2_buf_16)
    16    0.204016    0.064014    0.082240    0.085317 ^ clkbuf_0_clk_i/X (sg13g2_buf_16)
                                                         clknet_0_clk_i (net)
                      0.065508    0.007752    0.093070 ^ clkbuf_4_3_0_clk_i/A (sg13g2_buf_8)
     2    0.043348    0.035319    0.093848    0.186918 ^ clkbuf_4_3_0_clk_i/X (sg13g2_buf_8)
                                                         clknet_4_3_0_clk_i (net)
                      0.035915    0.003406    0.190324 ^ clkbuf_5_6__f_clk_i/A (sg13g2_buf_16)
     5    0.026650    0.021263    0.069118    0.259442 ^ clkbuf_5_6__f_clk_i/X (sg13g2_buf_16)
                                                         clknet_5_6__leaf_clk_i (net)
                      0.021317    0.001920    0.261361 ^ _1371_/CLK (sg13g2_dfrbpq_1)
                                  0.100000    0.361361   clock uncertainty
                                 -0.011080    0.350281   clock reconvergence pessimism
                                 -0.034882    0.315400   library hold time
                                              0.315400   data required time
---------------------------------------------------------------------------------------------
                                              0.315400   data required time
                                             -0.609493   data arrival time
---------------------------------------------------------------------------------------------
                                              0.294093   slack (MET)


Startpoint: _1285_ (rising edge-triggered flip-flop clocked by clk_i)
Endpoint: _1285_ (rising edge-triggered flip-flop clocked by clk_i)
Path Group: clk_i
Path Type: min

Fanout         Cap        Slew       Delay        Time   Description
---------------------------------------------------------------------------------------------
                                  0.000000    0.000000   clock clk_i (rise edge)
                                  0.000000    0.000000   clock source latency
     1    0.037465    0.000000    0.000000    0.000000 ^ clk_i (in)
                                                         clk_i (net)
                      0.005567    0.002783    0.002783 ^ clkbuf_0_clk_i/A (sg13g2_buf_16)
    16    0.183519    0.058569    0.078991    0.081774 ^ clkbuf_0_clk_i/X (sg13g2_buf_16)
                                                         clknet_0_clk_i (net)
                      0.063046    0.012508    0.094282 ^ clkbuf_4_8_0_clk_i/A (sg13g2_buf_8)
     2    0.037694    0.032701    0.090964    0.185246 ^ clkbuf_4_8_0_clk_i/X (sg13g2_buf_8)
                                                         clknet_4_8_0_clk_i (net)
                      0.033031    0.002447    0.187693 ^ clkbuf_5_16__f_clk_i/A (sg13g2_buf_16)
     6    0.031614    0.022241    0.068775    0.256469 ^ clkbuf_5_16__f_clk_i/X (sg13g2_buf_16)
                                                         clknet_5_16__leaf_clk_i (net)
                      0.022258    0.001200    0.257669 ^ _1285_/CLK (sg13g2_dfrbpq_1)
     5    0.018323    0.064119    0.197903    0.455572 v _1285_/Q (sg13g2_dfrbpq_1)
                                                         u_boot_ctrl.word_cnt[26] (net)
                      0.064122    0.000451    0.456023 v _0706_/A (sg13g2_inv_1)
     2    0.012542    0.065106    0.071331    0.527354 ^ _0706_/Y (sg13g2_inv_1)
                                                         _0177_ (net)
                      0.065116    0.000675    0.528029 ^ _0940_/A1 (sg13g2_a221oi_1)
     1    0.003597    0.052401    0.082310    0.610339 v _0940_/Y (sg13g2_a221oi_1)
                                                         _0067_ (net)
                      0.052401    0.000201    0.610540 v _1285_/D (sg13g2_dfrbpq_1)
                                              0.610540   data arrival time

                                  0.000000    0.000000   clock clk_i (rise edge)
                                  0.000000    0.000000   clock source latency
     1    0.040138    0.000000    0.000000    0.000000 ^ clk_i (in)
                                                         clk_i (net)
                      0.006155    0.003077    0.003077 ^ clkbuf_0_clk_i/A (sg13g2_buf_16)
    16    0.204016    0.064014    0.082240    0.085317 ^ clkbuf_0_clk_i/X (sg13g2_buf_16)
                                                         clknet_0_clk_i (net)
                      0.069099    0.013921    0.099238 ^ clkbuf_4_8_0_clk_i/A (sg13g2_buf_8)
     2    0.043040    0.035193    0.095802    0.195040 ^ clkbuf_4_8_0_clk_i/X (sg13g2_buf_8)
                                                         clknet_4_8_0_clk_i (net)
                      0.035782    0.002803    0.197843 ^ clkbuf_5_16__f_clk_i/A (sg13g2_buf_16)
     6    0.034298    0.022970    0.070601    0.268444 ^ clkbuf_5_16__f_clk_i/X (sg13g2_buf_16)
                                                         clknet_5_16__leaf_clk_i (net)
                      0.022989    0.001308    0.269752 ^ _1285_/CLK (sg13g2_dfrbpq_1)
                                  0.100000    0.369752   clock uncertainty
                                 -0.012084    0.357669   clock reconvergence pessimism
                                 -0.044029    0.313639   library hold time
                                              0.313639   data required time
---------------------------------------------------------------------------------------------
                                              0.313639   data required time
                                             -0.610540   data arrival time
---------------------------------------------------------------------------------------------
                                              0.296901   slack (MET)


Startpoint: _1371_ (rising edge-triggered flip-flop clocked by clk_i)
Endpoint: _1372_ (rising edge-triggered flip-flop clocked by clk_i)
Path Group: clk_i
Path Type: min

Fanout         Cap        Slew       Delay        Time   Description
---------------------------------------------------------------------------------------------
                                  0.000000    0.000000   clock clk_i (rise edge)
                                  0.000000    0.000000   clock source latency
     1    0.037465    0.000000    0.000000    0.000000 ^ clk_i (in)
                                                         clk_i (net)
                      0.005567    0.002783    0.002783 ^ clkbuf_0_clk_i/A (sg13g2_buf_16)
    16    0.183519    0.058569    0.078991    0.081774 ^ clkbuf_0_clk_i/X (sg13g2_buf_16)
                                                         clknet_0_clk_i (net)
                      0.059897    0.006950    0.088724 ^ clkbuf_4_3_0_clk_i/A (sg13g2_buf_8)
     2    0.038003    0.032631    0.089294    0.178018 ^ clkbuf_4_3_0_clk_i/X (sg13g2_buf_8)
                                                         clknet_4_3_0_clk_i (net)
                      0.033133    0.002969    0.180987 ^ clkbuf_5_6__f_clk_i/A (sg13g2_buf_16)
     5    0.024413    0.020623    0.067375    0.248362 ^ clkbuf_5_6__f_clk_i/X (sg13g2_buf_16)
                                                         clknet_5_6__leaf_clk_i (net)
                      0.020669    0.001750    0.250112 ^ _1371_/CLK (sg13g2_dfrbpq_1)
     2    0.005448    0.033015    0.170198    0.420310 ^ _1371_/Q (sg13g2_dfrbpq_1)
                                                         u_spi.tx_shift[1] (net)
                      0.033015    0.000177    0.420487 ^ _1180_/B (sg13g2_nor4_1)
     1    0.003596    0.031088    0.042666    0.463153 v _1180_/Y (sg13g2_nor4_1)
                                                         _0498_ (net)
                      0.031088    0.000259    0.463412 v _1182_/C (sg13g2_nor4_1)
     1    0.001660    0.091186    0.109323    0.572735 ^ _1182_/Y (sg13g2_nor4_1)
                                                         _0154_ (net)
                      0.091186    0.000064    0.572799 ^ _1372_/D (sg13g2_dfrbpq_1)
                                              0.572799   data arrival time

                                  0.000000    0.000000   clock clk_i (rise edge)
                                  0.000000    0.000000   clock source latency
     1    0.040138    0.000000    0.000000    0.000000 ^ clk_i (in)
                                                         clk_i (net)
                      0.006155    0.003077    0.003077 ^ clkbuf_0_clk_i/A (sg13g2_buf_16)
    16    0.204016    0.064014    0.082240    0.085317 ^ clkbuf_0_clk_i/X (sg13g2_buf_16)
                                                         clknet_0_clk_i (net)
                      0.065508    0.007752    0.093070 ^ clkbuf_4_3_0_clk_i/A (sg13g2_buf_8)
     2    0.043348    0.035319    0.093848    0.186918 ^ clkbuf_4_3_0_clk_i/X (sg13g2_buf_8)
                                                         clknet_4_3_0_clk_i (net)
                      0.035915    0.003406    0.190324 ^ clkbuf_5_6__f_clk_i/A (sg13g2_buf_16)
     5    0.026650    0.021263    0.069118    0.259442 ^ clkbuf_5_6__f_clk_i/X (sg13g2_buf_16)
                                                         clknet_5_6__leaf_clk_i (net)
                      0.021298    0.001575    0.261017 ^ _1372_/CLK (sg13g2_dfrbpq_1)
                                  0.100000    0.361017   clock uncertainty
                                 -0.011080    0.349937   clock reconvergence pessimism
                                 -0.078189    0.271748   library hold time
                                              0.271748   data required time
---------------------------------------------------------------------------------------------
                                              0.271748   data required time
                                             -0.572799   data arrival time
---------------------------------------------------------------------------------------------
                                              0.301051   slack (MET)


Startpoint: _1287_ (rising edge-triggered flip-flop clocked by clk_i)
Endpoint: _1287_ (rising edge-triggered flip-flop clocked by clk_i)
Path Group: clk_i
Path Type: min

Fanout         Cap        Slew       Delay        Time   Description
---------------------------------------------------------------------------------------------
                                  0.000000    0.000000   clock clk_i (rise edge)
                                  0.000000    0.000000   clock source latency
     1    0.037465    0.000000    0.000000    0.000000 ^ clk_i (in)
                                                         clk_i (net)
                      0.005567    0.002783    0.002783 ^ clkbuf_0_clk_i/A (sg13g2_buf_16)
    16    0.183519    0.058569    0.078991    0.081774 ^ clkbuf_0_clk_i/X (sg13g2_buf_16)
                                                         clknet_0_clk_i (net)
                      0.063046    0.012508    0.094282 ^ clkbuf_4_8_0_clk_i/A (sg13g2_buf_8)
     2    0.037694    0.032701    0.090964    0.185246 ^ clkbuf_4_8_0_clk_i/X (sg13g2_buf_8)
                                                         clknet_4_8_0_clk_i (net)
                      0.033031    0.002447    0.187693 ^ clkbuf_5_16__f_clk_i/A (sg13g2_buf_16)
     6    0.031614    0.022241    0.068775    0.256469 ^ clkbuf_5_16__f_clk_i/X (sg13g2_buf_16)
                                                         clknet_5_16__leaf_clk_i (net)
                      0.022258    0.001192    0.257661 ^ _1287_/CLK (sg13g2_dfrbpq_1)
     7    0.031560    0.102208    0.227584    0.485245 v _1287_/Q (sg13g2_dfrbpq_1)
                                                         u_boot_ctrl.word_cnt[28] (net)
                      0.102231    0.001502    0.486747 v _0704_/A (sg13g2_inv_1)
     2    0.007063    0.050479    0.064591    0.551339 ^ _0704_/Y (sg13g2_inv_1)
                                                         _0175_ (net)
                      0.050479    0.000213    0.551552 ^ _0949_/A1 (sg13g2_a221oi_1)
     1    0.002150    0.041484    0.068941    0.620493 v _0949_/Y (sg13g2_a221oi_1)
                                                         _0069_ (net)
                      0.041484    0.000080    0.620572 v _1287_/D (sg13g2_dfrbpq_1)
                                              0.620572   data arrival time

                                  0.000000    0.000000   clock clk_i (rise edge)
                                  0.000000    0.000000   clock source latency
     1    0.040138    0.000000    0.000000    0.000000 ^ clk_i (in)
                                                         clk_i (net)
                      0.006155    0.003077    0.003077 ^ clkbuf_0_clk_i/A (sg13g2_buf_16)
    16    0.204016    0.064014    0.082240    0.085317 ^ clkbuf_0_clk_i/X (sg13g2_buf_16)
                                                         clknet_0_clk_i (net)
                      0.069099    0.013921    0.099238 ^ clkbuf_4_8_0_clk_i/A (sg13g2_buf_8)
     2    0.043040    0.035193    0.095802    0.195040 ^ clkbuf_4_8_0_clk_i/X (sg13g2_buf_8)
                                                         clknet_4_8_0_clk_i (net)
                      0.035782    0.002803    0.197843 ^ clkbuf_5_16__f_clk_i/A (sg13g2_buf_16)
     6    0.034298    0.022970    0.070601    0.268444 ^ clkbuf_5_16__f_clk_i/X (sg13g2_buf_16)
                                                         clknet_5_16__leaf_clk_i (net)
                      0.022988    0.001298    0.269742 ^ _1287_/CLK (sg13g2_dfrbpq_1)
                                  0.100000    0.369742   clock uncertainty
                                 -0.012081    0.357661   clock reconvergence pessimism
                                 -0.040569    0.317092   library hold time
                                              0.317092   data required time
---------------------------------------------------------------------------------------------
                                              0.317092   data required time
                                             -0.620572   data arrival time
---------------------------------------------------------------------------------------------
                                              0.303481   slack (MET)


Startpoint: _1260_ (rising edge-triggered flip-flop clocked by clk_i)
Endpoint: _1260_ (rising edge-triggered flip-flop clocked by clk_i)
Path Group: clk_i
Path Type: min

Fanout         Cap        Slew       Delay        Time   Description
---------------------------------------------------------------------------------------------
                                  0.000000    0.000000   clock clk_i (rise edge)
                                  0.000000    0.000000   clock source latency
     1    0.037465    0.000000    0.000000    0.000000 ^ clk_i (in)
                                                         clk_i (net)
                      0.005567    0.002783    0.002783 ^ clkbuf_0_clk_i/A (sg13g2_buf_16)
    16    0.183519    0.058569    0.078991    0.081774 ^ clkbuf_0_clk_i/X (sg13g2_buf_16)
                                                         clknet_0_clk_i (net)
                      0.062703    0.012015    0.093789 ^ clkbuf_4_15_0_clk_i/A (sg13g2_buf_8)
     2    0.038071    0.032846    0.090910    0.184699 ^ clkbuf_4_15_0_clk_i/X (sg13g2_buf_8)
                                                         clknet_4_15_0_clk_i (net)
                      0.033182    0.002431    0.187130 ^ clkbuf_5_31__f_clk_i/A (sg13g2_buf_16)
     5    0.026937    0.021199    0.067981    0.255111 ^ clkbuf_5_31__f_clk_i/X (sg13g2_buf_16)
                                                         clknet_5_31__leaf_clk_i (net)
                      0.021212    0.001019    0.256130 ^ _1260_/CLK (sg13g2_dfrbpq_1)
     7    0.026311    0.086414    0.215659    0.471790 v _1260_/Q (sg13g2_dfrbpq_1)
                                                         u_boot_ctrl.word_cnt[1] (net)
                      0.086427    0.001111    0.472901 v _0848_/B1 (sg13g2_a21o_1)
     1    0.002368    0.022813    0.097549    0.570451 v _0848_/X (sg13g2_a21o_1)
                                                         _0277_ (net)
                      0.022813    0.000093    0.570544 v _0850_/A (sg13g2_and4_1)
     1    0.002378    0.020277    0.068968    0.639512 v _0850_/X (sg13g2_and4_1)
                                                         _0042_ (net)
                      0.020277    0.000089    0.639602 v _1260_/D (sg13g2_dfrbpq_1)
                                              0.639602   data arrival time

                                  0.000000    0.000000   clock clk_i (rise edge)
                                  0.000000    0.000000   clock source latency
     1    0.040138    0.000000    0.000000    0.000000 ^ clk_i (in)
                                                         clk_i (net)
                      0.006155    0.003077    0.003077 ^ clkbuf_0_clk_i/A (sg13g2_buf_16)
    16    0.204016    0.064014    0.082240    0.085317 ^ clkbuf_0_clk_i/X (sg13g2_buf_16)
                                                         clknet_0_clk_i (net)
                      0.068718    0.013390    0.098708 ^ clkbuf_4_15_0_clk_i/A (sg13g2_buf_8)
     2    0.043417    0.035324    0.095723    0.194431 ^ clkbuf_4_15_0_clk_i/X (sg13g2_buf_8)
                                                         clknet_4_15_0_clk_i (net)
                      0.035932    0.002781    0.197211 ^ clkbuf_5_31__f_clk_i/A (sg13g2_buf_16)
     5    0.029174    0.021835    0.069727    0.266938 ^ clkbuf_5_31__f_clk_i/X (sg13g2_buf_16)
                                                         clknet_5_31__leaf_clk_i (net)
                      0.021849    0.001100    0.268038 ^ _1260_/CLK (sg13g2_dfrbpq_1)
                                  0.100000    0.368038   clock uncertainty
                                 -0.011908    0.356130   clock reconvergence pessimism
                                 -0.034086    0.322044   library hold time
                                              0.322044   data required time
---------------------------------------------------------------------------------------------
                                              0.322044   data required time
                                             -0.639602   data arrival time
---------------------------------------------------------------------------------------------
                                              0.317557   slack (MET)


Startpoint: _1277_ (rising edge-triggered flip-flop clocked by clk_i)
Endpoint: _1277_ (rising edge-triggered flip-flop clocked by clk_i)
Path Group: clk_i
Path Type: min

Fanout         Cap        Slew       Delay        Time   Description
---------------------------------------------------------------------------------------------
                                  0.000000    0.000000   clock clk_i (rise edge)
                                  0.000000    0.000000   clock source latency
     1    0.037465    0.000000    0.000000    0.000000 ^ clk_i (in)
                                                         clk_i (net)
                      0.005567    0.002783    0.002783 ^ clkbuf_0_clk_i/A (sg13g2_buf_16)
    16    0.183519    0.058569    0.078991    0.081774 ^ clkbuf_0_clk_i/X (sg13g2_buf_16)
                                                         clknet_0_clk_i (net)
                      0.062970    0.012400    0.094174 ^ clkbuf_4_9_0_clk_i/A (sg13g2_buf_8)
     2    0.037106    0.032444    0.090691    0.184866 ^ clkbuf_4_9_0_clk_i/X (sg13g2_buf_8)
                                                         clknet_4_9_0_clk_i (net)
                      0.032757    0.002437    0.187303 ^ clkbuf_5_19__f_clk_i/A (sg13g2_buf_16)
     6    0.030083    0.021887    0.068183    0.255486 ^ clkbuf_5_19__f_clk_i/X (sg13g2_buf_16)
                                                         clknet_5_19__leaf_clk_i (net)
                      0.021931    0.001776    0.257262 ^ _1277_/CLK (sg13g2_dfrbpq_1)
     6    0.023191    0.077708    0.209098    0.466360 v _1277_/Q (sg13g2_dfrbpq_1)
                                                         u_boot_ctrl.word_cnt[18] (net)
                      0.077732    0.001285    0.467644 v _0713_/A (sg13g2_inv_1)
     2    0.016477    0.083463    0.091031    0.558676 ^ _0713_/Y (sg13g2_inv_1)
                                                         _0184_ (net)
                      0.083471    0.000828    0.559503 ^ _0909_/A1 (sg13g2_a221oi_1)
     1    0.001969    0.041845    0.083210    0.642714 v _0909_/Y (sg13g2_a221oi_1)
                                                         _0059_ (net)
                      0.041845    0.000129    0.642843 v _1277_/D (sg13g2_dfrbpq_1)
                                              0.642843   data arrival time

                                  0.000000    0.000000   clock clk_i (rise edge)
                                  0.000000    0.000000   clock source latency
     1    0.040138    0.000000    0.000000    0.000000 ^ clk_i (in)
                                                         clk_i (net)
                      0.006155    0.003077    0.003077 ^ clkbuf_0_clk_i/A (sg13g2_buf_16)
    16    0.204016    0.064014    0.082240    0.085317 ^ clkbuf_0_clk_i/X (sg13g2_buf_16)
                                                         clknet_0_clk_i (net)
                      0.069011    0.013799    0.099116 ^ clkbuf_4_9_0_clk_i/A (sg13g2_buf_8)
     2    0.042451    0.034933    0.095518    0.194634 ^ clkbuf_4_9_0_clk_i/X (sg13g2_buf_8)
                                                         clknet_4_9_0_clk_i (net)
                      0.035504    0.002795    0.197429 ^ clkbuf_5_19__f_clk_i/A (sg13g2_buf_16)
     6    0.033009    0.022666    0.070021    0.267450 ^ clkbuf_5_19__f_clk_i/X (sg13g2_buf_16)
                                                         clknet_5_19__leaf_clk_i (net)
                      0.022717    0.001949    0.269399 ^ _1277_/CLK (sg13g2_dfrbpq_1)
                                  0.100000    0.369399   clock uncertainty
                                 -0.012137    0.357262   clock reconvergence pessimism
                                 -0.040740    0.316521   library hold time
                                              0.316521   data required time
---------------------------------------------------------------------------------------------
                                              0.316521   data required time
                                             -0.642843   data arrival time
---------------------------------------------------------------------------------------------
                                              0.326322   slack (MET)


Startpoint: _1275_ (rising edge-triggered flip-flop clocked by clk_i)
Endpoint: _1276_ (rising edge-triggered flip-flop clocked by clk_i)
Path Group: clk_i
Path Type: min

Fanout         Cap        Slew       Delay        Time   Description
---------------------------------------------------------------------------------------------
                                  0.000000    0.000000   clock clk_i (rise edge)
                                  0.000000    0.000000   clock source latency
     1    0.037465    0.000000    0.000000    0.000000 ^ clk_i (in)
                                                         clk_i (net)
                      0.005567    0.002783    0.002783 ^ clkbuf_0_clk_i/A (sg13g2_buf_16)
    16    0.183519    0.058569    0.078991    0.081774 ^ clkbuf_0_clk_i/X (sg13g2_buf_16)
                                                         clknet_0_clk_i (net)
                      0.062711    0.012027    0.093801 ^ clkbuf_4_12_0_clk_i/A (sg13g2_buf_8)
     2    0.034811    0.031533    0.090015    0.183816 ^ clkbuf_4_12_0_clk_i/X (sg13g2_buf_8)
                                                         clknet_4_12_0_clk_i (net)
                      0.031654    0.001914    0.185730 ^ clkbuf_5_25__f_clk_i/A (sg13g2_buf_16)
     6    0.026119    0.020943    0.066940    0.252670 ^ clkbuf_5_25__f_clk_i/X (sg13g2_buf_16)
                                                         clknet_5_25__leaf_clk_i (net)
                      0.021011    0.002089    0.254759 ^ _1275_/CLK (sg13g2_dfrbpq_1)
     7    0.032476    0.105610    0.228206    0.482965 v _1275_/Q (sg13g2_dfrbpq_1)
                                                         u_boot_ctrl.word_cnt[16] (net)
                      0.105697    0.002779    0.485745 v _0902_/A (sg13g2_nand4_1)
     2    0.009181    0.057746    0.084481    0.570226 ^ _0902_/Y (sg13g2_nand4_1)
                                                         _0316_ (net)
                      0.057752    0.000545    0.570771 ^ _0906_/A2 (sg13g2_a221oi_1)
     1    0.001679    0.043738    0.072652    0.643423 v _0906_/Y (sg13g2_a221oi_1)
                                                         _0058_ (net)
                      0.043738    0.000064    0.643487 v _1276_/D (sg13g2_dfrbpq_1)
                                              0.643487   data arrival time

                                  0.000000    0.000000   clock clk_i (rise edge)
                                  0.000000    0.000000   clock source latency
     1    0.040138    0.000000    0.000000    0.000000 ^ clk_i (in)
                                                         clk_i (net)
                      0.006155    0.003077    0.003077 ^ clkbuf_0_clk_i/A (sg13g2_buf_16)
    16    0.204016    0.064014    0.082240    0.085317 ^ clkbuf_0_clk_i/X (sg13g2_buf_16)
                                                         clknet_0_clk_i (net)
                      0.068727    0.013403    0.098720 ^ clkbuf_4_12_0_clk_i/A (sg13g2_buf_8)
     2    0.040157    0.034068    0.094903    0.193623 ^ clkbuf_4_12_0_clk_i/X (sg13g2_buf_8)
                                                         clknet_4_12_0_clk_i (net)
                      0.034345    0.002217    0.195841 ^ clkbuf_5_25__f_clk_i/A (sg13g2_buf_16)
     6    0.029046    0.021729    0.068757    0.264598 ^ clkbuf_5_25__f_clk_i/X (sg13g2_buf_16)
                                                         clknet_5_25__leaf_clk_i (net)
                      0.021808    0.002217    0.266815 ^ _1276_/CLK (sg13g2_dfrbpq_1)
                                  0.100000    0.366815   clock uncertainty
                                 -0.011928    0.354887   clock reconvergence pessimism
                                 -0.041529    0.313358   library hold time
                                              0.313358   data required time
---------------------------------------------------------------------------------------------
                                              0.313358   data required time
                                             -0.643487   data arrival time
---------------------------------------------------------------------------------------------
                                              0.330129   slack (MET)


Startpoint: _1259_ (rising edge-triggered flip-flop clocked by clk_i)
Endpoint: _1259_ (rising edge-triggered flip-flop clocked by clk_i)
Path Group: clk_i
Path Type: min

Fanout         Cap        Slew       Delay        Time   Description
---------------------------------------------------------------------------------------------
                                  0.000000    0.000000   clock clk_i (rise edge)
                                  0.000000    0.000000   clock source latency
     1    0.037465    0.000000    0.000000    0.000000 ^ clk_i (in)
                                                         clk_i (net)
                      0.005567    0.002783    0.002783 ^ clkbuf_0_clk_i/A (sg13g2_buf_16)
    16    0.183519    0.058569    0.078991    0.081774 ^ clkbuf_0_clk_i/X (sg13g2_buf_16)
                                                         clknet_0_clk_i (net)
                      0.062680    0.011981    0.093755 ^ clkbuf_4_14_0_clk_i/A (sg13g2_buf_8)
     2    0.037704    0.032763    0.091049    0.184804 ^ clkbuf_4_14_0_clk_i/X (sg13g2_buf_8)
                                                         clknet_4_14_0_clk_i (net)
                      0.032874    0.001397    0.186202 ^ clkbuf_5_29__f_clk_i/A (sg13g2_buf_16)
     6    0.027786    0.021373    0.067964    0.254166 ^ clkbuf_5_29__f_clk_i/X (sg13g2_buf_16)
                                                         clknet_5_29__leaf_clk_i (net)
                      0.021394    0.001297    0.255463 ^ _1259_/CLK (sg13g2_dfrbpq_1)
     2    0.006665    0.037484    0.174095    0.429558 ^ _1259_/Q (sg13g2_dfrbpq_1)
                                                         u_boot_ctrl.word_cnt[0] (net)
                      0.037485    0.000263    0.429821 ^ fanout133/A (sg13g2_buf_1)
     8    0.029388    0.125669    0.139191    0.569012 ^ fanout133/X (sg13g2_buf_1)
                                                         net133 (net)
                      0.125689    0.001327    0.570339 ^ _0847_/A2 (sg13g2_a21oi_1)
     1    0.001876    0.019686    0.083858    0.654197 v _0847_/Y (sg13g2_a21oi_1)
                                                         _0041_ (net)
                      0.019686    0.000072    0.654269 v _1259_/D (sg13g2_dfrbpq_1)
                                              0.654269   data arrival time

                                  0.000000    0.000000   clock clk_i (rise edge)
                                  0.000000    0.000000   clock source latency
     1    0.040138    0.000000    0.000000    0.000000 ^ clk_i (in)
                                                         clk_i (net)
                      0.006155    0.003077    0.003077 ^ clkbuf_0_clk_i/A (sg13g2_buf_16)
    16    0.204016    0.064014    0.082240    0.085317 ^ clkbuf_0_clk_i/X (sg13g2_buf_16)
                                                         clknet_0_clk_i (net)
                      0.068691    0.013352    0.098669 ^ clkbuf_4_14_0_clk_i/A (sg13g2_buf_8)
     2    0.043050    0.035287    0.095926    0.194595 ^ clkbuf_4_14_0_clk_i/X (sg13g2_buf_8)
                                                         clknet_4_14_0_clk_i (net)
                      0.035555    0.001603    0.196198 ^ clkbuf_5_29__f_clk_i/A (sg13g2_buf_16)
     6    0.030713    0.022158    0.069800    0.265998 ^ clkbuf_5_29__f_clk_i/X (sg13g2_buf_16)
                                                         clknet_5_29__leaf_clk_i (net)
                      0.022184    0.001440    0.267438 ^ _1259_/CLK (sg13g2_dfrbpq_1)
                                  0.100000    0.367438   clock uncertainty
                                 -0.011976    0.355463   clock reconvergence pessimism
                                 -0.033829    0.321633   library hold time
                                              0.321633   data required time
---------------------------------------------------------------------------------------------
                                              0.321633   data required time
                                             -0.654269   data arrival time
---------------------------------------------------------------------------------------------
                                              0.332636   slack (MET)


Startpoint: _1275_ (rising edge-triggered flip-flop clocked by clk_i)
Endpoint: _1275_ (rising edge-triggered flip-flop clocked by clk_i)
Path Group: clk_i
Path Type: min

Fanout         Cap        Slew       Delay        Time   Description
---------------------------------------------------------------------------------------------
                                  0.000000    0.000000   clock clk_i (rise edge)
                                  0.000000    0.000000   clock source latency
     1    0.037465    0.000000    0.000000    0.000000 ^ clk_i (in)
                                                         clk_i (net)
                      0.005567    0.002783    0.002783 ^ clkbuf_0_clk_i/A (sg13g2_buf_16)
    16    0.183519    0.058569    0.078991    0.081774 ^ clkbuf_0_clk_i/X (sg13g2_buf_16)
                                                         clknet_0_clk_i (net)
                      0.062711    0.012027    0.093801 ^ clkbuf_4_12_0_clk_i/A (sg13g2_buf_8)
     2    0.034811    0.031533    0.090015    0.183816 ^ clkbuf_4_12_0_clk_i/X (sg13g2_buf_8)
                                                         clknet_4_12_0_clk_i (net)
                      0.031654    0.001914    0.185730 ^ clkbuf_5_25__f_clk_i/A (sg13g2_buf_16)
     6    0.026119    0.020943    0.066940    0.252670 ^ clkbuf_5_25__f_clk_i/X (sg13g2_buf_16)
                                                         clknet_5_25__leaf_clk_i (net)
                      0.021011    0.002089    0.254759 ^ _1275_/CLK (sg13g2_dfrbpq_1)
     7    0.032476    0.105610    0.228206    0.482965 v _1275_/Q (sg13g2_dfrbpq_1)
                                                         u_boot_ctrl.word_cnt[16] (net)
                      0.105659    0.002164    0.485129 v _0901_/B1 (sg13g2_a21o_1)
     1    0.002401    0.023540    0.104236    0.589366 v _0901_/X (sg13g2_a21o_1)
                                                         _0315_ (net)
                      0.023540    0.000094    0.589460 v _0903_/A (sg13g2_and4_1)
     1    0.002234    0.019921    0.068937    0.658397 v _0903_/X (sg13g2_and4_1)
                                                         _0057_ (net)
                      0.019921    0.000084    0.658481 v _1275_/D (sg13g2_dfrbpq_1)
                                              0.658481   data arrival time

                                  0.000000    0.000000   clock clk_i (rise edge)
                                  0.000000    0.000000   clock source latency
     1    0.040138    0.000000    0.000000    0.000000 ^ clk_i (in)
                                                         clk_i (net)
                      0.006155    0.003077    0.003077 ^ clkbuf_0_clk_i/A (sg13g2_buf_16)
    16    0.204016    0.064014    0.082240    0.085317 ^ clkbuf_0_clk_i/X (sg13g2_buf_16)
                                                         clknet_0_clk_i (net)
                      0.068727    0.013403    0.098720 ^ clkbuf_4_12_0_clk_i/A (sg13g2_buf_8)
     2    0.040157    0.034068    0.094903    0.193623 ^ clkbuf_4_12_0_clk_i/X (sg13g2_buf_8)
                                                         clknet_4_12_0_clk_i (net)
                      0.034345    0.002217    0.195841 ^ clkbuf_5_25__f_clk_i/A (sg13g2_buf_16)
     6    0.029046    0.021729    0.068757    0.264598 ^ clkbuf_5_25__f_clk_i/X (sg13g2_buf_16)
                                                         clknet_5_25__leaf_clk_i (net)
                      0.021817    0.002311    0.266909 ^ _1275_/CLK (sg13g2_dfrbpq_1)
                                  0.100000    0.366909   clock uncertainty
                                 -0.012150    0.354759   clock reconvergence pessimism
                                 -0.033980    0.320779   library hold time
                                              0.320779   data required time
---------------------------------------------------------------------------------------------
                                              0.320779   data required time
                                             -0.658481   data arrival time
---------------------------------------------------------------------------------------------
                                              0.337702   slack (MET)


Startpoint: _1365_ (rising edge-triggered flip-flop clocked by clk_i)
Endpoint: _1365_ (rising edge-triggered flip-flop clocked by clk_i)
Path Group: clk_i
Path Type: min

Fanout         Cap        Slew       Delay        Time   Description
---------------------------------------------------------------------------------------------
                                  0.000000    0.000000   clock clk_i (rise edge)
                                  0.000000    0.000000   clock source latency
     1    0.037465    0.000000    0.000000    0.000000 ^ clk_i (in)
                                                         clk_i (net)
                      0.005567    0.002783    0.002783 ^ clkbuf_0_clk_i/A (sg13g2_buf_16)
    16    0.183519    0.058569    0.078991    0.081774 ^ clkbuf_0_clk_i/X (sg13g2_buf_16)
                                                         clknet_0_clk_i (net)
                      0.061216    0.009638    0.091413 ^ clkbuf_4_0_0_clk_i/A (sg13g2_buf_8)
     2    0.036131    0.031955    0.089484    0.180897 ^ clkbuf_4_0_0_clk_i/X (sg13g2_buf_8)
                                                         clknet_4_0_0_clk_i (net)
                      0.032250    0.002472    0.183369 ^ clkbuf_5_1__f_clk_i/A (sg13g2_buf_16)
     6    0.023568    0.020382    0.066933    0.250301 ^ clkbuf_5_1__f_clk_i/X (sg13g2_buf_16)
                                                         clknet_5_1__leaf_clk_i (net)
                      0.020393    0.000922    0.251223 ^ _1365_/CLK (sg13g2_dfrbpq_1)
     1    0.002827    0.019378    0.159544    0.410768 v _1365_/Q (sg13g2_dfrbpq_1)
                                                         u_spi.div_cnt[3] (net)
                      0.019378    0.000110    0.410878 v fanout124/A (sg13g2_buf_1)
     8    0.032225    0.105363    0.127255    0.538133 v fanout124/X (sg13g2_buf_1)
                                                         net124 (net)
                      0.105413    0.001146    0.539279 v _1160_/C (sg13g2_and4_1)
     1    0.001591    0.020370    0.116326    0.655605 v _1160_/X (sg13g2_and4_1)
                                                         _0147_ (net)
                      0.020370    0.000062    0.655667 v _1365_/D (sg13g2_dfrbpq_1)
                                              0.655667   data arrival time

                                  0.000000    0.000000   clock clk_i (rise edge)
                                  0.000000    0.000000   clock source latency
     1    0.040138    0.000000    0.000000    0.000000 ^ clk_i (in)
                                                         clk_i (net)
                      0.006155    0.003077    0.003077 ^ clkbuf_0_clk_i/A (sg13g2_buf_16)
    16    0.204016    0.064014    0.082240    0.085317 ^ clkbuf_0_clk_i/X (sg13g2_buf_16)
                                                         clknet_0_clk_i (net)
                      0.067028    0.010771    0.096088 ^ clkbuf_4_0_0_clk_i/A (sg13g2_buf_8)
     2    0.041477    0.034567    0.094194    0.190282 ^ clkbuf_4_0_0_clk_i/X (sg13g2_buf_8)
                                                         clknet_4_0_0_clk_i (net)
                      0.034991    0.002851    0.193133 ^ clkbuf_5_1__f_clk_i/A (sg13g2_buf_16)
     6    0.026494    0.021176    0.068814    0.261947 ^ clkbuf_5_1__f_clk_i/X (sg13g2_buf_16)
                                                         clknet_5_1__leaf_clk_i (net)
                      0.021189    0.001028    0.262975 ^ _1365_/CLK (sg13g2_dfrbpq_1)
                                  0.100000    0.362975   clock uncertainty
                                 -0.011752    0.351223   clock reconvergence pessimism
                                 -0.034253    0.316970   library hold time
                                              0.316970   data required time
---------------------------------------------------------------------------------------------
                                              0.316970   data required time
                                             -0.655667   data arrival time
---------------------------------------------------------------------------------------------
                                              0.338697   slack (MET)


Startpoint: _1271_ (rising edge-triggered flip-flop clocked by clk_i)
Endpoint: _1271_ (rising edge-triggered flip-flop clocked by clk_i)
Path Group: clk_i
Path Type: min

Fanout         Cap        Slew       Delay        Time   Description
---------------------------------------------------------------------------------------------
                                  0.000000    0.000000   clock clk_i (rise edge)
                                  0.000000    0.000000   clock source latency
     1    0.037465    0.000000    0.000000    0.000000 ^ clk_i (in)
                                                         clk_i (net)
                      0.005567    0.002783    0.002783 ^ clkbuf_0_clk_i/A (sg13g2_buf_16)
    16    0.183519    0.058569    0.078991    0.081774 ^ clkbuf_0_clk_i/X (sg13g2_buf_16)
                                                         clknet_0_clk_i (net)
                      0.064694    0.014678    0.096453 ^ clkbuf_4_10_0_clk_i/A (sg13g2_buf_8)
     2    0.035921    0.032113    0.091700    0.188153 ^ clkbuf_4_10_0_clk_i/X (sg13g2_buf_8)
                                                         clknet_4_10_0_clk_i (net)
                      0.032119    0.000785    0.188938 ^ clkbuf_5_20__f_clk_i/A (sg13g2_buf_16)
     6    0.023209    0.020293    0.066799    0.255737 ^ clkbuf_5_20__f_clk_i/X (sg13g2_buf_16)
                                                         clknet_5_20__leaf_clk_i (net)
                      0.020303    0.000887    0.256624 ^ _1271_/CLK (sg13g2_dfrbpq_1)
     3    0.009187    0.036968    0.174902    0.431525 v _1271_/Q (sg13g2_dfrbpq_1)
                                                         u_boot_ctrl.word_cnt[12] (net)
                      0.036969    0.000233    0.431758 v fanout132/A (sg13g2_buf_1)
     8    0.032610    0.106368    0.134846    0.566604 v fanout132/X (sg13g2_buf_1)
                                                         net132 (net)
                      0.106404    0.001639    0.568244 v _0882_/A1 (sg13g2_a21oi_1)
     1    0.001716    0.031840    0.078889    0.647132 ^ _0882_/Y (sg13g2_a21oi_1)
                                                         _0053_ (net)
                      0.031841    0.000129    0.647261 ^ _1271_/D (sg13g2_dfrbpq_1)
                                              0.647261   data arrival time

                                  0.000000    0.000000   clock clk_i (rise edge)
                                  0.000000    0.000000   clock source latency
     1    0.040138    0.000000    0.000000    0.000000 ^ clk_i (in)
                                                         clk_i (net)
                      0.006155    0.003077    0.003077 ^ clkbuf_0_clk_i/A (sg13g2_buf_16)
    16    0.204016    0.064014    0.082240    0.085317 ^ clkbuf_0_clk_i/X (sg13g2_buf_16)
                                                         clknet_0_clk_i (net)
                      0.071011    0.016360    0.101678 ^ clkbuf_4_10_0_clk_i/A (sg13g2_buf_8)
     2    0.041267    0.034734    0.096817    0.198495 ^ clkbuf_4_10_0_clk_i/X (sg13g2_buf_8)
                                                         clknet_4_10_0_clk_i (net)
                      0.034776    0.000911    0.199406 ^ clkbuf_5_20__f_clk_i/A (sg13g2_buf_16)
     6    0.025893    0.021029    0.068593    0.267999 ^ clkbuf_5_20__f_clk_i/X (sg13g2_buf_16)
                                                         clknet_5_20__leaf_clk_i (net)
                      0.021041    0.000990    0.268988 ^ _1271_/CLK (sg13g2_dfrbpq_1)
                                  0.100000    0.368988   clock uncertainty
                                 -0.012365    0.356624   clock reconvergence pessimism
                                 -0.062033    0.294590   library hold time
                                              0.294590   data required time
---------------------------------------------------------------------------------------------
                                              0.294590   data required time
                                             -0.647261   data arrival time
---------------------------------------------------------------------------------------------
                                              0.352671   slack (MET)


Startpoint: _1325_ (rising edge-triggered flip-flop clocked by clk_i)
Endpoint: _1386_ (rising edge-triggered flip-flop clocked by clk_i)
Path Group: clk_i
Path Type: min

Fanout         Cap        Slew       Delay        Time   Description
---------------------------------------------------------------------------------------------
                                  0.000000    0.000000   clock clk_i (rise edge)
                                  0.000000    0.000000   clock source latency
     1    0.037465    0.000000    0.000000    0.000000 ^ clk_i (in)
                                                         clk_i (net)
                      0.005567    0.002783    0.002783 ^ clkbuf_0_clk_i/A (sg13g2_buf_16)
    16    0.183519    0.058569    0.078991    0.081774 ^ clkbuf_0_clk_i/X (sg13g2_buf_16)
                                                         clknet_0_clk_i (net)
                      0.062711    0.012027    0.093801 ^ clkbuf_4_12_0_clk_i/A (sg13g2_buf_8)
     2    0.034811    0.031533    0.090015    0.183816 ^ clkbuf_4_12_0_clk_i/X (sg13g2_buf_8)
                                                         clknet_4_12_0_clk_i (net)
                      0.031654    0.001914    0.185730 ^ clkbuf_5_25__f_clk_i/A (sg13g2_buf_16)
     6    0.026119    0.020943    0.066940    0.252670 ^ clkbuf_5_25__f_clk_i/X (sg13g2_buf_16)
                                                         clknet_5_25__leaf_clk_i (net)
                      0.020995    0.001862    0.254532 ^ _1325_/CLK (sg13g2_dfrbpq_1)
     3    0.011159    0.054383    0.186681    0.441213 ^ _1325_/Q (sg13g2_dfrbpq_1)
                                                         spi_start (net)
                      0.054395    0.000815    0.442027 ^ _1152_/B (sg13g2_nand2b_1)
     5    0.021494    0.133521    0.139266    0.581293 v _1152_/Y (sg13g2_nand2b_1)
                                                         _0480_ (net)
                      0.133532    0.001243    0.582536 v _1224_/B (sg13g2_and4_1)
     1    0.001943    0.020690    0.120918    0.703453 v _1224_/X (sg13g2_and4_1)
                                                         _0168_ (net)
                      0.020690    0.000072    0.703525 v _1386_/D (sg13g2_dfrbpq_1)
                                              0.703525   data arrival time

                                  0.000000    0.000000   clock clk_i (rise edge)
                                  0.000000    0.000000   clock source latency
     1    0.040138    0.000000    0.000000    0.000000 ^ clk_i (in)
                                                         clk_i (net)
                      0.006155    0.003077    0.003077 ^ clkbuf_0_clk_i/A (sg13g2_buf_16)
    16    0.204016    0.064014    0.082240    0.085317 ^ clkbuf_0_clk_i/X (sg13g2_buf_16)
                                                         clknet_0_clk_i (net)
                      0.067028    0.010771    0.096088 ^ clkbuf_4_0_0_clk_i/A (sg13g2_buf_8)
     2    0.041477    0.034567    0.094194    0.190282 ^ clkbuf_4_0_0_clk_i/X (sg13g2_buf_8)
                                                         clknet_4_0_0_clk_i (net)
                      0.034991    0.002851    0.193133 ^ clkbuf_5_1__f_clk_i/A (sg13g2_buf_16)
     6    0.026494    0.021176    0.068814    0.261947 ^ clkbuf_5_1__f_clk_i/X (sg13g2_buf_16)
                                                         clknet_5_1__leaf_clk_i (net)
                      0.021188    0.000984    0.262931 ^ _1386_/CLK (sg13g2_dfrbpq_1)
                                  0.100000    0.362931   clock uncertainty
                                 -0.003543    0.359389   clock reconvergence pessimism
                                 -0.034355    0.325033   library hold time
                                              0.325033   data required time
---------------------------------------------------------------------------------------------
                                              0.325033   data required time
                                             -0.703525   data arrival time
---------------------------------------------------------------------------------------------
                                              0.378492   slack (MET)


Startpoint: _1326_ (rising edge-triggered flip-flop clocked by clk_i)
Endpoint: boot_we (output port clocked by clk_i)
Path Group: clk_i
Path Type: min

Fanout         Cap        Slew       Delay        Time   Description
---------------------------------------------------------------------------------------------
                                  0.000000    0.000000   clock clk_i (rise edge)
                                  0.000000    0.000000   clock source latency
     1    0.037465    0.000000    0.000000    0.000000 ^ clk_i (in)
                                                         clk_i (net)
                      0.005567    0.002783    0.002783 ^ clkbuf_0_clk_i/A (sg13g2_buf_16)
    16    0.183519    0.058569    0.078991    0.081774 ^ clkbuf_0_clk_i/X (sg13g2_buf_16)
                                                         clknet_0_clk_i (net)
                      0.062987    0.012423    0.094198 ^ clkbuf_4_13_0_clk_i/A (sg13g2_buf_8)
     2    0.035598    0.031745    0.089946    0.184143 ^ clkbuf_4_13_0_clk_i/X (sg13g2_buf_8)
                                                         clknet_4_13_0_clk_i (net)
                      0.032141    0.002826    0.186969 ^ clkbuf_5_27__f_clk_i/A (sg13g2_buf_16)
     5    0.022696    0.020177    0.066677    0.253646 ^ clkbuf_5_27__f_clk_i/X (sg13g2_buf_16)
                                                         clknet_5_27__leaf_clk_i (net)
                      0.020193    0.001107    0.254753 ^ _1326_/CLK (sg13g2_dfrbpq_1)
     1    0.002440    0.018362    0.158511    0.413264 v _1326_/Q (sg13g2_dfrbpq_1)
                                                         net66 (net)
                      0.018362    0.000094    0.413358 v output66/A (sg13g2_buf_1)
     1    0.050825    0.161771    0.167247    0.580605 v output66/X (sg13g2_buf_1)
                                                         boot_we (net)
                      0.161815    0.002250    0.582855 v boot_we (out)
                                              0.582855   data arrival time

                                  0.000000    0.000000   clock clk_i (rise edge)
                                  0.000000    0.000000   clock network delay (propagated)
                                  0.100000    0.100000   clock uncertainty
                                  0.000000    0.100000   clock reconvergence pessimism
                                  0.000000    0.100000   output external delay
                                              0.100000   data required time
---------------------------------------------------------------------------------------------
                                              0.100000   data required time
                                             -0.582855   data arrival time
---------------------------------------------------------------------------------------------
                                              0.482855   slack (MET)


Startpoint: _1346_ (rising edge-triggered flip-flop clocked by clk_i)
Endpoint: boot_wdata[19] (output port clocked by clk_i)
Path Group: clk_i
Path Type: min

Fanout         Cap        Slew       Delay        Time   Description
---------------------------------------------------------------------------------------------
                                  0.000000    0.000000   clock clk_i (rise edge)
                                  0.000000    0.000000   clock source latency
     1    0.037465    0.000000    0.000000    0.000000 ^ clk_i (in)
                                                         clk_i (net)
                      0.005567    0.002783    0.002783 ^ clkbuf_0_clk_i/A (sg13g2_buf_16)
    16    0.183519    0.058569    0.078991    0.081774 ^ clkbuf_0_clk_i/X (sg13g2_buf_16)
                                                         clknet_0_clk_i (net)
                      0.059642    0.006301    0.088076 ^ clkbuf_4_7_0_clk_i/A (sg13g2_buf_8)
     2    0.036175    0.031991    0.089063    0.177138 ^ clkbuf_4_7_0_clk_i/X (sg13g2_buf_8)
                                                         clknet_4_7_0_clk_i (net)
                      0.032045    0.001129    0.178268 ^ clkbuf_5_14__f_clk_i/A (sg13g2_buf_16)
     5    0.019704    0.019484    0.066083    0.244351 ^ clkbuf_5_14__f_clk_i/X (sg13g2_buf_16)
                                                         clknet_5_14__leaf_clk_i (net)
                      0.019487    0.000469    0.244820 ^ _1346_/CLK (sg13g2_dfrbpq_1)
     2    0.006410    0.028966    0.167704    0.412524 v _1346_/Q (sg13g2_dfrbpq_1)
                                                         net44 (net)
                      0.028966    0.000352    0.412876 v output44/A (sg13g2_buf_1)
     1    0.050673    0.161334    0.171602    0.584478 v output44/X (sg13g2_buf_1)
                                                         boot_wdata[19] (net)
                      0.161377    0.002214    0.586693 v boot_wdata[19] (out)
                                              0.586693   data arrival time

                                  0.000000    0.000000   clock clk_i (rise edge)
                                  0.000000    0.000000   clock network delay (propagated)
                                  0.100000    0.100000   clock uncertainty
                                  0.000000    0.100000   clock reconvergence pessimism
                                  0.000000    0.100000   output external delay
                                              0.100000   data required time
---------------------------------------------------------------------------------------------
                                              0.100000   data required time
                                             -0.586693   data arrival time
---------------------------------------------------------------------------------------------
                                              0.486693   slack (MET)


Startpoint: _1337_ (rising edge-triggered flip-flop clocked by clk_i)
Endpoint: boot_wdata[10] (output port clocked by clk_i)
Path Group: clk_i
Path Type: min

Fanout         Cap        Slew       Delay        Time   Description
---------------------------------------------------------------------------------------------
                                  0.000000    0.000000   clock clk_i (rise edge)
                                  0.000000    0.000000   clock source latency
     1    0.037465    0.000000    0.000000    0.000000 ^ clk_i (in)
                                                         clk_i (net)
                      0.005567    0.002783    0.002783 ^ clkbuf_0_clk_i/A (sg13g2_buf_16)
    16    0.183519    0.058569    0.078991    0.081774 ^ clkbuf_0_clk_i/X (sg13g2_buf_16)
                                                         clknet_0_clk_i (net)
                      0.059642    0.006301    0.088076 ^ clkbuf_4_7_0_clk_i/A (sg13g2_buf_8)
     2    0.036175    0.031991    0.089063    0.177138 ^ clkbuf_4_7_0_clk_i/X (sg13g2_buf_8)
                                                         clknet_4_7_0_clk_i (net)
                      0.032045    0.001129    0.178268 ^ clkbuf_5_14__f_clk_i/A (sg13g2_buf_16)
     5    0.019704    0.019484    0.066083    0.244351 ^ clkbuf_5_14__f_clk_i/X (sg13g2_buf_16)
                                                         clknet_5_14__leaf_clk_i (net)
                      0.019488    0.000510    0.244861 ^ _1337_/CLK (sg13g2_dfrbpq_1)
     2    0.006412    0.028971    0.167709    0.412569 v _1337_/Q (sg13g2_dfrbpq_1)
                                                         net35 (net)
                      0.028971    0.000352    0.412921 v output35/A (sg13g2_buf_1)
     1    0.050822    0.161786    0.171930    0.584852 v output35/X (sg13g2_buf_1)
                                                         boot_wdata[10] (net)
                      0.161829    0.002220    0.587072 v boot_wdata[10] (out)
                                              0.587072   data arrival time

                                  0.000000    0.000000   clock clk_i (rise edge)
                                  0.000000    0.000000   clock network delay (propagated)
                                  0.100000    0.100000   clock uncertainty
                                  0.000000    0.100000   clock reconvergence pessimism
                                  0.000000    0.100000   output external delay
                                              0.100000   data required time
---------------------------------------------------------------------------------------------
                                              0.100000   data required time
                                             -0.587072   data arrival time
---------------------------------------------------------------------------------------------
                                              0.487072   slack (MET)


Startpoint: _1345_ (rising edge-triggered flip-flop clocked by clk_i)
Endpoint: boot_wdata[18] (output port clocked by clk_i)
Path Group: clk_i
Path Type: min

Fanout         Cap        Slew       Delay        Time   Description
---------------------------------------------------------------------------------------------
                                  0.000000    0.000000   clock clk_i (rise edge)
                                  0.000000    0.000000   clock source latency
     1    0.037465    0.000000    0.000000    0.000000 ^ clk_i (in)
                                                         clk_i (net)
                      0.005567    0.002783    0.002783 ^ clkbuf_0_clk_i/A (sg13g2_buf_16)
    16    0.183519    0.058569    0.078991    0.081774 ^ clkbuf_0_clk_i/X (sg13g2_buf_16)
                                                         clknet_0_clk_i (net)
                      0.059642    0.006301    0.088076 ^ clkbuf_4_7_0_clk_i/A (sg13g2_buf_8)
     2    0.036175    0.031991    0.089063    0.177138 ^ clkbuf_4_7_0_clk_i/X (sg13g2_buf_8)
                                                         clknet_4_7_0_clk_i (net)
                      0.032139    0.001937    0.179075 ^ clkbuf_5_15__f_clk_i/A (sg13g2_buf_16)
     5    0.021107    0.019812    0.066401    0.245477 ^ clkbuf_5_15__f_clk_i/X (sg13g2_buf_16)
                                                         clknet_5_15__leaf_clk_i (net)
                      0.019819    0.000748    0.246225 ^ _1345_/CLK (sg13g2_dfrbpq_1)
     2    0.006155    0.028254    0.167309    0.413534 v _1345_/Q (sg13g2_dfrbpq_1)
                                                         net43 (net)
                      0.028254    0.000172    0.413706 v output43/A (sg13g2_buf_1)
     1    0.050678    0.161345    0.171302    0.585009 v output43/X (sg13g2_buf_1)
                                                         boot_wdata[18] (net)
                      0.161387    0.002209    0.587218 v boot_wdata[18] (out)
                                              0.587218   data arrival time

                                  0.000000    0.000000   clock clk_i (rise edge)
                                  0.000000    0.000000   clock network delay (propagated)
                                  0.100000    0.100000   clock uncertainty
                                  0.000000    0.100000   clock reconvergence pessimism
                                  0.000000    0.100000   output external delay
                                              0.100000   data required time
---------------------------------------------------------------------------------------------
                                              0.100000   data required time
                                             -0.587218   data arrival time
---------------------------------------------------------------------------------------------
                                              0.487218   slack (MET)


Startpoint: _1358_ (rising edge-triggered flip-flop clocked by clk_i)
Endpoint: boot_wdata[31] (output port clocked by clk_i)
Path Group: clk_i
Path Type: min

Fanout         Cap        Slew       Delay        Time   Description
---------------------------------------------------------------------------------------------
                                  0.000000    0.000000   clock clk_i (rise edge)
                                  0.000000    0.000000   clock source latency
     1    0.037465    0.000000    0.000000    0.000000 ^ clk_i (in)
                                                         clk_i (net)
                      0.005567    0.002783    0.002783 ^ clkbuf_0_clk_i/A (sg13g2_buf_16)
    16    0.183519    0.058569    0.078991    0.081774 ^ clkbuf_0_clk_i/X (sg13g2_buf_16)
                                                         clknet_0_clk_i (net)
                      0.060147    0.007532    0.089306 ^ clkbuf_4_5_0_clk_i/A (sg13g2_buf_8)
     2    0.035974    0.031927    0.089238    0.178544 ^ clkbuf_4_5_0_clk_i/X (sg13g2_buf_8)
                                                         clknet_4_5_0_clk_i (net)
                      0.031967    0.001474    0.180018 ^ clkbuf_5_11__f_clk_i/A (sg13g2_buf_16)
     5    0.019314    0.019390    0.065982    0.245999 ^ clkbuf_5_11__f_clk_i/X (sg13g2_buf_16)
                                                         clknet_5_11__leaf_clk_i (net)
                      0.019395    0.000605    0.246604 ^ _1358_/CLK (sg13g2_dfrbpq_1)
     2    0.006235    0.028475    0.167301    0.413905 v _1358_/Q (sg13g2_dfrbpq_1)
                                                         net58 (net)
                      0.028475    0.000186    0.414091 v output58/A (sg13g2_buf_1)
     1    0.050747    0.161557    0.171550    0.585640 v output58/X (sg13g2_buf_1)
                                                         boot_wdata[31] (net)
                      0.161599    0.002213    0.587854 v boot_wdata[31] (out)
                                              0.587854   data arrival time

                                  0.000000    0.000000   clock clk_i (rise edge)
                                  0.000000    0.000000   clock network delay (propagated)
                                  0.100000    0.100000   clock uncertainty
                                  0.000000    0.100000   clock reconvergence pessimism
                                  0.000000    0.100000   output external delay
                                              0.100000   data required time
---------------------------------------------------------------------------------------------
                                              0.100000   data required time
                                             -0.587854   data arrival time
---------------------------------------------------------------------------------------------
                                              0.487854   slack (MET)


Startpoint: _1348_ (rising edge-triggered flip-flop clocked by clk_i)
Endpoint: boot_wdata[21] (output port clocked by clk_i)
Path Group: clk_i
Path Type: min

Fanout         Cap        Slew       Delay        Time   Description
---------------------------------------------------------------------------------------------
                                  0.000000    0.000000   clock clk_i (rise edge)
                                  0.000000    0.000000   clock source latency
     1    0.037465    0.000000    0.000000    0.000000 ^ clk_i (in)
                                                         clk_i (net)
                      0.005567    0.002783    0.002783 ^ clkbuf_0_clk_i/A (sg13g2_buf_16)
    16    0.183519    0.058569    0.078991    0.081774 ^ clkbuf_0_clk_i/X (sg13g2_buf_16)
                                                         clknet_0_clk_i (net)
                      0.060147    0.007532    0.089306 ^ clkbuf_4_5_0_clk_i/A (sg13g2_buf_8)
     2    0.035974    0.031927    0.089238    0.178544 ^ clkbuf_4_5_0_clk_i/X (sg13g2_buf_8)
                                                         clknet_4_5_0_clk_i (net)
                      0.031967    0.001474    0.180018 ^ clkbuf_5_11__f_clk_i/A (sg13g2_buf_16)
     5    0.019314    0.019390    0.065982    0.245999 ^ clkbuf_5_11__f_clk_i/X (sg13g2_buf_16)
                                                         clknet_5_11__leaf_clk_i (net)
                      0.019394    0.000563    0.246563 ^ _1348_/CLK (sg13g2_dfrbpq_1)
     2    0.006821    0.030136    0.168764    0.415327 v _1348_/Q (sg13g2_dfrbpq_1)
                                                         net47 (net)
                      0.030136    0.000107    0.415434 v output47/A (sg13g2_buf_1)
     1    0.050546    0.160906    0.171855    0.587289 v output47/X (sg13g2_buf_1)
                                                         boot_wdata[21] (net)
                      0.160988    0.002185    0.589474 v boot_wdata[21] (out)
                                              0.589474   data arrival time

                                  0.000000    0.000000   clock clk_i (rise edge)
                                  0.000000    0.000000   clock network delay (propagated)
                                  0.100000    0.100000   clock uncertainty
                                  0.000000    0.100000   clock reconvergence pessimism
                                  0.000000    0.100000   output external delay
                                              0.100000   data required time
---------------------------------------------------------------------------------------------
                                              0.100000   data required time
                                             -0.589474   data arrival time
---------------------------------------------------------------------------------------------
                                              0.489474   slack (MET)


Startpoint: _1339_ (rising edge-triggered flip-flop clocked by clk_i)
Endpoint: boot_wdata[12] (output port clocked by clk_i)
Path Group: clk_i
Path Type: min

Fanout         Cap        Slew       Delay        Time   Description
---------------------------------------------------------------------------------------------
                                  0.000000    0.000000   clock clk_i (rise edge)
                                  0.000000    0.000000   clock source latency
     1    0.037465    0.000000    0.000000    0.000000 ^ clk_i (in)
                                                         clk_i (net)
                      0.005567    0.002783    0.002783 ^ clkbuf_0_clk_i/A (sg13g2_buf_16)
    16    0.183519    0.058569    0.078991    0.081774 ^ clkbuf_0_clk_i/X (sg13g2_buf_16)
                                                         clknet_0_clk_i (net)
                      0.060147    0.007532    0.089306 ^ clkbuf_4_5_0_clk_i/A (sg13g2_buf_8)
     2    0.035974    0.031927    0.089238    0.178544 ^ clkbuf_4_5_0_clk_i/X (sg13g2_buf_8)
                                                         clknet_4_5_0_clk_i (net)
                      0.031967    0.001474    0.180018 ^ clkbuf_5_11__f_clk_i/A (sg13g2_buf_16)
     5    0.019314    0.019390    0.065982    0.245999 ^ clkbuf_5_11__f_clk_i/X (sg13g2_buf_16)
                                                         clknet_5_11__leaf_clk_i (net)
                      0.019394    0.000544    0.246544 ^ _1339_/CLK (sg13g2_dfrbpq_1)
     2    0.006776    0.029990    0.168607    0.415151 v _1339_/Q (sg13g2_dfrbpq_1)
                                                         net37 (net)
                      0.029990    0.000197    0.415348 v output37/A (sg13g2_buf_1)
     1    0.050876    0.161955    0.172501    0.587849 v output37/X (sg13g2_buf_1)
                                                         boot_wdata[12] (net)
                      0.161998    0.002220    0.590070 v boot_wdata[12] (out)
                                              0.590070   data arrival time

                                  0.000000    0.000000   clock clk_i (rise edge)
                                  0.000000    0.000000   clock network delay (propagated)
                                  0.100000    0.100000   clock uncertainty
                                  0.000000    0.100000   clock reconvergence pessimism
                                  0.000000    0.100000   output external delay
                                              0.100000   data required time
---------------------------------------------------------------------------------------------
                                              0.100000   data required time
                                             -0.590070   data arrival time
---------------------------------------------------------------------------------------------
                                              0.490070   slack (MET)


Startpoint: _1347_ (rising edge-triggered flip-flop clocked by clk_i)
Endpoint: boot_wdata[20] (output port clocked by clk_i)
Path Group: clk_i
Path Type: min

Fanout         Cap        Slew       Delay        Time   Description
---------------------------------------------------------------------------------------------
                                  0.000000    0.000000   clock clk_i (rise edge)
                                  0.000000    0.000000   clock source latency
     1    0.037465    0.000000    0.000000    0.000000 ^ clk_i (in)
                                                         clk_i (net)
                      0.005567    0.002783    0.002783 ^ clkbuf_0_clk_i/A (sg13g2_buf_16)
    16    0.183519    0.058569    0.078991    0.081774 ^ clkbuf_0_clk_i/X (sg13g2_buf_16)
                                                         clknet_0_clk_i (net)
                      0.060147    0.007532    0.089306 ^ clkbuf_4_5_0_clk_i/A (sg13g2_buf_8)
     2    0.035974    0.031927    0.089238    0.178544 ^ clkbuf_4_5_0_clk_i/X (sg13g2_buf_8)
                                                         clknet_4_5_0_clk_i (net)
                      0.031967    0.001474    0.180018 ^ clkbuf_5_11__f_clk_i/A (sg13g2_buf_16)
     5    0.019314    0.019390    0.065982    0.245999 ^ clkbuf_5_11__f_clk_i/X (sg13g2_buf_16)
                                                         clknet_5_11__leaf_clk_i (net)
                      0.019394    0.000573    0.246573 ^ _1347_/CLK (sg13g2_dfrbpq_1)
     2    0.006513    0.029250    0.168012    0.414585 v _1347_/Q (sg13g2_dfrbpq_1)
                                                         net46 (net)
                      0.029250    0.000094    0.414679 v output46/A (sg13g2_buf_1)
     1    0.051431    0.163657    0.173333    0.588012 v output46/X (sg13g2_buf_1)
                                                         boot_wdata[20] (net)
                      0.163704    0.002331    0.590342 v boot_wdata[20] (out)
                                              0.590342   data arrival time

                                  0.000000    0.000000   clock clk_i (rise edge)
                                  0.000000    0.000000   clock network delay (propagated)
                                  0.100000    0.100000   clock uncertainty
                                  0.000000    0.100000   clock reconvergence pessimism
                                  0.000000    0.100000   output external delay
                                              0.100000   data required time
---------------------------------------------------------------------------------------------
                                              0.100000   data required time
                                             -0.590342   data arrival time
---------------------------------------------------------------------------------------------
                                              0.490342   slack (MET)


Startpoint: _1338_ (rising edge-triggered flip-flop clocked by clk_i)
Endpoint: boot_wdata[11] (output port clocked by clk_i)
Path Group: clk_i
Path Type: min

Fanout         Cap        Slew       Delay        Time   Description
---------------------------------------------------------------------------------------------
                                  0.000000    0.000000   clock clk_i (rise edge)
                                  0.000000    0.000000   clock source latency
     1    0.037465    0.000000    0.000000    0.000000 ^ clk_i (in)
                                                         clk_i (net)
                      0.005567    0.002783    0.002783 ^ clkbuf_0_clk_i/A (sg13g2_buf_16)
    16    0.183519    0.058569    0.078991    0.081774 ^ clkbuf_0_clk_i/X (sg13g2_buf_16)
                                                         clknet_0_clk_i (net)
                      0.059963    0.007108    0.088882 ^ clkbuf_4_4_0_clk_i/A (sg13g2_buf_8)
     2    0.035823    0.031777    0.088789    0.177671 ^ clkbuf_4_4_0_clk_i/X (sg13g2_buf_8)
                                                         clknet_4_4_0_clk_i (net)
                      0.032020    0.002233    0.179904 ^ clkbuf_5_9__f_clk_i/A (sg13g2_buf_16)
     6    0.023375    0.020335    0.066637    0.246541 ^ clkbuf_5_9__f_clk_i/X (sg13g2_buf_16)
                                                         clknet_5_9__leaf_clk_i (net)
                      0.020355    0.001161    0.247702 ^ _1338_/CLK (sg13g2_dfrbpq_1)
     2    0.006407    0.028956    0.168069    0.415771 v _1338_/Q (sg13g2_dfrbpq_1)
                                                         net36 (net)
                      0.028956    0.000427    0.416198 v output36/A (sg13g2_buf_1)
     1    0.051384    0.163521    0.173071    0.589270 v output36/X (sg13g2_buf_1)
                                                         boot_wdata[11] (net)
                      0.163569    0.002365    0.591635 v boot_wdata[11] (out)
                                              0.591635   data arrival time

                                  0.000000    0.000000   clock clk_i (rise edge)
                                  0.000000    0.000000   clock network delay (propagated)
                                  0.100000    0.100000   clock uncertainty
                                  0.000000    0.100000   clock reconvergence pessimism
                                  0.000000    0.100000   output external delay
                                              0.100000   data required time
---------------------------------------------------------------------------------------------
                                              0.100000   data required time
                                             -0.591635   data arrival time
---------------------------------------------------------------------------------------------
                                              0.491635   slack (MET)


Startpoint: _1353_ (rising edge-triggered flip-flop clocked by clk_i)
Endpoint: boot_wdata[26] (output port clocked by clk_i)
Path Group: clk_i
Path Type: min

Fanout         Cap        Slew       Delay        Time   Description
---------------------------------------------------------------------------------------------
                                  0.000000    0.000000   clock clk_i (rise edge)
                                  0.000000    0.000000   clock source latency
     1    0.037465    0.000000    0.000000    0.000000 ^ clk_i (in)
                                                         clk_i (net)
                      0.005567    0.002783    0.002783 ^ clkbuf_0_clk_i/A (sg13g2_buf_16)
    16    0.183519    0.058569    0.078991    0.081774 ^ clkbuf_0_clk_i/X (sg13g2_buf_16)
                                                         clknet_0_clk_i (net)
                      0.059642    0.006301    0.088076 ^ clkbuf_4_7_0_clk_i/A (sg13g2_buf_8)
     2    0.036175    0.031991    0.089063    0.177138 ^ clkbuf_4_7_0_clk_i/X (sg13g2_buf_8)
                                                         clknet_4_7_0_clk_i (net)
                      0.032139    0.001937    0.179075 ^ clkbuf_5_15__f_clk_i/A (sg13g2_buf_16)
     5    0.021107    0.019812    0.066401    0.245477 ^ clkbuf_5_15__f_clk_i/X (sg13g2_buf_16)
                                                         clknet_5_15__leaf_clk_i (net)
                      0.019820    0.000768    0.246244 ^ _1353_/CLK (sg13g2_dfrbpq_1)
     2    0.007063    0.030820    0.169557    0.415802 v _1353_/Q (sg13g2_dfrbpq_1)
                                                         net52 (net)
                      0.030820    0.000124    0.415926 v output52/A (sg13g2_buf_1)
     1    0.051192    0.162926    0.173532    0.589458 v output52/X (sg13g2_buf_1)
                                                         boot_wdata[26] (net)
                      0.162970    0.002270    0.591728 v boot_wdata[26] (out)
                                              0.591728   data arrival time

                                  0.000000    0.000000   clock clk_i (rise edge)
                                  0.000000    0.000000   clock network delay (propagated)
                                  0.100000    0.100000   clock uncertainty
                                  0.000000    0.100000   clock reconvergence pessimism
                                  0.000000    0.100000   output external delay
                                              0.100000   data required time
---------------------------------------------------------------------------------------------
                                              0.100000   data required time
                                             -0.591728   data arrival time
---------------------------------------------------------------------------------------------
                                              0.491728   slack (MET)


Startpoint: _1341_ (rising edge-triggered flip-flop clocked by clk_i)
Endpoint: boot_wdata[14] (output port clocked by clk_i)
Path Group: clk_i
Path Type: min

Fanout         Cap        Slew       Delay        Time   Description
---------------------------------------------------------------------------------------------
                                  0.000000    0.000000   clock clk_i (rise edge)
                                  0.000000    0.000000   clock source latency
     1    0.037465    0.000000    0.000000    0.000000 ^ clk_i (in)
                                                         clk_i (net)
                      0.005567    0.002783    0.002783 ^ clkbuf_0_clk_i/A (sg13g2_buf_16)
    16    0.183519    0.058569    0.078991    0.081774 ^ clkbuf_0_clk_i/X (sg13g2_buf_16)
                                                         clknet_0_clk_i (net)
                      0.061226    0.009656    0.091431 ^ clkbuf_4_1_0_clk_i/A (sg13g2_buf_8)
     2    0.035302    0.031677    0.089472    0.180903 ^ clkbuf_4_1_0_clk_i/X (sg13g2_buf_8)
                                                         clknet_4_1_0_clk_i (net)
                      0.031733    0.001255    0.182159 ^ clkbuf_5_2__f_clk_i/A (sg13g2_buf_16)
     6    0.025575    0.020820    0.066962    0.249120 ^ clkbuf_5_2__f_clk_i/X (sg13g2_buf_16)
                                                         clknet_5_2__leaf_clk_i (net)
                      0.020854    0.001565    0.250686 ^ _1341_/CLK (sg13g2_dfrbpq_1)
     2    0.005704    0.027010    0.166742    0.417428 v _1341_/Q (sg13g2_dfrbpq_1)
                                                         net39 (net)
                      0.027010    0.000170    0.417598 v output39/A (sg13g2_buf_1)
     1    0.051374    0.163255    0.172899    0.590497 v output39/X (sg13g2_buf_1)
                                                         boot_wdata[14] (net)
                      0.163312    0.001449    0.591947 v boot_wdata[14] (out)
                                              0.591947   data arrival time

                                  0.000000    0.000000   clock clk_i (rise edge)
                                  0.000000    0.000000   clock network delay (propagated)
                                  0.100000    0.100000   clock uncertainty
                                  0.000000    0.100000   clock reconvergence pessimism
                                  0.000000    0.100000   output external delay
                                              0.100000   data required time
---------------------------------------------------------------------------------------------
                                              0.100000   data required time
                                             -0.591947   data arrival time
---------------------------------------------------------------------------------------------
                                              0.491947   slack (MET)


Startpoint: _1333_ (rising edge-triggered flip-flop clocked by clk_i)
Endpoint: boot_wdata[6] (output port clocked by clk_i)
Path Group: clk_i
Path Type: min

Fanout         Cap        Slew       Delay        Time   Description
---------------------------------------------------------------------------------------------
                                  0.000000    0.000000   clock clk_i (rise edge)
                                  0.000000    0.000000   clock source latency
     1    0.037465    0.000000    0.000000    0.000000 ^ clk_i (in)
                                                         clk_i (net)
                      0.005567    0.002783    0.002783 ^ clkbuf_0_clk_i/A (sg13g2_buf_16)
    16    0.183519    0.058569    0.078991    0.081774 ^ clkbuf_0_clk_i/X (sg13g2_buf_16)
                                                         clknet_0_clk_i (net)
                      0.060141    0.007518    0.089293 ^ clkbuf_4_2_0_clk_i/A (sg13g2_buf_8)
     2    0.036027    0.031976    0.089381    0.178674 ^ clkbuf_4_2_0_clk_i/X (sg13g2_buf_8)
                                                         clknet_4_2_0_clk_i (net)
                      0.031987    0.000793    0.179466 ^ clkbuf_5_4__f_clk_i/A (sg13g2_buf_16)
     6    0.026136    0.020959    0.067171    0.246637 ^ clkbuf_5_4__f_clk_i/X (sg13g2_buf_16)
                                                         clknet_5_4__leaf_clk_i (net)
                      0.020982    0.001283    0.247921 ^ _1333_/CLK (sg13g2_dfrbpq_1)
     2    0.006465    0.029117    0.168645    0.416566 v _1333_/Q (sg13g2_dfrbpq_1)
                                                         net62 (net)
                      0.029117    0.000222    0.416788 v output62/A (sg13g2_buf_1)
     1    0.051374    0.163261    0.173827    0.590615 v output62/X (sg13g2_buf_1)
                                                         boot_wdata[6] (net)
                      0.163319    0.001449    0.592064 v boot_wdata[6] (out)
                                              0.592064   data arrival time

                                  0.000000    0.000000   clock clk_i (rise edge)
                                  0.000000    0.000000   clock network delay (propagated)
                                  0.100000    0.100000   clock uncertainty
                                  0.000000    0.100000   clock reconvergence pessimism
                                  0.000000    0.100000   output external delay
                                              0.100000   data required time
---------------------------------------------------------------------------------------------
                                              0.100000   data required time
                                             -0.592064   data arrival time
---------------------------------------------------------------------------------------------
                                              0.492064   slack (MET)


Startpoint: _1356_ (rising edge-triggered flip-flop clocked by clk_i)
Endpoint: boot_wdata[29] (output port clocked by clk_i)
Path Group: clk_i
Path Type: min

Fanout         Cap        Slew       Delay        Time   Description
---------------------------------------------------------------------------------------------
                                  0.000000    0.000000   clock clk_i (rise edge)
                                  0.000000    0.000000   clock source latency
     1    0.037465    0.000000    0.000000    0.000000 ^ clk_i (in)
                                                         clk_i (net)
                      0.005567    0.002783    0.002783 ^ clkbuf_0_clk_i/A (sg13g2_buf_16)
    16    0.183519    0.058569    0.078991    0.081774 ^ clkbuf_0_clk_i/X (sg13g2_buf_16)
                                                         clknet_0_clk_i (net)
                      0.060147    0.007532    0.089306 ^ clkbuf_4_5_0_clk_i/A (sg13g2_buf_8)
     2    0.035974    0.031927    0.089238    0.178544 ^ clkbuf_4_5_0_clk_i/X (sg13g2_buf_8)
                                                         clknet_4_5_0_clk_i (net)
                      0.031967    0.001474    0.180018 ^ clkbuf_5_11__f_clk_i/A (sg13g2_buf_16)
     5    0.019314    0.019390    0.065982    0.245999 ^ clkbuf_5_11__f_clk_i/X (sg13g2_buf_16)
                                                         clknet_5_11__leaf_clk_i (net)
                      0.019394    0.000501    0.246500 ^ _1356_/CLK (sg13g2_dfrbpq_1)
     2    0.007375    0.031709    0.170095    0.416595 v _1356_/Q (sg13g2_dfrbpq_1)
                                                         net55 (net)
                      0.031736    0.000112    0.416708 v output55/A (sg13g2_buf_1)
     1    0.050906    0.162009    0.173338    0.590046 v output55/X (sg13g2_buf_1)
                                                         boot_wdata[29] (net)
                      0.162092    0.002217    0.592263 v boot_wdata[29] (out)
                                              0.592263   data arrival time

                                  0.000000    0.000000   clock clk_i (rise edge)
                                  0.000000    0.000000   clock network delay (propagated)
                                  0.100000    0.100000   clock uncertainty
                                  0.000000    0.100000   clock reconvergence pessimism
                                  0.000000    0.100000   output external delay
                                              0.100000   data required time
---------------------------------------------------------------------------------------------
                                              0.100000   data required time
                                             -0.592263   data arrival time
---------------------------------------------------------------------------------------------
                                              0.492263   slack (MET)


Startpoint: _1350_ (rising edge-triggered flip-flop clocked by clk_i)
Endpoint: boot_wdata[23] (output port clocked by clk_i)
Path Group: clk_i
Path Type: min

Fanout         Cap        Slew       Delay        Time   Description
---------------------------------------------------------------------------------------------
                                  0.000000    0.000000   clock clk_i (rise edge)
                                  0.000000    0.000000   clock source latency
     1    0.037465    0.000000    0.000000    0.000000 ^ clk_i (in)
                                                         clk_i (net)
                      0.005567    0.002783    0.002783 ^ clkbuf_0_clk_i/A (sg13g2_buf_16)
    16    0.183519    0.058569    0.078991    0.081774 ^ clkbuf_0_clk_i/X (sg13g2_buf_16)
                                                         clknet_0_clk_i (net)
                      0.060147    0.007532    0.089306 ^ clkbuf_4_5_0_clk_i/A (sg13g2_buf_8)
     2    0.035974    0.031927    0.089238    0.178544 ^ clkbuf_4_5_0_clk_i/X (sg13g2_buf_8)
                                                         clknet_4_5_0_clk_i (net)
                      0.031981    0.001587    0.180131 ^ clkbuf_5_10__f_clk_i/A (sg13g2_buf_16)
     5    0.020558    0.019683    0.066117    0.246248 ^ clkbuf_5_10__f_clk_i/X (sg13g2_buf_16)
                                                         clknet_5_10__leaf_clk_i (net)
                      0.019715    0.001459    0.247707 ^ _1350_/CLK (sg13g2_dfrbpq_1)
     2    0.006808    0.030080    0.168781    0.416488 v _1350_/Q (sg13g2_dfrbpq_1)
                                                         net49 (net)
                      0.030107    0.000397    0.416885 v output49/A (sg13g2_buf_1)
     1    0.051422    0.163408    0.174373    0.591258 v output49/X (sg13g2_buf_1)
                                                         boot_wdata[23] (net)
                      0.163465    0.001445    0.592703 v boot_wdata[23] (out)
                                              0.592703   data arrival time

                                  0.000000    0.000000   clock clk_i (rise edge)
                                  0.000000    0.000000   clock network delay (propagated)
                                  0.100000    0.100000   clock uncertainty
                                  0.000000    0.100000   clock reconvergence pessimism
                                  0.000000    0.100000   output external delay
                                              0.100000   data required time
---------------------------------------------------------------------------------------------
                                              0.100000   data required time
                                             -0.592703   data arrival time
---------------------------------------------------------------------------------------------
                                              0.492703   slack (MET)


Startpoint: _1340_ (rising edge-triggered flip-flop clocked by clk_i)
Endpoint: boot_wdata[13] (output port clocked by clk_i)
Path Group: clk_i
Path Type: min

Fanout         Cap        Slew       Delay        Time   Description
---------------------------------------------------------------------------------------------
                                  0.000000    0.000000   clock clk_i (rise edge)
                                  0.000000    0.000000   clock source latency
     1    0.037465    0.000000    0.000000    0.000000 ^ clk_i (in)
                                                         clk_i (net)
                      0.005567    0.002783    0.002783 ^ clkbuf_0_clk_i/A (sg13g2_buf_16)
    16    0.183519    0.058569    0.078991    0.081774 ^ clkbuf_0_clk_i/X (sg13g2_buf_16)
                                                         clknet_0_clk_i (net)
                      0.060147    0.007532    0.089306 ^ clkbuf_4_5_0_clk_i/A (sg13g2_buf_8)
     2    0.035974    0.031927    0.089238    0.178544 ^ clkbuf_4_5_0_clk_i/X (sg13g2_buf_8)
                                                         clknet_4_5_0_clk_i (net)
                      0.031981    0.001587    0.180131 ^ clkbuf_5_10__f_clk_i/A (sg13g2_buf_16)
     5    0.020558    0.019683    0.066117    0.246248 ^ clkbuf_5_10__f_clk_i/X (sg13g2_buf_16)
                                                         clknet_5_10__leaf_clk_i (net)
                      0.019698    0.001003    0.247251 ^ _1340_/CLK (sg13g2_dfrbpq_1)
     2    0.007296    0.031458    0.169996    0.417247 v _1340_/Q (sg13g2_dfrbpq_1)
                                                         net38 (net)
                      0.031487    0.000321    0.417568 v output38/A (sg13g2_buf_1)
     1    0.051068    0.162553    0.173536    0.591104 v output38/X (sg13g2_buf_1)
                                                         boot_wdata[13] (net)
                      0.162599    0.002290    0.593394 v boot_wdata[13] (out)
                                              0.593394   data arrival time

                                  0.000000    0.000000   clock clk_i (rise edge)
                                  0.000000    0.000000   clock network delay (propagated)
                                  0.100000    0.100000   clock uncertainty
                                  0.000000    0.100000   clock reconvergence pessimism
                                  0.000000    0.100000   output external delay
                                              0.100000   data required time
---------------------------------------------------------------------------------------------
                                              0.100000   data required time
                                             -0.593394   data arrival time
---------------------------------------------------------------------------------------------
                                              0.493394   slack (MET)


Startpoint: _1354_ (rising edge-triggered flip-flop clocked by clk_i)
Endpoint: boot_wdata[27] (output port clocked by clk_i)
Path Group: clk_i
Path Type: min

Fanout         Cap        Slew       Delay        Time   Description
---------------------------------------------------------------------------------------------
                                  0.000000    0.000000   clock clk_i (rise edge)
                                  0.000000    0.000000   clock source latency
     1    0.037465    0.000000    0.000000    0.000000 ^ clk_i (in)
                                                         clk_i (net)
                      0.005567    0.002783    0.002783 ^ clkbuf_0_clk_i/A (sg13g2_buf_16)
    16    0.183519    0.058569    0.078991    0.081774 ^ clkbuf_0_clk_i/X (sg13g2_buf_16)
                                                         clknet_0_clk_i (net)
                      0.059642    0.006301    0.088076 ^ clkbuf_4_7_0_clk_i/A (sg13g2_buf_8)
     2    0.036175    0.031991    0.089063    0.177138 ^ clkbuf_4_7_0_clk_i/X (sg13g2_buf_8)
                                                         clknet_4_7_0_clk_i (net)
                      0.032045    0.001129    0.178268 ^ clkbuf_5_14__f_clk_i/A (sg13g2_buf_16)
     5    0.019704    0.019484    0.066083    0.244351 ^ clkbuf_5_14__f_clk_i/X (sg13g2_buf_16)
                                                         clknet_5_14__leaf_clk_i (net)
                      0.019488    0.000481    0.244832 ^ _1354_/CLK (sg13g2_dfrbpq_1)
     2    0.008331    0.034446    0.172383    0.417215 v _1354_/Q (sg13g2_dfrbpq_1)
                                                         net53 (net)
                      0.034447    0.000226    0.417441 v output53/A (sg13g2_buf_1)
     1    0.050892    0.161980    0.174482    0.591923 v output53/X (sg13g2_buf_1)
                                                         boot_wdata[27] (net)
                      0.162064    0.002240    0.594162 v boot_wdata[27] (out)
                                              0.594162   data arrival time

                                  0.000000    0.000000   clock clk_i (rise edge)
                                  0.000000    0.000000   clock network delay (propagated)
                                  0.100000    0.100000   clock uncertainty
                                  0.000000    0.100000   clock reconvergence pessimism
                                  0.000000    0.100000   output external delay
                                              0.100000   data required time
---------------------------------------------------------------------------------------------
                                              0.100000   data required time
                                             -0.594162   data arrival time
---------------------------------------------------------------------------------------------
                                              0.494162   slack (MET)


Startpoint: _1351_ (rising edge-triggered flip-flop clocked by clk_i)
Endpoint: boot_wdata[24] (output port clocked by clk_i)
Path Group: clk_i
Path Type: min

Fanout         Cap        Slew       Delay        Time   Description
---------------------------------------------------------------------------------------------
                                  0.000000    0.000000   clock clk_i (rise edge)
                                  0.000000    0.000000   clock source latency
     1    0.037465    0.000000    0.000000    0.000000 ^ clk_i (in)
                                                         clk_i (net)
                      0.005567    0.002783    0.002783 ^ clkbuf_0_clk_i/A (sg13g2_buf_16)
    16    0.183519    0.058569    0.078991    0.081774 ^ clkbuf_0_clk_i/X (sg13g2_buf_16)
                                                         clknet_0_clk_i (net)
                      0.062987    0.012423    0.094198 ^ clkbuf_4_13_0_clk_i/A (sg13g2_buf_8)
     2    0.035598    0.031745    0.089946    0.184143 ^ clkbuf_4_13_0_clk_i/X (sg13g2_buf_8)
                                                         clknet_4_13_0_clk_i (net)
                      0.032141    0.002826    0.186969 ^ clkbuf_5_27__f_clk_i/A (sg13g2_buf_16)
     5    0.022696    0.020177    0.066677    0.253646 ^ clkbuf_5_27__f_clk_i/X (sg13g2_buf_16)
                                                         clknet_5_27__leaf_clk_i (net)
                      0.020193    0.001116    0.254762 ^ _1351_/CLK (sg13g2_dfrbpq_1)
     2    0.005984    0.027779    0.167078    0.421840 v _1351_/Q (sg13g2_dfrbpq_1)
                                                         net50 (net)
                      0.027779    0.000170    0.422010 v output50/A (sg13g2_buf_1)
     1    0.050696    0.161395    0.171151    0.593161 v output50/X (sg13g2_buf_1)
                                                         boot_wdata[24] (net)
                      0.161437    0.002188    0.595349 v boot_wdata[24] (out)
                                              0.595349   data arrival time

                                  0.000000    0.000000   clock clk_i (rise edge)
                                  0.000000    0.000000   clock network delay (propagated)
                                  0.100000    0.100000   clock uncertainty
                                  0.000000    0.100000   clock reconvergence pessimism
                                  0.000000    0.100000   output external delay
                                              0.100000   data required time
---------------------------------------------------------------------------------------------
                                              0.100000   data required time
                                             -0.595349   data arrival time
---------------------------------------------------------------------------------------------
                                              0.495349   slack (MET)


Startpoint: _1334_ (rising edge-triggered flip-flop clocked by clk_i)
Endpoint: boot_wdata[7] (output port clocked by clk_i)
Path Group: clk_i
Path Type: min

Fanout         Cap        Slew       Delay        Time   Description
---------------------------------------------------------------------------------------------
                                  0.000000    0.000000   clock clk_i (rise edge)
                                  0.000000    0.000000   clock source latency
     1    0.037465    0.000000    0.000000    0.000000 ^ clk_i (in)
                                                         clk_i (net)
                      0.005567    0.002783    0.002783 ^ clkbuf_0_clk_i/A (sg13g2_buf_16)
    16    0.183519    0.058569    0.078991    0.081774 ^ clkbuf_0_clk_i/X (sg13g2_buf_16)
                                                         clknet_0_clk_i (net)
                      0.061226    0.009656    0.091431 ^ clkbuf_4_1_0_clk_i/A (sg13g2_buf_8)
     2    0.035302    0.031677    0.089472    0.180903 ^ clkbuf_4_1_0_clk_i/X (sg13g2_buf_8)
                                                         clknet_4_1_0_clk_i (net)
                      0.031812    0.001930    0.182834 ^ clkbuf_5_3__f_clk_i/A (sg13g2_buf_16)
     6    0.025526    0.020809    0.067043    0.249877 ^ clkbuf_5_3__f_clk_i/X (sg13g2_buf_16)
                                                         clknet_5_3__leaf_clk_i (net)
                      0.020820    0.000935    0.250811 ^ _1334_/CLK (sg13g2_dfrbpq_1)
     2    0.006728    0.029855    0.169171    0.419982 v _1334_/Q (sg13g2_dfrbpq_1)
                                                         net63 (net)
                      0.029855    0.000186    0.420169 v output63/A (sg13g2_buf_1)
     1    0.051649    0.164118    0.174692    0.594860 v output63/X (sg13g2_buf_1)
                                                         boot_wdata[7] (net)
                      0.164178    0.001547    0.596408 v boot_wdata[7] (out)
                                              0.596408   data arrival time

                                  0.000000    0.000000   clock clk_i (rise edge)
                                  0.000000    0.000000   clock network delay (propagated)
                                  0.100000    0.100000   clock uncertainty
                                  0.000000    0.100000   clock reconvergence pessimism
                                  0.000000    0.100000   output external delay
                                              0.100000   data required time
---------------------------------------------------------------------------------------------
                                              0.100000   data required time
                                             -0.596408   data arrival time
---------------------------------------------------------------------------------------------
                                              0.496408   slack (MET)


Startpoint: _1355_ (rising edge-triggered flip-flop clocked by clk_i)
Endpoint: boot_wdata[28] (output port clocked by clk_i)
Path Group: clk_i
Path Type: min

Fanout         Cap        Slew       Delay        Time   Description
---------------------------------------------------------------------------------------------
                                  0.000000    0.000000   clock clk_i (rise edge)
                                  0.000000    0.000000   clock source latency
     1    0.037465    0.000000    0.000000    0.000000 ^ clk_i (in)
                                                         clk_i (net)
                      0.005567    0.002783    0.002783 ^ clkbuf_0_clk_i/A (sg13g2_buf_16)
    16    0.183519    0.058569    0.078991    0.081774 ^ clkbuf_0_clk_i/X (sg13g2_buf_16)
                                                         clknet_0_clk_i (net)
                      0.059963    0.007108    0.088882 ^ clkbuf_4_4_0_clk_i/A (sg13g2_buf_8)
     2    0.035823    0.031777    0.088789    0.177671 ^ clkbuf_4_4_0_clk_i/X (sg13g2_buf_8)
                                                         clknet_4_4_0_clk_i (net)
                      0.032020    0.002233    0.179904 ^ clkbuf_5_9__f_clk_i/A (sg13g2_buf_16)
     6    0.023375    0.020335    0.066637    0.246541 ^ clkbuf_5_9__f_clk_i/X (sg13g2_buf_16)
                                                         clknet_5_9__leaf_clk_i (net)
                      0.020355    0.001163    0.247704 ^ _1355_/CLK (sg13g2_dfrbpq_1)
     2    0.007890    0.033183    0.171687    0.419391 v _1355_/Q (sg13g2_dfrbpq_1)
                                                         net54 (net)
                      0.033189    0.000451    0.419842 v output54/A (sg13g2_buf_1)
     1    0.051364    0.163467    0.174913    0.594754 v output54/X (sg13g2_buf_1)
                                                         boot_wdata[28] (net)
                      0.163514    0.002337    0.597091 v boot_wdata[28] (out)
                                              0.597091   data arrival time

                                  0.000000    0.000000   clock clk_i (rise edge)
                                  0.000000    0.000000   clock network delay (propagated)
                                  0.100000    0.100000   clock uncertainty
                                  0.000000    0.100000   clock reconvergence pessimism
                                  0.000000    0.100000   output external delay
                                              0.100000   data required time
---------------------------------------------------------------------------------------------
                                              0.100000   data required time
                                             -0.597091   data arrival time
---------------------------------------------------------------------------------------------
                                              0.497091   slack (MET)


Startpoint: _1343_ (rising edge-triggered flip-flop clocked by clk_i)
Endpoint: boot_wdata[16] (output port clocked by clk_i)
Path Group: clk_i
Path Type: min

Fanout         Cap        Slew       Delay        Time   Description
---------------------------------------------------------------------------------------------
                                  0.000000    0.000000   clock clk_i (rise edge)
                                  0.000000    0.000000   clock source latency
     1    0.037465    0.000000    0.000000    0.000000 ^ clk_i (in)
                                                         clk_i (net)
                      0.005567    0.002783    0.002783 ^ clkbuf_0_clk_i/A (sg13g2_buf_16)
    16    0.183519    0.058569    0.078991    0.081774 ^ clkbuf_0_clk_i/X (sg13g2_buf_16)
                                                         clknet_0_clk_i (net)
                      0.062987    0.012423    0.094198 ^ clkbuf_4_13_0_clk_i/A (sg13g2_buf_8)
     2    0.035598    0.031745    0.089946    0.184143 ^ clkbuf_4_13_0_clk_i/X (sg13g2_buf_8)
                                                         clknet_4_13_0_clk_i (net)
                      0.032167    0.002934    0.187077 ^ clkbuf_5_26__f_clk_i/A (sg13g2_buf_16)
     5    0.021117    0.019816    0.066436    0.253513 ^ clkbuf_5_26__f_clk_i/X (sg13g2_buf_16)
                                                         clknet_5_26__leaf_clk_i (net)
                      0.019820    0.000542    0.254055 ^ _1343_/CLK (sg13g2_dfrbpq_1)
     2    0.006595    0.029482    0.168314    0.422369 v _1343_/Q (sg13g2_dfrbpq_1)
                                                         net41 (net)
                      0.029482    0.000357    0.422726 v output41/A (sg13g2_buf_1)
     1    0.050904    0.162044    0.172316    0.595042 v output41/X (sg13g2_buf_1)
                                                         boot_wdata[16] (net)
                      0.162088    0.002247    0.597290 v boot_wdata[16] (out)
                                              0.597290   data arrival time

                                  0.000000    0.000000   clock clk_i (rise edge)
                                  0.000000    0.000000   clock network delay (propagated)
                                  0.100000    0.100000   clock uncertainty
                                  0.000000    0.100000   clock reconvergence pessimism
                                  0.000000    0.100000   output external delay
                                              0.100000   data required time
---------------------------------------------------------------------------------------------
                                              0.100000   data required time
                                             -0.597290   data arrival time
---------------------------------------------------------------------------------------------
                                              0.497290   slack (MET)


Startpoint: _1349_ (rising edge-triggered flip-flop clocked by clk_i)
Endpoint: boot_wdata[22] (output port clocked by clk_i)
Path Group: clk_i
Path Type: min

Fanout         Cap        Slew       Delay        Time   Description
---------------------------------------------------------------------------------------------
                                  0.000000    0.000000   clock clk_i (rise edge)
                                  0.000000    0.000000   clock source latency
     1    0.037465    0.000000    0.000000    0.000000 ^ clk_i (in)
                                                         clk_i (net)
                      0.005567    0.002783    0.002783 ^ clkbuf_0_clk_i/A (sg13g2_buf_16)
    16    0.183519    0.058569    0.078991    0.081774 ^ clkbuf_0_clk_i/X (sg13g2_buf_16)
                                                         clknet_0_clk_i (net)
                      0.061226    0.009656    0.091431 ^ clkbuf_4_1_0_clk_i/A (sg13g2_buf_8)
     2    0.035302    0.031677    0.089472    0.180903 ^ clkbuf_4_1_0_clk_i/X (sg13g2_buf_8)
                                                         clknet_4_1_0_clk_i (net)
                      0.031733    0.001255    0.182159 ^ clkbuf_5_2__f_clk_i/A (sg13g2_buf_16)
     6    0.025575    0.020820    0.066962    0.249120 ^ clkbuf_5_2__f_clk_i/X (sg13g2_buf_16)
                                                         clknet_5_2__leaf_clk_i (net)
                      0.020840    0.001214    0.250334 ^ _1349_/CLK (sg13g2_dfrbpq_1)
     2    0.007075    0.030833    0.170010    0.420344 v _1349_/Q (sg13g2_dfrbpq_1)
                                                         net48 (net)
                      0.030859    0.000295    0.420640 v output48/A (sg13g2_buf_1)
     1    0.051677    0.164185    0.175271    0.595910 v output48/X (sg13g2_buf_1)
                                                         boot_wdata[22] (net)
                      0.164242    0.001448    0.597359 v boot_wdata[22] (out)
                                              0.597359   data arrival time

                                  0.000000    0.000000   clock clk_i (rise edge)
                                  0.000000    0.000000   clock network delay (propagated)
                                  0.100000    0.100000   clock uncertainty
                                  0.000000    0.100000   clock reconvergence pessimism
                                  0.000000    0.100000   output external delay
                                              0.100000   data required time
---------------------------------------------------------------------------------------------
                                              0.100000   data required time
                                             -0.597359   data arrival time
---------------------------------------------------------------------------------------------
                                              0.497359   slack (MET)


Startpoint: _1342_ (rising edge-triggered flip-flop clocked by clk_i)
Endpoint: boot_wdata[15] (output port clocked by clk_i)
Path Group: clk_i
Path Type: min

Fanout         Cap        Slew       Delay        Time   Description
---------------------------------------------------------------------------------------------
                                  0.000000    0.000000   clock clk_i (rise edge)
                                  0.000000    0.000000   clock source latency
     1    0.037465    0.000000    0.000000    0.000000 ^ clk_i (in)
                                                         clk_i (net)
                      0.005567    0.002783    0.002783 ^ clkbuf_0_clk_i/A (sg13g2_buf_16)
    16    0.183519    0.058569    0.078991    0.081774 ^ clkbuf_0_clk_i/X (sg13g2_buf_16)
                                                         clknet_0_clk_i (net)
                      0.061226    0.009656    0.091431 ^ clkbuf_4_1_0_clk_i/A (sg13g2_buf_8)
     2    0.035302    0.031677    0.089472    0.180903 ^ clkbuf_4_1_0_clk_i/X (sg13g2_buf_8)
                                                         clknet_4_1_0_clk_i (net)
                      0.031812    0.001930    0.182834 ^ clkbuf_5_3__f_clk_i/A (sg13g2_buf_16)
     6    0.025526    0.020809    0.067043    0.249877 ^ clkbuf_5_3__f_clk_i/X (sg13g2_buf_16)
                                                         clknet_5_3__leaf_clk_i (net)
                      0.020821    0.000953    0.250829 ^ _1342_/CLK (sg13g2_dfrbpq_1)
     2    0.007141    0.031023    0.170098    0.420928 v _1342_/Q (sg13g2_dfrbpq_1)
                                                         net40 (net)
                      0.031051    0.000402    0.421330 v output40/A (sg13g2_buf_1)
     1    0.051422    0.163411    0.174788    0.596118 v output40/X (sg13g2_buf_1)
                                                         boot_wdata[15] (net)
                      0.163468    0.001445    0.597563 v boot_wdata[15] (out)
                                              0.597563   data arrival time

                                  0.000000    0.000000   clock clk_i (rise edge)
                                  0.000000    0.000000   clock network delay (propagated)
                                  0.100000    0.100000   clock uncertainty
                                  0.000000    0.100000   clock reconvergence pessimism
                                  0.000000    0.100000   output external delay
                                              0.100000   data required time
---------------------------------------------------------------------------------------------
                                              0.100000   data required time
                                             -0.597563   data arrival time
---------------------------------------------------------------------------------------------
                                              0.497563   slack (MET)


Startpoint: _1397_ (rising edge-triggered flip-flop clocked by clk_i)
Endpoint: _1326_ (rising edge-triggered flip-flop clocked by clk_i)
Path Group: clk_i
Path Type: min

Fanout         Cap        Slew       Delay        Time   Description
---------------------------------------------------------------------------------------------
                                  0.000000    0.000000   clock clk_i (rise edge)
                                  0.000000    0.000000   clock source latency
     1    0.037465    0.000000    0.000000    0.000000 ^ clk_i (in)
                                                         clk_i (net)
                      0.005567    0.002783    0.002783 ^ clkbuf_0_clk_i/A (sg13g2_buf_16)
    16    0.183519    0.058569    0.078991    0.081774 ^ clkbuf_0_clk_i/X (sg13g2_buf_16)
                                                         clknet_0_clk_i (net)
                      0.062711    0.012027    0.093801 ^ clkbuf_4_12_0_clk_i/A (sg13g2_buf_8)
     2    0.034811    0.031533    0.090015    0.183816 ^ clkbuf_4_12_0_clk_i/X (sg13g2_buf_8)
                                                         clknet_4_12_0_clk_i (net)
                      0.031581    0.001256    0.185071 ^ clkbuf_5_24__f_clk_i/A (sg13g2_buf_16)
     6    0.028544    0.021485    0.067369    0.252440 ^ clkbuf_5_24__f_clk_i/X (sg13g2_buf_16)
                                                         clknet_5_24__leaf_clk_i (net)
                      0.021528    0.001736    0.254177 ^ _1397_/CLK (sg13g2_dfrbpq_1)
     1    0.006439    0.029046    0.168695    0.422872 v _1397_/Q (sg13g2_dfrbpq_1)
                                                         u_boot_ctrl.state[9] (net)
                      0.029048    0.000528    0.423400 v fanout111/A (sg13g2_buf_1)
     4    0.029418    0.097052    0.125016    0.548416 v fanout111/X (sg13g2_buf_1)
                                                         net111 (net)
                      0.097052    0.000151    0.548568 v fanout110/A (sg13g2_buf_1)
     6    0.039682    0.127732    0.177269    0.725836 v fanout110/X (sg13g2_buf_1)
                                                         net110 (net)
                      0.127798    0.001493    0.727330 v _1227_/A (sg13g2_and2_1)
     1    0.001524    0.020183    0.099716    0.827046 v _1227_/X (sg13g2_and2_1)
                                                         _0108_ (net)
                      0.020183    0.000060    0.827106 v _1326_/D (sg13g2_dfrbpq_1)
                                              0.827106   data arrival time

                                  0.000000    0.000000   clock clk_i (rise edge)
                                  0.000000    0.000000   clock source latency
     1    0.040138    0.000000    0.000000    0.000000 ^ clk_i (in)
                                                         clk_i (net)
                      0.006155    0.003077    0.003077 ^ clkbuf_0_clk_i/A (sg13g2_buf_16)
    16    0.204016    0.064014    0.082240    0.085317 ^ clkbuf_0_clk_i/X (sg13g2_buf_16)
                                                         clknet_0_clk_i (net)
                      0.069050    0.013853    0.099170 ^ clkbuf_4_13_0_clk_i/A (sg13g2_buf_8)
     2    0.040943    0.034350    0.094730    0.193901 ^ clkbuf_4_13_0_clk_i/X (sg13g2_buf_8)
                                                         clknet_4_13_0_clk_i (net)
                      0.034918    0.003258    0.197159 ^ clkbuf_5_27__f_clk_i/A (sg13g2_buf_16)
     5    0.024933    0.020822    0.068437    0.265596 ^ clkbuf_5_27__f_clk_i/X (sg13g2_buf_16)
                                                         clknet_5_27__leaf_clk_i (net)
                      0.020841    0.001232    0.266828 ^ _1326_/CLK (sg13g2_dfrbpq_1)
                                  0.100000    0.366828   clock uncertainty
                                 -0.003543    0.363285   clock reconvergence pessimism
                                 -0.034267    0.329018   library hold time
                                              0.329018   data required time
---------------------------------------------------------------------------------------------
                                              0.329018   data required time
                                             -0.827106   data arrival time
---------------------------------------------------------------------------------------------
                                              0.498087   slack (MET)


Startpoint: _1256_ (rising edge-triggered flip-flop clocked by clk_i)
Endpoint: boot_addr[29] (output port clocked by clk_i)
Path Group: clk_i
Path Type: min

Fanout         Cap        Slew       Delay        Time   Description
---------------------------------------------------------------------------------------------
                                  0.000000    0.000000   clock clk_i (rise edge)
                                  0.000000    0.000000   clock source latency
     1    0.037465    0.000000    0.000000    0.000000 ^ clk_i (in)
                                                         clk_i (net)
                      0.005567    0.002783    0.002783 ^ clkbuf_0_clk_i/A (sg13g2_buf_16)
    16    0.183519    0.058569    0.078991    0.081774 ^ clkbuf_0_clk_i/X (sg13g2_buf_16)
                                                         clknet_0_clk_i (net)
                      0.063046    0.012508    0.094282 ^ clkbuf_4_8_0_clk_i/A (sg13g2_buf_8)
     2    0.037694    0.032701    0.090964    0.185246 ^ clkbuf_4_8_0_clk_i/X (sg13g2_buf_8)
                                                         clknet_4_8_0_clk_i (net)
                      0.033008    0.002331    0.187577 ^ clkbuf_5_17__f_clk_i/A (sg13g2_buf_16)
     6    0.021517    0.019949    0.066882    0.254459 ^ clkbuf_5_17__f_clk_i/X (sg13g2_buf_16)
                                                         clknet_5_17__leaf_clk_i (net)
                      0.019964    0.001052    0.255511 ^ _1256_/CLK (sg13g2_dfrbpq_1)
     2    0.006966    0.030529    0.169279    0.424790 v _1256_/Q (sg13g2_dfrbpq_1)
                                                         net22 (net)
                      0.030556    0.000403    0.425193 v output22/A (sg13g2_buf_1)
     1    0.050561    0.160953    0.172076    0.597269 v output22/X (sg13g2_buf_1)
                                                         boot_addr[29] (net)
                      0.161035    0.002183    0.599452 v boot_addr[29] (out)
                                              0.599452   data arrival time

                                  0.000000    0.000000   clock clk_i (rise edge)
                                  0.000000    0.000000   clock network delay (propagated)
                                  0.100000    0.100000   clock uncertainty
                                  0.000000    0.100000   clock reconvergence pessimism
                                  0.000000    0.100000   output external delay
                                              0.100000   data required time
---------------------------------------------------------------------------------------------
                                              0.100000   data required time
                                             -0.599452   data arrival time
---------------------------------------------------------------------------------------------
                                              0.499452   slack (MET)


Startpoint: _1244_ (rising edge-triggered flip-flop clocked by clk_i)
Endpoint: boot_addr[17] (output port clocked by clk_i)
Path Group: clk_i
Path Type: min

Fanout         Cap        Slew       Delay        Time   Description
---------------------------------------------------------------------------------------------
                                  0.000000    0.000000   clock clk_i (rise edge)
                                  0.000000    0.000000   clock source latency
     1    0.037465    0.000000    0.000000    0.000000 ^ clk_i (in)
                                                         clk_i (net)
                      0.005567    0.002783    0.002783 ^ clkbuf_0_clk_i/A (sg13g2_buf_16)
    16    0.183519    0.058569    0.078991    0.081774 ^ clkbuf_0_clk_i/X (sg13g2_buf_16)
                                                         clknet_0_clk_i (net)
                      0.064694    0.014678    0.096453 ^ clkbuf_4_10_0_clk_i/A (sg13g2_buf_8)
     2    0.035921    0.032113    0.091700    0.188153 ^ clkbuf_4_10_0_clk_i/X (sg13g2_buf_8)
                                                         clknet_4_10_0_clk_i (net)
                      0.032119    0.000785    0.188938 ^ clkbuf_5_20__f_clk_i/A (sg13g2_buf_16)
     6    0.023209    0.020293    0.066799    0.255737 ^ clkbuf_5_20__f_clk_i/X (sg13g2_buf_16)
                                                         clknet_5_20__leaf_clk_i (net)
                      0.020300    0.000745    0.256481 ^ _1244_/CLK (sg13g2_dfrbpq_1)
     2    0.006860    0.030226    0.169190    0.425671 v _1244_/Q (sg13g2_dfrbpq_1)
                                                         net10 (net)
                      0.030253    0.000396    0.426067 v output10/A (sg13g2_buf_1)
     1    0.050796    0.161715    0.172421    0.598488 v output10/X (sg13g2_buf_1)
                                                         boot_addr[17] (net)
                      0.161759    0.002242    0.600730 v boot_addr[17] (out)
                                              0.600730   data arrival time

                                  0.000000    0.000000   clock clk_i (rise edge)
                                  0.000000    0.000000   clock network delay (propagated)
                                  0.100000    0.100000   clock uncertainty
                                  0.000000    0.100000   clock reconvergence pessimism
                                  0.000000    0.100000   output external delay
                                              0.100000   data required time
---------------------------------------------------------------------------------------------
                                              0.100000   data required time
                                             -0.600730   data arrival time
---------------------------------------------------------------------------------------------
                                              0.500730   slack (MET)


Startpoint: _1246_ (rising edge-triggered flip-flop clocked by clk_i)
Endpoint: boot_addr[19] (output port clocked by clk_i)
Path Group: clk_i
Path Type: min

Fanout         Cap        Slew       Delay        Time   Description
---------------------------------------------------------------------------------------------
                                  0.000000    0.000000   clock clk_i (rise edge)
                                  0.000000    0.000000   clock source latency
     1    0.037465    0.000000    0.000000    0.000000 ^ clk_i (in)
                                                         clk_i (net)
                      0.005567    0.002783    0.002783 ^ clkbuf_0_clk_i/A (sg13g2_buf_16)
    16    0.183519    0.058569    0.078991    0.081774 ^ clkbuf_0_clk_i/X (sg13g2_buf_16)
                                                         clknet_0_clk_i (net)
                      0.062703    0.012015    0.093789 ^ clkbuf_4_15_0_clk_i/A (sg13g2_buf_8)
     2    0.038071    0.032846    0.090910    0.184699 ^ clkbuf_4_15_0_clk_i/X (sg13g2_buf_8)
                                                         clknet_4_15_0_clk_i (net)
                      0.033182    0.002431    0.187130 ^ clkbuf_5_31__f_clk_i/A (sg13g2_buf_16)
     5    0.026937    0.021199    0.067981    0.255111 ^ clkbuf_5_31__f_clk_i/X (sg13g2_buf_16)
                                                         clknet_5_31__leaf_clk_i (net)
                      0.021229    0.001514    0.256626 ^ _1246_/CLK (sg13g2_dfrbpq_1)
     2    0.006212    0.028412    0.168063    0.424689 v _1246_/Q (sg13g2_dfrbpq_1)
                                                         net12 (net)
                      0.028412    0.000345    0.425034 v output12/A (sg13g2_buf_1)
     1    0.051782    0.164504    0.174407    0.599442 v output12/X (sg13g2_buf_1)
                                                         boot_addr[19] (net)
                      0.164562    0.001477    0.600919 v boot_addr[19] (out)
                                              0.600919   data arrival time

                                  0.000000    0.000000   clock clk_i (rise edge)
                                  0.000000    0.000000   clock network delay (propagated)
                                  0.100000    0.100000   clock uncertainty
                                  0.000000    0.100000   clock reconvergence pessimism
                                  0.000000    0.100000   output external delay
                                              0.100000   data required time
---------------------------------------------------------------------------------------------
                                              0.100000   data required time
                                             -0.600919   data arrival time
---------------------------------------------------------------------------------------------
                                              0.500919   slack (MET)


Startpoint: _1241_ (rising edge-triggered flip-flop clocked by clk_i)
Endpoint: boot_addr[14] (output port clocked by clk_i)
Path Group: clk_i
Path Type: min

Fanout         Cap        Slew       Delay        Time   Description
---------------------------------------------------------------------------------------------
                                  0.000000    0.000000   clock clk_i (rise edge)
                                  0.000000    0.000000   clock source latency
     1    0.037465    0.000000    0.000000    0.000000 ^ clk_i (in)
                                                         clk_i (net)
                      0.005567    0.002783    0.002783 ^ clkbuf_0_clk_i/A (sg13g2_buf_16)
    16    0.183519    0.058569    0.078991    0.081774 ^ clkbuf_0_clk_i/X (sg13g2_buf_16)
                                                         clknet_0_clk_i (net)
                      0.064694    0.014678    0.096453 ^ clkbuf_4_10_0_clk_i/A (sg13g2_buf_8)
     2    0.035921    0.032113    0.091700    0.188153 ^ clkbuf_4_10_0_clk_i/X (sg13g2_buf_8)
                                                         clknet_4_10_0_clk_i (net)
                      0.032121    0.000877    0.189030 ^ clkbuf_5_21__f_clk_i/A (sg13g2_buf_16)
     6    0.023752    0.020418    0.066914    0.255945 ^ clkbuf_5_21__f_clk_i/X (sg13g2_buf_16)
                                                         clknet_5_21__leaf_clk_i (net)
                      0.020427    0.000858    0.256803 ^ _1241_/CLK (sg13g2_dfrbpq_1)
     2    0.006926    0.030414    0.169415    0.426218 v _1241_/Q (sg13g2_dfrbpq_1)
                                                         net7 (net)
                      0.030442    0.000392    0.426609 v output7/A (sg13g2_buf_1)
     1    0.050668    0.161280    0.172245    0.598855 v output7/X (sg13g2_buf_1)
                                                         boot_addr[14] (net)
                      0.161364    0.002207    0.601062 v boot_addr[14] (out)
                                              0.601062   data arrival time

                                  0.000000    0.000000   clock clk_i (rise edge)
                                  0.000000    0.000000   clock network delay (propagated)
                                  0.100000    0.100000   clock uncertainty
                                  0.000000    0.100000   clock reconvergence pessimism
                                  0.000000    0.100000   output external delay
                                              0.100000   data required time
---------------------------------------------------------------------------------------------
                                              0.100000   data required time
                                             -0.601062   data arrival time
---------------------------------------------------------------------------------------------
                                              0.501062   slack (MET)


Startpoint: _1331_ (rising edge-triggered flip-flop clocked by clk_i)
Endpoint: boot_wdata[4] (output port clocked by clk_i)
Path Group: clk_i
Path Type: min

Fanout         Cap        Slew       Delay        Time   Description
---------------------------------------------------------------------------------------------
                                  0.000000    0.000000   clock clk_i (rise edge)
                                  0.000000    0.000000   clock source latency
     1    0.037465    0.000000    0.000000    0.000000 ^ clk_i (in)
                                                         clk_i (net)
                      0.005567    0.002783    0.002783 ^ clkbuf_0_clk_i/A (sg13g2_buf_16)
    16    0.183519    0.058569    0.078991    0.081774 ^ clkbuf_0_clk_i/X (sg13g2_buf_16)
                                                         clknet_0_clk_i (net)
                      0.059963    0.007108    0.088882 ^ clkbuf_4_4_0_clk_i/A (sg13g2_buf_8)
     2    0.035823    0.031777    0.088789    0.177671 ^ clkbuf_4_4_0_clk_i/X (sg13g2_buf_8)
                                                         clknet_4_4_0_clk_i (net)
                      0.032026    0.002268    0.179939 ^ clkbuf_5_8__f_clk_i/A (sg13g2_buf_16)
     6    0.026782    0.021106    0.067322    0.247261 ^ clkbuf_5_8__f_clk_i/X (sg13g2_buf_16)
                                                         clknet_5_8__leaf_clk_i (net)
                      0.021133    0.001410    0.248671 ^ _1331_/CLK (sg13g2_dfrbpq_1)
     2    0.008945    0.036226    0.174594    0.423265 v _1331_/Q (sg13g2_dfrbpq_1)
                                                         net60 (net)
                      0.036234    0.000538    0.423804 v output60/A (sg13g2_buf_1)
     1    0.050854    0.161870    0.175186    0.598989 v output60/X (sg13g2_buf_1)
                                                         boot_wdata[4] (net)
                      0.161954    0.002241    0.601231 v boot_wdata[4] (out)
                                              0.601231   data arrival time

                                  0.000000    0.000000   clock clk_i (rise edge)
                                  0.000000    0.000000   clock network delay (propagated)
                                  0.100000    0.100000   clock uncertainty
                                  0.000000    0.100000   clock reconvergence pessimism
                                  0.000000    0.100000   output external delay
                                              0.100000   data required time
---------------------------------------------------------------------------------------------
                                              0.100000   data required time
                                             -0.601231   data arrival time
---------------------------------------------------------------------------------------------
                                              0.501231   slack (MET)


Startpoint: _1257_ (rising edge-triggered flip-flop clocked by clk_i)
Endpoint: boot_addr[30] (output port clocked by clk_i)
Path Group: clk_i
Path Type: min

Fanout         Cap        Slew       Delay        Time   Description
---------------------------------------------------------------------------------------------
                                  0.000000    0.000000   clock clk_i (rise edge)
                                  0.000000    0.000000   clock source latency
     1    0.037465    0.000000    0.000000    0.000000 ^ clk_i (in)
                                                         clk_i (net)
                      0.005567    0.002783    0.002783 ^ clkbuf_0_clk_i/A (sg13g2_buf_16)
    16    0.183519    0.058569    0.078991    0.081774 ^ clkbuf_0_clk_i/X (sg13g2_buf_16)
                                                         clknet_0_clk_i (net)
                      0.063046    0.012508    0.094282 ^ clkbuf_4_8_0_clk_i/A (sg13g2_buf_8)
     2    0.037694    0.032701    0.090964    0.185246 ^ clkbuf_4_8_0_clk_i/X (sg13g2_buf_8)
                                                         clknet_4_8_0_clk_i (net)
                      0.033008    0.002331    0.187577 ^ clkbuf_5_17__f_clk_i/A (sg13g2_buf_16)
     6    0.021517    0.019949    0.066882    0.254459 ^ clkbuf_5_17__f_clk_i/X (sg13g2_buf_16)
                                                         clknet_5_17__leaf_clk_i (net)
                      0.019963    0.001016    0.255475 ^ _1257_/CLK (sg13g2_dfrbpq_1)
     2    0.007344    0.031602    0.170142    0.425617 v _1257_/Q (sg13g2_dfrbpq_1)
                                                         net24 (net)
                      0.031638    0.000594    0.426211 v output24/A (sg13g2_buf_1)
     1    0.050762    0.161575    0.172955    0.599165 v output24/X (sg13g2_buf_1)
                                                         boot_addr[30] (net)
                      0.161660    0.002242    0.601407 v boot_addr[30] (out)
                                              0.601407   data arrival time

                                  0.000000    0.000000   clock clk_i (rise edge)
                                  0.000000    0.000000   clock network delay (propagated)
                                  0.100000    0.100000   clock uncertainty
                                  0.000000    0.100000   clock reconvergence pessimism
                                  0.000000    0.100000   output external delay
                                              0.100000   data required time
---------------------------------------------------------------------------------------------
                                              0.100000   data required time
                                             -0.601407   data arrival time
---------------------------------------------------------------------------------------------
                                              0.501407   slack (MET)


Startpoint: _1330_ (rising edge-triggered flip-flop clocked by clk_i)
Endpoint: boot_wdata[3] (output port clocked by clk_i)
Path Group: clk_i
Path Type: min

Fanout         Cap        Slew       Delay        Time   Description
---------------------------------------------------------------------------------------------
                                  0.000000    0.000000   clock clk_i (rise edge)
                                  0.000000    0.000000   clock source latency
     1    0.037465    0.000000    0.000000    0.000000 ^ clk_i (in)
                                                         clk_i (net)
                      0.005567    0.002783    0.002783 ^ clkbuf_0_clk_i/A (sg13g2_buf_16)
    16    0.183519    0.058569    0.078991    0.081774 ^ clkbuf_0_clk_i/X (sg13g2_buf_16)
                                                         clknet_0_clk_i (net)
                      0.059963    0.007108    0.088882 ^ clkbuf_4_4_0_clk_i/A (sg13g2_buf_8)
     2    0.035823    0.031777    0.088789    0.177671 ^ clkbuf_4_4_0_clk_i/X (sg13g2_buf_8)
                                                         clknet_4_4_0_clk_i (net)
                      0.032026    0.002268    0.179939 ^ clkbuf_5_8__f_clk_i/A (sg13g2_buf_16)
     6    0.026782    0.021106    0.067322    0.247261 ^ clkbuf_5_8__f_clk_i/X (sg13g2_buf_16)
                                                         clknet_5_8__leaf_clk_i (net)
                      0.021128    0.001282    0.248543 ^ _1330_/CLK (sg13g2_dfrbpq_1)
     2    0.008691    0.035491    0.173979    0.422522 v _1330_/Q (sg13g2_dfrbpq_1)
                                                         net59 (net)
                      0.035499    0.000503    0.423025 v output59/A (sg13g2_buf_1)
     1    0.051299    0.163722    0.174200    0.597226 v output59/X (sg13g2_buf_1)
                                                         boot_wdata[3] (net)
                      0.163888    0.004356    0.601581 v boot_wdata[3] (out)
                                              0.601581   data arrival time

                                  0.000000    0.000000   clock clk_i (rise edge)
                                  0.000000    0.000000   clock network delay (propagated)
                                  0.100000    0.100000   clock uncertainty
                                  0.000000    0.100000   clock reconvergence pessimism
                                  0.000000    0.100000   output external delay
                                              0.100000   data required time
---------------------------------------------------------------------------------------------
                                              0.100000   data required time
                                             -0.601581   data arrival time
---------------------------------------------------------------------------------------------
                                              0.501581   slack (MET)


Startpoint: _1232_ (rising edge-triggered flip-flop clocked by clk_i)
Endpoint: boot_addr[5] (output port clocked by clk_i)
Path Group: clk_i
Path Type: min

Fanout         Cap        Slew       Delay        Time   Description
---------------------------------------------------------------------------------------------
                                  0.000000    0.000000   clock clk_i (rise edge)
                                  0.000000    0.000000   clock source latency
     1    0.037465    0.000000    0.000000    0.000000 ^ clk_i (in)
                                                         clk_i (net)
                      0.005567    0.002783    0.002783 ^ clkbuf_0_clk_i/A (sg13g2_buf_16)
    16    0.183519    0.058569    0.078991    0.081774 ^ clkbuf_0_clk_i/X (sg13g2_buf_16)
                                                         clknet_0_clk_i (net)
                      0.062680    0.011981    0.093755 ^ clkbuf_4_14_0_clk_i/A (sg13g2_buf_8)
     2    0.037704    0.032763    0.091049    0.184804 ^ clkbuf_4_14_0_clk_i/X (sg13g2_buf_8)
                                                         clknet_4_14_0_clk_i (net)
                      0.032874    0.001397    0.186202 ^ clkbuf_5_29__f_clk_i/A (sg13g2_buf_16)
     6    0.027786    0.021373    0.067964    0.254166 ^ clkbuf_5_29__f_clk_i/X (sg13g2_buf_16)
                                                         clknet_5_29__leaf_clk_i (net)
                      0.021394    0.001296    0.255462 ^ _1232_/CLK (sg13g2_dfrbpq_1)
     2    0.006903    0.030345    0.169895    0.425357 v _1232_/Q (sg13g2_dfrbpq_1)
                                                         net28 (net)
                      0.030345    0.000208    0.425564 v output28/A (sg13g2_buf_1)
     1    0.051464    0.163541    0.174550    0.600114 v output28/X (sg13g2_buf_1)
                                                         boot_addr[5] (net)
                      0.163599    0.001472    0.601587 v boot_addr[5] (out)
                                              0.601587   data arrival time

                                  0.000000    0.000000   clock clk_i (rise edge)
                                  0.000000    0.000000   clock network delay (propagated)
                                  0.100000    0.100000   clock uncertainty
                                  0.000000    0.100000   clock reconvergence pessimism
                                  0.000000    0.100000   output external delay
                                              0.100000   data required time
---------------------------------------------------------------------------------------------
                                              0.100000   data required time
                                             -0.601587   data arrival time
---------------------------------------------------------------------------------------------
                                              0.501587   slack (MET)


Startpoint: _1243_ (rising edge-triggered flip-flop clocked by clk_i)
Endpoint: boot_addr[16] (output port clocked by clk_i)
Path Group: clk_i
Path Type: min

Fanout         Cap        Slew       Delay        Time   Description
---------------------------------------------------------------------------------------------
                                  0.000000    0.000000   clock clk_i (rise edge)
                                  0.000000    0.000000   clock source latency
     1    0.037465    0.000000    0.000000    0.000000 ^ clk_i (in)
                                                         clk_i (net)
                      0.005567    0.002783    0.002783 ^ clkbuf_0_clk_i/A (sg13g2_buf_16)
    16    0.183519    0.058569    0.078991    0.081774 ^ clkbuf_0_clk_i/X (sg13g2_buf_16)
                                                         clknet_0_clk_i (net)
                      0.064694    0.014678    0.096453 ^ clkbuf_4_10_0_clk_i/A (sg13g2_buf_8)
     2    0.035921    0.032113    0.091700    0.188153 ^ clkbuf_4_10_0_clk_i/X (sg13g2_buf_8)
                                                         clknet_4_10_0_clk_i (net)
                      0.032119    0.000785    0.188938 ^ clkbuf_5_20__f_clk_i/A (sg13g2_buf_16)
     6    0.023209    0.020293    0.066799    0.255737 ^ clkbuf_5_20__f_clk_i/X (sg13g2_buf_16)
                                                         clknet_5_20__leaf_clk_i (net)
                      0.020300    0.000773    0.256510 ^ _1243_/CLK (sg13g2_dfrbpq_1)
     2    0.007077    0.030844    0.169663    0.426174 v _1243_/Q (sg13g2_dfrbpq_1)
                                                         net9 (net)
                      0.030878    0.000570    0.426743 v output9/A (sg13g2_buf_1)
     1    0.050985    0.162296    0.173101    0.599844 v output9/X (sg13g2_buf_1)
                                                         boot_addr[16] (net)
                      0.162341    0.002262    0.602106 v boot_addr[16] (out)
                                              0.602106   data arrival time

                                  0.000000    0.000000   clock clk_i (rise edge)
                                  0.000000    0.000000   clock network delay (propagated)
                                  0.100000    0.100000   clock uncertainty
                                  0.000000    0.100000   clock reconvergence pessimism
                                  0.000000    0.100000   output external delay
                                              0.100000   data required time
---------------------------------------------------------------------------------------------
                                              0.100000   data required time
                                             -0.602106   data arrival time
---------------------------------------------------------------------------------------------
                                              0.502106   slack (MET)


Startpoint: _1253_ (rising edge-triggered flip-flop clocked by clk_i)
Endpoint: boot_addr[26] (output port clocked by clk_i)
Path Group: clk_i
Path Type: min

Fanout         Cap        Slew       Delay        Time   Description
---------------------------------------------------------------------------------------------
                                  0.000000    0.000000   clock clk_i (rise edge)
                                  0.000000    0.000000   clock source latency
     1    0.037465    0.000000    0.000000    0.000000 ^ clk_i (in)
                                                         clk_i (net)
                      0.005567    0.002783    0.002783 ^ clkbuf_0_clk_i/A (sg13g2_buf_16)
    16    0.183519    0.058569    0.078991    0.081774 ^ clkbuf_0_clk_i/X (sg13g2_buf_16)
                                                         clknet_0_clk_i (net)
                      0.060141    0.007518    0.089293 ^ clkbuf_4_2_0_clk_i/A (sg13g2_buf_8)
     2    0.036027    0.031976    0.089381    0.178674 ^ clkbuf_4_2_0_clk_i/X (sg13g2_buf_8)
                                                         clknet_4_2_0_clk_i (net)
                      0.032018    0.001562    0.180236 ^ clkbuf_5_5__f_clk_i/A (sg13g2_buf_16)
     6    0.029225    0.021632    0.067338    0.247573 ^ clkbuf_5_5__f_clk_i/X (sg13g2_buf_16)
                                                         clknet_5_5__leaf_clk_i (net)
                      0.022021    0.004008    0.251581 ^ _1253_/CLK (sg13g2_dfrbpq_1)
     2    0.008169    0.033991    0.173081    0.424662 v _1253_/Q (sg13g2_dfrbpq_1)
                                                         net19 (net)
                      0.034009    0.000707    0.425369 v output19/A (sg13g2_buf_1)
     1    0.051103    0.162620    0.174752    0.600121 v output19/X (sg13g2_buf_1)
                                                         boot_addr[26] (net)
                      0.162705    0.002255    0.602376 v boot_addr[26] (out)
                                              0.602376   data arrival time

                                  0.000000    0.000000   clock clk_i (rise edge)
                                  0.000000    0.000000   clock network delay (propagated)
                                  0.100000    0.100000   clock uncertainty
                                  0.000000    0.100000   clock reconvergence pessimism
                                  0.000000    0.100000   output external delay
                                              0.100000   data required time
---------------------------------------------------------------------------------------------
                                              0.100000   data required time
                                             -0.602376   data arrival time
---------------------------------------------------------------------------------------------
                                              0.502376   slack (MET)


Startpoint: _1231_ (rising edge-triggered flip-flop clocked by clk_i)
Endpoint: boot_addr[4] (output port clocked by clk_i)
Path Group: clk_i
Path Type: min

Fanout         Cap        Slew       Delay        Time   Description
---------------------------------------------------------------------------------------------
                                  0.000000    0.000000   clock clk_i (rise edge)
                                  0.000000    0.000000   clock source latency
     1    0.037465    0.000000    0.000000    0.000000 ^ clk_i (in)
                                                         clk_i (net)
                      0.005567    0.002783    0.002783 ^ clkbuf_0_clk_i/A (sg13g2_buf_16)
    16    0.183519    0.058569    0.078991    0.081774 ^ clkbuf_0_clk_i/X (sg13g2_buf_16)
                                                         clknet_0_clk_i (net)
                      0.064417    0.014333    0.096107 ^ clkbuf_4_11_0_clk_i/A (sg13g2_buf_8)
     2    0.035854    0.032049    0.091209    0.187317 ^ clkbuf_4_11_0_clk_i/X (sg13g2_buf_8)
                                                         clknet_4_11_0_clk_i (net)
                      0.032128    0.001431    0.188747 ^ clkbuf_5_23__f_clk_i/A (sg13g2_buf_16)
     5    0.023464    0.020362    0.066757    0.255504 ^ clkbuf_5_23__f_clk_i/X (sg13g2_buf_16)
                                                         clknet_5_23__leaf_clk_i (net)
                      0.020394    0.001501    0.257005 ^ _1231_/CLK (sg13g2_dfrbpq_1)
     2    0.006637    0.029599    0.168763    0.425768 v _1231_/Q (sg13g2_dfrbpq_1)
                                                         net27 (net)
                      0.029599    0.000220    0.425988 v output27/A (sg13g2_buf_1)
     1    0.051782    0.164507    0.174930    0.600918 v output27/X (sg13g2_buf_1)
                                                         boot_addr[4] (net)
                      0.164565    0.001477    0.602395 v boot_addr[4] (out)
                                              0.602395   data arrival time

                                  0.000000    0.000000   clock clk_i (rise edge)
                                  0.000000    0.000000   clock network delay (propagated)
                                  0.100000    0.100000   clock uncertainty
                                  0.000000    0.100000   clock reconvergence pessimism
                                  0.000000    0.100000   output external delay
                                              0.100000   data required time
---------------------------------------------------------------------------------------------
                                              0.100000   data required time
                                             -0.602395   data arrival time
---------------------------------------------------------------------------------------------
                                              0.502395   slack (MET)


Startpoint: _1242_ (rising edge-triggered flip-flop clocked by clk_i)
Endpoint: boot_addr[15] (output port clocked by clk_i)
Path Group: clk_i
Path Type: min

Fanout         Cap        Slew       Delay        Time   Description
---------------------------------------------------------------------------------------------
                                  0.000000    0.000000   clock clk_i (rise edge)
                                  0.000000    0.000000   clock source latency
     1    0.037465    0.000000    0.000000    0.000000 ^ clk_i (in)
                                                         clk_i (net)
                      0.005567    0.002783    0.002783 ^ clkbuf_0_clk_i/A (sg13g2_buf_16)
    16    0.183519    0.058569    0.078991    0.081774 ^ clkbuf_0_clk_i/X (sg13g2_buf_16)
                                                         clknet_0_clk_i (net)
                      0.064694    0.014678    0.096453 ^ clkbuf_4_10_0_clk_i/A (sg13g2_buf_8)
     2    0.035921    0.032113    0.091700    0.188153 ^ clkbuf_4_10_0_clk_i/X (sg13g2_buf_8)
                                                         clknet_4_10_0_clk_i (net)
                      0.032121    0.000877    0.189030 ^ clkbuf_5_21__f_clk_i/A (sg13g2_buf_16)
     6    0.023752    0.020418    0.066914    0.255945 ^ clkbuf_5_21__f_clk_i/X (sg13g2_buf_16)
                                                         clknet_5_21__leaf_clk_i (net)
                      0.020426    0.000811    0.256756 ^ _1242_/CLK (sg13g2_dfrbpq_1)
     2    0.007420    0.031814    0.170597    0.427353 v _1242_/Q (sg13g2_dfrbpq_1)
                                                         net8 (net)
                      0.031844    0.000423    0.427776 v output8/A (sg13g2_buf_1)
     1    0.050531    0.160865    0.172576    0.600352 v output8/X (sg13g2_buf_1)
                                                         boot_addr[15] (net)
                      0.160947    0.002182    0.602534 v boot_addr[15] (out)
                                              0.602534   data arrival time

                                  0.000000    0.000000   clock clk_i (rise edge)
                                  0.000000    0.000000   clock network delay (propagated)
                                  0.100000    0.100000   clock uncertainty
                                  0.000000    0.100000   clock reconvergence pessimism
                                  0.000000    0.100000   output external delay
                                              0.100000   data required time
---------------------------------------------------------------------------------------------
                                              0.100000   data required time
                                             -0.602534   data arrival time
---------------------------------------------------------------------------------------------
                                              0.502534   slack (MET)


Startpoint: _1230_ (rising edge-triggered flip-flop clocked by clk_i)
Endpoint: boot_addr[3] (output port clocked by clk_i)
Path Group: clk_i
Path Type: min

Fanout         Cap        Slew       Delay        Time   Description
---------------------------------------------------------------------------------------------
                                  0.000000    0.000000   clock clk_i (rise edge)
                                  0.000000    0.000000   clock source latency
     1    0.037465    0.000000    0.000000    0.000000 ^ clk_i (in)
                                                         clk_i (net)
                      0.005567    0.002783    0.002783 ^ clkbuf_0_clk_i/A (sg13g2_buf_16)
    16    0.183519    0.058569    0.078991    0.081774 ^ clkbuf_0_clk_i/X (sg13g2_buf_16)
                                                         clknet_0_clk_i (net)
                      0.062703    0.012015    0.093789 ^ clkbuf_4_15_0_clk_i/A (sg13g2_buf_8)
     2    0.038071    0.032846    0.090910    0.184699 ^ clkbuf_4_15_0_clk_i/X (sg13g2_buf_8)
                                                         clknet_4_15_0_clk_i (net)
                      0.033182    0.002431    0.187130 ^ clkbuf_5_31__f_clk_i/A (sg13g2_buf_16)
     5    0.026937    0.021199    0.067981    0.255111 ^ clkbuf_5_31__f_clk_i/X (sg13g2_buf_16)
                                                         clknet_5_31__leaf_clk_i (net)
                      0.021236    0.001667    0.256778 ^ _1230_/CLK (sg13g2_dfrbpq_1)
     2    0.006859    0.030228    0.169622    0.426400 v _1230_/Q (sg13g2_dfrbpq_1)
                                                         net26 (net)
                      0.030228    0.000384    0.426784 v output26/A (sg13g2_buf_1)
     1    0.051451    0.163503    0.174470    0.601254 v output26/X (sg13g2_buf_1)
                                                         boot_addr[3] (net)
                      0.163560    0.001472    0.602727 v boot_addr[3] (out)
                                              0.602727   data arrival time

                                  0.000000    0.000000   clock clk_i (rise edge)
                                  0.000000    0.000000   clock network delay (propagated)
                                  0.100000    0.100000   clock uncertainty
                                  0.000000    0.100000   clock reconvergence pessimism
                                  0.000000    0.100000   output external delay
                                              0.100000   data required time
---------------------------------------------------------------------------------------------
                                              0.100000   data required time
                                             -0.602727   data arrival time
---------------------------------------------------------------------------------------------
                                              0.502727   slack (MET)


Startpoint: _1357_ (rising edge-triggered flip-flop clocked by clk_i)
Endpoint: boot_wdata[30] (output port clocked by clk_i)
Path Group: clk_i
Path Type: min

Fanout         Cap        Slew       Delay        Time   Description
---------------------------------------------------------------------------------------------
                                  0.000000    0.000000   clock clk_i (rise edge)
                                  0.000000    0.000000   clock source latency
     1    0.037465    0.000000    0.000000    0.000000 ^ clk_i (in)
                                                         clk_i (net)
                      0.005567    0.002783    0.002783 ^ clkbuf_0_clk_i/A (sg13g2_buf_16)
    16    0.183519    0.058569    0.078991    0.081774 ^ clkbuf_0_clk_i/X (sg13g2_buf_16)
                                                         clknet_0_clk_i (net)
                      0.061226    0.009656    0.091431 ^ clkbuf_4_1_0_clk_i/A (sg13g2_buf_8)
     2    0.035302    0.031677    0.089472    0.180903 ^ clkbuf_4_1_0_clk_i/X (sg13g2_buf_8)
                                                         clknet_4_1_0_clk_i (net)
                      0.031733    0.001255    0.182159 ^ clkbuf_5_2__f_clk_i/A (sg13g2_buf_16)
     6    0.025575    0.020820    0.066962    0.249120 ^ clkbuf_5_2__f_clk_i/X (sg13g2_buf_16)
                                                         clknet_5_2__leaf_clk_i (net)
                      0.020840    0.001224    0.250344 ^ _1357_/CLK (sg13g2_dfrbpq_1)
     2    0.008547    0.035071    0.173548    0.423892 v _1357_/Q (sg13g2_dfrbpq_1)
                                                         net57 (net)
                      0.035076    0.000430    0.424321 v output57/A (sg13g2_buf_1)
     1    0.051770    0.164484    0.177314    0.601636 v output57/X (sg13g2_buf_1)
                                                         boot_wdata[30] (net)
                      0.164542    0.001475    0.603111 v boot_wdata[30] (out)
                                              0.603111   data arrival time

                                  0.000000    0.000000   clock clk_i (rise edge)
                                  0.000000    0.000000   clock network delay (propagated)
                                  0.100000    0.100000   clock uncertainty
                                  0.000000    0.100000   clock reconvergence pessimism
                                  0.000000    0.100000   output external delay
                                              0.100000   data required time
---------------------------------------------------------------------------------------------
                                              0.100000   data required time
                                             -0.603111   data arrival time
---------------------------------------------------------------------------------------------
                                              0.503111   slack (MET)


Startpoint: _1229_ (rising edge-triggered flip-flop clocked by clk_i)
Endpoint: boot_addr[2] (output port clocked by clk_i)
Path Group: clk_i
Path Type: min

Fanout         Cap        Slew       Delay        Time   Description
---------------------------------------------------------------------------------------------
                                  0.000000    0.000000   clock clk_i (rise edge)
                                  0.000000    0.000000   clock source latency
     1    0.037465    0.000000    0.000000    0.000000 ^ clk_i (in)
                                                         clk_i (net)
                      0.005567    0.002783    0.002783 ^ clkbuf_0_clk_i/A (sg13g2_buf_16)
    16    0.183519    0.058569    0.078991    0.081774 ^ clkbuf_0_clk_i/X (sg13g2_buf_16)
                                                         clknet_0_clk_i (net)
                      0.062680    0.011981    0.093755 ^ clkbuf_4_14_0_clk_i/A (sg13g2_buf_8)
     2    0.037704    0.032763    0.091049    0.184804 ^ clkbuf_4_14_0_clk_i/X (sg13g2_buf_8)
                                                         clknet_4_14_0_clk_i (net)
                      0.032874    0.001397    0.186202 ^ clkbuf_5_29__f_clk_i/A (sg13g2_buf_16)
     6    0.027786    0.021373    0.067964    0.254166 ^ clkbuf_5_29__f_clk_i/X (sg13g2_buf_16)
                                                         clknet_5_29__leaf_clk_i (net)
                      0.021388    0.001085    0.255251 ^ _1229_/CLK (sg13g2_dfrbpq_1)
     2    0.007153    0.031060    0.170328    0.425579 v _1229_/Q (sg13g2_dfrbpq_1)
                                                         net23 (net)
                      0.031089    0.000480    0.426059 v output23/A (sg13g2_buf_1)
     1    0.051721    0.164822    0.173797    0.599856 v output23/X (sg13g2_buf_1)
                                                         boot_addr[2] (net)
                      0.164933    0.003592    0.603448 v boot_addr[2] (out)
                                              0.603448   data arrival time

                                  0.000000    0.000000   clock clk_i (rise edge)
                                  0.000000    0.000000   clock network delay (propagated)
                                  0.100000    0.100000   clock uncertainty
                                  0.000000    0.100000   clock reconvergence pessimism
                                  0.000000    0.100000   output external delay
                                              0.100000   data required time
---------------------------------------------------------------------------------------------
                                              0.100000   data required time
                                             -0.603448   data arrival time
---------------------------------------------------------------------------------------------
                                              0.503448   slack (MET)


Startpoint: _1238_ (rising edge-triggered flip-flop clocked by clk_i)
Endpoint: boot_addr[11] (output port clocked by clk_i)
Path Group: clk_i
Path Type: min

Fanout         Cap        Slew       Delay        Time   Description
---------------------------------------------------------------------------------------------
                                  0.000000    0.000000   clock clk_i (rise edge)
                                  0.000000    0.000000   clock source latency
     1    0.037465    0.000000    0.000000    0.000000 ^ clk_i (in)
                                                         clk_i (net)
                      0.005567    0.002783    0.002783 ^ clkbuf_0_clk_i/A (sg13g2_buf_16)
    16    0.183519    0.058569    0.078991    0.081774 ^ clkbuf_0_clk_i/X (sg13g2_buf_16)
                                                         clknet_0_clk_i (net)
                      0.064417    0.014333    0.096107 ^ clkbuf_4_11_0_clk_i/A (sg13g2_buf_8)
     2    0.035854    0.032049    0.091209    0.187317 ^ clkbuf_4_11_0_clk_i/X (sg13g2_buf_8)
                                                         clknet_4_11_0_clk_i (net)
                      0.032128    0.001431    0.188747 ^ clkbuf_5_23__f_clk_i/A (sg13g2_buf_16)
     5    0.023464    0.020362    0.066757    0.255504 ^ clkbuf_5_23__f_clk_i/X (sg13g2_buf_16)
                                                         clknet_5_23__leaf_clk_i (net)
                      0.020401    0.001649    0.257153 ^ _1238_/CLK (sg13g2_dfrbpq_1)
     2    0.006712    0.029813    0.168844    0.425997 v _1238_/Q (sg13g2_dfrbpq_1)
                                                         net4 (net)
                      0.029813    0.000444    0.426441 v output4/A (sg13g2_buf_1)
     1    0.052114    0.165514    0.175761    0.602202 v output4/X (sg13g2_buf_1)
                                                         boot_addr[11] (net)
                      0.165572    0.001482    0.603684 v boot_addr[11] (out)
                                              0.603684   data arrival time

                                  0.000000    0.000000   clock clk_i (rise edge)
                                  0.000000    0.000000   clock network delay (propagated)
                                  0.100000    0.100000   clock uncertainty
                                  0.000000    0.100000   clock reconvergence pessimism
                                  0.000000    0.100000   output external delay
                                              0.100000   data required time
---------------------------------------------------------------------------------------------
                                              0.100000   data required time
                                             -0.603684   data arrival time
---------------------------------------------------------------------------------------------
                                              0.503684   slack (MET)


Startpoint: _1352_ (rising edge-triggered flip-flop clocked by clk_i)
Endpoint: boot_wdata[25] (output port clocked by clk_i)
Path Group: clk_i
Path Type: min

Fanout         Cap        Slew       Delay        Time   Description
---------------------------------------------------------------------------------------------
                                  0.000000    0.000000   clock clk_i (rise edge)
                                  0.000000    0.000000   clock source latency
     1    0.037465    0.000000    0.000000    0.000000 ^ clk_i (in)
                                                         clk_i (net)
                      0.005567    0.002783    0.002783 ^ clkbuf_0_clk_i/A (sg13g2_buf_16)
    16    0.183519    0.058569    0.078991    0.081774 ^ clkbuf_0_clk_i/X (sg13g2_buf_16)
                                                         clknet_0_clk_i (net)
                      0.062987    0.012423    0.094198 ^ clkbuf_4_13_0_clk_i/A (sg13g2_buf_8)
     2    0.035598    0.031745    0.089946    0.184143 ^ clkbuf_4_13_0_clk_i/X (sg13g2_buf_8)
                                                         clknet_4_13_0_clk_i (net)
                      0.032141    0.002826    0.186969 ^ clkbuf_5_27__f_clk_i/A (sg13g2_buf_16)
     5    0.022696    0.020177    0.066677    0.253646 ^ clkbuf_5_27__f_clk_i/X (sg13g2_buf_16)
                                                         clknet_5_27__leaf_clk_i (net)
                      0.020189    0.000948    0.254594 ^ _1352_/CLK (sg13g2_dfrbpq_1)
     2    0.008186    0.034034    0.172316    0.426910 v _1352_/Q (sg13g2_dfrbpq_1)
                                                         net51 (net)
                      0.034040    0.000477    0.427387 v output51/A (sg13g2_buf_1)
     1    0.051226    0.163048    0.174996    0.602383 v output51/X (sg13g2_buf_1)
                                                         boot_wdata[25] (net)
                      0.163094    0.002315    0.604698 v boot_wdata[25] (out)
                                              0.604698   data arrival time

                                  0.000000    0.000000   clock clk_i (rise edge)
                                  0.000000    0.000000   clock network delay (propagated)
                                  0.100000    0.100000   clock uncertainty
                                  0.000000    0.100000   clock reconvergence pessimism
                                  0.000000    0.100000   output external delay
                                              0.100000   data required time
---------------------------------------------------------------------------------------------
                                              0.100000   data required time
                                             -0.604698   data arrival time
---------------------------------------------------------------------------------------------
                                              0.504698   slack (MET)


Startpoint: _1255_ (rising edge-triggered flip-flop clocked by clk_i)
Endpoint: boot_addr[28] (output port clocked by clk_i)
Path Group: clk_i
Path Type: min

Fanout         Cap        Slew       Delay        Time   Description
---------------------------------------------------------------------------------------------
                                  0.000000    0.000000   clock clk_i (rise edge)
                                  0.000000    0.000000   clock source latency
     1    0.037465    0.000000    0.000000    0.000000 ^ clk_i (in)
                                                         clk_i (net)
                      0.005567    0.002783    0.002783 ^ clkbuf_0_clk_i/A (sg13g2_buf_16)
    16    0.183519    0.058569    0.078991    0.081774 ^ clkbuf_0_clk_i/X (sg13g2_buf_16)
                                                         clknet_0_clk_i (net)
                      0.063046    0.012508    0.094282 ^ clkbuf_4_8_0_clk_i/A (sg13g2_buf_8)
     2    0.037694    0.032701    0.090964    0.185246 ^ clkbuf_4_8_0_clk_i/X (sg13g2_buf_8)
                                                         clknet_4_8_0_clk_i (net)
                      0.033031    0.002447    0.187693 ^ clkbuf_5_16__f_clk_i/A (sg13g2_buf_16)
     6    0.031614    0.022241    0.068775    0.256469 ^ clkbuf_5_16__f_clk_i/X (sg13g2_buf_16)
                                                         clknet_5_16__leaf_clk_i (net)
                      0.022262    0.001326    0.257795 ^ _1255_/CLK (sg13g2_dfrbpq_1)
     2    0.007518    0.032149    0.171810    0.429605 v _1255_/Q (sg13g2_dfrbpq_1)
                                                         net21 (net)
                      0.032150    0.000253    0.429858 v output21/A (sg13g2_buf_1)
     1    0.050759    0.161568    0.173174    0.603032 v output21/X (sg13g2_buf_1)
                                                         boot_addr[28] (net)
                      0.161653    0.002241    0.605273 v boot_addr[28] (out)
                                              0.605273   data arrival time

                                  0.000000    0.000000   clock clk_i (rise edge)
                                  0.000000    0.000000   clock network delay (propagated)
                                  0.100000    0.100000   clock uncertainty
                                  0.000000    0.100000   clock reconvergence pessimism
                                  0.000000    0.100000   output external delay
                                              0.100000   data required time
---------------------------------------------------------------------------------------------
                                              0.100000   data required time
                                             -0.605273   data arrival time
---------------------------------------------------------------------------------------------
                                              0.505273   slack (MET)


Startpoint: _1335_ (rising edge-triggered flip-flop clocked by clk_i)
Endpoint: boot_wdata[8] (output port clocked by clk_i)
Path Group: clk_i
Path Type: min

Fanout         Cap        Slew       Delay        Time   Description
---------------------------------------------------------------------------------------------
                                  0.000000    0.000000   clock clk_i (rise edge)
                                  0.000000    0.000000   clock source latency
     1    0.037465    0.000000    0.000000    0.000000 ^ clk_i (in)
                                                         clk_i (net)
                      0.005567    0.002783    0.002783 ^ clkbuf_0_clk_i/A (sg13g2_buf_16)
    16    0.183519    0.058569    0.078991    0.081774 ^ clkbuf_0_clk_i/X (sg13g2_buf_16)
                                                         clknet_0_clk_i (net)
                      0.059829    0.006783    0.088558 ^ clkbuf_4_6_0_clk_i/A (sg13g2_buf_8)
     2    0.037847    0.032574    0.089261    0.177818 ^ clkbuf_4_6_0_clk_i/X (sg13g2_buf_8)
                                                         clknet_4_6_0_clk_i (net)
                      0.033067    0.002976    0.180794 ^ clkbuf_5_13__f_clk_i/A (sg13g2_buf_16)
     6    0.027488    0.021320    0.067856    0.248651 ^ clkbuf_5_13__f_clk_i/X (sg13g2_buf_16)
                                                         clknet_5_13__leaf_clk_i (net)
                      0.021361    0.001690    0.250341 ^ _1335_/CLK (sg13g2_dfrbpq_1)
     2    0.009699    0.038465    0.176642    0.426983 v _1335_/Q (sg13g2_dfrbpq_1)
                                                         net64 (net)
                      0.038469    0.000425    0.427408 v output64/A (sg13g2_buf_1)
     1    0.051024    0.162382    0.176563    0.603971 v output64/X (sg13g2_buf_1)
                                                         boot_wdata[8] (net)
                      0.162466    0.002229    0.606200 v boot_wdata[8] (out)
                                              0.606200   data arrival time

                                  0.000000    0.000000   clock clk_i (rise edge)
                                  0.000000    0.000000   clock network delay (propagated)
                                  0.100000    0.100000   clock uncertainty
                                  0.000000    0.100000   clock reconvergence pessimism
                                  0.000000    0.100000   output external delay
                                              0.100000   data required time
---------------------------------------------------------------------------------------------
                                              0.100000   data required time
                                             -0.606200   data arrival time
---------------------------------------------------------------------------------------------
                                              0.506200   slack (MET)


Startpoint: _1258_ (rising edge-triggered flip-flop clocked by clk_i)
Endpoint: boot_addr[31] (output port clocked by clk_i)
Path Group: clk_i
Path Type: min

Fanout         Cap        Slew       Delay        Time   Description
---------------------------------------------------------------------------------------------
                                  0.000000    0.000000   clock clk_i (rise edge)
                                  0.000000    0.000000   clock source latency
     1    0.037465    0.000000    0.000000    0.000000 ^ clk_i (in)
                                                         clk_i (net)
                      0.005567    0.002783    0.002783 ^ clkbuf_0_clk_i/A (sg13g2_buf_16)
    16    0.183519    0.058569    0.078991    0.081774 ^ clkbuf_0_clk_i/X (sg13g2_buf_16)
                                                         clknet_0_clk_i (net)
                      0.063046    0.012508    0.094282 ^ clkbuf_4_8_0_clk_i/A (sg13g2_buf_8)
     2    0.037694    0.032701    0.090964    0.185246 ^ clkbuf_4_8_0_clk_i/X (sg13g2_buf_8)
                                                         clknet_4_8_0_clk_i (net)
                      0.033008    0.002331    0.187577 ^ clkbuf_5_17__f_clk_i/A (sg13g2_buf_16)
     6    0.021517    0.019949    0.066882    0.254459 ^ clkbuf_5_17__f_clk_i/X (sg13g2_buf_16)
                                                         clknet_5_17__leaf_clk_i (net)
                      0.019952    0.000449    0.254908 ^ _1258_/CLK (sg13g2_dfrbpq_1)
     2    0.008581    0.035173    0.173143    0.428051 v _1258_/Q (sg13g2_dfrbpq_1)
                                                         net25 (net)
                      0.035181    0.000499    0.428549 v output25/A (sg13g2_buf_1)
     1    0.051283    0.163183    0.175617    0.604166 v output25/X (sg13g2_buf_1)
                                                         boot_addr[31] (net)
                      0.163271    0.002316    0.606482 v boot_addr[31] (out)
                                              0.606482   data arrival time

                                  0.000000    0.000000   clock clk_i (rise edge)
                                  0.000000    0.000000   clock network delay (propagated)
                                  0.100000    0.100000   clock uncertainty
                                  0.000000    0.100000   clock reconvergence pessimism
                                  0.000000    0.100000   output external delay
                                              0.100000   data required time
---------------------------------------------------------------------------------------------
                                              0.100000   data required time
                                             -0.606482   data arrival time
---------------------------------------------------------------------------------------------
                                              0.506482   slack (MET)


Startpoint: _1239_ (rising edge-triggered flip-flop clocked by clk_i)
Endpoint: boot_addr[12] (output port clocked by clk_i)
Path Group: clk_i
Path Type: min

Fanout         Cap        Slew       Delay        Time   Description
---------------------------------------------------------------------------------------------
                                  0.000000    0.000000   clock clk_i (rise edge)
                                  0.000000    0.000000   clock source latency
     1    0.037465    0.000000    0.000000    0.000000 ^ clk_i (in)
                                                         clk_i (net)
                      0.005567    0.002783    0.002783 ^ clkbuf_0_clk_i/A (sg13g2_buf_16)
    16    0.183519    0.058569    0.078991    0.081774 ^ clkbuf_0_clk_i/X (sg13g2_buf_16)
                                                         clknet_0_clk_i (net)
                      0.064417    0.014333    0.096107 ^ clkbuf_4_11_0_clk_i/A (sg13g2_buf_8)
     2    0.035854    0.032049    0.091209    0.187317 ^ clkbuf_4_11_0_clk_i/X (sg13g2_buf_8)
                                                         clknet_4_11_0_clk_i (net)
                      0.032128    0.001431    0.188747 ^ clkbuf_5_23__f_clk_i/A (sg13g2_buf_16)
     5    0.023464    0.020362    0.066757    0.255504 ^ clkbuf_5_23__f_clk_i/X (sg13g2_buf_16)
                                                         clknet_5_23__leaf_clk_i (net)
                      0.020405    0.001719    0.257223 ^ _1239_/CLK (sg13g2_dfrbpq_1)
     2    0.007883    0.033166    0.171678    0.428901 v _1239_/Q (sg13g2_dfrbpq_1)
                                                         net5 (net)
                      0.033172    0.000448    0.429350 v output5/A (sg13g2_buf_1)
     1    0.051451    0.163511    0.175766    0.605116 v output5/X (sg13g2_buf_1)
                                                         boot_addr[12] (net)
                      0.163569    0.001472    0.606588 v boot_addr[12] (out)
                                              0.606588   data arrival time

                                  0.000000    0.000000   clock clk_i (rise edge)
                                  0.000000    0.000000   clock network delay (propagated)
                                  0.100000    0.100000   clock uncertainty
                                  0.000000    0.100000   clock reconvergence pessimism
                                  0.000000    0.100000   output external delay
                                              0.100000   data required time
---------------------------------------------------------------------------------------------
                                              0.100000   data required time
                                             -0.606588   data arrival time
---------------------------------------------------------------------------------------------
                                              0.506588   slack (MET)


Startpoint: _1247_ (rising edge-triggered flip-flop clocked by clk_i)
Endpoint: boot_addr[20] (output port clocked by clk_i)
Path Group: clk_i
Path Type: min

Fanout         Cap        Slew       Delay        Time   Description
---------------------------------------------------------------------------------------------
                                  0.000000    0.000000   clock clk_i (rise edge)
                                  0.000000    0.000000   clock source latency
     1    0.037465    0.000000    0.000000    0.000000 ^ clk_i (in)
                                                         clk_i (net)
                      0.005567    0.002783    0.002783 ^ clkbuf_0_clk_i/A (sg13g2_buf_16)
    16    0.183519    0.058569    0.078991    0.081774 ^ clkbuf_0_clk_i/X (sg13g2_buf_16)
                                                         clknet_0_clk_i (net)
                      0.063046    0.012508    0.094282 ^ clkbuf_4_8_0_clk_i/A (sg13g2_buf_8)
     2    0.037694    0.032701    0.090964    0.185246 ^ clkbuf_4_8_0_clk_i/X (sg13g2_buf_8)
                                                         clknet_4_8_0_clk_i (net)
                      0.033008    0.002331    0.187577 ^ clkbuf_5_17__f_clk_i/A (sg13g2_buf_16)
     6    0.021517    0.019949    0.066882    0.254459 ^ clkbuf_5_17__f_clk_i/X (sg13g2_buf_16)
                                                         clknet_5_17__leaf_clk_i (net)
                      0.019963    0.001038    0.255498 ^ _1247_/CLK (sg13g2_dfrbpq_1)
     2    0.008987    0.036347    0.174131    0.429629 v _1247_/Q (sg13g2_dfrbpq_1)
                                                         net13 (net)
                      0.036355    0.000517    0.430146 v output13/A (sg13g2_buf_1)
     1    0.050534    0.160887    0.174567    0.604713 v output13/X (sg13g2_buf_1)
                                                         boot_addr[20] (net)
                      0.160969    0.002182    0.606895 v boot_addr[20] (out)
                                              0.606895   data arrival time

                                  0.000000    0.000000   clock clk_i (rise edge)
                                  0.000000    0.000000   clock network delay (propagated)
                                  0.100000    0.100000   clock uncertainty
                                  0.000000    0.100000   clock reconvergence pessimism
                                  0.000000    0.100000   output external delay
                                              0.100000   data required time
---------------------------------------------------------------------------------------------
                                              0.100000   data required time
                                             -0.606895   data arrival time
---------------------------------------------------------------------------------------------
                                              0.506895   slack (MET)


Startpoint: _1240_ (rising edge-triggered flip-flop clocked by clk_i)
Endpoint: boot_addr[13] (output port clocked by clk_i)
Path Group: clk_i
Path Type: min

Fanout         Cap        Slew       Delay        Time   Description
---------------------------------------------------------------------------------------------
                                  0.000000    0.000000   clock clk_i (rise edge)
                                  0.000000    0.000000   clock source latency
     1    0.037465    0.000000    0.000000    0.000000 ^ clk_i (in)
                                                         clk_i (net)
                      0.005567    0.002783    0.002783 ^ clkbuf_0_clk_i/A (sg13g2_buf_16)
    16    0.183519    0.058569    0.078991    0.081774 ^ clkbuf_0_clk_i/X (sg13g2_buf_16)
                                                         clknet_0_clk_i (net)
                      0.064694    0.014678    0.096453 ^ clkbuf_4_10_0_clk_i/A (sg13g2_buf_8)
     2    0.035921    0.032113    0.091700    0.188153 ^ clkbuf_4_10_0_clk_i/X (sg13g2_buf_8)
                                                         clknet_4_10_0_clk_i (net)
                      0.032121    0.000877    0.189030 ^ clkbuf_5_21__f_clk_i/A (sg13g2_buf_16)
     6    0.023752    0.020418    0.066914    0.255945 ^ clkbuf_5_21__f_clk_i/X (sg13g2_buf_16)
                                                         clknet_5_21__leaf_clk_i (net)
                      0.020425    0.000745    0.256689 ^ _1240_/CLK (sg13g2_dfrbpq_1)
     2    0.008161    0.033982    0.172518    0.429207 v _1240_/Q (sg13g2_dfrbpq_1)
                                                         net6 (net)
                      0.033982    0.000147    0.429354 v output6/A (sg13g2_buf_1)
     1    0.051451    0.163513    0.176122    0.605476 v output6/X (sg13g2_buf_1)
                                                         boot_addr[13] (net)
                      0.163571    0.001472    0.606948 v boot_addr[13] (out)
                                              0.606948   data arrival time

                                  0.000000    0.000000   clock clk_i (rise edge)
                                  0.000000    0.000000   clock network delay (propagated)
                                  0.100000    0.100000   clock uncertainty
                                  0.000000    0.100000   clock reconvergence pessimism
                                  0.000000    0.100000   output external delay
                                              0.100000   data required time
---------------------------------------------------------------------------------------------
                                              0.100000   data required time
                                             -0.606948   data arrival time
---------------------------------------------------------------------------------------------
                                              0.506948   slack (MET)


Startpoint: _1377_ (rising edge-triggered flip-flop clocked by clk_i)
Endpoint: spi_mosi (output port clocked by clk_i)
Path Group: clk_i
Path Type: min

Fanout         Cap        Slew       Delay        Time   Description
---------------------------------------------------------------------------------------------
                                  0.000000    0.000000   clock clk_i (rise edge)
                                  0.000000    0.000000   clock source latency
     1    0.037465    0.000000    0.000000    0.000000 ^ clk_i (in)
                                                         clk_i (net)
                      0.005567    0.002783    0.002783 ^ clkbuf_0_clk_i/A (sg13g2_buf_16)
    16    0.183519    0.058569    0.078991    0.081774 ^ clkbuf_0_clk_i/X (sg13g2_buf_16)
                                                         clknet_0_clk_i (net)
                      0.060141    0.007518    0.089293 ^ clkbuf_4_2_0_clk_i/A (sg13g2_buf_8)
     2    0.036027    0.031976    0.089381    0.178674 ^ clkbuf_4_2_0_clk_i/X (sg13g2_buf_8)
                                                         clknet_4_2_0_clk_i (net)
                      0.031987    0.000793    0.179466 ^ clkbuf_5_4__f_clk_i/A (sg13g2_buf_16)
     6    0.026136    0.020959    0.067171    0.246637 ^ clkbuf_5_4__f_clk_i/X (sg13g2_buf_16)
                                                         clknet_5_4__leaf_clk_i (net)
                      0.020983    0.001316    0.247953 ^ _1377_/CLK (sg13g2_dfrbpq_1)
     2    0.010740    0.041535    0.178930    0.426883 v _1377_/Q (sg13g2_dfrbpq_1)
                                                         net69 (net)
                      0.041541    0.000518    0.427401 v output69/A (sg13g2_buf_1)
     1    0.051370    0.163293    0.179293    0.606694 v output69/X (sg13g2_buf_1)
                                                         spi_mosi (net)
                      0.163350    0.001444    0.608138 v spi_mosi (out)
                                              0.608138   data arrival time

                                  0.000000    0.000000   clock clk_i (rise edge)
                                  0.000000    0.000000   clock network delay (propagated)
                                  0.100000    0.100000   clock uncertainty
                                  0.000000    0.100000   clock reconvergence pessimism
                                  0.000000    0.100000   output external delay
                                              0.100000   data required time
---------------------------------------------------------------------------------------------
                                              0.100000   data required time
                                             -0.608138   data arrival time
---------------------------------------------------------------------------------------------
                                              0.508138   slack (MET)


Startpoint: _1394_ (rising edge-triggered flip-flop clocked by clk_i)
Endpoint: boot_done (output port clocked by clk_i)
Path Group: clk_i
Path Type: min

Fanout         Cap        Slew       Delay        Time   Description
---------------------------------------------------------------------------------------------
                                  0.000000    0.000000   clock clk_i (rise edge)
                                  0.000000    0.000000   clock source latency
     1    0.037465    0.000000    0.000000    0.000000 ^ clk_i (in)
                                                         clk_i (net)
                      0.005567    0.002783    0.002783 ^ clkbuf_0_clk_i/A (sg13g2_buf_16)
    16    0.183519    0.058569    0.078991    0.081774 ^ clkbuf_0_clk_i/X (sg13g2_buf_16)
                                                         clknet_0_clk_i (net)
                      0.062703    0.012015    0.093789 ^ clkbuf_4_15_0_clk_i/A (sg13g2_buf_8)
     2    0.038071    0.032846    0.090910    0.184699 ^ clkbuf_4_15_0_clk_i/X (sg13g2_buf_8)
                                                         clknet_4_15_0_clk_i (net)
                      0.033197    0.002504    0.187203 ^ clkbuf_5_30__f_clk_i/A (sg13g2_buf_16)
     5    0.021677    0.019998    0.066934    0.254137 ^ clkbuf_5_30__f_clk_i/X (sg13g2_buf_16)
                                                         clknet_5_30__leaf_clk_i (net)
                      0.020022    0.001302    0.255439 ^ _1394_/CLK (sg13g2_dfrbpq_1)
     2    0.009321    0.037364    0.175070    0.430509 v _1394_/Q (sg13g2_dfrbpq_1)
                                                         net33 (net)
                      0.037368    0.000376    0.430885 v output33/A (sg13g2_buf_1)
     1    0.051451    0.163523    0.177613    0.608498 v output33/X (sg13g2_buf_1)
                                                         boot_done (net)
                      0.163581    0.001472    0.609970 v boot_done (out)
                                              0.609970   data arrival time

                                  0.000000    0.000000   clock clk_i (rise edge)
                                  0.000000    0.000000   clock network delay (propagated)
                                  0.100000    0.100000   clock uncertainty
                                  0.000000    0.100000   clock reconvergence pessimism
                                  0.000000    0.100000   output external delay
                                              0.100000   data required time
---------------------------------------------------------------------------------------------
                                              0.100000   data required time
                                             -0.609970   data arrival time
---------------------------------------------------------------------------------------------
                                              0.509970   slack (MET)


Startpoint: _1234_ (rising edge-triggered flip-flop clocked by clk_i)
Endpoint: boot_addr[7] (output port clocked by clk_i)
Path Group: clk_i
Path Type: min

Fanout         Cap        Slew       Delay        Time   Description
---------------------------------------------------------------------------------------------
                                  0.000000    0.000000   clock clk_i (rise edge)
                                  0.000000    0.000000   clock source latency
     1    0.037465    0.000000    0.000000    0.000000 ^ clk_i (in)
                                                         clk_i (net)
                      0.005567    0.002783    0.002783 ^ clkbuf_0_clk_i/A (sg13g2_buf_16)
    16    0.183519    0.058569    0.078991    0.081774 ^ clkbuf_0_clk_i/X (sg13g2_buf_16)
                                                         clknet_0_clk_i (net)
                      0.062680    0.011981    0.093755 ^ clkbuf_4_14_0_clk_i/A (sg13g2_buf_8)
     2    0.037704    0.032763    0.091049    0.184804 ^ clkbuf_4_14_0_clk_i/X (sg13g2_buf_8)
                                                         clknet_4_14_0_clk_i (net)
                      0.032977    0.002136    0.186940 ^ clkbuf_5_28__f_clk_i/A (sg13g2_buf_16)
     6    0.029425    0.021741    0.067997    0.254937 ^ clkbuf_5_28__f_clk_i/X (sg13g2_buf_16)
                                                         clknet_5_28__leaf_clk_i (net)
                      0.021857    0.002618    0.257555 ^ _1234_/CLK (sg13g2_dfrbpq_1)
     2    0.008658    0.035417    0.174415    0.431970 v _1234_/Q (sg13g2_dfrbpq_1)
                                                         net30 (net)
                      0.035417    0.000161    0.432132 v output30/A (sg13g2_buf_1)
     1    0.051451    0.163517    0.176754    0.608886 v output30/X (sg13g2_buf_1)
                                                         boot_addr[7] (net)
                      0.163575    0.001472    0.610358 v boot_addr[7] (out)
                                              0.610358   data arrival time

                                  0.000000    0.000000   clock clk_i (rise edge)
                                  0.000000    0.000000   clock network delay (propagated)
                                  0.100000    0.100000   clock uncertainty
                                  0.000000    0.100000   clock reconvergence pessimism
                                  0.000000    0.100000   output external delay
                                              0.100000   data required time
---------------------------------------------------------------------------------------------
                                              0.100000   data required time
                                             -0.610358   data arrival time
---------------------------------------------------------------------------------------------
                                              0.510358   slack (MET)


Startpoint: _1252_ (rising edge-triggered flip-flop clocked by clk_i)
Endpoint: boot_addr[25] (output port clocked by clk_i)
Path Group: clk_i
Path Type: min

Fanout         Cap        Slew       Delay        Time   Description
---------------------------------------------------------------------------------------------
                                  0.000000    0.000000   clock clk_i (rise edge)
                                  0.000000    0.000000   clock source latency
     1    0.037465    0.000000    0.000000    0.000000 ^ clk_i (in)
                                                         clk_i (net)
                      0.005567    0.002783    0.002783 ^ clkbuf_0_clk_i/A (sg13g2_buf_16)
    16    0.183519    0.058569    0.078991    0.081774 ^ clkbuf_0_clk_i/X (sg13g2_buf_16)
                                                         clknet_0_clk_i (net)
                      0.060141    0.007518    0.089293 ^ clkbuf_4_2_0_clk_i/A (sg13g2_buf_8)
     2    0.036027    0.031976    0.089381    0.178674 ^ clkbuf_4_2_0_clk_i/X (sg13g2_buf_8)
                                                         clknet_4_2_0_clk_i (net)
                      0.032018    0.001562    0.180236 ^ clkbuf_5_5__f_clk_i/A (sg13g2_buf_16)
     6    0.029225    0.021632    0.067338    0.247573 ^ clkbuf_5_5__f_clk_i/X (sg13g2_buf_16)
                                                         clknet_5_5__leaf_clk_i (net)
                      0.021993    0.003919    0.251492 ^ _1252_/CLK (sg13g2_dfrbpq_1)
     2    0.010684    0.041372    0.179281    0.430773 v _1252_/Q (sg13g2_dfrbpq_1)
                                                         net18 (net)
                      0.041378    0.000503    0.431277 v output18/A (sg13g2_buf_1)
     1    0.050719    0.161458    0.177193    0.608470 v output18/X (sg13g2_buf_1)
                                                         boot_addr[25] (net)
                      0.161540    0.002186    0.610656 v boot_addr[25] (out)
                                              0.610656   data arrival time

                                  0.000000    0.000000   clock clk_i (rise edge)
                                  0.000000    0.000000   clock network delay (propagated)
                                  0.100000    0.100000   clock uncertainty
                                  0.000000    0.100000   clock reconvergence pessimism
                                  0.000000    0.100000   output external delay
                                              0.100000   data required time
---------------------------------------------------------------------------------------------
                                              0.100000   data required time
                                             -0.610656   data arrival time
---------------------------------------------------------------------------------------------
                                              0.510656   slack (MET)


Startpoint: _1336_ (rising edge-triggered flip-flop clocked by clk_i)
Endpoint: boot_wdata[9] (output port clocked by clk_i)
Path Group: clk_i
Path Type: min

Fanout         Cap        Slew       Delay        Time   Description
---------------------------------------------------------------------------------------------
                                  0.000000    0.000000   clock clk_i (rise edge)
                                  0.000000    0.000000   clock source latency
     1    0.037465    0.000000    0.000000    0.000000 ^ clk_i (in)
                                                         clk_i (net)
                      0.005567    0.002783    0.002783 ^ clkbuf_0_clk_i/A (sg13g2_buf_16)
    16    0.183519    0.058569    0.078991    0.081774 ^ clkbuf_0_clk_i/X (sg13g2_buf_16)
                                                         clknet_0_clk_i (net)
                      0.059829    0.006783    0.088558 ^ clkbuf_4_6_0_clk_i/A (sg13g2_buf_8)
     2    0.037847    0.032574    0.089261    0.177818 ^ clkbuf_4_6_0_clk_i/X (sg13g2_buf_8)
                                                         clknet_4_6_0_clk_i (net)
                      0.033067    0.002976    0.180794 ^ clkbuf_5_13__f_clk_i/A (sg13g2_buf_16)
     6    0.027488    0.021320    0.067856    0.248651 ^ clkbuf_5_13__f_clk_i/X (sg13g2_buf_16)
                                                         clknet_5_13__leaf_clk_i (net)
                      0.021399    0.002195    0.250845 ^ _1336_/CLK (sg13g2_dfrbpq_1)
     2    0.011346    0.043247    0.180474    0.431320 v _1336_/Q (sg13g2_dfrbpq_1)
                                                         net65 (net)
                      0.043260    0.000703    0.432023 v output65/A (sg13g2_buf_1)
     1    0.050855    0.161881    0.178311    0.610335 v output65/X (sg13g2_buf_1)
                                                         boot_wdata[9] (net)
                      0.161964    0.002204    0.612539 v boot_wdata[9] (out)
                                              0.612539   data arrival time

                                  0.000000    0.000000   clock clk_i (rise edge)
                                  0.000000    0.000000   clock network delay (propagated)
                                  0.100000    0.100000   clock uncertainty
                                  0.000000    0.100000   clock reconvergence pessimism
                                  0.000000    0.100000   output external delay
                                              0.100000   data required time
---------------------------------------------------------------------------------------------
                                              0.100000   data required time
                                             -0.612539   data arrival time
---------------------------------------------------------------------------------------------
                                              0.512539   slack (MET)


Startpoint: _1235_ (rising edge-triggered flip-flop clocked by clk_i)
Endpoint: boot_addr[8] (output port clocked by clk_i)
Path Group: clk_i
Path Type: min

Fanout         Cap        Slew       Delay        Time   Description
---------------------------------------------------------------------------------------------
                                  0.000000    0.000000   clock clk_i (rise edge)
                                  0.000000    0.000000   clock source latency
     1    0.037465    0.000000    0.000000    0.000000 ^ clk_i (in)
                                                         clk_i (net)
                      0.005567    0.002783    0.002783 ^ clkbuf_0_clk_i/A (sg13g2_buf_16)
    16    0.183519    0.058569    0.078991    0.081774 ^ clkbuf_0_clk_i/X (sg13g2_buf_16)
                                                         clknet_0_clk_i (net)
                      0.062680    0.011981    0.093755 ^ clkbuf_4_14_0_clk_i/A (sg13g2_buf_8)
     2    0.037704    0.032763    0.091049    0.184804 ^ clkbuf_4_14_0_clk_i/X (sg13g2_buf_8)
                                                         clknet_4_14_0_clk_i (net)
                      0.032977    0.002136    0.186940 ^ clkbuf_5_28__f_clk_i/A (sg13g2_buf_16)
     6    0.029425    0.021741    0.067997    0.254937 ^ clkbuf_5_28__f_clk_i/X (sg13g2_buf_16)
                                                         clknet_5_28__leaf_clk_i (net)
                      0.021893    0.002932    0.257869 ^ _1235_/CLK (sg13g2_dfrbpq_1)
     2    0.009159    0.036860    0.175359    0.433228 v _1235_/Q (sg13g2_dfrbpq_1)
                                                         net31 (net)
                      0.036881    0.000813    0.434040 v output31/A (sg13g2_buf_1)
     1    0.051451    0.163522    0.177398    0.611439 v output31/X (sg13g2_buf_1)
                                                         boot_addr[8] (net)
                      0.163579    0.001472    0.612911 v boot_addr[8] (out)
                                              0.612911   data arrival time

                                  0.000000    0.000000   clock clk_i (rise edge)
                                  0.000000    0.000000   clock network delay (propagated)
                                  0.100000    0.100000   clock uncertainty
                                  0.000000    0.100000   clock reconvergence pessimism
                                  0.000000    0.100000   output external delay
                                              0.100000   data required time
---------------------------------------------------------------------------------------------
                                              0.100000   data required time
                                             -0.612911   data arrival time
---------------------------------------------------------------------------------------------
                                              0.512911   slack (MET)


Startpoint: _1360_ (rising edge-triggered flip-flop clocked by clk_i)
Endpoint: cpu_rst_n (output port clocked by clk_i)
Path Group: clk_i
Path Type: min

Fanout         Cap        Slew       Delay        Time   Description
---------------------------------------------------------------------------------------------
                                  0.000000    0.000000   clock clk_i (rise edge)
                                  0.000000    0.000000   clock source latency
     1    0.037465    0.000000    0.000000    0.000000 ^ clk_i (in)
                                                         clk_i (net)
                      0.005567    0.002783    0.002783 ^ clkbuf_0_clk_i/A (sg13g2_buf_16)
    16    0.183519    0.058569    0.078991    0.081774 ^ clkbuf_0_clk_i/X (sg13g2_buf_16)
                                                         clknet_0_clk_i (net)
                      0.062680    0.011981    0.093755 ^ clkbuf_4_14_0_clk_i/A (sg13g2_buf_8)
     2    0.037704    0.032763    0.091049    0.184804 ^ clkbuf_4_14_0_clk_i/X (sg13g2_buf_8)
                                                         clknet_4_14_0_clk_i (net)
                      0.032977    0.002136    0.186940 ^ clkbuf_5_28__f_clk_i/A (sg13g2_buf_16)
     6    0.029425    0.021741    0.067997    0.254937 ^ clkbuf_5_28__f_clk_i/X (sg13g2_buf_16)
                                                         clknet_5_28__leaf_clk_i (net)
                      0.021797    0.001945    0.256883 ^ _1360_/CLK (sg13g2_dfrbpq_1)
     2    0.009768    0.038637    0.177098    0.433980 v _1360_/Q (sg13g2_dfrbpq_1)
                                                         net67 (net)
                      0.038638    0.000218    0.434198 v output67/A (sg13g2_buf_1)
     1    0.051451    0.163527    0.178172    0.612370 v output67/X (sg13g2_buf_1)
                                                         cpu_rst_n (net)
                      0.163585    0.001472    0.613842 v cpu_rst_n (out)
                                              0.613842   data arrival time

                                  0.000000    0.000000   clock clk_i (rise edge)
                                  0.000000    0.000000   clock network delay (propagated)
                                  0.100000    0.100000   clock uncertainty
                                  0.000000    0.100000   clock reconvergence pessimism
                                  0.000000    0.100000   output external delay
                                              0.100000   data required time
---------------------------------------------------------------------------------------------
                                              0.100000   data required time
                                             -0.613842   data arrival time
---------------------------------------------------------------------------------------------
                                              0.513842   slack (MET)


Startpoint: _1237_ (rising edge-triggered flip-flop clocked by clk_i)
Endpoint: boot_addr[10] (output port clocked by clk_i)
Path Group: clk_i
Path Type: min

Fanout         Cap        Slew       Delay        Time   Description
---------------------------------------------------------------------------------------------
                                  0.000000    0.000000   clock clk_i (rise edge)
                                  0.000000    0.000000   clock source latency
     1    0.037465    0.000000    0.000000    0.000000 ^ clk_i (in)
                                                         clk_i (net)
                      0.005567    0.002783    0.002783 ^ clkbuf_0_clk_i/A (sg13g2_buf_16)
    16    0.183519    0.058569    0.078991    0.081774 ^ clkbuf_0_clk_i/X (sg13g2_buf_16)
                                                         clknet_0_clk_i (net)
                      0.064417    0.014333    0.096107 ^ clkbuf_4_11_0_clk_i/A (sg13g2_buf_8)
     2    0.035854    0.032049    0.091209    0.187317 ^ clkbuf_4_11_0_clk_i/X (sg13g2_buf_8)
                                                         clknet_4_11_0_clk_i (net)
                      0.032202    0.002014    0.189331 ^ clkbuf_5_22__f_clk_i/A (sg13g2_buf_16)
     5    0.031394    0.022153    0.068221    0.257552 ^ clkbuf_5_22__f_clk_i/X (sg13g2_buf_16)
                                                         clknet_5_22__leaf_clk_i (net)
                      0.022183    0.001522    0.259074 ^ _1237_/CLK (sg13g2_dfrbpq_1)
     2    0.008916    0.036150    0.174963    0.434038 v _1237_/Q (sg13g2_dfrbpq_1)
                                                         net3 (net)
                      0.036163    0.000657    0.434694 v output3/A (sg13g2_buf_1)
     1    0.051782    0.164525    0.177819    0.612514 v output3/X (sg13g2_buf_1)
                                                         boot_addr[10] (net)
                      0.164584    0.001477    0.613991 v boot_addr[10] (out)
                                              0.613991   data arrival time

                                  0.000000    0.000000   clock clk_i (rise edge)
                                  0.000000    0.000000   clock network delay (propagated)
                                  0.100000    0.100000   clock uncertainty
                                  0.000000    0.100000   clock reconvergence pessimism
                                  0.000000    0.100000   output external delay
                                              0.100000   data required time
---------------------------------------------------------------------------------------------
                                              0.100000   data required time
                                             -0.613991   data arrival time
---------------------------------------------------------------------------------------------
                                              0.513991   slack (MET)


Startpoint: _1329_ (rising edge-triggered flip-flop clocked by clk_i)
Endpoint: boot_wdata[2] (output port clocked by clk_i)
Path Group: clk_i
Path Type: min

Fanout         Cap        Slew       Delay        Time   Description
---------------------------------------------------------------------------------------------
                                  0.000000    0.000000   clock clk_i (rise edge)
                                  0.000000    0.000000   clock source latency
     1    0.037465    0.000000    0.000000    0.000000 ^ clk_i (in)
                                                         clk_i (net)
                      0.005567    0.002783    0.002783 ^ clkbuf_0_clk_i/A (sg13g2_buf_16)
    16    0.183519    0.058569    0.078991    0.081774 ^ clkbuf_0_clk_i/X (sg13g2_buf_16)
                                                         clknet_0_clk_i (net)
                      0.059642    0.006301    0.088076 ^ clkbuf_4_7_0_clk_i/A (sg13g2_buf_8)
     2    0.036175    0.031991    0.089063    0.177138 ^ clkbuf_4_7_0_clk_i/X (sg13g2_buf_8)
                                                         clknet_4_7_0_clk_i (net)
                      0.032045    0.001129    0.178268 ^ clkbuf_5_14__f_clk_i/A (sg13g2_buf_16)
     5    0.019704    0.019484    0.066083    0.244351 ^ clkbuf_5_14__f_clk_i/X (sg13g2_buf_16)
                                                         clknet_5_14__leaf_clk_i (net)
                      0.019494    0.000889    0.245240 ^ _1329_/CLK (sg13g2_dfrbpq_1)
     2    0.013820    0.050675    0.185604    0.430844 v _1329_/Q (sg13g2_dfrbpq_1)
                                                         net56 (net)
                      0.050683    0.000631    0.431475 v output56/A (sg13g2_buf_1)
     1    0.050689    0.161401    0.181211    0.612686 v output56/X (sg13g2_buf_1)
                                                         boot_wdata[2] (net)
                      0.161484    0.002200    0.614886 v boot_wdata[2] (out)
                                              0.614886   data arrival time

                                  0.000000    0.000000   clock clk_i (rise edge)
                                  0.000000    0.000000   clock network delay (propagated)
                                  0.100000    0.100000   clock uncertainty
                                  0.000000    0.100000   clock reconvergence pessimism
                                  0.000000    0.100000   output external delay
                                              0.100000   data required time
---------------------------------------------------------------------------------------------
                                              0.100000   data required time
                                             -0.614886   data arrival time
---------------------------------------------------------------------------------------------
                                              0.514886   slack (MET)


Startpoint: _1236_ (rising edge-triggered flip-flop clocked by clk_i)
Endpoint: boot_addr[9] (output port clocked by clk_i)
Path Group: clk_i
Path Type: min

Fanout         Cap        Slew       Delay        Time   Description
---------------------------------------------------------------------------------------------
                                  0.000000    0.000000   clock clk_i (rise edge)
                                  0.000000    0.000000   clock source latency
     1    0.037465    0.000000    0.000000    0.000000 ^ clk_i (in)
                                                         clk_i (net)
                      0.005567    0.002783    0.002783 ^ clkbuf_0_clk_i/A (sg13g2_buf_16)
    16    0.183519    0.058569    0.078991    0.081774 ^ clkbuf_0_clk_i/X (sg13g2_buf_16)
                                                         clknet_0_clk_i (net)
                      0.062680    0.011981    0.093755 ^ clkbuf_4_14_0_clk_i/A (sg13g2_buf_8)
     2    0.037704    0.032763    0.091049    0.184804 ^ clkbuf_4_14_0_clk_i/X (sg13g2_buf_8)
                                                         clknet_4_14_0_clk_i (net)
                      0.032874    0.001397    0.186202 ^ clkbuf_5_29__f_clk_i/A (sg13g2_buf_16)
     6    0.027786    0.021373    0.067964    0.254166 ^ clkbuf_5_29__f_clk_i/X (sg13g2_buf_16)
                                                         clknet_5_29__leaf_clk_i (net)
                      0.021389    0.001125    0.255291 ^ _1236_/CLK (sg13g2_dfrbpq_1)
     2    0.010377    0.040401    0.178144    0.433434 v _1236_/Q (sg13g2_dfrbpq_1)
                                                         net32 (net)
                      0.040411    0.000618    0.434053 v output32/A (sg13g2_buf_1)
     1    0.051785    0.164544    0.179694    0.613747 v output32/X (sg13g2_buf_1)
                                                         boot_addr[9] (net)
                      0.164602    0.001477    0.615224 v boot_addr[9] (out)
                                              0.615224   data arrival time

                                  0.000000    0.000000   clock clk_i (rise edge)
                                  0.000000    0.000000   clock network delay (propagated)
                                  0.100000    0.100000   clock uncertainty
                                  0.000000    0.100000   clock reconvergence pessimism
                                  0.000000    0.100000   output external delay
                                              0.100000   data required time
---------------------------------------------------------------------------------------------
                                              0.100000   data required time
                                             -0.615224   data arrival time
---------------------------------------------------------------------------------------------
                                              0.515224   slack (MET)


Startpoint: _1327_ (rising edge-triggered flip-flop clocked by clk_i)
Endpoint: boot_wdata[0] (output port clocked by clk_i)
Path Group: clk_i
Path Type: min

Fanout         Cap        Slew       Delay        Time   Description
---------------------------------------------------------------------------------------------
                                  0.000000    0.000000   clock clk_i (rise edge)
                                  0.000000    0.000000   clock source latency
     1    0.037465    0.000000    0.000000    0.000000 ^ clk_i (in)
                                                         clk_i (net)
                      0.005567    0.002783    0.002783 ^ clkbuf_0_clk_i/A (sg13g2_buf_16)
    16    0.183519    0.058569    0.078991    0.081774 ^ clkbuf_0_clk_i/X (sg13g2_buf_16)
                                                         clknet_0_clk_i (net)
                      0.059829    0.006783    0.088558 ^ clkbuf_4_6_0_clk_i/A (sg13g2_buf_8)
     2    0.037847    0.032574    0.089261    0.177818 ^ clkbuf_4_6_0_clk_i/X (sg13g2_buf_8)
                                                         clknet_4_6_0_clk_i (net)
                      0.033067    0.002976    0.180794 ^ clkbuf_5_13__f_clk_i/A (sg13g2_buf_16)
     6    0.027488    0.021320    0.067856    0.248651 ^ clkbuf_5_13__f_clk_i/X (sg13g2_buf_16)
                                                         clknet_5_13__leaf_clk_i (net)
                      0.021344    0.001304    0.249955 ^ _1327_/CLK (sg13g2_dfrbpq_1)
     2    0.012843    0.047736    0.184225    0.434179 v _1327_/Q (sg13g2_dfrbpq_1)
                                                         net34 (net)
                      0.047742    0.000569    0.434748 v output34/A (sg13g2_buf_1)
     1    0.051225    0.163044    0.181002    0.615750 v output34/X (sg13g2_buf_1)
                                                         boot_wdata[0] (net)
                      0.163134    0.002349    0.618099 v boot_wdata[0] (out)
                                              0.618099   data arrival time

                                  0.000000    0.000000   clock clk_i (rise edge)
                                  0.000000    0.000000   clock network delay (propagated)
                                  0.100000    0.100000   clock uncertainty
                                  0.000000    0.100000   clock reconvergence pessimism
                                  0.000000    0.100000   output external delay
                                              0.100000   data required time
---------------------------------------------------------------------------------------------
                                              0.100000   data required time
                                             -0.618099   data arrival time
---------------------------------------------------------------------------------------------
                                              0.518099   slack (MET)


Startpoint: _1328_ (rising edge-triggered flip-flop clocked by clk_i)
Endpoint: boot_wdata[1] (output port clocked by clk_i)
Path Group: clk_i
Path Type: min

Fanout         Cap        Slew       Delay        Time   Description
---------------------------------------------------------------------------------------------
                                  0.000000    0.000000   clock clk_i (rise edge)
                                  0.000000    0.000000   clock source latency
     1    0.037465    0.000000    0.000000    0.000000 ^ clk_i (in)
                                                         clk_i (net)
                      0.005567    0.002783    0.002783 ^ clkbuf_0_clk_i/A (sg13g2_buf_16)
    16    0.183519    0.058569    0.078991    0.081774 ^ clkbuf_0_clk_i/X (sg13g2_buf_16)
                                                         clknet_0_clk_i (net)
                      0.062987    0.012423    0.094198 ^ clkbuf_4_13_0_clk_i/A (sg13g2_buf_8)
     2    0.035598    0.031745    0.089946    0.184143 ^ clkbuf_4_13_0_clk_i/X (sg13g2_buf_8)
                                                         clknet_4_13_0_clk_i (net)
                      0.032141    0.002826    0.186969 ^ clkbuf_5_27__f_clk_i/A (sg13g2_buf_16)
     5    0.022696    0.020177    0.066677    0.253646 ^ clkbuf_5_27__f_clk_i/X (sg13g2_buf_16)
                                                         clknet_5_27__leaf_clk_i (net)
                      0.020186    0.000804    0.254450 ^ _1328_/CLK (sg13g2_dfrbpq_1)
     2    0.011753    0.044447    0.180839    0.435289 v _1328_/Q (sg13g2_dfrbpq_1)
                                                         net45 (net)
                      0.044465    0.000839    0.436128 v output45/A (sg13g2_buf_1)
     1    0.051457    0.163570    0.180753    0.616881 v output45/X (sg13g2_buf_1)
                                                         boot_wdata[1] (net)
                      0.163628    0.001472    0.618353 v boot_wdata[1] (out)
                                              0.618353   data arrival time

                                  0.000000    0.000000   clock clk_i (rise edge)
                                  0.000000    0.000000   clock network delay (propagated)
                                  0.100000    0.100000   clock uncertainty
                                  0.000000    0.100000   clock reconvergence pessimism
                                  0.000000    0.100000   output external delay
                                              0.100000   data required time
---------------------------------------------------------------------------------------------
                                              0.100000   data required time
                                             -0.618353   data arrival time
---------------------------------------------------------------------------------------------
                                              0.518353   slack (MET)


Startpoint: _1344_ (rising edge-triggered flip-flop clocked by clk_i)
Endpoint: boot_wdata[17] (output port clocked by clk_i)
Path Group: clk_i
Path Type: min

Fanout         Cap        Slew       Delay        Time   Description
---------------------------------------------------------------------------------------------
                                  0.000000    0.000000   clock clk_i (rise edge)
                                  0.000000    0.000000   clock source latency
     1    0.037465    0.000000    0.000000    0.000000 ^ clk_i (in)
                                                         clk_i (net)
                      0.005567    0.002783    0.002783 ^ clkbuf_0_clk_i/A (sg13g2_buf_16)
    16    0.183519    0.058569    0.078991    0.081774 ^ clkbuf_0_clk_i/X (sg13g2_buf_16)
                                                         clknet_0_clk_i (net)
                      0.062987    0.012423    0.094198 ^ clkbuf_4_13_0_clk_i/A (sg13g2_buf_8)
     2    0.035598    0.031745    0.089946    0.184143 ^ clkbuf_4_13_0_clk_i/X (sg13g2_buf_8)
                                                         clknet_4_13_0_clk_i (net)
                      0.032141    0.002826    0.186969 ^ clkbuf_5_27__f_clk_i/A (sg13g2_buf_16)
     5    0.022696    0.020177    0.066677    0.253646 ^ clkbuf_5_27__f_clk_i/X (sg13g2_buf_16)
                                                         clknet_5_27__leaf_clk_i (net)
                      0.020181    0.000557    0.254203 ^ _1344_/CLK (sg13g2_dfrbpq_1)
     2    0.011910    0.044908    0.181221    0.435424 v _1344_/Q (sg13g2_dfrbpq_1)
                                                         net42 (net)
                      0.044921    0.000717    0.436140 v output42/A (sg13g2_buf_1)
     1    0.051379    0.163497    0.180122    0.616263 v output42/X (sg13g2_buf_1)
                                                         boot_wdata[17] (net)
                      0.163586    0.002328    0.618591 v boot_wdata[17] (out)
                                              0.618591   data arrival time

                                  0.000000    0.000000   clock clk_i (rise edge)
                                  0.000000    0.000000   clock network delay (propagated)
                                  0.100000    0.100000   clock uncertainty
                                  0.000000    0.100000   clock reconvergence pessimism
                                  0.000000    0.100000   output external delay
                                              0.100000   data required time
---------------------------------------------------------------------------------------------
                                              0.100000   data required time
                                             -0.618591   data arrival time
---------------------------------------------------------------------------------------------
                                              0.518591   slack (MET)


Startpoint: _1332_ (rising edge-triggered flip-flop clocked by clk_i)
Endpoint: boot_wdata[5] (output port clocked by clk_i)
Path Group: clk_i
Path Type: min

Fanout         Cap        Slew       Delay        Time   Description
---------------------------------------------------------------------------------------------
                                  0.000000    0.000000   clock clk_i (rise edge)
                                  0.000000    0.000000   clock source latency
     1    0.037465    0.000000    0.000000    0.000000 ^ clk_i (in)
                                                         clk_i (net)
                      0.005567    0.002783    0.002783 ^ clkbuf_0_clk_i/A (sg13g2_buf_16)
    16    0.183519    0.058569    0.078991    0.081774 ^ clkbuf_0_clk_i/X (sg13g2_buf_16)
                                                         clknet_0_clk_i (net)
                      0.061216    0.009638    0.091413 ^ clkbuf_4_0_0_clk_i/A (sg13g2_buf_8)
     2    0.036131    0.031955    0.089484    0.180897 ^ clkbuf_4_0_0_clk_i/X (sg13g2_buf_8)
                                                         clknet_4_0_0_clk_i (net)
                      0.032223    0.002334    0.183230 ^ clkbuf_5_0__f_clk_i/A (sg13g2_buf_16)
     6    0.029921    0.021824    0.067982    0.251212 ^ clkbuf_5_0__f_clk_i/X (sg13g2_buf_16)
                                                         clknet_5_0__leaf_clk_i (net)
                      0.021852    0.001472    0.252684 ^ _1332_/CLK (sg13g2_dfrbpq_1)
     2    0.012771    0.047557    0.184216    0.436899 v _1332_/Q (sg13g2_dfrbpq_1)
                                                         net61 (net)
                      0.047563    0.000530    0.437429 v output61/A (sg13g2_buf_1)
     1    0.051073    0.162569    0.180639    0.618068 v output61/X (sg13g2_buf_1)
                                                         boot_wdata[5] (net)
                      0.162655    0.002273    0.620341 v boot_wdata[5] (out)
                                              0.620341   data arrival time

                                  0.000000    0.000000   clock clk_i (rise edge)
                                  0.000000    0.000000   clock network delay (propagated)
                                  0.100000    0.100000   clock uncertainty
                                  0.000000    0.100000   clock reconvergence pessimism
                                  0.000000    0.100000   output external delay
                                              0.100000   data required time
---------------------------------------------------------------------------------------------
                                              0.100000   data required time
                                             -0.620341   data arrival time
---------------------------------------------------------------------------------------------
                                              0.520341   slack (MET)


Startpoint: _1254_ (rising edge-triggered flip-flop clocked by clk_i)
Endpoint: boot_addr[27] (output port clocked by clk_i)
Path Group: clk_i
Path Type: min

Fanout         Cap        Slew       Delay        Time   Description
---------------------------------------------------------------------------------------------
                                  0.000000    0.000000   clock clk_i (rise edge)
                                  0.000000    0.000000   clock source latency
     1    0.037465    0.000000    0.000000    0.000000 ^ clk_i (in)
                                                         clk_i (net)
                      0.005567    0.002783    0.002783 ^ clkbuf_0_clk_i/A (sg13g2_buf_16)
    16    0.183519    0.058569    0.078991    0.081774 ^ clkbuf_0_clk_i/X (sg13g2_buf_16)
                                                         clknet_0_clk_i (net)
                      0.063046    0.012508    0.094282 ^ clkbuf_4_8_0_clk_i/A (sg13g2_buf_8)
     2    0.037694    0.032701    0.090964    0.185246 ^ clkbuf_4_8_0_clk_i/X (sg13g2_buf_8)
                                                         clknet_4_8_0_clk_i (net)
                      0.033031    0.002447    0.187693 ^ clkbuf_5_16__f_clk_i/A (sg13g2_buf_16)
     6    0.031614    0.022241    0.068775    0.256469 ^ clkbuf_5_16__f_clk_i/X (sg13g2_buf_16)
                                                         clknet_5_16__leaf_clk_i (net)
                      0.022255    0.001082    0.257551 ^ _1254_/CLK (sg13g2_dfrbpq_1)
     2    0.012500    0.046670    0.183526    0.441077 v _1254_/Q (sg13g2_dfrbpq_1)
                                                         net20 (net)
                      0.046703    0.001120    0.442197 v output20/A (sg13g2_buf_1)
     1    0.050644    0.161244    0.179382    0.621579 v output20/X (sg13g2_buf_1)
                                                         boot_addr[27] (net)
                      0.161325    0.002169    0.623748 v boot_addr[27] (out)
                                              0.623748   data arrival time

                                  0.000000    0.000000   clock clk_i (rise edge)
                                  0.000000    0.000000   clock network delay (propagated)
                                  0.100000    0.100000   clock uncertainty
                                  0.000000    0.100000   clock reconvergence pessimism
                                  0.000000    0.100000   output external delay
                                              0.100000   data required time
---------------------------------------------------------------------------------------------
                                              0.100000   data required time
                                             -0.623748   data arrival time
---------------------------------------------------------------------------------------------
                                              0.523748   slack (MET)


Startpoint: _1359_ (rising edge-triggered flip-flop clocked by clk_i)
Endpoint: spi_cs_n (output port clocked by clk_i)
Path Group: clk_i
Path Type: min

Fanout         Cap        Slew       Delay        Time   Description
---------------------------------------------------------------------------------------------
                                  0.000000    0.000000   clock clk_i (rise edge)
                                  0.000000    0.000000   clock source latency
     1    0.037465    0.000000    0.000000    0.000000 ^ clk_i (in)
                                                         clk_i (net)
                      0.005567    0.002783    0.002783 ^ clkbuf_0_clk_i/A (sg13g2_buf_16)
    16    0.183519    0.058569    0.078991    0.081774 ^ clkbuf_0_clk_i/X (sg13g2_buf_16)
                                                         clknet_0_clk_i (net)
                      0.062703    0.012015    0.093789 ^ clkbuf_4_15_0_clk_i/A (sg13g2_buf_8)
     2    0.038071    0.032846    0.090910    0.184699 ^ clkbuf_4_15_0_clk_i/X (sg13g2_buf_8)
                                                         clknet_4_15_0_clk_i (net)
                      0.033197    0.002504    0.187203 ^ clkbuf_5_30__f_clk_i/A (sg13g2_buf_16)
     5    0.021677    0.019998    0.066934    0.254137 ^ clkbuf_5_30__f_clk_i/X (sg13g2_buf_16)
                                                         clknet_5_30__leaf_clk_i (net)
                      0.020015    0.001087    0.255224 ^ _1359_/CLK (sg13g2_dfrbpq_1)
     2    0.012668    0.047165    0.183273    0.438498 v _1359_/Q (sg13g2_dfrbpq_1)
                                                         net68 (net)
                      0.047166    0.000313    0.438811 v output68/A (sg13g2_buf_1)
     1    0.052068    0.165903    0.181597    0.620408 v output68/X (sg13g2_buf_1)
                                                         spi_cs_n (net)
                      0.166019    0.003666    0.624075 v spi_cs_n (out)
                                              0.624075   data arrival time

                                  0.000000    0.000000   clock clk_i (rise edge)
                                  0.000000    0.000000   clock network delay (propagated)
                                  0.100000    0.100000   clock uncertainty
                                  0.000000    0.100000   clock reconvergence pessimism
                                  0.000000    0.100000   output external delay
                                              0.100000   data required time
---------------------------------------------------------------------------------------------
                                              0.100000   data required time
                                             -0.624075   data arrival time
---------------------------------------------------------------------------------------------
                                              0.524075   slack (MET)


Startpoint: _1245_ (rising edge-triggered flip-flop clocked by clk_i)
Endpoint: boot_addr[18] (output port clocked by clk_i)
Path Group: clk_i
Path Type: min

Fanout         Cap        Slew       Delay        Time   Description
---------------------------------------------------------------------------------------------
                                  0.000000    0.000000   clock clk_i (rise edge)
                                  0.000000    0.000000   clock source latency
     1    0.037465    0.000000    0.000000    0.000000 ^ clk_i (in)
                                                         clk_i (net)
                      0.005567    0.002783    0.002783 ^ clkbuf_0_clk_i/A (sg13g2_buf_16)
    16    0.183519    0.058569    0.078991    0.081774 ^ clkbuf_0_clk_i/X (sg13g2_buf_16)
                                                         clknet_0_clk_i (net)
                      0.062703    0.012015    0.093789 ^ clkbuf_4_15_0_clk_i/A (sg13g2_buf_8)
     2    0.038071    0.032846    0.090910    0.184699 ^ clkbuf_4_15_0_clk_i/X (sg13g2_buf_8)
                                                         clknet_4_15_0_clk_i (net)
                      0.033197    0.002504    0.187203 ^ clkbuf_5_30__f_clk_i/A (sg13g2_buf_16)
     5    0.021677    0.019998    0.066934    0.254137 ^ clkbuf_5_30__f_clk_i/X (sg13g2_buf_16)
                                                         clknet_5_30__leaf_clk_i (net)
                      0.020017    0.001151    0.255289 ^ _1245_/CLK (sg13g2_dfrbpq_1)
     2    0.013880    0.050778    0.186183    0.441472 v _1245_/Q (sg13g2_dfrbpq_1)
                                                         net11 (net)
                      0.050781    0.000485    0.441956 v output11/A (sg13g2_buf_1)
     1    0.051451    0.163569    0.183519    0.625475 v output11/X (sg13g2_buf_1)
                                                         boot_addr[18] (net)
                      0.163627    0.001472    0.626948 v boot_addr[18] (out)
                                              0.626948   data arrival time

                                  0.000000    0.000000   clock clk_i (rise edge)
                                  0.000000    0.000000   clock network delay (propagated)
                                  0.100000    0.100000   clock uncertainty
                                  0.000000    0.100000   clock reconvergence pessimism
                                  0.000000    0.100000   output external delay
                                              0.100000   data required time
---------------------------------------------------------------------------------------------
                                              0.100000   data required time
                                             -0.626948   data arrival time
---------------------------------------------------------------------------------------------
                                              0.526947   slack (MET)


Startpoint: _1233_ (rising edge-triggered flip-flop clocked by clk_i)
Endpoint: boot_addr[6] (output port clocked by clk_i)
Path Group: clk_i
Path Type: min

Fanout         Cap        Slew       Delay        Time   Description
---------------------------------------------------------------------------------------------
                                  0.000000    0.000000   clock clk_i (rise edge)
                                  0.000000    0.000000   clock source latency
     1    0.037465    0.000000    0.000000    0.000000 ^ clk_i (in)
                                                         clk_i (net)
                      0.005567    0.002783    0.002783 ^ clkbuf_0_clk_i/A (sg13g2_buf_16)
    16    0.183519    0.058569    0.078991    0.081774 ^ clkbuf_0_clk_i/X (sg13g2_buf_16)
                                                         clknet_0_clk_i (net)
                      0.062680    0.011981    0.093755 ^ clkbuf_4_14_0_clk_i/A (sg13g2_buf_8)
     2    0.037704    0.032763    0.091049    0.184804 ^ clkbuf_4_14_0_clk_i/X (sg13g2_buf_8)
                                                         clknet_4_14_0_clk_i (net)
                      0.032977    0.002136    0.186940 ^ clkbuf_5_28__f_clk_i/A (sg13g2_buf_16)
     6    0.029425    0.021741    0.067997    0.254937 ^ clkbuf_5_28__f_clk_i/X (sg13g2_buf_16)
                                                         clknet_5_28__leaf_clk_i (net)
                      0.021922    0.003134    0.258071 ^ _1233_/CLK (sg13g2_dfrbpq_1)
     2    0.012864    0.047757    0.184656    0.442727 v _1233_/Q (sg13g2_dfrbpq_1)
                                                         net29 (net)
                      0.047758    0.000290    0.443017 v output29/A (sg13g2_buf_1)
     1    0.051948    0.165044    0.183397    0.626414 v output29/X (sg13g2_buf_1)
                                                         boot_addr[6] (net)
                      0.165098    0.001341    0.627755 v boot_addr[6] (out)
                                              0.627755   data arrival time

                                  0.000000    0.000000   clock clk_i (rise edge)
                                  0.000000    0.000000   clock network delay (propagated)
                                  0.100000    0.100000   clock uncertainty
                                  0.000000    0.100000   clock reconvergence pessimism
                                  0.000000    0.100000   output external delay
                                              0.100000   data required time
---------------------------------------------------------------------------------------------
                                              0.100000   data required time
                                             -0.627755   data arrival time
---------------------------------------------------------------------------------------------
                                              0.527755   slack (MET)


Startpoint: _1249_ (rising edge-triggered flip-flop clocked by clk_i)
Endpoint: boot_addr[22] (output port clocked by clk_i)
Path Group: clk_i
Path Type: min

Fanout         Cap        Slew       Delay        Time   Description
---------------------------------------------------------------------------------------------
                                  0.000000    0.000000   clock clk_i (rise edge)
                                  0.000000    0.000000   clock source latency
     1    0.037465    0.000000    0.000000    0.000000 ^ clk_i (in)
                                                         clk_i (net)
                      0.005567    0.002783    0.002783 ^ clkbuf_0_clk_i/A (sg13g2_buf_16)
    16    0.183519    0.058569    0.078991    0.081774 ^ clkbuf_0_clk_i/X (sg13g2_buf_16)
                                                         clknet_0_clk_i (net)
                      0.062970    0.012400    0.094174 ^ clkbuf_4_9_0_clk_i/A (sg13g2_buf_8)
     2    0.037106    0.032444    0.090691    0.184866 ^ clkbuf_4_9_0_clk_i/X (sg13g2_buf_8)
                                                         clknet_4_9_0_clk_i (net)
                      0.032750    0.002404    0.187270 ^ clkbuf_5_18__f_clk_i/A (sg13g2_buf_16)
     6    0.031638    0.022235    0.068489    0.255758 ^ clkbuf_5_18__f_clk_i/X (sg13g2_buf_16)
                                                         clknet_5_18__leaf_clk_i (net)
                      0.022279    0.001804    0.257562 ^ _1249_/CLK (sg13g2_dfrbpq_1)
     2    0.014995    0.054076    0.189540    0.447102 v _1249_/Q (sg13g2_dfrbpq_1)
                                                         net15 (net)
                      0.054107    0.001189    0.448291 v output15/A (sg13g2_buf_1)
     1    0.051755    0.164500    0.185660    0.633951 v output15/X (sg13g2_buf_1)
                                                         boot_addr[22] (net)
                      0.164559    0.001475    0.635426 v boot_addr[22] (out)
                                              0.635426   data arrival time

                                  0.000000    0.000000   clock clk_i (rise edge)
                                  0.000000    0.000000   clock network delay (propagated)
                                  0.100000    0.100000   clock uncertainty
                                  0.000000    0.100000   clock reconvergence pessimism
                                  0.000000    0.100000   output external delay
                                              0.100000   data required time
---------------------------------------------------------------------------------------------
                                              0.100000   data required time
                                             -0.635426   data arrival time
---------------------------------------------------------------------------------------------
                                              0.535426   slack (MET)


Startpoint: _1251_ (rising edge-triggered flip-flop clocked by clk_i)
Endpoint: boot_addr[24] (output port clocked by clk_i)
Path Group: clk_i
Path Type: min

Fanout         Cap        Slew       Delay        Time   Description
---------------------------------------------------------------------------------------------
                                  0.000000    0.000000   clock clk_i (rise edge)
                                  0.000000    0.000000   clock source latency
     1    0.037465    0.000000    0.000000    0.000000 ^ clk_i (in)
                                                         clk_i (net)
                      0.005567    0.002783    0.002783 ^ clkbuf_0_clk_i/A (sg13g2_buf_16)
    16    0.183519    0.058569    0.078991    0.081774 ^ clkbuf_0_clk_i/X (sg13g2_buf_16)
                                                         clknet_0_clk_i (net)
                      0.062970    0.012400    0.094174 ^ clkbuf_4_9_0_clk_i/A (sg13g2_buf_8)
     2    0.037106    0.032444    0.090691    0.184866 ^ clkbuf_4_9_0_clk_i/X (sg13g2_buf_8)
                                                         clknet_4_9_0_clk_i (net)
                      0.032750    0.002404    0.187270 ^ clkbuf_5_18__f_clk_i/A (sg13g2_buf_16)
     6    0.031638    0.022235    0.068489    0.255758 ^ clkbuf_5_18__f_clk_i/X (sg13g2_buf_16)
                                                         clknet_5_18__leaf_clk_i (net)
                      0.022275    0.001719    0.257477 ^ _1251_/CLK (sg13g2_dfrbpq_1)
     2    0.015346    0.055124    0.190375    0.447852 v _1251_/Q (sg13g2_dfrbpq_1)
                                                         net17 (net)
                      0.055156    0.001212    0.449064 v output17/A (sg13g2_buf_1)
     1    0.051366    0.163319    0.185277    0.634341 v output17/X (sg13g2_buf_1)
                                                         boot_addr[24] (net)
                      0.163376    0.001444    0.635785 v boot_addr[24] (out)
                                              0.635785   data arrival time

                                  0.000000    0.000000   clock clk_i (rise edge)
                                  0.000000    0.000000   clock network delay (propagated)
                                  0.100000    0.100000   clock uncertainty
                                  0.000000    0.100000   clock reconvergence pessimism
                                  0.000000    0.100000   output external delay
                                              0.100000   data required time
---------------------------------------------------------------------------------------------
                                              0.100000   data required time
                                             -0.635785   data arrival time
---------------------------------------------------------------------------------------------
                                              0.535785   slack (MET)


Startpoint: _1250_ (rising edge-triggered flip-flop clocked by clk_i)
Endpoint: boot_addr[23] (output port clocked by clk_i)
Path Group: clk_i
Path Type: min

Fanout         Cap        Slew       Delay        Time   Description
---------------------------------------------------------------------------------------------
                                  0.000000    0.000000   clock clk_i (rise edge)
                                  0.000000    0.000000   clock source latency
     1    0.037465    0.000000    0.000000    0.000000 ^ clk_i (in)
                                                         clk_i (net)
                      0.005567    0.002783    0.002783 ^ clkbuf_0_clk_i/A (sg13g2_buf_16)
    16    0.183519    0.058569    0.078991    0.081774 ^ clkbuf_0_clk_i/X (sg13g2_buf_16)
                                                         clknet_0_clk_i (net)
                      0.062970    0.012400    0.094174 ^ clkbuf_4_9_0_clk_i/A (sg13g2_buf_8)
     2    0.037106    0.032444    0.090691    0.184866 ^ clkbuf_4_9_0_clk_i/X (sg13g2_buf_8)
                                                         clknet_4_9_0_clk_i (net)
                      0.032757    0.002437    0.187303 ^ clkbuf_5_19__f_clk_i/A (sg13g2_buf_16)
     6    0.030083    0.021887    0.068183    0.255486 ^ clkbuf_5_19__f_clk_i/X (sg13g2_buf_16)
                                                         clknet_5_19__leaf_clk_i (net)
                      0.021997    0.002549    0.258035 ^ _1250_/CLK (sg13g2_dfrbpq_1)
     2    0.015670    0.056205    0.191277    0.449312 v _1250_/Q (sg13g2_dfrbpq_1)
                                                         net16 (net)
                      0.056217    0.000774    0.450086 v output16/A (sg13g2_buf_1)
     1    0.051366    0.163322    0.185743    0.635829 v output16/X (sg13g2_buf_1)
                                                         boot_addr[23] (net)
                      0.163379    0.001444    0.637273 v boot_addr[23] (out)
                                              0.637273   data arrival time

                                  0.000000    0.000000   clock clk_i (rise edge)
                                  0.000000    0.000000   clock network delay (propagated)
                                  0.100000    0.100000   clock uncertainty
                                  0.000000    0.100000   clock reconvergence pessimism
                                  0.000000    0.100000   output external delay
                                              0.100000   data required time
---------------------------------------------------------------------------------------------
                                              0.100000   data required time
                                             -0.637273   data arrival time
---------------------------------------------------------------------------------------------
                                              0.537273   slack (MET)


Startpoint: _1361_ (rising edge-triggered flip-flop clocked by clk_i)
Endpoint: _1313_ (rising edge-triggered flip-flop clocked by clk_i)
Path Group: clk_i
Path Type: min

Fanout         Cap        Slew       Delay        Time   Description
---------------------------------------------------------------------------------------------
                                  0.000000    0.000000   clock clk_i (rise edge)
                                  0.000000    0.000000   clock source latency
     1    0.037465    0.000000    0.000000    0.000000 ^ clk_i (in)
                                                         clk_i (net)
                      0.005567    0.002783    0.002783 ^ clkbuf_0_clk_i/A (sg13g2_buf_16)
    16    0.183519    0.058569    0.078991    0.081774 ^ clkbuf_0_clk_i/X (sg13g2_buf_16)
                                                         clknet_0_clk_i (net)
                      0.059897    0.006950    0.088724 ^ clkbuf_4_3_0_clk_i/A (sg13g2_buf_8)
     2    0.038003    0.032631    0.089294    0.178018 ^ clkbuf_4_3_0_clk_i/X (sg13g2_buf_8)
                                                         clknet_4_3_0_clk_i (net)
                      0.033175    0.003130    0.181148 ^ clkbuf_5_7__f_clk_i/A (sg13g2_buf_16)
     5    0.021094    0.019867    0.066772    0.247919 ^ clkbuf_5_7__f_clk_i/X (sg13g2_buf_16)
                                                         clknet_5_7__leaf_clk_i (net)
                      0.019898    0.001421    0.249341 ^ _1361_/CLK (sg13g2_dfrbpq_1)
     2    0.018896    0.066004    0.197758    0.447098 v _1361_/Q (sg13g2_dfrbpq_1)
                                                         spi_done (net)
                      0.066030    0.001219    0.448318 v fanout127/A (sg13g2_buf_1)
     6    0.032538    0.106259    0.147779    0.596097 v fanout127/X (sg13g2_buf_1)
                                                         net127 (net)
                      0.106303    0.000802    0.596899 v fanout126/A (sg13g2_buf_1)
     5    0.024941    0.083766    0.146728    0.743627 v fanout126/X (sg13g2_buf_1)
                                                         net126 (net)
                      0.083848    0.002359    0.745986 v _1036_/A1 (sg13g2_a21oi_1)
     1    0.003082    0.036226    0.081173    0.827159 ^ _1036_/Y (sg13g2_a21oi_1)
                                                         _0412_ (net)
                      0.036226    0.000122    0.827281 ^ _1037_/A (sg13g2_nor3_1)
     1    0.002036    0.020954    0.037364    0.864645 v _1037_/Y (sg13g2_nor3_1)
                                                         _0095_ (net)
                      0.020954    0.000078    0.864723 v _1313_/D (sg13g2_dfrbpq_1)
                                              0.864723   data arrival time

                                  0.000000    0.000000   clock clk_i (rise edge)
                                  0.000000    0.000000   clock source latency
     1    0.040138    0.000000    0.000000    0.000000 ^ clk_i (in)
                                                         clk_i (net)
                      0.006155    0.003077    0.003077 ^ clkbuf_0_clk_i/A (sg13g2_buf_16)
    16    0.204016    0.064014    0.082240    0.085317 ^ clkbuf_0_clk_i/X (sg13g2_buf_16)
                                                         clknet_0_clk_i (net)
                      0.065584    0.007930    0.093247 ^ clkbuf_4_4_0_clk_i/A (sg13g2_buf_8)
     2    0.041169    0.034261    0.093420    0.186668 ^ clkbuf_4_4_0_clk_i/X (sg13g2_buf_8)
                                                         clknet_4_4_0_clk_i (net)
                      0.034736    0.002570    0.189238 ^ clkbuf_5_9__f_clk_i/A (sg13g2_buf_16)
     6    0.026302    0.021130    0.068472    0.257710 ^ clkbuf_5_9__f_clk_i/X (sg13g2_buf_16)
                                                         clknet_5_9__leaf_clk_i (net)
                      0.021196    0.002076    0.259786 ^ _1313_/CLK (sg13g2_dfrbpq_1)
                                  0.100000    0.359786   clock uncertainty
                                 -0.003543    0.356243   clock reconvergence pessimism
                                 -0.034437    0.321806   library hold time
                                              0.321806   data required time
---------------------------------------------------------------------------------------------
                                              0.321806   data required time
                                             -0.864723   data arrival time
---------------------------------------------------------------------------------------------
                                              0.542916   slack (MET)


Startpoint: _1248_ (rising edge-triggered flip-flop clocked by clk_i)
Endpoint: boot_addr[21] (output port clocked by clk_i)
Path Group: clk_i
Path Type: min

Fanout         Cap        Slew       Delay        Time   Description
---------------------------------------------------------------------------------------------
                                  0.000000    0.000000   clock clk_i (rise edge)
                                  0.000000    0.000000   clock source latency
     1    0.037465    0.000000    0.000000    0.000000 ^ clk_i (in)
                                                         clk_i (net)
                      0.005567    0.002783    0.002783 ^ clkbuf_0_clk_i/A (sg13g2_buf_16)
    16    0.183519    0.058569    0.078991    0.081774 ^ clkbuf_0_clk_i/X (sg13g2_buf_16)
                                                         clknet_0_clk_i (net)
                      0.062970    0.012400    0.094174 ^ clkbuf_4_9_0_clk_i/A (sg13g2_buf_8)
     2    0.037106    0.032444    0.090691    0.184866 ^ clkbuf_4_9_0_clk_i/X (sg13g2_buf_8)
                                                         clknet_4_9_0_clk_i (net)
                      0.032750    0.002404    0.187270 ^ clkbuf_5_18__f_clk_i/A (sg13g2_buf_16)
     6    0.031638    0.022235    0.068489    0.255758 ^ clkbuf_5_18__f_clk_i/X (sg13g2_buf_16)
                                                         clknet_5_18__leaf_clk_i (net)
                      0.022327    0.002382    0.258141 ^ _1248_/CLK (sg13g2_dfrbpq_1)
     2    0.017199    0.060871    0.194920    0.453061 v _1248_/Q (sg13g2_dfrbpq_1)
                                                         net14 (net)
                      0.060904    0.001303    0.454364 v output14/A (sg13g2_buf_1)
     1    0.051374    0.163353    0.187819    0.642182 v output14/X (sg13g2_buf_1)
                                                         boot_addr[21] (net)
                      0.163365    0.001449    0.643632 v boot_addr[21] (out)
                                              0.643632   data arrival time

                                  0.000000    0.000000   clock clk_i (rise edge)
                                  0.000000    0.000000   clock network delay (propagated)
                                  0.100000    0.100000   clock uncertainty
                                  0.000000    0.100000   clock reconvergence pessimism
                                  0.000000    0.100000   output external delay
                                              0.100000   data required time
---------------------------------------------------------------------------------------------
                                              0.100000   data required time
                                             -0.643632   data arrival time
---------------------------------------------------------------------------------------------
                                              0.543632   slack (MET)


Startpoint: _1392_ (rising edge-triggered flip-flop clocked by clk_i)
Endpoint: _1318_ (rising edge-triggered flip-flop clocked by clk_i)
Path Group: clk_i
Path Type: min

Fanout         Cap        Slew       Delay        Time   Description
---------------------------------------------------------------------------------------------
                                  0.000000    0.000000   clock clk_i (rise edge)
                                  0.000000    0.000000   clock source latency
     1    0.037465    0.000000    0.000000    0.000000 ^ clk_i (in)
                                                         clk_i (net)
                      0.005567    0.002783    0.002783 ^ clkbuf_0_clk_i/A (sg13g2_buf_16)
    16    0.183519    0.058569    0.078991    0.081774 ^ clkbuf_0_clk_i/X (sg13g2_buf_16)
                                                         clknet_0_clk_i (net)
                      0.062703    0.012015    0.093789 ^ clkbuf_4_15_0_clk_i/A (sg13g2_buf_8)
     2    0.038071    0.032846    0.090910    0.184699 ^ clkbuf_4_15_0_clk_i/X (sg13g2_buf_8)
                                                         clknet_4_15_0_clk_i (net)
                      0.033197    0.002504    0.187203 ^ clkbuf_5_30__f_clk_i/A (sg13g2_buf_16)
     5    0.021677    0.019998    0.066934    0.254137 ^ clkbuf_5_30__f_clk_i/X (sg13g2_buf_16)
                                                         clknet_5_30__leaf_clk_i (net)
                      0.020023    0.001324    0.255461 ^ _1392_/CLK (sg13g2_dfrbpq_1)
     2    0.020795    0.071663    0.202544    0.458006 v _1392_/Q (sg13g2_dfrbpq_1)
                                                         u_boot_ctrl.state[4] (net)
                      0.071667    0.000577    0.458583 v fanout118/A (sg13g2_buf_1)
     4    0.018645    0.066828    0.118467    0.577049 v fanout118/X (sg13g2_buf_1)
                                                         net118 (net)
                      0.066847    0.001088    0.578137 v fanout117/A (sg13g2_buf_1)
     5    0.027798    0.092019    0.137876    0.716013 v fanout117/X (sg13g2_buf_1)
                                                         net117 (net)
                      0.092043    0.001445    0.717458 v _1051_/A2 (sg13g2_a21oi_1)
     1    0.005422    0.049558    0.108247    0.825705 ^ _1051_/Y (sg13g2_a21oi_1)
                                                         _0422_ (net)
                      0.049560    0.000355    0.826060 ^ _1052_/A (sg13g2_nor3_1)
     1    0.002761    0.022839    0.044650    0.870710 v _1052_/Y (sg13g2_nor3_1)
                                                         _0100_ (net)
                      0.022839    0.000202    0.870912 v _1318_/D (sg13g2_dfrbpq_1)
                                              0.870912   data arrival time

                                  0.000000    0.000000   clock clk_i (rise edge)
                                  0.000000    0.000000   clock source latency
     1    0.040138    0.000000    0.000000    0.000000 ^ clk_i (in)
                                                         clk_i (net)
                      0.006155    0.003077    0.003077 ^ clkbuf_0_clk_i/A (sg13g2_buf_16)
    16    0.204016    0.064014    0.082240    0.085317 ^ clkbuf_0_clk_i/X (sg13g2_buf_16)
                                                         clknet_0_clk_i (net)
                      0.069050    0.013853    0.099170 ^ clkbuf_4_13_0_clk_i/A (sg13g2_buf_8)
     2    0.040943    0.034350    0.094730    0.193901 ^ clkbuf_4_13_0_clk_i/X (sg13g2_buf_8)
                                                         clknet_4_13_0_clk_i (net)
                      0.034952    0.003380    0.197281 ^ clkbuf_5_26__f_clk_i/A (sg13g2_buf_16)
     5    0.023354    0.020459    0.068209    0.265490 ^ clkbuf_5_26__f_clk_i/X (sg13g2_buf_16)
                                                         clknet_5_26__leaf_clk_i (net)
                      0.020461    0.000375    0.265865 ^ _1318_/CLK (sg13g2_dfrbpq_1)
                                  0.100000    0.365865   clock uncertainty
                                 -0.003543    0.362322   clock reconvergence pessimism
                                 -0.035187    0.327135   library hold time
                                              0.327135   data required time
---------------------------------------------------------------------------------------------
                                              0.327135   data required time
                                             -0.870912   data arrival time
---------------------------------------------------------------------------------------------
                                              0.543777   slack (MET)


Startpoint: _1361_ (rising edge-triggered flip-flop clocked by clk_i)
Endpoint: _1309_ (rising edge-triggered flip-flop clocked by clk_i)
Path Group: clk_i
Path Type: min

Fanout         Cap        Slew       Delay        Time   Description
---------------------------------------------------------------------------------------------
                                  0.000000    0.000000   clock clk_i (rise edge)
                                  0.000000    0.000000   clock source latency
     1    0.037465    0.000000    0.000000    0.000000 ^ clk_i (in)
                                                         clk_i (net)
                      0.005567    0.002783    0.002783 ^ clkbuf_0_clk_i/A (sg13g2_buf_16)
    16    0.183519    0.058569    0.078991    0.081774 ^ clkbuf_0_clk_i/X (sg13g2_buf_16)
                                                         clknet_0_clk_i (net)
                      0.059897    0.006950    0.088724 ^ clkbuf_4_3_0_clk_i/A (sg13g2_buf_8)
     2    0.038003    0.032631    0.089294    0.178018 ^ clkbuf_4_3_0_clk_i/X (sg13g2_buf_8)
                                                         clknet_4_3_0_clk_i (net)
                      0.033175    0.003130    0.181148 ^ clkbuf_5_7__f_clk_i/A (sg13g2_buf_16)
     5    0.021094    0.019867    0.066772    0.247919 ^ clkbuf_5_7__f_clk_i/X (sg13g2_buf_16)
                                                         clknet_5_7__leaf_clk_i (net)
                      0.019898    0.001421    0.249341 ^ _1361_/CLK (sg13g2_dfrbpq_1)
     2    0.018896    0.066004    0.197758    0.447098 v _1361_/Q (sg13g2_dfrbpq_1)
                                                         spi_done (net)
                      0.066027    0.001153    0.448251 v fanout131/A (sg13g2_buf_1)
     4    0.025505    0.085144    0.132000    0.580251 v fanout131/X (sg13g2_buf_1)
                                                         net131 (net)
                      0.085282    0.002484    0.582735 v fanout130/A (sg13g2_buf_1)
     6    0.031868    0.104378    0.154190    0.736925 v fanout130/X (sg13g2_buf_1)
                                                         net130 (net)
                      0.104538    0.002985    0.739909 v _1024_/A1 (sg13g2_a21oi_1)
     1    0.003912    0.041404    0.092189    0.832098 ^ _1024_/Y (sg13g2_a21oi_1)
                                                         _0404_ (net)
                      0.041405    0.000272    0.832370 ^ _1025_/A (sg13g2_nor3_1)
     1    0.001843    0.020520    0.039008    0.871378 v _1025_/Y (sg13g2_nor3_1)
                                                         _0091_ (net)
                      0.020520    0.000071    0.871449 v _1309_/D (sg13g2_dfrbpq_1)
                                              0.871449   data arrival time

                                  0.000000    0.000000   clock clk_i (rise edge)
                                  0.000000    0.000000   clock source latency
     1    0.040138    0.000000    0.000000    0.000000 ^ clk_i (in)
                                                         clk_i (net)
                      0.006155    0.003077    0.003077 ^ clkbuf_0_clk_i/A (sg13g2_buf_16)
    16    0.204016    0.064014    0.082240    0.085317 ^ clkbuf_0_clk_i/X (sg13g2_buf_16)
                                                         clknet_0_clk_i (net)
                      0.065430    0.007564    0.092881 ^ clkbuf_4_6_0_clk_i/A (sg13g2_buf_8)
     2    0.043193    0.035257    0.093823    0.186704 ^ clkbuf_4_6_0_clk_i/X (sg13g2_buf_8)
                                                         clknet_4_6_0_clk_i (net)
                      0.035847    0.003412    0.190117 ^ clkbuf_5_13__f_clk_i/A (sg13g2_buf_16)
     6    0.030415    0.022106    0.069714    0.259830 ^ clkbuf_5_13__f_clk_i/X (sg13g2_buf_16)
                                                         clknet_5_13__leaf_clk_i (net)
                      0.022199    0.002391    0.262221 ^ _1309_/CLK (sg13g2_dfrbpq_1)
                                  0.100000    0.362221   clock uncertainty
                                 -0.003543    0.358678   clock reconvergence pessimism
                                 -0.034090    0.324588   library hold time
                                              0.324588   data required time
---------------------------------------------------------------------------------------------
                                              0.324588   data required time
                                             -0.871449   data arrival time
---------------------------------------------------------------------------------------------
                                              0.546861   slack (MET)


Startpoint: _1361_ (rising edge-triggered flip-flop clocked by clk_i)
Endpoint: _1305_ (rising edge-triggered flip-flop clocked by clk_i)
Path Group: clk_i
Path Type: min

Fanout         Cap        Slew       Delay        Time   Description
---------------------------------------------------------------------------------------------
                                  0.000000    0.000000   clock clk_i (rise edge)
                                  0.000000    0.000000   clock source latency
     1    0.037465    0.000000    0.000000    0.000000 ^ clk_i (in)
                                                         clk_i (net)
                      0.005567    0.002783    0.002783 ^ clkbuf_0_clk_i/A (sg13g2_buf_16)
    16    0.183519    0.058569    0.078991    0.081774 ^ clkbuf_0_clk_i/X (sg13g2_buf_16)
                                                         clknet_0_clk_i (net)
                      0.059897    0.006950    0.088724 ^ clkbuf_4_3_0_clk_i/A (sg13g2_buf_8)
     2    0.038003    0.032631    0.089294    0.178018 ^ clkbuf_4_3_0_clk_i/X (sg13g2_buf_8)
                                                         clknet_4_3_0_clk_i (net)
                      0.033175    0.003130    0.181148 ^ clkbuf_5_7__f_clk_i/A (sg13g2_buf_16)
     5    0.021094    0.019867    0.066772    0.247919 ^ clkbuf_5_7__f_clk_i/X (sg13g2_buf_16)
                                                         clknet_5_7__leaf_clk_i (net)
                      0.019898    0.001421    0.249341 ^ _1361_/CLK (sg13g2_dfrbpq_1)
     2    0.018896    0.066004    0.197758    0.447098 v _1361_/Q (sg13g2_dfrbpq_1)
                                                         spi_done (net)
                      0.066030    0.001219    0.448318 v fanout127/A (sg13g2_buf_1)
     6    0.032538    0.106259    0.147779    0.596097 v fanout127/X (sg13g2_buf_1)
                                                         net127 (net)
                      0.106303    0.000802    0.596899 v fanout126/A (sg13g2_buf_1)
     5    0.024941    0.083766    0.146728    0.743627 v fanout126/X (sg13g2_buf_1)
                                                         net126 (net)
                      0.083848    0.002357    0.745984 v _1012_/A1 (sg13g2_a21oi_1)
     1    0.003851    0.040226    0.085840    0.831823 ^ _1012_/Y (sg13g2_a21oi_1)
                                                         _0396_ (net)
                      0.040227    0.000284    0.832107 ^ _1013_/A (sg13g2_nor3_1)
     1    0.001654    0.020126    0.038061    0.870168 v _1013_/Y (sg13g2_nor3_1)
                                                         _0087_ (net)
                      0.020126    0.000064    0.870232 v _1305_/D (sg13g2_dfrbpq_1)
                                              0.870232   data arrival time

                                  0.000000    0.000000   clock clk_i (rise edge)
                                  0.000000    0.000000   clock source latency
     1    0.040138    0.000000    0.000000    0.000000 ^ clk_i (in)
                                                         clk_i (net)
                      0.006155    0.003077    0.003077 ^ clkbuf_0_clk_i/A (sg13g2_buf_16)
    16    0.204016    0.064014    0.082240    0.085317 ^ clkbuf_0_clk_i/X (sg13g2_buf_16)
                                                         clknet_0_clk_i (net)
                      0.065584    0.007930    0.093247 ^ clkbuf_4_4_0_clk_i/A (sg13g2_buf_8)
     2    0.041169    0.034261    0.093420    0.186668 ^ clkbuf_4_4_0_clk_i/X (sg13g2_buf_8)
                                                         clknet_4_4_0_clk_i (net)
                      0.034744    0.002608    0.189275 ^ clkbuf_5_8__f_clk_i/A (sg13g2_buf_16)
     6    0.029466    0.021840    0.069122    0.258398 ^ clkbuf_5_8__f_clk_i/X (sg13g2_buf_16)
                                                         clknet_5_8__leaf_clk_i (net)
                      0.021876    0.001639    0.260036 ^ _1305_/CLK (sg13g2_dfrbpq_1)
                                  0.100000    0.360036   clock uncertainty
                                 -0.003543    0.356493   clock reconvergence pessimism
                                 -0.034033    0.322461   library hold time
                                              0.322461   data required time
---------------------------------------------------------------------------------------------
                                              0.322461   data required time
                                             -0.870232   data arrival time
---------------------------------------------------------------------------------------------
                                              0.547771   slack (MET)


Startpoint: _1361_ (rising edge-triggered flip-flop clocked by clk_i)
Endpoint: _1321_ (rising edge-triggered flip-flop clocked by clk_i)
Path Group: clk_i
Path Type: min

Fanout         Cap        Slew       Delay        Time   Description
---------------------------------------------------------------------------------------------
                                  0.000000    0.000000   clock clk_i (rise edge)
                                  0.000000    0.000000   clock source latency
     1    0.037465    0.000000    0.000000    0.000000 ^ clk_i (in)
                                                         clk_i (net)
                      0.005567    0.002783    0.002783 ^ clkbuf_0_clk_i/A (sg13g2_buf_16)
    16    0.183519    0.058569    0.078991    0.081774 ^ clkbuf_0_clk_i/X (sg13g2_buf_16)
                                                         clknet_0_clk_i (net)
                      0.059897    0.006950    0.088724 ^ clkbuf_4_3_0_clk_i/A (sg13g2_buf_8)
     2    0.038003    0.032631    0.089294    0.178018 ^ clkbuf_4_3_0_clk_i/X (sg13g2_buf_8)
                                                         clknet_4_3_0_clk_i (net)
                      0.033175    0.003130    0.181148 ^ clkbuf_5_7__f_clk_i/A (sg13g2_buf_16)
     5    0.021094    0.019867    0.066772    0.247919 ^ clkbuf_5_7__f_clk_i/X (sg13g2_buf_16)
                                                         clknet_5_7__leaf_clk_i (net)
                      0.019898    0.001421    0.249341 ^ _1361_/CLK (sg13g2_dfrbpq_1)
     2    0.018896    0.066004    0.197758    0.447098 v _1361_/Q (sg13g2_dfrbpq_1)
                                                         spi_done (net)
                      0.066030    0.001219    0.448318 v fanout127/A (sg13g2_buf_1)
     6    0.032538    0.106259    0.147779    0.596097 v fanout127/X (sg13g2_buf_1)
                                                         net127 (net)
                      0.106303    0.000802    0.596899 v fanout126/A (sg13g2_buf_1)
     5    0.024941    0.083766    0.146728    0.743627 v fanout126/X (sg13g2_buf_1)
                                                         net126 (net)
                      0.083906    0.002492    0.746119 v _1060_/A1 (sg13g2_a21oi_1)
     1    0.004104    0.041625    0.087397    0.833516 ^ _1060_/Y (sg13g2_a21oi_1)
                                                         _0428_ (net)
                      0.041626    0.000303    0.833819 ^ _1061_/A (sg13g2_nor3_1)
     1    0.001880    0.020741    0.039188    0.873007 v _1061_/Y (sg13g2_nor3_1)
                                                         _0103_ (net)
                      0.020741    0.000070    0.873077 v _1321_/D (sg13g2_dfrbpq_1)
                                              0.873077   data arrival time

                                  0.000000    0.000000   clock clk_i (rise edge)
                                  0.000000    0.000000   clock source latency
     1    0.040138    0.000000    0.000000    0.000000 ^ clk_i (in)
                                                         clk_i (net)
                      0.006155    0.003077    0.003077 ^ clkbuf_0_clk_i/A (sg13g2_buf_16)
    16    0.204016    0.064014    0.082240    0.085317 ^ clkbuf_0_clk_i/X (sg13g2_buf_16)
                                                         clknet_0_clk_i (net)
                      0.065584    0.007930    0.093247 ^ clkbuf_4_4_0_clk_i/A (sg13g2_buf_8)
     2    0.041169    0.034261    0.093420    0.186668 ^ clkbuf_4_4_0_clk_i/X (sg13g2_buf_8)
                                                         clknet_4_4_0_clk_i (net)
                      0.034736    0.002570    0.189238 ^ clkbuf_5_9__f_clk_i/A (sg13g2_buf_16)
     6    0.026302    0.021130    0.068472    0.257710 ^ clkbuf_5_9__f_clk_i/X (sg13g2_buf_16)
                                                         clknet_5_9__leaf_clk_i (net)
                      0.021165    0.001576    0.259286 ^ _1321_/CLK (sg13g2_dfrbpq_1)
                                  0.100000    0.359286   clock uncertainty
                                 -0.003543    0.355743   clock reconvergence pessimism
                                 -0.034376    0.321368   library hold time
                                              0.321368   data required time
---------------------------------------------------------------------------------------------
                                              0.321368   data required time
                                             -0.873077   data arrival time
---------------------------------------------------------------------------------------------
                                              0.551709   slack (MET)


Startpoint: _1322_ (rising edge-triggered flip-flop clocked by clk_i)
Endpoint: _1322_ (rising edge-triggered flip-flop clocked by clk_i)
Path Group: clk_i
Path Type: min

Fanout         Cap        Slew       Delay        Time   Description
---------------------------------------------------------------------------------------------
                                  0.000000    0.000000   clock clk_i (rise edge)
                                  0.000000    0.000000   clock source latency
     1    0.037465    0.000000    0.000000    0.000000 ^ clk_i (in)
                                                         clk_i (net)
                      0.005567    0.002783    0.002783 ^ clkbuf_0_clk_i/A (sg13g2_buf_16)
    16    0.183519    0.058569    0.078991    0.081774 ^ clkbuf_0_clk_i/X (sg13g2_buf_16)
                                                         clknet_0_clk_i (net)
                      0.060147    0.007532    0.089306 ^ clkbuf_4_5_0_clk_i/A (sg13g2_buf_8)
     2    0.035974    0.031927    0.089238    0.178544 ^ clkbuf_4_5_0_clk_i/X (sg13g2_buf_8)
                                                         clknet_4_5_0_clk_i (net)
                      0.031981    0.001587    0.180131 ^ clkbuf_5_10__f_clk_i/A (sg13g2_buf_16)
     5    0.020558    0.019683    0.066117    0.246248 ^ clkbuf_5_10__f_clk_i/X (sg13g2_buf_16)
                                                         clknet_5_10__leaf_clk_i (net)
                      0.019707    0.001257    0.247506 ^ _1322_/CLK (sg13g2_dfrbpq_1)
     2    0.004919    0.024866    0.164228    0.411734 v _1322_/Q (sg13g2_dfrbpq_1)
                                                         u_boot_ctrl.word_asm[29] (net)
                      0.024866    0.000271    0.412005 v hold336/A (sg13g2_dlygate4sd3_1)
     1    0.003628    0.038678    0.371505    0.783510 v hold336/X (sg13g2_dlygate4sd3_1)
                                                         net336 (net)
                      0.038678    0.000255    0.783765 v _1063_/B1 (sg13g2_a21oi_1)
     1    0.003325    0.037758    0.045195    0.828960 ^ _1063_/Y (sg13g2_a21oi_1)
                                                         _0430_ (net)
                      0.037758    0.000132    0.829092 ^ _1064_/A (sg13g2_nor3_1)
     1    0.002176    0.021869    0.038331    0.867423 v _1064_/Y (sg13g2_nor3_1)
                                                         _0104_ (net)
                      0.021870    0.000082    0.867505 v _1322_/D (sg13g2_dfrbpq_1)
                                              0.867505   data arrival time

                                  0.000000    0.000000   clock clk_i (rise edge)
                                  0.000000    0.000000   clock source latency
     1    0.040138    0.000000    0.000000    0.000000 ^ clk_i (in)
                                                         clk_i (net)
                      0.006155    0.003077    0.003077 ^ clkbuf_0_clk_i/A (sg13g2_buf_16)
    16    0.204016    0.064014    0.082240    0.085317 ^ clkbuf_0_clk_i/X (sg13g2_buf_16)
                                                         clknet_0_clk_i (net)
                      0.065798    0.008411    0.093728 ^ clkbuf_4_5_0_clk_i/A (sg13g2_buf_8)
     2    0.041320    0.034456    0.093955    0.187682 ^ clkbuf_4_5_0_clk_i/X (sg13g2_buf_8)
                                                         clknet_4_5_0_clk_i (net)
                      0.034698    0.001832    0.189514 ^ clkbuf_5_10__f_clk_i/A (sg13g2_buf_16)
     5    0.022795    0.020328    0.067833    0.257348 ^ clkbuf_5_10__f_clk_i/X (sg13g2_buf_16)
                                                         clknet_5_10__leaf_clk_i (net)
                      0.020356    0.001398    0.258746 ^ _1322_/CLK (sg13g2_dfrbpq_1)
                                  0.100000    0.358746   clock uncertainty
                                 -0.011240    0.347506   clock reconvergence pessimism
                                 -0.034902    0.312603   library hold time
                                              0.312603   data required time
---------------------------------------------------------------------------------------------
                                              0.312603   data required time
                                             -0.867505   data arrival time
---------------------------------------------------------------------------------------------
                                              0.554902   slack (MET)


Startpoint: _1309_ (rising edge-triggered flip-flop clocked by clk_i)
Endpoint: _1317_ (rising edge-triggered flip-flop clocked by clk_i)
Path Group: clk_i
Path Type: min

Fanout         Cap        Slew       Delay        Time   Description
---------------------------------------------------------------------------------------------
                                  0.000000    0.000000   clock clk_i (rise edge)
                                  0.000000    0.000000   clock source latency
     1    0.037465    0.000000    0.000000    0.000000 ^ clk_i (in)
                                                         clk_i (net)
                      0.005567    0.002783    0.002783 ^ clkbuf_0_clk_i/A (sg13g2_buf_16)
    16    0.183519    0.058569    0.078991    0.081774 ^ clkbuf_0_clk_i/X (sg13g2_buf_16)
                                                         clknet_0_clk_i (net)
                      0.059829    0.006783    0.088558 ^ clkbuf_4_6_0_clk_i/A (sg13g2_buf_8)
     2    0.037847    0.032574    0.089261    0.177818 ^ clkbuf_4_6_0_clk_i/X (sg13g2_buf_8)
                                                         clknet_4_6_0_clk_i (net)
                      0.033067    0.002976    0.180794 ^ clkbuf_5_13__f_clk_i/A (sg13g2_buf_16)
     6    0.027488    0.021320    0.067856    0.248651 ^ clkbuf_5_13__f_clk_i/X (sg13g2_buf_16)
                                                         clknet_5_13__leaf_clk_i (net)
                      0.021397    0.002174    0.250825 ^ _1309_/CLK (sg13g2_dfrbpq_1)
     3    0.008738    0.035680    0.174298    0.425123 v _1309_/Q (sg13g2_dfrbpq_1)
                                                         u_boot_ctrl.word_asm[16] (net)
                      0.035681    0.000242    0.425366 v _1047_/A (sg13g2_nor2_1)
     1    0.002988    0.043842    0.058862    0.484228 ^ _1047_/Y (sg13g2_nor2_1)
                                                         _0419_ (net)
                      0.043842    0.000118    0.484346 ^ _1049_/C (sg13g2_nor3_1)
     1    0.002342    0.021660    0.034863    0.519209 v _1049_/Y (sg13g2_nor3_1)
                                                         _0099_ (net)
                      0.021660    0.000154    0.519362 v hold341/A (sg13g2_dlygate4sd3_1)
     1    0.001706    0.033361    0.363076    0.882438 v hold341/X (sg13g2_dlygate4sd3_1)
                                                         net341 (net)
                      0.033361    0.000065    0.882502 v _1317_/D (sg13g2_dfrbpq_1)
                                              0.882502   data arrival time

                                  0.000000    0.000000   clock clk_i (rise edge)
                                  0.000000    0.000000   clock source latency
     1    0.040138    0.000000    0.000000    0.000000 ^ clk_i (in)
                                                         clk_i (net)
                      0.006155    0.003077    0.003077 ^ clkbuf_0_clk_i/A (sg13g2_buf_16)
    16    0.204016    0.064014    0.082240    0.085317 ^ clkbuf_0_clk_i/X (sg13g2_buf_16)
                                                         clknet_0_clk_i (net)
                      0.069050    0.013853    0.099170 ^ clkbuf_4_13_0_clk_i/A (sg13g2_buf_8)
     2    0.040943    0.034350    0.094730    0.193901 ^ clkbuf_4_13_0_clk_i/X (sg13g2_buf_8)
                                                         clknet_4_13_0_clk_i (net)
                      0.034952    0.003380    0.197281 ^ clkbuf_5_26__f_clk_i/A (sg13g2_buf_16)
     5    0.023354    0.020459    0.068209    0.265490 ^ clkbuf_5_26__f_clk_i/X (sg13g2_buf_16)
                                                         clknet_5_26__leaf_clk_i (net)
                      0.020463    0.000538    0.266028 ^ _1317_/CLK (sg13g2_dfrbpq_1)
                                  0.100000    0.366028   clock uncertainty
                                 -0.003543    0.362485   clock reconvergence pessimism
                                 -0.038521    0.323964   library hold time
                                              0.323964   data required time
---------------------------------------------------------------------------------------------
                                              0.323964   data required time
                                             -0.882502   data arrival time
---------------------------------------------------------------------------------------------
                                              0.558538   slack (MET)


Startpoint: _1315_ (rising edge-triggered flip-flop clocked by clk_i)
Endpoint: _1323_ (rising edge-triggered flip-flop clocked by clk_i)
Path Group: clk_i
Path Type: min

Fanout         Cap        Slew       Delay        Time   Description
---------------------------------------------------------------------------------------------
                                  0.000000    0.000000   clock clk_i (rise edge)
                                  0.000000    0.000000   clock source latency
     1    0.037465    0.000000    0.000000    0.000000 ^ clk_i (in)
                                                         clk_i (net)
                      0.005567    0.002783    0.002783 ^ clkbuf_0_clk_i/A (sg13g2_buf_16)
    16    0.183519    0.058569    0.078991    0.081774 ^ clkbuf_0_clk_i/X (sg13g2_buf_16)
                                                         clknet_0_clk_i (net)
                      0.061226    0.009656    0.091431 ^ clkbuf_4_1_0_clk_i/A (sg13g2_buf_8)
     2    0.035302    0.031677    0.089472    0.180903 ^ clkbuf_4_1_0_clk_i/X (sg13g2_buf_8)
                                                         clknet_4_1_0_clk_i (net)
                      0.031733    0.001255    0.182159 ^ clkbuf_5_2__f_clk_i/A (sg13g2_buf_16)
     6    0.025575    0.020820    0.066962    0.249120 ^ clkbuf_5_2__f_clk_i/X (sg13g2_buf_16)
                                                         clknet_5_2__leaf_clk_i (net)
                      0.020825    0.000607    0.249727 ^ _1315_/CLK (sg13g2_dfrbpq_1)
     3    0.008399    0.034690    0.173232    0.422959 v _1315_/Q (sg13g2_dfrbpq_1)
                                                         u_boot_ctrl.word_asm[22] (net)
                      0.034693    0.000363    0.423321 v _1065_/A (sg13g2_nor2_1)
     1    0.003006    0.043867    0.058660    0.481981 ^ _1065_/Y (sg13g2_nor2_1)
                                                         _0431_ (net)
                      0.043867    0.000119    0.482100 ^ _1067_/C (sg13g2_nor3_1)
     1    0.002909    0.023103    0.036296    0.518396 v _1067_/Y (sg13g2_nor3_1)
                                                         _0105_ (net)
                      0.023104    0.000178    0.518574 v hold335/A (sg13g2_dlygate4sd3_1)
     1    0.001928    0.033999    0.364648    0.883222 v hold335/X (sg13g2_dlygate4sd3_1)
                                                         net335 (net)
                      0.033999    0.000072    0.883294 v _1323_/D (sg13g2_dfrbpq_1)
                                              0.883294   data arrival time

                                  0.000000    0.000000   clock clk_i (rise edge)
                                  0.000000    0.000000   clock source latency
     1    0.040138    0.000000    0.000000    0.000000 ^ clk_i (in)
                                                         clk_i (net)
                      0.006155    0.003077    0.003077 ^ clkbuf_0_clk_i/A (sg13g2_buf_16)
    16    0.204016    0.064014    0.082240    0.085317 ^ clkbuf_0_clk_i/X (sg13g2_buf_16)
                                                         clknet_0_clk_i (net)
                      0.067028    0.010771    0.096088 ^ clkbuf_4_0_0_clk_i/A (sg13g2_buf_8)
     2    0.041477    0.034567    0.094194    0.190282 ^ clkbuf_4_0_0_clk_i/X (sg13g2_buf_8)
                                                         clknet_4_0_0_clk_i (net)
                      0.034954    0.002693    0.192975 ^ clkbuf_5_0__f_clk_i/A (sg13g2_buf_16)
     6    0.032606    0.022552    0.069784    0.262758 ^ clkbuf_5_0__f_clk_i/X (sg13g2_buf_16)
                                                         clknet_5_0__leaf_clk_i (net)
                      0.022599    0.001801    0.264559 ^ _1323_/CLK (sg13g2_dfrbpq_1)
                                  0.100000    0.364559   clock uncertainty
                                 -0.003543    0.361016   clock reconvergence pessimism
                                 -0.038278    0.322738   library hold time
                                              0.322738   data required time
---------------------------------------------------------------------------------------------
                                              0.322738   data required time
                                             -0.883294   data arrival time
---------------------------------------------------------------------------------------------
                                              0.560557   slack (MET)


Startpoint: _1390_ (rising edge-triggered flip-flop clocked by clk_i)
Endpoint: _1228_ (rising edge-triggered flip-flop clocked by clk_i)
Path Group: clk_i
Path Type: min

Fanout         Cap        Slew       Delay        Time   Description
---------------------------------------------------------------------------------------------
                                  0.000000    0.000000   clock clk_i (rise edge)
                                  0.000000    0.000000   clock source latency
     1    0.037465    0.000000    0.000000    0.000000 ^ clk_i (in)
                                                         clk_i (net)
                      0.005567    0.002783    0.002783 ^ clkbuf_0_clk_i/A (sg13g2_buf_16)
    16    0.183519    0.058569    0.078991    0.081774 ^ clkbuf_0_clk_i/X (sg13g2_buf_16)
                                                         clknet_0_clk_i (net)
                      0.062711    0.012027    0.093801 ^ clkbuf_4_12_0_clk_i/A (sg13g2_buf_8)
     2    0.034811    0.031533    0.090015    0.183816 ^ clkbuf_4_12_0_clk_i/X (sg13g2_buf_8)
                                                         clknet_4_12_0_clk_i (net)
                      0.031581    0.001256    0.185071 ^ clkbuf_5_24__f_clk_i/A (sg13g2_buf_16)
     6    0.028544    0.021485    0.067369    0.252440 ^ clkbuf_5_24__f_clk_i/X (sg13g2_buf_16)
                                                         clknet_5_24__leaf_clk_i (net)
                      0.021523    0.001638    0.254078 ^ _1390_/CLK (sg13g2_dfrbpq_1)
     4    0.017129    0.077325    0.204052    0.458130 ^ _1390_/Q (sg13g2_dfrbpq_1)
                                                         u_boot_ctrl.state[2] (net)
                      0.077350    0.001341    0.459471 ^ _0763_/A (sg13g2_nor4_1)
     1    0.002233    0.020595    0.059013    0.518485 v _0763_/Y (sg13g2_nor4_1)
                                                         _0010_ (net)
                      0.020595    0.000084    0.518569 v hold332/A (sg13g2_dlygate4sd3_1)
     1    0.002939    0.036796    0.366770    0.885339 v hold332/X (sg13g2_dlygate4sd3_1)
                                                         net332 (net)
                      0.036796    0.000170    0.885509 v _1228_/D (sg13g2_dfrbpq_1)
                                              0.885509   data arrival time

                                  0.000000    0.000000   clock clk_i (rise edge)
                                  0.000000    0.000000   clock source latency
     1    0.040138    0.000000    0.000000    0.000000 ^ clk_i (in)
                                                         clk_i (net)
                      0.006155    0.003077    0.003077 ^ clkbuf_0_clk_i/A (sg13g2_buf_16)
    16    0.204016    0.064014    0.082240    0.085317 ^ clkbuf_0_clk_i/X (sg13g2_buf_16)
                                                         clknet_0_clk_i (net)
                      0.065508    0.007752    0.093070 ^ clkbuf_4_3_0_clk_i/A (sg13g2_buf_8)
     2    0.043348    0.035319    0.093848    0.186918 ^ clkbuf_4_3_0_clk_i/X (sg13g2_buf_8)
                                                         clknet_4_3_0_clk_i (net)
                      0.035968    0.003586    0.190504 ^ clkbuf_5_7__f_clk_i/A (sg13g2_buf_16)
     5    0.023331    0.020514    0.068519    0.259023 ^ clkbuf_5_7__f_clk_i/X (sg13g2_buf_16)
                                                         clknet_5_7__leaf_clk_i (net)
                      0.020579    0.002023    0.261046 ^ _1228_/CLK (sg13g2_dfrbpq_1)
                                  0.100000    0.361046   clock uncertainty
                                 -0.003543    0.357503   clock reconvergence pessimism
                                 -0.039585    0.317917   library hold time
                                              0.317917   data required time
---------------------------------------------------------------------------------------------
                                              0.317917   data required time
                                             -0.885509   data arrival time
---------------------------------------------------------------------------------------------
                                              0.567592   slack (MET)


Startpoint: _1312_ (rising edge-triggered flip-flop clocked by clk_i)
Endpoint: _1320_ (rising edge-triggered flip-flop clocked by clk_i)
Path Group: clk_i
Path Type: min

Fanout         Cap        Slew       Delay        Time   Description
---------------------------------------------------------------------------------------------
                                  0.000000    0.000000   clock clk_i (rise edge)
                                  0.000000    0.000000   clock source latency
     1    0.037465    0.000000    0.000000    0.000000 ^ clk_i (in)
                                                         clk_i (net)
                      0.005567    0.002783    0.002783 ^ clkbuf_0_clk_i/A (sg13g2_buf_16)
    16    0.183519    0.058569    0.078991    0.081774 ^ clkbuf_0_clk_i/X (sg13g2_buf_16)
                                                         clknet_0_clk_i (net)
                      0.059963    0.007108    0.088882 ^ clkbuf_4_4_0_clk_i/A (sg13g2_buf_8)
     2    0.035823    0.031777    0.088789    0.177671 ^ clkbuf_4_4_0_clk_i/X (sg13g2_buf_8)
                                                         clknet_4_4_0_clk_i (net)
                      0.032020    0.002233    0.179904 ^ clkbuf_5_9__f_clk_i/A (sg13g2_buf_16)
     6    0.023375    0.020335    0.066637    0.246541 ^ clkbuf_5_9__f_clk_i/X (sg13g2_buf_16)
                                                         clknet_5_9__leaf_clk_i (net)
                      0.020389    0.001860    0.248401 ^ _1312_/CLK (sg13g2_dfrbpq_1)
     3    0.008807    0.035863    0.174022    0.422423 v _1312_/Q (sg13g2_dfrbpq_1)
                                                         u_boot_ctrl.word_asm[19] (net)
                      0.035866    0.000339    0.422762 v _1056_/A (sg13g2_nor2_1)
     1    0.002914    0.043311    0.058481    0.481243 ^ _1056_/Y (sg13g2_nor2_1)
                                                         _0425_ (net)
                      0.043311    0.000114    0.481356 ^ _1058_/C (sg13g2_nor3_1)
     1    0.003201    0.023732    0.036862    0.518218 v _1058_/Y (sg13g2_nor3_1)
                                                         _0102_ (net)
                      0.023732    0.000120    0.518338 v hold338/A (sg13g2_dlygate4sd3_1)
     1    0.001792    0.033610    0.364524    0.882862 v hold338/X (sg13g2_dlygate4sd3_1)
                                                         net338 (net)
                      0.033610    0.000067    0.882929 v _1320_/D (sg13g2_dfrbpq_1)
                                              0.882929   data arrival time

                                  0.000000    0.000000   clock clk_i (rise edge)
                                  0.000000    0.000000   clock source latency
     1    0.040138    0.000000    0.000000    0.000000 ^ clk_i (in)
                                                         clk_i (net)
                      0.006155    0.003077    0.003077 ^ clkbuf_0_clk_i/A (sg13g2_buf_16)
    16    0.204016    0.064014    0.082240    0.085317 ^ clkbuf_0_clk_i/X (sg13g2_buf_16)
                                                         clknet_0_clk_i (net)
                      0.065218    0.007026    0.092343 ^ clkbuf_4_7_0_clk_i/A (sg13g2_buf_8)
     2    0.041520    0.034517    0.093743    0.186087 ^ clkbuf_4_7_0_clk_i/X (sg13g2_buf_8)
                                                         clknet_4_7_0_clk_i (net)
                      0.034687    0.001301    0.187388 ^ clkbuf_5_14__f_clk_i/A (sg13g2_buf_16)
     5    0.021941    0.020124    0.067784    0.255172 ^ clkbuf_5_14__f_clk_i/X (sg13g2_buf_16)
                                                         clknet_5_14__leaf_clk_i (net)
                      0.020134    0.000877    0.256049 ^ _1320_/CLK (sg13g2_dfrbpq_1)
                                  0.100000    0.356049   clock uncertainty
                                 -0.003543    0.352506   clock reconvergence pessimism
                                 -0.038669    0.313837   library hold time
                                              0.313837   data required time
---------------------------------------------------------------------------------------------
                                              0.313837   data required time
                                             -0.882929   data arrival time
---------------------------------------------------------------------------------------------
                                              0.569092   slack (MET)


Startpoint: _1302_ (rising edge-triggered flip-flop clocked by clk_i)
Endpoint: _1310_ (rising edge-triggered flip-flop clocked by clk_i)
Path Group: clk_i
Path Type: min

Fanout         Cap        Slew       Delay        Time   Description
---------------------------------------------------------------------------------------------
                                  0.000000    0.000000   clock clk_i (rise edge)
                                  0.000000    0.000000   clock source latency
     1    0.037465    0.000000    0.000000    0.000000 ^ clk_i (in)
                                                         clk_i (net)
                      0.005567    0.002783    0.002783 ^ clkbuf_0_clk_i/A (sg13g2_buf_16)
    16    0.183519    0.058569    0.078991    0.081774 ^ clkbuf_0_clk_i/X (sg13g2_buf_16)
                                                         clknet_0_clk_i (net)
                      0.062987    0.012423    0.094198 ^ clkbuf_4_13_0_clk_i/A (sg13g2_buf_8)
     2    0.035598    0.031745    0.089946    0.184143 ^ clkbuf_4_13_0_clk_i/X (sg13g2_buf_8)
                                                         clknet_4_13_0_clk_i (net)
                      0.032167    0.002934    0.187077 ^ clkbuf_5_26__f_clk_i/A (sg13g2_buf_16)
     5    0.021117    0.019816    0.066436    0.253513 ^ clkbuf_5_26__f_clk_i/X (sg13g2_buf_16)
                                                         clknet_5_26__leaf_clk_i (net)
                      0.019822    0.000693    0.254206 ^ _1302_/CLK (sg13g2_dfrbpq_1)
     3    0.009601    0.038131    0.175537    0.429743 v _1302_/Q (sg13g2_dfrbpq_1)
                                                         u_boot_ctrl.word_asm[9] (net)
                      0.038138    0.000522    0.430265 v _1026_/A (sg13g2_nor2_1)
     1    0.002756    0.042394    0.058255    0.488519 ^ _1026_/Y (sg13g2_nor2_1)
                                                         _0405_ (net)
                      0.042394    0.000108    0.488627 ^ _1028_/C (sg13g2_nor3_1)
     1    0.001984    0.020456    0.033514    0.522141 v _1028_/Y (sg13g2_nor3_1)
                                                         _0092_ (net)
                      0.020456    0.000074    0.522215 v hold362/A (sg13g2_dlygate4sd3_1)
     1    0.001785    0.033591    0.362688    0.884903 v hold362/X (sg13g2_dlygate4sd3_1)
                                                         net362 (net)
                      0.033591    0.000068    0.884970 v _1310_/D (sg13g2_dfrbpq_1)
                                              0.884970   data arrival time

                                  0.000000    0.000000   clock clk_i (rise edge)
                                  0.000000    0.000000   clock source latency
     1    0.040138    0.000000    0.000000    0.000000 ^ clk_i (in)
                                                         clk_i (net)
                      0.006155    0.003077    0.003077 ^ clkbuf_0_clk_i/A (sg13g2_buf_16)
    16    0.204016    0.064014    0.082240    0.085317 ^ clkbuf_0_clk_i/X (sg13g2_buf_16)
                                                         clknet_0_clk_i (net)
                      0.069050    0.013853    0.099170 ^ clkbuf_4_13_0_clk_i/A (sg13g2_buf_8)
     2    0.040943    0.034350    0.094730    0.193901 ^ clkbuf_4_13_0_clk_i/X (sg13g2_buf_8)
                                                         clknet_4_13_0_clk_i (net)
                      0.034952    0.003380    0.197281 ^ clkbuf_5_26__f_clk_i/A (sg13g2_buf_16)
     5    0.023354    0.020459    0.068209    0.265490 ^ clkbuf_5_26__f_clk_i/X (sg13g2_buf_16)
                                                         clknet_5_26__leaf_clk_i (net)
                      0.020466    0.000744    0.266234 ^ _1310_/CLK (sg13g2_dfrbpq_1)
                                  0.100000    0.366234   clock uncertainty
                                 -0.011977    0.354256   clock reconvergence pessimism
                                 -0.038593    0.315663   library hold time
                                              0.315663   data required time
---------------------------------------------------------------------------------------------
                                              0.315663   data required time
                                             -0.884970   data arrival time
---------------------------------------------------------------------------------------------
                                              0.569307   slack (MET)


Startpoint: _1316_ (rising edge-triggered flip-flop clocked by clk_i)
Endpoint: _1324_ (rising edge-triggered flip-flop clocked by clk_i)
Path Group: clk_i
Path Type: min

Fanout         Cap        Slew       Delay        Time   Description
---------------------------------------------------------------------------------------------
                                  0.000000    0.000000   clock clk_i (rise edge)
                                  0.000000    0.000000   clock source latency
     1    0.037465    0.000000    0.000000    0.000000 ^ clk_i (in)
                                                         clk_i (net)
                      0.005567    0.002783    0.002783 ^ clkbuf_0_clk_i/A (sg13g2_buf_16)
    16    0.183519    0.058569    0.078991    0.081774 ^ clkbuf_0_clk_i/X (sg13g2_buf_16)
                                                         clknet_0_clk_i (net)
                      0.061226    0.009656    0.091431 ^ clkbuf_4_1_0_clk_i/A (sg13g2_buf_8)
     2    0.035302    0.031677    0.089472    0.180903 ^ clkbuf_4_1_0_clk_i/X (sg13g2_buf_8)
                                                         clknet_4_1_0_clk_i (net)
                      0.031812    0.001930    0.182834 ^ clkbuf_5_3__f_clk_i/A (sg13g2_buf_16)
     6    0.025526    0.020809    0.067043    0.249877 ^ clkbuf_5_3__f_clk_i/X (sg13g2_buf_16)
                                                         clknet_5_3__leaf_clk_i (net)
                      0.020824    0.001070    0.250946 ^ _1316_/CLK (sg13g2_dfrbpq_1)
     3    0.008888    0.036101    0.174427    0.425373 v _1316_/Q (sg13g2_dfrbpq_1)
                                                         u_boot_ctrl.word_asm[23] (net)
                      0.036102    0.000254    0.425627 v _1068_/A (sg13g2_nor2_1)
     1    0.003431    0.047174    0.061608    0.487235 ^ _1068_/Y (sg13g2_nor2_1)
                                                         _0433_ (net)
                      0.047174    0.000131    0.487366 ^ _1070_/C (sg13g2_nor3_1)
     1    0.001840    0.021034    0.034649    0.522016 v _1070_/Y (sg13g2_nor3_1)
                                                         _0106_ (net)
                      0.021034    0.000069    0.522085 v hold343/A (sg13g2_dlygate4sd3_1)
     1    0.002054    0.034339    0.363936    0.886021 v hold343/X (sg13g2_dlygate4sd3_1)
                                                         net343 (net)
                      0.034339    0.000135    0.886157 v _1324_/D (sg13g2_dfrbpq_1)
                                              0.886157   data arrival time

                                  0.000000    0.000000   clock clk_i (rise edge)
                                  0.000000    0.000000   clock source latency
     1    0.040138    0.000000    0.000000    0.000000 ^ clk_i (in)
                                                         clk_i (net)
                      0.006155    0.003077    0.003077 ^ clkbuf_0_clk_i/A (sg13g2_buf_16)
    16    0.204016    0.064014    0.082240    0.085317 ^ clkbuf_0_clk_i/X (sg13g2_buf_16)
                                                         clknet_0_clk_i (net)
                      0.065798    0.008411    0.093728 ^ clkbuf_4_5_0_clk_i/A (sg13g2_buf_8)
     2    0.041320    0.034456    0.093955    0.187682 ^ clkbuf_4_5_0_clk_i/X (sg13g2_buf_8)
                                                         clknet_4_5_0_clk_i (net)
                      0.034698    0.001832    0.189514 ^ clkbuf_5_10__f_clk_i/A (sg13g2_buf_16)
     5    0.022795    0.020328    0.067833    0.257348 ^ clkbuf_5_10__f_clk_i/X (sg13g2_buf_16)
                                                         clknet_5_10__leaf_clk_i (net)
                      0.020373    0.001726    0.259074 ^ _1324_/CLK (sg13g2_dfrbpq_1)
                                  0.100000    0.359074   clock uncertainty
                                 -0.003543    0.355531   clock reconvergence pessimism
                                 -0.038850    0.316681   library hold time
                                              0.316681   data required time
---------------------------------------------------------------------------------------------
                                              0.316681   data required time
                                             -0.886157   data arrival time
---------------------------------------------------------------------------------------------
                                              0.569476   slack (MET)


Startpoint: _1293_ (rising edge-triggered flip-flop clocked by clk_i)
Endpoint: _1301_ (rising edge-triggered flip-flop clocked by clk_i)
Path Group: clk_i
Path Type: min

Fanout         Cap        Slew       Delay        Time   Description
---------------------------------------------------------------------------------------------
                                  0.000000    0.000000   clock clk_i (rise edge)
                                  0.000000    0.000000   clock source latency
     1    0.037465    0.000000    0.000000    0.000000 ^ clk_i (in)
                                                         clk_i (net)
                      0.005567    0.002783    0.002783 ^ clkbuf_0_clk_i/A (sg13g2_buf_16)
    16    0.183519    0.058569    0.078991    0.081774 ^ clkbuf_0_clk_i/X (sg13g2_buf_16)
                                                         clknet_0_clk_i (net)
                      0.059829    0.006783    0.088558 ^ clkbuf_4_6_0_clk_i/A (sg13g2_buf_8)
     2    0.037847    0.032574    0.089261    0.177818 ^ clkbuf_4_6_0_clk_i/X (sg13g2_buf_8)
                                                         clknet_4_6_0_clk_i (net)
                      0.033034    0.002842    0.180660 ^ clkbuf_5_12__f_clk_i/A (sg13g2_buf_16)
     6    0.028345    0.021513    0.068155    0.248815 ^ clkbuf_5_12__f_clk_i/X (sg13g2_buf_16)
                                                         clknet_5_12__leaf_clk_i (net)
                      0.021529    0.001127    0.249942 ^ _1293_/CLK (sg13g2_dfrbpq_1)
     3    0.008429    0.034769    0.173663    0.423605 v _1293_/Q (sg13g2_dfrbpq_1)
                                                         u_boot_ctrl.word_asm[0] (net)
                      0.034770    0.000253    0.423858 v _0999_/A (sg13g2_nor2_1)
     1    0.002897    0.043065    0.058040    0.481898 ^ _0999_/Y (sg13g2_nor2_1)
                                                         _0387_ (net)
                      0.043065    0.000113    0.482011 ^ _1001_/C (sg13g2_nor3_1)
     1    0.002433    0.021737    0.034840    0.516851 v _1001_/Y (sg13g2_nor3_1)
                                                         _0083_ (net)
                      0.021737    0.000160    0.517011 v hold365/A (sg13g2_dlygate4sd3_1)
     1    0.001741    0.033462    0.363241    0.880252 v hold365/X (sg13g2_dlygate4sd3_1)
                                                         net365 (net)
                      0.033462    0.000066    0.880318 v _1301_/D (sg13g2_dfrbpq_1)
                                              0.880318   data arrival time

                                  0.000000    0.000000   clock clk_i (rise edge)
                                  0.000000    0.000000   clock source latency
     1    0.040138    0.000000    0.000000    0.000000 ^ clk_i (in)
                                                         clk_i (net)
                      0.006155    0.003077    0.003077 ^ clkbuf_0_clk_i/A (sg13g2_buf_16)
    16    0.204016    0.064014    0.082240    0.085317 ^ clkbuf_0_clk_i/X (sg13g2_buf_16)
                                                         clknet_0_clk_i (net)
                      0.065430    0.007564    0.092881 ^ clkbuf_4_6_0_clk_i/A (sg13g2_buf_8)
     2    0.043193    0.035257    0.093823    0.186704 ^ clkbuf_4_6_0_clk_i/X (sg13g2_buf_8)
                                                         clknet_4_6_0_clk_i (net)
                      0.035805    0.003263    0.189967 ^ clkbuf_5_12__f_clk_i/A (sg13g2_buf_16)
     6    0.031029    0.022247    0.069990    0.259956 ^ clkbuf_5_12__f_clk_i/X (sg13g2_buf_16)
                                                         clknet_5_12__leaf_clk_i (net)
                      0.022248    0.000203    0.260160 ^ _1301_/CLK (sg13g2_dfrbpq_1)
                                  0.100000    0.360160   clock uncertainty
                                 -0.011141    0.349018   clock reconvergence pessimism
                                 -0.038181    0.310837   library hold time
                                              0.310837   data required time
---------------------------------------------------------------------------------------------
                                              0.310837   data required time
                                             -0.880318   data arrival time
---------------------------------------------------------------------------------------------
                                              0.569481   slack (MET)


Startpoint: _1303_ (rising edge-triggered flip-flop clocked by clk_i)
Endpoint: _1303_ (rising edge-triggered flip-flop clocked by clk_i)
Path Group: clk_i
Path Type: min

Fanout         Cap        Slew       Delay        Time   Description
---------------------------------------------------------------------------------------------
                                  0.000000    0.000000   clock clk_i (rise edge)
                                  0.000000    0.000000   clock source latency
     1    0.037465    0.000000    0.000000    0.000000 ^ clk_i (in)
                                                         clk_i (net)
                      0.005567    0.002783    0.002783 ^ clkbuf_0_clk_i/A (sg13g2_buf_16)
    16    0.183519    0.058569    0.078991    0.081774 ^ clkbuf_0_clk_i/X (sg13g2_buf_16)
                                                         clknet_0_clk_i (net)
                      0.059642    0.006301    0.088076 ^ clkbuf_4_7_0_clk_i/A (sg13g2_buf_8)
     2    0.036175    0.031991    0.089063    0.177138 ^ clkbuf_4_7_0_clk_i/X (sg13g2_buf_8)
                                                         clknet_4_7_0_clk_i (net)
                      0.032139    0.001937    0.179075 ^ clkbuf_5_15__f_clk_i/A (sg13g2_buf_16)
     5    0.021107    0.019812    0.066401    0.245477 ^ clkbuf_5_15__f_clk_i/X (sg13g2_buf_16)
                                                         clknet_5_15__leaf_clk_i (net)
                      0.019820    0.000800    0.246276 ^ _1303_/CLK (sg13g2_dfrbpq_1)
     3    0.009293    0.037231    0.174843    0.421119 v _1303_/Q (sg13g2_dfrbpq_1)
                                                         u_boot_ctrl.word_asm[10] (net)
                      0.037231    0.000225    0.421345 v hold363/A (sg13g2_dlygate4sd3_1)
     1    0.002913    0.036724    0.375884    0.797229 v hold363/X (sg13g2_dlygate4sd3_1)
                                                         net363 (net)
                      0.036724    0.000116    0.797344 v _1006_/B1 (sg13g2_a21oi_1)
     1    0.004068    0.041413    0.047928    0.845272 ^ _1006_/Y (sg13g2_a21oi_1)
                                                         _0392_ (net)
                      0.041413    0.000277    0.845550 ^ _1007_/A (sg13g2_nor3_1)
     1    0.001803    0.020910    0.038910    0.884460 v _1007_/Y (sg13g2_nor3_1)
                                                         _0085_ (net)
                      0.020910    0.000068    0.884527 v _1303_/D (sg13g2_dfrbpq_1)
                                              0.884527   data arrival time

                                  0.000000    0.000000   clock clk_i (rise edge)
                                  0.000000    0.000000   clock source latency
     1    0.040138    0.000000    0.000000    0.000000 ^ clk_i (in)
                                                         clk_i (net)
                      0.006155    0.003077    0.003077 ^ clkbuf_0_clk_i/A (sg13g2_buf_16)
    16    0.204016    0.064014    0.082240    0.085317 ^ clkbuf_0_clk_i/X (sg13g2_buf_16)
                                                         clknet_0_clk_i (net)
                      0.065218    0.007026    0.092343 ^ clkbuf_4_7_0_clk_i/A (sg13g2_buf_8)
     2    0.041520    0.034517    0.093743    0.186087 ^ clkbuf_4_7_0_clk_i/X (sg13g2_buf_8)
                                                         clknet_4_7_0_clk_i (net)
                      0.034825    0.002236    0.188323 ^ clkbuf_5_15__f_clk_i/A (sg13g2_buf_16)
     5    0.023344    0.020451    0.068124    0.256447 ^ clkbuf_5_15__f_clk_i/X (sg13g2_buf_16)
                                                         clknet_5_15__leaf_clk_i (net)
                      0.020461    0.000883    0.257330 ^ _1303_/CLK (sg13g2_dfrbpq_1)
                                  0.100000    0.357330   clock uncertainty
                                 -0.011054    0.346276   clock reconvergence pessimism
                                 -0.034576    0.311700   library hold time
                                              0.311700   data required time
---------------------------------------------------------------------------------------------
                                              0.311700   data required time
                                             -0.884527   data arrival time
---------------------------------------------------------------------------------------------
                                              0.572827   slack (MET)


Startpoint: _1306_ (rising edge-triggered flip-flop clocked by clk_i)
Endpoint: _1314_ (rising edge-triggered flip-flop clocked by clk_i)
Path Group: clk_i
Path Type: min

Fanout         Cap        Slew       Delay        Time   Description
---------------------------------------------------------------------------------------------
                                  0.000000    0.000000   clock clk_i (rise edge)
                                  0.000000    0.000000   clock source latency
     1    0.037465    0.000000    0.000000    0.000000 ^ clk_i (in)
                                                         clk_i (net)
                      0.005567    0.002783    0.002783 ^ clkbuf_0_clk_i/A (sg13g2_buf_16)
    16    0.183519    0.058569    0.078991    0.081774 ^ clkbuf_0_clk_i/X (sg13g2_buf_16)
                                                         clknet_0_clk_i (net)
                      0.061216    0.009638    0.091413 ^ clkbuf_4_0_0_clk_i/A (sg13g2_buf_8)
     2    0.036131    0.031955    0.089484    0.180897 ^ clkbuf_4_0_0_clk_i/X (sg13g2_buf_8)
                                                         clknet_4_0_0_clk_i (net)
                      0.032223    0.002334    0.183230 ^ clkbuf_5_0__f_clk_i/A (sg13g2_buf_16)
     6    0.029921    0.021824    0.067982    0.251212 ^ clkbuf_5_0__f_clk_i/X (sg13g2_buf_16)
                                                         clknet_5_0__leaf_clk_i (net)
                      0.021850    0.001418    0.252630 ^ _1306_/CLK (sg13g2_dfrbpq_1)
     3    0.011682    0.044240    0.181466    0.434096 v _1306_/Q (sg13g2_dfrbpq_1)
                                                         u_boot_ctrl.word_asm[13] (net)
                      0.044251    0.000678    0.434774 v _1038_/A (sg13g2_nor2_1)
     1    0.002694    0.042623    0.059789    0.494563 ^ _1038_/Y (sg13g2_nor2_1)
                                                         _0413_ (net)
                      0.042623    0.000107    0.494670 ^ _1040_/C (sg13g2_nor3_1)
     1    0.001724    0.019831    0.032933    0.527603 v _1040_/Y (sg13g2_nor3_1)
                                                         _0096_ (net)
                      0.019831    0.000066    0.527669 v hold356/A (sg13g2_dlygate4sd3_1)
     1    0.001992    0.034181    0.363060    0.890729 v hold356/X (sg13g2_dlygate4sd3_1)
                                                         net356 (net)
                      0.034181    0.000074    0.890804 v _1314_/D (sg13g2_dfrbpq_1)
                                              0.890804   data arrival time

                                  0.000000    0.000000   clock clk_i (rise edge)
                                  0.000000    0.000000   clock source latency
     1    0.040138    0.000000    0.000000    0.000000 ^ clk_i (in)
                                                         clk_i (net)
                      0.006155    0.003077    0.003077 ^ clkbuf_0_clk_i/A (sg13g2_buf_16)
    16    0.204016    0.064014    0.082240    0.085317 ^ clkbuf_0_clk_i/X (sg13g2_buf_16)
                                                         clknet_0_clk_i (net)
                      0.065798    0.008411    0.093728 ^ clkbuf_4_5_0_clk_i/A (sg13g2_buf_8)
     2    0.041320    0.034456    0.093955    0.187682 ^ clkbuf_4_5_0_clk_i/X (sg13g2_buf_8)
                                                         clknet_4_5_0_clk_i (net)
                      0.034698    0.001832    0.189514 ^ clkbuf_5_10__f_clk_i/A (sg13g2_buf_16)
     5    0.022795    0.020328    0.067833    0.257348 ^ clkbuf_5_10__f_clk_i/X (sg13g2_buf_16)
                                                         clknet_5_10__leaf_clk_i (net)
                      0.020362    0.001516    0.258863 ^ _1314_/CLK (sg13g2_dfrbpq_1)
                                  0.100000    0.358863   clock uncertainty
                                 -0.003543    0.355320   clock reconvergence pessimism
                                 -0.038802    0.316518   library hold time
                                              0.316518   data required time
---------------------------------------------------------------------------------------------
                                              0.316518   data required time
                                             -0.890804   data arrival time
---------------------------------------------------------------------------------------------
                                              0.574285   slack (MET)


Startpoint: _1308_ (rising edge-triggered flip-flop clocked by clk_i)
Endpoint: _1316_ (rising edge-triggered flip-flop clocked by clk_i)
Path Group: clk_i
Path Type: min

Fanout         Cap        Slew       Delay        Time   Description
---------------------------------------------------------------------------------------------
                                  0.000000    0.000000   clock clk_i (rise edge)
                                  0.000000    0.000000   clock source latency
     1    0.037465    0.000000    0.000000    0.000000 ^ clk_i (in)
                                                         clk_i (net)
                      0.005567    0.002783    0.002783 ^ clkbuf_0_clk_i/A (sg13g2_buf_16)
    16    0.183519    0.058569    0.078991    0.081774 ^ clkbuf_0_clk_i/X (sg13g2_buf_16)
                                                         clknet_0_clk_i (net)
                      0.061226    0.009656    0.091431 ^ clkbuf_4_1_0_clk_i/A (sg13g2_buf_8)
     2    0.035302    0.031677    0.089472    0.180903 ^ clkbuf_4_1_0_clk_i/X (sg13g2_buf_8)
                                                         clknet_4_1_0_clk_i (net)
                      0.031812    0.001930    0.182834 ^ clkbuf_5_3__f_clk_i/A (sg13g2_buf_16)
     6    0.025526    0.020809    0.067043    0.249877 ^ clkbuf_5_3__f_clk_i/X (sg13g2_buf_16)
                                                         clknet_5_3__leaf_clk_i (net)
                      0.020822    0.000999    0.250876 ^ _1308_/CLK (sg13g2_dfrbpq_1)
     3    0.010248    0.040029    0.177522    0.428398 v _1308_/Q (sg13g2_dfrbpq_1)
                                                         u_boot_ctrl.word_asm[15] (net)
                      0.040040    0.000641    0.429039 v _1044_/A (sg13g2_nor2_1)
     1    0.002622    0.041617    0.058052    0.487091 ^ _1044_/Y (sg13g2_nor2_1)
                                                         _0417_ (net)
                      0.041618    0.000104    0.487195 ^ _1046_/C (sg13g2_nor3_1)
     1    0.002469    0.021544    0.034479    0.521674 v _1046_/Y (sg13g2_nor3_1)
                                                         _0098_ (net)
                      0.021544    0.000090    0.521764 v hold367/A (sg13g2_dlygate4sd3_1)
     1    0.002518    0.035633    0.365837    0.887602 v hold367/X (sg13g2_dlygate4sd3_1)
                                                         net367 (net)
                      0.035633    0.000092    0.887694 v _1316_/D (sg13g2_dfrbpq_1)
                                              0.887694   data arrival time

                                  0.000000    0.000000   clock clk_i (rise edge)
                                  0.000000    0.000000   clock source latency
     1    0.040138    0.000000    0.000000    0.000000 ^ clk_i (in)
                                                         clk_i (net)
                      0.006155    0.003077    0.003077 ^ clkbuf_0_clk_i/A (sg13g2_buf_16)
    16    0.204016    0.064014    0.082240    0.085317 ^ clkbuf_0_clk_i/X (sg13g2_buf_16)
                                                         clknet_0_clk_i (net)
                      0.067040    0.010791    0.096108 ^ clkbuf_4_1_0_clk_i/A (sg13g2_buf_8)
     2    0.040647    0.034204    0.094262    0.190370 ^ clkbuf_4_1_0_clk_i/X (sg13g2_buf_8)
                                                         clknet_4_1_0_clk_i (net)
                      0.034502    0.002230    0.192601 ^ clkbuf_5_3__f_clk_i/A (sg13g2_buf_16)
     6    0.028452    0.021599    0.068884    0.261485 ^ clkbuf_5_3__f_clk_i/X (sg13g2_buf_16)
                                                         clknet_5_3__leaf_clk_i (net)
                      0.021617    0.001198    0.262683 ^ _1316_/CLK (sg13g2_dfrbpq_1)
                                  0.100000    0.362683   clock uncertainty
                                 -0.011609    0.351075   clock reconvergence pessimism
                                 -0.039001    0.312074   library hold time
                                              0.312074   data required time
---------------------------------------------------------------------------------------------
                                              0.312074   data required time
                                             -0.887694   data arrival time
---------------------------------------------------------------------------------------------
                                              0.575620   slack (MET)


Startpoint: _1304_ (rising edge-triggered flip-flop clocked by clk_i)
Endpoint: _1304_ (rising edge-triggered flip-flop clocked by clk_i)
Path Group: clk_i
Path Type: min

Fanout         Cap        Slew       Delay        Time   Description
---------------------------------------------------------------------------------------------
                                  0.000000    0.000000   clock clk_i (rise edge)
                                  0.000000    0.000000   clock source latency
     1    0.037465    0.000000    0.000000    0.000000 ^ clk_i (in)
                                                         clk_i (net)
                      0.005567    0.002783    0.002783 ^ clkbuf_0_clk_i/A (sg13g2_buf_16)
    16    0.183519    0.058569    0.078991    0.081774 ^ clkbuf_0_clk_i/X (sg13g2_buf_16)
                                                         clknet_0_clk_i (net)
                      0.059963    0.007108    0.088882 ^ clkbuf_4_4_0_clk_i/A (sg13g2_buf_8)
     2    0.035823    0.031777    0.088789    0.177671 ^ clkbuf_4_4_0_clk_i/X (sg13g2_buf_8)
                                                         clknet_4_4_0_clk_i (net)
                      0.032026    0.002268    0.179939 ^ clkbuf_5_8__f_clk_i/A (sg13g2_buf_16)
     6    0.026782    0.021106    0.067322    0.247261 ^ clkbuf_5_8__f_clk_i/X (sg13g2_buf_16)
                                                         clknet_5_8__leaf_clk_i (net)
                      0.021129    0.001288    0.248549 ^ _1304_/CLK (sg13g2_dfrbpq_1)
     3    0.012303    0.046174    0.182716    0.431265 v _1304_/Q (sg13g2_dfrbpq_1)
                                                         u_boot_ctrl.word_asm[11] (net)
                      0.046178    0.000465    0.431730 v _1009_/B1 (sg13g2_a21oi_1)
     1    0.004622    0.046251    0.053483    0.485213 ^ _1009_/Y (sg13g2_a21oi_1)
                                                         _0394_ (net)
                      0.046252    0.000302    0.485515 ^ _1010_/A (sg13g2_nor3_1)
     1    0.002296    0.024185    0.042117    0.527632 v _1010_/Y (sg13g2_nor3_1)
                                                         _0086_ (net)
                      0.024185    0.000142    0.527774 v hold376/A (sg13g2_dlygate4sd3_1)
     1    0.001708    0.033368    0.364482    0.892256 v hold376/X (sg13g2_dlygate4sd3_1)
                                                         net376 (net)
                      0.033368    0.000064    0.892320 v _1304_/D (sg13g2_dfrbpq_1)
                                              0.892320   data arrival time

                                  0.000000    0.000000   clock clk_i (rise edge)
                                  0.000000    0.000000   clock source latency
     1    0.040138    0.000000    0.000000    0.000000 ^ clk_i (in)
                                                         clk_i (net)
                      0.006155    0.003077    0.003077 ^ clkbuf_0_clk_i/A (sg13g2_buf_16)
    16    0.204016    0.064014    0.082240    0.085317 ^ clkbuf_0_clk_i/X (sg13g2_buf_16)
                                                         clknet_0_clk_i (net)
                      0.065584    0.007930    0.093247 ^ clkbuf_4_4_0_clk_i/A (sg13g2_buf_8)
     2    0.041169    0.034261    0.093420    0.186668 ^ clkbuf_4_4_0_clk_i/X (sg13g2_buf_8)
                                                         clknet_4_4_0_clk_i (net)
                      0.034744    0.002608    0.189275 ^ clkbuf_5_8__f_clk_i/A (sg13g2_buf_16)
     6    0.029466    0.021840    0.069122    0.258398 ^ clkbuf_5_8__f_clk_i/X (sg13g2_buf_16)
                                                         clknet_5_8__leaf_clk_i (net)
                      0.021866    0.001420    0.259817 ^ _1304_/CLK (sg13g2_dfrbpq_1)
                                  0.100000    0.359817   clock uncertainty
                                 -0.011269    0.348549   clock reconvergence pessimism
                                 -0.038231    0.310318   library hold time
                                              0.310318   data required time
---------------------------------------------------------------------------------------------
                                              0.310318   data required time
                                             -0.892320   data arrival time
---------------------------------------------------------------------------------------------
                                              0.582002   slack (MET)


Startpoint: _1397_ (rising edge-triggered flip-flop clocked by clk_i)
Endpoint: _1389_ (rising edge-triggered flip-flop clocked by clk_i)
Path Group: clk_i
Path Type: min

Fanout         Cap        Slew       Delay        Time   Description
---------------------------------------------------------------------------------------------
                                  0.000000    0.000000   clock clk_i (rise edge)
                                  0.000000    0.000000   clock source latency
     1    0.037465    0.000000    0.000000    0.000000 ^ clk_i (in)
                                                         clk_i (net)
                      0.005567    0.002783    0.002783 ^ clkbuf_0_clk_i/A (sg13g2_buf_16)
    16    0.183519    0.058569    0.078991    0.081774 ^ clkbuf_0_clk_i/X (sg13g2_buf_16)
                                                         clknet_0_clk_i (net)
                      0.062711    0.012027    0.093801 ^ clkbuf_4_12_0_clk_i/A (sg13g2_buf_8)
     2    0.034811    0.031533    0.090015    0.183816 ^ clkbuf_4_12_0_clk_i/X (sg13g2_buf_8)
                                                         clknet_4_12_0_clk_i (net)
                      0.031581    0.001256    0.185071 ^ clkbuf_5_24__f_clk_i/A (sg13g2_buf_16)
     6    0.028544    0.021485    0.067369    0.252440 ^ clkbuf_5_24__f_clk_i/X (sg13g2_buf_16)
                                                         clknet_5_24__leaf_clk_i (net)
                      0.021528    0.001736    0.254177 ^ _1397_/CLK (sg13g2_dfrbpq_1)
     1    0.006439    0.029046    0.168695    0.422872 v _1397_/Q (sg13g2_dfrbpq_1)
                                                         u_boot_ctrl.state[9] (net)
                      0.029048    0.000528    0.423400 v fanout111/A (sg13g2_buf_1)
     4    0.029418    0.097052    0.125016    0.548416 v fanout111/X (sg13g2_buf_1)
                                                         net111 (net)
                      0.097098    0.001747    0.550164 v fanout106/A (sg13g2_buf_1)
     4    0.029749    0.098625    0.154412    0.704575 v fanout106/X (sg13g2_buf_1)
                                                         net106 (net)
                      0.098715    0.001902    0.706477 v fanout101/A (sg13g2_buf_1)
     5    0.027864    0.092401    0.151577    0.858054 v fanout101/X (sg13g2_buf_1)
                                                         net101 (net)
                      0.092403    0.000605    0.858659 v _0721_/A (sg13g2_and2_1)
     1    0.001529    0.018678    0.089476    0.948134 v _0721_/X (sg13g2_and2_1)
                                                         _0000_ (net)
                      0.018678    0.000060    0.948194 v _1389_/D (sg13g2_dfrbpq_1)
                                              0.948194   data arrival time

                                  0.000000    0.000000   clock clk_i (rise edge)
                                  0.000000    0.000000   clock source latency
     1    0.040138    0.000000    0.000000    0.000000 ^ clk_i (in)
                                                         clk_i (net)
                      0.006155    0.003077    0.003077 ^ clkbuf_0_clk_i/A (sg13g2_buf_16)
    16    0.204016    0.064014    0.082240    0.085317 ^ clkbuf_0_clk_i/X (sg13g2_buf_16)
                                                         clknet_0_clk_i (net)
                      0.068727    0.013403    0.098720 ^ clkbuf_4_12_0_clk_i/A (sg13g2_buf_8)
     2    0.040157    0.034068    0.094903    0.193623 ^ clkbuf_4_12_0_clk_i/X (sg13g2_buf_8)
                                                         clknet_4_12_0_clk_i (net)
                      0.034345    0.002217    0.195841 ^ clkbuf_5_25__f_clk_i/A (sg13g2_buf_16)
     6    0.029046    0.021729    0.068757    0.264598 ^ clkbuf_5_25__f_clk_i/X (sg13g2_buf_16)
                                                         clknet_5_25__leaf_clk_i (net)
                      0.021761    0.001513    0.266111 ^ _1389_/CLK (sg13g2_dfrbpq_1)
                                  0.100000    0.366111   clock uncertainty
                                 -0.009808    0.356303   clock reconvergence pessimism
                                 -0.033598    0.322705   library hold time
                                              0.322705   data required time
---------------------------------------------------------------------------------------------
                                              0.322705   data required time
                                             -0.948194   data arrival time
---------------------------------------------------------------------------------------------
                                              0.625489   slack (MET)


Startpoint: _1386_ (rising edge-triggered flip-flop clocked by clk_i)
Endpoint: spi_sclk (output port clocked by clk_i)
Path Group: clk_i
Path Type: min

Fanout         Cap        Slew       Delay        Time   Description
---------------------------------------------------------------------------------------------
                                  0.000000    0.000000   clock clk_i (rise edge)
                                  0.000000    0.000000   clock source latency
     1    0.037465    0.000000    0.000000    0.000000 ^ clk_i (in)
                                                         clk_i (net)
                      0.005567    0.002783    0.002783 ^ clkbuf_0_clk_i/A (sg13g2_buf_16)
    16    0.183519    0.058569    0.078991    0.081774 ^ clkbuf_0_clk_i/X (sg13g2_buf_16)
                                                         clknet_0_clk_i (net)
                      0.061216    0.009638    0.091413 ^ clkbuf_4_0_0_clk_i/A (sg13g2_buf_8)
     2    0.036131    0.031955    0.089484    0.180897 ^ clkbuf_4_0_0_clk_i/X (sg13g2_buf_8)
                                                         clknet_4_0_0_clk_i (net)
                      0.032250    0.002472    0.183369 ^ clkbuf_5_1__f_clk_i/A (sg13g2_buf_16)
     6    0.023568    0.020382    0.066933    0.250301 ^ clkbuf_5_1__f_clk_i/X (sg13g2_buf_16)
                                                         clknet_5_1__leaf_clk_i (net)
                      0.020392    0.000881    0.251183 ^ _1386_/CLK (sg13g2_dfrbpq_1)
     1    0.002903    0.019580    0.159733    0.410915 v _1386_/Q (sg13g2_dfrbpq_1)
                                                         net70 (net)
                      0.019580    0.000109    0.411025 v fanout121/A (sg13g2_buf_1)
     5    0.031365    0.103191    0.123779    0.534804 v fanout121/X (sg13g2_buf_1)
                                                         net121 (net)
                      0.103514    0.004724    0.539528 v output70/A (sg13g2_buf_1)
     1    0.050793    0.162039    0.203589    0.743117 v output70/X (sg13g2_buf_1)
                                                         spi_sclk (net)
                      0.162071    0.002179    0.745296 v spi_sclk (out)
                                              0.745296   data arrival time

                                  0.000000    0.000000   clock clk_i (rise edge)
                                  0.000000    0.000000   clock network delay (propagated)
                                  0.100000    0.100000   clock uncertainty
                                  0.000000    0.100000   clock reconvergence pessimism
                                  0.000000    0.100000   output external delay
                                              0.100000   data required time
---------------------------------------------------------------------------------------------
                                              0.100000   data required time
                                             -0.745296   data arrival time
---------------------------------------------------------------------------------------------
                                              0.645296   slack (MET)



