Instance,Terminal,Layer,X location,Y location,Voltage
FILLER_42_333,VDD,Metal1,166.0800,177.6600,1.199982
FILLER_42_322,VDD,Metal1,160.8000,177.6600,1.199970
FILLER_42_236,VDD,Metal1,119.2800,177.6600,1.199933
FILLER_42_234,VDD,Metal1,118.5600,177.6600,1.199933
FILLER_42_173,VDD,Metal1,89.0400,177.6600,1.199953
FILLER_42_171,VDD,Metal1,88.3200,177.6600,1.199953
FILLER_42_127,VDD,Metal1,67.2000,177.6600,1.199897
FILLER_42_107,VDD,Metal1,57.6000,177.6600,1.199896
FILLER_42_83,VDD,Metal1,46.0800,177.6600,1.199907
FILLER_42_11,VDD,Metal1,11.2800,177.6600,1.199983
FILLER_42_0,VDD,Metal1,6.2400,177.6600,1.199983
FILLER_41_325,VDD,Metal1,162.0000,170.1000,1.199691
FILLER_41_315,VDD,Metal1,157.2000,170.1000,1.199641
FILLER_41_253,VDD,Metal1,127.4400,170.1000,1.199428
FILLER_41_251,VDD,Metal1,126.7200,170.1000,1.199428
FILLER_41_185,VDD,Metal1,95.0400,170.1000,1.199977
FILLER_41_179,VDD,Metal1,92.1600,170.1000,1.199976
FILLER_41_162,VDD,Metal1,83.7600,170.1000,1.199843
FILLER_41_160,VDD,Metal1,83.0400,170.1000,1.199841
FILLER_41_155,VDD,Metal1,80.4000,170.1000,1.199793
FILLER_41_121,VDD,Metal1,64.3200,170.1000,1.199521
FILLER_41_11,VDD,Metal1,11.2800,170.1000,1.199922
FILLER_41_9,VDD,Metal1,10.5600,170.1000,1.199922
FILLER_40_330,VDD,Metal1,164.4000,170.1000,1.199816
FILLER_40_306,VDD,Metal1,152.8800,170.1000,1.199580
FILLER_40_285,VDD,Metal1,142.8000,170.1000,1.199476
FILLER_40_235,VDD,Metal1,119.0400,170.1000,1.199455
FILLER_40_230,VDD,Metal1,116.4000,170.1000,1.199492
FILLER_40_225,VDD,Metal1,114.0000,170.1000,1.199505
FILLER_40_211,VDD,Metal1,107.5200,170.1000,1.199573
FILLER_40_190,VDD,Metal1,97.2000,170.1000,1.199925
FILLER_40_186,VDD,Metal1,96.0110,169.5030,1.199972
FILLER_40_179,VDD,Metal1,93.3690,169.5010,1.199976
FILLER_40_174,VDD,Metal1,89.5200,170.1000,1.199926
FILLER_40_172,VDD,Metal1,88.8000,170.1000,1.199924
FILLER_40_163,VDD,Metal1,84.4800,170.1000,1.199843
FILLER_40_130,VDD,Metal1,68.4000,170.1000,1.199536
FILLER_40_97,VDD,Metal1,52.5600,170.1000,1.199539
FILLER_40_24,VDD,Metal1,17.5200,170.1000,1.199956
FILLER_40_22,VDD,Metal1,16.8000,170.1000,1.199956
FILLER_40_8,VDD,Metal1,10.0800,170.1000,1.199922
FILLER_39_338,VDD,Metal1,168.4800,162.5400,1.199843
FILLER_39_313,VDD,Metal1,156.2400,162.5400,1.199514
FILLER_39_291,VDD,Metal1,145.9200,162.5400,1.198882
FILLER_39_273,VDD,Metal1,137.2800,162.5400,1.198799
FILLER_39_243,VDD,Metal1,122.8800,162.5400,1.198823
FILLER_39_238,VDD,Metal1,120.2400,162.5400,1.198851
FILLER_39_236,VDD,Metal1,119.5200,162.5400,1.198851
FILLER_39_227,VDD,Metal1,114.9600,162.5400,1.198872
FILLER_39_215,VDD,Metal1,109.9310,163.1360,1.198954
FILLER_39_208,VDD,Metal1,107.2890,163.1380,1.199194
FILLER_39_201,VDD,Metal1,103.9290,163.1380,1.199969
FILLER_39_194,VDD,Metal1,100.5690,163.1380,1.199987
FILLER_39_188,VDD,Metal1,96.2400,162.5400,1.199990
FILLER_39_184,VDD,Metal1,95.0510,163.1360,1.199990
FILLER_39_176,VDD,Metal1,91.2110,163.1360,1.199950
FILLER_39_170,VDD,Metal1,87.6000,162.5400,1.199805
FILLER_39_163,VDD,Metal1,85.6890,163.1380,1.199805
FILLER_39_156,VDD,Metal1,82.3290,163.1380,1.199805
FILLER_39_149,VDD,Metal1,78.9690,163.1380,1.199805
FILLER_39_144,VDD,Metal1,75.3600,162.5400,1.199799
FILLER_39_140,VDD,Metal1,73.9310,163.1360,1.199799
FILLER_39_131,VDD,Metal1,68.8800,162.5400,1.199662
FILLER_39_129,VDD,Metal1,68.1600,162.5400,1.199662
FILLER_39_108,VDD,Metal1,57.8400,162.5400,1.199643
FILLER_39_95,VDD,Metal1,51.6000,162.5400,1.199636
FILLER_39_93,VDD,Metal1,50.8800,162.5400,1.199636
FILLER_39_40,VDD,Metal1,25.2000,162.5400,1.199882
FILLER_39_38,VDD,Metal1,24.4800,162.5400,1.199884
FILLER_39_12,VDD,Metal1,11.7600,162.5400,1.199925
FILLER_39_10,VDD,Metal1,11.0400,162.5400,1.199924
FILLER_39_0,VDD,Metal1,6.0000,162.5400,1.199924
FILLER_38_334,VDD,Metal1,166.3200,162.5400,1.199791
FILLER_38_321,VDD,Metal1,160.0800,162.5400,1.199579
FILLER_38_316,VDD,Metal1,157.6800,162.5400,1.199546
FILLER_38_314,VDD,Metal1,156.9600,162.5400,1.199514
FILLER_38_309,VDD,Metal1,154.3200,162.5400,1.199481
FILLER_38_300,VDD,Metal1,150.0000,162.5400,1.199299
FILLER_38_292,VDD,Metal1,146.4000,162.5400,1.198882
FILLER_38_245,VDD,Metal1,123.6000,162.5400,1.198823
FILLER_38_231,VDD,Metal1,117.1200,162.5400,1.198868
FILLER_38_220,VDD,Metal1,111.8400,162.5400,1.198946
FILLER_38_204,VDD,Metal1,104.6510,161.9430,1.199969
FILLER_38_197,VDD,Metal1,102.0090,161.9410,1.199987
FILLER_38_179,VDD,Metal1,92.1600,162.5400,1.199953
FILLER_38_172,VDD,Metal1,90.0090,161.9410,1.199950
FILLER_38_159,VDD,Metal1,82.5600,162.5400,1.199805
FILLER_38_151,VDD,Metal1,78.7200,162.5400,1.199805
FILLER_38_140,VDD,Metal1,73.4400,162.5400,1.199799
FILLER_38_124,VDD,Metal1,66.2510,161.9430,1.199654
FILLER_38_114,VDD,Metal1,60.7200,162.5400,1.199649
FILLER_38_105,VDD,Metal1,57.1310,161.9430,1.199643
FILLER_38_95,VDD,Metal1,51.6000,162.5400,1.199636
FILLER_38_41,VDD,Metal1,25.6800,162.5400,1.199882
FILLER_38_36,VDD,Metal1,23.2800,162.5400,1.199905
FILLER_38_34,VDD,Metal1,22.5600,162.5400,1.199942
FILLER_38_17,VDD,Metal1,14.1600,162.5400,1.199935
FILLER_37_330,VDD,Metal1,164.4000,154.9800,1.199828
FILLER_37_321,VDD,Metal1,160.0800,154.9800,1.199761
FILLER_37_268,VDD,Metal1,134.6400,154.9800,1.199653
FILLER_37_257,VDD,Metal1,129.3600,154.9800,1.199655
FILLER_37_242,VDD,Metal1,122.4000,154.9800,1.199829
FILLER_37_234,VDD,Metal1,118.5600,154.9800,1.199844
FILLER_37_230,VDD,Metal1,116.4000,154.9800,1.199848
FILLER_37_223,VDD,Metal1,114.4890,155.5780,1.199848
FILLER_37_216,VDD,Metal1,111.1290,155.5780,1.199850
FILLER_37_210,VDD,Metal1,106.8000,154.9800,1.199865
FILLER_37_206,VDD,Metal1,105.6110,155.5760,1.199865
FILLER_37_199,VDD,Metal1,102.9690,155.5780,1.199865
FILLER_37_192,VDD,Metal1,99.6090,155.5780,1.199871
FILLER_37_185,VDD,Metal1,96.2490,155.5780,1.199992
FILLER_37_178,VDD,Metal1,92.8890,155.5780,1.199985
FILLER_37_171,VDD,Metal1,89.5290,155.5780,1.199984
FILLER_37_164,VDD,Metal1,86.1690,155.5780,1.199978
FILLER_37_157,VDD,Metal1,82.8090,155.5780,1.199943
FILLER_37_150,VDD,Metal1,79.4490,155.5780,1.199940
FILLER_37_143,VDD,Metal1,76.0890,155.5780,1.199938
FILLER_37_136,VDD,Metal1,72.7290,155.5780,1.199935
FILLER_37_127,VDD,Metal1,67.6910,155.5760,1.199910
FILLER_37_120,VDD,Metal1,65.0490,155.5780,1.199904
FILLER_37_113,VDD,Metal1,61.6890,155.5780,1.199868
FILLER_37_106,VDD,Metal1,58.3290,155.5780,1.199865
FILLER_37_99,VDD,Metal1,54.9690,155.5780,1.199863
FILLER_37_92,VDD,Metal1,51.6090,155.5780,1.199861
FILLER_37_68,VDD,Metal1,38.8800,154.9800,1.199827
FILLER_37_30,VDD,Metal1,20.6400,154.9800,1.199976
FILLER_37_16,VDD,Metal1,13.9200,154.9800,1.199939
FILLER_36_338,VDD,Metal1,168.4800,154.9800,1.199892
FILLER_36_333,VDD,Metal1,165.8400,154.9800,1.199862
FILLER_36_331,VDD,Metal1,165.1200,154.9800,1.199828
FILLER_36_322,VDD,Metal1,160.5600,154.9800,1.199761
FILLER_36_317,VDD,Metal1,158.1600,154.9800,1.199738
FILLER_36_242,VDD,Metal1,122.1600,154.9800,1.199829
FILLER_36_235,VDD,Metal1,120.2490,154.3810,1.199842
FILLER_36_229,VDD,Metal1,115.9200,154.9800,1.199848
FILLER_36_225,VDD,Metal1,114.7310,154.3830,1.199848
FILLER_36_218,VDD,Metal1,112.0890,154.3810,1.199849
FILLER_36_203,VDD,Metal1,104.1710,154.3830,1.199865
FILLER_36_196,VDD,Metal1,100.0800,154.9800,1.199866
FILLER_36_192,VDD,Metal1,98.8910,154.3830,1.199871
FILLER_36_179,VDD,Metal1,92.1600,154.9800,1.199985
FILLER_36_175,VDD,Metal1,90.7310,154.3830,1.199984
FILLER_36_157,VDD,Metal1,82.8090,154.3810,1.199943
FILLER_36_150,VDD,Metal1,79.4490,154.3810,1.199940
FILLER_36_143,VDD,Metal1,76.0890,154.3810,1.199938
FILLER_36_136,VDD,Metal1,72.7290,154.3810,1.199935
FILLER_36_124,VDD,Metal1,65.5200,154.9800,1.199908
FILLER_36_120,VDD,Metal1,64.3310,154.3830,1.199904
FILLER_36_113,VDD,Metal1,61.6890,154.3810,1.199868
FILLER_36_106,VDD,Metal1,58.3290,154.3810,1.199865
FILLER_36_99,VDD,Metal1,54.9690,154.3810,1.199863
FILLER_36_92,VDD,Metal1,51.6090,154.3810,1.199861
FILLER_36_85,VDD,Metal1,48.2490,154.3810,1.199858
FILLER_36_50,VDD,Metal1,30.0000,154.9800,1.199820
FILLER_36_45,VDD,Metal1,27.6000,154.9800,1.199839
FILLER_36_40,VDD,Metal1,25.2000,154.9800,1.199856
FILLER_35_338,VDD,Metal1,168.4800,147.4200,1.199928
FILLER_35_325,VDD,Metal1,162.0000,147.4200,1.199867
FILLER_35_323,VDD,Metal1,161.2800,147.4200,1.199866
FILLER_35_318,VDD,Metal1,158.6400,147.4200,1.199839
FILLER_35_312,VDD,Metal1,156.0000,147.4200,1.199824
FILLER_35_306,VDD,Metal1,152.8800,147.4200,1.199813
FILLER_35_253,VDD,Metal1,127.4400,147.4200,1.199964
FILLER_35_244,VDD,Metal1,123.1200,147.4200,1.199970
FILLER_35_240,VDD,Metal1,121.9310,148.0160,1.199970
FILLER_35_233,VDD,Metal1,119.2890,148.0180,1.199970
FILLER_35_226,VDD,Metal1,115.9290,148.0180,1.199973
FILLER_35_219,VDD,Metal1,112.5690,148.0180,1.199975
FILLER_35_212,VDD,Metal1,109.2090,148.0180,1.199978
FILLER_35_205,VDD,Metal1,105.8490,148.0180,1.199981
FILLER_35_198,VDD,Metal1,102.4890,148.0180,1.199983
FILLER_35_191,VDD,Metal1,99.1290,148.0180,1.199986
FILLER_35_184,VDD,Metal1,95.7690,148.0180,1.199989
FILLER_35_177,VDD,Metal1,92.4090,148.0180,1.199991
FILLER_35_170,VDD,Metal1,89.0490,148.0180,1.199990
FILLER_35_163,VDD,Metal1,85.6890,148.0180,1.199990
FILLER_35_156,VDD,Metal1,82.3290,148.0180,1.199988
FILLER_35_149,VDD,Metal1,78.9690,148.0180,1.199987
FILLER_35_142,VDD,Metal1,75.6090,148.0180,1.199986
FILLER_35_135,VDD,Metal1,72.2490,148.0180,1.199984
FILLER_35_128,VDD,Metal1,68.8890,148.0180,1.199983
FILLER_35_121,VDD,Metal1,65.5290,148.0180,1.199982
FILLER_35_114,VDD,Metal1,62.1690,148.0180,1.199981
FILLER_35_107,VDD,Metal1,58.8090,148.0180,1.199979
FILLER_35_100,VDD,Metal1,55.4490,148.0180,1.199978
FILLER_35_93,VDD,Metal1,52.0890,148.0180,1.199977
FILLER_35_86,VDD,Metal1,47.2800,147.4200,1.199967
FILLER_35_82,VDD,Metal1,46.0910,148.0160,1.199967
FILLER_35_75,VDD,Metal1,43.4490,148.0180,1.199967
FILLER_35_70,VDD,Metal1,39.6000,147.4200,1.199948
FILLER_35_20,VDD,Metal1,15.8400,147.4200,1.199979
FILLER_34_326,VDD,Metal1,162.4800,147.4200,1.199867
FILLER_34_321,VDD,Metal1,160.0800,147.4200,1.199856
FILLER_34_319,VDD,Metal1,159.3600,147.4200,1.199839
FILLER_34_298,VDD,Metal1,149.0400,147.4200,1.199772
FILLER_34_296,VDD,Metal1,148.3200,147.4200,1.199772
FILLER_34_246,VDD,Metal1,125.5290,146.8210,1.199965
FILLER_34_239,VDD,Metal1,122.1690,146.8210,1.199970
FILLER_34_232,VDD,Metal1,118.8090,146.8210,1.199973
FILLER_34_225,VDD,Metal1,115.4490,146.8210,1.199975
FILLER_34_218,VDD,Metal1,112.0890,146.8210,1.199978
FILLER_34_211,VDD,Metal1,108.7290,146.8210,1.199981
FILLER_34_204,VDD,Metal1,105.3690,146.8210,1.199983
FILLER_34_197,VDD,Metal1,102.0090,146.8210,1.199986
FILLER_34_190,VDD,Metal1,98.6490,146.8210,1.199989
FILLER_34_183,VDD,Metal1,95.2890,146.8210,1.199991
FILLER_34_176,VDD,Metal1,91.9290,146.8210,1.199990
FILLER_34_169,VDD,Metal1,88.5690,146.8210,1.199990
FILLER_34_163,VDD,Metal1,84.4800,147.4200,1.199990
FILLER_34_156,VDD,Metal1,82.3290,146.8210,1.199988
FILLER_34_149,VDD,Metal1,78.9690,146.8210,1.199987
FILLER_34_142,VDD,Metal1,75.6090,146.8210,1.199986
FILLER_34_135,VDD,Metal1,72.2490,146.8210,1.199984
FILLER_34_128,VDD,Metal1,68.8890,146.8210,1.199983
FILLER_34_121,VDD,Metal1,65.5290,146.8210,1.199982
FILLER_34_114,VDD,Metal1,62.1690,146.8210,1.199981
FILLER_34_107,VDD,Metal1,58.8090,146.8210,1.199979
FILLER_34_100,VDD,Metal1,55.4490,146.8210,1.199978
FILLER_34_93,VDD,Metal1,52.0890,146.8210,1.199977
FILLER_34_87,VDD,Metal1,47.7600,147.4200,1.199968
FILLER_34_80,VDD,Metal1,45.8490,146.8210,1.199967
FILLER_34_74,VDD,Metal1,41.5200,147.4200,1.199948
FILLER_34_67,VDD,Metal1,39.6090,146.8210,1.199948
FILLER_34_47,VDD,Metal1,28.8000,147.4200,1.199949
FILLER_34_27,VDD,Metal1,19.2000,147.4200,1.199992
FILLER_34_10,VDD,Metal1,10.8000,147.4200,1.199969
FILLER_34_4,VDD,Metal1,8.1600,147.4200,1.199966
FILLER_33_308,VDD,Metal1,154.0800,139.8600,1.199902
FILLER_33_288,VDD,Metal1,144.2400,139.8600,1.199862
FILLER_33_268,VDD,Metal1,134.8800,139.8600,1.199905
FILLER_33_252,VDD,Metal1,126.9600,139.8600,1.199960
FILLER_33_245,VDD,Metal1,125.0490,140.4580,1.199960
FILLER_33_238,VDD,Metal1,121.6890,140.4580,1.199965
FILLER_33_231,VDD,Metal1,118.3290,140.4580,1.199969
FILLER_33_224,VDD,Metal1,114.9690,140.4580,1.199973
FILLER_33_217,VDD,Metal1,111.6090,140.4580,1.199977
FILLER_33_210,VDD,Metal1,108.2490,140.4580,1.199981
FILLER_33_203,VDD,Metal1,104.8890,140.4580,1.199985
FILLER_33_196,VDD,Metal1,101.5290,140.4580,1.199989
FILLER_33_189,VDD,Metal1,98.1690,140.4580,1.199993
FILLER_33_182,VDD,Metal1,94.8090,140.4580,1.199997
FILLER_33_175,VDD,Metal1,91.4490,140.4580,1.199994
FILLER_33_168,VDD,Metal1,88.0890,140.4580,1.199991
FILLER_33_161,VDD,Metal1,84.7290,140.4580,1.199988
FILLER_33_154,VDD,Metal1,81.3690,140.4580,1.199985
FILLER_33_147,VDD,Metal1,78.0090,140.4580,1.199982
FILLER_33_140,VDD,Metal1,74.6490,140.4580,1.199979
FILLER_33_133,VDD,Metal1,71.2890,140.4580,1.199976
FILLER_33_126,VDD,Metal1,67.9290,140.4580,1.199973
FILLER_33_119,VDD,Metal1,64.5690,140.4580,1.199970
FILLER_33_112,VDD,Metal1,61.2090,140.4580,1.199967
FILLER_33_105,VDD,Metal1,57.8490,140.4580,1.199964
FILLER_33_98,VDD,Metal1,54.4890,140.4580,1.199961
FILLER_33_91,VDD,Metal1,51.1290,140.4580,1.199960
FILLER_33_84,VDD,Metal1,47.7690,140.4580,1.199959
FILLER_33_77,VDD,Metal1,44.4090,140.4580,1.199950
FILLER_33_68,VDD,Metal1,38.6400,139.8600,1.199949
FILLER_33_61,VDD,Metal1,36.7290,140.4580,1.199939
FILLER_33_44,VDD,Metal1,27.1200,139.8600,1.199944
FILLER_33_42,VDD,Metal1,26.4000,139.8600,1.199948
FILLER_33_4,VDD,Metal1,8.1600,139.8600,1.199932
FILLER_32_326,VDD,Metal1,162.4800,139.8600,1.199918
FILLER_32_300,VDD,Metal1,150.2400,139.8600,1.199860
FILLER_32_294,VDD,Metal1,147.1200,139.8600,1.199860
FILLER_32_292,VDD,Metal1,146.4000,139.8600,1.199860
FILLER_32_276,VDD,Metal1,138.4800,139.8600,1.199878
FILLER_32_269,VDD,Metal1,136.5690,139.2610,1.199905
FILLER_32_262,VDD,Metal1,133.2090,139.2610,1.199906
FILLER_32_255,VDD,Metal1,129.8490,139.2610,1.199922
FILLER_32_248,VDD,Metal1,126.4890,139.2610,1.199960
FILLER_32_241,VDD,Metal1,123.1290,139.2610,1.199965
FILLER_32_234,VDD,Metal1,119.7690,139.2610,1.199969
FILLER_32_227,VDD,Metal1,116.4090,139.2610,1.199973
FILLER_32_220,VDD,Metal1,113.0490,139.2610,1.199977
FILLER_32_213,VDD,Metal1,109.6890,139.2610,1.199981
FILLER_32_206,VDD,Metal1,106.3290,139.2610,1.199985
FILLER_32_199,VDD,Metal1,102.9690,139.2610,1.199989
FILLER_32_192,VDD,Metal1,99.6090,139.2610,1.199993
FILLER_32_185,VDD,Metal1,96.2490,139.2610,1.199997
FILLER_32_178,VDD,Metal1,92.8890,139.2610,1.199994
FILLER_32_171,VDD,Metal1,89.5290,139.2610,1.199991
FILLER_32_164,VDD,Metal1,86.1690,139.2610,1.199988
FILLER_32_157,VDD,Metal1,82.8090,139.2610,1.199985
FILLER_32_150,VDD,Metal1,79.4490,139.2610,1.199982
FILLER_32_143,VDD,Metal1,76.0890,139.2610,1.199979
FILLER_32_136,VDD,Metal1,72.7290,139.2610,1.199976
FILLER_32_129,VDD,Metal1,69.3690,139.2610,1.199973
FILLER_32_122,VDD,Metal1,66.0090,139.2610,1.199970
FILLER_32_115,VDD,Metal1,62.6490,139.2610,1.199967
FILLER_32_108,VDD,Metal1,59.2890,139.2610,1.199964
FILLER_32_101,VDD,Metal1,55.9290,139.2610,1.199961
FILLER_32_82,VDD,Metal1,45.6000,139.8600,1.199950
FILLER_32_78,VDD,Metal1,44.1710,139.2630,1.199950
FILLER_32_64,VDD,Metal1,37.4510,139.2630,1.199939
FILLER_32_57,VDD,Metal1,34.8090,139.2610,1.199938
FILLER_32_52,VDD,Metal1,30.9600,139.8600,1.199942
FILLER_32_50,VDD,Metal1,30.2400,139.8600,1.199942
FILLER_32_28,VDD,Metal1,19.4400,139.8600,1.199992
FILLER_32_26,VDD,Metal1,18.7200,139.8600,1.199985
FILLER_32_4,VDD,Metal1,8.1600,139.8600,1.199932
FILLER_31_329,VDD,Metal1,164.1600,132.3000,1.199974
FILLER_31_324,VDD,Metal1,161.5200,132.3000,1.199958
FILLER_31_307,VDD,Metal1,153.3600,132.3000,1.199925
FILLER_31_288,VDD,Metal1,144.2400,132.3000,1.199923
FILLER_31_286,VDD,Metal1,143.5200,132.3000,1.199923
FILLER_31_276,VDD,Metal1,138.7200,132.3000,1.199925
FILLER_31_269,VDD,Metal1,136.5690,132.8980,1.199933
FILLER_31_252,VDD,Metal1,127.2000,132.3000,1.199994
FILLER_31_245,VDD,Metal1,125.0490,132.8980,1.199994
FILLER_31_238,VDD,Metal1,121.6890,132.8980,1.199995
FILLER_31_231,VDD,Metal1,118.3290,132.8980,1.199995
FILLER_31_224,VDD,Metal1,114.9690,132.8980,1.199996
FILLER_31_217,VDD,Metal1,111.6090,132.8980,1.199997
FILLER_31_210,VDD,Metal1,108.2490,132.8980,1.199997
FILLER_31_203,VDD,Metal1,104.8890,132.8980,1.199998
FILLER_31_196,VDD,Metal1,101.5290,132.8980,1.199998
FILLER_31_189,VDD,Metal1,98.1690,132.8980,1.199999
FILLER_31_182,VDD,Metal1,94.8090,132.8980,1.199999
FILLER_31_175,VDD,Metal1,91.4490,132.8980,1.199999
FILLER_31_168,VDD,Metal1,88.0890,132.8980,1.199999
FILLER_31_161,VDD,Metal1,84.7290,132.8980,1.199998
FILLER_31_154,VDD,Metal1,81.3690,132.8980,1.199998
FILLER_31_147,VDD,Metal1,78.0090,132.8980,1.199998
FILLER_31_140,VDD,Metal1,74.6490,132.8980,1.199998
FILLER_31_133,VDD,Metal1,71.2890,132.8980,1.199997
FILLER_31_126,VDD,Metal1,67.9290,132.8980,1.199997
FILLER_31_119,VDD,Metal1,64.5690,132.8980,1.199997
FILLER_31_112,VDD,Metal1,61.2090,132.8980,1.199997
FILLER_31_105,VDD,Metal1,57.8490,132.8980,1.199997
FILLER_31_98,VDD,Metal1,54.4890,132.8980,1.199996
FILLER_31_91,VDD,Metal1,51.1290,132.8980,1.199996
FILLER_31_84,VDD,Metal1,47.7690,132.8980,1.199996
FILLER_31_77,VDD,Metal1,44.4090,132.8980,1.199995
FILLER_31_70,VDD,Metal1,41.0490,132.8980,1.199991
FILLER_31_63,VDD,Metal1,37.6890,132.8980,1.199990
FILLER_31_56,VDD,Metal1,33.1200,132.3000,1.199989
FILLER_31_48,VDD,Metal1,29.0400,132.3000,1.199989
FILLER_31_46,VDD,Metal1,28.3200,132.3000,1.199989
FILLER_30_343,VDD,Metal1,170.6400,132.3000,1.199995
FILLER_30_341,VDD,Metal1,169.9200,132.3000,1.199994
FILLER_30_332,VDD,Metal1,165.3600,132.3000,1.199975
FILLER_30_319,VDD,Metal1,159.1200,132.3000,1.199935
FILLER_30_317,VDD,Metal1,158.4000,132.3000,1.199935
FILLER_30_300,VDD,Metal1,150.0000,132.3000,1.199923
FILLER_30_298,VDD,Metal1,149.2800,132.3000,1.199923
FILLER_30_290,VDD,Metal1,145.4400,132.3000,1.199923
FILLER_30_286,VDD,Metal1,144.0110,131.7030,1.199923
FILLER_30_274,VDD,Metal1,137.5200,132.3000,1.199933
FILLER_30_267,VDD,Metal1,135.6090,131.7010,1.199933
FILLER_30_260,VDD,Metal1,132.2490,131.7010,1.199979
FILLER_30_253,VDD,Metal1,128.8890,131.7010,1.199994
FILLER_30_246,VDD,Metal1,125.5290,131.7010,1.199994
FILLER_30_239,VDD,Metal1,122.1690,131.7010,1.199994
FILLER_30_232,VDD,Metal1,118.8090,131.7010,1.199995
FILLER_30_226,VDD,Metal1,114.4800,132.3000,1.199997
FILLER_30_219,VDD,Metal1,112.5690,131.7010,1.199997
FILLER_30_212,VDD,Metal1,109.2090,131.7010,1.199997
FILLER_30_205,VDD,Metal1,105.8490,131.7010,1.199997
FILLER_30_198,VDD,Metal1,102.4890,131.7010,1.199998
FILLER_30_194,VDD,Metal1,99.1200,132.3000,1.199999
FILLER_30_187,VDD,Metal1,97.2090,131.7010,1.199999
FILLER_30_180,VDD,Metal1,93.8490,131.7010,1.199999
FILLER_30_173,VDD,Metal1,90.4890,131.7010,1.199999
FILLER_30_166,VDD,Metal1,87.1290,131.7010,1.199998
FILLER_30_159,VDD,Metal1,83.7690,131.7010,1.199998
FILLER_30_152,VDD,Metal1,80.4090,131.7010,1.199998
FILLER_30_145,VDD,Metal1,77.0490,131.7010,1.199998
FILLER_30_138,VDD,Metal1,73.6890,131.7010,1.199998
FILLER_30_131,VDD,Metal1,70.3290,131.7010,1.199997
FILLER_30_124,VDD,Metal1,66.9690,131.7010,1.199997
FILLER_30_117,VDD,Metal1,63.6090,131.7010,1.199997
FILLER_30_110,VDD,Metal1,60.2490,131.7010,1.199997
FILLER_30_103,VDD,Metal1,56.8890,131.7010,1.199997
FILLER_30_96,VDD,Metal1,53.5290,131.7010,1.199996
FILLER_30_89,VDD,Metal1,50.1690,131.7010,1.199996
FILLER_30_73,VDD,Metal1,41.7710,131.7030,1.199991
FILLER_30_66,VDD,Metal1,39.1290,131.7010,1.199990
FILLER_30_59,VDD,Metal1,35.7690,131.7010,1.199989
FILLER_30_52,VDD,Metal1,31.6910,131.7030,1.199989
FILLER_30_45,VDD,Metal1,29.0490,131.7010,1.199989
FILLER_29_342,VDD,Metal1,170.4000,124.7400,1.199997
FILLER_29_333,VDD,Metal1,165.8400,124.7400,1.199974
FILLER_29_294,VDD,Metal1,148.5690,125.3380,1.199958
FILLER_29_287,VDD,Metal1,145.2090,125.3380,1.199958
FILLER_29_280,VDD,Metal1,141.8490,125.3380,1.199959
FILLER_29_274,VDD,Metal1,137.5200,124.7400,1.199973
FILLER_29_272,VDD,Metal1,136.8000,124.7400,1.199973
FILLER_29_265,VDD,Metal1,134.6490,125.3380,1.199973
FILLER_29_257,VDD,Metal1,129.6000,124.7400,1.199977
FILLER_29_253,VDD,Metal1,128.1710,125.3360,1.199977
FILLER_29_246,VDD,Metal1,125.5290,125.3380,1.199977
FILLER_29_239,VDD,Metal1,122.1690,125.3380,1.199982
FILLER_29_234,VDD,Metal1,118.3200,124.7400,1.199989
FILLER_29_230,VDD,Metal1,117.1310,125.3360,1.199989
FILLER_29_223,VDD,Metal1,114.4890,125.3380,1.199989
FILLER_29_216,VDD,Metal1,111.1290,125.3380,1.199990
FILLER_29_209,VDD,Metal1,107.7690,125.3380,1.199992
FILLER_29_202,VDD,Metal1,104.4090,125.3380,1.199993
FILLER_29_195,VDD,Metal1,101.0490,125.3380,1.199994
FILLER_29_188,VDD,Metal1,97.6890,125.3380,1.199995
FILLER_29_181,VDD,Metal1,94.3290,125.3380,1.199996
FILLER_29_174,VDD,Metal1,90.9690,125.3380,1.199996
FILLER_29_167,VDD,Metal1,87.6090,125.3380,1.199995
FILLER_29_160,VDD,Metal1,84.2490,125.3380,1.199995
FILLER_29_153,VDD,Metal1,80.8890,125.3380,1.199994
FILLER_29_146,VDD,Metal1,77.5290,125.3380,1.199994
FILLER_29_139,VDD,Metal1,74.1690,125.3380,1.199993
FILLER_29_132,VDD,Metal1,70.8090,125.3380,1.199993
FILLER_29_125,VDD,Metal1,67.4490,125.3380,1.199993
FILLER_29_118,VDD,Metal1,64.0890,125.3380,1.199992
FILLER_29_111,VDD,Metal1,60.7290,125.3380,1.199992
FILLER_29_104,VDD,Metal1,57.3690,125.3380,1.199991
FILLER_29_97,VDD,Metal1,54.0090,125.3380,1.199991
FILLER_29_90,VDD,Metal1,50.6490,125.3380,1.199990
FILLER_29_83,VDD,Metal1,47.2890,125.3380,1.199976
FILLER_29_76,VDD,Metal1,43.9290,125.3380,1.199976
FILLER_29_69,VDD,Metal1,40.5690,125.3380,1.199976
FILLER_29_43,VDD,Metal1,28.0890,125.3380,1.199975
FILLER_29_36,VDD,Metal1,24.7290,125.3380,1.199997
FILLER_29_29,VDD,Metal1,21.3690,125.3380,1.199997
FILLER_29_14,VDD,Metal1,12.7200,124.7400,1.199987
FILLER_28_338,VDD,Metal1,168.4800,124.7400,1.199982
FILLER_28_320,VDD,Metal1,159.8400,124.7400,1.199957
FILLER_28_305,VDD,Metal1,152.4000,124.7400,1.199953
FILLER_28_298,VDD,Metal1,150.4890,124.1410,1.199954
FILLER_28_286,VDD,Metal1,144.7290,124.1410,1.199959
FILLER_28_279,VDD,Metal1,139.9200,124.7400,1.199969
FILLER_28_275,VDD,Metal1,138.7310,124.1430,1.199972
FILLER_28_268,VDD,Metal1,136.0890,124.1410,1.199973
FILLER_28_261,VDD,Metal1,132.7290,124.1410,1.199977
FILLER_28_249,VDD,Metal1,126.9690,124.1410,1.199977
FILLER_28_242,VDD,Metal1,123.6090,124.1410,1.199982
FILLER_28_235,VDD,Metal1,120.2490,124.1410,1.199987
FILLER_28_228,VDD,Metal1,116.8890,124.1410,1.199989
FILLER_28_221,VDD,Metal1,113.5290,124.1410,1.199990
FILLER_28_214,VDD,Metal1,110.1690,124.1410,1.199991
FILLER_28_207,VDD,Metal1,106.8090,124.1410,1.199992
FILLER_28_200,VDD,Metal1,103.4490,124.1410,1.199994
FILLER_28_193,VDD,Metal1,100.0890,124.1410,1.199995
FILLER_28_186,VDD,Metal1,96.7290,124.1410,1.199996
FILLER_28_179,VDD,Metal1,93.3690,124.1410,1.199996
FILLER_28_172,VDD,Metal1,90.0090,124.1410,1.199995
FILLER_28_165,VDD,Metal1,86.6490,124.1410,1.199995
FILLER_28_158,VDD,Metal1,83.2890,124.1410,1.199994
FILLER_28_151,VDD,Metal1,79.9290,124.1410,1.199994
FILLER_28_144,VDD,Metal1,76.5690,124.1410,1.199994
FILLER_28_137,VDD,Metal1,73.2090,124.1410,1.199993
FILLER_28_130,VDD,Metal1,69.8490,124.1410,1.199993
FILLER_28_123,VDD,Metal1,66.4890,124.1410,1.199992
FILLER_28_116,VDD,Metal1,63.1290,124.1410,1.199992
FILLER_28_109,VDD,Metal1,59.7690,124.1410,1.199991
FILLER_28_102,VDD,Metal1,56.4090,124.1410,1.199991
FILLER_28_95,VDD,Metal1,53.0490,124.1410,1.199991
FILLER_28_83,VDD,Metal1,45.8400,124.7400,1.199976
FILLER_28_81,VDD,Metal1,45.1200,124.7400,1.199976
FILLER_28_74,VDD,Metal1,42.9690,124.1410,1.199976
FILLER_28_67,VDD,Metal1,39.6090,124.1410,1.199975
FILLER_28_60,VDD,Metal1,36.2490,124.1410,1.199975
FILLER_28_53,VDD,Metal1,32.8890,124.1410,1.199975
FILLER_28_46,VDD,Metal1,29.5290,124.1410,1.199975
FILLER_28_35,VDD,Metal1,23.0400,124.7400,1.199997
FILLER_28_31,VDD,Metal1,21.6110,124.1430,1.199997
FILLER_28_24,VDD,Metal1,18.9690,124.1410,1.199997
FILLER_27_334,VDD,Metal1,166.3200,117.1800,1.199992
FILLER_27_304,VDD,Metal1,153.3690,117.7780,1.199982
FILLER_27_294,VDD,Metal1,147.8510,117.7760,1.199983
FILLER_27_287,VDD,Metal1,145.2090,117.7780,1.199983
FILLER_27_280,VDD,Metal1,141.8490,117.7780,1.199983
FILLER_27_270,VDD,Metal1,135.8400,117.1800,1.199985
FILLER_27_263,VDD,Metal1,133.6890,117.7780,1.199986
FILLER_27_255,VDD,Metal1,128.6400,117.1800,1.199994
FILLER_27_251,VDD,Metal1,127.2110,117.7760,1.199994
FILLER_27_244,VDD,Metal1,124.5690,117.7780,1.199994
FILLER_27_237,VDD,Metal1,121.2090,117.7780,1.199995
FILLER_27_230,VDD,Metal1,117.8490,117.7780,1.199995
FILLER_27_223,VDD,Metal1,114.4890,117.7780,1.199996
FILLER_27_216,VDD,Metal1,111.1290,117.7780,1.199996
FILLER_27_209,VDD,Metal1,107.7690,117.7780,1.199997
FILLER_27_202,VDD,Metal1,104.4090,117.7780,1.199997
FILLER_27_195,VDD,Metal1,101.0490,117.7780,1.199998
FILLER_27_188,VDD,Metal1,97.6890,117.7780,1.199998
FILLER_27_181,VDD,Metal1,94.3290,117.7780,1.199998
FILLER_27_174,VDD,Metal1,90.9690,117.7780,1.199998
FILLER_27_167,VDD,Metal1,87.6090,117.7780,1.199998
FILLER_27_160,VDD,Metal1,84.2490,117.7780,1.199998
FILLER_27_153,VDD,Metal1,80.8890,117.7780,1.199998
FILLER_27_146,VDD,Metal1,77.5290,117.7780,1.199997
FILLER_27_139,VDD,Metal1,74.1690,117.7780,1.199997
FILLER_27_132,VDD,Metal1,70.8090,117.7780,1.199997
FILLER_27_125,VDD,Metal1,67.4490,117.7780,1.199997
FILLER_27_118,VDD,Metal1,64.0890,117.7780,1.199997
FILLER_27_111,VDD,Metal1,60.7290,117.7780,1.199996
FILLER_27_104,VDD,Metal1,57.3690,117.7780,1.199996
FILLER_27_97,VDD,Metal1,54.0090,117.7780,1.199996
FILLER_27_90,VDD,Metal1,50.6490,117.7780,1.199996
FILLER_27_82,VDD,Metal1,45.6000,117.1800,1.199995
FILLER_27_78,VDD,Metal1,44.1710,117.7760,1.199995
FILLER_27_71,VDD,Metal1,41.5290,117.7780,1.199995
FILLER_27_61,VDD,Metal1,36.0110,117.7760,1.199993
FILLER_27_54,VDD,Metal1,33.3690,117.7780,1.199993
FILLER_27_49,VDD,Metal1,29.5200,117.1800,1.199996
FILLER_27_42,VDD,Metal1,27.6090,117.7780,1.199996
FILLER_27_35,VDD,Metal1,24.2490,117.7780,1.199997
FILLER_27_20,VDD,Metal1,15.6000,117.1800,1.199993
FILLER_27_18,VDD,Metal1,14.8800,117.1800,1.199993
FILLER_26_334,VDD,Metal1,166.3200,117.1800,1.199992
FILLER_26_320,VDD,Metal1,159.8400,117.1800,1.199982
FILLER_26_313,VDD,Metal1,157.6890,116.5810,1.199982
FILLER_26_306,VDD,Metal1,154.3290,116.5810,1.199982
FILLER_26_299,VDD,Metal1,150.9690,116.5810,1.199983
FILLER_26_292,VDD,Metal1,147.6090,116.5810,1.199983
FILLER_26_285,VDD,Metal1,144.2490,116.5810,1.199983
FILLER_26_278,VDD,Metal1,140.8890,116.5810,1.199983
FILLER_26_270,VDD,Metal1,136.3310,116.5830,1.199985
FILLER_26_263,VDD,Metal1,133.6890,116.5810,1.199986
FILLER_26_256,VDD,Metal1,130.3290,116.5810,1.199994
FILLER_26_249,VDD,Metal1,126.9690,116.5810,1.199994
FILLER_26_242,VDD,Metal1,123.6090,116.5810,1.199995
FILLER_26_235,VDD,Metal1,120.2490,116.5810,1.199995
FILLER_26_228,VDD,Metal1,116.8890,116.5810,1.199996
FILLER_26_221,VDD,Metal1,113.5290,116.5810,1.199996
FILLER_26_214,VDD,Metal1,110.1690,116.5810,1.199997
FILLER_26_207,VDD,Metal1,106.8090,116.5810,1.199997
FILLER_26_200,VDD,Metal1,103.4490,116.5810,1.199997
FILLER_26_193,VDD,Metal1,100.0890,116.5810,1.199998
FILLER_26_186,VDD,Metal1,96.7290,116.5810,1.199998
FILLER_26_179,VDD,Metal1,93.3690,116.5810,1.199998
FILLER_26_172,VDD,Metal1,90.0090,116.5810,1.199998
FILLER_26_165,VDD,Metal1,86.6490,116.5810,1.199998
FILLER_26_158,VDD,Metal1,83.2890,116.5810,1.199998
FILLER_26_151,VDD,Metal1,79.9290,116.5810,1.199997
FILLER_26_144,VDD,Metal1,76.5690,116.5810,1.199997
FILLER_26_137,VDD,Metal1,73.2090,116.5810,1.199997
FILLER_26_130,VDD,Metal1,69.8490,116.5810,1.199997
FILLER_26_123,VDD,Metal1,66.4890,116.5810,1.199997
FILLER_26_116,VDD,Metal1,63.1290,116.5810,1.199996
FILLER_26_109,VDD,Metal1,59.7690,116.5810,1.199996
FILLER_26_102,VDD,Metal1,56.4090,116.5810,1.199996
FILLER_26_95,VDD,Metal1,53.0490,116.5810,1.199996
FILLER_26_88,VDD,Metal1,49.6890,116.5810,1.199996
FILLER_26_81,VDD,Metal1,46.3290,116.5810,1.199995
FILLER_26_74,VDD,Metal1,42.9690,116.5810,1.199995
FILLER_26_57,VDD,Metal1,33.6000,117.1800,1.199993
FILLER_26_37,VDD,Metal1,24.0000,117.1800,1.199997
FILLER_26_30,VDD,Metal1,21.8490,116.5810,1.199997
FILLER_26_23,VDD,Metal1,18.4890,116.5810,1.199997
FILLER_26_0,VDD,Metal1,6.2400,117.1800,1.199983
FILLER_25_342,VDD,Metal1,170.4000,109.6200,1.199997
FILLER_25_318,VDD,Metal1,158.8800,109.6200,1.199936
FILLER_25_312,VDD,Metal1,156.0000,109.6200,1.199936
FILLER_25_308,VDD,Metal1,154.5710,110.2160,1.199936
FILLER_25_292,VDD,Metal1,146.1600,109.6200,1.199937
FILLER_25_290,VDD,Metal1,145.4400,109.6200,1.199937
FILLER_25_272,VDD,Metal1,136.5600,109.6200,1.199954
FILLER_25_268,VDD,Metal1,135.3710,110.2160,1.199955
FILLER_25_261,VDD,Metal1,132.7290,110.2180,1.199962
FILLER_25_249,VDD,Metal1,125.5200,109.6200,1.199988
FILLER_25_242,VDD,Metal1,123.6090,110.2180,1.199988
FILLER_25_235,VDD,Metal1,120.2490,110.2180,1.199988
FILLER_25_228,VDD,Metal1,116.8890,110.2180,1.199989
FILLER_25_221,VDD,Metal1,113.5290,110.2180,1.199990
FILLER_25_214,VDD,Metal1,110.1690,110.2180,1.199990
FILLER_25_207,VDD,Metal1,106.8090,110.2180,1.199991
FILLER_25_200,VDD,Metal1,103.4490,110.2180,1.199992
FILLER_25_193,VDD,Metal1,100.0890,110.2180,1.199992
FILLER_25_186,VDD,Metal1,96.7290,110.2180,1.199993
FILLER_25_179,VDD,Metal1,93.3690,110.2180,1.199993
FILLER_25_172,VDD,Metal1,90.0090,110.2180,1.199993
FILLER_25_165,VDD,Metal1,86.6490,110.2180,1.199993
FILLER_25_158,VDD,Metal1,83.2890,110.2180,1.199993
FILLER_25_151,VDD,Metal1,79.9290,110.2180,1.199993
FILLER_25_144,VDD,Metal1,76.5690,110.2180,1.199993
FILLER_25_137,VDD,Metal1,73.2090,110.2180,1.199993
FILLER_25_130,VDD,Metal1,69.8490,110.2180,1.199992
FILLER_25_123,VDD,Metal1,66.4890,110.2180,1.199992
FILLER_25_116,VDD,Metal1,63.1290,110.2180,1.199992
FILLER_25_109,VDD,Metal1,59.7690,110.2180,1.199992
FILLER_25_102,VDD,Metal1,56.4090,110.2180,1.199992
FILLER_25_95,VDD,Metal1,53.0490,110.2180,1.199992
FILLER_25_88,VDD,Metal1,49.6890,110.2180,1.199992
FILLER_25_81,VDD,Metal1,46.3290,110.2180,1.199992
FILLER_25_70,VDD,Metal1,41.0490,110.2180,1.199992
FILLER_25_63,VDD,Metal1,37.6890,110.2180,1.199992
FILLER_25_56,VDD,Metal1,34.3290,110.2180,1.199992
FILLER_25_49,VDD,Metal1,30.9690,110.2180,1.199993
FILLER_25_42,VDD,Metal1,27.6090,110.2180,1.199993
FILLER_25_35,VDD,Metal1,24.2490,110.2180,1.199994
FILLER_25_28,VDD,Metal1,20.8890,110.2180,1.199997
FILLER_24_342,VDD,Metal1,170.4000,109.6200,1.199997
FILLER_24_325,VDD,Metal1,162.0000,109.6200,1.199937
FILLER_24_323,VDD,Metal1,161.2800,109.6200,1.199937
FILLER_24_316,VDD,Metal1,157.9200,109.6200,1.199936
FILLER_24_312,VDD,Metal1,156.4910,109.0230,1.199936
FILLER_24_305,VDD,Metal1,153.8490,109.0210,1.199936
FILLER_24_291,VDD,Metal1,145.9200,109.6200,1.199937
FILLER_24_287,VDD,Metal1,144.4910,109.0230,1.199938
FILLER_24_280,VDD,Metal1,141.8490,109.0210,1.199938
FILLER_24_271,VDD,Metal1,136.0800,109.6200,1.199955
FILLER_24_269,VDD,Metal1,135.3600,109.6200,1.199955
FILLER_24_250,VDD,Metal1,126.0000,109.6200,1.199986
FILLER_24_248,VDD,Metal1,125.2800,109.6200,1.199988
FILLER_24_241,VDD,Metal1,123.1290,109.0210,1.199988
FILLER_24_234,VDD,Metal1,119.7690,109.0210,1.199989
FILLER_24_227,VDD,Metal1,116.4090,109.0210,1.199990
FILLER_24_220,VDD,Metal1,113.0490,109.0210,1.199990
FILLER_24_213,VDD,Metal1,109.6890,109.0210,1.199991
FILLER_24_206,VDD,Metal1,106.3290,109.0210,1.199992
FILLER_24_199,VDD,Metal1,102.9690,109.0210,1.199992
FILLER_24_192,VDD,Metal1,99.6090,109.0210,1.199993
FILLER_24_185,VDD,Metal1,96.2490,109.0210,1.199993
FILLER_24_178,VDD,Metal1,92.8890,109.0210,1.199993
FILLER_24_171,VDD,Metal1,89.5290,109.0210,1.199993
FILLER_24_164,VDD,Metal1,86.1690,109.0210,1.199993
FILLER_24_157,VDD,Metal1,82.8090,109.0210,1.199993
FILLER_24_150,VDD,Metal1,79.4490,109.0210,1.199993
FILLER_24_143,VDD,Metal1,76.0890,109.0210,1.199993
FILLER_24_136,VDD,Metal1,72.7290,109.0210,1.199992
FILLER_24_129,VDD,Metal1,69.3690,109.0210,1.199992
FILLER_24_122,VDD,Metal1,66.0090,109.0210,1.199992
FILLER_24_115,VDD,Metal1,62.6490,109.0210,1.199992
FILLER_24_108,VDD,Metal1,59.2890,109.0210,1.199992
FILLER_24_101,VDD,Metal1,55.9290,109.0210,1.199992
FILLER_24_94,VDD,Metal1,52.5690,109.0210,1.199992
FILLER_24_87,VDD,Metal1,49.2090,109.0210,1.199992
FILLER_24_66,VDD,Metal1,37.9200,109.6200,1.199992
FILLER_24_49,VDD,Metal1,29.5200,109.6200,1.199993
FILLER_24_42,VDD,Metal1,27.6090,109.0210,1.199993
FILLER_24_30,VDD,Metal1,20.4000,109.6200,1.199997
FILLER_24_28,VDD,Metal1,19.6800,109.6200,1.199997
FILLER_24_18,VDD,Metal1,14.8800,109.6200,1.199987
FILLER_24_0,VDD,Metal1,6.0000,109.6200,1.199970
FILLER_23_338,VDD,Metal1,168.4800,102.0600,1.199984
FILLER_23_328,VDD,Metal1,163.6800,102.0600,1.199974
FILLER_23_311,VDD,Metal1,156.0110,102.6560,1.199934
FILLER_23_303,VDD,Metal1,151.6800,102.0600,1.199933
FILLER_23_290,VDD,Metal1,145.2000,102.0600,1.199920
FILLER_23_288,VDD,Metal1,144.4800,102.0600,1.199920
FILLER_23_242,VDD,Metal1,122.8910,102.6560,1.199963
FILLER_23_235,VDD,Metal1,120.2490,102.6580,1.199963
FILLER_23_228,VDD,Metal1,116.8890,102.6580,1.199967
FILLER_23_221,VDD,Metal1,113.5290,102.6580,1.199972
FILLER_23_214,VDD,Metal1,110.1690,102.6580,1.199976
FILLER_23_207,VDD,Metal1,106.8090,102.6580,1.199980
FILLER_23_200,VDD,Metal1,103.4490,102.6580,1.199985
FILLER_23_193,VDD,Metal1,100.0890,102.6580,1.199989
FILLER_23_186,VDD,Metal1,96.7290,102.6580,1.199994
FILLER_23_179,VDD,Metal1,93.3690,102.6580,1.199998
FILLER_23_172,VDD,Metal1,90.0090,102.6580,1.199998
FILLER_23_165,VDD,Metal1,86.6490,102.6580,1.199997
FILLER_23_158,VDD,Metal1,83.2890,102.6580,1.199997
FILLER_23_151,VDD,Metal1,79.9290,102.6580,1.199997
FILLER_23_144,VDD,Metal1,76.5690,102.6580,1.199996
FILLER_23_137,VDD,Metal1,73.2090,102.6580,1.199996
FILLER_23_130,VDD,Metal1,69.8490,102.6580,1.199996
FILLER_23_123,VDD,Metal1,66.4890,102.6580,1.199996
FILLER_23_116,VDD,Metal1,63.1290,102.6580,1.199995
FILLER_23_109,VDD,Metal1,59.7690,102.6580,1.199995
FILLER_23_102,VDD,Metal1,56.4090,102.6580,1.199995
FILLER_23_95,VDD,Metal1,53.0490,102.6580,1.199994
FILLER_23_83,VDD,Metal1,45.8400,102.0600,1.199994
FILLER_23_81,VDD,Metal1,45.1200,102.0600,1.199994
FILLER_23_73,VDD,Metal1,41.2800,102.0600,1.199994
FILLER_23_66,VDD,Metal1,39.1290,102.6580,1.199994
FILLER_23_59,VDD,Metal1,35.7690,102.6580,1.199994
FILLER_23_52,VDD,Metal1,32.4090,102.6580,1.199994
FILLER_23_45,VDD,Metal1,29.0490,102.6580,1.199994
FILLER_23_33,VDD,Metal1,21.8400,102.0600,1.199996
FILLER_23_29,VDD,Metal1,20.6510,102.6560,1.199997
FILLER_23_2,VDD,Metal1,6.9600,102.0600,1.199983
FILLER_23_0,VDD,Metal1,6.2400,102.0600,1.199983
FILLER_22_339,VDD,Metal1,168.7200,102.0600,1.199984
FILLER_22_310,VDD,Metal1,155.0400,102.0600,1.199934
FILLER_22_303,VDD,Metal1,152.8890,101.4610,1.199933
FILLER_22_291,VDD,Metal1,145.6800,102.0600,1.199921
FILLER_22_287,VDD,Metal1,144.4910,101.4630,1.199920
FILLER_22_267,VDD,Metal1,135.6090,101.4610,1.199922
FILLER_22_249,VDD,Metal1,125.5200,102.0600,1.199963
FILLER_22_245,VDD,Metal1,124.3310,101.4630,1.199963
FILLER_22_238,VDD,Metal1,121.6890,101.4610,1.199963
FILLER_22_231,VDD,Metal1,118.3290,101.4610,1.199967
FILLER_22_224,VDD,Metal1,114.9690,101.4610,1.199972
FILLER_22_217,VDD,Metal1,111.6090,101.4610,1.199976
FILLER_22_210,VDD,Metal1,108.2490,101.4610,1.199980
FILLER_22_203,VDD,Metal1,104.8890,101.4610,1.199985
FILLER_22_196,VDD,Metal1,101.5290,101.4610,1.199989
FILLER_22_189,VDD,Metal1,98.1690,101.4610,1.199994
FILLER_22_182,VDD,Metal1,94.8090,101.4610,1.199998
FILLER_22_175,VDD,Metal1,91.4490,101.4610,1.199998
FILLER_22_168,VDD,Metal1,88.0890,101.4610,1.199997
FILLER_22_161,VDD,Metal1,84.7290,101.4610,1.199997
FILLER_22_154,VDD,Metal1,81.3690,101.4610,1.199997
FILLER_22_147,VDD,Metal1,78.0090,101.4610,1.199996
FILLER_22_140,VDD,Metal1,74.6490,101.4610,1.199996
FILLER_22_133,VDD,Metal1,71.2890,101.4610,1.199996
FILLER_22_126,VDD,Metal1,67.9290,101.4610,1.199996
FILLER_22_119,VDD,Metal1,64.5690,101.4610,1.199995
FILLER_22_112,VDD,Metal1,61.2090,101.4610,1.199995
FILLER_22_105,VDD,Metal1,57.8490,101.4610,1.199995
FILLER_22_98,VDD,Metal1,54.4890,101.4610,1.199994
FILLER_22_91,VDD,Metal1,51.1290,101.4610,1.199994
FILLER_22_84,VDD,Metal1,47.7690,101.4610,1.199994
FILLER_22_76,VDD,Metal1,43.2110,101.4630,1.199994
FILLER_22_69,VDD,Metal1,40.5690,101.4610,1.199994
FILLER_22_62,VDD,Metal1,37.2090,101.4610,1.199994
FILLER_22_55,VDD,Metal1,33.8490,101.4610,1.199994
FILLER_22_48,VDD,Metal1,30.4890,101.4610,1.199994
FILLER_22_41,VDD,Metal1,27.1290,101.4610,1.199994
FILLER_22_33,VDD,Metal1,22.5710,101.4630,1.199996
FILLER_22_6,VDD,Metal1,8.8800,102.0600,1.199984
FILLER_22_4,VDD,Metal1,8.1600,102.0600,1.199984
FILLER_21_334,VDD,Metal1,166.5600,94.5000,1.199948
FILLER_21_313,VDD,Metal1,156.4800,94.5000,1.199901
FILLER_21_309,VDD,Metal1,155.0510,95.0960,1.199901
FILLER_21_302,VDD,Metal1,152.4090,95.0980,1.199901
FILLER_21_295,VDD,Metal1,149.0490,95.0980,1.199901
FILLER_21_288,VDD,Metal1,145.6890,95.0980,1.199901
FILLER_21_281,VDD,Metal1,142.3290,95.0980,1.199901
FILLER_21_273,VDD,Metal1,137.2800,94.5000,1.199902
FILLER_21_266,VDD,Metal1,135.1290,95.0980,1.199989
FILLER_21_259,VDD,Metal1,131.7690,95.0980,1.199989
FILLER_21_246,VDD,Metal1,125.5290,95.0980,1.199989
FILLER_21_239,VDD,Metal1,122.1690,95.0980,1.199990
FILLER_21_232,VDD,Metal1,118.8090,95.0980,1.199991
FILLER_21_225,VDD,Metal1,115.4490,95.0980,1.199992
FILLER_21_218,VDD,Metal1,112.0890,95.0980,1.199994
FILLER_21_211,VDD,Metal1,108.7290,95.0980,1.199995
FILLER_21_204,VDD,Metal1,105.3690,95.0980,1.199996
FILLER_21_197,VDD,Metal1,102.0090,95.0980,1.199997
FILLER_21_190,VDD,Metal1,98.6490,95.0980,1.199998
FILLER_21_183,VDD,Metal1,95.2890,95.0980,1.199999
FILLER_21_176,VDD,Metal1,91.9290,95.0980,1.199999
FILLER_21_169,VDD,Metal1,88.5690,95.0980,1.199999
FILLER_21_162,VDD,Metal1,85.2090,95.0980,1.199999
FILLER_21_155,VDD,Metal1,81.8490,95.0980,1.199999
FILLER_21_148,VDD,Metal1,78.4890,95.0980,1.199999
FILLER_21_141,VDD,Metal1,75.1290,95.0980,1.199999
FILLER_21_134,VDD,Metal1,71.7690,95.0980,1.199999
FILLER_21_127,VDD,Metal1,68.4090,95.0980,1.199999
FILLER_21_120,VDD,Metal1,65.0490,95.0980,1.199999
FILLER_21_113,VDD,Metal1,61.6890,95.0980,1.199999
FILLER_21_106,VDD,Metal1,58.3290,95.0980,1.199999
FILLER_21_99,VDD,Metal1,54.9690,95.0980,1.199999
FILLER_21_92,VDD,Metal1,51.6090,95.0980,1.199999
FILLER_21_82,VDD,Metal1,46.0910,95.0960,1.199995
FILLER_21_75,VDD,Metal1,43.4490,95.0980,1.199995
FILLER_21_65,VDD,Metal1,37.9310,95.0960,1.199995
FILLER_21_46,VDD,Metal1,28.0800,94.5000,1.199995
FILLER_21_42,VDD,Metal1,26.8910,95.0960,1.199995
FILLER_21_34,VDD,Metal1,22.5600,94.5000,1.199995
FILLER_21_30,VDD,Metal1,21.1310,95.0960,1.199995
FILLER_21_4,VDD,Metal1,8.1600,94.5000,1.199958
FILLER_20_338,VDD,Metal1,168.4800,94.5000,1.199958
FILLER_20_311,VDD,Metal1,156.7290,93.9010,1.199901
FILLER_20_303,VDD,Metal1,151.6800,94.5000,1.199901
FILLER_20_299,VDD,Metal1,150.2510,93.9030,1.199901
FILLER_20_287,VDD,Metal1,145.2090,93.9010,1.199901
FILLER_20_267,VDD,Metal1,134.1600,94.5000,1.199989
FILLER_20_263,VDD,Metal1,132.9710,93.9030,1.199989
FILLER_20_256,VDD,Metal1,130.3290,93.9010,1.199989
FILLER_20_249,VDD,Metal1,126.9690,93.9010,1.199989
FILLER_20_242,VDD,Metal1,123.6090,93.9010,1.199990
FILLER_20_235,VDD,Metal1,120.2490,93.9010,1.199991
FILLER_20_228,VDD,Metal1,116.8890,93.9010,1.199992
FILLER_20_221,VDD,Metal1,113.5290,93.9010,1.199994
FILLER_20_214,VDD,Metal1,110.1690,93.9010,1.199995
FILLER_20_207,VDD,Metal1,106.8090,93.9010,1.199996
FILLER_20_200,VDD,Metal1,103.4490,93.9010,1.199997
FILLER_20_193,VDD,Metal1,100.0890,93.9010,1.199998
FILLER_20_186,VDD,Metal1,96.7290,93.9010,1.199999
FILLER_20_179,VDD,Metal1,93.3690,93.9010,1.199999
FILLER_20_172,VDD,Metal1,90.0090,93.9010,1.199999
FILLER_20_165,VDD,Metal1,85.4400,94.5000,1.199999
FILLER_20_161,VDD,Metal1,84.0110,93.9030,1.199999
FILLER_20_154,VDD,Metal1,81.3690,93.9010,1.199999
FILLER_20_147,VDD,Metal1,78.0090,93.9010,1.199999
FILLER_20_140,VDD,Metal1,74.6490,93.9010,1.199999
FILLER_20_133,VDD,Metal1,71.2890,93.9010,1.199999
FILLER_20_126,VDD,Metal1,67.9290,93.9010,1.199999
FILLER_20_119,VDD,Metal1,64.5690,93.9010,1.199999
FILLER_20_112,VDD,Metal1,61.2090,93.9010,1.199999
FILLER_20_105,VDD,Metal1,57.8490,93.9010,1.199999
FILLER_20_98,VDD,Metal1,54.4890,93.9010,1.199999
FILLER_20_91,VDD,Metal1,51.1290,93.9010,1.199999
FILLER_20_82,VDD,Metal1,46.0910,93.9030,1.199995
FILLER_20_75,VDD,Metal1,43.4490,93.9010,1.199995
FILLER_20_69,VDD,Metal1,39.1200,94.5000,1.199995
FILLER_20_65,VDD,Metal1,37.9310,93.9030,1.199995
FILLER_20_58,VDD,Metal1,35.2890,93.9010,1.199995
FILLER_20_51,VDD,Metal1,31.9290,93.9010,1.199995
FILLER_20_44,VDD,Metal1,28.5690,93.9010,1.199995
FILLER_20_37,VDD,Metal1,25.2090,93.9010,1.199995
FILLER_20_4,VDD,Metal1,8.1600,94.5000,1.199958
FILLER_19_312,VDD,Metal1,155.7600,86.9400,1.199980
FILLER_19_305,VDD,Metal1,153.8490,87.5380,1.199980
FILLER_19_298,VDD,Metal1,150.4890,87.5380,1.199990
FILLER_19_291,VDD,Metal1,145.6800,86.9400,1.199990
FILLER_19_289,VDD,Metal1,144.9600,86.9400,1.199990
FILLER_19_282,VDD,Metal1,142.8090,87.5380,1.199990
FILLER_19_275,VDD,Metal1,139.4490,87.5380,1.199990
FILLER_19_266,VDD,Metal1,133.6800,86.9400,1.199992
FILLER_19_264,VDD,Metal1,132.9600,86.9400,1.199992
FILLER_19_257,VDD,Metal1,130.8090,87.5380,1.199992
FILLER_19_242,VDD,Metal1,122.8910,87.5360,1.199992
FILLER_19_235,VDD,Metal1,120.2490,87.5380,1.199992
FILLER_19_228,VDD,Metal1,116.8890,87.5380,1.199993
FILLER_19_221,VDD,Metal1,113.5290,87.5380,1.199994
FILLER_19_214,VDD,Metal1,110.1690,87.5380,1.199995
FILLER_19_207,VDD,Metal1,106.8090,87.5380,1.199996
FILLER_19_200,VDD,Metal1,103.4490,87.5380,1.199997
FILLER_19_193,VDD,Metal1,100.0890,87.5380,1.199998
FILLER_19_186,VDD,Metal1,96.7290,87.5380,1.199998
FILLER_19_179,VDD,Metal1,93.3690,87.5380,1.199999
FILLER_19_172,VDD,Metal1,90.0090,87.5380,1.199999
FILLER_19_168,VDD,Metal1,86.6400,86.9400,1.199998
FILLER_19_164,VDD,Metal1,85.4510,87.5360,1.199993
FILLER_19_157,VDD,Metal1,82.8090,87.5380,1.199993
FILLER_19_150,VDD,Metal1,79.4490,87.5380,1.199992
FILLER_19_143,VDD,Metal1,76.0890,87.5380,1.199992
FILLER_19_136,VDD,Metal1,72.7290,87.5380,1.199991
FILLER_19_129,VDD,Metal1,69.3690,87.5380,1.199991
FILLER_19_122,VDD,Metal1,66.0090,87.5380,1.199990
FILLER_19_115,VDD,Metal1,62.6490,87.5380,1.199989
FILLER_19_108,VDD,Metal1,59.2890,87.5380,1.199989
FILLER_19_101,VDD,Metal1,55.9290,87.5380,1.199988
FILLER_19_94,VDD,Metal1,52.5690,87.5380,1.199988
FILLER_19_87,VDD,Metal1,49.2090,87.5380,1.199987
FILLER_19_80,VDD,Metal1,45.8490,87.5380,1.199987
FILLER_19_73,VDD,Metal1,41.0400,86.9400,1.199987
FILLER_19_66,VDD,Metal1,39.1290,87.5380,1.199987
FILLER_19_59,VDD,Metal1,35.7690,87.5380,1.199987
FILLER_19_51,VDD,Metal1,30.7200,86.9400,1.199986
FILLER_19_47,VDD,Metal1,29.2910,87.5360,1.199986
FILLER_19_31,VDD,Metal1,21.6110,87.5360,1.199990
FILLER_19_14,VDD,Metal1,12.7200,86.9400,1.199962
FILLER_19_4,VDD,Metal1,8.1600,86.9400,1.199954
FILLER_18_315,VDD,Metal1,157.2000,86.9400,1.199980
FILLER_18_311,VDD,Metal1,156.0110,86.3430,1.199980
FILLER_18_304,VDD,Metal1,151.9200,86.9400,1.199990
FILLER_18_300,VDD,Metal1,150.7310,86.3430,1.199990
FILLER_18_293,VDD,Metal1,148.0890,86.3410,1.199990
FILLER_18_286,VDD,Metal1,143.5200,86.9400,1.199990
FILLER_18_279,VDD,Metal1,141.3690,86.3410,1.199990
FILLER_18_272,VDD,Metal1,138.0090,86.3410,1.199990
FILLER_18_265,VDD,Metal1,134.6490,86.3410,1.199992
FILLER_18_258,VDD,Metal1,131.2890,86.3410,1.199992
FILLER_18_245,VDD,Metal1,125.0490,86.3410,1.199992
FILLER_18_238,VDD,Metal1,121.6890,86.3410,1.199992
FILLER_18_231,VDD,Metal1,118.3290,86.3410,1.199993
FILLER_18_224,VDD,Metal1,114.9690,86.3410,1.199994
FILLER_18_217,VDD,Metal1,111.6090,86.3410,1.199995
FILLER_18_210,VDD,Metal1,108.2490,86.3410,1.199996
FILLER_18_203,VDD,Metal1,104.8890,86.3410,1.199997
FILLER_18_196,VDD,Metal1,101.5290,86.3410,1.199998
FILLER_18_189,VDD,Metal1,98.1690,86.3410,1.199998
FILLER_18_182,VDD,Metal1,94.8090,86.3410,1.199999
FILLER_18_175,VDD,Metal1,91.4490,86.3410,1.199999
FILLER_18_168,VDD,Metal1,88.0890,86.3410,1.199998
FILLER_18_161,VDD,Metal1,84.7290,86.3410,1.199993
FILLER_18_154,VDD,Metal1,81.3690,86.3410,1.199993
FILLER_18_147,VDD,Metal1,78.0090,86.3410,1.199992
FILLER_18_140,VDD,Metal1,74.6490,86.3410,1.199992
FILLER_18_133,VDD,Metal1,71.2890,86.3410,1.199991
FILLER_18_126,VDD,Metal1,67.9290,86.3410,1.199991
FILLER_18_119,VDD,Metal1,64.5690,86.3410,1.199990
FILLER_18_112,VDD,Metal1,61.2090,86.3410,1.199989
FILLER_18_105,VDD,Metal1,57.8490,86.3410,1.199989
FILLER_18_98,VDD,Metal1,54.4890,86.3410,1.199988
FILLER_18_91,VDD,Metal1,51.1290,86.3410,1.199988
FILLER_18_84,VDD,Metal1,47.7690,86.3410,1.199987
FILLER_18_77,VDD,Metal1,44.4090,86.3410,1.199987
FILLER_18_70,VDD,Metal1,41.0490,86.3410,1.199987
FILLER_18_64,VDD,Metal1,36.9600,86.9400,1.199987
FILLER_18_57,VDD,Metal1,34.8090,86.3410,1.199987
FILLER_18_49,VDD,Metal1,29.7600,86.9400,1.199986
FILLER_18_45,VDD,Metal1,27.6000,86.9400,1.199986
FILLER_18_34,VDD,Metal1,22.3200,86.9400,1.199990
FILLER_18_4,VDD,Metal1,8.1600,86.9400,1.199954
FILLER_17_335,VDD,Metal1,166.8000,79.3800,1.199967
FILLER_17_308,VDD,Metal1,154.5710,79.9760,1.199960
FILLER_17_301,VDD,Metal1,151.9290,79.9780,1.199960
FILLER_17_293,VDD,Metal1,146.8800,79.3800,1.199987
FILLER_17_280,VDD,Metal1,141.8490,79.9780,1.199994
FILLER_17_262,VDD,Metal1,133.2090,79.9780,1.199994
FILLER_17_255,VDD,Metal1,129.8490,79.9780,1.199997
FILLER_17_248,VDD,Metal1,126.4890,79.9780,1.199997
FILLER_17_241,VDD,Metal1,123.1290,79.9780,1.199997
FILLER_17_234,VDD,Metal1,119.7690,79.9780,1.199998
FILLER_17_227,VDD,Metal1,116.4090,79.9780,1.199998
FILLER_17_220,VDD,Metal1,113.0490,79.9780,1.199998
FILLER_17_213,VDD,Metal1,109.6890,79.9780,1.199998
FILLER_17_206,VDD,Metal1,106.3290,79.9780,1.199998
FILLER_17_199,VDD,Metal1,102.9690,79.9780,1.199999
FILLER_17_192,VDD,Metal1,99.6090,79.9780,1.199999
FILLER_17_185,VDD,Metal1,96.2490,79.9780,1.199999
FILLER_17_178,VDD,Metal1,92.8890,79.9780,1.199999
FILLER_17_171,VDD,Metal1,89.5290,79.9780,1.199999
FILLER_17_164,VDD,Metal1,86.1690,79.9780,1.199999
FILLER_17_157,VDD,Metal1,82.8090,79.9780,1.199999
FILLER_17_150,VDD,Metal1,79.4490,79.9780,1.199998
FILLER_17_143,VDD,Metal1,76.0890,79.9780,1.199998
FILLER_17_136,VDD,Metal1,72.7290,79.9780,1.199998
FILLER_17_129,VDD,Metal1,69.3690,79.9780,1.199998
FILLER_17_122,VDD,Metal1,66.0090,79.9780,1.199998
FILLER_17_115,VDD,Metal1,62.6490,79.9780,1.199998
FILLER_17_108,VDD,Metal1,59.2890,79.9780,1.199998
FILLER_17_101,VDD,Metal1,55.9290,79.9780,1.199998
FILLER_17_94,VDD,Metal1,52.5690,79.9780,1.199997
FILLER_17_87,VDD,Metal1,49.2090,79.9780,1.199997
FILLER_17_80,VDD,Metal1,45.8490,79.9780,1.199997
FILLER_17_73,VDD,Metal1,42.4890,79.9780,1.199997
FILLER_17_66,VDD,Metal1,39.1290,79.9780,1.199997
FILLER_17_60,VDD,Metal1,34.8000,79.3800,1.199996
FILLER_17_58,VDD,Metal1,34.0800,79.3800,1.199996
FILLER_17_51,VDD,Metal1,31.9290,79.9780,1.199996
FILLER_17_44,VDD,Metal1,28.5690,79.9780,1.199996
FILLER_17_37,VDD,Metal1,25.2090,79.9780,1.199995
FILLER_17_30,VDD,Metal1,21.8490,79.9780,1.199995
FILLER_17_4,VDD,Metal1,8.1600,79.3800,1.199948
FILLER_16_334,VDD,Metal1,166.5600,79.3800,1.199967
FILLER_16_311,VDD,Metal1,155.2800,79.3800,1.199960
FILLER_16_309,VDD,Metal1,154.5600,79.3800,1.199960
FILLER_16_302,VDD,Metal1,152.4090,78.7810,1.199960
FILLER_16_295,VDD,Metal1,149.0490,78.7810,1.199960
FILLER_16_288,VDD,Metal1,145.6890,78.7810,1.199987
FILLER_16_281,VDD,Metal1,142.3290,78.7810,1.199994
FILLER_16_274,VDD,Metal1,138.9690,78.7810,1.199994
FILLER_16_267,VDD,Metal1,135.6090,78.7810,1.199994
FILLER_16_254,VDD,Metal1,128.6510,78.7830,1.199997
FILLER_16_247,VDD,Metal1,126.0090,78.7810,1.199997
FILLER_16_240,VDD,Metal1,122.6490,78.7810,1.199998
FILLER_16_233,VDD,Metal1,119.2890,78.7810,1.199998
FILLER_16_226,VDD,Metal1,115.9290,78.7810,1.199998
FILLER_16_219,VDD,Metal1,112.5690,78.7810,1.199998
FILLER_16_212,VDD,Metal1,109.2090,78.7810,1.199998
FILLER_16_205,VDD,Metal1,105.8490,78.7810,1.199999
FILLER_16_198,VDD,Metal1,102.4890,78.7810,1.199999
FILLER_16_191,VDD,Metal1,99.1290,78.7810,1.199999
FILLER_16_184,VDD,Metal1,95.7690,78.7810,1.199999
FILLER_16_177,VDD,Metal1,92.4090,78.7810,1.199999
FILLER_16_170,VDD,Metal1,89.0490,78.7810,1.199999
FILLER_16_163,VDD,Metal1,85.6890,78.7810,1.199999
FILLER_16_156,VDD,Metal1,82.3290,78.7810,1.199998
FILLER_16_149,VDD,Metal1,78.9690,78.7810,1.199998
FILLER_16_142,VDD,Metal1,75.6090,78.7810,1.199998
FILLER_16_135,VDD,Metal1,72.2490,78.7810,1.199998
FILLER_16_128,VDD,Metal1,68.8890,78.7810,1.199998
FILLER_16_121,VDD,Metal1,65.5290,78.7810,1.199998
FILLER_16_114,VDD,Metal1,62.1690,78.7810,1.199998
FILLER_16_107,VDD,Metal1,58.8090,78.7810,1.199998
FILLER_16_100,VDD,Metal1,55.4490,78.7810,1.199997
FILLER_16_93,VDD,Metal1,52.0890,78.7810,1.199997
FILLER_16_86,VDD,Metal1,48.7290,78.7810,1.199997
FILLER_16_79,VDD,Metal1,45.3690,78.7810,1.199997
FILLER_16_72,VDD,Metal1,42.0090,78.7810,1.199997
FILLER_16_65,VDD,Metal1,38.6490,78.7810,1.199997
FILLER_16_58,VDD,Metal1,35.2890,78.7810,1.199996
FILLER_16_51,VDD,Metal1,30.4800,79.3800,1.199996
FILLER_16_44,VDD,Metal1,28.5690,78.7810,1.199996
FILLER_16_37,VDD,Metal1,25.2090,78.7810,1.199995
FILLER_16_30,VDD,Metal1,20.4000,79.3800,1.199995
FILLER_16_28,VDD,Metal1,19.6800,79.3800,1.199995
FILLER_15_342,VDD,Metal1,170.4000,71.8200,1.199996
FILLER_15_332,VDD,Metal1,165.6000,71.8200,1.199967
FILLER_15_310,VDD,Metal1,154.8000,71.8200,1.199939
FILLER_15_303,VDD,Metal1,152.8890,72.4180,1.199938
FILLER_15_295,VDD,Metal1,147.8400,71.8200,1.199937
FILLER_15_283,VDD,Metal1,141.8400,71.8200,1.199936
FILLER_15_276,VDD,Metal1,139.9290,72.4180,1.199936
FILLER_15_266,VDD,Metal1,134.4110,72.4160,1.199967
FILLER_15_258,VDD,Metal1,130.0800,71.8200,1.199987
FILLER_15_254,VDD,Metal1,128.6510,72.4160,1.199987
FILLER_15_249,VDD,Metal1,125.5200,71.8200,1.199995
FILLER_15_247,VDD,Metal1,124.8000,71.8200,1.199995
FILLER_15_240,VDD,Metal1,122.6490,72.4180,1.199995
FILLER_15_233,VDD,Metal1,119.2890,72.4180,1.199996
FILLER_15_226,VDD,Metal1,115.9290,72.4180,1.199996
FILLER_15_219,VDD,Metal1,112.5690,72.4180,1.199997
FILLER_15_212,VDD,Metal1,109.2090,72.4180,1.199997
FILLER_15_205,VDD,Metal1,105.8490,72.4180,1.199998
FILLER_15_198,VDD,Metal1,102.4890,72.4180,1.199998
FILLER_15_191,VDD,Metal1,99.1290,72.4180,1.199998
FILLER_15_184,VDD,Metal1,95.7690,72.4180,1.199999
FILLER_15_177,VDD,Metal1,92.4090,72.4180,1.199999
FILLER_15_170,VDD,Metal1,89.0490,72.4180,1.199999
FILLER_15_163,VDD,Metal1,85.6890,72.4180,1.199998
FILLER_15_156,VDD,Metal1,82.3290,72.4180,1.199998
FILLER_15_149,VDD,Metal1,78.9690,72.4180,1.199998
FILLER_15_142,VDD,Metal1,75.6090,72.4180,1.199998
FILLER_15_135,VDD,Metal1,72.2490,72.4180,1.199998
FILLER_15_128,VDD,Metal1,68.8890,72.4180,1.199997
FILLER_15_121,VDD,Metal1,65.5290,72.4180,1.199997
FILLER_15_114,VDD,Metal1,62.1690,72.4180,1.199997
FILLER_15_107,VDD,Metal1,58.8090,72.4180,1.199997
FILLER_15_100,VDD,Metal1,55.4490,72.4180,1.199997
FILLER_15_93,VDD,Metal1,52.0890,72.4180,1.199996
FILLER_15_86,VDD,Metal1,48.7290,72.4180,1.199996
FILLER_15_79,VDD,Metal1,45.3690,72.4180,1.199996
FILLER_15_72,VDD,Metal1,42.0090,72.4180,1.199996
FILLER_15_65,VDD,Metal1,38.6490,72.4180,1.199993
FILLER_15_59,VDD,Metal1,34.3200,71.8200,1.199992
FILLER_15_52,VDD,Metal1,32.4090,72.4180,1.199992
FILLER_15_45,VDD,Metal1,29.0490,72.4180,1.199992
FILLER_15_38,VDD,Metal1,25.6890,72.4180,1.199992
FILLER_15_23,VDD,Metal1,17.0400,71.8200,1.199984
FILLER_15_14,VDD,Metal1,12.7200,71.8200,1.199974
FILLER_15_4,VDD,Metal1,8.1600,71.8200,1.199966
FILLER_14_334,VDD,Metal1,166.5600,71.8200,1.199967
FILLER_14_316,VDD,Metal1,157.9200,71.8200,1.199940
FILLER_14_302,VDD,Metal1,151.2000,71.8200,1.199938
FILLER_14_298,VDD,Metal1,149.7710,71.2230,1.199938
FILLER_14_273,VDD,Metal1,137.0400,71.8200,1.199967
FILLER_14_266,VDD,Metal1,135.1290,71.2210,1.199967
FILLER_14_261,VDD,Metal1,131.2800,71.8200,1.199973
FILLER_14_254,VDD,Metal1,129.3690,71.2210,1.199987
FILLER_14_240,VDD,Metal1,121.4400,71.8200,1.199995
FILLER_14_233,VDD,Metal1,119.2890,71.2210,1.199996
FILLER_14_226,VDD,Metal1,115.9290,71.2210,1.199996
FILLER_14_219,VDD,Metal1,112.5690,71.2210,1.199997
FILLER_14_212,VDD,Metal1,109.2090,71.2210,1.199997
FILLER_14_205,VDD,Metal1,105.8490,71.2210,1.199998
FILLER_14_198,VDD,Metal1,102.4890,71.2210,1.199998
FILLER_14_191,VDD,Metal1,99.1290,71.2210,1.199998
FILLER_14_184,VDD,Metal1,95.7690,71.2210,1.199999
FILLER_14_177,VDD,Metal1,92.4090,71.2210,1.199999
FILLER_14_170,VDD,Metal1,89.0490,71.2210,1.199999
FILLER_14_163,VDD,Metal1,85.6890,71.2210,1.199998
FILLER_14_156,VDD,Metal1,82.3290,71.2210,1.199998
FILLER_14_149,VDD,Metal1,78.9690,71.2210,1.199998
FILLER_14_142,VDD,Metal1,75.6090,71.2210,1.199998
FILLER_14_135,VDD,Metal1,72.2490,71.2210,1.199998
FILLER_14_128,VDD,Metal1,68.8890,71.2210,1.199997
FILLER_14_121,VDD,Metal1,65.5290,71.2210,1.199997
FILLER_14_114,VDD,Metal1,62.1690,71.2210,1.199997
FILLER_14_107,VDD,Metal1,58.8090,71.2210,1.199997
FILLER_14_100,VDD,Metal1,55.4490,71.2210,1.199997
FILLER_14_93,VDD,Metal1,52.0890,71.2210,1.199996
FILLER_14_86,VDD,Metal1,48.7290,71.2210,1.199996
FILLER_14_79,VDD,Metal1,45.3690,71.2210,1.199996
FILLER_14_72,VDD,Metal1,42.0090,71.2210,1.199996
FILLER_14_60,VDD,Metal1,34.8000,71.8200,1.199993
FILLER_14_53,VDD,Metal1,32.8890,71.2210,1.199992
FILLER_14_46,VDD,Metal1,29.5290,71.2210,1.199992
FILLER_14_39,VDD,Metal1,26.1690,71.2210,1.199992
FILLER_14_32,VDD,Metal1,22.8090,71.2210,1.199992
FILLER_13_338,VDD,Metal1,168.4800,64.2600,1.199972
FILLER_13_305,VDD,Metal1,152.4000,64.2600,1.199885
FILLER_13_297,VDD,Metal1,148.8000,64.2600,1.199891
FILLER_13_293,VDD,Metal1,147.3710,64.8560,1.199892
FILLER_13_278,VDD,Metal1,140.1710,64.8560,1.199893
FILLER_13_271,VDD,Metal1,137.5290,64.8580,1.199893
FILLER_13_259,VDD,Metal1,130.3200,64.2600,1.199908
FILLER_13_252,VDD,Metal1,128.4090,64.8580,1.199910
FILLER_13_247,VDD,Metal1,124.5600,64.2600,1.199962
FILLER_13_240,VDD,Metal1,122.6490,64.8580,1.199966
FILLER_13_233,VDD,Metal1,119.2890,64.8580,1.199969
FILLER_13_226,VDD,Metal1,115.9290,64.8580,1.199973
FILLER_13_219,VDD,Metal1,112.5690,64.8580,1.199977
FILLER_13_212,VDD,Metal1,109.2090,64.8580,1.199981
FILLER_13_205,VDD,Metal1,105.8490,64.8580,1.199984
FILLER_13_198,VDD,Metal1,102.4890,64.8580,1.199988
FILLER_13_191,VDD,Metal1,99.1290,64.8580,1.199992
FILLER_13_184,VDD,Metal1,95.7690,64.8580,1.199995
FILLER_13_177,VDD,Metal1,92.4090,64.8580,1.199995
FILLER_13_170,VDD,Metal1,89.0490,64.8580,1.199994
FILLER_13_163,VDD,Metal1,85.6890,64.8580,1.199993
FILLER_13_156,VDD,Metal1,82.3290,64.8580,1.199992
FILLER_13_149,VDD,Metal1,78.9690,64.8580,1.199991
FILLER_13_142,VDD,Metal1,75.6090,64.8580,1.199990
FILLER_13_135,VDD,Metal1,72.2490,64.8580,1.199990
FILLER_13_128,VDD,Metal1,68.8890,64.8580,1.199989
FILLER_13_121,VDD,Metal1,65.5290,64.8580,1.199988
FILLER_13_114,VDD,Metal1,62.1690,64.8580,1.199987
FILLER_13_107,VDD,Metal1,58.8090,64.8580,1.199986
FILLER_13_100,VDD,Metal1,55.4490,64.8580,1.199985
FILLER_13_93,VDD,Metal1,52.0890,64.8580,1.199985
FILLER_13_86,VDD,Metal1,47.5200,64.2600,1.199985
FILLER_13_79,VDD,Metal1,45.3690,64.8580,1.199985
FILLER_13_72,VDD,Metal1,40.5600,64.2600,1.199984
FILLER_13_68,VDD,Metal1,39.3710,64.8560,1.199984
FILLER_13_61,VDD,Metal1,36.7290,64.8580,1.199982
FILLER_13_54,VDD,Metal1,33.3690,64.8580,1.199982
FILLER_13_47,VDD,Metal1,30.0090,64.8580,1.199982
FILLER_13_40,VDD,Metal1,26.6490,64.8580,1.199982
FILLER_13_22,VDD,Metal1,16.8000,64.2600,1.199983
FILLER_13_4,VDD,Metal1,8.1600,64.2600,1.199950
FILLER_12_338,VDD,Metal1,168.4800,64.2600,1.199972
FILLER_12_333,VDD,Metal1,165.8400,64.2600,1.199959
FILLER_12_331,VDD,Metal1,165.1200,64.2600,1.199958
FILLER_12_326,VDD,Metal1,162.4800,64.2600,1.199935
FILLER_12_296,VDD,Metal1,148.3200,64.2600,1.199891
FILLER_12_292,VDD,Metal1,146.8910,63.6630,1.199892
FILLER_12_279,VDD,Metal1,141.3690,63.6610,1.199892
FILLER_12_272,VDD,Metal1,138.0090,63.6610,1.199893
FILLER_12_264,VDD,Metal1,132.9600,64.2600,1.199894
FILLER_12_260,VDD,Metal1,131.5310,63.6630,1.199894
FILLER_12_251,VDD,Metal1,127.2110,63.6630,1.199910
FILLER_12_244,VDD,Metal1,124.5690,63.6610,1.199962
FILLER_12_237,VDD,Metal1,121.2090,63.6610,1.199966
FILLER_12_230,VDD,Metal1,117.8490,63.6610,1.199969
FILLER_12_223,VDD,Metal1,114.4890,63.6610,1.199973
FILLER_12_216,VDD,Metal1,111.1290,63.6610,1.199977
FILLER_12_209,VDD,Metal1,107.7690,63.6610,1.199981
FILLER_12_202,VDD,Metal1,104.4090,63.6610,1.199984
FILLER_12_195,VDD,Metal1,101.0490,63.6610,1.199988
FILLER_12_188,VDD,Metal1,97.6890,63.6610,1.199992
FILLER_12_181,VDD,Metal1,94.3290,63.6610,1.199995
FILLER_12_174,VDD,Metal1,90.9690,63.6610,1.199995
FILLER_12_167,VDD,Metal1,87.6090,63.6610,1.199994
FILLER_12_160,VDD,Metal1,84.2490,63.6610,1.199993
FILLER_12_153,VDD,Metal1,80.8890,63.6610,1.199992
FILLER_12_146,VDD,Metal1,77.5290,63.6610,1.199991
FILLER_12_139,VDD,Metal1,74.1690,63.6610,1.199990
FILLER_12_132,VDD,Metal1,70.8090,63.6610,1.199990
FILLER_12_125,VDD,Metal1,67.4490,63.6610,1.199989
FILLER_12_118,VDD,Metal1,64.0890,63.6610,1.199988
FILLER_12_111,VDD,Metal1,60.7290,63.6610,1.199987
FILLER_12_104,VDD,Metal1,57.3690,63.6610,1.199986
FILLER_12_97,VDD,Metal1,54.0090,63.6610,1.199985
FILLER_12_89,VDD,Metal1,48.9600,64.2600,1.199985
FILLER_12_82,VDD,Metal1,46.8090,63.6610,1.199985
FILLER_12_75,VDD,Metal1,43.4490,63.6610,1.199984
FILLER_12_68,VDD,Metal1,40.0890,63.6610,1.199984
FILLER_12_60,VDD,Metal1,35.5310,63.6630,1.199982
FILLER_12_53,VDD,Metal1,32.8890,63.6610,1.199982
FILLER_12_46,VDD,Metal1,29.5290,63.6610,1.199982
FILLER_12_29,VDD,Metal1,19.9200,64.2600,1.199994
FILLER_12_12,VDD,Metal1,11.7600,64.2600,1.199965
FILLER_12_10,VDD,Metal1,11.0400,64.2600,1.199961
FILLER_12_0,VDD,Metal1,6.0000,64.2600,1.199950
FILLER_11_338,VDD,Metal1,168.4800,56.7000,1.199978
FILLER_11_312,VDD,Metal1,156.0000,56.7000,1.199843
FILLER_11_291,VDD,Metal1,145.9200,56.7000,1.199851
FILLER_11_287,VDD,Metal1,144.4910,57.2960,1.199854
FILLER_11_281,VDD,Metal1,141.1200,56.7000,1.199857
FILLER_11_274,VDD,Metal1,138.9690,57.2980,1.199860
FILLER_11_267,VDD,Metal1,135.6090,57.2980,1.199881
FILLER_11_261,VDD,Metal1,131.2800,56.7000,1.199955
FILLER_11_259,VDD,Metal1,130.5600,56.7000,1.199958
FILLER_11_252,VDD,Metal1,128.4090,57.2980,1.199958
FILLER_11_241,VDD,Metal1,123.1290,57.2980,1.199963
FILLER_11_234,VDD,Metal1,119.7690,57.2980,1.199965
FILLER_11_227,VDD,Metal1,116.4090,57.2980,1.199966
FILLER_11_220,VDD,Metal1,113.0490,57.2980,1.199966
FILLER_11_213,VDD,Metal1,109.6890,57.2980,1.199972
FILLER_11_206,VDD,Metal1,106.3290,57.2980,1.199979
FILLER_11_199,VDD,Metal1,102.9690,57.2980,1.199985
FILLER_11_192,VDD,Metal1,99.6090,57.2980,1.199991
FILLER_11_185,VDD,Metal1,96.2490,57.2980,1.199997
FILLER_11_178,VDD,Metal1,92.8890,57.2980,1.199995
FILLER_11_171,VDD,Metal1,89.5290,57.2980,1.199994
FILLER_11_164,VDD,Metal1,86.1690,57.2980,1.199992
FILLER_11_157,VDD,Metal1,82.8090,57.2980,1.199991
FILLER_11_150,VDD,Metal1,79.4490,57.2980,1.199989
FILLER_11_143,VDD,Metal1,76.0890,57.2980,1.199987
FILLER_11_136,VDD,Metal1,72.7290,57.2980,1.199986
FILLER_11_129,VDD,Metal1,69.3690,57.2980,1.199984
FILLER_11_122,VDD,Metal1,66.0090,57.2980,1.199983
FILLER_11_115,VDD,Metal1,62.6490,57.2980,1.199981
FILLER_11_108,VDD,Metal1,59.2890,57.2980,1.199979
FILLER_11_101,VDD,Metal1,55.9290,57.2980,1.199978
FILLER_11_94,VDD,Metal1,52.5690,57.2980,1.199976
FILLER_11_87,VDD,Metal1,49.2090,57.2980,1.199975
FILLER_11_80,VDD,Metal1,45.8490,57.2980,1.199974
FILLER_11_73,VDD,Metal1,42.4890,57.2980,1.199974
FILLER_11_61,VDD,Metal1,35.2800,56.7000,1.199927
FILLER_11_54,VDD,Metal1,33.3690,57.2980,1.199927
FILLER_11_12,VDD,Metal1,12.0000,56.7000,1.199947
FILLER_10_342,VDD,Metal1,170.4000,56.7000,1.199996
FILLER_10_320,VDD,Metal1,159.8400,56.7000,1.199844
FILLER_10_285,VDD,Metal1,142.8000,56.7000,1.199856
FILLER_10_278,VDD,Metal1,139.4400,56.7000,1.199857
FILLER_10_274,VDD,Metal1,138.2510,56.1030,1.199860
FILLER_10_267,VDD,Metal1,135.6090,56.1010,1.199881
FILLER_10_261,VDD,Metal1,131.5200,56.7000,1.199955
FILLER_10_257,VDD,Metal1,130.0910,56.1030,1.199958
FILLER_10_250,VDD,Metal1,127.4490,56.1010,1.199959
FILLER_10_243,VDD,Metal1,122.6400,56.7000,1.199963
FILLER_10_241,VDD,Metal1,121.9200,56.7000,1.199963
FILLER_10_234,VDD,Metal1,119.7690,56.1010,1.199965
FILLER_10_228,VDD,Metal1,115.4400,56.7000,1.199966
FILLER_10_224,VDD,Metal1,114.2510,56.1030,1.199966
FILLER_10_217,VDD,Metal1,111.6090,56.1010,1.199966
FILLER_10_210,VDD,Metal1,108.2490,56.1010,1.199972
FILLER_10_203,VDD,Metal1,104.8890,56.1010,1.199979
FILLER_10_196,VDD,Metal1,101.5290,56.1010,1.199985
FILLER_10_189,VDD,Metal1,98.1690,56.1010,1.199991
FILLER_10_182,VDD,Metal1,94.8090,56.1010,1.199997
FILLER_10_175,VDD,Metal1,91.4490,56.1010,1.199995
FILLER_10_168,VDD,Metal1,88.0890,56.1010,1.199994
FILLER_10_161,VDD,Metal1,84.7290,56.1010,1.199992
FILLER_10_154,VDD,Metal1,81.3690,56.1010,1.199991
FILLER_10_147,VDD,Metal1,78.0090,56.1010,1.199989
FILLER_10_140,VDD,Metal1,74.6490,56.1010,1.199987
FILLER_10_133,VDD,Metal1,71.2890,56.1010,1.199986
FILLER_10_126,VDD,Metal1,67.9290,56.1010,1.199984
FILLER_10_119,VDD,Metal1,64.5690,56.1010,1.199983
FILLER_10_112,VDD,Metal1,61.2090,56.1010,1.199981
FILLER_10_105,VDD,Metal1,57.8490,56.1010,1.199979
FILLER_10_98,VDD,Metal1,54.4890,56.1010,1.199978
FILLER_10_91,VDD,Metal1,51.1290,56.1010,1.199976
FILLER_10_86,VDD,Metal1,47.2800,56.7000,1.199974
FILLER_10_79,VDD,Metal1,45.3690,56.1010,1.199974
FILLER_10_72,VDD,Metal1,42.0090,56.1010,1.199974
FILLER_10_65,VDD,Metal1,38.6490,56.1010,1.199935
FILLER_10_20,VDD,Metal1,15.6000,56.7000,1.199965
FILLER_10_18,VDD,Metal1,14.8800,56.7000,1.199954
FILLER_10_9,VDD,Metal1,10.3200,56.7000,1.199941
FILLER_9_329,VDD,Metal1,164.1600,49.1400,1.199878
FILLER_9_323,VDD,Metal1,161.2800,49.1400,1.199863
FILLER_9_302,VDD,Metal1,150.9600,49.1400,1.199836
FILLER_9_300,VDD,Metal1,150.2400,49.1400,1.199831
FILLER_9_276,VDD,Metal1,138.4800,49.1400,1.199821
FILLER_9_268,VDD,Metal1,134.8800,49.1400,1.199825
FILLER_9_261,VDD,Metal1,131.2800,49.1400,1.199825
FILLER_9_257,VDD,Metal1,129.3600,49.1400,1.199825
FILLER_9_250,VDD,Metal1,127.4490,49.7380,1.199825
FILLER_9_245,VDD,Metal1,123.8400,49.1400,1.199830
FILLER_9_233,VDD,Metal1,119.2890,49.7380,1.199838
FILLER_9_219,VDD,Metal1,111.8510,49.7360,1.199926
FILLER_9_212,VDD,Metal1,109.2090,49.7380,1.199927
FILLER_9_205,VDD,Metal1,105.8490,49.7380,1.199928
FILLER_9_198,VDD,Metal1,102.4890,49.7380,1.199930
FILLER_9_191,VDD,Metal1,99.1290,49.7380,1.199931
FILLER_9_184,VDD,Metal1,95.7690,49.7380,1.199988
FILLER_9_177,VDD,Metal1,92.4090,49.7380,1.199992
FILLER_9_170,VDD,Metal1,89.0490,49.7380,1.199984
FILLER_9_163,VDD,Metal1,85.6890,49.7380,1.199977
FILLER_9_156,VDD,Metal1,82.3290,49.7380,1.199970
FILLER_9_149,VDD,Metal1,78.9690,49.7380,1.199963
FILLER_9_142,VDD,Metal1,75.6090,49.7380,1.199955
FILLER_9_135,VDD,Metal1,72.2490,49.7380,1.199955
FILLER_9_128,VDD,Metal1,68.8890,49.7380,1.199955
FILLER_9_121,VDD,Metal1,65.5290,49.7380,1.199948
FILLER_9_114,VDD,Metal1,62.1690,49.7380,1.199942
FILLER_9_107,VDD,Metal1,58.8090,49.7380,1.199940
FILLER_9_100,VDD,Metal1,55.4490,49.7380,1.199933
FILLER_9_93,VDD,Metal1,52.0890,49.7380,1.199875
FILLER_9_86,VDD,Metal1,48.7290,49.7380,1.199869
FILLER_9_79,VDD,Metal1,45.3690,49.7380,1.199863
FILLER_9_72,VDD,Metal1,42.0090,49.7380,1.199861
FILLER_9_58,VDD,Metal1,33.8400,49.1400,1.199865
FILLER_9_4,VDD,Metal1,8.1600,49.1400,1.199864
FILLER_8_335,VDD,Metal1,166.8000,49.1400,1.199906
FILLER_8_333,VDD,Metal1,166.0800,49.1400,1.199906
FILLER_8_304,VDD,Metal1,151.9200,49.1400,1.199836
FILLER_8_267,VDD,Metal1,134.1600,49.1400,1.199825
FILLER_8_260,VDD,Metal1,132.2490,48.5410,1.199825
FILLER_8_253,VDD,Metal1,127.4400,49.1400,1.199825
FILLER_8_251,VDD,Metal1,126.7200,49.1400,1.199825
FILLER_8_241,VDD,Metal1,121.9200,49.1400,1.199830
FILLER_8_235,VDD,Metal1,119.0400,49.1400,1.199838
FILLER_8_231,VDD,Metal1,117.6110,48.5430,1.199838
FILLER_8_224,VDD,Metal1,114.9690,48.5410,1.199844
FILLER_8_217,VDD,Metal1,111.6090,48.5410,1.199926
FILLER_8_210,VDD,Metal1,108.2490,48.5410,1.199928
FILLER_8_203,VDD,Metal1,104.8890,48.5410,1.199929
FILLER_8_196,VDD,Metal1,101.5290,48.5410,1.199931
FILLER_8_191,VDD,Metal1,97.6800,49.1400,1.199931
FILLER_8_187,VDD,Metal1,96.4910,48.5430,1.199988
FILLER_8_180,VDD,Metal1,93.8490,48.5410,1.199992
FILLER_8_173,VDD,Metal1,90.4890,48.5410,1.199984
FILLER_8_166,VDD,Metal1,87.1290,48.5410,1.199977
FILLER_8_159,VDD,Metal1,83.7690,48.5410,1.199970
FILLER_8_152,VDD,Metal1,80.4090,48.5410,1.199963
FILLER_8_145,VDD,Metal1,77.0490,48.5410,1.199955
FILLER_8_132,VDD,Metal1,69.6000,49.1400,1.199955
FILLER_8_125,VDD,Metal1,67.4490,48.5410,1.199955
FILLER_8_118,VDD,Metal1,64.0890,48.5410,1.199948
FILLER_8_112,VDD,Metal1,60.0000,49.1400,1.199940
FILLER_8_108,VDD,Metal1,58.5710,48.5430,1.199940
FILLER_8_82,VDD,Metal1,46.8090,48.5410,1.199863
FILLER_8_26,VDD,Metal1,18.4800,49.1400,1.199969
FILLER_8_4,VDD,Metal1,8.1600,49.1400,1.199864
FILLER_7_339,VDD,Metal1,168.7200,41.5800,1.199958
FILLER_7_337,VDD,Metal1,168.0000,41.5800,1.199958
FILLER_7_328,VDD,Metal1,163.4400,41.5800,1.199905
FILLER_7_314,VDD,Metal1,156.9600,41.5800,1.199858
FILLER_7_309,VDD,Metal1,154.3200,41.5800,1.199832
FILLER_7_307,VDD,Metal1,153.6000,41.5800,1.199832
FILLER_7_290,VDD,Metal1,145.2000,41.5800,1.199812
FILLER_7_271,VDD,Metal1,136.0800,41.5800,1.199817
FILLER_7_269,VDD,Metal1,135.3600,41.5800,1.199817
FILLER_7_252,VDD,Metal1,128.4090,42.1780,1.199830
FILLER_7_245,VDD,Metal1,125.0490,42.1780,1.199833
FILLER_7_228,VDD,Metal1,115.6800,41.5800,1.199892
FILLER_7_221,VDD,Metal1,113.5290,42.1780,1.199894
FILLER_7_214,VDD,Metal1,110.1690,42.1780,1.199895
FILLER_7_207,VDD,Metal1,106.8090,42.1780,1.199896
FILLER_7_200,VDD,Metal1,103.4490,42.1780,1.199897
FILLER_7_177,VDD,Metal1,92.4090,42.1780,1.199988
FILLER_7_170,VDD,Metal1,89.0490,42.1780,1.199929
FILLER_7_163,VDD,Metal1,85.6890,42.1780,1.199923
FILLER_7_156,VDD,Metal1,82.3290,42.1780,1.199922
FILLER_7_149,VDD,Metal1,78.9690,42.1780,1.199922
FILLER_7_139,VDD,Metal1,73.4510,42.1760,1.199871
FILLER_7_132,VDD,Metal1,70.8090,42.1780,1.199870
FILLER_7_125,VDD,Metal1,67.4490,42.1780,1.199870
FILLER_7_108,VDD,Metal1,57.8400,41.5800,1.199855
FILLER_7_106,VDD,Metal1,57.1200,41.5800,1.199855
FILLER_7_99,VDD,Metal1,54.9690,42.1780,1.199854
FILLER_7_89,VDD,Metal1,49.4510,42.1760,1.199843
FILLER_7_65,VDD,Metal1,37.4400,41.5800,1.199844
FILLER_7_28,VDD,Metal1,19.4400,41.5800,1.199989
FILLER_7_14,VDD,Metal1,12.9600,41.5800,1.199928
FILLER_7_4,VDD,Metal1,8.1600,41.5800,1.199912
FILLER_6_342,VDD,Metal1,170.4000,41.5800,1.199992
FILLER_6_332,VDD,Metal1,165.6000,41.5800,1.199932
FILLER_6_326,VDD,Metal1,162.7200,41.5800,1.199905
FILLER_6_317,VDD,Metal1,158.1600,41.5800,1.199859
FILLER_6_296,VDD,Metal1,148.0800,41.5800,1.199817
FILLER_6_275,VDD,Metal1,138.0000,41.5800,1.199814
FILLER_6_273,VDD,Metal1,137.2800,41.5800,1.199815
FILLER_6_251,VDD,Metal1,126.4800,41.5800,1.199833
FILLER_6_244,VDD,Metal1,124.5690,40.9810,1.199833
FILLER_6_237,VDD,Metal1,119.7600,41.5800,1.199867
FILLER_6_230,VDD,Metal1,117.8490,40.9810,1.199867
FILLER_6_223,VDD,Metal1,114.4890,40.9810,1.199892
FILLER_6_205,VDD,Metal1,104.4000,41.5800,1.199897
FILLER_6_203,VDD,Metal1,103.6800,41.5800,1.199897
FILLER_6_177,VDD,Metal1,92.4090,40.9810,1.199988
FILLER_6_164,VDD,Metal1,84.9600,41.5800,1.199923
FILLER_6_160,VDD,Metal1,83.5310,40.9830,1.199922
FILLER_6_142,VDD,Metal1,75.6090,40.9810,1.199871
FILLER_6_130,VDD,Metal1,68.4000,41.5800,1.199870
FILLER_6_128,VDD,Metal1,67.6800,41.5800,1.199870
FILLER_6_111,VDD,Metal1,60.7290,40.9810,1.199861
FILLER_6_104,VDD,Metal1,57.3690,40.9810,1.199855
FILLER_6_97,VDD,Metal1,54.0090,40.9810,1.199853
FILLER_6_66,VDD,Metal1,37.9200,41.5800,1.199844
FILLER_6_40,VDD,Metal1,25.4400,41.5800,1.199919
FILLER_6_10,VDD,Metal1,11.0400,41.5800,1.199923
FILLER_6_0,VDD,Metal1,6.2400,41.5800,1.199911
FILLER_5_334,VDD,Metal1,166.5600,34.0200,1.199903
FILLER_5_324,VDD,Metal1,161.7600,34.0200,1.199852
FILLER_5_319,VDD,Metal1,159.1200,34.0200,1.199840
FILLER_5_310,VDD,Metal1,154.8000,34.0200,1.199809
FILLER_5_308,VDD,Metal1,154.0800,34.0200,1.199801
FILLER_5_295,VDD,Metal1,147.6000,34.0200,1.199762
FILLER_5_262,VDD,Metal1,131.7600,34.0200,1.199730
FILLER_5_260,VDD,Metal1,131.0400,34.0200,1.199730
FILLER_5_242,VDD,Metal1,122.4000,34.0200,1.199848
FILLER_5_235,VDD,Metal1,120.2490,34.6180,1.199848
FILLER_5_228,VDD,Metal1,116.8890,34.6180,1.199939
FILLER_5_223,VDD,Metal1,113.0400,34.0200,1.199942
FILLER_5_221,VDD,Metal1,112.3200,34.0200,1.199947
FILLER_5_206,VDD,Metal1,106.3290,34.6180,1.199964
FILLER_5_199,VDD,Metal1,102.9690,34.6180,1.199981
FILLER_5_187,VDD,Metal1,96.0000,34.0200,1.199992
FILLER_5_183,VDD,Metal1,94.5710,34.6160,1.199993
FILLER_5_176,VDD,Metal1,91.9290,34.6180,1.199991
FILLER_5_168,VDD,Metal1,86.8800,34.0200,1.199677
FILLER_5_161,VDD,Metal1,84.7290,34.6180,1.199676
FILLER_5_154,VDD,Metal1,81.3690,34.6180,1.199674
FILLER_5_147,VDD,Metal1,78.0090,34.6180,1.199673
FILLER_5_140,VDD,Metal1,74.6490,34.6180,1.199671
FILLER_5_133,VDD,Metal1,71.2890,34.6180,1.199671
FILLER_5_126,VDD,Metal1,67.9290,34.6180,1.199641
FILLER_5_120,VDD,Metal1,63.6000,34.0200,1.199628
FILLER_5_116,VDD,Metal1,62.4110,34.6160,1.199625
FILLER_5_100,VDD,Metal1,54.0000,34.0200,1.199607
FILLER_5_98,VDD,Metal1,53.2800,34.0200,1.199603
FILLER_5_13,VDD,Metal1,12.2400,34.0200,1.199950
FILLER_5_8,VDD,Metal1,9.8400,34.0200,1.199936
FILLER_4_330,VDD,Metal1,164.4000,34.0200,1.199877
FILLER_4_328,VDD,Metal1,163.6800,34.0200,1.199877
FILLER_4_323,VDD,Metal1,161.0400,34.0200,1.199852
FILLER_4_321,VDD,Metal1,160.3200,34.0200,1.199851
FILLER_4_312,VDD,Metal1,155.7600,34.0200,1.199809
FILLER_4_290,VDD,Metal1,145.2000,34.0200,1.199762
FILLER_4_248,VDD,Metal1,125.0400,34.0200,1.199844
FILLER_4_232,VDD,Metal1,117.6000,34.0200,1.199939
FILLER_4_216,VDD,Metal1,109.6800,34.0200,1.199950
FILLER_4_214,VDD,Metal1,108.9600,34.0200,1.199951
FILLER_4_207,VDD,Metal1,105.6000,34.0200,1.199964
FILLER_4_177,VDD,Metal1,92.4090,33.4210,1.199993
FILLER_4_170,VDD,Metal1,89.0490,33.4210,1.199991
FILLER_4_163,VDD,Metal1,85.6890,33.4210,1.199677
FILLER_4_156,VDD,Metal1,82.3290,33.4210,1.199675
FILLER_4_149,VDD,Metal1,77.5200,34.0200,1.199672
FILLER_4_142,VDD,Metal1,75.6090,33.4210,1.199672
FILLER_4_137,VDD,Metal1,72.0000,34.0200,1.199671
FILLER_4_133,VDD,Metal1,70.5710,33.4230,1.199671
FILLER_4_126,VDD,Metal1,67.9290,33.4210,1.199641
FILLER_4_114,VDD,Metal1,60.9600,34.0200,1.199622
FILLER_4_110,VDD,Metal1,59.5310,33.4230,1.199618
FILLER_4_85,VDD,Metal1,46.8000,34.0200,1.199592
FILLER_4_83,VDD,Metal1,46.0800,34.0200,1.199592
FILLER_4_62,VDD,Metal1,35.7600,34.0200,1.199672
FILLER_4_49,VDD,Metal1,29.5200,34.0200,1.199826
FILLER_4_47,VDD,Metal1,28.8000,34.0200,1.199828
FILLER_4_29,VDD,Metal1,20.1600,34.0200,1.199979
FILLER_4_20,VDD,Metal1,15.6000,34.0200,1.199956
FILLER_4_10,VDD,Metal1,10.8000,34.0200,1.199936
FILLER_4_8,VDD,Metal1,10.0800,34.0200,1.199936
FILLER_3_327,VDD,Metal1,162.9600,26.4600,1.199787
FILLER_3_325,VDD,Metal1,162.2400,26.4600,1.199787
FILLER_3_320,VDD,Metal1,159.6000,26.4600,1.199759
FILLER_3_318,VDD,Metal1,158.8800,26.4600,1.199733
FILLER_3_289,VDD,Metal1,144.9600,26.4600,1.199456
FILLER_3_267,VDD,Metal1,134.4000,26.4600,1.199482
FILLER_3_241,VDD,Metal1,121.9200,26.4600,1.199583
FILLER_3_224,VDD,Metal1,113.7600,26.4600,1.199769
FILLER_3_220,VDD,Metal1,112.3310,27.0560,1.199820
FILLER_3_215,VDD,Metal1,109.2000,26.4600,1.199885
FILLER_3_213,VDD,Metal1,108.4800,26.4600,1.199885
FILLER_3_203,VDD,Metal1,104.8890,27.0580,1.199946
FILLER_3_196,VDD,Metal1,101.5290,27.0580,1.199957
FILLER_3_189,VDD,Metal1,98.1690,27.0580,1.199968
FILLER_3_177,VDD,Metal1,91.2000,26.4600,1.199936
FILLER_3_154,VDD,Metal1,79.9200,26.4600,1.199845
FILLER_3_150,VDD,Metal1,78.7310,27.0560,1.199825
FILLER_3_126,VDD,Metal1,67.2110,27.0560,1.199516
FILLER_3_119,VDD,Metal1,64.5690,27.0580,1.199508
FILLER_3_97,VDD,Metal1,52.8000,26.4600,1.199508
FILLER_3_92,VDD,Metal1,50.1600,26.4600,1.199534
FILLER_3_90,VDD,Metal1,49.4400,26.4600,1.199535
FILLER_3_77,VDD,Metal1,42.9600,26.4600,1.199586
FILLER_3_71,VDD,Metal1,40.3200,26.4600,1.199650
FILLER_3_53,VDD,Metal1,31.6800,26.4600,1.199752
FILLER_3_36,VDD,Metal1,23.2800,26.4600,1.199924
FILLER_3_14,VDD,Metal1,12.9600,26.4600,1.199960
FILLER_3_9,VDD,Metal1,10.3200,26.4600,1.199943
FILLER_2_330,VDD,Metal1,164.4000,26.4600,1.199827
FILLER_2_273,VDD,Metal1,137.0400,26.4600,1.199460
FILLER_2_215,VDD,Metal1,109.4400,26.4600,1.199885
FILLER_2_193,VDD,Metal1,98.8800,26.4600,1.199968
FILLER_2_186,VDD,Metal1,96.7290,25.8610,1.199968
FILLER_2_179,VDD,Metal1,93.3690,25.8610,1.199977
FILLER_2_171,VDD,Metal1,88.8110,25.8630,1.199930
FILLER_2_167,VDD,Metal1,86.1600,26.4600,1.199917
FILLER_2_101,VDD,Metal1,54.7200,26.4600,1.199499
FILLER_2_60,VDD,Metal1,34.8000,26.4600,1.199724
FILLER_2_31,VDD,Metal1,20.8800,26.4600,1.199969
FILLER_2_0,VDD,Metal1,6.0000,26.4600,1.199943
FILLER_1_262,VDD,Metal1,131.7600,18.9000,1.199571
FILLER_1_260,VDD,Metal1,131.0400,18.9000,1.199571
FILLER_1_243,VDD,Metal1,122.6400,18.9000,1.199644
FILLER_1_229,VDD,Metal1,116.1600,18.9000,1.199699
FILLER_1_204,VDD,Metal1,103.9200,18.9000,1.199842
FILLER_1_195,VDD,Metal1,99.6000,18.9000,1.199934
FILLER_1_101,VDD,Metal1,54.7200,18.9000,1.199576
FILLER_1_18,VDD,Metal1,14.8800,18.9000,1.199976
FILLER_0_305,VDD,Metal1,152.4000,18.9000,1.199592
FILLER_0_275,VDD,Metal1,138.0000,18.9000,1.199567
FILLER_0_246,VDD,Metal1,124.3200,18.9000,1.199626
FILLER_0_180,VDD,Metal1,92.4000,18.9000,1.199920
FILLER_0_178,VDD,Metal1,91.6800,18.9000,1.199920
FILLER_0_148,VDD,Metal1,77.0400,18.9000,1.199763
FILLER_0_102,VDD,Metal1,54.9600,18.9000,1.199576
FILLER_0_47,VDD,Metal1,28.5600,18.9000,1.199823
FILLER_0_45,VDD,Metal1,27.8400,18.9000,1.199824
FILLER_0_0,VDD,Metal1,6.2400,18.9000,1.199955
hold854,VDD,Metal1,168.7630,33.7040,1.199924
hold853,VDD,Metal1,168.7630,49.4550,1.199924
hold852,VDD,Metal1,8.8360,177.3440,1.199983
hold851,VDD,Metal1,125.9560,177.3440,1.199921
hold850,VDD,Metal1,164.4430,170.4150,1.199816
hold849,VDD,Metal1,168.7630,177.3440,1.199996
hold848,VDD,Metal1,20.8360,18.5840,1.199964
hold847,VDD,Metal1,12.1960,19.2150,1.199958
hold846,VDD,Metal1,168.7630,170.4150,1.199984
hold845,VDD,Metal1,46.2760,18.5840,1.199578
hold844,VDD,Metal1,168.7630,132.6150,1.199994
hold843,VDD,Metal1,134.2030,19.2150,1.199569
hold842,VDD,Metal1,159.1630,18.5840,1.199623
hold841,VDD,Metal1,25.1560,18.5840,1.199843
hold840,VDD,Metal1,7.8760,26.7750,1.199943
hold839,VDD,Metal1,43.4830,177.3440,1.199907
hold838,VDD,Metal1,105.7960,177.3440,1.199960
hold837,VDD,Metal1,8.3560,26.1440,1.199943
hold836,VDD,Metal1,168.7630,155.2950,1.199892
hold835,VDD,Metal1,52.1230,19.2150,1.199576
hold834,VDD,Metal1,139.0030,177.3440,1.199921
hold833,VDD,Metal1,8.3560,63.9440,1.199950
hold832,VDD,Metal1,129.8830,170.4150,1.199428
hold831,VDD,Metal1,13.1560,33.7040,1.199950
hold830,VDD,Metal1,127.0030,18.5840,1.199580
hold829,VDD,Metal1,16.5160,18.5840,1.199983
hold828,VDD,Metal1,168.7630,147.1040,1.199928
hold827,VDD,Metal1,134.6830,177.3440,1.199919
hold826,VDD,Metal1,7.8760,19.2150,1.199955
hold825,VDD,Metal1,135.6430,18.5840,1.199569
hold824,VDD,Metal1,60.2830,177.3440,1.199896
hold823,VDD,Metal1,14.1160,162.8550,1.199935
hold822,VDD,Metal1,50.6830,177.3440,1.199898
hold821,VDD,Metal1,168.7630,169.7840,1.199984
hold820,VDD,Metal1,113.9560,177.3440,1.199939
hold819,VDD,Metal1,168.7630,139.5440,1.199993
hold818,VDD,Metal1,140.3560,18.5840,1.199556
hold817,VDD,Metal1,131.2360,18.5840,1.199571
hold816,VDD,Metal1,168.7630,162.2240,1.199843
hold815,VDD,Metal1,7.8760,170.4150,1.199922
hold814,VDD,Metal1,130.2760,177.3440,1.199920
hold813,VDD,Metal1,74.6830,18.5840,1.199762
hold812,VDD,Metal1,32.9230,177.3440,1.199927
hold811,VDD,Metal1,61.6360,170.4150,1.199520
hold810,VDD,Metal1,154.8430,18.5840,1.199608
hold809,VDD,Metal1,71.7160,177.3440,1.199906
hold808,VDD,Metal1,164.4430,140.1750,1.199932
hold807,VDD,Metal1,121.6360,177.3440,1.199925
hold806,VDD,Metal1,168.7630,140.1750,1.199993
hold805,VDD,Metal1,52.5160,18.5840,1.199576
hold804,VDD,Metal1,85.7230,177.3440,1.199952
hold803,VDD,Metal1,163.4830,177.3440,1.199982
hold802,VDD,Metal1,159.6430,170.4150,1.199681
hold801,VDD,Metal1,101.4760,177.3440,1.199970
hold800,VDD,Metal1,18.4360,26.1440,1.199980
hold799,VDD,Metal1,94.8430,18.5840,1.199974
hold798,VDD,Metal1,7.8760,56.3840,1.199940
hold797,VDD,Metal1,8.3560,162.8550,1.199924
hold796,VDD,Metal1,64.5160,177.3440,1.199897
hold795,VDD,Metal1,9.7960,162.2240,1.199924
hold794,VDD,Metal1,54.9160,177.3440,1.199896
hold793,VDD,Metal1,88.9960,18.5840,1.199911
hold792,VDD,Metal1,39.0760,177.3440,1.199913
hold791,VDD,Metal1,97.2430,177.3440,1.199980
hold790,VDD,Metal1,168.7630,26.1440,1.199884
hold789,VDD,Metal1,168.7630,117.4950,1.199997
hold788,VDD,Metal1,168.7630,116.8640,1.199997
fanout787,VDD,Metal1,147.8100,26.2920,1.199469
fanout786,VDD,Metal1,162.2700,33.8520,1.199868
fanout785,VDD,Metal1,158.9100,162.3720,1.199570
fanout784,VDD,Metal1,158.9100,155.1470,1.199756
fanout783,VDD,Metal1,165.0900,102.2270,1.199978
fanout782,VDD,Metal1,152.6700,34.1870,1.199800
fanout781,VDD,Metal1,154.5300,33.8520,1.199808
fanout780,VDD,Metal1,143.9700,33.8520,1.199753
fanout779,VDD,Metal1,102.2700,26.2920,1.199956
fanout778,VDD,Metal1,24.4500,101.8920,1.199994
fanout777,VDD,Metal1,11.5500,87.1070,1.199962
fanout776,VDD,Metal1,12.0300,117.0120,1.199984
fanout775,VDD,Metal1,30.7500,117.3470,1.199993
fanout774,VDD,Metal1,10.1100,101.8920,1.199985
fanout773,VDD,Metal1,11.5500,94.6670,1.199964
fanout772,VDD,Metal1,145.8900,71.6520,1.199936
fanout771,VDD,Metal1,150.2100,102.2270,1.199931
fanout770,VDD,Metal1,152.1900,132.4670,1.199925
fanout769,VDD,Metal1,147.3900,109.4520,1.199936
fanout768,VDD,Metal1,95.0700,41.7470,1.199980
fanout767,VDD,Metal1,147.8700,71.6520,1.199937
fanout766,VDD,Metal1,150.6900,48.9720,1.199836
fanout765,VDD,Metal1,139.2300,109.4520,1.199945
fanout764,VDD,Metal1,133.9500,132.4670,1.199979
fanout763,VDD,Metal1,143.0100,102.2270,1.199920
fanout762,VDD,Metal1,96.9900,41.7470,1.199942
fanout761,VDD,Metal1,130.5300,79.2120,1.199997
fanout760,VDD,Metal1,152.1900,41.7470,1.199827
fanout759,VDD,Metal1,27.3300,87.1070,1.199986
fanout758,VDD,Metal1,25.4100,87.1070,1.199986
fanout757,VDD,Metal1,144.0300,71.6520,1.199936
fanout756,VDD,Metal1,148.2900,102.2270,1.199923
fanout755,VDD,Metal1,150.2700,132.4670,1.199924
fanout754,VDD,Metal1,146.4300,102.2270,1.199923
fanout753,VDD,Metal1,98.9100,41.7470,1.199939
fanout752,VDD,Metal1,140.1300,71.6520,1.199936
fanout751,VDD,Metal1,142.0500,71.6520,1.199936
fanout750,VDD,Metal1,141.1500,102.2270,1.199920
fanout749,VDD,Metal1,140.1300,132.4670,1.199925
fanout748,VDD,Metal1,137.2500,109.4520,1.199945
fanout747,VDD,Metal1,100.8300,41.7470,1.199937
fanout746,VDD,Metal1,138.2100,71.6520,1.199937
fanout745,VDD,Metal1,39.3300,109.4520,1.199992
fanout744,VDD,Metal1,120.5100,162.3720,1.198836
fanout743,VDD,Metal1,126.6900,101.8920,1.199960
fanout742,VDD,Metal1,62.4300,33.8520,1.199625
fanout741,VDD,Metal1,114.2100,34.1870,1.199942
fanout740,VDD,Metal1,146.8500,41.4120,1.199816
fanout739,VDD,Metal1,116.1900,33.8520,1.199939
fanout738,VDD,Metal1,136.2900,102.2270,1.199922
fanout737,VDD,Metal1,142.0500,132.4670,1.199923
fanout736,VDD,Metal1,140.6700,101.8920,1.199920
fanout735,VDD,Metal1,120.4500,48.9720,1.199837
fanout734,VDD,Metal1,98.9100,48.9720,1.199931
fanout733,VDD,Metal1,122.4300,41.7470,1.199867
fanout732,VDD,Metal1,32.1300,139.6920,1.199942
fanout731,VDD,Metal1,131.0100,101.8920,1.199946
fanout730,VDD,Metal1,143.0100,140.0270,1.199862
fanout729,VDD,Metal1,132.9300,101.8920,1.199932
fanout728,VDD,Metal1,129.6300,34.1870,1.199800
fanout727,VDD,Metal1,127.6500,34.1870,1.199800
fanout726,VDD,Metal1,104.1900,33.8520,1.199981
fanout725,VDD,Metal1,46.5900,109.4520,1.199992
fanout724,VDD,Metal1,93.5700,162.3720,1.199956
fanout723,VDD,Metal1,128.1300,140.0270,1.199924
fanout722,VDD,Metal1,127.1700,109.4520,1.199986
fanout721,VDD,Metal1,126.6900,102.2270,1.199960
fanout720,VDD,Metal1,43.7100,109.7870,1.199992
fanout719,VDD,Metal1,102.2100,41.4120,1.199897
fanout718,VDD,Metal1,135.3300,94.3320,1.199989
fanout717,VDD,Metal1,132.4500,71.6520,1.199973
fanout716,VDD,Metal1,95.0100,41.4120,1.199980
fanout715,VDD,Metal1,61.4100,48.9720,1.199942
fanout714,VDD,Metal1,63.3300,41.4120,1.199865
fanout713,VDD,Metal1,62.8500,41.7470,1.199864
fanout712,VDD,Metal1,132.0300,109.4520,1.199962
fanout711,VDD,Metal1,126.6900,162.3720,1.198803
fanout710,VDD,Metal1,131.0700,102.2270,1.199946
fanout709,VDD,Metal1,126.6900,71.9870,1.199994
fanout708,VDD,Metal1,126.6900,71.6520,1.199994
fanout707,VDD,Metal1,95.5500,26.6270,1.199968
fanout706,VDD,Metal1,54.6900,48.9720,1.199933
fanout705,VDD,Metal1,45.1500,101.8920,1.199994
fanout704,VDD,Metal1,144.9300,139.6920,1.199861
fanout703,VDD,Metal1,142.5300,101.8920,1.199920
fanout702,VDD,Metal1,56.6100,48.9720,1.199933
fanout701,VDD,Metal1,100.2900,34.1870,1.199983
fanout700,VDD,Metal1,110.9100,34.1870,1.199947
fanout699,VDD,Metal1,133.9500,109.4520,1.199962
fanout698,VDD,Metal1,130.0500,147.2520,1.199874
fanout697,VDD,Metal1,132.9900,102.2270,1.199932
fanout696,VDD,Metal1,96.9900,33.8520,1.199985
fanout695,VDD,Metal1,110.4300,26.6270,1.199839
output694,VDD,Metal1,53.7300,169.9320,1.199532
output693,VDD,Metal1,43.1700,170.2670,1.199590
output692,VDD,Metal1,47.4900,169.9320,1.199558
output691,VDD,Metal1,31.6500,170.2670,1.199716
output690,VDD,Metal1,18.2100,170.2670,1.199972
output689,VDD,Metal1,137.2500,48.9720,1.199821
output688,VDD,Metal1,148.2900,154.8120,1.199681
output687,VDD,Metal1,36.0300,162.7070,1.199721
output686,VDD,Metal1,22.0500,170.2670,1.199897
output685,VDD,Metal1,125.7300,34.1870,1.199839
output684,VDD,Metal1,138.6900,162.7070,1.198810
output683,VDD,Metal1,85.9500,169.9320,1.199882
output682,VDD,Metal1,31.7100,155.1470,1.199820
output681,VDD,Metal1,147.3300,155.1470,1.199674
output680,VDD,Metal1,81.1500,169.9320,1.199817
output679,VDD,Metal1,20.1300,170.2670,1.199942
output678,VDD,Metal1,155.4900,26.6270,1.199664
output677,VDD,Metal1,140.6100,162.7070,1.198816
output676,VDD,Metal1,69.5700,170.2670,1.199553
output675,VDD,Metal1,153.5700,26.6270,1.199589
output674,VDD,Metal1,159.3300,139.6920,1.199908
output673,VDD,Metal1,107.5500,18.7320,1.199785
output672,VDD,Metal1,27.3900,48.9720,1.199894
output671,VDD,Metal1,25.9500,155.1470,1.199842
output670,VDD,Metal1,17.3100,34.1870,1.199967
output669,VDD,Metal1,6.7500,33.8520,1.199931
output668,VDD,Metal1,24.5100,41.7470,1.199920
output667,VDD,Metal1,123.3900,170.2670,1.199432
output666,VDD,Metal1,158.8500,124.9070,1.199932
output665,VDD,Metal1,149.7900,169.9320,1.199547
output664,VDD,Metal1,132.4500,162.3720,1.198794
output663,VDD,Metal1,162.6900,132.4670,1.199966
output662,VDD,Metal1,11.5500,169.9320,1.199930
output661,VDD,Metal1,98.4300,169.9320,1.199876
output660,VDD,Metal1,151.2300,162.7070,1.199334
output659,VDD,Metal1,15.3900,48.9720,1.199933
output658,VDD,Metal1,153.6300,26.2920,1.199589
output657,VDD,Metal1,27.3900,147.2520,1.199954
output656,VDD,Metal1,136.2900,147.5870,1.199828
output655,VDD,Metal1,168.0300,19.0670,1.199835
output654,VDD,Metal1,161.2500,155.1470,1.199789
output653,VDD,Metal1,163.1700,169.9320,1.199724
output652,VDD,Metal1,150.2700,170.2670,1.199551
output651,VDD,Metal1,50.8500,170.2670,1.199541
output650,VDD,Metal1,156.4500,132.4670,1.199933
output649,VDD,Metal1,24.5100,56.5320,1.199945
output648,VDD,Metal1,26.9100,132.4670,1.199989
output647,VDD,Metal1,167.0100,109.4520,1.199968
output646,VDD,Metal1,124.3500,162.7070,1.198812
output645,VDD,Metal1,161.2500,139.6920,1.199917
output644,VDD,Metal1,159.3300,140.0270,1.199908
output643,VDD,Metal1,135.8700,162.7070,1.198798
output642,VDD,Metal1,8.6700,33.8520,1.199935
output641,VDD,Metal1,28.3500,56.5320,1.199931
output640,VDD,Metal1,140.6700,170.2670,1.199461
output639,VDD,Metal1,41.7900,162.7070,1.199655
output638,VDD,Metal1,92.6100,19.0670,1.199954
output637,VDD,Metal1,34.5900,41.4120,1.199850
output636,VDD,Metal1,30.2700,162.7070,1.199790
output635,VDD,Metal1,15.3900,34.1870,1.199955
output634,VDD,Metal1,21.1500,34.1870,1.199943
output633,VDD,Metal1,71.4900,19.0670,1.199697
output632,VDD,Metal1,133.9500,162.7070,1.198794
output631,VDD,Metal1,155.0100,155.1470,1.199732
output630,VDD,Metal1,138.7500,170.2670,1.199451
output629,VDD,Metal1,155.0700,124.9070,1.199932
output628,VDD,Metal1,163.1700,162.7070,1.199744
output627,VDD,Metal1,43.7100,154.8120,1.199845
output626,VDD,Metal1,149.2500,155.1470,1.199688
output625,VDD,Metal1,104.1900,169.9320,1.199595
output624,VDD,Metal1,38.9100,48.9720,1.199858
output623,VDD,Metal1,148.3500,26.6270,1.199471
output622,VDD,Metal1,24.9900,140.0270,1.199955
output621,VDD,Metal1,142.5900,162.7070,1.198876
output620,VDD,Metal1,141.1500,19.0670,1.199556
output619,VDD,Metal1,30.2100,169.9320,1.199741
output618,VDD,Metal1,155.9700,147.2520,1.199824
output617,VDD,Metal1,130.5300,147.5870,1.199870
output616,VDD,Metal1,59.5500,169.9320,1.199520
output615,VDD,Metal1,143.9700,147.2520,1.199773
output614,VDD,Metal1,28.8300,49.3070,1.199883
output613,VDD,Metal1,15.3900,169.9320,1.199949
output612,VDD,Metal1,163.1700,109.4520,1.199937
output611,VDD,Metal1,136.8300,170.2670,1.199442
output610,VDD,Metal1,129.0900,154.8120,1.199655
output609,VDD,Metal1,131.9700,147.2520,1.199857
output608,VDD,Metal1,88.7700,19.0670,1.199911
output607,VDD,Metal1,141.6300,169.9320,1.199467
output606,VDD,Metal1,16.3500,41.7470,1.199941
output605,VDD,Metal1,142.5900,170.2670,1.199475
output604,VDD,Metal1,34.0500,169.9320,1.199684
output603,VDD,Metal1,107.0700,19.0670,1.199790
output602,VDD,Metal1,40.8300,33.8520,1.199633
output601,VDD,Metal1,48.9300,170.2670,1.199550
output600,VDD,Metal1,40.8300,48.9720,1.199859
output599,VDD,Metal1,18.2700,41.7470,1.199969
output598,VDD,Metal1,30.7500,34.1870,1.199803
output597,VDD,Metal1,36.5100,34.1870,1.199657
output596,VDD,Metal1,121.4700,170.2670,1.199438
output595,VDD,Metal1,165.5700,132.4670,1.199981
output594,VDD,Metal1,127.1700,154.8120,1.199656
output593,VDD,Metal1,169.8900,154.8120,1.199892
output592,VDD,Metal1,19.2300,162.7070,1.199983
output591,VDD,Metal1,96.5100,170.2670,1.199972
output590,VDD,Metal1,108.0300,170.2670,1.199550
output589,VDD,Metal1,19.2300,49.3070,1.199985
output588,VDD,Metal1,139.1700,41.7470,1.199809
output587,VDD,Metal1,23.0700,140.0270,1.199976
output586,VDD,Metal1,23.9700,170.2670,1.199856
output585,VDD,Metal1,111.8700,170.2670,1.199517
output584,VDD,Metal1,143.0700,19.0670,1.199557
output583,VDD,Metal1,163.1700,162.3720,1.199744
output582,VDD,Metal1,153.0900,155.1470,1.199711
output581,VDD,Metal1,32.1300,169.9320,1.199711
output580,VDD,Metal1,151.1700,162.3720,1.199334
output579,VDD,Metal1,83.0700,26.2920,1.199862
output578,VDD,Metal1,21.1500,162.3720,1.199943
output577,VDD,Metal1,46.1100,34.1870,1.199592
output576,VDD,Metal1,77.3100,26.2920,1.199586
output575,VDD,Metal1,146.4300,170.2670,1.199509
output574,VDD,Metal1,161.2500,117.0120,1.199982
output573,VDD,Metal1,146.3700,154.8120,1.199669
output572,VDD,Metal1,160.2900,132.1320,1.199943
output571,VDD,Metal1,34.1100,140.0270,1.199938
output570,VDD,Metal1,104.1900,170.2670,1.199595
output569,VDD,Metal1,135.8100,147.2520,1.199830
output568,VDD,Metal1,100.3500,169.9320,1.199770
output567,VDD,Metal1,17.3100,48.9720,1.199969
output566,VDD,Metal1,157.4700,26.2920,1.199732
output565,VDD,Metal1,45.6300,162.7070,1.199645
output564,VDD,Metal1,111.8700,162.7070,1.198946
output563,VDD,Metal1,139.2300,19.0670,1.199556
output562,VDD,Metal1,139.6500,155.1470,1.199651
output561,VDD,Metal1,134.3700,162.3720,1.198795
output560,VDD,Metal1,37.4100,170.2670,1.199644
output559,VDD,Metal1,150.2100,147.2520,1.199776
output558,VDD,Metal1,126.2700,169.9320,1.199428
output557,VDD,Metal1,42.2700,34.1870,1.199628
output556,VDD,Metal1,17.3100,162.7070,1.199960
output555,VDD,Metal1,169.8900,94.3320,1.199973
output554,VDD,Metal1,126.2700,162.7070,1.198804
output553,VDD,Metal1,161.2500,147.2520,1.199866
output552,VDD,Metal1,143.9700,147.5870,1.199773
output551,VDD,Metal1,155.4900,162.3720,1.199512
output550,VDD,Metal1,21.1500,49.3070,1.199960
output549,VDD,Metal1,130.1100,162.7070,1.198797
output548,VDD,Metal1,29.7300,170.2670,1.199747
output547,VDD,Metal1,48.0300,41.4120,1.199841
output546,VDD,Metal1,140.6100,34.1870,1.199747
output545,VDD,Metal1,157.4100,64.0920,1.199892
output544,VDD,Metal1,142.5300,34.1870,1.199747
output543,VDD,Metal1,157.4100,56.8670,1.199843
output542,VDD,Metal1,12.5100,109.7870,1.199980
output541,VDD,Metal1,13.9500,101.8920,1.199990
output540,VDD,Metal1,18.7500,102.2270,1.199997
output539,VDD,Metal1,6.7500,109.7870,1.199970
output538,VDD,Metal1,26.9100,147.5870,1.199956
output537,VDD,Metal1,6.7500,94.3320,1.199957
output536,VDD,Metal1,13.4700,94.6670,1.199973
output535,VDD,Metal1,8.6700,109.7870,1.199971
output534,VDD,Metal1,162.6900,124.9070,1.199964
output533,VDD,Metal1,56.1900,26.6270,1.199493
output532,VDD,Metal1,6.7500,34.1870,1.199931
output531,VDD,Metal1,160.7700,124.9070,1.199960
output530,VDD,Metal1,56.1300,26.2920,1.199493
output529,VDD,Metal1,8.6700,34.1870,1.199935
output528,VDD,Metal1,125.2500,154.8120,1.199659
output527,VDD,Metal1,47.0100,19.0670,1.199578
output526,VDD,Metal1,15.3900,56.8670,1.199964
output525,VDD,Metal1,58.0500,26.2920,1.199494
output524,VDD,Metal1,6.7500,48.9720,1.199864
output523,VDD,Metal1,169.8900,147.5870,1.199928
output522,VDD,Metal1,149.3100,162.7070,1.198922
output521,VDD,Metal1,65.2500,169.9320,1.199526
output520,VDD,Metal1,15.3300,26.2920,1.199972
output519,VDD,Metal1,126.2700,26.2920,1.199525
output518,VDD,Metal1,45.5700,26.2920,1.199557
output517,VDD,Metal1,17.7900,147.2520,1.199985
output516,VDD,Metal1,37.4700,154.8120,1.199816
output515,VDD,Metal1,28.8300,139.6920,1.199942
output514,VDD,Metal1,34.1100,162.7070,1.199742
output513,VDD,Metal1,20.1900,71.6520,1.199992
output512,VDD,Metal1,15.3900,79.5470,1.199972
output511,VDD,Metal1,16.2900,19.0670,1.199983
output510,VDD,Metal1,26.9100,56.8670,1.199934
output509,VDD,Metal1,23.0700,56.8670,1.199956
output508,VDD,Metal1,16.3500,79.2120,1.199977
output507,VDD,Metal1,13.4700,56.5320,1.199954
output506,VDD,Metal1,18.2700,26.6270,1.199980
output505,VDD,Metal1,39.3900,49.3070,1.199858
output504,VDD,Metal1,18.2700,154.8120,1.199977
output503,VDD,Metal1,13.4700,169.9320,1.199938
output502,VDD,Metal1,19.2300,140.0270,1.199993
output501,VDD,Metal1,32.6700,147.5870,1.199944
output500,VDD,Metal1,141.5700,155.1470,1.199658
output499,VDD,Metal1,6.7500,79.5470,1.199948
output498,VDD,Metal1,17.3100,94.6670,1.199984
output497,VDD,Metal1,29.7900,155.1470,1.199821
output496,VDD,Metal1,15.8700,71.9870,1.199982
output495,VDD,Metal1,138.2100,162.3720,1.198808
output494,VDD,Metal1,73.4100,169.9320,1.199609
output493,VDD,Metal1,151.7100,169.9320,1.199572
output492,VDD,Metal1,29.7300,26.2920,1.199782
output491,VDD,Metal1,154.0500,147.2520,1.199818
output490,VDD,Metal1,112.8300,26.2920,1.199820
output489,VDD,Metal1,110.9100,19.0670,1.199742
output488,VDD,Metal1,143.5500,26.6270,1.199455
output487,VDD,Metal1,147.8100,147.5870,1.199772
output486,VDD,Metal1,45.0900,170.2670,1.199573
output485,VDD,Metal1,35.0700,26.6270,1.199705
output484,VDD,Metal1,129.1500,26.6270,1.199505
output483,VDD,Metal1,36.5100,41.4120,1.199844
output482,VDD,Metal1,8.6700,155.1470,1.199896
output481,VDD,Metal1,8.6700,154.8120,1.199896
output480,VDD,Metal1,19.2300,155.1470,1.199986
output479,VDD,Metal1,22.5900,169.9320,1.199885
output478,VDD,Metal1,143.5500,18.7320,1.199558
output477,VDD,Metal1,11.5500,64.4270,1.199965
output476,VDD,Metal1,36.9900,48.9720,1.199858
output475,VDD,Metal1,17.3100,56.8670,1.199975
output474,VDD,Metal1,32.6700,49.3070,1.199866
output473,VDD,Metal1,34.1100,56.5320,1.199927
output472,VDD,Metal1,14.9100,64.0920,1.199975
output471,VDD,Metal1,17.3100,49.3070,1.199969
output470,VDD,Metal1,11.5500,18.7320,1.199957
output469,VDD,Metal1,38.4300,147.5870,1.199947
output468,VDD,Metal1,50.4300,162.3720,1.199636
output467,VDD,Metal1,157.4100,139.6920,1.199905
output466,VDD,Metal1,36.5100,162.3720,1.199718
output465,VDD,Metal1,43.7100,162.7070,1.199648
output464,VDD,Metal1,18.2700,71.6520,1.199994
output463,VDD,Metal1,6.7500,86.7720,1.199949
output462,VDD,Metal1,14.4300,109.7870,1.199986
output461,VDD,Metal1,13.4700,49.3070,1.199899
output460,VDD,Metal1,152.1300,147.2520,1.199779
output459,VDD,Metal1,70.0500,162.7070,1.199793
output458,VDD,Metal1,144.5100,162.7070,1.198881
output457,VDD,Metal1,42.7500,33.8520,1.199627
output456,VDD,Metal1,63.3300,169.9320,1.199520
output455,VDD,Metal1,149.7300,147.5870,1.199775
output454,VDD,Metal1,120.9900,18.7320,1.199647
output453,VDD,Metal1,120.5100,26.6270,1.199583
output452,VDD,Metal1,154.0500,154.8120,1.199721
output451,VDD,Metal1,69.6300,169.9320,1.199553
output450,VDD,Metal1,24.9300,56.8670,1.199944
output449,VDD,Metal1,116.6700,26.2920,1.199710
output448,VDD,Metal1,38.4300,34.1870,1.199644
output447,VDD,Metal1,10.5900,155.1470,1.199909
output446,VDD,Metal1,35.5500,154.8120,1.199815
output445,VDD,Metal1,67.7100,26.2920,1.199516
output444,VDD,Metal1,6.7500,169.9320,1.199922
output443,VDD,Metal1,24.0300,155.1470,1.199885
output442,VDD,Metal1,6.7500,56.8670,1.199940
output441,VDD,Metal1,17.3100,86.7720,1.199983
output440,VDD,Metal1,11.5500,48.9720,1.199887
output439,VDD,Metal1,18.7500,64.0920,1.199994
output438,VDD,Metal1,19.2300,86.7720,1.199993
output437,VDD,Metal1,21.1500,86.7720,1.199990
output436,VDD,Metal1,21.1500,56.8670,1.199971
output435,VDD,Metal1,24.0300,64.4270,1.199985
output434,VDD,Metal1,120.5100,26.2920,1.199583
output433,VDD,Metal1,20.1900,154.8120,1.199977
output432,VDD,Metal1,23.0700,147.5870,1.199973
output431,VDD,Metal1,6.7500,154.8120,1.199892
output430,VDD,Metal1,38.4300,162.3720,1.199701
output429,VDD,Metal1,19.2300,94.6670,1.199995
output428,VDD,Metal1,15.3900,94.3320,1.199977
output427,VDD,Metal1,8.6700,124.5720,1.199983
output426,VDD,Metal1,6.7500,79.2120,1.199948
output425,VDD,Metal1,36.5100,147.5870,1.199945
output424,VDD,Metal1,6.7500,155.1470,1.199892
output423,VDD,Metal1,17.3100,155.1470,1.199969
output422,VDD,Metal1,12.5100,170.2670,1.199934
output421,VDD,Metal1,16.3500,71.6520,1.199984
output420,VDD,Metal1,13.4700,56.8670,1.199954
output419,VDD,Metal1,19.2300,34.1870,1.199982
output418,VDD,Metal1,8.6700,56.8670,1.199940
output417,VDD,Metal1,145.8900,147.5870,1.199772
output416,VDD,Metal1,11.5500,26.2920,1.199949
output415,VDD,Metal1,14.4300,71.6520,1.199977
output414,VDD,Metal1,6.7500,64.4270,1.199950
output413,VDD,Metal1,6.7500,41.7470,1.199911
output412,VDD,Metal1,16.3500,154.8120,1.199963
output411,VDD,Metal1,8.6700,169.9320,1.199922
output410,VDD,Metal1,15.8700,147.2520,1.199979
output409,VDD,Metal1,49.4700,162.7070,1.199636
output408,VDD,Metal1,11.5500,86.7720,1.199962
output407,VDD,Metal1,15.3900,94.6670,1.199977
output406,VDD,Metal1,61.4100,169.9320,1.199520
output405,VDD,Metal1,10.5900,109.7870,1.199974
output404,VDD,Metal1,19.7100,87.1070,1.199992
output403,VDD,Metal1,145.4100,155.1470,1.199664
output402,VDD,Metal1,65.7300,170.2670,1.199527
output401,VDD,Metal1,109.9500,170.2670,1.199532
output400,VDD,Metal1,26.4300,56.5320,1.199936
output399,VDD,Metal1,136.2900,162.3720,1.198799
output398,VDD,Metal1,116.6700,26.6270,1.199710
output397,VDD,Metal1,124.3500,26.2920,1.199542
output396,VDD,Metal1,157.4100,147.5870,1.199834
output395,VDD,Metal1,25.4700,48.9720,1.199912
output394,VDD,Metal1,162.2700,19.0670,1.199697
output393,VDD,Metal1,169.8900,19.0670,1.199935
output392,VDD,Metal1,162.2100,41.7470,1.199903
output391,VDD,Metal1,169.8900,26.6270,1.199884
output390,VDD,Metal1,48.0300,26.6270,1.199542
output389,VDD,Metal1,132.9900,170.2670,1.199431
output388,VDD,Metal1,105.6300,18.7320,1.199813
output387,VDD,Metal1,28.3500,41.7470,1.199886
output386,VDD,Metal1,125.3100,170.2670,1.199428
output385,VDD,Metal1,100.3500,26.2920,1.199955
output384,VDD,Metal1,23.0700,34.1870,1.199910
output383,VDD,Metal1,121.4700,162.7070,1.198830
output382,VDD,Metal1,86.8500,19.0670,1.199897
output381,VDD,Metal1,117.6300,169.9320,1.199473
output380,VDD,Metal1,94.5900,19.0670,1.199974
output379,VDD,Metal1,28.3500,26.6270,1.199804
output378,VDD,Metal1,28.8300,162.3720,1.199811
output377,VDD,Metal1,142.1100,147.5870,1.199779
output376,VDD,Metal1,148.7700,34.1870,1.199766
output375,VDD,Metal1,127.1700,26.6270,1.199519
output374,VDD,Metal1,55.7100,33.8520,1.199611
output373,VDD,Metal1,158.8500,48.9720,1.199855
output372,VDD,Metal1,167.9700,18.7320,1.199835
output371,VDD,Metal1,164.1300,26.6270,1.199825
output370,VDD,Metal1,118.5300,26.6270,1.199660
output369,VDD,Metal1,34.5900,34.1870,1.199703
output368,VDD,Metal1,33.5700,18.7320,1.199705
output367,VDD,Metal1,39.3300,170.2670,1.199624
output366,VDD,Metal1,26.9100,49.3070,1.199897
output365,VDD,Metal1,51.3900,26.6270,1.199520
output364,VDD,Metal1,29.3100,48.9720,1.199881
output363,VDD,Metal1,28.8300,34.1870,1.199828
output362,VDD,Metal1,48.9300,19.0670,1.199576
output361,VDD,Metal1,65.7300,19.0670,1.199650
output360,VDD,Metal1,159.3300,79.2120,1.199956
output359,VDD,Metal1,159.3300,64.4270,1.199905
output358,VDD,Metal1,157.4100,64.4270,1.199892
output357,VDD,Metal1,169.8900,34.1870,1.199924
output356,VDD,Metal1,132.9900,26.6270,1.199486
output355,VDD,Metal1,144.0300,26.2920,1.199455
output354,VDD,Metal1,149.7300,64.0920,1.199884
output353,VDD,Metal1,104.1900,26.2920,1.199946
output352,VDD,Metal1,164.1900,18.7320,1.199729
output351,VDD,Metal1,71.5500,169.9320,1.199593
output350,VDD,Metal1,39.8700,162.7070,1.199662
output349,VDD,Metal1,77.2500,170.2670,1.199663
output348,VDD,Metal1,33.6300,155.1470,1.199818
output347,VDD,Metal1,144.9900,19.0670,1.199561
output346,VDD,Metal1,34.1100,41.7470,1.199851
output345,VDD,Metal1,38.9100,26.6270,1.199660
output344,VDD,Metal1,28.3500,162.7070,1.199817
output343,VDD,Metal1,169.8900,86.7720,1.199995
output342,VDD,Metal1,152.1900,170.2670,1.199578
output341,VDD,Metal1,146.3700,26.6270,1.199462
output340,VDD,Metal1,134.8500,34.1870,1.199717
output339,VDD,Metal1,45.6300,41.7470,1.199839
output338,VDD,Metal1,167.9700,26.6270,1.199884
output337,VDD,Metal1,155.9700,34.1870,1.199817
output336,VDD,Metal1,158.3700,41.7470,1.199868
output335,VDD,Metal1,163.1700,34.1870,1.199876
output334,VDD,Metal1,21.1500,162.7070,1.199943
output333,VDD,Metal1,32.6700,34.1870,1.199769
output332,VDD,Metal1,33.5700,19.0670,1.199705
output331,VDD,Metal1,33.1500,48.9720,1.199865
output330,VDD,Metal1,37.4100,19.0670,1.199665
output329,VDD,Metal1,81.1500,26.2920,1.199856
output328,VDD,Metal1,27.3900,33.8520,1.199847
output327,VDD,Metal1,37.8900,26.2920,1.199672
output326,VDD,Metal1,63.8100,19.0670,1.199638
output325,VDD,Metal1,136.7700,34.1870,1.199716
output324,VDD,Metal1,159.3300,71.6520,1.199943
output323,VDD,Metal1,159.3300,94.6670,1.199902
output322,VDD,Metal1,155.4900,64.4270,1.199886
output321,VDD,Metal1,162.6900,49.3070,1.199877
output320,VDD,Metal1,141.6300,26.6270,1.199453
output319,VDD,Metal1,153.0900,41.4120,1.199832
output318,VDD,Metal1,108.0300,26.2920,1.199888
output317,VDD,Metal1,148.8300,19.0670,1.199577
output316,VDD,Metal1,45.1500,155.1470,1.199850
output315,VDD,Metal1,45.5700,169.9320,1.199570
output314,VDD,Metal1,68.6100,177.4920,1.199901
output313,VDD,Metal1,57.5700,169.9320,1.199522
output312,VDD,Metal1,148.3500,170.2670,1.199529
output311,VDD,Metal1,146.9100,19.0670,1.199568
output310,VDD,Metal1,24.0300,41.4120,1.199923
output309,VDD,Metal1,28.8300,147.5870,1.199949
output308,VDD,Metal1,169.8900,79.5470,1.199981
output307,VDD,Metal1,113.7900,162.7070,1.198938
output306,VDD,Metal1,149.2500,41.4120,1.199821
output305,VDD,Metal1,139.1700,41.4120,1.199809
output304,VDD,Metal1,23.9700,26.2920,1.199884
output303,VDD,Metal1,160.2900,41.7470,1.199884
output302,VDD,Metal1,129.5700,41.4120,1.199829
output301,VDD,Metal1,153.0900,48.9720,1.199844
output300,VDD,Metal1,166.0500,26.6270,1.199855
output299,VDD,Metal1,147.3300,56.8670,1.199847
output298,VDD,Metal1,44.1900,34.1870,1.199591
output297,VDD,Metal1,35.4900,19.0670,1.199688
output296,VDD,Metal1,36.0300,41.7470,1.199845
output295,VDD,Metal1,39.3300,19.0670,1.199633
output294,VDD,Metal1,40.3500,34.1870,1.199634
output293,VDD,Metal1,26.9100,34.1870,1.199852
output292,VDD,Metal1,56.1300,19.0670,1.199581
output291,VDD,Metal1,69.6300,26.2920,1.199529
output290,VDD,Metal1,146.8500,48.9720,1.199820
output289,VDD,Metal1,164.1300,71.9870,1.199960
output288,VDD,Metal1,163.1700,64.4270,1.199945
output287,VDD,Metal1,163.1700,56.8670,1.199879
output286,VDD,Metal1,161.2500,56.8670,1.199852
output285,VDD,Metal1,139.7100,26.6270,1.199453
output284,VDD,Metal1,156.9300,33.8520,1.199823
output283,VDD,Metal1,108.9900,19.0670,1.199765
output282,VDD,Metal1,149.7900,26.2920,1.199506
output281,VDD,Metal1,162.6900,48.9720,1.199877
output280,VDD,Metal1,123.8100,34.1870,1.199845
output279,VDD,Metal1,159.3300,41.4120,1.199876
output278,VDD,Metal1,155.4900,64.0920,1.199886
output277,VDD,Metal1,24.9900,34.1870,1.199880
output276,VDD,Metal1,43.6500,26.2920,1.199571
output275,VDD,Metal1,31.2300,48.9720,1.199872
output274,VDD,Metal1,54.2700,26.6270,1.199499
output273,VDD,Metal1,16.2900,170.2670,1.199955
output272,VDD,Metal1,75.3300,19.0670,1.199762
output271,VDD,Metal1,30.2700,26.6270,1.199774
output270,VDD,Metal1,29.7300,19.0670,1.199799
output269,VDD,Metal1,22.0500,26.2920,1.199925
output268,VDD,Metal1,152.1300,49.3070,1.199840
output267,VDD,Metal1,161.2500,71.6520,1.199948
output266,VDD,Metal1,144.9300,41.4120,1.199812
output265,VDD,Metal1,167.9700,34.1870,1.199924
output264,VDD,Metal1,126.2100,33.8520,1.199838
output263,VDD,Metal1,164.1300,19.0670,1.199729
output262,VDD,Metal1,33.5700,170.2670,1.199689
output261,VDD,Metal1,127.7100,19.0670,1.199580
output260,VDD,Metal1,135.8700,26.6270,1.199470
output259,VDD,Metal1,37.9500,162.7070,1.199704
output258,VDD,Metal1,27.8100,170.2670,1.199781
output257,VDD,Metal1,75.3300,169.9320,1.199627
output256,VDD,Metal1,47.0100,170.2670,1.199560
output255,VDD,Metal1,137.7900,26.6270,1.199455
output254,VDD,Metal1,30.2700,41.7470,1.199872
output253,VDD,Metal1,23.0700,162.7070,1.199907
output252,VDD,Metal1,145.4100,140.0270,1.199860
output251,VDD,Metal1,25.8900,26.2920,1.199847
output250,VDD,Metal1,6.7500,132.4670,1.199919
output249,VDD,Metal1,110.9100,169.9320,1.199524
output248,VDD,Metal1,165.0900,109.7870,1.199944
output247,VDD,Metal1,167.9700,94.6670,1.199957
output246,VDD,Metal1,161.2500,79.2120,1.199962
output245,VDD,Metal1,90.6900,19.0670,1.199918
output244,VDD,Metal1,24.9900,49.3070,1.199916
output243,VDD,Metal1,6.7500,101.8920,1.199983
output242,VDD,Metal1,143.4900,155.1470,1.199656
output241,VDD,Metal1,156.9300,124.9070,1.199932
output240,VDD,Metal1,118.5900,26.2920,1.199660
output239,VDD,Metal1,163.1700,109.7870,1.199937
output238,VDD,Metal1,151.6500,26.6270,1.199529
output237,VDD,Metal1,6.7500,49.3070,1.199864
output236,VDD,Metal1,169.8900,87.1070,1.199995
output235,VDD,Metal1,158.3700,86.7720,1.199980
output234,VDD,Metal1,143.0100,41.4120,1.199809
output233,VDD,Metal1,161.2500,140.0270,1.199917
output232,VDD,Metal1,161.2500,162.7070,1.199636
output231,VDD,Metal1,161.2500,94.6670,1.199911
output230,VDD,Metal1,132.0300,162.7070,1.198794
output229,VDD,Metal1,167.9700,86.7720,1.199987
output228,VDD,Metal1,24.4500,169.9320,1.199848
output227,VDD,Metal1,153.1500,162.3720,1.199426
output226,VDD,Metal1,159.3300,56.8670,1.199844
output225,VDD,Metal1,17.3100,94.3320,1.199984
output224,VDD,Metal1,86.8500,170.2670,1.199894
output223,VDD,Metal1,106.1100,26.2920,1.199945
output222,VDD,Metal1,112.8300,19.0670,1.199721
output221,VDD,Metal1,164.1300,86.7720,1.199982
output220,VDD,Metal1,61.8900,19.0670,1.199627
output219,VDD,Metal1,12.5100,132.1320,1.199953
output218,VDD,Metal1,159.3300,154.8120,1.199759
output217,VDD,Metal1,14.4300,79.2120,1.199967
output216,VDD,Metal1,36.9900,26.6270,1.199681
output215,VDD,Metal1,27.8700,155.1470,1.199830
output214,VDD,Metal1,10.5900,132.1320,1.199932
output213,VDD,Metal1,15.3900,140.0270,1.199948
output212,VDD,Metal1,16.3500,124.5720,1.199994
output211,VDD,Metal1,17.3100,140.0270,1.199969
output210,VDD,Metal1,157.4100,162.7070,1.199544
input209,VDD,Metal1,41.3100,170.2670,1.199605
input208,VDD,Metal1,14.3700,170.2670,1.199943
input207,VDD,Metal1,32.1300,162.7070,1.199767
input206,VDD,Metal1,18.6900,132.4670,1.199994
input205,VDD,Metal1,119.5500,170.2670,1.199446
input204,VDD,Metal1,154.1100,170.2670,1.199611
input203,VDD,Metal1,112.8300,169.9320,1.199511
input202,VDD,Metal1,108.9900,169.9320,1.199541
input201,VDD,Metal1,165.1500,117.3470,1.199992
input200,VDD,Metal1,163.1700,94.6670,1.199930
input199,VDD,Metal1,161.3100,117.3470,1.199982
input198,VDD,Metal1,168.0300,79.5470,1.199972
input197,VDD,Metal1,169.9500,162.7070,1.199843
input196,VDD,Metal1,160.8300,101.8920,1.199943
input195,VDD,Metal1,169.9500,101.8920,1.199996
input194,VDD,Metal1,159.8700,102.2270,1.199940
input193,VDD,Metal1,141.0900,41.4120,1.199808
input192,VDD,Metal1,128.1900,26.2920,1.199511
input191,VDD,Metal1,15.3300,64.4270,1.199977
input190,VDD,Metal1,163.2300,56.5320,1.199879
input189,VDD,Metal1,62.8500,162.7070,1.199650
input188,VDD,Metal1,169.9500,94.6670,1.199973
input187,VDD,Metal1,131.9700,26.2920,1.199491
input186,VDD,Metal1,162.7500,101.8920,1.199969
input185,VDD,Metal1,163.2300,79.2120,1.199963
input184,VDD,Metal1,163.2300,71.6520,1.199957
input183,VDD,Metal1,155.5500,139.6920,1.199903
input182,VDD,Metal1,90.7500,26.2920,1.199935
input181,VDD,Metal1,137.7300,155.1470,1.199651
input180,VDD,Metal1,159.3900,117.3470,1.199982
input179,VDD,Metal1,144.5100,170.2670,1.199491
input178,VDD,Metal1,159.3900,94.3320,1.199902
input177,VDD,Metal1,52.7700,170.2670,1.199535
input176,VDD,Metal1,151.1700,155.1470,1.199695
input175,VDD,Metal1,30.6900,56.8670,1.199928
input174,VDD,Metal1,79.1700,19.0670,1.199800
input173,VDD,Metal1,84.9300,19.0670,1.199871
input172,VDD,Metal1,130.1100,26.2920,1.199500
input171,VDD,Metal1,77.2500,19.0670,1.199778
input170,VDD,Metal1,169.9500,79.2120,1.199981
input169,VDD,Metal1,39.3300,18.7320,1.199633
input168,VDD,Metal1,14.3700,132.4670,1.199977
input167,VDD,Metal1,130.1100,169.9320,1.199428
input166,VDD,Metal1,8.6100,71.6520,1.199968
input165,VDD,Metal1,31.6500,19.0670,1.199762
input164,VDD,Metal1,168.0300,48.9720,1.199924
input163,VDD,Metal1,81.1500,19.0670,1.199825
input162,VDD,Metal1,67.6500,19.0670,1.199665
input161,VDD,Metal1,23.9700,154.8120,1.199885
input160,VDD,Metal1,6.6900,94.6670,1.199957
input159,VDD,Metal1,84.9300,170.2670,1.199867
input158,VDD,Metal1,164.1900,132.1320,1.199974
input157,VDD,Metal1,114.7500,19.0670,1.199703
input156,VDD,Metal1,9.5700,18.7320,1.199956
input155,VDD,Metal1,148.7700,48.9720,1.199821
input154,VDD,Metal1,77.3100,169.9320,1.199663
input153,VDD,Metal1,133.8900,147.2520,1.199843
input152,VDD,Metal1,160.3500,71.9870,1.199946
input151,VDD,Metal1,169.9500,71.6520,1.199995
input150,VDD,Metal1,169.9500,64.4270,1.199994
input149,VDD,Metal1,90.6900,170.2670,1.199954
input148,VDD,Metal1,146.4300,41.7470,1.199816
input147,VDD,Metal1,163.2300,124.5720,1.199966
input146,VDD,Metal1,161.3100,124.5720,1.199961
input145,VDD,Metal1,144.9300,48.9720,1.199818
input144,VDD,Metal1,128.6100,147.5870,1.199959
input143,VDD,Metal1,157.9500,102.2270,1.199939
input142,VDD,Metal1,8.6100,147.5870,1.199967
input141,VDD,Metal1,102.2700,169.9320,1.199673
input140,VDD,Metal1,6.6900,87.1070,1.199949
input139,VDD,Metal1,82.5300,177.4920,1.199943
input138,VDD,Metal1,163.2300,117.0120,1.199989
input137,VDD,Metal1,98.3700,19.0670,1.199936
input136,VDD,Metal1,122.4300,26.2920,1.199561
input135,VDD,Metal1,152.6700,56.5320,1.199843
input134,VDD,Metal1,75.3900,26.2920,1.199581
input133,VDD,Metal1,24.9300,147.5870,1.199964
input132,VDD,Metal1,165.1500,147.5870,1.199905
input131,VDD,Metal1,73.4100,19.0670,1.199716
input130,VDD,Metal1,26.3700,41.7470,1.199903
input129,VDD,Metal1,169.9500,56.8670,1.199995
input128,VDD,Metal1,83.0100,19.0670,1.199847
input127,VDD,Metal1,125.3100,26.6270,1.199533
input126,VDD,Metal1,84.9900,26.2920,1.199916
input125,VDD,Metal1,12.9300,102.2270,1.199988
input124,VDD,Metal1,93.5700,170.2670,1.199976
input123,VDD,Metal1,158.4300,132.4670,1.199935
input122,VDD,Metal1,114.7500,26.2920,1.199738
input121,VDD,Metal1,79.2300,26.2920,1.199825
input120,VDD,Metal1,161.3100,64.4270,1.199934
input119,VDD,Metal1,59.0100,162.7070,1.199649
input118,VDD,Metal1,169.9500,102.2270,1.199996
input117,VDD,Metal1,162.2700,71.9870,1.199953
input116,VDD,Metal1,15.3300,86.7720,1.199975
input115,VDD,Metal1,166.1100,86.7720,1.199983
input114,VDD,Metal1,169.9500,64.0920,1.199994
input113,VDD,Metal1,158.4300,71.9870,1.199942
input112,VDD,Metal1,161.3100,162.3720,1.199636
input111,VDD,Metal1,140.1300,147.5870,1.199786
input110,VDD,Metal1,168.0300,79.2120,1.199972
input109,VDD,Metal1,132.5100,147.5870,1.199853
input108,VDD,Metal1,163.2300,94.3320,1.199930
input107,VDD,Metal1,8.6100,132.4670,1.199926
input106,VDD,Metal1,147.3900,162.7070,1.198922
input105,VDD,Metal1,159.3900,64.0920,1.199905
input104,VDD,Metal1,8.6100,79.2120,1.199951
input103,VDD,Metal1,88.8300,170.2670,1.199924
input102,VDD,Metal1,85.8900,18.7320,1.199884
input101,VDD,Metal1,138.7500,34.1870,1.199718
input100,VDD,Metal1,160.3500,86.7720,1.199981
input99,VDD,Metal1,24.4500,26.6270,1.199876
input98,VDD,Metal1,13.4100,117.3470,1.199993
input97,VDD,Metal1,163.2300,155.1470,1.199820
input96,VDD,Metal1,153.5700,139.6920,1.199901
input95,VDD,Metal1,131.0100,26.6270,1.199496
input94,VDD,Metal1,165.1500,94.3320,1.199947
input93,VDD,Metal1,168.0300,71.6520,1.199983
input92,VDD,Metal1,155.0700,48.9720,1.199847
input91,VDD,Metal1,157.9500,147.2520,1.199838
input90,VDD,Metal1,159.3900,162.7070,1.199577
input89,VDD,Metal1,136.2900,154.8120,1.199652
input88,VDD,Metal1,69.5700,19.0670,1.199680
input87,VDD,Metal1,128.1900,169.9320,1.199428
input86,VDD,Metal1,161.3100,94.3320,1.199911
input85,VDD,Metal1,60.9300,162.7070,1.199650
input84,VDD,Metal1,155.0700,162.7070,1.199509
input83,VDD,Metal1,20.6100,101.8920,1.199997
input82,VDD,Metal1,79.1700,169.9320,1.199747
input81,VDD,Metal1,153.6300,64.0920,1.199885
input80,VDD,Metal1,145.9500,26.2920,1.199462
input79,VDD,Metal1,162.2100,86.7720,1.199982
input78,VDD,Metal1,65.7900,26.2920,1.199508
input77,VDD,Metal1,71.5500,26.2920,1.199553
input76,VDD,Metal1,14.3700,124.5720,1.199990
input75,VDD,Metal1,162.2700,132.1320,1.199965
input74,VDD,Metal1,13.4100,48.9720,1.199899
input73,VDD,Metal1,35.9700,26.2920,1.199694
input72,VDD,Metal1,168.9900,71.9870,1.199989
input71,VDD,Metal1,96.5100,19.0670,1.199967
input70,VDD,Metal1,32.1300,41.7470,1.199862
input69,VDD,Metal1,13.4100,109.4520,1.199983
input68,VDD,Metal1,80.6100,177.4920,1.199934
input67,VDD,Metal1,163.2300,147.5870,1.199886
input66,VDD,Metal1,83.0700,169.9320,1.199841
input65,VDD,Metal1,10.5900,124.5720,1.199983
input64,VDD,Metal1,12.5100,124.5720,1.199987
input63,VDD,Metal1,6.6900,117.3470,1.199983
input62,VDD,Metal1,6.6900,147.2520,1.199966
input61,VDD,Metal1,10.5300,132.4670,1.199932
input60,VDD,Metal1,6.6900,139.6920,1.199932
input59,VDD,Metal1,14.3700,132.1320,1.199977
input58,VDD,Metal1,11.5500,124.9070,1.199985
input57,VDD,Metal1,6.6900,140.0270,1.199932
input56,VDD,Metal1,13.8900,117.0120,1.199993
input55,VDD,Metal1,12.4500,132.4670,1.199953
input54,VDD,Metal1,15.3300,139.6920,1.199948
input53,VDD,Metal1,6.6900,132.1320,1.199919
input52,VDD,Metal1,8.6100,132.1320,1.199926
input51,VDD,Metal1,6.6900,147.5870,1.199966
input50,VDD,Metal1,17.2500,139.6920,1.199969
input49,VDD,Metal1,163.2300,117.3470,1.199989
input48,VDD,Metal1,108.9900,177.4920,1.199952
input47,VDD,Metal1,165.1500,109.4520,1.199944
input46,VDD,Metal1,169.9500,124.5720,1.199996
input45,VDD,Metal1,23.0100,139.6920,1.199976
input44,VDD,Metal1,161.3100,56.5320,1.199852
input43,VDD,Metal1,6.6900,124.5720,1.199983
input42,VDD,Metal1,15.8100,117.0120,1.199996
input41,VDD,Metal1,30.6900,147.5870,1.199946
input40,VDD,Metal1,37.4100,155.1470,1.199816
input39,VDD,Metal1,25.4100,147.2520,1.199963
input38,VDD,Metal1,35.5500,155.1470,1.199815
input37,VDD,Metal1,18.2100,79.2120,1.199988
input36,VDD,Metal1,13.4100,79.5470,1.199964
input35,VDD,Metal1,6.6900,71.9870,1.199966
input34,VDD,Metal1,57.6300,33.8520,1.199616
input33,VDD,Metal1,16.7700,64.0920,1.199983
input32,VDD,Metal1,6.6900,71.6520,1.199966
input31,VDD,Metal1,47.5500,41.7470,1.199840
input30,VDD,Metal1,35.0700,48.9720,1.199863
input29,VDD,Metal1,21.0900,140.0270,1.199992
input28,VDD,Metal1,47.5500,162.7070,1.199640
input27,VDD,Metal1,12.4500,147.5870,1.199971
input26,VDD,Metal1,14.3700,154.8120,1.199950
input25,VDD,Metal1,14.8500,102.2270,1.199992
input24,VDD,Metal1,16.7700,102.2270,1.199993
input23,VDD,Metal1,34.5900,147.5870,1.199944
input22,VDD,Metal1,17.7300,87.1070,1.199984
input21,VDD,Metal1,156.9900,48.9720,1.199853
input20,VDD,Metal1,165.6300,26.2920,1.199851
input19,VDD,Metal1,159.3300,26.2920,1.199757
input18,VDD,Metal1,155.0700,41.4120,1.199845
input17,VDD,Metal1,146.4300,33.8520,1.199762
input16,VDD,Metal1,22.0500,26.6270,1.199925
input15,VDD,Metal1,49.4700,26.2920,1.199535
input14,VDD,Metal1,47.5500,26.2920,1.199544
input13,VDD,Metal1,41.7300,26.6270,1.199620
input12,VDD,Metal1,27.8100,26.2920,1.199813
input11,VDD,Metal1,60.0300,19.0670,1.199606
input10,VDD,Metal1,27.8100,19.0670,1.199824
input9,VDD,Metal1,58.0500,19.0670,1.199595
input8,VDD,Metal1,169.9500,48.9720,1.199924
input7,VDD,Metal1,136.7700,33.8520,1.199716
input6,VDD,Metal1,169.9500,41.7470,1.199990
input5,VDD,Metal1,151.2300,41.4120,1.199823
input4,VDD,Metal1,157.4700,26.6270,1.199732
input3,VDD,Metal1,123.3300,26.6270,1.199552
input2,VDD,Metal1,154.5900,56.5320,1.199842
input1,VDD,Metal1,141.1500,41.7470,1.199808
_1180_,VDD,Metal1,156.0300,170.2670,1.199639
_1179_,VDD,Metal1,75.3300,170.2670,1.199627
_1178_,VDD,Metal1,32.6700,162.3720,1.199761
_1177_,VDD,Metal1,145.8900,56.5320,1.199851
_1176_,VDD,Metal1,138.2100,147.5870,1.199823
_1175_,VDD,Metal1,76.8300,177.4920,1.199920
_1174_,VDD,Metal1,30.7500,162.3720,1.199785
_1173_,VDD,Metal1,139.7100,49.3070,1.199821
_1172_,VDD,Metal1,149.7900,140.0270,1.199860
_1171_,VDD,Metal1,74.9100,177.4920,1.199913
_1170_,VDD,Metal1,34.5900,162.3720,1.199738
_1169_,VDD,Metal1,141.6300,49.3070,1.199818
_1168_,VDD,Metal1,151.7100,139.6920,1.199861
_1167_,VDD,Metal1,78.6900,177.4920,1.199927
_1166_,VDD,Metal1,24.4500,162.3720,1.199884
_1165_,VDD,Metal1,137.2500,41.7470,1.199815
_1164_,VDD,Metal1,14.3700,41.7470,1.199933
_1163_,VDD,Metal1,73.4100,26.2920,1.199564
_1162_,VDD,Metal1,131.9700,169.9320,1.199429
_1161_,VDD,Metal1,165.1500,117.0120,1.199992
_1160_,VDD,Metal1,154.1100,169.9320,1.199611
_1159_,VDD,Metal1,164.6700,124.9070,1.199972
_1158_,VDD,Metal1,15.3300,155.1470,1.199956
_1157_,VDD,Metal1,90.2100,177.4920,1.199970
_1156_,VDD,Metal1,98.3700,170.2670,1.199876
_1155_,VDD,Metal1,15.3300,49.3070,1.199933
_1154_,VDD,Metal1,160.3500,19.0670,1.199623
_1153_,VDD,Metal1,20.1300,132.1320,1.199992
_1152_,VDD,Metal1,106.0500,169.9320,1.199574
_1151_,VDD,Metal1,123.8100,19.0670,1.199627
_1150_,VDD,Metal1,161.3100,169.9320,1.199689
_1149_,VDD,Metal1,142.1100,147.2520,1.199779
_1148_,VDD,Metal1,35.9700,177.4920,1.199920
_1147_,VDD,Metal1,140.1300,154.8120,1.199652
_1146_,VDD,Metal1,61.9500,26.6270,1.199505
_1145_,VDD,Metal1,6.6900,162.3720,1.199924
_1144_,VDD,Metal1,167.4900,101.8920,1.199983
_1143_,VDD,Metal1,115.1700,169.9320,1.199496
_1142_,VDD,Metal1,167.0700,147.5870,1.199924
_1141_,VDD,Metal1,167.0700,154.8120,1.199885
_1140_,VDD,Metal1,153.0900,162.7070,1.199426
_1139_,VDD,Metal1,21.6300,48.9720,1.199955
_1138_,VDD,Metal1,134.9100,170.2670,1.199436
_1137_,VDD,Metal1,41.7900,169.9320,1.199602
_1136_,VDD,Metal1,97.8900,18.7320,1.199943
_1135_,VDD,Metal1,44.1900,41.4120,1.199841
_1134_,VDD,Metal1,14.3700,177.4920,1.199988
_1133_,VDD,Metal1,11.4900,26.6270,1.199949
_1132_,VDD,Metal1,11.5500,49.3070,1.199887
_1131_,VDD,Metal1,31.7100,18.7320,1.199762
_1130_,VDD,Metal1,117.5700,170.2670,1.199473
_1129_,VDD,Metal1,167.0700,124.9070,1.199982
_1128_,VDD,Metal1,145.8900,169.9320,1.199504
_1127_,VDD,Metal1,165.1500,162.3720,1.199790
_1126_,VDD,Metal1,19.2300,162.3720,1.199983
_1125_,VDD,Metal1,92.1300,177.4920,1.199981
_1124_,VDD,Metal1,106.0500,170.2670,1.199574
_1123_,VDD,Metal1,9.5700,41.4120,1.199917
_1122_,VDD,Metal1,156.5100,19.0670,1.199611
_1121_,VDD,Metal1,36.9900,147.2520,1.199946
_1120_,VDD,Metal1,153.6300,177.4920,1.199950
_1119_,VDD,Metal1,154.5300,19.0670,1.199608
_1118_,VDD,Metal1,161.7900,154.8120,1.199797
_1117_,VDD,Metal1,165.6300,169.9320,1.199816
_1116_,VDD,Metal1,56.6700,162.7070,1.199643
_1115_,VDD,Metal1,160.3500,132.4670,1.199943
_1114_,VDD,Metal1,30.2700,56.5320,1.199928
_1113_,VDD,Metal1,18.2100,132.1320,1.199993
_1112_,VDD,Metal1,168.9900,109.7870,1.199996
_1111_,VDD,Metal1,124.2900,169.9320,1.199430
_1110_,VDD,Metal1,154.5300,132.4670,1.199925
_1109_,VDD,Metal1,163.7100,147.2520,1.199890
_1108_,VDD,Metal1,135.8700,169.9320,1.199439
_1107_,VDD,Metal1,23.0700,49.3070,1.199937
_1106_,VDD,Metal1,142.1100,177.4920,1.199924
_1105_,VDD,Metal1,39.8100,169.9320,1.199621
_1104_,VDD,Metal1,82.0500,18.7320,1.199835
_1103_,VDD,Metal1,46.1100,41.4120,1.199839
_1102_,VDD,Metal1,16.2900,177.4920,1.199991
_1101_,VDD,Metal1,14.3700,41.4120,1.199933
_1100_,VDD,Metal1,11.0100,34.1870,1.199945
_1099_,VDD,Metal1,65.7300,18.7320,1.199650
_1098_,VDD,Metal1,133.8900,169.9320,1.199433
_1097_,VDD,Metal1,167.0700,124.5720,1.199982
_1096_,VDD,Metal1,143.9700,169.9320,1.199487
_1095_,VDD,Metal1,163.7100,139.6920,1.199932
_1094_,VDD,Metal1,17.2500,162.3720,1.199960
_1093_,VDD,Metal1,94.0500,177.4920,1.199992
_1092_,VDD,Metal1,102.2100,170.2670,1.199673
_1091_,VDD,Metal1,7.6500,41.4120,1.199912
_1090_,VDD,Metal1,162.2700,18.7320,1.199697
_1089_,VDD,Metal1,48.9900,155.1470,1.199858
_1088_,VDD,Metal1,151.7100,177.4920,1.199945
_1087_,VDD,Metal1,125.7300,19.0670,1.199613
_1086_,VDD,Metal1,159.8700,147.5870,1.199855
_1085_,VDD,Metal1,165.1500,162.7070,1.199790
_1084_,VDD,Metal1,54.6900,162.7070,1.199642
_1083_,VDD,Metal1,156.9900,155.1470,1.199737
_1082_,VDD,Metal1,32.1900,56.5320,1.199927
_1081_,VDD,Metal1,12.4500,155.1470,1.199939
_1080_,VDD,Metal1,167.0700,102.2270,1.199982
_1079_,VDD,Metal1,122.3700,169.9320,1.199435
_1078_,VDD,Metal1,167.0700,162.7070,1.199833
_1077_,VDD,Metal1,165.6300,155.1470,1.199860
_1076_,VDD,Metal1,139.6500,169.9320,1.199455
_1075_,VDD,Metal1,23.5500,48.9720,1.199933
_1074_,VDD,Metal1,144.0300,177.4920,1.199927
_1073_,VDD,Metal1,36.0300,169.9320,1.199660
_1072_,VDD,Metal1,101.7300,18.7320,1.199878
_1071_,VDD,Metal1,28.7700,56.8670,1.199930
_1070_,VDD,Metal1,43.6500,169.9320,1.199586
_1069_,VDD,Metal1,13.4100,34.1870,1.199949
_1068_,VDD,Metal1,12.4500,41.4120,1.199928
_1067_,VDD,Metal1,29.7300,18.7320,1.199799
_1066_,VDD,Metal1,113.7300,170.2670,1.199505
_1065_,VDD,Metal1,168.9900,109.4520,1.199996
_1064_,VDD,Metal1,147.8700,169.9320,1.199525
_1063_,VDD,Metal1,168.4500,132.1320,1.199994
_1062_,VDD,Metal1,15.3300,162.3720,1.199935
_1061_,VDD,Metal1,90.6900,169.9320,1.199954
_1060_,VDD,Metal1,100.2900,170.2670,1.199770
_1059_,VDD,Metal1,11.4900,41.7470,1.199926
_1058_,VDD,Metal1,155.5500,26.2920,1.199664
_1057_,VDD,Metal1,45.6300,154.8120,1.199852
_1056_,VDD,Metal1,117.1500,177.4920,1.199933
_1055_,VDD,Metal1,129.5700,19.0670,1.199573
_1054_,VDD,Metal1,163.7100,154.8120,1.199827
_1053_,VDD,Metal1,159.3900,169.9320,1.199681
_1052_,VDD,Metal1,35.5500,170.2670,1.199665
_1051_,VDD,Metal1,157.4700,169.9320,1.199664
_1050_,VDD,Metal1,71.4900,18.7320,1.199697
_1049_,VDD,Metal1,12.9300,162.3720,1.199935
_1048_,VDD,Metal1,167.0700,109.7870,1.199968
_1047_,VDD,Metal1,120.4500,169.9320,1.199442
_1046_,VDD,Metal1,165.6300,147.2520,1.199908
_1045_,VDD,Metal1,165.6300,139.6920,1.199932
_1044_,VDD,Metal1,137.7300,169.9320,1.199446
_1043_,VDD,Metal1,19.6500,48.9720,1.199982
_1042_,VDD,Metal1,128.1300,162.7070,1.198798
_1041_,VDD,Metal1,37.9500,169.9320,1.199639
_1040_,VDD,Metal1,80.1300,18.7320,1.199811
_1039_,VDD,Metal1,42.2700,41.4120,1.199842
_1038_,VDD,Metal1,25.9500,170.2670,1.199815
_1037_,VDD,Metal1,16.2900,26.6270,1.199976
_1036_,VDD,Metal1,49.4100,18.7320,1.199576
_1035_,VDD,Metal1,10.5900,56.8670,1.199945
_1034_,VDD,Metal1,165.1500,124.5720,1.199973
_1033_,VDD,Metal1,41.2500,18.7320,1.199618
_1032_,VDD,Metal1,9.6300,48.9720,1.199873
_1031_,VDD,Metal1,168.9900,124.9070,1.199991
_1030_,VDD,Metal1,43.1700,18.7320,1.199595
_1029_,VDD,Metal1,9.6300,41.7470,1.199917
_1028_,VDD,Metal1,135.8700,155.1470,1.199652
_1027_,VDD,Metal1,58.1100,26.6270,1.199494
_1026_,VDD,Metal1,9.5700,49.3070,1.199873
_1025_,VDD,Metal1,166.5300,132.1320,1.199987
_1024_,VDD,Metal1,23.4900,147.2520,1.199972
_1023_,VDD,Metal1,13.4700,140.0270,1.199942
_1022_,VDD,Metal1,10.5300,154.8120,1.199909
_1021_,VDD,Metal1,26.4300,162.7070,1.199848
_1020_,VDD,Metal1,12.4500,71.6520,1.199973
_1019_,VDD,Metal1,22.1100,64.4270,1.199988
_1018_,VDD,Metal1,20.6700,41.7470,1.199961
_1017_,VDD,Metal1,10.5900,71.6520,1.199970
_1016_,VDD,Metal1,18.7500,56.5320,1.199986
_1015_,VDD,Metal1,11.4900,71.9870,1.199972
_1014_,VDD,Metal1,13.9500,71.9870,1.199977
_1013_,VDD,Metal1,13.4700,64.4270,1.199970
_1012_,VDD,Metal1,19.2300,147.5870,1.199992
_1011_,VDD,Metal1,10.5900,147.5870,1.199969
_1010_,VDD,Metal1,9.5700,140.0270,1.199934
_1009_,VDD,Metal1,46.5300,162.3720,1.199642
_1008_,VDD,Metal1,15.8700,87.1070,1.199977
_1007_,VDD,Metal1,11.9700,101.8920,1.199986
_1006_,VDD,Metal1,11.5500,109.4520,1.199977
_1005_,VDD,Metal1,9.5700,86.7720,1.199958
_1004_,VDD,Metal1,136.2900,140.0270,1.199905
_1003_,VDD,Metal1,72.0300,162.7070,1.199797
_1002_,VDD,Metal1,110.9100,177.4920,1.199945
_1001_,VDD,Metal1,20.1300,26.6270,1.199971
_1000_,VDD,Metal1,151.2300,132.1320,1.199924
_0999_,VDD,Metal1,117.1500,18.7320,1.199680
_0998_,VDD,Metal1,121.4100,19.0670,1.199645
_0997_,VDD,Metal1,153.0900,124.9070,1.199939
_0996_,VDD,Metal1,58.5300,170.2670,1.199521
_0995_,VDD,Metal1,22.1100,19.0670,1.199943
_0994_,VDD,Metal1,122.8500,18.7320,1.199634
_0993_,VDD,Metal1,35.4900,18.7320,1.199688
_0992_,VDD,Metal1,11.4900,140.0270,1.199939
_0991_,VDD,Metal1,43.2300,155.1470,1.199844
_0990_,VDD,Metal1,12.4500,154.8120,1.199939
_0989_,VDD,Metal1,28.2900,169.9320,1.199774
_0988_,VDD,Metal1,9.5700,64.4270,1.199950
_0987_,VDD,Metal1,11.4900,79.5470,1.199958
_0986_,VDD,Metal1,22.5300,41.7470,1.199941
_0985_,VDD,Metal1,22.5300,56.5320,1.199960
_0984_,VDD,Metal1,10.5300,79.2120,1.199956
_0983_,VDD,Metal1,18.2700,64.4270,1.199992
_0982_,VDD,Metal1,16.7700,33.8520,1.199964
_0981_,VDD,Metal1,16.2900,41.4120,1.199941
_0980_,VDD,Metal1,17.2500,147.5870,1.199984
_0979_,VDD,Metal1,22.1100,155.1470,1.199946
_0978_,VDD,Metal1,11.4900,139.6920,1.199939
_0977_,VDD,Metal1,48.5100,162.3720,1.199638
_0976_,VDD,Metal1,13.4700,94.3320,1.199973
_0975_,VDD,Metal1,9.5700,94.6670,1.199960
_0974_,VDD,Metal1,26.3700,169.9320,1.199811
_0973_,VDD,Metal1,12.4500,79.2120,1.199961
_0972_,VDD,Metal1,123.3300,154.8120,1.199821
_0971_,VDD,Metal1,67.6500,170.2670,1.199535
_0970_,VDD,Metal1,157.4700,177.4920,1.199963
_0969_,VDD,Metal1,31.7100,26.2920,1.199752
_0968_,VDD,Metal1,145.4100,132.4670,1.199923
_0967_,VDD,Metal1,113.3100,18.7320,1.199718
_0966_,VDD,Metal1,152.6700,19.0670,1.199601
_0965_,VDD,Metal1,134.3700,147.5870,1.199840
_0964_,VDD,Metal1,47.5500,177.4920,1.199901
_0963_,VDD,Metal1,23.9700,19.0670,1.199843
_0962_,VDD,Metal1,137.3100,19.0670,1.199568
_0961_,VDD,Metal1,63.8700,26.2920,1.199508
_0960_,VDD,Metal1,9.6300,147.2520,1.199968
_0959_,VDD,Metal1,13.4700,139.6920,1.199942
_0958_,VDD,Metal1,26.4300,154.8120,1.199839
_0957_,VDD,Metal1,26.9100,162.3720,1.199841
_0956_,VDD,Metal1,23.0700,71.9870,1.199992
_0955_,VDD,Metal1,21.0900,64.0920,1.199990
_0954_,VDD,Metal1,12.9300,64.0920,1.199969
_0953_,VDD,Metal1,22.0500,41.4120,1.199946
_0952_,VDD,Metal1,20.6100,56.5320,1.199976
_0951_,VDD,Metal1,20.1900,64.4270,1.199991
_0950_,VDD,Metal1,16.7700,56.5320,1.199972
_0949_,VDD,Metal1,20.1900,41.4120,1.199966
_0948_,VDD,Metal1,21.0900,147.5870,1.199987
_0947_,VDD,Metal1,22.0500,154.8120,1.199946
_0946_,VDD,Metal1,13.8900,147.2520,1.199974
_0945_,VDD,Metal1,47.0700,155.1470,1.199858
_0944_,VDD,Metal1,9.5700,79.5470,1.199954
_0943_,VDD,Metal1,9.6300,94.3320,1.199960
_0942_,VDD,Metal1,7.1700,109.4520,1.199970
_0941_,VDD,Metal1,9.5700,71.9870,1.199969
_0940_,VDD,Metal1,151.1700,124.9070,1.199953
_0939_,VDD,Metal1,71.5500,170.2670,1.199593
_0938_,VDD,Metal1,155.5500,177.4920,1.199956
_0937_,VDD,Metal1,26.3700,26.6270,1.199840
_0936_,VDD,Metal1,138.2100,140.0270,1.199879
_0935_,VDD,Metal1,111.3300,18.7320,1.199739
_0934_,VDD,Metal1,119.4900,19.0670,1.199661
_0933_,VDD,Metal1,123.8100,155.1470,1.199819
_0932_,VDD,Metal1,66.6900,162.7070,1.199654
_0931_,VDD,Metal1,25.9500,19.0670,1.199843
_0930_,VDD,Metal1,115.1700,18.7320,1.199701
_0929_,VDD,Metal1,42.7500,48.9720,1.199861
_0928_,VDD,Metal1,12.0300,147.2520,1.199971
_0927_,VDD,Metal1,12.4500,177.4920,1.199986
_0926_,VDD,Metal1,28.8300,154.8120,1.199825
_0925_,VDD,Metal1,20.6100,169.9320,1.199933
_0924_,VDD,Metal1,18.2700,71.9870,1.199994
_0923_,VDD,Metal1,13.4100,86.7720,1.199968
_0922_,VDD,Metal1,11.4900,56.5320,1.199947
_0921_,VDD,Metal1,23.0700,64.0920,1.199987
_0920_,VDD,Metal1,17.2500,79.5470,1.199982
_0919_,VDD,Metal1,19.1700,79.5470,1.199994
_0918_,VDD,Metal1,19.1700,56.8670,1.199988
_0917_,VDD,Metal1,18.2100,41.4120,1.199969
_0916_,VDD,Metal1,14.3700,147.5870,1.199975
_0915_,VDD,Metal1,18.6900,169.9320,1.199975
_0914_,VDD,Metal1,9.6300,139.6920,1.199934
_0913_,VDD,Metal1,35.0100,147.2520,1.199944
_0912_,VDD,Metal1,9.5700,87.1070,1.199958
_0911_,VDD,Metal1,11.4900,94.3320,1.199964
_0910_,VDD,Metal1,7.6500,117.0120,1.199983
_0909_,VDD,Metal1,13.9500,87.1070,1.199970
_0908_,VDD,Metal1,157.4700,117.3470,1.199982
_0907_,VDD,Metal1,54.6900,170.2670,1.199530
_0906_,VDD,Metal1,159.3900,177.4920,1.199970
_0905_,VDD,Metal1,33.6300,26.2920,1.199725
_0904_,VDD,Metal1,124.7700,162.3720,1.198811
_0903_,VDD,Metal1,109.4100,18.7320,1.199762
_0902_,VDD,Metal1,117.5700,19.0670,1.199678
_0901_,VDD,Metal1,130.5300,155.1470,1.199652
_0900_,VDD,Metal1,56.6100,170.2670,1.199525
_0899_,VDD,Metal1,58.0500,18.7320,1.199595
_0898_,VDD,Metal1,119.0100,18.7320,1.199664
_0897_,VDD,Metal1,36.0300,56.5320,1.199935
_0896_,VDD,Metal1,116.1300,162.7070,1.198869
_0895_,VDD,Metal1,83.9700,18.7320,1.199859
_0894_,VDD,Metal1,53.7900,33.8520,1.199607
_0893_,VDD,Metal1,118.5300,162.3720,1.198851
_0892_,VDD,Metal1,99.8100,18.7320,1.199910
_0891_,VDD,Metal1,14.3700,26.6270,1.199968
_0890_,VDD,Metal1,118.0500,162.7070,1.198854
_0889_,VDD,Metal1,103.7100,18.7320,1.199844
_0888_,VDD,Metal1,51.8700,33.8520,1.199603
_0887_,VDD,Metal1,122.4300,162.3720,1.198824
_0886_,VDD,Metal1,78.2100,18.7320,1.199789
_0885_,VDD,Metal1,26.8500,64.0920,1.199981
_0884_,VDD,Metal1,166.5900,41.7470,1.199953
_0883_,VDD,Metal1,169.9500,18.7320,1.199935
_0882_,VDD,Metal1,165.1500,34.1870,1.199898
_0881_,VDD,Metal1,155.5500,41.7470,1.199848
_0880_,VDD,Metal1,23.4900,33.8520,1.199907
_0879_,VDD,Metal1,46.1100,26.6270,1.199553
_0878_,VDD,Metal1,33.1500,26.6270,1.199731
_0877_,VDD,Metal1,51.3300,26.2920,1.199520
_0876_,VDD,Metal1,67.6500,18.7320,1.199665
_0875_,VDD,Metal1,26.8500,41.4120,1.199899
_0874_,VDD,Metal1,41.7900,26.2920,1.199620
_0873_,VDD,Metal1,61.9500,26.2920,1.199505
_0872_,VDD,Metal1,161.3100,26.2920,1.199785
_0871_,VDD,Metal1,167.0700,64.4270,1.199972
_0870_,VDD,Metal1,165.1500,56.8670,1.199915
_0869_,VDD,Metal1,165.0900,56.5320,1.199915
_0868_,VDD,Metal1,151.7100,26.2920,1.199529
_0867_,VDD,Metal1,166.1100,19.0670,1.199795
_0866_,VDD,Metal1,110.8500,26.2920,1.199834
_0865_,VDD,Metal1,135.8100,26.2920,1.199470
_0864_,VDD,Metal1,22.0500,177.4920,1.199974
_0863_,VDD,Metal1,25.8900,177.4920,1.199954
_0862_,VDD,Metal1,73.4100,170.2670,1.199609
_0861_,VDD,Metal1,55.7100,169.9320,1.199527
_0860_,VDD,Metal1,151.2300,18.7320,1.199591
_0859_,VDD,Metal1,30.7500,49.3070,1.199873
_0858_,VDD,Metal1,41.7900,154.8120,1.199827
_0857_,VDD,Metal1,138.2100,154.8120,1.199651
_0856_,VDD,Metal1,149.7900,177.4920,1.199940
_0855_,VDD,Metal1,131.4900,41.4120,1.199819
_0854_,VDD,Metal1,151.7100,64.0920,1.199884
_0853_,VDD,Metal1,13.4100,18.7320,1.199958
_0852_,VDD,Metal1,167.0700,41.4120,1.199957
_0851_,VDD,Metal1,160.7700,26.6270,1.199778
_0850_,VDD,Metal1,165.6300,33.8520,1.199902
_0849_,VDD,Metal1,161.3100,41.4120,1.199895
_0848_,VDD,Metal1,25.4100,33.8520,1.199876
_0847_,VDD,Metal1,53.3100,26.2920,1.199502
_0846_,VDD,Metal1,30.7500,33.8520,1.199803
_0845_,VDD,Metal1,43.1700,19.0670,1.199595
_0844_,VDD,Metal1,36.9900,33.8520,1.199654
_0843_,VDD,Metal1,30.7500,41.4120,1.199870
_0842_,VDD,Metal1,60.0300,26.2920,1.199501
_0841_,VDD,Metal1,63.8100,18.7320,1.199638
_0840_,VDD,Metal1,165.1500,79.2120,1.199967
_0839_,VDD,Metal1,165.1500,64.4270,1.199958
_0838_,VDD,Metal1,167.0700,56.8670,1.199954
_0837_,VDD,Metal1,167.0100,56.5320,1.199954
_0836_,VDD,Metal1,140.1300,26.2920,1.199453
_0835_,VDD,Metal1,163.2300,26.2920,1.199814
_0834_,VDD,Metal1,100.7700,19.0670,1.199894
_0833_,VDD,Metal1,150.6900,19.0670,1.199588
_0832_,VDD,Metal1,64.7700,162.7070,1.199652
_0831_,VDD,Metal1,23.9700,177.4920,1.199964
_0830_,VDD,Metal1,79.2300,170.2670,1.199747
_0829_,VDD,Metal1,49.4700,169.9320,1.199547
_0828_,VDD,Metal1,145.4700,18.7320,1.199563
_0827_,VDD,Metal1,13.4100,26.2920,1.199965
_0826_,VDD,Metal1,18.6900,124.9070,1.199997
_0825_,VDD,Metal1,167.0100,94.3320,1.199954
_0824_,VDD,Metal1,147.8100,177.4920,1.199935
_0823_,VDD,Metal1,145.4100,49.3070,1.199818
_0822_,VDD,Metal1,135.3900,48.9720,1.199821
_0821_,VDD,Metal1,20.1300,19.0670,1.199964
_0820_,VDD,Metal1,164.6100,48.9720,1.199895
_0819_,VDD,Metal1,158.9100,33.8520,1.199839
_0818_,VDD,Metal1,164.1900,41.4120,1.199926
_0817_,VDD,Metal1,160.7700,48.9720,1.199863
_0816_,VDD,Metal1,18.6900,33.8520,1.199978
_0815_,VDD,Metal1,44.1900,26.6270,1.199567
_0814_,VDD,Metal1,32.6100,33.8520,1.199769
_0813_,VDD,Metal1,37.4700,18.7320,1.199665
_0812_,VDD,Metal1,69.5700,18.7320,1.199680
_0811_,VDD,Metal1,32.6700,41.4120,1.199859
_0810_,VDD,Metal1,39.8700,26.2920,1.199651
_0809_,VDD,Metal1,59.9700,18.7320,1.199606
_0808_,VDD,Metal1,166.1100,18.7320,1.199795
_0807_,VDD,Metal1,167.0700,64.0920,1.199972
_0806_,VDD,Metal1,163.7100,64.0920,1.199948
_0805_,VDD,Metal1,165.6300,49.3070,1.199905
_0804_,VDD,Metal1,142.1100,26.2920,1.199453
_0803_,VDD,Metal1,160.3500,34.1870,1.199851
_0802_,VDD,Metal1,105.0900,19.0670,1.199822
_0801_,VDD,Metal1,133.8900,26.2920,1.199483
_0800_,VDD,Metal1,18.2100,177.4920,1.199995
_0799_,VDD,Metal1,29.7300,177.4920,1.199936
_0798_,VDD,Metal1,81.6300,170.2670,1.199822
_0797_,VDD,Metal1,67.2300,169.9320,1.199534
_0796_,VDD,Metal1,147.3900,18.7320,1.199570
_0795_,VDD,Metal1,24.9900,64.0920,1.199985
_0794_,VDD,Metal1,24.9300,139.6920,1.199955
_0793_,VDD,Metal1,167.9700,87.1070,1.199987
_0792_,VDD,Metal1,115.7100,170.2670,1.199493
_0791_,VDD,Metal1,132.9300,34.1870,1.199719
_0790_,VDD,Metal1,127.6500,41.4120,1.199830
_0789_,VDD,Metal1,7.6500,18.7320,1.199955
_0788_,VDD,Metal1,164.6700,41.7470,1.199930
_0787_,VDD,Metal1,157.9500,34.1870,1.199831
_0786_,VDD,Metal1,168.9900,41.4120,1.199980
_0785_,VDD,Metal1,156.9900,41.4120,1.199858
_0784_,VDD,Metal1,21.5700,33.8520,1.199939
_0783_,VDD,Metal1,41.3100,19.0670,1.199618
_0782_,VDD,Metal1,34.5300,33.8520,1.199703
_0781_,VDD,Metal1,45.1500,19.0670,1.199578
_0780_,VDD,Metal1,38.8500,33.8520,1.199643
_0779_,VDD,Metal1,28.8300,41.4120,1.199883
_0778_,VDD,Metal1,56.1900,18.7320,1.199581
_0777_,VDD,Metal1,61.8900,18.7320,1.199627
_0776_,VDD,Metal1,167.0700,71.9870,1.199978
_0775_,VDD,Metal1,165.1500,71.6520,1.199966
_0774_,VDD,Metal1,168.9900,56.5320,1.199989
_0773_,VDD,Metal1,161.3100,64.0920,1.199934
_0772_,VDD,Metal1,138.2100,26.2920,1.199455
_0771_,VDD,Metal1,143.4900,49.3070,1.199818
_0770_,VDD,Metal1,102.6900,19.0670,1.199862
_0769_,VDD,Metal1,158.4300,19.0670,1.199623
_0768_,VDD,Metal1,20.1900,177.4920,1.199984
_0767_,VDD,Metal1,27.8100,177.4920,1.199945
_0766_,VDD,Metal1,52.8300,162.7070,1.199637
_0765_,VDD,Metal1,51.3900,169.9320,1.199539
_0764_,VDD,Metal1,149.3100,18.7320,1.199579
_0763_,VDD,Metal1,49.9500,41.4120,1.199843
_0762_,VDD,Metal1,26.9100,139.6920,1.199944
_0761_,VDD,Metal1,165.1500,94.6670,1.199947
_0760_,VDD,Metal1,145.8900,177.4920,1.199931
_0759_,VDD,Metal1,149.2500,56.8670,1.199847
_0758_,VDD,Metal1,153.6300,64.4270,1.199885
_0757_,VDD,Metal1,18.2100,19.0670,1.199985
_0756_,VDD,Metal1,142.7030,139.5030,1.199862
_0755_,VDD,Metal1,140.6320,140.2510,1.199877
_0754_,VDD,Metal1,140.1600,146.9260,1.199786
_0753_,VDD,Metal1,137.8130,147.0530,1.199823
_0752_,VDD,Metal1,140.1610,139.4400,1.199877
_0751_,VDD,Metal1,141.9360,131.9430,1.199923
_0750_,VDD,Metal1,141.5920,124.3480,1.199959
_0749_,VDD,Metal1,154.2230,147.7760,1.199818
_0748_,VDD,Metal1,156.4720,154.5880,1.199737
_0747_,VDD,Metal1,151.6800,147.9130,1.199779
_0746_,VDD,Metal1,150.2930,154.6130,1.199692
_0745_,VDD,Metal1,152.1580,140.2800,1.199861
_0744_,VDD,Metal1,148.4630,139.5030,1.199860
_0743_,VDD,Metal1,147.8320,132.6910,1.199923
_0742_,VDD,Metal1,159.5030,109.2630,1.199936
_0741_,VDD,Metal1,160.8070,110.0110,1.199937
_0740_,VDD,Metal1,157.4400,110.1130,1.199936
_0739_,VDD,Metal1,155.5730,140.2260,1.199903
_0738_,VDD,Metal1,153.5980,94.0800,1.199901
_0737_,VDD,Metal1,147.9830,94.1430,1.199901
_0736_,VDD,Metal1,147.3520,87.3310,1.199990
_0735_,VDD,Metal1,128.7830,162.1830,1.198798
_0734_,VDD,Metal1,120.4720,155.3710,1.199842
_0733_,VDD,Metal1,128.1600,155.4730,1.199655
_0732_,VDD,Metal1,125.8130,155.3460,1.199659
_0731_,VDD,Metal1,132.9610,155.4000,1.199653
_0730_,VDD,Metal1,131.1830,154.6230,1.199653
_0729_,VDD,Metal1,133.9270,154.5880,1.199653
_0728_,VDD,Metal1,139.3430,94.1430,1.199902
_0727_,VDD,Metal1,142.0720,94.1080,1.199901
_0726_,VDD,Metal1,137.2800,94.0060,1.199902
_0725_,VDD,Metal1,135.3060,87.3060,1.199992
_0724_,VDD,Metal1,139.1980,94.9200,1.199902
_0723_,VDD,Metal1,138.3830,101.7030,1.199921
_0722_,VDD,Metal1,138.7120,102.4510,1.199921
_0721_,VDD,Metal1,53.1360,162.1830,1.199637
_0720_,VDD,Metal1,62.4070,162.1480,1.199651
_0719_,VDD,Metal1,55.2000,162.0460,1.199642
_0718_,VDD,Metal1,59.4660,162.1730,1.199649
_0717_,VDD,Metal1,52.7980,139.4400,1.199960
_0716_,VDD,Metal1,47.1830,139.5030,1.199959
_0715_,VDD,Metal1,49.9270,139.4680,1.199960
_0714_,VDD,Metal1,144.6230,162.1830,1.198881
_0713_,VDD,Metal1,148.3270,162.1480,1.198922
_0712_,VDD,Metal1,142.5600,162.0460,1.198876
_0711_,VDD,Metal1,140.2130,162.1730,1.198816
_0710_,VDD,Metal1,142.5580,154.5600,1.199658
_0709_,VDD,Metal1,117.4560,154.6230,1.199844
_0708_,VDD,Metal1,101.7670,154.5880,1.199865
_0707_,VDD,Metal1,40.4630,94.1430,1.199995
_0706_,VDD,Metal1,40.3120,94.8910,1.199995
_0705_,VDD,Metal1,38.4000,86.4460,1.199987
_0704_,VDD,Metal1,36.0530,79.7460,1.199996
_0703_,VDD,Metal1,42.7210,87.3600,1.199987
_0702_,VDD,Metal1,48.3360,94.1430,1.199995
_0701_,VDD,Metal1,48.4870,94.8910,1.199995
_0700_,VDD,Metal1,84.3360,162.1830,1.199805
_0699_,VDD,Metal1,80.6320,162.1480,1.199805
_0698_,VDD,Metal1,85.9200,146.9260,1.199990
_0697_,VDD,Metal1,86.9330,94.1330,1.199999
_0696_,VDD,Metal1,86.8780,162.1200,1.199805
_0695_,VDD,Metal1,85.5830,154.6230,1.199978
_0694_,VDD,Metal1,88.3270,154.5880,1.199984
_0693_,VDD,Metal1,99.0230,33.6630,1.199985
_0692_,VDD,Metal1,101.7520,33.6280,1.199981
_0691_,VDD,Metal1,95.0400,33.5260,1.199993
_0690_,VDD,Metal1,86.9330,26.8260,1.199923
_0689_,VDD,Metal1,97.9210,34.4400,1.199985
_0688_,VDD,Metal1,100.1760,41.2230,1.199937
_0687_,VDD,Metal1,97.4320,41.1880,1.199942
_0686_,VDD,Metal1,121.7760,33.6630,1.199848
_0685_,VDD,Metal1,128.6470,33.6280,1.199800
_0684_,VDD,Metal1,123.8400,33.5260,1.199845
_0683_,VDD,Metal1,119.0930,33.6530,1.199848
_0682_,VDD,Metal1,121.4380,41.1600,1.199867
_0681_,VDD,Metal1,120.1430,41.9360,1.199867
_0680_,VDD,Metal1,117.5920,41.9710,1.199867
_0679_,VDD,Metal1,162.8630,87.2960,1.199982
_0678_,VDD,Metal1,165.5920,87.3310,1.199983
_0677_,VDD,Metal1,159.3600,87.4330,1.199980
_0676_,VDD,Metal1,157.0130,87.3060,1.199980
_0675_,VDD,Metal1,153.5980,86.5200,1.199980
_0674_,VDD,Metal1,145.1030,86.5830,1.199990
_0673_,VDD,Metal1,144.9520,79.7710,1.199987
_0672_,VDD,Metal1,65.1360,34.3760,1.199631
_0671_,VDD,Metal1,64.7920,33.6280,1.199631
_0670_,VDD,Metal1,64.8000,42.0730,1.199868
_0669_,VDD,Metal1,60.5330,41.9460,1.199861
_0668_,VDD,Metal1,65.7610,41.1600,1.199868
_0667_,VDD,Metal1,69.9360,41.2230,1.199870
_0666_,VDD,Metal1,72.4720,41.1880,1.199871
_0665_,VDD,Metal1,50.0630,124.3830,1.199990
_0664_,VDD,Metal1,47.5120,117.5710,1.199995
_0663_,VDD,Metal1,47.5200,131.8060,1.199996
_0662_,VDD,Metal1,45.1730,131.9330,1.199995
_0661_,VDD,Metal1,47.5210,124.3200,1.199976
_0660_,VDD,Metal1,49.2960,147.0630,1.199969
_0659_,VDD,Metal1,48.9670,147.8110,1.199969
_0658_,VDD,Metal1,133.1030,140.2160,1.199906
_0657_,VDD,Metal1,131.5120,125.1310,1.199977
_0656_,VDD,Metal1,128.1600,146.9260,1.199959
_0655_,VDD,Metal1,125.8130,147.7860,1.199965
_0654_,VDD,Metal1,130.5580,140.2800,1.199922
_0653_,VDD,Metal1,128.7830,132.6560,1.199994
_0652_,VDD,Metal1,131.5120,132.6910,1.199980
_0651_,VDD,Metal1,36.8160,57.0560,1.199935
_0650_,VDD,Metal1,39.3670,57.0910,1.199935
_0649_,VDD,Metal1,37.4400,63.7660,1.199982
_0648_,VDD,Metal1,35.5730,72.1860,1.199993
_0647_,VDD,Metal1,71.5210,48.7200,1.199955
_0646_,VDD,Metal1,74.2560,48.7830,1.199955
_0645_,VDD,Metal1,75.8470,41.9710,1.199871
_0644_,VDD,Metal1,39.2160,41.9360,1.199843
_0643_,VDD,Metal1,39.8470,41.1880,1.199843
_0642_,VDD,Metal1,43.6800,42.0730,1.199841
_0641_,VDD,Metal1,41.3330,41.9460,1.199842
_0640_,VDD,Metal1,51.8410,42.0000,1.199853
_0639_,VDD,Metal1,52.6560,48.7830,1.199875
_0638_,VDD,Metal1,49.9270,48.7480,1.199869
_0637_,VDD,Metal1,156.1430,72.1760,1.199939
_0636_,VDD,Metal1,156.9670,78.9880,1.199956
_0635_,VDD,Metal1,154.0800,71.3260,1.199939
_0634_,VDD,Metal1,156.0530,71.4530,1.199939
_0633_,VDD,Metal1,149.7580,72.2400,1.199938
_0632_,VDD,Metal1,146.0630,72.1760,1.199936
_0631_,VDD,Metal1,143.5120,72.2110,1.199936
_0630_,VDD,Metal1,89.4230,26.8160,1.199930
_0629_,VDD,Metal1,93.1270,26.8510,1.199977
_0628_,VDD,Metal1,84.9600,26.9530,1.199916
_0627_,VDD,Metal1,82.6130,26.8260,1.199862
_0626_,VDD,Metal1,88.8010,34.4400,1.199991
_0625_,VDD,Metal1,89.6160,41.2230,1.199929
_0624_,VDD,Metal1,86.8870,41.1880,1.199924
_0623_,VDD,Metal1,74.2560,26.8160,1.199580
_0622_,VDD,Metal1,69.5920,26.8510,1.199529
_0621_,VDD,Metal1,72.0000,26.9530,1.199553
_0620_,VDD,Metal1,76.7460,26.8260,1.199586
_0619_,VDD,Metal1,79.2010,33.6000,1.199673
_0618_,VDD,Metal1,78.3830,41.2230,1.199922
_0617_,VDD,Metal1,81.1120,41.1880,1.199922
_0616_,VDD,Metal1,44.3030,109.2630,1.199992
_0615_,VDD,Metal1,41.7670,109.2280,1.199992
_0614_,VDD,Metal1,40.8000,147.9130,1.199948
_0613_,VDD,Metal1,39.4130,154.6130,1.199827
_0612_,VDD,Metal1,43.2010,102.4800,1.199994
_0611_,VDD,Metal1,47.3760,102.4160,1.199994
_0610_,VDD,Metal1,49.9270,102.4510,1.199994
_0609_,VDD,Metal1,97.5830,162.8960,1.199990
_0608_,VDD,Metal1,98.8870,162.1480,1.199988
_0607_,VDD,Metal1,93.1200,163.0330,1.199956
_0606_,VDD,Metal1,88.8530,162.9060,1.199949
_0605_,VDD,Metal1,96.0010,162.1200,1.199990
_0604_,VDD,Metal1,96.8160,154.6230,1.199992
_0603_,VDD,Metal1,94.0720,154.5880,1.199987
_0602_,VDD,Metal1,158.0630,124.3830,1.199932
_0601_,VDD,Metal1,156.4720,131.9080,1.199933
_0600_,VDD,Metal1,153.6000,124.2460,1.199939
_0599_,VDD,Metal1,155.5730,124.3730,1.199932
_0598_,VDD,Metal1,150.2380,117.6000,1.199983
_0597_,VDD,Metal1,147.5030,124.3830,1.199958
_0596_,VDD,Metal1,147.3520,131.9080,1.199923
_0595_,VDD,Metal1,111.0230,33.6630,1.199947
_0594_,VDD,Metal1,113.7670,33.6280,1.199942
_0593_,VDD,Metal1,108.9600,34.5130,1.199951
_0592_,VDD,Metal1,107.0930,33.6530,1.199964
_0591_,VDD,Metal1,111.3580,41.1600,1.199895
_0590_,VDD,Metal1,105.9360,41.2230,1.199896
_0589_,VDD,Metal1,108.4870,41.1880,1.199895
_0588_,VDD,Metal1,36.3360,71.4630,1.199993
_0587_,VDD,Metal1,38.8870,71.4280,1.199993
_0586_,VDD,Metal1,37.4400,49.6330,1.199858
_0585_,VDD,Metal1,35.0930,49.5060,1.199863
_0584_,VDD,Metal1,42.2410,64.6800,1.199984
_0583_,VDD,Metal1,49.2960,64.6160,1.199985
_0582_,VDD,Metal1,50.8720,63.8680,1.199985
_0581_,VDD,Metal1,151.3430,57.0560,1.199843
_0580_,VDD,Metal1,154.0870,57.0910,1.199843
_0579_,VDD,Metal1,150.7200,34.5130,1.199800
_0578_,VDD,Metal1,148.3730,33.6530,1.199766
_0577_,VDD,Metal1,150.7180,64.6800,1.199884
_0576_,VDD,Metal1,145.1030,64.6160,1.199892
_0575_,VDD,Metal1,142.5520,64.6510,1.199892
_0574_,VDD,Metal1,69.9360,155.3360,1.199933
_0573_,VDD,Metal1,71.5270,162.1480,1.199797
_0572_,VDD,Metal1,74.8800,162.0460,1.199799
_0571_,VDD,Metal1,77.2260,162.1730,1.199803
_0570_,VDD,Metal1,68.6410,162.1200,1.199662
_0569_,VDD,Metal1,69.9360,154.6230,1.199933
_0568_,VDD,Metal1,67.2070,154.5880,1.199910
_0567_,VDD,Metal1,108.1430,155.3360,1.199865
_0566_,VDD,Metal1,109.9270,162.1480,1.198954
_0565_,VDD,Metal1,113.2800,162.0460,1.198938
_0564_,VDD,Metal1,115.2530,162.1730,1.198872
_0563_,VDD,Metal1,107.0410,162.1200,1.199194
_0562_,VDD,Metal1,106.4160,154.6230,1.199865
_0561_,VDD,Metal1,108.9670,154.5880,1.199865
_0560_,VDD,Metal1,129.7430,124.3830,1.199977
_0559_,VDD,Metal1,130.5670,117.5710,1.199994
_0558_,VDD,Metal1,119.5200,125.2330,1.199987
_0557_,VDD,Metal1,115.7330,131.9330,1.199996
_0556_,VDD,Metal1,129.5980,110.0400,1.199976
_0555_,VDD,Metal1,126.8630,109.9760,1.199986
_0554_,VDD,Metal1,129.5920,109.2280,1.199976
_0553_,VDD,Metal1,16.4700,132.5510,1.199984
_0552_,VDD,Metal1,16.1050,131.9650,1.199984
_0551_,VDD,Metal1,16.2120,125.0780,1.199994
_0550_,VDD,Metal1,13.8120,125.0780,1.199988
_0549_,VDD,Metal1,26.1200,132.0140,1.199989
_0548_,VDD,Metal1,22.2300,132.0480,1.199989
_0547_,VDD,Metal1,6.7200,125.2330,1.199983
_0546_,VDD,Metal1,9.1210,125.1600,1.199983
_0545_,VDD,Metal1,37.4320,125.1310,1.199975
_0544_,VDD,Metal1,35.0930,116.8130,1.199993
_0543_,VDD,Metal1,25.4150,116.8450,1.199997
_0542_,VDD,Metal1,32.3030,125.0960,1.199975
_0541_,VDD,Metal1,11.5200,117.6730,1.199984
_0540_,VDD,Metal1,9.1210,117.6000,1.199983
_0539_,VDD,Metal1,38.3920,117.5710,1.199995
_0538_,VDD,Metal1,37.4930,116.8130,1.199995
_0537_,VDD,Metal1,28.2950,116.8450,1.199996
_0536_,VDD,Metal1,34.7030,125.0960,1.199975
_0535_,VDD,Metal1,42.2400,139.3660,1.199950
_0534_,VDD,Metal1,40.7980,155.4000,1.199827
_0533_,VDD,Metal1,39.8320,139.4680,1.199950
_0532_,VDD,Metal1,40.2660,116.8130,1.199995
_0531_,VDD,Metal1,31.1750,116.8450,1.199993
_0530_,VDD,Metal1,34.7030,132.6560,1.199989
_0529_,VDD,Metal1,20.9700,139.6080,1.199992
_0528_,VDD,Metal1,21.3850,117.5150,1.199997
_0527_,VDD,Metal1,19.0920,117.5180,1.199998
_0526_,VDD,Metal1,16.6920,117.5180,1.199997
_0525_,VDD,Metal1,24.6800,132.5850,1.199989
_0524_,VDD,Metal1,26.8800,124.2460,1.199975
_0523_,VDD,Metal1,25.9120,86.5480,1.199986
_0522_,VDD,Metal1,20.7900,132.5510,1.199991
_0521_,VDD,Metal1,17.5200,109.2450,1.199996
_0520_,VDD,Metal1,18.6900,101.7260,1.199997
_0519_,VDD,Metal1,11.0100,102.3930,1.199986
_0518_,VDD,Metal1,9.6300,116.8460,1.199983
_0517_,VDD,Metal1,41.0400,140.2350,1.199950
_0516_,VDD,Metal1,42.7500,147.0860,1.199967
_0515_,VDD,Metal1,41.7900,162.2060,1.199655
_0514_,VDD,Metal1,44.1900,162.2060,1.199648
_0513_,VDD,Metal1,17.5200,109.9950,1.199996
_0512_,VDD,Metal1,24.8350,124.4350,1.199997
_0511_,VDD,Metal1,22.0720,94.1080,1.199995
_0510_,VDD,Metal1,19.7870,94.1610,1.199995
_0509_,VDD,Metal1,24.4720,109.2280,1.199994
_0508_,VDD,Metal1,22.0260,109.2530,1.199997
_0507_,VDD,Metal1,24.9850,94.8350,1.199995
_0506_,VDD,Metal1,23.3050,86.6050,1.199988
_0505_,VDD,Metal1,33.5920,109.2280,1.199992
_0504_,VDD,Metal1,31.8950,132.6350,1.199989
_0503_,VDD,Metal1,30.7730,109.2530,1.199993
_0502_,VDD,Metal1,26.4250,102.3950,1.199994
_0501_,VDD,Metal1,28.7460,140.2260,1.199942
_0500_,VDD,Metal1,31.4700,140.1890,1.199942
_0499_,VDD,Metal1,31.7870,154.6410,1.199820
_0498_,VDD,Metal1,15.8700,101.7260,1.199992
_0497_,VDD,Metal1,33.7070,94.8380,1.199995
_0496_,VDD,Metal1,8.1900,102.3930,1.199984
_0495_,VDD,Metal1,36.1070,94.8380,1.199995
_0494_,VDD,Metal1,32.6320,87.3310,1.199986
_0493_,VDD,Metal1,9.1500,109.2860,1.199972
_0492_,VDD,Metal1,30.6120,94.8380,1.199995
_0491_,VDD,Metal1,32.6930,147.0530,1.199944
_0490_,VDD,Metal1,20.6150,147.0850,1.199987
_0489_,VDD,Metal1,30.3900,147.1680,1.199946
_0488_,VDD,Metal1,33.3850,154.6450,1.199818
_0487_,VDD,Metal1,31.6720,86.5480,1.199986
_0486_,VDD,Metal1,36.0300,109.2860,1.199992
_0485_,VDD,Metal1,21.1450,72.1550,1.199992
_0484_,VDD,Metal1,23.3950,102.3650,1.199996
_0483_,VDD,Metal1,23.3050,87.2750,1.199988
_0482_,VDD,Metal1,21.5750,79.0450,1.199995
_0481_,VDD,Metal1,148.0500,49.4690,1.199821
_0480_,VDD,Metal1,158.6400,49.5150,1.199855
_0479_,VDD,Metal1,154.8000,49.5150,1.199847
_0478_,VDD,Metal1,145.2000,34.3950,1.199762
_0477_,VDD,Metal1,148.5300,56.3700,1.199847
_0476_,VDD,Metal1,149.5200,41.9550,1.199821
_0475_,VDD,Metal1,157.6800,56.3250,1.199843
_0474_,VDD,Metal1,151.9200,33.6450,1.199801
_0473_,VDD,Metal1,143.6630,109.9760,1.199938
_0472_,VDD,Metal1,141.1120,110.0110,1.199938
_0471_,VDD,Metal1,138.2400,116.6860,1.199984
_0470_,VDD,Metal1,137.3330,117.5460,1.199984
_0469_,VDD,Metal1,138.2410,110.0400,1.199945
_0468_,VDD,Metal1,138.8630,125.0960,1.199972
_0467_,VDD,Metal1,139.1920,131.9080,1.199925
_0466_,VDD,Metal1,161.9030,102.4160,1.199969
_0465_,VDD,Metal1,165.1120,101.6680,1.199978
_0464_,VDD,Metal1,158.8800,101.5660,1.199939
_0463_,VDD,Metal1,156.5330,101.6930,1.199934
_0462_,VDD,Metal1,153.5980,102.4800,1.199933
_0461_,VDD,Metal1,149.9030,101.7030,1.199931
_0460_,VDD,Metal1,147.3520,101.6680,1.199923
_0459_,VDD,Metal1,152.3030,109.9760,1.199936
_0458_,VDD,Metal1,153.5920,131.9080,1.199925
_0457_,VDD,Metal1,147.3600,110.1130,1.199936
_0456_,VDD,Metal1,149.7060,109.2530,1.199936
_0455_,VDD,Metal1,149.7580,110.0400,1.199936
_0454_,VDD,Metal1,147.5030,140.2160,1.199860
_0453_,VDD,Metal1,146.3920,147.0280,1.199772
_0452_,VDD,Metal1,138.8630,33.6630,1.199718
_0451_,VDD,Metal1,141.6070,33.6280,1.199747
_0450_,VDD,Metal1,134.8800,33.5260,1.199717
_0449_,VDD,Metal1,131.0930,33.6530,1.199730
_0448_,VDD,Metal1,136.7980,72.2400,1.199967
_0447_,VDD,Metal1,132.6230,79.0230,1.199994
_0446_,VDD,Metal1,131.9920,72.2110,1.199973
_0445_,VDD,Metal1,128.7830,101.7030,1.199957
_0444_,VDD,Metal1,128.6320,94.8910,1.199989
_0443_,VDD,Metal1,124.8000,102.5530,1.199963
_0442_,VDD,Metal1,129.0660,102.4260,1.199957
_0441_,VDD,Metal1,127.6780,87.3600,1.199992
_0440_,VDD,Metal1,124.9430,87.2960,1.199992
_0439_,VDD,Metal1,128.1520,86.5480,1.199992
_0438_,VDD,Metal1,162.3830,79.7360,1.199963
_0437_,VDD,Metal1,165.1120,79.7710,1.199967
_0436_,VDD,Metal1,158.8800,79.8730,1.199956
_0435_,VDD,Metal1,156.5330,79.7460,1.199956
_0434_,VDD,Metal1,148.7980,79.8000,1.199960
_0433_,VDD,Metal1,138.8630,79.7360,1.199994
_0432_,VDD,Metal1,136.3120,79.7710,1.199994
_0431_,VDD,Metal1,129.2630,63.9030,1.199910
_0430_,VDD,Metal1,129.1120,48.7480,1.199825
_0429_,VDD,Metal1,132.0250,41.9150,1.199819
_0428_,VDD,Metal1,124.0800,48.7650,1.199830
_0427_,VDD,Metal1,125.7600,64.7530,1.199962
_0426_,VDD,Metal1,124.3730,71.4530,1.199995
_0425_,VDD,Metal1,114.2470,49.5310,1.199844
_0424_,VDD,Metal1,132.9520,49.5310,1.199825
_0423_,VDD,Metal1,132.0010,64.6800,1.199894
_0422_,VDD,Metal1,134.7360,64.6160,1.199893
_0421_,VDD,Metal1,134.8720,63.8680,1.199893
_0420_,VDD,Metal1,136.7920,49.5310,1.199821
_0419_,VDD,Metal1,116.5320,56.3610,1.199966
_0418_,VDD,Metal1,133.9200,42.0730,1.199817
_0417_,VDD,Metal1,48.4800,56.2060,1.199975
_0416_,VDD,Metal1,54.9850,34.3550,1.199609
_0415_,VDD,Metal1,57.7730,34.4070,1.199616
_0414_,VDD,Metal1,60.6950,34.3550,1.199622
_0413_,VDD,Metal1,50.6400,34.3950,1.199603
_0412_,VDD,Metal1,47.7850,34.3550,1.199594
_0411_,VDD,Metal1,59.7850,26.7950,1.199501
_0410_,VDD,Metal1,49.9200,33.5260,1.199603
_0409_,VDD,Metal1,44.4250,33.6850,1.199591
_0408_,VDD,Metal1,47.7850,33.6850,1.199594
_0407_,VDD,Metal1,125.5450,57.0350,1.199961
_0406_,VDD,Metal1,132.9060,57.0660,1.199918
_0405_,VDD,Metal1,124.3120,56.3080,1.199961
_0404_,VDD,Metal1,133.3320,41.2410,1.199817
_0403_,VDD,Metal1,136.0550,41.2450,1.199817
_0402_,VDD,Metal1,141.1270,56.3080,1.199857
_0401_,VDD,Metal1,116.4250,49.4750,1.199839
_0400_,VDD,Metal1,122.3460,49.5060,1.199830
_0399_,VDD,Metal1,143.0150,41.9150,1.199809
_0398_,VDD,Metal1,141.0120,48.8010,1.199818
_0397_,VDD,Metal1,139.4150,48.8050,1.199821
_0396_,VDD,Metal1,132.9600,56.2060,1.199918
_0395_,VDD,Metal1,143.9750,63.9250,1.199892
_0394_,VDD,Metal1,144.2150,56.3650,1.199854
_0393_,VDD,Metal1,142.7750,57.0350,1.199856
_0392_,VDD,Metal1,144.8500,154.6480,1.199663
_0391_,VDD,Metal1,152.2700,154.6480,1.199704
_0390_,VDD,Metal1,157.8100,140.1910,1.199905
_0389_,VDD,Metal1,130.9300,162.2080,1.198796
_0388_,VDD,Metal1,137.1700,87.2710,1.199990
_0387_,VDD,Metal1,64.4300,162.2080,1.199652
_0386_,VDD,Metal1,155.6300,169.7680,1.199633
_0385_,VDD,Metal1,32.7500,79.0480,1.199996
_0384_,VDD,Metal1,87.4700,87.2710,1.199998
_0383_,VDD,Metal1,86.9900,26.1280,1.199923
_0382_,VDD,Metal1,115.0900,26.7910,1.199736
_0381_,VDD,Metal1,161.1700,87.2710,1.199981
_0380_,VDD,Metal1,58.6700,41.9110,1.199855
_0379_,VDD,Metal1,43.3100,131.9680,1.199995
_0378_,VDD,Metal1,124.2100,147.7510,1.199965
_0377_,VDD,Metal1,31.3100,79.0480,1.199996
_0376_,VDD,Metal1,51.4700,41.2480,1.199853
_0375_,VDD,Metal1,152.5300,71.4880,1.199938
_0374_,VDD,Metal1,80.7500,26.7910,1.199853
_0373_,VDD,Metal1,73.0700,33.6880,1.199671
_0372_,VDD,Metal1,39.9500,162.2080,1.199662
_0371_,VDD,Metal1,87.4700,169.7680,1.199900
_0370_,VDD,Metal1,155.8900,117.5110,1.199982
_0369_,VDD,Metal1,107.4100,26.7910,1.199895
_0368_,VDD,Metal1,44.2700,48.8080,1.199862
_0367_,VDD,Metal1,149.8700,26.7910,1.199506
_0366_,VDD,Metal1,76.4300,162.8710,1.199802
_0365_,VDD,Metal1,117.4900,155.3110,1.199844
_0364_,VDD,Metal1,100.2100,131.9680,1.199998
_0363_,VDD,Metal1,33.2300,131.9680,1.199989
_0362_,VDD,Metal1,30.3500,125.0710,1.199975
_0361_,VDD,Metal1,29.8700,132.6310,1.199989
_0360_,VDD,Metal1,28.6900,86.6080,1.199986
_0359_,VDD,Metal1,28.9100,94.8310,1.199995
_0358_,VDD,Metal1,143.1500,48.8080,1.199818
_0357_,VDD,Metal1,125.1700,49.4710,1.199830
_0356_,VDD,Metal1,130.4500,49.4710,1.199825
_0355_,VDD,Metal1,150.8300,56.3680,1.199843
_0354_,VDD,Metal1,139.5700,117.5110,1.199983
_0353_,VDD,Metal1,157.8100,94.8310,1.199901
_0352_,VDD,Metal1,151.5700,109.2880,1.199936
_0351_,VDD,Metal1,133.0700,33.6880,1.199719
_0350_,VDD,Metal1,134.7700,102.3910,1.199922
_0349_,VDD,Metal1,160.6900,79.7110,1.199962
_0348_,VDD,Metal1,122.7700,71.4880,1.199995
