Instance,Terminal,Layer,X location,Y location,Voltage
FILLER_42_333,VSS,Metal1,166.0800,173.8800,0.000685
FILLER_42_322,VSS,Metal1,160.8000,173.8800,0.000679
FILLER_42_236,VSS,Metal1,119.2800,173.8800,0.000310
FILLER_42_234,VSS,Metal1,118.5600,173.8800,0.000310
FILLER_42_173,VSS,Metal1,89.0400,173.8800,0.000238
FILLER_42_171,VSS,Metal1,88.3200,173.8800,0.000256
FILLER_42_127,VSS,Metal1,67.2000,173.8800,0.000360
FILLER_42_107,VSS,Metal1,57.6000,173.8800,0.000361
FILLER_42_83,VSS,Metal1,46.0800,173.8800,0.000321
FILLER_42_11,VSS,Metal1,11.2800,173.8800,0.000107
FILLER_42_0,VSS,Metal1,6.2400,173.8800,0.000107
FILLER_41_325,VSS,Metal1,162.0000,173.8800,0.000679
FILLER_41_315,VSS,Metal1,157.2000,173.8800,0.000668
FILLER_41_253,VSS,Metal1,127.4400,173.8800,0.000428
FILLER_41_251,VSS,Metal1,126.7200,173.8800,0.000426
FILLER_41_185,VSS,Metal1,95.0400,173.8800,0.000191
FILLER_41_179,VSS,Metal1,92.1600,173.8800,0.000210
FILLER_41_162,VSS,Metal1,83.7600,173.8800,0.000303
FILLER_41_160,VSS,Metal1,83.0400,173.8800,0.000303
FILLER_41_155,VSS,Metal1,80.4000,173.8800,0.000323
FILLER_41_121,VSS,Metal1,64.3200,173.8800,0.000368
FILLER_41_11,VSS,Metal1,11.2800,173.8800,0.000107
FILLER_41_9,VSS,Metal1,10.5600,173.8800,0.000107
FILLER_40_330,VSS,Metal1,164.4000,166.3200,0.002280
FILLER_40_306,VSS,Metal1,152.8800,166.3200,0.002196
FILLER_40_285,VSS,Metal1,142.8000,166.3200,0.002090
FILLER_40_235,VSS,Metal1,119.0400,166.3200,0.001406
FILLER_40_230,VSS,Metal1,116.4000,166.3200,0.001352
FILLER_40_225,VSS,Metal1,114.0000,166.3200,0.001285
FILLER_40_211,VSS,Metal1,107.5200,166.3200,0.000921
FILLER_40_190,VSS,Metal1,97.2000,166.3200,0.000079
FILLER_40_186,VSS,Metal1,95.9880,166.6960,0.000086
FILLER_40_179,VSS,Metal1,93.3660,166.7800,0.000086
FILLER_40_174,VSS,Metal1,89.5200,166.3200,0.000155
FILLER_40_172,VSS,Metal1,88.8000,166.3200,0.000155
FILLER_40_163,VSS,Metal1,84.4800,166.3200,0.000172
FILLER_40_130,VSS,Metal1,68.4000,166.3200,0.000475
FILLER_40_97,VSS,Metal1,52.5600,166.3200,0.000475
FILLER_40_24,VSS,Metal1,17.5200,166.3200,0.000088
FILLER_40_22,VSS,Metal1,16.8000,166.3200,0.000101
FILLER_40_8,VSS,Metal1,10.0800,166.3200,0.000126
FILLER_39_338,VSS,Metal1,168.4800,166.3200,0.002287
FILLER_39_313,VSS,Metal1,156.2400,166.3200,0.002222
FILLER_39_291,VSS,Metal1,145.9200,166.3200,0.002131
FILLER_39_273,VSS,Metal1,137.2800,166.3200,0.001977
FILLER_39_243,VSS,Metal1,122.8800,166.3200,0.001531
FILLER_39_238,VSS,Metal1,120.2400,166.3200,0.001406
FILLER_39_236,VSS,Metal1,119.5200,166.3200,0.001406
FILLER_39_227,VSS,Metal1,114.9600,166.3200,0.001285
FILLER_39_215,VSS,Metal1,109.9080,165.9430,0.001187
FILLER_39_208,VSS,Metal1,107.2860,165.8590,0.000921
FILLER_39_201,VSS,Metal1,103.9260,165.8590,0.000830
FILLER_39_194,VSS,Metal1,100.5660,165.8590,0.000057
FILLER_39_188,VSS,Metal1,96.2400,166.3200,0.000086
FILLER_39_184,VSS,Metal1,95.0280,165.9430,0.000086
FILLER_39_176,VSS,Metal1,91.1880,165.9430,0.000113
FILLER_39_170,VSS,Metal1,87.6000,166.3200,0.000165
FILLER_39_163,VSS,Metal1,85.6860,165.8590,0.000172
FILLER_39_156,VSS,Metal1,82.3260,165.8590,0.000182
FILLER_39_149,VSS,Metal1,78.9660,165.8590,0.000199
FILLER_39_144,VSS,Metal1,75.3600,166.3200,0.000428
FILLER_39_140,VSS,Metal1,73.9080,165.9430,0.000433
FILLER_39_131,VSS,Metal1,68.8800,166.3200,0.000475
FILLER_39_129,VSS,Metal1,68.1600,166.3200,0.000475
FILLER_39_108,VSS,Metal1,57.8400,166.3200,0.000490
FILLER_39_95,VSS,Metal1,51.6000,166.3200,0.000475
FILLER_39_93,VSS,Metal1,50.8800,166.3200,0.000469
FILLER_39_40,VSS,Metal1,25.2000,166.3200,0.000022
FILLER_39_38,VSS,Metal1,24.4800,166.3200,0.000024
FILLER_39_12,VSS,Metal1,11.7600,166.3200,0.000119
FILLER_39_10,VSS,Metal1,11.0400,166.3200,0.000126
FILLER_39_0,VSS,Metal1,6.0000,166.3200,0.000126
FILLER_38_334,VSS,Metal1,166.3200,158.7600,0.002481
FILLER_38_321,VSS,Metal1,160.0800,158.7600,0.002449
FILLER_38_316,VSS,Metal1,157.6800,158.7600,0.002436
FILLER_38_314,VSS,Metal1,156.9600,158.7600,0.002435
FILLER_38_309,VSS,Metal1,154.3200,158.7600,0.002405
FILLER_38_300,VSS,Metal1,150.0000,158.7600,0.002347
FILLER_38_292,VSS,Metal1,146.4000,158.7600,0.002296
FILLER_38_245,VSS,Metal1,123.6000,158.7600,0.000208
FILLER_38_231,VSS,Metal1,117.1200,158.7600,0.000110
FILLER_38_220,VSS,Metal1,111.8400,158.7600,0.000072
FILLER_38_204,VSS,Metal1,104.6280,159.1360,0.000029
FILLER_38_197,VSS,Metal1,102.0060,159.2200,0.000029
FILLER_38_179,VSS,Metal1,92.1600,158.7600,0.000087
FILLER_38_172,VSS,Metal1,90.0060,159.2200,0.000091
FILLER_38_159,VSS,Metal1,82.5600,158.7600,0.000103
FILLER_38_151,VSS,Metal1,78.7200,158.7600,0.000104
FILLER_38_140,VSS,Metal1,73.4400,158.7600,0.000125
FILLER_38_124,VSS,Metal1,66.2280,159.1360,0.000127
FILLER_38_114,VSS,Metal1,60.7200,158.7600,0.000138
FILLER_38_105,VSS,Metal1,57.1080,159.1360,0.000148
FILLER_38_95,VSS,Metal1,51.6000,158.7600,0.000151
FILLER_38_41,VSS,Metal1,25.6800,158.7600,0.000016
FILLER_38_36,VSS,Metal1,23.2800,158.7600,0.000035
FILLER_38_34,VSS,Metal1,22.5600,158.7600,0.000035
FILLER_38_17,VSS,Metal1,14.1600,158.7600,0.000099
FILLER_37_330,VSS,Metal1,164.4000,158.7600,0.002476
FILLER_37_321,VSS,Metal1,160.0800,158.7600,0.002449
FILLER_37_268,VSS,Metal1,134.6400,158.7600,0.001122
FILLER_37_257,VSS,Metal1,129.3600,158.7600,0.000344
FILLER_37_242,VSS,Metal1,122.4000,158.7600,0.000205
FILLER_37_234,VSS,Metal1,118.5600,158.7600,0.000131
FILLER_37_230,VSS,Metal1,116.4000,158.7600,0.000110
FILLER_37_223,VSS,Metal1,114.4860,158.2990,0.000096
FILLER_37_216,VSS,Metal1,111.1260,158.2990,0.000072
FILLER_37_210,VSS,Metal1,106.8000,158.7600,0.000031
FILLER_37_206,VSS,Metal1,105.5880,158.3830,0.000029
FILLER_37_199,VSS,Metal1,102.9660,158.2990,0.000029
FILLER_37_192,VSS,Metal1,99.6060,158.2990,0.000029
FILLER_37_185,VSS,Metal1,96.2460,158.2990,0.000030
FILLER_37_178,VSS,Metal1,92.8860,158.2990,0.000087
FILLER_37_171,VSS,Metal1,89.5260,158.2990,0.000091
FILLER_37_164,VSS,Metal1,86.1660,158.2990,0.000098
FILLER_37_157,VSS,Metal1,82.8060,158.2990,0.000103
FILLER_37_150,VSS,Metal1,79.4460,158.2990,0.000104
FILLER_37_143,VSS,Metal1,76.0860,158.2990,0.000124
FILLER_37_136,VSS,Metal1,72.7260,158.2990,0.000125
FILLER_37_127,VSS,Metal1,67.6680,158.3830,0.000126
FILLER_37_120,VSS,Metal1,65.0460,158.2990,0.000127
FILLER_37_113,VSS,Metal1,61.6860,158.2990,0.000138
FILLER_37_106,VSS,Metal1,58.3260,158.2990,0.000148
FILLER_37_99,VSS,Metal1,54.9660,158.2990,0.000149
FILLER_37_92,VSS,Metal1,51.6060,158.2990,0.000151
FILLER_37_68,VSS,Metal1,38.8800,158.7600,0.000136
FILLER_37_30,VSS,Metal1,20.6400,158.7600,0.000057
FILLER_37_16,VSS,Metal1,13.9200,158.7600,0.000099
FILLER_36_338,VSS,Metal1,168.4800,151.2000,0.002651
FILLER_36_333,VSS,Metal1,165.8400,151.2000,0.002646
FILLER_36_331,VSS,Metal1,165.1200,151.2000,0.002645
FILLER_36_322,VSS,Metal1,160.5600,151.2000,0.002629
FILLER_36_317,VSS,Metal1,158.1600,151.2000,0.002617
FILLER_36_242,VSS,Metal1,122.1600,151.2000,0.000242
FILLER_36_235,VSS,Metal1,120.2460,151.6600,0.000242
FILLER_36_229,VSS,Metal1,115.9200,151.2000,0.000152
FILLER_36_225,VSS,Metal1,114.7080,151.5760,0.000152
FILLER_36_218,VSS,Metal1,112.0860,151.6600,0.000103
FILLER_36_203,VSS,Metal1,104.1480,151.5760,0.000016
FILLER_36_196,VSS,Metal1,100.0800,151.2000,0.000017
FILLER_36_192,VSS,Metal1,98.8680,151.5760,0.000017
FILLER_36_179,VSS,Metal1,92.1600,151.2000,0.000032
FILLER_36_175,VSS,Metal1,90.7080,151.5760,0.000032
FILLER_36_157,VSS,Metal1,82.8060,151.6600,0.000036
FILLER_36_150,VSS,Metal1,79.4460,151.6600,0.000039
FILLER_36_143,VSS,Metal1,76.0860,151.6600,0.000042
FILLER_36_136,VSS,Metal1,72.7260,151.6600,0.000045
FILLER_36_124,VSS,Metal1,65.5200,151.2000,0.000059
FILLER_36_120,VSS,Metal1,64.3080,151.5760,0.000059
FILLER_36_113,VSS,Metal1,61.6860,151.6600,0.000061
FILLER_36_106,VSS,Metal1,58.3260,151.6600,0.000064
FILLER_36_99,VSS,Metal1,54.9660,151.6600,0.000067
FILLER_36_92,VSS,Metal1,51.6060,151.6600,0.000070
FILLER_36_85,VSS,Metal1,48.2460,151.6600,0.000089
FILLER_36_50,VSS,Metal1,30.0000,151.2000,0.000049
FILLER_36_45,VSS,Metal1,27.6000,151.2000,0.000031
FILLER_36_40,VSS,Metal1,25.2000,151.2000,0.000013
FILLER_35_338,VSS,Metal1,168.4800,151.2000,0.002651
FILLER_35_325,VSS,Metal1,162.0000,151.2000,0.002636
FILLER_35_323,VSS,Metal1,161.2800,151.2000,0.002629
FILLER_35_318,VSS,Metal1,158.6400,151.2000,0.002617
FILLER_35_312,VSS,Metal1,156.0000,151.2000,0.002606
FILLER_35_306,VSS,Metal1,152.8800,151.2000,0.002576
FILLER_35_253,VSS,Metal1,127.4400,151.2000,0.001465
FILLER_35_244,VSS,Metal1,123.1200,151.2000,0.000245
FILLER_35_240,VSS,Metal1,121.9080,150.8230,0.000242
FILLER_35_233,VSS,Metal1,119.2860,150.7390,0.000242
FILLER_35_226,VSS,Metal1,115.9260,150.7390,0.000152
FILLER_35_219,VSS,Metal1,112.5660,150.7390,0.000104
FILLER_35_212,VSS,Metal1,109.2060,150.7390,0.000037
FILLER_35_205,VSS,Metal1,105.8460,150.7390,0.000016
FILLER_35_198,VSS,Metal1,102.4860,150.7390,0.000016
FILLER_35_191,VSS,Metal1,99.1260,150.7390,0.000017
FILLER_35_184,VSS,Metal1,95.7660,150.7390,0.000031
FILLER_35_177,VSS,Metal1,92.4060,150.7390,0.000032
FILLER_35_170,VSS,Metal1,89.0460,150.7390,0.000032
FILLER_35_163,VSS,Metal1,85.6860,150.7390,0.000033
FILLER_35_156,VSS,Metal1,82.3260,150.7390,0.000036
FILLER_35_149,VSS,Metal1,78.9660,150.7390,0.000039
FILLER_35_142,VSS,Metal1,75.6060,150.7390,0.000042
FILLER_35_135,VSS,Metal1,72.2460,150.7390,0.000045
FILLER_35_128,VSS,Metal1,68.8860,150.7390,0.000058
FILLER_35_121,VSS,Metal1,65.5260,150.7390,0.000059
FILLER_35_114,VSS,Metal1,62.1660,150.7390,0.000061
FILLER_35_107,VSS,Metal1,58.8060,150.7390,0.000064
FILLER_35_100,VSS,Metal1,55.4460,150.7390,0.000067
FILLER_35_93,VSS,Metal1,52.0860,150.7390,0.000070
FILLER_35_86,VSS,Metal1,47.2800,151.2000,0.000089
FILLER_35_82,VSS,Metal1,46.0680,150.8230,0.000092
FILLER_35_75,VSS,Metal1,43.4460,150.7390,0.000093
FILLER_35_70,VSS,Metal1,39.6000,151.2000,0.000083
FILLER_35_20,VSS,Metal1,15.8400,151.2000,0.000084
FILLER_34_326,VSS,Metal1,162.4800,143.6400,0.001916
FILLER_34_321,VSS,Metal1,160.0800,143.6400,0.001907
FILLER_34_319,VSS,Metal1,159.3600,143.6400,0.001906
FILLER_34_298,VSS,Metal1,149.0400,143.6400,0.001801
FILLER_34_296,VSS,Metal1,148.3200,143.6400,0.001801
FILLER_34_246,VSS,Metal1,125.5260,144.1000,0.000357
FILLER_34_239,VSS,Metal1,122.1660,144.1000,0.000308
FILLER_34_232,VSS,Metal1,118.8060,144.1000,0.000260
FILLER_34_225,VSS,Metal1,115.4460,144.1000,0.000211
FILLER_34_218,VSS,Metal1,112.0860,144.1000,0.000162
FILLER_34_211,VSS,Metal1,108.7260,144.1000,0.000113
FILLER_34_204,VSS,Metal1,105.3660,144.1000,0.000064
FILLER_34_197,VSS,Metal1,102.0060,144.1000,0.000015
FILLER_34_190,VSS,Metal1,98.6460,144.1000,0.000016
FILLER_34_183,VSS,Metal1,95.2860,144.1000,0.000017
FILLER_34_176,VSS,Metal1,91.9260,144.1000,0.000018
FILLER_34_169,VSS,Metal1,88.5660,144.1000,0.000019
FILLER_34_163,VSS,Metal1,84.4800,143.6400,0.000019
FILLER_34_156,VSS,Metal1,82.3260,144.1000,0.000019
FILLER_34_149,VSS,Metal1,78.9660,144.1000,0.000019
FILLER_34_142,VSS,Metal1,75.6060,144.1000,0.000019
FILLER_34_135,VSS,Metal1,72.2460,144.1000,0.000019
FILLER_34_128,VSS,Metal1,68.8860,144.1000,0.000019
FILLER_34_121,VSS,Metal1,65.5260,144.1000,0.000019
FILLER_34_114,VSS,Metal1,62.1660,144.1000,0.000019
FILLER_34_107,VSS,Metal1,58.8060,144.1000,0.000019
FILLER_34_100,VSS,Metal1,55.4460,144.1000,0.000019
FILLER_34_93,VSS,Metal1,52.0860,144.1000,0.000019
FILLER_34_87,VSS,Metal1,47.7600,143.6400,0.000021
FILLER_34_80,VSS,Metal1,45.8460,144.1000,0.000021
FILLER_34_74,VSS,Metal1,41.5200,143.6400,0.000021
FILLER_34_67,VSS,Metal1,39.6060,144.1000,0.000022
FILLER_34_47,VSS,Metal1,28.8000,143.6400,0.000015
FILLER_34_27,VSS,Metal1,19.2000,143.6400,0.000040
FILLER_34_10,VSS,Metal1,10.8000,143.6400,0.000065
FILLER_34_4,VSS,Metal1,8.1600,143.6400,0.000069
FILLER_33_308,VSS,Metal1,154.0800,143.6400,0.001846
FILLER_33_288,VSS,Metal1,144.2400,143.6400,0.001152
FILLER_33_268,VSS,Metal1,134.8800,143.6400,0.000932
FILLER_33_252,VSS,Metal1,126.9600,143.6400,0.000357
FILLER_33_245,VSS,Metal1,125.0460,143.1790,0.000356
FILLER_33_238,VSS,Metal1,121.6860,143.1790,0.000307
FILLER_33_231,VSS,Metal1,118.3260,143.1790,0.000259
FILLER_33_224,VSS,Metal1,114.9660,143.1790,0.000210
FILLER_33_217,VSS,Metal1,111.6060,143.1790,0.000161
FILLER_33_210,VSS,Metal1,108.2460,143.1790,0.000112
FILLER_33_203,VSS,Metal1,104.8860,143.1790,0.000063
FILLER_33_196,VSS,Metal1,101.5260,143.1790,0.000015
FILLER_33_189,VSS,Metal1,98.1660,143.1790,0.000016
FILLER_33_182,VSS,Metal1,94.8060,143.1790,0.000017
FILLER_33_175,VSS,Metal1,91.4460,143.1790,0.000018
FILLER_33_168,VSS,Metal1,88.0860,143.1790,0.000019
FILLER_33_161,VSS,Metal1,84.7260,143.1790,0.000019
FILLER_33_154,VSS,Metal1,81.3660,143.1790,0.000019
FILLER_33_147,VSS,Metal1,78.0060,143.1790,0.000019
FILLER_33_140,VSS,Metal1,74.6460,143.1790,0.000019
FILLER_33_133,VSS,Metal1,71.2860,143.1790,0.000019
FILLER_33_126,VSS,Metal1,67.9260,143.1790,0.000019
FILLER_33_119,VSS,Metal1,64.5660,143.1790,0.000019
FILLER_33_112,VSS,Metal1,61.2060,143.1790,0.000019
FILLER_33_105,VSS,Metal1,57.8460,143.1790,0.000019
FILLER_33_98,VSS,Metal1,54.4860,143.1790,0.000019
FILLER_33_91,VSS,Metal1,51.1260,143.1790,0.000019
FILLER_33_84,VSS,Metal1,47.7660,143.1790,0.000021
FILLER_33_77,VSS,Metal1,44.4060,143.1790,0.000021
FILLER_33_68,VSS,Metal1,38.6400,143.6400,0.000022
FILLER_33_61,VSS,Metal1,36.7260,143.1790,0.000021
FILLER_33_44,VSS,Metal1,27.1200,143.6400,0.000009
FILLER_33_42,VSS,Metal1,26.4000,143.6400,0.000009
FILLER_33_4,VSS,Metal1,8.1600,143.6400,0.000069
FILLER_32_326,VSS,Metal1,162.4800,136.0800,0.000682
FILLER_32_300,VSS,Metal1,150.2400,136.0800,0.000599
FILLER_32_294,VSS,Metal1,147.1200,136.0800,0.000564
FILLER_32_292,VSS,Metal1,146.4000,136.0800,0.000551
FILLER_32_276,VSS,Metal1,138.4800,136.0800,0.000499
FILLER_32_269,VSS,Metal1,136.5660,136.5400,0.000498
FILLER_32_262,VSS,Metal1,133.2060,136.5400,0.000488
FILLER_32_255,VSS,Metal1,129.8460,136.5400,0.000482
FILLER_32_248,VSS,Metal1,126.4860,136.5400,0.000019
FILLER_32_241,VSS,Metal1,123.1260,136.5400,0.000018
FILLER_32_234,VSS,Metal1,119.7660,136.5400,0.000017
FILLER_32_227,VSS,Metal1,116.4060,136.5400,0.000017
FILLER_32_220,VSS,Metal1,113.0460,136.5400,0.000016
FILLER_32_213,VSS,Metal1,109.6860,136.5400,0.000015
FILLER_32_206,VSS,Metal1,106.3260,136.5400,0.000015
FILLER_32_199,VSS,Metal1,102.9660,136.5400,0.000014
FILLER_32_192,VSS,Metal1,99.6060,136.5400,0.000014
FILLER_32_185,VSS,Metal1,96.2460,136.5400,0.000014
FILLER_32_178,VSS,Metal1,92.8860,136.5400,0.000014
FILLER_32_171,VSS,Metal1,89.5260,136.5400,0.000014
FILLER_32_164,VSS,Metal1,86.1660,136.5400,0.000014
FILLER_32_157,VSS,Metal1,82.8060,136.5400,0.000014
FILLER_32_150,VSS,Metal1,79.4460,136.5400,0.000014
FILLER_32_143,VSS,Metal1,76.0860,136.5400,0.000014
FILLER_32_136,VSS,Metal1,72.7260,136.5400,0.000014
FILLER_32_129,VSS,Metal1,69.3660,136.5400,0.000014
FILLER_32_122,VSS,Metal1,66.0060,136.5400,0.000014
FILLER_32_115,VSS,Metal1,62.6460,136.5400,0.000014
FILLER_32_108,VSS,Metal1,59.2860,136.5400,0.000014
FILLER_32_101,VSS,Metal1,55.9260,136.5400,0.000014
FILLER_32_82,VSS,Metal1,45.6000,136.0800,0.000015
FILLER_32_78,VSS,Metal1,44.1480,136.4560,0.000015
FILLER_32_64,VSS,Metal1,37.4280,136.4560,0.000015
FILLER_32_57,VSS,Metal1,34.8060,136.5400,0.000015
FILLER_32_52,VSS,Metal1,30.9600,136.0800,0.000012
FILLER_32_50,VSS,Metal1,30.2400,136.0800,0.000012
FILLER_32_28,VSS,Metal1,19.4400,136.0800,0.000184
FILLER_32_26,VSS,Metal1,18.7200,136.0800,0.000184
FILLER_32_4,VSS,Metal1,8.1600,136.0800,0.000212
FILLER_31_329,VSS,Metal1,164.1600,136.0800,0.000691
FILLER_31_324,VSS,Metal1,161.5200,136.0800,0.000682
FILLER_31_307,VSS,Metal1,153.3600,136.0800,0.000618
FILLER_31_288,VSS,Metal1,144.2400,136.0800,0.000519
FILLER_31_286,VSS,Metal1,143.5200,136.0800,0.000519
FILLER_31_276,VSS,Metal1,138.7200,136.0800,0.000499
FILLER_31_269,VSS,Metal1,136.5660,135.6190,0.000498
FILLER_31_252,VSS,Metal1,127.2000,136.0800,0.000019
FILLER_31_245,VSS,Metal1,125.0460,135.6190,0.000018
FILLER_31_238,VSS,Metal1,121.6860,135.6190,0.000017
FILLER_31_231,VSS,Metal1,118.3260,135.6190,0.000017
FILLER_31_224,VSS,Metal1,114.9660,135.6190,0.000016
FILLER_31_217,VSS,Metal1,111.6060,135.6190,0.000016
FILLER_31_210,VSS,Metal1,108.2460,135.6190,0.000015
FILLER_31_203,VSS,Metal1,104.8860,135.6190,0.000014
FILLER_31_196,VSS,Metal1,101.5260,135.6190,0.000014
FILLER_31_189,VSS,Metal1,98.1660,135.6190,0.000014
FILLER_31_182,VSS,Metal1,94.8060,135.6190,0.000014
FILLER_31_175,VSS,Metal1,91.4460,135.6190,0.000014
FILLER_31_168,VSS,Metal1,88.0860,135.6190,0.000014
FILLER_31_161,VSS,Metal1,84.7260,135.6190,0.000014
FILLER_31_154,VSS,Metal1,81.3660,135.6190,0.000014
FILLER_31_147,VSS,Metal1,78.0060,135.6190,0.000014
FILLER_31_140,VSS,Metal1,74.6460,135.6190,0.000014
FILLER_31_133,VSS,Metal1,71.2860,135.6190,0.000014
FILLER_31_126,VSS,Metal1,67.9260,135.6190,0.000014
FILLER_31_119,VSS,Metal1,64.5660,135.6190,0.000014
FILLER_31_112,VSS,Metal1,61.2060,135.6190,0.000014
FILLER_31_105,VSS,Metal1,57.8460,135.6190,0.000014
FILLER_31_98,VSS,Metal1,54.4860,135.6190,0.000014
FILLER_31_91,VSS,Metal1,51.1260,135.6190,0.000014
FILLER_31_84,VSS,Metal1,47.7660,135.6190,0.000015
FILLER_31_77,VSS,Metal1,44.4060,135.6190,0.000015
FILLER_31_70,VSS,Metal1,41.0460,135.6190,0.000015
FILLER_31_63,VSS,Metal1,37.6860,135.6190,0.000015
FILLER_31_56,VSS,Metal1,33.1200,136.0800,0.000014
FILLER_31_48,VSS,Metal1,29.0400,136.0800,0.000012
FILLER_31_46,VSS,Metal1,28.3200,136.0800,0.000009
FILLER_30_343,VSS,Metal1,170.6400,128.5200,0.000315
FILLER_30_341,VSS,Metal1,169.9200,128.5200,0.000315
FILLER_30_332,VSS,Metal1,165.3600,128.5200,0.000313
FILLER_30_319,VSS,Metal1,159.1200,128.5200,0.000298
FILLER_30_317,VSS,Metal1,158.4000,128.5200,0.000287
FILLER_30_300,VSS,Metal1,150.0000,128.5200,0.000225
FILLER_30_298,VSS,Metal1,149.2800,128.5200,0.000225
FILLER_30_290,VSS,Metal1,145.4400,128.5200,0.000225
FILLER_30_286,VSS,Metal1,143.9880,128.8960,0.000225
FILLER_30_274,VSS,Metal1,137.5200,128.5200,0.000182
FILLER_30_267,VSS,Metal1,135.6060,128.9800,0.000178
FILLER_30_260,VSS,Metal1,132.2460,128.9800,0.000178
FILLER_30_253,VSS,Metal1,128.8860,128.9800,0.000065
FILLER_30_246,VSS,Metal1,125.5260,128.9800,0.000027
FILLER_30_239,VSS,Metal1,122.1660,128.9800,0.000023
FILLER_30_232,VSS,Metal1,118.8060,128.9800,0.000015
FILLER_30_226,VSS,Metal1,114.4800,128.5200,0.000008
FILLER_30_219,VSS,Metal1,112.5660,128.9800,0.000008
FILLER_30_212,VSS,Metal1,109.2060,128.9800,0.000007
FILLER_30_205,VSS,Metal1,105.8460,128.9800,0.000007
FILLER_30_198,VSS,Metal1,102.4860,128.9800,0.000006
FILLER_30_194,VSS,Metal1,99.1200,128.5200,0.000006
FILLER_30_187,VSS,Metal1,97.2060,128.9800,0.000006
FILLER_30_180,VSS,Metal1,93.8460,128.9800,0.000007
FILLER_30_173,VSS,Metal1,90.4860,128.9800,0.000008
FILLER_30_166,VSS,Metal1,87.1260,128.9800,0.000008
FILLER_30_159,VSS,Metal1,83.7660,128.9800,0.000009
FILLER_30_152,VSS,Metal1,80.4060,128.9800,0.000009
FILLER_30_145,VSS,Metal1,77.0460,128.9800,0.000010
FILLER_30_138,VSS,Metal1,73.6860,128.9800,0.000011
FILLER_30_131,VSS,Metal1,70.3260,128.9800,0.000011
FILLER_30_124,VSS,Metal1,66.9660,128.9800,0.000012
FILLER_30_117,VSS,Metal1,63.6060,128.9800,0.000013
FILLER_30_110,VSS,Metal1,60.2460,128.9800,0.000013
FILLER_30_103,VSS,Metal1,56.8860,128.9800,0.000014
FILLER_30_96,VSS,Metal1,53.5260,128.9800,0.000014
FILLER_30_89,VSS,Metal1,50.1660,128.9800,0.000015
FILLER_30_73,VSS,Metal1,41.7480,128.8960,0.000016
FILLER_30_66,VSS,Metal1,39.1260,128.9800,0.000016
FILLER_30_59,VSS,Metal1,35.7660,128.9800,0.000016
FILLER_30_52,VSS,Metal1,31.6680,128.8960,0.000004
FILLER_30_45,VSS,Metal1,29.0460,128.9800,0.000003
FILLER_29_342,VSS,Metal1,170.4000,128.5200,0.000315
FILLER_29_333,VSS,Metal1,165.8400,128.5200,0.000313
FILLER_29_294,VSS,Metal1,148.5660,128.0590,0.000225
FILLER_29_287,VSS,Metal1,145.2060,128.0590,0.000225
FILLER_29_280,VSS,Metal1,141.8460,128.0590,0.000208
FILLER_29_274,VSS,Metal1,137.5200,128.5200,0.000182
FILLER_29_272,VSS,Metal1,136.8000,128.5200,0.000178
FILLER_29_265,VSS,Metal1,134.6460,128.0590,0.000178
FILLER_29_257,VSS,Metal1,129.6000,128.5200,0.000065
FILLER_29_253,VSS,Metal1,128.1480,128.1430,0.000065
FILLER_29_246,VSS,Metal1,125.5260,128.0590,0.000027
FILLER_29_239,VSS,Metal1,122.1660,128.0590,0.000023
FILLER_29_234,VSS,Metal1,118.3200,128.5200,0.000015
FILLER_29_230,VSS,Metal1,117.1080,128.1430,0.000015
FILLER_29_223,VSS,Metal1,114.4860,128.0590,0.000008
FILLER_29_216,VSS,Metal1,111.1260,128.0590,0.000007
FILLER_29_209,VSS,Metal1,107.7660,128.0590,0.000007
FILLER_29_202,VSS,Metal1,104.4060,128.0590,0.000006
FILLER_29_195,VSS,Metal1,101.0460,128.0590,0.000006
FILLER_29_188,VSS,Metal1,97.6860,128.0590,0.000006
FILLER_29_181,VSS,Metal1,94.3260,128.0590,0.000007
FILLER_29_174,VSS,Metal1,90.9660,128.0590,0.000007
FILLER_29_167,VSS,Metal1,87.6060,128.0590,0.000008
FILLER_29_160,VSS,Metal1,84.2460,128.0590,0.000009
FILLER_29_153,VSS,Metal1,80.8860,128.0590,0.000009
FILLER_29_146,VSS,Metal1,77.5260,128.0590,0.000010
FILLER_29_139,VSS,Metal1,74.1660,128.0590,0.000011
FILLER_29_132,VSS,Metal1,70.8060,128.0590,0.000011
FILLER_29_125,VSS,Metal1,67.4460,128.0590,0.000012
FILLER_29_118,VSS,Metal1,64.0860,128.0590,0.000013
FILLER_29_111,VSS,Metal1,60.7260,128.0590,0.000013
FILLER_29_104,VSS,Metal1,57.3660,128.0590,0.000014
FILLER_29_97,VSS,Metal1,54.0060,128.0590,0.000014
FILLER_29_90,VSS,Metal1,50.6460,128.0590,0.000015
FILLER_29_83,VSS,Metal1,47.2860,128.0590,0.000015
FILLER_29_76,VSS,Metal1,43.9260,128.0590,0.000016
FILLER_29_69,VSS,Metal1,40.5660,128.0590,0.000016
FILLER_29_43,VSS,Metal1,28.0860,128.0590,0.000003
FILLER_29_36,VSS,Metal1,24.7260,128.0590,0.000003
FILLER_29_29,VSS,Metal1,21.3660,128.0590,0.000035
FILLER_29_14,VSS,Metal1,12.7200,128.5200,0.000108
FILLER_28_338,VSS,Metal1,168.4800,120.9600,0.000367
FILLER_28_320,VSS,Metal1,159.8400,120.9600,0.000351
FILLER_28_305,VSS,Metal1,152.4000,120.9600,0.000211
FILLER_28_298,VSS,Metal1,150.4860,121.4200,0.000201
FILLER_28_286,VSS,Metal1,144.7260,121.4200,0.000034
FILLER_28_279,VSS,Metal1,139.9200,120.9600,0.000013
FILLER_28_275,VSS,Metal1,138.7080,121.3360,0.000013
FILLER_28_268,VSS,Metal1,136.0860,121.4200,0.000010
FILLER_28_261,VSS,Metal1,132.7260,121.4200,0.000010
FILLER_28_249,VSS,Metal1,126.9660,121.4200,0.000003
FILLER_28_242,VSS,Metal1,123.6060,121.4200,0.000003
FILLER_28_235,VSS,Metal1,120.2460,121.4200,0.000003
FILLER_28_228,VSS,Metal1,116.8860,121.4200,0.000003
FILLER_28_221,VSS,Metal1,113.5260,121.4200,0.000003
FILLER_28_214,VSS,Metal1,110.1660,121.4200,0.000003
FILLER_28_207,VSS,Metal1,106.8060,121.4200,0.000003
FILLER_28_200,VSS,Metal1,103.4460,121.4200,0.000003
FILLER_28_193,VSS,Metal1,100.0860,121.4200,0.000003
FILLER_28_186,VSS,Metal1,96.7260,121.4200,0.000003
FILLER_28_179,VSS,Metal1,93.3660,121.4200,0.000003
FILLER_28_172,VSS,Metal1,90.0060,121.4200,0.000003
FILLER_28_165,VSS,Metal1,86.6460,121.4200,0.000003
FILLER_28_158,VSS,Metal1,83.2860,121.4200,0.000003
FILLER_28_151,VSS,Metal1,79.9260,121.4200,0.000003
FILLER_28_144,VSS,Metal1,76.5660,121.4200,0.000003
FILLER_28_137,VSS,Metal1,73.2060,121.4200,0.000003
FILLER_28_130,VSS,Metal1,69.8460,121.4200,0.000003
FILLER_28_123,VSS,Metal1,66.4860,121.4200,0.000003
FILLER_28_116,VSS,Metal1,63.1260,121.4200,0.000003
FILLER_28_109,VSS,Metal1,59.7660,121.4200,0.000003
FILLER_28_102,VSS,Metal1,56.4060,121.4200,0.000003
FILLER_28_95,VSS,Metal1,53.0460,121.4200,0.000003
FILLER_28_83,VSS,Metal1,45.8400,120.9600,0.000004
FILLER_28_81,VSS,Metal1,45.1200,120.9600,0.000004
FILLER_28_74,VSS,Metal1,42.9660,121.4200,0.000004
FILLER_28_67,VSS,Metal1,39.6060,121.4200,0.000004
FILLER_28_60,VSS,Metal1,36.2460,121.4200,0.000004
FILLER_28_53,VSS,Metal1,32.8860,121.4200,0.000004
FILLER_28_46,VSS,Metal1,29.5260,121.4200,0.000004
FILLER_28_35,VSS,Metal1,23.0400,120.9600,0.000003
FILLER_28_31,VSS,Metal1,21.5880,121.3360,0.000020
FILLER_28_24,VSS,Metal1,18.9660,121.4200,0.000026
FILLER_27_334,VSS,Metal1,166.3200,120.9600,0.000364
FILLER_27_304,VSS,Metal1,153.3660,120.4990,0.000211
FILLER_27_294,VSS,Metal1,147.8280,120.5830,0.000051
FILLER_27_287,VSS,Metal1,145.2060,120.4990,0.000034
FILLER_27_280,VSS,Metal1,141.8460,120.4990,0.000023
FILLER_27_270,VSS,Metal1,135.8400,120.9600,0.000010
FILLER_27_263,VSS,Metal1,133.6860,120.4990,0.000010
FILLER_27_255,VSS,Metal1,128.6400,120.9600,0.000006
FILLER_27_251,VSS,Metal1,127.1880,120.5830,0.000003
FILLER_27_244,VSS,Metal1,124.5660,120.4990,0.000003
FILLER_27_237,VSS,Metal1,121.2060,120.4990,0.000003
FILLER_27_230,VSS,Metal1,117.8460,120.4990,0.000003
FILLER_27_223,VSS,Metal1,114.4860,120.4990,0.000003
FILLER_27_216,VSS,Metal1,111.1260,120.4990,0.000003
FILLER_27_209,VSS,Metal1,107.7660,120.4990,0.000003
FILLER_27_202,VSS,Metal1,104.4060,120.4990,0.000003
FILLER_27_195,VSS,Metal1,101.0460,120.4990,0.000003
FILLER_27_188,VSS,Metal1,97.6860,120.4990,0.000003
FILLER_27_181,VSS,Metal1,94.3260,120.4990,0.000003
FILLER_27_174,VSS,Metal1,90.9660,120.4990,0.000003
FILLER_27_167,VSS,Metal1,87.6060,120.4990,0.000003
FILLER_27_160,VSS,Metal1,84.2460,120.4990,0.000003
FILLER_27_153,VSS,Metal1,80.8860,120.4990,0.000003
FILLER_27_146,VSS,Metal1,77.5260,120.4990,0.000003
FILLER_27_139,VSS,Metal1,74.1660,120.4990,0.000003
FILLER_27_132,VSS,Metal1,70.8060,120.4990,0.000003
FILLER_27_125,VSS,Metal1,67.4460,120.4990,0.000003
FILLER_27_118,VSS,Metal1,64.0860,120.4990,0.000003
FILLER_27_111,VSS,Metal1,60.7260,120.4990,0.000003
FILLER_27_104,VSS,Metal1,57.3660,120.4990,0.000003
FILLER_27_97,VSS,Metal1,54.0060,120.4990,0.000003
FILLER_27_90,VSS,Metal1,50.6460,120.4990,0.000003
FILLER_27_82,VSS,Metal1,45.6000,120.9600,0.000004
FILLER_27_78,VSS,Metal1,44.1480,120.5830,0.000004
FILLER_27_71,VSS,Metal1,41.5260,120.4990,0.000004
FILLER_27_61,VSS,Metal1,35.9880,120.5830,0.000004
FILLER_27_54,VSS,Metal1,33.3660,120.4990,0.000004
FILLER_27_49,VSS,Metal1,29.5200,120.9600,0.000004
FILLER_27_42,VSS,Metal1,27.6060,120.4990,0.000004
FILLER_27_35,VSS,Metal1,24.2460,120.4990,0.000003
FILLER_27_20,VSS,Metal1,15.6000,120.9600,0.000063
FILLER_27_18,VSS,Metal1,14.8800,120.9600,0.000063
FILLER_26_334,VSS,Metal1,166.3200,113.4000,0.000087
FILLER_26_320,VSS,Metal1,159.8400,113.4000,0.000072
FILLER_26_313,VSS,Metal1,157.6860,113.8600,0.000070
FILLER_26_306,VSS,Metal1,154.3260,113.8600,0.000066
FILLER_26_299,VSS,Metal1,150.9660,113.8600,0.000061
FILLER_26_292,VSS,Metal1,147.6060,113.8600,0.000061
FILLER_26_285,VSS,Metal1,144.2460,113.8600,0.000057
FILLER_26_278,VSS,Metal1,140.8860,113.8600,0.000052
FILLER_26_270,VSS,Metal1,136.3080,113.7760,0.000026
FILLER_26_263,VSS,Metal1,133.6860,113.8600,0.000026
FILLER_26_256,VSS,Metal1,130.3260,113.8600,0.000026
FILLER_26_249,VSS,Metal1,126.9660,113.8600,0.000025
FILLER_26_242,VSS,Metal1,123.6060,113.8600,0.000022
FILLER_26_235,VSS,Metal1,120.2460,113.8600,0.000020
FILLER_26_228,VSS,Metal1,116.8860,113.8600,0.000017
FILLER_26_221,VSS,Metal1,113.5260,113.8600,0.000014
FILLER_26_214,VSS,Metal1,110.1660,113.8600,0.000012
FILLER_26_207,VSS,Metal1,106.8060,113.8600,0.000009
FILLER_26_200,VSS,Metal1,103.4460,113.8600,0.000006
FILLER_26_193,VSS,Metal1,100.0860,113.8600,0.000004
FILLER_26_186,VSS,Metal1,96.7260,113.8600,0.000004
FILLER_26_179,VSS,Metal1,93.3660,113.8600,0.000004
FILLER_26_172,VSS,Metal1,90.0060,113.8600,0.000004
FILLER_26_165,VSS,Metal1,86.6460,113.8600,0.000004
FILLER_26_158,VSS,Metal1,83.2860,113.8600,0.000004
FILLER_26_151,VSS,Metal1,79.9260,113.8600,0.000004
FILLER_26_144,VSS,Metal1,76.5660,113.8600,0.000004
FILLER_26_137,VSS,Metal1,73.2060,113.8600,0.000004
FILLER_26_130,VSS,Metal1,69.8460,113.8600,0.000004
FILLER_26_123,VSS,Metal1,66.4860,113.8600,0.000004
FILLER_26_116,VSS,Metal1,63.1260,113.8600,0.000004
FILLER_26_109,VSS,Metal1,59.7660,113.8600,0.000004
FILLER_26_102,VSS,Metal1,56.4060,113.8600,0.000004
FILLER_26_95,VSS,Metal1,53.0460,113.8600,0.000004
FILLER_26_88,VSS,Metal1,49.6860,113.8600,0.000004
FILLER_26_81,VSS,Metal1,46.3260,113.8600,0.000004
FILLER_26_74,VSS,Metal1,42.9660,113.8600,0.000004
FILLER_26_57,VSS,Metal1,33.6000,113.4000,0.000004
FILLER_26_37,VSS,Metal1,24.0000,113.4000,0.000004
FILLER_26_30,VSS,Metal1,21.8460,113.8600,0.000004
FILLER_26_23,VSS,Metal1,18.4860,113.8600,0.000004
FILLER_26_0,VSS,Metal1,6.2400,113.4000,0.000029
FILLER_25_342,VSS,Metal1,170.4000,113.4000,0.000089
FILLER_25_318,VSS,Metal1,158.8800,113.4000,0.000070
FILLER_25_312,VSS,Metal1,156.0000,113.4000,0.000068
FILLER_25_308,VSS,Metal1,154.5480,113.0230,0.000066
FILLER_25_292,VSS,Metal1,146.1600,113.4000,0.000061
FILLER_25_290,VSS,Metal1,145.4400,113.4000,0.000057
FILLER_25_272,VSS,Metal1,136.5600,113.4000,0.000026
FILLER_25_268,VSS,Metal1,135.3480,113.0230,0.000026
FILLER_25_261,VSS,Metal1,132.7260,112.9390,0.000026
FILLER_25_249,VSS,Metal1,125.5200,113.4000,0.000025
FILLER_25_242,VSS,Metal1,123.6060,112.9390,0.000022
FILLER_25_235,VSS,Metal1,120.2460,112.9390,0.000020
FILLER_25_228,VSS,Metal1,116.8860,112.9390,0.000017
FILLER_25_221,VSS,Metal1,113.5260,112.9390,0.000014
FILLER_25_214,VSS,Metal1,110.1660,112.9390,0.000012
FILLER_25_207,VSS,Metal1,106.8060,112.9390,0.000009
FILLER_25_200,VSS,Metal1,103.4460,112.9390,0.000006
FILLER_25_193,VSS,Metal1,100.0860,112.9390,0.000004
FILLER_25_186,VSS,Metal1,96.7260,112.9390,0.000004
FILLER_25_179,VSS,Metal1,93.3660,112.9390,0.000004
FILLER_25_172,VSS,Metal1,90.0060,112.9390,0.000004
FILLER_25_165,VSS,Metal1,86.6460,112.9390,0.000004
FILLER_25_158,VSS,Metal1,83.2860,112.9390,0.000004
FILLER_25_151,VSS,Metal1,79.9260,112.9390,0.000004
FILLER_25_144,VSS,Metal1,76.5660,112.9390,0.000004
FILLER_25_137,VSS,Metal1,73.2060,112.9390,0.000004
FILLER_25_130,VSS,Metal1,69.8460,112.9390,0.000004
FILLER_25_123,VSS,Metal1,66.4860,112.9390,0.000004
FILLER_25_116,VSS,Metal1,63.1260,112.9390,0.000004
FILLER_25_109,VSS,Metal1,59.7660,112.9390,0.000004
FILLER_25_102,VSS,Metal1,56.4060,112.9390,0.000004
FILLER_25_95,VSS,Metal1,53.0460,112.9390,0.000004
FILLER_25_88,VSS,Metal1,49.6860,112.9390,0.000004
FILLER_25_81,VSS,Metal1,46.3260,112.9390,0.000004
FILLER_25_70,VSS,Metal1,41.0460,112.9390,0.000004
FILLER_25_63,VSS,Metal1,37.6860,112.9390,0.000004
FILLER_25_56,VSS,Metal1,34.3260,112.9390,0.000004
FILLER_25_49,VSS,Metal1,30.9660,112.9390,0.000004
FILLER_25_42,VSS,Metal1,27.6060,112.9390,0.000004
FILLER_25_35,VSS,Metal1,24.2460,112.9390,0.000004
FILLER_25_28,VSS,Metal1,20.8860,112.9390,0.000004
FILLER_24_342,VSS,Metal1,170.4000,105.8400,0.000639
FILLER_24_325,VSS,Metal1,162.0000,105.8400,0.000619
FILLER_24_323,VSS,Metal1,161.2800,105.8400,0.000612
FILLER_24_316,VSS,Metal1,157.9200,105.8400,0.000604
FILLER_24_312,VSS,Metal1,156.4680,106.2160,0.000601
FILLER_24_305,VSS,Metal1,153.8460,106.3000,0.000591
FILLER_24_291,VSS,Metal1,145.9200,105.8400,0.000368
FILLER_24_287,VSS,Metal1,144.4680,106.2160,0.000367
FILLER_24_280,VSS,Metal1,141.8460,106.3000,0.000344
FILLER_24_271,VSS,Metal1,136.0800,105.8400,0.000298
FILLER_24_269,VSS,Metal1,135.3600,105.8400,0.000298
FILLER_24_250,VSS,Metal1,126.0000,105.8400,0.000226
FILLER_24_248,VSS,Metal1,125.2800,105.8400,0.000225
FILLER_24_241,VSS,Metal1,123.1260,106.3000,0.000220
FILLER_24_234,VSS,Metal1,119.7660,106.3000,0.000191
FILLER_24_227,VSS,Metal1,116.4060,106.3000,0.000162
FILLER_24_220,VSS,Metal1,113.0460,106.3000,0.000133
FILLER_24_213,VSS,Metal1,109.6860,106.3000,0.000104
FILLER_24_206,VSS,Metal1,106.3260,106.3000,0.000076
FILLER_24_199,VSS,Metal1,102.9660,106.3000,0.000047
FILLER_24_192,VSS,Metal1,99.6060,106.3000,0.000019
FILLER_24_185,VSS,Metal1,96.2460,106.3000,0.000018
FILLER_24_178,VSS,Metal1,92.8860,106.3000,0.000017
FILLER_24_171,VSS,Metal1,89.5260,106.3000,0.000017
FILLER_24_164,VSS,Metal1,86.1660,106.3000,0.000016
FILLER_24_157,VSS,Metal1,82.8060,106.3000,0.000016
FILLER_24_150,VSS,Metal1,79.4460,106.3000,0.000015
FILLER_24_143,VSS,Metal1,76.0860,106.3000,0.000015
FILLER_24_136,VSS,Metal1,72.7260,106.3000,0.000014
FILLER_24_129,VSS,Metal1,69.3660,106.3000,0.000013
FILLER_24_122,VSS,Metal1,66.0060,106.3000,0.000013
FILLER_24_115,VSS,Metal1,62.6460,106.3000,0.000012
FILLER_24_108,VSS,Metal1,59.2860,106.3000,0.000011
FILLER_24_101,VSS,Metal1,55.9260,106.3000,0.000011
FILLER_24_94,VSS,Metal1,52.5660,106.3000,0.000010
FILLER_24_87,VSS,Metal1,49.2060,106.3000,0.000006
FILLER_24_66,VSS,Metal1,37.9200,105.8400,0.000004
FILLER_24_49,VSS,Metal1,29.5200,105.8400,0.000002
FILLER_24_42,VSS,Metal1,27.6060,106.3000,0.000002
FILLER_24_30,VSS,Metal1,20.4000,105.8400,0.000006
FILLER_24_28,VSS,Metal1,19.6800,105.8400,0.000008
FILLER_24_18,VSS,Metal1,14.8800,105.8400,0.000014
FILLER_24_0,VSS,Metal1,6.0000,105.8400,0.000017
FILLER_23_338,VSS,Metal1,168.4800,105.8400,0.000637
FILLER_23_328,VSS,Metal1,163.6800,105.8400,0.000625
FILLER_23_311,VSS,Metal1,155.9880,105.4630,0.000601
FILLER_23_303,VSS,Metal1,151.6800,105.8400,0.000396
FILLER_23_290,VSS,Metal1,145.2000,105.8400,0.000367
FILLER_23_288,VSS,Metal1,144.4800,105.8400,0.000367
FILLER_23_242,VSS,Metal1,122.8680,105.4630,0.000220
FILLER_23_235,VSS,Metal1,120.2460,105.3790,0.000191
FILLER_23_228,VSS,Metal1,116.8860,105.3790,0.000163
FILLER_23_221,VSS,Metal1,113.5260,105.3790,0.000134
FILLER_23_214,VSS,Metal1,110.1660,105.3790,0.000105
FILLER_23_207,VSS,Metal1,106.8060,105.3790,0.000076
FILLER_23_200,VSS,Metal1,103.4460,105.3790,0.000047
FILLER_23_193,VSS,Metal1,100.0860,105.3790,0.000019
FILLER_23_186,VSS,Metal1,96.7260,105.3790,0.000018
FILLER_23_179,VSS,Metal1,93.3660,105.3790,0.000017
FILLER_23_172,VSS,Metal1,90.0060,105.3790,0.000017
FILLER_23_165,VSS,Metal1,86.6460,105.3790,0.000016
FILLER_23_158,VSS,Metal1,83.2860,105.3790,0.000016
FILLER_23_151,VSS,Metal1,79.9260,105.3790,0.000015
FILLER_23_144,VSS,Metal1,76.5660,105.3790,0.000015
FILLER_23_137,VSS,Metal1,73.2060,105.3790,0.000014
FILLER_23_130,VSS,Metal1,69.8460,105.3790,0.000013
FILLER_23_123,VSS,Metal1,66.4860,105.3790,0.000013
FILLER_23_116,VSS,Metal1,63.1260,105.3790,0.000012
FILLER_23_109,VSS,Metal1,59.7660,105.3790,0.000012
FILLER_23_102,VSS,Metal1,56.4060,105.3790,0.000011
FILLER_23_95,VSS,Metal1,53.0460,105.3790,0.000010
FILLER_23_83,VSS,Metal1,45.8400,105.8400,0.000004
FILLER_23_81,VSS,Metal1,45.1200,105.8400,0.000004
FILLER_23_73,VSS,Metal1,41.2800,105.8400,0.000004
FILLER_23_66,VSS,Metal1,39.1260,105.3790,0.000004
FILLER_23_59,VSS,Metal1,35.7660,105.3790,0.000003
FILLER_23_52,VSS,Metal1,32.4060,105.3790,0.000002
FILLER_23_45,VSS,Metal1,29.0460,105.3790,0.000002
FILLER_23_33,VSS,Metal1,21.8400,105.8400,0.000006
FILLER_23_29,VSS,Metal1,20.6280,105.4630,0.000006
FILLER_23_2,VSS,Metal1,6.9600,105.8400,0.000017
FILLER_23_0,VSS,Metal1,6.2400,105.8400,0.000017
FILLER_22_339,VSS,Metal1,168.7200,98.2800,0.000370
FILLER_22_310,VSS,Metal1,155.0400,98.2800,0.000314
FILLER_22_303,VSS,Metal1,152.8860,98.7400,0.000305
FILLER_22_291,VSS,Metal1,145.6800,98.2800,0.000297
FILLER_22_287,VSS,Metal1,144.4680,98.6560,0.000297
FILLER_22_267,VSS,Metal1,135.6060,98.7400,0.000177
FILLER_22_249,VSS,Metal1,125.5200,98.2800,0.000126
FILLER_22_245,VSS,Metal1,124.3080,98.6560,0.000126
FILLER_22_238,VSS,Metal1,121.6860,98.7400,0.000113
FILLER_22_231,VSS,Metal1,118.3260,98.7400,0.000095
FILLER_22_224,VSS,Metal1,114.9660,98.7400,0.000077
FILLER_22_217,VSS,Metal1,111.6060,98.7400,0.000059
FILLER_22_210,VSS,Metal1,108.2460,98.7400,0.000041
FILLER_22_203,VSS,Metal1,104.8860,98.7400,0.000023
FILLER_22_196,VSS,Metal1,101.5260,98.7400,0.000005
FILLER_22_189,VSS,Metal1,98.1660,98.7400,0.000006
FILLER_22_182,VSS,Metal1,94.8060,98.7400,0.000006
FILLER_22_175,VSS,Metal1,91.4460,98.7400,0.000007
FILLER_22_168,VSS,Metal1,88.0860,98.7400,0.000007
FILLER_22_161,VSS,Metal1,84.7260,98.7400,0.000007
FILLER_22_154,VSS,Metal1,81.3660,98.7400,0.000008
FILLER_22_147,VSS,Metal1,78.0060,98.7400,0.000008
FILLER_22_140,VSS,Metal1,74.6460,98.7400,0.000008
FILLER_22_133,VSS,Metal1,71.2860,98.7400,0.000009
FILLER_22_126,VSS,Metal1,67.9260,98.7400,0.000009
FILLER_22_119,VSS,Metal1,64.5660,98.7400,0.000009
FILLER_22_112,VSS,Metal1,61.2060,98.7400,0.000009
FILLER_22_105,VSS,Metal1,57.8460,98.7400,0.000010
FILLER_22_98,VSS,Metal1,54.4860,98.7400,0.000010
FILLER_22_91,VSS,Metal1,51.1260,98.7400,0.000010
FILLER_22_84,VSS,Metal1,47.7660,98.7400,0.000012
FILLER_22_76,VSS,Metal1,43.1880,98.6560,0.000013
FILLER_22_69,VSS,Metal1,40.5660,98.7400,0.000013
FILLER_22_62,VSS,Metal1,37.2060,98.7400,0.000013
FILLER_22_55,VSS,Metal1,33.8460,98.7400,0.000014
FILLER_22_48,VSS,Metal1,30.4860,98.7400,0.000014
FILLER_22_41,VSS,Metal1,27.1260,98.7400,0.000014
FILLER_22_33,VSS,Metal1,22.5480,98.6560,0.000040
FILLER_22_6,VSS,Metal1,8.8800,98.2800,0.000096
FILLER_22_4,VSS,Metal1,8.1600,98.2800,0.000096
FILLER_21_334,VSS,Metal1,166.5600,98.2800,0.000365
FILLER_21_313,VSS,Metal1,156.4800,98.2800,0.000348
FILLER_21_309,VSS,Metal1,155.0280,97.9030,0.000314
FILLER_21_302,VSS,Metal1,152.4060,97.8190,0.000304
FILLER_21_295,VSS,Metal1,149.0460,97.8190,0.000300
FILLER_21_288,VSS,Metal1,145.6860,97.8190,0.000297
FILLER_21_281,VSS,Metal1,142.3260,97.8190,0.000287
FILLER_21_273,VSS,Metal1,137.2800,98.2800,0.000180
FILLER_21_266,VSS,Metal1,135.1260,97.8190,0.000176
FILLER_21_259,VSS,Metal1,131.7660,97.8190,0.000157
FILLER_21_246,VSS,Metal1,125.5260,97.8190,0.000126
FILLER_21_239,VSS,Metal1,122.1660,97.8190,0.000113
FILLER_21_232,VSS,Metal1,118.8060,97.8190,0.000095
FILLER_21_225,VSS,Metal1,115.4460,97.8190,0.000077
FILLER_21_218,VSS,Metal1,112.0860,97.8190,0.000059
FILLER_21_211,VSS,Metal1,108.7260,97.8190,0.000041
FILLER_21_204,VSS,Metal1,105.3660,97.8190,0.000023
FILLER_21_197,VSS,Metal1,102.0060,97.8190,0.000006
FILLER_21_190,VSS,Metal1,98.6460,97.8190,0.000006
FILLER_21_183,VSS,Metal1,95.2860,97.8190,0.000006
FILLER_21_176,VSS,Metal1,91.9260,97.8190,0.000006
FILLER_21_169,VSS,Metal1,88.5660,97.8190,0.000007
FILLER_21_162,VSS,Metal1,85.2060,97.8190,0.000007
FILLER_21_155,VSS,Metal1,81.8460,97.8190,0.000008
FILLER_21_148,VSS,Metal1,78.4860,97.8190,0.000008
FILLER_21_141,VSS,Metal1,75.1260,97.8190,0.000008
FILLER_21_134,VSS,Metal1,71.7660,97.8190,0.000009
FILLER_21_127,VSS,Metal1,68.4060,97.8190,0.000009
FILLER_21_120,VSS,Metal1,65.0460,97.8190,0.000009
FILLER_21_113,VSS,Metal1,61.6860,97.8190,0.000009
FILLER_21_106,VSS,Metal1,58.3260,97.8190,0.000010
FILLER_21_99,VSS,Metal1,54.9660,97.8190,0.000010
FILLER_21_92,VSS,Metal1,51.6060,97.8190,0.000010
FILLER_21_82,VSS,Metal1,46.0680,97.9030,0.000012
FILLER_21_75,VSS,Metal1,43.4460,97.8190,0.000013
FILLER_21_65,VSS,Metal1,37.9080,97.9030,0.000013
FILLER_21_46,VSS,Metal1,28.0800,98.2800,0.000014
FILLER_21_42,VSS,Metal1,26.8680,97.9030,0.000014
FILLER_21_34,VSS,Metal1,22.5600,98.2800,0.000040
FILLER_21_30,VSS,Metal1,21.1080,97.9030,0.000051
FILLER_21_4,VSS,Metal1,8.1600,98.2800,0.000096
FILLER_20_338,VSS,Metal1,168.4800,90.7200,0.000341
FILLER_20_311,VSS,Metal1,156.7260,91.1800,0.000301
FILLER_20_303,VSS,Metal1,151.6800,90.7200,0.000137
FILLER_20_299,VSS,Metal1,150.2280,91.0960,0.000137
FILLER_20_287,VSS,Metal1,145.2060,91.1800,0.000128
FILLER_20_267,VSS,Metal1,134.1600,90.7200,0.000071
FILLER_20_263,VSS,Metal1,132.9480,91.0960,0.000070
FILLER_20_256,VSS,Metal1,130.3260,91.1800,0.000061
FILLER_20_249,VSS,Metal1,126.9660,91.1800,0.000040
FILLER_20_242,VSS,Metal1,123.6060,91.1800,0.000036
FILLER_20_235,VSS,Metal1,120.2460,91.1800,0.000016
FILLER_20_228,VSS,Metal1,116.8860,91.1800,0.000014
FILLER_20_221,VSS,Metal1,113.5260,91.1800,0.000012
FILLER_20_214,VSS,Metal1,110.1660,91.1800,0.000010
FILLER_20_207,VSS,Metal1,106.8060,91.1800,0.000008
FILLER_20_200,VSS,Metal1,103.4460,91.1800,0.000005
FILLER_20_193,VSS,Metal1,100.0860,91.1800,0.000003
FILLER_20_186,VSS,Metal1,96.7260,91.1800,0.000004
FILLER_20_179,VSS,Metal1,93.3660,91.1800,0.000004
FILLER_20_172,VSS,Metal1,90.0060,91.1800,0.000004
FILLER_20_165,VSS,Metal1,85.4400,90.7200,0.000008
FILLER_20_161,VSS,Metal1,83.9880,91.0960,0.000009
FILLER_20_154,VSS,Metal1,81.3660,91.1800,0.000009
FILLER_20_147,VSS,Metal1,78.0060,91.1800,0.000009
FILLER_20_140,VSS,Metal1,74.6460,91.1800,0.000009
FILLER_20_133,VSS,Metal1,71.2860,91.1800,0.000009
FILLER_20_126,VSS,Metal1,67.9260,91.1800,0.000009
FILLER_20_119,VSS,Metal1,64.5660,91.1800,0.000009
FILLER_20_112,VSS,Metal1,61.2060,91.1800,0.000009
FILLER_20_105,VSS,Metal1,57.8460,91.1800,0.000009
FILLER_20_98,VSS,Metal1,54.4860,91.1800,0.000009
FILLER_20_91,VSS,Metal1,51.1260,91.1800,0.000009
FILLER_20_82,VSS,Metal1,46.0680,91.0960,0.000009
FILLER_20_75,VSS,Metal1,43.4460,91.1800,0.000009
FILLER_20_69,VSS,Metal1,39.1200,90.7200,0.000009
FILLER_20_65,VSS,Metal1,37.9080,91.0960,0.000009
FILLER_20_58,VSS,Metal1,35.2860,91.1800,0.000009
FILLER_20_51,VSS,Metal1,31.9260,91.1800,0.000009
FILLER_20_44,VSS,Metal1,28.5660,91.1800,0.000009
FILLER_20_37,VSS,Metal1,25.2060,91.1800,0.000008
FILLER_20_4,VSS,Metal1,8.1600,90.7200,0.000048
FILLER_19_312,VSS,Metal1,155.7600,90.7200,0.000301
FILLER_19_305,VSS,Metal1,153.8460,90.2590,0.000290
FILLER_19_298,VSS,Metal1,150.4860,90.2590,0.000137
FILLER_19_291,VSS,Metal1,145.6800,90.7200,0.000128
FILLER_19_289,VSS,Metal1,144.9600,90.7200,0.000128
FILLER_19_282,VSS,Metal1,142.8060,90.2590,0.000128
FILLER_19_275,VSS,Metal1,139.4460,90.2590,0.000077
FILLER_19_266,VSS,Metal1,133.6800,90.7200,0.000070
FILLER_19_264,VSS,Metal1,132.9600,90.7200,0.000070
FILLER_19_257,VSS,Metal1,130.8060,90.2590,0.000061
FILLER_19_242,VSS,Metal1,122.8680,90.3430,0.000036
FILLER_19_235,VSS,Metal1,120.2460,90.2590,0.000016
FILLER_19_228,VSS,Metal1,116.8860,90.2590,0.000014
FILLER_19_221,VSS,Metal1,113.5260,90.2590,0.000012
FILLER_19_214,VSS,Metal1,110.1660,90.2590,0.000010
FILLER_19_207,VSS,Metal1,106.8060,90.2590,0.000008
FILLER_19_200,VSS,Metal1,103.4460,90.2590,0.000005
FILLER_19_193,VSS,Metal1,100.0860,90.2590,0.000003
FILLER_19_186,VSS,Metal1,96.7260,90.2590,0.000004
FILLER_19_179,VSS,Metal1,93.3660,90.2590,0.000004
FILLER_19_172,VSS,Metal1,90.0060,90.2590,0.000004
FILLER_19_168,VSS,Metal1,86.6400,90.7200,0.000005
FILLER_19_164,VSS,Metal1,85.4280,90.3430,0.000008
FILLER_19_157,VSS,Metal1,82.8060,90.2590,0.000009
FILLER_19_150,VSS,Metal1,79.4460,90.2590,0.000009
FILLER_19_143,VSS,Metal1,76.0860,90.2590,0.000009
FILLER_19_136,VSS,Metal1,72.7260,90.2590,0.000009
FILLER_19_129,VSS,Metal1,69.3660,90.2590,0.000009
FILLER_19_122,VSS,Metal1,66.0060,90.2590,0.000009
FILLER_19_115,VSS,Metal1,62.6460,90.2590,0.000009
FILLER_19_108,VSS,Metal1,59.2860,90.2590,0.000009
FILLER_19_101,VSS,Metal1,55.9260,90.2590,0.000009
FILLER_19_94,VSS,Metal1,52.5660,90.2590,0.000009
FILLER_19_87,VSS,Metal1,49.2060,90.2590,0.000009
FILLER_19_80,VSS,Metal1,45.8460,90.2590,0.000009
FILLER_19_73,VSS,Metal1,41.0400,90.7200,0.000009
FILLER_19_66,VSS,Metal1,39.1260,90.2590,0.000009
FILLER_19_59,VSS,Metal1,35.7660,90.2590,0.000009
FILLER_19_51,VSS,Metal1,30.7200,90.7200,0.000009
FILLER_19_47,VSS,Metal1,29.2680,90.3430,0.000009
FILLER_19_31,VSS,Metal1,21.5880,90.3430,0.000013
FILLER_19_14,VSS,Metal1,12.7200,90.7200,0.000043
FILLER_19_4,VSS,Metal1,8.1600,90.7200,0.000048
FILLER_18_315,VSS,Metal1,157.2000,83.1600,0.000072
FILLER_18_311,VSS,Metal1,155.9880,83.5360,0.000072
FILLER_18_304,VSS,Metal1,151.9200,83.1600,0.000060
FILLER_18_300,VSS,Metal1,150.7080,83.5360,0.000060
FILLER_18_293,VSS,Metal1,148.0860,83.6200,0.000044
FILLER_18_286,VSS,Metal1,143.5200,83.1600,0.000028
FILLER_18_279,VSS,Metal1,141.3660,83.6200,0.000024
FILLER_18_272,VSS,Metal1,138.0060,83.6200,0.000018
FILLER_18_265,VSS,Metal1,134.6460,83.6200,0.000015
FILLER_18_258,VSS,Metal1,131.2860,83.6200,0.000014
FILLER_18_245,VSS,Metal1,125.0460,83.6200,0.000010
FILLER_18_238,VSS,Metal1,121.6860,83.6200,0.000010
FILLER_18_231,VSS,Metal1,118.3260,83.6200,0.000009
FILLER_18_224,VSS,Metal1,114.9660,83.6200,0.000009
FILLER_18_217,VSS,Metal1,111.6060,83.6200,0.000008
FILLER_18_210,VSS,Metal1,108.2460,83.6200,0.000008
FILLER_18_203,VSS,Metal1,104.8860,83.6200,0.000008
FILLER_18_196,VSS,Metal1,101.5260,83.6200,0.000007
FILLER_18_189,VSS,Metal1,98.1660,83.6200,0.000007
FILLER_18_182,VSS,Metal1,94.8060,83.6200,0.000007
FILLER_18_175,VSS,Metal1,91.4460,83.6200,0.000007
FILLER_18_168,VSS,Metal1,88.0860,83.6200,0.000007
FILLER_18_161,VSS,Metal1,84.7260,83.6200,0.000007
FILLER_18_154,VSS,Metal1,81.3660,83.6200,0.000007
FILLER_18_147,VSS,Metal1,78.0060,83.6200,0.000007
FILLER_18_140,VSS,Metal1,74.6460,83.6200,0.000007
FILLER_18_133,VSS,Metal1,71.2860,83.6200,0.000007
FILLER_18_126,VSS,Metal1,67.9260,83.6200,0.000007
FILLER_18_119,VSS,Metal1,64.5660,83.6200,0.000007
FILLER_18_112,VSS,Metal1,61.2060,83.6200,0.000007
FILLER_18_105,VSS,Metal1,57.8460,83.6200,0.000007
FILLER_18_98,VSS,Metal1,54.4860,83.6200,0.000007
FILLER_18_91,VSS,Metal1,51.1260,83.6200,0.000007
FILLER_18_84,VSS,Metal1,47.7660,83.6200,0.000007
FILLER_18_77,VSS,Metal1,44.4060,83.6200,0.000007
FILLER_18_70,VSS,Metal1,41.0460,83.6200,0.000007
FILLER_18_64,VSS,Metal1,36.9600,83.1600,0.000007
FILLER_18_57,VSS,Metal1,34.8060,83.6200,0.000007
FILLER_18_49,VSS,Metal1,29.7600,83.1600,0.000007
FILLER_18_45,VSS,Metal1,27.6000,83.1600,0.000007
FILLER_18_34,VSS,Metal1,22.3200,83.1600,0.000007
FILLER_18_4,VSS,Metal1,8.1600,83.1600,0.000097
FILLER_17_335,VSS,Metal1,166.8000,83.1600,0.000391
FILLER_17_308,VSS,Metal1,154.5480,82.7830,0.000061
FILLER_17_301,VSS,Metal1,151.9260,82.6990,0.000060
FILLER_17_293,VSS,Metal1,146.8800,83.1600,0.000044
FILLER_17_280,VSS,Metal1,141.8460,82.6990,0.000025
FILLER_17_262,VSS,Metal1,133.2060,82.6990,0.000014
FILLER_17_255,VSS,Metal1,129.8460,82.6990,0.000014
FILLER_17_248,VSS,Metal1,126.4860,82.6990,0.000010
FILLER_17_241,VSS,Metal1,123.1260,82.6990,0.000010
FILLER_17_234,VSS,Metal1,119.7660,82.6990,0.000010
FILLER_17_227,VSS,Metal1,116.4060,82.6990,0.000009
FILLER_17_220,VSS,Metal1,113.0460,82.6990,0.000009
FILLER_17_213,VSS,Metal1,109.6860,82.6990,0.000008
FILLER_17_206,VSS,Metal1,106.3260,82.6990,0.000008
FILLER_17_199,VSS,Metal1,102.9660,82.6990,0.000008
FILLER_17_192,VSS,Metal1,99.6060,82.6990,0.000007
FILLER_17_185,VSS,Metal1,96.2460,82.6990,0.000007
FILLER_17_178,VSS,Metal1,92.8860,82.6990,0.000007
FILLER_17_171,VSS,Metal1,89.5260,82.6990,0.000007
FILLER_17_164,VSS,Metal1,86.1660,82.6990,0.000007
FILLER_17_157,VSS,Metal1,82.8060,82.6990,0.000007
FILLER_17_150,VSS,Metal1,79.4460,82.6990,0.000007
FILLER_17_143,VSS,Metal1,76.0860,82.6990,0.000007
FILLER_17_136,VSS,Metal1,72.7260,82.6990,0.000007
FILLER_17_129,VSS,Metal1,69.3660,82.6990,0.000007
FILLER_17_122,VSS,Metal1,66.0060,82.6990,0.000007
FILLER_17_115,VSS,Metal1,62.6460,82.6990,0.000007
FILLER_17_108,VSS,Metal1,59.2860,82.6990,0.000007
FILLER_17_101,VSS,Metal1,55.9260,82.6990,0.000007
FILLER_17_94,VSS,Metal1,52.5660,82.6990,0.000007
FILLER_17_87,VSS,Metal1,49.2060,82.6990,0.000007
FILLER_17_80,VSS,Metal1,45.8460,82.6990,0.000007
FILLER_17_73,VSS,Metal1,42.4860,82.6990,0.000007
FILLER_17_66,VSS,Metal1,39.1260,82.6990,0.000007
FILLER_17_60,VSS,Metal1,34.8000,83.1600,0.000007
FILLER_17_58,VSS,Metal1,34.0800,83.1600,0.000007
FILLER_17_51,VSS,Metal1,31.9260,82.6990,0.000007
FILLER_17_44,VSS,Metal1,28.5660,82.6990,0.000007
FILLER_17_37,VSS,Metal1,25.2060,82.6990,0.000007
FILLER_17_30,VSS,Metal1,21.8460,82.6990,0.000007
FILLER_17_4,VSS,Metal1,8.1600,83.1600,0.000097
FILLER_16_334,VSS,Metal1,166.5600,75.6000,0.000120
FILLER_16_311,VSS,Metal1,155.2800,75.6000,0.000092
FILLER_16_309,VSS,Metal1,154.5600,75.6000,0.000092
FILLER_16_302,VSS,Metal1,152.4060,76.0600,0.000089
FILLER_16_295,VSS,Metal1,149.0460,76.0600,0.000063
FILLER_16_288,VSS,Metal1,145.6860,76.0600,0.000058
FILLER_16_281,VSS,Metal1,142.3260,76.0600,0.000053
FILLER_16_274,VSS,Metal1,138.9660,76.0600,0.000053
FILLER_16_267,VSS,Metal1,135.6060,76.0600,0.000053
FILLER_16_254,VSS,Metal1,128.6280,75.9760,0.000030
FILLER_16_247,VSS,Metal1,126.0060,76.0600,0.000025
FILLER_16_240,VSS,Metal1,122.6460,76.0600,0.000022
FILLER_16_233,VSS,Metal1,119.2860,76.0600,0.000019
FILLER_16_226,VSS,Metal1,115.9260,76.0600,0.000016
FILLER_16_219,VSS,Metal1,112.5660,76.0600,0.000013
FILLER_16_212,VSS,Metal1,109.2060,76.0600,0.000010
FILLER_16_205,VSS,Metal1,105.8460,76.0600,0.000007
FILLER_16_198,VSS,Metal1,102.4860,76.0600,0.000004
FILLER_16_191,VSS,Metal1,99.1260,76.0600,0.000004
FILLER_16_184,VSS,Metal1,95.7660,76.0600,0.000004
FILLER_16_177,VSS,Metal1,92.4060,76.0600,0.000004
FILLER_16_170,VSS,Metal1,89.0460,76.0600,0.000004
FILLER_16_163,VSS,Metal1,85.6860,76.0600,0.000004
FILLER_16_156,VSS,Metal1,82.3260,76.0600,0.000005
FILLER_16_149,VSS,Metal1,78.9660,76.0600,0.000005
FILLER_16_142,VSS,Metal1,75.6060,76.0600,0.000005
FILLER_16_135,VSS,Metal1,72.2460,76.0600,0.000005
FILLER_16_128,VSS,Metal1,68.8860,76.0600,0.000005
FILLER_16_121,VSS,Metal1,65.5260,76.0600,0.000005
FILLER_16_114,VSS,Metal1,62.1660,76.0600,0.000005
FILLER_16_107,VSS,Metal1,58.8060,76.0600,0.000005
FILLER_16_100,VSS,Metal1,55.4460,76.0600,0.000005
FILLER_16_93,VSS,Metal1,52.0860,76.0600,0.000005
FILLER_16_86,VSS,Metal1,48.7260,76.0600,0.000005
FILLER_16_79,VSS,Metal1,45.3660,76.0600,0.000005
FILLER_16_72,VSS,Metal1,42.0060,76.0600,0.000005
FILLER_16_65,VSS,Metal1,38.6460,76.0600,0.000005
FILLER_16_58,VSS,Metal1,35.2860,76.0600,0.000005
FILLER_16_51,VSS,Metal1,30.4800,75.6000,0.000005
FILLER_16_44,VSS,Metal1,28.5660,76.0600,0.000005
FILLER_16_37,VSS,Metal1,25.2060,76.0600,0.000005
FILLER_16_30,VSS,Metal1,20.4000,75.6000,0.000240
FILLER_16_28,VSS,Metal1,19.6800,75.6000,0.000240
FILLER_15_342,VSS,Metal1,170.4000,75.6000,0.000123
FILLER_15_332,VSS,Metal1,165.6000,75.6000,0.000120
FILLER_15_310,VSS,Metal1,154.8000,75.6000,0.000092
FILLER_15_303,VSS,Metal1,152.8860,75.1390,0.000090
FILLER_15_295,VSS,Metal1,147.8400,75.6000,0.000063
FILLER_15_283,VSS,Metal1,141.8400,75.6000,0.000053
FILLER_15_276,VSS,Metal1,139.9260,75.1390,0.000053
FILLER_15_266,VSS,Metal1,134.3880,75.2230,0.000053
FILLER_15_258,VSS,Metal1,130.0800,75.6000,0.000030
FILLER_15_254,VSS,Metal1,128.6280,75.2230,0.000030
FILLER_15_249,VSS,Metal1,125.5200,75.6000,0.000025
FILLER_15_247,VSS,Metal1,124.8000,75.6000,0.000025
FILLER_15_240,VSS,Metal1,122.6460,75.1390,0.000022
FILLER_15_233,VSS,Metal1,119.2860,75.1390,0.000019
FILLER_15_226,VSS,Metal1,115.9260,75.1390,0.000016
FILLER_15_219,VSS,Metal1,112.5660,75.1390,0.000013
FILLER_15_212,VSS,Metal1,109.2060,75.1390,0.000010
FILLER_15_205,VSS,Metal1,105.8460,75.1390,0.000007
FILLER_15_198,VSS,Metal1,102.4860,75.1390,0.000004
FILLER_15_191,VSS,Metal1,99.1260,75.1390,0.000004
FILLER_15_184,VSS,Metal1,95.7660,75.1390,0.000004
FILLER_15_177,VSS,Metal1,92.4060,75.1390,0.000004
FILLER_15_170,VSS,Metal1,89.0460,75.1390,0.000004
FILLER_15_163,VSS,Metal1,85.6860,75.1390,0.000004
FILLER_15_156,VSS,Metal1,82.3260,75.1390,0.000005
FILLER_15_149,VSS,Metal1,78.9660,75.1390,0.000005
FILLER_15_142,VSS,Metal1,75.6060,75.1390,0.000005
FILLER_15_135,VSS,Metal1,72.2460,75.1390,0.000005
FILLER_15_128,VSS,Metal1,68.8860,75.1390,0.000005
FILLER_15_121,VSS,Metal1,65.5260,75.1390,0.000005
FILLER_15_114,VSS,Metal1,62.1660,75.1390,0.000005
FILLER_15_107,VSS,Metal1,58.8060,75.1390,0.000005
FILLER_15_100,VSS,Metal1,55.4460,75.1390,0.000005
FILLER_15_93,VSS,Metal1,52.0860,75.1390,0.000005
FILLER_15_86,VSS,Metal1,48.7260,75.1390,0.000005
FILLER_15_79,VSS,Metal1,45.3660,75.1390,0.000005
FILLER_15_72,VSS,Metal1,42.0060,75.1390,0.000005
FILLER_15_65,VSS,Metal1,38.6460,75.1390,0.000005
FILLER_15_59,VSS,Metal1,34.3200,75.6000,0.000005
FILLER_15_52,VSS,Metal1,32.4060,75.1390,0.000005
FILLER_15_45,VSS,Metal1,29.0460,75.1390,0.000005
FILLER_15_38,VSS,Metal1,25.6860,75.1390,0.000005
FILLER_15_23,VSS,Metal1,17.0400,75.6000,0.000268
FILLER_15_14,VSS,Metal1,12.7200,75.6000,0.000281
FILLER_15_4,VSS,Metal1,8.1600,75.6000,0.000292
FILLER_14_334,VSS,Metal1,166.5600,68.0400,0.000609
FILLER_14_316,VSS,Metal1,157.9200,68.0400,0.000576
FILLER_14_302,VSS,Metal1,151.2000,68.0400,0.000143
FILLER_14_298,VSS,Metal1,149.7480,68.4160,0.000143
FILLER_14_273,VSS,Metal1,137.0400,68.0400,0.000071
FILLER_14_266,VSS,Metal1,135.1260,68.5000,0.000071
FILLER_14_261,VSS,Metal1,131.2800,68.0400,0.000066
FILLER_14_254,VSS,Metal1,129.3660,68.5000,0.000065
FILLER_14_240,VSS,Metal1,121.4400,68.0400,0.000037
FILLER_14_233,VSS,Metal1,119.2860,68.5000,0.000032
FILLER_14_226,VSS,Metal1,115.9260,68.5000,0.000027
FILLER_14_219,VSS,Metal1,112.5660,68.5000,0.000022
FILLER_14_212,VSS,Metal1,109.2060,68.5000,0.000017
FILLER_14_205,VSS,Metal1,105.8460,68.5000,0.000012
FILLER_14_198,VSS,Metal1,102.4860,68.5000,0.000007
FILLER_14_191,VSS,Metal1,99.1260,68.5000,0.000007
FILLER_14_184,VSS,Metal1,95.7660,68.5000,0.000007
FILLER_14_177,VSS,Metal1,92.4060,68.5000,0.000007
FILLER_14_170,VSS,Metal1,89.0460,68.5000,0.000007
FILLER_14_163,VSS,Metal1,85.6860,68.5000,0.000007
FILLER_14_156,VSS,Metal1,82.3260,68.5000,0.000007
FILLER_14_149,VSS,Metal1,78.9660,68.5000,0.000008
FILLER_14_142,VSS,Metal1,75.6060,68.5000,0.000008
FILLER_14_135,VSS,Metal1,72.2460,68.5000,0.000008
FILLER_14_128,VSS,Metal1,68.8860,68.5000,0.000008
FILLER_14_121,VSS,Metal1,65.5260,68.5000,0.000008
FILLER_14_114,VSS,Metal1,62.1660,68.5000,0.000008
FILLER_14_107,VSS,Metal1,58.8060,68.5000,0.000008
FILLER_14_100,VSS,Metal1,55.4460,68.5000,0.000008
FILLER_14_93,VSS,Metal1,52.0860,68.5000,0.000008
FILLER_14_86,VSS,Metal1,48.7260,68.5000,0.000008
FILLER_14_79,VSS,Metal1,45.3660,68.5000,0.000008
FILLER_14_72,VSS,Metal1,42.0060,68.5000,0.000009
FILLER_14_60,VSS,Metal1,34.8000,68.0400,0.000009
FILLER_14_53,VSS,Metal1,32.8860,68.5000,0.000009
FILLER_14_46,VSS,Metal1,29.5260,68.5000,0.000008
FILLER_14_39,VSS,Metal1,26.1660,68.5000,0.000007
FILLER_14_32,VSS,Metal1,22.8060,68.5000,0.000035
FILLER_13_338,VSS,Metal1,168.4800,68.0400,0.000611
FILLER_13_305,VSS,Metal1,152.4000,68.0400,0.000144
FILLER_13_297,VSS,Metal1,148.8000,68.0400,0.000136
FILLER_13_293,VSS,Metal1,147.3480,67.6630,0.000126
FILLER_13_278,VSS,Metal1,140.1480,67.6630,0.000080
FILLER_13_271,VSS,Metal1,137.5260,67.5790,0.000071
FILLER_13_259,VSS,Metal1,130.3200,68.0400,0.000065
FILLER_13_252,VSS,Metal1,128.4060,67.5790,0.000065
FILLER_13_247,VSS,Metal1,124.5600,68.0400,0.000037
FILLER_13_240,VSS,Metal1,122.6460,67.5790,0.000037
FILLER_13_233,VSS,Metal1,119.2860,67.5790,0.000032
FILLER_13_226,VSS,Metal1,115.9260,67.5790,0.000027
FILLER_13_219,VSS,Metal1,112.5660,67.5790,0.000022
FILLER_13_212,VSS,Metal1,109.2060,67.5790,0.000017
FILLER_13_205,VSS,Metal1,105.8460,67.5790,0.000012
FILLER_13_198,VSS,Metal1,102.4860,67.5790,0.000007
FILLER_13_191,VSS,Metal1,99.1260,67.5790,0.000007
FILLER_13_184,VSS,Metal1,95.7660,67.5790,0.000007
FILLER_13_177,VSS,Metal1,92.4060,67.5790,0.000007
FILLER_13_170,VSS,Metal1,89.0460,67.5790,0.000007
FILLER_13_163,VSS,Metal1,85.6860,67.5790,0.000007
FILLER_13_156,VSS,Metal1,82.3260,67.5790,0.000007
FILLER_13_149,VSS,Metal1,78.9660,67.5790,0.000008
FILLER_13_142,VSS,Metal1,75.6060,67.5790,0.000008
FILLER_13_135,VSS,Metal1,72.2460,67.5790,0.000008
FILLER_13_128,VSS,Metal1,68.8860,67.5790,0.000008
FILLER_13_121,VSS,Metal1,65.5260,67.5790,0.000008
FILLER_13_114,VSS,Metal1,62.1660,67.5790,0.000008
FILLER_13_107,VSS,Metal1,58.8060,67.5790,0.000008
FILLER_13_100,VSS,Metal1,55.4460,67.5790,0.000008
FILLER_13_93,VSS,Metal1,52.0860,67.5790,0.000008
FILLER_13_86,VSS,Metal1,47.5200,68.0400,0.000008
FILLER_13_79,VSS,Metal1,45.3660,67.5790,0.000008
FILLER_13_72,VSS,Metal1,40.5600,68.0400,0.000009
FILLER_13_68,VSS,Metal1,39.3480,67.6630,0.000009
FILLER_13_61,VSS,Metal1,36.7260,67.5790,0.000009
FILLER_13_54,VSS,Metal1,33.3660,67.5790,0.000009
FILLER_13_47,VSS,Metal1,30.0060,67.5790,0.000008
FILLER_13_40,VSS,Metal1,26.6460,67.5790,0.000007
FILLER_13_22,VSS,Metal1,16.8000,68.0400,0.000069
FILLER_13_4,VSS,Metal1,8.1600,68.0400,0.000096
FILLER_12_338,VSS,Metal1,168.4800,60.4800,0.000221
FILLER_12_333,VSS,Metal1,165.8400,60.4800,0.000219
FILLER_12_331,VSS,Metal1,165.1200,60.4800,0.000219
FILLER_12_326,VSS,Metal1,162.4800,60.4800,0.000212
FILLER_12_296,VSS,Metal1,148.3200,60.4800,0.000125
FILLER_12_292,VSS,Metal1,146.8680,60.8560,0.000124
FILLER_12_279,VSS,Metal1,141.3660,60.9400,0.000104
FILLER_12_272,VSS,Metal1,138.0060,60.9400,0.000104
FILLER_12_264,VSS,Metal1,132.9600,60.4800,0.000101
FILLER_12_260,VSS,Metal1,131.5080,60.8560,0.000100
FILLER_12_251,VSS,Metal1,127.1880,60.8560,0.000084
FILLER_12_244,VSS,Metal1,124.5660,60.9400,0.000023
FILLER_12_237,VSS,Metal1,121.2060,60.9400,0.000023
FILLER_12_230,VSS,Metal1,117.8460,60.9400,0.000022
FILLER_12_223,VSS,Metal1,114.4860,60.9400,0.000021
FILLER_12_216,VSS,Metal1,111.1260,60.9400,0.000021
FILLER_12_209,VSS,Metal1,107.7660,60.9400,0.000020
FILLER_12_202,VSS,Metal1,104.4060,60.9400,0.000020
FILLER_12_195,VSS,Metal1,101.0460,60.9400,0.000019
FILLER_12_188,VSS,Metal1,97.6860,60.9400,0.000019
FILLER_12_181,VSS,Metal1,94.3260,60.9400,0.000019
FILLER_12_174,VSS,Metal1,90.9660,60.9400,0.000019
FILLER_12_167,VSS,Metal1,87.6060,60.9400,0.000019
FILLER_12_160,VSS,Metal1,84.2460,60.9400,0.000019
FILLER_12_153,VSS,Metal1,80.8860,60.9400,0.000019
FILLER_12_146,VSS,Metal1,77.5260,60.9400,0.000019
FILLER_12_139,VSS,Metal1,74.1660,60.9400,0.000019
FILLER_12_132,VSS,Metal1,70.8060,60.9400,0.000019
FILLER_12_125,VSS,Metal1,67.4460,60.9400,0.000019
FILLER_12_118,VSS,Metal1,64.0860,60.9400,0.000019
FILLER_12_111,VSS,Metal1,60.7260,60.9400,0.000019
FILLER_12_104,VSS,Metal1,57.3660,60.9400,0.000019
FILLER_12_97,VSS,Metal1,54.0060,60.9400,0.000019
FILLER_12_89,VSS,Metal1,48.9600,60.4800,0.000019
FILLER_12_82,VSS,Metal1,46.8060,60.9400,0.000019
FILLER_12_75,VSS,Metal1,43.4460,60.9400,0.000019
FILLER_12_68,VSS,Metal1,40.0860,60.9400,0.000019
FILLER_12_60,VSS,Metal1,35.5080,60.8560,0.000018
FILLER_12_53,VSS,Metal1,32.8860,60.9400,0.000018
FILLER_12_46,VSS,Metal1,29.5260,60.9400,0.000016
FILLER_12_29,VSS,Metal1,19.9200,60.4800,0.000101
FILLER_12_12,VSS,Metal1,11.7600,60.4800,0.000143
FILLER_12_10,VSS,Metal1,11.0400,60.4800,0.000143
FILLER_12_0,VSS,Metal1,6.0000,60.4800,0.000146
FILLER_11_338,VSS,Metal1,168.4800,60.4800,0.000221
FILLER_11_312,VSS,Metal1,156.0000,60.4800,0.000175
FILLER_11_291,VSS,Metal1,145.9200,60.4800,0.000119
FILLER_11_287,VSS,Metal1,144.4680,60.1030,0.000118
FILLER_11_281,VSS,Metal1,141.1200,60.4800,0.000104
FILLER_11_274,VSS,Metal1,138.9660,60.0190,0.000104
FILLER_11_267,VSS,Metal1,135.6060,60.0190,0.000104
FILLER_11_261,VSS,Metal1,131.2800,60.4800,0.000100
FILLER_11_259,VSS,Metal1,130.5600,60.4800,0.000090
FILLER_11_252,VSS,Metal1,128.4060,60.0190,0.000084
FILLER_11_241,VSS,Metal1,123.1260,60.0190,0.000023
FILLER_11_234,VSS,Metal1,119.7660,60.0190,0.000022
FILLER_11_227,VSS,Metal1,116.4060,60.0190,0.000021
FILLER_11_220,VSS,Metal1,113.0460,60.0190,0.000021
FILLER_11_213,VSS,Metal1,109.6860,60.0190,0.000020
FILLER_11_206,VSS,Metal1,106.3260,60.0190,0.000020
FILLER_11_199,VSS,Metal1,102.9660,60.0190,0.000019
FILLER_11_192,VSS,Metal1,99.6060,60.0190,0.000019
FILLER_11_185,VSS,Metal1,96.2460,60.0190,0.000019
FILLER_11_178,VSS,Metal1,92.8860,60.0190,0.000019
FILLER_11_171,VSS,Metal1,89.5260,60.0190,0.000019
FILLER_11_164,VSS,Metal1,86.1660,60.0190,0.000019
FILLER_11_157,VSS,Metal1,82.8060,60.0190,0.000019
FILLER_11_150,VSS,Metal1,79.4460,60.0190,0.000019
FILLER_11_143,VSS,Metal1,76.0860,60.0190,0.000019
FILLER_11_136,VSS,Metal1,72.7260,60.0190,0.000019
FILLER_11_129,VSS,Metal1,69.3660,60.0190,0.000019
FILLER_11_122,VSS,Metal1,66.0060,60.0190,0.000019
FILLER_11_115,VSS,Metal1,62.6460,60.0190,0.000019
FILLER_11_108,VSS,Metal1,59.2860,60.0190,0.000019
FILLER_11_101,VSS,Metal1,55.9260,60.0190,0.000019
FILLER_11_94,VSS,Metal1,52.5660,60.0190,0.000019
FILLER_11_87,VSS,Metal1,49.2060,60.0190,0.000019
FILLER_11_80,VSS,Metal1,45.8460,60.0190,0.000019
FILLER_11_73,VSS,Metal1,42.4860,60.0190,0.000019
FILLER_11_61,VSS,Metal1,35.2800,60.4800,0.000018
FILLER_11_54,VSS,Metal1,33.3660,60.0190,0.000018
FILLER_11_12,VSS,Metal1,12.0000,60.4800,0.000143
FILLER_10_342,VSS,Metal1,170.4000,52.9200,0.000327
FILLER_10_320,VSS,Metal1,159.8400,52.9200,0.000311
FILLER_10_285,VSS,Metal1,142.8000,52.9200,0.000224
FILLER_10_278,VSS,Metal1,139.4400,52.9200,0.000217
FILLER_10_274,VSS,Metal1,138.2280,53.2960,0.000216
FILLER_10_267,VSS,Metal1,135.6060,53.3800,0.000210
FILLER_10_261,VSS,Metal1,131.5200,52.9200,0.000189
FILLER_10_257,VSS,Metal1,130.0680,53.2960,0.000182
FILLER_10_250,VSS,Metal1,127.4460,53.3800,0.000178
FILLER_10_243,VSS,Metal1,122.6400,52.9200,0.000171
FILLER_10_241,VSS,Metal1,121.9200,52.9200,0.000171
FILLER_10_234,VSS,Metal1,119.7660,53.3800,0.000167
FILLER_10_228,VSS,Metal1,115.4400,52.9200,0.000016
FILLER_10_224,VSS,Metal1,114.2280,53.2960,0.000015
FILLER_10_217,VSS,Metal1,111.6060,53.3800,0.000008
FILLER_10_210,VSS,Metal1,108.2460,53.3800,0.000008
FILLER_10_203,VSS,Metal1,104.8860,53.3800,0.000008
FILLER_10_196,VSS,Metal1,101.5260,53.3800,0.000008
FILLER_10_189,VSS,Metal1,98.1660,53.3800,0.000008
FILLER_10_182,VSS,Metal1,94.8060,53.3800,0.000008
FILLER_10_175,VSS,Metal1,91.4460,53.3800,0.000008
FILLER_10_168,VSS,Metal1,88.0860,53.3800,0.000008
FILLER_10_161,VSS,Metal1,84.7260,53.3800,0.000008
FILLER_10_154,VSS,Metal1,81.3660,53.3800,0.000008
FILLER_10_147,VSS,Metal1,78.0060,53.3800,0.000008
FILLER_10_140,VSS,Metal1,74.6460,53.3800,0.000008
FILLER_10_133,VSS,Metal1,71.2860,53.3800,0.000008
FILLER_10_126,VSS,Metal1,67.9260,53.3800,0.000008
FILLER_10_119,VSS,Metal1,64.5660,53.3800,0.000008
FILLER_10_112,VSS,Metal1,61.2060,53.3800,0.000008
FILLER_10_105,VSS,Metal1,57.8460,53.3800,0.000008
FILLER_10_98,VSS,Metal1,54.4860,53.3800,0.000008
FILLER_10_91,VSS,Metal1,51.1260,53.3800,0.000008
FILLER_10_86,VSS,Metal1,47.2800,52.9200,0.000008
FILLER_10_79,VSS,Metal1,45.3660,53.3800,0.000010
FILLER_10_72,VSS,Metal1,42.0060,53.3800,0.000012
FILLER_10_65,VSS,Metal1,38.6460,53.3800,0.000015
FILLER_10_20,VSS,Metal1,15.6000,52.9200,0.000075
FILLER_10_18,VSS,Metal1,14.8800,52.9200,0.000083
FILLER_10_9,VSS,Metal1,10.3200,52.9200,0.000094
FILLER_9_329,VSS,Metal1,164.1600,52.9200,0.000321
FILLER_9_323,VSS,Metal1,161.2800,52.9200,0.000316
FILLER_9_302,VSS,Metal1,150.9600,52.9200,0.000290
FILLER_9_300,VSS,Metal1,150.2400,52.9200,0.000281
FILLER_9_276,VSS,Metal1,138.4800,52.9200,0.000216
FILLER_9_268,VSS,Metal1,134.8800,52.9200,0.000210
FILLER_9_261,VSS,Metal1,131.2800,52.9200,0.000189
FILLER_9_257,VSS,Metal1,129.3600,52.9200,0.000182
FILLER_9_250,VSS,Metal1,127.4460,52.4590,0.000178
FILLER_9_245,VSS,Metal1,123.8400,52.9200,0.000173
FILLER_9_233,VSS,Metal1,119.2860,52.4590,0.000166
FILLER_9_219,VSS,Metal1,111.8280,52.5430,0.000008
FILLER_9_212,VSS,Metal1,109.2060,52.4590,0.000008
FILLER_9_205,VSS,Metal1,105.8460,52.4590,0.000008
FILLER_9_198,VSS,Metal1,102.4860,52.4590,0.000008
FILLER_9_191,VSS,Metal1,99.1260,52.4590,0.000008
FILLER_9_184,VSS,Metal1,95.7660,52.4590,0.000008
FILLER_9_177,VSS,Metal1,92.4060,52.4590,0.000008
FILLER_9_170,VSS,Metal1,89.0460,52.4590,0.000008
FILLER_9_163,VSS,Metal1,85.6860,52.4590,0.000008
FILLER_9_156,VSS,Metal1,82.3260,52.4590,0.000008
FILLER_9_149,VSS,Metal1,78.9660,52.4590,0.000008
FILLER_9_142,VSS,Metal1,75.6060,52.4590,0.000008
FILLER_9_135,VSS,Metal1,72.2460,52.4590,0.000008
FILLER_9_128,VSS,Metal1,68.8860,52.4590,0.000008
FILLER_9_121,VSS,Metal1,65.5260,52.4590,0.000008
FILLER_9_114,VSS,Metal1,62.1660,52.4590,0.000008
FILLER_9_107,VSS,Metal1,58.8060,52.4590,0.000008
FILLER_9_100,VSS,Metal1,55.4460,52.4590,0.000008
FILLER_9_93,VSS,Metal1,52.0860,52.4590,0.000008
FILLER_9_86,VSS,Metal1,48.7260,52.4590,0.000008
FILLER_9_79,VSS,Metal1,45.3660,52.4590,0.000010
FILLER_9_72,VSS,Metal1,42.0060,52.4590,0.000012
FILLER_9_58,VSS,Metal1,33.8400,52.9200,0.000023
FILLER_9_4,VSS,Metal1,8.1600,52.9200,0.000095
FILLER_8_335,VSS,Metal1,166.8000,45.3600,0.000589
FILLER_8_333,VSS,Metal1,166.0800,45.3600,0.000586
FILLER_8_304,VSS,Metal1,151.9200,45.3600,0.000506
FILLER_8_267,VSS,Metal1,134.1600,45.3600,0.000367
FILLER_8_260,VSS,Metal1,132.2460,45.8200,0.000358
FILLER_8_253,VSS,Metal1,127.4400,45.3600,0.000341
FILLER_8_251,VSS,Metal1,126.7200,45.3600,0.000335
FILLER_8_241,VSS,Metal1,121.9200,45.3600,0.000275
FILLER_8_235,VSS,Metal1,119.0400,45.3600,0.000243
FILLER_8_231,VSS,Metal1,117.5880,45.7360,0.000241
FILLER_8_224,VSS,Metal1,114.9660,45.8200,0.000025
FILLER_8_217,VSS,Metal1,111.6060,45.8200,0.000024
FILLER_8_210,VSS,Metal1,108.2460,45.8200,0.000023
FILLER_8_203,VSS,Metal1,104.8860,45.8200,0.000022
FILLER_8_196,VSS,Metal1,101.5260,45.8200,0.000021
FILLER_8_191,VSS,Metal1,97.6800,45.3600,0.000034
FILLER_8_187,VSS,Metal1,96.4680,45.7360,0.000039
FILLER_8_180,VSS,Metal1,93.8460,45.8200,0.000048
FILLER_8_173,VSS,Metal1,90.4860,45.8200,0.000048
FILLER_8_166,VSS,Metal1,87.1260,45.8200,0.000048
FILLER_8_159,VSS,Metal1,83.7660,45.8200,0.000048
FILLER_8_152,VSS,Metal1,80.4060,45.8200,0.000049
FILLER_8_145,VSS,Metal1,77.0460,45.8200,0.000049
FILLER_8_132,VSS,Metal1,69.6000,45.3600,0.000059
FILLER_8_125,VSS,Metal1,67.4460,45.8200,0.000060
FILLER_8_118,VSS,Metal1,64.0860,45.8200,0.000062
FILLER_8_112,VSS,Metal1,60.0000,45.3600,0.000073
FILLER_8_108,VSS,Metal1,58.5480,45.7360,0.000075
FILLER_8_82,VSS,Metal1,46.8060,45.8200,0.000116
FILLER_8_26,VSS,Metal1,18.4800,45.3600,0.000078
FILLER_8_4,VSS,Metal1,8.1600,45.3600,0.000127
FILLER_7_339,VSS,Metal1,168.7200,45.3600,0.000592
FILLER_7_337,VSS,Metal1,168.0000,45.3600,0.000592
FILLER_7_328,VSS,Metal1,163.4400,45.3600,0.000579
FILLER_7_314,VSS,Metal1,156.9600,45.3600,0.000555
FILLER_7_309,VSS,Metal1,154.3200,45.3600,0.000527
FILLER_7_307,VSS,Metal1,153.6000,45.3600,0.000527
FILLER_7_290,VSS,Metal1,145.2000,45.3600,0.000451
FILLER_7_271,VSS,Metal1,136.0800,45.3600,0.000382
FILLER_7_269,VSS,Metal1,135.3600,45.3600,0.000381
FILLER_7_252,VSS,Metal1,128.4060,44.8990,0.000341
FILLER_7_245,VSS,Metal1,125.0460,44.8990,0.000327
FILLER_7_228,VSS,Metal1,115.6800,45.3600,0.000025
FILLER_7_221,VSS,Metal1,113.5260,44.8990,0.000024
FILLER_7_214,VSS,Metal1,110.1660,44.8990,0.000023
FILLER_7_207,VSS,Metal1,106.8060,44.8990,0.000022
FILLER_7_200,VSS,Metal1,103.4460,44.8990,0.000021
FILLER_7_177,VSS,Metal1,92.4060,44.8990,0.000048
FILLER_7_170,VSS,Metal1,89.0460,44.8990,0.000048
FILLER_7_163,VSS,Metal1,85.6860,44.8990,0.000048
FILLER_7_156,VSS,Metal1,82.3260,44.8990,0.000049
FILLER_7_149,VSS,Metal1,78.9660,44.8990,0.000049
FILLER_7_139,VSS,Metal1,73.4280,44.9830,0.000052
FILLER_7_132,VSS,Metal1,70.8060,44.8990,0.000059
FILLER_7_125,VSS,Metal1,67.4460,44.8990,0.000060
FILLER_7_108,VSS,Metal1,57.8400,45.3600,0.000075
FILLER_7_106,VSS,Metal1,57.1200,45.3600,0.000078
FILLER_7_99,VSS,Metal1,54.9660,44.8990,0.000113
FILLER_7_89,VSS,Metal1,49.4280,44.9830,0.000115
FILLER_7_65,VSS,Metal1,37.4400,45.3600,0.000111
FILLER_7_28,VSS,Metal1,19.4400,45.3600,0.000078
FILLER_7_14,VSS,Metal1,12.9600,45.3600,0.000111
FILLER_7_4,VSS,Metal1,8.1600,45.3600,0.000127
FILLER_6_342,VSS,Metal1,170.4000,37.8000,0.000673
FILLER_6_332,VSS,Metal1,165.6000,37.8000,0.000664
FILLER_6_326,VSS,Metal1,162.7200,37.8000,0.000652
FILLER_6_317,VSS,Metal1,158.1600,37.8000,0.000637
FILLER_6_296,VSS,Metal1,148.0800,37.8000,0.000542
FILLER_6_275,VSS,Metal1,138.0000,37.8000,0.000419
FILLER_6_273,VSS,Metal1,137.2800,37.8000,0.000419
FILLER_6_251,VSS,Metal1,126.4800,37.8000,0.000185
FILLER_6_244,VSS,Metal1,124.5660,38.2600,0.000125
FILLER_6_237,VSS,Metal1,119.7600,37.8000,0.000114
FILLER_6_230,VSS,Metal1,117.8460,38.2600,0.000114
FILLER_6_223,VSS,Metal1,114.4860,38.2600,0.000114
FILLER_6_205,VSS,Metal1,104.4000,37.8000,0.000041
FILLER_6_203,VSS,Metal1,103.6800,37.8000,0.000041
FILLER_6_177,VSS,Metal1,92.4060,38.2600,0.000038
FILLER_6_164,VSS,Metal1,84.9600,37.8000,0.000046
FILLER_6_160,VSS,Metal1,83.5080,38.1760,0.000046
FILLER_6_142,VSS,Metal1,75.6060,38.2600,0.000068
FILLER_6_130,VSS,Metal1,68.4000,37.8000,0.000076
FILLER_6_128,VSS,Metal1,67.6800,37.8000,0.000076
FILLER_6_111,VSS,Metal1,60.7260,38.2600,0.000115
FILLER_6_104,VSS,Metal1,57.3660,38.2600,0.000119
FILLER_6_97,VSS,Metal1,54.0060,38.2600,0.000151
FILLER_6_66,VSS,Metal1,37.9200,37.8000,0.000153
FILLER_6_40,VSS,Metal1,25.4400,37.8000,0.000017
FILLER_6_10,VSS,Metal1,11.0400,37.8000,0.000098
FILLER_6_0,VSS,Metal1,6.2400,37.8000,0.000106
FILLER_5_334,VSS,Metal1,166.5600,37.8000,0.000664
FILLER_5_324,VSS,Metal1,161.7600,37.8000,0.000652
FILLER_5_319,VSS,Metal1,159.1200,37.8000,0.000637
FILLER_5_310,VSS,Metal1,154.8000,37.8000,0.000604
FILLER_5_308,VSS,Metal1,154.0800,37.8000,0.000604
FILLER_5_295,VSS,Metal1,147.6000,37.8000,0.000542
FILLER_5_262,VSS,Metal1,131.7600,37.8000,0.000323
FILLER_5_260,VSS,Metal1,131.0400,37.8000,0.000287
FILLER_5_242,VSS,Metal1,122.4000,37.8000,0.000114
FILLER_5_235,VSS,Metal1,120.2460,37.3390,0.000114
FILLER_5_228,VSS,Metal1,116.8860,37.3390,0.000114
FILLER_5_223,VSS,Metal1,113.0400,37.8000,0.000114
FILLER_5_221,VSS,Metal1,112.3200,37.8000,0.000102
FILLER_5_206,VSS,Metal1,106.3260,37.3390,0.000062
FILLER_5_199,VSS,Metal1,102.9660,37.3390,0.000041
FILLER_5_187,VSS,Metal1,96.0000,37.8000,0.000027
FILLER_5_183,VSS,Metal1,94.5480,37.4230,0.000028
FILLER_5_176,VSS,Metal1,91.9260,37.3390,0.000038
FILLER_5_168,VSS,Metal1,86.8800,37.8000,0.000043
FILLER_5_161,VSS,Metal1,84.7260,37.3390,0.000046
FILLER_5_154,VSS,Metal1,81.3660,37.3390,0.000055
FILLER_5_147,VSS,Metal1,78.0060,37.3390,0.000068
FILLER_5_140,VSS,Metal1,74.6460,37.3390,0.000068
FILLER_5_133,VSS,Metal1,71.2860,37.3390,0.000072
FILLER_5_126,VSS,Metal1,67.9260,37.3390,0.000076
FILLER_5_120,VSS,Metal1,63.6000,37.8000,0.000082
FILLER_5_116,VSS,Metal1,62.3880,37.4230,0.000115
FILLER_5_100,VSS,Metal1,54.0000,37.8000,0.000151
FILLER_5_98,VSS,Metal1,53.2800,37.8000,0.000151
FILLER_5_13,VSS,Metal1,12.2400,37.8000,0.000098
FILLER_5_8,VSS,Metal1,9.8400,37.8000,0.000101
FILLER_4_330,VSS,Metal1,164.4000,30.2400,0.003822
FILLER_4_328,VSS,Metal1,163.6800,30.2400,0.003813
FILLER_4_323,VSS,Metal1,161.0400,30.2400,0.003804
FILLER_4_321,VSS,Metal1,160.3200,30.2400,0.003793
FILLER_4_312,VSS,Metal1,155.7600,30.2400,0.003770
FILLER_4_290,VSS,Metal1,145.2000,30.2400,0.003633
FILLER_4_248,VSS,Metal1,125.0400,30.2400,0.003234
FILLER_4_232,VSS,Metal1,117.6000,30.2400,0.001426
FILLER_4_216,VSS,Metal1,109.6800,30.2400,0.000471
FILLER_4_214,VSS,Metal1,108.9600,30.2400,0.000471
FILLER_4_207,VSS,Metal1,105.6000,30.2400,0.000069
FILLER_4_177,VSS,Metal1,92.4060,30.7000,0.000067
FILLER_4_170,VSS,Metal1,89.0460,30.7000,0.000073
FILLER_4_163,VSS,Metal1,85.6860,30.7000,0.000079
FILLER_4_156,VSS,Metal1,82.3260,30.7000,0.000094
FILLER_4_149,VSS,Metal1,77.5200,30.2400,0.000120
FILLER_4_142,VSS,Metal1,75.6060,30.7000,0.000120
FILLER_4_137,VSS,Metal1,72.0000,30.2400,0.000129
FILLER_4_133,VSS,Metal1,70.5480,30.6160,0.000129
FILLER_4_126,VSS,Metal1,67.9260,30.7000,0.000132
FILLER_4_114,VSS,Metal1,60.9600,30.2400,0.000172
FILLER_4_110,VSS,Metal1,59.5080,30.6160,0.000173
FILLER_4_85,VSS,Metal1,46.8000,30.2400,0.000188
FILLER_4_83,VSS,Metal1,46.0800,30.2400,0.000188
FILLER_4_62,VSS,Metal1,35.7600,30.2400,0.000110
FILLER_4_49,VSS,Metal1,29.5200,30.2400,0.000049
FILLER_4_47,VSS,Metal1,28.8000,30.2400,0.000049
FILLER_4_29,VSS,Metal1,20.1600,30.2400,0.000048
FILLER_4_20,VSS,Metal1,15.6000,30.2400,0.000074
FILLER_4_10,VSS,Metal1,10.8000,30.2400,0.000123
FILLER_4_8,VSS,Metal1,10.0800,30.2400,0.000123
FILLER_3_327,VSS,Metal1,162.9600,30.2400,0.003813
FILLER_3_325,VSS,Metal1,162.2400,30.2400,0.003812
FILLER_3_320,VSS,Metal1,159.6000,30.2400,0.003793
FILLER_3_318,VSS,Metal1,158.8800,30.2400,0.003792
FILLER_3_289,VSS,Metal1,144.9600,30.2400,0.003633
FILLER_3_267,VSS,Metal1,134.4000,30.2400,0.003479
FILLER_3_241,VSS,Metal1,121.9200,30.2400,0.003036
FILLER_3_224,VSS,Metal1,113.7600,30.2400,0.001380
FILLER_3_220,VSS,Metal1,112.3080,29.8630,0.001376
FILLER_3_215,VSS,Metal1,109.2000,30.2400,0.000471
FILLER_3_213,VSS,Metal1,108.4800,30.2400,0.000471
FILLER_3_203,VSS,Metal1,104.8860,29.7790,0.000069
FILLER_3_196,VSS,Metal1,101.5260,29.7790,0.000040
FILLER_3_189,VSS,Metal1,98.1660,29.7790,0.000046
FILLER_3_177,VSS,Metal1,91.2000,30.2400,0.000067
FILLER_3_154,VSS,Metal1,79.9200,30.2400,0.000095
FILLER_3_150,VSS,Metal1,78.7080,29.8630,0.000095
FILLER_3_126,VSS,Metal1,67.1880,29.8630,0.000132
FILLER_3_119,VSS,Metal1,64.5660,29.7790,0.000160
FILLER_3_97,VSS,Metal1,52.8000,30.2400,0.000190
FILLER_3_92,VSS,Metal1,50.1600,30.2400,0.000190
FILLER_3_90,VSS,Metal1,49.4400,30.2400,0.000190
FILLER_3_77,VSS,Metal1,42.9600,30.2400,0.000160
FILLER_3_71,VSS,Metal1,40.3200,30.2400,0.000144
FILLER_3_53,VSS,Metal1,31.6800,30.2400,0.000073
FILLER_3_36,VSS,Metal1,23.2800,30.2400,0.000036
FILLER_3_14,VSS,Metal1,12.9600,30.2400,0.000115
FILLER_3_9,VSS,Metal1,10.3200,30.2400,0.000123
FILLER_2_330,VSS,Metal1,164.4000,22.6800,0.001248
FILLER_2_273,VSS,Metal1,137.0400,22.6800,0.000966
FILLER_2_215,VSS,Metal1,109.4400,22.6800,0.000324
FILLER_2_193,VSS,Metal1,98.8800,22.6800,0.000077
FILLER_2_186,VSS,Metal1,96.7260,23.1400,0.000317
FILLER_2_179,VSS,Metal1,93.3660,23.1400,0.000363
FILLER_2_171,VSS,Metal1,88.7880,23.0560,0.000415
FILLER_2_167,VSS,Metal1,86.1600,22.6800,0.000499
FILLER_2_101,VSS,Metal1,54.7200,22.6800,0.000623
FILLER_2_60,VSS,Metal1,34.8000,22.6800,0.000335
FILLER_2_31,VSS,Metal1,20.8800,22.6800,0.000065
FILLER_2_0,VSS,Metal1,6.0000,22.6800,0.000129
FILLER_1_262,VSS,Metal1,131.7600,22.6800,0.000903
FILLER_1_260,VSS,Metal1,131.0400,22.6800,0.000903
FILLER_1_243,VSS,Metal1,122.6400,22.6800,0.000741
FILLER_1_229,VSS,Metal1,116.1600,22.6800,0.000544
FILLER_1_204,VSS,Metal1,103.9200,22.6800,0.000106
FILLER_1_195,VSS,Metal1,99.6000,22.6800,0.000077
FILLER_1_101,VSS,Metal1,54.7200,22.6800,0.000623
FILLER_1_18,VSS,Metal1,14.8800,22.6800,0.000087
FILLER_0_305,VSS,Metal1,152.4000,15.1200,0.000440
FILLER_0_275,VSS,Metal1,138.0000,15.1200,0.000367
FILLER_0_246,VSS,Metal1,124.3200,15.1200,0.000301
FILLER_0_180,VSS,Metal1,92.4000,15.1200,0.000046
FILLER_0_178,VSS,Metal1,91.6800,15.1200,0.000046
FILLER_0_148,VSS,Metal1,77.0400,15.1200,0.000078
FILLER_0_102,VSS,Metal1,54.9600,15.1200,0.000085
FILLER_0_47,VSS,Metal1,28.5600,15.1200,0.000007
FILLER_0_45,VSS,Metal1,27.8400,15.1200,0.000007
FILLER_0_0,VSS,Metal1,6.2400,15.1200,0.000027
hold854,VSS,Metal1,168.7610,30.4470,0.003833
hold853,VSS,Metal1,168.7610,52.7120,0.000327
hold852,VSS,Metal1,8.8380,174.0870,0.000107
hold851,VSS,Metal1,125.9580,174.0870,0.000426
hold850,VSS,Metal1,164.4410,173.6720,0.000684
hold849,VSS,Metal1,168.7610,174.0870,0.000689
hold848,VSS,Metal1,20.8380,15.3270,0.000014
hold847,VSS,Metal1,12.1980,22.4720,0.000127
hold846,VSS,Metal1,168.7610,173.6720,0.000689
hold845,VSS,Metal1,46.2780,15.3270,0.000080
hold844,VSS,Metal1,168.7610,135.8720,0.000701
hold843,VSS,Metal1,134.2010,22.4720,0.000959
hold842,VSS,Metal1,159.1610,15.3270,0.000459
hold841,VSS,Metal1,25.1580,15.3270,0.000006
hold840,VSS,Metal1,7.8780,30.0320,0.000124
hold839,VSS,Metal1,43.4810,174.0870,0.000318
hold838,VSS,Metal1,105.7980,174.0870,0.000092
hold837,VSS,Metal1,8.3580,22.8870,0.000129
hold836,VSS,Metal1,168.7610,158.5520,0.002484
hold835,VSS,Metal1,52.1210,22.4720,0.000565
hold834,VSS,Metal1,139.0010,174.0870,0.000530
hold833,VSS,Metal1,8.3580,60.6870,0.000146
hold832,VSS,Metal1,129.8810,173.6720,0.000460
hold831,VSS,Metal1,13.1580,30.4470,0.000115
hold830,VSS,Metal1,127.0010,15.3270,0.000331
hold829,VSS,Metal1,16.5180,15.3270,0.000019
hold828,VSS,Metal1,168.7610,143.8470,0.001938
hold827,VSS,Metal1,134.6810,174.0870,0.000498
hold826,VSS,Metal1,7.8780,22.4720,0.000129
hold825,VSS,Metal1,135.6410,15.3270,0.000366
hold824,VSS,Metal1,60.2810,174.0870,0.000367
hold823,VSS,Metal1,14.1180,166.1120,0.000114
hold822,VSS,Metal1,50.6810,174.0870,0.000352
hold821,VSS,Metal1,168.7610,166.5270,0.002287
hold820,VSS,Metal1,113.9580,174.0870,0.000251
hold819,VSS,Metal1,168.7610,136.2870,0.000701
hold818,VSS,Metal1,140.3580,15.3270,0.000384
hold817,VSS,Metal1,131.2380,15.3270,0.000348
hold816,VSS,Metal1,168.7610,158.9670,0.002484
hold815,VSS,Metal1,7.8780,173.6720,0.000107
hold814,VSS,Metal1,130.2780,174.0870,0.000460
hold813,VSS,Metal1,74.6810,15.3270,0.000078
hold812,VSS,Metal1,32.9210,174.0870,0.000250
hold811,VSS,Metal1,61.6380,173.6720,0.000367
hold810,VSS,Metal1,154.8410,15.3270,0.000451
hold809,VSS,Metal1,71.7180,174.0870,0.000353
hold808,VSS,Metal1,164.4410,143.4320,0.001922
hold807,VSS,Metal1,121.6380,174.0870,0.000382
hold806,VSS,Metal1,168.7610,143.4320,0.001938
hold805,VSS,Metal1,52.5180,15.3270,0.000085
hold804,VSS,Metal1,85.7210,174.0870,0.000289
hold803,VSS,Metal1,163.4810,174.0870,0.000684
hold802,VSS,Metal1,159.6410,173.6720,0.000679
hold801,VSS,Metal1,101.4780,174.0870,0.000030
hold800,VSS,Metal1,18.4380,22.8870,0.000069
hold799,VSS,Metal1,94.8410,15.3270,0.000031
hold798,VSS,Metal1,7.8780,53.1270,0.000095
hold797,VSS,Metal1,8.3580,166.1120,0.000126
hold796,VSS,Metal1,64.5180,174.0870,0.000368
hold795,VSS,Metal1,9.7980,158.9670,0.000106
hold794,VSS,Metal1,54.9180,174.0870,0.000359
hold793,VSS,Metal1,88.9980,15.3270,0.000046
hold792,VSS,Metal1,39.0780,174.0870,0.000297
hold791,VSS,Metal1,97.2410,174.0870,0.000170
hold790,VSS,Metal1,168.7610,22.8870,0.001256
hold789,VSS,Metal1,168.7610,120.7520,0.000367
hold788,VSS,Metal1,168.7610,113.6070,0.000089
fanout787,VSS,Metal1,147.8050,22.8920,0.001146
fanout786,VSS,Metal1,162.2750,30.4520,0.003812
fanout785,VSS,Metal1,158.9150,158.9720,0.002449
fanout784,VSS,Metal1,158.9150,158.5470,0.002449
fanout783,VSS,Metal1,165.0850,105.6270,0.000631
fanout782,VSS,Metal1,152.6750,37.5870,0.000601
fanout781,VSS,Metal1,154.5250,30.4520,0.003761
fanout780,VSS,Metal1,143.9650,30.4520,0.003631
fanout779,VSS,Metal1,102.2750,22.8920,0.000095
fanout778,VSS,Metal1,24.4450,98.4920,0.000005
fanout777,VSS,Metal1,11.5550,90.5070,0.000045
fanout776,VSS,Metal1,12.0350,113.6120,0.000021
fanout775,VSS,Metal1,30.7550,120.7470,0.000004
fanout774,VSS,Metal1,10.1150,98.4920,0.000091
fanout773,VSS,Metal1,11.5550,98.0670,0.000088
fanout772,VSS,Metal1,145.8850,68.2520,0.000120
fanout771,VSS,Metal1,150.2050,105.6270,0.000388
fanout770,VSS,Metal1,152.1950,135.8670,0.000617
fanout769,VSS,Metal1,147.3950,106.0520,0.000382
fanout768,VSS,Metal1,95.0750,45.1470,0.000048
fanout767,VSS,Metal1,147.8750,68.2520,0.000126
fanout766,VSS,Metal1,150.6850,45.5720,0.000505
fanout765,VSS,Metal1,139.2350,106.0520,0.000335
fanout764,VSS,Metal1,133.9550,135.8670,0.000488
fanout763,VSS,Metal1,143.0050,105.6270,0.000344
fanout762,VSS,Metal1,96.9950,45.1470,0.000039
fanout761,VSS,Metal1,130.5250,75.8120,0.000037
fanout760,VSS,Metal1,152.1950,45.1470,0.000520
fanout759,VSS,Metal1,27.3250,90.5070,0.000009
fanout758,VSS,Metal1,25.4050,90.5070,0.000006
fanout757,VSS,Metal1,144.0350,68.2520,0.000105
fanout756,VSS,Metal1,148.2850,105.6270,0.000387
fanout755,VSS,Metal1,150.2750,135.8670,0.000599
fanout754,VSS,Metal1,146.4350,105.6270,0.000376
fanout753,VSS,Metal1,98.9150,45.1470,0.000027
fanout752,VSS,Metal1,140.1250,68.2520,0.000080
fanout751,VSS,Metal1,142.0450,68.2520,0.000086
fanout750,VSS,Metal1,141.1550,105.6270,0.000344
fanout749,VSS,Metal1,140.1250,135.8670,0.000510
fanout748,VSS,Metal1,137.2450,106.0520,0.000319
fanout747,VSS,Metal1,100.8350,45.1470,0.000015
fanout746,VSS,Metal1,138.2050,68.2520,0.000071
fanout745,VSS,Metal1,39.3250,106.0520,0.000004
fanout744,VSS,Metal1,120.5150,158.9720,0.000154
fanout743,VSS,Metal1,126.6850,98.4920,0.000126
fanout742,VSS,Metal1,62.4350,30.4520,0.000163
fanout741,VSS,Metal1,114.2050,37.5870,0.000114
fanout740,VSS,Metal1,146.8450,38.0120,0.000541
fanout739,VSS,Metal1,116.1950,30.4520,0.001412
fanout738,VSS,Metal1,136.2850,105.6270,0.000311
fanout737,VSS,Metal1,142.0450,135.8670,0.000517
fanout736,VSS,Metal1,140.6750,98.4920,0.000186
fanout735,VSS,Metal1,120.4450,45.5720,0.000273
fanout734,VSS,Metal1,98.9150,45.5720,0.000027
fanout733,VSS,Metal1,122.4350,45.1470,0.000309
fanout732,VSS,Metal1,32.1250,136.2920,0.000012
fanout731,VSS,Metal1,131.0050,98.4920,0.000157
fanout730,VSS,Metal1,143.0050,143.4270,0.001138
fanout729,VSS,Metal1,132.9250,98.4920,0.000157
fanout728,VSS,Metal1,129.6350,37.5870,0.000258
fanout727,VSS,Metal1,127.6450,37.5870,0.000218
fanout726,VSS,Metal1,104.1950,30.4520,0.000069
fanout725,VSS,Metal1,46.5950,106.0520,0.000005
fanout724,VSS,Metal1,93.5650,158.9720,0.000087
fanout723,VSS,Metal1,128.1250,143.4270,0.000376
fanout722,VSS,Metal1,127.1650,106.0520,0.000241
fanout721,VSS,Metal1,126.6850,105.6270,0.000238
fanout720,VSS,Metal1,43.7150,113.1870,0.000004
fanout719,VSS,Metal1,102.2050,38.0120,0.000041
fanout718,VSS,Metal1,135.3250,90.9320,0.000071
fanout717,VSS,Metal1,132.4450,68.2520,0.000066
fanout716,VSS,Metal1,95.0050,38.0120,0.000028
fanout715,VSS,Metal1,61.4050,45.5720,0.000070
fanout714,VSS,Metal1,63.3250,38.0120,0.000087
fanout713,VSS,Metal1,62.8450,45.1470,0.000062
fanout712,VSS,Metal1,132.0350,106.0520,0.000279
fanout711,VSS,Metal1,126.6850,158.9720,0.000304
fanout710,VSS,Metal1,131.0750,105.6270,0.000270
fanout709,VSS,Metal1,126.6850,75.3870,0.000025
fanout708,VSS,Metal1,126.6850,68.2520,0.000062
fanout707,VSS,Metal1,95.5550,30.0270,0.000059
fanout706,VSS,Metal1,54.6850,45.5720,0.000113
fanout705,VSS,Metal1,45.1550,98.4920,0.000013
fanout704,VSS,Metal1,144.9250,136.2920,0.000546
fanout703,VSS,Metal1,142.5250,98.4920,0.000287
fanout702,VSS,Metal1,56.6050,45.5720,0.000080
fanout701,VSS,Metal1,100.2850,37.5870,0.000022
fanout700,VSS,Metal1,110.9150,37.5870,0.000102
fanout699,VSS,Metal1,133.9550,106.0520,0.000297
fanout698,VSS,Metal1,130.0450,143.8520,0.000398
fanout697,VSS,Metal1,132.9950,105.6270,0.000288
fanout696,VSS,Metal1,96.9950,30.4520,0.000046
fanout695,VSS,Metal1,110.4350,30.0270,0.000566
output694,VSS,Metal1,53.7250,166.5320,0.000481
output693,VSS,Metal1,43.1650,173.6670,0.000318
output692,VSS,Metal1,47.4850,166.5320,0.000453
output691,VSS,Metal1,31.6450,173.6670,0.000183
output690,VSS,Metal1,18.2050,173.6670,0.000075
output689,VSS,Metal1,137.2450,45.5720,0.000409
output688,VSS,Metal1,148.2850,151.4120,0.002129
output687,VSS,Metal1,36.0350,166.1070,0.000321
output686,VSS,Metal1,22.0450,173.6670,0.000038
output685,VSS,Metal1,125.7250,37.5870,0.000125
output684,VSS,Metal1,138.6850,166.1070,0.002027
output683,VSS,Metal1,85.9550,166.5320,0.000172
output682,VSS,Metal1,31.7150,158.5470,0.000096
output681,VSS,Metal1,147.3250,158.5470,0.002324
output680,VSS,Metal1,81.1550,166.5320,0.000182
output679,VSS,Metal1,20.1250,173.6670,0.000063
output678,VSS,Metal1,155.4850,30.0270,0.003769
output677,VSS,Metal1,140.6050,166.1070,0.002058
output676,VSS,Metal1,69.5650,173.6670,0.000356
output675,VSS,Metal1,153.5650,30.0270,0.003752
output674,VSS,Metal1,159.3250,136.2920,0.000672
output673,VSS,Metal1,107.5550,15.3320,0.000124
output672,VSS,Metal1,27.3950,45.5720,0.000041
output671,VSS,Metal1,25.9550,158.5470,0.000036
output670,VSS,Metal1,17.3150,37.5870,0.000076
output669,VSS,Metal1,6.7550,30.4520,0.000124
output668,VSS,Metal1,24.5150,45.1470,0.000026
output667,VSS,Metal1,123.3950,173.6670,0.000396
output666,VSS,Metal1,158.8450,128.3070,0.000298
output665,VSS,Metal1,149.7950,166.5320,0.002177
output664,VSS,Metal1,132.4450,158.9720,0.000413
output663,VSS,Metal1,162.6850,135.8670,0.000687
output662,VSS,Metal1,11.5550,166.5320,0.000120
output661,VSS,Metal1,98.4350,166.5320,0.000066
output660,VSS,Metal1,151.2350,166.1070,0.002192
output659,VSS,Metal1,15.3950,45.5720,0.000096
output658,VSS,Metal1,153.6350,22.8920,0.001196
output657,VSS,Metal1,27.3950,143.8520,0.000015
output656,VSS,Metal1,136.2850,150.9870,0.001586
output655,VSS,Metal1,168.0350,22.4670,0.001256
output654,VSS,Metal1,161.2450,158.5470,0.002460
output653,VSS,Metal1,163.1650,166.5320,0.002279
output652,VSS,Metal1,150.2750,173.6670,0.000633
output651,VSS,Metal1,50.8450,173.6670,0.000353
output650,VSS,Metal1,156.4450,135.8670,0.000653
output649,VSS,Metal1,24.5150,53.1320,0.000015
output648,VSS,Metal1,26.9150,135.8670,0.000009
output647,VSS,Metal1,167.0050,106.0520,0.000637
output646,VSS,Metal1,124.3550,166.1070,0.001583
output645,VSS,Metal1,161.2450,136.2920,0.000681
output644,VSS,Metal1,159.3250,143.4270,0.001906
output643,VSS,Metal1,135.8750,166.1070,0.001976
output642,VSS,Metal1,8.6750,30.4520,0.000124
output641,VSS,Metal1,28.3550,53.1320,0.000022
output640,VSS,Metal1,140.6750,173.6670,0.000536
output639,VSS,Metal1,41.7950,166.1070,0.000398
output638,VSS,Metal1,92.6050,22.4670,0.000365
output637,VSS,Metal1,34.5950,38.0120,0.000140
output636,VSS,Metal1,30.2750,166.1070,0.000190
output635,VSS,Metal1,15.3950,37.5870,0.000084
output634,VSS,Metal1,21.1550,37.5870,0.000052
output633,VSS,Metal1,71.4850,22.4670,0.000661
output632,VSS,Metal1,133.9550,166.1070,0.001907
output631,VSS,Metal1,155.0050,158.5470,0.002421
output630,VSS,Metal1,138.7550,173.6670,0.000530
output629,VSS,Metal1,155.0750,128.3070,0.000277
output628,VSS,Metal1,163.1650,166.1070,0.002279
output627,VSS,Metal1,43.7150,151.4120,0.000093
output626,VSS,Metal1,149.2450,158.5470,0.002326
output625,VSS,Metal1,104.1950,166.5320,0.000830
output624,VSS,Metal1,38.9150,45.5720,0.000116
output623,VSS,Metal1,148.3550,30.0270,0.003704
output622,VSS,Metal1,24.9950,143.4270,0.000012
output621,VSS,Metal1,142.5950,166.1070,0.002089
output620,VSS,Metal1,141.1550,22.4670,0.001060
output619,VSS,Metal1,30.2050,166.5320,0.000190
output618,VSS,Metal1,155.9650,143.8520,0.001858
output617,VSS,Metal1,130.5250,150.9870,0.001528
output616,VSS,Metal1,59.5550,166.5320,0.000491
output615,VSS,Metal1,143.9650,143.8520,0.001150
output614,VSS,Metal1,28.8350,52.7070,0.000023
output613,VSS,Metal1,15.3950,166.5320,0.000109
output612,VSS,Metal1,163.1650,106.0520,0.000625
output611,VSS,Metal1,136.8350,173.6670,0.000515
output610,VSS,Metal1,129.0850,151.4120,0.001500
output609,VSS,Metal1,131.9650,143.8520,0.000892
output608,VSS,Metal1,88.7650,22.4670,0.000415
output607,VSS,Metal1,141.6350,166.5320,0.002075
output606,VSS,Metal1,16.3550,45.1470,0.000091
output605,VSS,Metal1,142.5950,173.6670,0.000559
output604,VSS,Metal1,34.0450,166.5320,0.000275
output603,VSS,Metal1,107.0750,22.4670,0.000260
output602,VSS,Metal1,40.8350,30.4520,0.000153
output601,VSS,Metal1,48.9250,173.6670,0.000349
output600,VSS,Metal1,40.8350,45.5720,0.000118
output599,VSS,Metal1,18.2750,45.1470,0.000079
output598,VSS,Metal1,30.7550,37.5870,0.000104
output597,VSS,Metal1,36.5150,37.5870,0.000152
output596,VSS,Metal1,121.4750,173.6670,0.000383
output595,VSS,Metal1,165.5650,135.8670,0.000695
output594,VSS,Metal1,127.1650,151.4120,0.001463
output593,VSS,Metal1,169.8850,151.4120,0.002657
output592,VSS,Metal1,19.2350,166.1070,0.000074
output591,VSS,Metal1,96.5150,173.6670,0.000170
output590,VSS,Metal1,108.0350,173.6670,0.000126
output589,VSS,Metal1,19.2350,52.7070,0.000056
output588,VSS,Metal1,139.1650,45.1470,0.000427
output587,VSS,Metal1,23.0750,143.4270,0.000028
output586,VSS,Metal1,23.9650,173.6670,0.000020
output585,VSS,Metal1,111.8750,173.6670,0.000229
output584,VSS,Metal1,143.0750,22.4670,0.001089
output583,VSS,Metal1,163.1650,158.9720,0.002472
output582,VSS,Metal1,153.0850,158.5470,0.002391
output581,VSS,Metal1,32.1250,166.5320,0.000245
output580,VSS,Metal1,151.1650,158.9720,0.002369
output579,VSS,Metal1,83.0750,22.8920,0.000549
output578,VSS,Metal1,21.1550,158.9720,0.000043
output577,VSS,Metal1,46.1150,37.5870,0.000162
output576,VSS,Metal1,77.3150,22.8920,0.000617
output575,VSS,Metal1,146.4350,173.6670,0.000600
output574,VSS,Metal1,161.2450,113.6120,0.000073
output573,VSS,Metal1,146.3650,151.4120,0.002110
output572,VSS,Metal1,160.2850,128.7320,0.000305
output571,VSS,Metal1,34.1150,143.4270,0.000021
output570,VSS,Metal1,104.1950,173.6670,0.000084
output569,VSS,Metal1,135.8050,143.8520,0.000961
output568,VSS,Metal1,100.3550,166.5320,0.000058
output567,VSS,Metal1,17.3150,45.5720,0.000085
output566,VSS,Metal1,157.4750,22.8920,0.001220
output565,VSS,Metal1,45.6350,166.1070,0.000436
output564,VSS,Metal1,111.8750,166.1070,0.001224
output563,VSS,Metal1,139.2350,22.4670,0.001028
output562,VSS,Metal1,139.6450,158.5470,0.002204
output561,VSS,Metal1,134.3650,158.9720,0.001102
output560,VSS,Metal1,37.4050,173.6670,0.000292
output559,VSS,Metal1,150.2050,143.8520,0.001833
output558,VSS,Metal1,126.2750,166.5320,0.001673
output557,VSS,Metal1,42.2750,37.5870,0.000163
output556,VSS,Metal1,17.3150,166.1070,0.000088
output555,VSS,Metal1,169.8850,90.9320,0.000344
output554,VSS,Metal1,126.2750,166.1070,0.001673
output553,VSS,Metal1,161.2450,143.8520,0.001916
output552,VSS,Metal1,143.9650,150.9870,0.002084
output551,VSS,Metal1,155.4850,158.9720,0.002423
output550,VSS,Metal1,21.1550,52.7070,0.000043
output549,VSS,Metal1,130.1150,166.1070,0.001798
output548,VSS,Metal1,29.7250,173.6670,0.000152
output547,VSS,Metal1,48.0350,38.0120,0.000159
output546,VSS,Metal1,140.6050,37.5870,0.000476
output545,VSS,Metal1,157.4050,60.6920,0.000186
output544,VSS,Metal1,142.5250,37.5870,0.000502
output543,VSS,Metal1,157.4050,60.2670,0.000186
output542,VSS,Metal1,12.5150,113.1870,0.000020
output541,VSS,Metal1,13.9550,98.4920,0.000082
output540,VSS,Metal1,18.7550,105.6270,0.000008
output539,VSS,Metal1,6.7550,113.1870,0.000029
output538,VSS,Metal1,26.9150,150.9870,0.000030
output537,VSS,Metal1,6.7550,90.9320,0.000049
output536,VSS,Metal1,13.4750,98.0670,0.000083
output535,VSS,Metal1,8.6750,113.1870,0.000027
output534,VSS,Metal1,162.6850,128.3070,0.000311
output533,VSS,Metal1,56.1950,30.0270,0.000184
output532,VSS,Metal1,6.7550,37.5870,0.000106
output531,VSS,Metal1,160.7650,128.3070,0.000306
output530,VSS,Metal1,56.1250,22.8920,0.000645
output529,VSS,Metal1,8.6750,37.5870,0.000103
output528,VSS,Metal1,125.2450,151.4120,0.001422
output527,VSS,Metal1,47.0050,22.4670,0.000528
output526,VSS,Metal1,15.3950,60.2670,0.000126
output525,VSS,Metal1,58.0450,22.8920,0.000656
output524,VSS,Metal1,6.7550,45.5720,0.000127
output523,VSS,Metal1,169.8850,150.9870,0.002657
output522,VSS,Metal1,149.3150,166.1070,0.002173
output521,VSS,Metal1,65.2450,166.5320,0.000483
output520,VSS,Metal1,15.3250,22.8920,0.000079
output519,VSS,Metal1,126.2750,22.8920,0.000824
output518,VSS,Metal1,45.5650,22.8920,0.000511
output517,VSS,Metal1,17.7950,143.8520,0.000049
output516,VSS,Metal1,37.4750,151.4120,0.000081
output515,VSS,Metal1,28.8350,136.2920,0.000012
output514,VSS,Metal1,34.1150,166.1070,0.000275
output513,VSS,Metal1,20.1950,68.2520,0.000044
output512,VSS,Metal1,15.3950,82.9470,0.000067
output511,VSS,Metal1,16.2850,22.4670,0.000075
output510,VSS,Metal1,26.9150,60.2670,0.000014
output509,VSS,Metal1,23.0750,60.2670,0.000050
output508,VSS,Metal1,16.3550,75.8120,0.000269
output507,VSS,Metal1,13.4750,53.1320,0.000083
output506,VSS,Metal1,18.2750,30.0270,0.000058
output505,VSS,Metal1,39.3950,52.7070,0.000016
output504,VSS,Metal1,18.2750,151.4120,0.000065
output503,VSS,Metal1,13.4750,166.5320,0.000115
output502,VSS,Metal1,19.2350,143.4270,0.000040
output501,VSS,Metal1,32.6750,150.9870,0.000067
output500,VSS,Metal1,141.5650,158.5470,0.002238
output499,VSS,Metal1,6.7550,82.9470,0.000098
output498,VSS,Metal1,17.3150,98.0670,0.000073
output497,VSS,Metal1,29.7950,158.5470,0.000079
output496,VSS,Metal1,15.8750,75.3870,0.000271
output495,VSS,Metal1,138.2050,158.9720,0.001197
output494,VSS,Metal1,73.4050,166.5320,0.000433
output493,VSS,Metal1,151.7150,166.5320,0.002195
output492,VSS,Metal1,29.7250,22.8920,0.000197
output491,VSS,Metal1,154.0450,143.8520,0.001846
output490,VSS,Metal1,112.8350,22.8920,0.000486
output489,VSS,Metal1,110.9150,22.4670,0.000380
output488,VSS,Metal1,143.5550,30.0270,0.003628
output487,VSS,Metal1,147.8050,150.9870,0.002126
output486,VSS,Metal1,45.0850,173.6670,0.000320
output485,VSS,Metal1,35.0750,30.0270,0.000110
output484,VSS,Metal1,129.1550,30.0270,0.003332
output483,VSS,Metal1,36.5150,38.0120,0.000152
output482,VSS,Metal1,8.6750,158.5470,0.000106
output481,VSS,Metal1,8.6750,151.4120,0.000111
output480,VSS,Metal1,19.2350,158.5470,0.000058
output479,VSS,Metal1,22.5950,166.5320,0.000043
output478,VSS,Metal1,143.5550,15.3320,0.000398
output477,VSS,Metal1,11.5550,67.8270,0.000087
output476,VSS,Metal1,36.9950,45.5720,0.000111
output475,VSS,Metal1,17.3150,60.2670,0.000115
output474,VSS,Metal1,32.6750,52.7070,0.000023
output473,VSS,Metal1,34.1150,53.1320,0.000021
output472,VSS,Metal1,14.9150,60.6920,0.000128
output471,VSS,Metal1,17.3150,52.7070,0.000066
output470,VSS,Metal1,11.5550,15.3320,0.000026
output469,VSS,Metal1,38.4350,150.9870,0.000083
output468,VSS,Metal1,50.4350,158.9720,0.000151
output467,VSS,Metal1,157.4050,136.2920,0.000660
output466,VSS,Metal1,36.5150,158.9720,0.000128
output465,VSS,Metal1,43.7150,166.1070,0.000413
output464,VSS,Metal1,18.2750,68.2520,0.000058
output463,VSS,Metal1,6.7550,83.3720,0.000098
output462,VSS,Metal1,14.4350,113.1870,0.000013
output461,VSS,Metal1,13.4750,52.7070,0.000083
output460,VSS,Metal1,152.1250,143.8520,0.001841
output459,VSS,Metal1,70.0450,166.1070,0.000463
output458,VSS,Metal1,144.5150,166.1070,0.002114
output457,VSS,Metal1,42.7550,30.4520,0.000160
output456,VSS,Metal1,63.3250,166.5320,0.000488
output455,VSS,Metal1,149.7250,150.9870,0.002560
output454,VSS,Metal1,120.9950,15.3320,0.000282
output453,VSS,Metal1,120.5150,30.0270,0.003034
output452,VSS,Metal1,154.0450,151.4120,0.002598
output451,VSS,Metal1,69.6350,166.5320,0.000464
output450,VSS,Metal1,24.9250,60.2670,0.000029
output449,VSS,Metal1,116.6750,22.8920,0.000598
output448,VSS,Metal1,38.4350,37.5870,0.000160
output447,VSS,Metal1,10.5950,158.5470,0.000106
output446,VSS,Metal1,35.5550,151.4120,0.000075
output445,VSS,Metal1,67.7150,22.8920,0.000677
output444,VSS,Metal1,6.7550,166.5320,0.000126
output443,VSS,Metal1,24.0350,158.5470,0.000018
output442,VSS,Metal1,6.7550,60.2670,0.000146
output441,VSS,Metal1,17.3150,83.3720,0.000049
output440,VSS,Metal1,11.5550,45.5720,0.000116
output439,VSS,Metal1,18.7550,60.6920,0.000104
output438,VSS,Metal1,19.2350,83.3720,0.000027
output437,VSS,Metal1,21.1550,83.3720,0.000007
output436,VSS,Metal1,21.1550,60.2670,0.000084
output435,VSS,Metal1,24.0350,67.8270,0.000035
output434,VSS,Metal1,120.5150,22.8920,0.000694
output433,VSS,Metal1,20.1950,151.4120,0.000052
output432,VSS,Metal1,23.0750,150.9870,0.000030
output431,VSS,Metal1,6.7550,151.4120,0.000115
output430,VSS,Metal1,38.4350,158.9720,0.000136
output429,VSS,Metal1,19.2350,98.0670,0.000064
output428,VSS,Metal1,15.3950,90.9320,0.000036
output427,VSS,Metal1,8.6750,121.1720,0.000071
output426,VSS,Metal1,6.7550,75.8120,0.000294
output425,VSS,Metal1,36.5150,150.9870,0.000079
output424,VSS,Metal1,6.7550,158.5470,0.000112
output423,VSS,Metal1,17.3150,158.5470,0.000079
output422,VSS,Metal1,12.5150,173.6670,0.000103
output421,VSS,Metal1,16.3550,68.2520,0.000070
output420,VSS,Metal1,13.4750,60.2670,0.000134
output419,VSS,Metal1,19.2350,37.5870,0.000065
output418,VSS,Metal1,8.6750,60.2670,0.000147
output417,VSS,Metal1,145.8850,150.9870,0.002106
output416,VSS,Metal1,11.5550,22.8920,0.000127
output415,VSS,Metal1,14.4350,68.2520,0.000078
output414,VSS,Metal1,6.7550,67.8270,0.000098
output413,VSS,Metal1,6.7550,45.1470,0.000127
output412,VSS,Metal1,16.3550,151.4120,0.000075
output411,VSS,Metal1,8.6750,166.5320,0.000126
output410,VSS,Metal1,15.8750,143.8520,0.000057
output409,VSS,Metal1,49.4750,166.1070,0.000468
output408,VSS,Metal1,11.5550,83.3720,0.000087
output407,VSS,Metal1,15.3950,98.0670,0.000077
output406,VSS,Metal1,61.4050,166.5320,0.000491
output405,VSS,Metal1,10.5950,113.1870,0.000026
output404,VSS,Metal1,19.7150,90.5070,0.000023
output403,VSS,Metal1,145.4050,158.5470,0.002294
output402,VSS,Metal1,65.7250,173.6670,0.000368
output401,VSS,Metal1,109.9550,173.6670,0.000179
output400,VSS,Metal1,26.4350,53.1320,0.000017
output399,VSS,Metal1,136.2850,158.9720,0.001160
output398,VSS,Metal1,116.6750,30.0270,0.001423
output397,VSS,Metal1,124.3550,22.8920,0.000782
output396,VSS,Metal1,157.4050,150.9870,0.002617
output395,VSS,Metal1,25.4750,45.5720,0.000017
output394,VSS,Metal1,162.2750,22.4670,0.001241
output393,VSS,Metal1,169.8850,22.4670,0.001256
output392,VSS,Metal1,162.2050,45.1470,0.000578
output391,VSS,Metal1,169.8850,30.0270,0.003833
output390,VSS,Metal1,48.0350,30.0270,0.000190
output389,VSS,Metal1,132.9950,173.6670,0.000492
output388,VSS,Metal1,105.6350,15.3320,0.000098
output387,VSS,Metal1,28.3550,45.1470,0.000052
output386,VSS,Metal1,125.3150,173.6670,0.000426
output385,VSS,Metal1,100.3550,22.8920,0.000042
output384,VSS,Metal1,23.0750,37.5870,0.000036
output383,VSS,Metal1,121.4750,166.1070,0.001507
output382,VSS,Metal1,86.8450,22.4670,0.000428
output381,VSS,Metal1,117.6350,166.5320,0.001397
output380,VSS,Metal1,94.5950,22.4670,0.000363
output379,VSS,Metal1,28.3550,30.0270,0.000048
output378,VSS,Metal1,28.8350,158.9720,0.000070
output377,VSS,Metal1,142.1150,150.9870,0.001668
output376,VSS,Metal1,148.7650,37.5870,0.000565
output375,VSS,Metal1,127.1650,30.0270,0.003330
output374,VSS,Metal1,55.7150,30.4520,0.000185
output373,VSS,Metal1,158.8450,45.5720,0.000565
output372,VSS,Metal1,167.9650,15.3320,0.000477
output371,VSS,Metal1,164.1250,30.0270,0.003822
output370,VSS,Metal1,118.5250,30.0270,0.002975
output369,VSS,Metal1,34.5950,37.5870,0.000140
output368,VSS,Metal1,33.5650,15.3320,0.000044
output367,VSS,Metal1,39.3250,173.6670,0.000297
output366,VSS,Metal1,26.9150,52.7070,0.000019
output365,VSS,Metal1,51.3950,30.0270,0.000191
output364,VSS,Metal1,29.3150,45.5720,0.000063
output363,VSS,Metal1,28.8350,37.5870,0.000083
output362,VSS,Metal1,48.9250,22.4670,0.000547
output361,VSS,Metal1,65.7250,22.4670,0.000679
output360,VSS,Metal1,159.3250,75.8120,0.000106
output359,VSS,Metal1,159.3250,67.8270,0.000587
output358,VSS,Metal1,157.4050,67.8270,0.000575
output357,VSS,Metal1,169.8850,37.5870,0.000673
output356,VSS,Metal1,132.9950,30.0270,0.003452
output355,VSS,Metal1,144.0350,22.8920,0.001102
output354,VSS,Metal1,149.7250,60.6920,0.000143
output353,VSS,Metal1,104.1950,22.8920,0.000163
output352,VSS,Metal1,164.1950,15.3320,0.000471
output351,VSS,Metal1,71.5550,166.5320,0.000453
output350,VSS,Metal1,39.8750,166.1070,0.000365
output349,VSS,Metal1,77.2450,173.6670,0.000336
output348,VSS,Metal1,33.6350,158.5470,0.000110
output347,VSS,Metal1,144.9950,22.4670,0.001115
output346,VSS,Metal1,34.1150,45.1470,0.000099
output345,VSS,Metal1,38.9150,30.0270,0.000136
output344,VSS,Metal1,28.3550,166.1070,0.000128
output343,VSS,Metal1,169.8850,83.3720,0.000403
output342,VSS,Metal1,152.1950,173.6670,0.000647
output341,VSS,Metal1,146.3650,30.0270,0.003669
output340,VSS,Metal1,134.8450,37.5870,0.000406
output339,VSS,Metal1,45.6350,45.1470,0.000116
output338,VSS,Metal1,167.9650,30.0270,0.003833
output337,VSS,Metal1,155.9650,37.5870,0.000625
output336,VSS,Metal1,158.3650,45.1470,0.000563
output335,VSS,Metal1,163.1650,37.5870,0.000659
output334,VSS,Metal1,21.1550,166.1070,0.000058
output333,VSS,Metal1,32.6750,37.5870,0.000124
output332,VSS,Metal1,33.5650,22.4670,0.000305
output331,VSS,Metal1,33.1550,45.5720,0.000094
output330,VSS,Metal1,37.4050,22.4670,0.000401
output329,VSS,Metal1,81.1550,22.8920,0.000566
output328,VSS,Metal1,27.3950,30.4520,0.000037
output327,VSS,Metal1,37.8850,22.8920,0.000407
output326,VSS,Metal1,63.8050,22.4670,0.000676
output325,VSS,Metal1,136.7650,37.5870,0.000417
output324,VSS,Metal1,159.3250,68.2520,0.000587
output323,VSS,Metal1,159.3250,98.0670,0.000353
output322,VSS,Metal1,155.4850,67.8270,0.000562
output321,VSS,Metal1,162.6850,52.7070,0.000320
output320,VSS,Metal1,141.6350,30.0270,0.003613
output319,VSS,Metal1,153.0850,38.0120,0.000603
output318,VSS,Metal1,108.0350,22.8920,0.000291
output317,VSS,Metal1,148.8350,22.4670,0.001158
output316,VSS,Metal1,45.1550,158.5470,0.000144
output315,VSS,Metal1,45.5650,166.5320,0.000436
output314,VSS,Metal1,68.6050,174.0920,0.000358
output313,VSS,Metal1,57.5650,166.5320,0.000489
output312,VSS,Metal1,148.3550,173.6670,0.000618
output311,VSS,Metal1,146.9150,22.4670,0.001138
output310,VSS,Metal1,24.0350,38.0120,0.000028
output309,VSS,Metal1,28.8350,150.9870,0.000048
output308,VSS,Metal1,169.8850,82.9470,0.000403
output307,VSS,Metal1,113.7950,166.1070,0.001282
output306,VSS,Metal1,149.2450,38.0120,0.000569
output305,VSS,Metal1,139.1650,38.0120,0.000455
output304,VSS,Metal1,23.9650,22.8920,0.000024
output303,VSS,Metal1,160.2850,45.1470,0.000572
output302,VSS,Metal1,129.5650,38.0120,0.000258
output301,VSS,Metal1,153.0850,45.5720,0.000526
output300,VSS,Metal1,166.0450,30.0270,0.003829
output299,VSS,Metal1,147.3250,60.2670,0.000124
output298,VSS,Metal1,44.1950,37.5870,0.000164
output297,VSS,Metal1,35.4850,22.4670,0.000368
output296,VSS,Metal1,36.0350,45.1470,0.000108
output295,VSS,Metal1,39.3250,22.4670,0.000430
output294,VSS,Metal1,40.3550,37.5870,0.000161
output293,VSS,Metal1,26.9150,37.5870,0.000040
output292,VSS,Metal1,56.1250,22.4670,0.000645
output291,VSS,Metal1,69.6350,22.8920,0.000671
output290,VSS,Metal1,146.8450,45.5720,0.000470
output289,VSS,Metal1,164.1250,75.3870,0.000119
output288,VSS,Metal1,163.1650,67.8270,0.000604
output287,VSS,Metal1,163.1650,60.2670,0.000217
output286,VSS,Metal1,161.2450,60.2670,0.000208
output285,VSS,Metal1,139.7150,30.0270,0.003578
output284,VSS,Metal1,156.9250,30.4520,0.003780
output283,VSS,Metal1,108.9950,22.4670,0.000321
output282,VSS,Metal1,149.7950,22.8920,0.001166
output281,VSS,Metal1,162.6850,45.5720,0.000579
output280,VSS,Metal1,123.8050,37.5870,0.000127
output279,VSS,Metal1,159.3250,38.0120,0.000643
output278,VSS,Metal1,155.4850,60.6920,0.000174
output277,VSS,Metal1,24.9950,37.5870,0.000018
output276,VSS,Metal1,43.6450,22.8920,0.000487
output275,VSS,Metal1,31.2350,45.5720,0.000080
output274,VSS,Metal1,54.2750,30.0270,0.000188
output273,VSS,Metal1,16.2850,173.6670,0.000085
output272,VSS,Metal1,75.3250,22.4670,0.000637
output271,VSS,Metal1,30.2750,30.0270,0.000069
output270,VSS,Metal1,29.7250,22.4670,0.000197
output269,VSS,Metal1,22.0450,22.8920,0.000052
output268,VSS,Metal1,152.1250,52.7070,0.000297
output267,VSS,Metal1,161.2450,68.2520,0.000595
output266,VSS,Metal1,144.9250,38.0120,0.000534
output265,VSS,Metal1,167.9650,37.5870,0.000671
output264,VSS,Metal1,126.2050,30.4520,0.003307
output263,VSS,Metal1,164.1250,22.4670,0.001248
output262,VSS,Metal1,33.5650,173.6670,0.000250
output261,VSS,Metal1,127.7150,22.4670,0.000856
output260,VSS,Metal1,135.8750,30.0270,0.003510
output259,VSS,Metal1,37.9550,166.1070,0.000345
output258,VSS,Metal1,27.8050,173.6670,0.000117
output257,VSS,Metal1,75.3250,166.5320,0.000428
output256,VSS,Metal1,47.0050,173.6670,0.000336
output255,VSS,Metal1,137.7950,30.0270,0.003546
output254,VSS,Metal1,30.2750,45.1470,0.000072
output253,VSS,Metal1,23.0750,166.1070,0.000039
output252,VSS,Metal1,145.4050,143.4270,0.001782
output251,VSS,Metal1,25.8850,22.8920,0.000072
output250,VSS,Metal1,6.7550,135.8670,0.000214
output249,VSS,Metal1,110.9150,166.5320,0.001195
output248,VSS,Metal1,165.0850,113.1870,0.000085
output247,VSS,Metal1,167.9650,98.0670,0.000370
output246,VSS,Metal1,161.2450,75.8120,0.000112
output245,VSS,Metal1,90.6850,22.4670,0.000400
output244,VSS,Metal1,24.9950,52.7070,0.000012
output243,VSS,Metal1,6.7550,98.4920,0.000097
output242,VSS,Metal1,143.4850,158.5470,0.002267
output241,VSS,Metal1,156.9250,128.3070,0.000287
output240,VSS,Metal1,118.5950,22.8920,0.000647
output239,VSS,Metal1,163.1650,113.1870,0.000077
output238,VSS,Metal1,151.6450,30.0270,0.003731
output237,VSS,Metal1,6.7550,52.7070,0.000095
output236,VSS,Metal1,169.8850,90.5070,0.000344
output235,VSS,Metal1,158.3650,83.3720,0.000120
output234,VSS,Metal1,143.0050,38.0120,0.000508
output233,VSS,Metal1,161.2450,143.4270,0.001916
output232,VSS,Metal1,161.2450,166.1070,0.002266
output231,VSS,Metal1,161.2450,98.0670,0.000359
output230,VSS,Metal1,132.0350,166.1070,0.001838
output229,VSS,Metal1,167.9650,83.3720,0.000397
output228,VSS,Metal1,24.4450,166.5320,0.000024
output227,VSS,Metal1,153.1550,158.9720,0.002391
output226,VSS,Metal1,159.3250,60.2670,0.000196
output225,VSS,Metal1,17.3150,90.9320,0.000030
output224,VSS,Metal1,86.8450,173.6670,0.000289
output223,VSS,Metal1,106.1150,22.8920,0.000229
output222,VSS,Metal1,112.8350,22.4670,0.000486
output221,VSS,Metal1,164.1250,83.3720,0.000384
output220,VSS,Metal1,61.8850,22.4670,0.000670
output219,VSS,Metal1,12.5150,128.7320,0.000108
output218,VSS,Metal1,159.3250,151.4120,0.002626
output217,VSS,Metal1,14.4350,75.8120,0.000276
output216,VSS,Metal1,36.9950,30.0270,0.000125
output215,VSS,Metal1,27.8750,158.5470,0.000059
output214,VSS,Metal1,10.5950,128.7320,0.000111
output213,VSS,Metal1,15.3950,143.4270,0.000058
output212,VSS,Metal1,16.3550,121.1720,0.000043
output211,VSS,Metal1,17.3150,143.4270,0.000051
output210,VSS,Metal1,157.4050,166.1070,0.002236
input209,VSS,Metal1,41.3150,173.6670,0.000308
input208,VSS,Metal1,14.3650,173.6670,0.000092
input207,VSS,Metal1,32.1250,166.1070,0.000245
input206,VSS,Metal1,18.6850,135.8670,0.000184
input205,VSS,Metal1,119.5550,173.6670,0.000363
input204,VSS,Metal1,154.1150,173.6670,0.000657
input203,VSS,Metal1,112.8350,166.5320,0.001253
input202,VSS,Metal1,108.9950,166.5320,0.000944
input201,VSS,Metal1,165.1550,120.7470,0.000364
input200,VSS,Metal1,163.1650,98.0670,0.000364
input199,VSS,Metal1,161.3150,120.7470,0.000356
input198,VSS,Metal1,168.0350,82.9470,0.000397
input197,VSS,Metal1,169.9550,166.1070,0.002287
input196,VSS,Metal1,160.8350,98.4920,0.000358
input195,VSS,Metal1,169.9550,98.4920,0.000371
input194,VSS,Metal1,159.8750,105.6270,0.000612
input193,VSS,Metal1,141.0850,38.0120,0.000482
input192,VSS,Metal1,128.1950,22.8920,0.000863
input191,VSS,Metal1,15.3250,67.8270,0.000075
input190,VSS,Metal1,163.2350,53.1320,0.000321
input189,VSS,Metal1,62.8450,166.1070,0.000489
input188,VSS,Metal1,169.9550,98.0670,0.000371
input187,VSS,Metal1,131.9650,22.8920,0.000938
input186,VSS,Metal1,162.7550,98.4920,0.000363
input185,VSS,Metal1,163.2350,75.8120,0.000117
input184,VSS,Metal1,163.2350,68.2520,0.000604
input183,VSS,Metal1,155.5550,136.2920,0.000647
input182,VSS,Metal1,90.7550,22.8920,0.000400
input181,VSS,Metal1,137.7250,158.5470,0.001190
input180,VSS,Metal1,159.3950,120.7470,0.000350
input179,VSS,Metal1,144.5150,173.6670,0.000580
input178,VSS,Metal1,159.3950,90.9320,0.000305
input177,VSS,Metal1,52.7650,173.6670,0.000356
input176,VSS,Metal1,151.1650,158.5470,0.002369
input175,VSS,Metal1,30.6850,60.2670,0.000016
input174,VSS,Metal1,79.1650,22.4670,0.000593
input173,VSS,Metal1,84.9250,22.4670,0.000515
input172,VSS,Metal1,130.1150,22.8920,0.000901
input171,VSS,Metal1,77.2450,22.4670,0.000617
input170,VSS,Metal1,169.9550,75.8120,0.000123
input169,VSS,Metal1,39.3250,15.3320,0.000064
input168,VSS,Metal1,14.3650,135.8670,0.000199
input167,VSS,Metal1,130.1150,166.5320,0.001798
input166,VSS,Metal1,8.6050,68.2520,0.000093
input165,VSS,Metal1,31.6450,22.4670,0.000238
input164,VSS,Metal1,168.0350,45.5720,0.000592
input163,VSS,Metal1,81.1550,22.4670,0.000566
input162,VSS,Metal1,67.6450,22.4670,0.000677
input161,VSS,Metal1,23.9650,151.4120,0.000023
input160,VSS,Metal1,6.6850,98.0670,0.000097
input159,VSS,Metal1,84.9250,173.6670,0.000289
input158,VSS,Metal1,164.1950,128.7320,0.000313
input157,VSS,Metal1,114.7550,22.4670,0.000542
input156,VSS,Metal1,9.5650,15.3320,0.000027
input155,VSS,Metal1,148.7650,45.5720,0.000487
input154,VSS,Metal1,77.3150,166.5320,0.000410
input153,VSS,Metal1,133.8850,143.8520,0.000931
input152,VSS,Metal1,160.3550,75.3870,0.000110
input151,VSS,Metal1,169.9550,68.2520,0.000612
input150,VSS,Metal1,169.9550,67.8270,0.000612
input149,VSS,Metal1,90.6850,173.6670,0.000224
input148,VSS,Metal1,146.4350,45.1470,0.000468
input147,VSS,Metal1,163.2350,121.1720,0.000361
input146,VSS,Metal1,161.3150,121.1720,0.000356
input145,VSS,Metal1,144.9250,45.5720,0.000450
input144,VSS,Metal1,128.6050,150.9870,0.001493
input143,VSS,Metal1,157.9550,105.6270,0.000604
input142,VSS,Metal1,8.6050,150.9870,0.000111
input141,VSS,Metal1,102.2750,166.5320,0.000080
input140,VSS,Metal1,6.6850,90.5070,0.000049
input139,VSS,Metal1,82.5250,174.0920,0.000304
input138,VSS,Metal1,163.2350,113.6120,0.000077
input137,VSS,Metal1,98.3650,22.4670,0.000093
input136,VSS,Metal1,122.4350,22.8920,0.000738
input135,VSS,Metal1,152.6750,53.1320,0.000299
input134,VSS,Metal1,75.3950,22.8920,0.000637
input133,VSS,Metal1,24.9250,150.9870,0.000014
input132,VSS,Metal1,165.1550,150.9870,0.002645
input131,VSS,Metal1,73.4050,22.4670,0.000646
input130,VSS,Metal1,26.3650,45.1470,0.000027
input129,VSS,Metal1,169.9550,60.2670,0.000223
input128,VSS,Metal1,83.0050,22.4670,0.000549
input127,VSS,Metal1,125.3150,30.0270,0.003288
input126,VSS,Metal1,84.9950,22.8920,0.000515
input125,VSS,Metal1,12.9250,105.6270,0.000016
input124,VSS,Metal1,93.5650,173.6670,0.000196
input123,VSS,Metal1,158.4350,135.8670,0.000667
input122,VSS,Metal1,114.7550,22.8920,0.000542
input121,VSS,Metal1,79.2350,22.8920,0.000593
input120,VSS,Metal1,161.3150,67.8270,0.000595
input119,VSS,Metal1,59.0050,166.1070,0.000491
input118,VSS,Metal1,169.9550,105.6270,0.000639
input117,VSS,Metal1,162.2750,75.3870,0.000115
input116,VSS,Metal1,15.3250,83.3720,0.000067
input115,VSS,Metal1,166.1150,83.3720,0.000391
input114,VSS,Metal1,169.9550,60.6920,0.000223
input113,VSS,Metal1,158.4350,75.3870,0.000102
input112,VSS,Metal1,161.3150,158.9720,0.002460
input111,VSS,Metal1,140.1250,150.9870,0.001648
input110,VSS,Metal1,168.0350,75.8120,0.000122
input109,VSS,Metal1,132.5150,150.9870,0.001561
input108,VSS,Metal1,163.2350,90.9320,0.000331
input107,VSS,Metal1,8.6050,135.8670,0.000210
input106,VSS,Metal1,147.3950,166.1070,0.002151
input105,VSS,Metal1,159.3950,60.6920,0.000196
input104,VSS,Metal1,8.6050,75.8120,0.000289
input103,VSS,Metal1,88.8350,173.6670,0.000239
input102,VSS,Metal1,85.8850,15.3320,0.000053
input101,VSS,Metal1,138.7550,37.5870,0.000452
input100,VSS,Metal1,160.3550,83.3720,0.000130
input99,VSS,Metal1,24.4450,30.0270,0.000021
input98,VSS,Metal1,13.4050,120.7470,0.000065
input97,VSS,Metal1,163.2350,158.5470,0.002472
input96,VSS,Metal1,153.5650,136.2920,0.000629
input95,VSS,Metal1,131.0050,30.0270,0.003349
input94,VSS,Metal1,165.1550,90.9320,0.000334
input93,VSS,Metal1,168.0350,68.2520,0.000611
input92,VSS,Metal1,155.0750,45.5720,0.000542
input91,VSS,Metal1,157.9550,143.8520,0.001859
input90,VSS,Metal1,159.3950,166.1070,0.002256
input89,VSS,Metal1,136.2850,151.4120,0.001586
input88,VSS,Metal1,69.5650,22.4670,0.000671
input87,VSS,Metal1,128.1950,166.5320,0.001716
input86,VSS,Metal1,161.3150,90.9320,0.000305
input85,VSS,Metal1,60.9250,166.1070,0.000491
input84,VSS,Metal1,155.0750,166.1070,0.002221
input83,VSS,Metal1,20.6050,98.4920,0.000051
input82,VSS,Metal1,79.1650,166.5320,0.000200
input81,VSS,Metal1,153.6350,60.6920,0.000172
input80,VSS,Metal1,145.9550,22.8920,0.001126
input79,VSS,Metal1,162.2050,83.3720,0.000144
input78,VSS,Metal1,65.7950,22.8920,0.000679
input77,VSS,Metal1,71.5550,22.8920,0.000661
input76,VSS,Metal1,14.3650,121.1720,0.000063
input75,VSS,Metal1,162.2750,128.7320,0.000310
input74,VSS,Metal1,13.4050,45.5720,0.000104
input73,VSS,Metal1,35.9650,22.8920,0.000375
input72,VSS,Metal1,168.9950,75.3870,0.000123
input71,VSS,Metal1,96.5150,22.4670,0.000317
input70,VSS,Metal1,32.1250,45.1470,0.000086
input69,VSS,Metal1,13.4050,106.0520,0.000016
input68,VSS,Metal1,80.6050,174.0920,0.000316
input67,VSS,Metal1,163.2350,150.9870,0.002640
input66,VSS,Metal1,83.0750,166.5320,0.000182
input65,VSS,Metal1,10.5950,121.1720,0.000070
input64,VSS,Metal1,12.5150,121.1720,0.000067
input63,VSS,Metal1,6.6850,120.7470,0.000071
input62,VSS,Metal1,6.6850,143.8520,0.000069
input61,VSS,Metal1,10.5250,135.8670,0.000207
input60,VSS,Metal1,6.6850,136.2920,0.000214
input59,VSS,Metal1,14.3650,128.7320,0.000106
input58,VSS,Metal1,11.5550,128.3070,0.000110
input57,VSS,Metal1,6.6850,143.4270,0.000069
input56,VSS,Metal1,13.8850,113.6120,0.000015
input55,VSS,Metal1,12.4450,135.8670,0.000203
input54,VSS,Metal1,15.3250,136.2920,0.000196
input53,VSS,Metal1,6.6850,128.7320,0.000112
input52,VSS,Metal1,8.6050,128.7320,0.000111
input51,VSS,Metal1,6.6850,150.9870,0.000115
input50,VSS,Metal1,17.2450,136.2920,0.000193
input49,VSS,Metal1,163.2350,120.7470,0.000361
input48,VSS,Metal1,108.9950,174.0920,0.000152
input47,VSS,Metal1,165.1550,106.0520,0.000631
input46,VSS,Metal1,169.9550,121.1720,0.000367
input45,VSS,Metal1,23.0050,136.2920,0.000005
input44,VSS,Metal1,161.3150,53.1320,0.000316
input43,VSS,Metal1,6.6850,121.1720,0.000071
input42,VSS,Metal1,15.8050,113.6120,0.000007
input41,VSS,Metal1,30.6850,150.9870,0.000062
input40,VSS,Metal1,37.4050,158.5470,0.000131
input39,VSS,Metal1,25.4050,143.8520,0.000010
input38,VSS,Metal1,35.5550,158.5470,0.000122
input37,VSS,Metal1,18.2050,75.8120,0.000258
input36,VSS,Metal1,13.4050,82.9470,0.000075
input35,VSS,Metal1,6.6850,75.3870,0.000294
input34,VSS,Metal1,57.6350,30.4520,0.000178
input33,VSS,Metal1,16.7650,60.6920,0.000118
input32,VSS,Metal1,6.6850,68.2520,0.000098
input31,VSS,Metal1,47.5550,45.1470,0.000117
input30,VSS,Metal1,35.0750,45.5720,0.000104
input29,VSS,Metal1,21.0850,143.4270,0.000035
input28,VSS,Metal1,47.5550,166.1070,0.000453
input27,VSS,Metal1,12.4450,150.9870,0.000092
input26,VSS,Metal1,14.3650,151.4120,0.000084
input25,VSS,Metal1,14.8450,105.6270,0.000014
input24,VSS,Metal1,16.7650,105.6270,0.000012
input23,VSS,Metal1,34.5950,150.9870,0.000070
input22,VSS,Metal1,17.7250,90.5070,0.000029
input21,VSS,Metal1,156.9950,45.5720,0.000555
input20,VSS,Metal1,165.6350,22.8920,0.001252
input19,VSS,Metal1,159.3250,22.8920,0.001228
input18,VSS,Metal1,155.0750,38.0120,0.000619
input17,VSS,Metal1,146.4350,30.4520,0.003669
input16,VSS,Metal1,22.0450,30.0270,0.000037
input15,VSS,Metal1,49.4750,22.8920,0.000552
input14,VSS,Metal1,47.5550,22.8920,0.000534
input13,VSS,Metal1,41.7250,30.0270,0.000156
input12,VSS,Metal1,27.8050,22.8920,0.000152
input11,VSS,Metal1,60.0350,22.4670,0.000664
input10,VSS,Metal1,27.8050,22.4670,0.000152
input9,VSS,Metal1,58.0450,22.4670,0.000656
input8,VSS,Metal1,169.9550,45.5720,0.000594
input7,VSS,Metal1,136.7650,30.4520,0.003525
input6,VSS,Metal1,169.9550,45.1470,0.000594
input5,VSS,Metal1,151.2350,38.0120,0.000588
input4,VSS,Metal1,157.4750,30.0270,0.003784
input3,VSS,Metal1,123.3250,30.0270,0.003234
input2,VSS,Metal1,154.5950,53.1320,0.000307
input1,VSS,Metal1,141.1550,45.1470,0.000439
_1180_,VSS,Metal1,156.0350,173.6670,0.000667
_1179_,VSS,Metal1,75.3250,173.6670,0.000344
_1178_,VSS,Metal1,32.6750,158.9720,0.000103
_1177_,VSS,Metal1,145.8850,53.1320,0.000280
_1176_,VSS,Metal1,138.2050,150.9870,0.001618
_1175_,VSS,Metal1,76.8350,174.0920,0.000337
_1174_,VSS,Metal1,30.7550,158.9720,0.000088
_1173_,VSS,Metal1,139.7150,52.7070,0.000222
_1172_,VSS,Metal1,149.7950,143.4270,0.001831
_1171_,VSS,Metal1,74.9150,174.0920,0.000345
_1170_,VSS,Metal1,34.5950,158.9720,0.000116
_1169_,VSS,Metal1,141.6350,52.7070,0.000223
_1168_,VSS,Metal1,151.7150,136.2920,0.000614
_1167_,VSS,Metal1,78.6850,174.0920,0.000327
_1166_,VSS,Metal1,24.4450,158.9720,0.000017
_1165_,VSS,Metal1,137.2450,45.1470,0.000409
_1164_,VSS,Metal1,14.3650,45.1470,0.000101
_1163_,VSS,Metal1,73.4050,22.8920,0.000646
_1162_,VSS,Metal1,131.9650,166.5320,0.001838
_1161_,VSS,Metal1,165.1550,113.6120,0.000085
_1160_,VSS,Metal1,154.1150,166.5320,0.002214
_1159_,VSS,Metal1,164.6750,128.3070,0.000313
_1158_,VSS,Metal1,15.3250,158.5470,0.000088
_1157_,VSS,Metal1,90.2050,174.0920,0.000227
_1156_,VSS,Metal1,98.3650,173.6670,0.000170
_1155_,VSS,Metal1,15.3250,52.7070,0.000075
_1154_,VSS,Metal1,160.3550,22.4670,0.001233
_1153_,VSS,Metal1,20.1250,128.7320,0.000035
_1152_,VSS,Metal1,106.0450,166.5320,0.000921
_1151_,VSS,Metal1,123.8050,22.4670,0.000770
_1150_,VSS,Metal1,161.3150,166.5320,0.002266
_1149_,VSS,Metal1,142.1150,143.8520,0.001129
_1148_,VSS,Metal1,35.9650,174.0920,0.000273
_1147_,VSS,Metal1,140.1250,151.4120,0.001648
_1146_,VSS,Metal1,61.9550,30.0270,0.000165
_1145_,VSS,Metal1,6.6850,158.9720,0.000112
_1144_,VSS,Metal1,167.4850,98.4920,0.000369
_1143_,VSS,Metal1,115.1650,166.5320,0.001321
_1142_,VSS,Metal1,167.0750,150.9870,0.002651
_1141_,VSS,Metal1,167.0750,151.4120,0.002651
_1140_,VSS,Metal1,153.0850,166.1070,0.002205
_1139_,VSS,Metal1,21.6350,45.5720,0.000051
_1138_,VSS,Metal1,134.9150,173.6670,0.000498
_1137_,VSS,Metal1,41.7950,166.5320,0.000398
_1136_,VSS,Metal1,97.8850,15.3320,0.000023
_1135_,VSS,Metal1,44.1950,38.0120,0.000164
_1134_,VSS,Metal1,14.3650,174.0920,0.000092
_1133_,VSS,Metal1,11.4850,30.0270,0.000116
_1132_,VSS,Metal1,11.5550,52.7070,0.000091
_1131_,VSS,Metal1,31.7150,15.3320,0.000036
_1130_,VSS,Metal1,117.5650,173.6670,0.000308
_1129_,VSS,Metal1,167.0750,128.3070,0.000315
_1128_,VSS,Metal1,145.8850,166.5320,0.002131
_1127_,VSS,Metal1,165.1550,158.9720,0.002480
_1126_,VSS,Metal1,19.2350,158.9720,0.000058
_1125_,VSS,Metal1,92.1250,174.0920,0.000210
_1124_,VSS,Metal1,106.0450,173.6670,0.000092
_1123_,VSS,Metal1,9.5650,38.0120,0.000102
_1122_,VSS,Metal1,156.5150,22.4670,0.001214
_1121_,VSS,Metal1,36.9950,143.8520,0.000022
_1120_,VSS,Metal1,153.6350,174.0920,0.000655
_1119_,VSS,Metal1,154.5250,22.4670,0.001201
_1118_,VSS,Metal1,161.7950,151.4120,0.002635
_1117_,VSS,Metal1,165.6350,166.5320,0.002284
_1116_,VSS,Metal1,56.6750,166.1070,0.000488
_1115_,VSS,Metal1,160.3550,135.8670,0.000677
_1114_,VSS,Metal1,30.2750,53.1320,0.000023
_1113_,VSS,Metal1,18.2050,128.7320,0.000046
_1112_,VSS,Metal1,168.9950,113.1870,0.000090
_1111_,VSS,Metal1,124.2850,166.5320,0.001583
_1110_,VSS,Metal1,154.5250,135.8670,0.000637
_1109_,VSS,Metal1,163.7150,143.8520,0.001922
_1108_,VSS,Metal1,135.8750,166.5320,0.001976
_1107_,VSS,Metal1,23.0750,52.7070,0.000028
_1106_,VSS,Metal1,142.1150,174.0920,0.000554
_1105_,VSS,Metal1,39.8050,166.5320,0.000365
_1104_,VSS,Metal1,82.0450,15.3320,0.000064
_1103_,VSS,Metal1,46.1150,38.0120,0.000162
_1102_,VSS,Metal1,16.2850,174.0920,0.000085
_1101_,VSS,Metal1,14.3650,38.0120,0.000088
_1100_,VSS,Metal1,11.0050,37.5870,0.000098
_1099_,VSS,Metal1,65.7250,15.3320,0.000086
_1098_,VSS,Metal1,133.8850,166.5320,0.001907
_1097_,VSS,Metal1,167.0750,121.1720,0.000367
_1096_,VSS,Metal1,143.9650,166.5320,0.002107
_1095_,VSS,Metal1,163.7150,136.2920,0.000690
_1094_,VSS,Metal1,17.2450,158.9720,0.000079
_1093_,VSS,Metal1,94.0450,174.0920,0.000192
_1092_,VSS,Metal1,102.2050,173.6670,0.000030
_1091_,VSS,Metal1,7.6450,38.0120,0.000105
_1090_,VSS,Metal1,162.2750,15.3320,0.000465
_1089_,VSS,Metal1,48.9950,158.5470,0.000149
_1088_,VSS,Metal1,151.7150,174.0920,0.000644
_1087_,VSS,Metal1,125.7250,22.4670,0.000812
_1086_,VSS,Metal1,159.8750,150.9870,0.002628
_1085_,VSS,Metal1,165.1550,166.1070,0.002284
_1084_,VSS,Metal1,54.6850,166.1070,0.000483
_1083_,VSS,Metal1,156.9950,158.5470,0.002435
_1082_,VSS,Metal1,32.1950,53.1320,0.000023
_1081_,VSS,Metal1,12.4450,158.5470,0.000100
_1080_,VSS,Metal1,167.0750,105.6270,0.000637
_1079_,VSS,Metal1,122.3650,166.5320,0.001528
_1078_,VSS,Metal1,167.0750,166.1070,0.002286
_1077_,VSS,Metal1,165.6350,158.5470,0.002481
_1076_,VSS,Metal1,139.6450,166.5320,0.002042
_1075_,VSS,Metal1,23.5550,45.5720,0.000035
_1074_,VSS,Metal1,144.0350,174.0920,0.000576
_1073_,VSS,Metal1,36.0350,166.5320,0.000321
_1072_,VSS,Metal1,101.7250,15.3320,0.000040
_1071_,VSS,Metal1,28.7650,60.2670,0.000017
_1070_,VSS,Metal1,43.6450,166.5320,0.000413
_1069_,VSS,Metal1,13.4050,37.5870,0.000091
_1068_,VSS,Metal1,12.4450,38.0120,0.000094
_1067_,VSS,Metal1,29.7250,15.3320,0.000025
_1066_,VSS,Metal1,113.7250,173.6670,0.000251
_1065_,VSS,Metal1,168.9950,106.0520,0.000638
_1064_,VSS,Metal1,147.8750,166.5320,0.002156
_1063_,VSS,Metal1,168.4450,128.7320,0.000315
_1062_,VSS,Metal1,15.3250,158.9720,0.000088
_1061_,VSS,Metal1,90.6850,166.5320,0.000113
_1060_,VSS,Metal1,100.2850,173.6670,0.000030
_1059_,VSS,Metal1,11.4850,45.1470,0.000116
_1058_,VSS,Metal1,155.5550,22.8920,0.001208
_1057_,VSS,Metal1,45.6350,151.4120,0.000092
_1056_,VSS,Metal1,117.1550,174.0920,0.000303
_1055_,VSS,Metal1,129.5650,22.4670,0.000890
_1054_,VSS,Metal1,163.7150,151.4120,0.002641
_1053_,VSS,Metal1,159.3950,166.5320,0.002256
_1052_,VSS,Metal1,35.5550,173.6670,0.000270
_1051_,VSS,Metal1,157.4750,166.5320,0.002236
_1050_,VSS,Metal1,71.4850,15.3320,0.000081
_1049_,VSS,Metal1,12.9250,158.9720,0.000099
_1048_,VSS,Metal1,167.0750,113.1870,0.000089
_1047_,VSS,Metal1,120.4450,166.5320,0.001477
_1046_,VSS,Metal1,165.6350,143.8520,0.001922
_1045_,VSS,Metal1,165.6350,136.2920,0.000695
_1044_,VSS,Metal1,137.7250,166.5320,0.002010
_1043_,VSS,Metal1,19.6450,45.5720,0.000068
_1042_,VSS,Metal1,128.1250,166.1070,0.001716
_1041_,VSS,Metal1,37.9550,166.5320,0.000345
_1040_,VSS,Metal1,80.1250,15.3320,0.000069
_1039_,VSS,Metal1,42.2750,38.0120,0.000163
_1038_,VSS,Metal1,25.9550,173.6670,0.000056
_1037_,VSS,Metal1,16.2850,30.0270,0.000066
_1036_,VSS,Metal1,49.4050,15.3320,0.000083
_1035_,VSS,Metal1,10.5950,60.2670,0.000143
_1034_,VSS,Metal1,165.1550,121.1720,0.000364
_1033_,VSS,Metal1,41.2450,15.3320,0.000070
_1032_,VSS,Metal1,9.6350,45.5720,0.000121
_1031_,VSS,Metal1,168.9950,128.3070,0.000315
_1030_,VSS,Metal1,43.1650,15.3320,0.000075
_1029_,VSS,Metal1,9.6350,45.1470,0.000121
_1028_,VSS,Metal1,135.8750,158.5470,0.001156
_1027_,VSS,Metal1,58.1150,30.0270,0.000176
_1026_,VSS,Metal1,9.5650,52.7070,0.000095
_1025_,VSS,Metal1,166.5250,128.7320,0.000314
_1024_,VSS,Metal1,23.4850,143.8520,0.000026
_1023_,VSS,Metal1,13.4750,143.4270,0.000061
_1022_,VSS,Metal1,10.5250,151.4120,0.000102
_1021_,VSS,Metal1,26.4350,166.1070,0.000062
_1020_,VSS,Metal1,12.4450,68.2520,0.000085
_1019_,VSS,Metal1,22.1150,67.8270,0.000035
_1018_,VSS,Metal1,20.6750,45.1470,0.000059
_1017_,VSS,Metal1,10.5950,68.2520,0.000089
_1016_,VSS,Metal1,18.7550,53.1320,0.000058
_1015_,VSS,Metal1,11.4850,75.3870,0.000284
_1014_,VSS,Metal1,13.9550,75.3870,0.000277
_1013_,VSS,Metal1,13.4750,67.8270,0.000082
_1012_,VSS,Metal1,19.2350,150.9870,0.000058
_1011_,VSS,Metal1,10.5950,150.9870,0.000102
_1010_,VSS,Metal1,9.5650,143.4270,0.000067
_1009_,VSS,Metal1,46.5250,158.9720,0.000146
_1008_,VSS,Metal1,15.8750,90.5070,0.000035
_1007_,VSS,Metal1,11.9650,98.4920,0.000087
_1006_,VSS,Metal1,11.5550,106.0520,0.000016
_1005_,VSS,Metal1,9.5650,83.3720,0.000092
_1004_,VSS,Metal1,136.2850,143.4270,0.000966
_1003_,VSS,Metal1,72.0350,166.1070,0.000450
_1002_,VSS,Metal1,110.9150,174.0920,0.000204
_1001_,VSS,Metal1,20.1250,30.0270,0.000048
_1000_,VSS,Metal1,151.2350,128.7320,0.000239
_0999_,VSS,Metal1,117.1550,15.3320,0.000239
_0998_,VSS,Metal1,121.4050,22.4670,0.000712
_0997_,VSS,Metal1,153.0850,128.3070,0.000261
_0996_,VSS,Metal1,58.5250,173.6670,0.000366
_0995_,VSS,Metal1,22.1150,22.4670,0.000052
_0994_,VSS,Metal1,122.8450,15.3320,0.000300
_0993_,VSS,Metal1,35.4850,15.3320,0.000051
_0992_,VSS,Metal1,11.4850,143.4270,0.000064
_0991_,VSS,Metal1,43.2350,158.5470,0.000142
_0990_,VSS,Metal1,12.4450,151.4120,0.000092
_0989_,VSS,Metal1,28.2850,166.5320,0.000128
_0988_,VSS,Metal1,9.5650,67.8270,0.000091
_0987_,VSS,Metal1,11.4850,82.9470,0.000087
_0986_,VSS,Metal1,22.5250,45.1470,0.000044
_0985_,VSS,Metal1,22.5250,53.1320,0.000032
_0984_,VSS,Metal1,10.5250,75.8120,0.000286
_0983_,VSS,Metal1,18.2750,67.8270,0.000058
_0982_,VSS,Metal1,16.7650,30.4520,0.000065
_0981_,VSS,Metal1,16.2850,38.0120,0.000081
_0980_,VSS,Metal1,17.2450,150.9870,0.000071
_0979_,VSS,Metal1,22.1150,158.5470,0.000036
_0978_,VSS,Metal1,11.4850,136.2920,0.000205
_0977_,VSS,Metal1,48.5150,158.9720,0.000149
_0976_,VSS,Metal1,13.4750,90.9320,0.000039
_0975_,VSS,Metal1,9.5650,98.0670,0.000092
_0974_,VSS,Metal1,26.3650,166.5320,0.000062
_0973_,VSS,Metal1,12.4450,75.8120,0.000281
_0972_,VSS,Metal1,123.3250,151.4120,0.000256
_0971_,VSS,Metal1,67.6450,173.6670,0.000359
_0970_,VSS,Metal1,157.4750,174.0920,0.000674
_0969_,VSS,Metal1,31.7150,22.8920,0.000238
_0968_,VSS,Metal1,145.4050,135.8670,0.000550
_0967_,VSS,Metal1,113.3150,15.3320,0.000194
_0966_,VSS,Metal1,152.6750,22.4670,0.001189
_0965_,VSS,Metal1,134.3650,150.9870,0.001563
_0964_,VSS,Metal1,47.5550,174.0920,0.000340
_0963_,VSS,Metal1,23.9650,22.4670,0.000024
_0962_,VSS,Metal1,137.3150,22.4670,0.000995
_0961_,VSS,Metal1,63.8750,22.8920,0.000676
_0960_,VSS,Metal1,9.6350,143.8520,0.000067
_0959_,VSS,Metal1,13.4750,136.2920,0.000201
_0958_,VSS,Metal1,26.4350,151.4120,0.000027
_0957_,VSS,Metal1,26.9150,158.9720,0.000048
_0956_,VSS,Metal1,23.0750,75.3870,0.000240
_0955_,VSS,Metal1,21.0850,60.6920,0.000084
_0954_,VSS,Metal1,12.9250,60.6920,0.000136
_0953_,VSS,Metal1,22.0450,38.0120,0.000046
_0952_,VSS,Metal1,20.6050,53.1320,0.000046
_0951_,VSS,Metal1,20.1950,67.8270,0.000044
_0950_,VSS,Metal1,16.7650,53.1320,0.000068
_0949_,VSS,Metal1,20.1950,38.0120,0.000058
_0948_,VSS,Metal1,21.0850,150.9870,0.000046
_0947_,VSS,Metal1,22.0450,151.4120,0.000039
_0946_,VSS,Metal1,13.8850,143.8520,0.000061
_0945_,VSS,Metal1,47.0750,158.5470,0.000147
_0944_,VSS,Metal1,9.5650,82.9470,0.000092
_0943_,VSS,Metal1,9.6350,90.9320,0.000047
_0942_,VSS,Metal1,7.1650,106.0520,0.000017
_0941_,VSS,Metal1,9.5650,75.3870,0.000288
_0940_,VSS,Metal1,151.1650,128.3070,0.000239
_0939_,VSS,Metal1,71.5550,173.6670,0.000354
_0938_,VSS,Metal1,155.5550,174.0920,0.000665
_0937_,VSS,Metal1,26.3650,30.0270,0.000024
_0936_,VSS,Metal1,138.2050,143.4270,0.000989
_0935_,VSS,Metal1,111.3250,15.3320,0.000169
_0934_,VSS,Metal1,119.4850,22.4670,0.000666
_0933_,VSS,Metal1,123.8050,158.5470,0.000238
_0932_,VSS,Metal1,66.6850,166.1070,0.000478
_0931_,VSS,Metal1,25.9550,22.4670,0.000072
_0930_,VSS,Metal1,115.1650,15.3320,0.000215
_0929_,VSS,Metal1,42.7550,45.5720,0.000117
_0928_,VSS,Metal1,12.0350,143.8520,0.000063
_0927_,VSS,Metal1,12.4450,174.0920,0.000103
_0926_,VSS,Metal1,28.8350,151.4120,0.000048
_0925_,VSS,Metal1,20.6050,166.5320,0.000063
_0924_,VSS,Metal1,18.2750,75.3870,0.000258
_0923_,VSS,Metal1,13.4050,83.3720,0.000075
_0922_,VSS,Metal1,11.4850,53.1320,0.000091
_0921_,VSS,Metal1,23.0750,60.6920,0.000050
_0920_,VSS,Metal1,17.2450,82.9470,0.000049
_0919_,VSS,Metal1,19.1650,82.9470,0.000027
_0918_,VSS,Metal1,19.1650,60.2670,0.000102
_0917_,VSS,Metal1,18.2050,38.0120,0.000071
_0916_,VSS,Metal1,14.3650,150.9870,0.000084
_0915_,VSS,Metal1,18.6850,166.5320,0.000078
_0914_,VSS,Metal1,9.6350,136.2920,0.000208
_0913_,VSS,Metal1,35.0050,143.8520,0.000021
_0912_,VSS,Metal1,9.5650,90.5070,0.000047
_0911_,VSS,Metal1,11.4850,90.9320,0.000045
_0910_,VSS,Metal1,7.6450,113.6120,0.000028
_0909_,VSS,Metal1,13.9550,90.5070,0.000039
_0908_,VSS,Metal1,157.4750,120.7470,0.000263
_0907_,VSS,Metal1,54.6850,173.6670,0.000359
_0906_,VSS,Metal1,159.3950,174.0920,0.000679
_0905_,VSS,Metal1,33.6350,22.8920,0.000305
_0904_,VSS,Metal1,124.7650,158.9720,0.000261
_0903_,VSS,Metal1,109.4050,15.3320,0.000146
_0902_,VSS,Metal1,117.5650,22.4670,0.000618
_0901_,VSS,Metal1,130.5250,158.5470,0.000394
_0900_,VSS,Metal1,56.6050,173.6670,0.000361
_0899_,VSS,Metal1,58.0450,15.3320,0.000087
_0898_,VSS,Metal1,119.0050,15.3320,0.000259
_0897_,VSS,Metal1,36.0350,53.1320,0.000017
_0896_,VSS,Metal1,116.1250,166.1070,0.001349
_0895_,VSS,Metal1,83.9650,15.3320,0.000058
_0894_,VSS,Metal1,53.7950,30.4520,0.000189
_0893_,VSS,Metal1,118.5250,158.9720,0.000131
_0892_,VSS,Metal1,99.8050,15.3320,0.000013
_0891_,VSS,Metal1,14.3650,30.0270,0.000115
_0890_,VSS,Metal1,118.0450,166.1070,0.001403
_0889_,VSS,Metal1,103.7150,15.3320,0.000070
_0888_,VSS,Metal1,51.8750,30.4520,0.000190
_0887_,VSS,Metal1,122.4350,158.9720,0.000205
_0886_,VSS,Metal1,78.2050,15.3320,0.000073
_0885_,VSS,Metal1,26.8450,60.6920,0.000014
_0884_,VSS,Metal1,166.5950,45.1470,0.000589
_0883_,VSS,Metal1,169.9550,15.3320,0.000477
_0882_,VSS,Metal1,165.1550,37.5870,0.000664
_0881_,VSS,Metal1,155.5550,45.1470,0.000545
_0880_,VSS,Metal1,23.4850,30.4520,0.000027
_0879_,VSS,Metal1,46.1150,30.0270,0.000188
_0878_,VSS,Metal1,33.1550,30.0270,0.000094
_0877_,VSS,Metal1,51.3250,22.8920,0.000565
_0876_,VSS,Metal1,67.6450,15.3320,0.000085
_0875_,VSS,Metal1,26.8450,38.0120,0.000040
_0874_,VSS,Metal1,41.7950,22.8920,0.000464
_0873_,VSS,Metal1,61.9550,22.8920,0.000670
_0872_,VSS,Metal1,161.3150,22.8920,0.001237
_0871_,VSS,Metal1,167.0750,67.8270,0.000610
_0870_,VSS,Metal1,165.1550,60.2670,0.000219
_0869_,VSS,Metal1,165.0850,53.1320,0.000324
_0868_,VSS,Metal1,151.7150,22.8920,0.001182
_0867_,VSS,Metal1,166.1150,22.4670,0.001253
_0866_,VSS,Metal1,110.8450,22.8920,0.000380
_0865_,VSS,Metal1,135.8050,22.8920,0.000965
_0864_,VSS,Metal1,22.0450,174.0920,0.000038
_0863_,VSS,Metal1,25.8850,174.0920,0.000056
_0862_,VSS,Metal1,73.4050,173.6670,0.000352
_0861_,VSS,Metal1,55.7150,166.5320,0.000486
_0860_,VSS,Metal1,151.2350,15.3320,0.000439
_0859_,VSS,Metal1,30.7550,52.7070,0.000023
_0858_,VSS,Metal1,41.7950,151.4120,0.000085
_0857_,VSS,Metal1,138.2050,151.4120,0.001618
_0856_,VSS,Metal1,149.7950,174.0920,0.000630
_0855_,VSS,Metal1,131.4850,38.0120,0.000321
_0854_,VSS,Metal1,151.7150,60.6920,0.000158
_0853_,VSS,Metal1,13.4050,15.3320,0.000023
_0852_,VSS,Metal1,167.0750,38.0120,0.000669
_0851_,VSS,Metal1,160.7650,30.0270,0.003803
_0850_,VSS,Metal1,165.6350,30.4520,0.003828
_0849_,VSS,Metal1,161.3150,38.0120,0.000651
_0848_,VSS,Metal1,25.4050,30.4520,0.000014
_0847_,VSS,Metal1,53.3150,22.8920,0.000565
_0846_,VSS,Metal1,30.7550,30.4520,0.000072
_0845_,VSS,Metal1,43.1650,22.4670,0.000482
_0844_,VSS,Metal1,36.9950,30.4520,0.000125
_0843_,VSS,Metal1,30.7550,38.0120,0.000104
_0842_,VSS,Metal1,60.0350,22.8920,0.000664
_0841_,VSS,Metal1,63.8050,15.3320,0.000087
_0840_,VSS,Metal1,165.1550,75.8120,0.000120
_0839_,VSS,Metal1,165.1550,67.8270,0.000609
_0838_,VSS,Metal1,167.0750,60.2670,0.000221
_0837_,VSS,Metal1,167.0050,53.1320,0.000327
_0836_,VSS,Metal1,140.1250,22.8920,0.001041
_0835_,VSS,Metal1,163.2350,22.8920,0.001245
_0834_,VSS,Metal1,100.7650,22.4670,0.000039
_0833_,VSS,Metal1,150.6850,22.4670,0.001173
_0832_,VSS,Metal1,64.7650,166.1070,0.000484
_0831_,VSS,Metal1,23.9650,174.0920,0.000020
_0830_,VSS,Metal1,79.2350,173.6670,0.000324
_0829_,VSS,Metal1,49.4750,166.5320,0.000468
_0828_,VSS,Metal1,145.4750,15.3320,0.000409
_0827_,VSS,Metal1,13.4050,22.8920,0.000127
_0826_,VSS,Metal1,18.6850,128.3070,0.000045
_0825_,VSS,Metal1,167.0050,90.9320,0.000338
_0824_,VSS,Metal1,147.8050,174.0920,0.000613
_0823_,VSS,Metal1,145.4050,52.7070,0.000277
_0822_,VSS,Metal1,135.3950,45.5720,0.000381
_0821_,VSS,Metal1,20.1250,22.4670,0.000066
_0820_,VSS,Metal1,164.6050,45.5720,0.000583
_0819_,VSS,Metal1,158.9150,30.4520,0.003792
_0818_,VSS,Metal1,164.1950,38.0120,0.000662
_0817_,VSS,Metal1,160.7650,45.5720,0.000573
_0816_,VSS,Metal1,18.6850,30.4520,0.000056
_0815_,VSS,Metal1,44.1950,30.0270,0.000186
_0814_,VSS,Metal1,32.6050,30.4520,0.000089
_0813_,VSS,Metal1,37.4750,15.3320,0.000058
_0812_,VSS,Metal1,69.5650,15.3320,0.000083
_0811_,VSS,Metal1,32.6750,38.0120,0.000124
_0810_,VSS,Metal1,39.8750,22.8920,0.000437
_0809_,VSS,Metal1,59.9650,15.3320,0.000088
_0808_,VSS,Metal1,166.1150,15.3320,0.000474
_0807_,VSS,Metal1,167.0750,60.6920,0.000221
_0806_,VSS,Metal1,163.7150,60.6920,0.000217
_0805_,VSS,Metal1,165.6350,52.7070,0.000325
_0804_,VSS,Metal1,142.1150,22.8920,0.001074
_0803_,VSS,Metal1,160.3550,37.5870,0.000648
_0802_,VSS,Metal1,105.0850,22.4670,0.000190
_0801_,VSS,Metal1,133.8850,22.8920,0.000959
_0800_,VSS,Metal1,18.2050,174.0920,0.000075
_0799_,VSS,Metal1,29.7250,174.0920,0.000152
_0798_,VSS,Metal1,81.6350,173.6670,0.000309
_0797_,VSS,Metal1,67.2350,166.5320,0.000475
_0796_,VSS,Metal1,147.3950,15.3320,0.000419
_0795_,VSS,Metal1,24.9950,60.6920,0.000029
_0794_,VSS,Metal1,24.9250,136.2920,0.000005
_0793_,VSS,Metal1,167.9650,90.5070,0.000340
_0792_,VSS,Metal1,115.7150,173.6670,0.000265
_0791_,VSS,Metal1,132.9250,37.5870,0.000394
_0790_,VSS,Metal1,127.6450,38.0120,0.000218
_0789_,VSS,Metal1,7.6450,15.3320,0.000027
_0788_,VSS,Metal1,164.6750,45.1470,0.000583
_0787_,VSS,Metal1,157.9550,37.5870,0.000636
_0786_,VSS,Metal1,168.9950,38.0120,0.000672
_0785_,VSS,Metal1,156.9950,38.0120,0.000631
_0784_,VSS,Metal1,21.5650,30.4520,0.000039
_0783_,VSS,Metal1,41.3150,22.4670,0.000459
_0782_,VSS,Metal1,34.5250,30.4520,0.000105
_0781_,VSS,Metal1,45.1550,22.4670,0.000508
_0780_,VSS,Metal1,38.8450,30.4520,0.000136
_0779_,VSS,Metal1,28.8350,38.0120,0.000083
_0778_,VSS,Metal1,56.1950,15.3320,0.000087
_0777_,VSS,Metal1,61.8850,15.3320,0.000088
_0776_,VSS,Metal1,167.0750,75.3870,0.000122
_0775_,VSS,Metal1,165.1550,68.2520,0.000609
_0774_,VSS,Metal1,168.9950,53.1320,0.000327
_0773_,VSS,Metal1,161.3150,60.6920,0.000208
_0772_,VSS,Metal1,138.2050,22.8920,0.001009
_0771_,VSS,Metal1,143.4850,52.7070,0.000272
_0770_,VSS,Metal1,102.6850,22.4670,0.000103
_0769_,VSS,Metal1,158.4350,22.4670,0.001225
_0768_,VSS,Metal1,20.1950,174.0920,0.000063
_0767_,VSS,Metal1,27.8050,174.0920,0.000117
_0766_,VSS,Metal1,52.8350,166.1070,0.000479
_0765_,VSS,Metal1,51.3950,166.5320,0.000475
_0764_,VSS,Metal1,149.3150,15.3320,0.000430
_0763_,VSS,Metal1,49.9550,38.0120,0.000155
_0762_,VSS,Metal1,26.9150,136.2920,0.000009
_0761_,VSS,Metal1,165.1550,98.0670,0.000365
_0760_,VSS,Metal1,145.8850,174.0920,0.000594
_0759_,VSS,Metal1,149.2450,60.2670,0.000139
_0758_,VSS,Metal1,153.6350,67.8270,0.000152
_0757_,VSS,Metal1,18.2050,22.4670,0.000069
_0756_,VSS,Metal1,142.5950,136.2350,0.000519
_0755_,VSS,Metal1,140.1250,143.3870,0.001094
_0754_,VSS,Metal1,139.9050,143.9030,0.001094
_0753_,VSS,Metal1,137.6050,143.8920,0.000978
_0752_,VSS,Metal1,140.1600,136.3730,0.000510
_0751_,VSS,Metal1,142.0450,128.6750,0.000208
_0750_,VSS,Metal1,141.0850,121.2120,0.000023
_0749_,VSS,Metal1,154.1150,151.0450,0.002598
_0748_,VSS,Metal1,155.9650,151.4520,0.002606
_0747_,VSS,Metal1,151.4250,150.9360,0.002570
_0746_,VSS,Metal1,150.0850,151.4520,0.002560
_0745_,VSS,Metal1,152.1600,143.3460,0.001841
_0744_,VSS,Metal1,148.3550,136.2350,0.000577
_0743_,VSS,Metal1,147.3250,135.8270,0.000564
_0742_,VSS,Metal1,159.3950,105.9950,0.000610
_0741_,VSS,Metal1,161.3150,113.1470,0.000072
_0740_,VSS,Metal1,157.1850,113.1360,0.000070
_0739_,VSS,Metal1,155.3650,143.3870,0.001852
_0738_,VSS,Metal1,153.6000,91.0130,0.000290
_0737_,VSS,Metal1,147.8750,90.8750,0.000131
_0736_,VSS,Metal1,146.8450,90.4670,0.000128
_0735_,VSS,Metal1,128.6750,158.9150,0.000344
_0734_,VSS,Metal1,119.9650,158.5070,0.000154
_0733_,VSS,Metal1,127.9050,158.4960,0.000328
_0732_,VSS,Metal1,125.6050,158.5070,0.000270
_0731_,VSS,Metal1,132.9600,158.4660,0.000413
_0730_,VSS,Metal1,131.0750,151.3550,0.001532
_0729_,VSS,Metal1,134.4350,151.4520,0.001563
_0728_,VSS,Metal1,139.2350,90.8750,0.000077
_0727_,VSS,Metal1,141.5650,90.9720,0.000127
_0726_,VSS,Metal1,137.0250,90.9830,0.000074
_0725_,VSS,Metal1,135.5150,90.4670,0.000071
_0724_,VSS,Metal1,139.2000,97.9860,0.000185
_0723_,VSS,Metal1,138.2750,98.4350,0.000185
_0722_,VSS,Metal1,138.2050,105.5870,0.000322
_0721_,VSS,Metal1,53.2450,158.9150,0.000151
_0720_,VSS,Metal1,62.9150,159.0120,0.000137
_0719_,VSS,Metal1,55.4550,159.0230,0.000149
_0718_,VSS,Metal1,59.6750,159.0120,0.000148
_0717_,VSS,Metal1,52.8000,136.3730,0.000014
_0716_,VSS,Metal1,47.0750,136.2350,0.000015
_0715_,VSS,Metal1,50.4350,136.3320,0.000014
_0714_,VSS,Metal1,144.5150,158.9150,0.002280
_0713_,VSS,Metal1,148.8350,159.0120,0.002325
_0712_,VSS,Metal1,142.3050,159.0230,0.002245
_0711_,VSS,Metal1,140.0050,159.0120,0.002204
_0710_,VSS,Metal1,142.5600,151.4930,0.001668
_0709_,VSS,Metal1,117.5650,151.3550,0.000152
_0708_,VSS,Metal1,102.2750,151.4520,0.000016
_0707_,VSS,Metal1,40.3550,90.8750,0.000009
_0706_,VSS,Metal1,39.8050,98.0270,0.000013
_0705_,VSS,Metal1,38.1450,83.4230,0.000007
_0704_,VSS,Metal1,35.8450,82.9070,0.000007
_0703_,VSS,Metal1,42.7200,90.4260,0.000009
_0702_,VSS,Metal1,48.4450,90.8750,0.000009
_0701_,VSS,Metal1,48.9950,98.0270,0.000012
_0700_,VSS,Metal1,84.4450,158.9150,0.000103
_0699_,VSS,Metal1,80.1250,159.0120,0.000104
_0698_,VSS,Metal1,86.1750,143.9030,0.000019
_0697_,VSS,Metal1,86.7250,90.9720,0.000005
_0696_,VSS,Metal1,86.8800,159.0530,0.000098
_0695_,VSS,Metal1,85.4750,151.3550,0.000033
_0694_,VSS,Metal1,88.8350,151.4520,0.000032
_0693_,VSS,Metal1,98.9150,30.3950,0.000046
_0692_,VSS,Metal1,101.2450,30.4920,0.000039
_0691_,VSS,Metal1,94.7850,30.5030,0.000065
_0690_,VSS,Metal1,86.7250,29.9870,0.000079
_0689_,VSS,Metal1,97.9200,37.5060,0.000022
_0688_,VSS,Metal1,100.2850,37.9550,0.000022
_0687_,VSS,Metal1,96.9250,38.0520,0.000022
_0686_,VSS,Metal1,121.8850,30.3950,0.003036
_0685_,VSS,Metal1,129.1550,30.4920,0.003332
_0684_,VSS,Metal1,123.5850,30.5030,0.003234
_0683_,VSS,Metal1,118.8850,30.4920,0.002975
_0682_,VSS,Metal1,121.4400,38.0930,0.000114
_0681_,VSS,Metal1,120.0350,45.2050,0.000267
_0680_,VSS,Metal1,117.0850,45.1070,0.000241
_0679_,VSS,Metal1,162.7550,90.5650,0.000329
_0678_,VSS,Metal1,165.0850,90.4670,0.000334
_0677_,VSS,Metal1,159.1050,90.4560,0.000305
_0676_,VSS,Metal1,156.8050,90.4670,0.000301
_0675_,VSS,Metal1,153.6000,83.4530,0.000061
_0674_,VSS,Metal1,144.9950,83.3150,0.000032
_0673_,VSS,Metal1,144.4450,82.9070,0.000032
_0672_,VSS,Metal1,65.2450,37.6450,0.000076
_0671_,VSS,Metal1,64.2850,30.4920,0.000160
_0670_,VSS,Metal1,64.5450,45.0960,0.000062
_0669_,VSS,Metal1,60.3250,45.1070,0.000073
_0668_,VSS,Metal1,65.7600,38.0930,0.000076
_0667_,VSS,Metal1,70.0450,37.9550,0.000072
_0666_,VSS,Metal1,71.9650,38.0520,0.000072
_0665_,VSS,Metal1,49.9550,121.1150,0.000003
_0664_,VSS,Metal1,47.0050,120.7070,0.000004
_0663_,VSS,Metal1,47.2650,128.7830,0.000015
_0662_,VSS,Metal1,44.9650,128.7720,0.000016
_0661_,VSS,Metal1,47.5200,121.2530,0.000004
_0660_,VSS,Metal1,49.4050,143.7950,0.000021
_0659_,VSS,Metal1,49.4750,150.9470,0.000089
_0658_,VSS,Metal1,132.9950,143.4850,0.000917
_0657_,VSS,Metal1,131.0050,128.2670,0.000175
_0656_,VSS,Metal1,127.9050,143.9030,0.000376
_0655_,VSS,Metal1,125.6050,150.9470,0.001422
_0654_,VSS,Metal1,130.5600,143.3460,0.000398
_0653_,VSS,Metal1,128.6750,135.9250,0.000482
_0652_,VSS,Metal1,131.0050,135.8270,0.000483
_0651_,VSS,Metal1,36.9250,60.3250,0.000019
_0650_,VSS,Metal1,39.8750,60.2270,0.000019
_0649_,VSS,Metal1,37.1850,60.7430,0.000019
_0648_,VSS,Metal1,35.3650,75.3470,0.000005
_0647_,VSS,Metal1,71.5200,45.6530,0.000058
_0646_,VSS,Metal1,74.3650,45.5150,0.000052
_0645_,VSS,Metal1,76.3550,45.1070,0.000049
_0644_,VSS,Metal1,39.3250,45.2050,0.000116
_0643_,VSS,Metal1,40.3550,38.0520,0.000161
_0642_,VSS,Metal1,43.4250,45.0960,0.000117
_0641_,VSS,Metal1,41.1250,45.1070,0.000117
_0640_,VSS,Metal1,51.8400,45.0660,0.000114
_0639_,VSS,Metal1,52.7650,45.5150,0.000114
_0638_,VSS,Metal1,50.4350,45.6120,0.000115
_0637_,VSS,Metal1,156.0350,75.4450,0.000100
_0636_,VSS,Metal1,157.4750,75.8520,0.000100
_0635_,VSS,Metal1,154.3350,68.3030,0.000153
_0634_,VSS,Metal1,155.8450,68.2920,0.000562
_0633_,VSS,Metal1,149.7600,75.3060,0.000063
_0632_,VSS,Metal1,145.9550,75.4450,0.000058
_0631_,VSS,Metal1,143.0050,75.3470,0.000053
_0630_,VSS,Metal1,89.3150,30.0850,0.000073
_0629_,VSS,Metal1,93.6350,29.9870,0.000067
_0628_,VSS,Metal1,84.7050,29.9760,0.000079
_0627_,VSS,Metal1,82.4050,29.9870,0.000094
_0626_,VSS,Metal1,88.8000,37.5060,0.000040
_0625_,VSS,Metal1,89.7250,37.9550,0.000040
_0624_,VSS,Metal1,87.3950,38.0520,0.000043
_0623_,VSS,Metal1,74.3650,30.0850,0.000120
_0622_,VSS,Metal1,69.0850,29.9870,0.000131
_0621_,VSS,Metal1,72.2550,29.9760,0.000129
_0620_,VSS,Metal1,76.9550,29.9870,0.000120
_0619_,VSS,Metal1,79.2000,30.5330,0.000095
_0618_,VSS,Metal1,78.2750,37.9550,0.000068
_0617_,VSS,Metal1,80.6050,38.0520,0.000055
_0616_,VSS,Metal1,44.1950,105.9950,0.000004
_0615_,VSS,Metal1,42.2750,106.0920,0.000004
_0614_,VSS,Metal1,40.5450,150.9360,0.000084
_0613_,VSS,Metal1,39.2050,151.4520,0.000083
_0612_,VSS,Metal1,43.2000,105.5460,0.000004
_0611_,VSS,Metal1,47.4850,105.6850,0.000005
_0610_,VSS,Metal1,50.4350,105.5870,0.000006
_0609_,VSS,Metal1,97.4750,166.1650,0.000079
_0608_,VSS,Metal1,99.3950,159.0120,0.000029
_0607_,VSS,Metal1,92.8650,166.0560,0.000086
_0606_,VSS,Metal1,88.6450,166.0670,0.000155
_0605_,VSS,Metal1,96.0000,159.0530,0.000030
_0604_,VSS,Metal1,96.9250,151.3550,0.000031
_0603_,VSS,Metal1,93.5650,151.4520,0.000031
_0602_,VSS,Metal1,157.9550,121.1150,0.000345
_0601_,VSS,Metal1,155.9650,128.7720,0.000278
_0600_,VSS,Metal1,153.8550,121.2230,0.000211
_0599_,VSS,Metal1,155.3650,121.2120,0.000258
_0598_,VSS,Metal1,150.2400,120.6660,0.000201
_0597_,VSS,Metal1,147.3950,121.1150,0.000051
_0596_,VSS,Metal1,146.8450,128.7720,0.000225
_0595_,VSS,Metal1,110.9150,30.3950,0.001353
_0594_,VSS,Metal1,114.2750,30.4920,0.001380
_0593_,VSS,Metal1,108.7050,37.5360,0.000088
_0592_,VSS,Metal1,106.8850,30.4920,0.000469
_0591_,VSS,Metal1,111.3600,38.0930,0.000102
_0590_,VSS,Metal1,106.0450,37.9550,0.000062
_0589_,VSS,Metal1,108.9950,38.0520,0.000088
_0588_,VSS,Metal1,36.4450,68.1950,0.000009
_0587_,VSS,Metal1,39.3950,68.2920,0.000009
_0586_,VSS,Metal1,37.1850,52.6560,0.000015
_0585_,VSS,Metal1,34.8850,52.6670,0.000021
_0584_,VSS,Metal1,42.2400,67.7460,0.000009
_0583_,VSS,Metal1,49.4050,67.8850,0.000008
_0582_,VSS,Metal1,50.3650,60.7320,0.000019
_0581_,VSS,Metal1,151.2350,60.3250,0.000153
_0580_,VSS,Metal1,154.5950,60.2270,0.000173
_0579_,VSS,Metal1,150.4650,37.5360,0.000579
_0578_,VSS,Metal1,148.1650,30.4920,0.003704
_0577_,VSS,Metal1,150.7200,67.7460,0.000143
_0576_,VSS,Metal1,144.9950,67.8850,0.000111
_0575_,VSS,Metal1,142.0450,67.7870,0.000086
_0574_,VSS,Metal1,70.0450,158.6050,0.000126
_0573_,VSS,Metal1,72.0350,159.0120,0.000125
_0572_,VSS,Metal1,75.1350,159.0230,0.000124
_0571_,VSS,Metal1,77.4350,159.0120,0.000124
_0570_,VSS,Metal1,68.6400,159.0530,0.000126
_0569_,VSS,Metal1,70.0450,151.3550,0.000058
_0568_,VSS,Metal1,67.7150,151.4520,0.000059
_0567_,VSS,Metal1,108.0350,158.6050,0.000031
_0566_,VSS,Metal1,110.4350,159.0120,0.000072
_0565_,VSS,Metal1,113.5350,159.0230,0.000096
_0564_,VSS,Metal1,115.0450,159.0120,0.000096
_0563_,VSS,Metal1,107.0400,159.0530,0.000031
_0562_,VSS,Metal1,106.5250,151.3550,0.000016
_0561_,VSS,Metal1,109.4750,151.4520,0.000037
_0560_,VSS,Metal1,129.6350,121.1150,0.000010
_0559_,VSS,Metal1,131.0750,120.7070,0.000010
_0558_,VSS,Metal1,119.2650,128.2560,0.000015
_0557_,VSS,Metal1,115.5250,128.7720,0.000008
_0556_,VSS,Metal1,129.6000,113.1060,0.000026
_0555_,VSS,Metal1,126.7550,113.2450,0.000025
_0554_,VSS,Metal1,129.0850,106.0920,0.000256
_0553_,VSS,Metal1,16.7800,135.7900,0.000193
_0552_,VSS,Metal1,16.3730,128.8500,0.000070
_0551_,VSS,Metal1,16.4560,128.2430,0.000070
_0550_,VSS,Metal1,14.0560,128.2430,0.000106
_0549_,VSS,Metal1,25.6100,128.7730,0.000003
_0548_,VSS,Metal1,22.5400,128.8100,0.000035
_0547_,VSS,Metal1,6.4650,128.2560,0.000112
_0546_,VSS,Metal1,9.1200,128.2260,0.000111
_0545_,VSS,Metal1,36.9250,128.2670,0.000016
_0544_,VSS,Metal1,34.8850,113.6520,0.000004
_0543_,VSS,Metal1,25.9270,113.6860,0.000004
_0542_,VSS,Metal1,32.1950,128.3650,0.000004
_0541_,VSS,Metal1,11.2650,120.6960,0.000070
_0540_,VSS,Metal1,9.1200,120.6660,0.000071
_0539_,VSS,Metal1,37.8850,120.7070,0.000004
_0538_,VSS,Metal1,37.2850,113.6520,0.000004
_0537_,VSS,Metal1,28.8070,113.6860,0.000004
_0536_,VSS,Metal1,34.5950,128.3650,0.000016
_0535_,VSS,Metal1,42.4950,136.3430,0.000015
_0534_,VSS,Metal1,40.8000,158.4660,0.000139
_0533_,VSS,Metal1,39.3250,136.3320,0.000015
_0532_,VSS,Metal1,40.4750,113.6520,0.000004
_0531_,VSS,Metal1,31.6870,113.6860,0.000004
_0530_,VSS,Metal1,34.5950,135.9250,0.000015
_0529_,VSS,Metal1,20.6600,136.3700,0.000179
_0528_,VSS,Metal1,21.6530,120.6300,0.000020
_0527_,VSS,Metal1,19.3360,120.6830,0.000026
_0526_,VSS,Metal1,16.9360,120.6830,0.000043
_0525_,VSS,Metal1,24.1700,135.8260,0.000005
_0524_,VSS,Metal1,27.1350,121.2230,0.000004
_0523_,VSS,Metal1,25.4050,83.4120,0.000006
_0522_,VSS,Metal1,21.1000,135.7900,0.000179
_0521_,VSS,Metal1,16.8980,106.0870,0.000012
_0520_,VSS,Metal1,18.3820,98.5130,0.000068
_0519_,VSS,Metal1,10.7020,105.6060,0.000016
_0518_,VSS,Metal1,9.9370,113.6330,0.000027
_0517_,VSS,Metal1,40.4180,143.3920,0.000022
_0516_,VSS,Metal1,43.0570,143.8730,0.000021
_0515_,VSS,Metal1,42.0970,158.9930,0.000139
_0514_,VSS,Metal1,44.4970,158.9930,0.000143
_0513_,VSS,Metal1,16.8980,113.1520,0.000004
_0512_,VSS,Metal1,24.5310,121.1400,0.000003
_0511_,VSS,Metal1,21.5650,90.9720,0.000013
_0510_,VSS,Metal1,19.5430,90.9960,0.000023
_0509_,VSS,Metal1,23.9650,106.0920,0.000005
_0508_,VSS,Metal1,22.2350,106.0920,0.000006
_0507_,VSS,Metal1,24.4720,97.9930,0.000005
_0506_,VSS,Metal1,23.5730,83.4900,0.000007
_0505_,VSS,Metal1,33.0850,106.0920,0.000002
_0504_,VSS,Metal1,31.6260,135.7500,0.000012
_0503_,VSS,Metal1,30.5650,106.0920,0.000002
_0502_,VSS,Metal1,25.9120,105.5530,0.000002
_0501_,VSS,Metal1,28.9550,143.3870,0.000015
_0500_,VSS,Metal1,31.2500,143.4100,0.000017
_0499_,VSS,Metal1,31.5430,151.4760,0.000064
_0498_,VSS,Metal1,16.1770,98.5130,0.000077
_0497_,VSS,Metal1,33.4630,98.0030,0.000014
_0496_,VSS,Metal1,8.4970,105.6060,0.000017
_0495_,VSS,Metal1,35.8630,98.0030,0.000013
_0494_,VSS,Metal1,32.1250,90.4670,0.000009
_0493_,VSS,Metal1,9.4570,106.0730,0.000017
_0492_,VSS,Metal1,30.8560,98.0030,0.000014
_0491_,VSS,Metal1,32.4850,143.8920,0.000018
_0490_,VSS,Metal1,21.1270,143.9260,0.000035
_0489_,VSS,Metal1,30.7000,143.9300,0.000017
_0488_,VSS,Metal1,33.6530,151.5300,0.000069
_0487_,VSS,Metal1,31.1650,83.4120,0.000007
_0486_,VSS,Metal1,36.3370,106.0730,0.000003
_0485_,VSS,Metal1,20.6320,75.3130,0.000240
_0484_,VSS,Metal1,23.0910,105.6600,0.000005
_0483_,VSS,Metal1,23.5730,90.3900,0.000008
_0482_,VSS,Metal1,22.0870,75.8860,0.000240
_0481_,VSS,Metal1,148.2700,52.6900,0.000280
_0480_,VSS,Metal1,159.2610,52.6720,0.000310
_0479_,VSS,Metal1,155.4210,52.6720,0.000308
_0478_,VSS,Metal1,145.8210,37.5520,0.000535
_0477_,VSS,Metal1,148.7500,53.1500,0.000280
_0476_,VSS,Metal1,148.8980,45.1120,0.000487
_0475_,VSS,Metal1,157.0580,53.1670,0.000310
_0474_,VSS,Metal1,151.2980,30.4870,0.003731
_0473_,VSS,Metal1,143.5550,113.2450,0.000057
_0472_,VSS,Metal1,140.6050,113.1470,0.000052
_0471_,VSS,Metal1,137.9850,113.6630,0.000026
_0470_,VSS,Metal1,137.1250,120.7070,0.000010
_0469_,VSS,Metal1,138.2400,113.1060,0.000026
_0468_,VSS,Metal1,138.7550,128.3650,0.000191
_0467_,VSS,Metal1,138.6850,128.7720,0.000191
_0466_,VSS,Metal1,161.7950,105.6850,0.000619
_0465_,VSS,Metal1,164.6050,98.5320,0.000365
_0464_,VSS,Metal1,158.6250,98.5430,0.000349
_0463_,VSS,Metal1,156.3250,98.5320,0.000348
_0462_,VSS,Metal1,153.6000,105.5460,0.000590
_0461_,VSS,Metal1,149.7950,98.4350,0.000300
_0460_,VSS,Metal1,146.8450,98.5320,0.000298
_0459_,VSS,Metal1,152.1950,113.2450,0.000061
_0458_,VSS,Metal1,153.0850,128.7720,0.000261
_0457_,VSS,Metal1,147.6150,113.1360,0.000061
_0456_,VSS,Metal1,149.9150,106.0920,0.000387
_0455_,VSS,Metal1,149.7600,113.1060,0.000061
_0454_,VSS,Metal1,147.3950,143.4850,0.001801
_0453_,VSS,Metal1,145.8850,143.8920,0.001782
_0452_,VSS,Metal1,138.7550,30.3950,0.003558
_0451_,VSS,Metal1,142.1150,30.4920,0.003613
_0450_,VSS,Metal1,134.6250,30.5030,0.003479
_0449_,VSS,Metal1,130.8850,30.4920,0.003349
_0448_,VSS,Metal1,136.8000,75.3060,0.000053
_0447_,VSS,Metal1,132.5150,75.7550,0.000046
_0446_,VSS,Metal1,131.4850,75.3470,0.000039
_0445_,VSS,Metal1,128.6750,98.4350,0.000146
_0444_,VSS,Metal1,128.1250,98.0270,0.000146
_0443_,VSS,Metal1,125.0550,105.5760,0.000225
_0442_,VSS,Metal1,129.2750,105.5870,0.000256
_0441_,VSS,Metal1,127.6800,90.4260,0.000040
_0440_,VSS,Metal1,124.8350,90.5650,0.000036
_0439_,VSS,Metal1,127.6450,83.4120,0.000011
_0438_,VSS,Metal1,162.2750,83.0050,0.000144
_0437_,VSS,Metal1,164.6050,82.9070,0.000384
_0436_,VSS,Metal1,158.6250,82.8960,0.000120
_0435_,VSS,Metal1,156.3250,82.9070,0.000072
_0434_,VSS,Metal1,148.8000,82.8660,0.000045
_0433_,VSS,Metal1,138.7550,83.0050,0.000018
_0432_,VSS,Metal1,135.8050,82.9070,0.000016
_0431_,VSS,Metal1,129.1550,60.6350,0.000084
_0430_,VSS,Metal1,128.6050,45.6120,0.000341
_0429_,VSS,Metal1,131.5120,45.0730,0.000358
_0428_,VSS,Metal1,124.7010,45.6070,0.000327
_0427_,VSS,Metal1,125.5050,67.7760,0.000049
_0426_,VSS,Metal1,124.1650,68.2920,0.000037
_0425_,VSS,Metal1,114.7550,52.6670,0.000016
_0424_,VSS,Metal1,132.4450,52.6670,0.000196
_0423_,VSS,Metal1,132.0000,67.7460,0.000066
_0422_,VSS,Metal1,134.8450,67.8850,0.000071
_0421_,VSS,Metal1,134.3650,60.7320,0.000103
_0420_,VSS,Metal1,136.2850,52.6670,0.000210
_0419_,VSS,Metal1,116.7760,53.1960,0.000107
_0418_,VSS,Metal1,134.1750,45.0960,0.000367
_0417_,VSS,Metal1,48.2250,53.1830,0.000008
_0416_,VSS,Metal1,55.2530,37.4700,0.000151
_0415_,VSS,Metal1,58.0720,37.6320,0.000119
_0414_,VSS,Metal1,60.4260,37.4700,0.000116
_0413_,VSS,Metal1,51.2610,37.5520,0.000154
_0412_,VSS,Metal1,48.0530,37.4700,0.000159
_0411_,VSS,Metal1,60.0530,29.9100,0.000173
_0410_,VSS,Metal1,50.1750,30.5030,0.000190
_0409_,VSS,Metal1,44.6930,30.5700,0.000186
_0408_,VSS,Metal1,48.0530,30.5700,0.000190
_0407_,VSS,Metal1,125.8130,60.1500,0.000023
_0406_,VSS,Metal1,133.1150,60.2270,0.000101
_0405_,VSS,Metal1,123.8050,53.1720,0.000173
_0404_,VSS,Metal1,133.5760,38.0760,0.000394
_0403_,VSS,Metal1,135.7860,38.1300,0.000412
_0402_,VSS,Metal1,141.6350,53.1720,0.000223
_0401_,VSS,Metal1,116.6930,52.5900,0.000107
_0400_,VSS,Metal1,122.5550,52.6670,0.000171
_0399_,VSS,Metal1,143.5270,45.0730,0.000447
_0398_,VSS,Metal1,141.2560,45.6360,0.000439
_0397_,VSS,Metal1,139.1460,45.6900,0.000427
_0396_,VSS,Metal1,132.7050,53.1830,0.000196
_0395_,VSS,Metal1,144.4870,60.7660,0.000118
_0394_,VSS,Metal1,143.9460,53.2500,0.000272
_0393_,VSS,Metal1,142.5060,60.1500,0.000104
_0392_,VSS,Metal1,144.8500,151.4470,0.002096
_0391_,VSS,Metal1,152.2700,151.4470,0.002576
_0390_,VSS,Metal1,157.8100,143.3920,0.001859
_0389_,VSS,Metal1,130.9300,159.0070,0.000396
_0388_,VSS,Metal1,137.1700,90.4720,0.000074
_0387_,VSS,Metal1,64.4300,159.0070,0.000127
_0386_,VSS,Metal1,155.6300,166.5670,0.002222
_0385_,VSS,Metal1,32.7500,75.8470,0.000006
_0384_,VSS,Metal1,87.4700,90.4720,0.000005
_0383_,VSS,Metal1,86.9900,22.9270,0.000428
_0382_,VSS,Metal1,115.0900,29.9920,0.001383
_0381_,VSS,Metal1,161.1700,90.4720,0.000305
_0380_,VSS,Metal1,58.6700,45.1120,0.000075
_0379_,VSS,Metal1,43.3100,128.7670,0.000016
_0378_,VSS,Metal1,124.2100,150.9520,0.000258
_0377_,VSS,Metal1,31.3100,75.8470,0.000005
_0376_,VSS,Metal1,51.4700,38.0470,0.000154
_0375_,VSS,Metal1,152.5300,68.2870,0.000144
_0374_,VSS,Metal1,80.7500,29.9920,0.000094
_0373_,VSS,Metal1,73.0700,30.4870,0.000127
_0372_,VSS,Metal1,39.9500,159.0070,0.000139
_0371_,VSS,Metal1,87.4700,166.5670,0.000165
_0370_,VSS,Metal1,155.8900,120.7120,0.000258
_0369_,VSS,Metal1,107.4100,29.9920,0.000469
_0368_,VSS,Metal1,44.2700,45.6070,0.000117
_0367_,VSS,Metal1,149.8700,29.9920,0.003718
_0366_,VSS,Metal1,76.4300,166.0720,0.000419
_0365_,VSS,Metal1,117.4900,158.5120,0.000110
_0364_,VSS,Metal1,100.2100,128.7670,0.000006
_0363_,VSS,Metal1,33.2300,128.7670,0.000004
_0362_,VSS,Metal1,30.3500,128.2720,0.000003
_0361_,VSS,Metal1,29.8700,135.8320,0.000012
_0360_,VSS,Metal1,28.6900,83.4070,0.000007
_0359_,VSS,Metal1,28.9100,98.0320,0.000014
_0358_,VSS,Metal1,143.1500,45.6070,0.000447
_0357_,VSS,Metal1,125.1700,52.6720,0.000173
_0356_,VSS,Metal1,130.4500,52.6720,0.000182
_0355_,VSS,Metal1,150.8300,53.1670,0.000290
_0354_,VSS,Metal1,139.5700,120.7120,0.000013
_0353_,VSS,Metal1,157.8100,98.0320,0.000348
_0352_,VSS,Metal1,151.5700,106.0870,0.000396
_0351_,VSS,Metal1,133.0700,30.4870,0.003452
_0350_,VSS,Metal1,134.7700,105.5920,0.000298
_0349_,VSS,Metal1,160.6900,82.9120,0.000131
_0348_,VSS,Metal1,122.7700,68.2870,0.000037
