net,length_um
clknet_0_clk_i,1.756555mm
net1609,716.405µm
net613,705.4µm
net1563,703.505µm
net1559,699.22µm
net1567,687.95µm
net1564,686.585µm
net1557,685.505µm
net1533,683.565µm
net1561,678.97µm
net1096,677.82µm
net1568,677.045µm
net1556,674.98µm
net1555,674.55µm
net1565,673.47µm
net1566,669.035µm
net1569,668.9µm
net1560,662.62µm
net1753,657.755µm
net1552,651.74µm
net1541,648.72µm
net987,647.91µm
net1553,646.12µm
net1554,642.405µm
net700,631.04µm
net437,626.58µm
net754,618.385µm
net663,616.78µm
net408,616.6µm
net337,615.605µm
net603,608.305µm
net418,605.585µm
net472,601.005µm
net482,595.52µm
net653,586.205µm
net958,583.64µm
net597,572.47µm
net1598,560.43µm
net480,558.125µm
net690,554.075µm
net435,553.545µm
net1570,553.17µm
net402,550.405µm
net755,547.815µm
net1798,543.15µm
net1077,542.855µm
net681,542.06µm
net1223,541.49µm
net607,540.21µm
_00000_,538.415µm
clk_i,534.75µm
net672,532.8µm
net1401,527.75µm
net346,527.09µm
net601,523.395µm
net1353,521.94µm
net1428,517.465µm
net694,515.73µm
net500,514.895µm
_00001_,514.51µm
_02990_,514.235µm
net505,513.52µm
net998,511.695µm
net671,511.14µm
net1589,507.245µm
net331,506.39µm
net314,504.865µm
net1069,504.725µm
net960,503.19µm
net651,503.165µm
net321,502.795µm
net466,501.645µm
net1451,499.47µm
net753,498.06µm
net962,497.155µm
net345,495.725µm
net281,495.095µm
net431,491.77µm
net1434,491.355µm
net423,487.905µm
net335,487.84µm
net406,487.15µm
net647,485.58µm
net470,483.785µm
net27,483.55µm
net689,483.27µm
net22,483.005µm
net1591,480.82µm
net633,480.71µm
net1799,480.23µm
net509,476.82µm
net756,476.01µm
net685,475.095µm
net988,474.32µm
net491,473.33µm
net680,471.505µm
net611,469.535µm
net657,468.515µm
net1770,468.21µm
net1441,465.49µm
_02812_,464.71µm
net476,463.465µm
net698,462.765µm
net487,461.245µm
net752,461.01µm
net661,459.485µm
net545,458.63µm
net315,458.225µm
net1373,456.93µm
net618,456.395µm
net391,456.355µm
net316,455.915µm
net325,455.04µm
net946,449.895µm
net1596,445.075µm
net416,442.24µm
net629,441.6µm
net38,440.76µm
net412,440.02µm
net546,437.595µm
net667,437.325µm
net20,437.26µm
net341,435.805µm
net676,435.49µm
clknet_leaf_93_clk_i,434.94µm
_02989_,433.36µm
net599,432.92µm
net513,431.765µm
net496,430.405µm
net678,429.79µm
net1431,429.48µm
net456,428.43µm
net1049,428.3µm
net458,427.595µm
net442,425.83µm
net392,422.37µm
net516,422.06µm
net551,421.56µm
net460,421.105µm
net639,421.09µm
_04969_,420.79µm
net36,420.32µm
net25,419.13µm
_02988_,418.97µm
net609,417.355µm
net1181,416.795µm
net444,416.555µm
net592,415.95µm
net641,414.74µm
net1558,412.17µm
net518,412.045µm
net687,411.88µm
net1120,411.3µm
_02974_,410.78µm
net549,409.5µm
net850,409.285µm
net1562,408.75µm
net590,408.385µm
net620,407.925µm
net1754,403.69µm
net1221,403.605µm
net944,403.13µm
net649,402.23µm
net468,399.805µm
net1796,399.245µm
net318,398.425µm
net21,398.305µm
net1776,397.605µm
net1771,397.425µm
net1545,396.75µm
net1544,396.21µm
u_picorv32.pcpi_rs2\[5\],394.38µm
net1445,394.18µm
net692,394.08µm
net1546,393.87µm
_02807_,393.6µm
u_picorv32.picorv32_core.decoded_imm\[29\],392.89µm
net573,392.015µm
net957,391.105µm
net23,390.525µm
net1758,388.77µm
u_picorv32.pcpi_rs1\[16\],388.61µm
net395,388.225µm
net992,387.05µm
net397,384.175µm
net968,384.005µm
net1075,383.02µm
_02996_,382.64µm
net1448,381.51µm
net1580,380.745µm
net507,380.625µm
net28,380.535µm
net1592,380.495µm
net659,379.945µm
net1547,378.75µm
net343,378.43µm
net1056,377.705µm
net945,377.37µm
net1053,376.345µm
net669,375.9µm
_05177_,375.72µm
net484,375.3µm
net1366,375.185µm
net323,374.5µm
_00004_,374.14µm
_04982_,373.76µm
net1634,373.735µm
net333,372.36µm
net833,371.855µm
net595,371.355µm
net308,370.675µm
net828,368.975µm
net1548,368.31µm
net1037,367.78µm
net414,366.74µm
net433,366.54µm
net1583,365.71µm
net1063,364.245µm
net1551,364.24µm
net1578,364.08µm
net139,363.465µm
net403,363.32µm
net637,362.91µm
net440,362.86µm
_04996_,362.5µm
_05047_,360.9µm
net329,360.67µm
net1501,360.09µm
net1607,359.33µm
net425,357.975µm
net1601,356.575µm
net43,356.47µm
net18,356.38µm
net586,356.01µm
u_picorv32.pcpi_rs1\[21\],355.97µm
net665,355.83µm
net136,355.445µm
net511,354.995µm
net1438,354.07µm
net514,353.635µm
net310,352.765µm
net901,352.76µm
net1071,352.165µm
net453,351.43µm
net138,351.07µm
_00006_,351.02µm
net14,350.92µm
net1352,349.42µm
net1597,349.275µm
net718,348.82µm
_05280_,348.05µm
net1550,347.655µm
net91,347.58µm
net1035,347.06µm
net427,345.02µm
net478,344.735µm
net449,344.635µm
net16,343.945µm
net1605,343.77µm
net1582,343.05µm
net605,342.075µm
net429,341.895µm
net474,341.835µm
net1345,341.07µm
net696,339.78µm
net17,339.33µm
net137,338.885µm
net1600,338.41µm
net1736,336.965µm
u_picorv32.pcpi_rs2\[6\],336.91µm
net934,336.625µm
_03853_,336.61µm
net587,336.57µm
_02842_,335.51µm
net1576,334.04µm
net956,333.175µm
_05073_,332.93µm
net501,332.59µm
net1236,332.345µm
net410,332.18µm
net450,331.79µm
net517,331.43µm
net489,331.07µm
net1542,329.71µm
u_picorv32.picorv32_core.instr_or,329.125µm
net1585,327.295µm
net13,327.175µm
net1587,326.66µm
net498,326.18µm
net39,325.77µm
u_picorv32.picorv32_core.latched_branch,325.175µm
_02932_,324.84µm
_05228_,324.83µm
net1772,324.765µm
_01588_,323.56µm
net717,323.265µm
net12,323.07µm
net1590,322.7µm
net1062,321.83µm
net1090,319.965µm
net512,318.44µm
net985,318.22µm
net311,317.345µm
u_picorv32.pcpi_rs2\[30\],316.88µm
net547,316.83µm
net393,316.135µm
net889,315.49µm
net1604,315.21µm
net445,314.345µm
net1005,313.81µm
net1797,313.435µm
net312,313.235µm
net58,313.09µm
net996,312.855µm
_01616_,312.44µm
net60,310.89µm
u_picorv32.picorv32_core.decoded_imm\[15\],309.88µm
net1543,309.86µm
net847,309.305µm
net102,309.225µm
_05482_,308.12µm
net1404,307.105µm
net1795,307.035µm
net439,306.5µm
net519,306.08µm
net396,306.055µm
net503,305.89µm
u_picorv32.picorv32_core.instr_ori,305.855µm
u_picorv32.axi_adapter.mem_valid,305.705µm
net682,305.49µm
u_picorv32.picorv32_core.decoded_imm\[13\],305.01µm
net674,304.815µm
net1549,304.64µm
net1594,304.255µm
net591,303.94µm
net1407,303.925µm
net398,303.8µm
net461,303.235µm
net697,302.365µm
u_picorv32.picorv32_core.mem_rdata_q\[14\],302.19µm
net588,302.165µm
_03020_,300.415µm
net636,300.235µm
net1385,300.01µm
net1603,299.98µm
net419,298.895µm
net997,298.875µm
net52,298.53µm
_03852_,297.655µm
_02827_,297.06µm
net339,295.635µm
net1229,295.63µm
net492,295.1µm
net1489,294.985µm
net642,294.3µm
_02874_,294.07µm
net1225,293.43µm
_05332_,293.09µm
u_picorv32.picorv32_core.alu_out_q\[21\],292.51µm
_02822_,292.46µm
net622,292.06µm
net1588,292.05µm
net993,291.34µm
net822,291.14µm
net452,290.96µm
net1336,290.91µm
net1032,290.63µm
net1058,290.32µm
_05099_,290.21µm
net1287,290.195µm
net1403,289.325µm
net654,289.15µm
net927,289.105µm
net784,289µm
_05086_,288.39µm
net1679,287.26µm
net1372,287.095µm
net860,286.87µm
net1688,286.46µm
net1257,285.695µm
_05254_,285.295µm
net807,285.11µm
net990,284.96µm
_05948_,283.83µm
net415,283.545µm
net626,283.535µm
net673,283.405µm
net1242,283.17µm
net1318,282.55µm
net1254,282.16µm
net615,281.08µm
net101,281µm
u_picorv32.picorv32_core.alu_out_q\[31\],280.32µm
net550,280.235µm
net750,279.97µm
u_picorv32.picorv32_core.latched_store,279.925µm
_05672_,279.91µm
net275,279.815µm
net463,279.21µm
u_picorv32.picorv32_core.decoded_imm\[14\],279.14µm
net1506,278.55µm
net1316,277.605µm
net743,277.18µm
_02852_,276.79µm
net475,276.115µm
net844,275.54µm
net1085,274.735µm
net1511,274.41µm
net420,273.765µm
net1011,272.185µm
net400,271.21µm
net493,271.14µm
net1205,270.88µm
net506,269.68µm
net966,269.44µm
net497,269.375µm
net643,268.775µm
net1079,268.775µm
net898,268.38µm
net644,268.11µm
net19,268.1µm
net278,267.96µm
net995,267.85µm
net1083,267.57µm
net1621,266.09µm
net338,266.005µm
net1779,264.705µm
net51,264.15µm
net928,264.12µm
net930,263.96µm
net631,263.6µm
net1422,263.565µm
net691,263.4µm
_05151_,263.35µm
u_picorv32.picorv32_core.instr_jalr,262.8µm
net830,261.855µm
net994,261.325µm
net447,261.2µm
net483,261.19µm
net510,260.48µm
net909,260.04µm
net1415,259.88µm
net848,259.86µm
_02796_,259.73µm
net655,259.59µm
net843,259.275µm
_05763_,259.2µm
net70,258.44µm
u_picorv32.picorv32_core.cpu_state\[1\],258.07µm
net1328,257.955µm
net1752,257.895µm
u_picorv32.picorv32_core.decoded_imm\[27\],257.415µm
net783,257.395µm
u_picorv32.picorv32_core.alu_out_q\[22\],257.29µm
net1478,256.965µm
u_picorv32.picorv32_core.is_alu_reg_imm,256.565µm
net50,256.415µm
net488,256.235µm
_03351_,256.15µm
net1001,255.76µm
net317,255.635µm
net1413,255.405µm
net1410,254.67µm
net11,253.75µm
net867,253.63µm
net485,253.4µm
u_picorv32.pcpi_rs1\[0\],253.22µm
net926,252.965µm
net448,252.73µm
net1094,252.6µm
net1537,252.565µm
net33,252.28µm
net1650,252.245µm
net446,251.67µm
net1425,251.49µm
u_picorv32.picorv32_core.decoded_imm\[11\],251.41µm
net4,250.51µm
u_picorv32.pcpi_rs2\[23\],250.475µm
net1644,249.895µm
net829,249.715µm
net1460,249.59µm
net205,249.37µm
_05787_,249.3µm
net563,249.17µm
net411,249.025µm
net404,248.745µm
_02708_,248.71µm
net473,248.71µm
net255,248.54µm
net645,248.435µm
net980,248.355µm
net309,248.235µm
net831,247.69µm
net744,247.5µm
net1104,247.41µm
net560,246.14µm
net1048,246.035µm
net1215,245.04µm
net1774,244.795µm
net561,244.49µm
net991,244.46µm
u_picorv32.picorv32_core.alu_out\[29\],243.99µm
net53,243.91µm
_01657_,243.66µm
net10,243.295µm
net1051,243.17µm
net208,243.13µm
net709,242.845µm
net399,242.84µm
_05644_,242.37µm
net621,242.315µm
net1137,242.18µm
net562,241.46µm
_05034_,241.11µm
net1008,241.105µm
net1769,241.04µm
net1142,240.755µm
u_picorv32.picorv32_core.alu_out\[28\],240.66µm
u_picorv32.axi_adapter.mem_instr,240.315µm
net462,239.895µm
net593,239.785µm
net950,239.695µm
net1463,239.57µm
net683,239.49µm
net209,239.42µm
net1258,238.84µm
net1627,238.695µm
net894,238.31µm
net1409,237.77µm
net1442,237.425µm
net237,237.38µm
net1794,237.065µm
net564,236.89µm
net1457,236.82µm
net15,236.79µm
_05202_,236.58µm
net490,236.465µm
u_picorv32.picorv32_core.mem_wordsize\[1\],236.325µm
u_picorv32.picorv32_core.decoded_imm\[12\],236.145µm
net827,235.68µm
net55,235.52µm
net961,235.47µm
net1270,235.335µm
net943,235.115µm
net1067,235.02µm
net29,234.895µm
net1135,234.625µm
_04956_,234.32µm
net1324,234.155µm
net565,234.15µm
net504,234.025µm
net969,233.94µm
net54,233.885µm
net454,233.635µm
u_picorv32.picorv32_core.alu_out\[26\],233.265µm
net1426,233.185µm
net974,233.135µm
net1230,233.07µm
u_picorv32.picorv32_core.decoded_imm\[28\],233.06µm
net796,232.925µm
net1606,232.925µm
net307,232.865µm
net1040,232.545µm
net206,232.44µm
net1091,232.385µm
net732,232.1µm
_01585_,231.8µm
_05125_,231.72µm
net967,231.51µm
net254,231.05µm
_02868_,230.515µm
net207,230.28µm
net729,230.28µm
_02717_,230.06µm
net566,229.93µm
net144,229.87µm
net1635,229.71µm
net1397,229.435µm
net951,229.365µm
net1240,229.355µm
net7,229.285µm
net1248,229.22µm
net1640,228.62µm
net1593,228.575µm
net1575,228.415µm
net953,228.35µm
net630,228.145µm
net571,227.29µm
net1115,227.155µm
u_picorv32.picorv32_core.mem_rdata_q\[30\],227.02µm
net319,226.56µm
net1066,226.495µm
net554,226.44µm
net1439,226.2µm
net1155,226.09µm
net604,226.01µm
net1629,225.855µm
net1320,225.755µm
_02848_,225.67µm
net731,225.07µm
net695,224.96µm
u_picorv32.picorv32_core.is_lb_lh_lw_lbu_lhu,224.69µm
net793,224.605µm
net57,224.525µm
net26,224.325µm
net1617,224.205µm
net56,224.02µm
net1129,223.43µm
net238,223.34µm
u_picorv32.picorv32_core.reg_pc\[11\],223.13µm
_04260_,222.88µm
net1280,222.83µm
net6,222.61µm
_02720_,222.54µm
net1429,222.215µm
net1613,222.135µm
net1435,222.125µm
net795,222.115µm
net929,221.99µm
net876,221.53µm
net1117,221.49µm
net1646,220.865µm
net982,220.48µm
net785,220.395µm
net947,219.765µm
net568,219.63µm
net1586,219.6µm
u_picorv32.picorv32_core.alu_out\[23\],219.24µm
net30,219.135µm
net819,218.91µm
net567,218.89µm
_04064_,218.88µm
net1010,218.58µm
net1004,218.29µm
net964,218.205µm
net1402,217.68µm
_05009_,217.57µm
net1245,217.57µm
net1615,216.805µm
net1128,216.67µm
net1108,216.395µm
net826,216.345µm
clknet_5_12__leaf_clk_i,216.2µm
net1458,216.035µm
u_picorv32.picorv32_core.decoded_imm\[26\],215.78µm
net1622,215.755µm
net1057,214.96µm
net1088,214.905µm
net32,214.775µm
net910,214.72µm
net1224,214.66µm
_05980_,214.63µm
net693,214.53µm
net924,214.17µm
net730,213.75µm
u_picorv32.picorv32_core.decoded_imm\[25\],213.635µm
net1073,213.56µm
net31,213.235µm
net594,213.01µm
_05499_,212.97µm
net716,212.625µm
net1419,211.71µm
net1492,211.44µm
net1486,211.43µm
_05697_,211.39µm
net268,211.39µm
clknet_leaf_109_clk_i,211.31µm
net241,211.16µm
u_picorv32.picorv32_core.decoded_imm_j\[11\],211.055µm
net280,210.915µm
net1510,210.86µm
net931,210.79µm
u_picorv32.picorv32_core.decoded_imm_j\[19\],210.745µm
net1102,210.385µm
net34,210.125µm
_01639_,209.56µm
net256,209.52µm
u_picorv32.picorv32_core.alu_out_q\[16\],209.46µm
net1628,208.91µm
net552,208.87µm
u_picorv32.picorv32_core.decoded_imm_j\[16\],208.695µm
net303,208.625µm
net1648,208.525µm
_02710_,208.5µm
_02705_,208.45µm
net279,208.38µm
net723,208.26µm
net976,208.145µm
u_picorv32.picorv32_core.reg_pc\[31\],207.6µm
net585,207.505µm
net1060,207.47µm
net614,207.385µm
net1672,206.78µm
net1055,206.71µm
net1161,206.685µm
u_picorv32.picorv32_core.alu_out_q\[4\],206.05µm
net1260,205.985µm
net428,205.915µm
net989,205.545µm
net1238,205.425µm
_04941_,205.39µm
net1416,205.3µm
net298,204.97µm
net1113,204.765µm
net1330,204.63µm
net304,204.515µm
_05514_,204.51µm
net1756,204.475µm
net198,204.18µm
clknet_leaf_107_clk_i,203.69µm
net1626,203.245µm
net525,203.17µm
net1432,203.04µm
net301,202.845µm
net1109,202.505µm
_01689_,202.49µm
net1013,202.46µm
net1000,202.29µm
_02723_,202.27µm
net1475,202.225µm
net297,201.76µm
net727,201.745µm
_05981_,201.57µm
net1472,201.52µm
u_picorv32.picorv32_core.alu_out_q\[0\],201.33µm
net543,201.32µm
net299,201.29µm
net305,201.275µm
net1119,200.895µm
u_picorv32.picorv32_core.alu_out\[27\],200.76µm
net1043,200.635µm
clknet_leaf_88_clk_i,200.535µm
clknet_5_3__leaf_clk_i,200.425µm
_04650_,200.36µm
net1327,200.315µm
_05306_,200.29µm
clknet_leaf_74_clk_i,200.125µm
net8,200.06µm
net1643,199.84µm
net1632,199.66µm
net35,199.56µm
net1321,199.495µm
_01775_,199.355µm
net598,199.22µm
net231,198.495µm
net1340,198.47µm
net1469,198.26µm
net1220,197.84µm
net153,197.73µm
net1100,197.54µm
net271,197.41µm
net977,197.375µm
u_picorv32.picorv32_core.decoded_imm_j\[18\],197.095µm
net302,197.065µm
u_picorv32.picorv32_core.mem_rdata_q\[29\],196.965µm
net1136,196.965µm
u_picorv32.pcpi_rs2\[17\],196.96µm
u_picorv32.picorv32_core.alu_out_q\[2\],196.82µm
net115,196.595µm
net1081,196.345µm
net332,196.05µm
net932,195.915µm
net1651,195.86µm
net1298,195.33µm
net625,195.12µm
net880,194.885µm
net409,194.66µm
net1125,194.625µm
u_picorv32.picorv32_core.is_sb_sh_sw,194.54µm
net1789,194.01µm
net905,193.965µm
net1430,193.94µm
net804,193.9µm
net805,193.765µm
_01617_,193.51µm
net1645,193.145µm
net300,193.025µm
net1612,192.94µm
_02612_,192.93µm
net1418,192.9µm
net1283,192.69µm
clknet_leaf_84_clk_i,192.68µm
net972,192.665µm
_02726_,192.55µm
net1111,192.35µm
clknet_leaf_30_clk_i,192.32µm
net1581,192.305µm
net1444,192.21µm
net1624,192.145µm
net1631,192.02µm
clknet_5_15__leaf_clk_i,191.97µm
net1346,191.495µm
net873,191.31µm
net782,191.28µm
clknet_leaf_68_clk_i,191.235µm
net1179,191.215µm
net801,191.21µm
u_picorv32.pcpi_rs2\[7\],191.165µm
net986,191.11µm
u_picorv32.picorv32_core.decoded_imm\[20\],190.97µm
_04129_,190.92µm
net502,190.57µm
net9,190.32µm
net922,189.975µm
net749,189.92µm
net1765,189.875µm
net1167,189.515µm
_02881_,189.48µm
net1121,189.44µm
net142,188.84µm
net1065,188.705µm
net143,188.64µm
net1446,188.5µm
net1180,188.365µm
net715,188.325µm
net1086,188.27µm
u_picorv32.picorv32_core.decoded_imm_j\[17\],187.74µm
net658,187.74µm
net394,187.7µm
net1572,187.665µm
_04046_,187.63µm
net1618,187.495µm
_02712_,187.27µm
net1513,187.27µm
_05164_,187.2µm
net792,187.2µm
_05985_,187.18µm
net895,186.845µm
net274,186.765µm
net812,186.745µm
net1106,186.595µm
net1045,186.48µm
net1003,186.425µm
_05599_,186.36µm
net1584,186.335µm
net537,186.27µm
_05462_,186.165µm
net1132,186.1µm
net515,186.05µm
net1054,185.895µm
net1078,185.695µm
_03995_,185.44µm
_02714_,185.1µm
clknet_leaf_78_clk_i,185µm
net5,184.84µm
net608,184.755µm
_02972_,184.215µm
net1500,184.17µm
net971,183.91µm
net464,183.875µm
net1194,183.725µm
net1133,183.67µm
clknet_leaf_15_clk_i,183.525µm
net253,183.47µm
clknet_leaf_10_clk_i,183.47µm
u_picorv32.picorv32_core.alu_out_q\[1\],183.39µm
clknet_leaf_116_clk_i,183.305µm
net955,183.27µm
clknet_leaf_90_clk_i,183.2µm
net589,183.1µm
clknet_leaf_83_clk_i,183.1µm
net1112,183.02µm
net973,182.89µm
net627,182.84µm
net675,182.59µm
clknet_5_13__leaf_clk_i,182.475µm
net616,182.22µm
_03018_,182.17µm
net1290,182.165µm
_03948_,182.05µm
net1114,181.93µm
net1637,181.815µm
net684,181.76µm
clknet_leaf_72_clk_i,181.57µm
_03002_,181.415µm
net1763,181.31µm
net868,181.175µm
net596,181.15µm
net1344,181.11µm
net477,181.075µm
net252,180.925µm
net660,180.615µm
net1172,180.59µm
_02818_,180.49µm
net1412,180.275µm
u_picorv32.picorv32_core.decoded_imm\[10\],180.165µm
net1315,180.11µm
net1414,180.04µm
net1296,179.975µm
net1420,179.93µm
_05485_,179.545µm
net1761,179.525µm
net999,179.37µm
net1447,179.25µm
net832,179.125µm
_05696_,179.1µm
clknet_leaf_57_clk_i,178.975µm
net1417,178.895µm
net1009,178.575µm
net1619,178.515µm
net918,178.51µm
_04672_,178.475µm
net1602,178.345µm
net725,178.325µm
u_picorv32.pcpi_rs2\[1\],178.29µm
net1610,178.21µm
u_picorv32.picorv32_core.decoded_imm_j\[14\],178.16µm
net430,178.02µm
net1658,177.745µm
net1503,177.69µm
net1750,177.685µm
net954,177.675µm
net1454,177.64µm
u_picorv32.picorv32_core.reg_pc\[17\],177.515µm
_02886_,177.4µm
_04393_,177.36µm
net236,177.205µm
net1641,177.13µm
_02685_,177.08µm
clknet_leaf_91_clk_i,176.91µm
net1118,176.795µm
net1286,176.715µm
_05557_,176.65µm
net664,176.6µm
net1481,176.485µm
net1322,176.45µm
net1784,176.355µm
u_picorv32.pcpi_rs2\[29\],176.23µm
net838,176.135µm
clknet_5_8__leaf_clk_i,175.96µm
net495,175.88µm
net981,175.735µm
clknet_leaf_53_clk_i,175.625µm
clknet_5_30__leaf_clk_i,175.58µm
u_picorv32.picorv32_core.latched_stalu,175.475µm
u_picorv32.pcpi_rs2\[13\],175.47µm
_02902_,175.44µm
net940,175.42µm
clknet_leaf_32_clk_i,175.405µm
clknet_leaf_4_clk_i,175.38µm
net921,175.31µm
net1775,175.235µm
net1421,175.225µm
net1725,175.05µm
net1107,175.025µm
clknet_leaf_49_clk_i,175.025µm
net1042,174.93µm
_02965_,174.9µm
clknet_leaf_35_clk_i,174.895µm
u_picorv32.picorv32_core.decoded_imm_j\[3\],174.86µm
net1453,174.825µm
net246,174.58µm
net1655,174.425µm
_05436_,174.07µm
net1099,174.06µm
net1760,174.005µm
u_picorv32.picorv32_core.mem_rdata_q\[27\],173.995µm
net903,173.985µm
u_picorv32.picorv32_core.decoded_imm_j\[15\],173.915µm
net1790,173.875µm
clknet_5_4__leaf_clk_i,173.805µm
_02938_,173.795µm
net421,173.635µm
net1241,173.575µm
net1160,173.535µm
net1050,173.43µm
net1461,173.31µm
clknet_leaf_112_clk_i,173.305µm
net983,173.18µm
net800,173.08µm
net1723,172.905µm
net1726,172.49µm
net1124,172.4µm
_00030_,172.18µm
clknet_leaf_85_clk_i,172.005µm
clknet_leaf_62_clk_i,171.97µm
net1130,171.395µm
_01573_,171.385µm
net624,171.24µm
clknet_leaf_70_clk_i,171.035µm
clknet_leaf_19_clk_i,170.965µm
_03905_,170.82µm
net1052,170.765µm
net1139,170.765µm
u_picorv32.pcpi_rs2\[26\],170.755µm
clknet_5_14__leaf_clk_i,170.595µm
u_picorv32.picorv32_core.decoded_imm\[7\],170.59µm
clknet_leaf_114_clk_i,170.57µm
net1652,170.375µm
clknet_leaf_0_clk_i,170.205µm
clknet_leaf_97_clk_i,170.18µm
clknet_leaf_77_clk_i,170.145µm
clknet_leaf_45_clk_i,169.905µm
net1773,169.885µm
u_picorv32.picorv32_core.alu_out\[14\],169.74µm
net1768,169.625µm
net548,169.51µm
_01771_,169.425µm
net524,169.36µm
_05215_,169.35µm
u_picorv32.picorv32_core.alu_out\[15\],168.96µm
net455,168.885µm
clknet_leaf_82_clk_i,168.785µm
net432,168.7µm
net1411,168.64µm
clknet_5_31__leaf_clk_i,168.205µm
net340,168.1µm
net1788,168.07µm
net1538,167.975µm
_05611_,167.94µm
net666,167.635µm
clknet_leaf_1_clk_i,167.505µm
clknet_leaf_38_clk_i,167.425µm
_05571_,167.38µm
clknet_leaf_110_clk_i,167.355µm
clknet_leaf_125_clk_i,167.355µm
net1188,167.26µm
net907,167.195µm
clknet_leaf_71_clk_i,167.19µm
net1127,167.145µm
u_picorv32.picorv32_core.reg_pc\[23\],167.055µm
_04813_,166.895µm
net1793,166.735µm
net1097,166.72µm
net623,166.63µm
clknet_leaf_54_clk_i,166.61µm
clknet_leaf_40_clk_i,166.6µm
net1449,166.58µm
u_picorv32.picorv32_core.reg_pc\[29\],166.57µm
_01940_,166.345µm
net1702,166.21µm
u_picorv32.pcpi_rs2\[14\],166.035µm
net1465,166.02µm
clknet_leaf_24_clk_i,166.015µm
net390,165.91µm
net1671,165.795µm
_02898_,165.79µm
net965,165.745µm
clknet_leaf_7_clk_i,165.55µm
_02944_,165.49µm
net1456,165.155µm
net1082,165.07µm
net1735,164.965µm
net544,164.785µm
net1154,164.72µm
net1483,164.615µm
clknet_leaf_75_clk_i,164.525µm
_03865_,164.37µm
clknet_leaf_66_clk_i,164.32µm
net634,164.26µm
net499,164.24µm
net935,164.225µm
u_picorv32.picorv32_core.reg_pc\[1\],164.125µm
u_picorv32.pcpi_rs2\[19\],164.07µm
net277,163.99µm
clknet_leaf_63_clk_i,163.835µm
clknet_leaf_17_clk_i,163.705µm
net1210,163.645µm
_05635_,163.62µm
net892,163.585µm
net1047,163.585µm
clknet_leaf_59_clk_i,163.57µm
net772,163.245µm
net1716,163.225µm
net1105,163.215µm
u_picorv32.picorv32_core.reg_pc\[25\],163.205µm
_01774_,163.05µm
clknet_5_27__leaf_clk_i,163.045µm
net3449,162.96µm
net979,162.695µm
net1123,162.64µm
clknet_leaf_37_clk_i,162.595µm
_01967_,162.57µm
net210,162.51µm
clknet_leaf_12_clk_i,162.445µm
net225,162.37µm
net1092,162.355µm
net635,162.03µm
net1319,162.015µm
clknet_leaf_6_clk_i,162.015µm
net1039,161.87µm
_01920_,161.53µm
u_picorv32.picorv32_core.decoded_imm_j\[2\],161.47µm
net937,161.305µm
net1028,161.275µm
clknet_leaf_48_clk_i,161.255µm
clknet_leaf_44_clk_i,161.24µm
clknet_leaf_76_clk_i,161.235µm
clknet_leaf_3_clk_i,161.165µm
_02798_,160.95µm
clknet_leaf_120_clk_i,160.94µm
net1228,160.9µm
clknet_leaf_92_clk_i,160.89µm
net648,160.82µm
clknet_leaf_41_clk_i,160.78µm
_05345_,160.61µm
net839,160.4µm
net787,160.245µm
net1222,160.205µm
net1325,160.165µm
_02875_,160.08µm
_01739_,160.05µm
net1762,160.03µm
net1406,159.935µm
net326,159.83µm
_02688_,159.79µm
clknet_5_11__leaf_clk_i,159.695µm
clknet_leaf_9_clk_i,159.54µm
clknet_leaf_67_clk_i,159.52µm
net1474,159.5µm
net1276,159.415µm
net1384,159.28µm
_01919_,159.2µm
net1579,159.15µm
clknet_5_1__leaf_clk_i,159.02µm
net1262,158.915µm
net1064,158.855µm
net158,158.83µm
net1467,158.72µm
clknet_5_9__leaf_clk_i,158.72µm
net327,158.44µm
clknet_leaf_21_clk_i,158.405µm
net1692,158.395µm
net1664,158.08µm
net1116,157.98µm
net1759,157.97µm
clknet_leaf_108_clk_i,157.83µm
net1647,157.54µm
clknet_leaf_118_clk_i,157.365µm
_02615_,157.245µm
net978,157.045µm
_01418_,156.99µm
clknet_leaf_26_clk_i,156.935µm
net1704,156.91µm
net3447,156.85µm
net1027,156.75µm
net413,156.31µm
u_picorv32.picorv32_core.is_alu_reg_reg,156.285µm
net887,156.175µm
net191,156.085µm
_02921_,156.08µm
clknet_5_29__leaf_clk_i,155.95µm
net494,155.935µm
clknet_5_28__leaf_clk_i,155.565µm
net1025,155.49µm
clknet_leaf_5_clk_i,155.28µm
u_picorv32.picorv32_core.instr_rdinstrh,155.05µm
net1038,155.045µm
net1036,154.98µm
_02260_,154.93µm
clknet_5_10__leaf_clk_i,154.91µm
u_picorv32.pcpi_rs2\[16\],154.875µm
net1138,154.875µm
clknet_leaf_16_clk_i,154.72µm
clknet_leaf_96_clk_i,154.705µm
clknet_leaf_28_clk_i,154.695µm
_01922_,154.66µm
_01398_,154.63µm
clknet_leaf_51_clk_i,154.605µm
_01416_,154.5µm
clknet_leaf_122_clk_i,154.355µm
net1070,154.09µm
net1219,154.045µm
_01938_,154.03µm
clknet_leaf_127_clk_i,154.025µm
clknet_leaf_65_clk_i,154.005µm
net1343,153.875µm
net949,153.865µm
net963,153.695µm
net726,153.67µm
net1471,153.54µm
net798,153.51µm
net1786,153.38µm
clknet_leaf_39_clk_i,153.32µm
clknet_leaf_105_clk_i,153.145µm
clknet_5_20__leaf_clk_i,153.01µm
clknet_leaf_111_clk_i,152.86µm
clknet_leaf_14_clk_i,152.84µm
_03004_,152.79µm
net1282,152.74µm
clknet_5_24__leaf_clk_i,152.715µm
net1424,152.595µm
net1084,152.5µm
net1614,152.415µm
net710,152.405µm
net426,152.355µm
net1101,152.335µm
clknet_leaf_99_clk_i,152.225µm
_01850_,152.13µm
_02956_,152.085µm
u_picorv32.picorv32_core.decoded_imm_j\[12\],152.085µm
clknet_leaf_29_clk_i,152.07µm
net457,151.795µm
clknet_5_16__leaf_clk_i,151.655µm
clknet_5_5__leaf_clk_i,151.59µm
net745,151.505µm
net1639,151.455µm
net1214,151.45µm
clknet_leaf_73_clk_i,151.365µm
clknet_5_18__leaf_clk_i,151.29µm
net975,151.26µm
net1470,151.185µm
_02908_,151.16µm
clknet_leaf_124_clk_i,151.16µm
clknet_leaf_42_clk_i,151.05µm
clknet_leaf_80_clk_i,151.035µm
net1706,150.855µm
clknet_leaf_43_clk_i,150.685µm
net747,150.63µm
clknet_5_25__leaf_clk_i,150.42µm
net1087,150.39µm
net837,150.29µm
clknet_5_0__leaf_clk_i,150.25µm
net1499,150.22µm
_05633_,150.11µm
_03864_,150.08µm
net872,150.06µm
clknet_leaf_115_clk_i,150µm
net1713,149.45µm
net1642,149.435µm
net1209,149.415µm
net467,149.265µm
net650,149.23µm
net842,149.085µm
net1657,149.07µm
net1289,148.99µm
clknet_leaf_119_clk_i,148.98µm
clknet_5_26__leaf_clk_i,148.95µm
u_picorv32.picorv32_core.instr_rdcycleh,148.93µm
net790,148.785µm
net1342,148.775µm
net1263,148.765µm
u_picorv32.picorv32_core.decoded_imm\[8\],148.74µm
net802,148.72µm
net890,148.69µm
_04062_,148.685µm
net1110,148.655µm
net1633,148.615µm
u_picorv32.pcpi_rs2\[28\],148.61µm
net1291,148.61µm
net272,148.52µm
net1783,148.51µm
_02488_,148.485µm
clknet_leaf_86_clk_i,148.42µm
clknet_leaf_13_clk_i,148.37µm
net834,148.29µm
clknet_leaf_104_clk_i,148.27µm
net724,148.24µm
u_picorv32.picorv32_core.decoded_imm_j\[9\],148.085µm
u_picorv32.pcpi_rs2\[9\],147.875µm
clknet_5_19__leaf_clk_i,147.775µm
clknet_leaf_22_clk_i,147.695µm
net606,147.685µm
net1466,147.68µm
clknet_5_23__leaf_clk_i,147.57µm
_02995_,147.55µm
net1452,147.55µm
net1265,147.545µm
net1269,147.355µm
net1031,147.245µm
clknet_5_2__leaf_clk_i,147.165µm
clknet_leaf_123_clk_i,147.12µm
net320,147µm
u_picorv32.picorv32_core.is_lui_auipc_jal,146.995µm
net859,146.97µm
net508,146.96µm
u_picorv32.picorv32_core.is_beq_bne_blt_bge_bltu_bgeu,146.6µm
u_picorv32.picorv32_core.instr_and,146.59µm
clknet_leaf_2_clk_i,146.56µm
net176,146.555µm
net708,146.535µm
_05442_,146.53µm
clknet_leaf_101_clk_i,146.465µm
clknet_leaf_69_clk_i,146.28µm
clknet_leaf_60_clk_i,146.245µm
net556,146.005µm
clknet_5_7__leaf_clk_i,145.95µm
clknet_leaf_89_clk_i,145.925µm
clknet_leaf_117_clk_i,145.86µm
net856,145.72µm
net1131,145.705µm
net871,145.675µm
net870,145.625µm
net1026,145.375µm
net1268,145.335µm
u_picorv32.picorv32_core.count_instr\[48\],145.215µm
clknet_leaf_95_clk_i,144.905µm
clknet_leaf_55_clk_i,144.81µm
net1247,144.7µm
net1690,144.58µm
net1369,144.45µm
clknet_leaf_50_clk_i,144.315µm
net857,144.255µm
net1785,144.215µm
net3439,144.18µm
clknet_leaf_98_clk_i,144.05µm
clknet_leaf_56_clk_i,143.95µm
_03090_,143.87µm
net1368,143.805µm
clknet_leaf_36_clk_i,143.65µm
net165,143.6µm
clknet_leaf_100_clk_i,143.59µm
net1693,143.56µm
net853,143.42µm
net234,143.285µm
net846,143.195µm
net129,143.185µm
net569,143.165µm
_05609_,142.81µm
u_picorv32.picorv32_core.decoded_imm\[4\],142.725µm
net1218,142.69µm
clknet_leaf_58_clk_i,142.43µm
net1625,142.345µm
net1141,142.27µm
_03089_,142.23µm
clknet_leaf_94_clk_i,142.23µm
net285,142.12µm
net1226,142.115µm
net273,142.08µm
net1507,141.915µm
net1616,141.855µm
net1199,141.85µm
net1665,141.75µm
net3437,141.67µm
net1595,141.565µm
u_picorv32.picorv32_core.decoded_imm_j\[13\],141.55µm
net1764,141.48µm
_04090_,141.385µm
net1059,141.095µm
net1033,141.055µm
u_picorv32.picorv32_core.alu_out_q\[3\],141µm
net2,140.89µm
net797,140.785µm
_05736_,140.78µm
net1149,140.78µm
_05950_,140.64µm
clknet_5_17__leaf_clk_i,140.59µm
clknet_leaf_64_clk_i,140.495µm
net553,140.43µm
u_picorv32.picorv32_core.reg_pc\[21\],140.425µm
net1620,140.39µm
net1275,140.32µm
_02803_,140.24µm
net168,139.95µm
clknet_leaf_11_clk_i,139.905µm
_01902_,139.83µm
clknet_leaf_8_clk_i,139.81µm
net869,139.68µm
_01591_,139.54µm
net152,139.475µm
_03639_,139.47µm
net1237,138.945µm
clknet_leaf_20_clk_i,138.86µm
net1678,138.715µm
net933,138.515µm
net1021,138.49µm
net441,138.42µm
net1072,138.26µm
net1532,138.255µm
net1383,138.105µm
net150,138.04µm
net1436,138.025µm
_05021_,137.945µm
net1174,137.555µm
clknet_leaf_27_clk_i,137.455µm
net1746,137.31µm
_05545_,137.23µm
_02892_,137.16µm
net1335,137.13µm
_05138_,137.12µm
net1007,137.01µm
net229,136.855µm
u_picorv32.picorv32_core.count_instr\[55\],136.605µm
net984,136.57µm
net1423,136.545µm
clknet_leaf_25_clk_i,136.47µm
net3406,136.45µm
_02837_,136.34µm
net184,136.285µm
u_picorv32.picorv32_core.decoded_imm_j\[7\],136.24µm
net1455,136.225µm
net1002,136.015µm
net1153,135.98µm
net1365,135.98µm
_01672_,135.595µm
u_picorv32.picorv32_core.alu_out\[31\],135.54µm
net836,135.5µm
net224,135.48µm
net1687,135.48µm
clknet_leaf_61_clk_i,135.415µm
net1473,135.05µm
_05241_,134.88µm
net1623,134.795µm
clknet_leaf_52_clk_i,134.725µm
u_picorv32.picorv32_core.reg_out\[4\],134.525µm
net707,134.525µm
net881,134.46µm
clknet_leaf_113_clk_i,134.055µm
net181,133.825µm
clknet_leaf_106_clk_i,133.77µm
u_picorv32.picorv32_core.reg_pc\[22\],133.74µm
net746,133.5µm
net777,133.5µm
net1630,133.375µm
net818,133.34µm
u_picorv32.picorv32_core.count_instr\[52\],133.145µm
_05593_,132.74µm
net1676,132.715µm
net1171,132.655µm
_02732_,132.6µm
net232,132.52µm
u_picorv32.picorv32_core.instr_xori,132.5µm
net1103,132.4µm
clknet_leaf_18_clk_i,132.215µm
net378,132.13µm
net1792,132.09µm
net1739,132.08µm
net877,132.065µm
_02008_,131.955µm
net3445,131.84µm
net1757,131.78µm
net816,131.765µm
clknet_leaf_103_clk_i,131.735µm
clknet_5_22__leaf_clk_i,131.72µm
net1030,131.7µm
net1695,131.695µm
clknet_5_6__leaf_clk_i,131.42µm
net886,131.36µm
net1484,131.315µm
net1285,131.285µm
net147,131.08µm
net295,131.08µm
net771,130.795µm
net1408,130.765µm
_02131_,130.73µm
net780,130.72µm
clknet_5_21__leaf_clk_i,130.59µm
clknet_leaf_121_clk_i,130.575µm
net1267,130.405µm
net1178,130.355µm
net896,130.345µm
net906,130.135µm
net369,130.08µm
net1719,129.88µm
net1196,129.82µm
_02870_,129.8µm
net366,129.73µm
net705,129.695µm
net1,129.61µm
clknet_leaf_33_clk_i,129.59µm
net638,129.36µm
net811,129.3µm
net1080,129.255µm
net267,129.155µm
net861,129.155µm
net1791,129.125µm
net284,128.995µm
clknet_leaf_31_clk_i,128.975µm
clknet_leaf_87_clk_i,128.925µm
net1022,128.91µm
u_picorv32.picorv32_core.decoded_imm\[22\],128.835µm
u_picorv32.pcpi_rs2\[24\],128.785µm
net1295,128.65µm
net706,128.56µm
u_picorv32.picorv32_core.instr_andi,128.335µm
net157,128.32µm
net374,128.17µm
net884,128.17µm
net334,128.115µm
net835,127.99µm
net570,127.835µm
_05747_,127.8µm
net1370,127.795µm
net769,127.79µm
net1705,127.76µm
net368,127.74µm
net1535,127.695µm
_02322_,127.46µm
net377,127.46µm
clknet_leaf_102_clk_i,127.425µm
net3433,127.34µm
net217,127.295µm
u_picorv32.pcpi_rs2\[20\],127.265µm
net1339,127.17µm
net3424,127.15µm
net925,127.075µm
net1571,127.06µm
net126,126.835µm
net180,126.8µm
net1459,126.77µm
net1464,126.695µm
_02305_,126.555µm
_01962_,126.445µm
_02991_,126.315µm
_02735_,126.25µm
u_picorv32.pcpi_rs2\[10\],126.25µm
net1278,126.245µm
u_picorv32.picorv32_core.decoded_imm\[0\],126.175µm
net1163,126.1µm
net1159,126.06µm
net367,125.9µm
net1396,125.38µm
net720,125.28µm
net371,125.23µm
net520,125.23µm
net882,124.995µm
net373,124.81µm
net817,124.695µm
net529,124.625µm
_05732_,124.51µm
net1751,124.48µm
net899,124.36µm
net1674,124.345µm
u_picorv32.picorv32_core.reg_pc\[27\],124.19µm
net1183,123.765µm
net740,123.695µm
net1165,123.565µm
u_picorv32.pcpi_rs2\[15\],123.55µm
net866,123.425µm
clknet_leaf_23_clk_i,123.405µm
_02973_,123.4µm
_05007_,123.37µm
net526,123.37µm
net372,123.36µm
_05307_,123.24µm
net1329,123.2µm
net1745,123.19µm
net1216,123.105µm
clknet_leaf_34_clk_i,122.995µm
clknet_leaf_79_clk_i,122.92µm
clknet_leaf_47_clk_i,122.56µm
net178,122.445µm
clknet_leaf_126_clk_i,122.33µm
net376,122.29µm
net851,122.29µm
net885,122.205µm
net1255,122.155µm
net1227,122.1µm
net1095,121.81µm
net245,121.79µm
_02728_,121.75µm
net1122,121.745µm
net1512,121.445µm
net1203,121.41µm
net370,121.2µm
net600,121.195µm
u_picorv32.picorv32_core.mem_rdata_q\[24\],121.075µm
net920,120.86µm
net1777,120.73µm
_05355_,120.69µm
net703,120.675µm
_01903_,120.66µm
net1748,120.655µm
net1711,120.625µm
net1380,120.345µm
_02885_,120.24µm
net938,119.81µm
net1668,119.775µm
net375,119.53µm
net155,119.52µm
net1531,119.41µm
net185,119.325µm
net261,119.315µm
u_picorv32.picorv32_core.instr_lui,119.19µm
net1371,119.055µm
_03235_,119.04µm
net1707,119.025µm
_02969_,118.89µm
net781,118.8µm
_02324_,118.77µm
net286,118.69µm
_01413_,118.63µm
net1782,118.595µm
_01417_,118.51µm
net162,118.465µm
net132,118.41µm
net1491,118.395µm
net291,118.28µm
u_picorv32.picorv32_core.decoded_imm\[18\],118.27µm
net1514,118.175µm
net486,118.07µm
net1476,117.98µm
_02738_,117.91µm
net1364,117.895µm
_02843_,117.88µm
_01414_,117.72µm
u_picorv32.picorv32_core.mem_rdata_q\[25\],117.5µm
net1186,117.37µm
net249,117.28µm
net358,116.985µm
net235,116.97µm
net521,116.8µm
_01974_,116.53µm
_05190_,116.41µm
net1259,116.4µm
net187,116.25µm
net149,116.2µm
net719,115.985µm
_02891_,115.63µm
_04379_,115.62µm
net1252,115.615µm
_05203_,115.56µm
net540,115.485µm
_05406_,115.4µm
net242,115.365µm
net1741,115.27µm
net1029,115.235µm
clknet_leaf_81_clk_i,115.185µm
net380,115.08µm
net365,115.065µm
u_picorv32.picorv32_core.reg_pc\[7\],114.98µm
_00003_,114.85µm
_05962_,114.85µm
_02992_,114.73µm
net182,114.675µm
net248,114.57µm
net576,114.54µm
net948,114.5µm
net1292,114.455µm
_05411_,114.355µm
net1636,114.28µm
_00002_,114.225µm
net296,114.205µm
u_picorv32.picorv32_core.is_jalr_addi_slti_sltiu_xori_ori_andi,114.055µm
net1341,114.055µm
net941,114.025µm
net270,114µm
net1529,113.955µm
net199,113.925µm
_02950_,113.83µm
net760,113.645µm
net362,113.49µm
net523,113.44µm
_02105_,113.365µm
u_picorv32.picorv32_core.instr_auipc,113.31µm
_02596_,113.28µm
net106,113.205µm
net1405,113.12µm
net1729,113.105µm
net1169,113.05µm
net1375,113.025µm
net1190,112.965µm
net353,112.85µm
net1709,112.69µm
_04304_,112.57µm
_05965_,112.57µm
net424,112.52µm
clknet_leaf_46_clk_i,112.24µm
net542,112.11µm
_04237_,112.09µm
_03168_,112.085µm
net1728,112.01µm
_05267_,111.99µm
net230,111.97µm
net244,111.885µm
net1350,111.835µm
net1685,111.785µm
net1502,111.75µm
net757,111.58µm
net220,111.25µm
net269,111.24µm
net1721,111.115µm
net1198,111.04µm
_05495_,111µm
_03085_,110.97µm
u_picorv32.picorv32_core.decoded_imm_j\[1\],110.96µm
u_picorv32.picorv32_core.decoded_imm\[5\],110.94µm
net840,110.91µm
net1744,110.86µm
net135,110.83µm
_04232_,110.82µm
_02838_,110.73µm
_01988_,110.665µm
_03192_,110.565µm
net1787,110.515µm
u_picorv32.picorv32_core.instr_xor,110.36µm
net891,110.325µm
net559,110.245µm
_02272_,110.16µm
_01809_,110.13µm
net1727,110.095µm
net1698,109.85µm
net328,109.81µm
net640,109.755µm
net146,109.68µm
net774,109.555µm
net322,109.45µm
net1232,109.385µm
_01593_,109.255µm
net202,109.24µm
net1206,109.23µm
_02025_,109.165µm
_05722_,109.16µm
net773,109.15µm
net893,109.005µm
net1703,108.985µm
_02792_,108.94µm
net970,108.86µm
net1681,108.86µm
net1574,108.76µm
net1249,108.67µm
net354,108.54µm
net1718,108.495µm
net170,108.475µm
_01687_,108.435µm
_02859_,108.3µm
net1684,108.295µm
_02214_,108.29µm
_03226_,108.26µm
net1376,108.225µm
net1041,108.165µm
net258,108.15µm
_02268_,108.035µm
_02951_,108.02µm
u_picorv32.pcpi_rs2\[21\],107.965µm
net1231,107.915µm
net1288,107.915µm
net1201,107.84µm
net1660,107.795µm
net351,107.785µm
net786,107.78µm
net1351,107.46µm
net200,107.45µm
_05711_,107.4µm
net1393,107.34µm
net1326,107.32µm
net722,107.215µm
_03741_,107.21µm
net266,107.165µm
_04436_,107.11µm
_02793_,107.08µm
clknet_4_4_0_clk_i,106.935µm
u_picorv32.picorv32_core.reg_pc\[19\],106.92µm
u_picorv32.picorv32_core.reg_pc\[30\],106.895µm
net704,106.765µm
net1034,106.765µm
net1157,106.64µm
_01697_,106.605µm
_02439_,106.57µm
clknet_4_15_0_clk_i,106.345µm
net1016,106.15µm
_03339_,106.035µm
u_picorv32.picorv32_core.mem_rdata_q\[23\],106.035µm
net858,105.815µm
net1608,105.645µm
net451,105.61µm
net194,105.47µm
u_picorv32.picorv32_core.decoded_imm\[6\],105.465µm
net172,105.32µm
_05126_,105.26µm
net713,105.19µm
net1300,105.13µm
net914,105.09µm
_05191_,105.07µm
clknet_4_7_0_clk_i,105.02µm
net810,104.9µm
u_picorv32.picorv32_core.decoded_imm\[24\],104.78µm
net349,104.7µm
_03643_,104.65µm
net401,104.65µm
_01670_,104.64µm
_01627_,104.63µm
net1284,104.505µm
u_picorv32.picorv32_core.reg_out\[19\],104.43µm
_01595_,104.41µm
net221,104.185µm
u_picorv32.picorv32_core.decoded_imm\[17\],104.175µm
_03404_,104.135µm
net1126,104.075µm
net1482,103.99µm
u_picorv32.picorv32_core.decoded_imm\[19\],103.94µm
net1708,103.86µm
_05707_,103.745µm
_01554_,103.51µm
net1654,103.47µm
net714,103.405µm
_04927_,103.38µm
_05446_,103.36µm
net148,103.27µm
net1427,103.175µm
clknet_4_11_0_clk_i,103.13µm
net174,103.1µm
_01869_,102.725µm
_03368_,102.7µm
u_picorv32.picorv32_core.alu_out\[24\],102.66µm
net434,102.63µm
net63,102.62µm
net841,102.56µm
_01944_,102.525µm
net1251,102.4µm
_01553_,102.38µm
net1737,102.22µm
_02788_,102.12µm
clknet_4_13_0_clk_i,102.07µm
net160,102µm
net1400,101.94µm
net1697,101.895µm
net1669,101.655µm
net1682,101.645µm
_03001_,101.55µm
net348,101.545µm
net145,101.43µm
net799,101.415µm
net356,101.36µm
net1730,101.305µm
_03152_,101.295µm
u_picorv32.picorv32_core.reg_pc\[20\],101.225µm
net824,101.155µm
_05997_,101.04µm
net1235,101.04µm
net701,101µm
net1349,100.975µm
_02816_,100.81µm
net1146,100.81µm
_05773_,100.75µm
_05762_,100.59µm
u_picorv32.pcpi_rs2\[2\],100.56µm
net164,100.405µm
net357,100.26µm
_01594_,100.195µm
u_picorv32.picorv32_core.mem_rdata_q\[11\],100.06µm
net1244,100.04µm
net1193,99.895µm
_05993_,99.85µm
net251,99.8µm
u_picorv32.picorv32_core.mem_rdata_q\[7\],99.79µm
net1074,99.73µm
clknet_4_12_0_clk_i,99.62µm
net226,99.47µm
net288,99.47µm
net1493,99.46µm
net459,99.43µm
net233,99.315µm
u_picorv32.picorv32_core.reg_pc\[6\],99.29µm
net1020,99.275µm
net1191,99.145µm
_05510_,99.01µm
net3443,99µm
net1487,98.995µm
net1017,98.81µm
net1766,98.79µm
net610,98.785µm
net190,98.74µm
net1519,98.67µm
net1379,98.66µm
net530,98.65µm
u_picorv32.picorv32_core.decoded_imm_j\[10\],98.61µm
net169,98.605µm
net1656,98.605µm
_02993_,98.59µm
u_picorv32.picorv32_core.decoded_imm\[23\],98.565µm
net1534,98.565µm
_05946_,98.52µm
_02166_,98.505µm
net243,98.49µm
net702,98.45µm
_05642_,98.36µm
net330,98.23µm
net196,98.2µm
net1354,98.195µm
net283,98.12µm
_02137_,98.05µm
net1518,97.91µm
clknet_4_14_0_clk_i,97.89µm
u_picorv32.picorv32_core.alu_out\[12\],97.87µm
_05856_,97.82µm
_02823_,97.77µm
net1722,97.755µm
net443,97.71µm
net159,97.505µm
_02074_,97.325µm
net183,97.3µm
clknet_4_5_0_clk_i,97.2µm
u_picorv32.picorv32_core.instr_bne,96.98µm
_02926_,96.97µm
_05749_,96.97µm
net555,96.84µm
net1338,96.82µm
_02981_,96.68µm
net1261,96.68µm
net3441,96.65µm
net1093,96.59µm
net1390,96.575µm
_01545_,96.54µm
_05925_,96.43µm
net195,96.41µm
_05968_,96.36µm
net287,96.325µm
_02698_,96.25µm
net1014,96.2µm
net527,96.09µm
net227,96.065µm
net1207,96.03µm
_02832_,95.94µm
net197,95.935µm
net1334,95.76µm
net360,95.665µm
net228,95.555µm
net1144,95.41µm
net1778,95.4µm
net1649,95.39µm
net1395,95.385µm
_02775_,95.29µm
net154,95.2µm
net364,95.17µm
_05352_,95.16µm
u_picorv32.pcpi_rs2\[12\],95.1µm
u_picorv32.picorv32_core.count_instr\[21\],95.065µm
u_picorv32.picorv32_core.is_slli_srli_srai,94.93µm
_02325_,94.915µm
net386,94.83µm
net276,94.77µm
net1189,94.735µm
net1302,94.71µm
net1355,94.64µm
net534,94.59µm
net1701,94.59µm
_05152_,94.56µm
u_picorv32.picorv32_core.decoded_imm_j\[5\],94.53µm
u_picorv32.picorv32_core.reg_out\[11\],94.515µm
net1012,94.485µm
net355,94.47µm
net879,94.455µm
net741,94.26µm
_05725_,94.22µm
net1462,94.185µm
u_picorv32.picorv32_core.reg_out\[30\],94.17µm
net900,94.05µm
net1700,94.04µm
u_picorv32.picorv32_core.latched_rd\[1\],93.925µm
net173,93.87µm
_04193_,93.85µm
u_picorv32.picorv32_core.mem_rdata_q\[8\],93.8µm
net803,93.76µm
net175,93.64µm
net166,93.525µm
net736,93.51µm
net1293,93.45µm
net734,93.44µm
net1696,93.44µm
net104,93.385µm
_02122_,93.36µm
net1494,93.355µm
net1213,93.205µm
net213,93.14µm
net189,93.125µm
net1023,93.055µm
net581,93.03µm
net363,93.005µm
net352,92.835µm
_05776_,92.78µm
_05989_,92.77µm
net192,92.565µm
net874,92.5µm
_05658_,92.47µm
u_picorv32.picorv32_core.mem_rdata_q\[28\],92.43µm
_04109_,92.41µm
_03376_,92.325µm
_01899_,92.31µm
_05726_,92.28µm
net528,92.255µm
u_picorv32.picorv32_core.latched_is_lb,92.2µm
_05971_,92.13µm
net742,92.11µm
net1317,92.105µm
net265,92.07µm
u_picorv32.pcpi_rs2\[31\],92.055µm
clknet_4_3_0_clk_i,91.98µm
net538,91.815µm
_02331_,91.76µm
net293,91.67µm
net1530,91.61µm
net1516,91.6µm
_01832_,91.57µm
net1274,91.555µm
net1653,91.515µm
net1212,91.43µm
u_picorv32.picorv32_core.count_instr\[53\],91.375µm
_05683_,91.37µm
net1662,91.37µm
_03385_,91.245µm
net1524,91.14µm
net193,91.1µm
net1509,91.1µm
net163,91.065µm
_02474_,91.025µm
net204,90.985µm
_05748_,90.96µm
net888,90.955µm
_05920_,90.95µm
net292,90.9µm
net1297,90.895µm
u_picorv32.picorv32_core.count_instr\[39\],90.87µm
net1208,90.86µm
_02035_,90.84µm
net347,90.835µm
net1347,90.795µm
_05318_,90.73µm
_05415_,90.73µm
net1717,90.665µm
net1359,90.57µm
net223,90.545µm
net262,90.495µm
net1638,90.485µm
_05986_,90.48µm
net1195,90.42µm
net1273,90.39µm
net179,90.385µm
net1515,90.38µm
_03000_,90.37µm
net677,90.36µm
net161,90.34µm
net1363,90.29µm
_01956_,90.265µm
u_picorv32.picorv32_core.decoder_pseudo_trigger,90.24µm
net1755,90.095µm
net531,90.035µm
net1204,90.035µm
net465,89.965µm
net438,89.9µm
net1281,89.88µm
net1480,89.835µm
_05737_,89.82µm
net776,89.81µm
_05216_,89.78µm
_02617_,89.77µm
net1277,89.73µm
net247,89.685µm
net131,89.64µm
net156,89.605µm
net770,89.505µm
_02786_,89.48µm
clknet_4_8_0_clk_i,89.48µm
net1715,89.475µm
net361,89.44µm
net1333,89.3µm
net539,89.27µm
net282,89.265µm
net794,89.195µm
net1246,89.195µm
net908,89.18µm
_02147_,89.11µm
clknet_4_9_0_clk_i,89.055µm
_02064_,89.05µm
_04235_,88.98µm
u_picorv32.picorv32_core.decoded_imm\[3\],88.97µm
net259,88.965µm
net1348,88.91µm
_02904_,88.88µm
_03379_,88.82µm
u_picorv32.picorv32_core.instr_lb,88.7µm
net751,88.63µm
net289,88.6µm
net1264,88.54µm
net1780,88.525µm
_03904_,88.5µm
net1279,88.5µm
net1024,88.46µm
_02815_,88.445µm
net1152,88.375µm
net1234,88.355µm
net124,88.26µm
net1145,88.175µm
u_picorv32.picorv32_core.reg_out\[17\],88.12µm
_05956_,88.08µm
net1140,88.01µm
net222,87.965µm
net219,87.825µm
_02915_,87.78µm
net263,87.775µm
net541,87.72µm
net1659,87.645µm
u_picorv32.picorv32_core.count_cycle\[50\],87.64µm
net779,87.63µm
_02158_,87.62µm
_02089_,87.55µm
net1134,87.31µm
_04784_,87.25µm
_06017_,87.24µm
u_picorv32.picorv32_core.alu_out\[5\],87.24µm
_05987_,87.19µm
net1173,87.18µm
net216,87.04µm
_05922_,87.02µm
net1098,87.015µm
net557,86.75µm
_03099_,86.67µm
net1734,86.49µm
u_picorv32.picorv32_core.reg_out\[10\],86.475µm
_01997_,86.47µm
net778,86.47µm
_04043_,86.255µm
net1150,86.245µm
u_picorv32.picorv32_core.reg_out\[18\],86.23µm
net814,86.145µm
u_picorv32.picorv32_core.reg_out\[23\],85.795µm
net1361,85.695µm
_02258_,85.66µm
net574,85.59µm
net1387,85.56µm
net1573,85.395µm
net1714,85.28µm
net3411,85.27µm
_02998_,85.26µm
net1250,85.225µm
net1699,85.205µm
_05670_,85.2µm
u_picorv32.picorv32_core.count_instr\[16\],85.155µm
net1170,85.12µm
net1720,85.065µm
net1211,85.03µm
net864,85.01µm
net1479,85.01µm
_02382_,84.97µm
u_picorv32.picorv32_core.count_instr\[24\],84.965µm
net1490,84.94µm
net952,84.93µm
net260,84.87µm
_03842_,84.75µm
u_picorv32.picorv32_core.count_instr\[37\],84.48µm
u_picorv32.picorv32_core.count_instr\[49\],84.405µm
net177,84.385µm
net728,84.36µm
net1468,84.315µm
_06001_,84.3µm
net3422,84.3µm
_05896_,84.295µm
u_picorv32.picorv32_core.mem_do_prefetch,84.295µm
u_picorv32.picorv32_core.count_instr\[30\],84.215µm
net1182,84.155µm
net1360,84.15µm
_04459_,84.12µm
_03060_,84.065µm
net1185,84.025µm
u_picorv32.picorv32_core.count_instr\[4\],84.015µm
_04074_,83.985µm
net1661,83.825µm
net1767,83.81µm
u_picorv32.picorv32_core.reg_pc\[13\],83.725µm
net127,83.71µm
net65,83.695µm
net250,83.685µm
u_picorv32.picorv32_core.count_cycle\[32\],83.615µm
_03169_,83.605µm
u_picorv32.pcpi_rs2\[27\],83.585µm
u_picorv32.picorv32_core.reg_pc\[16\],83.495µm
net580,83.49µm
net1018,83.23µm
u_picorv32.picorv32_core.alu_out_q\[18\],83.05µm
u_picorv32.pcpi_rs1\[5\],82.885µm
_05758_,82.82µm
clknet_4_10_0_clk_i,82.8µm
u_picorv32.picorv32_core.count_instr\[9\],82.77µm
_05522_,82.75µm
net171,82.695µm
net1686,82.645µm
net904,82.64µm
u_picorv32.pcpi_rs2\[3\],82.54µm
net1683,82.53µm
net1233,82.525µm
u_picorv32.picorv32_core.reg_pc\[18\],82.43µm
_02171_,82.38µm
net1176,82.15µm
net1712,82.11µm
u_picorv32.picorv32_core.mem_do_rdata,82.04µm
_04573_,82.03µm
_01650_,81.84µm
net1175,81.835µm
u_picorv32.picorv32_core.alu_out_q\[17\],81.55µm
net1253,81.49µm
net167,81.45µm
net1731,81.385µm
net264,81.34µm
net1006,81.26µm
_02403_,81.24µm
_02183_,81.195µm
net733,81.16µm
net350,81.125µm
u_picorv32.picorv32_core.mem_rdata_q\[21\],81.12µm
u_picorv32.picorv32_core.count_instr\[8\],81.11µm
u_picorv32.picorv32_core.reg_pc\[14\],81.055µm
_02797_,80.805µm
_03673_,80.74µm
_02282_,80.66µm
net1680,80.6µm
_03268_,80.53µm
clknet_4_2_0_clk_i,80.52µm
net1528,80.445µm
u_picorv32.picorv32_core.reg_out\[0\],80.41µm
u_picorv32.picorv32_core.count_instr\[11\],80.39µm
_04166_,80.22µm
net66,80.18µm
net820,80.145µm
u_picorv32.picorv32_core.reg_pc\[15\],80.05µm
net1781,80.02µm
net936,79.95µm
net188,79.93µm
u_picorv32.picorv32_core.count_cycle\[56\],79.81µm
u_picorv32.picorv32_core.latched_is_lh,79.77µm
net668,79.73µm
_03401_,79.715µm
net916,79.65µm
u_picorv32.pcpi_rs1\[10\],79.62µm
_02178_,79.56µm
net313,79.53µm
net1742,79.495µm
net3420,79.4µm
net405,79.345µm
net417,79.28µm
net1061,79.245µm
u_picorv32.picorv32_core.alu_out_q\[12\],79.21µm
net1389,79.2µm
net788,79.065µm
net1666,78.875µm
_02916_,78.85µm
net1266,78.83µm
_03706_,78.82µm
net1358,78.79µm
_02535_,78.67µm
_02742_,78.66µm
_04380_,78.61µm
_05953_,78.6µm
net1523,78.495µm
_05139_,78.36µm
net1192,78.35µm
net3,78.31µm
_05293_,78.3µm
_02861_,78.265µm
net522,78.21µm
net1143,78.11µm
net118,78.07µm
u_picorv32.picorv32_core.mem_rdata_q\[22\],78.07µm
_05268_,78µm
net128,77.94µm
_05229_,77.89µm
u_picorv32.picorv32_core.count_instr\[10\],77.725µm
net1200,77.675µm
_05100_,77.59µm
_05591_,77.53µm
u_picorv32.picorv32_core.alu_out_q\[28\],77.52µm
_02072_,77.42µm
_05890_,77.365µm
_02997_,77.34µm
_03848_,77.23µm
_01862_,77.225µm
_05898_,77.21µm
clknet_4_1_0_clk_i,77.21µm
_01865_,77.17µm
net865,77.165µm
_05019_,77.1µm
net863,77.1µm
u_picorv32.picorv32_core.count_instr\[41\],77.065µm
_02509_,77.04µm
_01951_,76.98µm
net1306,76.95µm
net619,76.81µm
net1162,76.735µm
u_picorv32.picorv32_core.decoded_imm_j\[6\],76.73µm
net1505,76.655µm
_01861_,76.63µm
_05058_,76.62µm
u_picorv32.picorv32_core.reg_pc\[24\],76.605µm
net1337,76.48µm
clknet_4_6_0_clk_i,76.46µm
_02977_,76.45µm
net3435,76.2µm
u_picorv32.picorv32_core.count_instr\[47\],76.085µm
net3413,76.03µm
net1477,75.9µm
u_picorv32.picorv32_core.alu_out\[25\],75.78µm
_01632_,75.74µm
net3409,75.62µm
net1147,75.495µm
net290,75.475µm
u_picorv32.picorv32_core.alu_out\[17\],75.45µm
_03088_,75.305µm
net3429,75.2µm
_02247_,75.195µm
net1239,75.165µm
_04377_,75.145µm
net1271,75.125µm
net294,74.97µm
_03389_,74.89µm
_02999_,74.88µm
_05959_,74.76µm
_05531_,74.67µm
net913,74.63µm
net1740,74.63µm
_05178_,74.53µm
net1611,74.495µm
u_picorv32.picorv32_core.count_instr\[32\],74.405µm
net1357,74.4µm
net737,74.32µm
net3427,74.23µm
u_picorv32.picorv32_core.count_instr\[40\],74.175µm
_04324_,74.17µm
_05820_,74.17µm
u_picorv32.picorv32_core.count_instr\[54\],73.98µm
_02075_,73.97µm
_02462_,73.845µm
_01970_,73.82µm
_02239_,73.81µm
_03392_,73.8µm
net584,73.47µm
net686,73.45µm
net214,73.385µm
net1673,73.31µm
_01589_,73.22µm
u_picorv32.picorv32_core.instr_bge,73.21µm
u_picorv32.picorv32_core.count_instr\[51\],73.02µm
net535,72.995µm
_01991_,72.935µm
_02745_,72.91µm
_05387_,72.795µm
_05242_,72.78µm
_05475_,72.73µm
net1202,72.65µm
net558,72.595µm
net912,72.5µm
u_picorv32.picorv32_core.count_instr\[28\],72.41µm
u_picorv32.picorv32_core.mem_rdata_q\[9\],72.32µm
net1168,72.31µm
u_picorv32.picorv32_core.count_cycle\[25\],72.27µm
net1256,72.26µm
net384,72.145µm
_05657_,72.12µm
net1151,72.075µm
_01848_,72.065µm
net67,71.995µm
net711,71.955µm
u_picorv32.picorv32_core.count_instr\[22\],71.875µm
net1331,71.87µm
u_picorv32.picorv32_core.alu_out_q\[20\],71.83µm
u_picorv32.picorv32_core.count_instr\[18\],71.82µm
net939,71.77µm
_03201_,71.425µm
_02749_,71.34µm
net1663,71.24µm
u_picorv32.picorv32_core.reg_pc\[28\],71.105µm
_04653_,70.88µm
_01680_,70.86µm
net342,70.675µm
_05620_,70.645µm
_02263_,70.62µm
_02893_,70.535µm
u_picorv32.picorv32_core.count_instr\[14\],70.385µm
_00009_,70.33µm
_05991_,70.32µm
net130,70.32µm
u_picorv32.picorv32_core.alu_out_q\[29\],70.32µm
net1243,70.31µm
u_picorv32.picorv32_core.count_instr\[34\],70.27µm
_02453_,70.23µm
_05278_,70.15µm
_04236_,70.09µm
u_picorv32.picorv32_core.count_cycle\[52\],70.045µm
_04089_,69.96µm
_05778_,69.96µm
_05492_,69.9µm
_03122_,69.82µm
net116,69.79µm
_02136_,69.73µm
net1496,69.705µm
_02669_,69.68µm
net3415,69.66µm
_01618_,69.61µm
net389,69.61µm
_02173_,69.41µm
u_picorv32.picorv32_core.decoded_imm\[30\],69.365µm
_02880_,69.24µm
net3417,69.12µm
net201,69.04µm
net479,69.02µm
u_picorv32.picorv32_core.count_cycle\[21\],69.005µm
_03091_,68.83µm
net1304,68.765µm
net1156,68.57µm
net1732,68.515µm
u_picorv32.picorv32_core.count_instr\[25\],68.415µm
_02853_,68.4µm
_05507_,68.34µm
_02353_,68.18µm
_05560_,68.04µm
_05913_,68µm
u_picorv32.picorv32_core.count_instr\[19\],67.915µm
net646,67.84µm
u_picorv32.picorv32_core.instr_lw,67.705µm
net656,67.65µm
_01415_,67.57µm
u_picorv32.picorv32_core.reg_pc\[5\],67.475µm
_01968_,67.45µm
u_picorv32.picorv32_core.alu_out\[21\],67.26µm
_02985_,67.21µm
u_picorv32.picorv32_core.count_instr\[58\],67.15µm
u_picorv32.picorv32_core.instr_slli,67.095µm
net1495,66.995µm
net875,66.97µm
u_picorv32.picorv32_core.alu_out_q\[19\],66.9µm
_05348_,66.8µm
net748,66.79µm
u_picorv32.picorv32_core.alu_out\[16\],66.73µm
u_picorv32.picorv32_core.reg_pc\[8\],66.54µm
_02864_,66.49µm
_01989_,66.43µm
net1177,66.395µm
u_picorv32.picorv32_core.alu_out_q\[26\],66.36µm
net1694,66.275µm
u_picorv32.picorv32_core.reg_pc\[12\],66.205µm
net1440,66.2µm
net919,66.175µm
_03408_,66.12µm
net1323,66.075µm
_05543_,66.035µm
_02313_,65.88µm
net1675,65.845µm
net1710,65.785µm
_04984_,65.75µm
u_picorv32.picorv32_core.decoded_imm\[31\],65.65µm
_02616_,65.54µm
_05783_,65.52µm
net1367,65.43µm
u_picorv32.picorv32_core.instr_lbu,65.355µm
net897,65.33µm
net1391,65.27µm
_02804_,65.25µm
net1378,65.245µm
net1310,65.175µm
net62,65.1µm
net579,65.095µm
net761,65.02µm
u_picorv32.picorv32_core.alu_out\[3\],64.99µm
net1498,64.905µm
net1485,64.805µm
_05384_,64.8µm
net821,64.605µm
_03373_,64.595µm
_05239_,64.44µm
_02140_,64.26µm
net151,64.09µm
_03875_,64.08µm
net422,64.03µm
u_picorv32.picorv32_core.alu_out_q\[27\],63.96µm
_02007_,63.9µm
net721,63.82µm
_02928_,63.8µm
net738,63.75µm
_05112_,63.72µm
_05785_,63.72µm
u_picorv32.picorv32_core.decoded_imm\[9\],63.7µm
net942,63.7µm
u_picorv32.picorv32_core.reg_out\[7\],63.655µm
_01769_,63.64µm
_02430_,63.6µm
net1399,63.535µm
u_picorv32.picorv32_core.count_instr\[43\],63.5µm
_05786_,63.48µm
u_picorv32.picorv32_core.count_instr\[0\],63.475µm
u_picorv32.picorv32_core.reg_next_pc\[13\],63.19µm
net1068,63.18µm
net813,63.17µm
net533,63.12µm
_03844_,63.105µm
_05407_,63.02µm
u_picorv32.picorv32_core.alu_out\[20\],63µm
_03066_,62.985µm
u_picorv32.picorv32_core.alu_out\[18\],62.94µm
net923,62.875µm
net735,62.86µm
u_picorv32.picorv32_core.count_instr\[15\],62.83µm
_02506_,62.82µm
u_picorv32.picorv32_core.decoded_imm_j\[8\],62.82µm
net1382,62.765µm
net1488,62.655µm
_05533_,62.65µm
_02613_,62.625µm
u_picorv32.picorv32_core.reg_out\[20\],62.525µm
u_picorv32.picorv32_core.count_instr\[56\],62.52µm
_04939_,62.49µm
_02751_,62.47µm
net808,62.455µm
_03437_,62.43µm
_03366_,62.325µm
u_picorv32.picorv32_core.decoded_imm\[2\],62.28µm
u_picorv32.picorv32_core.instr_lh,62.225µm
net1305,62.225µm
_05761_,62.11µm
net218,62.1µm
_01736_,62.05µm
net532,61.965µm
_05479_,61.95µm
_04734_,61.93µm
_05859_,61.845µm
u_picorv32.picorv32_core.instr_bgeu,61.82µm
_03356_,61.815µm
net1525,61.705µm
net1356,61.58µm
_04643_,61.5µm
net1743,61.46µm
_02238_,61.405µm
_02819_,61.4µm
_03371_,61.4µm
_05899_,61.33µm
net1294,61.25µm
u_picorv32.picorv32_core.alu_out\[11\],61.03µm
_03380_,61.025µm
_05645_,61.02µm
net902,60.94µm
net1184,60.92µm
net1497,60.815µm
u_picorv32.picorv32_core.count_cycle\[24\],60.81µm
net105,60.79µm
_02033_,60.755µm
_01803_,60.73µm
_01586_,60.67µm
net809,60.55µm
_03435_,60.455µm
u_picorv32.picorv32_core.instr_sll,60.415µm
_01885_,60.18µm
_03175_,60.075µm
_04951_,60.055µm
_01742_,60.045µm
_05357_,60.015µm
_05109_,59.94µm
u_picorv32.picorv32_core.count_cycle\[31\],59.935µm
_03375_,59.91µm
net789,59.715µm
_01661_,59.65µm
net1044,59.65µm
_02373_,59.575µm
_05570_,59.53µm
_05108_,59.52µm
_01843_,59.49µm
_02385_,59.47µm
u_picorv32.picorv32_core.mem_rdata_q\[20\],59.455µm
net583,59.435µm
net883,59.425µm
_02833_,59.3µm
_01969_,59.245µm
_05520_,59.1µm
_04958_,58.86µm
_01883_,58.74µm
net572,58.72µm
u_picorv32.picorv32_core.count_cycle\[26\],58.705µm
_05797_,58.63µm
_05631_,58.56µm
_05639_,58.56µm
_04277_,58.495µm
net1517,58.465µm
u_picorv32.picorv32_core.count_instr\[44\],58.33µm
net536,58.195µm
_05443_,58.14µm
_05861_,58.09µm
_03515_,58.08µm
clknet_4_0_0_clk_i,58.08µm
_02132_,57.99µm
_03364_,57.94µm
_03240_,57.93µm
u_picorv32.picorv32_core.instr_sb,57.87µm
_05597_,57.85µm
_03065_,57.815µm
_05850_,57.81µm
_03601_,57.73µm
_02017_,57.7µm
_03648_,57.67µm
_04189_,57.67µm
_04659_,57.67µm
u_picorv32.picorv32_core.reg_out\[1\],57.62µm
u_picorv32.picorv32_core.reg_out\[14\],57.61µm
_03119_,57.49µm
_05221_,57.43µm
net1738,57.335µm
_02984_,57.31µm
net815,57.26µm
u_picorv32.pcpi_rs2\[25\],57.22µm
_05712_,57.01µm
net1272,56.985µm
u_picorv32.picorv32_core.count_cycle\[44\],56.96µm
u_picorv32.picorv32_core.is_compare,56.85µm
_03479_,56.715µm
_05478_,56.46µm
_04392_,56.43µm
_04524_,56.4µm
_05999_,56.4µm
net1046,56.335µm
_02179_,56.305µm
net469,56.29µm
_05668_,56.23µm
net775,56.13µm
_05928_,56.04µm
net1299,55.995µm
_04973_,55.98µm
u_picorv32.picorv32_core.reg_out\[27\],55.93µm
net1527,55.865µm
_01927_,55.645µm
_05594_,55.63µm
_02396_,55.58µm
u_picorv32.picorv32_core.mem_rdata_q\[26\],55.535µm
_02661_,55.5µm
_02665_,55.5µm
_02767_,55.485µm
u_picorv32.picorv32_core.count_instr\[29\],55.48µm
_05370_,55.4µm
_05219_,55.32µm
_02757_,55.14µm
_03412_,55.135µm
_03489_,55.125µm
u_picorv32.picorv32_core.count_cycle\[17\],55.035µm
_04739_,55.02µm
_02667_,54.96µm
_02813_,54.88µm
net823,54.87µm
net1526,54.86µm
_02261_,54.84µm
_02518_,54.84µm
u_picorv32.picorv32_core.count_cycle\[53\],54.84µm
net739,54.77µm
net1443,54.76µm
_02828_,54.75µm
net617,54.73µm
_04020_,54.72µm
net1197,54.715µm
_03350_,54.67µm
_05887_,54.66µm
_05919_,54.58µm
net385,54.565µm
net632,54.565µm
_04955_,54.54µm
_00031_,54.48µm
_02952_,54.44µm
_03619_,54.42µm
net1187,54.39µm
_05245_,54.31µm
_03745_,54.29µm
net759,54.29µm
_02492_,54.27µm
_04810_,54.25µm
_05360_,54.19µm
_01684_,54.165µm
u_picorv32.picorv32_core.instr_sw,54.15µm
_05320_,54.13µm
_04639_,54.12µm
net1303,54.07µm
_02490_,54.01µm
_01960_,53.965µm
_04950_,53.96µm
net383,53.92µm
u_picorv32.picorv32_core.reg_out\[21\],53.91µm
net1381,53.875µm
_02141_,53.775µm
_01815_,53.74µm
net1540,53.69µm
_02262_,53.65µm
_02503_,53.65µm
_03527_,53.58µm
net1164,53.44µm
_03358_,53.42µm
u_picorv32.picorv32_core.instr_bltu,53.395µm
_03396_,53.31µm
_05710_,53.28µm
_04171_,53.25µm
net628,53.205µm
net382,53.185µm
_04934_,53.16µm
_05184_,53.16µm
_01668_,53.12µm
_01801_,53.03µm
u_picorv32.picorv32_core.count_cycle\[48\],53.02µm
net1158,52.99µm
u_picorv32.picorv32_core.count_cycle\[51\],52.985µm
net582,52.955µm
_01929_,52.92µm
u_picorv32.picorv32_core.count_cycle\[19\],52.89µm
u_picorv32.picorv32_core.count_cycle\[45\],52.875µm
_00005_,52.81µm
net1377,52.785µm
net1539,52.76µm
_02231_,52.695µm
_02687_,52.655µm
u_picorv32.picorv32_core.count_instr\[2\],52.63µm
_04188_,52.62µm
_05995_,52.62µm
_02193_,52.5µm
net1301,52.475µm
_05724_,52.46µm
u_picorv32.picorv32_core.count_cycle\[22\],52.37µm
u_picorv32.picorv32_core.reg_out\[22\],52.3µm
_02191_,52.26µm
_01663_,52.2µm
_05187_,52.2µm
u_picorv32.picorv32_core.mem_rdata_q\[10\],52.1µm
_04259_,52.04µm
u_picorv32.picorv32_core.count_cycle\[29\],52.04µm
_03432_,51.97µm
net575,51.915µm
_04449_,51.91µm
net1148,51.77µm
_02857_,51.695µm
net1508,51.58µm
net1504,51.555µm
_02663_,51.55µm
_03275_,51.49µm
_01754_,51.41µm
_02460_,51.3µm
_03361_,51.26µm
_02188_,51.23µm
net878,51.18µm
_04712_,51.13µm
_02980_,51.07µm
_02001_,51µm
_05459_,50.91µm
_02290_,50.89µm
_05623_,50.89µm
_04945_,50.82µm
_05463_,50.76µm
_05186_,50.46µm
_05304_,50.17µm
_02119_,50.1µm
u_picorv32.picorv32_core.cpuregs\[29\]\[6\],50.06µm
_01867_,50.01µm
_01763_,49.99µm
net1311,49.95µm
_03357_,49.905µm
net764,49.885µm
net915,49.86µm
u_picorv32.picorv32_core.count_cycle\[54\],49.815µm
_03003_,49.8µm
u_picorv32.picorv32_core.count_instr\[33\],49.78µm
_04668_,49.69µm
net1217,49.66µm
net186,49.65µm
_01410_,49.63µm
_02289_,49.63µm
_05606_,49.43µm
_05853_,49.36µm
net1522,49.315µm
u_picorv32.picorv32_core.count_instr\[46\],49.24µm
u_picorv32.picorv32_core.count_instr\[27\],49.235µm
net699,49.225µm
_04938_,49.21µm
_02390_,49.08µm
_05871_,49.04µm
_04293_,49µm
_05554_,48.91µm
net122,48.91µm
_05617_,48.5µm
_01419_,48.49µm
_02274_,48.31µm
_05093_,48.25µm
_05846_,48.25µm
_05141_,48.24µm
u_picorv32.picorv32_core.reg_out\[9\],48.225µm
_03420_,48.205µm
_02348_,48.2µm
u_picorv32.picorv32_core.count_cycle\[12\],48.175µm
u_picorv32.picorv32_core.reg_pc\[10\],48µm
_03439_,47.91µm
_05351_,47.72µm
_03258_,47.675µm
_05084_,47.565µm
_02762_,47.46µm
_03849_,47.46µm
u_picorv32.picorv32_core.alu_out\[13\],47.46µm
_03841_,47.41µm
u_picorv32.picorv32_core.count_instr\[31\],47.34µm
_05116_,47.23µm
_01790_,47.225µm
_01756_,47.17µm
_02308_,47.17µm
_02019_,47.13µm
_01546_,47.09µm
u_picorv32.picorv32_core.decoded_rd\[3\],46.99µm
_01421_,46.92µm
_03363_,46.895µm
_01628_,46.865µm
_02037_,46.83µm
net577,46.815µm
u_picorv32.picorv32_core.decoded_imm\[1\],46.77µm
_05685_,46.74µm
_05200_,46.69µm
u_picorv32.picorv32_core.instr_srai,46.685µm
u_picorv32.picorv32_core.cpuregs\[15\]\[2\],46.565µm
net359,46.45µm
u_picorv32.picorv32_core.instr_blt,46.43µm
net1521,46.395µm
u_picorv32.picorv32_core.count_instr\[61\],46.355µm
net257,46.34µm
u_picorv32.picorv32_core.reg_out\[8\],46.33µm
_04881_,46.32µm
u_picorv32.picorv32_core.count_instr\[57\],46.245µm
net679,46.195µm
_05115_,46.15µm
u_picorv32.picorv32_core.cpuregs\[9\]\[27\],46.09µm
_04454_,46.02µm
u_picorv32.picorv32_core.alu_out_q\[13\],46.02µm
net917,46.01µm
_03153_,45.97µm
net64,45.905µm
net852,45.875µm
u_picorv32.picorv32_core.reg_out\[6\],45.79µm
_05680_,45.765µm
_04937_,45.73µm
_04974_,45.73µm
_04369_,45.72µm
_05764_,45.595µm
_02432_,45.58µm
net1332,45.49µm
u_picorv32.picorv32_core.mem_rdata_q\[16\],45.445µm
_05911_,45.31µm
_01681_,45.285µm
_03214_,45.28µm
_03697_,45.25µm
u_picorv32.picorv32_core.count_instr\[1\],45.25µm
_02754_,45.24µm
_02839_,45.21µm
_02568_,45.19µm
_05412_,45.18µm
_05045_,45.125µm
u_picorv32.picorv32_core.cpuregs\[17\]\[31\],45.105µm
net114,45.055µm
_05264_,45.01µm
net1724,44.955µm
u_picorv32.picorv32_core.cpuregs\[31\]\[8\],44.95µm
u_picorv32.picorv32_core.reg_next_pc\[26\],44.95µm
_04595_,44.89µm
u_picorv32.picorv32_core.count_instr\[23\],44.835µm
_01973_,44.83µm
net203,44.785µm
u_picorv32.picorv32_core.cpuregs\[13\]\[6\],44.78µm
u_picorv32.picorv32_core.count_cycle\[2\],44.755µm
_02771_,44.745µm
_01793_,44.74µm
u_picorv32.picorv32_core.cpuregs\[21\]\[16\],44.735µm
net712,44.66µm
_01538_,44.65µm
u_picorv32.picorv32_core.count_instr\[20\],44.65µm
_02333_,44.55µm
u_picorv32.picorv32_core.cpuregs\[31\]\[9\],44.52µm
net381,44.52µm
net42,44.48µm
net806,44.445µm
net849,44.445µm
_01836_,44.44µm
u_picorv32.picorv32_core.cpuregs\[8\]\[16\],44.435µm
u_picorv32.picorv32_core.count_cycle\[8\],44.405µm
u_picorv32.picorv32_core.cpuregs\[15\]\[9\],44.335µm
u_picorv32.picorv32_core.instr_sra,44.33µm
_05508_,44.22µm
u_picorv32.picorv32_core.is_sltiu_bltu_sltu,44.215µm
_03542_,44.16µm
_03303_,44.125µm
u_picorv32.picorv32_core.is_slti_blt_slt,44.065µm
_02212_,44.04µm
_01733_,44.025µm
net109,44.025µm
_01928_,43.995µm
_01713_,43.99µm
u_picorv32.pcpi_rs2\[22\],43.91µm
_03886_,43.82µm
u_picorv32.picorv32_core.cpuregs\[13\]\[26\],43.81µm
_04102_,43.8µm
_03518_,43.785µm
u_picorv32.picorv32_core.mem_rdata_q\[2\],43.765µm
u_picorv32.picorv32_core.count_cycle\[42\],43.75µm
_02539_,43.74µm
net1313,43.71µm
_05866_,43.695µm
_02978_,43.62µm
net791,43.595µm
_04990_,43.57µm
u_picorv32.picorv32_core.count_cycle\[49\],43.5µm
net854,43.46µm
u_picorv32.picorv32_core.count_cycle\[61\],43.43µm
u_picorv32.picorv32_core.reg_out\[5\],43.345µm
_02143_,43.33µm
_05364_,43.305µm
u_picorv32.picorv32_core.cpuregs\[10\]\[16\],43.295µm
u_picorv32.picorv32_core.count_cycle\[37\],43.255µm
_02299_,43.15µm
u_picorv32.picorv32_core.reg_out\[2\],43.15µm
_01675_,43.14µm
_04065_,43.135µm
_03130_,43.12µm
_05260_,43.02µm
u_picorv32.picorv32_core.count_instr\[35\],42.98µm
_01910_,42.955µm
_03272_,42.955µm
_05218_,42.945µm
net1536,42.93µm
_01751_,42.915µm
u_picorv32.picorv32_core.cpuregs\[1\]\[12\],42.9µm
u_picorv32.picorv32_core.reg_pc\[3\],42.86µm
_05632_,42.84µm
u_picorv32.picorv32_core.cpuregs\[29\]\[8\],42.835µm
u_picorv32.picorv32_core.count_instr\[36\],42.82µm
u_picorv32.picorv32_core.cpuregs\[26\]\[7\],42.79µm
_01394_,42.73µm
_02056_,42.72µm
_05695_,42.72µm
_04747_,42.66µm
u_picorv32.picorv32_core.cpuregs\[14\]\[18\],42.66µm
u_picorv32.picorv32_core.cpuregs\[14\]\[28\],42.63µm
u_picorv32.picorv32_core.cpuregs\[21\]\[23\],42.605µm
u_picorv32.pcpi_rs2\[0\],42.49µm
_05934_,42.48µm
_03801_,42.385µm
_02580_,42.3µm
u_picorv32.picorv32_core.count_cycle\[55\],42.295µm
_05450_,42.265µm
_05608_,42.24µm
_05780_,42.23µm
_01685_,42.13µm
_05247_,42.13µm
_04554_,42.12µm
_02207_,42.1µm
u_picorv32.picorv32_core.count_cycle\[0\],42.065µm
_02929_,42.035µm
_01785_,41.915µm
net1398,41.9µm
_05799_,41.88µm
_01981_,41.83µm
_02245_,41.795µm
_03112_,41.77µm
_05330_,41.77µm
net481,41.77µm
_04127_,41.76µm
_04959_,41.76µm
net845,41.76µm
_02444_,41.7µm
_04376_,41.7µm
_02345_,41.695µm
u_picorv32.picorv32_core.count_instr\[6\],41.65µm
_02411_,41.64µm
_05419_,41.64µm
_05292_,41.635µm
net240,41.58µm
_05483_,41.54µm
u_picorv32.picorv32_core.cpuregs\[27\]\[2\],41.53µm
_04452_,41.52µm
_02887_,41.49µm
_03440_,41.47µm
_01596_,41.43µm
u_picorv32.picorv32_core.cpuregs\[8\]\[13\],41.41µm
net862,41.37µm
u_picorv32.picorv32_core.cpuregs\[31\]\[6\],41.31µm
_01662_,41.285µm
_03747_,41.28µm
_04433_,41.23µm
u_picorv32.pcpi_rs2\[8\],41.215µm
_02759_,41.17µm
_03428_,41.165µm
net1308,41.13µm
_03325_,41.115µm
_05027_,41.1µm
_05213_,41.1µm
u_picorv32.picorv32_core.cpuregs\[2\]\[18\],41.005µm
u_picorv32.picorv32_core.cpuregs\[21\]\[14\],40.975µm
u_picorv32.picorv32_core.count_cycle\[62\],40.97µm
net578,40.945µm
net1307,40.9µm
_01807_,40.885µm
_04971_,40.86µm
_05002_,40.86µm
net1019,40.805µm
_05107_,40.8µm
_01711_,40.69µm
_05165_,40.69µm
net103,40.68µm
_01556_,40.64µm
_01619_,40.63µm
u_picorv32.picorv32_core.cpuregs\[22\]\[1\],40.54µm
u_picorv32.picorv32_core.count_cycle\[41\],40.525µm
net1437,40.515µm
_03079_,40.485µm
u_picorv32.picorv32_core.mem_wordsize\[0\],40.41µm
u_picorv32.picorv32_core.cpuregs\[13\]\[9\],40.4µm
_02878_,40.355µm
_01788_,40.35µm
u_picorv32.picorv32_core.count_instr\[5\],40.28µm
u_picorv32.picorv32_core.mem_rdata_q\[3\],40.24µm
_01958_,40.225µm
_05068_,40.21µm
u_picorv32.picorv32_core.decoder_trigger,40.21µm
_04103_,40.2µm
_04980_,40.2µm
_03332_,40.185µm
u_picorv32.picorv32_core.alu_out\[2\],40.14µm
net1670,40.14µm
net855,40.11µm
u_picorv32.picorv32_core.cpuregs\[13\]\[5\],40.045µm
_05142_,40.04µm
_05185_,40.04µm
u_picorv32.picorv32_core.cpuregs\[10\]\[25\],40.035µm
_01892_,39.98µm
_05017_,39.89µm
u_picorv32.picorv32_core.cpuregs\[21\]\[11\],39.86µm
_02808_,39.845µm
_00007_,39.84µm
_05175_,39.84µm
u_picorv32.picorv32_core.reg_out\[16\],39.79µm
net1733,39.79µm
u_picorv32.picorv32_core.cpuregs\[8\]\[20\],39.75µm
_04993_,39.73µm
_01864_,39.72µm
_04878_,39.715µm
u_picorv32.picorv32_core.cpuregs\[14\]\[3\],39.675µm
u_picorv32.picorv32_core.cpuregs\[16\]\[0\],39.675µm
_05118_,39.66µm
u_picorv32.picorv32_core.alu_out\[6\],39.6µm
u_picorv32.picorv32_core.cpuregs\[9\]\[28\],39.565µm
net112,39.525µm
u_picorv32.picorv32_core.alu_out\[8\],39.5µm
u_picorv32.picorv32_core.cpuregs\[1\]\[15\],39.49µm
_02955_,39.48µm
u_picorv32.picorv32_core.cpuregs\[6\]\[21\],39.375µm
u_picorv32.picorv32_core.cpuregs\[21\]\[27\],39.31µm
_05438_,39.24µm
u_picorv32.picorv32_core.cpuregs\[30\]\[2\],39.235µm
_03694_,39.205µm
_04104_,39.18µm
_04999_,39.18µm
_04972_,39.14µm
_03287_,39.13µm
u_picorv32.picorv32_core.cpuregs\[7\]\[29\],39.08µm
_04764_,39.07µm
u_picorv32.picorv32_core.cpuregs\[29\]\[13\],39.025µm
_05575_,39.01µm
u_picorv32.picorv32_core.reg_out\[3\],39.01µm
_05888_,38.95µm
_02943_,38.91µm
_02962_,38.89µm
u_picorv32.picorv32_core.cpuregs\[15\]\[23\],38.84µm
u_picorv32.picorv32_core.cpuregs\[9\]\[20\],38.84µm
_05096_,38.83µm
_02937_,38.82µm
u_picorv32.picorv32_core.cpuregs\[22\]\[24\],38.795µm
_04998_,38.7µm
u_picorv32.picorv32_core.instr_lhu,38.7µm
net212,38.7µm
u_picorv32.picorv32_core.cpuregs\[3\]\[0\],38.675µm
u_picorv32.picorv32_core.cpuregs\[26\]\[24\],38.65µm
u_picorv32.picorv32_core.count_cycle\[57\],38.62µm
_01817_,38.545µm
_03191_,38.54µm
u_picorv32.picorv32_core.cpuregs\[31\]\[11\],38.535µm
u_picorv32.picorv32_core.alu_out\[7\],38.53µm
_05403_,38.505µm
u_picorv32.picorv32_core.cpuregs\[29\]\[10\],38.485µm
_04605_,38.455µm
u_picorv32.picorv32_core.count_cycle\[9\],38.435µm
_01905_,38.41µm
_02454_,38.395µm
_04989_,38.35µm
u_picorv32.picorv32_core.cpuregs\[25\]\[21\],38.35µm
_03050_,38.3µm
_02151_,38.245µm
u_picorv32.picorv32_core.mem_rdata_q\[19\],38.245µm
u_picorv32.picorv32_core.cpuregs\[1\]\[31\],38.215µm
_02446_,38.2µm
u_picorv32.picorv32_core.cpuregs\[22\]\[10\],38.195µm
_01753_,38.19µm
_04737_,38.16µm
u_picorv32.picorv32_core.cpuregs\[5\]\[5\],38.115µm
u_picorv32.picorv32_core.cpuregs\[26\]\[26\],38.075µm
u_picorv32.picorv32_core.cpuregs\[6\]\[0\],38.065µm
u_picorv32.picorv32_core.cpuregs\[13\]\[3\],38.005µm
u_picorv32.picorv32_core.instr_sh,37.985µm
_02058_,37.93µm
u_picorv32.picorv32_core.count_cycle\[33\],37.87µm
u_picorv32.picorv32_core.cpuregs\[23\]\[16\],37.86µm
u_picorv32.picorv32_core.cpuregs\[26\]\[1\],37.82µm
_01714_,37.775µm
_04482_,37.77µm
_03296_,37.745µm
u_picorv32.picorv32_core.cpuregs\[22\]\[17\],37.71µm
_05344_,37.7µm
_02934_,37.695µm
_02410_,37.69µm
_05893_,37.675µm
_02987_,37.635µm
_04262_,37.63µm
_02983_,37.575µm
_05008_,37.52µm
_03671_,37.51µm
_05033_,37.45µm
u_picorv32.picorv32_core.cpuregs\[7\]\[5\],37.45µm
u_picorv32.picorv32_core.count_cycle\[36\],37.44µm
u_picorv32.picorv32_core.mem_do_rinst,37.44µm
_02964_,37.425µm
_03030_,37.405µm
_05746_,37.39µm
_05978_,37.39µm
_01939_,37.38µm
_04432_,37.32µm
u_picorv32.picorv32_core.cpuregs\[27\]\[10\],37.32µm
u_picorv32.picorv32_core.instr_sltu,37.25µm
_03485_,37.235µm
_03603_,37.21µm
u_picorv32.picorv32_core.cpuregs\[22\]\[15\],37.15µm
_01845_,37.12µm
_02721_,37.075µm
_01557_,37.05µm
u_picorv32.picorv32_core.reg_next_pc\[15\],37.03µm
u_picorv32.picorv32_core.cpuregs\[29\]\[29\],36.995µm
_04962_,36.97µm
_02559_,36.825µm
_04047_,36.78µm
u_picorv32.picorv32_core.cpuregs\[15\]\[21\],36.78µm
u_picorv32.picorv32_core.cpuregs\[4\]\[28\],36.78µm
u_picorv32.picorv32_core.cpuregs\[6\]\[14\],36.765µm
_02380_,36.74µm
_01802_,36.69µm
u_picorv32.picorv32_core.cpuregs\[28\]\[19\],36.675µm
_02447_,36.655µm
_03236_,36.645µm
u_picorv32.picorv32_core.cpuregs\[0\]\[30\],36.62µm
u_picorv32.picorv32_core.cpuregs\[6\]\[3\],36.5µm
_02614_,36.495µm
_05918_,36.49µm
u_picorv32.picorv32_core.alu_out_q\[11\],36.48µm
u_picorv32.picorv32_core.cpuregs\[15\]\[6\],36.475µm
_05087_,36.42µm
net239,36.395µm
u_picorv32.picorv32_core.cpuregs\[11\]\[30\],36.37µm
_04855_,36.36µm
net612,36.36µm
u_picorv32.picorv32_core.cpuregs\[10\]\[31\],36.34µm
_01693_,36.32µm
_05469_,36.305µm
_02979_,36.24µm
_03413_,36.235µm
u_picorv32.picorv32_core.count_cycle\[1\],36.225µm
u_picorv32.picorv32_core.cpuregs\[4\]\[11\],36.225µm
_01558_,36.2µm
_05343_,36.19µm
u_picorv32.picorv32_core.cpuregs\[17\]\[16\],36.18µm
u_picorv32.picorv32_core.cpuregs\[23\]\[4\],36.155µm
_05431_,36.13µm
_05493_,36.13µm
u_picorv32.picorv32_core.cpuregs\[25\]\[13\],36.13µm
_02032_,36.08µm
_01863_,36.07µm
_05906_,36.07µm
_01737_,36.055µm
u_picorv32.picorv32_core.cpuregs\[11\]\[24\],36.025µm
u_picorv32.picorv32_core.cpuregs\[3\]\[7\],36.01µm
u_picorv32.picorv32_core.cpuregs\[21\]\[7\],35.925µm
_05012_,35.88µm
_03128_,35.86µm
u_picorv32.picorv32_core.count_instr\[60\],35.84µm
u_picorv32.picorv32_core.cpuregs\[19\]\[17\],35.84µm
_02565_,35.83µm
u_picorv32.picorv32_core.cpuregs\[21\]\[24\],35.83µm
u_picorv32.picorv32_core.cpuregs\[7\]\[17\],35.82µm
u_picorv32.picorv32_core.cpuregs\[30\]\[7\],35.77µm
u_picorv32.picorv32_core.cpuregs\[31\]\[13\],35.77µm
_04952_,35.76µm
u_picorv32.picorv32_core.count_cycle\[4\],35.735µm
_04931_,35.72µm
_03388_,35.7µm
_02634_,35.66µm
net1691,35.66µm
_04935_,35.65µm
u_picorv32.picorv32_core.cpuregs\[5\]\[17\],35.65µm
u_picorv32.picorv32_core.cpuregs\[8\]\[1\],35.65µm
_04977_,35.64µm
net768,35.635µm
u_picorv32.picorv32_core.cpuregs\[17\]\[25\],35.625µm
_03724_,35.615µm
u_picorv32.picorv32_core.cpuregs\[27\]\[23\],35.615µm
_01975_,35.59µm
u_picorv32.picorv32_core.cpuregs\[6\]\[29\],35.59µm
_03292_,35.58µm
_03178_,35.53µm
_05209_,35.53µm
_01966_,35.525µm
u_picorv32.picorv32_core.count_instr\[45\],35.505µm
_03185_,35.465µm
u_picorv32.picorv32_core.cpuregs\[27\]\[22\],35.46µm
_03532_,35.41µm
u_picorv32.picorv32_core.cpuregs\[30\]\[22\],35.41µm
u_picorv32.picorv32_core.mem_state\[0\],35.405µm
_02387_,35.355µm
_01542_,35.35µm
_01795_,35.35µm
u_picorv32.picorv32_core.cpuregs\[1\]\[25\],35.35µm
_03286_,35.34µm
u_picorv32.picorv32_core.cpuregs\[19\]\[27\],35.315µm
u_picorv32.picorv32_core.cpuregs\[14\]\[11\],35.295µm
net766,35.29µm
_02213_,35.28µm
_05556_,35.24µm
u_picorv32.picorv32_core.count_instr\[62\],35.205µm
_05825_,35.195µm
_01552_,35.17µm
u_picorv32.picorv32_core.cpuregs\[14\]\[23\],35.17µm
_05123_,35.16µm
_03108_,35.14µm
_03355_,35.08µm
u_picorv32.picorv32_core.cpuregs\[1\]\[0\],35.065µm
u_picorv32.picorv32_core.count_cycle\[34\],35.04µm
u_picorv32.picorv32_core.count_instr\[63\],35.04µm
_04616_,34.98µm
_05476_,34.98µm
u_picorv32.picorv32_core.cpuregs\[30\]\[29\],34.93µm
u_picorv32.picorv32_core.cpuregs\[6\]\[7\],34.895µm
_02287_,34.86µm
u_picorv32.picorv32_core.cpuregs\[3\]\[9\],34.82µm
u_picorv32.picorv32_core.cpuregs\[27\]\[12\],34.815µm
_04918_,34.8µm
_04711_,34.76µm
u_picorv32.picorv32_core.cpuregs\[0\]\[7\],34.75µm
u_picorv32.picorv32_core.cpuregs\[14\]\[19\],34.75µm
u_picorv32.picorv32_core.cpuregs\[20\]\[24\],34.75µm
u_picorv32.picorv32_core.reg_next_pc\[28\],34.745µm
_00032_,34.74µm
u_picorv32.picorv32_core.cpuregs\[26\]\[9\],34.705µm
u_picorv32.picorv32_core.cpuregs\[26\]\[2\],34.7µm
u_picorv32.picorv32_core.cpuregs\[14\]\[31\],34.69µm
_05244_,34.68µm
u_picorv32.picorv32_core.cpuregs\[15\]\[24\],34.665µm
u_picorv32.picorv32_core.cpuregs\[17\]\[24\],34.64µm
u_picorv32.picorv32_core.cpuregs\[27\]\[26\],34.64µm
_05129_,34.62µm
u_picorv32.picorv32_core.cpuregs\[9\]\[6\],34.585µm
_03475_,34.57µm
_03113_,34.535µm
_01407_,34.5µm
_04979_,34.5µm
net1076,34.5µm
_04791_,34.465µm
u_picorv32.picorv32_core.cpuregs\[10\]\[27\],34.46µm
_03274_,34.455µm
net1312,34.41µm
_05056_,34.4µm
u_picorv32.picorv32_core.alu_out\[22\],34.4µm
_03242_,34.345µm
u_picorv32.picorv32_core.cpuregs\[8\]\[22\],34.28µm
u_picorv32.picorv32_core.decoded_imm\[16\],34.27µm
u_picorv32.picorv32_core.count_cycle\[23\],34.195µm
u_picorv32.picorv32_core.cpuregs\[15\]\[18\],34.195µm
u_picorv32.picorv32_core.cpuregs\[30\]\[0\],34.195µm
u_picorv32.picorv32_core.cpuregs\[10\]\[11\],34.18µm
_02428_,34.15µm
u_picorv32.picorv32_core.alu_out_q\[14\],34.14µm
u_picorv32.picorv32_core.cpuregs\[10\]\[0\],34.14µm
u_picorv32.picorv32_core.cpuregs\[22\]\[21\],34.11µm
net133,34.08µm
_04924_,34.03µm
_04107_,34.02µm
u_picorv32.picorv32_core.alu_out_q\[15\],34.02µm
u_picorv32.picorv32_core.cpuregs\[7\]\[4\],34.02µm
_01945_,33.99µm
u_picorv32.picorv32_core.cpuregs\[6\]\[11\],33.99µm
u_picorv32.picorv32_core.cpuregs\[9\]\[9\],33.99µm
u_picorv32.picorv32_core.cpuregs\[11\]\[14\],33.985µm
_02694_,33.97µm
_02910_,33.96µm
u_picorv32.picorv32_core.cpuregs\[10\]\[24\],33.925µm
_01727_,33.92µm
u_picorv32.picorv32_core.cpuregs\[26\]\[29\],33.875µm
_04313_,33.85µm
_03972_,33.84µm
_04491_,33.82µm
_04018_,33.81µm
u_picorv32.picorv32_core.cpuregs\[3\]\[5\],33.8µm
_04516_,33.78µm
u_picorv32.picorv32_core.cpuregs\[11\]\[12\],33.75µm
u_picorv32.picorv32_core.cpuregs\[27\]\[8\],33.735µm
u_picorv32.picorv32_core.cpuregs\[31\]\[4\],33.73µm
_02922_,33.72µm
_05561_,33.72µm
u_picorv32.picorv32_core.cpuregs\[22\]\[22\],33.72µm
u_picorv32.picorv32_core.cpuregs\[29\]\[31\],33.72µm
_02060_,33.7µm
u_picorv32.picorv32_core.cpuregs\[12\]\[28\],33.685µm
_04409_,33.66µm
u_picorv32.picorv32_core.count_cycle\[38\],33.63µm
u_picorv32.picorv32_core.cpuregs\[14\]\[12\],33.61µm
u_picorv32.picorv32_core.cpuregs\[5\]\[9\],33.61µm
_01613_,33.6µm
_01615_,33.6µm
_02906_,33.6µm
u_picorv32.picorv32_core.count_cycle\[11\],33.595µm
u_picorv32.picorv32_core.cpuregs\[3\]\[18\],33.57µm
u_picorv32.picorv32_core.cpuregs\[31\]\[27\],33.565µm
u_picorv32.picorv32_core.cpuregs\[7\]\[7\],33.565µm
_03360_,33.55µm
u_picorv32.picorv32_core.cpuregs\[5\]\[10\],33.55µm
u_picorv32.picorv32_core.count_cycle\[27\],33.53µm
net1362,33.53µm
u_picorv32.picorv32_core.cpuregs\[11\]\[16\],33.515µm
_02724_,33.5µm
_05373_,33.49µm
u_picorv32.picorv32_core.reg_out\[26\],33.46µm
u_picorv32.picorv32_core.reg_out\[24\],33.42µm
u_picorv32.picorv32_core.cpuregs\[17\]\[15\],33.39µm
u_picorv32.picorv32_core.cpuregs\[14\]\[2\],33.365µm
u_picorv32.picorv32_core.cpuregs\[24\]\[0\],33.345µm
u_picorv32.picorv32_core.cpuregs\[3\]\[3\],33.335µm
u_picorv32.picorv32_core.count_cycle\[5\],33.33µm
u_picorv32.picorv32_core.cpuregs\[28\]\[14\],33.325µm
u_picorv32.picorv32_core.cpuregs\[27\]\[20\],33.32µm
u_picorv32.picorv32_core.cpuregs\[8\]\[9\],33.295µm
net1314,33.295µm
u_picorv32.picorv32_core.cpuregs\[22\]\[0\],33.25µm
u_picorv32.picorv32_core.cpuregs\[25\]\[20\],33.25µm
u_picorv32.picorv32_core.cpuregs\[26\]\[31\],33.25µm
net652,33.25µm
_05120_,33.24µm
net1388,33.13µm
_03929_,33.12µm
_05065_,33.12µm
u_picorv32.picorv32_core.cpuregs\[13\]\[13\],33.115µm
_03460_,33.04µm
u_picorv32.picorv32_core.cpuregs\[5\]\[1\],33.025µm
net379,33.02µm
_05602_,33.015µm
_03486_,33.01µm
u_picorv32.picorv32_core.cpuregs\[3\]\[30\],33.01µm
u_picorv32.picorv32_core.cpuregs\[7\]\[25\],33µm
u_picorv32.picorv32_core.cpuregs\[31\]\[5\],32.975µm
_01393_,32.96µm
_05322_,32.94µm
_02702_,32.925µm
net125,32.9µm
u_picorv32.picorv32_core.cpuregs\[22\]\[14\],32.9µm
net1015,32.9µm
u_picorv32.picorv32_core.cpuregs\[25\]\[25\],32.89µm
u_picorv32.picorv32_core.cpuregs\[25\]\[8\],32.89µm
u_picorv32.picorv32_core.cpuregs\[29\]\[30\],32.875µm
_02329_,32.86µm
u_picorv32.picorv32_core.cpuregs\[30\]\[25\],32.845µm
u_picorv32.picorv32_core.cpuregs\[26\]\[14\],32.84µm
u_picorv32.picorv32_core.cpuregs\[12\]\[25\],32.83µm
_04828_,32.82µm
u_picorv32.picorv32_core.cpuregs\[2\]\[3\],32.82µm
u_picorv32.picorv32_core.cpuregs\[16\]\[11\],32.815µm
_05755_,32.8µm
_03814_,32.77µm
u_picorv32.picorv32_core.cpuregs\[22\]\[25\],32.77µm
u_picorv32.picorv32_core.count_cycle\[63\],32.74µm
_02086_,32.725µm
u_picorv32.picorv32_core.cpuregs\[6\]\[15\],32.675µm
u_picorv32.picorv32_core.count_instr\[59\],32.66µm
u_picorv32.picorv32_core.cpuregs\[10\]\[5\],32.66µm
u_picorv32.picorv32_core.cpuregs\[13\]\[2\],32.66µm
u_picorv32.picorv32_core.cpuregs\[24\]\[14\],32.66µm
_04744_,32.655µm
net1577,32.655µm
_05272_,32.64µm
net388,32.635µm
_05349_,32.595µm
_02306_,32.58µm
_05051_,32.58µm
u_picorv32.picorv32_core.cpuregs\[29\]\[11\],32.555µm
_01643_,32.54µm
u_picorv32.picorv32_core.cpuregs\[3\]\[4\],32.54µm
_05798_,32.53µm
u_picorv32.picorv32_core.cpuregs\[27\]\[14\],32.53µm
u_picorv32.picorv32_core.cpuregs\[17\]\[2\],32.495µm
u_picorv32.picorv32_core.cpuregs\[9\]\[25\],32.485µm
_03074_,32.47µm
_03349_,32.47µm
u_picorv32.picorv32_core.cpuregs\[14\]\[4\],32.47µm
u_picorv32.picorv32_core.cpuregs\[10\]\[4\],32.445µm
_02761_,32.41µm
u_picorv32.picorv32_core.cpuregs\[7\]\[20\],32.375µm
_05111_,32.36µm
u_picorv32.picorv32_core.cpuregs\[16\]\[17\],32.36µm
_05013_,32.35µm
u_picorv32.picorv32_core.count_instr\[50\],32.35µm
_05283_,32.34µm
u_picorv32.picorv32_core.cpuregs\[20\]\[26\],32.34µm
_01779_,32.325µm
u_picorv32.picorv32_core.cpuregs\[12\]\[26\],32.29µm
u_picorv32.picorv32_core.cpuregs\[7\]\[14\],32.275µm
u_picorv32.picorv32_core.cpuregs\[28\]\[9\],32.25µm
u_picorv32.picorv32_core.cpuregs\[23\]\[29\],32.24µm
_01823_,32.23µm
_04254_,32.23µm
_03467_,32.205µm
u_picorv32.picorv32_core.count_instr\[12\],32.2µm
u_picorv32.picorv32_core.cpuregs\[24\]\[5\],32.2µm
net763,32.2µm
u_picorv32.picorv32_core.cpuregs\[16\]\[1\],32.185µm
u_picorv32.picorv32_core.cpuregs\[23\]\[30\],32.185µm
u_picorv32.picorv32_core.cpuregs\[15\]\[17\],32.175µm
_04679_,32.17µm
u_picorv32.picorv32_core.cpuregs\[7\]\[28\],32.17µm
u_picorv32.picorv32_core.cpuregs\[14\]\[8\],32.13µm
u_picorv32.picorv32_core.cpuregs\[11\]\[9\],32.12µm
_00008_,32.11µm
u_picorv32.picorv32_core.cpuregs\[7\]\[9\],32.09µm
u_picorv32.picorv32_core.cpuregs\[27\]\[6\],32.075µm
u_picorv32.picorv32_core.cpuregs\[1\]\[5\],32.065µm
_02485_,32.05µm
u_picorv32.picorv32_core.cpuregs\[31\]\[12\],32.05µm
net1747,32.05µm
_04084_,32.04µm
u_picorv32.picorv32_core.decoded_imm\[21\],32.015µm
u_picorv32.picorv32_core.cpuregs\[28\]\[11\],32.005µm
u_picorv32.picorv32_core.cpuregs\[9\]\[5\],32.005µm
u_picorv32.picorv32_core.cpuregs\[12\]\[15\],31.995µm
u_picorv32.picorv32_core.cpuregs\[11\]\[19\],31.99µm
u_picorv32.picorv32_core.cpuregs\[20\]\[0\],31.985µm
u_picorv32.picorv32_core.cpuregs\[23\]\[31\],31.985µm
u_picorv32.picorv32_core.count_cycle\[15\],31.975µm
_05518_,31.965µm
u_picorv32.picorv32_core.cpuregs\[14\]\[27\],31.955µm
u_picorv32.picorv32_core.cpuregs\[26\]\[12\],31.94µm
_04375_,31.93µm
_05134_,31.93µm
_05694_,31.93µm
_03551_,31.92µm
u_picorv32.picorv32_core.cpuregs\[16\]\[28\],31.915µm
_04967_,31.88µm
_05760_,31.87µm
u_picorv32.picorv32_core.cpuregs\[2\]\[15\],31.87µm
_02733_,31.86µm
_04667_,31.86µm
u_picorv32.picorv32_core.count_cycle\[6\],31.845µm
u_picorv32.picorv32_core.cpuregs\[28\]\[22\],31.84µm
_02897_,31.81µm
u_picorv32.picorv32_core.cpuregs\[9\]\[22\],31.81µm
_04037_,31.8µm
_04057_,31.8µm
_04083_,31.8µm
u_picorv32.picorv32_core.cpuregs\[4\]\[24\],31.79µm
u_picorv32.picorv32_core.cpuregs\[21\]\[0\],31.785µm
u_picorv32.picorv32_core.cpuregs\[20\]\[19\],31.775µm
u_picorv32.picorv32_core.cpuregs\[23\]\[3\],31.775µm
u_picorv32.picorv32_core.cpuregs\[10\]\[17\],31.76µm
u_picorv32.picorv32_core.cpuregs\[23\]\[15\],31.75µm
u_picorv32.picorv32_core.cpuregs\[15\]\[15\],31.745µm
_04118_,31.74µm
_02242_,31.7µm
u_picorv32.picorv32_core.cpuregs\[13\]\[15\],31.7µm
u_picorv32.picorv32_core.cpuregs\[4\]\[17\],31.7µm
_05195_,31.69µm
_02368_,31.675µm
_02482_,31.66µm
_02523_,31.65µm
u_picorv32.picorv32_core.cpuregs\[24\]\[13\],31.64µm
u_picorv32.picorv32_core.cpuregs\[31\]\[3\],31.64µm
_05346_,31.63µm
u_picorv32.picorv32_core.cpuregs\[12\]\[9\],31.63µm
_05189_,31.62µm
u_picorv32.picorv32_core.cpuregs\[12\]\[21\],31.62µm
_03062_,31.585µm
u_picorv32.picorv32_core.cpuregs\[5\]\[13\],31.58µm
_04922_,31.575µm
_05137_,31.555µm
u_picorv32.picorv32_core.cpuregs\[31\]\[7\],31.525µm
_02084_,31.515µm
_01555_,31.51µm
u_picorv32.picorv32_core.instr_sltiu,31.51µm
u_picorv32.picorv32_core.cpuregs\[24\]\[25\],31.495µm
_03031_,31.48µm
net211,31.45µm
u_picorv32.picorv32_core.cpuregs\[24\]\[2\],31.415µm
_05163_,31.4µm
u_picorv32.picorv32_core.cpuregs\[3\]\[15\],31.4µm
_05865_,31.39µm
u_picorv32.picorv32_core.cpuregs\[28\]\[20\],31.39µm
u_picorv32.picorv32_core.cpuregs\[6\]\[4\],31.39µm
_03729_,31.38µm
_04806_,31.38µm
u_picorv32.picorv32_core.cpuregs\[26\]\[11\],31.38µm
u_picorv32.picorv32_core.count_cycle\[13\],31.375µm
u_picorv32.picorv32_core.cpuregs\[5\]\[14\],31.375µm
_05917_,31.365µm
_05466_,31.36µm
u_picorv32.picorv32_core.cpuregs\[23\]\[2\],31.34µm
u_picorv32.picorv32_core.cpuregs\[25\]\[5\],31.34µm
_01726_,31.33µm
u_picorv32.picorv32_core.cpuregs\[29\]\[21\],31.325µm
u_picorv32.picorv32_core.cpuregs\[15\]\[8\],31.315µm
net1520,31.295µm
u_picorv32.picorv32_core.cpuregs\[7\]\[0\],31.29µm
u_picorv32.picorv32_core.cpuregs\[3\]\[26\],31.285µm
u_picorv32.picorv32_core.cpuregs\[6\]\[24\],31.285µm
net1433,31.27µm
net1450,31.27µm
_03047_,31.225µm
u_picorv32.picorv32_core.cpuregs\[11\]\[10\],31.22µm
u_picorv32.picorv32_core.cpuregs\[5\]\[24\],31.22µm
u_picorv32.picorv32_core.cpuregs\[17\]\[11\],31.2µm
u_picorv32.picorv32_core.cpuregs\[1\]\[27\],31.185µm
_03057_,31.18µm
u_picorv32.picorv32_core.cpuregs\[29\]\[17\],31.15µm
u_picorv32.picorv32_core.cpuregs\[12\]\[30\],31.11µm
u_picorv32.picorv32_core.cpuregs\[22\]\[8\],31.09µm
u_picorv32.picorv32_core.cpuregs\[20\]\[21\],31.045µm
u_picorv32.picorv32_core.cpuregs\[13\]\[11\],31.04µm
u_picorv32.picorv32_core.cpuregs\[19\]\[7\],31.04µm
u_picorv32.picorv32_core.cpuregs\[2\]\[14\],31.03µm
u_picorv32.picorv32_core.cpuregs\[8\]\[23\],30.98µm
_05067_,30.97µm
u_picorv32.picorv32_core.reg_out\[31\],30.97µm
u_picorv32.picorv32_core.cpuregs\[1\]\[21\],30.965µm
u_picorv32.picorv32_core.cpuregs\[27\]\[25\],30.96µm
u_picorv32.picorv32_core.cpuregs\[21\]\[25\],30.955µm
u_picorv32.picorv32_core.cpuregs\[13\]\[4\],30.925µm
_01549_,30.92µm
_02169_,30.92µm
_05314_,30.92µm
u_picorv32.picorv32_core.cpuregs\[14\]\[14\],30.92µm
_04673_,30.9µm
u_picorv32.picorv32_core.cpuregs\[21\]\[1\],30.86µm
_05167_,30.85µm
u_picorv32.picorv32_core.cpuregs\[18\]\[14\],30.825µm
u_picorv32.picorv32_core.cpuregs\[8\]\[26\],30.815µm
_04124_,30.79µm
u_picorv32.picorv32_core.cpuregs\[29\]\[26\],30.79µm
_02976_,30.78µm
u_picorv32.picorv32_core.cpuregs\[9\]\[3\],30.745µm
u_picorv32.picorv32_core.cpuregs\[31\]\[21\],30.74µm
_03059_,30.735µm
u_picorv32.picorv32_core.cpuregs\[8\]\[10\],30.735µm
u_picorv32.picorv32_core.cpuregs\[23\]\[0\],30.695µm
u_picorv32.picorv32_core.cpuregs\[11\]\[0\],30.67µm
u_picorv32.picorv32_core.cpuregs\[19\]\[23\],30.67µm
u_picorv32.picorv32_core.cpuregs\[0\]\[5\],30.66µm
_04677_,30.655µm
u_picorv32.picorv32_core.cpuregs\[4\]\[14\],30.63µm
_05587_,30.62µm
u_picorv32.picorv32_core.cpuregs\[0\]\[14\],30.62µm
u_picorv32.picorv32_core.count_cycle\[40\],30.61µm
u_picorv32.picorv32_core.cpuregs\[16\]\[23\],30.61µm
u_picorv32.picorv32_core.cpuregs\[17\]\[22\],30.61µm
u_picorv32.picorv32_core.cpuregs\[9\]\[23\],30.61µm
u_picorv32.picorv32_core.cpuregs\[22\]\[4\],30.6µm
u_picorv32.picorv32_core.cpuregs\[25\]\[17\],30.56µm
_01351_,30.55µm
u_picorv32.picorv32_core.cpuregs\[16\]\[14\],30.535µm
u_picorv32.picorv32_core.cpuregs\[9\]\[15\],30.52µm
_04387_,30.5µm
u_picorv32.picorv32_core.cpuregs\[2\]\[0\],30.5µm
u_picorv32.picorv32_core.cpuregs\[3\]\[25\],30.495µm
_04920_,30.49µm
u_picorv32.picorv32_core.cpuregs\[25\]\[15\],30.49µm
u_picorv32.picorv32_core.count_cycle\[43\],30.455µm
_03329_,30.44µm
_05224_,30.43µm
_05232_,30.43µm
u_picorv32.picorv32_core.cpuregs\[14\]\[24\],30.43µm
u_picorv32.picorv32_core.cpuregs\[1\]\[6\],30.43µm
_02022_,30.4µm
_01730_,30.38µm
u_picorv32.picorv32_core.instr_srli,30.37µm
u_picorv32.picorv32_core.cpuregs\[27\]\[17\],30.365µm
_04437_,30.36µm
u_picorv32.picorv32_core.cpuregs\[8\]\[21\],30.36µm
u_picorv32.picorv32_core.cpuregs\[29\]\[9\],30.32µm
_03719_,30.31µm
u_picorv32.picorv32_core.count_instr\[13\],30.31µm
_05568_,30.3µm
net344,30.3µm
_03817_,30.275µm
_02425_,30.25µm
_02927_,30.25µm
_03693_,30.24µm
_05145_,30.24µm
u_picorv32.picorv32_core.cpuregs\[15\]\[27\],30.24µm
u_picorv32.picorv32_core.cpuregs\[15\]\[12\],30.22µm
u_picorv32.picorv32_core.cpuregs\[20\]\[23\],30.21µm
_03304_,30.205µm
u_picorv32.picorv32_core.cpuregs\[12\]\[14\],30.2µm
_01770_,30.195µm
_03335_,30.19µm
_01541_,30.175µm
u_picorv32.picorv32_core.cpuregs\[16\]\[19\],30.135µm
u_picorv32.picorv32_core.cpuregs\[31\]\[30\],30.13µm
u_picorv32.picorv32_core.cpuregs\[19\]\[9\],30.12µm
u_picorv32.picorv32_core.reg_next_pc\[23\],30.115µm
u_picorv32.picorv32_core.cpuregs\[15\]\[25\],30.105µm
_03172_,30.08µm
u_picorv32.picorv32_core.cpuregs\[30\]\[27\],30.07µm
_01957_,30.055µm
_03434_,30.055µm
u_picorv32.picorv32_core.cpuregs\[27\]\[11\],30.05µm
u_picorv32.picorv32_core.cpuregs\[14\]\[22\],30.005µm
_02175_,29.995µm
u_picorv32.picorv32_core.cpuregs\[28\]\[23\],29.99µm
u_picorv32.picorv32_core.cpuregs\[13\]\[19\],29.98µm
u_picorv32.picorv32_core.cpuregs\[23\]\[13\],29.965µm
u_picorv32.picorv32_core.cpuregs\[14\]\[17\],29.96µm
u_picorv32.picorv32_core.cpuregs\[9\]\[14\],29.96µm
_05196_,29.95µm
_04315_,29.94µm
_05927_,29.94µm
_01540_,29.92µm
u_picorv32.picorv32_core.cpuregs\[10\]\[20\],29.905µm
u_picorv32.picorv32_core.cpuregs\[28\]\[30\],29.905µm
u_picorv32.picorv32_core.cpuregs\[11\]\[20\],29.9µm
u_picorv32.picorv32_core.cpuregs\[16\]\[9\],29.9µm
u_picorv32.picorv32_core.cpuregs\[26\]\[19\],29.89µm
_01671_,29.88µm
u_picorv32.picorv32_core.cpuregs\[22\]\[30\],29.88µm
_01620_,29.86µm
_05316_,29.85µm
u_picorv32.picorv32_core.reg_out\[28\],29.85µm
_03129_,29.84µm
_05161_,29.84µm
u_picorv32.picorv32_core.cpuregs\[17\]\[7\],29.83µm
u_picorv32.picorv32_core.cpuregs\[2\]\[13\],29.83µm
net911,29.83µm
_01953_,29.82µm
u_picorv32.picorv32_core.cpuregs\[18\]\[30\],29.785µm
u_picorv32.picorv32_core.cpuregs\[27\]\[30\],29.785µm
u_picorv32.picorv32_core.cpuregs\[2\]\[5\],29.775µm
_04322_,29.77µm
u_picorv32.picorv32_core.cpuregs\[21\]\[4\],29.77µm
u_picorv32.picorv32_core.cpuregs\[27\]\[18\],29.77µm
u_picorv32.picorv32_core.cpuregs\[29\]\[28\],29.77µm
_05015_,29.7µm
u_picorv32.picorv32_core.cpuregs\[0\]\[6\],29.7µm
u_picorv32.picorv32_core.cpuregs\[30\]\[13\],29.7µm
_03421_,29.695µm
u_picorv32.picorv32_core.cpuregs\[9\]\[26\],29.69µm
_01717_,29.67µm
u_picorv32.picorv32_core.cpuregs\[19\]\[0\],29.64µm
_04184_,29.635µm
u_picorv32.picorv32_core.cpuregs\[20\]\[11\],29.63µm
u_picorv32.picorv32_core.cpuregs\[10\]\[23\],29.59µm
u_picorv32.picorv32_core.cpuregs\[3\]\[14\],29.59µm
_05154_,29.58µm
u_picorv32.picorv32_core.cpuregs\[23\]\[20\],29.575µm
u_picorv32.picorv32_core.instr_add,29.575µm
_02695_,29.565µm
u_picorv32.picorv32_core.cpuregs\[25\]\[3\],29.555µm
u_picorv32.picorv32_core.cpuregs\[13\]\[18\],29.545µm
u_picorv32.picorv32_core.cpuregs\[12\]\[23\],29.54µm
u_picorv32.picorv32_core.cpuregs\[2\]\[28\],29.54µm
_02690_,29.53µm
_05262_,29.53µm
u_picorv32.picorv32_core.cpuregs\[27\]\[13\],29.53µm
u_picorv32.picorv32_core.cpuregs\[31\]\[0\],29.53µm
u_picorv32.picorv32_core.cpuregs\[6\]\[27\],29.53µm
u_picorv32.picorv32_core.cpuregs\[9\]\[21\],29.53µm
u_picorv32.picorv32_core.cpuregs\[26\]\[21\],29.525µm
_04658_,29.52µm
_01408_,29.515µm
u_picorv32.picorv32_core.cpuregs\[23\]\[26\],29.51µm
u_picorv32.picorv32_core.cpuregs\[12\]\[8\],29.485µm
_02295_,29.48µm
u_picorv32.picorv32_core.count_cycle\[20\],29.48µm
u_picorv32.picorv32_core.cpuregs\[24\]\[26\],29.48µm
_05094_,29.47µm
u_picorv32.picorv32_core.cpuregs\[6\]\[20\],29.47µm
_04725_,29.46µm
net602,29.46µm
u_picorv32.picorv32_core.cpuregs\[11\]\[17\],29.435µm
u_picorv32.picorv32_core.count_cycle\[3\],29.43µm
_02167_,29.41µm
_02584_,29.41µm
_04168_,29.41µm
u_picorv32.picorv32_core.cpuregs\[22\]\[29\],29.395µm
u_picorv32.picorv32_core.cpuregs\[3\]\[8\],29.385µm
u_picorv32.picorv32_core.cpuregs\[26\]\[22\],29.365µm
u_picorv32.picorv32_core.cpuregs\[29\]\[12\],29.365µm
u_picorv32.picorv32_core.cpuregs\[27\]\[1\],29.35µm
u_picorv32.picorv32_core.cpuregs\[4\]\[10\],29.34µm
u_picorv32.picorv32_core.cpuregs\[6\]\[19\],29.315µm
u_picorv32.picorv32_core.count_cycle\[46\],29.305µm
_02106_,29.3µm
_04081_,29.29µm
_05050_,29.29µm
net215,29.29µm
net688,29.28µm
u_picorv32.picorv32_core.cpuregs\[22\]\[7\],29.255µm
u_picorv32.picorv32_core.cpuregs\[4\]\[4\],29.255µm
u_picorv32.picorv32_core.cpuregs\[11\]\[15\],29.25µm
_04464_,29.24µm
u_picorv32.picorv32_core.cpuregs\[11\]\[26\],29.23µm
u_picorv32.picorv32_core.cpuregs\[27\]\[3\],29.195µm
u_picorv32.picorv32_core.cpuregs\[23\]\[7\],29.19µm
u_picorv32.picorv32_core.cpuregs\[31\]\[16\],29.18µm
_04645_,29.17µm
u_picorv32.picorv32_core.cpuregs\[5\]\[19\],29.17µm
u_picorv32.picorv32_core.cpuregs\[6\]\[31\],29.155µm
u_picorv32.picorv32_core.cpuregs\[15\]\[4\],29.135µm
u_picorv32.picorv32_core.cpuregs\[8\]\[24\],29.095µm
u_picorv32.picorv32_core.count_instr\[3\],29.09µm
u_picorv32.picorv32_core.cpuregs\[30\]\[1\],29.09µm
u_picorv32.picorv32_core.alu_out\[9\],29.06µm
_01614_,29.05µm
_03749_,29.05µm
u_picorv32.picorv32_core.cpuregs\[27\]\[24\],29.05µm
u_picorv32.picorv32_core.cpuregs\[1\]\[23\],29.045µm
u_picorv32.picorv32_core.cpuregs\[6\]\[25\],29.04µm
u_picorv32.picorv32_core.decoded_imm_j\[4\],29.04µm
u_picorv32.picorv32_core.cpuregs\[14\]\[5\],29.02µm
u_picorv32.picorv32_core.cpu_state\[0\],29.015µm
u_picorv32.picorv32_core.cpuregs\[8\]\[28\],29µm
_04247_,28.98µm
_01812_,28.965µm
u_picorv32.picorv32_core.cpuregs\[5\]\[27\],28.965µm
_05253_,28.93µm
_05840_,28.93µm
u_picorv32.picorv32_core.cpuregs\[3\]\[2\],28.93µm
u_picorv32.picorv32_core.cpuregs\[11\]\[23\],28.92µm
u_picorv32.picorv32_core.cpuregs\[17\]\[12\],28.915µm
u_picorv32.picorv32_core.cpuregs\[11\]\[28\],28.895µm
u_picorv32.picorv32_core.cpuregs\[14\]\[26\],28.885µm
u_picorv32.picorv32_core.cpuregs\[8\]\[29\],28.885µm
net120,28.88µm
_02196_,28.84µm
u_picorv32.picorv32_core.cpuregs\[25\]\[12\],28.835µm
u_picorv32.picorv32_core.cpuregs\[22\]\[27\],28.825µm
u_picorv32.picorv32_core.cpuregs\[2\]\[2\],28.825µm
_05144_,28.81µm
u_picorv32.picorv32_core.cpuregs\[15\]\[20\],28.81µm
_05341_,28.8µm
u_picorv32.picorv32_core.cpuregs\[0\]\[28\],28.8µm
_02448_,28.78µm
_04719_,28.77µm
u_picorv32.picorv32_core.cpuregs\[1\]\[16\],28.77µm
u_picorv32.picorv32_core.count_cycle\[58\],28.76µm
u_picorv32.picorv32_core.cpuregs\[10\]\[8\],28.755µm
_04849_,28.75µm
_05102_,28.75µm
u_picorv32.picorv32_core.cpuregs\[30\]\[12\],28.75µm
u_picorv32.picorv32_core.cpuregs\[8\]\[14\],28.715µm
_02115_,28.69µm
u_picorv32.picorv32_core.cpuregs\[26\]\[10\],28.69µm
_05381_,28.675µm
u_picorv32.picorv32_core.cpuregs\[23\]\[8\],28.665µm
u_picorv32.picorv32_core.cpuregs\[5\]\[31\],28.65µm
_05714_,28.635µm
u_picorv32.picorv32_core.cpuregs\[17\]\[28\],28.635µm
_01994_,28.63µm
u_picorv32.picorv32_core.cpuregs\[19\]\[26\],28.62µm
u_picorv32.picorv32_core.cpuregs\[29\]\[14\],28.585µm
u_picorv32.picorv32_core.cpuregs\[31\]\[19\],28.57µm
u_picorv32.picorv32_core.cpuregs\[3\]\[27\],28.57µm
u_picorv32.picorv32_core.cpuregs\[15\]\[13\],28.565µm
u_picorv32.picorv32_core.cpuregs\[28\]\[8\],28.565µm
u_picorv32.picorv32_core.cpuregs\[14\]\[7\],28.555µm
u_picorv32.picorv32_core.cpuregs\[6\]\[5\],28.555µm
u_picorv32.picorv32_core.cpuregs\[19\]\[21\],28.545µm
_03205_,28.53µm
_01678_,28.52µm
_05612_,28.515µm
u_picorv32.picorv32_core.cpuregs\[11\]\[6\],28.51µm
u_picorv32.picorv32_core.cpuregs\[16\]\[10\],28.51µm
u_picorv32.picorv32_core.cpuregs\[19\]\[20\],28.51µm
u_picorv32.picorv32_core.cpuregs\[23\]\[10\],28.51µm
u_picorv32.picorv32_core.cpuregs\[9\]\[13\],28.51µm
_04728_,28.5µm
u_picorv32.picorv32_core.cpuregs\[15\]\[31\],28.495µm
u_picorv32.picorv32_core.cpuregs\[23\]\[28\],28.495µm
_02876_,28.465µm
u_picorv32.picorv32_core.cpuregs\[15\]\[5\],28.455µm
u_picorv32.picorv32_core.cpuregs\[0\]\[16\],28.45µm
u_picorv32.picorv32_core.cpuregs\[25\]\[19\],28.45µm
u_picorv32.picorv32_core.cpuregs\[4\]\[21\],28.45µm
u_picorv32.picorv32_core.cpuregs\[6\]\[28\],28.44µm
u_picorv32.picorv32_core.cpuregs\[20\]\[6\],28.435µm
_02966_,28.42µm
_01551_,28.41µm
u_picorv32.picorv32_core.cpuregs\[13\]\[30\],28.4µm
_03381_,28.39µm
u_picorv32.picorv32_core.alu_out_q\[6\],28.39µm
u_picorv32.picorv32_core.cpuregs\[31\]\[26\],28.39µm
_01423_,28.385µm
_05429_,28.38µm
_05536_,28.38µm
u_picorv32.picorv32_core.cpuregs\[14\]\[30\],28.375µm
u_picorv32.picorv32_core.cpuregs\[30\]\[8\],28.355µm
_03610_,28.35µm
u_picorv32.picorv32_core.cpuregs\[11\]\[4\],28.34µm
u_picorv32.picorv32_core.cpuregs\[27\]\[16\],28.34µm
_04946_,28.33µm
u_picorv32.picorv32_core.cpuregs\[1\]\[1\],28.33µm
u_picorv32.picorv32_core.cpuregs\[22\]\[19\],28.33µm
u_picorv32.picorv32_core.cpuregs\[9\]\[30\],28.32µm
_03664_,28.3µm
u_picorv32.picorv32_core.cpuregs\[6\]\[2\],28.29µm
_02569_,28.28µm
_05205_,28.26µm
u_picorv32.picorv32_core.cpuregs\[22\]\[20\],28.235µm
_02968_,28.22µm
_01781_,28.21µm
_02570_,28.2µm
u_picorv32.picorv32_core.cpuregs\[1\]\[17\],28.2µm
_02065_,28.195µm
_04123_,28.195µm
u_picorv32.picorv32_core.cpuregs\[6\]\[17\],28.195µm
u_picorv32.picorv32_core.cpuregs\[11\]\[3\],28.185µm
u_picorv32.picorv32_core.cpuregs\[18\]\[21\],28.185µm
u_picorv32.picorv32_core.cpuregs\[17\]\[8\],28.16µm
_05878_,28.15µm
u_picorv32.picorv32_core.cpuregs\[22\]\[9\],28.15µm
u_picorv32.picorv32_core.cpuregs\[30\]\[26\],28.15µm
_03843_,28.14µm
_02528_,28.125µm
u_picorv32.picorv32_core.cpuregs\[2\]\[19\],28.125µm
u_picorv32.picorv32_core.cpuregs\[29\]\[16\],28.12µm
u_picorv32.picorv32_core.cpuregs\[6\]\[22\],28.1µm
_04715_,28.09µm
u_picorv32.picorv32_core.cpuregs\[13\]\[29\],28.09µm
u_picorv32.picorv32_core.cpuregs\[22\]\[16\],28.09µm
u_picorv32.picorv32_core.cpuregs\[4\]\[31\],28.09µm
_05287_,28.08µm
u_picorv32.picorv32_core.cpuregs\[3\]\[17\],28.075µm
_03051_,28.065µm
_05397_,28.06µm
u_picorv32.picorv32_core.cpuregs\[6\]\[18\],28.045µm
u_picorv32.picorv32_core.cpuregs\[5\]\[16\],28.04µm
_05070_,28.03µm
u_picorv32.picorv32_core.cpuregs\[16\]\[29\],28.03µm
u_picorv32.picorv32_core.cpuregs\[0\]\[24\],28.015µm
u_picorv32.picorv32_core.cpuregs\[1\]\[2\],27.985µm
u_picorv32.picorv32_core.cpuregs\[24\]\[28\],27.98µm
u_picorv32.picorv32_core.cpuregs\[2\]\[10\],27.98µm
net1309,27.975µm
net387,27.97µm
_05054_,27.96µm
u_picorv32.picorv32_core.cpuregs\[23\]\[11\],27.955µm
u_picorv32.picorv32_core.cpuregs\[10\]\[7\],27.925µm
_02854_,27.92µm
u_picorv32.picorv32_core.cpuregs\[17\]\[5\],27.92µm
u_picorv32.picorv32_core.cpuregs\[19\]\[10\],27.92µm
u_picorv32.picorv32_core.cpuregs\[16\]\[4\],27.91µm
u_picorv32.picorv32_core.cpuregs\[20\]\[7\],27.91µm
u_picorv32.picorv32_core.cpuregs\[25\]\[24\],27.91µm
u_picorv32.picorv32_core.cpuregs\[28\]\[31\],27.91µm
u_picorv32.picorv32_core.reg_pc\[2\],27.91µm
u_picorv32.picorv32_core.cpuregs\[8\]\[0\],27.895µm
u_picorv32.picorv32_core.cpuregs\[25\]\[14\],27.885µm
u_picorv32.picorv32_core.cpuregs\[25\]\[26\],27.875µm
u_picorv32.picorv32_core.cpuregs\[11\]\[13\],27.86µm
u_picorv32.picorv32_core.cpuregs\[14\]\[0\],27.86µm
u_picorv32.picorv32_core.cpuregs\[27\]\[9\],27.86µm
_05072_,27.85µm
_05654_,27.85µm
u_picorv32.picorv32_core.cpuregs\[14\]\[29\],27.85µm
u_picorv32.picorv32_core.cpuregs\[30\]\[23\],27.85µm
_03629_,27.825µm
u_picorv32.picorv32_core.cpuregs\[20\]\[28\],27.82µm
u_picorv32.picorv32_core.cpuregs\[11\]\[2\],27.815µm
u_picorv32.picorv32_core.cpuregs\[18\]\[26\],27.81µm
u_picorv32.picorv32_core.cpuregs\[21\]\[31\],27.81µm
_04283_,27.8µm
u_picorv32.picorv32_core.cpuregs\[15\]\[14\],27.79µm
_03302_,27.78µm
u_picorv32.picorv32_core.decoded_rd\[4\],27.76µm
_02326_,27.72µm
_03586_,27.72µm
u_picorv32.picorv32_core.cpuregs\[27\]\[28\],27.7µm
u_picorv32.picorv32_core.cpuregs\[11\]\[25\],27.67µm
u_picorv32.picorv32_core.cpuregs\[1\]\[30\],27.67µm
u_picorv32.picorv32_core.cpuregs\[31\]\[20\],27.67µm
u_picorv32.picorv32_core.cpuregs\[3\]\[16\],27.67µm
_05089_,27.66µm
u_picorv32.picorv32_core.cpuregs\[3\]\[19\],27.655µm
_05220_,27.61µm
u_picorv32.picorv32_core.cpuregs\[19\]\[14\],27.61µm
u_picorv32.picorv32_core.cpuregs\[8\]\[11\],27.61µm
_03593_,27.6µm
u_picorv32.picorv32_core.count_cycle\[60\],27.6µm
u_picorv32.picorv32_core.cpuregs\[0\]\[21\],27.6µm
u_picorv32.picorv32_core.cpuregs\[27\]\[7\],27.595µm
u_picorv32.picorv32_core.cpuregs\[22\]\[6\],27.585µm
_04072_,27.58µm
u_picorv32.picorv32_core.cpuregs\[9\]\[18\],27.58µm
_04655_,27.56µm
u_picorv32.picorv32_core.cpuregs\[1\]\[13\],27.56µm
u_picorv32.picorv32_core.cpuregs\[25\]\[29\],27.56µm
u_picorv32.picorv32_core.cpuregs\[12\]\[2\],27.555µm
u_picorv32.picorv32_core.cpuregs\[19\]\[31\],27.55µm
u_picorv32.picorv32_core.cpuregs\[3\]\[6\],27.55µm
_05974_,27.54µm
u_picorv32.picorv32_core.decoded_rd\[2\],27.54µm
u_picorv32.picorv32_core.cpuregs\[17\]\[1\],27.535µm
u_picorv32.pcpi_rs2\[11\],27.525µm
_03574_,27.515µm
u_picorv32.picorv32_core.cpuregs\[10\]\[1\],27.505µm
u_picorv32.picorv32_core.cpuregs\[21\]\[3\],27.505µm
u_picorv32.picorv32_core.count_cycle\[10\],27.495µm
_03409_,27.49µm
u_picorv32.picorv32_core.cpuregs\[13\]\[24\],27.485µm
u_picorv32.picorv32_core.cpuregs\[21\]\[26\],27.48µm
u_picorv32.picorv32_core.cpuregs\[9\]\[11\],27.455µm
u_picorv32.picorv32_core.instr_srl,27.45µm
u_picorv32.picorv32_core.cpuregs\[19\]\[15\],27.445µm
u_picorv32.picorv32_core.cpuregs\[2\]\[4\],27.445µm
u_picorv32.picorv32_core.cpuregs\[30\]\[21\],27.445µm
net1749,27.44µm
u_picorv32.picorv32_core.cpuregs\[21\]\[9\],27.43µm
u_picorv32.picorv32_core.cpuregs\[4\]\[27\],27.43µm
_04312_,27.42µm
_05006_,27.42µm
u_picorv32.picorv32_core.cpuregs\[8\]\[17\],27.42µm
u_picorv32.picorv32_core.cpuregs\[9\]\[31\],27.42µm
_04869_,27.405µm
_04114_,27.395µm
u_picorv32.picorv32_core.cpuregs\[10\]\[18\],27.37µm
_01778_,27.365µm
u_picorv32.picorv32_core.cpuregs\[24\]\[15\],27.36µm
u_picorv32.picorv32_core.cpuregs\[17\]\[10\],27.32µm
u_picorv32.picorv32_core.cpuregs\[23\]\[19\],27.32µm
_05238_,27.31µm
u_picorv32.picorv32_core.mem_rdata_q\[0\],27.31µm
u_picorv32.picorv32_core.cpuregs\[5\]\[15\],27.265µm
u_picorv32.picorv32_core.cpuregs\[6\]\[1\],27.265µm
u_picorv32.picorv32_core.cpuregs\[28\]\[28\],27.26µm
_02270_,27.25µm
u_picorv32.picorv32_core.cpuregs\[26\]\[23\],27.25µm
u_picorv32.picorv32_core.cpuregs\[31\]\[10\],27.25µm
_02609_,27.24µm
_03901_,27.235µm
_02248_,27.22µm
u_picorv32.picorv32_core.cpuregs\[19\]\[11\],27.22µm
u_picorv32.picorv32_core.cpuregs\[12\]\[5\],27.215µm
u_picorv32.picorv32_core.cpuregs\[15\]\[29\],27.19µm
u_picorv32.picorv32_core.cpuregs\[7\]\[19\],27.19µm
u_picorv32.picorv32_core.cpuregs\[8\]\[5\],27.19µm
u_picorv32.picorv32_core.cpuregs\[0\]\[18\],27.18µm
_03667_,27.165µm
_05113_,27.13µm
u_picorv32.picorv32_core.cpuregs\[2\]\[8\],27.13µm
_04156_,27.12µm
_04991_,27.12µm
_01563_,27.08µm
_05091_,27.07µm
_05273_,27.07µm
u_picorv32.picorv32_core.cpuregs\[19\]\[4\],27.07µm
u_picorv32.picorv32_core.cpuregs\[22\]\[5\],27.07µm
u_picorv32.picorv32_core.cpuregs\[27\]\[21\],27.065µm
_02594_,27.06µm
u_picorv32.picorv32_core.cpuregs\[27\]\[4\],27.01µm
u_picorv32.picorv32_core.cpuregs\[8\]\[30\],27.01µm
u_picorv32.picorv32_core.cpuregs\[15\]\[30\],27.005µm
u_picorv32.picorv32_core.cpuregs\[15\]\[28\],26.995µm
_01700_,26.98µm
u_picorv32.picorv32_core.cpuregs\[20\]\[8\],26.965µm
u_picorv32.picorv32_core.count_cycle\[30\],26.96µm
u_picorv32.picorv32_core.cpuregs\[20\]\[29\],26.96µm
_03336_,26.95µm
_03430_,26.95µm
_05313_,26.95µm
u_picorv32.picorv32_core.cpuregs\[21\]\[12\],26.95µm
u_picorv32.picorv32_core.cpuregs\[7\]\[15\],26.95µm
_03121_,26.94µm
_03525_,26.94µm
_04536_,26.94µm
u_picorv32.picorv32_core.cpuregs\[4\]\[29\],26.94µm
u_picorv32.picorv32_core.cpuregs\[25\]\[9\],26.91µm
u_picorv32.picorv32_core.cpuregs\[7\]\[24\],26.905µm
_01559_,26.89µm
_05233_,26.89µm
u_picorv32.picorv32_core.cpuregs\[15\]\[22\],26.89µm
u_picorv32.picorv32_core.cpuregs\[16\]\[13\],26.89µm
u_picorv32.picorv32_core.cpuregs\[16\]\[16\],26.89µm
_03081_,26.88µm
_04511_,26.88µm
_05077_,26.88µm
_05323_,26.88µm
_05652_,26.875µm
u_picorv32.picorv32_core.cpuregs\[24\]\[4\],26.875µm
_02871_,26.86µm
u_picorv32.picorv32_core.cpuregs\[18\]\[27\],26.82µm
u_picorv32.picorv32_core.cpuregs\[30\]\[15\],26.78µm
u_picorv32.picorv32_core.cpuregs\[31\]\[22\],26.775µm
_05046_,26.77µm
u_picorv32.picorv32_core.cpuregs\[28\]\[5\],26.76µm
u_picorv32.picorv32_core.cpuregs\[17\]\[26\],26.75µm
_05250_,26.745µm
u_picorv32.picorv32_core.cpuregs\[21\]\[18\],26.725µm
_03688_,26.705µm
_05754_,26.7µm
u_picorv32.picorv32_core.cpuregs\[5\]\[22\],26.7µm
_02696_,26.695µm
u_picorv32.picorv32_core.cpuregs\[20\]\[18\],26.695µm
u_picorv32.picorv32_core.cpuregs\[20\]\[5\],26.695µm
u_picorv32.picorv32_core.cpuregs\[13\]\[1\],26.68µm
u_picorv32.picorv32_core.cpuregs\[27\]\[19\],26.675µm
_05504_,26.67µm
_01572_,26.66µm
_02763_,26.65µm
u_picorv32.picorv32_core.cpuregs\[14\]\[16\],26.65µm
u_picorv32.picorv32_core.cpuregs\[3\]\[31\],26.65µm
_01729_,26.645µm
_02230_,26.635µm
u_picorv32.picorv32_core.cpuregs\[8\]\[15\],26.615µm
_01760_,26.61µm
u_picorv32.picorv32_core.cpuregs\[11\]\[11\],26.605µm
u_picorv32.picorv32_core.cpuregs\[15\]\[10\],26.605µm
u_picorv32.picorv32_core.cpuregs\[17\]\[9\],26.59µm
_01889_,26.575µm
u_picorv32.picorv32_core.cpuregs\[11\]\[29\],26.575µm
u_picorv32.picorv32_core.cpuregs\[26\]\[6\],26.545µm
u_picorv32.picorv32_core.cpuregs\[31\]\[17\],26.545µm
u_picorv32.picorv32_core.cpuregs\[2\]\[1\],26.54µm
net767,26.51µm
u_picorv32.picorv32_core.count_cycle\[28\],26.5µm
u_picorv32.picorv32_core.cpuregs\[11\]\[31\],26.49µm
_04966_,26.48µm
u_picorv32.picorv32_core.cpuregs\[13\]\[25\],26.47µm
_04318_,26.46µm
_05040_,26.46µm
_05183_,26.46µm
u_picorv32.picorv32_core.cpuregs\[11\]\[22\],26.425µm
u_picorv32.picorv32_core.cpuregs\[17\]\[30\],26.42µm
_04852_,26.41µm
u_picorv32.picorv32_core.cpuregs\[15\]\[11\],26.395µm
net336,26.365µm
_04446_,26.35µm
u_picorv32.picorv32_core.cpuregs\[19\]\[12\],26.35µm
u_picorv32.picorv32_core.cpuregs\[21\]\[15\],26.34µm
_03135_,26.33µm
_01694_,26.32µm
u_picorv32.picorv32_core.cpuregs\[4\]\[23\],26.315µm
_02087_,26.305µm
u_picorv32.picorv32_core.cpuregs\[3\]\[20\],26.3µm
_01980_,26.29µm
_04290_,26.29µm
u_picorv32.picorv32_core.cpuregs\[26\]\[27\],26.275µm
u_picorv32.picorv32_core.cpuregs\[6\]\[23\],26.275µm
u_picorv32.picorv32_core.cpuregs\[8\]\[6\],26.255µm
_03444_,26.25µm
u_picorv32.picorv32_core.cpuregs\[22\]\[26\],26.245µm
net111,26.23µm
u_picorv32.picorv32_core.cpuregs\[11\]\[18\],26.23µm
_02517_,26.215µm
u_picorv32.picorv32_core.cpuregs\[30\]\[6\],26.215µm
_02676_,26.19µm
u_picorv32.picorv32_core.cpuregs\[13\]\[31\],26.185µm
_02936_,26.18µm
u_picorv32.picorv32_core.cpuregs\[16\]\[31\],26.17µm
u_picorv32.picorv32_core.cpuregs\[23\]\[22\],26.17µm
u_picorv32.picorv32_core.cpuregs\[24\]\[9\],26.145µm
_01787_,26.13µm
u_picorv32.picorv32_core.cpuregs\[5\]\[28\],26.13µm
u_picorv32.picorv32_core.cpuregs\[2\]\[29\],26.125µm
_04520_,26.12µm
_05258_,26.12µm
u_picorv32.picorv32_core.cpuregs\[23\]\[1\],26.11µm
u_picorv32.picorv32_core.cpuregs\[30\]\[24\],26.11µm
u_picorv32.picorv32_core.cpuregs\[4\]\[22\],26.11µm
u_picorv32.picorv32_core.cpuregs\[31\]\[31\],26.105µm
_04250_,26.1µm
_05863_,26.095µm
u_picorv32.picorv32_core.cpuregs\[3\]\[23\],26.095µm
u_picorv32.picorv32_core.cpuregs\[1\]\[9\],26.08µm
u_picorv32.picorv32_core.cpuregs\[1\]\[11\],26.075µm
u_picorv32.picorv32_core.cpuregs\[19\]\[18\],26.07µm
u_picorv32.picorv32_core.cpuregs\[21\]\[6\],26.07µm
u_picorv32.picorv32_core.cpuregs\[17\]\[4\],26.06µm
u_picorv32.picorv32_core.cpuregs\[18\]\[29\],26.06µm
u_picorv32.picorv32_core.cpuregs\[17\]\[6\],26.025µm
u_picorv32.picorv32_core.cpuregs\[12\]\[4\],26.01µm
u_picorv32.picorv32_core.cpuregs\[18\]\[11\],26.005µm
_04075_,25.995µm
u_picorv32.picorv32_core.cpuregs\[25\]\[30\],25.99µm
_04587_,25.98µm
u_picorv32.picorv32_core.cpuregs\[5\]\[2\],25.98µm
_01702_,25.975µm
u_picorv32.picorv32_core.cpuregs\[18\]\[23\],25.945µm
net61,25.94µm
u_picorv32.picorv32_core.cpuregs\[19\]\[25\],25.94µm
u_picorv32.picorv32_core.cpuregs\[2\]\[17\],25.94µm
u_picorv32.picorv32_core.cpuregs\[9\]\[10\],25.94µm
net306,25.93µm
u_picorv32.picorv32_core.cpuregs\[3\]\[11\],25.925µm
_02961_,25.92µm
u_picorv32.picorv32_core.cpuregs\[31\]\[28\],25.92µm
u_picorv32.picorv32_core.cpuregs\[20\]\[4\],25.905µm
u_picorv32.picorv32_core.cpuregs\[15\]\[0\],25.885µm
u_picorv32.picorv32_core.reg_next_pc\[25\],25.885µm
u_picorv32.picorv32_core.cpuregs\[3\]\[1\],25.88µm
u_picorv32.picorv32_core.cpuregs\[16\]\[25\],25.87µm
u_picorv32.picorv32_core.cpuregs\[24\]\[17\],25.87µm
u_picorv32.picorv32_core.cpuregs\[31\]\[1\],25.85µm
_02108_,25.845µm
_05197_,25.83µm
u_picorv32.picorv32_core.cpuregs\[1\]\[28\],25.825µm
u_picorv32.picorv32_core.cpuregs\[28\]\[2\],25.815µm
_04447_,25.81µm
u_picorv32.picorv32_core.cpuregs\[11\]\[5\],25.81µm
u_picorv32.picorv32_core.cpuregs\[9\]\[19\],25.81µm
u_picorv32.picorv32_core.mem_wordsize\[2\],25.81µm
u_picorv32.picorv32_core.cpuregs\[11\]\[21\],25.8µm
_05038_,25.795µm
u_picorv32.picorv32_core.cpuregs\[15\]\[7\],25.77µm
u_picorv32.picorv32_core.cpuregs\[23\]\[12\],25.75µm
_05063_,25.74µm
_05688_,25.74µm
_01898_,25.725µm
u_picorv32.picorv32_core.cpuregs\[21\]\[17\],25.705µm
u_picorv32.picorv32_core.cpuregs\[25\]\[18\],25.7µm
_03961_,25.68µm
u_picorv32.picorv32_core.cpuregs\[31\]\[15\],25.675µm
u_picorv32.picorv32_core.cpuregs\[31\]\[23\],25.675µm
u_picorv32.picorv32_core.cpuregs\[23\]\[24\],25.65µm
_01874_,25.645µm
u_picorv32.picorv32_core.cpuregs\[0\]\[27\],25.645µm
u_picorv32.picorv32_core.cpuregs\[3\]\[13\],25.645µm
u_picorv32.picorv32_core.cpuregs\[6\]\[6\],25.645µm
_04995_,25.64µm
_02367_,25.63µm
u_picorv32.picorv32_core.cpuregs\[17\]\[18\],25.63µm
u_picorv32.picorv32_core.cpuregs\[31\]\[18\],25.605µm
_03159_,25.6µm
u_picorv32.picorv32_core.cpuregs\[21\]\[22\],25.595µm
u_picorv32.picorv32_core.cpuregs\[5\]\[25\],25.59µm
u_picorv32.picorv32_core.cpuregs\[23\]\[9\],25.58µm
_04795_,25.57µm
u_picorv32.picorv32_core.cpuregs\[5\]\[6\],25.565µm
_05024_,25.56µm
_05525_,25.56µm
u_picorv32.picorv32_core.cpuregs\[15\]\[16\],25.555µm
_03640_,25.545µm
_05750_,25.545µm
u_picorv32.picorv32_core.cpuregs\[27\]\[29\],25.53µm
u_picorv32.picorv32_core.count_cycle\[35\],25.52µm
_01743_,25.515µm
u_picorv32.picorv32_core.cpuregs\[18\]\[18\],25.51µm
u_picorv32.picorv32_core.cpuregs\[24\]\[24\],25.49µm
_04598_,25.485µm
_05301_,25.45µm
u_picorv32.picorv32_core.cpuregs\[25\]\[31\],25.45µm
_04720_,25.44µm
u_picorv32.picorv32_core.cpuregs\[9\]\[8\],25.44µm
u_picorv32.picorv32_core.cpuregs\[10\]\[19\],25.41µm
u_picorv32.picorv32_core.cpuregs\[29\]\[5\],25.4µm
_04311_,25.39µm
u_picorv32.picorv32_core.cpuregs\[16\]\[22\],25.39µm
_02718_,25.385µm
u_picorv32.picorv32_core.cpuregs\[4\]\[5\],25.355µm
_05675_,25.35µm
u_picorv32.picorv32_core.cpuregs\[31\]\[29\],25.34µm
_02433_,25.33µm
u_picorv32.picorv32_core.cpuregs\[19\]\[16\],25.33µm
u_picorv32.picorv32_core.cpuregs\[7\]\[1\],25.33µm
_04515_,25.32µm
_03570_,25.28µm
u_picorv32.picorv32_core.cpuregs\[21\]\[2\],25.27µm
u_picorv32.picorv32_core.cpuregs\[23\]\[14\],25.27µm
_02769_,25.26µm
_05259_,25.26µm
u_picorv32.picorv32_core.cpuregs\[10\]\[2\],25.26µm
_02186_,25.255µm
u_picorv32.picorv32_core.cpuregs\[19\]\[8\],25.225µm
u_picorv32.picorv32_core.cpuregs\[4\]\[3\],25.22µm
_04101_,25.21µm
_04332_,25.21µm
u_picorv32.picorv32_core.cpuregs\[14\]\[6\],25.21µm
_04122_,25.2µm
u_picorv32.picorv32_core.cpuregs\[25\]\[4\],25.2µm
u_picorv32.picorv32_core.cpuregs\[23\]\[17\],25.195µm
_03713_,25.17µm
u_picorv32.picorv32_core.cpuregs\[14\]\[10\],25.165µm
u_picorv32.picorv32_core.cpuregs\[24\]\[21\],25.165µm
u_picorv32.picorv32_core.cpuregs\[30\]\[17\],25.165µm
u_picorv32.picorv32_core.cpuregs\[30\]\[18\],25.165µm
u_picorv32.picorv32_core.cpuregs\[9\]\[12\],25.165µm
_01931_,25.15µm
_05333_,25.15µm
u_picorv32.picorv32_core.instr_slti,25.15µm
u_picorv32.picorv32_core.cpuregs\[25\]\[1\],25.135µm
u_picorv32.picorv32_core.cpuregs\[0\]\[17\],25.1µm
u_picorv32.picorv32_core.cpuregs\[16\]\[2\],25.1µm
u_picorv32.picorv32_core.cpuregs\[6\]\[8\],25.1µm
net123,25.095µm
_04163_,25.09µm
u_picorv32.picorv32_core.cpuregs\[11\]\[7\],25.09µm
_02199_,25.08µm
_03624_,25.08µm
u_picorv32.picorv32_core.cpuregs\[27\]\[5\],25.05µm
_05470_,25.04µm
u_picorv32.picorv32_core.cpuregs\[10\]\[13\],25.04µm
u_picorv32.picorv32_core.cpuregs\[21\]\[30\],25.04µm
_04078_,25.02µm
u_picorv32.picorv32_core.cpuregs\[7\]\[30\],24.985µm
u_picorv32.picorv32_core.cpuregs\[0\]\[26\],24.98µm
_01560_,24.97µm
_02554_,24.96µm
_05765_,24.94µm
_03799_,24.935µm
u_picorv32.picorv32_core.cpuregs\[2\]\[12\],24.935µm
u_picorv32.picorv32_core.cpuregs\[25\]\[10\],24.93µm
_03417_,24.865µm
_05383_,24.86µm
u_picorv32.picorv32_core.cpuregs\[25\]\[23\],24.855µm
u_picorv32.picorv32_core.cpuregs\[25\]\[28\],24.85µm
u_picorv32.picorv32_core.cpuregs\[14\]\[1\],24.845µm
_02029_,24.84µm
u_picorv32.picorv32_core.cpuregs\[13\]\[8\],24.84µm
_03104_,24.82µm
u_picorv32.picorv32_core.cpuregs\[19\]\[1\],24.805µm
u_picorv32.picorv32_core.cpuregs\[19\]\[6\],24.805µm
_03692_,24.8µm
u_picorv32.picorv32_core.cpuregs\[5\]\[7\],24.79µm
u_picorv32.picorv32_core.count_cycle\[59\],24.785µm
u_picorv32.picorv32_core.cpuregs\[24\]\[8\],24.78µm
u_picorv32.picorv32_core.cpuregs\[2\]\[9\],24.775µm
u_picorv32.picorv32_core.cpuregs\[19\]\[2\],24.765µm
u_picorv32.picorv32_core.cpuregs\[20\]\[10\],24.745µm
_05132_,24.73µm
_05542_,24.73µm
u_picorv32.picorv32_core.cpuregs\[31\]\[14\],24.73µm
_03661_,24.72µm
_05422_,24.68µm
_03530_,24.67µm
_04886_,24.67µm
u_picorv32.picorv32_core.cpuregs\[18\]\[28\],24.67µm
u_picorv32.picorv32_core.cpuregs\[29\]\[24\],24.67µm
u_picorv32.picorv32_core.cpuregs\[22\]\[23\],24.66µm
u_picorv32.picorv32_core.cpuregs\[26\]\[20\],24.6µm
_02971_,24.58µm
u_picorv32.picorv32_core.cpuregs\[25\]\[6\],24.575µm
u_picorv32.picorv32_core.cpuregs\[19\]\[5\],24.57µm
u_picorv32.picorv32_core.cpuregs\[23\]\[5\],24.57µm
_01610_,24.555µm
_04513_,24.55µm
_05078_,24.55µm
u_picorv32.picorv32_core.cpuregs\[11\]\[1\],24.55µm
_04731_,24.54µm
_05156_,24.525µm
_02882_,24.52µm
_03699_,24.5µm
_02587_,24.49µm
_05104_,24.49µm
u_picorv32.picorv32_core.cpuregs\[12\]\[17\],24.485µm
_03795_,24.48µm
_03535_,24.47µm
net670,24.465µm
u_picorv32.picorv32_core.cpuregs\[16\]\[21\],24.44µm
_05248_,24.43µm
_05294_,24.43µm
u_picorv32.picorv32_core.cpuregs\[27\]\[0\],24.39µm
u_picorv32.picorv32_core.cpuregs\[8\]\[3\],24.39µm
u_picorv32.picorv32_core.cpuregs\[18\]\[15\],24.375µm
_05110_,24.36µm
u_picorv32.picorv32_core.cpuregs\[0\]\[1\],24.36µm
u_picorv32.picorv32_core.cpuregs\[1\]\[29\],24.36µm
u_picorv32.picorv32_core.cpuregs\[21\]\[10\],24.36µm
u_picorv32.picorv32_core.cpuregs\[22\]\[31\],24.35µm
u_picorv32.picorv32_core.cpuregs\[7\]\[22\],24.34µm
_04194_,24.3µm
u_picorv32.picorv32_core.cpuregs\[10\]\[15\],24.295µm
u_picorv32.picorv32_core.cpuregs\[13\]\[17\],24.295µm
u_picorv32.picorv32_core.cpuregs\[19\]\[30\],24.295µm
u_picorv32.picorv32_core.cpuregs\[23\]\[23\],24.295µm
u_picorv32.picorv32_core.cpuregs\[2\]\[20\],24.285µm
_03538_,24.275µm
_02090_,24.25µm
_03637_,24.25µm
_03997_,24.25µm
u_picorv32.picorv32_core.mem_rdata_q\[15\],24.25µm
_02374_,24.24µm
u_picorv32.picorv32_core.cpuregs\[12\]\[31\],24.2µm
u_picorv32.picorv32_core.cpuregs\[13\]\[12\],24.2µm
u_picorv32.picorv32_core.cpuregs\[25\]\[0\],24.2µm
u_picorv32.picorv32_core.cpuregs\[26\]\[25\],24.2µm
_05043_,24.19µm
_05117_,24.19µm
u_picorv32.picorv32_core.cpuregs\[17\]\[3\],24.18µm
_01792_,24.175µm
u_picorv32.picorv32_core.cpuregs\[24\]\[7\],24.15µm
_02602_,24.14µm
u_picorv32.picorv32_core.mem_state\[1\],24.14µm
u_picorv32.picorv32_core.reg_out\[13\],24.14µm
_04507_,24.13µm
u_picorv32.picorv32_core.cpuregs\[27\]\[15\],24.13µm
_02845_,24.125µm
u_picorv32.picorv32_core.cpuregs\[2\]\[22\],24.12µm
_02047_,24.105µm
_03425_,24.105µm
u_picorv32.picorv32_core.cpuregs\[15\]\[3\],24.08µm
u_picorv32.picorv32_core.cpuregs\[2\]\[27\],24.08µm
u_picorv32.picorv32_core.cpuregs\[9\]\[4\],24.08µm
mem_axi_wdata[21],24.08µm
_04660_,24.07µm
u_picorv32.picorv32_core.cpuregs\[7\]\[6\],24.07µm
u_picorv32.picorv32_core.cpuregs\[23\]\[21\],24.065µm
_05303_,24.06µm
_02050_,24.05µm
u_picorv32.picorv32_core.cpuregs\[31\]\[25\],24.035µm
_02412_,24.02µm
_05263_,24.01µm
u_picorv32.picorv32_core.cpuregs\[17\]\[14\],24.005µm
_04928_,24µm
u_picorv32.picorv32_core.count_cycle\[16\],23.96µm
_02948_,23.955µm
u_picorv32.picorv32_core.cpuregs\[22\]\[3\],23.955µm
net44,23.95µm
u_picorv32.picorv32_core.cpuregs\[12\]\[20\],23.95µm
u_picorv32.picorv32_core.cpuregs\[16\]\[24\],23.95µm
u_picorv32.picorv32_core.cpuregs\[4\]\[20\],23.95µm
u_picorv32.picorv32_core.cpuregs\[4\]\[8\],23.95µm
u_picorv32.picorv32_core.reg_next_pc\[31\],23.95µm
u_picorv32.picorv32_core.cpuregs\[19\]\[19\],23.935µm
u_picorv32.picorv32_core.cpuregs\[18\]\[13\],23.92µm
_03186_,23.91µm
_01716_,23.905µm
_02176_,23.89µm
_05717_,23.89µm
u_picorv32.picorv32_core.cpuregs\[19\]\[28\],23.89µm
u_picorv32.picorv32_core.cpuregs\[1\]\[18\],23.89µm
u_picorv32.picorv32_core.alu_out_q\[10\],23.88µm
u_picorv32.picorv32_core.cpuregs\[30\]\[9\],23.875µm
u_picorv32.picorv32_core.cpuregs\[29\]\[15\],23.87µm
u_picorv32.picorv32_core.cpuregs\[5\]\[0\],23.865µm
u_picorv32.picorv32_core.cpuregs\[13\]\[14\],23.86µm
u_picorv32.picorv32_core.cpuregs\[16\]\[15\],23.83µm
u_picorv32.picorv32_core.cpuregs\[26\]\[13\],23.83µm
u_picorv32.picorv32_core.cpuregs\[26\]\[3\],23.825µm
_02949_,23.82µm
_04964_,23.82µm
_05170_,23.82µm
_03402_,23.805µm
u_picorv32.picorv32_core.cpuregs\[28\]\[29\],23.785µm
_03233_,23.77µm
u_picorv32.picorv32_core.cpuregs\[19\]\[3\],23.77µm
u_picorv32.picorv32_core.cpuregs\[20\]\[16\],23.765µm
_05025_,23.76µm
u_picorv32.picorv32_core.cpuregs\[18\]\[19\],23.75µm
_02228_,23.725µm
_05641_,23.72µm
u_picorv32.picorv32_core.cpuregs\[4\]\[6\],23.72µm
_04455_,23.71µm
_05487_,23.71µm
u_picorv32.picorv32_core.cpuregs\[27\]\[27\],23.71µm
u_picorv32.picorv32_core.cpuregs\[29\]\[19\],23.71µm
_01638_,23.7µm
_05222_,23.7µm
u_picorv32.picorv32_core.alu_out\[19\],23.7µm
u_picorv32.picorv32_core.cpuregs\[19\]\[13\],23.7µm
u_picorv32.picorv32_core.cpuregs\[27\]\[31\],23.7µm
_05588_,23.66µm
u_picorv32.picorv32_core.cpuregs\[11\]\[27\],23.66µm
u_picorv32.picorv32_core.cpuregs\[28\]\[25\],23.66µm
u_picorv32.picorv32_core.cpuregs\[23\]\[6\],23.65µm
u_picorv32.picorv32_core.cpuregs\[31\]\[2\],23.65µm
_05277_,23.64µm
_01821_,23.635µm
_01752_,23.59µm
_04518_,23.59µm
u_picorv32.picorv32_core.cpuregs\[18\]\[9\],23.59µm
_05171_,23.58µm
_02420_,23.565µm
u_picorv32.picorv32_core.cpuregs\[19\]\[29\],23.55µm
u_picorv32.picorv32_core.cpuregs\[4\]\[0\],23.55µm
u_picorv32.picorv32_core.cpuregs\[1\]\[22\],23.545µm
u_picorv32.picorv32_core.cpuregs\[16\]\[8\],23.54µm
_01629_,23.535µm
_04572_,23.53µm
_05060_,23.53µm
_05391_,23.53µm
u_picorv32.picorv32_core.cpuregs\[5\]\[21\],23.53µm
u_picorv32.picorv32_core.cpuregs\[12\]\[18\],23.525µm
_05159_,23.52µm
_05660_,23.52µm
u_picorv32.picorv32_core.cpuregs\[30\]\[4\],23.49µm
u_picorv32.picorv32_core.cpuregs\[28\]\[18\],23.48µm
_02379_,23.47µm
_04592_,23.46µm
u_picorv32.picorv32_core.cpuregs\[14\]\[13\],23.455µm
_04310_,23.45µm
u_picorv32.picorv32_core.cpuregs\[10\]\[30\],23.44µm
_03558_,23.425µm
_02608_,23.415µm
_03779_,23.415µm
_05030_,23.41µm
u_picorv32.picorv32_core.cpuregs\[24\]\[22\],23.41µm
_05207_,23.4µm
u_picorv32.picorv32_core.cpuregs\[10\]\[21\],23.395µm
u_picorv32.picorv32_core.cpuregs\[29\]\[27\],23.395µm
u_picorv32.picorv32_core.cpuregs\[12\]\[27\],23.375µm
u_picorv32.picorv32_core.cpuregs\[10\]\[9\],23.36µm
u_picorv32.picorv32_core.cpuregs\[7\]\[8\],23.36µm
_05428_,23.35µm
u_picorv32.picorv32_core.cpuregs\[6\]\[13\],23.345µm
_02945_,23.34µm
_05234_,23.34µm
u_picorv32.picorv32_core.count_instr\[7\],23.335µm
u_picorv32.picorv32_core.cpuregs\[14\]\[9\],23.335µm
u_picorv32.picorv32_core.cpuregs\[22\]\[13\],23.335µm
u_picorv32.picorv32_core.cpuregs\[23\]\[25\],23.335µm
u_picorv32.picorv32_core.cpuregs\[26\]\[30\],23.335µm
u_picorv32.picorv32_core.cpuregs\[23\]\[27\],23.3µm
u_picorv32.picorv32_core.cpuregs\[5\]\[26\],23.3µm
_01828_,23.29µm
_03580_,23.29µm
u_picorv32.picorv32_core.cpuregs\[1\]\[19\],23.29µm
_04871_,23.28µm
_01805_,23.27µm
u_picorv32.picorv32_core.cpuregs\[24\]\[6\],23.24µm
u_picorv32.picorv32_core.cpuregs\[18\]\[10\],23.23µm
u_picorv32.picorv32_core.cpuregs\[30\]\[3\],23.22µm
u_picorv32.picorv32_core.cpuregs\[13\]\[20\],23.18µm
_03612_,23.17µm
net86,23.16µm
u_picorv32.picorv32_core.count_instr\[38\],23.12µm
u_picorv32.picorv32_core.cpuregs\[13\]\[28\],23.12µm
u_picorv32.picorv32_core.cpuregs\[25\]\[11\],23.09µm
_03768_,23.06µm
_05551_,23.05µm
_03416_,23.04µm
_05441_,23.04µm
_06015_,23.04µm
u_picorv32.picorv32_core.cpuregs\[18\]\[2\],23.04µm
net1801,23.03µm
_05158_,23.025µm
u_picorv32.picorv32_core.cpuregs\[0\]\[13\],23µm
u_picorv32.picorv32_core.cpuregs\[16\]\[6\],23µm
u_picorv32.picorv32_core.instr_slt,23µm
_05371_,22.99µm
u_picorv32.picorv32_core.cpuregs\[28\]\[24\],22.99µm
u_picorv32.picorv32_core.cpuregs\[3\]\[10\],22.96µm
_02021_,22.95µm
u_picorv32.picorv32_core.cpuregs\[1\]\[7\],22.95µm
_01813_,22.945µm
_03382_,22.93µm
_03922_,22.93µm
_05014_,22.92µm
_04726_,22.915µm
_04875_,22.915µm
u_picorv32.picorv32_core.cpuregs\[12\]\[7\],22.915µm
u_picorv32.picorv32_core.cpuregs\[12\]\[1\],22.905µm
u_picorv32.picorv32_core.cpuregs\[10\]\[14\],22.9µm
_03096_,22.88µm
_04039_,22.87µm
_05932_,22.865µm
_04366_,22.86µm
_04992_,22.86µm
_05976_,22.86µm
u_picorv32.picorv32_core.cpuregs\[26\]\[17\],22.855µm
net119,22.845µm
u_picorv32.picorv32_core.cpuregs\[13\]\[10\],22.845µm
u_picorv32.picorv32_core.count_instr\[17\],22.83µm
u_picorv32.picorv32_core.cpuregs\[17\]\[20\],22.825µm
u_picorv32.picorv32_core.cpuregs\[10\]\[29\],22.82µm
u_picorv32.picorv32_core.cpuregs\[18\]\[4\],22.82µm
u_picorv32.picorv32_core.cpuregs\[3\]\[21\],22.82µm
u_picorv32.picorv32_core.cpuregs\[17\]\[13\],22.81µm
u_picorv32.picorv32_core.cpuregs\[18\]\[8\],22.81µm
u_picorv32.picorv32_core.cpuregs\[23\]\[18\],22.81µm
u_picorv32.picorv32_core.cpuregs\[24\]\[27\],22.81µm
_02866_,22.8µm
_03073_,22.79µm
_03280_,22.785µm
u_picorv32.picorv32_core.cpuregs\[28\]\[1\],22.775µm
u_picorv32.picorv32_core.cpuregs\[18\]\[17\],22.76µm
u_picorv32.picorv32_core.cpuregs\[19\]\[22\],22.76µm
_03424_,22.755µm
_01776_,22.75µm
_04389_,22.75µm
u_picorv32.picorv32_core.cpuregs\[2\]\[23\],22.75µm
_02255_,22.74µm
u_picorv32.picorv32_core.cpuregs\[29\]\[18\],22.74µm
u_picorv32.picorv32_core.cpuregs\[3\]\[22\],22.74µm
_05328_,22.725µm
_02208_,22.705µm
u_picorv32.picorv32_core.cpuregs\[12\]\[16\],22.705µm
_05004_,22.7µm
u_picorv32.picorv32_core.count_instr\[42\],22.7µm
u_picorv32.picorv32_core.cpuregs\[1\]\[14\],22.7µm
u_picorv32.picorv32_core.cpuregs\[1\]\[8\],22.7µm
u_picorv32.picorv32_core.cpuregs\[17\]\[19\],22.69µm
u_picorv32.picorv32_core.cpuregs\[30\]\[31\],22.69µm
_05157_,22.675µm
u_picorv32.picorv32_core.cpuregs\[8\]\[2\],22.675µm
_05519_,22.665µm
_02700_,22.66µm
u_picorv32.picorv32_core.cpuregs\[7\]\[23\],22.655µm
u_picorv32.picorv32_core.cpuregs\[4\]\[16\],22.645µm
_01648_,22.635µm
u_picorv32.picorv32_core.cpuregs\[24\]\[23\],22.63µm
_01645_,22.62µm
_05705_,22.605µm
u_picorv32.picorv32_core.cpuregs\[9\]\[16\],22.59µm
_01732_,22.58µm
_03636_,22.58µm
_04957_,22.56µm
_03231_,22.525µm
u_picorv32.picorv32_core.cpuregs\[0\]\[23\],22.47µm
u_picorv32.picorv32_core.cpuregs\[21\]\[13\],22.46µm
_03322_,22.45µm
_04429_,22.45µm
u_picorv32.picorv32_core.cpuregs\[3\]\[28\],22.445µm
_04054_,22.44µm
_05226_,22.44µm
_05315_,22.44µm
u_picorv32.picorv32_core.cpuregs\[7\]\[2\],22.435µm
u_picorv32.picorv32_core.cpuregs\[26\]\[8\],22.415µm
u_picorv32.picorv32_core.cpuregs\[18\]\[20\],22.39µm
u_picorv32.picorv32_core.cpuregs\[9\]\[29\],22.39µm
u_picorv32.picorv32_core.cpuregs\[15\]\[26\],22.375µm
_04443_,22.37µm
u_picorv32.picorv32_core.cpuregs\[28\]\[0\],22.36µm
_04182_,22.35µm
u_picorv32.picorv32_core.cpuregs\[29\]\[4\],22.35µm
u_picorv32.picorv32_core.mem_do_wdata,22.345µm
_04169_,22.34µm
u_picorv32.picorv32_core.cpuregs\[16\]\[20\],22.34µm
u_picorv32.picorv32_core.cpuregs\[30\]\[16\],22.34µm
u_picorv32.picorv32_core.cpuregs\[31\]\[24\],22.34µm
_04517_,22.33µm
u_picorv32.picorv32_core.cpuregs\[15\]\[19\],22.33µm
u_picorv32.picorv32_core.cpuregs\[7\]\[10\],22.33µm
u_picorv32.picorv32_core.cpuregs\[20\]\[2\],22.325µm
_02534_,22.32µm
_03210_,22.305µm
u_picorv32.picorv32_core.cpuregs\[20\]\[13\],22.295µm
_05180_,22.28µm
_01764_,22.275µm
_03658_,22.27µm
u_picorv32.picorv32_core.cpuregs\[26\]\[18\],22.27µm
u_picorv32.picorv32_core.cpuregs\[5\]\[30\],22.27µm
u_picorv32.picorv32_core.cpuregs\[6\]\[12\],22.27µm
_02787_,22.265µm
_05212_,22.26µm
u_picorv32.picorv32_core.cpuregs\[29\]\[0\],22.26µm
_04399_,22.255µm
_01592_,22.22µm
_01604_,22.22µm
u_picorv32.picorv32_core.cpuregs\[3\]\[24\],22.22µm
u_picorv32.picorv32_core.cpuregs\[19\]\[24\],22.21µm
_04187_,22.2µm
mem_axi_rdata[2],22.19µm
net113,22.175µm
u_picorv32.picorv32_core.cpuregs\[12\]\[11\],22.175µm
u_picorv32.picorv32_core.cpuregs\[15\]\[1\],22.175µm
u_picorv32.picorv32_core.cpuregs\[29\]\[2\],22.175µm
u_picorv32.picorv32_core.cpuregs\[1\]\[24\],22.17µm
u_picorv32.picorv32_core.cpuregs\[6\]\[26\],22.165µm
_01728_,22.16µm
u_picorv32.picorv32_core.cpuregs\[24\]\[12\],22.16µm
net1386,22.16µm
u_picorv32.picorv32_core.cpuregs\[28\]\[16\],22.15µm
_04543_,22.14µm
_01794_,22.11µm
u_picorv32.picorv32_core.cpuregs\[7\]\[18\],22.105µm
_01561_,22.1µm
u_picorv32.picorv32_core.cpuregs\[24\]\[30\],22.1µm
net84,22.09µm
u_picorv32.axi_adapter.ack_wvalid,22.09µm
u_picorv32.picorv32_core.cpuregs\[8\]\[19\],22.09µm
_02846_,22.08µm
_03161_,22.065µm
_02415_,22.04µm
_03716_,22.025µm
u_picorv32.picorv32_core.cpuregs\[30\]\[28\],22.015µm
_03183_,22.005µm
u_picorv32.picorv32_core.cpuregs\[8\]\[31\],22µm
u_picorv32.picorv32_core.cpuregs\[20\]\[9\],21.98µm
_04248_,21.97µm
u_picorv32.picorv32_core.cpuregs\[22\]\[11\],21.97µm
_01400_,21.96µm
_04383_,21.96µm
_03341_,21.955µm
_05646_,21.95µm
u_picorv32.picorv32_core.cpuregs\[10\]\[28\],21.92µm
u_picorv32.picorv32_core.cpuregs\[0\]\[20\],21.895µm
_01999_,21.885µm
net765,21.885µm
_02789_,21.88µm
u_picorv32.picorv32_core.cpuregs\[29\]\[25\],21.865µm
u_picorv32.picorv32_core.cpuregs\[24\]\[10\],21.86µm
_03808_,21.85µm
_05000_,21.85µm
_03045_,21.84µm
_04384_,21.84µm
u_picorv32.picorv32_core.cpuregs\[9\]\[1\],21.815µm
_03309_,21.81µm
_03646_,21.81µm
u_picorv32.picorv32_core.cpuregs\[20\]\[3\],21.81µm
_05650_,21.8µm
u_picorv32.picorv32_core.cpuregs\[12\]\[12\],21.8µm
u_picorv32.picorv32_core.cpuregs\[24\]\[18\],21.8µm
_04586_,21.79µm
_05147_,21.79µm
u_picorv32.picorv32_core.cpuregs\[29\]\[23\],21.79µm
u_picorv32.picorv32_core.cpuregs\[0\]\[3\],21.745µm
_01797_,21.74µm
_02560_,21.74µm
_02062_,21.73µm
_05756_,21.73µm
_03748_,21.725µm
u_picorv32.picorv32_core.cpuregs\[2\]\[26\],21.725µm
_03546_,21.72µm
u_picorv32.picorv32_core.cpuregs\[18\]\[0\],21.71µm
_01734_,21.7µm
u_picorv32.picorv32_core.cpuregs\[20\]\[1\],21.695µm
u_picorv32.picorv32_core.cpuregs\[21\]\[21\],21.69µm
u_picorv32.picorv32_core.alu_out_q\[30\],21.67µm
u_picorv32.picorv32_core.instr_fence,21.66µm
u_picorv32.picorv32_core.cpuregs\[28\]\[4\],21.655µm
_05052_,21.61µm
_05409_,21.61µm
_02941_,21.6µm
_05501_,21.59µm
_02784_,21.545µm
net762,21.54µm
u_picorv32.picorv32_core.cpuregs\[17\]\[29\],21.535µm
u_picorv32.picorv32_core.cpuregs\[1\]\[10\],21.49µm
u_picorv32.picorv32_core.cpuregs\[2\]\[31\],21.47µm
_01562_,21.465µm
u_picorv32.picorv32_core.cpuregs\[16\]\[18\],21.445µm
_01720_,21.44µm
_02895_,21.44µm
_05106_,21.42µm
u_picorv32.picorv32_core.cpuregs\[8\]\[18\],21.385µm
u_picorv32.picorv32_core.cpuregs\[18\]\[22\],21.38µm
u_picorv32.picorv32_core.cpuregs\[18\]\[3\],21.38µm
u_picorv32.picorv32_core.cpuregs\[28\]\[3\],21.38µm
u_picorv32.picorv32_core.cpuregs\[28\]\[6\],21.38µm
u_picorv32.picorv32_core.cpuregs\[8\]\[7\],21.38µm
_05266_,21.37µm
_01395_,21.36µm
_05757_,21.36µm
u_picorv32.picorv32_core.reg_next_pc\[22\],21.355µm
u_picorv32.picorv32_core.cpuregs\[2\]\[16\],21.335µm
_03252_,21.32µm
u_picorv32.picorv32_core.cpuregs\[22\]\[28\],21.32µm
u_picorv32.picorv32_core.cpuregs\[26\]\[0\],21.32µm
_02168_,21.31µm
_05362_,21.31µm
_02957_,21.26µm
u_picorv32.picorv32_core.cpuregs\[16\]\[12\],21.26µm
u_picorv32.picorv32_core.cpuregs\[2\]\[30\],21.26µm
u_picorv32.picorv32_core.cpuregs\[25\]\[27\],21.25µm
u_picorv32.picorv32_core.cpuregs\[4\]\[18\],21.25µm
_04589_,21.24µm
_03181_,21.235µm
_05452_,21.235µm
_02970_,21.23µm
u_picorv32.picorv32_core.cpuregs\[4\]\[7\],21.205µm
_04316_,21.18µm
u_picorv32.picorv32_core.cpuregs\[7\]\[21\],21.175µm
_02226_,21.15µm
_03534_,21.15µm
u_picorv32.picorv32_core.cpuregs\[9\]\[24\],21.15µm
net41,21.14µm
u_picorv32.picorv32_core.cpuregs\[20\]\[17\],21.14µm
_02174_,21.13µm
_04585_,21.13µm
_02215_,21.12µm
u_picorv32.picorv32_core.cpuregs\[30\]\[19\],21.12µm
_04793_,21.1µm
_02437_,21.08µm
u_picorv32.picorv32_core.cpuregs\[28\]\[27\],21.075µm
_04868_,21.07µm
u_picorv32.picorv32_core.cpuregs\[2\]\[6\],21.06µm
u_picorv32.picorv32_core.cpuregs\[5\]\[4\],21.055µm
_02963_,21.03µm
u_picorv32.picorv32_core.cpuregs\[29\]\[3\],21.02µm
_04661_,21µm
_05130_,21µm
u_picorv32.picorv32_core.cpuregs\[29\]\[20\],21µm
u_picorv32.picorv32_core.cpuregs\[25\]\[7\],20.995µm
net825,20.98µm
_02975_,20.975µm
u_picorv32.picorv32_core.cpuregs\[14\]\[21\],20.96µm
u_picorv32.picorv32_core.cpuregs\[21\]\[29\],20.96µm
u_picorv32.picorv32_core.cpuregs\[29\]\[22\],20.96µm
_00956_,20.95µm
_02159_,20.95µm
u_picorv32.picorv32_core.cpuregs\[18\]\[7\],20.95µm
u_picorv32.picorv32_core.cpuregs\[9\]\[17\],20.95µm
_03944_,20.94µm
net68,20.925µm
_01915_,20.91µm
_03133_,20.905µm
u_picorv32.picorv32_core.cpuregs\[5\]\[3\],20.9µm
u_picorv32.picorv32_core.cpuregs\[21\]\[8\],20.89µm
mem_axi_wdata[19],20.88µm
_01590_,20.83µm
_01773_,20.825µm
_04257_,20.82µm
u_picorv32.picorv32_core.cpuregs\[28\]\[15\],20.82µm
_01690_,20.805µm
_03230_,20.805µm
u_picorv32.picorv32_core.cpuregs\[4\]\[13\],20.795µm
u_picorv32.picorv32_core.cpuregs\[17\]\[21\],20.78µm
_05700_,20.755µm
u_picorv32.picorv32_core.cpuregs\[16\]\[5\],20.755µm
u_picorv32.picorv32_core.cpuregs\[20\]\[12\],20.755µm
_05162_,20.7µm
u_picorv32.picorv32_core.cpuregs\[9\]\[2\],20.695µm
_05661_,20.67µm
_04755_,20.65µm
_05270_,20.65µm
_02098_,20.64µm
_04256_,20.64µm
u_picorv32.picorv32_core.cpuregs\[10\]\[6\],20.6µm
u_picorv32.picorv32_core.cpuregs\[20\]\[20\],20.6µm
u_picorv32.picorv32_core.cpuregs\[21\]\[5\],20.6µm
_02903_,20.59µm
_05439_,20.59µm
net3477,20.575µm
u_picorv32.picorv32_core.cpuregs\[21\]\[28\],20.57µm
_04528_,20.565µm
u_picorv32.picorv32_core.cpuregs\[13\]\[16\],20.565µm
_03537_,20.55µm
u_picorv32.picorv32_core.cpuregs\[5\]\[29\],20.545µm
_04983_,20.53µm
_02372_,20.52µm
_02073_,20.515µm
u_picorv32.picorv32_core.cpuregs\[8\]\[12\],20.505µm
_03797_,20.48µm
_03511_,20.47µm
u_picorv32.picorv32_core.cpuregs\[5\]\[23\],20.47µm
u_picorv32.picorv32_core.cpuregs\[24\]\[1\],20.465µm
_04135_,20.46µm
_04230_,20.46µm
_05335_,20.46µm
_05546_,20.46µm
mem_axi_awaddr[18],20.46µm
u_picorv32.picorv32_core.cpuregs\[30\]\[14\],20.44µm
u_picorv32.picorv32_core.cpuregs\[17\]\[23\],20.42µm
u_picorv32.picorv32_core.cpuregs\[6\]\[10\],20.42µm
_05246_,20.41µm
_02624_,20.4µm
u_picorv32.picorv32_core.cpuregs\[7\]\[13\],20.4µm
u_picorv32.picorv32_core.cpuregs\[0\]\[12\],20.39µm
_01744_,20.38µm
u_picorv32.picorv32_core.cpuregs\[10\]\[22\],20.37µm
u_picorv32.picorv32_core.cpuregs\[16\]\[7\],20.365µm
_04562_,20.355µm
_03333_,20.35µm
_04198_,20.34µm
u_picorv32.picorv32_core.cpuregs\[7\]\[3\],20.325µm
u_picorv32.picorv32_core.cpuregs\[28\]\[10\],20.3µm
_01550_,20.29µm
_01814_,20.29µm
_04533_,20.29µm
_04577_,20.29µm
_02649_,20.28µm
net88,20.28µm
net59,20.23µm
_03264_,20.215µm
_01831_,20.195µm
u_picorv32.picorv32_core.cpuregs\[7\]\[12\],20.185µm
_02894_,20.17µm
u_picorv32.picorv32_core.cpuregs\[1\]\[26\],20.17µm
u_picorv32.picorv32_core.cpuregs\[3\]\[29\],20.17µm
u_picorv32.picorv32_core.cpuregs\[6\]\[16\],20.17µm
_03954_,20.165µm
u_picorv32.picorv32_core.cpuregs\[13\]\[0\],20.125µm
_03549_,20.12µm
_01679_,20.11µm
_04401_,20.11µm
_05255_,20.11µm
u_picorv32.picorv32_core.alu_out\[30\],20.11µm
u_picorv32.picorv32_core.cpuregs\[13\]\[23\],20.07µm
u_picorv32.picorv32_core.cpuregs\[0\]\[10\],20.06µm
_04274_,20.05µm
_04651_,20.05µm
u_picorv32.picorv32_core.cpuregs\[4\]\[9\],20.05µm
u_picorv32.picorv32_core.cpuregs\[5\]\[12\],20.05µm
_02548_,20.04µm
_05289_,20.04µm
_04870_,20.035µm
_01784_,20.025µm
_02202_,20.02µm
_01946_,20µm
_04113_,20µm
u_picorv32.picorv32_core.cpuregs\[2\]\[25\],20µm
u_picorv32.picorv32_core.cpuregs\[30\]\[30\],20µm
_02254_,19.99µm
u_picorv32.picorv32_core.cpuregs\[16\]\[30\],19.99µm
_02764_,19.98µm
_05847_,19.98µm
mem_axi_rdata[20],19.98µm
mem_axi_wdata[9],19.98µm
net1800,19.97µm
net1802,19.97µm
mem_axi_rready,19.97µm
net,19.97µm
_04724_,19.965µm
_05565_,19.94µm
u_picorv32.picorv32_core.cpuregs\[1\]\[4\],19.94µm
u_picorv32.picorv32_core.cpuregs\[24\]\[20\],19.94µm
mem_axi_wdata[3],19.94µm
_03743_,19.93µm
_03847_,19.92µm
_05042_,19.905µm
u_picorv32.picorv32_core.cpuregs\[12\]\[0\],19.89µm
u_picorv32.picorv32_core.cpuregs\[4\]\[26\],19.88µm
_03162_,19.87µm
_05615_,19.87µm
_05728_,19.865µm
_04120_,19.86µm
_03687_,19.855µm
_01599_,19.85µm
_05578_,19.835µm
u_picorv32.picorv32_core.cpuregs\[11\]\[8\],19.825µm
_01840_,19.82µm
mem_axi_wdata[15],19.82µm
mem_axi_wdata[16],19.82µm
u_picorv32.picorv32_core.cpuregs\[0\]\[8\],19.81µm
u_picorv32.picorv32_core.cpuregs\[12\]\[29\],19.805µm
u_picorv32.picorv32_core.cpuregs\[3\]\[12\],19.805µm
_03281_,19.8µm
_04203_,19.8µm
u_picorv32.picorv32_core.cpuregs\[2\]\[21\],19.77µm
_05037_,19.76µm
u_picorv32.pcpi_rs1\[31\],19.75µm
_05874_,19.675µm
u_picorv32.picorv32_core.instr_beq,19.675µm
_02148_,19.64µm
_03218_,19.635µm
_05457_,19.63µm
mem_axi_rdata[18],19.61µm
u_picorv32.picorv32_core.cpuregs\[4\]\[15\],19.6µm
u_picorv32.picorv32_core.cpuregs\[21\]\[20\],19.535µm
_03126_,19.52µm
_02351_,19.51µm
_02982_,19.51µm
u_picorv32.picorv32_core.cpuregs\[7\]\[26\],19.51µm
u_picorv32.picorv32_core.count_cycle\[18\],19.495µm
_05665_,19.485µm
_01895_,19.455µm
_04975_,19.45µm
net40,19.45µm
u_picorv32.picorv32_core.count_cycle\[47\],19.45µm
u_picorv32.picorv32_core.cpuregs\[18\]\[6\],19.45µm
_03501_,19.445µm
_05564_,19.44µm
_04450_,19.38µm
_03924_,19.36µm
_05577_,19.355µm
_05236_,19.35µm
u_picorv32.picorv32_core.cpuregs\[16\]\[27\],19.325µm
_03991_,19.32µm
_01747_,19.315µm
_01761_,19.3µm
_02496_,19.27µm
u_picorv32.picorv32_core.cpuregs\[24\]\[16\],19.27µm
_02015_,19.26µm
u_picorv32.picorv32_core.reg_next_pc\[21\],19.255µm
_03928_,19.24µm
net1392,19.24µm
_03913_,19.22µm
u_picorv32.picorv32_core.cpuregs\[28\]\[17\],19.22µm
u_picorv32.picorv32_core.mem_rdata_q\[13\],19.2µm
net3418,19.185µm
_05285_,19.155µm
_04358_,19.15µm
u_picorv32.picorv32_core.cpuregs\[25\]\[16\],19.15µm
_01877_,19.145µm
net3469,19.14µm
net3494,19.14µm
mem_axi_rdata[1],19.13µm
mem_axi_rdata[22],19.13µm
mem_axi_rdata[28],19.13µm
mem_axi_rdata[3],19.13µm
_03764_,19.125µm
u_picorv32.picorv32_core.cpuregs\[12\]\[24\],19.12µm
net1599,19.12µm
u_picorv32.picorv32_core.cpuregs\[4\]\[19\],19.11µm
_01704_,19.105µm
_01911_,19.1µm
_04534_,19.1µm
_02336_,19.09µm
_05555_,19.09µm
net3490,19.09µm
net3499,19.09µm
_04448_,19.08µm
u_picorv32.picorv32_core.cpuregs\[29\]\[1\],19.04µm
_00486_,19.03µm
_02581_,19.02µm
mem_axi_wdata[12],19.02µm
_02589_,19.005µm
_03449_,19µm
_03150_,18.99µm
_01600_,18.98µm
_03156_,18.97µm
_05935_,18.97µm
u_picorv32.picorv32_core.cpuregs\[16\]\[3\],18.97µm
net1677,18.97µm
_05440_,18.92µm
u_picorv32.picorv32_core.cpuregs\[26\]\[16\],18.92µm
_04805_,18.91µm
u_picorv32.picorv32_core.cpuregs\[10\]\[3\],18.905µm
_01544_,18.86µm
_02256_,18.86µm
u_picorv32.picorv32_core.cpuregs\[18\]\[25\],18.86µm
_03034_,18.85µm
u_picorv32.picorv32_core.cpuregs\[20\]\[15\],18.85µm
_02386_,18.84µm
u_picorv32.picorv32_core.mem_rdata_q\[18\],18.84µm
_05488_,18.82µm
_02790_,18.795µm
u_picorv32.picorv32_core.cpuregs\[2\]\[11\],18.79µm
_02994_,18.78µm
_04372_,18.76µm
_03314_,18.75µm
_01955_,18.745µm
_02491_,18.73µm
_04707_,18.73µm
_02521_,18.72µm
_02801_,18.715µm
_05562_,18.69µm
u_picorv32.picorv32_core.cpuregs\[10\]\[10\],18.67µm
_03770_,18.665µm
_04121_,18.66µm
_04354_,18.66µm
_04490_,18.66µm
mem_axi_arready,18.65µm
mem_axi_rdata[0],18.65µm
mem_axi_rdata[10],18.65µm
mem_axi_rdata[11],18.65µm
mem_axi_rdata[12],18.65µm
mem_axi_rdata[13],18.65µm
mem_axi_rdata[14],18.65µm
mem_axi_rdata[15],18.65µm
mem_axi_rdata[16],18.65µm
mem_axi_rdata[17],18.65µm
mem_axi_rdata[19],18.65µm
mem_axi_rdata[21],18.65µm
mem_axi_rdata[23],18.65µm
mem_axi_rdata[24],18.65µm
mem_axi_rdata[26],18.65µm
mem_axi_rdata[29],18.65µm
mem_axi_rdata[30],18.65µm
mem_axi_rdata[31],18.65µm
mem_axi_rdata[4],18.65µm
mem_axi_rdata[5],18.65µm
mem_axi_rdata[6],18.65µm
mem_axi_rdata[7],18.65µm
mem_axi_rdata[8],18.65µm
mem_axi_rdata[9],18.65µm
mem_axi_rvalid,18.65µm
u_picorv32.picorv32_core.cpuregs\[24\]\[11\],18.645µm
_01917_,18.61µm
u_picorv32.picorv32_core.cpu_state\[3\],18.6µm
u_picorv32.picorv32_core.mem_rdata_q\[31\],18.6µm
_05172_,18.595µm
u_picorv32.picorv32_core.cpuregs\[7\]\[16\],18.595µm
_02533_,18.575µm
_03499_,18.57µm
net108,18.565µm
u_picorv32.picorv32_core.cpuregs\[7\]\[11\],18.56µm
_02670_,18.55µm
u_picorv32.picorv32_core.cpuregs\[18\]\[16\],18.55µm
_04588_,18.54µm
_04765_,18.54µm
_05066_,18.54µm
mem_axi_wdata[10],18.54µm
u_picorv32.picorv32_core.cpuregs\[24\]\[31\],18.515µm
_03241_,18.505µm
_03898_,18.5µm
u_picorv32.picorv32_core.cpuregs\[28\]\[26\],18.5µm
u_picorv32.picorv32_core.cpuregs\[6\]\[9\],18.49µm
u_picorv32.picorv32_core.cpuregs\[10\]\[12\],18.455µm
u_picorv32.picorv32_core.cpuregs\[18\]\[5\],18.45µm
u_picorv32.picorv32_core.cpuregs\[18\]\[12\],18.445µm
_01712_,18.43µm
_05347_,18.43µm
_05080_,18.42µm
_05838_,18.405µm
u_picorv32.picorv32_core.cpuregs\[13\]\[7\],18.39µm
_01818_,18.385µm
u_picorv32.picorv32_core.cpuregs\[28\]\[21\],18.385µm
_02051_,18.38µm
u_picorv32.picorv32_core.cpuregs\[14\]\[20\],18.38µm
u_picorv32.picorv32_core.cpuregs\[8\]\[25\],18.38µm
_04284_,18.36µm
_04345_,18.36µm
u_picorv32.picorv32_core.cpuregs\[4\]\[2\],18.355µm
u_picorv32.picorv32_core.reg_next_pc\[18\],18.355µm
u_picorv32.picorv32_core.cpuregs\[26\]\[5\],18.33µm
_03464_,18.325µm
_05169_,18.31µm
u_picorv32.picorv32_core.cpuregs\[26\]\[15\],18.275µm
u_picorv32.picorv32_core.cpuregs\[28\]\[12\],18.27µm
_01404_,18.24µm
_01758_,18.24µm
_03288_,18.24µm
_04082_,18.24µm
_02146_,18.225µm
_03975_,18.19µm
_04574_,18.19µm
u_picorv32.picorv32_core.cpuregs\[22\]\[18\],18.175µm
mem_axi_rdata[27],18.17µm
u_picorv32.picorv32_core.cpuregs\[17\]\[27\],18.165µm
u_picorv32.picorv32_core.cpuregs\[2\]\[24\],18.15µm
_03308_,18.13µm
u_picorv32.pcpi_rs1\[3\],18.13µm
u_picorv32.picorv32_core.cpuregs\[9\]\[7\],18.08µm
_00220_,18.07µm
_02361_,18.02µm
_03720_,18.01µm
_04314_,18.01µm
_05044_,18.01µm
_02327_,18µm
_01844_,17.995µm
u_picorv32.picorv32_core.cpuregs\[7\]\[31\],17.975µm
u_picorv32.picorv32_core.cpuregs\[13\]\[22\],17.97µm
u_picorv32.picorv32_core.cpuregs\[20\]\[27\],17.97µm
u_picorv32.picorv32_core.cpuregs\[26\]\[28\],17.97µm
u_picorv32.picorv32_core.cpuregs\[4\]\[12\],17.96µm
_04252_,17.95µm
_04641_,17.95µm
u_picorv32.picorv32_core.cpuregs\[14\]\[25\],17.95µm
u_picorv32.picorv32_core.cpuregs\[25\]\[2\],17.945µm
u_picorv32.picorv32_core.alu_out\[1\],17.94µm
u_picorv32.picorv32_core.instr_sub,17.925µm
u_picorv32.picorv32_core.cpuregs\[18\]\[1\],17.915µm
u_picorv32.picorv32_core.cpuregs\[4\]\[1\],17.915µm
u_picorv32.picorv32_core.cpuregs\[18\]\[31\],17.91µm
u_picorv32.picorv32_core.cpuregs\[2\]\[7\],17.91µm
_04233_,17.9µm
u_picorv32.picorv32_core.cpuregs\[4\]\[25\],17.9µm
_01750_,17.89µm
_01906_,17.89µm
_05627_,17.89µm
u_picorv32.picorv32_core.cpuregs\[0\]\[11\],17.89µm
net1862,17.88µm
mem_axi_araddr[10],17.87µm
mem_axi_araddr[11],17.87µm
mem_axi_araddr[12],17.87µm
mem_axi_araddr[13],17.87µm
mem_axi_araddr[14],17.87µm
mem_axi_araddr[15],17.87µm
mem_axi_araddr[16],17.87µm
mem_axi_araddr[17],17.87µm
mem_axi_araddr[18],17.87µm
mem_axi_araddr[19],17.87µm
mem_axi_araddr[20],17.87µm
mem_axi_araddr[21],17.87µm
mem_axi_araddr[22],17.87µm
mem_axi_araddr[23],17.87µm
mem_axi_araddr[24],17.87µm
mem_axi_araddr[25],17.87µm
mem_axi_araddr[26],17.87µm
mem_axi_araddr[27],17.87µm
mem_axi_araddr[29],17.87µm
mem_axi_araddr[2],17.87µm
mem_axi_araddr[30],17.87µm
mem_axi_araddr[31],17.87µm
mem_axi_araddr[3],17.87µm
mem_axi_araddr[4],17.87µm
mem_axi_araddr[5],17.87µm
mem_axi_araddr[6],17.87µm
mem_axi_araddr[7],17.87µm
mem_axi_araddr[8],17.87µm
mem_axi_arprot[2],17.87µm
mem_axi_arvalid,17.87µm
_04790_,17.865µm
_03837_,17.84µm
_02293_,17.83µm
_04049_,17.83µm
u_picorv32.picorv32_core.cpuregs\[12\]\[22\],17.805µm
_05404_,17.79µm
u_picorv32.picorv32_core.count_cycle\[14\],17.79µm
u_picorv32.picorv32_core.cpuregs\[14\]\[15\],17.79µm
u_picorv32.picorv32_core.cpuregs\[24\]\[3\],17.79µm
_03584_,17.77µm
u_picorv32.picorv32_core.alu_out\[10\],17.77µm
_02603_,17.76µm
_02939_,17.76µm
_03541_,17.76µm
_04778_,17.76µm
_01543_,17.745µm
_02281_,17.745µm
_01688_,17.7µm
_03983_,17.7µm
_05972_,17.7µm
u_picorv32.picorv32_core.cpuregs\[1\]\[20\],17.695µm
mem_axi_rdata[25],17.69µm
_02061_,17.675µm
u_picorv32.picorv32_core.cpuregs\[9\]\[0\],17.645µm
_03107_,17.64µm
_05276_,17.64µm
_02692_,17.61µm
_01748_,17.6µm
_05527_,17.6µm
u_picorv32.picorv32_core.reg_out\[15\],17.59µm
_04134_,17.58µm
_01406_,17.54µm
_02923_,17.54µm
net1805,17.54µm
mem_axi_wdata[1],17.54µm
mem_axi_wdata[28],17.54µm
mem_axi_wdata[29],17.54µm
_03681_,17.53µm
_04097_,17.53µm
_04378_,17.53µm
_04987_,17.52µm
_02219_,17.495µm
u_picorv32.picorv32_core.cpuregs\[7\]\[27\],17.495µm
_03194_,17.48µm
_03472_,17.48µm
u_picorv32.picorv32_core.cpuregs\[30\]\[10\],17.48µm
net3474,17.48µm
_02296_,17.47µm
_05290_,17.47µm
mem_axi_awready,17.46µm
mem_axi_wready,17.46µm
u_picorv32.picorv32_core.cpuregs\[0\]\[15\],17.425µm
net45,17.42µm
net2585,17.41µm
_05516_,17.405µm
_03591_,17.4µm
_04776_,17.4µm
net2761,17.4µm
mem_axi_bvalid,17.4µm
u_picorv32.picorv32_core.cpuregs\[13\]\[27\],17.385µm
_02407_,17.375µm
_03589_,17.34µm
_05368_,17.34µm
u_picorv32.picorv32_core.reg_next_pc\[8\],17.34µm
_02604_,17.335µm
_04176_,17.325µm
_02849_,17.315µm
_03271_,17.31µm
_03771_,17.31µm
u_picorv32.picorv32_core.cpuregs\[20\]\[22\],17.31µm
u_picorv32.picorv32_core.cpuregs\[22\]\[2\],17.31µm
net758,17.3µm
_01810_,17.29µm
u_picorv32.picorv32_core.reg_next_pc\[27\],17.28µm
mem_axi_wdata[11],17.28µm
u_picorv32.picorv32_core.cpuregs\[25\]\[22\],17.24µm
_03703_,17.23µm
_05800_,17.23µm
_02606_,17.22µm
_04522_,17.22µm
_01872_,17.17µm
_04249_,17.17µm
_04438_,17.17µm
_05337_,17.155µm
_05286_,17.14µm
_01718_,17.125µm
_01723_,17.125µm
u_picorv32.picorv32_core.cpuregs\[17\]\[17\],17.12µm
_04521_,17.11µm
_04825_,17.11µm
_05966_,17.11µm
net1803,17.1µm
net1804,17.1µm
net1806,17.1µm
net1807,17.1µm
mem_axi_awaddr[10],17.1µm
mem_axi_awaddr[11],17.1µm
mem_axi_awaddr[12],17.1µm
mem_axi_awaddr[13],17.1µm
mem_axi_awaddr[14],17.1µm
mem_axi_awaddr[15],17.1µm
mem_axi_awaddr[16],17.1µm
mem_axi_awaddr[17],17.1µm
mem_axi_awaddr[19],17.1µm
mem_axi_awaddr[20],17.1µm
mem_axi_awaddr[21],17.1µm
mem_axi_awaddr[22],17.1µm
mem_axi_awaddr[23],17.1µm
mem_axi_awaddr[24],17.1µm
mem_axi_awaddr[25],17.1µm
mem_axi_awaddr[26],17.1µm
mem_axi_awaddr[27],17.1µm
mem_axi_awaddr[28],17.1µm
mem_axi_awaddr[29],17.1µm
mem_axi_awaddr[2],17.1µm
mem_axi_awaddr[30],17.1µm
mem_axi_awaddr[31],17.1µm
mem_axi_awaddr[3],17.1µm
mem_axi_awaddr[4],17.1µm
mem_axi_awaddr[5],17.1µm
mem_axi_awaddr[6],17.1µm
mem_axi_awaddr[7],17.1µm
mem_axi_awaddr[8],17.1µm
mem_axi_awaddr[9],17.1µm
mem_axi_awvalid,17.1µm
mem_axi_bready,17.1µm
mem_axi_wdata[0],17.1µm
mem_axi_wdata[14],17.1µm
mem_axi_wdata[17],17.1µm
mem_axi_wdata[18],17.1µm
mem_axi_wdata[20],17.1µm
mem_axi_wdata[22],17.1µm
mem_axi_wdata[23],17.1µm
mem_axi_wdata[24],17.1µm
mem_axi_wdata[25],17.1µm
mem_axi_wdata[26],17.1µm
mem_axi_wdata[27],17.1µm
mem_axi_wdata[30],17.1µm
mem_axi_wdata[31],17.1µm
mem_axi_wdata[4],17.1µm
mem_axi_wdata[5],17.1µm
mem_axi_wdata[6],17.1µm
mem_axi_wdata[7],17.1µm
mem_axi_wstrb[0],17.1µm
mem_axi_wstrb[1],17.1µm
mem_axi_wstrb[3],17.1µm
_03533_,17.065µm
u_picorv32.picorv32_core.cpuregs\[8\]\[4\],17.06µm
mem_axi_wdata[8],17.06µm
_05208_,17.05µm
_03739_,17.04µm
_03761_,17.04µm
_03805_,17.04µm
_03936_,17.04µm
_04545_,17.04µm
net959,17.04µm
u_picorv32.picorv32_core.cpuregs\[28\]\[13\],17.01µm
_04431_,17µm
_00838_,16.99µm
_04620_,16.99µm
_04666_,16.98µm
_04961_,16.98µm
_05309_,16.98µm
u_picorv32.picorv32_core.cpuregs\[24\]\[19\],16.975µm
u_picorv32.picorv32_core.cpuregs\[1\]\[3\],16.95µm
u_picorv32.picorv32_core.cpuregs\[28\]\[7\],16.94µm
_00631_,16.93µm
u_picorv32.picorv32_core.cpuregs\[6\]\[30\],16.93µm
_02055_,16.92µm
_03984_,16.92µm
_04688_,16.92µm
_04757_,16.92µm
mem_axi_araddr[9],16.91µm
_05057_,16.87µm
_01808_,16.86µm
_02549_,16.86µm
_04151_,16.86µm
_01983_,16.83µm
u_picorv32.picorv32_core.cpuregs\[0\]\[2\],16.82µm
_01176_,16.81µm
_04692_,16.81µm
u_picorv32.pcpi_rs1\[4\],16.81µm
net3486,16.81µm
_02103_,16.8µm
_04642_,16.75µm
_01294_,16.74µm
_01860_,16.74µm
_02766_,16.74µm
_04783_,16.74µm
net3421,16.74µm
_02264_,16.72µm
u_picorv32.picorv32_core.reg_next_pc\[6\],16.72µm
u_picorv32.picorv32_core.cpuregs\[30\]\[5\],16.7µm
_02638_,16.69µm
_03399_,16.69µm
_04319_,16.69µm
_05121_,16.69µm
_05143_,16.69µm
net3471,16.69µm
_02113_,16.68µm
_04181_,16.68µm
_05299_,16.68µm
_05173_,16.675µm
_04593_,16.665µm
_04115_,16.64µm
u_picorv32.picorv32_core.cpuregs\[5\]\[18\],16.64µm
u_picorv32.picorv32_core.cpuregs\[5\]\[8\],16.64µm
_00984_,16.63µm
_03608_,16.63µm
_04126_,16.63µm
_02644_,16.62µm
_03182_,16.62µm
_05300_,16.62µm
mem_axi_wvalid,16.62µm
_01837_,16.61µm
u_picorv32.picorv32_core.cpuregs\[8\]\[8\],16.595µm
u_picorv32.picorv32_core.cpuregs\[17\]\[0\],16.58µm
_03229_,16.57µm
_03343_,16.57µm
_04802_,16.57µm
net69,16.57µm
_03740_,16.56µm
_04818_,16.55µm
_00781_,16.51µm
_02112_,16.51µm
_03307_,16.51µm
_04204_,16.51µm
_02583_,16.5µm
_04960_,16.5µm
u_picorv32.pcpi_rs1\[23\],16.5µm
_03585_,16.47µm
u_picorv32.picorv32_core.cpuregs\[0\]\[25\],16.47µm
net47,16.46µm
_02590_,16.455µm
_02755_,16.45µm
_05076_,16.45µm
_02232_,16.44µm
mem_axi_araddr[28],16.43µm
_03077_,16.425µm
_03641_,16.39µm
_04662_,16.39µm
_04947_,16.39µm
u_picorv32.picorv32_core.cpuregs\[10\]\[26\],16.39µm
u_picorv32.picorv32_core.cpuregs\[0\]\[9\],16.385µm
u_picorv32.picorv32_core.cpuregs\[18\]\[24\],16.355µm
_04494_,16.33µm
net3503,16.33µm
_01935_,16.325µm
u_picorv32.picorv32_core.alu_out_q\[24\],16.32µm
_02946_,16.305µm
_03776_,16.3µm
_02350_,16.29µm
_03682_,16.29µm
u_picorv32.picorv32_core.cpuregs\[26\]\[4\],16.28µm
_01002_,16.27µm
_01941_,16.27µm
_02800_,16.27µm
u_picorv32.picorv32_core.cpuregs\[29\]\[7\],16.255µm
_01656_,16.21µm
_02149_,16.21µm
_04799_,16.21µm
_05074_,16.21µm
_05375_,16.205µm
_03220_,16.2µm
_04576_,16.2µm
_04823_,16.2µm
_05340_,16.2µm
u_picorv32.picorv32_core.count_cycle\[39\],16.2µm
_05803_,16.195µm
_00105_,16.15µm
_00906_,16.14µm
mem_axi_wdata[13],16.14µm
mem_axi_wdata[2],16.14µm
mem_axi_wstrb[2],16.14µm
u_picorv32.picorv32_core.cpuregs\[30\]\[11\],16.11µm
u_picorv32.picorv32_core.cpuregs\[12\]\[10\],16.1µm
u_picorv32.pcpi_rs1\[9\],16.09µm
_05666_,16.085µm
_04730_,16.08µm
_05603_,16.08µm
_01579_,16.065µm
u_picorv32.picorv32_core.count_instr\[26\],16.05µm
_04683_,16.04µm
_05028_,16.02µm
_05563_,16.005µm
u_picorv32.picorv32_core.cpuregs\[12\]\[6\],16.005µm
u_picorv32.picorv32_core.cpuregs\[20\]\[14\],15.99µm
_05418_,15.985µm
u_picorv32.axi_adapter.xfer_done,15.985µm
_04178_,15.97µm
_05321_,15.97µm
_05841_,15.97µm
net1667,15.97µm
_01567_,15.96µm
_02077_,15.91µm
_00039_,15.9µm
_02967_,15.885µm
_04568_,15.885µm
_02810_,15.88µm
_01603_,15.87µm
_03110_,15.87µm
net324,15.86µm
_04916_,15.85µm
_05095_,15.85µm
net92,15.85µm
u_picorv32.picorv32_core.alu_out_q\[5\],15.85µm
u_picorv32.picorv32_core.reg_out\[12\],15.85µm
_03777_,15.84µm
_05910_,15.84µm
u_picorv32.picorv32_core.cpu_state\[2\],15.84µm
u_picorv32.picorv32_core.cpuregs\[5\]\[20\],15.8µm
u_picorv32.picorv32_core.reg_next_pc\[24\],15.795µm
_02338_,15.79µm
_04769_,15.78µm
_05600_,15.755µm
_00435_,15.74µm
_00476_,15.73µm
_00938_,15.73µm
_03715_,15.73µm
_05630_,15.73µm
_05983_,15.73µm
net2037,15.73µm
_03279_,15.72µm
_04034_,15.72µm
net2579,15.72µm
net2603,15.72µm
_04590_,15.715µm
_01674_,15.705µm
_03523_,15.7µm
_00949_,15.67µm
u_picorv32.picorv32_core.cpuregs\[16\]\[26\],15.665µm
_05336_,15.66µm
_00477_,15.645µm
_01319_,15.62µm
_03092_,15.61µm
_00274_,15.6µm
_04547_,15.6µm
_03179_,15.565µm
_01177_,15.56µm
_01290_,15.55µm
_02445_,15.55µm
_05595_,15.55µm
_03656_,15.545µm
_02799_,15.54µm
_04085_,15.54µm
u_picorv32.picorv32_core.cpuregs\[20\]\[30\],15.51µm
_02785_,15.505µm
_02658_,15.49µm
_04613_,15.49µm
_04649_,15.49µm
_02436_,15.48µm
_05444_,15.48µm
net2132,15.48µm
u_picorv32.picorv32_core.cpuregs\[12\]\[13\],15.465µm
u_picorv32.picorv32_core.cpuregs\[21\]\[19\],15.465µm
_01987_,15.455µm
_04325_,15.435µm
_05199_,15.43µm
_05284_,15.43µm
_02271_,15.42µm
_04722_,15.42µm
u_picorv32.picorv32_core.cpuregs\[0\]\[19\],15.42µm
_04936_,15.38µm
_04663_,15.37µm
_01715_,15.365µm
_01746_,15.365µm
_01159_,15.36µm
_04472_,15.36µm
u_picorv32.picorv32_core.alu_out_q\[23\],15.36µm
_02736_,15.315µm
net117,15.31µm
u_picorv32.pcpi_rs1\[19\],15.31µm
u_picorv32.picorv32_core.alu_out_q\[7\],15.31µm
net3470,15.31µm
net3483,15.31µm
_01010_,15.3µm
_03315_,15.3µm
_03675_,15.3µm
_04095_,15.3µm
_04348_,15.3µm
_04243_,15.27µm
u_picorv32.picorv32_core.cpuregs\[13\]\[21\],15.27µm
_05729_,15.265µm
_04788_,15.26µm
_02682_,15.25µm
_05275_,15.25µm
_02003_,15.24µm
_04847_,15.24µm
_05150_,15.24µm
net2354,15.24µm
net2616,15.24µm
_03005_,15.235µm
_01481_,15.22µm
u_picorv32.picorv32_core.cpuregs\[22\]\[12\],15.215µm
u_picorv32.picorv32_core.cpuregs\[8\]\[27\],15.215µm
_03945_,15.19µm
u_picorv32.picorv32_core.cpu_state\[4\],15.19µm
_00357_,15.18µm
_05039_,15.18µm
u_picorv32.picorv32_core.reg_out\[29\],15.15µm
_04068_,15.145µm
_01288_,15.14µm
_04329_,15.14µm
_03992_,15.13µm
u_picorv32.pcpi_rs1\[13\],15.13µm
_01995_,15.12µm
_02643_,15.12µm
_04353_,15.12µm
net2489,15.12µm
_02475_,15.09µm
_02067_,15.085µm
net471,15.08µm
_04055_,15.07µm
_03571_,15.06µm
_04965_,15.06µm
_02233_,15.055µm
_05828_,15.055µm
_01876_,15.04µm
_03100_,15.04µm
_04445_,15.035µm
_00929_,15.01µm
_01173_,15.01µm
_03810_,15.01µm
net2906,15.01µm
net107,15µm
_02618_,14.955µm
_00920_,14.95µm
_02553_,14.95µm
_03666_,14.94µm
_05848_,14.94µm
_04023_,14.925µm
_06007_,14.91µm
_03320_,14.905µm
_03750_,14.9µm
_05490_,14.9µm
_05895_,14.9µm
net2615,14.9µm
_02080_,14.89µm
_03195_,14.89µm
u_picorv32.pcpi_rs1\[8\],14.89µm
net3476,14.89µm
net3509,14.89µm
_04212_,14.88µm
_05082_,14.88µm
_05460_,14.88µm
u_picorv32.pcpi_rs1\[18\],14.88µm
_03072_,14.87µm
_05739_,14.865µm
_01881_,14.83µm
u_picorv32.pcpi_rs1\[24\],14.83µm
_01312_,14.82µm
_01676_,14.82µm
_02416_,14.82µm
_04128_,14.82µm
_03473_,14.795µm
_02107_,14.79µm
_01158_,14.77µm
_01576_,14.77µm
_03071_,14.77µm
_05133_,14.77µm
_05653_,14.77µm
_03820_,14.76µm
net2291,14.76µm
_03507_,14.745µm
_01695_,14.72µm
_00634_,14.71µm
_01004_,14.71µm
_01825_,14.71µm
_01932_,14.71µm
_04553_,14.71µm
net662,14.71µm
_00608_,14.7µm
_00748_,14.7µm
_01014_,14.7µm
_02773_,14.7µm
u_picorv32.picorv32_core.instr_addi,14.67µm
u_picorv32.picorv32_core.cpuregs\[24\]\[29\],14.66µm
_00650_,14.65µm
_02042_,14.65µm
_01078_,14.64µm
_01571_,14.64µm
_02707_,14.64µm
_02860_,14.64µm
_03117_,14.64µm
_03454_,14.64µm
_04766_,14.64µm
_05329_,14.64µm
net2553,14.64µm
_02288_,14.635µm
_03986_,14.6µm
_00539_,14.59µm
_04051_,14.59µm
_04676_,14.58µm
u_picorv32.picorv32_core.reg_next_pc\[12\],14.58µm
_02076_,14.545µm
_02318_,14.54µm
u_picorv32.picorv32_core.cpuregs\[0\]\[0\],14.54µm
u_picorv32.picorv32_core.reg_next_pc\[14\],14.54µm
_01094_,14.53µm
_02650_,14.53µm
_03705_,14.53µm
_03981_,14.53µm
_03367_,14.52µm
_05791_,14.52µm
net83,14.52µm
_02935_,14.49µm
u_picorv32.picorv32_core.cpuregs\[0\]\[31\],14.47µm
_04698_,14.46µm
_03513_,14.42µm
_05626_,14.42µm
_01833_,14.415µm
_02450_,14.41µm
_03134_,14.41µm
_05767_,14.41µm
u_picorv32.pcpi_rs1\[25\],14.41µm
_00037_,14.4µm
_03588_,14.4µm
_01766_,14.395µm
u_picorv32.picorv32_core.reg_pc\[9\],14.395µm
_05528_,14.375µm
_03757_,14.35µm
_03151_,14.34µm
_05036_,14.34µm
_02429_,14.305µm
_01153_,14.29µm
_01772_,14.29µm
_03512_,14.29µm
_05656_,14.29µm
_01916_,14.28µm
_02472_,14.28µm
_04889_,14.28µm
_05135_,14.28µm
_00136_,14.23µm
_01038_,14.23µm
_03337_,14.23µm
_04860_,14.23µm
_03012_,14.225µm
_02114_,14.22µm
_03751_,14.22µm
_00044_,14.18µm
_00033_,14.17µm
_02600_,14.17µm
_04112_,14.17µm
_04742_,14.17µm
_01042_,14.16µm
_02204_,14.16µm
_03651_,14.16µm
_03690_,14.16µm
net2082,14.16µm
net2248,14.16µm
net2674,14.16µm
_03255_,14.13µm
_04265_,14.125µm
_03438_,14.115µm
_00248_,14.11µm
_00418_,14.11µm
_05261_,14.11µm
_03474_,14.1µm
_04390_,14.1µm
_05098_,14.1µm
u_picorv32.picorv32_core.cpuregs\[4\]\[30\],14.085µm
_04584_,14.08µm
_04042_,14.065µm
_00504_,14.05µm
_01524_,14.05µm
_02359_,14.05µm
net3176,14.05µm
u_picorv32.picorv32_core.decoded_rd\[1\],14.05µm
_03609_,14.04µm
_03938_,14.04µm
net48,14.005µm
_04164_,14µm
_04848_,14µm
_01568_,13.995µm
_00619_,13.99µm
_01211_,13.99µm
_02334_,13.98µm
_05621_,13.98µm
u_picorv32.picorv32_core.reg_next_pc\[1\],13.98µm
u_picorv32.picorv32_core.cpuregs\[0\]\[29\],13.965µm
u_picorv32.picorv32_core.cpuregs\[20\]\[31\],13.96µm
_02620_,13.93µm
_04367_,13.93µm
net3487,13.93µm
_01977_,13.92µm
_02083_,13.92µm
_03600_,13.92µm
net2114,13.92µm
_02656_,13.9µm
_05905_,13.875µm
_03840_,13.87µm
_03874_,13.87µm
_05637_,13.87µm
net3473,13.87µm
net3501,13.87µm
net3518,13.87µm
net3522,13.87µm
_01597_,13.865µm
_00472_,13.86µm
_03634_,13.86µm
_04405_,13.86µm
_05706_,13.86µm
net3419,13.86µm
u_picorv32.picorv32_core.cpuregs\[0\]\[22\],13.82µm
_01574_,13.815µm
_04385_,13.81µm
_04421_,13.81µm
_05083_,13.81µm
_05480_,13.81µm
net110,13.81µm
_05872_,13.8µm
_04930_,13.795µm
net49,13.785µm
_01722_,13.76µm
_05468_,13.76µm
u_picorv32.picorv32_core.cpuregs\[30\]\[20\],13.76µm
_00772_,13.75µm
_00809_,13.75µm
_05502_,13.75µm
_01578_,13.745µm
_00081_,13.74µm
_03106_,13.74µm
net2914,13.725µm
u_picorv32.picorv32_core.cpuregs\[20\]\[25\],13.71µm
_01908_,13.705µm
net1977,13.7µm
net46,13.7µm
_01677_,13.69µm
_01780_,13.69µm
_01839_,13.69µm
_02392_,13.69µm
_03582_,13.69µm
_05988_,13.69µm
net2693,13.69µm
net3342,13.69µm
u_picorv32.pcpi_rs1\[29\],13.69µm
_05549_,13.685µm
_00516_,13.68µm
_01085_,13.68µm
_03789_,13.68µm
_03835_,13.68µm
_03927_,13.68µm
net1890,13.68µm
net2239,13.68µm
net2741,13.68µm
net3327,13.68µm
_05698_,13.675µm
_04721_,13.67µm
_02778_,13.645µm
_02631_,13.64µm
_04699_,13.62µm
_04801_,13.62µm
u_picorv32.picorv32_core.alu_out\[0\],13.62µm
_02825_,13.595µm
_05625_,13.595µm
_05669_,13.595µm
_00370_,13.57µm
_01076_,13.57µm
net1949,13.57µm
net1972,13.57µm
net2446,13.57µm
net2488,13.57µm
net2699,13.57µm
_01569_,13.56µm
_03095_,13.56µm
_04415_,13.56µm
_04900_,13.56µm
u_picorv32.pcpi_rs1\[2\],13.56µm
_03443_,13.545µm
_00823_,13.51µm
_04768_,13.51µm
_05832_,13.51µm
_05405_,13.5µm
_01816_,13.47µm
_03821_,13.455µm
_00663_,13.45µm
_01039_,13.45µm
_02515_,13.45µm
_04161_,13.45µm
_05256_,13.45µm
_05753_,13.45µm
u_picorv32.pcpi_rs2\[18\],13.45µm
net3505,13.45µm
_03769_,13.445µm
_04398_,13.445µm
_03866_,13.44µm
_04541_,13.44µm
net2302,13.44µm
_03672_,13.435µm
u_picorv32.picorv32_core.mem_rdata_q\[1\],13.435µm
_05399_,13.395µm
_00040_,13.39µm
_00421_,13.39µm
_04052_,13.39µm
_04307_,13.39µm
_05579_,13.39µm
net134,13.39µm
u_picorv32.pcpi_rs1\[6\],13.39µm
u_picorv32.picorv32_core.alu_out\[4\],13.39µm
net3514,13.39µm
_03407_,13.38µm
_03674_,13.38µm
_03926_,13.38µm
_04219_,13.38µm
_04591_,13.38µm
u_picorv32.picorv32_core.cpu_state\[5\],13.38µm
_01625_,13.37µm
_05449_,13.365µm
_03468_,13.34µm
_01478_,13.33µm
_01686_,13.33µm
_02154_,13.33µm
_04174_,13.33µm
_04285_,13.33µm
_05296_,13.33µm
_05413_,13.33µm
_01984_,13.32µm
_02049_,13.32µm
_04442_,13.32µm
_05601_,13.32µm
net2654,13.32µm
u_picorv32.picorv32_core.reg_next_pc\[3\],13.315µm
u_picorv32.picorv32_core.mem_rdata_q\[5\],13.28µm
_00319_,13.27µm
_00898_,13.27µm
_01210_,13.27µm
_03791_,13.27µm
_05282_,13.27µm
_05734_,13.27µm
_05822_,13.27µm
_00753_,13.26µm
_00915_,13.26µm
_01841_,13.26µm
_02216_,13.255µm
_00961_,13.245µm
_04636_,13.245µm
net2287,13.245µm
_02187_,13.235µm
u_picorv32.picorv32_core.cpuregs\[5\]\[11\],13.23µm
_04844_,13.225µm
_02027_,13.215µm
_02095_,13.21µm
_03827_,13.21µm
_04386_,13.21µm
_04867_,13.21µm
net3148,13.21µm
u_picorv32.pcpi_rs1\[14\],13.21µm
_01095_,13.2µm
_01521_,13.2µm
_02900_,13.2µm
net1828,13.2µm
net1844,13.2µm
net2084,13.2µm
net2236,13.2µm
net2289,13.2µm
net2379,13.2µm
net2414,13.2µm
net2467,13.2µm
net2695,13.2µm
net2718,13.2µm
net2726,13.2µm
net2905,13.2µm
net3106,13.2µm
u_picorv32.picorv32_core.cpuregs\[12\]\[19\],13.17µm
_01782_,13.165µm
_01767_,13.16µm
_02398_,13.15µm
_05223_,13.15µm
_03611_,13.14µm
_04160_,13.125µm
u_picorv32.pcpi_rs1\[26\],13.125µm
_01611_,13.095µm
_00077_,13.09µm
_00411_,13.09µm
_00936_,13.09µm
_01108_,13.09µm
_03283_,13.09µm
_05713_,13.09µm
_06003_,13.09µm
net1981,13.09µm
_05855_,13.085µm
_02627_,13.08µm
_04216_,13.08µm
_03109_,13.075µm
_01965_,13.065µm
_04910_,13.03µm
_05781_,13.03µm
_03354_,12.99µm
_02069_,12.98µm
_03298_,12.975µm
_01080_,12.97µm
_04804_,12.97µm
_04949_,12.97µm
_05607_,12.97µm
u_picorv32.picorv32_core.mem_rdata_q\[17\],12.97µm
_01641_,12.96µm
_03888_,12.935µm
_05421_,12.915µm
_00306_,12.91µm
_00944_,12.91µm
_00988_,12.91µm
_01912_,12.91µm
_02309_,12.91µm
_03080_,12.91µm
_04346_,12.91µm
_04754_,12.91µm
_04911_,12.91µm
_05628_,12.91µm
_00581_,12.9µm
_04009_,12.9µm
_03259_,12.895µm
_04266_,12.89µm
net1898,12.885µm
_04451_,12.87µm
_00120_,12.85µm
_01725_,12.85µm
_02165_,12.85µm
_02551_,12.85µm
_02588_,12.85µm
_02831_,12.85µm
_03626_,12.85µm
_04347_,12.85µm
net3130,12.85µm
_01849_,12.84µm
_03211_,12.84µm
net2068,12.84µm
_04532_,12.835µm
_05081_,12.835µm
_00256_,12.82µm
_05945_,12.8µm
_05445_,12.795µm
net3475,12.795µm
_01539_,12.79µm
_03457_,12.79µm
_03494_,12.79µm
_04338_,12.79µm
_01058_,12.78µm
_03567_,12.78µm
_04119_,12.78µm
_04495_,12.78µm
_05131_,12.78µm
_02414_,12.775µm
_00606_,12.765µm
_02703_,12.75µm
_02912_,12.74µm
net3525,12.74µm
u_picorv32.picorv32_core.reg_next_pc\[20\],12.735µm
_02630_,12.73µm
_03036_,12.73µm
_03758_,12.73µm
_04356_,12.73µm
net2081,12.73µm
net3040,12.73µm
u_picorv32.picorv32_core.reg_next_pc\[16\],12.73µm
u_picorv32.picorv32_core.reg_next_pc\[19\],12.73µm
_00361_,12.72µm
_00897_,12.72µm
_02152_,12.72µm
_02576_,12.72µm
_03431_,12.72µm
_04453_,12.72µm
net1855,12.72µm
net1999,12.72µm
_03894_,12.685µm
_05339_,12.68µm
_00052_,12.67µm
_01548_,12.67µm
_01924_,12.67µm
_02752_,12.67µm
_04186_,12.67µm
_05192_,12.67µm
_05957_,12.67µm
_01666_,12.62µm
net1166,12.62µm
_01826_,12.615µm
_00393_,12.61µm
_00718_,12.61µm
_00799_,12.61µm
_00918_,12.61µm
_01000_,12.61µm
_01015_,12.61µm
_01741_,12.61µm
_02545_,12.61µm
_03803_,12.61µm
_04862_,12.61µm
_05752_,12.61µm
net1859,12.61µm
net2271,12.61µm
net3025,12.61µm
net3037,12.61µm
u_picorv32.picorv32_core.reg_next_pc\[9\],12.6µm
_00916_,12.585µm
_05453_,12.575µm
_00043_,12.55µm
_00980_,12.54µm
_05886_,12.54µm
_00311_,12.51µm
_02605_,12.495µm
_00074_,12.49µm
_01157_,12.49µm
_01515_,12.49µm
_01536_,12.49µm
_05061_,12.49µm
net82,12.49µm
_03934_,12.48µm
_04864_,12.48µm
_04873_,12.48µm
net2736,12.48µm
u_picorv32.pcpi_rs1\[1\],12.48µm
_04773_,12.47µm
_01979_,12.465µm
_00554_,12.43µm
_01584_,12.43µm
_02097_,12.43µm
_02397_,12.43µm
_02557_,12.43µm
_04162_,12.43µm
_05511_,12.43µm
_05947_,12.43µm
_05990_,12.43µm
u_picorv32.picorv32_core.instr_rdinstr,12.43µm
net3498,12.43µm
_00919_,12.42µm
_05996_,12.42µm
_01564_,12.405µm
_04833_,12.375µm
_01612_,12.37µm
_02043_,12.37µm
_02562_,12.37µm
_03447_,12.37µm
_05930_,12.37µm
net1913,12.37µm
net2830,12.37µm
_01829_,12.365µm
_03310_,12.36µm
net1905,12.36µm
net2026,12.36µm
net2060,12.36µm
net2433,12.36µm
net2454,12.36µm
net2560,12.36µm
net2570,12.36µm
net2586,12.36µm
net2588,12.36µm
net2666,12.36µm
net2806,12.36µm
net2820,12.36µm
net2829,12.36µm
net2858,12.36µm
net3158,12.36µm
u_picorv32.pcpi_rs1\[7\],12.36µm
u_picorv32.picorv32_core.reg_pc\[26\],12.355µm
_00065_,12.31µm
_00346_,12.31µm
_00383_,12.31µm
_00470_,12.31µm
_00570_,12.31µm
_01522_,12.31µm
_04780_,12.31µm
_00813_,12.3µm
_01321_,12.3µm
_03136_,12.295µm
_04001_,12.285µm
_03555_,12.255µm
_00252_,12.25µm
_01320_,12.25µm
_03013_,12.25µm
_03285_,12.25µm
_03903_,12.25µm
_04560_,12.25µm
_04866_,12.25µm
net2362,12.25µm
net2547,12.25µm
u_picorv32.picorv32_core.mem_rdata_q\[12\],12.25µm
_00448_,12.24µm
_01101_,12.24µm
_01273_,12.24µm
_02088_,12.24µm
_04159_,12.24µm
net1840,12.24µm
net1985,12.24µm
net2505,12.24µm
net2542,12.24µm
net2692,12.24µm
_01624_,12.235µm
_04271_,12.195µm
_01709_,12.19µm
_03595_,12.19µm
_04497_,12.19µm
_04797_,12.19µm
net2276,12.185µm
net3242,12.16µm
_04368_,12.155µm
_02068_,12.15µm
_03466_,12.15µm
_01565_,12.145µm
_00460_,12.13µm
_00788_,12.13µm
_02651_,12.13µm
_02744_,12.13µm
_02920_,12.13µm
_04785_,12.13µm
net1816,12.13µm
net3171,12.13µm
_00350_,12.12µm
_04185_,12.12µm
net3488,12.105µm
_02780_,12.095µm
_00396_,12.07µm
_00709_,12.07µm
_04371_,12.06µm
_05849_,12.045µm
_01412_,12.01µm
_01508_,12.01µm
u_picorv32.picorv32_core.decoded_imm_j\[20\],12.01µm
net3495,12.01µm
_02830_,12.005µm
_01315_,12µm
_02558_,12µm
_04131_,12µm
_04475_,12µm
_04578_,12µm
_05210_,12µm
net2412,12µm
_04200_,11.99µm
_03247_,11.97µm
_03623_,11.96µm
_00406_,11.95µm
_00582_,11.95µm
_01287_,11.95µm
_02691_,11.95µm
_03450_,11.95µm
_04492_,11.95µm
_05496_,11.95µm
_05796_,11.95µm
_05842_,11.95µm
net3467,11.95µm
_00259_,11.94µm
_01649_,11.94µm
_02479_,11.94µm
_03583_,11.94µm
_04530_,11.94µm
_05402_,11.94µm
_05619_,11.94µm
_05474_,11.925µm
u_picorv32.picorv32_core.reg_next_pc\[17\],11.925µm
_03123_,11.915µm
_00115_,11.89µm
_02243_,11.89µm
_02298_,11.89µm
_03042_,11.89µm
_03487_,11.89µm
_03543_,11.89µm
_03794_,11.89µm
_04439_,11.89µm
_04674_,11.89µm
_04729_,11.89µm
_05940_,11.89µm
net1820,11.89µm
net2039,11.89µm
net2344,11.89µm
net2625,11.89µm
net3120,11.89µm
_02954_,11.885µm
net1944,11.88µm
net1955,11.88µm
net2224,11.88µm
net3178,11.88µm
_02220_,11.87µm
_03752_,11.87µm
_05638_,11.865µm
_03249_,11.84µm
_03497_,11.84µm
_03509_,11.835µm
_00087_,11.83µm
_00388_,11.83µm
_00466_,11.83µm
_00518_,11.83µm
_00814_,11.83µm
_00952_,11.83µm
_03635_,11.83µm
_05766_,11.83µm
_01121_,11.82µm
_02066_,11.82µm
_05176_,11.82µm
_03007_,11.79µm
_05663_,11.79µm
_03098_,11.78µm
_04167_,11.78µm
net3497,11.78µm
net3517,11.78µm
_01768_,11.77µm
_02276_,11.77µm
_04465_,11.77µm
_04601_,11.77µm
_05789_,11.77µm
_05892_,11.77µm
net2425,11.77µm
_00132_,11.76µm
_00185_,11.76µm
_00387_,11.76µm
_00404_,11.76µm
_00442_,11.76µm
_00471_,11.76µm
_00474_,11.76µm
_00749_,11.76µm
_00797_,11.76µm
_00875_,11.76µm
_00922_,11.76µm
_01311_,11.76µm
_03519_,11.76µm
_03830_,11.76µm
_03930_,11.76µm
_05500_,11.76µm
_06008_,11.76µm
net2330,11.76µm
net2382,11.76µm
net2475,11.76µm
net2561,11.76µm
net2803,11.76µm
net2895,11.76µm
_01664_,11.755µm
_04246_,11.73µm
_04746_,11.72µm
_04224_,11.715µm
_03839_,11.71µm
_04079_,11.71µm
_05311_,11.71µm
_04287_,11.705µm
_00375_,11.695µm
_04582_,11.665µm
_01598_,11.66µm
_03854_,11.66µm
_02291_,11.65µm
_05902_,11.65µm
net2098,11.65µm
net3132,11.65µm
_03101_,11.64µm
_05667_,11.64µm
_04005_,11.63µm
_03102_,11.625µm
_05548_,11.615µm
_01188_,11.59µm
_01298_,11.59µm
_01318_,11.59µm
_01503_,11.58µm
_01511_,11.58µm
_03419_,11.58µm
_04267_,11.58µm
_04682_,11.58µm
u_picorv32.picorv32_core.alu_out_q\[9\],11.58µm
_00082_,11.565µm
_01710_,11.54µm
_02917_,11.54µm
_00222_,11.53µm
_00338_,11.53µm
_00438_,11.53µm
_03965_,11.53µm
_04879_,11.53µm
_05741_,11.53µm
net85,11.53µm
net3465,11.53µm
_01609_,11.52µm
_03784_,11.52µm
_04471_,11.52µm
_04550_,11.52µm
_05327_,11.52µm
_05651_,11.52µm
net2296,11.52µm
net2660,11.52µm
net2961,11.52µm
_00759_,11.505µm
_01580_,11.505µm
_03978_,11.505µm
_01626_,11.475µm
_00067_,11.47µm
_00456_,11.47µm
_00653_,11.47µm
_02337_,11.47µm
_03084_,11.47µm
_03278_,11.47µm
_03755_,11.47µm
_04894_,11.47µm
_05731_,11.47µm
u_picorv32.axi_adapter.ack_arvalid,11.47µm
u_picorv32.pcpi_rs1\[12\],11.47µm
net3489,11.47µm
_03819_,11.465µm
_02646_,11.46µm
_02776_,11.46µm
_03994_,11.46µm
_04110_,11.46µm
_04751_,11.46µm
_05374_,11.46µm
_03679_,11.44µm
_01998_,11.435µm
_01262_,11.41µm
_04098_,11.41µm
_04646_,11.41µm
_04832_,11.41µm
_05414_,11.41µm
_05834_,11.41µm
net2208,11.41µm
net2601,11.41µm
_01699_,11.4µm
_05198_,11.395µm
_00822_,11.38µm
_01731_,11.36µm
_03943_,11.36µm
_00610_,11.35µm
_00620_,11.35µm
_04498_,11.35µm
_04741_,11.35µm
u_picorv32.picorv32_core.instr_rdcycle,11.35µm
_00696_,11.34µm
_03386_,11.34µm
_03554_,11.34µm
_04723_,11.34µm
_05358_,11.34µm
_03895_,11.325µm
_05128_,11.325µm
_02250_,11.31µm
_02706_,11.31µm
_03040_,11.3µm
_03793_,11.3µm
_03809_,11.3µm
_05889_,11.3µm
_03877_,11.295µm
_00355_,11.29µm
_02048_,11.29µm
_02777_,11.29µm
_03026_,11.29µm
_03967_,11.29µm
_04045_,11.29µm
_04583_,11.29µm
_04794_,11.29µm
_04872_,11.29µm
_05454_,11.29µm
_05907_,11.29µm
net2262,11.29µm
net2498,11.29µm
_00145_,11.28µm
_00176_,11.28µm
_00399_,11.28µm
_00910_,11.28µm
_01043_,11.28µm
_02376_,11.28µm
_03120_,11.28µm
_04466_,11.28µm
net2117,11.28µm
net2226,11.28µm
net2417,11.28µm
net2512,11.28µm
net2539,11.28µm
net2702,11.28µm
net3014,11.28µm
net3336,11.28µm
_04903_,11.265µm
_04067_,11.24µm
_05297_,11.23µm
_05324_,11.23µm
_05790_,11.22µm
_00123_,11.205µm
_05829_,11.195µm
_05891_,11.19µm
_02542_,11.18µm
_03480_,11.18µm
u_picorv32.picorv32_core.mem_rdata_q\[6\],11.175µm
_02092_,11.17µm
_02525_,11.17µm
_04228_,11.17µm
_04351_,11.17µm
_04537_,11.17µm
_05539_,11.17µm
net2301,11.17µm
_03665_,11.165µm
_02101_,11.16µm
net3286,11.16µm
_02512_,11.12µm
_03613_,11.11µm
_01397_,11.1µm
_03257_,11.1µm
_04142_,11.1µm
_05992_,11.1µm
net3466,11.1µm
_02543_,11.085µm
_04474_,11.06µm
_00107_,11.05µm
_00345_,11.05µm
_00580_,11.05µm
_01272_,11.05µm
_01437_,11.05µm
_04611_,11.05µm
_05860_,11.05µm
net3431,11.05µm
net3478,11.05µm
_01587_,11.04µm
_01658_,11.04µm
_02645_,11.04µm
_03173_,11.04µm
_03260_,11.04µm
_03267_,11.04µm
_04382_,11.04µm
_04484_,11.04µm
_04502_,11.04µm
_04625_,11.04µm
_05011_,11.04µm
_05026_,11.04µm
net2303,11.04µm
net2529,11.04µm
u_picorv32.axi_adapter.ack_awvalid,11.04µm
_02632_,11µm
_00254_,10.99µm
_00334_,10.99µm
_00463_,10.99µm
_02666_,10.99µm
_03029_,10.99µm
_03728_,10.99µm
_03896_,10.99µm
_04885_,10.99µm
_05069_,10.99µm
_06002_,10.99µm
u_picorv32.pcpi_rs1\[27\],10.99µm
net3472,10.99µm
_04919_,10.98µm
_05779_,10.98µm
net2580,10.965µm
_01174_,10.93µm
_02537_,10.93µm
_03455_,10.93µm
_04539_,10.93µm
net1834,10.93µm
net2204,10.93µm
net2458,10.93µm
net3172,10.93µm
_03526_,10.92µm
net2290,10.92µm
_04665_,10.915µm
net3482,10.915µm
_03251_,10.905µm
_00152_,10.87µm
_00243_,10.87µm
_00351_,10.87µm
_00394_,10.87µm
_00398_,10.87µm
_00536_,10.87µm
_00645_,10.87µm
_00670_,10.87µm
_02681_,10.87µm
_01755_,10.865µm
_02163_,10.86µm
_02384_,10.86µm
_04255_,10.86µm
_04289_,10.86µm
_04816_,10.86µm
_04839_,10.86µm
_05338_,10.86µm
_00914_,10.83µm
net3513,10.82µm
_00015_,10.81µm
_02342_,10.81µm
_02494_,10.81µm
_03262_,10.81µm
_03540_,10.81µm
_04473_,10.81µm
_05003_,10.81µm
net2383,10.81µm
net2689,10.81µm
_04837_,10.805µm
_00251_,10.8µm
_01060_,10.8µm
_02341_,10.8µm
_03616_,10.8µm
_04282_,10.8µm
_04412_,10.8µm
_04559_,10.8µm
net2180,10.8µm
net2240,10.8µm
net2516,10.8µm
net2544,10.8µm
net2684,10.8µm
net2922,10.8µm
net2926,10.8µm
_02699_,10.75µm
_04986_,10.75µm
net3468,10.75µm
_04485_,10.745µm
_00451_,10.74µm
_04743_,10.73µm
_00461_,10.725µm
_03087_,10.725µm
_02514_,10.72µm
_03912_,10.695µm
_00502_,10.69µm
_03562_,10.69µm
_03969_,10.69µm
_05882_,10.69µm
net1847,10.69µm
net2480,10.69µm
_00110_,10.68µm
_00424_,10.68µm
_02765_,10.68µm
net2133,10.68µm
_03581_,10.66µm
_04088_,10.635µm
_04940_,10.63µm
_04058_,10.62µm
_05160_,10.62µm
u_picorv32.picorv32_core.reg_next_pc\[4\],10.62µm
net3516,10.62µm
_04468_,10.59µm
net2353,10.59µm
_00773_,10.57µm
_00876_,10.57µm
_01934_,10.57µm
_03038_,10.57µm
_03732_,10.57µm
_03941_,10.57µm
_05243_,10.57µm
_02592_,10.56µm
_04130_,10.56µm
_04225_,10.56µm
_04295_,10.56µm
_04551_,10.56µm
_05090_,10.56µm
_05775_,10.56µm
net2125,10.56µm
net2187,10.56µm
net2320,10.56µm
net2440,10.56µm
u_picorv32.picorv32_core.decoded_rd\[0\],10.56µm
_02370_,10.55µm
_02829_,10.515µm
_00071_,10.51µm
_00193_,10.51µm
_00330_,10.51µm
_00686_,10.51µm
_00731_,10.51µm
_00985_,10.51µm
_01510_,10.51µm
_01635_,10.51µm
_02641_,10.51µm
_04622_,10.51µm
_04909_,10.51µm
_04921_,10.51µm
u_picorv32.pcpi_rs1\[22\],10.51µm
_00122_,10.5µm
_01269_,10.5µm
_02038_,10.5µm
u_picorv32.picorv32_core.latched_rd\[3\],10.5µm
_02640_,10.485µm
_03851_,10.485µm
net1891,10.485µm
_02303_,10.46µm
_02524_,10.46µm
_04581_,10.46µm
_00487_,10.45µm
_01216_,10.45µm
_01866_,10.45µm
_02662_,10.45µm
_02794_,10.45µm
_03622_,10.45µm
_04041_,10.45µm
_04337_,10.45µm
_05839_,10.45µm
_05973_,10.45µm
net2247,10.45µm
net2323,10.45µm
net2872,10.45µm
net3180,10.45µm
_05674_,10.44µm
_05807_,10.44µm
_05923_,10.44µm
u_picorv32.picorv32_core.cpuregs\[0\]\[4\],10.44µm
_03884_,10.425µm
_04604_,10.42µm
net2355,10.395µm
_00166_,10.39µm
_00742_,10.39µm
_00981_,10.39µm
_01044_,10.39µm
_01057_,10.39µm
_04624_,10.39µm
_03796_,10.38µm
_05041_,10.38µm
_02185_,10.36µm
_04761_,10.35µm
_04978_,10.35µm
_01859_,10.34µm
_05852_,10.34µm
_00616_,10.33µm
_02129_,10.33µm
_02399_,10.33µm
_03154_,10.33µm
_03937_,10.33µm
_05916_,10.33µm
net2137,10.33µm
net2200,10.33µm
net2206,10.33µm
net2377,10.33µm
net2608,10.33µm
net2846,10.33µm
net2865,10.33µm
net3123,10.33µm
_00183_,10.32µm
_00481_,10.32µm
_00842_,10.32µm
_00917_,10.32µm
_02884_,10.32µm
_02905_,10.32µm
_03565_,10.32µm
_03836_,10.32µm
_03947_,10.32µm
_03957_,10.32µm
net1860,10.32µm
net1961,10.32µm
net2163,10.32µm
net2233,10.32µm
net2424,10.32µm
net2436,10.32µm
net2665,10.32µm
net2816,10.32µm
net2851,10.32µm
net2958,10.32µm
net3042,10.32µm
u_picorv32.picorv32_core.reg_next_pc\[7\],10.32µm
u_picorv32.picorv32_core.cpuregs\[12\]\[3\],10.29µm
_03075_,10.28µm
_04888_,10.27µm
_01357_,10.26µm
_02020_,10.26µm
_00238_,10.245µm
_01348_,10.245µm
_02005_,10.235µm
_02339_,10.235µm
_00584_,10.21µm
_04403_,10.21µm
_05614_,10.21µm
_05837_,10.21µm
net2343,10.21µm
net3118,10.21µm
_03213_,10.2µm
_05361_,10.2µm
_03481_,10.185µm
_04792_,10.175µm
_00034_,10.15µm
_01154_,10.15µm
_01282_,10.15µm
_05584_,10.145µm
_00041_,10.14µm
_04710_,10.125µm
_03488_,10.1µm
_00699_,10.09µm
_00829_,10.09µm
_01705_,10.09µm
_01707_,10.09µm
_05598_,10.09µm
_05894_,10.09µm
_05994_,10.09µm
_06012_,10.09µm
_01655_,10.08µm
_02253_,10.08µm
_02469_,10.08µm
_02629_,10.08µm
_02911_,10.08µm
_03985_,10.08µm
_04025_,10.08µm
_04750_,10.08µm
_04876_,10.08µm
net1867,10.08µm
net2347,10.08µm
net2677,10.08µm
net2888,10.08µm
net3079,10.08µm
_00854_,10.065µm
_04542_,10.06µm
_04210_,10.055µm
_00021_,10.03µm
_00066_,10.03µm
_00068_,10.03µm
_00113_,10.03µm
_00258_,10.03µm
_00622_,10.03µm
_00688_,10.03µm
_01299_,10.03µm
_01422_,10.03µm
_01857_,10.03µm
_03900_,10.03µm
_04628_,10.03µm
_05079_,10.03µm
net2756,10.03µm
_01467_,10.02µm
_02440_,10.02µm
_04897_,10.02µm
_05410_,10.02µm
net436,10.02µm
_01103_,10µm
_01914_,9.975µm
_01034_,9.97µm
_01458_,9.97µm
_02457_,9.97µm
_02655_,9.97µm
_02847_,9.97µm
_03326_,9.97µm
_03547_,9.97µm
_04647_,9.97µm
_04865_,9.97µm
_05048_,9.97µm
net1854,9.97µm
net2091,9.97µm
net2421,9.97µm
net2581,9.97µm
net2818,9.97µm
_01900_,9.965µm
_02478_,9.96µm
net2334,9.96µm
net2378,9.96µm
net2524,9.96µm
net2760,9.96µm
_03009_,9.955µm
_04654_,9.95µm
_01362_,9.93µm
_02218_,9.915µm
_00070_,9.91µm
_00078_,9.91µm
_00080_,9.91µm
_00498_,9.91µm
_00530_,9.91µm
_00550_,9.91µm
_00552_,9.91µm
_00880_,9.91µm
_01062_,9.91µm
_01222_,9.91µm
_01317_,9.91µm
_01339_,9.91µm
_04579_,9.91µm
_04580_,9.91µm
_05127_,9.9µm
_05194_,9.9µm
_05302_,9.9µm
_04899_,9.89µm
net2859,9.885µm
_03411_,9.87µm
_05481_,9.865µm
_01830_,9.86µm
_02134_,9.86µm
net3496,9.86µm
net3502,9.86µm
net3524,9.86µm
net3529,9.86µm
net3532,9.86µm
net3534,9.86µm
_00648_,9.85µm
_02883_,9.85µm
_03165_,9.85µm
_03871_,9.85µm
_04066_,9.85µm
_05010_,9.85µm
_05512_,9.85µm
_05715_,9.85µm
net2019,9.85µm
net2569,9.85µm
net2967,9.85µm
net3144,9.85µm
net3262,9.85µm
_00018_,9.84µm
_00281_,9.84µm
_00613_,9.84µm
_00722_,9.84µm
_02835_,9.84µm
_03344_,9.84µm
_03881_,9.84µm
_03920_,9.84µm
_04286_,9.84µm
_04419_,9.84µm
_04544_,9.84µm
_04702_,9.84µm
_04775_,9.84µm
_05451_,9.84µm
_05720_,9.84µm
net1825,9.84µm
net1886,9.84µm
net1909,9.84µm
net1911,9.84µm
net1917,9.84µm
net1973,9.84µm
net2007,9.84µm
net2077,9.84µm
net2086,9.84µm
net2159,9.84µm
net2170,9.84µm
net2191,9.84µm
net2218,9.84µm
net2300,9.84µm
net2311,9.84µm
net2359,9.84µm
net2361,9.84µm
net2370,9.84µm
net2396,9.84µm
net2432,9.84µm
net2490,9.84µm
net2499,9.84µm
net2519,9.84µm
net2631,9.84µm
net2635,9.84µm
net2659,9.84µm
net2706,9.84µm
net2724,9.84µm
net2725,9.84µm
net2732,9.84µm
net2747,9.84µm
net2758,9.84µm
net2786,9.84µm
net2787,9.84µm
net2794,9.84µm
net2815,9.84µm
net2848,9.84µm
net2860,9.84µm
net2897,9.84µm
net2904,9.84µm
net2972,9.84µm
net2982,9.84µm
net3036,9.84µm
net3044,9.84µm
net3077,9.84µm
net3078,9.84µm
net3136,9.84µm
net3168,9.84µm
net3186,9.84µm
net3189,9.84µm
net3200,9.84µm
net3209,9.84µm
net3222,9.84µm
net3225,9.84µm
net3311,9.84µm
net3355,9.84µm
net3367,9.84µm
net3371,9.84µm
_02725_,9.825µm
_03250_,9.825µm
_04056_,9.8µm
_04477_,9.795µm
_02040_,9.79µm
_02740_,9.79µm
_03916_,9.79µm
_05281_,9.79µm
_03718_,9.78µm
_01136_,9.765µm
_00036_,9.76µm
_04004_,9.75µm
_01800_,9.74µm
_01871_,9.74µm
_02532_,9.74µm
net3289,9.74µm
_00680_,9.73µm
_03008_,9.73µm
_04218_,9.73µm
_04306_,9.73µm
_04308_,9.73µm
_00079_,9.72µm
_00146_,9.72µm
_05369_,9.72µm
net2263,9.72µm
net2403,9.72µm
_03942_,9.705µm
_00053_,9.68µm
_01133_,9.67µm
_01170_,9.67µm
_01411_,9.67µm
_01479_,9.67µm
_03103_,9.67µm
_03950_,9.665µm
_00204_,9.66µm
_00482_,9.66µm
_00850_,9.66µm
_01048_,9.66µm
_02157_,9.66µm
_03429_,9.66µm
_03678_,9.66µm
_04253_,9.66µm
_04480_,9.66µm
_04691_,9.66µm
_05771_,9.66µm
_01834_,9.655µm
_04575_,9.645µm
net2940,9.645µm
net2184,9.63µm
_04508_,9.615µm
_00826_,9.61µm
_01070_,9.61µm
_01071_,9.61µm
_01474_,9.61µm
_03514_,9.61µm
_05075_,9.61µm
_05590_,9.61µm
net90,9.61µm
net3500,9.61µm
_01682_,9.6µm
_02343_,9.6µm
_03190_,9.6µm
_03316_,9.6µm
_05702_,9.6µm
_05868_,9.6µm
_05876_,9.6µm
_05926_,9.6µm
_05941_,9.6µm
net2145,9.6µm
net2275,9.6µm
net2683,9.6µm
_05408_,9.575µm
_01646_,9.56µm
_02301_,9.555µm
_05708_,9.555µm
_00085_,9.55µm
_00092_,9.55µm
_00188_,9.55µm
_00236_,9.55µm
_00242_,9.55µm
_00322_,9.55µm
_00483_,9.55µm
_00489_,9.55µm
_00519_,9.55µm
_00671_,9.55µm
_00684_,9.55µm
_00844_,9.55µm
_00953_,9.55µm
_01081_,9.55µm
_01271_,9.55µm
_01520_,9.55µm
_02451_,9.55µm
_03529_,9.55µm
_03815_,9.55µm
_03872_,9.55µm
_04736_,9.55µm
_05049_,9.55µm
_05235_,9.55µm
_05295_,9.55µm
_00089_,9.54µm
_01274_,9.54µm
_03297_,9.54µm
_04845_,9.525µm
net2719,9.525µm
_00084_,9.49µm
_01147_,9.49µm
_02320_,9.49µm
_02404_,9.49µm
_03053_,9.49µm
_03653_,9.49µm
_03882_,9.49µm
_04125_,9.49µm
_04811_,9.49µm
net1870,9.49µm
net2252,9.49µm
net2283,9.49µm
net2321,9.49µm
net2373,9.49µm
net2386,9.49µm
net2497,9.49µm
net2551,9.49µm
net2589,9.49µm
net2653,9.49µm
net2788,9.49µm
net3052,9.49µm
net3083,9.49µm
net3261,9.49µm
net3278,9.49µm
net3363,9.49µm
_00038_,9.48µm
_01947_,9.48µm
_03027_,9.48µm
_03082_,9.48µm
_03176_,9.48µm
_03552_,9.48µm
net1948,9.48µm
net2195,9.48µm
net2215,9.48µm
net2217,9.48µm
net2404,9.48µm
net2546,9.48µm
net2963,9.48µm
net3237,9.48µm
u_picorv32.picorv32_core.mem_rdata_q\[4\],9.48µm
_02591_,9.475µm
_03880_,9.475µm
_04463_,9.475µm
_05312_,9.475µm
_05596_,9.47µm
_04820_,9.465µm
_03452_,9.44µm
_00389_,9.43µm
_00431_,9.43µm
_00453_,9.43µm
_00540_,9.43µm
_00669_,9.43µm
_00751_,9.43µm
_00784_,9.43µm
_00818_,9.43µm
_00840_,9.43µm
_01020_,9.43µm
_01064_,9.43µm
_01105_,9.43µm
_01519_,9.43µm
_04408_,9.43µm
_05843_,9.43µm
_04334_,9.425µm
_01209_,9.42µm
_02577_,9.42µm
_03237_,9.42µm
_04048_,9.42µm
_04896_,9.42µm
_05136_,9.42µm
_03579_,9.41µm
_01577_,9.385µm
_04309_,9.38µm
net3480,9.38µm
net3484,9.38µm
net3485,9.38µm
net3535,9.38µm
_00410_,9.37µm
_01441_,9.37µm
_02138_,9.37µm
_02200_,9.37µm
_02628_,9.37µm
_03510_,9.37µm
_03766_,9.37µm
_03806_,9.37µm
_04809_,9.37µm
_05022_,9.37µm
net1907,9.37µm
net1925,9.37µm
net2234,9.37µm
net2332,9.37µm
net2452,9.37µm
net2525,9.37µm
net2793,9.37µm
net3008,9.37µm
net3257,9.37µm
net3303,9.37µm
_00272_,9.36µm
_00378_,9.36µm
_00423_,9.36µm
_00798_,9.36µm
_00837_,9.36µm
_00867_,9.36µm
_00869_,9.36µm
_01432_,9.36µm
_01433_,9.36µm
_02677_,9.36µm
_03946_,9.36µm
_03976_,9.36µm
_04326_,9.36µm
_05424_,9.36µm
net1841,9.36µm
net1978,9.36µm
net2015,9.36µm
net2090,9.36µm
net2221,9.36µm
net2418,9.36µm
net2427,9.36µm
net2428,9.36µm
net2533,9.36µm
net2598,9.36µm
net2722,9.36µm
net2832,9.36µm
net2919,9.36µm
_02266_,9.355µm
_00825_,9.31µm
_01435_,9.31µm
_01964_,9.31µm
_03812_,9.31µm
_04976_,9.31µm
rst_ni,9.3µm
_03137_,9.295µm
_02715_,9.275µm
net1850,9.27µm
_03394_,9.26µm
_01724_,9.25µm
_02211_,9.25µm
_03861_,9.25µm
_00416_,9.24µm
_00437_,9.24µm
_00500_,9.24µm
_00651_,9.24µm
_00979_,9.24µm
_01061_,9.24µm
_02610_,9.24µm
_03459_,9.24µm
_04519_,9.24µm
_05455_,9.24µm
_03553_,9.225µm
_03556_,9.21µm
_05188_,9.19µm
_03979_,9.185µm
_03893_,9.18µm
_04100_,9.18µm
_05398_,9.18µm
_02012_,9.17µm
_05001_,9.17µm
u_picorv32.picorv32_core.reg_next_pc\[30\],9.155µm
_02277_,9.15µm
_02925_,9.145µm
_00126_,9.13µm
_00803_,9.13µm
_01473_,9.13µm
_01822_,9.13µm
_02321_,9.13µm
_04006_,9.13µm
_04196_,9.13µm
_04270_,9.13µm
_04488_,9.13µm
_05085_,9.13µm
net3003,9.13µm
_01846_,9.12µm
_01942_,9.12µm
_02079_,9.12µm
_02834_,9.12µm
_03234_,9.12µm
_03696_,9.12µm
_04335_,9.12µm
_04923_,9.12µm
_04925_,9.12µm
_05325_,9.12µm
_05366_,9.12µm
_05743_,9.12µm
net1879,9.12µm
net1933,9.12µm
net1976,9.12µm
net2235,9.12µm
net2294,9.12µm
net2461,9.12µm
net2679,9.12µm
net2792,9.12µm
net3070,9.12µm
net3259,9.12µm
u_picorv32.picorv32_core.reg_pc\[4\],9.12µm
net1394,9.12µm
_01316_,9.105µm
_00202_,9.07µm
_00279_,9.07µm
_00384_,9.07µm
_00402_,9.07µm
_00468_,9.07µm
_00614_,9.07µm
_00654_,9.07µm
_00744_,9.07µm
_00808_,9.07µm
_01129_,9.07µm
_01134_,9.07µm
_01420_,9.07µm
_02150_,9.07µm
_02679_,9.07µm
_03306_,9.07µm
_03974_,9.07µm
_03980_,9.07µm
_04370_,9.07µm
_04487_,9.07µm
_04997_,9.07µm
_00200_,9.06µm
_00886_,9.06µm
_01566_,9.06µm
_01667_,9.06µm
_03520_,9.06µm
_04327_,9.06µm
_04759_,9.06µm
_05699_,9.06µm
_05998_,9.06µm
_02053_,9.055µm
_04029_,9.045µm
net2282,9.045µm
_03423_,9.035µm
_01623_,9.02µm
_00098_,9.01µm
_00216_,9.01µm
_00951_,9.01µm
_01374_,9.01µm
_01799_,9.01µm
_02672_,9.01µm
_03289_,9.01µm
_04172_,9.01µm
_04531_,9.01µm
_05464_,9.01µm
net1880,9.01µm
net1920,9.01µm
net1992,9.01µm
net2013,9.01µm
net2059,9.01µm
net2250,9.01µm
net2555,9.01µm
net2778,9.01µm
net3190,9.01µm
net3202,9.01µm
net3345,9.01µm
_00324_,9µm
_02121_,9µm
_03566_,9µm
_03569_,9µm
_04272_,9µm
_05291_,9µm
_05819_,9µm
net1902,9µm
net1969,9µm
net2062,9µm
net2936,9µm
_04207_,8.995µm
net3492,8.995µm
_04664_,8.985µm
_00072_,8.95µm
_00086_,8.95µm
_00325_,8.95µm
_00379_,8.95µm
_00400_,8.95µm
_00452_,8.95µm
_00469_,8.95µm
_00493_,8.95µm
_00497_,8.95µm
_00569_,8.95µm
_00635_,8.95µm
_00778_,8.95µm
_00805_,8.95µm
_00815_,8.95µm
_00894_,8.95µm
_01054_,8.95µm
_01073_,8.95µm
_01509_,8.95µm
_01923_,8.95µm
_02463_,8.95µm
_03318_,8.95µm
_03477_,8.95µm
_03561_,8.95µm
_03909_,8.945µm
_00091_,8.94µm
_03642_,8.94µm
_05122_,8.94µm
net2556,8.935µm
_03956_,8.93µm
net2540,8.925µm
net3210,8.925µm
_04555_,8.92µm
_04071_,8.905µm
_01888_,8.9µm
_02452_,8.9µm
_02556_,8.9µm
_03223_,8.9µm
_04076_,8.9µm
net3127,8.9µm
net3479,8.9µm
net3481,8.9µm
net3508,8.9µm
net3533,8.9µm
_00329_,8.89µm
_00347_,8.89µm
_00763_,8.89µm
_00862_,8.89µm
_01088_,8.89µm
_01335_,8.89µm
_01547_,8.89µm
_02607_,8.89µm
_02622_,8.89µm
_02901_,8.89µm
_03166_,8.89µm
_03222_,8.89µm
_03458_,8.89µm
_03998_,8.89µm
_05378_,8.89µm
_05430_,8.89µm
_05559_,8.89µm
_05831_,8.89µm
net1831,8.89µm
net2305,8.89µm
net2336,8.89µm
net2450,8.89µm
net2728,8.89µm
net2981,8.89µm
net3140,8.89µm
net3238,8.89µm
u_picorv32.picorv32_core.reg_next_pc\[10\],8.89µm
_00167_,8.88µm
_00365_,8.88µm
_00625_,8.88µm
_00754_,8.88µm
_00870_,8.88µm
_01244_,8.88µm
_01444_,8.88µm
_03940_,8.88µm
_04396_,8.88µm
_04808_,8.88µm
_05937_,8.88µm
net2004,8.88µm
net2006,8.88µm
net2051,8.88µm
net2260,8.88µm
net2437,8.88µm
net2597,8.88µm
net2651,8.88µm
net2920,8.88µm
net2925,8.88µm
net3269,8.88µm
net121,8.88µm
_03762_,8.875µm
_01791_,8.855µm
_05395_,8.845µm
_04749_,8.835µm
_01266_,8.83µm
_03765_,8.83µm
_04615_,8.83µm
_04963_,8.83µm
net3187,8.825µm
_00179_,8.805µm
_03654_,8.79µm
net2223,8.79µm
_02599_,8.77µm
_04789_,8.77µm
_00596_,8.76µm
_00745_,8.76µm
_00827_,8.76µm
_04441_,8.755µm
_02024_,8.74µm
_04153_,8.74µm
_01757_,8.725µm
_03919_,8.725µm
_02142_,8.71µm
_03478_,8.71µm
_05730_,8.71µm
_00970_,8.7µm
_02004_,8.7µm
_02487_,8.7µm
_03299_,8.7µm
_03680_,8.7µm
_03736_,8.7µm
_03738_,8.7µm
_03856_,8.7µm
_04786_,8.7µm
_04563_,8.695µm
_05659_,8.69µm
_05140_,8.685µm
_00310_,8.65µm
_00562_,8.65µm
_00702_,8.65µm
_00774_,8.65µm
_00986_,8.65µm
_01428_,8.65µm
_03093_,8.65µm
_04623_,8.65µm
_04891_,8.65µm
_05023_,8.65µm
_05622_,8.65µm
_06000_,8.65µm
net87,8.65µm
u_picorv32.pcpi_rs1\[17\],8.65µm
net3425,8.65µm
_00446_,8.64µm
_01605_,8.64µm
_02006_,8.64µm
_02177_,8.64µm
_02246_,8.64µm
_02593_,8.64µm
_02907_,8.64µm
_03052_,8.64µm
_03127_,8.64µm
_03184_,8.64µm
_03327_,8.64µm
_04397_,8.64µm
_04424_,8.64µm
_04829_,8.64µm
_05618_,8.64µm
_05967_,8.64µm
_06006_,8.64µm
net2102,8.64µm
net2185,8.64µm
net2474,8.64µm
net2478,8.64µm
net2605,8.64µm
net2790,8.64µm
net2796,8.64µm
net2913,8.64µm
net2944,8.64µm
net3028,8.64µm
net3219,8.64µm
_04767_,8.615µm
_00099_,8.59µm
_00340_,8.59µm
_00380_,8.59µm
_00638_,8.59µm
_00685_,8.59µm
_01069_,8.59µm
_01107_,8.59µm
_02099_,8.59µm
_02340_,8.59µm
_02909_,8.59µm
_03025_,8.59µm
_03722_,8.59µm
_03910_,8.59µm
_04149_,8.59µm
_04190_,8.59µm
_05088_,8.59µm
_05503_,8.59µm
_05581_,8.59µm
_05830_,8.59µm
_00088_,8.58µm
_00328_,8.58µm
_00434_,8.58µm
_01250_,8.58µm
_01464_,8.58µm
_01601_,8.58µm
_01819_,8.58µm
_02054_,8.58µm
_05751_,8.58µm
_02522_,8.57µm
net2201,8.565µm
net2522,8.565µm
net2798,8.565µm
_03463_,8.545µm
u_picorv32.picorv32_core.reg_out\[25\],8.54µm
_01399_,8.53µm
_03041_,8.53µm
_03390_,8.53µm
_03932_,8.53µm
_05770_,8.53µm
_05900_,8.53µm
net1811,8.53µm
net2055,8.53µm
net2064,8.53µm
net2088,8.53µm
net2380,8.53µm
net2468,8.53µm
net2500,8.53µm
net2501,8.53µm
net2511,8.53µm
net2576,8.53µm
net2614,8.53µm
net2649,8.53µm
net2750,8.53µm
net2780,8.53µm
net2785,8.53µm
net2812,8.53µm
net2990,8.53µm
net3001,8.53µm
net3048,8.53µm
net3229,8.53µm
net3233,8.53µm
net3326,8.53µm
net3344,8.53µm
_00849_,8.52µm
_01084_,8.52µm
_01281_,8.52µm
_01858_,8.52µm
_02016_,8.52µm
_02139_,8.52µm
_03039_,8.52µm
_04240_,8.52µm
_04853_,8.52µm
_05784_,8.52µm
net2131,8.52µm
net2690,8.52µm
net2994,8.52µm
net3074,8.52µm
net3156,8.52µm
net3252,8.52µm
u_picorv32.picorv32_core.reg_next_pc\[5\],8.52µm
_02678_,8.515µm
_03899_,8.515µm
_02841_,8.49µm
_02229_,8.48µm
_03935_,8.48µm
_00083_,8.47µm
_00129_,8.47µm
_00163_,8.47µm
_00168_,8.47µm
_00194_,8.47µm
_00207_,8.47µm
_00244_,8.47µm
_00264_,8.47µm
_00323_,8.47µm
_00331_,8.47µm
_00368_,8.47µm
_00385_,8.47µm
_00413_,8.47µm
_00485_,8.47µm
_00499_,8.47µm
_00508_,8.47µm
_00528_,8.47µm
_00531_,8.47µm
_00623_,8.47µm
_00626_,8.47µm
_00637_,8.47µm
_00714_,8.47µm
_00861_,8.47µm
_00928_,8.47µm
_00982_,8.47µm
_01470_,8.47µm
_02184_,8.47µm
_04970_,8.47µm
_00063_,8.46µm
_05148_,8.46µm
_05288_,8.46µm
_03889_,8.455µm
net407,8.455µm
_03628_,8.45µm
net3006,8.445µm
_04060_,8.43µm
_02123_,8.42µm
_03730_,8.42µm
_03902_,8.42µm
net3453,8.42µm
net3491,8.42µm
net3530,8.42µm
_00218_,8.41µm
_00360_,8.41µm
_00439_,8.41µm
_01440_,8.41µm
_02449_,8.41µm
_03215_,8.41µm
_03855_,8.41µm
_04858_,8.41µm
_04887_,8.41µm
_05092_,8.41µm
_05193_,8.41µm
_05298_,8.41µm
_05772_,8.41µm
net1939,8.41µm
net1991,8.41µm
net2337,8.41µm
net2394,8.41µm
net2583,8.41µm
net2623,8.41µm
net2670,8.41µm
net2711,8.41µm
net2960,8.41µm
net3051,8.41µm
net3234,8.41µm
net3323,8.41µm
_00260_,8.4µm
_03987_,8.4µm
_04493_,8.4µm
_04627_,8.4µm
net2033,8.4µm
net2558,8.4µm
net2606,8.4µm
net2694,8.4µm
net2828,8.4µm
net2953,8.4µm
net3332,8.4µm
_01434_,8.38µm
_03482_,8.355µm
_04830_,8.355µm
_01513_,8.35µm
_04686_,8.35µm
_04336_,8.325µm
_03915_,8.32µm
_02059_,8.31µm
_01631_,8.3µm
_03033_,8.29µm
_03061_,8.29µm
_05924_,8.29µm
_00717_,8.28µm
_00779_,8.28µm
_02160_,8.28µm
_02526_,8.28µm
_03248_,8.28µm
_05124_,8.28µm
_03188_,8.265µm
_01142_,8.25µm
_01824_,8.25µm
_04350_,8.24µm
_00104_,8.22µm
_01345_,8.22µm
_01749_,8.22µm
_01961_,8.22µm
_02078_,8.22µm
_02194_,8.22µm
_02394_,8.22µm
_03167_,8.22µm
_04420_,8.22µm
_04621_,8.22µm
_04854_,8.22µm
_05005_,8.22µm
_05230_,8.22µm
_05576_,8.22µm
_05808_,8.22µm
net3090,8.205µm
_01151_,8.17µm
_01484_,8.17µm
_02085_,8.17µm
_02292_,8.17µm
_02660_,8.17µm
_03063_,8.17µm
_03147_,8.17µm
_03313_,8.17µm
_04317_,8.17µm
_05103_,8.17µm
_05529_,8.17µm
_02388_,8.165µm
_01324_,8.16µm
_02471_,8.16µm
_02872_,8.16µm
_03155_,8.16µm
_03170_,8.16µm
_03340_,8.16µm
_04197_,8.16µm
_04222_,8.16µm
_04281_,8.16µm
_04458_,8.16µm
_05471_,8.16µm
_05629_,8.16µm
_05904_,8.16µm
net1837,8.16µm
net1852,8.16µm
net1866,8.16µm
net1940,8.16µm
net1953,8.16µm
net1990,8.16µm
net1993,8.16µm
net1996,8.16µm
net2002,8.16µm
net2017,8.16µm
net2025,8.16µm
net2031,8.16µm
net2046,8.16µm
net2083,8.16µm
net2093,8.16µm
net2135,8.16µm
net2183,8.16µm
net2219,8.16µm
net2255,8.16µm
net2292,8.16µm
net2299,8.16µm
net2314,8.16µm
net2369,8.16µm
net2375,8.16µm
net2401,8.16µm
net2434,8.16µm
net2435,8.16µm
net2457,8.16µm
net2493,8.16µm
net2503,8.16µm
net2506,8.16µm
net2577,8.16µm
net2596,8.16µm
net2619,8.16µm
net2643,8.16µm
net2645,8.16µm
net2661,8.16µm
net2686,8.16µm
net2737,8.16µm
net2752,8.16µm
net2779,8.16µm
net2879,8.16µm
net2887,8.16µm
net2892,8.16µm
net2898,8.16µm
net2901,8.16µm
net2947,8.16µm
net2955,8.16µm
net2959,8.16µm
net2971,8.16µm
net2975,8.16µm
net2995,8.16µm
net3108,8.16µm
net3110,8.16µm
net3124,8.16µm
net3134,8.16µm
net3155,8.16µm
net3231,8.16µm
net3298,8.16µm
net3341,8.16µm
net3360,8.16µm
net3383,8.16µm
net3392,8.16µm
u_picorv32.picorv32_core.latched_rd\[4\],8.16µm
_04044_,8.15µm
_00245_,8.145µm
_03559_,8.145µm
_00069_,8.11µm
_00102_,8.11µm
_00116_,8.11µm
_00208_,8.11µm
_00268_,8.11µm
_00286_,8.11µm
_00321_,8.11µm
_00373_,8.11µm
_00443_,8.11µm
_00473_,8.11µm
_00701_,8.11µm
_00752_,8.11µm
_00816_,8.11µm
_00868_,8.11µm
_00899_,8.11µm
_00932_,8.11µm
_00978_,8.11µm
_01033_,8.11µm
_01523_,8.11µm
_02082_,8.11µm
_02364_,8.11µm
_02519_,8.11µm
_02578_,8.11µm
_03266_,8.11µm
_03735_,8.11µm
_03746_,8.11µm
_04061_,8.11µm
_04496_,8.11µm
_04714_,8.11µm
_05929_,8.11µm
u_picorv32.picorv32_core.alu_out_q\[25\],8.11µm
u_picorv32.picorv32_core.instr_jal,8.11µm
_00192_,8.1µm
_00336_,8.1µm
_00804_,8.1µm
_00828_,8.1µm
_00955_,8.1µm
_01086_,8.1µm
_02124_,8.1µm
_04817_,8.1µm
_05513_,8.085µm
net2987,8.085µm
_00229_,8.05µm
_00734_,8.05µm
_01152_,8.05µm
_02647_,8.05µm
_04942_,8.05µm
net1812,8.05µm
net1984,8.05µm
net2054,8.05µm
net2315,8.05µm
net2326,8.05µm
net2444,8.05µm
net2494,8.05µm
net2644,8.05µm
net2648,8.05µm
net2861,8.05µm
net2894,8.05µm
net3105,8.05µm
net3153,8.05µm
net3163,8.05µm
net3244,8.05µm
net1374,8.05µm
_00191_,8.04µm
_00559_,8.04µm
_01066_,8.04µm
_02791_,8.04µm
_03284_,8.04µm
_04275_,8.04µm
net1927,8.04µm
net1930,8.04µm
net2176,8.04µm
net2246,8.04µm
net2390,8.04µm
net2415,8.04µm
net2430,8.04µm
net2447,8.04µm
net2528,8.04µm
net2717,8.04µm
net2755,8.04µm
net2791,8.04µm
net2874,8.04µm
net2986,8.04µm
_01870_,8.035µm
_05053_,8.035µm
_05538_,8.035µm
_05970_,8.035µm
_00490_,8.02µm
_00283_,8.01µm
_01851_,8µm
_00101_,7.99µm
_00180_,7.99µm
_00212_,7.99µm
_00213_,7.99µm
_00221_,7.99µm
_00270_,7.99µm
_00344_,7.99µm
_00488_,7.99µm
_00492_,7.99µm
_00509_,7.99µm
_00512_,7.99µm
_00522_,7.99µm
_00532_,7.99µm
_00545_,7.99µm
_00571_,7.99µm
_00601_,7.99µm
_00617_,7.99µm
_00675_,7.99µm
_00695_,7.99µm
_00737_,7.99µm
_00768_,7.99µm
_00800_,7.99µm
_00810_,7.99µm
_00860_,7.99µm
_00945_,7.99µm
_00969_,7.99µm
_00973_,7.99µm
_00976_,7.99µm
_01005_,7.99µm
_01008_,7.99µm
_01056_,7.99µm
_01079_,7.99µm
_01089_,7.99µm
_01093_,7.99µm
_01098_,7.99µm
_01333_,7.99µm
_03391_,7.99µm
_01856_,7.98µm
_02275_,7.98µm
_03788_,7.965µm
_02809_,7.96µm
net1952,7.95µm
_02302_,7.94µm
_02424_,7.94µm
_03433_,7.94µm
_03759_,7.94µm
_03782_,7.94µm
net3426,7.94µm
net3521,7.94µm
_02335_,7.93µm
_02402_,7.93µm
_02438_,7.93µm
_02541_,7.93µm
_02713_,7.93µm
_02942_,7.93µm
_03564_,7.93µm
_03650_,7.93µm
_04606_,7.93µm
_05271_,7.93µm
_05372_,7.93µm
_05494_,7.93µm
_05540_,7.93µm
net1894,7.93µm
net1946,7.93µm
net2009,7.93µm
net2071,7.93µm
net2189,7.93µm
net2242,7.93µm
net2328,7.93µm
net2510,7.93µm
net2650,7.93µm
net2696,7.93µm
net2698,7.93µm
net2884,7.93µm
net3214,7.93µm
net3324,7.93µm
net3378,7.93µm
net3391,7.93µm
_00301_,7.92µm
_01570_,7.92µm
_01993_,7.92µm
_05461_,7.92µm
net2312,7.92µm
net2364,7.92µm
net2809,7.92µm
net2903,7.92µm
_02418_,7.9µm
_01925_,7.885µm
_02314_,7.88µm
_02595_,7.88µm
net1885,7.88µm
_01146_,7.87µm
_01633_,7.87µm
_03832_,7.87µm
_04803_,7.87µm
_05394_,7.86µm
_03295_,7.845µm
_04361_,7.83µm
net1974,7.83µm
net2166,7.83µm
_02555_,7.825µm
_02953_,7.81µm
_03863_,7.81µm
_03870_,7.81µm
_04342_,7.81µm
_04787_,7.81µm
_00024_,7.8µm
_00027_,7.8µm
_00181_,7.8µm
_00197_,7.8µm
_00566_,7.8µm
_00595_,7.8µm
_00604_,7.8µm
_00711_,7.8µm
_01052_,7.785µm
_03891_,7.785µm
_00097_,7.75µm
_00119_,7.75µm
_01235_,7.75µm
_00095_,7.74µm
_00450_,7.74µm
_00529_,7.74µm
_01721_,7.74µm
_01937_,7.74µm
_02280_,7.74µm
_02330_,7.74µm
_02597_,7.74µm
_02704_,7.74µm
_02709_,7.74µm
_02768_,7.74µm
_04244_,7.74µm
_04460_,7.74µm
_04694_,7.74µm
_04782_,7.74µm
_04812_,7.74µm
_04840_,7.74µm
_05486_,7.74µm
_05530_,7.74µm
_04689_,7.73µm
_01385_,7.72µm
_02889_,7.7µm
_04597_,7.7µm
_02431_,7.695µm
_00047_,7.69µm
_00947_,7.69µm
_02344_,7.69µm
_03056_,7.69µm
_03838_,7.69µm
_04191_,7.69µm
_04202_,7.69µm
_04635_,7.69µm
_04838_,7.69µm
_04953_,7.69µm
_05867_,7.69µm
_05979_,7.69µm
net73,7.69µm
net75,7.69µm
net89,7.69µm
trap,7.69µm
_01390_,7.68µm
_01462_,7.68µm
_02273_,7.68µm
_02473_,7.68µm
_03157_,7.68µm
_03163_,7.68µm
_03206_,7.68µm
_03208_,7.68µm
_03245_,7.68µm
_03767_,7.68µm
_03933_,7.68µm
_04213_,7.68µm
_04355_,7.68µm
_04901_,7.68µm
_05524_,7.68µm
_05566_,7.68µm
_05589_,7.68µm
_05931_,7.68µm
_05936_,7.68µm
_05960_,7.68µm
net1861,7.68µm
net1929,7.68µm
net1934,7.68µm
net1989,7.68µm
net2001,7.68µm
net2087,7.68µm
net2111,7.68µm
net2229,7.68µm
net2306,7.68µm
net2372,7.68µm
net2587,7.68µm
net2609,7.68µm
net2655,7.68µm
net2708,7.68µm
net2762,7.68µm
net2811,7.68µm
net3109,7.68µm
net3265,7.68µm
_03999_,7.675µm
_00935_,7.665µm
_04294_,7.635µm
_00094_,7.63µm
_00209_,7.63µm
_00211_,7.63µm
_00246_,7.63µm
_00249_,7.63µm
_00280_,7.63µm
_00326_,7.63µm
_00327_,7.63µm
_00377_,7.63µm
_00382_,7.63µm
_00403_,7.63µm
_00409_,7.63µm
_00441_,7.63µm
_00464_,7.63µm
_00491_,7.63µm
_00511_,7.63µm
_00523_,7.63µm
_00563_,7.63µm
_00609_,7.63µm
_00618_,7.63µm
_00640_,7.63µm
_00707_,7.63µm
_00736_,7.63µm
_00746_,7.63µm
_00761_,7.63µm
_00769_,7.63µm
_00770_,7.63µm
_00807_,7.63µm
_00835_,7.63µm
_00848_,7.63µm
_00934_,7.63µm
_00964_,7.63µm
_00966_,7.63µm
_00968_,7.63µm
_01001_,7.63µm
_01006_,7.63µm
_01012_,7.63µm
_01110_,7.63µm
_01128_,7.63µm
_01178_,7.63µm
_01212_,7.63µm
_01214_,7.63µm
_01330_,7.63µm
_02023_,7.63µm
_02574_,7.63µm
_02697_,7.63µm
_03498_,7.63µm
_03502_,7.63µm
_03528_,7.63µm
_03952_,7.63µm
_04364_,7.63µm
_04770_,7.63µm
_04859_,7.63µm
_05505_,7.63µm
_05709_,7.63µm
_05723_,7.63µm
_00195_,7.62µm
_00341_,7.62µm
_00520_,7.62µm
_00541_,7.62µm
_00561_,7.62µm
_00689_,7.62µm
_00939_,7.62µm
_00962_,7.62µm
_01096_,7.62µm
_01118_,7.62µm
_01231_,7.62µm
_01445_,7.62µm
_01507_,7.62µm
_02505_,7.62µm
_03043_,7.62µm
_03291_,7.62µm
_03598_,7.62µm
_05844_,7.62µm
_01100_,7.605µm
_05836_,7.605µm
_03097_,7.59µm
net2912,7.59µm
net1089,7.585µm
_00405_,7.57µm
_00578_,7.57µm
_00672_,7.57µm
_00834_,7.57µm
_01053_,7.57µm
_01068_,7.57µm
_01182_,7.57µm
_01363_,7.57µm
_01468_,7.57µm
_02252_,7.57µm
net2021,7.57µm
net2029,7.57µm
net2057,7.57µm
net2104,7.57µm
net2177,7.57µm
net2274,7.57µm
net2288,7.57µm
net2352,7.57µm
net2502,7.57µm
net2612,7.57µm
net2721,7.57µm
net3034,7.57µm
net3198,7.57µm
net3285,7.57µm
net3361,7.57µm
u_picorv32.picorv32_core.reg_next_pc\[2\],7.57µm
_00819_,7.56µm
_01706_,7.56µm
_02427_,7.56µm
_02731_,7.56µm
_02865_,7.56µm
_03253_,7.56µm
_04175_,7.56µm
_04251_,7.56µm
_04740_,7.56µm
_04851_,7.56µm
_05331_,7.56µm
net1874,7.56µm
net1956,7.56µm
net2063,7.56µm
net2094,7.56µm
net2164,7.56µm
net2254,7.56µm
net2258,7.56µm
net2270,7.56µm
net2367,7.56µm
net2391,7.56µm
net2491,7.56µm
net2639,7.56µm
net2647,7.56µm
net2763,7.56µm
net2801,7.56µm
net3223,7.56µm
net3253,7.56µm
net3297,7.56µm
_04339_,7.555µm
net3528,7.555µm
_05788_,7.55µm
_03141_,7.52µm
_02315_,7.515µm
_00133_,7.51µm
_00153_,7.51µm
_00171_,7.51µm
_00174_,7.51µm
_00275_,7.51µm
_00287_,7.51µm
_00332_,7.51µm
_00343_,7.51µm
_00503_,7.51µm
_00544_,7.51µm
_00560_,7.51µm
_00607_,7.51µm
_00612_,7.51µm
_00636_,7.51µm
_00739_,7.51µm
_00786_,7.51µm
_00802_,7.51µm
_00841_,7.51µm
_00872_,7.51µm
_00927_,7.51µm
_00933_,7.51µm
_00940_,7.51µm
_00989_,7.51µm
_00999_,7.51µm
_01027_,7.51µm
_01111_,7.51µm
_01117_,7.51µm
_01336_,7.51µm
_02197_,7.51µm
_03160_,7.5µm
_05437_,7.5µm
_06004_,7.5µm
_03369_,7.475µm
_04798_,7.465µm
_01291_,7.46µm
_02693_,7.46µm
net3407,7.46µm
net3504,7.46µm
net3515,7.46µm
_00046_,7.45µm
_00733_,7.45µm
_01500_,7.45µm
_02223_,7.45µm
_02395_,7.45µm
_02619_,7.45µm
_03397_,7.45µm
_03493_,7.45µm
_04529_,7.45µm
net1914,7.45µm
net1916,7.45µm
net2011,7.45µm
net2103,7.45µm
net2190,7.45µm
net2202,7.45µm
net2349,7.45µm
net2376,7.45µm
net2388,7.45µm
net2422,7.45µm
net2566,7.45µm
net2634,7.45µm
net2663,7.45µm
net2740,7.45µm
net2813,7.45µm
net3057,7.45µm
net3116,7.45µm
net3197,7.45µm
net3260,7.45µm
net3309,7.45µm
net3346,7.45µm
net3398,7.45µm
_04411_,7.445µm
_01304_,7.44µm
_01517_,7.44µm
_01913_,7.44µm
_02046_,7.44µm
net3369,7.44µm
_04469_,7.43µm
_04796_,7.41µm
_05585_,7.4µm
_01191_,7.39µm
_03491_,7.39µm
_03726_,7.39µm
_05319_,7.39µm
_05802_,7.39µm
_04214_,7.38µm
_04221_,7.365µm
net3009,7.36µm
_01783_,7.35µm
_03568_,7.35µm
_01740_,7.34µm
_02118_,7.34µm
_01634_,7.33µm
_01887_,7.33µm
_02498_,7.33µm
_03049_,7.33µm
_03876_,7.33µm
net2564,7.33µm
_00480_,7.32µm
_00524_,7.32µm
_00851_,7.32µm
_00852_,7.32µm
_00888_,7.32µm
_02467_,7.32µm
_04288_,7.32µm
_04427_,7.32µm
_04478_,7.32µm
_05810_,7.32µm
net2999,7.32µm
net3011,7.32µm
net3046,7.32µm
net3141,7.32µm
net3350,7.32µm
net3374,7.32µm
net95,7.32µm
net98,7.32µm
net1689,7.315µm
_00234_,7.305µm
_00505_,7.305µm
_00694_,7.305µm
_01030_,7.305µm
_04000_,7.3µm
_04703_,7.295µm
u_picorv32.picorv32_core.count_cycle\[7\],7.285µm
_04470_,7.275µm
_01165_,7.27µm
_01286_,7.27µm
_01429_,7.27µm
_05279_,7.27µm
_00173_,7.26µm
_00755_,7.26µm
_01943_,7.26µm
_02145_,7.26µm
_02304_,7.26µm
_02730_,7.26µm
_03395_,7.26µm
_03798_,7.26µm
_03921_,7.26µm
_03966_,7.26µm
_04027_,7.26µm
_04239_,7.26µm
_04349_,7.26µm
_04540_,7.26µm
_04558_,7.26µm
_04570_,7.26µm
_04708_,7.26µm
_04883_,7.26µm
_05181_,7.26µm
_05506_,7.26µm
_05817_,7.26µm
_06013_,7.26µm
net3430,7.26µm
_04022_,7.25µm
_05909_,7.245µm
net2360,7.245µm
net2772,7.245µm
_01459_,7.23µm
net3523,7.23µm
_01738_,7.21µm
_01847_,7.21µm
_03202_,7.21µm
_04571_,7.21µm
_04607_,7.21µm
_04843_,7.21µm
_05686_,7.21µm
net71,7.21µm
net72,7.21µm
net94,7.21µm
_00056_,7.2µm
_01366_,7.2µm
_01371_,7.2µm
_01403_,7.2µm
_01477_,7.2µm
_01719_,7.2µm
_01933_,7.2µm
_02182_,7.2µm
_02241_,7.2µm
_02635_,7.2µm
_03021_,7.2µm
_03024_,7.2µm
_03118_,7.2µm
_03632_,7.2µm
_03737_,7.2µm
_03833_,7.2µm
_04030_,7.2µm
_04231_,7.2µm
_04644_,7.2µm
_04815_,7.2µm
_05679_,7.2µm
_05809_,7.2µm
net1817,7.2µm
net2197,7.2µm
net2267,7.2µm
net2278,7.2µm
net2310,7.2µm
net2348,7.2µm
net2356,7.2µm
net2357,7.2µm
net2416,7.2µm
net2429,7.2µm
net2476,7.2µm
net2568,7.2µm
net2640,7.2µm
net2641,7.2µm
net2705,7.2µm
net2734,7.2µm
net2889,7.2µm
net2915,7.2µm
net3201,7.2µm
net3284,7.2µm
net3335,7.2µm
_00740_,7.185µm
_01083_,7.185µm
_02455_,7.185µm
_03973_,7.18µm
_04226_,7.175µm
_05759_,7.155µm
_00090_,7.15µm
_00096_,7.15µm
_00100_,7.15µm
_00125_,7.15µm
_00201_,7.15µm
_00214_,7.15µm
_00230_,7.15µm
_00339_,7.15µm
_00371_,7.15µm
_00397_,7.15µm
_00433_,7.15µm
_00455_,7.15µm
_00458_,7.15µm
_00494_,7.15µm
_00538_,7.15µm
_00564_,7.15µm
_00572_,7.15µm
_00579_,7.15µm
_00627_,7.15µm
_00661_,7.15µm
_00668_,7.15µm
_00735_,7.15µm
_00738_,7.15µm
_00750_,7.15µm
_00756_,7.15µm
_00758_,7.15µm
_00760_,7.15µm
_00776_,7.15µm
_00789_,7.15µm
_00846_,7.15µm
_00931_,7.15µm
_00950_,7.15µm
_01022_,7.15µm
_01143_,7.15µm
_01482_,7.15µm
_01483_,7.15µm
_01525_,7.15µm
_02026_,7.15µm
_02426_,7.15µm
_03753_,7.15µm
_04302_,7.15µm
_04414_,7.15µm
_04435_,7.15µm
_04687_,7.15µm
_04756_,7.15µm
_05933_,7.15µm
net3434,7.15µm
_00151_,7.14µm
_00172_,7.14µm
_00182_,7.14µm
_00237_,7.14µm
_00239_,7.14µm
_00271_,7.14µm
_00288_,7.14µm
_00367_,7.14µm
_00425_,7.14µm
_00649_,7.14µm
_00665_,7.14µm
_00681_,7.14µm
_00771_,7.14µm
_00901_,7.14µm
_00942_,7.14µm
_01163_,7.14µm
_01248_,7.14µm
_01252_,7.14µm
_01309_,7.14µm
_05380_,7.14µm
_05969_,7.14µm
_01359_,7.135µm
_03037_,7.125µm
_03850_,7.11µm
_05363_,7.11µm
_00203_,7.09µm
_00537_,7.09µm
_01438_,7.09µm
_01621_,7.09µm
_04440_,7.09µm
_05166_,7.09µm
net1829,7.09µm
net1876,7.09µm
net1919,7.09µm
net1924,7.09µm
net1960,7.09µm
net2143,7.09µm
net2152,7.09µm
net2298,7.09µm
net2339,7.09µm
net2703,7.09µm
net2766,7.09µm
net2797,7.09µm
net3279,7.09µm
net3313,7.09µm
net3338,7.09µm
_05885_,7.085µm
_00111_,7.08µm
_00121_,7.08µm
_00644_,7.08µm
_00705_,7.08µm
_01046_,7.08µm
_01169_,7.08µm
_01297_,7.08µm
_01796_,7.08µm
_01976_,7.08µm
_03456_,7.08µm
_03700_,7.08µm
_04087_,7.08µm
_04145_,7.08µm
_04434_,7.08µm
_04856_,7.08µm
_05873_,7.08µm
net1941,7.08µm
net1979,7.08µm
net2065,7.08µm
net2281,7.08µm
net2293,7.08µm
net2389,7.08µm
net2411,7.08µm
net2831,7.08µm
net2882,7.08µm
net2929,7.08µm
net3093,7.08µm
net3154,7.08µm
_03506_,7.075µm
_04701_,7.075µm
_04727_,7.075µm
_05647_,7.075µm
_00449_,7.06µm
_04032_,7.06µm
_02747_,7.04µm
_03140_,7.04µm
_00422_,7.03µm
_00547_,7.03µm
_00551_,7.03µm
_00591_,7.03µm
_00624_,7.03µm
_00801_,7.03µm
_00817_,7.03µm
_00946_,7.03µm
_00994_,7.03µm
_00996_,7.03µm
_01019_,7.03µm
_01067_,7.03µm
_01126_,7.03µm
_01314_,7.03µm
_04381_,7.03µm
_01347_,7.02µm
_01512_,7.02µm
_02675_,7.02µm
_03293_,7.02µm
_05811_,7.02µm
_02701_,6.99µm
net2746,6.99µm
_01777_,6.98µm
_01963_,6.98µm
net3510,6.98µm
net3526,6.98µm
_00231_,6.97µm
_01119_,6.97µm
_01284_,6.97µm
_02269_,6.97µm
_02476_,6.97µm
_02753_,6.97µm
_03193_,6.97µm
_03625_,6.97µm
_03790_,6.97µm
_04201_,6.97µm
_04506_,6.97µm
_04685_,6.97µm
_04902_,6.97µm
_05105_,6.97µm
_05231_,6.97µm
_05251_,6.97µm
_05269_,6.97µm
_05448_,6.97µm
net2316,6.97µm
net2509,6.97µm
net2549,6.97µm
net2672,6.97µm
net3002,6.97µm
net3226,6.97µm
net3340,6.97µm
net3347,6.97µm
_02244_,6.96µm
_00878_,6.94µm
_05572_,6.935µm
_02349_,6.91µm
_02671_,6.91µm
_03685_,6.91µm
_00109_,6.9µm
_02365_,6.9µm
_03016_,6.9µm
_05583_,6.89µm
_01703_,6.86µm
_03180_,6.85µm
_04406_,6.85µm
_00217_,6.84µm
_00228_,6.84µm
_00884_,6.84µm
_00963_,6.84µm
_01114_,6.84µm
_01873_,6.84µm
_01896_,6.84µm
_02317_,6.84µm
_03734_,6.84µm
_04070_,6.84µm
_04092_,6.84µm
_04629_,6.84µm
_05580_,6.84µm
net81,6.84µm
net96,6.84µm
net97,6.84µm
net24,6.84µm
_00557_,6.825µm
_01116_,6.825µm
_03822_,6.825µm
net3013,6.815µm
_02328_,6.81µm
_01307_,6.805µm
_03142_,6.8µm
_00114_,6.79µm
_01326_,6.79µm
_01431_,6.79µm
_03254_,6.79µm
_00128_,6.78µm
_00506_,6.78µm
_00576_,6.78µm
_00583_,6.78µm
_00741_,6.78µm
_01040_,6.78µm
_01249_,6.78µm
_01526_,6.78µm
_01665_,6.78µm
_01835_,6.78µm
_02235_,6.78µm
_02530_,6.78µm
_02737_,6.78µm
_03503_,6.78µm
_03702_,6.78µm
_04094_,6.78µm
_04413_,6.78µm
_04713_,6.78µm
_04779_,6.78µm
_05174_,6.78µm
_05567_,6.78µm
_05719_,6.78µm
_05774_,6.78µm
_05806_,6.78µm
net3408,6.78µm
net2965,6.76µm
_04913_,6.755µm
_04154_,6.75µm
net3195,6.75µm
_01155_,6.73µm
_02028_,6.73µm
_02117_,6.73µm
_02172_,6.73µm
_02323_,6.73µm
_03785_,6.73µm
_03858_,6.73µm
_04063_,6.73µm
_04504_,6.73µm
_04535_,6.73µm
_04800_,6.73µm
_05420_,6.73µm
_05526_,6.73µm
_05738_,6.73µm
_05864_,6.73µm
net74,6.73µm
net76,6.73µm
net77,6.73µm
_01137_,6.72µm
_01218_,6.72µm
_01340_,6.72µm
_01368_,6.72µm
_02300_,6.72µm
_02310_,6.72µm
_02683_,6.72µm
_03064_,6.72µm
_03717_,6.72µm
_04091_,6.72µm
_04461_,6.72µm
_05274_,6.72µm
net1950,6.72µm
net1994,6.72µm
net2105,6.72µm
net2148,6.72µm
net2259,6.72µm
net2465,6.72µm
net2572,6.72µm
net2710,6.72µm
net2850,6.72µm
net2969,6.72µm
net3112,6.72µm
net3266,6.72µm
net3281,6.72µm
net3288,6.72µm
_00666_,6.705µm
_01485_,6.705µm
_02034_,6.675µm
_00042_,6.67µm
_00138_,6.67µm
_00149_,6.67µm
_00175_,6.67µm
_00196_,6.67µm
_00232_,6.67µm
_00296_,6.67µm
_00359_,6.67µm
_00454_,6.67µm
_00501_,6.67µm
_00553_,6.67µm
_00621_,6.67µm
_00642_,6.67µm
_00646_,6.67µm
_00655_,6.67µm
_00660_,6.67µm
_00676_,6.67µm
_00698_,6.67µm
_00766_,6.67µm
_00791_,6.67µm
_00792_,6.67µm
_00857_,6.67µm
_00873_,6.67µm
_00889_,6.67µm
_00997_,6.67µm
_01009_,6.67µm
_01011_,6.67µm
_01016_,6.67µm
_01029_,6.67µm
_01049_,6.67µm
_01065_,6.67µm
_01106_,6.67µm
_01442_,6.67µm
_01487_,6.67µm
_01640_,6.67µm
_01868_,6.67µm
_02279_,6.67µm
_03115_,6.67µm
_03144_,6.67µm
_03365_,6.67µm
_03606_,6.67µm
_04132_,6.67µm
_04357_,6.67µm
_04510_,6.67µm
_04680_,6.67µm
_04772_,6.67µm
_05427_,6.67µm
_05447_,6.67µm
_05687_,6.67µm
_00029_,6.66µm
_00369_,6.66µm
_00391_,6.66µm
_00513_,6.66µm
_00526_,6.66µm
_00586_,6.66µm
_00628_,6.66µm
_00858_,6.66µm
_00896_,6.66µm
_00987_,6.66µm
_01021_,6.66µm
_01072_,6.66µm
_01112_,6.66µm
_02684_,6.66µm
_02844_,6.66µm
_01890_,6.645µm
_04929_,6.645µm
_05586_,6.635µm
_00833_,6.63µm
_00908_,6.61µm
_02357_,6.61µm
_02484_,6.61µm
_03594_,6.61µm
net1970,6.61µm
net2122,6.61µm
net2181,6.61µm
net2213,6.61µm
net2325,6.61µm
net2345,6.61µm
net2460,6.61µm
net2707,6.61µm
net2802,6.61µm
net2838,6.61µm
net2935,6.61µm
net3121,6.61µm
net3166,6.61µm
net3245,6.61µm
net3267,6.61µm
_00112_,6.6µm
_00227_,6.6µm
_00356_,6.6µm
_01187_,6.6µm
_02346_,6.6µm
_02711_,6.6µm
_03015_,6.6µm
_03352_,6.6µm
_03786_,6.6µm
_05655_,6.6µm
net1848,6.6µm
net2023,6.6µm
net2108,6.6µm
net2199,6.6µm
net2408,6.6µm
net2602,6.6µm
net2800,6.6µm
net2856,6.6µm
net2893,6.6µm
net3049,6.6µm
net3072,6.6µm
net3152,6.6µm
net3193,6.6µm
net3227,6.6µm
net3271,6.6µm
_03331_,6.595µm
_03721_,6.595µm
_05018_,6.595µm
_05704_,6.595µm
_05721_,6.595µm
net3404,6.595µm
_00630_,6.58µm
_04634_,6.58µm
_05740_,6.58µm
_00075_,6.57µm
_01759_,6.56µm
_04637_,6.56µm
_00022_,6.55µm
_00135_,6.55µm
_00137_,6.55µm
_00333_,6.55µm
_00386_,6.55µm
_00657_,6.55µm
_00715_,6.55µm
_00767_,6.55µm
_00783_,6.55µm
_00881_,6.55µm
_01104_,6.55µm
_01125_,6.55µm
_01131_,6.55µm
_01342_,6.55µm
_01506_,6.55µm
_03055_,6.55µm
_03244_,6.55µm
_01140_,6.54µm
_02727_,6.54µm
_02867_,6.54µm
_04994_,6.54µm
net2110,6.525µm
net3135,6.525µm
_04476_,6.52µm
_01446_,6.5µm
_02104_,6.5µm
_02180_,6.5µm
_03483_,6.5µm
_04150_,6.5µm
_04155_,6.5µm
_04763_,6.5µm
_05385_,6.5µm
_06010_,6.5µm
u_picorv32.pcpi_rs1\[11\],6.5µm
net3507,6.5µm
net3519,6.5µm
net3520,6.5µm
net3527,6.5µm
_01124_,6.49µm
_01827_,6.49µm
_01907_,6.49µm
_02009_,6.49µm
_02311_,6.49µm
_02633_,6.49µm
_03575_,6.49µm
_03781_,6.49µm
_03908_,6.49µm
_03953_,6.49µm
_03962_,6.49µm
_04148_,6.49µm
_05308_,6.49µm
_05367_,6.49µm
net2042,6.49µm
net2273,6.49µm
net2393,6.49µm
net2419,6.49µm
net2464,6.49µm
net2557,6.49µm
net3071,6.49µm
net3179,6.49µm
net3328,6.49µm
net3379,6.49µm
_01514_,6.48µm
_02960_,6.48µm
_03131_,6.48µm
net3111,6.48µm
_02371_,6.465µm
_03145_,6.46µm
_03270_,6.45µm
_01879_,6.44µm
_03415_,6.44µm
net1810,6.435µm
_02360_,6.43µm
_02586_,6.43µm
_04299_,6.43µm
_04706_,6.43µm
_04948_,6.43µm
net2020,6.415µm
_05676_,6.39µm
_02125_,6.37µm
_03164_,6.37µm
_03727_,6.37µm
_04077_,6.37µm
_00366_,6.36µm
_00574_,6.36µm
_00959_,6.36µm
_01219_,6.36µm
_01492_,6.36µm
_01528_,6.36µm
_02383_,6.36µm
_02483_,6.36µm
_02806_,6.36µm
_02899_,6.36µm
_03756_,6.36µm
_04280_,6.36µm
_04842_,6.36µm
_05648_,6.36µm
net2916,6.36µm
net79,6.36µm
net80,6.36µm
net99,6.36µm
net100,6.36µm
_00692_,6.345µm
_01045_,6.345µm
_01581_,6.345µm
_01918_,6.345µm
_01364_,6.31µm
_01409_,6.31µm
_01498_,6.31µm
_00363_,6.3µm
_00546_,6.3µm
_00674_,6.3µm
_00948_,6.3µm
_01059_,6.3µm
_01102_,6.3µm
_01189_,6.3µm
_01205_,6.3µm
_01852_,6.3µm
_02458_,6.3µm
_02501_,6.3µm
_02611_,6.3µm
_02802_,6.3µm
_03044_,6.3µm
_03149_,6.3µm
_03446_,6.3µm
_03596_,6.3µm
_04895_,6.3µm
_05467_,6.3µm
net3461,6.3µm
_03453_,6.295µm
_02716_,6.285µm
net1980,6.285µm
net3023,6.285µm
_01986_,6.26µm
_01350_,6.25µm
_01972_,6.25µm
_02668_,6.25µm
_03158_,6.25µm
_03187_,6.25µm
_03384_,6.25µm
_03676_,6.25µm
_03892_,6.25µm
_04002_,6.25µm
_04024_,6.25µm
_04600_,6.25µm
_05521_,6.25µm
_05703_,6.25µm
_05813_,6.25µm
_05877_,6.25µm
net3045,6.25µm
net93,6.25µm
_01241_,6.24µm
_02044_,6.24µm
_03484_,6.24µm
net2070,6.24µm
net2222,6.24µm
net2448,6.24µm
net2520,6.24µm
net3087,6.24µm
net3126,6.24µm
net3129,6.24µm
net3157,6.24µm
net3388,6.24µm
_02307_,6.215µm
_02116_,6.195µm
_03958_,6.195µm
_00076_,6.19µm
_00127_,6.19µm
_00155_,6.19µm
_00186_,6.19µm
_00219_,6.19µm
_00226_,6.19µm
_00250_,6.19µm
_00269_,6.19µm
_00295_,6.19µm
_00335_,6.19µm
_00348_,6.19µm
_00352_,6.19µm
_00374_,6.19µm
_00407_,6.19µm
_00479_,6.19µm
_00548_,6.19µm
_00605_,6.19µm
_00643_,6.19µm
_00795_,6.19µm
_00812_,6.19µm
_00865_,6.19µm
_00941_,6.19µm
_00957_,6.19µm
_00993_,6.19µm
_01063_,6.19µm
_01786_,6.19µm
_01811_,6.19µm
_02063_,6.19µm
_02511_,6.19µm
_02873_,6.19µm
_02890_,6.19µm
_03422_,6.19µm
_04220_,6.19µm
_04227_,6.19µm
_04301_,6.19µm
_04603_,6.19µm
_04612_,6.19µm
_04908_,6.19µm
_04926_,6.19µm
_05897_,6.19µm
u_picorv32.picorv32_core.latched_rd\[0\],6.19µm
_00154_,6.18µm
_00277_,6.18µm
_00364_,6.18µm
_00426_,6.18µm
_00900_,6.18µm
_01087_,6.18µm
_01257_,6.18µm
_01305_,6.18µm
_02224_,6.18µm
net2847,6.165µm
_04704_,6.15µm
_03723_,6.145µm
_03890_,6.14µm
_02648_,6.135µm
_05733_,6.135µm
_00535_,6.13µm
_02739_,6.13µm
_02919_,6.13µm
_04245_,6.13µm
_05716_,6.13µm
net2041,6.13µm
net2056,6.13µm
net2073,6.13µm
net2142,6.13µm
net2331,6.13µm
net2385,6.13µm
net2637,6.13µm
net3015,6.13µm
net3128,6.13µm
_01278_,6.12µm
_01323_,6.12µm
_01497_,6.12µm
_02130_,6.12µm
_02283_,6.12µm
_02377_,6.12µm
_02470_,6.12µm
_02563_,6.12µm
_02756_,6.12µm
_03207_,6.12µm
_04898_,6.12µm
_05610_,6.12µm
_05862_,6.12µm
net1814,6.12µm
net1945,6.12µm
net2040,6.12µm
net2043,6.12µm
net2066,6.12µm
net2085,6.12µm
net2119,6.12µm
net2130,6.12µm
net2245,6.12µm
net2304,6.12µm
net2308,6.12µm
net2514,6.12µm
net2622,6.12µm
net2681,6.12µm
net2739,6.12µm
net2751,6.12µm
net2771,6.12µm
net2775,6.12µm
net2810,6.12µm
net2949,6.12µm
net3020,6.12µm
net3063,6.12µm
net3081,6.12µm
net3100,6.12µm
net3103,6.12µm
net3150,6.12µm
net3164,6.12µm
net3170,6.12µm
net3182,6.12µm
net3205,6.12µm
net3215,6.12µm
net3235,6.12µm
net3240,6.12µm
net3243,6.12µm
net3249,6.12µm
net3268,6.12µm
net3343,6.12µm
net3348,6.12µm
net3353,6.12µm
net3375,6.12µm
_03677_,6.115µm
net3405,6.115µm
_04180_,6.105µm
_00265_,6.1µm
_00376_,6.1µm
_00847_,6.1µm
_04093_,6.1µm
_00514_,6.09µm
_00831_,6.07µm
_01167_,6.07µm
_02502_,6.06µm
_03846_,6.06µm
_03931_,6.06µm
u_picorv32.pcpi_rs2\[4\],6.06µm
_01985_,6.03µm
_04753_,6.025µm
_01466_,6.02µm
_01853_,6.02µm
_01875_,6.02µm
_01882_,6.02µm
_02441_,6.02µm
_04716_,6.02µm
_05662_,6.02µm
net3402,6.02µm
net3403,6.02µm
net3410,6.02µm
net3414,6.02µm
net3416,6.02µm
net3423,6.02µm
net3428,6.02µm
net3432,6.02µm
net3436,6.02µm
net3440,6.02µm
net3442,6.02µm
net3444,6.02µm
net3448,6.02µm
net3454,6.02µm
net3456,6.02µm
net3457,6.02µm
net3458,6.02µm
net3460,6.02µm
net3462,6.02µm
net3463,6.02µm
_01183_,6.01µm
_01331_,6.01µm
_02468_,6.01µm
_02529_,6.01µm
_02741_,6.01µm
_03342_,6.01µm
_03414_,6.01µm
_03427_,6.01µm
_03669_,6.01µm
_04170_,6.01µm
_04242_,6.01µm
_04340_,6.01µm
_04395_,6.01µm
_04500_,6.01µm
_04985_,6.01µm
_05401_,6.01µm
_05434_,6.01µm
net1884,6.01µm
net1967,6.01µm
net2045,6.01µm
net2140,6.01µm
net2169,6.01µm
net2186,6.01µm
net2194,6.01µm
net2216,6.01µm
net2261,6.01µm
net2279,6.01µm
net2338,6.01µm
net2346,6.01µm
net2400,6.01µm
net2545,6.01µm
net2627,6.01µm
net2633,6.01µm
net2671,6.01µm
net2715,6.01µm
net2749,6.01µm
net2776,6.01µm
net2827,6.01µm
net2844,6.01µm
net2864,6.01µm
net2876,6.01µm
net2883,6.01µm
net2950,6.01µm
net2968,6.01µm
net3098,6.01µm
net3113,6.01µm
net3133,6.01µm
net3264,6.01µm
net3273,6.01µm
net3295,6.01µm
net3329,6.01µm
net3333,6.01µm
net3376,6.01µm
_03604_,6µm
_04021_,6µm
_04564_,6µm
_04695_,6µm
_04762_,6µm
net2624,6µm
_04596_,5.96µm
_05390_,5.955µm
_03707_,5.95µm
_05020_,5.95µm
_05616_,5.95µm
_05958_,5.95µm
_01379_,5.94µm
_01436_,5.94µm
_03069_,5.94µm
_03114_,5.94µm
_05692_,5.94µm
_04273_,5.935µm
_05376_,5.935µm
_04365_,5.925µm
_05824_,5.92µm
_00683_,5.91µm
_04073_,5.905µm
_02821_,5.9µm
_04648_,5.9µm
_04481_,5.89µm
_04630_,5.89µm
_04700_,5.89µm
_00521_,5.88µm
_00937_,5.88µm
_01091_,5.88µm
_01127_,5.88µm
_01172_,5.88µm
_01372_,5.88µm
_01388_,5.88µm
_02286_,5.88µm
_02772_,5.88µm
_02779_,5.88µm
_03857_,5.88µm
_04323_,5.88µm
_04705_,5.88µm
_04758_,5.88µm
_05426_,5.88µm
_05805_,5.88µm
_03305_,5.875µm
_00965_,5.865µm
_04069_,5.865µm
_05690_,5.865µm
_05389_,5.845µm
_00130_,5.82µm
_00139_,5.82µm
_00257_,5.82µm
_00412_,5.82µm
_00475_,5.82µm
_00515_,5.82µm
_00656_,5.82µm
_00853_,5.82µm
_01047_,5.82µm
_01051_,5.82µm
_01516_,5.82µm
_02824_,5.82µm
_02986_,5.82µm
_03353_,5.82µm
_03400_,5.82µm
_03630_,5.82µm
_03990_,5.82µm
_04016_,5.82µm
_04774_,5.82µm
_05701_,5.82µm
_05823_,5.82µm
_03775_,5.805µm
net2700,5.805µm
_01242_,5.77µm
_02094_,5.77µm
_02127_,5.77µm
_02221_,5.77µm
_02499_,5.77µm
_02585_,5.77µm
_02940_,5.77µm
_03461_,5.77µm
_04050_,5.77µm
_04117_,5.77µm
_04206_,5.77µm
_04215_,5.77µm
_04697_,5.77µm
_04904_,5.77µm
_05684_,5.77µm
_05833_,5.77µm
_05884_,5.77µm
net3174,5.77µm
net3511,5.77µm
_01247_,5.76µm
_03177_,5.76µm
_03879_,5.76µm
_05547_,5.76µm
net1824,5.76µm
net1897,5.76µm
net2014,5.76µm
net2225,5.76µm
net2410,5.76µm
net2482,5.76µm
net2548,5.76µm
net2988,5.76µm
net2989,5.76µm
net3143,5.76µm
net3146,5.76µm
net3321,5.76µm
_05681_,5.75µm
_03146_,5.745µm
_03573_,5.745µm
net3493,5.745µm
_00190_,5.71µm
_00710_,5.71µm
_00719_,5.71µm
_00905_,5.71µm
_00912_,5.71µm
_00991_,5.71µm
_01238_,5.71µm
_01334_,5.71µm
_01930_,5.71µm
_02036_,5.71µm
_02466_,5.71µm
_03378_,5.71µm
_03393_,5.71µm
_03663_,5.71µm
_03773_,5.71µm
_03831_,5.71µm
_04111_,5.71µm
_04133_,5.71µm
_04359_,5.71µm
_04566_,5.71µm
_05356_,5.71µm
_05473_,5.71µm
_05582_,5.71µm
_00184_,5.7µm
_00210_,5.7µm
_00313_,5.7µm
_00430_,5.7µm
_00895_,5.7µm
_00975_,5.7µm
_01077_,5.7µm
_01123_,5.7µm
_01338_,5.7µm
_01488_,5.7µm
_01891_,5.7µm
_02209_,5.7µm
_03246_,5.7µm
_03845_,5.7µm
_05350_,5.7µm
net2078,5.685µm
net2931,5.685µm
net3000,5.685µm
_02443_,5.68µm
_01251_,5.66µm
_00882_,5.65µm
_01082_,5.65µm
_01226_,5.65µm
_02240_,5.65µm
_02319_,5.65µm
net1815,5.65µm
net1842,5.65µm
net2022,5.65µm
net2050,5.65µm
net2162,5.65µm
net2209,5.65µm
net2402,5.65µm
net2469,5.65µm
net2667,5.65µm
net2764,5.65µm
net2777,5.65µm
net2976,5.65µm
net3161,5.65µm
net3165,5.65µm
net3318,5.65µm
net3380,5.65µm
_00866_,5.64µm
_01276_,5.64µm
_01308_,5.64µm
_01465_,5.64µm
_01921_,5.64µm
_02805_,5.64µm
_02863_,5.64µm
_03328_,5.64µm
_03451_,5.64µm
_03660_,5.64µm
_04141_,5.64µm
_04609_,5.64µm
_04640_,5.64µm
_05835_,5.64µm
net1833,5.64µm
net1843,5.64µm
net1871,5.64µm
net1875,5.64µm
net1888,5.64µm
net1892,5.64µm
net1899,5.64µm
net1900,5.64µm
net1915,5.64µm
net1926,5.64µm
net1931,5.64µm
net1935,5.64µm
net1937,5.64µm
net1942,5.64µm
net1958,5.64µm
net1965,5.64µm
net1975,5.64µm
net1986,5.64µm
net1987,5.64µm
net2005,5.64µm
net2012,5.64µm
net2036,5.64µm
net2038,5.64µm
net2047,5.64µm
net2058,5.64µm
net2067,5.64µm
net2079,5.64µm
net2089,5.64µm
net2095,5.64µm
net2096,5.64µm
net2129,5.64µm
net2141,5.64µm
net2144,5.64µm
net2158,5.64µm
net2165,5.64µm
net2179,5.64µm
net2205,5.64µm
net2212,5.64µm
net2228,5.64µm
net2231,5.64µm
net2232,5.64µm
net2241,5.64µm
net2243,5.64µm
net2244,5.64µm
net2253,5.64µm
net2264,5.64µm
net2285,5.64µm
net2313,5.64µm
net2317,5.64µm
net2322,5.64µm
net2333,5.64µm
net2335,5.64µm
net2341,5.64µm
net2363,5.64µm
net2368,5.64µm
net2392,5.64µm
net2420,5.64µm
net2439,5.64µm
net2449,5.64µm
net2470,5.64µm
net2481,5.64µm
net2485,5.64µm
net2487,5.64µm
net2492,5.64µm
net2507,5.64µm
net2508,5.64µm
net2518,5.64µm
net2521,5.64µm
net2527,5.64µm
net2531,5.64µm
net2536,5.64µm
net2538,5.64µm
net2543,5.64µm
net2552,5.64µm
net2565,5.64µm
net2574,5.64µm
net2590,5.64µm
net2600,5.64µm
net2617,5.64µm
net2618,5.64µm
net2628,5.64µm
net2636,5.64µm
net2646,5.64µm
net2652,5.64µm
net2688,5.64µm
net2701,5.64µm
net2729,5.64µm
net2730,5.64µm
net2733,5.64µm
net2742,5.64µm
net2770,5.64µm
net2774,5.64µm
net2799,5.64µm
net2805,5.64µm
net2807,5.64µm
net2808,5.64µm
net2817,5.64µm
net2819,5.64µm
net2833,5.64µm
net2835,5.64µm
net2843,5.64µm
net2845,5.64µm
net2853,5.64µm
net2866,5.64µm
net2870,5.64µm
net2900,5.64µm
net2907,5.64µm
net2911,5.64µm
net2918,5.64µm
net2923,5.64µm
net2930,5.64µm
net2933,5.64µm
net2939,5.64µm
net2942,5.64µm
net2943,5.64µm
net2945,5.64µm
net2951,5.64µm
net2952,5.64µm
net2962,5.64µm
net2964,5.64µm
net2966,5.64µm
net2973,5.64µm
net2974,5.64µm
net2977,5.64µm
net2996,5.64µm
net2997,5.64µm
net3010,5.64µm
net3022,5.64µm
net3024,5.64µm
net3029,5.64µm
net3030,5.64µm
net3032,5.64µm
net3038,5.64µm
net3041,5.64µm
net3050,5.64µm
net3059,5.64µm
net3060,5.64µm
net3062,5.64µm
net3069,5.64µm
net3075,5.64µm
net3076,5.64µm
net3084,5.64µm
net3095,5.64µm
net3097,5.64µm
net3101,5.64µm
net3104,5.64µm
net3115,5.64µm
net3122,5.64µm
net3125,5.64µm
net3139,5.64µm
net3162,5.64µm
net3167,5.64µm
net3169,5.64µm
net3175,5.64µm
net3177,5.64µm
net3185,5.64µm
net3196,5.64µm
net3203,5.64µm
net3212,5.64µm
net3217,5.64µm
net3218,5.64µm
net3221,5.64µm
net3230,5.64µm
net3248,5.64µm
net3251,5.64µm
net3254,5.64µm
net3255,5.64µm
net3272,5.64µm
net3280,5.64µm
net3283,5.64µm
net3287,5.64µm
net3292,5.64µm
net3293,5.64µm
net3296,5.64µm
net3302,5.64µm
net3304,5.64µm
net3305,5.64µm
net3306,5.64µm
net3312,5.64µm
net3316,5.64µm
net3319,5.64µm
net3357,5.64µm
net3365,5.64µm
net3368,5.64µm
net3387,5.64µm
net3394,5.64µm
net3395,5.64µm
net3400,5.64µm
net3401,5.64µm
u_picorv32.picorv32_core.reg_next_pc\[11\],5.64µm
_01653_,5.635µm
_03014_,5.635µm
_03370_,5.635µm
_04344_,5.635µm
_00285_,5.62µm
_00590_,5.61µm
_02162_,5.61µm
_00165_,5.59µm
_00308_,5.59µm
_00315_,5.59µm
_00691_,5.59µm
_00877_,5.59µm
_02783_,5.59µm
_02959_,5.59µm
_01292_,5.58µm
_04008_,5.58µm
_04028_,5.58µm
_04594_,5.58µm
_05214_,5.58µm
_05326_,5.58µm
_02500_,5.575µm
net1923,5.575µm
_03301_,5.565µm
_04147_,5.565µm
_03655_,5.56µm
_03733_,5.56µm
_02516_,5.545µm
_01651_,5.54µm
_02480_,5.54µm
_03649_,5.54µm
_03780_,5.54µm
_04297_,5.54µm
_04509_,5.54µm
_05472_,5.54µm
u_picorv32.pcpi_rs1\[15\],5.54µm
_01332_,5.53µm
_02347_,5.53µm
_02572_,5.53µm
_03221_,5.53µm
_04011_,5.53µm
_04038_,5.53µm
_04137_,5.53µm
_04165_,5.53µm
_05592_,5.53µm
_05794_,5.53µm
_05943_,5.53µm
net2188,5.53µm
_03652_,5.52µm
_04195_,5.52µm
_04632_,5.52µm
_04907_,5.52µm
_04914_,5.52µm
_00303_,5.48µm
_06014_,5.475µm
_04428_,5.47µm
_02422_,5.465µm
_01381_,5.46µm
_01496_,5.46µm
_01789_,5.46µm
_04981_,5.46µm
_03545_,5.45µm
_02686_,5.445µm
_02734_,5.445µm
_03070_,5.445µm
net2136,5.43µm
net2678,5.43µm
net3137,5.43µm
_05489_,5.42µm
_00855_,5.415µm
_00062_,5.41µm
_00050_,5.4µm
_01708_,5.4µm
_03006_,5.4µm
_03754_,5.4µm
_03811_,5.4µm
_03923_,5.4µm
_04209_,5.4µm
_04486_,5.4µm
_04912_,5.4µm
_05153_,5.4µm
_05942_,5.4µm
_05975_,5.4µm
net1921,5.4µm
net2211,5.4µm
net2517,5.4µm
net3372,5.4µm
u_picorv32.pcpi_rs1\[20\],5.4µm
_03772_,5.37µm
_04732_,5.37µm
_00017_,5.35µm
_00045_,5.35µm
_01139_,5.35µm
_01215_,5.35µm
_01285_,5.35µm
_01405_,5.35µm
_00061_,5.34µm
_00141_,5.34µm
_00419_,5.34µm
_00706_,5.34µm
_00864_,5.34µm
_00909_,5.34µm
_00923_,5.34µm
_00998_,5.34µm
_01018_,5.34µm
_01192_,5.34µm
_01233_,5.34µm
_01425_,5.34µm
_02203_,5.34µm
_02639_,5.34µm
_03196_,5.34µm
_03359_,5.34µm
_03462_,5.34µm
_03787_,5.34µm
_03883_,5.34µm
_03996_,5.34µm
_04893_,5.34µm
_05793_,5.34µm
_05880_,5.34µm
net3452,5.34µm
net1827,5.335µm
net2342,5.325µm
net3301,5.325µm
_03557_,5.315µm
_04626_,5.315µm
_05801_,5.31µm
_01160_,5.29µm
_01499_,5.29µm
_01654_,5.29µm
_01673_,5.29µm
_01880_,5.29µm
_02195_,5.29µm
_03011_,5.29µm
_03199_,5.29µm
_03471_,5.29µm
_03521_,5.29µm
_03638_,5.29µm
_03684_,5.29µm
_03867_,5.29µm
_03917_,5.29µm
_04177_,5.29µm
_04333_,5.29µm
_04374_,5.29µm
_04671_,5.29µm
_05146_,5.29µm
_05225_,5.29µm
_05237_,5.29µm
_05977_,5.29µm
_01213_,5.28µm
_01301_,5.28µm
net1849,5.28µm
net1853,5.28µm
net1883,5.28µm
net1910,5.28µm
net1912,5.28µm
net1957,5.28µm
net1962,5.28µm
net2000,5.28µm
net2053,5.28µm
net2097,5.28µm
net2178,5.28µm
net2196,5.28µm
net2207,5.28µm
net2462,5.28µm
net2473,5.28µm
net2504,5.28µm
net2523,5.28µm
net2534,5.28µm
net2537,5.28µm
net2541,5.28µm
net2563,5.28µm
net2604,5.28µm
net2607,5.28µm
net2621,5.28µm
net2642,5.28µm
net2720,5.28µm
net2727,5.28µm
net2735,5.28µm
net2748,5.28µm
net2782,5.28µm
net2946,5.28µm
net2984,5.28µm
net2985,5.28µm
net3027,5.28µm
net3035,5.28µm
net3061,5.28µm
net3067,5.28µm
net3073,5.28µm
net3151,5.28µm
net3199,5.28µm
net3276,5.28µm
net3290,5.28µm
net3310,5.28µm
net3320,5.28µm
net3322,5.28µm
net3331,5.28µm
net3337,5.28µm
net3351,5.28µm
net3356,5.28µm
u_picorv32.picorv32_core.reg_next_pc\[29\],5.28µm
_00457_,5.265µm
_00556_,5.25µm
_00565_,5.25µm
_00293_,5.23µm
_00337_,5.23µm
_00401_,5.23µm
_00757_,5.23µm
_02362_,5.23µm
_02840_,5.23µm
_03200_,5.23µm
_03970_,5.23µm
_05396_,5.23µm
_05532_,5.23µm
_00148_,5.22µm
_00247_,5.22µm
_00302_,5.22µm
_00342_,5.22µm
_00414_,5.22µm
_00549_,5.22µm
_00703_,5.22µm
_00839_,5.22µm
_00891_,5.22µm
_00892_,5.22µm
_00913_,5.22µm
_00925_,5.22µm
_01074_,5.22µm
_01190_,5.22µm
_01254_,5.22µm
_01344_,5.22µm
_02508_,5.22µm
_03058_,5.22µm
_03116_,5.22µm
_03125_,5.22µm
_03312_,5.22µm
_03317_,5.22µm
_02052_,5.2µm
_05677_,5.2µm
_01602_,5.19µm
_04633_,5.18µm
_02896_,5.17µm
net1864,5.17µm
net1908,5.17µm
net2016,5.17µm
net2024,5.17µm
net2052,5.17µm
net2076,5.17µm
net2115,5.17µm
net2153,5.17µm
net2160,5.17µm
net2203,5.17µm
net2210,5.17µm
net2272,5.17µm
net2297,5.17µm
net2327,5.17µm
net2340,5.17µm
net2358,5.17µm
net2515,5.17µm
net2582,5.17µm
net2632,5.17µm
net2657,5.17µm
net2664,5.17µm
net2669,5.17µm
net2673,5.17µm
net2873,5.17µm
net2878,5.17µm
net2890,5.17µm
net2917,5.17µm
net2941,5.17µm
net2948,5.17µm
net2978,5.17µm
net2980,5.17µm
net2998,5.17µm
net3012,5.17µm
net3043,5.17µm
net3053,5.17µm
net3096,5.17µm
net3119,5.17µm
net3308,5.17µm
net3359,5.17µm
_02222_,5.16µm
_02459_,5.16µm
_02546_,5.16µm
_02862_,5.16µm
_02918_,5.16µm
_03028_,5.16µm
_03470_,5.16µm
_03704_,5.16µm
_03725_,5.16µm
_05400_,5.16µm
_05497_,5.16µm
_05634_,5.16µm
net1872,5.16µm
net1983,5.16µm
net1988,5.16µm
net2018,5.16µm
net2173,5.16µm
net2175,5.16µm
net2182,5.16µm
net2220,5.16µm
net2251,5.16µm
net2257,5.16µm
net2405,5.16µm
net2406,5.16µm
net2431,5.16µm
net2453,5.16µm
net2526,5.16µm
net2668,5.16µm
net2745,5.16µm
net2759,5.16µm
net2789,5.16µm
net2822,5.16µm
net2824,5.16µm
net2825,5.16µm
net2837,5.16µm
net2840,5.16µm
net2869,5.16µm
net3114,5.16µm
net3183,5.16µm
net3354,5.16µm
_03197_,5.155µm
_03224_,5.155µm
_03445_,5.155µm
_03496_,5.155µm
_03885_,5.155µm
_04080_,5.155µm
_04136_,5.155µm
_04143_,5.155µm
_04525_,5.155µm
_04569_,5.155µm
_05206_,5.155µm
_05211_,5.155µm
_03731_,5.145µm
_05392_,5.145µm
_04538_,5.135µm
_03802_,5.1µm
_04874_,5.1µm
_04884_,5.1µm
_05035_,5.1µm
_05265_,5.1µm
_04012_,5.095µm
net2319,5.095µm
_04735_,5.085µm
_01660_,5.07µm
_02014_,5.07µm
_03261_,5.07µm
net2483,5.07µm
net3208,5.07µm
_01150_,5.06µm
_01996_,5.06µm
_02045_,5.06µm
_03105_,5.06µm
_04010_,5.06µm
net3512,5.06µm
_01360_,5.05µm
_01361_,5.05µm
_01652_,5.05µm
_01692_,5.05µm
_01926_,5.05µm
_02011_,5.05µm
_02858_,5.05µm
_02869_,5.05µm
_02914_,5.05µm
_02947_,5.05µm
_03032_,5.05µm
_03094_,5.05µm
_03698_,5.05µm
_03708_,5.05µm
_03939_,5.05µm
_04211_,5.05µm
_04561_,5.05µm
_05016_,5.05µm
_05029_,5.05µm
_05249_,5.05µm
_05613_,5.05µm
_05693_,5.05µm
_05875_,5.05µm
_02071_,5.04µm
_02659_,5.04µm
_03276_,5.04µm
_04360_,5.04µm
_05379_,5.04µm
_05484_,5.04µm
_05649_,5.04µm
net2167,5.04µm
net2171,5.04µm
_01952_,5.035µm
_02278_,5.02µm
_03977_,5.015µm
_03828_,5µm
_03633_,4.99µm
_05636_,4.99µm
_05826_,4.99µm
_01268_,4.98µm
_01494_,4.98µm
_03204_,4.98µm
_05097_,4.98µm
_05393_,4.98µm
_05055_,4.965µm
_05491_,4.965µm
_00169_,4.96µm
_02811_,4.96µm
net2329,4.95µm
_03951_,4.94µm
_01003_,4.935µm
_02031_,4.935µm
_02198_,4.93µm
_02081_,4.92µm
_02855_,4.92µm
_03387_,4.92µm
_04331_,4.92µm
_05353_,4.92µm
_05643_,4.92µm
_02489_,4.905µm
_03374_,4.905µm
_03441_,4.905µm
_03859_,4.89µm
_04745_,4.875µm
_01144_,4.87µm
_01145_,4.87µm
_01355_,4.87µm
net2072,4.865µm
_00267_,4.86µm
_00558_,4.86µm
_00587_,4.86µm
_00647_,4.86µm
_00720_,4.86µm
_00728_,4.86µm
_00743_,4.86µm
_01132_,4.86µm
_01156_,4.86µm
_01518_,4.86µm
_01762_,4.86µm
_02153_,4.86µm
_02561_,4.86µm
_03068_,4.86µm
_03709_,4.86µm
_03783_,4.86µm
_04321_,4.86µm
_05334_,4.86µm
net2277,4.845µm
net2836,4.845µm
net3085,4.845µm
net3131,4.845µm
_04404_,4.83µm
_02355_,4.81µm
_03524_,4.81µm
_04483_,4.81µm
_05182_,4.81µm
_00790_,4.8µm
_01949_,4.8µm
_01971_,4.8µm
net1813,4.8µm
net1822,4.8µm
net1858,4.8µm
net1863,4.8µm
net1869,4.8µm
net1873,4.8µm
net1877,4.8µm
net1878,4.8µm
net1881,4.8µm
net1896,4.8µm
net1903,4.8µm
net1918,4.8µm
net1936,4.8µm
net1947,4.8µm
net1951,4.8µm
net1964,4.8µm
net1968,4.8µm
net1997,4.8µm
net2008,4.8µm
net2028,4.8µm
net2032,4.8µm
net2034,4.8µm
net2035,4.8µm
net2044,4.8µm
net2061,4.8µm
net2080,4.8µm
net2099,4.8µm
net2109,4.8µm
net2118,4.8µm
net2126,4.8µm
net2139,4.8µm
net2150,4.8µm
net2151,4.8µm
net2154,4.8µm
net2155,4.8µm
net2157,4.8µm
net2172,4.8µm
net2193,4.8µm
net2214,4.8µm
net2227,4.8µm
net2238,4.8µm
net2286,4.8µm
net2307,4.8µm
net2309,4.8µm
net2350,4.8µm
net2351,4.8µm
net2365,4.8µm
net2366,4.8µm
net2409,4.8µm
net2423,4.8µm
net2426,4.8µm
net2442,4.8µm
net2443,4.8µm
net2455,4.8µm
net2479,4.8µm
net2495,4.8µm
net2513,4.8µm
net2535,4.8µm
net2550,4.8µm
net2554,4.8µm
net2559,4.8µm
net2591,4.8µm
net2593,4.8µm
net2594,4.8µm
net2595,4.8µm
net2620,4.8µm
net2626,4.8µm
net2629,4.8µm
net2630,4.8µm
net2638,4.8µm
net2662,4.8µm
net2680,4.8µm
net2682,4.8µm
net2691,4.8µm
net2697,4.8µm
net2704,4.8µm
net2712,4.8µm
net2713,4.8µm
net2743,4.8µm
net2753,4.8µm
net2757,4.8µm
net2765,4.8µm
net2768,4.8µm
net2783,4.8µm
net2784,4.8µm
net2804,4.8µm
net2821,4.8µm
net2826,4.8µm
net2834,4.8µm
net2849,4.8µm
net2857,4.8µm
net2868,4.8µm
net2871,4.8µm
net2877,4.8µm
net2885,4.8µm
net2891,4.8µm
net2896,4.8µm
net2902,4.8µm
net2908,4.8µm
net2910,4.8µm
net2924,4.8µm
net2954,4.8µm
net2957,4.8µm
net2970,4.8µm
net2979,4.8µm
net2983,4.8µm
net2992,4.8µm
net3004,4.8µm
net3005,4.8µm
net3007,4.8µm
net3016,4.8µm
net3017,4.8µm
net3018,4.8µm
net3021,4.8µm
net3026,4.8µm
net3039,4.8µm
net3047,4.8µm
net3054,4.8µm
net3055,4.8µm
net3065,4.8µm
net3068,4.8µm
net3080,4.8µm
net3082,4.8µm
net3086,4.8µm
net3088,4.8µm
net3089,4.8µm
net3091,4.8µm
net3094,4.8µm
net3099,4.8µm
net3102,4.8µm
net3117,4.8µm
net3138,4.8µm
net3145,4.8µm
net3147,4.8µm
net3149,4.8µm
net3159,4.8µm
net3160,4.8µm
net3173,4.8µm
net3181,4.8µm
net3188,4.8µm
net3191,4.8µm
net3194,4.8µm
net3204,4.8µm
net3207,4.8µm
net3211,4.8µm
net3213,4.8µm
net3216,4.8µm
net3220,4.8µm
net3236,4.8µm
net3239,4.8µm
net3246,4.8µm
net3270,4.8µm
net3274,4.8µm
net3277,4.8µm
net3294,4.8µm
net3299,4.8µm
net3307,4.8µm
net3314,4.8µm
net3317,4.8µm
net3325,4.8µm
net3349,4.8µm
net3358,4.8µm
net3362,4.8µm
net3366,4.8µm
net3370,4.8µm
net3381,4.8µm
net3382,4.8µm
net3384,4.8µm
net3386,4.8µm
net3396,4.8µm
net3397,4.8µm
net3399,4.8µm
net1808,4.8µm
_04619_,4.755µm
net2010,4.755µm
_00019_,4.75µm
_00093_,4.75µm
_00708_,4.75µm
_00732_,4.75µm
_00943_,4.75µm
_01035_,4.75µm
_01196_,4.75µm
_04402_,4.75µm
_05101_,4.75µm
_05742_,4.75µm
_00054_,4.74µm
_00284_,4.74µm
_00290_,4.74µm
_00292_,4.74µm
_00299_,4.74µm
_00320_,4.74µm
_00495_,4.74µm
_00611_,4.74µm
_00629_,4.74µm
_00641_,4.74µm
_00679_,4.74µm
_00794_,4.74µm
_00811_,4.74µm
_00902_,4.74µm
_01099_,4.74µm
_01258_,4.74µm
_01424_,4.74µm
_01426_,4.74µm
_01443_,4.74µm
_01449_,4.74µm
_02652_,4.74µm
_03744_,4.74µm
_03955_,4.705µm
_01328_,4.69µm
net2256,4.69µm
_01302_,4.68µm
_01313_,4.68µm
_01325_,4.68µm
_01352_,4.68µm
_01451_,4.68µm
_01647_,4.68µm
_02091_,4.68µm
_02760_,4.68µm
_03143_,4.68µm
_03217_,4.68µm
_03825_,4.68µm
_03968_,4.68µm
_03993_,4.68µm
_04007_,4.68µm
_04652_,4.68µm
_05064_,4.68µm
_05921_,4.68µm
net1809,4.68µm
net1819,4.68µm
net1845,4.68µm
net1865,4.68µm
net1887,4.68µm
net1895,4.68µm
net1922,4.68µm
net2092,4.68µm
net2123,4.68µm
net2192,4.68µm
net2456,4.68µm
net2471,4.68µm
net2532,4.68µm
net2738,4.68µm
net2769,4.68µm
net2795,4.68µm
net2886,4.68µm
net2938,4.68µm
net3056,4.68µm
net3263,4.68µm
net3300,4.68µm
net3364,4.68µm
net3389,4.68µm
_01582_,4.675µm
_02039_,4.675µm
_02070_,4.675µm
_02850_,4.675µm
_03124_,4.675µm
_03517_,4.675µm
_03960_,4.675µm
_04053_,4.675µm
_04416_,4.675µm
_05031_,4.675µm
_05342_,4.675µm
_02205_,4.665µm
net3224,4.64µm
_01454_,4.62µm
_03824_,4.62µm
_04457_,4.62µm
_05305_,4.62µm
_03282_,4.615µm
_05664_,4.615µm
net2731,4.615µm
net2075,4.605µm
net2937,4.59µm
net2956,4.59µm
net3192,4.59µm
_00014_,4.58µm
_01391_,4.58µm
_01461_,4.58µm
_01608_,4.58µm
_01735_,4.58µm
_01765_,4.58µm
_01886_,4.58µm
_02010_,4.58µm
_02030_,4.58µm
_02041_,4.58µm
_02110_,4.58µm
_02164_,4.58µm
_02405_,4.58µm
_02504_,4.58µm
_02636_,4.58µm
_02826_,4.58µm
_03048_,4.58µm
_03054_,4.58µm
_03505_,4.58µm
_03710_,4.58µm
net3506,4.58µm
_01055_,4.57µm
_01120_,4.57µm
_01341_,4.57µm
_01382_,4.57µm
_01427_,4.57µm
_01439_,4.57µm
_01455_,4.57µm
_01495_,4.57µm
_01501_,4.57µm
_01669_,4.57µm
_01806_,4.57µm
_01842_,4.57µm
_01954_,4.57µm
_02259_,4.57µm
_02567_,4.57µm
_02598_,4.57µm
_02673_,4.57µm
_03290_,4.57µm
_03334_,4.57µm
_03712_,4.57µm
_04138_,4.57µm
_04363_,4.57µm
_04527_,4.57µm
_04567_,4.57µm
_04821_,4.57µm
_04861_,4.57µm
_04943_,4.57µm
_05682_,4.57µm
_06009_,4.57µm
_04394_,4.565µm
_02481_,4.56µm
_02719_,4.56µm
_05984_,4.56µm
net1938,4.56µm
net2773,4.56µm
net2927,4.56µm
net3256,4.56µm
_01162_,4.545µm
_02135_,4.545µm
_00724_,4.54µm
_05517_,4.52µm
_04152_,4.515µm
net2230,4.515µm
_04116_,4.51µm
_00117_,4.5µm
_04422_,4.5µm
_04933_,4.5µm
_03614_,4.485µm
_03590_,4.47µm
_03076_,4.45µm
_04841_,4.45µm
_05423_,4.45µm
_02018_,4.44µm
_02190_,4.44µm
_02369_,4.44µm
_02538_,4.44µm
_02564_,4.44µm
_02851_,4.44µm
_03323_,4.44µm
_03338_,4.44µm
_03544_,4.44µm
_03645_,4.44µm
_03742_,4.44µm
_03868_,4.44µm
_04192_,4.44µm
_04388_,4.44µm
_04819_,4.44µm
_05456_,4.44µm
_05691_,4.44µm
net141,4.44µm
_01878_,4.435µm
_00954_,4.425µm
_01691_,4.425µm
_01310_,4.39µm
_01349_,4.39µm
_03548_,4.385µm
_00013_,4.38µm
_00026_,4.38µm
_00048_,4.38µm
_00131_,4.38µm
_00162_,4.38µm
_00177_,4.38µm
_00298_,4.38µm
_00447_,4.38µm
_00577_,4.38µm
_00662_,4.38µm
_00726_,4.38µm
_00806_,4.38µm
_00874_,4.38µm
_00992_,4.38µm
_01041_,4.38µm
_01135_,4.38µm
_01149_,4.38µm
_01181_,4.38µm
_01202_,4.38µm
_01370_,4.38µm
_01493_,4.38µm
_01838_,4.38µm
_02237_,4.38µm
_02401_,4.38µm
_02743_,4.38µm
_02748_,4.38µm
_02924_,4.38µm
_03212_,4.38µm
_03232_,4.38µm
_03495_,4.38µm
_03647_,4.38µm
_03829_,4.38µm
_04208_,4.38µm
_04269_,4.38µm
_04944_,4.38µm
_06011_,4.38µm
_04303_,4.36µm
_04223_,4.35µm
net3142,4.35µm
_01948_,4.33µm
_02316_,4.33µm
_02547_,4.33µm
_03906_,4.33µm
_04426_,4.33µm
_05678_,4.33µm
_00664_,4.32µm
_01185_,4.32µm
_03273_,4.32µm
_03531_,4.32µm
_04373_,4.32µm
_05912_,4.32µm
net2127,4.32µm
net2161,4.32µm
net2384,4.32µm
net2445,4.32µm
net2451,4.32µm
net2459,4.32µm
net2466,4.32µm
net2472,4.32µm
net2573,4.32µm
net2575,4.32µm
net2656,4.32µm
net2781,4.32µm
net2875,4.32µm
net2899,4.32µm
net3031,4.32µm
net3206,4.32µm
net3241,4.32µm
net3247,4.32µm
net3291,4.32µm
_02391_,4.295µm
_00023_,4.26µm
_00025_,4.26µm
_00198_,4.26µm
_00215_,4.26µm
_00240_,4.26µm
_00353_,4.26µm
_00429_,4.26µm
_00632_,4.26µm
_00843_,4.26µm
_01097_,4.26µm
_01206_,4.26µm
_01337_,4.26µm
_01430_,4.26µm
_01463_,4.26µm
_01637_,4.26µm
_02356_,4.26µm
u_picorv32.pcpi_rs1\[28\],4.245µm
_04617_,4.23µm
_01469_,4.2µm
_01978_,4.2µm
_02251_,4.2µm
_02294_,4.2µm
_02297_,4.2µm
_02626_,4.2µm
_02770_,4.2µm
_03198_,4.2µm
_04229_,4.2µm
_04330_,4.2µm
net1826,4.2µm
net2048,4.2µm
net2112,4.2µm
net2147,4.2µm
net2399,4.2µm
net2584,4.2µm
net2685,4.2µm
net2687,4.2µm
net2716,4.2µm
net3275,4.2µm
net3393,4.2µm
_03277_,4.195µm
_03560_,4.195µm
_03578_,4.195µm
_03599_,4.195µm
_04717_,4.195µm
_05149_,4.195µm
_05435_,4.195µm
_05814_,4.195µm
_05317_,4.185µm
_00764_,4.18µm
_01346_,4.17µm
net2530,4.155µm
_02464_,4.14µm
_03508_,4.14µm
_05963_,4.14µm
_05854_,4.125µm
_03897_,4.11µm
net2198,4.11µm
_04917_,4.105µm
_01243_,4.1µm
_01296_,4.1µm
_01798_,4.1µm
_02002_,4.1µm
_02111_,4.1µm
_02417_,4.1µm
_02913_,4.1µm
_03670_,4.1µm
_04501_,4.1µm
_04552_,4.1µm
_04781_,4.1µm
_04954_,4.1µm
_04968_,4.1µm
_05032_,4.1µm
_05059_,4.1µm
_05201_,4.1µm
_05252_,4.1µm
_05908_,4.1µm
_01992_,4.09µm
_02000_,4.09µm
_02128_,4.09µm
_02423_,4.09µm
_02722_,4.09µm
_02746_,4.09µm
_02782_,4.09µm
_03265_,4.09µm
_03701_,4.09µm
_03816_,4.09µm
_03818_,4.09µm
_03911_,4.09µm
_03918_,4.09µm
_04238_,4.09µm
_04278_,4.09µm
_04410_,4.09µm
_04669_,4.09µm
_04670_,4.09µm
_04748_,4.09µm
_04905_,4.09µm
_05386_,4.09µm
_05465_,4.09µm
_05792_,4.09µm
_05858_,4.09µm
_05939_,4.09µm
_05982_,4.09µm
_06016_,4.09µm
net1818,4.09µm
net1823,4.09µm
net1832,4.09µm
net1835,4.09µm
net1838,4.09µm
net1868,4.09µm
net1893,4.09µm
net1901,4.09µm
net1906,4.09µm
net1932,4.09µm
net1943,4.09µm
net1954,4.09µm
net1982,4.09µm
net1995,4.09µm
net1998,4.09µm
net2030,4.09µm
net2049,4.09µm
net2069,4.09µm
net2100,4.09µm
net2106,4.09µm
net2120,4.09µm
net2124,4.09µm
net2138,4.09µm
net2146,4.09µm
net2149,4.09µm
net2174,4.09µm
net2269,4.09µm
net2280,4.09µm
net2295,4.09µm
net2324,4.09µm
net2371,4.09µm
net2381,4.09µm
net2387,4.09µm
net2395,4.09µm
net2397,4.09µm
net2407,4.09µm
net2413,4.09µm
net2438,4.09µm
net2441,4.09µm
net2463,4.09µm
net2477,4.09µm
net2484,4.09µm
net2486,4.09µm
net2496,4.09µm
net2567,4.09µm
net2578,4.09µm
net2592,4.09µm
net2599,4.09µm
net2610,4.09µm
net2675,4.09µm
net2676,4.09µm
net2723,4.09µm
net2754,4.09µm
net2814,4.09µm
net2842,4.09µm
net2852,4.09µm
net2928,4.09µm
net2932,4.09µm
net2934,4.09µm
net2991,4.09µm
net2993,4.09µm
net3019,4.09µm
net3064,4.09µm
net3066,4.09µm
net3092,4.09µm
net3184,4.09µm
net3228,4.09µm
net3232,4.09µm
net3258,4.09µm
net3334,4.09µm
net3373,4.09µm
_02161_,4.08µm
_02513_,4.08µm
_02579_,4.08µm
_03132_,4.08µm
_03263_,4.08µm
_04834_,4.065µm
_03714_,4.06µm
_03659_,4.04µm
_04565_,4.035µm
_01894_,4.03µm
_03862_,4.03µm
_05382_,4.03µm
_00011_,4.02µm
_01261_,4.02µm
_01303_,4.02µm
_01529_,4.02µm
_02540_,4.02µm
_03019_,4.02µm
_03763_,4.02µm
_04614_,4.02µm
_05558_,4.02µm
_04407_,4.005µm
_04696_,4µm
_01904_,3.96µm
_02236_,3.96µm
_02375_,3.96µm
_02409_,3.96µm
_02434_,3.96µm
_02493_,3.96µm
_03405_,3.96µm
_03516_,3.96µm
_03607_,3.96µm
_03959_,3.96µm
_04158_,3.96µm
_04183_,3.96µm
_04199_,3.96µm
_04503_,3.96µm
_04733_,3.96µm
_05901_,3.96µm
net3464,3.96µm
_04305_,3.925µm
net1821,3.925µm
net2268,3.925µm
_01476_,3.91µm
_02144_,3.91µm
net2266,3.91µm
u_picorv32.picorv32_core.alu_out_q\[8\],3.91µm
_00012_,3.9µm
_00106_,3.9µm
_00282_,3.9µm
_00349_,3.9µm
_00459_,3.9µm
_00507_,3.9µm
_00575_,3.9µm
_00652_,3.9µm
_00712_,3.9µm
_00725_,3.9µm
_00775_,3.9µm
_00777_,3.9µm
_00782_,3.9µm
_00824_,3.9µm
_00983_,3.9µm
_01036_,3.9µm
_01130_,3.9µm
_01217_,3.9µm
_01255_,3.9µm
_01402_,3.9µm
_01537_,3.9µm
_02267_,3.9µm
_02378_,3.9µm
_02421_,3.9µm
_03294_,3.9µm
_03311_,3.9µm
_03345_,3.9µm
_03377_,3.9µm
_03418_,3.9µm
_03539_,3.9µm
_03949_,3.9µm
_03988_,3.9µm
_04014_,3.9µm
_04140_,3.9µm
_04499_,3.9µm
_04599_,3.9µm
_05964_,3.9µm
u_picorv32.picorv32_core.latched_rd\[2\],3.9µm
_04417_,3.88µm
net2611,3.88µm
net2909,3.88µm
_03563_,3.85µm
_03800_,3.85µm
_04505_,3.85µm
_04608_,3.85µm
net2168,3.85µm
_00527_,3.84µm
_01240_,3.84µm
_02795_,3.84µm
_05604_,3.84µm
_05671_,3.84µm
net1846,3.84µm
net1857,3.84µm
net1904,3.84µm
net1928,3.84µm
net1963,3.84µm
net1966,3.84µm
net2107,3.84µm
net2134,3.84µm
net2156,3.84µm
net2613,3.84µm
net2841,3.84µm
net2855,3.84µm
net2862,3.84µm
net2863,3.84µm
net2921,3.84µm
net3250,3.84µm
net3339,3.84µm
net3385,3.84µm
net3390,3.84µm
_01893_,3.81µm
_03448_,3.81µm
_02013_,3.805µm
_00358_,3.78µm
_00362_,3.78µm
_00372_,3.78µm
_01387_,3.78µm
_01396_,3.78µm
_01490_,3.78µm
_02637_,3.78µm
_04675_,3.78µm
_03887_,3.76µm
_02750_,3.72µm
_03010_,3.72µm
_05071_,3.72µm
net1830,3.72µm
net1839,3.72µm
net1851,3.72µm
net1856,3.72µm
net1882,3.72µm
net1889,3.72µm
net1959,3.72µm
net1971,3.72µm
net2003,3.72µm
net2027,3.72µm
net2074,3.72µm
net2101,3.72µm
net2113,3.72µm
net2116,3.72µm
net2121,3.72µm
net2128,3.72µm
net2237,3.72µm
net2249,3.72µm
net2265,3.72µm
net2284,3.72µm
net2318,3.72µm
net2374,3.72µm
net2562,3.72µm
net2571,3.72µm
net2709,3.72µm
net2714,3.72µm
net2744,3.72µm
net2767,3.72µm
net2823,3.72µm
net2854,3.72µm
net3033,3.72µm
net3107,3.72µm
net3282,3.72µm
net3352,3.72µm
net78,3.72µm
_01936_,3.715µm
_02486_,3.715µm
_02958_,3.715µm
_03209_,3.715µm
_03587_,3.715µm
_03644_,3.715µm
_04035_,3.715µm
_04108_,3.715µm
_04258_,3.715µm
_04264_,3.715µm
_04391_,3.715µm
_05168_,3.715µm
_05498_,3.715µm
_05745_,3.715µm
_05951_,3.715µm
_02234_,3.705µm
_00633_,3.69µm
_01013_,3.69µm
_02477_,3.665µm
_04425_,3.665µm
_01696_,3.66µm
_02406_,3.66µm
_03227_,3.66µm
_03228_,3.655µm
_03238_,3.655µm
_02879_,3.645µm
_01245_,3.62µm
_01373_,3.62µm
_01683_,3.62µm
_02096_,3.62µm
_04036_,3.62µm
_04179_,3.62µm
_05477_,3.62µm
_05541_,3.62µm
_05804_,3.62µm
_05869_,3.62µm
_01265_,3.61µm
_01377_,3.61µm
_02536_,3.61µm
_02550_,3.61µm
_02573_,3.61µm
_03111_,3.61µm
_03615_,3.61µm
_03618_,3.61µm
_04013_,3.61µm
_04040_,3.61µm
_04268_,3.61µm
_04296_,3.61µm
_04343_,3.61µm
_04430_,3.61µm
_04456_,3.61µm
_04479_,3.61µm
_04546_,3.61µm
_04618_,3.61µm
_04681_,3.61µm
_04822_,3.61µm
_04846_,3.61µm
_04892_,3.61µm
_05537_,3.61µm
_05673_,3.61µm
_05818_,3.61µm
_05821_,3.61µm
_05857_,3.61µm
_05903_,3.61µm
_05914_,3.61µm
_05938_,3.61µm
_01164_,3.55µm
_01659_,3.55µm
_02664_,3.55µm
_00010_,3.54µm
_00118_,3.54µm
_01194_,3.54µm
_01263_,3.54µm
_01279_,3.54µm
_04292_,3.54µm
_04932_,3.54µm
_05553_,3.535µm
_05816_,3.515µm
_01450_,3.51µm
net2398,3.51µm
_03617_,3.5µm
_03426_,3.495µm
_03964_,3.49µm
_01175_,3.48µm
_01201_,3.48µm
_01234_,3.48µm
_01237_,3.48µm
_01636_,3.48µm
_01701_,3.48µm
_01804_,3.48µm
_01982_,3.48µm
_02155_,3.48µm
_02217_,3.48µm
_02265_,3.48µm
_02332_,3.48µm
_02354_,3.48µm
_02442_,3.48µm
_02575_,3.48µm
_02623_,3.48µm
_02674_,3.48µm
_02689_,3.48µm
_03022_,3.48µm
_03319_,3.48µm
_03346_,3.48µm
_03347_,3.48µm
_03398_,3.48µm
_03492_,3.48µm
_03500_,3.48µm
_03695_,3.48µm
_03834_,3.48µm
_03914_,3.48µm
_03982_,3.48µm
_04234_,3.48µm
_04263_,3.48µm
_04300_,3.48µm
_04400_,3.48µm
_04526_,3.48µm
_04678_,3.48µm
_04836_,3.48µm
_05179_,3.48µm
_05354_,3.48µm
_05432_,3.48µm
_06005_,3.48µm
net3531,3.48µm
_00016_,3.46µm
_04906_,3.445µm
_00059_,3.42µm
_00140_,3.42µm
_00156_,3.42µm
_00205_,3.42µm
_00266_,3.42µm
_00307_,3.42µm
_00440_,3.42µm
_00517_,3.42µm
_00658_,3.42µm
_00667_,3.42µm
_00678_,3.42µm
_00682_,3.42µm
_00747_,3.42µm
_00762_,3.42µm
_00821_,3.42µm
_00904_,3.42µm
_00960_,3.42µm
_00974_,3.42µm
_01031_,3.42µm
_01075_,3.42µm
_01171_,3.42µm
_01184_,3.42µm
_01186_,3.42µm
_01199_,3.42µm
_01200_,3.42µm
_01229_,3.42µm
_01260_,3.42µm
_01353_,3.42µm
_01356_,3.42µm
_01471_,3.42µm
_01475_,3.42µm
_01575_,3.42µm
_01607_,3.42µm
_01950_,3.42µm
_02285_,3.42µm
_02408_,3.42µm
_02461_,3.42µm
_02465_,3.42µm
_02527_,3.42µm
_02582_,3.42µm
_02814_,3.42µm
_02888_,3.42µm
_03239_,3.42µm
_03403_,3.42µm
_03436_,3.42µm
_03442_,3.42µm
_03572_,3.42µm
_03620_,3.42µm
_03711_,3.42µm
_03760_,3.42µm
_03826_,3.42µm
_04017_,3.42µm
_04096_,3.42µm
_04760_,3.42µm
_04814_,3.42µm
_04826_,3.42µm
_04890_,3.42µm
_05689_,3.42µm
_05727_,3.42µm
net37,3.42µm
_04807_,3.4µm
_02352_,3.39µm
_01193_,3.36µm
_01195_,3.36µm
_01203_,3.36µm
_01220_,3.36µm
_01259_,3.36µm
_01354_,3.36µm
_03148_,3.36µm
net1836,3.36µm
net2658,3.36µm
net2839,3.36µm
net2867,3.36µm
net2880,3.36µm
net2881,3.36µm
net3058,3.36µm
net3315,3.36µm
net3330,3.36µm
_03406_,3.34µm
_00235_,3.33µm
_04877_,3.33µm
_02389_,3.28µm
_02758_,3.27µm
_04988_,3.27µm
_05815_,3.27µm
_02109_,3.24µm
_02566_,3.24µm
_04139_,3.24µm
_04205_,3.24µm
_04777_,3.24µm
_05879_,3.24µm
_05944_,3.24µm
_01855_,3.235µm
_02931_,3.235µm
_03023_,3.235µm
_03907_,3.235µm
_04105_,3.235µm
_04362_,3.235µm
_04850_,3.235µm
_05217_,3.235µm
_05777_,3.235µm
_03807_,3.23µm
_01380_,3.225µm
_02781_,3.225µm
_04657_,3.225µm
_05881_,3.225µm
_04015_,3.21µm
_02201_,3.185µm
_02653_,3.18µm
_04467_,3.18µm
_05114_,3.18µm
_01293_,3.14µm
_02249_,3.14µm
_02856_,3.14µm
_03067_,3.14µm
_03372_,3.14µm
_03383_,3.14µm
_03577_,3.14µm
_04106_,3.14µm
_04548_,3.14µm
_04718_,3.14µm
_04824_,3.14µm
_05425_,3.14µm
net140,3.14µm
_01367_,3.13µm
_01530_,3.13µm
_02400_,3.13µm
_02413_,3.13µm
_02456_,3.13µm
_02497_,3.13µm
_02657_,3.13µm
_02729_,3.13µm
_03216_,3.13µm
_03321_,3.13µm
_03550_,3.13µm
_03592_,3.13µm
_03878_,3.13µm
_05204_,3.13µm
_05605_,3.13µm
_01583_,3.12µm
_04423_,3.12µm
_04489_,3.12µm
_04915_,3.105µm
_00060_,3.08µm
_01854_,3.07µm
_04031_,3.07µm
_04656_,3.07µm
_00049_,3.06µm
_00124_,3.06µm
_01228_,3.06µm
_01277_,3.06µm
_01375_,3.06µm
_01532_,3.06µm
_01901_,3µm
_01909_,3µm
_02100_,3µm
_02284_,3µm
_02358_,3µm
_02381_,3µm
_02507_,3µm
_02552_,3µm
_02680_,3µm
_03139_,3µm
_03490_,3µm
_03522_,3µm
_03627_,3µm
_03683_,3µm
_03689_,3µm
_03774_,3µm
_03813_,3µm
_03823_,3µm
_03925_,3µm
_04173_,3µm
_04276_,3µm
_04444_,3µm
_04523_,3µm
_04549_,3µm
_04709_,3µm
_05119_,3µm
_05240_,3µm
_05257_,3µm
_05310_,3µm
_05388_,3µm
_05523_,3µm
_05812_,3µm
u_picorv32.pcpi_rs1\[30\],3µm
net3377,2.97µm
_03963_,2.965µm
_04352_,2.965µm
_00199_,2.94µm
_00428_,2.94µm
_00787_,2.94µm
_00907_,2.94µm
_01225_,2.94µm
_01300_,2.94µm
_01329_,2.94µm
_01358_,2.94µm
_01386_,2.94µm
_01389_,2.94µm
_01480_,2.94µm
_01535_,2.94µm
_01644_,2.94µm
_02120_,2.94µm
_02189_,2.94µm
_02225_,2.94µm
_02257_,2.94µm
_02366_,2.94µm
_02510_,2.94µm
_02877_,2.94µm
_02933_,2.94µm
_03083_,2.94µm
_04298_,2.94µm
_04638_,2.94µm
_05062_,2.94µm
_05365_,2.94µm
_05433_,2.94µm
_05535_,2.94µm
_05718_,2.94µm
_05870_,2.94µm
_02601_,2.93µm
_00930_,2.92µm
_01820_,2.92µm
_04556_,2.9µm
_04827_,2.895µm
_02419_,2.865µm
_03476_,2.865µm
_00057_,2.855µm
_01457_,2.79µm
_01383_,2.76µm
_01698_,2.76µm
_02057_,2.76µm
_02102_,2.76µm
_02181_,2.76µm
_03410_,2.76µm
_04059_,2.76µm
_04086_,2.76µm
_04631_,2.76µm
_05416_,2.76µm
_05827_,2.76µm
_05883_,2.76µm
_03256_,2.755µm
_03621_,2.755µm
_03691_,2.755µm
_04026_,2.755µm
_04099_,2.755µm
_04320_,2.755µm
_04835_,2.755µm
_04880_,2.755µm
_05624_,2.755µm
_03792_,2.745µm
_04146_,2.735µm
_02133_,2.73µm
_05915_,2.73µm
_05574_,2.715µm
_02156_,2.7µm
_03078_,2.7µm
_03605_,2.7µm
_01204_,2.66µm
_01527_,2.66µm
_01533_,2.66µm
_01884_,2.66µm
_01990_,2.66µm
_03035_,2.66µm
_03362_,2.66µm
_03778_,2.66µm
_04693_,2.66µm
_05515_,2.66µm
_01166_,2.65µm
_02093_,2.65µm
_02206_,2.65µm
_02435_,2.65µm
_03174_,2.65µm
_04557_,2.65µm
_04684_,2.65µm
_04690_,2.65µm
_04863_,2.65µm
_05534_,2.65µm
_01453_,2.64µm
_03597_,2.64µm
_04261_,2.635µm
_05768_,2.595µm
_00603_,2.59µm
_03469_,2.59µm
_05735_,2.59µm
_01138_,2.58µm
_01168_,2.58µm
_01197_,2.58µm
_01343_,2.58µm
_01392_,2.58µm
_01460_,2.58µm
_01531_,2.58µm
_02363_,2.58µm
_05227_,2.58µm
_05769_,2.58µm
_03269_,2.55µm
_01208_,2.52µm
_02312_,2.52µm
_02495_,2.52µm
_02571_,2.52µm
_02774_,2.52µm
_02930_,2.52µm
_03576_,2.52µm
_03873_,2.52µm
_04610_,2.52µm
_05155_,2.52µm
_05359_,2.52µm
_05550_,2.52µm
_05552_,2.52µm
_05569_,2.52µm
_03989_,2.49µm
_05417_,2.44µm
_00035_,2.34µm
_00051_,2.34µm
_01236_,2.34µm
_01365_,2.34µm
_01534_,2.34µm
_05782_,2.34µm
_00020_,2.28µm
_00871_,2.28µm
_01264_,2.28µm
_01327_,2.28µm
_01606_,2.28µm
_01897_,2.28µm
_02393_,2.28µm
_02544_,2.28µm
_03324_,2.28µm
_03602_,2.28µm
_03657_,2.28µm
_03668_,2.28µm
_03860_,2.28µm
_03869_,2.28µm
_03971_,2.28µm
_04019_,2.28µm
_04033_,2.28µm
_04752_,2.28µm
_04831_,2.28µm
_04882_,2.28µm
_05573_,2.28µm
_00055_,2.275µm
_02625_,2.275µm
_02817_,2.275µm
_05845_,2.275µm
_04418_,2.27µm
_01456_,2.265µm
_00305_,2.22µm
_00432_,2.22µm
_00765_,2.22µm
_01378_,2.22µm
_01486_,2.22µm
_01270_,2.18µm
_01295_,2.18µm
_01452_,2.18µm
_01630_,2.18µm
_01642_,2.18µm
_02192_,2.18µm
_04144_,2.18µm
_00967_,2.175µm
_00159_,2.17µm
_00261_,2.17µm
_00262_,2.17µm
_00294_,2.17µm
_00573_,2.17µm
_00589_,2.17µm
_00599_,2.17µm
_00659_,2.17µm
_00830_,2.17µm
_00856_,2.17µm
_00859_,2.17µm
_00890_,2.17µm
_00911_,2.17µm
_00921_,2.17µm
_01007_,2.17µm
_01024_,2.17µm
_01050_,2.17µm
_01141_,2.17µm
_01376_,2.17µm
_03017_,2.17µm
_05377_,2.17µm
_01959_,2.12µm
_01148_,2.1µm
_01179_,2.1µm
_01232_,2.1µm
_01253_,2.1µm
_01472_,2.1µm
_04003_,1.99µm
_00555_,1.96µm
_01028_,1.96µm
_04217_,1.9µm
_04279_,1.9µm
_05640_,1.9µm
_00143_,1.89µm
_01161_,1.86µm
_01239_,1.86µm
_02210_,1.86µm
_04512_,1.86µm
_00028_,1.8µm
_00058_,1.8µm
_00064_,1.8µm
_00073_,1.8µm
_00103_,1.8µm
_00108_,1.8µm
_00134_,1.8µm
_00142_,1.8µm
_00144_,1.8µm
_00147_,1.8µm
_00150_,1.8µm
_00157_,1.8µm
_00158_,1.8µm
_00160_,1.8µm
_00161_,1.8µm
_00164_,1.8µm
_00170_,1.8µm
_00178_,1.8µm
_00187_,1.8µm
_00189_,1.8µm
_00206_,1.8µm
_00223_,1.8µm
_00224_,1.8µm
_00225_,1.8µm
_00241_,1.8µm
_00253_,1.8µm
_00255_,1.8µm
_00263_,1.8µm
_00273_,1.8µm
_00276_,1.8µm
_00278_,1.8µm
_00289_,1.8µm
_00291_,1.8µm
_00297_,1.8µm
_00300_,1.8µm
_00304_,1.8µm
_00309_,1.8µm
_00312_,1.8µm
_00314_,1.8µm
_00316_,1.8µm
_00317_,1.8µm
_00318_,1.8µm
_00354_,1.8µm
_00390_,1.8µm
_00392_,1.8µm
_00395_,1.8µm
_00408_,1.8µm
_00415_,1.8µm
_00417_,1.8µm
_00420_,1.8µm
_00427_,1.8µm
_00436_,1.8µm
_00445_,1.8µm
_00462_,1.8µm
_00465_,1.8µm
_00467_,1.8µm
_00478_,1.8µm
_00484_,1.8µm
_00496_,1.8µm
_00510_,1.8µm
_00525_,1.8µm
_00533_,1.8µm
_00534_,1.8µm
_00542_,1.8µm
_00543_,1.8µm
_00567_,1.8µm
_00568_,1.8µm
_00585_,1.8µm
_00588_,1.8µm
_00592_,1.8µm
_00593_,1.8µm
_00594_,1.8µm
_00597_,1.8µm
_00598_,1.8µm
_00600_,1.8µm
_00602_,1.8µm
_00615_,1.8µm
_00639_,1.8µm
_00673_,1.8µm
_00677_,1.8µm
_00687_,1.8µm
_00690_,1.8µm
_00693_,1.8µm
_00697_,1.8µm
_00700_,1.8µm
_00704_,1.8µm
_00713_,1.8µm
_00716_,1.8µm
_00721_,1.8µm
_00723_,1.8µm
_00727_,1.8µm
_00729_,1.8µm
_00730_,1.8µm
_00780_,1.8µm
_00785_,1.8µm
_00793_,1.8µm
_00796_,1.8µm
_00820_,1.8µm
_00832_,1.8µm
_00836_,1.8µm
_00845_,1.8µm
_00863_,1.8µm
_00879_,1.8µm
_00883_,1.8µm
_00885_,1.8µm
_00887_,1.8µm
_00893_,1.8µm
_00903_,1.8µm
_00924_,1.8µm
_00926_,1.8µm
_00958_,1.8µm
_00971_,1.8µm
_00972_,1.8µm
_00977_,1.8µm
_00990_,1.8µm
_00995_,1.8µm
_01017_,1.8µm
_01023_,1.8µm
_01025_,1.8µm
_01026_,1.8µm
_01032_,1.8µm
_01037_,1.8µm
_01090_,1.8µm
_01109_,1.8µm
_01113_,1.8µm
_01115_,1.8µm
_01122_,1.8µm
_01198_,1.8µm
_01221_,1.8µm
_01227_,1.8µm
_01246_,1.8µm
_01256_,1.8µm
_01369_,1.8µm
_01384_,1.8µm
_01489_,1.8µm
_01491_,1.8µm
_01502_,1.8µm
_01504_,1.8µm
_01505_,1.8µm
_01622_,1.8µm
_02170_,1.8µm
_02621_,1.8µm
_02642_,1.8µm
_02654_,1.8µm
_03171_,1.8µm
_03225_,1.8µm
_03300_,1.8µm
_03348_,1.8µm
_03465_,1.8µm
_04328_,1.8µm
_04341_,1.8µm
_04462_,1.8µm
_04514_,1.8µm
_04602_,1.8µm
_04738_,1.8µm
_05458_,1.8µm
_05744_,1.8µm
_05795_,1.8µm
_05851_,1.8µm
_05954_,1.8µm
_04241_,1.705µm
_03631_,1.7µm
_03686_,1.7µm
_04857_,1.7µm
_00233_,1.59µm
_00381_,1.59µm
_00444_,1.59µm
_01092_,1.59µm
_02820_,1.59µm
_03662_,1.46µm
_01267_,1.44µm
_03330_,1.44µm
_01745_,1.38µm
_03219_,1.38µm
_03536_,1.38µm
_05949_,1.38µm
_05952_,1.38µm
_05955_,1.38µm
_05961_,1.38µm
_02531_,1.325µm
_01180_,0.96µm
_01207_,0.96µm
_01223_,0.96µm
_01224_,0.96µm
_01230_,0.96µm
_01275_,0.96µm
_01280_,0.96µm
_01283_,0.96µm
_01289_,0.96µm
_01306_,0.96µm
_01322_,0.96µm
_01401_,0.96µm
_01447_,0.96µm
_01448_,0.96µm
_02126_,0.96µm
_02227_,0.96µm
_02520_,0.96µm
_02836_,0.96µm
_03046_,0.96µm
_03086_,0.96µm
_03138_,0.96µm
_03189_,0.96µm
_03203_,0.96µm
_03243_,0.96µm
_03504_,0.96µm
_03804_,0.96µm
_04157_,0.96µm
_04291_,0.96µm
_04771_,0.96µm
_05509_,0.96µm
_05544_,0.96µm
net3412,0.96µm
net3438,0.96µm
net3446,0.96µm
net3450,0.96µm
net3451,0.96µm
net3455,0.96µm
net3459,0.96µm
