net,length_um
clknet_0_clk_i,1.694225mm
net65,1.15865mm
net66,1.14523mm
net67,1.142655mm
net68,1.10979mm
net39,1.10744mm
net40,1.074885mm
net522,1.073075mm
net41,1.051605mm
net42,1.0422mm
net43,1.022855mm
net44,993.905µm
net45,987.355µm
net46,959.105µm
net47,946.215µm
net48,928.02µm
net49,914.59µm
net50,890.04µm
net141,888.82µm
net51,875.2µm
net1387,865.66µm
net52,859.88µm
net53,828.175µm
net55,825.99µm
net54,820.48µm
net56,788.915µm
net57,785.06µm
net327,777.585µm
net355,763.2µm
net58,750.78µm
net63,744.91µm
net62,744.74µm
net64,741.93µm
net60,733.315µm
net61,726.43µm
net1414,710.88µm
net316,677.015µm
net463,676.155µm
net350,675.52µm
net790,671.34µm
net1293,670.6µm
net457,668.445µm
net305,667.14µm
net357,665.075µm
net477,664.38µm
net435,654.205µm
net363,652.84µm
net362,650.4µm
net366,649.1µm
net373,646.8µm
net434,642.605µm
net59,640.77µm
net315,640.77µm
net310,637.46µm
net455,633.665µm
net426,631µm
net275,630.095µm
net324,629.025µm
net461,628.775µm
net451,627.39µm
net323,626.29µm
net372,625.055µm
net353,624.44µm
net330,622.775µm
net259,622.015µm
net318,621.9µm
net267,621.62µm
net468,615.83µm
net333,615.77µm
net273,610.88µm
net91,609.78µm
net693,606.87µm
net341,606.315µm
net359,602.505µm
net440,600.46µm
net343,600.155µm
net317,599.51µm
net430,597.4µm
_00002_,596.08µm
net337,595.765µm
net442,595.44µm
net356,590.92µm
net439,590.01µm
net1,589.325µm
net428,589.03µm
net365,588.15µm
net332,585.66µm
net329,584.92µm
net269,583.81µm
net466,581.55µm
net783,581.4µm
net278,578.595µm
net279,578.315µm
net460,578.275µm
net263,576.765µm
net472,576.545µm
net849,576.415µm
net443,576.23µm
net342,575.065µm
net264,574.81µm
net347,574.33µm
net452,571.445µm
net647,571.275µm
net431,570.505µm
clk_i,570.37µm
net689,567.57µm
net469,566.85µm
net1125,566.54µm
net450,566.445µm
_02989_,560.685µm
net399,557.66µm
net458,556.67µm
net422,554.985µm
net690,554.885µm
net471,554.63µm
net464,552.94µm
net801,549.365µm
net447,548.335µm
net521,548.325µm
net473,545.63µm
net319,541.05µm
net420,540.87µm
net542,540.145µm
net312,539.89µm
net262,536.56µm
net425,535.725µm
net344,534.59µm
net326,533.545µm
net306,532.125µm
net1236,531.415µm
net433,530.345µm
net313,525.25µm
net416,525.195µm
net260,524.35µm
net775,520.6µm
net727,518.9µm
net325,518.54µm
net705,516.87µm
net912,516.34µm
net314,513.775µm
net377,513.545µm
net423,513µm
net1231,511.645µm
net785,511.06µm
net348,510.98µm
net444,510.51µm
_04039_,509.51µm
net309,509.24µm
net276,509.21µm
net453,509.2µm
net1239,509.125µm
net427,508.995µm
net504,508.69µm
net403,507.905µm
net368,505.51µm
net266,502.995µm
net271,502.075µm
net261,501.935µm
net352,500.25µm
net361,492.505µm
net789,492.27µm
net94,491.83µm
net376,490.305µm
net781,487.325µm
net454,486.73µm
net277,485.675µm
net459,482.455µm
net467,480.875µm
net470,479.91µm
net345,478.435µm
net438,478.075µm
_02812_,477.58µm
net402,473.49µm
net465,473.295µm
net421,473.28µm
net358,471.995µm
net274,471.265µm
net95,467.6µm
net400,467.39µm
net1223,466.955µm
net360,466.81µm
net349,465.82µm
net417,464.735µm
net448,463.81µm
net419,460.4µm
net449,458.075µm
net523,456.43µm
net692,455.805µm
net1246,455.07µm
net456,453.625µm
net800,453.625µm
net96,452.83µm
net1131,449.545µm
net340,449.05µm
_00009_,448.285µm
net897,448.03µm
net621,447.655µm
net1005,447.065µm
_02988_,446.94µm
net374,446.865µm
net780,446.395µm
_03865_,446.335µm
net476,445.595µm
net797,443.855µm
_02991_,442.955µm
net311,442.675µm
_00005_,442.62µm
net1382,441.58µm
net519,441.54µm
net432,441.435µm
net1240,440.835µm
net795,440.505µm
net763,434.61µm
_02842_,434.56µm
net1243,434.16µm
net244,434.09µm
net308,433.49µm
u_picorv32.pcpi_rs2\[21\],430.215µm
net1242,428.455µm
_02848_,426.85µm
net364,426.84µm
net1233,425.065µm
net371,423.83µm
net787,423.005µm
net1261,421.235µm
net445,420.6µm
net441,420.045µm
net1115,418.24µm
net1219,416.745µm
net678,416.33µm
net706,414.77µm
_02874_,412.55µm
_02978_,412.225µm
_05151_,411.81µm
net1237,411.525µm
net864,410.28µm
net718,409.63µm
net696,407.645µm
_02977_,407.53µm
_02979_,407.07µm
u_picorv32.picorv32_core.cpu_state\[5\],406.925µm
u_picorv32.picorv32_core.decoded_imm\[28\],406.53µm
net494,406.065µm
net334,405.045µm
net398,400.835µm
net1316,400.7µm
u_picorv32.picorv32_core.decoded_imm\[20\],398.96µm
net941,396.205µm
net1151,394.975µm
net777,394.97µm
net429,394.32µm
net335,394.215µm
_04193_,394.105µm
net816,393.795µm
_05073_,393.12µm
_03020_,392.78µm
net322,391.335µm
net1238,391.18µm
net1217,390.91µm
u_picorv32.picorv32_core.reg_pc\[11\],390.81µm
_03948_,388.63µm
net370,388.2µm
net462,388.12µm
net369,387.94µm
net424,387.42µm
net618,386.36µm
_03995_,384.7µm
net570,384.47µm
u_picorv32.picorv32_core.decoded_imm\[22\],384.45µm
u_picorv32.picorv32_core.cpu_state\[4\],383.12µm
net1227,383.1µm
net694,382.565µm
net1291,382.49µm
_01618_,380.535µm
net938,380.395µm
_00004_,379.74µm
net338,379.195µm
net724,376.09µm
net782,376µm
net475,375.72µm
net1112,375.335µm
_04982_,374.105µm
_04969_,373.83µm
net436,372.49µm
net336,372.375µm
net774,372.275µm
net307,370.965µm
net894,370.685µm
net596,368.92µm
net27,367.4µm
net265,366.31µm
net1106,365.73µm
net474,365.595µm
_03351_,363.89µm
net581,363.31µm
net346,362.305µm
_00003_,362.29µm
net1017,360.86µm
_01657_,360.53µm
net1232,360.505µm
_05871_,358.845µm
u_picorv32.picorv32_core.decoded_imm\[18\],358.8µm
_04996_,358.46µm
net942,357.975µm
net437,357.78µm
u_picorv32.pcpi_rs2\[20\],357.515µm
_02982_,357.5µm
net788,356.645µm
_04393_,356.31µm
_05228_,356.23µm
_01588_,354.415µm
u_picorv32.picorv32_core.decoded_imm\[30\],354.365µm
net723,354.05µm
net575,353.865µm
u_picorv32.picorv32_core.decoded_imm\[11\],351.285µm
net446,349.96µm
net1346,349.695µm
net792,349.105µm
net731,348.96µm
u_picorv32.picorv32_core.decoded_imm\[7\],348.07µm
net920,347.11µm
net102,345.99µm
_02864_,344.69µm
u_picorv32.picorv32_core.decoded_imm_j\[11\],344.205µm
u_picorv32.picorv32_core.decoded_imm\[23\],342.8µm
_02798_,342.18µm
net719,341.97µm
net272,341.65µm
_02691_,341.03µm
_02859_,340.475µm
_02984_,339.98µm
u_picorv32.picorv32_core.decoded_imm\[15\],339.72µm
net728,339.65µm
net1128,339.09µm
net1228,338.78µm
net730,338.455µm
net1013,337.905µm
_02807_,337.85µm
net903,337.81µm
net722,337.755µm
_05177_,337.03µm
_03853_,336.935µm
_02983_,336.35µm
net567,335.565µm
_02852_,335.515µm
net580,334.255µm
clknet_5_26__leaf_clk_i,333.485µm
net666,333.095µm
net1028,332.075µm
_02898_,332µm
net1088,331.38µm
net1119,331.275µm
net1234,331.26µm
net1145,330.745µm
_05086_,328.575µm
u_picorv32.picorv32_core.mem_rdata_q\[14\],328.53µm
net794,328.06µm
u_picorv32.pcpi_rs2\[26\],327.915µm
u_picorv32.picorv32_core.decoded_imm\[14\],327.635µm
net19,327.23µm
u_picorv32.pcpi_rs2\[13\],327.165µm
net1111,327.15µm
net1216,326.73µm
net1230,325.45µm
_02695_,325.33µm
net1189,325.28µm
net22,324.99µm
net28,324.64µm
_02910_,324.58µm
_05482_,324.32µm
net101,324.25µm
net683,323.845µm
_00001_,323.18µm
net418,323.175µm
net1221,322.715µm
u_picorv32.picorv32_core.decoded_imm\[26\],322.25µm
net740,321.03µm
u_picorv32.picorv32_core.decoded_imm\[17\],320.875µm
_02990_,320.26µm
net786,319.55µm
net1124,319.36µm
net1241,318.915µm
_05099_,318.435µm
net375,318.38µm
net17,317.745µm
net691,316.95µm
net16,316.61µm
net586,316.35µm
net14,316.01µm
clknet_5_27__leaf_clk_i,315.55µm
_05557_,315.3µm
net720,315.09µm
_02885_,314.71µm
u_picorv32.picorv32_core.cpu_state\[2\],314.425µm
net38,314.085µm
net779,313.515µm
net24,313.015µm
net25,312.83µm
net1244,312.67µm
u_picorv32.picorv32_core.decoder_trigger,312.05µm
net1235,311.9µm
net1225,311.465µm
_02998_,310.08µm
u_picorv32.pcpi_rs2\[18\],309.625µm
_04459_,308.53µm
net518,308.13µm
u_picorv32.pcpi_rs2\[24\],307.2µm
_03000_,307.13µm
u_picorv32.picorv32_core.decoded_imm\[24\],306.12µm
net484,305.945µm
u_picorv32.picorv32_core.decoded_imm\[19\],305.68µm
net1190,305.405µm
net321,303.575µm
net1122,303.5µm
net1007,303.205µm
net1097,302.92µm
net1109,302.38µm
net270,302.275µm
u_picorv32.picorv32_core.decoded_imm\[27\],301.55µm
_01585_,300.95µm
net12,300.87µm
net13,300.87µm
net1071,300.515µm
net1259,300.165µm
_04369_,299.71µm
u_picorv32.pcpi_rs2\[19\],299.02µm
net1178,297.585µm
_03904_,297.465µm
net721,297.34µm
u_picorv32.picorv32_core.decoded_imm\[8\],297.14µm
net268,296.37µm
_04235_,295.35µm
u_picorv32.pcpi_rs2\[29\],295.305µm
net1245,295.04µm
net770,294.86µm
net354,293.675µm
_04941_,293.29µm
net378,293.025µm
net595,292.045µm
_04598_,291.96µm
net1027,290.915µm
net1038,290.85µm
net1185,290.195µm
net1215,290.15µm
net1148,290.065µm
_02956_,289.15µm
u_picorv32.picorv32_core.decoded_imm\[10\],289.11µm
net1229,289.095µm
_02999_,289.08µm
u_picorv32.pcpi_rs2\[15\],288.535µm
net717,288.245µm
net1040,288.105µm
net20,287.855µm
net799,287.05µm
net640,286.925µm
net401,286.915µm
u_picorv32.pcpi_rs2\[25\],286.085µm
net982,284.23µm
net21,284.2µm
net1222,283.99µm
net905,283.47µm
net555,283.24µm
net695,282.185µm
_02818_,282.175µm
_01615_,282.125µm
net1142,282.095µm
net1384,282.085µm
_03842_,280.99µm
net1056,280.755µm
net1210,280.655µm
_04304_,280.44µm
net1405,279.7µm
_02832_,279.615µm
u_picorv32.pcpi_rs2\[17\],279.175µm
net784,278.055µm
net983,277.795µm
net1108,277.68µm
net688,277.67µm
net11,277.65µm
net590,277.63µm
_04232_,276.09µm
net846,275.955µm
u_picorv32.pcpi_rs2\[30\],275.945µm
u_picorv32.pcpi_rs2\[16\],274.615µm
u_picorv32.picorv32_core.decoded_imm\[25\],273.915µm
u_picorv32.picorv32_core.decoded_imm\[12\],273.365µm
net328,273.085µm
u_picorv32.picorv32_core.is_lui_auipc_jal,272.985µm
net662,272.915µm
net791,272.35µm
_04956_,271.93µm
net1127,271.93µm
net1369,271.815µm
net701,271.775µm
net1103,271.6µm
_04324_,271.145µm
net1019,271.005µm
net847,270.15µm
u_picorv32.picorv32_core.decoded_imm\[29\],269.825µm
net493,269.31µm
_01609_,269.14µm
_03001_,269.075µm
net895,268.86µm
net18,268.7µm
_05749_,268.14µm
_02870_,268.1µm
_05778_,268.01µm
u_picorv32.picorv32_core.reg_pc\[21\],267.885µm
_03849_,267.83µm
net1118,267.495µm
net874,266.48µm
_05707_,266.47µm
net826,266.315µm
net1157,266.16µm
_05726_,266.115µm
u_picorv32.picorv32_core.decoded_imm\[13\],265.805µm
net732,265.755µm
net1368,264.91µm
net1114,264.71µm
net679,264.61µm
net351,264.14µm
u_picorv32.pcpi_rs2\[28\],263.565µm
u_picorv32.pcpi_rs1\[8\],263.06µm
net714,263.035µm
net910,262.31µm
net492,261.97µm
_05758_,261.83µm
net669,260.785µm
net670,260.465µm
u_picorv32.picorv32_core.latched_rd\[2\],259.25µm
_04881_,258.85µm
net1188,258.51µm
net1121,257.465µm
net766,256.66µm
net648,256.345µm
_05242_,256.1µm
net906,255.755µm
net36,255.475µm
net339,255.08µm
net331,254.925µm
net1140,254.77µm
net734,254.52µm
net320,254.12µm
u_picorv32.picorv32_core.reg_out\[24\],254.105µm
u_picorv32.picorv32_core.reg_pc\[20\],254.05µm
net773,253.91µm
_02974_,253.64µm
net557,253.575µm
_05571_,253.48µm
_05229_,252.98µm
net23,252.86µm
_02822_,252.79µm
net854,252.59µm
net924,252.44µm
net944,252.09µm
net806,251.88µm
_02325_,251.545µm
net725,250.62µm
net520,250.56µm
_04260_,250.11µm
_05948_,250.005µm
net637,249.72µm
net1012,249.07µm
_05593_,249.02µm
_03852_,248.845µm
net1133,248.555µm
clknet_5_25__leaf_clk_i,248.47µm
net103,248.24µm
_02932_,246.77µm
net1004,246.61µm
net1014,246.5µm
net612,246.09µm
net553,246.02µm
net513,246µm
net994,245.94µm
u_picorv32.picorv32_core.mem_rdata_q\[25\],245.51µm
clknet_leaf_76_clk_i,244.55µm
net1003,244.245µm
net1248,243.65µm
net585,243.625µm
_02962_,242.995µm
net822,242.495µm
net1094,241.995µm
net681,241.875µm
net1100,241.745µm
u_picorv32.picorv32_core.reg_out\[28\],241.67µm
net1176,241.23µm
_05112_,241.215µm
_05125_,240.95µm
u_picorv32.pcpi_rs1\[14\],240.895µm
net704,240.805µm
net1399,240.685µm
net878,240.49µm
net1081,240.305µm
net1279,240.19µm
u_picorv32.pcpi_rs2\[27\],239.79µm
net1161,239.46µm
net882,238.885µm
u_picorv32.picorv32_core.reg_pc\[8\],238.33µm
net645,238.02µm
net1258,237.5µm
net214,237.24µm
net411,236.93µm
net991,236.93µm
_05164_,236.79µm
net1091,236.74µm
_02837_,236.64µm
net405,236.155µm
_04944_,235.325µm
net870,235.295µm
net726,235.21µm
net1159,235.21µm
net1269,234.965µm
net798,234.945µm
net604,234.27µm
net1152,233.985µm
_05737_,233.9µm
net702,233.06µm
_05890_,232.835µm
net814,232.735µm
net243,232.47µm
u_picorv32.pcpi_rs1\[11\],232.35µm
_05732_,232.01µm
net1270,231.4µm
_02827_,230.88µm
_01769_,230.825µm
net805,230.685µm
_05706_,230.62µm
net1138,230.395µm
u_picorv32.picorv32_core.is_alu_reg_imm,230.26µm
_05202_,230.25µm
net1143,230.18µm
_05009_,230.13µm
net830,229.955µm
_05047_,229.8µm
_05021_,229.78µm
net1163,229.745µm
net865,229.605µm
u_picorv32.picorv32_core.latched_store,229.48µm
net834,228.685µm
u_picorv32.picorv32_core.latched_rd\[0\],228.68µm
net817,228.485µm
net819,228.395µm
net891,227.68µm
net644,227.6µm
net1272,227.22µm
u_picorv32.pcpi_rs2\[23\],226.975µm
net862,226.195µm
net911,225.885µm
net1284,225.82µm
net587,225.67µm
net1033,225.385µm
net1113,225.18µm
_04109_,224.835µm
net676,224.54µm
net700,224.465µm
net240,224.12µm
net1379,223.81µm
net707,223.555µm
u_picorv32.picorv32_core.reg_pc\[14\],223.345µm
u_picorv32.picorv32_core.decoded_imm_j\[3\],223.13µm
net1129,223.125µm
net1275,222.91µm
net916,222.875µm
net483,222.805µm
net851,222.75µm
net1263,222.62µm
net1051,222.37µm
_04129_,222.145µm
net1149,221.67µm
net1360,221.535µm
u_picorv32.picorv32_core.reg_pc\[1\],221.11µm
net853,220.955µm
clknet_5_24__leaf_clk_i,220.415µm
net643,219.79µm
net1141,219.24µm
net867,219.1µm
net607,219.04µm
net803,218.44µm
net825,218.245µm
u_picorv32.picorv32_core.reg_out\[26\],218.16µm
net613,217.945µm
net1136,217.825µm
net1267,217.405µm
net776,217.3µm
_05545_,217.22µm
net709,217.22µm
net971,216.745µm
net873,216.715µm
net550,216.65µm
net813,216.62µm
net583,215.905µm
net697,215.87µm
clknet_leaf_20_clk_i,215.76µm
net1348,215.675µm
net875,215.65µm
net1070,215.495µm
net611,215.44µm
_05138_,215.12µm
u_picorv32.picorv32_core.alu_out\[18\],214.81µm
net861,214.7µm
net634,214.62µm
net1370,214.565µm
net842,214.455µm
clknet_leaf_93_clk_i,214.27µm
net1323,214.265µm
u_picorv32.picorv32_core.reg_pc\[31\],213.77µm
net843,213.71µm
net753,213.67µm
net1274,213.375µm
net1366,213.33µm
_02921_,213.19µm
net1137,212.885µm
net909,212.88µm
net1252,212.72µm
net635,212.545µm
net1016,212.525µm
u_picorv32.picorv32_core.reg_pc\[17\],212.2µm
net868,211.505µm
net1123,211.405µm
net213,211.29µm
net69,211.28µm
_05100_,210.75µm
net1283,210.54µm
net1264,210.505µm
net979,210.36µm
net850,210.27µm
net1132,210.175µm
net1288,209.815µm
net1086,209.53µm
net698,209.095µm
net839,208.725µm
net1265,208.705µm
net872,208.265µm
net1364,207.995µm
u_picorv32.picorv32_core.decoded_imm\[0\],207.675µm
u_picorv32.picorv32_core.reg_out\[23\],207.415µm
net827,207.405µm
_02796_,207.15µm
_00007_,206.1µm
_03864_,205.99µm
net1334,205.99µm
net636,205.955µm
net852,205.83µm
clknet_leaf_11_clk_i,205.525µm
net1180,205.46µm
net1035,205.365µm
net1296,205.285µm
net907,205.15µm
net1308,205.045µm
_05215_,204.91µm
_04737_,204.84µm
_05074_,204.56µm
net1315,204.39µm
net502,204.325µm
net579,204.25µm
net549,203.495µm
net1126,203.13µm
clknet_5_19__leaf_clk_i,203.06µm
_05510_,202.93µm
u_picorv32.picorv32_core.instr_jalr,202.905µm
net1153,202.895µm
net627,202.535µm
net1262,202.435µm
net1052,202.38µm
net762,202.175µm
net820,201.98µm
_05522_,201.93µm
net517,201.93µm
net404,201.85µm
net804,201.265µm
net1187,201.23µm
_01697_,201.075µm
net758,200.92µm
clknet_leaf_5_clk_i,200.92µm
net767,200.75µm
net778,200.7µm
_04433_,200.48µm
_04528_,200.425µm
_02904_,200.1µm
u_picorv32.picorv32_core.mem_rdata_q\[24\],200.095µm
net1135,200.005µm
net1394,199.93µm
_05087_,199.81µm
_02915_,199.31µm
clknet_leaf_19_clk_i,199.1µm
_05478_,198.98µm
net1359,198.67µm
net824,198.46µm
_05787_,198.19µm
net887,198.01µm
net630,197.83µm
clknet_leaf_77_clk_i,197.17µm
u_picorv32.picorv32_core.reg_pc\[30\],197.1µm
_05190_,196.93µm
net687,196.505µm
net802,196.49µm
_04090_,196.265µm
net1010,196.2µm
net890,195.985µm
_02615_,195.975µm
net663,195.895µm
net1211,195.845µm
net1006,195.725µm
u_picorv32.picorv32_core.reg_pc\[5\],195.43µm
net1281,195.29µm
net1292,194.815µm
u_picorv32.picorv32_core.decoded_imm\[3\],194.67µm
net1168,194.155µm
_05280_,193.8µm
net588,193.72µm
net680,193.525µm
clknet_5_11__leaf_clk_i,193.515µm
net1287,193.4µm
u_picorv32.pcpi_rs1\[10\],193.34µm
net1257,193.225µm
clknet_leaf_44_clk_i,193.115µm
net1356,193.11µm
clknet_leaf_32_clk_i,192.91µm
net710,192.805µm
net633,192.755µm
clknet_leaf_59_clk_i,192.74µm
net1321,192.73µm
net877,192.58µm
net925,192.525µm
net793,192.115µm
clknet_leaf_47_clk_i,191.765µm
_02965_,191.655µm
clknet_5_13__leaf_clk_i,191.42µm
net1098,191.34µm
clknet_leaf_85_clk_i,191.25µm
net1358,190.98µm
clknet_leaf_57_clk_i,190.64µm
_05495_,190.34µm
u_picorv32.pcpi_rs2\[9\],190.28µm
net833,190.275µm
clknet_leaf_78_clk_i,190.235µm
_05203_,190.03µm
net1294,189.815µm
net1057,189.705µm
_04573_,189.68µm
net1253,189.63µm
_02899_,189.61µm
net1192,189.125µm
net968,188.73µm
u_picorv32.picorv32_core.instr_rdinstr,188.43µm
_01775_,188.42µm
clknet_5_31__leaf_clk_i,188.255µm
u_picorv32.picorv32_core.decoded_imm_j\[14\],187.645µm
net1349,187.645µm
net1120,187.565µm
_05896_,187.425µm
clknet_leaf_89_clk_i,187.385µm
net1186,187.35µm
_01771_,187.32µm
_05061_,187.195µm
net1314,187.105µm
clknet_leaf_110_clk_i,187.02µm
net1363,186.92µm
net1277,186.505µm
net810,186.34µm
net967,186.33µm
net829,186.325µm
net1254,186.315µm
net1092,186.09µm
net1104,185.9µm
net671,185.87µm
clknet_5_29__leaf_clk_i,185.74µm
net1030,185.54µm
clknet_leaf_99_clk_i,185.145µm
clknet_leaf_116_clk_i,185.04µm
net410,184.985µm
clknet_leaf_14_clk_i,184.96µm
clknet_5_7__leaf_clk_i,184.77µm
net1101,184.39µm
_00030_,183.98µm
net836,183.555µm
u_picorv32.picorv32_core.reg_pc\[7\],183.415µm
net1271,183.415µm
u_picorv32.picorv32_core.reg_pc\[6\],183.25µm
u_picorv32.pcpi_rs1\[6\],183.065µm
net1095,182.91µm
net1373,182.67µm
_02997_,182.62µm
u_picorv32.picorv32_core.decoded_imm\[4\],182.445µm
u_picorv32.picorv32_core.decoded_imm\[6\],182.44µm
_01885_,182.07µm
net617,181.98µm
u_picorv32.picorv32_core.mem_rdata_q\[22\],181.795µm
net808,181.79µm
net884,181.78µm
net1298,181.78µm
net880,181.74µm
net919,181.735µm
clknet_leaf_36_clk_i,181.685µm
net1256,181.68µm
net1247,181.655µm
clknet_leaf_87_clk_i,181.505µm
u_picorv32.picorv32_core.count_cycle\[61\],181.43µm
u_picorv32.picorv32_core.instr_ori,181.4µm
clknet_leaf_94_clk_i,181.375µm
net1383,181.285µm
net837,181.185µm
net1398,181.04µm
_05800_,181.03µm
net1386,181.01µm
net1404,180.88µm
clknet_leaf_48_clk_i,180.88µm
_05332_,180.77µm
net1278,180.765µm
_05048_,180.73µm
net856,180.69µm
net487,180.6µm
u_picorv32.picorv32_core.instr_or,180.005µm
net952,179.965µm
net1032,179.905µm
net3081,179.64µm
net236,179.515µm
clknet_leaf_72_clk_i,179.425µm
clknet_leaf_10_clk_i,179.365µm
net1139,179.32µm
u_picorv32.picorv32_core.reg_pc\[12\],179.205µm
u_picorv32.pcpi_rs2\[22\],179.12µm
_01920_,179.08µm
net684,178.975µm
net737,178.865µm
clknet_5_2__leaf_clk_i,178.7µm
net739,178.66µm
u_picorv32.picorv32_core.mem_rdata_q\[27\],178.41µm
net1304,178.405µm
clknet_leaf_49_clk_i,178.345µm
_02793_,178.335µm
clknet_leaf_123_clk_i,178.33µm
net623,178.31µm
net1376,178.26µm
net858,178.055µm
_02880_,178.04µm
net1079,178.02µm
clknet_5_14__leaf_clk_i,178.005µm
_03091_,177.935µm
net713,177.9µm
net582,177.79µm
u_picorv32.picorv32_core.latched_is_lh,177.705µm
_02911_,177.61µm
clknet_leaf_113_clk_i,177.505µm
_01919_,177.46µm
net1396,177.35µm
clknet_leaf_84_clk_i,176.7µm
_05373_,176.64µm
u_picorv32.picorv32_core.latched_rd\[1\],176.64µm
clknet_5_12__leaf_clk_i,176.615µm
u_picorv32.pcpi_rs2\[14\],176.575µm
clknet_leaf_41_clk_i,176.555µm
net1345,176.53µm
clknet_5_20__leaf_clk_i,176.305µm
u_picorv32.picorv32_core.decoded_imm_j\[13\],176.06µm
clknet_leaf_66_clk_i,175.755µm
_04998_,175.745µm
net1306,175.72µm
net615,175.53µm
clknet_5_15__leaf_clk_i,175.465µm
u_picorv32.pcpi_rs2\[5\],175.45µm
net1250,175.2µm
net1251,175.2µm
u_picorv32.picorv32_core.reg_pc\[19\],175.08µm
net703,175.07µm
_05384_,175.04µm
_02892_,175.01µm
clknet_leaf_54_clk_i,174.875µm
clknet_leaf_82_clk_i,174.69µm
net412,174.49µm
clknet_leaf_56_clk_i,174.485µm
clknet_leaf_18_clk_i,174.4µm
net1011,174.245µm
_03350_,173.99µm
net832,173.905µm
net871,173.875µm
net1412,173.815µm
net629,173.795µm
u_picorv32.pcpi_rs1\[4\],173.24µm
_01922_,172.92µm
net1191,172.91µm
clknet_5_18__leaf_clk_i,172.835µm
u_picorv32.picorv32_core.latched_stalu,172.62µm
net885,172.515µm
clknet_leaf_91_clk_i,172.425µm
net1166,172.41µm
clknet_leaf_103_clk_i,172.205µm
net1300,172.19µm
net1282,172.105µm
net712,171.875µm
_05415_,171.85µm
net838,171.77µm
clknet_5_3__leaf_clk_i,171.68µm
net539,171.3µm
net3090,171.09µm
clknet_leaf_1_clk_i,170.985µm
net628,170.785µm
net367,170.475µm
clknet_leaf_111_clk_i,170.285µm
net1084,169.99µm
net1018,169.895µm
net1150,169.83µm
_01962_,169.79µm
net1390,169.675µm
net242,169.07µm
clknet_leaf_115_clk_i,168.985µm
clknet_leaf_2_clk_i,168.905µm
net1059,168.855µm
clknet_leaf_88_clk_i,168.695µm
u_picorv32.picorv32_core.decoded_imm_j\[2\],167.85µm
clknet_leaf_80_clk_i,167.57µm
_02363_,167.42µm
net918,167.12µm
u_picorv32.picorv32_core.decoded_imm_j\[5\],167.11µm
clknet_leaf_13_clk_i,167.045µm
net886,166.975µm
_01966_,166.87µm
u_picorv32.picorv32_core.mem_rdata_q\[21\],166.825µm
clknet_leaf_95_clk_i,166.465µm
net578,166.4µm
_05346_,166.28µm
_05060_,166.02µm
net664,165.91µm
clknet_leaf_121_clk_i,165.805µm
net490,165.585µm
_02804_,165.305µm
net1226,165.215µm
_04064_,164.93µm
net1107,164.695µm
net1350,164.6µm
u_picorv32.picorv32_core.reg_pc\[25\],164.39µm
clknet_leaf_63_clk_i,164.265µm
net980,164.065µm
clknet_5_5__leaf_clk_i,163.905µm
clknet_leaf_71_clk_i,163.81µm
clknet_leaf_43_clk_i,163.755µm
u_picorv32.picorv32_core.is_lb_lh_lw_lbu_lhu,163.75µm
u_picorv32.picorv32_core.decoded_imm_j\[12\],163.52µm
_01970_,163.215µm
u_picorv32.picorv32_core.reg_pc\[29\],163.16µm
net1156,163.135µm
net1199,162.98µm
net812,162.965µm
net1025,162.94µm
u_picorv32.picorv32_core.reg_out\[19\],162.78µm
clknet_5_21__leaf_clk_i,162.68µm
net964,162.605µm
clknet_leaf_15_clk_i,162.555µm
_02808_,162.495µm
clknet_leaf_100_clk_i,162.39µm
net975,162.35µm
net639,162.305µm
_04436_,162.3µm
net1055,161.84µm
clknet_5_22__leaf_clk_i,161.74µm
net881,161.665µm
net1333,161.57µm
_05405_,161.47µm
u_picorv32.pcpi_rs2\[7\],161.36µm
net769,161.24µm
_01774_,161.17µm
net1155,161.07µm
clknet_leaf_64_clk_i,161.015µm
net572,160.9µm
u_picorv32.picorv32_core.reg_out\[21\],160.895µm
u_picorv32.picorv32_core.latched_is_lb,160.65µm
clknet_leaf_7_clk_i,160.54µm
net1147,160.515µm
clknet_leaf_126_clk_i,160.4µm
net657,160.275µm
u_picorv32.picorv32_core.is_alu_reg_reg,160.235µm
clknet_5_17__leaf_clk_i,160.14µm
u_picorv32.picorv32_core.decoded_imm\[5\],159.885µm
net1372,159.805µm
_05763_,159.69µm
clknet_5_8__leaf_clk_i,159.525µm
clknet_leaf_4_clk_i,159.46µm
clknet_leaf_124_clk_i,159.375µm
u_picorv32.pcpi_rs1\[2\],159.33µm
clknet_leaf_21_clk_i,159.085µm
u_picorv32.picorv32_core.is_beq_bne_blt_bge_bltu_bgeu,159.06µm
net1063,159.06µm
net1110,158.985µm
net2,158.65µm
net1295,158.64µm
net603,158.255µm
net823,158.19µm
clknet_leaf_96_clk_i,157.98µm
net1078,157.84µm
_02995_,157.41µm
_01619_,157.315µm
clknet_leaf_120_clk_i,157.29µm
clknet_5_6__leaf_clk_i,157.27µm
clknet_5_16__leaf_clk_i,156.985µm
clknet_leaf_27_clk_i,156.935µm
net3075,156.74µm
_01809_,156.54µm
clknet_leaf_127_clk_i,156.29µm
clknet_leaf_50_clk_i,156.105µm
clknet_5_4__leaf_clk_i,156.08µm
net908,156.07µm
u_picorv32.picorv32_core.decoded_imm\[31\],155.99µm
net715,155.93µm
net1064,155.93µm
clknet_leaf_106_clk_i,155.89µm
clknet_leaf_46_clk_i,155.845µm
u_picorv32.picorv32_core.reg_pc\[23\],155.8µm
clknet_5_0__leaf_clk_i,155.79µm
clknet_leaf_31_clk_i,155.78µm
net560,155.65µm
clknet_5_23__leaf_clk_i,155.395µm
net668,155.145µm
_05609_,155.13µm
clknet_leaf_119_clk_i,155.1µm
net551,155.005µm
net841,155µm
clknet_leaf_112_clk_i,154.96µm
_01931_,154.95µm
net893,154.88µm
net1096,154.87µm
net1303,154.745µm
net1344,154.675µm
_01614_,154.65µm
clknet_5_30__leaf_clk_i,154.45µm
net554,154.3µm
net1289,154.21µm
clknet_leaf_97_clk_i,154.195µm
u_picorv32.picorv32_core.is_sb_sh_sw,154.11µm
_05352_,154.04µm
clknet_leaf_26_clk_i,153.97µm
net1339,153.845µm
_02994_,153.82µm
net1224,153.61µm
net860,153.6µm
net1389,153.485µm
_02861_,153.48µm
clknet_leaf_61_clk_i,153.41µm
net203,153.3µm
net699,153.11µm
clknet_leaf_67_clk_i,152.92µm
clknet_leaf_58_clk_i,152.865µm
net3043,152.54µm
net1089,152.52µm
_02905_,152.43µm
net1385,152.355µm
_05776_,152.24µm
clknet_leaf_33_clk_i,152.06µm
net3083,152.05µm
net1015,152.03µm
net1371,151.68µm
net556,151.635µm
_05997_,151.56µm
clknet_leaf_83_clk_i,151.545µm
u_picorv32.pcpi_rs1\[15\],151.49µm
_03392_,151.29µm
net1039,151.09µm
clknet_leaf_37_clk_i,150.995µm
_01967_,150.925µm
net815,150.875µm
_01545_,150.84µm
net3066,150.7µm
u_picorv32.picorv32_core.reg_out\[20\],150.63µm
clknet_leaf_8_clk_i,150.455µm
u_picorv32.picorv32_core.reg_out\[7\],150.43µm
u_picorv32.pcpi_rs2\[8\],150.42µm
clknet_leaf_90_clk_i,150.375µm
net1171,150.31µm
net545,150.28µm
clknet_leaf_73_clk_i,150.27µm
u_picorv32.picorv32_core.instr_rdcycleh,149.905µm
net593,149.815µm
net1082,149.675µm
clknet_leaf_117_clk_i,149.655µm
net409,149.565µm
net729,149.47µm
clknet_leaf_17_clk_i,149.315µm
net674,149.29µm
net407,149.19µm
clknet_5_9__leaf_clk_i,149.035µm
net486,148.96µm
clknet_leaf_28_clk_i,148.955µm
net516,148.935µm
clknet_leaf_23_clk_i,148.895µm
net606,148.86µm
_05995_,148.69µm
net546,148.635µm
clknet_5_28__leaf_clk_i,148.575µm
_03639_,148.555µm
net626,148.475µm
_05446_,148.17µm
net605,148.14µm
net1116,148.13µm
clknet_leaf_55_clk_i,148.11µm
clknet_leaf_125_clk_i,148.105µm
_05466_,148.06µm
_01767_,148.02µm
clknet_leaf_108_clk_i,147.95µm
clknet_leaf_6_clk_i,147.88µm
clknet_leaf_12_clk_i,147.845µm
net1290,147.83µm
u_picorv32.picorv32_core.alu_out\[14\],147.74µm
net931,147.535µm
_05822_,147.49µm
u_picorv32.picorv32_core.instr_srai,147.41µm
clknet_5_1__leaf_clk_i,147.385µm
clknet_leaf_9_clk_i,147.36µm
_04113_,147.24µm
net1034,147.12µm
net889,147.095µm
clknet_leaf_75_clk_i,147.085µm
u_picorv32.picorv32_core.reg_out\[22\],147.07µm
clknet_leaf_22_clk_i,146.97µm
clknet_leaf_114_clk_i,146.955µm
net932,146.845µm
_02367_,146.84µm
u_picorv32.picorv32_core.reg_pc\[22\],146.43µm
clknet_leaf_105_clk_i,146.225µm
net573,146.22µm
net1361,146.22µm
clknet_leaf_38_clk_i,146.22µm
clknet_leaf_79_clk_i,146.21µm
clknet_leaf_122_clk_i,146.2µm
_01940_,146.17µm
net943,146.13µm
_05152_,146.115µm
net1375,145.985µm
clknet_leaf_24_clk_i,145.98µm
_04672_,145.945µm
net1377,145.785µm
_01594_,145.61µm
clknet_leaf_3_clk_i,145.395µm
_02089_,145.35µm
u_picorv32.picorv32_core.mem_wordsize\[1\],145.22µm
_02868_,145.19µm
clknet_leaf_51_clk_i,145.03µm
_02611_,144.64µm
clknet_leaf_102_clk_i,144.63µm
net682,144.445µm
net1354,144.33µm
clknet_leaf_101_clk_i,144.315µm
net1184,144.295µm
u_picorv32.picorv32_core.reg_pc\[13\],144.29µm
net599,144.14µm
net757,144.055µm
net796,143.86µm
_01549_,143.84µm
_03373_,143.82µm
clknet_leaf_109_clk_i,143.695µm
net1362,143.66µm
clknet_leaf_104_clk_i,143.595µm
net499,143.5µm
net863,143.42µm
clknet_leaf_29_clk_i,142.98µm
net162,142.67µm
net144,142.645µm
net498,142.64µm
net1302,142.59µm
net866,142.585µm
_03112_,142.505µm
clknet_leaf_69_clk_i,142.43µm
net928,142.425µm
_05191_,142.4µm
u_picorv32.picorv32_core.alu_out\[16\],142.35µm
_05658_,142.28µm
_05622_,142.23µm
clknet_leaf_34_clk_i,142.21µm
_05797_,142.16µm
net602,142.105µm
net3079,142.03µm
net935,141.73µm
clknet_leaf_25_clk_i,141.63µm
net3071,141.555µm
net1301,141.55µm
net304,141.36µm
net1351,141.285µm
net934,141.045µm
net180,140.825µm
_05022_,140.72µm
clknet_leaf_45_clk_i,140.63µm
net761,140.495µm
net281,140.445µm
net811,140.43µm
u_picorv32.picorv32_core.alu_out_q\[31\],140.4µm
net156,140.4µm
_05268_,140.39µm
_01763_,140.365µm
net1365,140.075µm
net1413,139.915µm
net1309,139.83µm
net902,139.755µm
net649,139.655µm
net3073,139.64µm
_02427_,139.57µm
net1330,139.535µm
_05019_,139.5µm
_05594_,139.47µm
_02115_,139.35µm
u_picorv32.picorv32_core.alu_out\[22\],139.28µm
clknet_leaf_60_clk_i,139.21µm
clknet_leaf_118_clk_i,139.115µm
_05165_,139.09µm
net818,138.85µm
net844,138.84µm
_05178_,138.67µm
net1338,138.56µm
net1220,138.47µm
_05893_,138.455µm
clknet_leaf_81_clk_i,138.425µm
net383,138.355µm
_01684_,138.24µm
u_picorv32.pcpi_rs2\[11\],138.22µm
_01679_,138.155µm
net1022,137.895µm
net204,137.89µm
_01656_,137.84µm
clknet_leaf_70_clk_i,137.75µm
clknet_leaf_74_clk_i,137.74µm
net622,137.33µm
net501,137.145µm
_02938_,136.99µm
net592,136.935µm
_04168_,136.93µm
_05993_,136.93µm
u_picorv32.pcpi_rs1\[0\],136.6µm
_05347_,136.57µm
clknet_leaf_107_clk_i,136.545µm
net673,136.36µm
net898,136.31µm
clknet_leaf_42_clk_i,136.285µm
clknet_leaf_0_clk_i,136.215µm
_05644_,136.17µm
net1340,136.16µm
_02871_,136.135µm
u_picorv32.picorv32_core.alu_out_q\[6\],135.97µm
clknet_leaf_30_clk_i,135.925µm
_01937_,135.9µm
_03339_,135.64µm
net1311,135.565µm
net3077,135.54µm
clknet_leaf_68_clk_i,135.4µm
net756,135.265µm
net3088,135.13µm
clknet_leaf_16_clk_i,135.1µm
net760,135.06µm
net3061,135µm
net759,134.885µm
net939,134.685µm
net970,134.635µm
net1347,134.4µm
net1273,134.315µm
_01935_,134.225µm
net1214,134.205µm
net388,134.04µm
net750,133.93µm
clknet_leaf_40_clk_i,133.84µm
u_picorv32.picorv32_core.reg_pc\[15\],133.83µm
net1085,133.78µm
net1162,133.505µm
net173,133.335µm
net172,133.31µm
_05685_,133.14µm
_05999_,133.1µm
net665,133.08µm
net892,132.975µm
net1130,132.85µm
net1388,132.85µm
net771,132.805µm
_02347_,132.74µm
clknet_5_10__leaf_clk_i,132.56µm
net744,132.475µm
clknet_leaf_86_clk_i,132.32µm
_05587_,132.135µm
_05345_,132.07µm
net1395,132.02µm
u_picorv32.picorv32_core.reg_out\[11\],131.985µm
net3054,131.95µm
_02886_,131.88µm
clknet_leaf_35_clk_i,131.78µm
net646,131.46µm
net686,131.4µm
_03183_,131.37µm
u_picorv32.picorv32_core.alu_out\[15\],131.31µm
net211,131.11µm
clknet_leaf_39_clk_i,131µm
net1297,130.745µm
net1324,130.715µm
_06001_,130.68µm
net738,130.675µm
net658,130.56µm
net747,130.395µm
_02372_,130.37µm
net188,130.3µm
net936,130.255µm
_02875_,130.22µm
_05599_,130.14µm
_05748_,129.92µm
u_picorv32.pcpi_rs2\[10\],129.735µm
_02131_,129.71µm
_05633_,129.67µm
net976,129.26µm
net1218,129.2µm
net1276,129.065µm
net208,128.94µm
clknet_leaf_98_clk_i,128.875µm
_05294_,128.79µm
net625,128.74µm
net496,128.71µm
_05560_,128.62µm
net284,128.59µm
net1046,128.495µm
net764,128.45µm
net716,127.965µm
net896,127.86µm
net614,127.695µm
u_picorv32.picorv32_core.decoded_imm_j\[19\],127.565µm
net859,127.46µm
_05431_,127.38µm
net1381,127.36µm
_02916_,127.22µm
u_picorv32.picorv32_core.mem_rdata_q\[2\],127.155µm
net186,126.91µm
net168,126.71µm
net831,126.14µm
net485,126.13µm
net743,126.075µm
net1393,126.05µm
_05856_,126.045µm
net406,126.01µm
u_picorv32.picorv32_core.reg_out\[30\],125.96µm
net10,125.77µm
_03385_,125.625µm
net541,125.255µm
_05696_,125.24µm
_01589_,125.195µm
_05010_,125.19µm
net491,125.165µm
net151,124.995µm
net1380,124.99µm
_05785_,124.62µm
net638,124.575µm
net384,124.45µm
_05991_,124.38µm
_01400_,124.32µm
net652,124.145µm
net748,124.125µm
net879,124.125µm
net653,124.095µm
net512,124.02µm
net1169,124µm
net1066,123.85µm
net1117,123.82µm
net601,123.805µm
net978,123.78µm
u_picorv32.picorv32_core.count_cycle\[21\],123.74µm
net234,123.68µm
net619,123.645µm
u_picorv32.picorv32_core.alu_out\[11\],123.5µm
net1337,123.33µm
u_picorv32.picorv32_core.instr_xori,123.25µm
clknet_leaf_52_clk_i,123.12µm
net1102,123.09µm
_05364_,122.95µm
net166,122.835µm
clknet_leaf_65_clk_i,122.805µm
net742,122.745µm
net946,122.74µm
_02882_,122.68µm
_01969_,122.51µm
_05126_,122.35µm
_05597_,122.35µm
u_picorv32.picorv32_core.alu_out\[7\],122.3µm
net1068,122.135µm
_04062_,122.11µm
u_picorv32.picorv32_core.decoded_imm\[21\],121.99µm
_02616_,121.94µm
_01672_,121.915µm
u_picorv32.picorv32_core.instr_sra,121.79µm
net1158,121.785µm
net238,121.685µm
net584,121.65µm
net1286,121.49µm
net530,121.475µm
net1378,121.41µm
net165,121.385µm
net965,121.305µm
_05725_,121.26µm
net198,121.14µm
net3052,121.09µm
net176,121.045µm
net1023,121.02µm
_02166_,120.98µm
u_picorv32.picorv32_core.reg_out\[4\],120.91µm
net950,120.88µm
u_picorv32.picorv32_core.reg_out\[17\],120.86µm
u_picorv32.pcpi_rs1\[5\],120.8µm
u_picorv32.picorv32_core.decoded_imm_j\[17\],120.67µm
_03424_,120.63µm
_05575_,120.49µm
net229,120.465µm
net217,120.395µm
_05853_,120.275µm
net1029,120.2µm
net1391,120.125µm
u_picorv32.pcpi_rs2\[0\],120.11µm
net500,120.095µm
_05783_,119.58µm
_05216_,119.54µm
_02792_,119.41µm
_05034_,119.335µm
net301,119.21µm
net1080,119.195µm
net1154,119.05µm
_02922_,119.04µm
net1266,118.92µm
net1077,118.895µm
_01988_,118.815µm
_02612_,118.8µm
u_picorv32.picorv32_core.alu_out\[19\],118.8µm
_05989_,118.74µm
u_picorv32.picorv32_core.reg_out\[0\],118.74µm
_03381_,118.705µm
net845,118.7µm
u_picorv32.picorv32_core.reg_pc\[4\],118.63µm
net414,118.63µm
net231,118.51µm
net977,118.38µm
u_picorv32.picorv32_core.count_cycle\[52\],118.26µm
net529,118.01µm
_01627_,118µm
_02887_,117.97µm
_05712_,117.97µm
u_picorv32.picorv32_core.count_instr\[9\],117.97µm
net749,117.76µm
clknet_4_7_0_clk_i,117.735µm
net1026,117.67µm
u_picorv32.picorv32_core.alu_out\[23\],117.51µm
_05672_,117.42µm
u_picorv32.picorv32_core.cpu_state\[1\],117.395µm
net190,117.13µm
net1050,117.115µm
_05139_,117µm
u_picorv32.picorv32_core.decoded_imm_j\[7\],116.965µm
net230,116.85µm
net1065,116.83µm
net576,116.8µm
net533,116.635µm
_05035_,116.46µm
net1045,116.37µm
net202,116.135µm
_04046_,116.1µm
_01739_,116.06µm
net1342,116.06µm
net857,115.815µm
net1322,115.785µm
_03905_,115.76µm
_03178_,115.625µm
net248,115.62µm
net540,115.455µm
net228,115.37µm
u_picorv32.pcpi_rs2\[2\],115.27µm
net253,115.05µm
net184,114.865µm
_01551_,114.805µm
net632,114.785µm
net289,114.505µm
clknet_leaf_62_clk_i,114.495µm
net392,114.475µm
u_picorv32.picorv32_core.decoded_imm_j\[9\],114.46µm
net1310,114.45µm
net237,114.34µm
net616,114.21µm
u_picorv32.picorv32_core.reg_out\[6\],114.02µm
net157,113.895µm
_02420_,113.89µm
net185,113.845µm
net945,113.465µm
net256,113.36µm
_02838_,113.325µm
net933,113.3µm
net1036,113.17µm
net1397,112.93µm
net192,112.88µm
_05799_,112.77µm
net1024,112.595µm
net497,112.525µm
net1134,112.515µm
_05561_,112.51µm
_02247_,112.49µm
net239,112.475µm
net152,112.31µm
u_picorv32.picorv32_core.mem_rdata_q\[26\],112.27µm
net223,112.14µm
clknet_4_4_0_clk_i,112.09µm
_02331_,112.005µm
u_picorv32.picorv32_core.reg_out\[3\],111.86µm
_05267_,111.61µm
_03379_,111.395µm
clknet_4_1_0_clk_i,111.38µm
_01974_,111.37µm
net672,111.36µm
net962,111.335µm
_01903_,111.195µm
_01670_,111.15µm
net209,111.12µm
clknet_4_14_0_clk_i,111.035µm
_02876_,111.03µm
net1181,110.835µm
clknet_4_2_0_clk_i,110.74µm
_05878_,110.735µm
net232,110.73µm
clknet_4_3_0_clk_i,110.715µm
u_picorv32.picorv32_core.count_instr\[16\],110.44µm
net1307,110.415µm
_00008_,110.34µm
net809,110.325µm
_04171_,110.22µm
net200,110.175µm
net543,109.82µm
_02944_,109.8µm
net1317,109.795µm
_05937_,109.69µm
_03099_,109.68µm
net840,109.59µm
net164,109.42µm
net751,109.395µm
_02819_,109.355µm
net299,109.325µm
net246,109.22µm
_01845_,109.19µm
net1087,109.17µm
_05320_,109.14µm
_02613_,108.995µm
net552,108.83µm
u_picorv32.picorv32_core.alu_out_q\[0\],108.685µm
clknet_4_8_0_clk_i,108.66µm
u_picorv32.picorv32_core.count_cycle\[17\],108.185µm
_05780_,108.165µm
net987,108.14µm
net821,108.07µm
net1260,107.85µm
u_picorv32.picorv32_core.instr_xor,107.71µm
_01869_,107.705µm
_02167_,107.69µm
net396,107.61µm
net1164,107.235µm
net379,107.225µm
_02281_,107.18µm
net917,107.17µm
net869,107.075µm
u_picorv32.picorv32_core.reg_out\[10\],107.03µm
_05945_,106.99µm
net654,106.875µm
net382,106.77µm
_01572_,106.66µm
net1331,106.58µm
_04377_,106.565µm
net1268,106.475µm
_03122_,106.45µm
_03593_,106.45µm
net251,106.425µm
net413,106.425µm
clknet_leaf_92_clk_i,106.425µm
net1392,106.385µm
net1320,106.34µm
net195,106.265µm
net159,106.21µm
net189,106.21µm
net532,106.14µm
net488,106.11µm
net956,106.075µm
net531,105.815µm
_05761_,105.81µm
u_picorv32.picorv32_core.is_jalr_addi_slti_sltiu_xori_ori_andi,105.805µm
net257,105.76µm
_02474_,105.6µm
net219,105.545µm
net913,105.54µm
net387,105.535µm
u_picorv32.picorv32_core.reg_pc\[27\],105.46µm
net914,105.4µm
_05681_,105.395µm
net293,105.26µm
clknet_4_12_0_clk_i,105.205µm
net386,105.02µm
net765,104.98µm
net182,104.95µm
u_picorv32.picorv32_core.instr_andi,104.89µm
net564,104.765µm
clknet_4_11_0_clk_i,104.68µm
_02814_,104.52µm
net768,104.315µm
net527,104.12µm
_03268_,104.035µm
clknet_leaf_53_clk_i,104.03µm
_01938_,103.74µm
_03119_,103.69µm
u_picorv32.picorv32_core.reg_pc\[24\],103.595µm
_04502_,103.57µm
_05916_,103.57µm
net904,103.555µm
net480,103.55µm
u_picorv32.picorv32_core.alu_out_q\[5\],103.52µm
clknet_4_9_0_clk_i,103.465µm
net1319,103.355µm
net1400,103.34µm
clknet_4_5_0_clk_i,103.225µm
net661,103.13µm
_03643_,103µm
net848,102.91µm
net1285,102.9µm
net169,102.87µm
_04886_,102.84µm
net1355,102.84µm
_05746_,102.81µm
_04813_,102.745µm
net745,102.665µm
u_picorv32.picorv32_core.alu_out_q\[26\],102.57µm
net922,102.515µm
net1205,102.37µm
net70,102.31µm
_03532_,102.26µm
net1401,102.26µm
net391,102.21µm
_03648_,102.125µm
_02828_,102.05µm
net736,101.995µm
net1367,101.865µm
net755,101.84µm
_04927_,101.72µm
clknet_4_15_0_clk_i,101.71µm
_01404_,101.65µm
net415,101.64µm
net988,101.61µm
_03089_,101.565µm
net503,101.47µm
net1335,101.42µm
net302,101.415µm
net8,101.41µm
_04379_,101.29µm
net1325,101.255µm
_00000_,101.24µm
net888,101.215µm
net145,101.095µm
u_picorv32.pcpi_rs2\[31\],101.08µm
u_picorv32.picorv32_core.decoded_imm_j\[10\],100.915µm
net954,100.835µm
net528,100.795µm
_05898_,100.625µm
net197,100.625µm
u_picorv32.picorv32_core.instr_auipc,100.47µm
u_picorv32.picorv32_core.count_instr\[24\],100.42µm
net245,100.42µm
net735,100.365µm
net478,100.36µm
_01902_,100.27µm
_02149_,100.245µm
net565,100.245µm
_05546_,100.21µm
net675,100.055µm
_01548_,99.915µm
net1044,99.775µm
net290,99.67µm
net258,99.65µm
net972,99.6µm
net1069,99.57µm
u_picorv32.picorv32_core.count_instr\[15\],99.315µm
u_picorv32.picorv32_core.reg_out\[2\],99.31µm
net835,99.265µm
clknet_4_13_0_clk_i,99.145µm
_01671_,99.13µm
u_picorv32.picorv32_core.decoded_imm\[2\],99.11µm
_05935_,98.995µm
net481,98.87µm
net395,98.73µm
net296,98.72µm
net1076,98.675µm
net15,98.565µm
net250,98.525µm
net394,98.46µm
net225,98.355µm
net393,98.335µm
_05774_,98.24µm
net655,98.23µm
u_picorv32.picorv32_core.instr_sb,98.135µm
u_picorv32.picorv32_core.count_instr\[8\],98.1µm
_02171_,98.025µm
_02843_,98.005µm
_02698_,97.92µm
net876,97.825µm
net167,97.715µm
u_picorv32.picorv32_core.alu_out_q\[27\],97.68µm
net1410,97.59µm
net247,97.54µm
net1058,97.46µm
_02270_,96.99µm
_05724_,96.96µm
net300,96.96µm
net389,96.94µm
u_picorv32.pcpi_rs1\[3\],96.84µm
net930,96.835µm
net149,96.805µm
clknet_4_6_0_clk_i,96.74µm
net901,96.685µm
_04644_,96.36µm
net479,96.36µm
net667,96.305µm
net207,96.2µm
net624,96.195µm
net1170,96.08µm
net187,95.84µm
u_picorv32.picorv32_core.alu_out\[30\],95.78µm
net985,95.73µm
_01944_,95.71µm
net1099,95.65µm
_02685_,95.6µm
_02199_,95.53µm
net160,95.395µm
net883,95.38µm
_02973_,95.245µm
_02345_,95.24µm
net297,95.16µm
net174,95.045µm
u_picorv32.picorv32_core.count_instr\[29\],95.04µm
net1409,95.03µm
_02143_,95µm
net1093,94.96µm
net1041,94.915µm
net1042,94.715µm
_02008_,94.58µm
_03997_,94.46µm
net1318,94.455µm
net254,94.445µm
net178,94.21µm
net1105,94.175µm
net566,94.155µm
net548,94.055µm
net221,94.02µm
u_picorv32.picorv32_core.count_instr\[0\],93.97µm
net147,93.875µm
net558,93.865µm
_02252_,93.82µm
_01681_,93.74µm
net1353,93.74µm
_05241_,93.73µm
net220,93.55µm
u_picorv32.picorv32_core.count_cycle\[53\],93.535µm
_02972_,93.48µm
net132,93.445µm
_01927_,93.22µm
net206,93.055µm
clknet_4_0_0_clk_i,92.985µm
_01934_,92.98µm
net1083,92.96µm
u_picorv32.picorv32_core.count_cycle\[36\],92.885µm
clknet_4_10_0_clk_i,92.82µm
net973,92.73µm
_05254_,92.71µm
net291,92.645µm
net1047,92.44µm
u_picorv32.picorv32_core.count_cycle\[51\],92.345µm
net298,92.205µm
net216,91.97µm
_01850_,91.96µm
net685,91.92µm
net525,91.84µm
u_picorv32.picorv32_core.alu_out\[31\],91.83µm
net177,91.8µm
u_picorv32.picorv32_core.mem_rdata_q\[29\],91.795µm
u_picorv32.picorv32_core.decoded_imm_j\[8\],91.565µm
net568,91.47µm
_02191_,91.37µm
net951,91.295µm
net390,91.235µm
_02823_,91.155µm
net828,91.13µm
u_picorv32.picorv32_core.count_instr\[18\],90.855µm
net199,90.805µm
u_picorv32.picorv32_core.alu_out\[10\],90.79µm
net193,90.755µm
net963,90.73µm
u_picorv32.picorv32_core.reg_out\[5\],90.645µm
_02446_,90.58µm
net1160,90.57µm
net249,90.565µm
u_picorv32.picorv32_core.alu_out\[12\],90.5µm
net489,90.495µm
net660,90.4µm
net4,90.06µm
_02539_,89.95µm
net495,89.9µm
_03060_,89.77µm
_03396_,89.7µm
net482,89.64µm
net1341,89.6µm
net571,89.57µm
_05849_,89.54µm
net508,89.54µm
_02833_,89.42µm
u_picorv32.picorv32_core.count_instr\[10\],89.3µm
_03538_,89.24µm
_03435_,89.2µm
u_picorv32.picorv32_core.mem_rdata_q\[23\],89.175µm
net1020,89.14µm
u_picorv32.picorv32_core.reg_out\[1\],88.785µm
net227,88.7µm
u_picorv32.picorv32_core.count_instr\[39\],88.605µm
_01742_,88.59µm
_04984_,88.57µm
net1327,88.475µm
u_picorv32.picorv32_core.count_instr\[44\],88.41µm
u_picorv32.picorv32_core.count_instr\[14\],88.17µm
net285,88µm
_02173_,87.905µm
net746,87.885µm
net948,87.87µm
net610,87.67µm
net282,87.415µm
_05917_,87.3µm
_05500_,87.24µm
u_picorv32.picorv32_core.reg_pc\[3\],87.24µm
net287,87.2µm
net385,87.17µm
_05330_,87.12µm
net163,87.03µm
_02730_,86.96µm
_02830_,86.915µm
net534,86.89µm
u_picorv32.picorv32_core.mem_rdata_q\[20\],86.755µm
_02952_,86.65µm
u_picorv32.picorv32_core.count_cycle\[38\],86.615µm
_02084_,86.3µm
net589,86.3µm
net1175,86.185µm
u_picorv32.picorv32_core.decoded_imm\[16\],86.05µm
net155,85.915µm
net1167,85.905µm
net381,85.895µm
net288,85.885µm
u_picorv32.picorv32_core.instr_lb,85.825µm
net1075,85.645µm
net600,85.58µm
net150,85.505µm
net201,85.485µm
net1280,85.235µm
u_picorv32.picorv32_core.count_instr\[25\],85.165µm
u_picorv32.picorv32_core.decoded_imm_j\[6\],85.14µm
net957,85.085µm
net505,85.08µm
net1336,85.06µm
u_picorv32.picorv32_core.count_cycle\[32\],84.985µm
net226,84.985µm
u_picorv32.picorv32_core.mem_rdata_q\[8\],84.825µm
net561,84.665µm
net961,84.505µm
net212,84.45µm
net1313,84.3µm
_03518_,84.29µm
u_picorv32.picorv32_core.decoded_imm_j\[18\],83.93µm
net733,83.805µm
net1177,83.77µm
_00006_,83.71µm
_02302_,83.69µm
_02254_,83.6µm
net1402,83.525µm
net984,83.43µm
net205,83.35µm
u_picorv32.pcpi_rs2\[12\],83.24µm
net544,83.21µm
u_picorv32.pcpi_rs2\[6\],83.16µm
net154,83.13µm
u_picorv32.picorv32_core.count_instr\[33\],83.085µm
net292,83.03µm
_03192_,83.01µm
_01989_,82.95µm
u_picorv32.picorv32_core.count_instr\[32\],82.88µm
_05710_,82.82µm
net1249,82.74µm
_02521_,82.62µm
_05987_,82.45µm
_02950_,82.4µm
net1343,82.38µm
u_picorv32.picorv32_core.count_instr\[27\],82.33µm
u_picorv32.picorv32_core.count_cycle\[54\],82.325µm
net1008,82.27µm
net280,82.245µm
u_picorv32.picorv32_core.mem_do_prefetch,82.105µm
net1037,82.085µm
u_picorv32.picorv32_core.count_instr\[28\],82.02µm
net26,81.93µm
net153,81.895µm
net3,81.84µm
net538,81.71µm
_01784_,81.585µm
u_picorv32.picorv32_core.decoded_imm_j\[15\],81.555µm
net143,81.52µm
_02893_,81.3µm
net1009,81.155µm
net631,81.12µm
u_picorv32.picorv32_core.count_cycle\[0\],81.115µm
net1202,81.085µm
u_picorv32.picorv32_core.count_instr\[55\],81.04µm
u_picorv32.picorv32_core.count_cycle\[45\],81.005µm
net1054,80.845µm
net194,80.78µm
_01550_,80.76µm
net1208,80.665µm
net1411,80.405µm
_05521_,80.28µm
net224,80.13µm
u_picorv32.picorv32_core.instr_and,80.1µm
_02402_,80.02µm
_02025_,79.885µm
net215,79.825µm
net959,79.605µm
net218,79.505µm
_04093_,79.46µm
net1198,79.345µm
_03619_,79.33µm
_02433_,79.26µm
net969,79.11µm
_03479_,79.025µm
_05436_,78.91µm
net1255,78.875µm
_05499_,78.73µm
net609,78.655µm
net171,78.645µm
net591,78.61µm
_01754_,78.565µm
_03303_,78.38µm
_05974_,78.37µm
net526,78.31µm
net235,78.23µm
_03065_,78.055µm
net524,78.055µm
net1203,78.045µm
_02086_,77.96µm
_02492_,77.89µm
_04909_,77.76µm
net9,77.71µm
u_picorv32.picorv32_core.mem_rdata_q\[28\],77.65µm
u_picorv32.picorv32_core.count_instr\[19\],77.64µm
u_picorv32.picorv32_core.count_instr\[52\],77.585µm
net1193,77.575µm
_05820_,77.565µm
_02182_,77.46µm
net947,77.22µm
u_picorv32.picorv32_core.mem_rdata_q\[30\],77.135µm
_01573_,77.095µm
net986,77.09µm
net3056,76.87µm
net855,76.805µm
u_picorv32.picorv32_core.alu_out_q\[16\],76.75µm
net191,76.695µm
_05281_,76.69µm
net1206,76.54µm
net929,76.43µm
net958,76.25µm
u_picorv32.picorv32_core.count_cycle\[50\],76.025µm
net1043,76.02µm
_05866_,76.015µm
_02866_,75.96µm
_05525_,75.875µm
net1204,75.865µm
_02891_,75.79µm
net608,75.77µm
u_picorv32.picorv32_core.count_cycle\[48\],75.665µm
net175,75.385µm
_02993_,75.36µm
_01720_,75.29µm
net955,75.235µm
_01812_,75.1µm
_03489_,74.985µm
_03706_,74.915µm
_03401_,74.87µm
net1165,74.835µm
u_picorv32.picorv32_core.count_cycle\[15\],74.77µm
_05556_,74.65µm
net1048,74.295µm
net754,74.21µm
_02047_,74.095µm
net283,74.03µm
_01687_,73.975µm
net927,73.835µm
_01997_,73.81µm
net1146,73.78µm
net30,73.72µm
_02105_,73.64µm
_02324_,73.625µm
_03066_,73.45µm
net142,73.45µm
_02926_,73.215µm
_05459_,73.2µm
net29,73.1µm
_00022_,73.03µm
_03004_,73.02µm
u_picorv32.picorv32_core.alu_out_q\[1\],72.98µm
u_picorv32.picorv32_core.count_cycle\[16\],72.975µm
u_picorv32.picorv32_core.reg_out\[18\],72.78µm
net1061,72.68µm
_02996_,72.6µm
net915,72.55µm
_03361_,72.28µm
_05976_,72.26µm
net923,72.21µm
u_picorv32.picorv32_core.mem_do_rinst,72.14µm
net183,72.12µm
_03002_,72.115µm
_03741_,72.105µm
_03437_,72.07µm
net708,72.03µm
_03292_,72.015µm
net807,72.01µm
_01910_,71.82µm
_04320_,71.82µm
_03431_,71.815µm
_03085_,71.795µm
_02394_,71.71µm
net1408,71.7µm
net772,71.66µm
_02075_,71.595µm
u_picorv32.picorv32_core.alu_out\[17\],71.58µm
net7,71.435µm
net1183,71.29µm
u_picorv32.picorv32_core.count_cycle\[34\],71.185µm
net1352,70.95µm
_04997_,70.87µm
_02108_,70.68µm
_02064_,70.635µm
net597,70.63µm
_02694_,70.51µm
u_picorv32.picorv32_core.cpu_state\[0\],70.305µm
net222,70.165µm
net161,70.155µm
net170,70.1µm
_02946_,70.09µm
_02967_,70.04µm
u_picorv32.picorv32_core.count_instr\[30\],69.625µm
net1201,69.61µm
_02902_,69.605µm
u_picorv32.picorv32_core.alu_out_q\[28\],69.55µm
net1407,69.535µm
_02718_,69.345µm
net1406,69.22µm
u_picorv32.picorv32_core.count_instr\[4\],69.21µm
u_picorv32.picorv32_core.count_instr\[34\],69.09µm
u_picorv32.picorv32_core.alu_out\[27\],69.08µm
net1305,69.065µm
net711,69.06µm
u_picorv32.picorv32_core.count_cycle\[14\],68.925µm
net535,68.815µm
u_picorv32.picorv32_core.decoded_imm_j\[16\],68.455µm
net136,68.23µm
net752,68.195µm
_03394_,68.09µm
net33,68.085µm
net974,68.065µm
net1197,67.955µm
_02881_,67.8µm
_05319_,67.68µm
net1031,67.63µm
net1357,67.62µm
net960,67.61µm
_05255_,67.44µm
_05355_,67.44µm
net509,67.425µm
u_picorv32.picorv32_core.count_instr\[46\],67.385µm
_05344_,67.38µm
net563,67.21µm
net1328,67.175µm
u_picorv32.picorv32_core.mem_rdata_q\[9\],66.96µm
_03368_,66.945µm
net295,66.8µm
u_picorv32.picorv32_core.count_instr\[35\],66.73µm
_05919_,66.705µm
u_picorv32.picorv32_core.reg_pc\[9\],66.67µm
_01943_,66.62µm
_02969_,66.55µm
_02900_,66.295µm
net506,66.255µm
_03201_,66.055µm
_02849_,65.96µm
_05122_,65.94µm
_03376_,65.855µm
u_picorv32.picorv32_core.count_instr\[26\],65.84µm
_04165_,65.76µm
_03235_,65.72µm
net574,65.64µm
net1207,65.62µm
u_picorv32.picorv32_core.instr_bne,65.6µm
_03412_,65.53µm
net537,65.49µm
_05861_,65.46µm
_05744_,65.34µm
net210,65.29µm
_02580_,65.28µm
u_picorv32.picorv32_core.count_instr\[36\],65.24µm
net380,65.24µm
u_picorv32.picorv32_core.count_instr\[48\],65.18µm
u_picorv32.picorv32_core.count_instr\[47\],65.17µm
_02245_,65.135µm
net641,65.125µm
net953,65.11µm
u_picorv32.picorv32_core.mem_rdata_q\[7\],65.105µm
u_picorv32.picorv32_core.count_cycle\[49\],65.015µm
_01407_,65µm
_01689_,64.92µm
_03182_,64.87µm
u_picorv32.picorv32_core.alu_out\[8\],64.86µm
_04641_,64.74µm
_01668_,64.695µm
_05318_,64.64µm
net1174,64.585µm
net659,64.53µm
net1053,64.495µm
u_picorv32.picorv32_core.count_instr\[58\],64.48µm
net1403,64.35µm
_03389_,64.265µm
_02928_,64.15µm
_04089_,64.03µm
_01632_,64.02µm
u_picorv32.picorv32_core.count_cycle\[22\],63.935µm
_00031_,63.9µm
_02147_,63.9µm
_02380_,63.9µm
net1326,63.885µm
u_picorv32.picorv32_core.count_instr\[1\],63.745µm
net547,63.685µm
net1312,63.56µm
_00019_,63.42µm
_03533_,63.42µm
net642,63.415µm
net1090,63.41µm
_01807_,63.37µm
_03304_,63.33µm
_05514_,63.3µm
net3041,63.29µm
u_picorv32.axi_adapter.mem_valid,63.22µm
_05059_,63.19µm
u_picorv32.picorv32_core.count_cycle\[9\],63.17µm
_01987_,63.13µm
_01595_,63.025µm
_01639_,62.9µm
_05986_,62.82µm
net1060,62.6µm
net651,62.58µm
_02504_,62.54µm
_02518_,62.53µm
_05007_,62.46µm
_04102_,62.34µm
net1072,62.335µm
net3085,62.16µm
_05450_,62.14µm
_04934_,61.99µm
_04086_,61.98µm
_02267_,61.86µm
net921,61.545µm
_01559_,61.51µm
_02310_,61.45µm
net741,61.4µm
_05632_,61.32µm
u_picorv32.picorv32_core.instr_slli,61.285µm
_02058_,61.27µm
net998,61.16µm
_03901_,61.15µm
_01547_,61.14µm
net1182,61µm
net515,60.915µm
_05457_,60.765µm
u_picorv32.picorv32_core.reg_pc\[2\],60.57µm
_03230_,60.55µm
_01663_,60.54µm
net294,60.5µm
net1200,60.44µm
_02351_,60.42µm
net900,60.41µm
_01975_,60.31µm
u_picorv32.picorv32_core.count_cycle\[33\],60.28µm
_01751_,60.08µm
_03336_,59.82µm
u_picorv32.picorv32_core.instr_lh,59.82µm
u_picorv32.picorv32_core.alu_out\[20\],59.76µm
net148,59.715µm
_02109_,59.65µm
net1144,59.63µm
_03673_,59.59µm
_03371_,59.565µm
net510,59.535µm
_02825_,59.53µm
_03130_,59.48µm
_05039_,59.34µm
_03150_,59.31µm
_05657_,59.29µm
net408,59.17µm
_01848_,58.99µm
net1212,58.975µm
_02906_,58.905µm
net993,58.89µm
_05643_,58.87µm
u_picorv32.picorv32_core.alu_out\[29\],58.8µm
_03128_,58.78µm
u_picorv32.picorv32_core.count_instr\[22\],58.765µm
_04124_,58.63µm
_03226_,58.62µm
u_picorv32.picorv32_core.count_cycle\[1\],58.445µm
net1194,58.37µm
_02908_,58.34µm
net966,58.25µm
_02951_,58.21µm
_05113_,58.21µm
u_picorv32.picorv32_core.alu_out_q\[10\],58.21µm
u_picorv32.picorv32_core.mem_rdata_q\[19\],58.065µm
net196,58.02µm
u_picorv32.picorv32_core.count_instr\[13\],57.98µm
u_picorv32.picorv32_core.instr_sh,57.965µm
net1209,57.89µm
u_picorv32.picorv32_core.alu_out\[24\],57.78µm
u_picorv32.picorv32_core.count_instr\[53\],57.76µm
_01865_,57.73µm
_03332_,57.72µm
u_picorv32.picorv32_core.count_cycle\[44\],57.67µm
u_picorv32.picorv32_core.instr_sll,57.505µm
_05304_,57.48µm
_01733_,57.445µm
u_picorv32.picorv32_core.count_instr\[45\],57.4µm
_02535_,57.36µm
_04971_,57.24µm
_03408_,57.235µm
_05859_,57.21µm
u_picorv32.picorv32_core.count_cycle\[25\],57.135µm
_04172_,57.12µm
net252,57.065µm
_02600_,57.04µm
net511,57.025µm
_04958_,56.88µm
net138,56.87µm
_03416_,56.855µm
u_picorv32.picorv32_core.count_instr\[21\],56.78µm
_02797_,56.775µm
u_picorv32.picorv32_core.count_instr\[6\],56.665µm
_01558_,56.535µm
_04122_,56.53µm
net32,56.53µm
net139,56.53µm
net158,56.495µm
_04061_,56.35µm
_03240_,56.29µm
net926,56.085µm
_04237_,55.96µm
u_picorv32.picorv32_core.count_cycle\[24\],55.945µm
u_picorv32.picorv32_core.count_instr\[61\],55.94µm
net1067,55.75µm
u_picorv32.picorv32_core.alu_out\[25\],55.66µm
_02282_,55.63µm
net999,55.59µm
_03363_,55.57µm
u_picorv32.picorv32_core.count_cycle\[40\],55.57µm
net514,55.57µm
net990,55.555µm
_01736_,55.55µm
u_picorv32.picorv32_core.is_slti_blt_slt,55.51µm
_04259_,55.39µm
_02945_,55.35µm
_05850_,55.285µm
_03172_,55.255µm
u_picorv32.picorv32_core.count_cycle\[43\],55.105µm
_04810_,55.08µm
net181,55.05µm
net34,54.99µm
u_picorv32.picorv32_core.count_cycle\[42\],54.955µm
_03399_,54.94µm
_02957_,54.84µm
u_picorv32.picorv32_core.instr_bgeu,54.72µm
net1213,54.665µm
_01956_,54.655µm
_01556_,54.63µm
_02936_,54.62µm
net6,54.57µm
_04189_,54.55µm
_05734_,54.54µm
u_picorv32.picorv32_core.count_instr\[41\],54.49µm
u_picorv32.picorv32_core.alu_out\[13\],54.48µm
net137,54.445µm
net1374,54.38µm
_02272_,54.37µm
_04878_,54.3µm
u_picorv32.picorv32_core.count_cycle\[58\],54.28µm
u_picorv32.picorv32_core.count_cycle\[26\],54.25µm
_04784_,54.13µm
_05608_,54.12µm
u_picorv32.picorv32_core.instr_lbu,54.09µm
_04852_,54.06µm
u_picorv32.picorv32_core.alu_out\[9\],54µm
_03420_,53.935µm
_01788_,53.87µm
_02222_,53.77µm
u_picorv32.picorv32_core.mem_state\[0\],53.575µm
_03296_,53.48µm
u_picorv32.picorv32_core.count_cycle\[2\],53.465µm
_03081_,53.36µm
u_picorv32.picorv32_core.alu_out\[26\],53.28µm
_01406_,53.11µm
_05420_,53.1µm
u_picorv32.picorv32_core.count_instr\[2\],53.015µm
_03090_,53.005µm
u_picorv32.picorv32_core.count_cycle\[4\],52.82µm
_05617_,52.75µm
_01613_,52.68µm
_02765_,52.68µm
_02981_,52.62µm
_02452_,52.46µm
_02327_,52.45µm
net3063,52.44µm
net559,52.245µm
u_picorv32.picorv32_core.count_cycle\[12\],52.06µm
_03108_,52.05µm
_03439_,52.03µm
net1179,52µm
_05694_,51.96µm
u_picorv32.picorv32_core.cpuregs\[22\]\[14\],51.695µm
net1196,51.695µm
u_picorv32.picorv32_core.mem_rdata_q\[18\],51.68µm
_05477_,51.655µm
_01886_,51.61µm
_04791_,51.57µm
_05509_,51.56µm
_02101_,51.49µm
_03168_,51.44µm
net949,51.385µm
net992,51.385µm
_01593_,51.36µm
_05684_,51.27µm
_01714_,51.24µm
net179,51.24µm
u_picorv32.picorv32_core.alu_out\[28\],51.08µm
net1299,51.075µm
_05137_,51.01µm
_01596_,50.95µm
_02141_,50.885µm
_05245_,50.88µm
_02387_,50.85µm
_01650_,50.765µm
u_picorv32.picorv32_core.mem_do_rdata,50.76µm
_05479_,50.67µm
_05214_,50.64µm
_02878_,50.53µm
net1329,50.53µm
_04103_,50.46µm
_02322_,50.395µm
net598,50.27µm
_03364_,50.245µm
net1173,50.235µm
_04380_,50.23µm
_02186_,50.2µm
_05922_,50.18µm
_05544_,50.17µm
_01395_,50.12µm
_05755_,50.12µm
_02533_,50.09µm
_02696_,50.055µm
_04653_,49.955µm
_03356_,49.935µm
_03333_,49.87µm
_02289_,49.825µm
_03358_,49.82µm
_01823_,49.7µm
_04716_,49.69µm
u_picorv32.picorv32_core.count_instr\[60\],49.58µm
_04121_,49.57µm
net255,49.52µm
_05980_,49.38µm
net937,49.345µm
_03693_,49.275µm
u_picorv32.picorv32_core.count_cycle\[19\],49.265µm
_05240_,49.2µm
_01870_,49.15µm
_05874_,49.14µm
net3037,49.14µm
u_picorv32.picorv32_core.count_instr\[40\],49.05µm
net3068,48.97µm
u_picorv32.picorv32_core.reg_next_pc\[12\],48.74µm
_02231_,48.72µm
net35,48.705µm
u_picorv32.picorv32_core.instr_srli,48.69µm
net1049,48.67µm
u_picorv32.picorv32_core.alu_out\[3\],48.48µm
_01832_,48.435µm
_05337_,48.42µm
_05985_,48.42µm
u_picorv32.picorv32_core.count_cycle\[56\],48.37µm
_03231_,48.3µm
_05292_,48.3µm
_03258_,48.275µm
_04101_,48.25µm
net981,48.25µm
_05119_,48.24µm
_05474_,48.19µm
_04857_,48.13µm
_04995_,48.13µm
net5,48.115µm
u_picorv32.picorv32_core.count_cycle\[29\],48.02µm
_00032_,47.95µm
_03404_,47.77µm
_05117_,47.76µm
_05001_,47.7µm
_02288_,47.575µm
u_picorv32.picorv32_core.count_cycle\[46\],47.47µm
_03357_,47.385µm
net1332,47.35µm
_05357_,47.285µm
_05483_,47.15µm
_02208_,47.075µm
_05091_,47.04µm
_05683_,47.04µm
_05033_,46.92µm
_05419_,46.92µm
u_picorv32.picorv32_core.count_cycle\[62\],46.855µm
_05611_,46.845µm
_02095_,46.83µm
_05351_,46.83µm
_03051_,46.815µm
_01694_,46.81µm
u_picorv32.picorv32_core.cpuregs\[29\]\[17\],46.775µm
u_picorv32.picorv32_core.count_cycle\[31\],46.75µm
_01946_,46.71µm
u_picorv32.picorv32_core.count_cycle\[57\],46.685µm
_01801_,46.645µm
u_picorv32.picorv32_core.reg_out\[16\],46.58µm
_03205_,46.515µm
_04262_,46.51µm
u_picorv32.picorv32_core.count_cycle\[6\],46.505µm
_03335_,46.45µm
u_picorv32.picorv32_core.cpuregs\[7\]\[13\],46.345µm
_04966_,46.32µm
u_picorv32.picorv32_core.count_instr\[23\],46.315µm
_03181_,46.27µm
_02614_,46.235µm
_05934_,46.22µm
_03088_,46.21µm
u_picorv32.picorv32_core.count_cycle\[8\],46.21µm
_01555_,46.15µm
_03432_,46.075µm
net1000,46.065µm
_05362_,46.03µm
_01929_,46.02µm
_05429_,45.955µm
net562,45.915µm
_04669_,45.91µm
_04524_,45.9µm
net1195,45.81µm
_05670_,45.74µm
_01553_,45.68µm
u_picorv32.picorv32_core.count_cycle\[60\],45.66µm
_03129_,45.635µm
_05328_,45.6µm
_05441_,45.56µm
_05278_,45.55µm
_03413_,45.475µm
net989,45.45µm
net899,45.39µm
_05463_,45.36µm
_02510_,45.31µm
_04392_,45.31µm
_05348_,45.31µm
net577,45.26µm
_05096_,45.18µm
_05200_,45.18µm
_02553_,45.13µm
_03169_,45.01µm
_02676_,45µm
_02265_,44.89µm
u_picorv32.picorv32_core.count_cycle\[27\],44.89µm
_05083_,44.71µm
_01620_,44.65µm
_02136_,44.64µm
_01939_,44.56µm
_02795_,44.56µm
u_picorv32.picorv32_core.count_instr\[43\],44.54µm
_03236_,44.45µm
_04948_,44.4µm
_05359_,44.325µm
_03405_,44.315µm
u_picorv32.picorv32_core.alu_out_q\[11\],44.265µm
net940,44.255µm
u_picorv32.picorv32_core.count_instr\[62\],44.17µm
_04018_,44.16µm
u_picorv32.picorv32_core.count_instr\[56\],44.14µm
_04318_,44.11µm
net536,44.085µm
_05928_,44.04µm
_02300_,44.005µm
u_picorv32.picorv32_core.cpuregs\[6\]\[7\],44.005µm
_05102_,43.99µm
_04595_,43.965µm
net233,43.895µm
net146,43.875µm
_04940_,43.87µm
_04945_,43.87µm
_01648_,43.82µm
u_picorv32.picorv32_core.count_cycle\[37\],43.77µm
_05531_,43.71µm
_02035_,43.675µm
_01803_,43.47µm
u_picorv32.picorv32_core.count_instr\[38\],43.465µm
u_picorv32.picorv32_core.count_instr\[51\],43.39µm
_03047_,43.33µm
net3023,43.33µm
_01557_,43.295µm
_04038_,43.2µm
u_picorv32.picorv32_core.instr_bltu,43.175µm
u_picorv32.picorv32_core.count_cycle\[13\],43.16µm
_01617_,43.145µm
_02242_,43.14µm
net995,42.99µm
_05891_,42.98µm
_05235_,42.96µm
_03460_,42.89µm
net1062,42.83µm
u_picorv32.picorv32_core.cpuregs\[5\]\[18\],42.765µm
_02007_,42.73µm
_04734_,42.585µm
_05221_,42.43µm
_01817_,42.415µm
_02061_,42.38µm
_05219_,42.25µm
u_picorv32.picorv32_core.cpuregs\[14\]\[29\],42.2µm
_05338_,42.19µm
u_picorv32.picorv32_core.instr_bge,42.115µm
_03589_,42.11µm
u_picorv32.picorv32_core.cpuregs\[22\]\[23\],42.085µm
_05302_,42.06µm
_02440_,42.035µm
_05494_,42.02µm
_05042_,42µm
u_picorv32.picorv32_core.count_cycle\[55\],41.95µm
u_picorv32.picorv32_core.mem_rdata_q\[17\],41.94µm
_03375_,41.9µm
_05110_,41.82µm
u_picorv32.picorv32_core.cpuregs\[13\]\[27\],41.775µm
_01693_,41.695µm
_04368_,41.65µm
u_picorv32.picorv32_core.count_instr\[63\],41.635µm
_04930_,41.58µm
_05065_,41.47µm
_01717_,41.46µm
_02865_,41.43µm
_01643_,41.365µm
_03574_,41.36µm
u_picorv32.picorv32_core.decoded_imm\[9\],41.345µm
_04317_,41.34µm
u_picorv32.picorv32_core.mem_rdata_q\[31\],41.31µm
u_picorv32.picorv32_core.cpuregs\[15\]\[17\],41.3µm
u_picorv32.picorv32_core.cpuregs\[28\]\[21\],41.29µm
_04037_,41.17µm
_03486_,41.16µm
_05635_,41.16µm
_01843_,41.135µm
_03191_,41.11µm
net569,41.105µm
net594,41.095µm
_02212_,41.08µm
_04928_,41.05µm
_05206_,40.98µm
_04167_,40.92µm
_02966_,40.91µm
_03697_,40.83µm
_02992_,40.81µm
u_picorv32.picorv32_core.cpuregs\[25\]\[22\],40.77µm
_04964_,40.75µm
net286,40.745µm
_05300_,40.74µm
u_picorv32.picorv32_core.cpuregs\[11\]\[9\],40.715µm
_01743_,40.685µm
_05978_,40.62µm
_02559_,40.615µm
_04870_,40.51µm
_04952_,40.44µm
u_picorv32.picorv32_core.alu_out\[2\],40.38µm
_01795_,40.34µm
_03050_,40.34µm
_03325_,40.34µm
_05247_,40.33µm
_05947_,40.33µm
u_picorv32.picorv32_core.count_instr\[11\],40.33µm
u_picorv32.picorv32_core.cpuregs\[18\]\[21\],40.33µm
u_picorv32.picorv32_core.cpuregs\[8\]\[27\],40.28µm
u_picorv32.picorv32_core.mem_rdata_q\[11\],40.255µm
_02106_,40.23µm
u_picorv32.picorv32_core.decoded_imm\[1\],40.17µm
net241,40.17µm
_04230_,40.11µm
_02260_,40.09µm
_02174_,40.035µm
_04980_,40.03µm
u_picorv32.picorv32_core.count_instr\[20\],40.015µm
_05929_,39.96µm
u_picorv32.picorv32_core.alu_out\[21\],39.96µm
u_picorv32.picorv32_core.cpuregs\[22\]\[27\],39.89µm
_02207_,39.84µm
_05668_,39.82µm
u_picorv32.picorv32_core.cpuregs\[31\]\[28\],39.815µm
_04712_,39.73µm
_05695_,39.72µm
_01704_,39.695µm
_04666_,39.66µm
_01661_,39.63µm
_05640_,39.55µm
u_picorv32.picorv32_core.cpuregs\[17\]\[31\],39.52µm
u_picorv32.picorv32_core.decoder_pseudo_trigger,39.42µm
u_picorv32.picorv32_core.count_instr\[37\],39.41µm
_03380_,39.38µm
u_picorv32.picorv32_core.cpuregs\[11\]\[22\],39.38µm
net1021,39.27µm
u_picorv32.picorv32_core.cpuregs\[9\]\[11\],39.265µm
_05513_,39.25µm
u_picorv32.picorv32_core.is_sltiu_bltu_sltu,39.2µm
_05244_,39.13µm
_04054_,39.12µm
u_picorv32.picorv32_core.cpuregs\[30\]\[13\],39.12µm
_05840_,39.08µm
_02490_,39.045µm
u_picorv32.picorv32_core.cpuregs\[14\]\[6\],39.025µm
_01892_,38.965µm
_02523_,38.96µm
_04599_,38.83µm
u_picorv32.picorv32_core.count_cycle\[63\],38.83µm
u_picorv32.picorv32_core.cpuregs\[13\]\[19\],38.77µm
_01900_,38.61µm
u_picorv32.picorv32_core.cpuregs\[5\]\[8\],38.595µm
_05789_,38.59µm
u_picorv32.picorv32_core.cpuregs\[22\]\[9\],38.555µm
net1073,38.525µm
_01685_,38.505µm
u_picorv32.picorv32_core.cpuregs\[22\]\[6\],38.47µm
_05173_,38.445µm
_03688_,38.44µm
u_picorv32.picorv32_core.cpuregs\[7\]\[7\],38.41µm
_04390_,38.4µm
u_picorv32.picorv32_core.count_cycle\[18\],38.4µm
u_picorv32.picorv32_core.cpuregs\[27\]\[23\],38.395µm
_02132_,38.34µm
_04047_,38.34µm
_05946_,38.34µm
_03287_,38.3µm
_05846_,38.295µm
u_picorv32.picorv32_core.cpuregs\[15\]\[8\],38.28µm
_03875_,38.25µm
_04083_,38.23µm
_02595_,38.22µm
_03945_,38.22µm
_05654_,38.22µm
u_picorv32.picorv32_core.cpuregs\[17\]\[12\],38.17µm
_05224_,38.16µm
_02046_,38.115µm
_05081_,38.11µm
u_picorv32.picorv32_core.cpuregs\[27\]\[21\],38.065µm
_02415_,38.06µm
_02015_,38.05µm
_04967_,38.05µm
net31,38.05µm
_02491_,38.04µm
u_picorv32.picorv32_core.cpuregs\[11\]\[0\],38.03µm
_02017_,38µm
u_picorv32.picorv32_core.cpuregs\[5\]\[16\],38µm
_03692_,37.95µm
_03135_,37.915µm
_02707_,37.8µm
_05025_,37.74µm
u_picorv32.picorv32_core.cpuregs\[9\]\[27\],37.74µm
_03355_,37.735µm
_05697_,37.69µm
_05895_,37.575µm
_01730_,37.47µm
_05589_,37.465µm
u_picorv32.picorv32_core.cpuregs\[11\]\[21\],37.465µm
u_picorv32.picorv32_core.cpuregs\[21\]\[28\],37.465µm
u_picorv32.picorv32_core.instr_blt,37.46µm
u_picorv32.picorv32_core.cpuregs\[14\]\[15\],37.42µm
u_picorv32.picorv32_core.cpuregs\[30\]\[17\],37.41µm
u_picorv32.picorv32_core.cpuregs\[18\]\[20\],37.4µm
_02584_,37.39µm
u_picorv32.picorv32_core.cpuregs\[29\]\[15\],37.39µm
_05435_,37.35µm
u_picorv32.picorv32_core.cpuregs\[28\]\[14\],37.33µm
_03057_,37.29µm
_02196_,37.26µm
net3039,37.255µm
_02389_,37.195µm
u_picorv32.picorv32_core.count_instr\[57\],37.165µm
u_picorv32.picorv32_core.cpuregs\[7\]\[19\],37.165µm
net397,37.165µm
_02127_,37.15µm
_05094_,37.14µm
u_picorv32.picorv32_core.cpuregs\[21\]\[24\],37.115µm
_03694_,37.11µm
u_picorv32.picorv32_core.cpuregs\[9\]\[15\],37.085µm
_01586_,37.08µm
_02072_,37.02µm
u_picorv32.picorv32_core.alu_out_q\[3\],37.02µm
net650,37µm
u_picorv32.picorv32_core.cpuregs\[5\]\[7\],36.985µm
u_picorv32.picorv32_core.cpuregs\[13\]\[5\],36.96µm
_02169_,36.915µm
_04709_,36.86µm
u_picorv32.picorv32_core.count_instr\[54\],36.8µm
_01945_,36.735µm
_05541_,36.73µm
u_picorv32.picorv32_core.cpuregs\[19\]\[20\],36.705µm
u_picorv32.picorv32_core.cpuregs\[26\]\[11\],36.7µm
_04350_,36.67µm
u_picorv32.picorv32_core.cpuregs\[28\]\[24\],36.63µm
_04989_,36.61µm
_01662_,36.595µm
_03745_,36.58µm
u_picorv32.picorv32_core.cpuregs\[13\]\[30\],36.545µm
_02790_,36.505µm
_02074_,36.48µm
u_picorv32.picorv32_core.cpuregs\[14\]\[14\],36.475µm
_01991_,36.44µm
_02741_,36.43µm
_03334_,36.43µm
_02763_,36.42µm
_04972_,36.42µm
u_picorv32.picorv32_core.reg_next_pc\[27\],36.41µm
u_picorv32.picorv32_core.cpuregs\[17\]\[7\],36.385µm
u_picorv32.picorv32_core.cpuregs\[22\]\[31\],36.385µm
_05642_,36.365µm
_01540_,36.32µm
u_picorv32.picorv32_core.reg_next_pc\[28\],36.315µm
net620,36.25µm
_01728_,36.23µm
_04955_,36.225µm
_03175_,36.185µm
u_picorv32.picorv32_core.cpuregs\[1\]\[0\],36.14µm
u_picorv32.picorv32_core.cpuregs\[1\]\[25\],36.14µm
u_picorv32.picorv32_core.cpuregs\[9\]\[9\],36.13µm
_05498_,36.09µm
_03059_,36.08µm
_04454_,36.06µm
_04638_,36.06µm
_04923_,36.06µm
_04511_,36.02µm
u_picorv32.picorv32_core.cpuregs\[2\]\[18\],36.015µm
_02943_,36.01µm
u_picorv32.picorv32_core.cpuregs\[30\]\[19\],35.95µm
_02594_,35.94µm
_03030_,35.93µm
_03541_,35.89µm
_04315_,35.89µm
u_picorv32.picorv32_core.cpuregs\[27\]\[18\],35.89µm
u_picorv32.picorv32_core.count_cycle\[30\],35.885µm
_05403_,35.865µm
u_picorv32.picorv32_core.cpuregs\[23\]\[10\],35.84µm
_03651_,35.805µm
_02043_,35.78µm
_03928_,35.78µm
u_picorv32.picorv32_core.cpuregs\[9\]\[29\],35.77µm
_01727_,35.76µm
u_picorv32.picorv32_core.cpuregs\[29\]\[0\],35.725µm
_01542_,35.72µm
_01864_,35.72µm
u_picorv32.picorv32_core.cpuregs\[13\]\[2\],35.66µm
u_picorv32.picorv32_core.cpuregs\[1\]\[14\],35.635µm
u_picorv32.picorv32_core.reg_next_pc\[26\],35.59µm
_01394_,35.58µm
_05675_,35.53µm
_05272_,35.52µm
_04208_,35.505µm
_04879_,35.47µm
u_picorv32.picorv32_core.cpuregs\[0\]\[28\],35.41µm
_02971_,35.4µm
u_picorv32.picorv32_core.count_instr\[5\],35.385µm
u_picorv32.picorv32_core.cpuregs\[16\]\[20\],35.365µm
u_picorv32.picorv32_core.count_cycle\[10\],35.355µm
u_picorv32.picorv32_core.cpuregs\[5\]\[25\],35.335µm
_01793_,35.33µm
_04387_,35.22µm
u_picorv32.picorv32_core.cpuregs\[2\]\[14\],35.205µm
u_picorv32.picorv32_core.cpuregs\[14\]\[8\],35.2µm
_02688_,35.17µm
_05155_,35.16µm
u_picorv32.picorv32_core.cpuregs\[30\]\[31\],35.155µm
_01744_,35.15µm
u_picorv32.picorv32_core.cpuregs\[21\]\[27\],35.13µm
_02435_,35.11µm
_05634_,35.1µm
u_picorv32.picorv32_core.cpuregs\[15\]\[14\],35.06µm
_04977_,35.05µm
u_picorv32.picorv32_core.cpuregs\[22\]\[5\],35.05µm
u_picorv32.picorv32_core.count_instr\[17\],35.025µm
net113,35µm
_04850_,34.99µm
u_picorv32.picorv32_core.cpuregs\[11\]\[24\],34.99µm
_05639_,34.98µm
u_picorv32.picorv32_core.cpuregs\[14\]\[31\],34.965µm
_02912_,34.955µm
u_picorv32.picorv32_core.cpuregs\[13\]\[11\],34.955µm
u_picorv32.picorv32_core.cpuregs\[1\]\[31\],34.955µm
_02773_,34.945µm
u_picorv32.picorv32_core.cpuregs\[31\]\[16\],34.94µm
_02854_,34.93µm
_04104_,34.92µm
u_picorv32.picorv32_core.alu_out\[6\],34.915µm
u_picorv32.picorv32_core.cpuregs\[30\]\[23\],34.885µm
u_picorv32.picorv32_core.cpuregs\[12\]\[28\],34.81µm
u_picorv32.picorv32_core.cpuregs\[25\]\[25\],34.81µm
u_picorv32.picorv32_core.cpuregs\[15\]\[16\],34.8µm
u_picorv32.picorv32_core.cpuregs\[9\]\[19\],34.795µm
u_picorv32.picorv32_core.cpuregs\[4\]\[18\],34.785µm
u_picorv32.picorv32_core.mem_rdata_q\[5\],34.76µm
_01726_,34.755µm
_05669_,34.705µm
_02687_,34.7µm
u_picorv32.picorv32_core.cpuregs\[30\]\[8\],34.7µm
u_picorv32.picorv32_core.alu_out_q\[2\],34.68µm
_01958_,34.675µm
net117,34.645µm
u_picorv32.picorv32_core.cpuregs\[10\]\[22\],34.58µm
_05149_,34.56µm
_02941_,34.55µm
u_picorv32.picorv32_core.cpuregs\[5\]\[6\],34.5µm
u_picorv32.picorv32_core.cpuregs\[27\]\[13\],34.45µm
u_picorv32.picorv32_core.cpuregs\[31\]\[11\],34.395µm
_03306_,34.39µm
_01874_,34.36µm
_01674_,34.34µm
u_picorv32.picorv32_core.cpuregs\[5\]\[19\],34.285µm
_01732_,34.275µm
_04806_,34.265µm
_03444_,34.25µm
u_picorv32.picorv32_core.cpuregs\[20\]\[25\],34.22µm
u_picorv32.picorv32_core.cpuregs\[29\]\[5\],34.22µm
_02356_,34.2µm
u_picorv32.picorv32_core.cpuregs\[14\]\[27\],34.18µm
_02060_,34.17µm
_03107_,34.15µm
_05004_,34.14µm
_05171_,34.11µm
_03288_,34.1µm
_03281_,34.09µm
u_picorv32.picorv32_core.cpuregs\[21\]\[22\],34.09µm
u_picorv32.picorv32_core.cpuregs\[15\]\[13\],34.06µm
u_picorv32.picorv32_core.cpuregs\[23\]\[23\],34.045µm
_02617_,34.04µm
u_picorv32.picorv32_core.cpuregs\[14\]\[24\],34.03µm
u_picorv32.picorv32_core.cpuregs\[5\]\[11\],34.03µm
u_picorv32.picorv32_core.cpuregs\[22\]\[28\],34.025µm
u_picorv32.picorv32_core.cpuregs\[18\]\[2\],34.02µm
u_picorv32.picorv32_core.cpuregs\[21\]\[5\],34.02µm
u_picorv32.picorv32_core.cpuregs\[21\]\[3\],34.005µm
u_picorv32.picorv32_core.cpuregs\[24\]\[29\],33.985µm
_05084_,33.97µm
_05349_,33.955µm
u_picorv32.picorv32_core.cpuregs\[6\]\[9\],33.945µm
u_picorv32.picorv32_core.cpuregs\[21\]\[14\],33.91µm
u_picorv32.picorv32_core.cpuregs\[25\]\[2\],33.9µm
u_picorv32.picorv32_core.cpuregs\[24\]\[13\],33.86µm
u_picorv32.picorv32_core.cpuregs\[26\]\[16\],33.86µm
_01770_,33.78µm
u_picorv32.picorv32_core.cpuregs\[27\]\[22\],33.745µm
u_picorv32.picorv32_core.cpuregs\[29\]\[16\],33.745µm
u_picorv32.picorv32_core.cpuregs\[8\]\[9\],33.73µm
_03275_,33.725µm
_04184_,33.705µm
u_picorv32.picorv32_core.cpuregs\[12\]\[30\],33.685µm
u_picorv32.picorv32_core.cpuregs\[9\]\[8\],33.68µm
u_picorv32.picorv32_core.cpuregs\[24\]\[2\],33.67µm
_02264_,33.66µm
_04589_,33.66µm
_04937_,33.61µm
u_picorv32.picorv32_core.cpuregs\[20\]\[0\],33.61µm
u_picorv32.picorv32_core.cpuregs\[30\]\[6\],33.56µm
u_picorv32.picorv32_core.mem_state\[1\],33.535µm
u_picorv32.picorv32_core.cpuregs\[13\]\[22\],33.515µm
_03428_,33.5µm
_01682_,33.49µm
_03584_,33.49µm
_04074_,33.49µm
u_picorv32.picorv32_core.count_cycle\[35\],33.465µm
u_picorv32.picorv32_core.cpuregs\[8\]\[24\],33.445µm
u_picorv32.picorv32_core.cpuregs\[20\]\[24\],33.43µm
u_picorv32.picorv32_core.cpuregs\[26\]\[29\],33.43µm
_05248_,33.42µm
u_picorv32.picorv32_core.cpuregs\[14\]\[19\],33.405µm
u_picorv32.picorv32_core.cpuregs\[31\]\[1\],33.385µm
_03601_,33.36µm
u_picorv32.picorv32_core.cpuregs\[27\]\[29\],33.36µm
_05913_,33.335µm
u_picorv32.picorv32_core.cpuregs\[4\]\[16\],33.335µm
u_picorv32.picorv32_core.cpuregs\[26\]\[14\],33.27µm
u_picorv32.picorv32_core.mem_do_wdata,33.26µm
_02453_,33.25µm
u_picorv32.picorv32_core.cpuregs\[21\]\[15\],33.25µm
u_picorv32.picorv32_core.cpuregs\[9\]\[28\],33.19µm
u_picorv32.picorv32_core.cpuregs\[3\]\[28\],33.145µm
u_picorv32.picorv32_core.cpuregs\[10\]\[27\],33.14µm
u_picorv32.picorv32_core.cpuregs\[11\]\[27\],33.135µm
_04250_,33.12µm
u_picorv32.picorv32_core.cpuregs\[23\]\[9\],33.1µm
u_picorv32.picorv32_core.cpuregs\[10\]\[19\],33.085µm
_04065_,33.07µm
u_picorv32.picorv32_core.cpuregs\[22\]\[18\],33.07µm
u_picorv32.picorv32_core.cpuregs\[6\]\[11\],33.07µm
_05017_,33.06µm
u_picorv32.picorv32_core.cpuregs\[4\]\[8\],33.06µm
_05237_,33.01µm
u_picorv32.picorv32_core.cpuregs\[14\]\[2\],33.01µm
u_picorv32.picorv32_core.cpuregs\[28\]\[28\],32.965µm
u_picorv32.picorv32_core.count_cycle\[39\],32.96µm
_05013_,32.95µm
_05262_,32.95µm
_05277_,32.94µm
u_picorv32.picorv32_core.cpuregs\[14\]\[9\],32.905µm
u_picorv32.picorv32_core.cpuregs\[6\]\[3\],32.9µm
u_picorv32.picorv32_core.cpuregs\[29\]\[11\],32.89µm
_05057_,32.88µm
u_picorv32.picorv32_core.cpuregs\[15\]\[10\],32.88µm
u_picorv32.picorv32_core.cpuregs\[4\]\[17\],32.85µm
u_picorv32.picorv32_core.cpuregs\[28\]\[13\],32.845µm
_01836_,32.84µm
_02286_,32.84µm
u_picorv32.picorv32_core.cpuregs\[3\]\[13\],32.84µm
u_picorv32.picorv32_core.cpuregs\[26\]\[23\],32.83µm
_02290_,32.82µm
_03242_,32.8µm
u_picorv32.picorv32_core.cpuregs\[26\]\[30\],32.78µm
_04488_,32.77µm
_04310_,32.76µm
u_picorv32.picorv32_core.cpuregs\[23\]\[19\],32.76µm
u_picorv32.picorv32_core.reg_next_pc\[1\],32.745µm
u_picorv32.picorv32_core.cpuregs\[15\]\[15\],32.725µm
u_picorv32.picorv32_core.cpuregs\[0\]\[31\],32.71µm
u_picorv32.picorv32_core.cpuregs\[9\]\[31\],32.705µm
_04640_,32.7µm
_04651_,32.685µm
u_picorv32.picorv32_core.cpuregs\[2\]\[1\],32.665µm
u_picorv32.picorv32_core.cpuregs\[20\]\[3\],32.645µm
u_picorv32.picorv32_core.cpuregs\[20\]\[16\],32.6µm
u_picorv32.picorv32_core.cpuregs\[4\]\[1\],32.6µm
_02917_,32.58µm
u_picorv32.picorv32_core.cpuregs\[26\]\[18\],32.57µm
u_picorv32.picorv32_core.cpuregs\[13\]\[31\],32.545µm
_04303_,32.53µm
u_picorv32.picorv32_core.cpuregs\[17\]\[2\],32.53µm
u_picorv32.picorv32_core.cpuregs\[27\]\[11\],32.52µm
u_picorv32.picorv32_core.cpuregs\[13\]\[28\],32.47µm
u_picorv32.picorv32_core.cpuregs\[19\]\[24\],32.47µm
u_picorv32.picorv32_core.cpuregs\[13\]\[3\],32.455µm
_02968_,32.425µm
u_picorv32.picorv32_core.cpuregs\[31\]\[6\],32.425µm
_02794_,32.41µm
_05093_,32.41µm
_05260_,32.41µm
u_picorv32.picorv32_core.cpuregs\[18\]\[26\],32.41µm
u_picorv32.picorv32_core.cpuregs\[19\]\[22\],32.41µm
u_picorv32.picorv32_core.cpuregs\[1\]\[21\],32.395µm
u_picorv32.picorv32_core.cpuregs\[12\]\[21\],32.38µm
u_picorv32.picorv32_core.cpuregs\[23\]\[1\],32.375µm
u_picorv32.picorv32_core.cpuregs\[28\]\[9\],32.375µm
u_picorv32.picorv32_core.cpuregs\[7\]\[18\],32.375µm
u_picorv32.picorv32_core.cpuregs\[6\]\[22\],32.36µm
net677,32.31µm
u_picorv32.picorv32_core.cpuregs\[31\]\[14\],32.305µm
_01821_,32.3µm
_01867_,32.3µm
u_picorv32.picorv32_core.cpuregs\[17\]\[6\],32.29µm
u_picorv32.picorv32_core.cpuregs\[9\]\[23\],32.29µm
_05439_,32.28µm
u_picorv32.picorv32_core.count_cycle\[11\],32.26µm
u_picorv32.picorv32_core.cpuregs\[24\]\[23\],32.245µm
_03549_,32.2µm
u_picorv32.picorv32_core.cpuregs\[20\]\[12\],32.185µm
u_picorv32.picorv32_core.cpuregs\[2\]\[11\],32.18µm
u_picorv32.picorv32_core.decoded_rd\[3\],32.17µm
_04919_,32.145µm
u_picorv32.picorv32_core.cpuregs\[17\]\[27\],32.135µm
_04518_,32.1µm
u_picorv32.picorv32_core.cpuregs\[6\]\[19\],32.075µm
_02158_,32.04µm
u_picorv32.picorv32_core.cpuregs\[25\]\[0\],32µm
_03388_,31.99µm
_04455_,31.98µm
_05183_,31.98µm
u_picorv32.picorv32_core.cpuregs\[23\]\[24\],31.945µm
u_picorv32.picorv32_core.cpuregs\[2\]\[27\],31.945µm
_04438_,31.94µm
u_picorv32.picorv32_core.cpuregs\[21\]\[30\],31.885µm
_05070_,31.87µm
u_picorv32.picorv32_core.cpuregs\[20\]\[23\],31.87µm
u_picorv32.picorv32_core.cpuregs\[22\]\[13\],31.87µm
u_picorv32.picorv32_core.cpuregs\[5\]\[28\],31.87µm
_04187_,31.86µm
u_picorv32.picorv32_core.cpuregs\[20\]\[14\],31.825µm
u_picorv32.picorv32_core.cpuregs\[4\]\[20\],31.825µm
u_picorv32.picorv32_core.cpuregs\[23\]\[4\],31.81µm
_04085_,31.8µm
_01554_,31.79µm
u_picorv32.picorv32_core.cpuregs\[8\]\[14\],31.765µm
u_picorv32.picorv32_core.cpuregs\[19\]\[3\],31.76µm
u_picorv32.picorv32_core.cpuregs\[8\]\[0\],31.755µm
u_picorv32.picorv32_core.cpuregs\[10\]\[23\],31.75µm
u_picorv32.picorv32_core.cpuregs\[15\]\[22\],31.735µm
u_picorv32.picorv32_core.cpuregs\[16\]\[12\],31.725µm
u_picorv32.picorv32_core.cpuregs\[27\]\[12\],31.725µm
u_picorv32.picorv32_core.cpuregs\[21\]\[7\],31.715µm
u_picorv32.picorv32_core.cpuregs\[17\]\[5\],31.705µm
u_picorv32.picorv32_core.cpuregs\[3\]\[30\],31.65µm
u_picorv32.picorv32_core.cpuregs\[18\]\[25\],31.645µm
u_picorv32.picorv32_core.cpuregs\[24\]\[25\],31.645µm
u_picorv32.picorv32_core.cpuregs\[30\]\[22\],31.64µm
_04949_,31.63µm
_05080_,31.63µm
u_picorv32.picorv32_core.cpuregs\[4\]\[7\],31.63µm
u_picorv32.picorv32_core.cpuregs\[31\]\[0\],31.61µm
u_picorv32.picorv32_core.cpuregs\[21\]\[2\],31.59µm
u_picorv32.picorv32_core.cpuregs\[15\]\[30\],31.57µm
_01592_,31.565µm
u_picorv32.picorv32_core.cpuregs\[9\]\[24\],31.51µm
u_picorv32.picorv32_core.reg_out\[31\],31.5µm
u_picorv32.picorv32_core.count_cycle\[5\],31.47µm
u_picorv32.picorv32_core.cpuregs\[7\]\[28\],31.44µm
u_picorv32.picorv32_core.reg_pc\[26\],31.42µm
_01863_,31.41µm
u_picorv32.picorv32_core.cpuregs\[5\]\[4\],31.41µm
_04119_,31.4µm
_05115_,31.39µm
u_picorv32.picorv32_core.cpuregs\[20\]\[26\],31.39µm
_03003_,31.38µm
_01552_,31.345µm
u_picorv32.picorv32_core.cpuregs\[28\]\[20\],31.345µm
u_picorv32.picorv32_core.cpuregs\[31\]\[2\],31.34µm
_05855_,31.33µm
u_picorv32.picorv32_core.cpuregs\[12\]\[20\],31.315µm
u_picorv32.picorv32_core.cpuregs\[24\]\[28\],31.285µm
_05231_,31.26µm
u_picorv32.picorv32_core.count_instr\[49\],31.26µm
u_picorv32.picorv32_core.cpuregs\[25\]\[23\],31.24µm
u_picorv32.picorv32_core.cpuregs\[11\]\[17\],31.23µm
net1002,31.22µm
_05574_,31.21µm
u_picorv32.picorv32_core.cpuregs\[5\]\[1\],31.21µm
u_picorv32.picorv32_core.cpuregs\[26\]\[24\],31.205µm
_01638_,31.2µm
_05176_,31.2µm
u_picorv32.picorv32_core.count_instr\[31\],31.2µm
u_picorv32.picorv32_core.cpuregs\[11\]\[23\],31.2µm
u_picorv32.picorv32_core.cpuregs\[11\]\[10\],31.11µm
u_picorv32.picorv32_core.count_cycle\[3\],31.09µm
u_picorv32.picorv32_core.cpuregs\[23\]\[3\],31.09µm
u_picorv32.pcpi_rs2\[3\],31.08µm
_05765_,31.035µm
_01802_,31.03µm
u_picorv32.picorv32_core.cpuregs\[2\]\[0\],30.99µm
u_picorv32.picorv32_core.reg_out\[12\],30.985µm
_03308_,30.975µm
u_picorv32.picorv32_core.cpuregs\[6\]\[30\],30.955µm
u_picorv32.picorv32_core.cpuregs\[15\]\[20\],30.925µm
u_picorv32.picorv32_core.cpuregs\[27\]\[28\],30.92µm
u_picorv32.picorv32_core.mem_rdata_q\[4\],30.91µm
u_picorv32.picorv32_core.count_instr\[3\],30.9µm
_03252_,30.875µm
u_picorv32.picorv32_core.cpuregs\[11\]\[30\],30.85µm
u_picorv32.picorv32_core.cpuregs\[12\]\[0\],30.85µm
u_picorv32.picorv32_core.cpuregs\[31\]\[20\],30.85µm
_02803_,30.84µm
_03421_,30.82µm
u_picorv32.picorv32_core.cpuregs\[26\]\[10\],30.815µm
u_picorv32.picorv32_core.cpuregs\[26\]\[7\],30.79µm
u_picorv32.picorv32_core.cpuregs\[7\]\[17\],30.77µm
_05123_,30.765µm
_02935_,30.76µm
u_picorv32.picorv32_core.cpuregs\[19\]\[25\],30.745µm
u_picorv32.picorv32_core.cpuregs\[11\]\[16\],30.74µm
u_picorv32.picorv32_core.cpuregs\[19\]\[31\],30.725µm
u_picorv32.picorv32_core.cpuregs\[4\]\[25\],30.725µm
u_picorv32.picorv32_core.cpuregs\[12\]\[11\],30.72µm
u_picorv32.picorv32_core.cpuregs\[7\]\[15\],30.71µm
_01983_,30.69µm
u_picorv32.picorv32_core.cpuregs\[22\]\[29\],30.69µm
_01628_,30.685µm
u_picorv32.picorv32_core.cpuregs\[30\]\[30\],30.685µm
u_picorv32.picorv32_core.cpuregs\[16\]\[13\],30.68µm
u_picorv32.picorv32_core.cpuregs\[28\]\[6\],30.68µm
u_picorv32.picorv32_core.cpuregs\[16\]\[2\],30.67µm
u_picorv32.picorv32_core.cpuregs\[2\]\[17\],30.67µm
u_picorv32.picorv32_core.cpuregs\[3\]\[14\],30.67µm
_05030_,30.66µm
u_picorv32.picorv32_core.cpuregs\[17\]\[20\],30.64µm
u_picorv32.picorv32_core.cpuregs\[8\]\[13\],30.64µm
u_picorv32.picorv32_core.cpuregs\[30\]\[0\],30.635µm
u_picorv32.picorv32_core.cpuregs\[31\]\[27\],30.63µm
_02183_,30.62µm
_02939_,30.61µm
u_picorv32.picorv32_core.cpuregs\[14\]\[20\],30.61µm
_02853_,30.6µm
_04761_,30.6µm
_05184_,30.595µm
_01546_,30.57µm
u_picorv32.picorv32_core.cpuregs\[15\]\[2\],30.565µm
_01700_,30.54µm
_02479_,30.53µm
_03749_,30.51µm
u_picorv32.picorv32_core.cpuregs\[2\]\[25\],30.5µm
u_picorv32.picorv32_core.cpuregs\[15\]\[12\],30.495µm
u_picorv32.picorv32_core.cpuregs\[14\]\[18\],30.49µm
u_picorv32.picorv32_core.cpuregs\[29\]\[13\],30.49µm
_04587_,30.48µm
_05121_,30.48µm
u_picorv32.picorv32_core.instr_sltu,30.48µm
u_picorv32.picorv32_core.cpuregs\[28\]\[1\],30.465µm
u_picorv32.picorv32_core.cpuregs\[17\]\[15\],30.44µm
u_picorv32.picorv32_core.cpuregs\[22\]\[17\],30.44µm
_05518_,30.43µm
_03993_,30.42µm
_04650_,30.42µm
_04781_,30.42µm
_05157_,30.42µm
u_picorv32.picorv32_core.count_cycle\[41\],30.42µm
u_picorv32.picorv32_core.cpuregs\[3\]\[25\],30.385µm
_01805_,30.38µm
_03320_,30.37µm
_03799_,30.34µm
u_picorv32.picorv32_core.cpuregs\[30\]\[11\],30.33µm
u_picorv32.picorv32_core.mem_wordsize\[0\],30.325µm
u_picorv32.picorv32_core.cpuregs\[14\]\[7\],30.315µm
u_picorv32.picorv32_core.cpuregs\[17\]\[10\],30.31µm
u_picorv32.picorv32_core.cpuregs\[8\]\[31\],30.295µm
u_picorv32.picorv32_core.cpuregs\[0\]\[19\],30.275µm
u_picorv32.picorv32_core.cpuregs\[16\]\[17\],30.275µm
_05257_,30.25µm
_01844_,30.24µm
u_picorv32.picorv32_core.cpuregs\[27\]\[24\],30.2µm
_03301_,30.19µm
_04452_,30.18µm
net1172,30.16µm
u_picorv32.picorv32_core.cpuregs\[15\]\[21\],30.135µm
_02462_,30.12µm
u_picorv32.picorv32_core.cpuregs\[9\]\[2\],30.09µm
u_picorv32.picorv32_core.cpuregs\[21\]\[16\],30.085µm
u_picorv32.picorv32_core.cpuregs\[31\]\[18\],30.085µm
_05315_,30.07µm
u_picorv32.picorv32_core.cpuregs\[14\]\[25\],30.07µm
u_picorv32.picorv32_core.cpuregs\[4\]\[28\],30.07µm
u_picorv32.picorv32_core.cpuregs\[28\]\[23\],30.06µm
_02448_,30.025µm
_05828_,30.025µm
u_picorv32.picorv32_core.cpuregs\[22\]\[22\],30.025µm
u_picorv32.picorv32_core.cpuregs\[31\]\[4\],30.02µm
u_picorv32.picorv32_core.cpuregs\[31\]\[17\],30.015µm
_01711_,30.01µm
u_picorv32.picorv32_core.cpuregs\[13\]\[18\],30.01µm
u_picorv32.picorv32_core.cpuregs\[15\]\[24\],30µm
u_picorv32.picorv32_core.reg_next_pc\[31\],29.98µm
u_picorv32.picorv32_core.cpuregs\[12\]\[23\],29.97µm
u_picorv32.picorv32_core.cpuregs\[11\]\[25\],29.95µm
u_picorv32.picorv32_core.cpuregs\[22\]\[20\],29.94µm
u_picorv32.picorv32_core.cpuregs\[28\]\[31\],29.93µm
_05051_,29.925µm
u_picorv32.picorv32_core.cpuregs\[1\]\[18\],29.905µm
u_picorv32.picorv32_core.cpuregs\[24\]\[16\],29.9µm
u_picorv32.picorv32_core.cpuregs\[25\]\[9\],29.9µm
u_picorv32.picorv32_core.cpuregs\[8\]\[30\],29.9µm
_05379_,29.89µm
_05606_,29.89µm
net111,29.89µm
u_picorv32.picorv32_core.cpuregs\[0\]\[10\],29.89µm
u_picorv32.picorv32_core.cpuregs\[2\]\[19\],29.89µm
_02955_,29.88µm
u_picorv32.picorv32_core.cpuregs\[11\]\[2\],29.88µm
u_picorv32.picorv32_core.cpuregs\[7\]\[16\],29.865µm
u_picorv32.picorv32_core.cpuregs\[19\]\[19\],29.845µm
u_picorv32.picorv32_core.cpuregs\[28\]\[5\],29.84µm
u_picorv32.picorv32_core.cpuregs\[8\]\[11\],29.83µm
u_picorv32.picorv32_core.cpuregs\[15\]\[5\],29.82µm
u_picorv32.picorv32_core.cpuregs\[19\]\[29\],29.82µm
u_picorv32.picorv32_core.cpuregs\[19\]\[4\],29.815µm
_04247_,29.805µm
_05665_,29.805µm
u_picorv32.picorv32_core.count_instr\[50\],29.805µm
u_picorv32.picorv32_core.cpuregs\[9\]\[5\],29.79µm
u_picorv32.picorv32_core.cpuregs\[13\]\[0\],29.785µm
u_picorv32.picorv32_core.cpuregs\[2\]\[21\],29.785µm
u_picorv32.picorv32_core.cpuregs\[9\]\[3\],29.785µm
u_picorv32.picorv32_core.cpuregs\[22\]\[25\],29.77µm
u_picorv32.picorv32_core.cpuregs\[24\]\[5\],29.765µm
_03991_,29.76µm
_05762_,29.76µm
_03610_,29.74µm
u_picorv32.picorv32_core.cpuregs\[20\]\[2\],29.735µm
u_picorv32.picorv32_core.cpuregs\[7\]\[6\],29.725µm
_05299_,29.7µm
_02268_,29.685µm
_04773_,29.65µm
_05445_,29.65µm
u_picorv32.picorv32_core.cpuregs\[0\]\[12\],29.65µm
u_picorv32.picorv32_core.cpuregs\[15\]\[7\],29.65µm
u_picorv32.picorv32_core.cpuregs\[22\]\[26\],29.65µm
_03214_,29.63µm
u_picorv32.picorv32_core.cpuregs\[28\]\[8\],29.61µm
_02590_,29.595µm
u_picorv32.picorv32_core.cpuregs\[17\]\[11\],29.59µm
u_picorv32.picorv32_core.cpuregs\[13\]\[12\],29.58µm
u_picorv32.picorv32_core.cpuregs\[19\]\[12\],29.58µm
_02306_,29.56µm
u_picorv32.picorv32_core.reg_next_pc\[25\],29.555µm
u_picorv32.picorv32_core.cpuregs\[0\]\[16\],29.55µm
_05162_,29.54µm
u_picorv32.picorv32_core.cpuregs\[1\]\[8\],29.54µm
_05067_,29.53µm
u_picorv32.picorv32_core.cpuregs\[22\]\[1\],29.53µm
u_picorv32.picorv32_core.cpuregs\[25\]\[27\],29.53µm
_01753_,29.525µm
_04394_,29.525µm
u_picorv32.picorv32_core.cpuregs\[30\]\[10\],29.51µm
u_picorv32.picorv32_core.cpuregs\[18\]\[31\],29.485µm
u_picorv32.picorv32_core.cpuregs\[5\]\[12\],29.47µm
u_picorv32.picorv32_core.cpuregs\[6\]\[13\],29.47µm
u_picorv32.picorv32_core.cpuregs\[17\]\[4\],29.465µm
_03220_,29.46µm
_04389_,29.46µm
_04979_,29.46µm
u_picorv32.picorv32_core.cpuregs\[21\]\[11\],29.46µm
u_picorv32.picorv32_core.cpuregs\[3\]\[5\],29.46µm
u_picorv32.picorv32_core.cpuregs\[13\]\[4\],29.445µm
u_picorv32.picorv32_core.cpuregs\[31\]\[7\],29.425µm
u_picorv32.picorv32_core.decoded_rd\[2\],29.42µm
u_picorv32.picorv32_core.cpuregs\[26\]\[1\],29.415µm
u_picorv32.picorv32_core.cpuregs\[1\]\[9\],29.41µm
u_picorv32.picorv32_core.cpuregs\[24\]\[31\],29.41µm
u_picorv32.picorv32_core.cpuregs\[3\]\[7\],29.41µm
u_picorv32.picorv32_core.decoded_rd\[0\],29.41µm
_03672_,29.4µm
u_picorv32.picorv32_core.mem_rdata_q\[16\],29.4µm
u_picorv32.picorv32_core.cpuregs\[17\]\[30\],29.37µm
u_picorv32.picorv32_core.cpuregs\[22\]\[3\],29.36µm
u_picorv32.picorv32_core.cpuregs\[0\]\[15\],29.355µm
_05310_,29.35µm
u_picorv32.picorv32_core.cpuregs\[6\]\[18\],29.31µm
u_picorv32.picorv32_core.cpuregs\[27\]\[0\],29.305µm
u_picorv32.picorv32_core.cpuregs\[23\]\[6\],29.3µm
u_picorv32.picorv32_core.cpuregs\[26\]\[17\],29.29µm
u_picorv32.picorv32_core.cpuregs\[26\]\[15\],29.285µm
_03113_,29.28µm
_05747_,29.28µm
u_picorv32.picorv32_core.cpuregs\[11\]\[31\],29.265µm
_01778_,29.25µm
u_picorv32.picorv32_core.cpuregs\[21\]\[6\],29.245µm
u_picorv32.picorv32_core.cpuregs\[17\]\[3\],29.24µm
u_picorv32.picorv32_core.cpuregs\[5\]\[13\],29.23µm
u_picorv32.picorv32_core.cpuregs\[14\]\[17\],29.22µm
u_picorv32.picorv32_core.cpuregs\[22\]\[30\],29.17µm
u_picorv32.picorv32_core.cpuregs\[24\]\[20\],29.17µm
_05170_,29.16µm
_03771_,29.11µm
_04701_,29.11µm
u_picorv32.picorv32_core.cpuregs\[1\]\[10\],29.11µm
u_picorv32.picorv32_core.cpuregs\[9\]\[1\],29.11µm
u_picorv32.picorv32_core.cpuregs\[15\]\[23\],29.095µm
u_picorv32.picorv32_core.cpuregs\[31\]\[8\],29.095µm
_05222_,29.07µm
u_picorv32.picorv32_core.cpuregs\[15\]\[18\],29.05µm
u_picorv32.picorv32_core.cpuregs\[31\]\[30\],29.05µm
u_picorv32.picorv32_core.cpuregs\[6\]\[15\],29.045µm
_05054_,29.04µm
u_picorv32.picorv32_core.cpuregs\[22\]\[19\],29.035µm
u_picorv32.picorv32_core.cpuregs\[0\]\[24\],29.015µm
u_picorv32.picorv32_core.cpuregs\[27\]\[9\],29.01µm
u_picorv32.picorv32_core.cpuregs\[18\]\[3\],29µm
_02412_,28.995µm
_02019_,28.985µm
u_picorv32.picorv32_core.cpuregs\[10\]\[5\],28.975µm
u_picorv32.picorv32_core.cpuregs\[12\]\[25\],28.95µm
_06017_,28.93µm
u_picorv32.picorv32_core.cpuregs\[11\]\[28\],28.93µm
_05620_,28.92µm
u_picorv32.picorv32_core.cpuregs\[30\]\[16\],28.905µm
u_picorv32.picorv32_core.cpuregs\[19\]\[15\],28.885µm
_04100_,28.87µm
_04348_,28.87µm
_05340_,28.87µm
u_picorv32.picorv32_core.cpuregs\[11\]\[29\],28.87µm
u_picorv32.picorv32_core.cpuregs\[27\]\[15\],28.87µm
u_picorv32.picorv32_core.decoded_imm_j\[1\],28.87µm
u_picorv32.picorv32_core.cpuregs\[7\]\[30\],28.865µm
u_picorv32.picorv32_core.cpuregs\[9\]\[18\],28.84µm
u_picorv32.picorv32_core.cpuregs\[30\]\[5\],28.835µm
u_picorv32.picorv32_core.cpuregs\[10\]\[11\],28.83µm
_04935_,28.81µm
u_picorv32.picorv32_core.cpuregs\[29\]\[20\],28.81µm
u_picorv32.picorv32_core.cpuregs\[11\]\[18\],28.805µm
_03580_,28.795µm
u_picorv32.picorv32_core.cpuregs\[21\]\[19\],28.76µm
_04123_,28.75µm
u_picorv32.picorv32_core.cpuregs\[19\]\[13\],28.75µm
u_picorv32.picorv32_core.cpuregs\[27\]\[2\],28.75µm
u_picorv32.picorv32_core.cpuregs\[5\]\[14\],28.715µm
_04590_,28.705µm
u_picorv32.picorv32_core.cpuregs\[29\]\[14\],28.7µm
_04533_,28.69µm
_05212_,28.69µm
u_picorv32.picorv32_core.cpuregs\[15\]\[9\],28.69µm
_05258_,28.68µm
_05825_,28.68µm
u_picorv32.picorv32_core.cpuregs\[21\]\[12\],28.68µm
u_picorv32.picorv32_core.cpuregs\[3\]\[0\],28.68µm
u_picorv32.picorv32_core.cpuregs\[30\]\[28\],28.66µm
u_picorv32.picorv32_core.cpuregs\[6\]\[16\],28.635µm
_04664_,28.62µm
_05014_,28.62µm
u_picorv32.picorv32_core.cpuregs\[10\]\[15\],28.605µm
u_picorv32.picorv32_core.cpuregs\[9\]\[22\],28.58µm
_05147_,28.57µm
_05465_,28.57µm
u_picorv32.picorv32_core.cpuregs\[27\]\[6\],28.57µm
_03724_,28.56µm
u_picorv32.picorv32_core.cpuregs\[16\]\[29\],28.52µm
u_picorv32.picorv32_core.cpuregs\[1\]\[24\],28.52µm
u_picorv32.picorv32_core.cpuregs\[23\]\[26\],28.52µm
u_picorv32.picorv32_core.cpuregs\[19\]\[18\],28.51µm
u_picorv32.picorv32_core.cpuregs\[2\]\[3\],28.505µm
_04947_,28.5µm
_05698_,28.5µm
u_picorv32.picorv32_core.cpuregs\[5\]\[3\],28.465µm
_01561_,28.45µm
u_picorv32.picorv32_core.cpuregs\[16\]\[11\],28.45µm
u_picorv32.picorv32_core.cpuregs\[27\]\[27\],28.425µm
u_picorv32.picorv32_core.cpuregs\[27\]\[25\],28.405µm
u_picorv32.picorv32_core.cpuregs\[8\]\[15\],28.4µm
_05562_,28.39µm
u_picorv32.picorv32_core.cpuregs\[0\]\[4\],28.385µm
_04188_,28.38µm
_04959_,28.38µm
u_picorv32.picorv32_core.cpuregs\[0\]\[30\],28.355µm
_01915_,28.34µm
u_picorv32.picorv32_core.count_cycle\[59\],28.34µm
_05485_,28.335µm
_04060_,28.33µm
u_picorv32.picorv32_core.cpuregs\[5\]\[2\],28.32µm
_04513_,28.305µm
u_picorv32.picorv32_core.cpuregs\[13\]\[20\],28.285µm
_05076_,28.27µm
_05181_,28.27µm
_05266_,28.26µm
_03417_,28.255µm
_01955_,28.23µm
u_picorv32.picorv32_core.cpuregs\[13\]\[13\],28.21µm
u_picorv32.picorv32_core.cpuregs\[8\]\[28\],28.21µm
u_picorv32.picorv32_core.cpuregs\[14\]\[16\],28.175µm
u_picorv32.picorv32_core.cpuregs\[7\]\[5\],28.15µm
u_picorv32.picorv32_core.cpuregs\[26\]\[21\],28.145µm
_04593_,28.14µm
u_picorv32.picorv32_core.cpuregs\[30\]\[21\],28.135µm
_01755_,28.13µm
u_picorv32.picorv32_core.cpuregs\[17\]\[24\],28.105µm
u_picorv32.picorv32_core.cpuregs\[14\]\[23\],28.1µm
_05053_,28.09µm
net114,28.09µm
u_picorv32.picorv32_core.cpuregs\[23\]\[14\],28.09µm
u_picorv32.picorv32_core.cpuregs\[5\]\[15\],28.09µm
u_picorv32.picorv32_core.cpuregs\[24\]\[24\],28.08µm
_02293_,28.065µm
_02776_,28.065µm
u_picorv32.picorv32_core.cpuregs\[12\]\[29\],28.055µm
u_picorv32.picorv32_core.reg_next_pc\[18\],28.055µm
u_picorv32.picorv32_core.cpuregs\[10\]\[14\],28.045µm
u_picorv32.picorv32_core.cpuregs\[25\]\[4\],28.04µm
_01928_,28.03µm
u_picorv32.picorv32_core.cpuregs\[24\]\[9\],28.03µm
u_picorv32.picorv32_core.cpuregs\[30\]\[3\],28.03µm
u_picorv32.picorv32_core.cpuregs\[14\]\[0\],28.02µm
u_picorv32.picorv32_core.cpuregs\[6\]\[14\],28.02µm
u_picorv32.picorv32_core.cpuregs\[15\]\[4\],28.015µm
u_picorv32.picorv32_core.cpuregs\[29\]\[10\],27.985µm
u_picorv32.picorv32_core.cpuregs\[31\]\[24\],27.98µm
u_picorv32.picorv32_core.cpuregs\[31\]\[21\],27.97µm
_05189_,27.96µm
u_picorv32.picorv32_core.cpuregs\[10\]\[6\],27.96µm
u_picorv32.picorv32_core.cpuregs\[16\]\[18\],27.92µm
u_picorv32.picorv32_core.cpuregs\[20\]\[6\],27.92µm
u_picorv32.picorv32_core.cpuregs\[7\]\[14\],27.92µm
u_picorv32.picorv32_core.cpuregs\[23\]\[5\],27.91µm
u_picorv32.picorv32_core.cpuregs\[30\]\[14\],27.91µm
_03810_,27.9µm
u_picorv32.picorv32_core.cpuregs\[15\]\[6\],27.87µm
u_picorv32.picorv32_core.cpuregs\[6\]\[29\],27.865µm
u_picorv32.picorv32_core.cpuregs\[9\]\[10\],27.865µm
_01773_,27.86µm
u_picorv32.picorv32_core.cpuregs\[31\]\[12\],27.86µm
u_picorv32.picorv32_core.cpuregs\[31\]\[29\],27.86µm
u_picorv32.picorv32_core.reg_next_pc\[15\],27.86µm
_03152_,27.855µm
u_picorv32.picorv32_core.cpuregs\[16\]\[16\],27.85µm
u_picorv32.picorv32_core.cpuregs\[27\]\[31\],27.84µm
u_picorv32.picorv32_core.cpuregs\[1\]\[12\],27.835µm
u_picorv32.picorv32_core.cpuregs\[1\]\[4\],27.805µm
u_picorv32.picorv32_core.cpuregs\[31\]\[5\],27.8µm
u_picorv32.picorv32_core.cpuregs\[7\]\[8\],27.79µm
_03106_,27.785µm
net303,27.785µm
_04185_,27.78µm
u_picorv32.picorv32_core.cpuregs\[19\]\[28\],27.765µm
u_picorv32.picorv32_core.cpuregs\[13\]\[9\],27.76µm
u_picorv32.picorv32_core.cpuregs\[23\]\[31\],27.755µm
_02976_,27.745µm
u_picorv32.picorv32_core.cpuregs\[3\]\[1\],27.74µm
u_picorv32.picorv32_core.cpuregs\[10\]\[24\],27.71µm
_02022_,27.695µm
net1001,27.69µm
_02329_,27.685µm
u_picorv32.picorv32_core.cpuregs\[18\]\[17\],27.685µm
u_picorv32.picorv32_core.cpuregs\[24\]\[21\],27.685µm
u_picorv32.picorv32_core.cpuregs\[25\]\[18\],27.67µm
u_picorv32.picorv32_core.cpuregs\[2\]\[7\],27.67µm
u_picorv32.picorv32_core.cpuregs\[3\]\[4\],27.67µm
_05273_,27.66µm
u_picorv32.picorv32_core.cpuregs\[7\]\[24\],27.655µm
u_picorv32.picorv32_core.cpuregs\[8\]\[5\],27.645µm
u_picorv32.picorv32_core.cpuregs\[17\]\[1\],27.625µm
u_picorv32.picorv32_core.count_instr\[59\],27.62µm
_02985_,27.61µm
u_picorv32.picorv32_core.cpuregs\[29\]\[19\],27.61µm
_02528_,27.6µm
_04043_,27.6µm
u_picorv32.picorv32_core.cpuregs\[20\]\[7\],27.6µm
u_picorv32.picorv32_core.cpuregs\[14\]\[1\],27.595µm
_01968_,27.565µm
_03194_,27.55µm
u_picorv32.picorv32_core.cpuregs\[26\]\[3\],27.55µm
_02333_,27.54µm
_05264_,27.54µm
u_picorv32.picorv32_core.cpuregs\[29\]\[18\],27.505µm
u_picorv32.picorv32_core.cpuregs\[3\]\[20\],27.505µm
u_picorv32.picorv32_core.count_instr\[42\],27.5µm
u_picorv32.picorv32_core.cpuregs\[26\]\[2\],27.5µm
u_picorv32.picorv32_core.cpuregs\[5\]\[17\],27.5µm
u_picorv32.picorv32_core.cpuregs\[23\]\[16\],27.48µm
u_picorv32.picorv32_core.cpuregs\[18\]\[29\],27.445µm
u_picorv32.picorv32_core.cpuregs\[6\]\[10\],27.445µm
u_picorv32.picorv32_core.cpuregs\[10\]\[20\],27.44µm
u_picorv32.picorv32_core.cpuregs\[31\]\[15\],27.43µm
_02604_,27.42µm
_05142_,27.42µm
u_picorv32.picorv32_core.cpuregs\[3\]\[15\],27.42µm
_05462_,27.41µm
u_picorv32.picorv32_core.cpuregs\[27\]\[3\],27.395µm
u_picorv32.picorv32_core.cpuregs\[13\]\[17\],27.39µm
u_picorv32.picorv32_core.cpuregs\[25\]\[5\],27.39µm
u_picorv32.picorv32_core.cpuregs\[29\]\[29\],27.39µm
u_picorv32.picorv32_core.cpuregs\[14\]\[28\],27.385µm
u_picorv32.picorv32_core.cpuregs\[16\]\[9\],27.38µm
_05068_,27.37µm
u_picorv32.picorv32_core.cpuregs\[23\]\[15\],27.37µm
net1074,27.37µm
u_picorv32.picorv32_core.cpuregs\[17\]\[26\],27.36µm
_04331_,27.31µm
u_picorv32.picorv32_core.cpuregs\[0\]\[20\],27.31µm
u_picorv32.picorv32_core.cpuregs\[9\]\[12\],27.31µm
_03159_,27.3µm
net507,27.295µm
u_picorv32.picorv32_core.cpuregs\[3\]\[8\],27.27µm
u_picorv32.picorv32_core.mem_rdata_q\[3\],27.26µm
_04114_,27.25µm
u_picorv32.picorv32_core.cpuregs\[13\]\[29\],27.23µm
_03309_,27.21µm
u_picorv32.picorv32_core.cpuregs\[29\]\[1\],27.2µm
u_picorv32.picorv32_core.cpuregs\[25\]\[12\],27.19µm
u_picorv32.picorv32_core.cpuregs\[30\]\[1\],27.19µm
u_picorv32.picorv32_core.cpuregs\[17\]\[28\],27.175µm
u_picorv32.picorv32_core.cpuregs\[1\]\[28\],27.13µm
u_picorv32.picorv32_core.cpuregs\[30\]\[27\],27.125µm
_05303_,27.12µm
u_picorv32.picorv32_core.decoded_imm_j\[4\],27.115µm
u_picorv32.picorv32_core.cpuregs\[24\]\[12\],27.085µm
u_picorv32.picorv32_core.cpuregs\[30\]\[15\],27.085µm
_05044_,27.08µm
u_picorv32.picorv32_core.cpuregs\[23\]\[2\],27.07µm
u_picorv32.picorv32_core.cpuregs\[9\]\[16\],27.07µm
_03210_,27.06µm
_02056_,27.04µm
u_picorv32.picorv32_core.cpuregs\[3\]\[18\],27.03µm
u_picorv32.picorv32_core.cpuregs\[6\]\[21\],27.02µm
u_picorv32.picorv32_core.cpuregs\[6\]\[26\],27.02µm
_02021_,27.01µm
u_picorv32.picorv32_core.cpuregs\[11\]\[11\],27.01µm
u_picorv32.picorv32_core.cpuregs\[11\]\[6\],27.01µm
u_picorv32.picorv32_core.cpuregs\[12\]\[24\],27.01µm
u_picorv32.picorv32_core.cpuregs\[25\]\[28\],27.01µm
u_picorv32.picorv32_core.cpuregs\[9\]\[4\],26.97µm
u_picorv32.picorv32_core.cpuregs\[5\]\[20\],26.96µm
u_picorv32.picorv32_core.cpuregs\[11\]\[1\],26.945µm
_04181_,26.94µm
u_picorv32.picorv32_core.mem_rdata_q\[10\],26.935µm
u_picorv32.picorv32_core.cpuregs\[31\]\[10\],26.91µm
u_picorv32.picorv32_core.cpuregs\[2\]\[29\],26.905µm
u_picorv32.picorv32_core.cpuregs\[11\]\[5\],26.9µm
_01543_,26.89µm
_05089_,26.89µm
_05024_,26.88µm
u_picorv32.picorv32_core.cpuregs\[4\]\[0\],26.83µm
_05591_,26.82µm
_01797_,26.79µm
u_picorv32.picorv32_core.cpuregs\[16\]\[19\],26.79µm
_01764_,26.78µm
_04729_,26.77µm
u_picorv32.picorv32_core.cpuregs\[22\]\[2\],26.75µm
u_picorv32.picorv32_core.cpuregs\[21\]\[23\],26.72µm
_01810_,26.71µm
u_picorv32.picorv32_core.cpuregs\[10\]\[3\],26.71µm
u_picorv32.picorv32_core.cpuregs\[20\]\[13\],26.71µm
u_picorv32.picorv32_core.cpuregs\[27\]\[30\],26.71µm
_03646_,26.7µm
u_picorv32.picorv32_core.cpuregs\[15\]\[1\],26.695µm
u_picorv32.picorv32_core.cpuregs\[22\]\[16\],26.695µm
_03586_,26.69µm
u_picorv32.picorv32_core.cpuregs\[29\]\[26\],26.685µm
_05711_,26.65µm
u_picorv32.picorv32_core.cpuregs\[25\]\[15\],26.65µm
u_picorv32.picorv32_core.cpuregs\[31\]\[25\],26.65µm
u_picorv32.picorv32_core.cpuregs\[9\]\[7\],26.645µm
_04714_,26.64µm
_05927_,26.64µm
u_picorv32.picorv32_core.cpuregs\[29\]\[24\],26.635µm
u_picorv32.picorv32_core.cpuregs\[4\]\[6\],26.6µm
u_picorv32.picorv32_core.cpuregs\[0\]\[6\],26.59µm
u_picorv32.picorv32_core.cpuregs\[16\]\[23\],26.59µm
_02228_,26.58µm
u_picorv32.picorv32_core.cpuregs\[8\]\[2\],26.58µm
u_picorv32.picorv32_core.cpuregs\[22\]\[21\],26.575µm
u_picorv32.picorv32_core.instr_lhu,26.565µm
u_picorv32.picorv32_core.cpuregs\[29\]\[12\],26.545µm
_02816_,26.54µm
u_picorv32.picorv32_core.cpuregs\[15\]\[31\],26.54µm
u_picorv32.picorv32_core.cpuregs\[18\]\[4\],26.54µm
u_picorv32.picorv32_core.cpuregs\[5\]\[0\],26.54µm
_05133_,26.53µm
u_picorv32.picorv32_core.cpuregs\[27\]\[8\],26.53µm
_03591_,26.52µm
u_picorv32.picorv32_core.cpuregs\[7\]\[23\],26.52µm
u_picorv32.picorv32_core.cpuregs\[19\]\[23\],26.515µm
u_picorv32.picorv32_core.cpuregs\[5\]\[24\],26.515µm
_04098_,26.505µm
u_picorv32.picorv32_core.cpuregs\[20\]\[1\],26.495µm
u_picorv32.picorv32_core.cpuregs\[20\]\[22\],26.495µm
u_picorv32.picorv32_core.cpuregs\[10\]\[13\],26.485µm
u_picorv32.picorv32_core.cpuregs\[23\]\[30\],26.485µm
u_picorv32.picorv32_core.cpuregs\[26\]\[9\],26.48µm
_01787_,26.475µm
_05276_,26.46µm
u_picorv32.picorv32_core.cpuregs\[16\]\[10\],26.46µm
u_picorv32.picorv32_core.cpuregs\[1\]\[2\],26.455µm
_02033_,26.445µm
u_picorv32.picorv32_core.cpuregs\[10\]\[26\],26.435µm
_05406_,26.43µm
u_picorv32.picorv32_core.cpuregs\[26\]\[13\],26.425µm
u_picorv32.picorv32_core.cpuregs\[11\]\[4\],26.42µm
u_picorv32.picorv32_core.cpuregs\[4\]\[14\],26.42µm
_03360_,26.4µm
_05705_,26.4µm
_05717_,26.37µm
u_picorv32.picorv32_core.cpuregs\[13\]\[7\],26.36µm
u_picorv32.picorv32_core.cpuregs\[8\]\[1\],26.36µm
u_picorv32.picorv32_core.cpuregs\[12\]\[31\],26.35µm
u_picorv32.picorv32_core.cpuregs\[16\]\[7\],26.35µm
u_picorv32.picorv32_core.cpuregs\[1\]\[7\],26.325µm
u_picorv32.picorv32_core.cpuregs\[0\]\[17\],26.3µm
u_picorv32.picorv32_core.cpuregs\[21\]\[18\],26.3µm
u_picorv32.picorv32_core.cpuregs\[24\]\[6\],26.3µm
u_picorv32.picorv32_core.cpuregs\[19\]\[26\],26.29µm
u_picorv32.picorv32_core.cpuregs\[7\]\[31\],26.275µm
_04248_,26.25µm
u_picorv32.picorv32_core.cpuregs\[18\]\[14\],26.245µm
_04283_,26.24µm
u_picorv32.picorv32_core.cpuregs\[14\]\[12\],26.24µm
u_picorv32.picorv32_core.cpuregs\[7\]\[4\],26.23µm
u_picorv32.picorv32_core.reg_pc\[28\],26.23µm
_02603_,26.22µm
_03537_,26.205µm
u_picorv32.picorv32_core.cpuregs\[3\]\[16\],26.205µm
_05407_,26.185µm
u_picorv32.picorv32_core.cpuregs\[30\]\[29\],26.185µm
u_picorv32.picorv32_core.cpuregs\[30\]\[4\],26.18µm
u_picorv32.picorv32_core.cpuregs\[6\]\[25\],26.18µm
_01994_,26.175µm
_02724_,26.17µm
u_picorv32.picorv32_core.cpuregs\[15\]\[28\],26.17µm
u_picorv32.picorv32_core.cpuregs\[19\]\[21\],26.17µm
u_picorv32.picorv32_core.cpuregs\[27\]\[14\],26.17µm
u_picorv32.picorv32_core.cpuregs\[7\]\[1\],26.165µm
_02298_,26.16µm
_04500_,26.16µm
_04875_,26.16µm
_04987_,26.16µm
u_picorv32.picorv32_core.cpuregs\[30\]\[20\],26.135µm
_01862_,26.13µm
u_picorv32.picorv32_core.cpuregs\[26\]\[8\],26.125µm
u_picorv32.picorv32_core.cpuregs\[27\]\[16\],26.125µm
u_picorv32.picorv32_core.cpuregs\[1\]\[19\],26.12µm
u_picorv32.picorv32_core.cpuregs\[26\]\[22\],26.12µm
u_picorv32.picorv32_core.cpuregs\[27\]\[20\],26.12µm
_03761_,26.11µm
u_picorv32.picorv32_core.cpuregs\[16\]\[24\],26.11µm
_01709_,26.1µm
_02179_,26.09µm
u_picorv32.picorv32_core.cpuregs\[5\]\[22\],26.065µm
_03341_,26.05µm
_03682_,26.05µm
u_picorv32.picorv32_core.cpuregs\[13\]\[1\],26.05µm
u_picorv32.picorv32_core.cpuregs\[17\]\[9\],26.05µm
u_picorv32.picorv32_core.cpuregs\[3\]\[17\],26.05µm
u_picorv32.picorv32_core.cpuregs\[4\]\[5\],26.05µm
u_picorv32.picorv32_core.cpuregs\[18\]\[1\],26.045µm
u_picorv32.picorv32_core.cpuregs\[16\]\[5\],26.04µm
u_picorv32.picorv32_core.cpuregs\[9\]\[25\],26.04µm
u_picorv32.picorv32_core.cpuregs\[7\]\[27\],26.03µm
u_picorv32.picorv32_core.cpuregs\[2\]\[30\],26.02µm
_01814_,26.01µm
u_picorv32.picorv32_core.cpuregs\[24\]\[26\],26.005µm
u_picorv32.picorv32_core.cpuregs\[4\]\[21\],26.005µm
u_picorv32.picorv32_core.cpuregs\[7\]\[22\],26.005µm
u_picorv32.picorv32_core.cpuregs\[12\]\[19\],26µm
_05108_,25.98µm
_03079_,25.96µm
u_picorv32.picorv32_core.cpuregs\[10\]\[12\],25.955µm
u_picorv32.picorv32_core.cpuregs\[3\]\[9\],25.95µm
u_picorv32.picorv32_core.cpuregs\[26\]\[4\],25.945µm
u_picorv32.picorv32_core.cpuregs\[3\]\[26\],25.945µm
_03789_,25.93µm
_06005_,25.89µm
u_picorv32.picorv32_core.cpuregs\[10\]\[7\],25.88µm
_02460_,25.87µm
_03286_,25.87µm
u_picorv32.picorv32_core.cpuregs\[12\]\[2\],25.865µm
_01713_,25.855µm
_01906_,25.84µm
u_picorv32.picorv32_core.cpuregs\[11\]\[15\],25.83µm
u_picorv32.picorv32_core.cpuregs\[28\]\[15\],25.825µm
u_picorv32.picorv32_core.cpuregs\[31\]\[13\],25.825µm
_03007_,25.82µm
u_picorv32.picorv32_core.cpuregs\[20\]\[21\],25.82µm
_04744_,25.815µm
_04255_,25.81µm
_02175_,25.805µm
_04257_,25.8µm
_05714_,25.795µm
u_picorv32.picorv32_core.cpuregs\[26\]\[20\],25.795µm
u_picorv32.picorv32_core.cpuregs\[8\]\[25\],25.78µm
u_picorv32.picorv32_core.cpuregs\[2\]\[16\],25.77µm
u_picorv32.picorv32_core.cpuregs\[13\]\[25\],25.765µm
_01604_,25.76µm
u_picorv32.picorv32_core.cpuregs\[11\]\[8\],25.75µm
_03636_,25.74µm
u_picorv32.picorv32_core.cpuregs\[26\]\[26\],25.74µm
u_picorv32.picorv32_core.cpuregs\[5\]\[29\],25.735µm
_03329_,25.71µm
u_picorv32.picorv32_core.cpuregs\[11\]\[13\],25.705µm
_04922_,25.7µm
_02709_,25.69µm
u_picorv32.picorv32_core.cpuregs\[15\]\[3\],25.69µm
u_picorv32.picorv32_core.cpuregs\[9\]\[30\],25.69µm
_05160_,25.68µm
_05646_,25.675µm
u_picorv32.picorv32_core.cpuregs\[4\]\[27\],25.65µm
u_picorv32.picorv32_core.cpuregs\[19\]\[17\],25.645µm
u_picorv32.picorv32_core.cpuregs\[22\]\[11\],25.64µm
net112,25.63µm
u_picorv32.picorv32_core.cpuregs\[14\]\[4\],25.63µm
u_picorv32.picorv32_core.cpuregs\[19\]\[7\],25.63µm
_01960_,25.615µm
_02964_,25.585µm
u_picorv32.picorv32_core.cpuregs\[15\]\[25\],25.585µm
u_picorv32.picorv32_core.cpuregs\[20\]\[17\],25.585µm
u_picorv32.picorv32_core.cpuregs\[4\]\[30\],25.58µm
u_picorv32.picorv32_core.cpuregs\[28\]\[7\],25.57µm
_04605_,25.565µm
u_picorv32.picorv32_core.cpuregs\[19\]\[2\],25.565µm
_04789_,25.56µm
u_picorv32.picorv32_core.cpuregs\[29\]\[2\],25.56µm
u_picorv32.picorv32_core.cpuregs\[31\]\[3\],25.56µm
_02076_,25.545µm
u_picorv32.picorv32_core.cpuregs\[25\]\[17\],25.53µm
_05511_,25.5µm
u_picorv32.picorv32_core.cpuregs\[7\]\[11\],25.495µm
_01756_,25.49µm
u_picorv32.picorv32_core.cpuregs\[10\]\[9\],25.475µm
u_picorv32.picorv32_core.cpuregs\[17\]\[17\],25.46µm
u_picorv32.picorv32_core.cpuregs\[3\]\[24\],25.46µm
u_picorv32.picorv32_core.cpuregs\[12\]\[5\],25.435µm
u_picorv32.picorv32_core.cpuregs\[23\]\[12\],25.435µm
_04570_,25.425µm
u_picorv32.picorv32_core.cpuregs\[19\]\[11\],25.41µm
_03748_,25.395µm
_05066_,25.39µm
_05196_,25.39µm
u_picorv32.picorv32_core.cpuregs\[16\]\[27\],25.39µm
u_picorv32.picorv32_core.cpuregs\[0\]\[13\],25.38µm
u_picorv32.picorv32_core.cpuregs\[12\]\[26\],25.375µm
u_picorv32.picorv32_core.cpuregs\[23\]\[8\],25.35µm
u_picorv32.picorv32_core.cpuregs\[29\]\[31\],25.35µm
_05549_,25.34µm
_05336_,25.32µm
_02801_,25.315µm
u_picorv32.picorv32_core.cpuregs\[12\]\[6\],25.305µm
_02386_,25.295µm
net118,25.285µm
u_picorv32.picorv32_core.cpuregs\[19\]\[16\],25.285µm
u_picorv32.picorv32_core.cpuregs\[23\]\[20\],25.285µm
_05288_,25.28µm
u_picorv32.picorv32_core.cpuregs\[16\]\[28\],25.28µm
u_picorv32.picorv32_core.cpuregs\[1\]\[11\],25.28µm
u_picorv32.picorv32_core.cpuregs\[1\]\[29\],25.28µm
u_picorv32.picorv32_core.cpuregs\[29\]\[9\],25.28µm
u_picorv32.picorv32_core.cpuregs\[6\]\[17\],25.28µm
_04802_,25.26µm
u_picorv32.picorv32_core.cpuregs\[5\]\[10\],25.26µm
_04507_,25.255µm
u_picorv32.picorv32_core.reg_next_pc\[23\],25.25µm
u_picorv32.picorv32_core.cpuregs\[19\]\[14\],25.225µm
u_picorv32.picorv32_core.cpuregs\[10\]\[25\],25.22µm
u_picorv32.picorv32_core.cpuregs\[13\]\[16\],25.22µm
u_picorv32.picorv32_core.cpuregs\[25\]\[31\],25.22µm
_03736_,25.21µm
_05052_,25.21µm
u_picorv32.picorv32_core.cpuregs\[5\]\[23\],25.205µm
_02439_,25.2µm
u_picorv32.picorv32_core.cpuregs\[30\]\[24\],25.2µm
u_picorv32.picorv32_core.cpuregs\[27\]\[17\],25.195µm
_03768_,25.19µm
u_picorv32.picorv32_core.cpuregs\[14\]\[21\],25.19µm
_02721_,25.185µm
u_picorv32.picorv32_core.cpuregs\[19\]\[27\],25.165µm
_05700_,25.16µm
_04000_,25.155µm
u_picorv32.picorv32_core.cpuregs\[19\]\[0\],25.15µm
u_picorv32.picorv32_core.cpuregs\[1\]\[30\],25.15µm
u_picorv32.picorv32_core.cpuregs\[4\]\[31\],25.15µm
u_picorv32.picorv32_core.cpuregs\[9\]\[17\],25.14µm
u_picorv32.picorv32_core.cpuregs\[4\]\[11\],25.12µm
_02137_,25.105µm
u_picorv32.picorv32_core.cpuregs\[18\]\[0\],25.105µm
_05253_,25.09µm
_04429_,25.055µm
_02802_,25.05µm
u_picorv32.picorv32_core.cpuregs\[21\]\[10\],25.05µm
_01785_,25.045µm
u_picorv32.picorv32_core.reg_next_pc\[24\],25.045µm
_03274_,25.04µm
net119,25.04µm
u_picorv32.picorv32_core.cpuregs\[2\]\[6\],25.04µm
u_picorv32.picorv32_core.cpuregs\[25\]\[24\],25.035µm
u_picorv32.picorv32_core.mem_rdata_q\[15\],25.035µm
_05325_,25.02µm
u_picorv32.picorv32_core.cpuregs\[8\]\[4\],25.02µm
_01953_,25µm
_03624_,24.995µm
u_picorv32.picorv32_core.cpuregs\[13\]\[10\],24.985µm
u_picorv32.picorv32_core.cpuregs\[18\]\[10\],24.985µm
u_picorv32.picorv32_core.cpuregs\[25\]\[10\],24.985µm
u_picorv32.picorv32_core.cpuregs\[5\]\[5\],24.985µm
_05612_,24.98µm
u_picorv32.picorv32_core.cpuregs\[15\]\[26\],24.98µm
u_picorv32.picorv32_core.cpuregs\[2\]\[13\],24.98µm
u_picorv32.picorv32_core.cpuregs\[7\]\[0\],24.98µm
u_picorv32.picorv32_core.decoded_rd\[4\],24.98µm
_05487_,24.975µm
_05063_,24.97µm
u_picorv32.picorv32_core.cpuregs\[25\]\[20\],24.97µm
u_picorv32.picorv32_core.cpuregs\[30\]\[26\],24.97µm
u_picorv32.picorv32_core.cpuregs\[30\]\[2\],24.965µm
u_picorv32.picorv32_core.count_cycle\[20\],24.96µm
u_picorv32.picorv32_core.cpuregs\[21\]\[9\],24.96µm
u_picorv32.picorv32_core.cpuregs\[2\]\[4\],24.94µm
u_picorv32.picorv32_core.cpuregs\[18\]\[22\],24.935µm
u_picorv32.picorv32_core.cpuregs\[11\]\[14\],24.925µm
_05026_,24.91µm
u_picorv32.picorv32_core.cpuregs\[10\]\[21\],24.9µm
u_picorv32.picorv32_core.cpuregs\[16\]\[4\],24.89µm
u_picorv32.picorv32_core.cpuregs\[17\]\[29\],24.86µm
u_picorv32.picorv32_core.cpuregs\[23\]\[28\],24.86µm
u_picorv32.picorv32_core.cpuregs\[18\]\[15\],24.855µm
u_picorv32.picorv32_core.cpuregs\[18\]\[16\],24.85µm
u_picorv32.picorv32_core.cpuregs\[2\]\[10\],24.85µm
u_picorv32.picorv32_core.reg_next_pc\[8\],24.85µm
_05174_,24.84µm
u_picorv32.picorv32_core.cpuregs\[24\]\[30\],24.835µm
u_picorv32.picorv32_core.reg_pc\[18\],24.835µm
u_picorv32.picorv32_core.reg_next_pc\[20\],24.825µm
u_picorv32.picorv32_core.cpuregs\[7\]\[2\],24.805µm
u_picorv32.picorv32_core.cpuregs\[5\]\[30\],24.8µm
_04078_,24.795µm
u_picorv32.picorv32_core.cpuregs\[30\]\[12\],24.79µm
u_picorv32.picorv32_core.cpuregs\[23\]\[0\],24.775µm
_05182_,24.765µm
u_picorv32.picorv32_core.cpuregs\[21\]\[0\],24.765µm
u_picorv32.picorv32_core.cpuregs\[29\]\[27\],24.75µm
u_picorv32.picorv32_core.is_compare,24.75µm
u_picorv32.picorv32_core.cpuregs\[20\]\[31\],24.745µm
u_picorv32.picorv32_core.cpuregs\[7\]\[29\],24.745µm
_05077_,24.73µm
u_picorv32.picorv32_core.cpuregs\[31\]\[19\],24.73µm
_03666_,24.72µm
_04195_,24.72µm
u_picorv32.picorv32_core.cpuregs\[0\]\[8\],24.695µm
_01828_,24.69µm
u_picorv32.picorv32_core.cpuregs\[1\]\[23\],24.685µm
u_picorv32.picorv32_core.cpuregs\[4\]\[24\],24.685µm
u_picorv32.picorv32_core.cpuregs\[8\]\[29\],24.685µm
u_picorv32.picorv32_core.cpuregs\[14\]\[13\],24.68µm
_02241_,24.67µm
_03795_,24.67µm
_05316_,24.67µm
u_picorv32.picorv32_core.cpuregs\[22\]\[0\],24.67µm
u_picorv32.picorv32_core.cpuregs\[2\]\[28\],24.67µm
u_picorv32.picorv32_core.cpuregs\[11\]\[19\],24.64µm
_01898_,24.62µm
_02482_,24.62µm
u_picorv32.picorv32_core.cpuregs\[10\]\[1\],24.62µm
u_picorv32.picorv32_core.cpuregs\[2\]\[2\],24.62µm
u_picorv32.picorv32_core.cpuregs\[1\]\[22\],24.61µm
u_picorv32.picorv32_core.cpuregs\[2\]\[31\],24.6µm
_01981_,24.585µm
_02787_,24.57µm
u_picorv32.picorv32_core.cpuregs\[17\]\[13\],24.57µm
u_picorv32.picorv32_core.cpuregs\[8\]\[18\],24.565µm
u_picorv32.picorv32_core.cpuregs\[1\]\[20\],24.56µm
_05128_,24.54µm
u_picorv32.picorv32_core.cpuregs\[26\]\[0\],24.535µm
u_picorv32.picorv32_core.cpuregs\[4\]\[3\],24.515µm
_03045_,24.49µm
_05313_,24.49µm
u_picorv32.picorv32_core.cpuregs\[3\]\[11\],24.485µm
u_picorv32.picorv32_core.cpuregs\[31\]\[26\],24.465µm
u_picorv32.picorv32_core.cpuregs\[9\]\[0\],24.465µm
u_picorv32.picorv32_core.cpuregs\[20\]\[18\],24.455µm
_01716_,24.45µm
_01752_,24.45µm
u_picorv32.picorv32_core.cpuregs\[12\]\[15\],24.44µm
u_picorv32.picorv32_core.cpuregs\[1\]\[15\],24.44µm
_05676_,24.435µm
_05516_,24.43µm
u_picorv32.picorv32_core.cpuregs\[19\]\[6\],24.43µm
_04855_,24.405µm
u_picorv32.picorv32_core.cpuregs\[16\]\[15\],24.39µm
_03440_,24.385µm
u_picorv32.picorv32_core.reg_next_pc\[30\],24.355µm
_04720_,24.31µm
u_picorv32.picorv32_core.cpuregs\[20\]\[4\],24.305µm
_01861_,24.3µm
_04663_,24.3µm
u_picorv32.picorv32_core.cpuregs\[24\]\[14\],24.3µm
net133,24.29µm
u_picorv32.picorv32_core.cpuregs\[13\]\[24\],24.27µm
_04543_,24.25µm
u_picorv32.picorv32_core.cpuregs\[24\]\[19\],24.25µm
_03530_,24.245µm
u_picorv32.picorv32_core.cpuregs\[18\]\[30\],24.245µm
_04808_,24.24µm
u_picorv32.picorv32_core.cpuregs\[3\]\[21\],24.235µm
u_picorv32.picorv32_core.cpuregs\[3\]\[10\],24.225µm
_02407_,24.21µm
u_picorv32.picorv32_core.cpuregs\[25\]\[6\],24.205µm
u_picorv32.picorv32_core.cpuregs\[15\]\[11\],24.2µm
_04285_,24.19µm
_05323_,24.19µm
u_picorv32.picorv32_core.cpuregs\[11\]\[12\],24.19µm
_03322_,24.17µm
u_picorv32.picorv32_core.cpuregs\[29\]\[21\],24.155µm
u_picorv32.picorv32_core.cpuregs\[10\]\[2\],24.145µm
u_picorv32.picorv32_core.cpuregs\[6\]\[12\],24.145µm
_02970_,24.14µm
_03315_,24.14µm
u_picorv32.picorv32_core.cpuregs\[16\]\[26\],24.14µm
u_picorv32.picorv32_core.cpuregs\[3\]\[3\],24.14µm
_02003_,24.135µm
u_picorv32.picorv32_core.cpuregs\[19\]\[1\],24.13µm
_01737_,24.125µm
_03062_,24.12µm
u_picorv32.picorv32_core.cpuregs\[19\]\[30\],24.11µm
u_picorv32.picorv32_core.cpuregs\[25\]\[8\],24.095µm
u_picorv32.picorv32_core.cpuregs\[19\]\[9\],24.09µm
u_picorv32.picorv32_core.cpuregs\[10\]\[18\],24.07µm
u_picorv32.picorv32_core.cpuregs\[15\]\[0\],24.07µm
u_picorv32.picorv32_core.cpuregs\[6\]\[20\],24.07µm
u_picorv32.picorv32_core.cpuregs\[11\]\[7\],24.065µm
u_picorv32.pcpi_rs1\[1\],24.035µm
_01678_,24.03µm
u_picorv32.picorv32_core.cpuregs\[0\]\[26\],24.03µm
u_picorv32.picorv32_core.cpuregs\[23\]\[13\],24.03µm
u_picorv32.picorv32_core.cpuregs\[12\]\[7\],24.025µm
u_picorv32.picorv32_core.cpuregs\[16\]\[3\],24.02µm
_05802_,24µm
mem_axi_wdata[15],23.975µm
mem_axi_wdata[20],23.975µm
u_picorv32.picorv32_core.cpuregs\[26\]\[27\],23.955µm
u_picorv32.picorv32_core.cpuregs\[5\]\[9\],23.95µm
u_picorv32.picorv32_core.cpuregs\[10\]\[0\],23.925µm
_05488_,23.91µm
u_picorv32.picorv32_core.cpuregs\[14\]\[30\],23.91µm
u_picorv32.picorv32_core.cpuregs\[27\]\[1\],23.905µm
u_picorv32.picorv32_core.cpuregs\[17\]\[18\],23.9µm
_01629_,23.88µm
_05422_,23.87µm
u_picorv32.picorv32_core.cpuregs\[18\]\[27\],23.87µm
u_picorv32.picorv32_core.cpuregs\[30\]\[9\],23.865µm
u_picorv32.picorv32_core.cpuregs\[0\]\[29\],23.85µm
_03259_,23.83µm
u_picorv32.picorv32_core.cpuregs\[4\]\[2\],23.83µm
u_picorv32.picorv32_core.cpuregs\[26\]\[12\],23.82µm
_04095_,23.815µm
u_picorv32.picorv32_core.cpuregs\[24\]\[0\],23.79µm
u_picorv32.picorv32_core.cpuregs\[4\]\[23\],23.785µm
_02165_,23.78µm
u_picorv32.picorv32_core.cpuregs\[20\]\[10\],23.78µm
_05027_,23.77µm
u_picorv32.picorv32_core.cpuregs\[10\]\[17\],23.77µm
_03354_,23.76µm
u_picorv32.picorv32_core.alu_out_q\[9\],23.76µm
_01541_,23.755µm
_02248_,23.755µm
u_picorv32.picorv32_core.cpuregs\[16\]\[1\],23.75µm
_03946_,23.745µm
u_picorv32.picorv32_core.cpuregs\[16\]\[31\],23.745µm
u_picorv32.picorv32_core.cpuregs\[26\]\[5\],23.735µm
u_picorv32.picorv32_core.cpuregs\[8\]\[16\],23.73µm
u_picorv32.picorv32_core.cpuregs\[13\]\[23\],23.725µm
u_picorv32.picorv32_core.cpuregs\[22\]\[12\],23.725µm
_05134_,23.71µm
u_picorv32.picorv32_core.cpuregs\[8\]\[20\],23.71µm
net116,23.7µm
u_picorv32.picorv32_core.cpuregs\[15\]\[29\],23.695µm
u_picorv32.picorv32_core.cpuregs\[27\]\[4\],23.66µm
u_picorv32.picorv32_core.cpuregs\[29\]\[30\],23.66µm
u_picorv32.picorv32_core.cpuregs\[11\]\[3\],23.65µm
u_picorv32.picorv32_core.cpuregs\[28\]\[30\],23.65µm
u_picorv32.picorv32_core.cpuregs\[31\]\[22\],23.65µm
u_picorv32.picorv32_core.cpuregs\[3\]\[6\],23.65µm
u_picorv32.picorv32_core.cpuregs\[7\]\[9\],23.635µm
u_picorv32.picorv32_core.cpuregs\[1\]\[26\],23.615µm
u_picorv32.picorv32_core.cpuregs\[25\]\[3\],23.615µm
u_picorv32.picorv32_core.cpuregs\[19\]\[10\],23.6µm
u_picorv32.picorv32_core.cpuregs\[18\]\[28\],23.59µm
u_picorv32.picorv32_core.cpuregs\[4\]\[22\],23.545µm
u_picorv32.picorv32_core.cpuregs\[23\]\[18\],23.54µm
u_picorv32.picorv32_core.cpuregs\[4\]\[12\],23.54µm
_03855_,23.53µm
_05105_,23.53µm
u_picorv32.picorv32_core.reg_out\[15\],23.52µm
_05469_,23.515µm
_02813_,23.495µm
_04516_,23.46µm
u_picorv32.picorv32_core.reg_next_pc\[22\],23.42µm
u_picorv32.picorv32_core.cpuregs\[8\]\[17\],23.415µm
_04725_,23.41µm
u_picorv32.picorv32_core.cpuregs\[18\]\[6\],23.395µm
u_picorv32.picorv32_core.cpuregs\[23\]\[25\],23.395µm
u_picorv32.picorv32_core.cpuregs\[17\]\[22\],23.375µm
u_picorv32.picorv32_core.cpuregs\[3\]\[19\],23.375µm
u_picorv32.picorv32_core.cpuregs\[17\]\[25\],23.365µm
u_picorv32.picorv32_core.cpuregs\[15\]\[27\],23.36µm
u_picorv32.picorv32_core.cpuregs\[24\]\[11\],23.35µm
_01758_,23.34µm
_01973_,23.34µm
_03126_,23.34µm
u_picorv32.picorv32_core.cpuregs\[27\]\[5\],23.335µm
_02987_,23.325µm
_05396_,23.325µm
u_picorv32.picorv32_core.cpuregs\[17\]\[0\],23.31µm
u_picorv32.picorv32_core.cpuregs\[27\]\[10\],23.3µm
_04186_,23.29µm
_05145_,23.29µm
u_picorv32.picorv32_core.cpuregs\[0\]\[23\],23.29µm
u_picorv32.picorv32_core.cpuregs\[3\]\[23\],23.275µm
u_picorv32.picorv32_core.instr_sltiu,23.275µm
u_picorv32.picorv32_core.cpuregs\[25\]\[1\],23.25µm
u_picorv32.picorv32_core.cpuregs\[16\]\[6\],23.24µm
u_picorv32.picorv32_core.cpuregs\[20\]\[20\],23.24µm
u_picorv32.picorv32_core.cpuregs\[7\]\[21\],23.24µm
_03382_,23.215µm
u_picorv32.picorv32_core.cpuregs\[19\]\[5\],23.205µm
_05688_,23.195µm
u_picorv32.picorv32_core.cpuregs\[26\]\[19\],23.19µm
u_picorv32.picorv32_core.reg_pc\[10\],23.19µm
u_picorv32.picorv32_core.count_cycle\[28\],23.18µm
u_picorv32.picorv32_core.cpuregs\[10\]\[16\],23.18µm
u_picorv32.picorv32_core.cpuregs\[27\]\[26\],23.18µm
u_picorv32.picorv32_core.cpuregs\[5\]\[26\],23.18µm
_02001_,23.175µm
_03664_,23.17µm
u_picorv32.picorv32_core.cpuregs\[12\]\[4\],23.17µm
u_picorv32.picorv32_core.cpuregs\[23\]\[22\],23.17µm
_05251_,23.16µm
u_picorv32.picorv32_core.cpuregs\[29\]\[3\],23.145µm
_02713_,23.13µm
u_picorv32.picorv32_core.cpuregs\[14\]\[26\],23.125µm
_03729_,23.12µm
u_picorv32.picorv32_core.cpuregs\[16\]\[0\],23.075µm
u_picorv32.picorv32_core.cpuregs\[3\]\[31\],23.065µm
u_picorv32.picorv32_core.reg_next_pc\[7\],23.055µm
_04118_,23.04µm
u_picorv32.picorv32_core.cpuregs\[12\]\[13\],23.035µm
u_picorv32.picorv32_core.cpuregs\[0\]\[25\],23µm
_04872_,22.99µm
_05284_,22.99µm
_05291_,22.99µm
u_picorv32.picorv32_core.cpuregs\[8\]\[7\],22.99µm
u_picorv32.picorv32_core.cpuregs\[9\]\[20\],22.99µm
_03612_,22.98µm
u_picorv32.picorv32_core.cpuregs\[23\]\[27\],22.98µm
u_picorv32.picorv32_core.cpuregs\[4\]\[29\],22.98µm
_02368_,22.975µm
u_picorv32.picorv32_core.cpuregs\[1\]\[6\],22.965µm
u_picorv32.picorv32_core.cpuregs\[16\]\[25\],22.955µm
u_picorv32.picorv32_core.cpuregs\[29\]\[7\],22.945µm
u_picorv32.picorv32_core.cpuregs\[20\]\[28\],22.94µm
_04158_,22.93µm
_05363_,22.93µm
u_picorv32.picorv32_core.count_cycle\[7\],22.93µm
u_picorv32.picorv32_core.cpuregs\[21\]\[13\],22.925µm
u_picorv32.picorv32_core.cpuregs\[18\]\[18\],22.915µm
u_picorv32.picorv32_core.cpuregs\[16\]\[21\],22.89µm
_05197_,22.87µm
_05209_,22.87µm
_05651_,22.87µm
u_picorv32.picorv32_core.cpuregs\[22\]\[15\],22.87µm
_04554_,22.86µm
_05442_,22.855µm
u_picorv32.picorv32_core.decoded_rd\[1\],22.855µm
u_picorv32.picorv32_core.reg_next_pc\[10\],22.825µm
_02975_,22.82µm
u_picorv32.picorv32_core.cpuregs\[18\]\[23\],22.82µm
u_picorv32.picorv32_core.cpuregs\[2\]\[23\],22.82µm
u_picorv32.picorv32_core.cpuregs\[31\]\[31\],22.82µm
_05289_,22.81µm
u_picorv32.picorv32_core.cpuregs\[2\]\[8\],22.81µm
u_picorv32.picorv32_core.cpuregs\[3\]\[22\],22.81µm
u_picorv32.picorv32_core.cpuregs\[3\]\[2\],22.81µm
u_picorv32.picorv32_core.cpuregs\[6\]\[4\],22.81µm
u_picorv32.picorv32_core.cpuregs\[15\]\[19\],22.8µm
u_picorv32.picorv32_core.cpuregs\[2\]\[15\],22.8µm
u_picorv32.picorv32_core.cpuregs\[7\]\[10\],22.795µm
u_picorv32.picorv32_core.cpuregs\[7\]\[20\],22.795µm
u_picorv32.axi_adapter.ack_awvalid,22.76µm
u_picorv32.picorv32_core.cpuregs\[0\]\[3\],22.76µm
u_picorv32.picorv32_core.cpuregs\[18\]\[8\],22.76µm
_04256_,22.75µm
u_picorv32.picorv32_core.cpuregs\[21\]\[29\],22.75µm
u_picorv32.picorv32_core.cpuregs\[6\]\[6\],22.75µm
_05144_,22.74µm
u_picorv32.picorv32_core.cpuregs\[6\]\[8\],22.735µm
u_picorv32.picorv32_core.cpuregs\[8\]\[8\],22.71µm
u_picorv32.picorv32_core.instr_slti,22.71µm
_02216_,22.705µm
_03687_,22.69µm
u_picorv32.picorv32_core.cpuregs\[0\]\[21\],22.69µm
u_picorv32.picorv32_core.cpuregs\[18\]\[11\],22.685µm
_05000_,22.68µm
_01724_,22.675µm
_01729_,22.67µm
u_picorv32.picorv32_core.cpuregs\[18\]\[24\],22.655µm
u_picorv32.picorv32_core.cpuregs\[8\]\[12\],22.655µm
_05551_,22.65µm
u_picorv32.picorv32_core.reg_next_pc\[13\],22.645µm
u_picorv32.picorv32_core.cpuregs\[17\]\[14\],22.64µm
_01936_,22.63µm
_01834_,22.59µm
u_picorv32.picorv32_core.cpuregs\[28\]\[3\],22.59µm
u_picorv32.picorv32_core.cpuregs\[6\]\[5\],22.585µm
_04077_,22.57µm
_04797_,22.57µm
_05236_,22.57µm
_05418_,22.57µm
_01796_,22.56µm
_05168_,22.56µm
u_picorv32.picorv32_core.cpuregs\[29\]\[22\],22.55µm
u_picorv32.picorv32_core.reg_next_pc\[21\],22.545µm
net3024,22.51µm
_02857_,22.475µm
_03012_,22.475µm
u_picorv32.picorv32_core.cpuregs\[30\]\[7\],22.47µm
_03656_,22.45µm
u_picorv32.picorv32_core.cpuregs\[23\]\[17\],22.45µm
_03297_,22.44µm
_05341_,22.435µm
u_picorv32.picorv32_core.cpuregs\[14\]\[11\],22.435µm
u_picorv32.picorv32_core.cpuregs\[18\]\[9\],22.435µm
u_picorv32.picorv32_core.cpuregs\[25\]\[26\],22.435µm
u_picorv32.picorv32_core.cpuregs\[28\]\[2\],22.435µm
u_picorv32.picorv32_core.instr_lw,22.435µm
_05449_,22.41µm
_05595_,22.41µm
u_picorv32.picorv32_core.cpuregs\[21\]\[1\],22.4µm
u_picorv32.picorv32_core.cpuregs\[25\]\[13\],22.4µm
_05723_,22.39µm
_03434_,22.38µm
_05220_,22.38µm
u_picorv32.picorv32_core.cpuregs\[30\]\[18\],22.375µm
u_picorv32.picorv32_core.cpuregs\[23\]\[21\],22.33µm
u_picorv32.picorv32_core.cpuregs\[21\]\[26\],22.325µm
_05072_,22.32µm
u_picorv32.picorv32_core.cpuregs\[0\]\[0\],22.32µm
_01794_,22.285µm
u_picorv32.picorv32_core.cpuregs\[23\]\[11\],22.28µm
_05207_,22.26µm
_05290_,22.26µm
u_picorv32.picorv32_core.cpuregs\[12\]\[8\],22.255µm
_02545_,22.2µm
_02634_,22.2µm
_03467_,22.2µm
u_picorv32.picorv32_core.cpuregs\[7\]\[12\],22.165µm
u_picorv32.picorv32_core.cpuregs\[1\]\[5\],22.15µm
u_picorv32.picorv32_core.cpuregs\[29\]\[6\],22.145µm
_02069_,22.14µm
_04963_,22.14µm
_03570_,22.135µm
u_picorv32.picorv32_core.cpuregs\[6\]\[24\],22.13µm
u_picorv32.picorv32_core.cpuregs\[10\]\[28\],22.115µm
u_picorv32.picorv32_core.cpuregs\[3\]\[12\],22.11µm
_04715_,22.09µm
u_picorv32.picorv32_core.cpuregs\[4\]\[10\],22.075µm
net1418,22.065µm
net1419,22.065µm
net1420,22.065µm
net1421,22.065µm
net1422,22.065µm
mem_axi_wdata[27],22.055µm
_05490_,22.05µm
_02948_,22.04µm
_01710_,22.035µm
u_picorv32.picorv32_core.cpuregs\[2\]\[5\],22.03µm
u_picorv32.picorv32_core.cpuregs\[8\]\[19\],22.03µm
net3058,22.03µm
_02560_,22.025µm
u_picorv32.picorv32_core.cpuregs\[18\]\[5\],22.025µm
u_picorv32.picorv32_core.cpuregs\[7\]\[25\],22.02µm
u_picorv32.picorv32_core.cpuregs\[24\]\[22\],22.015µm
u_picorv32.picorv32_core.cpuregs\[28\]\[29\],22µm
_04403_,21.98µm
u_picorv32.picorv32_core.cpuregs\[6\]\[0\],21.98µm
u_picorv32.picorv32_core.cpuregs\[11\]\[20\],21.975µm
u_picorv32.picorv32_core.cpuregs\[13\]\[14\],21.965µm
_02638_,21.96µm
_04449_,21.96µm
_04803_,21.96µm
_04658_,21.955µm
u_picorv32.picorv32_core.cpuregs\[19\]\[8\],21.955µm
u_picorv32.picorv32_core.cpuregs\[1\]\[16\],21.945µm
_01883_,21.91µm
_02336_,21.91µm
u_picorv32.picorv32_core.cpuregs\[20\]\[8\],21.91µm
u_picorv32.picorv32_core.mem_rdata_q\[0\],21.895µm
_05536_,21.88µm
_05838_,21.86µm
_02239_,21.84µm
u_picorv32.picorv32_core.cpuregs\[21\]\[25\],21.81µm
_02077_,21.805µm
u_picorv32.picorv32_core.cpuregs\[27\]\[7\],21.805µm
_02151_,21.8µm
u_picorv32.picorv32_core.cpuregs\[10\]\[4\],21.8µm
u_picorv32.picorv32_core.instr_rdinstrh,21.8µm
_05335_,21.79µm
_05411_,21.79µm
_05012_,21.78µm
_03903_,21.75µm
_01813_,21.745µm
u_picorv32.picorv32_core.cpuregs\[1\]\[17\],21.74µm
u_picorv32.picorv32_core.cpuregs\[8\]\[3\],21.74µm
_03558_,21.73µm
_04974_,21.72µm
_01747_,21.63µm
_02122_,21.63µm
u_picorv32.picorv32_core.cpuregs\[26\]\[28\],21.63µm
u_picorv32.picorv32_core.instr_beq,21.625µm
_05615_,21.61µm
_05376_,21.6µm
_05588_,21.6µm
u_picorv32.picorv32_core.cpu_state\[3\],21.6µm
u_picorv32.picorv32_core.cpuregs\[31\]\[23\],21.595µm
u_picorv32.picorv32_core.cpuregs\[6\]\[31\],21.585µm
u_picorv32.picorv32_core.cpuregs\[13\]\[15\],21.58µm
mem_axi_wdata[10],21.575µm
_02789_,21.55µm
_04371_,21.55µm
u_picorv32.picorv32_core.cpuregs\[0\]\[5\],21.54µm
net3153,21.54µm
_02800_,21.52µm
_05527_,21.51µm
_04896_,21.49µm
u_picorv32.picorv32_core.cpuregs\[12\]\[18\],21.49µm
u_picorv32.picorv32_core.cpuregs\[23\]\[7\],21.49µm
u_picorv32.picorv32_core.cpuregs\[22\]\[24\],21.485µm
_04667_,21.48µm
u_picorv32.picorv32_core.cpuregs\[3\]\[27\],21.475µm
u_picorv32.picorv32_core.cpuregs\[28\]\[25\],21.455µm
u_picorv32.picorv32_core.cpuregs\[28\]\[22\],21.435µm
_01571_,21.43µm
_04636_,21.43µm
_05380_,21.43µm
u_picorv32.pcpi_rs1\[21\],21.43µm
u_picorv32.picorv32_core.cpuregs\[12\]\[9\],21.43µm
_06010_,21.42µm
_05618_,21.41µm
net3046,21.38µm
_02546_,21.37µm
_05092_,21.37µm
u_picorv32.picorv32_core.cpuregs\[17\]\[23\],21.37µm
u_picorv32.picorv32_core.cpuregs\[21\]\[21\],21.37µm
u_picorv32.picorv32_core.cpuregs\[28\]\[18\],21.37µm
_02398_,21.36µm
_03667_,21.36µm
_05659_,21.35µm
_04882_,21.34µm
_01712_,21.325µm
u_picorv32.picorv32_core.cpuregs\[21\]\[8\],21.325µm
u_picorv32.picorv32_core.cpuregs\[26\]\[6\],21.32µm
u_picorv32.picorv32_core.cpuregs\[17\]\[8\],21.315µm
net109,21.31µm
u_picorv32.picorv32_core.cpuregs\[3\]\[29\],21.31µm
_03485_,21.3µm
_04936_,21.3µm
_05208_,21.3µm
u_picorv32.picorv32_core.mem_rdata_q\[6\],21.3µm
_04961_,21.285µm
u_picorv32.picorv32_core.cpuregs\[4\]\[9\],21.27µm
u_picorv32.picorv32_core.cpuregs\[8\]\[26\],21.26µm
u_picorv32.picorv32_core.cpuregs\[8\]\[6\],21.25µm
u_picorv32.picorv32_core.cpuregs\[17\]\[16\],21.245µm
_04726_,21.24µm
_05729_,21.215µm
u_picorv32.picorv32_core.cpuregs\[14\]\[3\],21.21µm
u_picorv32.picorv32_core.cpuregs\[13\]\[8\],21.205µm
_03513_,21.2µm
u_picorv32.picorv32_core.cpuregs\[9\]\[26\],21.19µm
_04057_,21.18µm
_01599_,21.165µm
u_picorv32.picorv32_core.cpuregs\[22\]\[4\],21.165µm
_05602_,21.155µm
u_picorv32.picorv32_core.cpuregs\[0\]\[27\],21.15µm
_04402_,21.14µm
u_picorv32.picorv32_core.cpuregs\[0\]\[9\],21.14µm
u_picorv32.picorv32_core.cpuregs\[21\]\[20\],21.14µm
_03250_,21.135µm
_03751_,21.13µm
u_picorv32.picorv32_core.cpuregs\[16\]\[8\],21.13µm
_05653_,21.12µm
_02255_,21.105µm
u_picorv32.picorv32_core.cpuregs\[12\]\[22\],21.105µm
_03523_,21.06µm
u_picorv32.picorv32_core.cpuregs\[29\]\[4\],21.06µm
u_picorv32.picorv32_core.cpuregs\[24\]\[1\],21.04µm
_02098_,21.02µm
u_picorv32.picorv32_core.cpuregs\[13\]\[21\],21.02µm
_05984_,21.01µm
net3146,21.01µm
_02554_,21µm
_04588_,21µm
_04920_,21µm
u_picorv32.picorv32_core.cpuregs\[10\]\[30\],20.96µm
u_picorv32.picorv32_core.cpuregs\[2\]\[12\],20.96µm
_02895_,20.945µm
u_picorv32.picorv32_core.cpuregs\[14\]\[10\],20.945µm
_03495_,20.94µm
mem_axi_wdata[13],20.925µm
_01473_,20.89µm
_04020_,20.89µm
_05218_,20.89µm
_05172_,20.88µm
_05440_,20.88µm
_05533_,20.855µm
u_picorv32.picorv32_core.cpuregs\[14\]\[22\],20.855µm
_03162_,20.84µm
u_picorv32.picorv32_core.cpuregs\[16\]\[30\],20.84µm
u_picorv32.picorv32_core.cpuregs\[9\]\[6\],20.83µm
_03713_,20.825µm
_04384_,20.82µm
_05899_,20.815µm
_01625_,20.805µm
_05368_,20.79µm
u_picorv32.picorv32_core.cpuregs\[12\]\[12\],20.78µm
u_picorv32.picorv32_core.cpuregs\[13\]\[6\],20.78µm
u_picorv32.picorv32_core.cpuregs\[20\]\[29\],20.78µm
u_picorv32.picorv32_core.cpuregs\[12\]\[3\],20.775µm
_02503_,20.77µm
_03475_,20.77µm
_03507_,20.77µm
_03870_,20.76µm
_04141_,20.76µm
mem_axi_awready,20.745µm
mem_axi_bvalid,20.745µm
u_picorv32.picorv32_core.cpuregs\[7\]\[26\],20.73µm
net130,20.725µm
u_picorv32.picorv32_core.cpuregs\[29\]\[25\],20.71µm
u_picorv32.picorv32_core.cpuregs\[2\]\[24\],20.685µm
mem_axi_rdata[2],20.685µm
_03534_,20.67µm
u_picorv32.picorv32_core.cpuregs\[4\]\[4\],20.67µm
u_picorv32.picorv32_core.cpuregs\[25\]\[19\],20.66µm
_04990_,20.65µm
_03211_,20.64µm
_01998_,20.615µm
_05501_,20.61µm
u_picorv32.picorv32_core.cpuregs\[6\]\[27\],20.6µm
u_picorv32.picorv32_core.reg_out\[14\],20.6µm
_03527_,20.59µm
_04916_,20.59µm
net3027,20.58µm
u_picorv32.picorv32_core.cpuregs\[10\]\[10\],20.535µm
u_picorv32.picorv32_core.cpuregs\[0\]\[11\],20.53µm
net3076,20.52µm
u_picorv32.picorv32_core.cpuregs\[9\]\[21\],20.515µm
u_picorv32.picorv32_core.cpuregs\[2\]\[9\],20.505µm
_03588_,20.5µm
u_picorv32.picorv32_core.cpuregs\[14\]\[5\],20.495µm
u_picorv32.picorv32_core.mem_rdata_q\[1\],20.48µm
_03273_,20.47µm
_04904_,20.47µm
_05037_,20.46µm
_05988_,20.46µm
mem_axi_wready,20.45µm
_04266_,20.43µm
_02587_,20.41µm
u_picorv32.picorv32_core.instr_slt,20.37µm
_05104_,20.35µm
_04265_,20.34µm
_04661_,20.34µm
u_picorv32.picorv32_core.cpuregs\[29\]\[23\],20.32µm
_04464_,20.3µm
u_picorv32.picorv32_core.cpuregs\[28\]\[27\],20.3µm
_05847_,20.29µm
u_picorv32.picorv32_core.cpuregs\[30\]\[25\],20.25µm
net129,20.245µm
_03185_,20.235µm
_04127_,20.23µm
_05471_,20.23µm
u_picorv32.picorv32_core.cpuregs\[9\]\[14\],20.23µm
_04677_,20.22µm
_05326_,20.22µm
u_picorv32.picorv32_core.cpuregs\[20\]\[30\],20.205µm
u_picorv32.picorv32_core.cpuregs\[10\]\[8\],20.18µm
net3123,20.16µm
u_picorv32.picorv32_core.cpuregs\[12\]\[16\],20.145µm
u_picorv32.picorv32_core.cpuregs\[26\]\[31\],20.14µm
_04796_,20.1µm
_03801_,20.09µm
_04443_,20.08µm
_05650_,20.05µm
_05833_,20.05µm
_05904_,20.05µm
u_picorv32.picorv32_core.cpuregs\[20\]\[9\],20.05µm
_02636_,20.04µm
_05297_,20.04µm
_04517_,20.035µm
u_picorv32.picorv32_core.cpuregs\[28\]\[16\],20.005µm
u_picorv32.picorv32_core.cpuregs\[27\]\[19\],20µm
_02112_,19.99µm
_05496_,19.99µm
u_picorv32.picorv32_core.cpuregs\[1\]\[1\],19.99µm
u_picorv32.picorv32_core.cpuregs\[6\]\[1\],19.99µm
mem_axi_awaddr[10],19.965µm
mem_axi_awaddr[11],19.965µm
mem_axi_awaddr[12],19.965µm
mem_axi_awaddr[13],19.965µm
mem_axi_awaddr[14],19.965µm
mem_axi_awaddr[15],19.965µm
mem_axi_awaddr[16],19.965µm
mem_axi_awaddr[18],19.965µm
mem_axi_awaddr[19],19.965µm
mem_axi_awaddr[20],19.965µm
mem_axi_awaddr[21],19.965µm
mem_axi_awaddr[22],19.965µm
mem_axi_awaddr[23],19.965µm
mem_axi_awaddr[24],19.965µm
mem_axi_awaddr[25],19.965µm
mem_axi_awaddr[26],19.965µm
mem_axi_awaddr[27],19.965µm
mem_axi_awaddr[28],19.965µm
mem_axi_awaddr[29],19.965µm
mem_axi_awaddr[2],19.965µm
mem_axi_awaddr[30],19.965µm
mem_axi_awaddr[31],19.965µm
mem_axi_awaddr[3],19.965µm
mem_axi_awaddr[4],19.965µm
mem_axi_awaddr[5],19.965µm
mem_axi_awaddr[6],19.965µm
mem_axi_awaddr[7],19.965µm
mem_axi_awaddr[8],19.965µm
mem_axi_awaddr[9],19.965µm
mem_axi_awvalid,19.965µm
mem_axi_bready,19.965µm
mem_axi_wdata[0],19.965µm
mem_axi_wdata[11],19.965µm
mem_axi_wdata[12],19.965µm
mem_axi_wdata[17],19.965µm
mem_axi_wdata[18],19.965µm
mem_axi_wdata[19],19.965µm
mem_axi_wdata[1],19.965µm
mem_axi_wdata[22],19.965µm
mem_axi_wdata[23],19.965µm
mem_axi_wdata[24],19.965µm
mem_axi_wdata[25],19.965µm
mem_axi_wdata[26],19.965µm
mem_axi_wdata[29],19.965µm
mem_axi_wdata[2],19.965µm
mem_axi_wdata[30],19.965µm
mem_axi_wdata[31],19.965µm
mem_axi_wdata[3],19.965µm
mem_axi_wdata[4],19.965µm
mem_axi_wdata[5],19.965µm
mem_axi_wdata[6],19.965µm
mem_axi_wdata[7],19.965µm
mem_axi_wdata[8],19.965µm
mem_axi_wdata[9],19.965µm
mem_axi_wstrb[0],19.965µm
mem_axi_wstrb[1],19.965µm
mem_axi_wstrb[2],19.965µm
mem_axi_wstrb[3],19.965µm
mem_axi_wvalid,19.965µm
u_picorv32.picorv32_core.cpuregs\[7\]\[3\],19.96µm
u_picorv32.picorv32_core.cpuregs\[28\]\[19\],19.945µm
_02454_,19.94µm
u_picorv32.picorv32_core.instr_srl,19.94µm
_04084_,19.93µm
_01723_,19.92µm
_02929_,19.92µm
u_picorv32.picorv32_core.cpuregs\[6\]\[28\],19.895µm
_03845_,19.86µm
_04999_,19.86µm
_05283_,19.86µm
u_picorv32.picorv32_core.cpuregs\[20\]\[5\],19.82µm
_05158_,19.8µm
_05195_,19.8µm
_03703_,19.79µm
_01645_,19.77µm
_02815_,19.75µm
u_picorv32.picorv32_core.cpuregs\[20\]\[11\],19.735µm
_02447_,19.73µm
_03073_,19.7µm
u_picorv32.picorv32_core.is_slli_srli_srai,19.7µm
_03272_,19.635µm
_05230_,19.63µm
_03264_,19.62µm
net3050,19.62µm
_02184_,19.57µm
_05656_,19.57µm
_03797_,19.56µm
_01776_,19.555µm
_02775_,19.545µm
_01590_,19.53µm
_03307_,19.525µm
u_picorv32.picorv32_core.cpuregs\[25\]\[16\],19.52µm
u_picorv32.picorv32_core.cpuregs\[4\]\[26\],19.52µm
net121,19.51µm
u_picorv32.picorv32_core.cpuregs\[16\]\[22\],19.51µm
u_picorv32.picorv32_core.cpuregs\[28\]\[10\],19.51µm
u_picorv32.picorv32_core.reg_next_pc\[29\],19.505µm
_05148_,19.5µm
_05194_,19.5µm
mem_axi_awaddr[17],19.485µm
mem_axi_wdata[16],19.485µm
_04521_,19.45µm
_05369_,19.45µm
u_picorv32.picorv32_core.cpuregs\[11\]\[26\],19.45µm
net997,19.45µm
_05918_,19.44µm
u_picorv32.picorv32_core.cpuregs\[17\]\[19\],19.425µm
u_picorv32.picorv32_core.cpuregs\[18\]\[19\],19.41µm
u_picorv32.picorv32_core.cpuregs\[8\]\[22\],19.41µm
_05130_,19.4µm
_04731_,19.39µm
_01857_,19.38µm
_03730_,19.375µm
net2152,19.33µm
_03312_,19.32µm
_03515_,19.32µm
u_picorv32.picorv32_core.cpuregs\[20\]\[15\],19.305µm
u_picorv32.picorv32_core.cpuregs\[28\]\[4\],19.295µm
_01563_,19.29µm
_01600_,19.27µm
_03546_,19.27µm
_04965_,19.27µm
_05143_,19.26µm
u_picorv32.picorv32_core.cpuregs\[17\]\[21\],19.21µm
_03840_,19.205µm
_02778_,19.185µm
_02963_,19.15µm
u_picorv32.picorv32_core.cpuregs\[20\]\[27\],19.15µm
_02050_,19.11µm
net996,19.11µm
u_picorv32.picorv32_core.cpuregs\[18\]\[12\],19.1µm
_02736_,19.09µm
_04081_,19.08µm
_04520_,19.08µm
_04873_,19.08µm
_03229_,19.05µm
u_picorv32.picorv32_core.cpuregs\[24\]\[27\],19.04µm
_02588_,19.03µm
_04584_,19.03µm
u_picorv32.picorv32_core.cpuregs\[31\]\[9\],19.025µm
_03679_,19.015µm
mem_axi_rdata[3],19.005µm
mem_axi_rdata[5],19.005µm
_02961_,18.97µm
_03984_,18.97µm
_04503_,18.97µm
_05041_,18.97µm
_05169_,18.97µm
u_picorv32.picorv32_core.reg_out\[27\],18.965µm
_03798_,18.96µm
net2433,18.96µm
_03349_,18.945µm
_01161_,18.92µm
u_picorv32.picorv32_core.cpuregs\[22\]\[10\],18.905µm
_01860_,18.9µm
_05791_,18.895µm
u_picorv32.picorv32_core.cpuregs\[1\]\[13\],18.875µm
u_picorv32.picorv32_core.instr_sw,18.875µm
_02572_,18.86µm
_00744_,18.85µm
_02308_,18.85µm
_03425_,18.85µm
_04632_,18.84µm
_04422_,18.825µm
u_picorv32.picorv32_core.cpuregs\[8\]\[21\],18.825µm
_02810_,18.8µm
_05452_,18.74µm
_02055_,18.73µm
u_picorv32.pcpi_rs1\[31\],18.73µm
u_picorv32.picorv32_core.cpuregs\[22\]\[8\],18.73µm
u_picorv32.picorv32_core.cpuregs\[6\]\[23\],18.73µm
_05409_,18.72µm
u_picorv32.picorv32_core.cpuregs\[2\]\[20\],18.72µm
_04562_,18.7µm
_05680_,18.67µm
net3021,18.67µm
_04016_,18.66µm
_03805_,18.63µm
_03423_,18.625µm
_04293_,18.625µm
_03611_,18.62µm
_02706_,18.61µm
net3129,18.61µm
_02548_,18.6µm
_04614_,18.6µm
_05470_,18.6µm
net2058,18.6µm
net2419,18.6µm
net140,18.6µm
_05040_,18.595µm
_05246_,18.595µm
_02119_,18.56µm
u_picorv32.picorv32_core.cpuregs\[18\]\[13\],18.56µm
_03026_,18.55µm
_04504_,18.55µm
_01725_,18.54µm
u_picorv32.picorv32_core.cpuregs\[23\]\[29\],18.525µm
mem_axi_wdata[14],18.525µm
mem_axi_wdata[21],18.525µm
mem_axi_wdata[28],18.525µm
_05141_,18.49µm
net2100,18.49µm
u_picorv32.picorv32_core.cpuregs\[28\]\[17\],18.49µm
_05626_,18.485µm
_03658_,18.48µm
_03726_,18.48µm
_05613_,18.48µm
u_picorv32.picorv32_core.cpuregs\[9\]\[13\],18.455µm
u_picorv32.picorv32_core.cpuregs\[21\]\[4\],18.45µm
_03140_,18.445µm
u_picorv32.picorv32_core.cpuregs\[25\]\[30\],18.44µm
_00465_,18.43µm
_00946_,18.43µm
_02068_,18.43µm
_05579_,18.43µm
_04665_,18.42µm
_04988_,18.42µm
u_picorv32.picorv32_core.cpuregs\[25\]\[11\],18.42µm
u_picorv32.picorv32_core.cpuregs\[1\]\[27\],18.39µm
_00398_,18.36µm
u_picorv32.axi_adapter.ack_wvalid,18.36µm
u_picorv32.picorv32_core.cpuregs\[24\]\[4\],18.355µm
_04252_,18.31µm
_05002_,18.31µm
u_picorv32.picorv32_core.cpuregs\[2\]\[22\],18.31µm
_01738_,18.24µm
_03156_,18.235µm
u_picorv32.picorv32_core.cpuregs\[0\]\[1\],18.205µm
_01951_,18.2µm
_05339_,18.19µm
net3125,18.19µm
net3167,18.19µm
mem_axi_rdata[17],18.165µm
mem_axi_rdata[1],18.165µm
mem_axi_rdata[26],18.165µm
net3104,18.13µm
_01603_,18.12µm
_03585_,18.12µm
_05120_,18.12µm
u_picorv32.picorv32_core.cpuregs\[4\]\[13\],18.1µm
_01568_,18.07µm
net104,18.07µm
net3137,18.07µm
_04576_,18.065µm
_00198_,18.06µm
_02570_,18.03µm
_02524_,18.02µm
_02563_,18.01µm
_01610_,18µm
_04649_,17.995µm
u_picorv32.picorv32_core.cpuregs\[22\]\[7\],17.96µm
u_picorv32.picorv32_core.cpuregs\[24\]\[7\],17.96µm
_04228_,17.95µm
u_picorv32.picorv32_core.count_cycle\[23\],17.95µm
u_picorv32.picorv32_core.cpuregs\[29\]\[28\],17.95µm
_05154_,17.94µm
_05287_,17.94µm
_04375_,17.91µm
net120,17.91µm
_02923_,17.9µm
_05468_,17.9µm
u_picorv32.picorv32_core.cpuregs\[21\]\[17\],17.9µm
u_picorv32.picorv32_core.cpuregs\[24\]\[17\],17.9µm
_03780_,17.89µm
_03983_,17.88µm
u_picorv32.picorv32_core.cpuregs\[28\]\[0\],17.87µm
_04134_,17.855µm
u_picorv32.picorv32_core.cpuregs\[29\]\[8\],17.85µm
_03314_,17.845µm
net656,17.845µm
_01826_,17.82µm
_02496_,17.82µm
_04068_,17.78µm
_04887_,17.77µm
_04410_,17.76µm
_04693_,17.76µm
u_picorv32.pcpi_rs1\[18\],17.76µm
_02934_,17.725µm
u_picorv32.picorv32_core.cpuregs\[25\]\[21\],17.72µm
_01612_,17.71µm
_01800_,17.71µm
_04861_,17.71µm
u_picorv32.picorv32_core.cpuregs\[5\]\[27\],17.705µm
_03640_,17.7µm
_04600_,17.7µm
_04609_,17.7µm
u_picorv32.picorv32_core.alu_out_q\[12\],17.7µm
_02093_,17.65µm
_03025_,17.65µm
u_picorv32.pcpi_rs2\[1\],17.59µm
u_picorv32.picorv32_core.cpuregs\[28\]\[26\],17.58µm
_05563_,17.575µm
_03438_,17.565µm
u_picorv32.pcpi_rs1\[30\],17.54µm
u_picorv32.picorv32_core.cpuregs\[24\]\[3\],17.54µm
_01707_,17.53µm
_02711_,17.53µm
_04338_,17.53µm
_04412_,17.52µm
u_picorv32.picorv32_core.cpuregs\[25\]\[7\],17.495µm
u_picorv32.picorv32_core.cpuregs\[12\]\[10\],17.49µm
u_picorv32.picorv32_core.cpuregs\[21\]\[31\],17.49µm
_00131_,17.47µm
_02232_,17.47µm
_04383_,17.47µm
_04754_,17.47µm
_05238_,17.47µm
_01839_,17.46µm
_04679_,17.46µm
_05103_,17.46µm
_05365_,17.46µm
mem_axi_rdata[9],17.445µm
_01760_,17.41µm
net2071,17.4µm
net2151,17.4µm
_05565_,17.385µm
_05803_,17.385µm
u_picorv32.picorv32_core.cpuregs\[5\]\[31\],17.385µm
_03031_,17.375µm
_02168_,17.365µm
_04358_,17.355µm
_01676_,17.34µm
_02839_,17.34µm
mem_axi_rdata[6],17.325µm
_00970_,17.29µm
u_picorv32.picorv32_core.cpuregs\[6\]\[2\],17.29µm
_02755_,17.28µm
_03716_,17.28µm
_02230_,17.245µm
u_picorv32.picorv32_core.alu_out_q\[8\],17.22µm
_01587_,17.215µm
_05756_,17.195µm
_04178_,17.175µm
_01253_,17.17µm
_01847_,17.17µm
_02350_,17.17µm
_02551_,17.17µm
_05270_,17.17µm
u_picorv32.picorv32_core.cpuregs\[8\]\[10\],17.17µm
u_picorv32.axi_adapter.mem_instr,17.165µm
_02485_,17.16µm
_03121_,17.16µm
_05342_,17.16µm
_05570_,17.16µm
u_picorv32.picorv32_core.cpuregs\[24\]\[15\],17.16µm
_02073_,17.155µm
_04042_,17.145µm
_03034_,17.12µm
u_picorv32.picorv32_core.cpuregs\[0\]\[22\],17.12µm
_05601_,17.115µm
_01504_,17.11µm
_05088_,17.11µm
_05701_,17.11µm
_05709_,17.11µm
_06015_,17.1µm
trap,17.1µm
_01567_,17.095µm
_01790_,17.095µm
_02602_,17.095µm
_02700_,17.075µm
_03554_,17.06µm
_04306_,17.06µm
u_picorv32.pcpi_rs1\[26\],17.06µm
_04302_,17.05µm
_04871_,17.05µm
u_picorv32.picorv32_core.instr_addi,17.05µm
_02576_,17.04µm
net1767,17.04µm
net2699,17.04µm
_03718_,17.005µm
_02185_,17µm
u_picorv32.picorv32_core.cpuregs\[16\]\[14\],17µm
_00801_,16.99µm
_01063_,16.99µm
net3155,16.99µm
_02087_,16.98µm
_03871_,16.98µm
_05055_,16.98µm
_05205_,16.98µm
_05983_,16.98µm
net131,16.98µm
_02719_,16.93µm
_05186_,16.93µm
u_picorv32.picorv32_core.reg_next_pc\[11\],16.93µm
_01980_,16.92µm
_02845_,16.92µm
_04635_,16.915µm
_03279_,16.875µm
u_picorv32.picorv32_core.cpuregs\[24\]\[18\],16.875µm
_05234_,16.87µm
_01889_,16.84µm
_04864_,16.835µm
_01866_,16.83µm
_02256_,16.825µm
_01782_,16.82µm
_02632_,16.81µm
_04325_,16.81µm
_03827_,16.8µm
_04743_,16.8µm
_05631_,16.78µm
_04075_,16.77µm
_03474_,16.765µm
_04316_,16.75µm
net3103,16.75µm
_01562_,16.74µm
_03980_,16.74µm
net110,16.74µm
_01634_,16.725µm
_05564_,16.725µm
mem_axi_araddr[24],16.725µm
_05045_,16.69µm
net1860,16.68µm
net2952,16.68µm
_03975_,16.675µm
u_picorv32.picorv32_core.cpuregs\[13\]\[26\],16.64µm
u_picorv32.picorv32_core.cpuregs\[25\]\[29\],16.625µm
_03740_,16.605µm
_01059_,16.57µm
_01932_,16.56µm
_03851_,16.56µm
_05038_,16.56µm
u_picorv32.picorv32_core.cpuregs\[10\]\[29\],16.545µm
u_picorv32.picorv32_core.cpuregs\[26\]\[25\],16.52µm
_00342_,16.51µm
_01241_,16.51µm
_00737_,16.5µm
_05050_,16.5µm
_02113_,16.48µm
u_picorv32.picorv32_core.cpuregs\[25\]\[14\],16.47µm
_03430_,16.465µm
_02130_,16.45µm
_02159_,16.45µm
_02438_,16.44µm
_04814_,16.44µm
_05909_,16.44µm
_01746_,16.4µm
_01569_,16.39µm
_03553_,16.38µm
u_picorv32.picorv32_core.cpuregs\[8\]\[23\],16.35µm
_03165_,16.34µm
_03133_,16.33µm
_04480_,16.33µm
net3115,16.32µm
u_picorv32.picorv32_core.cpuregs\[12\]\[14\],16.28µm
u_picorv32.picorv32_core.reg_next_pc\[3\],16.27µm
_00504_,16.26µm
_03084_,16.26µm
_04254_,16.26µm
_04711_,16.26µm
_05016_,16.26µm
_01320_,16.245µm
_04215_,16.21µm
_05135_,16.21µm
u_picorv32.axi_adapter.ack_arvalid,16.21µm
_02507_,16.2µm
_03779_,16.2µm
_04027_,16.2µm
_04137_,16.2µm
_05006_,16.2µm
_01611_,16.185µm
u_picorv32.picorv32_core.cpuregs\[2\]\[26\],16.16µm
u_picorv32.picorv32_core.cpuregs\[5\]\[21\],16.16µm
_04523_,16.15µm
_04938_,16.15µm
_05944_,16.15µm
_05146_,16.14µm
_03052_,16.135µm
_01895_,16.13µm
_05674_,16.115µm
_01289_,16.1µm
_02291_,16.1µm
u_picorv32.picorv32_core.cpuregs\[1\]\[3\],16.1µm
_01308_,16.09µm
_03280_,16.09µm
_04489_,16.09µm
_05600_,16.085µm
_00925_,16.08µm
_01476_,16.08µm
_05227_,16.08µm
_05638_,16.08µm
net1623,16.08µm
net1423,16.08µm
_04728_,16.04µm
_02772_,16.03µm
_04408_,16.02µm
_03616_,16.005µm
_05438_,15.99µm
_00937_,15.97µm
_02404_,15.97µm
_03040_,15.97µm
_03151_,15.97µm
_05863_,15.97µm
_03013_,15.96µm
_04586_,15.91µm
_03014_,15.9µm
_02313_,15.86µm
_02099_,15.855µm
_01503_,15.85µm
_01815_,15.85µm
_04891_,15.85µm
net3140,15.84µm
_04399_,15.815µm
_04888_,15.8µm
_00449_,15.79µm
_05666_,15.79µm
u_picorv32.picorv32_core.latched_branch,15.79µm
net3118,15.79µm
_01965_,15.78µm
_02470_,15.73µm
_03606_,15.73µm
_03828_,15.73µm
_04053_,15.73µm
_04654_,15.73µm
u_picorv32.picorv32_core.mem_rdata_q\[12\],15.73µm
net3152,15.73µm
net3169,15.73µm
_02117_,15.72µm
_04314_,15.72µm
_04978_,15.72µm
net1712,15.72µm
_03499_,15.705µm
_01560_,15.68µm
_01947_,15.68µm
_04655_,15.68µm
_04585_,15.67µm
_02692_,15.655µm
mem_axi_rdata[7],15.645µm
u_picorv32.picorv32_core.cpuregs\[24\]\[8\],15.62µm
_01887_,15.61µm
_03569_,15.61µm
_04929_,15.61µm
_05285_,15.61µm
_05892_,15.61µm
net2103,15.61µm
u_picorv32.pcpi_rs1\[13\],15.61µm
_01779_,15.6µm
net2667,15.6µm
_03366_,15.59µm
_03110_,15.57µm
_05841_,15.525µm
_02658_,15.51µm
u_picorv32.picorv32_core.cpuregs\[24\]\[10\],15.51µm
_00328_,15.49µm
_01412_,15.49µm
_04299_,15.49µm
net1488,15.48µm
net3048,15.42µm
u_picorv32.picorv32_core.cpuregs\[4\]\[19\],15.405µm
_01722_,15.39µm
_05106_,15.375µm
_03843_,15.37µm
_04291_,15.37µm
_00783_,15.36µm
u_picorv32.pcpi_rs2\[4\],15.36µm
_01837_,15.345µm
_00124_,15.31µm
_01591_,15.31µm
_03764_,15.31µm
_04706_,15.31µm
_05915_,15.31µm
net3106,15.31µm
_00479_,15.3µm
_02704_,15.3µm
_04946_,15.3µm
_03613_,15.275µm
_02236_,15.25µm
_04453_,15.25µm
net3109,15.25µm
_04067_,15.24µm
_04107_,15.24µm
net2877,15.24µm
_05015_,15.22µm
_04386_,15.2µm
_01252_,15.19µm
_02461_,15.19µm
_03561_,15.19µm
_05625_,15.19µm
u_picorv32.picorv32_core.cpuregs\[0\]\[18\],15.19µm
_00949_,15.18µm
_05548_,15.175µm
_04112_,15.17µm
_05528_,15.165µm
_02488_,15.145µm
_01291_,15.14µm
_01322_,15.14µm
_01472_,15.14µm
_02403_,15.14µm
_03179_,15.13µm
_03285_,15.125µm
_00458_,15.12µm
_02266_,15.12µm
_02925_,15.12µm
_03834_,15.12µm
_04893_,15.12µm
net1436,15.12µm
net2080,15.12µm
_01688_,15.11µm
_01667_,15.08µm
_01841_,15.08µm
_03008_,15.065µm
_01580_,15.06µm
_05740_,15.02µm
u_picorv32.picorv32_core.instr_rdcycle,15.02µm
_00350_,15.01µm
_02178_,15.01µm
net1703,15.01µm
_01822_,15µm
_03776_,15µm
_04161_,15µm
_00027_,14.985µm
net126,14.965µm
_02512_,14.96µm
_04059_,14.95µm
_01461_,14.945µm
_03722_,14.94µm
_04157_,14.94µm
_03464_,14.925µm
_03755_,14.89µm
_01999_,14.88µm
_03647_,14.88µm
_03913_,14.88µm
_01635_,14.875µm
u_picorv32.picorv32_core.reg_next_pc\[17\],14.875µm
_04243_,14.84µm
_05708_,14.835µm
_02120_,14.83µm
_04146_,14.825µm
_00447_,14.82µm
_00655_,14.82µm
_00792_,14.82µm
_00995_,14.82µm
_01012_,14.82µm
_01437_,14.82µm
_03471_,14.82µm
_04382_,14.82µm
_04921_,14.82µm
_04926_,14.82µm
net134,14.82µm
mem_axi_rdata[19],14.805µm
_04307_,14.8µm
_02597_,14.77µm
_03222_,14.77µm
_03705_,14.77µm
_05097_,14.76µm
net2966,14.76µm
_03255_,14.725µm
_05381_,14.72µm
_00441_,14.71µm
_03497_,14.71µm
_05872_,14.71µm
_04253_,14.7µm
_05311_,14.7µm
net1865,14.685µm
_04041_,14.67µm
_01414_,14.66µm
u_picorv32.pcpi_rs1\[19\],14.66µm
u_picorv32.pcpi_rs1\[22\],14.66µm
u_picorv32.picorv32_core.cpuregs\[4\]\[15\],14.66µm
_02152_,14.655µm
_01441_,14.65µm
_02085_,14.65µm
_02715_,14.65µm
net3166,14.65µm
_01021_,14.64µm
_03038_,14.64µm
_03083_,14.64µm
_03161_,14.64µm
_04079_,14.64µm
_04992_,14.64µm
_05132_,14.64µm
_05370_,14.64µm
net108,14.64µm
_00277_,14.59µm
_05301_,14.59µm
_05078_,14.58µm
_03743_,14.56µm
_04577_,14.56µm
_03629_,14.55µm
_03545_,14.545µm
_01781_,14.54µm
_02305_,14.54µm
_02410_,14.53µm
_04766_,14.53µm
net3098,14.53µm
_04494_,14.52µm
_01818_,14.48µm
_04699_,14.47µm
u_picorv32.picorv32_core.cpuregs\[10\]\[31\],14.47µm
mem_axi_rdata[4],14.455µm
_00230_,14.41µm
_01254_,14.41µm
_03628_,14.41µm
_00051_,14.4µm
_02640_,14.4µm
_04738_,14.4µm
_04968_,14.4µm
_05233_,14.4µm
_05578_,14.395µm
_05107_,14.365µm
u_picorv32.picorv32_core.reg_pc\[16\],14.36µm
_02401_,14.35µm
_02557_,14.35µm
_03239_,14.35µm
_00491_,14.34µm
_00641_,14.34µm
_01446_,14.34µm
_03302_,14.34µm
_04719_,14.34µm
_04924_,14.34µm
_05308_,14.34µm
_05568_,14.34µm
net128,14.34µm
_01877_,14.335µm
_02051_,14.32µm
_04411_,14.315µm
_04152_,14.31µm
_00052_,14.29µm
_01318_,14.29µm
_04096_,14.29µm
_04534_,14.29µm
net2795,14.29µm
net3114,14.29µm
net3117,14.29µm
_01477_,14.28µm
net1928,14.28µm
net2894,14.28µm
_03415_,14.275µm
_04487_,14.265µm
_00911_,14.23µm
_00919_,14.23µm
_01290_,14.23µm
_02693_,14.23µm
_03782_,14.23µm
_05760_,14.23µm
_00693_,14.22µm
_05981_,14.22µm
_03402_,14.205µm
_04381_,14.205µm
u_picorv32.picorv32_core.cpuregs\[20\]\[19\],14.19µm
_00033_,14.18µm
_01133_,14.18µm
_02065_,14.18µm
u_picorv32.picorv32_core.cpuregs\[28\]\[12\],14.18µm
_01128_,14.17µm
_02053_,14.17µm
_03600_,14.17µm
_05412_,14.17µm
_00049_,14.16µm
_00291_,14.16µm
_02029_,14.16µm
_04148_,14.16µm
net1586,14.16µm
net1923,14.16µm
net1985,14.16µm
net2288,14.16µm
_05888_,14.12µm
_01675_,14.11µm
_02258_,14.11µm
_03056_,14.11µm
_01792_,14.1µm
_04874_,14.1µm
_05180_,14.1µm
_05410_,14.1µm
_02263_,14.09µm
_01882_,14.07µm
_02437_,14.06µm
_00618_,14.05µm
_01397_,14.05µm
_01507_,14.05µm
_02411_,14.05µm
_03189_,14.05µm
_05329_,14.05µm
net1442,14.05µm
net1779,14.05µm
_02677_,14.04µm
u_picorv32.picorv32_core.cpuregs\[12\]\[1\],14.02µm
u_picorv32.picorv32_core.cpuregs\[12\]\[27\],14.02µm
_04219_,14.01µm
_02148_,14µm
_00664_,13.99µm
_05032_,13.99µm
_01881_,13.98µm
_03641_,13.98µm
u_picorv32.picorv32_core.instr_lui,13.98µm
_02301_,13.965µm
_03582_,13.965µm
_04239_,13.965µm
_03071_,13.94µm
_03719_,13.94µm
_03759_,13.93µm
_04176_,13.93µm
_04834_,13.93µm
net3112,13.93µm
net3158,13.93µm
_04619_,13.92µm
net3111,13.92µm
_04032_,13.89µm
_02343_,13.87µm
_04659_,13.87µm
_05663_,13.87µm
u_picorv32.pcpi_rs1\[25\],13.87µm
net3161,13.87µm
_01677_,13.86µm
_03896_,13.86µm
_04730_,13.86µm
u_picorv32.picorv32_core.cpuregs\[0\]\[2\],13.855µm
_05399_,13.83µm
_04445_,13.825µm
_01914_,13.81µm
u_picorv32.picorv32_core.reg_next_pc\[6\],13.81µm
net3119,13.81µm
net1780,13.8µm
net2138,13.8µm
u_picorv32.picorv32_core.reg_next_pc\[9\],13.8µm
_03950_,13.785µm
_04426_,13.78µm
u_picorv32.picorv32_core.cpuregs\[18\]\[7\],13.775µm
_03136_,13.76µm
_03104_,13.755µm
_03732_,13.75µm
_04398_,13.74µm
net115,13.74µm
_03411_,13.735µm
u_picorv32.picorv32_core.cpuregs\[0\]\[14\],13.735µm
_04329_,13.725µm
_02569_,13.71µm
_05539_,13.7µm
_01642_,13.69µm
_04063_,13.69µm
_05693_,13.69µm
_00046_,13.68µm
_00962_,13.68µm
_01048_,13.68µm
_04370_,13.68µm
_04566_,13.68µm
_05118_,13.68µm
_05552_,13.68µm
net1480,13.68µm
net1715,13.68µm
net2104,13.68µm
net2225,13.68µm
_01278_,13.65µm
_02059_,13.64µm
net105,13.63µm
_04727_,13.62µm
_02445_,13.58µm
_02799_,13.58µm
_05662_,13.58µm
_00043_,13.57µm
_03054_,13.57µm
net1584,13.57µm
net1802,13.57µm
net1911,13.57µm
net2055,13.57µm
net2069,13.57µm
net2418,13.57µm
net2762,13.57µm
u_picorv32.picorv32_core.count_instr\[7\],13.57µm
_00105_,13.56µm
_04567_,13.56µm
_03036_,13.555µm
_00682_,13.545µm
_01872_,13.52µm
_01307_,13.51µm
_02279_,13.5µm
_02429_,13.5µm
_03954_,13.47µm
_05865_,13.46µm
_00123_,13.45µm
_00360_,13.45µm
_02049_,13.45µm
_02388_,13.45µm
_05263_,13.45µm
net3128,13.45µm
net3160,13.45µm
_02090_,13.44µm
_02338_,13.44µm
_03916_,13.44µm
u_picorv32.axi_adapter.xfer_done,13.44µm
_00028_,13.39µm
_00157_,13.39µm
_02784_,13.39µm
_01495_,13.38µm
_02229_,13.38µm
_03685_,13.38µm
_01799_,13.375µm
_03243_,13.365µm
_05786_,13.35µm
_01221_,13.33µm
_02202_,13.33µm
_03817_,13.33µm
_03889_,13.33µm
_04447_,13.33µm
_05185_,13.33µm
u_picorv32.picorv32_core.reg_next_pc\[16\],13.33µm
_03120_,13.32µm
_03195_,13.32µm
_03660_,13.32µm
_04029_,13.32µm
_04897_,13.32µm
net1810,13.32µm
net1991,13.32µm
net2101,13.32µm
net2354,13.32µm
net2892,13.32µm
_04993_,13.315µm
_00387_,13.3µm
_04441_,13.28µm
_01780_,13.27µm
_03573_,13.27µm
_03720_,13.27µm
_03883_,13.27µm
_04409_,13.27µm
_00417_,13.26µm
_00835_,13.26µm
_04242_,13.255µm
_01034_,13.23µm
_04432_,13.21µm
_05750_,13.21µm
_05889_,13.21µm
_00349_,13.2µm
_00931_,13.2µm
_01564_,13.2µm
_01735_,13.2µm
_03684_,13.2µm
_04451_,13.2µm
net1435,13.2µm
net1588,13.2µm
net1601,13.2µm
net1607,13.2µm
net1635,13.2µm
net1692,13.2µm
net1694,13.2µm
net1696,13.2µm
net1721,13.2µm
net1791,13.2µm
net1845,13.2µm
net1856,13.2µm
net1863,13.2µm
net1877,13.2µm
net1942,13.2µm
net2062,13.2µm
net2078,13.2µm
net2084,13.2µm
net2097,13.2µm
net2120,13.2µm
net2156,13.2µm
net2174,13.2µm
net2217,13.2µm
net2332,13.2µm
net2703,13.2µm
net2849,13.2µm
net2935,13.2µm
_05652_,13.195µm
_01833_,13.16µm
u_picorv32.picorv32_core.count_cycle\[47\],13.16µm
_05397_,13.15µm
_02261_,13.145µm
_02037_,13.14µm
u_picorv32.picorv32_core.cpuregs\[0\]\[7\],13.14µm
_01350_,13.125µm
mem_axi_rdata[11],13.125µm
mem_axi_rdata[20],13.125µm
mem_axi_rdata[22],13.125µm
mem_axi_rdata[29],13.125µm
_04115_,13.105µm
_01741_,13.1µm
_03609_,13.095µm
_00168_,13.09µm
_00175_,13.09µm
_00382_,13.09µm
_00498_,13.09µm
_03283_,13.09µm
_04890_,13.09µm
net2266,13.09µm
_00318_,13.08µm
_04537_,13.08µm
_04508_,13.045µm
_01321_,13.03µm
_04132_,13.03µm
_05911_,13.025µm
_03186_,13.02µm
_04630_,13.02µm
net3097,13.02µm
_04741_,13.005µm
net1707,12.99µm
_03769_,12.98µm
_04676_,12.98µm
_01435_,12.97µm
_01851_,12.97µm
_02203_,12.97µm
u_picorv32.pcpi_rs1\[28\],12.97µm
net3165,12.97µm
_00831_,12.96µm
_02215_,12.96µm
_02654_,12.96µm
_02919_,12.96µm
_03579_,12.96µm
_03938_,12.96µm
_03940_,12.96µm
net2158,12.96µm
u_picorv32.picorv32_core.reg_next_pc\[5\],12.96µm
_06014_,12.95µm
_01871_,12.945µm
_03866_,12.945µm
_03919_,12.935µm
_05261_,12.93µm
_00938_,12.91µm
_01686_,12.91µm
_02340_,12.91µm
_03241_,12.91µm
_03386_,12.91µm
_04482_,12.91µm
_04717_,12.91µm
u_picorv32.picorv32_core.decoded_imm_j\[20\],12.91µm
net3124,12.91µm
_00717_,12.9µm
_02708_,12.9µm
u_picorv32.picorv32_core.mem_rdata_q\[13\],12.9µm
net79,12.89µm
_04481_,12.855µm
_01398_,12.85µm
_03009_,12.85µm
_03397_,12.85µm
_04615_,12.85µm
net1748,12.85µm
net2005,12.85µm
net2486,12.85µm
u_picorv32.picorv32_core.alu_out_q\[21\],12.85µm
_00035_,12.84µm
_04793_,12.84µm
_05383_,12.84µm
net1953,12.84µm
net2162,12.84µm
net2176,12.84µm
_05637_,12.835µm
_03449_,12.815µm
_00581_,12.79µm
_00694_,12.79µm
_03127_,12.79µm
_03213_,12.79µm
_04697_,12.765µm
net2387,12.765µm
_00155_,12.75µm
u_picorv32.picorv32_core.cpuregs\[28\]\[11\],12.75µm
_01311_,12.73µm
_01323_,12.73µm
_01544_,12.73µm
_01757_,12.73µm
_03835_,12.73µm
_04740_,12.73µm
_05887_,12.73µm
net2009,12.73µm
net2777,12.73µm
_00237_,12.72µm
_00267_,12.72µm
_00284_,12.72µm
_00322_,12.72µm
_00818_,12.72µm
_01584_,12.72µm
_04147_,12.72µm
_05211_,12.72µm
net1509,12.72µm
net1743,12.72µm
net1807,12.72µm
net1895,12.72µm
net1975,12.72µm
net1982,12.72µm
net2313,12.72µm
net2357,12.72µm
_05547_,12.69µm
_03503_,12.68µm
_01574_,12.675µm
_04035_,12.67µm
_04801_,12.67µm
_05367_,12.67µm
_00219_,12.66µm
_05156_,12.66µm
net3029,12.66µm
_01768_,12.655µm
_04607_,12.655µm
_01750_,12.63µm
_05387_,12.63µm
u_picorv32.picorv32_core.reg_out\[9\],12.625µm
_04477_,12.615µm
_00425_,12.61µm
_00557_,12.61µm
_04858_,12.61µm
net2363,12.61µm
_00462_,12.6µm
_00476_,12.6µm
_03244_,12.6µm
_03770_,12.585µm
_04769_,12.545µm
_01362_,12.54µm
_01748_,12.535µm
_03951_,12.53µm
_04153_,12.52µm
_01597_,12.51µm
_03123_,12.505µm
_00111_,12.49µm
_00394_,12.49µm
_00814_,12.49µm
net122,12.49µm
net3035,12.49µm
_04423_,12.48µm
_05971_,12.48µm
net2310,12.48µm
_01499_,12.465µm
_02027_,12.45µm
_02425_,12.44µm
_04238_,12.44µm
_02237_,12.43µm
_02287_,12.43µm
_03042_,12.43µm
_03542_,12.43µm
_03739_,12.43µm
_03873_,12.43µm
_04413_,12.43µm
_04522_,12.43µm
_04849_,12.43µm
_05523_,12.43µm
_02140_,12.42µm
_04337_,12.42µm
_04420_,12.42µm
_04616_,12.42µm
_02472_,12.415µm
_00097_,12.37µm
_03209_,12.37µm
_04527_,12.37µm
_04931_,12.37µm
_05028_,12.37µm
_05905_,12.37µm
_05907_,12.37µm
_05950_,12.37µm
net1817,12.37µm
net2173,12.37µm
net2901,12.37µm
u_picorv32.picorv32_core.reg_next_pc\[19\],12.37µm
_00037_,12.36µm
_04884_,12.36µm
net1437,12.36µm
net1440,12.36µm
net1455,12.36µm
net1476,12.36µm
net1529,12.36µm
net1558,12.36µm
net1709,12.36µm
net1764,12.36µm
net1852,12.36µm
net1880,12.36µm
net1908,12.36µm
net1992,12.36µm
net2018,12.36µm
net2060,12.36µm
net2118,12.36µm
net2127,12.36µm
net2149,12.36µm
net2172,12.36µm
net2198,12.36µm
net2227,12.36µm
net2228,12.36µm
net2289,12.36µm
net2437,12.36µm
_02201_,12.35µm
_05728_,12.315µm
_00952_,12.31µm
_01916_,12.31µm
_02142_,12.3µm
_02312_,12.3µm
_05309_,12.3µm
_05312_,12.3µm
_02780_,12.295µm
_00950_,12.285µm
_05616_,12.285µm
mem_axi_arready,12.285µm
mem_axi_rdata[16],12.285µm
mem_axi_rdata[18],12.285µm
mem_axi_rdata[24],12.285µm
mem_axi_rdata[25],12.285µm
mem_axi_rdata[27],12.285µm
mem_axi_rvalid,12.285µm
_00705_,12.27µm
_01808_,12.26µm
_03847_,12.26µm
_01806_,12.25µm
_02608_,12.25µm
_03915_,12.25µm
_04355_,12.25µm
_04544_,12.25µm
_05101_,12.25µm
net1740,12.25µm
u_picorv32.picorv32_core.instr_add,12.25µm
_00261_,12.24µm
_00593_,12.24µm
_00906_,12.24µm
_01001_,12.24µm
_01360_,12.24µm
_05193_,12.24µm
net1549,12.24µm
net1571,12.24µm
net1577,12.24µm
net2396,12.24µm
u_picorv32.picorv32_core.reg_out\[8\],12.2µm
_03269_,12.19µm
_04143_,12.19µm
_02747_,12.155µm
_01827_,12.15µm
_05454_,12.15µm
_02107_,12.14µm
_02204_,12.14µm
u_picorv32.picorv32_core.cpuregs\[12\]\[17\],12.14µm
_04017_,12.13µm
_04757_,12.13µm
_04894_,12.13µm
_04902_,12.13µm
_05225_,12.13µm
net1508,12.13µm
net2296,12.13µm
_00193_,12.12µm
_00472_,12.12µm
u_picorv32.picorv32_core.reg_out\[25\],12.08µm
_02005_,12.075µm
_04637_,12.075µm
_04066_,12.07µm
_02568_,12.06µm
_05808_,12.06µm
_01798_,12.04µm
_03874_,12.03µm
_01434_,12.01µm
_03204_,12.01µm
_03747_,12.01µm
_03891_,12.01µm
_04333_,12.01µm
_04892_,12.01µm
_05969_,12.01µm
_06003_,12.01µm
_03939_,12µm
_04145_,12µm
_04163_,12µm
_04876_,12µm
_04951_,12µm
_04976_,12µm
_04986_,12µm
_05826_,12µm
_05938_,12µm
_05942_,12µm
net78,12µm
net3121,12µm
_00813_,11.95µm
net3151,11.95µm
_00143_,11.94µm
_01649_,11.94µm
_02766_,11.94µm
_03936_,11.94µm
_04792_,11.935µm
_04710_,11.925µm
net2270,11.925µm
_02396_,11.89µm
_03018_,11.89µm
_03737_,11.89µm
_03937_,11.89µm
_04569_,11.89µm
net1592,11.89µm
net1613,11.89µm
net1809,11.89µm
net1961,11.89µm
net2199,11.89µm
net2438,11.89µm
net72,11.89µm
net74,11.89µm
net75,11.89µm
net76,11.89µm
net77,11.89µm
_01695_,11.88µm
_03516_,11.88µm
net1722,11.88µm
net2087,11.88µm
net2092,11.88µm
net2096,11.88µm
net2893,11.88µm
_05167_,11.875µm
_05314_,11.875µm
_04308_,11.845µm
_05584_,11.84µm
_00518_,11.83µm
_00810_,11.83µm
_01422_,11.83µm
_02318_,11.83µm
_04780_,11.83µm
_02958_,11.825µm
_05413_,11.82µm
_04270_,11.8µm
net2793,11.8µm
_04233_,11.78µm
_04434_,11.78µm
_04752_,11.78µm
_02379_,11.77µm
_03473_,11.77µm
_03734_,11.77µm
_05473_,11.77µm
_05933_,11.77µm
net1600,11.77µm
net2241,11.77µm
_00443_,11.76µm
_02176_,11.76µm
_03837_,11.76µm
_04353_,11.76µm
_04686_,11.76µm
net1862,11.76µm
net1909,11.76µm
net2107,11.76µm
net2422,11.76µm
net2673,11.76µm
_02416_,11.73µm
_03529_,11.73µm
_03863_,11.73µm
_03838_,11.72µm
_03233_,11.71µm
_03565_,11.71µm
_05781_,11.695µm
_05926_,11.69µm
_02752_,11.67µm
_03251_,11.665µm
_00429_,11.65µm
_00622_,11.65µm
_00639_,11.65µm
_00874_,11.65µm
_01029_,11.65µm
_02214_,11.65µm
_04421_,11.65µm
_04470_,11.65µm
_05036_,11.65µm
_05586_,11.65µm
_05924_,11.65µm
_00184_,11.64µm
_00383_,11.64µm
_05614_,11.64µm
_03598_,11.625µm
_05772_,11.625µm
_04446_,11.62µm
_04179_,11.61µm
_01448_,11.59µm
_00023_,11.58µm
_04155_,11.58µm
_04471_,11.58µm
_04859_,11.58µm
_04372_,11.565µm
_01766_,11.545µm
_04832_,11.535µm
_00550_,11.53µm
_00829_,11.53µm
_00904_,11.53µm
_00929_,11.53µm
_01092_,11.53µm
_01481_,11.53µm
_02193_,11.53µm
_05996_,11.53µm
u_picorv32.pcpi_rs1\[16\],11.53µm
net3120,11.53µm
_02475_,11.525µm
_03927_,11.52µm
_04312_,11.52µm
_04341_,11.52µm
_04475_,11.52µm
_04768_,11.52µm
_05327_,11.52µm
_05504_,11.52µm
net1640,11.52µm
net1798,11.52µm
net1968,11.52µm
net2049,11.52µm
net73,11.52µm
_02342_,11.48µm
_00332_,11.47µm
_03869_,11.47µm
_04540_,11.47µm
_04575_,11.47µm
_05408_,11.47µm
u_picorv32.pcpi_rs1\[17\],11.47µm
net3100,11.47µm
_00352_,11.46µm
_00399_,11.46µm
_00445_,11.46µm
_00611_,11.46µm
_01366_,11.46µm
_01690_,11.46µm
_03409_,11.46µm
_05198_,11.46µm
_05492_,11.46µm
_05529_,11.46µm
_01664_,11.455µm
mem_axi_rdata[12],11.445µm
mem_axi_rdata[14],11.445µm
mem_axi_rdata[21],11.445µm
mem_axi_rdata[30],11.445µm
_05375_,11.435µm
_01210_,11.41µm
_01512_,11.41µm
_02358_,11.41µm
_04055_,11.41µm
_04756_,11.41µm
_05836_,11.41µm
_05968_,11.41µm
_06009_,11.41µm
net1587,11.41µm
net2105,11.41µm
net2276,11.41µm
net2335,11.41µm
net2457,11.41µm
net71,11.41µm
_00015_,11.4µm
_02233_,11.4µm
_03180_,11.4µm
_04332_,11.4µm
net1772,11.4µm
net2124,11.4µm
_01859_,11.395µm
_02031_,11.395µm
_04765_,11.395µm
_01846_,11.385µm
_02506_,11.365µm
_01601_,11.36µm
_03559_,11.36µm
u_picorv32.picorv32_core.reg_next_pc\[2\],11.36µm
u_picorv32.picorv32_core.reg_out\[13\],11.36µm
_00220_,11.35µm
_00326_,11.35µm
_00358_,11.35µm
_00746_,11.35µm
_00984_,11.35µm
_01480_,11.35µm
_02146_,11.35µm
_04036_,11.35µm
_04297_,11.34µm
_04854_,11.34µm
_05286_,11.33µm
net1471,11.33µm
_03072_,11.32µm
net3110,11.3µm
_01641_,11.29µm
_01876_,11.29µm
_03184_,11.29µm
_03310_,11.29µm
_03419_,11.29µm
_03454_,11.29µm
_03862_,11.29µm
_03992_,11.29µm
_04771_,11.29µm
_04790_,11.29µm
_04811_,11.29µm
_04918_,11.29µm
_05434_,11.29µm
net2403,11.29µm
net2636,11.29µm
_00329_,11.28µm
_00419_,11.28µm
_00715_,11.28µm
_01014_,11.28µm
_01582_,11.28µm
_03633_,11.28µm
_04898_,11.28µm
_05941_,11.28µm
net1951,11.28µm
net2038,11.28µm
net2098,11.28µm
net2510,11.28µm
net2633,11.28µm
net2933,11.28µm
_02163_,11.275µm
_01908_,11.255µm
_03772_,11.25µm
_01570_,11.235µm
_02785_,11.235µm
_02562_,11.23µm
_02901_,11.23µm
_03691_,11.23µm
_05322_,11.23µm
_05343_,11.23µm
_01293_,11.22µm
_05506_,11.22µm
net2025,11.215µm
_05973_,11.205µm
_02250_,11.19µm
_01761_,11.18µm
_02573_,11.17µm
_04223_,11.17µm
_04476_,11.17µm
_04865_,11.17µm
_05305_,11.17µm
net1538,11.17µm
net2004,11.17µm
net2059,11.17µm
net2980,11.17µm
_00466_,11.16µm
_00608_,11.16µm
_00961_,11.16µm
_02359_,11.16µm
_01961_,11.145µm
_05768_,11.145µm
_01858_,11.125µm
_04626_,11.125µm
_01831_,11.12µm
_02317_,11.12µm
_04479_,11.1µm
net1747,11.1µm
net1680,11.09µm
_01626_,11.08µm
_04305_,11.08µm
_03750_,11.055µm
_01065_,11.05µm
_01187_,11.05µm
_03148_,11.05µm
_03665_,11.05µm
_03767_,11.05µm
_04692_,11.05µm
_05082_,11.05µm
_05372_,11.05µm
net3019,11.05µm
_00109_,11.04µm
_01829_,11.04µm
_02650_,11.04µm
_03134_,11.04µm
net1439,11.04µm
net1888,11.04µm
net2088,11.04µm
u_picorv32.picorv32_core.alu_out_q\[17\],11.04µm
u_picorv32.picorv32_core.mem_wordsize\[2\],11.04µm
_04044_,11.03µm
_00207_,10.99µm
_00333_,10.99µm
_00364_,10.99µm
_00389_,10.99µm
_00634_,10.99µm
_00822_,10.99µm
_00991_,10.99µm
_00992_,10.99µm
_01115_,10.99µm
_01348_,10.99µm
_01380_,10.99µm
_01505_,10.99µm
_02102_,10.99µm
_02121_,10.99µm
_02133_,10.99µm
_02154_,10.99µm
_03794_,10.99µm
_04407_,10.99µm
_05428_,10.99µm
net3164,10.99µm
_00803_,10.98µm
_03728_,10.98µm
_03879_,10.98µm
_03933_,10.98µm
_04724_,10.98µm
_01918_,10.965µm
_03597_,10.965µm
_00927_,10.95µm
_03142_,10.95µm
_04750_,10.95µm
net1874,10.94µm
_00134_,10.93µm
_00615_,10.93µm
_02599_,10.93µm
_02897_,10.93µm
_03650_,10.93µm
_04388_,10.93µm
net1481,10.93µm
net1606,10.93µm
net1998,10.93µm
net3148,10.93µm
_01607_,10.92µm
_02032_,10.92µm
_03493_,10.92µm
net1821,10.92µm
net2355,10.92µm
u_picorv32.picorv32_core.reg_next_pc\[4\],10.92µm
_02589_,10.915µm
_05739_,10.915µm
_00346_,10.9µm
_02365_,10.9µm
_00163_,10.875µm
_00195_,10.87µm
_00330_,10.87µm
_00530_,10.87µm
_00729_,10.87µm
_00760_,10.87µm
_01192_,10.87µm
_02937_,10.87µm
_03634_,10.87µm
_00010_,10.86µm
_00393_,10.86µm
_01359_,10.86µm
_03702_,10.86µm
_03387_,10.855µm
net2618,10.845µm
net3057,10.825µm
_03141_,10.82µm
net3127,10.82µm
_02276_,10.81µm
_02620_,10.81µm
_02630_,10.81µm
_02786_,10.81µm
_03492_,10.81µm
_04136_,10.81µm
_04532_,10.81µm
_04621_,10.81µm
_04685_,10.81µm
_05389_,10.81µm
net1847,10.81µm
net2424,10.81µm
_03955_,10.805µm
_00026_,10.8µm
_00142_,10.8µm
_00304_,10.8µm
_00361_,10.8µm
_00446_,10.8µm
_00796_,10.8µm
_00898_,10.8µm
_01008_,10.8µm
_01033_,10.8µm
_01036_,10.8µm
_02004_,10.8µm
_02637_,10.8µm
_03818_,10.8µm
net1464,10.8µm
net1491,10.8µm
net1514,10.8µm
net1518,10.8µm
net1867,10.8µm
net2160,10.8µm
net2246,10.8µm
net2290,10.8µm
net2343,10.8µm
net2546,10.8µm
net2741,10.8µm
net2975,10.8µm
_05801_,10.78µm
_05882_,10.775µm
_03973_,10.75µm
_04006_,10.75µm
_04290_,10.75µm
_04541_,10.75µm
_04629_,10.75µm
_01413_,10.725µm
_03576_,10.725µm
_01734_,10.7µm
_02481_,10.69µm
_03006_,10.69µm
_05460_,10.69µm
net1776,10.69µm
_00351_,10.68µm
_00495_,10.68µm
_02622_,10.68µm
_03318_,10.68µm
_05321_,10.68µm
_02436_,10.67µm
_00217_,10.665µm
_04531_,10.665µm
_04216_,10.655µm
_00110_,10.63µm
_01511_,10.63µm
_02665_,10.62µm
_04842_,10.62µm
_05464_,10.62µm
net3159,10.62µm
_01379_,10.605µm
net1416,10.605µm
mem_axi_rdata[10],10.605µm
mem_axi_rdata[23],10.605µm
mem_axi_rdata[28],10.605µm
mem_axi_rdata[8],10.605µm
mem_axi_araddr[22],10.605µm
_02954_,10.585µm
_03999_,10.585µm
_03793_,10.58µm
_00167_,10.57µm
_00211_,10.57µm
_00215_,10.57µm
_00239_,10.57µm
_00344_,10.57µm
_00912_,10.57µm
_01117_,10.57µm
_02860_,10.57µm
_03391_,10.57µm
_03491_,10.57µm
_04747_,10.57µm
u_picorv32.picorv32_core.instr_sub,10.57µm
net3150,10.57µm
_01411_,10.56µm
_01496_,10.56µm
_01532_,10.56µm
_02377_,10.56µm
_02486_,10.56µm
_03803_,10.56µm
_03923_,10.56µm
_04069_,10.56µm
_04647_,10.56µm
_05131_,10.56µm
_05491_,10.56µm
net1833,10.56µm
net2304,10.56µm
_02556_,10.545µm
_00319_,10.51µm
_00662_,10.51µm
_00811_,10.51µm
_01878_,10.51µm
_04735_,10.51µm
_04820_,10.51µm
_05114_,10.51µm
_05127_,10.51µm
_05153_,10.51µm
_05520_,10.51µm
_03509_,10.505µm
_00280_,10.5µm
_04742_,10.5µm
net107,10.5µm
_02414_,10.495µm
_02209_,10.49µm
_02476_,10.45µm
_03506_,10.45µm
_03960_,10.45µm
_04280_,10.45µm
_04431_,10.45µm
net2247,10.45µm
net2249,10.45µm
net2385,10.45µm
_01316_,10.44µm
_04198_,10.44µm
_04450_,10.435µm
_03763_,10.425µm
_00248_,10.39µm
_00450_,10.39µm
_00456_,10.39µm
_00646_,10.39µm
_00936_,10.39µm
_00973_,10.39µm
_01075_,10.39µm
_03637_,10.39µm
_06012_,10.39µm
_02314_,10.385µm
_03583_,10.38µm
_04954_,10.38µm
_05098_,10.38µm
net124,10.38µm
net127,10.38µm
net2348,10.365µm
_00154_,10.35µm
_02428_,10.34µm
net3168,10.34µm
_01319_,10.33µm
_01703_,10.33µm
_02235_,10.33µm
_02655_,10.33µm
_02657_,10.33µm
_03407_,10.33µm
_05031_,10.33µm
_05401_,10.33µm
net1629,10.33µm
net1757,10.33µm
net1902,10.33µm
net2119,10.33µm
u_picorv32.pcpi_rs1\[9\],10.33µm
_00316_,10.32µm
_00558_,10.32µm
_00846_,10.32µm
_01873_,10.32µm
_01917_,10.32µm
_02020_,10.32µm
_02319_,10.32µm
_02667_,10.32µm
_03352_,10.32µm
_03833_,10.32µm
_04058_,10.32µm
_04612_,10.32µm
_05692_,10.32µm
net1499,10.32µm
net1533,10.32µm
net1704,10.32µm
net1781,10.32µm
net1881,10.32µm
net1925,10.32µm
net1965,10.32µm
net2012,10.32µm
net2033,10.32µm
net2086,10.32µm
net2130,10.32µm
net2155,10.32µm
net2188,10.32µm
net2272,10.32µm
net2443,10.32µm
net2449,10.32µm
net2612,10.32µm
net2691,10.32µm
net2937,10.32µm
_00455_,10.3µm
_03735_,10.28µm
_05954_,10.28µm
_05957_,10.28µm
_05994_,10.28µm
_02097_,10.26µm
_02889_,10.26µm
_03961_,10.26µm
_05818_,10.26µm
_03247_,10.24µm
_01772_,10.23µm
_02226_,10.225µm
_03117_,10.22µm
_03696_,10.22µm
_00401_,10.21µm
_01824_,10.21µm
_01907_,10.21µm
_02062_,10.21µm
_04326_,10.21µm
_04867_,10.21µm
_05424_,10.21µm
net2085,10.21µm
net2175,10.21µm
net2233,10.21µm
net2320,10.21µm
net2378,10.21µm
net2407,10.21µm
net2745,10.21µm
net2780,10.21µm
_00335_,10.2µm
_00453_,10.2µm
_01365_,10.2µm
_01536_,10.2µm
_04660_,10.2µm
_04753_,10.2µm
_05577_,10.2µm
_03512_,10.185µm
_01303_,10.15µm
_01392_,10.15µm
net2534,10.145µm
_01636_,10.14µm
_02063_,10.14µm
_03894_,10.14µm
_04204_,10.14µm
_05392_,10.14µm
net3162,10.14µm
mem_axi_rdata[0],10.135µm
mem_axi_rdata[13],10.135µm
mem_axi_rdata[15],10.135µm
mem_axi_rdata[31],10.135µm
_01856_,10.125µm
_01933_,10.125µm
_01566_,10.115µm
_00188_,10.09µm
_00242_,10.09µm
_00273_,10.09µm
_00376_,10.09µm
_00432_,10.09µm
_00692_,10.09µm
_00809_,10.09µm
_00972_,10.09µm
_03814_,10.09µm
_04030_,10.09µm
_05686_,10.09µm
_05992_,10.09µm
net3142,10.09µm
_01298_,10.08µm
_01387_,10.08µm
_02513_,10.08µm
_02788_,10.08µm
_03102_,10.08µm
_03712_,10.08µm
_04111_,10.08µm
_04478_,10.08µm
_04778_,10.08µm
_05090_,10.08µm
_05161_,10.08µm
net1899,10.08µm
net1999,10.08µm
net2773,10.08µm
_01816_,10.07µm
_02953_,10.06µm
_05733_,10.035µm
_00978_,10.03µm
_01100_,10.03µm
_01382_,10.03µm
_02246_,10.03µm
_02341_,10.03µm
_04151_,10.03µm
_04456_,10.03µm
_05534_,10.03µm
u_picorv32.picorv32_core.alu_out_q\[14\],10.03µm
_00459_,10.02µm
_01652_,10.02µm
_01740_,10.02µm
_01979_,10.02µm
_02145_,10.02µm
_02666_,10.02µm
_03517_,10.02µm
_03678_,10.02µm
_03773_,10.02µm
_04301_,10.02µm
_04687_,10.02µm
_05704_,10.02µm
_04246_,10.015µm
net1958,10.005µm
net2065,10.005µm
_05815_,9.99µm
_01905_,9.97µm
_03096_,9.97µm
_03203_,9.97µm
_03858_,9.97µm
_04087_,9.97µm
_04722_,9.97µm
_04762_,9.97µm
_04836_,9.97µm
net1686,9.97µm
net1701,9.97µm
net2284,9.97µm
_01312_,9.96µm
_02468_,9.96µm
_03857_,9.96µm
_04794_,9.96µm
_05187_,9.955µm
net3170,9.955µm
_02220_,9.92µm
_04707_,9.92µm
_00337_,9.91µm
_00341_,9.91µm
_00378_,9.91µm
_00428_,9.91µm
_00485_,9.91µm
_00648_,9.91µm
_00652_,9.91µm
_00657_,9.91µm
_00695_,9.91µm
_01230_,9.91µm
_01339_,9.91µm
_01506_,9.91µm
_02635_,9.91µm
_04051_,9.91µm
_02748_,9.9µm
_04805_,9.9µm
_04953_,9.9µm
_05192_,9.9µm
_05475_,9.9µm
_02525_,9.89µm
_05788_,9.89µm
_02606_,9.885µm
net1870,9.885µm
net2079,9.885µm
_06007_,9.88µm
net3122,9.86µm
net3126,9.86µm
net3156,9.86µm
net3171,9.86µm
_00013_,9.85µm
_01209_,9.85µm
_02030_,9.85µm
_03199_,9.85µm
_03502_,9.85µm
_03981_,9.85µm
_04645_,9.85µm
_05582_,9.85µm
_05592_,9.85µm
net1449,9.85µm
net1630,9.85µm
net1706,9.85µm
net1835,9.85µm
net2280,9.85µm
_00229_,9.84µm
_00427_,9.84µm
_00897_,9.84µm
_01442_,9.84µm
_03145_,9.84µm
_03218_,9.84µm
_03887_,9.84µm
_04021_,9.84µm
_04072_,9.84µm
_05444_,9.84µm
_05977_,9.84µm
net1465,9.84µm
net1466,9.84µm
net1484,9.84µm
net1503,9.84µm
net1504,9.84µm
net1525,9.84µm
net1531,9.84µm
net1544,9.84µm
net1545,9.84µm
net1554,9.84µm
net1556,9.84µm
net1591,9.84µm
net1596,9.84µm
net1608,9.84µm
net1632,9.84µm
net1678,9.84µm
net1708,9.84µm
net1732,9.84µm
net1737,9.84µm
net1741,9.84µm
net1745,9.84µm
net1768,9.84µm
net1770,9.84µm
net1832,9.84µm
net1834,9.84µm
net1848,9.84µm
net1871,9.84µm
net1901,9.84µm
net1918,9.84µm
net1920,9.84µm
net1930,9.84µm
net1934,9.84µm
net1945,9.84µm
net1957,9.84µm
net1979,9.84µm
net1995,9.84µm
net2039,9.84µm
net2045,9.84µm
net2056,9.84µm
net2137,9.84µm
net2144,9.84µm
net2148,9.84µm
net2153,9.84µm
net2213,9.84µm
net2230,9.84µm
net2239,9.84µm
net2281,9.84µm
net2319,9.84µm
net2323,9.84µm
net2337,9.84µm
net2379,9.84µm
net2394,9.84µm
net2415,9.84µm
net2446,9.84µm
net2458,9.84µm
net2522,9.84µm
net2649,9.84µm
net2659,9.84µm
net2679,9.84µm
net2707,9.84µm
net2735,9.84µm
net2799,9.84µm
net2817,9.84µm
net2845,9.84µm
net2906,9.84µm
_01759_,9.82µm
_01666_,9.8µm
_02547_,9.79µm
_04275_,9.79µm
_01654_,9.775µm
_02392_,9.775µm
_03265_,9.765µm
mem_axi_rready,9.765µm
_01305_,9.75µm
_04581_,9.745µm
_02218_,9.74µm
net2381,9.74µm
u_picorv32.picorv32_core.reg_next_pc\[14\],9.74µm
_03223_,9.73µm
_03316_,9.73µm
net2658,9.73µm
_00102_,9.72µm
_00246_,9.72µm
_00969_,9.72µm
_02081_,9.72µm
net1581,9.72µm
u_picorv32.pcpi_rs1\[23\],9.72µm
_00345_,9.705µm
_01450_,9.705µm
_04628_,9.7µm
_04721_,9.7µm
_01310_,9.67µm
_03463_,9.665µm
_00651_,9.66µm
_01300_,9.66µm
_02295_,9.66µm
_03011_,9.66µm
_03023_,9.66µm
_03087_,9.66µm
_05062_,9.66µm
_05071_,9.66µm
_05443_,9.66µm
_03450_,9.64µm
_00165_,9.61µm
_01114_,9.61µm
_01234_,9.61µm
_01527_,9.61µm
_02223_,9.61µm
_02761_,9.61µm
_04162_,9.61µm
_04439_,9.61µm
_04608_,9.61µm
_05129_,9.61µm
_05388_,9.61µm
_05526_,9.61µm
_05598_,9.61µm
_05736_,9.61µm
net3069,9.61µm
_00493_,9.6µm
_01245_,9.6µm
_01383_,9.6µm
_03170_,9.6µm
_04025_,9.6µm
_04833_,9.6µm
_05517_,9.6µm
net1921,9.6µm
net3000,9.6µm
u_picorv32.pcpi_rs1\[7\],9.6µm
_02357_,9.56µm
_00092_,9.55µm
_00103_,9.55µm
_00379_,9.55µm
_00468_,9.55µm
_01093_,9.55µm
_02114_,9.55µm
_02397_,9.55µm
_03820_,9.55µm
_03944_,9.55µm
_04200_,9.55µm
_04321_,9.55µm
_04691_,9.55µm
_04718_,9.55µm
_05722_,9.55µm
net3116,9.55µm
_02280_,9.54µm
_02690_,9.54µm
_03111_,9.54µm
_03198_,9.54µm
_03791_,9.54µm
_04356_,9.54µm
_01579_,9.535µm
_04278_,9.535µm
_04076_,9.525µm
net2839,9.525µm
_00469_,9.49µm
_02323_,9.49µm
_02913_,9.49µm
_03190_,9.49µm
_03266_,9.49µm
_03369_,9.49µm
_03786_,9.49µm
_04484_,9.49µm
_05259_,9.49µm
_05451_,9.49µm
net1516,9.49µm
net1719,9.49µm
net1838,9.49µm
net2607,9.49µm
net2737,9.49µm
_02628_,9.48µm
_02850_,9.48µm
_03097_,9.48µm
_03880_,9.48µm
_04551_,9.48µm
_05404_,9.48µm
net1659,9.48µm
net1676,9.48µm
net2022,9.48µm
net2242,9.48µm
net2909,9.48µm
_03934_,9.475µm
_05353_,9.475µm
_04837_,9.46µm
_01016_,9.45µm
_00024_,9.43µm
_00054_,9.43µm
_00140_,9.43µm
_00452_,9.43µm
_00554_,9.43µm
_00613_,9.43µm
_00614_,9.43µm
_00616_,9.43µm
_00683_,9.43µm
_00756_,9.43µm
_00820_,9.43µm
_00914_,9.43µm
_00945_,9.43µm
_00968_,9.43µm
_01066_,9.43µm
_01129_,9.43µm
_01150_,9.43µm
_01425_,9.43µm
_01510_,9.43µm
_02344_,9.43µm
_02487_,9.43µm
_00050_,9.42µm
_01389_,9.42µm
_04950_,9.42µm
_05275_,9.42µm
_05447_,9.42µm
_03689_,9.41µm
net2405,9.405µm
_02262_,9.39µm
_04580_,9.38µm
net3031,9.38µm
net3033,9.38µm
net3131,9.38µm
net3134,9.38µm
net3163,9.38µm
_04751_,9.375µm
_01715_,9.37µm
_01721_,9.37µm
_02456_,9.37µm
_05417_,9.37µm
_05806_,9.37µm
net1633,9.37µm
net1642,9.37µm
net1684,9.37µm
net1742,9.37µm
net1783,9.37µm
net1822,9.37µm
net1956,9.37µm
net2129,9.37µm
net2163,9.37µm
net2483,9.37µm
net2615,9.37µm
net2824,9.37µm
net2888,9.37µm
net2903,9.37µm
net2919,9.37µm
_04579_,9.365µm
_00183_,9.36µm
_00388_,9.36µm
_00489_,9.36µm
_00490_,9.36µm
_00560_,9.36µm
_00702_,9.36µm
_00786_,9.36µm
_00794_,9.36µm
_00876_,9.36µm
_02649_,9.36µm
_04149_,9.36µm
_04296_,9.36µm
_04424_,9.36µm
_04437_,9.36µm
_04925_,9.36µm
net1470,9.36µm
net1522,9.36µm
net1697,9.36µm
net1736,9.36µm
net2074,9.36µm
net2165,9.36µm
net2305,9.36µm
net2523,9.36µm
net2756,9.36µm
net2837,9.36µm
_03466_,9.34µm
_03041_,9.33µm
_04495_,9.33µm
_01145_,9.31µm
_03410_,9.31µm
rst_ni,9.3µm
_04209_,9.285µm
_02703_,9.27µm
net1622,9.27µm
_04703_,9.255µm
_04486_,9.25µm
_05790_,9.25µm
_00334_,9.24µm
_01342_,9.24µm
_04374_,9.24µm
net1670,9.24µm
net2644,9.24µm
_01231_,9.225µm
_03826_,9.225µm
_04574_,9.225µm
_01302_,9.19µm
_01702_,9.19µm
_00647_,9.18µm
_01217_,9.18µm
_01227_,9.18µm
_03290_,9.18µm
_03830_,9.18µm
_04510_,9.18µm
_04545_,9.18µm
_05298_,9.18µm
_02450_,9.17µm
net2945,9.165µm
_04052_,9.16µm
_00421_,9.13µm
_00533_,9.13µm
_00697_,9.13µm
_00849_,9.13µm
_00910_,9.13µm
_00951_,9.13µm
_01101_,9.13µm
_01186_,9.13µm
_01581_,9.13µm
_02489_,9.13µm
_02497_,9.13µm
_03174_,9.13µm
_03614_,9.13µm
_03819_,9.13µm
_04099_,9.13µm
_04415_,9.13µm
_05358_,9.13µm
_05721_,9.13µm
_05862_,9.13µm
net3086,9.13µm
_01157_,9.12µm
_01190_,9.12µm
_01384_,9.12µm
_01396_,9.12µm
_02498_,9.12µm
_03094_,9.12µm
_04298_,9.12µm
_04416_,9.12µm
_04561_,9.12µm
_04681_,9.12µm
_04786_,9.12µm
_05673_,9.12µm
net1572,9.12µm
net1903,9.12µm
net1973,9.12µm
net2044,9.12µm
net2054,9.12µm
net2262,9.12µm
net2416,9.12µm
net2465,9.12µm
net2528,9.12µm
net2647,9.12µm
net2840,9.12µm
_03677_,9.1µm
_02463_,9.09µm
_00088_,9.07µm
_00101_,9.07µm
_00106_,9.07µm
_00741_,9.07µm
_01471_,9.07µm
_01508_,9.07µm
_01514_,9.07µm
_01852_,9.07µm
_02285_,9.07µm
_03470_,9.07µm
_03555_,9.07µm
_03653_,9.07µm
_04014_,9.07µm
_04267_,9.07µm
_04345_,9.07µm
_04366_,9.07µm
_05519_,9.07µm
_05823_,9.07µm
net3059,9.07µm
_00486_,9.06µm
_01830_,9.06µm
_01888_,9.02µm
_00133_,9.01µm
_00926_,9.01µm
_00960_,9.01µm
_02890_,9.01µm
_03626_,9.01µm
_03635_,9.01µm
_03727_,9.01µm
_04758_,9.01µm
net1542,9.01µm
net1828,9.01µm
net2200,9.01µm
net2382,9.01µm
net2463,9.01µm
net2753,9.01µm
net2931,9.01µm
net2974,9.01µm
net2988,9.01µm
u_picorv32.picorv32_core.count_instr\[12\],9.01µm
_01783_,9µm
_02483_,9µm
_02624_,9µm
_03082_,9µm
_03343_,9µm
_03484_,9µm
_03604_,9µm
_03898_,9µm
_04700_,9µm
net2089,9µm
net2161,9µm
_04642_,8.995µm
_04764_,8.995µm
_06000_,8.995µm
net3130,8.995µm
_03118_,8.985µm
_03844_,8.985µm
_00776_,8.98µm
_00114_,8.95µm
_00228_,8.95µm
_00331_,8.95µm
_00339_,8.95µm
_00368_,8.95µm
_00372_,8.95µm
_00373_,8.95µm
_00463_,8.95µm
_00500_,8.95µm
_00506_,8.95µm
_00508_,8.95µm
_00511_,8.95µm
_00513_,8.95µm
_00631_,8.95µm
_00644_,8.95µm
_00645_,8.95µm
_00750_,8.95µm
_00761_,8.95µm
_00842_,8.95µm
_00922_,8.95µm
_00934_,8.95µm
_00941_,8.95µm
_01068_,8.95µm
_01098_,8.95µm
_04863_,8.94µm
_03752_,8.93µm
_04240_,8.905µm
net3101,8.9µm
net3102,8.9µm
_00222_,8.89µm
_00779_,8.89µm
_01325_,8.89µm
_01497_,8.89µm
_01957_,8.89µm
_02980_,8.89µm
_03472_,8.89µm
_03654_,8.89µm
_03668_,8.89µm
_03715_,8.89µm
_04236_,8.89µm
_04774_,8.89µm
_04856_,8.89µm
net1451,8.89µm
net1576,8.89µm
net1735,8.89µm
net1782,8.89µm
net1805,8.89µm
net1846,8.89µm
net1861,8.89µm
net1940,8.89µm
net1980,8.89µm
net2024,8.89µm
net2154,8.89µm
net2235,8.89µm
net2254,8.89µm
net2268,8.89µm
net2302,8.89µm
net2333,8.89µm
net2487,8.89µm
net2511,8.89µm
net2771,8.89µm
net2855,8.89µm
_03762_,8.885µm
_00621_,8.88µm
_00670_,8.88µm
_01005_,8.88µm
_01522_,8.88µm
_02509_,8.88µm
_02659_,8.88µm
_03061_,8.88µm
_03221_,8.88µm
_04023_,8.88µm
net1528,8.88µm
net1645,8.88µm
net1914,8.88µm
net2073,8.88µm
net2093,8.88µm
net2349,8.88µm
net2565,8.88µm
_05766_,8.875µm
_03212_,8.85µm
_03257_,8.85µm
_03655_,8.85µm
_02337_,8.84µm
_00047_,8.83µm
_02234_,8.83µm
_03557_,8.83µm
_03671_,8.83µm
_05109_,8.83µm
_02444_,8.82µm
_03733_,8.805µm
_03920_,8.805µm
_05585_,8.805µm
_02339_,8.795µm
_03661_,8.795µm
_01225_,8.78µm
_02894_,8.77µm
_04417_,8.77µm
_03990_,8.765µm
_00132_,8.76µm
_00515_,8.76µm
_00944_,8.76µm
_02591_,8.76µm
_04213_,8.76µm
_01665_,8.75µm
_00202_,8.745µm
_01459_,8.71µm
_04760_,8.71µm
_02753_,8.7µm
_04212_,8.7µm
_04378_,8.7µm
_04908_,8.7µm
_05507_,8.7µm
_05867_,8.7µm
net1575,8.7µm
_05453_,8.68µm
_04210_,8.675µm
_01621_,8.665µm
_02478_,8.66µm
_00045_,8.65µm
_00788_,8.65µm
_00843_,8.65µm
_00884_,8.65µm
_01028_,8.65µm
_02369_,8.65µm
_02382_,8.65µm
_02565_,8.65µm
_03005_,8.65µm
_03675_,8.65µm
_03846_,8.65µm
_03926_,8.65µm
_04498_,8.65µm
_04610_,8.65µm
_04983_,8.65µm
_05979_,8.65µm
net3047,8.65µm
_00107_,8.64µm
_01222_,8.64µm
_01535_,8.64µm
_01719_,8.64µm
_01731_,8.64µm
_02278_,8.64µm
_02432_,8.64µm
_03683_,8.64µm
_03930_,8.64µm
_04159_,8.64µm
_04670_,8.64µm
_04695_,8.64µm
_05703_,8.64µm
net1502,8.64µm
net1552,8.64µm
net1567,8.64µm
net1753,8.64µm
net1943,8.64µm
net1971,8.64µm
net2336,8.64µm
net2352,8.64µm
net2677,8.64µm
net2879,8.64µm
u_picorv32.picorv32_core.latched_rd\[3\],8.64µm
net1527,8.63µm
_00096_,8.59µm
_00116_,8.59µm
_00200_,8.59µm
_00236_,8.59µm
_00251_,8.59µm
_00324_,8.59µm
_00365_,8.59µm
_00501_,8.59µm
_00582_,8.59µm
_00633_,8.59µm
_00719_,8.59µm
_00743_,8.59µm
_00804_,8.59µm
_00930_,8.59µm
_01007_,8.59µm
_01064_,8.59µm
_01202_,8.59µm
_01309_,8.59µm
_02177_,8.59µm
_02371_,8.59µm
_02679_,8.59µm
_04194_,8.59µm
_04785_,8.59µm
net89,8.59µm
net92,8.59µm
net97,8.59µm
u_picorv32.picorv32_core.alu_out_q\[18\],8.59µm
_00216_,8.58µm
_00336_,8.58µm
_00451_,8.58µm
_00527_,8.58µm
_00751_,8.58µm
_02844_,8.58µm
net3141,8.58µm
net2133,8.57µm
_01071_,8.565µm
net2191,8.565µm
_05932_,8.55µm
_03821_,8.54µm
_00181_,8.53µm
_01132_,8.53µm
_01651_,8.53µm
_01890_,8.53µm
_05360_,8.53µm
net1506,8.53µm
net1627,8.53µm
net1717,8.53µm
net1754,8.53µm
net1885,8.53µm
net1960,8.53µm
net1962,8.53µm
net2214,8.53µm
net2238,8.53µm
net2260,8.53µm
net2330,8.53µm
net2377,8.53µm
net2383,8.53µm
net2420,8.53µm
net2440,8.53µm
net2467,8.53µm
net2595,8.53µm
net2609,8.53µm
net2641,8.53µm
net2782,8.53µm
net2841,8.53µm
net2847,8.53µm
net2968,8.53µm
net2982,8.53µm
_00800_,8.52µm
_01084_,8.52µm
_01894_,8.52µm
_02442_,8.52µm
_02851_,8.52µm
_03757_,8.52µm
_04819_,8.52µm
_05843_,8.52µm
net1565,8.52µm
net1573,8.52µm
net1882,8.52µm
net2243,8.52µm
net2739,8.52µm
net2928,8.52µm
_05005_,8.515µm
u_picorv32.picorv32_core.alu_out\[5\],8.515µm
_05860_,8.505µm
mem_axi_araddr[12],8.505µm
mem_axi_araddr[21],8.505µm
mem_axi_araddr[30],8.505µm
mem_axi_araddr[3],8.505µm
_02571_,8.49µm
_03077_,8.485µm
_05679_,8.48µm
_00139_,8.47µm
_00152_,8.47µm
_00212_,8.47µm
_00245_,8.47µm
_00259_,8.47µm
_00260_,8.47µm
_00292_,8.47µm
_00325_,8.47µm
_00359_,8.47µm
_00371_,8.47µm
_00385_,8.47µm
_00448_,8.47µm
_00543_,8.47µm
_00570_,8.47µm
_00610_,8.47µm
_00668_,8.47µm
_00703_,8.47µm
_00745_,8.47µm
_00754_,8.47µm
_00789_,8.47µm
_00902_,8.47µm
_00935_,8.47µm
_00974_,8.47µm
_00979_,8.47µm
_00982_,8.47µm
_00999_,8.47µm
_01010_,8.47µm
_01044_,8.47µm
_01058_,8.47µm
_01069_,8.47µm
_01090_,8.47µm
_04019_,8.46µm
_02408_,8.42µm
_05603_,8.42µm
net3145,8.42µm
net3147,8.42µm
_00624_,8.41µm
_01466_,8.41µm
_01804_,8.41µm
_01941_,8.41µm
_01978_,8.41µm
_02370_,8.41µm
_02651_,8.41µm
_03019_,8.41µm
_03137_,8.41µm
_03323_,8.41µm
_03367_,8.41µm
_03535_,8.41µm
_03596_,8.41µm
_04705_,8.41µm
_05069_,8.41µm
_05558_,8.41µm
_05629_,8.41µm
_05743_,8.41µm
_05959_,8.41µm
_05962_,8.41µm
net1498,8.41µm
net1559,8.41µm
net1603,8.41µm
net1652,8.41µm
net1666,8.41µm
net1851,8.41µm
net1954,8.41µm
net2027,8.41µm
net2057,8.41µm
net2116,8.41µm
net2264,8.41µm
net2344,8.41µm
net2727,8.41µm
u_picorv32.picorv32_core.instr_fence,8.41µm
_04696_,8.405µm
_00070_,8.4µm
_00160_,8.4µm
_00269_,8.4µm
_00279_,8.4µm
_00294_,8.4µm
_01121_,8.4µm
_01493_,8.4µm
_01598_,8.4µm
_03560_,8.4µm
_03911_,8.4µm
net1941,8.4µm
net2495,8.4µm
_03451_,8.385µm
_02219_,8.375µm
_03525_,8.36µm
_02577_,8.35µm
_02888_,8.35µm
_03884_,8.34µm
_04542_,8.34µm
_01046_,8.325µm
_04468_,8.325µm
_01576_,8.3µm
_01911_,8.3µm
_02526_,8.3µm
_03086_,8.3µm
_03623_,8.3µm
_04827_,8.295µm
_04002_,8.29µm
_04912_,8.29µm
_05906_,8.29µm
_00296_,8.28µm
_00575_,8.28µm
_00918_,8.28µm
_01228_,8.28µm
_01526_,8.28µm
_02942_,8.28µm
_04907_,8.28µm
net106,8.28µm
_00658_,8.265µm
_04538_,8.26µm
_03556_,8.245µm
_00039_,8.23µm
_01177_,8.23µm
_01315_,8.23µm
_01530_,8.22µm
_03291_,8.22µm
_03704_,8.22µm
_03829_,8.22µm
_04559_,8.22µm
_05819_,8.22µm
_03353_,8.215µm
_04469_,8.21µm
_02400_,8.205µm
net2251,8.205µm
net2517,8.205µm
_01118_,8.2µm
_05390_,8.195µm
_03886_,8.19µm
_03807_,8.185µm
_00712_,8.175µm
_01669_,8.17µm
_02705_,8.17µm
_02781_,8.17µm
_03196_,8.17µm
_03299_,8.17µm
_03327_,8.17µm
_03796_,8.17µm
_03825_,8.17µm
_04105_,8.17µm
_04263_,8.17µm
_04601_,8.17µm
_05667_,8.17µm
u_picorv32.pcpi_rs1\[12\],8.17µm
net3028,8.17µm
_01367_,8.16µm
_02067_,8.16µm
_02353_,8.16µm
_02531_,8.16µm
_02662_,8.16µm
_02701_,8.16µm
_03039_,8.16µm
_03709_,8.16µm
_04117_,8.16µm
_04732_,8.16µm
_04975_,8.16µm
_04981_,8.16µm
_05274_,8.16µm
_05580_,8.16µm
net1482,8.16µm
net1490,8.16µm
net1494,8.16µm
net1580,8.16µm
net1589,8.16µm
net1611,8.16µm
net1637,8.16µm
net1644,8.16µm
net1650,8.16µm
net1674,8.16µm
net1682,8.16µm
net1688,8.16µm
net1714,8.16µm
net1728,8.16µm
net1778,8.16µm
net1786,8.16µm
net1788,8.16µm
net1829,8.16µm
net1831,8.16µm
net1843,8.16µm
net1897,8.16µm
net1931,8.16µm
net1959,8.16µm
net1963,8.16µm
net1978,8.16µm
net1989,8.16µm
net2068,8.16µm
net2091,8.16µm
net2121,8.16µm
net2131,8.16µm
net2141,8.16µm
net2195,8.16µm
net2203,8.16µm
net2216,8.16µm
net2219,8.16µm
net2237,8.16µm
net2279,8.16µm
net2286,8.16µm
net2358,8.16µm
net2369,8.16µm
net2408,8.16µm
net2409,8.16µm
net2411,8.16µm
net2423,8.16µm
net2439,8.16µm
net2452,8.16µm
net2479,8.16µm
net2541,8.16µm
net2584,8.16µm
net2600,8.16µm
net2631,8.16µm
net2643,8.16µm
net2693,8.16µm
net2721,8.16µm
net2757,8.16µm
net2769,8.16µm
net2814,8.16µm
net2838,8.16µm
net2896,8.16µm
net2936,8.16µm
net2941,8.16µm
net2958,8.16µm
net3011,8.16µm
net3016,8.16µm
u_picorv32.picorv32_core.alu_out_q\[22\],8.16µm
u_picorv32.picorv32_core.instr_jal,8.16µm
_00505_,8.145µm
_00526_,8.145µm
_03155_,8.145µm
_02605_,8.125µm
_00020_,8.11µm
_00232_,8.11µm
_00244_,8.11µm
_00392_,8.11µm
_00442_,8.11µm
_00528_,8.11µm
_00539_,8.11µm
_00627_,8.11µm
_00680_,8.11µm
_00753_,8.11µm
_00808_,8.11µm
_00824_,8.11µm
_00903_,8.11µm
_00920_,8.11µm
_00921_,8.11µm
_00924_,8.11µm
_00928_,8.11µm
_01000_,8.11µm
_01061_,8.11µm
_01103_,8.11µm
_01107_,8.11µm
_01255_,8.11µm
_01287_,8.11µm
_01440_,8.11µm
_01789_,8.11µm
_02257_,8.11µm
_02642_,8.11µm
_02716_,8.11µm
_03418_,8.11µm
_03508_,8.11µm
_03566_,8.11µm
_03638_,8.11µm
_03642_,8.11µm
_04140_,8.11µm
net80,8.11µm
net81,8.11µm
net82,8.11µm
net84,8.11µm
net85,8.11µm
net86,8.11µm
net90,8.11µm
net99,8.11µm
net100,8.11µm
u_picorv32.pcpi_rs1\[24\],8.11µm
_00145_,8.1µm
_00343_,8.1µm
_00637_,8.1µm
_00957_,8.1µm
_00985_,8.1µm
_03146_,8.1µm
_03567_,8.1µm
_04135_,8.095µm
net2570,8.095µm
_03100_,8.09µm
net2016,8.085µm
net2140,8.085µm
net1415,8.085µm
mem_axi_araddr[10],8.085µm
mem_axi_araddr[19],8.085µm
mem_axi_arprot[2],8.085µm
net,8.085µm
_00836_,8.06µm
_04818_,8.06µm
_00272_,8.05µm
_00507_,8.05µm
_00763_,8.05µm
_01109_,8.05µm
_02243_,8.05µm
net1818,8.05µm
net1836,8.05µm
net1919,8.05µm
net1946,8.05µm
net1972,8.05µm
net2111,8.05µm
net2183,8.05µm
net2184,8.05µm
net2263,8.05µm
net2375,8.05µm
net2429,8.05µm
net2501,8.05µm
net2614,8.05µm
net2731,8.05µm
_00276_,8.04µm
_00323_,8.04µm
_00487_,8.04µm
_00534_,8.04µm
_01083_,8.04µm
_01135_,8.04µm
_01465_,8.04µm
_01500_,8.04µm
_02585_,8.04µm
_03207_,8.04µm
_03330_,8.04µm
_03483_,8.04µm
_03504_,8.04µm
_03607_,8.04µm
net1430,8.04µm
net1462,8.04µm
net1463,8.04µm
net1553,8.04µm
net1564,8.04µm
net1570,8.04µm
net1724,8.04µm
net1889,8.04µm
net2008,8.04µm
net2029,8.04µm
net2164,8.04µm
net2196,8.04µm
net2253,8.04µm
net2351,8.04µm
net2356,8.04µm
net135,8.04µm
_04499_,8.035µm
_05085_,8.035µm
_05210_,8.035µm
_05842_,8.035µm
_05955_,8.035µm
_00340_,8.02µm
_00395_,8.02µm
_02296_,8.02µm
_00871_,8.01µm
_00174_,7.99µm
_00194_,7.99µm
_00243_,7.99µm
_00348_,7.99µm
_00381_,7.99µm
_00410_,7.99µm
_00497_,7.99µm
_00541_,7.99µm
_00660_,7.99µm
_00661_,7.99µm
_00675_,7.99µm
_00685_,7.99µm
_00699_,7.99µm
_00733_,7.99µm
_00769_,7.99µm
_00807_,7.99µm
_00839_,7.99µm
_00889_,7.99µm
_00890_,7.99µm
_00980_,7.99µm
_00986_,7.99µm
_01003_,7.99µm
_01060_,7.99µm
_01072_,7.99µm
_01073_,7.99µm
_01087_,7.99µm
_01104_,7.99µm
_01130_,7.99µm
_02555_,7.99µm
_01749_,7.98µm
_04396_,7.98µm
_04512_,7.98µm
_04763_,7.98µm
_04496_,7.975µm
net2271,7.95µm
_02080_,7.94µm
_02593_,7.94µm
net3025,7.94µm
net3108,7.94µm
net3133,7.94µm
_00055_,7.93µm
_00061_,7.93µm
_00676_,7.93µm
_02517_,7.93µm
_02618_,7.93µm
_02740_,7.93µm
_03854_,7.93µm
_04549_,7.93µm
_04779_,7.93µm
_05293_,7.93µm
_05596_,7.93µm
net1438,7.93µm
net1520,7.93µm
net1562,7.93µm
net1664,7.93µm
net1844,7.93µm
net2028,7.93µm
net2076,7.93µm
net2181,7.93µm
net2384,7.93µm
net2390,7.93µm
net2448,7.93µm
net2688,7.93µm
net2733,7.93µm
net2923,7.93µm
net2929,7.93µm
_01304_,7.92µm
_02012_,7.92µm
_02592_,7.92µm
_04049_,7.92µm
_04506_,7.92µm
_04829_,7.92µm
_05752_,7.92µm
net2180,7.92µm
net2201,7.92µm
net2365,7.92µm
_05627_,7.915µm
_00119_,7.905µm
_02010_,7.9µm
_03101_,7.88µm
_05075_,7.88µm
_03813_,7.87µm
_03892_,7.87µm
_05239_,7.87µm
_05317_,7.87µm
net2245,7.865µm
_00149_,7.86µm
_02543_,7.86µm
_03271_,7.86µm
_05334_,7.86µm
_00602_,7.845µm
_02731_,7.845µm
u_picorv32.picorv32_core.alu_out_q\[24\],7.845µm
_03809_,7.83µm
_04505_,7.83µm
_02418_,7.825µm
_04804_,7.81µm
_04822_,7.81µm
_04900_,7.81µm
_05508_,7.81µm
_00400_,7.8µm
_00477_,7.8µm
_00488_,7.8µm
_00805_,7.8µm
_00892_,7.8µm
_01259_,7.8µm
_01470_,7.8µm
_01899_,7.8µm
_03206_,7.8µm
_03882_,7.8µm
_03910_,7.8µm
_04846_,7.8µm
_06016_,7.8µm
net1955,7.8µm
_00475_,7.785µm
_02378_,7.78µm
_04224_,7.78µm
_04913_,7.78µm
_04723_,7.775µm
_00063_,7.76µm
_00099_,7.75µm
_00108_,7.75µm
_00112_,7.75µm
_00120_,7.75µm
_00125_,7.75µm
_01188_,7.75µm
_01292_,7.75µm
_01423_,7.75µm
_02048_,7.75µm
_05252_,7.75µm
_00053_,7.74µm
_00121_,7.74µm
_00363_,7.74µm
_00958_,7.74µm
_02757_,7.74µm
_03738_,7.74µm
_04860_,7.74µm
net83,7.74µm
net88,7.74µm
net123,7.74µm
net1441,7.725µm
net1718,7.725µm
net2331,7.725µm
net2389,7.725µm
_01267_,7.69µm
_01990_,7.69µm
_02092_,7.69µm
_03571_,7.69µm
_03581_,7.69µm
_03893_,7.69µm
_04203_,7.69µm
_04868_,7.69µm
_05029_,7.69µm
_05430_,7.69µm
_05764_,7.69µm
_05805_,7.69µm
_05902_,7.69µm
_05914_,7.69µm
_01361_,7.68µm
_01479_,7.68µm
_03095_,7.68µm
_03193_,7.68µm
_03957_,7.68µm
_04091_,7.68µm
_04196_,7.68µm
_04462_,7.68µm
_04631_,7.68µm
_04782_,7.68µm
_05461_,7.68µm
_05912_,7.68µm
net1625,7.68µm
net1811,7.68µm
net1812,7.68µm
net1823,7.68µm
net1884,7.68µm
net1891,7.68µm
net1933,7.68µm
net2036,7.68µm
net2386,7.68µm
net2652,7.68µm
net2954,7.68µm
u_picorv32.picorv32_core.latched_rd\[4\],7.68µm
net3030,7.68µm
net3053,7.68µm
net3070,7.68µm
_02673_,7.665µm
mem_axi_araddr[17],7.665µm
mem_axi_araddr[26],7.665µm
mem_axi_araddr[8],7.665µm
_00129_,7.63µm
_00179_,7.63µm
_00249_,7.63µm
_00338_,7.63µm
_00366_,7.63µm
_00405_,7.63µm
_00407_,7.63µm
_00438_,7.63µm
_00482_,7.63µm
_00514_,7.63µm
_00524_,7.63µm
_00604_,7.63µm
_00619_,7.63µm
_00630_,7.63µm
_00659_,7.63µm
_00667_,7.63µm
_00734_,7.63µm
_00738_,7.63µm
_00739_,7.63µm
_00742_,7.63µm
_00759_,7.63µm
_00764_,7.63µm
_00774_,7.63µm
_00854_,7.63µm
_00859_,7.63µm
_00872_,7.63µm
_00963_,7.63µm
_01013_,7.63µm
_01057_,7.63µm
_01089_,7.63µm
_01146_,7.63µm
_01349_,7.63µm
_01357_,7.63µm
_01426_,7.63µm
_01485_,7.63µm
_01660_,7.63µm
_02471_,7.63µm
_02660_,7.63µm
_04144_,7.63µm
_04817_,7.63µm
_05720_,7.63µm
_05745_,7.63µm
net87,7.63µm
net93,7.63µm
u_picorv32.picorv32_core.alu_out_q\[20\],7.63µm
u_picorv32.picorv32_core.alu_out_q\[30\],7.63µm
_00206_,7.62µm
_00234_,7.62µm
_00265_,7.62µm
_00402_,7.62µm
_00523_,7.62µm
_00563_,7.62µm
_00698_,7.62µm
_00866_,7.62µm
_00947_,7.62µm
_00990_,7.62µm
_00997_,7.62µm
_01015_,7.62µm
_01049_,7.62µm
_01091_,7.62µm
_01449_,7.62µm
_01099_,7.59µm
_03055_,7.58µm
_03098_,7.575µm
_00521_,7.57µm
_00649_,7.57µm
_00762_,7.57µm
_01106_,7.57µm
_03680_,7.57µm
_04359_,7.57µm
_04367_,7.57µm
_05437_,7.57µm
_05835_,7.57µm
_05844_,7.57µm
net1448,7.57µm
net1566,7.57µm
net1794,7.57µm
net2110,7.57µm
net2128,7.57µm
net2402,7.57µm
net2785,7.57µm
net2843,7.57µm
net2917,7.57µm
net2918,7.57µm
_01952_,7.565µm
_00414_,7.56µm
_00640_,7.56µm
_00709_,7.56µm
_03400_,7.56µm
_04560_,7.56µm
_05136_,7.56µm
_05972_,7.56µm
net1434,7.56µm
net1485,7.56µm
net1731,7.56µm
net1803,7.56µm
net1947,7.56µm
net2070,7.56µm
net2297,7.56µm
net2317,7.56µm
net2604,7.56µm
net2622,7.56µm
net2686,7.56µm
_01583_,7.555µm
_02519_,7.555µm
_04405_,7.555µm
_00436_,7.54µm
_04461_,7.54µm
_05371_,7.535µm
_00312_,7.53µm
_04535_,7.53µm
_01825_,7.525µm
_01849_,7.52µm
_01646_,7.515µm
_00308_,7.51µm
_00480_,7.51µm
_00492_,7.51µm
_00535_,7.51µm
_00540_,7.51µm
_00778_,7.51µm
_01332_,7.51µm
_01509_,7.51µm
_02710_,7.51µm
_02717_,7.51µm
_02720_,7.51µm
_00062_,7.5µm
_04110_,7.5µm
_04264_,7.5µm
u_picorv32.picorv32_core.alu_out_q\[15\],7.5µm
_03775_,7.485µm
_02424_,7.48µm
_00423_,7.47µm
_03711_,7.46µm
_05784_,7.46µm
net3135,7.46µm
net3154,7.46µm
_00017_,7.45µm
_00151_,7.45µm
_02269_,7.45µm
_02430_,7.45µm
_02609_,7.45µm
_03390_,7.45µm
_03524_,7.45µm
_03528_,7.45µm
_03717_,7.45µm
_04284_,7.45µm
_04460_,7.45µm
_04467_,7.45µm
_05581_,7.45µm
_05901_,7.45µm
net1505,7.45µm
net1681,7.45µm
net1896,7.45µm
net1915,7.45µm
net2108,7.45µm
net2123,7.45µm
net2312,7.45µm
net2374,7.45µm
net2535,7.45µm
net2563,7.45µm
net2736,7.45µm
net2740,7.45µm
net2747,7.45µm
net2852,7.45µm
u_picorv32.picorv32_core.alu_out_q\[23\],7.45µm
_01354_,7.44µm
_02155_,7.44µm
_03972_,7.44µm
_04139_,7.44µm
net1858,7.44µm
_04022_,7.425µm
_04603_,7.425µm
_00821_,7.42µm
_06008_,7.41µm
_04657_,7.4µm
_01964_,7.39µm
_02824_,7.39µm
_05226_,7.39µm
net2582,7.39µm
net2681,7.39µm
_01578_,7.375µm
_04249_,7.37µm
_03048_,7.365µm
_01854_,7.345µm
_03317_,7.33µm
_03850_,7.33µm
_00182_,7.32µm
_00303_,7.32µm
_00384_,7.32µm
_00418_,7.32µm
_00964_,7.32µm
_01122_,7.32µm
net2606,7.32µm
net2672,7.32µm
_00178_,7.305µm
_00727_,7.305µm
_01054_,7.305µm
_01077_,7.305µm
_04401_,7.305µm
u_picorv32.picorv32_core.alu_out\[0\],7.305µm
net2792,7.29µm
_00044_,7.27µm
_01424_,7.27µm
_01445_,7.27µm
_01502_,7.27µm
_04001_,7.27µm
net3064,7.27µm
_00069_,7.26µm
_00204_,7.26µm
_01388_,7.26µm
_01616_,7.26µm
_01745_,7.26µm
_02549_,7.26µm
_02629_,7.26µm
_02633_,7.26µm
_02727_,7.26µm
_02732_,7.26µm
_02914_,7.26µm
_03699_,7.26µm
_03941_,7.26µm
_03998_,7.26µm
_04483_,7.26µm
_04550_,7.26µm
_04624_,7.26µm
_05754_,7.26µm
_05875_,7.26µm
_06011_,7.26µm
_06013_,7.26µm
net98,7.26µm
net3034,7.26µm
net3036,7.26µm
net3044,7.26µm
net1857,7.255µm
net2126,7.245µm
mem_axi_araddr[15],7.245µm
mem_axi_araddr[20],7.245µm
mem_axi_araddr[6],7.245µm
_00034_,7.21µm
_00850_,7.21µm
_03311_,7.21µm
_03681_,7.21µm
_03746_,7.21µm
_03878_,7.21µm
_04056_,7.21µm
_04529_,7.21µm
_05566_,7.21µm
_05869_,7.21µm
u_picorv32.picorv32_core.alu_out_q\[29\],7.21µm
net3092,7.21µm
_00113_,7.2µm
_01606_,7.2µm
_02383_,7.2µm
_02652_,7.2µm
_02729_,7.2µm
_02742_,7.2µm
_03022_,7.2µm
_03078_,7.2µm
_03138_,7.2µm
_03188_,7.2µm
_03578_,7.2µm
_03659_,7.2µm
_03777_,7.2µm
_03964_,7.2µm
_05046_,7.2µm
_05782_,7.2µm
net1614,7.2µm
net1643,7.2µm
net1671,7.2µm
net1695,7.2µm
net1716,7.2µm
net1827,7.2µm
net1924,7.2µm
net2002,7.2µm
net2019,7.2µm
net2034,7.2µm
net2066,7.2µm
net2146,7.2µm
net2223,7.2µm
net2229,7.2µm
net2445,7.2µm
net2524,7.2µm
_00166_,7.185µm
_00369_,7.185µm
_03742_,7.185µm
_00095_,7.15µm
_00130_,7.15µm
_00148_,7.15µm
_00162_,7.15µm
_00191_,7.15µm
_00197_,7.15µm
_00199_,7.15µm
_00209_,7.15µm
_00281_,7.15µm
_00297_,7.15µm
_00321_,7.15µm
_00404_,7.15µm
_00433_,7.15µm
_00467_,7.15µm
_00502_,7.15µm
_00531_,7.15µm
_00552_,7.15µm
_00620_,7.15µm
_00674_,7.15µm
_00736_,7.15µm
_00748_,7.15µm
_00757_,7.15µm
_00758_,7.15µm
_00773_,7.15µm
_00860_,7.15µm
_00948_,7.15µm
_00998_,7.15µm
_01070_,7.15µm
_01096_,7.15µm
_01097_,7.15µm
_01204_,7.15µm
_01266_,7.15µm
_01352_,7.15µm
_01468_,7.15µm
_01819_,7.15µm
_02194_,7.15µm
_02467_,7.15µm
_02749_,7.15µm
_03016_,7.15µm
_03115_,7.15µm
_04009_,7.15µm
_04015_,7.15µm
_04070_,7.15µm
_04514_,7.15µm
_04739_,7.15µm
_05731_,7.15µm
net3107,7.15µm
_00025_,7.14µm
_00156_,7.14µm
_00208_,7.14µm
_00221_,7.14µm
_00233_,7.14µm
_00253_,7.14µm
_00285_,7.14µm
_00460_,7.14µm
_00473_,7.14µm
_00474_,7.14µm
_00520_,7.14µm
_00603_,7.14µm
_00656_,7.14µm
_00784_,7.14µm
_00819_,7.14µm
_00965_,7.14µm
_00988_,7.14µm
_01062_,7.14µm
_01082_,7.14µm
_01112_,7.14µm
_01116_,7.14µm
_02023_,7.14µm
_03621_,7.14µm
_03815_,7.14µm
_03867_,7.14µm
_05886_,7.14µm
_03823_,7.135µm
net2872,7.125µm
_03249_,7.1µm
_03262_,7.1µm
_03468_,7.1µm
_00679_,7.09µm
_02198_,7.09µm
_03774_,7.09µm
net1585,7.09µm
net1750,7.09µm
net1804,7.09µm
net1987,7.09µm
net2594,7.09µm
net2687,7.09µm
net2763,7.09µm
net2821,7.09µm
net2846,7.09µm
net2983,7.09µm
_00845_,7.08µm
_01076_,7.08µm
_01306_,7.08µm
_01334_,7.08µm
_01605_,7.08µm
_02190_,7.08µm
_03552_,7.08µm
_03808_,7.08µm
_04281_,7.08µm
_05163_,7.08µm
net1432,7.08µm
net1641,7.08µm
net1744,7.08µm
net1769,7.08µm
net2003,7.08µm
net2011,7.08µm
net2017,7.08µm
net2106,7.08µm
net2221,7.08µm
net2236,7.08µm
net2400,7.08µm
net2676,7.08µm
_02038_,7.075µm
_03520_,7.075µm
_03822_,7.075µm
_04490_,7.075µm
_04519_,7.075µm
_05990_,7.075µm
_00623_,7.06µm
_01002_,7.06µm
_01912_,7.06µm
_05502_,7.06µm
_00677_,7.05µm
_00955_,7.05µm
_02271_,7.05µm
_03872_,7.05µm
_03758_,7.04µm
_00161_,7.03µm
_00180_,7.03µm
_00311_,7.03µm
_00313_,7.03µm
_00317_,7.03µm
_00503_,7.03µm
_00546_,7.03µm
_00569_,7.03µm
_00617_,7.03µm
_00643_,7.03µm
_00724_,7.03µm
_00791_,7.03µm
_00795_,7.03µm
_00878_,7.03µm
_00909_,7.03µm
_00967_,7.03µm
_01009_,7.03µm
_01045_,7.03µm
_01126_,7.03µm
_01356_,7.03µm
_01409_,7.03µm
_03058_,7.03µm
_03103_,7.03µm
_03164_,7.03µm
_00048_,7.02µm
_02197_,7.015µm
_02626_,7.005µm
_02188_,6.995µm
_05777_,6.99µm
_01358_,6.98µm
_01855_,6.98µm
_02036_,6.98µm
_03187_,6.98µm
_03321_,6.98µm
_05868_,6.98µm
net3099,6.98µm
net3132,6.98µm
_01248_,6.97µm
_01701_,6.97µm
_02449_,6.97µm
_02661_,6.97µm
_02756_,6.97µm
_02834_,6.97µm
_02903_,6.97µm
_02940_,6.97µm
_04130_,6.97µm
_04286_,6.97µm
_04311_,6.97µm
_04497_,6.97µm
_04515_,6.97µm
_04736_,6.97µm
_05816_,6.97µm
net1593,6.97µm
net1912,6.97µm
net2401,6.97µm
net2491,6.97µm
net2532,6.97µm
net2536,6.97µm
net2578,6.97µm
net2758,6.97µm
net2913,6.97µm
net2970,6.97µm
net3143,6.97µm
_04749_,6.965µm
_05759_,6.965µm
_00036_,6.96µm
_01331_,6.96µm
_01427_,6.96µm
_01439_,6.96µm
_02164_,6.96µm
_03496_,6.96µm
_03564_,6.96µm
_04899_,6.96µm
_02362_,6.92µm
_04199_,6.92µm
_02550_,6.915µm
_02779_,6.91µm
_04572_,6.91µm
_04662_,6.91µm
_04994_,6.91µm
_04026_,6.9µm
_02607_,6.89µm
_03313_,6.885µm
_02326_,6.875µm
_04755_,6.87µm
_02583_,6.86µm
_03551_,6.85µm
_00093_,6.84µm
_00186_,6.84µm
_00218_,6.84µm
_00252_,6.84µm
_00302_,6.84µm
_00309_,6.84µm
_00864_,6.84µm
_01172_,6.84µm
_01189_,6.84µm
_01229_,6.84µm
_02100_,6.84µm
_02181_,6.84µm
_02303_,6.84µm
_03166_,6.84µm
_03985_,6.84µm
net2444,6.84µm
net37,6.84µm
_00855_,6.825µm
_05811_,6.825µm
mem_axi_araddr[13],6.825µm
mem_axi_araddr[31],6.825µm
mem_axi_araddr[4],6.825µm
_04425_,6.805µm
_00081_,6.79µm
_00122_,6.79µm
_01260_,6.79µm
_01351_,6.79µm
net3095,6.79µm
_00060_,6.78µm
_00327_,6.78µm
_00483_,6.78µm
_00516_,6.78µm
_00549_,6.78µm
_00787_,6.78µm
_00837_,6.78µm
_00905_,6.78µm
_00989_,6.78µm
_01631_,6.78µm
_02054_,6.78µm
_02135_,6.78µm
_02292_,6.78µm
_02406_,6.78µm
_02578_,6.78µm
_02641_,6.78µm
_03202_,6.78µm
_03277_,6.78µm
_04007_,6.78µm
_04034_,6.78µm
_04553_,6.78µm
_04759_,6.78µm
_05864_,6.78µm
net3018,6.78µm
net1417,6.775µm
mem_axi_araddr[11],6.775µm
mem_axi_araddr[14],6.775µm
mem_axi_araddr[16],6.775µm
mem_axi_araddr[23],6.775µm
mem_axi_araddr[25],6.775µm
mem_axi_araddr[28],6.775µm
mem_axi_araddr[29],6.775µm
mem_axi_araddr[2],6.775µm
mem_axi_araddr[5],6.775µm
mem_axi_araddr[7],6.775µm
mem_axi_arvalid,6.775µm
_05852_,6.76µm
net2234,6.76µm
_03963_,6.745µm
_01842_,6.73µm
_02619_,6.73µm
_03234_,6.73µm
_03632_,6.73µm
_03710_,6.73µm
_03816_,6.73µm
_03895_,6.73µm
_04295_,6.73µm
_04319_,6.73µm
_04772_,6.73µm
_04838_,6.73µm
_05282_,6.73µm
_05741_,6.73µm
_01218_,6.72µm
_01340_,6.72µm
_01926_,6.72µm
_02041_,6.72µm
_02134_,6.72µm
_02172_,6.72µm
_02335_,6.72µm
_02646_,6.72µm
_02847_,6.72µm
_03237_,6.72µm
_04092_,6.72µm
_04472_,6.72µm
_04674_,6.72µm
_04783_,6.72µm
_04915_,6.72µm
_05628_,6.72µm
_05939_,6.72µm
net1944,6.72µm
net2135,6.72µm
net2637,6.72µm
net2715,6.72µm
net2861,6.72µm
_05920_,6.715µm
_00176_,6.705µm
_01111_,6.705µm
_03603_,6.705µm
_04418_,6.7µm
_03422_,6.69µm
_05824_,6.69µm
_02863_,6.675µm
_00075_,6.67µm
_00118_,6.67µm
_00257_,6.67µm
_00258_,6.67µm
_00571_,6.67µm
_00592_,6.67µm
_00606_,6.67µm
_00654_,6.67µm
_00665_,6.67µm
_00671_,6.67µm
_00678_,6.67µm
_00687_,6.67µm
_00747_,6.67µm
_00812_,6.67µm
_00825_,6.67µm
_00827_,6.67µm
_00853_,6.67µm
_00880_,6.67µm
_00959_,6.67µm
_01019_,6.67µm
_01080_,6.67µm
_01110_,6.67µm
_01237_,6.67µm
_01355_,6.67µm
_01401_,6.67µm
_01429_,6.67µm
_01977_,6.67µm
_03276_,6.67µm
_03294_,6.67µm
_03298_,6.67µm
_03429_,6.67µm
_03446_,6.67µm
_05306_,6.67µm
_05524_,6.67µm
_05715_,6.67µm
_05879_,6.67µm
net3093,6.67µm
_00499_,6.66µm
_00536_,6.66µm
_00566_,6.66µm
_00701_,6.66µm
_00714_,6.66µm
_00869_,6.66µm
_01004_,6.66µm
_01418_,6.66µm
_03109_,6.66µm
_04885_,6.66µm
_03547_,6.645µm
_04120_,6.645µm
_01718_,6.635µm
_04003_,6.61µm
_04222_,6.61µm
_04373_,6.61µm
_04957_,6.61µm
_05965_,6.61µm
net1431,6.61µm
net1657,6.61µm
net1662,6.61µm
net1868,6.61µm
net1906,6.61µm
net1967,6.61µm
net2240,6.61µm
net2388,6.61µm
net2602,6.61µm
net2957,6.61µm
net2964,6.61µm
_00014_,6.6µm
_01179_,6.6µm
_01275_,6.6µm
_03469_,6.6µm
_03649_,6.6µm
_03788_,6.6µm
_05630_,6.6µm
net1685,6.6µm
net1752,6.6µm
net2192,6.6µm
net2282,6.6µm
net2580,6.6µm
net2720,6.6µm
net2774,6.6µm
net2898,6.6µm
net2973,6.6µm
_01239_,6.595µm
_01976_,6.595µm
_03824_,6.595µm
_04463_,6.595µm
_06002_,6.595µm
_04442_,6.585µm
_05199_,6.585µm
_00136_,6.57µm
_02395_,6.56µm
_04604_,6.56µm
_00038_,6.55µm
_00434_,6.55µm
_00689_,6.55µm
_00752_,6.55µm
_01463_,6.55µm
_02040_,6.54µm
_04073_,6.535µm
_05716_,6.525µm
_05458_,6.52µm
_02712_,6.51µm
_04131_,6.51µm
_01170_,6.5µm
_01283_,6.5µm
_03197_,6.5µm
_03670_,6.5µm
_03778_,6.5µm
_05425_,6.5µm
_04274_,6.495µm
_05925_,6.495µm
net1563,6.495µm
_01897_,6.49µm
_02162_,6.49µm
_02274_,6.49µm
_02457_,6.49µm
_02764_,6.49µm
_03521_,6.49µm
_03754_,6.49µm
_04294_,6.49µm
_04606_,6.49µm
_04625_,6.49µm
_04840_,6.49µm
_05049_,6.49µm
_05350_,6.49µm
_05691_,6.49µm
_05735_,6.49µm
_05876_,6.49µm
net1473,6.49µm
net1486,6.49µm
net1651,6.49µm
net1837,6.49µm
net1977,6.49µm
net2099,6.49µm
net2168,6.49µm
net2178,6.49µm
net2204,6.49µm
net2496,6.49µm
net2700,6.49µm
net2760,6.49µm
net2815,6.49µm
net2863,6.49µm
net2926,6.49µm
net2953,6.49µm
net2963,6.49µm
net2998,6.49µm
net3149,6.49µm
u_picorv32.picorv32_core.reg_out\[29\],6.485µm
_02144_,6.48µm
_02469_,6.48µm
_03925_,6.48µm
_03969_,6.48µm
_04335_,6.48µm
_04682_,6.48µm
_04788_,6.48µm
_05569_,6.48µm
_05645_,6.48µm
_05660_,6.48µm
net1842,6.48µm
net2506,6.48µm
_02006_,6.44µm
_03568_,6.44µm
_04365_,6.44µm
_04088_,6.43µm
_05572_,6.43µm
net2318,6.43µm
_00018_,6.42µm
_01327_,6.42µm
_01456_,6.42µm
_02361_,6.415µm
_04108_,6.405µm
_04272_,6.405µm
net2526,6.39µm
_02366_,6.385µm
_01891_,6.38µm
_02653_,6.38µm
_03324_,6.38µm
_05817_,6.38µm
_02443_,6.37µm
_03076_,6.37µm
_00416_,6.36µm
_00580_,6.36µm
_00588_,6.36µm
_00690_,6.36µm
_01041_,6.36µm
_01224_,6.36µm
_01487_,6.36µm
_01528_,6.36µm
_01539_,6.36µm
_03476_,6.36µm
_05769_,6.36µm
u_picorv32.picorv32_core.alu_out_q\[4\],6.36µm
mem_axi_araddr[18],6.355µm
mem_axi_araddr[27],6.355µm
mem_axi_araddr[9],6.355µm
_00555_,6.345µm
_00628_,6.345µm
_06004_,6.345µm
_00601_,6.33µm
_05356_,6.33µm
_02561_,6.315µm
_00041_,6.31µm
_01156_,6.31µm
_01158_,6.31µm
_01183_,6.31µm
_01214_,6.31µm
_01265_,6.31µm
_01430_,6.31µm
_01494_,6.31µm
_00100_,6.3µm
_00263_,6.3µm
_00415_,6.3µm
_00755_,6.3µm
_00939_,6.3µm
_01095_,6.3µm
_01163_,6.3µm
_01329_,6.3µm
_01518_,6.3µm
_01959_,6.3µm
_02409_,6.3µm
_02631_,6.3µm
_02678_,6.3µm
_03300_,6.3µm
_03342_,6.3µm
_03433_,6.3µm
_03947_,6.3µm
_04282_,6.3µm
_04364_,6.3µm
_04684_,6.3µm
_04824_,6.3µm
_05064_,6.3µm
_04844_,6.29µm
_02128_,6.27µm
_04440_,6.27µm
_02933_,6.265µm
_00396_,6.255µm
_02034_,6.255µm
_02240_,6.25µm
_02426_,6.25µm
_02674_,6.25µm
_02855_,6.25µm
_03092_,6.25µm
_03176_,6.25µm
_03455_,6.25µm
_03922_,6.25µm
_04273_,6.25µm
_04349_,6.25µm
_04351_,6.25µm
_04623_,6.25µm
_04787_,6.25µm
_04823_,6.25µm
_04905_,6.25µm
_04962_,6.25µm
_05166_,6.25µm
_05590_,6.25µm
_03832_,6.24µm
_05953_,6.24µm
net1495,6.24µm
net1636,6.24µm
net1777,6.24µm
net2043,6.24µm
net2205,6.24µm
net2259,6.24µm
net2334,6.24µm
net2640,6.24µm
net2704,6.24µm
net2714,6.24µm
net2886,6.24µm
net2916,6.24µm
_01791_,6.235µm
_00663_,6.225µm
_03160_,6.225µm
_05753_,6.225µm
_04261_,6.205µm
_00115_,6.19µm
_00185_,6.19µm
_00201_,6.19µm
_00238_,6.19µm
_00386_,6.19µm
_00464_,6.19µm
_00471_,6.19µm
_00529_,6.19µm
_00573_,6.19µm
_00583_,6.19µm
_00638_,6.19µm
_00735_,6.19µm
_00852_,6.19µm
_00893_,6.19µm
_00907_,6.19µm
_01047_,6.19µm
_01208_,6.19µm
_02417_,6.19µm
_03246_,6.19µm
_03442_,6.19µm
_03970_,6.19µm
_04427_,6.19µm
_04548_,6.19µm
_04828_,6.19µm
_04883_,6.19µm
_05486_,6.19µm
_05538_,6.19µm
_05813_,6.19µm
_05830_,6.19µm
_05998_,6.19µm
_00090_,6.18µm
_00572_,6.18µm
_00584_,6.18µm
_00768_,6.18µm
_00772_,6.18µm
_00977_,6.18µm
_01035_,6.18µm
_01399_,6.18µm
_01405_,6.18µm
_01488_,6.18µm
_03406_,6.18µm
_03426_,6.18µm
_02315_,6.135µm
_01216_,6.13µm
_01220_,6.13µm
_03125_,6.13µm
_05975_,6.13µm
net1824,6.13µm
net1883,6.13µm
net2274,6.13µm
net2361,6.13µm
net2427,6.13µm
net2585,6.13µm
net2887,6.13µm
net2920,6.13µm
_01296_,6.12µm
_01313_,6.12µm
_01623_,6.12µm
_01909_,6.12µm
_02283_,6.12µm
_02516_,6.12µm
_04048_,6.12µm
_04745_,6.12µm
_04851_,6.12µm
_05043_,6.12µm
_05497_,6.12µm
_05505_,6.12µm
_05530_,6.12µm
_05610_,6.12µm
net1500,6.12µm
net1507,6.12µm
net1513,6.12µm
net1594,6.12µm
net1609,6.12µm
net1616,6.12µm
net1656,6.12µm
net1785,6.12µm
net1840,6.12µm
net1873,6.12µm
net1927,6.12µm
net2023,6.12µm
net2026,6.12µm
net2037,6.12µm
net2075,6.12µm
net2211,6.12µm
net2218,6.12µm
net2220,6.12µm
net2301,6.12µm
net2306,6.12µm
net2322,6.12µm
net2360,6.12µm
net2372,6.12µm
net2426,6.12µm
net2432,6.12µm
net2525,6.12µm
net2552,6.12µm
net2567,6.12µm
net2597,6.12µm
net2632,6.12µm
net2635,6.12µm
net2653,6.12µm
net2665,6.12µm
net2671,6.12µm
net2685,6.12µm
net2694,6.12µm
net2722,6.12µm
net2743,6.12µm
net2752,6.12µm
net2807,6.12µm
net2834,6.12µm
net2890,6.12µm
net2900,6.12µm
net2904,6.12µm
net2939,6.12µm
net2943,6.12µm
net2979,6.12µm
_01608_,6.115µm
_03543_,6.115µm
_05940_,6.115µm
_02502_,6.105µm
_00064_,6.1µm
_00532_,6.1µm
_05661_,6.1µm
_00673_,6.09µm
_00288_,6.07µm
_00731_,6.07µm
_00983_,6.07µm
_01337_,6.07µm
_01491_,6.07µm
_01276_,6.06µm
_05232_,6.06µm
_05394_,6.055µm
_02552_,6.045µm
net1775,6.03µm
_04848_,6.025µm
_01950_,6.02µm
_04552_,6.02µm
_05894_,6.02µm
_05908_,6.02µm
net3040,6.02µm
net3042,6.02µm
net3062,6.02µm
net3067,6.02µm
net3082,6.02µm
net3084,6.02µm
net3087,6.02µm
net3091,6.02µm
net3105,6.02µm
net3113,6.02µm
_02538_,6.015µm
_01246_,6.01µm
_01930_,6.01µm
_01984_,6.01µm
_02111_,6.01µm
_02422_,6.01µm
_02515_,6.01µm
_03144_,6.01µm
_03200_,6.01µm
_03227_,6.01µm
_03787_,6.01µm
_03914_,6.01µm
_03968_,6.01µm
_04395_,6.01µm
_04397_,6.01µm
_04444_,6.01µm
_04646_,6.01µm
_05604_,6.01µm
_05718_,6.01µm
_05757_,6.01µm
_05897_,6.01µm
net1454,6.01µm
net1461,6.01µm
net1496,6.01µm
net1510,6.01µm
net1512,6.01µm
net1654,6.01µm
net1725,6.01µm
net1733,6.01µm
net1816,6.01µm
net1949,6.01µm
net2077,6.01µm
net2112,6.01µm
net2143,6.01µm
net2167,6.01µm
net2252,6.01µm
net2275,6.01µm
net2300,6.01µm
net2321,6.01µm
net2455,6.01µm
net2473,6.01µm
net2475,6.01µm
net2477,6.01µm
net2507,6.01µm
net2512,6.01µm
net2516,6.01µm
net2564,6.01µm
net2574,6.01µm
net2608,6.01µm
net2621,6.01µm
net2656,6.01µm
net2696,6.01µm
net2698,6.01µm
net2713,6.01µm
net2719,6.01µm
net2742,6.01µm
net2754,6.01µm
net2812,6.01µm
net2868,6.01µm
net2947,6.01µm
net2960,6.01µm
net2999,6.01µm
_01995_,6µm
_05493_,6µm
_05848_,6µm
_05018_,5.985µm
_04164_,5.96µm
_04170_,5.96µm
_04917_,5.96µm
_02829_,5.95µm
_03885_,5.95µm
_05623_,5.95µm
_04419_,5.925µm
_02187_,5.92µm
_05619_,5.9µm
_00085_,5.88µm
_01193_,5.88µm
_01236_,5.88µm
_01372_,5.88µm
_01534_,5.88µm
_02769_,5.88µm
_04013_,5.88µm
_05159_,5.88µm
_05467_,5.88µm
_00310_,5.865µm
_00684_,5.865µm
_01212_,5.865µm
_00923_,5.85µm
net2875,5.85µm
_01279_,5.83µm
_01438_,5.83µm
u_picorv32.picorv32_core.alu_out_q\[7\],5.83µm
_00087_,5.82µm
_00632_,5.82µm
_00775_,5.82µm
_00888_,5.82µm
_00899_,5.82µm
_01123_,5.82µm
_01184_,5.82µm
_01575_,5.82µm
_01659_,5.82µm
_02879_,5.82µm
_03370_,5.82µm
_03482_,5.82µm
_03760_,5.82µm
_04166_,5.82µm
_05553_,5.82µm
_04217_,5.795µm
_01985_,5.79µm
_04334_,5.775µm
_01708_,5.77µm
_02011_,5.77µm
_02045_,5.77µm
_02070_,5.77µm
_02091_,5.77µm
_02806_,5.77µm
_03278_,5.77µm
_03575_,5.77µm
_03622_,5.77µm
_03956_,5.77µm
_04173_,5.77µm
_04241_,5.77µm
_05719_,5.77µm
_05910_,5.77µm
_02390_,5.76µm
_02534_,5.76µm
_02686_,5.76µm
_03049_,5.76µm
_03305_,5.76µm
_03996_,5.76µm
_04578_,5.76µm
_04618_,5.76µm
_05821_,5.76µm
net1501,5.76µm
net1523,5.76µm
net1900,5.76µm
net1950,5.76µm
net2224,5.76µm
net2425,5.76µm
net2480,5.76µm
net2583,5.76µm
net2666,5.76µm
net2692,5.76µm
net2818,5.76µm
net2832,5.76µm
net2915,5.76µm
net3002,5.76µm
_00262_,5.745µm
_00626_,5.745µm
_01050_,5.745µm
_01317_,5.745µm
_00164_,5.71µm
_00227_,5.71µm
_00650_,5.71µm
_00765_,5.71µm
_00858_,5.71µm
_00975_,5.71µm
_01113_,5.71µm
_01125_,5.71µm
_01474_,5.71µm
_01868_,5.71µm
_02238_,5.71µm
_03295_,5.71µm
_03792_,5.71µm
u_picorv32.pcpi_rs1\[27\],5.71µm
_00080_,5.7µm
_00192_,5.7µm
_00283_,5.7µm
_00306_,5.7µm
_00461_,5.7µm
_00556_,5.7µm
_00565_,5.7µm
_00710_,5.7µm
_00834_,5.7µm
_01022_,5.7µm
_01031_,5.7µm
_01088_,5.7µm
_01094_,5.7µm
_01537_,5.7µm
_02726_,5.7µm
_03033_,5.7µm
net125,5.7µm
net3020,5.7µm
net1460,5.685µm
_05398_,5.67µm
_02405_,5.66µm
_02346_,5.655µm
net1720,5.65µm
net1755,5.65µm
net2046,5.65µm
net2248,5.65µm
net2311,5.65µm
net2481,5.65µm
net2505,5.65µm
net2705,5.65µm
net2940,5.65µm
_01986_,5.64µm
_02103_,5.64µm
_02355_,5.64µm
_02500_,5.64µm
_02643_,5.64µm
_02744_,5.64µm
_03480_,5.64µm
_03511_,5.64µm
_03953_,5.64µm
_04680_,5.64µm
net1429,5.64µm
net1443,5.64µm
net1445,5.64µm
net1453,5.64µm
net1483,5.64µm
net1493,5.64µm
net1497,5.64µm
net1511,5.64µm
net1517,5.64µm
net1524,5.64µm
net1536,5.64µm
net1537,5.64µm
net1557,5.64µm
net1561,5.64µm
net1574,5.64µm
net1597,5.64µm
net1598,5.64µm
net1618,5.64µm
net1626,5.64µm
net1634,5.64µm
net1647,5.64µm
net1649,5.64µm
net1667,5.64µm
net1668,5.64µm
net1673,5.64µm
net1675,5.64µm
net1679,5.64µm
net1687,5.64µm
net1690,5.64µm
net1693,5.64µm
net1729,5.64µm
net1763,5.64µm
net1795,5.64µm
net1799,5.64µm
net1815,5.64µm
net1825,5.64µm
net1830,5.64µm
net1854,5.64µm
net1859,5.64µm
net1869,5.64µm
net1879,5.64µm
net1886,5.64µm
net1932,5.64µm
net1936,5.64µm
net1938,5.64µm
net1939,5.64µm
net1964,5.64µm
net1983,5.64µm
net1986,5.64µm
net1988,5.64µm
net1990,5.64µm
net1993,5.64µm
net2001,5.64µm
net2013,5.64µm
net2021,5.64µm
net2031,5.64µm
net2041,5.64µm
net2052,5.64µm
net2067,5.64µm
net2083,5.64µm
net2115,5.64µm
net2142,5.64µm
net2147,5.64µm
net2185,5.64µm
net2212,5.64µm
net2222,5.64µm
net2255,5.64µm
net2257,5.64µm
net2283,5.64µm
net2287,5.64µm
net2299,5.64µm
net2314,5.64µm
net2315,5.64µm
net2327,5.64µm
net2341,5.64µm
net2346,5.64µm
net2353,5.64µm
net2359,5.64µm
net2368,5.64µm
net2380,5.64µm
net2391,5.64µm
net2393,5.64µm
net2395,5.64µm
net2414,5.64µm
net2421,5.64µm
net2431,5.64µm
net2450,5.64µm
net2451,5.64µm
net2466,5.64µm
net2468,5.64µm
net2469,5.64µm
net2470,5.64µm
net2472,5.64µm
net2474,5.64µm
net2476,5.64µm
net2482,5.64µm
net2488,5.64µm
net2490,5.64µm
net2502,5.64µm
net2529,5.64µm
net2530,5.64µm
net2533,5.64µm
net2537,5.64µm
net2539,5.64µm
net2540,5.64µm
net2544,5.64µm
net2553,5.64µm
net2556,5.64µm
net2558,5.64µm
net2559,5.64µm
net2561,5.64µm
net2562,5.64µm
net2571,5.64µm
net2577,5.64µm
net2590,5.64µm
net2593,5.64µm
net2598,5.64µm
net2603,5.64µm
net2610,5.64µm
net2611,5.64µm
net2642,5.64µm
net2651,5.64µm
net2657,5.64µm
net2660,5.64µm
net2663,5.64µm
net2669,5.64µm
net2670,5.64µm
net2675,5.64µm
net2678,5.64µm
net2682,5.64µm
net2689,5.64µm
net2690,5.64µm
net2695,5.64µm
net2701,5.64µm
net2706,5.64µm
net2710,5.64µm
net2711,5.64µm
net2712,5.64µm
net2718,5.64µm
net2724,5.64µm
net2729,5.64µm
net2738,5.64µm
net2744,5.64µm
net2750,5.64µm
net2759,5.64µm
net2761,5.64µm
net2765,5.64µm
net2767,5.64µm
net2770,5.64µm
net2772,5.64µm
net2778,5.64µm
net2779,5.64µm
net2781,5.64µm
net2788,5.64µm
net2796,5.64µm
net2800,5.64µm
net2803,5.64µm
net2806,5.64µm
net2808,5.64µm
net2809,5.64µm
net2816,5.64µm
net2819,5.64µm
net2820,5.64µm
net2827,5.64µm
net2831,5.64µm
net2850,5.64µm
net2851,5.64µm
net2854,5.64µm
net2866,5.64µm
net2869,5.64µm
net2876,5.64µm
net2882,5.64µm
net2889,5.64µm
net2897,5.64µm
net2905,5.64µm
net2908,5.64µm
net2911,5.64µm
net2914,5.64µm
net2921,5.64µm
net2924,5.64µm
net2925,5.64µm
net2927,5.64µm
net2938,5.64µm
net2942,5.64µm
net2951,5.64µm
net2976,5.64µm
net2984,5.64µm
net2989,5.64µm
net2990,5.64µm
net2997,5.64µm
net3001,5.64µm
net3008,5.64µm
net3012,5.64µm
net3013,5.64µm
_02656_,5.635µm
_03029_,5.635µm
_03783_,5.635µm
_03988_,5.635µm
_05003_,5.635µm
_04328_,5.625µm
_00138_,5.62µm
_01820_,5.61µm
_05738_,5.61µm
_03753_,5.585µm
_04406_,5.58µm
net2786,5.575µm
net2557,5.565µm
_01696_,5.54µm
_02699_,5.54µm
_03035_,5.54µm
_04150_,5.54µm
_05873_,5.54µm
_01658_,5.53µm
_02884_,5.53µm
_03514_,5.53µm
_03652_,5.53µm
_03977_,5.53µm
_04004_,5.53µm
_04244_,5.53µm
_04596_,5.53µm
_05023_,5.53µm
_05296_,5.53µm
_05648_,5.53µm
_05677_,5.53µm
_05678_,5.53µm
_05742_,5.53µm
_05770_,5.53µm
_05943_,5.53µm
_02126_,5.52µm
_02277_,5.52µm
_02537_,5.52µm
_03027_,5.52µm
_03669_,5.52µm
_03756_,5.52µm
_03932_,5.52µm
_04313_,5.52µm
_02514_,5.485µm
_04485_,5.475µm
_03800_,5.47µm
_04227_,5.47µm
_04656_,5.47µm
_01211_,5.46µm
_01258_,5.46µm
_02682_,5.46µm
_03347_,5.46µm
_05124_,5.46µm
_02737_,5.43µm
net2804,5.43µm
_01683_,5.4µm
_01993_,5.4µm
_03225_,5.4µm
_03510_,5.4µm
_03577_,5.4µm
_04558_,5.4µm
_05951_,5.4µm
net1710,5.4µm
net1813,5.4µm
net1839,5.4µm
net2397,5.4µm
net2654,5.4µm
net2674,5.4µm
net2723,5.4µm
net2857,5.4µm
_03917_,5.385µm
_04126_,5.385µm
_04071_,5.365µm
_01219_,5.35µm
_01377_,5.35µm
_00104_,5.34µm
_00189_,5.34µm
_00390_,5.34µm
_00403_,5.34µm
_00600_,5.34µm
_00635_,5.34µm
_00688_,5.34µm
_00994_,5.34µm
_01167_,5.34µm
_02275_,5.34µm
_02391_,5.34µm
_02745_,5.34µm
_03068_,5.34µm
_03605_,5.34µm
_03974_,5.34µm
_04024_,5.34µm
_04201_,5.34µm
_04336_,5.34µm
_04492_,5.34µm
_05256_,5.34µm
net2081,5.325µm
_04689_,5.305µm
_01238_,5.29µm
_01673_,5.29µm
_02026_,5.29µm
_02610_,5.29µm
_02644_,5.29µm
_02877_,5.29µm
_03550_,5.29µm
_04276_,5.29µm
_04330_,5.29µm
_04385_,5.29µm
_04597_,5.29µm
_04704_,5.29µm
_04812_,5.29µm
_04862_,5.29µm
_05476_,5.29µm
_02170_,5.28µm
_03690_,5.28µm
_04970_,5.28µm
_05542_,5.28µm
net1425,5.28µm
net1427,5.28µm
net1550,5.28µm
net1560,5.28µm
net1569,5.28µm
net1612,5.28µm
net1655,5.28µm
net1734,5.28µm
net1751,5.28µm
net1760,5.28µm
net1784,5.28µm
net1820,5.28µm
net2187,5.28µm
net2190,5.28µm
net2250,5.28µm
net2261,5.28µm
net2291,5.28µm
net2347,5.28µm
net2366,5.28µm
net2430,5.28µm
net2478,5.28µm
net2489,5.28µm
net2493,5.28µm
net2591,5.28µm
net2629,5.28µm
net2638,5.28µm
net2680,5.28µm
net2708,5.28µm
net2709,5.28µm
net2725,5.28µm
net2734,5.28µm
net2755,5.28µm
net2768,5.28µm
net2789,5.28µm
net2833,5.28µm
net2865,5.28µm
net2874,5.28µm
net2880,5.28µm
net2967,5.28µm
_02671_,5.275µm
_04713_,5.275µm
_02782_,5.265µm
_03644_,5.265µm
_00609_,5.25µm
_04767_,5.245µm
_04352_,5.235µm
_04830_,5.235µm
_00568_,5.23µm
_01079_,5.23µm
_01176_,5.23µm
_02150_,5.23µm
_02304_,5.23µm
_02867_,5.23µm
_02986_,5.23µm
_03458_,5.23µm
_03674_,5.23µm
_04568_,5.23µm
_04620_,5.23µm
_05713_,5.23µm
_00067_,5.22µm
_00256_,5.22µm
_00271_,5.22µm
_00413_,5.22µm
_00484_,5.22µm
_00544_,5.22µm
_00551_,5.22µm
_00713_,5.22µm
_00882_,5.22µm
_00901_,5.22µm
_01018_,5.22µm
_01056_,5.22µm
_01078_,5.22µm
_01081_,5.22µm
_01168_,5.22µm
_01263_,5.22µm
_01314_,5.22µm
_01363_,5.22µm
_01484_,5.22µm
_01524_,5.22µm
_01538_,5.22µm
_02738_,5.22µm
_01577_,5.21µm
net2961,5.19µm
_05481_,5.18µm
_02494_,5.175µm
_04866_,5.17µm
net1532,5.17µm
net1541,5.17µm
net1547,5.17µm
net1624,5.17µm
net1660,5.17µm
net1689,5.17µm
net2090,5.17µm
net2113,5.17µm
net2362,5.17µm
net2364,5.17µm
net2498,5.17µm
net2504,5.17µm
net2531,5.17µm
net2547,5.17µm
net2569,5.17µm
net2596,5.17µm
net2662,5.17µm
net2790,5.17µm
net2829,5.17µm
net2836,5.17µm
net2932,5.17µm
net2965,5.17µm
net2981,5.17µm
net3009,5.17µm
net3014,5.17µm
_01270_,5.16µm
_01565_,5.16µm
_02217_,5.16µm
_02393_,5.16µm
_02734_,5.16µm
_02770_,5.16µm
_02907_,5.16µm
_03046_,5.16µm
_03217_,5.16µm
_03346_,5.16µm
_03526_,5.16µm
_03765_,5.16µm
_04466_,5.16µm
_05795_,5.16µm
_05834_,5.16µm
net1602,5.16µm
net1610,5.16µm
net1713,5.16µm
net1723,5.16µm
net1893,5.16µm
net1898,5.16µm
net2193,5.16µm
net2231,5.16µm
net2293,5.16µm
net2309,5.16µm
net2345,5.16µm
net2406,5.16µm
net2508,5.16µm
net2588,5.16µm
net2646,5.16µm
net2655,5.16µm
net2766,5.16µm
net2805,5.16µm
net2848,5.16µm
net2870,5.16µm
net2972,5.16µm
net2987,5.16µm
_01165_,5.155µm
_02309_,5.155µm
_03587_,5.155µm
_03802_,5.155µm
_04080_,5.155µm
_04207_,5.155µm
_04668_,5.155µm
_05011_,5.155µm
_05079_,5.155µm
_05116_,5.155µm
_01027_,5.13µm
_04279_,5.13µm
_03909_,5.105µm
_01199_,5.1µm
_02399_,5.1µm
_03978_,5.1µm
_05008_,5.1µm
_04906_,5.09µm
_03806_,5.065µm
_01244_,5.06µm
_01840_,5.06µm
_02104_,5.06µm
_02423_,5.05µm
_02722_,5.05µm
_02725_,5.05µm
_02820_,5.05µm
_02869_,5.05µm
_03337_,5.05µm
_03698_,5.05µm
_03986_,5.05µm
_04142_,5.05µm
_04182_,5.05µm
_04458_,5.05µm
_04465_,5.05µm
_04530_,5.05µm
_04746_,5.05µm
_04880_,5.05µm
_04943_,5.05µm
_05095_,5.05µm
_05243_,5.05µm
_05798_,5.05µm
_02586_,5.04µm
_02831_,5.04µm
_03015_,5.04µm
_03044_,5.04µm
_03987_,5.04µm
_04903_,5.04µm
_05877_,5.04µm
net3015,5.04µm
_02125_,5.035µm
_00057_,5.025µm
_02451_,5µm
_03158_,5µm
_02728_,4.99µm
_03481_,4.99µm
net1762,4.99µm
_01431_,4.98µm
_01467_,4.98µm
_01516_,4.98µm
_02702_,4.98µm
_02499_,4.965µm
_05690_,4.965µm
_02381_,4.94µm
_03976_,4.94µm
_03254_,4.93µm
_01171_,4.92µm
_02082_,4.92µm
_02110_,4.92µm
_02161_,4.92µm
_02311_,4.92µm
_02529_,4.92µm
_02826_,4.92µm
_03171_,4.92µm
_03447_,4.92µm
_04323_,4.92µm
_04414_,4.92µm
_04547_,4.92µm
_04557_,4.92µm
_04688_,4.92µm
_04800_,4.92µm
_05961_,4.92µm
net2456,4.92µm
net2471,4.92µm
_01381_,4.905µm
_02771_,4.905µm
_03427_,4.905µm
_03590_,4.905µm
_02495_,4.88µm
_01185_,4.87µm
_05265_,4.87µm
net2949,4.87µm
_00065_,4.86µm
_00072_,4.86µm
_00299_,4.86µm
_00300_,4.86µm
_00509_,4.86µm
_00548_,4.86µm
_00730_,4.86µm
_00830_,4.86µm
_01051_,4.86µm
_01074_,4.86µm
_01086_,4.86µm
_01299_,4.86µm
_01346_,4.86µm
_01644_,4.86µm
_02013_,4.86µm
_02123_,4.86µm
_02129_,4.86µm
_02376_,4.86µm
_02663_,4.86µm
_02723_,4.86µm
_02960_,4.86µm
_03074_,4.86µm
_03494_,4.86µm
_03836_,4.86µm
_03994_,4.86µm
_04428_,4.86µm
_04694_,4.86µm
_05881_,4.86µm
_05883_,4.86µm
_05952_,4.86µm
net1469,4.845µm
net2798,4.84µm
_03888_,4.815µm
_04555_,4.815µm
_01680_,4.81µm
_02330_,4.81µm
_02505_,4.81µm
_02541_,4.81µm
_03860_,4.81µm
_04128_,4.81µm
_04826_,4.81µm
_05056_,4.81µm
_05250_,4.81µm
_00089_,4.8µm
_00605_,4.8µm
_02066_,4.8µm
_02385_,4.8µm
_02484_,4.8µm
_02522_,4.8µm
_03531_,4.8µm
net1424,4.8µm
net1428,4.8µm
net1433,4.8µm
net1452,4.8µm
net1456,4.8µm
net1458,4.8µm
net1475,4.8µm
net1477,4.8µm
net1492,4.8µm
net1519,4.8µm
net1526,4.8µm
net1530,4.8µm
net1535,4.8µm
net1540,4.8µm
net1543,4.8µm
net1555,4.8µm
net1578,4.8µm
net1579,4.8µm
net1605,4.8µm
net1663,4.8µm
net1665,4.8µm
net1669,4.8µm
net1672,4.8µm
net1677,4.8µm
net1699,4.8µm
net1711,4.8µm
net1730,4.8µm
net1761,4.8µm
net1765,4.8µm
net1771,4.8µm
net1773,4.8µm
net1789,4.8µm
net1790,4.8µm
net1796,4.8µm
net1800,4.8µm
net1806,4.8µm
net1819,4.8µm
net1850,4.8µm
net1855,4.8µm
net1878,4.8µm
net1892,4.8µm
net1913,4.8µm
net1916,4.8µm
net1966,4.8µm
net1969,4.8µm
net1974,4.8µm
net1976,4.8µm
net1981,4.8µm
net1994,4.8µm
net1997,4.8µm
net2010,4.8µm
net2015,4.8µm
net2035,4.8µm
net2040,4.8µm
net2050,4.8µm
net2063,4.8µm
net2095,4.8µm
net2114,4.8µm
net2122,4.8µm
net2132,4.8µm
net2170,4.8µm
net2177,4.8µm
net2179,4.8µm
net2194,4.8µm
net2197,4.8µm
net2202,4.8µm
net2207,4.8µm
net2215,4.8µm
net2226,4.8µm
net2232,4.8µm
net2244,4.8µm
net2265,4.8µm
net2267,4.8µm
net2285,4.8µm
net2294,4.8µm
net2295,4.8µm
net2298,4.8µm
net2303,4.8µm
net2308,4.8µm
net2316,4.8µm
net2324,4.8µm
net2325,4.8µm
net2326,4.8µm
net2329,4.8µm
net2338,4.8µm
net2342,4.8µm
net2367,4.8µm
net2370,4.8µm
net2392,4.8µm
net2434,4.8µm
net2436,4.8µm
net2441,4.8µm
net2442,4.8µm
net2453,4.8µm
net2454,4.8µm
net2459,4.8µm
net2460,4.8µm
net2464,4.8µm
net2485,4.8µm
net2494,4.8µm
net2513,4.8µm
net2515,4.8µm
net2521,4.8µm
net2527,4.8µm
net2545,4.8µm
net2550,4.8µm
net2551,4.8µm
net2554,4.8µm
net2560,4.8µm
net2568,4.8µm
net2573,4.8µm
net2575,4.8µm
net2581,4.8µm
net2586,4.8µm
net2587,4.8µm
net2589,4.8µm
net2592,4.8µm
net2605,4.8µm
net2613,4.8µm
net2617,4.8µm
net2625,4.8µm
net2626,4.8µm
net2628,4.8µm
net2630,4.8µm
net2634,4.8µm
net2645,4.8µm
net2648,4.8µm
net2664,4.8µm
net2702,4.8µm
net2716,4.8µm
net2726,4.8µm
net2730,4.8µm
net2732,4.8µm
net2746,4.8µm
net2748,4.8µm
net2749,4.8µm
net2751,4.8µm
net2764,4.8µm
net2775,4.8µm
net2787,4.8µm
net2794,4.8µm
net2801,4.8µm
net2802,4.8µm
net2810,4.8µm
net2811,4.8µm
net2813,4.8µm
net2822,4.8µm
net2828,4.8µm
net2835,4.8µm
net2842,4.8µm
net2858,4.8µm
net2860,4.8µm
net2862,4.8µm
net2871,4.8µm
net2873,4.8µm
net2878,4.8µm
net2881,4.8µm
net2883,4.8µm
net2884,4.8µm
net2885,4.8µm
net2899,4.8µm
net2910,4.8µm
net2912,4.8µm
net2930,4.8µm
net2944,4.8µm
net2946,4.8µm
net2948,4.8µm
net2950,4.8µm
net2956,4.8µm
net2971,4.8µm
net2977,4.8µm
net2978,4.8µm
net2986,4.8µm
net2991,4.8µm
net2992,4.8µm
net2994,4.8µm
net2995,4.8µm
net2996,4.8µm
net3003,4.8µm
net3004,4.8µm
net3005,4.8µm
net3007,4.8µm
net3010,4.8µm
_02846_,4.795µm
_00838_,4.785µm
_03618_,4.775µm
_02542_,4.76µm
_04376_,4.755µm
_00071_,4.75µm
_01174_,4.75µm
_03931_,4.75µm
_04807_,4.75µm
_05426_,4.75µm
_05605_,4.75µm
_05727_,4.75µm
_03967_,4.745µm
_00287_,4.74µm
_00356_,4.74µm
_00470_,4.74µm
_00578_,4.74µm
_00816_,4.74µm
_00823_,4.74µm
_00993_,4.74µm
_01166_,4.74µm
_01376_,4.74µm
_01403_,4.74µm
_01475_,4.74µm
_01501_,4.74µm
_02714_,4.74µm
_02759_,4.74µm
_02767_,4.74µm
_04116_,4.74µm
_05687_,4.74µm
net1758,4.69µm
net1890,4.69µm
_00589_,4.68µm
_01280_,4.68µm
_02071_,4.68µm
_02139_,4.68µm
_02434_,4.68µm
_02455_,4.68µm
_02768_,4.68µm
_02883_,4.68µm
_03149_,4.68µm
_03452_,4.68µm
_03625_,4.68µm
_03942_,4.68µm
_04231_,4.68µm
_04591_,4.68µm
_04652_,4.68µm
_04889_,4.68µm
_05400_,4.68µm
net1801,4.68µm
net1808,4.68µm
net1864,4.68µm
net1904,4.68µm
net1917,4.68µm
net2048,4.68µm
net2150,4.68µm
net2157,4.68µm
net2428,4.68µm
net2461,4.68µm
net2462,4.68µm
net2500,4.68µm
net2514,4.68µm
net2616,4.68µm
net2619,4.68µm
net2683,4.68µm
net2825,4.68µm
net2856,4.68µm
net2867,4.68µm
net2962,4.68µm
net3006,4.68µm
_03331_,4.675µm
_03462_,4.675µm
_03949_,4.675µm
_04008_,4.675µm
_04082_,4.675µm
_04106_,4.675µm
_04300_,4.675µm
_04448_,4.675µm
_05223_,4.675µm
_05543_,4.675µm
_05966_,4.675µm
u_picorv32.picorv32_core.alu_out\[1\],4.675µm
_03877_,4.655µm
_00370_,4.65µm
_00377_,4.65µm
_01489_,4.65µm
_03839_,4.62µm
_04457_,4.62µm
_04939_,4.62µm
net2728,4.62µm
net1970,4.615µm
_04169_,4.605µm
_04748_,4.605µm
net1653,4.605µm
net1661,4.605µm
net2136,4.605µm
net2398,4.605µm
net2579,4.605µm
net2859,4.605µm
_02307_,4.595µm
_01647_,4.59µm
net1620,4.59µm
net2555,4.59µm
_01478_,4.58µm
_02536_,4.58µm
_02791_,4.58µm
_03289_,4.58µm
_03487_,4.58µm
_03536_,4.58µm
_03700_,4.58µm
_03708_,4.58µm
_05484_,4.58µm
_05796_,4.58µm
_05807_,4.58µm
_03812_,4.575µm
_01330_,4.57µm
_01336_,4.57µm
_01344_,4.57µm
_01432_,4.57µm
_01433_,4.57µm
_02009_,4.57µm
_02375_,4.57µm
_02579_,4.57µm
_02680_,4.57µm
_02783_,4.57µm
_02817_,4.57µm
_03831_,4.57µm
_04342_,4.57µm
_04363_,4.57µm
_04430_,4.57µm
_04435_,4.57µm
_04613_,4.57µm
_05217_,4.57µm
_05832_,4.57µm
u_picorv32.picorv32_core.alu_out\[4\],4.57µm
_05810_,4.565µm
_02544_,4.56µm
_05809_,4.56µm
net1639,4.56µm
net1683,4.56µm
net1905,4.56µm
net2047,4.56µm
net2543,4.56µm
net2717,4.56µm
_04571_,4.52µm
net1700,4.515µm
_01640_,4.51µm
_03935_,4.51µm
_01134_,4.5µm
_01408_,4.5µm
_01453_,4.5µm
_02672_,4.5µm
_04648_,4.5µm
_05851_,4.5µm
_01884_,4.485µm
_02259_,4.485µm
_02384_,4.485µm
_04798_,4.465µm
_03114_,4.45µm
_03132_,4.45µm
_01447_,4.44µm
_01462_,4.44µm
_01706_,4.44µm
_02213_,4.44µm
_02227_,4.44µm
_02321_,4.44µm
_02684_,4.44µm
_03024_,4.44µm
_03063_,4.44µm
_03093_,4.44µm
_03544_,4.44µm
_03725_,4.44µm
_04192_,4.44µm
_04251_,4.44µm
_04277_,4.44µm
_04611_,4.44µm
_04843_,4.44µm
_04869_,4.44µm
_04973_,4.44µm
_01835_,4.425µm
_00040_,4.39µm
_01195_,4.39µm
_01402_,4.39µm
_01417_,4.39µm
_03501_,4.39µm
_04841_,4.39µm
_02856_,4.385µm
_00066_,4.38µm
_00074_,4.38µm
_00083_,4.38µm
_00225_,4.38µm
_00289_,4.38µm
_00454_,4.38µm
_00457_,4.38µm
_00587_,4.38µm
_00672_,4.38µm
_00770_,4.38µm
_00785_,4.38µm
_00873_,4.38µm
_01131_,4.38µm
_01517_,4.38µm
_01519_,4.38µm
_01624_,4.38µm
_01777_,4.38µm
_02160_,4.38µm
_02253_,4.38µm
_02681_,4.38µm
_02735_,4.38µm
_02758_,4.38µm
_02821_,4.38µm
_02840_,4.38µm
_03043_,4.38µm
_03153_,4.38µm
_03256_,4.38µm
_03359_,4.38µm
_04622_,4.38µm
_04809_,4.38µm
_05537_,4.38µm
_05970_,4.38µm
_02596_,4.355µm
_02124_,4.35µm
net2538,4.345µm
_01765_,4.335µm
_01364_,4.33µm
_02052_,4.33µm
_03966_,4.33µm
_00478_,4.32µm
_00612_,4.32µm
_02014_,4.32µm
_02566_,4.32µm
_03116_,4.32µm
_03143_,4.32µm
_03804_,4.32µm
_05175_,4.32µm
net1426,4.32µm
net1468,4.32µm
net1487,4.32µm
net1599,4.32µm
net1849,4.32µm
net1937,4.32µm
net1948,4.32µm
net2053,4.32µm
net2064,4.32µm
net2169,4.32µm
net2186,4.32µm
net2189,4.32µm
net2208,4.32µm
net2210,4.32µm
net2273,4.32µm
net2376,4.32µm
net2435,4.32µm
net2499,4.32µm
net2576,4.32µm
net2599,4.32µm
net2627,4.32µm
net2783,4.32µm
net2922,4.32µm
_00875_,4.27µm
_00895_,4.27µm
net3049,4.27µm
_00241_,4.26µm
_00355_,4.26µm
_00553_,4.26µm
_00771_,4.26µm
_00865_,4.26µm
_00943_,4.26µm
_01108_,4.26µm
_01120_,4.26µm
_01338_,4.26µm
_01345_,4.26µm
_01385_,4.26µm
_01520_,4.26µm
_01521_,4.26µm
_02924_,4.26µm
_03465_,4.26µm
_02459_,4.2µm
_02909_,4.2µm
_03163_,4.2µm
_03562_,4.2µm
_03592_,4.2µm
_03620_,4.2µm
_04175_,4.2µm
_05921_,4.2µm
_05923_,4.2µm
net1595,4.2µm
net1698,4.2µm
net1746,4.2µm
net1774,4.2µm
net2340,4.2µm
net2371,4.2µm
net2404,4.2µm
net2549,4.2µm
net2572,4.2µm
net2684,4.2µm
net2784,4.2µm
net2844,4.2µm
net2891,4.2µm
_03457_,4.195µm
_03478_,4.195µm
_03522_,4.195µm
_03965_,4.195µm
_04799_,4.195µm
_04991_,4.195µm
_05804_,4.195µm
_05814_,4.195µm
_00766_,4.17µm
_04160_,4.145µm
_01925_,4.14µm
_02211_,4.14µm
_05960_,4.14µm
_01921_,4.135µm
net1887,4.135µm
_03921_,4.125µm
_04491_,4.125µm
_01853_,4.105µm
_05540_,4.105µm
_01268_,4.1µm
_02249_,4.1µm
_02419_,4.1µm
_02862_,4.1µm
_03459_,4.1µm
_04583_,4.1µm
_05188_,4.1µm
_00011_,4.09µm
_01637_,4.09µm
_01972_,4.09µm
_01992_,4.09µm
_02016_,4.09µm
_02473_,4.09µm
_02625_,4.09µm
_02647_,4.09µm
_02648_,4.09µm
_02760_,4.09µm
_02762_,4.09µm
_02835_,4.09µm
_03208_,4.09µm
_03245_,4.09µm
_03841_,4.09µm
_03918_,4.09µm
_03962_,4.09µm
_04258_,4.09µm
_04360_,4.09µm
_04775_,4.09µm
_04815_,4.09µm
_04835_,4.09µm
_05792_,4.09µm
_05956_,4.09µm
net1446,4.09µm
net1447,4.09µm
net1457,4.09µm
net1459,4.09µm
net1472,4.09µm
net1478,4.09µm
net1479,4.09µm
net1489,4.09µm
net1515,4.09µm
net1521,4.09µm
net1534,4.09µm
net1551,4.09µm
net1590,4.09µm
net1615,4.09µm
net1619,4.09µm
net1621,4.09µm
net1628,4.09µm
net1631,4.09µm
net1638,4.09µm
net1646,4.09µm
net1648,4.09µm
net1691,4.09µm
net1726,4.09µm
net1738,4.09µm
net1749,4.09µm
net1756,4.09µm
net1759,4.09µm
net1787,4.09µm
net1792,4.09µm
net1793,4.09µm
net1797,4.09µm
net1814,4.09µm
net1826,4.09µm
net1853,4.09µm
net1866,4.09µm
net1872,4.09µm
net1875,4.09µm
net1876,4.09µm
net1894,4.09µm
net1907,4.09µm
net1922,4.09µm
net1929,4.09µm
net1996,4.09µm
net2000,4.09µm
net2007,4.09µm
net2020,4.09µm
net2030,4.09µm
net2042,4.09µm
net2072,4.09µm
net2082,4.09µm
net2094,4.09µm
net2109,4.09µm
net2117,4.09µm
net2125,4.09µm
net2206,4.09µm
net2256,4.09µm
net2258,4.09µm
net2269,4.09µm
net2278,4.09µm
net2292,4.09µm
net2328,4.09µm
net2339,4.09µm
net2350,4.09µm
net2410,4.09µm
net2412,4.09µm
net2417,4.09µm
net2497,4.09µm
net2503,4.09µm
net2509,4.09µm
net2520,4.09µm
net2566,4.09µm
net2623,4.09µm
net2668,4.09µm
net2697,4.09µm
net2823,4.09µm
net2907,4.09µm
net2934,4.09µm
net2955,4.09µm
net2959,4.09µm
net2993,4.09µm
_03177_,4.08µm
_03414_,4.08µm
_01378_,4.065µm
_05295_,4.065µm
_02540_,4.04µm
_03900_,4.04µm
_04985_,4.04µm
_05730_,4.04µm
_03374_,4.03µm
_04033_,4.03µm
_04344_,4.03µm
_05393_,4.03µm
_05793_,4.03µm
_00029_,4.02µm
_01297_,4.02µm
_01513_,4.02µm
_01533_,4.02µm
_01924_,4.02µm
_03595_,4.02µm
_03253_,4.005µm
_04556_,4µm
_01250_,3.96µm
_01971_,3.96µm
_02192_,3.96µm
_02284_,3.96µm
_02328_,3.96µm
_02352_,3.96µm
_02466_,3.96µm
_02949_,3.96µm
_03224_,3.96µm
_03284_,3.96µm
_03456_,3.96µm
_03500_,3.96µm
_03714_,3.96µm
_03902_,3.96µm
_04040_,3.96µm
_04156_,3.96µm
_04211_,3.96µm
_04218_,3.96µm
_04536_,3.96µm
_04592_,3.96µm
_04702_,3.96µm
_05377_,3.96µm
_05550_,3.96µm
_05779_,3.96µm
_05903_,3.96µm
_02508_,3.945µm
_00058_,3.91µm
_01256_,3.91µm
net2061,3.91µm
_00077_,3.9µm
_00084_,3.9µm
_00086_,3.9µm
_00126_,3.9µm
_00187_,3.9µm
_00412_,3.9µm
_00481_,3.9µm
_00636_,3.9µm
_00642_,3.9µm
_00696_,3.9µm
_00721_,3.9µm
_00740_,3.9µm
_00881_,3.9µm
_00932_,3.9µm
_00953_,3.9µm
_00966_,3.9µm
_01105_,3.9µm
_01124_,3.9µm
_01139_,3.9µm
_01200_,3.9µm
_01347_,3.9µm
_01428_,3.9µm
_01436_,3.9µm
_01443_,3.9µm
_01454_,3.9µm
_01457_,3.9µm
_01469_,3.9µm
_01483_,3.9µm
_01523_,3.9µm
_01529_,3.9µm
_01633_,3.9µm
_02024_,3.9µm
_02582_,3.9µm
_02754_,3.9µm
_02841_,3.9µm
_02896_,3.9µm
_02931_,3.9µm
_03398_,3.9µm
_03744_,3.9µm
_03766_,3.9µm
_03856_,3.9µm
_04197_,3.9µm
_04292_,3.9µm
_05402_,3.9µm
_05432_,3.9µm
_05554_,3.9µm
_05567_,3.9µm
_05624_,3.9µm
_05702_,3.9µm
_05773_,3.9µm
_05829_,3.9µm
_05884_,3.9µm
net3032,3.9µm
net3038,3.9µm
net3072,3.9µm
net3078,3.9µm
_02601_,3.855µm
_04220_,3.855µm
_04845_,3.85µm
_04877_,3.85µm
_01226_,3.84µm
_01371_,3.84µm
_01410_,3.84µm
_02118_,3.84µm
_02811_,3.84µm
_03069_,3.84µm
_03261_,3.84µm
_04125_,3.84µm
_04245_,3.84µm
_05385_,3.84µm
net1568,3.84µm
net1617,3.84µm
net1702,3.84µm
net1935,3.84µm
net2006,3.84µm
net2032,3.84µm
net2159,3.84µm
net2171,3.84µm
net2209,3.84µm
net2373,3.84µm
net2492,3.84µm
net2518,3.84µm
net2519,3.84µm
net2542,3.84µm
net2548,3.84µm
net2601,3.84µm
net2620,3.84µm
net2639,3.84µm
net2650,3.84µm
net2661,3.84µm
net2791,3.84µm
net2826,3.84µm
net2895,3.84µm
net2902,3.84µm
_02739_,3.83µm
_03723_,3.805µm
_02044_,3.8µm
_00078_,3.78µm
_00274_,3.78µm
_00347_,3.78µm
_00574_,3.78µm
_00576_,3.78µm
_00669_,3.78µm
_00832_,3.78µm
_00847_,3.78µm
_00894_,3.78µm
_01486_,3.78µm
_02493_,3.78µm
_04269_,3.78µm
_02927_,3.72µm
_03790_,3.72µm
_04202_,3.72µm
_04226_,3.72µm
_04698_,3.72µm
_04795_,3.72µm
_05150_,3.72µm
_05213_,3.72µm
net1444,3.72µm
net1467,3.72µm
net1474,3.72µm
net1546,3.72µm
net1582,3.72µm
net1583,3.72µm
net1604,3.72µm
net1658,3.72µm
net1705,3.72µm
net1727,3.72µm
net1739,3.72µm
net1766,3.72µm
net1841,3.72µm
net1910,3.72µm
net1926,3.72µm
net1984,3.72µm
net2014,3.72µm
net2051,3.72µm
net2102,3.72µm
net2134,3.72µm
net2145,3.72µm
net2166,3.72µm
net2182,3.72µm
net2307,3.72µm
net2399,3.72µm
net2447,3.72µm
net2484,3.72µm
net2776,3.72µm
net2830,3.72µm
net2853,3.72µm
net2864,3.72µm
net2985,3.72µm
_01879_,3.715µm
_01942_,3.715µm
_02083_,3.715µm
_02224_,3.715µm
_02639_,3.715µm
_03139_,3.715µm
_03781_,3.715µm
_03906_,3.715µm
_04005_,3.715µm
_04839_,3.715µm
_04901_,3.715µm
_05058_,3.715µm
_05963_,3.715µm
_02156_,3.69µm
_04825_,3.69µm
_03328_,3.675µm
_02733_,3.655µm
_04309_,3.655µm
_02088_,3.645µm
_02947_,3.645µm
_05655_,3.63µm
_02299_,3.625µm
_02138_,3.62µm
_02959_,3.62µm
_04221_,3.62µm
_05936_,3.62µm
_01261_,3.61µm
_01838_,3.61µm
_02464_,3.61µm
_02558_,3.61µm
_02567_,3.61µm
_02689_,3.61µm
_03238_,3.61µm
_03436_,3.61µm
_03441_,3.61µm
_03868_,3.61µm
_04031_,3.61µm
_04190_,3.61µm
_04191_,3.61µm
_04205_,3.61µm
_04229_,3.61µm
_04343_,3.61µm
_04361_,3.61µm
_04404_,3.61µm
_04493_,3.61µm
_04546_,3.61µm
_04564_,3.61µm
_04565_,3.61µm
_04776_,3.61µm
_04816_,3.61µm
_05307_,3.61µm
_05503_,3.61µm
_04853_,3.6µm
_03899_,3.56µm
_05682_,3.56µm
_04346_,3.55µm
_00059_,3.54µm
_01140_,3.54µm
_01191_,3.54µm
_01196_,3.54µm
_01353_,3.54µm
_01369_,3.54µm
_01458_,3.54µm
_01464_,3.54µm
_05331_,3.54µm
_05472_,3.525µm
_02477_,3.52µm
_04582_,3.505µm
_02458_,3.5µm
_01207_,3.48µm
_01904_,3.48µm
_02205_,3.48µm
_02273_,3.48µm
_02354_,3.48µm
_02373_,3.48µm
_02805_,3.48µm
_03147_,3.48µm
_03282_,3.48µm
_03340_,3.48µm
_03345_,3.48µm
_03540_,3.48µm
_03645_,3.48µm
_03952_,3.48µm
_04347_,3.48µm
_04391_,3.48µm
_04643_,3.48µm
_04911_,3.48µm
_04960_,3.48µm
_05140_,3.48µm
_05179_,3.48µm
_05249_,3.48µm
_05271_,3.48µm
_05333_,3.48µm
_05382_,3.48µm
_05395_,3.48µm
_05489_,3.48µm
_05576_,3.48µm
_05607_,3.48µm
_05812_,3.48µm
_05839_,3.48µm
_05964_,3.48µm
u_picorv32.pcpi_rs1\[29\],3.48µm
u_picorv32.picorv32_core.alu_out_q\[13\],3.48µm
net3022,3.48µm
net3026,3.48µm
net3045,3.48µm
net3051,3.48µm
net3055,3.48µm
net3060,3.48µm
net3065,3.48µm
net3074,3.48µm
net3080,3.48µm
net3089,3.48µm
net3094,3.48µm
net3096,3.48µm
_03707_,3.46µm
_01269_,3.43µm
_03811_,3.43µm
_00016_,3.42µm
_00076_,3.42µm
_00196_,3.42µm
_00224_,3.42µm
_00264_,3.42µm
_00314_,3.42µm
_00525_,3.42µm
_00538_,3.42µm
_00629_,3.42µm
_00711_,3.42µm
_00879_,3.42µm
_00954_,3.42µm
_00956_,3.42µm
_00976_,3.42µm
_01006_,3.42µm
_01055_,3.42µm
_01173_,3.42µm
_01206_,3.42µm
_01294_,3.42µm
_01335_,3.42µm
_01455_,3.42µm
_01515_,3.42µm
_01786_,3.42µm
_01913_,3.42µm
_01948_,3.42µm
_02078_,3.42µm
_02564_,3.42µm
_02574_,3.42µm
_02669_,3.42µm
_03070_,3.42µm
_03216_,3.42µm
_03393_,3.42µm
_03615_,3.42µm
_03701_,3.42µm
_03721_,3.42µm
_03731_,3.42µm
_04206_,3.42µm
_04268_,3.42µm
_04289_,3.42µm
_04339_,3.42µm
_04362_,3.42µm
_04501_,3.42µm
_04671_,3.42µm
_04770_,3.42µm
_05269_,3.42µm
_05427_,3.42µm
_05636_,3.42µm
_01148_,3.36µm
_01242_,3.36µm
_01247_,3.36µm
_01880_,3.36µm
_02096_,3.36µm
_04933_,3.36µm
net1450,3.36µm
net1548,3.36µm
net1952,3.36µm
net2139,3.36µm
net2277,3.36µm
net2413,3.36µm
net2624,3.36µm
net2797,3.36µm
net2969,3.36µm
_02206_,3.345µm
_00353_,3.33µm
_03378_,3.315µm
_05671_,3.315µm
_05378_,3.305µm
_01698_,3.285µm
_03248_,3.28µm
_01954_,3.24µm
_03067_,3.24µm
_03075_,3.24µm
_03372_,3.24µm
_03890_,3.24µm
_03979_,3.24µm
_04094_,3.24µm
_04138_,3.24µm
_04322_,3.24µm
_04354_,3.24µm
_05854_,3.24µm
_01653_,3.235µm
_02511_,3.235µm
_02670_,3.235µm
_02697_,3.235µm
_02774_,3.235µm
_03498_,3.235µm
_04474_,3.235µm
_04602_,3.235µm
_04639_,3.235µm
_05204_,3.235µm
_05386_,3.235µm
_05641_,3.235µm
_05857_,3.235µm
_00357_,3.21µm
_03924_,3.185µm
_01136_,3.18µm
_01691_,3.18µm
_02079_,3.18µm
_03445_,3.18µm
_03881_,3.18µm
_04821_,3.18µm
_04847_,3.18µm
_02189_,3.175µm
_05930_,3.175µm
_03958_,3.17µm
_01153_,3.14µm
_03215_,3.14µm
_03383_,3.14µm
_03395_,3.14µm
_03453_,3.14µm
_03608_,3.14µm
_04214_,3.14µm
_04683_,3.14µm
_05423_,3.14µm
_05583_,3.14µm
_05621_,3.14µm
net3144,3.14µm
_02334_,3.13µm
_02581_,3.13µm
_02645_,3.13µm
_02675_,3.13µm
_02751_,3.13µm
_02777_,3.13µm
_02858_,3.13µm
_02918_,3.13µm
_03017_,3.13µm
_03167_,3.13µm
_04011_,3.13µm
_04673_,3.13µm
_04777_,3.13µm
_05775_,3.13µm
_05831_,3.13µm
_05837_,3.13µm
_05885_,3.13µm
_05900_,3.13µm
_05982_,3.13µm
_04154_,3.12µm
_00597_,3.11µm
_00079_,3.08µm
_03943_,3.08µm
_03859_,3.07µm
_00094_,3.06µm
_00098_,3.06µm
_00117_,3.06µm
_01138_,3.06µm
_01147_,3.06µm
_01194_,3.06µm
_01264_,3.06µm
_01284_,3.06µm
_01288_,3.06µm
_01326_,3.06µm
_01328_,3.06µm
_01341_,3.06µm
_01368_,3.06µm
_01393_,3.06µm
_01419_,3.06µm
_03232_,3.06µm
_04932_,3.06µm
_05279_,3.06µm
_01301_,3µm
_01699_,3µm
_01705_,3µm
_01901_,3µm
_01982_,3µm
_02000_,3µm
_02210_,3µm
_02225_,3µm
_02244_,3µm
_02360_,3µm
_02441_,3µm
_02480_,3µm
_02598_,3µm
_02746_,3µm
_02872_,3µm
_03080_,3µm
_03228_,3µm
_03461_,3µm
_03488_,3µm
_03876_,3µm
_03982_,3µm
_04050_,3µm
_04097_,3µm
_04180_,3µm
_04225_,3µm
_04400_,3µm
_04675_,3µm
_04678_,3µm
_04733_,3µm
_05414_,3µm
_05664_,3µm
_05689_,3µm
_05958_,3µm
_02413_,2.97µm
net1539,2.97µm
_00213_,2.94µm
_00250_,2.94µm
_00301_,2.94µm
_00362_,2.94µm
_00374_,2.94µm
_00494_,2.94µm
_00517_,2.94µm
_00625_,2.94µm
_00841_,2.94µm
_00942_,2.94µm
_01067_,2.94µm
_01272_,2.94µm
_01444_,2.94µm
_01949_,2.94µm
_02002_,2.94µm
_02018_,2.94µm
_02200_,2.94µm
_02421_,2.94µm
_03157_,2.94µm
_03377_,2.94µm
_03403_,2.94µm
_03448_,2.94µm
_03572_,2.94µm
_03599_,2.94µm
_03630_,2.94µm
_03848_,2.94µm
_04012_,2.94µm
_04045_,2.94µm
_04133_,2.94µm
_04357_,2.94µm
_05354_,2.94µm
_05532_,2.94µm
_05647_,2.94µm
_05751_,2.94µm
_05771_,2.94µm
_05794_,2.94µm
_02057_,2.895µm
_03021_,2.895µm
_00298_,2.85µm
_05515_,2.85µm
_01119_,2.805µm
_04010_,2.79µm
_02332_,2.77µm
_00861_,2.76µm
_02501_,2.76µm
_02873_,2.76µm
_02920_,2.76µm
_03539_,2.76µm
_03548_,2.76µm
_03676_,2.76µm
_04525_,2.76µm
_04617_,2.76µm
_04895_,2.76µm
_05858_,2.76µm
_05880_,2.76µm
net3136,2.76µm
net3138,2.76µm
net3139,2.76µm
net3157,2.76µm
_01963_,2.755µm
_02527_,2.755µm
_02530_,2.755µm
_02743_,2.755µm
_03617_,2.755µm
_03908_,2.755µm
_04183_,2.755µm
_04473_,2.755µm
_05699_,2.755µm
_05767_,2.755µm
_06006_,2.755µm
_04271_,2.75µm
_00870_,2.73µm
_01232_,2.7µm
_02664_,2.7µm
_03602_,2.7µm
_03897_,2.7µm
_03912_,2.7µm
_03971_,2.7µm
_03338_,2.695µm
_05931_,2.68µm
_00091_,2.66µm
_01169_,2.66µm
_01205_,2.66µm
_01233_,2.66µm
_01243_,2.66µm
_01274_,2.66µm
_01333_,2.66µm
_01343_,2.66µm
_01421_,2.66µm
_01531_,2.66µm
_01602_,2.66µm
_03362_,2.66µm
_03365_,2.66µm
_03505_,2.66µm
_04028_,2.66µm
_04509_,2.66µm
_02153_,2.65µm
_02195_,2.65µm
_02221_,2.65µm
_02364_,2.65µm
_02809_,2.65µm
_03563_,2.65µm
_04288_,2.65µm
_04539_,2.65µm
_04634_,2.65µm
_04914_,2.65µm
_05433_,2.65µm
_01923_,2.64µm
_03477_,2.64µm
_00726_,2.59µm
_00896_,2.59µm
_04563_,2.59µm
_00042_,2.58µm
_01142_,2.58µm
_01144_,2.58µm
_01152_,2.58µm
_01162_,2.58µm
_01213_,2.58µm
_01249_,2.58µm
_01271_,2.58µm
_01273_,2.58µm
_01324_,2.58µm
_01415_,2.58µm
_05020_,2.58µm
_05111_,2.58µm
_01762_,2.52µm
_02116_,2.52µm
_02294_,2.52µm
_02320_,2.52µm
_02374_,2.52µm
_02575_,2.52µm
_02683_,2.52µm
_02750_,2.52µm
_03037_,2.52µm
_03319_,2.52µm
_03784_,2.52µm
_04942_,2.52µm
_05324_,2.52µm
_05361_,2.52µm
_05421_,2.52µm
_05448_,2.52µm
_05455_,2.52µm
_05456_,2.52µm
_05480_,2.52µm
_05555_,2.52µm
u_picorv32.picorv32_core.alu_out_q\[19\],2.52µm
_05391_,2.465µm
_03959_,2.44µm
_02251_,2.4µm
_00380_,2.37µm
_04633_,2.355µm
_00082_,2.34µm
_01164_,2.34µm
_01251_,2.34µm
_01159_,2.28µm
_01622_,2.28µm
_01630_,2.28µm
_01811_,2.28µm
_01996_,2.28µm
_02039_,2.28µm
_02042_,2.28µm
_02316_,2.28µm
_02348_,2.28µm
_02349_,2.28µm
_02431_,2.28µm
_03064_,2.28µm
_03490_,2.28µm
_03657_,2.28µm
_03861_,2.28µm
_03989_,2.28µm
_04177_,2.28µm
_04234_,2.28µm
_04627_,2.28µm
_04690_,2.28µm
_04708_,2.28µm
_04831_,2.28µm
_05374_,2.28µm
_05559_,2.28µm
_05573_,2.28µm
_05845_,2.28µm
_00012_,2.275µm
_02668_,2.275µm
_03785_,2.275µm
_03929_,2.275µm
_04526_,2.275µm
_01295_,2.265µm
_03270_,2.25µm
_00150_,2.22µm
_00282_,2.22µm
_00577_,2.22µm
_00596_,2.22µm
_00708_,2.22µm
_01149_,2.22µm
_01286_,2.18µm
_01655_,2.18µm
_04340_,2.18µm
_05512_,2.18µm
_00173_,2.17µm
_00203_,2.17µm
_00235_,2.17µm
_00409_,2.17µm
_00420_,2.17µm
_00700_,2.17µm
_00857_,2.17µm
_00886_,2.17µm
_00917_,2.17µm
_00933_,2.17µm
_00987_,2.17µm
_01037_,2.17µm
_01386_,2.17µm
_01525_,2.17µm
_02094_,2.17µm
_03695_,2.17µm
_04174_,2.17µm
_05416_,2.17µm
_03263_,2.16µm
_01141_,2.1µm
_01197_,2.1µm
_01235_,2.1µm
_01282_,2.1µm
_01416_,2.1µm
_03267_,2.1µm
_05201_,2.1µm
_00777_,2.01µm
_03662_,1.99µm
_02465_,1.96µm
_04287_,1.9µm
_02028_,1.87µm
_02532_,1.87µm
_04594_,1.86µm
_00021_,1.8µm
_00056_,1.8µm
_00068_,1.8µm
_00073_,1.8µm
_00127_,1.8µm
_00128_,1.8µm
_00135_,1.8µm
_00137_,1.8µm
_00141_,1.8µm
_00144_,1.8µm
_00146_,1.8µm
_00147_,1.8µm
_00153_,1.8µm
_00158_,1.8µm
_00159_,1.8µm
_00169_,1.8µm
_00170_,1.8µm
_00171_,1.8µm
_00172_,1.8µm
_00177_,1.8µm
_00190_,1.8µm
_00205_,1.8µm
_00210_,1.8µm
_00214_,1.8µm
_00223_,1.8µm
_00226_,1.8µm
_00231_,1.8µm
_00240_,1.8µm
_00247_,1.8µm
_00254_,1.8µm
_00255_,1.8µm
_00266_,1.8µm
_00268_,1.8µm
_00270_,1.8µm
_00275_,1.8µm
_00278_,1.8µm
_00286_,1.8µm
_00290_,1.8µm
_00293_,1.8µm
_00295_,1.8µm
_00305_,1.8µm
_00307_,1.8µm
_00315_,1.8µm
_00320_,1.8µm
_00354_,1.8µm
_00367_,1.8µm
_00375_,1.8µm
_00391_,1.8µm
_00397_,1.8µm
_00406_,1.8µm
_00408_,1.8µm
_00411_,1.8µm
_00422_,1.8µm
_00424_,1.8µm
_00426_,1.8µm
_00430_,1.8µm
_00431_,1.8µm
_00435_,1.8µm
_00437_,1.8µm
_00439_,1.8µm
_00440_,1.8µm
_00444_,1.8µm
_00496_,1.8µm
_00510_,1.8µm
_00512_,1.8µm
_00519_,1.8µm
_00522_,1.8µm
_00537_,1.8µm
_00545_,1.8µm
_00547_,1.8µm
_00559_,1.8µm
_00561_,1.8µm
_00562_,1.8µm
_00567_,1.8µm
_00579_,1.8µm
_00585_,1.8µm
_00586_,1.8µm
_00590_,1.8µm
_00591_,1.8µm
_00594_,1.8µm
_00595_,1.8µm
_00598_,1.8µm
_00599_,1.8µm
_00607_,1.8µm
_00653_,1.8µm
_00666_,1.8µm
_00681_,1.8µm
_00691_,1.8µm
_00704_,1.8µm
_00706_,1.8µm
_00707_,1.8µm
_00716_,1.8µm
_00718_,1.8µm
_00720_,1.8µm
_00722_,1.8µm
_00723_,1.8µm
_00725_,1.8µm
_00728_,1.8µm
_00732_,1.8µm
_00767_,1.8µm
_00780_,1.8µm
_00781_,1.8µm
_00782_,1.8µm
_00790_,1.8µm
_00793_,1.8µm
_00797_,1.8µm
_00798_,1.8µm
_00799_,1.8µm
_00802_,1.8µm
_00806_,1.8µm
_00815_,1.8µm
_00817_,1.8µm
_00826_,1.8µm
_00828_,1.8µm
_00833_,1.8µm
_00840_,1.8µm
_00844_,1.8µm
_00848_,1.8µm
_00851_,1.8µm
_00862_,1.8µm
_00863_,1.8µm
_00867_,1.8µm
_00868_,1.8µm
_00877_,1.8µm
_00883_,1.8µm
_00885_,1.8µm
_00887_,1.8µm
_00891_,1.8µm
_00900_,1.8µm
_00908_,1.8µm
_00913_,1.8µm
_00915_,1.8µm
_00916_,1.8µm
_00940_,1.8µm
_00971_,1.8µm
_00981_,1.8µm
_00996_,1.8µm
_01011_,1.8µm
_01017_,1.8µm
_01020_,1.8µm
_01023_,1.8µm
_01024_,1.8µm
_01025_,1.8µm
_01026_,1.8µm
_01030_,1.8µm
_01032_,1.8µm
_01038_,1.8µm
_01040_,1.8µm
_01042_,1.8µm
_01043_,1.8µm
_01052_,1.8µm
_01053_,1.8µm
_01085_,1.8µm
_01102_,1.8µm
_01127_,1.8µm
_01154_,1.8µm
_01178_,1.8µm
_01198_,1.8µm
_01203_,1.8µm
_01215_,1.8µm
_01240_,1.8µm
_01257_,1.8µm
_01262_,1.8µm
_01370_,1.8µm
_01373_,1.8µm
_01374_,1.8µm
_01375_,1.8µm
_01390_,1.8µm
_01391_,1.8µm
_01420_,1.8µm
_01482_,1.8µm
_01490_,1.8µm
_01492_,1.8µm
_01692_,1.8µm
_01875_,1.8µm
_01893_,1.8µm
_01896_,1.8µm
_02180_,1.8µm
_02621_,1.8µm
_02623_,1.8µm
_02627_,1.8µm
_03010_,1.8µm
_03173_,1.8µm
_03293_,1.8µm
_03326_,1.8µm
_03344_,1.8µm
_03348_,1.8µm
_03384_,1.8µm
_03663_,1.8µm
_03686_,1.8µm
_03907_,1.8µm
_04327_,1.8µm
_05366_,1.8µm
_05535_,1.8µm
_05827_,1.8µm
_05870_,1.8µm
_02157_,1.795µm
_00542_,1.59µm
_00564_,1.59µm
_00686_,1.59µm
_00749_,1.59µm
_00856_,1.59µm
_01039_,1.59µm
_01182_,1.59µm
_03594_,1.46µm
_01160_,1.44µm
_01277_,1.44µm
_02520_,1.38µm
_03105_,1.38µm
_03124_,1.38µm
_03219_,1.38µm
_03443_,1.38µm
_05949_,1.38µm
_05967_,1.275µm
u_picorv32.picorv32_core.alu_out_q\[25\],1.135µm
_01137_,0.96µm
_01143_,0.96µm
_01151_,0.96µm
_01155_,0.96µm
_01175_,0.96µm
_01180_,0.96µm
_01181_,0.96µm
_01201_,0.96µm
_01223_,0.96µm
_01281_,0.96µm
_01285_,0.96µm
_01451_,0.96µm
_01452_,0.96µm
_01460_,0.96µm
_01498_,0.96µm
_02297_,0.96µm
_02930_,0.96µm
_03028_,0.96µm
_03032_,0.96µm
_03053_,0.96µm
_03131_,0.96µm
_03154_,0.96µm
_03260_,0.96µm
_03519_,0.96µm
_03627_,0.96µm
_03631_,0.96µm
_04910_,0.96µm
_05649_,0.96µm
u_picorv32.pcpi_rs1\[20\],0.96µm
net3017,0.96µm
_02836_,0.955µm
