Instance,Terminal,Layer,X location,Y location,Voltage
FILLER_43_334,VDD,Metal1,166.3200,177.6600,1.199973
FILLER_43_332,VDD,Metal1,165.6000,177.6600,1.199972
FILLER_43_325,VDD,Metal1,163.4490,178.2580,1.199971
FILLER_43_318,VDD,Metal1,160.0890,178.2580,1.199971
FILLER_43_311,VDD,Metal1,156.7290,178.2580,1.199970
FILLER_43_304,VDD,Metal1,153.3690,178.2580,1.199970
FILLER_43_297,VDD,Metal1,150.0090,178.2580,1.199968
FILLER_43_56,VDD,Metal1,32.8800,177.6600,1.199981
FILLER_43_49,VDD,Metal1,30.9690,178.2580,1.199984
FILLER_43_42,VDD,Metal1,27.6090,178.2580,1.199987
FILLER_43_35,VDD,Metal1,24.2490,178.2580,1.199990
FILLER_43_28,VDD,Metal1,20.8890,178.2580,1.199993
FILLER_43_21,VDD,Metal1,17.5290,178.2580,1.199995
FILLER_43_14,VDD,Metal1,14.1690,178.2580,1.199995
FILLER_43_7,VDD,Metal1,10.8090,178.2580,1.199995
FILLER_43_0,VDD,Metal1,7.4490,178.2580,1.199995
FILLER_42_321,VDD,Metal1,160.0800,177.6600,1.199971
FILLER_42_308,VDD,Metal1,154.5710,177.0630,1.199970
FILLER_42_301,VDD,Metal1,151.9290,177.0610,1.199970
FILLER_42_294,VDD,Metal1,148.5690,177.0610,1.199968
FILLER_42_287,VDD,Metal1,145.2090,177.0610,1.199968
FILLER_42_261,VDD,Metal1,131.2800,177.6600,1.199871
FILLER_42_259,VDD,Metal1,130.5600,177.6600,1.199871
FILLER_42_253,VDD,Metal1,127.4400,177.6600,1.199876
FILLER_42_234,VDD,Metal1,118.5600,177.6600,1.199887
FILLER_42_229,VDD,Metal1,115.9200,177.6600,1.199893
FILLER_42_192,VDD,Metal1,98.1600,177.6600,1.199969
FILLER_42_188,VDD,Metal1,96.9710,177.0630,1.199981
FILLER_42_181,VDD,Metal1,94.3290,177.0610,1.199993
FILLER_42_124,VDD,Metal1,65.5200,177.6600,1.199752
FILLER_42_116,VDD,Metal1,61.9200,177.6600,1.199752
FILLER_42_78,VDD,Metal1,43.4400,177.6600,1.199803
FILLER_42_63,VDD,Metal1,36.9710,177.0630,1.199870
FILLER_42_56,VDD,Metal1,34.3290,177.0610,1.199981
FILLER_42_49,VDD,Metal1,30.9690,177.0610,1.199984
FILLER_42_42,VDD,Metal1,27.6090,177.0610,1.199987
FILLER_42_35,VDD,Metal1,24.2490,177.0610,1.199990
FILLER_42_28,VDD,Metal1,20.8890,177.0610,1.199993
FILLER_42_21,VDD,Metal1,17.5290,177.0610,1.199995
FILLER_42_14,VDD,Metal1,14.1690,177.0610,1.199995
FILLER_42_7,VDD,Metal1,10.8090,177.0610,1.199995
FILLER_42_0,VDD,Metal1,7.4490,177.0610,1.199995
FILLER_41_346,VDD,Metal1,172.0800,170.1000,1.199971
FILLER_41_344,VDD,Metal1,171.3600,170.1000,1.199971
FILLER_41_306,VDD,Metal1,152.8800,170.1000,1.199942
FILLER_41_304,VDD,Metal1,152.1600,170.1000,1.199942
FILLER_41_297,VDD,Metal1,150.0090,170.6980,1.199942
FILLER_41_290,VDD,Metal1,146.6490,170.6980,1.199942
FILLER_41_284,VDD,Metal1,142.3200,170.1000,1.199861
FILLER_41_252,VDD,Metal1,126.9600,170.1000,1.199908
FILLER_41_218,VDD,Metal1,112.0890,170.6980,1.199950
FILLER_41_190,VDD,Metal1,97.9310,170.6960,1.199973
FILLER_41_164,VDD,Metal1,84.9600,170.1000,1.199536
FILLER_41_160,VDD,Metal1,83.5310,170.6960,1.199536
FILLER_41_146,VDD,Metal1,76.3200,170.1000,1.199503
FILLER_41_134,VDD,Metal1,70.3200,170.1000,1.199503
FILLER_41_95,VDD,Metal1,51.8400,170.1000,1.199557
FILLER_41_81,VDD,Metal1,45.1200,170.1000,1.199572
FILLER_41_46,VDD,Metal1,28.3200,170.1000,1.199792
FILLER_41_42,VDD,Metal1,26.8910,170.6960,1.199792
FILLER_41_35,VDD,Metal1,24.2490,170.6980,1.199961
FILLER_41_28,VDD,Metal1,20.8890,170.6980,1.199973
FILLER_41_21,VDD,Metal1,17.5290,170.6980,1.199983
FILLER_41_14,VDD,Metal1,14.1690,170.6980,1.199983
FILLER_41_7,VDD,Metal1,10.8090,170.6980,1.199983
FILLER_41_0,VDD,Metal1,7.4490,170.6980,1.199983
FILLER_40_345,VDD,Metal1,171.8400,170.1000,1.199971
FILLER_40_317,VDD,Metal1,158.1600,170.1000,1.199968
FILLER_40_245,VDD,Metal1,124.3310,169.5030,1.199919
FILLER_40_238,VDD,Metal1,120.2400,170.1000,1.199919
FILLER_40_234,VDD,Metal1,119.0510,169.5030,1.199919
FILLER_40_228,VDD,Metal1,115.4400,170.1000,1.199949
FILLER_40_221,VDD,Metal1,113.5290,169.5010,1.199950
FILLER_40_215,VDD,Metal1,109.2000,170.1000,1.199965
FILLER_40_213,VDD,Metal1,108.4800,170.1000,1.199965
FILLER_40_196,VDD,Metal1,100.3200,170.1000,1.199972
FILLER_40_192,VDD,Metal1,98.8910,169.5030,1.199973
FILLER_40_185,VDD,Metal1,96.2490,169.5010,1.199974
FILLER_40_178,VDD,Metal1,92.8890,169.5010,1.199974
FILLER_40_171,VDD,Metal1,89.5290,169.5010,1.199575
FILLER_40_166,VDD,Metal1,85.6800,170.1000,1.199538
FILLER_40_159,VDD,Metal1,83.7690,169.5010,1.199536
FILLER_40_153,VDD,Metal1,79.4400,170.1000,1.199507
FILLER_40_149,VDD,Metal1,78.2510,169.5030,1.199507
FILLER_40_143,VDD,Metal1,74.6400,170.1000,1.199503
FILLER_40_141,VDD,Metal1,73.9200,170.1000,1.199503
FILLER_40_134,VDD,Metal1,71.7690,169.5010,1.199503
FILLER_40_127,VDD,Metal1,68.4090,169.5010,1.199502
FILLER_40_109,VDD,Metal1,58.5600,170.1000,1.199501
FILLER_40_105,VDD,Metal1,57.1310,169.5030,1.199501
FILLER_40_98,VDD,Metal1,54.4890,169.5010,1.199521
FILLER_40_91,VDD,Metal1,51.1290,169.5010,1.199557
FILLER_40_83,VDD,Metal1,46.0800,170.1000,1.199559
FILLER_40_66,VDD,Metal1,37.6800,170.1000,1.199574
FILLER_40_64,VDD,Metal1,36.9600,170.1000,1.199574
FILLER_40_57,VDD,Metal1,34.8090,169.5010,1.199574
FILLER_40_49,VDD,Metal1,30.2510,169.5030,1.199574
FILLER_40_42,VDD,Metal1,27.6090,169.5010,1.199792
FILLER_40_35,VDD,Metal1,24.2490,169.5010,1.199961
FILLER_40_28,VDD,Metal1,20.8890,169.5010,1.199973
FILLER_40_21,VDD,Metal1,17.5290,169.5010,1.199983
FILLER_40_14,VDD,Metal1,14.1690,169.5010,1.199983
FILLER_40_7,VDD,Metal1,10.8090,169.5010,1.199983
FILLER_40_0,VDD,Metal1,7.4490,169.5010,1.199983
FILLER_39_331,VDD,Metal1,165.6110,163.1360,1.199876
FILLER_39_317,VDD,Metal1,158.1600,162.5400,1.199857
FILLER_39_308,VDD,Metal1,154.5710,163.1360,1.199845
FILLER_39_301,VDD,Metal1,151.9290,163.1380,1.199843
FILLER_39_291,VDD,Metal1,145.6800,162.5400,1.199841
FILLER_39_284,VDD,Metal1,142.5600,162.5400,1.199839
FILLER_39_277,VDD,Metal1,140.4090,163.1380,1.199831
FILLER_39_270,VDD,Metal1,135.8400,162.5400,1.199831
FILLER_39_259,VDD,Metal1,130.3200,162.5400,1.199830
FILLER_39_252,VDD,Metal1,128.4090,163.1380,1.199829
FILLER_39_245,VDD,Metal1,125.0490,163.1380,1.199828
FILLER_39_238,VDD,Metal1,121.6890,163.1380,1.199827
FILLER_39_231,VDD,Metal1,118.3290,163.1380,1.199826
FILLER_39_224,VDD,Metal1,114.9690,163.1380,1.199826
FILLER_39_196,VDD,Metal1,100.0800,162.5400,1.199909
FILLER_39_192,VDD,Metal1,98.8910,163.1360,1.199909
FILLER_39_185,VDD,Metal1,96.2490,163.1380,1.199978
FILLER_39_178,VDD,Metal1,92.8890,163.1380,1.199792
FILLER_39_146,VDD,Metal1,76.0800,162.5400,1.199789
FILLER_39_139,VDD,Metal1,74.1690,163.1380,1.199789
FILLER_39_132,VDD,Metal1,70.8090,163.1380,1.199789
FILLER_39_123,VDD,Metal1,65.0400,162.5400,1.199798
FILLER_39_117,VDD,Metal1,62.1600,162.5400,1.199804
FILLER_39_110,VDD,Metal1,60.2490,163.1380,1.199866
FILLER_39_103,VDD,Metal1,56.8890,163.1380,1.199874
FILLER_39_96,VDD,Metal1,53.5290,163.1380,1.199876
FILLER_39_89,VDD,Metal1,50.1690,163.1380,1.199886
FILLER_39_82,VDD,Metal1,46.8090,163.1380,1.199895
FILLER_39_75,VDD,Metal1,43.4490,163.1380,1.199905
FILLER_39_63,VDD,Metal1,37.6890,163.1380,1.199928
FILLER_39_56,VDD,Metal1,34.3290,163.1380,1.199931
FILLER_39_49,VDD,Metal1,30.9690,163.1380,1.199934
FILLER_39_42,VDD,Metal1,27.6090,163.1380,1.199987
FILLER_39_35,VDD,Metal1,24.2490,163.1380,1.199990
FILLER_39_28,VDD,Metal1,20.8890,163.1380,1.199993
FILLER_39_21,VDD,Metal1,17.5290,163.1380,1.199996
FILLER_39_14,VDD,Metal1,14.1690,163.1380,1.199996
FILLER_39_7,VDD,Metal1,10.8090,163.1380,1.199996
FILLER_39_0,VDD,Metal1,7.4490,163.1380,1.199996
FILLER_38_337,VDD,Metal1,168.0000,162.5400,1.199977
FILLER_38_330,VDD,Metal1,165.8490,161.9410,1.199876
FILLER_38_323,VDD,Metal1,162.4890,161.9410,1.199858
FILLER_38_316,VDD,Metal1,159.1290,161.9410,1.199857
FILLER_38_309,VDD,Metal1,155.7690,161.9410,1.199845
FILLER_38_302,VDD,Metal1,152.4090,161.9410,1.199845
FILLER_38_295,VDD,Metal1,149.0490,161.9410,1.199843
FILLER_38_288,VDD,Metal1,145.6890,161.9410,1.199841
FILLER_38_281,VDD,Metal1,142.3290,161.9410,1.199839
FILLER_38_274,VDD,Metal1,138.9690,161.9410,1.199831
FILLER_38_267,VDD,Metal1,135.6090,161.9410,1.199831
FILLER_38_260,VDD,Metal1,132.2490,161.9410,1.199831
FILLER_38_253,VDD,Metal1,128.8890,161.9410,1.199830
FILLER_38_246,VDD,Metal1,125.5290,161.9410,1.199829
FILLER_38_239,VDD,Metal1,122.1690,161.9410,1.199828
FILLER_38_232,VDD,Metal1,118.8090,161.9410,1.199827
FILLER_38_221,VDD,Metal1,112.3200,162.5400,1.199822
FILLER_38_214,VDD,Metal1,110.1690,161.9410,1.199822
FILLER_38_205,VDD,Metal1,105.1310,161.9430,1.199822
FILLER_38_198,VDD,Metal1,102.4890,161.9410,1.199822
FILLER_38_190,VDD,Metal1,97.4400,162.5400,1.199978
FILLER_38_186,VDD,Metal1,96.0110,161.9430,1.199978
FILLER_38_179,VDD,Metal1,91.9200,162.5400,1.199794
FILLER_38_175,VDD,Metal1,90.7310,161.9430,1.199791
FILLER_38_168,VDD,Metal1,88.0890,161.9410,1.199791
FILLER_38_155,VDD,Metal1,80.6400,162.5400,1.199789
FILLER_38_117,VDD,Metal1,62.1600,162.5400,1.199804
FILLER_38_113,VDD,Metal1,60.9710,161.9430,1.199866
FILLER_38_106,VDD,Metal1,58.3290,161.9410,1.199874
FILLER_38_101,VDD,Metal1,54.4800,162.5400,1.199876
FILLER_38_99,VDD,Metal1,53.7600,162.5400,1.199876
FILLER_38_92,VDD,Metal1,51.6090,161.9410,1.199886
FILLER_38_85,VDD,Metal1,48.2490,161.9410,1.199895
FILLER_38_78,VDD,Metal1,44.8890,161.9410,1.199905
FILLER_38_56,VDD,Metal1,33.1200,162.5400,1.199931
FILLER_38_49,VDD,Metal1,30.9690,161.9410,1.199934
FILLER_38_44,VDD,Metal1,27.1200,162.5400,1.199987
FILLER_38_42,VDD,Metal1,26.4000,162.5400,1.199987
FILLER_38_35,VDD,Metal1,24.2490,161.9410,1.199990
FILLER_38_28,VDD,Metal1,20.8890,161.9410,1.199993
FILLER_38_21,VDD,Metal1,17.5290,161.9410,1.199996
FILLER_38_14,VDD,Metal1,14.1690,161.9410,1.199996
FILLER_38_7,VDD,Metal1,10.8090,161.9410,1.199996
FILLER_38_0,VDD,Metal1,7.4490,161.9410,1.199996
FILLER_37_338,VDD,Metal1,168.2400,154.9800,1.199889
FILLER_37_331,VDD,Metal1,166.3290,155.5780,1.199889
FILLER_37_320,VDD,Metal1,159.8400,154.9800,1.199889
FILLER_37_316,VDD,Metal1,158.4110,155.5760,1.199884
FILLER_37_310,VDD,Metal1,154.8000,154.9800,1.199612
FILLER_37_306,VDD,Metal1,153.6110,155.5760,1.199603
FILLER_37_299,VDD,Metal1,150.9690,155.5780,1.199574
FILLER_37_292,VDD,Metal1,147.6090,155.5780,1.199567
FILLER_37_285,VDD,Metal1,144.2490,155.5780,1.199478
FILLER_37_278,VDD,Metal1,140.8890,155.5780,1.199470
FILLER_37_272,VDD,Metal1,136.5600,154.9800,1.199470
FILLER_37_267,VDD,Metal1,134.1600,154.9800,1.199470
FILLER_37_256,VDD,Metal1,128.8800,154.9800,1.199434
FILLER_37_252,VDD,Metal1,127.6910,155.5760,1.199434
FILLER_37_245,VDD,Metal1,125.0490,155.5780,1.199429
FILLER_37_212,VDD,Metal1,107.7600,154.9800,1.199932
FILLER_37_205,VDD,Metal1,105.8490,155.5780,1.199932
FILLER_37_198,VDD,Metal1,102.4890,155.5780,1.199950
FILLER_37_191,VDD,Metal1,99.1290,155.5780,1.199967
FILLER_37_182,VDD,Metal1,93.3600,154.9800,1.199987
FILLER_37_178,VDD,Metal1,92.1710,155.5760,1.199984
FILLER_37_171,VDD,Metal1,89.5290,155.5780,1.199982
FILLER_37_166,VDD,Metal1,85.6800,154.9800,1.199979
FILLER_37_164,VDD,Metal1,84.9600,154.9800,1.199977
FILLER_37_157,VDD,Metal1,82.8090,155.5780,1.199976
FILLER_37_150,VDD,Metal1,79.4490,155.5780,1.199974
FILLER_37_143,VDD,Metal1,76.0890,155.5780,1.199973
FILLER_37_137,VDD,Metal1,71.7600,154.9800,1.199973
FILLER_37_127,VDD,Metal1,66.9600,154.9800,1.199683
FILLER_37_125,VDD,Metal1,66.2400,154.9800,1.199683
FILLER_37_118,VDD,Metal1,64.0890,155.5780,1.199682
FILLER_37_111,VDD,Metal1,60.7290,155.5780,1.199680
FILLER_37_96,VDD,Metal1,52.0800,154.9800,1.199676
FILLER_37_83,VDD,Metal1,46.5710,155.5760,1.199676
FILLER_37_67,VDD,Metal1,38.4000,154.9800,1.199713
FILLER_37_39,VDD,Metal1,24.7200,154.9800,1.199714
FILLER_37_35,VDD,Metal1,23.5310,155.5760,1.199718
FILLER_37_28,VDD,Metal1,20.8890,155.5780,1.199961
FILLER_37_21,VDD,Metal1,17.5290,155.5780,1.199975
FILLER_37_14,VDD,Metal1,14.1690,155.5780,1.199975
FILLER_37_7,VDD,Metal1,10.8090,155.5780,1.199975
FILLER_37_0,VDD,Metal1,7.4490,155.5780,1.199975
FILLER_36_346,VDD,Metal1,172.0800,154.9800,1.199889
FILLER_36_312,VDD,Metal1,157.2090,154.3810,1.199884
FILLER_36_306,VDD,Metal1,152.8800,154.9800,1.199603
FILLER_36_289,VDD,Metal1,144.7200,154.9800,1.199478
FILLER_36_242,VDD,Metal1,123.6090,154.3810,1.199429
FILLER_36_235,VDD,Metal1,120.2490,154.3810,1.199429
FILLER_36_229,VDD,Metal1,116.1600,154.9800,1.199429
FILLER_36_222,VDD,Metal1,112.5600,154.9800,1.199429
FILLER_36_215,VDD,Metal1,110.6490,154.3810,1.199429
FILLER_36_208,VDD,Metal1,107.2890,154.3810,1.199932
FILLER_36_201,VDD,Metal1,103.9290,154.3810,1.199950
FILLER_36_194,VDD,Metal1,100.5690,154.3810,1.199967
FILLER_36_188,VDD,Metal1,96.4800,154.9800,1.199979
FILLER_36_178,VDD,Metal1,92.1710,154.3830,1.199984
FILLER_36_171,VDD,Metal1,89.5290,154.3810,1.199982
FILLER_36_158,VDD,Metal1,83.2890,154.3810,1.199976
FILLER_36_151,VDD,Metal1,79.9290,154.3810,1.199976
FILLER_36_144,VDD,Metal1,76.5690,154.3810,1.199974
FILLER_36_137,VDD,Metal1,73.2090,154.3810,1.199973
FILLER_36_130,VDD,Metal1,69.8490,154.3810,1.199933
FILLER_36_123,VDD,Metal1,66.4890,154.3810,1.199683
FILLER_36_116,VDD,Metal1,63.1290,154.3810,1.199681
FILLER_36_84,VDD,Metal1,46.3200,154.9800,1.199676
FILLER_36_80,VDD,Metal1,45.1310,154.3830,1.199677
FILLER_36_42,VDD,Metal1,26.4000,154.9800,1.199718
FILLER_36_35,VDD,Metal1,24.2490,154.3810,1.199718
FILLER_36_28,VDD,Metal1,20.8890,154.3810,1.199961
FILLER_36_21,VDD,Metal1,17.5290,154.3810,1.199975
FILLER_36_14,VDD,Metal1,14.1690,154.3810,1.199975
FILLER_36_7,VDD,Metal1,10.8090,154.3810,1.199975
FILLER_36_0,VDD,Metal1,7.4490,154.3810,1.199975
FILLER_35_332,VDD,Metal1,166.8090,148.0180,1.199852
FILLER_35_294,VDD,Metal1,147.1200,147.4200,1.199838
FILLER_35_292,VDD,Metal1,146.4000,147.4200,1.199839
FILLER_35_285,VDD,Metal1,144.2490,148.0180,1.199840
FILLER_35_278,VDD,Metal1,140.8890,148.0180,1.199845
FILLER_35_271,VDD,Metal1,137.5290,148.0180,1.199847
FILLER_35_264,VDD,Metal1,134.1690,148.0180,1.199855
FILLER_35_257,VDD,Metal1,130.8090,148.0180,1.199856
FILLER_35_247,VDD,Metal1,126.0090,148.0180,1.199863
FILLER_35_240,VDD,Metal1,122.6490,148.0180,1.199863
FILLER_35_234,VDD,Metal1,118.3200,147.4200,1.199863
FILLER_35_224,VDD,Metal1,113.5200,147.4200,1.199893
FILLER_35_220,VDD,Metal1,112.3310,148.0160,1.199919
FILLER_35_213,VDD,Metal1,109.6890,148.0180,1.199927
FILLER_35_206,VDD,Metal1,106.3290,148.0180,1.199930
FILLER_35_181,VDD,Metal1,93.1200,147.4200,1.199797
FILLER_35_173,VDD,Metal1,89.2800,147.4200,1.199762
FILLER_35_169,VDD,Metal1,87.8510,148.0160,1.199762
FILLER_35_162,VDD,Metal1,85.2090,148.0180,1.199762
FILLER_35_136,VDD,Metal1,71.2800,147.4200,1.199750
FILLER_35_129,VDD,Metal1,69.3690,148.0180,1.199750
FILLER_35_122,VDD,Metal1,66.0090,148.0180,1.199740
FILLER_35_88,VDD,Metal1,48.4800,147.4200,1.199749
FILLER_35_81,VDD,Metal1,46.3290,148.0180,1.199749
FILLER_35_74,VDD,Metal1,42.9690,148.0180,1.199782
FILLER_35_67,VDD,Metal1,39.6090,148.0180,1.199815
FILLER_35_60,VDD,Metal1,36.2490,148.0180,1.199847
FILLER_35_53,VDD,Metal1,32.8890,148.0180,1.199880
FILLER_35_48,VDD,Metal1,29.0400,147.4200,1.199921
FILLER_35_46,VDD,Metal1,28.3200,147.4200,1.199921
FILLER_35_39,VDD,Metal1,26.1690,148.0180,1.199921
FILLER_35_32,VDD,Metal1,22.8090,148.0180,1.199954
FILLER_35_25,VDD,Metal1,19.4490,148.0180,1.199986
FILLER_35_18,VDD,Metal1,16.0890,148.0180,1.199986
FILLER_35_11,VDD,Metal1,12.7290,148.0180,1.199986
FILLER_35_4,VDD,Metal1,9.3690,148.0180,1.199985
FILLER_34_335,VDD,Metal1,167.5310,146.8230,1.199852
FILLER_34_328,VDD,Metal1,164.8890,146.8210,1.199835
FILLER_34_320,VDD,Metal1,160.3310,146.8230,1.199833
FILLER_34_314,VDD,Metal1,156.7200,147.4200,1.199833
FILLER_34_308,VDD,Metal1,154.0800,147.4200,1.199836
FILLER_34_301,VDD,Metal1,151.9290,146.8210,1.199836
FILLER_34_294,VDD,Metal1,148.5690,146.8210,1.199838
FILLER_34_287,VDD,Metal1,145.2090,146.8210,1.199839
FILLER_34_276,VDD,Metal1,138.7200,147.4200,1.199847
FILLER_34_272,VDD,Metal1,137.2910,146.8230,1.199847
FILLER_34_257,VDD,Metal1,129.6000,147.4200,1.199856
FILLER_34_253,VDD,Metal1,128.1710,146.8230,1.199863
FILLER_34_219,VDD,Metal1,111.3600,147.4200,1.199926
FILLER_34_212,VDD,Metal1,109.2090,146.8210,1.199930
FILLER_34_175,VDD,Metal1,90.2400,147.4200,1.199792
FILLER_34_168,VDD,Metal1,88.0890,146.8210,1.199762
FILLER_34_134,VDD,Metal1,71.7690,146.8210,1.199753
FILLER_34_127,VDD,Metal1,68.4090,146.8210,1.199743
FILLER_34_98,VDD,Metal1,53.2800,147.4200,1.199740
FILLER_34_91,VDD,Metal1,51.1290,146.8210,1.199748
FILLER_34_84,VDD,Metal1,47.7690,146.8210,1.199749
FILLER_34_77,VDD,Metal1,44.4090,146.8210,1.199782
FILLER_34_70,VDD,Metal1,41.0490,146.8210,1.199815
FILLER_34_63,VDD,Metal1,37.6890,146.8210,1.199847
FILLER_34_56,VDD,Metal1,34.3290,146.8210,1.199880
FILLER_34_49,VDD,Metal1,30.9690,146.8210,1.199913
FILLER_34_42,VDD,Metal1,27.6090,146.8210,1.199921
FILLER_34_35,VDD,Metal1,24.2490,146.8210,1.199954
FILLER_34_28,VDD,Metal1,20.8890,146.8210,1.199986
FILLER_34_21,VDD,Metal1,17.5290,146.8210,1.199986
FILLER_34_14,VDD,Metal1,14.1690,146.8210,1.199986
FILLER_34_7,VDD,Metal1,10.8090,146.8210,1.199985
FILLER_34_0,VDD,Metal1,7.4490,146.8210,1.199985
FILLER_33_346,VDD,Metal1,172.0800,139.8600,1.199958
FILLER_33_318,VDD,Metal1,158.6400,139.8600,1.199807
FILLER_33_306,VDD,Metal1,153.1200,139.8600,1.199717
FILLER_33_302,VDD,Metal1,151.6910,140.4560,1.199696
FILLER_33_295,VDD,Metal1,149.0490,140.4580,1.199690
FILLER_33_288,VDD,Metal1,145.6890,140.4580,1.199684
FILLER_33_281,VDD,Metal1,142.3290,140.4580,1.199684
FILLER_33_243,VDD,Metal1,122.6400,139.8600,1.199694
FILLER_33_236,VDD,Metal1,120.7290,140.4580,1.199696
FILLER_33_230,VDD,Metal1,116.4000,139.8600,1.199696
FILLER_33_228,VDD,Metal1,115.6800,139.8600,1.199702
FILLER_33_221,VDD,Metal1,113.5290,140.4580,1.199706
FILLER_33_214,VDD,Metal1,110.1690,140.4580,1.199928
FILLER_33_207,VDD,Metal1,106.8090,140.4580,1.199934
FILLER_33_200,VDD,Metal1,103.4490,140.4580,1.199941
FILLER_33_194,VDD,Metal1,99.1200,139.8600,1.199970
FILLER_33_192,VDD,Metal1,98.4000,139.8600,1.199970
FILLER_33_187,VDD,Metal1,95.7600,139.8600,1.199977
FILLER_33_185,VDD,Metal1,95.0400,139.8600,1.199977
FILLER_33_164,VDD,Metal1,86.1690,140.4580,1.199465
FILLER_33_157,VDD,Metal1,82.8090,140.4580,1.199462
FILLER_33_151,VDD,Metal1,78.4800,139.8600,1.199348
FILLER_33_139,VDD,Metal1,74.1690,140.4580,1.199340
FILLER_33_133,VDD,Metal1,70.0800,139.8600,1.199339
FILLER_33_124,VDD,Metal1,65.5200,139.8600,1.199340
FILLER_33_122,VDD,Metal1,64.8000,139.8600,1.199348
FILLER_33_115,VDD,Metal1,62.6490,140.4580,1.199348
FILLER_33_106,VDD,Metal1,57.6110,140.4560,1.199479
FILLER_33_99,VDD,Metal1,54.9690,140.4580,1.199482
FILLER_33_92,VDD,Metal1,51.6090,140.4580,1.199486
FILLER_33_85,VDD,Metal1,48.2490,140.4580,1.199645
FILLER_33_78,VDD,Metal1,44.8890,140.4580,1.199649
FILLER_33_73,VDD,Metal1,41.0400,139.8600,1.199655
FILLER_33_67,VDD,Metal1,38.1600,139.8600,1.199671
FILLER_33_63,VDD,Metal1,36.9710,140.4560,1.199692
FILLER_33_56,VDD,Metal1,34.3290,140.4580,1.199692
FILLER_33_49,VDD,Metal1,30.9690,140.4580,1.199692
FILLER_33_42,VDD,Metal1,27.6090,140.4580,1.199692
FILLER_33_35,VDD,Metal1,24.2490,140.4580,1.199966
FILLER_33_28,VDD,Metal1,20.8890,140.4580,1.199976
FILLER_33_21,VDD,Metal1,17.5290,140.4580,1.199985
FILLER_33_14,VDD,Metal1,14.1690,140.4580,1.199985
FILLER_33_7,VDD,Metal1,10.8090,140.4580,1.199985
FILLER_33_0,VDD,Metal1,7.4490,140.4580,1.199985
FILLER_32_335,VDD,Metal1,167.5310,139.2630,1.199958
FILLER_32_328,VDD,Metal1,164.8890,139.2610,1.199958
FILLER_32_322,VDD,Metal1,160.5600,139.8600,1.199958
FILLER_32_320,VDD,Metal1,159.8400,139.8600,1.199958
FILLER_32_313,VDD,Metal1,157.6890,139.2610,1.199807
FILLER_32_296,VDD,Metal1,148.0800,139.8600,1.199690
FILLER_32_268,VDD,Metal1,134.6400,139.8600,1.199683
FILLER_32_251,VDD,Metal1,127.9290,139.2610,1.199683
FILLER_32_244,VDD,Metal1,124.5690,139.2610,1.199689
FILLER_32_237,VDD,Metal1,121.2090,139.2610,1.199694
FILLER_32_230,VDD,Metal1,117.8490,139.2610,1.199696
FILLER_32_223,VDD,Metal1,114.4890,139.2610,1.199702
FILLER_32_217,VDD,Metal1,110.4000,139.8600,1.199928
FILLER_32_209,VDD,Metal1,107.0510,139.2630,1.199934
FILLER_32_202,VDD,Metal1,104.4090,139.2610,1.199937
FILLER_32_171,VDD,Metal1,88.8110,139.2630,1.199961
FILLER_32_164,VDD,Metal1,86.1690,139.2610,1.199465
FILLER_32_157,VDD,Metal1,82.8090,139.2610,1.199462
FILLER_32_150,VDD,Metal1,79.4490,139.2610,1.199348
FILLER_32_117,VDD,Metal1,62.1600,139.8600,1.199348
FILLER_32_115,VDD,Metal1,61.4400,139.8600,1.199348
FILLER_32_108,VDD,Metal1,59.2890,139.2610,1.199479
FILLER_32_101,VDD,Metal1,55.9290,139.2610,1.199479
FILLER_32_94,VDD,Metal1,52.5690,139.2610,1.199483
FILLER_32_74,VDD,Metal1,41.5200,139.8600,1.199654
FILLER_32_35,VDD,Metal1,24.2490,139.2610,1.199966
FILLER_32_28,VDD,Metal1,20.8890,139.2610,1.199976
FILLER_32_21,VDD,Metal1,17.5290,139.2610,1.199985
FILLER_32_14,VDD,Metal1,14.1690,139.2610,1.199985
FILLER_32_7,VDD,Metal1,10.8090,139.2610,1.199985
FILLER_32_0,VDD,Metal1,7.4490,139.2610,1.199985
FILLER_31_341,VDD,Metal1,169.9200,132.3000,1.199964
FILLER_31_334,VDD,Metal1,167.7690,132.8980,1.199112
FILLER_31_306,VDD,Metal1,152.8800,132.3000,1.199107
FILLER_31_289,VDD,Metal1,146.1690,132.8980,1.199098
FILLER_31_282,VDD,Metal1,142.8090,132.8980,1.199094
FILLER_31_272,VDD,Metal1,136.5600,132.3000,1.199052
FILLER_31_270,VDD,Metal1,135.8400,132.3000,1.199052
FILLER_31_263,VDD,Metal1,133.6890,132.8980,1.199058
FILLER_31_256,VDD,Metal1,130.3290,132.8980,1.199066
FILLER_31_249,VDD,Metal1,126.9690,132.8980,1.199074
FILLER_31_242,VDD,Metal1,123.6090,132.8980,1.199082
FILLER_31_235,VDD,Metal1,120.2490,132.8980,1.199091
FILLER_31_202,VDD,Metal1,102.9600,132.3000,1.199370
FILLER_31_198,VDD,Metal1,101.7710,132.8960,1.199816
FILLER_31_191,VDD,Metal1,99.1290,132.8980,1.199873
FILLER_31_179,VDD,Metal1,93.3690,132.8980,1.199872
FILLER_31_172,VDD,Metal1,90.0090,132.8980,1.199864
FILLER_31_165,VDD,Metal1,86.6490,132.8980,1.199863
FILLER_31_158,VDD,Metal1,83.2890,132.8980,1.199863
FILLER_31_151,VDD,Metal1,79.9290,132.8980,1.199863
FILLER_31_144,VDD,Metal1,76.5690,132.8980,1.199862
FILLER_31_137,VDD,Metal1,73.2090,132.8980,1.199860
FILLER_31_122,VDD,Metal1,64.5600,132.3000,1.199625
FILLER_31_115,VDD,Metal1,62.6490,132.8980,1.199625
FILLER_31_108,VDD,Metal1,59.2890,132.8980,1.199623
FILLER_31_101,VDD,Metal1,55.9290,132.8980,1.199615
FILLER_31_62,VDD,Metal1,36.0000,132.3000,1.199808
FILLER_31_58,VDD,Metal1,34.5710,132.8960,1.199810
FILLER_31_51,VDD,Metal1,31.9290,132.8980,1.199813
FILLER_31_46,VDD,Metal1,28.0800,132.3000,1.199824
FILLER_31_42,VDD,Metal1,26.8910,132.8960,1.199824
FILLER_31_35,VDD,Metal1,24.2490,132.8980,1.199967
FILLER_31_28,VDD,Metal1,20.8890,132.8980,1.199977
FILLER_31_21,VDD,Metal1,17.5290,132.8980,1.199985
FILLER_31_14,VDD,Metal1,14.1690,132.8980,1.199985
FILLER_31_7,VDD,Metal1,10.8090,132.8980,1.199985
FILLER_31_0,VDD,Metal1,7.4490,132.8980,1.199985
FILLER_30_335,VDD,Metal1,167.5310,131.7030,1.199112
FILLER_30_328,VDD,Metal1,164.8890,131.7010,1.199112
FILLER_30_321,VDD,Metal1,161.5290,131.7010,1.199110
FILLER_30_291,VDD,Metal1,147.1290,131.7010,1.199101
FILLER_30_284,VDD,Metal1,143.7690,131.7010,1.199097
FILLER_30_277,VDD,Metal1,140.4090,131.7010,1.199093
FILLER_30_263,VDD,Metal1,132.2400,132.3000,1.199058
FILLER_30_256,VDD,Metal1,130.3290,131.7010,1.199066
FILLER_30_249,VDD,Metal1,126.9690,131.7010,1.199074
FILLER_30_242,VDD,Metal1,123.6090,131.7010,1.199082
FILLER_30_237,VDD,Metal1,119.7600,132.3000,1.199091
FILLER_30_235,VDD,Metal1,119.0400,132.3000,1.199091
FILLER_30_228,VDD,Metal1,116.8890,131.7010,1.199100
FILLER_30_221,VDD,Metal1,113.5290,131.7010,1.199103
FILLER_30_214,VDD,Metal1,108.9600,132.3000,1.199103
FILLER_30_202,VDD,Metal1,104.4090,131.7010,1.199370
FILLER_30_195,VDD,Metal1,101.0490,131.7010,1.199816
FILLER_30_188,VDD,Metal1,97.6890,131.7010,1.199873
FILLER_30_181,VDD,Metal1,94.3290,131.7010,1.199873
FILLER_30_174,VDD,Metal1,90.9690,131.7010,1.199869
FILLER_30_146,VDD,Metal1,76.0800,132.3000,1.199861
FILLER_30_139,VDD,Metal1,74.1690,131.7010,1.199861
FILLER_30_132,VDD,Metal1,70.8090,131.7010,1.199859
FILLER_30_125,VDD,Metal1,67.4490,131.7010,1.199827
FILLER_30_118,VDD,Metal1,64.0890,131.7010,1.199625
FILLER_30_110,VDD,Metal1,59.5310,131.7030,1.199623
FILLER_30_77,VDD,Metal1,43.2000,132.3000,1.199616
FILLER_30_70,VDD,Metal1,41.0490,131.7010,1.199616
FILLER_30_63,VDD,Metal1,37.6890,131.7010,1.199799
FILLER_30_56,VDD,Metal1,34.3290,131.7010,1.199810
FILLER_30_49,VDD,Metal1,30.9690,131.7010,1.199820
FILLER_30_42,VDD,Metal1,27.6090,131.7010,1.199824
FILLER_30_35,VDD,Metal1,24.2490,131.7010,1.199967
FILLER_30_28,VDD,Metal1,20.8890,131.7010,1.199977
FILLER_30_21,VDD,Metal1,17.5290,131.7010,1.199985
FILLER_30_14,VDD,Metal1,14.1690,131.7010,1.199985
FILLER_30_7,VDD,Metal1,10.8090,131.7010,1.199985
FILLER_30_0,VDD,Metal1,7.4490,131.7010,1.199985
FILLER_29_335,VDD,Metal1,167.5310,125.3360,1.199965
FILLER_29_328,VDD,Metal1,164.8890,125.3380,1.199965
FILLER_29_322,VDD,Metal1,160.8000,124.7400,1.199904
FILLER_29_315,VDD,Metal1,158.6490,125.3380,1.199745
FILLER_29_310,VDD,Metal1,154.8000,124.7400,1.199739
FILLER_29_306,VDD,Metal1,153.6110,125.3360,1.199739
FILLER_29_302,VDD,Metal1,150.9600,124.7400,1.199738
FILLER_29_295,VDD,Metal1,149.0490,125.3380,1.199738
FILLER_29_288,VDD,Metal1,145.6890,125.3380,1.199735
FILLER_29_281,VDD,Metal1,142.3290,125.3380,1.199732
FILLER_29_274,VDD,Metal1,138.9690,125.3380,1.199731
FILLER_29_267,VDD,Metal1,135.6090,125.3380,1.199731
FILLER_29_260,VDD,Metal1,132.2490,125.3380,1.199731
FILLER_29_226,VDD,Metal1,115.9290,125.3380,1.199820
FILLER_29_219,VDD,Metal1,112.5690,125.3380,1.199828
FILLER_29_212,VDD,Metal1,109.2090,125.3380,1.199828
FILLER_29_205,VDD,Metal1,105.8490,125.3380,1.199831
FILLER_29_198,VDD,Metal1,102.4890,125.3380,1.199843
FILLER_29_169,VDD,Metal1,87.3600,124.7400,1.199839
FILLER_29_162,VDD,Metal1,85.2090,125.3380,1.199005
FILLER_29_140,VDD,Metal1,73.4400,124.7400,1.198884
FILLER_29_136,VDD,Metal1,72.0110,125.3360,1.198879
FILLER_29_108,VDD,Metal1,57.8400,124.7400,1.198844
FILLER_29_101,VDD,Metal1,55.9290,125.3380,1.198844
FILLER_29_86,VDD,Metal1,47.2800,124.7400,1.199457
FILLER_29_82,VDD,Metal1,46.0910,125.3360,1.199457
FILLER_29_75,VDD,Metal1,43.4490,125.3380,1.199533
FILLER_29_68,VDD,Metal1,40.0890,125.3380,1.199538
FILLER_29_39,VDD,Metal1,24.9600,124.7400,1.199816
FILLER_29_35,VDD,Metal1,23.5310,125.3360,1.199816
FILLER_29_28,VDD,Metal1,20.8890,125.3380,1.199974
FILLER_29_21,VDD,Metal1,17.5290,125.3380,1.199984
FILLER_29_14,VDD,Metal1,14.1690,125.3380,1.199984
FILLER_29_7,VDD,Metal1,10.8090,125.3380,1.199984
FILLER_29_0,VDD,Metal1,7.4490,125.3380,1.199984
FILLER_28_338,VDD,Metal1,168.2400,124.7400,1.199965
FILLER_28_334,VDD,Metal1,167.0510,124.1430,1.199965
FILLER_28_314,VDD,Metal1,156.9600,124.7400,1.199742
FILLER_28_307,VDD,Metal1,154.8090,124.1410,1.199739
FILLER_28_300,VDD,Metal1,151.4490,124.1410,1.199739
FILLER_28_293,VDD,Metal1,148.0890,124.1410,1.199736
FILLER_28_286,VDD,Metal1,144.7290,124.1410,1.199733
FILLER_28_257,VDD,Metal1,129.6000,124.7400,1.199810
FILLER_28_250,VDD,Metal1,127.4490,124.1410,1.199810
FILLER_28_234,VDD,Metal1,119.7690,124.1410,1.199810
FILLER_28_227,VDD,Metal1,116.4090,124.1410,1.199818
FILLER_28_194,VDD,Metal1,99.1200,124.7400,1.199874
FILLER_28_192,VDD,Metal1,98.4000,124.7400,1.199927
FILLER_28_185,VDD,Metal1,96.2490,124.1410,1.199932
FILLER_28_175,VDD,Metal1,90.0000,124.7400,1.199874
FILLER_28_173,VDD,Metal1,89.2800,124.7400,1.199874
FILLER_28_165,VDD,Metal1,85.9310,124.1430,1.199005
FILLER_28_155,VDD,Metal1,80.4000,124.7400,1.198898
FILLER_28_153,VDD,Metal1,79.6800,124.7400,1.198898
FILLER_28_141,VDD,Metal1,75.1290,124.1410,1.198895
FILLER_28_136,VDD,Metal1,71.2800,124.7400,1.198879
FILLER_28_132,VDD,Metal1,70.0910,124.1430,1.198844
FILLER_28_125,VDD,Metal1,67.4490,124.1410,1.198844
FILLER_28_119,VDD,Metal1,63.1200,124.7400,1.198844
FILLER_28_105,VDD,Metal1,56.4000,124.7400,1.198844
FILLER_28_103,VDD,Metal1,55.6800,124.7400,1.198844
FILLER_28_96,VDD,Metal1,53.5290,124.1410,1.198845
FILLER_28_89,VDD,Metal1,50.1690,124.1410,1.198849
FILLER_28_82,VDD,Metal1,46.8090,124.1410,1.199457
FILLER_28_75,VDD,Metal1,43.4490,124.1410,1.199533
FILLER_28_68,VDD,Metal1,40.0890,124.1410,1.199538
FILLER_28_62,VDD,Metal1,35.7600,124.7400,1.199612
FILLER_28_58,VDD,Metal1,34.5710,124.1430,1.199612
FILLER_28_50,VDD,Metal1,30.7310,124.1430,1.199612
FILLER_28_42,VDD,Metal1,26.8910,124.1430,1.199612
FILLER_28_35,VDD,Metal1,24.2490,124.1410,1.199816
FILLER_28_28,VDD,Metal1,20.8890,124.1410,1.199974
FILLER_28_21,VDD,Metal1,17.5290,124.1410,1.199984
FILLER_28_14,VDD,Metal1,14.1690,124.1410,1.199984
FILLER_28_7,VDD,Metal1,10.8090,124.1410,1.199984
FILLER_28_0,VDD,Metal1,7.4490,124.1410,1.199984
FILLER_27_346,VDD,Metal1,172.0800,117.1800,1.199967
FILLER_27_313,VDD,Metal1,156.4800,117.1800,1.199717
FILLER_27_306,VDD,Metal1,154.3290,117.7780,1.199717
FILLER_27_299,VDD,Metal1,150.9690,117.7780,1.199714
FILLER_27_294,VDD,Metal1,147.1200,117.1800,1.199711
FILLER_27_287,VDD,Metal1,145.2090,117.7780,1.199711
FILLER_27_280,VDD,Metal1,141.8490,117.7780,1.199711
FILLER_27_275,VDD,Metal1,138.0000,117.1800,1.199711
FILLER_27_268,VDD,Metal1,136.0890,117.7780,1.199711
FILLER_27_262,VDD,Metal1,132.0000,117.1800,1.199711
FILLER_27_257,VDD,Metal1,129.3600,117.1800,1.199712
FILLER_27_255,VDD,Metal1,128.6400,117.1800,1.199712
FILLER_27_249,VDD,Metal1,125.5200,117.1800,1.199715
FILLER_27_245,VDD,Metal1,124.3310,117.7760,1.199715
FILLER_27_238,VDD,Metal1,121.6890,117.7780,1.199715
FILLER_27_230,VDD,Metal1,117.1310,117.7760,1.199716
FILLER_27_223,VDD,Metal1,114.4890,117.7780,1.199717
FILLER_27_216,VDD,Metal1,111.1290,117.7780,1.199723
FILLER_27_209,VDD,Metal1,107.7690,117.7780,1.199753
FILLER_27_200,VDD,Metal1,102.0000,117.1800,1.199753
FILLER_27_194,VDD,Metal1,99.3600,117.1800,1.199778
FILLER_27_187,VDD,Metal1,97.2090,117.7780,1.199779
FILLER_27_180,VDD,Metal1,93.8490,117.7780,1.199958
FILLER_27_173,VDD,Metal1,90.4890,117.7780,1.199957
FILLER_27_166,VDD,Metal1,87.1290,117.7780,1.199916
FILLER_27_159,VDD,Metal1,83.7690,117.7780,1.199876
FILLER_27_124,VDD,Metal1,66.2510,117.7760,1.199879
FILLER_27_117,VDD,Metal1,63.6090,117.7780,1.199879
FILLER_27_109,VDD,Metal1,59.0510,117.7760,1.199918
FILLER_27_102,VDD,Metal1,56.4090,117.7780,1.199922
FILLER_27_95,VDD,Metal1,53.0490,117.7780,1.199922
FILLER_27_88,VDD,Metal1,49.6890,117.7780,1.199923
FILLER_27_81,VDD,Metal1,46.3290,117.7780,1.199923
FILLER_27_74,VDD,Metal1,42.9690,117.7780,1.199924
FILLER_27_67,VDD,Metal1,39.6090,117.7780,1.199926
FILLER_27_60,VDD,Metal1,36.2490,117.7780,1.199929
FILLER_27_55,VDD,Metal1,32.4000,117.1800,1.199929
FILLER_27_53,VDD,Metal1,31.6800,117.1800,1.199929
FILLER_27_42,VDD,Metal1,27.6090,117.7780,1.199947
FILLER_27_35,VDD,Metal1,24.2490,117.7780,1.199959
FILLER_27_28,VDD,Metal1,20.8890,117.7780,1.199971
FILLER_27_21,VDD,Metal1,17.5290,117.7780,1.199982
FILLER_27_14,VDD,Metal1,14.1690,117.7780,1.199982
FILLER_27_7,VDD,Metal1,10.8090,117.7780,1.199982
FILLER_27_0,VDD,Metal1,7.4490,117.7780,1.199982
FILLER_26_335,VDD,Metal1,167.5310,116.5830,1.199966
FILLER_26_316,VDD,Metal1,157.6800,117.1800,1.199961
FILLER_26_312,VDD,Metal1,156.4910,116.5830,1.199717
FILLER_26_305,VDD,Metal1,153.8490,116.5810,1.199714
FILLER_26_298,VDD,Metal1,150.4890,116.5810,1.199712
FILLER_26_269,VDD,Metal1,135.3600,117.1800,1.199711
FILLER_26_262,VDD,Metal1,133.2090,116.5810,1.199711
FILLER_26_255,VDD,Metal1,129.8490,116.5810,1.199712
FILLER_26_227,VDD,Metal1,114.9600,117.1800,1.199716
FILLER_26_225,VDD,Metal1,114.2400,117.1800,1.199717
FILLER_26_218,VDD,Metal1,112.0890,116.5810,1.199719
FILLER_26_187,VDD,Metal1,96.4910,116.5830,1.199779
FILLER_26_181,VDD,Metal1,92.8800,117.1800,1.199958
FILLER_26_177,VDD,Metal1,91.6910,116.5830,1.199957
FILLER_26_170,VDD,Metal1,89.0490,116.5810,1.199957
FILLER_26_163,VDD,Metal1,85.6890,116.5810,1.199916
FILLER_26_156,VDD,Metal1,82.3290,116.5810,1.199876
FILLER_26_127,VDD,Metal1,67.2000,117.1800,1.199877
FILLER_26_120,VDD,Metal1,65.0490,116.5810,1.199879
FILLER_26_113,VDD,Metal1,61.6890,116.5810,1.199883
FILLER_26_106,VDD,Metal1,58.3290,116.5810,1.199918
FILLER_26_78,VDD,Metal1,43.4400,117.1800,1.199924
FILLER_26_76,VDD,Metal1,42.7200,117.1800,1.199924
FILLER_26_42,VDD,Metal1,26.4000,117.1800,1.199947
FILLER_26_35,VDD,Metal1,24.2490,116.5810,1.199959
FILLER_26_28,VDD,Metal1,20.8890,116.5810,1.199971
FILLER_26_21,VDD,Metal1,17.5290,116.5810,1.199982
FILLER_26_14,VDD,Metal1,14.1690,116.5810,1.199982
FILLER_26_7,VDD,Metal1,10.8090,116.5810,1.199982
FILLER_26_0,VDD,Metal1,7.4490,116.5810,1.199982
FILLER_25_346,VDD,Metal1,172.0800,109.6200,1.199970
FILLER_25_317,VDD,Metal1,158.4000,109.6200,1.199863
FILLER_25_282,VDD,Metal1,142.0910,110.2160,1.199864
FILLER_25_269,VDD,Metal1,135.8510,110.2160,1.199879
FILLER_25_262,VDD,Metal1,133.2090,110.2180,1.199880
FILLER_25_256,VDD,Metal1,128.8800,109.6200,1.199882
FILLER_25_249,VDD,Metal1,126.9690,110.2180,1.199883
FILLER_25_242,VDD,Metal1,123.6090,110.2180,1.199885
FILLER_25_232,VDD,Metal1,117.3600,109.6200,1.199956
FILLER_25_230,VDD,Metal1,116.6400,109.6200,1.199956
FILLER_25_223,VDD,Metal1,114.4890,110.2180,1.199956
FILLER_25_216,VDD,Metal1,111.1290,110.2180,1.199964
FILLER_25_209,VDD,Metal1,107.7690,110.2180,1.199973
FILLER_25_202,VDD,Metal1,104.4090,110.2180,1.199975
FILLER_25_195,VDD,Metal1,101.0490,110.2180,1.199983
FILLER_25_183,VDD,Metal1,95.2890,110.2180,1.199987
FILLER_25_178,VDD,Metal1,91.4400,109.6200,1.199985
FILLER_25_171,VDD,Metal1,89.5290,110.2180,1.199978
FILLER_25_164,VDD,Metal1,86.1690,110.2180,1.199977
FILLER_25_157,VDD,Metal1,82.8090,110.2180,1.199977
FILLER_25_150,VDD,Metal1,79.4490,110.2180,1.199924
FILLER_25_136,VDD,Metal1,71.2800,109.6200,1.199760
FILLER_25_132,VDD,Metal1,70.0910,110.2160,1.199760
FILLER_25_125,VDD,Metal1,67.4490,110.2180,1.199760
FILLER_25_118,VDD,Metal1,64.0890,110.2180,1.199758
FILLER_25_111,VDD,Metal1,60.7290,110.2180,1.199758
FILLER_25_104,VDD,Metal1,57.3690,110.2180,1.199758
FILLER_25_97,VDD,Metal1,54.0090,110.2180,1.199758
FILLER_25_78,VDD,Metal1,43.6800,109.6200,1.199797
FILLER_25_71,VDD,Metal1,41.5290,110.2180,1.199936
FILLER_25_64,VDD,Metal1,38.1690,110.2180,1.199954
FILLER_25_58,VDD,Metal1,33.8400,109.6200,1.199972
FILLER_25_56,VDD,Metal1,33.1200,109.6200,1.199972
FILLER_25_49,VDD,Metal1,30.9690,110.2180,1.199976
FILLER_25_42,VDD,Metal1,27.6090,110.2180,1.199980
FILLER_25_35,VDD,Metal1,24.2490,110.2180,1.199985
FILLER_25_28,VDD,Metal1,20.8890,110.2180,1.199989
FILLER_25_21,VDD,Metal1,17.5290,110.2180,1.199993
FILLER_25_14,VDD,Metal1,14.1690,110.2180,1.199993
FILLER_25_7,VDD,Metal1,10.8090,110.2180,1.199993
FILLER_25_0,VDD,Metal1,7.4490,110.2180,1.199993
FILLER_24_337,VDD,Metal1,168.0000,109.6200,1.199969
FILLER_24_333,VDD,Metal1,166.5710,109.0230,1.199970
FILLER_24_326,VDD,Metal1,163.9290,109.0210,1.199970
FILLER_24_319,VDD,Metal1,160.5690,109.0210,1.199970
FILLER_24_312,VDD,Metal1,157.2090,109.0210,1.199863
FILLER_24_305,VDD,Metal1,153.8490,109.0210,1.199863
FILLER_24_298,VDD,Metal1,150.4890,109.0210,1.199863
FILLER_24_292,VDD,Metal1,146.1600,109.6200,1.199863
FILLER_24_276,VDD,Metal1,138.7200,109.6200,1.199870
FILLER_24_272,VDD,Metal1,137.2910,109.0230,1.199879
FILLER_24_266,VDD,Metal1,133.6800,109.6200,1.199880
FILLER_24_264,VDD,Metal1,132.9600,109.6200,1.199880
FILLER_24_257,VDD,Metal1,130.8090,109.0210,1.199880
FILLER_24_250,VDD,Metal1,127.4490,109.0210,1.199882
FILLER_24_244,VDD,Metal1,123.1200,109.6200,1.199885
FILLER_24_240,VDD,Metal1,121.9310,109.0230,1.199885
FILLER_24_233,VDD,Metal1,119.2890,109.0210,1.199954
FILLER_24_226,VDD,Metal1,115.9290,109.0210,1.199956
FILLER_24_219,VDD,Metal1,112.5690,109.0210,1.199964
FILLER_24_212,VDD,Metal1,109.2090,109.0210,1.199973
FILLER_24_206,VDD,Metal1,105.1200,109.6200,1.199975
FILLER_24_199,VDD,Metal1,102.9690,109.0210,1.199975
FILLER_24_193,VDD,Metal1,98.8800,109.6200,1.199987
FILLER_24_189,VDD,Metal1,97.4510,109.0230,1.199987
FILLER_24_182,VDD,Metal1,94.8090,109.0210,1.199987
FILLER_24_175,VDD,Metal1,91.4490,109.0210,1.199985
FILLER_24_166,VDD,Metal1,86.4110,109.0230,1.199977
FILLER_24_140,VDD,Metal1,74.6490,109.0210,1.199766
FILLER_24_133,VDD,Metal1,71.2890,109.0210,1.199760
FILLER_24_126,VDD,Metal1,67.9290,109.0210,1.199760
FILLER_24_114,VDD,Metal1,60.9600,109.6200,1.199758
FILLER_24_74,VDD,Metal1,42.2510,109.0230,1.199936
FILLER_24_67,VDD,Metal1,39.6090,109.0210,1.199954
FILLER_24_60,VDD,Metal1,35.0400,109.6200,1.199962
FILLER_24_56,VDD,Metal1,33.6110,109.0230,1.199972
FILLER_24_49,VDD,Metal1,30.9690,109.0210,1.199976
FILLER_24_42,VDD,Metal1,27.6090,109.0210,1.199980
FILLER_24_35,VDD,Metal1,24.2490,109.0210,1.199985
FILLER_24_28,VDD,Metal1,20.8890,109.0210,1.199989
FILLER_24_21,VDD,Metal1,17.5290,109.0210,1.199993
FILLER_24_14,VDD,Metal1,14.1690,109.0210,1.199993
FILLER_24_7,VDD,Metal1,10.8090,109.0210,1.199993
FILLER_24_0,VDD,Metal1,7.4490,109.0210,1.199993
FILLER_23_332,VDD,Metal1,166.8090,102.6580,1.199964
FILLER_23_325,VDD,Metal1,163.4490,102.6580,1.199961
FILLER_23_318,VDD,Metal1,160.0890,102.6580,1.199961
FILLER_23_312,VDD,Metal1,156.0000,102.0600,1.199956
FILLER_23_305,VDD,Metal1,153.8490,102.6580,1.199956
FILLER_23_298,VDD,Metal1,150.4890,102.6580,1.199943
FILLER_23_291,VDD,Metal1,147.1290,102.6580,1.199941
FILLER_23_284,VDD,Metal1,143.7690,102.6580,1.199938
FILLER_23_274,VDD,Metal1,138.2510,102.6560,1.199930
FILLER_23_258,VDD,Metal1,130.5710,102.6560,1.199875
FILLER_23_251,VDD,Metal1,126.4800,102.0600,1.199868
FILLER_23_244,VDD,Metal1,124.5690,102.6580,1.199868
FILLER_23_237,VDD,Metal1,121.2090,102.6580,1.199867
FILLER_23_230,VDD,Metal1,117.8490,102.6580,1.199867
FILLER_23_197,VDD,Metal1,100.5600,102.0600,1.199868
FILLER_23_195,VDD,Metal1,99.8400,102.0600,1.199868
FILLER_23_188,VDD,Metal1,96.2400,102.0600,1.199910
FILLER_23_181,VDD,Metal1,93.1200,102.0600,1.199904
FILLER_23_174,VDD,Metal1,90.9690,102.6580,1.199899
FILLER_23_146,VDD,Metal1,76.8110,102.6560,1.199839
FILLER_23_139,VDD,Metal1,74.1690,102.6580,1.199837
FILLER_23_106,VDD,Metal1,57.1200,102.0600,1.199844
FILLER_23_102,VDD,Metal1,55.6910,102.6560,1.199844
FILLER_23_95,VDD,Metal1,51.8400,102.0600,1.199878
FILLER_23_88,VDD,Metal1,49.6890,102.6580,1.199880
FILLER_23_81,VDD,Metal1,45.1200,102.0600,1.199895
FILLER_23_67,VDD,Metal1,38.4000,102.0600,1.199949
FILLER_23_63,VDD,Metal1,36.9710,102.6560,1.199949
FILLER_23_56,VDD,Metal1,34.3290,102.6580,1.199951
FILLER_23_49,VDD,Metal1,30.9690,102.6580,1.199954
FILLER_23_42,VDD,Metal1,27.6090,102.6580,1.199955
FILLER_23_35,VDD,Metal1,24.2490,102.6580,1.199992
FILLER_23_28,VDD,Metal1,20.8890,102.6580,1.199994
FILLER_23_21,VDD,Metal1,17.5290,102.6580,1.199996
FILLER_23_14,VDD,Metal1,14.1690,102.6580,1.199996
FILLER_23_7,VDD,Metal1,10.8090,102.6580,1.199996
FILLER_23_0,VDD,Metal1,7.4490,102.6580,1.199996
FILLER_22_338,VDD,Metal1,168.2400,102.0600,1.199964
FILLER_22_336,VDD,Metal1,167.5200,102.0600,1.199964
FILLER_22_308,VDD,Metal1,153.8400,102.0600,1.199956
FILLER_22_306,VDD,Metal1,153.1200,102.0600,1.199956
FILLER_22_296,VDD,Metal1,148.0800,102.0600,1.199941
FILLER_22_289,VDD,Metal1,146.1690,101.4610,1.199939
FILLER_22_282,VDD,Metal1,142.8090,101.4610,1.199937
FILLER_22_275,VDD,Metal1,139.4490,101.4610,1.199930
FILLER_22_268,VDD,Metal1,136.0890,101.4610,1.199930
FILLER_22_261,VDD,Metal1,132.7290,101.4610,1.199875
FILLER_22_256,VDD,Metal1,128.8800,102.0600,1.199871
FILLER_22_249,VDD,Metal1,126.9690,101.4610,1.199869
FILLER_22_221,VDD,Metal1,112.0800,102.0600,1.199867
FILLER_22_217,VDD,Metal1,110.8910,101.4630,1.199867
FILLER_22_190,VDD,Metal1,97.4400,102.0600,1.199880
FILLER_22_175,VDD,Metal1,90.0000,102.0600,1.199899
FILLER_22_168,VDD,Metal1,88.0890,101.4610,1.199899
FILLER_22_161,VDD,Metal1,84.7290,101.4610,1.199853
FILLER_22_154,VDD,Metal1,81.3690,101.4610,1.199852
FILLER_22_147,VDD,Metal1,78.0090,101.4610,1.199839
FILLER_22_140,VDD,Metal1,74.6490,101.4610,1.199839
FILLER_22_133,VDD,Metal1,71.2890,101.4610,1.199837
FILLER_22_126,VDD,Metal1,67.9290,101.4610,1.199836
FILLER_22_109,VDD,Metal1,58.5600,102.0600,1.199844
FILLER_22_102,VDD,Metal1,56.4090,101.4610,1.199844
FILLER_22_95,VDD,Metal1,53.0490,101.4610,1.199878
FILLER_22_88,VDD,Metal1,49.6890,101.4610,1.199880
FILLER_22_72,VDD,Metal1,41.2910,101.4630,1.199949
FILLER_22_65,VDD,Metal1,38.6490,101.4610,1.199949
FILLER_22_58,VDD,Metal1,35.2890,101.4610,1.199949
FILLER_22_51,VDD,Metal1,31.9290,101.4610,1.199952
FILLER_22_46,VDD,Metal1,28.0800,102.0600,1.199955
FILLER_22_42,VDD,Metal1,26.8910,101.4630,1.199955
FILLER_22_35,VDD,Metal1,24.2490,101.4610,1.199992
FILLER_22_28,VDD,Metal1,20.8890,101.4610,1.199994
FILLER_22_21,VDD,Metal1,17.5290,101.4610,1.199996
FILLER_22_14,VDD,Metal1,14.1690,101.4610,1.199996
FILLER_22_7,VDD,Metal1,10.8090,101.4610,1.199996
FILLER_22_0,VDD,Metal1,7.4490,101.4610,1.199996
FILLER_21_342,VDD,Metal1,170.1600,94.5000,1.199983
FILLER_21_335,VDD,Metal1,168.2490,95.0980,1.199981
FILLER_21_307,VDD,Metal1,153.3600,94.5000,1.199949
FILLER_21_305,VDD,Metal1,152.6400,94.5000,1.199949
FILLER_21_298,VDD,Metal1,149.2800,94.5000,1.199927
FILLER_21_288,VDD,Metal1,144.2400,94.5000,1.199926
FILLER_21_286,VDD,Metal1,143.5200,94.5000,1.199920
FILLER_21_279,VDD,Metal1,141.3690,95.0980,1.199919
FILLER_21_251,VDD,Metal1,126.4800,94.5000,1.199912
FILLER_21_249,VDD,Metal1,125.7600,94.5000,1.199914
FILLER_21_242,VDD,Metal1,123.6090,95.0980,1.199941
FILLER_21_232,VDD,Metal1,117.3600,94.5000,1.199945
FILLER_21_226,VDD,Metal1,114.7200,94.5000,1.199946
FILLER_21_219,VDD,Metal1,112.5690,95.0980,1.199947
FILLER_21_212,VDD,Metal1,109.2090,95.0980,1.199947
FILLER_21_205,VDD,Metal1,105.8490,95.0980,1.199947
FILLER_21_198,VDD,Metal1,102.4890,95.0980,1.199947
FILLER_21_191,VDD,Metal1,97.9200,94.5000,1.199951
FILLER_21_184,VDD,Metal1,95.7690,95.0980,1.199951
FILLER_21_174,VDD,Metal1,90.2510,95.0960,1.199954
FILLER_21_167,VDD,Metal1,87.6090,95.0980,1.199954
FILLER_21_160,VDD,Metal1,84.2490,95.0980,1.199942
FILLER_21_154,VDD,Metal1,80.1600,94.5000,1.199937
FILLER_21_143,VDD,Metal1,76.0890,95.0980,1.199937
FILLER_21_136,VDD,Metal1,72.7290,95.0980,1.199933
FILLER_21_129,VDD,Metal1,69.3690,95.0980,1.199930
FILLER_21_122,VDD,Metal1,66.0090,95.0980,1.199927
FILLER_21_115,VDD,Metal1,61.2000,94.5000,1.199882
FILLER_21_111,VDD,Metal1,60.0110,95.0960,1.199882
FILLER_21_104,VDD,Metal1,57.3690,95.0980,1.199880
FILLER_21_97,VDD,Metal1,54.0090,95.0980,1.199875
FILLER_21_90,VDD,Metal1,50.6490,95.0980,1.199870
FILLER_21_83,VDD,Metal1,47.2890,95.0980,1.199865
FILLER_21_76,VDD,Metal1,43.9290,95.0980,1.199860
FILLER_21_69,VDD,Metal1,40.5690,95.0980,1.199856
FILLER_21_37,VDD,Metal1,23.7600,94.5000,1.199786
FILLER_21_35,VDD,Metal1,23.0400,94.5000,1.199786
FILLER_21_28,VDD,Metal1,20.8890,95.0980,1.199904
FILLER_21_21,VDD,Metal1,17.5290,95.0980,1.199991
FILLER_21_14,VDD,Metal1,14.1690,95.0980,1.199991
FILLER_21_7,VDD,Metal1,10.8090,95.0980,1.199991
FILLER_21_0,VDD,Metal1,7.4490,95.0980,1.199991
FILLER_20_333,VDD,Metal1,165.8400,94.5000,1.199951
FILLER_20_331,VDD,Metal1,165.1200,94.5000,1.199949
FILLER_20_324,VDD,Metal1,162.9690,93.9010,1.199949
FILLER_20_317,VDD,Metal1,159.6090,93.9010,1.199949
FILLER_20_312,VDD,Metal1,155.7600,94.5000,1.199949
FILLER_20_305,VDD,Metal1,153.8490,93.9010,1.199949
FILLER_20_294,VDD,Metal1,148.5690,93.9010,1.199927
FILLER_20_287,VDD,Metal1,145.2090,93.9010,1.199926
FILLER_20_279,VDD,Metal1,140.1600,94.5000,1.199919
FILLER_20_272,VDD,Metal1,138.0090,93.9010,1.199914
FILLER_20_255,VDD,Metal1,128.6400,94.5000,1.199912
FILLER_20_249,VDD,Metal1,125.5200,94.5000,1.199914
FILLER_20_245,VDD,Metal1,124.3310,93.9030,1.199941
FILLER_20_238,VDD,Metal1,121.6890,93.9010,1.199944
FILLER_20_231,VDD,Metal1,118.3290,93.9010,1.199945
FILLER_20_224,VDD,Metal1,114.9690,93.9010,1.199946
FILLER_20_196,VDD,Metal1,100.0800,94.5000,1.199951
FILLER_20_194,VDD,Metal1,99.3600,94.5000,1.199951
FILLER_20_187,VDD,Metal1,97.2090,93.9010,1.199951
FILLER_20_180,VDD,Metal1,93.8490,93.9010,1.199956
FILLER_20_173,VDD,Metal1,90.4890,93.9010,1.199954
FILLER_20_167,VDD,Metal1,86.4000,94.5000,1.199954
FILLER_20_139,VDD,Metal1,72.7200,94.5000,1.199933
FILLER_20_137,VDD,Metal1,72.0000,94.5000,1.199933
FILLER_20_130,VDD,Metal1,69.8490,93.9010,1.199933
FILLER_20_123,VDD,Metal1,66.4890,93.9010,1.199930
FILLER_20_116,VDD,Metal1,63.1290,93.9010,1.199927
FILLER_20_109,VDD,Metal1,59.7690,93.9010,1.199882
FILLER_20_102,VDD,Metal1,56.4090,93.9010,1.199877
FILLER_20_95,VDD,Metal1,53.0490,93.9010,1.199872
FILLER_20_88,VDD,Metal1,49.6890,93.9010,1.199867
FILLER_20_81,VDD,Metal1,46.3290,93.9010,1.199862
FILLER_20_74,VDD,Metal1,42.9690,93.9010,1.199857
FILLER_20_63,VDD,Metal1,36.2400,94.5000,1.199786
FILLER_20_61,VDD,Metal1,35.5200,94.5000,1.199786
FILLER_20_32,VDD,Metal1,21.6000,94.5000,1.199904
FILLER_20_28,VDD,Metal1,20.1710,93.9030,1.199904
FILLER_20_21,VDD,Metal1,17.5290,93.9010,1.199991
FILLER_20_14,VDD,Metal1,14.1690,93.9010,1.199991
FILLER_20_7,VDD,Metal1,10.8090,93.9010,1.199991
FILLER_20_0,VDD,Metal1,7.4490,93.9010,1.199991
FILLER_19_345,VDD,Metal1,171.8400,86.9400,1.199980
FILLER_19_316,VDD,Metal1,157.9200,86.9400,1.199970
FILLER_19_309,VDD,Metal1,155.7690,87.5380,1.199967
FILLER_19_297,VDD,Metal1,150.0090,87.5380,1.199674
FILLER_19_285,VDD,Metal1,144.2490,87.5380,1.199658
FILLER_19_278,VDD,Metal1,140.8890,87.5380,1.199650
FILLER_19_271,VDD,Metal1,137.5290,87.5380,1.199647
FILLER_19_264,VDD,Metal1,132.9600,86.9400,1.199660
FILLER_19_260,VDD,Metal1,131.5310,87.5360,1.199661
FILLER_19_253,VDD,Metal1,128.8890,87.5380,1.199665
FILLER_19_246,VDD,Metal1,125.5290,87.5380,1.199666
FILLER_19_239,VDD,Metal1,122.1690,87.5380,1.199671
FILLER_19_232,VDD,Metal1,118.8090,87.5380,1.199762
FILLER_19_225,VDD,Metal1,115.4490,87.5380,1.199762
FILLER_19_218,VDD,Metal1,112.0890,87.5380,1.199781
FILLER_19_208,VDD,Metal1,105.8400,86.9400,1.199904
FILLER_19_206,VDD,Metal1,105.1200,86.9400,1.199904
FILLER_19_200,VDD,Metal1,102.2400,86.9400,1.199904
FILLER_19_193,VDD,Metal1,100.0890,87.5380,1.199904
FILLER_19_187,VDD,Metal1,96.0000,86.9400,1.199936
FILLER_19_180,VDD,Metal1,93.8490,87.5380,1.199937
FILLER_19_173,VDD,Metal1,90.4890,87.5380,1.199936
FILLER_19_163,VDD,Metal1,84.9710,87.5360,1.199913
FILLER_19_149,VDD,Metal1,78.2510,87.5360,1.199871
FILLER_19_143,VDD,Metal1,74.8800,86.9400,1.199865
FILLER_19_136,VDD,Metal1,72.7290,87.5380,1.199865
FILLER_19_129,VDD,Metal1,69.3690,87.5380,1.199865
FILLER_19_122,VDD,Metal1,66.0090,87.5380,1.199865
FILLER_19_115,VDD,Metal1,62.6490,87.5380,1.199865
FILLER_19_108,VDD,Metal1,59.2890,87.5380,1.199865
FILLER_19_99,VDD,Metal1,53.5200,86.9400,1.199865
FILLER_19_87,VDD,Metal1,49.2090,87.5380,1.199880
FILLER_19_80,VDD,Metal1,45.8490,87.5380,1.199887
FILLER_19_73,VDD,Metal1,42.4890,87.5380,1.199913
FILLER_19_63,VDD,Metal1,36.2400,86.9400,1.199915
FILLER_19_49,VDD,Metal1,29.7600,86.9400,1.199943
FILLER_19_42,VDD,Metal1,27.6090,87.5380,1.199944
FILLER_19_35,VDD,Metal1,24.2490,87.5380,1.199957
FILLER_19_28,VDD,Metal1,20.8890,87.5380,1.199969
FILLER_19_21,VDD,Metal1,17.5290,87.5380,1.199981
FILLER_19_14,VDD,Metal1,14.1690,87.5380,1.199981
FILLER_19_7,VDD,Metal1,10.8090,87.5380,1.199981
FILLER_19_0,VDD,Metal1,7.4490,87.5380,1.199981
FILLER_18_346,VDD,Metal1,172.0800,86.9400,1.199980
FILLER_18_342,VDD,Metal1,170.8910,86.3430,1.199980
FILLER_18_335,VDD,Metal1,168.2490,86.3410,1.199980
FILLER_18_328,VDD,Metal1,164.8890,86.3410,1.199980
FILLER_18_317,VDD,Metal1,159.6090,86.3410,1.199977
FILLER_18_310,VDD,Metal1,156.2490,86.3410,1.199969
FILLER_18_304,VDD,Metal1,152.1600,86.9400,1.199921
FILLER_18_300,VDD,Metal1,150.7310,86.3430,1.199674
FILLER_18_294,VDD,Metal1,147.1200,86.9400,1.199664
FILLER_18_287,VDD,Metal1,145.2090,86.3410,1.199663
FILLER_18_280,VDD,Metal1,141.8490,86.3410,1.199655
FILLER_18_265,VDD,Metal1,133.4400,86.9400,1.199660
FILLER_18_250,VDD,Metal1,126.2400,86.9400,1.199666
FILLER_18_245,VDD,Metal1,123.6000,86.9400,1.199671
FILLER_18_241,VDD,Metal1,122.4110,86.3430,1.199671
FILLER_18_223,VDD,Metal1,113.2800,86.9400,1.199781
FILLER_18_218,VDD,Metal1,110.6400,86.9400,1.199781
FILLER_18_216,VDD,Metal1,109.9200,86.9400,1.199849
FILLER_18_182,VDD,Metal1,93.6000,86.9400,1.199937
FILLER_18_178,VDD,Metal1,92.1710,86.3430,1.199937
FILLER_18_171,VDD,Metal1,89.5290,86.3410,1.199933
FILLER_18_164,VDD,Metal1,86.1690,86.3410,1.199914
FILLER_18_157,VDD,Metal1,81.6000,86.9400,1.199873
FILLER_18_150,VDD,Metal1,79.4490,86.3410,1.199872
FILLER_18_122,VDD,Metal1,64.5600,86.9400,1.199865
FILLER_18_85,VDD,Metal1,47.0400,86.9400,1.199887
FILLER_18_81,VDD,Metal1,45.6110,86.3430,1.199887
FILLER_18_49,VDD,Metal1,29.5200,86.9400,1.199943
FILLER_18_42,VDD,Metal1,27.6090,86.3410,1.199944
FILLER_18_35,VDD,Metal1,24.2490,86.3410,1.199957
FILLER_18_28,VDD,Metal1,20.8890,86.3410,1.199969
FILLER_18_21,VDD,Metal1,17.5290,86.3410,1.199981
FILLER_18_14,VDD,Metal1,14.1690,86.3410,1.199981
FILLER_18_7,VDD,Metal1,10.8090,86.3410,1.199981
FILLER_18_0,VDD,Metal1,7.4490,86.3410,1.199981
FILLER_17_346,VDD,Metal1,172.0800,79.3800,1.199981
FILLER_17_344,VDD,Metal1,171.3600,79.3800,1.199981
FILLER_17_337,VDD,Metal1,169.2090,79.9780,1.199981
FILLER_17_330,VDD,Metal1,165.8490,79.9780,1.199968
FILLER_17_323,VDD,Metal1,162.4890,79.9780,1.199964
FILLER_17_313,VDD,Metal1,156.4800,79.3800,1.199963
FILLER_17_309,VDD,Metal1,155.0510,79.9760,1.199963
FILLER_17_299,VDD,Metal1,149.7600,79.3800,1.199913
FILLER_17_295,VDD,Metal1,148.3310,79.9760,1.199894
FILLER_17_288,VDD,Metal1,145.6890,79.9780,1.199855
FILLER_17_257,VDD,Metal1,130.8090,79.9780,1.199799
FILLER_17_250,VDD,Metal1,126.0000,79.3800,1.199791
FILLER_17_235,VDD,Metal1,119.5310,79.9760,1.199791
FILLER_17_228,VDD,Metal1,116.8890,79.9780,1.199791
FILLER_17_221,VDD,Metal1,113.5290,79.9780,1.199791
FILLER_17_214,VDD,Metal1,108.9600,79.3800,1.199798
FILLER_17_207,VDD,Metal1,106.8090,79.9780,1.199798
FILLER_17_199,VDD,Metal1,102.2510,79.9760,1.199798
FILLER_17_191,VDD,Metal1,98.4110,79.9760,1.199798
FILLER_17_184,VDD,Metal1,95.7690,79.9780,1.199925
FILLER_17_156,VDD,Metal1,80.8800,79.3800,1.199905
FILLER_17_148,VDD,Metal1,77.7710,79.9760,1.199718
FILLER_17_141,VDD,Metal1,75.1290,79.9780,1.199701
FILLER_17_113,VDD,Metal1,61.6890,79.9780,1.199408
FILLER_17_106,VDD,Metal1,58.3290,79.9780,1.199386
FILLER_17_82,VDD,Metal1,45.6000,79.3800,1.199232
FILLER_17_78,VDD,Metal1,44.1710,79.9760,1.199459
FILLER_17_71,VDD,Metal1,41.5290,79.9780,1.199488
FILLER_17_62,VDD,Metal1,36.4910,79.9760,1.199735
FILLER_17_56,VDD,Metal1,33.1200,79.3800,1.199957
FILLER_17_52,VDD,Metal1,31.6910,79.9760,1.199957
FILLER_17_45,VDD,Metal1,29.0490,79.9780,1.199957
FILLER_17_39,VDD,Metal1,24.9600,79.3800,1.199958
FILLER_17_35,VDD,Metal1,23.5310,79.9760,1.199959
FILLER_17_28,VDD,Metal1,20.8890,79.9780,1.199969
FILLER_17_21,VDD,Metal1,17.5290,79.9780,1.199981
FILLER_17_14,VDD,Metal1,14.1690,79.9780,1.199981
FILLER_17_7,VDD,Metal1,10.8090,79.9780,1.199981
FILLER_17_0,VDD,Metal1,7.4490,79.9780,1.199981
FILLER_16_346,VDD,Metal1,172.0800,79.3800,1.199981
FILLER_16_344,VDD,Metal1,171.3600,79.3800,1.199981
FILLER_16_337,VDD,Metal1,169.2090,78.7810,1.199981
FILLER_16_306,VDD,Metal1,153.6110,78.7830,1.199962
FILLER_16_281,VDD,Metal1,142.3290,78.7810,1.199823
FILLER_16_274,VDD,Metal1,138.9690,78.7810,1.199821
FILLER_16_267,VDD,Metal1,135.6090,78.7810,1.199801
FILLER_16_260,VDD,Metal1,132.2490,78.7810,1.199799
FILLER_16_224,VDD,Metal1,113.5200,79.3800,1.199791
FILLER_16_217,VDD,Metal1,111.6090,78.7810,1.199796
FILLER_16_189,VDD,Metal1,96.7200,79.3800,1.199925
FILLER_16_187,VDD,Metal1,96.0000,79.3800,1.199925
FILLER_16_180,VDD,Metal1,93.8490,78.7810,1.199915
FILLER_16_173,VDD,Metal1,90.4890,78.7810,1.199905
FILLER_16_166,VDD,Metal1,87.1290,78.7810,1.199905
FILLER_16_160,VDD,Metal1,83.0400,79.3800,1.199905
FILLER_16_146,VDD,Metal1,76.0800,79.3800,1.199701
FILLER_16_142,VDD,Metal1,74.8910,78.7830,1.199701
FILLER_16_136,VDD,Metal1,71.2800,79.3800,1.199585
FILLER_16_124,VDD,Metal1,66.2510,78.7830,1.199510
FILLER_16_117,VDD,Metal1,63.6090,78.7810,1.199431
FILLER_16_110,VDD,Metal1,60.2490,78.7810,1.199408
FILLER_16_103,VDD,Metal1,56.8890,78.7810,1.199386
FILLER_16_96,VDD,Metal1,53.5290,78.7810,1.199380
FILLER_16_89,VDD,Metal1,50.1690,78.7810,1.199231
FILLER_16_82,VDD,Metal1,46.8090,78.7810,1.199232
FILLER_16_75,VDD,Metal1,43.4490,78.7810,1.199459
FILLER_16_68,VDD,Metal1,40.0890,78.7810,1.199488
FILLER_16_35,VDD,Metal1,22.8000,79.3800,1.199959
FILLER_16_28,VDD,Metal1,20.8890,78.7810,1.199969
FILLER_16_21,VDD,Metal1,17.5290,78.7810,1.199981
FILLER_16_14,VDD,Metal1,14.1690,78.7810,1.199981
FILLER_16_7,VDD,Metal1,10.8090,78.7810,1.199981
FILLER_16_0,VDD,Metal1,7.4490,78.7810,1.199981
FILLER_15_340,VDD,Metal1,170.6490,72.4180,1.199991
FILLER_15_309,VDD,Metal1,155.0510,72.4160,1.199958
FILLER_15_285,VDD,Metal1,143.0400,71.8200,1.199957
FILLER_15_279,VDD,Metal1,140.1600,71.8200,1.199957
FILLER_15_275,VDD,Metal1,138.7310,72.4160,1.199958
FILLER_15_268,VDD,Metal1,136.0890,72.4180,1.199958
FILLER_15_262,VDD,Metal1,131.7600,71.8200,1.199961
FILLER_15_258,VDD,Metal1,130.5710,72.4160,1.199962
FILLER_15_251,VDD,Metal1,127.9290,72.4180,1.199971
FILLER_15_244,VDD,Metal1,124.5690,72.4180,1.199972
FILLER_15_234,VDD,Metal1,118.3200,71.8200,1.199978
FILLER_15_229,VDD,Metal1,115.9200,71.8200,1.199978
FILLER_15_225,VDD,Metal1,114.7310,72.4160,1.199978
FILLER_15_218,VDD,Metal1,112.0890,72.4180,1.199979
FILLER_15_211,VDD,Metal1,108.7290,72.4180,1.199981
FILLER_15_201,VDD,Metal1,102.4800,71.8200,1.199987
FILLER_15_197,VDD,Metal1,101.2910,72.4160,1.199987
FILLER_15_190,VDD,Metal1,98.6490,72.4180,1.199988
FILLER_15_183,VDD,Metal1,95.2890,72.4180,1.199985
FILLER_15_176,VDD,Metal1,91.9290,72.4180,1.199978
FILLER_15_169,VDD,Metal1,88.5690,72.4180,1.199972
FILLER_15_162,VDD,Metal1,85.2090,72.4180,1.199969
FILLER_15_150,VDD,Metal1,78.2400,71.8200,1.199953
FILLER_15_138,VDD,Metal1,72.4800,71.8200,1.199151
FILLER_15_131,VDD,Metal1,70.3290,72.4180,1.199130
FILLER_15_124,VDD,Metal1,66.9690,72.4180,1.199127
FILLER_15_117,VDD,Metal1,63.6090,72.4180,1.199127
FILLER_15_112,VDD,Metal1,59.7600,71.8200,1.199127
FILLER_15_108,VDD,Metal1,58.5710,72.4160,1.199127
FILLER_15_98,VDD,Metal1,53.0400,71.8200,1.199130
FILLER_15_96,VDD,Metal1,52.3200,71.8200,1.199130
FILLER_15_89,VDD,Metal1,50.1690,72.4180,1.199130
FILLER_15_74,VDD,Metal1,42.9690,72.4180,1.199249
FILLER_15_67,VDD,Metal1,39.6090,72.4180,1.199274
FILLER_15_42,VDD,Metal1,26.4000,71.8200,1.199970
FILLER_15_35,VDD,Metal1,24.2490,72.4180,1.199976
FILLER_15_28,VDD,Metal1,20.8890,72.4180,1.199983
FILLER_15_21,VDD,Metal1,17.5290,72.4180,1.199989
FILLER_15_14,VDD,Metal1,14.1690,72.4180,1.199989
FILLER_15_7,VDD,Metal1,10.8090,72.4180,1.199989
FILLER_15_0,VDD,Metal1,7.4490,72.4180,1.199989
FILLER_14_345,VDD,Metal1,171.8400,71.8200,1.199990
FILLER_14_338,VDD,Metal1,169.6890,71.2210,1.199986
FILLER_14_331,VDD,Metal1,166.3290,71.2210,1.199958
FILLER_14_324,VDD,Metal1,162.9690,71.2210,1.199958
FILLER_14_317,VDD,Metal1,159.6090,71.2210,1.199958
FILLER_14_310,VDD,Metal1,156.2490,71.2210,1.199958
FILLER_14_303,VDD,Metal1,152.8890,71.2210,1.199958
FILLER_14_296,VDD,Metal1,149.5290,71.2210,1.199958
FILLER_14_289,VDD,Metal1,146.1690,71.2210,1.199957
FILLER_14_276,VDD,Metal1,138.4800,71.8200,1.199958
FILLER_14_274,VDD,Metal1,137.7600,71.8200,1.199958
FILLER_14_266,VDD,Metal1,133.9200,71.8200,1.199961
FILLER_14_250,VDD,Metal1,126.0000,71.8200,1.199972
FILLER_14_246,VDD,Metal1,124.8110,71.2230,1.199972
FILLER_14_239,VDD,Metal1,122.1690,71.2210,1.199972
FILLER_14_234,VDD,Metal1,118.3200,71.8200,1.199978
FILLER_14_227,VDD,Metal1,116.4090,71.2210,1.199978
FILLER_14_220,VDD,Metal1,113.0490,71.2210,1.199978
FILLER_14_213,VDD,Metal1,109.6890,71.2210,1.199980
FILLER_14_206,VDD,Metal1,106.3290,71.2210,1.199981
FILLER_14_199,VDD,Metal1,102.9690,71.2210,1.199987
FILLER_14_192,VDD,Metal1,99.6090,71.2210,1.199987
FILLER_14_185,VDD,Metal1,96.2490,71.2210,1.199989
FILLER_14_178,VDD,Metal1,92.8890,71.2210,1.199982
FILLER_14_171,VDD,Metal1,89.5290,71.2210,1.199976
FILLER_14_163,VDD,Metal1,84.9710,71.2230,1.199969
FILLER_14_156,VDD,Metal1,82.3290,71.2210,1.199969
FILLER_14_149,VDD,Metal1,78.9690,71.2210,1.199953
FILLER_14_142,VDD,Metal1,75.6090,71.2210,1.199358
FILLER_14_135,VDD,Metal1,72.2490,71.2210,1.199151
FILLER_14_107,VDD,Metal1,57.3600,71.8200,1.199129
FILLER_14_70,VDD,Metal1,39.6000,71.8200,1.199274
FILLER_14_68,VDD,Metal1,38.8800,71.8200,1.199274
FILLER_14_49,VDD,Metal1,30.9690,71.2210,1.199967
FILLER_14_42,VDD,Metal1,27.6090,71.2210,1.199970
FILLER_14_35,VDD,Metal1,24.2490,71.2210,1.199976
FILLER_14_28,VDD,Metal1,20.8890,71.2210,1.199983
FILLER_14_21,VDD,Metal1,17.5290,71.2210,1.199989
FILLER_14_14,VDD,Metal1,14.1690,71.2210,1.199989
FILLER_14_7,VDD,Metal1,10.8090,71.2210,1.199989
FILLER_14_0,VDD,Metal1,7.4490,71.2210,1.199989
FILLER_13_340,VDD,Metal1,170.6490,64.8580,1.199987
FILLER_13_333,VDD,Metal1,167.2890,64.8580,1.199952
FILLER_13_326,VDD,Metal1,163.9290,64.8580,1.199917
FILLER_13_319,VDD,Metal1,160.5690,64.8580,1.199883
FILLER_13_312,VDD,Metal1,157.2090,64.8580,1.199848
FILLER_13_305,VDD,Metal1,153.8490,64.8580,1.199848
FILLER_13_298,VDD,Metal1,150.4890,64.8580,1.199848
FILLER_13_293,VDD,Metal1,146.6400,64.2600,1.199841
FILLER_13_291,VDD,Metal1,145.9200,64.2600,1.199841
FILLER_13_284,VDD,Metal1,143.7690,64.8580,1.199841
FILLER_13_279,VDD,Metal1,139.9200,64.2600,1.199827
FILLER_13_275,VDD,Metal1,138.7310,64.8560,1.199822
FILLER_13_268,VDD,Metal1,136.0890,64.8580,1.199820
FILLER_13_259,VDD,Metal1,130.3200,64.2600,1.199803
FILLER_13_252,VDD,Metal1,128.4090,64.8580,1.199794
FILLER_13_245,VDD,Metal1,125.0490,64.8580,1.199794
FILLER_13_238,VDD,Metal1,121.6890,64.8580,1.199794
FILLER_13_227,VDD,Metal1,116.4090,64.8580,1.199799
FILLER_13_196,VDD,Metal1,100.8110,64.8560,1.199900
FILLER_13_189,VDD,Metal1,98.1690,64.8580,1.199900
FILLER_13_156,VDD,Metal1,81.1200,64.2600,1.199913
FILLER_13_152,VDD,Metal1,79.6910,64.8560,1.199913
FILLER_13_118,VDD,Metal1,64.0890,64.8580,1.199803
FILLER_13_97,VDD,Metal1,52.5600,64.2600,1.199800
FILLER_13_90,VDD,Metal1,50.6490,64.8580,1.199800
FILLER_13_83,VDD,Metal1,47.2890,64.8580,1.199799
FILLER_13_76,VDD,Metal1,42.7200,64.2600,1.199794
FILLER_13_60,VDD,Metal1,35.0400,64.2600,1.199792
FILLER_13_56,VDD,Metal1,33.6110,64.8560,1.199792
FILLER_13_49,VDD,Metal1,30.9690,64.8580,1.199792
FILLER_13_42,VDD,Metal1,27.6090,64.8580,1.199792
FILLER_13_35,VDD,Metal1,24.2490,64.8580,1.199902
FILLER_13_28,VDD,Metal1,20.8890,64.8580,1.199986
FILLER_13_21,VDD,Metal1,17.5290,64.8580,1.199991
FILLER_13_14,VDD,Metal1,14.1690,64.8580,1.199991
FILLER_13_7,VDD,Metal1,10.8090,64.8580,1.199991
FILLER_13_0,VDD,Metal1,7.4490,64.8580,1.199991
FILLER_12_343,VDD,Metal1,171.3710,63.6630,1.199987
FILLER_12_336,VDD,Metal1,168.7290,63.6610,1.199952
FILLER_12_329,VDD,Metal1,165.3690,63.6610,1.199917
FILLER_12_322,VDD,Metal1,162.0090,63.6610,1.199883
FILLER_12_315,VDD,Metal1,158.6490,63.6610,1.199848
FILLER_12_287,VDD,Metal1,143.7600,64.2600,1.199841
FILLER_12_283,VDD,Metal1,142.5710,63.6630,1.199840
FILLER_12_277,VDD,Metal1,138.9600,64.2600,1.199822
FILLER_12_270,VDD,Metal1,137.0490,63.6610,1.199822
FILLER_12_263,VDD,Metal1,133.6890,63.6610,1.199819
FILLER_12_256,VDD,Metal1,130.3290,63.6610,1.199803
FILLER_12_224,VDD,Metal1,113.5200,64.2600,1.199807
FILLER_12_220,VDD,Metal1,112.3310,63.6630,1.199807
FILLER_12_213,VDD,Metal1,109.6890,63.6610,1.199807
FILLER_12_204,VDD,Metal1,103.9200,64.2600,1.199807
FILLER_12_192,VDD,Metal1,99.6090,63.6610,1.199900
FILLER_12_159,VDD,Metal1,82.3200,64.2600,1.199914
FILLER_12_155,VDD,Metal1,81.1310,63.6630,1.199913
FILLER_12_148,VDD,Metal1,78.4890,63.6610,1.199913
FILLER_12_141,VDD,Metal1,75.1290,63.6610,1.199910
FILLER_12_134,VDD,Metal1,71.7690,63.6610,1.199910
FILLER_12_128,VDD,Metal1,67.6800,64.2600,1.199910
FILLER_12_117,VDD,Metal1,62.4000,64.2600,1.199802
FILLER_12_110,VDD,Metal1,60.2490,63.6610,1.199802
FILLER_12_97,VDD,Metal1,54.0090,63.6610,1.199800
FILLER_12_90,VDD,Metal1,50.6490,63.6610,1.199800
FILLER_12_83,VDD,Metal1,47.2890,63.6610,1.199799
FILLER_12_73,VDD,Metal1,41.7710,63.6630,1.199793
FILLER_12_39,VDD,Metal1,24.9600,64.2600,1.199902
FILLER_12_35,VDD,Metal1,23.5310,63.6630,1.199902
FILLER_12_28,VDD,Metal1,20.8890,63.6610,1.199986
FILLER_12_21,VDD,Metal1,17.5290,63.6610,1.199991
FILLER_12_14,VDD,Metal1,14.1690,63.6610,1.199991
FILLER_12_7,VDD,Metal1,10.8090,63.6610,1.199991
FILLER_12_0,VDD,Metal1,7.4490,63.6610,1.199991
FILLER_11_340,VDD,Metal1,170.6490,57.2980,1.199977
FILLER_11_333,VDD,Metal1,167.2890,57.2980,1.199917
FILLER_11_326,VDD,Metal1,163.9290,57.2980,1.199856
FILLER_11_319,VDD,Metal1,160.5690,57.2980,1.199795
FILLER_11_312,VDD,Metal1,157.2090,57.2980,1.199734
FILLER_11_264,VDD,Metal1,134.1690,57.2980,1.199674
FILLER_11_257,VDD,Metal1,130.8090,57.2980,1.199677
FILLER_11_250,VDD,Metal1,127.4490,57.2980,1.199686
FILLER_11_243,VDD,Metal1,124.0890,57.2980,1.199698
FILLER_11_216,VDD,Metal1,110.4110,57.2960,1.199856
FILLER_11_210,VDD,Metal1,106.8000,56.7000,1.199858
FILLER_11_198,VDD,Metal1,101.7710,57.2960,1.199936
FILLER_11_191,VDD,Metal1,99.1290,57.2980,1.199950
FILLER_11_166,VDD,Metal1,87.1290,57.2980,1.199944
FILLER_11_159,VDD,Metal1,83.7690,57.2980,1.199944
FILLER_11_152,VDD,Metal1,80.4090,57.2980,1.199944
FILLER_11_145,VDD,Metal1,77.0490,57.2980,1.199944
FILLER_11_138,VDD,Metal1,73.6890,57.2980,1.199944
FILLER_11_131,VDD,Metal1,70.3290,57.2980,1.199944
FILLER_11_124,VDD,Metal1,66.9690,57.2980,1.199944
FILLER_11_117,VDD,Metal1,63.6090,57.2980,1.199944
FILLER_11_110,VDD,Metal1,60.2490,57.2980,1.199944
FILLER_11_103,VDD,Metal1,56.8890,57.2980,1.199944
FILLER_11_96,VDD,Metal1,53.5290,57.2980,1.199944
FILLER_11_89,VDD,Metal1,50.1690,57.2980,1.199945
FILLER_11_82,VDD,Metal1,46.8090,57.2980,1.199945
FILLER_11_75,VDD,Metal1,43.4490,57.2980,1.199945
FILLER_11_68,VDD,Metal1,40.0890,57.2980,1.199945
FILLER_11_58,VDD,Metal1,33.8400,56.7000,1.199983
FILLER_11_50,VDD,Metal1,30.7310,57.2960,1.199987
FILLER_11_42,VDD,Metal1,26.8910,57.2960,1.199997
FILLER_11_35,VDD,Metal1,24.2490,57.2980,1.199998
FILLER_11_28,VDD,Metal1,20.8890,57.2980,1.199998
FILLER_11_21,VDD,Metal1,17.5290,57.2980,1.199999
FILLER_11_14,VDD,Metal1,14.1690,57.2980,1.199999
FILLER_11_7,VDD,Metal1,10.8090,57.2980,1.199999
FILLER_11_0,VDD,Metal1,7.4490,57.2980,1.199999
FILLER_10_343,VDD,Metal1,171.3710,56.1030,1.199977
FILLER_10_336,VDD,Metal1,168.7290,56.1010,1.199917
FILLER_10_329,VDD,Metal1,165.3690,56.1010,1.199856
FILLER_10_322,VDD,Metal1,162.0090,56.1010,1.199795
FILLER_10_315,VDD,Metal1,158.6490,56.1010,1.199735
FILLER_10_308,VDD,Metal1,155.2890,56.1010,1.199674
FILLER_10_301,VDD,Metal1,151.9290,56.1010,1.199668
FILLER_10_259,VDD,Metal1,131.7690,56.1010,1.199675
FILLER_10_239,VDD,Metal1,120.7200,56.7000,1.199704
FILLER_10_237,VDD,Metal1,120.0000,56.7000,1.199704
FILLER_10_224,VDD,Metal1,114.2510,56.1030,1.199790
FILLER_10_214,VDD,Metal1,109.4510,56.1030,1.199856
FILLER_10_207,VDD,Metal1,106.8090,56.1010,1.199858
FILLER_10_200,VDD,Metal1,102.2400,56.7000,1.199936
FILLER_10_193,VDD,Metal1,100.0890,56.1010,1.199938
FILLER_10_186,VDD,Metal1,96.7290,56.1010,1.199955
FILLER_10_179,VDD,Metal1,93.3690,56.1010,1.199970
FILLER_10_172,VDD,Metal1,90.0090,56.1010,1.199944
FILLER_10_165,VDD,Metal1,86.6490,56.1010,1.199944
FILLER_10_158,VDD,Metal1,83.2890,56.1010,1.199944
FILLER_10_151,VDD,Metal1,79.9290,56.1010,1.199944
FILLER_10_144,VDD,Metal1,76.5690,56.1010,1.199944
FILLER_10_140,VDD,Metal1,73.2000,56.7000,1.199944
FILLER_10_125,VDD,Metal1,66.2400,56.7000,1.199944
FILLER_10_118,VDD,Metal1,64.0890,56.1010,1.199944
FILLER_10_111,VDD,Metal1,60.7290,56.1010,1.199944
FILLER_10_104,VDD,Metal1,57.3690,56.1010,1.199944
FILLER_10_97,VDD,Metal1,54.0090,56.1010,1.199944
FILLER_10_90,VDD,Metal1,50.6490,56.1010,1.199944
FILLER_10_83,VDD,Metal1,47.2890,56.1010,1.199945
FILLER_10_76,VDD,Metal1,43.9290,56.1010,1.199945
FILLER_10_69,VDD,Metal1,40.5690,56.1010,1.199945
FILLER_10_61,VDD,Metal1,35.5200,56.7000,1.199983
FILLER_10_57,VDD,Metal1,34.0910,56.1030,1.199983
FILLER_10_50,VDD,Metal1,31.4490,56.1010,1.199987
FILLER_10_42,VDD,Metal1,26.8910,56.1030,1.199997
FILLER_10_35,VDD,Metal1,24.2490,56.1010,1.199998
FILLER_10_28,VDD,Metal1,20.8890,56.1010,1.199998
FILLER_10_21,VDD,Metal1,17.5290,56.1010,1.199999
FILLER_10_14,VDD,Metal1,14.1690,56.1010,1.199999
FILLER_10_7,VDD,Metal1,10.8090,56.1010,1.199999
FILLER_10_0,VDD,Metal1,7.4490,56.1010,1.199999
FILLER_9_345,VDD,Metal1,171.8400,49.1400,1.199983
FILLER_9_338,VDD,Metal1,169.6890,49.7380,1.199983
FILLER_9_331,VDD,Metal1,166.3290,49.7380,1.199983
FILLER_9_324,VDD,Metal1,162.9690,49.7380,1.199977
FILLER_9_317,VDD,Metal1,159.6090,49.7380,1.199970
FILLER_9_310,VDD,Metal1,156.2490,49.7380,1.199964
FILLER_9_303,VDD,Metal1,152.8890,49.7380,1.199962
FILLER_9_296,VDD,Metal1,149.5290,49.7380,1.199961
FILLER_9_291,VDD,Metal1,145.6800,49.1400,1.199961
FILLER_9_272,VDD,Metal1,136.8000,49.1400,1.199940
FILLER_9_265,VDD,Metal1,133.2000,49.1400,1.199939
FILLER_9_252,VDD,Metal1,128.4090,49.7380,1.199920
FILLER_9_245,VDD,Metal1,125.0490,49.7380,1.199918
FILLER_9_238,VDD,Metal1,121.6890,49.7380,1.199918
FILLER_9_231,VDD,Metal1,118.3290,49.7380,1.199918
FILLER_9_217,VDD,Metal1,110.4000,49.1400,1.199920
FILLER_9_213,VDD,Metal1,108.9710,49.7360,1.199920
FILLER_9_206,VDD,Metal1,106.3290,49.7380,1.199921
FILLER_9_199,VDD,Metal1,102.9690,49.7380,1.199921
FILLER_9_192,VDD,Metal1,99.6090,49.7380,1.199945
FILLER_9_185,VDD,Metal1,96.2490,49.7380,1.199949
FILLER_9_175,VDD,Metal1,90.0000,49.1400,1.199949
FILLER_9_171,VDD,Metal1,88.8110,49.7360,1.199949
FILLER_9_166,VDD,Metal1,85.6800,49.1400,1.199949
FILLER_9_162,VDD,Metal1,84.4910,49.7360,1.199949
FILLER_9_155,VDD,Metal1,81.8490,49.7380,1.199421
FILLER_9_127,VDD,Metal1,66.9600,49.1400,1.199208
FILLER_9_115,VDD,Metal1,62.6490,49.7380,1.199206
FILLER_9_100,VDD,Metal1,54.2400,49.1400,1.199207
FILLER_9_96,VDD,Metal1,52.8110,49.7360,1.199232
FILLER_9_89,VDD,Metal1,50.1690,49.7380,1.199232
FILLER_9_84,VDD,Metal1,46.3200,49.1400,1.199232
FILLER_9_77,VDD,Metal1,44.4090,49.7380,1.199232
FILLER_9_39,VDD,Metal1,24.9600,49.1400,1.199651
FILLER_9_35,VDD,Metal1,23.5310,49.7360,1.199651
FILLER_9_28,VDD,Metal1,20.8890,49.7380,1.199951
FILLER_9_21,VDD,Metal1,17.5290,49.7380,1.199969
FILLER_9_14,VDD,Metal1,14.1690,49.7380,1.199969
FILLER_9_7,VDD,Metal1,10.8090,49.7380,1.199969
FILLER_9_0,VDD,Metal1,7.4490,49.7380,1.199969
FILLER_8_346,VDD,Metal1,172.0800,49.1400,1.199983
FILLER_8_344,VDD,Metal1,171.3600,49.1400,1.199983
FILLER_8_337,VDD,Metal1,169.2090,48.5410,1.199983
FILLER_8_330,VDD,Metal1,165.8490,48.5410,1.199977
FILLER_8_323,VDD,Metal1,162.4890,48.5410,1.199970
FILLER_8_316,VDD,Metal1,159.1290,48.5410,1.199964
FILLER_8_268,VDD,Metal1,136.0890,48.5410,1.199940
FILLER_8_261,VDD,Metal1,132.7290,48.5410,1.199939
FILLER_8_254,VDD,Metal1,129.3690,48.5410,1.199923
FILLER_8_222,VDD,Metal1,112.5600,49.1400,1.199918
FILLER_8_217,VDD,Metal1,110.1600,49.1400,1.199920
FILLER_8_213,VDD,Metal1,108.9710,48.5430,1.199920
FILLER_8_206,VDD,Metal1,106.3290,48.5410,1.199921
FILLER_8_199,VDD,Metal1,102.9690,48.5410,1.199921
FILLER_8_193,VDD,Metal1,98.6400,49.1400,1.199945
FILLER_8_156,VDD,Metal1,80.8800,49.1400,1.199421
FILLER_8_154,VDD,Metal1,80.1600,49.1400,1.199341
FILLER_8_139,VDD,Metal1,72.9600,49.1400,1.199241
FILLER_8_49,VDD,Metal1,30.2510,48.5430,1.199263
FILLER_8_42,VDD,Metal1,27.6090,48.5410,1.199263
FILLER_8_35,VDD,Metal1,24.2490,48.5410,1.199651
FILLER_8_28,VDD,Metal1,20.8890,48.5410,1.199951
FILLER_8_21,VDD,Metal1,17.5290,48.5410,1.199969
FILLER_8_14,VDD,Metal1,14.1690,48.5410,1.199969
FILLER_8_7,VDD,Metal1,10.8090,48.5410,1.199969
FILLER_8_0,VDD,Metal1,7.4490,48.5410,1.199969
FILLER_7_340,VDD,Metal1,170.6490,42.1780,1.199990
FILLER_7_333,VDD,Metal1,167.2890,42.1780,1.199986
FILLER_7_326,VDD,Metal1,163.9290,42.1780,1.199983
FILLER_7_319,VDD,Metal1,160.5690,42.1780,1.199979
FILLER_7_312,VDD,Metal1,157.2090,42.1780,1.199975
FILLER_7_305,VDD,Metal1,153.8490,42.1780,1.199973
FILLER_7_298,VDD,Metal1,150.4890,42.1780,1.199971
FILLER_7_289,VDD,Metal1,144.9600,41.5800,1.199867
FILLER_7_280,VDD,Metal1,140.6400,41.5800,1.199843
FILLER_7_276,VDD,Metal1,138.4800,41.5800,1.199842
FILLER_7_274,VDD,Metal1,137.7600,41.5800,1.199842
FILLER_7_267,VDD,Metal1,135.6090,42.1780,1.199833
FILLER_7_216,VDD,Metal1,109.6800,41.5800,1.199840
FILLER_7_214,VDD,Metal1,108.9600,41.5800,1.199841
FILLER_7_206,VDD,Metal1,105.1200,41.5800,1.199918
FILLER_7_202,VDD,Metal1,103.6910,42.1760,1.199918
FILLER_7_195,VDD,Metal1,101.0490,42.1780,1.199939
FILLER_7_188,VDD,Metal1,97.6890,42.1780,1.199989
FILLER_7_154,VDD,Metal1,81.3690,42.1780,1.199989
FILLER_7_147,VDD,Metal1,78.0090,42.1780,1.199989
FILLER_7_140,VDD,Metal1,74.6490,42.1780,1.199990
FILLER_7_133,VDD,Metal1,71.2890,42.1780,1.199990
FILLER_7_127,VDD,Metal1,66.9600,41.5800,1.199992
FILLER_7_125,VDD,Metal1,66.2400,41.5800,1.199992
FILLER_7_118,VDD,Metal1,64.0890,42.1780,1.199993
FILLER_7_98,VDD,Metal1,54.4890,42.1780,1.199994
FILLER_7_91,VDD,Metal1,51.1290,42.1780,1.199994
FILLER_7_80,VDD,Metal1,44.6400,41.5800,1.199994
FILLER_7_73,VDD,Metal1,42.4890,42.1780,1.199995
FILLER_7_63,VDD,Metal1,36.4800,41.5800,1.199995
FILLER_7_56,VDD,Metal1,34.3290,42.1780,1.199996
FILLER_7_49,VDD,Metal1,30.9690,42.1780,1.199997
FILLER_7_42,VDD,Metal1,27.6090,42.1780,1.199997
FILLER_7_35,VDD,Metal1,24.2490,42.1780,1.199998
FILLER_7_28,VDD,Metal1,20.8890,42.1780,1.199998
FILLER_7_21,VDD,Metal1,17.5290,42.1780,1.199999
FILLER_7_14,VDD,Metal1,14.1690,42.1780,1.199999
FILLER_7_7,VDD,Metal1,10.8090,42.1780,1.199999
FILLER_7_0,VDD,Metal1,7.4490,42.1780,1.199999
FILLER_6_345,VDD,Metal1,171.8400,41.5800,1.199990
FILLER_6_341,VDD,Metal1,170.4110,40.9830,1.199990
FILLER_6_334,VDD,Metal1,167.7690,40.9810,1.199990
FILLER_6_327,VDD,Metal1,164.4090,40.9810,1.199986
FILLER_6_320,VDD,Metal1,161.0490,40.9810,1.199983
FILLER_6_313,VDD,Metal1,157.6890,40.9810,1.199979
FILLER_6_306,VDD,Metal1,154.3290,40.9810,1.199975
FILLER_6_289,VDD,Metal1,144.9600,41.5800,1.199867
FILLER_6_261,VDD,Metal1,132.7290,40.9810,1.199833
FILLER_6_254,VDD,Metal1,129.3690,40.9810,1.199833
FILLER_6_216,VDD,Metal1,109.9200,41.5800,1.199840
FILLER_6_209,VDD,Metal1,107.7690,40.9810,1.199840
FILLER_6_202,VDD,Metal1,104.4090,40.9810,1.199918
FILLER_6_195,VDD,Metal1,101.0490,40.9810,1.199939
FILLER_6_183,VDD,Metal1,95.2890,40.9810,1.199989
FILLER_6_172,VDD,Metal1,90.0090,40.9810,1.199989
FILLER_6_165,VDD,Metal1,86.6490,40.9810,1.199989
FILLER_6_158,VDD,Metal1,83.2890,40.9810,1.199989
FILLER_6_151,VDD,Metal1,79.9290,40.9810,1.199989
FILLER_6_147,VDD,Metal1,76.5600,41.5800,1.199989
FILLER_6_140,VDD,Metal1,74.6490,40.9810,1.199990
FILLER_6_133,VDD,Metal1,71.2890,40.9810,1.199990
FILLER_6_126,VDD,Metal1,67.9290,40.9810,1.199992
FILLER_6_119,VDD,Metal1,64.5690,40.9810,1.199993
FILLER_6_112,VDD,Metal1,61.2090,40.9810,1.199993
FILLER_6_105,VDD,Metal1,57.8490,40.9810,1.199993
FILLER_6_98,VDD,Metal1,54.4890,40.9810,1.199994
FILLER_6_91,VDD,Metal1,51.1290,40.9810,1.199994
FILLER_6_84,VDD,Metal1,47.7690,40.9810,1.199994
FILLER_6_77,VDD,Metal1,44.4090,40.9810,1.199994
FILLER_6_70,VDD,Metal1,41.0490,40.9810,1.199995
FILLER_6_63,VDD,Metal1,37.6890,40.9810,1.199995
FILLER_6_56,VDD,Metal1,34.3290,40.9810,1.199996
FILLER_6_49,VDD,Metal1,30.9690,40.9810,1.199997
FILLER_6_42,VDD,Metal1,27.6090,40.9810,1.199997
FILLER_6_35,VDD,Metal1,24.2490,40.9810,1.199998
FILLER_6_28,VDD,Metal1,20.8890,40.9810,1.199998
FILLER_6_21,VDD,Metal1,17.5290,40.9810,1.199999
FILLER_6_14,VDD,Metal1,14.1690,40.9810,1.199999
FILLER_6_7,VDD,Metal1,10.8090,40.9810,1.199999
FILLER_6_0,VDD,Metal1,7.4490,40.9810,1.199999
FILLER_5_346,VDD,Metal1,172.0800,34.0200,1.199985
FILLER_5_339,VDD,Metal1,170.1690,34.6180,1.199985
FILLER_5_332,VDD,Metal1,166.8090,34.6180,1.199950
FILLER_5_325,VDD,Metal1,163.4490,34.6180,1.199915
FILLER_5_318,VDD,Metal1,160.0890,34.6180,1.199906
FILLER_5_263,VDD,Metal1,132.4800,34.0200,1.199776
FILLER_5_237,VDD,Metal1,120.0000,34.0200,1.199800
FILLER_5_219,VDD,Metal1,111.3600,34.0200,1.199901
FILLER_5_214,VDD,Metal1,108.9600,34.0200,1.199922
FILLER_5_210,VDD,Metal1,107.5310,34.6160,1.199936
FILLER_5_198,VDD,Metal1,102.4890,34.6180,1.199950
FILLER_5_191,VDD,Metal1,99.1290,34.6180,1.199969
FILLER_5_184,VDD,Metal1,95.7690,34.6180,1.199972
FILLER_5_178,VDD,Metal1,91.6800,34.0200,1.199918
FILLER_5_172,VDD,Metal1,88.5600,34.0200,1.199918
FILLER_5_170,VDD,Metal1,87.8400,34.0200,1.199918
FILLER_5_163,VDD,Metal1,85.6890,34.6180,1.199918
FILLER_5_157,VDD,Metal1,81.6000,34.0200,1.199903
FILLER_5_150,VDD,Metal1,79.4490,34.6180,1.199903
FILLER_5_143,VDD,Metal1,76.0890,34.6180,1.199858
FILLER_5_136,VDD,Metal1,72.7290,34.6180,1.199855
FILLER_5_129,VDD,Metal1,69.3690,34.6180,1.199855
FILLER_5_124,VDD,Metal1,65.5200,34.0200,1.199855
FILLER_5_122,VDD,Metal1,64.8000,34.0200,1.199855
FILLER_5_112,VDD,Metal1,59.7600,34.0200,1.199851
FILLER_5_108,VDD,Metal1,58.5710,34.6160,1.199851
FILLER_5_101,VDD,Metal1,55.9290,34.6180,1.199851
FILLER_5_94,VDD,Metal1,52.5690,34.6180,1.199851
FILLER_5_89,VDD,Metal1,48.7200,34.0200,1.199850
FILLER_5_85,VDD,Metal1,47.5310,34.6160,1.199849
FILLER_5_78,VDD,Metal1,44.8890,34.6180,1.199849
FILLER_5_64,VDD,Metal1,36.7200,34.0200,1.199856
FILLER_5_53,VDD,Metal1,31.6800,34.0200,1.199856
FILLER_5_49,VDD,Metal1,30.2510,34.6160,1.199856
FILLER_5_42,VDD,Metal1,27.6090,34.6180,1.199878
FILLER_5_35,VDD,Metal1,24.2490,34.6180,1.199977
FILLER_5_28,VDD,Metal1,20.8890,34.6180,1.199984
FILLER_5_21,VDD,Metal1,17.5290,34.6180,1.199990
FILLER_5_14,VDD,Metal1,14.1690,34.6180,1.199990
FILLER_5_7,VDD,Metal1,10.8090,34.6180,1.199990
FILLER_5_0,VDD,Metal1,7.4490,34.6180,1.199990
FILLER_4_343,VDD,Metal1,171.3710,33.4230,1.199985
FILLER_4_336,VDD,Metal1,168.7290,33.4210,1.199985
FILLER_4_329,VDD,Metal1,165.3690,33.4210,1.199950
FILLER_4_315,VDD,Metal1,157.4400,34.0200,1.199899
FILLER_4_304,VDD,Metal1,151.9200,34.0200,1.199782
FILLER_4_253,VDD,Metal1,127.6800,34.0200,1.199777
FILLER_4_239,VDD,Metal1,120.9600,34.0200,1.199796
FILLER_4_215,VDD,Metal1,109.9310,33.4230,1.199918
FILLER_4_199,VDD,Metal1,102.2510,33.4230,1.199950
FILLER_4_190,VDD,Metal1,97.2000,34.0200,1.199972
FILLER_4_149,VDD,Metal1,77.5200,34.0200,1.199858
FILLER_4_147,VDD,Metal1,76.8000,34.0200,1.199858
FILLER_4_114,VDD,Metal1,60.9600,34.0200,1.199851
FILLER_4_107,VDD,Metal1,58.8090,33.4210,1.199851
FILLER_4_100,VDD,Metal1,55.4490,33.4210,1.199851
FILLER_4_89,VDD,Metal1,48.9600,34.0200,1.199850
FILLER_4_82,VDD,Metal1,45.6000,34.0200,1.199849
FILLER_4_46,VDD,Metal1,28.0800,34.0200,1.199865
FILLER_4_42,VDD,Metal1,26.8910,33.4230,1.199878
FILLER_4_35,VDD,Metal1,24.2490,33.4210,1.199977
FILLER_4_28,VDD,Metal1,20.8890,33.4210,1.199984
FILLER_4_21,VDD,Metal1,17.5290,33.4210,1.199990
FILLER_4_14,VDD,Metal1,14.1690,33.4210,1.199990
FILLER_4_7,VDD,Metal1,10.8090,33.4210,1.199990
FILLER_4_0,VDD,Metal1,7.4490,33.4210,1.199990
FILLER_3_341,VDD,Metal1,169.9200,26.4600,1.199982
FILLER_3_337,VDD,Metal1,168.4910,27.0560,1.199964
FILLER_3_282,VDD,Metal1,141.6000,26.4600,1.199871
FILLER_3_261,VDD,Metal1,131.5200,26.4600,1.199845
FILLER_3_243,VDD,Metal1,122.6400,26.4600,1.199857
FILLER_3_222,VDD,Metal1,112.8000,26.4600,1.199866
FILLER_3_145,VDD,Metal1,76.3310,27.0560,1.199884
FILLER_3_138,VDD,Metal1,73.6890,27.0580,1.199880
FILLER_3_123,VDD,Metal1,65.0400,26.4600,1.199843
FILLER_3_112,VDD,Metal1,59.7600,26.4600,1.199772
FILLER_3_49,VDD,Metal1,30.2510,27.0560,1.199943
FILLER_3_42,VDD,Metal1,27.6090,27.0580,1.199987
FILLER_3_35,VDD,Metal1,24.2490,27.0580,1.199990
FILLER_3_28,VDD,Metal1,20.8890,27.0580,1.199993
FILLER_3_21,VDD,Metal1,17.5290,27.0580,1.199996
FILLER_3_14,VDD,Metal1,14.1690,27.0580,1.199996
FILLER_3_7,VDD,Metal1,10.8090,27.0580,1.199996
FILLER_3_0,VDD,Metal1,7.4490,27.0580,1.199996
FILLER_2_289,VDD,Metal1,144.9600,26.4600,1.199878
FILLER_2_234,VDD,Metal1,118.3200,26.4600,1.199859
FILLER_2_148,VDD,Metal1,77.0400,26.4600,1.199884
FILLER_2_146,VDD,Metal1,76.3200,26.4600,1.199884
FILLER_2_139,VDD,Metal1,74.1690,25.8610,1.199884
FILLER_2_131,VDD,Metal1,69.6110,25.8630,1.199856
FILLER_2_105,VDD,Metal1,57.8490,25.8610,1.199771
FILLER_2_77,VDD,Metal1,43.2000,26.4600,1.199774
FILLER_2_65,VDD,Metal1,37.2000,26.4600,1.199933
FILLER_2_56,VDD,Metal1,33.6110,25.8630,1.199934
FILLER_2_49,VDD,Metal1,30.9690,25.8610,1.199943
FILLER_2_42,VDD,Metal1,27.6090,25.8610,1.199987
FILLER_2_35,VDD,Metal1,24.2490,25.8610,1.199990
FILLER_2_28,VDD,Metal1,20.8890,25.8610,1.199993
FILLER_2_21,VDD,Metal1,17.5290,25.8610,1.199996
FILLER_2_14,VDD,Metal1,14.1690,25.8610,1.199996
FILLER_2_7,VDD,Metal1,10.8090,25.8610,1.199996
FILLER_2_0,VDD,Metal1,7.4490,25.8610,1.199996
FILLER_1_346,VDD,Metal1,172.0800,18.9000,1.199984
FILLER_1_157,VDD,Metal1,81.3600,18.9000,1.199917
FILLER_1_120,VDD,Metal1,64.3310,19.4960,1.199902
FILLER_1_113,VDD,Metal1,60.9710,19.4960,1.199902
FILLER_1_106,VDD,Metal1,58.3290,19.4980,1.199902
FILLER_1_102,VDD,Metal1,54.9600,18.9000,1.199908
FILLER_1_100,VDD,Metal1,54.2400,18.9000,1.199909
FILLER_1_93,VDD,Metal1,52.0890,19.4980,1.199910
FILLER_1_80,VDD,Metal1,45.1310,19.4960,1.199913
FILLER_1_67,VDD,Metal1,38.8910,19.4960,1.199923
FILLER_1_63,VDD,Metal1,36.2400,18.9000,1.199955
FILLER_1_56,VDD,Metal1,34.3290,19.4980,1.199964
FILLER_1_49,VDD,Metal1,30.9690,19.4980,1.199973
FILLER_1_42,VDD,Metal1,27.6090,19.4980,1.199982
FILLER_1_35,VDD,Metal1,24.2490,19.4980,1.199991
FILLER_1_28,VDD,Metal1,20.8890,19.4980,1.199994
FILLER_1_21,VDD,Metal1,17.5290,19.4980,1.199996
FILLER_1_14,VDD,Metal1,14.1690,19.4980,1.199996
FILLER_1_7,VDD,Metal1,10.8090,19.4980,1.199996
FILLER_1_0,VDD,Metal1,7.4490,19.4980,1.199996
FILLER_0_337,VDD,Metal1,167.7600,18.9000,1.199983
FILLER_0_130,VDD,Metal1,69.8490,18.3010,1.199873
FILLER_0_123,VDD,Metal1,66.4890,18.3010,1.199902
FILLER_0_116,VDD,Metal1,63.1290,18.3010,1.199902
FILLER_0_109,VDD,Metal1,59.7690,18.3010,1.199902
FILLER_0_102,VDD,Metal1,56.4090,18.3010,1.199908
FILLER_0_95,VDD,Metal1,53.0490,18.3010,1.199909
FILLER_0_88,VDD,Metal1,49.6890,18.3010,1.199910
FILLER_0_81,VDD,Metal1,46.3290,18.3010,1.199912
FILLER_0_74,VDD,Metal1,42.9690,18.3010,1.199913
FILLER_0_67,VDD,Metal1,39.6090,18.3010,1.199923
FILLER_0_60,VDD,Metal1,36.2490,18.3010,1.199955
FILLER_0_53,VDD,Metal1,32.8890,18.3010,1.199964
FILLER_0_46,VDD,Metal1,29.5290,18.3010,1.199973
FILLER_0_39,VDD,Metal1,26.1690,18.3010,1.199982
FILLER_0_30,VDD,Metal1,20.4000,18.9000,1.199994
FILLER_0_28,VDD,Metal1,19.6800,18.9000,1.199994
FILLER_0_21,VDD,Metal1,17.5290,18.3010,1.199996
FILLER_0_14,VDD,Metal1,14.1690,18.3010,1.199996
FILLER_0_7,VDD,Metal1,10.8090,18.3010,1.199996
FILLER_0_0,VDD,Metal1,7.4490,18.3010,1.199996
hold437,VDD,Metal1,170.2030,94.1840,1.199983
hold436,VDD,Metal1,98.2030,147.7350,1.199933
hold435,VDD,Metal1,115.9630,147.7350,1.199860
hold434,VDD,Metal1,170.1160,18.5840,1.199984
hold433,VDD,Metal1,109.2430,18.5840,1.199956
hold432,VDD,Metal1,108.7630,19.2150,1.199956
hold431,VDD,Metal1,112.9960,19.2150,1.199953
hold430,VDD,Metal1,142.2760,19.2150,1.199958
hold429,VDD,Metal1,104.3560,19.2150,1.199962
hold428,VDD,Metal1,117.8830,18.5840,1.199951
hold427,VDD,Metal1,151.0030,19.2150,1.199965
hold426,VDD,Metal1,104.9230,18.5840,1.199962
hold425,VDD,Metal1,113.5630,18.5840,1.199953
hold424,VDD,Metal1,35.8030,72.1350,1.199962
hold423,VDD,Metal1,92.4430,19.2150,1.199984
hold422,VDD,Metal1,138.0430,19.2150,1.199956
hold421,VDD,Metal1,83.3230,18.5840,1.199941
hold420,VDD,Metal1,139.4830,18.5840,1.199957
hold419,VDD,Metal1,87.6430,18.5840,1.199962
hold418,VDD,Metal1,146.5960,19.2150,1.199961
hold417,VDD,Metal1,148.1230,18.5840,1.199961
hold416,VDD,Metal1,142.2760,26.1440,1.199871
hold415,VDD,Metal1,143.8030,109.3040,1.199864
hold414,VDD,Metal1,155.3230,19.2150,1.199970
hold413,VDD,Metal1,83.8030,19.2150,1.199941
hold412,VDD,Metal1,100.0360,19.2150,1.199968
hold411,VDD,Metal1,148.1230,56.3840,1.199668
hold410,VDD,Metal1,137.4760,56.3840,1.199670
hold409,VDD,Metal1,133.7230,19.2150,1.199954
hold408,VDD,Metal1,138.0430,26.1440,1.199867
hold407,VDD,Metal1,143.8030,18.5840,1.199959
hold406,VDD,Metal1,140.3560,57.0150,1.199668
hold405,VDD,Metal1,129.4030,19.2150,1.199953
hold404,VDD,Metal1,100.6030,18.5840,1.199968
hold403,VDD,Metal1,88.1230,19.2150,1.199962
hold402,VDD,Metal1,156.7630,18.5840,1.199971
hold401,VDD,Metal1,152.3560,18.5840,1.199965
hold400,VDD,Metal1,96.2830,18.5840,1.199976
hold399,VDD,Metal1,142.2760,48.8240,1.199949
hold398,VDD,Metal1,139.0030,41.2640,1.199842
hold397,VDD,Metal1,130.8430,18.5840,1.199953
hold396,VDD,Metal1,117.8830,57.0150,1.199707
hold395,VDD,Metal1,117.4030,56.3840,1.199707
hold394,VDD,Metal1,135.1630,18.5840,1.199955
hold393,VDD,Metal1,114.4360,41.8950,1.199837
hold392,VDD,Metal1,118.8430,41.8950,1.199834
hold391,VDD,Metal1,126.5230,18.5840,1.199952
hold390,VDD,Metal1,51.1630,26.1440,1.199768
hold389,VDD,Metal1,91.9630,18.5840,1.199984
hold388,VDD,Metal1,141.8830,33.7040,1.199781
hold387,VDD,Metal1,120.7630,26.1440,1.199858
hold386,VDD,Metal1,123.1630,41.2640,1.199832
hold385,VDD,Metal1,122.2030,18.5840,1.199951
hold384,VDD,Metal1,125.0830,19.2150,1.199952
hold383,VDD,Metal1,117.4030,19.2150,1.199951
hold382,VDD,Metal1,153.3160,26.1440,1.199903
hold381,VDD,Metal1,161.0830,18.5840,1.199983
hold380,VDD,Metal1,157.6360,26.7750,1.199963
hold379,VDD,Metal1,165.3160,18.5840,1.199983
clkload10,VDD,Metal1,145.5500,154.6480,1.199478
clkload9,VDD,Metal1,128.2700,147.7510,1.199863
clkload8,VDD,Metal1,152.0500,125.0710,1.199739
clkload7,VDD,Metal1,72.1100,147.7510,1.199752
clkload6,VDD,Metal1,49.5500,147.7510,1.199748
clkload5,VDD,Metal1,74.5100,125.0710,1.198895
clkload4,VDD,Metal1,129.7100,86.6080,1.199665
clkload3,VDD,Metal1,114.3500,86.6080,1.199761
clkload2,VDD,Metal1,144.5900,49.4710,1.199961
clkload1,VDD,Metal1,64.2100,79.7110,1.199430
clkload0,VDD,Metal1,74.2900,56.3680,1.199944
clkbuf_4_15_0_clk_i,VDD,Metal1,149.3220,154.5270,1.199574
clkbuf_4_14_0_clk_i,VDD,Metal1,128.2020,154.5270,1.199434
clkbuf_4_13_0_clk_i,VDD,Metal1,154.5170,131.8470,1.199107
clkbuf_4_12_0_clk_i,VDD,Metal1,135.7970,131.8470,1.199052
clkbuf_4_11_0_clk_i,VDD,Metal1,78.1970,147.8720,1.199754
clkbuf_4_10_0_clk_i,VDD,Metal1,58.9970,147.8720,1.199738
clkbuf_4_9_0_clk_i,VDD,Metal1,78.6770,125.1920,1.198898
clkbuf_4_8_0_clk_i,VDD,Metal1,59.9570,124.2870,1.198844
clkbuf_4_7_0_clk_i,VDD,Metal1,137.2370,86.4870,1.199647
clkbuf_4_6_0_clk_i,VDD,Metal1,118.1220,86.4870,1.199762
clkbuf_4_5_0_clk_i,VDD,Metal1,142.9970,56.2470,1.199668
clkbuf_4_4_0_clk_i,VDD,Metal1,124.2770,56.2470,1.199698
clkbuf_4_3_0_clk_i,VDD,Metal1,68.1170,79.8320,1.199510
clkbuf_4_2_0_clk_i,VDD,Metal1,49.0020,79.8320,1.199231
clkbuf_4_1_0_clk_i,VDD,Metal1,76.3620,48.6870,1.199243
clkbuf_4_0_0_clk_i,VDD,Metal1,58.0370,49.5920,1.199206
clkbuf_0_clk_i,VDD,Metal1,103.9200,101.5520,1.199868
peripherals_macro,VDD,Metal1,157.6110,34.1180,1.199899
fanout274,VDD,Metal1,42.2100,162.3720,1.199905
fanout273,VDD,Metal1,111.8100,139.6920,1.199716
fanout272,VDD,Metal1,103.6500,147.5870,1.199931
fanout271,VDD,Metal1,134.8500,177.4920,1.199867
fanout270,VDD,Metal1,135.3300,147.2520,1.199853
fanout269,VDD,Metal1,44.6700,155.1470,1.199677
fanout268,VDD,Metal1,71.4900,140.0270,1.199340
fanout267,VDD,Metal1,43.2300,154.8120,1.199703
fanout266,VDD,Metal1,82.0500,109.4520,1.199977
fanout265,VDD,Metal1,49.8900,139.6920,1.199493
fanout264,VDD,Metal1,39.8700,87.1070,1.199914
fanout263,VDD,Metal1,145.4100,94.6670,1.199926
fanout262,VDD,Metal1,111.8100,86.7720,1.199781
fanout261,VDD,Metal1,105.6300,56.8670,1.199857
fanout260,VDD,Metal1,103.7100,56.8670,1.199875
fanout259,VDD,Metal1,43.6500,86.7720,1.199912
fanout258,VDD,Metal1,36.5100,64.4270,1.199792
fanout257,VDD,Metal1,37.4700,56.8670,1.199966
fanout256,VDD,Metal1,44.1300,33.8520,1.199849
fanout255,VDD,Metal1,91.1700,101.8920,1.199898
fanout254,VDD,Metal1,124.8300,86.7720,1.199665
fanout253,VDD,Metal1,117.0900,26.6270,1.199866
fanout252,VDD,Metal1,38.4300,26.2920,1.199933
fanout251,VDD,Metal1,32.1300,26.6270,1.199941
fanout250,VDD,Metal1,40.2900,26.2920,1.199778
fanout249,VDD,Metal1,62.4300,26.2920,1.199841
fanout248,VDD,Metal1,41.7900,49.3070,1.199231
fanout247,VDD,Metal1,77.3100,79.2120,1.199718
fanout246,VDD,Metal1,82.5300,71.9870,1.199969
fanout245,VDD,Metal1,134.9100,26.6270,1.199856
fanout244,VDD,Metal1,132.9900,26.6270,1.199845
fanout243,VDD,Metal1,141.6300,71.9870,1.199957
fanout242,VDD,Metal1,141.1500,64.4270,1.199836
fanout241,VDD,Metal1,39.8100,26.6270,1.199780
fanout240,VDD,Metal1,93.0900,101.8920,1.199904
fanout239,VDD,Metal1,133.4700,64.4270,1.199819
fanout238,VDD,Metal1,131.5500,64.4270,1.199802
fanout237,VDD,Metal1,109.4100,26.6270,1.199880
fanout236,VDD,Metal1,111.3900,26.6270,1.199875
fanout235,VDD,Metal1,42.2100,34.1870,1.199856
fanout234,VDD,Metal1,38.4300,64.4270,1.199793
fanout233,VDD,Metal1,73.8900,71.9870,1.199347
fanout232,VDD,Metal1,71.0700,26.6270,1.199879
fanout231,VDD,Metal1,43.7100,26.6270,1.199772
fanout230,VDD,Metal1,40.2900,34.1870,1.199855
fanout229,VDD,Metal1,87.8100,94.3320,1.199953
fanout228,VDD,Metal1,129.6300,71.6520,1.199971
fanout227,VDD,Metal1,107.5500,26.6270,1.199883
fanout226,VDD,Metal1,41.7900,26.6270,1.199774
fanout225,VDD,Metal1,40.7700,71.6520,1.199273
fanout224,VDD,Metal1,136.8300,177.4920,1.199866
fanout223,VDD,Metal1,108.9900,177.4920,1.199908
fanout222,VDD,Metal1,96.5100,155.1470,1.199979
fanout221,VDD,Metal1,86.9100,169.9320,1.199538
fanout220,VDD,Metal1,58.1100,155.1470,1.199676
fanout219,VDD,Metal1,86.8500,155.1470,1.199978
fanout218,VDD,Metal1,107.0100,177.4920,1.199926
fanout217,VDD,Metal1,94.5300,155.1470,1.199987
fanout216,VDD,Metal1,68.1900,162.7070,1.199788
fanout215,VDD,Metal1,55.7100,162.3720,1.199872
fanout214,VDD,Metal1,155.0100,139.6920,1.199719
fanout213,VDD,Metal1,158.9100,177.4920,1.199970
fanout212,VDD,Metal1,153.0900,139.6920,1.199717
fanout211,VDD,Metal1,93.6300,147.2520,1.199878
fanout210,VDD,Metal1,68.6700,140.0270,1.199339
fanout209,VDD,Metal1,158.4300,124.5720,1.199745
fanout208,VDD,Metal1,163.7100,162.7070,1.199857
fanout207,VDD,Metal1,160.2900,124.5720,1.199896
fanout206,VDD,Metal1,96.9900,140.0270,1.199970
fanout205,VDD,Metal1,53.3100,124.9070,1.198845
fanout204,VDD,Metal1,149.2500,139.6920,1.199689
fanout203,VDD,Metal1,151.1700,139.6920,1.199695
fanout202,VDD,Metal1,91.7100,147.2520,1.199791
fanout201,VDD,Metal1,66.2700,162.7070,1.199793
fanout200,VDD,Metal1,66.7500,140.0270,1.199339
fanout199,VDD,Metal1,142.1100,41.4120,1.199865
fanout198,VDD,Metal1,153.1500,79.5470,1.199962
fanout197,VDD,Metal1,151.1700,79.5470,1.199943
fanout196,VDD,Metal1,121.9500,71.9870,1.199972
fanout195,VDD,Metal1,144.9900,33.8520,1.199781
fanout194,VDD,Metal1,93.1500,34.1870,1.199964
fanout193,VDD,Metal1,81.6300,94.6670,1.199940
fanout192,VDD,Metal1,56.6100,87.1070,1.199865
fanout191,VDD,Metal1,52.8300,33.8520,1.199850
fanout190,VDD,Metal1,95.9700,33.8520,1.199971
fanout189,VDD,Metal1,146.9100,79.2120,1.199854
fanout188,VDD,Metal1,144.9300,79.2120,1.199855
fanout187,VDD,Metal1,149.3100,71.9870,1.199958
fanout186,VDD,Metal1,136.7700,33.8520,1.199776
fanout185,VDD,Metal1,112.3500,56.8670,1.199812
fanout184,VDD,Metal1,121.4700,26.6270,1.199858
fanout183,VDD,Metal1,62.4300,33.8520,1.199852
fanout182,VDD,Metal1,56.6700,71.9870,1.199129
fanout181,VDD,Metal1,79.1700,79.2120,1.199843
fanout180,VDD,Metal1,60.9900,26.6270,1.199790
fanout179,VDD,Metal1,63.3900,34.1870,1.199854
output178,VDD,Metal1,160.8300,33.8520,1.199906
output177,VDD,Metal1,167.4900,177.8270,1.199979
output176,VDD,Metal1,169.4100,124.5720,1.199988
output175,VDD,Metal1,171.3300,124.5720,1.199984
output174,VDD,Metal1,169.4100,117.0120,1.199964
output173,VDD,Metal1,171.3300,117.0120,1.199967
output172,VDD,Metal1,171.3300,109.4520,1.199970
output171,VDD,Metal1,169.4100,109.4520,1.199966
output170,VDD,Metal1,171.3300,102.2270,1.199980
output169,VDD,Metal1,165.5700,177.4920,1.199972
output168,VDD,Metal1,167.4900,177.4920,1.199979
output167,VDD,Metal1,169.4100,102.2270,1.199984
output166,VDD,Metal1,169.4100,177.4920,1.199989
output165,VDD,Metal1,167.4900,162.7070,1.199972
output164,VDD,Metal1,171.3300,177.4920,1.199992
output163,VDD,Metal1,169.4100,162.7070,1.199991
output162,VDD,Metal1,171.3300,162.7070,1.199987
output161,VDD,Metal1,169.4100,162.3720,1.199991
output160,VDD,Metal1,171.3300,162.3720,1.199987
output159,VDD,Metal1,169.4100,155.1470,1.199887
output158,VDD,Metal1,171.3300,155.1470,1.199889
output157,VDD,Metal1,169.4100,147.5870,1.199989
output156,VDD,Metal1,171.3300,101.8920,1.199980
output155,VDD,Metal1,171.3300,147.5870,1.199985
output154,VDD,Metal1,169.4100,147.2520,1.199989
output153,VDD,Metal1,171.3300,147.2520,1.199985
output152,VDD,Metal1,169.4100,139.6920,1.199955
output151,VDD,Metal1,171.3300,139.6920,1.199958
output150,VDD,Metal1,171.3300,132.4670,1.199959
output149,VDD,Metal1,169.4100,132.1320,1.199925
output148,VDD,Metal1,171.3300,132.1320,1.199959
output147,VDD,Metal1,169.4100,124.9070,1.199988
output146,VDD,Metal1,171.3300,124.9070,1.199984
output145,VDD,Metal1,169.4100,101.8920,1.199984
output144,VDD,Metal1,162.7500,33.8520,1.199914
output143,VDD,Metal1,81.1500,26.2920,1.199904
output142,VDD,Metal1,171.3300,94.6670,1.199983
output141,VDD,Metal1,80.1300,177.8270,1.199831
output140,VDD,Metal1,82.1100,177.4920,1.199853
output139,VDD,Metal1,78.2100,177.8270,1.199810
output138,VDD,Metal1,80.1900,177.4920,1.199831
output137,VDD,Metal1,76.2900,177.8270,1.199790
output136,VDD,Metal1,78.2700,177.4920,1.199810
output135,VDD,Metal1,74.3700,177.8270,1.199771
output134,VDD,Metal1,107.0700,177.8270,1.199926
output133,VDD,Metal1,103.2300,177.4920,1.199946
output132,VDD,Metal1,76.3500,177.4920,1.199790
output131,VDD,Metal1,105.1500,177.8270,1.199938
output130,VDD,Metal1,101.3100,177.4920,1.199954
output129,VDD,Metal1,103.2300,177.8270,1.199946
output128,VDD,Metal1,99.3900,177.4920,1.199962
output127,VDD,Metal1,101.3100,177.8270,1.199954
output126,VDD,Metal1,99.3900,177.8270,1.199962
output125,VDD,Metal1,97.4700,177.8270,1.199981
output124,VDD,Metal1,95.5500,177.8270,1.199994
output123,VDD,Metal1,93.6300,177.8270,1.199993
output122,VDD,Metal1,91.6500,177.8270,1.199974
output121,VDD,Metal1,72.4500,177.8270,1.199763
output120,VDD,Metal1,89.7300,177.8270,1.199948
output119,VDD,Metal1,91.7100,177.4920,1.199974
output118,VDD,Metal1,87.8100,177.8270,1.199923
output117,VDD,Metal1,89.7900,177.4920,1.199948
output116,VDD,Metal1,85.8900,177.8270,1.199899
output115,VDD,Metal1,87.8700,177.4920,1.199923
output114,VDD,Metal1,83.9700,177.8270,1.199875
output113,VDD,Metal1,85.9500,177.4920,1.199899
output112,VDD,Metal1,82.0500,177.8270,1.199853
output111,VDD,Metal1,84.0300,177.4920,1.199875
output110,VDD,Metal1,74.4300,177.4920,1.199771
output109,VDD,Metal1,118.5900,177.8270,1.199887
output108,VDD,Metal1,114.7500,177.4920,1.199893
output107,VDD,Metal1,116.6700,177.8270,1.199889
output106,VDD,Metal1,112.8300,177.4920,1.199898
output105,VDD,Metal1,114.7500,177.8270,1.199893
output104,VDD,Metal1,110.9100,177.4920,1.199903
output103,VDD,Metal1,112.8300,177.8270,1.199898
output102,VDD,Metal1,147.3900,177.8270,1.199968
output101,VDD,Metal1,142.5900,177.4920,1.199870
output100,VDD,Metal1,110.9100,177.8270,1.199903
output99,VDD,Metal1,145.4700,177.8270,1.199968
output98,VDD,Metal1,140.6700,177.4920,1.199868
output97,VDD,Metal1,143.5500,177.8270,1.199870
output96,VDD,Metal1,138.7500,177.4920,1.199867
output95,VDD,Metal1,141.6300,177.8270,1.199869
output94,VDD,Metal1,139.7100,177.8270,1.199868
output93,VDD,Metal1,137.7900,177.8270,1.199867
output92,VDD,Metal1,126.2700,169.9320,1.199910
output91,VDD,Metal1,135.8700,177.8270,1.199866
output90,VDD,Metal1,133.9500,177.8270,1.199867
output89,VDD,Metal1,108.9900,177.8270,1.199908
output88,VDD,Metal1,132.0300,177.8270,1.199869
output87,VDD,Metal1,130.1100,177.8270,1.199871
output86,VDD,Metal1,126.2700,177.4920,1.199876
output85,VDD,Metal1,128.1900,177.8270,1.199873
output84,VDD,Metal1,124.3500,177.4920,1.199879
output83,VDD,Metal1,126.2700,177.8270,1.199876
output82,VDD,Metal1,122.4300,177.4920,1.199883
output81,VDD,Metal1,124.3500,177.8270,1.199879
output80,VDD,Metal1,122.4300,177.8270,1.199883
output79,VDD,Metal1,120.5100,177.8270,1.199885
output78,VDD,Metal1,105.1500,177.4920,1.199938
input77,VDD,Metal1,155.5500,34.1870,1.199898
input76,VDD,Metal1,150.2700,41.4120,1.199971
input75,VDD,Metal1,148.3500,41.4120,1.199955
input74,VDD,Metal1,146.4300,41.4120,1.199867
input73,VDD,Metal1,150.7500,33.8520,1.199781
input72,VDD,Metal1,100.3500,33.8520,1.199969
input71,VDD,Metal1,98.4300,33.8520,1.199969
input70,VDD,Metal1,95.0700,26.6270,1.199930
input69,VDD,Metal1,80.1900,18.7320,1.199903
input68,VDD,Metal1,86.9100,26.2920,1.199903
input67,VDD,Metal1,78.2700,18.7320,1.199872
input66,VDD,Metal1,84.9900,26.2920,1.199903
input65,VDD,Metal1,148.8300,33.8520,1.199780
input64,VDD,Metal1,146.9100,33.8520,1.199780
input63,VDD,Metal1,76.3500,18.7320,1.199872
input62,VDD,Metal1,146.9100,26.6270,1.199890
input61,VDD,Metal1,144.9300,26.6270,1.199878
input60,VDD,Metal1,134.8500,33.8520,1.199776
input59,VDD,Metal1,132.9300,33.8520,1.199776
input58,VDD,Metal1,131.0100,33.8520,1.199776
input57,VDD,Metal1,129.1500,33.8520,1.199777
input56,VDD,Metal1,130.1100,26.6270,1.199845
input55,VDD,Metal1,126.2700,33.8520,1.199778
input54,VDD,Metal1,128.1900,26.6270,1.199846
input53,VDD,Metal1,124.3500,33.8520,1.199779
input52,VDD,Metal1,83.0700,26.2920,1.199904
input51,VDD,Metal1,119.4900,33.8520,1.199802
input50,VDD,Metal1,117.6300,33.8520,1.199830
input49,VDD,Metal1,115.7100,33.8520,1.199887
input48,VDD,Metal1,113.7300,33.8520,1.199889
input47,VDD,Metal1,111.8700,33.8520,1.199895
input46,VDD,Metal1,120.5100,19.0670,1.199951
input45,VDD,Metal1,108.0300,33.8520,1.199936
input44,VDD,Metal1,106.1100,33.8520,1.199939
input43,VDD,Metal1,104.1900,33.8520,1.199949
input42,VDD,Metal1,104.1900,26.6270,1.199921
input41,VDD,Metal1,74.4300,18.7320,1.199872
input40,VDD,Metal1,166.5900,26.6270,1.199964
input39,VDD,Metal1,72.4500,18.7320,1.199872
input38,VDD,Metal1,23.4900,18.7320,1.199991
input37,VDD,Metal1,21.5700,18.7320,1.199994
input36,VDD,Metal1,167.0700,94.3320,1.199981
input35,VDD,Metal1,171.3900,26.6270,1.199984
input34,VDD,Metal1,171.3900,26.2920,1.199984
input33,VDD,Metal1,6.6900,147.5870,1.199985
input32,VDD,Metal1,45.5700,177.8270,1.199791
input31,VDD,Metal1,48.4500,177.4920,1.199778
input30,VDD,Metal1,43.6500,177.8270,1.199800
input29,VDD,Metal1,46.5300,177.4920,1.199787
input28,VDD,Metal1,41.7300,177.8270,1.199804
input27,VDD,Metal1,44.6700,177.4920,1.199795
input26,VDD,Metal1,39.8100,177.8270,1.199808
input25,VDD,Metal1,70.5300,177.8270,1.199758
input24,VDD,Metal1,72.4500,177.4920,1.199763
input23,VDD,Metal1,37.8900,177.8270,1.199815
input22,VDD,Metal1,68.6100,177.8270,1.199755
input21,VDD,Metal1,70.5300,177.4920,1.199758
input20,VDD,Metal1,66.6900,177.8270,1.199753
input19,VDD,Metal1,68.6100,177.4920,1.199755
input18,VDD,Metal1,64.7700,177.8270,1.199751
input17,VDD,Metal1,66.6900,177.4920,1.199753
input16,VDD,Metal1,62.8500,177.8270,1.199751
input15,VDD,Metal1,60.9300,177.8270,1.199752
input14,VDD,Metal1,59.0100,177.8270,1.199753
input13,VDD,Metal1,57.0900,177.8270,1.199755
input12,VDD,Metal1,35.9700,177.8270,1.199875
input11,VDD,Metal1,55.1700,177.8270,1.199758
input10,VDD,Metal1,58.0500,177.4920,1.199754
input9,VDD,Metal1,53.2500,177.8270,1.199763
input8,VDD,Metal1,56.1300,177.4920,1.199756
input7,VDD,Metal1,51.3300,177.8270,1.199768
input6,VDD,Metal1,54.2100,177.4920,1.199760
input5,VDD,Metal1,49.4100,177.8270,1.199775
input4,VDD,Metal1,52.2900,177.4920,1.199765
input3,VDD,Metal1,47.5500,177.8270,1.199782
input2,VDD,Metal1,50.3700,177.4920,1.199771
input1,VDD,Metal1,34.0500,177.8270,1.199981
_1038__278,VDD,Metal1,119.3870,117.2960,1.199715
peripherals_macro_277,VDD,Metal1,169.2680,177.7580,1.199989
peripherals_macro_276,VDD,Metal1,171.1880,177.7580,1.199992
peripherals_macro_275,VDD,Metal1,169.6110,26.3610,1.199982
_1001__378,VDD,Metal1,162.5870,117.0630,1.199967
_1039__377,VDD,Metal1,116.7720,71.9360,1.199978
_1071__376,VDD,Metal1,160.1870,79.4960,1.199964
_1040__375,VDD,Metal1,100.6670,79.4960,1.199798
_1087__374,VDD,Metal1,106.9070,109.5030,1.199973
_1041__373,VDD,Metal1,120.6120,132.1830,1.199091
_1072__372,VDD,Metal1,158.2670,79.4960,1.199964
_1042__371,VDD,Metal1,133.7870,117.2960,1.199711
_1095__370,VDD,Metal1,33.4670,34.1360,1.199856
_1043__369,VDD,Metal1,115.8120,94.6160,1.199946
_1073__368,VDD,Metal1,148.6670,117.2960,1.199712
_1044__367,VDD,Metal1,104.0270,87.0560,1.199904
_1088__366,VDD,Metal1,29.1470,124.6230,1.199612
_1045__365,VDD,Metal1,78.3720,33.9030,1.199903
_1074__364,VDD,Metal1,162.5870,86.8230,1.199980
_1046__363,VDD,Metal1,83.3870,34.1360,1.199918
_1099__362,VDD,Metal1,67.0670,34.1360,1.199855
_1047__361,VDD,Metal1,87.2270,49.2560,1.199949
_1075__360,VDD,Metal1,157.7870,102.1760,1.199961
_1048__359,VDD,Metal1,88.4520,26.3430,1.199904
_1089__358,VDD,Metal1,30.5870,117.2960,1.199929
_1049__357,VDD,Metal1,81.7320,49.0230,1.199421
_1076__356,VDD,Metal1,157.3070,94.3830,1.199949
_1050__355,VDD,Metal1,82.2120,64.3760,1.199914
_1096__354,VDD,Metal1,61.3070,71.9360,1.199127
_1051__353,VDD,Metal1,105.4670,64.1430,1.199807
_1077__352,VDD,Metal1,126.5870,26.5760,1.199846
_1052__351,VDD,Metal1,87.2270,71.7030,1.199970
_1090__350,VDD,Metal1,101.1470,117.2960,1.199753
_1002__349,VDD,Metal1,28.6670,162.4230,1.199987
_1053__348,VDD,Metal1,68.5070,79.2630,1.199510
_1003__347,VDD,Metal1,32.5070,169.9830,1.199574
_1078__346,VDD,Metal1,127.0670,49.0230,1.199919
_1004__345,VDD,Metal1,30.5870,147.5360,1.199913
_1054__344,VDD,Metal1,67.8120,117.2960,1.199876
_1005__343,VDD,Metal1,48.1320,155.0960,1.199676
_1101__342,VDD,Metal1,158.5320,33.9030,1.199905
_1006__341,VDD,Metal1,29.6270,132.4160,1.199822
_1055__340,VDD,Metal1,72.8270,124.6230,1.198879
_1007__339,VDD,Metal1,44.2920,132.1830,1.199616
_1079__338,VDD,Metal1,116.5070,41.4630,1.199837
_1008__337,VDD,Metal1,70.9070,155.0960,1.199933
_1056__336,VDD,Metal1,47.3870,109.7360,1.199792
_1009__335,VDD,Metal1,60.3470,169.9830,1.199501
_1091__334,VDD,Metal1,61.7870,132.1830,1.199625
_1010__333,VDD,Metal1,73.5720,147.5360,1.199753
_1057__332,VDD,Metal1,48.6120,109.7360,1.199758
_1011__331,VDD,Metal1,88.4520,139.9760,1.199961
_1080__330,VDD,Metal1,143.3870,26.5760,1.199871
_1012__329,VDD,Metal1,109.3070,139.7430,1.199928
_1058__328,VDD,Metal1,76.6670,87.0560,1.199866
_1013__327,VDD,Metal1,42.5870,139.9760,1.199654
_1097__326,VDD,Metal1,26.7470,79.4960,1.199957
_1014__325,VDD,Metal1,60.8270,154.8630,1.199680
_1059__324,VDD,Metal1,58.2120,102.1760,1.199844
_1015__323,VDD,Metal1,76.9320,162.6560,1.199789
_1081__322,VDD,Metal1,148.1870,41.6960,1.199955
_1016__321,VDD,Metal1,68.5070,132.4160,1.199827
_1060__320,VDD,Metal1,82.2120,124.8560,1.198906
_1017__319,VDD,Metal1,98.2670,154.8630,1.199967
_1092__318,VDD,Metal1,105.4670,117.2960,1.199753
_1018__317,VDD,Metal1,138.1070,132.4160,1.199052
_1061__316,VDD,Metal1,29.1470,56.8160,1.199997
_1019__315,VDD,Metal1,131.3870,147.3030,1.199856
_1082__314,VDD,Metal1,147.2270,49.2560,1.199961
_1020__313,VDD,Metal1,117.9470,154.8630,1.199429
_1062__312,VDD,Metal1,25.3070,94.6160,1.199786
_1021__311,VDD,Metal1,156.3470,124.8560,1.199741
_1100__310,VDD,Metal1,72.3470,56.5830,1.199944
_1022__309,VDD,Metal1,162.5870,147.3030,1.199833
_1063__308,VDD,Metal1,29.6270,101.9430,1.199954
_1023__307,VDD,Metal1,155.8670,147.3030,1.199833
_1083__306,VDD,Metal1,119.3870,64.3760,1.199794
_1024__305,VDD,Metal1,114.1070,162.4230,1.199826
_1064__304,VDD,Metal1,55.0670,87.0560,1.199865
_1025__303,VDD,Metal1,164.0270,155.0960,1.199889
_1093__302,VDD,Metal1,29.1470,56.5830,1.199997
_1026__301,VDD,Metal1,135.7070,155.0960,1.199470
_1065__300,VDD,Metal1,30.8520,87.0560,1.199915
_1027__299,VDD,Metal1,107.3870,169.9830,1.199965
_1084__298,VDD,Metal1,148.1870,64.3760,1.199848
_1028__297,VDD,Metal1,146.5320,162.6560,1.199841
_1066__296,VDD,Metal1,47.8670,49.2560,1.199232
_1029__295,VDD,Metal1,159.0120,162.6560,1.199857
_1098__294,VDD,Metal1,50.2670,34.1360,1.199850
_1030__293,VDD,Metal1,117.4670,177.5430,1.199889
_1067__292,VDD,Metal1,57.4670,41.6960,1.199993
_1031__291,VDD,Metal1,141.4670,170.2160,1.199861
_1085__290,VDD,Metal1,84.8270,79.2630,1.199905
_1032__289,VDD,Metal1,127.8120,169.9830,1.199861
_1068__288,VDD,Metal1,69.4670,64.1430,1.199910
_1033__287,VDD,Metal1,164.0270,177.5430,1.199971
_1094__286,VDD,Metal1,47.8670,71.9360,1.199130
_1034__285,VDD,Metal1,162.5870,124.8560,1.199920
_1069__284,VDD,Metal1,130.4270,101.9430,1.199875
_1035__283,VDD,Metal1,71.8670,26.3430,1.199880
_1036__282,VDD,Metal1,163.0670,26.5760,1.199963
_1086__281,VDD,Metal1,91.5470,124.6230,1.199874
_1037__280,VDD,Metal1,97.7870,87.0560,1.199904
_1070__279,VDD,Metal1,139.5470,117.2960,1.199711
_1207_,VDD,Metal1,153.5700,34.1870,1.199793
_1101_,VDD,Metal1,161.9770,25.9780,1.199963
_1100_,VDD,Metal1,73.7020,49.6210,1.199243
_1099_,VDD,Metal1,69.8620,33.5380,1.199855
_1098_,VDD,Metal1,53.0620,26.9410,1.199768
_1097_,VDD,Metal1,29.5420,78.8980,1.199957
_1096_,VDD,Metal1,64.1020,71.3380,1.199127
_1095_,VDD,Metal1,36.7420,33.5380,1.199856
_1094_,VDD,Metal1,50.6620,71.3380,1.199130
_1093_,VDD,Metal1,31.9420,49.6210,1.199263
_1092_,VDD,Metal1,108.2620,124.2580,1.199828
_1091_,VDD,Metal1,64.5820,125.2210,1.198844
_1090_,VDD,Metal1,103.9420,116.6980,1.199753
_1089_,VDD,Metal1,33.3820,116.6980,1.199929
_1088_,VDD,Metal1,31.9420,125.2210,1.199612
_1087_,VDD,Metal1,109.7020,102.5410,1.199868
_1086_,VDD,Metal1,94.3420,125.2210,1.199874
_1085_,VDD,Metal1,87.6220,79.8610,1.199905
_1084_,VDD,Metal1,150.5020,63.7780,1.199848
_1083_,VDD,Metal1,122.1820,63.7780,1.199794
_1082_,VDD,Metal1,149.0620,57.1810,1.199668
_1081_,VDD,Metal1,150.9820,48.6580,1.199961
_1080_,VDD,Metal1,146.1820,34.5010,1.199781
_1079_,VDD,Metal1,119.3020,48.6580,1.199918
_1078_,VDD,Metal1,127.4620,42.0610,1.199832
_1077_,VDD,Metal1,129.3820,25.9780,1.199846
_1076_,VDD,Metal1,160.1020,94.9810,1.199949
_1075_,VDD,Metal1,160.5820,101.5780,1.199961
_1074_,VDD,Metal1,164.9020,87.4210,1.199980
_1073_,VDD,Metal1,151.4620,110.1010,1.199863
_1072_,VDD,Metal1,161.0620,78.8980,1.199964
_1071_,VDD,Metal1,162.5020,72.3010,1.199958
_1070_,VDD,Metal1,142.3420,116.6980,1.199711
_1069_,VDD,Metal1,133.2220,94.9810,1.199912
_1068_,VDD,Metal1,72.2620,64.7410,1.199910
_1067_,VDD,Metal1,60.2620,48.6580,1.199207
_1066_,VDD,Metal1,47.3020,48.6580,1.199232
_1065_,VDD,Metal1,36.2620,86.4580,1.199915
_1064_,VDD,Metal1,57.8620,86.4580,1.199865
_1063_,VDD,Metal1,32.4220,94.9810,1.199786
_1062_,VDD,Metal1,28.5820,94.0180,1.199786
_1061_,VDD,Metal1,31.9420,63.7780,1.199792
_1060_,VDD,Metal1,82.7770,131.8180,1.199863
_1059_,VDD,Metal1,66.0220,102.5410,1.199836
_1058_,VDD,Metal1,79.4620,94.0180,1.199937
_1057_,VDD,Metal1,54.0220,109.1380,1.199758
_1056_,VDD,Metal1,50.1820,116.6980,1.199922
_1055_,VDD,Metal1,75.6220,117.6610,1.199876
_1054_,VDD,Metal1,74.1820,116.6980,1.199876
_1053_,VDD,Metal1,71.3020,86.4580,1.199865
_1052_,VDD,Metal1,90.0220,64.7410,1.199927
_1051_,VDD,Metal1,108.2620,64.7410,1.199807
_1050_,VDD,Metal1,89.0620,63.7780,1.199927
_1049_,VDD,Metal1,89.5420,42.0610,1.199989
_1048_,VDD,Metal1,96.2620,25.9780,1.199929
_1047_,VDD,Metal1,89.5420,48.6580,1.199949
_1046_,VDD,Metal1,86.1820,33.5380,1.199918
_1045_,VDD,Metal1,83.7820,26.9410,1.199904
_1044_,VDD,Metal1,106.8220,94.0180,1.199947
_1043_,VDD,Metal1,118.7770,101.5780,1.199867
_1042_,VDD,Metal1,136.5820,124.2580,1.199731
_1041_,VDD,Metal1,124.0570,125.2210,1.199810
_1040_,VDD,Metal1,103.4620,78.8980,1.199798
_1039_,VDD,Metal1,120.2170,78.8980,1.199791
_1038_,VDD,Metal1,121.7020,116.6980,1.199715
_1037_,VDD,Metal1,100.5820,86.4580,1.199904
_1036_,VDD,Metal1,165.3820,19.3810,1.199983
_1035_,VDD,Metal1,74.6620,19.3810,1.199873
_1034_,VDD,Metal1,165.3820,117.6610,1.199967
_1033_,VDD,Metal1,164.4220,170.5810,1.199968
_1032_,VDD,Metal1,133.7020,170.5810,1.199861
_1031_,VDD,Metal1,138.5020,169.6180,1.199861
_1030_,VDD,Metal1,120.2620,170.5810,1.199919
_1029_,VDD,Metal1,164.9020,169.6180,1.199968
_1028_,VDD,Metal1,151.4620,169.6180,1.199942
_1027_,VDD,Metal1,106.8220,163.0210,1.199822
_1026_,VDD,Metal1,138.0220,154.4980,1.199470
_1025_,VDD,Metal1,165.3820,154.4980,1.199890
_1024_,VDD,Metal1,116.9020,155.4610,1.199429
_1023_,VDD,Metal1,158.6620,147.9010,1.199833
_1022_,VDD,Metal1,165.3820,140.3410,1.199958
_1021_,VDD,Metal1,159.6220,132.7810,1.199107
_1020_,VDD,Metal1,120.7420,146.9380,1.199863
_1019_,VDD,Metal1,134.1820,140.3410,1.199683
_1018_,VDD,Metal1,141.3820,139.3780,1.199684
_1017_,VDD,Metal1,101.0620,146.9380,1.199933
_1016_,VDD,Metal1,71.3020,139.3780,1.199340
_1015_,VDD,Metal1,84.7420,163.0210,1.199791
_1014_,VDD,Metal1,60.2620,146.9380,1.199739
_1013_,VDD,Metal1,45.3820,132.7810,1.199616
_1012_,VDD,Metal1,112.1020,132.7810,1.199103
_1011_,VDD,Metal1,96.2620,139.3780,1.199970
_1010_,VDD,Metal1,79.9420,146.9380,1.199755
_1009_,VDD,Metal1,63.6220,170.5810,1.199501
_1008_,VDD,Metal1,73.7020,162.0580,1.199789
_1007_,VDD,Metal1,52.1020,131.8180,1.199615
_1006_,VDD,Metal1,32.4220,139.3780,1.199692
_1005_,VDD,Metal1,53.0620,154.4980,1.199676
_1004_,VDD,Metal1,33.3820,154.4980,1.199713
_1003_,VDD,Metal1,35.3020,170.5810,1.199574
_1002_,VDD,Metal1,31.4620,155.4610,1.199713
_1001_,VDD,Metal1,165.3820,110.1010,1.199970
_1000_,VDD,Metal1,155.9460,33.6530,1.199898
_0999_,VDD,Metal1,153.2630,33.6630,1.199793
_0998_,VDD,Metal1,67.4650,56.3650,1.199944
_0997_,VDD,Metal1,68.4960,41.9360,1.199992
_0996_,VDD,Metal1,68.1520,48.7480,1.199239
_0995_,VDD,Metal1,65.3820,49.3050,1.199207
_0994_,VDD,Metal1,60.2650,26.1250,1.199780
_0993_,VDD,Metal1,68.9760,26.8160,1.199856
_0992_,VDD,Metal1,64.7920,26.0680,1.199843
_0991_,VDD,Metal1,66.3420,26.6250,1.199847
_0990_,VDD,Metal1,45.8150,26.7950,1.199769
_0989_,VDD,Metal1,44.7830,26.1030,1.199769
_0988_,VDD,Metal1,54.7270,26.0680,1.199770
_0987_,VDD,Metal1,50.5020,33.8550,1.199850
_0986_,VDD,Metal1,28.0550,72.1550,1.199970
_0985_,VDD,Metal1,30.0960,72.1760,1.199967
_0984_,VDD,Metal1,34.0870,71.4280,1.199962
_0983_,VDD,Metal1,32.5370,71.9850,1.199967
_0982_,VDD,Metal1,53.5450,64.5950,1.199800
_0981_,VDD,Metal1,61.2960,64.6160,1.199802
_0980_,VDD,Metal1,57.1270,63.8680,1.199800
_0979_,VDD,Metal1,58.9370,64.4250,1.199802
_0978_,VDD,Metal1,29.0650,33.6850,1.199861
_0977_,VDD,Metal1,35.8560,26.1030,1.199933
_0976_,VDD,Metal1,34.5520,26.8510,1.199934
_0975_,VDD,Metal1,38.0220,34.1850,1.199855
_0974_,VDD,Metal1,45.8150,72.1550,1.199130
_0973_,VDD,Metal1,44.3030,64.6160,1.199795
_0972_,VDD,Metal1,44.1670,63.8680,1.199795
_0971_,VDD,Metal1,42.8220,71.6550,1.199249
_0970_,VDD,Metal1,32.3750,48.8050,1.199263
_0969_,VDD,Metal1,34.4160,48.7830,1.199260
_0968_,VDD,Metal1,36.9670,48.7480,1.199259
_0967_,VDD,Metal1,39.7370,49.3050,1.199256
_0966_,VDD,Metal1,37.8120,41.9180,1.199995
_0965_,VDD,Metal1,103.4150,117.5150,1.199753
_0964_,VDD,Metal1,98.0630,109.9760,1.199987
_0963_,VDD,Metal1,97.9270,102.4510,1.199880
_0962_,VDD,Metal1,100.4220,124.5750,1.199862
_0961_,VDD,Metal1,61.1750,117.5150,1.199883
_0960_,VDD,Metal1,62.7360,109.2630,1.199758
_0959_,VDD,Metal1,62.8720,101.6680,1.199836
_0958_,VDD,Metal1,64.6970,124.5750,1.198844
_0957_,VDD,Metal1,92.4250,109.9550,1.199985
_0956_,VDD,Metal1,94.8960,102.4160,1.199914
_0955_,VDD,Metal1,92.6320,94.8910,1.199955
_0954_,VDD,Metal1,94.4570,117.0150,1.199963
_0953_,VDD,Metal1,33.8150,117.5150,1.199929
_0952_,VDD,Metal1,36.8160,109.2630,1.199954
_0951_,VDD,Metal1,43.1920,102.4510,1.199896
_0950_,VDD,Metal1,41.1770,117.0150,1.199926
_0949_,VDD,Metal1,32.8550,124.4050,1.199612
_0948_,VDD,Metal1,35.3760,109.9760,1.199962
_0947_,VDD,Metal1,40.3270,102.4510,1.199949
_0946_,VDD,Metal1,37.3370,124.5750,1.199612
_0945_,VDD,Metal1,100.5350,109.2850,1.199983
_0944_,VDD,Metal1,99.5030,94.8560,1.199951
_0943_,VDD,Metal1,95.5120,101.6680,1.199908
_0942_,VDD,Metal1,101.8620,102.2250,1.199868
_0941_,VDD,Metal1,87.6250,124.4050,1.199839
_0940_,VDD,Metal1,88.4630,109.2630,1.199977
_0939_,VDD,Metal1,84.9520,102.4510,1.199853
_0938_,VDD,Metal1,93.2220,124.5750,1.199874
_0937_,VDD,Metal1,79.4650,79.7150,1.199843
_0936_,VDD,Metal1,81.4560,79.0230,1.199905
_0935_,VDD,Metal1,80.1670,72.2110,1.199958
_0934_,VDD,Metal1,83.4170,86.7750,1.199888
_0933_,VDD,Metal1,52.4270,87.2780,1.199865
_0932_,VDD,Metal1,142.8250,49.4750,1.199949
_0931_,VDD,Metal1,138.3830,49.4960,1.199940
_0930_,VDD,Metal1,134.8720,49.5310,1.199939
_0929_,VDD,Metal1,140.2620,64.0950,1.199831
_0928_,VDD,Metal1,114.5050,63.9250,1.199803
_0927_,VDD,Metal1,114.3830,57.0560,1.199790
_0926_,VDD,Metal1,115.2070,49.5310,1.199918
_0925_,VDD,Metal1,121.3370,56.8650,1.199704
_0924_,VDD,Metal1,134.1850,56.3650,1.199674
_0923_,VDD,Metal1,140.7830,49.4960,1.199948
_0922_,VDD,Metal1,131.5270,49.5310,1.199939
_0921_,VDD,Metal1,137.1770,56.8650,1.199670
_0920_,VDD,Metal1,142.2950,41.9150,1.199865
_0919_,VDD,Metal1,135.5030,41.2230,1.199833
_0918_,VDD,Metal1,134.3920,34.4110,1.199776
_0917_,VDD,Metal1,138.8220,48.9750,1.199940
_0916_,VDD,Metal1,138.5050,33.6850,1.199779
_0915_,VDD,Metal1,139.8230,26.8160,1.199869
_0914_,VDD,Metal1,137.2720,26.8510,1.199867
_0913_,VDD,Metal1,138.6170,34.1850,1.199779
_0912_,VDD,Metal1,111.1450,48.8050,1.199918
_0911_,VDD,Metal1,111.0230,41.9360,1.199838
_0910_,VDD,Metal1,111.8320,41.1880,1.199838
_0909_,VDD,Metal1,118.4570,41.4150,1.199834
_0908_,VDD,Metal1,114.0250,41.2450,1.199837
_0907_,VDD,Metal1,118.4160,34.3760,1.199830
_0906_,VDD,Metal1,114.7120,26.8510,1.199866
_0905_,VDD,Metal1,126.3420,41.4150,1.199832
_0904_,VDD,Metal1,122.6150,33.6850,1.199796
_0903_,VDD,Metal1,119.1830,26.8160,1.199859
_0902_,VDD,Metal1,116.6320,26.0680,1.199866
_0901_,VDD,Metal1,123.9420,26.6250,1.199846
_0900_,VDD,Metal1,112.6920,34.3580,1.199894
_0899_,VDD,Metal1,150.9850,94.1650,1.199935
_0898_,VDD,Metal1,147.0230,87.2960,1.199664
_0897_,VDD,Metal1,142.5520,79.7710,1.199823
_0896_,VDD,Metal1,151.0970,94.6650,1.199935
_0895_,VDD,Metal1,149.4950,101.7250,1.199943
_0894_,VDD,Metal1,147.5030,94.8560,1.199926
_0893_,VDD,Metal1,142.0720,94.1080,1.199919
_0892_,VDD,Metal1,151.5770,101.8950,1.199943
_0891_,VDD,Metal1,153.3850,86.6050,1.199947
_0890_,VDD,Metal1,148.4630,86.5830,1.199674
_0889_,VDD,Metal1,139.6720,79.7710,1.199821
_0888_,VDD,Metal1,152.7420,87.1050,1.199940
_0887_,VDD,Metal1,144.2150,109.9550,1.199864
_0886_,VDD,Metal1,140.3030,109.2630,1.199864
_0885_,VDD,Metal1,140.6470,102.4510,1.199930
_0884_,VDD,Metal1,147.7370,109.4550,1.199863
_0883_,VDD,Metal1,151.4150,72.1550,1.199958
_0882_,VDD,Metal1,144.6230,72.1760,1.199957
_0881_,VDD,Metal1,143.0320,71.4280,1.199957
_0880_,VDD,Metal1,151.5770,79.2150,1.199944
_0879_,VDD,Metal1,152.9050,72.1550,1.199958
_0878_,VDD,Metal1,147.0230,72.1760,1.199957
_0877_,VDD,Metal1,140.1670,71.4280,1.199957
_0876_,VDD,Metal1,148.9020,79.2150,1.199894
_0875_,VDD,Metal1,140.3750,109.9550,1.199864
_0874_,VDD,Metal1,135.0230,109.2630,1.199879
_0873_,VDD,Metal1,132.9670,102.4510,1.199875
_0872_,VDD,Metal1,137.8620,109.7850,1.199875
_0871_,VDD,Metal1,132.6950,94.1650,1.199912
_0870_,VDD,Metal1,127.8230,86.5830,1.199666
_0869_,VDD,Metal1,127.6870,79.7710,1.199792
_0868_,VDD,Metal1,130.1820,94.3350,1.199912
_0867_,VDD,Metal1,127.5720,79.0410,1.199792
_0866_,VDD,Metal1,63.6250,63.9250,1.199803
_0865_,VDD,Metal1,69.9360,56.3430,1.199944
_0864_,VDD,Metal1,71.0470,48.7480,1.199241
_0863_,VDD,Metal1,65.8620,64.0950,1.199910
_0862_,VDD,Metal1,59.2550,41.9150,1.199993
_0861_,VDD,Metal1,61.2960,34.3760,1.199851
_0860_,VDD,Metal1,63.3520,26.8510,1.199841
_0859_,VDD,Metal1,61.0620,41.7450,1.199993
_0858_,VDD,Metal1,46.2950,41.9150,1.199994
_0857_,VDD,Metal1,47.3760,33.6630,1.199849
_0856_,VDD,Metal1,47.5120,26.0680,1.199769
_0855_,VDD,Metal1,48.3770,41.7450,1.199994
_0854_,VDD,Metal1,34.7750,79.7150,1.199957
_0853_,VDD,Metal1,37.2960,79.0230,1.199735
_0852_,VDD,Metal1,36.9670,71.4280,1.199962
_0851_,VDD,Metal1,38.5020,79.5450,1.199488
_0850_,VDD,Metal1,55.8950,79.7150,1.199386
_0849_,VDD,Metal1,54.3830,72.1760,1.199130
_0848_,VDD,Metal1,56.1520,64.6510,1.199800
_0847_,VDD,Metal1,50.0220,86.7750,1.199880
_0846_,VDD,Metal1,33.3350,87.2750,1.199915
_0845_,VDD,Metal1,35.3760,34.3760,1.199856
_0844_,VDD,Metal1,37.4470,26.8510,1.199933
_0843_,VDD,Metal1,37.8170,94.3350,1.199786
_0842_,VDD,Metal1,35.2550,87.2750,1.199915
_0841_,VDD,Metal1,37.7760,87.2960,1.199914
_0840_,VDD,Metal1,40.7920,64.6510,1.199793
_0839_,VDD,Metal1,40.2170,94.3350,1.199856
_0838_,VDD,Metal1,32.8550,57.0350,1.199986
_0837_,VDD,Metal1,35.3760,57.0560,1.199983
_0836_,VDD,Metal1,37.4470,56.3080,1.199966
_0835_,VDD,Metal1,39.7370,64.0950,1.199793
_0834_,VDD,Metal1,39.9470,48.8010,1.199256
_0833_,VDD,Metal1,83.7850,124.4050,1.199003
_0832_,VDD,Metal1,84.3360,109.2630,1.199977
_0831_,VDD,Metal1,87.8470,102.4510,1.199899
_0830_,VDD,Metal1,81.7020,124.5750,1.198906
_0829_,VDD,Metal1,65.4950,101.7250,1.199836
_0828_,VDD,Metal1,60.3360,101.7030,1.199836
_0827_,VDD,Metal1,62.8720,94.8910,1.199927
_0826_,VDD,Metal1,64.9020,109.4550,1.199758
_0825_,VDD,Metal1,78.9350,94.8350,1.199937
_0824_,VDD,Metal1,82.8960,87.2960,1.199888
_0823_,VDD,Metal1,87.3670,87.3310,1.199914
_0822_,VDD,Metal1,80.2620,87.1050,1.199872
_0821_,VDD,Metal1,46.3450,109.2850,1.199792
_0820_,VDD,Metal1,46.8960,102.4160,1.199891
_0819_,VDD,Metal1,46.5520,101.6680,1.199891
_0818_,VDD,Metal1,53.3820,102.2250,1.199878
_0817_,VDD,Metal1,45.3350,109.9550,1.199797
_0816_,VDD,Metal1,44.3030,109.2630,1.199797
_0815_,VDD,Metal1,43.6720,101.6680,1.199896
_0814_,VDD,Metal1,51.2570,109.7850,1.199758
_0813_,VDD,Metal1,74.6150,109.9550,1.199766
_0812_,VDD,Metal1,80.0160,109.2630,1.199924
_0811_,VDD,Metal1,82.0720,102.4510,1.199852
_0810_,VDD,Metal1,77.8620,124.5750,1.198898
_0809_,VDD,Metal1,72.6950,109.9550,1.199761
_0808_,VDD,Metal1,77.6160,109.2630,1.199924
_0807_,VDD,Metal1,79.1920,102.4510,1.199839
_0806_,VDD,Metal1,76.4220,109.7850,1.199922
_0805_,VDD,Metal1,70.2950,79.0450,1.199510
_0804_,VDD,Metal1,72.8160,79.0230,1.199701
_0803_,VDD,Metal1,76.3270,72.2110,1.199359
_0802_,VDD,Metal1,72.1020,79.5450,1.199701
_0801_,VDD,Metal1,53.8670,79.7180,1.199380
_0800_,VDD,Metal1,89.9750,57.0350,1.199944
_0799_,VDD,Metal1,94.4160,57.0560,1.199955
_0798_,VDD,Metal1,128.6320,56.3080,1.199686
_0797_,VDD,Metal1,91.7820,56.8650,1.199970
_0796_,VDD,Metal1,106.8250,63.9250,1.199807
_0795_,VDD,Metal1,108.3360,57.0560,1.199858
_0794_,VDD,Metal1,111.8320,56.3080,1.199812
_0793_,VDD,Metal1,102.3420,64.0950,1.199807
_0792_,VDD,Metal1,96.2650,57.0350,1.199955
_0791_,VDD,Metal1,104.0160,56.3430,1.199876
_0790_,VDD,Metal1,112.3120,49.5310,1.199918
_0789_,VDD,Metal1,96.8570,64.0950,1.199900
_0788_,VDD,Metal1,92.8550,41.2450,1.199989
_0787_,VDD,Metal1,98.2560,41.2230,1.199989
_0786_,VDD,Metal1,121.9120,34.4110,1.199796
_0785_,VDD,Metal1,97.3370,48.9750,1.199949
_0784_,VDD,Metal1,96.7450,19.2350,1.199976
_0783_,VDD,Metal1,105.4560,26.1030,1.199914
_0782_,VDD,Metal1,113.7520,26.0680,1.199866
_0781_,VDD,Metal1,97.3370,26.6250,1.199929
_0780_,VDD,Metal1,91.4150,49.4750,1.199949
_0779_,VDD,Metal1,100.1760,48.7830,1.199945
_0778_,VDD,Metal1,107.0470,41.9710,1.199841
_0777_,VDD,Metal1,93.4970,49.3050,1.199949
_0776_,VDD,Metal1,91.4150,26.7950,1.199931
_0775_,VDD,Metal1,102.0960,26.8160,1.199928
_0774_,VDD,Metal1,110.8720,26.0680,1.199875
_0773_,VDD,Metal1,93.9770,33.8550,1.199968
_0772_,VDD,Metal1,92.9050,26.7950,1.199960
_0771_,VDD,Metal1,99.6960,26.8160,1.199929
_0770_,VDD,Metal1,108.0070,26.0680,1.199883
_0769_,VDD,Metal1,90.1370,34.1850,1.199918
_0768_,VDD,Metal1,105.0120,34.3580,1.199947
_0767_,VDD,Metal1,109.2250,87.2750,1.199849
_0766_,VDD,Metal1,131.8560,86.5830,1.199661
_0765_,VDD,Metal1,133.9120,79.7710,1.199800
_0764_,VDD,Metal1,107.1420,87.1050,1.199866
_0763_,VDD,Metal1,120.7450,94.8350,1.199944
_0762_,VDD,Metal1,127.0560,94.1430,1.199912
_0761_,VDD,Metal1,134.8720,94.1080,1.199913
_0760_,VDD,Metal1,118.9370,94.6650,1.199945
_0759_,VDD,Metal1,130.3450,117.5150,1.199712
_0758_,VDD,Metal1,134.7360,87.2960,1.199648
_0757_,VDD,Metal1,136.7920,79.7710,1.199803
_0756_,VDD,Metal1,126.8220,117.3450,1.199715
_0755_,VDD,Metal1,124.5850,124.4050,1.199810
_0754_,VDD,Metal1,130.4160,109.9760,1.199880
_0753_,VDD,Metal1,135.8320,102.4510,1.199930
_0752_,VDD,Metal1,122.7770,124.5750,1.199810
_0751_,VDD,Metal1,103.8950,72.1550,1.199987
_0750_,VDD,Metal1,133.2960,72.1760,1.199961
_0749_,VDD,Metal1,135.8320,71.4280,1.199958
_0748_,VDD,Metal1,105.9770,71.9850,1.199981
_0747_,VDD,Metal1,119.3050,71.4850,1.199974
_0746_,VDD,Metal1,127.5360,71.4630,1.199971
_0745_,VDD,Metal1,131.9920,71.4280,1.199961
_0744_,VDD,Metal1,119.8970,71.9850,1.199974
_0743_,VDD,Metal1,118.7750,109.9550,1.199954
_0742_,VDD,Metal1,124.6560,109.2630,1.199883
_0741_,VDD,Metal1,128.1520,102.4510,1.199872
_0740_,VDD,Metal1,120.8570,109.7850,1.199954
_0739_,VDD,Metal1,104.3750,79.7150,1.199798
_0738_,VDD,Metal1,110.7360,79.7360,1.199796
_0737_,VDD,Metal1,124.3270,79.7710,1.199791
_0736_,VDD,Metal1,108.3770,86.7750,1.199866
_0735_,VDD,Metal1,121.3320,79.7180,1.199791
_0734_,VDD,Metal1,153.8100,26.7890,1.199903
_0733_,VDD,Metal1,164.6400,26.9530,1.199963
_0732_,VDD,Metal1,149.4810,26.0600,1.199900
_0731_,VDD,Metal1,67.2300,26.1260,1.199849
_0730_,VDD,Metal1,150.7120,26.8510,1.199901
_0729_,VDD,Metal1,146.2920,26.1210,1.199884
_0728_,VDD,Metal1,160.8000,26.9530,1.199963
_0727_,VDD,Metal1,160.3200,116.6860,1.199967
_0726_,VDD,Metal1,164.8130,116.7920,1.199967
_0725_,VDD,Metal1,156.5820,177.4950,1.199970
_0724_,VDD,Metal1,161.6160,177.3030,1.199971
_0723_,VDD,Metal1,108.9580,170.5200,1.199965
_0722_,VDD,Metal1,154.1820,170.2650,1.199942
_0721_,VDD,Metal1,128.7420,177.4950,1.199873
_0720_,VDD,Metal1,134.2560,162.8960,1.199831
_0719_,VDD,Metal1,106.0780,170.5200,1.199965
_0718_,VDD,Metal1,131.8970,162.7050,1.199831
_0717_,VDD,Metal1,132.5820,177.4950,1.199869
_0716_,VDD,Metal1,137.6160,162.8960,1.199831
_0715_,VDD,Metal1,130.5610,169.6800,1.199861
_0714_,VDD,Metal1,75.9420,169.9350,1.199503
_0713_,VDD,Metal1,117.0170,169.9350,1.199919
_0712_,VDD,Metal1,120.3360,177.3030,1.199885
_0711_,VDD,Metal1,121.9210,169.6800,1.199919
_0710_,VDD,Metal1,71.8970,170.2650,1.199503
_0709_,VDD,Metal1,156.5820,170.2650,1.199942
_0708_,VDD,Metal1,161.6160,162.8960,1.199858
_0707_,VDD,Metal1,102.2380,169.6800,1.199969
_0706_,VDD,Metal1,156.8570,162.7050,1.199845
_0705_,VDD,Metal1,143.6220,170.2650,1.199861
_0704_,VDD,Metal1,149.1360,162.8960,1.199843
_0703_,VDD,Metal1,103.1980,170.5200,1.199969
_0702_,VDD,Metal1,144.3770,162.7050,1.199841
_0701_,VDD,Metal1,104.7420,169.9350,1.199966
_0700_,VDD,Metal1,107.3760,162.1830,1.199822
_0699_,VDD,Metal1,100.3210,170.5200,1.199972
_0698_,VDD,Metal1,110.7770,169.9350,1.199950
_0697_,VDD,Metal1,130.1820,155.1450,1.199434
_0696_,VDD,Metal1,138.0960,155.3360,1.199470
_0695_,VDD,Metal1,99.3580,162.1200,1.199909
_0694_,VDD,Metal1,132.8570,155.1450,1.199470
_0693_,VDD,Metal1,156.1020,155.1450,1.199884
_0692_,VDD,Metal1,161.6160,155.3360,1.199889
_0691_,VDD,Metal1,93.5980,162.1200,1.199796
_0690_,VDD,Metal1,154.4570,154.8150,1.199603
_0689_,VDD,Metal1,109.0620,155.1450,1.199429
_0688_,VDD,Metal1,116.0160,162.1830,1.199826
_0687_,VDD,Metal1,114.2410,154.5600,1.199429
_0686_,VDD,Metal1,63.4620,162.3750,1.199799
_0685_,VDD,Metal1,148.4220,147.5850,1.199838
_0684_,VDD,Metal1,158.2560,147.0630,1.199833
_0683_,VDD,Metal1,89.7580,170.5200,1.199575
_0682_,VDD,Metal1,151.0970,147.5850,1.199836
_0681_,VDD,Metal1,157.0620,140.0250,1.199807
_0680_,VDD,Metal1,162.0960,139.5030,1.199958
_0679_,VDD,Metal1,92.6380,170.5200,1.199974
_0678_,VDD,Metal1,154.9370,140.0250,1.199719
_0677_,VDD,Metal1,149.8620,132.1350,1.199106
_0676_,VDD,Metal1,158.7360,131.9430,1.199107
_0675_,VDD,Metal1,95.5180,170.5200,1.199974
_0674_,VDD,Metal1,151.5770,132.4650,1.199106
_0673_,VDD,Metal1,112.9020,147.2550,1.199919
_0672_,VDD,Metal1,119.8560,147.7760,1.199863
_0671_,VDD,Metal1,94.5580,154.5600,1.199987
_0670_,VDD,Metal1,117.9770,140.0250,1.199696
_0669_,VDD,Metal1,123.9420,140.0250,1.199689
_0668_,VDD,Metal1,133.2960,147.0630,1.199855
_0667_,VDD,Metal1,91.1980,147.8400,1.199792
_0666_,VDD,Metal1,126.6170,140.0250,1.199683
_0665_,VDD,Metal1,130.6620,139.6950,1.199683
_0664_,VDD,Metal1,140.0160,132.6560,1.199093
_0663_,VDD,Metal1,86.8810,170.5200,1.199538
_0662_,VDD,Metal1,133.3370,139.6950,1.199683
_0661_,VDD,Metal1,94.6620,147.5850,1.199933
_0660_,VDD,Metal1,100.6560,140.2160,1.199970
_0659_,VDD,Metal1,86.4010,154.5600,1.199979
_0658_,VDD,Metal1,101.6570,147.5850,1.199933
_0657_,VDD,Metal1,65.8620,132.4650,1.199827
_0656_,VDD,Metal1,70.4160,132.6560,1.199859
_0655_,VDD,Metal1,62.3980,169.6800,1.199501
_0654_,VDD,Metal1,63.4620,139.6950,1.199348
_0653_,VDD,Metal1,81.0170,169.9350,1.199508
_0652_,VDD,Metal1,82.4160,162.1830,1.199791
_0651_,VDD,Metal1,84.9610,162.1200,1.199791
_0650_,VDD,Metal1,55.7820,170.2650,1.199521
_0649_,VDD,Metal1,51.4620,147.5850,1.199748
_0648_,VDD,Metal1,59.8560,140.2160,1.199479
_0647_,VDD,Metal1,54.2380,147.8400,1.199740
_0646_,VDD,Metal1,63.2570,147.5850,1.199738
_0645_,VDD,Metal1,45.4970,139.6950,1.199649
_0644_,VDD,Metal1,47.8560,139.5030,1.199645
_0643_,VDD,Metal1,47.0380,170.5200,1.199559
_0642_,VDD,Metal1,42.8220,139.6950,1.199654
_0641_,VDD,Metal1,104.2620,132.4650,1.199370
_0640_,VDD,Metal1,110.7360,131.9430,1.199103
_0639_,VDD,Metal1,81.1180,170.5200,1.199508
_0638_,VDD,Metal1,107.4170,132.1350,1.199103
_0637_,VDD,Metal1,90.8220,140.0250,1.199970
_0636_,VDD,Metal1,96.3360,132.6560,1.199873
_0635_,VDD,Metal1,78.2380,170.5200,1.199507
_0634_,VDD,Metal1,93.4970,140.0250,1.199973
_0633_,VDD,Metal1,76.9020,140.0250,1.199340
_0632_,VDD,Metal1,80.0160,140.2160,1.199348
_0631_,VDD,Metal1,74.3980,170.5200,1.199503
_0630_,VDD,Metal1,82.4570,147.5850,1.199754
_0629_,VDD,Metal1,60.3770,177.4950,1.199753
_0628_,VDD,Metal1,63.6960,162.8960,1.199799
_0627_,VDD,Metal1,65.2810,169.6800,1.199502
_0626_,VDD,Metal1,53.3820,170.2650,1.199521
_0625_,VDD,Metal1,68.2620,155.1450,1.199933
_0624_,VDD,Metal1,73.2960,155.3360,1.199973
_0623_,VDD,Metal1,63.8380,177.2400,1.199751
_0622_,VDD,Metal1,65.8620,162.3750,1.199794
_0621_,VDD,Metal1,48.5820,124.9050,1.198849
_0620_,VDD,Metal1,51.2160,125.0960,1.198845
_0619_,VDD,Metal1,47.9980,169.6800,1.199558
_0618_,VDD,Metal1,53.1770,132.4650,1.199615
_0617_,VDD,Metal1,37.8170,132.4650,1.199799
_0616_,VDD,Metal1,40.1760,139.5030,1.199655
_0615_,VDD,Metal1,43.2010,170.5200,1.199574
_0614_,VDD,Metal1,39.7370,140.0250,1.199655
_0613_,VDD,Metal1,50.5020,155.1450,1.199676
_0612_,VDD,Metal1,53.6160,155.3360,1.199676
_0611_,VDD,Metal1,49.9180,170.5200,1.199557
_0610_,VDD,Metal1,56.0570,155.1450,1.199676
_0609_,VDD,Metal1,37.3370,162.3750,1.199928
_0608_,VDD,Metal1,41.1360,154.6230,1.199712
_0607_,VDD,Metal1,41.7580,169.6800,1.199574
_0606_,VDD,Metal1,40.2170,155.1450,1.199712
_0605_,VDD,Metal1,39.2570,177.4950,1.199810
_0604_,VDD,Metal1,40.6560,162.8960,1.199927
_0603_,VDD,Metal1,41.7580,177.2400,1.199804
_0602_,VDD,Metal1,44.5370,169.9350,1.199574
_0601_,VDD,Metal1,34.9370,162.3750,1.199931
_0600_,VDD,Metal1,42.5760,155.3360,1.199704
_0599_,VDD,Metal1,39.8410,162.1200,1.199927
_0598_,VDD,Metal1,39.2570,169.9350,1.199574
_0597_,VDD,Metal1,149.1300,132.5510,1.199102
_0596_,VDD,Metal1,142.4100,147.1680,1.199845
_0595_,VDD,Metal1,140.3750,147.0850,1.199845
_0594_,VDD,Metal1,158.5100,116.8480,1.199961
_0593_,VDD,Metal1,157.9200,117.6730,1.199961
_0592_,VDD,Metal1,162.3900,124.4600,1.199920
_0591_,VDD,Metal1,164.9700,124.4880,1.199965
_0590_,VDD,Metal1,40.2100,41.9110,1.199995
_0589_,VDD,Metal1,48.1100,86.6080,1.199880
_0588_,VDD,Metal1,110.2900,34.3510,1.199918
_0587_,VDD,Metal1,42.1300,26.1280,1.199774
_0586_,VDD,Metal1,37.0700,19.2310,1.199955
_0585_,VDD,Metal1,129.9700,79.0480,1.199799
_0584_,VDD,Metal1,146.2900,41.9110,1.199867
_0583_,VDD,Metal1,152.0500,41.2480,1.199971
_0582_,VDD,Metal1,128.5300,34.3510,1.199777
_0581_,VDD,Metal1,131.4100,34.3510,1.199776
_0580_,VDD,Metal1,136.4300,34.3510,1.199776
_0579_,VDD,Metal1,148.4300,26.7910,1.199900
_0578_,VDD,Metal1,158.0300,19.2310,1.199971
_0577_,VDD,Metal1,139.5700,41.9110,1.199842
_0576_,VDD,Metal1,143.8900,41.2480,1.199866
_0575_,VDD,Metal1,143.8900,41.9110,1.199866
_0574_,VDD,Metal1,122.0300,19.2310,1.199951
_0573_,VDD,Metal1,115.0900,34.3510,1.199888
_0572_,VDD,Metal1,116.5300,34.3510,1.199886
_0571_,VDD,Metal1,120.1100,41.2480,1.199834
_0570_,VDD,Metal1,123.9500,34.3510,1.199779
_0569_,VDD,Metal1,127.0900,34.3510,1.199778
_0568_,VDD,Metal1,125.6500,34.3510,1.199778
_0567_,VDD,Metal1,129.9700,34.3510,1.199777
_0566_,VDD,Metal1,78.1300,26.1280,1.199904
_0565_,VDD,Metal1,79.5700,26.1280,1.199904
_0564_,VDD,Metal1,95.4100,19.2310,1.199976
_0563_,VDD,Metal1,46.9300,19.2310,1.199912
_0562_,VDD,Metal1,49.8100,19.2310,1.199910
_0561_,VDD,Metal1,103.5700,26.1280,1.199927
_0560_,VDD,Metal1,66.1300,19.2310,1.199902
_0559_,VDD,Metal1,105.9700,26.7910,1.199914
_0558_,VDD,Metal1,42.1300,19.2310,1.199913
_0557_,VDD,Metal1,48.3700,19.2310,1.199910
_0556_,VDD,Metal1,43.5700,19.2310,1.199913
_0555_,VDD,Metal1,62.7700,19.2310,1.199902
_0554_,VDD,Metal1,40.6900,19.2310,1.199923
_0553_,VDD,Metal1,56.0500,19.2310,1.199908
_0552_,VDD,Metal1,67.5700,19.2310,1.199902
_0551_,VDD,Metal1,77.6500,41.2480,1.199989
