
===========================================================================
report_checks -path_delay min (Hold)
============================================================================
======================= nom_slow_1p08V_125C Corner ===================================

Startpoint: s_axil_wdata[27] (input port clocked by clk_i)
Endpoint: _868_ (rising edge-triggered flip-flop clocked by clk_i)
Path Group: clk_i
Path Type: min

Fanout         Cap        Slew       Delay        Time   Description
---------------------------------------------------------------------------------------------
                                  0.000000    0.000000   clock clk_i (rise edge)
                                  0.000000    0.000000   clock network delay (propagated)
                                  0.500000    0.500000 v input external delay
     1    0.003947    0.000000    0.000000    0.500000 v s_axil_wdata[27] (in)
                                                         s_axil_wdata[27] (net)
                      0.000083    0.000041    0.500041 v input132/A (sg13g2_buf_1)
     1    0.002660    0.029768    0.075577    0.575619 v input132/X (sg13g2_buf_1)
                                                         net132 (net)
                      0.029768    0.000018    0.575637 v _774_/A0 (sg13g2_mux2_1)
     1    0.001957    0.042619    0.160169    0.735806 v _774_/X (sg13g2_mux2_1)
                                                         _094_ (net)
                      0.042619    0.000016    0.735822 v _868_/D (sg13g2_dfrbpq_1)
                                              0.735822   data arrival time

                                  0.000000    0.000000   clock clk_i (rise edge)
                                  0.000000    0.000000   clock source latency
     2    0.071915    0.000000    0.000000    0.000000 ^ clk_i (in)
                                                         clk_i (net)
                      0.017664    0.008832    0.008832 ^ clkbuf_regs_0_clk_i/A (sg13g2_buf_16)
     1    0.017999    0.028531    0.087730    0.096562 ^ clkbuf_regs_0_clk_i/X (sg13g2_buf_16)
                                                         clk_i_regs (net)
                      0.028531    0.000184    0.096746 ^ clkbuf_0_clk_i_regs/A (sg13g2_buf_16)
    16    0.181458    0.089892    0.137573    0.234319 ^ clkbuf_0_clk_i_regs/X (sg13g2_buf_16)
                                                         clknet_0_clk_i_regs (net)
                      0.091994    0.010827    0.245147 ^ clkbuf_4_11_0_clk_i_regs/A (sg13g2_buf_8)
     7    0.033424    0.047366    0.144555    0.389702 ^ clkbuf_4_11_0_clk_i_regs/X (sg13g2_buf_8)
                                                         clknet_4_11_0_clk_i_regs (net)
                      0.047389    0.001498    0.391200 ^ _868_/CLK (sg13g2_dfrbpq_1)
                                  0.200000    0.591200   clock uncertainty
                                  0.000000    0.591200   clock reconvergence pessimism
                                 -0.050279    0.540921   library hold time
                                              0.540921   data required time
---------------------------------------------------------------------------------------------
                                              0.540921   data required time
                                             -0.735822   data arrival time
---------------------------------------------------------------------------------------------
                                              0.194901   slack (MET)


Startpoint: s_axil_wdata[21] (input port clocked by clk_i)
Endpoint: _862_ (rising edge-triggered flip-flop clocked by clk_i)
Path Group: clk_i
Path Type: min

Fanout         Cap        Slew       Delay        Time   Description
---------------------------------------------------------------------------------------------
                                  0.000000    0.000000   clock clk_i (rise edge)
                                  0.000000    0.000000   clock network delay (propagated)
                                  0.500000    0.500000 v input external delay
     1    0.003947    0.000000    0.000000    0.500000 v s_axil_wdata[21] (in)
                                                         s_axil_wdata[21] (net)
                      0.000083    0.000041    0.500041 v input126/A (sg13g2_buf_1)
     1    0.002846    0.030601    0.076324    0.576365 v input126/X (sg13g2_buf_1)
                                                         net126 (net)
                      0.030601    0.000024    0.576389 v _768_/A0 (sg13g2_mux2_1)
     1    0.001888    0.042318    0.160146    0.736535 v _768_/X (sg13g2_mux2_1)
                                                         _088_ (net)
                      0.042318    0.000014    0.736549 v _862_/D (sg13g2_dfrbpq_1)
                                              0.736549   data arrival time

                                  0.000000    0.000000   clock clk_i (rise edge)
                                  0.000000    0.000000   clock source latency
     2    0.071915    0.000000    0.000000    0.000000 ^ clk_i (in)
                                                         clk_i (net)
                      0.017664    0.008832    0.008832 ^ clkbuf_regs_0_clk_i/A (sg13g2_buf_16)
     1    0.017999    0.028531    0.087730    0.096562 ^ clkbuf_regs_0_clk_i/X (sg13g2_buf_16)
                                                         clk_i_regs (net)
                      0.028531    0.000184    0.096746 ^ clkbuf_0_clk_i_regs/A (sg13g2_buf_16)
    16    0.181458    0.089892    0.137573    0.234319 ^ clkbuf_0_clk_i_regs/X (sg13g2_buf_16)
                                                         clknet_0_clk_i_regs (net)
                      0.091977    0.010786    0.245106 ^ clkbuf_4_10_0_clk_i_regs/A (sg13g2_buf_8)
     7    0.033819    0.047659    0.144608    0.389713 ^ clkbuf_4_10_0_clk_i_regs/X (sg13g2_buf_8)
                                                         clknet_4_10_0_clk_i_regs (net)
                      0.047684    0.001620    0.391333 ^ _862_/CLK (sg13g2_dfrbpq_1)
                                  0.200000    0.591333   clock uncertainty
                                  0.000000    0.591333   clock reconvergence pessimism
                                 -0.050073    0.541260   library hold time
                                              0.541260   data required time
---------------------------------------------------------------------------------------------
                                              0.541260   data required time
                                             -0.736549   data arrival time
---------------------------------------------------------------------------------------------
                                              0.195289   slack (MET)


Startpoint: s_axil_wdata[25] (input port clocked by clk_i)
Endpoint: _866_ (rising edge-triggered flip-flop clocked by clk_i)
Path Group: clk_i
Path Type: min

Fanout         Cap        Slew       Delay        Time   Description
---------------------------------------------------------------------------------------------
                                  0.000000    0.000000   clock clk_i (rise edge)
                                  0.000000    0.000000   clock network delay (propagated)
                                  0.500000    0.500000 v input external delay
     1    0.003947    0.000000    0.000000    0.500000 v s_axil_wdata[25] (in)
                                                         s_axil_wdata[25] (net)
                      0.000083    0.000041    0.500041 v input130/A (sg13g2_buf_1)
     1    0.003031    0.031425    0.077065    0.577106 v input130/X (sg13g2_buf_1)
                                                         net130 (net)
                      0.031425    0.000029    0.577135 v _772_/A0 (sg13g2_mux2_1)
     1    0.001823    0.042046    0.160141    0.737276 v _772_/X (sg13g2_mux2_1)
                                                         _092_ (net)
                      0.042046    0.000013    0.737290 v _866_/D (sg13g2_dfrbpq_1)
                                              0.737290   data arrival time

                                  0.000000    0.000000   clock clk_i (rise edge)
                                  0.000000    0.000000   clock source latency
     2    0.071915    0.000000    0.000000    0.000000 ^ clk_i (in)
                                                         clk_i (net)
                      0.017664    0.008832    0.008832 ^ clkbuf_regs_0_clk_i/A (sg13g2_buf_16)
     1    0.017999    0.028531    0.087730    0.096562 ^ clkbuf_regs_0_clk_i/X (sg13g2_buf_16)
                                                         clk_i_regs (net)
                      0.028531    0.000184    0.096746 ^ clkbuf_0_clk_i_regs/A (sg13g2_buf_16)
    16    0.181458    0.089892    0.137573    0.234319 ^ clkbuf_0_clk_i_regs/X (sg13g2_buf_16)
                                                         clknet_0_clk_i_regs (net)
                      0.091977    0.010786    0.245106 ^ clkbuf_4_10_0_clk_i_regs/A (sg13g2_buf_8)
     7    0.033819    0.047659    0.144608    0.389713 ^ clkbuf_4_10_0_clk_i_regs/X (sg13g2_buf_8)
                                                         clknet_4_10_0_clk_i_regs (net)
                      0.047689    0.001857    0.391570 ^ _866_/CLK (sg13g2_dfrbpq_1)
                                  0.200000    0.591570   clock uncertainty
                                  0.000000    0.591570   clock reconvergence pessimism
                                 -0.049962    0.541608   library hold time
                                              0.541608   data required time
---------------------------------------------------------------------------------------------
                                              0.541608   data required time
                                             -0.737290   data arrival time
---------------------------------------------------------------------------------------------
                                              0.195682   slack (MET)


Startpoint: s_axil_wdata[23] (input port clocked by clk_i)
Endpoint: _864_ (rising edge-triggered flip-flop clocked by clk_i)
Path Group: clk_i
Path Type: min

Fanout         Cap        Slew       Delay        Time   Description
---------------------------------------------------------------------------------------------
                                  0.000000    0.000000   clock clk_i (rise edge)
                                  0.000000    0.000000   clock network delay (propagated)
                                  0.500000    0.500000 v input external delay
     1    0.003947    0.000000    0.000000    0.500000 v s_axil_wdata[23] (in)
                                                         s_axil_wdata[23] (net)
                      0.000083    0.000041    0.500041 v input128/A (sg13g2_buf_1)
     1    0.003018    0.031368    0.077013    0.577054 v input128/X (sg13g2_buf_1)
                                                         net128 (net)
                      0.031368    0.000028    0.577083 v _770_/A0 (sg13g2_mux2_1)
     1    0.001857    0.042179    0.160296    0.737379 v _770_/X (sg13g2_mux2_1)
                                                         _090_ (net)
                      0.042179    0.000014    0.737393 v _864_/D (sg13g2_dfrbpq_1)
                                              0.737393   data arrival time

                                  0.000000    0.000000   clock clk_i (rise edge)
                                  0.000000    0.000000   clock source latency
     2    0.071915    0.000000    0.000000    0.000000 ^ clk_i (in)
                                                         clk_i (net)
                      0.017664    0.008832    0.008832 ^ clkbuf_regs_0_clk_i/A (sg13g2_buf_16)
     1    0.017999    0.028531    0.087730    0.096562 ^ clkbuf_regs_0_clk_i/X (sg13g2_buf_16)
                                                         clk_i_regs (net)
                      0.028531    0.000184    0.096746 ^ clkbuf_0_clk_i_regs/A (sg13g2_buf_16)
    16    0.181458    0.089892    0.137573    0.234319 ^ clkbuf_0_clk_i_regs/X (sg13g2_buf_16)
                                                         clknet_0_clk_i_regs (net)
                      0.091977    0.010786    0.245106 ^ clkbuf_4_10_0_clk_i_regs/A (sg13g2_buf_8)
     7    0.033819    0.047659    0.144608    0.389713 ^ clkbuf_4_10_0_clk_i_regs/X (sg13g2_buf_8)
                                                         clknet_4_10_0_clk_i_regs (net)
                      0.047688    0.001788    0.391501 ^ _864_/CLK (sg13g2_dfrbpq_1)
                                  0.200000    0.591501   clock uncertainty
                                  0.000000    0.591501   clock reconvergence pessimism
                                 -0.050016    0.541485   library hold time
                                              0.541485   data required time
---------------------------------------------------------------------------------------------
                                              0.541485   data required time
                                             -0.737393   data arrival time
---------------------------------------------------------------------------------------------
                                              0.195908   slack (MET)


Startpoint: s_axil_wdata[15] (input port clocked by clk_i)
Endpoint: _856_ (rising edge-triggered flip-flop clocked by clk_i)
Path Group: clk_i
Path Type: min

Fanout         Cap        Slew       Delay        Time   Description
---------------------------------------------------------------------------------------------
                                  0.000000    0.000000   clock clk_i (rise edge)
                                  0.000000    0.000000   clock network delay (propagated)
                                  0.500000    0.500000 v input external delay
     1    0.003947    0.000000    0.000000    0.500000 v s_axil_wdata[15] (in)
                                                         s_axil_wdata[15] (net)
                      0.000083    0.000041    0.500041 v input119/A (sg13g2_buf_1)
     1    0.003031    0.031425    0.077065    0.577106 v input119/X (sg13g2_buf_1)
                                                         net119 (net)
                      0.031425    0.000029    0.577135 v _762_/A0 (sg13g2_mux2_1)
     1    0.002060    0.043067    0.161404    0.738540 v _762_/X (sg13g2_mux2_1)
                                                         _082_ (net)
                      0.043067    0.000018    0.738557 v _856_/D (sg13g2_dfrbpq_1)
                                              0.738557   data arrival time

                                  0.000000    0.000000   clock clk_i (rise edge)
                                  0.000000    0.000000   clock source latency
     2    0.071915    0.000000    0.000000    0.000000 ^ clk_i (in)
                                                         clk_i (net)
                      0.017664    0.008832    0.008832 ^ clkbuf_regs_0_clk_i/A (sg13g2_buf_16)
     1    0.017999    0.028531    0.087730    0.096562 ^ clkbuf_regs_0_clk_i/X (sg13g2_buf_16)
                                                         clk_i_regs (net)
                      0.028531    0.000184    0.096746 ^ clkbuf_0_clk_i_regs/A (sg13g2_buf_16)
    16    0.181458    0.089892    0.137573    0.234319 ^ clkbuf_0_clk_i_regs/X (sg13g2_buf_16)
                                                         clknet_0_clk_i_regs (net)
                      0.090608    0.006487    0.240807 ^ clkbuf_4_7_0_clk_i_regs/A (sg13g2_buf_8)
     7    0.039092    0.051108    0.146726    0.387533 ^ clkbuf_4_7_0_clk_i_regs/X (sg13g2_buf_8)
                                                         clknet_4_7_0_clk_i_regs (net)
                      0.051389    0.002975    0.390508 ^ _856_/CLK (sg13g2_dfrbpq_1)
                                  0.200000    0.590508   clock uncertainty
                                  0.000000    0.590508   clock reconvergence pessimism
                                 -0.049307    0.541201   library hold time
                                              0.541201   data required time
---------------------------------------------------------------------------------------------
                                              0.541201   data required time
                                             -0.738557   data arrival time
---------------------------------------------------------------------------------------------
                                              0.197356   slack (MET)


Startpoint: s_axil_wdata[19] (input port clocked by clk_i)
Endpoint: _860_ (rising edge-triggered flip-flop clocked by clk_i)
Path Group: clk_i
Path Type: min

Fanout         Cap        Slew       Delay        Time   Description
---------------------------------------------------------------------------------------------
                                  0.000000    0.000000   clock clk_i (rise edge)
                                  0.000000    0.000000   clock network delay (propagated)
                                  0.500000    0.500000 v input external delay
     1    0.003947    0.000000    0.000000    0.500000 v s_axil_wdata[19] (in)
                                                         s_axil_wdata[19] (net)
                      0.000083    0.000041    0.500041 v input123/A (sg13g2_buf_1)
     1    0.003031    0.031425    0.077065    0.577106 v input123/X (sg13g2_buf_1)
                                                         net123 (net)
                      0.031425    0.000029    0.577135 v _766_/A0 (sg13g2_mux2_1)
     1    0.002318    0.044182    0.162779    0.739914 v _766_/X (sg13g2_mux2_1)
                                                         _086_ (net)
                      0.044182    0.000023    0.739937 v _860_/D (sg13g2_dfrbpq_1)
                                              0.739937   data arrival time

                                  0.000000    0.000000   clock clk_i (rise edge)
                                  0.000000    0.000000   clock source latency
     2    0.071915    0.000000    0.000000    0.000000 ^ clk_i (in)
                                                         clk_i (net)
                      0.017664    0.008832    0.008832 ^ clkbuf_regs_0_clk_i/A (sg13g2_buf_16)
     1    0.017999    0.028531    0.087730    0.096562 ^ clkbuf_regs_0_clk_i/X (sg13g2_buf_16)
                                                         clk_i_regs (net)
                      0.028531    0.000184    0.096746 ^ clkbuf_0_clk_i_regs/A (sg13g2_buf_16)
    16    0.181458    0.089892    0.137573    0.234319 ^ clkbuf_0_clk_i_regs/X (sg13g2_buf_16)
                                                         clknet_0_clk_i_regs (net)
                      0.090608    0.006487    0.240807 ^ clkbuf_4_7_0_clk_i_regs/A (sg13g2_buf_8)
     7    0.039092    0.051108    0.146726    0.387533 ^ clkbuf_4_7_0_clk_i_regs/X (sg13g2_buf_8)
                                                         clknet_4_7_0_clk_i_regs (net)
                      0.051405    0.003082    0.390615 ^ _860_/CLK (sg13g2_dfrbpq_1)
                                  0.200000    0.590615   clock uncertainty
                                  0.000000    0.590615   clock reconvergence pessimism
                                 -0.049751    0.540863   library hold time
                                              0.540863   data required time
---------------------------------------------------------------------------------------------
                                              0.540863   data required time
                                             -0.739937   data arrival time
---------------------------------------------------------------------------------------------
                                              0.199073   slack (MET)


Startpoint: s_axil_araddr[2] (input port clocked by clk_i)
Endpoint: _877_ (rising edge-triggered flip-flop clocked by clk_i)
Path Group: clk_i
Path Type: min

Fanout         Cap        Slew       Delay        Time   Description
---------------------------------------------------------------------------------------------
                                  0.000000    0.000000   clock clk_i (rise edge)
                                  0.000000    0.000000   clock network delay (propagated)
                                  0.500000    0.500000 v input external delay
     1    0.003947    0.000000    0.000000    0.500000 v s_axil_araddr[2] (in)
                                                         s_axil_araddr[2] (net)
                      0.000083    0.000041    0.500041 v input67/A (sg13g2_buf_1)
     1    0.003368    0.032930    0.078418    0.578459 v input67/X (sg13g2_buf_1)
                                                         net67 (net)
                      0.032930    0.000037    0.578496 v _783_/A1 (sg13g2_mux2_1)
     1    0.001759    0.041762    0.160339    0.738835 v _783_/X (sg13g2_mux2_1)
                                                         _103_ (net)
                      0.041762    0.000012    0.738847 v _877_/D (sg13g2_dfrbpq_1)
                                              0.738847   data arrival time

                                  0.000000    0.000000   clock clk_i (rise edge)
                                  0.000000    0.000000   clock source latency
     2    0.071915    0.000000    0.000000    0.000000 ^ clk_i (in)
                                                         clk_i (net)
                      0.017664    0.008832    0.008832 ^ clkbuf_regs_0_clk_i/A (sg13g2_buf_16)
     1    0.017999    0.028531    0.087730    0.096562 ^ clkbuf_regs_0_clk_i/X (sg13g2_buf_16)
                                                         clk_i_regs (net)
                      0.028531    0.000184    0.096746 ^ clkbuf_0_clk_i_regs/A (sg13g2_buf_16)
    16    0.181458    0.089892    0.137573    0.234319 ^ clkbuf_0_clk_i_regs/X (sg13g2_buf_16)
                                                         clknet_0_clk_i_regs (net)
                      0.091457    0.009388    0.243707 ^ clkbuf_4_0_0_clk_i_regs/A (sg13g2_buf_8)
     7    0.033273    0.047241    0.144126    0.387833 ^ clkbuf_4_0_0_clk_i_regs/X (sg13g2_buf_8)
                                                         clknet_4_0_0_clk_i_regs (net)
                      0.047254    0.000957    0.388790 ^ _877_/CLK (sg13g2_dfrbpq_1)
                                  0.200000    0.588790   clock uncertainty
                                  0.000000    0.588790   clock reconvergence pessimism
                                 -0.049973    0.538817   library hold time
                                              0.538817   data required time
---------------------------------------------------------------------------------------------
                                              0.538817   data required time
                                             -0.738847   data arrival time
---------------------------------------------------------------------------------------------
                                              0.200030   slack (MET)


Startpoint: s_axil_wdata[18] (input port clocked by clk_i)
Endpoint: _859_ (rising edge-triggered flip-flop clocked by clk_i)
Path Group: clk_i
Path Type: min

Fanout         Cap        Slew       Delay        Time   Description
---------------------------------------------------------------------------------------------
                                  0.000000    0.000000   clock clk_i (rise edge)
                                  0.000000    0.000000   clock network delay (propagated)
                                  0.500000    0.500000 v input external delay
     1    0.003947    0.000000    0.000000    0.500000 v s_axil_wdata[18] (in)
                                                         s_axil_wdata[18] (net)
                      0.000083    0.000041    0.500041 v input122/A (sg13g2_buf_1)
     1    0.003503    0.033534    0.078960    0.579001 v input122/X (sg13g2_buf_1)
                                                         net122 (net)
                      0.033534    0.000043    0.579044 v _765_/A0 (sg13g2_mux2_1)
     1    0.002146    0.043440    0.162738    0.741781 v _765_/X (sg13g2_mux2_1)
                                                         _085_ (net)
                      0.043440    0.000019    0.741801 v _859_/D (sg13g2_dfrbpq_1)
                                              0.741801   data arrival time

                                  0.000000    0.000000   clock clk_i (rise edge)
                                  0.000000    0.000000   clock source latency
     2    0.071915    0.000000    0.000000    0.000000 ^ clk_i (in)
                                                         clk_i (net)
                      0.017664    0.008832    0.008832 ^ clkbuf_regs_0_clk_i/A (sg13g2_buf_16)
     1    0.017999    0.028531    0.087730    0.096562 ^ clkbuf_regs_0_clk_i/X (sg13g2_buf_16)
                                                         clk_i_regs (net)
                      0.028531    0.000184    0.096746 ^ clkbuf_0_clk_i_regs/A (sg13g2_buf_16)
    16    0.181458    0.089892    0.137573    0.234319 ^ clkbuf_0_clk_i_regs/X (sg13g2_buf_16)
                                                         clknet_0_clk_i_regs (net)
                      0.090608    0.006487    0.240807 ^ clkbuf_4_7_0_clk_i_regs/A (sg13g2_buf_8)
     7    0.039092    0.051108    0.146726    0.387533 ^ clkbuf_4_7_0_clk_i_regs/X (sg13g2_buf_8)
                                                         clknet_4_7_0_clk_i_regs (net)
                      0.051400    0.003048    0.390581 ^ _859_/CLK (sg13g2_dfrbpq_1)
                                  0.200000    0.590581   clock uncertainty
                                  0.000000    0.590581   clock reconvergence pessimism
                                 -0.049454    0.541127   library hold time
                                              0.541127   data required time
---------------------------------------------------------------------------------------------
                                              0.541127   data required time
                                             -0.741801   data arrival time
---------------------------------------------------------------------------------------------
                                              0.200673   slack (MET)


Startpoint: s_axil_wdata[28] (input port clocked by clk_i)
Endpoint: _869_ (rising edge-triggered flip-flop clocked by clk_i)
Path Group: clk_i
Path Type: min

Fanout         Cap        Slew       Delay        Time   Description
---------------------------------------------------------------------------------------------
                                  0.000000    0.000000   clock clk_i (rise edge)
                                  0.000000    0.000000   clock network delay (propagated)
                                  0.500000    0.500000 v input external delay
     1    0.003947    0.000000    0.000000    0.500000 v s_axil_wdata[28] (in)
                                                         s_axil_wdata[28] (net)
                      0.000083    0.000041    0.500041 v input133/A (sg13g2_buf_1)
     1    0.003531    0.033657    0.079070    0.579111 v input133/X (sg13g2_buf_1)
                                                         net133 (net)
                      0.033657    0.000045    0.579156 v _775_/A0 (sg13g2_mux2_1)
     1    0.002129    0.043366    0.162700    0.741856 v _775_/X (sg13g2_mux2_1)
                                                         _095_ (net)
                      0.043366    0.000019    0.741875 v _869_/D (sg13g2_dfrbpq_1)
                                              0.741875   data arrival time

                                  0.000000    0.000000   clock clk_i (rise edge)
                                  0.000000    0.000000   clock source latency
     2    0.071915    0.000000    0.000000    0.000000 ^ clk_i (in)
                                                         clk_i (net)
                      0.017664    0.008832    0.008832 ^ clkbuf_regs_0_clk_i/A (sg13g2_buf_16)
     1    0.017999    0.028531    0.087730    0.096562 ^ clkbuf_regs_0_clk_i/X (sg13g2_buf_16)
                                                         clk_i_regs (net)
                      0.028531    0.000184    0.096746 ^ clkbuf_0_clk_i_regs/A (sg13g2_buf_16)
    16    0.181458    0.089892    0.137573    0.234319 ^ clkbuf_0_clk_i_regs/X (sg13g2_buf_16)
                                                         clknet_0_clk_i_regs (net)
                      0.091994    0.010827    0.245147 ^ clkbuf_4_11_0_clk_i_regs/A (sg13g2_buf_8)
     7    0.033424    0.047366    0.144555    0.389702 ^ clkbuf_4_11_0_clk_i_regs/X (sg13g2_buf_8)
                                                         clknet_4_11_0_clk_i_regs (net)
                      0.047389    0.001467    0.391169 ^ _869_/CLK (sg13g2_dfrbpq_1)
                                  0.200000    0.591169   clock uncertainty
                                  0.000000    0.591169   clock reconvergence pessimism
                                 -0.050580    0.540589   library hold time
                                              0.540589   data required time
---------------------------------------------------------------------------------------------
                                              0.540589   data required time
                                             -0.741875   data arrival time
---------------------------------------------------------------------------------------------
                                              0.201286   slack (MET)


Startpoint: s_axil_wdata[24] (input port clocked by clk_i)
Endpoint: _865_ (rising edge-triggered flip-flop clocked by clk_i)
Path Group: clk_i
Path Type: min

Fanout         Cap        Slew       Delay        Time   Description
---------------------------------------------------------------------------------------------
                                  0.000000    0.000000   clock clk_i (rise edge)
                                  0.000000    0.000000   clock network delay (propagated)
                                  0.500000    0.500000 v input external delay
     1    0.003947    0.000000    0.000000    0.500000 v s_axil_wdata[24] (in)
                                                         s_axil_wdata[24] (net)
                      0.000083    0.000041    0.500041 v input129/A (sg13g2_buf_1)
     1    0.004192    0.036606    0.081716    0.581757 v input129/X (sg13g2_buf_1)
                                                         net129 (net)
                      0.036606    0.000071    0.581828 v _771_/A0 (sg13g2_mux2_1)
     1    0.001840    0.042106    0.162381    0.744209 v _771_/X (sg13g2_mux2_1)
                                                         _091_ (net)
                      0.042106    0.000014    0.744223 v _865_/D (sg13g2_dfrbpq_1)
                                              0.744223   data arrival time

                                  0.000000    0.000000   clock clk_i (rise edge)
                                  0.000000    0.000000   clock source latency
     2    0.071915    0.000000    0.000000    0.000000 ^ clk_i (in)
                                                         clk_i (net)
                      0.017664    0.008832    0.008832 ^ clkbuf_regs_0_clk_i/A (sg13g2_buf_16)
     1    0.017999    0.028531    0.087730    0.096562 ^ clkbuf_regs_0_clk_i/X (sg13g2_buf_16)
                                                         clk_i_regs (net)
                      0.028531    0.000184    0.096746 ^ clkbuf_0_clk_i_regs/A (sg13g2_buf_16)
    16    0.181458    0.089892    0.137573    0.234319 ^ clkbuf_0_clk_i_regs/X (sg13g2_buf_16)
                                                         clknet_0_clk_i_regs (net)
                      0.091977    0.010786    0.245106 ^ clkbuf_4_10_0_clk_i_regs/A (sg13g2_buf_8)
     7    0.033819    0.047659    0.144608    0.389713 ^ clkbuf_4_10_0_clk_i_regs/X (sg13g2_buf_8)
                                                         clknet_4_10_0_clk_i_regs (net)
                      0.047692    0.001950    0.391664 ^ _865_/CLK (sg13g2_dfrbpq_1)
                                  0.200000    0.591664   clock uncertainty
                                  0.000000    0.591664   clock reconvergence pessimism
                                 -0.049985    0.541678   library hold time
                                              0.541678   data required time
---------------------------------------------------------------------------------------------
                                              0.541678   data required time
                                             -0.744223   data arrival time
---------------------------------------------------------------------------------------------
                                              0.202544   slack (MET)


Startpoint: s_axil_araddr[4] (input port clocked by clk_i)
Endpoint: _879_ (rising edge-triggered flip-flop clocked by clk_i)
Path Group: clk_i
Path Type: min

Fanout         Cap        Slew       Delay        Time   Description
---------------------------------------------------------------------------------------------
                                  0.000000    0.000000   clock clk_i (rise edge)
                                  0.000000    0.000000   clock network delay (propagated)
                                  0.500000    0.500000 v input external delay
     1    0.003947    0.000000    0.000000    0.500000 v s_axil_araddr[4] (in)
                                                         s_axil_araddr[4] (net)
                      0.000083    0.000041    0.500041 v input71/A (sg13g2_buf_1)
     1    0.003945    0.035505    0.080729    0.580770 v input71/X (sg13g2_buf_1)
                                                         net71 (net)
                      0.035505    0.000058    0.580828 v _785_/A1 (sg13g2_mux2_1)
     1    0.001802    0.041952    0.161636    0.742464 v _785_/X (sg13g2_mux2_1)
                                                         _105_ (net)
                      0.041952    0.000013    0.742477 v _879_/D (sg13g2_dfrbpq_1)
                                              0.742477   data arrival time

                                  0.000000    0.000000   clock clk_i (rise edge)
                                  0.000000    0.000000   clock source latency
     2    0.071915    0.000000    0.000000    0.000000 ^ clk_i (in)
                                                         clk_i (net)
                      0.017664    0.008832    0.008832 ^ clkbuf_regs_0_clk_i/A (sg13g2_buf_16)
     1    0.017999    0.028531    0.087730    0.096562 ^ clkbuf_regs_0_clk_i/X (sg13g2_buf_16)
                                                         clk_i_regs (net)
                      0.028531    0.000184    0.096746 ^ clkbuf_0_clk_i_regs/A (sg13g2_buf_16)
    16    0.181458    0.089892    0.137573    0.234319 ^ clkbuf_0_clk_i_regs/X (sg13g2_buf_16)
                                                         clknet_0_clk_i_regs (net)
                      0.091393    0.009199    0.243518 ^ clkbuf_4_3_0_clk_i_regs/A (sg13g2_buf_8)
     7    0.033137    0.047148    0.143998    0.387516 ^ clkbuf_4_3_0_clk_i_regs/X (sg13g2_buf_8)
                                                         clknet_4_3_0_clk_i_regs (net)
                      0.047159    0.000740    0.388256 ^ _879_/CLK (sg13g2_dfrbpq_1)
                                  0.200000    0.588256   clock uncertainty
                                  0.000000    0.588256   clock reconvergence pessimism
                                 -0.050077    0.538179   library hold time
                                              0.538179   data required time
---------------------------------------------------------------------------------------------
                                              0.538179   data required time
                                             -0.742477   data arrival time
---------------------------------------------------------------------------------------------
                                              0.204298   slack (MET)


Startpoint: s_axil_araddr[5] (input port clocked by clk_i)
Endpoint: _880_ (rising edge-triggered flip-flop clocked by clk_i)
Path Group: clk_i
Path Type: min

Fanout         Cap        Slew       Delay        Time   Description
---------------------------------------------------------------------------------------------
                                  0.000000    0.000000   clock clk_i (rise edge)
                                  0.000000    0.000000   clock network delay (propagated)
                                  0.500000    0.500000 v input external delay
     1    0.003947    0.000000    0.000000    0.500000 v s_axil_araddr[5] (in)
                                                         s_axil_araddr[5] (net)
                      0.000083    0.000041    0.500041 v input72/A (sg13g2_buf_1)
     1    0.003319    0.032710    0.078219    0.578261 v input72/X (sg13g2_buf_1)
                                                         net72 (net)
                      0.032710    0.000036    0.578296 v _786_/A1 (sg13g2_mux2_1)
     1    0.002575    0.045284    0.164620    0.742916 v _786_/X (sg13g2_mux2_1)
                                                         _106_ (net)
                      0.045284    0.000029    0.742945 v _880_/D (sg13g2_dfrbpq_1)
                                              0.742945   data arrival time

                                  0.000000    0.000000   clock clk_i (rise edge)
                                  0.000000    0.000000   clock source latency
     2    0.071915    0.000000    0.000000    0.000000 ^ clk_i (in)
                                                         clk_i (net)
                      0.017664    0.008832    0.008832 ^ clkbuf_regs_0_clk_i/A (sg13g2_buf_16)
     1    0.017999    0.028531    0.087730    0.096562 ^ clkbuf_regs_0_clk_i/X (sg13g2_buf_16)
                                                         clk_i_regs (net)
                      0.028531    0.000184    0.096746 ^ clkbuf_0_clk_i_regs/A (sg13g2_buf_16)
    16    0.181458    0.089892    0.137573    0.234319 ^ clkbuf_0_clk_i_regs/X (sg13g2_buf_16)
                                                         clknet_0_clk_i_regs (net)
                      0.091457    0.009388    0.243707 ^ clkbuf_4_0_0_clk_i_regs/A (sg13g2_buf_8)
     7    0.033273    0.047241    0.144126    0.387833 ^ clkbuf_4_0_0_clk_i_regs/X (sg13g2_buf_8)
                                                         clknet_4_0_0_clk_i_regs (net)
                      0.047251    0.000615    0.388448 ^ _880_/CLK (sg13g2_dfrbpq_1)
                                  0.200000    0.588448   clock uncertainty
                                  0.000000    0.588448   clock reconvergence pessimism
                                 -0.051392    0.537056   library hold time
                                              0.537056   data required time
---------------------------------------------------------------------------------------------
                                              0.537056   data required time
                                             -0.742945   data arrival time
---------------------------------------------------------------------------------------------
                                              0.205889   slack (MET)


Startpoint: s_axil_wdata[3] (input port clocked by clk_i)
Endpoint: _844_ (rising edge-triggered flip-flop clocked by clk_i)
Path Group: clk_i
Path Type: min

Fanout         Cap        Slew       Delay        Time   Description
---------------------------------------------------------------------------------------------
                                  0.000000    0.000000   clock clk_i (rise edge)
                                  0.000000    0.000000   clock network delay (propagated)
                                  0.500000    0.500000 v input external delay
     1    0.003947    0.000000    0.000000    0.500000 v s_axil_wdata[3] (in)
                                                         s_axil_wdata[3] (net)
                      0.000083    0.000041    0.500041 v input138/A (sg13g2_buf_1)
     1    0.004379    0.037442    0.082466    0.582507 v input138/X (sg13g2_buf_1)
                                                         net138 (net)
                      0.037442    0.000076    0.582584 v _749_/A0 (sg13g2_mux2_1)
     1    0.002060    0.043062    0.163902    0.746485 v _749_/X (sg13g2_mux2_1)
                                                         _070_ (net)
                      0.043062    0.000018    0.746503 v _844_/D (sg13g2_dfrbpq_1)
                                              0.746503   data arrival time

                                  0.000000    0.000000   clock clk_i (rise edge)
                                  0.000000    0.000000   clock source latency
     2    0.071915    0.000000    0.000000    0.000000 ^ clk_i (in)
                                                         clk_i (net)
                      0.017664    0.008832    0.008832 ^ clkbuf_regs_0_clk_i/A (sg13g2_buf_16)
     1    0.017999    0.028531    0.087730    0.096562 ^ clkbuf_regs_0_clk_i/X (sg13g2_buf_16)
                                                         clk_i_regs (net)
                      0.028531    0.000184    0.096746 ^ clkbuf_0_clk_i_regs/A (sg13g2_buf_16)
    16    0.181458    0.089892    0.137573    0.234319 ^ clkbuf_0_clk_i_regs/X (sg13g2_buf_16)
                                                         clknet_0_clk_i_regs (net)
                      0.090602    0.006461    0.240781 ^ clkbuf_4_5_0_clk_i_regs/A (sg13g2_buf_8)
     7    0.039279    0.051243    0.147242    0.388023 ^ clkbuf_4_5_0_clk_i_regs/X (sg13g2_buf_8)
                                                         clknet_4_5_0_clk_i_regs (net)
                      0.051253    0.000990    0.389013 ^ _844_/CLK (sg13g2_dfrbpq_1)
                                  0.200000    0.589013   clock uncertainty
                                  0.000000    0.589013   clock reconvergence pessimism
                                 -0.049344    0.539669   library hold time
                                              0.539669   data required time
---------------------------------------------------------------------------------------------
                                              0.539669   data required time
                                             -0.746503   data arrival time
---------------------------------------------------------------------------------------------
                                              0.206834   slack (MET)


Startpoint: s_axil_wdata[20] (input port clocked by clk_i)
Endpoint: _861_ (rising edge-triggered flip-flop clocked by clk_i)
Path Group: clk_i
Path Type: min

Fanout         Cap        Slew       Delay        Time   Description
---------------------------------------------------------------------------------------------
                                  0.000000    0.000000   clock clk_i (rise edge)
                                  0.000000    0.000000   clock network delay (propagated)
                                  0.500000    0.500000 v input external delay
     1    0.003947    0.000000    0.000000    0.500000 v s_axil_wdata[20] (in)
                                                         s_axil_wdata[20] (net)
                      0.000083    0.000041    0.500041 v input125/A (sg13g2_buf_1)
     1    0.004248    0.036856    0.081940    0.581981 v input125/X (sg13g2_buf_1)
                                                         net125 (net)
                      0.036856    0.000073    0.582054 v _767_/A0 (sg13g2_mux2_1)
     1    0.002301    0.044110    0.164943    0.746997 v _767_/X (sg13g2_mux2_1)
                                                         _087_ (net)
                      0.044110    0.000023    0.747020 v _861_/D (sg13g2_dfrbpq_1)
                                              0.747020   data arrival time

                                  0.000000    0.000000   clock clk_i (rise edge)
                                  0.000000    0.000000   clock source latency
     2    0.071915    0.000000    0.000000    0.000000 ^ clk_i (in)
                                                         clk_i (net)
                      0.017664    0.008832    0.008832 ^ clkbuf_regs_0_clk_i/A (sg13g2_buf_16)
     1    0.017999    0.028531    0.087730    0.096562 ^ clkbuf_regs_0_clk_i/X (sg13g2_buf_16)
                                                         clk_i_regs (net)
                      0.028531    0.000184    0.096746 ^ clkbuf_0_clk_i_regs/A (sg13g2_buf_16)
    16    0.181458    0.089892    0.137573    0.234319 ^ clkbuf_0_clk_i_regs/X (sg13g2_buf_16)
                                                         clknet_0_clk_i_regs (net)
                      0.091977    0.010786    0.245106 ^ clkbuf_4_10_0_clk_i_regs/A (sg13g2_buf_8)
     7    0.033819    0.047659    0.144608    0.389713 ^ clkbuf_4_10_0_clk_i_regs/X (sg13g2_buf_8)
                                                         clknet_4_10_0_clk_i_regs (net)
                      0.047676    0.001197    0.390910 ^ _861_/CLK (sg13g2_dfrbpq_1)
                                  0.200000    0.590910   clock uncertainty
                                  0.000000    0.590910   clock reconvergence pessimism
                                 -0.050797    0.540114   library hold time
                                              0.540114   data required time
---------------------------------------------------------------------------------------------
                                              0.540114   data required time
                                             -0.747020   data arrival time
---------------------------------------------------------------------------------------------
                                              0.206906   slack (MET)


Startpoint: s_axil_araddr[11] (input port clocked by clk_i)
Endpoint: _886_ (rising edge-triggered flip-flop clocked by clk_i)
Path Group: clk_i
Path Type: min

Fanout         Cap        Slew       Delay        Time   Description
---------------------------------------------------------------------------------------------
                                  0.000000    0.000000   clock clk_i (rise edge)
                                  0.000000    0.000000   clock network delay (propagated)
                                  0.500000    0.500000 v input external delay
     1    0.003947    0.000000    0.000000    0.500000 v s_axil_araddr[11] (in)
                                                         s_axil_araddr[11] (net)
                      0.000083    0.000041    0.500041 v input47/A (sg13g2_buf_1)
     1    0.003480    0.033429    0.078865    0.578907 v input47/X (sg13g2_buf_1)
                                                         net47 (net)
                      0.033429    0.000039    0.578946 v _792_/A1 (sg13g2_mux2_1)
     1    0.002875    0.045744    0.166522    0.745469 v _792_/X (sg13g2_mux2_1)
                                                         _112_ (net)
                      0.045744    0.000037    0.745506 v _886_/D (sg13g2_dfrbpq_1)
                                              0.745506   data arrival time

                                  0.000000    0.000000   clock clk_i (rise edge)
                                  0.000000    0.000000   clock source latency
     2    0.071915    0.000000    0.000000    0.000000 ^ clk_i (in)
                                                         clk_i (net)
                      0.017664    0.008832    0.008832 ^ clkbuf_regs_0_clk_i/A (sg13g2_buf_16)
     1    0.017999    0.028531    0.087730    0.096562 ^ clkbuf_regs_0_clk_i/X (sg13g2_buf_16)
                                                         clk_i_regs (net)
                      0.028531    0.000184    0.096746 ^ clkbuf_0_clk_i_regs/A (sg13g2_buf_16)
    16    0.181458    0.089892    0.137573    0.234319 ^ clkbuf_0_clk_i_regs/X (sg13g2_buf_16)
                                                         clknet_0_clk_i_regs (net)
                      0.091495    0.009496    0.243816 ^ clkbuf_4_1_0_clk_i_regs/A (sg13g2_buf_8)
     7    0.034455    0.048055    0.144914    0.388730 ^ clkbuf_4_1_0_clk_i_regs/X (sg13g2_buf_8)
                                                         clknet_4_1_0_clk_i_regs (net)
                      0.048057    0.000581    0.389311 ^ _886_/CLK (sg13g2_dfrbpq_1)
                                  0.200000    0.589311   clock uncertainty
                                  0.000000    0.589311   clock reconvergence pessimism
                                 -0.051345    0.537965   library hold time
                                              0.537965   data required time
---------------------------------------------------------------------------------------------
                                              0.537965   data required time
                                             -0.745506   data arrival time
---------------------------------------------------------------------------------------------
                                              0.207541   slack (MET)


Startpoint: s_axil_wdata[16] (input port clocked by clk_i)
Endpoint: _857_ (rising edge-triggered flip-flop clocked by clk_i)
Path Group: clk_i
Path Type: min

Fanout         Cap        Slew       Delay        Time   Description
---------------------------------------------------------------------------------------------
                                  0.000000    0.000000   clock clk_i (rise edge)
                                  0.000000    0.000000   clock network delay (propagated)
                                  0.500000    0.500000 v input external delay
     1    0.003947    0.000000    0.000000    0.500000 v s_axil_wdata[16] (in)
                                                         s_axil_wdata[16] (net)
                      0.000083    0.000041    0.500041 v input120/A (sg13g2_buf_1)
     1    0.004463    0.037815    0.082800    0.582841 v input120/X (sg13g2_buf_1)
                                                         net120 (net)
                      0.037815    0.000081    0.582923 v _763_/A0 (sg13g2_mux2_1)
     1    0.002258    0.043924    0.165113    0.748035 v _763_/X (sg13g2_mux2_1)
                                                         _083_ (net)
                      0.043924    0.000022    0.748057 v _857_/D (sg13g2_dfrbpq_1)
                                              0.748057   data arrival time

                                  0.000000    0.000000   clock clk_i (rise edge)
                                  0.000000    0.000000   clock source latency
     2    0.071915    0.000000    0.000000    0.000000 ^ clk_i (in)
                                                         clk_i (net)
                      0.017664    0.008832    0.008832 ^ clkbuf_regs_0_clk_i/A (sg13g2_buf_16)
     1    0.017999    0.028531    0.087730    0.096562 ^ clkbuf_regs_0_clk_i/X (sg13g2_buf_16)
                                                         clk_i_regs (net)
                      0.028531    0.000184    0.096746 ^ clkbuf_0_clk_i_regs/A (sg13g2_buf_16)
    16    0.181458    0.089892    0.137573    0.234319 ^ clkbuf_0_clk_i_regs/X (sg13g2_buf_16)
                                                         clknet_0_clk_i_regs (net)
                      0.090602    0.006461    0.240781 ^ clkbuf_4_5_0_clk_i_regs/A (sg13g2_buf_8)
     7    0.039279    0.051243    0.147242    0.388023 ^ clkbuf_4_5_0_clk_i_regs/X (sg13g2_buf_8)
                                                         clknet_4_5_0_clk_i_regs (net)
                      0.051299    0.001655    0.389677 ^ _857_/CLK (sg13g2_dfrbpq_1)
                                  0.200000    0.589678   clock uncertainty
                                  0.000000    0.589678   clock reconvergence pessimism
                                 -0.049678    0.540000   library hold time
                                              0.540000   data required time
---------------------------------------------------------------------------------------------
                                              0.540000   data required time
                                             -0.748057   data arrival time
---------------------------------------------------------------------------------------------
                                              0.208057   slack (MET)


Startpoint: s_axil_wdata[10] (input port clocked by clk_i)
Endpoint: _851_ (rising edge-triggered flip-flop clocked by clk_i)
Path Group: clk_i
Path Type: min

Fanout         Cap        Slew       Delay        Time   Description
---------------------------------------------------------------------------------------------
                                  0.000000    0.000000   clock clk_i (rise edge)
                                  0.000000    0.000000   clock network delay (propagated)
                                  0.500000    0.500000 v input external delay
     1    0.003947    0.000000    0.000000    0.500000 v s_axil_wdata[10] (in)
                                                         s_axil_wdata[10] (net)
                      0.000083    0.000041    0.500041 v input114/A (sg13g2_buf_1)
     1    0.003918    0.035383    0.080619    0.580661 v input114/X (sg13g2_buf_1)
                                                         net114 (net)
                      0.035383    0.000058    0.580718 v _756_/A0 (sg13g2_mux2_1)
     1    0.002215    0.043739    0.163874    0.744592 v _756_/X (sg13g2_mux2_1)
                                                         _077_ (net)
                      0.043739    0.000021    0.744613 v _851_/D (sg13g2_dfrbpq_1)
                                              0.744613   data arrival time

                                  0.000000    0.000000   clock clk_i (rise edge)
                                  0.000000    0.000000   clock source latency
     2    0.071915    0.000000    0.000000    0.000000 ^ clk_i (in)
                                                         clk_i (net)
                      0.017664    0.008832    0.008832 ^ clkbuf_regs_0_clk_i/A (sg13g2_buf_16)
     1    0.017999    0.028531    0.087730    0.096562 ^ clkbuf_regs_0_clk_i/X (sg13g2_buf_16)
                                                         clk_i_regs (net)
                      0.028531    0.000184    0.096746 ^ clkbuf_0_clk_i_regs/A (sg13g2_buf_16)
    16    0.181458    0.089892    0.137573    0.234319 ^ clkbuf_0_clk_i_regs/X (sg13g2_buf_16)
                                                         clknet_0_clk_i_regs (net)
                      0.090574    0.006345    0.240665 ^ clkbuf_4_4_0_clk_i_regs/A (sg13g2_buf_8)
     7    0.034705    0.048162    0.144446    0.385110 ^ clkbuf_4_4_0_clk_i_regs/X (sg13g2_buf_8)
                                                         clknet_4_4_0_clk_i_regs (net)
                      0.048181    0.001230    0.386341 ^ _851_/CLK (sg13g2_dfrbpq_1)
                                  0.200000    0.586341   clock uncertainty
                                  0.000000    0.586341   clock reconvergence pessimism
                                 -0.050502    0.535839   library hold time
                                              0.535839   data required time
---------------------------------------------------------------------------------------------
                                              0.535839   data required time
                                             -0.744613   data arrival time
---------------------------------------------------------------------------------------------
                                              0.208774   slack (MET)


Startpoint: s_axil_araddr[7] (input port clocked by clk_i)
Endpoint: _882_ (rising edge-triggered flip-flop clocked by clk_i)
Path Group: clk_i
Path Type: min

Fanout         Cap        Slew       Delay        Time   Description
---------------------------------------------------------------------------------------------
                                  0.000000    0.000000   clock clk_i (rise edge)
                                  0.000000    0.000000   clock network delay (propagated)
                                  0.500000    0.500000 v input external delay
     1    0.003947    0.000000    0.000000    0.500000 v s_axil_araddr[7] (in)
                                                         s_axil_araddr[7] (net)
                      0.000083    0.000041    0.500041 v input74/A (sg13g2_buf_1)
     1    0.005354    0.041898    0.086365    0.586406 v input74/X (sg13g2_buf_1)
                                                         net74 (net)
                      0.041898    0.000121    0.586527 v _788_/A1 (sg13g2_mux2_1)
     1    0.001461    0.040441    0.162460    0.748987 v _788_/X (sg13g2_mux2_1)
                                                         _108_ (net)
                      0.040441    0.000007    0.748994 v _882_/D (sg13g2_dfrbpq_1)
                                              0.748994   data arrival time

                                  0.000000    0.000000   clock clk_i (rise edge)
                                  0.000000    0.000000   clock source latency
     2    0.071915    0.000000    0.000000    0.000000 ^ clk_i (in)
                                                         clk_i (net)
                      0.017664    0.008832    0.008832 ^ clkbuf_regs_0_clk_i/A (sg13g2_buf_16)
     1    0.017999    0.028531    0.087730    0.096562 ^ clkbuf_regs_0_clk_i/X (sg13g2_buf_16)
                                                         clk_i_regs (net)
                      0.028531    0.000184    0.096746 ^ clkbuf_0_clk_i_regs/A (sg13g2_buf_16)
    16    0.181458    0.089892    0.137573    0.234319 ^ clkbuf_0_clk_i_regs/X (sg13g2_buf_16)
                                                         clknet_0_clk_i_regs (net)
                      0.091495    0.009496    0.243816 ^ clkbuf_4_1_0_clk_i_regs/A (sg13g2_buf_8)
     7    0.034455    0.048055    0.144914    0.388730 ^ clkbuf_4_1_0_clk_i_regs/X (sg13g2_buf_8)
                                                         clknet_4_1_0_clk_i_regs (net)
                      0.048058    0.000683    0.389413 ^ _882_/CLK (sg13g2_dfrbpq_1)
                                  0.200000    0.589413   clock uncertainty
                                  0.000000    0.589413   clock reconvergence pessimism
                                 -0.049209    0.540204   library hold time
                                              0.540204   data required time
---------------------------------------------------------------------------------------------
                                              0.540204   data required time
                                             -0.748994   data arrival time
---------------------------------------------------------------------------------------------
                                              0.208790   slack (MET)


Startpoint: s_axil_araddr[3] (input port clocked by clk_i)
Endpoint: _878_ (rising edge-triggered flip-flop clocked by clk_i)
Path Group: clk_i
Path Type: min

Fanout         Cap        Slew       Delay        Time   Description
---------------------------------------------------------------------------------------------
                                  0.000000    0.000000   clock clk_i (rise edge)
                                  0.000000    0.000000   clock network delay (propagated)
                                  0.500000    0.500000 v input external delay
     1    0.004119    0.000000    0.000000    0.500000 v s_axil_araddr[3] (in)
                                                         s_axil_araddr[3] (net)
                      0.000091    0.000045    0.500045 v input70/A (sg13g2_buf_1)
     1    0.004068    0.036052    0.081223    0.581269 v input70/X (sg13g2_buf_1)
                                                         net70 (net)
                      0.036052    0.000062    0.581331 v _784_/A1 (sg13g2_mux2_1)
     1    0.002430    0.044660    0.165224    0.746555 v _784_/X (sg13g2_mux2_1)
                                                         _104_ (net)
                      0.044660    0.000025    0.746581 v _878_/D (sg13g2_dfrbpq_1)
                                              0.746581   data arrival time

                                  0.000000    0.000000   clock clk_i (rise edge)
                                  0.000000    0.000000   clock source latency
     2    0.071915    0.000000    0.000000    0.000000 ^ clk_i (in)
                                                         clk_i (net)
                      0.017664    0.008832    0.008832 ^ clkbuf_regs_0_clk_i/A (sg13g2_buf_16)
     1    0.017999    0.028531    0.087730    0.096562 ^ clkbuf_regs_0_clk_i/X (sg13g2_buf_16)
                                                         clk_i_regs (net)
                      0.028531    0.000184    0.096746 ^ clkbuf_0_clk_i_regs/A (sg13g2_buf_16)
    16    0.181458    0.089892    0.137573    0.234319 ^ clkbuf_0_clk_i_regs/X (sg13g2_buf_16)
                                                         clknet_0_clk_i_regs (net)
                      0.091457    0.009388    0.243707 ^ clkbuf_4_0_0_clk_i_regs/A (sg13g2_buf_8)
     7    0.033273    0.047241    0.144126    0.387833 ^ clkbuf_4_0_0_clk_i_regs/X (sg13g2_buf_8)
                                                         clknet_4_0_0_clk_i_regs (net)
                      0.047253    0.000873    0.388705 ^ _878_/CLK (sg13g2_dfrbpq_1)
                                  0.200000    0.588705   clock uncertainty
                                  0.000000    0.588705   clock reconvergence pessimism
                                 -0.051140    0.537565   library hold time
                                              0.537565   data required time
---------------------------------------------------------------------------------------------
                                              0.537565   data required time
                                             -0.746581   data arrival time
---------------------------------------------------------------------------------------------
                                              0.209015   slack (MET)


Startpoint: s_axil_wdata[6] (input port clocked by clk_i)
Endpoint: _847_ (rising edge-triggered flip-flop clocked by clk_i)
Path Group: clk_i
Path Type: min

Fanout         Cap        Slew       Delay        Time   Description
---------------------------------------------------------------------------------------------
                                  0.000000    0.000000   clock clk_i (rise edge)
                                  0.000000    0.000000   clock network delay (propagated)
                                  0.500000    0.500000 v input external delay
     1    0.003947    0.000000    0.000000    0.500000 v s_axil_wdata[6] (in)
                                                         s_axil_wdata[6] (net)
                      0.000083    0.000041    0.500041 v input141/A (sg13g2_buf_1)
     1    0.003961    0.035575    0.080791    0.580833 v input141/X (sg13g2_buf_1)
                                                         net141 (net)
                      0.035575    0.000059    0.580892 v _752_/A0 (sg13g2_mux2_1)
     1    0.002258    0.043924    0.164183    0.745074 v _752_/X (sg13g2_mux2_1)
                                                         _073_ (net)
                      0.043924    0.000022    0.745096 v _847_/D (sg13g2_dfrbpq_1)
                                              0.745096   data arrival time

                                  0.000000    0.000000   clock clk_i (rise edge)
                                  0.000000    0.000000   clock source latency
     2    0.071915    0.000000    0.000000    0.000000 ^ clk_i (in)
                                                         clk_i (net)
                      0.017664    0.008832    0.008832 ^ clkbuf_regs_0_clk_i/A (sg13g2_buf_16)
     1    0.017999    0.028531    0.087730    0.096562 ^ clkbuf_regs_0_clk_i/X (sg13g2_buf_16)
                                                         clk_i_regs (net)
                      0.028531    0.000184    0.096746 ^ clkbuf_0_clk_i_regs/A (sg13g2_buf_16)
    16    0.181458    0.089892    0.137573    0.234319 ^ clkbuf_0_clk_i_regs/X (sg13g2_buf_16)
                                                         clknet_0_clk_i_regs (net)
                      0.090574    0.006345    0.240665 ^ clkbuf_4_4_0_clk_i_regs/A (sg13g2_buf_8)
     7    0.034705    0.048162    0.144446    0.385110 ^ clkbuf_4_4_0_clk_i_regs/X (sg13g2_buf_8)
                                                         clknet_4_4_0_clk_i_regs (net)
                      0.048179    0.001140    0.386251 ^ _847_/CLK (sg13g2_dfrbpq_1)
                                  0.200000    0.586251   clock uncertainty
                                  0.000000    0.586251   clock reconvergence pessimism
                                 -0.050577    0.535674   library hold time
                                              0.535674   data required time
---------------------------------------------------------------------------------------------
                                              0.535674   data required time
                                             -0.745096   data arrival time
---------------------------------------------------------------------------------------------
                                              0.209422   slack (MET)


Startpoint: s_axil_wdata[17] (input port clocked by clk_i)
Endpoint: _858_ (rising edge-triggered flip-flop clocked by clk_i)
Path Group: clk_i
Path Type: min

Fanout         Cap        Slew       Delay        Time   Description
---------------------------------------------------------------------------------------------
                                  0.000000    0.000000   clock clk_i (rise edge)
                                  0.000000    0.000000   clock network delay (propagated)
                                  0.500000    0.500000 v input external delay
     1    0.003947    0.000000    0.000000    0.500000 v s_axil_wdata[17] (in)
                                                         s_axil_wdata[17] (net)
                      0.000083    0.000041    0.500041 v input121/A (sg13g2_buf_1)
     1    0.005265    0.041488    0.086011    0.586052 v input121/X (sg13g2_buf_1)
                                                         net121 (net)
                      0.041488    0.000120    0.586172 v _764_/A0 (sg13g2_mux2_1)
     1    0.002344    0.044295    0.167095    0.753267 v _764_/X (sg13g2_mux2_1)
                                                         _084_ (net)
                      0.044295    0.000024    0.753290 v _858_/D (sg13g2_dfrbpq_1)
                                              0.753290   data arrival time

                                  0.000000    0.000000   clock clk_i (rise edge)
                                  0.000000    0.000000   clock source latency
     2    0.071915    0.000000    0.000000    0.000000 ^ clk_i (in)
                                                         clk_i (net)
                      0.017664    0.008832    0.008832 ^ clkbuf_regs_0_clk_i/A (sg13g2_buf_16)
     1    0.017999    0.028531    0.087730    0.096562 ^ clkbuf_regs_0_clk_i/X (sg13g2_buf_16)
                                                         clk_i_regs (net)
                      0.028531    0.000184    0.096746 ^ clkbuf_0_clk_i_regs/A (sg13g2_buf_16)
    16    0.181458    0.089892    0.137573    0.234319 ^ clkbuf_0_clk_i_regs/X (sg13g2_buf_16)
                                                         clknet_0_clk_i_regs (net)
                      0.092934    0.012994    0.247313 ^ clkbuf_4_8_0_clk_i_regs/A (sg13g2_buf_8)
     7    0.034933    0.048455    0.146161    0.393474 ^ clkbuf_4_8_0_clk_i_regs/X (sg13g2_buf_8)
                                                         clknet_4_8_0_clk_i_regs (net)
                      0.048462    0.001036    0.394510 ^ _858_/CLK (sg13g2_dfrbpq_1)
                                  0.200000    0.594510   clock uncertainty
                                  0.000000    0.594510   clock reconvergence pessimism
                                 -0.050645    0.543865   library hold time
                                              0.543865   data required time
---------------------------------------------------------------------------------------------
                                              0.543865   data required time
                                             -0.753290   data arrival time
---------------------------------------------------------------------------------------------
                                              0.209425   slack (MET)


Startpoint: s_axil_araddr[6] (input port clocked by clk_i)
Endpoint: _881_ (rising edge-triggered flip-flop clocked by clk_i)
Path Group: clk_i
Path Type: min

Fanout         Cap        Slew       Delay        Time   Description
---------------------------------------------------------------------------------------------
                                  0.000000    0.000000   clock clk_i (rise edge)
                                  0.000000    0.000000   clock network delay (propagated)
                                  0.500000    0.500000 v input external delay
     1    0.003947    0.000000    0.000000    0.500000 v s_axil_araddr[6] (in)
                                                         s_axil_araddr[6] (net)
                      0.000083    0.000041    0.500041 v input73/A (sg13g2_buf_1)
     1    0.003896    0.035284    0.080531    0.580572 v input73/X (sg13g2_buf_1)
                                                         net73 (net)
                      0.035284    0.000056    0.580628 v _787_/A1 (sg13g2_mux2_1)
     1    0.002602    0.045396    0.165827    0.746455 v _787_/X (sg13g2_mux2_1)
                                                         _107_ (net)
                      0.045396    0.000029    0.746484 v _881_/D (sg13g2_dfrbpq_1)
                                              0.746484   data arrival time

                                  0.000000    0.000000   clock clk_i (rise edge)
                                  0.000000    0.000000   clock source latency
     2    0.071915    0.000000    0.000000    0.000000 ^ clk_i (in)
                                                         clk_i (net)
                      0.017664    0.008832    0.008832 ^ clkbuf_regs_0_clk_i/A (sg13g2_buf_16)
     1    0.017999    0.028531    0.087730    0.096562 ^ clkbuf_regs_0_clk_i/X (sg13g2_buf_16)
                                                         clk_i_regs (net)
                      0.028531    0.000184    0.096746 ^ clkbuf_0_clk_i_regs/A (sg13g2_buf_16)
    16    0.181458    0.089892    0.137573    0.234319 ^ clkbuf_0_clk_i_regs/X (sg13g2_buf_16)
                                                         clknet_0_clk_i_regs (net)
                      0.091457    0.009388    0.243707 ^ clkbuf_4_0_0_clk_i_regs/A (sg13g2_buf_8)
     7    0.033273    0.047241    0.144126    0.387833 ^ clkbuf_4_0_0_clk_i_regs/X (sg13g2_buf_8)
                                                         clknet_4_0_0_clk_i_regs (net)
                      0.047250    0.000513    0.388345 ^ _881_/CLK (sg13g2_dfrbpq_1)
                                  0.200000    0.588346   clock uncertainty
                                  0.000000    0.588346   clock reconvergence pessimism
                                 -0.051438    0.536908   library hold time
                                              0.536908   data required time
---------------------------------------------------------------------------------------------
                                              0.536908   data required time
                                             -0.746484   data arrival time
---------------------------------------------------------------------------------------------
                                              0.209577   slack (MET)


Startpoint: s_axil_wdata[22] (input port clocked by clk_i)
Endpoint: _863_ (rising edge-triggered flip-flop clocked by clk_i)
Path Group: clk_i
Path Type: min

Fanout         Cap        Slew       Delay        Time   Description
---------------------------------------------------------------------------------------------
                                  0.000000    0.000000   clock clk_i (rise edge)
                                  0.000000    0.000000   clock network delay (propagated)
                                  0.500000    0.500000 v input external delay
     1    0.003947    0.000000    0.000000    0.500000 v s_axil_wdata[22] (in)
                                                         s_axil_wdata[22] (net)
                      0.000083    0.000041    0.500041 v input127/A (sg13g2_buf_1)
     1    0.005123    0.040832    0.085443    0.585485 v input127/X (sg13g2_buf_1)
                                                         net127 (net)
                      0.040832    0.000113    0.585598 v _769_/A0 (sg13g2_mux2_1)
     1    0.001871    0.042244    0.164303    0.749901 v _769_/X (sg13g2_mux2_1)
                                                         _089_ (net)
                      0.042244    0.000014    0.749915 v _863_/D (sg13g2_dfrbpq_1)
                                              0.749915   data arrival time

                                  0.000000    0.000000   clock clk_i (rise edge)
                                  0.000000    0.000000   clock source latency
     2    0.071915    0.000000    0.000000    0.000000 ^ clk_i (in)
                                                         clk_i (net)
                      0.017664    0.008832    0.008832 ^ clkbuf_regs_0_clk_i/A (sg13g2_buf_16)
     1    0.017999    0.028531    0.087730    0.096562 ^ clkbuf_regs_0_clk_i/X (sg13g2_buf_16)
                                                         clk_i_regs (net)
                      0.028531    0.000184    0.096746 ^ clkbuf_0_clk_i_regs/A (sg13g2_buf_16)
    16    0.181458    0.089892    0.137573    0.234319 ^ clkbuf_0_clk_i_regs/X (sg13g2_buf_16)
                                                         clknet_0_clk_i_regs (net)
                      0.091994    0.010827    0.245147 ^ clkbuf_4_11_0_clk_i_regs/A (sg13g2_buf_8)
     7    0.033424    0.047366    0.144555    0.389702 ^ clkbuf_4_11_0_clk_i_regs/X (sg13g2_buf_8)
                                                         clknet_4_11_0_clk_i_regs (net)
                      0.047378    0.000661    0.390363 ^ _863_/CLK (sg13g2_dfrbpq_1)
                                  0.200000    0.590363   clock uncertainty
                                  0.000000    0.590363   clock reconvergence pessimism
                                 -0.050131    0.540232   library hold time
                                              0.540232   data required time
---------------------------------------------------------------------------------------------
                                              0.540232   data required time
                                             -0.749915   data arrival time
---------------------------------------------------------------------------------------------
                                              0.209683   slack (MET)


Startpoint: s_axil_wdata[26] (input port clocked by clk_i)
Endpoint: _867_ (rising edge-triggered flip-flop clocked by clk_i)
Path Group: clk_i
Path Type: min

Fanout         Cap        Slew       Delay        Time   Description
---------------------------------------------------------------------------------------------
                                  0.000000    0.000000   clock clk_i (rise edge)
                                  0.000000    0.000000   clock network delay (propagated)
                                  0.500000    0.500000 v input external delay
     1    0.003904    0.000000    0.000000    0.500000 v s_axil_wdata[26] (in)
                                                         s_axil_wdata[26] (net)
                      0.000081    0.000040    0.500040 v input131/A (sg13g2_buf_1)
     1    0.005711    0.043582    0.087790    0.587831 v input131/X (sg13g2_buf_1)
                                                         net131 (net)
                      0.043582    0.000145    0.587976 v _773_/A0 (sg13g2_mux2_1)
     1    0.001871    0.042244    0.165445    0.753420 v _773_/X (sg13g2_mux2_1)
                                                         _093_ (net)
                      0.042244    0.000014    0.753435 v _867_/D (sg13g2_dfrbpq_1)
                                              0.753435   data arrival time

                                  0.000000    0.000000   clock clk_i (rise edge)
                                  0.000000    0.000000   clock source latency
     2    0.071915    0.000000    0.000000    0.000000 ^ clk_i (in)
                                                         clk_i (net)
                      0.017664    0.008832    0.008832 ^ clkbuf_regs_0_clk_i/A (sg13g2_buf_16)
     1    0.017999    0.028531    0.087730    0.096562 ^ clkbuf_regs_0_clk_i/X (sg13g2_buf_16)
                                                         clk_i_regs (net)
                      0.028531    0.000184    0.096746 ^ clkbuf_0_clk_i_regs/A (sg13g2_buf_16)
    16    0.181458    0.089892    0.137573    0.234319 ^ clkbuf_0_clk_i_regs/X (sg13g2_buf_16)
                                                         clknet_0_clk_i_regs (net)
                      0.091977    0.010786    0.245106 ^ clkbuf_4_10_0_clk_i_regs/A (sg13g2_buf_8)
     7    0.033819    0.047659    0.144608    0.389713 ^ clkbuf_4_10_0_clk_i_regs/X (sg13g2_buf_8)
                                                         clknet_4_10_0_clk_i_regs (net)
                      0.047695    0.002052    0.391765 ^ _867_/CLK (sg13g2_dfrbpq_1)
                                  0.200000    0.591765   clock uncertainty
                                  0.000000    0.591765   clock reconvergence pessimism
                                 -0.050040    0.541725   library hold time
                                              0.541725   data required time
---------------------------------------------------------------------------------------------
                                              0.541725   data required time
                                             -0.753435   data arrival time
---------------------------------------------------------------------------------------------
                                              0.211710   slack (MET)


Startpoint: s_axil_wdata[8] (input port clocked by clk_i)
Endpoint: _849_ (rising edge-triggered flip-flop clocked by clk_i)
Path Group: clk_i
Path Type: min

Fanout         Cap        Slew       Delay        Time   Description
---------------------------------------------------------------------------------------------
                                  0.000000    0.000000   clock clk_i (rise edge)
                                  0.000000    0.000000   clock network delay (propagated)
                                  0.500000    0.500000 v input external delay
     1    0.003947    0.000000    0.000000    0.500000 v s_axil_wdata[8] (in)
                                                         s_axil_wdata[8] (net)
                      0.000083    0.000041    0.500041 v input143/A (sg13g2_buf_1)
     1    0.005338    0.041826    0.086303    0.586344 v input143/X (sg13g2_buf_1)
                                                         net143 (net)
                      0.041826    0.000123    0.586467 v _754_/A0 (sg13g2_mux2_1)
     1    0.002043    0.042994    0.165632    0.752099 v _754_/X (sg13g2_mux2_1)
                                                         _075_ (net)
                      0.042994    0.000017    0.752117 v _849_/D (sg13g2_dfrbpq_1)
                                              0.752117   data arrival time

                                  0.000000    0.000000   clock clk_i (rise edge)
                                  0.000000    0.000000   clock source latency
     2    0.071915    0.000000    0.000000    0.000000 ^ clk_i (in)
                                                         clk_i (net)
                      0.017664    0.008832    0.008832 ^ clkbuf_regs_0_clk_i/A (sg13g2_buf_16)
     1    0.017999    0.028531    0.087730    0.096562 ^ clkbuf_regs_0_clk_i/X (sg13g2_buf_16)
                                                         clk_i_regs (net)
                      0.028531    0.000184    0.096746 ^ clkbuf_0_clk_i_regs/A (sg13g2_buf_16)
    16    0.181458    0.089892    0.137573    0.234319 ^ clkbuf_0_clk_i_regs/X (sg13g2_buf_16)
                                                         clknet_0_clk_i_regs (net)
                      0.090602    0.006461    0.240781 ^ clkbuf_4_5_0_clk_i_regs/A (sg13g2_buf_8)
     7    0.039279    0.051243    0.147242    0.388023 ^ clkbuf_4_5_0_clk_i_regs/X (sg13g2_buf_8)
                                                         clknet_4_5_0_clk_i_regs (net)
                      0.051291    0.001553    0.389576 ^ _849_/CLK (sg13g2_dfrbpq_1)
                                  0.200000    0.589576   clock uncertainty
                                  0.000000    0.589576   clock reconvergence pessimism
                                 -0.049306    0.540270   library hold time
                                              0.540270   data required time
---------------------------------------------------------------------------------------------
                                              0.540270   data required time
                                             -0.752117   data arrival time
---------------------------------------------------------------------------------------------
                                              0.211847   slack (MET)


Startpoint: s_axil_wdata[12] (input port clocked by clk_i)
Endpoint: _853_ (rising edge-triggered flip-flop clocked by clk_i)
Path Group: clk_i
Path Type: min

Fanout         Cap        Slew       Delay        Time   Description
---------------------------------------------------------------------------------------------
                                  0.000000    0.000000   clock clk_i (rise edge)
                                  0.000000    0.000000   clock network delay (propagated)
                                  0.500000    0.500000 v input external delay
     1    0.003947    0.000000    0.000000    0.500000 v s_axil_wdata[12] (in)
                                                         s_axil_wdata[12] (net)
                      0.000083    0.000041    0.500041 v input116/A (sg13g2_buf_1)
     1    0.004677    0.038789    0.083660    0.583701 v input116/X (sg13g2_buf_1)
                                                         net116 (net)
                      0.038789    0.000090    0.583791 v _758_/A0 (sg13g2_mux2_1)
     1    0.002215    0.043739    0.165288    0.749079 v _758_/X (sg13g2_mux2_1)
                                                         _079_ (net)
                      0.043739    0.000021    0.749100 v _853_/D (sg13g2_dfrbpq_1)
                                              0.749100   data arrival time

                                  0.000000    0.000000   clock clk_i (rise edge)
                                  0.000000    0.000000   clock source latency
     2    0.071915    0.000000    0.000000    0.000000 ^ clk_i (in)
                                                         clk_i (net)
                      0.017664    0.008832    0.008832 ^ clkbuf_regs_0_clk_i/A (sg13g2_buf_16)
     1    0.017999    0.028531    0.087730    0.096562 ^ clkbuf_regs_0_clk_i/X (sg13g2_buf_16)
                                                         clk_i_regs (net)
                      0.028531    0.000184    0.096746 ^ clkbuf_0_clk_i_regs/A (sg13g2_buf_16)
    16    0.181458    0.089892    0.137573    0.234319 ^ clkbuf_0_clk_i_regs/X (sg13g2_buf_16)
                                                         clknet_0_clk_i_regs (net)
                      0.090615    0.006517    0.240836 ^ clkbuf_4_6_0_clk_i_regs/A (sg13g2_buf_8)
     7    0.035393    0.048658    0.144979    0.385816 ^ clkbuf_4_6_0_clk_i_regs/X (sg13g2_buf_8)
                                                         clknet_4_6_0_clk_i_regs (net)
                      0.048673    0.001537    0.387353 ^ _853_/CLK (sg13g2_dfrbpq_1)
                                  0.200000    0.587353   clock uncertainty
                                  0.000000    0.587353   clock reconvergence pessimism
                                 -0.050360    0.536993   library hold time
                                              0.536993   data required time
---------------------------------------------------------------------------------------------
                                              0.536993   data required time
                                             -0.749100   data arrival time
---------------------------------------------------------------------------------------------
                                              0.212107   slack (MET)


Startpoint: s_axil_wdata[30] (input port clocked by clk_i)
Endpoint: _871_ (rising edge-triggered flip-flop clocked by clk_i)
Path Group: clk_i
Path Type: min

Fanout         Cap        Slew       Delay        Time   Description
---------------------------------------------------------------------------------------------
                                  0.000000    0.000000   clock clk_i (rise edge)
                                  0.000000    0.000000   clock network delay (propagated)
                                  0.500000    0.500000 v input external delay
     1    0.003947    0.000000    0.000000    0.500000 v s_axil_wdata[30] (in)
                                                         s_axil_wdata[30] (net)
                      0.000083    0.000041    0.500041 v input136/A (sg13g2_buf_1)
     1    0.005753    0.043780    0.087962    0.588003 v input136/X (sg13g2_buf_1)
                                                         net136 (net)
                      0.043780    0.000142    0.588145 v _777_/A0 (sg13g2_mux2_1)
     1    0.001974    0.041834    0.166074    0.754219 v _777_/X (sg13g2_mux2_1)
                                                         _097_ (net)
                      0.041834    0.000016    0.754235 v _871_/D (sg13g2_dfrbpq_1)
                                              0.754235   data arrival time

                                  0.000000    0.000000   clock clk_i (rise edge)
                                  0.000000    0.000000   clock source latency
     2    0.071915    0.000000    0.000000    0.000000 ^ clk_i (in)
                                                         clk_i (net)
                      0.017664    0.008832    0.008832 ^ clkbuf_regs_0_clk_i/A (sg13g2_buf_16)
     1    0.017999    0.028531    0.087730    0.096562 ^ clkbuf_regs_0_clk_i/X (sg13g2_buf_16)
                                                         clk_i_regs (net)
                      0.028531    0.000184    0.096746 ^ clkbuf_0_clk_i_regs/A (sg13g2_buf_16)
    16    0.181458    0.089892    0.137573    0.234319 ^ clkbuf_0_clk_i_regs/X (sg13g2_buf_16)
                                                         clknet_0_clk_i_regs (net)
                      0.091994    0.010827    0.245147 ^ clkbuf_4_11_0_clk_i_regs/A (sg13g2_buf_8)
     7    0.033424    0.047366    0.144555    0.389702 ^ clkbuf_4_11_0_clk_i_regs/X (sg13g2_buf_8)
                                                         clknet_4_11_0_clk_i_regs (net)
                      0.047387    0.001374    0.391076 ^ _871_/CLK (sg13g2_dfrbpq_1)
                                  0.200000    0.591076   clock uncertainty
                                  0.000000    0.591076   clock reconvergence pessimism
                                 -0.049963    0.541113   library hold time
                                              0.541113   data required time
---------------------------------------------------------------------------------------------
                                              0.541113   data required time
                                             -0.754235   data arrival time
---------------------------------------------------------------------------------------------
                                              0.213122   slack (MET)


Startpoint: s_axil_wdata[0] (input port clocked by clk_i)
Endpoint: _841_ (rising edge-triggered flip-flop clocked by clk_i)
Path Group: clk_i
Path Type: min

Fanout         Cap        Slew       Delay        Time   Description
---------------------------------------------------------------------------------------------
                                  0.000000    0.000000   clock clk_i (rise edge)
                                  0.000000    0.000000   clock network delay (propagated)
                                  0.500000    0.500000 v input external delay
     1    0.003947    0.000000    0.000000    0.500000 v s_axil_wdata[0] (in)
                                                         s_axil_wdata[0] (net)
                      0.000083    0.000041    0.500041 v input113/A (sg13g2_buf_1)
     1    0.004379    0.037442    0.082466    0.582507 v input113/X (sg13g2_buf_1)
                                                         net113 (net)
                      0.037442    0.000076    0.582584 v _746_/A0 (sg13g2_mux2_1)
     1    0.002511    0.045005    0.166303    0.748887 v _746_/X (sg13g2_mux2_1)
                                                         _067_ (net)
                      0.045005    0.000027    0.748914 v _841_/D (sg13g2_dfrbpq_1)
                                              0.748914   data arrival time

                                  0.000000    0.000000   clock clk_i (rise edge)
                                  0.000000    0.000000   clock source latency
     2    0.071915    0.000000    0.000000    0.000000 ^ clk_i (in)
                                                         clk_i (net)
                      0.017664    0.008832    0.008832 ^ clkbuf_regs_0_clk_i/A (sg13g2_buf_16)
     1    0.017999    0.028531    0.087730    0.096562 ^ clkbuf_regs_0_clk_i/X (sg13g2_buf_16)
                                                         clk_i_regs (net)
                      0.028531    0.000184    0.096746 ^ clkbuf_0_clk_i_regs/A (sg13g2_buf_16)
    16    0.181458    0.089892    0.137573    0.234319 ^ clkbuf_0_clk_i_regs/X (sg13g2_buf_16)
                                                         clknet_0_clk_i_regs (net)
                      0.090615    0.006517    0.240836 ^ clkbuf_4_6_0_clk_i_regs/A (sg13g2_buf_8)
     7    0.035393    0.048658    0.144979    0.385816 ^ clkbuf_4_6_0_clk_i_regs/X (sg13g2_buf_8)
                                                         clknet_4_6_0_clk_i_regs (net)
                      0.048660    0.000647    0.386462 ^ _841_/CLK (sg13g2_dfrbpq_1)
                                  0.200000    0.586462   clock uncertainty
                                  0.000000    0.586462   clock reconvergence pessimism
                                 -0.050874    0.535588   library hold time
                                              0.535588   data required time
---------------------------------------------------------------------------------------------
                                              0.535588   data required time
                                             -0.748914   data arrival time
---------------------------------------------------------------------------------------------
                                              0.213326   slack (MET)


Startpoint: s_axil_araddr[9] (input port clocked by clk_i)
Endpoint: _884_ (rising edge-triggered flip-flop clocked by clk_i)
Path Group: clk_i
Path Type: min

Fanout         Cap        Slew       Delay        Time   Description
---------------------------------------------------------------------------------------------
                                  0.000000    0.000000   clock clk_i (rise edge)
                                  0.000000    0.000000   clock network delay (propagated)
                                  0.500000    0.500000 v input external delay
     1    0.004205    0.000000    0.000000    0.500000 v s_axil_araddr[9] (in)
                                                         s_axil_araddr[9] (net)
                      0.000095    0.000048    0.500048 v input76/A (sg13g2_buf_1)
     1    0.004626    0.038557    0.083462    0.583510 v input76/X (sg13g2_buf_1)
                                                         net76 (net)
                      0.038557    0.000084    0.583594 v _790_/A1 (sg13g2_mux2_1)
     1    0.002718    0.045893    0.167804    0.751397 v _790_/X (sg13g2_mux2_1)
                                                         _110_ (net)
                      0.045893    0.000033    0.751430 v _884_/D (sg13g2_dfrbpq_1)
                                              0.751430   data arrival time

                                  0.000000    0.000000   clock clk_i (rise edge)
                                  0.000000    0.000000   clock source latency
     2    0.071915    0.000000    0.000000    0.000000 ^ clk_i (in)
                                                         clk_i (net)
                      0.017664    0.008832    0.008832 ^ clkbuf_regs_0_clk_i/A (sg13g2_buf_16)
     1    0.017999    0.028531    0.087730    0.096562 ^ clkbuf_regs_0_clk_i/X (sg13g2_buf_16)
                                                         clk_i_regs (net)
                      0.028531    0.000184    0.096746 ^ clkbuf_0_clk_i_regs/A (sg13g2_buf_16)
    16    0.181458    0.089892    0.137573    0.234319 ^ clkbuf_0_clk_i_regs/X (sg13g2_buf_16)
                                                         clknet_0_clk_i_regs (net)
                      0.091495    0.009496    0.243816 ^ clkbuf_4_1_0_clk_i_regs/A (sg13g2_buf_8)
     7    0.034455    0.048055    0.144914    0.388730 ^ clkbuf_4_1_0_clk_i_regs/X (sg13g2_buf_8)
                                                         clknet_4_1_0_clk_i_regs (net)
                      0.048056    0.000306    0.389036 ^ _884_/CLK (sg13g2_dfrbpq_1)
                                  0.200000    0.589036   clock uncertainty
                                  0.000000    0.589036   clock reconvergence pessimism
                                 -0.051406    0.537630   library hold time
                                              0.537630   data required time
---------------------------------------------------------------------------------------------
                                              0.537630   data required time
                                             -0.751430   data arrival time
---------------------------------------------------------------------------------------------
                                              0.213800   slack (MET)


Startpoint: s_axil_araddr[8] (input port clocked by clk_i)
Endpoint: _883_ (rising edge-triggered flip-flop clocked by clk_i)
Path Group: clk_i
Path Type: min

Fanout         Cap        Slew       Delay        Time   Description
---------------------------------------------------------------------------------------------
                                  0.000000    0.000000   clock clk_i (rise edge)
                                  0.000000    0.000000   clock network delay (propagated)
                                  0.500000    0.500000 v input external delay
     1    0.003947    0.000000    0.000000    0.500000 v s_axil_araddr[8] (in)
                                                         s_axil_araddr[8] (net)
                      0.000083    0.000041    0.500041 v input75/A (sg13g2_buf_1)
     1    0.005948    0.044696    0.088738    0.588779 v input75/X (sg13g2_buf_1)
                                                         net75 (net)
                      0.044696    0.000155    0.588934 v _789_/A1 (sg13g2_mux2_1)
     1    0.001770    0.041813    0.165274    0.754208 v _789_/X (sg13g2_mux2_1)
                                                         _109_ (net)
                      0.041813    0.000012    0.754220 v _883_/D (sg13g2_dfrbpq_1)
                                              0.754220   data arrival time

                                  0.000000    0.000000   clock clk_i (rise edge)
                                  0.000000    0.000000   clock source latency
     2    0.071915    0.000000    0.000000    0.000000 ^ clk_i (in)
                                                         clk_i (net)
                      0.017664    0.008832    0.008832 ^ clkbuf_regs_0_clk_i/A (sg13g2_buf_16)
     1    0.017999    0.028531    0.087730    0.096562 ^ clkbuf_regs_0_clk_i/X (sg13g2_buf_16)
                                                         clk_i_regs (net)
                      0.028531    0.000184    0.096746 ^ clkbuf_0_clk_i_regs/A (sg13g2_buf_16)
    16    0.181458    0.089892    0.137573    0.234319 ^ clkbuf_0_clk_i_regs/X (sg13g2_buf_16)
                                                         clknet_0_clk_i_regs (net)
                      0.091290    0.008894    0.243213 ^ clkbuf_4_2_0_clk_i_regs/A (sg13g2_buf_8)
     7    0.034767    0.048292    0.145123    0.388336 ^ clkbuf_4_2_0_clk_i_regs/X (sg13g2_buf_8)
                                                         clknet_4_2_0_clk_i_regs (net)
                      0.048292    0.000351    0.388687 ^ _883_/CLK (sg13g2_dfrbpq_1)
                                  0.200000    0.588687   clock uncertainty
                                  0.000000    0.588687   clock reconvergence pessimism
                                 -0.049694    0.538993   library hold time
                                              0.538993   data required time
---------------------------------------------------------------------------------------------
                                              0.538993   data required time
                                             -0.754220   data arrival time
---------------------------------------------------------------------------------------------
                                              0.215227   slack (MET)


Startpoint: s_axil_wdata[29] (input port clocked by clk_i)
Endpoint: _870_ (rising edge-triggered flip-flop clocked by clk_i)
Path Group: clk_i
Path Type: min

Fanout         Cap        Slew       Delay        Time   Description
---------------------------------------------------------------------------------------------
                                  0.000000    0.000000   clock clk_i (rise edge)
                                  0.000000    0.000000   clock network delay (propagated)
                                  0.500000    0.500000 v input external delay
     1    0.003947    0.000000    0.000000    0.500000 v s_axil_wdata[29] (in)
                                                         s_axil_wdata[29] (net)
                      0.000083    0.000041    0.500041 v input134/A (sg13g2_buf_1)
     1    0.006083    0.045334    0.089279    0.589320 v input134/X (sg13g2_buf_1)
                                                         net134 (net)
                      0.045334    0.000163    0.589484 v _776_/A0 (sg13g2_mux2_1)
     1    0.001974    0.042692    0.166719    0.756203 v _776_/X (sg13g2_mux2_1)
                                                         _096_ (net)
                      0.042692    0.000016    0.756219 v _870_/D (sg13g2_dfrbpq_1)
                                              0.756219   data arrival time

                                  0.000000    0.000000   clock clk_i (rise edge)
                                  0.000000    0.000000   clock source latency
     2    0.071915    0.000000    0.000000    0.000000 ^ clk_i (in)
                                                         clk_i (net)
                      0.017664    0.008832    0.008832 ^ clkbuf_regs_0_clk_i/A (sg13g2_buf_16)
     1    0.017999    0.028531    0.087730    0.096562 ^ clkbuf_regs_0_clk_i/X (sg13g2_buf_16)
                                                         clk_i_regs (net)
                      0.028531    0.000184    0.096746 ^ clkbuf_0_clk_i_regs/A (sg13g2_buf_16)
    16    0.181458    0.089892    0.137573    0.234319 ^ clkbuf_0_clk_i_regs/X (sg13g2_buf_16)
                                                         clknet_0_clk_i_regs (net)
                      0.091994    0.010827    0.245147 ^ clkbuf_4_11_0_clk_i_regs/A (sg13g2_buf_8)
     7    0.033424    0.047366    0.144555    0.389702 ^ clkbuf_4_11_0_clk_i_regs/X (sg13g2_buf_8)
                                                         clknet_4_11_0_clk_i_regs (net)
                      0.047385    0.001282    0.390984 ^ _870_/CLK (sg13g2_dfrbpq_1)
                                  0.200000    0.590984   clock uncertainty
                                  0.000000    0.590984   clock reconvergence pessimism
                                 -0.050310    0.540675   library hold time
                                              0.540675   data required time
---------------------------------------------------------------------------------------------
                                              0.540675   data required time
                                             -0.756219   data arrival time
---------------------------------------------------------------------------------------------
                                              0.215544   slack (MET)


Startpoint: s_axil_wdata[1] (input port clocked by clk_i)
Endpoint: _842_ (rising edge-triggered flip-flop clocked by clk_i)
Path Group: clk_i
Path Type: min

Fanout         Cap        Slew       Delay        Time   Description
---------------------------------------------------------------------------------------------
                                  0.000000    0.000000   clock clk_i (rise edge)
                                  0.000000    0.000000   clock network delay (propagated)
                                  0.500000    0.500000 v input external delay
     1    0.003947    0.000000    0.000000    0.500000 v s_axil_wdata[1] (in)
                                                         s_axil_wdata[1] (net)
                      0.000083    0.000041    0.500041 v input124/A (sg13g2_buf_1)
     1    0.005424    0.042225    0.086647    0.586688 v input124/X (sg13g2_buf_1)
                                                         net124 (net)
                      0.042225    0.000127    0.586815 v _747_/A0 (sg13g2_mux2_1)
     1    0.002417    0.044605    0.167791    0.754606 v _747_/X (sg13g2_mux2_1)
                                                         _068_ (net)
                      0.044605    0.000026    0.754632 v _842_/D (sg13g2_dfrbpq_1)
                                              0.754632   data arrival time

                                  0.000000    0.000000   clock clk_i (rise edge)
                                  0.000000    0.000000   clock source latency
     2    0.071915    0.000000    0.000000    0.000000 ^ clk_i (in)
                                                         clk_i (net)
                      0.017664    0.008832    0.008832 ^ clkbuf_regs_0_clk_i/A (sg13g2_buf_16)
     1    0.017999    0.028531    0.087730    0.096562 ^ clkbuf_regs_0_clk_i/X (sg13g2_buf_16)
                                                         clk_i_regs (net)
                      0.028531    0.000184    0.096746 ^ clkbuf_0_clk_i_regs/A (sg13g2_buf_16)
    16    0.181458    0.089892    0.137573    0.234319 ^ clkbuf_0_clk_i_regs/X (sg13g2_buf_16)
                                                         clknet_0_clk_i_regs (net)
                      0.090608    0.006487    0.240807 ^ clkbuf_4_7_0_clk_i_regs/A (sg13g2_buf_8)
     7    0.039092    0.051108    0.146726    0.387533 ^ clkbuf_4_7_0_clk_i_regs/X (sg13g2_buf_8)
                                                         clknet_4_7_0_clk_i_regs (net)
                      0.051192    0.001256    0.388788 ^ _842_/CLK (sg13g2_dfrbpq_1)
                                  0.200000    0.588788   clock uncertainty
                                  0.000000    0.588788   clock reconvergence pessimism
                                 -0.049983    0.538805   library hold time
                                              0.538805   data required time
---------------------------------------------------------------------------------------------
                                              0.538805   data required time
                                             -0.754632   data arrival time
---------------------------------------------------------------------------------------------
                                              0.215827   slack (MET)


Startpoint: s_axil_araddr[10] (input port clocked by clk_i)
Endpoint: _885_ (rising edge-triggered flip-flop clocked by clk_i)
Path Group: clk_i
Path Type: min

Fanout         Cap        Slew       Delay        Time   Description
---------------------------------------------------------------------------------------------
                                  0.000000    0.000000   clock clk_i (rise edge)
                                  0.000000    0.000000   clock network delay (propagated)
                                  0.500000    0.500000 v input external delay
     1    0.003947    0.000000    0.000000    0.500000 v s_axil_araddr[10] (in)
                                                         s_axil_araddr[10] (net)
                      0.000083    0.000041    0.500041 v input46/A (sg13g2_buf_1)
     1    0.004637    0.038605    0.083498    0.583539 v input46/X (sg13g2_buf_1)
                                                         net46 (net)
                      0.038605    0.000086    0.583625 v _791_/A1 (sg13g2_mux2_1)
     1    0.002832    0.045560    0.168435    0.752060 v _791_/X (sg13g2_mux2_1)
                                                         _111_ (net)
                      0.045560    0.000036    0.752096 v _885_/D (sg13g2_dfrbpq_1)
                                              0.752096   data arrival time

                                  0.000000    0.000000   clock clk_i (rise edge)
                                  0.000000    0.000000   clock source latency
     2    0.071915    0.000000    0.000000    0.000000 ^ clk_i (in)
                                                         clk_i (net)
                      0.017664    0.008832    0.008832 ^ clkbuf_regs_0_clk_i/A (sg13g2_buf_16)
     1    0.017999    0.028531    0.087730    0.096562 ^ clkbuf_regs_0_clk_i/X (sg13g2_buf_16)
                                                         clk_i_regs (net)
                      0.028531    0.000184    0.096746 ^ clkbuf_0_clk_i_regs/A (sg13g2_buf_16)
    16    0.181458    0.089892    0.137573    0.234319 ^ clkbuf_0_clk_i_regs/X (sg13g2_buf_16)
                                                         clknet_0_clk_i_regs (net)
                      0.091393    0.009199    0.243518 ^ clkbuf_4_3_0_clk_i_regs/A (sg13g2_buf_8)
     7    0.033137    0.047148    0.143998    0.387516 ^ clkbuf_4_3_0_clk_i_regs/X (sg13g2_buf_8)
                                                         clknet_4_3_0_clk_i_regs (net)
                      0.047156    0.000226    0.387743 ^ _885_/CLK (sg13g2_dfrbpq_1)
                                  0.200000    0.587743   clock uncertainty
                                  0.000000    0.587743   clock reconvergence pessimism
                                 -0.051531    0.536212   library hold time
                                              0.536212   data required time
---------------------------------------------------------------------------------------------
                                              0.536212   data required time
                                             -0.752096   data arrival time
---------------------------------------------------------------------------------------------
                                              0.215885   slack (MET)


Startpoint: s_axil_wdata[4] (input port clocked by clk_i)
Endpoint: _845_ (rising edge-triggered flip-flop clocked by clk_i)
Path Group: clk_i
Path Type: min

Fanout         Cap        Slew       Delay        Time   Description
---------------------------------------------------------------------------------------------
                                  0.000000    0.000000   clock clk_i (rise edge)
                                  0.000000    0.000000   clock network delay (propagated)
                                  0.500000    0.500000 v input external delay
     1    0.003947    0.000000    0.000000    0.500000 v s_axil_wdata[4] (in)
                                                         s_axil_wdata[4] (net)
                      0.000083    0.000041    0.500041 v input139/A (sg13g2_buf_1)
     1    0.005523    0.042702    0.087041    0.587082 v input139/X (sg13g2_buf_1)
                                                         net139 (net)
                      0.042702    0.000132    0.587214 v _750_/A0 (sg13g2_mux2_1)
     1    0.002258    0.043920    0.167141    0.754355 v _750_/X (sg13g2_mux2_1)
                                                         _071_ (net)
                      0.043920    0.000022    0.754376 v _845_/D (sg13g2_dfrbpq_1)
                                              0.754376   data arrival time

                                  0.000000    0.000000   clock clk_i (rise edge)
                                  0.000000    0.000000   clock source latency
     2    0.071915    0.000000    0.000000    0.000000 ^ clk_i (in)
                                                         clk_i (net)
                      0.017664    0.008832    0.008832 ^ clkbuf_regs_0_clk_i/A (sg13g2_buf_16)
     1    0.017999    0.028531    0.087730    0.096562 ^ clkbuf_regs_0_clk_i/X (sg13g2_buf_16)
                                                         clk_i_regs (net)
                      0.028531    0.000184    0.096746 ^ clkbuf_0_clk_i_regs/A (sg13g2_buf_16)
    16    0.181458    0.089892    0.137573    0.234319 ^ clkbuf_0_clk_i_regs/X (sg13g2_buf_16)
                                                         clknet_0_clk_i_regs (net)
                      0.090615    0.006517    0.240836 ^ clkbuf_4_6_0_clk_i_regs/A (sg13g2_buf_8)
     7    0.035393    0.048658    0.144979    0.385816 ^ clkbuf_4_6_0_clk_i_regs/X (sg13g2_buf_8)
                                                         clknet_4_6_0_clk_i_regs (net)
                      0.048667    0.001198    0.387013 ^ _845_/CLK (sg13g2_dfrbpq_1)
                                  0.200000    0.587013   clock uncertainty
                                  0.000000    0.587013   clock reconvergence pessimism
                                 -0.050435    0.536578   library hold time
                                              0.536578   data required time
---------------------------------------------------------------------------------------------
                                              0.536578   data required time
                                             -0.754376   data arrival time
---------------------------------------------------------------------------------------------
                                              0.217798   slack (MET)


Startpoint: s_axil_wdata[2] (input port clocked by clk_i)
Endpoint: _843_ (rising edge-triggered flip-flop clocked by clk_i)
Path Group: clk_i
Path Type: min

Fanout         Cap        Slew       Delay        Time   Description
---------------------------------------------------------------------------------------------
                                  0.000000    0.000000   clock clk_i (rise edge)
                                  0.000000    0.000000   clock network delay (propagated)
                                  0.500000    0.500000 v input external delay
     1    0.003947    0.000000    0.000000    0.500000 v s_axil_wdata[2] (in)
                                                         s_axil_wdata[2] (net)
                      0.000083    0.000041    0.500041 v input135/A (sg13g2_buf_1)
     1    0.005510    0.042641    0.086989    0.587030 v input135/X (sg13g2_buf_1)
                                                         net135 (net)
                      0.042641    0.000131    0.587162 v _748_/A0 (sg13g2_mux2_1)
     1    0.002279    0.044010    0.167227    0.754388 v _748_/X (sg13g2_mux2_1)
                                                         _069_ (net)
                      0.044010    0.000022    0.754410 v _843_/D (sg13g2_dfrbpq_1)
                                              0.754410   data arrival time

                                  0.000000    0.000000   clock clk_i (rise edge)
                                  0.000000    0.000000   clock source latency
     2    0.071915    0.000000    0.000000    0.000000 ^ clk_i (in)
                                                         clk_i (net)
                      0.017664    0.008832    0.008832 ^ clkbuf_regs_0_clk_i/A (sg13g2_buf_16)
     1    0.017999    0.028531    0.087730    0.096562 ^ clkbuf_regs_0_clk_i/X (sg13g2_buf_16)
                                                         clk_i_regs (net)
                      0.028531    0.000184    0.096746 ^ clkbuf_0_clk_i_regs/A (sg13g2_buf_16)
    16    0.181458    0.089892    0.137573    0.234319 ^ clkbuf_0_clk_i_regs/X (sg13g2_buf_16)
                                                         clknet_0_clk_i_regs (net)
                      0.090615    0.006517    0.240836 ^ clkbuf_4_6_0_clk_i_regs/A (sg13g2_buf_8)
     7    0.035393    0.048658    0.144979    0.385816 ^ clkbuf_4_6_0_clk_i_regs/X (sg13g2_buf_8)
                                                         clknet_4_6_0_clk_i_regs (net)
                      0.048664    0.001023    0.386839 ^ _843_/CLK (sg13g2_dfrbpq_1)
                                  0.200000    0.586839   clock uncertainty
                                  0.000000    0.586839   clock reconvergence pessimism
                                 -0.050472    0.536367   library hold time
                                              0.536367   data required time
---------------------------------------------------------------------------------------------
                                              0.536367   data required time
                                             -0.754410   data arrival time
---------------------------------------------------------------------------------------------
                                              0.218043   slack (MET)


Startpoint: s_axil_wdata[14] (input port clocked by clk_i)
Endpoint: _855_ (rising edge-triggered flip-flop clocked by clk_i)
Path Group: clk_i
Path Type: min

Fanout         Cap        Slew       Delay        Time   Description
---------------------------------------------------------------------------------------------
                                  0.000000    0.000000   clock clk_i (rise edge)
                                  0.000000    0.000000   clock network delay (propagated)
                                  0.500000    0.500000 v input external delay
     1    0.003947    0.000000    0.000000    0.500000 v s_axil_wdata[14] (in)
                                                         s_axil_wdata[14] (net)
                      0.000083    0.000041    0.500041 v input118/A (sg13g2_buf_1)
     1    0.006485    0.047239    0.090882    0.590923 v input118/X (sg13g2_buf_1)
                                                         net118 (net)
                      0.047239    0.000187    0.591111 v _760_/A0 (sg13g2_mux2_1)
     1    0.002301    0.043252    0.169253    0.760363 v _760_/X (sg13g2_mux2_1)
                                                         _081_ (net)
                      0.043252    0.000023    0.760386 v _855_/D (sg13g2_dfrbpq_1)
                                              0.760386   data arrival time

                                  0.000000    0.000000   clock clk_i (rise edge)
                                  0.000000    0.000000   clock source latency
     2    0.071915    0.000000    0.000000    0.000000 ^ clk_i (in)
                                                         clk_i (net)
                      0.017664    0.008832    0.008832 ^ clkbuf_regs_0_clk_i/A (sg13g2_buf_16)
     1    0.017999    0.028531    0.087730    0.096562 ^ clkbuf_regs_0_clk_i/X (sg13g2_buf_16)
                                                         clk_i_regs (net)
                      0.028531    0.000184    0.096746 ^ clkbuf_0_clk_i_regs/A (sg13g2_buf_16)
    16    0.181458    0.089892    0.137573    0.234319 ^ clkbuf_0_clk_i_regs/X (sg13g2_buf_16)
                                                         clknet_0_clk_i_regs (net)
                      0.090608    0.006487    0.240807 ^ clkbuf_4_7_0_clk_i_regs/A (sg13g2_buf_8)
     7    0.039092    0.051108    0.146726    0.387533 ^ clkbuf_4_7_0_clk_i_regs/X (sg13g2_buf_8)
                                                         clknet_4_7_0_clk_i_regs (net)
                      0.051334    0.002576    0.390108 ^ _855_/CLK (sg13g2_dfrbpq_1)
                                  0.200000    0.590108   clock uncertainty
                                  0.000000    0.590108   clock reconvergence pessimism
                                 -0.049397    0.540711   library hold time
                                              0.540711   data required time
---------------------------------------------------------------------------------------------
                                              0.540711   data required time
                                             -0.760386   data arrival time
---------------------------------------------------------------------------------------------
                                              0.219675   slack (MET)


Startpoint: s_axil_wdata[9] (input port clocked by clk_i)
Endpoint: _850_ (rising edge-triggered flip-flop clocked by clk_i)
Path Group: clk_i
Path Type: min

Fanout         Cap        Slew       Delay        Time   Description
---------------------------------------------------------------------------------------------
                                  0.000000    0.000000   clock clk_i (rise edge)
                                  0.000000    0.000000   clock network delay (propagated)
                                  0.500000    0.500000 v input external delay
     1    0.003947    0.000000    0.000000    0.500000 v s_axil_wdata[9] (in)
                                                         s_axil_wdata[9] (net)
                      0.000083    0.000041    0.500041 v input144/A (sg13g2_buf_1)
     1    0.005653    0.043308    0.087561    0.587602 v input144/X (sg13g2_buf_1)
                                                         net144 (net)
                      0.043308    0.000135    0.587737 v _755_/A0 (sg13g2_mux2_1)
     1    0.002623    0.045490    0.169336    0.757072 v _755_/X (sg13g2_mux2_1)
                                                         _076_ (net)
                      0.045490    0.000030    0.757102 v _850_/D (sg13g2_dfrbpq_1)
                                              0.757102   data arrival time

                                  0.000000    0.000000   clock clk_i (rise edge)
                                  0.000000    0.000000   clock source latency
     2    0.071915    0.000000    0.000000    0.000000 ^ clk_i (in)
                                                         clk_i (net)
                      0.017664    0.008832    0.008832 ^ clkbuf_regs_0_clk_i/A (sg13g2_buf_16)
     1    0.017999    0.028531    0.087730    0.096562 ^ clkbuf_regs_0_clk_i/X (sg13g2_buf_16)
                                                         clk_i_regs (net)
                      0.028531    0.000184    0.096746 ^ clkbuf_0_clk_i_regs/A (sg13g2_buf_16)
    16    0.181458    0.089892    0.137573    0.234319 ^ clkbuf_0_clk_i_regs/X (sg13g2_buf_16)
                                                         clknet_0_clk_i_regs (net)
                      0.090574    0.006345    0.240665 ^ clkbuf_4_4_0_clk_i_regs/A (sg13g2_buf_8)
     7    0.034705    0.048162    0.144446    0.385110 ^ clkbuf_4_4_0_clk_i_regs/X (sg13g2_buf_8)
                                                         clknet_4_4_0_clk_i_regs (net)
                      0.048180    0.001216    0.386326 ^ _850_/CLK (sg13g2_dfrbpq_1)
                                  0.200000    0.586326   clock uncertainty
                                  0.000000    0.586326   clock reconvergence pessimism
                                 -0.051207    0.535119   library hold time
                                              0.535119   data required time
---------------------------------------------------------------------------------------------
                                              0.535119   data required time
                                             -0.757102   data arrival time
---------------------------------------------------------------------------------------------
                                              0.221983   slack (MET)


Startpoint: s_axil_wdata[13] (input port clocked by clk_i)
Endpoint: _854_ (rising edge-triggered flip-flop clocked by clk_i)
Path Group: clk_i
Path Type: min

Fanout         Cap        Slew       Delay        Time   Description
---------------------------------------------------------------------------------------------
                                  0.000000    0.000000   clock clk_i (rise edge)
                                  0.000000    0.000000   clock network delay (propagated)
                                  0.500000    0.500000 v input external delay
     1    0.003947    0.000000    0.000000    0.500000 v s_axil_wdata[13] (in)
                                                         s_axil_wdata[13] (net)
                      0.000083    0.000041    0.500041 v input117/A (sg13g2_buf_1)
     1    0.006412    0.046892    0.090590    0.590632 v input117/X (sg13g2_buf_1)
                                                         net117 (net)
                      0.046892    0.000183    0.590815 v _759_/A0 (sg13g2_mux2_1)
     1    0.002718    0.045897    0.171331    0.762146 v _759_/X (sg13g2_mux2_1)
                                                         _080_ (net)
                      0.045897    0.000033    0.762179 v _854_/D (sg13g2_dfrbpq_1)
                                              0.762179   data arrival time

                                  0.000000    0.000000   clock clk_i (rise edge)
                                  0.000000    0.000000   clock source latency
     2    0.071915    0.000000    0.000000    0.000000 ^ clk_i (in)
                                                         clk_i (net)
                      0.017664    0.008832    0.008832 ^ clkbuf_regs_0_clk_i/A (sg13g2_buf_16)
     1    0.017999    0.028531    0.087730    0.096562 ^ clkbuf_regs_0_clk_i/X (sg13g2_buf_16)
                                                         clk_i_regs (net)
                      0.028531    0.000184    0.096746 ^ clkbuf_0_clk_i_regs/A (sg13g2_buf_16)
    16    0.181458    0.089892    0.137573    0.234319 ^ clkbuf_0_clk_i_regs/X (sg13g2_buf_16)
                                                         clknet_0_clk_i_regs (net)
                      0.090608    0.006487    0.240807 ^ clkbuf_4_7_0_clk_i_regs/A (sg13g2_buf_8)
     7    0.039092    0.051108    0.146726    0.387533 ^ clkbuf_4_7_0_clk_i_regs/X (sg13g2_buf_8)
                                                         clknet_4_7_0_clk_i_regs (net)
                      0.051336    0.002592    0.390124 ^ _854_/CLK (sg13g2_dfrbpq_1)
                                  0.200000    0.590124   clock uncertainty
                                  0.000000    0.590124   clock reconvergence pessimism
                                 -0.050462    0.539662   library hold time
                                              0.539662   data required time
---------------------------------------------------------------------------------------------
                                              0.539662   data required time
                                             -0.762179   data arrival time
---------------------------------------------------------------------------------------------
                                              0.222517   slack (MET)


Startpoint: s_axil_wdata[11] (input port clocked by clk_i)
Endpoint: _852_ (rising edge-triggered flip-flop clocked by clk_i)
Path Group: clk_i
Path Type: min

Fanout         Cap        Slew       Delay        Time   Description
---------------------------------------------------------------------------------------------
                                  0.000000    0.000000   clock clk_i (rise edge)
                                  0.000000    0.000000   clock network delay (propagated)
                                  0.500000    0.500000 v input external delay
     1    0.003947    0.000000    0.000000    0.500000 v s_axil_wdata[11] (in)
                                                         s_axil_wdata[11] (net)
                      0.000083    0.000041    0.500041 v input115/A (sg13g2_buf_1)
     1    0.006369    0.046687    0.090419    0.590460 v input115/X (sg13g2_buf_1)
                                                         net115 (net)
                      0.046687    0.000181    0.590641 v _757_/A0 (sg13g2_mux2_1)
     1    0.002301    0.044109    0.169024    0.759665 v _757_/X (sg13g2_mux2_1)
                                                         _078_ (net)
                      0.044109    0.000023    0.759687 v _852_/D (sg13g2_dfrbpq_1)
                                              0.759687   data arrival time

                                  0.000000    0.000000   clock clk_i (rise edge)
                                  0.000000    0.000000   clock source latency
     2    0.071915    0.000000    0.000000    0.000000 ^ clk_i (in)
                                                         clk_i (net)
                      0.017664    0.008832    0.008832 ^ clkbuf_regs_0_clk_i/A (sg13g2_buf_16)
     1    0.017999    0.028531    0.087730    0.096562 ^ clkbuf_regs_0_clk_i/X (sg13g2_buf_16)
                                                         clk_i_regs (net)
                      0.028531    0.000184    0.096746 ^ clkbuf_0_clk_i_regs/A (sg13g2_buf_16)
    16    0.181458    0.089892    0.137573    0.234319 ^ clkbuf_0_clk_i_regs/X (sg13g2_buf_16)
                                                         clknet_0_clk_i_regs (net)
                      0.090615    0.006517    0.240836 ^ clkbuf_4_6_0_clk_i_regs/A (sg13g2_buf_8)
     7    0.035393    0.048658    0.144979    0.385816 ^ clkbuf_4_6_0_clk_i_regs/X (sg13g2_buf_8)
                                                         clknet_4_6_0_clk_i_regs (net)
                      0.048673    0.001522    0.387338 ^ _852_/CLK (sg13g2_dfrbpq_1)
                                  0.200000    0.587338   clock uncertainty
                                  0.000000    0.587338   clock reconvergence pessimism
                                 -0.050509    0.536829   library hold time
                                              0.536829   data required time
---------------------------------------------------------------------------------------------
                                              0.536829   data required time
                                             -0.759687   data arrival time
---------------------------------------------------------------------------------------------
                                              0.222859   slack (MET)


Startpoint: s_axil_wdata[7] (input port clocked by clk_i)
Endpoint: _848_ (rising edge-triggered flip-flop clocked by clk_i)
Path Group: clk_i
Path Type: min

Fanout         Cap        Slew       Delay        Time   Description
---------------------------------------------------------------------------------------------
                                  0.000000    0.000000   clock clk_i (rise edge)
                                  0.000000    0.000000   clock network delay (propagated)
                                  0.500000    0.500000 v input external delay
     1    0.003947    0.000000    0.000000    0.500000 v s_axil_wdata[7] (in)
                                                         s_axil_wdata[7] (net)
                      0.000083    0.000041    0.500041 v input142/A (sg13g2_buf_1)
     1    0.006672    0.048132    0.091630    0.591672 v input142/X (sg13g2_buf_1)
                                                         net142 (net)
                      0.048132    0.000196    0.591868 v _753_/A0 (sg13g2_mux2_1)
     1    0.002253    0.043901    0.169366    0.761234 v _753_/X (sg13g2_mux2_1)
                                                         _074_ (net)
                      0.043901    0.000021    0.761255 v _848_/D (sg13g2_dfrbpq_1)
                                              0.761255   data arrival time

                                  0.000000    0.000000   clock clk_i (rise edge)
                                  0.000000    0.000000   clock source latency
     2    0.071915    0.000000    0.000000    0.000000 ^ clk_i (in)
                                                         clk_i (net)
                      0.017664    0.008832    0.008832 ^ clkbuf_regs_0_clk_i/A (sg13g2_buf_16)
     1    0.017999    0.028531    0.087730    0.096562 ^ clkbuf_regs_0_clk_i/X (sg13g2_buf_16)
                                                         clk_i_regs (net)
                      0.028531    0.000184    0.096746 ^ clkbuf_0_clk_i_regs/A (sg13g2_buf_16)
    16    0.181458    0.089892    0.137573    0.234319 ^ clkbuf_0_clk_i_regs/X (sg13g2_buf_16)
                                                         clknet_0_clk_i_regs (net)
                      0.090574    0.006345    0.240665 ^ clkbuf_4_4_0_clk_i_regs/A (sg13g2_buf_8)
     7    0.034705    0.048162    0.144446    0.385110 ^ clkbuf_4_4_0_clk_i_regs/X (sg13g2_buf_8)
                                                         clknet_4_4_0_clk_i_regs (net)
                      0.048184    0.001424    0.386535 ^ _848_/CLK (sg13g2_dfrbpq_1)
                                  0.200000    0.586535   clock uncertainty
                                  0.000000    0.586535   clock reconvergence pessimism
                                 -0.050566    0.535968   library hold time
                                              0.535968   data required time
---------------------------------------------------------------------------------------------
                                              0.535968   data required time
                                             -0.761255   data arrival time
---------------------------------------------------------------------------------------------
                                              0.225287   slack (MET)


Startpoint: s_axil_wdata[31] (input port clocked by clk_i)
Endpoint: _872_ (rising edge-triggered flip-flop clocked by clk_i)
Path Group: clk_i
Path Type: min

Fanout         Cap        Slew       Delay        Time   Description
---------------------------------------------------------------------------------------------
                                  0.000000    0.000000   clock clk_i (rise edge)
                                  0.000000    0.000000   clock network delay (propagated)
                                  0.500000    0.500000 v input external delay
     1    0.003947    0.000000    0.000000    0.500000 v s_axil_wdata[31] (in)
                                                         s_axil_wdata[31] (net)
                      0.000083    0.000041    0.500041 v input137/A (sg13g2_buf_1)
     1    0.009953    0.064095    0.104707    0.604748 v input137/X (sg13g2_buf_1)
                                                         net137 (net)
                      0.064097    0.000446    0.605194 v _778_/A0 (sg13g2_mux2_1)
     1    0.001728    0.040849    0.173193    0.778387 v _778_/X (sg13g2_mux2_1)
                                                         _098_ (net)
                      0.040849    0.000012    0.778399 v _872_/D (sg13g2_dfrbpq_1)
                                              0.778399   data arrival time

                                  0.000000    0.000000   clock clk_i (rise edge)
                                  0.000000    0.000000   clock source latency
     2    0.071915    0.000000    0.000000    0.000000 ^ clk_i (in)
                                                         clk_i (net)
                      0.017664    0.008832    0.008832 ^ clkbuf_regs_0_clk_i/A (sg13g2_buf_16)
     1    0.017999    0.028531    0.087730    0.096562 ^ clkbuf_regs_0_clk_i/X (sg13g2_buf_16)
                                                         clk_i_regs (net)
                      0.028531    0.000184    0.096746 ^ clkbuf_0_clk_i_regs/A (sg13g2_buf_16)
    16    0.181458    0.089892    0.137573    0.234319 ^ clkbuf_0_clk_i_regs/X (sg13g2_buf_16)
                                                         clknet_0_clk_i_regs (net)
                      0.091994    0.010827    0.245147 ^ clkbuf_4_11_0_clk_i_regs/A (sg13g2_buf_8)
     7    0.033424    0.047366    0.144555    0.389702 ^ clkbuf_4_11_0_clk_i_regs/X (sg13g2_buf_8)
                                                         clknet_4_11_0_clk_i_regs (net)
                      0.047380    0.000939    0.390641 ^ _872_/CLK (sg13g2_dfrbpq_1)
                                  0.200000    0.590641   clock uncertainty
                                  0.000000    0.590641   clock reconvergence pessimism
                                 -0.049569    0.541073   library hold time
                                              0.541073   data required time
---------------------------------------------------------------------------------------------
                                              0.541073   data required time
                                             -0.778399   data arrival time
---------------------------------------------------------------------------------------------
                                              0.237326   slack (MET)


Startpoint: s_axil_wdata[5] (input port clocked by clk_i)
Endpoint: _846_ (rising edge-triggered flip-flop clocked by clk_i)
Path Group: clk_i
Path Type: min

Fanout         Cap        Slew       Delay        Time   Description
---------------------------------------------------------------------------------------------
                                  0.000000    0.000000   clock clk_i (rise edge)
                                  0.000000    0.000000   clock network delay (propagated)
                                  0.500000    0.500000 v input external delay
     1    0.003947    0.000000    0.000000    0.500000 v s_axil_wdata[5] (in)
                                                         s_axil_wdata[5] (net)
                      0.000083    0.000041    0.500041 v input140/A (sg13g2_buf_1)
     1    0.008905    0.058943    0.100538    0.600580 v input140/X (sg13g2_buf_1)
                                                         net140 (net)
                      0.058944    0.000346    0.600925 v _751_/A0 (sg13g2_mux2_1)
     1    0.002666    0.045669    0.176054    0.776979 v _751_/X (sg13g2_mux2_1)
                                                         _072_ (net)
                      0.045669    0.000031    0.777010 v _846_/D (sg13g2_dfrbpq_1)
                                              0.777010   data arrival time

                                  0.000000    0.000000   clock clk_i (rise edge)
                                  0.000000    0.000000   clock source latency
     2    0.071915    0.000000    0.000000    0.000000 ^ clk_i (in)
                                                         clk_i (net)
                      0.017664    0.008832    0.008832 ^ clkbuf_regs_0_clk_i/A (sg13g2_buf_16)
     1    0.017999    0.028531    0.087730    0.096562 ^ clkbuf_regs_0_clk_i/X (sg13g2_buf_16)
                                                         clk_i_regs (net)
                      0.028531    0.000184    0.096746 ^ clkbuf_0_clk_i_regs/A (sg13g2_buf_16)
    16    0.181458    0.089892    0.137573    0.234319 ^ clkbuf_0_clk_i_regs/X (sg13g2_buf_16)
                                                         clknet_0_clk_i_regs (net)
                      0.090602    0.006461    0.240781 ^ clkbuf_4_5_0_clk_i_regs/A (sg13g2_buf_8)
     7    0.039279    0.051243    0.147242    0.388023 ^ clkbuf_4_5_0_clk_i_regs/X (sg13g2_buf_8)
                                                         clknet_4_5_0_clk_i_regs (net)
                      0.051245    0.000683    0.388706 ^ _846_/CLK (sg13g2_dfrbpq_1)
                                  0.200000    0.588706   clock uncertainty
                                  0.000000    0.588706   clock reconvergence pessimism
                                 -0.050396    0.538310   library hold time
                                              0.538310   data required time
---------------------------------------------------------------------------------------------
                                              0.538310   data required time
                                             -0.777010   data arrival time
---------------------------------------------------------------------------------------------
                                              0.238700   slack (MET)


Startpoint: s_axil_awaddr[9] (input port clocked by clk_i)
Endpoint: _837_ (rising edge-triggered flip-flop clocked by clk_i)
Path Group: clk_i
Path Type: min

Fanout         Cap        Slew       Delay        Time   Description
---------------------------------------------------------------------------------------------
                                  0.000000    0.000000   clock clk_i (rise edge)
                                  0.000000    0.000000   clock network delay (propagated)
                                  0.500000    0.500000 v input external delay
     1    0.003861    0.000000    0.000000    0.500000 v s_axil_awaddr[9] (in)
                                                         s_axil_awaddr[9] (net)
                      0.000079    0.000039    0.500039 v input109/A (sg13g2_buf_1)
     1    0.010651    0.067540    0.107493    0.607532 v input109/X (sg13g2_buf_1)
                                                         net109 (net)
                      0.067542    0.000481    0.608013 v _739_/A0 (sg13g2_mux2_1)
     1    0.001948    0.042577    0.175797    0.783810 v _739_/X (sg13g2_mux2_1)
                                                         _063_ (net)
                      0.042577    0.000016    0.783825 v _837_/D (sg13g2_dfrbpq_1)
                                              0.783825   data arrival time

                                  0.000000    0.000000   clock clk_i (rise edge)
                                  0.000000    0.000000   clock source latency
     2    0.071915    0.000000    0.000000    0.000000 ^ clk_i (in)
                                                         clk_i (net)
                      0.017664    0.008832    0.008832 ^ clkbuf_regs_0_clk_i/A (sg13g2_buf_16)
     1    0.017999    0.028531    0.087730    0.096562 ^ clkbuf_regs_0_clk_i/X (sg13g2_buf_16)
                                                         clk_i_regs (net)
                      0.028531    0.000184    0.096746 ^ clkbuf_0_clk_i_regs/A (sg13g2_buf_16)
    16    0.181458    0.089892    0.137573    0.234319 ^ clkbuf_0_clk_i_regs/X (sg13g2_buf_16)
                                                         clknet_0_clk_i_regs (net)
                      0.091495    0.009496    0.243816 ^ clkbuf_4_1_0_clk_i_regs/A (sg13g2_buf_8)
     7    0.034455    0.048055    0.144914    0.388730 ^ clkbuf_4_1_0_clk_i_regs/X (sg13g2_buf_8)
                                                         clknet_4_1_0_clk_i_regs (net)
                      0.048069    0.001444    0.390173 ^ _837_/CLK (sg13g2_dfrbpq_1)
                                  0.200000    0.590173   clock uncertainty
                                  0.000000    0.590173   clock reconvergence pessimism
                                 -0.050066    0.540107   library hold time
                                              0.540107   data required time
---------------------------------------------------------------------------------------------
                                              0.540107   data required time
                                             -0.783825   data arrival time
---------------------------------------------------------------------------------------------
                                              0.243718   slack (MET)


Startpoint: s_axil_awaddr[10] (input port clocked by clk_i)
Endpoint: _838_ (rising edge-triggered flip-flop clocked by clk_i)
Path Group: clk_i
Path Type: min

Fanout         Cap        Slew       Delay        Time   Description
---------------------------------------------------------------------------------------------
                                  0.000000    0.000000   clock clk_i (rise edge)
                                  0.000000    0.000000   clock network delay (propagated)
                                  0.500000    0.500000 v input external delay
     1    0.003861    0.000000    0.000000    0.500000 v s_axil_awaddr[10] (in)
                                                         s_axil_awaddr[10] (net)
                      0.000079    0.000039    0.500039 v input79/A (sg13g2_buf_1)
     1    0.011182    0.070173    0.109599    0.609639 v input79/X (sg13g2_buf_1)
                                                         net79 (net)
                      0.070176    0.000543    0.610182 v _740_/A0 (sg13g2_mux2_1)
     1    0.001461    0.040442    0.174297    0.784479 v _740_/X (sg13g2_mux2_1)
                                                         _064_ (net)
                      0.040442    0.000007    0.784486 v _838_/D (sg13g2_dfrbpq_1)
                                              0.784486   data arrival time

                                  0.000000    0.000000   clock clk_i (rise edge)
                                  0.000000    0.000000   clock source latency
     2    0.071915    0.000000    0.000000    0.000000 ^ clk_i (in)
                                                         clk_i (net)
                      0.017664    0.008832    0.008832 ^ clkbuf_regs_0_clk_i/A (sg13g2_buf_16)
     1    0.017999    0.028531    0.087730    0.096562 ^ clkbuf_regs_0_clk_i/X (sg13g2_buf_16)
                                                         clk_i_regs (net)
                      0.028531    0.000184    0.096746 ^ clkbuf_0_clk_i_regs/A (sg13g2_buf_16)
    16    0.181458    0.089892    0.137573    0.234319 ^ clkbuf_0_clk_i_regs/X (sg13g2_buf_16)
                                                         clknet_0_clk_i_regs (net)
                      0.091393    0.009199    0.243518 ^ clkbuf_4_3_0_clk_i_regs/A (sg13g2_buf_8)
     7    0.033137    0.047148    0.143998    0.387516 ^ clkbuf_4_3_0_clk_i_regs/X (sg13g2_buf_8)
                                                         clknet_4_3_0_clk_i_regs (net)
                      0.047176    0.001736    0.389252 ^ _838_/CLK (sg13g2_dfrbpq_1)
                                  0.200000    0.589252   clock uncertainty
                                  0.000000    0.589252   clock reconvergence pessimism
                                 -0.049464    0.539789   library hold time
                                              0.539789   data required time
---------------------------------------------------------------------------------------------
                                              0.539789   data required time
                                             -0.784486   data arrival time
---------------------------------------------------------------------------------------------
                                              0.244697   slack (MET)


Startpoint: s_axil_awaddr[11] (input port clocked by clk_i)
Endpoint: _839_ (rising edge-triggered flip-flop clocked by clk_i)
Path Group: clk_i
Path Type: min

Fanout         Cap        Slew       Delay        Time   Description
---------------------------------------------------------------------------------------------
                                  0.000000    0.000000   clock clk_i (rise edge)
                                  0.000000    0.000000   clock network delay (propagated)
                                  0.500000    0.500000 v input external delay
     1    0.003861    0.000000    0.000000    0.500000 v s_axil_awaddr[11] (in)
                                                         s_axil_awaddr[11] (net)
                      0.000079    0.000039    0.500039 v input80/A (sg13g2_buf_1)
     1    0.011598    0.072240    0.111250    0.611289 v input80/X (sg13g2_buf_1)
                                                         net80 (net)
                      0.072243    0.000590    0.611879 v _741_/A0 (sg13g2_mux2_1)
     1    0.001750    0.041722    0.176691    0.788570 v _741_/X (sg13g2_mux2_1)
                                                         _065_ (net)
                      0.041722    0.000012    0.788582 v _839_/D (sg13g2_dfrbpq_1)
                                              0.788582   data arrival time

                                  0.000000    0.000000   clock clk_i (rise edge)
                                  0.000000    0.000000   clock source latency
     2    0.071915    0.000000    0.000000    0.000000 ^ clk_i (in)
                                                         clk_i (net)
                      0.017664    0.008832    0.008832 ^ clkbuf_regs_0_clk_i/A (sg13g2_buf_16)
     1    0.017999    0.028531    0.087730    0.096562 ^ clkbuf_regs_0_clk_i/X (sg13g2_buf_16)
                                                         clk_i_regs (net)
                      0.028531    0.000184    0.096746 ^ clkbuf_0_clk_i_regs/A (sg13g2_buf_16)
    16    0.181458    0.089892    0.137573    0.234319 ^ clkbuf_0_clk_i_regs/X (sg13g2_buf_16)
                                                         clknet_0_clk_i_regs (net)
                      0.091393    0.009199    0.243518 ^ clkbuf_4_3_0_clk_i_regs/A (sg13g2_buf_8)
     7    0.033137    0.047148    0.143998    0.387516 ^ clkbuf_4_3_0_clk_i_regs/X (sg13g2_buf_8)
                                                         clknet_4_3_0_clk_i_regs (net)
                      0.047175    0.001721    0.389237 ^ _839_/CLK (sg13g2_dfrbpq_1)
                                  0.200000    0.589237   clock uncertainty
                                  0.000000    0.589237   clock reconvergence pessimism
                                 -0.049979    0.539258   library hold time
                                              0.539258   data required time
---------------------------------------------------------------------------------------------
                                              0.539258   data required time
                                             -0.788582   data arrival time
---------------------------------------------------------------------------------------------
                                              0.249325   slack (MET)


Startpoint: s_axil_wstrb[1] (input port clocked by clk_i)
Endpoint: _874_ (rising edge-triggered flip-flop clocked by clk_i)
Path Group: clk_i
Path Type: min

Fanout         Cap        Slew       Delay        Time   Description
---------------------------------------------------------------------------------------------
                                  0.000000    0.000000   clock clk_i (rise edge)
                                  0.000000    0.000000   clock network delay (propagated)
                                  0.500000    0.500000 v input external delay
     1    0.003947    0.000000    0.000000    0.500000 v s_axil_wstrb[1] (in)
                                                         s_axil_wstrb[1] (net)
                      0.000083    0.000041    0.500041 v input146/A (sg13g2_buf_1)
     1    0.011542    0.071959    0.111024    0.611065 v input146/X (sg13g2_buf_1)
                                                         net146 (net)
                      0.071962    0.000591    0.611656 v _780_/A0 (sg13g2_mux2_1)
     1    0.002666    0.044899    0.181457    0.793114 v _780_/X (sg13g2_mux2_1)
                                                         _100_ (net)
                      0.044899    0.000031    0.793145 v _874_/D (sg13g2_dfrbpq_1)
                                              0.793145   data arrival time

                                  0.000000    0.000000   clock clk_i (rise edge)
                                  0.000000    0.000000   clock source latency
     2    0.071915    0.000000    0.000000    0.000000 ^ clk_i (in)
                                                         clk_i (net)
                      0.017664    0.008832    0.008832 ^ clkbuf_regs_0_clk_i/A (sg13g2_buf_16)
     1    0.017999    0.028531    0.087730    0.096562 ^ clkbuf_regs_0_clk_i/X (sg13g2_buf_16)
                                                         clk_i_regs (net)
                      0.028531    0.000184    0.096746 ^ clkbuf_0_clk_i_regs/A (sg13g2_buf_16)
    16    0.181458    0.089892    0.137573    0.234319 ^ clkbuf_0_clk_i_regs/X (sg13g2_buf_16)
                                                         clknet_0_clk_i_regs (net)
                      0.092934    0.012994    0.247313 ^ clkbuf_4_8_0_clk_i_regs/A (sg13g2_buf_8)
     7    0.034933    0.048455    0.146161    0.393474 ^ clkbuf_4_8_0_clk_i_regs/X (sg13g2_buf_8)
                                                         clknet_4_8_0_clk_i_regs (net)
                      0.048462    0.001077    0.394551 ^ _874_/CLK (sg13g2_dfrbpq_1)
                                  0.200000    0.594551   clock uncertainty
                                  0.000000    0.594551   clock reconvergence pessimism
                                 -0.050888    0.543663   library hold time
                                              0.543663   data required time
---------------------------------------------------------------------------------------------
                                              0.543663   data required time
                                             -0.793145   data arrival time
---------------------------------------------------------------------------------------------
                                              0.249481   slack (MET)


Startpoint: s_axil_awaddr[8] (input port clocked by clk_i)
Endpoint: _836_ (rising edge-triggered flip-flop clocked by clk_i)
Path Group: clk_i
Path Type: min

Fanout         Cap        Slew       Delay        Time   Description
---------------------------------------------------------------------------------------------
                                  0.000000    0.000000   clock clk_i (rise edge)
                                  0.000000    0.000000   clock network delay (propagated)
                                  0.500000    0.500000 v input external delay
     1    0.003861    0.000000    0.000000    0.500000 v s_axil_awaddr[8] (in)
                                                         s_axil_awaddr[8] (net)
                      0.000079    0.000039    0.500039 v input108/A (sg13g2_buf_1)
     1    0.011684    0.072664    0.111598    0.611637 v input108/X (sg13g2_buf_1)
                                                         net108 (net)
                      0.072667    0.000583    0.612219 v _738_/A0 (sg13g2_mux2_1)
     1    0.001862    0.042201    0.177465    0.789685 v _738_/X (sg13g2_mux2_1)
                                                         _062_ (net)
                      0.042201    0.000014    0.789699 v _836_/D (sg13g2_dfrbpq_1)
                                              0.789699   data arrival time

                                  0.000000    0.000000   clock clk_i (rise edge)
                                  0.000000    0.000000   clock source latency
     2    0.071915    0.000000    0.000000    0.000000 ^ clk_i (in)
                                                         clk_i (net)
                      0.017664    0.008832    0.008832 ^ clkbuf_regs_0_clk_i/A (sg13g2_buf_16)
     1    0.017999    0.028531    0.087730    0.096562 ^ clkbuf_regs_0_clk_i/X (sg13g2_buf_16)
                                                         clk_i_regs (net)
                      0.028531    0.000184    0.096746 ^ clkbuf_0_clk_i_regs/A (sg13g2_buf_16)
    16    0.181458    0.089892    0.137573    0.234319 ^ clkbuf_0_clk_i_regs/X (sg13g2_buf_16)
                                                         clknet_0_clk_i_regs (net)
                      0.091457    0.009388    0.243707 ^ clkbuf_4_0_0_clk_i_regs/A (sg13g2_buf_8)
     7    0.033273    0.047241    0.144126    0.387833 ^ clkbuf_4_0_0_clk_i_regs/X (sg13g2_buf_8)
                                                         clknet_4_0_0_clk_i_regs (net)
                      0.047263    0.001482    0.389315 ^ _836_/CLK (sg13g2_dfrbpq_1)
                                  0.200000    0.589315   clock uncertainty
                                  0.000000    0.589315   clock reconvergence pessimism
                                 -0.050147    0.539168   library hold time
                                              0.539168   data required time
---------------------------------------------------------------------------------------------
                                              0.539168   data required time
                                             -0.789699   data arrival time
---------------------------------------------------------------------------------------------
                                              0.250531   slack (MET)


Startpoint: s_axil_awaddr[4] (input port clocked by clk_i)
Endpoint: _832_ (rising edge-triggered flip-flop clocked by clk_i)
Path Group: clk_i
Path Type: min

Fanout         Cap        Slew       Delay        Time   Description
---------------------------------------------------------------------------------------------
                                  0.000000    0.000000   clock clk_i (rise edge)
                                  0.000000    0.000000   clock network delay (propagated)
                                  0.500000    0.500000 v input external delay
     1    0.003861    0.000000    0.000000    0.500000 v s_axil_awaddr[4] (in)
                                                         s_axil_awaddr[4] (net)
                      0.000079    0.000039    0.500039 v input104/A (sg13g2_buf_1)
     1    0.014794    0.088241    0.123925    0.623964 v input104/X (sg13g2_buf_1)
                                                         net104 (net)
                      0.088255    0.000948    0.624913 v _734_/A0 (sg13g2_mux2_1)
     1    0.001836    0.042086    0.183796    0.808708 v _734_/X (sg13g2_mux2_1)
                                                         _058_ (net)
                      0.042086    0.000013    0.808722 v _832_/D (sg13g2_dfrbpq_1)
                                              0.808722   data arrival time

                                  0.000000    0.000000   clock clk_i (rise edge)
                                  0.000000    0.000000   clock source latency
     2    0.071915    0.000000    0.000000    0.000000 ^ clk_i (in)
                                                         clk_i (net)
                      0.017664    0.008832    0.008832 ^ clkbuf_regs_0_clk_i/A (sg13g2_buf_16)
     1    0.017999    0.028531    0.087730    0.096562 ^ clkbuf_regs_0_clk_i/X (sg13g2_buf_16)
                                                         clk_i_regs (net)
                      0.028531    0.000184    0.096746 ^ clkbuf_0_clk_i_regs/A (sg13g2_buf_16)
    16    0.181458    0.089892    0.137573    0.234319 ^ clkbuf_0_clk_i_regs/X (sg13g2_buf_16)
                                                         clknet_0_clk_i_regs (net)
                      0.091393    0.009199    0.243518 ^ clkbuf_4_3_0_clk_i_regs/A (sg13g2_buf_8)
     7    0.033137    0.047148    0.143998    0.387516 ^ clkbuf_4_3_0_clk_i_regs/X (sg13g2_buf_8)
                                                         clknet_4_3_0_clk_i_regs (net)
                      0.047175    0.001729    0.389246 ^ _832_/CLK (sg13g2_dfrbpq_1)
                                  0.200000    0.589246   clock uncertainty
                                  0.000000    0.589246   clock reconvergence pessimism
                                 -0.050126    0.539120   library hold time
                                              0.539120   data required time
---------------------------------------------------------------------------------------------
                                              0.539120   data required time
                                             -0.808722   data arrival time
---------------------------------------------------------------------------------------------
                                              0.269602   slack (MET)


Startpoint: s_axil_awaddr[5] (input port clocked by clk_i)
Endpoint: _833_ (rising edge-triggered flip-flop clocked by clk_i)
Path Group: clk_i
Path Type: min

Fanout         Cap        Slew       Delay        Time   Description
---------------------------------------------------------------------------------------------
                                  0.000000    0.000000   clock clk_i (rise edge)
                                  0.000000    0.000000   clock network delay (propagated)
                                  0.500000    0.500000 v input external delay
     1    0.003861    0.000000    0.000000    0.500000 v s_axil_awaddr[5] (in)
                                                         s_axil_awaddr[5] (net)
                      0.000079    0.000039    0.500039 v input105/A (sg13g2_buf_1)
     1    0.015077    0.089663    0.125057    0.625097 v input105/X (sg13g2_buf_1)
                                                         net105 (net)
                      0.089677    0.000963    0.626060 v _735_/A0 (sg13g2_mux2_1)
     1    0.001849    0.042146    0.184458    0.810518 v _735_/X (sg13g2_mux2_1)
                                                         _059_ (net)
                      0.042146    0.000014    0.810532 v _833_/D (sg13g2_dfrbpq_1)
                                              0.810532   data arrival time

                                  0.000000    0.000000   clock clk_i (rise edge)
                                  0.000000    0.000000   clock source latency
     2    0.071915    0.000000    0.000000    0.000000 ^ clk_i (in)
                                                         clk_i (net)
                      0.017664    0.008832    0.008832 ^ clkbuf_regs_0_clk_i/A (sg13g2_buf_16)
     1    0.017999    0.028531    0.087730    0.096562 ^ clkbuf_regs_0_clk_i/X (sg13g2_buf_16)
                                                         clk_i_regs (net)
                      0.028531    0.000184    0.096746 ^ clkbuf_0_clk_i_regs/A (sg13g2_buf_16)
    16    0.181458    0.089892    0.137573    0.234319 ^ clkbuf_0_clk_i_regs/X (sg13g2_buf_16)
                                                         clknet_0_clk_i_regs (net)
                      0.091457    0.009388    0.243707 ^ clkbuf_4_0_0_clk_i_regs/A (sg13g2_buf_8)
     7    0.033273    0.047241    0.144126    0.387833 ^ clkbuf_4_0_0_clk_i_regs/X (sg13g2_buf_8)
                                                         clknet_4_0_0_clk_i_regs (net)
                      0.047260    0.001313    0.389146 ^ _833_/CLK (sg13g2_dfrbpq_1)
                                  0.200000    0.589146   clock uncertainty
                                  0.000000    0.589146   clock reconvergence pessimism
                                 -0.050126    0.539020   library hold time
                                              0.539020   data required time
---------------------------------------------------------------------------------------------
                                              0.539020   data required time
                                             -0.810532   data arrival time
---------------------------------------------------------------------------------------------
                                              0.271512   slack (MET)


Startpoint: s_axil_awaddr[6] (input port clocked by clk_i)
Endpoint: _834_ (rising edge-triggered flip-flop clocked by clk_i)
Path Group: clk_i
Path Type: min

Fanout         Cap        Slew       Delay        Time   Description
---------------------------------------------------------------------------------------------
                                  0.000000    0.000000   clock clk_i (rise edge)
                                  0.000000    0.000000   clock network delay (propagated)
                                  0.500000    0.500000 v input external delay
     1    0.003861    0.000000    0.000000    0.500000 v s_axil_awaddr[6] (in)
                                                         s_axil_awaddr[6] (net)
                      0.000079    0.000039    0.500039 v input106/A (sg13g2_buf_1)
     1    0.015880    0.093700    0.128231    0.628270 v input106/X (sg13g2_buf_1)
                                                         net106 (net)
                      0.093718    0.001077    0.629347 v _736_/A0 (sg13g2_mux2_1)
     1    0.001461    0.040432    0.184068    0.813414 v _736_/X (sg13g2_mux2_1)
                                                         _060_ (net)
                      0.040432    0.000007    0.813421 v _834_/D (sg13g2_dfrbpq_1)
                                              0.813421   data arrival time

                                  0.000000    0.000000   clock clk_i (rise edge)
                                  0.000000    0.000000   clock source latency
     2    0.071915    0.000000    0.000000    0.000000 ^ clk_i (in)
                                                         clk_i (net)
                      0.017664    0.008832    0.008832 ^ clkbuf_regs_0_clk_i/A (sg13g2_buf_16)
     1    0.017999    0.028531    0.087730    0.096562 ^ clkbuf_regs_0_clk_i/X (sg13g2_buf_16)
                                                         clk_i_regs (net)
                      0.028531    0.000184    0.096746 ^ clkbuf_0_clk_i_regs/A (sg13g2_buf_16)
    16    0.181458    0.089892    0.137573    0.234319 ^ clkbuf_0_clk_i_regs/X (sg13g2_buf_16)
                                                         clknet_0_clk_i_regs (net)
                      0.091495    0.009496    0.243816 ^ clkbuf_4_1_0_clk_i_regs/A (sg13g2_buf_8)
     7    0.034455    0.048055    0.144914    0.388730 ^ clkbuf_4_1_0_clk_i_regs/X (sg13g2_buf_8)
                                                         clknet_4_1_0_clk_i_regs (net)
                      0.048065    0.001260    0.389990 ^ _834_/CLK (sg13g2_dfrbpq_1)
                                  0.200000    0.589990   clock uncertainty
                                  0.000000    0.589990   clock reconvergence pessimism
                                 -0.049203    0.540786   library hold time
                                              0.540786   data required time
---------------------------------------------------------------------------------------------
                                              0.540786   data required time
                                             -0.813421   data arrival time
---------------------------------------------------------------------------------------------
                                              0.272635   slack (MET)


Startpoint: s_axil_awaddr[7] (input port clocked by clk_i)
Endpoint: _835_ (rising edge-triggered flip-flop clocked by clk_i)
Path Group: clk_i
Path Type: min

Fanout         Cap        Slew       Delay        Time   Description
---------------------------------------------------------------------------------------------
                                  0.000000    0.000000   clock clk_i (rise edge)
                                  0.000000    0.000000   clock network delay (propagated)
                                  0.500000    0.500000 v input external delay
     1    0.003861    0.000000    0.000000    0.500000 v s_axil_awaddr[7] (in)
                                                         s_axil_awaddr[7] (net)
                      0.000079    0.000039    0.500039 v input107/A (sg13g2_buf_1)
     1    0.015696    0.092776    0.127497    0.627536 v input107/X (sg13g2_buf_1)
                                                         net107 (net)
                      0.092794    0.001066    0.628602 v _737_/A0 (sg13g2_mux2_1)
     1    0.001462    0.040433    0.183685    0.812286 v _737_/X (sg13g2_mux2_1)
                                                         _061_ (net)
                      0.040433    0.000007    0.812293 v _835_/D (sg13g2_dfrbpq_1)
                                              0.812293   data arrival time

                                  0.000000    0.000000   clock clk_i (rise edge)
                                  0.000000    0.000000   clock source latency
     2    0.071915    0.000000    0.000000    0.000000 ^ clk_i (in)
                                                         clk_i (net)
                      0.017664    0.008832    0.008832 ^ clkbuf_regs_0_clk_i/A (sg13g2_buf_16)
     1    0.017999    0.028531    0.087730    0.096562 ^ clkbuf_regs_0_clk_i/X (sg13g2_buf_16)
                                                         clk_i_regs (net)
                      0.028531    0.000184    0.096746 ^ clkbuf_0_clk_i_regs/A (sg13g2_buf_16)
    16    0.181458    0.089892    0.137573    0.234319 ^ clkbuf_0_clk_i_regs/X (sg13g2_buf_16)
                                                         clknet_0_clk_i_regs (net)
                      0.091393    0.009199    0.243518 ^ clkbuf_4_3_0_clk_i_regs/A (sg13g2_buf_8)
     7    0.033137    0.047148    0.143998    0.387516 ^ clkbuf_4_3_0_clk_i_regs/X (sg13g2_buf_8)
                                                         clknet_4_3_0_clk_i_regs (net)
                      0.047170    0.001499    0.389016 ^ _835_/CLK (sg13g2_dfrbpq_1)
                                  0.200000    0.589016   clock uncertainty
                                  0.000000    0.589016   clock reconvergence pessimism
                                 -0.049462    0.539554   library hold time
                                              0.539554   data required time
---------------------------------------------------------------------------------------------
                                              0.539554   data required time
                                             -0.812293   data arrival time
---------------------------------------------------------------------------------------------
                                              0.272739   slack (MET)


Startpoint: s_axil_awaddr[3] (input port clocked by clk_i)
Endpoint: _831_ (rising edge-triggered flip-flop clocked by clk_i)
Path Group: clk_i
Path Type: min

Fanout         Cap        Slew       Delay        Time   Description
---------------------------------------------------------------------------------------------
                                  0.000000    0.000000   clock clk_i (rise edge)
                                  0.000000    0.000000   clock network delay (propagated)
                                  0.500000    0.500000 v input external delay
     1    0.003861    0.000000    0.000000    0.500000 v s_axil_awaddr[3] (in)
                                                         s_axil_awaddr[3] (net)
                      0.000079    0.000039    0.500039 v input103/A (sg13g2_buf_1)
     1    0.017485    0.101794    0.134568    0.634607 v input103/X (sg13g2_buf_1)
                                                         net103 (net)
                      0.101818    0.001322    0.635929 v _733_/A0 (sg13g2_mux2_1)
     1    0.001461    0.040442    0.187421    0.823350 v _733_/X (sg13g2_mux2_1)
                                                         _057_ (net)
                      0.040442    0.000007    0.823357 v _831_/D (sg13g2_dfrbpq_1)
                                              0.823357   data arrival time

                                  0.000000    0.000000   clock clk_i (rise edge)
                                  0.000000    0.000000   clock source latency
     2    0.071915    0.000000    0.000000    0.000000 ^ clk_i (in)
                                                         clk_i (net)
                      0.017664    0.008832    0.008832 ^ clkbuf_regs_0_clk_i/A (sg13g2_buf_16)
     1    0.017999    0.028531    0.087730    0.096562 ^ clkbuf_regs_0_clk_i/X (sg13g2_buf_16)
                                                         clk_i_regs (net)
                      0.028531    0.000184    0.096746 ^ clkbuf_0_clk_i_regs/A (sg13g2_buf_16)
    16    0.181458    0.089892    0.137573    0.234319 ^ clkbuf_0_clk_i_regs/X (sg13g2_buf_16)
                                                         clknet_0_clk_i_regs (net)
                      0.091495    0.009496    0.243816 ^ clkbuf_4_1_0_clk_i_regs/A (sg13g2_buf_8)
     7    0.034455    0.048055    0.144914    0.388730 ^ clkbuf_4_1_0_clk_i_regs/X (sg13g2_buf_8)
                                                         clknet_4_1_0_clk_i_regs (net)
                      0.048069    0.001455    0.390185 ^ _831_/CLK (sg13g2_dfrbpq_1)
                                  0.200000    0.590185   clock uncertainty
                                  0.000000    0.590185   clock reconvergence pessimism
                                 -0.049206    0.540979   library hold time
                                              0.540979   data required time
---------------------------------------------------------------------------------------------
                                              0.540979   data required time
                                             -0.823357   data arrival time
---------------------------------------------------------------------------------------------
                                              0.282378   slack (MET)


Startpoint: s_axil_awaddr[2] (input port clocked by clk_i)
Endpoint: _830_ (rising edge-triggered flip-flop clocked by clk_i)
Path Group: clk_i
Path Type: min

Fanout         Cap        Slew       Delay        Time   Description
---------------------------------------------------------------------------------------------
                                  0.000000    0.000000   clock clk_i (rise edge)
                                  0.000000    0.000000   clock network delay (propagated)
                                  0.500000    0.500000 v input external delay
     1    0.003861    0.000000    0.000000    0.500000 v s_axil_awaddr[2] (in)
                                                         s_axil_awaddr[2] (net)
                      0.000079    0.000039    0.500039 v input100/A (sg13g2_buf_1)
     1    0.017415    0.101437    0.134291    0.634330 v input100/X (sg13g2_buf_1)
                                                         net100 (net)
                      0.101461    0.001308    0.635638 v _732_/A0 (sg13g2_mux2_1)
     1    0.002380    0.044449    0.192176    0.827814 v _732_/X (sg13g2_mux2_1)
                                                         _056_ (net)
                      0.044449    0.000025    0.827839 v _830_/D (sg13g2_dfrbpq_1)
                                              0.827839   data arrival time

                                  0.000000    0.000000   clock clk_i (rise edge)
                                  0.000000    0.000000   clock source latency
     2    0.071915    0.000000    0.000000    0.000000 ^ clk_i (in)
                                                         clk_i (net)
                      0.017664    0.008832    0.008832 ^ clkbuf_regs_0_clk_i/A (sg13g2_buf_16)
     1    0.017999    0.028531    0.087730    0.096562 ^ clkbuf_regs_0_clk_i/X (sg13g2_buf_16)
                                                         clk_i_regs (net)
                      0.028531    0.000184    0.096746 ^ clkbuf_0_clk_i_regs/A (sg13g2_buf_16)
    16    0.181458    0.089892    0.137573    0.234319 ^ clkbuf_0_clk_i_regs/X (sg13g2_buf_16)
                                                         clknet_0_clk_i_regs (net)
                      0.091457    0.009388    0.243707 ^ clkbuf_4_0_0_clk_i_regs/A (sg13g2_buf_8)
     7    0.033273    0.047241    0.144126    0.387833 ^ clkbuf_4_0_0_clk_i_regs/X (sg13g2_buf_8)
                                                         clknet_4_0_0_clk_i_regs (net)
                      0.047264    0.001544    0.389377 ^ _830_/CLK (sg13g2_dfrbpq_1)
                                  0.200000    0.589377   clock uncertainty
                                  0.000000    0.589377   clock reconvergence pessimism
                                 -0.051052    0.538325   library hold time
                                              0.538325   data required time
---------------------------------------------------------------------------------------------
                                              0.538325   data required time
                                             -0.827839   data arrival time
---------------------------------------------------------------------------------------------
                                              0.289514   slack (MET)


Startpoint: s_axil_wstrb[2] (input port clocked by clk_i)
Endpoint: _875_ (rising edge-triggered flip-flop clocked by clk_i)
Path Group: clk_i
Path Type: min

Fanout         Cap        Slew       Delay        Time   Description
---------------------------------------------------------------------------------------------
                                  0.000000    0.000000   clock clk_i (rise edge)
                                  0.000000    0.000000   clock network delay (propagated)
                                  0.500000    0.500000 v input external delay
     1    0.003947    0.000000    0.000000    0.500000 v s_axil_wstrb[2] (in)
                                                         s_axil_wstrb[2] (net)
                      0.000083    0.000041    0.500041 v input147/A (sg13g2_buf_1)
     1    0.020480    0.116938    0.146371    0.646412 v input147/X (sg13g2_buf_1)
                                                         net147 (net)
                      0.116978    0.001815    0.648227 v _781_/A0 (sg13g2_mux2_1)
     1    0.001957    0.041842    0.196339    0.844566 v _781_/X (sg13g2_mux2_1)
                                                         _101_ (net)
                      0.041842    0.000016    0.844582 v _875_/D (sg13g2_dfrbpq_1)
                                              0.844582   data arrival time

                                  0.000000    0.000000   clock clk_i (rise edge)
                                  0.000000    0.000000   clock source latency
     2    0.071915    0.000000    0.000000    0.000000 ^ clk_i (in)
                                                         clk_i (net)
                      0.017664    0.008832    0.008832 ^ clkbuf_regs_0_clk_i/A (sg13g2_buf_16)
     1    0.017999    0.028531    0.087730    0.096562 ^ clkbuf_regs_0_clk_i/X (sg13g2_buf_16)
                                                         clk_i_regs (net)
                      0.028531    0.000184    0.096746 ^ clkbuf_0_clk_i_regs/A (sg13g2_buf_16)
    16    0.181458    0.089892    0.137573    0.234319 ^ clkbuf_0_clk_i_regs/X (sg13g2_buf_16)
                                                         clknet_0_clk_i_regs (net)
                      0.090602    0.006461    0.240781 ^ clkbuf_4_5_0_clk_i_regs/A (sg13g2_buf_8)
     7    0.039279    0.051243    0.147242    0.388023 ^ clkbuf_4_5_0_clk_i_regs/X (sg13g2_buf_8)
                                                         clknet_4_5_0_clk_i_regs (net)
                      0.051296    0.001615    0.389638 ^ _875_/CLK (sg13g2_dfrbpq_1)
                                  0.200000    0.589638   clock uncertainty
                                  0.000000    0.589638   clock reconvergence pessimism
                                 -0.048840    0.540798   library hold time
                                              0.540798   data required time
---------------------------------------------------------------------------------------------
                                              0.540798   data required time
                                             -0.844582   data arrival time
---------------------------------------------------------------------------------------------
                                              0.303784   slack (MET)


Startpoint: s_axil_wstrb[3] (input port clocked by clk_i)
Endpoint: _876_ (rising edge-triggered flip-flop clocked by clk_i)
Path Group: clk_i
Path Type: min

Fanout         Cap        Slew       Delay        Time   Description
---------------------------------------------------------------------------------------------
                                  0.000000    0.000000   clock clk_i (rise edge)
                                  0.000000    0.000000   clock network delay (propagated)
                                  0.500000    0.500000 v input external delay
     1    0.003947    0.000000    0.000000    0.500000 v s_axil_wstrb[3] (in)
                                                         s_axil_wstrb[3] (net)
                      0.000083    0.000041    0.500041 v input148/A (sg13g2_buf_1)
     1    0.020093    0.114979    0.144848    0.644889 v input148/X (sg13g2_buf_1)
                                                         net148 (net)
                      0.115017    0.001748    0.646638 v _782_/A0 (sg13g2_mux2_1)
     1    0.001969    0.041892    0.195588    0.842226 v _782_/X (sg13g2_mux2_1)
                                                         _102_ (net)
                      0.041892    0.000016    0.842242 v _876_/D (sg13g2_dfrbpq_1)
                                              0.842242   data arrival time

                                  0.000000    0.000000   clock clk_i (rise edge)
                                  0.000000    0.000000   clock source latency
     2    0.071915    0.000000    0.000000    0.000000 ^ clk_i (in)
                                                         clk_i (net)
                      0.017664    0.008832    0.008832 ^ clkbuf_regs_0_clk_i/A (sg13g2_buf_16)
     1    0.017999    0.028531    0.087730    0.096562 ^ clkbuf_regs_0_clk_i/X (sg13g2_buf_16)
                                                         clk_i_regs (net)
                      0.028531    0.000184    0.096746 ^ clkbuf_0_clk_i_regs/A (sg13g2_buf_16)
    16    0.181458    0.089892    0.137573    0.234319 ^ clkbuf_0_clk_i_regs/X (sg13g2_buf_16)
                                                         clknet_0_clk_i_regs (net)
                      0.090574    0.006345    0.240665 ^ clkbuf_4_4_0_clk_i_regs/A (sg13g2_buf_8)
     7    0.034705    0.048162    0.144446    0.385110 ^ clkbuf_4_4_0_clk_i_regs/X (sg13g2_buf_8)
                                                         clknet_4_4_0_clk_i_regs (net)
                      0.048188    0.001633    0.386744 ^ _876_/CLK (sg13g2_dfrbpq_1)
                                  0.200000    0.586744   clock uncertainty
                                  0.000000    0.586744   clock reconvergence pessimism
                                 -0.049756    0.536988   library hold time
                                              0.536988   data required time
---------------------------------------------------------------------------------------------
                                              0.536988   data required time
                                             -0.842242   data arrival time
---------------------------------------------------------------------------------------------
                                              0.305254   slack (MET)


Startpoint: s_axil_wstrb[0] (input port clocked by clk_i)
Endpoint: _873_ (rising edge-triggered flip-flop clocked by clk_i)
Path Group: clk_i
Path Type: min

Fanout         Cap        Slew       Delay        Time   Description
---------------------------------------------------------------------------------------------
                                  0.000000    0.000000   clock clk_i (rise edge)
                                  0.000000    0.000000   clock network delay (propagated)
                                  0.500000    0.500000 v input external delay
     1    0.003947    0.000000    0.000000    0.500000 v s_axil_wstrb[0] (in)
                                                         s_axil_wstrb[0] (net)
                      0.000083    0.000041    0.500041 v input145/A (sg13g2_buf_1)
     1    0.020437    0.116720    0.146202    0.646243 v input145/X (sg13g2_buf_1)
                                                         net145 (net)
                      0.116760    0.001807    0.648051 v _779_/A0 (sg13g2_mux2_1)
     1    0.002129    0.042589    0.197168    0.845218 v _779_/X (sg13g2_mux2_1)
                                                         _099_ (net)
                      0.042589    0.000019    0.845238 v _873_/D (sg13g2_dfrbpq_1)
                                              0.845238   data arrival time

                                  0.000000    0.000000   clock clk_i (rise edge)
                                  0.000000    0.000000   clock source latency
     2    0.071915    0.000000    0.000000    0.000000 ^ clk_i (in)
                                                         clk_i (net)
                      0.017664    0.008832    0.008832 ^ clkbuf_regs_0_clk_i/A (sg13g2_buf_16)
     1    0.017999    0.028531    0.087730    0.096562 ^ clkbuf_regs_0_clk_i/X (sg13g2_buf_16)
                                                         clk_i_regs (net)
                      0.028531    0.000184    0.096746 ^ clkbuf_0_clk_i_regs/A (sg13g2_buf_16)
    16    0.181458    0.089892    0.137573    0.234319 ^ clkbuf_0_clk_i_regs/X (sg13g2_buf_16)
                                                         clknet_0_clk_i_regs (net)
                      0.090574    0.006345    0.240665 ^ clkbuf_4_4_0_clk_i_regs/A (sg13g2_buf_8)
     7    0.034705    0.048162    0.144446    0.385110 ^ clkbuf_4_4_0_clk_i_regs/X (sg13g2_buf_8)
                                                         clknet_4_4_0_clk_i_regs (net)
                      0.048187    0.001554    0.386665 ^ _873_/CLK (sg13g2_dfrbpq_1)
                                  0.200000    0.586665   clock uncertainty
                                  0.000000    0.586665   clock reconvergence pessimism
                                 -0.050037    0.536628   library hold time
                                              0.536628   data required time
---------------------------------------------------------------------------------------------
                                              0.536628   data required time
                                             -0.845238   data arrival time
---------------------------------------------------------------------------------------------
                                              0.308610   slack (MET)


Startpoint: s_axil_araddr[19] (input port clocked by clk_i)
Endpoint: _889_ (rising edge-triggered flip-flop clocked by clk_i)
Path Group: clk_i
Path Type: min

Fanout         Cap        Slew       Delay        Time   Description
---------------------------------------------------------------------------------------------
                                  0.000000    0.000000   clock clk_i (rise edge)
                                  0.000000    0.000000   clock network delay (propagated)
                                  0.500000    0.500000 ^ input external delay
     1    0.003992    0.000000    0.000000    0.500000 ^ s_axil_araddr[19] (in)
                                                         s_axil_araddr[19] (net)
                      0.000084    0.000042    0.500042 ^ input55/A (sg13g2_buf_1)
     1    0.002828    0.033095    0.073042    0.573084 ^ input55/X (sg13g2_buf_1)
                                                         net55 (net)
                      0.033095    0.000023    0.573107 ^ _420_/B (sg13g2_nor2_1)
     2    0.007526    0.049807    0.061607    0.634714 v _420_/Y (sg13g2_nor2_1)
                                                         _114_ (net)
                      0.049807    0.000160    0.634874 v _422_/A (sg13g2_and2_1)
     2    0.006470    0.048618    0.122084    0.756958 v _422_/X (sg13g2_and2_1)
                                                         _116_ (net)
                      0.048618    0.000064    0.757022 v _432_/A (sg13g2_nand3_1)
     2    0.020322    0.144869    0.137339    0.894361 ^ _432_/Y (sg13g2_nand3_1)
                                                         _126_ (net)
                      0.144878    0.000907    0.895267 ^ _591_/A (sg13g2_inv_4)
     4    0.016835    0.049794    0.075286    0.970553 v _591_/Y (sg13g2_inv_4)
                                                         _000_ (net)
                      0.049794    0.000151    0.970704 v _889_/D (sg13g2_dfrbpq_1)
                                              0.970704   data arrival time

                                  0.000000    0.000000   clock clk_i (rise edge)
                                  0.000000    0.000000   clock source latency
     2    0.071915    0.000000    0.000000    0.000000 ^ clk_i (in)
                                                         clk_i (net)
                      0.017664    0.008832    0.008832 ^ clkbuf_regs_0_clk_i/A (sg13g2_buf_16)
     1    0.017999    0.028531    0.087730    0.096562 ^ clkbuf_regs_0_clk_i/X (sg13g2_buf_16)
                                                         clk_i_regs (net)
                      0.028531    0.000184    0.096746 ^ clkbuf_0_clk_i_regs/A (sg13g2_buf_16)
    16    0.181458    0.089892    0.137573    0.234319 ^ clkbuf_0_clk_i_regs/X (sg13g2_buf_16)
                                                         clknet_0_clk_i_regs (net)
                      0.091290    0.008894    0.243213 ^ clkbuf_4_2_0_clk_i_regs/A (sg13g2_buf_8)
     7    0.034767    0.048292    0.145123    0.388336 ^ clkbuf_4_2_0_clk_i_regs/X (sg13g2_buf_8)
                                                         clknet_4_2_0_clk_i_regs (net)
                      0.048292    0.000331    0.388667 ^ _889_/CLK (sg13g2_dfrbpq_1)
                                  0.200000    0.588667   clock uncertainty
                                  0.000000    0.588667   clock reconvergence pessimism
                                 -0.052909    0.535758   library hold time
                                              0.535758   data required time
---------------------------------------------------------------------------------------------
                                              0.535758   data required time
                                             -0.970704   data arrival time
---------------------------------------------------------------------------------------------
                                              0.434945   slack (MET)


Startpoint: s_axil_araddr[19] (input port clocked by clk_i)
Endpoint: _887_ (rising edge-triggered flip-flop clocked by clk_i)
Path Group: clk_i
Path Type: min

Fanout         Cap        Slew       Delay        Time   Description
---------------------------------------------------------------------------------------------
                                  0.000000    0.000000   clock clk_i (rise edge)
                                  0.000000    0.000000   clock network delay (propagated)
                                  0.500000    0.500000 ^ input external delay
     1    0.003992    0.000000    0.000000    0.500000 ^ s_axil_araddr[19] (in)
                                                         s_axil_araddr[19] (net)
                      0.000084    0.000042    0.500042 ^ input55/A (sg13g2_buf_1)
     1    0.002828    0.033095    0.073042    0.573084 ^ input55/X (sg13g2_buf_1)
                                                         net55 (net)
                      0.033095    0.000023    0.573107 ^ _420_/B (sg13g2_nor2_1)
     2    0.007526    0.049807    0.061607    0.634714 v _420_/Y (sg13g2_nor2_1)
                                                         _114_ (net)
                      0.049807    0.000160    0.634874 v _422_/A (sg13g2_and2_1)
     2    0.006470    0.048618    0.122084    0.756958 v _422_/X (sg13g2_and2_1)
                                                         _116_ (net)
                      0.048618    0.000064    0.757022 v _432_/A (sg13g2_nand3_1)
     2    0.020322    0.144869    0.137339    0.894361 ^ _432_/Y (sg13g2_nand3_1)
                                                         _126_ (net)
                      0.144870    0.000278    0.894639 ^ _433_/A2 (sg13g2_a21oi_1)
     1    0.002013    0.031807    0.125881    1.020520 v _433_/Y (sg13g2_a21oi_1)
                                                         _018_ (net)
                      0.031807    0.000017    1.020537 v _887_/D (sg13g2_dfrbpq_1)
                                              1.020537   data arrival time

                                  0.000000    0.000000   clock clk_i (rise edge)
                                  0.000000    0.000000   clock source latency
     2    0.071915    0.000000    0.000000    0.000000 ^ clk_i (in)
                                                         clk_i (net)
                      0.017664    0.008832    0.008832 ^ clkbuf_regs_0_clk_i/A (sg13g2_buf_16)
     1    0.017999    0.028531    0.087730    0.096562 ^ clkbuf_regs_0_clk_i/X (sg13g2_buf_16)
                                                         clk_i_regs (net)
                      0.028531    0.000184    0.096746 ^ clkbuf_0_clk_i_regs/A (sg13g2_buf_16)
    16    0.181458    0.089892    0.137573    0.234319 ^ clkbuf_0_clk_i_regs/X (sg13g2_buf_16)
                                                         clknet_0_clk_i_regs (net)
                      0.091290    0.008894    0.243213 ^ clkbuf_4_2_0_clk_i_regs/A (sg13g2_buf_8)
     7    0.034767    0.048292    0.145123    0.388336 ^ clkbuf_4_2_0_clk_i_regs/X (sg13g2_buf_8)
                                                         clknet_4_2_0_clk_i_regs (net)
                      0.048297    0.000975    0.389311 ^ _887_/CLK (sg13g2_dfrbpq_1)
                                  0.200000    0.589311   clock uncertainty
                                  0.000000    0.589311   clock reconvergence pessimism
                                 -0.045662    0.543649   library hold time
                                              0.543649   data required time
---------------------------------------------------------------------------------------------
                                              0.543649   data required time
                                             -1.020537   data arrival time
---------------------------------------------------------------------------------------------
                                              0.476888   slack (MET)


Startpoint: _820_ (rising edge-triggered flip-flop clocked by clk_i)
Endpoint: _820_ (rising edge-triggered flip-flop clocked by clk_i)
Path Group: clk_i
Path Type: min

Fanout         Cap        Slew       Delay        Time   Description
---------------------------------------------------------------------------------------------
                                  0.000000    0.000000   clock clk_i (rise edge)
                                  0.000000    0.000000   clock source latency
     2    0.067269    0.000000    0.000000    0.000000 ^ clk_i (in)
                                                         clk_i (net)
                      0.016385    0.008193    0.008193 ^ clkbuf_regs_0_clk_i/A (sg13g2_buf_16)
     1    0.015676    0.027653    0.086298    0.094491 ^ clkbuf_regs_0_clk_i/X (sg13g2_buf_16)
                                                         clk_i_regs (net)
                      0.027653    0.000160    0.094650 ^ clkbuf_0_clk_i_regs/A (sg13g2_buf_16)
    16    0.164023    0.082918    0.132617    0.227268 ^ clkbuf_0_clk_i_regs/X (sg13g2_buf_16)
                                                         clknet_0_clk_i_regs (net)
                      0.085933    0.012415    0.239683 ^ clkbuf_4_12_0_clk_i_regs/A (sg13g2_buf_8)
     7    0.024586    0.041280    0.136013    0.375696 ^ clkbuf_4_12_0_clk_i_regs/X (sg13g2_buf_8)
                                                         clknet_4_12_0_clk_i_regs (net)
                      0.041280    0.000361    0.376057 ^ _820_/CLK (sg13g2_dfrbpq_1)
     2    0.062812    0.324569    0.482950    0.859006 v _820_/Q (sg13g2_dfrbpq_1)
                                                         net172 (net)
                      0.324569    0.000368    0.859374 v _701_/B (sg13g2_nand2b_1)
     1    0.003947    0.047428    0.146172    1.005546 ^ _701_/Y (sg13g2_nand2b_1)
                                                         _314_ (net)
                      0.047428    0.000049    1.005596 ^ _703_/A2 (sg13g2_o21ai_1)
     1    0.001592    0.038920    0.074848    1.080443 v _703_/Y (sg13g2_o21ai_1)
                                                         _046_ (net)
                      0.038920    0.000009    1.080452 v _820_/D (sg13g2_dfrbpq_1)
                                              1.080452   data arrival time

                                  0.000000    0.000000   clock clk_i (rise edge)
                                  0.000000    0.000000   clock source latency
     2    0.071915    0.000000    0.000000    0.000000 ^ clk_i (in)
                                                         clk_i (net)
                      0.017664    0.008832    0.008832 ^ clkbuf_regs_0_clk_i/A (sg13g2_buf_16)
     1    0.017999    0.028531    0.087730    0.096562 ^ clkbuf_regs_0_clk_i/X (sg13g2_buf_16)
                                                         clk_i_regs (net)
                      0.028531    0.000184    0.096746 ^ clkbuf_0_clk_i_regs/A (sg13g2_buf_16)
    16    0.181458    0.089892    0.137573    0.234319 ^ clkbuf_0_clk_i_regs/X (sg13g2_buf_16)
                                                         clknet_0_clk_i_regs (net)
                      0.093316    0.013787    0.248106 ^ clkbuf_4_12_0_clk_i_regs/A (sg13g2_buf_8)
     7    0.027540    0.043507    0.141993    0.390099 ^ clkbuf_4_12_0_clk_i_regs/X (sg13g2_buf_8)
                                                         clknet_4_12_0_clk_i_regs (net)
                      0.043507    0.000404    0.390503 ^ _820_/CLK (sg13g2_dfrbpq_1)
                                  0.200000    0.590503   clock uncertainty
                                 -0.014447    0.576057   clock reconvergence pessimism
                                 -0.049908    0.526149   library hold time
                                              0.526149   data required time
---------------------------------------------------------------------------------------------
                                              0.526149   data required time
                                             -1.080452   data arrival time
---------------------------------------------------------------------------------------------
                                              0.554303   slack (MET)


Startpoint: _823_ (rising edge-triggered flip-flop clocked by clk_i)
Endpoint: _823_ (rising edge-triggered flip-flop clocked by clk_i)
Path Group: clk_i
Path Type: min

Fanout         Cap        Slew       Delay        Time   Description
---------------------------------------------------------------------------------------------
                                  0.000000    0.000000   clock clk_i (rise edge)
                                  0.000000    0.000000   clock source latency
     2    0.067269    0.000000    0.000000    0.000000 ^ clk_i (in)
                                                         clk_i (net)
                      0.016385    0.008193    0.008193 ^ clkbuf_regs_0_clk_i/A (sg13g2_buf_16)
     1    0.015676    0.027653    0.086298    0.094491 ^ clkbuf_regs_0_clk_i/X (sg13g2_buf_16)
                                                         clk_i_regs (net)
                      0.027653    0.000160    0.094650 ^ clkbuf_0_clk_i_regs/A (sg13g2_buf_16)
    16    0.164023    0.082918    0.132617    0.227268 ^ clkbuf_0_clk_i_regs/X (sg13g2_buf_16)
                                                         clknet_0_clk_i_regs (net)
                      0.085880    0.012305    0.239572 ^ clkbuf_4_13_0_clk_i_regs/A (sg13g2_buf_8)
     7    0.025146    0.041647    0.136263    0.375835 ^ clkbuf_4_13_0_clk_i_regs/X (sg13g2_buf_8)
                                                         clknet_4_13_0_clk_i_regs (net)
                      0.041647    0.000251    0.376086 ^ _823_/CLK (sg13g2_dfrbpq_1)
     2    0.065678    0.338701    0.493346    0.869432 v _823_/Q (sg13g2_dfrbpq_1)
                                                         net175 (net)
                      0.338701    0.000165    0.869598 v _710_/B (sg13g2_nand2b_1)
     1    0.003702    0.046099    0.146836    1.016434 ^ _710_/Y (sg13g2_nand2b_1)
                                                         _320_ (net)
                      0.046099    0.000041    1.016475 ^ _712_/A2 (sg13g2_o21ai_1)
     1    0.001501    0.038020    0.073676    1.090150 v _712_/Y (sg13g2_o21ai_1)
                                                         _049_ (net)
                      0.038020    0.000008    1.090158 v _823_/D (sg13g2_dfrbpq_1)
                                              1.090158   data arrival time

                                  0.000000    0.000000   clock clk_i (rise edge)
                                  0.000000    0.000000   clock source latency
     2    0.071915    0.000000    0.000000    0.000000 ^ clk_i (in)
                                                         clk_i (net)
                      0.017664    0.008832    0.008832 ^ clkbuf_regs_0_clk_i/A (sg13g2_buf_16)
     1    0.017999    0.028531    0.087730    0.096562 ^ clkbuf_regs_0_clk_i/X (sg13g2_buf_16)
                                                         clk_i_regs (net)
                      0.028531    0.000184    0.096746 ^ clkbuf_0_clk_i_regs/A (sg13g2_buf_16)
    16    0.181458    0.089892    0.137573    0.234319 ^ clkbuf_0_clk_i_regs/X (sg13g2_buf_16)
                                                         clknet_0_clk_i_regs (net)
                      0.093255    0.013662    0.247981 ^ clkbuf_4_13_0_clk_i_regs/A (sg13g2_buf_8)
     7    0.028100    0.043870    0.142229    0.390211 ^ clkbuf_4_13_0_clk_i_regs/X (sg13g2_buf_8)
                                                         clknet_4_13_0_clk_i_regs (net)
                      0.043870    0.000279    0.390489 ^ _823_/CLK (sg13g2_dfrbpq_1)
                                  0.200000    0.590489   clock uncertainty
                                 -0.014403    0.576086   clock reconvergence pessimism
                                 -0.049441    0.526645   library hold time
                                              0.526645   data required time
---------------------------------------------------------------------------------------------
                                              0.526645   data required time
                                             -1.090158   data arrival time
---------------------------------------------------------------------------------------------
                                              0.563513   slack (MET)


Startpoint: _822_ (rising edge-triggered flip-flop clocked by clk_i)
Endpoint: _822_ (rising edge-triggered flip-flop clocked by clk_i)
Path Group: clk_i
Path Type: min

Fanout         Cap        Slew       Delay        Time   Description
---------------------------------------------------------------------------------------------
                                  0.000000    0.000000   clock clk_i (rise edge)
                                  0.000000    0.000000   clock source latency
     2    0.067269    0.000000    0.000000    0.000000 ^ clk_i (in)
                                                         clk_i (net)
                      0.016385    0.008193    0.008193 ^ clkbuf_regs_0_clk_i/A (sg13g2_buf_16)
     1    0.015676    0.027653    0.086298    0.094491 ^ clkbuf_regs_0_clk_i/X (sg13g2_buf_16)
                                                         clk_i_regs (net)
                      0.027653    0.000160    0.094650 ^ clkbuf_0_clk_i_regs/A (sg13g2_buf_16)
    16    0.164023    0.082918    0.132617    0.227268 ^ clkbuf_0_clk_i_regs/X (sg13g2_buf_16)
                                                         clknet_0_clk_i_regs (net)
                      0.085933    0.012415    0.239683 ^ clkbuf_4_12_0_clk_i_regs/A (sg13g2_buf_8)
     7    0.024586    0.041280    0.136013    0.375696 ^ clkbuf_4_12_0_clk_i_regs/X (sg13g2_buf_8)
                                                         clknet_4_12_0_clk_i_regs (net)
                      0.041280    0.000147    0.375843 ^ _822_/CLK (sg13g2_dfrbpq_1)
     2    0.064117    0.331035    0.487479    0.863322 v _822_/Q (sg13g2_dfrbpq_1)
                                                         net174 (net)
                      0.331036    0.000420    0.863742 v _707_/B (sg13g2_nand2b_1)
     1    0.004083    0.048202    0.148636    1.012378 ^ _707_/Y (sg13g2_nand2b_1)
                                                         _318_ (net)
                      0.048202    0.000056    1.012433 ^ _709_/A2 (sg13g2_o21ai_1)
     1    0.001838    0.041061    0.076901    1.089334 v _709_/Y (sg13g2_o21ai_1)
                                                         _048_ (net)
                      0.041061    0.000013    1.089348 v _822_/D (sg13g2_dfrbpq_1)
                                              1.089348   data arrival time

                                  0.000000    0.000000   clock clk_i (rise edge)
                                  0.000000    0.000000   clock source latency
     2    0.071915    0.000000    0.000000    0.000000 ^ clk_i (in)
                                                         clk_i (net)
                      0.017664    0.008832    0.008832 ^ clkbuf_regs_0_clk_i/A (sg13g2_buf_16)
     1    0.017999    0.028531    0.087730    0.096562 ^ clkbuf_regs_0_clk_i/X (sg13g2_buf_16)
                                                         clk_i_regs (net)
                      0.028531    0.000184    0.096746 ^ clkbuf_0_clk_i_regs/A (sg13g2_buf_16)
    16    0.181458    0.089892    0.137573    0.234319 ^ clkbuf_0_clk_i_regs/X (sg13g2_buf_16)
                                                         clknet_0_clk_i_regs (net)
                      0.093316    0.013787    0.248106 ^ clkbuf_4_12_0_clk_i_regs/A (sg13g2_buf_8)
     7    0.027540    0.043507    0.141993    0.390099 ^ clkbuf_4_12_0_clk_i_regs/X (sg13g2_buf_8)
                                                         clknet_4_12_0_clk_i_regs (net)
                      0.043507    0.000165    0.390264 ^ _822_/CLK (sg13g2_dfrbpq_1)
                                  0.200000    0.590264   clock uncertainty
                                 -0.014421    0.575843   clock reconvergence pessimism
                                 -0.050770    0.525073   library hold time
                                              0.525073   data required time
---------------------------------------------------------------------------------------------
                                              0.525073   data required time
                                             -1.089348   data arrival time
---------------------------------------------------------------------------------------------
                                              0.564275   slack (MET)


Startpoint: _888_ (rising edge-triggered flip-flop clocked by clk_i)
Endpoint: _816_ (rising edge-triggered flip-flop clocked by clk_i)
Path Group: clk_i
Path Type: min

Fanout         Cap        Slew       Delay        Time   Description
---------------------------------------------------------------------------------------------
                                  0.000000    0.000000   clock clk_i (rise edge)
                                  0.000000    0.000000   clock source latency
     2    0.067269    0.000000    0.000000    0.000000 ^ clk_i (in)
                                                         clk_i (net)
                      0.016385    0.008193    0.008193 ^ clkbuf_regs_0_clk_i/A (sg13g2_buf_16)
     1    0.015676    0.027653    0.086298    0.094491 ^ clkbuf_regs_0_clk_i/X (sg13g2_buf_16)
                                                         clk_i_regs (net)
                      0.027653    0.000160    0.094650 ^ clkbuf_0_clk_i_regs/A (sg13g2_buf_16)
    16    0.164023    0.082918    0.132617    0.227268 ^ clkbuf_0_clk_i_regs/X (sg13g2_buf_16)
                                                         clknet_0_clk_i_regs (net)
                      0.084160    0.008002    0.235270 ^ clkbuf_4_2_0_clk_i_regs/A (sg13g2_buf_8)
     7    0.031812    0.046085    0.139297    0.374567 ^ clkbuf_4_2_0_clk_i_regs/X (sg13g2_buf_8)
                                                         clknet_4_2_0_clk_i_regs (net)
                      0.046087    0.000473    0.375040 ^ _888_/CLK (sg13g2_dfrbpq_1)
     2    0.005345    0.042385    0.273706    0.648746 v _888_/Q (sg13g2_dfrbpq_1)
                                                         read_state_q[1] (net)
                      0.042385    0.000090    0.648835 v fanout223/A (sg13g2_buf_1)
     8    0.026697    0.145924    0.192379    0.841215 v fanout223/X (sg13g2_buf_1)
                                                         net223 (net)
                      0.145924    0.000390    0.841605 v _690_/A (sg13g2_nand2_1)
     1    0.019205    0.137084    0.177434    1.019040 ^ _690_/Y (sg13g2_nand2_1)
                                                         _307_ (net)
                      0.137111    0.001574    1.020613 ^ _691_/B1 (sg13g2_o21ai_1)
     1    0.001592    0.038821    0.086137    1.106750 v _691_/Y (sg13g2_o21ai_1)
                                                         _042_ (net)
                      0.038821    0.000009    1.106759 v _816_/D (sg13g2_dfrbpq_1)
                                              1.106759   data arrival time

                                  0.000000    0.000000   clock clk_i (rise edge)
                                  0.000000    0.000000   clock source latency
     2    0.071915    0.000000    0.000000    0.000000 ^ clk_i (in)
                                                         clk_i (net)
                      0.017664    0.008832    0.008832 ^ clkbuf_regs_0_clk_i/A (sg13g2_buf_16)
     1    0.017999    0.028531    0.087730    0.096562 ^ clkbuf_regs_0_clk_i/X (sg13g2_buf_16)
                                                         clk_i_regs (net)
                      0.028531    0.000184    0.096746 ^ clkbuf_0_clk_i_regs/A (sg13g2_buf_16)
    16    0.181458    0.089892    0.137573    0.234319 ^ clkbuf_0_clk_i_regs/X (sg13g2_buf_16)
                                                         clknet_0_clk_i_regs (net)
                      0.092934    0.012994    0.247313 ^ clkbuf_4_8_0_clk_i_regs/A (sg13g2_buf_8)
     7    0.034933    0.048455    0.146161    0.393474 ^ clkbuf_4_8_0_clk_i_regs/X (sg13g2_buf_8)
                                                         clknet_4_8_0_clk_i_regs (net)
                      0.048456    0.000407    0.393882 ^ _816_/CLK (sg13g2_dfrbpq_1)
                                  0.200000    0.593882   clock uncertainty
                                 -0.007052    0.586830   clock reconvergence pessimism
                                 -0.048442    0.538388   library hold time
                                              0.538388   data required time
---------------------------------------------------------------------------------------------
                                              0.538388   data required time
                                             -1.106759   data arrival time
---------------------------------------------------------------------------------------------
                                              0.568371   slack (MET)


Startpoint: _888_ (rising edge-triggered flip-flop clocked by clk_i)
Endpoint: _818_ (rising edge-triggered flip-flop clocked by clk_i)
Path Group: clk_i
Path Type: min

Fanout         Cap        Slew       Delay        Time   Description
---------------------------------------------------------------------------------------------
                                  0.000000    0.000000   clock clk_i (rise edge)
                                  0.000000    0.000000   clock source latency
     2    0.067269    0.000000    0.000000    0.000000 ^ clk_i (in)
                                                         clk_i (net)
                      0.016385    0.008193    0.008193 ^ clkbuf_regs_0_clk_i/A (sg13g2_buf_16)
     1    0.015676    0.027653    0.086298    0.094491 ^ clkbuf_regs_0_clk_i/X (sg13g2_buf_16)
                                                         clk_i_regs (net)
                      0.027653    0.000160    0.094650 ^ clkbuf_0_clk_i_regs/A (sg13g2_buf_16)
    16    0.164023    0.082918    0.132617    0.227268 ^ clkbuf_0_clk_i_regs/X (sg13g2_buf_16)
                                                         clknet_0_clk_i_regs (net)
                      0.084160    0.008002    0.235270 ^ clkbuf_4_2_0_clk_i_regs/A (sg13g2_buf_8)
     7    0.031812    0.046085    0.139297    0.374567 ^ clkbuf_4_2_0_clk_i_regs/X (sg13g2_buf_8)
                                                         clknet_4_2_0_clk_i_regs (net)
                      0.046087    0.000473    0.375040 ^ _888_/CLK (sg13g2_dfrbpq_1)
     2    0.005345    0.042385    0.273706    0.648746 v _888_/Q (sg13g2_dfrbpq_1)
                                                         read_state_q[1] (net)
                      0.042385    0.000090    0.648835 v fanout223/A (sg13g2_buf_1)
     8    0.026697    0.145924    0.192379    0.841215 v fanout223/X (sg13g2_buf_1)
                                                         net223 (net)
                      0.145926    0.000674    0.841888 v _696_/A (sg13g2_nand2_1)
     1    0.019333    0.137944    0.178166    1.020054 ^ _696_/Y (sg13g2_nand2_1)
                                                         _311_ (net)
                      0.137972    0.001611    1.021665 ^ _697_/B1 (sg13g2_o21ai_1)
     1    0.001755    0.039920    0.087657    1.109322 v _697_/Y (sg13g2_o21ai_1)
                                                         _044_ (net)
                      0.039920    0.000012    1.109334 v _818_/D (sg13g2_dfrbpq_1)
                                              1.109334   data arrival time

                                  0.000000    0.000000   clock clk_i (rise edge)
                                  0.000000    0.000000   clock source latency
     2    0.071915    0.000000    0.000000    0.000000 ^ clk_i (in)
                                                         clk_i (net)
                      0.017664    0.008832    0.008832 ^ clkbuf_regs_0_clk_i/A (sg13g2_buf_16)
     1    0.017999    0.028531    0.087730    0.096562 ^ clkbuf_regs_0_clk_i/X (sg13g2_buf_16)
                                                         clk_i_regs (net)
                      0.028531    0.000184    0.096746 ^ clkbuf_0_clk_i_regs/A (sg13g2_buf_16)
    16    0.181458    0.089892    0.137573    0.234319 ^ clkbuf_0_clk_i_regs/X (sg13g2_buf_16)
                                                         clknet_0_clk_i_regs (net)
                      0.092934    0.012994    0.247313 ^ clkbuf_4_8_0_clk_i_regs/A (sg13g2_buf_8)
     7    0.034933    0.048455    0.146161    0.393474 ^ clkbuf_4_8_0_clk_i_regs/X (sg13g2_buf_8)
                                                         clknet_4_8_0_clk_i_regs (net)
                      0.048455    0.000135    0.393609 ^ _818_/CLK (sg13g2_dfrbpq_1)
                                  0.200000    0.593609   clock uncertainty
                                 -0.007052    0.586557   clock reconvergence pessimism
                                 -0.048885    0.537672   library hold time
                                              0.537672   data required time
---------------------------------------------------------------------------------------------
                                              0.537672   data required time
                                             -1.109334   data arrival time
---------------------------------------------------------------------------------------------
                                              0.571662   slack (MET)


Startpoint: _888_ (rising edge-triggered flip-flop clocked by clk_i)
Endpoint: _817_ (rising edge-triggered flip-flop clocked by clk_i)
Path Group: clk_i
Path Type: min

Fanout         Cap        Slew       Delay        Time   Description
---------------------------------------------------------------------------------------------
                                  0.000000    0.000000   clock clk_i (rise edge)
                                  0.000000    0.000000   clock source latency
     2    0.067269    0.000000    0.000000    0.000000 ^ clk_i (in)
                                                         clk_i (net)
                      0.016385    0.008193    0.008193 ^ clkbuf_regs_0_clk_i/A (sg13g2_buf_16)
     1    0.015676    0.027653    0.086298    0.094491 ^ clkbuf_regs_0_clk_i/X (sg13g2_buf_16)
                                                         clk_i_regs (net)
                      0.027653    0.000160    0.094650 ^ clkbuf_0_clk_i_regs/A (sg13g2_buf_16)
    16    0.164023    0.082918    0.132617    0.227268 ^ clkbuf_0_clk_i_regs/X (sg13g2_buf_16)
                                                         clknet_0_clk_i_regs (net)
                      0.084160    0.008002    0.235270 ^ clkbuf_4_2_0_clk_i_regs/A (sg13g2_buf_8)
     7    0.031812    0.046085    0.139297    0.374567 ^ clkbuf_4_2_0_clk_i_regs/X (sg13g2_buf_8)
                                                         clknet_4_2_0_clk_i_regs (net)
                      0.046087    0.000473    0.375040 ^ _888_/CLK (sg13g2_dfrbpq_1)
     2    0.005345    0.042385    0.273706    0.648746 v _888_/Q (sg13g2_dfrbpq_1)
                                                         read_state_q[1] (net)
                      0.042385    0.000090    0.648835 v fanout223/A (sg13g2_buf_1)
     8    0.026697    0.145924    0.192379    0.841215 v fanout223/X (sg13g2_buf_1)
                                                         net223 (net)
                      0.145925    0.000590    0.841805 v _693_/A (sg13g2_nand2_1)
     1    0.018876    0.135165    0.175522    1.017327 ^ _693_/Y (sg13g2_nand2_1)
                                                         _309_ (net)
                      0.135191    0.001557    1.018884 ^ _694_/B1 (sg13g2_o21ai_1)
     1    0.001795    0.040208    0.087337    1.106221 v _694_/Y (sg13g2_o21ai_1)
                                                         _043_ (net)
                      0.040208    0.000013    1.106234 v _817_/D (sg13g2_dfrbpq_1)
                                              1.106234   data arrival time

                                  0.000000    0.000000   clock clk_i (rise edge)
                                  0.000000    0.000000   clock source latency
     2    0.071915    0.000000    0.000000    0.000000 ^ clk_i (in)
                                                         clk_i (net)
                      0.017664    0.008832    0.008832 ^ clkbuf_regs_0_clk_i/A (sg13g2_buf_16)
     1    0.017999    0.028531    0.087730    0.096562 ^ clkbuf_regs_0_clk_i/X (sg13g2_buf_16)
                                                         clk_i_regs (net)
                      0.028531    0.000184    0.096746 ^ clkbuf_0_clk_i_regs/A (sg13g2_buf_16)
    16    0.181458    0.089892    0.137573    0.234319 ^ clkbuf_0_clk_i_regs/X (sg13g2_buf_16)
                                                         clknet_0_clk_i_regs (net)
                      0.093316    0.013787    0.248106 ^ clkbuf_4_12_0_clk_i_regs/A (sg13g2_buf_8)
     7    0.027540    0.043507    0.141993    0.390099 ^ clkbuf_4_12_0_clk_i_regs/X (sg13g2_buf_8)
                                                         clknet_4_12_0_clk_i_regs (net)
                      0.043507    0.000347    0.390446 ^ _817_/CLK (sg13g2_dfrbpq_1)
                                  0.200000    0.590446   clock uncertainty
                                 -0.007052    0.583394   clock reconvergence pessimism
                                 -0.050427    0.532968   library hold time
                                              0.532968   data required time
---------------------------------------------------------------------------------------------
                                              0.532968   data required time
                                             -1.106234   data arrival time
---------------------------------------------------------------------------------------------
                                              0.573266   slack (MET)


Startpoint: _821_ (rising edge-triggered flip-flop clocked by clk_i)
Endpoint: _821_ (rising edge-triggered flip-flop clocked by clk_i)
Path Group: clk_i
Path Type: min

Fanout         Cap        Slew       Delay        Time   Description
---------------------------------------------------------------------------------------------
                                  0.000000    0.000000   clock clk_i (rise edge)
                                  0.000000    0.000000   clock source latency
     2    0.067269    0.000000    0.000000    0.000000 ^ clk_i (in)
                                                         clk_i (net)
                      0.016385    0.008193    0.008193 ^ clkbuf_regs_0_clk_i/A (sg13g2_buf_16)
     1    0.015676    0.027653    0.086298    0.094491 ^ clkbuf_regs_0_clk_i/X (sg13g2_buf_16)
                                                         clk_i_regs (net)
                      0.027653    0.000160    0.094650 ^ clkbuf_0_clk_i_regs/A (sg13g2_buf_16)
    16    0.164023    0.082918    0.132617    0.227268 ^ clkbuf_0_clk_i_regs/X (sg13g2_buf_16)
                                                         clknet_0_clk_i_regs (net)
                      0.085646    0.011803    0.239071 ^ clkbuf_4_9_0_clk_i_regs/A (sg13g2_buf_8)
     7    0.024100    0.040945    0.135571    0.374642 ^ clkbuf_4_9_0_clk_i_regs/X (sg13g2_buf_8)
                                                         clknet_4_9_0_clk_i_regs (net)
                      0.040945    0.000182    0.374824 ^ _821_/CLK (sg13g2_dfrbpq_1)
     2    0.065034    0.335503    0.490518    0.865343 v _821_/Q (sg13g2_dfrbpq_1)
                                                         net173 (net)
                      0.335504    0.000388    0.865730 v _704_/B (sg13g2_nand2b_1)
     1    0.004322    0.050087    0.151198    1.016928 ^ _704_/Y (sg13g2_nand2b_1)
                                                         _316_ (net)
                      0.050087    0.000065    1.016993 ^ _706_/A2 (sg13g2_o21ai_1)
     1    0.002230    0.044541    0.080447    1.097440 v _706_/Y (sg13g2_o21ai_1)
                                                         _047_ (net)
                      0.044541    0.000021    1.097461 v _821_/D (sg13g2_dfrbpq_1)
                                              1.097461   data arrival time

                                  0.000000    0.000000   clock clk_i (rise edge)
                                  0.000000    0.000000   clock source latency
     2    0.071915    0.000000    0.000000    0.000000 ^ clk_i (in)
                                                         clk_i (net)
                      0.017664    0.008832    0.008832 ^ clkbuf_regs_0_clk_i/A (sg13g2_buf_16)
     1    0.017999    0.028531    0.087730    0.096562 ^ clkbuf_regs_0_clk_i/X (sg13g2_buf_16)
                                                         clk_i_regs (net)
                      0.028531    0.000184    0.096746 ^ clkbuf_0_clk_i_regs/A (sg13g2_buf_16)
    16    0.181458    0.089892    0.137573    0.234319 ^ clkbuf_0_clk_i_regs/X (sg13g2_buf_16)
                                                         clknet_0_clk_i_regs (net)
                      0.092986    0.013104    0.247423 ^ clkbuf_4_9_0_clk_i_regs/A (sg13g2_buf_8)
     7    0.027055    0.043173    0.141530    0.388954 ^ clkbuf_4_9_0_clk_i_regs/X (sg13g2_buf_8)
                                                         clknet_4_9_0_clk_i_regs (net)
                      0.043173    0.000204    0.389158 ^ _821_/CLK (sg13g2_dfrbpq_1)
                                  0.200000    0.589158   clock uncertainty
                                 -0.014334    0.574824   clock reconvergence pessimism
                                 -0.052268    0.522556   library hold time
                                              0.522556   data required time
---------------------------------------------------------------------------------------------
                                              0.522556   data required time
                                             -1.097461   data arrival time
---------------------------------------------------------------------------------------------
                                              0.574905   slack (MET)


Startpoint: _824_ (rising edge-triggered flip-flop clocked by clk_i)
Endpoint: _824_ (rising edge-triggered flip-flop clocked by clk_i)
Path Group: clk_i
Path Type: min

Fanout         Cap        Slew       Delay        Time   Description
---------------------------------------------------------------------------------------------
                                  0.000000    0.000000   clock clk_i (rise edge)
                                  0.000000    0.000000   clock source latency
     2    0.067269    0.000000    0.000000    0.000000 ^ clk_i (in)
                                                         clk_i (net)
                      0.016385    0.008193    0.008193 ^ clkbuf_regs_0_clk_i/A (sg13g2_buf_16)
     1    0.015676    0.027653    0.086298    0.094491 ^ clkbuf_regs_0_clk_i/X (sg13g2_buf_16)
                                                         clk_i_regs (net)
                      0.027653    0.000160    0.094650 ^ clkbuf_0_clk_i_regs/A (sg13g2_buf_16)
    16    0.164023    0.082918    0.132617    0.227268 ^ clkbuf_0_clk_i_regs/X (sg13g2_buf_16)
                                                         clknet_0_clk_i_regs (net)
                      0.085646    0.011803    0.239071 ^ clkbuf_4_9_0_clk_i_regs/A (sg13g2_buf_8)
     7    0.024100    0.040945    0.135571    0.374642 ^ clkbuf_4_9_0_clk_i_regs/X (sg13g2_buf_8)
                                                         clknet_4_9_0_clk_i_regs (net)
                      0.040945    0.000227    0.374869 ^ _824_/CLK (sg13g2_dfrbpq_1)
     2    0.070019    0.362654    0.507692    0.882560 v _824_/Q (sg13g2_dfrbpq_1)
                                                         net176 (net)
                      0.362654    0.000172    0.882732 v _713_/B (sg13g2_nand2b_1)
     1    0.003219    0.043406    0.146562    1.029294 ^ _713_/Y (sg13g2_nand2b_1)
                                                         _322_ (net)
                      0.043406    0.000025    1.029319 ^ _715_/A2 (sg13g2_o21ai_1)
     1    0.001881    0.040978    0.075328    1.104647 v _715_/Y (sg13g2_o21ai_1)
                                                         _050_ (net)
                      0.040978    0.000014    1.104661 v _824_/D (sg13g2_dfrbpq_1)
                                              1.104661   data arrival time

                                  0.000000    0.000000   clock clk_i (rise edge)
                                  0.000000    0.000000   clock source latency
     2    0.071915    0.000000    0.000000    0.000000 ^ clk_i (in)
                                                         clk_i (net)
                      0.017664    0.008832    0.008832 ^ clkbuf_regs_0_clk_i/A (sg13g2_buf_16)
     1    0.017999    0.028531    0.087730    0.096562 ^ clkbuf_regs_0_clk_i/X (sg13g2_buf_16)
                                                         clk_i_regs (net)
                      0.028531    0.000184    0.096746 ^ clkbuf_0_clk_i_regs/A (sg13g2_buf_16)
    16    0.181458    0.089892    0.137573    0.234319 ^ clkbuf_0_clk_i_regs/X (sg13g2_buf_16)
                                                         clknet_0_clk_i_regs (net)
                      0.092986    0.013104    0.247423 ^ clkbuf_4_9_0_clk_i_regs/A (sg13g2_buf_8)
     7    0.027055    0.043173    0.141530    0.388954 ^ clkbuf_4_9_0_clk_i_regs/X (sg13g2_buf_8)
                                                         clknet_4_9_0_clk_i_regs (net)
                      0.043173    0.000254    0.389207 ^ _824_/CLK (sg13g2_dfrbpq_1)
                                  0.200000    0.589207   clock uncertainty
                                 -0.014339    0.574869   clock reconvergence pessimism
                                 -0.050833    0.524036   library hold time
                                              0.524036   data required time
---------------------------------------------------------------------------------------------
                                              0.524036   data required time
                                             -1.104661   data arrival time
---------------------------------------------------------------------------------------------
                                              0.580626   slack (MET)


Startpoint: _827_ (rising edge-triggered flip-flop clocked by clk_i)
Endpoint: _827_ (rising edge-triggered flip-flop clocked by clk_i)
Path Group: clk_i
Path Type: min

Fanout         Cap        Slew       Delay        Time   Description
---------------------------------------------------------------------------------------------
                                  0.000000    0.000000   clock clk_i (rise edge)
                                  0.000000    0.000000   clock source latency
     2    0.067269    0.000000    0.000000    0.000000 ^ clk_i (in)
                                                         clk_i (net)
                      0.016385    0.008193    0.008193 ^ clkbuf_regs_0_clk_i/A (sg13g2_buf_16)
     1    0.015676    0.027653    0.086298    0.094491 ^ clkbuf_regs_0_clk_i/X (sg13g2_buf_16)
                                                         clk_i_regs (net)
                      0.027653    0.000160    0.094650 ^ clkbuf_0_clk_i_regs/A (sg13g2_buf_16)
    16    0.164023    0.082918    0.132617    0.227268 ^ clkbuf_0_clk_i_regs/X (sg13g2_buf_16)
                                                         clknet_0_clk_i_regs (net)
                      0.085880    0.012305    0.239572 ^ clkbuf_4_13_0_clk_i_regs/A (sg13g2_buf_8)
     7    0.025146    0.041647    0.136263    0.375835 ^ clkbuf_4_13_0_clk_i_regs/X (sg13g2_buf_8)
                                                         clknet_4_13_0_clk_i_regs (net)
                      0.041647    0.000706    0.376541 ^ _827_/CLK (sg13g2_dfrbpq_1)
     3    0.070815    0.366954    0.509936    0.886477 v _827_/Q (sg13g2_dfrbpq_1)
                                                         net188 (net)
                      0.366955    0.000462    0.886939 v _722_/A (sg13g2_inv_1)
     1    0.004034    0.097893    0.124092    1.011030 ^ _722_/Y (sg13g2_inv_1)
                                                         _328_ (net)
                      0.097893    0.000056    1.011086 ^ _726_/A1 (sg13g2_a21oi_1)
     1    0.001745    0.047824    0.100081    1.111167 v _726_/Y (sg13g2_a21oi_1)
                                                         _053_ (net)
                      0.047824    0.000012    1.111179 v _827_/D (sg13g2_dfrbpq_1)
                                              1.111179   data arrival time

                                  0.000000    0.000000   clock clk_i (rise edge)
                                  0.000000    0.000000   clock source latency
     2    0.071915    0.000000    0.000000    0.000000 ^ clk_i (in)
                                                         clk_i (net)
                      0.017664    0.008832    0.008832 ^ clkbuf_regs_0_clk_i/A (sg13g2_buf_16)
     1    0.017999    0.028531    0.087730    0.096562 ^ clkbuf_regs_0_clk_i/X (sg13g2_buf_16)
                                                         clk_i_regs (net)
                      0.028531    0.000184    0.096746 ^ clkbuf_0_clk_i_regs/A (sg13g2_buf_16)
    16    0.181458    0.089892    0.137573    0.234319 ^ clkbuf_0_clk_i_regs/X (sg13g2_buf_16)
                                                         clknet_0_clk_i_regs (net)
                      0.093255    0.013662    0.247981 ^ clkbuf_4_13_0_clk_i_regs/A (sg13g2_buf_8)
     7    0.028100    0.043870    0.142229    0.390211 ^ clkbuf_4_13_0_clk_i_regs/X (sg13g2_buf_8)
                                                         clknet_4_13_0_clk_i_regs (net)
                      0.043879    0.000781    0.390991 ^ _827_/CLK (sg13g2_dfrbpq_1)
                                  0.200000    0.590991   clock uncertainty
                                 -0.014450    0.576541   clock reconvergence pessimism
                                 -0.053387    0.523154   library hold time
                                              0.523154   data required time
---------------------------------------------------------------------------------------------
                                              0.523154   data required time
                                             -1.111179   data arrival time
---------------------------------------------------------------------------------------------
                                              0.588025   slack (MET)


Startpoint: _888_ (rising edge-triggered flip-flop clocked by clk_i)
Endpoint: _815_ (rising edge-triggered flip-flop clocked by clk_i)
Path Group: clk_i
Path Type: min

Fanout         Cap        Slew       Delay        Time   Description
---------------------------------------------------------------------------------------------
                                  0.000000    0.000000   clock clk_i (rise edge)
                                  0.000000    0.000000   clock source latency
     2    0.067269    0.000000    0.000000    0.000000 ^ clk_i (in)
                                                         clk_i (net)
                      0.016385    0.008193    0.008193 ^ clkbuf_regs_0_clk_i/A (sg13g2_buf_16)
     1    0.015676    0.027653    0.086298    0.094491 ^ clkbuf_regs_0_clk_i/X (sg13g2_buf_16)
                                                         clk_i_regs (net)
                      0.027653    0.000160    0.094650 ^ clkbuf_0_clk_i_regs/A (sg13g2_buf_16)
    16    0.164023    0.082918    0.132617    0.227268 ^ clkbuf_0_clk_i_regs/X (sg13g2_buf_16)
                                                         clknet_0_clk_i_regs (net)
                      0.084160    0.008002    0.235270 ^ clkbuf_4_2_0_clk_i_regs/A (sg13g2_buf_8)
     7    0.031812    0.046085    0.139297    0.374567 ^ clkbuf_4_2_0_clk_i_regs/X (sg13g2_buf_8)
                                                         clknet_4_2_0_clk_i_regs (net)
                      0.046087    0.000473    0.375040 ^ _888_/CLK (sg13g2_dfrbpq_1)
     2    0.005345    0.042385    0.273706    0.648746 v _888_/Q (sg13g2_dfrbpq_1)
                                                         read_state_q[1] (net)
                      0.042385    0.000090    0.648835 v fanout223/A (sg13g2_buf_1)
     8    0.026697    0.145924    0.192379    0.841215 v fanout223/X (sg13g2_buf_1)
                                                         net223 (net)
                      0.145924    0.000155    0.841370 v _687_/A (sg13g2_nand2_1)
     1    0.020492    0.144914    0.184848    1.026218 ^ _687_/Y (sg13g2_nand2_1)
                                                         _305_ (net)
                      0.144947    0.001773    1.027991 ^ _688_/B1 (sg13g2_o21ai_1)
     1    0.002855    0.049728    0.098297    1.126288 v _688_/Y (sg13g2_o21ai_1)
                                                         _041_ (net)
                      0.049728    0.000038    1.126326 v _815_/D (sg13g2_dfrbpq_1)
                                              1.126326   data arrival time

                                  0.000000    0.000000   clock clk_i (rise edge)
                                  0.000000    0.000000   clock source latency
     2    0.071915    0.000000    0.000000    0.000000 ^ clk_i (in)
                                                         clk_i (net)
                      0.017664    0.008832    0.008832 ^ clkbuf_regs_0_clk_i/A (sg13g2_buf_16)
     1    0.017999    0.028531    0.087730    0.096562 ^ clkbuf_regs_0_clk_i/X (sg13g2_buf_16)
                                                         clk_i_regs (net)
                      0.028531    0.000184    0.096746 ^ clkbuf_0_clk_i_regs/A (sg13g2_buf_16)
    16    0.181458    0.089892    0.137573    0.234319 ^ clkbuf_0_clk_i_regs/X (sg13g2_buf_16)
                                                         clknet_0_clk_i_regs (net)
                      0.092934    0.012994    0.247313 ^ clkbuf_4_8_0_clk_i_regs/A (sg13g2_buf_8)
     7    0.034933    0.048455    0.146161    0.393474 ^ clkbuf_4_8_0_clk_i_regs/X (sg13g2_buf_8)
                                                         clknet_4_8_0_clk_i_regs (net)
                      0.048456    0.000370    0.393845 ^ _815_/CLK (sg13g2_dfrbpq_1)
                                  0.200000    0.593845   clock uncertainty
                                 -0.007052    0.586793   clock reconvergence pessimism
                                 -0.052835    0.533958   library hold time
                                              0.533958   data required time
---------------------------------------------------------------------------------------------
                                              0.533958   data required time
                                             -1.126326   data arrival time
---------------------------------------------------------------------------------------------
                                              0.592367   slack (MET)


Startpoint: _888_ (rising edge-triggered flip-flop clocked by clk_i)
Endpoint: _819_ (rising edge-triggered flip-flop clocked by clk_i)
Path Group: clk_i
Path Type: min

Fanout         Cap        Slew       Delay        Time   Description
---------------------------------------------------------------------------------------------
                                  0.000000    0.000000   clock clk_i (rise edge)
                                  0.000000    0.000000   clock source latency
     2    0.067269    0.000000    0.000000    0.000000 ^ clk_i (in)
                                                         clk_i (net)
                      0.016385    0.008193    0.008193 ^ clkbuf_regs_0_clk_i/A (sg13g2_buf_16)
     1    0.015676    0.027653    0.086298    0.094491 ^ clkbuf_regs_0_clk_i/X (sg13g2_buf_16)
                                                         clk_i_regs (net)
                      0.027653    0.000160    0.094650 ^ clkbuf_0_clk_i_regs/A (sg13g2_buf_16)
    16    0.164023    0.082918    0.132617    0.227268 ^ clkbuf_0_clk_i_regs/X (sg13g2_buf_16)
                                                         clknet_0_clk_i_regs (net)
                      0.084160    0.008002    0.235270 ^ clkbuf_4_2_0_clk_i_regs/A (sg13g2_buf_8)
     7    0.031812    0.046085    0.139297    0.374567 ^ clkbuf_4_2_0_clk_i_regs/X (sg13g2_buf_8)
                                                         clknet_4_2_0_clk_i_regs (net)
                      0.046087    0.000473    0.375040 ^ _888_/CLK (sg13g2_dfrbpq_1)
     2    0.005345    0.042385    0.273706    0.648746 v _888_/Q (sg13g2_dfrbpq_1)
                                                         read_state_q[1] (net)
                      0.042385    0.000090    0.648835 v fanout223/A (sg13g2_buf_1)
     8    0.026697    0.145924    0.192379    0.841215 v fanout223/X (sg13g2_buf_1)
                                                         net223 (net)
                      0.145926    0.000758    0.841973 v _699_/A (sg13g2_nand2_1)
     1    0.021065    0.148582    0.188110    1.030083 ^ _699_/Y (sg13g2_nand2_1)
                                                         _313_ (net)
                      0.148620    0.001946    1.032029 ^ _700_/B1 (sg13g2_o21ai_1)
     1    0.002181    0.043742    0.093621    1.125651 v _700_/Y (sg13g2_o21ai_1)
                                                         _045_ (net)
                      0.043742    0.000020    1.125671 v _819_/D (sg13g2_dfrbpq_1)
                                              1.125671   data arrival time

                                  0.000000    0.000000   clock clk_i (rise edge)
                                  0.000000    0.000000   clock source latency
     2    0.071915    0.000000    0.000000    0.000000 ^ clk_i (in)
                                                         clk_i (net)
                      0.017664    0.008832    0.008832 ^ clkbuf_regs_0_clk_i/A (sg13g2_buf_16)
     1    0.017999    0.028531    0.087730    0.096562 ^ clkbuf_regs_0_clk_i/X (sg13g2_buf_16)
                                                         clk_i_regs (net)
                      0.028531    0.000184    0.096746 ^ clkbuf_0_clk_i_regs/A (sg13g2_buf_16)
    16    0.181458    0.089892    0.137573    0.234319 ^ clkbuf_0_clk_i_regs/X (sg13g2_buf_16)
                                                         clknet_0_clk_i_regs (net)
                      0.093255    0.013662    0.247981 ^ clkbuf_4_13_0_clk_i_regs/A (sg13g2_buf_8)
     7    0.028100    0.043870    0.142229    0.390211 ^ clkbuf_4_13_0_clk_i_regs/X (sg13g2_buf_8)
                                                         clknet_4_13_0_clk_i_regs (net)
                      0.043870    0.000360    0.390570 ^ _819_/CLK (sg13g2_dfrbpq_1)
                                  0.200000    0.590570   clock uncertainty
                                 -0.007052    0.583519   clock reconvergence pessimism
                                 -0.051745    0.531773   library hold time
                                              0.531773   data required time
---------------------------------------------------------------------------------------------
                                              0.531773   data required time
                                             -1.125671   data arrival time
---------------------------------------------------------------------------------------------
                                              0.593897   slack (MET)


Startpoint: _826_ (rising edge-triggered flip-flop clocked by clk_i)
Endpoint: _826_ (rising edge-triggered flip-flop clocked by clk_i)
Path Group: clk_i
Path Type: min

Fanout         Cap        Slew       Delay        Time   Description
---------------------------------------------------------------------------------------------
                                  0.000000    0.000000   clock clk_i (rise edge)
                                  0.000000    0.000000   clock source latency
     2    0.067269    0.000000    0.000000    0.000000 ^ clk_i (in)
                                                         clk_i (net)
                      0.016385    0.008193    0.008193 ^ clkbuf_regs_0_clk_i/A (sg13g2_buf_16)
     1    0.015676    0.027653    0.086298    0.094491 ^ clkbuf_regs_0_clk_i/X (sg13g2_buf_16)
                                                         clk_i_regs (net)
                      0.027653    0.000160    0.094650 ^ clkbuf_0_clk_i_regs/A (sg13g2_buf_16)
    16    0.164023    0.082918    0.132617    0.227268 ^ clkbuf_0_clk_i_regs/X (sg13g2_buf_16)
                                                         clknet_0_clk_i_regs (net)
                      0.085933    0.012415    0.239683 ^ clkbuf_4_12_0_clk_i_regs/A (sg13g2_buf_8)
     7    0.024586    0.041280    0.136013    0.375696 ^ clkbuf_4_12_0_clk_i_regs/X (sg13g2_buf_8)
                                                         clknet_4_12_0_clk_i_regs (net)
                      0.041280    0.000382    0.376078 ^ _826_/CLK (sg13g2_dfrbpq_1)
     2    0.073542    0.380599    0.519653    0.895731 v _826_/Q (sg13g2_dfrbpq_1)
                                                         net179 (net)
                      0.380600    0.000476    0.896207 v _719_/B (sg13g2_nand2b_1)
     1    0.003913    0.047238    0.154923    1.051130 ^ _719_/Y (sg13g2_nand2b_1)
                                                         _326_ (net)
                      0.047238    0.000048    1.051178 ^ _721_/A2 (sg13g2_o21ai_1)
     1    0.001592    0.038902    0.074774    1.125952 v _721_/Y (sg13g2_o21ai_1)
                                                         _052_ (net)
                      0.038902    0.000009    1.125961 v _826_/D (sg13g2_dfrbpq_1)
                                              1.125961   data arrival time

                                  0.000000    0.000000   clock clk_i (rise edge)
                                  0.000000    0.000000   clock source latency
     2    0.071915    0.000000    0.000000    0.000000 ^ clk_i (in)
                                                         clk_i (net)
                      0.017664    0.008832    0.008832 ^ clkbuf_regs_0_clk_i/A (sg13g2_buf_16)
     1    0.017999    0.028531    0.087730    0.096562 ^ clkbuf_regs_0_clk_i/X (sg13g2_buf_16)
                                                         clk_i_regs (net)
                      0.028531    0.000184    0.096746 ^ clkbuf_0_clk_i_regs/A (sg13g2_buf_16)
    16    0.181458    0.089892    0.137573    0.234319 ^ clkbuf_0_clk_i_regs/X (sg13g2_buf_16)
                                                         clknet_0_clk_i_regs (net)
                      0.093316    0.013787    0.248106 ^ clkbuf_4_12_0_clk_i_regs/A (sg13g2_buf_8)
     7    0.027540    0.043507    0.141993    0.390099 ^ clkbuf_4_12_0_clk_i_regs/X (sg13g2_buf_8)
                                                         clknet_4_12_0_clk_i_regs (net)
                      0.043507    0.000428    0.390528 ^ _826_/CLK (sg13g2_dfrbpq_1)
                                  0.200000    0.590528   clock uncertainty
                                 -0.014449    0.576078   clock reconvergence pessimism
                                 -0.049901    0.526178   library hold time
                                              0.526178   data required time
---------------------------------------------------------------------------------------------
                                              0.526178   data required time
                                             -1.125961   data arrival time
---------------------------------------------------------------------------------------------
                                              0.599783   slack (MET)


Startpoint: _825_ (rising edge-triggered flip-flop clocked by clk_i)
Endpoint: _825_ (rising edge-triggered flip-flop clocked by clk_i)
Path Group: clk_i
Path Type: min

Fanout         Cap        Slew       Delay        Time   Description
---------------------------------------------------------------------------------------------
                                  0.000000    0.000000   clock clk_i (rise edge)
                                  0.000000    0.000000   clock source latency
     2    0.067269    0.000000    0.000000    0.000000 ^ clk_i (in)
                                                         clk_i (net)
                      0.016385    0.008193    0.008193 ^ clkbuf_regs_0_clk_i/A (sg13g2_buf_16)
     1    0.015676    0.027653    0.086298    0.094491 ^ clkbuf_regs_0_clk_i/X (sg13g2_buf_16)
                                                         clk_i_regs (net)
                      0.027653    0.000160    0.094650 ^ clkbuf_0_clk_i_regs/A (sg13g2_buf_16)
    16    0.164023    0.082918    0.132617    0.227268 ^ clkbuf_0_clk_i_regs/X (sg13g2_buf_16)
                                                         clknet_0_clk_i_regs (net)
                      0.085646    0.011803    0.239071 ^ clkbuf_4_9_0_clk_i_regs/A (sg13g2_buf_8)
     7    0.024100    0.040945    0.135571    0.374642 ^ clkbuf_4_9_0_clk_i_regs/X (sg13g2_buf_8)
                                                         clknet_4_9_0_clk_i_regs (net)
                      0.040945    0.000246    0.374888 ^ _825_/CLK (sg13g2_dfrbpq_1)
     2    0.075246    0.389134    0.525637    0.900525 v _825_/Q (sg13g2_dfrbpq_1)
                                                         net178 (net)
                      0.389134    0.000184    0.900710 v _716_/B (sg13g2_nand2b_1)
     1    0.003133    0.043550    0.149729    1.050439 ^ _716_/Y (sg13g2_nand2b_1)
                                                         _324_ (net)
                      0.043550    0.000022    1.050461 ^ _718_/A2 (sg13g2_o21ai_1)
     1    0.001886    0.041040    0.075426    1.125887 v _718_/Y (sg13g2_o21ai_1)
                                                         _051_ (net)
                      0.041040    0.000015    1.125901 v _825_/D (sg13g2_dfrbpq_1)
                                              1.125901   data arrival time

                                  0.000000    0.000000   clock clk_i (rise edge)
                                  0.000000    0.000000   clock source latency
     2    0.071915    0.000000    0.000000    0.000000 ^ clk_i (in)
                                                         clk_i (net)
                      0.017664    0.008832    0.008832 ^ clkbuf_regs_0_clk_i/A (sg13g2_buf_16)
     1    0.017999    0.028531    0.087730    0.096562 ^ clkbuf_regs_0_clk_i/X (sg13g2_buf_16)
                                                         clk_i_regs (net)
                      0.028531    0.000184    0.096746 ^ clkbuf_0_clk_i_regs/A (sg13g2_buf_16)
    16    0.181458    0.089892    0.137573    0.234319 ^ clkbuf_0_clk_i_regs/X (sg13g2_buf_16)
                                                         clknet_0_clk_i_regs (net)
                      0.092986    0.013104    0.247423 ^ clkbuf_4_9_0_clk_i_regs/A (sg13g2_buf_8)
     7    0.027055    0.043173    0.141530    0.388954 ^ clkbuf_4_9_0_clk_i_regs/X (sg13g2_buf_8)
                                                         clknet_4_9_0_clk_i_regs (net)
                      0.043173    0.000275    0.389229 ^ _825_/CLK (sg13g2_dfrbpq_1)
                                  0.200000    0.589229   clock uncertainty
                                 -0.014341    0.574888   clock reconvergence pessimism
                                 -0.050858    0.524030   library hold time
                                              0.524030   data required time
---------------------------------------------------------------------------------------------
                                              0.524030   data required time
                                             -1.125901   data arrival time
---------------------------------------------------------------------------------------------
                                              0.601871   slack (MET)


Startpoint: _888_ (rising edge-triggered flip-flop clocked by clk_i)
Endpoint: _814_ (rising edge-triggered flip-flop clocked by clk_i)
Path Group: clk_i
Path Type: min

Fanout         Cap        Slew       Delay        Time   Description
---------------------------------------------------------------------------------------------
                                  0.000000    0.000000   clock clk_i (rise edge)
                                  0.000000    0.000000   clock source latency
     2    0.067269    0.000000    0.000000    0.000000 ^ clk_i (in)
                                                         clk_i (net)
                      0.016385    0.008193    0.008193 ^ clkbuf_regs_0_clk_i/A (sg13g2_buf_16)
     1    0.015676    0.027653    0.086298    0.094491 ^ clkbuf_regs_0_clk_i/X (sg13g2_buf_16)
                                                         clk_i_regs (net)
                      0.027653    0.000160    0.094650 ^ clkbuf_0_clk_i_regs/A (sg13g2_buf_16)
    16    0.164023    0.082918    0.132617    0.227268 ^ clkbuf_0_clk_i_regs/X (sg13g2_buf_16)
                                                         clknet_0_clk_i_regs (net)
                      0.084160    0.008002    0.235270 ^ clkbuf_4_2_0_clk_i_regs/A (sg13g2_buf_8)
     7    0.031812    0.046085    0.139297    0.374567 ^ clkbuf_4_2_0_clk_i_regs/X (sg13g2_buf_8)
                                                         clknet_4_2_0_clk_i_regs (net)
                      0.046087    0.000473    0.375040 ^ _888_/CLK (sg13g2_dfrbpq_1)
     2    0.005345    0.042385    0.273706    0.648746 v _888_/Q (sg13g2_dfrbpq_1)
                                                         read_state_q[1] (net)
                      0.042385    0.000090    0.648835 v fanout223/A (sg13g2_buf_1)
     8    0.026697    0.145924    0.192379    0.841215 v fanout223/X (sg13g2_buf_1)
                                                         net223 (net)
                      0.145924    0.000163    0.841377 v _684_/A (sg13g2_nand2_1)
     1    0.024937    0.170989    0.208672    1.050049 ^ _684_/Y (sg13g2_nand2_1)
                                                         _303_ (net)
                      0.171054    0.002707    1.052756 ^ _685_/B1 (sg13g2_o21ai_1)
     1    0.001929    0.041367    0.096732    1.149489 v _685_/Y (sg13g2_o21ai_1)
                                                         _040_ (net)
                      0.041367    0.000015    1.149504 v _814_/D (sg13g2_dfrbpq_1)
                                              1.149504   data arrival time

                                  0.000000    0.000000   clock clk_i (rise edge)
                                  0.000000    0.000000   clock source latency
     2    0.071915    0.000000    0.000000    0.000000 ^ clk_i (in)
                                                         clk_i (net)
                      0.017664    0.008832    0.008832 ^ clkbuf_regs_0_clk_i/A (sg13g2_buf_16)
     1    0.017999    0.028531    0.087730    0.096562 ^ clkbuf_regs_0_clk_i/X (sg13g2_buf_16)
                                                         clk_i_regs (net)
                      0.028531    0.000184    0.096746 ^ clkbuf_0_clk_i_regs/A (sg13g2_buf_16)
    16    0.181458    0.089892    0.137573    0.234319 ^ clkbuf_0_clk_i_regs/X (sg13g2_buf_16)
                                                         clknet_0_clk_i_regs (net)
                      0.093316    0.013787    0.248106 ^ clkbuf_4_12_0_clk_i_regs/A (sg13g2_buf_8)
     7    0.027540    0.043507    0.141993    0.390099 ^ clkbuf_4_12_0_clk_i_regs/X (sg13g2_buf_8)
                                                         clknet_4_12_0_clk_i_regs (net)
                      0.043507    0.000171    0.390270 ^ _814_/CLK (sg13g2_dfrbpq_1)
                                  0.200000    0.590270   clock uncertainty
                                 -0.007052    0.583219   clock reconvergence pessimism
                                 -0.050894    0.532325   library hold time
                                              0.532325   data required time
---------------------------------------------------------------------------------------------
                                              0.532325   data required time
                                             -1.149504   data arrival time
---------------------------------------------------------------------------------------------
                                              0.617179   slack (MET)


Startpoint: _888_ (rising edge-triggered flip-flop clocked by clk_i)
Endpoint: _828_ (rising edge-triggered flip-flop clocked by clk_i)
Path Group: clk_i
Path Type: min

Fanout         Cap        Slew       Delay        Time   Description
---------------------------------------------------------------------------------------------
                                  0.000000    0.000000   clock clk_i (rise edge)
                                  0.000000    0.000000   clock source latency
     2    0.067269    0.000000    0.000000    0.000000 ^ clk_i (in)
                                                         clk_i (net)
                      0.016385    0.008193    0.008193 ^ clkbuf_regs_0_clk_i/A (sg13g2_buf_16)
     1    0.015676    0.027653    0.086298    0.094491 ^ clkbuf_regs_0_clk_i/X (sg13g2_buf_16)
                                                         clk_i_regs (net)
                      0.027653    0.000160    0.094650 ^ clkbuf_0_clk_i_regs/A (sg13g2_buf_16)
    16    0.164023    0.082918    0.132617    0.227268 ^ clkbuf_0_clk_i_regs/X (sg13g2_buf_16)
                                                         clknet_0_clk_i_regs (net)
                      0.084160    0.008002    0.235270 ^ clkbuf_4_2_0_clk_i_regs/A (sg13g2_buf_8)
     7    0.031812    0.046085    0.139297    0.374567 ^ clkbuf_4_2_0_clk_i_regs/X (sg13g2_buf_8)
                                                         clknet_4_2_0_clk_i_regs (net)
                      0.046087    0.000473    0.375040 ^ _888_/CLK (sg13g2_dfrbpq_1)
     2    0.005345    0.042385    0.273706    0.648746 v _888_/Q (sg13g2_dfrbpq_1)
                                                         read_state_q[1] (net)
                      0.042385    0.000090    0.648835 v fanout223/A (sg13g2_buf_1)
     8    0.026697    0.145924    0.192379    0.841215 v fanout223/X (sg13g2_buf_1)
                                                         net223 (net)
                      0.145927    0.000811    0.842026 v _727_/B (sg13g2_nor2_1)
     1    0.004124    0.099845    0.124815    0.966841 ^ _727_/Y (sg13g2_nor2_1)
                                                         _332_ (net)
                      0.099845    0.000062    0.966902 ^ _728_/B2 (sg13g2_a22oi_1)
     1    0.014441    0.161438    0.182309    1.149211 v _728_/Y (sg13g2_a22oi_1)
                                                         _054_ (net)
                      0.161446    0.000954    1.150165 v _828_/D (sg13g2_dfrbpq_1)
                                              1.150165   data arrival time

                                  0.000000    0.000000   clock clk_i (rise edge)
                                  0.000000    0.000000   clock source latency
     2    0.071915    0.000000    0.000000    0.000000 ^ clk_i (in)
                                                         clk_i (net)
                      0.017664    0.008832    0.008832 ^ clkbuf_regs_0_clk_i/A (sg13g2_buf_16)
     1    0.017999    0.028531    0.087730    0.096562 ^ clkbuf_regs_0_clk_i/X (sg13g2_buf_16)
                                                         clk_i_regs (net)
                      0.028531    0.000184    0.096746 ^ clkbuf_0_clk_i_regs/A (sg13g2_buf_16)
    16    0.181458    0.089892    0.137573    0.234319 ^ clkbuf_0_clk_i_regs/X (sg13g2_buf_16)
                                                         clknet_0_clk_i_regs (net)
                      0.093316    0.013787    0.248106 ^ clkbuf_4_12_0_clk_i_regs/A (sg13g2_buf_8)
     7    0.027540    0.043507    0.141993    0.390099 ^ clkbuf_4_12_0_clk_i_regs/X (sg13g2_buf_8)
                                                         clknet_4_12_0_clk_i_regs (net)
                      0.043507    0.000458    0.390558 ^ _828_/CLK (sg13g2_dfrbpq_1)
                                  0.200000    0.590558   clock uncertainty
                                 -0.007052    0.583506   clock reconvergence pessimism
                                 -0.099259    0.484247   library hold time
                                              0.484247   data required time
---------------------------------------------------------------------------------------------
                                              0.484247   data required time
                                             -1.150165   data arrival time
---------------------------------------------------------------------------------------------
                                              0.665918   slack (MET)


Startpoint: s_axil_bready (input port clocked by clk_i)
Endpoint: _794_ (rising edge-triggered flip-flop clocked by clk_i)
Path Group: clk_i
Path Type: min

Fanout         Cap        Slew       Delay        Time   Description
---------------------------------------------------------------------------------------------
                                  0.000000    0.000000   clock clk_i (rise edge)
                                  0.000000    0.000000   clock network delay (propagated)
                                  0.500000    0.500000 v input external delay
     1    0.002832    0.000000    0.000000    0.500000 v s_axil_bready (in)
                                                         s_axil_bready (net)
                      0.000032    0.000016    0.500016 v input111/A (sg13g2_buf_1)
     1    0.087032    0.451656    0.380537    0.880553 v input111/X (sg13g2_buf_1)
                                                         net111 (net)
                      0.455537    0.034028    0.914581 v _620_/A_N (sg13g2_nand2b_1)
     1    0.003486    0.059128    0.246042    1.160623 v _620_/Y (sg13g2_nand2b_1)
                                                         _259_ (net)
                      0.059128    0.000039    1.160662 v _621_/B1 (sg13g2_o21ai_1)
     1    0.001410    0.035432    0.054372    1.215034 ^ _621_/Y (sg13g2_o21ai_1)
                                                         _020_ (net)
                      0.035432    0.000007    1.215041 ^ _794_/D (sg13g2_dfrbpq_1)
                                              1.215041   data arrival time

                                  0.000000    0.000000   clock clk_i (rise edge)
                                  0.000000    0.000000   clock source latency
     2    0.071915    0.000000    0.000000    0.000000 ^ clk_i (in)
                                                         clk_i (net)
                      0.017664    0.008832    0.008832 ^ clkbuf_regs_0_clk_i/A (sg13g2_buf_16)
     1    0.017999    0.028531    0.087730    0.096562 ^ clkbuf_regs_0_clk_i/X (sg13g2_buf_16)
                                                         clk_i_regs (net)
                      0.028531    0.000184    0.096746 ^ clkbuf_0_clk_i_regs/A (sg13g2_buf_16)
    16    0.181458    0.089892    0.137573    0.234319 ^ clkbuf_0_clk_i_regs/X (sg13g2_buf_16)
                                                         clknet_0_clk_i_regs (net)
                      0.091290    0.008894    0.243213 ^ clkbuf_4_2_0_clk_i_regs/A (sg13g2_buf_8)
     7    0.034767    0.048292    0.145123    0.388336 ^ clkbuf_4_2_0_clk_i_regs/X (sg13g2_buf_8)
                                                         clknet_4_2_0_clk_i_regs (net)
                      0.048296    0.000808    0.389145 ^ _794_/CLK (sg13g2_dfrbpq_1)
                                  0.200000    0.589145   clock uncertainty
                                  0.000000    0.589145   clock reconvergence pessimism
                                 -0.099453    0.489692   library hold time
                                              0.489692   data required time
---------------------------------------------------------------------------------------------
                                              0.489692   data required time
                                             -1.215041   data arrival time
---------------------------------------------------------------------------------------------
                                              0.725349   slack (MET)


Startpoint: _887_ (rising edge-triggered flip-flop clocked by clk_i)
Endpoint: _810_ (rising edge-triggered flip-flop clocked by clk_i)
Path Group: clk_i
Path Type: min

Fanout         Cap        Slew       Delay        Time   Description
---------------------------------------------------------------------------------------------
                                  0.000000    0.000000   clock clk_i (rise edge)
                                  0.000000    0.000000   clock source latency
     2    0.067269    0.000000    0.000000    0.000000 ^ clk_i (in)
                                                         clk_i (net)
                      0.016385    0.008193    0.008193 ^ clkbuf_regs_0_clk_i/A (sg13g2_buf_16)
     1    0.015676    0.027653    0.086298    0.094491 ^ clkbuf_regs_0_clk_i/X (sg13g2_buf_16)
                                                         clk_i_regs (net)
                      0.027653    0.000160    0.094650 ^ clkbuf_0_clk_i_regs/A (sg13g2_buf_16)
    16    0.164023    0.082918    0.132617    0.227268 ^ clkbuf_0_clk_i_regs/X (sg13g2_buf_16)
                                                         clknet_0_clk_i_regs (net)
                      0.084160    0.008002    0.235270 ^ clkbuf_4_2_0_clk_i_regs/A (sg13g2_buf_8)
     7    0.031812    0.046085    0.139297    0.374567 ^ clkbuf_4_2_0_clk_i_regs/X (sg13g2_buf_8)
                                                         clknet_4_2_0_clk_i_regs (net)
                      0.046090    0.000893    0.375460 ^ _887_/CLK (sg13g2_dfrbpq_1)
     3    0.009119    0.072233    0.294180    0.669640 ^ _887_/Q (sg13g2_dfrbpq_1)
                                                         _017_ (net)
                      0.072233    0.000104    0.669744 ^ _430_/D (sg13g2_nor4_2)
     2    0.007085    0.043400    0.067630    0.737374 v _430_/Y (sg13g2_nor4_2)
                                                         _124_ (net)
                      0.043400    0.000057    0.737431 v _622_/D (sg13g2_nand4_1)
     1    0.003224    0.050986    0.071342    0.808773 ^ _622_/Y (sg13g2_nand4_1)
                                                         _260_ (net)
                      0.050986    0.000033    0.808806 ^ _623_/B1 (sg13g2_a21oi_1)
     2    0.022918    0.128030    0.132734    0.941540 v _623_/Y (sg13g2_a21oi_1)
                                                         _261_ (net)
                      0.128084    0.002219    0.943759 v _624_/A (sg13g2_buf_2)
     2    0.012085    0.051606    0.169490    1.113250 v _624_/X (sg13g2_buf_2)
                                                         _262_ (net)
                      0.051611    0.000487    1.113737 v _672_/A1 (sg13g2_o21ai_1)
     1    0.002085    0.045581    0.123094    1.236831 ^ _672_/Y (sg13g2_o21ai_1)
                                                         _036_ (net)
                      0.045581    0.000019    1.236850 ^ _810_/D (sg13g2_dfrbpq_1)
                                              1.236850   data arrival time

                                  0.000000    0.000000   clock clk_i (rise edge)
                                  0.000000    0.000000   clock source latency
     2    0.071915    0.000000    0.000000    0.000000 ^ clk_i (in)
                                                         clk_i (net)
                      0.017664    0.008832    0.008832 ^ clkbuf_regs_0_clk_i/A (sg13g2_buf_16)
     1    0.017999    0.028531    0.087730    0.096562 ^ clkbuf_regs_0_clk_i/X (sg13g2_buf_16)
                                                         clk_i_regs (net)
                      0.028531    0.000184    0.096746 ^ clkbuf_0_clk_i_regs/A (sg13g2_buf_16)
    16    0.181458    0.089892    0.137573    0.234319 ^ clkbuf_0_clk_i_regs/X (sg13g2_buf_16)
                                                         clknet_0_clk_i_regs (net)
                      0.092965    0.013059    0.247379 ^ clkbuf_4_15_0_clk_i_regs/A (sg13g2_buf_8)
     7    0.031337    0.046022    0.143967    0.391346 ^ clkbuf_4_15_0_clk_i_regs/X (sg13g2_buf_8)
                                                         clknet_4_15_0_clk_i_regs (net)
                      0.046034    0.000839    0.392185 ^ _810_/CLK (sg13g2_dfrbpq_1)
                                  0.200000    0.592185   clock uncertainty
                                 -0.007052    0.585134   clock reconvergence pessimism
                                 -0.103489    0.481645   library hold time
                                              0.481645   data required time
---------------------------------------------------------------------------------------------
                                              0.481645   data required time
                                             -1.236850   data arrival time
---------------------------------------------------------------------------------------------
                                              0.755205   slack (MET)


Startpoint: s_axil_awvalid (input port clocked by clk_i)
Endpoint: _829_ (rising edge-triggered flip-flop clocked by clk_i)
Path Group: clk_i
Path Type: min

Fanout         Cap        Slew       Delay        Time   Description
---------------------------------------------------------------------------------------------
                                  0.000000    0.000000   clock clk_i (rise edge)
                                  0.000000    0.000000   clock network delay (propagated)
                                  0.500000    0.500000 v input external delay
     1    0.002550    0.000000    0.000000    0.500000 v s_axil_awvalid (in)
                                                         s_axil_awvalid (net)
                      0.000022    0.000011    0.500011 v input110/A (sg13g2_buf_1)
     1    0.062120    0.324982    0.295479    0.795491 v input110/X (sg13g2_buf_1)
                                                         net110 (net)
                      0.326305    0.017033    0.812523 v _729_/A (sg13g2_nand2_1)
     1    0.002506    0.066106    0.114539    0.927062 ^ _729_/Y (sg13g2_nand2_1)
                                                         _333_ (net)
                      0.066106    0.000013    0.927075 ^ _730_/A (sg13g2_buf_2)
     1    0.002884    0.030301    0.115682    1.042758 ^ _730_/X (sg13g2_buf_2)
                                                         _334_ (net)
                      0.030301    0.000028    1.042786 ^ fanout202/A (sg13g2_buf_1)
     4    0.030253    0.199741    0.211527    1.254313 ^ fanout202/X (sg13g2_buf_1)
                                                         net202 (net)
                      0.199741    0.000209    1.254522 ^ _731_/A2 (sg13g2_a21oi_1)
     1    0.001831    0.052694    0.141777    1.396299 v _731_/Y (sg13g2_a21oi_1)
                                                         _055_ (net)
                      0.052694    0.000013    1.396312 v _829_/D (sg13g2_dfrbpq_1)
                                              1.396312   data arrival time

                                  0.000000    0.000000   clock clk_i (rise edge)
                                  0.000000    0.000000   clock source latency
     2    0.071915    0.000000    0.000000    0.000000 ^ clk_i (in)
                                                         clk_i (net)
                      0.017664    0.008832    0.008832 ^ clkbuf_regs_0_clk_i/A (sg13g2_buf_16)
     1    0.017999    0.028531    0.087730    0.096562 ^ clkbuf_regs_0_clk_i/X (sg13g2_buf_16)
                                                         clk_i_regs (net)
                      0.028531    0.000184    0.096746 ^ clkbuf_0_clk_i_regs/A (sg13g2_buf_16)
    16    0.181458    0.089892    0.137573    0.234319 ^ clkbuf_0_clk_i_regs/X (sg13g2_buf_16)
                                                         clknet_0_clk_i_regs (net)
                      0.091290    0.008894    0.243213 ^ clkbuf_4_2_0_clk_i_regs/A (sg13g2_buf_8)
     7    0.034767    0.048292    0.145123    0.388336 ^ clkbuf_4_2_0_clk_i_regs/X (sg13g2_buf_8)
                                                         clknet_4_2_0_clk_i_regs (net)
                      0.048298    0.001020    0.389356 ^ _829_/CLK (sg13g2_dfrbpq_1)
                                  0.200000    0.589356   clock uncertainty
                                  0.000000    0.589356   clock reconvergence pessimism
                                 -0.054075    0.535281   library hold time
                                              0.535281   data required time
---------------------------------------------------------------------------------------------
                                              0.535281   data required time
                                             -1.396312   data arrival time
---------------------------------------------------------------------------------------------
                                              0.861031   slack (MET)


Startpoint: _796_ (rising edge-triggered flip-flop clocked by clk_i)
Endpoint: _796_ (rising edge-triggered flip-flop clocked by clk_i)
Path Group: clk_i
Path Type: min

Fanout         Cap        Slew       Delay        Time   Description
---------------------------------------------------------------------------------------------
                                  0.000000    0.000000   clock clk_i (rise edge)
                                  0.000000    0.000000   clock source latency
     2    0.067269    0.000000    0.000000    0.000000 ^ clk_i (in)
                                                         clk_i (net)
                      0.016385    0.008193    0.008193 ^ clkbuf_regs_0_clk_i/A (sg13g2_buf_16)
     1    0.015676    0.027653    0.086298    0.094491 ^ clkbuf_regs_0_clk_i/X (sg13g2_buf_16)
                                                         clk_i_regs (net)
                      0.027653    0.000160    0.094650 ^ clkbuf_0_clk_i_regs/A (sg13g2_buf_16)
    16    0.164023    0.082918    0.132617    0.227268 ^ clkbuf_0_clk_i_regs/X (sg13g2_buf_16)
                                                         clknet_0_clk_i_regs (net)
                      0.085628    0.011765    0.239032 ^ clkbuf_4_15_0_clk_i_regs/A (sg13g2_buf_8)
     7    0.028382    0.043810    0.138032    0.377064 ^ clkbuf_4_15_0_clk_i_regs/X (sg13g2_buf_8)
                                                         clknet_4_15_0_clk_i_regs (net)
                      0.043817    0.000592    0.377656 ^ _796_/CLK (sg13g2_dfrbpq_1)
     2    0.014554    0.086735    0.309179    0.686836 v _796_/Q (sg13g2_dfrbpq_1)
                                                         net166 (net)
                      0.086735    0.000089    0.686924 v hold520/A (sg13g2_dlygate4sd3_1)
     1    0.003751    0.062601    0.622661    1.309585 v hold520/X (sg13g2_dlygate4sd3_1)
                                                         net519 (net)
                      0.062601    0.000047    1.309633 v _628_/B (sg13g2_nand2b_1)
     1    0.003004    0.042599    0.064988    1.374620 ^ _628_/Y (sg13g2_nand2b_1)
                                                         _265_ (net)
                      0.042599    0.000019    1.374639 ^ _630_/A2 (sg13g2_o21ai_1)
     1    0.001890    0.040983    0.075080    1.449719 v _630_/Y (sg13g2_o21ai_1)
                                                         _022_ (net)
                      0.040983    0.000015    1.449733 v _796_/D (sg13g2_dfrbpq_1)
                                              1.449733   data arrival time

                                  0.000000    0.000000   clock clk_i (rise edge)
                                  0.000000    0.000000   clock source latency
     2    0.071915    0.000000    0.000000    0.000000 ^ clk_i (in)
                                                         clk_i (net)
                      0.017664    0.008832    0.008832 ^ clkbuf_regs_0_clk_i/A (sg13g2_buf_16)
     1    0.017999    0.028531    0.087730    0.096562 ^ clkbuf_regs_0_clk_i/X (sg13g2_buf_16)
                                                         clk_i_regs (net)
                      0.028531    0.000184    0.096746 ^ clkbuf_0_clk_i_regs/A (sg13g2_buf_16)
    16    0.181458    0.089892    0.137573    0.234319 ^ clkbuf_0_clk_i_regs/X (sg13g2_buf_16)
                                                         clknet_0_clk_i_regs (net)
                      0.092965    0.013059    0.247379 ^ clkbuf_4_15_0_clk_i_regs/A (sg13g2_buf_8)
     7    0.031337    0.046022    0.143967    0.391346 ^ clkbuf_4_15_0_clk_i_regs/X (sg13g2_buf_8)
                                                         clknet_4_15_0_clk_i_regs (net)
                      0.046032    0.000653    0.391999 ^ _796_/CLK (sg13g2_dfrbpq_1)
                                  0.200000    0.591999   clock uncertainty
                                 -0.014342    0.577656   clock reconvergence pessimism
                                 -0.050011    0.527645   library hold time
                                              0.527645   data required time
---------------------------------------------------------------------------------------------
                                              0.527645   data required time
                                             -1.449733   data arrival time
---------------------------------------------------------------------------------------------
                                              0.922088   slack (MET)


Startpoint: _795_ (rising edge-triggered flip-flop clocked by clk_i)
Endpoint: _795_ (rising edge-triggered flip-flop clocked by clk_i)
Path Group: clk_i
Path Type: min

Fanout         Cap        Slew       Delay        Time   Description
---------------------------------------------------------------------------------------------
                                  0.000000    0.000000   clock clk_i (rise edge)
                                  0.000000    0.000000   clock source latency
     2    0.067269    0.000000    0.000000    0.000000 ^ clk_i (in)
                                                         clk_i (net)
                      0.016385    0.008193    0.008193 ^ clkbuf_regs_0_clk_i/A (sg13g2_buf_16)
     1    0.015676    0.027653    0.086298    0.094491 ^ clkbuf_regs_0_clk_i/X (sg13g2_buf_16)
                                                         clk_i_regs (net)
                      0.027653    0.000160    0.094650 ^ clkbuf_0_clk_i_regs/A (sg13g2_buf_16)
    16    0.164023    0.082918    0.132617    0.227268 ^ clkbuf_0_clk_i_regs/X (sg13g2_buf_16)
                                                         clknet_0_clk_i_regs (net)
                      0.085681    0.011880    0.239147 ^ clkbuf_4_14_0_clk_i_regs/A (sg13g2_buf_8)
     7    0.024160    0.040985    0.135618    0.374766 ^ clkbuf_4_14_0_clk_i_regs/X (sg13g2_buf_8)
                                                         clknet_4_14_0_clk_i_regs (net)
                      0.040985    0.000255    0.375021 ^ _795_/CLK (sg13g2_dfrbpq_1)
     2    0.015285    0.090358    0.310467    0.685488 v _795_/Q (sg13g2_dfrbpq_1)
                                                         net155 (net)
                      0.090358    0.000142    0.685630 v hold521/A (sg13g2_dlygate4sd3_1)
     1    0.003453    0.061296    0.623013    1.308643 v hold521/X (sg13g2_dlygate4sd3_1)
                                                         net520 (net)
                      0.061296    0.000036    1.308679 v _625_/B (sg13g2_nand2b_1)
     1    0.004033    0.047991    0.069272    1.377951 ^ _625_/Y (sg13g2_nand2b_1)
                                                         _263_ (net)
                      0.047991    0.000052    1.378003 ^ _627_/A2 (sg13g2_o21ai_1)
     1    0.002230    0.044349    0.079622    1.457625 v _627_/Y (sg13g2_o21ai_1)
                                                         _021_ (net)
                      0.044349    0.000021    1.457646 v _795_/D (sg13g2_dfrbpq_1)
                                              1.457646   data arrival time

                                  0.000000    0.000000   clock clk_i (rise edge)
                                  0.000000    0.000000   clock source latency
     2    0.071915    0.000000    0.000000    0.000000 ^ clk_i (in)
                                                         clk_i (net)
                      0.017664    0.008832    0.008832 ^ clkbuf_regs_0_clk_i/A (sg13g2_buf_16)
     1    0.017999    0.028531    0.087730    0.096562 ^ clkbuf_regs_0_clk_i/X (sg13g2_buf_16)
                                                         clk_i_regs (net)
                      0.028531    0.000184    0.096746 ^ clkbuf_0_clk_i_regs/A (sg13g2_buf_16)
    16    0.181458    0.089892    0.137573    0.234319 ^ clkbuf_0_clk_i_regs/X (sg13g2_buf_16)
                                                         clknet_0_clk_i_regs (net)
                      0.093026    0.013188    0.247507 ^ clkbuf_4_14_0_clk_i_regs/A (sg13g2_buf_8)
     7    0.027115    0.043213    0.141578    0.389086 ^ clkbuf_4_14_0_clk_i_regs/X (sg13g2_buf_8)
                                                         clknet_4_14_0_clk_i_regs (net)
                      0.043213    0.000285    0.389371 ^ _795_/CLK (sg13g2_dfrbpq_1)
                                  0.200000    0.589370   clock uncertainty
                                 -0.014350    0.575021   clock reconvergence pessimism
                                 -0.052179    0.522842   library hold time
                                              0.522842   data required time
---------------------------------------------------------------------------------------------
                                              0.522842   data required time
                                             -1.457646   data arrival time
---------------------------------------------------------------------------------------------
                                              0.934805   slack (MET)


Startpoint: _797_ (rising edge-triggered flip-flop clocked by clk_i)
Endpoint: _797_ (rising edge-triggered flip-flop clocked by clk_i)
Path Group: clk_i
Path Type: min

Fanout         Cap        Slew       Delay        Time   Description
---------------------------------------------------------------------------------------------
                                  0.000000    0.000000   clock clk_i (rise edge)
                                  0.000000    0.000000   clock source latency
     2    0.067269    0.000000    0.000000    0.000000 ^ clk_i (in)
                                                         clk_i (net)
                      0.016385    0.008193    0.008193 ^ clkbuf_regs_0_clk_i/A (sg13g2_buf_16)
     1    0.015676    0.027653    0.086298    0.094491 ^ clkbuf_regs_0_clk_i/X (sg13g2_buf_16)
                                                         clk_i_regs (net)
                      0.027653    0.000160    0.094650 ^ clkbuf_0_clk_i_regs/A (sg13g2_buf_16)
    16    0.164023    0.082918    0.132617    0.227268 ^ clkbuf_0_clk_i_regs/X (sg13g2_buf_16)
                                                         clknet_0_clk_i_regs (net)
                      0.085880    0.012305    0.239572 ^ clkbuf_4_13_0_clk_i_regs/A (sg13g2_buf_8)
     7    0.025146    0.041647    0.136263    0.375835 ^ clkbuf_4_13_0_clk_i_regs/X (sg13g2_buf_8)
                                                         clknet_4_13_0_clk_i_regs (net)
                      0.041647    0.000449    0.376284 ^ _797_/CLK (sg13g2_dfrbpq_1)
     2    0.016117    0.094449    0.314199    0.690482 v _797_/Q (sg13g2_dfrbpq_1)
                                                         net177 (net)
                      0.094449    0.000046    0.690528 v hold524/A (sg13g2_dlygate4sd3_1)
     1    0.002905    0.058873    0.622224    1.312752 v hold524/X (sg13g2_dlygate4sd3_1)
                                                         net523 (net)
                      0.058873    0.000019    1.312771 v _631_/B (sg13g2_nand2b_1)
     1    0.003677    0.047096    0.066501    1.379272 ^ _631_/Y (sg13g2_nand2b_1)
                                                         _267_ (net)
                      0.047096    0.000042    1.379314 ^ _633_/A2 (sg13g2_o21ai_1)
     1    0.002908    0.049973    0.084103    1.463417 v _633_/Y (sg13g2_o21ai_1)
                                                         _023_ (net)
                      0.049973    0.000039    1.463457 v _797_/D (sg13g2_dfrbpq_1)
                                              1.463457   data arrival time

                                  0.000000    0.000000   clock clk_i (rise edge)
                                  0.000000    0.000000   clock source latency
     2    0.071915    0.000000    0.000000    0.000000 ^ clk_i (in)
                                                         clk_i (net)
                      0.017664    0.008832    0.008832 ^ clkbuf_regs_0_clk_i/A (sg13g2_buf_16)
     1    0.017999    0.028531    0.087730    0.096562 ^ clkbuf_regs_0_clk_i/X (sg13g2_buf_16)
                                                         clk_i_regs (net)
                      0.028531    0.000184    0.096746 ^ clkbuf_0_clk_i_regs/A (sg13g2_buf_16)
    16    0.181458    0.089892    0.137573    0.234319 ^ clkbuf_0_clk_i_regs/X (sg13g2_buf_16)
                                                         clknet_0_clk_i_regs (net)
                      0.093255    0.013662    0.247981 ^ clkbuf_4_13_0_clk_i_regs/A (sg13g2_buf_8)
     7    0.028100    0.043870    0.142229    0.390211 ^ clkbuf_4_13_0_clk_i_regs/X (sg13g2_buf_8)
                                                         clknet_4_13_0_clk_i_regs (net)
                      0.043870    0.000496    0.390707 ^ _797_/CLK (sg13g2_dfrbpq_1)
                                  0.200000    0.590707   clock uncertainty
                                 -0.014423    0.576283   clock reconvergence pessimism
                                 -0.054255    0.522028   library hold time
                                              0.522028   data required time
---------------------------------------------------------------------------------------------
                                              0.522028   data required time
                                             -1.463457   data arrival time
---------------------------------------------------------------------------------------------
                                              0.941428   slack (MET)


Startpoint: _798_ (rising edge-triggered flip-flop clocked by clk_i)
Endpoint: _798_ (rising edge-triggered flip-flop clocked by clk_i)
Path Group: clk_i
Path Type: min

Fanout         Cap        Slew       Delay        Time   Description
---------------------------------------------------------------------------------------------
                                  0.000000    0.000000   clock clk_i (rise edge)
                                  0.000000    0.000000   clock source latency
     2    0.067269    0.000000    0.000000    0.000000 ^ clk_i (in)
                                                         clk_i (net)
                      0.016385    0.008193    0.008193 ^ clkbuf_regs_0_clk_i/A (sg13g2_buf_16)
     1    0.015676    0.027653    0.086298    0.094491 ^ clkbuf_regs_0_clk_i/X (sg13g2_buf_16)
                                                         clk_i_regs (net)
                      0.027653    0.000160    0.094650 ^ clkbuf_0_clk_i_regs/A (sg13g2_buf_16)
    16    0.164023    0.082918    0.132617    0.227268 ^ clkbuf_0_clk_i_regs/X (sg13g2_buf_16)
                                                         clknet_0_clk_i_regs (net)
                      0.085628    0.011765    0.239032 ^ clkbuf_4_15_0_clk_i_regs/A (sg13g2_buf_8)
     7    0.028382    0.043810    0.138032    0.377064 ^ clkbuf_4_15_0_clk_i_regs/X (sg13g2_buf_8)
                                                         clknet_4_15_0_clk_i_regs (net)
                      0.043819    0.000732    0.377795 ^ _798_/CLK (sg13g2_dfrbpq_1)
     2    0.016214    0.094955    0.315759    0.693555 v _798_/Q (sg13g2_dfrbpq_1)
                                                         net180 (net)
                      0.094955    0.000095    0.693650 v hold522/A (sg13g2_dlygate4sd3_1)
     1    0.002948    0.059065    0.622745    1.316395 v hold522/X (sg13g2_dlygate4sd3_1)
                                                         net521 (net)
                      0.059065    0.000020    1.316415 v _634_/B (sg13g2_nand2b_1)
     1    0.004365    0.050095    0.069827    1.386243 ^ _634_/Y (sg13g2_nand2b_1)
                                                         _269_ (net)
                      0.050095    0.000067    1.386309 ^ _636_/A2 (sg13g2_o21ai_1)
     1    0.002359    0.045626    0.081372    1.467681 v _636_/Y (sg13g2_o21ai_1)
                                                         _024_ (net)
                      0.045626    0.000024    1.467705 v _798_/D (sg13g2_dfrbpq_1)
                                              1.467705   data arrival time

                                  0.000000    0.000000   clock clk_i (rise edge)
                                  0.000000    0.000000   clock source latency
     2    0.071915    0.000000    0.000000    0.000000 ^ clk_i (in)
                                                         clk_i (net)
                      0.017664    0.008832    0.008832 ^ clkbuf_regs_0_clk_i/A (sg13g2_buf_16)
     1    0.017999    0.028531    0.087730    0.096562 ^ clkbuf_regs_0_clk_i/X (sg13g2_buf_16)
                                                         clk_i_regs (net)
                      0.028531    0.000184    0.096746 ^ clkbuf_0_clk_i_regs/A (sg13g2_buf_16)
    16    0.181458    0.089892    0.137573    0.234319 ^ clkbuf_0_clk_i_regs/X (sg13g2_buf_16)
                                                         clknet_0_clk_i_regs (net)
                      0.092965    0.013059    0.247379 ^ clkbuf_4_15_0_clk_i_regs/A (sg13g2_buf_8)
     7    0.031337    0.046022    0.143967    0.391346 ^ clkbuf_4_15_0_clk_i_regs/X (sg13g2_buf_8)
                                                         clknet_4_15_0_clk_i_regs (net)
                      0.046034    0.000806    0.392152 ^ _798_/CLK (sg13g2_dfrbpq_1)
                                  0.200000    0.592152   clock uncertainty
                                 -0.014356    0.577795   clock reconvergence pessimism
                                 -0.051881    0.525915   library hold time
                                              0.525915   data required time
---------------------------------------------------------------------------------------------
                                              0.525915   data required time
                                             -1.467705   data arrival time
---------------------------------------------------------------------------------------------
                                              0.941790   slack (MET)


Startpoint: _840_ (rising edge-triggered flip-flop clocked by clk_i)
Endpoint: _840_ (rising edge-triggered flip-flop clocked by clk_i)
Path Group: clk_i
Path Type: min

Fanout         Cap        Slew       Delay        Time   Description
---------------------------------------------------------------------------------------------
                                  0.000000    0.000000   clock clk_i (rise edge)
                                  0.000000    0.000000   clock source latency
     2    0.067269    0.000000    0.000000    0.000000 ^ clk_i (in)
                                                         clk_i (net)
                      0.016385    0.008193    0.008193 ^ clkbuf_regs_0_clk_i/A (sg13g2_buf_16)
     1    0.015676    0.027653    0.086298    0.094491 ^ clkbuf_regs_0_clk_i/X (sg13g2_buf_16)
                                                         clk_i_regs (net)
                      0.027653    0.000160    0.094650 ^ clkbuf_0_clk_i_regs/A (sg13g2_buf_16)
    16    0.164023    0.082918    0.132617    0.227268 ^ clkbuf_0_clk_i_regs/X (sg13g2_buf_16)
                                                         clknet_0_clk_i_regs (net)
                      0.083563    0.005860    0.233128 ^ clkbuf_4_6_0_clk_i_regs/A (sg13g2_buf_8)
     7    0.032439    0.046454    0.139214    0.372342 ^ clkbuf_4_6_0_clk_i_regs/X (sg13g2_buf_8)
                                                         clknet_4_6_0_clk_i_regs (net)
                      0.046462    0.000291    0.372633 ^ _840_/CLK (sg13g2_dfrbpq_1)
     3    0.007883    0.054236    0.284134    0.656767 v _840_/Q (sg13g2_dfrbpq_1)
                                                         w_pending_q (net)
                      0.054236    0.000045    0.656812 v hold368/A (sg13g2_dlygate4sd3_1)
     2    0.006358    0.074018    0.619183    1.275994 v hold368/X (sg13g2_dlygate4sd3_1)
                                                         net367 (net)
                      0.074018    0.000052    1.276046 v _429_/A (sg13g2_inv_1)
     3    0.010784    0.084221    0.096411    1.372457 ^ _429_/Y (sg13g2_inv_1)
                                                         _123_ (net)
                      0.084221    0.000078    1.372535 ^ _745_/A1 (sg13g2_a21oi_1)
     1    0.001841    0.052734    0.094796    1.467331 v _745_/Y (sg13g2_a21oi_1)
                                                         _066_ (net)
                      0.052734    0.000014    1.467344 v _840_/D (sg13g2_dfrbpq_1)
                                              1.467344   data arrival time

                                  0.000000    0.000000   clock clk_i (rise edge)
                                  0.000000    0.000000   clock source latency
     2    0.071915    0.000000    0.000000    0.000000 ^ clk_i (in)
                                                         clk_i (net)
                      0.017664    0.008832    0.008832 ^ clkbuf_regs_0_clk_i/A (sg13g2_buf_16)
     1    0.017999    0.028531    0.087730    0.096562 ^ clkbuf_regs_0_clk_i/X (sg13g2_buf_16)
                                                         clk_i_regs (net)
                      0.028531    0.000184    0.096746 ^ clkbuf_0_clk_i_regs/A (sg13g2_buf_16)
    16    0.181458    0.089892    0.137573    0.234319 ^ clkbuf_0_clk_i_regs/X (sg13g2_buf_16)
                                                         clknet_0_clk_i_regs (net)
                      0.090615    0.006517    0.240836 ^ clkbuf_4_6_0_clk_i_regs/A (sg13g2_buf_8)
     7    0.035393    0.048658    0.144979    0.385816 ^ clkbuf_4_6_0_clk_i_regs/X (sg13g2_buf_8)
                                                         clknet_4_6_0_clk_i_regs (net)
                      0.048658    0.000319    0.386135 ^ _840_/CLK (sg13g2_dfrbpq_1)
                                  0.200000    0.586135   clock uncertainty
                                 -0.013502    0.572633   clock reconvergence pessimism
                                 -0.053987    0.518645   library hold time
                                              0.518645   data required time
---------------------------------------------------------------------------------------------
                                              0.518645   data required time
                                             -1.467344   data arrival time
---------------------------------------------------------------------------------------------
                                              0.948699   slack (MET)


Startpoint: _801_ (rising edge-triggered flip-flop clocked by clk_i)
Endpoint: _801_ (rising edge-triggered flip-flop clocked by clk_i)
Path Group: clk_i
Path Type: min

Fanout         Cap        Slew       Delay        Time   Description
---------------------------------------------------------------------------------------------
                                  0.000000    0.000000   clock clk_i (rise edge)
                                  0.000000    0.000000   clock source latency
     2    0.067269    0.000000    0.000000    0.000000 ^ clk_i (in)
                                                         clk_i (net)
                      0.016385    0.008193    0.008193 ^ clkbuf_regs_0_clk_i/A (sg13g2_buf_16)
     1    0.015676    0.027653    0.086298    0.094491 ^ clkbuf_regs_0_clk_i/X (sg13g2_buf_16)
                                                         clk_i_regs (net)
                      0.027653    0.000160    0.094650 ^ clkbuf_0_clk_i_regs/A (sg13g2_buf_16)
    16    0.164023    0.082918    0.132617    0.227268 ^ clkbuf_0_clk_i_regs/X (sg13g2_buf_16)
                                                         clknet_0_clk_i_regs (net)
                      0.085880    0.012305    0.239572 ^ clkbuf_4_13_0_clk_i_regs/A (sg13g2_buf_8)
     7    0.025146    0.041647    0.136263    0.375835 ^ clkbuf_4_13_0_clk_i_regs/X (sg13g2_buf_8)
                                                         clknet_4_13_0_clk_i_regs (net)
                      0.041647    0.000692    0.376527 ^ _801_/CLK (sg13g2_dfrbpq_1)
     2    0.020941    0.118472    0.333256    0.709783 v _801_/Q (sg13g2_dfrbpq_1)
                                                         net183 (net)
                      0.118472    0.000052    0.709835 v hold525/A (sg13g2_dlygate4sd3_1)
     1    0.002991    0.059261    0.636471    1.346307 v hold525/X (sg13g2_dlygate4sd3_1)
                                                         net524 (net)
                      0.059261    0.000021    1.346328 v _643_/B (sg13g2_nand2b_1)
     1    0.003136    0.043330    0.064124    1.410452 ^ _643_/Y (sg13g2_nand2b_1)
                                                         _275_ (net)
                      0.043330    0.000022    1.410475 ^ _645_/A2 (sg13g2_o21ai_1)
     1    0.001924    0.041335    0.075605    1.486080 v _645_/Y (sg13g2_o21ai_1)
                                                         _027_ (net)
                      0.041335    0.000015    1.486095 v _801_/D (sg13g2_dfrbpq_1)
                                              1.486095   data arrival time

                                  0.000000    0.000000   clock clk_i (rise edge)
                                  0.000000    0.000000   clock source latency
     2    0.071915    0.000000    0.000000    0.000000 ^ clk_i (in)
                                                         clk_i (net)
                      0.017664    0.008832    0.008832 ^ clkbuf_regs_0_clk_i/A (sg13g2_buf_16)
     1    0.017999    0.028531    0.087730    0.096562 ^ clkbuf_regs_0_clk_i/X (sg13g2_buf_16)
                                                         clk_i_regs (net)
                      0.028531    0.000184    0.096746 ^ clkbuf_0_clk_i_regs/A (sg13g2_buf_16)
    16    0.181458    0.089892    0.137573    0.234319 ^ clkbuf_0_clk_i_regs/X (sg13g2_buf_16)
                                                         clknet_0_clk_i_regs (net)
                      0.093255    0.013662    0.247981 ^ clkbuf_4_13_0_clk_i_regs/A (sg13g2_buf_8)
     7    0.028100    0.043870    0.142229    0.390211 ^ clkbuf_4_13_0_clk_i_regs/X (sg13g2_buf_8)
                                                         clknet_4_13_0_clk_i_regs (net)
                      0.043879    0.000765    0.390976 ^ _801_/CLK (sg13g2_dfrbpq_1)
                                  0.200000    0.590976   clock uncertainty
                                 -0.014449    0.576527   clock reconvergence pessimism
                                 -0.050773    0.525754   library hold time
                                              0.525754   data required time
---------------------------------------------------------------------------------------------
                                              0.525754   data required time
                                             -1.486095   data arrival time
---------------------------------------------------------------------------------------------
                                              0.960341   slack (MET)


Startpoint: _802_ (rising edge-triggered flip-flop clocked by clk_i)
Endpoint: _802_ (rising edge-triggered flip-flop clocked by clk_i)
Path Group: clk_i
Path Type: min

Fanout         Cap        Slew       Delay        Time   Description
---------------------------------------------------------------------------------------------
                                  0.000000    0.000000   clock clk_i (rise edge)
                                  0.000000    0.000000   clock source latency
     2    0.067269    0.000000    0.000000    0.000000 ^ clk_i (in)
                                                         clk_i (net)
                      0.016385    0.008193    0.008193 ^ clkbuf_regs_0_clk_i/A (sg13g2_buf_16)
     1    0.015676    0.027653    0.086298    0.094491 ^ clkbuf_regs_0_clk_i/X (sg13g2_buf_16)
                                                         clk_i_regs (net)
                      0.027653    0.000160    0.094650 ^ clkbuf_0_clk_i_regs/A (sg13g2_buf_16)
    16    0.164023    0.082918    0.132617    0.227268 ^ clkbuf_0_clk_i_regs/X (sg13g2_buf_16)
                                                         clknet_0_clk_i_regs (net)
                      0.085880    0.012305    0.239572 ^ clkbuf_4_13_0_clk_i_regs/A (sg13g2_buf_8)
     7    0.025146    0.041647    0.136263    0.375835 ^ clkbuf_4_13_0_clk_i_regs/X (sg13g2_buf_8)
                                                         clknet_4_13_0_clk_i_regs (net)
                      0.041647    0.000582    0.376417 ^ _802_/CLK (sg13g2_dfrbpq_1)
     2    0.023794    0.130328    0.344459    0.720877 v _802_/Q (sg13g2_dfrbpq_1)
                                                         net184 (net)
                      0.130328    0.000062    0.720938 v hold526/A (sg13g2_dlygate4sd3_1)
     1    0.002905    0.058879    0.642807    1.363746 v hold526/X (sg13g2_dlygate4sd3_1)
                                                         net525 (net)
                      0.058879    0.000019    1.363765 v _646_/B (sg13g2_nand2b_1)
     1    0.003646    0.046140    0.066358    1.430123 ^ _646_/Y (sg13g2_nand2b_1)
                                                         _277_ (net)
                      0.046140    0.000039    1.430162 ^ _648_/A2 (sg13g2_o21ai_1)
     1    0.001592    0.038799    0.074345    1.504507 v _648_/Y (sg13g2_o21ai_1)
                                                         _028_ (net)
                      0.038799    0.000009    1.504516 v _802_/D (sg13g2_dfrbpq_1)
                                              1.504516   data arrival time

                                  0.000000    0.000000   clock clk_i (rise edge)
                                  0.000000    0.000000   clock source latency
     2    0.071915    0.000000    0.000000    0.000000 ^ clk_i (in)
                                                         clk_i (net)
                      0.017664    0.008832    0.008832 ^ clkbuf_regs_0_clk_i/A (sg13g2_buf_16)
     1    0.017999    0.028531    0.087730    0.096562 ^ clkbuf_regs_0_clk_i/X (sg13g2_buf_16)
                                                         clk_i_regs (net)
                      0.028531    0.000184    0.096746 ^ clkbuf_0_clk_i_regs/A (sg13g2_buf_16)
    16    0.181458    0.089892    0.137573    0.234319 ^ clkbuf_0_clk_i_regs/X (sg13g2_buf_16)
                                                         clknet_0_clk_i_regs (net)
                      0.093255    0.013662    0.247981 ^ clkbuf_4_13_0_clk_i_regs/A (sg13g2_buf_8)
     7    0.028100    0.043870    0.142229    0.390211 ^ clkbuf_4_13_0_clk_i_regs/X (sg13g2_buf_8)
                                                         clknet_4_13_0_clk_i_regs (net)
                      0.043878    0.000643    0.390854 ^ _802_/CLK (sg13g2_dfrbpq_1)
                                  0.200000    0.590854   clock uncertainty
                                 -0.014437    0.576417   clock reconvergence pessimism
                                 -0.049752    0.526665   library hold time
                                              0.526665   data required time
---------------------------------------------------------------------------------------------
                                              0.526665   data required time
                                             -1.504516   data arrival time
---------------------------------------------------------------------------------------------
                                              0.977851   slack (MET)


Startpoint: _799_ (rising edge-triggered flip-flop clocked by clk_i)
Endpoint: _799_ (rising edge-triggered flip-flop clocked by clk_i)
Path Group: clk_i
Path Type: min

Fanout         Cap        Slew       Delay        Time   Description
---------------------------------------------------------------------------------------------
                                  0.000000    0.000000   clock clk_i (rise edge)
                                  0.000000    0.000000   clock source latency
     2    0.067269    0.000000    0.000000    0.000000 ^ clk_i (in)
                                                         clk_i (net)
                      0.016385    0.008193    0.008193 ^ clkbuf_regs_0_clk_i/A (sg13g2_buf_16)
     1    0.015676    0.027653    0.086298    0.094491 ^ clkbuf_regs_0_clk_i/X (sg13g2_buf_16)
                                                         clk_i_regs (net)
                      0.027653    0.000160    0.094650 ^ clkbuf_0_clk_i_regs/A (sg13g2_buf_16)
    16    0.164023    0.082918    0.132617    0.227268 ^ clkbuf_0_clk_i_regs/X (sg13g2_buf_16)
                                                         clknet_0_clk_i_regs (net)
                      0.085601    0.011706    0.238973 ^ clkbuf_4_8_0_clk_i_regs/A (sg13g2_buf_8)
     7    0.031979    0.046242    0.140215    0.379188 ^ clkbuf_4_8_0_clk_i_regs/X (sg13g2_buf_8)
                                                         clknet_4_8_0_clk_i_regs (net)
                      0.046242    0.000105    0.379294 ^ _799_/CLK (sg13g2_dfrbpq_1)
     2    0.023226    0.127914    0.344884    0.724178 v _799_/Q (sg13g2_dfrbpq_1)
                                                         net181 (net)
                      0.127914    0.000070    0.724248 v hold528/A (sg13g2_dlygate4sd3_1)
     1    0.002862    0.058687    0.641180    1.365427 v hold528/X (sg13g2_dlygate4sd3_1)
                                                         net527 (net)
                      0.058687    0.000018    1.365445 v _637_/B (sg13g2_nand2b_1)
     1    0.003480    0.046015    0.065488    1.430934 ^ _637_/Y (sg13g2_nand2b_1)
                                                         _271_ (net)
                      0.046015    0.000032    1.430966 ^ _639_/A2 (sg13g2_o21ai_1)
     1    0.002010    0.042310    0.077271    1.508237 v _639_/Y (sg13g2_o21ai_1)
                                                         _025_ (net)
                      0.042310    0.000017    1.508254 v _799_/D (sg13g2_dfrbpq_1)
                                              1.508254   data arrival time

                                  0.000000    0.000000   clock clk_i (rise edge)
                                  0.000000    0.000000   clock source latency
     2    0.071915    0.000000    0.000000    0.000000 ^ clk_i (in)
                                                         clk_i (net)
                      0.017664    0.008832    0.008832 ^ clkbuf_regs_0_clk_i/A (sg13g2_buf_16)
     1    0.017999    0.028531    0.087730    0.096562 ^ clkbuf_regs_0_clk_i/X (sg13g2_buf_16)
                                                         clk_i_regs (net)
                      0.028531    0.000184    0.096746 ^ clkbuf_0_clk_i_regs/A (sg13g2_buf_16)
    16    0.181458    0.089892    0.137573    0.234319 ^ clkbuf_0_clk_i_regs/X (sg13g2_buf_16)
                                                         clknet_0_clk_i_regs (net)
                      0.092934    0.012994    0.247313 ^ clkbuf_4_8_0_clk_i_regs/A (sg13g2_buf_8)
     7    0.034933    0.048455    0.146161    0.393474 ^ clkbuf_4_8_0_clk_i_regs/X (sg13g2_buf_8)
                                                         clknet_4_8_0_clk_i_regs (net)
                      0.048455    0.000117    0.393591 ^ _799_/CLK (sg13g2_dfrbpq_1)
                                  0.200000    0.593591   clock uncertainty
                                 -0.014298    0.579293   clock reconvergence pessimism
                                 -0.049847    0.529446   library hold time
                                              0.529446   data required time
---------------------------------------------------------------------------------------------
                                              0.529446   data required time
                                             -1.508254   data arrival time
---------------------------------------------------------------------------------------------
                                              0.978808   slack (MET)


Startpoint: _800_ (rising edge-triggered flip-flop clocked by clk_i)
Endpoint: _800_ (rising edge-triggered flip-flop clocked by clk_i)
Path Group: clk_i
Path Type: min

Fanout         Cap        Slew       Delay        Time   Description
---------------------------------------------------------------------------------------------
                                  0.000000    0.000000   clock clk_i (rise edge)
                                  0.000000    0.000000   clock source latency
     2    0.067269    0.000000    0.000000    0.000000 ^ clk_i (in)
                                                         clk_i (net)
                      0.016385    0.008193    0.008193 ^ clkbuf_regs_0_clk_i/A (sg13g2_buf_16)
     1    0.015676    0.027653    0.086298    0.094491 ^ clkbuf_regs_0_clk_i/X (sg13g2_buf_16)
                                                         clk_i_regs (net)
                      0.027653    0.000160    0.094650 ^ clkbuf_0_clk_i_regs/A (sg13g2_buf_16)
    16    0.164023    0.082918    0.132617    0.227268 ^ clkbuf_0_clk_i_regs/X (sg13g2_buf_16)
                                                         clknet_0_clk_i_regs (net)
                      0.085628    0.011765    0.239032 ^ clkbuf_4_15_0_clk_i_regs/A (sg13g2_buf_8)
     7    0.028382    0.043810    0.138032    0.377064 ^ clkbuf_4_15_0_clk_i_regs/X (sg13g2_buf_8)
                                                         clknet_4_15_0_clk_i_regs (net)
                      0.043810    0.000484    0.377548 ^ _800_/CLK (sg13g2_dfrbpq_1)
     2    0.023794    0.130352    0.345629    0.723177 v _800_/Q (sg13g2_dfrbpq_1)
                                                         net182 (net)
                      0.130352    0.000144    0.723321 v hold527/A (sg13g2_dlygate4sd3_1)
     1    0.002905    0.058879    0.642821    1.366142 v hold527/X (sg13g2_dlygate4sd3_1)
                                                         net526 (net)
                      0.058879    0.000019    1.366161 v _640_/B (sg13g2_nand2b_1)
     1    0.003646    0.046926    0.066358    1.432519 ^ _640_/Y (sg13g2_nand2b_1)
                                                         _273_ (net)
                      0.046926    0.000039    1.432558 ^ _642_/A2 (sg13g2_o21ai_1)
     1    0.001592    0.038873    0.074652    1.507210 v _642_/Y (sg13g2_o21ai_1)
                                                         _026_ (net)
                      0.038873    0.000009    1.507219 v _800_/D (sg13g2_dfrbpq_1)
                                              1.507219   data arrival time

                                  0.000000    0.000000   clock clk_i (rise edge)
                                  0.000000    0.000000   clock source latency
     2    0.071915    0.000000    0.000000    0.000000 ^ clk_i (in)
                                                         clk_i (net)
                      0.017664    0.008832    0.008832 ^ clkbuf_regs_0_clk_i/A (sg13g2_buf_16)
     1    0.017999    0.028531    0.087730    0.096562 ^ clkbuf_regs_0_clk_i/X (sg13g2_buf_16)
                                                         clk_i_regs (net)
                      0.028531    0.000184    0.096746 ^ clkbuf_0_clk_i_regs/A (sg13g2_buf_16)
    16    0.181458    0.089892    0.137573    0.234319 ^ clkbuf_0_clk_i_regs/X (sg13g2_buf_16)
                                                         clknet_0_clk_i_regs (net)
                      0.092965    0.013059    0.247379 ^ clkbuf_4_15_0_clk_i_regs/A (sg13g2_buf_8)
     7    0.031337    0.046022    0.143967    0.391346 ^ clkbuf_4_15_0_clk_i_regs/X (sg13g2_buf_8)
                                                         clknet_4_15_0_clk_i_regs (net)
                      0.046032    0.000535    0.391881 ^ _800_/CLK (sg13g2_dfrbpq_1)
                                  0.200000    0.591881   clock uncertainty
                                 -0.014333    0.577548   clock reconvergence pessimism
                                 -0.049161    0.528387   library hold time
                                              0.528387   data required time
---------------------------------------------------------------------------------------------
                                              0.528387   data required time
                                             -1.507219   data arrival time
---------------------------------------------------------------------------------------------
                                              0.978832   slack (MET)


Startpoint: _887_ (rising edge-triggered flip-flop clocked by clk_i)
Endpoint: _812_ (rising edge-triggered flip-flop clocked by clk_i)
Path Group: clk_i
Path Type: min

Fanout         Cap        Slew       Delay        Time   Description
---------------------------------------------------------------------------------------------
                                  0.000000    0.000000   clock clk_i (rise edge)
                                  0.000000    0.000000   clock source latency
     2    0.067269    0.000000    0.000000    0.000000 ^ clk_i (in)
                                                         clk_i (net)
                      0.016385    0.008193    0.008193 ^ clkbuf_regs_0_clk_i/A (sg13g2_buf_16)
     1    0.015676    0.027653    0.086298    0.094491 ^ clkbuf_regs_0_clk_i/X (sg13g2_buf_16)
                                                         clk_i_regs (net)
                      0.027653    0.000160    0.094650 ^ clkbuf_0_clk_i_regs/A (sg13g2_buf_16)
    16    0.164023    0.082918    0.132617    0.227268 ^ clkbuf_0_clk_i_regs/X (sg13g2_buf_16)
                                                         clknet_0_clk_i_regs (net)
                      0.084160    0.008002    0.235270 ^ clkbuf_4_2_0_clk_i_regs/A (sg13g2_buf_8)
     7    0.031812    0.046085    0.139297    0.374567 ^ clkbuf_4_2_0_clk_i_regs/X (sg13g2_buf_8)
                                                         clknet_4_2_0_clk_i_regs (net)
                      0.046090    0.000893    0.375460 ^ _887_/CLK (sg13g2_dfrbpq_1)
     3    0.009119    0.072233    0.294180    0.669640 ^ _887_/Q (sg13g2_dfrbpq_1)
                                                         _017_ (net)
                      0.072233    0.000104    0.669744 ^ _430_/D (sg13g2_nor4_2)
     2    0.007085    0.043400    0.067630    0.737374 v _430_/Y (sg13g2_nor4_2)
                                                         _124_ (net)
                      0.043400    0.000057    0.737431 v _622_/D (sg13g2_nand4_1)
     1    0.003224    0.050986    0.071342    0.808773 ^ _622_/Y (sg13g2_nand4_1)
                                                         _260_ (net)
                      0.050986    0.000033    0.808806 ^ _623_/B1 (sg13g2_a21oi_1)
     2    0.022918    0.128030    0.132734    0.941540 v _623_/Y (sg13g2_a21oi_1)
                                                         _261_ (net)
                      0.128083    0.002199    0.943739 v _673_/A (sg13g2_buf_2)
     2    0.008332    0.043498    0.161332    1.105071 v _673_/X (sg13g2_buf_2)
                                                         _295_ (net)
                      0.043498    0.000037    1.105107 v fanout203/A (sg13g2_buf_1)
     8    0.031006    0.167412    0.209214    1.314321 v fanout203/X (sg13g2_buf_1)
                                                         net203 (net)
                      0.167412    0.000196    1.314517 v _679_/A1 (sg13g2_o21ai_1)
     1    0.001790    0.035939    0.163298    1.477815 ^ _679_/Y (sg13g2_o21ai_1)
                                                         _038_ (net)
                      0.035939    0.000013    1.477828 ^ _812_/D (sg13g2_dfrbpq_1)
                                              1.477828   data arrival time

                                  0.000000    0.000000   clock clk_i (rise edge)
                                  0.000000    0.000000   clock source latency
     2    0.071915    0.000000    0.000000    0.000000 ^ clk_i (in)
                                                         clk_i (net)
                      0.017664    0.008832    0.008832 ^ clkbuf_regs_0_clk_i/A (sg13g2_buf_16)
     1    0.017999    0.028531    0.087730    0.096562 ^ clkbuf_regs_0_clk_i/X (sg13g2_buf_16)
                                                         clk_i_regs (net)
                      0.028531    0.000184    0.096746 ^ clkbuf_0_clk_i_regs/A (sg13g2_buf_16)
    16    0.181458    0.089892    0.137573    0.234319 ^ clkbuf_0_clk_i_regs/X (sg13g2_buf_16)
                                                         clknet_0_clk_i_regs (net)
                      0.092986    0.013104    0.247423 ^ clkbuf_4_9_0_clk_i_regs/A (sg13g2_buf_8)
     7    0.027055    0.043173    0.141530    0.388954 ^ clkbuf_4_9_0_clk_i_regs/X (sg13g2_buf_8)
                                                         clknet_4_9_0_clk_i_regs (net)
                      0.043173    0.000306    0.389260 ^ _812_/CLK (sg13g2_dfrbpq_1)
                                  0.200000    0.589260   clock uncertainty
                                 -0.007052    0.582208   clock reconvergence pessimism
                                 -0.100412    0.481796   library hold time
                                              0.481796   data required time
---------------------------------------------------------------------------------------------
                                              0.481796   data required time
                                             -1.477828   data arrival time
---------------------------------------------------------------------------------------------
                                              0.996032   slack (MET)


Startpoint: _887_ (rising edge-triggered flip-flop clocked by clk_i)
Endpoint: _811_ (rising edge-triggered flip-flop clocked by clk_i)
Path Group: clk_i
Path Type: min

Fanout         Cap        Slew       Delay        Time   Description
---------------------------------------------------------------------------------------------
                                  0.000000    0.000000   clock clk_i (rise edge)
                                  0.000000    0.000000   clock source latency
     2    0.067269    0.000000    0.000000    0.000000 ^ clk_i (in)
                                                         clk_i (net)
                      0.016385    0.008193    0.008193 ^ clkbuf_regs_0_clk_i/A (sg13g2_buf_16)
     1    0.015676    0.027653    0.086298    0.094491 ^ clkbuf_regs_0_clk_i/X (sg13g2_buf_16)
                                                         clk_i_regs (net)
                      0.027653    0.000160    0.094650 ^ clkbuf_0_clk_i_regs/A (sg13g2_buf_16)
    16    0.164023    0.082918    0.132617    0.227268 ^ clkbuf_0_clk_i_regs/X (sg13g2_buf_16)
                                                         clknet_0_clk_i_regs (net)
                      0.084160    0.008002    0.235270 ^ clkbuf_4_2_0_clk_i_regs/A (sg13g2_buf_8)
     7    0.031812    0.046085    0.139297    0.374567 ^ clkbuf_4_2_0_clk_i_regs/X (sg13g2_buf_8)
                                                         clknet_4_2_0_clk_i_regs (net)
                      0.046090    0.000893    0.375460 ^ _887_/CLK (sg13g2_dfrbpq_1)
     3    0.009119    0.072233    0.294180    0.669640 ^ _887_/Q (sg13g2_dfrbpq_1)
                                                         _017_ (net)
                      0.072233    0.000104    0.669744 ^ _430_/D (sg13g2_nor4_2)
     2    0.007085    0.043400    0.067630    0.737374 v _430_/Y (sg13g2_nor4_2)
                                                         _124_ (net)
                      0.043400    0.000057    0.737431 v _622_/D (sg13g2_nand4_1)
     1    0.003224    0.050986    0.071342    0.808773 ^ _622_/Y (sg13g2_nand4_1)
                                                         _260_ (net)
                      0.050986    0.000033    0.808806 ^ _623_/B1 (sg13g2_a21oi_1)
     2    0.022918    0.128030    0.132734    0.941540 v _623_/Y (sg13g2_a21oi_1)
                                                         _261_ (net)
                      0.128083    0.002199    0.943739 v _673_/A (sg13g2_buf_2)
     2    0.008332    0.043498    0.161332    1.105071 v _673_/X (sg13g2_buf_2)
                                                         _295_ (net)
                      0.043498    0.000037    1.105107 v fanout203/A (sg13g2_buf_1)
     8    0.031006    0.167412    0.209214    1.314321 v fanout203/X (sg13g2_buf_1)
                                                         net203 (net)
                      0.167412    0.000300    1.314621 v _676_/A1 (sg13g2_o21ai_1)
     1    0.001747    0.037120    0.162820    1.477442 ^ _676_/Y (sg13g2_o21ai_1)
                                                         _037_ (net)
                      0.037120    0.000013    1.477454 ^ _811_/D (sg13g2_dfrbpq_1)
                                              1.477454   data arrival time

                                  0.000000    0.000000   clock clk_i (rise edge)
                                  0.000000    0.000000   clock source latency
     2    0.071915    0.000000    0.000000    0.000000 ^ clk_i (in)
                                                         clk_i (net)
                      0.017664    0.008832    0.008832 ^ clkbuf_regs_0_clk_i/A (sg13g2_buf_16)
     1    0.017999    0.028531    0.087730    0.096562 ^ clkbuf_regs_0_clk_i/X (sg13g2_buf_16)
                                                         clk_i_regs (net)
                      0.028531    0.000184    0.096746 ^ clkbuf_0_clk_i_regs/A (sg13g2_buf_16)
    16    0.181458    0.089892    0.137573    0.234319 ^ clkbuf_0_clk_i_regs/X (sg13g2_buf_16)
                                                         clknet_0_clk_i_regs (net)
                      0.092986    0.013104    0.247423 ^ clkbuf_4_9_0_clk_i_regs/A (sg13g2_buf_8)
     7    0.027055    0.043173    0.141530    0.388954 ^ clkbuf_4_9_0_clk_i_regs/X (sg13g2_buf_8)
                                                         clknet_4_9_0_clk_i_regs (net)
                      0.043173    0.000289    0.389243 ^ _811_/CLK (sg13g2_dfrbpq_1)
                                  0.200000    0.589243   clock uncertainty
                                 -0.007052    0.582191   clock reconvergence pessimism
                                 -0.100842    0.481349   library hold time
                                              0.481349   data required time
---------------------------------------------------------------------------------------------
                                              0.481349   data required time
                                             -1.477454   data arrival time
---------------------------------------------------------------------------------------------
                                              0.996106   slack (MET)


Startpoint: _887_ (rising edge-triggered flip-flop clocked by clk_i)
Endpoint: _813_ (rising edge-triggered flip-flop clocked by clk_i)
Path Group: clk_i
Path Type: min

Fanout         Cap        Slew       Delay        Time   Description
---------------------------------------------------------------------------------------------
                                  0.000000    0.000000   clock clk_i (rise edge)
                                  0.000000    0.000000   clock source latency
     2    0.067269    0.000000    0.000000    0.000000 ^ clk_i (in)
                                                         clk_i (net)
                      0.016385    0.008193    0.008193 ^ clkbuf_regs_0_clk_i/A (sg13g2_buf_16)
     1    0.015676    0.027653    0.086298    0.094491 ^ clkbuf_regs_0_clk_i/X (sg13g2_buf_16)
                                                         clk_i_regs (net)
                      0.027653    0.000160    0.094650 ^ clkbuf_0_clk_i_regs/A (sg13g2_buf_16)
    16    0.164023    0.082918    0.132617    0.227268 ^ clkbuf_0_clk_i_regs/X (sg13g2_buf_16)
                                                         clknet_0_clk_i_regs (net)
                      0.084160    0.008002    0.235270 ^ clkbuf_4_2_0_clk_i_regs/A (sg13g2_buf_8)
     7    0.031812    0.046085    0.139297    0.374567 ^ clkbuf_4_2_0_clk_i_regs/X (sg13g2_buf_8)
                                                         clknet_4_2_0_clk_i_regs (net)
                      0.046090    0.000893    0.375460 ^ _887_/CLK (sg13g2_dfrbpq_1)
     3    0.009119    0.072233    0.294180    0.669640 ^ _887_/Q (sg13g2_dfrbpq_1)
                                                         _017_ (net)
                      0.072233    0.000104    0.669744 ^ _430_/D (sg13g2_nor4_2)
     2    0.007085    0.043400    0.067630    0.737374 v _430_/Y (sg13g2_nor4_2)
                                                         _124_ (net)
                      0.043400    0.000057    0.737431 v _622_/D (sg13g2_nand4_1)
     1    0.003224    0.050986    0.071342    0.808773 ^ _622_/Y (sg13g2_nand4_1)
                                                         _260_ (net)
                      0.050986    0.000033    0.808806 ^ _623_/B1 (sg13g2_a21oi_1)
     2    0.022918    0.128030    0.132734    0.941540 v _623_/Y (sg13g2_a21oi_1)
                                                         _261_ (net)
                      0.128083    0.002199    0.943739 v _673_/A (sg13g2_buf_2)
     2    0.008332    0.043498    0.161332    1.105071 v _673_/X (sg13g2_buf_2)
                                                         _295_ (net)
                      0.043498    0.000037    1.105107 v fanout203/A (sg13g2_buf_1)
     8    0.031006    0.167412    0.209214    1.314321 v fanout203/X (sg13g2_buf_1)
                                                         net203 (net)
                      0.167412    0.000267    1.314588 v _682_/A1 (sg13g2_o21ai_1)
     1    0.001790    0.037883    0.163298    1.477886 ^ _682_/Y (sg13g2_o21ai_1)
                                                         _039_ (net)
                      0.037883    0.000013    1.477900 ^ _813_/D (sg13g2_dfrbpq_1)
                                              1.477900   data arrival time

                                  0.000000    0.000000   clock clk_i (rise edge)
                                  0.000000    0.000000   clock source latency
     2    0.071915    0.000000    0.000000    0.000000 ^ clk_i (in)
                                                         clk_i (net)
                      0.017664    0.008832    0.008832 ^ clkbuf_regs_0_clk_i/A (sg13g2_buf_16)
     1    0.017999    0.028531    0.087730    0.096562 ^ clkbuf_regs_0_clk_i/X (sg13g2_buf_16)
                                                         clk_i_regs (net)
                      0.028531    0.000184    0.096746 ^ clkbuf_0_clk_i_regs/A (sg13g2_buf_16)
    16    0.181458    0.089892    0.137573    0.234319 ^ clkbuf_0_clk_i_regs/X (sg13g2_buf_16)
                                                         clknet_0_clk_i_regs (net)
                      0.092986    0.013104    0.247423 ^ clkbuf_4_9_0_clk_i_regs/A (sg13g2_buf_8)
     7    0.027055    0.043173    0.141530    0.388954 ^ clkbuf_4_9_0_clk_i_regs/X (sg13g2_buf_8)
                                                         clknet_4_9_0_clk_i_regs (net)
                      0.043173    0.000173    0.389127 ^ _813_/CLK (sg13g2_dfrbpq_1)
                                  0.200000    0.589127   clock uncertainty
                                 -0.007052    0.582076   clock reconvergence pessimism
                                 -0.101120    0.480955   library hold time
                                              0.480955   data required time
---------------------------------------------------------------------------------------------
                                              0.480955   data required time
                                             -1.477900   data arrival time
---------------------------------------------------------------------------------------------
                                              0.996944   slack (MET)


Startpoint: _887_ (rising edge-triggered flip-flop clocked by clk_i)
Endpoint: _803_ (rising edge-triggered flip-flop clocked by clk_i)
Path Group: clk_i
Path Type: min

Fanout         Cap        Slew       Delay        Time   Description
---------------------------------------------------------------------------------------------
                                  0.000000    0.000000   clock clk_i (rise edge)
                                  0.000000    0.000000   clock source latency
     2    0.067269    0.000000    0.000000    0.000000 ^ clk_i (in)
                                                         clk_i (net)
                      0.016385    0.008193    0.008193 ^ clkbuf_regs_0_clk_i/A (sg13g2_buf_16)
     1    0.015676    0.027653    0.086298    0.094491 ^ clkbuf_regs_0_clk_i/X (sg13g2_buf_16)
                                                         clk_i_regs (net)
                      0.027653    0.000160    0.094650 ^ clkbuf_0_clk_i_regs/A (sg13g2_buf_16)
    16    0.164023    0.082918    0.132617    0.227268 ^ clkbuf_0_clk_i_regs/X (sg13g2_buf_16)
                                                         clknet_0_clk_i_regs (net)
                      0.084160    0.008002    0.235270 ^ clkbuf_4_2_0_clk_i_regs/A (sg13g2_buf_8)
     7    0.031812    0.046085    0.139297    0.374567 ^ clkbuf_4_2_0_clk_i_regs/X (sg13g2_buf_8)
                                                         clknet_4_2_0_clk_i_regs (net)
                      0.046090    0.000893    0.375460 ^ _887_/CLK (sg13g2_dfrbpq_1)
     3    0.009119    0.072233    0.294180    0.669640 ^ _887_/Q (sg13g2_dfrbpq_1)
                                                         _017_ (net)
                      0.072233    0.000104    0.669744 ^ _430_/D (sg13g2_nor4_2)
     2    0.007085    0.043400    0.067630    0.737374 v _430_/Y (sg13g2_nor4_2)
                                                         _124_ (net)
                      0.043400    0.000057    0.737431 v _622_/D (sg13g2_nand4_1)
     1    0.003224    0.050986    0.071342    0.808773 ^ _622_/Y (sg13g2_nand4_1)
                                                         _260_ (net)
                      0.050986    0.000033    0.808806 ^ _623_/B1 (sg13g2_a21oi_1)
     2    0.022918    0.128030    0.132734    0.941540 v _623_/Y (sg13g2_a21oi_1)
                                                         _261_ (net)
                      0.128084    0.002219    0.943759 v _624_/A (sg13g2_buf_2)
     2    0.012085    0.051606    0.169490    1.113250 v _624_/X (sg13g2_buf_2)
                                                         _262_ (net)
                      0.051606    0.000187    1.113437 v fanout206/A (sg13g2_buf_1)
     8    0.030267    0.163761    0.210516    1.323952 v fanout206/X (sg13g2_buf_1)
                                                         net206 (net)
                      0.163761    0.000278    1.324230 v _651_/A1 (sg13g2_o21ai_1)
     1    0.001502    0.038273    0.158857    1.483087 ^ _651_/Y (sg13g2_o21ai_1)
                                                         _029_ (net)
                      0.038273    0.000008    1.483096 ^ _803_/D (sg13g2_dfrbpq_1)
                                              1.483096   data arrival time

                                  0.000000    0.000000   clock clk_i (rise edge)
                                  0.000000    0.000000   clock source latency
     2    0.071915    0.000000    0.000000    0.000000 ^ clk_i (in)
                                                         clk_i (net)
                      0.017664    0.008832    0.008832 ^ clkbuf_regs_0_clk_i/A (sg13g2_buf_16)
     1    0.017999    0.028531    0.087730    0.096562 ^ clkbuf_regs_0_clk_i/X (sg13g2_buf_16)
                                                         clk_i_regs (net)
                      0.028531    0.000184    0.096746 ^ clkbuf_0_clk_i_regs/A (sg13g2_buf_16)
    16    0.181458    0.089892    0.137573    0.234319 ^ clkbuf_0_clk_i_regs/X (sg13g2_buf_16)
                                                         clknet_0_clk_i_regs (net)
                      0.093026    0.013188    0.247507 ^ clkbuf_4_14_0_clk_i_regs/A (sg13g2_buf_8)
     7    0.027115    0.043213    0.141578    0.389086 ^ clkbuf_4_14_0_clk_i_regs/X (sg13g2_buf_8)
                                                         clknet_4_14_0_clk_i_regs (net)
                      0.043213    0.000271    0.389356 ^ _803_/CLK (sg13g2_dfrbpq_1)
                                  0.200000    0.589356   clock uncertainty
                                 -0.007052    0.582305   clock reconvergence pessimism
                                 -0.101256    0.481049   library hold time
                                              0.481049   data required time
---------------------------------------------------------------------------------------------
                                              0.481049   data required time
                                             -1.483096   data arrival time
---------------------------------------------------------------------------------------------
                                              1.002047   slack (MET)


Startpoint: _804_ (rising edge-triggered flip-flop clocked by clk_i)
Endpoint: _804_ (rising edge-triggered flip-flop clocked by clk_i)
Path Group: clk_i
Path Type: min

Fanout         Cap        Slew       Delay        Time   Description
---------------------------------------------------------------------------------------------
                                  0.000000    0.000000   clock clk_i (rise edge)
                                  0.000000    0.000000   clock source latency
     2    0.067269    0.000000    0.000000    0.000000 ^ clk_i (in)
                                                         clk_i (net)
                      0.016385    0.008193    0.008193 ^ clkbuf_regs_0_clk_i/A (sg13g2_buf_16)
     1    0.015676    0.027653    0.086298    0.094491 ^ clkbuf_regs_0_clk_i/X (sg13g2_buf_16)
                                                         clk_i_regs (net)
                      0.027653    0.000160    0.094650 ^ clkbuf_0_clk_i_regs/A (sg13g2_buf_16)
    16    0.164023    0.082918    0.132617    0.227268 ^ clkbuf_0_clk_i_regs/X (sg13g2_buf_16)
                                                         clknet_0_clk_i_regs (net)
                      0.085681    0.011880    0.239147 ^ clkbuf_4_14_0_clk_i_regs/A (sg13g2_buf_8)
     7    0.024160    0.040985    0.135618    0.374766 ^ clkbuf_4_14_0_clk_i_regs/X (sg13g2_buf_8)
                                                         clknet_4_14_0_clk_i_regs (net)
                      0.040985    0.000212    0.374977 ^ _804_/CLK (sg13g2_dfrbpq_1)
     2    0.028515    0.154043    0.361081    0.736058 v _804_/Q (sg13g2_dfrbpq_1)
                                                         net186 (net)
                      0.154043    0.000186    0.736245 v hold530/A (sg13g2_dlygate4sd3_1)
     1    0.002905    0.058880    0.656440    1.392685 v hold530/X (sg13g2_dlygate4sd3_1)
                                                         net529 (net)
                      0.058880    0.000019    1.392704 v _652_/B (sg13g2_nand2b_1)
     1    0.003997    0.048069    0.068009    1.460713 ^ _652_/Y (sg13g2_nand2b_1)
                                                         _281_ (net)
                      0.048069    0.000053    1.460765 ^ _654_/A2 (sg13g2_o21ai_1)
     1    0.001881    0.041411    0.077156    1.537921 v _654_/Y (sg13g2_o21ai_1)
                                                         _030_ (net)
                      0.041411    0.000014    1.537936 v _804_/D (sg13g2_dfrbpq_1)
                                              1.537936   data arrival time

                                  0.000000    0.000000   clock clk_i (rise edge)
                                  0.000000    0.000000   clock source latency
     2    0.071915    0.000000    0.000000    0.000000 ^ clk_i (in)
                                                         clk_i (net)
                      0.017664    0.008832    0.008832 ^ clkbuf_regs_0_clk_i/A (sg13g2_buf_16)
     1    0.017999    0.028531    0.087730    0.096562 ^ clkbuf_regs_0_clk_i/X (sg13g2_buf_16)
                                                         clk_i_regs (net)
                      0.028531    0.000184    0.096746 ^ clkbuf_0_clk_i_regs/A (sg13g2_buf_16)
    16    0.181458    0.089892    0.137573    0.234319 ^ clkbuf_0_clk_i_regs/X (sg13g2_buf_16)
                                                         clknet_0_clk_i_regs (net)
                      0.093026    0.013188    0.247507 ^ clkbuf_4_14_0_clk_i_regs/A (sg13g2_buf_8)
     7    0.027115    0.043213    0.141578    0.389086 ^ clkbuf_4_14_0_clk_i_regs/X (sg13g2_buf_8)
                                                         clknet_4_14_0_clk_i_regs (net)
                      0.043213    0.000237    0.389323 ^ _804_/CLK (sg13g2_dfrbpq_1)
                                  0.200000    0.589323   clock uncertainty
                                 -0.014345    0.574977   clock reconvergence pessimism
                                 -0.050996    0.523981   library hold time
                                              0.523981   data required time
---------------------------------------------------------------------------------------------
                                              0.523981   data required time
                                             -1.537936   data arrival time
---------------------------------------------------------------------------------------------
                                              1.013954   slack (MET)


Startpoint: _805_ (rising edge-triggered flip-flop clocked by clk_i)
Endpoint: _805_ (rising edge-triggered flip-flop clocked by clk_i)
Path Group: clk_i
Path Type: min

Fanout         Cap        Slew       Delay        Time   Description
---------------------------------------------------------------------------------------------
                                  0.000000    0.000000   clock clk_i (rise edge)
                                  0.000000    0.000000   clock source latency
     2    0.067269    0.000000    0.000000    0.000000 ^ clk_i (in)
                                                         clk_i (net)
                      0.016385    0.008193    0.008193 ^ clkbuf_regs_0_clk_i/A (sg13g2_buf_16)
     1    0.015676    0.027653    0.086298    0.094491 ^ clkbuf_regs_0_clk_i/X (sg13g2_buf_16)
                                                         clk_i_regs (net)
                      0.027653    0.000160    0.094650 ^ clkbuf_0_clk_i_regs/A (sg13g2_buf_16)
    16    0.164023    0.082918    0.132617    0.227268 ^ clkbuf_0_clk_i_regs/X (sg13g2_buf_16)
                                                         clknet_0_clk_i_regs (net)
                      0.085628    0.011765    0.239032 ^ clkbuf_4_15_0_clk_i_regs/A (sg13g2_buf_8)
     7    0.028382    0.043810    0.138032    0.377064 ^ clkbuf_4_15_0_clk_i_regs/X (sg13g2_buf_8)
                                                         clknet_4_15_0_clk_i_regs (net)
                      0.043818    0.000666    0.377730 ^ _805_/CLK (sg13g2_dfrbpq_1)
     2    0.028374    0.153347    0.362177    0.739908 v _805_/Q (sg13g2_dfrbpq_1)
                                                         net156 (net)
                      0.153347    0.000180    0.740088 v hold531/A (sg13g2_dlygate4sd3_1)
     1    0.003066    0.059594    0.656936    1.397024 v hold531/X (sg13g2_dlygate4sd3_1)
                                                         net530 (net)
                      0.059594    0.000023    1.397048 v _655_/B (sg13g2_nand2b_1)
     1    0.004015    0.048169    0.068418    1.465466 ^ _655_/Y (sg13g2_nand2b_1)
                                                         _283_ (net)
                      0.048169    0.000053    1.465519 ^ _657_/A2 (sg13g2_o21ai_1)
     1    0.001918    0.041735    0.077462    1.542981 v _657_/Y (sg13g2_o21ai_1)
                                                         _031_ (net)
                      0.041735    0.000015    1.542996 v _805_/D (sg13g2_dfrbpq_1)
                                              1.542996   data arrival time

                                  0.000000    0.000000   clock clk_i (rise edge)
                                  0.000000    0.000000   clock source latency
     2    0.071915    0.000000    0.000000    0.000000 ^ clk_i (in)
                                                         clk_i (net)
                      0.017664    0.008832    0.008832 ^ clkbuf_regs_0_clk_i/A (sg13g2_buf_16)
     1    0.017999    0.028531    0.087730    0.096562 ^ clkbuf_regs_0_clk_i/X (sg13g2_buf_16)
                                                         clk_i_regs (net)
                      0.028531    0.000184    0.096746 ^ clkbuf_0_clk_i_regs/A (sg13g2_buf_16)
    16    0.181458    0.089892    0.137573    0.234319 ^ clkbuf_0_clk_i_regs/X (sg13g2_buf_16)
                                                         clknet_0_clk_i_regs (net)
                      0.092965    0.013059    0.247379 ^ clkbuf_4_15_0_clk_i_regs/A (sg13g2_buf_8)
     7    0.031337    0.046022    0.143967    0.391346 ^ clkbuf_4_15_0_clk_i_regs/X (sg13g2_buf_8)
                                                         clknet_4_15_0_clk_i_regs (net)
                      0.046033    0.000737    0.392083 ^ _805_/CLK (sg13g2_dfrbpq_1)
                                  0.200000    0.592083   clock uncertainty
                                 -0.014352    0.577730   clock reconvergence pessimism
                                 -0.050314    0.527417   library hold time
                                              0.527417   data required time
---------------------------------------------------------------------------------------------
                                              0.527417   data required time
                                             -1.542996   data arrival time
---------------------------------------------------------------------------------------------
                                              1.015579   slack (MET)


Startpoint: _793_ (rising edge-triggered flip-flop clocked by clk_i)
Endpoint: _793_ (rising edge-triggered flip-flop clocked by clk_i)
Path Group: clk_i
Path Type: min

Fanout         Cap        Slew       Delay        Time   Description
---------------------------------------------------------------------------------------------
                                  0.000000    0.000000   clock clk_i (rise edge)
                                  0.000000    0.000000   clock source latency
     2    0.067269    0.000000    0.000000    0.000000 ^ clk_i (in)
                                                         clk_i (net)
                      0.016385    0.008193    0.008193 ^ clkbuf_regs_0_clk_i/A (sg13g2_buf_16)
     1    0.015676    0.027653    0.086298    0.094491 ^ clkbuf_regs_0_clk_i/X (sg13g2_buf_16)
                                                         clk_i_regs (net)
                      0.027653    0.000160    0.094650 ^ clkbuf_0_clk_i_regs/A (sg13g2_buf_16)
    16    0.164023    0.082918    0.132617    0.227268 ^ clkbuf_0_clk_i_regs/X (sg13g2_buf_16)
                                                         clknet_0_clk_i_regs (net)
                      0.083551    0.005812    0.233079 ^ clkbuf_4_5_0_clk_i_regs/A (sg13g2_buf_8)
     7    0.036325    0.049055    0.141482    0.374561 ^ clkbuf_4_5_0_clk_i_regs/X (sg13g2_buf_8)
                                                         clknet_4_5_0_clk_i_regs (net)
                      0.049059    0.000745    0.375306 ^ _793_/CLK (sg13g2_dfrbpq_1)
     3    0.029396    0.158538    0.368827    0.744133 v _793_/Q (sg13g2_dfrbpq_1)
                                                         net153 (net)
                      0.158538    0.000172    0.744305 v hold532/A (sg13g2_dlygate4sd3_1)
     1    0.003015    0.059368    0.659636    1.403941 v hold532/X (sg13g2_dlygate4sd3_1)
                                                         net531 (net)
                      0.059368    0.000023    1.403964 v _618_/A (sg13g2_nor2_1)
     1    0.003063    0.069076    0.096601    1.500565 ^ _618_/Y (sg13g2_nor2_1)
                                                         _258_ (net)
                      0.069076    0.000029    1.500594 ^ _619_/B (sg13g2_nor2_1)
     1    0.002437    0.033630    0.055500    1.556095 v _619_/Y (sg13g2_nor2_1)
                                                         _019_ (net)
                      0.033630    0.000026    1.556121 v _793_/D (sg13g2_dfrbpq_1)
                                              1.556121   data arrival time

                                  0.000000    0.000000   clock clk_i (rise edge)
                                  0.000000    0.000000   clock source latency
     2    0.071915    0.000000    0.000000    0.000000 ^ clk_i (in)
                                                         clk_i (net)
                      0.017664    0.008832    0.008832 ^ clkbuf_regs_0_clk_i/A (sg13g2_buf_16)
     1    0.017999    0.028531    0.087730    0.096562 ^ clkbuf_regs_0_clk_i/X (sg13g2_buf_16)
                                                         clk_i_regs (net)
                      0.028531    0.000184    0.096746 ^ clkbuf_0_clk_i_regs/A (sg13g2_buf_16)
    16    0.181458    0.089892    0.137573    0.234319 ^ clkbuf_0_clk_i_regs/X (sg13g2_buf_16)
                                                         clknet_0_clk_i_regs (net)
                      0.090602    0.006461    0.240781 ^ clkbuf_4_5_0_clk_i_regs/A (sg13g2_buf_8)
     7    0.039279    0.051243    0.147242    0.388023 ^ clkbuf_4_5_0_clk_i_regs/X (sg13g2_buf_8)
                                                         clknet_4_5_0_clk_i_regs (net)
                      0.051247    0.000805    0.388828 ^ _793_/CLK (sg13g2_dfrbpq_1)
                                  0.200000    0.588828   clock uncertainty
                                 -0.013522    0.575306   clock reconvergence pessimism
                                 -0.045547    0.529759   library hold time
                                              0.529759   data required time
---------------------------------------------------------------------------------------------
                                              0.529759   data required time
                                             -1.556121   data arrival time
---------------------------------------------------------------------------------------------
                                              1.026362   slack (MET)


Startpoint: _806_ (rising edge-triggered flip-flop clocked by clk_i)
Endpoint: _806_ (rising edge-triggered flip-flop clocked by clk_i)
Path Group: clk_i
Path Type: min

Fanout         Cap        Slew       Delay        Time   Description
---------------------------------------------------------------------------------------------
                                  0.000000    0.000000   clock clk_i (rise edge)
                                  0.000000    0.000000   clock source latency
     2    0.067269    0.000000    0.000000    0.000000 ^ clk_i (in)
                                                         clk_i (net)
                      0.016385    0.008193    0.008193 ^ clkbuf_regs_0_clk_i/A (sg13g2_buf_16)
     1    0.015676    0.027653    0.086298    0.094491 ^ clkbuf_regs_0_clk_i/X (sg13g2_buf_16)
                                                         clk_i_regs (net)
                      0.027653    0.000160    0.094650 ^ clkbuf_0_clk_i_regs/A (sg13g2_buf_16)
    16    0.164023    0.082918    0.132617    0.227268 ^ clkbuf_0_clk_i_regs/X (sg13g2_buf_16)
                                                         clknet_0_clk_i_regs (net)
                      0.085681    0.011880    0.239147 ^ clkbuf_4_14_0_clk_i_regs/A (sg13g2_buf_8)
     7    0.024160    0.040985    0.135618    0.374766 ^ clkbuf_4_14_0_clk_i_regs/X (sg13g2_buf_8)
                                                         clknet_4_14_0_clk_i_regs (net)
                      0.040985    0.000361    0.375126 ^ _806_/CLK (sg13g2_dfrbpq_1)
     2    0.032440    0.173766    0.375199    0.750325 v _806_/Q (sg13g2_dfrbpq_1)
                                                         net157 (net)
                      0.173766    0.000205    0.750530 v hold533/A (sg13g2_dlygate4sd3_1)
     1    0.002948    0.059072    0.668018    1.418548 v hold533/X (sg13g2_dlygate4sd3_1)
                                                         net532 (net)
                      0.059072    0.000020    1.418568 v _658_/B (sg13g2_nand2b_1)
     1    0.003911    0.047317    0.067691    1.486259 ^ _658_/Y (sg13g2_nand2b_1)
                                                         _285_ (net)
                      0.047317    0.000050    1.486309 ^ _660_/A2 (sg13g2_o21ai_1)
     1    0.001924    0.041703    0.077168    1.563477 v _660_/Y (sg13g2_o21ai_1)
                                                         _032_ (net)
                      0.041703    0.000015    1.563491 v _806_/D (sg13g2_dfrbpq_1)
                                              1.563491   data arrival time

                                  0.000000    0.000000   clock clk_i (rise edge)
                                  0.000000    0.000000   clock source latency
     2    0.071915    0.000000    0.000000    0.000000 ^ clk_i (in)
                                                         clk_i (net)
                      0.017664    0.008832    0.008832 ^ clkbuf_regs_0_clk_i/A (sg13g2_buf_16)
     1    0.017999    0.028531    0.087730    0.096562 ^ clkbuf_regs_0_clk_i/X (sg13g2_buf_16)
                                                         clk_i_regs (net)
                      0.028531    0.000184    0.096746 ^ clkbuf_0_clk_i_regs/A (sg13g2_buf_16)
    16    0.181458    0.089892    0.137573    0.234319 ^ clkbuf_0_clk_i_regs/X (sg13g2_buf_16)
                                                         clknet_0_clk_i_regs (net)
                      0.093026    0.013188    0.247507 ^ clkbuf_4_14_0_clk_i_regs/A (sg13g2_buf_8)
     7    0.027115    0.043213    0.141578    0.389086 ^ clkbuf_4_14_0_clk_i_regs/X (sg13g2_buf_8)
                                                         clknet_4_14_0_clk_i_regs (net)
                      0.043213    0.000403    0.389488 ^ _806_/CLK (sg13g2_dfrbpq_1)
                                  0.200000    0.589488   clock uncertainty
                                 -0.014362    0.575126   clock reconvergence pessimism
                                 -0.051114    0.524013   library hold time
                                              0.524013   data required time
---------------------------------------------------------------------------------------------
                                              0.524013   data required time
                                             -1.563491   data arrival time
---------------------------------------------------------------------------------------------
                                              1.039479   slack (MET)


Startpoint: _808_ (rising edge-triggered flip-flop clocked by clk_i)
Endpoint: _808_ (rising edge-triggered flip-flop clocked by clk_i)
Path Group: clk_i
Path Type: min

Fanout         Cap        Slew       Delay        Time   Description
---------------------------------------------------------------------------------------------
                                  0.000000    0.000000   clock clk_i (rise edge)
                                  0.000000    0.000000   clock source latency
     2    0.067269    0.000000    0.000000    0.000000 ^ clk_i (in)
                                                         clk_i (net)
                      0.016385    0.008193    0.008193 ^ clkbuf_regs_0_clk_i/A (sg13g2_buf_16)
     1    0.015676    0.027653    0.086298    0.094491 ^ clkbuf_regs_0_clk_i/X (sg13g2_buf_16)
                                                         clk_i_regs (net)
                      0.027653    0.000160    0.094650 ^ clkbuf_0_clk_i_regs/A (sg13g2_buf_16)
    16    0.164023    0.082918    0.132617    0.227268 ^ clkbuf_0_clk_i_regs/X (sg13g2_buf_16)
                                                         clknet_0_clk_i_regs (net)
                      0.085628    0.011765    0.239032 ^ clkbuf_4_15_0_clk_i_regs/A (sg13g2_buf_8)
     7    0.028382    0.043810    0.138032    0.377064 ^ clkbuf_4_15_0_clk_i_regs/X (sg13g2_buf_8)
                                                         clknet_4_15_0_clk_i_regs (net)
                      0.043818    0.000656    0.377719 ^ _808_/CLK (sg13g2_dfrbpq_1)
     2    0.034811    0.185825    0.385416    0.763135 v _808_/Q (sg13g2_dfrbpq_1)
                                                         net159 (net)
                      0.185825    0.000081    0.763216 v hold534/A (sg13g2_dlygate4sd3_1)
     1    0.003066    0.059595    0.674619    1.437835 v hold534/X (sg13g2_dlygate4sd3_1)
                                                         net533 (net)
                      0.059595    0.000023    1.437858 v _664_/B (sg13g2_nand2b_1)
     1    0.003194    0.043361    0.064546    1.502404 ^ _664_/Y (sg13g2_nand2b_1)
                                                         _289_ (net)
                      0.043361    0.000024    1.502428 ^ _666_/A2 (sg13g2_o21ai_1)
     1    0.001967    0.041700    0.075923    1.578352 v _666_/Y (sg13g2_o21ai_1)
                                                         _034_ (net)
                      0.041700    0.000016    1.578368 v _808_/D (sg13g2_dfrbpq_1)
                                              1.578368   data arrival time

                                  0.000000    0.000000   clock clk_i (rise edge)
                                  0.000000    0.000000   clock source latency
     2    0.071915    0.000000    0.000000    0.000000 ^ clk_i (in)
                                                         clk_i (net)
                      0.017664    0.008832    0.008832 ^ clkbuf_regs_0_clk_i/A (sg13g2_buf_16)
     1    0.017999    0.028531    0.087730    0.096562 ^ clkbuf_regs_0_clk_i/X (sg13g2_buf_16)
                                                         clk_i_regs (net)
                      0.028531    0.000184    0.096746 ^ clkbuf_0_clk_i_regs/A (sg13g2_buf_16)
    16    0.181458    0.089892    0.137573    0.234319 ^ clkbuf_0_clk_i_regs/X (sg13g2_buf_16)
                                                         clknet_0_clk_i_regs (net)
                      0.092965    0.013059    0.247379 ^ clkbuf_4_15_0_clk_i_regs/A (sg13g2_buf_8)
     7    0.031337    0.046022    0.143967    0.391346 ^ clkbuf_4_15_0_clk_i_regs/X (sg13g2_buf_8)
                                                         clknet_4_15_0_clk_i_regs (net)
                      0.046033    0.000724    0.392070 ^ _808_/CLK (sg13g2_dfrbpq_1)
                                  0.200000    0.592070   clock uncertainty
                                 -0.014351    0.577720   clock reconvergence pessimism
                                 -0.050300    0.527420   library hold time
                                              0.527420   data required time
---------------------------------------------------------------------------------------------
                                              0.527420   data required time
                                             -1.578368   data arrival time
---------------------------------------------------------------------------------------------
                                              1.050948   slack (MET)


Startpoint: _807_ (rising edge-triggered flip-flop clocked by clk_i)
Endpoint: _807_ (rising edge-triggered flip-flop clocked by clk_i)
Path Group: clk_i
Path Type: min

Fanout         Cap        Slew       Delay        Time   Description
---------------------------------------------------------------------------------------------
                                  0.000000    0.000000   clock clk_i (rise edge)
                                  0.000000    0.000000   clock source latency
     2    0.067269    0.000000    0.000000    0.000000 ^ clk_i (in)
                                                         clk_i (net)
                      0.016385    0.008193    0.008193 ^ clkbuf_regs_0_clk_i/A (sg13g2_buf_16)
     1    0.015676    0.027653    0.086298    0.094491 ^ clkbuf_regs_0_clk_i/X (sg13g2_buf_16)
                                                         clk_i_regs (net)
                      0.027653    0.000160    0.094650 ^ clkbuf_0_clk_i_regs/A (sg13g2_buf_16)
    16    0.164023    0.082918    0.132617    0.227268 ^ clkbuf_0_clk_i_regs/X (sg13g2_buf_16)
                                                         clknet_0_clk_i_regs (net)
                      0.085681    0.011880    0.239147 ^ clkbuf_4_14_0_clk_i_regs/A (sg13g2_buf_8)
     7    0.024160    0.040985    0.135618    0.374766 ^ clkbuf_4_14_0_clk_i_regs/X (sg13g2_buf_8)
                                                         clknet_4_14_0_clk_i_regs (net)
                      0.040985    0.000353    0.375119 ^ _807_/CLK (sg13g2_dfrbpq_1)
     2    0.034897    0.186229    0.384114    0.759233 v _807_/Q (sg13g2_dfrbpq_1)
                                                         net158 (net)
                      0.186229    0.000080    0.759313 v hold535/A (sg13g2_dlygate4sd3_1)
     1    0.002991    0.059263    0.674401    1.433713 v hold535/X (sg13g2_dlygate4sd3_1)
                                                         net534 (net)
                      0.059263    0.000021    1.433735 v _661_/B (sg13g2_nand2b_1)
     1    0.003784    0.046617    0.067179    1.500914 ^ _661_/Y (sg13g2_nand2b_1)
                                                         _287_ (net)
                      0.046617    0.000044    1.500958 ^ _663_/A2 (sg13g2_o21ai_1)
     1    0.001893    0.041383    0.076678    1.577635 v _663_/Y (sg13g2_o21ai_1)
                                                         _033_ (net)
                      0.041383    0.000014    1.577649 v _807_/D (sg13g2_dfrbpq_1)
                                              1.577649   data arrival time

                                  0.000000    0.000000   clock clk_i (rise edge)
                                  0.000000    0.000000   clock source latency
     2    0.071915    0.000000    0.000000    0.000000 ^ clk_i (in)
                                                         clk_i (net)
                      0.017664    0.008832    0.008832 ^ clkbuf_regs_0_clk_i/A (sg13g2_buf_16)
     1    0.017999    0.028531    0.087730    0.096562 ^ clkbuf_regs_0_clk_i/X (sg13g2_buf_16)
                                                         clk_i_regs (net)
                      0.028531    0.000184    0.096746 ^ clkbuf_0_clk_i_regs/A (sg13g2_buf_16)
    16    0.181458    0.089892    0.137573    0.234319 ^ clkbuf_0_clk_i_regs/X (sg13g2_buf_16)
                                                         clknet_0_clk_i_regs (net)
                      0.093026    0.013188    0.247507 ^ clkbuf_4_14_0_clk_i_regs/A (sg13g2_buf_8)
     7    0.027115    0.043213    0.141578    0.389086 ^ clkbuf_4_14_0_clk_i_regs/X (sg13g2_buf_8)
                                                         clknet_4_14_0_clk_i_regs (net)
                      0.043213    0.000394    0.389479 ^ _807_/CLK (sg13g2_dfrbpq_1)
                                  0.200000    0.589479   clock uncertainty
                                 -0.014361    0.575119   clock reconvergence pessimism
                                 -0.050985    0.524134   library hold time
                                              0.524134   data required time
---------------------------------------------------------------------------------------------
                                              0.524134   data required time
                                             -1.577649   data arrival time
---------------------------------------------------------------------------------------------
                                              1.053516   slack (MET)


Startpoint: _809_ (rising edge-triggered flip-flop clocked by clk_i)
Endpoint: _809_ (rising edge-triggered flip-flop clocked by clk_i)
Path Group: clk_i
Path Type: min

Fanout         Cap        Slew       Delay        Time   Description
---------------------------------------------------------------------------------------------
                                  0.000000    0.000000   clock clk_i (rise edge)
                                  0.000000    0.000000   clock source latency
     2    0.067269    0.000000    0.000000    0.000000 ^ clk_i (in)
                                                         clk_i (net)
                      0.016385    0.008193    0.008193 ^ clkbuf_regs_0_clk_i/A (sg13g2_buf_16)
     1    0.015676    0.027653    0.086298    0.094491 ^ clkbuf_regs_0_clk_i/X (sg13g2_buf_16)
                                                         clk_i_regs (net)
                      0.027653    0.000160    0.094650 ^ clkbuf_0_clk_i_regs/A (sg13g2_buf_16)
    16    0.164023    0.082918    0.132617    0.227268 ^ clkbuf_0_clk_i_regs/X (sg13g2_buf_16)
                                                         clknet_0_clk_i_regs (net)
                      0.085681    0.011880    0.239147 ^ clkbuf_4_14_0_clk_i_regs/A (sg13g2_buf_8)
     7    0.024160    0.040985    0.135618    0.374766 ^ clkbuf_4_14_0_clk_i_regs/X (sg13g2_buf_8)
                                                         clknet_4_14_0_clk_i_regs (net)
                      0.040985    0.000206    0.374971 ^ _809_/CLK (sg13g2_dfrbpq_1)
     2    0.038135    0.202520    0.395703    0.770675 v _809_/Q (sg13g2_dfrbpq_1)
                                                         net160 (net)
                      0.202520    0.000086    0.770761 v hold537/A (sg13g2_dlygate4sd3_1)
     1    0.002905    0.058881    0.681926    1.452687 v hold537/X (sg13g2_dlygate4sd3_1)
                                                         net536 (net)
                      0.058881    0.000019    1.452706 v _667_/B (sg13g2_nand2b_1)
     1    0.003261    0.043734    0.064545    1.517252 ^ _667_/Y (sg13g2_nand2b_1)
                                                         _291_ (net)
                      0.043734    0.000026    1.517278 ^ _669_/A2 (sg13g2_o21ai_1)
     1    0.002058    0.042510    0.076722    1.594000 v _669_/Y (sg13g2_o21ai_1)
                                                         _035_ (net)
                      0.042510    0.000018    1.594017 v _809_/D (sg13g2_dfrbpq_1)
                                              1.594017   data arrival time

                                  0.000000    0.000000   clock clk_i (rise edge)
                                  0.000000    0.000000   clock source latency
     2    0.071915    0.000000    0.000000    0.000000 ^ clk_i (in)
                                                         clk_i (net)
                      0.017664    0.008832    0.008832 ^ clkbuf_regs_0_clk_i/A (sg13g2_buf_16)
     1    0.017999    0.028531    0.087730    0.096562 ^ clkbuf_regs_0_clk_i/X (sg13g2_buf_16)
                                                         clk_i_regs (net)
                      0.028531    0.000184    0.096746 ^ clkbuf_0_clk_i_regs/A (sg13g2_buf_16)
    16    0.181458    0.089892    0.137573    0.234319 ^ clkbuf_0_clk_i_regs/X (sg13g2_buf_16)
                                                         clknet_0_clk_i_regs (net)
                      0.093026    0.013188    0.247507 ^ clkbuf_4_14_0_clk_i_regs/A (sg13g2_buf_8)
     7    0.027115    0.043213    0.141578    0.389086 ^ clkbuf_4_14_0_clk_i_regs/X (sg13g2_buf_8)
                                                         clknet_4_14_0_clk_i_regs (net)
                      0.043213    0.000230    0.389316 ^ _809_/CLK (sg13g2_dfrbpq_1)
                                  0.200000    0.589316   clock uncertainty
                                 -0.014344    0.574971   clock reconvergence pessimism
                                 -0.051439    0.523533   library hold time
                                              0.523533   data required time
---------------------------------------------------------------------------------------------
                                              0.523533   data required time
                                             -1.594017   data arrival time
---------------------------------------------------------------------------------------------
                                              1.070484   slack (MET)


Startpoint: boot_addr[9] (input port clocked by clk_i)
Endpoint: u_sram (rising edge-triggered flip-flop clocked by clk_i)
Path Group: clk_i
Path Type: min

Fanout         Cap        Slew       Delay        Time   Description
---------------------------------------------------------------------------------------------
                                  0.000000    0.000000   clock clk_i (rise edge)
                                  0.000000    0.000000   clock network delay (propagated)
                                  0.500000    0.500000 ^ input external delay
     1    0.004279    0.000000    0.000000    0.500000 ^ boot_addr[9] (in)
                                                         boot_addr[9] (net)
                      0.000100    0.000050    0.500050 ^ input10/A (sg13g2_buf_1)
     1    0.069446    0.443114    0.358706    0.858755 ^ input10/X (sg13g2_buf_1)
                                                         net10 (net)
                      0.444869    0.022703    0.881458 ^ _576_/B (sg13g2_nand2_1)
     1    0.012656    0.155698    0.277332    1.158790 v _576_/Y (sg13g2_nand2_1)
                                                         _235_ (net)
                      0.155699    0.000675    1.159465 v _577_/C (sg13g2_nand3_1)
     1    0.001941    0.041364    0.106943    1.266408 ^ _577_/Y (sg13g2_nand3_1)
                                                         sram_addr[7] (net)
                      0.041364    0.000016    1.266423 ^ hold562/A (sg13g2_dlygate4sd3_1)
     1    0.001767    0.050232    0.555856    1.822279 ^ hold562/X (sg13g2_dlygate4sd3_1)
                                                         net561 (net)
                      0.050232    0.000012    1.822292 ^ hold413/A (sg13g2_dlygate4sd3_1)
     1    0.008276    0.088679    0.597340    2.419632 ^ hold413/X (sg13g2_dlygate4sd3_1)
                                                         net412 (net)
                      0.118239    0.000000    2.419632 ^ u_sram/A_ADDR[7] (RM_IHPSG13_1P_1024x32_c2_bm_bist)
                                              2.419632   data arrival time

                                  0.000000    0.000000   clock clk_i (rise edge)
                                  0.000000    0.000000   clock source latency
     2    0.071915    0.000000    0.000000    0.000000 ^ clk_i (in)
                                                         clk_i (net)
                      0.007642    0.003821    0.003821 ^ delaybuf_0_clk_i/A (sg13g2_buf_16)
     1    0.025595    0.030873    0.084150    0.087972 ^ delaybuf_0_clk_i/X (sg13g2_buf_16)
                                                         delaynet_0_clk_i (net)
                      0.030895    0.001594    0.089566 ^ delaybuf_1_clk_i/A (sg13g2_buf_16)
     1    0.023706    0.031007    0.096824    0.186389 ^ delaybuf_1_clk_i/X (sg13g2_buf_16)
                                                         delaynet_1_clk_i (net)
                      0.031018    0.001183    0.187572 ^ clkbuf_0_clk_i/A (sg13g2_buf_16)
     1    0.018301    0.029106    0.095384    0.282956 ^ clkbuf_0_clk_i/X (sg13g2_buf_16)
                                                         clknet_0_clk_i (net)
                      0.029106    0.000223    0.283179 ^ clkbuf_1_0__f_clk_i/A (sg13g2_buf_16)
     1    0.003790    0.023734    0.089874    0.373052 ^ clkbuf_1_0__f_clk_i/X (sg13g2_buf_16)
                                                         clknet_1_0__leaf_clk_i (net)
                      0.031646    0.000000    0.373052 ^ u_sram/A_CLK (RM_IHPSG13_1P_1024x32_c2_bm_bist)
                                  0.200000    0.573053   clock uncertainty
                                  0.000000    0.573053   clock reconvergence pessimism
                                  0.766346    1.339398   library hold time
                                              1.339398   data required time
---------------------------------------------------------------------------------------------
                                              1.339398   data required time
                                             -2.419632   data arrival time
---------------------------------------------------------------------------------------------
                                              1.080234   slack (MET)


Startpoint: boot_addr[11] (input port clocked by clk_i)
Endpoint: u_sram (rising edge-triggered flip-flop clocked by clk_i)
Path Group: clk_i
Path Type: min

Fanout         Cap        Slew       Delay        Time   Description
---------------------------------------------------------------------------------------------
                                  0.000000    0.000000   clock clk_i (rise edge)
                                  0.000000    0.000000   clock network delay (propagated)
                                  0.500000    0.500000 ^ input external delay
     1    0.004279    0.000000    0.000000    0.500000 ^ boot_addr[11] (in)
                                                         boot_addr[11] (net)
                      0.000100    0.000050    0.500050 ^ input2/A (sg13g2_buf_1)
     1    0.069823    0.445456    0.360248    0.860298 ^ input2/X (sg13g2_buf_1)
                                                         net2 (net)
                      0.447239    0.022948    0.883246 ^ _586_/B (sg13g2_nand2_1)
     1    0.012852    0.171665    0.279973    1.163219 v _586_/Y (sg13g2_nand2_1)
                                                         _243_ (net)
                      0.171666    0.000696    1.163915 v _587_/C (sg13g2_nand3_1)
     1    0.002461    0.042984    0.115491    1.279406 ^ _587_/Y (sg13g2_nand3_1)
                                                         sram_addr[9] (net)
                      0.042984    0.000027    1.279433 ^ hold565/A (sg13g2_dlygate4sd3_1)
     1    0.002353    0.053424    0.560078    1.839510 ^ hold565/X (sg13g2_dlygate4sd3_1)
                                                         net564 (net)
                      0.053424    0.000025    1.839535 ^ hold387/A (sg13g2_dlygate4sd3_1)
     1    0.007701    0.085305    0.596011    2.435546 ^ hold387/X (sg13g2_dlygate4sd3_1)
                                                         net386 (net)
                      0.113740    0.000000    2.435546 ^ u_sram/A_ADDR[9] (RM_IHPSG13_1P_1024x32_c2_bm_bist)
                                              2.435546   data arrival time

                                  0.000000    0.000000   clock clk_i (rise edge)
                                  0.000000    0.000000   clock source latency
     2    0.071915    0.000000    0.000000    0.000000 ^ clk_i (in)
                                                         clk_i (net)
                      0.007642    0.003821    0.003821 ^ delaybuf_0_clk_i/A (sg13g2_buf_16)
     1    0.025595    0.030873    0.084150    0.087972 ^ delaybuf_0_clk_i/X (sg13g2_buf_16)
                                                         delaynet_0_clk_i (net)
                      0.030895    0.001594    0.089566 ^ delaybuf_1_clk_i/A (sg13g2_buf_16)
     1    0.023706    0.031007    0.096824    0.186389 ^ delaybuf_1_clk_i/X (sg13g2_buf_16)
                                                         delaynet_1_clk_i (net)
                      0.031018    0.001183    0.187572 ^ clkbuf_0_clk_i/A (sg13g2_buf_16)
     1    0.018301    0.029106    0.095384    0.282956 ^ clkbuf_0_clk_i/X (sg13g2_buf_16)
                                                         clknet_0_clk_i (net)
                      0.029106    0.000223    0.283179 ^ clkbuf_1_0__f_clk_i/A (sg13g2_buf_16)
     1    0.003790    0.023734    0.089874    0.373052 ^ clkbuf_1_0__f_clk_i/X (sg13g2_buf_16)
                                                         clknet_1_0__leaf_clk_i (net)
                      0.031646    0.000000    0.373052 ^ u_sram/A_CLK (RM_IHPSG13_1P_1024x32_c2_bm_bist)
                                  0.200000    0.573053   clock uncertainty
                                  0.000000    0.573053   clock reconvergence pessimism
                                  0.770678    1.343731   library hold time
                                              1.343731   data required time
---------------------------------------------------------------------------------------------
                                              1.343731   data required time
                                             -2.435546   data arrival time
---------------------------------------------------------------------------------------------
                                              1.091815   slack (MET)


Startpoint: boot_addr[6] (input port clocked by clk_i)
Endpoint: u_sram (rising edge-triggered flip-flop clocked by clk_i)
Path Group: clk_i
Path Type: min

Fanout         Cap        Slew       Delay        Time   Description
---------------------------------------------------------------------------------------------
                                  0.000000    0.000000   clock clk_i (rise edge)
                                  0.000000    0.000000   clock network delay (propagated)
                                  0.500000    0.500000 ^ input external delay
     1    0.004279    0.000000    0.000000    0.500000 ^ boot_addr[6] (in)
                                                         boot_addr[6] (net)
                      0.000100    0.000050    0.500050 ^ input7/A (sg13g2_buf_1)
     1    0.070463    0.449437    0.362870    0.862920 ^ input7/X (sg13g2_buf_1)
                                                         net7 (net)
                      0.451269    0.023362    0.886282 ^ _561_/B (sg13g2_nand2_1)
     1    0.016861    0.194052    0.323295    1.209576 v _561_/Y (sg13g2_nand2_1)
                                                         _223_ (net)
                      0.194057    0.001203    1.210780 v _562_/C (sg13g2_nand3_1)
     1    0.003351    0.047342    0.126835    1.337614 ^ _562_/Y (sg13g2_nand3_1)
                                                         sram_addr[4] (net)
                      0.047342    0.000053    1.337667 ^ hold553/A (sg13g2_dlygate4sd3_1)
     1    0.002200    0.052594    0.561789    1.899456 ^ hold553/X (sg13g2_dlygate4sd3_1)
                                                         net552 (net)
                      0.052594    0.000022    1.899478 ^ hold342/A (sg13g2_dlygate4sd3_1)
     1    0.005072    0.069857    0.580879    2.480357 ^ hold342/X (sg13g2_dlygate4sd3_1)
                                                         net341 (net)
                      0.093142    0.000000    2.480357 ^ u_sram/A_ADDR[4] (RM_IHPSG13_1P_1024x32_c2_bm_bist)
                                              2.480357   data arrival time

                                  0.000000    0.000000   clock clk_i (rise edge)
                                  0.000000    0.000000   clock source latency
     2    0.071915    0.000000    0.000000    0.000000 ^ clk_i (in)
                                                         clk_i (net)
                      0.007642    0.003821    0.003821 ^ delaybuf_0_clk_i/A (sg13g2_buf_16)
     1    0.025595    0.030873    0.084150    0.087972 ^ delaybuf_0_clk_i/X (sg13g2_buf_16)
                                                         delaynet_0_clk_i (net)
                      0.030895    0.001594    0.089566 ^ delaybuf_1_clk_i/A (sg13g2_buf_16)
     1    0.023706    0.031007    0.096824    0.186389 ^ delaybuf_1_clk_i/X (sg13g2_buf_16)
                                                         delaynet_1_clk_i (net)
                      0.031018    0.001183    0.187572 ^ clkbuf_0_clk_i/A (sg13g2_buf_16)
     1    0.018301    0.029106    0.095384    0.282956 ^ clkbuf_0_clk_i/X (sg13g2_buf_16)
                                                         clknet_0_clk_i (net)
                      0.029106    0.000223    0.283179 ^ clkbuf_1_0__f_clk_i/A (sg13g2_buf_16)
     1    0.003790    0.023734    0.089874    0.373052 ^ clkbuf_1_0__f_clk_i/X (sg13g2_buf_16)
                                                         clknet_1_0__leaf_clk_i (net)
                      0.031646    0.000000    0.373052 ^ u_sram/A_CLK (RM_IHPSG13_1P_1024x32_c2_bm_bist)
                                  0.200000    0.573053   clock uncertainty
                                  0.000000    0.573053   clock reconvergence pessimism
                                  0.790231    1.363283   library hold time
                                              1.363283   data required time
---------------------------------------------------------------------------------------------
                                              1.363283   data required time
                                             -2.480357   data arrival time
---------------------------------------------------------------------------------------------
                                              1.117074   slack (MET)


Startpoint: boot_addr[3] (input port clocked by clk_i)
Endpoint: u_sram (rising edge-triggered flip-flop clocked by clk_i)
Path Group: clk_i
Path Type: min

Fanout         Cap        Slew       Delay        Time   Description
---------------------------------------------------------------------------------------------
                                  0.000000    0.000000   clock clk_i (rise edge)
                                  0.000000    0.000000   clock network delay (propagated)
                                  0.500000    0.500000 ^ input external delay
     1    0.004279    0.000000    0.000000    0.500000 ^ boot_addr[3] (in)
                                                         boot_addr[3] (net)
                      0.000100    0.000050    0.500050 ^ input4/A (sg13g2_buf_1)
     1    0.069823    0.445456    0.360248    0.860298 ^ input4/X (sg13g2_buf_1)
                                                         net4 (net)
                      0.447239    0.022948    0.883246 ^ _546_/B (sg13g2_nand2_1)
     1    0.018145    0.205919    0.335641    1.218887 v _546_/Y (sg13g2_nand2_1)
                                                         _211_ (net)
                      0.205927    0.001385    1.220272 v _547_/C (sg13g2_nand3_1)
     1    0.003003    0.047712    0.128015    1.348287 ^ _547_/Y (sg13g2_nand3_1)
                                                         sram_addr[1] (net)
                      0.047712    0.000042    1.348328 ^ hold550/A (sg13g2_dlygate4sd3_1)
     1    0.001441    0.048413    0.557776    1.906104 ^ hold550/X (sg13g2_dlygate4sd3_1)
                                                         net549 (net)
                      0.048413    0.000007    1.906111 ^ hold348/A (sg13g2_dlygate4sd3_1)
     1    0.005074    0.069867    0.578435    2.484546 ^ hold348/X (sg13g2_dlygate4sd3_1)
                                                         net347 (net)
                      0.093156    0.000000    2.484546 ^ u_sram/A_ADDR[1] (RM_IHPSG13_1P_1024x32_c2_bm_bist)
                                              2.484546   data arrival time

                                  0.000000    0.000000   clock clk_i (rise edge)
                                  0.000000    0.000000   clock source latency
     2    0.071915    0.000000    0.000000    0.000000 ^ clk_i (in)
                                                         clk_i (net)
                      0.007642    0.003821    0.003821 ^ delaybuf_0_clk_i/A (sg13g2_buf_16)
     1    0.025595    0.030873    0.084150    0.087972 ^ delaybuf_0_clk_i/X (sg13g2_buf_16)
                                                         delaynet_0_clk_i (net)
                      0.030895    0.001594    0.089566 ^ delaybuf_1_clk_i/A (sg13g2_buf_16)
     1    0.023706    0.031007    0.096824    0.186389 ^ delaybuf_1_clk_i/X (sg13g2_buf_16)
                                                         delaynet_1_clk_i (net)
                      0.031018    0.001183    0.187572 ^ clkbuf_0_clk_i/A (sg13g2_buf_16)
     1    0.018301    0.029106    0.095384    0.282956 ^ clkbuf_0_clk_i/X (sg13g2_buf_16)
                                                         clknet_0_clk_i (net)
                      0.029106    0.000223    0.283179 ^ clkbuf_1_0__f_clk_i/A (sg13g2_buf_16)
     1    0.003790    0.023734    0.089874    0.373052 ^ clkbuf_1_0__f_clk_i/X (sg13g2_buf_16)
                                                         clknet_1_0__leaf_clk_i (net)
                      0.031646    0.000000    0.373052 ^ u_sram/A_CLK (RM_IHPSG13_1P_1024x32_c2_bm_bist)
                                  0.200000    0.573053   clock uncertainty
                                  0.000000    0.573053   clock reconvergence pessimism
                                  0.790218    1.363270   library hold time
                                              1.363270   data required time
---------------------------------------------------------------------------------------------
                                              1.363270   data required time
                                             -2.484546   data arrival time
---------------------------------------------------------------------------------------------
                                              1.121276   slack (MET)


Startpoint: boot_addr[4] (input port clocked by clk_i)
Endpoint: u_sram (rising edge-triggered flip-flop clocked by clk_i)
Path Group: clk_i
Path Type: min

Fanout         Cap        Slew       Delay        Time   Description
---------------------------------------------------------------------------------------------
                                  0.000000    0.000000   clock clk_i (rise edge)
                                  0.000000    0.000000   clock network delay (propagated)
                                  0.500000    0.500000 ^ input external delay
     1    0.004279    0.000000    0.000000    0.500000 ^ boot_addr[4] (in)
                                                         boot_addr[4] (net)
                      0.000100    0.000050    0.500050 ^ input5/A (sg13g2_buf_1)
     1    0.069780    0.445190    0.360071    0.860121 ^ input5/X (sg13g2_buf_1)
                                                         net5 (net)
                      0.446970    0.022922    0.883043 ^ _551_/B (sg13g2_nand2_1)
     1    0.017586    0.200748    0.329698    1.212741 v _551_/Y (sg13g2_nand2_1)
                                                         _215_ (net)
                      0.200755    0.001301    1.214041 v _552_/C (sg13g2_nand3_1)
     1    0.001943    0.040223    0.120353    1.334394 ^ _552_/Y (sg13g2_nand3_1)
                                                         sram_addr[2] (net)
                      0.040223    0.000016    1.334410 ^ hold556/A (sg13g2_dlygate4sd3_1)
     1    0.001827    0.050568    0.555524    1.889933 ^ hold556/X (sg13g2_dlygate4sd3_1)
                                                         net555 (net)
                      0.050568    0.000013    1.889946 ^ hold352/A (sg13g2_dlygate4sd3_1)
     1    0.006567    0.078639    0.588017    2.477963 ^ hold352/X (sg13g2_dlygate4sd3_1)
                                                         net351 (net)
                      0.104851    0.000000    2.477963 ^ u_sram/A_ADDR[2] (RM_IHPSG13_1P_1024x32_c2_bm_bist)
                                              2.477963   data arrival time

                                  0.000000    0.000000   clock clk_i (rise edge)
                                  0.000000    0.000000   clock source latency
     2    0.071915    0.000000    0.000000    0.000000 ^ clk_i (in)
                                                         clk_i (net)
                      0.007642    0.003821    0.003821 ^ delaybuf_0_clk_i/A (sg13g2_buf_16)
     1    0.025595    0.030873    0.084150    0.087972 ^ delaybuf_0_clk_i/X (sg13g2_buf_16)
                                                         delaynet_0_clk_i (net)
                      0.030895    0.001594    0.089566 ^ delaybuf_1_clk_i/A (sg13g2_buf_16)
     1    0.023706    0.031007    0.096824    0.186389 ^ delaybuf_1_clk_i/X (sg13g2_buf_16)
                                                         delaynet_1_clk_i (net)
                      0.031018    0.001183    0.187572 ^ clkbuf_0_clk_i/A (sg13g2_buf_16)
     1    0.018301    0.029106    0.095384    0.282956 ^ clkbuf_0_clk_i/X (sg13g2_buf_16)
                                                         clknet_0_clk_i (net)
                      0.029106    0.000223    0.283179 ^ clkbuf_1_0__f_clk_i/A (sg13g2_buf_16)
     1    0.003790    0.023734    0.089874    0.373052 ^ clkbuf_1_0__f_clk_i/X (sg13g2_buf_16)
                                                         clknet_1_0__leaf_clk_i (net)
                      0.031646    0.000000    0.373052 ^ u_sram/A_CLK (RM_IHPSG13_1P_1024x32_c2_bm_bist)
                                  0.200000    0.573053   clock uncertainty
                                  0.000000    0.573053   clock reconvergence pessimism
                                  0.779191    1.352244   library hold time
                                              1.352244   data required time
---------------------------------------------------------------------------------------------
                                              1.352244   data required time
                                             -2.477963   data arrival time
---------------------------------------------------------------------------------------------
                                              1.125719   slack (MET)


Startpoint: boot_addr[8] (input port clocked by clk_i)
Endpoint: u_sram (rising edge-triggered flip-flop clocked by clk_i)
Path Group: clk_i
Path Type: min

Fanout         Cap        Slew       Delay        Time   Description
---------------------------------------------------------------------------------------------
                                  0.000000    0.000000   clock clk_i (rise edge)
                                  0.000000    0.000000   clock network delay (propagated)
                                  0.500000    0.500000 ^ input external delay
     1    0.004279    0.000000    0.000000    0.500000 ^ boot_addr[8] (in)
                                                         boot_addr[8] (net)
                      0.000100    0.000050    0.500050 ^ input9/A (sg13g2_buf_1)
     1    0.069446    0.443114    0.358706    0.858755 ^ input9/X (sg13g2_buf_1)
                                                         net9 (net)
                      0.444869    0.022703    0.881458 ^ _571_/B (sg13g2_nand2_1)
     1    0.013301    0.161513    0.284109    1.165567 v _571_/Y (sg13g2_nand2_1)
                                                         _231_ (net)
                      0.161514    0.000746    1.166313 v _572_/C (sg13g2_nand3_1)
     1    0.002638    0.044920    0.112828    1.279141 ^ _572_/Y (sg13g2_nand3_1)
                                                         sram_addr[6] (net)
                      0.044920    0.000032    1.279173 ^ hold574/A (sg13g2_dlygate4sd3_1)
     1    0.001748    0.050128    0.557843    1.837017 ^ hold574/X (sg13g2_dlygate4sd3_1)
                                                         net573 (net)
                      0.050128    0.000012    1.837029 ^ hold433/A (sg13g2_dlygate4sd3_1)
     1    0.011965    0.110355    0.617832    2.454861 ^ hold433/X (sg13g2_dlygate4sd3_1)
                                                         net432 (net)
                      0.147140    0.000000    2.454861 ^ u_sram/A_ADDR[6] (RM_IHPSG13_1P_1024x32_c2_bm_bist)
                                              2.454861   data arrival time

                                  0.000000    0.000000   clock clk_i (rise edge)
                                  0.000000    0.000000   clock source latency
     2    0.071915    0.000000    0.000000    0.000000 ^ clk_i (in)
                                                         clk_i (net)
                      0.007642    0.003821    0.003821 ^ delaybuf_0_clk_i/A (sg13g2_buf_16)
     1    0.025595    0.030873    0.084150    0.087972 ^ delaybuf_0_clk_i/X (sg13g2_buf_16)
                                                         delaynet_0_clk_i (net)
                      0.030895    0.001594    0.089566 ^ delaybuf_1_clk_i/A (sg13g2_buf_16)
     1    0.023706    0.031007    0.096824    0.186389 ^ delaybuf_1_clk_i/X (sg13g2_buf_16)
                                                         delaynet_1_clk_i (net)
                      0.031018    0.001183    0.187572 ^ clkbuf_0_clk_i/A (sg13g2_buf_16)
     1    0.018301    0.029106    0.095384    0.282956 ^ clkbuf_0_clk_i/X (sg13g2_buf_16)
                                                         clknet_0_clk_i (net)
                      0.029106    0.000223    0.283179 ^ clkbuf_1_0__f_clk_i/A (sg13g2_buf_16)
     1    0.003790    0.023734    0.089874    0.373052 ^ clkbuf_1_0__f_clk_i/X (sg13g2_buf_16)
                                                         clknet_1_0__leaf_clk_i (net)
                      0.031646    0.000000    0.373052 ^ u_sram/A_CLK (RM_IHPSG13_1P_1024x32_c2_bm_bist)
                                  0.200000    0.573053   clock uncertainty
                                  0.000000    0.573053   clock reconvergence pessimism
                                  0.738512    1.311564   library hold time
                                              1.311564   data required time
---------------------------------------------------------------------------------------------
                                              1.311564   data required time
                                             -2.454861   data arrival time
---------------------------------------------------------------------------------------------
                                              1.143297   slack (MET)


Startpoint: boot_addr[7] (input port clocked by clk_i)
Endpoint: u_sram (rising edge-triggered flip-flop clocked by clk_i)
Path Group: clk_i
Path Type: min

Fanout         Cap        Slew       Delay        Time   Description
---------------------------------------------------------------------------------------------
                                  0.000000    0.000000   clock clk_i (rise edge)
                                  0.000000    0.000000   clock network delay (propagated)
                                  0.500000    0.500000 ^ input external delay
     1    0.004279    0.000000    0.000000    0.500000 ^ boot_addr[7] (in)
                                                         boot_addr[7] (net)
                      0.000100    0.000050    0.500050 ^ input8/A (sg13g2_buf_1)
     1    0.069780    0.445190    0.360071    0.860121 ^ input8/X (sg13g2_buf_1)
                                                         net8 (net)
                      0.446970    0.022922    0.883043 ^ _566_/B (sg13g2_nand2_1)
     1    0.015645    0.182874    0.309304    1.192347 v _566_/Y (sg13g2_nand2_1)
                                                         _227_ (net)
                      0.182878    0.001033    1.193380 v _567_/C (sg13g2_nand3_1)
     1    0.002392    0.042641    0.118286    1.311666 ^ _567_/Y (sg13g2_nand3_1)
                                                         sram_addr[5] (net)
                      0.042641    0.000025    1.311691 ^ hold568/A (sg13g2_dlygate4sd3_1)
     1    0.002336    0.053327    0.559777    1.871468 ^ hold568/X (sg13g2_dlygate4sd3_1)
                                                         net567 (net)
                      0.053327    0.000024    1.871492 ^ hold394/A (sg13g2_dlygate4sd3_1)
     1    0.009643    0.096717    0.606772    2.478264 ^ hold394/X (sg13g2_dlygate4sd3_1)
                                                         net393 (net)
                      0.128956    0.000000    2.478264 ^ u_sram/A_ADDR[5] (RM_IHPSG13_1P_1024x32_c2_bm_bist)
                                              2.478264   data arrival time

                                  0.000000    0.000000   clock clk_i (rise edge)
                                  0.000000    0.000000   clock source latency
     2    0.071915    0.000000    0.000000    0.000000 ^ clk_i (in)
                                                         clk_i (net)
                      0.007642    0.003821    0.003821 ^ delaybuf_0_clk_i/A (sg13g2_buf_16)
     1    0.025595    0.030873    0.084150    0.087972 ^ delaybuf_0_clk_i/X (sg13g2_buf_16)
                                                         delaynet_0_clk_i (net)
                      0.030895    0.001594    0.089566 ^ delaybuf_1_clk_i/A (sg13g2_buf_16)
     1    0.023706    0.031007    0.096824    0.186389 ^ delaybuf_1_clk_i/X (sg13g2_buf_16)
                                                         delaynet_1_clk_i (net)
                      0.031018    0.001183    0.187572 ^ clkbuf_0_clk_i/A (sg13g2_buf_16)
     1    0.018301    0.029106    0.095384    0.282956 ^ clkbuf_0_clk_i/X (sg13g2_buf_16)
                                                         clknet_0_clk_i (net)
                      0.029106    0.000223    0.283179 ^ clkbuf_1_0__f_clk_i/A (sg13g2_buf_16)
     1    0.003790    0.023734    0.089874    0.373052 ^ clkbuf_1_0__f_clk_i/X (sg13g2_buf_16)
                                                         clknet_1_0__leaf_clk_i (net)
                      0.031646    0.000000    0.373052 ^ u_sram/A_CLK (RM_IHPSG13_1P_1024x32_c2_bm_bist)
                                  0.200000    0.573053   clock uncertainty
                                  0.000000    0.573053   clock reconvergence pessimism
                                  0.756025    1.329077   library hold time
                                              1.329077   data required time
---------------------------------------------------------------------------------------------
                                              1.329077   data required time
                                             -2.478264   data arrival time
---------------------------------------------------------------------------------------------
                                              1.149187   slack (MET)


Startpoint: boot_addr[5] (input port clocked by clk_i)
Endpoint: u_sram (rising edge-triggered flip-flop clocked by clk_i)
Path Group: clk_i
Path Type: min

Fanout         Cap        Slew       Delay        Time   Description
---------------------------------------------------------------------------------------------
                                  0.000000    0.000000   clock clk_i (rise edge)
                                  0.000000    0.000000   clock network delay (propagated)
                                  0.500000    0.500000 ^ input external delay
     1    0.004279    0.000000    0.000000    0.500000 ^ boot_addr[5] (in)
                                                         boot_addr[5] (net)
                      0.000100    0.000050    0.500050 ^ input6/A (sg13g2_buf_1)
     1    0.069823    0.445456    0.360248    0.860298 ^ input6/X (sg13g2_buf_1)
                                                         net6 (net)
                      0.447239    0.022948    0.883246 ^ _556_/B (sg13g2_nand2_1)
     1    0.017106    0.196318    0.324735    1.207981 v _556_/Y (sg13g2_nand2_1)
                                                         _219_ (net)
                      0.196324    0.001235    1.209216 v _557_/C (sg13g2_nand3_1)
     1    0.002220    0.042055    0.120829    1.330045 ^ _557_/Y (sg13g2_nand3_1)
                                                         sram_addr[3] (net)
                      0.042055    0.000021    1.330066 ^ hold559/A (sg13g2_dlygate4sd3_1)
     1    0.002336    0.053327    0.559432    1.889498 ^ hold559/X (sg13g2_dlygate4sd3_1)
                                                         net558 (net)
                      0.053327    0.000024    1.889522 ^ hold383/A (sg13g2_dlygate4sd3_1)
     1    0.008313    0.088901    0.599363    2.488885 ^ hold383/X (sg13g2_dlygate4sd3_1)
                                                         net382 (net)
                      0.118535    0.000000    2.488885 ^ u_sram/A_ADDR[3] (RM_IHPSG13_1P_1024x32_c2_bm_bist)
                                              2.488885   data arrival time

                                  0.000000    0.000000   clock clk_i (rise edge)
                                  0.000000    0.000000   clock source latency
     2    0.071915    0.000000    0.000000    0.000000 ^ clk_i (in)
                                                         clk_i (net)
                      0.007642    0.003821    0.003821 ^ delaybuf_0_clk_i/A (sg13g2_buf_16)
     1    0.025595    0.030873    0.084150    0.087972 ^ delaybuf_0_clk_i/X (sg13g2_buf_16)
                                                         delaynet_0_clk_i (net)
                      0.030895    0.001594    0.089566 ^ delaybuf_1_clk_i/A (sg13g2_buf_16)
     1    0.023706    0.031007    0.096824    0.186389 ^ delaybuf_1_clk_i/X (sg13g2_buf_16)
                                                         delaynet_1_clk_i (net)
                      0.031018    0.001183    0.187572 ^ clkbuf_0_clk_i/A (sg13g2_buf_16)
     1    0.018301    0.029106    0.095384    0.282956 ^ clkbuf_0_clk_i/X (sg13g2_buf_16)
                                                         clknet_0_clk_i (net)
                      0.029106    0.000223    0.283179 ^ clkbuf_1_0__f_clk_i/A (sg13g2_buf_16)
     1    0.003790    0.023734    0.089874    0.373052 ^ clkbuf_1_0__f_clk_i/X (sg13g2_buf_16)
                                                         clknet_1_0__leaf_clk_i (net)
                      0.031646    0.000000    0.373052 ^ u_sram/A_CLK (RM_IHPSG13_1P_1024x32_c2_bm_bist)
                                  0.200000    0.573053   clock uncertainty
                                  0.000000    0.573053   clock reconvergence pessimism
                                  0.766061    1.339113   library hold time
                                              1.339113   data required time
---------------------------------------------------------------------------------------------
                                              1.339113   data required time
                                             -2.488885   data arrival time
---------------------------------------------------------------------------------------------
                                              1.149772   slack (MET)


Startpoint: boot_addr[2] (input port clocked by clk_i)
Endpoint: u_sram (rising edge-triggered flip-flop clocked by clk_i)
Path Group: clk_i
Path Type: min

Fanout         Cap        Slew       Delay        Time   Description
---------------------------------------------------------------------------------------------
                                  0.000000    0.000000   clock clk_i (rise edge)
                                  0.000000    0.000000   clock network delay (propagated)
                                  0.500000    0.500000 ^ input external delay
     1    0.004279    0.000000    0.000000    0.500000 ^ boot_addr[2] (in)
                                                         boot_addr[2] (net)
                      0.000100    0.000050    0.500050 ^ input3/A (sg13g2_buf_1)
     1    0.069360    0.442580    0.358352    0.858402 ^ input3/X (sg13g2_buf_1)
                                                         net3 (net)
                      0.444328    0.022650    0.881053 ^ _539_/B (sg13g2_nand2_1)
     1    0.019188    0.215604    0.345697    1.226750 v _539_/Y (sg13g2_nand2_1)
                                                         _205_ (net)
                      0.215613    0.001552    1.228302 v _540_/C (sg13g2_nand3_1)
     1    0.003175    0.047773    0.131676    1.359978 ^ _540_/Y (sg13g2_nand3_1)
                                                         sram_addr[0] (net)
                      0.047773    0.000047    1.360025 ^ hold571/A (sg13g2_dlygate4sd3_1)
     1    0.002394    0.053643    0.563119    1.923144 ^ hold571/X (sg13g2_dlygate4sd3_1)
                                                         net570 (net)
                      0.053643    0.000025    1.923169 ^ hold358/A (sg13g2_dlygate4sd3_1)
     1    0.006253    0.076798    0.588075    2.511244 ^ hold358/X (sg13g2_dlygate4sd3_1)
                                                         net357 (net)
                      0.102398    0.000000    2.511244 ^ u_sram/A_ADDR[0] (RM_IHPSG13_1P_1024x32_c2_bm_bist)
                                              2.511244   data arrival time

                                  0.000000    0.000000   clock clk_i (rise edge)
                                  0.000000    0.000000   clock source latency
     2    0.071915    0.000000    0.000000    0.000000 ^ clk_i (in)
                                                         clk_i (net)
                      0.007642    0.003821    0.003821 ^ delaybuf_0_clk_i/A (sg13g2_buf_16)
     1    0.025595    0.030873    0.084150    0.087972 ^ delaybuf_0_clk_i/X (sg13g2_buf_16)
                                                         delaynet_0_clk_i (net)
                      0.030895    0.001594    0.089566 ^ delaybuf_1_clk_i/A (sg13g2_buf_16)
     1    0.023706    0.031007    0.096824    0.186389 ^ delaybuf_1_clk_i/X (sg13g2_buf_16)
                                                         delaynet_1_clk_i (net)
                      0.031018    0.001183    0.187572 ^ clkbuf_0_clk_i/A (sg13g2_buf_16)
     1    0.018301    0.029106    0.095384    0.282956 ^ clkbuf_0_clk_i/X (sg13g2_buf_16)
                                                         clknet_0_clk_i (net)
                      0.029106    0.000223    0.283179 ^ clkbuf_1_0__f_clk_i/A (sg13g2_buf_16)
     1    0.003790    0.023734    0.089874    0.373052 ^ clkbuf_1_0__f_clk_i/X (sg13g2_buf_16)
                                                         clknet_1_0__leaf_clk_i (net)
                      0.031646    0.000000    0.373052 ^ u_sram/A_CLK (RM_IHPSG13_1P_1024x32_c2_bm_bist)
                                  0.200000    0.573053   clock uncertainty
                                  0.000000    0.573053   clock reconvergence pessimism
                                  0.781505    1.354557   library hold time
                                              1.354557   data required time
---------------------------------------------------------------------------------------------
                                              1.354557   data required time
                                             -2.511244   data arrival time
---------------------------------------------------------------------------------------------
                                              1.156686   slack (MET)


Startpoint: boot_addr[10] (input port clocked by clk_i)
Endpoint: u_sram (rising edge-triggered flip-flop clocked by clk_i)
Path Group: clk_i
Path Type: min

Fanout         Cap        Slew       Delay        Time   Description
---------------------------------------------------------------------------------------------
                                  0.000000    0.000000   clock clk_i (rise edge)
                                  0.000000    0.000000   clock network delay (propagated)
                                  0.500000    0.500000 ^ input external delay
     1    0.004279    0.000000    0.000000    0.500000 ^ boot_addr[10] (in)
                                                         boot_addr[10] (net)
                      0.000100    0.000050    0.500050 ^ input1/A (sg13g2_buf_1)
     1    0.069780    0.445190    0.360071    0.860121 ^ input1/X (sg13g2_buf_1)
                                                         net1 (net)
                      0.446970    0.022922    0.883043 ^ _581_/B (sg13g2_nand2_1)
     1    0.014356    0.186020    0.295743    1.178786 v _581_/Y (sg13g2_nand2_1)
                                                         _239_ (net)
                      0.186022    0.000870    1.179656 v _582_/C (sg13g2_nand3_1)
     1    0.002679    0.043597    0.120766    1.300422 ^ _582_/Y (sg13g2_nand3_1)
                                                         sram_addr[8] (net)
                      0.043597    0.000033    1.300456 ^ hold577/A (sg13g2_dlygate4sd3_1)
     1    0.002336    0.053327    0.560339    1.860795 ^ hold577/X (sg13g2_dlygate4sd3_1)
                                                         net576 (net)
                      0.053327    0.000024    1.860819 ^ hold420/A (sg13g2_dlygate4sd3_1)
     1    0.011077    0.105140    0.614758    2.475577 ^ hold420/X (sg13g2_dlygate4sd3_1)
                                                         net419 (net)
                      0.140187    0.000000    2.475577 ^ u_sram/A_ADDR[8] (RM_IHPSG13_1P_1024x32_c2_bm_bist)
                                              2.475577   data arrival time

                                  0.000000    0.000000   clock clk_i (rise edge)
                                  0.000000    0.000000   clock source latency
     2    0.071915    0.000000    0.000000    0.000000 ^ clk_i (in)
                                                         clk_i (net)
                      0.007642    0.003821    0.003821 ^ delaybuf_0_clk_i/A (sg13g2_buf_16)
     1    0.025595    0.030873    0.084150    0.087972 ^ delaybuf_0_clk_i/X (sg13g2_buf_16)
                                                         delaynet_0_clk_i (net)
                      0.030895    0.001594    0.089566 ^ delaybuf_1_clk_i/A (sg13g2_buf_16)
     1    0.023706    0.031007    0.096824    0.186389 ^ delaybuf_1_clk_i/X (sg13g2_buf_16)
                                                         delaynet_1_clk_i (net)
                      0.031018    0.001183    0.187572 ^ clkbuf_0_clk_i/A (sg13g2_buf_16)
     1    0.018301    0.029106    0.095384    0.282956 ^ clkbuf_0_clk_i/X (sg13g2_buf_16)
                                                         clknet_0_clk_i (net)
                      0.029106    0.000223    0.283179 ^ clkbuf_1_0__f_clk_i/A (sg13g2_buf_16)
     1    0.003790    0.023734    0.089874    0.373052 ^ clkbuf_1_0__f_clk_i/X (sg13g2_buf_16)
                                                         clknet_1_0__leaf_clk_i (net)
                      0.031646    0.000000    0.373052 ^ u_sram/A_CLK (RM_IHPSG13_1P_1024x32_c2_bm_bist)
                                  0.200000    0.573053   clock uncertainty
                                  0.000000    0.573053   clock reconvergence pessimism
                                  0.745207    1.318260   library hold time
                                              1.318260   data required time
---------------------------------------------------------------------------------------------
                                              1.318260   data required time
                                             -2.475577   data arrival time
---------------------------------------------------------------------------------------------
                                              1.157317   slack (MET)


Startpoint: s_axil_awaddr[23] (input port clocked by clk_i)
Endpoint: u_sram (rising edge-triggered flip-flop clocked by clk_i)
Path Group: clk_i
Path Type: min

Fanout         Cap        Slew       Delay        Time   Description
---------------------------------------------------------------------------------------------
                                  0.000000    0.000000   clock clk_i (rise edge)
                                  0.000000    0.000000   clock network delay (propagated)
                                  0.500000    0.500000 ^ input external delay
     1    0.003992    0.000000    0.000000    0.500000 ^ s_axil_awaddr[23] (in)
                                                         s_axil_awaddr[23] (net)
                      0.000084    0.000042    0.500042 ^ input93/A (sg13g2_buf_1)
     1    0.002436    0.030851    0.071257    0.571299 ^ input93/X (sg13g2_buf_1)
                                                         net93 (net)
                      0.030851    0.000019    0.571317 ^ _445_/B (sg13g2_or2_1)
     2    0.013457    0.097053    0.141585    0.712902 ^ _445_/X (sg13g2_or2_1)
                                                         _138_ (net)
                      0.097055    0.000616    0.713518 ^ _446_/D (sg13g2_nor4_2)
     1    0.002599    0.038771    0.068170    0.781688 v _446_/Y (sg13g2_nor4_2)
                                                         _139_ (net)
                      0.038771    0.000030    0.781718 v hold499/A (sg13g2_dlygate4sd3_1)
     1    0.007488    0.079281    0.616914    1.398632 v hold499/X (sg13g2_dlygate4sd3_1)
                                                         net498 (net)
                      0.079281    0.000039    1.398671 v _447_/A (sg13g2_buf_8)
     4    0.014334    0.033795    0.132784    1.531455 v _447_/X (sg13g2_buf_8)
                                                         _140_ (net)
                      0.033796    0.000226    1.531681 v _448_/B (sg13g2_nand2_2)
     3    0.027534    0.098839    0.100007    1.631688 ^ _448_/Y (sg13g2_nand2_2)
                                                         _141_ (net)
                      0.098852    0.000921    1.632609 ^ _449_/A (sg13g2_buf_8)
     1    0.003443    0.027180    0.130234    1.762843 ^ _449_/X (sg13g2_buf_8)
                                                         _142_ (net)
                      0.027180    0.000045    1.762888 ^ fanout196/A (sg13g2_buf_1)
     4    0.032564    0.214070    0.220285    1.983173 ^ fanout196/X (sg13g2_buf_1)
                                                         net196 (net)
                      0.214070    0.000150    1.983324 ^ _592_/B (sg13g2_nand2_1)
     1    0.003976    0.076926    0.139346    2.122669 v _592_/Y (sg13g2_nand2_1)
                                                         sram_wen (net)
                      0.102568    0.000000    2.122669 v u_sram/A_WEN (RM_IHPSG13_1P_1024x32_c2_bm_bist)
                                              2.122669   data arrival time

                                  0.000000    0.000000   clock clk_i (rise edge)
                                  0.000000    0.000000   clock source latency
     2    0.071915    0.000000    0.000000    0.000000 ^ clk_i (in)
                                                         clk_i (net)
                      0.007642    0.003821    0.003821 ^ delaybuf_0_clk_i/A (sg13g2_buf_16)
     1    0.025595    0.030873    0.084150    0.087972 ^ delaybuf_0_clk_i/X (sg13g2_buf_16)
                                                         delaynet_0_clk_i (net)
                      0.030895    0.001594    0.089566 ^ delaybuf_1_clk_i/A (sg13g2_buf_16)
     1    0.023706    0.031007    0.096824    0.186389 ^ delaybuf_1_clk_i/X (sg13g2_buf_16)
                                                         delaynet_1_clk_i (net)
                      0.031018    0.001183    0.187572 ^ clkbuf_0_clk_i/A (sg13g2_buf_16)
     1    0.018301    0.029106    0.095384    0.282956 ^ clkbuf_0_clk_i/X (sg13g2_buf_16)
                                                         clknet_0_clk_i (net)
                      0.029106    0.000223    0.283179 ^ clkbuf_1_0__f_clk_i/A (sg13g2_buf_16)
     1    0.003790    0.023734    0.089874    0.373052 ^ clkbuf_1_0__f_clk_i/X (sg13g2_buf_16)
                                                         clknet_1_0__leaf_clk_i (net)
                      0.031646    0.000000    0.373052 ^ u_sram/A_CLK (RM_IHPSG13_1P_1024x32_c2_bm_bist)
                                  0.200000    0.573053   clock uncertainty
                                  0.000000    0.573053   clock reconvergence pessimism
                                  0.312593    0.885646   library hold time
                                              0.885646   data required time
---------------------------------------------------------------------------------------------
                                              0.885646   data required time
                                             -2.122669   data arrival time
---------------------------------------------------------------------------------------------
                                              1.237024   slack (MET)


Startpoint: s_axil_awaddr[23] (input port clocked by clk_i)
Endpoint: u_sram (rising edge-triggered flip-flop clocked by clk_i)
Path Group: clk_i
Path Type: min

Fanout         Cap        Slew       Delay        Time   Description
---------------------------------------------------------------------------------------------
                                  0.000000    0.000000   clock clk_i (rise edge)
                                  0.000000    0.000000   clock network delay (propagated)
                                  0.500000    0.500000 ^ input external delay
     1    0.003992    0.000000    0.000000    0.500000 ^ s_axil_awaddr[23] (in)
                                                         s_axil_awaddr[23] (net)
                      0.000084    0.000042    0.500042 ^ input93/A (sg13g2_buf_1)
     1    0.002436    0.030851    0.071257    0.571299 ^ input93/X (sg13g2_buf_1)
                                                         net93 (net)
                      0.030851    0.000019    0.571317 ^ _445_/B (sg13g2_or2_1)
     2    0.013457    0.097053    0.141585    0.712902 ^ _445_/X (sg13g2_or2_1)
                                                         _138_ (net)
                      0.097055    0.000616    0.713518 ^ _446_/D (sg13g2_nor4_2)
     1    0.002599    0.038771    0.068170    0.781688 v _446_/Y (sg13g2_nor4_2)
                                                         _139_ (net)
                      0.038771    0.000030    0.781718 v hold499/A (sg13g2_dlygate4sd3_1)
     1    0.007488    0.079281    0.616914    1.398632 v hold499/X (sg13g2_dlygate4sd3_1)
                                                         net498 (net)
                      0.079281    0.000039    1.398671 v _447_/A (sg13g2_buf_8)
     4    0.014334    0.033795    0.132784    1.531455 v _447_/X (sg13g2_buf_8)
                                                         _140_ (net)
                      0.033796    0.000226    1.531681 v _448_/B (sg13g2_nand2_2)
     3    0.027534    0.098839    0.100007    1.631688 ^ _448_/Y (sg13g2_nand2_2)
                                                         _141_ (net)
                      0.098852    0.000921    1.632609 ^ _449_/A (sg13g2_buf_8)
     1    0.003443    0.027180    0.130234    1.762843 ^ _449_/X (sg13g2_buf_8)
                                                         _142_ (net)
                      0.027180    0.000045    1.762888 ^ fanout196/A (sg13g2_buf_1)
     4    0.032564    0.214070    0.220285    1.983173 ^ fanout196/X (sg13g2_buf_1)
                                                         net196 (net)
                      0.214070    0.000131    1.983304 ^ _593_/C (sg13g2_nand3_1)
     1    0.003109    0.086433    0.177640    2.160944 v _593_/Y (sg13g2_nand3_1)
                                                         sram_men (net)
                      0.115244    0.000000    2.160944 v u_sram/A_MEN (RM_IHPSG13_1P_1024x32_c2_bm_bist)
                                              2.160944   data arrival time

                                  0.000000    0.000000   clock clk_i (rise edge)
                                  0.000000    0.000000   clock source latency
     2    0.071915    0.000000    0.000000    0.000000 ^ clk_i (in)
                                                         clk_i (net)
                      0.007642    0.003821    0.003821 ^ delaybuf_0_clk_i/A (sg13g2_buf_16)
     1    0.025595    0.030873    0.084150    0.087972 ^ delaybuf_0_clk_i/X (sg13g2_buf_16)
                                                         delaynet_0_clk_i (net)
                      0.030895    0.001594    0.089566 ^ delaybuf_1_clk_i/A (sg13g2_buf_16)
     1    0.023706    0.031007    0.096824    0.186389 ^ delaybuf_1_clk_i/X (sg13g2_buf_16)
                                                         delaynet_1_clk_i (net)
                      0.031018    0.001183    0.187572 ^ clkbuf_0_clk_i/A (sg13g2_buf_16)
     1    0.018301    0.029106    0.095384    0.282956 ^ clkbuf_0_clk_i/X (sg13g2_buf_16)
                                                         clknet_0_clk_i (net)
                      0.029106    0.000223    0.283179 ^ clkbuf_1_0__f_clk_i/A (sg13g2_buf_16)
     1    0.003790    0.023734    0.089874    0.373052 ^ clkbuf_1_0__f_clk_i/X (sg13g2_buf_16)
                                                         clknet_1_0__leaf_clk_i (net)
                      0.031646    0.000000    0.373052 ^ u_sram/A_CLK (RM_IHPSG13_1P_1024x32_c2_bm_bist)
                                  0.200000    0.573053   clock uncertainty
                                  0.000000    0.573053   clock reconvergence pessimism
                                  0.300481    0.873534   library hold time
                                              0.873534   data required time
---------------------------------------------------------------------------------------------
                                              0.873534   data required time
                                             -2.160944   data arrival time
---------------------------------------------------------------------------------------------
                                              1.287410   slack (MET)


Startpoint: _889_ (rising edge-triggered flip-flop clocked by clk_i)
Endpoint: _888_ (rising edge-triggered flip-flop clocked by clk_i)
Path Group: clk_i
Path Type: min

Fanout         Cap        Slew       Delay        Time   Description
---------------------------------------------------------------------------------------------
                                  0.000000    0.000000   clock clk_i (rise edge)
                                  0.000000    0.000000   clock source latency
     2    0.067269    0.000000    0.000000    0.000000 ^ clk_i (in)
                                                         clk_i (net)
                      0.016385    0.008193    0.008193 ^ clkbuf_regs_0_clk_i/A (sg13g2_buf_16)
     1    0.015676    0.027653    0.086298    0.094491 ^ clkbuf_regs_0_clk_i/X (sg13g2_buf_16)
                                                         clk_i_regs (net)
                      0.027653    0.000160    0.094650 ^ clkbuf_0_clk_i_regs/A (sg13g2_buf_16)
    16    0.164023    0.082918    0.132617    0.227268 ^ clkbuf_0_clk_i_regs/X (sg13g2_buf_16)
                                                         clknet_0_clk_i_regs (net)
                      0.084160    0.008002    0.235270 ^ clkbuf_4_2_0_clk_i_regs/A (sg13g2_buf_8)
     7    0.031812    0.046085    0.139297    0.374567 ^ clkbuf_4_2_0_clk_i_regs/X (sg13g2_buf_8)
                                                         clknet_4_2_0_clk_i_regs (net)
                      0.046086    0.000298    0.374865 ^ _889_/CLK (sg13g2_dfrbpq_1)
     1    0.002879    0.036887    0.265731    0.640596 ^ _889_/Q (sg13g2_dfrbpq_1)
                                                         read_state_q[2] (net)
                      0.036887    0.000037    0.640633 ^ hold501/A (sg13g2_dlygate4sd3_1)
     1    0.002171    0.052432    0.555475    1.196109 ^ hold501/X (sg13g2_dlygate4sd3_1)
                                                         net500 (net)
                      0.052432    0.000019    1.196128 ^ hold494/A (sg13g2_dlygate4sd3_1)
     4    0.012188    0.108816    0.620365    1.816492 ^ hold494/X (sg13g2_dlygate4sd3_1)
                                                         net493 (net)
                      0.108816    0.000130    1.816622 ^ _888_/D (sg13g2_dfrbpq_1)
                                              1.816622   data arrival time

                                  0.000000    0.000000   clock clk_i (rise edge)
                                  0.000000    0.000000   clock source latency
     2    0.071915    0.000000    0.000000    0.000000 ^ clk_i (in)
                                                         clk_i (net)
                      0.017664    0.008832    0.008832 ^ clkbuf_regs_0_clk_i/A (sg13g2_buf_16)
     1    0.017999    0.028531    0.087730    0.096562 ^ clkbuf_regs_0_clk_i/X (sg13g2_buf_16)
                                                         clk_i_regs (net)
                      0.028531    0.000184    0.096746 ^ clkbuf_0_clk_i_regs/A (sg13g2_buf_16)
    16    0.181458    0.089892    0.137573    0.234319 ^ clkbuf_0_clk_i_regs/X (sg13g2_buf_16)
                                                         clknet_0_clk_i_regs (net)
                      0.091290    0.008894    0.243213 ^ clkbuf_4_2_0_clk_i_regs/A (sg13g2_buf_8)
     7    0.034767    0.048292    0.145123    0.388336 ^ clkbuf_4_2_0_clk_i_regs/X (sg13g2_buf_8)
                                                         clknet_4_2_0_clk_i_regs (net)
                      0.048293    0.000516    0.388852 ^ _888_/CLK (sg13g2_dfrbpq_1)
                                  0.200000    0.588852   clock uncertainty
                                 -0.013769    0.575083   clock reconvergence pessimism
                                 -0.126159    0.448924   library hold time
                                              0.448924   data required time
---------------------------------------------------------------------------------------------
                                              0.448924   data required time
                                             -1.816622   data arrival time
---------------------------------------------------------------------------------------------
                                              1.367699   slack (MET)


Startpoint: _796_ (rising edge-triggered flip-flop clocked by clk_i)
Endpoint: s_axil_rdata[1] (output port clocked by clk_i)
Path Group: clk_i
Path Type: min

Fanout         Cap        Slew       Delay        Time   Description
---------------------------------------------------------------------------------------------
                                  0.000000    0.000000   clock clk_i (rise edge)
                                  0.000000    0.000000   clock source latency
     2    0.067269    0.000000    0.000000    0.000000 ^ clk_i (in)
                                                         clk_i (net)
                      0.016385    0.008193    0.008193 ^ clkbuf_regs_0_clk_i/A (sg13g2_buf_16)
     1    0.015676    0.027653    0.086298    0.094491 ^ clkbuf_regs_0_clk_i/X (sg13g2_buf_16)
                                                         clk_i_regs (net)
                      0.027653    0.000160    0.094650 ^ clkbuf_0_clk_i_regs/A (sg13g2_buf_16)
    16    0.164023    0.082918    0.132617    0.227268 ^ clkbuf_0_clk_i_regs/X (sg13g2_buf_16)
                                                         clknet_0_clk_i_regs (net)
                      0.085628    0.011765    0.239032 ^ clkbuf_4_15_0_clk_i_regs/A (sg13g2_buf_8)
     7    0.028382    0.043810    0.138032    0.377064 ^ clkbuf_4_15_0_clk_i_regs/X (sg13g2_buf_8)
                                                         clknet_4_15_0_clk_i_regs (net)
                      0.043817    0.000592    0.377656 ^ _796_/CLK (sg13g2_dfrbpq_1)
     2    0.014554    0.086735    0.309179    0.686836 v _796_/Q (sg13g2_dfrbpq_1)
                                                         net166 (net)
                      0.086740    0.000751    0.687586 v output166/A (sg13g2_buf_1)
     1    0.100000    0.511377    0.487129    1.174715 v output166/X (sg13g2_buf_1)
                                                         s_axil_rdata[1] (net)
                      0.511377    0.000000    1.174715 v s_axil_rdata[1] (out)
                                              1.174715   data arrival time

                                  0.000000    0.000000   clock clk_i (rise edge)
                                  0.000000    0.000000   clock network delay (propagated)
                                  0.200000    0.200000   clock uncertainty
                                  0.000000    0.200000   clock reconvergence pessimism
                                 -0.500000   -0.300000   output external delay
                                             -0.300000   data required time
---------------------------------------------------------------------------------------------
                                             -0.300000   data required time
                                             -1.174715   data arrival time
---------------------------------------------------------------------------------------------
                                              1.474715   slack (MET)


Startpoint: _795_ (rising edge-triggered flip-flop clocked by clk_i)
Endpoint: s_axil_rdata[0] (output port clocked by clk_i)
Path Group: clk_i
Path Type: min

Fanout         Cap        Slew       Delay        Time   Description
---------------------------------------------------------------------------------------------
                                  0.000000    0.000000   clock clk_i (rise edge)
                                  0.000000    0.000000   clock source latency
     2    0.067269    0.000000    0.000000    0.000000 ^ clk_i (in)
                                                         clk_i (net)
                      0.016385    0.008193    0.008193 ^ clkbuf_regs_0_clk_i/A (sg13g2_buf_16)
     1    0.015676    0.027653    0.086298    0.094491 ^ clkbuf_regs_0_clk_i/X (sg13g2_buf_16)
                                                         clk_i_regs (net)
                      0.027653    0.000160    0.094650 ^ clkbuf_0_clk_i_regs/A (sg13g2_buf_16)
    16    0.164023    0.082918    0.132617    0.227268 ^ clkbuf_0_clk_i_regs/X (sg13g2_buf_16)
                                                         clknet_0_clk_i_regs (net)
                      0.085681    0.011880    0.239147 ^ clkbuf_4_14_0_clk_i_regs/A (sg13g2_buf_8)
     7    0.024160    0.040985    0.135618    0.374766 ^ clkbuf_4_14_0_clk_i_regs/X (sg13g2_buf_8)
                                                         clknet_4_14_0_clk_i_regs (net)
                      0.040985    0.000255    0.375021 ^ _795_/CLK (sg13g2_dfrbpq_1)
     2    0.015285    0.090358    0.310467    0.685488 v _795_/Q (sg13g2_dfrbpq_1)
                                                         net155 (net)
                      0.090364    0.000850    0.686338 v output155/A (sg13g2_buf_1)
     1    0.100000    0.511394    0.488986    1.175324 v output155/X (sg13g2_buf_1)
                                                         s_axil_rdata[0] (net)
                      0.511394    0.000000    1.175324 v s_axil_rdata[0] (out)
                                              1.175324   data arrival time

                                  0.000000    0.000000   clock clk_i (rise edge)
                                  0.000000    0.000000   clock network delay (propagated)
                                  0.200000    0.200000   clock uncertainty
                                  0.000000    0.200000   clock reconvergence pessimism
                                 -0.500000   -0.300000   output external delay
                                             -0.300000   data required time
---------------------------------------------------------------------------------------------
                                             -0.300000   data required time
                                             -1.175324   data arrival time
---------------------------------------------------------------------------------------------
                                              1.475324   slack (MET)


Startpoint: _797_ (rising edge-triggered flip-flop clocked by clk_i)
Endpoint: s_axil_rdata[2] (output port clocked by clk_i)
Path Group: clk_i
Path Type: min

Fanout         Cap        Slew       Delay        Time   Description
---------------------------------------------------------------------------------------------
                                  0.000000    0.000000   clock clk_i (rise edge)
                                  0.000000    0.000000   clock source latency
     2    0.067269    0.000000    0.000000    0.000000 ^ clk_i (in)
                                                         clk_i (net)
                      0.016385    0.008193    0.008193 ^ clkbuf_regs_0_clk_i/A (sg13g2_buf_16)
     1    0.015676    0.027653    0.086298    0.094491 ^ clkbuf_regs_0_clk_i/X (sg13g2_buf_16)
                                                         clk_i_regs (net)
                      0.027653    0.000160    0.094650 ^ clkbuf_0_clk_i_regs/A (sg13g2_buf_16)
    16    0.164023    0.082918    0.132617    0.227268 ^ clkbuf_0_clk_i_regs/X (sg13g2_buf_16)
                                                         clknet_0_clk_i_regs (net)
                      0.085880    0.012305    0.239572 ^ clkbuf_4_13_0_clk_i_regs/A (sg13g2_buf_8)
     7    0.025146    0.041647    0.136263    0.375835 ^ clkbuf_4_13_0_clk_i_regs/X (sg13g2_buf_8)
                                                         clknet_4_13_0_clk_i_regs (net)
                      0.041647    0.000449    0.376284 ^ _797_/CLK (sg13g2_dfrbpq_1)
     2    0.016117    0.094449    0.314199    0.690482 v _797_/Q (sg13g2_dfrbpq_1)
                                                         net177 (net)
                      0.094455    0.000878    0.691360 v output177/A (sg13g2_buf_1)
     1    0.100000    0.511414    0.491082    1.182441 v output177/X (sg13g2_buf_1)
                                                         s_axil_rdata[2] (net)
                      0.511414    0.000000    1.182441 v s_axil_rdata[2] (out)
                                              1.182441   data arrival time

                                  0.000000    0.000000   clock clk_i (rise edge)
                                  0.000000    0.000000   clock network delay (propagated)
                                  0.200000    0.200000   clock uncertainty
                                  0.000000    0.200000   clock reconvergence pessimism
                                 -0.500000   -0.300000   output external delay
                                             -0.300000   data required time
---------------------------------------------------------------------------------------------
                                             -0.300000   data required time
                                             -1.182441   data arrival time
---------------------------------------------------------------------------------------------
                                              1.482442   slack (MET)


Startpoint: _798_ (rising edge-triggered flip-flop clocked by clk_i)
Endpoint: s_axil_rdata[3] (output port clocked by clk_i)
Path Group: clk_i
Path Type: min

Fanout         Cap        Slew       Delay        Time   Description
---------------------------------------------------------------------------------------------
                                  0.000000    0.000000   clock clk_i (rise edge)
                                  0.000000    0.000000   clock source latency
     2    0.067269    0.000000    0.000000    0.000000 ^ clk_i (in)
                                                         clk_i (net)
                      0.016385    0.008193    0.008193 ^ clkbuf_regs_0_clk_i/A (sg13g2_buf_16)
     1    0.015676    0.027653    0.086298    0.094491 ^ clkbuf_regs_0_clk_i/X (sg13g2_buf_16)
                                                         clk_i_regs (net)
                      0.027653    0.000160    0.094650 ^ clkbuf_0_clk_i_regs/A (sg13g2_buf_16)
    16    0.164023    0.082918    0.132617    0.227268 ^ clkbuf_0_clk_i_regs/X (sg13g2_buf_16)
                                                         clknet_0_clk_i_regs (net)
                      0.085628    0.011765    0.239032 ^ clkbuf_4_15_0_clk_i_regs/A (sg13g2_buf_8)
     7    0.028382    0.043810    0.138032    0.377064 ^ clkbuf_4_15_0_clk_i_regs/X (sg13g2_buf_8)
                                                         clknet_4_15_0_clk_i_regs (net)
                      0.043819    0.000732    0.377795 ^ _798_/CLK (sg13g2_dfrbpq_1)
     2    0.016214    0.094955    0.315759    0.693555 v _798_/Q (sg13g2_dfrbpq_1)
                                                         net180 (net)
                      0.094963    0.000965    0.694520 v output180/A (sg13g2_buf_1)
     1    0.100000    0.511416    0.491342    1.185862 v output180/X (sg13g2_buf_1)
                                                         s_axil_rdata[3] (net)
                      0.511416    0.000000    1.185862 v s_axil_rdata[3] (out)
                                              1.185862   data arrival time

                                  0.000000    0.000000   clock clk_i (rise edge)
                                  0.000000    0.000000   clock network delay (propagated)
                                  0.200000    0.200000   clock uncertainty
                                  0.000000    0.200000   clock reconvergence pessimism
                                 -0.500000   -0.300000   output external delay
                                             -0.300000   data required time
---------------------------------------------------------------------------------------------
                                             -0.300000   data required time
                                             -1.185862   data arrival time
---------------------------------------------------------------------------------------------
                                              1.485862   slack (MET)


Startpoint: _801_ (rising edge-triggered flip-flop clocked by clk_i)
Endpoint: s_axil_rdata[6] (output port clocked by clk_i)
Path Group: clk_i
Path Type: min

Fanout         Cap        Slew       Delay        Time   Description
---------------------------------------------------------------------------------------------
                                  0.000000    0.000000   clock clk_i (rise edge)
                                  0.000000    0.000000   clock source latency
     2    0.067269    0.000000    0.000000    0.000000 ^ clk_i (in)
                                                         clk_i (net)
                      0.016385    0.008193    0.008193 ^ clkbuf_regs_0_clk_i/A (sg13g2_buf_16)
     1    0.015676    0.027653    0.086298    0.094491 ^ clkbuf_regs_0_clk_i/X (sg13g2_buf_16)
                                                         clk_i_regs (net)
                      0.027653    0.000160    0.094650 ^ clkbuf_0_clk_i_regs/A (sg13g2_buf_16)
    16    0.164023    0.082918    0.132617    0.227268 ^ clkbuf_0_clk_i_regs/X (sg13g2_buf_16)
                                                         clknet_0_clk_i_regs (net)
                      0.085880    0.012305    0.239572 ^ clkbuf_4_13_0_clk_i_regs/A (sg13g2_buf_8)
     7    0.025146    0.041647    0.136263    0.375835 ^ clkbuf_4_13_0_clk_i_regs/X (sg13g2_buf_8)
                                                         clknet_4_13_0_clk_i_regs (net)
                      0.041647    0.000692    0.376527 ^ _801_/CLK (sg13g2_dfrbpq_1)
     2    0.020941    0.118472    0.333256    0.709783 v _801_/Q (sg13g2_dfrbpq_1)
                                                         net183 (net)
                      0.118493    0.001643    0.711426 v output183/A (sg13g2_buf_1)
     1    0.100000    0.511434    0.500964    1.212390 v output183/X (sg13g2_buf_1)
                                                         s_axil_rdata[6] (net)
                      0.511434    0.000000    1.212390 v s_axil_rdata[6] (out)
                                              1.212390   data arrival time

                                  0.000000    0.000000   clock clk_i (rise edge)
                                  0.000000    0.000000   clock network delay (propagated)
                                  0.200000    0.200000   clock uncertainty
                                  0.000000    0.200000   clock reconvergence pessimism
                                 -0.500000   -0.300000   output external delay
                                             -0.300000   data required time
---------------------------------------------------------------------------------------------
                                             -0.300000   data required time
                                             -1.212390   data arrival time
---------------------------------------------------------------------------------------------
                                              1.512390   slack (MET)


Startpoint: _802_ (rising edge-triggered flip-flop clocked by clk_i)
Endpoint: s_axil_rdata[7] (output port clocked by clk_i)
Path Group: clk_i
Path Type: min

Fanout         Cap        Slew       Delay        Time   Description
---------------------------------------------------------------------------------------------
                                  0.000000    0.000000   clock clk_i (rise edge)
                                  0.000000    0.000000   clock source latency
     2    0.067269    0.000000    0.000000    0.000000 ^ clk_i (in)
                                                         clk_i (net)
                      0.016385    0.008193    0.008193 ^ clkbuf_regs_0_clk_i/A (sg13g2_buf_16)
     1    0.015676    0.027653    0.086298    0.094491 ^ clkbuf_regs_0_clk_i/X (sg13g2_buf_16)
                                                         clk_i_regs (net)
                      0.027653    0.000160    0.094650 ^ clkbuf_0_clk_i_regs/A (sg13g2_buf_16)
    16    0.164023    0.082918    0.132617    0.227268 ^ clkbuf_0_clk_i_regs/X (sg13g2_buf_16)
                                                         clknet_0_clk_i_regs (net)
                      0.085880    0.012305    0.239572 ^ clkbuf_4_13_0_clk_i_regs/A (sg13g2_buf_8)
     7    0.025146    0.041647    0.136263    0.375835 ^ clkbuf_4_13_0_clk_i_regs/X (sg13g2_buf_8)
                                                         clknet_4_13_0_clk_i_regs (net)
                      0.041647    0.000582    0.376417 ^ _802_/CLK (sg13g2_dfrbpq_1)
     2    0.023794    0.130328    0.344459    0.720877 v _802_/Q (sg13g2_dfrbpq_1)
                                                         net184 (net)
                      0.130362    0.002185    0.723062 v output184/A (sg13g2_buf_1)
     1    0.100000    0.511440    0.505725    1.228787 v output184/X (sg13g2_buf_1)
                                                         s_axil_rdata[7] (net)
                      0.511440    0.000000    1.228787 v s_axil_rdata[7] (out)
                                              1.228787   data arrival time

                                  0.000000    0.000000   clock clk_i (rise edge)
                                  0.000000    0.000000   clock network delay (propagated)
                                  0.200000    0.200000   clock uncertainty
                                  0.000000    0.200000   clock reconvergence pessimism
                                 -0.500000   -0.300000   output external delay
                                             -0.300000   data required time
---------------------------------------------------------------------------------------------
                                             -0.300000   data required time
                                             -1.228787   data arrival time
---------------------------------------------------------------------------------------------
                                              1.528787   slack (MET)


Startpoint: _799_ (rising edge-triggered flip-flop clocked by clk_i)
Endpoint: s_axil_rdata[4] (output port clocked by clk_i)
Path Group: clk_i
Path Type: min

Fanout         Cap        Slew       Delay        Time   Description
---------------------------------------------------------------------------------------------
                                  0.000000    0.000000   clock clk_i (rise edge)
                                  0.000000    0.000000   clock source latency
     2    0.067269    0.000000    0.000000    0.000000 ^ clk_i (in)
                                                         clk_i (net)
                      0.016385    0.008193    0.008193 ^ clkbuf_regs_0_clk_i/A (sg13g2_buf_16)
     1    0.015676    0.027653    0.086298    0.094491 ^ clkbuf_regs_0_clk_i/X (sg13g2_buf_16)
                                                         clk_i_regs (net)
                      0.027653    0.000160    0.094650 ^ clkbuf_0_clk_i_regs/A (sg13g2_buf_16)
    16    0.164023    0.082918    0.132617    0.227268 ^ clkbuf_0_clk_i_regs/X (sg13g2_buf_16)
                                                         clknet_0_clk_i_regs (net)
                      0.085601    0.011706    0.238973 ^ clkbuf_4_8_0_clk_i_regs/A (sg13g2_buf_8)
     7    0.031979    0.046242    0.140215    0.379188 ^ clkbuf_4_8_0_clk_i_regs/X (sg13g2_buf_8)
                                                         clknet_4_8_0_clk_i_regs (net)
                      0.046242    0.000105    0.379294 ^ _799_/CLK (sg13g2_dfrbpq_1)
     2    0.023226    0.127914    0.344884    0.724178 v _799_/Q (sg13g2_dfrbpq_1)
                                                         net181 (net)
                      0.127944    0.002036    0.726214 v output181/A (sg13g2_buf_1)
     1    0.100000    0.511439    0.504755    1.230969 v output181/X (sg13g2_buf_1)
                                                         s_axil_rdata[4] (net)
                      0.511439    0.000000    1.230969 v s_axil_rdata[4] (out)
                                              1.230969   data arrival time

                                  0.000000    0.000000   clock clk_i (rise edge)
                                  0.000000    0.000000   clock network delay (propagated)
                                  0.200000    0.200000   clock uncertainty
                                  0.000000    0.200000   clock reconvergence pessimism
                                 -0.500000   -0.300000   output external delay
                                             -0.300000   data required time
---------------------------------------------------------------------------------------------
                                             -0.300000   data required time
                                             -1.230969   data arrival time
---------------------------------------------------------------------------------------------
                                              1.530969   slack (MET)


Startpoint: _800_ (rising edge-triggered flip-flop clocked by clk_i)
Endpoint: s_axil_rdata[5] (output port clocked by clk_i)
Path Group: clk_i
Path Type: min

Fanout         Cap        Slew       Delay        Time   Description
---------------------------------------------------------------------------------------------
                                  0.000000    0.000000   clock clk_i (rise edge)
                                  0.000000    0.000000   clock source latency
     2    0.067269    0.000000    0.000000    0.000000 ^ clk_i (in)
                                                         clk_i (net)
                      0.016385    0.008193    0.008193 ^ clkbuf_regs_0_clk_i/A (sg13g2_buf_16)
     1    0.015676    0.027653    0.086298    0.094491 ^ clkbuf_regs_0_clk_i/X (sg13g2_buf_16)
                                                         clk_i_regs (net)
                      0.027653    0.000160    0.094650 ^ clkbuf_0_clk_i_regs/A (sg13g2_buf_16)
    16    0.164023    0.082918    0.132617    0.227268 ^ clkbuf_0_clk_i_regs/X (sg13g2_buf_16)
                                                         clknet_0_clk_i_regs (net)
                      0.085628    0.011765    0.239032 ^ clkbuf_4_15_0_clk_i_regs/A (sg13g2_buf_8)
     7    0.028382    0.043810    0.138032    0.377064 ^ clkbuf_4_15_0_clk_i_regs/X (sg13g2_buf_8)
                                                         clknet_4_15_0_clk_i_regs (net)
                      0.043810    0.000484    0.377548 ^ _800_/CLK (sg13g2_dfrbpq_1)
     2    0.023794    0.130352    0.345629    0.723177 v _800_/Q (sg13g2_dfrbpq_1)
                                                         net182 (net)
                      0.130390    0.002245    0.725422 v output182/A (sg13g2_buf_1)
     1    0.100000    0.511440    0.505736    1.231158 v output182/X (sg13g2_buf_1)
                                                         s_axil_rdata[5] (net)
                      0.511440    0.000000    1.231158 v s_axil_rdata[5] (out)
                                              1.231158   data arrival time

                                  0.000000    0.000000   clock clk_i (rise edge)
                                  0.000000    0.000000   clock network delay (propagated)
                                  0.200000    0.200000   clock uncertainty
                                  0.000000    0.200000   clock reconvergence pessimism
                                 -0.500000   -0.300000   output external delay
                                             -0.300000   data required time
---------------------------------------------------------------------------------------------
                                             -0.300000   data required time
                                             -1.231158   data arrival time
---------------------------------------------------------------------------------------------
                                              1.531158   slack (MET)


Startpoint: _804_ (rising edge-triggered flip-flop clocked by clk_i)
Endpoint: s_axil_rdata[9] (output port clocked by clk_i)
Path Group: clk_i
Path Type: min

Fanout         Cap        Slew       Delay        Time   Description
---------------------------------------------------------------------------------------------
                                  0.000000    0.000000   clock clk_i (rise edge)
                                  0.000000    0.000000   clock source latency
     2    0.067269    0.000000    0.000000    0.000000 ^ clk_i (in)
                                                         clk_i (net)
                      0.016385    0.008193    0.008193 ^ clkbuf_regs_0_clk_i/A (sg13g2_buf_16)
     1    0.015676    0.027653    0.086298    0.094491 ^ clkbuf_regs_0_clk_i/X (sg13g2_buf_16)
                                                         clk_i_regs (net)
                      0.027653    0.000160    0.094650 ^ clkbuf_0_clk_i_regs/A (sg13g2_buf_16)
    16    0.164023    0.082918    0.132617    0.227268 ^ clkbuf_0_clk_i_regs/X (sg13g2_buf_16)
                                                         clknet_0_clk_i_regs (net)
                      0.085681    0.011880    0.239147 ^ clkbuf_4_14_0_clk_i_regs/A (sg13g2_buf_8)
     7    0.024160    0.040985    0.135618    0.374766 ^ clkbuf_4_14_0_clk_i_regs/X (sg13g2_buf_8)
                                                         clknet_4_14_0_clk_i_regs (net)
                      0.040985    0.000212    0.374977 ^ _804_/CLK (sg13g2_dfrbpq_1)
     2    0.028515    0.154043    0.361081    0.736058 v _804_/Q (sg13g2_dfrbpq_1)
                                                         net186 (net)
                      0.154118    0.003356    0.739415 v output186/A (sg13g2_buf_1)
     1    0.100000    0.511451    0.515255    1.254670 v output186/X (sg13g2_buf_1)
                                                         s_axil_rdata[9] (net)
                      0.511451    0.000000    1.254670 v s_axil_rdata[9] (out)
                                              1.254670   data arrival time

                                  0.000000    0.000000   clock clk_i (rise edge)
                                  0.000000    0.000000   clock network delay (propagated)
                                  0.200000    0.200000   clock uncertainty
                                  0.000000    0.200000   clock reconvergence pessimism
                                 -0.500000   -0.300000   output external delay
                                             -0.300000   data required time
---------------------------------------------------------------------------------------------
                                             -0.300000   data required time
                                             -1.254670   data arrival time
---------------------------------------------------------------------------------------------
                                              1.554670   slack (MET)


Startpoint: _805_ (rising edge-triggered flip-flop clocked by clk_i)
Endpoint: s_axil_rdata[10] (output port clocked by clk_i)
Path Group: clk_i
Path Type: min

Fanout         Cap        Slew       Delay        Time   Description
---------------------------------------------------------------------------------------------
                                  0.000000    0.000000   clock clk_i (rise edge)
                                  0.000000    0.000000   clock source latency
     2    0.067269    0.000000    0.000000    0.000000 ^ clk_i (in)
                                                         clk_i (net)
                      0.016385    0.008193    0.008193 ^ clkbuf_regs_0_clk_i/A (sg13g2_buf_16)
     1    0.015676    0.027653    0.086298    0.094491 ^ clkbuf_regs_0_clk_i/X (sg13g2_buf_16)
                                                         clk_i_regs (net)
                      0.027653    0.000160    0.094650 ^ clkbuf_0_clk_i_regs/A (sg13g2_buf_16)
    16    0.164023    0.082918    0.132617    0.227268 ^ clkbuf_0_clk_i_regs/X (sg13g2_buf_16)
                                                         clknet_0_clk_i_regs (net)
                      0.085628    0.011765    0.239032 ^ clkbuf_4_15_0_clk_i_regs/A (sg13g2_buf_8)
     7    0.028382    0.043810    0.138032    0.377064 ^ clkbuf_4_15_0_clk_i_regs/X (sg13g2_buf_8)
                                                         clknet_4_15_0_clk_i_regs (net)
                      0.043818    0.000666    0.377730 ^ _805_/CLK (sg13g2_dfrbpq_1)
     2    0.028374    0.153347    0.362177    0.739908 v _805_/Q (sg13g2_dfrbpq_1)
                                                         net156 (net)
                      0.153421    0.003327    0.743235 v output156/A (sg13g2_buf_1)
     1    0.100000    0.511451    0.514975    1.258210 v output156/X (sg13g2_buf_1)
                                                         s_axil_rdata[10] (net)
                      0.511451    0.000000    1.258210 v s_axil_rdata[10] (out)
                                              1.258210   data arrival time

                                  0.000000    0.000000   clock clk_i (rise edge)
                                  0.000000    0.000000   clock network delay (propagated)
                                  0.200000    0.200000   clock uncertainty
                                  0.000000    0.200000   clock reconvergence pessimism
                                 -0.500000   -0.300000   output external delay
                                             -0.300000   data required time
---------------------------------------------------------------------------------------------
                                             -0.300000   data required time
                                             -1.258210   data arrival time
---------------------------------------------------------------------------------------------
                                              1.558210   slack (MET)


Startpoint: _803_ (rising edge-triggered flip-flop clocked by clk_i)
Endpoint: s_axil_rdata[8] (output port clocked by clk_i)
Path Group: clk_i
Path Type: min

Fanout         Cap        Slew       Delay        Time   Description
---------------------------------------------------------------------------------------------
                                  0.000000    0.000000   clock clk_i (rise edge)
                                  0.000000    0.000000   clock source latency
     2    0.067269    0.000000    0.000000    0.000000 ^ clk_i (in)
                                                         clk_i (net)
                      0.016385    0.008193    0.008193 ^ clkbuf_regs_0_clk_i/A (sg13g2_buf_16)
     1    0.015676    0.027653    0.086298    0.094491 ^ clkbuf_regs_0_clk_i/X (sg13g2_buf_16)
                                                         clk_i_regs (net)
                      0.027653    0.000160    0.094650 ^ clkbuf_0_clk_i_regs/A (sg13g2_buf_16)
    16    0.164023    0.082918    0.132617    0.227268 ^ clkbuf_0_clk_i_regs/X (sg13g2_buf_16)
                                                         clknet_0_clk_i_regs (net)
                      0.085681    0.011880    0.239147 ^ clkbuf_4_14_0_clk_i_regs/A (sg13g2_buf_8)
     7    0.024160    0.040985    0.135618    0.374766 ^ clkbuf_4_14_0_clk_i_regs/X (sg13g2_buf_8)
                                                         clknet_4_14_0_clk_i_regs (net)
                      0.040985    0.000243    0.375009 ^ _803_/CLK (sg13g2_dfrbpq_1)
     2    0.029233    0.157645    0.363677    0.738685 v _803_/Q (sg13g2_dfrbpq_1)
                                                         net185 (net)
                      0.157727    0.003529    0.742215 v output185/A (sg13g2_buf_1)
     1    0.100000    0.511453    0.516703    1.258917 v output185/X (sg13g2_buf_1)
                                                         s_axil_rdata[8] (net)
                      0.511453    0.000000    1.258917 v s_axil_rdata[8] (out)
                                              1.258917   data arrival time

                                  0.000000    0.000000   clock clk_i (rise edge)
                                  0.000000    0.000000   clock network delay (propagated)
                                  0.200000    0.200000   clock uncertainty
                                  0.000000    0.200000   clock reconvergence pessimism
                                 -0.500000   -0.300000   output external delay
                                             -0.300000   data required time
---------------------------------------------------------------------------------------------
                                             -0.300000   data required time
                                             -1.258917   data arrival time
---------------------------------------------------------------------------------------------
                                              1.558917   slack (MET)


Startpoint: _793_ (rising edge-triggered flip-flop clocked by clk_i)
Endpoint: s_axil_bresp[1] (output port clocked by clk_i)
Path Group: clk_i
Path Type: min

Fanout         Cap        Slew       Delay        Time   Description
---------------------------------------------------------------------------------------------
                                  0.000000    0.000000   clock clk_i (rise edge)
                                  0.000000    0.000000   clock source latency
     2    0.067269    0.000000    0.000000    0.000000 ^ clk_i (in)
                                                         clk_i (net)
                      0.016385    0.008193    0.008193 ^ clkbuf_regs_0_clk_i/A (sg13g2_buf_16)
     1    0.015676    0.027653    0.086298    0.094491 ^ clkbuf_regs_0_clk_i/X (sg13g2_buf_16)
                                                         clk_i_regs (net)
                      0.027653    0.000160    0.094650 ^ clkbuf_0_clk_i_regs/A (sg13g2_buf_16)
    16    0.164023    0.082918    0.132617    0.227268 ^ clkbuf_0_clk_i_regs/X (sg13g2_buf_16)
                                                         clknet_0_clk_i_regs (net)
                      0.083551    0.005812    0.233079 ^ clkbuf_4_5_0_clk_i_regs/A (sg13g2_buf_8)
     7    0.036325    0.049055    0.141482    0.374561 ^ clkbuf_4_5_0_clk_i_regs/X (sg13g2_buf_8)
                                                         clknet_4_5_0_clk_i_regs (net)
                      0.049059    0.000745    0.375306 ^ _793_/CLK (sg13g2_dfrbpq_1)
     3    0.029396    0.158538    0.368827    0.744133 v _793_/Q (sg13g2_dfrbpq_1)
                                                         net153 (net)
                      0.158606    0.003181    0.747314 v output153/A (sg13g2_buf_1)
     1    0.100000    0.511454    0.517055    1.264369 v output153/X (sg13g2_buf_1)
                                                         s_axil_bresp[1] (net)
                      0.511454    0.000000    1.264369 v s_axil_bresp[1] (out)
                                              1.264369   data arrival time

                                  0.000000    0.000000   clock clk_i (rise edge)
                                  0.000000    0.000000   clock network delay (propagated)
                                  0.200000    0.200000   clock uncertainty
                                  0.000000    0.200000   clock reconvergence pessimism
                                 -0.500000   -0.300000   output external delay
                                             -0.300000   data required time
---------------------------------------------------------------------------------------------
                                             -0.300000   data required time
                                             -1.264369   data arrival time
---------------------------------------------------------------------------------------------
                                              1.564369   slack (MET)


Startpoint: _806_ (rising edge-triggered flip-flop clocked by clk_i)
Endpoint: s_axil_rdata[11] (output port clocked by clk_i)
Path Group: clk_i
Path Type: min

Fanout         Cap        Slew       Delay        Time   Description
---------------------------------------------------------------------------------------------
                                  0.000000    0.000000   clock clk_i (rise edge)
                                  0.000000    0.000000   clock source latency
     2    0.067269    0.000000    0.000000    0.000000 ^ clk_i (in)
                                                         clk_i (net)
                      0.016385    0.008193    0.008193 ^ clkbuf_regs_0_clk_i/A (sg13g2_buf_16)
     1    0.015676    0.027653    0.086298    0.094491 ^ clkbuf_regs_0_clk_i/X (sg13g2_buf_16)
                                                         clk_i_regs (net)
                      0.027653    0.000160    0.094650 ^ clkbuf_0_clk_i_regs/A (sg13g2_buf_16)
    16    0.164023    0.082918    0.132617    0.227268 ^ clkbuf_0_clk_i_regs/X (sg13g2_buf_16)
                                                         clknet_0_clk_i_regs (net)
                      0.085681    0.011880    0.239147 ^ clkbuf_4_14_0_clk_i_regs/A (sg13g2_buf_8)
     7    0.024160    0.040985    0.135618    0.374766 ^ clkbuf_4_14_0_clk_i_regs/X (sg13g2_buf_8)
                                                         clknet_4_14_0_clk_i_regs (net)
                      0.040985    0.000361    0.375126 ^ _806_/CLK (sg13g2_dfrbpq_1)
     2    0.032440    0.173766    0.375199    0.750325 v _806_/Q (sg13g2_dfrbpq_1)
                                                         net157 (net)
                      0.174050    0.004430    0.754755 v output157/A (sg13g2_buf_1)
     1    0.100000    0.511461    0.523246    1.278000 v output157/X (sg13g2_buf_1)
                                                         s_axil_rdata[11] (net)
                      0.511461    0.000000    1.278000 v s_axil_rdata[11] (out)
                                              1.278000   data arrival time

                                  0.000000    0.000000   clock clk_i (rise edge)
                                  0.000000    0.000000   clock network delay (propagated)
                                  0.200000    0.200000   clock uncertainty
                                  0.000000    0.200000   clock reconvergence pessimism
                                 -0.500000   -0.300000   output external delay
                                             -0.300000   data required time
---------------------------------------------------------------------------------------------
                                             -0.300000   data required time
                                             -1.278000   data arrival time
---------------------------------------------------------------------------------------------
                                              1.578001   slack (MET)


Startpoint: _807_ (rising edge-triggered flip-flop clocked by clk_i)
Endpoint: s_axil_rdata[12] (output port clocked by clk_i)
Path Group: clk_i
Path Type: min

Fanout         Cap        Slew       Delay        Time   Description
---------------------------------------------------------------------------------------------
                                  0.000000    0.000000   clock clk_i (rise edge)
                                  0.000000    0.000000   clock source latency
     2    0.067269    0.000000    0.000000    0.000000 ^ clk_i (in)
                                                         clk_i (net)
                      0.016385    0.008193    0.008193 ^ clkbuf_regs_0_clk_i/A (sg13g2_buf_16)
     1    0.015676    0.027653    0.086298    0.094491 ^ clkbuf_regs_0_clk_i/X (sg13g2_buf_16)
                                                         clk_i_regs (net)
                      0.027653    0.000160    0.094650 ^ clkbuf_0_clk_i_regs/A (sg13g2_buf_16)
    16    0.164023    0.082918    0.132617    0.227268 ^ clkbuf_0_clk_i_regs/X (sg13g2_buf_16)
                                                         clknet_0_clk_i_regs (net)
                      0.085681    0.011880    0.239147 ^ clkbuf_4_14_0_clk_i_regs/A (sg13g2_buf_8)
     7    0.024160    0.040985    0.135618    0.374766 ^ clkbuf_4_14_0_clk_i_regs/X (sg13g2_buf_8)
                                                         clknet_4_14_0_clk_i_regs (net)
                      0.040985    0.000353    0.375119 ^ _807_/CLK (sg13g2_dfrbpq_1)
     2    0.034897    0.186229    0.384114    0.759233 v _807_/Q (sg13g2_dfrbpq_1)
                                                         net158 (net)
                      0.186425    0.005022    0.764255 v output158/A (sg13g2_buf_1)
     1    0.100000    0.511482    0.526894    1.291149 v output158/X (sg13g2_buf_1)
                                                         s_axil_rdata[12] (net)
                      0.511482    0.000000    1.291149 v s_axil_rdata[12] (out)
                                              1.291149   data arrival time

                                  0.000000    0.000000   clock clk_i (rise edge)
                                  0.000000    0.000000   clock network delay (propagated)
                                  0.200000    0.200000   clock uncertainty
                                  0.000000    0.200000   clock reconvergence pessimism
                                 -0.500000   -0.300000   output external delay
                                             -0.300000   data required time
---------------------------------------------------------------------------------------------
                                             -0.300000   data required time
                                             -1.291149   data arrival time
---------------------------------------------------------------------------------------------
                                              1.591149   slack (MET)


Startpoint: _808_ (rising edge-triggered flip-flop clocked by clk_i)
Endpoint: s_axil_rdata[13] (output port clocked by clk_i)
Path Group: clk_i
Path Type: min

Fanout         Cap        Slew       Delay        Time   Description
---------------------------------------------------------------------------------------------
                                  0.000000    0.000000   clock clk_i (rise edge)
                                  0.000000    0.000000   clock source latency
     2    0.067269    0.000000    0.000000    0.000000 ^ clk_i (in)
                                                         clk_i (net)
                      0.016385    0.008193    0.008193 ^ clkbuf_regs_0_clk_i/A (sg13g2_buf_16)
     1    0.015676    0.027653    0.086298    0.094491 ^ clkbuf_regs_0_clk_i/X (sg13g2_buf_16)
                                                         clk_i_regs (net)
                      0.027653    0.000160    0.094650 ^ clkbuf_0_clk_i_regs/A (sg13g2_buf_16)
    16    0.164023    0.082918    0.132617    0.227268 ^ clkbuf_0_clk_i_regs/X (sg13g2_buf_16)
                                                         clknet_0_clk_i_regs (net)
                      0.085628    0.011765    0.239032 ^ clkbuf_4_15_0_clk_i_regs/A (sg13g2_buf_8)
     7    0.028382    0.043810    0.138032    0.377064 ^ clkbuf_4_15_0_clk_i_regs/X (sg13g2_buf_8)
                                                         clknet_4_15_0_clk_i_regs (net)
                      0.043818    0.000656    0.377719 ^ _808_/CLK (sg13g2_dfrbpq_1)
     2    0.034811    0.185825    0.385416    0.763135 v _808_/Q (sg13g2_dfrbpq_1)
                                                         net159 (net)
                      0.186019    0.004985    0.768121 v output159/A (sg13g2_buf_1)
     1    0.100000    0.511481    0.526774    1.294895 v output159/X (sg13g2_buf_1)
                                                         s_axil_rdata[13] (net)
                      0.511481    0.000000    1.294895 v s_axil_rdata[13] (out)
                                              1.294895   data arrival time

                                  0.000000    0.000000   clock clk_i (rise edge)
                                  0.000000    0.000000   clock network delay (propagated)
                                  0.200000    0.200000   clock uncertainty
                                  0.000000    0.200000   clock reconvergence pessimism
                                 -0.500000   -0.300000   output external delay
                                             -0.300000   data required time
---------------------------------------------------------------------------------------------
                                             -0.300000   data required time
                                             -1.294895   data arrival time
---------------------------------------------------------------------------------------------
                                              1.594895   slack (MET)


Startpoint: _810_ (rising edge-triggered flip-flop clocked by clk_i)
Endpoint: s_axil_rdata[15] (output port clocked by clk_i)
Path Group: clk_i
Path Type: min

Fanout         Cap        Slew       Delay        Time   Description
---------------------------------------------------------------------------------------------
                                  0.000000    0.000000   clock clk_i (rise edge)
                                  0.000000    0.000000   clock source latency
     2    0.067269    0.000000    0.000000    0.000000 ^ clk_i (in)
                                                         clk_i (net)
                      0.016385    0.008193    0.008193 ^ clkbuf_regs_0_clk_i/A (sg13g2_buf_16)
     1    0.015676    0.027653    0.086298    0.094491 ^ clkbuf_regs_0_clk_i/X (sg13g2_buf_16)
                                                         clk_i_regs (net)
                      0.027653    0.000160    0.094650 ^ clkbuf_0_clk_i_regs/A (sg13g2_buf_16)
    16    0.164023    0.082918    0.132617    0.227268 ^ clkbuf_0_clk_i_regs/X (sg13g2_buf_16)
                                                         clknet_0_clk_i_regs (net)
                      0.085628    0.011765    0.239032 ^ clkbuf_4_15_0_clk_i_regs/A (sg13g2_buf_8)
     7    0.028382    0.043810    0.138032    0.377064 ^ clkbuf_4_15_0_clk_i_regs/X (sg13g2_buf_8)
                                                         clknet_4_15_0_clk_i_regs (net)
                      0.043819    0.000762    0.377826 ^ _810_/CLK (sg13g2_dfrbpq_1)
     2    0.036758    0.195669    0.392286    0.770112 v _810_/Q (sg13g2_dfrbpq_1)
                                                         net161 (net)
                      0.195913    0.005725    0.775837 v output161/A (sg13g2_buf_1)
     1    0.100000    0.511497    0.529691    1.305528 v output161/X (sg13g2_buf_1)
                                                         s_axil_rdata[15] (net)
                      0.511497    0.000000    1.305528 v s_axil_rdata[15] (out)
                                              1.305528   data arrival time

                                  0.000000    0.000000   clock clk_i (rise edge)
                                  0.000000    0.000000   clock network delay (propagated)
                                  0.200000    0.200000   clock uncertainty
                                  0.000000    0.200000   clock reconvergence pessimism
                                 -0.500000   -0.300000   output external delay
                                             -0.300000   data required time
---------------------------------------------------------------------------------------------
                                             -0.300000   data required time
                                             -1.305528   data arrival time
---------------------------------------------------------------------------------------------
                                              1.605528   slack (MET)


Startpoint: _809_ (rising edge-triggered flip-flop clocked by clk_i)
Endpoint: s_axil_rdata[14] (output port clocked by clk_i)
Path Group: clk_i
Path Type: min

Fanout         Cap        Slew       Delay        Time   Description
---------------------------------------------------------------------------------------------
                                  0.000000    0.000000   clock clk_i (rise edge)
                                  0.000000    0.000000   clock source latency
     2    0.067269    0.000000    0.000000    0.000000 ^ clk_i (in)
                                                         clk_i (net)
                      0.016385    0.008193    0.008193 ^ clkbuf_regs_0_clk_i/A (sg13g2_buf_16)
     1    0.015676    0.027653    0.086298    0.094491 ^ clkbuf_regs_0_clk_i/X (sg13g2_buf_16)
                                                         clk_i_regs (net)
                      0.027653    0.000160    0.094650 ^ clkbuf_0_clk_i_regs/A (sg13g2_buf_16)
    16    0.164023    0.082918    0.132617    0.227268 ^ clkbuf_0_clk_i_regs/X (sg13g2_buf_16)
                                                         clknet_0_clk_i_regs (net)
                      0.085681    0.011880    0.239147 ^ clkbuf_4_14_0_clk_i_regs/A (sg13g2_buf_8)
     7    0.024160    0.040985    0.135618    0.374766 ^ clkbuf_4_14_0_clk_i_regs/X (sg13g2_buf_8)
                                                         clknet_4_14_0_clk_i_regs (net)
                      0.040985    0.000206    0.374971 ^ _809_/CLK (sg13g2_dfrbpq_1)
     2    0.038135    0.202520    0.395703    0.770675 v _809_/Q (sg13g2_dfrbpq_1)
                                                         net160 (net)
                      0.202783    0.006046    0.776721 v output160/A (sg13g2_buf_1)
     1    0.100000    0.511509    0.531716    1.308437 v output160/X (sg13g2_buf_1)
                                                         s_axil_rdata[14] (net)
                      0.511509    0.000000    1.308437 v s_axil_rdata[14] (out)
                                              1.308437   data arrival time

                                  0.000000    0.000000   clock clk_i (rise edge)
                                  0.000000    0.000000   clock network delay (propagated)
                                  0.200000    0.200000   clock uncertainty
                                  0.000000    0.200000   clock reconvergence pessimism
                                 -0.500000   -0.300000   output external delay
                                             -0.300000   data required time
---------------------------------------------------------------------------------------------
                                             -0.300000   data required time
                                             -1.308437   data arrival time
---------------------------------------------------------------------------------------------
                                              1.608437   slack (MET)


Startpoint: _794_ (rising edge-triggered flip-flop clocked by clk_i)
Endpoint: s_axil_bvalid (output port clocked by clk_i)
Path Group: clk_i
Path Type: min

Fanout         Cap        Slew       Delay        Time   Description
---------------------------------------------------------------------------------------------
                                  0.000000    0.000000   clock clk_i (rise edge)
                                  0.000000    0.000000   clock source latency
     2    0.067269    0.000000    0.000000    0.000000 ^ clk_i (in)
                                                         clk_i (net)
                      0.016385    0.008193    0.008193 ^ clkbuf_regs_0_clk_i/A (sg13g2_buf_16)
     1    0.015676    0.027653    0.086298    0.094491 ^ clkbuf_regs_0_clk_i/X (sg13g2_buf_16)
                                                         clk_i_regs (net)
                      0.027653    0.000160    0.094650 ^ clkbuf_0_clk_i_regs/A (sg13g2_buf_16)
    16    0.164023    0.082918    0.132617    0.227268 ^ clkbuf_0_clk_i_regs/X (sg13g2_buf_16)
                                                         clknet_0_clk_i_regs (net)
                      0.084160    0.008002    0.235270 ^ clkbuf_4_2_0_clk_i_regs/A (sg13g2_buf_8)
     7    0.031812    0.046085    0.139297    0.374567 ^ clkbuf_4_2_0_clk_i_regs/X (sg13g2_buf_8)
                                                         clknet_4_2_0_clk_i_regs (net)
                      0.046089    0.000742    0.375309 ^ _794_/CLK (sg13g2_dfrbpq_1)
     5    0.045056    0.236907    0.424254    0.799563 v _794_/Q (sg13g2_dfrbpq_1)
                                                         net154 (net)
                      0.237055    0.005500    0.805063 v output154/A (sg13g2_buf_1)
     1    0.100000    0.511566    0.541820    1.346883 v output154/X (sg13g2_buf_1)
                                                         s_axil_bvalid (net)
                      0.511566    0.000000    1.346883 v s_axil_bvalid (out)
                                              1.346883   data arrival time

                                  0.000000    0.000000   clock clk_i (rise edge)
                                  0.000000    0.000000   clock network delay (propagated)
                                  0.200000    0.200000   clock uncertainty
                                  0.000000    0.200000   clock reconvergence pessimism
                                 -0.500000   -0.300000   output external delay
                                             -0.300000   data required time
---------------------------------------------------------------------------------------------
                                             -0.300000   data required time
                                             -1.346883   data arrival time
---------------------------------------------------------------------------------------------
                                              1.646883   slack (MET)


Startpoint: boot_wdata[1] (input port clocked by clk_i)
Endpoint: u_sram (rising edge-triggered flip-flop clocked by clk_i)
Path Group: clk_i
Path Type: min

Fanout         Cap        Slew       Delay        Time   Description
---------------------------------------------------------------------------------------------
                                  0.000000    0.000000   clock clk_i (rise edge)
                                  0.000000    0.000000   clock network delay (propagated)
                                  0.500000    0.500000 ^ input external delay
     1    0.003949    0.000000    0.000000    0.500000 ^ boot_wdata[1] (in)
                                                         boot_wdata[1] (net)
                      0.000092    0.000046    0.500046 ^ hold665/A (sg13g2_dlygate4sd3_1)
     1    0.002161    0.052368    0.533771    1.033817 ^ hold665/X (sg13g2_dlygate4sd3_1)
                                                         net664 (net)
                      0.052368    0.000012    1.033829 ^ input22/A (sg13g2_buf_1)
     1    0.069393    0.443336    0.386323    1.420152 ^ input22/X (sg13g2_buf_1)
                                                         net22 (net)
                      0.445086    0.022686    1.442838 ^ _606_/B (sg13g2_nand2_1)
     1    0.003021    0.082771    0.175741    1.618579 v _606_/Y (sg13g2_nand2_1)
                                                         _250_ (net)
                      0.082771    0.000024    1.618603 v _607_/B1 (sg13g2_o21ai_1)
     1    0.008967    0.088359    0.107142    1.725744 ^ _607_/Y (sg13g2_o21ai_1)
                                                         sram_din[1] (net)
                      0.088361    0.000354    1.726099 ^ hold666/A (sg13g2_dlygate4sd3_1)
     1    0.007976    0.083831    0.617955    2.344054 ^ hold666/X (sg13g2_dlygate4sd3_1)
                                                         net665 (net)
                      0.083831    0.000277    2.344331 ^ hold483/A (sg13g2_dlygate4sd3_1)
     1    0.014532    0.123358    0.651512    2.995842 ^ hold483/X (sg13g2_dlygate4sd3_1)
                                                         net482 (net)
                      0.164477    0.000000    2.995842 ^ u_sram/A_DIN[1] (RM_IHPSG13_1P_1024x32_c2_bm_bist)
                                              2.995842   data arrival time

                                  0.000000    0.000000   clock clk_i (rise edge)
                                  0.000000    0.000000   clock source latency
     2    0.071915    0.000000    0.000000    0.000000 ^ clk_i (in)
                                                         clk_i (net)
                      0.007642    0.003821    0.003821 ^ delaybuf_0_clk_i/A (sg13g2_buf_16)
     1    0.025595    0.030873    0.084150    0.087972 ^ delaybuf_0_clk_i/X (sg13g2_buf_16)
                                                         delaynet_0_clk_i (net)
                      0.030895    0.001594    0.089566 ^ delaybuf_1_clk_i/A (sg13g2_buf_16)
     1    0.023706    0.031007    0.096824    0.186389 ^ delaybuf_1_clk_i/X (sg13g2_buf_16)
                                                         delaynet_1_clk_i (net)
                      0.031018    0.001183    0.187572 ^ clkbuf_0_clk_i/A (sg13g2_buf_16)
     1    0.018301    0.029106    0.095384    0.282956 ^ clkbuf_0_clk_i/X (sg13g2_buf_16)
                                                         clknet_0_clk_i (net)
                      0.029106    0.000223    0.283179 ^ clkbuf_1_0__f_clk_i/A (sg13g2_buf_16)
     1    0.003790    0.023734    0.089874    0.373052 ^ clkbuf_1_0__f_clk_i/X (sg13g2_buf_16)
                                                         clknet_1_0__leaf_clk_i (net)
                      0.031646    0.000000    0.373052 ^ u_sram/A_CLK (RM_IHPSG13_1P_1024x32_c2_bm_bist)
                                  0.200000    0.573053   clock uncertainty
                                  0.000000    0.573053   clock reconvergence pessimism
                                  0.772953    1.346006   library hold time
                                              1.346006   data required time
---------------------------------------------------------------------------------------------
                                              1.346006   data required time
                                             -2.995842   data arrival time
---------------------------------------------------------------------------------------------
                                              1.649836   slack (MET)


Startpoint: _840_ (rising edge-triggered flip-flop clocked by clk_i)
Endpoint: s_axil_wready (output port clocked by clk_i)
Path Group: clk_i
Path Type: min

Fanout         Cap        Slew       Delay        Time   Description
---------------------------------------------------------------------------------------------
                                  0.000000    0.000000   clock clk_i (rise edge)
                                  0.000000    0.000000   clock source latency
     2    0.067269    0.000000    0.000000    0.000000 ^ clk_i (in)
                                                         clk_i (net)
                      0.016385    0.008193    0.008193 ^ clkbuf_regs_0_clk_i/A (sg13g2_buf_16)
     1    0.015676    0.027653    0.086298    0.094491 ^ clkbuf_regs_0_clk_i/X (sg13g2_buf_16)
                                                         clk_i_regs (net)
                      0.027653    0.000160    0.094650 ^ clkbuf_0_clk_i_regs/A (sg13g2_buf_16)
    16    0.164023    0.082918    0.132617    0.227268 ^ clkbuf_0_clk_i_regs/X (sg13g2_buf_16)
                                                         clknet_0_clk_i_regs (net)
                      0.083563    0.005860    0.233128 ^ clkbuf_4_6_0_clk_i_regs/A (sg13g2_buf_8)
     7    0.032439    0.046454    0.139214    0.372342 ^ clkbuf_4_6_0_clk_i_regs/X (sg13g2_buf_8)
                                                         clknet_4_6_0_clk_i_regs (net)
                      0.046462    0.000291    0.372633 ^ _840_/CLK (sg13g2_dfrbpq_1)
     3    0.008002    0.065707    0.289322    0.661955 ^ _840_/Q (sg13g2_dfrbpq_1)
                                                         w_pending_q (net)
                      0.065707    0.000023    0.661979 ^ _595_/A (sg13g2_nor2_1)
     2    0.029075    0.157558    0.170143    0.832122 v _595_/Y (sg13g2_nor2_1)
                                                         net190 (net)
                      0.157634    0.002874    0.834996 v output190/A (sg13g2_buf_1)
     1    0.100000    0.511453    0.516665    1.351661 v output190/X (sg13g2_buf_1)
                                                         s_axil_wready (net)
                      0.511453    0.000000    1.351661 v s_axil_wready (out)
                                              1.351661   data arrival time

                                  0.000000    0.000000   clock clk_i (rise edge)
                                  0.000000    0.000000   clock network delay (propagated)
                                  0.200000    0.200000   clock uncertainty
                                  0.000000    0.200000   clock reconvergence pessimism
                                 -0.500000   -0.300000   output external delay
                                             -0.300000   data required time
---------------------------------------------------------------------------------------------
                                             -0.300000   data required time
                                             -1.351661   data arrival time
---------------------------------------------------------------------------------------------
                                              1.651662   slack (MET)


Startpoint: _793_ (rising edge-triggered flip-flop clocked by clk_i)
Endpoint: s_axil_bresp[0] (output port clocked by clk_i)
Path Group: clk_i
Path Type: min

Fanout         Cap        Slew       Delay        Time   Description
---------------------------------------------------------------------------------------------
                                  0.000000    0.000000   clock clk_i (rise edge)
                                  0.000000    0.000000   clock source latency
     2    0.067269    0.000000    0.000000    0.000000 ^ clk_i (in)
                                                         clk_i (net)
                      0.016385    0.008193    0.008193 ^ clkbuf_regs_0_clk_i/A (sg13g2_buf_16)
     1    0.015676    0.027653    0.086298    0.094491 ^ clkbuf_regs_0_clk_i/X (sg13g2_buf_16)
                                                         clk_i_regs (net)
                      0.027653    0.000160    0.094650 ^ clkbuf_0_clk_i_regs/A (sg13g2_buf_16)
    16    0.164023    0.082918    0.132617    0.227268 ^ clkbuf_0_clk_i_regs/X (sg13g2_buf_16)
                                                         clknet_0_clk_i_regs (net)
                      0.083551    0.005812    0.233079 ^ clkbuf_4_5_0_clk_i_regs/A (sg13g2_buf_8)
     7    0.036325    0.049055    0.141482    0.374561 ^ clkbuf_4_5_0_clk_i_regs/X (sg13g2_buf_8)
                                                         clknet_4_5_0_clk_i_regs (net)
                      0.049059    0.000745    0.375306 ^ _793_/CLK (sg13g2_dfrbpq_1)
     3    0.029396    0.158538    0.368827    0.744133 v _793_/Q (sg13g2_dfrbpq_1)
                                                         net153 (net)
                      0.158603    0.003128    0.747261 v _970_/A (sg13g2_buf_1)
     1    0.002419    0.033548    0.146555    0.893817 v _970_/X (sg13g2_buf_1)
                                                         net152 (net)
                      0.033548    0.000018    0.893834 v output152/A (sg13g2_buf_1)
     1    0.100000    0.511122    0.459872    1.353706 v output152/X (sg13g2_buf_1)
                                                         s_axil_bresp[0] (net)
                      0.511122    0.000000    1.353706 v s_axil_bresp[0] (out)
                                              1.353706   data arrival time

                                  0.000000    0.000000   clock clk_i (rise edge)
                                  0.000000    0.000000   clock network delay (propagated)
                                  0.200000    0.200000   clock uncertainty
                                  0.000000    0.200000   clock reconvergence pessimism
                                 -0.500000   -0.300000   output external delay
                                             -0.300000   data required time
---------------------------------------------------------------------------------------------
                                             -0.300000   data required time
                                             -1.353706   data arrival time
---------------------------------------------------------------------------------------------
                                              1.653706   slack (MET)


Startpoint: boot_wdata[0] (input port clocked by clk_i)
Endpoint: u_sram (rising edge-triggered flip-flop clocked by clk_i)
Path Group: clk_i
Path Type: min

Fanout         Cap        Slew       Delay        Time   Description
---------------------------------------------------------------------------------------------
                                  0.000000    0.000000   clock clk_i (rise edge)
                                  0.000000    0.000000   clock network delay (propagated)
                                  0.500000    0.500000 ^ input external delay
     1    0.003949    0.000000    0.000000    0.500000 ^ boot_wdata[0] (in)
                                                         boot_wdata[0] (net)
                      0.000092    0.000046    0.500046 ^ hold669/A (sg13g2_dlygate4sd3_1)
     1    0.002161    0.052368    0.533771    1.033817 ^ hold669/X (sg13g2_dlygate4sd3_1)
                                                         net668 (net)
                      0.052368    0.000012    1.033829 ^ input11/A (sg13g2_buf_1)
     1    0.069479    0.443870    0.386676    1.420505 ^ input11/X (sg13g2_buf_1)
                                                         net11 (net)
                      0.445626    0.022738    1.443244 ^ _603_/B (sg13g2_nand2_1)
     1    0.003144    0.083673    0.177122    1.620366 v _603_/Y (sg13g2_nand2_1)
                                                         _248_ (net)
                      0.083673    0.000028    1.620394 v _604_/B1 (sg13g2_o21ai_1)
     1    0.008838    0.087612    0.106810    1.727204 ^ _604_/Y (sg13g2_o21ai_1)
                                                         sram_din[0] (net)
                      0.087614    0.000344    1.727548 ^ hold670/A (sg13g2_dlygate4sd3_1)
     1    0.008191    0.085058    0.618706    2.346254 ^ hold670/X (sg13g2_dlygate4sd3_1)
                                                         net669 (net)
                      0.085058    0.000292    2.346546 ^ hold489/A (sg13g2_dlygate4sd3_1)
     1    0.014850    0.125343    0.653984    3.000530 ^ hold489/X (sg13g2_dlygate4sd3_1)
                                                         net488 (net)
                      0.167124    0.000000    3.000530 ^ u_sram/A_DIN[0] (RM_IHPSG13_1P_1024x32_c2_bm_bist)
                                              3.000530   data arrival time

                                  0.000000    0.000000   clock clk_i (rise edge)
                                  0.000000    0.000000   clock source latency
     2    0.071915    0.000000    0.000000    0.000000 ^ clk_i (in)
                                                         clk_i (net)
                      0.007642    0.003821    0.003821 ^ delaybuf_0_clk_i/A (sg13g2_buf_16)
     1    0.025595    0.030873    0.084150    0.087972 ^ delaybuf_0_clk_i/X (sg13g2_buf_16)
                                                         delaynet_0_clk_i (net)
                      0.030895    0.001594    0.089566 ^ delaybuf_1_clk_i/A (sg13g2_buf_16)
     1    0.023706    0.031007    0.096824    0.186389 ^ delaybuf_1_clk_i/X (sg13g2_buf_16)
                                                         delaynet_1_clk_i (net)
                      0.031018    0.001183    0.187572 ^ clkbuf_0_clk_i/A (sg13g2_buf_16)
     1    0.018301    0.029106    0.095384    0.282956 ^ clkbuf_0_clk_i/X (sg13g2_buf_16)
                                                         clknet_0_clk_i (net)
                      0.029106    0.000223    0.283179 ^ clkbuf_1_0__f_clk_i/A (sg13g2_buf_16)
     1    0.003790    0.023734    0.089874    0.373052 ^ clkbuf_1_0__f_clk_i/X (sg13g2_buf_16)
                                                         clknet_1_0__leaf_clk_i (net)
                      0.031646    0.000000    0.373052 ^ u_sram/A_CLK (RM_IHPSG13_1P_1024x32_c2_bm_bist)
                                  0.200000    0.573053   clock uncertainty
                                  0.000000    0.573053   clock reconvergence pessimism
                                  0.770484    1.343537   library hold time
                                              1.343537   data required time
---------------------------------------------------------------------------------------------
                                              1.343537   data required time
                                             -3.000530   data arrival time
---------------------------------------------------------------------------------------------
                                              1.656993   slack (MET)


Startpoint: boot_wdata[2] (input port clocked by clk_i)
Endpoint: u_sram (rising edge-triggered flip-flop clocked by clk_i)
Path Group: clk_i
Path Type: min

Fanout         Cap        Slew       Delay        Time   Description
---------------------------------------------------------------------------------------------
                                  0.000000    0.000000   clock clk_i (rise edge)
                                  0.000000    0.000000   clock network delay (propagated)
                                  0.500000    0.500000 ^ input external delay
     1    0.003949    0.000000    0.000000    0.500000 ^ boot_wdata[2] (in)
                                                         boot_wdata[2] (net)
                      0.000092    0.000046    0.500046 ^ hold667/A (sg13g2_dlygate4sd3_1)
     1    0.002161    0.052368    0.533771    1.033817 ^ hold667/X (sg13g2_dlygate4sd3_1)
                                                         net666 (net)
                      0.052368    0.000012    1.033829 ^ input33/A (sg13g2_buf_1)
     1    0.069350    0.443069    0.386146    1.419975 ^ input33/X (sg13g2_buf_1)
                                                         net33 (net)
                      0.444816    0.022660    1.442635 ^ _609_/B (sg13g2_nand2_1)
     1    0.003424    0.085726    0.179958    1.622592 v _609_/Y (sg13g2_nand2_1)
                                                         _252_ (net)
                      0.085726    0.000037    1.622630 v _610_/B1 (sg13g2_o21ai_1)
     1    0.008763    0.087383    0.107304    1.729933 ^ _610_/Y (sg13g2_o21ai_1)
                                                         sram_din[2] (net)
                      0.087385    0.000338    1.730272 ^ hold668/A (sg13g2_dlygate4sd3_1)
     1    0.008414    0.086336    0.619802    2.350074 ^ hold668/X (sg13g2_dlygate4sd3_1)
                                                         net667 (net)
                      0.086336    0.000310    2.350384 ^ hold486/A (sg13g2_dlygate4sd3_1)
     1    0.014514    0.123248    0.652878    3.003262 ^ hold486/X (sg13g2_dlygate4sd3_1)
                                                         net485 (net)
                      0.164330    0.000000    3.003262 ^ u_sram/A_DIN[2] (RM_IHPSG13_1P_1024x32_c2_bm_bist)
                                              3.003262   data arrival time

                                  0.000000    0.000000   clock clk_i (rise edge)
                                  0.000000    0.000000   clock source latency
     2    0.071915    0.000000    0.000000    0.000000 ^ clk_i (in)
                                                         clk_i (net)
                      0.007642    0.003821    0.003821 ^ delaybuf_0_clk_i/A (sg13g2_buf_16)
     1    0.025595    0.030873    0.084150    0.087972 ^ delaybuf_0_clk_i/X (sg13g2_buf_16)
                                                         delaynet_0_clk_i (net)
                      0.030895    0.001594    0.089566 ^ delaybuf_1_clk_i/A (sg13g2_buf_16)
     1    0.023706    0.031007    0.096824    0.186389 ^ delaybuf_1_clk_i/X (sg13g2_buf_16)
                                                         delaynet_1_clk_i (net)
                      0.031018    0.001183    0.187572 ^ clkbuf_0_clk_i/A (sg13g2_buf_16)
     1    0.018301    0.029106    0.095384    0.282956 ^ clkbuf_0_clk_i/X (sg13g2_buf_16)
                                                         clknet_0_clk_i (net)
                      0.029106    0.000223    0.283179 ^ clkbuf_1_0__f_clk_i/A (sg13g2_buf_16)
     1    0.003790    0.023734    0.089874    0.373052 ^ clkbuf_1_0__f_clk_i/X (sg13g2_buf_16)
                                                         clknet_1_0__leaf_clk_i (net)
                      0.031646    0.000000    0.373052 ^ u_sram/A_CLK (RM_IHPSG13_1P_1024x32_c2_bm_bist)
                                  0.200000    0.573053   clock uncertainty
                                  0.000000    0.573053   clock reconvergence pessimism
                                  0.773090    1.346143   library hold time
                                              1.346143   data required time
---------------------------------------------------------------------------------------------
                                              1.346143   data required time
                                             -3.003262   data arrival time
---------------------------------------------------------------------------------------------
                                              1.657119   slack (MET)


Startpoint: _811_ (rising edge-triggered flip-flop clocked by clk_i)
Endpoint: s_axil_rdata[16] (output port clocked by clk_i)
Path Group: clk_i
Path Type: min

Fanout         Cap        Slew       Delay        Time   Description
---------------------------------------------------------------------------------------------
                                  0.000000    0.000000   clock clk_i (rise edge)
                                  0.000000    0.000000   clock source latency
     2    0.067269    0.000000    0.000000    0.000000 ^ clk_i (in)
                                                         clk_i (net)
                      0.016385    0.008193    0.008193 ^ clkbuf_regs_0_clk_i/A (sg13g2_buf_16)
     1    0.015676    0.027653    0.086298    0.094491 ^ clkbuf_regs_0_clk_i/X (sg13g2_buf_16)
                                                         clk_i_regs (net)
                      0.027653    0.000160    0.094650 ^ clkbuf_0_clk_i_regs/A (sg13g2_buf_16)
    16    0.164023    0.082918    0.132617    0.227268 ^ clkbuf_0_clk_i_regs/X (sg13g2_buf_16)
                                                         clknet_0_clk_i_regs (net)
                      0.085646    0.011803    0.239071 ^ clkbuf_4_9_0_clk_i_regs/A (sg13g2_buf_8)
     7    0.024100    0.040945    0.135571    0.374642 ^ clkbuf_4_9_0_clk_i_regs/X (sg13g2_buf_8)
                                                         clknet_4_9_0_clk_i_regs (net)
                      0.040945    0.000258    0.374900 ^ _811_/CLK (sg13g2_dfrbpq_1)
     2    0.047718    0.249270    0.429680    0.804580 v _811_/Q (sg13g2_dfrbpq_1)
                                                         net162 (net)
                      0.249828    0.009749    0.814329 v output162/A (sg13g2_buf_1)
     1    0.100000    0.511587    0.545586    1.359914 v output162/X (sg13g2_buf_1)
                                                         s_axil_rdata[16] (net)
                      0.511587    0.000000    1.359914 v s_axil_rdata[16] (out)
                                              1.359914   data arrival time

                                  0.000000    0.000000   clock clk_i (rise edge)
                                  0.000000    0.000000   clock network delay (propagated)
                                  0.200000    0.200000   clock uncertainty
                                  0.000000    0.200000   clock reconvergence pessimism
                                 -0.500000   -0.300000   output external delay
                                             -0.300000   data required time
---------------------------------------------------------------------------------------------
                                             -0.300000   data required time
                                             -1.359914   data arrival time
---------------------------------------------------------------------------------------------
                                              1.659914   slack (MET)


Startpoint: _840_ (rising edge-triggered flip-flop clocked by clk_i)
Endpoint: s_axil_arready (output port clocked by clk_i)
Path Group: clk_i
Path Type: min

Fanout         Cap        Slew       Delay        Time   Description
---------------------------------------------------------------------------------------------
                                  0.000000    0.000000   clock clk_i (rise edge)
                                  0.000000    0.000000   clock source latency
     2    0.067269    0.000000    0.000000    0.000000 ^ clk_i (in)
                                                         clk_i (net)
                      0.016385    0.008193    0.008193 ^ clkbuf_regs_0_clk_i/A (sg13g2_buf_16)
     1    0.015676    0.027653    0.086298    0.094491 ^ clkbuf_regs_0_clk_i/X (sg13g2_buf_16)
                                                         clk_i_regs (net)
                      0.027653    0.000160    0.094650 ^ clkbuf_0_clk_i_regs/A (sg13g2_buf_16)
    16    0.164023    0.082918    0.132617    0.227268 ^ clkbuf_0_clk_i_regs/X (sg13g2_buf_16)
                                                         clknet_0_clk_i_regs (net)
                      0.083563    0.005860    0.233128 ^ clkbuf_4_6_0_clk_i_regs/A (sg13g2_buf_8)
     7    0.032439    0.046454    0.139214    0.372342 ^ clkbuf_4_6_0_clk_i_regs/X (sg13g2_buf_8)
                                                         clknet_4_6_0_clk_i_regs (net)
                      0.046462    0.000291    0.372633 ^ _840_/CLK (sg13g2_dfrbpq_1)
     3    0.008002    0.065707    0.289322    0.661955 ^ _840_/Q (sg13g2_dfrbpq_1)
                                                         w_pending_q (net)
                      0.065707    0.000056    0.662011 ^ _597_/B (sg13g2_nor3_1)
     1    0.031535    0.166308    0.177686    0.839697 v _597_/Y (sg13g2_nor3_1)
                                                         net150 (net)
                      0.166470    0.004275    0.843972 v output150/A (sg13g2_buf_1)
     1    0.100000    0.511457    0.520210    1.364182 v output150/X (sg13g2_buf_1)
                                                         s_axil_arready (net)
                      0.511457    0.000000    1.364182 v s_axil_arready (out)
                                              1.364182   data arrival time

                                  0.000000    0.000000   clock clk_i (rise edge)
                                  0.000000    0.000000   clock network delay (propagated)
                                  0.200000    0.200000   clock uncertainty
                                  0.000000    0.200000   clock reconvergence pessimism
                                 -0.500000   -0.300000   output external delay
                                             -0.300000   data required time
---------------------------------------------------------------------------------------------
                                             -0.300000   data required time
                                             -1.364182   data arrival time
---------------------------------------------------------------------------------------------
                                              1.664182   slack (MET)


Startpoint: _814_ (rising edge-triggered flip-flop clocked by clk_i)
Endpoint: s_axil_rdata[19] (output port clocked by clk_i)
Path Group: clk_i
Path Type: min

Fanout         Cap        Slew       Delay        Time   Description
---------------------------------------------------------------------------------------------
                                  0.000000    0.000000   clock clk_i (rise edge)
                                  0.000000    0.000000   clock source latency
     2    0.067269    0.000000    0.000000    0.000000 ^ clk_i (in)
                                                         clk_i (net)
                      0.016385    0.008193    0.008193 ^ clkbuf_regs_0_clk_i/A (sg13g2_buf_16)
     1    0.015676    0.027653    0.086298    0.094491 ^ clkbuf_regs_0_clk_i/X (sg13g2_buf_16)
                                                         clk_i_regs (net)
                      0.027653    0.000160    0.094650 ^ clkbuf_0_clk_i_regs/A (sg13g2_buf_16)
    16    0.164023    0.082918    0.132617    0.227268 ^ clkbuf_0_clk_i_regs/X (sg13g2_buf_16)
                                                         clknet_0_clk_i_regs (net)
                      0.085933    0.012415    0.239683 ^ clkbuf_4_12_0_clk_i_regs/A (sg13g2_buf_8)
     7    0.024586    0.041280    0.136013    0.375696 ^ clkbuf_4_12_0_clk_i_regs/X (sg13g2_buf_8)
                                                         clknet_4_12_0_clk_i_regs (net)
                      0.041280    0.000153    0.375849 ^ _814_/CLK (sg13g2_dfrbpq_1)
     2    0.048307    0.252210    0.431928    0.807777 v _814_/Q (sg13g2_dfrbpq_1)
                                                         net165 (net)
                      0.252795    0.010042    0.817819 v output165/A (sg13g2_buf_1)
     1    0.100000    0.511592    0.546460    1.364280 v output165/X (sg13g2_buf_1)
                                                         s_axil_rdata[19] (net)
                      0.511592    0.000000    1.364280 v s_axil_rdata[19] (out)
                                              1.364280   data arrival time

                                  0.000000    0.000000   clock clk_i (rise edge)
                                  0.000000    0.000000   clock network delay (propagated)
                                  0.200000    0.200000   clock uncertainty
                                  0.000000    0.200000   clock reconvergence pessimism
                                 -0.500000   -0.300000   output external delay
                                             -0.300000   data required time
---------------------------------------------------------------------------------------------
                                             -0.300000   data required time
                                             -1.364280   data arrival time
---------------------------------------------------------------------------------------------
                                              1.664280   slack (MET)


Startpoint: _813_ (rising edge-triggered flip-flop clocked by clk_i)
Endpoint: s_axil_rdata[18] (output port clocked by clk_i)
Path Group: clk_i
Path Type: min

Fanout         Cap        Slew       Delay        Time   Description
---------------------------------------------------------------------------------------------
                                  0.000000    0.000000   clock clk_i (rise edge)
                                  0.000000    0.000000   clock source latency
     2    0.067269    0.000000    0.000000    0.000000 ^ clk_i (in)
                                                         clk_i (net)
                      0.016385    0.008193    0.008193 ^ clkbuf_regs_0_clk_i/A (sg13g2_buf_16)
     1    0.015676    0.027653    0.086298    0.094491 ^ clkbuf_regs_0_clk_i/X (sg13g2_buf_16)
                                                         clk_i_regs (net)
                      0.027653    0.000160    0.094650 ^ clkbuf_0_clk_i_regs/A (sg13g2_buf_16)
    16    0.164023    0.082918    0.132617    0.227268 ^ clkbuf_0_clk_i_regs/X (sg13g2_buf_16)
                                                         clknet_0_clk_i_regs (net)
                      0.085646    0.011803    0.239071 ^ clkbuf_4_9_0_clk_i_regs/A (sg13g2_buf_8)
     7    0.024100    0.040945    0.135571    0.374642 ^ clkbuf_4_9_0_clk_i_regs/X (sg13g2_buf_8)
                                                         clknet_4_9_0_clk_i_regs (net)
                      0.040945    0.000154    0.374797 ^ _813_/CLK (sg13g2_dfrbpq_1)
     2    0.050404    0.262660    0.439378    0.814174 v _813_/Q (sg13g2_dfrbpq_1)
                                                         net164 (net)
                      0.263284    0.010585    0.824760 v output164/A (sg13g2_buf_1)
     1    0.100000    0.511610    0.549553    1.374312 v output164/X (sg13g2_buf_1)
                                                         s_axil_rdata[18] (net)
                      0.511610    0.000000    1.374312 v s_axil_rdata[18] (out)
                                              1.374312   data arrival time

                                  0.000000    0.000000   clock clk_i (rise edge)
                                  0.000000    0.000000   clock network delay (propagated)
                                  0.200000    0.200000   clock uncertainty
                                  0.000000    0.200000   clock reconvergence pessimism
                                 -0.500000   -0.300000   output external delay
                                             -0.300000   data required time
---------------------------------------------------------------------------------------------
                                             -0.300000   data required time
                                             -1.374312   data arrival time
---------------------------------------------------------------------------------------------
                                              1.674312   slack (MET)


Startpoint: _812_ (rising edge-triggered flip-flop clocked by clk_i)
Endpoint: s_axil_rdata[17] (output port clocked by clk_i)
Path Group: clk_i
Path Type: min

Fanout         Cap        Slew       Delay        Time   Description
---------------------------------------------------------------------------------------------
                                  0.000000    0.000000   clock clk_i (rise edge)
                                  0.000000    0.000000   clock source latency
     2    0.067269    0.000000    0.000000    0.000000 ^ clk_i (in)
                                                         clk_i (net)
                      0.016385    0.008193    0.008193 ^ clkbuf_regs_0_clk_i/A (sg13g2_buf_16)
     1    0.015676    0.027653    0.086298    0.094491 ^ clkbuf_regs_0_clk_i/X (sg13g2_buf_16)
                                                         clk_i_regs (net)
                      0.027653    0.000160    0.094650 ^ clkbuf_0_clk_i_regs/A (sg13g2_buf_16)
    16    0.164023    0.082918    0.132617    0.227268 ^ clkbuf_0_clk_i_regs/X (sg13g2_buf_16)
                                                         clknet_0_clk_i_regs (net)
                      0.085646    0.011803    0.239071 ^ clkbuf_4_9_0_clk_i_regs/A (sg13g2_buf_8)
     7    0.024100    0.040945    0.135571    0.374642 ^ clkbuf_4_9_0_clk_i_regs/X (sg13g2_buf_8)
                                                         clknet_4_9_0_clk_i_regs (net)
                      0.040945    0.000274    0.374916 ^ _812_/CLK (sg13g2_dfrbpq_1)
     2    0.051152    0.266395    0.441892    0.816808 v _812_/Q (sg13g2_dfrbpq_1)
                                                         net163 (net)
                      0.267071    0.011091    0.827898 v output163/A (sg13g2_buf_1)
     1    0.100000    0.511616    0.550669    1.378568 v output163/X (sg13g2_buf_1)
                                                         s_axil_rdata[17] (net)
                      0.511616    0.000000    1.378568 v s_axil_rdata[17] (out)
                                              1.378568   data arrival time

                                  0.000000    0.000000   clock clk_i (rise edge)
                                  0.000000    0.000000   clock network delay (propagated)
                                  0.200000    0.200000   clock uncertainty
                                  0.000000    0.200000   clock reconvergence pessimism
                                 -0.500000   -0.300000   output external delay
                                             -0.300000   data required time
---------------------------------------------------------------------------------------------
                                             -0.300000   data required time
                                             -1.378568   data arrival time
---------------------------------------------------------------------------------------------
                                              1.678568   slack (MET)


Startpoint: _829_ (rising edge-triggered flip-flop clocked by clk_i)
Endpoint: s_axil_awready (output port clocked by clk_i)
Path Group: clk_i
Path Type: min

Fanout         Cap        Slew       Delay        Time   Description
---------------------------------------------------------------------------------------------
                                  0.000000    0.000000   clock clk_i (rise edge)
                                  0.000000    0.000000   clock source latency
     2    0.067269    0.000000    0.000000    0.000000 ^ clk_i (in)
                                                         clk_i (net)
                      0.016385    0.008193    0.008193 ^ clkbuf_regs_0_clk_i/A (sg13g2_buf_16)
     1    0.015676    0.027653    0.086298    0.094491 ^ clkbuf_regs_0_clk_i/X (sg13g2_buf_16)
                                                         clk_i_regs (net)
                      0.027653    0.000160    0.094650 ^ clkbuf_0_clk_i_regs/A (sg13g2_buf_16)
    16    0.164023    0.082918    0.132617    0.227268 ^ clkbuf_0_clk_i_regs/X (sg13g2_buf_16)
                                                         clknet_0_clk_i_regs (net)
                      0.084160    0.008002    0.235270 ^ clkbuf_4_2_0_clk_i_regs/A (sg13g2_buf_8)
     7    0.031812    0.046085    0.139297    0.374567 ^ clkbuf_4_2_0_clk_i_regs/X (sg13g2_buf_8)
                                                         clknet_4_2_0_clk_i_regs (net)
                      0.046091    0.000934    0.375500 ^ _829_/CLK (sg13g2_dfrbpq_1)
     3    0.008857    0.070697    0.293007    0.668507 ^ _829_/Q (sg13g2_dfrbpq_1)
                                                         aw_pending_q (net)
                      0.070697    0.000068    0.668575 ^ _596_/A (sg13g2_nor2_1)
     2    0.033590    0.179570    0.190183    0.858758 v _596_/Y (sg13g2_nor2_1)
                                                         net151 (net)
                      0.179652    0.003193    0.861952 v output151/A (sg13g2_buf_1)
     1    0.100000    0.511470    0.524897    1.386849 v output151/X (sg13g2_buf_1)
                                                         s_axil_awready (net)
                      0.511470    0.000000    1.386849 v s_axil_awready (out)
                                              1.386849   data arrival time

                                  0.000000    0.000000   clock clk_i (rise edge)
                                  0.000000    0.000000   clock network delay (propagated)
                                  0.200000    0.200000   clock uncertainty
                                  0.000000    0.200000   clock reconvergence pessimism
                                 -0.500000   -0.300000   output external delay
                                             -0.300000   data required time
---------------------------------------------------------------------------------------------
                                             -0.300000   data required time
                                             -1.386849   data arrival time
---------------------------------------------------------------------------------------------
                                              1.686849   slack (MET)


Startpoint: _815_ (rising edge-triggered flip-flop clocked by clk_i)
Endpoint: s_axil_rdata[20] (output port clocked by clk_i)
Path Group: clk_i
Path Type: min

Fanout         Cap        Slew       Delay        Time   Description
---------------------------------------------------------------------------------------------
                                  0.000000    0.000000   clock clk_i (rise edge)
                                  0.000000    0.000000   clock source latency
     2    0.067269    0.000000    0.000000    0.000000 ^ clk_i (in)
                                                         clk_i (net)
                      0.016385    0.008193    0.008193 ^ clkbuf_regs_0_clk_i/A (sg13g2_buf_16)
     1    0.015676    0.027653    0.086298    0.094491 ^ clkbuf_regs_0_clk_i/X (sg13g2_buf_16)
                                                         clk_i_regs (net)
                      0.027653    0.000160    0.094650 ^ clkbuf_0_clk_i_regs/A (sg13g2_buf_16)
    16    0.164023    0.082918    0.132617    0.227268 ^ clkbuf_0_clk_i_regs/X (sg13g2_buf_16)
                                                         clknet_0_clk_i_regs (net)
                      0.085601    0.011706    0.238973 ^ clkbuf_4_8_0_clk_i_regs/A (sg13g2_buf_8)
     7    0.031979    0.046242    0.140215    0.379188 ^ clkbuf_4_8_0_clk_i_regs/X (sg13g2_buf_8)
                                                         clknet_4_8_0_clk_i_regs (net)
                      0.046243    0.000342    0.379530 ^ _815_/CLK (sg13g2_dfrbpq_1)
     2    0.054003    0.280643    0.454832    0.834361 v _815_/Q (sg13g2_dfrbpq_1)
                                                         net167 (net)
                      0.281460    0.012502    0.846863 v output167/A (sg13g2_buf_1)
     1    0.100000    0.511640    0.554911    1.401774 v output167/X (sg13g2_buf_1)
                                                         s_axil_rdata[20] (net)
                      0.511640    0.000000    1.401774 v s_axil_rdata[20] (out)
                                              1.401774   data arrival time

                                  0.000000    0.000000   clock clk_i (rise edge)
                                  0.000000    0.000000   clock network delay (propagated)
                                  0.200000    0.200000   clock uncertainty
                                  0.000000    0.200000   clock reconvergence pessimism
                                 -0.500000   -0.300000   output external delay
                                             -0.300000   data required time
---------------------------------------------------------------------------------------------
                                             -0.300000   data required time
                                             -1.401774   data arrival time
---------------------------------------------------------------------------------------------
                                              1.701774   slack (MET)


Startpoint: _817_ (rising edge-triggered flip-flop clocked by clk_i)
Endpoint: s_axil_rdata[22] (output port clocked by clk_i)
Path Group: clk_i
Path Type: min

Fanout         Cap        Slew       Delay        Time   Description
---------------------------------------------------------------------------------------------
                                  0.000000    0.000000   clock clk_i (rise edge)
                                  0.000000    0.000000   clock source latency
     2    0.067269    0.000000    0.000000    0.000000 ^ clk_i (in)
                                                         clk_i (net)
                      0.016385    0.008193    0.008193 ^ clkbuf_regs_0_clk_i/A (sg13g2_buf_16)
     1    0.015676    0.027653    0.086298    0.094491 ^ clkbuf_regs_0_clk_i/X (sg13g2_buf_16)
                                                         clk_i_regs (net)
                      0.027653    0.000160    0.094650 ^ clkbuf_0_clk_i_regs/A (sg13g2_buf_16)
    16    0.164023    0.082918    0.132617    0.227268 ^ clkbuf_0_clk_i_regs/X (sg13g2_buf_16)
                                                         clknet_0_clk_i_regs (net)
                      0.085933    0.012415    0.239683 ^ clkbuf_4_12_0_clk_i_regs/A (sg13g2_buf_8)
     7    0.024586    0.041280    0.136013    0.375696 ^ clkbuf_4_12_0_clk_i_regs/X (sg13g2_buf_8)
                                                         clknet_4_12_0_clk_i_regs (net)
                      0.041280    0.000309    0.376005 ^ _817_/CLK (sg13g2_dfrbpq_1)
     2    0.057082    0.295978    0.462787    0.838792 v _817_/Q (sg13g2_dfrbpq_1)
                                                         net169 (net)
                      0.296943    0.013940    0.852732 v output169/A (sg13g2_buf_1)
     1    0.100000    0.511666    0.559476    1.412207 v output169/X (sg13g2_buf_1)
                                                         s_axil_rdata[22] (net)
                      0.511666    0.000000    1.412207 v s_axil_rdata[22] (out)
                                              1.412207   data arrival time

                                  0.000000    0.000000   clock clk_i (rise edge)
                                  0.000000    0.000000   clock network delay (propagated)
                                  0.200000    0.200000   clock uncertainty
                                  0.000000    0.200000   clock reconvergence pessimism
                                 -0.500000   -0.300000   output external delay
                                             -0.300000   data required time
---------------------------------------------------------------------------------------------
                                             -0.300000   data required time
                                             -1.412207   data arrival time
---------------------------------------------------------------------------------------------
                                              1.712208   slack (MET)


Startpoint: _819_ (rising edge-triggered flip-flop clocked by clk_i)
Endpoint: s_axil_rdata[24] (output port clocked by clk_i)
Path Group: clk_i
Path Type: min

Fanout         Cap        Slew       Delay        Time   Description
---------------------------------------------------------------------------------------------
                                  0.000000    0.000000   clock clk_i (rise edge)
                                  0.000000    0.000000   clock source latency
     2    0.067269    0.000000    0.000000    0.000000 ^ clk_i (in)
                                                         clk_i (net)
                      0.016385    0.008193    0.008193 ^ clkbuf_regs_0_clk_i/A (sg13g2_buf_16)
     1    0.015676    0.027653    0.086298    0.094491 ^ clkbuf_regs_0_clk_i/X (sg13g2_buf_16)
                                                         clk_i_regs (net)
                      0.027653    0.000160    0.094650 ^ clkbuf_0_clk_i_regs/A (sg13g2_buf_16)
    16    0.164023    0.082918    0.132617    0.227268 ^ clkbuf_0_clk_i_regs/X (sg13g2_buf_16)
                                                         clknet_0_clk_i_regs (net)
                      0.085880    0.012305    0.239572 ^ clkbuf_4_13_0_clk_i_regs/A (sg13g2_buf_8)
     7    0.025146    0.041647    0.136263    0.375835 ^ clkbuf_4_13_0_clk_i_regs/X (sg13g2_buf_8)
                                                         clknet_4_13_0_clk_i_regs (net)
                      0.041647    0.000325    0.376160 ^ _819_/CLK (sg13g2_dfrbpq_1)
     2    0.057201    0.296567    0.463542    0.839702 v _819_/Q (sg13g2_dfrbpq_1)
                                                         net171 (net)
                      0.297514    0.013827    0.853529 v output171/A (sg13g2_buf_1)
     1    0.100000    0.511667    0.559644    1.413173 v output171/X (sg13g2_buf_1)
                                                         s_axil_rdata[24] (net)
                      0.511667    0.000000    1.413173 v s_axil_rdata[24] (out)
                                              1.413173   data arrival time

                                  0.000000    0.000000   clock clk_i (rise edge)
                                  0.000000    0.000000   clock network delay (propagated)
                                  0.200000    0.200000   clock uncertainty
                                  0.000000    0.200000   clock reconvergence pessimism
                                 -0.500000   -0.300000   output external delay
                                             -0.300000   data required time
---------------------------------------------------------------------------------------------
                                             -0.300000   data required time
                                             -1.413173   data arrival time
---------------------------------------------------------------------------------------------
                                              1.713173   slack (MET)


Startpoint: _816_ (rising edge-triggered flip-flop clocked by clk_i)
Endpoint: s_axil_rdata[21] (output port clocked by clk_i)
Path Group: clk_i
Path Type: min

Fanout         Cap        Slew       Delay        Time   Description
---------------------------------------------------------------------------------------------
                                  0.000000    0.000000   clock clk_i (rise edge)
                                  0.000000    0.000000   clock source latency
     2    0.067269    0.000000    0.000000    0.000000 ^ clk_i (in)
                                                         clk_i (net)
                      0.016385    0.008193    0.008193 ^ clkbuf_regs_0_clk_i/A (sg13g2_buf_16)
     1    0.015676    0.027653    0.086298    0.094491 ^ clkbuf_regs_0_clk_i/X (sg13g2_buf_16)
                                                         clk_i_regs (net)
                      0.027653    0.000160    0.094650 ^ clkbuf_0_clk_i_regs/A (sg13g2_buf_16)
    16    0.164023    0.082918    0.132617    0.227268 ^ clkbuf_0_clk_i_regs/X (sg13g2_buf_16)
                                                         clknet_0_clk_i_regs (net)
                      0.085601    0.011706    0.238973 ^ clkbuf_4_8_0_clk_i_regs/A (sg13g2_buf_8)
     7    0.031979    0.046242    0.140215    0.379188 ^ clkbuf_4_8_0_clk_i_regs/X (sg13g2_buf_8)
                                                         clknet_4_8_0_clk_i_regs (net)
                      0.046243    0.000375    0.379563 ^ _816_/CLK (sg13g2_dfrbpq_1)
     2    0.056925    0.295214    0.465021    0.844584 v _816_/Q (sg13g2_dfrbpq_1)
                                                         net168 (net)
                      0.296179    0.013919    0.858503 v output168/A (sg13g2_buf_1)
     1    0.100000    0.511664    0.559251    1.417754 v output168/X (sg13g2_buf_1)
                                                         s_axil_rdata[21] (net)
                      0.511664    0.000000    1.417754 v s_axil_rdata[21] (out)
                                              1.417754   data arrival time

                                  0.000000    0.000000   clock clk_i (rise edge)
                                  0.000000    0.000000   clock network delay (propagated)
                                  0.200000    0.200000   clock uncertainty
                                  0.000000    0.200000   clock reconvergence pessimism
                                 -0.500000   -0.300000   output external delay
                                             -0.300000   data required time
---------------------------------------------------------------------------------------------
                                             -0.300000   data required time
                                             -1.417754   data arrival time
---------------------------------------------------------------------------------------------
                                              1.717754   slack (MET)


Startpoint: _818_ (rising edge-triggered flip-flop clocked by clk_i)
Endpoint: s_axil_rdata[23] (output port clocked by clk_i)
Path Group: clk_i
Path Type: min

Fanout         Cap        Slew       Delay        Time   Description
---------------------------------------------------------------------------------------------
                                  0.000000    0.000000   clock clk_i (rise edge)
                                  0.000000    0.000000   clock source latency
     2    0.067269    0.000000    0.000000    0.000000 ^ clk_i (in)
                                                         clk_i (net)
                      0.016385    0.008193    0.008193 ^ clkbuf_regs_0_clk_i/A (sg13g2_buf_16)
     1    0.015676    0.027653    0.086298    0.094491 ^ clkbuf_regs_0_clk_i/X (sg13g2_buf_16)
                                                         clk_i_regs (net)
                      0.027653    0.000160    0.094650 ^ clkbuf_0_clk_i_regs/A (sg13g2_buf_16)
    16    0.164023    0.082918    0.132617    0.227268 ^ clkbuf_0_clk_i_regs/X (sg13g2_buf_16)
                                                         clknet_0_clk_i_regs (net)
                      0.085601    0.011706    0.238973 ^ clkbuf_4_8_0_clk_i_regs/A (sg13g2_buf_8)
     7    0.031979    0.046242    0.140215    0.379188 ^ clkbuf_4_8_0_clk_i_regs/X (sg13g2_buf_8)
                                                         clknet_4_8_0_clk_i_regs (net)
                      0.046242    0.000121    0.379309 ^ _818_/CLK (sg13g2_dfrbpq_1)
     2    0.057066    0.295924    0.465334    0.844644 v _818_/Q (sg13g2_dfrbpq_1)
                                                         net170 (net)
                      0.296930    0.014223    0.858867 v output170/A (sg13g2_buf_1)
     1    0.100000    0.511666    0.559472    1.418339 v output170/X (sg13g2_buf_1)
                                                         s_axil_rdata[23] (net)
                      0.511666    0.000000    1.418339 v s_axil_rdata[23] (out)
                                              1.418339   data arrival time

                                  0.000000    0.000000   clock clk_i (rise edge)
                                  0.000000    0.000000   clock network delay (propagated)
                                  0.200000    0.200000   clock uncertainty
                                  0.000000    0.200000   clock reconvergence pessimism
                                 -0.500000   -0.300000   output external delay
                                             -0.300000   data required time
---------------------------------------------------------------------------------------------
                                             -0.300000   data required time
                                             -1.418339   data arrival time
---------------------------------------------------------------------------------------------
                                              1.718339   slack (MET)


Startpoint: _820_ (rising edge-triggered flip-flop clocked by clk_i)
Endpoint: s_axil_rdata[25] (output port clocked by clk_i)
Path Group: clk_i
Path Type: min

Fanout         Cap        Slew       Delay        Time   Description
---------------------------------------------------------------------------------------------
                                  0.000000    0.000000   clock clk_i (rise edge)
                                  0.000000    0.000000   clock source latency
     2    0.067269    0.000000    0.000000    0.000000 ^ clk_i (in)
                                                         clk_i (net)
                      0.016385    0.008193    0.008193 ^ clkbuf_regs_0_clk_i/A (sg13g2_buf_16)
     1    0.015676    0.027653    0.086298    0.094491 ^ clkbuf_regs_0_clk_i/X (sg13g2_buf_16)
                                                         clk_i_regs (net)
                      0.027653    0.000160    0.094650 ^ clkbuf_0_clk_i_regs/A (sg13g2_buf_16)
    16    0.164023    0.082918    0.132617    0.227268 ^ clkbuf_0_clk_i_regs/X (sg13g2_buf_16)
                                                         clknet_0_clk_i_regs (net)
                      0.085933    0.012415    0.239683 ^ clkbuf_4_12_0_clk_i_regs/A (sg13g2_buf_8)
     7    0.024586    0.041280    0.136013    0.375696 ^ clkbuf_4_12_0_clk_i_regs/X (sg13g2_buf_8)
                                                         clknet_4_12_0_clk_i_regs (net)
                      0.041280    0.000361    0.376057 ^ _820_/CLK (sg13g2_dfrbpq_1)
     2    0.062812    0.324569    0.482950    0.859006 v _820_/Q (sg13g2_dfrbpq_1)
                                                         net172 (net)
                      0.325797    0.016447    0.875453 v output172/A (sg13g2_buf_1)
     1    0.100000    0.511714    0.567982    1.443436 v output172/X (sg13g2_buf_1)
                                                         s_axil_rdata[25] (net)
                      0.511714    0.000000    1.443436 v s_axil_rdata[25] (out)
                                              1.443436   data arrival time

                                  0.000000    0.000000   clock clk_i (rise edge)
                                  0.000000    0.000000   clock network delay (propagated)
                                  0.200000    0.200000   clock uncertainty
                                  0.000000    0.200000   clock reconvergence pessimism
                                 -0.500000   -0.300000   output external delay
                                             -0.300000   data required time
---------------------------------------------------------------------------------------------
                                             -0.300000   data required time
                                             -1.443436   data arrival time
---------------------------------------------------------------------------------------------
                                              1.743436   slack (MET)


Startpoint: _822_ (rising edge-triggered flip-flop clocked by clk_i)
Endpoint: s_axil_rdata[27] (output port clocked by clk_i)
Path Group: clk_i
Path Type: min

Fanout         Cap        Slew       Delay        Time   Description
---------------------------------------------------------------------------------------------
                                  0.000000    0.000000   clock clk_i (rise edge)
                                  0.000000    0.000000   clock source latency
     2    0.067269    0.000000    0.000000    0.000000 ^ clk_i (in)
                                                         clk_i (net)
                      0.016385    0.008193    0.008193 ^ clkbuf_regs_0_clk_i/A (sg13g2_buf_16)
     1    0.015676    0.027653    0.086298    0.094491 ^ clkbuf_regs_0_clk_i/X (sg13g2_buf_16)
                                                         clk_i_regs (net)
                      0.027653    0.000160    0.094650 ^ clkbuf_0_clk_i_regs/A (sg13g2_buf_16)
    16    0.164023    0.082918    0.132617    0.227268 ^ clkbuf_0_clk_i_regs/X (sg13g2_buf_16)
                                                         clknet_0_clk_i_regs (net)
                      0.085933    0.012415    0.239683 ^ clkbuf_4_12_0_clk_i_regs/A (sg13g2_buf_8)
     7    0.024586    0.041280    0.136013    0.375696 ^ clkbuf_4_12_0_clk_i_regs/X (sg13g2_buf_8)
                                                         clknet_4_12_0_clk_i_regs (net)
                      0.041280    0.000147    0.375843 ^ _822_/CLK (sg13g2_dfrbpq_1)
     2    0.064117    0.331035    0.487479    0.863322 v _822_/Q (sg13g2_dfrbpq_1)
                                                         net174 (net)
                      0.332346    0.017148    0.880470 v output174/A (sg13g2_buf_1)
     1    0.100000    0.511740    0.569632    1.450103 v output174/X (sg13g2_buf_1)
                                                         s_axil_rdata[27] (net)
                      0.511740    0.000000    1.450103 v s_axil_rdata[27] (out)
                                              1.450103   data arrival time

                                  0.000000    0.000000   clock clk_i (rise edge)
                                  0.000000    0.000000   clock network delay (propagated)
                                  0.200000    0.200000   clock uncertainty
                                  0.000000    0.200000   clock reconvergence pessimism
                                 -0.500000   -0.300000   output external delay
                                             -0.300000   data required time
---------------------------------------------------------------------------------------------
                                             -0.300000   data required time
                                             -1.450103   data arrival time
---------------------------------------------------------------------------------------------
                                              1.750103   slack (MET)


Startpoint: _821_ (rising edge-triggered flip-flop clocked by clk_i)
Endpoint: s_axil_rdata[26] (output port clocked by clk_i)
Path Group: clk_i
Path Type: min

Fanout         Cap        Slew       Delay        Time   Description
---------------------------------------------------------------------------------------------
                                  0.000000    0.000000   clock clk_i (rise edge)
                                  0.000000    0.000000   clock source latency
     2    0.067269    0.000000    0.000000    0.000000 ^ clk_i (in)
                                                         clk_i (net)
                      0.016385    0.008193    0.008193 ^ clkbuf_regs_0_clk_i/A (sg13g2_buf_16)
     1    0.015676    0.027653    0.086298    0.094491 ^ clkbuf_regs_0_clk_i/X (sg13g2_buf_16)
                                                         clk_i_regs (net)
                      0.027653    0.000160    0.094650 ^ clkbuf_0_clk_i_regs/A (sg13g2_buf_16)
    16    0.164023    0.082918    0.132617    0.227268 ^ clkbuf_0_clk_i_regs/X (sg13g2_buf_16)
                                                         clknet_0_clk_i_regs (net)
                      0.085646    0.011803    0.239071 ^ clkbuf_4_9_0_clk_i_regs/A (sg13g2_buf_8)
     7    0.024100    0.040945    0.135571    0.374642 ^ clkbuf_4_9_0_clk_i_regs/X (sg13g2_buf_8)
                                                         clknet_4_9_0_clk_i_regs (net)
                      0.040945    0.000182    0.374824 ^ _821_/CLK (sg13g2_dfrbpq_1)
     2    0.065034    0.335503    0.490518    0.865343 v _821_/Q (sg13g2_dfrbpq_1)
                                                         net173 (net)
                      0.336864    0.017581    0.882924 v output173/A (sg13g2_buf_1)
     1    0.100000    0.511772    0.570534    1.453458 v output173/X (sg13g2_buf_1)
                                                         s_axil_rdata[26] (net)
                      0.511772    0.000000    1.453458 v s_axil_rdata[26] (out)
                                              1.453458   data arrival time

                                  0.000000    0.000000   clock clk_i (rise edge)
                                  0.000000    0.000000   clock network delay (propagated)
                                  0.200000    0.200000   clock uncertainty
                                  0.000000    0.200000   clock reconvergence pessimism
                                 -0.500000   -0.300000   output external delay
                                             -0.300000   data required time
---------------------------------------------------------------------------------------------
                                             -0.300000   data required time
                                             -1.453458   data arrival time
---------------------------------------------------------------------------------------------
                                              1.753458   slack (MET)


Startpoint: _823_ (rising edge-triggered flip-flop clocked by clk_i)
Endpoint: s_axil_rdata[28] (output port clocked by clk_i)
Path Group: clk_i
Path Type: min

Fanout         Cap        Slew       Delay        Time   Description
---------------------------------------------------------------------------------------------
                                  0.000000    0.000000   clock clk_i (rise edge)
                                  0.000000    0.000000   clock source latency
     2    0.067269    0.000000    0.000000    0.000000 ^ clk_i (in)
                                                         clk_i (net)
                      0.016385    0.008193    0.008193 ^ clkbuf_regs_0_clk_i/A (sg13g2_buf_16)
     1    0.015676    0.027653    0.086298    0.094491 ^ clkbuf_regs_0_clk_i/X (sg13g2_buf_16)
                                                         clk_i_regs (net)
                      0.027653    0.000160    0.094650 ^ clkbuf_0_clk_i_regs/A (sg13g2_buf_16)
    16    0.164023    0.082918    0.132617    0.227268 ^ clkbuf_0_clk_i_regs/X (sg13g2_buf_16)
                                                         clknet_0_clk_i_regs (net)
                      0.085880    0.012305    0.239572 ^ clkbuf_4_13_0_clk_i_regs/A (sg13g2_buf_8)
     7    0.025146    0.041647    0.136263    0.375835 ^ clkbuf_4_13_0_clk_i_regs/X (sg13g2_buf_8)
                                                         clknet_4_13_0_clk_i_regs (net)
                      0.041647    0.000251    0.376086 ^ _823_/CLK (sg13g2_dfrbpq_1)
     2    0.065678    0.338701    0.493346    0.869432 v _823_/Q (sg13g2_dfrbpq_1)
                                                         net175 (net)
                      0.340072    0.017730    0.887162 v output175/A (sg13g2_buf_1)
     1    0.100000    0.511794    0.571174    1.458336 v output175/X (sg13g2_buf_1)
                                                         s_axil_rdata[28] (net)
                      0.511794    0.000000    1.458336 v s_axil_rdata[28] (out)
                                              1.458336   data arrival time

                                  0.000000    0.000000   clock clk_i (rise edge)
                                  0.000000    0.000000   clock network delay (propagated)
                                  0.200000    0.200000   clock uncertainty
                                  0.000000    0.200000   clock reconvergence pessimism
                                 -0.500000   -0.300000   output external delay
                                             -0.300000   data required time
---------------------------------------------------------------------------------------------
                                             -0.300000   data required time
                                             -1.458336   data arrival time
---------------------------------------------------------------------------------------------
                                              1.758336   slack (MET)


Startpoint: _872_ (rising edge-triggered flip-flop clocked by clk_i)
Endpoint: u_sram (rising edge-triggered flip-flop clocked by clk_i)
Path Group: clk_i
Path Type: min

Fanout         Cap        Slew       Delay        Time   Description
---------------------------------------------------------------------------------------------
                                  0.000000    0.000000   clock clk_i (rise edge)
                                  0.000000    0.000000   clock source latency
     2    0.067269    0.000000    0.000000    0.000000 ^ clk_i (in)
                                                         clk_i (net)
                      0.016385    0.008193    0.008193 ^ clkbuf_regs_0_clk_i/A (sg13g2_buf_16)
     1    0.015676    0.027653    0.086298    0.094491 ^ clkbuf_regs_0_clk_i/X (sg13g2_buf_16)
                                                         clk_i_regs (net)
                      0.027653    0.000160    0.094650 ^ clkbuf_0_clk_i_regs/A (sg13g2_buf_16)
    16    0.164023    0.082918    0.132617    0.227268 ^ clkbuf_0_clk_i_regs/X (sg13g2_buf_16)
                                                         clknet_0_clk_i_regs (net)
                      0.084784    0.009764    0.237032 ^ clkbuf_4_11_0_clk_i_regs/A (sg13g2_buf_8)
     7    0.030469    0.045168    0.138708    0.375740 ^ clkbuf_4_11_0_clk_i_regs/X (sg13g2_buf_8)
                                                         clknet_4_11_0_clk_i_regs (net)
                      0.045179    0.000859    0.376598 ^ _872_/CLK (sg13g2_dfrbpq_1)
     1    0.002591    0.035297    0.263903    0.640501 ^ _872_/Q (sg13g2_dfrbpq_1)
                                                         wdata_q[31] (net)
                      0.035297    0.000030    0.640532 ^ hold330/A (sg13g2_dlygate4sd3_1)
     2    0.007886    0.083259    0.586370    1.226902 ^ hold330/X (sg13g2_dlygate4sd3_1)
                                                         net329 (net)
                      0.083259    0.000056    1.226958 ^ _528_/A (sg13g2_inv_1)
     1    0.002424    0.034569    0.056686    1.283644 v _528_/Y (sg13g2_inv_1)
                                                         _195_ (net)
                      0.034569    0.000026    1.283670 v hold331/A (sg13g2_dlygate4sd3_1)
     1    0.003649    0.062055    0.593141    1.876811 v hold331/X (sg13g2_dlygate4sd3_1)
                                                         net330 (net)
                      0.062055    0.000039    1.876850 v _530_/A1 (sg13g2_o21ai_1)
     1    0.003620    0.052751    0.144183    2.021032 ^ _530_/Y (sg13g2_o21ai_1)
                                                         sram_din[31] (net)
                      0.052751    0.000058    2.021090 ^ hold580/A (sg13g2_dlygate4sd3_1)
     1    0.004151    0.063049    0.575827    2.596917 ^ hold580/X (sg13g2_dlygate4sd3_1)
                                                         net579 (net)
                      0.063049    0.000076    2.596993 ^ hold332/A (sg13g2_dlygate4sd3_1)
     1    0.005070    0.067560    0.586985    3.183978 ^ hold332/X (sg13g2_dlygate4sd3_1)
                                                         net331 (net)
                      0.090080    0.000000    3.183978 ^ u_sram/A_DIN[31] (RM_IHPSG13_1P_1024x32_c2_bm_bist)
                                              3.183978   data arrival time

                                  0.000000    0.000000   clock clk_i (rise edge)
                                  0.000000    0.000000   clock source latency
     2    0.071915    0.000000    0.000000    0.000000 ^ clk_i (in)
                                                         clk_i (net)
                      0.007642    0.003821    0.003821 ^ delaybuf_0_clk_i/A (sg13g2_buf_16)
     1    0.025595    0.030873    0.084150    0.087972 ^ delaybuf_0_clk_i/X (sg13g2_buf_16)
                                                         delaynet_0_clk_i (net)
                      0.030895    0.001594    0.089566 ^ delaybuf_1_clk_i/A (sg13g2_buf_16)
     1    0.023706    0.031007    0.096824    0.186389 ^ delaybuf_1_clk_i/X (sg13g2_buf_16)
                                                         delaynet_1_clk_i (net)
                      0.031018    0.001183    0.187572 ^ clkbuf_0_clk_i/A (sg13g2_buf_16)
     1    0.018301    0.029106    0.095384    0.282956 ^ clkbuf_0_clk_i/X (sg13g2_buf_16)
                                                         clknet_0_clk_i (net)
                      0.029106    0.000223    0.283179 ^ clkbuf_1_0__f_clk_i/A (sg13g2_buf_16)
     1    0.003790    0.023734    0.089874    0.373052 ^ clkbuf_1_0__f_clk_i/X (sg13g2_buf_16)
                                                         clknet_1_0__leaf_clk_i (net)
                      0.031646    0.000000    0.373052 ^ u_sram/A_CLK (RM_IHPSG13_1P_1024x32_c2_bm_bist)
                                  0.200000    0.573053   clock uncertainty
                                  0.000000    0.573053   clock reconvergence pessimism
                                  0.842524    1.415577   library hold time
                                              1.415577   data required time
---------------------------------------------------------------------------------------------
                                              1.415577   data required time
                                             -3.183978   data arrival time
---------------------------------------------------------------------------------------------
                                              1.768401   slack (MET)


Startpoint: _824_ (rising edge-triggered flip-flop clocked by clk_i)
Endpoint: s_axil_rdata[29] (output port clocked by clk_i)
Path Group: clk_i
Path Type: min

Fanout         Cap        Slew       Delay        Time   Description
---------------------------------------------------------------------------------------------
                                  0.000000    0.000000   clock clk_i (rise edge)
                                  0.000000    0.000000   clock source latency
     2    0.067269    0.000000    0.000000    0.000000 ^ clk_i (in)
                                                         clk_i (net)
                      0.016385    0.008193    0.008193 ^ clkbuf_regs_0_clk_i/A (sg13g2_buf_16)
     1    0.015676    0.027653    0.086298    0.094491 ^ clkbuf_regs_0_clk_i/X (sg13g2_buf_16)
                                                         clk_i_regs (net)
                      0.027653    0.000160    0.094650 ^ clkbuf_0_clk_i_regs/A (sg13g2_buf_16)
    16    0.164023    0.082918    0.132617    0.227268 ^ clkbuf_0_clk_i_regs/X (sg13g2_buf_16)
                                                         clknet_0_clk_i_regs (net)
                      0.085646    0.011803    0.239071 ^ clkbuf_4_9_0_clk_i_regs/A (sg13g2_buf_8)
     7    0.024100    0.040945    0.135571    0.374642 ^ clkbuf_4_9_0_clk_i_regs/X (sg13g2_buf_8)
                                                         clknet_4_9_0_clk_i_regs (net)
                      0.040945    0.000227    0.374869 ^ _824_/CLK (sg13g2_dfrbpq_1)
     2    0.070019    0.362654    0.507692    0.882560 v _824_/Q (sg13g2_dfrbpq_1)
                                                         net176 (net)
                      0.364340    0.020283    0.902843 v output176/A (sg13g2_buf_1)
     1    0.100000    0.511963    0.576017    1.478861 v output176/X (sg13g2_buf_1)
                                                         s_axil_rdata[29] (net)
                      0.511963    0.000000    1.478861 v s_axil_rdata[29] (out)
                                              1.478861   data arrival time

                                  0.000000    0.000000   clock clk_i (rise edge)
                                  0.000000    0.000000   clock network delay (propagated)
                                  0.200000    0.200000   clock uncertainty
                                  0.000000    0.200000   clock reconvergence pessimism
                                 -0.500000   -0.300000   output external delay
                                             -0.300000   data required time
---------------------------------------------------------------------------------------------
                                             -0.300000   data required time
                                             -1.478861   data arrival time
---------------------------------------------------------------------------------------------
                                              1.778861   slack (MET)


Startpoint: _827_ (rising edge-triggered flip-flop clocked by clk_i)
Endpoint: s_axil_rresp[1] (output port clocked by clk_i)
Path Group: clk_i
Path Type: min

Fanout         Cap        Slew       Delay        Time   Description
---------------------------------------------------------------------------------------------
                                  0.000000    0.000000   clock clk_i (rise edge)
                                  0.000000    0.000000   clock source latency
     2    0.067269    0.000000    0.000000    0.000000 ^ clk_i (in)
                                                         clk_i (net)
                      0.016385    0.008193    0.008193 ^ clkbuf_regs_0_clk_i/A (sg13g2_buf_16)
     1    0.015676    0.027653    0.086298    0.094491 ^ clkbuf_regs_0_clk_i/X (sg13g2_buf_16)
                                                         clk_i_regs (net)
                      0.027653    0.000160    0.094650 ^ clkbuf_0_clk_i_regs/A (sg13g2_buf_16)
    16    0.164023    0.082918    0.132617    0.227268 ^ clkbuf_0_clk_i_regs/X (sg13g2_buf_16)
                                                         clknet_0_clk_i_regs (net)
                      0.085880    0.012305    0.239572 ^ clkbuf_4_13_0_clk_i_regs/A (sg13g2_buf_8)
     7    0.025146    0.041647    0.136263    0.375835 ^ clkbuf_4_13_0_clk_i_regs/X (sg13g2_buf_8)
                                                         clknet_4_13_0_clk_i_regs (net)
                      0.041647    0.000706    0.376541 ^ _827_/CLK (sg13g2_dfrbpq_1)
     3    0.070815    0.366954    0.509936    0.886477 v _827_/Q (sg13g2_dfrbpq_1)
                                                         net188 (net)
                      0.368796    0.021320    0.907797 v output188/A (sg13g2_buf_1)
     1    0.100000    0.511994    0.576907    1.484703 v output188/X (sg13g2_buf_1)
                                                         s_axil_rresp[1] (net)
                      0.511994    0.000000    1.484703 v s_axil_rresp[1] (out)
                                              1.484703   data arrival time

                                  0.000000    0.000000   clock clk_i (rise edge)
                                  0.000000    0.000000   clock network delay (propagated)
                                  0.200000    0.200000   clock uncertainty
                                  0.000000    0.200000   clock reconvergence pessimism
                                 -0.500000   -0.300000   output external delay
                                             -0.300000   data required time
---------------------------------------------------------------------------------------------
                                             -0.300000   data required time
                                             -1.484703   data arrival time
---------------------------------------------------------------------------------------------
                                              1.784703   slack (MET)


Startpoint: _871_ (rising edge-triggered flip-flop clocked by clk_i)
Endpoint: u_sram (rising edge-triggered flip-flop clocked by clk_i)
Path Group: clk_i
Path Type: min

Fanout         Cap        Slew       Delay        Time   Description
---------------------------------------------------------------------------------------------
                                  0.000000    0.000000   clock clk_i (rise edge)
                                  0.000000    0.000000   clock source latency
     2    0.067269    0.000000    0.000000    0.000000 ^ clk_i (in)
                                                         clk_i (net)
                      0.016385    0.008193    0.008193 ^ clkbuf_regs_0_clk_i/A (sg13g2_buf_16)
     1    0.015676    0.027653    0.086298    0.094491 ^ clkbuf_regs_0_clk_i/X (sg13g2_buf_16)
                                                         clk_i_regs (net)
                      0.027653    0.000160    0.094650 ^ clkbuf_0_clk_i_regs/A (sg13g2_buf_16)
    16    0.164023    0.082918    0.132617    0.227268 ^ clkbuf_0_clk_i_regs/X (sg13g2_buf_16)
                                                         clknet_0_clk_i_regs (net)
                      0.084784    0.009764    0.237032 ^ clkbuf_4_11_0_clk_i_regs/A (sg13g2_buf_8)
     7    0.030469    0.045168    0.138708    0.375740 ^ clkbuf_4_11_0_clk_i_regs/X (sg13g2_buf_8)
                                                         clknet_4_11_0_clk_i_regs (net)
                      0.045184    0.001252    0.376991 ^ _871_/CLK (sg13g2_dfrbpq_1)
     1    0.001845    0.031176    0.260504    0.637495 ^ _871_/Q (sg13g2_dfrbpq_1)
                                                         wdata_q[30] (net)
                      0.031176    0.000014    0.637509 ^ hold333/A (sg13g2_dlygate4sd3_1)
     2    0.006739    0.076845    0.577577    1.215086 ^ hold333/X (sg13g2_dlygate4sd3_1)
                                                         net332 (net)
                      0.076845    0.000039    1.215124 ^ _525_/A (sg13g2_inv_1)
     1    0.004025    0.039847    0.061604    1.276729 v _525_/Y (sg13g2_inv_1)
                                                         _193_ (net)
                      0.039847    0.000077    1.276806 v hold334/A (sg13g2_dlygate4sd3_1)
     1    0.004829    0.067066    0.602646    1.879452 v hold334/X (sg13g2_dlygate4sd3_1)
                                                         net333 (net)
                      0.067066    0.000090    1.879542 v _527_/A1 (sg13g2_o21ai_1)
     1    0.003610    0.053553    0.146231    2.025772 ^ _527_/Y (sg13g2_o21ai_1)
                                                         sram_din[30] (net)
                      0.053553    0.000058    2.025830 ^ hold586/A (sg13g2_dlygate4sd3_1)
     1    0.004714    0.065899    0.579427    2.605257 ^ hold586/X (sg13g2_dlygate4sd3_1)
                                                         net585 (net)
                      0.065899    0.000098    2.605355 ^ hold335/A (sg13g2_dlygate4sd3_1)
     1    0.006427    0.075173    0.596198    3.201553 ^ hold335/X (sg13g2_dlygate4sd3_1)
                                                         net334 (net)
                      0.100231    0.000000    3.201553 ^ u_sram/A_DIN[30] (RM_IHPSG13_1P_1024x32_c2_bm_bist)
                                              3.201553   data arrival time

                                  0.000000    0.000000   clock clk_i (rise edge)
                                  0.000000    0.000000   clock source latency
     2    0.071915    0.000000    0.000000    0.000000 ^ clk_i (in)
                                                         clk_i (net)
                      0.007642    0.003821    0.003821 ^ delaybuf_0_clk_i/A (sg13g2_buf_16)
     1    0.025595    0.030873    0.084150    0.087972 ^ delaybuf_0_clk_i/X (sg13g2_buf_16)
                                                         delaynet_0_clk_i (net)
                      0.030895    0.001594    0.089566 ^ delaybuf_1_clk_i/A (sg13g2_buf_16)
     1    0.023706    0.031007    0.096824    0.186389 ^ delaybuf_1_clk_i/X (sg13g2_buf_16)
                                                         delaynet_1_clk_i (net)
                      0.031018    0.001183    0.187572 ^ clkbuf_0_clk_i/A (sg13g2_buf_16)
     1    0.018301    0.029106    0.095384    0.282956 ^ clkbuf_0_clk_i/X (sg13g2_buf_16)
                                                         clknet_0_clk_i (net)
                      0.029106    0.000223    0.283179 ^ clkbuf_1_0__f_clk_i/A (sg13g2_buf_16)
     1    0.003790    0.023734    0.089874    0.373052 ^ clkbuf_1_0__f_clk_i/X (sg13g2_buf_16)
                                                         clknet_1_0__leaf_clk_i (net)
                      0.031646    0.000000    0.373052 ^ u_sram/A_CLK (RM_IHPSG13_1P_1024x32_c2_bm_bist)
                                  0.200000    0.573053   clock uncertainty
                                  0.000000    0.573053   clock reconvergence pessimism
                                  0.832952    1.406005   library hold time
                                              1.406005   data required time
---------------------------------------------------------------------------------------------
                                              1.406005   data required time
                                             -3.201553   data arrival time
---------------------------------------------------------------------------------------------
                                              1.795548   slack (MET)


Startpoint: _826_ (rising edge-triggered flip-flop clocked by clk_i)
Endpoint: s_axil_rdata[31] (output port clocked by clk_i)
Path Group: clk_i
Path Type: min

Fanout         Cap        Slew       Delay        Time   Description
---------------------------------------------------------------------------------------------
                                  0.000000    0.000000   clock clk_i (rise edge)
                                  0.000000    0.000000   clock source latency
     2    0.067269    0.000000    0.000000    0.000000 ^ clk_i (in)
                                                         clk_i (net)
                      0.016385    0.008193    0.008193 ^ clkbuf_regs_0_clk_i/A (sg13g2_buf_16)
     1    0.015676    0.027653    0.086298    0.094491 ^ clkbuf_regs_0_clk_i/X (sg13g2_buf_16)
                                                         clk_i_regs (net)
                      0.027653    0.000160    0.094650 ^ clkbuf_0_clk_i_regs/A (sg13g2_buf_16)
    16    0.164023    0.082918    0.132617    0.227268 ^ clkbuf_0_clk_i_regs/X (sg13g2_buf_16)
                                                         clknet_0_clk_i_regs (net)
                      0.085933    0.012415    0.239683 ^ clkbuf_4_12_0_clk_i_regs/A (sg13g2_buf_8)
     7    0.024586    0.041280    0.136013    0.375696 ^ clkbuf_4_12_0_clk_i_regs/X (sg13g2_buf_8)
                                                         clknet_4_12_0_clk_i_regs (net)
                      0.041280    0.000382    0.376078 ^ _826_/CLK (sg13g2_dfrbpq_1)
     2    0.073542    0.380599    0.519653    0.895731 v _826_/Q (sg13g2_dfrbpq_1)
                                                         net179 (net)
                      0.382648    0.022867    0.918598 v output179/A (sg13g2_buf_1)
     1    0.100000    0.512090    0.579671    1.498269 v output179/X (sg13g2_buf_1)
                                                         s_axil_rdata[31] (net)
                      0.512090    0.000000    1.498269 v s_axil_rdata[31] (out)
                                              1.498269   data arrival time

                                  0.000000    0.000000   clock clk_i (rise edge)
                                  0.000000    0.000000   clock network delay (propagated)
                                  0.200000    0.200000   clock uncertainty
                                  0.000000    0.200000   clock reconvergence pessimism
                                 -0.500000   -0.300000   output external delay
                                             -0.300000   data required time
---------------------------------------------------------------------------------------------
                                             -0.300000   data required time
                                             -1.498269   data arrival time
---------------------------------------------------------------------------------------------
                                              1.798269   slack (MET)


Startpoint: _825_ (rising edge-triggered flip-flop clocked by clk_i)
Endpoint: s_axil_rdata[30] (output port clocked by clk_i)
Path Group: clk_i
Path Type: min

Fanout         Cap        Slew       Delay        Time   Description
---------------------------------------------------------------------------------------------
                                  0.000000    0.000000   clock clk_i (rise edge)
                                  0.000000    0.000000   clock source latency
     2    0.067269    0.000000    0.000000    0.000000 ^ clk_i (in)
                                                         clk_i (net)
                      0.016385    0.008193    0.008193 ^ clkbuf_regs_0_clk_i/A (sg13g2_buf_16)
     1    0.015676    0.027653    0.086298    0.094491 ^ clkbuf_regs_0_clk_i/X (sg13g2_buf_16)
                                                         clk_i_regs (net)
                      0.027653    0.000160    0.094650 ^ clkbuf_0_clk_i_regs/A (sg13g2_buf_16)
    16    0.164023    0.082918    0.132617    0.227268 ^ clkbuf_0_clk_i_regs/X (sg13g2_buf_16)
                                                         clknet_0_clk_i_regs (net)
                      0.085646    0.011803    0.239071 ^ clkbuf_4_9_0_clk_i_regs/A (sg13g2_buf_8)
     7    0.024100    0.040945    0.135571    0.374642 ^ clkbuf_4_9_0_clk_i_regs/X (sg13g2_buf_8)
                                                         clknet_4_9_0_clk_i_regs (net)
                      0.040945    0.000246    0.374888 ^ _825_/CLK (sg13g2_dfrbpq_1)
     2    0.075246    0.389134    0.525637    0.900525 v _825_/Q (sg13g2_dfrbpq_1)
                                                         net178 (net)
                      0.391254    0.023513    0.924039 v output178/A (sg13g2_buf_1)
     1    0.100000    0.512150    0.581389    1.505427 v output178/X (sg13g2_buf_1)
                                                         s_axil_rdata[30] (net)
                      0.512150    0.000000    1.505427 v s_axil_rdata[30] (out)
                                              1.505427   data arrival time

                                  0.000000    0.000000   clock clk_i (rise edge)
                                  0.000000    0.000000   clock network delay (propagated)
                                  0.200000    0.200000   clock uncertainty
                                  0.000000    0.200000   clock reconvergence pessimism
                                 -0.500000   -0.300000   output external delay
                                             -0.300000   data required time
---------------------------------------------------------------------------------------------
                                             -0.300000   data required time
                                             -1.505427   data arrival time
---------------------------------------------------------------------------------------------
                                              1.805427   slack (MET)


Startpoint: _870_ (rising edge-triggered flip-flop clocked by clk_i)
Endpoint: u_sram (rising edge-triggered flip-flop clocked by clk_i)
Path Group: clk_i
Path Type: min

Fanout         Cap        Slew       Delay        Time   Description
---------------------------------------------------------------------------------------------
                                  0.000000    0.000000   clock clk_i (rise edge)
                                  0.000000    0.000000   clock source latency
     2    0.067269    0.000000    0.000000    0.000000 ^ clk_i (in)
                                                         clk_i (net)
                      0.016385    0.008193    0.008193 ^ clkbuf_regs_0_clk_i/A (sg13g2_buf_16)
     1    0.015676    0.027653    0.086298    0.094491 ^ clkbuf_regs_0_clk_i/X (sg13g2_buf_16)
                                                         clk_i_regs (net)
                      0.027653    0.000160    0.094650 ^ clkbuf_0_clk_i_regs/A (sg13g2_buf_16)
    16    0.164023    0.082918    0.132617    0.227268 ^ clkbuf_0_clk_i_regs/X (sg13g2_buf_16)
                                                         clknet_0_clk_i_regs (net)
                      0.084784    0.009764    0.237032 ^ clkbuf_4_11_0_clk_i_regs/A (sg13g2_buf_8)
     7    0.030469    0.045168    0.138708    0.375740 ^ clkbuf_4_11_0_clk_i_regs/X (sg13g2_buf_8)
                                                         clknet_4_11_0_clk_i_regs (net)
                      0.045183    0.001169    0.376908 ^ _870_/CLK (sg13g2_dfrbpq_1)
     1    0.002192    0.033099    0.262088    0.638996 ^ _870_/Q (sg13g2_dfrbpq_1)
                                                         wdata_q[29] (net)
                      0.033099    0.000021    0.639017 ^ hold336/A (sg13g2_dlygate4sd3_1)
     2    0.006755    0.076932    0.578790    1.217807 ^ hold336/X (sg13g2_dlygate4sd3_1)
                                                         net335 (net)
                      0.076932    0.000028    1.217835 ^ _522_/A (sg13g2_inv_1)
     1    0.003918    0.039421    0.061151    1.278986 v _522_/Y (sg13g2_inv_1)
                                                         _191_ (net)
                      0.039421    0.000073    1.279059 v hold337/A (sg13g2_dlygate4sd3_1)
     1    0.004484    0.065741    0.600489    1.879548 v hold337/X (sg13g2_dlygate4sd3_1)
                                                         net336 (net)
                      0.065741    0.000074    1.879622 v _524_/A1 (sg13g2_o21ai_1)
     1    0.004089    0.055555    0.150846    2.030468 ^ _524_/Y (sg13g2_o21ai_1)
                                                         sram_din[29] (net)
                      0.055555    0.000073    2.030541 ^ hold583/A (sg13g2_dlygate4sd3_1)
     1    0.004538    0.065107    0.579625    2.610166 ^ hold583/X (sg13g2_dlygate4sd3_1)
                                                         net582 (net)
                      0.065107    0.000091    2.610257 ^ hold338/A (sg13g2_dlygate4sd3_1)
     1    0.006870    0.077590    0.598191    3.208448 ^ hold338/X (sg13g2_dlygate4sd3_1)
                                                         net337 (net)
                      0.103453    0.000000    3.208448 ^ u_sram/A_DIN[29] (RM_IHPSG13_1P_1024x32_c2_bm_bist)
                                              3.208448   data arrival time

                                  0.000000    0.000000   clock clk_i (rise edge)
                                  0.000000    0.000000   clock source latency
     2    0.071915    0.000000    0.000000    0.000000 ^ clk_i (in)
                                                         clk_i (net)
                      0.007642    0.003821    0.003821 ^ delaybuf_0_clk_i/A (sg13g2_buf_16)
     1    0.025595    0.030873    0.084150    0.087972 ^ delaybuf_0_clk_i/X (sg13g2_buf_16)
                                                         delaynet_0_clk_i (net)
                      0.030895    0.001594    0.089566 ^ delaybuf_1_clk_i/A (sg13g2_buf_16)
     1    0.023706    0.031007    0.096824    0.186389 ^ delaybuf_1_clk_i/X (sg13g2_buf_16)
                                                         delaynet_1_clk_i (net)
                      0.031018    0.001183    0.187572 ^ clkbuf_0_clk_i/A (sg13g2_buf_16)
     1    0.018301    0.029106    0.095384    0.282956 ^ clkbuf_0_clk_i/X (sg13g2_buf_16)
                                                         clknet_0_clk_i (net)
                      0.029106    0.000223    0.283179 ^ clkbuf_1_0__f_clk_i/A (sg13g2_buf_16)
     1    0.003790    0.023734    0.089874    0.373052 ^ clkbuf_1_0__f_clk_i/X (sg13g2_buf_16)
                                                         clknet_1_0__leaf_clk_i (net)
                      0.031646    0.000000    0.373052 ^ u_sram/A_CLK (RM_IHPSG13_1P_1024x32_c2_bm_bist)
                                  0.200000    0.573053   clock uncertainty
                                  0.000000    0.573053   clock reconvergence pessimism
                                  0.829914    1.402966   library hold time
                                              1.402966   data required time
---------------------------------------------------------------------------------------------
                                              1.402966   data required time
                                             -3.208448   data arrival time
---------------------------------------------------------------------------------------------
                                              1.805482   slack (MET)


Startpoint: _869_ (rising edge-triggered flip-flop clocked by clk_i)
Endpoint: u_sram (rising edge-triggered flip-flop clocked by clk_i)
Path Group: clk_i
Path Type: min

Fanout         Cap        Slew       Delay        Time   Description
---------------------------------------------------------------------------------------------
                                  0.000000    0.000000   clock clk_i (rise edge)
                                  0.000000    0.000000   clock source latency
     2    0.067269    0.000000    0.000000    0.000000 ^ clk_i (in)
                                                         clk_i (net)
                      0.016385    0.008193    0.008193 ^ clkbuf_regs_0_clk_i/A (sg13g2_buf_16)
     1    0.015676    0.027653    0.086298    0.094491 ^ clkbuf_regs_0_clk_i/X (sg13g2_buf_16)
                                                         clk_i_regs (net)
                      0.027653    0.000160    0.094650 ^ clkbuf_0_clk_i_regs/A (sg13g2_buf_16)
    16    0.164023    0.082918    0.132617    0.227268 ^ clkbuf_0_clk_i_regs/X (sg13g2_buf_16)
                                                         clknet_0_clk_i_regs (net)
                      0.084784    0.009764    0.237032 ^ clkbuf_4_11_0_clk_i_regs/A (sg13g2_buf_8)
     7    0.030469    0.045168    0.138708    0.375740 ^ clkbuf_4_11_0_clk_i_regs/X (sg13g2_buf_8)
                                                         clknet_4_11_0_clk_i_regs (net)
                      0.045186    0.001334    0.377074 ^ _869_/CLK (sg13g2_dfrbpq_1)
     1    0.001748    0.030640    0.260064    0.637138 ^ _869_/Q (sg13g2_dfrbpq_1)
                                                         wdata_q[28] (net)
                      0.030640    0.000012    0.637150 ^ hold343/A (sg13g2_dlygate4sd3_1)
     2    0.006400    0.075000    0.575374    1.212524 ^ hold343/X (sg13g2_dlygate4sd3_1)
                                                         net342 (net)
                      0.075000    0.000027    1.212551 ^ _519_/A (sg13g2_inv_1)
     1    0.005734    0.046955    0.068587    1.281137 v _519_/Y (sg13g2_inv_1)
                                                         _189_ (net)
                      0.046955    0.000156    1.281293 v hold344/A (sg13g2_dlygate4sd3_1)
     1    0.005799    0.070805    0.612000    1.893293 v hold344/X (sg13g2_dlygate4sd3_1)
                                                         net343 (net)
                      0.070805    0.000140    1.893433 v _521_/A1 (sg13g2_o21ai_1)
     1    0.004694    0.059992    0.159583    2.053016 ^ _521_/Y (sg13g2_o21ai_1)
                                                         sram_din[28] (net)
                      0.059992    0.000097    2.053113 ^ hold589/A (sg13g2_dlygate4sd3_1)
     1    0.004492    0.064864    0.581974    2.635087 ^ hold589/X (sg13g2_dlygate4sd3_1)
                                                         net588 (net)
                      0.064864    0.000088    2.635175 ^ hold345/A (sg13g2_dlygate4sd3_1)
     1    0.007103    0.078875    0.599340    3.234515 ^ hold345/X (sg13g2_dlygate4sd3_1)
                                                         net344 (net)
                      0.105167    0.000000    3.234515 ^ u_sram/A_DIN[28] (RM_IHPSG13_1P_1024x32_c2_bm_bist)
                                              3.234515   data arrival time

                                  0.000000    0.000000   clock clk_i (rise edge)
                                  0.000000    0.000000   clock source latency
     2    0.071915    0.000000    0.000000    0.000000 ^ clk_i (in)
                                                         clk_i (net)
                      0.007642    0.003821    0.003821 ^ delaybuf_0_clk_i/A (sg13g2_buf_16)
     1    0.025595    0.030873    0.084150    0.087972 ^ delaybuf_0_clk_i/X (sg13g2_buf_16)
                                                         delaynet_0_clk_i (net)
                      0.030895    0.001594    0.089566 ^ delaybuf_1_clk_i/A (sg13g2_buf_16)
     1    0.023706    0.031007    0.096824    0.186389 ^ delaybuf_1_clk_i/X (sg13g2_buf_16)
                                                         delaynet_1_clk_i (net)
                      0.031018    0.001183    0.187572 ^ clkbuf_0_clk_i/A (sg13g2_buf_16)
     1    0.018301    0.029106    0.095384    0.282956 ^ clkbuf_0_clk_i/X (sg13g2_buf_16)
                                                         clknet_0_clk_i (net)
                      0.029106    0.000223    0.283179 ^ clkbuf_1_0__f_clk_i/A (sg13g2_buf_16)
     1    0.003790    0.023734    0.089874    0.373052 ^ clkbuf_1_0__f_clk_i/X (sg13g2_buf_16)
                                                         clknet_1_0__leaf_clk_i (net)
                      0.031646    0.000000    0.373052 ^ u_sram/A_CLK (RM_IHPSG13_1P_1024x32_c2_bm_bist)
                                  0.200000    0.573053   clock uncertainty
                                  0.000000    0.573053   clock reconvergence pessimism
                                  0.828298    1.401350   library hold time
                                              1.401350   data required time
---------------------------------------------------------------------------------------------
                                              1.401350   data required time
                                             -3.234515   data arrival time
---------------------------------------------------------------------------------------------
                                              1.833164   slack (MET)


Startpoint: _867_ (rising edge-triggered flip-flop clocked by clk_i)
Endpoint: u_sram (rising edge-triggered flip-flop clocked by clk_i)
Path Group: clk_i
Path Type: min

Fanout         Cap        Slew       Delay        Time   Description
---------------------------------------------------------------------------------------------
                                  0.000000    0.000000   clock clk_i (rise edge)
                                  0.000000    0.000000   clock source latency
     2    0.067269    0.000000    0.000000    0.000000 ^ clk_i (in)
                                                         clk_i (net)
                      0.016385    0.008193    0.008193 ^ clkbuf_regs_0_clk_i/A (sg13g2_buf_16)
     1    0.015676    0.027653    0.086298    0.094491 ^ clkbuf_regs_0_clk_i/X (sg13g2_buf_16)
                                                         clk_i_regs (net)
                      0.027653    0.000160    0.094650 ^ clkbuf_0_clk_i_regs/A (sg13g2_buf_16)
    16    0.164023    0.082918    0.132617    0.227268 ^ clkbuf_0_clk_i_regs/X (sg13g2_buf_16)
                                                         clknet_0_clk_i_regs (net)
                      0.084770    0.009728    0.236995 ^ clkbuf_4_10_0_clk_i_regs/A (sg13g2_buf_8)
     7    0.030865    0.045457    0.138782    0.375777 ^ clkbuf_4_10_0_clk_i_regs/X (sg13g2_buf_8)
                                                         clknet_4_10_0_clk_i_regs (net)
                      0.045487    0.001879    0.377656 ^ _867_/CLK (sg13g2_dfrbpq_1)
     1    0.002645    0.035596    0.264324    0.641980 ^ _867_/Q (sg13g2_dfrbpq_1)
                                                         wdata_q[26] (net)
                      0.035596    0.000032    0.642012 ^ hold353/A (sg13g2_dlygate4sd3_1)
     2    0.007197    0.079387    0.582713    1.224725 ^ hold353/X (sg13g2_dlygate4sd3_1)
                                                         net352 (net)
                      0.079387    0.000025    1.224749 ^ _513_/A (sg13g2_inv_1)
     1    0.003650    0.038802    0.060872    1.285621 v _513_/Y (sg13g2_inv_1)
                                                         _185_ (net)
                      0.038802    0.000063    1.285684 v hold354/A (sg13g2_dlygate4sd3_1)
     1    0.004495    0.065787    0.600206    1.885890 v hold354/X (sg13g2_dlygate4sd3_1)
                                                         net353 (net)
                      0.065787    0.000073    1.885963 v _515_/A1 (sg13g2_o21ai_1)
     1    0.005167    0.062796    0.162523    2.048486 ^ _515_/Y (sg13g2_o21ai_1)
                                                         sram_din[26] (net)
                      0.062796    0.000118    2.048604 ^ hold595/A (sg13g2_dlygate4sd3_1)
     1    0.004835    0.066469    0.585531    2.634135 ^ hold595/X (sg13g2_dlygate4sd3_1)
                                                         net594 (net)
                      0.066469    0.000102    2.634237 ^ hold355/A (sg13g2_dlygate4sd3_1)
     1    0.007826    0.082957    0.604291    3.238528 ^ hold355/X (sg13g2_dlygate4sd3_1)
                                                         net354 (net)
                      0.110609    0.000000    3.238528 ^ u_sram/A_DIN[26] (RM_IHPSG13_1P_1024x32_c2_bm_bist)
                                              3.238528   data arrival time

                                  0.000000    0.000000   clock clk_i (rise edge)
                                  0.000000    0.000000   clock source latency
     2    0.071915    0.000000    0.000000    0.000000 ^ clk_i (in)
                                                         clk_i (net)
                      0.007642    0.003821    0.003821 ^ delaybuf_0_clk_i/A (sg13g2_buf_16)
     1    0.025595    0.030873    0.084150    0.087972 ^ delaybuf_0_clk_i/X (sg13g2_buf_16)
                                                         delaynet_0_clk_i (net)
                      0.030895    0.001594    0.089566 ^ delaybuf_1_clk_i/A (sg13g2_buf_16)
     1    0.023706    0.031007    0.096824    0.186389 ^ delaybuf_1_clk_i/X (sg13g2_buf_16)
                                                         delaynet_1_clk_i (net)
                      0.031018    0.001183    0.187572 ^ clkbuf_0_clk_i/A (sg13g2_buf_16)
     1    0.018301    0.029106    0.095384    0.282956 ^ clkbuf_0_clk_i/X (sg13g2_buf_16)
                                                         clknet_0_clk_i (net)
                      0.029106    0.000223    0.283179 ^ clkbuf_1_0__f_clk_i/A (sg13g2_buf_16)
     1    0.003790    0.023734    0.089874    0.373052 ^ clkbuf_1_0__f_clk_i/X (sg13g2_buf_16)
                                                         clknet_1_0__leaf_clk_i (net)
                      0.031646    0.000000    0.373052 ^ u_sram/A_CLK (RM_IHPSG13_1P_1024x32_c2_bm_bist)
                                  0.200000    0.573053   clock uncertainty
                                  0.000000    0.573053   clock reconvergence pessimism
                                  0.823201    1.396253   library hold time
                                              1.396253   data required time
---------------------------------------------------------------------------------------------
                                              1.396253   data required time
                                             -3.238528   data arrival time
---------------------------------------------------------------------------------------------
                                              1.842275   slack (MET)


Startpoint: _868_ (rising edge-triggered flip-flop clocked by clk_i)
Endpoint: u_sram (rising edge-triggered flip-flop clocked by clk_i)
Path Group: clk_i
Path Type: min

Fanout         Cap        Slew       Delay        Time   Description
---------------------------------------------------------------------------------------------
                                  0.000000    0.000000   clock clk_i (rise edge)
                                  0.000000    0.000000   clock source latency
     2    0.067269    0.000000    0.000000    0.000000 ^ clk_i (in)
                                                         clk_i (net)
                      0.016385    0.008193    0.008193 ^ clkbuf_regs_0_clk_i/A (sg13g2_buf_16)
     1    0.015676    0.027653    0.086298    0.094491 ^ clkbuf_regs_0_clk_i/X (sg13g2_buf_16)
                                                         clk_i_regs (net)
                      0.027653    0.000160    0.094650 ^ clkbuf_0_clk_i_regs/A (sg13g2_buf_16)
    16    0.164023    0.082918    0.132617    0.227268 ^ clkbuf_0_clk_i_regs/X (sg13g2_buf_16)
                                                         clknet_0_clk_i_regs (net)
                      0.084784    0.009764    0.237032 ^ clkbuf_4_11_0_clk_i_regs/A (sg13g2_buf_8)
     7    0.030469    0.045168    0.138708    0.375740 ^ clkbuf_4_11_0_clk_i_regs/X (sg13g2_buf_8)
                                                         clknet_4_11_0_clk_i_regs (net)
                      0.045186    0.001362    0.377102 ^ _868_/CLK (sg13g2_dfrbpq_1)
     1    0.002731    0.036069    0.264547    0.641649 ^ _868_/Q (sg13g2_dfrbpq_1)
                                                         wdata_q[27] (net)
                      0.036069    0.000034    0.641682 ^ hold359/A (sg13g2_dlygate4sd3_1)
     2    0.007574    0.081498    0.585089    1.226771 ^ hold359/X (sg13g2_dlygate4sd3_1)
                                                         net358 (net)
                      0.081498    0.000040    1.226811 ^ _516_/A (sg13g2_inv_1)
     1    0.004959    0.044682    0.067686    1.294497 v _516_/Y (sg13g2_inv_1)
                                                         _187_ (net)
                      0.044682    0.000119    1.294616 v hold360/A (sg13g2_dlygate4sd3_1)
     1    0.006444    0.074398    0.614327    1.908943 v hold360/X (sg13g2_dlygate4sd3_1)
                                                         net359 (net)
                      0.074398    0.000175    1.909118 v _518_/A1 (sg13g2_o21ai_1)
     1    0.004952    0.062136    0.163929    2.073047 ^ _518_/Y (sg13g2_o21ai_1)
                                                         sram_din[27] (net)
                      0.062136    0.000108    2.073155 ^ hold592/A (sg13g2_dlygate4sd3_1)
     1    0.004406    0.064408    0.582756    2.655912 ^ hold592/X (sg13g2_dlygate4sd3_1)
                                                         net591 (net)
                      0.064408    0.000085    2.655996 ^ hold361/A (sg13g2_dlygate4sd3_1)
     1    0.007680    0.082124    0.602268    3.258264 ^ hold361/X (sg13g2_dlygate4sd3_1)
                                                         net360 (net)
                      0.109499    0.000000    3.258264 ^ u_sram/A_DIN[27] (RM_IHPSG13_1P_1024x32_c2_bm_bist)
                                              3.258264   data arrival time

                                  0.000000    0.000000   clock clk_i (rise edge)
                                  0.000000    0.000000   clock source latency
     2    0.071915    0.000000    0.000000    0.000000 ^ clk_i (in)
                                                         clk_i (net)
                      0.007642    0.003821    0.003821 ^ delaybuf_0_clk_i/A (sg13g2_buf_16)
     1    0.025595    0.030873    0.084150    0.087972 ^ delaybuf_0_clk_i/X (sg13g2_buf_16)
                                                         delaynet_0_clk_i (net)
                      0.030895    0.001594    0.089566 ^ delaybuf_1_clk_i/A (sg13g2_buf_16)
     1    0.023706    0.031007    0.096824    0.186389 ^ delaybuf_1_clk_i/X (sg13g2_buf_16)
                                                         delaynet_1_clk_i (net)
                      0.031018    0.001183    0.187572 ^ clkbuf_0_clk_i/A (sg13g2_buf_16)
     1    0.018301    0.029106    0.095384    0.282956 ^ clkbuf_0_clk_i/X (sg13g2_buf_16)
                                                         clknet_0_clk_i (net)
                      0.029106    0.000223    0.283179 ^ clkbuf_1_0__f_clk_i/A (sg13g2_buf_16)
     1    0.003790    0.023734    0.089874    0.373052 ^ clkbuf_1_0__f_clk_i/X (sg13g2_buf_16)
                                                         clknet_1_0__leaf_clk_i (net)
                      0.031646    0.000000    0.373052 ^ u_sram/A_CLK (RM_IHPSG13_1P_1024x32_c2_bm_bist)
                                  0.200000    0.573053   clock uncertainty
                                  0.000000    0.573053   clock reconvergence pessimism
                                  0.824237    1.397289   library hold time
                                              1.397289   data required time
---------------------------------------------------------------------------------------------
                                              1.397289   data required time
                                             -3.258264   data arrival time
---------------------------------------------------------------------------------------------
                                              1.860975   slack (MET)


Startpoint: _866_ (rising edge-triggered flip-flop clocked by clk_i)
Endpoint: u_sram (rising edge-triggered flip-flop clocked by clk_i)
Path Group: clk_i
Path Type: min

Fanout         Cap        Slew       Delay        Time   Description
---------------------------------------------------------------------------------------------
                                  0.000000    0.000000   clock clk_i (rise edge)
                                  0.000000    0.000000   clock source latency
     2    0.067269    0.000000    0.000000    0.000000 ^ clk_i (in)
                                                         clk_i (net)
                      0.016385    0.008193    0.008193 ^ clkbuf_regs_0_clk_i/A (sg13g2_buf_16)
     1    0.015676    0.027653    0.086298    0.094491 ^ clkbuf_regs_0_clk_i/X (sg13g2_buf_16)
                                                         clk_i_regs (net)
                      0.027653    0.000160    0.094650 ^ clkbuf_0_clk_i_regs/A (sg13g2_buf_16)
    16    0.164023    0.082918    0.132617    0.227268 ^ clkbuf_0_clk_i_regs/X (sg13g2_buf_16)
                                                         clknet_0_clk_i_regs (net)
                      0.084770    0.009728    0.236995 ^ clkbuf_4_10_0_clk_i_regs/A (sg13g2_buf_8)
     7    0.030865    0.045457    0.138782    0.375777 ^ clkbuf_4_10_0_clk_i_regs/X (sg13g2_buf_8)
                                                         clknet_4_10_0_clk_i_regs (net)
                      0.045482    0.001700    0.377477 ^ _866_/CLK (sg13g2_dfrbpq_1)
     1    0.002505    0.034824    0.263682    0.641160 ^ _866_/Q (sg13g2_dfrbpq_1)
                                                         wdata_q[25] (net)
                      0.034824    0.000028    0.641188 ^ hold388/A (sg13g2_dlygate4sd3_1)
     2    0.007717    0.082303    0.585155    1.226342 ^ hold388/X (sg13g2_dlygate4sd3_1)
                                                         net387 (net)
                      0.082303    0.000037    1.226379 ^ _510_/A (sg13g2_inv_1)
     1    0.003953    0.040619    0.063379    1.289758 v _510_/Y (sg13g2_inv_1)
                                                         _183_ (net)
                      0.040619    0.000075    1.289833 v hold389/A (sg13g2_dlygate4sd3_1)
     1    0.006551    0.074882    0.612669    1.902502 v hold389/X (sg13g2_dlygate4sd3_1)
                                                         net388 (net)
                      0.074882    0.000184    1.902686 v _512_/A1 (sg13g2_o21ai_1)
     1    0.005296    0.064259    0.167859    2.070545 ^ _512_/Y (sg13g2_o21ai_1)
                                                         sram_din[25] (net)
                      0.064260    0.000124    2.070668 ^ hold604/A (sg13g2_dlygate4sd3_1)
     1    0.004706    0.065874    0.585675    2.656343 ^ hold604/X (sg13g2_dlygate4sd3_1)
                                                         net603 (net)
                      0.065874    0.000097    2.656440 ^ hold390/A (sg13g2_dlygate4sd3_1)
     1    0.008360    0.086005    0.606900    3.263340 ^ hold390/X (sg13g2_dlygate4sd3_1)
                                                         net389 (net)
                      0.114673    0.000000    3.263340 ^ u_sram/A_DIN[25] (RM_IHPSG13_1P_1024x32_c2_bm_bist)
                                              3.263340   data arrival time

                                  0.000000    0.000000   clock clk_i (rise edge)
                                  0.000000    0.000000   clock source latency
     2    0.071915    0.000000    0.000000    0.000000 ^ clk_i (in)
                                                         clk_i (net)
                      0.007642    0.003821    0.003821 ^ delaybuf_0_clk_i/A (sg13g2_buf_16)
     1    0.025595    0.030873    0.084150    0.087972 ^ delaybuf_0_clk_i/X (sg13g2_buf_16)
                                                         delaynet_0_clk_i (net)
                      0.030895    0.001594    0.089566 ^ delaybuf_1_clk_i/A (sg13g2_buf_16)
     1    0.023706    0.031007    0.096824    0.186389 ^ delaybuf_1_clk_i/X (sg13g2_buf_16)
                                                         delaynet_1_clk_i (net)
                      0.031018    0.001183    0.187572 ^ clkbuf_0_clk_i/A (sg13g2_buf_16)
     1    0.018301    0.029106    0.095384    0.282956 ^ clkbuf_0_clk_i/X (sg13g2_buf_16)
                                                         clknet_0_clk_i (net)
                      0.029106    0.000223    0.283179 ^ clkbuf_1_0__f_clk_i/A (sg13g2_buf_16)
     1    0.003790    0.023734    0.089874    0.373052 ^ clkbuf_1_0__f_clk_i/X (sg13g2_buf_16)
                                                         clknet_1_0__leaf_clk_i (net)
                      0.031646    0.000000    0.373052 ^ u_sram/A_CLK (RM_IHPSG13_1P_1024x32_c2_bm_bist)
                                  0.200000    0.573053   clock uncertainty
                                  0.000000    0.573053   clock reconvergence pessimism
                                  0.819410    1.392463   library hold time
                                              1.392463   data required time
---------------------------------------------------------------------------------------------
                                              1.392463   data required time
                                             -3.263340   data arrival time
---------------------------------------------------------------------------------------------
                                              1.870877   slack (MET)


Startpoint: _863_ (rising edge-triggered flip-flop clocked by clk_i)
Endpoint: u_sram (rising edge-triggered flip-flop clocked by clk_i)
Path Group: clk_i
Path Type: min

Fanout         Cap        Slew       Delay        Time   Description
---------------------------------------------------------------------------------------------
                                  0.000000    0.000000   clock clk_i (rise edge)
                                  0.000000    0.000000   clock source latency
     2    0.067269    0.000000    0.000000    0.000000 ^ clk_i (in)
                                                         clk_i (net)
                      0.016385    0.008193    0.008193 ^ clkbuf_regs_0_clk_i/A (sg13g2_buf_16)
     1    0.015676    0.027653    0.086298    0.094491 ^ clkbuf_regs_0_clk_i/X (sg13g2_buf_16)
                                                         clk_i_regs (net)
                      0.027653    0.000160    0.094650 ^ clkbuf_0_clk_i_regs/A (sg13g2_buf_16)
    16    0.164023    0.082918    0.132617    0.227268 ^ clkbuf_0_clk_i_regs/X (sg13g2_buf_16)
                                                         clknet_0_clk_i_regs (net)
                      0.084784    0.009764    0.237032 ^ clkbuf_4_11_0_clk_i_regs/A (sg13g2_buf_8)
     7    0.030469    0.045168    0.138708    0.375740 ^ clkbuf_4_11_0_clk_i_regs/X (sg13g2_buf_8)
                                                         clknet_4_11_0_clk_i_regs (net)
                      0.045176    0.000605    0.376345 ^ _863_/CLK (sg13g2_dfrbpq_1)
     1    0.001846    0.031183    0.260505    0.636850 ^ _863_/Q (sg13g2_dfrbpq_1)
                                                         wdata_q[22] (net)
                      0.031183    0.000014    0.636864 ^ hold395/A (sg13g2_dlygate4sd3_1)
     2    0.006400    0.074999    0.575688    1.212552 ^ hold395/X (sg13g2_dlygate4sd3_1)
                                                         net394 (net)
                      0.074999    0.000025    1.212577 ^ _501_/A (sg13g2_inv_1)
     1    0.003941    0.039138    0.060512    1.273089 v _501_/Y (sg13g2_inv_1)
                                                         _177_ (net)
                      0.039138    0.000075    1.273164 v hold396/A (sg13g2_dlygate4sd3_1)
     1    0.005384    0.069148    0.605345    1.878508 v hold396/X (sg13g2_dlygate4sd3_1)
                                                         net395 (net)
                      0.069148    0.000115    1.878623 v _503_/A1 (sg13g2_o21ai_1)
     1    0.005121    0.062183    0.163475    2.042099 ^ _503_/Y (sg13g2_o21ai_1)
                                                         sram_din[22] (net)
                      0.062183    0.000114    2.042213 ^ hold607/A (sg13g2_dlygate4sd3_1)
     1    0.006333    0.074667    0.593487    2.635700 ^ hold607/X (sg13g2_dlygate4sd3_1)
                                                         net606 (net)
                      0.074667    0.000180    2.635880 ^ hold397/A (sg13g2_dlygate4sd3_1)
     1    0.009866    0.094804    0.620391    3.256271 ^ hold397/X (sg13g2_dlygate4sd3_1)
                                                         net396 (net)
                      0.126406    0.000000    3.256271 ^ u_sram/A_DIN[22] (RM_IHPSG13_1P_1024x32_c2_bm_bist)
                                              3.256271   data arrival time

                                  0.000000    0.000000   clock clk_i (rise edge)
                                  0.000000    0.000000   clock source latency
     2    0.071915    0.000000    0.000000    0.000000 ^ clk_i (in)
                                                         clk_i (net)
                      0.007642    0.003821    0.003821 ^ delaybuf_0_clk_i/A (sg13g2_buf_16)
     1    0.025595    0.030873    0.084150    0.087972 ^ delaybuf_0_clk_i/X (sg13g2_buf_16)
                                                         delaynet_0_clk_i (net)
                      0.030895    0.001594    0.089566 ^ delaybuf_1_clk_i/A (sg13g2_buf_16)
     1    0.023706    0.031007    0.096824    0.186389 ^ delaybuf_1_clk_i/X (sg13g2_buf_16)
                                                         delaynet_1_clk_i (net)
                      0.031018    0.001183    0.187572 ^ clkbuf_0_clk_i/A (sg13g2_buf_16)
     1    0.018301    0.029106    0.095384    0.282956 ^ clkbuf_0_clk_i/X (sg13g2_buf_16)
                                                         clknet_0_clk_i (net)
                      0.029106    0.000223    0.283179 ^ clkbuf_1_0__f_clk_i/A (sg13g2_buf_16)
     1    0.003790    0.023734    0.089874    0.373052 ^ clkbuf_1_0__f_clk_i/X (sg13g2_buf_16)
                                                         clknet_1_0__leaf_clk_i (net)
                      0.031646    0.000000    0.373052 ^ u_sram/A_CLK (RM_IHPSG13_1P_1024x32_c2_bm_bist)
                                  0.200000    0.573053   clock uncertainty
                                  0.000000    0.573053   clock reconvergence pessimism
                                  0.808466    1.381519   library hold time
                                              1.381519   data required time
---------------------------------------------------------------------------------------------
                                              1.381519   data required time
                                             -3.256271   data arrival time
---------------------------------------------------------------------------------------------
                                              1.874752   slack (MET)


Startpoint: _865_ (rising edge-triggered flip-flop clocked by clk_i)
Endpoint: u_sram (rising edge-triggered flip-flop clocked by clk_i)
Path Group: clk_i
Path Type: min

Fanout         Cap        Slew       Delay        Time   Description
---------------------------------------------------------------------------------------------
                                  0.000000    0.000000   clock clk_i (rise edge)
                                  0.000000    0.000000   clock source latency
     2    0.067269    0.000000    0.000000    0.000000 ^ clk_i (in)
                                                         clk_i (net)
                      0.016385    0.008193    0.008193 ^ clkbuf_regs_0_clk_i/A (sg13g2_buf_16)
     1    0.015676    0.027653    0.086298    0.094491 ^ clkbuf_regs_0_clk_i/X (sg13g2_buf_16)
                                                         clk_i_regs (net)
                      0.027653    0.000160    0.094650 ^ clkbuf_0_clk_i_regs/A (sg13g2_buf_16)
    16    0.164023    0.082918    0.132617    0.227268 ^ clkbuf_0_clk_i_regs/X (sg13g2_buf_16)
                                                         clknet_0_clk_i_regs (net)
                      0.084770    0.009728    0.236995 ^ clkbuf_4_10_0_clk_i_regs/A (sg13g2_buf_8)
     7    0.030865    0.045457    0.138782    0.375777 ^ clkbuf_4_10_0_clk_i_regs/X (sg13g2_buf_8)
                                                         clknet_4_10_0_clk_i_regs (net)
                      0.045484    0.001787    0.377564 ^ _865_/CLK (sg13g2_dfrbpq_1)
     1    0.002602    0.035359    0.264127    0.641691 ^ _865_/Q (sg13g2_dfrbpq_1)
                                                         wdata_q[24] (net)
                      0.035359    0.000030    0.641721 ^ hold398/A (sg13g2_dlygate4sd3_1)
     2    0.007197    0.079387    0.582573    1.224295 ^ hold398/X (sg13g2_dlygate4sd3_1)
                                                         net397 (net)
                      0.079387    0.000027    1.224322 ^ _507_/A (sg13g2_inv_1)
     1    0.004365    0.041745    0.064135    1.288457 v _507_/Y (sg13g2_inv_1)
                                                         _181_ (net)
                      0.041745    0.000092    1.288549 v hold399/A (sg13g2_dlygate4sd3_1)
     1    0.005384    0.069153    0.606792    1.895341 v hold399/X (sg13g2_dlygate4sd3_1)
                                                         net398 (net)
                      0.069153    0.000115    1.895456 v _509_/A1 (sg13g2_o21ai_1)
     1    0.005382    0.064691    0.166305    2.061761 ^ _509_/Y (sg13g2_o21ai_1)
                                                         sram_din[24] (net)
                      0.064691    0.000128    2.061889 ^ hold613/A (sg13g2_dlygate4sd3_1)
     1    0.005187    0.068125    0.588597    2.650486 ^ hold613/X (sg13g2_dlygate4sd3_1)
                                                         net612 (net)
                      0.068125    0.000119    2.650605 ^ hold400/A (sg13g2_dlygate4sd3_1)
     1    0.009030    0.089889    0.611932    3.262537 ^ hold400/X (sg13g2_dlygate4sd3_1)
                                                         net399 (net)
                      0.119852    0.000000    3.262537 ^ u_sram/A_DIN[24] (RM_IHPSG13_1P_1024x32_c2_bm_bist)
                                              3.262537   data arrival time

                                  0.000000    0.000000   clock clk_i (rise edge)
                                  0.000000    0.000000   clock source latency
     2    0.071915    0.000000    0.000000    0.000000 ^ clk_i (in)
                                                         clk_i (net)
                      0.007642    0.003821    0.003821 ^ delaybuf_0_clk_i/A (sg13g2_buf_16)
     1    0.025595    0.030873    0.084150    0.087972 ^ delaybuf_0_clk_i/X (sg13g2_buf_16)
                                                         delaynet_0_clk_i (net)
                      0.030895    0.001594    0.089566 ^ delaybuf_1_clk_i/A (sg13g2_buf_16)
     1    0.023706    0.031007    0.096824    0.186389 ^ delaybuf_1_clk_i/X (sg13g2_buf_16)
                                                         delaynet_1_clk_i (net)
                      0.031018    0.001183    0.187572 ^ clkbuf_0_clk_i/A (sg13g2_buf_16)
     1    0.018301    0.029106    0.095384    0.282956 ^ clkbuf_0_clk_i/X (sg13g2_buf_16)
                                                         clknet_0_clk_i (net)
                      0.029106    0.000223    0.283179 ^ clkbuf_1_0__f_clk_i/A (sg13g2_buf_16)
     1    0.003790    0.023734    0.089874    0.373052 ^ clkbuf_1_0__f_clk_i/X (sg13g2_buf_16)
                                                         clknet_1_0__leaf_clk_i (net)
                      0.031646    0.000000    0.373052 ^ u_sram/A_CLK (RM_IHPSG13_1P_1024x32_c2_bm_bist)
                                  0.200000    0.573053   clock uncertainty
                                  0.000000    0.573053   clock reconvergence pessimism
                                  0.814579    1.387632   library hold time
                                              1.387632   data required time
---------------------------------------------------------------------------------------------
                                              1.387632   data required time
                                             -3.262537   data arrival time
---------------------------------------------------------------------------------------------
                                              1.874905   slack (MET)


Startpoint: _827_ (rising edge-triggered flip-flop clocked by clk_i)
Endpoint: s_axil_rresp[0] (output port clocked by clk_i)
Path Group: clk_i
Path Type: min

Fanout         Cap        Slew       Delay        Time   Description
---------------------------------------------------------------------------------------------
                                  0.000000    0.000000   clock clk_i (rise edge)
                                  0.000000    0.000000   clock source latency
     2    0.067269    0.000000    0.000000    0.000000 ^ clk_i (in)
                                                         clk_i (net)
                      0.016385    0.008193    0.008193 ^ clkbuf_regs_0_clk_i/A (sg13g2_buf_16)
     1    0.015676    0.027653    0.086298    0.094491 ^ clkbuf_regs_0_clk_i/X (sg13g2_buf_16)
                                                         clk_i_regs (net)
                      0.027653    0.000160    0.094650 ^ clkbuf_0_clk_i_regs/A (sg13g2_buf_16)
    16    0.164023    0.082918    0.132617    0.227268 ^ clkbuf_0_clk_i_regs/X (sg13g2_buf_16)
                                                         clknet_0_clk_i_regs (net)
                      0.085880    0.012305    0.239572 ^ clkbuf_4_13_0_clk_i_regs/A (sg13g2_buf_8)
     7    0.025146    0.041647    0.136263    0.375835 ^ clkbuf_4_13_0_clk_i_regs/X (sg13g2_buf_8)
                                                         clknet_4_13_0_clk_i_regs (net)
                      0.041647    0.000706    0.376541 ^ _827_/CLK (sg13g2_dfrbpq_1)
     3    0.070815    0.366954    0.509936    0.886477 v _827_/Q (sg13g2_dfrbpq_1)
                                                         net188 (net)
                      0.368782    0.021243    0.907720 v _971_/A (sg13g2_buf_1)
     1    0.002419    0.041807    0.203153    1.110872 v _971_/X (sg13g2_buf_1)
                                                         net187 (net)
                      0.041807    0.000018    1.110890 v output187/A (sg13g2_buf_1)
     1    0.100000    0.511161    0.464104    1.574994 v output187/X (sg13g2_buf_1)
                                                         s_axil_rresp[0] (net)
                      0.511161    0.000000    1.574994 v s_axil_rresp[0] (out)
                                              1.574994   data arrival time

                                  0.000000    0.000000   clock clk_i (rise edge)
                                  0.000000    0.000000   clock network delay (propagated)
                                  0.200000    0.200000   clock uncertainty
                                  0.000000    0.200000   clock reconvergence pessimism
                                 -0.500000   -0.300000   output external delay
                                             -0.300000   data required time
---------------------------------------------------------------------------------------------
                                             -0.300000   data required time
                                             -1.574994   data arrival time
---------------------------------------------------------------------------------------------
                                              1.874994   slack (MET)


Startpoint: _864_ (rising edge-triggered flip-flop clocked by clk_i)
Endpoint: u_sram (rising edge-triggered flip-flop clocked by clk_i)
Path Group: clk_i
Path Type: min

Fanout         Cap        Slew       Delay        Time   Description
---------------------------------------------------------------------------------------------
                                  0.000000    0.000000   clock clk_i (rise edge)
                                  0.000000    0.000000   clock source latency
     2    0.067269    0.000000    0.000000    0.000000 ^ clk_i (in)
                                                         clk_i (net)
                      0.016385    0.008193    0.008193 ^ clkbuf_regs_0_clk_i/A (sg13g2_buf_16)
     1    0.015676    0.027653    0.086298    0.094491 ^ clkbuf_regs_0_clk_i/X (sg13g2_buf_16)
                                                         clk_i_regs (net)
                      0.027653    0.000160    0.094650 ^ clkbuf_0_clk_i_regs/A (sg13g2_buf_16)
    16    0.164023    0.082918    0.132617    0.227268 ^ clkbuf_0_clk_i_regs/X (sg13g2_buf_16)
                                                         clknet_0_clk_i_regs (net)
                      0.084770    0.009728    0.236995 ^ clkbuf_4_10_0_clk_i_regs/A (sg13g2_buf_8)
     7    0.030865    0.045457    0.138782    0.375777 ^ clkbuf_4_10_0_clk_i_regs/X (sg13g2_buf_8)
                                                         clknet_4_10_0_clk_i_regs (net)
                      0.045480    0.001637    0.377415 ^ _864_/CLK (sg13g2_dfrbpq_1)
     1    0.002071    0.032432    0.261705    0.639120 ^ _864_/Q (sg13g2_dfrbpq_1)
                                                         wdata_q[23] (net)
                      0.032432    0.000018    0.639138 ^ hold401/A (sg13g2_dlygate4sd3_1)
     2    0.007040    0.078500    0.579985    1.219123 ^ hold401/X (sg13g2_dlygate4sd3_1)
                                                         net400 (net)
                      0.078500    0.000033    1.219156 ^ _504_/A (sg13g2_inv_1)
     1    0.004894    0.043843    0.066198    1.285354 v _504_/Y (sg13g2_inv_1)
                                                         _179_ (net)
                      0.043843    0.000116    1.285470 v hold402/A (sg13g2_dlygate4sd3_1)
     1    0.005768    0.070674    0.610099    1.895570 v hold402/X (sg13g2_dlygate4sd3_1)
                                                         net401 (net)
                      0.070674    0.000136    1.895706 v _506_/A1 (sg13g2_o21ai_1)
     1    0.005805    0.067204    0.171538    2.067244 ^ _506_/Y (sg13g2_o21ai_1)
                                                         sram_din[23] (net)
                      0.067204    0.000150    2.067394 ^ hold601/A (sg13g2_dlygate4sd3_1)
     1    0.004366    0.064202    0.585516    2.652909 ^ hold601/X (sg13g2_dlygate4sd3_1)
                                                         net600 (net)
                      0.064202    0.000084    2.652994 ^ hold403/A (sg13g2_dlygate4sd3_1)
     1    0.009467    0.092444    0.612052    3.265045 ^ hold403/X (sg13g2_dlygate4sd3_1)
                                                         net402 (net)
                      0.123259    0.000000    3.265045 ^ u_sram/A_DIN[23] (RM_IHPSG13_1P_1024x32_c2_bm_bist)
                                              3.265045   data arrival time

                                  0.000000    0.000000   clock clk_i (rise edge)
                                  0.000000    0.000000   clock source latency
     2    0.071915    0.000000    0.000000    0.000000 ^ clk_i (in)
                                                         clk_i (net)
                      0.007642    0.003821    0.003821 ^ delaybuf_0_clk_i/A (sg13g2_buf_16)
     1    0.025595    0.030873    0.084150    0.087972 ^ delaybuf_0_clk_i/X (sg13g2_buf_16)
                                                         delaynet_0_clk_i (net)
                      0.030895    0.001594    0.089566 ^ delaybuf_1_clk_i/A (sg13g2_buf_16)
     1    0.023706    0.031007    0.096824    0.186389 ^ delaybuf_1_clk_i/X (sg13g2_buf_16)
                                                         delaynet_1_clk_i (net)
                      0.031018    0.001183    0.187572 ^ clkbuf_0_clk_i/A (sg13g2_buf_16)
     1    0.018301    0.029106    0.095384    0.282956 ^ clkbuf_0_clk_i/X (sg13g2_buf_16)
                                                         clknet_0_clk_i (net)
                      0.029106    0.000223    0.283179 ^ clkbuf_1_0__f_clk_i/A (sg13g2_buf_16)
     1    0.003790    0.023734    0.089874    0.373052 ^ clkbuf_1_0__f_clk_i/X (sg13g2_buf_16)
                                                         clknet_1_0__leaf_clk_i (net)
                      0.031646    0.000000    0.373052 ^ u_sram/A_CLK (RM_IHPSG13_1P_1024x32_c2_bm_bist)
                                  0.200000    0.573053   clock uncertainty
                                  0.000000    0.573053   clock reconvergence pessimism
                                  0.811402    1.384454   library hold time
                                              1.384454   data required time
---------------------------------------------------------------------------------------------
                                              1.384454   data required time
                                             -3.265045   data arrival time
---------------------------------------------------------------------------------------------
                                              1.880591   slack (MET)


Startpoint: _861_ (rising edge-triggered flip-flop clocked by clk_i)
Endpoint: u_sram (rising edge-triggered flip-flop clocked by clk_i)
Path Group: clk_i
Path Type: min

Fanout         Cap        Slew       Delay        Time   Description
---------------------------------------------------------------------------------------------
                                  0.000000    0.000000   clock clk_i (rise edge)
                                  0.000000    0.000000   clock source latency
     2    0.067269    0.000000    0.000000    0.000000 ^ clk_i (in)
                                                         clk_i (net)
                      0.016385    0.008193    0.008193 ^ clkbuf_regs_0_clk_i/A (sg13g2_buf_16)
     1    0.015676    0.027653    0.086298    0.094491 ^ clkbuf_regs_0_clk_i/X (sg13g2_buf_16)
                                                         clk_i_regs (net)
                      0.027653    0.000160    0.094650 ^ clkbuf_0_clk_i_regs/A (sg13g2_buf_16)
    16    0.164023    0.082918    0.132617    0.227268 ^ clkbuf_0_clk_i_regs/X (sg13g2_buf_16)
                                                         clknet_0_clk_i_regs (net)
                      0.084770    0.009728    0.236995 ^ clkbuf_4_10_0_clk_i_regs/A (sg13g2_buf_8)
     7    0.030865    0.045457    0.138782    0.375777 ^ clkbuf_4_10_0_clk_i_regs/X (sg13g2_buf_8)
                                                         clknet_4_10_0_clk_i_regs (net)
                      0.045470    0.001098    0.376876 ^ _861_/CLK (sg13g2_dfrbpq_1)
     1    0.002483    0.034702    0.263575    0.640451 ^ _861_/Q (sg13g2_dfrbpq_1)
                                                         wdata_q[20] (net)
                      0.034702    0.000028    0.640478 ^ hold404/A (sg13g2_dlygate4sd3_1)
     2    0.006682    0.076532    0.579322    1.219801 ^ hold404/X (sg13g2_dlygate4sd3_1)
                                                         net403 (net)
                      0.076532    0.000020    1.219821 ^ _495_/A (sg13g2_inv_1)
     1    0.004345    0.041114    0.062930    1.282751 v _495_/Y (sg13g2_inv_1)
                                                         _173_ (net)
                      0.041114    0.000091    1.282842 v hold405/A (sg13g2_dlygate4sd3_1)
     1    0.004914    0.067379    0.603822    1.886664 v hold405/X (sg13g2_dlygate4sd3_1)
                                                         net404 (net)
                      0.067379    0.000094    1.886758 v _497_/A1 (sg13g2_o21ai_1)
     1    0.005292    0.062162    0.164568    2.051326 ^ _497_/Y (sg13g2_o21ai_1)
                                                         sram_din[20] (net)
                      0.062162    0.000122    2.051448 ^ hold610/A (sg13g2_dlygate4sd3_1)
     1    0.006720    0.076764    0.595621    2.647069 ^ hold610/X (sg13g2_dlygate4sd3_1)
                                                         net609 (net)
                      0.076764    0.000202    2.647271 ^ hold406/A (sg13g2_dlygate4sd3_1)
     1    0.010202    0.096803    0.623481    3.270752 ^ hold406/X (sg13g2_dlygate4sd3_1)
                                                         net405 (net)
                      0.129071    0.000000    3.270752 ^ u_sram/A_DIN[20] (RM_IHPSG13_1P_1024x32_c2_bm_bist)
                                              3.270752   data arrival time

                                  0.000000    0.000000   clock clk_i (rise edge)
                                  0.000000    0.000000   clock source latency
     2    0.071915    0.000000    0.000000    0.000000 ^ clk_i (in)
                                                         clk_i (net)
                      0.007642    0.003821    0.003821 ^ delaybuf_0_clk_i/A (sg13g2_buf_16)
     1    0.025595    0.030873    0.084150    0.087972 ^ delaybuf_0_clk_i/X (sg13g2_buf_16)
                                                         delaynet_0_clk_i (net)
                      0.030895    0.001594    0.089566 ^ delaybuf_1_clk_i/A (sg13g2_buf_16)
     1    0.023706    0.031007    0.096824    0.186389 ^ delaybuf_1_clk_i/X (sg13g2_buf_16)
                                                         delaynet_1_clk_i (net)
                      0.031018    0.001183    0.187572 ^ clkbuf_0_clk_i/A (sg13g2_buf_16)
     1    0.018301    0.029106    0.095384    0.282956 ^ clkbuf_0_clk_i/X (sg13g2_buf_16)
                                                         clknet_0_clk_i (net)
                      0.029106    0.000223    0.283179 ^ clkbuf_1_0__f_clk_i/A (sg13g2_buf_16)
     1    0.003790    0.023734    0.089874    0.373052 ^ clkbuf_1_0__f_clk_i/X (sg13g2_buf_16)
                                                         clknet_1_0__leaf_clk_i (net)
                      0.031646    0.000000    0.373052 ^ u_sram/A_CLK (RM_IHPSG13_1P_1024x32_c2_bm_bist)
                                  0.200000    0.573053   clock uncertainty
                                  0.000000    0.573053   clock reconvergence pessimism
                                  0.805980    1.379033   library hold time
                                              1.379033   data required time
---------------------------------------------------------------------------------------------
                                              1.379033   data required time
                                             -3.270752   data arrival time
---------------------------------------------------------------------------------------------
                                              1.891719   slack (MET)


Startpoint: _859_ (rising edge-triggered flip-flop clocked by clk_i)
Endpoint: u_sram (rising edge-triggered flip-flop clocked by clk_i)
Path Group: clk_i
Path Type: min

Fanout         Cap        Slew       Delay        Time   Description
---------------------------------------------------------------------------------------------
                                  0.000000    0.000000   clock clk_i (rise edge)
                                  0.000000    0.000000   clock source latency
     2    0.067269    0.000000    0.000000    0.000000 ^ clk_i (in)
                                                         clk_i (net)
                      0.016385    0.008193    0.008193 ^ clkbuf_regs_0_clk_i/A (sg13g2_buf_16)
     1    0.015676    0.027653    0.086298    0.094491 ^ clkbuf_regs_0_clk_i/X (sg13g2_buf_16)
                                                         clk_i_regs (net)
                      0.027653    0.000160    0.094650 ^ clkbuf_0_clk_i_regs/A (sg13g2_buf_16)
    16    0.164023    0.082918    0.132617    0.227268 ^ clkbuf_0_clk_i_regs/X (sg13g2_buf_16)
                                                         clknet_0_clk_i_regs (net)
                      0.083557    0.005834    0.233102 ^ clkbuf_4_7_0_clk_i_regs/A (sg13g2_buf_8)
     7    0.036137    0.048921    0.141016    0.374118 ^ clkbuf_4_7_0_clk_i_regs/X (sg13g2_buf_8)
                                                         clknet_4_7_0_clk_i_regs (net)
                      0.049111    0.002814    0.376933 ^ _859_/CLK (sg13g2_dfrbpq_1)
     1    0.001845    0.031177    0.262713    0.639646 ^ _859_/Q (sg13g2_dfrbpq_1)
                                                         wdata_q[18] (net)
                      0.031177    0.000014    0.639660 ^ hold407/A (sg13g2_dlygate4sd3_1)
     2    0.006439    0.075208    0.575902    1.215562 ^ hold407/X (sg13g2_dlygate4sd3_1)
                                                         net406 (net)
                      0.075208    0.000035    1.215597 ^ _488_/A (sg13g2_inv_1)
     1    0.004875    0.043141    0.064801    1.280398 v _488_/Y (sg13g2_inv_1)
                                                         _168_ (net)
                      0.043141    0.000115    1.280513 v hold408/A (sg13g2_dlygate4sd3_1)
     1    0.006057    0.072667    0.611318    1.891831 v hold408/X (sg13g2_dlygate4sd3_1)
                                                         net407 (net)
                      0.072667    0.000154    1.891985 v _490_/A1 (sg13g2_o21ai_1)
     1    0.004308    0.057223    0.156203    2.048188 ^ _490_/Y (sg13g2_o21ai_1)
                                                         sram_din[18] (net)
                      0.057223    0.000082    2.048270 ^ hold619/A (sg13g2_dlygate4sd3_1)
     1    0.008417    0.086334    0.602132    2.650402 ^ hold619/X (sg13g2_dlygate4sd3_1)
                                                         net618 (net)
                      0.086334    0.000315    2.650717 ^ hold409/A (sg13g2_dlygate4sd3_1)
     1    0.010109    0.096257    0.628575    3.279292 ^ hold409/X (sg13g2_dlygate4sd3_1)
                                                         net408 (net)
                      0.128342    0.000000    3.279292 ^ u_sram/A_DIN[18] (RM_IHPSG13_1P_1024x32_c2_bm_bist)
                                              3.279292   data arrival time

                                  0.000000    0.000000   clock clk_i (rise edge)
                                  0.000000    0.000000   clock source latency
     2    0.071915    0.000000    0.000000    0.000000 ^ clk_i (in)
                                                         clk_i (net)
                      0.007642    0.003821    0.003821 ^ delaybuf_0_clk_i/A (sg13g2_buf_16)
     1    0.025595    0.030873    0.084150    0.087972 ^ delaybuf_0_clk_i/X (sg13g2_buf_16)
                                                         delaynet_0_clk_i (net)
                      0.030895    0.001594    0.089566 ^ delaybuf_1_clk_i/A (sg13g2_buf_16)
     1    0.023706    0.031007    0.096824    0.186389 ^ delaybuf_1_clk_i/X (sg13g2_buf_16)
                                                         delaynet_1_clk_i (net)
                      0.031018    0.001183    0.187572 ^ clkbuf_0_clk_i/A (sg13g2_buf_16)
     1    0.018301    0.029106    0.095384    0.282956 ^ clkbuf_0_clk_i/X (sg13g2_buf_16)
                                                         clknet_0_clk_i (net)
                      0.029106    0.000223    0.283179 ^ clkbuf_1_0__f_clk_i/A (sg13g2_buf_16)
     1    0.003790    0.023734    0.089874    0.373052 ^ clkbuf_1_0__f_clk_i/X (sg13g2_buf_16)
                                                         clknet_1_0__leaf_clk_i (net)
                      0.031646    0.000000    0.373052 ^ u_sram/A_CLK (RM_IHPSG13_1P_1024x32_c2_bm_bist)
                                  0.200000    0.573053   clock uncertainty
                                  0.000000    0.573053   clock reconvergence pessimism
                                  0.806660    1.379712   library hold time
                                              1.379712   data required time
---------------------------------------------------------------------------------------------
                                              1.379712   data required time
                                             -3.279292   data arrival time
---------------------------------------------------------------------------------------------
                                              1.899580   slack (MET)


Startpoint: _862_ (rising edge-triggered flip-flop clocked by clk_i)
Endpoint: u_sram (rising edge-triggered flip-flop clocked by clk_i)
Path Group: clk_i
Path Type: min

Fanout         Cap        Slew       Delay        Time   Description
---------------------------------------------------------------------------------------------
                                  0.000000    0.000000   clock clk_i (rise edge)
                                  0.000000    0.000000   clock source latency
     2    0.067269    0.000000    0.000000    0.000000 ^ clk_i (in)
                                                         clk_i (net)
                      0.016385    0.008193    0.008193 ^ clkbuf_regs_0_clk_i/A (sg13g2_buf_16)
     1    0.015676    0.027653    0.086298    0.094491 ^ clkbuf_regs_0_clk_i/X (sg13g2_buf_16)
                                                         clk_i_regs (net)
                      0.027653    0.000160    0.094650 ^ clkbuf_0_clk_i_regs/A (sg13g2_buf_16)
    16    0.164023    0.082918    0.132617    0.227268 ^ clkbuf_0_clk_i_regs/X (sg13g2_buf_16)
                                                         clknet_0_clk_i_regs (net)
                      0.084770    0.009728    0.236995 ^ clkbuf_4_10_0_clk_i_regs/A (sg13g2_buf_8)
     7    0.030865    0.045457    0.138782    0.375777 ^ clkbuf_4_10_0_clk_i_regs/X (sg13g2_buf_8)
                                                         clknet_4_10_0_clk_i_regs (net)
                      0.045477    0.001484    0.377262 ^ _862_/CLK (sg13g2_dfrbpq_1)
     1    0.002016    0.032128    0.261452    0.638714 ^ _862_/Q (sg13g2_dfrbpq_1)
                                                         wdata_q[21] (net)
                      0.032128    0.000017    0.638731 ^ hold414/A (sg13g2_dlygate4sd3_1)
     2    0.006627    0.076234    0.577509    1.216239 ^ hold414/X (sg13g2_dlygate4sd3_1)
                                                         net413 (net)
                      0.076234    0.000048    1.216288 ^ _498_/A (sg13g2_inv_1)
     1    0.004853    0.043239    0.065111    1.281399 v _498_/Y (sg13g2_inv_1)
                                                         _175_ (net)
                      0.043239    0.000114    1.281513 v hold415/A (sg13g2_dlygate4sd3_1)
     1    0.005845    0.070982    0.610191    1.891705 v hold415/X (sg13g2_dlygate4sd3_1)
                                                         net414 (net)
                      0.071732    0.000143    1.891847 v _500_/A1 (sg13g2_o21ai_1)
     1    0.005597    0.064610    0.169748    2.061595 ^ _500_/Y (sg13g2_o21ai_1)
                                                         sram_din[21] (net)
                      0.064610    0.000138    2.061733 ^ hold598/A (sg13g2_dlygate4sd3_1)
     1    0.007128    0.079016    0.599321    2.661054 ^ hold598/X (sg13g2_dlygate4sd3_1)
                                                         net597 (net)
                      0.079016    0.000228    2.661283 ^ hold416/A (sg13g2_dlygate4sd3_1)
     1    0.010098    0.096187    0.624227    3.285509 ^ hold416/X (sg13g2_dlygate4sd3_1)
                                                         net415 (net)
                      0.128250    0.000000    3.285509 ^ u_sram/A_DIN[21] (RM_IHPSG13_1P_1024x32_c2_bm_bist)
                                              3.285509   data arrival time

                                  0.000000    0.000000   clock clk_i (rise edge)
                                  0.000000    0.000000   clock source latency
     2    0.071915    0.000000    0.000000    0.000000 ^ clk_i (in)
                                                         clk_i (net)
                      0.007642    0.003821    0.003821 ^ delaybuf_0_clk_i/A (sg13g2_buf_16)
     1    0.025595    0.030873    0.084150    0.087972 ^ delaybuf_0_clk_i/X (sg13g2_buf_16)
                                                         delaynet_0_clk_i (net)
                      0.030895    0.001594    0.089566 ^ delaybuf_1_clk_i/A (sg13g2_buf_16)
     1    0.023706    0.031007    0.096824    0.186389 ^ delaybuf_1_clk_i/X (sg13g2_buf_16)
                                                         delaynet_1_clk_i (net)
                      0.031018    0.001183    0.187572 ^ clkbuf_0_clk_i/A (sg13g2_buf_16)
     1    0.018301    0.029106    0.095384    0.282956 ^ clkbuf_0_clk_i/X (sg13g2_buf_16)
                                                         clknet_0_clk_i (net)
                      0.029106    0.000223    0.283179 ^ clkbuf_1_0__f_clk_i/A (sg13g2_buf_16)
     1    0.003790    0.023734    0.089874    0.373052 ^ clkbuf_1_0__f_clk_i/X (sg13g2_buf_16)
                                                         clknet_1_0__leaf_clk_i (net)
                      0.031646    0.000000    0.373052 ^ u_sram/A_CLK (RM_IHPSG13_1P_1024x32_c2_bm_bist)
                                  0.200000    0.573053   clock uncertainty
                                  0.000000    0.573053   clock reconvergence pessimism
                                  0.806746    1.379798   library hold time
                                              1.379798   data required time
---------------------------------------------------------------------------------------------
                                              1.379798   data required time
                                             -3.285509   data arrival time
---------------------------------------------------------------------------------------------
                                              1.905711   slack (MET)


Startpoint: _860_ (rising edge-triggered flip-flop clocked by clk_i)
Endpoint: u_sram (rising edge-triggered flip-flop clocked by clk_i)
Path Group: clk_i
Path Type: min

Fanout         Cap        Slew       Delay        Time   Description
---------------------------------------------------------------------------------------------
                                  0.000000    0.000000   clock clk_i (rise edge)
                                  0.000000    0.000000   clock source latency
     2    0.067269    0.000000    0.000000    0.000000 ^ clk_i (in)
                                                         clk_i (net)
                      0.016385    0.008193    0.008193 ^ clkbuf_regs_0_clk_i/A (sg13g2_buf_16)
     1    0.015676    0.027653    0.086298    0.094491 ^ clkbuf_regs_0_clk_i/X (sg13g2_buf_16)
                                                         clk_i_regs (net)
                      0.027653    0.000160    0.094650 ^ clkbuf_0_clk_i_regs/A (sg13g2_buf_16)
    16    0.164023    0.082918    0.132617    0.227268 ^ clkbuf_0_clk_i_regs/X (sg13g2_buf_16)
                                                         clknet_0_clk_i_regs (net)
                      0.083557    0.005834    0.233102 ^ clkbuf_4_7_0_clk_i_regs/A (sg13g2_buf_8)
     7    0.036137    0.048921    0.141016    0.374118 ^ clkbuf_4_7_0_clk_i_regs/X (sg13g2_buf_8)
                                                         clknet_4_7_0_clk_i_regs (net)
                      0.049115    0.002845    0.376963 ^ _860_/CLK (sg13g2_dfrbpq_1)
     1    0.001856    0.031243    0.262769    0.639732 ^ _860_/Q (sg13g2_dfrbpq_1)
                                                         wdata_q[19] (net)
                      0.031243    0.000014    0.639746 ^ hold421/A (sg13g2_dlygate4sd3_1)
     2    0.006525    0.075674    0.576419    1.216166 ^ hold421/X (sg13g2_dlygate4sd3_1)
                                                         net420 (net)
                      0.075674    0.000038    1.216204 ^ _491_/A (sg13g2_inv_1)
     1    0.004896    0.043334    0.065082    1.281286 v _491_/Y (sg13g2_inv_1)
                                                         _170_ (net)
                      0.043334    0.000116    1.281402 v hold422/A (sg13g2_dlygate4sd3_1)
     1    0.005974    0.072301    0.610962    1.892363 v hold422/X (sg13g2_dlygate4sd3_1)
                                                         net421 (net)
                      0.072301    0.000149    1.892513 v _494_/A1 (sg13g2_o21ai_1)
     1    0.005511    0.063508    0.169065    2.061577 ^ _494_/Y (sg13g2_o21ai_1)
                                                         sram_din[19] (net)
                      0.063508    0.000134    2.061711 ^ hold616/A (sg13g2_dlygate4sd3_1)
     1    0.007300    0.079972    0.599628    2.661340 ^ hold616/X (sg13g2_dlygate4sd3_1)
                                                         net615 (net)
                      0.079972    0.000239    2.661579 ^ hold423/A (sg13g2_dlygate4sd3_1)
     1    0.010607    0.099219    0.627598    3.289177 ^ hold423/X (sg13g2_dlygate4sd3_1)
                                                         net422 (net)
                      0.132292    0.000000    3.289177 ^ u_sram/A_DIN[19] (RM_IHPSG13_1P_1024x32_c2_bm_bist)
                                              3.289177   data arrival time

                                  0.000000    0.000000   clock clk_i (rise edge)
                                  0.000000    0.000000   clock source latency
     2    0.071915    0.000000    0.000000    0.000000 ^ clk_i (in)
                                                         clk_i (net)
                      0.007642    0.003821    0.003821 ^ delaybuf_0_clk_i/A (sg13g2_buf_16)
     1    0.025595    0.030873    0.084150    0.087972 ^ delaybuf_0_clk_i/X (sg13g2_buf_16)
                                                         delaynet_0_clk_i (net)
                      0.030895    0.001594    0.089566 ^ delaybuf_1_clk_i/A (sg13g2_buf_16)
     1    0.023706    0.031007    0.096824    0.186389 ^ delaybuf_1_clk_i/X (sg13g2_buf_16)
                                                         delaynet_1_clk_i (net)
                      0.031018    0.001183    0.187572 ^ clkbuf_0_clk_i/A (sg13g2_buf_16)
     1    0.018301    0.029106    0.095384    0.282956 ^ clkbuf_0_clk_i/X (sg13g2_buf_16)
                                                         clknet_0_clk_i (net)
                      0.029106    0.000223    0.283179 ^ clkbuf_1_0__f_clk_i/A (sg13g2_buf_16)
     1    0.003790    0.023734    0.089874    0.373052 ^ clkbuf_1_0__f_clk_i/X (sg13g2_buf_16)
                                                         clknet_1_0__leaf_clk_i (net)
                      0.031646    0.000000    0.373052 ^ u_sram/A_CLK (RM_IHPSG13_1P_1024x32_c2_bm_bist)
                                  0.200000    0.573053   clock uncertainty
                                  0.000000    0.573053   clock reconvergence pessimism
                                  0.802975    1.376028   library hold time
                                              1.376028   data required time
---------------------------------------------------------------------------------------------
                                              1.376028   data required time
                                             -3.289177   data arrival time
---------------------------------------------------------------------------------------------
                                              1.913149   slack (MET)


Startpoint: _857_ (rising edge-triggered flip-flop clocked by clk_i)
Endpoint: u_sram (rising edge-triggered flip-flop clocked by clk_i)
Path Group: clk_i
Path Type: min

Fanout         Cap        Slew       Delay        Time   Description
---------------------------------------------------------------------------------------------
                                  0.000000    0.000000   clock clk_i (rise edge)
                                  0.000000    0.000000   clock source latency
     2    0.067269    0.000000    0.000000    0.000000 ^ clk_i (in)
                                                         clk_i (net)
                      0.016385    0.008193    0.008193 ^ clkbuf_regs_0_clk_i/A (sg13g2_buf_16)
     1    0.015676    0.027653    0.086298    0.094491 ^ clkbuf_regs_0_clk_i/X (sg13g2_buf_16)
                                                         clk_i_regs (net)
                      0.027653    0.000160    0.094650 ^ clkbuf_0_clk_i_regs/A (sg13g2_buf_16)
    16    0.164023    0.082918    0.132617    0.227268 ^ clkbuf_0_clk_i_regs/X (sg13g2_buf_16)
                                                         clknet_0_clk_i_regs (net)
                      0.083551    0.005812    0.233079 ^ clkbuf_4_5_0_clk_i_regs/A (sg13g2_buf_8)
     7    0.036325    0.049055    0.141482    0.374561 ^ clkbuf_4_5_0_clk_i_regs/X (sg13g2_buf_8)
                                                         clknet_4_5_0_clk_i_regs (net)
                      0.049073    0.001540    0.376101 ^ _857_/CLK (sg13g2_dfrbpq_1)
     1    0.002246    0.033399    0.264524    0.640625 ^ _857_/Q (sg13g2_dfrbpq_1)
                                                         wdata_q[16] (net)
                      0.033399    0.000022    0.640647 ^ hold424/A (sg13g2_dlygate4sd3_1)
     2    0.006682    0.076531    0.578559    1.219206 ^ hold424/X (sg13g2_dlygate4sd3_1)
                                                         net423 (net)
                      0.076531    0.000027    1.219233 ^ _482_/A (sg13g2_inv_1)
     1    0.004538    0.041936    0.063805    1.283038 v _482_/Y (sg13g2_inv_1)
                                                         _164_ (net)
                      0.041936    0.000099    1.283137 v hold425/A (sg13g2_dlygate4sd3_1)
     1    0.005384    0.069153    0.606898    1.890035 v hold425/X (sg13g2_dlygate4sd3_1)
                                                         net424 (net)
                      0.069153    0.000115    1.890150 v _484_/A1 (sg13g2_o21ai_1)
     1    0.006518    0.070948    0.178588    2.068738 ^ _484_/Y (sg13g2_o21ai_1)
                                                         sram_din[16] (net)
                      0.070948    0.000190    2.068928 ^ hold625/A (sg13g2_dlygate4sd3_1)
     1    0.005480    0.069542    0.593900    2.662827 ^ hold625/X (sg13g2_dlygate4sd3_1)
                                                         net624 (net)
                      0.069542    0.000131    2.662958 ^ hold426/A (sg13g2_dlygate4sd3_1)
     1    0.011090    0.102112    0.624160    3.287118 ^ hold426/X (sg13g2_dlygate4sd3_1)
                                                         net425 (net)
                      0.136150    0.000000    3.287118 ^ u_sram/A_DIN[16] (RM_IHPSG13_1P_1024x32_c2_bm_bist)
                                              3.287118   data arrival time

                                  0.000000    0.000000   clock clk_i (rise edge)
                                  0.000000    0.000000   clock source latency
     2    0.071915    0.000000    0.000000    0.000000 ^ clk_i (in)
                                                         clk_i (net)
                      0.007642    0.003821    0.003821 ^ delaybuf_0_clk_i/A (sg13g2_buf_16)
     1    0.025595    0.030873    0.084150    0.087972 ^ delaybuf_0_clk_i/X (sg13g2_buf_16)
                                                         delaynet_0_clk_i (net)
                      0.030895    0.001594    0.089566 ^ delaybuf_1_clk_i/A (sg13g2_buf_16)
     1    0.023706    0.031007    0.096824    0.186389 ^ delaybuf_1_clk_i/X (sg13g2_buf_16)
                                                         delaynet_1_clk_i (net)
                      0.031018    0.001183    0.187572 ^ clkbuf_0_clk_i/A (sg13g2_buf_16)
     1    0.018301    0.029106    0.095384    0.282956 ^ clkbuf_0_clk_i/X (sg13g2_buf_16)
                                                         clknet_0_clk_i (net)
                      0.029106    0.000223    0.283179 ^ clkbuf_1_0__f_clk_i/A (sg13g2_buf_16)
     1    0.003790    0.023734    0.089874    0.373052 ^ clkbuf_1_0__f_clk_i/X (sg13g2_buf_16)
                                                         clknet_1_0__leaf_clk_i (net)
                      0.031646    0.000000    0.373052 ^ u_sram/A_CLK (RM_IHPSG13_1P_1024x32_c2_bm_bist)
                                  0.200000    0.573053   clock uncertainty
                                  0.000000    0.573053   clock reconvergence pessimism
                                  0.799377    1.372429   library hold time
                                              1.372429   data required time
---------------------------------------------------------------------------------------------
                                              1.372429   data required time
                                             -3.287118   data arrival time
---------------------------------------------------------------------------------------------
                                              1.914689   slack (MET)


Startpoint: _858_ (rising edge-triggered flip-flop clocked by clk_i)
Endpoint: u_sram (rising edge-triggered flip-flop clocked by clk_i)
Path Group: clk_i
Path Type: min

Fanout         Cap        Slew       Delay        Time   Description
---------------------------------------------------------------------------------------------
                                  0.000000    0.000000   clock clk_i (rise edge)
                                  0.000000    0.000000   clock source latency
     2    0.067269    0.000000    0.000000    0.000000 ^ clk_i (in)
                                                         clk_i (net)
                      0.016385    0.008193    0.008193 ^ clkbuf_regs_0_clk_i/A (sg13g2_buf_16)
     1    0.015676    0.027653    0.086298    0.094491 ^ clkbuf_regs_0_clk_i/X (sg13g2_buf_16)
                                                         clk_i_regs (net)
                      0.027653    0.000160    0.094650 ^ clkbuf_0_clk_i_regs/A (sg13g2_buf_16)
    16    0.164023    0.082918    0.132617    0.227268 ^ clkbuf_0_clk_i_regs/X (sg13g2_buf_16)
                                                         clknet_0_clk_i_regs (net)
                      0.085601    0.011706    0.238973 ^ clkbuf_4_8_0_clk_i_regs/A (sg13g2_buf_8)
     7    0.031979    0.046242    0.140215    0.379188 ^ clkbuf_4_8_0_clk_i_regs/X (sg13g2_buf_8)
                                                         clknet_4_8_0_clk_i_regs (net)
                      0.046248    0.000966    0.380154 ^ _858_/CLK (sg13g2_dfrbpq_1)
     1    0.003895    0.042469    0.270448    0.650602 ^ _858_/Q (sg13g2_dfrbpq_1)
                                                         wdata_q[17] (net)
                      0.042469    0.000074    0.650675 ^ hold427/A (sg13g2_dlygate4sd3_1)
     2    0.009978    0.095418    0.602222    1.252898 ^ hold427/X (sg13g2_dlygate4sd3_1)
                                                         net426 (net)
                      0.095418    0.000090    1.252987 ^ _485_/A (sg13g2_inv_1)
     1    0.002328    0.036700    0.060676    1.313663 v _485_/Y (sg13g2_inv_1)
                                                         _166_ (net)
                      0.036700    0.000024    1.313687 v hold428/A (sg13g2_dlygate4sd3_1)
     1    0.003040    0.059362    0.590923    1.904610 v hold428/X (sg13g2_dlygate4sd3_1)
                                                         net427 (net)
                      0.059362    0.000019    1.904629 v _487_/A1 (sg13g2_o21ai_1)
     1    0.006475    0.070594    0.173865    2.078494 ^ _487_/Y (sg13g2_o21ai_1)
                                                         sram_din[17] (net)
                      0.070594    0.000188    2.078682 ^ hold622/A (sg13g2_dlygate4sd3_1)
     1    0.005867    0.072190    0.595838    2.674520 ^ hold622/X (sg13g2_dlygate4sd3_1)
                                                         net621 (net)
                      0.072190    0.000150    2.674670 ^ hold429/A (sg13g2_dlygate4sd3_1)
     1    0.010471    0.098400    0.622286    3.296956 ^ hold429/X (sg13g2_dlygate4sd3_1)
                                                         net428 (net)
                      0.131200    0.000000    3.296956 ^ u_sram/A_DIN[17] (RM_IHPSG13_1P_1024x32_c2_bm_bist)
                                              3.296956   data arrival time

                                  0.000000    0.000000   clock clk_i (rise edge)
                                  0.000000    0.000000   clock source latency
     2    0.071915    0.000000    0.000000    0.000000 ^ clk_i (in)
                                                         clk_i (net)
                      0.007642    0.003821    0.003821 ^ delaybuf_0_clk_i/A (sg13g2_buf_16)
     1    0.025595    0.030873    0.084150    0.087972 ^ delaybuf_0_clk_i/X (sg13g2_buf_16)
                                                         delaynet_0_clk_i (net)
                      0.030895    0.001594    0.089566 ^ delaybuf_1_clk_i/A (sg13g2_buf_16)
     1    0.023706    0.031007    0.096824    0.186389 ^ delaybuf_1_clk_i/X (sg13g2_buf_16)
                                                         delaynet_1_clk_i (net)
                      0.031018    0.001183    0.187572 ^ clkbuf_0_clk_i/A (sg13g2_buf_16)
     1    0.018301    0.029106    0.095384    0.282956 ^ clkbuf_0_clk_i/X (sg13g2_buf_16)
                                                         clknet_0_clk_i (net)
                      0.029106    0.000223    0.283179 ^ clkbuf_1_0__f_clk_i/A (sg13g2_buf_16)
     1    0.003790    0.023734    0.089874    0.373052 ^ clkbuf_1_0__f_clk_i/X (sg13g2_buf_16)
                                                         clknet_1_0__leaf_clk_i (net)
                      0.031646    0.000000    0.373052 ^ u_sram/A_CLK (RM_IHPSG13_1P_1024x32_c2_bm_bist)
                                  0.200000    0.573053   clock uncertainty
                                  0.000000    0.573053   clock reconvergence pessimism
                                  0.803994    1.377046   library hold time
                                              1.377046   data required time
---------------------------------------------------------------------------------------------
                                              1.377046   data required time
                                             -3.296956   data arrival time
---------------------------------------------------------------------------------------------
                                              1.919909   slack (MET)


Startpoint: _828_ (rising edge-triggered flip-flop clocked by clk_i)
Endpoint: s_axil_rvalid (output port clocked by clk_i)
Path Group: clk_i
Path Type: min

Fanout         Cap        Slew       Delay        Time   Description
---------------------------------------------------------------------------------------------
                                  0.000000    0.000000   clock clk_i (rise edge)
                                  0.000000    0.000000   clock source latency
     2    0.067269    0.000000    0.000000    0.000000 ^ clk_i (in)
                                                         clk_i (net)
                      0.016385    0.008193    0.008193 ^ clkbuf_regs_0_clk_i/A (sg13g2_buf_16)
     1    0.015676    0.027653    0.086298    0.094491 ^ clkbuf_regs_0_clk_i/X (sg13g2_buf_16)
                                                         clk_i_regs (net)
                      0.027653    0.000160    0.094650 ^ clkbuf_0_clk_i_regs/A (sg13g2_buf_16)
    16    0.164023    0.082918    0.132617    0.227268 ^ clkbuf_0_clk_i_regs/X (sg13g2_buf_16)
                                                         clknet_0_clk_i_regs (net)
                      0.085933    0.012415    0.239683 ^ clkbuf_4_12_0_clk_i_regs/A (sg13g2_buf_8)
     7    0.024586    0.041280    0.136013    0.375696 ^ clkbuf_4_12_0_clk_i_regs/X (sg13g2_buf_8)
                                                         clknet_4_12_0_clk_i_regs (net)
                      0.041280    0.000409    0.376105 ^ _828_/CLK (sg13g2_dfrbpq_1)
     5    0.106310    0.544599    0.641020    1.017125 v _828_/Q (sg13g2_dfrbpq_1)
                                                         net189 (net)
                      0.546526    0.026686    1.043811 v output189/A (sg13g2_buf_1)
     1    0.100000    0.513230    0.612376    1.656187 v output189/X (sg13g2_buf_1)
                                                         s_axil_rvalid (net)
                      0.513230    0.000000    1.656187 v s_axil_rvalid (out)
                                              1.656187   data arrival time

                                  0.000000    0.000000   clock clk_i (rise edge)
                                  0.000000    0.000000   clock network delay (propagated)
                                  0.200000    0.200000   clock uncertainty
                                  0.000000    0.200000   clock reconvergence pessimism
                                 -0.500000   -0.300000   output external delay
                                             -0.300000   data required time
---------------------------------------------------------------------------------------------
                                             -0.300000   data required time
                                             -1.656187   data arrival time
---------------------------------------------------------------------------------------------
                                              1.956187   slack (MET)


Startpoint: _850_ (rising edge-triggered flip-flop clocked by clk_i)
Endpoint: u_sram (rising edge-triggered flip-flop clocked by clk_i)
Path Group: clk_i
Path Type: min

Fanout         Cap        Slew       Delay        Time   Description
---------------------------------------------------------------------------------------------
                                  0.000000    0.000000   clock clk_i (rise edge)
                                  0.000000    0.000000   clock source latency
     2    0.067269    0.000000    0.000000    0.000000 ^ clk_i (in)
                                                         clk_i (net)
                      0.016385    0.008193    0.008193 ^ clkbuf_regs_0_clk_i/A (sg13g2_buf_16)
     1    0.015676    0.027653    0.086298    0.094491 ^ clkbuf_regs_0_clk_i/X (sg13g2_buf_16)
                                                         clk_i_regs (net)
                      0.027653    0.000160    0.094650 ^ clkbuf_0_clk_i_regs/A (sg13g2_buf_16)
    16    0.164023    0.082918    0.132617    0.227268 ^ clkbuf_0_clk_i_regs/X (sg13g2_buf_16)
                                                         clknet_0_clk_i_regs (net)
                      0.083528    0.005709    0.232977 ^ clkbuf_4_4_0_clk_i_regs/A (sg13g2_buf_8)
     7    0.031750    0.045973    0.138696    0.371673 ^ clkbuf_4_4_0_clk_i_regs/X (sg13g2_buf_8)
                                                         clknet_4_4_0_clk_i_regs (net)
                      0.045988    0.001117    0.372790 ^ _850_/CLK (sg13g2_dfrbpq_1)
     1    0.001738    0.030587    0.260471    0.633261 ^ _850_/Q (sg13g2_dfrbpq_1)
                                                         wdata_q[9] (net)
                      0.030587    0.000012    0.633273 ^ hold455/A (sg13g2_dlygate4sd3_1)
     2    0.006867    0.077542    0.577937    1.211211 ^ hold455/X (sg13g2_dlygate4sd3_1)
                                                         net454 (net)
                      0.077542    0.000027    1.211238 ^ _461_/A (sg13g2_inv_1)
     1    0.003160    0.036419    0.057943    1.269181 v _461_/Y (sg13g2_inv_1)
                                                         _150_ (net)
                      0.036419    0.000047    1.269227 v hold456/A (sg13g2_dlygate4sd3_1)
     1    0.004538    0.065972    0.599123    1.868351 v hold456/X (sg13g2_dlygate4sd3_1)
                                                         net455 (net)
                      0.065972    0.000074    1.868425 v _463_/A1 (sg13g2_o21ai_1)
     1    0.008115    0.081677    0.194458    2.062883 ^ _463_/Y (sg13g2_o21ai_1)
                                                         sram_din[9] (net)
                      0.081708    0.000289    2.063173 ^ hold646/A (sg13g2_dlygate4sd3_1)
     1    0.007761    0.082604    0.612862    2.676035 ^ hold646/X (sg13g2_dlygate4sd3_1)
                                                         net645 (net)
                      0.082604    0.000263    2.676298 ^ hold457/A (sg13g2_dlygate4sd3_1)
     1    0.014002    0.120066    0.647874    3.324172 ^ hold457/X (sg13g2_dlygate4sd3_1)
                                                         net456 (net)
                      0.160088    0.000000    3.324172 ^ u_sram/A_DIN[9] (RM_IHPSG13_1P_1024x32_c2_bm_bist)
                                              3.324172   data arrival time

                                  0.000000    0.000000   clock clk_i (rise edge)
                                  0.000000    0.000000   clock source latency
     2    0.071915    0.000000    0.000000    0.000000 ^ clk_i (in)
                                                         clk_i (net)
                      0.007642    0.003821    0.003821 ^ delaybuf_0_clk_i/A (sg13g2_buf_16)
     1    0.025595    0.030873    0.084150    0.087972 ^ delaybuf_0_clk_i/X (sg13g2_buf_16)
                                                         delaynet_0_clk_i (net)
                      0.030895    0.001594    0.089566 ^ delaybuf_1_clk_i/A (sg13g2_buf_16)
     1    0.023706    0.031007    0.096824    0.186389 ^ delaybuf_1_clk_i/X (sg13g2_buf_16)
                                                         delaynet_1_clk_i (net)
                      0.031018    0.001183    0.187572 ^ clkbuf_0_clk_i/A (sg13g2_buf_16)
     1    0.018301    0.029106    0.095384    0.282956 ^ clkbuf_0_clk_i/X (sg13g2_buf_16)
                                                         clknet_0_clk_i (net)
                      0.029106    0.000223    0.283179 ^ clkbuf_1_0__f_clk_i/A (sg13g2_buf_16)
     1    0.003790    0.023734    0.089874    0.373052 ^ clkbuf_1_0__f_clk_i/X (sg13g2_buf_16)
                                                         clknet_1_0__leaf_clk_i (net)
                      0.031646    0.000000    0.373052 ^ u_sram/A_CLK (RM_IHPSG13_1P_1024x32_c2_bm_bist)
                                  0.200000    0.573053   clock uncertainty
                                  0.000000    0.573053   clock reconvergence pessimism
                                  0.777047    1.350100   library hold time
                                              1.350100   data required time
---------------------------------------------------------------------------------------------
                                              1.350100   data required time
                                             -3.324172   data arrival time
---------------------------------------------------------------------------------------------
                                              1.974072   slack (MET)


Startpoint: _848_ (rising edge-triggered flip-flop clocked by clk_i)
Endpoint: u_sram (rising edge-triggered flip-flop clocked by clk_i)
Path Group: clk_i
Path Type: min

Fanout         Cap        Slew       Delay        Time   Description
---------------------------------------------------------------------------------------------
                                  0.000000    0.000000   clock clk_i (rise edge)
                                  0.000000    0.000000   clock source latency
     2    0.067269    0.000000    0.000000    0.000000 ^ clk_i (in)
                                                         clk_i (net)
                      0.016385    0.008193    0.008193 ^ clkbuf_regs_0_clk_i/A (sg13g2_buf_16)
     1    0.015676    0.027653    0.086298    0.094491 ^ clkbuf_regs_0_clk_i/X (sg13g2_buf_16)
                                                         clk_i_regs (net)
                      0.027653    0.000160    0.094650 ^ clkbuf_0_clk_i_regs/A (sg13g2_buf_16)
    16    0.164023    0.082918    0.132617    0.227268 ^ clkbuf_0_clk_i_regs/X (sg13g2_buf_16)
                                                         clknet_0_clk_i_regs (net)
                      0.083528    0.005709    0.232977 ^ clkbuf_4_4_0_clk_i_regs/A (sg13g2_buf_8)
     7    0.031750    0.045973    0.138696    0.371673 ^ clkbuf_4_4_0_clk_i_regs/X (sg13g2_buf_8)
                                                         clknet_4_4_0_clk_i_regs (net)
                      0.045991    0.001309    0.372983 ^ _848_/CLK (sg13g2_dfrbpq_1)
     1    0.002124    0.032723    0.262232    0.635215 ^ _848_/Q (sg13g2_dfrbpq_1)
                                                         wdata_q[7] (net)
                      0.032723    0.000019    0.635234 ^ hold461/A (sg13g2_dlygate4sd3_1)
     2    0.006948    0.077991    0.579644    1.214878 ^ hold461/X (sg13g2_dlygate4sd3_1)
                                                         net460 (net)
                      0.077991    0.000033    1.214911 ^ _455_/A (sg13g2_inv_1)
     1    0.002916    0.035506    0.057001    1.271912 v _455_/Y (sg13g2_inv_1)
                                                         _146_ (net)
                      0.035506    0.000038    1.271950 v hold462/A (sg13g2_dlygate4sd3_1)
     1    0.004466    0.065652    0.598215    1.870165 v hold462/X (sg13g2_dlygate4sd3_1)
                                                         net461 (net)
                      0.065652    0.000068    1.870233 v _457_/A1 (sg13g2_o21ai_1)
     1    0.008158    0.081944    0.194783    2.065016 ^ _457_/Y (sg13g2_o21ai_1)
                                                         sram_din[7] (net)
                      0.081976    0.000292    2.065308 ^ hold655/A (sg13g2_dlygate4sd3_1)
     1    0.007761    0.082605    0.613019    2.678328 ^ hold655/X (sg13g2_dlygate4sd3_1)
                                                         net654 (net)
                      0.082605    0.000263    2.678591 ^ hold463/A (sg13g2_dlygate4sd3_1)
     1    0.014081    0.120555    0.648309    3.326899 ^ hold463/X (sg13g2_dlygate4sd3_1)
                                                         net462 (net)
                      0.160739    0.000000    3.326899 ^ u_sram/A_DIN[7] (RM_IHPSG13_1P_1024x32_c2_bm_bist)
                                              3.326899   data arrival time

                                  0.000000    0.000000   clock clk_i (rise edge)
                                  0.000000    0.000000   clock source latency
     2    0.071915    0.000000    0.000000    0.000000 ^ clk_i (in)
                                                         clk_i (net)
                      0.007642    0.003821    0.003821 ^ delaybuf_0_clk_i/A (sg13g2_buf_16)
     1    0.025595    0.030873    0.084150    0.087972 ^ delaybuf_0_clk_i/X (sg13g2_buf_16)
                                                         delaynet_0_clk_i (net)
                      0.030895    0.001594    0.089566 ^ delaybuf_1_clk_i/A (sg13g2_buf_16)
     1    0.023706    0.031007    0.096824    0.186389 ^ delaybuf_1_clk_i/X (sg13g2_buf_16)
                                                         delaynet_1_clk_i (net)
                      0.031018    0.001183    0.187572 ^ clkbuf_0_clk_i/A (sg13g2_buf_16)
     1    0.018301    0.029106    0.095384    0.282956 ^ clkbuf_0_clk_i/X (sg13g2_buf_16)
                                                         clknet_0_clk_i (net)
                      0.029106    0.000223    0.283179 ^ clkbuf_1_0__f_clk_i/A (sg13g2_buf_16)
     1    0.003790    0.023734    0.089874    0.373052 ^ clkbuf_1_0__f_clk_i/X (sg13g2_buf_16)
                                                         clknet_1_0__leaf_clk_i (net)
                      0.031646    0.000000    0.373052 ^ u_sram/A_CLK (RM_IHPSG13_1P_1024x32_c2_bm_bist)
                                  0.200000    0.573053   clock uncertainty
                                  0.000000    0.573053   clock reconvergence pessimism
                                  0.776440    1.349493   library hold time
                                              1.349493   data required time
---------------------------------------------------------------------------------------------
                                              1.349493   data required time
                                             -3.326899   data arrival time
---------------------------------------------------------------------------------------------
                                              1.977407   slack (MET)


Startpoint: _846_ (rising edge-triggered flip-flop clocked by clk_i)
Endpoint: u_sram (rising edge-triggered flip-flop clocked by clk_i)
Path Group: clk_i
Path Type: min

Fanout         Cap        Slew       Delay        Time   Description
---------------------------------------------------------------------------------------------
                                  0.000000    0.000000   clock clk_i (rise edge)
                                  0.000000    0.000000   clock source latency
     2    0.067269    0.000000    0.000000    0.000000 ^ clk_i (in)
                                                         clk_i (net)
                      0.016385    0.008193    0.008193 ^ clkbuf_regs_0_clk_i/A (sg13g2_buf_16)
     1    0.015676    0.027653    0.086298    0.094491 ^ clkbuf_regs_0_clk_i/X (sg13g2_buf_16)
                                                         clk_i_regs (net)
                      0.027653    0.000160    0.094650 ^ clkbuf_0_clk_i_regs/A (sg13g2_buf_16)
    16    0.164023    0.082918    0.132617    0.227268 ^ clkbuf_0_clk_i_regs/X (sg13g2_buf_16)
                                                         clknet_0_clk_i_regs (net)
                      0.083551    0.005812    0.233079 ^ clkbuf_4_5_0_clk_i_regs/A (sg13g2_buf_8)
     7    0.036325    0.049055    0.141482    0.374561 ^ clkbuf_4_5_0_clk_i_regs/X (sg13g2_buf_8)
                                                         clknet_4_5_0_clk_i_regs (net)
                      0.049058    0.000634    0.375195 ^ _846_/CLK (sg13g2_dfrbpq_1)
     1    0.002397    0.034229    0.265202    0.640396 ^ _846_/Q (sg13g2_dfrbpq_1)
                                                         wdata_q[5] (net)
                      0.034229    0.000026    0.640422 ^ hold458/A (sg13g2_dlygate4sd3_1)
     2    0.007224    0.079535    0.582064    1.222486 ^ hold458/X (sg13g2_dlygate4sd3_1)
                                                         net457 (net)
                      0.079535    0.000032    1.222518 ^ _434_/A (sg13g2_inv_1)
     1    0.002338    0.033445    0.054931    1.277449 v _434_/Y (sg13g2_inv_1)
                                                         _127_ (net)
                      0.033445    0.000024    1.277473 v hold459/A (sg13g2_dlygate4sd3_1)
     1    0.003477    0.061294    0.591558    1.869031 v hold459/X (sg13g2_dlygate4sd3_1)
                                                         net458 (net)
                      0.061294    0.000033    1.869064 v _451_/A1 (sg13g2_o21ai_1)
     1    0.008244    0.080880    0.193807    2.062870 ^ _451_/Y (sg13g2_o21ai_1)
                                                         sram_din[5] (net)
                      0.080881    0.000298    2.063169 ^ hold643/A (sg13g2_dlygate4sd3_1)
     1    0.007629    0.081854    0.611644    2.674812 ^ hold643/X (sg13g2_dlygate4sd3_1)
                                                         net642 (net)
                      0.081854    0.000252    2.675064 ^ hold460/A (sg13g2_dlygate4sd3_1)
     1    0.014482    0.123045    0.650078    3.325142 ^ hold460/X (sg13g2_dlygate4sd3_1)
                                                         net459 (net)
                      0.164060    0.000000    3.325142 ^ u_sram/A_DIN[5] (RM_IHPSG13_1P_1024x32_c2_bm_bist)
                                              3.325142   data arrival time

                                  0.000000    0.000000   clock clk_i (rise edge)
                                  0.000000    0.000000   clock source latency
     2    0.071915    0.000000    0.000000    0.000000 ^ clk_i (in)
                                                         clk_i (net)
                      0.007642    0.003821    0.003821 ^ delaybuf_0_clk_i/A (sg13g2_buf_16)
     1    0.025595    0.030873    0.084150    0.087972 ^ delaybuf_0_clk_i/X (sg13g2_buf_16)
                                                         delaynet_0_clk_i (net)
                      0.030895    0.001594    0.089566 ^ delaybuf_1_clk_i/A (sg13g2_buf_16)
     1    0.023706    0.031007    0.096824    0.186389 ^ delaybuf_1_clk_i/X (sg13g2_buf_16)
                                                         delaynet_1_clk_i (net)
                      0.031018    0.001183    0.187572 ^ clkbuf_0_clk_i/A (sg13g2_buf_16)
     1    0.018301    0.029106    0.095384    0.282956 ^ clkbuf_0_clk_i/X (sg13g2_buf_16)
                                                         clknet_0_clk_i (net)
                      0.029106    0.000223    0.283179 ^ clkbuf_1_0__f_clk_i/A (sg13g2_buf_16)
     1    0.003790    0.023734    0.089874    0.373052 ^ clkbuf_1_0__f_clk_i/X (sg13g2_buf_16)
                                                         clknet_1_0__leaf_clk_i (net)
                      0.031646    0.000000    0.373052 ^ u_sram/A_CLK (RM_IHPSG13_1P_1024x32_c2_bm_bist)
                                  0.200000    0.573053   clock uncertainty
                                  0.000000    0.573053   clock reconvergence pessimism
                                  0.773342    1.346395   library hold time
                                              1.346395   data required time
---------------------------------------------------------------------------------------------
                                              1.346395   data required time
                                             -3.325142   data arrival time
---------------------------------------------------------------------------------------------
                                              1.978747   slack (MET)


Startpoint: _852_ (rising edge-triggered flip-flop clocked by clk_i)
Endpoint: u_sram (rising edge-triggered flip-flop clocked by clk_i)
Path Group: clk_i
Path Type: min

Fanout         Cap        Slew       Delay        Time   Description
---------------------------------------------------------------------------------------------
                                  0.000000    0.000000   clock clk_i (rise edge)
                                  0.000000    0.000000   clock source latency
     2    0.067269    0.000000    0.000000    0.000000 ^ clk_i (in)
                                                         clk_i (net)
                      0.016385    0.008193    0.008193 ^ clkbuf_regs_0_clk_i/A (sg13g2_buf_16)
     1    0.015676    0.027653    0.086298    0.094491 ^ clkbuf_regs_0_clk_i/X (sg13g2_buf_16)
                                                         clk_i_regs (net)
                      0.027653    0.000160    0.094650 ^ clkbuf_0_clk_i_regs/A (sg13g2_buf_16)
    16    0.164023    0.082918    0.132617    0.227268 ^ clkbuf_0_clk_i_regs/X (sg13g2_buf_16)
                                                         clknet_0_clk_i_regs (net)
                      0.083563    0.005860    0.233128 ^ clkbuf_4_6_0_clk_i_regs/A (sg13g2_buf_8)
     7    0.032439    0.046454    0.139214    0.372342 ^ clkbuf_4_6_0_clk_i_regs/X (sg13g2_buf_8)
                                                         clknet_4_6_0_clk_i_regs (net)
                      0.046475    0.001402    0.373744 ^ _852_/CLK (sg13g2_dfrbpq_1)
     1    0.002701    0.035905    0.265136    0.638881 ^ _852_/Q (sg13g2_dfrbpq_1)
                                                         wdata_q[11] (net)
                      0.035905    0.000034    0.638915 ^ hold450/A (sg13g2_dlygate4sd3_1)
     2    0.007719    0.082313    0.585801    1.224716 ^ hold450/X (sg13g2_dlygate4sd3_1)
                                                         net449 (net)
                      0.082313    0.000034    1.224749 ^ _467_/A (sg13g2_inv_1)
     1    0.002205    0.033479    0.055333    1.280083 v _467_/Y (sg13g2_inv_1)
                                                         _154_ (net)
                      0.033479    0.000020    1.280103 v hold451/A (sg13g2_dlygate4sd3_1)
     1    0.003811    0.062768    0.593441    1.873543 v hold451/X (sg13g2_dlygate4sd3_1)
                                                         net450 (net)
                      0.062768    0.000044    1.873587 v _469_/A1 (sg13g2_o21ai_1)
     1    0.008512    0.084744    0.197349    2.070936 ^ _469_/Y (sg13g2_o21ai_1)
                                                         sram_din[11] (net)
                      0.084745    0.000317    2.071253 ^ hold652/A (sg13g2_dlygate4sd3_1)
     1    0.007070    0.078710    0.610818    2.682071 ^ hold652/X (sg13g2_dlygate4sd3_1)
                                                         net651 (net)
                      0.078710    0.000217    2.682288 ^ hold452/A (sg13g2_dlygate4sd3_1)
     1    0.014138    0.120908    0.646347    3.328635 ^ hold452/X (sg13g2_dlygate4sd3_1)
                                                         net451 (net)
                      0.161211    0.000000    3.328635 ^ u_sram/A_DIN[11] (RM_IHPSG13_1P_1024x32_c2_bm_bist)
                                              3.328635   data arrival time

                                  0.000000    0.000000   clock clk_i (rise edge)
                                  0.000000    0.000000   clock source latency
     2    0.071915    0.000000    0.000000    0.000000 ^ clk_i (in)
                                                         clk_i (net)
                      0.007642    0.003821    0.003821 ^ delaybuf_0_clk_i/A (sg13g2_buf_16)
     1    0.025595    0.030873    0.084150    0.087972 ^ delaybuf_0_clk_i/X (sg13g2_buf_16)
                                                         delaynet_0_clk_i (net)
                      0.030895    0.001594    0.089566 ^ delaybuf_1_clk_i/A (sg13g2_buf_16)
     1    0.023706    0.031007    0.096824    0.186389 ^ delaybuf_1_clk_i/X (sg13g2_buf_16)
                                                         delaynet_1_clk_i (net)
                      0.031018    0.001183    0.187572 ^ clkbuf_0_clk_i/A (sg13g2_buf_16)
     1    0.018301    0.029106    0.095384    0.282956 ^ clkbuf_0_clk_i/X (sg13g2_buf_16)
                                                         clknet_0_clk_i (net)
                      0.029106    0.000223    0.283179 ^ clkbuf_1_0__f_clk_i/A (sg13g2_buf_16)
     1    0.003790    0.023734    0.089874    0.373052 ^ clkbuf_1_0__f_clk_i/X (sg13g2_buf_16)
                                                         clknet_1_0__leaf_clk_i (net)
                      0.031646    0.000000    0.373052 ^ u_sram/A_CLK (RM_IHPSG13_1P_1024x32_c2_bm_bist)
                                  0.200000    0.573053   clock uncertainty
                                  0.000000    0.573053   clock reconvergence pessimism
                                  0.776000    1.349053   library hold time
                                              1.349053   data required time
---------------------------------------------------------------------------------------------
                                              1.349053   data required time
                                             -3.328635   data arrival time
---------------------------------------------------------------------------------------------
                                              1.979582   slack (MET)


Startpoint: _851_ (rising edge-triggered flip-flop clocked by clk_i)
Endpoint: u_sram (rising edge-triggered flip-flop clocked by clk_i)
Path Group: clk_i
Path Type: min

Fanout         Cap        Slew       Delay        Time   Description
---------------------------------------------------------------------------------------------
                                  0.000000    0.000000   clock clk_i (rise edge)
                                  0.000000    0.000000   clock source latency
     2    0.067269    0.000000    0.000000    0.000000 ^ clk_i (in)
                                                         clk_i (net)
                      0.016385    0.008193    0.008193 ^ clkbuf_regs_0_clk_i/A (sg13g2_buf_16)
     1    0.015676    0.027653    0.086298    0.094491 ^ clkbuf_regs_0_clk_i/X (sg13g2_buf_16)
                                                         clk_i_regs (net)
                      0.027653    0.000160    0.094650 ^ clkbuf_0_clk_i_regs/A (sg13g2_buf_16)
    16    0.164023    0.082918    0.132617    0.227268 ^ clkbuf_0_clk_i_regs/X (sg13g2_buf_16)
                                                         clknet_0_clk_i_regs (net)
                      0.083528    0.005709    0.232977 ^ clkbuf_4_4_0_clk_i_regs/A (sg13g2_buf_8)
     7    0.031750    0.045973    0.138696    0.371673 ^ clkbuf_4_4_0_clk_i_regs/X (sg13g2_buf_8)
                                                         clknet_4_4_0_clk_i_regs (net)
                      0.045988    0.001130    0.372804 ^ _851_/CLK (sg13g2_dfrbpq_1)
     1    0.002246    0.033398    0.262788    0.635592 ^ _851_/Q (sg13g2_dfrbpq_1)
                                                         wdata_q[10] (net)
                      0.033398    0.000022    0.635614 ^ hold466/A (sg13g2_dlygate4sd3_1)
     2    0.006725    0.076766    0.578798    1.214412 ^ hold466/X (sg13g2_dlygate4sd3_1)
                                                         net465 (net)
                      0.076766    0.000027    1.214439 ^ _464_/A (sg13g2_inv_1)
     1    0.004142    0.040314    0.062103    1.276542 v _464_/Y (sg13g2_inv_1)
                                                         _152_ (net)
                      0.040314    0.000081    1.276623 v hold467/A (sg13g2_dlygate4sd3_1)
     1    0.005182    0.068382    0.604878    1.881501 v hold467/X (sg13g2_dlygate4sd3_1)
                                                         net466 (net)
                      0.068382    0.000102    1.881603 v _466_/A1 (sg13g2_o21ai_1)
     1    0.008072    0.081183    0.195047    2.076650 ^ _466_/Y (sg13g2_o21ai_1)
                                                         sram_din[10] (net)
                      0.081214    0.000286    2.076936 ^ hold640/A (sg13g2_dlygate4sd3_1)
     1    0.007675    0.082118    0.612097    2.689033 ^ hold640/X (sg13g2_dlygate4sd3_1)
                                                         net639 (net)
                      0.082118    0.000257    2.689290 ^ hold468/A (sg13g2_dlygate4sd3_1)
     1    0.013898    0.119422    0.647018    3.336308 ^ hold468/X (sg13g2_dlygate4sd3_1)
                                                         net467 (net)
                      0.159230    0.000000    3.336308 ^ u_sram/A_DIN[10] (RM_IHPSG13_1P_1024x32_c2_bm_bist)
                                              3.336308   data arrival time

                                  0.000000    0.000000   clock clk_i (rise edge)
                                  0.000000    0.000000   clock source latency
     2    0.071915    0.000000    0.000000    0.000000 ^ clk_i (in)
                                                         clk_i (net)
                      0.007642    0.003821    0.003821 ^ delaybuf_0_clk_i/A (sg13g2_buf_16)
     1    0.025595    0.030873    0.084150    0.087972 ^ delaybuf_0_clk_i/X (sg13g2_buf_16)
                                                         delaynet_0_clk_i (net)
                      0.030895    0.001594    0.089566 ^ delaybuf_1_clk_i/A (sg13g2_buf_16)
     1    0.023706    0.031007    0.096824    0.186389 ^ delaybuf_1_clk_i/X (sg13g2_buf_16)
                                                         delaynet_1_clk_i (net)
                      0.031018    0.001183    0.187572 ^ clkbuf_0_clk_i/A (sg13g2_buf_16)
     1    0.018301    0.029106    0.095384    0.282956 ^ clkbuf_0_clk_i/X (sg13g2_buf_16)
                                                         clknet_0_clk_i (net)
                      0.029106    0.000223    0.283179 ^ clkbuf_1_0__f_clk_i/A (sg13g2_buf_16)
     1    0.003790    0.023734    0.089874    0.373052 ^ clkbuf_1_0__f_clk_i/X (sg13g2_buf_16)
                                                         clknet_1_0__leaf_clk_i (net)
                      0.031646    0.000000    0.373052 ^ u_sram/A_CLK (RM_IHPSG13_1P_1024x32_c2_bm_bist)
                                  0.200000    0.573053   clock uncertainty
                                  0.000000    0.573053   clock reconvergence pessimism
                                  0.777848    1.350901   library hold time
                                              1.350901   data required time
---------------------------------------------------------------------------------------------
                                              1.350901   data required time
                                             -3.336308   data arrival time
---------------------------------------------------------------------------------------------
                                              1.985407   slack (MET)


Startpoint: _854_ (rising edge-triggered flip-flop clocked by clk_i)
Endpoint: u_sram (rising edge-triggered flip-flop clocked by clk_i)
Path Group: clk_i
Path Type: min

Fanout         Cap        Slew       Delay        Time   Description
---------------------------------------------------------------------------------------------
                                  0.000000    0.000000   clock clk_i (rise edge)
                                  0.000000    0.000000   clock source latency
     2    0.067269    0.000000    0.000000    0.000000 ^ clk_i (in)
                                                         clk_i (net)
                      0.016385    0.008193    0.008193 ^ clkbuf_regs_0_clk_i/A (sg13g2_buf_16)
     1    0.015676    0.027653    0.086298    0.094491 ^ clkbuf_regs_0_clk_i/X (sg13g2_buf_16)
                                                         clk_i_regs (net)
                      0.027653    0.000160    0.094650 ^ clkbuf_0_clk_i_regs/A (sg13g2_buf_16)
    16    0.164023    0.082918    0.132617    0.227268 ^ clkbuf_0_clk_i_regs/X (sg13g2_buf_16)
                                                         clknet_0_clk_i_regs (net)
                      0.083557    0.005834    0.233102 ^ clkbuf_4_7_0_clk_i_regs/A (sg13g2_buf_8)
     7    0.036137    0.048921    0.141016    0.374118 ^ clkbuf_4_7_0_clk_i_regs/X (sg13g2_buf_8)
                                                         clknet_4_7_0_clk_i_regs (net)
                      0.049062    0.002398    0.376516 ^ _854_/CLK (sg13g2_dfrbpq_1)
     1    0.001845    0.031177    0.262685    0.639201 ^ _854_/Q (sg13g2_dfrbpq_1)
                                                         wdata_q[13] (net)
                      0.031177    0.000014    0.639215 ^ hold444/A (sg13g2_dlygate4sd3_1)
     2    0.007375    0.080375    0.581116    1.220331 ^ hold444/X (sg13g2_dlygate4sd3_1)
                                                         net443 (net)
                      0.080375    0.000053    1.220384 ^ _473_/A (sg13g2_inv_1)
     1    0.002371    0.033755    0.055389    1.275773 v _473_/Y (sg13g2_inv_1)
                                                         _158_ (net)
                      0.033755    0.000025    1.275798 v hold445/A (sg13g2_dlygate4sd3_1)
     1    0.004270    0.064790    0.596153    1.871950 v hold445/X (sg13g2_dlygate4sd3_1)
                                                         net444 (net)
                      0.064790    0.000064    1.872014 v _475_/A1 (sg13g2_o21ai_1)
     1    0.008548    0.085731    0.198622    2.070636 ^ _475_/Y (sg13g2_o21ai_1)
                                                         sram_din[13] (net)
                      0.085765    0.000322    2.070958 ^ hold634/A (sg13g2_dlygate4sd3_1)
     1    0.007804    0.082851    0.615480    2.686438 ^ hold634/X (sg13g2_dlygate4sd3_1)
                                                         net633 (net)
                      0.082851    0.000266    2.686704 ^ hold446/A (sg13g2_dlygate4sd3_1)
     1    0.014102    0.120688    0.648572    3.335275 ^ hold446/X (sg13g2_dlygate4sd3_1)
                                                         net445 (net)
                      0.160917    0.000000    3.335275 ^ u_sram/A_DIN[13] (RM_IHPSG13_1P_1024x32_c2_bm_bist)
                                              3.335275   data arrival time

                                  0.000000    0.000000   clock clk_i (rise edge)
                                  0.000000    0.000000   clock source latency
     2    0.071915    0.000000    0.000000    0.000000 ^ clk_i (in)
                                                         clk_i (net)
                      0.007642    0.003821    0.003821 ^ delaybuf_0_clk_i/A (sg13g2_buf_16)
     1    0.025595    0.030873    0.084150    0.087972 ^ delaybuf_0_clk_i/X (sg13g2_buf_16)
                                                         delaynet_0_clk_i (net)
                      0.030895    0.001594    0.089566 ^ delaybuf_1_clk_i/A (sg13g2_buf_16)
     1    0.023706    0.031007    0.096824    0.186389 ^ delaybuf_1_clk_i/X (sg13g2_buf_16)
                                                         delaynet_1_clk_i (net)
                      0.031018    0.001183    0.187572 ^ clkbuf_0_clk_i/A (sg13g2_buf_16)
     1    0.018301    0.029106    0.095384    0.282956 ^ clkbuf_0_clk_i/X (sg13g2_buf_16)
                                                         clknet_0_clk_i (net)
                      0.029106    0.000223    0.283179 ^ clkbuf_1_0__f_clk_i/A (sg13g2_buf_16)
     1    0.003790    0.023734    0.089874    0.373052 ^ clkbuf_1_0__f_clk_i/X (sg13g2_buf_16)
                                                         clknet_1_0__leaf_clk_i (net)
                      0.031646    0.000000    0.373052 ^ u_sram/A_CLK (RM_IHPSG13_1P_1024x32_c2_bm_bist)
                                  0.200000    0.573053   clock uncertainty
                                  0.000000    0.573053   clock reconvergence pessimism
                                  0.776274    1.349327   library hold time
                                              1.349327   data required time
---------------------------------------------------------------------------------------------
                                              1.349327   data required time
                                             -3.335275   data arrival time
---------------------------------------------------------------------------------------------
                                              1.985949   slack (MET)


Startpoint: _855_ (rising edge-triggered flip-flop clocked by clk_i)
Endpoint: u_sram (rising edge-triggered flip-flop clocked by clk_i)
Path Group: clk_i
Path Type: min

Fanout         Cap        Slew       Delay        Time   Description
---------------------------------------------------------------------------------------------
                                  0.000000    0.000000   clock clk_i (rise edge)
                                  0.000000    0.000000   clock source latency
     2    0.067269    0.000000    0.000000    0.000000 ^ clk_i (in)
                                                         clk_i (net)
                      0.016385    0.008193    0.008193 ^ clkbuf_regs_0_clk_i/A (sg13g2_buf_16)
     1    0.015676    0.027653    0.086298    0.094491 ^ clkbuf_regs_0_clk_i/X (sg13g2_buf_16)
                                                         clk_i_regs (net)
                      0.027653    0.000160    0.094650 ^ clkbuf_0_clk_i_regs/A (sg13g2_buf_16)
    16    0.164023    0.082918    0.132617    0.227268 ^ clkbuf_0_clk_i_regs/X (sg13g2_buf_16)
                                                         clknet_0_clk_i_regs (net)
                      0.083557    0.005834    0.233102 ^ clkbuf_4_7_0_clk_i_regs/A (sg13g2_buf_8)
     7    0.036137    0.048921    0.141016    0.374118 ^ clkbuf_4_7_0_clk_i_regs/X (sg13g2_buf_8)
                                                         clknet_4_7_0_clk_i_regs (net)
                      0.049060    0.002384    0.376502 ^ _855_/CLK (sg13g2_dfrbpq_1)
     1    0.002676    0.035767    0.266476    0.642978 ^ _855_/Q (sg13g2_dfrbpq_1)
                                                         wdata_q[14] (net)
                      0.035767    0.000032    0.643011 ^ hold438/A (sg13g2_dlygate4sd3_1)
     2    0.007046    0.078538    0.581970    1.224981 ^ hold438/X (sg13g2_dlygate4sd3_1)
                                                         net437 (net)
                      0.078538    0.000059    1.225040 ^ _476_/A (sg13g2_inv_1)
     1    0.004330    0.041435    0.063645    1.288685 v _476_/Y (sg13g2_inv_1)
                                                         _160_ (net)
                      0.041436    0.000089    1.288774 v hold439/A (sg13g2_dlygate4sd3_1)
     1    0.004323    0.065036    0.600710    1.889484 v hold439/X (sg13g2_dlygate4sd3_1)
                                                         net438 (net)
                      0.065036    0.000066    1.889550 v _478_/A1 (sg13g2_o21ai_1)
     1    0.008237    0.082041    0.195367    2.084916 ^ _478_/Y (sg13g2_o21ai_1)
                                                         sram_din[14] (net)
                      0.082043    0.000300    2.085216 ^ hold631/A (sg13g2_dlygate4sd3_1)
     1    0.007285    0.079902    0.610422    2.695639 ^ hold631/X (sg13g2_dlygate4sd3_1)
                                                         net630 (net)
                      0.079902    0.000230    2.695868 ^ hold440/A (sg13g2_dlygate4sd3_1)
     1    0.013783    0.118712    0.645090    3.340958 ^ hold440/X (sg13g2_dlygate4sd3_1)
                                                         net439 (net)
                      0.158282    0.000000    3.340958 ^ u_sram/A_DIN[14] (RM_IHPSG13_1P_1024x32_c2_bm_bist)
                                              3.340958   data arrival time

                                  0.000000    0.000000   clock clk_i (rise edge)
                                  0.000000    0.000000   clock source latency
     2    0.071915    0.000000    0.000000    0.000000 ^ clk_i (in)
                                                         clk_i (net)
                      0.007642    0.003821    0.003821 ^ delaybuf_0_clk_i/A (sg13g2_buf_16)
     1    0.025595    0.030873    0.084150    0.087972 ^ delaybuf_0_clk_i/X (sg13g2_buf_16)
                                                         delaynet_0_clk_i (net)
                      0.030895    0.001594    0.089566 ^ delaybuf_1_clk_i/A (sg13g2_buf_16)
     1    0.023706    0.031007    0.096824    0.186389 ^ delaybuf_1_clk_i/X (sg13g2_buf_16)
                                                         delaynet_1_clk_i (net)
                      0.031018    0.001183    0.187572 ^ clkbuf_0_clk_i/A (sg13g2_buf_16)
     1    0.018301    0.029106    0.095384    0.282956 ^ clkbuf_0_clk_i/X (sg13g2_buf_16)
                                                         clknet_0_clk_i (net)
                      0.029106    0.000223    0.283179 ^ clkbuf_1_0__f_clk_i/A (sg13g2_buf_16)
     1    0.003790    0.023734    0.089874    0.373052 ^ clkbuf_1_0__f_clk_i/X (sg13g2_buf_16)
                                                         clknet_1_0__leaf_clk_i (net)
                      0.031646    0.000000    0.373052 ^ u_sram/A_CLK (RM_IHPSG13_1P_1024x32_c2_bm_bist)
                                  0.200000    0.573053   clock uncertainty
                                  0.000000    0.573053   clock reconvergence pessimism
                                  0.778732    1.351784   library hold time
                                              1.351784   data required time
---------------------------------------------------------------------------------------------
                                              1.351784   data required time
                                             -3.340958   data arrival time
---------------------------------------------------------------------------------------------
                                              1.989174   slack (MET)


Startpoint: _849_ (rising edge-triggered flip-flop clocked by clk_i)
Endpoint: u_sram (rising edge-triggered flip-flop clocked by clk_i)
Path Group: clk_i
Path Type: min

Fanout         Cap        Slew       Delay        Time   Description
---------------------------------------------------------------------------------------------
                                  0.000000    0.000000   clock clk_i (rise edge)
                                  0.000000    0.000000   clock source latency
     2    0.067269    0.000000    0.000000    0.000000 ^ clk_i (in)
                                                         clk_i (net)
                      0.016385    0.008193    0.008193 ^ clkbuf_regs_0_clk_i/A (sg13g2_buf_16)
     1    0.015676    0.027653    0.086298    0.094491 ^ clkbuf_regs_0_clk_i/X (sg13g2_buf_16)
                                                         clk_i_regs (net)
                      0.027653    0.000160    0.094650 ^ clkbuf_0_clk_i_regs/A (sg13g2_buf_16)
    16    0.164023    0.082918    0.132617    0.227268 ^ clkbuf_0_clk_i_regs/X (sg13g2_buf_16)
                                                         clknet_0_clk_i_regs (net)
                      0.083551    0.005812    0.233079 ^ clkbuf_4_5_0_clk_i_regs/A (sg13g2_buf_8)
     7    0.036325    0.049055    0.141482    0.374561 ^ clkbuf_4_5_0_clk_i_regs/X (sg13g2_buf_8)
                                                         clknet_4_5_0_clk_i_regs (net)
                      0.049069    0.001444    0.376005 ^ _849_/CLK (sg13g2_dfrbpq_1)
     1    0.002375    0.034110    0.265109    0.641115 ^ _849_/Q (sg13g2_dfrbpq_1)
                                                         wdata_q[8] (net)
                      0.034110    0.000025    0.641140 ^ hold469/A (sg13g2_dlygate4sd3_1)
     2    0.007119    0.078937    0.581406    1.222546 ^ hold469/X (sg13g2_dlygate4sd3_1)
                                                         net468 (net)
                      0.078937    0.000049    1.222595 ^ _458_/A (sg13g2_inv_1)
     1    0.003475    0.037993    0.059902    1.282497 v _458_/Y (sg13g2_inv_1)
                                                         _148_ (net)
                      0.037993    0.000054    1.282551 v hold470/A (sg13g2_dlygate4sd3_1)
     1    0.004810    0.066996    0.601512    1.884063 v hold470/X (sg13g2_dlygate4sd3_1)
                                                         net469 (net)
                      0.066996    0.000082    1.884145 v _460_/A1 (sg13g2_o21ai_1)
     1    0.008158    0.081966    0.195370    2.079515 ^ _460_/Y (sg13g2_o21ai_1)
                                                         sram_din[8] (net)
                      0.081997    0.000292    2.079807 ^ hold649/A (sg13g2_dlygate4sd3_1)
     1    0.007761    0.082605    0.613032    2.692839 ^ hold649/X (sg13g2_dlygate4sd3_1)
                                                         net648 (net)
                      0.082605    0.000263    2.693102 ^ hold471/A (sg13g2_dlygate4sd3_1)
     1    0.014106    0.120710    0.648447    3.341548 ^ hold471/X (sg13g2_dlygate4sd3_1)
                                                         net470 (net)
                      0.160947    0.000000    3.341548 ^ u_sram/A_DIN[8] (RM_IHPSG13_1P_1024x32_c2_bm_bist)
                                              3.341548   data arrival time

                                  0.000000    0.000000   clock clk_i (rise edge)
                                  0.000000    0.000000   clock source latency
     2    0.071915    0.000000    0.000000    0.000000 ^ clk_i (in)
                                                         clk_i (net)
                      0.007642    0.003821    0.003821 ^ delaybuf_0_clk_i/A (sg13g2_buf_16)
     1    0.025595    0.030873    0.084150    0.087972 ^ delaybuf_0_clk_i/X (sg13g2_buf_16)
                                                         delaynet_0_clk_i (net)
                      0.030895    0.001594    0.089566 ^ delaybuf_1_clk_i/A (sg13g2_buf_16)
     1    0.023706    0.031007    0.096824    0.186389 ^ delaybuf_1_clk_i/X (sg13g2_buf_16)
                                                         delaynet_1_clk_i (net)
                      0.031018    0.001183    0.187572 ^ clkbuf_0_clk_i/A (sg13g2_buf_16)
     1    0.018301    0.029106    0.095384    0.282956 ^ clkbuf_0_clk_i/X (sg13g2_buf_16)
                                                         clknet_0_clk_i (net)
                      0.029106    0.000223    0.283179 ^ clkbuf_1_0__f_clk_i/A (sg13g2_buf_16)
     1    0.003790    0.023734    0.089874    0.373052 ^ clkbuf_1_0__f_clk_i/X (sg13g2_buf_16)
                                                         clknet_1_0__leaf_clk_i (net)
                      0.031646    0.000000    0.373052 ^ u_sram/A_CLK (RM_IHPSG13_1P_1024x32_c2_bm_bist)
                                  0.200000    0.573053   clock uncertainty
                                  0.000000    0.573053   clock reconvergence pessimism
                                  0.776247    1.349299   library hold time
                                              1.349299   data required time
---------------------------------------------------------------------------------------------
                                              1.349299   data required time
                                             -3.341548   data arrival time
---------------------------------------------------------------------------------------------
                                              1.992249   slack (MET)


Startpoint: _875_ (rising edge-triggered flip-flop clocked by clk_i)
Endpoint: u_sram (rising edge-triggered flip-flop clocked by clk_i)
Path Group: clk_i
Path Type: min

Fanout         Cap        Slew       Delay        Time   Description
---------------------------------------------------------------------------------------------
                                  0.000000    0.000000   clock clk_i (rise edge)
                                  0.000000    0.000000   clock source latency
     2    0.067269    0.000000    0.000000    0.000000 ^ clk_i (in)
                                                         clk_i (net)
                      0.016385    0.008193    0.008193 ^ clkbuf_regs_0_clk_i/A (sg13g2_buf_16)
     1    0.015676    0.027653    0.086298    0.094491 ^ clkbuf_regs_0_clk_i/X (sg13g2_buf_16)
                                                         clk_i_regs (net)
                      0.027653    0.000160    0.094650 ^ clkbuf_0_clk_i_regs/A (sg13g2_buf_16)
    16    0.164023    0.082918    0.132617    0.227268 ^ clkbuf_0_clk_i_regs/X (sg13g2_buf_16)
                                                         clknet_0_clk_i_regs (net)
                      0.083551    0.005812    0.233079 ^ clkbuf_4_5_0_clk_i_regs/A (sg13g2_buf_8)
     7    0.036325    0.049055    0.141482    0.374561 ^ clkbuf_4_5_0_clk_i_regs/X (sg13g2_buf_8)
                                                         clknet_4_5_0_clk_i_regs (net)
                      0.049071    0.001500    0.376061 ^ _875_/CLK (sg13g2_dfrbpq_1)
     1    0.001877    0.031356    0.262838    0.638899 ^ _875_/Q (sg13g2_dfrbpq_1)
                                                         wstrb_q[2] (net)
                      0.031356    0.000014    0.638914 ^ hold436/A (sg13g2_dlygate4sd3_1)
     1    0.001569    0.049134    0.548868    1.187781 ^ hold436/X (sg13g2_dlygate4sd3_1)
                                                         net435 (net)
                      0.049134    0.000009    1.187790 ^ hold434/A (sg13g2_dlygate4sd3_1)
     2    0.005316    0.068761    0.580190    1.767980 ^ hold434/X (sg13g2_dlygate4sd3_1)
                                                         net433 (net)
                      0.068761    0.000020    1.768000 ^ hold437/A (sg13g2_dlygate4sd3_1)
     1    0.002863    0.056178    0.578077    2.346078 ^ hold437/X (sg13g2_dlygate4sd3_1)
                                                         net436 (net)
                      0.056178    0.000021    2.346099 ^ _600_/A1 (sg13g2_a21o_1)
     1    0.009861    0.078749    0.188794    2.534892 ^ _600_/X (sg13g2_a21o_1)
                                                         sram_bm[16] (net)
                      0.078749    0.000426    2.535318 ^ hold435/A (sg13g2_dlygate4sd3_1)
     8    0.027250    0.195965    0.715158    3.250476 ^ hold435/X (sg13g2_dlygate4sd3_1)
                                                         net434 (net)
                      0.261287    0.000000    3.250476 ^ u_sram/A_BM[16] (RM_IHPSG13_1P_1024x32_c2_bm_bist)
                                              3.250476   data arrival time

                                  0.000000    0.000000   clock clk_i (rise edge)
                                  0.000000    0.000000   clock source latency
     2    0.071915    0.000000    0.000000    0.000000 ^ clk_i (in)
                                                         clk_i (net)
                      0.007642    0.003821    0.003821 ^ delaybuf_0_clk_i/A (sg13g2_buf_16)
     1    0.025595    0.030873    0.084150    0.087972 ^ delaybuf_0_clk_i/X (sg13g2_buf_16)
                                                         delaynet_0_clk_i (net)
                      0.030895    0.001594    0.089566 ^ delaybuf_1_clk_i/A (sg13g2_buf_16)
     1    0.023706    0.031007    0.096824    0.186389 ^ delaybuf_1_clk_i/X (sg13g2_buf_16)
                                                         delaynet_1_clk_i (net)
                      0.031018    0.001183    0.187572 ^ clkbuf_0_clk_i/A (sg13g2_buf_16)
     1    0.018301    0.029106    0.095384    0.282956 ^ clkbuf_0_clk_i/X (sg13g2_buf_16)
                                                         clknet_0_clk_i (net)
                      0.029106    0.000223    0.283179 ^ clkbuf_1_0__f_clk_i/A (sg13g2_buf_16)
     1    0.003790    0.023734    0.089874    0.373052 ^ clkbuf_1_0__f_clk_i/X (sg13g2_buf_16)
                                                         clknet_1_0__leaf_clk_i (net)
                      0.031646    0.000000    0.373052 ^ u_sram/A_CLK (RM_IHPSG13_1P_1024x32_c2_bm_bist)
                                  0.200000    0.573053   clock uncertainty
                                  0.000000    0.573053   clock reconvergence pessimism
                                  0.683313    1.256366   library hold time
                                              1.256366   data required time
---------------------------------------------------------------------------------------------
                                              1.256366   data required time
                                             -3.250476   data arrival time
---------------------------------------------------------------------------------------------
                                              1.994110   slack (MET)


Startpoint: _856_ (rising edge-triggered flip-flop clocked by clk_i)
Endpoint: u_sram (rising edge-triggered flip-flop clocked by clk_i)
Path Group: clk_i
Path Type: min

Fanout         Cap        Slew       Delay        Time   Description
---------------------------------------------------------------------------------------------
                                  0.000000    0.000000   clock clk_i (rise edge)
                                  0.000000    0.000000   clock source latency
     2    0.067269    0.000000    0.000000    0.000000 ^ clk_i (in)
                                                         clk_i (net)
                      0.016385    0.008193    0.008193 ^ clkbuf_regs_0_clk_i/A (sg13g2_buf_16)
     1    0.015676    0.027653    0.086298    0.094491 ^ clkbuf_regs_0_clk_i/X (sg13g2_buf_16)
                                                         clk_i_regs (net)
                      0.027653    0.000160    0.094650 ^ clkbuf_0_clk_i_regs/A (sg13g2_buf_16)
    16    0.164023    0.082918    0.132617    0.227268 ^ clkbuf_0_clk_i_regs/X (sg13g2_buf_16)
                                                         clknet_0_clk_i_regs (net)
                      0.083557    0.005834    0.233102 ^ clkbuf_4_7_0_clk_i_regs/A (sg13g2_buf_8)
     7    0.036137    0.048921    0.141016    0.374118 ^ clkbuf_4_7_0_clk_i_regs/X (sg13g2_buf_8)
                                                         clknet_4_7_0_clk_i_regs (net)
                      0.049103    0.002749    0.376867 ^ _856_/CLK (sg13g2_dfrbpq_1)
     1    0.001802    0.030939    0.262513    0.639380 ^ _856_/Q (sg13g2_dfrbpq_1)
                                                         wdata_q[15] (net)
                      0.030939    0.000013    0.639393 ^ hold441/A (sg13g2_dlygate4sd3_1)
     2    0.006611    0.076141    0.576719    1.216112 ^ hold441/X (sg13g2_dlygate4sd3_1)
                                                         net440 (net)
                      0.076141    0.000036    1.216148 ^ _479_/A (sg13g2_inv_1)
     1    0.004789    0.042941    0.064783    1.280931 v _479_/Y (sg13g2_inv_1)
                                                         _162_ (net)
                      0.042941    0.000111    1.281043 v hold442/A (sg13g2_dlygate4sd3_1)
     1    0.006100    0.072856    0.611447    1.892490 v hold442/X (sg13g2_dlygate4sd3_1)
                                                         net441 (net)
                      0.072856    0.000156    1.892646 v _481_/A1 (sg13g2_o21ai_1)
     1    0.008366    0.082913    0.200178    2.092824 ^ _481_/Y (sg13g2_o21ai_1)
                                                         sram_din[15] (net)
                      0.082915    0.000309    2.093133 ^ hold628/A (sg13g2_dlygate4sd3_1)
     1    0.007156    0.079185    0.610220    2.703353 ^ hold628/X (sg13g2_dlygate4sd3_1)
                                                         net627 (net)
                      0.079185    0.000222    2.703575 ^ hold443/A (sg13g2_dlygate4sd3_1)
     1    0.013637    0.117803    0.643861    3.347436 ^ hold443/X (sg13g2_dlygate4sd3_1)
                                                         net442 (net)
                      0.157071    0.000000    3.347436 ^ u_sram/A_DIN[15] (RM_IHPSG13_1P_1024x32_c2_bm_bist)
                                              3.347436   data arrival time

                                  0.000000    0.000000   clock clk_i (rise edge)
                                  0.000000    0.000000   clock source latency
     2    0.071915    0.000000    0.000000    0.000000 ^ clk_i (in)
                                                         clk_i (net)
                      0.007642    0.003821    0.003821 ^ delaybuf_0_clk_i/A (sg13g2_buf_16)
     1    0.025595    0.030873    0.084150    0.087972 ^ delaybuf_0_clk_i/X (sg13g2_buf_16)
                                                         delaynet_0_clk_i (net)
                      0.030895    0.001594    0.089566 ^ delaybuf_1_clk_i/A (sg13g2_buf_16)
     1    0.023706    0.031007    0.096824    0.186389 ^ delaybuf_1_clk_i/X (sg13g2_buf_16)
                                                         delaynet_1_clk_i (net)
                      0.031018    0.001183    0.187572 ^ clkbuf_0_clk_i/A (sg13g2_buf_16)
     1    0.018301    0.029106    0.095384    0.282956 ^ clkbuf_0_clk_i/X (sg13g2_buf_16)
                                                         clknet_0_clk_i (net)
                      0.029106    0.000223    0.283179 ^ clkbuf_1_0__f_clk_i/A (sg13g2_buf_16)
     1    0.003790    0.023734    0.089874    0.373052 ^ clkbuf_1_0__f_clk_i/X (sg13g2_buf_16)
                                                         clknet_1_0__leaf_clk_i (net)
                      0.031646    0.000000    0.373052 ^ u_sram/A_CLK (RM_IHPSG13_1P_1024x32_c2_bm_bist)
                                  0.200000    0.573053   clock uncertainty
                                  0.000000    0.573053   clock reconvergence pessimism
                                  0.779862    1.352915   library hold time
                                              1.352915   data required time
---------------------------------------------------------------------------------------------
                                              1.352915   data required time
                                             -3.347436   data arrival time
---------------------------------------------------------------------------------------------
                                              1.994521   slack (MET)


Startpoint: _875_ (rising edge-triggered flip-flop clocked by clk_i)
Endpoint: u_sram (rising edge-triggered flip-flop clocked by clk_i)
Path Group: clk_i
Path Type: min

Fanout         Cap        Slew       Delay        Time   Description
---------------------------------------------------------------------------------------------
                                  0.000000    0.000000   clock clk_i (rise edge)
                                  0.000000    0.000000   clock source latency
     2    0.067269    0.000000    0.000000    0.000000 ^ clk_i (in)
                                                         clk_i (net)
                      0.016385    0.008193    0.008193 ^ clkbuf_regs_0_clk_i/A (sg13g2_buf_16)
     1    0.015676    0.027653    0.086298    0.094491 ^ clkbuf_regs_0_clk_i/X (sg13g2_buf_16)
                                                         clk_i_regs (net)
                      0.027653    0.000160    0.094650 ^ clkbuf_0_clk_i_regs/A (sg13g2_buf_16)
    16    0.164023    0.082918    0.132617    0.227268 ^ clkbuf_0_clk_i_regs/X (sg13g2_buf_16)
                                                         clknet_0_clk_i_regs (net)
                      0.083551    0.005812    0.233079 ^ clkbuf_4_5_0_clk_i_regs/A (sg13g2_buf_8)
     7    0.036325    0.049055    0.141482    0.374561 ^ clkbuf_4_5_0_clk_i_regs/X (sg13g2_buf_8)
                                                         clknet_4_5_0_clk_i_regs (net)
                      0.049071    0.001500    0.376061 ^ _875_/CLK (sg13g2_dfrbpq_1)
     1    0.001877    0.031356    0.262838    0.638899 ^ _875_/Q (sg13g2_dfrbpq_1)
                                                         wstrb_q[2] (net)
                      0.031356    0.000014    0.638914 ^ hold436/A (sg13g2_dlygate4sd3_1)
     1    0.001569    0.049134    0.548868    1.187781 ^ hold436/X (sg13g2_dlygate4sd3_1)
                                                         net435 (net)
                      0.049134    0.000009    1.187790 ^ hold434/A (sg13g2_dlygate4sd3_1)
     2    0.005316    0.068761    0.580190    1.767980 ^ hold434/X (sg13g2_dlygate4sd3_1)
                                                         net433 (net)
                      0.068761    0.000020    1.768000 ^ hold437/A (sg13g2_dlygate4sd3_1)
     1    0.002863    0.056178    0.578077    2.346078 ^ hold437/X (sg13g2_dlygate4sd3_1)
                                                         net436 (net)
                      0.056178    0.000021    2.346099 ^ _600_/A1 (sg13g2_a21o_1)
     1    0.009861    0.078749    0.188794    2.534892 ^ _600_/X (sg13g2_a21o_1)
                                                         sram_bm[16] (net)
                      0.078749    0.000426    2.535318 ^ hold435/A (sg13g2_dlygate4sd3_1)
     8    0.027250    0.195965    0.715158    3.250476 ^ hold435/X (sg13g2_dlygate4sd3_1)
                                                         net434 (net)
                      0.261287    0.000478    3.250954 ^ u_sram/A_BM[23] (RM_IHPSG13_1P_1024x32_c2_bm_bist)
                                              3.250954   data arrival time

                                  0.000000    0.000000   clock clk_i (rise edge)
                                  0.000000    0.000000   clock source latency
     2    0.071915    0.000000    0.000000    0.000000 ^ clk_i (in)
                                                         clk_i (net)
                      0.007642    0.003821    0.003821 ^ delaybuf_0_clk_i/A (sg13g2_buf_16)
     1    0.025595    0.030873    0.084150    0.087972 ^ delaybuf_0_clk_i/X (sg13g2_buf_16)
                                                         delaynet_0_clk_i (net)
                      0.030895    0.001594    0.089566 ^ delaybuf_1_clk_i/A (sg13g2_buf_16)
     1    0.023706    0.031007    0.096824    0.186389 ^ delaybuf_1_clk_i/X (sg13g2_buf_16)
                                                         delaynet_1_clk_i (net)
                      0.031018    0.001183    0.187572 ^ clkbuf_0_clk_i/A (sg13g2_buf_16)
     1    0.018301    0.029106    0.095384    0.282956 ^ clkbuf_0_clk_i/X (sg13g2_buf_16)
                                                         clknet_0_clk_i (net)
                      0.029106    0.000223    0.283179 ^ clkbuf_1_0__f_clk_i/A (sg13g2_buf_16)
     1    0.003790    0.023734    0.089874    0.373052 ^ clkbuf_1_0__f_clk_i/X (sg13g2_buf_16)
                                                         clknet_1_0__leaf_clk_i (net)
                      0.031646    0.000000    0.373052 ^ u_sram/A_CLK (RM_IHPSG13_1P_1024x32_c2_bm_bist)
                                  0.200000    0.573053   clock uncertainty
                                  0.000000    0.573053   clock reconvergence pessimism
                                  0.683313    1.256366   library hold time
                                              1.256366   data required time
---------------------------------------------------------------------------------------------
                                              1.256366   data required time
                                             -3.250954   data arrival time
---------------------------------------------------------------------------------------------
                                              1.994588   slack (MET)


Startpoint: _875_ (rising edge-triggered flip-flop clocked by clk_i)
Endpoint: u_sram (rising edge-triggered flip-flop clocked by clk_i)
Path Group: clk_i
Path Type: min

Fanout         Cap        Slew       Delay        Time   Description
---------------------------------------------------------------------------------------------
                                  0.000000    0.000000   clock clk_i (rise edge)
                                  0.000000    0.000000   clock source latency
     2    0.067269    0.000000    0.000000    0.000000 ^ clk_i (in)
                                                         clk_i (net)
                      0.016385    0.008193    0.008193 ^ clkbuf_regs_0_clk_i/A (sg13g2_buf_16)
     1    0.015676    0.027653    0.086298    0.094491 ^ clkbuf_regs_0_clk_i/X (sg13g2_buf_16)
                                                         clk_i_regs (net)
                      0.027653    0.000160    0.094650 ^ clkbuf_0_clk_i_regs/A (sg13g2_buf_16)
    16    0.164023    0.082918    0.132617    0.227268 ^ clkbuf_0_clk_i_regs/X (sg13g2_buf_16)
                                                         clknet_0_clk_i_regs (net)
                      0.083551    0.005812    0.233079 ^ clkbuf_4_5_0_clk_i_regs/A (sg13g2_buf_8)
     7    0.036325    0.049055    0.141482    0.374561 ^ clkbuf_4_5_0_clk_i_regs/X (sg13g2_buf_8)
                                                         clknet_4_5_0_clk_i_regs (net)
                      0.049071    0.001500    0.376061 ^ _875_/CLK (sg13g2_dfrbpq_1)
     1    0.001877    0.031356    0.262838    0.638899 ^ _875_/Q (sg13g2_dfrbpq_1)
                                                         wstrb_q[2] (net)
                      0.031356    0.000014    0.638914 ^ hold436/A (sg13g2_dlygate4sd3_1)
     1    0.001569    0.049134    0.548868    1.187781 ^ hold436/X (sg13g2_dlygate4sd3_1)
                                                         net435 (net)
                      0.049134    0.000009    1.187790 ^ hold434/A (sg13g2_dlygate4sd3_1)
     2    0.005316    0.068761    0.580190    1.767980 ^ hold434/X (sg13g2_dlygate4sd3_1)
                                                         net433 (net)
                      0.068761    0.000020    1.768000 ^ hold437/A (sg13g2_dlygate4sd3_1)
     1    0.002863    0.056178    0.578077    2.346078 ^ hold437/X (sg13g2_dlygate4sd3_1)
                                                         net436 (net)
                      0.056178    0.000021    2.346099 ^ _600_/A1 (sg13g2_a21o_1)
     1    0.009861    0.078749    0.188794    2.534892 ^ _600_/X (sg13g2_a21o_1)
                                                         sram_bm[16] (net)
                      0.078749    0.000426    2.535318 ^ hold435/A (sg13g2_dlygate4sd3_1)
     8    0.027250    0.195965    0.715158    3.250476 ^ hold435/X (sg13g2_dlygate4sd3_1)
                                                         net434 (net)
                      0.261287    0.000665    3.251141 ^ u_sram/A_BM[22] (RM_IHPSG13_1P_1024x32_c2_bm_bist)
                                              3.251141   data arrival time

                                  0.000000    0.000000   clock clk_i (rise edge)
                                  0.000000    0.000000   clock source latency
     2    0.071915    0.000000    0.000000    0.000000 ^ clk_i (in)
                                                         clk_i (net)
                      0.007642    0.003821    0.003821 ^ delaybuf_0_clk_i/A (sg13g2_buf_16)
     1    0.025595    0.030873    0.084150    0.087972 ^ delaybuf_0_clk_i/X (sg13g2_buf_16)
                                                         delaynet_0_clk_i (net)
                      0.030895    0.001594    0.089566 ^ delaybuf_1_clk_i/A (sg13g2_buf_16)
     1    0.023706    0.031007    0.096824    0.186389 ^ delaybuf_1_clk_i/X (sg13g2_buf_16)
                                                         delaynet_1_clk_i (net)
                      0.031018    0.001183    0.187572 ^ clkbuf_0_clk_i/A (sg13g2_buf_16)
     1    0.018301    0.029106    0.095384    0.282956 ^ clkbuf_0_clk_i/X (sg13g2_buf_16)
                                                         clknet_0_clk_i (net)
                      0.029106    0.000223    0.283179 ^ clkbuf_1_0__f_clk_i/A (sg13g2_buf_16)
     1    0.003790    0.023734    0.089874    0.373052 ^ clkbuf_1_0__f_clk_i/X (sg13g2_buf_16)
                                                         clknet_1_0__leaf_clk_i (net)
                      0.031646    0.000000    0.373052 ^ u_sram/A_CLK (RM_IHPSG13_1P_1024x32_c2_bm_bist)
                                  0.200000    0.573053   clock uncertainty
                                  0.000000    0.573053   clock reconvergence pessimism
                                  0.683313    1.256366   library hold time
                                              1.256366   data required time
---------------------------------------------------------------------------------------------
                                              1.256366   data required time
                                             -3.251141   data arrival time
---------------------------------------------------------------------------------------------
                                              1.994775   slack (MET)


Startpoint: _875_ (rising edge-triggered flip-flop clocked by clk_i)
Endpoint: u_sram (rising edge-triggered flip-flop clocked by clk_i)
Path Group: clk_i
Path Type: min

Fanout         Cap        Slew       Delay        Time   Description
---------------------------------------------------------------------------------------------
                                  0.000000    0.000000   clock clk_i (rise edge)
                                  0.000000    0.000000   clock source latency
     2    0.067269    0.000000    0.000000    0.000000 ^ clk_i (in)
                                                         clk_i (net)
                      0.016385    0.008193    0.008193 ^ clkbuf_regs_0_clk_i/A (sg13g2_buf_16)
     1    0.015676    0.027653    0.086298    0.094491 ^ clkbuf_regs_0_clk_i/X (sg13g2_buf_16)
                                                         clk_i_regs (net)
                      0.027653    0.000160    0.094650 ^ clkbuf_0_clk_i_regs/A (sg13g2_buf_16)
    16    0.164023    0.082918    0.132617    0.227268 ^ clkbuf_0_clk_i_regs/X (sg13g2_buf_16)
                                                         clknet_0_clk_i_regs (net)
                      0.083551    0.005812    0.233079 ^ clkbuf_4_5_0_clk_i_regs/A (sg13g2_buf_8)
     7    0.036325    0.049055    0.141482    0.374561 ^ clkbuf_4_5_0_clk_i_regs/X (sg13g2_buf_8)
                                                         clknet_4_5_0_clk_i_regs (net)
                      0.049071    0.001500    0.376061 ^ _875_/CLK (sg13g2_dfrbpq_1)
     1    0.001877    0.031356    0.262838    0.638899 ^ _875_/Q (sg13g2_dfrbpq_1)
                                                         wstrb_q[2] (net)
                      0.031356    0.000014    0.638914 ^ hold436/A (sg13g2_dlygate4sd3_1)
     1    0.001569    0.049134    0.548868    1.187781 ^ hold436/X (sg13g2_dlygate4sd3_1)
                                                         net435 (net)
                      0.049134    0.000009    1.187790 ^ hold434/A (sg13g2_dlygate4sd3_1)
     2    0.005316    0.068761    0.580190    1.767980 ^ hold434/X (sg13g2_dlygate4sd3_1)
                                                         net433 (net)
                      0.068761    0.000020    1.768000 ^ hold437/A (sg13g2_dlygate4sd3_1)
     1    0.002863    0.056178    0.578077    2.346078 ^ hold437/X (sg13g2_dlygate4sd3_1)
                                                         net436 (net)
                      0.056178    0.000021    2.346099 ^ _600_/A1 (sg13g2_a21o_1)
     1    0.009861    0.078749    0.188794    2.534892 ^ _600_/X (sg13g2_a21o_1)
                                                         sram_bm[16] (net)
                      0.078749    0.000426    2.535318 ^ hold435/A (sg13g2_dlygate4sd3_1)
     8    0.027250    0.195965    0.715158    3.250476 ^ hold435/X (sg13g2_dlygate4sd3_1)
                                                         net434 (net)
                      0.261287    0.000821    3.251297 ^ u_sram/A_BM[21] (RM_IHPSG13_1P_1024x32_c2_bm_bist)
                                              3.251297   data arrival time

                                  0.000000    0.000000   clock clk_i (rise edge)
                                  0.000000    0.000000   clock source latency
     2    0.071915    0.000000    0.000000    0.000000 ^ clk_i (in)
                                                         clk_i (net)
                      0.007642    0.003821    0.003821 ^ delaybuf_0_clk_i/A (sg13g2_buf_16)
     1    0.025595    0.030873    0.084150    0.087972 ^ delaybuf_0_clk_i/X (sg13g2_buf_16)
                                                         delaynet_0_clk_i (net)
                      0.030895    0.001594    0.089566 ^ delaybuf_1_clk_i/A (sg13g2_buf_16)
     1    0.023706    0.031007    0.096824    0.186389 ^ delaybuf_1_clk_i/X (sg13g2_buf_16)
                                                         delaynet_1_clk_i (net)
                      0.031018    0.001183    0.187572 ^ clkbuf_0_clk_i/A (sg13g2_buf_16)
     1    0.018301    0.029106    0.095384    0.282956 ^ clkbuf_0_clk_i/X (sg13g2_buf_16)
                                                         clknet_0_clk_i (net)
                      0.029106    0.000223    0.283179 ^ clkbuf_1_0__f_clk_i/A (sg13g2_buf_16)
     1    0.003790    0.023734    0.089874    0.373052 ^ clkbuf_1_0__f_clk_i/X (sg13g2_buf_16)
                                                         clknet_1_0__leaf_clk_i (net)
                      0.031646    0.000000    0.373052 ^ u_sram/A_CLK (RM_IHPSG13_1P_1024x32_c2_bm_bist)
                                  0.200000    0.573053   clock uncertainty
                                  0.000000    0.573053   clock reconvergence pessimism
                                  0.683313    1.256366   library hold time
                                              1.256366   data required time
---------------------------------------------------------------------------------------------
                                              1.256366   data required time
                                             -3.251297   data arrival time
---------------------------------------------------------------------------------------------
                                              1.994931   slack (MET)


Startpoint: _875_ (rising edge-triggered flip-flop clocked by clk_i)
Endpoint: u_sram (rising edge-triggered flip-flop clocked by clk_i)
Path Group: clk_i
Path Type: min

Fanout         Cap        Slew       Delay        Time   Description
---------------------------------------------------------------------------------------------
                                  0.000000    0.000000   clock clk_i (rise edge)
                                  0.000000    0.000000   clock source latency
     2    0.067269    0.000000    0.000000    0.000000 ^ clk_i (in)
                                                         clk_i (net)
                      0.016385    0.008193    0.008193 ^ clkbuf_regs_0_clk_i/A (sg13g2_buf_16)
     1    0.015676    0.027653    0.086298    0.094491 ^ clkbuf_regs_0_clk_i/X (sg13g2_buf_16)
                                                         clk_i_regs (net)
                      0.027653    0.000160    0.094650 ^ clkbuf_0_clk_i_regs/A (sg13g2_buf_16)
    16    0.164023    0.082918    0.132617    0.227268 ^ clkbuf_0_clk_i_regs/X (sg13g2_buf_16)
                                                         clknet_0_clk_i_regs (net)
                      0.083551    0.005812    0.233079 ^ clkbuf_4_5_0_clk_i_regs/A (sg13g2_buf_8)
     7    0.036325    0.049055    0.141482    0.374561 ^ clkbuf_4_5_0_clk_i_regs/X (sg13g2_buf_8)
                                                         clknet_4_5_0_clk_i_regs (net)
                      0.049071    0.001500    0.376061 ^ _875_/CLK (sg13g2_dfrbpq_1)
     1    0.001877    0.031356    0.262838    0.638899 ^ _875_/Q (sg13g2_dfrbpq_1)
                                                         wstrb_q[2] (net)
                      0.031356    0.000014    0.638914 ^ hold436/A (sg13g2_dlygate4sd3_1)
     1    0.001569    0.049134    0.548868    1.187781 ^ hold436/X (sg13g2_dlygate4sd3_1)
                                                         net435 (net)
                      0.049134    0.000009    1.187790 ^ hold434/A (sg13g2_dlygate4sd3_1)
     2    0.005316    0.068761    0.580190    1.767980 ^ hold434/X (sg13g2_dlygate4sd3_1)
                                                         net433 (net)
                      0.068761    0.000020    1.768000 ^ hold437/A (sg13g2_dlygate4sd3_1)
     1    0.002863    0.056178    0.578077    2.346078 ^ hold437/X (sg13g2_dlygate4sd3_1)
                                                         net436 (net)
                      0.056178    0.000021    2.346099 ^ _600_/A1 (sg13g2_a21o_1)
     1    0.009861    0.078749    0.188794    2.534892 ^ _600_/X (sg13g2_a21o_1)
                                                         sram_bm[16] (net)
                      0.078749    0.000426    2.535318 ^ hold435/A (sg13g2_dlygate4sd3_1)
     8    0.027250    0.195965    0.715158    3.250476 ^ hold435/X (sg13g2_dlygate4sd3_1)
                                                         net434 (net)
                      0.261289    0.000947    3.251423 ^ u_sram/A_BM[20] (RM_IHPSG13_1P_1024x32_c2_bm_bist)
                                              3.251423   data arrival time

                                  0.000000    0.000000   clock clk_i (rise edge)
                                  0.000000    0.000000   clock source latency
     2    0.071915    0.000000    0.000000    0.000000 ^ clk_i (in)
                                                         clk_i (net)
                      0.007642    0.003821    0.003821 ^ delaybuf_0_clk_i/A (sg13g2_buf_16)
     1    0.025595    0.030873    0.084150    0.087972 ^ delaybuf_0_clk_i/X (sg13g2_buf_16)
                                                         delaynet_0_clk_i (net)
                      0.030895    0.001594    0.089566 ^ delaybuf_1_clk_i/A (sg13g2_buf_16)
     1    0.023706    0.031007    0.096824    0.186389 ^ delaybuf_1_clk_i/X (sg13g2_buf_16)
                                                         delaynet_1_clk_i (net)
                      0.031018    0.001183    0.187572 ^ clkbuf_0_clk_i/A (sg13g2_buf_16)
     1    0.018301    0.029106    0.095384    0.282956 ^ clkbuf_0_clk_i/X (sg13g2_buf_16)
                                                         clknet_0_clk_i (net)
                      0.029106    0.000223    0.283179 ^ clkbuf_1_0__f_clk_i/A (sg13g2_buf_16)
     1    0.003790    0.023734    0.089874    0.373052 ^ clkbuf_1_0__f_clk_i/X (sg13g2_buf_16)
                                                         clknet_1_0__leaf_clk_i (net)
                      0.031646    0.000000    0.373052 ^ u_sram/A_CLK (RM_IHPSG13_1P_1024x32_c2_bm_bist)
                                  0.200000    0.573053   clock uncertainty
                                  0.000000    0.573053   clock reconvergence pessimism
                                  0.683312    1.256364   library hold time
                                              1.256364   data required time
---------------------------------------------------------------------------------------------
                                              1.256364   data required time
                                             -3.251423   data arrival time
---------------------------------------------------------------------------------------------
                                              1.995058   slack (MET)


Startpoint: _853_ (rising edge-triggered flip-flop clocked by clk_i)
Endpoint: u_sram (rising edge-triggered flip-flop clocked by clk_i)
Path Group: clk_i
Path Type: min

Fanout         Cap        Slew       Delay        Time   Description
---------------------------------------------------------------------------------------------
                                  0.000000    0.000000   clock clk_i (rise edge)
                                  0.000000    0.000000   clock source latency
     2    0.067269    0.000000    0.000000    0.000000 ^ clk_i (in)
                                                         clk_i (net)
                      0.016385    0.008193    0.008193 ^ clkbuf_regs_0_clk_i/A (sg13g2_buf_16)
     1    0.015676    0.027653    0.086298    0.094491 ^ clkbuf_regs_0_clk_i/X (sg13g2_buf_16)
                                                         clk_i_regs (net)
                      0.027653    0.000160    0.094650 ^ clkbuf_0_clk_i_regs/A (sg13g2_buf_16)
    16    0.164023    0.082918    0.132617    0.227268 ^ clkbuf_0_clk_i_regs/X (sg13g2_buf_16)
                                                         clknet_0_clk_i_regs (net)
                      0.083563    0.005860    0.233128 ^ clkbuf_4_6_0_clk_i_regs/A (sg13g2_buf_8)
     7    0.032439    0.046454    0.139214    0.372342 ^ clkbuf_4_6_0_clk_i_regs/X (sg13g2_buf_8)
                                                         clknet_4_6_0_clk_i_regs (net)
                      0.046475    0.001416    0.373758 ^ _853_/CLK (sg13g2_dfrbpq_1)
     1    0.001834    0.031118    0.261182    0.634939 ^ _853_/Q (sg13g2_dfrbpq_1)
                                                         wdata_q[12] (net)
                      0.031118    0.000014    0.634953 ^ hold447/A (sg13g2_dlygate4sd3_1)
     2    0.006229    0.074085    0.574697    1.209649 ^ hold447/X (sg13g2_dlygate4sd3_1)
                                                         net446 (net)
                      0.074085    0.000027    1.209676 ^ _470_/A (sg13g2_inv_1)
     1    0.004459    0.041129    0.062486    1.272162 v _470_/Y (sg13g2_inv_1)
                                                         _156_ (net)
                      0.041129    0.000095    1.272257 v hold448/A (sg13g2_dlygate4sd3_1)
     1    0.005341    0.068986    0.606210    1.878467 v hold448/X (sg13g2_dlygate4sd3_1)
                                                         net447 (net)
                      0.068986    0.000113    1.878580 v _472_/A1 (sg13g2_o21ai_1)
     1    0.008297    0.082611    0.197746    2.076327 ^ _472_/Y (sg13g2_o21ai_1)
                                                         sram_din[12] (net)
                      0.082613    0.000302    2.076628 ^ hold637/A (sg13g2_dlygate4sd3_1)
     1    0.007933    0.083581    0.614345    2.690973 ^ hold637/X (sg13g2_dlygate4sd3_1)
                                                         net636 (net)
                      0.083581    0.000274    2.691247 ^ hold449/A (sg13g2_dlygate4sd3_1)
     1    0.014421    0.122668    0.650754    3.342002 ^ hold449/X (sg13g2_dlygate4sd3_1)
                                                         net448 (net)
                      0.163557    0.000000    3.342002 ^ u_sram/A_DIN[12] (RM_IHPSG13_1P_1024x32_c2_bm_bist)
                                              3.342002   data arrival time

                                  0.000000    0.000000   clock clk_i (rise edge)
                                  0.000000    0.000000   clock source latency
     2    0.071915    0.000000    0.000000    0.000000 ^ clk_i (in)
                                                         clk_i (net)
                      0.007642    0.003821    0.003821 ^ delaybuf_0_clk_i/A (sg13g2_buf_16)
     1    0.025595    0.030873    0.084150    0.087972 ^ delaybuf_0_clk_i/X (sg13g2_buf_16)
                                                         delaynet_0_clk_i (net)
                      0.030895    0.001594    0.089566 ^ delaybuf_1_clk_i/A (sg13g2_buf_16)
     1    0.023706    0.031007    0.096824    0.186389 ^ delaybuf_1_clk_i/X (sg13g2_buf_16)
                                                         delaynet_1_clk_i (net)
                      0.031018    0.001183    0.187572 ^ clkbuf_0_clk_i/A (sg13g2_buf_16)
     1    0.018301    0.029106    0.095384    0.282956 ^ clkbuf_0_clk_i/X (sg13g2_buf_16)
                                                         clknet_0_clk_i (net)
                      0.029106    0.000223    0.283179 ^ clkbuf_1_0__f_clk_i/A (sg13g2_buf_16)
     1    0.003790    0.023734    0.089874    0.373052 ^ clkbuf_1_0__f_clk_i/X (sg13g2_buf_16)
                                                         clknet_1_0__leaf_clk_i (net)
                      0.031646    0.000000    0.373052 ^ u_sram/A_CLK (RM_IHPSG13_1P_1024x32_c2_bm_bist)
                                  0.200000    0.573053   clock uncertainty
                                  0.000000    0.573053   clock reconvergence pessimism
                                  0.773812    1.346865   library hold time
                                              1.346865   data required time
---------------------------------------------------------------------------------------------
                                              1.346865   data required time
                                             -3.342002   data arrival time
---------------------------------------------------------------------------------------------
                                              1.995137   slack (MET)


Startpoint: _875_ (rising edge-triggered flip-flop clocked by clk_i)
Endpoint: u_sram (rising edge-triggered flip-flop clocked by clk_i)
Path Group: clk_i
Path Type: min

Fanout         Cap        Slew       Delay        Time   Description
---------------------------------------------------------------------------------------------
                                  0.000000    0.000000   clock clk_i (rise edge)
                                  0.000000    0.000000   clock source latency
     2    0.067269    0.000000    0.000000    0.000000 ^ clk_i (in)
                                                         clk_i (net)
                      0.016385    0.008193    0.008193 ^ clkbuf_regs_0_clk_i/A (sg13g2_buf_16)
     1    0.015676    0.027653    0.086298    0.094491 ^ clkbuf_regs_0_clk_i/X (sg13g2_buf_16)
                                                         clk_i_regs (net)
                      0.027653    0.000160    0.094650 ^ clkbuf_0_clk_i_regs/A (sg13g2_buf_16)
    16    0.164023    0.082918    0.132617    0.227268 ^ clkbuf_0_clk_i_regs/X (sg13g2_buf_16)
                                                         clknet_0_clk_i_regs (net)
                      0.083551    0.005812    0.233079 ^ clkbuf_4_5_0_clk_i_regs/A (sg13g2_buf_8)
     7    0.036325    0.049055    0.141482    0.374561 ^ clkbuf_4_5_0_clk_i_regs/X (sg13g2_buf_8)
                                                         clknet_4_5_0_clk_i_regs (net)
                      0.049071    0.001500    0.376061 ^ _875_/CLK (sg13g2_dfrbpq_1)
     1    0.001877    0.031356    0.262838    0.638899 ^ _875_/Q (sg13g2_dfrbpq_1)
                                                         wstrb_q[2] (net)
                      0.031356    0.000014    0.638914 ^ hold436/A (sg13g2_dlygate4sd3_1)
     1    0.001569    0.049134    0.548868    1.187781 ^ hold436/X (sg13g2_dlygate4sd3_1)
                                                         net435 (net)
                      0.049134    0.000009    1.187790 ^ hold434/A (sg13g2_dlygate4sd3_1)
     2    0.005316    0.068761    0.580190    1.767980 ^ hold434/X (sg13g2_dlygate4sd3_1)
                                                         net433 (net)
                      0.068761    0.000020    1.768000 ^ hold437/A (sg13g2_dlygate4sd3_1)
     1    0.002863    0.056178    0.578077    2.346078 ^ hold437/X (sg13g2_dlygate4sd3_1)
                                                         net436 (net)
                      0.056178    0.000021    2.346099 ^ _600_/A1 (sg13g2_a21o_1)
     1    0.009861    0.078749    0.188794    2.534892 ^ _600_/X (sg13g2_a21o_1)
                                                         sram_bm[16] (net)
                      0.078749    0.000426    2.535318 ^ hold435/A (sg13g2_dlygate4sd3_1)
     8    0.027250    0.195965    0.715158    3.250476 ^ hold435/X (sg13g2_dlygate4sd3_1)
                                                         net434 (net)
                      0.261290    0.001042    3.251518 ^ u_sram/A_BM[19] (RM_IHPSG13_1P_1024x32_c2_bm_bist)
                                              3.251518   data arrival time

                                  0.000000    0.000000   clock clk_i (rise edge)
                                  0.000000    0.000000   clock source latency
     2    0.071915    0.000000    0.000000    0.000000 ^ clk_i (in)
                                                         clk_i (net)
                      0.007642    0.003821    0.003821 ^ delaybuf_0_clk_i/A (sg13g2_buf_16)
     1    0.025595    0.030873    0.084150    0.087972 ^ delaybuf_0_clk_i/X (sg13g2_buf_16)
                                                         delaynet_0_clk_i (net)
                      0.030895    0.001594    0.089566 ^ delaybuf_1_clk_i/A (sg13g2_buf_16)
     1    0.023706    0.031007    0.096824    0.186389 ^ delaybuf_1_clk_i/X (sg13g2_buf_16)
                                                         delaynet_1_clk_i (net)
                      0.031018    0.001183    0.187572 ^ clkbuf_0_clk_i/A (sg13g2_buf_16)
     1    0.018301    0.029106    0.095384    0.282956 ^ clkbuf_0_clk_i/X (sg13g2_buf_16)
                                                         clknet_0_clk_i (net)
                      0.029106    0.000223    0.283179 ^ clkbuf_1_0__f_clk_i/A (sg13g2_buf_16)
     1    0.003790    0.023734    0.089874    0.373052 ^ clkbuf_1_0__f_clk_i/X (sg13g2_buf_16)
                                                         clknet_1_0__leaf_clk_i (net)
                      0.031646    0.000000    0.373052 ^ u_sram/A_CLK (RM_IHPSG13_1P_1024x32_c2_bm_bist)
                                  0.200000    0.573053   clock uncertainty
                                  0.000000    0.573053   clock reconvergence pessimism
                                  0.683311    1.256363   library hold time
                                              1.256363   data required time
---------------------------------------------------------------------------------------------
                                              1.256363   data required time
                                             -3.251518   data arrival time
---------------------------------------------------------------------------------------------
                                              1.995154   slack (MET)


Startpoint: _875_ (rising edge-triggered flip-flop clocked by clk_i)
Endpoint: u_sram (rising edge-triggered flip-flop clocked by clk_i)
Path Group: clk_i
Path Type: min

Fanout         Cap        Slew       Delay        Time   Description
---------------------------------------------------------------------------------------------
                                  0.000000    0.000000   clock clk_i (rise edge)
                                  0.000000    0.000000   clock source latency
     2    0.067269    0.000000    0.000000    0.000000 ^ clk_i (in)
                                                         clk_i (net)
                      0.016385    0.008193    0.008193 ^ clkbuf_regs_0_clk_i/A (sg13g2_buf_16)
     1    0.015676    0.027653    0.086298    0.094491 ^ clkbuf_regs_0_clk_i/X (sg13g2_buf_16)
                                                         clk_i_regs (net)
                      0.027653    0.000160    0.094650 ^ clkbuf_0_clk_i_regs/A (sg13g2_buf_16)
    16    0.164023    0.082918    0.132617    0.227268 ^ clkbuf_0_clk_i_regs/X (sg13g2_buf_16)
                                                         clknet_0_clk_i_regs (net)
                      0.083551    0.005812    0.233079 ^ clkbuf_4_5_0_clk_i_regs/A (sg13g2_buf_8)
     7    0.036325    0.049055    0.141482    0.374561 ^ clkbuf_4_5_0_clk_i_regs/X (sg13g2_buf_8)
                                                         clknet_4_5_0_clk_i_regs (net)
                      0.049071    0.001500    0.376061 ^ _875_/CLK (sg13g2_dfrbpq_1)
     1    0.001877    0.031356    0.262838    0.638899 ^ _875_/Q (sg13g2_dfrbpq_1)
                                                         wstrb_q[2] (net)
                      0.031356    0.000014    0.638914 ^ hold436/A (sg13g2_dlygate4sd3_1)
     1    0.001569    0.049134    0.548868    1.187781 ^ hold436/X (sg13g2_dlygate4sd3_1)
                                                         net435 (net)
                      0.049134    0.000009    1.187790 ^ hold434/A (sg13g2_dlygate4sd3_1)
     2    0.005316    0.068761    0.580190    1.767980 ^ hold434/X (sg13g2_dlygate4sd3_1)
                                                         net433 (net)
                      0.068761    0.000020    1.768000 ^ hold437/A (sg13g2_dlygate4sd3_1)
     1    0.002863    0.056178    0.578077    2.346078 ^ hold437/X (sg13g2_dlygate4sd3_1)
                                                         net436 (net)
                      0.056178    0.000021    2.346099 ^ _600_/A1 (sg13g2_a21o_1)
     1    0.009861    0.078749    0.188794    2.534892 ^ _600_/X (sg13g2_a21o_1)
                                                         sram_bm[16] (net)
                      0.078749    0.000426    2.535318 ^ hold435/A (sg13g2_dlygate4sd3_1)
     8    0.027250    0.195965    0.715158    3.250476 ^ hold435/X (sg13g2_dlygate4sd3_1)
                                                         net434 (net)
                      0.261291    0.001107    3.251583 ^ u_sram/A_BM[18] (RM_IHPSG13_1P_1024x32_c2_bm_bist)
                                              3.251583   data arrival time

                                  0.000000    0.000000   clock clk_i (rise edge)
                                  0.000000    0.000000   clock source latency
     2    0.071915    0.000000    0.000000    0.000000 ^ clk_i (in)
                                                         clk_i (net)
                      0.007642    0.003821    0.003821 ^ delaybuf_0_clk_i/A (sg13g2_buf_16)
     1    0.025595    0.030873    0.084150    0.087972 ^ delaybuf_0_clk_i/X (sg13g2_buf_16)
                                                         delaynet_0_clk_i (net)
                      0.030895    0.001594    0.089566 ^ delaybuf_1_clk_i/A (sg13g2_buf_16)
     1    0.023706    0.031007    0.096824    0.186389 ^ delaybuf_1_clk_i/X (sg13g2_buf_16)
                                                         delaynet_1_clk_i (net)
                      0.031018    0.001183    0.187572 ^ clkbuf_0_clk_i/A (sg13g2_buf_16)
     1    0.018301    0.029106    0.095384    0.282956 ^ clkbuf_0_clk_i/X (sg13g2_buf_16)
                                                         clknet_0_clk_i (net)
                      0.029106    0.000223    0.283179 ^ clkbuf_1_0__f_clk_i/A (sg13g2_buf_16)
     1    0.003790    0.023734    0.089874    0.373052 ^ clkbuf_1_0__f_clk_i/X (sg13g2_buf_16)
                                                         clknet_1_0__leaf_clk_i (net)
                      0.031646    0.000000    0.373052 ^ u_sram/A_CLK (RM_IHPSG13_1P_1024x32_c2_bm_bist)
                                  0.200000    0.573053   clock uncertainty
                                  0.000000    0.573053   clock reconvergence pessimism
                                  0.683310    1.256363   library hold time
                                              1.256363   data required time
---------------------------------------------------------------------------------------------
                                              1.256363   data required time
                                             -3.251583   data arrival time
---------------------------------------------------------------------------------------------
                                              1.995220   slack (MET)


Startpoint: _875_ (rising edge-triggered flip-flop clocked by clk_i)
Endpoint: u_sram (rising edge-triggered flip-flop clocked by clk_i)
Path Group: clk_i
Path Type: min

Fanout         Cap        Slew       Delay        Time   Description
---------------------------------------------------------------------------------------------
                                  0.000000    0.000000   clock clk_i (rise edge)
                                  0.000000    0.000000   clock source latency
     2    0.067269    0.000000    0.000000    0.000000 ^ clk_i (in)
                                                         clk_i (net)
                      0.016385    0.008193    0.008193 ^ clkbuf_regs_0_clk_i/A (sg13g2_buf_16)
     1    0.015676    0.027653    0.086298    0.094491 ^ clkbuf_regs_0_clk_i/X (sg13g2_buf_16)
                                                         clk_i_regs (net)
                      0.027653    0.000160    0.094650 ^ clkbuf_0_clk_i_regs/A (sg13g2_buf_16)
    16    0.164023    0.082918    0.132617    0.227268 ^ clkbuf_0_clk_i_regs/X (sg13g2_buf_16)
                                                         clknet_0_clk_i_regs (net)
                      0.083551    0.005812    0.233079 ^ clkbuf_4_5_0_clk_i_regs/A (sg13g2_buf_8)
     7    0.036325    0.049055    0.141482    0.374561 ^ clkbuf_4_5_0_clk_i_regs/X (sg13g2_buf_8)
                                                         clknet_4_5_0_clk_i_regs (net)
                      0.049071    0.001500    0.376061 ^ _875_/CLK (sg13g2_dfrbpq_1)
     1    0.001877    0.031356    0.262838    0.638899 ^ _875_/Q (sg13g2_dfrbpq_1)
                                                         wstrb_q[2] (net)
                      0.031356    0.000014    0.638914 ^ hold436/A (sg13g2_dlygate4sd3_1)
     1    0.001569    0.049134    0.548868    1.187781 ^ hold436/X (sg13g2_dlygate4sd3_1)
                                                         net435 (net)
                      0.049134    0.000009    1.187790 ^ hold434/A (sg13g2_dlygate4sd3_1)
     2    0.005316    0.068761    0.580190    1.767980 ^ hold434/X (sg13g2_dlygate4sd3_1)
                                                         net433 (net)
                      0.068761    0.000020    1.768000 ^ hold437/A (sg13g2_dlygate4sd3_1)
     1    0.002863    0.056178    0.578077    2.346078 ^ hold437/X (sg13g2_dlygate4sd3_1)
                                                         net436 (net)
                      0.056178    0.000021    2.346099 ^ _600_/A1 (sg13g2_a21o_1)
     1    0.009861    0.078749    0.188794    2.534892 ^ _600_/X (sg13g2_a21o_1)
                                                         sram_bm[16] (net)
                      0.078749    0.000426    2.535318 ^ hold435/A (sg13g2_dlygate4sd3_1)
     8    0.027250    0.195965    0.715158    3.250476 ^ hold435/X (sg13g2_dlygate4sd3_1)
                                                         net434 (net)
                      0.261291    0.001141    3.251617 ^ u_sram/A_BM[17] (RM_IHPSG13_1P_1024x32_c2_bm_bist)
                                              3.251617   data arrival time

                                  0.000000    0.000000   clock clk_i (rise edge)
                                  0.000000    0.000000   clock source latency
     2    0.071915    0.000000    0.000000    0.000000 ^ clk_i (in)
                                                         clk_i (net)
                      0.007642    0.003821    0.003821 ^ delaybuf_0_clk_i/A (sg13g2_buf_16)
     1    0.025595    0.030873    0.084150    0.087972 ^ delaybuf_0_clk_i/X (sg13g2_buf_16)
                                                         delaynet_0_clk_i (net)
                      0.030895    0.001594    0.089566 ^ delaybuf_1_clk_i/A (sg13g2_buf_16)
     1    0.023706    0.031007    0.096824    0.186389 ^ delaybuf_1_clk_i/X (sg13g2_buf_16)
                                                         delaynet_1_clk_i (net)
                      0.031018    0.001183    0.187572 ^ clkbuf_0_clk_i/A (sg13g2_buf_16)
     1    0.018301    0.029106    0.095384    0.282956 ^ clkbuf_0_clk_i/X (sg13g2_buf_16)
                                                         clknet_0_clk_i (net)
                      0.029106    0.000223    0.283179 ^ clkbuf_1_0__f_clk_i/A (sg13g2_buf_16)
     1    0.003790    0.023734    0.089874    0.373052 ^ clkbuf_1_0__f_clk_i/X (sg13g2_buf_16)
                                                         clknet_1_0__leaf_clk_i (net)
                      0.031646    0.000000    0.373052 ^ u_sram/A_CLK (RM_IHPSG13_1P_1024x32_c2_bm_bist)
                                  0.200000    0.573053   clock uncertainty
                                  0.000000    0.573053   clock reconvergence pessimism
                                  0.683310    1.256362   library hold time
                                              1.256362   data required time
---------------------------------------------------------------------------------------------
                                              1.256362   data required time
                                             -3.251617   data arrival time
---------------------------------------------------------------------------------------------
                                              1.995255   slack (MET)


Startpoint: boot_we (input port clocked by clk_i)
Endpoint: u_sram (rising edge-triggered flip-flop clocked by clk_i)
Path Group: clk_i
Path Type: min

Fanout         Cap        Slew       Delay        Time   Description
---------------------------------------------------------------------------------------------
                                  0.000000    0.000000   clock clk_i (rise edge)
                                  0.000000    0.000000   clock network delay (propagated)
                                  0.500000    0.500000 ^ input external delay
     1    0.002489    0.000000    0.000000    0.500000 ^ boot_we (in)
                                                         boot_we (net)
                      0.000030    0.000015    0.500015 ^ hold378/A (sg13g2_dlygate4sd3_1)
     1    0.002369    0.053496    0.534896    1.034911 ^ hold378/X (sg13g2_dlygate4sd3_1)
                                                         net377 (net)
                      0.053496    0.000017    1.034928 ^ input43/A (sg13g2_buf_1)
     1    0.031612    0.208260    0.229334    1.264261 ^ input43/X (sg13g2_buf_1)
                                                         net43 (net)
                      0.208403    0.004479    1.268740 ^ hold379/A (sg13g2_dlygate4sd3_1)
     2    0.030047    0.212594    0.791113    2.059853 ^ hold379/X (sg13g2_dlygate4sd3_1)
                                                         net378 (net)
                      0.212594    0.000836    2.060689 ^ fanout243/A (sg13g2_buf_1)
     7    0.038143    0.249394    0.321947    2.382636 ^ fanout243/X (sg13g2_buf_1)
                                                         net243 (net)
                      0.249480    0.003823    2.386459 ^ _599_/B1 (sg13g2_a21o_1)
     1    0.008056    0.069793    0.197053    2.583512 ^ _599_/X (sg13g2_a21o_1)
                                                         sram_bm[10] (net)
                      0.069793    0.000287    2.583799 ^ hold454/A (sg13g2_dlygate4sd3_1)
     8    0.024293    0.178179    0.696664    3.280463 ^ hold454/X (sg13g2_dlygate4sd3_1)
                                                         net453 (net)
                      0.237573    0.000000    3.280463 ^ u_sram/A_BM[15] (RM_IHPSG13_1P_1024x32_c2_bm_bist)
                                              3.280463   data arrival time

                                  0.000000    0.000000   clock clk_i (rise edge)
                                  0.000000    0.000000   clock source latency
     2    0.071915    0.000000    0.000000    0.000000 ^ clk_i (in)
                                                         clk_i (net)
                      0.007642    0.003821    0.003821 ^ delaybuf_0_clk_i/A (sg13g2_buf_16)
     1    0.025595    0.030873    0.084150    0.087972 ^ delaybuf_0_clk_i/X (sg13g2_buf_16)
                                                         delaynet_0_clk_i (net)
                      0.030895    0.001594    0.089566 ^ delaybuf_1_clk_i/A (sg13g2_buf_16)
     1    0.023706    0.031007    0.096824    0.186389 ^ delaybuf_1_clk_i/X (sg13g2_buf_16)
                                                         delaynet_1_clk_i (net)
                      0.031018    0.001183    0.187572 ^ clkbuf_0_clk_i/A (sg13g2_buf_16)
     1    0.018301    0.029106    0.095384    0.282956 ^ clkbuf_0_clk_i/X (sg13g2_buf_16)
                                                         clknet_0_clk_i (net)
                      0.029106    0.000223    0.283179 ^ clkbuf_1_0__f_clk_i/A (sg13g2_buf_16)
     1    0.003790    0.023734    0.089874    0.373052 ^ clkbuf_1_0__f_clk_i/X (sg13g2_buf_16)
                                                         clknet_1_0__leaf_clk_i (net)
                      0.031646    0.000000    0.373052 ^ u_sram/A_CLK (RM_IHPSG13_1P_1024x32_c2_bm_bist)
                                  0.200000    0.573053   clock uncertainty
                                  0.000000    0.573053   clock reconvergence pessimism
                                  0.705207    1.278260   library hold time
                                              1.278260   data required time
---------------------------------------------------------------------------------------------
                                              1.278260   data required time
                                             -3.280463   data arrival time
---------------------------------------------------------------------------------------------
                                              2.002203   slack (MET)


Startpoint: boot_we (input port clocked by clk_i)
Endpoint: u_sram (rising edge-triggered flip-flop clocked by clk_i)
Path Group: clk_i
Path Type: min

Fanout         Cap        Slew       Delay        Time   Description
---------------------------------------------------------------------------------------------
                                  0.000000    0.000000   clock clk_i (rise edge)
                                  0.000000    0.000000   clock network delay (propagated)
                                  0.500000    0.500000 ^ input external delay
     1    0.002489    0.000000    0.000000    0.500000 ^ boot_we (in)
                                                         boot_we (net)
                      0.000030    0.000015    0.500015 ^ hold378/A (sg13g2_dlygate4sd3_1)
     1    0.002369    0.053496    0.534896    1.034911 ^ hold378/X (sg13g2_dlygate4sd3_1)
                                                         net377 (net)
                      0.053496    0.000017    1.034928 ^ input43/A (sg13g2_buf_1)
     1    0.031612    0.208260    0.229334    1.264261 ^ input43/X (sg13g2_buf_1)
                                                         net43 (net)
                      0.208403    0.004479    1.268740 ^ hold379/A (sg13g2_dlygate4sd3_1)
     2    0.030047    0.212594    0.791113    2.059853 ^ hold379/X (sg13g2_dlygate4sd3_1)
                                                         net378 (net)
                      0.212594    0.000836    2.060689 ^ fanout243/A (sg13g2_buf_1)
     7    0.038143    0.249394    0.321947    2.382636 ^ fanout243/X (sg13g2_buf_1)
                                                         net243 (net)
                      0.249480    0.003823    2.386459 ^ _599_/B1 (sg13g2_a21o_1)
     1    0.008056    0.069793    0.197053    2.583512 ^ _599_/X (sg13g2_a21o_1)
                                                         sram_bm[10] (net)
                      0.069793    0.000287    2.583799 ^ hold454/A (sg13g2_dlygate4sd3_1)
     8    0.024293    0.178179    0.696664    3.280463 ^ hold454/X (sg13g2_dlygate4sd3_1)
                                                         net453 (net)
                      0.237573    0.000000    3.280463 ^ u_sram/A_BM[8] (RM_IHPSG13_1P_1024x32_c2_bm_bist)
                                              3.280463   data arrival time

                                  0.000000    0.000000   clock clk_i (rise edge)
                                  0.000000    0.000000   clock source latency
     2    0.071915    0.000000    0.000000    0.000000 ^ clk_i (in)
                                                         clk_i (net)
                      0.007642    0.003821    0.003821 ^ delaybuf_0_clk_i/A (sg13g2_buf_16)
     1    0.025595    0.030873    0.084150    0.087972 ^ delaybuf_0_clk_i/X (sg13g2_buf_16)
                                                         delaynet_0_clk_i (net)
                      0.030895    0.001594    0.089566 ^ delaybuf_1_clk_i/A (sg13g2_buf_16)
     1    0.023706    0.031007    0.096824    0.186389 ^ delaybuf_1_clk_i/X (sg13g2_buf_16)
                                                         delaynet_1_clk_i (net)
                      0.031018    0.001183    0.187572 ^ clkbuf_0_clk_i/A (sg13g2_buf_16)
     1    0.018301    0.029106    0.095384    0.282956 ^ clkbuf_0_clk_i/X (sg13g2_buf_16)
                                                         clknet_0_clk_i (net)
                      0.029106    0.000223    0.283179 ^ clkbuf_1_0__f_clk_i/A (sg13g2_buf_16)
     1    0.003790    0.023734    0.089874    0.373052 ^ clkbuf_1_0__f_clk_i/X (sg13g2_buf_16)
                                                         clknet_1_0__leaf_clk_i (net)
                      0.031646    0.000000    0.373052 ^ u_sram/A_CLK (RM_IHPSG13_1P_1024x32_c2_bm_bist)
                                  0.200000    0.573053   clock uncertainty
                                  0.000000    0.573053   clock reconvergence pessimism
                                  0.705207    1.278260   library hold time
                                              1.278260   data required time
---------------------------------------------------------------------------------------------
                                              1.278260   data required time
                                             -3.280463   data arrival time
---------------------------------------------------------------------------------------------
                                              2.002203   slack (MET)


Startpoint: _847_ (rising edge-triggered flip-flop clocked by clk_i)
Endpoint: u_sram (rising edge-triggered flip-flop clocked by clk_i)
Path Group: clk_i
Path Type: min

Fanout         Cap        Slew       Delay        Time   Description
---------------------------------------------------------------------------------------------
                                  0.000000    0.000000   clock clk_i (rise edge)
                                  0.000000    0.000000   clock source latency
     2    0.067269    0.000000    0.000000    0.000000 ^ clk_i (in)
                                                         clk_i (net)
                      0.016385    0.008193    0.008193 ^ clkbuf_regs_0_clk_i/A (sg13g2_buf_16)
     1    0.015676    0.027653    0.086298    0.094491 ^ clkbuf_regs_0_clk_i/X (sg13g2_buf_16)
                                                         clk_i_regs (net)
                      0.027653    0.000160    0.094650 ^ clkbuf_0_clk_i_regs/A (sg13g2_buf_16)
    16    0.164023    0.082918    0.132617    0.227268 ^ clkbuf_0_clk_i_regs/X (sg13g2_buf_16)
                                                         clknet_0_clk_i_regs (net)
                      0.083528    0.005709    0.232977 ^ clkbuf_4_4_0_clk_i_regs/A (sg13g2_buf_8)
     7    0.031750    0.045973    0.138696    0.371673 ^ clkbuf_4_4_0_clk_i_regs/X (sg13g2_buf_8)
                                                         clknet_4_4_0_clk_i_regs (net)
                      0.045987    0.001049    0.372723 ^ _847_/CLK (sg13g2_dfrbpq_1)
     1    0.002203    0.033161    0.262592    0.635314 ^ _847_/Q (sg13g2_dfrbpq_1)
                                                         wdata_q[6] (net)
                      0.033161    0.000022    0.635336 ^ hold472/A (sg13g2_dlygate4sd3_1)
     2    0.006725    0.076766    0.578659    1.213995 ^ hold472/X (sg13g2_dlygate4sd3_1)
                                                         net471 (net)
                      0.076766    0.000027    1.214021 ^ _452_/A (sg13g2_inv_1)
     1    0.004873    0.043424    0.065412    1.279433 v _452_/Y (sg13g2_inv_1)
                                                         _144_ (net)
                      0.043424    0.000110    1.279544 v hold473/A (sg13g2_dlygate4sd3_1)
     1    0.005827    0.070912    0.610195    1.889739 v hold473/X (sg13g2_dlygate4sd3_1)
                                                         net472 (net)
                      0.070912    0.000133    1.889873 v _454_/A1 (sg13g2_o21ai_1)
     1    0.008201    0.082233    0.197546    2.087418 ^ _454_/Y (sg13g2_o21ai_1)
                                                         sram_din[6] (net)
                      0.082265    0.000295    2.087713 ^ hold658/A (sg13g2_dlygate4sd3_1)
     1    0.007675    0.082118    0.612713    2.700427 ^ hold658/X (sg13g2_dlygate4sd3_1)
                                                         net657 (net)
                      0.082118    0.000257    2.700684 ^ hold474/A (sg13g2_dlygate4sd3_1)
     1    0.014313    0.121999    0.649307    3.349991 ^ hold474/X (sg13g2_dlygate4sd3_1)
                                                         net473 (net)
                      0.162666    0.000000    3.349991 ^ u_sram/A_DIN[6] (RM_IHPSG13_1P_1024x32_c2_bm_bist)
                                              3.349991   data arrival time

                                  0.000000    0.000000   clock clk_i (rise edge)
                                  0.000000    0.000000   clock source latency
     2    0.071915    0.000000    0.000000    0.000000 ^ clk_i (in)
                                                         clk_i (net)
                      0.007642    0.003821    0.003821 ^ delaybuf_0_clk_i/A (sg13g2_buf_16)
     1    0.025595    0.030873    0.084150    0.087972 ^ delaybuf_0_clk_i/X (sg13g2_buf_16)
                                                         delaynet_0_clk_i (net)
                      0.030895    0.001594    0.089566 ^ delaybuf_1_clk_i/A (sg13g2_buf_16)
     1    0.023706    0.031007    0.096824    0.186389 ^ delaybuf_1_clk_i/X (sg13g2_buf_16)
                                                         delaynet_1_clk_i (net)
                      0.031018    0.001183    0.187572 ^ clkbuf_0_clk_i/A (sg13g2_buf_16)
     1    0.018301    0.029106    0.095384    0.282956 ^ clkbuf_0_clk_i/X (sg13g2_buf_16)
                                                         clknet_0_clk_i (net)
                      0.029106    0.000223    0.283179 ^ clkbuf_1_0__f_clk_i/A (sg13g2_buf_16)
     1    0.003790    0.023734    0.089874    0.373052 ^ clkbuf_1_0__f_clk_i/X (sg13g2_buf_16)
                                                         clknet_1_0__leaf_clk_i (net)
                      0.031646    0.000000    0.373052 ^ u_sram/A_CLK (RM_IHPSG13_1P_1024x32_c2_bm_bist)
                                  0.200000    0.573053   clock uncertainty
                                  0.000000    0.573053   clock reconvergence pessimism
                                  0.774643    1.347696   library hold time
                                              1.347696   data required time
---------------------------------------------------------------------------------------------
                                              1.347696   data required time
                                             -3.349991   data arrival time
---------------------------------------------------------------------------------------------
                                              2.002295   slack (MET)


Startpoint: boot_we (input port clocked by clk_i)
Endpoint: u_sram (rising edge-triggered flip-flop clocked by clk_i)
Path Group: clk_i
Path Type: min

Fanout         Cap        Slew       Delay        Time   Description
---------------------------------------------------------------------------------------------
                                  0.000000    0.000000   clock clk_i (rise edge)
                                  0.000000    0.000000   clock network delay (propagated)
                                  0.500000    0.500000 ^ input external delay
     1    0.002489    0.000000    0.000000    0.500000 ^ boot_we (in)
                                                         boot_we (net)
                      0.000030    0.000015    0.500015 ^ hold378/A (sg13g2_dlygate4sd3_1)
     1    0.002369    0.053496    0.534896    1.034911 ^ hold378/X (sg13g2_dlygate4sd3_1)
                                                         net377 (net)
                      0.053496    0.000017    1.034928 ^ input43/A (sg13g2_buf_1)
     1    0.031612    0.208260    0.229334    1.264261 ^ input43/X (sg13g2_buf_1)
                                                         net43 (net)
                      0.208403    0.004479    1.268740 ^ hold379/A (sg13g2_dlygate4sd3_1)
     2    0.030047    0.212594    0.791113    2.059853 ^ hold379/X (sg13g2_dlygate4sd3_1)
                                                         net378 (net)
                      0.212594    0.000836    2.060689 ^ fanout243/A (sg13g2_buf_1)
     7    0.038143    0.249394    0.321947    2.382636 ^ fanout243/X (sg13g2_buf_1)
                                                         net243 (net)
                      0.249480    0.003823    2.386459 ^ _599_/B1 (sg13g2_a21o_1)
     1    0.008056    0.069793    0.197053    2.583512 ^ _599_/X (sg13g2_a21o_1)
                                                         sram_bm[10] (net)
                      0.069793    0.000287    2.583799 ^ hold454/A (sg13g2_dlygate4sd3_1)
     8    0.024293    0.178179    0.696664    3.280463 ^ hold454/X (sg13g2_dlygate4sd3_1)
                                                         net453 (net)
                      0.237573    0.000370    3.280833 ^ u_sram/A_BM[14] (RM_IHPSG13_1P_1024x32_c2_bm_bist)
                                              3.280833   data arrival time

                                  0.000000    0.000000   clock clk_i (rise edge)
                                  0.000000    0.000000   clock source latency
     2    0.071915    0.000000    0.000000    0.000000 ^ clk_i (in)
                                                         clk_i (net)
                      0.007642    0.003821    0.003821 ^ delaybuf_0_clk_i/A (sg13g2_buf_16)
     1    0.025595    0.030873    0.084150    0.087972 ^ delaybuf_0_clk_i/X (sg13g2_buf_16)
                                                         delaynet_0_clk_i (net)
                      0.030895    0.001594    0.089566 ^ delaybuf_1_clk_i/A (sg13g2_buf_16)
     1    0.023706    0.031007    0.096824    0.186389 ^ delaybuf_1_clk_i/X (sg13g2_buf_16)
                                                         delaynet_1_clk_i (net)
                      0.031018    0.001183    0.187572 ^ clkbuf_0_clk_i/A (sg13g2_buf_16)
     1    0.018301    0.029106    0.095384    0.282956 ^ clkbuf_0_clk_i/X (sg13g2_buf_16)
                                                         clknet_0_clk_i (net)
                      0.029106    0.000223    0.283179 ^ clkbuf_1_0__f_clk_i/A (sg13g2_buf_16)
     1    0.003790    0.023734    0.089874    0.373052 ^ clkbuf_1_0__f_clk_i/X (sg13g2_buf_16)
                                                         clknet_1_0__leaf_clk_i (net)
                      0.031646    0.000000    0.373052 ^ u_sram/A_CLK (RM_IHPSG13_1P_1024x32_c2_bm_bist)
                                  0.200000    0.573053   clock uncertainty
                                  0.000000    0.573053   clock reconvergence pessimism
                                  0.705207    1.278260   library hold time
                                              1.278260   data required time
---------------------------------------------------------------------------------------------
                                              1.278260   data required time
                                             -3.280833   data arrival time
---------------------------------------------------------------------------------------------
                                              2.002573   slack (MET)


Startpoint: boot_we (input port clocked by clk_i)
Endpoint: u_sram (rising edge-triggered flip-flop clocked by clk_i)
Path Group: clk_i
Path Type: min

Fanout         Cap        Slew       Delay        Time   Description
---------------------------------------------------------------------------------------------
                                  0.000000    0.000000   clock clk_i (rise edge)
                                  0.000000    0.000000   clock network delay (propagated)
                                  0.500000    0.500000 ^ input external delay
     1    0.002489    0.000000    0.000000    0.500000 ^ boot_we (in)
                                                         boot_we (net)
                      0.000030    0.000015    0.500015 ^ hold378/A (sg13g2_dlygate4sd3_1)
     1    0.002369    0.053496    0.534896    1.034911 ^ hold378/X (sg13g2_dlygate4sd3_1)
                                                         net377 (net)
                      0.053496    0.000017    1.034928 ^ input43/A (sg13g2_buf_1)
     1    0.031612    0.208260    0.229334    1.264261 ^ input43/X (sg13g2_buf_1)
                                                         net43 (net)
                      0.208403    0.004479    1.268740 ^ hold379/A (sg13g2_dlygate4sd3_1)
     2    0.030047    0.212594    0.791113    2.059853 ^ hold379/X (sg13g2_dlygate4sd3_1)
                                                         net378 (net)
                      0.212594    0.000836    2.060689 ^ fanout243/A (sg13g2_buf_1)
     7    0.038143    0.249394    0.321947    2.382636 ^ fanout243/X (sg13g2_buf_1)
                                                         net243 (net)
                      0.249480    0.003823    2.386459 ^ _599_/B1 (sg13g2_a21o_1)
     1    0.008056    0.069793    0.197053    2.583512 ^ _599_/X (sg13g2_a21o_1)
                                                         sram_bm[10] (net)
                      0.069793    0.000287    2.583799 ^ hold454/A (sg13g2_dlygate4sd3_1)
     8    0.024293    0.178179    0.696664    3.280463 ^ hold454/X (sg13g2_dlygate4sd3_1)
                                                         net453 (net)
                      0.237573    0.000496    3.280959 ^ u_sram/A_BM[13] (RM_IHPSG13_1P_1024x32_c2_bm_bist)
                                              3.280959   data arrival time

                                  0.000000    0.000000   clock clk_i (rise edge)
                                  0.000000    0.000000   clock source latency
     2    0.071915    0.000000    0.000000    0.000000 ^ clk_i (in)
                                                         clk_i (net)
                      0.007642    0.003821    0.003821 ^ delaybuf_0_clk_i/A (sg13g2_buf_16)
     1    0.025595    0.030873    0.084150    0.087972 ^ delaybuf_0_clk_i/X (sg13g2_buf_16)
                                                         delaynet_0_clk_i (net)
                      0.030895    0.001594    0.089566 ^ delaybuf_1_clk_i/A (sg13g2_buf_16)
     1    0.023706    0.031007    0.096824    0.186389 ^ delaybuf_1_clk_i/X (sg13g2_buf_16)
                                                         delaynet_1_clk_i (net)
                      0.031018    0.001183    0.187572 ^ clkbuf_0_clk_i/A (sg13g2_buf_16)
     1    0.018301    0.029106    0.095384    0.282956 ^ clkbuf_0_clk_i/X (sg13g2_buf_16)
                                                         clknet_0_clk_i (net)
                      0.029106    0.000223    0.283179 ^ clkbuf_1_0__f_clk_i/A (sg13g2_buf_16)
     1    0.003790    0.023734    0.089874    0.373052 ^ clkbuf_1_0__f_clk_i/X (sg13g2_buf_16)
                                                         clknet_1_0__leaf_clk_i (net)
                      0.031646    0.000000    0.373052 ^ u_sram/A_CLK (RM_IHPSG13_1P_1024x32_c2_bm_bist)
                                  0.200000    0.573053   clock uncertainty
                                  0.000000    0.573053   clock reconvergence pessimism
                                  0.705207    1.278260   library hold time
                                              1.278260   data required time
---------------------------------------------------------------------------------------------
                                              1.278260   data required time
                                             -3.280959   data arrival time
---------------------------------------------------------------------------------------------
                                              2.002699   slack (MET)


Startpoint: boot_we (input port clocked by clk_i)
Endpoint: u_sram (rising edge-triggered flip-flop clocked by clk_i)
Path Group: clk_i
Path Type: min

Fanout         Cap        Slew       Delay        Time   Description
---------------------------------------------------------------------------------------------
                                  0.000000    0.000000   clock clk_i (rise edge)
                                  0.000000    0.000000   clock network delay (propagated)
                                  0.500000    0.500000 ^ input external delay
     1    0.002489    0.000000    0.000000    0.500000 ^ boot_we (in)
                                                         boot_we (net)
                      0.000030    0.000015    0.500015 ^ hold378/A (sg13g2_dlygate4sd3_1)
     1    0.002369    0.053496    0.534896    1.034911 ^ hold378/X (sg13g2_dlygate4sd3_1)
                                                         net377 (net)
                      0.053496    0.000017    1.034928 ^ input43/A (sg13g2_buf_1)
     1    0.031612    0.208260    0.229334    1.264261 ^ input43/X (sg13g2_buf_1)
                                                         net43 (net)
                      0.208403    0.004479    1.268740 ^ hold379/A (sg13g2_dlygate4sd3_1)
     2    0.030047    0.212594    0.791113    2.059853 ^ hold379/X (sg13g2_dlygate4sd3_1)
                                                         net378 (net)
                      0.212594    0.000836    2.060689 ^ fanout243/A (sg13g2_buf_1)
     7    0.038143    0.249394    0.321947    2.382636 ^ fanout243/X (sg13g2_buf_1)
                                                         net243 (net)
                      0.249480    0.003823    2.386459 ^ _599_/B1 (sg13g2_a21o_1)
     1    0.008056    0.069793    0.197053    2.583512 ^ _599_/X (sg13g2_a21o_1)
                                                         sram_bm[10] (net)
                      0.069793    0.000287    2.583799 ^ hold454/A (sg13g2_dlygate4sd3_1)
     8    0.024293    0.178179    0.696664    3.280463 ^ hold454/X (sg13g2_dlygate4sd3_1)
                                                         net453 (net)
                      0.237573    0.000622    3.281085 ^ u_sram/A_BM[12] (RM_IHPSG13_1P_1024x32_c2_bm_bist)
                                              3.281085   data arrival time

                                  0.000000    0.000000   clock clk_i (rise edge)
                                  0.000000    0.000000   clock source latency
     2    0.071915    0.000000    0.000000    0.000000 ^ clk_i (in)
                                                         clk_i (net)
                      0.007642    0.003821    0.003821 ^ delaybuf_0_clk_i/A (sg13g2_buf_16)
     1    0.025595    0.030873    0.084150    0.087972 ^ delaybuf_0_clk_i/X (sg13g2_buf_16)
                                                         delaynet_0_clk_i (net)
                      0.030895    0.001594    0.089566 ^ delaybuf_1_clk_i/A (sg13g2_buf_16)
     1    0.023706    0.031007    0.096824    0.186389 ^ delaybuf_1_clk_i/X (sg13g2_buf_16)
                                                         delaynet_1_clk_i (net)
                      0.031018    0.001183    0.187572 ^ clkbuf_0_clk_i/A (sg13g2_buf_16)
     1    0.018301    0.029106    0.095384    0.282956 ^ clkbuf_0_clk_i/X (sg13g2_buf_16)
                                                         clknet_0_clk_i (net)
                      0.029106    0.000223    0.283179 ^ clkbuf_1_0__f_clk_i/A (sg13g2_buf_16)
     1    0.003790    0.023734    0.089874    0.373052 ^ clkbuf_1_0__f_clk_i/X (sg13g2_buf_16)
                                                         clknet_1_0__leaf_clk_i (net)
                      0.031646    0.000000    0.373052 ^ u_sram/A_CLK (RM_IHPSG13_1P_1024x32_c2_bm_bist)
                                  0.200000    0.573053   clock uncertainty
                                  0.000000    0.573053   clock reconvergence pessimism
                                  0.705207    1.278260   library hold time
                                              1.278260   data required time
---------------------------------------------------------------------------------------------
                                              1.278260   data required time
                                             -3.281085   data arrival time
---------------------------------------------------------------------------------------------
                                              2.002825   slack (MET)


Startpoint: boot_we (input port clocked by clk_i)
Endpoint: u_sram (rising edge-triggered flip-flop clocked by clk_i)
Path Group: clk_i
Path Type: min

Fanout         Cap        Slew       Delay        Time   Description
---------------------------------------------------------------------------------------------
                                  0.000000    0.000000   clock clk_i (rise edge)
                                  0.000000    0.000000   clock network delay (propagated)
                                  0.500000    0.500000 ^ input external delay
     1    0.002489    0.000000    0.000000    0.500000 ^ boot_we (in)
                                                         boot_we (net)
                      0.000030    0.000015    0.500015 ^ hold378/A (sg13g2_dlygate4sd3_1)
     1    0.002369    0.053496    0.534896    1.034911 ^ hold378/X (sg13g2_dlygate4sd3_1)
                                                         net377 (net)
                      0.053496    0.000017    1.034928 ^ input43/A (sg13g2_buf_1)
     1    0.031612    0.208260    0.229334    1.264261 ^ input43/X (sg13g2_buf_1)
                                                         net43 (net)
                      0.208403    0.004479    1.268740 ^ hold379/A (sg13g2_dlygate4sd3_1)
     2    0.030047    0.212594    0.791113    2.059853 ^ hold379/X (sg13g2_dlygate4sd3_1)
                                                         net378 (net)
                      0.212594    0.000836    2.060689 ^ fanout243/A (sg13g2_buf_1)
     7    0.038143    0.249394    0.321947    2.382636 ^ fanout243/X (sg13g2_buf_1)
                                                         net243 (net)
                      0.249480    0.003823    2.386459 ^ _599_/B1 (sg13g2_a21o_1)
     1    0.008056    0.069793    0.197053    2.583512 ^ _599_/X (sg13g2_a21o_1)
                                                         sram_bm[10] (net)
                      0.069793    0.000287    2.583799 ^ hold454/A (sg13g2_dlygate4sd3_1)
     8    0.024293    0.178179    0.696664    3.280463 ^ hold454/X (sg13g2_dlygate4sd3_1)
                                                         net453 (net)
                      0.237573    0.000717    3.281180 ^ u_sram/A_BM[11] (RM_IHPSG13_1P_1024x32_c2_bm_bist)
                                              3.281180   data arrival time

                                  0.000000    0.000000   clock clk_i (rise edge)
                                  0.000000    0.000000   clock source latency
     2    0.071915    0.000000    0.000000    0.000000 ^ clk_i (in)
                                                         clk_i (net)
                      0.007642    0.003821    0.003821 ^ delaybuf_0_clk_i/A (sg13g2_buf_16)
     1    0.025595    0.030873    0.084150    0.087972 ^ delaybuf_0_clk_i/X (sg13g2_buf_16)
                                                         delaynet_0_clk_i (net)
                      0.030895    0.001594    0.089566 ^ delaybuf_1_clk_i/A (sg13g2_buf_16)
     1    0.023706    0.031007    0.096824    0.186389 ^ delaybuf_1_clk_i/X (sg13g2_buf_16)
                                                         delaynet_1_clk_i (net)
                      0.031018    0.001183    0.187572 ^ clkbuf_0_clk_i/A (sg13g2_buf_16)
     1    0.018301    0.029106    0.095384    0.282956 ^ clkbuf_0_clk_i/X (sg13g2_buf_16)
                                                         clknet_0_clk_i (net)
                      0.029106    0.000223    0.283179 ^ clkbuf_1_0__f_clk_i/A (sg13g2_buf_16)
     1    0.003790    0.023734    0.089874    0.373052 ^ clkbuf_1_0__f_clk_i/X (sg13g2_buf_16)
                                                         clknet_1_0__leaf_clk_i (net)
                      0.031646    0.000000    0.373052 ^ u_sram/A_CLK (RM_IHPSG13_1P_1024x32_c2_bm_bist)
                                  0.200000    0.573053   clock uncertainty
                                  0.000000    0.573053   clock reconvergence pessimism
                                  0.705207    1.278260   library hold time
                                              1.278260   data required time
---------------------------------------------------------------------------------------------
                                              1.278260   data required time
                                             -3.281180   data arrival time
---------------------------------------------------------------------------------------------
                                              2.002921   slack (MET)


Startpoint: boot_we (input port clocked by clk_i)
Endpoint: u_sram (rising edge-triggered flip-flop clocked by clk_i)
Path Group: clk_i
Path Type: min

Fanout         Cap        Slew       Delay        Time   Description
---------------------------------------------------------------------------------------------
                                  0.000000    0.000000   clock clk_i (rise edge)
                                  0.000000    0.000000   clock network delay (propagated)
                                  0.500000    0.500000 ^ input external delay
     1    0.002489    0.000000    0.000000    0.500000 ^ boot_we (in)
                                                         boot_we (net)
                      0.000030    0.000015    0.500015 ^ hold378/A (sg13g2_dlygate4sd3_1)
     1    0.002369    0.053496    0.534896    1.034911 ^ hold378/X (sg13g2_dlygate4sd3_1)
                                                         net377 (net)
                      0.053496    0.000017    1.034928 ^ input43/A (sg13g2_buf_1)
     1    0.031612    0.208260    0.229334    1.264261 ^ input43/X (sg13g2_buf_1)
                                                         net43 (net)
                      0.208403    0.004479    1.268740 ^ hold379/A (sg13g2_dlygate4sd3_1)
     2    0.030047    0.212594    0.791113    2.059853 ^ hold379/X (sg13g2_dlygate4sd3_1)
                                                         net378 (net)
                      0.212594    0.000836    2.060689 ^ fanout243/A (sg13g2_buf_1)
     7    0.038143    0.249394    0.321947    2.382636 ^ fanout243/X (sg13g2_buf_1)
                                                         net243 (net)
                      0.249480    0.003823    2.386459 ^ _599_/B1 (sg13g2_a21o_1)
     1    0.008056    0.069793    0.197053    2.583512 ^ _599_/X (sg13g2_a21o_1)
                                                         sram_bm[10] (net)
                      0.069793    0.000287    2.583799 ^ hold454/A (sg13g2_dlygate4sd3_1)
     8    0.024293    0.178179    0.696664    3.280463 ^ hold454/X (sg13g2_dlygate4sd3_1)
                                                         net453 (net)
                      0.237573    0.000782    3.281245 ^ u_sram/A_BM[10] (RM_IHPSG13_1P_1024x32_c2_bm_bist)
                                              3.281245   data arrival time

                                  0.000000    0.000000   clock clk_i (rise edge)
                                  0.000000    0.000000   clock source latency
     2    0.071915    0.000000    0.000000    0.000000 ^ clk_i (in)
                                                         clk_i (net)
                      0.007642    0.003821    0.003821 ^ delaybuf_0_clk_i/A (sg13g2_buf_16)
     1    0.025595    0.030873    0.084150    0.087972 ^ delaybuf_0_clk_i/X (sg13g2_buf_16)
                                                         delaynet_0_clk_i (net)
                      0.030895    0.001594    0.089566 ^ delaybuf_1_clk_i/A (sg13g2_buf_16)
     1    0.023706    0.031007    0.096824    0.186389 ^ delaybuf_1_clk_i/X (sg13g2_buf_16)
                                                         delaynet_1_clk_i (net)
                      0.031018    0.001183    0.187572 ^ clkbuf_0_clk_i/A (sg13g2_buf_16)
     1    0.018301    0.029106    0.095384    0.282956 ^ clkbuf_0_clk_i/X (sg13g2_buf_16)
                                                         clknet_0_clk_i (net)
                      0.029106    0.000223    0.283179 ^ clkbuf_1_0__f_clk_i/A (sg13g2_buf_16)
     1    0.003790    0.023734    0.089874    0.373052 ^ clkbuf_1_0__f_clk_i/X (sg13g2_buf_16)
                                                         clknet_1_0__leaf_clk_i (net)
                      0.031646    0.000000    0.373052 ^ u_sram/A_CLK (RM_IHPSG13_1P_1024x32_c2_bm_bist)
                                  0.200000    0.573053   clock uncertainty
                                  0.000000    0.573053   clock reconvergence pessimism
                                  0.705207    1.278259   library hold time
                                              1.278259   data required time
---------------------------------------------------------------------------------------------
                                              1.278259   data required time
                                             -3.281245   data arrival time
---------------------------------------------------------------------------------------------
                                              2.002986   slack (MET)


Startpoint: boot_we (input port clocked by clk_i)
Endpoint: u_sram (rising edge-triggered flip-flop clocked by clk_i)
Path Group: clk_i
Path Type: min

Fanout         Cap        Slew       Delay        Time   Description
---------------------------------------------------------------------------------------------
                                  0.000000    0.000000   clock clk_i (rise edge)
                                  0.000000    0.000000   clock network delay (propagated)
                                  0.500000    0.500000 ^ input external delay
     1    0.002489    0.000000    0.000000    0.500000 ^ boot_we (in)
                                                         boot_we (net)
                      0.000030    0.000015    0.500015 ^ hold378/A (sg13g2_dlygate4sd3_1)
     1    0.002369    0.053496    0.534896    1.034911 ^ hold378/X (sg13g2_dlygate4sd3_1)
                                                         net377 (net)
                      0.053496    0.000017    1.034928 ^ input43/A (sg13g2_buf_1)
     1    0.031612    0.208260    0.229334    1.264261 ^ input43/X (sg13g2_buf_1)
                                                         net43 (net)
                      0.208403    0.004479    1.268740 ^ hold379/A (sg13g2_dlygate4sd3_1)
     2    0.030047    0.212594    0.791113    2.059853 ^ hold379/X (sg13g2_dlygate4sd3_1)
                                                         net378 (net)
                      0.212594    0.000836    2.060689 ^ fanout243/A (sg13g2_buf_1)
     7    0.038143    0.249394    0.321947    2.382636 ^ fanout243/X (sg13g2_buf_1)
                                                         net243 (net)
                      0.249480    0.003823    2.386459 ^ _599_/B1 (sg13g2_a21o_1)
     1    0.008056    0.069793    0.197053    2.583512 ^ _599_/X (sg13g2_a21o_1)
                                                         sram_bm[10] (net)
                      0.069793    0.000287    2.583799 ^ hold454/A (sg13g2_dlygate4sd3_1)
     8    0.024293    0.178179    0.696664    3.280463 ^ hold454/X (sg13g2_dlygate4sd3_1)
                                                         net453 (net)
                      0.237573    0.000817    3.281280 ^ u_sram/A_BM[9] (RM_IHPSG13_1P_1024x32_c2_bm_bist)
                                              3.281280   data arrival time

                                  0.000000    0.000000   clock clk_i (rise edge)
                                  0.000000    0.000000   clock source latency
     2    0.071915    0.000000    0.000000    0.000000 ^ clk_i (in)
                                                         clk_i (net)
                      0.007642    0.003821    0.003821 ^ delaybuf_0_clk_i/A (sg13g2_buf_16)
     1    0.025595    0.030873    0.084150    0.087972 ^ delaybuf_0_clk_i/X (sg13g2_buf_16)
                                                         delaynet_0_clk_i (net)
                      0.030895    0.001594    0.089566 ^ delaybuf_1_clk_i/A (sg13g2_buf_16)
     1    0.023706    0.031007    0.096824    0.186389 ^ delaybuf_1_clk_i/X (sg13g2_buf_16)
                                                         delaynet_1_clk_i (net)
                      0.031018    0.001183    0.187572 ^ clkbuf_0_clk_i/A (sg13g2_buf_16)
     1    0.018301    0.029106    0.095384    0.282956 ^ clkbuf_0_clk_i/X (sg13g2_buf_16)
                                                         clknet_0_clk_i (net)
                      0.029106    0.000223    0.283179 ^ clkbuf_1_0__f_clk_i/A (sg13g2_buf_16)
     1    0.003790    0.023734    0.089874    0.373052 ^ clkbuf_1_0__f_clk_i/X (sg13g2_buf_16)
                                                         clknet_1_0__leaf_clk_i (net)
                      0.031646    0.000000    0.373052 ^ u_sram/A_CLK (RM_IHPSG13_1P_1024x32_c2_bm_bist)
                                  0.200000    0.573053   clock uncertainty
                                  0.000000    0.573053   clock reconvergence pessimism
                                  0.705206    1.278259   library hold time
                                              1.278259   data required time
---------------------------------------------------------------------------------------------
                                              1.278259   data required time
                                             -3.281280   data arrival time
---------------------------------------------------------------------------------------------
                                              2.003021   slack (MET)


Startpoint: _845_ (rising edge-triggered flip-flop clocked by clk_i)
Endpoint: u_sram (rising edge-triggered flip-flop clocked by clk_i)
Path Group: clk_i
Path Type: min

Fanout         Cap        Slew       Delay        Time   Description
---------------------------------------------------------------------------------------------
                                  0.000000    0.000000   clock clk_i (rise edge)
                                  0.000000    0.000000   clock source latency
     2    0.067269    0.000000    0.000000    0.000000 ^ clk_i (in)
                                                         clk_i (net)
                      0.016385    0.008193    0.008193 ^ clkbuf_regs_0_clk_i/A (sg13g2_buf_16)
     1    0.015676    0.027653    0.086298    0.094491 ^ clkbuf_regs_0_clk_i/X (sg13g2_buf_16)
                                                         clk_i_regs (net)
                      0.027653    0.000160    0.094650 ^ clkbuf_0_clk_i_regs/A (sg13g2_buf_16)
    16    0.164023    0.082918    0.132617    0.227268 ^ clkbuf_0_clk_i_regs/X (sg13g2_buf_16)
                                                         clknet_0_clk_i_regs (net)
                      0.083563    0.005860    0.233128 ^ clkbuf_4_6_0_clk_i_regs/A (sg13g2_buf_8)
     7    0.032439    0.046454    0.139214    0.372342 ^ clkbuf_4_6_0_clk_i_regs/X (sg13g2_buf_8)
                                                         clknet_4_6_0_clk_i_regs (net)
                      0.046470    0.001104    0.373446 ^ _845_/CLK (sg13g2_dfrbpq_1)
     1    0.002246    0.033398    0.263059    0.636505 ^ _845_/Q (sg13g2_dfrbpq_1)
                                                         wdata_q[4] (net)
                      0.033398    0.000022    0.636528 ^ hold475/A (sg13g2_dlygate4sd3_1)
     2    0.006973    0.078129    0.580180    1.216707 ^ hold475/X (sg13g2_dlygate4sd3_1)
                                                         net474 (net)
                      0.078129    0.000036    1.216743 ^ _614_/A (sg13g2_inv_1)
     1    0.004030    0.040117    0.062122    1.278865 v _614_/Y (sg13g2_inv_1)
                                                         _255_ (net)
                      0.040117    0.000071    1.278936 v hold476/A (sg13g2_dlygate4sd3_1)
     1    0.005745    0.070578    0.607905    1.886841 v hold476/X (sg13g2_dlygate4sd3_1)
                                                         net475 (net)
                      0.070578    0.000125    1.886966 v _616_/A1 (sg13g2_o21ai_1)
     1    0.008538    0.085510    0.201039    2.088006 ^ _616_/Y (sg13g2_o21ai_1)
                                                         sram_din[4] (net)
                      0.085544    0.000322    2.088327 ^ hold661/A (sg13g2_dlygate4sd3_1)
     1    0.007851    0.083118    0.615610    2.703938 ^ hold661/X (sg13g2_dlygate4sd3_1)
                                                         net660 (net)
                      0.083118    0.000269    2.704207 ^ hold477/A (sg13g2_dlygate4sd3_1)
     1    0.014722    0.124543    0.652140    3.356347 ^ hold477/X (sg13g2_dlygate4sd3_1)
                                                         net476 (net)
                      0.166058    0.000000    3.356347 ^ u_sram/A_DIN[4] (RM_IHPSG13_1P_1024x32_c2_bm_bist)
                                              3.356347   data arrival time

                                  0.000000    0.000000   clock clk_i (rise edge)
                                  0.000000    0.000000   clock source latency
     2    0.071915    0.000000    0.000000    0.000000 ^ clk_i (in)
                                                         clk_i (net)
                      0.007642    0.003821    0.003821 ^ delaybuf_0_clk_i/A (sg13g2_buf_16)
     1    0.025595    0.030873    0.084150    0.087972 ^ delaybuf_0_clk_i/X (sg13g2_buf_16)
                                                         delaynet_0_clk_i (net)
                      0.030895    0.001594    0.089566 ^ delaybuf_1_clk_i/A (sg13g2_buf_16)
     1    0.023706    0.031007    0.096824    0.186389 ^ delaybuf_1_clk_i/X (sg13g2_buf_16)
                                                         delaynet_1_clk_i (net)
                      0.031018    0.001183    0.187572 ^ clkbuf_0_clk_i/A (sg13g2_buf_16)
     1    0.018301    0.029106    0.095384    0.282956 ^ clkbuf_0_clk_i/X (sg13g2_buf_16)
                                                         clknet_0_clk_i (net)
                      0.029106    0.000223    0.283179 ^ clkbuf_1_0__f_clk_i/A (sg13g2_buf_16)
     1    0.003790    0.023734    0.089874    0.373052 ^ clkbuf_1_0__f_clk_i/X (sg13g2_buf_16)
                                                         clknet_1_0__leaf_clk_i (net)
                      0.031646    0.000000    0.373052 ^ u_sram/A_CLK (RM_IHPSG13_1P_1024x32_c2_bm_bist)
                                  0.200000    0.573053   clock uncertainty
                                  0.000000    0.573053   clock reconvergence pessimism
                                  0.771479    1.344532   library hold time
                                              1.344532   data required time
---------------------------------------------------------------------------------------------
                                              1.344532   data required time
                                             -3.356347   data arrival time
---------------------------------------------------------------------------------------------
                                              2.011816   slack (MET)


Startpoint: _844_ (rising edge-triggered flip-flop clocked by clk_i)
Endpoint: u_sram (rising edge-triggered flip-flop clocked by clk_i)
Path Group: clk_i
Path Type: min

Fanout         Cap        Slew       Delay        Time   Description
---------------------------------------------------------------------------------------------
                                  0.000000    0.000000   clock clk_i (rise edge)
                                  0.000000    0.000000   clock source latency
     2    0.067269    0.000000    0.000000    0.000000 ^ clk_i (in)
                                                         clk_i (net)
                      0.016385    0.008193    0.008193 ^ clkbuf_regs_0_clk_i/A (sg13g2_buf_16)
     1    0.015676    0.027653    0.086298    0.094491 ^ clkbuf_regs_0_clk_i/X (sg13g2_buf_16)
                                                         clk_i_regs (net)
                      0.027653    0.000160    0.094650 ^ clkbuf_0_clk_i_regs/A (sg13g2_buf_16)
    16    0.164023    0.082918    0.132617    0.227268 ^ clkbuf_0_clk_i_regs/X (sg13g2_buf_16)
                                                         clknet_0_clk_i_regs (net)
                      0.083551    0.005812    0.233079 ^ clkbuf_4_5_0_clk_i_regs/A (sg13g2_buf_8)
     7    0.036325    0.049055    0.141482    0.374561 ^ clkbuf_4_5_0_clk_i_regs/X (sg13g2_buf_8)
                                                         clknet_4_5_0_clk_i_regs (net)
                      0.049061    0.000922    0.375482 ^ _844_/CLK (sg13g2_dfrbpq_1)
     1    0.002622    0.035468    0.266229    0.641711 ^ _844_/Q (sg13g2_dfrbpq_1)
                                                         wdata_q[3] (net)
                      0.035468    0.000031    0.641742 ^ hold478/A (sg13g2_dlygate4sd3_1)
     2    0.008080    0.084366    0.587560    1.229303 ^ hold478/X (sg13g2_dlygate4sd3_1)
                                                         net477 (net)
                      0.084366    0.000078    1.229381 ^ _611_/A (sg13g2_inv_1)
     1    0.003987    0.041162    0.064333    1.293713 v _611_/Y (sg13g2_inv_1)
                                                         _253_ (net)
                      0.041162    0.000070    1.293783 v hold479/A (sg13g2_dlygate4sd3_1)
     1    0.005573    0.069896    0.607527    1.901311 v hold479/X (sg13g2_dlygate4sd3_1)
                                                         net478 (net)
                      0.069896    0.000116    1.901427 v _613_/A1 (sg13g2_o21ai_1)
     1    0.008709    0.086414    0.202598    2.104025 ^ _613_/Y (sg13g2_o21ai_1)
                                                         sram_din[3] (net)
                      0.086416    0.000335    2.104360 ^ hold664/A (sg13g2_dlygate4sd3_1)
     1    0.008062    0.084319    0.617290    2.721650 ^ hold664/X (sg13g2_dlygate4sd3_1)
                                                         net663 (net)
                      0.084319    0.000283    2.721933 ^ hold480/A (sg13g2_dlygate4sd3_1)
     1    0.014152    0.121000    0.649707    3.371639 ^ hold480/X (sg13g2_dlygate4sd3_1)
                                                         net479 (net)
                      0.161333    0.000000    3.371639 ^ u_sram/A_DIN[3] (RM_IHPSG13_1P_1024x32_c2_bm_bist)
                                              3.371639   data arrival time

                                  0.000000    0.000000   clock clk_i (rise edge)
                                  0.000000    0.000000   clock source latency
     2    0.071915    0.000000    0.000000    0.000000 ^ clk_i (in)
                                                         clk_i (net)
                      0.007642    0.003821    0.003821 ^ delaybuf_0_clk_i/A (sg13g2_buf_16)
     1    0.025595    0.030873    0.084150    0.087972 ^ delaybuf_0_clk_i/X (sg13g2_buf_16)
                                                         delaynet_0_clk_i (net)
                      0.030895    0.001594    0.089566 ^ delaybuf_1_clk_i/A (sg13g2_buf_16)
     1    0.023706    0.031007    0.096824    0.186389 ^ delaybuf_1_clk_i/X (sg13g2_buf_16)
                                                         delaynet_1_clk_i (net)
                      0.031018    0.001183    0.187572 ^ clkbuf_0_clk_i/A (sg13g2_buf_16)
     1    0.018301    0.029106    0.095384    0.282956 ^ clkbuf_0_clk_i/X (sg13g2_buf_16)
                                                         clknet_0_clk_i (net)
                      0.029106    0.000223    0.283179 ^ clkbuf_1_0__f_clk_i/A (sg13g2_buf_16)
     1    0.003790    0.023734    0.089874    0.373052 ^ clkbuf_1_0__f_clk_i/X (sg13g2_buf_16)
                                                         clknet_1_0__leaf_clk_i (net)
                      0.031646    0.000000    0.373052 ^ u_sram/A_CLK (RM_IHPSG13_1P_1024x32_c2_bm_bist)
                                  0.200000    0.573053   clock uncertainty
                                  0.000000    0.573053   clock reconvergence pessimism
                                  0.775887    1.348939   library hold time
                                              1.348939   data required time
---------------------------------------------------------------------------------------------
                                              1.348939   data required time
                                             -3.371639   data arrival time
---------------------------------------------------------------------------------------------
                                              2.022700   slack (MET)


Startpoint: s_axil_awaddr[16] (input port clocked by clk_i)
Endpoint: u_sram (rising edge-triggered flip-flop clocked by clk_i)
Path Group: clk_i
Path Type: min

Fanout         Cap        Slew       Delay        Time   Description
---------------------------------------------------------------------------------------------
                                  0.000000    0.000000   clock clk_i (rise edge)
                                  0.000000    0.000000   clock network delay (propagated)
                                  0.500000    0.500000 ^ input external delay
     1    0.003907    0.000000    0.000000    0.500000 ^ s_axil_awaddr[16] (in)
                                                         s_axil_awaddr[16] (net)
                      0.000080    0.000040    0.500040 ^ input85/A (sg13g2_buf_1)
     1    0.004824    0.044568    0.082139    0.582179 ^ input85/X (sg13g2_buf_1)
                                                         net85 (net)
                      0.044568    0.000040    0.582218 ^ _437_/D (sg13g2_nor4_2)
     2    0.012258    0.049648    0.065769    0.647987 v _437_/Y (sg13g2_nor4_2)
                                                         _130_ (net)
                      0.049653    0.000517    0.648505 v _531_/C (sg13g2_nand4_1)
     1    0.003056    0.051665    0.071905    0.720409 ^ _531_/Y (sg13g2_nand4_1)
                                                         _197_ (net)
                      0.051665    0.000041    0.720451 ^ hold376/A (sg13g2_dlygate4sd3_1)
     1    0.002849    0.056095    0.567942    1.288393 ^ hold376/X (sg13g2_dlygate4sd3_1)
                                                         net375 (net)
                      0.056095    0.000027    1.288420 ^ _532_/A (sg13g2_buf_1)
     2    0.010535    0.079933    0.137537    1.425958 ^ _532_/X (sg13g2_buf_1)
                                                         _198_ (net)
                      0.079933    0.000326    1.426284 ^ _589_/A (sg13g2_nor2_2)
     3    0.025946    0.087119    0.118069    1.544353 v _589_/Y (sg13g2_nor2_2)
                                                         _245_ (net)
                      0.087175    0.001759    1.546112 v hold372/A (sg13g2_dlygate4sd3_1)
     4    0.027774    0.177931    0.750310    2.296422 v hold372/X (sg13g2_dlygate4sd3_1)
                                                         net371 (net)
                      0.177931    0.000744    2.297166 v _590_/C (sg13g2_nor3_1)
     1    0.002276    0.107736    0.155121    2.452287 ^ _590_/Y (sg13g2_nor3_1)
                                                         sram_ren (net)
                      0.107736    0.000023    2.452310 ^ hold496/A (sg13g2_dlygate4sd3_1)
     1    0.003811    0.062466    0.605251    3.057562 ^ hold496/X (sg13g2_dlygate4sd3_1)
                                                         net495 (net)
                      0.083288    0.000000    3.057562 ^ u_sram/A_REN (RM_IHPSG13_1P_1024x32_c2_bm_bist)
                                              3.057562   data arrival time

                                  0.000000    0.000000   clock clk_i (rise edge)
                                  0.000000    0.000000   clock source latency
     2    0.071915    0.000000    0.000000    0.000000 ^ clk_i (in)
                                                         clk_i (net)
                      0.007642    0.003821    0.003821 ^ delaybuf_0_clk_i/A (sg13g2_buf_16)
     1    0.025595    0.030873    0.084150    0.087972 ^ delaybuf_0_clk_i/X (sg13g2_buf_16)
                                                         delaynet_0_clk_i (net)
                      0.030895    0.001594    0.089566 ^ delaybuf_1_clk_i/A (sg13g2_buf_16)
     1    0.023706    0.031007    0.096824    0.186389 ^ delaybuf_1_clk_i/X (sg13g2_buf_16)
                                                         delaynet_1_clk_i (net)
                      0.031018    0.001183    0.187572 ^ clkbuf_0_clk_i/A (sg13g2_buf_16)
     1    0.018301    0.029106    0.095384    0.282956 ^ clkbuf_0_clk_i/X (sg13g2_buf_16)
                                                         clknet_0_clk_i (net)
                      0.029106    0.000223    0.283179 ^ clkbuf_1_0__f_clk_i/A (sg13g2_buf_16)
     1    0.003790    0.023734    0.089874    0.373052 ^ clkbuf_1_0__f_clk_i/X (sg13g2_buf_16)
                                                         clknet_1_0__leaf_clk_i (net)
                      0.031646    0.000000    0.373052 ^ u_sram/A_CLK (RM_IHPSG13_1P_1024x32_c2_bm_bist)
                                  0.200000    0.573053   clock uncertainty
                                  0.000000    0.573053   clock reconvergence pessimism
                                  0.364067    0.937119   library hold time
                                              0.937119   data required time
---------------------------------------------------------------------------------------------
                                              0.937119   data required time
                                             -3.057562   data arrival time
---------------------------------------------------------------------------------------------
                                              2.120443   slack (MET)


Startpoint: _873_ (rising edge-triggered flip-flop clocked by clk_i)
Endpoint: u_sram (rising edge-triggered flip-flop clocked by clk_i)
Path Group: clk_i
Path Type: min

Fanout         Cap        Slew       Delay        Time   Description
---------------------------------------------------------------------------------------------
                                  0.000000    0.000000   clock clk_i (rise edge)
                                  0.000000    0.000000   clock source latency
     2    0.067269    0.000000    0.000000    0.000000 ^ clk_i (in)
                                                         clk_i (net)
                      0.016385    0.008193    0.008193 ^ clkbuf_regs_0_clk_i/A (sg13g2_buf_16)
     1    0.015676    0.027653    0.086298    0.094491 ^ clkbuf_regs_0_clk_i/X (sg13g2_buf_16)
                                                         clk_i_regs (net)
                      0.027653    0.000160    0.094650 ^ clkbuf_0_clk_i_regs/A (sg13g2_buf_16)
    16    0.164023    0.082918    0.132617    0.227268 ^ clkbuf_0_clk_i_regs/X (sg13g2_buf_16)
                                                         clknet_0_clk_i_regs (net)
                      0.083528    0.005709    0.232977 ^ clkbuf_4_4_0_clk_i_regs/A (sg13g2_buf_8)
     7    0.031750    0.045973    0.138696    0.371673 ^ clkbuf_4_4_0_clk_i_regs/X (sg13g2_buf_8)
                                                         clknet_4_4_0_clk_i_regs (net)
                      0.045993    0.001429    0.373102 ^ _873_/CLK (sg13g2_dfrbpq_1)
     1    0.002006    0.032069    0.261694    0.634797 ^ _873_/Q (sg13g2_dfrbpq_1)
                                                         wstrb_q[0] (net)
                      0.032069    0.000017    0.634813 ^ hold492/A (sg13g2_dlygate4sd3_1)
     1    0.002329    0.053290    0.553523    1.188336 ^ hold492/X (sg13g2_dlygate4sd3_1)
                                                         net491 (net)
                      0.053290    0.000023    1.188359 ^ hold490/A (sg13g2_dlygate4sd3_1)
     2    0.005338    0.068864    0.582746    1.771105 ^ hold490/X (sg13g2_dlygate4sd3_1)
                                                         net489 (net)
                      0.068864    0.000041    1.771147 ^ hold493/A (sg13g2_dlygate4sd3_1)
     1    0.003042    0.057140    0.579135    2.350282 ^ hold493/X (sg13g2_dlygate4sd3_1)
                                                         net492 (net)
                      0.057140    0.000027    2.350309 ^ _598_/A1 (sg13g2_a21o_1)
     1    0.019659    0.136474    0.236893    2.587202 ^ _598_/X (sg13g2_a21o_1)
                                                         sram_bm[0] (net)
                      0.136567    0.001650    2.588852 ^ hold491/A (sg13g2_dlygate4sd3_1)
     8    0.037844    0.260110    0.792024    3.380876 ^ hold491/X (sg13g2_dlygate4sd3_1)
                                                         net490 (net)
                      0.346813    0.000000    3.380876 ^ u_sram/A_BM[0] (RM_IHPSG13_1P_1024x32_c2_bm_bist)
                                              3.380876   data arrival time

                                  0.000000    0.000000   clock clk_i (rise edge)
                                  0.000000    0.000000   clock source latency
     2    0.071915    0.000000    0.000000    0.000000 ^ clk_i (in)
                                                         clk_i (net)
                      0.007642    0.003821    0.003821 ^ delaybuf_0_clk_i/A (sg13g2_buf_16)
     1    0.025595    0.030873    0.084150    0.087972 ^ delaybuf_0_clk_i/X (sg13g2_buf_16)
                                                         delaynet_0_clk_i (net)
                      0.030895    0.001594    0.089566 ^ delaybuf_1_clk_i/A (sg13g2_buf_16)
     1    0.023706    0.031007    0.096824    0.186389 ^ delaybuf_1_clk_i/X (sg13g2_buf_16)
                                                         delaynet_1_clk_i (net)
                      0.031018    0.001183    0.187572 ^ clkbuf_0_clk_i/A (sg13g2_buf_16)
     1    0.018301    0.029106    0.095384    0.282956 ^ clkbuf_0_clk_i/X (sg13g2_buf_16)
                                                         clknet_0_clk_i (net)
                      0.029106    0.000223    0.283179 ^ clkbuf_1_0__f_clk_i/A (sg13g2_buf_16)
     1    0.003790    0.023734    0.089874    0.373052 ^ clkbuf_1_0__f_clk_i/X (sg13g2_buf_16)
                                                         clknet_1_0__leaf_clk_i (net)
                      0.031646    0.000000    0.373052 ^ u_sram/A_CLK (RM_IHPSG13_1P_1024x32_c2_bm_bist)
                                  0.200000    0.573053   clock uncertainty
                                  0.000000    0.573053   clock reconvergence pessimism
                                  0.604354    1.177406   library hold time
                                              1.177406   data required time
---------------------------------------------------------------------------------------------
                                              1.177406   data required time
                                             -3.380876   data arrival time
---------------------------------------------------------------------------------------------
                                              2.203470   slack (MET)


Startpoint: _873_ (rising edge-triggered flip-flop clocked by clk_i)
Endpoint: u_sram (rising edge-triggered flip-flop clocked by clk_i)
Path Group: clk_i
Path Type: min

Fanout         Cap        Slew       Delay        Time   Description
---------------------------------------------------------------------------------------------
                                  0.000000    0.000000   clock clk_i (rise edge)
                                  0.000000    0.000000   clock source latency
     2    0.067269    0.000000    0.000000    0.000000 ^ clk_i (in)
                                                         clk_i (net)
                      0.016385    0.008193    0.008193 ^ clkbuf_regs_0_clk_i/A (sg13g2_buf_16)
     1    0.015676    0.027653    0.086298    0.094491 ^ clkbuf_regs_0_clk_i/X (sg13g2_buf_16)
                                                         clk_i_regs (net)
                      0.027653    0.000160    0.094650 ^ clkbuf_0_clk_i_regs/A (sg13g2_buf_16)
    16    0.164023    0.082918    0.132617    0.227268 ^ clkbuf_0_clk_i_regs/X (sg13g2_buf_16)
                                                         clknet_0_clk_i_regs (net)
                      0.083528    0.005709    0.232977 ^ clkbuf_4_4_0_clk_i_regs/A (sg13g2_buf_8)
     7    0.031750    0.045973    0.138696    0.371673 ^ clkbuf_4_4_0_clk_i_regs/X (sg13g2_buf_8)
                                                         clknet_4_4_0_clk_i_regs (net)
                      0.045993    0.001429    0.373102 ^ _873_/CLK (sg13g2_dfrbpq_1)
     1    0.002006    0.032069    0.261694    0.634797 ^ _873_/Q (sg13g2_dfrbpq_1)
                                                         wstrb_q[0] (net)
                      0.032069    0.000017    0.634813 ^ hold492/A (sg13g2_dlygate4sd3_1)
     1    0.002329    0.053290    0.553523    1.188336 ^ hold492/X (sg13g2_dlygate4sd3_1)
                                                         net491 (net)
                      0.053290    0.000023    1.188359 ^ hold490/A (sg13g2_dlygate4sd3_1)
     2    0.005338    0.068864    0.582746    1.771105 ^ hold490/X (sg13g2_dlygate4sd3_1)
                                                         net489 (net)
                      0.068864    0.000041    1.771147 ^ hold493/A (sg13g2_dlygate4sd3_1)
     1    0.003042    0.057140    0.579135    2.350282 ^ hold493/X (sg13g2_dlygate4sd3_1)
                                                         net492 (net)
                      0.057140    0.000027    2.350309 ^ _598_/A1 (sg13g2_a21o_1)
     1    0.019659    0.136474    0.236893    2.587202 ^ _598_/X (sg13g2_a21o_1)
                                                         sram_bm[0] (net)
                      0.136567    0.001650    2.588852 ^ hold491/A (sg13g2_dlygate4sd3_1)
     8    0.037844    0.260110    0.792024    3.380876 ^ hold491/X (sg13g2_dlygate4sd3_1)
                                                         net490 (net)
                      0.346870    0.003393    3.384269 ^ u_sram/A_BM[7] (RM_IHPSG13_1P_1024x32_c2_bm_bist)
                                              3.384269   data arrival time

                                  0.000000    0.000000   clock clk_i (rise edge)
                                  0.000000    0.000000   clock source latency
     2    0.071915    0.000000    0.000000    0.000000 ^ clk_i (in)
                                                         clk_i (net)
                      0.007642    0.003821    0.003821 ^ delaybuf_0_clk_i/A (sg13g2_buf_16)
     1    0.025595    0.030873    0.084150    0.087972 ^ delaybuf_0_clk_i/X (sg13g2_buf_16)
                                                         delaynet_0_clk_i (net)
                      0.030895    0.001594    0.089566 ^ delaybuf_1_clk_i/A (sg13g2_buf_16)
     1    0.023706    0.031007    0.096824    0.186389 ^ delaybuf_1_clk_i/X (sg13g2_buf_16)
                                                         delaynet_1_clk_i (net)
                      0.031018    0.001183    0.187572 ^ clkbuf_0_clk_i/A (sg13g2_buf_16)
     1    0.018301    0.029106    0.095384    0.282956 ^ clkbuf_0_clk_i/X (sg13g2_buf_16)
                                                         clknet_0_clk_i (net)
                      0.029106    0.000223    0.283179 ^ clkbuf_1_0__f_clk_i/A (sg13g2_buf_16)
     1    0.003790    0.023734    0.089874    0.373052 ^ clkbuf_1_0__f_clk_i/X (sg13g2_buf_16)
                                                         clknet_1_0__leaf_clk_i (net)
                      0.031646    0.000000    0.373052 ^ u_sram/A_CLK (RM_IHPSG13_1P_1024x32_c2_bm_bist)
                                  0.200000    0.573053   clock uncertainty
                                  0.000000    0.573053   clock reconvergence pessimism
                                  0.604301    1.177354   library hold time
                                              1.177354   data required time
---------------------------------------------------------------------------------------------
                                              1.177354   data required time
                                             -3.384269   data arrival time
---------------------------------------------------------------------------------------------
                                              2.206916   slack (MET)


Startpoint: _873_ (rising edge-triggered flip-flop clocked by clk_i)
Endpoint: u_sram (rising edge-triggered flip-flop clocked by clk_i)
Path Group: clk_i
Path Type: min

Fanout         Cap        Slew       Delay        Time   Description
---------------------------------------------------------------------------------------------
                                  0.000000    0.000000   clock clk_i (rise edge)
                                  0.000000    0.000000   clock source latency
     2    0.067269    0.000000    0.000000    0.000000 ^ clk_i (in)
                                                         clk_i (net)
                      0.016385    0.008193    0.008193 ^ clkbuf_regs_0_clk_i/A (sg13g2_buf_16)
     1    0.015676    0.027653    0.086298    0.094491 ^ clkbuf_regs_0_clk_i/X (sg13g2_buf_16)
                                                         clk_i_regs (net)
                      0.027653    0.000160    0.094650 ^ clkbuf_0_clk_i_regs/A (sg13g2_buf_16)
    16    0.164023    0.082918    0.132617    0.227268 ^ clkbuf_0_clk_i_regs/X (sg13g2_buf_16)
                                                         clknet_0_clk_i_regs (net)
                      0.083528    0.005709    0.232977 ^ clkbuf_4_4_0_clk_i_regs/A (sg13g2_buf_8)
     7    0.031750    0.045973    0.138696    0.371673 ^ clkbuf_4_4_0_clk_i_regs/X (sg13g2_buf_8)
                                                         clknet_4_4_0_clk_i_regs (net)
                      0.045993    0.001429    0.373102 ^ _873_/CLK (sg13g2_dfrbpq_1)
     1    0.002006    0.032069    0.261694    0.634797 ^ _873_/Q (sg13g2_dfrbpq_1)
                                                         wstrb_q[0] (net)
                      0.032069    0.000017    0.634813 ^ hold492/A (sg13g2_dlygate4sd3_1)
     1    0.002329    0.053290    0.553523    1.188336 ^ hold492/X (sg13g2_dlygate4sd3_1)
                                                         net491 (net)
                      0.053290    0.000023    1.188359 ^ hold490/A (sg13g2_dlygate4sd3_1)
     2    0.005338    0.068864    0.582746    1.771105 ^ hold490/X (sg13g2_dlygate4sd3_1)
                                                         net489 (net)
                      0.068864    0.000041    1.771147 ^ hold493/A (sg13g2_dlygate4sd3_1)
     1    0.003042    0.057140    0.579135    2.350282 ^ hold493/X (sg13g2_dlygate4sd3_1)
                                                         net492 (net)
                      0.057140    0.000027    2.350309 ^ _598_/A1 (sg13g2_a21o_1)
     1    0.019659    0.136474    0.236893    2.587202 ^ _598_/X (sg13g2_a21o_1)
                                                         sram_bm[0] (net)
                      0.136567    0.001650    2.588852 ^ hold491/A (sg13g2_dlygate4sd3_1)
     8    0.037844    0.260110    0.792024    3.380876 ^ hold491/X (sg13g2_dlygate4sd3_1)
                                                         net490 (net)
                      0.346878    0.003579    3.384455 ^ u_sram/A_BM[6] (RM_IHPSG13_1P_1024x32_c2_bm_bist)
                                              3.384455   data arrival time

                                  0.000000    0.000000   clock clk_i (rise edge)
                                  0.000000    0.000000   clock source latency
     2    0.071915    0.000000    0.000000    0.000000 ^ clk_i (in)
                                                         clk_i (net)
                      0.007642    0.003821    0.003821 ^ delaybuf_0_clk_i/A (sg13g2_buf_16)
     1    0.025595    0.030873    0.084150    0.087972 ^ delaybuf_0_clk_i/X (sg13g2_buf_16)
                                                         delaynet_0_clk_i (net)
                      0.030895    0.001594    0.089566 ^ delaybuf_1_clk_i/A (sg13g2_buf_16)
     1    0.023706    0.031007    0.096824    0.186389 ^ delaybuf_1_clk_i/X (sg13g2_buf_16)
                                                         delaynet_1_clk_i (net)
                      0.031018    0.001183    0.187572 ^ clkbuf_0_clk_i/A (sg13g2_buf_16)
     1    0.018301    0.029106    0.095384    0.282956 ^ clkbuf_0_clk_i/X (sg13g2_buf_16)
                                                         clknet_0_clk_i (net)
                      0.029106    0.000223    0.283179 ^ clkbuf_1_0__f_clk_i/A (sg13g2_buf_16)
     1    0.003790    0.023734    0.089874    0.373052 ^ clkbuf_1_0__f_clk_i/X (sg13g2_buf_16)
                                                         clknet_1_0__leaf_clk_i (net)
                      0.031646    0.000000    0.373052 ^ u_sram/A_CLK (RM_IHPSG13_1P_1024x32_c2_bm_bist)
                                  0.200000    0.573053   clock uncertainty
                                  0.000000    0.573053   clock reconvergence pessimism
                                  0.604294    1.177346   library hold time
                                              1.177346   data required time
---------------------------------------------------------------------------------------------
                                              1.177346   data required time
                                             -3.384455   data arrival time
---------------------------------------------------------------------------------------------
                                              2.207109   slack (MET)


Startpoint: _873_ (rising edge-triggered flip-flop clocked by clk_i)
Endpoint: u_sram (rising edge-triggered flip-flop clocked by clk_i)
Path Group: clk_i
Path Type: min

Fanout         Cap        Slew       Delay        Time   Description
---------------------------------------------------------------------------------------------
                                  0.000000    0.000000   clock clk_i (rise edge)
                                  0.000000    0.000000   clock source latency
     2    0.067269    0.000000    0.000000    0.000000 ^ clk_i (in)
                                                         clk_i (net)
                      0.016385    0.008193    0.008193 ^ clkbuf_regs_0_clk_i/A (sg13g2_buf_16)
     1    0.015676    0.027653    0.086298    0.094491 ^ clkbuf_regs_0_clk_i/X (sg13g2_buf_16)
                                                         clk_i_regs (net)
                      0.027653    0.000160    0.094650 ^ clkbuf_0_clk_i_regs/A (sg13g2_buf_16)
    16    0.164023    0.082918    0.132617    0.227268 ^ clkbuf_0_clk_i_regs/X (sg13g2_buf_16)
                                                         clknet_0_clk_i_regs (net)
                      0.083528    0.005709    0.232977 ^ clkbuf_4_4_0_clk_i_regs/A (sg13g2_buf_8)
     7    0.031750    0.045973    0.138696    0.371673 ^ clkbuf_4_4_0_clk_i_regs/X (sg13g2_buf_8)
                                                         clknet_4_4_0_clk_i_regs (net)
                      0.045993    0.001429    0.373102 ^ _873_/CLK (sg13g2_dfrbpq_1)
     1    0.002006    0.032069    0.261694    0.634797 ^ _873_/Q (sg13g2_dfrbpq_1)
                                                         wstrb_q[0] (net)
                      0.032069    0.000017    0.634813 ^ hold492/A (sg13g2_dlygate4sd3_1)
     1    0.002329    0.053290    0.553523    1.188336 ^ hold492/X (sg13g2_dlygate4sd3_1)
                                                         net491 (net)
                      0.053290    0.000023    1.188359 ^ hold490/A (sg13g2_dlygate4sd3_1)
     2    0.005338    0.068864    0.582746    1.771105 ^ hold490/X (sg13g2_dlygate4sd3_1)
                                                         net489 (net)
                      0.068864    0.000041    1.771147 ^ hold493/A (sg13g2_dlygate4sd3_1)
     1    0.003042    0.057140    0.579135    2.350282 ^ hold493/X (sg13g2_dlygate4sd3_1)
                                                         net492 (net)
                      0.057140    0.000027    2.350309 ^ _598_/A1 (sg13g2_a21o_1)
     1    0.019659    0.136474    0.236893    2.587202 ^ _598_/X (sg13g2_a21o_1)
                                                         sram_bm[0] (net)
                      0.136567    0.001650    2.588852 ^ hold491/A (sg13g2_dlygate4sd3_1)
     8    0.037844    0.260110    0.792024    3.380876 ^ hold491/X (sg13g2_dlygate4sd3_1)
                                                         net490 (net)
                      0.346885    0.003735    3.384611 ^ u_sram/A_BM[5] (RM_IHPSG13_1P_1024x32_c2_bm_bist)
                                              3.384611   data arrival time

                                  0.000000    0.000000   clock clk_i (rise edge)
                                  0.000000    0.000000   clock source latency
     2    0.071915    0.000000    0.000000    0.000000 ^ clk_i (in)
                                                         clk_i (net)
                      0.007642    0.003821    0.003821 ^ delaybuf_0_clk_i/A (sg13g2_buf_16)
     1    0.025595    0.030873    0.084150    0.087972 ^ delaybuf_0_clk_i/X (sg13g2_buf_16)
                                                         delaynet_0_clk_i (net)
                      0.030895    0.001594    0.089566 ^ delaybuf_1_clk_i/A (sg13g2_buf_16)
     1    0.023706    0.031007    0.096824    0.186389 ^ delaybuf_1_clk_i/X (sg13g2_buf_16)
                                                         delaynet_1_clk_i (net)
                      0.031018    0.001183    0.187572 ^ clkbuf_0_clk_i/A (sg13g2_buf_16)
     1    0.018301    0.029106    0.095384    0.282956 ^ clkbuf_0_clk_i/X (sg13g2_buf_16)
                                                         clknet_0_clk_i (net)
                      0.029106    0.000223    0.283179 ^ clkbuf_1_0__f_clk_i/A (sg13g2_buf_16)
     1    0.003790    0.023734    0.089874    0.373052 ^ clkbuf_1_0__f_clk_i/X (sg13g2_buf_16)
                                                         clknet_1_0__leaf_clk_i (net)
                      0.031646    0.000000    0.373052 ^ u_sram/A_CLK (RM_IHPSG13_1P_1024x32_c2_bm_bist)
                                  0.200000    0.573053   clock uncertainty
                                  0.000000    0.573053   clock reconvergence pessimism
                                  0.604287    1.177339   library hold time
                                              1.177339   data required time
---------------------------------------------------------------------------------------------
                                              1.177339   data required time
                                             -3.384611   data arrival time
---------------------------------------------------------------------------------------------
                                              2.207272   slack (MET)


Startpoint: _873_ (rising edge-triggered flip-flop clocked by clk_i)
Endpoint: u_sram (rising edge-triggered flip-flop clocked by clk_i)
Path Group: clk_i
Path Type: min

Fanout         Cap        Slew       Delay        Time   Description
---------------------------------------------------------------------------------------------
                                  0.000000    0.000000   clock clk_i (rise edge)
                                  0.000000    0.000000   clock source latency
     2    0.067269    0.000000    0.000000    0.000000 ^ clk_i (in)
                                                         clk_i (net)
                      0.016385    0.008193    0.008193 ^ clkbuf_regs_0_clk_i/A (sg13g2_buf_16)
     1    0.015676    0.027653    0.086298    0.094491 ^ clkbuf_regs_0_clk_i/X (sg13g2_buf_16)
                                                         clk_i_regs (net)
                      0.027653    0.000160    0.094650 ^ clkbuf_0_clk_i_regs/A (sg13g2_buf_16)
    16    0.164023    0.082918    0.132617    0.227268 ^ clkbuf_0_clk_i_regs/X (sg13g2_buf_16)
                                                         clknet_0_clk_i_regs (net)
                      0.083528    0.005709    0.232977 ^ clkbuf_4_4_0_clk_i_regs/A (sg13g2_buf_8)
     7    0.031750    0.045973    0.138696    0.371673 ^ clkbuf_4_4_0_clk_i_regs/X (sg13g2_buf_8)
                                                         clknet_4_4_0_clk_i_regs (net)
                      0.045993    0.001429    0.373102 ^ _873_/CLK (sg13g2_dfrbpq_1)
     1    0.002006    0.032069    0.261694    0.634797 ^ _873_/Q (sg13g2_dfrbpq_1)
                                                         wstrb_q[0] (net)
                      0.032069    0.000017    0.634813 ^ hold492/A (sg13g2_dlygate4sd3_1)
     1    0.002329    0.053290    0.553523    1.188336 ^ hold492/X (sg13g2_dlygate4sd3_1)
                                                         net491 (net)
                      0.053290    0.000023    1.188359 ^ hold490/A (sg13g2_dlygate4sd3_1)
     2    0.005338    0.068864    0.582746    1.771105 ^ hold490/X (sg13g2_dlygate4sd3_1)
                                                         net489 (net)
                      0.068864    0.000041    1.771147 ^ hold493/A (sg13g2_dlygate4sd3_1)
     1    0.003042    0.057140    0.579135    2.350282 ^ hold493/X (sg13g2_dlygate4sd3_1)
                                                         net492 (net)
                      0.057140    0.000027    2.350309 ^ _598_/A1 (sg13g2_a21o_1)
     1    0.019659    0.136474    0.236893    2.587202 ^ _598_/X (sg13g2_a21o_1)
                                                         sram_bm[0] (net)
                      0.136567    0.001650    2.588852 ^ hold491/A (sg13g2_dlygate4sd3_1)
     8    0.037844    0.260110    0.792024    3.380876 ^ hold491/X (sg13g2_dlygate4sd3_1)
                                                         net490 (net)
                      0.346892    0.003861    3.384737 ^ u_sram/A_BM[4] (RM_IHPSG13_1P_1024x32_c2_bm_bist)
                                              3.384737   data arrival time

                                  0.000000    0.000000   clock clk_i (rise edge)
                                  0.000000    0.000000   clock source latency
     2    0.071915    0.000000    0.000000    0.000000 ^ clk_i (in)
                                                         clk_i (net)
                      0.007642    0.003821    0.003821 ^ delaybuf_0_clk_i/A (sg13g2_buf_16)
     1    0.025595    0.030873    0.084150    0.087972 ^ delaybuf_0_clk_i/X (sg13g2_buf_16)
                                                         delaynet_0_clk_i (net)
                      0.030895    0.001594    0.089566 ^ delaybuf_1_clk_i/A (sg13g2_buf_16)
     1    0.023706    0.031007    0.096824    0.186389 ^ delaybuf_1_clk_i/X (sg13g2_buf_16)
                                                         delaynet_1_clk_i (net)
                      0.031018    0.001183    0.187572 ^ clkbuf_0_clk_i/A (sg13g2_buf_16)
     1    0.018301    0.029106    0.095384    0.282956 ^ clkbuf_0_clk_i/X (sg13g2_buf_16)
                                                         clknet_0_clk_i (net)
                      0.029106    0.000223    0.283179 ^ clkbuf_1_0__f_clk_i/A (sg13g2_buf_16)
     1    0.003790    0.023734    0.089874    0.373052 ^ clkbuf_1_0__f_clk_i/X (sg13g2_buf_16)
                                                         clknet_1_0__leaf_clk_i (net)
                      0.031646    0.000000    0.373052 ^ u_sram/A_CLK (RM_IHPSG13_1P_1024x32_c2_bm_bist)
                                  0.200000    0.573053   clock uncertainty
                                  0.000000    0.573053   clock reconvergence pessimism
                                  0.604281    1.177334   library hold time
                                              1.177334   data required time
---------------------------------------------------------------------------------------------
                                              1.177334   data required time
                                             -3.384737   data arrival time
---------------------------------------------------------------------------------------------
                                              2.207403   slack (MET)


Startpoint: _873_ (rising edge-triggered flip-flop clocked by clk_i)
Endpoint: u_sram (rising edge-triggered flip-flop clocked by clk_i)
Path Group: clk_i
Path Type: min

Fanout         Cap        Slew       Delay        Time   Description
---------------------------------------------------------------------------------------------
                                  0.000000    0.000000   clock clk_i (rise edge)
                                  0.000000    0.000000   clock source latency
     2    0.067269    0.000000    0.000000    0.000000 ^ clk_i (in)
                                                         clk_i (net)
                      0.016385    0.008193    0.008193 ^ clkbuf_regs_0_clk_i/A (sg13g2_buf_16)
     1    0.015676    0.027653    0.086298    0.094491 ^ clkbuf_regs_0_clk_i/X (sg13g2_buf_16)
                                                         clk_i_regs (net)
                      0.027653    0.000160    0.094650 ^ clkbuf_0_clk_i_regs/A (sg13g2_buf_16)
    16    0.164023    0.082918    0.132617    0.227268 ^ clkbuf_0_clk_i_regs/X (sg13g2_buf_16)
                                                         clknet_0_clk_i_regs (net)
                      0.083528    0.005709    0.232977 ^ clkbuf_4_4_0_clk_i_regs/A (sg13g2_buf_8)
     7    0.031750    0.045973    0.138696    0.371673 ^ clkbuf_4_4_0_clk_i_regs/X (sg13g2_buf_8)
                                                         clknet_4_4_0_clk_i_regs (net)
                      0.045993    0.001429    0.373102 ^ _873_/CLK (sg13g2_dfrbpq_1)
     1    0.002006    0.032069    0.261694    0.634797 ^ _873_/Q (sg13g2_dfrbpq_1)
                                                         wstrb_q[0] (net)
                      0.032069    0.000017    0.634813 ^ hold492/A (sg13g2_dlygate4sd3_1)
     1    0.002329    0.053290    0.553523    1.188336 ^ hold492/X (sg13g2_dlygate4sd3_1)
                                                         net491 (net)
                      0.053290    0.000023    1.188359 ^ hold490/A (sg13g2_dlygate4sd3_1)
     2    0.005338    0.068864    0.582746    1.771105 ^ hold490/X (sg13g2_dlygate4sd3_1)
                                                         net489 (net)
                      0.068864    0.000041    1.771147 ^ hold493/A (sg13g2_dlygate4sd3_1)
     1    0.003042    0.057140    0.579135    2.350282 ^ hold493/X (sg13g2_dlygate4sd3_1)
                                                         net492 (net)
                      0.057140    0.000027    2.350309 ^ _598_/A1 (sg13g2_a21o_1)
     1    0.019659    0.136474    0.236893    2.587202 ^ _598_/X (sg13g2_a21o_1)
                                                         sram_bm[0] (net)
                      0.136567    0.001650    2.588852 ^ hold491/A (sg13g2_dlygate4sd3_1)
     8    0.037844    0.260110    0.792024    3.380876 ^ hold491/X (sg13g2_dlygate4sd3_1)
                                                         net490 (net)
                      0.346896    0.003956    3.384832 ^ u_sram/A_BM[3] (RM_IHPSG13_1P_1024x32_c2_bm_bist)
                                              3.384832   data arrival time

                                  0.000000    0.000000   clock clk_i (rise edge)
                                  0.000000    0.000000   clock source latency
     2    0.071915    0.000000    0.000000    0.000000 ^ clk_i (in)
                                                         clk_i (net)
                      0.007642    0.003821    0.003821 ^ delaybuf_0_clk_i/A (sg13g2_buf_16)
     1    0.025595    0.030873    0.084150    0.087972 ^ delaybuf_0_clk_i/X (sg13g2_buf_16)
                                                         delaynet_0_clk_i (net)
                      0.030895    0.001594    0.089566 ^ delaybuf_1_clk_i/A (sg13g2_buf_16)
     1    0.023706    0.031007    0.096824    0.186389 ^ delaybuf_1_clk_i/X (sg13g2_buf_16)
                                                         delaynet_1_clk_i (net)
                      0.031018    0.001183    0.187572 ^ clkbuf_0_clk_i/A (sg13g2_buf_16)
     1    0.018301    0.029106    0.095384    0.282956 ^ clkbuf_0_clk_i/X (sg13g2_buf_16)
                                                         clknet_0_clk_i (net)
                      0.029106    0.000223    0.283179 ^ clkbuf_1_0__f_clk_i/A (sg13g2_buf_16)
     1    0.003790    0.023734    0.089874    0.373052 ^ clkbuf_1_0__f_clk_i/X (sg13g2_buf_16)
                                                         clknet_1_0__leaf_clk_i (net)
                      0.031646    0.000000    0.373052 ^ u_sram/A_CLK (RM_IHPSG13_1P_1024x32_c2_bm_bist)
                                  0.200000    0.573053   clock uncertainty
                                  0.000000    0.573053   clock reconvergence pessimism
                                  0.604277    1.177329   library hold time
                                              1.177329   data required time
---------------------------------------------------------------------------------------------
                                              1.177329   data required time
                                             -3.384832   data arrival time
---------------------------------------------------------------------------------------------
                                              2.207503   slack (MET)


Startpoint: _873_ (rising edge-triggered flip-flop clocked by clk_i)
Endpoint: u_sram (rising edge-triggered flip-flop clocked by clk_i)
Path Group: clk_i
Path Type: min

Fanout         Cap        Slew       Delay        Time   Description
---------------------------------------------------------------------------------------------
                                  0.000000    0.000000   clock clk_i (rise edge)
                                  0.000000    0.000000   clock source latency
     2    0.067269    0.000000    0.000000    0.000000 ^ clk_i (in)
                                                         clk_i (net)
                      0.016385    0.008193    0.008193 ^ clkbuf_regs_0_clk_i/A (sg13g2_buf_16)
     1    0.015676    0.027653    0.086298    0.094491 ^ clkbuf_regs_0_clk_i/X (sg13g2_buf_16)
                                                         clk_i_regs (net)
                      0.027653    0.000160    0.094650 ^ clkbuf_0_clk_i_regs/A (sg13g2_buf_16)
    16    0.164023    0.082918    0.132617    0.227268 ^ clkbuf_0_clk_i_regs/X (sg13g2_buf_16)
                                                         clknet_0_clk_i_regs (net)
                      0.083528    0.005709    0.232977 ^ clkbuf_4_4_0_clk_i_regs/A (sg13g2_buf_8)
     7    0.031750    0.045973    0.138696    0.371673 ^ clkbuf_4_4_0_clk_i_regs/X (sg13g2_buf_8)
                                                         clknet_4_4_0_clk_i_regs (net)
                      0.045993    0.001429    0.373102 ^ _873_/CLK (sg13g2_dfrbpq_1)
     1    0.002006    0.032069    0.261694    0.634797 ^ _873_/Q (sg13g2_dfrbpq_1)
                                                         wstrb_q[0] (net)
                      0.032069    0.000017    0.634813 ^ hold492/A (sg13g2_dlygate4sd3_1)
     1    0.002329    0.053290    0.553523    1.188336 ^ hold492/X (sg13g2_dlygate4sd3_1)
                                                         net491 (net)
                      0.053290    0.000023    1.188359 ^ hold490/A (sg13g2_dlygate4sd3_1)
     2    0.005338    0.068864    0.582746    1.771105 ^ hold490/X (sg13g2_dlygate4sd3_1)
                                                         net489 (net)
                      0.068864    0.000041    1.771147 ^ hold493/A (sg13g2_dlygate4sd3_1)
     1    0.003042    0.057140    0.579135    2.350282 ^ hold493/X (sg13g2_dlygate4sd3_1)
                                                         net492 (net)
                      0.057140    0.000027    2.350309 ^ _598_/A1 (sg13g2_a21o_1)
     1    0.019659    0.136474    0.236893    2.587202 ^ _598_/X (sg13g2_a21o_1)
                                                         sram_bm[0] (net)
                      0.136567    0.001650    2.588852 ^ hold491/A (sg13g2_dlygate4sd3_1)
     8    0.037844    0.260110    0.792024    3.380876 ^ hold491/X (sg13g2_dlygate4sd3_1)
                                                         net490 (net)
                      0.346900    0.004021    3.384897 ^ u_sram/A_BM[2] (RM_IHPSG13_1P_1024x32_c2_bm_bist)
                                              3.384897   data arrival time

                                  0.000000    0.000000   clock clk_i (rise edge)
                                  0.000000    0.000000   clock source latency
     2    0.071915    0.000000    0.000000    0.000000 ^ clk_i (in)
                                                         clk_i (net)
                      0.007642    0.003821    0.003821 ^ delaybuf_0_clk_i/A (sg13g2_buf_16)
     1    0.025595    0.030873    0.084150    0.087972 ^ delaybuf_0_clk_i/X (sg13g2_buf_16)
                                                         delaynet_0_clk_i (net)
                      0.030895    0.001594    0.089566 ^ delaybuf_1_clk_i/A (sg13g2_buf_16)
     1    0.023706    0.031007    0.096824    0.186389 ^ delaybuf_1_clk_i/X (sg13g2_buf_16)
                                                         delaynet_1_clk_i (net)
                      0.031018    0.001183    0.187572 ^ clkbuf_0_clk_i/A (sg13g2_buf_16)
     1    0.018301    0.029106    0.095384    0.282956 ^ clkbuf_0_clk_i/X (sg13g2_buf_16)
                                                         clknet_0_clk_i (net)
                      0.029106    0.000223    0.283179 ^ clkbuf_1_0__f_clk_i/A (sg13g2_buf_16)
     1    0.003790    0.023734    0.089874    0.373052 ^ clkbuf_1_0__f_clk_i/X (sg13g2_buf_16)
                                                         clknet_1_0__leaf_clk_i (net)
                      0.031646    0.000000    0.373052 ^ u_sram/A_CLK (RM_IHPSG13_1P_1024x32_c2_bm_bist)
                                  0.200000    0.573053   clock uncertainty
                                  0.000000    0.573053   clock reconvergence pessimism
                                  0.604274    1.177326   library hold time
                                              1.177326   data required time
---------------------------------------------------------------------------------------------
                                              1.177326   data required time
                                             -3.384897   data arrival time
---------------------------------------------------------------------------------------------
                                              2.207570   slack (MET)


Startpoint: _873_ (rising edge-triggered flip-flop clocked by clk_i)
Endpoint: u_sram (rising edge-triggered flip-flop clocked by clk_i)
Path Group: clk_i
Path Type: min

Fanout         Cap        Slew       Delay        Time   Description
---------------------------------------------------------------------------------------------
                                  0.000000    0.000000   clock clk_i (rise edge)
                                  0.000000    0.000000   clock source latency
     2    0.067269    0.000000    0.000000    0.000000 ^ clk_i (in)
                                                         clk_i (net)
                      0.016385    0.008193    0.008193 ^ clkbuf_regs_0_clk_i/A (sg13g2_buf_16)
     1    0.015676    0.027653    0.086298    0.094491 ^ clkbuf_regs_0_clk_i/X (sg13g2_buf_16)
                                                         clk_i_regs (net)
                      0.027653    0.000160    0.094650 ^ clkbuf_0_clk_i_regs/A (sg13g2_buf_16)
    16    0.164023    0.082918    0.132617    0.227268 ^ clkbuf_0_clk_i_regs/X (sg13g2_buf_16)
                                                         clknet_0_clk_i_regs (net)
                      0.083528    0.005709    0.232977 ^ clkbuf_4_4_0_clk_i_regs/A (sg13g2_buf_8)
     7    0.031750    0.045973    0.138696    0.371673 ^ clkbuf_4_4_0_clk_i_regs/X (sg13g2_buf_8)
                                                         clknet_4_4_0_clk_i_regs (net)
                      0.045993    0.001429    0.373102 ^ _873_/CLK (sg13g2_dfrbpq_1)
     1    0.002006    0.032069    0.261694    0.634797 ^ _873_/Q (sg13g2_dfrbpq_1)
                                                         wstrb_q[0] (net)
                      0.032069    0.000017    0.634813 ^ hold492/A (sg13g2_dlygate4sd3_1)
     1    0.002329    0.053290    0.553523    1.188336 ^ hold492/X (sg13g2_dlygate4sd3_1)
                                                         net491 (net)
                      0.053290    0.000023    1.188359 ^ hold490/A (sg13g2_dlygate4sd3_1)
     2    0.005338    0.068864    0.582746    1.771105 ^ hold490/X (sg13g2_dlygate4sd3_1)
                                                         net489 (net)
                      0.068864    0.000041    1.771147 ^ hold493/A (sg13g2_dlygate4sd3_1)
     1    0.003042    0.057140    0.579135    2.350282 ^ hold493/X (sg13g2_dlygate4sd3_1)
                                                         net492 (net)
                      0.057140    0.000027    2.350309 ^ _598_/A1 (sg13g2_a21o_1)
     1    0.019659    0.136474    0.236893    2.587202 ^ _598_/X (sg13g2_a21o_1)
                                                         sram_bm[0] (net)
                      0.136567    0.001650    2.588852 ^ hold491/A (sg13g2_dlygate4sd3_1)
     8    0.037844    0.260110    0.792024    3.380876 ^ hold491/X (sg13g2_dlygate4sd3_1)
                                                         net490 (net)
                      0.346902    0.004055    3.384931 ^ u_sram/A_BM[1] (RM_IHPSG13_1P_1024x32_c2_bm_bist)
                                              3.384931   data arrival time

                                  0.000000    0.000000   clock clk_i (rise edge)
                                  0.000000    0.000000   clock source latency
     2    0.071915    0.000000    0.000000    0.000000 ^ clk_i (in)
                                                         clk_i (net)
                      0.007642    0.003821    0.003821 ^ delaybuf_0_clk_i/A (sg13g2_buf_16)
     1    0.025595    0.030873    0.084150    0.087972 ^ delaybuf_0_clk_i/X (sg13g2_buf_16)
                                                         delaynet_0_clk_i (net)
                      0.030895    0.001594    0.089566 ^ delaybuf_1_clk_i/A (sg13g2_buf_16)
     1    0.023706    0.031007    0.096824    0.186389 ^ delaybuf_1_clk_i/X (sg13g2_buf_16)
                                                         delaynet_1_clk_i (net)
                      0.031018    0.001183    0.187572 ^ clkbuf_0_clk_i/A (sg13g2_buf_16)
     1    0.018301    0.029106    0.095384    0.282956 ^ clkbuf_0_clk_i/X (sg13g2_buf_16)
                                                         clknet_0_clk_i (net)
                      0.029106    0.000223    0.283179 ^ clkbuf_1_0__f_clk_i/A (sg13g2_buf_16)
     1    0.003790    0.023734    0.089874    0.373052 ^ clkbuf_1_0__f_clk_i/X (sg13g2_buf_16)
                                                         clknet_1_0__leaf_clk_i (net)
                      0.031646    0.000000    0.373052 ^ u_sram/A_CLK (RM_IHPSG13_1P_1024x32_c2_bm_bist)
                                  0.200000    0.573053   clock uncertainty
                                  0.000000    0.573053   clock reconvergence pessimism
                                  0.604272    1.177325   library hold time
                                              1.177325   data required time
---------------------------------------------------------------------------------------------
                                              1.177325   data required time
                                             -3.384931   data arrival time
---------------------------------------------------------------------------------------------
                                              2.207607   slack (MET)


Startpoint: s_axil_awaddr[16] (input port clocked by clk_i)
Endpoint: u_sram (rising edge-triggered flip-flop clocked by clk_i)
Path Group: clk_i
Path Type: min

Fanout         Cap        Slew       Delay        Time   Description
---------------------------------------------------------------------------------------------
                                  0.000000    0.000000   clock clk_i (rise edge)
                                  0.000000    0.000000   clock network delay (propagated)
                                  0.500000    0.500000 ^ input external delay
     1    0.003907    0.000000    0.000000    0.500000 ^ s_axil_awaddr[16] (in)
                                                         s_axil_awaddr[16] (net)
                      0.000080    0.000040    0.500040 ^ input85/A (sg13g2_buf_1)
     1    0.004824    0.044568    0.082139    0.582179 ^ input85/X (sg13g2_buf_1)
                                                         net85 (net)
                      0.044568    0.000040    0.582218 ^ _437_/D (sg13g2_nor4_2)
     2    0.012258    0.049648    0.065769    0.647987 v _437_/Y (sg13g2_nor4_2)
                                                         _130_ (net)
                      0.049653    0.000517    0.648505 v _531_/C (sg13g2_nand4_1)
     1    0.003056    0.051665    0.071905    0.720409 ^ _531_/Y (sg13g2_nand4_1)
                                                         _197_ (net)
                      0.051665    0.000041    0.720451 ^ hold376/A (sg13g2_dlygate4sd3_1)
     1    0.002849    0.056095    0.567942    1.288393 ^ hold376/X (sg13g2_dlygate4sd3_1)
                                                         net375 (net)
                      0.056095    0.000027    1.288420 ^ _532_/A (sg13g2_buf_1)
     2    0.010535    0.079933    0.137537    1.425958 ^ _532_/X (sg13g2_buf_1)
                                                         _198_ (net)
                      0.079933    0.000326    1.426284 ^ _589_/A (sg13g2_nor2_2)
     3    0.025946    0.087119    0.118069    1.544353 v _589_/Y (sg13g2_nor2_2)
                                                         _245_ (net)
                      0.087224    0.002397    1.546751 v _601_/A2 (sg13g2_a21o_1)
     1    0.004023    0.044386    0.198414    1.745165 v _601_/X (sg13g2_a21o_1)
                                                         sram_bm[24] (net)
                      0.044386    0.000073    1.745237 v hold366/A (sg13g2_dlygate4sd3_1)
     1    0.002890    0.058712    0.594352    2.339590 v hold366/X (sg13g2_dlygate4sd3_1)
                                                         net365 (net)
                      0.058712    0.000035    2.339625 v hold363/A (sg13g2_dlygate4sd3_1)
     1    0.002998    0.059218    0.602904    2.942528 v hold363/X (sg13g2_dlygate4sd3_1)
                                                         net362 (net)
                      0.059218    0.000038    2.942566 v hold367/A (sg13g2_dlygate4sd3_1)
     8    0.024701    0.163252    0.722111    3.664678 v hold367/X (sg13g2_dlygate4sd3_1)
                                                         net366 (net)
                      0.217669    0.000000    3.664678 v u_sram/A_BM[24] (RM_IHPSG13_1P_1024x32_c2_bm_bist)
                                              3.664678   data arrival time

                                  0.000000    0.000000   clock clk_i (rise edge)
                                  0.000000    0.000000   clock source latency
     2    0.071915    0.000000    0.000000    0.000000 ^ clk_i (in)
                                                         clk_i (net)
                      0.007642    0.003821    0.003821 ^ delaybuf_0_clk_i/A (sg13g2_buf_16)
     1    0.025595    0.030873    0.084150    0.087972 ^ delaybuf_0_clk_i/X (sg13g2_buf_16)
                                                         delaynet_0_clk_i (net)
                      0.030895    0.001594    0.089566 ^ delaybuf_1_clk_i/A (sg13g2_buf_16)
     1    0.023706    0.031007    0.096824    0.186389 ^ delaybuf_1_clk_i/X (sg13g2_buf_16)
                                                         delaynet_1_clk_i (net)
                      0.031018    0.001183    0.187572 ^ clkbuf_0_clk_i/A (sg13g2_buf_16)
     1    0.018301    0.029106    0.095384    0.282956 ^ clkbuf_0_clk_i/X (sg13g2_buf_16)
                                                         clknet_0_clk_i (net)
                      0.029106    0.000223    0.283179 ^ clkbuf_1_0__f_clk_i/A (sg13g2_buf_16)
     1    0.003790    0.023734    0.089874    0.373052 ^ clkbuf_1_0__f_clk_i/X (sg13g2_buf_16)
                                                         clknet_1_0__leaf_clk_i (net)
                      0.031646    0.000000    0.373052 ^ u_sram/A_CLK (RM_IHPSG13_1P_1024x32_c2_bm_bist)
                                  0.200000    0.573053   clock uncertainty
                                  0.000000    0.573053   clock reconvergence pessimism
                                  0.660355    1.233407   library hold time
                                              1.233407   data required time
---------------------------------------------------------------------------------------------
                                              1.233407   data required time
                                             -3.664678   data arrival time
---------------------------------------------------------------------------------------------
                                              2.431271   slack (MET)


Startpoint: s_axil_awaddr[16] (input port clocked by clk_i)
Endpoint: u_sram (rising edge-triggered flip-flop clocked by clk_i)
Path Group: clk_i
Path Type: min

Fanout         Cap        Slew       Delay        Time   Description
---------------------------------------------------------------------------------------------
                                  0.000000    0.000000   clock clk_i (rise edge)
                                  0.000000    0.000000   clock network delay (propagated)
                                  0.500000    0.500000 ^ input external delay
     1    0.003907    0.000000    0.000000    0.500000 ^ s_axil_awaddr[16] (in)
                                                         s_axil_awaddr[16] (net)
                      0.000080    0.000040    0.500040 ^ input85/A (sg13g2_buf_1)
     1    0.004824    0.044568    0.082139    0.582179 ^ input85/X (sg13g2_buf_1)
                                                         net85 (net)
                      0.044568    0.000040    0.582218 ^ _437_/D (sg13g2_nor4_2)
     2    0.012258    0.049648    0.065769    0.647987 v _437_/Y (sg13g2_nor4_2)
                                                         _130_ (net)
                      0.049653    0.000517    0.648505 v _531_/C (sg13g2_nand4_1)
     1    0.003056    0.051665    0.071905    0.720409 ^ _531_/Y (sg13g2_nand4_1)
                                                         _197_ (net)
                      0.051665    0.000041    0.720451 ^ hold376/A (sg13g2_dlygate4sd3_1)
     1    0.002849    0.056095    0.567942    1.288393 ^ hold376/X (sg13g2_dlygate4sd3_1)
                                                         net375 (net)
                      0.056095    0.000027    1.288420 ^ _532_/A (sg13g2_buf_1)
     2    0.010535    0.079933    0.137537    1.425958 ^ _532_/X (sg13g2_buf_1)
                                                         _198_ (net)
                      0.079933    0.000326    1.426284 ^ _589_/A (sg13g2_nor2_2)
     3    0.025946    0.087119    0.118069    1.544353 v _589_/Y (sg13g2_nor2_2)
                                                         _245_ (net)
                      0.087224    0.002397    1.546751 v _601_/A2 (sg13g2_a21o_1)
     1    0.004023    0.044386    0.198414    1.745165 v _601_/X (sg13g2_a21o_1)
                                                         sram_bm[24] (net)
                      0.044386    0.000073    1.745237 v hold366/A (sg13g2_dlygate4sd3_1)
     1    0.002890    0.058712    0.594352    2.339590 v hold366/X (sg13g2_dlygate4sd3_1)
                                                         net365 (net)
                      0.058712    0.000035    2.339625 v hold363/A (sg13g2_dlygate4sd3_1)
     1    0.002998    0.059218    0.602904    2.942528 v hold363/X (sg13g2_dlygate4sd3_1)
                                                         net362 (net)
                      0.059218    0.000038    2.942566 v hold367/A (sg13g2_dlygate4sd3_1)
     8    0.024701    0.163252    0.722111    3.664678 v hold367/X (sg13g2_dlygate4sd3_1)
                                                         net366 (net)
                      0.217669    0.000000    3.664678 v u_sram/A_BM[31] (RM_IHPSG13_1P_1024x32_c2_bm_bist)
                                              3.664678   data arrival time

                                  0.000000    0.000000   clock clk_i (rise edge)
                                  0.000000    0.000000   clock source latency
     2    0.071915    0.000000    0.000000    0.000000 ^ clk_i (in)
                                                         clk_i (net)
                      0.007642    0.003821    0.003821 ^ delaybuf_0_clk_i/A (sg13g2_buf_16)
     1    0.025595    0.030873    0.084150    0.087972 ^ delaybuf_0_clk_i/X (sg13g2_buf_16)
                                                         delaynet_0_clk_i (net)
                      0.030895    0.001594    0.089566 ^ delaybuf_1_clk_i/A (sg13g2_buf_16)
     1    0.023706    0.031007    0.096824    0.186389 ^ delaybuf_1_clk_i/X (sg13g2_buf_16)
                                                         delaynet_1_clk_i (net)
                      0.031018    0.001183    0.187572 ^ clkbuf_0_clk_i/A (sg13g2_buf_16)
     1    0.018301    0.029106    0.095384    0.282956 ^ clkbuf_0_clk_i/X (sg13g2_buf_16)
                                                         clknet_0_clk_i (net)
                      0.029106    0.000223    0.283179 ^ clkbuf_1_0__f_clk_i/A (sg13g2_buf_16)
     1    0.003790    0.023734    0.089874    0.373052 ^ clkbuf_1_0__f_clk_i/X (sg13g2_buf_16)
                                                         clknet_1_0__leaf_clk_i (net)
                      0.031646    0.000000    0.373052 ^ u_sram/A_CLK (RM_IHPSG13_1P_1024x32_c2_bm_bist)
                                  0.200000    0.573053   clock uncertainty
                                  0.000000    0.573053   clock reconvergence pessimism
                                  0.660355    1.233407   library hold time
                                              1.233407   data required time
---------------------------------------------------------------------------------------------
                                              1.233407   data required time
                                             -3.664678   data arrival time
---------------------------------------------------------------------------------------------
                                              2.431271   slack (MET)


Startpoint: s_axil_awaddr[16] (input port clocked by clk_i)
Endpoint: u_sram (rising edge-triggered flip-flop clocked by clk_i)
Path Group: clk_i
Path Type: min

Fanout         Cap        Slew       Delay        Time   Description
---------------------------------------------------------------------------------------------
                                  0.000000    0.000000   clock clk_i (rise edge)
                                  0.000000    0.000000   clock network delay (propagated)
                                  0.500000    0.500000 ^ input external delay
     1    0.003907    0.000000    0.000000    0.500000 ^ s_axil_awaddr[16] (in)
                                                         s_axil_awaddr[16] (net)
                      0.000080    0.000040    0.500040 ^ input85/A (sg13g2_buf_1)
     1    0.004824    0.044568    0.082139    0.582179 ^ input85/X (sg13g2_buf_1)
                                                         net85 (net)
                      0.044568    0.000040    0.582218 ^ _437_/D (sg13g2_nor4_2)
     2    0.012258    0.049648    0.065769    0.647987 v _437_/Y (sg13g2_nor4_2)
                                                         _130_ (net)
                      0.049653    0.000517    0.648505 v _531_/C (sg13g2_nand4_1)
     1    0.003056    0.051665    0.071905    0.720409 ^ _531_/Y (sg13g2_nand4_1)
                                                         _197_ (net)
                      0.051665    0.000041    0.720451 ^ hold376/A (sg13g2_dlygate4sd3_1)
     1    0.002849    0.056095    0.567942    1.288393 ^ hold376/X (sg13g2_dlygate4sd3_1)
                                                         net375 (net)
                      0.056095    0.000027    1.288420 ^ _532_/A (sg13g2_buf_1)
     2    0.010535    0.079933    0.137537    1.425958 ^ _532_/X (sg13g2_buf_1)
                                                         _198_ (net)
                      0.079933    0.000326    1.426284 ^ _589_/A (sg13g2_nor2_2)
     3    0.025946    0.087119    0.118069    1.544353 v _589_/Y (sg13g2_nor2_2)
                                                         _245_ (net)
                      0.087224    0.002397    1.546751 v _601_/A2 (sg13g2_a21o_1)
     1    0.004023    0.044386    0.198414    1.745165 v _601_/X (sg13g2_a21o_1)
                                                         sram_bm[24] (net)
                      0.044386    0.000073    1.745237 v hold366/A (sg13g2_dlygate4sd3_1)
     1    0.002890    0.058712    0.594352    2.339590 v hold366/X (sg13g2_dlygate4sd3_1)
                                                         net365 (net)
                      0.058712    0.000035    2.339625 v hold363/A (sg13g2_dlygate4sd3_1)
     1    0.002998    0.059218    0.602904    2.942528 v hold363/X (sg13g2_dlygate4sd3_1)
                                                         net362 (net)
                      0.059218    0.000038    2.942566 v hold367/A (sg13g2_dlygate4sd3_1)
     8    0.024701    0.163252    0.722111    3.664678 v hold367/X (sg13g2_dlygate4sd3_1)
                                                         net366 (net)
                      0.217669    0.000467    3.665145 v u_sram/A_BM[30] (RM_IHPSG13_1P_1024x32_c2_bm_bist)
                                              3.665145   data arrival time

                                  0.000000    0.000000   clock clk_i (rise edge)
                                  0.000000    0.000000   clock source latency
     2    0.071915    0.000000    0.000000    0.000000 ^ clk_i (in)
                                                         clk_i (net)
                      0.007642    0.003821    0.003821 ^ delaybuf_0_clk_i/A (sg13g2_buf_16)
     1    0.025595    0.030873    0.084150    0.087972 ^ delaybuf_0_clk_i/X (sg13g2_buf_16)
                                                         delaynet_0_clk_i (net)
                      0.030895    0.001594    0.089566 ^ delaybuf_1_clk_i/A (sg13g2_buf_16)
     1    0.023706    0.031007    0.096824    0.186389 ^ delaybuf_1_clk_i/X (sg13g2_buf_16)
                                                         delaynet_1_clk_i (net)
                      0.031018    0.001183    0.187572 ^ clkbuf_0_clk_i/A (sg13g2_buf_16)
     1    0.018301    0.029106    0.095384    0.282956 ^ clkbuf_0_clk_i/X (sg13g2_buf_16)
                                                         clknet_0_clk_i (net)
                      0.029106    0.000223    0.283179 ^ clkbuf_1_0__f_clk_i/A (sg13g2_buf_16)
     1    0.003790    0.023734    0.089874    0.373052 ^ clkbuf_1_0__f_clk_i/X (sg13g2_buf_16)
                                                         clknet_1_0__leaf_clk_i (net)
                      0.031646    0.000000    0.373052 ^ u_sram/A_CLK (RM_IHPSG13_1P_1024x32_c2_bm_bist)
                                  0.200000    0.573053   clock uncertainty
                                  0.000000    0.573053   clock reconvergence pessimism
                                  0.660355    1.233407   library hold time
                                              1.233407   data required time
---------------------------------------------------------------------------------------------
                                              1.233407   data required time
                                             -3.665145   data arrival time
---------------------------------------------------------------------------------------------
                                              2.431738   slack (MET)


Startpoint: s_axil_awaddr[16] (input port clocked by clk_i)
Endpoint: u_sram (rising edge-triggered flip-flop clocked by clk_i)
Path Group: clk_i
Path Type: min

Fanout         Cap        Slew       Delay        Time   Description
---------------------------------------------------------------------------------------------
                                  0.000000    0.000000   clock clk_i (rise edge)
                                  0.000000    0.000000   clock network delay (propagated)
                                  0.500000    0.500000 ^ input external delay
     1    0.003907    0.000000    0.000000    0.500000 ^ s_axil_awaddr[16] (in)
                                                         s_axil_awaddr[16] (net)
                      0.000080    0.000040    0.500040 ^ input85/A (sg13g2_buf_1)
     1    0.004824    0.044568    0.082139    0.582179 ^ input85/X (sg13g2_buf_1)
                                                         net85 (net)
                      0.044568    0.000040    0.582218 ^ _437_/D (sg13g2_nor4_2)
     2    0.012258    0.049648    0.065769    0.647987 v _437_/Y (sg13g2_nor4_2)
                                                         _130_ (net)
                      0.049653    0.000517    0.648505 v _531_/C (sg13g2_nand4_1)
     1    0.003056    0.051665    0.071905    0.720409 ^ _531_/Y (sg13g2_nand4_1)
                                                         _197_ (net)
                      0.051665    0.000041    0.720451 ^ hold376/A (sg13g2_dlygate4sd3_1)
     1    0.002849    0.056095    0.567942    1.288393 ^ hold376/X (sg13g2_dlygate4sd3_1)
                                                         net375 (net)
                      0.056095    0.000027    1.288420 ^ _532_/A (sg13g2_buf_1)
     2    0.010535    0.079933    0.137537    1.425958 ^ _532_/X (sg13g2_buf_1)
                                                         _198_ (net)
                      0.079933    0.000326    1.426284 ^ _589_/A (sg13g2_nor2_2)
     3    0.025946    0.087119    0.118069    1.544353 v _589_/Y (sg13g2_nor2_2)
                                                         _245_ (net)
                      0.087224    0.002397    1.546751 v _601_/A2 (sg13g2_a21o_1)
     1    0.004023    0.044386    0.198414    1.745165 v _601_/X (sg13g2_a21o_1)
                                                         sram_bm[24] (net)
                      0.044386    0.000073    1.745237 v hold366/A (sg13g2_dlygate4sd3_1)
     1    0.002890    0.058712    0.594352    2.339590 v hold366/X (sg13g2_dlygate4sd3_1)
                                                         net365 (net)
                      0.058712    0.000035    2.339625 v hold363/A (sg13g2_dlygate4sd3_1)
     1    0.002998    0.059218    0.602904    2.942528 v hold363/X (sg13g2_dlygate4sd3_1)
                                                         net362 (net)
                      0.059218    0.000038    2.942566 v hold367/A (sg13g2_dlygate4sd3_1)
     8    0.024701    0.163252    0.722111    3.664678 v hold367/X (sg13g2_dlygate4sd3_1)
                                                         net366 (net)
                      0.217669    0.000579    3.665257 v u_sram/A_BM[29] (RM_IHPSG13_1P_1024x32_c2_bm_bist)
                                              3.665257   data arrival time

                                  0.000000    0.000000   clock clk_i (rise edge)
                                  0.000000    0.000000   clock source latency
     2    0.071915    0.000000    0.000000    0.000000 ^ clk_i (in)
                                                         clk_i (net)
                      0.007642    0.003821    0.003821 ^ delaybuf_0_clk_i/A (sg13g2_buf_16)
     1    0.025595    0.030873    0.084150    0.087972 ^ delaybuf_0_clk_i/X (sg13g2_buf_16)
                                                         delaynet_0_clk_i (net)
                      0.030895    0.001594    0.089566 ^ delaybuf_1_clk_i/A (sg13g2_buf_16)
     1    0.023706    0.031007    0.096824    0.186389 ^ delaybuf_1_clk_i/X (sg13g2_buf_16)
                                                         delaynet_1_clk_i (net)
                      0.031018    0.001183    0.187572 ^ clkbuf_0_clk_i/A (sg13g2_buf_16)
     1    0.018301    0.029106    0.095384    0.282956 ^ clkbuf_0_clk_i/X (sg13g2_buf_16)
                                                         clknet_0_clk_i (net)
                      0.029106    0.000223    0.283179 ^ clkbuf_1_0__f_clk_i/A (sg13g2_buf_16)
     1    0.003790    0.023734    0.089874    0.373052 ^ clkbuf_1_0__f_clk_i/X (sg13g2_buf_16)
                                                         clknet_1_0__leaf_clk_i (net)
                      0.031646    0.000000    0.373052 ^ u_sram/A_CLK (RM_IHPSG13_1P_1024x32_c2_bm_bist)
                                  0.200000    0.573053   clock uncertainty
                                  0.000000    0.573053   clock reconvergence pessimism
                                  0.660355    1.233407   library hold time
                                              1.233407   data required time
---------------------------------------------------------------------------------------------
                                              1.233407   data required time
                                             -3.665257   data arrival time
---------------------------------------------------------------------------------------------
                                              2.431850   slack (MET)


Startpoint: s_axil_awaddr[16] (input port clocked by clk_i)
Endpoint: u_sram (rising edge-triggered flip-flop clocked by clk_i)
Path Group: clk_i
Path Type: min

Fanout         Cap        Slew       Delay        Time   Description
---------------------------------------------------------------------------------------------
                                  0.000000    0.000000   clock clk_i (rise edge)
                                  0.000000    0.000000   clock network delay (propagated)
                                  0.500000    0.500000 ^ input external delay
     1    0.003907    0.000000    0.000000    0.500000 ^ s_axil_awaddr[16] (in)
                                                         s_axil_awaddr[16] (net)
                      0.000080    0.000040    0.500040 ^ input85/A (sg13g2_buf_1)
     1    0.004824    0.044568    0.082139    0.582179 ^ input85/X (sg13g2_buf_1)
                                                         net85 (net)
                      0.044568    0.000040    0.582218 ^ _437_/D (sg13g2_nor4_2)
     2    0.012258    0.049648    0.065769    0.647987 v _437_/Y (sg13g2_nor4_2)
                                                         _130_ (net)
                      0.049653    0.000517    0.648505 v _531_/C (sg13g2_nand4_1)
     1    0.003056    0.051665    0.071905    0.720409 ^ _531_/Y (sg13g2_nand4_1)
                                                         _197_ (net)
                      0.051665    0.000041    0.720451 ^ hold376/A (sg13g2_dlygate4sd3_1)
     1    0.002849    0.056095    0.567942    1.288393 ^ hold376/X (sg13g2_dlygate4sd3_1)
                                                         net375 (net)
                      0.056095    0.000027    1.288420 ^ _532_/A (sg13g2_buf_1)
     2    0.010535    0.079933    0.137537    1.425958 ^ _532_/X (sg13g2_buf_1)
                                                         _198_ (net)
                      0.079933    0.000326    1.426284 ^ _589_/A (sg13g2_nor2_2)
     3    0.025946    0.087119    0.118069    1.544353 v _589_/Y (sg13g2_nor2_2)
                                                         _245_ (net)
                      0.087224    0.002397    1.546751 v _601_/A2 (sg13g2_a21o_1)
     1    0.004023    0.044386    0.198414    1.745165 v _601_/X (sg13g2_a21o_1)
                                                         sram_bm[24] (net)
                      0.044386    0.000073    1.745237 v hold366/A (sg13g2_dlygate4sd3_1)
     1    0.002890    0.058712    0.594352    2.339590 v hold366/X (sg13g2_dlygate4sd3_1)
                                                         net365 (net)
                      0.058712    0.000035    2.339625 v hold363/A (sg13g2_dlygate4sd3_1)
     1    0.002998    0.059218    0.602904    2.942528 v hold363/X (sg13g2_dlygate4sd3_1)
                                                         net362 (net)
                      0.059218    0.000038    2.942566 v hold367/A (sg13g2_dlygate4sd3_1)
     8    0.024701    0.163252    0.722111    3.664678 v hold367/X (sg13g2_dlygate4sd3_1)
                                                         net366 (net)
                      0.217669    0.000705    3.665383 v u_sram/A_BM[28] (RM_IHPSG13_1P_1024x32_c2_bm_bist)
                                              3.665383   data arrival time

                                  0.000000    0.000000   clock clk_i (rise edge)
                                  0.000000    0.000000   clock source latency
     2    0.071915    0.000000    0.000000    0.000000 ^ clk_i (in)
                                                         clk_i (net)
                      0.007642    0.003821    0.003821 ^ delaybuf_0_clk_i/A (sg13g2_buf_16)
     1    0.025595    0.030873    0.084150    0.087972 ^ delaybuf_0_clk_i/X (sg13g2_buf_16)
                                                         delaynet_0_clk_i (net)
                      0.030895    0.001594    0.089566 ^ delaybuf_1_clk_i/A (sg13g2_buf_16)
     1    0.023706    0.031007    0.096824    0.186389 ^ delaybuf_1_clk_i/X (sg13g2_buf_16)
                                                         delaynet_1_clk_i (net)
                      0.031018    0.001183    0.187572 ^ clkbuf_0_clk_i/A (sg13g2_buf_16)
     1    0.018301    0.029106    0.095384    0.282956 ^ clkbuf_0_clk_i/X (sg13g2_buf_16)
                                                         clknet_0_clk_i (net)
                      0.029106    0.000223    0.283179 ^ clkbuf_1_0__f_clk_i/A (sg13g2_buf_16)
     1    0.003790    0.023734    0.089874    0.373052 ^ clkbuf_1_0__f_clk_i/X (sg13g2_buf_16)
                                                         clknet_1_0__leaf_clk_i (net)
                      0.031646    0.000000    0.373052 ^ u_sram/A_CLK (RM_IHPSG13_1P_1024x32_c2_bm_bist)
                                  0.200000    0.573053   clock uncertainty
                                  0.000000    0.573053   clock reconvergence pessimism
                                  0.660354    1.233407   library hold time
                                              1.233407   data required time
---------------------------------------------------------------------------------------------
                                              1.233407   data required time
                                             -3.665383   data arrival time
---------------------------------------------------------------------------------------------
                                              2.431976   slack (MET)


Startpoint: s_axil_awaddr[16] (input port clocked by clk_i)
Endpoint: u_sram (rising edge-triggered flip-flop clocked by clk_i)
Path Group: clk_i
Path Type: min

Fanout         Cap        Slew       Delay        Time   Description
---------------------------------------------------------------------------------------------
                                  0.000000    0.000000   clock clk_i (rise edge)
                                  0.000000    0.000000   clock network delay (propagated)
                                  0.500000    0.500000 ^ input external delay
     1    0.003907    0.000000    0.000000    0.500000 ^ s_axil_awaddr[16] (in)
                                                         s_axil_awaddr[16] (net)
                      0.000080    0.000040    0.500040 ^ input85/A (sg13g2_buf_1)
     1    0.004824    0.044568    0.082139    0.582179 ^ input85/X (sg13g2_buf_1)
                                                         net85 (net)
                      0.044568    0.000040    0.582218 ^ _437_/D (sg13g2_nor4_2)
     2    0.012258    0.049648    0.065769    0.647987 v _437_/Y (sg13g2_nor4_2)
                                                         _130_ (net)
                      0.049653    0.000517    0.648505 v _531_/C (sg13g2_nand4_1)
     1    0.003056    0.051665    0.071905    0.720409 ^ _531_/Y (sg13g2_nand4_1)
                                                         _197_ (net)
                      0.051665    0.000041    0.720451 ^ hold376/A (sg13g2_dlygate4sd3_1)
     1    0.002849    0.056095    0.567942    1.288393 ^ hold376/X (sg13g2_dlygate4sd3_1)
                                                         net375 (net)
                      0.056095    0.000027    1.288420 ^ _532_/A (sg13g2_buf_1)
     2    0.010535    0.079933    0.137537    1.425958 ^ _532_/X (sg13g2_buf_1)
                                                         _198_ (net)
                      0.079933    0.000326    1.426284 ^ _589_/A (sg13g2_nor2_2)
     3    0.025946    0.087119    0.118069    1.544353 v _589_/Y (sg13g2_nor2_2)
                                                         _245_ (net)
                      0.087224    0.002397    1.546751 v _601_/A2 (sg13g2_a21o_1)
     1    0.004023    0.044386    0.198414    1.745165 v _601_/X (sg13g2_a21o_1)
                                                         sram_bm[24] (net)
                      0.044386    0.000073    1.745237 v hold366/A (sg13g2_dlygate4sd3_1)
     1    0.002890    0.058712    0.594352    2.339590 v hold366/X (sg13g2_dlygate4sd3_1)
                                                         net365 (net)
                      0.058712    0.000035    2.339625 v hold363/A (sg13g2_dlygate4sd3_1)
     1    0.002998    0.059218    0.602904    2.942528 v hold363/X (sg13g2_dlygate4sd3_1)
                                                         net362 (net)
                      0.059218    0.000038    2.942566 v hold367/A (sg13g2_dlygate4sd3_1)
     8    0.024701    0.163252    0.722111    3.664678 v hold367/X (sg13g2_dlygate4sd3_1)
                                                         net366 (net)
                      0.217670    0.000800    3.665478 v u_sram/A_BM[27] (RM_IHPSG13_1P_1024x32_c2_bm_bist)
                                              3.665478   data arrival time

                                  0.000000    0.000000   clock clk_i (rise edge)
                                  0.000000    0.000000   clock source latency
     2    0.071915    0.000000    0.000000    0.000000 ^ clk_i (in)
                                                         clk_i (net)
                      0.007642    0.003821    0.003821 ^ delaybuf_0_clk_i/A (sg13g2_buf_16)
     1    0.025595    0.030873    0.084150    0.087972 ^ delaybuf_0_clk_i/X (sg13g2_buf_16)
                                                         delaynet_0_clk_i (net)
                      0.030895    0.001594    0.089566 ^ delaybuf_1_clk_i/A (sg13g2_buf_16)
     1    0.023706    0.031007    0.096824    0.186389 ^ delaybuf_1_clk_i/X (sg13g2_buf_16)
                                                         delaynet_1_clk_i (net)
                      0.031018    0.001183    0.187572 ^ clkbuf_0_clk_i/A (sg13g2_buf_16)
     1    0.018301    0.029106    0.095384    0.282956 ^ clkbuf_0_clk_i/X (sg13g2_buf_16)
                                                         clknet_0_clk_i (net)
                      0.029106    0.000223    0.283179 ^ clkbuf_1_0__f_clk_i/A (sg13g2_buf_16)
     1    0.003790    0.023734    0.089874    0.373052 ^ clkbuf_1_0__f_clk_i/X (sg13g2_buf_16)
                                                         clknet_1_0__leaf_clk_i (net)
                      0.031646    0.000000    0.373052 ^ u_sram/A_CLK (RM_IHPSG13_1P_1024x32_c2_bm_bist)
                                  0.200000    0.573053   clock uncertainty
                                  0.000000    0.573053   clock reconvergence pessimism
                                  0.660354    1.233406   library hold time
                                              1.233406   data required time
---------------------------------------------------------------------------------------------
                                              1.233406   data required time
                                             -3.665478   data arrival time
---------------------------------------------------------------------------------------------
                                              2.432072   slack (MET)


Startpoint: s_axil_awaddr[16] (input port clocked by clk_i)
Endpoint: u_sram (rising edge-triggered flip-flop clocked by clk_i)
Path Group: clk_i
Path Type: min

Fanout         Cap        Slew       Delay        Time   Description
---------------------------------------------------------------------------------------------
                                  0.000000    0.000000   clock clk_i (rise edge)
                                  0.000000    0.000000   clock network delay (propagated)
                                  0.500000    0.500000 ^ input external delay
     1    0.003907    0.000000    0.000000    0.500000 ^ s_axil_awaddr[16] (in)
                                                         s_axil_awaddr[16] (net)
                      0.000080    0.000040    0.500040 ^ input85/A (sg13g2_buf_1)
     1    0.004824    0.044568    0.082139    0.582179 ^ input85/X (sg13g2_buf_1)
                                                         net85 (net)
                      0.044568    0.000040    0.582218 ^ _437_/D (sg13g2_nor4_2)
     2    0.012258    0.049648    0.065769    0.647987 v _437_/Y (sg13g2_nor4_2)
                                                         _130_ (net)
                      0.049653    0.000517    0.648505 v _531_/C (sg13g2_nand4_1)
     1    0.003056    0.051665    0.071905    0.720409 ^ _531_/Y (sg13g2_nand4_1)
                                                         _197_ (net)
                      0.051665    0.000041    0.720451 ^ hold376/A (sg13g2_dlygate4sd3_1)
     1    0.002849    0.056095    0.567942    1.288393 ^ hold376/X (sg13g2_dlygate4sd3_1)
                                                         net375 (net)
                      0.056095    0.000027    1.288420 ^ _532_/A (sg13g2_buf_1)
     2    0.010535    0.079933    0.137537    1.425958 ^ _532_/X (sg13g2_buf_1)
                                                         _198_ (net)
                      0.079933    0.000326    1.426284 ^ _589_/A (sg13g2_nor2_2)
     3    0.025946    0.087119    0.118069    1.544353 v _589_/Y (sg13g2_nor2_2)
                                                         _245_ (net)
                      0.087224    0.002397    1.546751 v _601_/A2 (sg13g2_a21o_1)
     1    0.004023    0.044386    0.198414    1.745165 v _601_/X (sg13g2_a21o_1)
                                                         sram_bm[24] (net)
                      0.044386    0.000073    1.745237 v hold366/A (sg13g2_dlygate4sd3_1)
     1    0.002890    0.058712    0.594352    2.339590 v hold366/X (sg13g2_dlygate4sd3_1)
                                                         net365 (net)
                      0.058712    0.000035    2.339625 v hold363/A (sg13g2_dlygate4sd3_1)
     1    0.002998    0.059218    0.602904    2.942528 v hold363/X (sg13g2_dlygate4sd3_1)
                                                         net362 (net)
                      0.059218    0.000038    2.942566 v hold367/A (sg13g2_dlygate4sd3_1)
     8    0.024701    0.163252    0.722111    3.664678 v hold367/X (sg13g2_dlygate4sd3_1)
                                                         net366 (net)
                      0.217671    0.000865    3.665543 v u_sram/A_BM[26] (RM_IHPSG13_1P_1024x32_c2_bm_bist)
                                              3.665543   data arrival time

                                  0.000000    0.000000   clock clk_i (rise edge)
                                  0.000000    0.000000   clock source latency
     2    0.071915    0.000000    0.000000    0.000000 ^ clk_i (in)
                                                         clk_i (net)
                      0.007642    0.003821    0.003821 ^ delaybuf_0_clk_i/A (sg13g2_buf_16)
     1    0.025595    0.030873    0.084150    0.087972 ^ delaybuf_0_clk_i/X (sg13g2_buf_16)
                                                         delaynet_0_clk_i (net)
                      0.030895    0.001594    0.089566 ^ delaybuf_1_clk_i/A (sg13g2_buf_16)
     1    0.023706    0.031007    0.096824    0.186389 ^ delaybuf_1_clk_i/X (sg13g2_buf_16)
                                                         delaynet_1_clk_i (net)
                      0.031018    0.001183    0.187572 ^ clkbuf_0_clk_i/A (sg13g2_buf_16)
     1    0.018301    0.029106    0.095384    0.282956 ^ clkbuf_0_clk_i/X (sg13g2_buf_16)
                                                         clknet_0_clk_i (net)
                      0.029106    0.000223    0.283179 ^ clkbuf_1_0__f_clk_i/A (sg13g2_buf_16)
     1    0.003790    0.023734    0.089874    0.373052 ^ clkbuf_1_0__f_clk_i/X (sg13g2_buf_16)
                                                         clknet_1_0__leaf_clk_i (net)
                      0.031646    0.000000    0.373052 ^ u_sram/A_CLK (RM_IHPSG13_1P_1024x32_c2_bm_bist)
                                  0.200000    0.573053   clock uncertainty
                                  0.000000    0.573053   clock reconvergence pessimism
                                  0.660353    1.233405   library hold time
                                              1.233405   data required time
---------------------------------------------------------------------------------------------
                                              1.233405   data required time
                                             -3.665543   data arrival time
---------------------------------------------------------------------------------------------
                                              2.432138   slack (MET)


Startpoint: s_axil_awaddr[16] (input port clocked by clk_i)
Endpoint: u_sram (rising edge-triggered flip-flop clocked by clk_i)
Path Group: clk_i
Path Type: min

Fanout         Cap        Slew       Delay        Time   Description
---------------------------------------------------------------------------------------------
                                  0.000000    0.000000   clock clk_i (rise edge)
                                  0.000000    0.000000   clock network delay (propagated)
                                  0.500000    0.500000 ^ input external delay
     1    0.003907    0.000000    0.000000    0.500000 ^ s_axil_awaddr[16] (in)
                                                         s_axil_awaddr[16] (net)
                      0.000080    0.000040    0.500040 ^ input85/A (sg13g2_buf_1)
     1    0.004824    0.044568    0.082139    0.582179 ^ input85/X (sg13g2_buf_1)
                                                         net85 (net)
                      0.044568    0.000040    0.582218 ^ _437_/D (sg13g2_nor4_2)
     2    0.012258    0.049648    0.065769    0.647987 v _437_/Y (sg13g2_nor4_2)
                                                         _130_ (net)
                      0.049653    0.000517    0.648505 v _531_/C (sg13g2_nand4_1)
     1    0.003056    0.051665    0.071905    0.720409 ^ _531_/Y (sg13g2_nand4_1)
                                                         _197_ (net)
                      0.051665    0.000041    0.720451 ^ hold376/A (sg13g2_dlygate4sd3_1)
     1    0.002849    0.056095    0.567942    1.288393 ^ hold376/X (sg13g2_dlygate4sd3_1)
                                                         net375 (net)
                      0.056095    0.000027    1.288420 ^ _532_/A (sg13g2_buf_1)
     2    0.010535    0.079933    0.137537    1.425958 ^ _532_/X (sg13g2_buf_1)
                                                         _198_ (net)
                      0.079933    0.000326    1.426284 ^ _589_/A (sg13g2_nor2_2)
     3    0.025946    0.087119    0.118069    1.544353 v _589_/Y (sg13g2_nor2_2)
                                                         _245_ (net)
                      0.087224    0.002397    1.546751 v _601_/A2 (sg13g2_a21o_1)
     1    0.004023    0.044386    0.198414    1.745165 v _601_/X (sg13g2_a21o_1)
                                                         sram_bm[24] (net)
                      0.044386    0.000073    1.745237 v hold366/A (sg13g2_dlygate4sd3_1)
     1    0.002890    0.058712    0.594352    2.339590 v hold366/X (sg13g2_dlygate4sd3_1)
                                                         net365 (net)
                      0.058712    0.000035    2.339625 v hold363/A (sg13g2_dlygate4sd3_1)
     1    0.002998    0.059218    0.602904    2.942528 v hold363/X (sg13g2_dlygate4sd3_1)
                                                         net362 (net)
                      0.059218    0.000038    2.942566 v hold367/A (sg13g2_dlygate4sd3_1)
     8    0.024701    0.163252    0.722111    3.664678 v hold367/X (sg13g2_dlygate4sd3_1)
                                                         net366 (net)
                      0.217671    0.000900    3.665578 v u_sram/A_BM[25] (RM_IHPSG13_1P_1024x32_c2_bm_bist)
                                              3.665578   data arrival time

                                  0.000000    0.000000   clock clk_i (rise edge)
                                  0.000000    0.000000   clock source latency
     2    0.071915    0.000000    0.000000    0.000000 ^ clk_i (in)
                                                         clk_i (net)
                      0.007642    0.003821    0.003821 ^ delaybuf_0_clk_i/A (sg13g2_buf_16)
     1    0.025595    0.030873    0.084150    0.087972 ^ delaybuf_0_clk_i/X (sg13g2_buf_16)
                                                         delaynet_0_clk_i (net)
                      0.030895    0.001594    0.089566 ^ delaybuf_1_clk_i/A (sg13g2_buf_16)
     1    0.023706    0.031007    0.096824    0.186389 ^ delaybuf_1_clk_i/X (sg13g2_buf_16)
                                                         delaynet_1_clk_i (net)
                      0.031018    0.001183    0.187572 ^ clkbuf_0_clk_i/A (sg13g2_buf_16)
     1    0.018301    0.029106    0.095384    0.282956 ^ clkbuf_0_clk_i/X (sg13g2_buf_16)
                                                         clknet_0_clk_i (net)
                      0.029106    0.000223    0.283179 ^ clkbuf_1_0__f_clk_i/A (sg13g2_buf_16)
     1    0.003790    0.023734    0.089874    0.373052 ^ clkbuf_1_0__f_clk_i/X (sg13g2_buf_16)
                                                         clknet_1_0__leaf_clk_i (net)
                      0.031646    0.000000    0.373052 ^ u_sram/A_CLK (RM_IHPSG13_1P_1024x32_c2_bm_bist)
                                  0.200000    0.573053   clock uncertainty
                                  0.000000    0.573053   clock reconvergence pessimism
                                  0.660353    1.233405   library hold time
                                              1.233405   data required time
---------------------------------------------------------------------------------------------
                                              1.233405   data required time
                                             -3.665578   data arrival time
---------------------------------------------------------------------------------------------
                                              2.432173   slack (MET)



