net,length_um
clknet_0_clk_i,1.623135mm
net63,1.266885mm
net64,1.24858mm
net65,1.22738mm
net66,1.22346mm
net67,1.20209mm
net68,1.174495mm
net39,1.16095mm
net40,1.13917mm
net41,1.11289mm
net42,1.098665mm
net43,1.087mm
net45,1.05989mm
net44,1.05734mm
net1377,1.04294mm
net46,1.026765mm
net47,1.00516mm
net48,991.52µm
net141,988.52µm
net49,977.455µm
net50,964.675µm
net520,939.07µm
net51,929.81µm
net52,928.65µm
net351,888.785µm
net53,885.82µm
net685,875.005µm
net328,866.02µm
net54,865.215µm
net55,854.545µm
net56,840.3µm
net325,834.655µm
net57,825.93µm
net58,812.59µm
net455,809.03µm
net315,797.305µm
net60,784.375µm
_03852_,781.445µm
net62,780.245µm
net457,775.79µm
net273,773.685µm
net318,762.465µm
net61,761.55µm
net354,747.925µm
net779,743.355µm
net456,728.895µm
net350,727.09µm
net314,719.29µm
net461,717.565µm
net277,715.1µm
net278,713.07µm
net448,710.675µm
net790,707.46µm
net467,706.475µm
net343,704.925µm
net460,703.255µm
net990,701.99µm
net1224,699.5µm
net419,695.205µm
_00004_,695.05µm
net324,691.28µm
net264,688.18µm
net309,685.18µm
net59,683.665µm
net262,683.135µm
net683,680.695µm
net422,678.705µm
net425,677.995µm
net344,676.155µm
net466,674.945µm
net348,674.27µm
net1402,670.34µm
net271,670.18µm
net424,670.065µm
net420,668.495µm
net1,667.98µm
net70,666.8µm
net449,658.105µm
net323,658.015µm
net437,657.045µm
net304,652.58µm
net312,652.52µm
net91,649.39µm
net261,648.96µm
net453,648.375µm
net764,646.435µm
net451,646.21µm
net427,643.175µm
net338,642.6µm
net413,642.36µm
net1378,641.255µm
net428,638.9µm
net443,638.745µm
net310,638.715µm
net767,635.245µm
net371,634.465µm
net265,633.62µm
net423,632.905µm
net396,632.685µm
net274,630.7µm
net308,629.87µm
net417,629.84µm
net345,624.665µm
net452,614.665µm
net538,614.485µm
net366,614.04µm
net432,612.51µm
net446,612.505µm
net707,611.435µm
net471,609.21µm
net370,608.185µm
net447,607.6µm
net333,605.84µm
net365,604.265µm
net276,603.785µm
net436,603.695µm
net347,603.665µm
net517,603.18µm
net270,601.55µm
net319,601.19µm
net465,600.17µm
net360,600.135µm
net766,598.8µm
net401,596.89µm
net434,595.705µm
net445,594.03µm
net359,592.915µm
clk_i,591.61µm
net454,590.445µm
net475,588.925µm
net778,588.035µm
net375,587.85µm
_02812_,586.91µm
net355,586.12µm
net327,580.18µm
net313,579.765µm
net341,579.705µm
net670,579.34µm
net353,577.015µm
net908,575.31µm
net444,574.725µm
net680,573.405µm
net372,572.055µm
net418,571.355µm
_02842_,569.45µm
net612,568.95µm
net459,568.905µm
net349,567.085µm
net317,564.36µm
net305,561.565µm
net266,560.935µm
net342,559.53µm
_02965_,556.35µm
_04039_,555.9µm
net450,555.645µm
net902,555.535µm
net702,555.045µm
net400,554.185µm
net1336,552.26µm
net433,550.92µm
net334,550.165µm
net429,548.58µm
_03004_,548.485µm
net272,543.99µm
net1228,542.68µm
net397,539.415µm
net774,538.15µm
net776,536.85µm
net474,534.7µm
_02874_,534.025µm
net1209,532.23µm
net358,532.065µm
net439,530.025µm
_00001_,529.635µm
net684,528.98µm
_00007_,528.145µm
net438,524.805µm
net431,523.765µm
net329,522.15µm
net1225,522.065µm
net369,520.915µm
net94,519.79µm
net440,518.53µm
net339,518.365µm
net635,515.43µm
net1001,512.905µm
net421,507.495µm
net713,501.525µm
net330,500.74µm
net1222,495.945µm
net340,495.85µm
net430,495.02µm
net426,491.735µm
net335,491.72µm
net1227,490.955µm
_02991_,490.475µm
net311,489.445µm
net1216,483.165µm
net768,482.68µm
net242,480.255µm
net263,479.345µm
net564,478.7µm
net785,477.365µm
net316,475.94µm
net469,471.51µm
net783,470.525µm
net332,469.83µm
_03995_,467.31µm
net1000,466.28µm
net463,464.76µm
net752,463.67µm
net281,461.815µm
net275,461.25µm
net588,459.555µm
net777,456.505µm
_02988_,454.465µm
net1207,451.9µm
net337,450.55µm
_05151_,448.74µm
_00000_,448.47µm
_02807_,445.72µm
net414,445.015µm
net1096,444.06µm
net1229,443.815µm
_00006_,442.085µm
_05073_,441.06µm
_04193_,440.195µm
net886,439.91µm
_02848_,438.85µm
net769,437.86µm
_02984_,437.3µm
net609,437.27µm
net27,437.13µm
net1210,436.355µm
net673,436.05µm
u_picorv32.picorv32_core.decoded_imm\[14\],435.28µm
u_picorv32.picorv32_core.cpu_state\[3\],434.575µm
net854,432.725µm
net770,432.04µm
net782,431.52µm
net805,430.66µm
_02864_,430.38µm
net1129,430.27µm
net1114,430.14µm
net442,428.715µm
net1221,428.66µm
net326,428.11µm
_03351_,427.215µm
_03948_,426.87µm
net435,426.735µm
_02832_,426.13µm
u_picorv32.picorv32_core.decoded_imm\[30\],424.77µm
net712,423.68µm
net19,423.235µm
net1360,422.595µm
net894,422.03µm
net1246,421.655µm
net638,421.515µm
net763,420.21µm
_02982_,417.715µm
net896,417.41µm
_02995_,416.465µm
_02996_,415.28µm
net346,413.995µm
net721,413.325µm
_02691_,413.23µm
net706,413.185µm
net661,410.995µm
_04393_,407.23µm
net1126,406.795µm
net1093,406.22µm
_01588_,405.665µm
net773,405.58µm
net1213,405.095µm
net364,404.135µm
net1072,403.685µm
net416,402.68µm
net787,402.625µm
_00009_,402.01µm
u_picorv32.picorv32_core.reg_pc\[11\],401.505µm
net780,401.445µm
net490,401.225µm
net1401,399.825µm
net929,399.785µm
net1205,398.785µm
net519,398.45µm
net1002,398.44µm
u_picorv32.pcpi_rs2\[23\],397.71µm
net1219,397.465µm
net24,396.725µm
_04969_,396.51µm
u_picorv32.picorv32_core.decoded_imm\[22\],396.155µm
net1277,395.925µm
net18,395.39µm
net1078,394.2µm
net1111,392.68µm
net781,392.675µm
net269,392.32µm
net515,391.445µm
_05228_,391.34µm
net462,390.86µm
_05557_,390.68µm
net356,389.875µm
_03020_,389.72µm
net472,388.865µm
_00003_,388.575µm
net320,388.56µm
_05138_,388.46µm
_05086_,387.56µm
net775,387.56µm
_02910_,387.43µm
net760,387.125µm
_02983_,386.885µm
_04369_,386.72µm
net926,386.08µm
_05871_,383.84µm
_04996_,383.39µm
net352,382.28µm
net786,382.165µm
net1212,381.64µm
net1108,380.885µm
_02932_,380.01µm
net689,379.96µm
u_picorv32.picorv32_core.decoded_imm\[7\],379.715µm
net1138,379.705µm
net518,379.155µm
_01657_,379.105µm
u_picorv32.picorv32_core.decoded_imm\[28\],378.88µm
_03864_,378.72µm
net362,377.94µm
net470,377.795µm
net569,376.91µm
_05177_,375.97µm
net1204,375.94µm
net22,375.52µm
net1201,373.895µm
net367,373.815µm
net468,373.42µm
_04982_,372.36µm
net17,371.05µm
_00005_,370.895µm
_02981_,369.32µm
net1084,368.11µm
net729,367.935µm
net321,367.58µm
net671,367.44µm
net13,367.16µm
u_picorv32.picorv32_core.mem_rdata_q\[14\],366.86µm
net237,366.85µm
_02803_,366.68µm
u_picorv32.picorv32_core.decoded_imm\[20\],365.535µm
_02852_,364.39µm
u_picorv32.pcpi_rs2\[22\],364.245µm
net705,362.94µm
u_picorv32.picorv32_core.decoded_imm\[11\],362.8µm
net716,362.025µm
_01618_,361.69µm
net409,361.475µm
net1372,360.87µm
u_picorv32.picorv32_core.decoded_imm_j\[11\],360.61µm
net819,360.515µm
net102,359.95µm
u_picorv32.picorv32_core.decoded_imm\[23\],359.82µm
net267,359.45µm
net16,359.11µm
net1220,358.72µm
_02885_,357.66µm
net868,357.48µm
net681,356.935µm
net1087,356.405µm
_02994_,355.46µm
net14,354.825µm
net1135,354.475µm
_02870_,354.44µm
net1394,354.435µm
net481,352.53µm
u_picorv32.pcpi_rs2\[20\],352.41µm
net23,351.52µm
net21,350.345µm
u_picorv32.pcpi_rs2\[26\],350.33µm
_05482_,349.82µm
net701,349.79µm
u_picorv32.picorv32_core.decoded_imm\[26\],349.715µm
net279,349.61µm
net1335,348.47µm
net1306,348.19µm
u_picorv32.pcpi_rs2\[19\],347.76µm
u_picorv32.picorv32_core.latched_branch,347.72µm
net458,347.65µm
_01615_,347.305µm
net516,347.145µm
net837,346.395µm
net1081,346.115µm
_02997_,345.98µm
net336,345.945µm
net1260,345.09µm
u_picorv32.picorv32_core.decoder_trigger,344.99µm
net28,344.5µm
net464,344.375µm
_05021_,344.15µm
net1104,344.055µm
net280,343.925µm
net25,342.62µm
_02956_,340.785µm
_02859_,340.74µm
net38,340.74µm
_04459_,340.31µm
net636,340.005µm
net711,339.77µm
net717,339.27µm
net561,339.02µm
_02798_,338.82µm
u_picorv32.pcpi_rs2\[27\],338.26µm
net307,338.215µm
u_picorv32.pcpi_rs2\[29\],337.99µm
clknet_5_26__leaf_clk_i,337.555µm
net1231,337.36µm
_04324_,336.7µm
net374,335.495µm
_04235_,334.66µm
u_picorv32.picorv32_core.reg_pc\[1\],334.245µm
_02695_,333.26µm
_03905_,333.215µm
net1211,332.925µm
u_picorv32.picorv32_core.decoded_imm\[8\],332.685µm
net12,331.56µm
_02818_,331.285µm
net11,331.025µm
net694,330.87µm
net574,329.67µm
net789,329.25µm
net710,328.99µm
u_picorv32.picorv32_core.decoded_imm\[10\],328.745µm
net910,328.13µm
_02898_,327.9µm
u_picorv32.picorv32_core.decoded_imm\[27\],327.52µm
net697,327.255µm
net20,326.84µm
_04260_,326.29µm
net1010,325.285µm
net930,324.72µm
net998,324.35µm
net483,324.19µm
net1120,324µm
net1169,323.41µm
_04598_,322.92µm
net331,322.38µm
net1070,322.105µm
net1024,321.9µm
net1100,320.88µm
net101,319.39µm
net1279,319.27µm
net708,318.565µm
net682,317.9µm
net914,317.645µm
_05099_,316.99µm
_01609_,316.3µm
u_picorv32.picorv32_core.decoded_imm\[18\],315.29µm
net1173,315.195µm
_03000_,314.18µm
net399,314.02µm
net368,313.48µm
net583,313.335µm
net639,313.295µm
net357,312.825µm
net1199,312.74µm
u_picorv32.picorv32_core.is_lui_auipc_jal,311.715µm
net322,311.24µm
net1090,311.09µm
u_picorv32.picorv32_core.decoded_imm\[25\],310.96µm
_02999_,310.77µm
net709,310.255µm
u_picorv32.picorv32_core.decoded_imm\[17\],309.76µm
u_picorv32.pcpi_rs2\[28\],309.175µm
net473,309.15µm
net887,308.975µm
net919,308.17µm
net1164,308.165µm
_01614_,308.08µm
_04941_,307.68µm
net1074,306.93µm
u_picorv32.pcpi_rs1\[21\],306.81µm
net838,306.695µm
u_picorv32.pcpi_rs1\[27\],305.715µm
_04090_,305.705µm
_02837_,305.52µm
u_picorv32.pcpi_rs2\[21\],305.12µm
net1040,304.755µm
net245,304.735µm
_02998_,304.465µm
_05726_,304.065µm
net618,303.685µm
net1223,302.91µm
_04232_,302.89µm
_02822_,302.64µm
net1123,301.285µm
net659,299.48µm
net586,299.185µm
_03350_,298.635µm
_05778_,298.48µm
net901,298.435µm
u_picorv32.picorv32_core.decoded_imm\[19\],298.35µm
net692,298.14µm
net1013,298.125µm
net656,297.975µm
net1160,297µm
u_picorv32.picorv32_core.decoded_imm\[13\],296.715µm
_02325_,296.29µm
net36,295.09µm
net480,294.43µm
_04304_,293.64µm
net1359,293.005µm
net608,292.6µm
_02694_,292.545µm
u_picorv32.picorv32_core.decoded_imm\[15\],292.46µm
_03001_,292.29µm
_01885_,291.335µm
net1200,290.975µm
net1373,290.615µm
net715,290.41µm
net1291,290.36µm
_04881_,290.17µm
net1203,289.985µm
net668,289.395µm
net655,288.965µm
u_picorv32.picorv32_core.decoded_imm\[24\],288.885µm
net913,288.37µm
net415,288.325µm
_05928_,287.7µm
net605,287.1µm
net1012,286.555µm
net1233,286.19µm
net103,285.18µm
_05749_,283.74µm
_02904_,282.55µm
_01656_,282.415µm
_05707_,279.43µm
net687,279.39µm
u_picorv32.pcpi_rs2\[31\],279.25µm
u_picorv32.picorv32_core.decoded_imm\[29\],278.585µm
net441,278.335µm
net845,277.77µm
net1079,277.205µm
_01681_,276.78µm
u_picorv32.picorv32_core.reg_pc\[8\],276.74µm
net1152,276.51µm
u_picorv32.picorv32_core.decoded_imm\[12\],275.95µm
net653,275.775µm
net597,275.615µm
net1055,275.55µm
net1117,275.225µm
u_picorv32.picorv32_core.decoded_imm_j\[3\],275.02µm
_05215_,274.96µm
net865,274.735µm
net857,274.575µm
u_picorv32.pcpi_rs1\[10\],274.355µm
net306,273.94µm
net698,273.565µm
net1133,272.71µm
net1215,272.44µm
u_picorv32.pcpi_rs2\[24\],272.425µm
net1278,272.125µm
_01771_,272.115µm
_03842_,271.45µm
_05763_,271.06µm
net758,270.945µm
net796,270.825µm
_05732_,270.78µm
net408,270.635µm
_04573_,270.01µm
_05890_,269.94µm
net897,269.865µm
net631,269.51µm
net1127,269.46µm
net548,269.18µm
u_picorv32.picorv32_core.alu_out\[18\],269.13µm
net816,268.735µm
net488,268.67µm
u_picorv32.pcpi_rs2\[18\],268.305µm
net552,267.535µm
_01613_,266.93µm
net1218,265.705µm
net1226,265.595µm
_05948_,265.545µm
net888,265.095µm
net722,265.08µm
_02827_,264.84µm
u_picorv32.picorv32_core.mem_rdata_q\[25\],264.585µm
net1251,264.015µm
net604,263.95µm
net1242,263.51µm
_05593_,263.415µm
net1389,263.305µm
_02796_,263.02µm
u_picorv32.pcpi_rs2\[15\],262.95µm
net1334,262.59µm
net996,262.495µm
net628,262.25µm
_03904_,262.08µm
net1136,261.86µm
net714,261.715µm
_05571_,261.57µm
net1217,261.49µm
net765,260.945µm
net1206,260.715µm
net863,260.525µm
net484,260.46µm
net997,260.03µm
_05009_,259.885µm
net747,259.65µm
_05758_,259.035µm
net814,259µm
clknet_leaf_82_clk_i,258.58µm
net989,257.86µm
net932,257.09µm
u_picorv32.picorv32_core.reg_pc\[21\],256.6µm
clknet_5_20__leaf_clk_i,256.185µm
_05112_,256.09µm
net808,255.98µm
net216,255.835µm
net1244,255.525µm
net620,254.905µm
_01970_,254.47µm
net993,254.11µm
net688,253.795µm
_04129_,253.465µm
net215,253.195µm
u_picorv32.picorv32_core.reg_out\[26\],252.91µm
net398,252.315µm
net1194,252.245µm
u_picorv32.picorv32_core.latched_rd\[2\],252.105µm
u_picorv32.pcpi_rs1\[29\],252.02µm
_01769_,251.775µm
_05706_,251.77µm
_04956_,251.58µm
_05202_,251.31µm
_05737_,251.29µm
net1122,250.975µm
net898,250.71µm
u_picorv32.pcpi_rs2\[16\],250.61µm
net841,250.595µm
_04109_,250.585µm
net999,249.97µm
net1214,249.535µm
u_picorv32.pcpi_rs2\[9\],249.45µm
net691,249.43µm
net664,249.38µm
net1374,249.245µm
net966,249.175µm
net1237,248.745µm
net792,247.8µm
net489,247.68µm
clknet_5_24__leaf_clk_i,247.39µm
net599,247.345µm
net825,247.33µm
u_picorv32.picorv32_core.reg_out\[24\],246.85µm
u_picorv32.picorv32_core.mem_rdata_q\[24\],246.83µm
net268,246.13µm
net690,245.99µm
net850,245.775µm
net1343,245.74µm
u_picorv32.picorv32_core.is_alu_reg_imm,245.63µm
_04528_,245.185µm
net1130,245.11µm
net1238,244.955µm
net883,244.875µm
net802,244.435µm
net1162,244.415µm
net803,244.22µm
net720,244.135µm
net686,244.11µm
clknet_leaf_69_clk_i,244.105µm
_05787_,243.98µm
net554,243.705µm
net971,243.365µm
u_picorv32.picorv32_core.latched_rd\[0\],243.18µm
net1230,243.065µm
net719,243.055µm
net1265,243.02µm
net756,242.99µm
net1077,242.845µm
u_picorv32.picorv32_core.decoded_imm\[31\],242.51µm
net1254,242.36µm
net1116,242.08µm
_02973_,241.735µm
u_picorv32.pcpi_rs2\[30\],241.11µm
net830,241µm
_02880_,240.86µm
net959,240.77µm
clknet_5_5__leaf_clk_i,240.745µm
net1124,240.44µm
net879,240.3µm
net801,240.28µm
net1043,239.93µm
net940,239.67µm
net363,239.625µm
net584,239.61µm
net1172,238.935µm
net874,238.8µm
net1068,238.685µm
net373,238.485µm
u_picorv32.picorv32_core.reg_pc\[20\],238.085µm
net1270,237.71µm
net1147,237.385µm
net603,237.37µm
_05047_,237.24µm
net834,237.105µm
net1274,236.885µm
net853,236.87µm
_05268_,236.79µm
net1245,236.56µm
net1113,236.31µm
u_picorv32.picorv32_core.latched_rd\[3\],235.93µm
_05478_,235.7µm
_01670_,235.49µm
net1385,235.095µm
_05522_,234.86µm
net1018,234.78µm
net1075,234.695µm
_05495_,234.61µm
_05545_,234.025µm
u_picorv32.picorv32_core.reg_pc\[31\],233.32µm
net1282,232.975µm
_05100_,232.82µm
net1350,232.535µm
clknet_5_30__leaf_clk_i,232.49µm
net878,232.085µm
u_picorv32.picorv32_core.decoded_imm_j\[2\],232.04µm
net970,231.47µm
net1195,231.445µm
u_picorv32.pcpi_rs2\[14\],231.43µm
net1110,231.38µm
net820,231.355µm
net536,230.81µm
_02921_,230.47µm
net851,230.405µm
_05125_,230.34µm
net1354,230.315µm
net1243,230.22µm
_05510_,230.15µm
net1255,230.15µm
net952,229.685µm
net804,229.6µm
clknet_5_29__leaf_clk_i,229.375µm
net1145,229.355µm
clknet_5_8__leaf_clk_i,229.225µm
net1089,228.695µm
clknet_5_27__leaf_clk_i,228.645µm
net1003,228.42µm
net1283,228.25µm
net1109,228.235µm
_02972_,227.71µm
_00030_,227.5µm
net625,227.16µm
net547,227.145µm
clknet_5_4__leaf_clk_i,227.14µm
net829,227.06µm
u_picorv32.pcpi_rs2\[17\],225.84µm
_02969_,225.685µm
net852,225.37µm
net1017,225.225µm
net407,225.035µm
net498,224.68µm
net240,224.525µm
net700,224.185µm
net1261,224.08µm
u_picorv32.picorv32_core.latched_rd\[4\],223.99µm
net550,223.235µm
net703,223.235µm
net1400,223.155µm
u_picorv32.picorv32_core.reg_out\[23\],222.575µm
u_picorv32.picorv32_core.reg_pc\[17\],222.4µm
u_picorv32.pcpi_rs1\[2\],222.195µm
_03849_,222.13µm
net955,222.125µm
net855,221.805µm
net1361,221.705µm
clknet_leaf_57_clk_i,221.305µm
net1125,221.275µm
clknet_5_0__leaf_clk_i,220.865µm
net1266,220.85µm
u_picorv32.axi_adapter.mem_instr,220.79µm
net761,220.705µm
clknet_5_31__leaf_clk_i,220.23µm
net784,220.225µm
_01420_,220.03µm
net1112,219.975µm
net1252,219.93µm
net1183,219.855µm
u_picorv32.pcpi_rs2\[25\],219.675µm
net1236,219.17µm
net1247,219.05µm
u_picorv32.pcpi_rs2\[5\],218.78µm
_05800_,218.76µm
net566,218.67µm
clknet_leaf_80_clk_i,218.54µm
_04737_,218.4µm
_02974_,217.87µm
clknet_5_18__leaf_clk_i,217.64µm
net833,217.345µm
net860,217.045µm
_05896_,216.745µm
net1076,216.68µm
net866,215.99µm
net647,215.755µm
net1337,215.65µm
_01697_,215.295µm
net772,215.07µm
u_picorv32.picorv32_core.decoded_imm\[6\],214.87µm
clknet_5_16__leaf_clk_i,214.295µm
net817,213.97µm
net573,213.685µm
net900,213.53µm
net1082,213.365µm
net1257,213.335µm
net535,213.255µm
_05113_,213.19µm
net869,213.08µm
clknet_5_1__leaf_clk_i,212.88µm
net1085,212.515µm
net748,211.43µm
net899,211.275µm
net1269,211.025µm
net499,210.695µm
_01704_,210.455µm
net1174,210.395µm
u_picorv32.picorv32_core.decoded_imm\[0\],210.28µm
net788,210.27µm
net1141,210.2µm
net1286,210.18µm
net811,210.09µm
u_picorv32.picorv32_core.reg_pc\[14\],210.035µm
net361,209.905µm
net1273,209.775µm
clknet_leaf_63_clk_i,209.46µm
net1158,209.425µm
_05280_,209.41µm
net806,209.18µm
net1073,208.92µm
clknet_leaf_81_clk_i,208.715µm
u_picorv32.picorv32_core.instr_jalr,208.665µm
net791,208.585µm
_05074_,208.45µm
net679,208.435µm
_02615_,208.355µm
net1062,208.31µm
net629,208.135µm
net859,208.02µm
net1066,208.015µm
clknet_leaf_97_clk_i,207.62µm
net826,207.51µm
net882,207.5µm
u_picorv32.pcpi_rs2\[13\],206.85µm
net1259,206.01µm
net580,205.81µm
clknet_5_15__leaf_clk_i,205.4µm
net570,205.345µm
net592,205.045µm
net3074,204.55µm
net751,204.545µm
net1118,204.225µm
net1382,204.055µm
net1015,203.845µm
net839,203.77µm
net576,203.735µm
net675,203.405µm
net844,203.29µm
clknet_5_25__leaf_clk_i,203.005µm
net1119,202.665µm
clknet_leaf_92_clk_i,202.63µm
net893,202.045µm
net846,201.82µm
net877,201.78µm
net875,201.765µm
net937,201.76µm
net840,201.5µm
net909,201.37µm
net1039,201.37µm
net810,201.365µm
net1232,201.325µm
net693,201.27µm
net627,201.255µm
_05405_,201.08µm
net795,201.075µm
net1371,200.96µm
net1249,200.895µm
clknet_leaf_19_clk_i,200.84µm
net549,200.73µm
net822,200.695µm
_01931_,200.615µm
clknet_5_7__leaf_clk_i,200.41µm
net1349,200.375µm
u_picorv32.pcpi_rs2\[4\],200.205µm
net967,200.1µm
net695,199.605µm
net1121,199.415µm
net1353,199.21µm
net1023,199.11µm
clknet_5_9__leaf_clk_i,198.99µm
net1150,198.97µm
net991,198.73µm
net1264,198.29µm
net1365,198.15µm
clknet_leaf_72_clk_i,198.08µm
net797,198.075µm
net771,197.76µm
net1268,197.71µm
clknet_leaf_27_clk_i,197.595µm
_02915_,197.35µm
u_picorv32.picorv32_core.reg_out\[22\],197.34µm
net799,197.235µm
net1348,196.99µm
u_picorv32.picorv32_core.reg_out\[19\],196.95µm
clknet_leaf_91_clk_i,196.89µm
_01962_,196.885µm
_02911_,196.71µm
net571,196.71µm
_01775_,196.695µm
clknet_5_13__leaf_clk_i,196.645µm
net1364,196.64µm
net1287,196.585µm
_03091_,196.545µm
clknet_leaf_128_clk_i,196.045µm
net949,196.02µm
u_picorv32.picorv32_core.latched_rd\[1\],195.875µm
net1143,195.72µm
clknet_leaf_3_clk_i,195.6µm
net1296,195.195µm
_01967_,195.04µm
u_picorv32.pcpi_rs2\[0\],194.995µm
clknet_leaf_78_clk_i,194.975µm
net545,194.92µm
net948,194.905µm
_01935_,194.76µm
net567,194.745µm
net871,194.47µm
net677,194.405µm
net487,194.225µm
_05415_,193.93µm
net1339,193.865µm
net660,193.765µm
clknet_leaf_54_clk_i,193.425µm
net1262,193.385µm
net652,193.26µm
u_picorv32.pcpi_rs1\[4\],193.255µm
u_picorv32.picorv32_core.decoded_imm\[5\],193.125µm
net1036,192.755µm
clknet_leaf_18_clk_i,192.455µm
clknet_leaf_129_clk_i,192.28µm
clknet_5_22__leaf_clk_i,191.77µm
clknet_leaf_47_clk_i,191.71µm
clknet_leaf_11_clk_i,191.6µm
_04064_,191.53µm
net699,191.265µm
_05203_,191.17µm
net1054,190.935µm
net621,190.675µm
clknet_5_17__leaf_clk_i,190.525µm
_05190_,190.48µm
net917,190.35µm
_05352_,190.28µm
_05061_,190.03µm
net920,189.985µm
net1240,189.64µm
net934,189.625µm
_05332_,189.54µm
net847,189.535µm
clknet_5_23__leaf_clk_i,189.4µm
_05384_,189.33µm
net728,189.215µm
u_picorv32.picorv32_core.decoded_imm_j\[14\],189.16µm
clknet_5_19__leaf_clk_i,189.08µm
_04998_,188.89µm
u_picorv32.picorv32_core.decoded_imm_j\[13\],188.255µm
u_picorv32.picorv32_core.count_cycle\[61\],188.055µm
net1272,187.89µm
net759,187.795µm
clknet_leaf_108_clk_i,187.315µm
net650,187.245µm
net1071,187.22µm
net1170,187.17µm
u_picorv32.picorv32_core.instr_ori,187.115µm
_05345_,187.09µm
u_picorv32.picorv32_core.reg_pc\[13\],187.005µm
net1347,186.85µm
clknet_leaf_123_clk_i,186.58µm
net813,186.48µm
net544,186.275µm
net648,186.255µm
net828,186.155µm
clknet_leaf_12_clk_i,186.09µm
net936,185.98µm
clknet_leaf_126_clk_i,185.92µm
u_picorv32.picorv32_core.decoded_imm_j\[12\],185.885µm
_04672_,185.425µm
net1025,185.32µm
_05152_,185.06µm
clknet_leaf_51_clk_i,185.005µm
net667,184.705µm
net1369,184.355µm
net1258,184.345µm
_05373_,184.14µm
_05466_,183.905µm
_05048_,183.84µm
net848,183.035µm
net1020,183.03µm
net862,182.955µm
clknet_leaf_117_clk_i,182.885µm
net1292,182.86µm
net1063,182.845µm
clknet_leaf_119_clk_i,182.69µm
clknet_leaf_113_clk_i,182.52µm
_01919_,182.2µm
_02899_,181.95µm
net596,181.95µm
net963,181.885µm
clknet_leaf_86_clk_i,181.875µm
u_picorv32.picorv32_core.alu_out_q\[17\],181.8µm
net3064,181.75µm
u_picorv32.picorv32_core.decoded_imm_j\[5\],181.615µm
net1094,181.53µm
net607,181.42µm
u_picorv32.picorv32_core.reg_pc\[19\],181.38µm
u_picorv32.pcpi_rs2\[8\],181.33µm
net514,181.245µm
net1341,181.195µm
_02990_,180.96µm
u_picorv32.pcpi_rs1\[0\],180.79µm
_05216_,180.72µm
net537,180.405µm
u_picorv32.pcpi_rs1\[1\],180.37µm
clknet_5_2__leaf_clk_i,180.125µm
u_picorv32.picorv32_core.latched_stalu,180.09µm
u_picorv32.pcpi_rs1\[28\],179.72µm
net1139,179.72µm
net798,179.445µm
clknet_leaf_15_clk_i,179.3µm
u_picorv32.picorv32_core.decoded_imm\[3\],179.24µm
net1091,179.235µm
_05776_,179.23µm
net244,179.155µm
net969,179.05µm
_05087_,179µm
clknet_leaf_66_clk_i,178.95µm
clknet_leaf_112_clk_i,178.93µm
_05060_,178.68µm
u_picorv32.picorv32_core.instr_or,178.58µm
u_picorv32.picorv32_core.reg_pc\[6\],178.555µm
_01920_,178.48µm
net1198,178.375µm
net1325,178.28µm
clknet_leaf_88_clk_i,178.245µm
net3057,178.15µm
net1011,178.08µm
clknet_leaf_79_clk_i,178.05µm
u_picorv32.picorv32_core.reg_pc\[30\],177.975µm
net1009,177.975µm
_01941_,177.81µm
clknet_leaf_115_clk_i,177.725µm
clknet_leaf_121_clk_i,177.455µm
u_picorv32.pcpi_rs2\[7\],177.305µm
clknet_leaf_76_clk_i,177.3µm
clknet_leaf_70_clk_i,176.76µm
clknet_leaf_40_clk_i,176.755µm
_05748_,176.73µm
u_picorv32.picorv32_core.decoded_imm\[4\],175.875µm
clknet_leaf_52_clk_i,175.675µm
net406,175.635µm
clknet_leaf_56_clk_i,175.575µm
clknet_leaf_55_clk_i,175.29µm
net1049,175.275µm
net1310,175.16µm
net614,175.12µm
net738,174.945µm
clknet_leaf_32_clk_i,174.695µm
clknet_leaf_125_clk_i,174.655µm
_02345_,174.265µm
u_picorv32.picorv32_core.mem_wordsize\[1\],173.98µm
u_picorv32.picorv32_core.is_lb_lh_lw_lbu_lhu,173.88µm
clknet_5_28__leaf_clk_i,173.795µm
_03339_,173.71µm
u_picorv32.picorv32_core.reg_out\[20\],173.7µm
net1140,173.645µm
net755,173.63µm
net1294,173.595µm
net832,173.28µm
clknet_leaf_116_clk_i,173.225µm
clknet_leaf_10_clk_i,173.2µm
clknet_leaf_24_clk_i,172.995µm
net1171,172.96µm
clknet_5_21__leaf_clk_i,172.76µm
clknet_leaf_93_clk_i,172.65µm
_05459_,172.36µm
u_picorv32.picorv32_core.alu_out\[31\],171.86µm
clknet_leaf_22_clk_i,171.855µm
net575,171.82µm
net1088,171.81µm
clknet_leaf_99_clk_i,171.745µm
clknet_leaf_96_clk_i,171.545µm
net572,171.27µm
u_picorv32.picorv32_core.latched_is_lh,171.155µm
clknet_leaf_133_clk_i,171.045µm
clknet_leaf_61_clk_i,171.015µm
net1380,170.84µm
_02905_,170.43µm
_05797_,170.29µm
u_picorv32.picorv32_core.latched_is_lb,170.265µm
net3059,170.24µm
net3050,170.11µm
net1302,169.965µm
clknet_leaf_127_clk_i,169.835µm
net1137,169.83µm
clknet_leaf_90_clk_i,169.815µm
clknet_leaf_87_clk_i,169.775µm
_01774_,169.73µm
net1381,169.7µm
_01922_,169.655µm
clknet_leaf_114_clk_i,169.6µm
u_picorv32.pcpi_rs2\[11\],169.4µm
net1048,169.28µm
_04113_,168.84µm
net1352,168.56µm
net1107,168.535µm
net493,168.37µm
u_picorv32.picorv32_core.is_beq_bne_blt_bge_bltu_bgeu,168.25µm
net1031,168.21µm
net726,168.17µm
clknet_leaf_30_clk_i,168.095µm
_00002_,168.035µm
net1248,167.905µm
_02938_,167.805µm
clknet_leaf_34_clk_i,167.73µm
clknet_leaf_130_clk_i,167.71µm
clknet_leaf_42_clk_i,167.695µm
net1239,167.515µm
net1099,167.43µm
u_picorv32.picorv32_core.alu_out_q\[16\],167.42µm
net1396,167.41µm
_05446_,167.4µm
clknet_leaf_60_clk_i,167.35µm
_05594_,167.34µm
net243,167.29µm
_01927_,167.275µm
clknet_leaf_26_clk_i,167.05µm
net1202,166.795µm
_05696_,166.76µm
clknet_5_3__leaf_clk_i,166.695µm
net881,166.585µm
net1316,166.53µm
clknet_leaf_103_clk_i,166.405µm
clknet_leaf_53_clk_i,166.29µm
clknet_leaf_89_clk_i,166.14µm
clknet_leaf_106_clk_i,166.14µm
_05165_,165.98µm
net1065,165.66µm
clknet_leaf_39_clk_i,165.615µm
net742,165.55µm
_02922_,165.39µm
net402,165.36µm
clknet_leaf_77_clk_i,165.14µm
net633,165.065µm
u_picorv32.pcpi_rs2\[3\],165.005µm
clknet_leaf_38_clk_i,164.99µm
u_picorv32.picorv32_core.reg_pc\[23\],164.96µm
_05178_,164.95µm
net1375,164.915µm
clknet_leaf_28_clk_i,164.86µm
net1376,164.77µm
net922,164.755µm
net637,164.73µm
net1290,164.635µm
clknet_leaf_67_clk_i,164.615µm
net616,164.47µm
clknet_leaf_101_clk_i,164.075µm
net542,164.015µm
clknet_leaf_118_clk_i,163.98µm
net3070,163.98µm
_01809_,163.885µm
_02861_,163.715µm
clknet_leaf_98_clk_i,163.505µm
net757,163.49µm
_04644_,163.2µm
_05242_,163.11µm
net740,163.085µm
net658,163.06µm
_04062_,163.03µm
_05348_,163.03µm
clknet_leaf_95_clk_i,162.845µm
clknet_leaf_2_clk_i,162.805µm
net1041,162.775µm
net1168,162.73µm
clknet_leaf_5_clk_i,162.68µm
_02916_,162.63µm
_02892_,162.62µm
clknet_leaf_131_clk_i,162.485µm
net1115,162.475µm
net1387,162.46µm
_02611_,162.455µm
net1329,162.415µm
_03112_,162.355µm
net513,161.925µm
clknet_leaf_122_clk_i,161.845µm
net674,161.735µm
clknet_5_11__leaf_clk_i,161.315µm
clknet_5_10__leaf_clk_i,161.2µm
clknet_leaf_35_clk_i,161.13µm
u_picorv32.picorv32_core.reg_out\[30\],161µm
net890,161µm
_05658_,160.87µm
clknet_leaf_36_clk_i,160.78µm
_05893_,160.725µm
net958,160.35µm
_01988_,160.25µm
clknet_leaf_17_clk_i,160.235µm
net1208,159.925µm
net1328,159.785µm
u_picorv32.pcpi_rs2\[10\],159.715µm
_02474_,159.6µm
net1069,159.525µm
net385,159.255µm
clknet_leaf_107_clk_i,159.12µm
net3052,158.88µm
_05347_,158.865µm
net540,158.865µm
net594,158.825µm
u_picorv32.picorv32_core.reg_pc\[7\],158.74µm
u_picorv32.pcpi_rs1\[6\],158.73µm
net171,158.66µm
_05560_,158.57µm
net995,158.305µm
net497,158.295µm
net824,158.25µm
clknet_leaf_62_clk_i,158.12µm
_04168_,157.81µm
net485,157.735µm
net2,157.69µm
clknet_leaf_48_clk_i,157.655µm
net241,157.56µm
clknet_leaf_41_clk_i,157.46µm
net3072,157.46µm
clknet_leaf_46_clk_i,157.235µm
_01850_,157.18µm
clknet_leaf_124_clk_i,156.89µm
net1388,156.885µm
net956,156.51µm
net176,156.45µm
net152,156.32µm
net873,156.085µm
clknet_leaf_13_clk_i,155.83µm
_05191_,155.725µm
net144,155.61µm
net257,155.595µm
net1384,155.575µm
net1285,155.51µm
net598,155.375µm
_05856_,155.305µm
clknet_leaf_120_clk_i,155.305µm
net539,155.265µm
_05164_,155.04µm
clknet_leaf_111_clk_i,155.04µm
clknet_leaf_25_clk_i,154.985µm
net285,154.45µm
net619,154.445µm
net403,154.435µm
clknet_leaf_75_clk_i,154.425µm
u_picorv32.picorv32_core.reg_out\[21\],154.375µm
clknet_5_14__leaf_clk_i,154.22µm
net1315,154.005µm
_05609_,153.98µm
clknet_leaf_104_clk_i,153.825µm
_05599_,153.69µm
net624,153.57µm
net1176,153.435µm
_05241_,153.37µm
net739,153.335µm
net1340,153.205µm
clknet_leaf_100_clk_i,153.115µm
clknet_5_12__leaf_clk_i,153.025µm
clknet_leaf_7_clk_i,152.97µm
clknet_leaf_84_clk_i,152.885µm
clknet_leaf_105_clk_i,152.49µm
_02616_,152.315µm
clknet_leaf_74_clk_i,152.295µm
_04502_,152.29µm
net3036,151.21µm
net734,151.205µm
net579,151.18µm
clknet_leaf_50_clk_i,151.125µm
clknet_leaf_85_clk_i,151.12µm
net223,151.11µm
net1134,150.935µm
net964,150.93µm
net593,150.66µm
_05229_,150.31µm
net1030,150.22µm
u_picorv32.picorv32_core.count_cycle\[21\],150.145µm
u_picorv32.picorv32_core.reg_pc\[22\],150.075µm
u_picorv32.picorv32_core.mem_rdata_q\[2\],150.045µm
_05799_,149.95µm
net527,149.8µm
net1386,149.68µm
_02089_,149.615µm
net249,149.615µm
_05937_,149.59µm
net1263,149.38µm
u_picorv32.picorv32_core.mem_rdata_q\[27\],149.32µm
clknet_5_6__leaf_clk_i,149.305µm
net543,149.295µm
net1144,149.26µm
_04984_,149.09µm
_05575_,148.94µm
net9,148.82µm
clknet_leaf_4_clk_i,148.76µm
net1307,148.635µm
net1366,148.465µm
net3045,148.4µm
_03089_,148.36µm
_05364_,148.14µm
net809,148.14µm
u_picorv32.picorv32_core.instr_srai,147.945µm
net1046,147.89µm
net994,147.855µm
_06001_,147.73µm
clknet_leaf_9_clk_i,147.565µm
net732,147.465µm
u_picorv32.picorv32_core.mem_rdata_q\[26\],147.395µm
u_picorv32.picorv32_core.reg_pc\[29\],147.395µm
clknet_leaf_16_clk_i,147.35µm
net534,147.2µm
clknet_leaf_110_clk_i,147.13µm
net1092,147.075µm
net1298,147.015µm
clknet_leaf_68_clk_i,146.655µm
net1362,146.6µm
_01937_,146.375µm
clknet_leaf_71_clk_i,146.16µm
_05597_,146.085µm
_02804_,145.88µm
net1058,145.745µm
net744,145.66µm
net1345,145.655µm
net1324,145.51µm
clknet_leaf_33_clk_i,145.155µm
net794,145.075µm
_01545_,145.015µm
net749,144.995µm
u_picorv32.picorv32_core.is_sb_sh_sw,144.845µm
_02115_,144.74µm
net924,144.66µm
_01969_,144.595µm
net931,144.575µm
net1383,144.575µm
_03183_,144.52µm
clknet_leaf_64_clk_i,144.41µm
_05878_,144.355µm
net300,144.31µm
net617,144.195µm
u_picorv32.picorv32_core.reg_pc\[5\],144.095µm
clknet_leaf_23_clk_i,144.04µm
clknet_leaf_44_clk_i,144.005µm
net1379,143.98µm
_01403_,143.82µm
net132,143.73µm
net946,143.565µm
net737,143.475µm
clknet_leaf_31_clk_i,143.465µm
clknet_leaf_102_clk_i,143.43µm
clknet_leaf_6_clk_i,143.425µm
_05898_,143.035µm
u_picorv32.pcpi_rs1\[15\],142.87µm
net193,142.785µm
clknet_leaf_49_clk_i,142.78µm
net160,142.645µm
clknet_leaf_20_clk_i,142.62µm
net904,142.365µm
net1281,142.26µm
net632,142.125µm
net3062,141.9µm
clknet_leaf_132_clk_i,141.87µm
net927,141.79µm
_03639_,141.69µm
net479,141.46µm
net162,141.4µm
net1363,141.315µm
_05622_,141.26µm
net208,141.065µm
net750,140.875µm
_04046_,140.83µm
_05711_,140.65µm
u_picorv32.picorv32_core.alu_out\[15\],140.57µm
_04927_,140.47µm
_05785_,140.47µm
clknet_leaf_43_clk_i,140.45µm
net585,140.4µm
net1367,140.03µm
_05997_,139.93µm
clknet_leaf_73_clk_i,139.91µm
_05431_,139.82µm
net551,139.755µm
clknet_leaf_1_clk_i,139.665µm
clknet_leaf_37_clk_i,139.625µm
net815,139.47µm
u_picorv32.picorv32_core.mem_rdata_q\[22\],139.275µm
_02108_,139.21µm
net524,139.18µm
_02868_,139.07µm
net225,139.045µm
net662,138.965µm
u_picorv32.picorv32_core.alu_out_q\[19\],138.6µm
clknet_leaf_8_clk_i,138.535µm
_05995_,138.48µm
net1370,138.445µm
clknet_leaf_109_clk_i,138.415µm
net581,137.665µm
_05783_,137.57µm
u_picorv32.picorv32_core.reg_out\[0\],137.46µm
net523,137.435µm
_05035_,137.42µm
clknet_leaf_83_clk_i,137.4µm
_02793_,137.23µm
net1142,137.18µm
_05633_,137.17µm
net10,137.155µm
net1297,137.11µm
net3068,137.11µm
_01551_,137.05µm
u_picorv32.picorv32_core.reg_out\[17\],137.015µm
net935,136.895µm
u_picorv32.picorv32_core.instr_rdinstr,136.88µm
u_picorv32.picorv32_core.instr_xori,136.64µm
net295,136.58µm
_03381_,136.42µm
net1235,136.34µm
net494,136.275µm
net1106,136.055µm
net204,135.695µm
_04641_,135.37µm
net1021,135.365µm
net623,135.23µm
net156,135.2µm
net146,134.74µm
net1326,134.72µm
net1047,134.635µm
net727,134.625µm
net180,134.4µm
net582,134.21µm
net173,134.18µm
_02871_,134.145µm
net284,134.12µm
net864,133.955µm
net157,133.94µm
net921,133.895µm
net906,133.81µm
net248,133.57µm
net912,133.545µm
_02950_,133.46µm
net602,133.395µm
_05672_,133.39µm
net611,133.12µm
net294,133.02µm
_05644_,132.92µm
net1101,132.75µm
net892,132.64µm
clknet_leaf_21_clk_i,132.57µm
_05685_,132.54µm
net947,132.52µm
u_picorv32.picorv32_core.instr_sra,132.51µm
u_picorv32.picorv32_core.is_alu_reg_reg,132.41µm
u_picorv32.picorv32_core.reg_out\[7\],132.405µm
_03038_,131.985µm
net1080,131.92µm
net1346,131.855µm
clknet_leaf_65_clk_i,131.81µm
net1323,131.78µm
net645,131.66µm
net410,131.65µm
_05993_,131.59µm
net626,131.39µm
clknet_leaf_0_clk_i,131.025µm
net933,130.985µm
net1175,130.975µm
net477,130.88µm
net939,130.86µm
net836,130.755µm
net745,130.73µm
net1303,130.54µm
net1288,130.465µm
net1391,130.325µm
net613,130.275µm
clknet_leaf_14_clk_i,130.22µm
net1250,130.205µm
u_picorv32.picorv32_core.alu_out\[14\],130.2µm
net1097,130.11µm
net807,130.085µm
net247,130.065µm
net1313,129.82µm
net289,129.69µm
net1146,129.61µm
net509,129.245µm
net495,129.215µm
clknet_leaf_29_clk_i,129.17µm
net741,129.075µm
net1165,129.02µm
net858,128.8µm
net942,128.45µm
net210,128.43µm
net895,128.405µm
_01940_,128.27µm
_01672_,128.06µm
_05999_,128.025µm
net169,127.945µm
_03122_,127.87µm
net1026,127.79µm
u_picorv32.picorv32_core.alu_out\[27\],127.64µm
net384,127.64µm
net746,127.485µm
u_picorv32.picorv32_core.decoded_imm_j\[1\],127.41µm
u_picorv32.picorv32_core.cpu_state\[1\],127.37µm
net1305,127.25µm
net1280,127.02µm
net1132,126.935µm
u_picorv32.pcpi_rs2\[2\],126.85µm
net1300,126.76µm
net856,126.74µm
_05255_,126.65µm
net1059,126.6µm
net1342,126.45µm
_02149_,126.38µm
net230,126.315µm
net186,126.3µm
net1330,126.27µm
u_picorv32.picorv32_core.alu_out\[11\],126.25µm
net1033,126.18µm
_03532_,126.13µm
net595,125.895µm
net252,125.425µm
net1189,125.375µm
_05546_,125.22µm
net965,125.145µm
net260,124.755µm
u_picorv32.picorv32_core.reg_pc\[15\],124.63µm
net718,124.47µm
_02808_,124.41µm
net577,124.345µm
net392,124.335µm
net8,124.215µm
_05774_,124.02µm
net1331,124.005µm
net288,123.815µm
net387,123.62µm
_01966_,123.595µm
clknet_leaf_45_clk_i,123.56µm
net217,123.535µm
net843,123.5µm
net725,123.44µm
net676,123.345µm
_01974_,123.33µm
net672,123.055µm
u_picorv32.picorv32_core.mem_rdata_q\[28\],122.975µm
net1103,122.945µm
net1032,122.94µm
u_picorv32.picorv32_core.alu_out\[26\],122.79µm
net525,122.575µm
net1014,122.46µm
_04171_,122.41µm
_05710_,122.16µm
net187,122.085µm
clknet_leaf_94_clk_i,122.07µm
_05034_,121.98µm
_01549_,121.935µm
_02143_,121.905µm
u_picorv32.picorv32_core.instr_bge,121.885µm
net1276,121.825µm
u_picorv32.picorv32_core.mem_rdata_q\[21\],121.605µm
net286,121.6µm
net630,121.57µm
net907,121.465µm
net943,121.465µm
net395,121.29µm
net1102,121.14µm
net735,121.065µm
clknet_4_4_0_clk_i,120.995µm
net1395,120.97µm
net559,120.92µm
net183,120.83µm
_02612_,120.695µm
_05853_,120.665µm
net529,120.525µm
net615,120.445µm
net164,120.44µm
_03192_,120.18µm
_01627_,120.175µm
_02331_,120.075µm
u_picorv32.picorv32_core.decoded_imm_j\[19\],120.03µm
net376,119.76µm
net236,119.685µm
_05780_,119.66µm
_01400_,119.58µm
net821,119.48µm
u_picorv32.picorv32_core.count_instr\[34\],119.47µm
_05712_,119.38µm
_05761_,119.28µm
net297,119.225µm
net182,119.22µm
_05917_,119.17µm
net1019,119.125µm
net950,119.08µm
_02167_,118.99µm
net961,118.935µm
_03099_,118.905µm
net188,118.865µm
_04379_,118.63µm
_03392_,118.415µm
net1005,118.315µm
_05725_,118.21µm
net916,118.185µm
_02131_,118.115µm
net191,117.865µm
net298,117.835µm
net172,117.775µm
u_picorv32.pcpi_rs1\[5\],117.6µm
_01936_,117.49µm
u_picorv32.picorv32_core.alu_out_q\[0\],117.44µm
net644,117.305µm
u_picorv32.picorv32_core.count_instr\[15\],117.25µm
net587,117.145µm
u_picorv32.picorv32_core.reg_pc\[25\],117.015µm
net184,116.875µm
net219,116.745µm
u_picorv32.picorv32_core.count_cycle\[38\],116.725µm
net229,116.695µm
net1398,116.565µm
net1295,116.54µm
net404,116.515µm
_05022_,116.42µm
net389,116.365µm
net282,116.3µm
net951,116.24µm
_05010_,116.17µm
net165,116.17µm
u_picorv32.picorv32_core.decoded_imm\[2\],116.13µm
net500,116.11µm
net203,116.05µm
net1148,115.85µm
net923,115.805µm
_01548_,115.755µm
net168,115.705µm
_02944_,115.58µm
_03373_,115.39µm
u_picorv32.picorv32_core.decoded_imm_j\[17\],115.33µm
net880,115.205µm
net380,115.195µm
net1105,115.195µm
net189,115.035µm
net511,114.905µm
net159,114.825µm
u_picorv32.picorv32_core.mem_rdata_q\[29\],114.655µm
net202,114.65µm
_04433_,114.6µm
_05974_,114.54µm
net546,114.405µm
net885,114.395µm
_01784_,114.335µm
net1256,114.2µm
_05989_,114.12µm
net953,114.04µm
net1151,114.04µm
net383,113.95µm
net1034,113.935µm
net657,113.84µm
_05991_,113.805µm
net213,113.63µm
net1128,113.63µm
net143,113.42µm
clknet_leaf_58_clk_i,113.245µm
net1356,113.18µm
net211,113.06µm
net170,112.905µm
_02838_,112.89µm
net666,112.89µm
net228,112.88µm
net224,112.79µm
net1098,112.625µm
net957,112.615µm
net578,112.545µm
net253,112.39µm
net195,112.385µm
net1358,111.995µm
_02272_,111.98µm
net222,111.955µm
net1338,111.925µm
net206,111.885µm
net155,111.805µm
net296,111.74µm
net634,111.635µm
_05916_,111.36µm
net831,111.235µm
clknet_4_14_0_clk_i,111.085µm
net1057,110.875µm
u_picorv32.picorv32_core.alu_out\[7\],110.85µm
net199,110.68µm
clknet_4_8_0_clk_i,110.675µm
net1393,110.63µm
net1327,110.56µm
net174,110.54µm
net166,110.53µm
net872,110.435µm
u_picorv32.picorv32_core.reg_pc\[12\],110.405µm
_04377_,110.31µm
_02166_,110.3µm
net1035,110.145µm
clknet_4_10_0_clk_i,110.135µm
_04852_,109.86µm
net938,109.835µm
u_picorv32.picorv32_core.count_cycle\[36\],109.78µm
u_picorv32.pcpi_rs2\[6\],109.735µm
_02199_,109.44µm
clknet_4_11_0_clk_i,109.355µm
net179,109.305µm
net411,109.18µm
net1308,109.165µm
net1284,109.155µm
clknet_4_12_0_clk_i,109.09µm
net153,108.9µm
_01739_,108.85µm
_03085_,108.795µm
net823,108.54µm
net678,108.51µm
_01997_,108.48µm
u_picorv32.picorv32_core.decoded_imm_j\[9\],108.335µm
net200,108.305µm
net1267,108.185µm
net246,108.155µm
net250,108.155µm
_05319_,108.105µm
_05587_,108.04µm
net201,107.92µm
_01589_,107.85µm
net1234,107.775µm
net221,107.685µm
net812,107.635µm
net227,107.585µm
clknet_4_6_0_clk_i,107.495µm
net478,107.405µm
net643,107.375µm
net382,107.085µm
net1052,107.01µm
net654,106.95µm
net491,106.73µm
net1095,106.675µm
u_picorv32.picorv32_core.mem_rdata_q\[20\],106.65µm
u_picorv32.pcpi_rs1\[3\],106.56µm
net1007,106.53µm
u_picorv32.picorv32_core.alu_out\[22\],106.5µm
net1321,106.24µm
net1157,106.185µm
_05746_,106.08µm
u_picorv32.picorv32_core.decoded_imm\[21\],106.055µm
u_picorv32.picorv32_core.count_instr\[16\],106.015µm
net1159,105.99µm
net379,105.955µm
u_picorv32.pcpi_rs2\[12\],105.8µm
u_picorv32.picorv32_core.alu_out\[13\],105.66µm
net1050,105.65µm
net870,105.565µm
net651,105.445µm
net1042,105.38µm
_02372_,105.205µm
u_picorv32.picorv32_core.reg_out\[18\],105.165µm
clknet_4_5_0_clk_i,105.145µm
_05281_,105.12µm
net194,105.085µm
net239,105.03µm
clknet_4_1_0_clk_i,105.01µm
net283,104.945µm
net911,104.905µm
net181,104.66µm
_02962_,104.64µm
net482,104.625µm
net530,104.53µm
net665,104.285µm
net889,104.27µm
net1166,104.23µm
net1397,104.165µm
clknet_4_13_0_clk_i,104.115µm
_02908_,104.095µm
_02730_,104.055µm
u_picorv32.picorv32_core.decoded_imm_j\[8\],103.965µm
_02902_,103.94µm
net1061,103.915µm
net192,103.785µm
net526,103.78µm
net175,103.7µm
net293,103.57µm
_01671_,103.15µm
net256,103.055µm
net1309,103µm
net1182,102.97µm
net378,102.83µm
_02887_,102.75µm
net299,102.51µm
net476,102.465µm
net1086,102.31µm
net1293,102.25µm
net147,102.05µm
net975,101.935µm
_03435_,101.89µm
_01689_,101.88µm
_05976_,101.815µm
net150,101.795µm
net905,101.745µm
_02843_,101.615µm
net560,101.585µm
u_picorv32.picorv32_core.instr_andi,101.47µm
net26,101.41µm
_02367_,101.335µm
u_picorv32.picorv32_core.count_instr\[13\],101.25µm
net198,101.13µm
net226,100.975µm
_01944_,100.935µm
_03865_,100.86µm
net149,100.85µm
net1351,100.84µm
clknet_leaf_59_clk_i,100.825µm
_05724_,100.82µm
clknet_4_9_0_clk_i,100.775µm
_01812_,100.75µm
u_picorv32.picorv32_core.mem_rdata_q\[23\],100.73µm
_03538_,100.71µm
u_picorv32.picorv32_core.count_instr\[14\],100.66µm
net591,100.625µm
_02551_,100.45µm
net1333,100.415µm
_05254_,100.33µm
_03379_,100.305µm
_02562_,100.15µm
_03489_,100.055µm
_05850_,99.985µm
u_picorv32.picorv32_core.alu_out\[10\],99.96µm
net142,99.955µm
_02252_,99.91µm
u_picorv32.picorv32_core.count_instr\[35\],99.905µm
net954,99.9µm
net1027,99.82µm
net145,99.785µm
net238,99.645µm
_02978_,99.49µm
net903,99.345µm
net835,99.33µm
net233,99.275µm
net386,99.22µm
net291,99.105µm
u_picorv32.picorv32_core.count_instr\[19\],99.055µm
u_picorv32.picorv32_core.instr_sb,98.965µm
net1131,98.935µm
net512,98.9µm
_02957_,98.86µm
net531,98.85µm
clknet_4_15_0_clk_i,98.84µm
net1184,98.8µm
clknet_4_3_0_clk_i,98.79µm
net1271,98.68µm
net258,98.65µm
_02394_,98.64µm
_02490_,98.505µm
u_picorv32.picorv32_core.count_instr\[8\],98.24µm
net733,98.185µm
u_picorv32.picorv32_core.decoded_imm_j\[7\],98.03µm
net390,97.905µm
u_picorv32.picorv32_core.decoded_imm_j\[18\],97.725µm
net412,97.7µm
net861,97.635µm
u_picorv32.picorv32_core.decoded_imm_j\[10\],97.6µm
clknet_4_2_0_clk_i,97.4µm
_01587_,97.39µm
u_picorv32.picorv32_core.count_instr\[9\],97.115µm
_03401_,96.99µm
_03119_,96.895µm
_01886_,96.84µm
_02830_,96.83µm
net178,96.74µm
net158,96.735µm
clknet_4_0_0_clk_i,96.625µm
net1053,96.605µm
net388,96.6µm
net1241,96.52µm
_02147_,96.48µm
_02247_,96.35µm
net1083,96.13µm
_02876_,96µm
net1163,95.985µm
u_picorv32.picorv32_core.instr_xor,95.97µm
_03643_,95.895µm
_01903_,95.8µm
_02047_,95.785µm
_05866_,95.45µm
net1311,95.305µm
net876,95.25µm
_02613_,95.185µm
net185,95.125µm
net255,95.085µm
_01767_,94.94µm
_02882_,94.8µm
_02254_,94.65µm
u_picorv32.picorv32_core.reg_out\[6\],94.56µm
net234,94.555µm
_01754_,94.455µm
net945,94.35µm
_01720_,94.255µm
_02833_,94.23µm
net154,94.15µm
u_picorv32.picorv32_core.count_instr\[10\],94.115µm
u_picorv32.picorv32_core.count_cycle\[25\],94.08µm
_05946_,94.03µm
net944,94.015µm
_05849_,93.96µm
_03363_,93.915µm
u_picorv32.picorv32_core.mem_rdata_q\[30\],93.91µm
u_picorv32.picorv32_core.reg_out\[2\],93.875µm
net731,93.815µm
_02825_,93.79µm
u_picorv32.picorv32_core.count_instr\[24\],93.755µm
net231,93.655µm
net1192,93.565µm
_04061_,93.54µm
_05588_,93.525µm
net381,93.465µm
_02891_,93.31µm
net522,93.305µm
_02106_,93.3µm
u_picorv32.picorv32_core.mem_do_prefetch,93.205µm
net1399,93.195µm
net1355,93.095µm
_05608_,93µm
_01687_,92.985µm
net1187,92.77µm
net762,92.76µm
_01573_,92.58µm
_01550_,92.49µm
net800,92.365µm
_02539_,92.21µm
net528,92.155µm
net891,92.155µm
_02992_,91.98µm
net1064,91.975µm
net209,91.935µm
net696,91.935µm
net827,91.9µm
net290,91.675µm
net842,91.58µm
net1319,91.53µm
net394,91.32µm
clknet_4_7_0_clk_i,91.295µm
u_picorv32.picorv32_core.count_cycle\[52\],91.27µm
_02327_,91.135µm
_03648_,91.07µm
_02086_,90.99µm
_02828_,90.85µm
u_picorv32.picorv32_core.count_cycle\[32\],90.755µm
_03268_,90.75µm
net849,90.73µm
u_picorv32.picorv32_core.reg_next_pc\[13\],90.68µm
_02698_,90.62µm
_02819_,90.615µm
_05450_,90.565µm
net303,90.42µm
net1016,90.365µm
net7,90.33µm
net1188,90.275µm
_05919_,90.185µm
net753,90.105µm
_03431_,90µm
u_picorv32.picorv32_core.reg_pc\[4\],89.685µm
net884,89.635µm
net1390,89.625µm
_04093_,89.485µm
net1190,89.45µm
net521,89.42µm
_03396_,89.34µm
_05499_,89.305µm
_05294_,89.19µm
_03479_,89.16µm
_02479_,89.1µm
net589,89.085µm
_04103_,89.04µm
net1193,88.9µm
net1357,88.85µm
_04813_,88.815µm
_01845_,88.69µm
u_picorv32.picorv32_core.alu_out_q\[26\],88.62µm
net743,88.615µm
net496,88.555µm
net541,88.545µm
net1275,88.44µm
_03235_,88.345µm
u_picorv32.picorv32_core.count_instr\[27\],87.94µm
u_picorv32.picorv32_core.count_instr\[25\],87.79µm
net1004,87.765µm
_02191_,87.69µm
u_picorv32.picorv32_core.alu_out\[30\],87.66µm
_01547_,87.56µm
_02952_,87.49µm
net867,87.49µm
_00008_,87.45µm
net1301,87.44µm
_02977_,87.43µm
_02402_,87.42µm
_05982_,87.38µm
_01594_,87.36µm
_01560_,87.175µm
_03533_,87.15µm
net960,87.145µm
net723,87.12µm
_02865_,87.03µm
net259,87.01µm
_05436_,86.79µm
net973,86.735µm
net600,86.715µm
_02993_,86.685µm
u_picorv32.picorv32_core.alu_out\[23\],86.48µm
u_picorv32.picorv32_core.count_cycle\[0\],86.15µm
net793,86.09µm
net1149,86.05µm
u_picorv32.picorv32_core.decoded_imm_j\[6\],85.815µm
net161,85.8µm
_03258_,85.735µm
net1067,85.59µm
net972,85.42µm
_02594_,85.34µm
net207,85.34µm
net190,85.33µm
_00020_,85.27µm
net4,85.26µm
u_picorv32.picorv32_core.alu_out\[24\],84.97µm
_00021_,84.96µm
net1008,84.885µm
net974,84.785µm
_03518_,84.73µm
net163,84.6µm
net292,84.52µm
_03437_,84.375µm
net736,84.375µm
_03088_,84.31µm
_00022_,84.19µm
_05935_,84.125µm
net1314,84.08µm
_05320_,84.06µm
_02518_,84.01µm
_05945_,83.92µm
net1186,83.9µm
_02797_,83.89µm
u_picorv32.picorv32_core.alu_out\[8\],83.82µm
_05318_,83.77µm
net1037,83.705µm
_01975_,83.65µm
_02427_,83.64µm
net220,83.6µm
u_picorv32.picorv32_core.alu_out\[29\],83.46µm
_02945_,83.16µm
u_picorv32.picorv32_core.count_instr\[18\],83.085µm
u_picorv32.picorv32_core.reg_out\[1\],83.085µm
_03240_,83.05µm
net992,82.96µm
u_picorv32.picorv32_core.reg_next_pc\[31\],82.8µm
net533,82.8µm
net724,82.66µm
_03706_,82.64µm
_05189_,82.62µm
_05722_,82.38µm
u_picorv32.picorv32_core.alu_out_q\[30\],82.38µm
u_picorv32.picorv32_core.decoded_imm\[16\],82.28µm
_01869_,82.19µm
net1177,82.18µm
_02025_,82.12µm
net1368,82.05µm
net704,82.025µm
_04102_,81.85µm
_02281_,81.79µm
u_picorv32.picorv32_core.instr_and,81.67µm
net1253,81.62µm
net177,81.615µm
_05684_,81.6µm
net1156,81.58µm
net218,81.41µm
_05874_,81.31µm
_03130_,81.25µm
net505,81.03µm
_01934_,80.98µm
_03424_,80.925µm
net1029,80.92µm
u_picorv32.picorv32_core.count_cycle\[50\],80.885µm
_03178_,80.83µm
_02182_,80.785µm
_02268_,80.76µm
_04380_,80.73µm
net212,80.64µm
u_picorv32.picorv32_core.alu_out\[16\],80.48µm
net1332,80.275µm
net501,80.025µm
_05987_,79.81µm
u_picorv32.picorv32_core.count_cycle\[24\],79.635µm
net205,79.62µm
net818,79.505µm
net606,79.48µm
_03060_,79.44µm
_05514_,79.39µm
net301,79.325µm
_02926_,79.18µm
_02584_,78.97µm
u_picorv32.picorv32_core.count_instr\[0\],78.965µm
net29,78.96µm
net1318,78.85µm
net3047,78.84µm
u_picorv32.picorv32_core.reg_pc\[27\],78.78µm
_05346_,78.73µm
_05420_,78.73µm
u_picorv32.picorv32_core.count_instr\[32\],78.655µm
u_picorv32.picorv32_core.alu_out\[28\],78.63µm
net562,78.495µm
net976,78.49µm
_03394_,78.36µm
_01404_,78.3µm
u_picorv32.picorv32_core.alu_out_q\[31\],78.3µm
_05980_,78.24µm
_03368_,78.2µm
net235,78.005µm
_02105_,77.94µm
u_picorv32.picorv32_core.decoded_imm_j\[15\],77.92µm
_03997_,77.81µm
u_picorv32.picorv32_core.count_instr\[48\],77.66µm
u_picorv32.picorv32_core.instr_bne,77.56µm
net3041,77.52µm
net555,77.49µm
u_picorv32.picorv32_core.count_cycle\[53\],77.475µm
net15,77.46µm
net1185,77.43µm
_04236_,77.3µm
_03201_,77.21µm
_05632_,77.17µm
u_picorv32.picorv32_core.count_cycle\[15\],77.155µm
_02980_,77.12µm
_01943_,77.02µm
_02008_,76.78µm
u_picorv32.picorv32_core.count_cycle\[45\],76.57µm
_02570_,76.51µm
u_picorv32.picorv32_core.instr_lui,76.4µm
net1028,76.39µm
u_picorv32.picorv32_core.decoder_pseudo_trigger,76.38µm
u_picorv32.picorv32_core.reg_out\[5\],76.355µm
net641,76.345µm
_02171_,76.14µm
net3,76.125µm
u_picorv32.picorv32_core.count_cycle\[31\],76.125µm
u_picorv32.picorv32_core.count_instr\[23\],75.99µm
net214,75.94µm
u_picorv32.picorv32_core.count_instr\[39\],75.7µm
_05643_,75.6µm
net1197,75.57µm
_03230_,75.37µm
_03376_,75.335µm
_04934_,75.31µm
u_picorv32.picorv32_core.alu_out_q\[6\],75.31µm
_05561_,75.12µm
_02363_,75.07µm
_02229_,74.955µm
_03385_,74.85µm
net196,74.79µm
net254,74.765µm
_04878_,74.7µm
_02488_,74.545µm
_03875_,74.505µm
_01763_,74.34µm
u_picorv32.picorv32_core.alu_out_q\[27\],74.34µm
_02084_,74.31µm
_03150_,74.31µm
u_picorv32.picorv32_core.instr_lh,74.305µm
_03741_,74.02µm
net1191,73.805µm
_04971_,73.62µm
_01559_,73.495µm
net1044,73.435µm
_02928_,73.39µm
u_picorv32.picorv32_core.count_cycle\[51\],73.295µm
_01558_,73.27µm
_02854_,73.26µm
net557,73.22µm
net136,73.185µm
net640,73.08µm
u_picorv32.picorv32_core.decoded_imm_j\[16\],73.02µm
_01650_,72.99µm
net1392,72.865µm
_03128_,72.85µm
_02056_,72.81µm
_02075_,72.78µm
net962,72.675µm
u_picorv32.pcpi_rs2\[1\],72.42µm
net1022,72.375µm
u_picorv32.picorv32_core.mem_rdata_q\[9\],72.345µm
u_picorv32.picorv32_core.count_instr\[52\],72.07µm
_02377_,72.04µm
u_picorv32.picorv32_core.alu_out_q\[5\],72.01µm
_03673_,71.925µm
_03853_,71.89µm
_05304_,71.89µm
_02095_,71.65µm
_01694_,71.605µm
u_picorv32.picorv32_core.count_instr\[1\],71.405µm
_04436_,71.4µm
u_picorv32.picorv32_core.count_instr\[36\],71.25µm
net510,71.215µm
net1161,71.19µm
_02208_,71.17µm
net1167,71.05µm
_01938_,71µm
_05859_,70.845µm
_02064_,70.68µm
_01742_,70.62µm
u_picorv32.picorv32_core.alu_out\[1\],70.62µm
u_picorv32.picorv32_core.instr_sh,70.59µm
_03226_,70.56µm
u_picorv32.picorv32_core.count_cycle\[22\],70.5µm
net610,70.415µm
_01402_,70.32µm
net1051,70.305µm
net504,70.275µm
_04086_,70.27µm
_01989_,70.215µm
_04734_,70.14µm
u_picorv32.picorv32_core.alu_out\[20\],70.09µm
_02109_,70.08µm
_02141_,70.055µm
u_picorv32.picorv32_core.count_instr\[53\],70.035µm
_02823_,69.925µm
u_picorv32.picorv32_core.reg_out\[4\],69.835µm
_01585_,69.78µm
u_picorv32.picorv32_core.count_instr\[26\],69.68µm
net669,69.645µm
_04653_,69.625µm
_05500_,69.56µm
_03404_,69.55µm
net649,69.45µm
u_picorv32.picorv32_core.count_instr\[28\],69.39µm
_02510_,69.37µm
_01751_,69.33µm
u_picorv32.picorv32_core.count_cycle\[44\],69.225µm
u_picorv32.picorv32_core.instr_slli,69.2µm
net601,69.15µm
_05126_,69.12µm
_02979_,69µm
net1038,68.97µm
_04104_,68.88µm
_03065_,68.86µm
_03191_,68.85µm
_05619_,68.82µm
_03375_,68.795µm
_02346_,68.7µm
u_picorv32.picorv32_core.count_instr\[29\],68.5µm
_01684_,68.495µm
net1006,68.415µm
net730,68.37µm
u_picorv32.picorv32_core.reg_out\[3\],68.355µm
_03389_,68.345µm
_02946_,68.29µm
net5,68.185µm
_02503_,68.1µm
u_picorv32.picorv32_core.count_cycle\[40\],68.065µm
_02007_,67.75µm
_02288_,67.485µm
net3030,67.435µm
_05657_,67.32µm
net405,67.3µm
_01902_,67.16µm
_02814_,67.09µm
_02576_,67.08µm
_02765_,66.93µm
net568,66.92µm
_04955_,66.9µm
net985,66.805µm
_02101_,66.72µm
_02420_,66.56µm
_03416_,66.465µm
_05589_,66.425µm
_05525_,66.41µm
_04791_,66.355µm
_03066_,66.35µm
u_picorv32.picorv32_core.mem_rdata_q\[7\],66.32µm
_01639_,66.25µm
_03292_,66.25µm
net622,66.19µm
_02435_,66.13µm
_01556_,66.12µm
net918,66.09µm
net302,66.07µm
_05479_,66.01µm
_00031_,65.96µm
_05670_,65.76µm
_03420_,65.535µm
_02617_,65.49µm
_02273_,65.41µm
net30,65.29µm
_01668_,65.28µm
u_picorv32.picorv32_core.mem_do_rdata,65.275µm
u_picorv32.picorv32_core.count_cycle\[49\],65.22µm
u_picorv32.picorv32_core.alu_out\[9\],65.17µm
u_picorv32.picorv32_core.instr_auipc,65.11µm
_03371_,65.06µm
_02074_,64.97µm
_01928_,64.87µm
net502,64.86µm
u_picorv32.picorv32_core.instr_lb,64.82µm
_01617_,64.685µm
_04320_,64.68µm
_03303_,64.57µm
_03129_,64.52µm
_01395_,64.34µm
_05240_,64.33µm
net642,64.315µm
_02212_,64.21µm
_05521_,64.2µm
_02380_,64.185µm
u_picorv32.axi_adapter.mem_valid,64.185µm
net492,64.165µm
_05267_,64.02µm
_05333_,63.96µm
net3022,63.92µm
_01946_,63.74µm
_02183_,63.705µm
_02289_,63.565µm
_05611_,63.56µm
_05019_,63.42µm
u_picorv32.picorv32_core.reg_pc\[18\],63.365µm
_04958_,63.31µm
_03361_,63.29µm
_05351_,63.135µm
_05117_,63.13µm
u_picorv32.picorv32_core.instr_bgeu,63.02µm
_04784_,63µm
net968,62.905µm
_05033_,62.82µm
u_picorv32.picorv32_core.count_instr\[21\],62.795µm
_05747_,62.77µm
u_picorv32.picorv32_core.count_cycle\[12\],62.76µm
_05278_,62.53µm
_05330_,62.46µm
u_picorv32.picorv32_core.count_cycle\[54\],62.43µm
_05245_,62.35µm
_05531_,62.35µm
_01801_,62.345µm
u_picorv32.picorv32_core.count_instr\[44\],62.275µm
_04980_,62.16µm
u_picorv32.picorv32_core.count_cycle\[9\],62.16µm
u_picorv32.picorv32_core.count_instr\[33\],62.1µm
u_picorv32.picorv32_core.count_instr\[4\],61.83µm
_03336_,61.68µm
net556,61.53µm
_01397_,61.5µm
net1196,61.47µm
u_picorv32.picorv32_core.alu_out\[12\],61.03µm
_03335_,60.99µm
net507,60.94µm
u_picorv32.picorv32_core.count_instr\[2\],60.845µm
_03945_,60.84µm
u_picorv32.picorv32_core.alu_out_q\[12\],60.67µm
u_picorv32.picorv32_core.count_instr\[61\],60.55µm
u_picorv32.picorv32_core.count_cycle\[42\],60.51µm
_05617_,60.5µm
_01900_,60.475µm
_05457_,60.425µm
net3054,60.3µm
u_picorv32.picorv32_core.count_cycle\[23\],60.18µm
_05121_,60.12µm
_02388_,60.01µm
_02878_,59.985µm
_03364_,59.93µm
net33,59.865µm
_05922_,59.775µm
_03412_,59.66µm
u_picorv32.picorv32_core.decoded_imm\[1\],59.28µm
_01693_,59.21µm
u_picorv32.picorv32_core.count_cycle\[4\],59.18µm
_05474_,59.17µm
_02794_,59.16µm
u_picorv32.picorv32_core.instr_sll,58.94µm
_02857_,58.84µm
u_picorv32.picorv32_core.count_instr\[22\],58.825µm
_04921_,58.8µm
net978,58.61µm
u_picorv32.picorv32_core.reg_next_pc\[12\],58.55µm
_02001_,58.52µm
_02580_,58.45µm
net1056,58.445µm
_03333_,58.39µm
u_picorv32.picorv32_core.reg_pc\[3\],58.29µm
net977,58.22µm
u_picorv32.picorv32_core.cpu_state\[0\],58.17µm
_02396_,58.15µm
net391,58.135µm
_00032_,58.09µm
_01736_,57.945µm
u_picorv32.picorv32_core.count_instr\[62\],57.855µm
_02245_,57.85µm
net928,57.85µm
_02509_,57.84µm
u_picorv32.picorv32_core.alu_out\[17\],57.84µm
net6,57.81µm
_01843_,57.66µm
u_picorv32.picorv32_core.count_cycle\[48\],57.57µm
_01991_,57.515µm
net925,57.45µm
net1320,57.39µm
_01865_,57.38µm
_03992_,57.19µm
_02286_,57.13µm
_03357_,57.13µm
_02310_,57.12µm
_05820_,57.1µm
u_picorv32.picorv32_core.count_cycle\[17\],57.015µm
u_picorv32.picorv32_core.count_cycle\[37\],57.015µm
_05406_,56.95µm
net553,56.905µm
_02900_,56.88µm
_03108_,56.855µm
net508,56.565µm
_05096_,56.53µm
_01685_,56.52µm
_02127_,56.52µm
_04967_,56.46µm
_02687_,56.385µm
u_picorv32.picorv32_core.mem_rdata_q\[8\],56.36µm
net1299,56.36µm
_01929_,56.29µm
_03408_,56.19µm
_05137_,56.16µm
_02688_,56.04µm
_05556_,55.99µm
u_picorv32.picorv32_core.is_jalr_addi_slti_sltiu_xori_ori_andi,55.9µm
_04189_,55.87µm
u_picorv32.picorv32_core.reg_next_pc\[28\],55.87µm
net532,55.865µm
_05606_,55.86µm
net197,55.825µm
_02462_,55.74µm
u_picorv32.picorv32_core.count_cycle\[34\],55.735µm
_01803_,55.63µm
_02721_,55.53µm
_04944_,55.4µm
_05200_,55.33µm
_03090_,55.285µm
net1180,55.05µm
u_picorv32.picorv32_core.count_instr\[41\],55.045µm
_05947_,54.98µm
u_picorv32.picorv32_core.reg_pc\[2\],54.98µm
u_picorv32.picorv32_core.count_cycle\[1\],54.79µm
net34,54.78µm
net1181,54.775µm
_01870_,54.67µm
_03486_,54.67µm
_02614_,54.54µm
_05335_,54.54µm
_05403_,54.42µm
_05518_,54.36µm
_01832_,54.335µm
_03168_,54.335µm
net646,54.31µm
_01910_,54.18µm
u_picorv32.picorv32_core.count_cycle\[43\],54.03µm
net1322,53.915µm
_03236_,53.79µm
_04072_,53.77µm
net151,53.73µm
_03274_,53.68µm
u_picorv32.picorv32_core.reg_pc\[24\],53.655µm
_02600_,53.65µm
net486,53.6µm
_04524_,53.58µm
u_picorv32.picorv32_core.reg_next_pc\[18\],53.555µm
u_picorv32.picorv32_core.alu_out\[21\],53.52µm
_01700_,53.385µm
_03325_,53.345µm
u_picorv32.picorv32_core.mem_rdata_q\[18\],53.335µm
net941,53.27µm
_02175_,53.265µm
_02021_,53.26µm
net558,53.25µm
net979,53.25µm
_04172_,53.16µm
u_picorv32.picorv32_core.count_cycle\[33\],53.115µm
_05755_,53.07µm
u_picorv32.picorv32_core.mem_rdata_q\[19\],53.045µm
_05007_,53.04µm
u_picorv32.picorv32_core.count_cycle\[56\],52.96µm
net1178,52.955µm
_02173_,52.815µm
_03745_,52.705µm
_04710_,52.68µm
_04075_,52.625µm
_04124_,52.62µm
_04945_,52.57µm
_02017_,52.525µm
_01892_,52.505µm
_01553_,52.4µm
_05986_,52.27µm
_02866_,52.095µm
_02813_,52.05µm
u_picorv32.picorv32_core.count_cycle\[13\],52.035µm
net663,51.955µm
_02282_,51.92µm
_02504_,51.91µm
u_picorv32.picorv32_core.reg_pc\[9\],51.81µm
_03358_,51.805µm
u_picorv32.picorv32_core.count_instr\[49\],51.745µm
_04084_,51.67µm
_02322_,51.66µm
u_picorv32.picorv32_core.count_instr\[30\],51.57µm
net1317,51.57µm
_03332_,51.51µm
_02022_,51.43µm
_05934_,51.43µm
_04259_,51.31µm
net565,51.31µm
_04651_,51.3µm
_01770_,51.265µm
u_picorv32.picorv32_core.alu_out\[3\],51.25µm
_03252_,51.22µm
_02893_,51.165µm
net251,51.155µm
u_picorv32.picorv32_core.count_cycle\[39\],51.14µm
u_picorv32.picorv32_core.count_instr\[46\],51.095µm
_05477_,51.07µm
_01733_,51.035µm
_02300_,51µm
_05357_,50.87µm
net590,50.78µm
_05161_,50.77µm
_01593_,50.76µm
u_picorv32.picorv32_core.decoded_imm\[9\],50.705µm
_04650_,50.7µm
net915,50.695µm
_01956_,50.665µm
net1153,50.615µm
_02202_,50.53µm
_05081_,50.22µm
_05669_,50.2µm
_01714_,50.145µm
u_picorv32.picorv32_core.count_cycle\[57\],50.12µm
_05419_,49.92µm
_03439_,49.835µm
net754,49.7µm
u_picorv32.picorv32_core.count_cycle\[6\],49.665µm
_02452_,49.58µm
_02521_,49.545µm
u_picorv32.picorv32_core.count_instr\[5\],49.49µm
_02696_,49.465µm
u_picorv32.picorv32_core.instr_sltiu,49.38µm
_03296_,49.335µm
_02324_,49.085µm
u_picorv32.picorv32_core.count_instr\[43\],49.025µm
u_picorv32.picorv32_core.alu_out_q\[10\],48.96µm
u_picorv32.picorv32_core.cpuregs\[22\]\[24\],48.935µm
_05651_,48.805µm
_02849_,48.8µm
u_picorv32.picorv32_core.count_cycle\[46\],48.75µm
_02563_,48.72µm
net377,48.705µm
_02967_,48.685µm
_05328_,48.66µm
net1179,48.595µm
_05058_,48.54µm
_02446_,48.525µm
_04995_,48.48µm
_01960_,48.475µm
_04595_,48.43µm
net287,48.43µm
_03182_,48.37µm
_05683_,48.36µm
_01983_,48.26µm
_04504_,48.25µm
_05265_,48.24µm
_04806_,48.12µm
_05041_,48.06µm
net984,47.96µm
_05070_,47.95µm
_03413_,47.905µm
_02906_,47.77µm
_05570_,47.76µm
_02528_,47.68µm
_02638_,47.64µm
_03432_,47.58µm
_04394_,47.485µm
u_picorv32.picorv32_core.reg_pc\[28\],47.48µm
_01662_,47.425µm
_02492_,47.32µm
_04856_,47.29µm
_05639_,47.29µm
_05068_,47.28µm
_05085_,47.23µm
net1289,47.17µm
net1344,47.14µm
_04318_,46.99µm
_05846_,46.865µm
u_picorv32.picorv32_core.reg_next_pc\[15\],46.865µm
_04933_,46.86µm
_01678_,46.81µm
net1154,46.795µm
u_picorv32.picorv32_core.count_cycle\[58\],46.69µm
u_picorv32.picorv32_core.count_instr\[56\],46.595µm
net393,46.595µm
u_picorv32.picorv32_core.alu_out\[19\],46.59µm
_02802_,46.56µm
u_picorv32.picorv32_core.count_instr\[40\],46.46µm
_05050_,46.45µm
_05094_,46.45µm
_01595_,46.445µm
_03434_,46.385µm
_05485_,46.3µm
_03975_,46.14µm
u_picorv32.picorv32_core.count_instr\[58\],46.07µm
_01406_,46.03µm
_02790_,46.02µm
_02989_,46.02µm
_05483_,45.955µm
_05840_,45.955µm
_05170_,45.91µm
_01554_,45.85µm
u_picorv32.picorv32_core.alu_out\[2\],45.8µm
_01955_,45.78µm
_04501_,45.73µm
_04121_,45.54µm
_05376_,45.54µm
_04018_,45.48µm
_02184_,45.38µm
_05695_,45.37µm
_03320_,45.345µm
u_picorv32.picorv32_core.count_cycle\[2\],45.315µm
_02816_,45.3µm
_05102_,45.19µm
u_picorv32.picorv32_core.mem_state\[0\],45.185µm
_03287_,45.18µm
u_picorv32.picorv32_core.alu_out_q\[3\],45.18µm
_02941_,45.145µm
_01939_,45.14µm
_03062_,45.11µm
_03205_,45.075µm
_03537_,45.01µm
u_picorv32.picorv32_core.count_cycle\[29\],44.99µm
_03309_,44.97µm
_01785_,44.955µm
_05183_,44.94µm
_01821_,44.89µm
_02545_,44.88µm
_03308_,44.88µm
_05235_,44.88µm
_04871_,44.82µm
net167,44.805µm
u_picorv32.picorv32_core.cpuregs\[9\]\[31\],44.775µm
net1060,44.75µm
net986,44.73µm
_04350_,44.64µm
_05343_,44.64µm
_01555_,44.625µm
_04285_,44.59µm
u_picorv32.picorv32_core.cpuregs\[21\]\[6\],44.535µm
_05119_,44.52µm
_03079_,44.44µm
_01805_,44.435µm
_04638_,44.4µm
_05150_,44.36µm
_03051_,44.31µm
u_picorv32.picorv32_core.mem_do_rinst,44.245µm
_04261_,44.125µm
u_picorv32.picorv32_core.cpuregs\[22\]\[16\],44.12µm
u_picorv32.picorv32_core.cpuregs\[2\]\[2\],44.05µm
u_picorv32.picorv32_core.count_cycle\[19\],43.945µm
u_picorv32.picorv32_core.cpuregs\[16\]\[21\],43.89µm
_01542_,43.875µm
u_picorv32.picorv32_core.count_cycle\[10\],43.845µm
u_picorv32.picorv32_core.count_cycle\[16\],43.755µm
u_picorv32.picorv32_core.reg_out\[16\],43.69µm
_03845_,43.65µm
_04713_,43.64µm
u_picorv32.picorv32_core.count_instr\[38\],43.62µm
_05978_,43.57µm
_05219_,43.56µm
u_picorv32.picorv32_core.count_instr\[60\],43.51µm
_04000_,43.505µm
u_picorv32.picorv32_core.count_instr\[54\],43.5µm
_05438_,43.47µm
u_picorv32.picorv32_core.cpuregs\[22\]\[25\],43.35µm
_03694_,43.33µm
_04810_,43.33µm
_03697_,43.27µm
_02565_,43.2µm
_05004_,43.14µm
_03275_,43.135µm
_02936_,43.08µm
u_picorv32.picorv32_core.mem_rdata_q\[31\],43.075µm
u_picorv32.picorv32_core.cpuregs\[26\]\[22\],43.04µm
_02148_,42.98µm
_04870_,42.96µm
u_picorv32.picorv32_core.count_instr\[37\],42.87µm
_01807_,42.84µm
_01874_,42.835µm
u_picorv32.picorv32_core.cpuregs\[30\]\[2\],42.835µm
u_picorv32.picorv32_core.cpuregs\[14\]\[29\],42.76µm
_01726_,42.73µm
_05544_,42.73µm
u_picorv32.picorv32_core.count_instr\[55\],42.685µm
_01795_,42.66µm
u_picorv32.picorv32_core.cpuregs\[21\]\[28\],42.595µm
u_picorv32.picorv32_core.instr_fence,42.525µm
_04854_,42.49µm
_02676_,42.44µm
u_picorv32.picorv32_core.cpuregs\[30\]\[17\],42.415µm
_03651_,42.36µm
u_picorv32.picorv32_core.cpuregs\[29\]\[15\],42.33µm
u_picorv32.picorv32_core.cpuregs\[26\]\[14\],42.26µm
_02035_,42.2µm
net109,42.06µm
u_picorv32.picorv32_core.cpuregs\[13\]\[27\],42.03µm
_04054_,42µm
_01717_,41.94µm
_03030_,41.82µm
u_picorv32.picorv32_core.count_instr\[45\],41.81µm
_02943_,41.76µm
_05429_,41.7µm
u_picorv32.picorv32_core.cpuregs\[14\]\[22\],41.695µm
_02266_,41.66µm
_04101_,41.64µm
u_picorv32.picorv32_core.cpuregs\[7\]\[14\],41.615µm
_02058_,41.59µm
_04448_,41.59µm
u_picorv32.picorv32_core.reg_next_pc\[26\],41.54µm
_05697_,41.53µm
_02113_,41.52µm
_03304_,41.48µm
_02019_,41.42µm
_04114_,41.41µm
_03593_,41.36µm
_05462_,41.305µm
_02248_,41.29µm
_02603_,41.28µm
_05083_,41.28µm
_05680_,41.23µm
_04930_,41.205µm
_02966_,41.2µm
_03242_,41.175µm
_03380_,41.175µm
_05895_,41.17µm
u_picorv32.picorv32_core.alu_out_q\[28\],41.17µm
net148,41.145µm
net117,41.12µm
_01632_,40.99µm
_03175_,40.985µm
_03356_,40.975µm
_05158_,40.965µm
u_picorv32.picorv32_core.cpuregs\[22\]\[6\],40.935µm
u_picorv32.picorv32_core.mem_rdata_q\[16\],40.93µm
_01643_,40.88µm
_05642_,40.88µm
_05541_,40.875µm
_02228_,40.87µm
u_picorv32.picorv32_core.alu_out_q\[11\],40.86µm
u_picorv32.picorv32_core.count_cycle\[41\],40.86µm
_02415_,40.81µm
_02742_,40.8µm
u_picorv32.picorv32_core.count_cycle\[11\],40.795µm
_05708_,40.775µm
u_picorv32.picorv32_core.cpuregs\[29\]\[13\],40.745µm
_04481_,40.63µm
_05142_,40.62µm
u_picorv32.picorv32_core.cpuregs\[22\]\[12\],40.605µm
_04043_,40.57µm
_05445_,40.44µm
u_picorv32.picorv32_core.cpuregs\[24\]\[16\],40.39µm
_05063_,40.38µm
_05441_,40.265µm
_01793_,40.215µm
_03169_,40.21µm
u_picorv32.picorv32_core.cpuregs\[15\]\[22\],40.18µm
_01987_,40.15µm
_03355_,40.09µm
_04122_,40.09µm
_01620_,40.085µm
_02761_,40.08µm
u_picorv32.picorv32_core.alu_out_q\[2\],39.96µm
_03047_,39.92µm
u_picorv32.picorv32_core.count_instr\[20\],39.92µm
_03281_,39.83µm
u_picorv32.picorv32_core.cpuregs\[22\]\[28\],39.8µm
_02440_,39.79µm
_04313_,39.73µm
_01848_,39.72µm
_05110_,39.715µm
_03855_,39.55µm
_02460_,39.49µm
_03922_,39.49µm
_05586_,39.49µm
u_picorv32.picorv32_core.alu_out\[25\],39.48µm
u_picorv32.picorv32_core.decoded_rd\[2\],39.475µm
u_picorv32.picorv32_core.cpuregs\[10\]\[20\],39.445µm
net113,39.42µm
_03405_,39.37µm
_01557_,39.355µm
net988,39.33µm
_05635_,39.31µm
u_picorv32.picorv32_core.count_instr\[47\],39.3µm
_03688_,39.285µm
_01787_,39.275µm
u_picorv32.picorv32_core.cpuregs\[24\]\[29\],39.275µm
u_picorv32.picorv32_core.instr_srli,39.235µm
u_picorv32.picorv32_core.cpuregs\[8\]\[2\],39.215µm
_04588_,39.18µm
_03280_,39.13µm
_04166_,39.13µm
u_picorv32.picorv32_core.count_instr\[63\],39.13µm
u_picorv32.picorv32_core.cpuregs\[8\]\[21\],39.06µm
u_picorv32.picorv32_core.cpuregs\[2\]\[3\],38.89µm
_04640_,38.88µm
_02787_,38.875µm
u_picorv32.picorv32_core.count_cycle\[60\],38.84µm
_05341_,38.83µm
u_picorv32.picorv32_core.cpuregs\[22\]\[31\],38.79µm
u_picorv32.picorv32_core.count_cycle\[8\],38.785µm
u_picorv32.picorv32_core.cpuregs\[14\]\[16\],38.785µm
_01781_,38.78µm
_04959_,38.77µm
_05238_,38.77µm
u_picorv32.picorv32_core.cpuregs\[16\]\[12\],38.72µm
_02222_,38.655µm
net983,38.605µm
_04383_,38.59µm
u_picorv32.picorv32_core.cpuregs\[22\]\[22\],38.575µm
u_picorv32.picorv32_core.cpuregs\[5\]\[22\],38.575µm
u_picorv32.picorv32_core.cpuregs\[23\]\[10\],38.55µm
_05139_,38.52µm
u_picorv32.picorv32_core.cpuregs\[4\]\[5\],38.485µm
_03172_,38.48µm
u_picorv32.picorv32_core.cpuregs\[29\]\[23\],38.47µm
_01864_,38.46µm
_01994_,38.46µm
u_picorv32.picorv32_core.cpuregs\[9\]\[21\],38.41µm
_05212_,38.4µm
u_picorv32.picorv32_core.instr_lbu,38.355µm
_05196_,38.35µm
u_picorv32.picorv32_core.cpuregs\[27\]\[12\],38.325µm
_02305_,38.28µm
_02640_,38.28µm
u_picorv32.picorv32_core.count_instr\[11\],38.255µm
_05017_,38.22µm
_05221_,38.11µm
_04450_,38.085µm
net1155,38.065µm
_04507_,38.05µm
u_picorv32.picorv32_core.alu_out_q\[1\],38.04µm
u_picorv32.picorv32_core.cpuregs\[27\]\[16\],38.035µm
u_picorv32.picorv32_core.count_instr\[51\],38.02µm
u_picorv32.picorv32_core.cpuregs\[22\]\[19\],38.01µm
u_picorv32.picorv32_core.cpuregs\[7\]\[27\],38.005µm
_05276_,37.99µm
u_picorv32.picorv32_core.cpuregs\[17\]\[24\],37.95µm
_05496_,37.93µm
_01711_,37.895µm
_02093_,37.87µm
u_picorv32.picorv32_core.reg_next_pc\[27\],37.87µm
_02636_,37.865µm
u_picorv32.picorv32_core.cpuregs\[10\]\[5\],37.84µm
_05640_,37.835µm
_03789_,37.81µm
u_picorv32.picorv32_core.cpuregs\[30\]\[20\],37.74µm
_05509_,37.69µm
_05044_,37.63µm
u_picorv32.picorv32_core.cpuregs\[9\]\[7\],37.63µm
u_picorv32.picorv32_core.cpuregs\[4\]\[9\],37.57µm
_03799_,37.53µm
_05026_,37.5µm
net137,37.475µm
u_picorv32.picorv32_core.cpuregs\[29\]\[16\],37.465µm
_03286_,37.46µm
u_picorv32.picorv32_core.cpuregs\[31\]\[4\],37.45µm
u_picorv32.picorv32_core.decoded_rd\[3\],37.43µm
_02779_,37.32µm
_05247_,37.305µm
_04964_,37.245µm
_03444_,37.135µm
u_picorv32.picorv32_core.cpuregs\[31\]\[10\],37.135µm
_04020_,37.09µm
_03107_,37.02µm
u_picorv32.picorv32_core.cpuregs\[25\]\[21\],36.985µm
_04916_,36.97µm
_05218_,36.96µm
_01543_,36.92µm
u_picorv32.picorv32_core.alu_out\[6\],36.91µm
_04303_,36.9µm
_04886_,36.895µm
_03693_,36.84µm
_05284_,36.825µm
_04184_,36.775µm
_01663_,36.765µm
_04207_,36.73µm
_03902_,36.7µm
u_picorv32.picorv32_core.cpuregs\[10\]\[25\],36.7µm
u_picorv32.picorv32_core.cpuregs\[4\]\[22\],36.68µm
u_picorv32.picorv32_core.cpuregs\[9\]\[9\],36.68µm
_05001_,36.67µm
u_picorv32.picorv32_core.cpuregs\[26\]\[28\],36.67µm
u_picorv32.picorv32_core.cpuregs\[30\]\[14\],36.67µm
u_picorv32.picorv32_core.cpuregs\[31\]\[19\],36.57µm
u_picorv32.picorv32_core.cpuregs\[29\]\[17\],36.56µm
u_picorv32.picorv32_core.cpuregs\[31\]\[31\],36.56µm
net563,36.53µm
u_picorv32.picorv32_core.cpuregs\[13\]\[30\],36.515µm
_01592_,36.435µm
u_picorv32.picorv32_core.cpuregs\[14\]\[12\],36.43µm
u_picorv32.picorv32_core.cpuregs\[27\]\[3\],36.385µm
u_picorv32.picorv32_core.cpuregs\[25\]\[27\],36.38µm
_01616_,36.36µm
_05634_,36.36µm
_03214_,36.35µm
u_picorv32.picorv32_core.cpuregs\[2\]\[20\],36.31µm
u_picorv32.picorv32_core.cpuregs\[13\]\[5\],36.265µm
u_picorv32.picorv32_core.cpuregs\[13\]\[7\],36.25µm
u_picorv32.picorv32_core.cpuregs\[0\]\[2\],36.235µm
u_picorv32.picorv32_core.cpuregs\[23\]\[21\],36.225µm
u_picorv32.picorv32_core.cpuregs\[8\]\[1\],36.22µm
net139,36.215µm
_04997_,36.2µm
u_picorv32.picorv32_core.count_cycle\[62\],36.175µm
u_picorv32.picorv32_core.cpuregs\[14\]\[19\],36.165µm
_05123_,36.13µm
u_picorv32.picorv32_core.reg_out\[10\],36.095µm
u_picorv32.picorv32_core.cpuregs\[30\]\[12\],36.05µm
u_picorv32.picorv32_core.instr_lhu,36.04µm
_03574_,36.035µm
_03601_,35.985µm
net506,35.985µm
u_picorv32.picorv32_core.cpuregs\[6\]\[28\],35.97µm
_04586_,35.95µm
_04873_,35.94µm
u_picorv32.picorv32_core.cpuregs\[21\]\[0\],35.9µm
_04663_,35.89µm
u_picorv32.picorv32_core.cpuregs\[17\]\[17\],35.89µm
_05494_,35.88µm
_05163_,35.875µm
_05175_,35.875µm
u_picorv32.picorv32_core.cpuregs\[30\]\[13\],35.84µm
_02602_,35.77µm
u_picorv32.picorv32_core.cpuregs\[23\]\[0\],35.735µm
u_picorv32.picorv32_core.cpuregs\[13\]\[21\],35.675µm
_03589_,35.65µm
_05435_,35.65µm
_01802_,35.625µm
_05273_,35.625µm
u_picorv32.picorv32_core.cpuregs\[17\]\[18\],35.605µm
u_picorv32.picorv32_core.cpuregs\[31\]\[3\],35.605µm
u_picorv32.picorv32_core.cpuregs\[14\]\[31\],35.595µm
_05300_,35.58µm
_05913_,35.58µm
_04315_,35.53µm
u_picorv32.picorv32_core.cpuregs\[17\]\[26\],35.53µm
u_picorv32.picorv32_core.cpuregs\[30\]\[10\],35.52µm
u_picorv32.picorv32_core.cpuregs\[8\]\[27\],35.52µm
net980,35.49µm
u_picorv32.picorv32_core.cpuregs\[22\]\[0\],35.485µm
u_picorv32.picorv32_core.cpuregs\[5\]\[12\],35.465µm
u_picorv32.picorv32_core.cpuregs\[16\]\[7\],35.43µm
u_picorv32.picorv32_core.cpuregs\[20\]\[24\],35.43µm
u_picorv32.picorv32_core.cpuregs\[22\]\[1\],35.43µm
u_picorv32.picorv32_core.cpuregs\[23\]\[2\],35.425µm
u_picorv32.picorv32_core.cpuregs\[5\]\[18\],35.425µm
u_picorv32.picorv32_core.instr_lw,35.415µm
u_picorv32.picorv32_core.count_cycle\[55\],35.395µm
u_picorv32.picorv32_core.cpuregs\[13\]\[20\],35.395µm
u_picorv32.picorv32_core.cpuregs\[0\]\[20\],35.35µm
_02507_,35.34µm
_05168_,35.34µm
_02242_,35.29µm
u_picorv32.picorv32_core.cpuregs\[21\]\[8\],35.255µm
_01764_,35.245µm
u_picorv32.picorv32_core.cpuregs\[15\]\[3\],35.245µm
_04368_,35.23µm
u_picorv32.picorv32_core.cpuregs\[14\]\[2\],35.23µm
_02258_,35.18µm
u_picorv32.picorv32_core.cpuregs\[21\]\[20\],35.175µm
_04371_,35.16µm
_05302_,35.16µm
u_picorv32.picorv32_core.cpuregs\[1\]\[2\],35.12µm
_04987_,35.11µm
u_picorv32.picorv32_core.cpuregs\[31\]\[16\],35.11µm
u_picorv32.picorv32_core.cpuregs\[1\]\[16\],35.105µm
_01788_,35.085µm
u_picorv32.picorv32_core.cpuregs\[11\]\[22\],35.065µm
u_picorv32.picorv32_core.cpuregs\[30\]\[29\],35.065µm
_03081_,35.06µm
u_picorv32.picorv32_core.cpuregs\[0\]\[28\],35.05µm
u_picorv32.picorv32_core.cpuregs\[28\]\[3\],35µm
net138,34.99µm
_03692_,34.98µm
_05195_,34.98µm
_05263_,34.975µm
_05039_,34.95µm
u_picorv32.picorv32_core.cpuregs\[31\]\[0\],34.94µm
u_picorv32.picorv32_core.cpuregs\[13\]\[28\],34.93µm
u_picorv32.picorv32_core.cpuregs\[9\]\[28\],34.92µm
u_picorv32.picorv32_core.cpuregs\[4\]\[3\],34.885µm
_04392_,34.86µm
_01407_,34.81µm
u_picorv32.picorv32_core.cpuregs\[11\]\[28\],34.78µm
_04671_,34.76µm
u_picorv32.picorv32_core.cpuregs\[30\]\[22\],34.755µm
_05511_,34.75µm
u_picorv32.picorv32_core.cpuregs\[19\]\[14\],34.75µm
_02140_,34.62µm
_05181_,34.62µm
_06017_,34.62µm
u_picorv32.picorv32_core.cpuregs\[2\]\[26\],34.605µm
u_picorv32.picorv32_core.cpuregs\[31\]\[2\],34.585µm
u_picorv32.picorv32_core.cpuregs\[16\]\[6\],34.58µm
u_picorv32.picorv32_core.cpuregs\[26\]\[10\],34.54µm
_05323_,34.51µm
_01968_,34.46µm
u_picorv32.picorv32_core.cpuregs\[3\]\[29\],34.455µm
u_picorv32.picorv32_core.cpuregs\[15\]\[24\],34.435µm
_02548_,34.39µm
u_picorv32.picorv32_core.instr_rdcycleh,34.38µm
u_picorv32.picorv32_core.cpuregs\[14\]\[23\],34.33µm
_02718_,34.3µm
u_picorv32.picorv32_core.cpuregs\[31\]\[8\],34.28µm
u_picorv32.picorv32_core.cpuregs\[22\]\[18\],34.275µm
_05214_,34.26µm
u_picorv32.picorv32_core.cpuregs\[31\]\[21\],34.255µm
_01748_,34.24µm
u_picorv32.picorv32_core.decoded_rd\[4\],34.235µm
_04744_,34.185µm
_02815_,34.175µm
u_picorv32.picorv32_core.cpuregs\[16\]\[14\],34.175µm
_03181_,34.17µm
u_picorv32.picorv32_core.cpuregs\[21\]\[21\],34.155µm
u_picorv32.picorv32_core.cpuregs\[30\]\[16\],34.155µm
u_picorv32.picorv32_core.cpuregs\[16\]\[16\],34.045µm
u_picorv32.picorv32_core.cpuregs\[2\]\[10\],34.03µm
u_picorv32.picorv32_core.cpuregs\[6\]\[9\],34.015µm
_03050_,33.98µm
_04475_,33.97µm
u_picorv32.picorv32_core.cpuregs\[1\]\[20\],33.97µm
u_picorv32.picorv32_core.cpuregs\[22\]\[27\],33.965µm
_02386_,33.91µm
_05105_,33.91µm
_03329_,33.86µm
_04920_,33.85µm
_05093_,33.85µm
_05391_,33.85µm
u_picorv32.picorv32_core.mem_rdata_q\[11\],33.85µm
u_picorv32.picorv32_core.cpuregs\[23\]\[31\],33.845µm
u_picorv32.picorv32_core.cpuregs\[13\]\[1\],33.84µm
u_picorv32.picorv32_core.cpuregs\[12\]\[30\],33.835µm
_02185_,33.79µm
_04928_,33.79µm
u_picorv32.picorv32_core.cpuregs\[27\]\[18\],33.79µm
_01899_,33.78µm
_02800_,33.78µm
u_picorv32.picorv32_core.cpuregs\[3\]\[16\],33.765µm
u_picorv32.picorv32_core.cpuregs\[17\]\[12\],33.74µm
u_picorv32.picorv32_core.cpuregs\[20\]\[17\],33.735µm
_05918_,33.72µm
_05205_,33.67µm
_03334_,33.655µm
u_picorv32.picorv32_core.cpuregs\[14\]\[18\],33.625µm
u_picorv32.picorv32_core.cpuregs\[9\]\[30\],33.62µm
_01867_,33.6µm
u_picorv32.picorv32_core.cpuregs\[6\]\[23\],33.565µm
_01981_,33.56µm
u_picorv32.picorv32_core.cpuregs\[26\]\[0\],33.555µm
_03161_,33.535µm
_05533_,33.505µm
u_picorv32.picorv32_core.cpuregs\[11\]\[0\],33.49µm
u_picorv32.picorv32_core.cpuregs\[30\]\[8\],33.485µm
_04127_,33.48µm
u_picorv32.picorv32_core.cpuregs\[30\]\[25\],33.48µm
u_picorv32.picorv32_core.cpuregs\[23\]\[7\],33.475µm
net232,33.46µm
_01648_,33.425µm
u_picorv32.picorv32_core.cpuregs\[27\]\[1\],33.425µm
u_picorv32.picorv32_core.mem_rdata_q\[5\],33.325µm
u_picorv32.picorv32_core.cpuregs\[16\]\[26\],33.32µm
_02699_,33.31µm
u_picorv32.picorv32_core.count_cycle\[28\],33.28µm
_02139_,33.27µm
u_picorv32.picorv32_core.cpuregs\[25\]\[6\],33.26µm
_02165_,33.25µm
_04949_,33.25µm
u_picorv32.picorv32_core.cpuregs\[5\]\[8\],33.25µm
_03927_,33.24µm
u_picorv32.picorv32_core.cpuregs\[13\]\[12\],33.24µm
u_picorv32.picorv32_core.cpuregs\[4\]\[4\],33.24µm
u_picorv32.picorv32_core.cpuregs\[16\]\[24\],33.215µm
u_picorv32.picorv32_core.cpuregs\[2\]\[23\],33.2µm
_05290_,33.165µm
u_picorv32.picorv32_core.count_cycle\[5\],33.165µm
u_picorv32.picorv32_core.cpuregs\[5\]\[25\],33.16µm
u_picorv32.picorv32_core.cpuregs\[22\]\[9\],33.15µm
u_picorv32.picorv32_core.cpuregs\[27\]\[25\],33.145µm
u_picorv32.picorv32_core.cpuregs\[12\]\[18\],33.105µm
u_picorv32.picorv32_core.cpuregs\[24\]\[24\],33.105µm
_03428_,33.09µm
u_picorv32.picorv32_core.cpuregs\[4\]\[20\],33.09µm
u_picorv32.picorv32_core.cpuregs\[3\]\[15\],33.08µm
_03059_,33.02µm
_05927_,33.01µm
u_picorv32.picorv32_core.cpuregs\[21\]\[15\],33.01µm
_02433_,32.995µm
u_picorv32.picorv32_core.cpuregs\[17\]\[8\],32.995µm
u_picorv32.picorv32_core.mem_rdata_q\[10\],32.96µm
u_picorv32.picorv32_core.count_instr\[57\],32.95µm
u_picorv32.picorv32_core.cpuregs\[21\]\[7\],32.95µm
u_picorv32.picorv32_core.cpuregs\[8\]\[28\],32.95µm
_03616_,32.945µm
_04386_,32.94µm
u_picorv32.picorv32_core.cpuregs\[30\]\[26\],32.93µm
u_picorv32.picorv32_core.cpuregs\[9\]\[23\],32.915µm
u_picorv32.picorv32_core.cpuregs\[22\]\[30\],32.89µm
u_picorv32.picorv32_core.cpuregs\[29\]\[1\],32.835µm
u_picorv32.picorv32_core.cpuregs\[10\]\[18\],32.815µm
_03460_,32.785µm
u_picorv32.picorv32_core.cpuregs\[15\]\[30\],32.77µm
_03664_,32.765µm
u_picorv32.picorv32_core.cpuregs\[15\]\[28\],32.76µm
_05694_,32.745µm
u_picorv32.picorv32_core.count_instr\[17\],32.73µm
u_picorv32.picorv32_core.count_cycle\[27\],32.725µm
_05115_,32.71µm
u_picorv32.picorv32_core.cpuregs\[0\]\[5\],32.71µm
u_picorv32.picorv32_core.cpuregs\[9\]\[6\],32.71µm
u_picorv32.picorv32_core.reg_next_pc\[7\],32.71µm
u_picorv32.picorv32_core.cpuregs\[25\]\[3\],32.695µm
u_picorv32.picorv32_core.cpuregs\[3\]\[0\],32.675µm
_02412_,32.67µm
_05227_,32.64µm
u_picorv32.picorv32_core.cpuregs\[29\]\[31\],32.62µm
u_picorv32.picorv32_core.cpuregs\[27\]\[24\],32.61µm
u_picorv32.picorv32_core.cpuregs\[29\]\[25\],32.61µm
_01546_,32.605µm
_02179_,32.595µm
u_picorv32.picorv32_core.cpuregs\[6\]\[6\],32.59µm
u_picorv32.picorv32_core.cpuregs\[1\]\[22\],32.54µm
u_picorv32.picorv32_core.cpuregs\[9\]\[29\],32.54µm
_02329_,32.535µm
u_picorv32.picorv32_core.cpuregs\[15\]\[2\],32.53µm
u_picorv32.picorv32_core.cpuregs\[11\]\[2\],32.515µm
u_picorv32.picorv32_core.cpuregs\[16\]\[8\],32.49µm
u_picorv32.picorv32_core.cpuregs\[7\]\[29\],32.485µm
net1045,32.47µm
_04714_,32.46µm
u_picorv32.picorv32_core.cpuregs\[19\]\[28\],32.45µm
_03570_,32.445µm
u_picorv32.picorv32_core.cpuregs\[26\]\[20\],32.425µm
u_picorv32.picorv32_core.cpuregs\[12\]\[4\],32.42µm
_05144_,32.4µm
u_picorv32.picorv32_core.cpuregs\[19\]\[4\],32.395µm
_04293_,32.38µm
u_picorv32.picorv32_core.cpuregs\[11\]\[25\],32.38µm
net981,32.38µm
u_picorv32.picorv32_core.cpuregs\[23\]\[16\],32.29µm
_04483_,32.28µm
u_picorv32.picorv32_core.cpuregs\[17\]\[14\],32.28µm
u_picorv32.picorv32_core.cpuregs\[16\]\[10\],32.255µm
_01953_,32.25µm
_03534_,32.235µm
u_picorv32.picorv32_core.cpuregs\[18\]\[31\],32.23µm
_01727_,32.225µm
_04765_,32.22µm
_05734_,32.22µm
u_picorv32.picorv32_core.count_instr\[6\],32.205µm
u_picorv32.picorv32_core.cpuregs\[8\]\[19\],32.19µm
u_picorv32.picorv32_core.cpuregs\[20\]\[16\],32.175µm
u_picorv32.picorv32_core.cpuregs\[30\]\[1\],32.17µm
u_picorv32.picorv32_core.cpuregs\[5\]\[10\],32.17µm
u_picorv32.picorv32_core.cpuregs\[19\]\[16\],32.125µm
u_picorv32.picorv32_core.cpuregs\[24\]\[12\],32.125µm
_02523_,32.12µm
_05122_,32.1µm
u_picorv32.picorv32_core.count_cycle\[26\],32.08µm
u_picorv32.picorv32_core.cpuregs\[25\]\[25\],32.07µm
u_picorv32.picorv32_core.cpuregs\[30\]\[18\],32.05µm
net3024,32.025µm
u_picorv32.picorv32_core.cpuregs\[14\]\[1\],31.99µm
u_picorv32.picorv32_core.reg_next_pc\[1\],31.985µm
_05133_,31.98µm
_05362_,31.98µm
u_picorv32.picorv32_core.cpuregs\[6\]\[27\],31.965µm
net35,31.96µm
u_picorv32.picorv32_core.cpuregs\[18\]\[5\],31.955µm
u_picorv32.picorv32_core.cpuregs\[17\]\[28\],31.94µm
_01541_,31.93µm
_05293_,31.93µm
_05465_,31.93µm
_05169_,31.92µm
_04331_,31.87µm
_03495_,31.86µm
u_picorv32.picorv32_core.cpuregs\[29\]\[27\],31.845µm
u_picorv32.picorv32_core.reg_next_pc\[24\],31.82µm
u_picorv32.picorv32_core.cpuregs\[12\]\[20\],31.81µm
net987,31.795µm
_04952_,31.79µm
_05225_,31.785µm
u_picorv32.picorv32_core.cpuregs\[24\]\[20\],31.76µm
u_picorv32.picorv32_core.cpuregs\[29\]\[19\],31.745µm
u_picorv32.picorv32_core.cpuregs\[31\]\[11\],31.7µm
_02895_,31.695µm
_04665_,31.69µm
u_picorv32.picorv32_core.cpuregs\[18\]\[16\],31.69µm
u_picorv32.picorv32_core.cpuregs\[27\]\[15\],31.68µm
u_picorv32.picorv32_core.cpuregs\[20\]\[8\],31.64µm
_01425_,31.63µm
u_picorv32.picorv32_core.cpuregs\[21\]\[5\],31.63µm
_04257_,31.62µm
_04999_,31.62µm
_05025_,31.62µm
_04960_,31.57µm
u_picorv32.picorv32_core.cpuregs\[22\]\[5\],31.56µm
_01729_,31.485µm
_01863_,31.485µm
u_picorv32.picorv32_core.count_cycle\[14\],31.47µm
_02719_,31.45µm
u_picorv32.picorv32_core.cpuregs\[11\]\[8\],31.45µm
u_picorv32.picorv32_core.cpuregs\[17\]\[9\],31.45µm
u_picorv32.picorv32_core.cpuregs\[26\]\[19\],31.435µm
u_picorv32.picorv32_core.cpuregs\[5\]\[20\],31.425µm
u_picorv32.picorv32_core.cpuregs\[16\]\[4\],31.41µm
_04119_,31.4µm
u_picorv32.picorv32_core.cpuregs\[12\]\[28\],31.39µm
_05681_,31.37µm
u_picorv32.picorv32_core.cpuregs\[11\]\[15\],31.355µm
_04169_,31.33µm
u_picorv32.picorv32_core.cpuregs\[27\]\[26\],31.33µm
u_picorv32.picorv32_core.cpuregs\[8\]\[6\],31.33µm
u_picorv32.picorv32_core.cpuregs\[13\]\[3\],31.325µm
_03591_,31.32µm
_05297_,31.32µm
u_picorv32.picorv32_core.cpuregs\[11\]\[10\],31.28µm
u_picorv32.picorv32_core.cpuregs\[19\]\[21\],31.28µm
u_picorv32.picorv32_core.cpuregs\[8\]\[7\],31.28µm
_03771_,31.27µm
u_picorv32.picorv32_core.cpuregs\[26\]\[7\],31.27µm
_02587_,31.225µm
u_picorv32.picorv32_core.cpuregs\[8\]\[9\],31.22µm
u_picorv32.picorv32_core.cpuregs\[29\]\[0\],31.2µm
u_picorv32.picorv32_core.cpuregs\[9\]\[0\],31.2µm
u_picorv32.picorv32_core.cpuregs\[8\]\[0\],31.195µm
_01747_,31.17µm
u_picorv32.picorv32_core.cpuregs\[13\]\[6\],31.155µm
u_picorv32.picorv32_core.cpuregs\[14\]\[11\],31.15µm
u_picorv32.picorv32_core.cpuregs\[7\]\[22\],31.15µm
u_picorv32.picorv32_core.cpuregs\[25\]\[24\],31.145µm
_01753_,31.015µm
u_picorv32.picorv32_core.cpuregs\[24\]\[4\],30.985µm
u_picorv32.picorv32_core.cpuregs\[20\]\[4\],30.98µm
_04521_,30.97µm
u_picorv32.picorv32_core.cpuregs\[27\]\[19\],30.97µm
_02546_,30.96µm
_05056_,30.96µm
u_picorv32.picorv32_core.count_cycle\[35\],30.955µm
u_picorv32.picorv32_core.count_cycle\[20\],30.95µm
_05244_,30.92µm
u_picorv32.picorv32_core.cpuregs\[23\]\[4\],30.92µm
u_picorv32.picorv32_core.cpuregs\[25\]\[13\],30.91µm
u_picorv32.picorv32_core.cpuregs\[2\]\[12\],30.91µm
u_picorv32.picorv32_core.cpuregs\[30\]\[27\],30.905µm
_03834_,30.9µm
u_picorv32.picorv32_core.cpuregs\[27\]\[13\],30.875µm
u_picorv32.picorv32_core.cpuregs\[4\]\[10\],30.87µm
u_picorv32.picorv32_core.cpuregs\[27\]\[4\],30.85µm
u_picorv32.picorv32_core.cpuregs\[14\]\[8\],30.845µm
_04077_,30.84µm
_04107_,30.84µm
_05313_,30.84µm
u_picorv32.picorv32_core.count_instr\[50\],30.83µm
u_picorv32.picorv32_core.cpuregs\[8\]\[4\],30.8µm
u_picorv32.picorv32_core.cpuregs\[13\]\[10\],30.79µm
_04667_,30.78µm
_04464_,30.775µm
u_picorv32.picorv32_core.cpuregs\[14\]\[17\],30.73µm
u_picorv32.picorv32_core.cpuregs\[16\]\[20\],30.72µm
_03619_,30.71µm
u_picorv32.picorv32_core.cpuregs\[21\]\[22\],30.695µm
u_picorv32.picorv32_core.cpuregs\[5\]\[30\],30.67µm
_05602_,30.66µm
_02622_,30.645µm
_05310_,30.645µm
u_picorv32.picorv32_core.cpuregs\[28\]\[9\],30.645µm
u_picorv32.picorv32_core.cpuregs\[6\]\[14\],30.635µm
_02207_,30.62µm
u_picorv32.picorv32_core.cpuregs\[13\]\[2\],30.61µm
u_picorv32.picorv32_core.cpuregs\[13\]\[23\],30.585µm
_02365_,30.58µm
_03349_,30.565µm
u_picorv32.picorv32_core.count_cycle\[63\],30.565µm
u_picorv32.picorv32_core.cpuregs\[16\]\[5\],30.555µm
_04924_,30.55µm
u_picorv32.picorv32_core.cpuregs\[10\]\[9\],30.55µm
_05501_,30.535µm
u_picorv32.picorv32_core.cpuregs\[14\]\[24\],30.535µm
u_picorv32.picorv32_core.cpuregs\[25\]\[1\],30.52µm
u_picorv32.picorv32_core.cpuregs\[16\]\[25\],30.5µm
_05067_,30.49µm
_05213_,30.49µm
u_picorv32.picorv32_core.cpuregs\[16\]\[13\],30.49µm
u_picorv32.picorv32_core.cpuregs\[30\]\[7\],30.475µm
_02976_,30.46µm
u_picorv32.picorv32_core.cpuregs\[17\]\[5\],30.44µm
u_picorv32.picorv32_core.reg_next_pc\[20\],30.435µm
_04385_,30.43µm
u_picorv32.picorv32_core.cpuregs\[26\]\[6\],30.43µm
u_picorv32.picorv32_core.cpuregs\[28\]\[15\],30.395µm
u_picorv32.picorv32_core.cpuregs\[31\]\[13\],30.375µm
u_picorv32.picorv32_core.cpuregs\[0\]\[10\],30.37µm
u_picorv32.picorv32_core.cpuregs\[29\]\[12\],30.37µm
u_picorv32.picorv32_core.cpuregs\[2\]\[5\],30.37µm
_04802_,30.36µm
_04940_,30.36µm
u_picorv32.picorv32_core.cpuregs\[6\]\[13\],30.335µm
u_picorv32.picorv32_core.cpuregs\[31\]\[18\],30.33µm
u_picorv32.picorv32_core.cpuregs\[27\]\[20\],30.32µm
net112,30.31µm
u_picorv32.picorv32_core.cpuregs\[24\]\[28\],30.31µm
u_picorv32.picorv32_core.cpuregs\[22\]\[11\],30.26µm
u_picorv32.picorv32_core.cpuregs\[9\]\[10\],30.25µm
_03077_,30.24µm
_04977_,30.24µm
u_picorv32.picorv32_core.cpuregs\[15\]\[14\],30.225µm
u_picorv32.picorv32_core.mem_rdata_q\[1\],30.135µm
u_picorv32.picorv32_core.cpuregs\[31\]\[5\],30.13µm
_02706_,30.125µm
_03740_,30.125µm
_02491_,30.115µm
u_picorv32.picorv32_core.cpuregs\[30\]\[9\],30.115µm
_05264_,30.105µm
u_picorv32.picorv32_core.cpuregs\[19\]\[30\],30.085µm
u_picorv32.picorv32_core.cpuregs\[20\]\[11\],30.08µm
u_picorv32.picorv32_core.cpuregs\[31\]\[15\],30.08µm
u_picorv32.picorv32_core.cpuregs\[5\]\[28\],30.08µm
u_picorv32.picorv32_core.cpuregs\[4\]\[18\],30.07µm
_04979_,30.06µm
_03748_,30.04µm
u_picorv32.picorv32_core.mem_rdata_q\[3\],30.04µm
_04649_,30.035µm
_03584_,30.025µm
u_picorv32.picorv32_core.cpuregs\[20\]\[10\],30.025µm
_03417_,30.005µm
u_picorv32.picorv32_core.cpuregs\[13\]\[9\],29.995µm
u_picorv32.picorv32_core.cpuregs\[23\]\[17\],29.96µm
u_picorv32.picorv32_core.cpuregs\[17\]\[22\],29.95µm
u_picorv32.picorv32_core.cpuregs\[7\]\[28\],29.95µm
u_picorv32.picorv32_core.cpuregs\[30\]\[4\],29.935µm
u_picorv32.picorv32_core.cpuregs\[17\]\[20\],29.915µm
_02559_,29.905µm
u_picorv32.picorv32_core.cpuregs\[18\]\[17\],29.9µm
u_picorv32.picorv32_core.cpuregs\[19\]\[29\],29.89µm
_05762_,29.88µm
u_picorv32.picorv32_core.cpuregs\[24\]\[14\],29.875µm
_03057_,29.815µm
u_picorv32.picorv32_core.cpuregs\[17\]\[27\],29.815µm
u_picorv32.picorv32_core.cpuregs\[25\]\[5\],29.815µm
_02112_,29.805µm
u_picorv32.picorv32_core.cpuregs\[4\]\[15\],29.79µm
net1304,29.78µm
u_picorv32.picorv32_core.cpuregs\[12\]\[22\],29.775µm
_04434_,29.77µm
_04730_,29.77µm
_05248_,29.77µm
u_picorv32.picorv32_core.cpuregs\[15\]\[18\],29.77µm
u_picorv32.picorv32_core.cpuregs\[21\]\[14\],29.77µm
_02046_,29.76µm
_02535_,29.76µm
_05700_,29.745µm
u_picorv32.picorv32_core.cpuregs\[1\]\[3\],29.74µm
u_picorv32.picorv32_core.cpuregs\[1\]\[18\],29.725µm
u_picorv32.picorv32_core.cpuregs\[8\]\[3\],29.72µm
_01846_,29.7µm
u_picorv32.picorv32_core.cpuregs\[16\]\[23\],29.695µm
u_picorv32.picorv32_core.cpuregs\[8\]\[22\],29.665µm
u_picorv32.picorv32_core.cpuregs\[17\]\[21\],29.66µm
_01628_,29.655µm
u_picorv32.picorv32_core.cpuregs\[10\]\[11\],29.65µm
u_picorv32.picorv32_core.cpuregs\[15\]\[10\],29.64µm
u_picorv32.picorv32_core.cpuregs\[5\]\[19\],29.64µm
u_picorv32.picorv32_core.cpuregs\[13\]\[17\],29.605µm
u_picorv32.picorv32_core.cpuregs\[19\]\[12\],29.605µm
u_picorv32.picorv32_core.cpuregs\[23\]\[19\],29.605µm
_05915_,29.59µm
_05065_,29.58µm
u_picorv32.picorv32_core.cpuregs\[31\]\[22\],29.56µm
u_picorv32.picorv32_core.cpuregs\[13\]\[26\],29.53µm
u_picorv32.picorv32_core.cpuregs\[8\]\[30\],29.53µm
_01861_,29.515µm
u_picorv32.picorv32_core.cpuregs\[15\]\[8\],29.515µm
u_picorv32.picorv32_core.cpuregs\[1\]\[12\],29.515µm
u_picorv32.picorv32_core.cpuregs\[12\]\[26\],29.505µm
_03624_,29.5µm
_02350_,29.49µm
u_picorv32.picorv32_core.cpuregs\[3\]\[11\],29.48µm
_05108_,29.46µm
u_picorv32.picorv32_core.cpuregs\[19\]\[3\],29.455µm
_02137_,29.445µm
u_picorv32.picorv32_core.cpuregs\[1\]\[29\],29.425µm
u_picorv32.picorv32_core.cpuregs\[21\]\[25\],29.425µm
_01540_,29.41µm
u_picorv32.picorv32_core.cpuregs\[28\]\[7\],29.4µm
net503,29.4µm
u_picorv32.picorv32_core.cpuregs\[4\]\[16\],29.395µm
u_picorv32.picorv32_core.cpuregs\[17\]\[30\],29.375µm
u_picorv32.picorv32_core.cpuregs\[19\]\[13\],29.375µm
_01730_,29.355µm
u_picorv32.picorv32_core.cpuregs\[21\]\[12\],29.35µm
u_picorv32.picorv32_core.cpuregs\[27\]\[30\],29.345µm
u_picorv32.picorv32_core.cpuregs\[17\]\[10\],29.335µm
u_picorv32.picorv32_core.cpuregs\[27\]\[31\],29.335µm
u_picorv32.picorv32_core.cpuregs\[5\]\[13\],29.31µm
_01810_,29.3µm
net118,29.245µm
u_picorv32.picorv32_core.cpuregs\[15\]\[15\],29.23µm
_01760_,29.17µm
u_picorv32.picorv32_core.cpuregs\[19\]\[24\],29.17µm
_02098_,29.16µm
_05104_,29.16µm
u_picorv32.picorv32_core.cpuregs\[17\]\[1\],29.16µm
_02196_,29.125µm
u_picorv32.picorv32_core.count_cycle\[3\],29.11µm
u_picorv32.picorv32_core.cpuregs\[4\]\[12\],29.11µm
_04808_,29.08µm
_02789_,29.065µm
_01723_,29.05µm
u_picorv32.picorv32_core.cpuregs\[8\]\[31\],29.05µm
u_picorv32.picorv32_core.cpuregs\[21\]\[17\],29.035µm
u_picorv32.picorv32_core.cpuregs\[29\]\[29\],29.015µm
u_picorv32.picorv32_core.cpuregs\[2\]\[11\],29.01µm
net114,29.005µm
u_picorv32.picorv32_core.cpuregs\[12\]\[16\],29.005µm
_01563_,29µm
u_picorv32.picorv32_core.cpuregs\[0\]\[26\],28.995µm
_05091_,28.98µm
u_picorv32.picorv32_core.count_instr\[31\],28.965µm
u_picorv32.picorv32_core.cpuregs\[24\]\[27\],28.95µm
u_picorv32.picorv32_core.cpuregs\[11\]\[21\],28.945µm
u_picorv32.picorv32_core.cpuregs\[2\]\[7\],28.94µm
u_picorv32.picorv32_core.cpuregs\[5\]\[14\],28.94µm
_02753_,28.93µm
u_picorv32.picorv32_core.cpuregs\[5\]\[31\],28.93µm
_03743_,28.92µm
u_picorv32.picorv32_core.cpuregs\[6\]\[15\],28.87µm
u_picorv32.picorv32_core.cpuregs\[1\]\[17\],28.85µm
u_picorv32.picorv32_core.cpuregs\[1\]\[7\],28.825µm
u_picorv32.picorv32_core.cpuregs\[21\]\[23\],28.82µm
u_picorv32.picorv32_core.cpuregs\[6\]\[18\],28.82µm
_04255_,28.81µm
_04993_,28.81µm
u_picorv32.picorv32_core.cpuregs\[12\]\[5\],28.81µm
u_picorv32.picorv32_core.cpuregs\[6\]\[11\],28.81µm
_02326_,28.8µm
u_picorv32.picorv32_core.instr_sw,28.775µm
net119,28.765µm
u_picorv32.picorv32_core.cpuregs\[21\]\[26\],28.765µm
u_picorv32.picorv32_core.cpuregs\[22\]\[29\],28.76µm
_02356_,28.75µm
u_picorv32.picorv32_core.cpuregs\[7\]\[17\],28.735µm
u_picorv32.picorv32_core.cpuregs\[18\]\[4\],28.71µm
u_picorv32.picorv32_core.cpuregs\[11\]\[31\],28.705µm
u_picorv32.picorv32_core.cpuregs\[4\]\[24\],28.69µm
_05042_,28.675µm
_05668_,28.675µm
_01790_,28.655µm
u_picorv32.picorv32_core.cpuregs\[10\]\[19\],28.655µm
u_picorv32.picorv32_core.cpuregs\[12\]\[14\],28.645µm
u_picorv32.picorv32_core.cpuregs\[14\]\[25\],28.64µm
u_picorv32.picorv32_core.cpuregs\[11\]\[13\],28.63µm
u_picorv32.picorv32_core.cpuregs\[17\]\[11\],28.63µm
u_picorv32.picorv32_core.cpuregs\[8\]\[20\],28.63µm
u_picorv32.picorv32_core.mem_rdata_q\[0\],28.63µm
u_picorv32.picorv32_core.cpuregs\[9\]\[11\],28.615µm
u_picorv32.picorv32_core.cpuregs\[11\]\[29\],28.6µm
u_picorv32.picorv32_core.cpuregs\[25\]\[17\],28.595µm
u_picorv32.picorv32_core.cpuregs\[26\]\[8\],28.57µm
u_picorv32.picorv32_core.cpuregs\[6\]\[7\],28.565µm
_04498_,28.56µm
u_picorv32.picorv32_core.cpuregs\[29\]\[4\],28.555µm
u_picorv32.picorv32_core.cpuregs\[11\]\[5\],28.55µm
u_picorv32.picorv32_core.cpuregs\[5\]\[4\],28.53µm
u_picorv32.picorv32_core.cpuregs\[13\]\[13\],28.52µm
u_picorv32.picorv32_core.cpuregs\[15\]\[16\],28.52µm
u_picorv32.picorv32_core.cpuregs\[11\]\[7\],28.51µm
u_picorv32.picorv32_core.cpuregs\[18\]\[7\],28.51µm
u_picorv32.picorv32_core.cpuregs\[25\]\[31\],28.51µm
u_picorv32.picorv32_core.cpuregs\[28\]\[24\],28.51µm
u_picorv32.picorv32_core.cpuregs\[31\]\[1\],28.51µm
u_picorv32.picorv32_core.cpuregs\[5\]\[5\],28.51µm
_05646_,28.5µm
u_picorv32.picorv32_core.cpuregs\[19\]\[19\],28.495µm
u_picorv32.picorv32_core.cpuregs\[5\]\[16\],28.495µm
u_picorv32.picorv32_core.cpuregs\[27\]\[22\],28.47µm
u_picorv32.picorv32_core.cpuregs\[22\]\[10\],28.46µm
u_picorv32.picorv32_core.cpuregs\[7\]\[2\],28.455µm
_05051_,28.45µm
u_picorv32.picorv32_core.cpuregs\[27\]\[23\],28.44µm
u_picorv32.picorv32_core.cpuregs\[3\]\[27\],28.44µm
u_picorv32.picorv32_core.cpuregs\[19\]\[26\],28.435µm
_05659_,28.42µm
u_picorv32.picorv32_core.cpuregs\[15\]\[5\],28.41µm
u_picorv32.picorv32_core.cpuregs\[6\]\[2\],28.41µm
u_picorv32.picorv32_core.cpuregs\[22\]\[23\],28.405µm
u_picorv32.picorv32_core.cpuregs\[10\]\[2\],28.4µm
u_picorv32.picorv32_core.cpuregs\[14\]\[4\],28.4µm
_01778_,28.39µm
u_picorv32.picorv32_core.cpuregs\[16\]\[31\],28.39µm
u_picorv32.picorv32_core.cpuregs\[27\]\[29\],28.385µm
_05078_,28.38µm
_04060_,28.36µm
u_picorv32.picorv32_core.cpuregs\[14\]\[6\],28.36µm
u_picorv32.picorv32_core.cpuregs\[19\]\[10\],28.355µm
u_picorv32.picorv32_core.cpuregs\[19\]\[23\],28.355µm
_03667_,28.35µm
u_picorv32.picorv32_core.cpuregs\[11\]\[6\],28.35µm
u_picorv32.picorv32_core.cpuregs\[21\]\[24\],28.35µm
u_picorv32.picorv32_core.cpuregs\[4\]\[11\],28.35µm
u_picorv32.picorv32_core.cpuregs\[16\]\[30\],28.34µm
net982,28.335µm
u_picorv32.picorv32_core.cpuregs\[9\]\[27\],28.33µm
_02359_,28.32µm
u_picorv32.picorv32_core.cpuregs\[10\]\[15\],28.305µm
u_picorv32.picorv32_core.reg_next_pc\[22\],28.305µm
u_picorv32.picorv32_core.cpuregs\[14\]\[9\],28.3µm
_03135_,28.275µm
u_picorv32.picorv32_core.cpuregs\[26\]\[21\],28.27µm
_05298_,28.26µm
u_picorv32.picorv32_core.cpuregs\[21\]\[31\],28.25µm
u_picorv32.picorv32_core.cpuregs\[17\]\[6\],28.225µm
_05528_,28.21µm
u_picorv32.picorv32_core.cpuregs\[0\]\[14\],28.21µm
u_picorv32.picorv32_core.cpuregs\[21\]\[30\],28.21µm
u_picorv32.picorv32_core.cpuregs\[12\]\[11\],28.195µm
u_picorv32.picorv32_core.cpuregs\[25\]\[14\],28.185µm
_03795_,28.175µm
u_picorv32.picorv32_core.cpuregs\[30\]\[28\],28.17µm
u_picorv32.picorv32_core.cpuregs\[19\]\[5\],28.165µm
u_picorv32.picorv32_core.cpuregs\[23\]\[22\],28.165µm
_05490_,28.15µm
u_picorv32.picorv32_core.cpuregs\[18\]\[19\],28.15µm
u_picorv32.picorv32_core.cpuregs\[23\]\[30\],28.15µm
u_picorv32.picorv32_core.cpuregs\[14\]\[3\],28.14µm
u_picorv32.picorv32_core.cpuregs\[12\]\[25\],28.13µm
u_picorv32.picorv32_core.cpuregs\[18\]\[27\],28.12µm
u_picorv32.picorv32_core.cpuregs\[31\]\[29\],28.115µm
_03586_,28.1µm
u_picorv32.picorv32_core.cpuregs\[27\]\[10\],28.085µm
u_picorv32.picorv32_core.cpuregs\[25\]\[19\],28.08µm
_02447_,28.075µm
u_picorv32.picorv32_core.cpuregs\[15\]\[23\],28.075µm
u_picorv32.picorv32_core.cpuregs\[26\]\[17\],28.075µm
u_picorv32.picorv32_core.cpuregs\[20\]\[7\],28.06µm
u_picorv32.picorv32_core.cpuregs\[13\]\[15\],28.04µm
u_picorv32.picorv32_core.cpuregs\[9\]\[26\],28.04µm
u_picorv32.picorv32_core.cpuregs\[29\]\[26\],28.03µm
u_picorv32.picorv32_core.cpuregs\[1\]\[9\],27.99µm
u_picorv32.picorv32_core.cpuregs\[0\]\[13\],27.985µm
u_picorv32.picorv32_core.cpuregs\[1\]\[28\],27.985µm
_05802_,27.98µm
u_picorv32.picorv32_core.cpuregs\[6\]\[1\],27.98µm
u_picorv32.picorv32_core.cpuregs\[7\]\[13\],27.98µm
_05591_,27.96µm
u_picorv32.picorv32_core.cpuregs\[15\]\[17\],27.955µm
u_picorv32.picorv32_core.cpuregs\[11\]\[12\],27.945µm
u_picorv32.picorv32_core.cpuregs\[18\]\[0\],27.925µm
u_picorv32.picorv32_core.cpuregs\[7\]\[9\],27.925µm
u_picorv32.picorv32_core.cpuregs\[8\]\[17\],27.925µm
_01728_,27.89µm
u_picorv32.picorv32_core.cpuregs\[15\]\[21\],27.89µm
u_picorv32.picorv32_core.cpuregs\[18\]\[29\],27.875µm
u_picorv32.picorv32_core.cpuregs\[21\]\[18\],27.87µm
u_picorv32.picorv32_core.reg_next_pc\[8\],27.87µm
u_picorv32.picorv32_core.cpuregs\[3\]\[9\],27.865µm
u_picorv32.picorv32_core.cpuregs\[25\]\[2\],27.86µm
_04935_,27.85µm
_04973_,27.85µm
u_picorv32.picorv32_core.cpuregs\[7\]\[23\],27.85µm
_03636_,27.835µm
_03073_,27.8µm
_05574_,27.79µm
u_picorv32.picorv32_core.cpuregs\[23\]\[6\],27.79µm
net3032,27.79µm
u_picorv32.picorv32_core.cpuregs\[4\]\[31\],27.775µm
_01321_,27.765µm
u_picorv32.picorv32_core.cpuregs\[23\]\[1\],27.765µm
u_picorv32.picorv32_core.instr_bltu,27.74µm
_05470_,27.72µm
net133,27.72µm
u_picorv32.picorv32_core.cpuregs\[7\]\[12\],27.72µm
_05536_,27.715µm
u_picorv32.picorv32_core.cpuregs\[12\]\[6\],27.685µm
_04666_,27.67µm
u_picorv32.picorv32_core.cpuregs\[29\]\[5\],27.67µm
u_picorv32.picorv32_core.cpuregs\[9\]\[24\],27.67µm
_02260_,27.66µm
_04965_,27.66µm
u_picorv32.picorv32_core.cpuregs\[27\]\[6\],27.655µm
_03272_,27.65µm
u_picorv32.picorv32_core.cpuregs\[23\]\[27\],27.64µm
_02174_,27.63µm
u_picorv32.picorv32_core.cpuregs\[8\]\[5\],27.615µm
u_picorv32.picorv32_core.cpuregs\[15\]\[6\],27.61µm
u_picorv32.picorv32_core.cpuregs\[31\]\[7\],27.61µm
_04875_,27.6µm
_05128_,27.6µm
u_picorv32.picorv32_core.cpuregs\[19\]\[25\],27.585µm
_03530_,27.575µm
u_picorv32.picorv32_core.instr_slti,27.56µm
_03133_,27.55µm
_03366_,27.55µm
u_picorv32.picorv32_core.cpuregs\[16\]\[3\],27.55µm
u_picorv32.picorv32_core.cpuregs\[3\]\[30\],27.55µm
_04456_,27.54µm
u_picorv32.picorv32_core.cpuregs\[3\]\[22\],27.54µm
_05565_,27.525µm
_05469_,27.51µm
u_picorv32.picorv32_core.cpuregs\[24\]\[25\],27.505µm
u_picorv32.picorv32_core.cpuregs\[14\]\[26\],27.49µm
u_picorv32.picorv32_core.cpuregs\[23\]\[25\],27.49µm
u_picorv32.picorv32_core.cpuregs\[30\]\[23\],27.485µm
u_picorv32.picorv32_core.cpuregs\[30\]\[11\],27.48µm
u_picorv32.picorv32_core.cpuregs\[23\]\[28\],27.475µm
u_picorv32.picorv32_core.cpuregs\[11\]\[30\],27.465µm
u_picorv32.picorv32_core.cpuregs\[23\]\[11\],27.45µm
u_picorv32.picorv32_core.cpuregs\[19\]\[20\],27.445µm
u_picorv32.picorv32_core.cpuregs\[9\]\[14\],27.445µm
u_picorv32.picorv32_core.cpuregs\[18\]\[6\],27.44µm
u_picorv32.picorv32_core.cpuregs\[12\]\[9\],27.43µm
u_picorv32.picorv32_core.cpuregs\[31\]\[23\],27.43µm
_01862_,27.42µm
_04314_,27.42µm
net3039,27.42µm
_03421_,27.4µm
u_picorv32.picorv32_core.cpuregs\[8\]\[11\],27.395µm
u_picorv32.picorv32_core.cpuregs\[2\]\[28\],27.385µm
u_picorv32.picorv32_core.cpuregs\[0\]\[30\],27.37µm
u_picorv32.picorv32_core.cpuregs\[11\]\[14\],27.37µm
u_picorv32.picorv32_core.cpuregs\[29\]\[3\],27.37µm
_02700_,27.365µm
_04948_,27.36µm
u_picorv32.picorv32_core.cpuregs\[1\]\[0\],27.36µm
net107,27.325µm
net128,27.325µm
u_picorv32.picorv32_core.cpuregs\[11\]\[17\],27.325µm
u_picorv32.picorv32_core.mem_rdata_q\[17\],27.325µm
_05654_,27.31µm
u_picorv32.picorv32_core.cpuregs\[15\]\[12\],27.3µm
u_picorv32.picorv32_core.cpuregs\[14\]\[15\],27.265µm
_05054_,27.25µm
u_picorv32.picorv32_core.cpuregs\[12\]\[10\],27.25µm
u_picorv32.picorv32_core.cpuregs\[22\]\[20\],27.25µm
u_picorv32.picorv32_core.cpuregs\[9\]\[8\],27.25µm
net3011,27.25µm
_05131_,27.24µm
u_picorv32.picorv32_core.cpuregs\[21\]\[27\],27.235µm
u_picorv32.picorv32_core.cpuregs\[25\]\[29\],27.235µm
_03900_,27.225µm
_04918_,27.18µm
u_picorv32.picorv32_core.cpuregs\[12\]\[31\],27.18µm
_01674_,27.165µm
_04409_,27.14µm
_03012_,27.13µm
u_picorv32.picorv32_core.cpuregs\[13\]\[31\],27.13µm
_05171_,27.12µm
u_picorv32.picorv32_core.cpuregs\[17\]\[7\],27.12µm
u_picorv32.picorv32_core.cpuregs\[16\]\[2\],27.115µm
_02934_,27.08µm
u_picorv32.picorv32_core.cpuregs\[1\]\[10\],27.08µm
_04390_,27.07µm
_05422_,27.07µm
u_picorv32.picorv32_core.cpuregs\[10\]\[26\],27.07µm
u_picorv32.picorv32_core.cpuregs\[6\]\[24\],27.07µm
_01755_,27.055µm
u_picorv32.picorv32_core.cpuregs\[10\]\[0\],27.035µm
u_picorv32.picorv32_core.cpuregs\[20\]\[9\],27.02µm
u_picorv32.picorv32_core.cpuregs\[0\]\[6\],27.01µm
u_picorv32.picorv32_core.cpuregs\[17\]\[4\],27.01µm
u_picorv32.picorv32_core.cpuregs\[19\]\[22\],27.01µm
u_picorv32.picorv32_core.cpuregs\[7\]\[15\],27.01µm
u_picorv32.picorv32_core.cpuregs\[7\]\[18\],27.01µm
u_picorv32.picorv32_core.cpuregs\[23\]\[24\],26.995µm
u_picorv32.picorv32_core.cpuregs\[14\]\[27\],26.975µm
u_picorv32.picorv32_core.cpuregs\[21\]\[19\],26.965µm
_01289_,26.95µm
_05314_,26.95µm
u_picorv32.picorv32_core.cpuregs\[13\]\[0\],26.95µm
u_picorv32.picorv32_core.cpuregs\[30\]\[6\],26.95µm
_05551_,26.935µm
u_picorv32.picorv32_core.cpuregs\[22\]\[2\],26.91µm
u_picorv32.picorv32_core.cpuregs\[3\]\[20\],26.91µm
_03106_,26.905µm
_04185_,26.89µm
_04937_,26.89µm
u_picorv32.picorv32_core.cpuregs\[28\]\[4\],26.89µm
_03768_,26.83µm
_05185_,26.83µm
u_picorv32.picorv32_core.cpuregs\[15\]\[7\],26.83µm
_02454_,26.82µm
_02414_,26.805µm
_05855_,26.805µm
u_picorv32.picorv32_core.cpuregs\[31\]\[12\],26.805µm
_02043_,26.78µm
u_picorv32.picorv32_core.cpuregs\[25\]\[26\],26.78µm
_03007_,26.77µm
u_picorv32.picorv32_core.cpuregs\[8\]\[29\],26.77µm
_01676_,26.76µm
_05287_,26.76µm
_04590_,26.755µm
u_picorv32.picorv32_core.cpuregs\[31\]\[30\],26.75µm
u_picorv32.picorv32_core.cpuregs\[12\]\[15\],26.72µm
u_picorv32.picorv32_core.cpuregs\[29\]\[21\],26.72µm
u_picorv32.picorv32_core.cpuregs\[6\]\[26\],26.72µm
_05143_,26.71µm
u_picorv32.picorv32_core.cpuregs\[18\]\[2\],26.71µm
u_picorv32.picorv32_core.cpuregs\[28\]\[1\],26.71µm
u_picorv32.picorv32_core.cpuregs\[28\]\[2\],26.71µm
_05488_,26.69µm
_02158_,26.685µm
_02524_,26.685µm
u_picorv32.picorv32_core.cpuregs\[8\]\[12\],26.67µm
u_picorv32.picorv32_core.cpuregs\[29\]\[9\],26.66µm
u_picorv32.picorv32_core.decoded_imm_j\[4\],26.66µm
_02136_,26.65µm
u_picorv32.picorv32_core.cpuregs\[11\]\[18\],26.65µm
u_picorv32.picorv32_core.cpuregs\[11\]\[27\],26.65µm
u_picorv32.picorv32_core.cpuregs\[16\]\[29\],26.65µm
u_picorv32.picorv32_core.cpuregs\[19\]\[31\],26.65µm
u_picorv32.picorv32_core.cpuregs\[26\]\[12\],26.65µm
u_picorv32.picorv32_core.cpuregs\[26\]\[13\],26.65µm
u_picorv32.picorv32_core.cpuregs\[5\]\[2\],26.65µm
u_picorv32.picorv32_core.cpuregs\[15\]\[11\],26.645µm
_04544_,26.64µm
_04803_,26.64µm
_03322_,26.62µm
u_picorv32.picorv32_core.cpuregs\[4\]\[17\],26.62µm
u_picorv32.picorv32_core.cpuregs\[4\]\[1\],26.61µm
_04961_,26.6µm
u_picorv32.picorv32_core.cpuregs\[26\]\[11\],26.6µm
_04388_,26.59µm
u_picorv32.picorv32_core.cpuregs\[12\]\[0\],26.59µm
u_picorv32.picorv32_core.cpuregs\[7\]\[3\],26.585µm
_02298_,26.58µm
_04947_,26.58µm
_04083_,26.54µm
_04782_,26.54µm
u_picorv32.picorv32_core.cpuregs\[14\]\[0\],26.54µm
u_picorv32.picorv32_core.cpuregs\[17\]\[15\],26.54µm
_04658_,26.53µm
u_picorv32.picorv32_core.cpuregs\[31\]\[9\],26.53µm
u_picorv32.picorv32_core.cpuregs\[3\]\[13\],26.53µm
u_picorv32.picorv32_core.cpuregs\[7\]\[7\],26.53µm
u_picorv32.picorv32_core.cpuregs\[30\]\[19\],26.515µm
_01797_,26.49µm
u_picorv32.picorv32_core.cpuregs\[9\]\[19\],26.49µm
u_picorv32.picorv32_core.cpuregs\[21\]\[3\],26.485µm
u_picorv32.picorv32_core.cpuregs\[25\]\[4\],26.48µm
u_picorv32.picorv32_core.cpuregs\[26\]\[1\],26.48µm
u_picorv32.picorv32_core.cpuregs\[2\]\[19\],26.48µm
u_picorv32.picorv32_core.cpuregs\[30\]\[30\],26.48µm
_04991_,26.47µm
u_picorv32.picorv32_core.count_cycle\[30\],26.46µm
u_picorv32.picorv32_core.cpuregs\[1\]\[14\],26.46µm
_02975_,26.44µm
u_picorv32.picorv32_core.cpuregs\[18\]\[22\],26.43µm
u_picorv32.picorv32_core.cpuregs\[15\]\[1\],26.425µm
u_picorv32.picorv32_core.cpuregs\[7\]\[10\],26.425µm
_02308_,26.42µm
u_picorv32.picorv32_core.count_instr\[59\],26.42µm
u_picorv32.picorv32_core.cpuregs\[24\]\[0\],26.42µm
_05717_,26.415µm
u_picorv32.picorv32_core.count_cycle\[18\],26.41µm
u_picorv32.picorv32_core.cpuregs\[17\]\[25\],26.41µm
u_picorv32.picorv32_core.cpuregs\[27\]\[14\],26.41µm
u_picorv32.picorv32_core.cpuregs\[17\]\[29\],26.405µm
_04188_,26.4µm
_04312_,26.4µm
u_picorv32.picorv32_core.reg_out\[25\],26.375µm
_02624_,26.335µm
u_picorv32.picorv32_core.cpuregs\[29\]\[18\],26.29µm
_01612_,26.28µm
_05066_,26.275µm
_01645_,26.265µm
u_picorv32.picorv32_core.cpuregs\[28\]\[19\],26.26µm
u_picorv32.picorv32_core.cpuregs\[1\]\[13\],26.24µm
u_picorv32.picorv32_core.cpuregs\[26\]\[16\],26.23µm
u_picorv32.picorv32_core.cpuregs\[1\]\[26\],26.215µm
u_picorv32.picorv32_core.cpuregs\[29\]\[2\],26.215µm
u_picorv32.picorv32_core.cpuregs\[7\]\[1\],26.215µm
u_picorv32.picorv32_core.cpuregs\[2\]\[0\],26.185µm
u_picorv32.picorv32_core.cpuregs\[27\]\[0\],26.175µm
_05315_,26.17µm
_01572_,26.16µm
_03388_,26.155µm
_03034_,26.15µm
u_picorv32.picorv32_core.cpuregs\[25\]\[20\],26.14µm
u_picorv32.picorv32_core.cpuregs\[20\]\[2\],26.13µm
u_picorv32.picorv32_core.cpuregs\[3\]\[17\],26.13µm
_04731_,26.11µm
u_picorv32.picorv32_core.cpuregs\[5\]\[7\],26.11µm
_01552_,26.095µm
_05156_,26.085µm
u_picorv32.picorv32_core.cpuregs\[11\]\[3\],26.075µm
u_picorv32.picorv32_core.cpuregs\[7\]\[21\],26.075µm
_02159_,26.065µm
u_picorv32.picorv32_core.cpuregs\[3\]\[5\],26.065µm
u_picorv32.picorv32_core.cpuregs\[9\]\[18\],26.06µm
u_picorv32.picorv32_core.cpuregs\[23\]\[5\],26.05µm
u_picorv32.picorv32_core.cpuregs\[27\]\[28\],26.05µm
_02634_,26.04µm
u_picorv32.picorv32_core.cpuregs\[10\]\[23\],26.015µm
u_picorv32.picorv32_core.cpuregs\[2\]\[25\],26.005µm
u_picorv32.picorv32_core.cpuregs\[8\]\[13\],26.005µm
u_picorv32.picorv32_core.cpuregs\[10\]\[29\],26µm
u_picorv32.picorv32_core.cpuregs\[26\]\[26\],26µm
u_picorv32.picorv32_core.cpuregs\[6\]\[31\],26µm
_05147_,25.98µm
u_picorv32.picorv32_core.cpuregs\[0\]\[19\],25.98µm
u_picorv32.picorv32_core.cpuregs\[6\]\[0\],25.98µm
u_picorv32.picorv32_core.cpuregs\[23\]\[3\],25.97µm
u_picorv32.picorv32_core.cpuregs\[20\]\[22\],25.965µm
u_picorv32.picorv32_core.cpuregs\[18\]\[25\],25.945µm
u_picorv32.picorv32_core.cpuregs\[25\]\[15\],25.945µm
u_picorv32.picorv32_core.cpuregs\[25\]\[30\],25.94µm
_03314_,25.93µm
u_picorv32.picorv32_core.cpu_state\[5\],25.93µm
_04605_,25.925µm
_05106_,25.92µm
u_picorv32.picorv32_core.cpuregs\[11\]\[19\],25.905µm
u_picorv32.picorv32_core.cpuregs\[20\]\[12\],25.9µm
u_picorv32.picorv32_core.cpuregs\[8\]\[15\],25.86µm
_05714_,25.85µm
u_picorv32.picorv32_core.cpuregs\[9\]\[12\],25.85µm
u_picorv32.picorv32_core.cpuregs\[24\]\[5\],25.845µm
_03729_,25.84µm
u_picorv32.picorv32_core.cpuregs\[18\]\[8\],25.84µm
u_picorv32.picorv32_core.cpuregs\[10\]\[16\],25.81µm
u_picorv32.picorv32_core.cpuregs\[26\]\[30\],25.81µm
u_picorv32.picorv32_core.cpuregs\[28\]\[6\],25.81µm
_03749_,25.78µm
_03656_,25.77µm
_01596_,25.765µm
u_picorv32.picorv32_core.cpuregs\[3\]\[3\],25.75µm
_02935_,25.735µm
_05665_,25.72µm
_03736_,25.69µm
_04988_,25.69µm
u_picorv32.picorv32_core.cpuregs\[21\]\[4\],25.69µm
_04037_,25.68µm
_05292_,25.68µm
u_picorv32.picorv32_core.cpuregs\[22\]\[3\],25.68µm
u_picorv32.picorv32_core.cpuregs\[27\]\[5\],25.675µm
u_picorv32.picorv32_core.cpuregs\[30\]\[3\],25.645µm
_01752_,25.625µm
u_picorv32.picorv32_core.cpuregs\[28\]\[22\],25.625µm
_01677_,25.62µm
u_picorv32.picorv32_core.cpuregs\[20\]\[20\],25.62µm
u_picorv32.picorv32_core.cpuregs\[3\]\[31\],25.615µm
u_picorv32.picorv32_core.cpuregs\[7\]\[11\],25.61µm
u_picorv32.picorv32_core.cpuregs\[0\]\[27\],25.605µm
u_picorv32.picorv32_core.cpuregs\[6\]\[29\],25.605µm
u_picorv32.picorv32_core.cpuregs\[10\]\[17\],25.585µm
u_picorv32.picorv32_core.cpuregs\[15\]\[25\],25.58µm
u_picorv32.picorv32_core.cpuregs\[7\]\[5\],25.58µm
_04754_,25.57µm
u_picorv32.picorv32_core.cpuregs\[15\]\[13\],25.57µm
u_picorv32.picorv32_core.cpuregs\[3\]\[23\],25.57µm
_03515_,25.56µm
_03527_,25.545µm
u_picorv32.picorv32_core.cpuregs\[13\]\[14\],25.535µm
_03279_,25.505µm
u_picorv32.picorv32_core.cpuregs\[3\]\[25\],25.505µm
u_picorv32.picorv32_core.cpuregs\[3\]\[4\],25.5µm
_04513_,25.49µm
u_picorv32.picorv32_core.cpuregs\[7\]\[6\],25.47µm
_04587_,25.45µm
u_picorv32.picorv32_core.cpuregs\[26\]\[27\],25.435µm
_03113_,25.425µm
u_picorv32.picorv32_core.cpuregs\[20\]\[6\],25.405µm
u_picorv32.picorv32_core.cpuregs\[25\]\[10\],25.405µm
u_picorv32.picorv32_core.cpuregs\[24\]\[31\],25.39µm
u_picorv32.picorv32_core.cpuregs\[4\]\[27\],25.39µm
u_picorv32.picorv32_core.cpuregs\[9\]\[22\],25.39µm
u_picorv32.picorv32_core.cpuregs\[5\]\[21\],25.38µm
u_picorv32.picorv32_core.cpuregs\[25\]\[0\],25.37µm
u_picorv32.picorv32_core.cpuregs\[16\]\[1\],25.365µm
u_picorv32.picorv32_core.cpuregs\[1\]\[11\],25.34µm
u_picorv32.picorv32_core.cpuregs\[6\]\[21\],25.34µm
u_picorv32.picorv32_core.cpuregs\[10\]\[12\],25.335µm
_04449_,25.33µm
_04452_,25.33µm
u_picorv32.picorv32_core.cpuregs\[23\]\[8\],25.33µm
u_picorv32.picorv32_core.reg_out\[31\],25.315µm
u_picorv32.picorv32_core.cpuregs\[14\]\[13\],25.29µm
u_picorv32.picorv32_core.cpuregs\[1\]\[4\],25.28µm
u_picorv32.picorv32_core.cpuregs\[9\]\[20\],25.28µm
u_picorv32.picorv32_core.alu_out_q\[9\],25.27µm
u_picorv32.picorv32_core.cpuregs\[13\]\[29\],25.27µm
u_picorv32.picorv32_core.cpuregs\[27\]\[8\],25.27µm
u_picorv32.picorv32_core.cpuregs\[29\]\[20\],25.27µm
u_picorv32.picorv32_core.cpuregs\[30\]\[31\],25.27µm
u_picorv32.picorv32_core.cpuregs\[31\]\[24\],25.27µm
u_picorv32.picorv32_core.instr_rdinstrh,25.27µm
u_picorv32.picorv32_core.reg_out\[12\],25.27µm
_05261_,25.26µm
_05412_,25.26µm
u_picorv32.picorv32_core.cpuregs\[19\]\[15\],25.255µm
u_picorv32.picorv32_core.cpuregs\[29\]\[14\],25.245µm
u_picorv32.picorv32_core.cpuregs\[25\]\[16\],25.235µm
u_picorv32.picorv32_core.cpuregs\[27\]\[2\],25.225µm
u_picorv32.picorv32_core.cpuregs\[19\]\[2\],25.22µm
u_picorv32.picorv32_core.cpuregs\[27\]\[21\],25.22µm
_02291_,25.21µm
_03810_,25.21µm
_04951_,25.21µm
u_picorv32.picorv32_core.cpuregs\[31\]\[14\],25.21µm
u_picorv32.picorv32_core.cpuregs\[18\]\[3\],25.145µm
_04655_,25.135µm
u_picorv32.picorv32_core.cpuregs\[16\]\[18\],25.105µm
_04522_,25.09µm
u_picorv32.picorv32_core.cpuregs\[27\]\[7\],25.09µm
_05097_,25.08µm
_03666_,25.065µm
u_picorv32.picorv32_core.cpuregs\[5\]\[23\],25.055µm
_02801_,25.05µm
u_picorv32.picorv32_core.instr_sltu,25.05µm
u_picorv32.picorv32_core.cpuregs\[23\]\[20\],25.045µm
_05349_,25.04µm
_05209_,25.03µm
u_picorv32.picorv32_core.cpuregs\[24\]\[3\],25.03µm
u_picorv32.picorv32_core.cpuregs\[27\]\[17\],25.03µm
_02069_,25.02µm
_02237_,25.02µm
_04035_,25.02µm
u_picorv32.picorv32_core.cpuregs\[9\]\[25\],25.02µm
net31,25.015µm
_01629_,25.005µm
u_picorv32.picorv32_core.cpuregs\[23\]\[12\],25µm
_04164_,24.995µm
u_picorv32.picorv32_core.cpuregs\[31\]\[17\],24.995µm
u_picorv32.picorv32_core.count_cycle\[59\],24.98µm
u_picorv32.picorv32_core.cpuregs\[3\]\[12\],24.97µm
u_picorv32.picorv32_core.cpuregs\[9\]\[1\],24.97µm
_04724_,24.96µm
u_picorv32.picorv32_core.cpuregs\[15\]\[29\],24.955µm
u_picorv32.picorv32_core.cpuregs\[16\]\[28\],24.955µm
u_picorv32.picorv32_core.cpuregs\[22\]\[8\],24.945µm
u_picorv32.picorv32_core.cpuregs\[24\]\[1\],24.945µm
u_picorv32.picorv32_core.cpuregs\[6\]\[5\],24.93µm
u_picorv32.picorv32_core.cpuregs\[4\]\[21\],24.92µm
_04256_,24.91µm
u_picorv32.picorv32_core.cpuregs\[26\]\[23\],24.91µm
u_picorv32.picorv32_core.cpuregs\[30\]\[24\],24.91µm
_04711_,24.88µm
u_picorv32.picorv32_core.mem_do_wdata,24.88µm
_01947_,24.87µm
u_picorv32.picorv32_core.cpuregs\[29\]\[28\],24.87µm
_03679_,24.85µm
u_picorv32.picorv32_core.cpuregs\[26\]\[29\],24.845µm
u_picorv32.picorv32_core.cpuregs\[18\]\[20\],24.84µm
u_picorv32.picorv32_core.cpuregs\[9\]\[17\],24.81µm
_03288_,24.8µm
u_picorv32.picorv32_core.cpuregs\[27\]\[27\],24.8µm
net111,24.79µm
u_picorv32.picorv32_core.cpuregs\[3\]\[26\],24.79µm
_01780_,24.78µm
u_picorv32.picorv32_core.cpuregs\[0\]\[31\],24.78µm
u_picorv32.picorv32_core.cpuregs\[13\]\[22\],24.78µm
u_picorv32.picorv32_core.cpuregs\[31\]\[26\],24.755µm
u_picorv32.picorv32_core.cpuregs\[18\]\[24\],24.74µm
u_picorv32.picorv32_core.cpuregs\[23\]\[14\],24.74µm
u_picorv32.picorv32_core.cpuregs\[24\]\[2\],24.74µm
_05259_,24.73µm
_05471_,24.73µm
u_picorv32.picorv32_core.cpuregs\[3\]\[19\],24.73µm
_01661_,24.72µm
_04215_,24.72µm
u_picorv32.picorv32_core.cpuregs\[31\]\[25\],24.715µm
u_picorv32.picorv32_core.cpuregs\[25\]\[7\],24.68µm
u_picorv32.picorv32_core.cpuregs\[2\]\[22\],24.68µm
_05311_,24.67µm
u_picorv32.picorv32_core.cpuregs\[22\]\[7\],24.67µm
u_picorv32.picorv32_core.cpuregs\[2\]\[9\],24.66µm
u_picorv32.picorv32_core.cpuregs\[8\]\[8\],24.66µm
_01713_,24.65µm
u_picorv32.picorv32_core.cpuregs\[30\]\[21\],24.645µm
u_picorv32.picorv32_core.cpuregs\[12\]\[7\],24.64µm
u_picorv32.picorv32_core.cpuregs\[23\]\[18\],24.635µm
u_picorv32.picorv32_core.cpuregs\[15\]\[4\],24.63µm
u_picorv32.picorv32_core.cpuregs\[26\]\[18\],24.625µm
u_picorv32.picorv32_core.decoded_rd\[0\],24.625µm
_02985_,24.61µm
u_picorv32.picorv32_core.cpuregs\[3\]\[1\],24.6µm
u_picorv32.picorv32_core.cpuregs\[15\]\[0\],24.595µm
u_picorv32.picorv32_core.cpuregs\[0\]\[21\],24.56µm
u_picorv32.picorv32_core.cpuregs\[17\]\[2\],24.56µm
u_picorv32.picorv32_core.cpuregs\[20\]\[1\],24.555µm
u_picorv32.picorv32_core.cpuregs\[19\]\[27\],24.545µm
u_picorv32.picorv32_core.cpuregs\[22\]\[17\],24.545µm
_04047_,24.54µm
_04729_,24.54µm
_04946_,24.54µm
_05000_,24.54µm
_05005_,24.54µm
_05030_,24.54µm
_05154_,24.54µm
_02604_,24.535µm
u_picorv32.picorv32_core.cpuregs\[17\]\[23\],24.525µm
u_picorv32.picorv32_core.cpuregs\[21\]\[10\],24.51µm
net32,24.505µm
u_picorv32.picorv32_core.cpuregs\[20\]\[28\],24.505µm
u_picorv32.picorv32_core.cpuregs\[5\]\[17\],24.505µm
u_picorv32.picorv32_core.cpuregs\[5\]\[1\],24.505µm
u_picorv32.picorv32_core.cpuregs\[16\]\[9\],24.5µm
_03610_,24.49µm
u_picorv32.picorv32_core.cpuregs\[2\]\[21\],24.49µm
_03471_,24.48µm
net3009,24.465µm
_02290_,24.44µm
u_picorv32.picorv32_core.cpuregs\[2\]\[1\],24.405µm
_02971_,24.4µm
_03467_,24.4µm
u_picorv32.picorv32_core.cpuregs\[1\]\[8\],24.4µm
_02379_,24.395µm
u_picorv32.picorv32_core.cpuregs\[15\]\[26\],24.38µm
_01768_,24.37µm
_02715_,24.37µm
u_picorv32.picorv32_core.cpuregs\[26\]\[2\],24.37µm
_05095_,24.355µm
_05906_,24.355µm
u_picorv32.picorv32_core.cpuregs\[2\]\[18\],24.355µm
_02152_,24.335µm
u_picorv32.picorv32_core.cpuregs\[19\]\[1\],24.32µm
u_picorv32.picorv32_core.cpuregs\[26\]\[15\],24.32µm
u_picorv32.picorv32_core.cpuregs\[5\]\[3\],24.32µm
u_picorv32.picorv32_core.cpuregs\[18\]\[30\],24.315µm
_03185_,24.31µm
_05053_,24.31µm
u_picorv32.picorv32_core.cpuregs\[7\]\[25\],24.31µm
_05327_,24.3µm
u_picorv32.picorv32_core.cpuregs\[15\]\[9\],24.295µm
u_picorv32.picorv32_core.cpuregs\[3\]\[18\],24.295µm
u_picorv32.picorv32_core.cpuregs\[21\]\[16\],24.275µm
u_picorv32.picorv32_core.cpuregs\[3\]\[24\],24.265µm
u_picorv32.picorv32_core.cpuregs\[19\]\[18\],24.26µm
u_picorv32.picorv32_core.cpuregs\[6\]\[4\],24.255µm
_02076_,24.25µm
_05596_,24.25µm
_03580_,24.245µm
u_picorv32.picorv32_core.cpuregs\[0\]\[0\],24.245µm
_04909_,24.24µm
u_picorv32.picorv32_core.cpuregs\[8\]\[18\],24.225µm
u_picorv32.picorv32_core.cpuregs\[17\]\[13\],24.2µm
_05236_,24.19µm
_01744_,24.145µm
_01603_,24.13µm
_01666_,24.13µm
_05146_,24.13µm
_03588_,24.12µm
_05231_,24.12µm
u_picorv32.picorv32_core.cpuregs\[3\]\[28\],24.085µm
_05338_,24.08µm
u_picorv32.picorv32_core.cpuregs\[2\]\[15\],24.08µm
u_picorv32.picorv32_core.reg_pc\[26\],24.08µm
_05012_,24.06µm
u_picorv32.picorv32_core.cpuregs\[31\]\[20\],24.035µm
u_picorv32.picorv32_core.cpuregs\[11\]\[9\],24.03µm
_04720_,24.02µm
u_picorv32.picorv32_core.cpuregs\[10\]\[3\],24.02µm
u_picorv32.picorv32_core.cpuregs\[3\]\[14\],24.02µm
_03210_,24.015µm
_01682_,24.01µm
_04472_,24µm
u_picorv32.picorv32_core.cpuregs\[4\]\[28\],23.995µm
u_picorv32.picorv32_core.cpuregs\[8\]\[14\],23.995µm
u_picorv32.picorv32_core.reg_next_pc\[23\],23.995µm
_03779_,23.98µm
_02168_,23.97µm
_03415_,23.965µm
_01638_,23.94µm
_02968_,23.935µm
u_picorv32.picorv32_core.cpuregs\[4\]\[25\],23.935µm
u_picorv32.picorv32_core.cpuregs\[25\]\[9\],23.925µm
_05463_,23.89µm
_01737_,23.885µm
_03312_,23.88µm
_04804_,23.88µm
u_picorv32.picorv32_core.cpuregs\[15\]\[31\],23.875µm
u_picorv32.picorv32_core.cpuregs\[5\]\[27\],23.87µm
u_picorv32.picorv32_core.cpuregs\[18\]\[12\],23.86µm
_01756_,23.855µm
_02482_,23.84µm
u_picorv32.picorv32_core.cpuregs\[12\]\[27\],23.84µm
u_picorv32.picorv32_core.cpuregs\[14\]\[14\],23.84µm
u_picorv32.picorv32_core.cpuregs\[9\]\[4\],23.83µm
_05018_,23.82µm
_06010_,23.81µm
_02553_,23.77µm
_04248_,23.765µm
u_picorv32.picorv32_core.cpuregs\[13\]\[25\],23.76µm
u_picorv32.picorv32_core.cpuregs\[31\]\[28\],23.76µm
u_picorv32.picorv32_core.cpuregs\[23\]\[23\],23.755µm
u_picorv32.picorv32_core.cpuregs\[3\]\[2\],23.755µm
u_picorv32.picorv32_core.cpuregs\[4\]\[30\],23.725µm
u_picorv32.picorv32_core.cpuregs\[10\]\[10\],23.72µm
u_picorv32.picorv32_core.cpuregs\[4\]\[8\],23.72µm
_02295_,23.71µm
_05134_,23.71µm
u_picorv32.picorv32_core.reg_next_pc\[21\],23.705µm
_04585_,23.7µm
u_picorv32.picorv32_core.cpuregs\[0\]\[18\],23.675µm
u_picorv32.picorv32_core.cpuregs\[11\]\[26\],23.665µm
_04707_,23.66µm
u_picorv32.picorv32_core.cpuregs\[10\]\[1\],23.66µm
_03071_,23.65µm
u_picorv32.picorv32_core.cpuregs\[3\]\[10\],23.65µm
u_picorv32.picorv32_core.cpuregs\[4\]\[23\],23.645µm
_05082_,23.64µm
u_picorv32.picorv32_core.cpuregs\[21\]\[9\],23.605µm
u_picorv32.picorv32_core.cpuregs\[6\]\[20\],23.6µm
_05194_,23.59µm
u_picorv32.picorv32_core.cpuregs\[25\]\[18\],23.59µm
u_picorv32.picorv32_core.cpuregs\[28\]\[5\],23.59µm
u_picorv32.picorv32_core.cpuregs\[9\]\[2\],23.58µm
u_picorv32.picorv32_core.cpuregs\[11\]\[24\],23.57µm
u_picorv32.picorv32_core.cpuregs\[11\]\[20\],23.55µm
u_picorv32.picorv32_core.decoded_rd\[1\],23.55µm
_01823_,23.545µm
_01604_,23.54µm
_04399_,23.54µm
u_picorv32.picorv32_core.cpuregs\[27\]\[9\],23.535µm
_03409_,23.53µm
u_picorv32.picorv32_core.cpuregs\[16\]\[19\],23.53µm
_02236_,23.52µm
_05985_,23.52µm
_03549_,23.505µm
u_picorv32.picorv32_core.cpuregs\[12\]\[12\],23.49µm
u_picorv32.picorv32_core.is_compare,23.485µm
_02713_,23.47µm
_05615_,23.47µm
u_picorv32.picorv32_core.cpuregs\[11\]\[4\],23.47µm
u_picorv32.picorv32_core.cpuregs\[29\]\[24\],23.435µm
u_picorv32.picorv32_core.cpuregs\[5\]\[9\],23.435µm
u_picorv32.picorv32_core.cpuregs\[29\]\[10\],23.425µm
net116,23.41µm
u_picorv32.picorv32_core.cpuregs\[2\]\[31\],23.41µm
u_picorv32.picorv32_core.cpuregs\[0\]\[24\],23.4µm
u_picorv32.picorv32_core.cpuregs\[19\]\[8\],23.4µm
u_picorv32.picorv32_core.cpuregs\[5\]\[0\],23.4µm
_02939_,23.395µm
u_picorv32.picorv32_core.cpuregs\[23\]\[9\],23.385µm
_03637_,23.36µm
u_picorv32.picorv32_core.cpuregs\[2\]\[27\],23.35µm
u_picorv32.picorv32_core.cpuregs\[22\]\[26\],23.34µm
u_picorv32.picorv32_core.cpuregs\[14\]\[28\],23.335µm
_01625_,23.32µm
_03341_,23.3µm
u_picorv32.picorv32_core.cpuregs\[12\]\[29\],23.3µm
u_picorv32.picorv32_core.cpuregs\[11\]\[1\],23.29µm
u_picorv32.picorv32_core.cpuregs\[27\]\[11\],23.29µm
u_picorv32.picorv32_core.cpuregs\[31\]\[6\],23.29µm
u_picorv32.picorv32_core.cpuregs\[7\]\[24\],23.29µm
u_picorv32.picorv32_core.cpuregs\[7\]\[4\],23.29µm
_02649_,23.28µm
_03126_,23.28µm
_03481_,23.28µm
_04081_,23.28µm
_05765_,23.265µm
u_picorv32.picorv32_core.cpuregs\[28\]\[21\],23.24µm
u_picorv32.picorv32_core.cpuregs\[4\]\[0\],23.24µm
_04078_,23.23µm
_03425_,23.22µm
_05130_,23.22µm
u_picorv32.picorv32_core.cpuregs\[12\]\[2\],23.195µm
u_picorv32.picorv32_core.cpuregs\[25\]\[23\],23.19µm
u_picorv32.picorv32_core.cpuregs\[14\]\[30\],23.18µm
u_picorv32.picorv32_core.cpuregs\[5\]\[26\],23.18µm
u_picorv32.picorv32_core.cpuregs\[19\]\[6\],23.17µm
_05059_,23.16µm
u_picorv32.picorv32_core.cpuregs\[16\]\[0\],23.155µm
_02151_,23.13µm
u_picorv32.picorv32_core.cpuregs\[31\]\[27\],23.13µm
u_picorv32.picorv32_core.cpuregs\[2\]\[4\],23.12µm
u_picorv32.picorv32_core.reg_pc\[16\],23.11µm
_05301_,23.1µm
u_picorv32.picorv32_core.cpuregs\[10\]\[21\],23.1µm
u_picorv32.picorv32_core.cpuregs\[25\]\[22\],23.075µm
u_picorv32.picorv32_core.cpuregs\[0\]\[4\],23.065µm
u_picorv32.picorv32_core.cpuregs\[24\]\[21\],23.065µm
_05652_,23.06µm
u_picorv32.picorv32_core.count_instr\[3\],23.06µm
u_picorv32.picorv32_core.cpuregs\[2\]\[8\],23.06µm
_04247_,23.005µm
u_picorv32.picorv32_core.cpuregs\[5\]\[24\],23µm
_04533_,22.995µm
_05464_,22.99µm
_01814_,22.97µm
u_picorv32.picorv32_core.cpuregs\[7\]\[0\],22.955µm
_01734_,22.945µm
_05698_,22.87µm
u_picorv32.picorv32_core.cpuregs\[14\]\[7\],22.855µm
u_picorv32.picorv32_core.cpuregs\[15\]\[19\],22.85µm
u_picorv32.picorv32_core.cpuregs\[18\]\[11\],22.815µm
u_picorv32.picorv32_core.cpuregs\[6\]\[22\],22.81µm
u_picorv32.picorv32_core.cpuregs\[23\]\[29\],22.785µm
_01732_,22.78µm
u_picorv32.picorv32_core.cpuregs\[16\]\[27\],22.775µm
u_picorv32.picorv32_core.cpuregs\[20\]\[13\],22.76µm
u_picorv32.picorv32_core.cpuregs\[24\]\[9\],22.76µm
u_picorv32.picorv32_core.cpuregs\[8\]\[16\],22.76µm
u_picorv32.picorv32_core.cpuregs\[8\]\[26\],22.76µm
_05015_,22.75µm
_05612_,22.72µm
u_picorv32.picorv32_core.cpuregs\[24\]\[7\],22.715µm
u_picorv32.picorv32_core.cpuregs\[28\]\[11\],22.71µm
_02448_,22.705µm
_05729_,22.7µm
u_picorv32.picorv32_core.cpuregs\[1\]\[23\],22.7µm
_03045_,22.69µm
_04974_,22.69µm
_01702_,22.665µm
u_picorv32.picorv32_core.cpuregs\[28\]\[23\],22.65µm
u_picorv32.picorv32_core.cpuregs\[9\]\[15\],22.65µm
u_picorv32.picorv32_core.cpuregs\[22\]\[21\],22.645µm
_05024_,22.63µm
_05925_,22.63µm
net1410,22.63µm
u_picorv32.picorv32_core.cpuregs\[12\]\[21\],22.63µm
u_picorv32.picorv32_core.cpuregs\[18\]\[14\],22.595µm
net1406,22.58µm
net1407,22.58µm
net1408,22.58µm
net1409,22.58µm
u_picorv32.picorv32_core.cpuregs\[11\]\[16\],22.58µm
u_picorv32.picorv32_core.instr_slt,22.58µm
u_picorv32.picorv32_core.cpuregs\[23\]\[26\],22.495µm
u_picorv32.picorv32_core.cpuregs\[16\]\[15\],22.485µm
u_picorv32.picorv32_core.cpuregs\[6\]\[17\],22.46µm
_03151_,22.45µm
_05291_,22.45µm
u_picorv32.picorv32_core.cpuregs\[3\]\[6\],22.45µm
_01794_,22.44µm
_02788_,22.44µm
u_picorv32.picorv32_core.cpuregs\[30\]\[15\],22.44µm
_04447_,22.435µm
u_picorv32.picorv32_core.cpuregs\[22\]\[4\],22.435µm
u_picorv32.picorv32_core.cpuregs\[30\]\[0\],22.435µm
u_picorv32.picorv32_core.cpuregs\[20\]\[15\],22.425µm
u_picorv32.picorv32_core.cpuregs\[9\]\[3\],22.41µm
_04305_,22.405µm
_03229_,22.39µm
u_picorv32.picorv32_core.cpuregs\[4\]\[6\],22.39µm
_03805_,22.385µm
_04316_,22.38µm
_01599_,22.365µm
_05825_,22.35µm
u_picorv32.picorv32_core.cpuregs\[11\]\[11\],22.33µm
u_picorv32.picorv32_core.cpuregs\[12\]\[24\],22.33µm
u_picorv32.picorv32_core.cpuregs\[4\]\[19\],22.33µm
_02716_,22.32µm
_01973_,22.315µm
u_picorv32.picorv32_core.cpuregs\[20\]\[21\],22.315µm
u_picorv32.picorv32_core.cpuregs\[18\]\[26\],22.285µm
_05861_,22.28µm
u_picorv32.picorv32_core.cpuregs\[16\]\[22\],22.28µm
u_picorv32.picorv32_core.cpuregs\[22\]\[13\],22.28µm
u_picorv32.picorv32_core.cpuregs\[23\]\[13\],22.28µm
u_picorv32.picorv32_core.cpuregs\[28\]\[17\],22.28µm
u_picorv32.picorv32_core.cpuregs\[13\]\[19\],22.27µm
net115,22.26µm
u_picorv32.picorv32_core.cpuregs\[6\]\[25\],22.26µm
u_picorv32.picorv32_core.cpuregs\[23\]\[15\],22.24µm
_01915_,22.23µm
u_picorv32.picorv32_core.cpuregs\[28\]\[20\],22.23µm
_03672_,22.22µm
_02589_,22.21µm
_03551_,22.21µm
_05262_,22.21µm
u_picorv32.picorv32_core.cpuregs\[5\]\[11\],22.21µm
_05407_,22.205µm
_05277_,22.2µm
_05516_,22.195µm
u_picorv32.picorv32_core.cpuregs\[24\]\[23\],22.185µm
u_picorv32.picorv32_core.cpuregs\[21\]\[13\],22.175µm
u_picorv32.picorv32_core.cpuregs\[14\]\[10\],22.17µm
u_picorv32.picorv32_core.mem_state\[1\],22.16µm
_03600_,22.14µm
u_picorv32.picorv32_core.cpuregs\[4\]\[13\],22.1µm
_01619_,22.09µm
_03797_,22.085µm
_06012_,22.08µm
_05288_,22.045µm
u_picorv32.picorv32_core.cpuregs\[10\]\[31\],22.04µm
_03096_,22.03µm
_04929_,22.03µm
_03803_,22.02µm
_01709_,21.99µm
_01808_,21.98µm
_03148_,21.97µm
_05257_,21.97µm
u_picorv32.picorv32_core.cpuregs\[12\]\[1\],21.97µm
_04251_,21.96µm
u_picorv32.picorv32_core.cpuregs\[28\]\[16\],21.96µm
u_picorv32.picorv32_core.cpuregs\[5\]\[29\],21.955µm
_01569_,21.91µm
_02337_,21.91µm
u_picorv32.picorv32_core.cpuregs\[16\]\[11\],21.91µm
_01836_,21.905µm
_01906_,21.9µm
_03513_,21.9µm
_05564_,21.875µm
u_picorv32.picorv32_core.cpuregs\[7\]\[31\],21.865µm
u_picorv32.picorv32_core.instr_blt,21.86µm
_05157_,21.85µm
_05899_,21.85µm
u_picorv32.picorv32_core.cpuregs\[2\]\[29\],21.85µm
u_picorv32.picorv32_core.cpuregs\[3\]\[21\],21.85µm
_02192_,21.84µm
mem_axi_wdata[8],21.81µm
u_picorv32.picorv32_core.is_slti_blt_slt,21.8µm
u_picorv32.picorv32_core.cpuregs\[13\]\[18\],21.795µm
_05197_,21.79µm
_05246_,21.79µm
u_picorv32.picorv32_core.cpuregs\[20\]\[14\],21.79µm
_04975_,21.78µm
_05182_,21.78µm
u_picorv32.picorv32_core.cpuregs\[10\]\[13\],21.755µm
u_picorv32.picorv32_core.cpuregs\[18\]\[21\],21.755µm
_05452_,21.745µm
_02970_,21.73µm
_05693_,21.73µm
_04728_,21.72µm
_05080_,21.72µm
u_picorv32.picorv32_core.cpuregs\[26\]\[9\],21.705µm
_04584_,21.69µm
u_picorv32.picorv32_core.cpuregs\[21\]\[1\],21.69µm
_02690_,21.67µm
u_picorv32.picorv32_core.cpuregs\[2\]\[16\],21.66µm
u_picorv32.picorv32_core.cpuregs\[6\]\[19\],21.63µm
u_picorv32.picorv32_core.cpuregs\[21\]\[29\],21.62µm
u_picorv32.picorv32_core.cpuregs\[1\]\[24\],21.61µm
u_picorv32.picorv32_core.cpuregs\[9\]\[13\],21.61µm
_01898_,21.56µm
_05595_,21.56µm
_03220_,21.55µm
u_picorv32.picorv32_core.cpuregs\[1\]\[1\],21.55µm
u_picorv32.picorv32_core.cpuregs\[7\]\[30\],21.55µm
_04358_,21.545µm
u_picorv32.picorv32_core.cpu_state\[2\],21.54µm
u_picorv32.picorv32_core.cpuregs\[7\]\[8\],21.52µm
u_picorv32.picorv32_core.mem_rdata_q\[15\],21.515µm
u_picorv32.picorv32_core.cpuregs\[24\]\[6\],21.5µm
_02055_,21.49µm
_03152_,21.49µm
u_picorv32.picorv32_core.cpuregs\[22\]\[14\],21.49µm
_03306_,21.48µm
_02505_,21.475µm
u_picorv32.picorv32_core.cpuregs\[14\]\[5\],21.47µm
_05451_,21.46µm
_03136_,21.445µm
u_picorv32.picorv32_core.cpuregs\[28\]\[8\],21.445µm
u_picorv32.picorv32_core.cpuregs\[2\]\[30\],21.445µm
_04511_,21.44µm
u_picorv32.picorv32_core.cpuregs\[18\]\[13\],21.44µm
_03194_,21.43µm
u_picorv32.picorv32_core.cpuregs\[19\]\[0\],21.43µm
_01712_,21.425µm
_04562_,21.425µm
_03713_,21.42µm
_03944_,21.42µm
_05186_,21.42µm
_03558_,21.405µm
u_picorv32.picorv32_core.cpuregs\[18\]\[18\],21.405µm
u_picorv32.picorv32_core.cpuregs\[13\]\[24\],21.38µm
_01858_,21.37µm
_03149_,21.37µm
_03222_,21.37µm
_03399_,21.37µm
u_picorv32.picorv32_core.cpuregs\[7\]\[19\],21.365µm
net1312,21.355µm
u_picorv32.picorv32_core.cpuregs\[10\]\[8\],21.335µm
_01716_,21.33µm
u_picorv32.picorv32_core.cpuregs\[18\]\[28\],21.32µm
_05045_,21.31µm
_02786_,21.3µm
u_picorv32.picorv32_core.cpuregs\[16\]\[17\],21.285µm
u_picorv32.picorv32_core.cpuregs\[1\]\[25\],21.27µm
_03801_,21.265µm
mem_axi_awready,21.26µm
mem_axi_bvalid,21.26µm
mem_axi_wready,21.26µm
u_picorv32.picorv32_core.cpuregs\[7\]\[20\],21.25µm
_04679_,21.24µm
_05132_,21.24µm
u_picorv32.picorv32_core.cpuregs\[6\]\[12\],21.22µm
u_picorv32.picorv32_core.cpuregs\[24\]\[18\],21.2µm
_03259_,21.19µm
_03689_,21.19µm
u_picorv32.picorv32_core.cpuregs\[4\]\[2\],21.185µm
_04325_,21.13µm
_01292_,21.12µm
_04693_,21.12µm
_01746_,21.11µm
_03724_,21.09µm
u_picorv32.picorv32_core.cpuregs\[7\]\[26\],21.08µm
u_picorv32.picorv32_core.cpuregs\[20\]\[18\],21.07µm
u_picorv32.picorv32_core.is_slli_srli_srai,21.07µm
u_picorv32.picorv32_core.cpuregs\[5\]\[15\],21.03µm
_02703_,21.025µm
u_picorv32.picorv32_core.cpuregs\[26\]\[25\],21.015µm
_05418_,21.01µm
u_picorv32.picorv32_core.cpuregs\[19\]\[9\],21.01µm
_04508_,20.97µm
u_picorv32.picorv32_core.cpuregs\[0\]\[29\],20.97µm
u_picorv32.picorv32_core.cpuregs\[28\]\[13\],20.965µm
mem_axi_awaddr[28],20.96µm
mem_axi_awaddr[29],20.96µm
mem_axi_awaddr[31],20.96µm
mem_axi_bready,20.96µm
mem_axi_wdata[20],20.96µm
mem_axi_wdata[21],20.96µm
mem_axi_wdata[22],20.96µm
mem_axi_wdata[23],20.96µm
mem_axi_wdata[24],20.96µm
mem_axi_wdata[25],20.96µm
mem_axi_wstrb[0],20.96µm
mem_axi_wstrb[1],20.96µm
mem_axi_wstrb[2],20.96µm
mem_axi_wstrb[3],20.96µm
_05252_,20.95µm
u_picorv32.picorv32_core.cpuregs\[19\]\[7\],20.95µm
_05224_,20.94µm
u_picorv32.picorv32_core.cpuregs\[26\]\[5\],20.94µm
u_picorv32.picorv32_core.cpuregs\[28\]\[0\],20.94µm
_03523_,20.92µm
u_picorv32.picorv32_core.cpuregs\[24\]\[11\],20.905µm
_02073_,20.9µm
u_picorv32.picorv32_core.cpuregs\[15\]\[27\],20.9µm
_02050_,20.89µm
_02839_,20.89µm
u_picorv32.picorv32_core.cpuregs\[4\]\[26\],20.89µm
_02987_,20.875µm
_04266_,20.875µm
_04592_,20.865µm
_05519_,20.84µm
_04631_,20.83µm
_04243_,20.8µm
u_picorv32.picorv32_core.cpuregs\[1\]\[19\],20.795µm
_05828_,20.785µm
u_picorv32.picorv32_core.cpuregs\[0\]\[12\],20.78µm
_03561_,20.77µm
_03776_,20.77µm
_04254_,20.76µm
_04789_,20.76µm
_05339_,20.76µm
u_picorv32.picorv32_core.cpuregs\[28\]\[28\],20.755µm
_05675_,20.75µm
u_picorv32.picorv32_core.cpuregs\[30\]\[5\],20.73µm
_03646_,20.715µm
_05838_,20.71µm
_05173_,20.7µm
u_picorv32.pcpi_rs1\[19\],20.69µm
u_picorv32.picorv32_core.cpuregs\[28\]\[18\],20.69µm
u_picorv32.picorv32_core.cpuregs\[19\]\[17\],20.67µm
u_picorv32.picorv32_core.cpuregs\[0\]\[25\],20.665µm
_04428_,20.64µm
_05381_,20.625µm
u_picorv32.picorv32_core.cpuregs\[0\]\[15\],20.6µm
_02065_,20.545µm
_00325_,20.53µm
_02261_,20.53µm
_05052_,20.52µm
u_picorv32.picorv32_core.cpuregs\[19\]\[11\],20.52µm
_05380_,20.515µm
u_picorv32.picorv32_core.cpuregs\[9\]\[5\],20.5µm
mem_axi_awaddr[10],20.48µm
mem_axi_awaddr[11],20.48µm
mem_axi_awaddr[12],20.48µm
mem_axi_awaddr[13],20.48µm
mem_axi_awaddr[14],20.48µm
mem_axi_awaddr[15],20.48µm
mem_axi_awaddr[16],20.48µm
mem_axi_awaddr[18],20.48µm
mem_axi_awaddr[19],20.48µm
mem_axi_awaddr[20],20.48µm
mem_axi_awaddr[21],20.48µm
mem_axi_awaddr[22],20.48µm
mem_axi_awaddr[23],20.48µm
mem_axi_awaddr[24],20.48µm
mem_axi_awaddr[25],20.48µm
mem_axi_awaddr[26],20.48µm
mem_axi_awaddr[27],20.48µm
mem_axi_awaddr[2],20.48µm
mem_axi_awaddr[30],20.48µm
mem_axi_awaddr[3],20.48µm
mem_axi_awaddr[4],20.48µm
mem_axi_awaddr[5],20.48µm
mem_axi_awaddr[6],20.48µm
mem_axi_awaddr[7],20.48µm
mem_axi_awaddr[8],20.48µm
mem_axi_awaddr[9],20.48µm
mem_axi_awvalid,20.48µm
mem_axi_wdata[0],20.48µm
mem_axi_wdata[10],20.48µm
mem_axi_wdata[11],20.48µm
mem_axi_wdata[12],20.48µm
mem_axi_wdata[13],20.48µm
mem_axi_wdata[14],20.48µm
mem_axi_wdata[16],20.48µm
mem_axi_wdata[17],20.48µm
mem_axi_wdata[18],20.48µm
mem_axi_wdata[19],20.48µm
mem_axi_wdata[1],20.48µm
mem_axi_wdata[26],20.48µm
mem_axi_wdata[27],20.48µm
mem_axi_wdata[28],20.48µm
mem_axi_wdata[29],20.48µm
mem_axi_wdata[2],20.48µm
mem_axi_wdata[30],20.48µm
mem_axi_wdata[31],20.48µm
mem_axi_wdata[3],20.48µm
mem_axi_wdata[4],20.48µm
mem_axi_wdata[5],20.48µm
mem_axi_wdata[6],20.48µm
mem_axi_wdata[7],20.48µm
mem_axi_wdata[9],20.48µm
mem_axi_wvalid,20.48µm
_03255_,20.46µm
_04561_,20.46µm
_02437_,20.445µm
_03682_,20.43µm
u_picorv32.picorv32_core.cpuregs\[10\]\[22\],20.425µm
_03612_,20.42µm
u_picorv32.picorv32_core.cpuregs\[20\]\[30\],20.42µm
_03440_,20.41µm
u_picorv32.picorv32_core.cpuregs\[21\]\[2\],20.405µm
u_picorv32.picorv32_core.cpuregs\[17\]\[19\],20.385µm
_04310_,20.365µm
u_picorv32.picorv32_core.cpuregs\[1\]\[5\],20.36µm
u_picorv32.picorv32_core.cpuregs\[28\]\[29\],20.36µm
u_picorv32.picorv32_core.cpuregs\[28\]\[30\],20.36µm
_01567_,20.35µm
_04516_,20.35µm
_05340_,20.35µm
_04589_,20.34µm
_04726_,20.34µm
_05337_,20.34µm
u_picorv32.picorv32_core.cpuregs\[17\]\[0\],20.31µm
u_picorv32.picorv32_core.reg_out\[14\],20.305µm
u_picorv32.picorv32_core.cpuregs\[7\]\[16\],20.3µm
_01773_,20.29µm
u_picorv32.picorv32_core.cpuregs\[20\]\[25\],20.265µm
_01320_,20.23µm
u_picorv32.pcpi_rs1\[18\],20.23µm
_05046_,20.22µm
_05271_,20.22µm
u_picorv32.picorv32_core.cpuregs\[21\]\[11\],20.205µm
u_picorv32.picorv32_core.cpuregs\[26\]\[3\],20.19µm
u_picorv32.picorv32_core.cpuregs\[17\]\[3\],20.18µm
_03419_,20.17µm
_04978_,20.17µm
_05355_,20.16µm
_04719_,20.155µm
u_picorv32.picorv32_core.cpuregs\[18\]\[10\],20.145µm
_05620_,20.125µm
u_picorv32.picorv32_core.cpuregs\[10\]\[30\],20.12µm
_04467_,20.11µm
_05237_,20.11µm
u_picorv32.picorv32_core.cpuregs\[1\]\[6\],20.11µm
_03640_,20.1µm
_05372_,20.085µm
net3055,20.08µm
u_picorv32.picorv32_core.cpuregs\[9\]\[16\],20.06µm
u_picorv32.picorv32_core.cpuregs\[20\]\[3\],20.05µm
_05077_,20.04µm
u_picorv32.picorv32_core.cpuregs\[11\]\[23\],20µm
u_picorv32.picorv32_core.cpuregs\[3\]\[7\],20µm
_02775_,19.98µm
_05650_,19.98µm
_04178_,19.945µm
u_picorv32.picorv32_core.cpuregs\[18\]\[1\],19.94µm
_05790_,19.93µm
u_picorv32.picorv32_core.reg_next_pc\[9\],19.93µm
_00230_,19.92µm
_00646_,19.92µm
u_picorv32.picorv32_core.cpuregs\[2\]\[14\],19.895µm
_04990_,19.87µm
_03764_,19.855µm
_03499_,19.85µm
_03211_,19.83µm
u_picorv32.picorv32_core.cpuregs\[24\]\[22\],19.82µm
_02724_,19.81µm
_03015_,19.81µm
_04826_,19.81µm
_05872_,19.81µm
u_picorv32.picorv32_core.reg_next_pc\[17\],19.81µm
_00035_,19.8µm
_02407_,19.8µm
_04120_,19.8µm
_05688_,19.8µm
_05981_,19.8µm
u_picorv32.picorv32_core.cpuregs\[13\]\[4\],19.8µm
u_picorv32.picorv32_core.cpuregs\[20\]\[26\],19.77µm
_05326_,19.75µm
u_picorv32.picorv32_core.cpuregs\[6\]\[3\],19.71µm
_01722_,19.7µm
u_picorv32.picorv32_core.cpuregs\[2\]\[17\],19.7µm
_04770_,19.69µm
u_picorv32.picorv32_core.cpuregs\[29\]\[30\],19.69µm
_02758_,19.665µm
u_picorv32.picorv32_core.cpuregs\[26\]\[31\],19.66µm
_02263_,19.645µm
_02776_,19.63µm
u_picorv32.picorv32_core.cpuregs\[20\]\[19\],19.63µm
u_picorv32.picorv32_core.cpuregs\[4\]\[7\],19.63µm
_05275_,19.62µm
u_picorv32.picorv32_core.cpuregs\[10\]\[28\],19.6µm
_02506_,19.58µm
_02122_,19.56µm
_03121_,19.56µm
u_picorv32.picorv32_core.cpuregs\[24\]\[17\],19.56µm
_05666_,19.52µm
mem_axi_wdata[15],19.52µm
u_picorv32.picorv32_core.cpuregs\[29\]\[6\],19.515µm
_01586_,19.51µm
_04376_,19.51µm
u_picorv32.picorv32_core.reg_pc\[10\],19.505µm
net129,19.5µm
u_picorv32.picorv32_core.cpuregs\[1\]\[30\],19.46µm
_02351_,19.45µm
u_picorv32.picorv32_core.cpuregs\[25\]\[8\],19.45µm
_02606_,19.41µm
_01792_,19.405µm
_03585_,19.4µm
_02773_,19.395µm
_04986_,19.39µm
_05076_,19.39µm
_05289_,19.39µm
_05920_,19.36µm
_03100_,19.35µm
_03285_,19.335µm
_02778_,19.33µm
_02912_,19.33µm
u_picorv32.picorv32_core.instr_addi,19.33µm
_05705_,19.32µm
u_picorv32.picorv32_core.cpuregs\[12\]\[3\],19.315µm
_01463_,19.305µm
_04246_,19.28µm
u_picorv32.picorv32_core.cpuregs\[4\]\[29\],19.28µm
_02929_,19.27µm
_03606_,19.27µm
_04186_,19.27µm
_03307_,19.26µm
_05767_,19.26µm
u_picorv32.picorv32_core.latched_store,19.26µm
u_picorv32.picorv32_core.cpuregs\[26\]\[4\],19.23µm
_04329_,19.2µm
_05904_,19.2µm
_01796_,19.19µm
net108,19.185µm
u_picorv32.picorv32_core.alu_out_q\[23\],19.15µm
_01945_,19.14µm
_02964_,19.14µm
u_picorv32.picorv32_core.reg_next_pc\[25\],19.11µm
u_picorv32.picorv32_core.cpuregs\[0\]\[22\],19.1µm
_05013_,19.08µm
_05233_,19.08µm
_05882_,19.08µm
_05950_,19.08µm
_05210_,19.075µm
u_picorv32.picorv32_core.cpuregs\[17\]\[31\],19.055µm
_01611_,19.04µm
_02077_,19.04µm
_05439_,19.04µm
u_picorv32.picorv32_core.cpuregs\[26\]\[24\],19.04µm
u_picorv32.picorv32_core.cpuregs\[28\]\[27\],19.04µm
mem_axi_awaddr[17],19.04µm
u_picorv32.picorv32_core.cpuregs\[3\]\[8\],19.03µm
_04017_,19.02µm
_04038_,19.02µm
_05549_,19.02µm
u_picorv32.picorv32_core.cpuregs\[10\]\[24\],19.02µm
_04348_,18.98µm
u_picorv32.picorv32_core.cpuregs\[25\]\[11\],18.98µm
u_picorv32.picorv32_core.cpuregs\[28\]\[14\],18.98µm
_00014_,18.97µm
_05029_,18.97µm
_02686_,18.96µm
u_picorv32.picorv32_core.cpuregs\[13\]\[8\],18.95µm
u_picorv32.picorv32_core.cpuregs\[10\]\[14\],18.935µm
_02220_,18.92µm
_04432_,18.92µm
net120,18.92µm
net121,18.9µm
_03851_,18.875µm
u_picorv32.picorv32_core.cpuregs\[5\]\[6\],18.87µm
_02430_,18.865µm
_05198_,18.85µm
_05220_,18.85µm
u_picorv32.picorv32_core.reg_next_pc\[14\],18.85µm
_02193_,18.84µm
u_picorv32.picorv32_core.cpuregs\[12\]\[13\],18.825µm
u_picorv32.picorv32_core.cpuregs\[10\]\[6\],18.81µm
_02398_,18.78µm
_02948_,18.74µm
_05222_,18.73µm
_05250_,18.73µm
_00117_,18.66µm
_05016_,18.66µm
_05072_,18.66µm
_03687_,18.635µm
u_picorv32.picorv32_core.mem_rdata_q\[4\],18.625µm
_03072_,18.62µm
_05359_,18.61µm
net3019,18.61µm
_05329_,18.6µm
_02015_,18.55µm
_03722_,18.54µm
u_picorv32.picorv32_core.cpuregs\[14\]\[21\],18.535µm
_05736_,18.525µm
_03703_,18.52µm
_05440_,18.51µm
_03301_,18.49µm
_05578_,18.49µm
u_picorv32.picorv32_core.reg_next_pc\[29\],18.485µm
_02438_,18.48µm
_05513_,18.48µm
_01844_,18.465µm
_02293_,18.465µm
u_picorv32.picorv32_core.cpuregs\[20\]\[23\],18.45µm
u_picorv32.picorv32_core.cpuregs\[29\]\[11\],18.45µm
u_picorv32.picorv32_core.count_instr\[42\],18.44µm
_02087_,18.43µm
_03718_,18.43µm
_03843_,18.43µm
_03844_,18.42µm
_02060_,18.415µm
_02845_,18.39µm
_00614_,18.38µm
_02132_,18.38µm
u_picorv32.picorv32_core.cpuregs\[20\]\[5\],18.38µm
_01537_,18.37µm
_04814_,18.37µm
_04274_,18.36µm
_02560_,18.355µm
_01100_,18.31µm
_04181_,18.31µm
_05232_,18.31µm
_01951_,18.295µm
u_picorv32.picorv32_core.cpuregs\[8\]\[25\],18.285µm
_05661_,18.27µm
u_picorv32.picorv32_core.cpuregs\[25\]\[28\],18.27µm
_03262_,18.26µm
u_picorv32.picorv32_core.cpuregs\[12\]\[8\],18.26µm
_02453_,18.25µm
u_picorv32.picorv32_core.cpuregs\[29\]\[8\],18.235µm
_04100_,18.225µm
_01188_,18.19µm
_03231_,18.19µm
_03677_,18.18µm
_03974_,18.18µm
_05002_,18.18µm
_04536_,18.165µm
_01631_,18.12µm
_01826_,18.12µm
_02154_,18.12µm
_04864_,18.1µm
u_picorv32.picorv32_core.cpuregs\[0\]\[16\],18.09µm
_03354_,18.07µm
_03991_,18.06µm
_04548_,18.06µm
_02264_,18.055µm
_05368_,18.045µm
u_picorv32.picorv32_core.cpuregs\[6\]\[8\],18.02µm
_03117_,18.01µm
_05211_,18.01µm
_04976_,17.95µm
_04085_,17.94µm
_04183_,17.94µm
_05037_,17.94µm
_05141_,17.94µm
_03343_,17.935µm
_02368_,17.91µm
_03186_,17.905µm
_05674_,17.895µm
_02722_,17.89µm
_04112_,17.89µm
_05577_,17.89µm
_01503_,17.88µm
_02059_,17.88µm
_02710_,17.88µm
_04306_,17.88µm
_05379_,17.88µm
u_picorv32.picorv32_core.cpuregs\[17\]\[16\],17.85µm
_01958_,17.83µm
_01859_,17.81µm
_04775_,17.805µm
u_picorv32.picorv32_core.cpuregs\[10\]\[27\],17.805µm
_03159_,17.8µm
_04042_,17.78µm
_01895_,17.775µm
_05626_,17.72µm
u_picorv32.picorv32_core.cpuregs\[10\]\[7\],17.72µm
_05842_,17.71µm
u_picorv32.picorv32_core.cpuregs\[24\]\[15\],17.685µm
u_picorv32.picorv32_core.cpuregs\[24\]\[30\],17.685µm
_01776_,17.68µm
_02605_,17.655µm
_03449_,17.65µm
_03629_,17.65µm
_04375_,17.65µm
_04518_,17.65µm
u_picorv32.picorv32_core.decoded_imm_j\[20\],17.65µm
_04117_,17.64µm
u_picorv32.picorv32_core.cpuregs\[22\]\[15\],17.64µm
_05601_,17.605µm
u_picorv32.picorv32_core.cpuregs\[14\]\[20\],17.6µm
u_picorv32.picorv32_core.cpuregs\[20\]\[29\],17.6µm
u_picorv32.picorv32_core.cpuregs\[29\]\[7\],17.6µm
_02745_,17.59µm
u_picorv32.picorv32_core.alu_out\[0\],17.59µm
u_picorv32.picorv32_core.cpuregs\[2\]\[24\],17.59µm
_00818_,17.58µm
_04250_,17.58µm
_04138_,17.55µm
net130,17.545µm
_04233_,17.53µm
_05272_,17.53µm
_05889_,17.53µm
_03360_,17.525µm
u_picorv32.picorv32_core.cpuregs\[6\]\[10\],17.49µm
_02709_,17.47µm
_05159_,17.46µm
_02062_,17.41µm
_03475_,17.41µm
_05863_,17.4µm
u_picorv32.picorv32_core.cpuregs\[6\]\[16\],17.39µm
_01837_,17.375µm
u_picorv32.picorv32_core.cpuregs\[20\]\[0\],17.375µm
_02301_,17.36µm
_04415_,17.35µm
_03755_,17.325µm
_01590_,17.31µm
_04345_,17.29µm
_04384_,17.29µm
_05663_,17.28µm
u_picorv32.picorv32_core.cpuregs\[18\]\[9\],17.27µm
_01664_,17.265µm
_04418_,17.245µm
_04841_,17.23µm
net3105,17.23µm
_02306_,17.22µm
_04079_,17.22µm
u_picorv32.picorv32_core.cpuregs\[0\]\[23\],17.205µm
_01818_,17.185µm
_03243_,17.17µm
_03709_,17.17µm
_04382_,17.16µm
net131,17.16µm
u_picorv32.picorv32_core.count_cycle\[47\],17.155µm
_03110_,17.12µm
u_picorv32.picorv32_core.cpuregs\[18\]\[15\],17.12µm
u_picorv32.picorv32_core.reg_next_pc\[30\],17.12µm
_01879_,17.115µm
_05184_,17.11µm
u_picorv32.picorv32_core.cpuregs\[1\]\[27\],17.105µm
_05988_,17.1µm
net127,17.1µm
trap,17.1µm
_03006_,17.085µm
u_picorv32.picorv32_core.cpuregs\[2\]\[6\],17.06µm
_01641_,17.05µm
_03546_,17.05µm
u_picorv32.picorv32_core.cpuregs\[0\]\[9\],17.05µm
_00819_,17.04µm
_01806_,17.04µm
_01761_,17µm
_04443_,16.975µm
u_picorv32.picorv32_core.cpuregs\[24\]\[19\],16.955µm
_01911_,16.95µm
u_picorv32.picorv32_core.cpuregs\[8\]\[24\],16.95µm
_02799_,16.945µm
_01591_,16.94µm
_03719_,16.94µm
u_picorv32.picorv32_core.cpuregs\[1\]\[21\],16.94µm
u_picorv32.picorv32_core.cpuregs\[1\]\[31\],16.935µm
_00460_,16.93µm
_00729_,16.93µm
_01871_,16.93µm
_03473_,16.93µm
_04453_,16.93µm
_01571_,16.92µm
_02230_,16.89µm
_03179_,16.885µm
u_picorv32.picorv32_core.cpuregs\[0\]\[8\],16.87µm
_04542_,16.86µm
u_picorv32.picorv32_core.cpuregs\[20\]\[27\],16.83µm
_01743_,16.825µm
u_picorv32.picorv32_core.cpuregs\[0\]\[7\],16.82µm
_04200_,16.81µm
_04564_,16.8µm
u_picorv32.picorv32_core.cpuregs\[12\]\[17\],16.775µm
mem_axi_rdata[24],16.76µm
mem_axi_rdata[9],16.76µm
_04753_,16.75µm
u_picorv32.pcpi_rs1\[22\],16.75µm
_03798_,16.74µm
u_picorv32.picorv32_core.cpuregs\[13\]\[16\],16.735µm
u_picorv32.picorv32_core.mem_wordsize\[0\],16.72µm
_02685_,16.69µm
u_picorv32.picorv32_core.reg_next_pc\[4\],16.69µm
_04615_,16.68µm
u_picorv32.picorv32_core.cpuregs\[25\]\[12\],16.64µm
_00902_,16.63µm
_01710_,16.63µm
u_picorv32.picorv32_core.cpuregs\[15\]\[20\],16.63µm
_02317_,16.625µm
_03901_,16.62µm
u_picorv32.picorv32_core.cpuregs\[24\]\[13\],16.615µm
u_picorv32.picorv32_core.cpuregs\[28\]\[26\],16.58µm
_01254_,16.57µm
_03511_,16.57µm
_04520_,16.57µm
_04872_,16.56µm
_02711_,16.545µm
_04041_,16.53µm
_05409_,16.53µm
_03302_,16.525µm
_04252_,16.5µm
_04966_,16.5µm
_05502_,16.475µm
u_picorv32.picorv32_core.cpuregs\[24\]\[10\],16.475µm
_00422_,16.45µm
_02107_,16.45µm
_04173_,16.44µm
_04343_,16.44µm
_04922_,16.395µm
_05789_,16.39µm
u_picorv32.picorv32_core.reg_next_pc\[6\],16.335µm
_02860_,16.32µm
_03625_,16.32µm
_05576_,16.32µm
u_picorv32.picorv32_core.cpuregs\[2\]\[13\],16.28µm
_02569_,16.27µm
u_picorv32.pcpi_rs1\[14\],16.27µm
u_picorv32.picorv32_core.mem_rdata_q\[12\],16.27µm
_04349_,16.26µm
_05324_,16.26µm
u_picorv32.picorv32_core.cpuregs\[20\]\[31\],16.255µm
u_picorv32.picorv32_core.cpuregs\[13\]\[11\],16.245µm
_02917_,16.23µm
net126,16.21µm
_05618_,16.2µm
_05809_,16.2µm
u_picorv32.picorv32_core.cpuregs\[10\]\[4\],16.16µm
u_picorv32.picorv32_core.cpuregs\[8\]\[23\],16.16µm
_00330_,16.15µm
_04230_,16.15µm
net104,16.15µm
_03681_,16.14µm
net110,16.14µm
_05389_,16.13µm
u_picorv32.picorv32_core.cpuregs\[28\]\[31\],16.11µm
_02267_,16.1µm
_03009_,16.1µm
_05891_,16.1µm
net2426,16.08µm
_03156_,16.05µm
_01883_,16.045µm
_05180_,16.04µm
_03847_,16.03µm
_04057_,16.03µm
_01839_,16.02µm
_02496_,16.02µm
_01566_,16.015µm
_03423_,15.985µm
u_picorv32.picorv32_core.cpuregs\[4\]\[14\],15.98µm
u_picorv32.picorv32_core.cpuregs\[8\]\[10\],15.98µm
_05625_,15.97µm
net2783,15.97µm
mem_axi_rdata[2],15.92µm
_05487_,15.915µm
_02255_,15.895µm
_01877_,15.89µm
_04776_,15.87µm
_00876_,15.85µm
_01311_,15.85µm
_02632_,15.85µm
_03937_,15.85µm
u_picorv32.pcpi_rs1\[25\],15.85µm
net3124,15.85µm
_04677_,15.84µm
u_picorv32.picorv32_core.mem_wordsize\[2\],15.84µm
net3137,15.84µm
_01048_,15.825µm
u_picorv32.picorv32_core.cpuregs\[24\]\[26\],15.8µm
_03838_,15.79µm
u_picorv32.picorv32_core.count_cycle\[7\],15.79µm
u_picorv32.picorv32_core.reg_next_pc\[16\],15.79µm
net3133,15.79µm
_03971_,15.78µm
_05768_,15.78µm
_05562_,15.75µm
_04764_,15.73µm
_05912_,15.73µm
net3140,15.73µm
_01840_,15.72µm
_02066_,15.72µm
_05316_,15.72µm
_02003_,15.715µm
_04972_,15.715µm
_01831_,15.71µm
_03241_,15.71µm
_04860_,15.705µm
_04308_,15.685µm
_00027_,15.67µm
_01093_,15.66µm
_05411_,15.66µm
_01889_,15.645µm
_01362_,15.61µm
_00237_,15.6µm
_03411_,15.6µm
_05193_,15.6µm
_02923_,15.56µm
_01608_,15.54µm
_01998_,15.54µm
_02596_,15.54µm
_05285_,15.54µm
u_picorv32.picorv32_core.cpuregs\[12\]\[19\],15.54µm
u_picorv32.picorv32_core.cpuregs\[28\]\[12\],15.51µm
_02303_,15.5µm
_00978_,15.49µm
_04419_,15.49µm
_04708_,15.49µm
net2474,15.49µm
net2735,15.49µm
_01072_,15.48µm
_01319_,15.43µm
_04510_,15.43µm
_05145_,15.43µm
_02239_,15.415µm
_04793_,15.385µm
_02429_,15.38µm
u_picorv32.picorv32_core.count_instr\[7\],15.38µm
u_picorv32.picorv32_core.cpuregs\[18\]\[23\],15.38µm
_05527_,15.37µm
_05563_,15.33µm
_05363_,15.315µm
_03823_,15.31µm
_04529_,15.31µm
net3028,15.31µm
net3128,15.31µm
net3159,15.31µm
_01834_,15.3µm
_02209_,15.3µm
_02768_,15.3µm
_03699_,15.3µm
_04341_,15.3µm
_04992_,15.3µm
_05523_,15.3µm
u_picorv32.picorv32_core.cpuregs\[0\]\[17\],15.3µm
_05841_,15.295µm
_00998_,15.25µm
_02390_,15.25µm
_03821_,15.25µm
_05979_,15.25µm
_03751_,15.24µm
_03382_,15.215µm
_03430_,15.2µm
u_picorv32.picorv32_core.reg_next_pc\[19\],15.2µm
_05760_,15.19µm
_00447_,15.18µm
_03134_,15.18µm
u_picorv32.picorv32_core.reg_next_pc\[2\],15.18µm
_02810_,15.175µm
_02163_,15.14µm
_02740_,15.14µm
_03770_,15.14µm
_04580_,15.14µm
_01135_,15.13µm
_03283_,15.13µm
_03407_,15.13µm
_03658_,15.13µm
_01242_,15.12µm
_03140_,15.12µm
_03835_,15.12µm
_05208_,15.12µm
_05836_,15.12µm
net2434,15.12µm
net2663,15.12µm
_02037_,15.115µm
_02038_,15.09µm
_05676_,15.085µm
_03726_,15.07µm
_04686_,15.07µm
_05120_,15.07µm
net106,15.07µm
_02061_,15.065µm
u_picorv32.axi_adapter.ack_wvalid,15.06µm
_03165_,15.025µm
_00248_,15.01µm
_03337_,15.01µm
_02515_,15µm
_05383_,14.995µm
net3026,14.985µm
_02051_,14.96µm
_04552_,14.94µm
_01828_,14.92µm
_01121_,14.9µm
_00471_,14.89µm
_03808_,14.88µm
_05192_,14.88µm
_05342_,14.88µm
_05637_,14.85µm
_00050_,14.83µm
_02339_,14.83µm
_02342_,14.83µm
_04163_,14.83µm
_04414_,14.83µm
net3096,14.83µm
net3106,14.83µm
_01423_,14.82µm
_04137_,14.82µm
_04490_,14.82µm
_04530_,14.82µm
_05286_,14.805µm
_04577_,14.795µm
u_picorv32.picorv32_core.cpuregs\[0\]\[11\],14.785µm
_03493_,14.77µm
_05207_,14.77µm
net3092,14.77µm
_04715_,14.76µm
_04847_,14.76µm
_00095_,14.755µm
_04727_,14.745µm
_03817_,14.74µm
u_picorv32.picorv32_core.cpuregs\[6\]\[30\],14.72µm
_01504_,14.71µm
_03547_,14.71µm
_04068_,14.71µm
_04087_,14.71µm
_00466_,14.7µm
_03525_,14.7µm
_03565_,14.7µm
_04743_,14.7µm
_05827_,14.7µm
net123,14.7µm
_04581_,14.68µm
_02620_,14.66µm
_01646_,14.65µm
_02692_,14.65µm
_04519_,14.65µm
_04661_,14.65µm
_05397_,14.65µm
net2737,14.65µm
_00938_,14.64µm
_03390_,14.64µm
_04840_,14.64µm
_01052_,14.59µm
_03916_,14.59µm
_03402_,14.58µm
_04372_,14.58µm
_05740_,14.575µm
_01634_,14.565µm
_05454_,14.565µm
u_picorv32.picorv32_core.cpuregs\[1\]\[15\],14.55µm
u_picorv32.picorv32_core.cpuregs\[29\]\[22\],14.545µm
_00564_,14.53µm
_05358_,14.53µm
net1420,14.53µm
net1622,14.53µm
net1974,14.53µm
_01758_,14.52µm
_04829_,14.52µm
_01829_,14.485µm
_01813_,14.46µm
_04262_,14.435µm
_00112_,14.41µm
_00698_,14.41µm
net3113,14.41µm
net3134,14.41µm
_01718_,14.4µm
_01804_,14.4µm
_03503_,14.4µm
_04302_,14.4µm
_04842_,14.4µm
_04983_,14.4µm
_01499_,14.38µm
net3149,14.35µm
_04818_,14.34µm
_05103_,14.34µm
_05520_,14.34µm
_02543_,14.305µm
u_picorv32.picorv32_core.reg_out\[27\],14.3µm
_02581_,14.295µm
net2253,14.29µm
u_picorv32.pcpi_rs1\[13\],14.29µm
net2155,14.28µm
_01413_,14.275µm
_02072_,14.275µm
_04543_,14.275µm
_05098_,14.275µm
_05603_,14.265µm
_01562_,14.24µm
u_picorv32.picorv32_core.reg_out\[9\],14.24µm
mem_axi_rdata[16],14.24µm
mem_axi_rdata[1],14.24µm
mem_axi_rdata[28],14.24µm
mem_axi_rvalid,14.24µm
_00028_,14.23µm
_04659_,14.23µm
_04763_,14.23µm
_05743_,14.23µm
_00556_,14.22µm
_02635_,14.22µm
net135,14.22µm
_01866_,14.215µm
_03384_,14.18µm
_05369_,14.18µm
_00036_,14.17µm
_01980_,14.17µm
_03264_,14.17µm
_03747_,14.17µm
_05155_,14.17µm
u_picorv32.picorv32_core.reg_out\[15\],14.17µm
u_picorv32.picorv32_core.reg_out\[29\],14.165µm
_03965_,14.16µm
net2208,14.16µm
_03954_,14.155µm
_03772_,14.12µm
u_picorv32.picorv32_core.cpuregs\[0\]\[1\],14.12µm
_00316_,14.11µm
_02475_,14.1µm
_02186_,14.06µm
_03977_,14.05µm
_04209_,14.05µm
_02795_,14.04µm
u_picorv32.picorv32_core.instr_srl,14.02µm
_04355_,14.015µm
_01164_,13.99µm
_01478_,13.99µm
_03162_,13.99µm
_05027_,13.99µm
_00120_,13.98µm
_02752_,13.98µm
_03212_,13.98µm
_03257_,13.98µm
_05442_,13.98µm
u_picorv32.axi_adapter.ack_awvalid,13.95µm
_03628_,13.94µm
_01396_,13.93µm
_01686_,13.93µm
_01724_,13.93µm
_01933_,13.93µm
_04757_,13.92µm
_05217_,13.92µm
_05388_,13.92µm
net3091,13.92µm
_02897_,13.905µm
_01799_,13.87µm
_02009_,13.87µm
_04196_,13.87µm
_04397_,13.87µm
_01187_,13.86µm
_01655_,13.86µm
_03981_,13.86µm
_05283_,13.86µm
_03464_,13.835µm
_01359_,13.81µm
_04788_,13.81µm
_05909_,13.81µm
net78,13.81µm
_02630_,13.8µm
_05148_,13.8µm
_05498_,13.8µm
u_picorv32.picorv32_core.instr_add,13.8µm
_00518_,13.77µm
_05911_,13.76µm
_01601_,13.75µm
net1836,13.745µm
net105,13.74µm
_02677_,13.71µm
net3151,13.7µm
_01830_,13.69µm
_02031_,13.69µm
_02643_,13.69µm
_04887_,13.69µm
_05923_,13.69µm
_04013_,13.68µm
net1535,13.68µm
net2675,13.68µm
net122,13.68µm
_02792_,13.665µm
_04322_,13.63µm
_04593_,13.63µm
_03554_,13.625µm
_02963_,13.62µm
_04660_,13.62µm
_05089_,13.62µm
_05721_,13.6µm
_01308_,13.57µm
_03414_,13.57µm
_04281_,13.57µm
net2281,13.57µm
_00018_,13.56µm
_01441_,13.51µm
_05331_,13.51µm
_02483_,13.5µm
_05754_,13.5µm
_02161_,13.495µm
_02276_,13.485µm
_02607_,13.465µm
_01570_,13.46µm
_03031_,13.455µm
_00804_,13.45µm
_03239_,13.45µm
_04145_,13.45µm
_04634_,13.45µm
u_picorv32.pcpi_rs1\[30\],13.45µm
_01119_,13.44µm
_02399_,13.44µm
_02439_,13.44µm
_04547_,13.44µm
_05858_,13.44µm
_05977_,13.44µm
net2421,13.44µm
_05692_,13.435µm
_05600_,13.405µm
_01779_,13.4µm
u_picorv32.picorv32_core.cpuregs\[0\]\[3\],13.4µm
mem_axi_rdata[15],13.4µm
mem_axi_rdata[18],13.4µm
mem_axi_rdata[21],13.4µm
mem_axi_rdata[27],13.4µm
mem_axi_rdata[30],13.4µm
mem_axi_rdata[3],13.4µm
mem_axi_rdata[6],13.4µm
_03883_,13.395µm
_03559_,13.39µm
_03621_,13.39µm
_03632_,13.39µm
_03739_,13.39µm
net3034,13.39µm
net3109,13.39µm
_01419_,13.38µm
_03970_,13.38µm
_04471_,13.38µm
_05750_,13.38µm
net125,13.38µm
net3037,13.38µm
_01706_,13.33µm
_03732_,13.33µm
_04238_,13.33µm
_04568_,13.33µm
_04723_,13.33µm
net2199,13.33µm
_05956_,13.32µm
_03846_,13.315µm
_04676_,13.315µm
_03120_,13.31µm
_01068_,13.27µm
_02424_,13.27µm
_03002_,13.27µm
_00588_,13.26µm
_01092_,13.26µm
_02925_,13.26µm
_04082_,13.26µm
_05954_,13.26µm
u_picorv32.picorv32_core.is_sltiu_bltu_sltu,13.22µm
_01448_,13.21µm
_02478_,13.21µm
_02653_,13.21µm
_04136_,13.21µm
_04182_,13.21µm
_04539_,13.21µm
_04742_,13.21µm
_03013_,13.205µm
u_picorv32.picorv32_core.cpuregs\[12\]\[23\],13.205µm
_00482_,13.2µm
_01600_,13.2µm
_01815_,13.2µm
_03223_,13.2µm
_04697_,13.2µm
_05167_,13.2µm
net1860,13.2µm
net1905,13.2µm
net1935,13.2µm
net1997,13.2µm
net2004,13.2µm
net2088,13.2µm
net2159,13.2µm
net2411,13.2µm
net2973,13.2µm
u_picorv32.picorv32_core.cpuregs\[28\]\[25\],13.17µm
_04008_,13.15µm
_04732_,13.14µm
u_picorv32.picorv32_core.cpuregs\[28\]\[10\],13.11µm
_00218_,13.09µm
_00435_,13.09µm
_00517_,13.09µm
_00999_,13.09µm
_03535_,13.09µm
net1892,13.09µm
net2330,13.09µm
_03818_,13.08µm
_03920_,13.08µm
_04134_,13.06µm
_04820_,13.035µm
_03517_,13.03µm
_04150_,13.03µm
_03234_,13.02µm
net2424,13.02µm
_00946_,12.97µm
_01428_,12.97µm
_01435_,12.97µm
_02313_,12.96µm
_02590_,12.96µm
_04151_,12.96µm
_01574_,12.955µm
net3119,12.945µm
_04796_,12.93µm
_00467_,12.91µm
_04387_,12.91µm
_04675_,12.91µm
_05468_,12.91µm
_05723_,12.91µm
_02704_,12.9µm
_04446_,12.9µm
_01133_,12.85µm
_01731_,12.85µm
_02961_,12.85µm
_05848_,12.85µm
net84,12.85µm
u_picorv32.picorv32_core.reg_next_pc\[11\],12.85µm
_02080_,12.84µm
_02593_,12.84µm
_03737_,12.84µm
_05791_,12.84µm
net1670,12.84µm
net2154,12.84µm
net2385,12.84µm
_01916_,12.83µm
_04962_,12.825µm
_03529_,12.8µm
_03654_,12.8µm
u_picorv32.picorv32_core.reg_out\[28\],12.8µm
_01851_,12.79µm
_04664_,12.79µm
_01665_,12.78µm
_05410_,12.775µm
_01581_,12.765µm
_03863_,12.745µm
net3144,12.74µm
_01888_,12.73µm
_02583_,12.73µm
_04926_,12.73µm
net1459,12.73µm
net1686,12.73µm
_01703_,12.72µm
net1719,12.72µm
net1908,12.72µm
net1978,12.72µm
net2195,12.72µm
_01707_,12.71µm
_04006_,12.68µm
_00053_,12.67µm
_01316_,12.67µm
_04395_,12.67µm
_04668_,12.67µm
_04790_,12.67µm
_05295_,12.67µm
_05111_,12.66µm
_02658_,12.65µm
_04769_,12.645µm
_01626_,12.63µm
_01932_,12.625µm
u_picorv32.picorv32_core.reg_out\[11\],12.625µm
_01817_,12.62µm
_03485_,12.62µm
_03497_,12.62µm
_05036_,12.61µm
net1452,12.61µm
net1657,12.61µm
net1728,12.61µm
net1838,12.61µm
net2062,12.61µm
net2121,12.61µm
net2279,12.61µm
_00319_,12.6µm
_00829_,12.6µm
_01610_,12.6µm
_01690_,12.6µm
_04002_,12.6µm
_04176_,12.595µm
mem_axi_rdata[19],12.56µm
mem_axi_rdata[31],12.56µm
mem_axi_rdata[4],12.56µm
mem_axi_araddr[13],12.56µm
_01322_,12.55µm
_00665_,12.54µm
_03720_,12.54µm
_02748_,12.525µm
net2103,12.51µm
_03880_,12.505µm
_03780_,12.5µm
_01065_,12.49µm
_01856_,12.49µm
_02340_,12.49µm
_03074_,12.49µm
_03190_,12.49µm
_03218_,12.49µm
_03814_,12.49µm
_04096_,12.49µm
_05673_,12.49µm
_01482_,12.48µm
_02370_,12.48µm
_03961_,12.48µm
_04282_,12.48µm
_04623_,12.48µm
_04722_,12.48µm
_05040_,12.48µm
u_picorv32.pcpi_rs1\[7\],12.48µm
u_picorv32.picorv32_core.instr_beq,12.475µm
_05781_,12.465µm
_02555_,12.455µm
_04398_,12.44µm
_01211_,12.43µm
_02557_,12.43µm
_05448_,12.43µm
_05473_,12.43µm
u_picorv32.picorv32_core.alu_out_q\[7\],12.43µm
_01884_,12.42µm
_02770_,12.42µm
_03483_,12.42µm
_04816_,12.42µm
u_picorv32.picorv32_core.alu_out_q\[13\],12.42µm
_01253_,12.37µm
_01511_,12.37µm
_02647_,12.37µm
_03052_,12.37µm
_04468_,12.37µm
_05069_,12.37µm
_05764_,12.37µm
net71,12.37µm
net73,12.37µm
net74,12.37µm
net75,12.37µm
net76,12.37µm
net80,12.37µm
net81,12.37µm
net85,12.37µm
net88,12.37µm
net89,12.37µm
net90,12.37µm
net96,12.37µm
net3048,12.37µm
net1464,12.36µm
net1495,12.36µm
net1550,12.36µm
net1600,12.36µm
net1714,12.36µm
net1912,12.36µm
net1914,12.36µm
net1972,12.36µm
net2007,12.36µm
net2014,12.36µm
net2051,12.36µm
net2052,12.36µm
net2167,12.36µm
_03955_,12.35µm
_00900_,12.33µm
_03557_,12.32µm
_00425_,12.31µm
_00468_,12.31µm
_01020_,12.31µm
_03445_,12.31µm
_04771_,12.31µm
net3088,12.31µm
_00661_,12.285µm
_03026_,12.26µm
_03084_,12.26µm
_00423_,12.25µm
_01310_,12.25µm
_03207_,12.25µm
_04198_,12.25µm
net3013,12.25µm
_04534_,12.245µm
_00527_,12.24µm
_00920_,12.24µm
_01007_,12.24µm
_01086_,12.24µm
_01107_,12.24µm
_02270_,12.24µm
_02514_,12.24µm
_02645_,12.24µm
_04451_,12.24µm
_05160_,12.24µm
_05752_,12.24µm
net1668,12.24µm
net1723,12.24µm
net2200,12.24µm
_01930_,12.225µm
_05804_,12.18µm
_01579_,12.175µm
_00964_,12.165µm
_05756_,12.165µm
_02556_,12.14µm
_00222_,12.13µm
_03097_,12.13µm
_04374_,12.13µm
net2254,12.13µm
_05998_,12.105µm
_03509_,12.06µm
_04777_,12.06µm
_04855_,12.06µm
_03199_,12.035µm
_01757_,12.025µm
_00702_,12.01µm
_01506_,12.01µm
_02404_,12.01µm
_04069_,12.01µm
_04560_,12.01µm
_05645_,12.01µm
net3148,12.01µm
_00040_,12µm
_02203_,12µm
_02244_,12µm
_02335_,12µm
_02755_,12µm
_04505_,12µm
_05118_,12µm
_05258_,12µm
_05720_,12µm
_05757_,12µm
net72,12µm
net77,12µm
net82,12µm
net97,12µm
_01472_,11.985µm
_03080_,11.985µm
_00181_,11.95µm
_00363_,11.95µm
_00928_,11.95µm
_01016_,11.95µm
_01102_,11.95µm
_01580_,11.95µm
_03448_,11.95µm
_04531_,11.95µm
_04745_,11.95µm
net3098,11.95µm
_05992_,11.94µm
_02029_,11.935µm
net1735,11.925µm
_03874_,11.92µm
_04240_,11.91µm
_00358_,11.89µm
_02626_,11.89µm
_02951_,11.89µm
_03315_,11.89µm
net1492,11.89µm
net1498,11.89µm
net1682,11.89µm
net1960,11.89µm
net2667,11.89µm
net2755,11.89µm
net3004,11.89µm
net79,11.89µm
net83,11.89µm
net86,11.89µm
net92,11.89µm
net95,11.89µm
net98,11.89µm
net99,11.89µm
net100,11.89µm
net124,11.89µm
u_picorv32.picorv32_core.reg_next_pc\[10\],11.89µm
_03507_,11.885µm
net2206,11.88µm
_03568_,11.875µm
_04499_,11.845µm
_00293_,11.83µm
_00357_,11.83µm
_00926_,11.83µm
_01695_,11.83µm
_01759_,11.83µm
_02406_,11.83µm
_04792_,11.83µm
_00110_,11.82µm
_01214_,11.82µm
_04869_,11.82µm
_02023_,11.78µm
_02608_,11.77µm
_02657_,11.77µm
_02919_,11.77µm
_03721_,11.77µm
_03928_,11.77µm
_03967_,11.77µm
_04074_,11.77µm
_04237_,11.77µm
_05894_,11.77µm
net2114,11.77µm
net2150,11.77µm
_00139_,11.76µm
_00228_,11.76µm
_00421_,11.76µm
_00535_,11.76µm
_00670_,11.76µm
_01972_,11.76µm
net1868,11.76µm
net2316,11.76µm
net2578,11.76µm
_02033_,11.755µm
_01816_,11.73µm
_01905_,11.72µm
_02032_,11.72µm
_02736_,11.72µm
_05905_,11.72µm
mem_axi_rdata[11],11.72µm
mem_axi_rdata[14],11.72µm
mem_axi_rdata[20],11.72µm
mem_axi_rdata[23],11.72µm
mem_axi_rdata[26],11.72µm
mem_axi_rdata[29],11.72µm
_00037_,11.71µm
_02954_,11.71µm
_05260_,11.71µm
_02538_,11.7µm
_04445_,11.7µm
_05662_,11.7µm
_03691_,11.68µm
_03761_,11.66µm
_02525_,11.655µm
_00531_,11.65µm
_02111_,11.65µm
_02469_,11.65µm
_02708_,11.65µm
_02757_,11.65µm
_04278_,11.65µm
_04809_,11.65µm
net2066,11.65µm
_00455_,11.64µm
_03951_,11.625µm
_04717_,11.625µm
_01772_,11.615µm
_04217_,11.615µm
u_picorv32.axi_adapter.xfer_done,11.61µm
_01440_,11.59µm
_02376_,11.59µm
_03915_,11.59µm
_00057_,11.585µm
_03556_,11.585µm
_03470_,11.58µm
_02846_,11.565µm
_00410_,11.55µm
_04637_,11.55µm
_00355_,11.53µm
_02618_,11.53µm
_03576_,11.53µm
_04736_,11.53µm
_02277_,11.52µm
_03827_,11.52µm
_04249_,11.52µm
_04401_,11.52µm
_05028_,11.52µm
_05303_,11.52µm
net1481,11.52µm
net1626,11.52µm
net1771,11.52µm
net2130,11.52µm
net2472,11.52µm
net87,11.52µm
net93,11.52µm
u_picorv32.picorv32_core.alu_out_q\[14\],11.52µm
_03611_,11.515µm
_05844_,11.505µm
_05627_,11.485µm
u_picorv32.picorv32_core.reg_out\[8\],11.475µm
_00306_,11.47µm
_00901_,11.47µm
_01038_,11.47µm
_01255_,11.47µm
_02338_,11.47µm
_02397_,11.47µm
_02461_,11.47µm
_02949_,11.47µm
_05269_,11.47µm
u_picorv32.pcpi_rs1\[24\],11.47µm
net3099,11.47µm
_04156_,11.46µm
_05444_,11.46µm
_05481_,11.455µm
_05539_,11.43µm
_02219_,11.425µm
_05887_,11.42µm
_00764_,11.41µm
_00803_,11.41µm
_02285_,11.41µm
_03146_,11.41µm
_03794_,11.41µm
_04065_,11.41µm
_04500_,11.41µm
_04778_,11.41µm
_05983_,11.41µm
net1562,11.41µm
net1891,11.41µm
net1927,11.41µm
net1929,11.41µm
net1930,11.41µm
net2259,11.41µm
u_picorv32.axi_adapter.ack_arvalid,11.41µm
_02432_,11.4µm
net2282,11.4µm
_01766_,11.395µm
_02201_,11.39µm
_00822_,11.38µm
_03769_,11.365µm
_00353_,11.35µm
_00507_,11.35µm
_00744_,11.35µm
_00745_,11.35µm
_00812_,11.35µm
_01234_,11.35µm
_02392_,11.345µm
_03598_,11.345µm
_03793_,11.305µm
_05803_,11.3µm
_01917_,11.29µm
_02053_,11.29µm
_04294_,11.29µm
_05713_,11.29µm
net2065,11.29µm
net2106,11.29µm
net2149,11.29µm
_00169_,11.28µm
_00261_,11.28µm
_00415_,11.28µm
_00786_,11.28µm
_00897_,11.28µm
_01246_,11.28µm
_02652_,11.28µm
_04067_,11.28µm
_04272_,11.28µm
_05307_,11.28µm
net1691,11.28µm
net1851,11.28µm
net134,11.28µm
_02428_,11.23µm
_02784_,11.23µm
_03717_,11.23µm
_02512_,11.215µm
_04213_,11.215µm
_01209_,11.21µm
_00155_,11.205µm
_00331_,11.205µm
_05387_,11.2µm
_02231_,11.19µm
_03293_,11.19µm
_02232_,11.185µm
_00178_,11.17µm
_00986_,11.17µm
_04750_,11.17µm
net2943,11.17µm
_00570_,11.16µm
_03033_,11.16µm
_04630_,11.16µm
_00123_,11.145µm
_04848_,11.115µm
_00917_,11.11µm
_01236_,11.11µm
_01290_,11.11µm
_01675_,11.11µm
_05365_,11.11µm
_00124_,11.1µm
_01827_,11.075µm
_04135_,11.06µm
_04211_,11.06µm
_00652_,11.05µm
_00981_,11.05µm
_01196_,11.05µm
_01510_,11.05µm
_02609_,11.05µm
_03960_,11.05µm
_05101_,11.05µm
u_picorv32.pcpi_rs1\[8\],11.05µm
_00528_,11.04µm
_02408_,11.04µm
_03903_,11.04µm
_04180_,11.04µm
_04647_,11.04µm
_05270_,11.04µm
_05336_,11.04µm
_05971_,11.04µm
_05973_,11.04µm
_06005_,11.04µm
net1477,11.04µm
net1904,11.04µm
_02530_,11.02µm
_01222_,10.99µm
_01471_,10.99µm
_02162_,10.99µm
_03562_,10.99µm
_04201_,10.99µm
_04517_,10.99µm
_04617_,10.99µm
_04882_,10.99µm
u_picorv32.pcpi_rs1\[20\],10.99µm
net3146,10.99µm
_02400_,10.985µm
_01857_,10.98µm
u_picorv32.picorv32_core.cpuregs\[24\]\[8\],10.98µm
_05888_,10.955µm
_02146_,10.94µm
_02450_,10.94µm
_00058_,10.93µm
_01287_,10.93µm
_02243_,10.93µm
_03023_,10.93µm
_03313_,10.93µm
_03858_,10.93µm
_04839_,10.93µm
_04919_,10.93µm
_05408_,10.93µm
_05742_,10.93µm
net1709,10.93µm
net1877,10.93µm
net1916,10.93µm
net2249,10.93µm
u_picorv32.picorv32_core.count_instr\[12\],10.93µm
_06007_,10.925µm
_02373_,10.92µm
_03215_,10.92µm
net2443,10.92µm
_02100_,10.915µm
_04431_,10.915µm
_05135_,10.915µm
_01001_,10.91µm
_00404_,10.9µm
_00045_,10.89µm
net1403,10.88µm
mem_axi_arready,10.88µm
mem_axi_rdata[10],10.88µm
mem_axi_rdata[13],10.88µm
mem_axi_rdata[17],10.88µm
mem_axi_rdata[22],10.88µm
mem_axi_rdata[25],10.88µm
mem_axi_rdata[5],10.88µm
mem_axi_rdata[7],10.88µm
mem_axi_rdata[8],10.88µm
_00024_,10.87µm
_00153_,10.87µm
_00172_,10.87µm
_00198_,10.87µm
_00470_,10.87µm
_00539_,10.87µm
_00820_,10.87µm
_01113_,10.87µm
_01129_,10.87µm
_01849_,10.87µm
_03145_,10.87µm
_03249_,10.87µm
_03291_,10.87µm
_04026_,10.87µm
_05936_,10.87µm
_00394_,10.86µm
_01479_,10.86µm
net1744,10.845µm
_00383_,10.83µm
net3138,10.82µm
_02747_,10.815µm
_00788_,10.81µm
_00961_,10.81µm
_01427_,10.81µm
_05011_,10.81µm
_05434_,10.81µm
_00371_,10.8µm
_01035_,10.8µm
_01470_,10.8µm
_04353_,10.8µm
_04360_,10.8µm
_05489_,10.8µm
net1527,10.8µm
net1583,10.8µm
net1729,10.8µm
net1830,10.8µm
net2145,10.8µm
net2781,10.8µm
_03862_,10.78µm
u_picorv32.picorv32_core.reg_next_pc\[3\],10.77µm
_01544_,10.76µm
_02526_,10.76µm
_03634_,10.76µm
_05399_,10.755µm
_04187_,10.75µm
_04569_,10.75µm
_05664_,10.75µm
_01306_,10.74µm
u_picorv32.picorv32_core.instr_rdcycle,10.74µm
_02005_,10.725µm
_01881_,10.71µm
_01561_,10.7µm
_01800_,10.7µm
_03040_,10.7µm
_05449_,10.695µm
_02550_,10.69µm
_03310_,10.69µm
_03477_,10.69µm
_03918_,10.69µm
_04905_,10.69µm
net2498,10.69µm
_00767_,10.68µm
_01083_,10.68µm
_01221_,10.665µm
_04862_,10.665µm
_04538_,10.66µm
_03752_,10.645µm
_01467_,10.63µm
_02597_,10.63µm
_01841_,10.605µm
_04817_,10.605µm
_04823_,10.605µm
_04267_,10.59µm
_00453_,10.57µm
_00609_,10.57µm
_00611_,10.57µm
_00634_,10.57µm
_00649_,10.57µm
_00757_,10.57µm
_00821_,10.57µm
_02215_,10.57µm
_02774_,10.57µm
_03839_,10.57µm
_04460_,10.57µm
_04559_,10.57µm
_05309_,10.57µm
_06000_,10.57µm
u_picorv32.picorv32_core.instr_sub,10.57µm
net3103,10.57µm
_01370_,10.56µm
_02347_,10.56µm
_04091_,10.56µm
_04454_,10.56µm
_04755_,10.56µm
_06015_,10.56µm
net2623,10.56µm
net3150,10.56µm
_04224_,10.535µm
_05824_,10.525µm
_04549_,10.52µm
net2317,10.515µm
_00017_,10.51µm
_00326_,10.51µm
_04106_,10.51µm
_05686_,10.51µm
_05766_,10.51µm
_05811_,10.51µm
net3121,10.51µm
net3122,10.51µm
_01459_,10.5µm
_03608_,10.5µm
_03545_,10.495µm
_00996_,10.485µm
_04633_,10.475µm
_04099_,10.465µm
_01030_,10.45µm
_02425_,10.45µm
_02476_,10.45µm
_02697_,10.45µm
_03514_,10.45µm
_03711_,10.45µm
_03840_,10.45µm
_04066_,10.45µm
_04632_,10.45µm
net1973,10.45µm
net2123,10.45µm
net2302,10.45µm
u_picorv32.pcpi_rs1\[31\],10.45µm
_01531_,10.44µm
_04010_,10.44µm
_03014_,10.435µm
_04850_,10.435µm
_04953_,10.435µm
net3083,10.435µm
_05453_,10.42µm
mem_axi_rdata[0],10.41µm
mem_axi_rdata[12],10.41µm
_00952_,10.4µm
_03137_,10.4µm
_00799_,10.39µm
_00810_,10.39µm
_00958_,10.39µm
_00968_,10.39µm
_01252_,10.39µm
_01872_,10.39µm
_02672_,10.39µm
_03104_,10.39µm
_04356_,10.39µm
_04866_,10.39µm
_04627_,10.385µm
_01957_,10.38µm
_05226_,10.38µm
_02302_,10.365µm
_03316_,10.365µm
_03245_,10.355µm
_00870_,10.35µm
_04645_,10.34µm
_00522_,10.33µm
_01303_,10.33µm
_01412_,10.33µm
_01658_,10.33µm
_02533_,10.33µm
_02890_,10.33µm
_03184_,10.33µm
_03622_,10.33µm
_03812_,10.33µm
_04344_,10.33µm
_05968_,10.33µm
net2122,10.33µm
net2879,10.33µm
_02099_,10.325µm
_00119_,10.32µm
_00310_,10.32µm
_00552_,10.32µm
_02650_,10.32µm
_03782_,10.32µm
_05413_,10.32µm
net1745,10.32µm
net1767,10.32µm
net1894,10.32µm
net2091,10.32µm
net2342,10.32µm
net2362,10.32µm
_01576_,10.315µm
_04931_,10.28µm
_03912_,10.27µm
_04044_,10.27µm
_04876_,10.27µm
_01391_,10.26µm
_03985_,10.25µm
_02445_,10.235µm
_04923_,10.22µm
_02218_,10.215µm
_02214_,10.21µm
_03964_,10.21µm
_04295_,10.21µm
_04412_,10.21µm
_04429_,10.21µm
net1479,10.21µm
net2804,10.21µm
net2956,10.21µm
net2995,10.21µm
_00608_,10.2µm
_00647_,10.2µm
_01061_,10.2µm
_01204_,10.2µm
_02436_,10.2µm
_04652_,10.2µm
_05679_,10.2µm
_04874_,10.18µm
_04899_,10.18µm
_05865_,10.18µm
_04611_,10.155µm
_00046_,10.15µm
_00052_,10.15µm
_01304_,10.15µm
_01307_,10.15µm
_01313_,10.15µm
_04157_,10.15µm
u_picorv32.picorv32_core.alu_out\[5\],10.15µm
_01860_,10.14µm
_05251_,10.14µm
_05360_,10.14µm
net2869,10.125µm
_04912_,10.11µm
_03783_,10.1µm
_00216_,10.09µm
_00256_,10.09µm
_00308_,10.09µm
_00379_,10.09µm
_00557_,10.09µm
_00622_,10.09µm
_00630_,10.09µm
_00965_,10.09µm
_01323_,10.09µm
_03029_,10.09µm
_03506_,10.09µm
_03989_,10.09µm
_04601_,10.09µm
_05023_,10.09µm
_05414_,10.09µm
_05852_,10.09µm
u_picorv32.picorv32_core.alu_out_q\[21\],10.09µm
_01583_,10.08µm
_01721_,10.08µm
_02670_,10.08µm
_03501_,10.08µm
_03710_,10.08µm
_04155_,10.08µm
_04523_,10.08µm
_04740_,10.08µm
net2022,10.08µm
net2158,10.08µm
net2286,10.08µm
net2370,10.08µm
net2410,10.08µm
net2861,10.08µm
net2891,10.08µm
_01324_,10.065µm
_05728_,10.055µm
_04333_,10.05µm
net2187,10.05µm
_00103_,10.03µm
_00678_,10.03µm
_00806_,10.03µm
_01105_,10.03µm
_02052_,10.03µm
_03696_,10.03µm
_04938_,10.03µm
_05996_,10.03µm
net3042,10.03µm
net3126,10.03µm
_00201_,10.02µm
_00568_,10.02µm
_01782_,10.02µm
_04612_,10.02µm
_02387_,10.015µm
_01512_,9.97µm
_02226_,9.97µm
_02284_,9.97µm
_02853_,9.97µm
_03068_,9.97µm
_03069_,9.97µm
_03200_,9.97µm
_05835_,9.97µm
net1553,9.97µm
net1726,9.97µm
net1953,9.97µm
net2068,9.97µm
net2175,9.97µm
_02256_,9.96µm
_02328_,9.96µm
_03219_,9.96µm
net1537,9.96µm
_03450_,9.955µm
_05492_,9.955µm
_05969_,9.955µm
_05994_,9.955µm
net3127,9.955µm
net3129,9.955µm
u_picorv32.picorv32_core.alu_out_q\[22\],9.92µm
_00033_,9.91µm
_00140_,9.91µm
_00463_,9.91µm
_00477_,9.91µm
_00791_,9.91µm
_00813_,9.91µm
_00929_,9.91µm
_03035_,9.91µm
_02410_,9.9µm
_02444_,9.9µm
_04036_,9.9µm
_05014_,9.9µm
_05234_,9.9µm
_05312_,9.9µm
_05325_,9.9µm
_05590_,9.9µm
_05584_,9.87µm
_00010_,9.86µm
_01333_,9.86µm
_01882_,9.86µm
net3086,9.86µm
net3107,9.86µm
net3112,9.86µm
net3114,9.86µm
_00270_,9.85µm
_00909_,9.85µm
_00956_,9.85µm
_02888_,9.85µm
_03227_,9.85µm
_04231_,9.85µm
_04546_,9.85µm
_04673_,9.85µm
_04761_,9.85µm
_04865_,9.85µm
_05322_,9.85µm
_05719_,9.85µm
net1418,9.85µm
net1722,9.85µm
net1795,9.85µm
net2301,9.85µm
net2371,9.85µm
u_picorv32.picorv32_core.mem_rdata_q\[6\],9.845µm
_00213_,9.84µm
_00292_,9.84µm
_00304_,9.84µm
_00524_,9.84µm
_00623_,9.84µm
_00852_,9.84µm
_00931_,9.84µm
_04165_,9.84µm
_04218_,9.84µm
_04748_,9.84µm
_04766_,9.84µm
net1439,9.84µm
net1469,9.84µm
net1601,9.84µm
net1616,9.84µm
net1624,9.84µm
net1630,9.84µm
net1642,9.84µm
net1659,9.84µm
net1663,9.84µm
net1700,9.84µm
net1713,9.84µm
net1724,9.84µm
net1773,9.84µm
net1803,9.84µm
net1829,9.84µm
net1848,9.84µm
net1890,9.84µm
net1898,9.84µm
net1910,9.84µm
net1992,9.84µm
net2049,9.84µm
net2076,9.84µm
net2093,9.84µm
net2097,9.84µm
net2101,9.84µm
net2112,9.84µm
net2127,9.84µm
net2138,9.84µm
net2179,9.84µm
net2203,9.84µm
net2226,9.84µm
net2250,9.84µm
net2252,9.84µm
net2264,9.84µm
net2288,9.84µm
net2361,9.84µm
net2404,9.84µm
net2477,9.84µm
net2483,9.84µm
net2504,9.84µm
net2532,9.84µm
net2533,9.84µm
net2545,9.84µm
net2573,9.84µm
net2605,9.84µm
net2729,9.84µm
net2745,9.84µm
net2757,9.84µm
net2777,9.84µm
net2856,9.84µm
net2859,9.84µm
net2862,9.84µm
net2900,9.84µm
net2912,9.84µm
net2928,9.84µm
_03213_,9.8µm
_03123_,9.795µm
_04319_,9.79µm
_05529_,9.79µm
u_picorv32.picorv32_core.alu_out_q\[20\],9.78µm
_00438_,9.765µm
_00675_,9.765µm
_05390_,9.755µm
_02357_,9.75µm
_03008_,9.74µm
_02081_,9.73µm
_04914_,9.73µm
_05461_,9.73µm
_00547_,9.72µm
_01015_,9.72µm
_02164_,9.72µm
_02500_,9.72µm
_03914_,9.72µm
_04831_,9.72µm
_00380_,9.705µm
_02568_,9.705µm
_03766_,9.705µm
_04146_,9.685µm
_00051_,9.67µm
_00111_,9.67µm
_01416_,9.67µm
_03623_,9.67µm
_03891_,9.67µm
_04903_,9.67µm
_00827_,9.66µm
_02720_,9.66µm
_05517_,9.66µm
_03250_,9.655µm
_02042_,9.645µm
net1526,9.63µm
net1698,9.63µm
net2274,9.63µm
_03187_,9.625µm
_00180_,9.61µm
_00246_,9.61µm
_00252_,9.61µm
_00265_,9.61µm
_01229_,9.61µm
_04420_,9.61µm
_04915_,9.61µm
_05187_,9.61µm
_05486_,9.61µm
_05585_,9.61µm
_02358_,9.6µm
_03167_,9.6µm
_04139_,9.6µm
_04416_,9.6µm
_05057_,9.6µm
net2006,9.6µm
net2418,9.6µm
net2493,9.6µm
net2651,9.6µm
_00318_,9.585µm
_00828_,9.585µm
_01642_,9.56µm
_03468_,9.56µm
_00174_,9.55µm
_00464_,9.55µm
_00532_,9.55µm
_00984_,9.55µm
_01070_,9.55µm
_01237_,9.55µm
_02679_,9.55µm
_02824_,9.55µm
_03070_,9.55µm
_03295_,9.55µm
_03826_,9.55µm
_03921_,9.55µm
_03994_,9.55µm
_04005_,9.55µm
_04301_,9.55µm
_04423_,9.55µm
_04656_,9.55µm
_04859_,9.55µm
_04879_,9.55µm
_04894_,9.55µm
_05833_,9.55µm
u_picorv32.pcpi_rs1\[16\],9.55µm
_01605_,9.54µm
_03505_,9.54µm
_04144_,9.54µm
_04579_,9.54µm
_01741_,9.52µm
_02296_,9.51µm
_00934_,9.49µm
_02119_,9.49µm
_02958_,9.49µm
_04110_,9.49µm
_04537_,9.49µm
_04815_,9.49µm
_04898_,9.49µm
_05808_,9.49µm
net1444,9.49µm
net2059,9.49µm
net2113,9.49µm
net2240,9.49µm
net2369,9.49µm
net2433,9.49µm
u_picorv32.picorv32_core.mem_rdata_q\[13\],9.49µm
_01909_,9.48µm
_02362_,9.48µm
_03451_,9.48µm
_03487_,9.48µm
_03604_,9.48µm
_04700_,9.48µm
_05279_,9.48µm
net1619,9.48µm
net2119,9.48µm
net2303,9.48µm
_04607_,9.475µm
_05718_,9.475µm
_00134_,9.43µm
_00202_,9.43µm
_00209_,9.43µm
_00327_,9.43µm
_00362_,9.43µm
_00498_,9.43µm
_00600_,9.43µm
_00643_,9.43µm
_00748_,9.43µm
_00752_,9.43µm
_00780_,9.43µm
_03866_,9.43µm
_01715_,9.42µm
_03731_,9.42µm
_04989_,9.42µm
_05116_,9.42µm
_03271_,9.39µm
u_picorv32.picorv32_core.reg_out\[13\],9.39µm
_01876_,9.385µm
_02216_,9.38µm
net3104,9.38µm
net3117,9.38µm
net3118,9.38µm
net3130,9.38µm
_03569_,9.375µm
_00366_,9.37µm
_01914_,9.37µm
_02494_,9.37µm
_02875_,9.37µm
_03094_,9.37µm
_03999_,9.37µm
_04359_,9.37µm
_04444_,9.37µm
_05629_,9.37µm
net1757,9.37µm
net1814,9.37µm
net1899,9.37µm
net2508,9.37µm
net2969,9.37µm
_00384_,9.36µm
_00409_,9.36µm
_02241_,9.36µm
_02766_,9.36µm
_04476_,9.36µm
_04545_,9.36µm
_05567_,9.36µm
_05744_,9.36µm
net1602,9.36µm
net2160,9.36µm
net2228,9.36µm
net2308,9.36µm
net2977,9.36µm
_02416_,9.35µm
_03760_,9.35µm
_01598_,9.33µm
_04381_,9.32µm
net3141,9.32µm
_04088_,9.31µm
_05344_,9.31µm
_02663_,9.3µm
_03442_,9.3µm
_05460_,9.295µm
_00412_,9.285µm
_01017_,9.285µm
_03767_,9.285µm
_04025_,9.285µm
_04269_,9.285µm
_03878_,9.265µm
_04900_,9.25µm
_00459_,9.24µm
_00516_,9.24µm
_00548_,9.24µm
_00995_,9.24µm
_03609_,9.24µm
_03972_,9.24µm
_04599_,9.24µm
net1532,9.24µm
net1763,9.24µm
_02169_,9.23µm
_02595_,9.225µm
_03963_,9.22µm
_00039_,9.19µm
_00107_,9.19µm
_01291_,9.19µm
_05392_,9.19µm
_04857_,9.185µm
_01264_,9.18µm
_02133_,9.18µm
_03016_,9.18µm
_03447_,9.18µm
_03728_,9.18µm
_03942_,9.18µm
_05801_,9.18µm
net3016,9.18µm
_04307_,9.155µm
_04706_,9.14µm
_00826_,9.13µm
_00908_,9.13µm
_00916_,9.13µm
_01365_,9.13µm
_02343_,9.13µm
_02585_,9.13µm
_02717_,9.13µm
_03105_,9.13µm
_03889_,9.13µm
_03913_,9.13µm
_04053_,9.13µm
_04264_,9.13µm
_04643_,9.13µm
_05031_,9.13µm
_05914_,9.13µm
u_picorv32.pcpi_rs1\[12\],9.13µm
u_picorv32.pcpi_rs1\[17\],9.13µm
net3018,9.13µm
_01382_,9.12µm
_02955_,9.12µm
_03516_,9.12µm
_05975_,9.12µm
net1641,9.12µm
net1676,9.12µm
net1764,9.12µm
net1883,9.12µm
net2100,9.12µm
net2107,9.12µm
net2168,9.12µm
net2194,9.12µm
net2277,9.12µm
net2697,9.12µm
net2741,9.12µm
net2769,9.12µm
net3066,9.12µm
_04721_,9.11µm
_03888_,9.095µm
_00461_,9.09µm
_00106_,9.07µm
_00115_,9.07µm
_00125_,9.07µm
_00142_,9.07µm
_00236_,9.07µm
_00284_,9.07µm
_00351_,9.07µm
_00373_,9.07µm
_00504_,9.07µm
_00932_,9.07µm
_00939_,9.07µm
_01058_,9.07µm
_01193_,9.07µm
_01309_,9.07µm
_01480_,9.07µm
_01505_,9.07µm
_01513_,9.07µm
_01891_,9.07µm
_02731_,9.07µm
_03042_,9.07µm
_03508_,9.07µm
_03934_,9.07µm
_04192_,9.07µm
_04228_,9.07µm
_04407_,9.07µm
_04868_,9.07µm
_05610_,9.07µm
_05616_,9.07µm
_05868_,9.07µm
_05966_,9.07µm
net3007,9.07µm
_01464_,9.06µm
_02204_,9.06µm
_02234_,9.06µm
_03603_,9.06µm
_04162_,9.06µm
_03652_,9.055µm
net1718,9.045µm
_01749_,9.04µm
_04609_,9.03µm
_03297_,9.02µm
_00145_,9.01µm
_01262_,9.01µm
_01418_,9.01µm
_02198_,9.01µm
_02577_,9.01µm
_03037_,9.01µm
_03750_,9.01µm
_04299_,9.01µm
net1451,9.01µm
net1455,9.01µm
net1580,9.01µm
net1650,9.01µm
net1742,9.01µm
net1793,9.01µm
net1946,9.01µm
net2307,9.01µm
net3020,9.01µm
_01651_,9µm
_02628_,9µm
_03027_,9µm
_03041_,9µm
_03166_,9µm
_04699_,9µm
net1493,9µm
net1645,9µm
net2002,9µm
_05079_,8.995µm
_05960_,8.995µm
net3158,8.995µm
_03452_,8.985µm
_00476_,8.98µm
_02049_,8.98µm
_04830_,8.965µm
_00042_,8.95µm
_00049_,8.95µm
_00146_,8.95µm
_00211_,8.95µm
_00337_,8.95µm
_00399_,8.95µm
_00469_,8.95µm
_00491_,8.95µm
_00502_,8.95µm
_00519_,8.95µm
_00616_,8.95µm
_00724_,8.95µm
_00823_,8.95µm
_00835_,8.95µm
_00945_,8.95µm
_01115_,8.95µm
_01468_,8.95µm
_02665_,8.95µm
_03908_,8.95µm
_01538_,8.94µm
_02353_,8.94µm
_03626_,8.94µm
_05090_,8.94µm
_04477_,8.905µm
_02240_,8.9µm
_02385_,8.9µm
_02480_,8.9µm
_04884_,8.9µm
net3043,8.9µm
net3089,8.9µm
net3094,8.9µm
net3095,8.9µm
net3100,8.9µm
net3136,8.9µm
_00132_,8.89µm
_00492_,8.89µm
_00680_,8.89µm
_00953_,8.89µm
_01085_,8.89µm
_02178_,8.89µm
_02572_,8.89µm
_02734_,8.89µm
_05862_,8.89µm
net1432,8.89µm
net1448,8.89µm
net1748,8.89µm
net1875,8.89µm
net1926,8.89µm
net1943,8.89µm
net2414,8.89µm
_00158_,8.88µm
_00514_,8.88µm
_03305_,8.88µm
_03837_,8.88µm
_03946_,8.88µm
_04296_,8.88µm
_04424_,8.88µm
_05826_,8.88µm
net1524,8.88µm
net1587,8.88µm
net1780,8.88µm
net1876,8.88µm
net1931,8.88µm
net2031,8.88µm
net2071,8.88µm
net2084,8.88µm
net2214,8.88µm
net2309,8.88µm
net2378,8.88µm
net2582,8.88µm
net2846,8.88µm
_03596_,8.84µm
_04768_,8.835µm
_03893_,8.83µm
_05534_,8.83µm
_01633_,8.825µm
_05515_,8.82µm
_01354_,8.8µm
_05367_,8.785µm
_03055_,8.78µm
mem_axi_araddr[10],8.78µm
mem_axi_araddr[19],8.78µm
mem_axi_araddr[22],8.78µm
mem_axi_araddr[25],8.78µm
mem_axi_araddr[28],8.78µm
mem_axi_araddr[4],8.78µm
mem_axi_araddr[7],8.78µm
mem_axi_arprot[2],8.78µm
mem_axi_arvalid,8.78µm
_01451_,8.77µm
_01621_,8.77µm
_02371_,8.77µm
_03969_,8.77µm
_04629_,8.77µm
_01142_,8.76µm
_01176_,8.76µm
_01201_,8.76µm
_01457_,8.76µm
_03631_,8.76µm
u_picorv32.picorv32_core.alu_out_q\[8\],8.76µm
_01430_,8.71µm
_00121_,8.7µm
_00911_,8.7µm
_01006_,8.7µm
_01475_,8.7µm
_02097_,8.7µm
_03078_,8.7µm
_03326_,8.7µm
_03427_,8.7µm
_04751_,8.7µm
_06014_,8.7µm
u_picorv32.picorv32_core.alu_out\[4\],8.7µm
net3152,8.7µm
_02177_,8.685µm
_00165_,8.65µm
_00262_,8.65µm
_00445_,8.65µm
_00862_,8.65µm
_03174_,8.65µm
_03247_,8.65µm
_03671_,8.65µm
_03996_,8.65µm
_05129_,8.65µm
_05592_,8.65µm
_01190_,8.64µm
_01261_,8.64µm
_02867_,8.64µm
_03454_,8.64µm
_03811_,8.64µm
_03873_,8.64µm
_03941_,8.64µm
_04154_,8.64µm
_04364_,8.64µm
_04716_,8.64µm
_05547_,8.64µm
net1466,8.64µm
net1491,8.64µm
net1579,8.64µm
net1581,8.64µm
net1591,8.64µm
net1730,8.64µm
net2044,8.64µm
net2087,8.64µm
net2190,8.64µm
net2422,8.64µm
_02591_,8.625µm
_03458_,8.62µm
_03555_,8.62µm
_00109_,8.59µm
_00116_,8.59µm
_00144_,8.59µm
_00150_,8.59µm
_00182_,8.59µm
_00199_,8.59µm
_00446_,8.59µm
_00722_,8.59µm
_00927_,8.59µm
_00980_,8.59µm
_01082_,8.59µm
_01117_,8.59µm
_01160_,8.59µm
_01224_,8.59µm
_01331_,8.59µm
_01507_,8.59µm
_02063_,8.59µm
_02249_,8.59µm
_02821_,8.59µm
_03572_,8.59µm
_03894_,8.59µm
_03988_,8.59µm
_04033_,8.59µm
_04297_,8.59µm
_04482_,8.59µm
_04570_,8.59µm
net3006,8.59µm
net3087,8.59µm
_00266_,8.58µm
_00322_,8.58µm
_00364_,8.58µm
_00367_,8.58µm
_00760_,8.58µm
_00776_,8.58µm
_01353_,8.58µm
_02588_,8.58µm
_02682_,8.58µm
_03678_,8.58µm
_04239_,8.575µm
_03669_,8.565µm
net1472,8.565µm
_00345_,8.53µm
_00636_,8.53µm
_00973_,8.53µm
_01208_,8.53µm
_02541_,8.53µm
_03132_,8.53µm
_04470_,8.53µm
net1441,8.53µm
net1483,8.53µm
net1618,8.53µm
net1648,8.53µm
net1694,8.53µm
net1707,8.53µm
net1734,8.53µm
net2001,8.53µm
net2118,8.53µm
net2222,8.53µm
net2328,8.53µm
net2349,8.53µm
net2678,8.53µm
net2696,8.53µm
net2727,8.53µm
net2935,8.53µm
net2971,8.53µm
_00207_,8.52µm
_00688_,8.52µm
_00866_,8.52µm
_01077_,8.52µm
_01233_,8.52µm
_01578_,8.52µm
_01624_,8.52µm
_03566_,8.52µm
_03898_,8.52µm
_04438_,8.52µm
_04578_,8.52µm
_05939_,8.52µm
net1502,8.52µm
net1556,8.52µm
net1584,8.52µm
net1727,8.52µm
net1857,8.52µm
net1913,8.52µm
net2029,8.52µm
net2156,8.52µm
net2343,8.52µm
net2345,8.52µm
_05199_,8.515µm
net3156,8.515µm
_03076_,8.505µm
_03802_,8.505µm
_00034_,8.49µm
_01241_,8.48µm
_00026_,8.47µm
_00157_,8.47µm
_00193_,8.47µm
_00195_,8.47µm
_00219_,8.47µm
_00274_,8.47µm
_00315_,8.47µm
_00321_,8.47µm
_00334_,8.47µm
_00350_,8.47µm
_00382_,8.47µm
_00416_,8.47µm
_00511_,8.47µm
_00520_,8.47µm
_00523_,8.47µm
_00533_,8.47µm
_00595_,8.47µm
_00613_,8.47µm
_00637_,8.47µm
_00648_,8.47µm
_00663_,8.47µm
_00676_,8.47µm
_00681_,8.47µm
_00742_,8.47µm
_00746_,8.47µm
_00763_,8.47µm
_00771_,8.47µm
_00790_,8.47µm
_00805_,8.47µm
_00825_,8.47µm
_00834_,8.47µm
_00867_,8.47µm
_00954_,8.47µm
_00955_,8.47µm
_01004_,8.47µm
_01013_,8.47µm
_01059_,8.47µm
_01066_,8.47µm
_01078_,8.47µm
_01079_,8.47µm
_01090_,8.47µm
_01096_,8.47µm
_01106_,8.47µm
_01116_,8.47µm
_01398_,8.47µm
_01401_,8.47µm
_01439_,8.47µm
_04389_,8.46µm
_04733_,8.46µm
_05638_,8.46µm
rst_ni,8.46µm
_03868_,8.445µm
_05759_,8.435µm
_03578_,8.43µm
_02592_,8.42µm
_04781_,8.42µm
net3142,8.42µm
_00513_,8.41µm
_00572_,8.41µm
_01009_,8.41µm
_01318_,8.41µm
_02246_,8.41µm
_02341_,8.41µm
_03502_,8.41µm
_03504_,8.41µm
_03983_,8.41µm
_04170_,8.41µm
_04242_,8.41µm
_04465_,8.41µm
_04479_,8.41µm
_04553_,8.41µm
_05613_,8.41µm
_05772_,8.41µm
net1414,8.41µm
net1428,8.41µm
net1437,8.41µm
net1887,8.41µm
net1987,8.41µm
net2017,8.41µm
net2043,8.41µm
net2475,8.41µm
net2489,8.41µm
net2527,8.41µm
net2617,8.41µm
net2637,8.41µm
net2685,8.41µm
net2919,8.41µm
u_picorv32.picorv32_core.reg_next_pc\[5\],8.41µm
_01002_,8.4µm
_02707_,8.4µm
_03061_,8.4µm
_03492_,8.4µm
_03579_,8.4µm
_05703_,8.4µm
net1639,8.4µm
net1701,8.4µm
net1782,8.4µm
net2136,8.4µm
net2661,8.4µm
_00456_,8.38µm
_02477_,8.37µm
_01952_,8.365µm
_03204_,8.36µm
_05423_,8.36µm
net1404,8.36µm
_01165_,8.35µm
_01392_,8.35µm
_02004_,8.35µm
_03520_,8.35µm
_05660_,8.35µm
_05530_,8.34µm
_01411_,8.325µm
_05425_,8.325µm
_04334_,8.295µm
_03930_,8.29µm
_04152_,8.29µm
_04161_,8.29µm
_04845_,8.29µm
_05810_,8.29µm
_00176_,8.28µm
_01360_,8.28µm
_01436_,8.28µm
_01833_,8.28µm
_04130_,8.28µm
_05274_,8.28µm
net1760,8.28µm
_01355_,8.265µm
_03488_,8.24µm
_01157_,8.23µm
_01219_,8.23µm
_01408_,8.23µm
_01536_,8.23µm
_04221_,8.23µm
_00094_,8.22µm
_00300_,8.22µm
_00610_,8.22µm
_01508_,8.22µm
_01644_,8.22µm
_01961_,8.22µm
_02654_,8.22µm
_03633_,8.22µm
_03830_,8.22µm
_04621_,8.22µm
u_picorv32.picorv32_core.instr_jal,8.22µm
net1988,8.205µm
_05548_,8.2µm
_02498_,8.18µm
_05540_,8.175µm
_00047_,8.17µm
_01698_,8.17µm
_02067_,8.17µm
_02344_,8.17µm
_03330_,8.17µm
_03391_,8.17µm
_03647_,8.17µm
_04583_,8.17µm
_04985_,8.17µm
_05008_,8.17µm
_05967_,8.17µm
_02383_,8.16µm
_02459_,8.16µm
_03082_,8.16µm
_03188_,8.16µm
_03947_,8.16µm
_03952_,8.16µm
_04001_,8.16µm
_04225_,8.16µm
_04227_,8.16µm
_04628_,8.16µm
_04688_,8.16µm
_04901_,8.16µm
_05253_,8.16µm
_05777_,8.16µm
_05930_,8.16µm
_05933_,8.16µm
net1426,8.16µm
net1443,8.16µm
net1475,8.16µm
net1494,8.16µm
net1533,8.16µm
net1604,8.16µm
net1631,8.16µm
net1632,8.16µm
net1634,8.16µm
net1733,8.16µm
net1796,8.16µm
net1826,8.16µm
net1844,8.16µm
net1849,8.16µm
net1880,8.16µm
net1902,8.16µm
net1939,8.16µm
net1979,8.16µm
net1989,8.16µm
net2032,8.16µm
net2046,8.16µm
net2064,8.16µm
net2117,8.16µm
net2132,8.16µm
net2166,8.16µm
net2174,8.16µm
net2182,8.16µm
net2207,8.16µm
net2215,8.16µm
net2270,8.16µm
net2285,8.16µm
net2334,8.16µm
net2395,8.16µm
net2427,8.16µm
net2531,8.16µm
net2633,8.16µm
net2648,8.16µm
net2649,8.16µm
net2681,8.16µm
net2704,8.16µm
net2716,8.16µm
net2909,8.16µm
net2958,8.16µm
net2960,8.16µm
net2970,8.16µm
_00625_,8.145µm
_00739_,8.145µm
_00762_,8.145µm
_00879_,8.14µm
_04799_,8.125µm
_01220_,8.12µm
net2457,8.115µm
_00130_,8.11µm
_00137_,8.11µm
_00162_,8.11µm
_00171_,8.11µm
_00210_,8.11µm
_00245_,8.11µm
_00271_,8.11µm
_00451_,8.11µm
_00465_,8.11µm
_00536_,8.11µm
_00655_,8.11µm
_00668_,8.11µm
_00751_,8.11µm
_00802_,8.11µm
_00918_,8.11µm
_00930_,8.11µm
_00944_,8.11µm
_00948_,8.11µm
_00972_,8.11µm
_01057_,8.11µm
_01069_,8.11µm
_01071_,8.11µm
_01124_,8.11µm
_01127_,8.11µm
_01301_,8.11µm
_01422_,8.11µm
_02549_,8.11µm
_03018_,8.11µm
_03738_,8.11µm
_03792_,8.11µm
_04014_,8.11µm
_04016_,8.11µm
_05773_,8.11µm
u_picorv32.pcpi_rs1\[9\],8.11µm
_00449_,8.1µm
_00509_,8.1µm
_00594_,8.1µm
_00801_,8.1µm
_00982_,8.1µm
_01036_,8.1µm
_01103_,8.1µm
_01109_,8.1µm
_01405_,8.1µm
_03273_,8.1µm
_03567_,8.1µm
_04597_,8.1µm
_04654_,8.1µm
net2246,8.095µm
_04907_,8.085µm
_03478_,8.07µm
_03993_,8.07µm
_03142_,8.065µm
_04439_,8.06µm
_04917_,8.06µm
_00136_,8.05µm
_00141_,8.05µm
_00606_,8.05µm
_00940_,8.05µm
_00991_,8.05µm
_01226_,8.05µm
_02071_,8.05µm
_03221_,8.05µm
_03815_,8.05µm
net1597,8.05µm
net1617,8.05µm
net1667,8.05µm
net1689,8.05µm
net1789,8.05µm
net1881,8.05µm
net1906,8.05µm
net1940,8.05µm
net1963,8.05µm
net2129,8.05µm
net2251,8.05µm
net2680,8.05µm
net2843,8.05µm
_02213_,8.045µm
_00365_,8.04µm
_00642_,8.04µm
_00711_,8.04µm
_00913_,8.04µm
_01750_,8.04µm
_02088_,8.04µm
_02104_,8.04µm
_02872_,8.04µm
_03144_,8.04µm
_03284_,8.04µm
_05715_,8.04µm
net1436,8.04µm
net1523,8.04µm
net1529,8.04µm
net1687,8.04µm
net1765,8.04µm
net1801,8.04µm
net1882,8.04µm
net2133,8.04µm
net2144,8.04µm
net2162,8.04µm
net2173,8.04µm
net2192,8.04µm
net2248,8.04µm
net2266,8.04µm
net2269,8.04µm
net2299,8.04µm
net2341,8.04µm
net2398,8.04µm
net2762,8.04µm
net2767,8.04µm
_04669_,8.035µm
_04889_,8.035µm
_05172_,8.035µm
_04963_,8.025µm
_01688_,8.02µm
_00592_,8.01µm
_03474_,8.005µm
_00156_,7.99µm
_00197_,7.99µm
_00200_,7.99µm
_00220_,7.99µm
_00226_,7.99µm
_00232_,7.99µm
_00233_,7.99µm
_00269_,7.99µm
_00272_,7.99µm
_00275_,7.99µm
_00328_,7.99µm
_00346_,7.99µm
_00356_,7.99µm
_00397_,7.99µm
_00403_,7.99µm
_00408_,7.99µm
_00431_,7.99µm
_00488_,7.99µm
_00551_,7.99µm
_00554_,7.99µm
_00575_,7.99µm
_00607_,7.99µm
_00624_,7.99µm
_00631_,7.99µm
_00639_,7.99µm
_00641_,7.99µm
_00650_,7.99µm
_00656_,7.99µm
_00667_,7.99µm
_00773_,7.99µm
_00777_,7.99µm
_00792_,7.99µm
_00794_,7.99µm
_00844_,7.99µm
_00859_,7.99µm
_00874_,7.99µm
_00969_,7.99µm
_00994_,7.99µm
_01039_,7.99µm
_01073_,7.99µm
_01098_,7.99µm
_01101_,7.99µm
_01110_,7.99µm
_01481_,7.99µm
_05504_,7.99µm
net3120,7.99µm
_01854_,7.98µm
_02486_,7.98µm
_04141_,7.98µm
_04241_,7.98µm
_02785_,7.975µm
_00273_,7.95µm
_00881_,7.95µm
net2217,7.95µm
net2296,7.95µm
_01696_,7.94µm
_01825_,7.94µm
_05796_,7.94µm
net3101,7.94µm
net3102,7.94µm
net3115,7.94µm
_00151_,7.93µm
_01597_,7.93µm
_01926_,7.93µm
_02223_,7.93µm
_03787_,7.93µm
_04554_,7.93µm
_04738_,7.93µm
_04821_,7.93µm
_05396_,7.93µm
_05691_,7.93µm
_05786_,7.93µm
net1521,7.93µm
net1731,7.93µm
net1751,7.93µm
net1993,7.93µm
net2293,7.93µm
net2403,7.93µm
net2453,7.93µm
net2462,7.93µm
net2520,7.93µm
net2835,7.93µm
net2933,7.93µm
net2945,7.93µm
_00434_,7.92µm
_02413_,7.92µm
_04028_,7.92µm
_04336_,7.92µm
net1511,7.92µm
net2210,7.92µm
net2621,7.92µm
net2662,7.92µm
net2739,7.92µm
net2754,7.92µm
net2929,7.92µm
_02012_,7.915µm
_02633_,7.905µm
_01822_,7.9µm
_04366_,7.885µm
_05480_,7.88µm
_02194_,7.87µm
_02395_,7.87µm
_04496_,7.87µm
_05032_,7.87µm
_03950_,7.86µm
_02419_,7.855µm
net1870,7.83µm
_02027_,7.81µm
_03976_,7.81µm
net1885,7.81µm
_00289_,7.8µm
_00579_,7.8µm
_01532_,7.8µm
_03730_,7.8µm
_03935_,7.8µm
_05371_,7.8µm
net1762,7.8µm
_00129_,7.785µm
_01062_,7.785µm
_03463_,7.78µm
_03456_,7.76µm
_00097_,7.75µm
_00102_,7.75µm
_00118_,7.75µm
_01293_,7.75µm
_01518_,7.75µm
u_picorv32.picorv32_core.alu_out_q\[4\],7.75µm
_00185_,7.74µm
_00496_,7.74µm
_00974_,7.74µm
_01474_,7.74µm
_03327_,7.74µm
_03553_,7.74µm
_03704_,7.74µm
_04219_,7.74µm
_04488_,7.74µm
_04895_,7.74µm
_05568_,7.74µm
_05730_,7.74µm
u_picorv32.picorv32_core.alu_out_q\[29\],7.74µm
_02319_,7.725µm
net1842,7.725µm
_03735_,7.72µm
_04070_,7.71µm
_00061_,7.69µm
_01120_,7.69µm
_01197_,7.69µm
_01348_,7.69µm
_01502_,7.69µm
_02120_,7.69µm
_02389_,7.69µm
_03139_,7.69µm
_04089_,7.69µm
_04098_,7.69µm
_04125_,7.69µm
_04216_,7.69µm
_04885_,7.69µm
_05854_,7.69µm
u_picorv32.pcpi_rs1\[23\],7.69µm
net3131,7.69µm
_01183_,7.68µm
_01607_,7.68µm
_01765_,7.68µm
_01999_,7.68µm
_02217_,7.68µm
_02627_,7.68µm
_02666_,7.68µm
_02886_,7.68µm
_03224_,7.68µm
_03618_,7.68µm
_03917_,7.68µm
_03957_,7.68µm
_04292_,7.68µm
_04957_,7.68µm
_05020_,7.68µm
_05628_,7.68µm
_05817_,7.68µm
_05869_,7.68µm
_05902_,7.68µm
_05957_,7.68µm
net1457,7.68µm
net1496,7.68µm
net1517,7.68µm
net1547,7.68µm
net1559,7.68µm
net1680,7.68µm
net1710,7.68µm
net1766,7.68µm
net1783,7.68µm
net1966,7.68µm
net1980,7.68µm
net2000,7.68µm
net2033,7.68µm
net2037,7.68µm
net2083,7.68µm
net2148,7.68µm
net2177,7.68µm
net2198,7.68µm
net2415,7.68µm
net2600,7.68µm
net2827,7.68µm
net2832,7.68µm
net3033,7.68µm
_03642_,7.67µm
_05805_,7.67µm
_00765_,7.665µm
_02487_,7.635µm
_00019_,7.63µm
_00148_,7.63µm
_00203_,7.63µm
_00238_,7.63µm
_00279_,7.63µm
_00280_,7.63µm
_00281_,7.63µm
_00348_,7.63µm
_00349_,7.63µm
_00377_,7.63µm
_00481_,7.63µm
_00497_,7.63µm
_00501_,7.63µm
_00503_,7.63µm
_00571_,7.63µm
_00632_,7.63µm
_00651_,7.63µm
_00653_,7.63µm
_00677_,7.63µm
_00679_,7.63µm
_00734_,7.63µm
_00747_,7.63µm
_00749_,7.63µm
_00750_,7.63µm
_00753_,7.63µm
_00772_,7.63µm
_00784_,7.63µm
_00811_,7.63µm
_00849_,7.63µm
_00871_,7.63µm
_00933_,7.63µm
_00941_,7.63µm
_00950_,7.63µm
_00976_,7.63µm
_00979_,7.63µm
_01010_,7.63µm
_01021_,7.63µm
_01042_,7.63µm
_01064_,7.63µm
_01076_,7.63µm
_01099_,7.63µm
_01108_,7.63µm
_01126_,7.63µm
_01438_,7.63µm
_01669_,7.63µm
_02124_,7.63µm
_02145_,7.63µm
_02431_,7.63µm
_02456_,7.63µm
_02727_,7.63µm
_03774_,7.63µm
_03854_,7.63µm
_03890_,7.63µm
_04290_,7.63µm
_04563_,7.63µm
_04694_,7.63µm
_05003_,7.63µm
_00206_,7.62µm
_00234_,7.62µm
_00239_,7.62µm
_00347_,7.62µm
_00360_,7.62µm
_00405_,7.62µm
_00490_,7.62µm
_00521_,7.62µm
_00669_,7.62µm
_00761_,7.62µm
_00915_,7.62µm
_01043_,7.62µm
_01305_,7.62µm
_02631_,7.62µm
_02637_,7.62µm
_03393_,7.62µm
_03595_,7.62µm
_04422_,7.62µm
_05467_,7.62µm
_05709_,7.62µm
net3139,7.62µm
_03173_,7.605µm
_03966_,7.605µm
_03466_,7.6µm
_00025_,7.57µm
_00249_,7.57µm
_00499_,7.57µm
_00626_,7.57µm
_01158_,7.57µm
_01162_,7.57µm
_01248_,7.57µm
_02599_,7.57µm
_02735_,7.57µm
_03758_,7.57µm
_03786_,7.57µm
net1635,7.57µm
net1797,7.57µm
net1828,7.57µm
net1864,7.57µm
net1872,7.57µm
net1982,7.57µm
net2008,7.57µm
net2157,7.57µm
net2209,7.57µm
net2247,7.57µm
net2337,7.57µm
net2373,7.57µm
net2405,7.57µm
net2602,7.57µm
net2795,7.57µm
_00615_,7.56µm
_02045_,7.56µm
_02381_,7.56µm
_03531_,7.56µm
_03552_,7.56µm
_04515_,7.56µm
_05503_,7.56µm
net1506,7.56µm
net1528,7.56µm
net1708,7.56µm
net1791,7.56µm
net1819,7.56µm
net1942,7.56µm
net2428,7.56µm
net2522,7.56µm
_03657_,7.555µm
_04253_,7.555µm
_04328_,7.555µm
_05071_,7.555µm
_00696_,7.53µm
_01128_,7.53µm
_02233_,7.52µm
net1405,7.52µm
mem_axi_araddr[12],7.52µm
mem_axi_araddr[15],7.52µm
mem_axi_araddr[18],7.52µm
mem_axi_araddr[24],7.52µm
mem_axi_araddr[27],7.52µm
mem_axi_araddr[30],7.52µm
mem_axi_araddr[3],7.52µm
mem_axi_araddr[6],7.52µm
mem_axi_araddr[9],7.52µm
mem_axi_rready,7.52µm
net,7.52µm
_00336_,7.51µm
_00395_,7.51µm
_00406_,7.51µm
_00545_,7.51µm
_00563_,7.51µm
_00659_,7.51µm
_00692_,7.51µm
_00807_,7.51µm
_00814_,7.51µm
_00882_,7.51µm
_01123_,7.51µm
_01130_,7.51µm
_01442_,7.51µm
_03256_,7.51µm
_03494_,7.51µm
_03907_,7.51µm
net3078,7.51µm
_03311_,7.5µm
_03892_,7.5µm
_03973_,7.5µm
_04780_,7.5µm
_03665_,7.48µm
_01637_,7.47µm
net1571,7.47µm
net3135,7.465µm
_01984_,7.46µm
_03650_,7.46µm
net1944,7.46µm
net3090,7.46µm
net3123,7.46µm
net3125,7.46µm
net3154,7.46µm
_02114_,7.455µm
_00081_,7.45µm
_01295_,7.45µm
_01473_,7.45µm
_02702_,7.45µm
_02772_,7.45µm
_03536_,7.45µm
_03932_,7.45µm
_04541_,7.45µm
_04787_,7.45µm
_05573_,7.45µm
_05579_,7.45µm
_05794_,7.45µm
_05901_,7.45µm
net1575,7.45µm
net2104,7.45µm
net2152,7.45µm
net2294,7.45µm
net2351,7.45µm
net2352,7.45µm
net2431,7.45µm
net2554,7.45µm
net2599,7.45µm
net2828,7.45µm
net2834,7.45µm
net2905,7.45µm
_04286_,7.44µm
_04339_,7.44µm
net1652,7.44µm
net1933,7.44µm
_01977_,7.435µm
_02361_,7.435µm
_00759_,7.42µm
_00858_,7.41µm
_03899_,7.4µm
_03958_,7.395µm
_01297_,7.39µm
_02018_,7.39µm
_02877_,7.39µm
_00105_,7.38µm
_00108_,7.38µm
_01740_,7.38µm
_01824_,7.38µm
_03757_,7.38µm
_01890_,7.365µm
_05421_,7.365µm
_01494_,7.33µm
_02068_,7.33µm
_02283_,7.33µm
_03254_,7.33µm
_03613_,7.33µm
_00430_,7.32µm
_00549_,7.32µm
_00809_,7.32µm
_01455_,7.32µm
_01526_,7.32µm
_02552_,7.32µm
_02759_,7.32µm
_02817_,7.32µm
_03267_,7.32µm
_03453_,7.32µm
net1621,7.32µm
net2507,7.32µm
net2771,7.32µm
net2823,7.32µm
net2831,7.32µm
_00043_,7.305µm
_00217_,7.305µm
_00493_,7.305µm
_00618_,7.305µm
_00621_,7.305µm
_00817_,7.305µm
_01022_,7.305µm
_01965_,7.305µm
_04411_,7.3µm
_04906_,7.3µm
_02418_,7.29µm
_04582_,7.285µm
_00098_,7.27µm
_01266_,7.27µm
_01271_,7.27µm
_01272_,7.27µm
_01294_,7.27µm
_01302_,7.27µm
_00340_,7.26µm
_00407_,7.26µm
_00796_,7.26µm
_01063_,7.26µm
_01084_,7.26µm
_01143_,7.26µm
_02156_,7.26µm
_02701_,7.26µm
_02863_,7.26µm
_03011_,7.26µm
_03528_,7.26µm
_03701_,7.26µm
_03829_,7.26µm
_04273_,7.26µm
_04604_,7.26µm
_04624_,7.26µm
_04680_,7.26µm
_04739_,7.26µm
_05249_,7.26µm
_05402_,7.26µm
u_picorv32.picorv32_core.alu_out_q\[25\],7.26µm
_04532_,7.235µm
_00343_,7.21µm
_02642_,7.21µm
_02662_,7.21µm
_03270_,7.21µm
_03825_,7.21µm
_03939_,7.21µm
_04027_,7.21µm
_04602_,7.21µm
_05704_,7.21µm
_05924_,7.21µm
_01361_,7.2µm
_01477_,7.2µm
_01847_,7.2µm
_01982_,7.2µm
_01995_,7.2µm
_02621_,7.2µm
_02660_,7.2µm
_02780_,7.2µm
_02927_,7.2µm
_03299_,7.2µm
_03695_,7.2µm
_04004_,7.2µm
_04023_,7.2µm
_04049_,7.2µm
_04097_,7.2µm
_04195_,7.2µm
_04263_,7.2µm
_04441_,7.2µm
_05678_,7.2µm
net1456,7.2µm
net1478,7.2µm
net1548,7.2µm
net1554,7.2µm
net1574,7.2µm
net1625,7.2µm
net1699,7.2µm
net1798,7.2µm
net1884,7.2µm
net1948,7.2µm
net2023,7.2µm
net2063,7.2µm
net2080,7.2µm
net2196,7.2µm
net2197,7.2µm
net2212,7.2µm
net2451,7.2µm
net2604,7.2µm
_00921_,7.185µm
_04071_,7.185µm
_00056_,7.15µm
_00099_,7.15µm
_00133_,7.15µm
_00138_,7.15µm
_00143_,7.15µm
_00154_,7.15µm
_00215_,7.15µm
_00235_,7.15µm
_00240_,7.15µm
_00267_,7.15µm
_00283_,7.15µm
_00291_,7.15µm
_00294_,7.15µm
_00329_,7.15µm
_00342_,7.15µm
_00354_,7.15µm
_00376_,7.15µm
_00381_,7.15µm
_00388_,7.15µm
_00400_,7.15µm
_00413_,7.15µm
_00479_,7.15µm
_00565_,7.15µm
_00583_,7.15µm
_00628_,7.15µm
_00629_,7.15µm
_00635_,7.15µm
_00666_,7.15µm
_00673_,7.15µm
_00674_,7.15µm
_00685_,7.15µm
_00710_,7.15µm
_00717_,7.15µm
_00741_,7.15µm
_00797_,7.15µm
_00815_,7.15µm
_00851_,7.15µm
_00903_,7.15µm
_00959_,7.15µm
_00967_,7.15µm
_00990_,7.15µm
_01000_,7.15µm
_01050_,7.15µm
_01060_,7.15µm
_01080_,7.15µm
_01089_,7.15µm
_01091_,7.15µm
_01450_,7.15µm
_02834_,7.15µm
_04575_,7.15µm
_05554_,7.15µm
_00135_,7.14µm
_00149_,7.14µm
_00192_,7.14µm
_00247_,7.14µm
_00368_,7.14µm
_00369_,7.14µm
_00396_,7.14µm
_00437_,7.14µm
_00584_,7.14µm
_00660_,7.14µm
_00694_,7.14µm
_00880_,7.14µm
_01028_,7.14µm
_01390_,7.14µm
_02619_,7.14µm
_02629_,7.14µm
_02656_,7.14µm
_02678_,7.14µm
_02714_,7.14µm
_02841_,7.14µm
_05921_,7.14µm
_03429_,7.13µm
_03098_,7.1µm
_00338_,7.09µm
_00375_,7.09µm
_00774_,7.09µm
_00899_,7.09µm
_01654_,7.09µm
_02467_,7.09µm
_03480_,7.09µm
_03705_,7.09µm
_05962_,7.09µm
net1841,7.09µm
net1986,7.09µm
net2109,7.09µm
net2359,7.09µm
net2653,7.09µm
net2752,7.09µm
_00188_,7.08µm
_00251_,7.08µm
_00534_,7.08µm
_00715_,7.08µm
_01325_,7.08µm
_03469_,7.08µm
_03484_,7.08µm
_03929_,7.08µm
_03953_,7.08µm
_04410_,7.08µm
_05876_,7.08µm
_05881_,7.08µm
net1509,7.08µm
net1513,7.08µm
net1543,7.08µm
net1660,7.08µm
net1756,7.08µm
net1945,7.08µm
net2069,7.08µm
net2153,7.08µm
net2262,7.08µm
net2487,7.08µm
net2526,7.08µm
net2629,7.08µm
net2738,7.08µm
net2844,7.08µm
net2885,7.08µm
net2918,7.08µm
_04551_,7.075µm
_05687_,7.075µm
_05990_,7.075µm
_00457_,7.06µm
_03472_,7.06µm
_05689_,7.06µm
_00505_,7.05µm
_00619_,7.05µm
_02125_,7.05µm
mem_axi_araddr[16],7.05µm
mem_axi_araddr[31],7.05µm
_01791_,7.045µm
_02354_,7.04µm
_00204_,7.03µm
_00241_,7.03µm
_00285_,7.03µm
_00370_,7.03µm
_00386_,7.03µm
_00424_,7.03µm
_00506_,7.03µm
_00560_,7.03µm
_00658_,7.03µm
_00706_,7.03µm
_00723_,7.03µm
_00766_,7.03µm
_01081_,7.03µm
_01314_,7.03µm
_01334_,7.03µm
_03164_,7.03µm
_04179_,7.03µm
_02659_,7.02µm
_02744_,7.02µm
_03075_,7.02µm
_03318_,7.02µm
_05162_,7.02µm
_05961_,7.01µm
net2019,7.005µm
net1473,6.99µm
_02130_,6.98µm
_05636_,6.98µm
net3111,6.98µm
_01047_,6.97µm
_01738_,6.97µm
_02090_,6.97µm
_02314_,6.97µm
_02485_,6.97µm
_02567_,6.97µm
_02673_,6.97µm
_02959_,6.97µm
_04194_,6.97µm
_04284_,6.97µm
_04774_,6.97µm
_05308_,6.97µm
_05506_,6.97µm
net1589,6.97µm
net1620,6.97µm
net1627,6.97µm
net1852,6.97µm
net1951,6.97µm
net2110,6.97µm
net2213,6.97µm
net2243,6.97µm
net2339,6.97µm
net2354,6.97µm
net2558,6.97µm
net2616,6.97µm
net2953,6.97µm
_04425_,6.965µm
_01186_,6.96µm
_01456_,6.96µm
_03563_,6.96µm
_03850_,6.955µm
_04051_,6.945µm
_04022_,6.915µm
_01976_,6.91µm
_04783_,6.91µm
net2894,6.885µm
_00187_,6.87µm
_02639_,6.865µm
_05136_,6.85µm
_05716_,6.85µm
_00062_,6.84µm
_00160_,6.84µm
_00173_,6.84µm
_00856_,6.84µm
_01347_,6.84µm
_01358_,6.84µm
_01519_,6.84µm
_01528_,6.84µm
_01530_,6.84µm
_02103_,6.84µm
_02128_,6.84µm
_03896_,6.84µm
_04684_,6.84µm
_04695_,6.84µm
net3097,6.84µm
_03906_,6.835µm
_05815_,6.835µm
_00147_,6.825µm
_00411_,6.825µm
_00452_,6.825µm
_00473_,6.825µm
_04378_,6.82µm
_01145_,6.79µm
_01156_,6.79µm
_01217_,6.79µm
_01245_,6.79µm
_01498_,6.79µm
_01514_,6.79µm
_00113_,6.78µm
_00212_,6.78µm
_00530_,6.78µm
_00590_,6.78µm
_00627_,6.78µm
_00638_,6.78µm
_00654_,6.78µm
_00839_,6.78µm
_00975_,6.78µm
_01067_,6.78µm
_01636_,6.78µm
_01979_,6.78µm
_02279_,6.78µm
_02369_,6.78µm
_02465_,6.78µm
_02511_,6.78µm
_02574_,6.78µm
_02725_,6.78µm
_03087_,6.78µm
_03202_,6.78µm
_03543_,6.78µm
_03822_,6.78µm
_03832_,6.78µm
_04126_,6.78µm
_04220_,6.78µm
_04311_,6.78µm
_04337_,6.78µm
_04657_,6.78µm
_04936_,6.78µm
_05370_,6.78µm
_05582_,6.78µm
_05623_,6.78µm
_05929_,6.78µm
net1603,6.765µm
net2377,6.765µm
net2847,6.765µm
_01783_,6.755µm
net3143,6.735µm
_01893_,6.73µm
_02070_,6.73µm
_02641_,6.73µm
_02664_,6.73µm
_02920_,6.73µm
_03092_,6.73µm
_03238_,6.73µm
_03300_,6.73µm
_03455_,6.73µm
_03796_,6.73µm
_04190_,6.73µm
_04403_,6.73µm
_04648_,6.73µm
_04709_,6.73µm
_04725_,6.73µm
_05416_,6.73µm
_05690_,6.73µm
_05984_,6.73µm
_04056_,6.725µm
mem_axi_araddr[21],6.725µm
_01195_,6.72µm
_01366_,6.72µm
_01394_,6.72µm
_02117_,6.72µm
_03064_,6.72µm
_03607_,6.72µm
_03775_,6.72µm
_04396_,6.72µm
_04636_,6.72µm
_04833_,6.72µm
net1567,6.72µm
net1874,6.72µm
net1934,6.72µm
net2009,6.72µm
net2012,6.72µm
net2072,6.72µm
net2163,6.72µm
net2711,6.72µm
net2815,6.72µm
_01337_,6.705µm
_00127_,6.67µm
_00175_,6.67µm
_00179_,6.67µm
_00263_,6.67µm
_00335_,6.67µm
_00429_,6.67µm
_00561_,6.67µm
_00640_,6.67µm
_00683_,6.67µm
_00695_,6.67µm
_00735_,6.67µm
_00738_,6.67µm
_00845_,6.67µm
_00875_,6.67µm
_00971_,6.67µm
_00977_,6.67µm
_01019_,6.67µm
_01032_,6.67µm
_01140_,6.67µm
_01202_,6.67µm
_01207_,6.67µm
_01421_,6.67µm
_02781_,6.67µm
_03778_,6.67µm
_03806_,6.67µm
_04052_,6.67µm
_04095_,6.67µm
_04177_,6.67µm
_04362_,6.67µm
_04497_,6.67µm
_04800_,6.67µm
_05860_,6.67µm
_05886_,6.67µm
_00691_,6.66µm
_00754_,6.66µm
_00863_,6.66µm
_01053_,6.66µm
_02299_,6.66µm
_05653_,6.655µm
_02411_,6.645µm
_05823_,6.645µm
mem_axi_araddr[11],6.63µm
mem_axi_araddr[14],6.63µm
mem_axi_araddr[17],6.63µm
mem_axi_araddr[20],6.63µm
mem_axi_araddr[23],6.63µm
mem_axi_araddr[26],6.63µm
mem_axi_araddr[29],6.63µm
mem_axi_araddr[2],6.63µm
mem_axi_araddr[5],6.63µm
mem_axi_araddr[8],6.63µm
_00529_,6.625µm
_02188_,6.62µm
_03017_,6.62µm
_00402_,6.61µm
_00924_,6.61µm
_02749_,6.61µm
_05751_,6.61µm
net1424,6.61µm
net1592,6.61µm
net2322,6.61µm
net2887,6.61µm
net2957,6.61µm
_00886_,6.6µm
_01134_,6.6µm
_01461_,6.6µm
_01568_,6.6µm
_02294_,6.6µm
_03141_,6.6µm
_04229_,6.6µm
_05038_,6.6µm
net1566,6.6µm
net1697,6.6µm
net1741,6.6µm
net1802,6.6µm
net2134,6.6µm
net2275,6.6µm
net2326,6.6µm
net2364,6.6µm
net2502,6.6µm
net2590,6.6µm
net2714,6.6µm
net2967,6.6µm
_01942_,6.595µm
_03171_,6.595µm
_03882_,6.595µm
_04118_,6.595µm
_04123_,6.595µm
_04367_,6.595µm
_04463_,6.595µm
_04687_,6.595µm
net69,6.595µm
_00414_,6.58µm
_00483_,6.58µm
_00508_,6.58µm
_00612_,6.58µm
_00645_,6.58µm
_03251_,6.565µm
_00083_,6.55µm
_00093_,6.55µm
_00288_,6.55µm
_00295_,6.55µm
_00339_,6.55µm
_00341_,6.55µm
_00475_,6.55µm
_00701_,6.55µm
_01034_,6.55µm
_02210_,6.54µm
_02403_,6.54µm
_02426_,6.54µm
net1955,6.525µm
_04798_,6.505µm
_00015_,6.5µm
_01896_,6.5µm
_02036_,6.5µm
_02332_,6.5µm
_03180_,6.5µm
_05305_,6.5µm
_05428_,6.5µm
_05497_,6.5µm
net3081,6.5µm
net3084,6.5µm
net3108,6.5µm
net3155,6.5µm
_02348_,6.49µm
_02349_,6.49µm
_02517_,6.49µm
_02940_,6.49µm
_03021_,6.49µm
_03196_,6.49µm
_03319_,6.49µm
_03457_,6.49µm
_03459_,6.49µm
_04019_,6.49µm
_04063_,6.49µm
_04199_,6.49µm
_04244_,6.49µm
_04402_,6.49µm
_04503_,6.49µm
_04566_,6.49µm
_04691_,6.49µm
_04849_,6.49µm
_05127_,6.49µm
_05377_,6.49µm
net1471,6.49µm
net1606,6.49µm
net1665,6.49µm
net1918,6.49µm
net2013,6.49µm
net2036,6.49µm
net2216,6.49µm
net2225,6.49µm
net2272,6.49µm
net2284,6.49µm
net2455,6.49µm
net2634,6.49µm
net2706,6.49µm
net2816,6.49µm
net2824,6.49µm
net2931,6.49µm
net2965,6.49µm
_01161_,6.48µm
_01705_,6.48µm
_02176_,6.48µm
_02473_,6.48µm
_02544_,6.48µm
_03959_,6.48µm
_04076_,6.48µm
_04535_,6.48µm
_04557_,6.48µm
net1788,6.48µm
net1855,6.48µm
net2568,6.48µm
_00086_,6.465µm
_00122_,6.42µm
_02601_,6.42µm
_04214_,6.42µm
_02006_,6.41µm
_01267_,6.39µm
_01653_,6.38µm
_03103_,6.37µm
_03125_,6.37µm
_04265_,6.37µm
_00078_,6.36µm
_00352_,6.36µm
_00816_,6.36µm
_01163_,6.36µm
_01520_,6.36µm
_02502_,6.36µm
_02729_,6.36µm
_04149_,6.36µm
_04234_,6.36µm
_04888_,6.36µm
_05006_,6.36µm
_05088_,6.36µm
_05512_,6.36µm
_05543_,6.36µm
_00100_,6.31µm
_00101_,6.31µm
_01147_,6.31µm
_01189_,6.31µm
_01371_,6.31µm
_01466_,6.31µm
_05769_,6.31µm
_00391_,6.3µm
_00526_,6.3µm
_00604_,6.3µm
_01087_,6.3µm
_01225_,6.3µm
_01433_,6.3µm
_01925_,6.3µm
_03083_,6.3µm
_03111_,6.3µm
_03653_,6.3µm
_03990_,6.3µm
_04048_,6.3µm
_04142_,6.3µm
_04571_,6.3µm
_05204_,6.3µm
_05605_,6.3µm
_05779_,6.3µm
_05822_,6.3µm
_05900_,6.3µm
net2374,6.285µm
net2484,6.285µm
_01887_,6.27µm
net2295,6.27µm
_02292_,6.25µm
_02669_,6.25µm
_03195_,6.25µm
_03540_,6.25µm
_03575_,6.25µm
_04455_,6.25µm
_04600_,6.25µm
_05062_,6.25µm
u_picorv32.picorv32_core.alu_out_q\[24\],6.25µm
_01215_,6.24µm
_01216_,6.24µm
_02138_,6.24µm
_04354_,6.24µm
_05614_,6.24µm
net1446,6.24µm
net1485,6.24µm
net1614,6.24µm
net1695,6.24µm
net1711,6.24µm
net1799,6.24µm
net1983,6.24µm
net1985,6.24µm
net2089,6.24µm
net2235,6.24µm
net2366,6.24µm
net2521,6.24µm
net2627,6.24µm
net2748,6.24µm
net2761,6.24µm
_02889_,6.22µm
_00500_,6.21µm
_00164_,6.19µm
_00303_,6.19µm
_00393_,6.19µm
_00440_,6.19µm
_00478_,6.19µm
_00782_,6.19µm
_00905_,6.19µm
_01111_,6.19µm
_02508_,6.19µm
_02646_,6.19µm
_02681_,6.19µm
_03157_,6.19µm
_03217_,6.19µm
_03644_,6.19µm
_04357_,6.19µm
_04596_,6.19µm
_04616_,6.19µm
_04897_,6.19µm
_05230_,6.19µm
_05437_,6.19µm
_05702_,6.19µm
_05739_,6.19µm
_05884_,6.19µm
net140,6.19µm
_00067_,6.18µm
_00073_,6.18µm
_00259_,6.18µm
_00302_,6.18µm
_00684_,6.18µm
_00868_,6.18µm
_00887_,6.18µm
_01368_,6.18µm
_01372_,6.18µm
_01660_,6.18µm
_03716_,6.18µm
_02537_,6.15µm
_04773_,6.145µm
_00895_,6.13µm
_01218_,6.13µm
_02304_,6.13µm
_02811_,6.13µm
net1423,6.13µm
net1643,6.13µm
net1840,6.13µm
net1925,6.13µm
net1959,6.13µm
net2053,6.13µm
net2423,6.13µm
net2733,6.13µm
net2849,6.13µm
_01037_,6.12µm
_01274_,6.12µm
_01286_,6.12µm
_01873_,6.12µm
_02030_,6.12µm
_03328_,6.12µm
_03881_,6.12µm
_04574_,6.12µm
_04603_,6.12µm
_04890_,6.12µm
_05630_,6.12µm
net1427,6.12µm
net1480,6.12µm
net1488,6.12µm
net1515,6.12µm
net1545,6.12µm
net1546,6.12µm
net1673,6.12µm
net1674,6.12µm
net1688,6.12µm
net1740,6.12µm
net1779,6.12µm
net1866,6.12µm
net2047,6.12µm
net2078,6.12µm
net2081,6.12µm
net2125,6.12µm
net2137,6.12µm
net2232,6.12µm
net2321,6.12µm
net2356,6.12µm
net2367,6.12µm
net2399,6.12µm
net2417,6.12µm
net2467,6.12µm
net2524,6.12µm
net2552,6.12µm
net2576,6.12µm
net2580,6.12µm
net2596,6.12µm
net2756,6.12µm
net2774,6.12µm
net2878,6.12µm
net2930,6.12µm
net2932,6.12µm
net2983,6.12µm
_02287_,6.115µm
_03025_,6.115µm
_03746_,6.115µm
_04514_,6.115µm
_05430_,6.115µm
net3021,6.115µm
_03909_,6.11µm
_00194_,6.1µm
_00344_,6.1µm
_02869_,6.09µm
_04287_,6.085µm
_05558_,6.08µm
net2845,6.075µm
_00092_,6.07µm
_01868_,6.07µm
_01244_,6.06µm
_04954_,6.06µm
_05299_,6.06µm
_05398_,6.055µm
_00313_,6.04µm
_01575_,6.02µm
_01647_,6.02µm
_01924_,6.02µm
_01950_,6.02µm
_02422_,6.02µm
_03022_,6.02µm
_03248_,6.02µm
_05873_,6.02µm
_05892_,6.02µm
_05908_,6.02µm
net3005,6.02µm
net3015,6.02µm
net3035,6.02µm
net3056,6.02µm
net3060,6.02µm
net3063,6.02µm
net3065,6.02µm
net3071,6.02µm
net3076,6.02µm
net3116,6.02µm
_02016_,6.01µm
_02265_,6.01µm
_02391_,6.01µm
_02573_,6.01µm
_02683_,6.01µm
_03438_,6.01µm
_03510_,6.01µm
_03674_,6.01µm
_03690_,6.01µm
_03968_,6.01µm
_04330_,6.01µm
_04822_,6.01µm
_05306_,6.01µm
_05535_,6.01µm
_05538_,6.01µm
_05834_,6.01µm
_05847_,6.01µm
_05953_,6.01µm
net1565,6.01µm
net1585,6.01µm
net1609,6.01µm
net1629,6.01µm
net1653,6.01µm
net1804,6.01µm
net1809,6.01µm
net1843,6.01µm
net1893,6.01µm
net2099,6.01µm
net2233,6.01µm
net2260,6.01µm
net2298,6.01µm
net2420,6.01µm
net2466,6.01µm
net2482,6.01µm
net2492,6.01µm
net2513,6.01µm
net2539,6.01µm
net2548,6.01µm
net2606,6.01µm
net2818,6.01µm
net2889,6.01µm
net2893,6.01µm
net2917,6.01µm
net2939,6.01µm
net2963,6.01µm
_01725_,6µm
_03521_,6µm
_04351_,6µm
_04486_,6µm
_04843_,6µm
_04867_,6µm
_01701_,5.985µm
_03491_,5.98µm
_04759_,5.965µm
_02181_,5.96µm
_04913_,5.955µm
net2683,5.945µm
_01476_,5.94µm
_01497_,5.94µm
_05201_,5.94µm
_03924_,5.92µm
_04555_,5.89µm
_00041_,5.88µm
_00671_,5.88µm
_01517_,5.88µm
_01904_,5.88µm
_02085_,5.88µm
_02610_,5.88µm
_03282_,5.88µm
_03571_,5.88µm
_05649_,5.88µm
_05812_,5.88µm
_01159_,5.87µm
_00428_,5.865µm
_03877_,5.85µm
_01374_,5.83µm
_01376_,5.83µm
_04968_,5.83µm
_00128_,5.82µm
_00510_,5.82µm
_00540_,5.82µm
_00553_,5.82µm
_00555_,5.82µm
_00843_,5.82µm
_01649_,5.82µm
_02693_,5.82µm
_04007_,5.82µm
_04131_,5.82µm
u_picorv32.pcpi_rs1\[26\],5.82µm
_03887_,5.805µm
_02519_,5.8µm
_02529_,5.8µm
_04204_,5.79µm
_03660_,5.78µm
_01786_,5.77µm
_02384_,5.77µm
_02536_,5.77µm
_02675_,5.77µm
_02732_,5.77µm
_02743_,5.77µm
_02960_,5.77µm
_03982_,5.77µm
_04674_,5.77µm
_04807_,5.77µm
_04863_,5.77µm
_05055_,5.77µm
_01170_,5.76µm
_04031_,5.76µm
_05857_,5.76µm
_05903_,5.76µm
net1542,5.76µm
net1628,5.76µm
net1749,5.76µm
net1856,5.76µm
net1863,5.76µm
net1901,5.76µm
net2102,5.76µm
net2111,5.76µm
net2218,5.76µm
net2263,5.76µm
net2315,5.76µm
net2319,5.76µm
net2450,5.76µm
net2577,5.76µm
net2588,5.76µm
net2612,5.76µm
net2920,5.76µm
_06008_,5.755µm
net3153,5.755µm
_00672_,5.745µm
_00755_,5.745µm
_04491_,5.725µm
_00066_,5.71µm
_00072_,5.71µm
_00196_,5.71µm
_00208_,5.71µm
_00301_,5.71µm
_00324_,5.71µm
_00444_,5.71µm
_00486_,5.71µm
_00525_,5.71µm
_00714_,5.71µm
_00737_,5.71µm
_00840_,5.71µm
_00951_,5.71µm
_00993_,5.71µm
_01667_,5.71µm
_02013_,5.71µm
_02257_,5.71µm
_02625_,5.71µm
_04509_,5.71µm
_04735_,5.71µm
_04785_,5.71µm
u_picorv32.picorv32_core.alu_out_q\[15\],5.71µm
net3014,5.71µm
_00254_,5.7µm
_00286_,5.7µm
_00401_,5.7µm
_00480_,5.7µm
_00589_,5.7µm
_00716_,5.7µm
_00740_,5.7µm
_00864_,5.7µm
_00910_,5.7µm
_01041_,5.7µm
_01243_,5.7µm
_01332_,5.7µm
_01351_,5.7µm
_01524_,5.7µm
_02458_,5.7µm
_02771_,5.7µm
_03095_,5.7µm
_03702_,5.7µm
_03712_,5.7µm
_03998_,5.7µm
_04073_,5.7µm
net3093,5.7µm
net1433,5.685µm
net2644,5.685µm
net2731,5.685µm
_02547_,5.66µm
_05375_,5.66µm
_02741_,5.655µm
_01185_,5.65µm
_02489_,5.65µm
net1434,5.65µm
net1445,5.65µm
net1608,5.65µm
net1747,5.65µm
net1812,5.65µm
net1818,5.65µm
net1832,5.65µm
net1845,5.65µm
net1862,5.65µm
net2325,5.65µm
net2353,5.65µm
net2409,5.65µm
net2440,5.65µm
net2635,5.65µm
net2671,5.65µm
net2734,5.65µm
net2848,5.65µm
_01275_,5.64µm
_01445_,5.64µm
_02434_,5.64µm
_03147_,5.64µm
_03541_,5.64µm
_04340_,5.64µm
_04492_,5.64µm
_04851_,5.64µm
_05064_,5.64µm
_05883_,5.64µm
net1417,5.64µm
net1421,5.64µm
net1431,5.64µm
net1438,5.64µm
net1447,5.64µm
net1454,5.64µm
net1458,5.64µm
net1462,5.64µm
net1468,5.64µm
net1474,5.64µm
net1476,5.64µm
net1489,5.64µm
net1490,5.64µm
net1500,5.64µm
net1503,5.64µm
net1520,5.64µm
net1531,5.64µm
net1536,5.64µm
net1538,5.64µm
net1540,5.64µm
net1560,5.64µm
net1563,5.64µm
net1568,5.64µm
net1582,5.64µm
net1588,5.64µm
net1605,5.64µm
net1615,5.64µm
net1633,5.64µm
net1636,5.64µm
net1637,5.64µm
net1640,5.64µm
net1647,5.64µm
net1666,5.64µm
net1669,5.64µm
net1681,5.64µm
net1690,5.64µm
net1702,5.64µm
net1705,5.64µm
net1706,5.64µm
net1738,5.64µm
net1743,5.64µm
net1752,5.64µm
net1753,5.64µm
net1754,5.64µm
net1755,5.64µm
net1759,5.64µm
net1769,5.64µm
net1806,5.64µm
net1810,5.64µm
net1813,5.64µm
net1833,5.64µm
net1834,5.64µm
net1859,5.64µm
net1861,5.64µm
net1900,5.64µm
net1903,5.64µm
net1911,5.64µm
net1917,5.64µm
net1919,5.64µm
net1920,5.64µm
net1924,5.64µm
net1962,5.64µm
net1967,5.64µm
net1971,5.64µm
net1995,5.64µm
net1996,5.64µm
net1998,5.64µm
net2011,5.64µm
net2021,5.64µm
net2028,5.64µm
net2035,5.64µm
net2042,5.64µm
net2045,5.64µm
net2057,5.64µm
net2060,5.64µm
net2092,5.64µm
net2094,5.64µm
net2095,5.64µm
net2105,5.64µm
net2131,5.64µm
net2147,5.64µm
net2176,5.64µm
net2186,5.64µm
net2211,5.64µm
net2229,5.64µm
net2231,5.64µm
net2234,5.64µm
net2238,5.64µm
net2239,5.64µm
net2241,5.64µm
net2258,5.64µm
net2265,5.64µm
net2271,5.64µm
net2280,5.64µm
net2283,5.64µm
net2290,5.64µm
net2310,5.64µm
net2311,5.64µm
net2320,5.64µm
net2357,5.64µm
net2375,5.64µm
net2379,5.64µm
net2384,5.64µm
net2388,5.64µm
net2394,5.64µm
net2400,5.64µm
net2401,5.64µm
net2412,5.64µm
net2425,5.64µm
net2439,5.64µm
net2441,5.64µm
net2448,5.64µm
net2449,5.64µm
net2456,5.64µm
net2460,5.64µm
net2461,5.64µm
net2463,5.64µm
net2464,5.64µm
net2470,5.64µm
net2481,5.64µm
net2495,5.64µm
net2505,5.64µm
net2506,5.64µm
net2512,5.64µm
net2515,5.64µm
net2517,5.64µm
net2523,5.64µm
net2529,5.64µm
net2534,5.64µm
net2535,5.64µm
net2536,5.64µm
net2537,5.64µm
net2540,5.64µm
net2541,5.64µm
net2556,5.64µm
net2557,5.64µm
net2564,5.64µm
net2571,5.64µm
net2574,5.64µm
net2579,5.64µm
net2585,5.64µm
net2587,5.64µm
net2592,5.64µm
net2595,5.64µm
net2598,5.64µm
net2603,5.64µm
net2609,5.64µm
net2610,5.64µm
net2611,5.64µm
net2613,5.64µm
net2618,5.64µm
net2620,5.64µm
net2622,5.64µm
net2624,5.64µm
net2626,5.64µm
net2630,5.64µm
net2640,5.64µm
net2650,5.64µm
net2676,5.64µm
net2686,5.64µm
net2687,5.64µm
net2694,5.64µm
net2698,5.64µm
net2699,5.64µm
net2702,5.64µm
net2703,5.64µm
net2708,5.64µm
net2709,5.64µm
net2710,5.64µm
net2713,5.64µm
net2715,5.64µm
net2717,5.64µm
net2718,5.64µm
net2721,5.64µm
net2722,5.64µm
net2723,5.64µm
net2732,5.64µm
net2736,5.64µm
net2742,5.64µm
net2746,5.64µm
net2747,5.64µm
net2749,5.64µm
net2758,5.64µm
net2759,5.64µm
net2778,5.64µm
net2793,5.64µm
net2799,5.64µm
net2800,5.64µm
net2806,5.64µm
net2807,5.64µm
net2811,5.64µm
net2814,5.64µm
net2817,5.64µm
net2819,5.64µm
net2821,5.64µm
net2822,5.64µm
net2825,5.64µm
net2829,5.64µm
net2833,5.64µm
net2837,5.64µm
net2842,5.64µm
net2852,5.64µm
net2855,5.64µm
net2857,5.64µm
net2860,5.64µm
net2870,5.64µm
net2872,5.64µm
net2882,5.64µm
net2895,5.64µm
net2897,5.64µm
net2898,5.64µm
net2899,5.64µm
net2906,5.64µm
net2910,5.64µm
net2915,5.64µm
net2922,5.64µm
net2923,5.64µm
net2924,5.64µm
net2936,5.64µm
net2937,5.64µm
net2944,5.64µm
net2949,5.64µm
net2950,5.64µm
net2951,5.64µm
net2954,5.64µm
net2955,5.64µm
net2962,5.64µm
net2964,5.64µm
net2966,5.64µm
net2978,5.64µm
net2979,5.64µm
net2980,5.64µm
net2981,5.64µm
net2982,5.64µm
net2984,5.64µm
net2985,5.64µm
net2989,5.64µm
net2990,5.64µm
net2993,5.64µm
net2996,5.64µm
net2997,5.64µm
net3000,5.64µm
net3001,5.64µm
net3003,5.64µm
_03277_,5.635µm
_03714_,5.635µm
_03828_,5.635µm
_04115_,5.635µm
_04365_,5.635µm
_04457_,5.635µm
_05266_,5.635µm
_05951_,5.635µm
_00432_,5.62µm
_00705_,5.61µm
_03715_,5.595µm
_00163_,5.59µm
_00170_,5.59µm
_00559_,5.59µm
_01011_,5.59µm
_01300_,5.59µm
_01606_,5.58µm
_04526_,5.58µm
_04827_,5.58µm
_05124_,5.58µm
_05176_,5.58µm
net2544,5.575µm
_01564_,5.56µm
_04970_,5.55µm
_03809_,5.545µm
_01172_,5.54µm
_01350_,5.54µm
_02269_,5.54µm
_03583_,5.54µm
_03614_,5.54µm
_03820_,5.54µm
_03879_,5.54µm
_04032_,5.54µm
_04332_,5.54µm
_04834_,5.54µm
u_picorv32.picorv32_core.cpu_state\[4\],5.54µm
_01280_,5.53µm
_01336_,5.53µm
_01913_,5.53µm
_01954_,5.53µm
_02334_,5.53µm
_02470_,5.53µm
_02561_,5.53µm
_02651_,5.53µm
_02873_,5.53µm
_02896_,5.53µm
_02930_,5.53µm
_03216_,5.53µm
_03276_,5.53µm
_03542_,5.53µm
_03800_,5.53µm
_03943_,5.53µm
_04430_,5.53µm
_05526_,5.53µm
_05569_,5.53µm
_05699_,5.53µm
_05775_,5.53µm
net1649,5.53µm
net2519,5.53µm
_01719_,5.52µm
_02057_,5.52µm
_02278_,5.52µm
_03225_,5.52µm
_03260_,5.52µm
_03756_,5.52µm
_04011_,5.52µm
_04045_,5.52µm
_04426_,5.52µm
_05458_,5.52µm
_05493_,5.52µm
_05607_,5.52µm
_02253_,5.48µm
_02318_,5.475µm
_01449_,5.47µm
_04421_,5.47µm
_05174_,5.47µm
_05572_,5.47µm
_05788_,5.47µm
_01284_,5.46µm
_04844_,5.44µm
_04442_,5.43µm
_04283_,5.425µm
_03597_,5.41µm
_01894_,5.4µm
_02150_,5.4µm
_02684_,5.4µm
_02751_,5.4µm
_02942_,5.4µm
_03387_,5.4µm
_03446_,5.4µm
_04024_,5.4µm
_04270_,5.4µm
_05656_,5.4µm
net1732,5.4µm
net1977,5.4µm
net2135,5.4µm
net2244,5.4µm
net2360,5.4µm
net2669,5.4µm
net2805,5.4µm
net2941,5.4µm
net2947,5.4µm
_00427_,5.385µm
_00850_,5.385µm
_04610_,5.365µm
_01213_,5.35µm
_01247_,5.35µm
_01357_,5.35µm
_01496_,5.35µm
_04981_,5.35µm
_05733_,5.345µm
_00257_,5.34µm
_00541_,5.34µm
_00865_,5.34µm
_00992_,5.34µm
_01356_,5.34µm
_01777_,5.34µm
_02129_,5.34µm
_02571_,5.34µm
_02756_,5.34µm
_03441_,5.34µm
_03641_,5.34µm
_04370_,5.34µm
_04705_,5.34µm
_05745_,5.34µm
net1484,5.325µm
_01584_,5.31µm
_02238_,5.3µm
_01582_,5.29µm
_01971_,5.29µm
_02044_,5.29µm
_03003_,5.29µm
_03816_,5.29µm
_04174_,5.29µm
_04258_,5.29µm
_04335_,5.29µm
_04835_,5.29µm
_04846_,5.29µm
_05738_,5.29µm
_05818_,5.29µm
_05845_,5.29µm
_01918_,5.285µm
_01166_,5.28µm
_03884_,5.28µm
_03938_,5.28µm
_05959_,5.28µm
net1470,5.28µm
net1497,5.28µm
net1530,5.28µm
net1557,5.28µm
net1564,5.28µm
net1594,5.28µm
net1613,5.28µm
net1736,5.28µm
net1811,5.28µm
net1952,5.28µm
net1968,5.28µm
net1976,5.28µm
net2079,5.28µm
net2140,5.28µm
net2172,5.28µm
net2236,5.28µm
net2242,5.28µm
net2313,5.28µm
net2333,5.28µm
net2376,5.28µm
net2380,5.28µm
net2413,5.28µm
net2458,5.28µm
net2497,5.28µm
net2518,5.28µm
net2560,5.28µm
net2563,5.28µm
net2581,5.28µm
net2631,5.28µm
net2632,5.28µm
net2655,5.28µm
net2664,5.28µm
net2690,5.28µm
net2726,5.28µm
net2766,5.28µm
net2786,5.28µm
net2875,5.28µm
net2888,5.28µm
net2926,5.28µm
_01745_,5.26µm
_02382_,5.26µm
_04003_,5.24µm
_00075_,5.23µm
_00297_,5.23µm
_00378_,5.23µm
_01125_,5.23µm
_01299_,5.23µm
_01346_,5.23µm
_01495_,5.23µm
_01820_,5.23µm
_03278_,5.23µm
_05727_,5.23µm
_00038_,5.22µm
_00065_,5.22µm
_00126_,5.22µm
_00166_,5.22µm
_00298_,5.22µm
_00543_,5.22µm
_00657_,5.22µm
_00664_,5.22µm
_00725_,5.22µm
_00728_,5.22µm
_00743_,5.22µm
_00836_,5.22µm
_00891_,5.22µm
_00894_,5.22µm
_01031_,5.22µm
_01131_,5.22µm
_01279_,5.22µm
_01363_,5.22µm
_01487_,5.22µm
_01521_,5.22µm
_02224_,5.22µm
_02316_,5.22µm
_02705_,5.22µm
_03036_,5.22µm
_03465_,5.22µm
_01912_,5.18µm
_04210_,5.18µm
_00088_,5.17µm
net1415,5.17µm
net1510,5.17µm
net1522,5.17µm
net1555,5.17µm
net1573,5.17µm
net1661,5.17µm
net1677,5.17µm
net1712,5.17µm
net1770,5.17µm
net1777,5.17µm
net1786,5.17µm
net1907,5.17µm
net1937,5.17µm
net1949,5.17µm
net1965,5.17µm
net1994,5.17µm
net2082,5.17µm
net2151,5.17µm
net2224,5.17µm
net2292,5.17µm
net2381,5.17µm
net2387,5.17µm
net2392,5.17µm
net2445,5.17µm
net2459,5.17µm
net2485,5.17µm
net2561,5.17µm
net2570,5.17µm
net2668,5.17µm
net2682,5.17µm
net2707,5.17µm
net2720,5.17µm
net2728,5.17µm
net2764,5.17µm
net2770,5.17µm
net2772,5.17µm
net2808,5.17µm
net2850,5.17µm
net2851,5.17µm
net2853,5.17µm
net2901,5.17µm
net2902,5.17µm
net2904,5.17µm
net2991,5.17µm
_01453_,5.16µm
_01565_,5.16µm
_01623_,5.16µm
_02315_,5.16µm
_02737_,5.16µm
_03367_,5.16µm
_03734_,5.16µm
_03848_,5.16µm
_04206_,5.16µm
_04437_,5.16µm
_04925_,5.16µm
_05282_,5.16µm
_05472_,5.16µm
net1412,5.16µm
net1467,5.16µm
net1516,5.16µm
net1611,5.16µm
net1612,5.16µm
net1928,5.16µm
net2181,5.16µm
net2220,5.16µm
net2391,5.16µm
net2486,5.16µm
net2511,5.16µm
net2542,5.16µm
net2549,5.16µm
net2636,5.16µm
net2656,5.16µm
net2666,5.16µm
net2840,5.16µm
net2877,5.16µm
net2880,5.16µm
net2881,5.16µm
net2886,5.16µm
net2914,5.16µm
net2927,5.16µm
net2961,5.16µm
u_picorv32.pcpi_rs1\[11\],5.16µm
_04525_,5.155µm
_04896_,5.155µm
_04904_,5.155µm
_05296_,5.155µm
_05829_,5.155µm
_03317_,5.14µm
_03759_,5.12µm
_00223_,5.11µm
_01206_,5.11µm
_02767_,5.11µm
_04837_,5.105µm
_04352_,5.09µm
net1854,5.09µm
_01819_,5.085µm
_01659_,5.075µm
_01155_,5.06µm
_02144_,5.06µm
_02352_,5.06µm
_03323_,5.06µm
_03791_,5.06µm
_05784_,5.06µm
_00012_,5.05µm
_01622_,5.05µm
_01907_,5.05µm
_01978_,5.05µm
_02309_,5.05µm
_02578_,5.05µm
_02598_,5.05µm
_02829_,5.05µm
_02836_,5.05µm
_02879_,5.05µm
_02947_,5.05µm
_03170_,5.05µm
_03344_,5.05µm
_03582_,5.05µm
_03804_,5.05µm
_03869_,5.05µm
_03925_,5.05µm
_03926_,5.05µm
_03936_,5.05µm
_03984_,5.05µm
_04132_,5.05µm
_04606_,5.05µm
_04704_,5.05µm
_05049_,5.05µm
_05075_,5.05µm
_05140_,5.05µm
_05243_,5.05µm
_05256_,5.05µm
_05334_,5.05µm
_05424_,5.05µm
_05433_,5.05µm
_05798_,5.05µm
_02674_,5.04µm
_03397_,5.04µm
_03876_,5.04µm
_04752_,5.04µm
_05910_,5.04µm
_05941_,5.04µm
_03548_,5.02µm
_03345_,4.99µm
_00044_,4.98µm
_01153_,4.98µm
_01296_,4.98µm
_01369_,4.98µm
_06002_,4.98µm
_03933_,4.965µm
_05350_,4.95µm
_02443_,4.93µm
_01880_,4.92µm
_02172_,4.92µm
_02197_,4.92µm
_02894_,4.92µm
_03911_,4.92µm
_04030_,4.92µm
_04682_,4.92µm
_04692_,4.92µm
_04892_,4.92µm
net2383,4.92µm
u_picorv32.picorv32_core.alu_out_q\[18\],4.92µm
_03727_,4.875µm
_00054_,4.87µm
_01139_,4.87µm
_01269_,4.87µm
_01384_,4.87µm
_00090_,4.86µm
_00168_,4.86µm
_00296_,4.86µm
_00617_,4.86µm
_00686_,4.86µm
_00720_,4.86µm
_00726_,4.86µm
_00925_,4.86µm
_01012_,4.86µm
_01018_,4.86µm
_01191_,4.86µm
_01535_,4.86µm
_01708_,4.86µm
_01835_,4.86µm
_02378_,4.86µm
_02648_,4.86µm
_02671_,4.86µm
_03044_,4.86µm
_03228_,4.86µm
_03395_,4.86µm
_03573_,4.86µm
_03675_,4.86µm
_04276_,4.86µm
_04556_,4.86µm
_05624_,4.86µm
_05701_,4.86µm
net1807,4.845µm
net2406,4.845µm
net2454,4.845µm
net2509,4.845µm
net2773,4.845µm
_01992_,4.83µm
_02909_,4.83µm
_02250_,4.81µm
_02455_,4.81µm
_02746_,4.81µm
_03347_,4.81µm
_03744_,4.81µm
_03813_,4.81µm
_03979_,4.81µm
_04346_,4.81µm
_04762_,4.81µm
_05505_,4.81µm
_05807_,4.81µm
_01182_,4.8µm
_02513_,4.8µm
_03189_,4.8µm
_03861_,4.8µm
net1413,4.8µm
net1416,4.8µm
net1419,4.8µm
net1435,4.8µm
net1442,4.8µm
net1450,4.8µm
net1453,4.8µm
net1465,4.8µm
net1482,4.8µm
net1486,4.8µm
net1487,4.8µm
net1499,4.8µm
net1504,4.8µm
net1505,4.8µm
net1507,4.8µm
net1512,4.8µm
net1514,4.8µm
net1518,4.8µm
net1525,4.8µm
net1541,4.8µm
net1544,4.8µm
net1549,4.8µm
net1551,4.8µm
net1569,4.8µm
net1576,4.8µm
net1577,4.8µm
net1578,4.8µm
net1596,4.8µm
net1607,4.8µm
net1610,4.8µm
net1638,4.8µm
net1646,4.8µm
net1651,4.8µm
net1655,4.8µm
net1671,4.8µm
net1672,4.8µm
net1675,4.8µm
net1678,4.8µm
net1679,4.8µm
net1683,4.8µm
net1692,4.8µm
net1704,4.8µm
net1715,4.8µm
net1716,4.8µm
net1717,4.8µm
net1737,4.8µm
net1768,4.8µm
net1778,4.8µm
net1781,4.8µm
net1784,4.8µm
net1790,4.8µm
net1792,4.8µm
net1794,4.8µm
net1805,4.8µm
net1808,4.8µm
net1817,4.8µm
net1823,4.8µm
net1825,4.8µm
net1835,4.8µm
net1858,4.8µm
net1869,4.8µm
net1871,4.8µm
net1886,4.8µm
net1888,4.8µm
net1889,4.8µm
net1895,4.8µm
net1922,4.8µm
net1936,4.8µm
net1938,4.8µm
net1941,4.8µm
net1947,4.8µm
net1950,4.8µm
net1954,4.8µm
net1956,4.8µm
net1957,4.8µm
net1958,4.8µm
net1961,4.8µm
net1969,4.8µm
net1970,4.8µm
net1975,4.8µm
net1981,4.8µm
net1991,4.8µm
net2010,4.8µm
net2018,4.8µm
net2025,4.8µm
net2030,4.8µm
net2038,4.8µm
net2055,4.8µm
net2058,4.8µm
net2061,4.8µm
net2067,4.8µm
net2070,4.8µm
net2075,4.8µm
net2085,4.8µm
net2090,4.8µm
net2096,4.8µm
net2108,4.8µm
net2115,4.8µm
net2120,4.8µm
net2124,4.8µm
net2126,4.8µm
net2142,4.8µm
net2164,4.8µm
net2180,4.8µm
net2183,4.8µm
net2188,4.8µm
net2191,4.8µm
net2201,4.8µm
net2204,4.8µm
net2205,4.8µm
net2221,4.8µm
net2223,4.8µm
net2227,4.8µm
net2237,4.8µm
net2245,4.8µm
net2276,4.8µm
net2278,4.8µm
net2297,4.8µm
net2305,4.8µm
net2314,4.8µm
net2318,4.8µm
net2327,4.8µm
net2329,4.8µm
net2332,4.8µm
net2344,4.8µm
net2346,4.8µm
net2347,4.8µm
net2365,4.8µm
net2368,4.8µm
net2372,4.8µm
net2389,4.8µm
net2416,4.8µm
net2419,4.8µm
net2429,4.8µm
net2430,4.8µm
net2438,4.8µm
net2442,4.8µm
net2444,4.8µm
net2446,4.8µm
net2447,4.8µm
net2452,4.8µm
net2465,4.8µm
net2471,4.8µm
net2473,4.8µm
net2488,4.8µm
net2491,4.8µm
net2496,4.8µm
net2499,4.8µm
net2501,4.8µm
net2503,4.8µm
net2510,4.8µm
net2514,4.8µm
net2516,4.8µm
net2525,4.8µm
net2528,4.8µm
net2530,4.8µm
net2538,4.8µm
net2543,4.8µm
net2546,4.8µm
net2547,4.8µm
net2551,4.8µm
net2562,4.8µm
net2565,4.8µm
net2566,4.8µm
net2567,4.8µm
net2569,4.8µm
net2572,4.8µm
net2575,4.8µm
net2583,4.8µm
net2586,4.8µm
net2593,4.8µm
net2594,4.8µm
net2607,4.8µm
net2614,4.8µm
net2615,4.8µm
net2639,4.8µm
net2645,4.8µm
net2647,4.8µm
net2652,4.8µm
net2654,4.8µm
net2657,4.8µm
net2658,4.8µm
net2659,4.8µm
net2660,4.8µm
net2665,4.8µm
net2672,4.8µm
net2673,4.8µm
net2674,4.8µm
net2677,4.8µm
net2688,4.8µm
net2689,4.8µm
net2691,4.8µm
net2692,4.8µm
net2693,4.8µm
net2700,4.8µm
net2701,4.8µm
net2705,4.8µm
net2719,4.8µm
net2724,4.8µm
net2730,4.8µm
net2740,4.8µm
net2744,4.8µm
net2751,4.8µm
net2763,4.8µm
net2768,4.8µm
net2775,4.8µm
net2780,4.8µm
net2782,4.8µm
net2784,4.8µm
net2785,4.8µm
net2789,4.8µm
net2790,4.8µm
net2791,4.8µm
net2792,4.8µm
net2794,4.8µm
net2796,4.8µm
net2797,4.8µm
net2798,4.8µm
net2802,4.8µm
net2809,4.8µm
net2810,4.8µm
net2812,4.8µm
net2813,4.8µm
net2820,4.8µm
net2826,4.8µm
net2836,4.8µm
net2839,4.8µm
net2841,4.8µm
net2854,4.8µm
net2863,4.8µm
net2864,4.8µm
net2867,4.8µm
net2868,4.8µm
net2871,4.8µm
net2873,4.8µm
net2874,4.8µm
net2876,4.8µm
net2883,4.8µm
net2884,4.8µm
net2892,4.8µm
net2896,4.8µm
net2903,4.8µm
net2908,4.8µm
net2911,4.8µm
net2913,4.8µm
net2925,4.8µm
net2934,4.8µm
net2940,4.8µm
net2946,4.8µm
net2959,4.8µm
net2968,4.8µm
net2972,4.8µm
net2974,4.8µm
net2976,4.8µm
net2987,4.8µm
net2988,4.8µm
net2992,4.8µm
net2994,4.8µm
net2998,4.8µm
net2999,4.8µm
net1411,4.8µm
_02913_,4.785µm
net1696,4.755µm
net1831,4.755µm
_00250_,4.75µm
_00442_,4.75µm
_00793_,4.75µm
_00892_,4.75µm
_01330_,4.75µm
_01344_,4.75µm
_03754_,4.75µm
_04685_,4.75µm
_06009_,4.75µm
_00089_,4.74µm
_00323_,4.74µm
_00333_,4.74µm
_00361_,4.74µm
_00390_,4.74µm
_00474_,4.74µm
_00682_,4.74µm
_00712_,4.74µm
_00718_,4.74µm
_00966_,4.74µm
_01025_,4.74µm
_01112_,4.74µm
_01265_,4.74µm
_01437_,4.74µm
_01443_,4.74µm
_01488_,4.74µm
_02763_,4.74µm
_02323_,4.725µm
_00758_,4.69µm
_00860_,4.69µm
net2838,4.69µm
_01146_,4.68µm
_02010_,4.68µm
_02014_,4.68µm
_02333_,4.68µm
_02472_,4.68µm
_02850_,4.68µm
_02862_,4.68µm
_02918_,4.68µm
_03253_,4.68µm
_03519_,4.68µm
_03684_,4.68µm
_03886_,4.68µm
_04175_,4.68µm
_05404_,4.68µm
_05583_,4.68µm
_05879_,4.68µm
_05932_,4.68µm
net1430,4.68µm
net1449,4.68µm
net1570,4.68µm
net1654,4.68µm
net1750,4.68µm
net1964,4.68µm
net2026,4.68µm
net2056,4.68µm
net2189,4.68µm
net2193,4.68µm
net2255,4.68µm
net2267,4.68µm
net2335,4.68µm
net2436,4.68µm
net2553,4.68µm
net2555,4.68µm
net2589,4.68µm
net2765,4.68µm
net2776,4.68µm
net2865,4.68µm
net2942,4.68µm
net2948,4.68µm
_02531_,4.675µm
_03127_,4.675µm
_03462_,4.675µm
_03476_,4.675µm
_04158_,4.675µm
_04591_,4.675µm
_04741_,4.675µm
_04950_,4.675µm
_05043_,4.675µm
_05321_,4.675µm
_00443_,4.65µm
_02336_,4.64µm
_05942_,4.625µm
_01853_,4.62µm
_02094_,4.62µm
_03617_,4.62µm
net2478,4.62µm
_03160_,4.615µm
_01986_,4.58µm
_02126_,4.58µm
_02227_,4.58µm
_02355_,4.58µm
_03032_,4.58µm
_03039_,4.58µm
_03063_,4.58µm
_03124_,4.58µm
_03131_,4.58µm
_03163_,4.58µm
_03203_,4.58µm
_03564_,4.58µm
_03605_,4.58µm
_03700_,4.58µm
_03777_,4.58µm
_03857_,4.58µm
_05475_,4.58µm
_01329_,4.57µm
_01342_,4.57µm
_01352_,4.57µm
_01426_,4.57µm
_01444_,4.57µm
_01454_,4.57µm
_01501_,4.57µm
_01908_,4.57µm
_02026_,4.57µm
_02764_,4.57µm
_03233_,4.57µm
_03290_,4.57µm
_03369_,4.57µm
_03370_,4.57µm
_03398_,4.57µm
_03490_,4.57µm
_03627_,4.57µm
_03638_,4.57µm
_03698_,4.57µm
_03742_,4.57µm
_03923_,4.57µm
_03940_,4.57µm
_04289_,4.57µm
_04440_,4.57µm
_04484_,4.57µm
_04527_,4.57µm
_04639_,4.57µm
_04698_,4.57µm
_04746_,4.57µm
_04760_,4.57µm
_04943_,4.57µm
_05114_,4.57µm
_05806_,4.57µm
_05972_,4.57µm
_01683_,4.56µm
_05542_,4.56µm
net2712,4.56µm
_01227_,4.545µm
_05188_,4.545µm
_03198_,4.52µm
_04795_,4.52µm
_03931_,4.51µm
_01118_,4.5µm
_02733_,4.5µm
_02844_,4.5µm
_01699_,4.485µm
_04805_,4.485µm
_00231_,4.48µm
_00080_,4.47µm
_04703_,4.465µm
_02200_,4.46µm
_02516_,4.45µm
_03049_,4.45µm
_03058_,4.45µm
_03177_,4.45µm
_03244_,4.45µm
_03261_,4.45µm
_04338_,4.45µm
_01379_,4.44µm
_02028_,4.44µm
_02040_,4.44µm
_02271_,4.44µm
_02320_,4.44µm
_02409_,4.44µm
_02457_,4.44µm
_02564_,4.44µm
_02566_,4.44µm
_03028_,4.44µm
_03237_,4.44µm
_03338_,4.44µm
_03577_,4.44µm
_04080_,4.44µm
_04458_,4.44µm
_04613_,4.44µm
_04877_,4.44µm
_05223_,4.44µm
_05880_,4.44µm
net3085,4.44µm
_04696_,4.425µm
_03807_,4.405µm
_00055_,4.39µm
_01380_,4.39µm
_01388_,4.39µm
_00076_,4.38µm
_00084_,4.38µm
_00224_,4.38µm
_00229_,4.38µm
_00462_,4.38µm
_00512_,4.38µm
_00581_,4.38µm
_00756_,4.38µm
_00937_,4.38µm
_01005_,4.38µm
_01051_,4.38µm
_01088_,4.38µm
_01094_,4.38µm
_01136_,4.38µm
_01317_,4.38µm
_01335_,4.38µm
_01417_,4.38µm
_01652_,4.38µm
_02417_,4.38µm
_02468_,4.38µm
_02723_,4.38µm
_02769_,4.38µm
_03153_,4.38µm
_03324_,4.38µm
_03753_,4.38µm
_03872_,4.38µm
_04009_,4.38µm
_04222_,4.38µm
_04576_,4.38µm
_04786_,4.38µm
_04794_,4.38µm
_05455_,4.38µm
_05537_,4.38µm
_03386_,4.36µm
_02116_,4.33µm
_03154_,4.33µm
_05386_,4.33µm
_01338_,4.32µm
_01963_,4.32µm
_02522_,4.32µm
_02826_,4.32µm
_03101_,4.32µm
_03206_,4.32µm
_03352_,4.32µm
_05831_,4.32µm
net1422,4.32µm
net1593,4.32µm
net1599,4.32µm
net1644,4.32µm
net1684,4.32µm
net1761,4.32µm
net1897,4.32µm
net2003,4.32µm
net2020,4.32µm
net2040,4.32µm
net2116,4.32µm
net2165,4.32µm
net2256,4.32µm
net2336,4.32µm
net2396,4.32µm
net2468,4.32µm
net2480,4.32µm
net2500,4.32µm
net2559,4.32µm
net2625,4.32µm
net2670,4.32µm
net2830,4.32µm
_04058_,4.3µm
_04932_,4.3µm
_02728_,4.29µm
_02835_,4.29µm
_00733_,4.27µm
_00848_,4.27µm
_00877_,4.27µm
_01029_,4.27µm
_04034_,4.27µm
net3080,4.27µm
_00069_,4.26µm
_00087_,4.26µm
_00242_,4.26µm
_00264_,4.26µm
_00268_,4.26µm
_00374_,4.26µm
_00494_,4.26µm
_00574_,4.26µm
_00704_,4.26µm
_00808_,4.26µm
_00831_,4.26µm
_00942_,4.26µm
_00947_,4.26µm
_00957_,4.26µm
_00962_,4.26µm
_01003_,4.26µm
_01075_,4.26µm
_01114_,4.26µm
_01387_,4.26µm
_01469_,4.26µm
_01486_,4.26µm
_01489_,4.26µm
_01522_,4.26µm
_01539_,4.26µm
_02499_,4.26µm
_02712_,4.26µm
_03860_,4.26µm
_01500_,4.245µm
_01447_,4.2µm
_01458_,4.2µm
_01798_,4.2µm
_02020_,4.2µm
_02091_,4.2µm
_02442_,4.2µm
_02783_,4.2µm
_03246_,4.2µm
_03539_,4.2µm
_03620_,4.2µm
_03649_,4.2µm
_05206_,4.2µm
net1425,4.2µm
net1595,4.2µm
net1685,4.2µm
net1839,4.2µm
net1909,4.2µm
net2086,4.2µm
net2161,4.2µm
net2324,4.2µm
net2390,4.2µm
net2437,4.2µm
net2591,4.2µm
net2646,4.2µm
net2907,4.2µm
_01577_,4.195µm
_01789_,4.195µm
_02048_,4.195µm
_02251_,4.195µm
_03056_,4.195µm
_03522_,4.195µm
_04012_,4.195µm
_05109_,4.195µm
_05580_,4.195µm
_01679_,4.14µm
_02495_,4.135µm
_05677_,4.105µm
_01282_,4.1µm
_01283_,4.1µm
_01327_,4.1µm
_01414_,4.1µm
_01875_,4.1µm
_02134_,4.1µm
_02883_,4.1µm
_03560_,4.1µm
_03590_,4.1µm
_03663_,4.1µm
_03833_,4.1µm
_04819_,4.1µm
_04994_,4.1µm
_05400_,4.1µm
_05552_,4.1µm
_01897_,4.09µm
_02079_,4.09µm
_02083_,4.09µm
_02092_,4.09µm
_02451_,4.09µm
_02750_,4.09µm
_02933_,4.09µm
_03208_,4.09µm
_03836_,4.09µm
_03956_,4.09µm
_04133_,4.09µm
_04159_,4.09µm
_04202_,4.09µm
_04223_,4.09µm
_04404_,4.09µm
_04461_,4.09µm
_04506_,4.09µm
_04558_,4.09µm
_04625_,4.09µm
_04646_,4.09µm
_04702_,4.09µm
_04836_,4.09µm
_05153_,4.09µm
_05317_,4.09µm
_05671_,4.09µm
_05735_,4.09µm
_05837_,4.09µm
_05877_,4.09µm
_05907_,4.09µm
_05931_,4.09µm
net1429,4.09µm
net1460,4.09µm
net1463,4.09µm
net1501,4.09µm
net1519,4.09µm
net1539,4.09µm
net1552,4.09µm
net1558,4.09µm
net1561,4.09µm
net1572,4.09µm
net1590,4.09µm
net1623,4.09µm
net1656,4.09µm
net1658,4.09µm
net1662,4.09µm
net1664,4.09µm
net1693,4.09µm
net1720,4.09µm
net1721,4.09µm
net1725,4.09µm
net1746,4.09µm
net1758,4.09µm
net1774,4.09µm
net1775,4.09µm
net1785,4.09µm
net1787,4.09µm
net1800,4.09µm
net1816,4.09µm
net1821,4.09µm
net1822,4.09µm
net1824,4.09µm
net1827,4.09µm
net1853,4.09µm
net1865,4.09µm
net1879,4.09µm
net1915,4.09µm
net1921,4.09µm
net1932,4.09µm
net1999,4.09µm
net2005,4.09µm
net2015,4.09µm
net2024,4.09µm
net2034,4.09µm
net2039,4.09µm
net2041,4.09µm
net2077,4.09µm
net2098,4.09µm
net2128,4.09µm
net2139,4.09µm
net2141,4.09µm
net2146,4.09µm
net2170,4.09µm
net2171,4.09µm
net2178,4.09µm
net2184,4.09µm
net2219,4.09µm
net2230,4.09µm
net2257,4.09µm
net2268,4.09µm
net2273,4.09µm
net2289,4.09µm
net2306,4.09µm
net2323,4.09µm
net2340,4.09µm
net2355,4.09µm
net2358,4.09µm
net2363,4.09µm
net2382,4.09µm
net2402,4.09µm
net2407,4.09µm
net2408,4.09µm
net2435,4.09µm
net2476,4.09µm
net2479,4.09µm
net2608,4.09µm
net2628,4.09µm
net2638,4.09µm
net2684,4.09µm
net2725,4.09µm
net2779,4.09µm
net2858,4.09µm
net2890,4.09µm
net2938,4.09µm
net2952,4.09µm
_02497_,4.08µm
_03116_,4.08µm
net1534,4.08µm
_01167_,4.065µm
_04059_,4.05µm
_03265_,4.045µm
_04812_,4.04µm
_03209_,4.035µm
_04619_,4.035µm
_00029_,4.03µm
_03378_,4.03µm
_03785_,4.03µm
_04111_,4.03µm
_04413_,4.03µm
_04908_,4.03µm
_05647_,4.03µm
_01212_,4.02µm
_01385_,4.02µm
_01386_,4.02µm
_01399_,4.02µm
_02321_,4.02µm
_03426_,4.02µm
_03676_,4.02µm
_04408_,4.02µm
_05843_,4.02µm
_02374_,4.01µm
_02121_,3.99µm
_00071_,3.975µm
_00011_,3.96µm
_02170_,3.96µm
_02405_,3.96µm
_02806_,3.96µm
_03010_,3.96µm
_03046_,3.96µm
_03086_,3.96µm
_03155_,3.96µm
_03599_,3.96µm
_03819_,3.96µm
_03895_,3.96µm
_04116_,3.96µm
_04317_,3.96µm
_04373_,3.96µm
_04466_,3.96µm
_04480_,3.96µm
_04550_,3.96µm
_04747_,3.96µm
_04825_,3.96µm
_04838_,3.96µm
_04911_,3.96µm
_05508_,3.96µm
_05524_,3.96µm
_05553_,3.96µm
_05598_,3.96µm
_05753_,3.96µm
net3110,3.96µm
_00079_,3.91µm
_01268_,3.91µm
_05566_,3.91µm
net1772,3.91µm
_00013_,3.9µm
_00048_,3.9µm
_00161_,3.9µm
_00221_,3.9µm
_00309_,3.9µm
_00359_,3.9µm
_00544_,3.9µm
_00566_,3.9µm
_00778_,3.9µm
_00988_,3.9µm
_00989_,3.9µm
_01074_,3.9µm
_01138_,3.9µm
_01152_,3.9µm
_01200_,3.9µm
_01230_,3.9µm
_01431_,3.9µm
_01432_,3.9µm
_01434_,3.9µm
_01525_,3.9µm
_01630_,3.9µm
_01838_,3.9µm
_01855_,3.9µm
_01901_,3.9µm
_01990_,3.9µm
_02011_,3.9µm
_02206_,3.9µm
_02330_,3.9µm
_02558_,3.9µm
_02762_,3.9µm
_03115_,3.9µm
_03193_,3.9µm
_03269_,3.9µm
_03400_,3.9µm
_03403_,3.9µm
_03500_,3.9µm
_03661_,3.9µm
_03725_,3.9µm
_03949_,3.9µm
_04298_,3.9µm
_04540_,3.9µm
_04779_,3.9µm
_05385_,3.9µm
_05456_,3.9µm
_05491_,3.9µm
_05641_,3.9µm
_05741_,3.9µm
_05885_,3.9µm
net3008,3.9µm
net3010,3.9µm
net3023,3.9µm
net3027,3.9µm
net3038,3.9µm
net3046,3.9µm
net3049,3.9µm
net3051,3.9µm
net3053,3.9µm
net3058,3.9µm
net3067,3.9µm
net3077,3.9µm
net3157,3.9µm
_05816_,3.885µm
_04485_,3.875µm
_00558_,3.855µm
_01635_,3.85µm
_04021_,3.85µm
_04108_,3.85µm
_04811_,3.85µm
net3061,3.85µm
net3075,3.85µm
_02118_,3.84µm
_02142_,3.84µm
_03109_,3.84µm
net1440,3.84µm
net1703,3.84µm
net1837,3.84µm
net1867,3.84µm
net2050,3.84µm
net2074,3.84µm
net2143,3.84µm
net2261,3.84µm
net2304,3.84µm
net2338,3.84µm
net2386,3.84µm
net2494,3.84µm
net2584,3.84µm
net2601,3.84µm
net2619,3.84µm
net2643,3.84µm
net2753,3.84µm
net2760,3.84µm
net2787,3.84µm
net2801,3.84µm
net2916,3.84µm
net2975,3.84µm
net2986,3.84µm
_03197_,3.815µm
_00392_,3.81µm
_02307_,3.795µm
_03723_,3.795µm
_00068_,3.78µm
_00372_,3.78µm
_00450_,3.78µm
_00569_,3.78µm
_00633_,3.78µm
_01257_,3.78µm
_04572_,3.78µm
_02000_,3.765µm
_03962_,3.765µm
net1508,3.765µm
_02393_,3.75µm
_01490_,3.72µm
_02760_,3.72µm
_04029_,3.72µm
_04474_,3.72µm
_05239_,3.72µm
net1461,3.72µm
net1586,3.72µm
net1598,3.72µm
net1739,3.72µm
net1815,3.72µm
net1846,3.72µm
net1847,3.72µm
net1850,3.72µm
net1873,3.72µm
net1878,3.72µm
net1896,3.72µm
net1984,3.72µm
net1990,3.72µm
net2016,3.72µm
net2027,3.72µm
net2048,3.72µm
net2073,3.72µm
net2169,3.72µm
net2185,3.72µm
net2202,3.72µm
net2287,3.72µm
net2291,3.72µm
net2300,3.72µm
net2312,3.72µm
net2331,3.72µm
net2350,3.72µm
net2393,3.72µm
net2397,3.72µm
net2642,3.72µm
net2679,3.72µm
net2788,3.72µm
net2866,3.72µm
net2921,3.72µm
_02540_,3.715µm
_03118_,3.715µm
_03346_,3.715µm
_03655_,3.715µm
_04226_,3.715µm
_04327_,3.715µm
_04391_,3.715µm
_04642_,3.715µm
_04772_,3.715µm
_04797_,3.715µm
_04801_,3.715µm
_05374_,3.715µm
_05963_,3.715µm
_06003_,3.715µm
_02187_,3.705µm
_01852_,3.69µm
_01680_,3.67µm
_03594_,3.67µm
_02225_,3.66µm
_03418_,3.66µm
_04140_,3.66µm
_05443_,3.66µm
_05944_,3.66µm
_04494_,3.655µm
_02471_,3.645µm
_02655_,3.645µm
_02881_,3.645µm
_02532_,3.63µm
_04245_,3.63µm
net1820,3.63µm
_02534_,3.62µm
_05507_,3.62µm
_01235_,3.61µm
_01673_,3.61µm
_01842_,3.61µm
_02110_,3.61µm
_02484_,3.61µm
_02579_,3.61µm
_03512_,3.61µm
_03765_,3.61µm
_03790_,3.61µm
_03831_,3.61µm
_03841_,3.61µm
_03978_,3.61µm
_04148_,3.61µm
_04191_,3.61µm
_04203_,3.61µm
_04361_,3.61µm
_04567_,3.61µm
_04635_,3.61µm
_04681_,3.61µm
_04758_,3.61µm
_04832_,3.61µm
_04891_,3.61µm
_05417_,3.61µm
_05427_,3.61µm
_05655_,3.61µm
_05821_,3.61µm
_06011_,3.61µm
_06013_,3.61µm
_06016_,3.61µm
_01985_,3.6µm
_02262_,3.6µm
_03263_,3.6µm
_01691_,3.55µm
_02777_,3.55µm
_04323_,3.55µm
_00063_,3.54µm
_01339_,3.54µm
_01378_,3.54µm
_01534_,3.54µm
net1776,3.54µm
_03602_,3.525µm
net1923,3.51µm
_01175_,3.48µm
_01184_,3.48µm
_01602_,3.48µm
_01964_,3.48µm
_02135_,3.48µm
_02259_,3.48µm
_02501_,3.48µm
_03005_,3.48µm
_03294_,3.48µm
_04040_,3.48µm
_04050_,3.48µm
_04435_,3.48µm
_04880_,3.48µm
_04902_,3.48µm
_04942_,3.48µm
_05092_,3.48µm
_05550_,3.48µm
_05559_,3.48µm
_05771_,3.48µm
_05814_,3.48µm
_05955_,3.48µm
net3012,3.48µm
net3025,3.48µm
net3029,3.48µm
net3031,3.48µm
net3040,3.48µm
net3044,3.48µm
net3069,3.48µm
net3073,3.48µm
net3079,3.48µm
net3082,3.48µm
_04271_,3.445µm
_01232_,3.43µm
_01429_,3.43µm
_00104_,3.42µm
_00131_,3.42µm
_00183_,3.42µm
_00227_,3.42µm
_00244_,3.42µm
_00332_,3.42µm
_00489_,3.42µm
_00644_,3.42µm
_00700_,3.42µm
_00775_,3.42µm
_00936_,3.42µm
_01049_,3.42µm
_01132_,3.42µm
_01144_,3.42µm
_01173_,3.42µm
_01228_,3.42µm
_01340_,3.42µm
_01343_,3.42µm
_01364_,3.42µm
_01375_,3.42µm
_01509_,3.42µm
_01523_,3.42µm
_01949_,3.42µm
_02002_,3.42µm
_02034_,3.42µm
_02235_,3.42µm
_02375_,3.42µm
_02661_,3.42µm
_02726_,3.42µm
_02738_,3.42µm
_02754_,3.42µm
_02782_,3.42µm
_02840_,3.42µm
_02855_,3.42µm
_03093_,3.42µm
_03298_,3.42µm
_03342_,3.42µm
_03353_,3.42µm
_03615_,3.42µm
_03668_,3.42µm
_03773_,3.42µm
_03856_,3.42µm
_04205_,3.42µm
_04326_,3.42µm
_04405_,3.42µm
_04406_,3.42µm
_04427_,3.42µm
_04487_,3.42µm
_04683_,3.42µm
_04883_,3.42µm
_04893_,3.42µm
_05356_,3.42µm
_05394_,3.42µm
_05426_,3.42µm
_05581_,3.42µm
_05682_,3.42µm
_05819_,3.42µm
_05830_,3.42µm
_04347_,3.39µm
_03685_,3.375µm
_01198_,3.36µm
_01203_,3.36µm
_05965_,3.36µm
net2054,3.36µm
net2348,3.36µm
net2469,3.36µm
net2490,3.36µm
net2550,3.36µm
net2597,3.36µm
net2641,3.36µm
net2695,3.36µm
net2743,3.36µm
net2750,3.36µm
net2803,3.36µm
net3002,3.36µm
_01148_,3.345µm
_03383_,3.315µm
_00085_,3.24µm
_01169_,3.24µm
_01349_,3.24µm
_02274_,3.24µm
_02689_,3.24µm
_02901_,3.24µm
_03321_,3.24µm
_03374_,3.24µm
_03987_,3.24µm
_04015_,3.24µm
_04212_,3.24µm
_04342_,3.24µm
_04493_,3.24µm
_04565_,3.24µm
_04701_,3.24µm
_05107_,3.24µm
_05648_,3.24µm
_05867_,3.24µm
_02078_,3.235µm
_02364_,3.235µm
_02463_,3.235µm
_02542_,3.235µm
_02791_,3.235µm
_02851_,3.235µm
_03635_,3.235µm
_04094_,3.235µm
_05353_,3.235µm
_05792_,3.235µm
_05851_,3.235µm
_05870_,3.235µm
_03067_,3.19µm
_04279_,3.185µm
_03377_,3.18µm
_04309_,3.18µm
_04712_,3.18µm
_05938_,3.18µm
_03897_,3.175µm
_04689_,3.17µm
_02205_,3.165µm
_03266_,3.145µm
_01923_,3.14µm
_02280_,3.14µm
_02366_,3.14µm
_02481_,3.14µm
_02856_,3.14µm
_02907_,3.14µm
_03365_,3.14µm
_03372_,3.14µm
_03406_,3.14µm
_03630_,3.14µm
_04473_,3.14µm
_04620_,3.14µm
_04824_,3.14µm
_06004_,3.14µm
_01205_,3.13µm
_02102_,3.13µm
_02221_,3.13µm
_02924_,3.13µm
_02931_,3.13µm
_03102_,3.13µm
_03340_,3.13µm
_03524_,3.13µm
_03587_,3.13µm
_03592_,3.13µm
_03645_,3.13µm
_03788_,3.13µm
_04321_,3.13µm
_05166_,3.13µm
_05813_,3.13µm
_05864_,3.13µm
_05943_,3.13µm
_02195_,3.12µm
_02449_,3.12µm
_03670_,3.12µm
_04288_,3.12µm
_04055_,3.08µm
_05179_,3.065µm
_00059_,3.06µm
_00841_,3.06µm
_01149_,3.06µm
_01194_,3.06µm
_01199_,3.06µm
_01251_,3.06µm
_01258_,3.06µm
_01377_,3.06µm
_01409_,3.06µm
_05084_,3.06µm
_05149_,3.06µm
_02527_,3.04µm
_00721_,3.015µm
_01151_,3µm
_01192_,3µm
_01735_,3µm
_01878_,3µm
_01996_,3µm
_02054_,3µm
_02160_,3µm
_02190_,3µm
_02312_,3µm
_02520_,3µm
_02680_,3µm
_02847_,3µm
_02858_,3µm
_02903_,3µm
_02937_,3µm
_03461_,3µm
_03544_,3µm
_03550_,3µm
_03581_,3µm
_03870_,3µm
_04092_,3µm
_04147_,3µm
_04300_,3µm
_04618_,3µm
_04662_,3µm
_04861_,3µm
_05354_,3µm
_05432_,3µm
_05731_,3µm
net2432,2.97µm
_00253_,2.94µm
_00487_,2.94µm
_00781_,2.94µm
_00824_,2.94µm
_01055_,2.94µm
_01177_,2.94µm
_01181_,2.94µm
_01393_,2.94µm
_01491_,2.94µm
_01527_,2.94µm
_01921_,2.94µm
_02024_,2.94µm
_02039_,2.94µm
_02401_,2.94µm
_02464_,2.94µm
_03024_,2.94µm
_03359_,2.94µm
_03763_,2.94µm
_03980_,2.94µm
_04208_,2.94µm
_04363_,2.94µm
_04614_,2.94µm
_04622_,2.94µm
_04828_,2.94µm
_05555_,2.94µm
_05621_,2.94µm
_05793_,2.94µm
_05875_,2.94µm
_01249_,2.91µm
_04153_,2.835µm
_02041_,2.805µm
_02096_,2.77µm
_01492_,2.76µm
_01493_,2.76µm
_01993_,2.76µm
_02189_,2.76µm
_03019_,2.76µm
_03496_,2.76µm
_04400_,2.76µm
_04678_,2.76µm
_05897_,2.76µm
_00082_,2.755µm
_00091_,2.755µm
_02809_,2.755µm
_03433_,2.755µm
_03436_,2.755µm
_03781_,2.755µm
_04143_,2.755µm
_05782_,2.755µm
_05839_,2.755µm
_06006_,2.755µm
_01276_,2.745µm
_04512_,2.745µm
_01640_,2.73µm
_04495_,2.73µm
_03871_,2.71µm
_02586_,2.7µm
_05378_,2.7µm
_05447_,2.7µm
_04749_,2.69µm
_05395_,2.685µm
_03443_,2.665µm
_01260_,2.66µm
_01410_,2.66µm
_01533_,2.66µm
_02441_,2.66µm
_02554_,2.66µm
_03362_,2.66µm
_03410_,2.66µm
_03482_,2.66µm
_04853_,2.66µm
_05926_,2.66µm
net3132,2.66µm
net3145,2.66µm
net3147,2.66µm
_01424_,2.65µm
_02153_,2.65µm
_02423_,2.65µm
_02667_,2.65µm
_02831_,2.65µm
_02914_,2.65µm
_03733_,2.65µm
_03859_,2.65µm
_03885_,2.65µm
_04268_,2.65µm
_05484_,2.65µm
_02123_,2.64µm
_03114_,2.64µm
_04275_,2.64µm
_04626_,2.625µm
_01239_,2.6µm
_00016_,2.59µm
_00077_,2.59µm
_00260_,2.59µm
_00060_,2.58µm
_01150_,2.58µm
_01168_,2.58µm
_01240_,2.58µm
_01256_,2.58µm
_01277_,2.58µm
_01298_,2.58µm
_01515_,2.58µm
_03422_,2.55µm
_03762_,2.545µm
_03331_,2.54µm
_01238_,2.52µm
_02155_,2.52µm
_02466_,2.52µm
_02739_,2.52µm
_03048_,2.52µm
_03232_,2.52µm
_03680_,2.52µm
_03784_,2.52µm
_03824_,2.52µm
_03910_,2.52µm
_04128_,2.52µm
_04167_,2.52µm
_04417_,2.52µm
_04478_,2.52µm
_04939_,2.52µm
_05361_,2.52µm
_05382_,2.52µm
net37,2.52µm
_04690_,2.49µm
_00689_,2.43µm
_05770_,2.43µm
_03659_,2.385µm
_04160_,2.38µm
_01328_,2.34µm
_01415_,2.34µm
_01529_,2.34µm
_01345_,2.33µm
_01270_,2.29µm
_05604_,2.285µm
_00736_,2.28µm
_00768_,2.28µm
_01762_,2.28µm
_01811_,2.28µm
_02211_,2.28µm
_02275_,2.28µm
_02421_,2.28µm
_02884_,2.28µm
_02953_,2.28µm
_03348_,2.28µm
_03498_,2.28µm
_03707_,2.28µm
_04277_,2.28µm
_04280_,2.28µm
_04670_,2.28µm
_04594_,2.275µm
_05631_,2.275µm
_02157_,2.265µm
_05958_,2.265µm
_00838_,2.22µm
_02644_,2.22µm
_05476_,2.22µm
_02668_,2.185µm
_03867_,2.185µm
_01383_,2.18µm
_03143_,2.18µm
_04718_,2.18µm
_03683_,2.175µm
_00074_,2.17µm
_00186_,2.17µm
_00225_,2.17µm
_00277_,2.17µm
_00593_,2.17µm
_00789_,2.17µm
_00857_,2.17µm
_00893_,2.17µm
_01341_,2.17µm
_02623_,2.17µm
_04462_,2.17µm
_04756_,2.17µm
_05401_,2.17µm
_01179_,2.1µm
_01285_,2.1µm
_01326_,2.1µm
_01381_,2.1µm
_01389_,2.1µm
_01516_,2.1µm
_05393_,2.1µm
net3017,2.1µm
_03686_,1.92µm
_03919_,1.9µm
_04469_,1.9µm
_04767_,1.9µm
_01095_,1.89µm
_01692_,1.87µm
_02575_,1.86µm
_00730_,1.845µm
_00023_,1.8µm
_00064_,1.8µm
_00070_,1.8µm
_00152_,1.8µm
_00159_,1.8µm
_00167_,1.8µm
_00177_,1.8µm
_00184_,1.8µm
_00189_,1.8µm
_00190_,1.8µm
_00191_,1.8µm
_00205_,1.8µm
_00214_,1.8µm
_00243_,1.8µm
_00258_,1.8µm
_00276_,1.8µm
_00278_,1.8µm
_00282_,1.8µm
_00287_,1.8µm
_00290_,1.8µm
_00299_,1.8µm
_00305_,1.8µm
_00307_,1.8µm
_00311_,1.8µm
_00312_,1.8µm
_00317_,1.8µm
_00320_,1.8µm
_00385_,1.8µm
_00387_,1.8µm
_00389_,1.8µm
_00398_,1.8µm
_00417_,1.8µm
_00418_,1.8µm
_00420_,1.8µm
_00426_,1.8µm
_00433_,1.8µm
_00436_,1.8µm
_00439_,1.8µm
_00441_,1.8µm
_00448_,1.8µm
_00454_,1.8µm
_00458_,1.8µm
_00472_,1.8µm
_00484_,1.8µm
_00485_,1.8µm
_00495_,1.8µm
_00515_,1.8µm
_00537_,1.8µm
_00538_,1.8µm
_00542_,1.8µm
_00546_,1.8µm
_00550_,1.8µm
_00562_,1.8µm
_00567_,1.8µm
_00573_,1.8µm
_00576_,1.8µm
_00577_,1.8µm
_00578_,1.8µm
_00580_,1.8µm
_00582_,1.8µm
_00585_,1.8µm
_00586_,1.8µm
_00587_,1.8µm
_00591_,1.8µm
_00596_,1.8µm
_00597_,1.8µm
_00598_,1.8µm
_00599_,1.8µm
_00601_,1.8µm
_00602_,1.8µm
_00603_,1.8µm
_00605_,1.8µm
_00620_,1.8µm
_00662_,1.8µm
_00687_,1.8µm
_00690_,1.8µm
_00693_,1.8µm
_00697_,1.8µm
_00699_,1.8µm
_00703_,1.8µm
_00707_,1.8µm
_00708_,1.8µm
_00709_,1.8µm
_00713_,1.8µm
_00719_,1.8µm
_00727_,1.8µm
_00731_,1.8µm
_00732_,1.8µm
_00769_,1.8µm
_00770_,1.8µm
_00779_,1.8µm
_00783_,1.8µm
_00785_,1.8µm
_00787_,1.8µm
_00795_,1.8µm
_00798_,1.8µm
_00800_,1.8µm
_00830_,1.8µm
_00832_,1.8µm
_00833_,1.8µm
_00837_,1.8µm
_00842_,1.8µm
_00846_,1.8µm
_00847_,1.8µm
_00853_,1.8µm
_00854_,1.8µm
_00855_,1.8µm
_00861_,1.8µm
_00869_,1.8µm
_00873_,1.8µm
_00878_,1.8µm
_00883_,1.8µm
_00884_,1.8µm
_00885_,1.8µm
_00888_,1.8µm
_00889_,1.8µm
_00890_,1.8µm
_00896_,1.8µm
_00898_,1.8µm
_00904_,1.8µm
_00907_,1.8µm
_00912_,1.8µm
_00914_,1.8µm
_00919_,1.8µm
_00922_,1.8µm
_00923_,1.8µm
_00935_,1.8µm
_00943_,1.8µm
_00949_,1.8µm
_00960_,1.8µm
_00963_,1.8µm
_00983_,1.8µm
_00985_,1.8µm
_00987_,1.8µm
_00997_,1.8µm
_01008_,1.8µm
_01014_,1.8µm
_01023_,1.8µm
_01024_,1.8µm
_01026_,1.8µm
_01027_,1.8µm
_01033_,1.8µm
_01040_,1.8µm
_01044_,1.8µm
_01045_,1.8µm
_01046_,1.8µm
_01054_,1.8µm
_01056_,1.8µm
_01104_,1.8µm
_01141_,1.8µm
_01154_,1.8µm
_01210_,1.8µm
_01223_,1.8µm
_01259_,1.8µm
_01263_,1.8µm
_01367_,1.8µm
_01373_,1.8µm
_01483_,1.8µm
_01484_,1.8µm
_01485_,1.8µm
_01948_,1.8µm
_02180_,1.8µm
_02360_,1.8µm
_02493_,1.8µm
_03986_,1.8µm
_04197_,1.8µm
_04608_,1.8µm
_04858_,1.8µm
_05366_,1.8µm
_05667_,1.8µm
_05795_,1.8µm
_05832_,1.8µm
_05940_,1.8µm
_02582_,1.795µm
_03708_,1.7µm
_01250_,1.62µm
_00255_,1.59µm
_00314_,1.59µm
_00419_,1.59µm
_00872_,1.59µm
_00906_,1.59µm
_00970_,1.59µm
_01097_,1.59µm
_01122_,1.59µm
_04489_,1.535µm
_03662_,1.46µm
_05532_,1.45µm
_01137_,1.44µm
_00096_,1.38µm
_00114_,1.38µm
_01174_,1.38µm
_01460_,1.38µm
_01959_,1.38µm
_02082_,1.38µm
_02986_,1.38µm
_03043_,1.38µm
_03289_,1.38µm
_04105_,1.38µm
_05949_,1.38µm
_05952_,1.38µm
_05964_,1.38µm
_05970_,1.38µm
_01171_,0.96µm
_01178_,0.96µm
_01180_,0.96µm
_01231_,0.96µm
_01273_,0.96µm
_01278_,0.96µm
_01281_,0.96µm
_01288_,0.96µm
_01312_,0.96µm
_01315_,0.96µm
_01446_,0.96µm
_01452_,0.96µm
_01462_,0.96µm
_01465_,0.96µm
_02297_,0.96µm
_02311_,0.96µm
_02805_,0.96µm
_02820_,0.96µm
_03053_,0.96µm
_03054_,0.96µm
_03138_,0.96µm
_03158_,0.96µm
_03176_,0.96µm
_03526_,0.96µm
_04291_,0.96µm
_04910_,0.96µm
