Instance,Terminal,Layer,X location,Y location,Voltage
FILLER_43_330,VSS,Metal1,164.4000,181.4400,0.000500
FILLER_43_326,VSS,Metal1,163.1880,181.0630,0.000499
FILLER_43_316,VSS,Metal1,157.6800,181.4400,0.000489
FILLER_43_309,VSS,Metal1,155.7660,180.9790,0.000487
FILLER_43_302,VSS,Metal1,152.4060,180.9790,0.000483
FILLER_43_229,VSS,Metal1,115.9200,181.4400,0.000205
FILLER_43_156,VSS,Metal1,80.8800,181.4400,0.000082
FILLER_43_23,VSS,Metal1,17.0400,181.4400,0.000009
FILLER_43_21,VSS,Metal1,16.3200,181.4400,0.000009
FILLER_43_14,VSS,Metal1,14.1660,180.9790,0.000009
FILLER_43_7,VSS,Metal1,10.8060,180.9790,0.000009
FILLER_43_0,VSS,Metal1,7.4460,180.9790,0.000009
FILLER_42_301,VSS,Metal1,151.9260,174.3400,0.000654
FILLER_42_294,VSS,Metal1,148.5660,174.3400,0.000653
FILLER_42_249,VSS,Metal1,125.7600,173.8800,0.000533
FILLER_42_205,VSS,Metal1,104.4000,173.8800,0.000326
FILLER_42_192,VSS,Metal1,98.1600,173.8800,0.000074
FILLER_42_185,VSS,Metal1,96.2460,174.3400,0.000124
FILLER_42_148,VSS,Metal1,77.0400,173.8800,0.000421
FILLER_42_146,VSS,Metal1,76.3200,173.8800,0.000439
FILLER_42_28,VSS,Metal1,19.6800,173.8800,0.000017
FILLER_42_21,VSS,Metal1,17.5260,174.3400,0.000017
FILLER_42_14,VSS,Metal1,14.1660,174.3400,0.000017
FILLER_42_7,VSS,Metal1,10.8060,174.3400,0.000017
FILLER_42_0,VSS,Metal1,7.4460,174.3400,0.000017
FILLER_41_346,VSS,Metal1,172.0800,173.8800,0.000979
FILLER_41_344,VSS,Metal1,171.3600,173.8800,0.000979
FILLER_41_306,VSS,Metal1,152.8800,173.8800,0.000654
FILLER_41_304,VSS,Metal1,152.1600,173.8800,0.000654
FILLER_41_297,VSS,Metal1,150.0060,173.4190,0.000654
FILLER_41_290,VSS,Metal1,146.6460,173.4190,0.000653
FILLER_41_284,VSS,Metal1,142.3200,173.8800,0.000628
FILLER_41_252,VSS,Metal1,126.9600,173.8800,0.000565
FILLER_41_221,VSS,Metal1,112.7880,173.5030,0.000466
FILLER_41_193,VSS,Metal1,98.6400,173.8800,0.000074
FILLER_41_146,VSS,Metal1,76.3200,173.8800,0.000439
FILLER_41_39,VSS,Metal1,24.7200,173.8800,0.000016
FILLER_41_35,VSS,Metal1,23.5080,173.5030,0.000016
FILLER_41_28,VSS,Metal1,20.8860,173.4190,0.000017
FILLER_41_21,VSS,Metal1,17.5260,173.4190,0.000017
FILLER_41_14,VSS,Metal1,14.1660,173.4190,0.000017
FILLER_41_7,VSS,Metal1,10.8060,173.4190,0.000017
FILLER_41_0,VSS,Metal1,7.4460,173.4190,0.000017
FILLER_40_345,VSS,Metal1,171.8400,166.3200,0.002209
FILLER_40_317,VSS,Metal1,158.1600,166.3200,0.002172
FILLER_40_245,VSS,Metal1,124.3080,166.6960,0.001977
FILLER_40_238,VSS,Metal1,120.2400,166.3200,0.001216
FILLER_40_234,VSS,Metal1,119.0280,166.6960,0.000907
FILLER_40_228,VSS,Metal1,115.4400,166.3200,0.000905
FILLER_40_226,VSS,Metal1,114.7200,166.3200,0.000905
FILLER_40_196,VSS,Metal1,100.0800,166.3200,0.000074
FILLER_40_192,VSS,Metal1,98.8680,166.6960,0.000075
FILLER_40_185,VSS,Metal1,96.2460,166.7800,0.000083
FILLER_40_178,VSS,Metal1,92.8860,166.7800,0.000092
FILLER_40_171,VSS,Metal1,89.5260,166.7800,0.000110
FILLER_40_42,VSS,Metal1,26.4000,166.3200,0.000008
FILLER_40_35,VSS,Metal1,24.2460,166.7800,0.000005
FILLER_40_28,VSS,Metal1,20.8860,166.7800,0.000005
FILLER_40_21,VSS,Metal1,17.5260,166.7800,0.000005
FILLER_40_14,VSS,Metal1,14.1660,166.7800,0.000005
FILLER_40_7,VSS,Metal1,10.8060,166.7800,0.000005
FILLER_40_0,VSS,Metal1,7.4460,166.7800,0.000005
FILLER_39_331,VSS,Metal1,165.5880,165.9430,0.002208
FILLER_39_317,VSS,Metal1,158.1600,166.3200,0.002172
FILLER_39_308,VSS,Metal1,154.5480,165.9430,0.002167
FILLER_39_301,VSS,Metal1,151.9260,165.8590,0.002167
FILLER_39_291,VSS,Metal1,145.6800,166.3200,0.002134
FILLER_39_284,VSS,Metal1,142.5600,166.3200,0.002131
FILLER_39_277,VSS,Metal1,140.4060,165.8590,0.002130
FILLER_39_270,VSS,Metal1,135.8400,166.3200,0.002130
FILLER_39_259,VSS,Metal1,130.3200,166.3200,0.002103
FILLER_39_252,VSS,Metal1,128.4060,165.8590,0.002103
FILLER_39_245,VSS,Metal1,125.0460,165.8590,0.001977
FILLER_39_238,VSS,Metal1,121.6860,165.8590,0.001216
FILLER_39_231,VSS,Metal1,118.3260,165.8590,0.000905
FILLER_39_224,VSS,Metal1,114.9660,165.8590,0.000905
FILLER_39_196,VSS,Metal1,100.0800,166.3200,0.000074
FILLER_39_192,VSS,Metal1,98.8680,165.9430,0.000075
FILLER_39_185,VSS,Metal1,96.2460,165.8590,0.000083
FILLER_39_178,VSS,Metal1,92.8860,165.8590,0.000092
FILLER_39_138,VSS,Metal1,72.2400,166.3200,0.000124
FILLER_39_136,VSS,Metal1,71.5200,166.3200,0.000124
FILLER_39_126,VSS,Metal1,66.7200,166.3200,0.000129
FILLER_39_109,VSS,Metal1,58.3200,166.3200,0.000129
FILLER_39_107,VSS,Metal1,57.6000,166.3200,0.000129
FILLER_39_78,VSS,Metal1,43.4400,166.3200,0.000067
FILLER_39_49,VSS,Metal1,30.2280,165.9430,0.000022
FILLER_39_42,VSS,Metal1,27.6060,165.8590,0.000008
FILLER_39_35,VSS,Metal1,24.2460,165.8590,0.000005
FILLER_39_28,VSS,Metal1,20.8860,165.8590,0.000005
FILLER_39_21,VSS,Metal1,17.5260,165.8590,0.000005
FILLER_39_14,VSS,Metal1,14.1660,165.8590,0.000005
FILLER_39_7,VSS,Metal1,10.8060,165.8590,0.000005
FILLER_39_0,VSS,Metal1,7.4460,165.8590,0.000005
FILLER_38_337,VSS,Metal1,168.0000,158.7600,0.000316
FILLER_38_330,VSS,Metal1,165.8460,159.2200,0.000313
FILLER_38_323,VSS,Metal1,162.4860,159.2200,0.000299
FILLER_38_316,VSS,Metal1,159.1260,159.2200,0.000294
FILLER_38_309,VSS,Metal1,155.7660,159.2200,0.000259
FILLER_38_302,VSS,Metal1,152.4060,159.2200,0.000247
FILLER_38_295,VSS,Metal1,149.0460,159.2200,0.000247
FILLER_38_288,VSS,Metal1,145.6860,159.2200,0.000247
FILLER_38_281,VSS,Metal1,142.3260,159.2200,0.000246
FILLER_38_274,VSS,Metal1,138.9660,159.2200,0.000246
FILLER_38_267,VSS,Metal1,135.6060,159.2200,0.000241
FILLER_38_260,VSS,Metal1,132.2460,159.2200,0.000223
FILLER_38_253,VSS,Metal1,128.8860,159.2200,0.000223
FILLER_38_246,VSS,Metal1,125.5260,159.2200,0.000210
FILLER_38_239,VSS,Metal1,122.1660,159.2200,0.000193
FILLER_38_232,VSS,Metal1,118.8060,159.2200,0.000187
FILLER_38_221,VSS,Metal1,112.3200,158.7600,0.000187
FILLER_38_214,VSS,Metal1,110.1660,159.2200,0.000136
FILLER_38_205,VSS,Metal1,105.1080,159.1360,0.000105
FILLER_38_198,VSS,Metal1,102.4860,159.2200,0.000021
FILLER_38_190,VSS,Metal1,97.4400,158.7600,0.000198
FILLER_38_186,VSS,Metal1,95.9880,159.1360,0.000212
FILLER_38_179,VSS,Metal1,91.9200,158.7600,0.000227
FILLER_38_175,VSS,Metal1,90.7080,159.1360,0.000244
FILLER_38_168,VSS,Metal1,88.0860,159.2200,0.000245
FILLER_38_155,VSS,Metal1,80.6400,158.7600,0.000310
FILLER_38_56,VSS,Metal1,33.1200,158.7600,0.000042
FILLER_38_49,VSS,Metal1,30.9660,159.2200,0.000042
FILLER_38_44,VSS,Metal1,27.1200,158.7600,0.000042
FILLER_38_42,VSS,Metal1,26.4000,158.7600,0.000042
FILLER_38_35,VSS,Metal1,24.2460,159.2200,0.000017
FILLER_38_28,VSS,Metal1,20.8860,159.2200,0.000017
FILLER_38_21,VSS,Metal1,17.5260,159.2200,0.000017
FILLER_38_14,VSS,Metal1,14.1660,159.2200,0.000017
FILLER_38_7,VSS,Metal1,10.8060,159.2200,0.000017
FILLER_38_0,VSS,Metal1,7.4460,159.2200,0.000017
FILLER_37_338,VSS,Metal1,168.2400,158.7600,0.000316
FILLER_37_331,VSS,Metal1,166.3260,158.2990,0.000313
FILLER_37_320,VSS,Metal1,159.8400,158.7600,0.000294
FILLER_37_316,VSS,Metal1,158.3880,158.3830,0.000294
FILLER_37_310,VSS,Metal1,154.8000,158.7600,0.000259
FILLER_37_306,VSS,Metal1,153.5880,158.3830,0.000247
FILLER_37_299,VSS,Metal1,150.9660,158.2990,0.000247
FILLER_37_292,VSS,Metal1,147.6060,158.2990,0.000247
FILLER_37_285,VSS,Metal1,144.2460,158.2990,0.000246
FILLER_37_278,VSS,Metal1,140.8860,158.2990,0.000246
FILLER_37_272,VSS,Metal1,136.5600,158.7600,0.000241
FILLER_37_267,VSS,Metal1,134.1600,158.7600,0.000241
FILLER_37_256,VSS,Metal1,128.8800,158.7600,0.000223
FILLER_37_252,VSS,Metal1,127.6680,158.3830,0.000223
FILLER_37_245,VSS,Metal1,125.0460,158.2990,0.000210
FILLER_37_212,VSS,Metal1,107.7600,158.7600,0.000116
FILLER_37_205,VSS,Metal1,105.8460,158.2990,0.000105
FILLER_37_198,VSS,Metal1,102.4860,158.2990,0.000021
FILLER_37_191,VSS,Metal1,99.1260,158.2990,0.000187
FILLER_37_182,VSS,Metal1,93.3600,158.7600,0.000227
FILLER_37_178,VSS,Metal1,92.1480,158.3830,0.000227
FILLER_37_171,VSS,Metal1,89.5260,158.2990,0.000244
FILLER_37_166,VSS,Metal1,85.6800,158.7600,0.000267
FILLER_37_162,VSS,Metal1,84.4680,158.3830,0.000267
FILLER_37_155,VSS,Metal1,81.8460,158.2990,0.000310
FILLER_37_148,VSS,Metal1,78.4860,158.2990,0.000319
FILLER_37_111,VSS,Metal1,59.5200,158.7600,0.000293
FILLER_37_96,VSS,Metal1,52.0800,158.7600,0.000260
FILLER_37_67,VSS,Metal1,38.4000,158.7600,0.000044
FILLER_37_39,VSS,Metal1,24.7200,158.7600,0.000017
FILLER_37_35,VSS,Metal1,23.5080,158.3830,0.000017
FILLER_37_28,VSS,Metal1,20.8860,158.2990,0.000017
FILLER_37_21,VSS,Metal1,17.5260,158.2990,0.000017
FILLER_37_14,VSS,Metal1,14.1660,158.2990,0.000017
FILLER_37_7,VSS,Metal1,10.8060,158.2990,0.000017
FILLER_37_0,VSS,Metal1,7.4460,158.2990,0.000017
FILLER_36_346,VSS,Metal1,172.0800,151.2000,0.005350
FILLER_36_312,VSS,Metal1,157.2060,151.6600,0.005345
FILLER_36_306,VSS,Metal1,152.8800,151.2000,0.005303
FILLER_36_289,VSS,Metal1,144.7200,151.2000,0.005076
FILLER_36_247,VSS,Metal1,124.8000,151.2000,0.002328
FILLER_36_243,VSS,Metal1,123.3480,151.5760,0.001645
FILLER_36_236,VSS,Metal1,120.7260,151.6600,0.001641
FILLER_36_229,VSS,Metal1,117.3660,151.6600,0.001550
FILLER_36_222,VSS,Metal1,112.5600,151.2000,0.001550
FILLER_36_218,VSS,Metal1,111.3480,151.5760,0.001550
FILLER_36_211,VSS,Metal1,108.7260,151.6600,0.001550
FILLER_36_204,VSS,Metal1,105.3660,151.6600,0.001550
FILLER_36_197,VSS,Metal1,102.0060,151.6600,0.000087
FILLER_36_171,VSS,Metal1,89.5260,151.6600,0.000341
FILLER_36_164,VSS,Metal1,84.7200,151.2000,0.000341
FILLER_36_162,VSS,Metal1,84.0000,151.2000,0.000341
FILLER_36_155,VSS,Metal1,81.8460,151.6600,0.000436
FILLER_36_148,VSS,Metal1,78.4860,151.6600,0.000436
FILLER_36_141,VSS,Metal1,75.1260,151.6600,0.000436
FILLER_36_124,VSS,Metal1,65.5200,151.2000,0.000443
FILLER_36_120,VSS,Metal1,64.3080,151.5760,0.000443
FILLER_36_84,VSS,Metal1,46.3200,151.2000,0.000388
FILLER_36_80,VSS,Metal1,45.1080,151.5760,0.000388
FILLER_36_42,VSS,Metal1,26.4000,151.2000,0.000038
FILLER_36_35,VSS,Metal1,24.2460,151.6600,0.000038
FILLER_36_28,VSS,Metal1,20.8860,151.6600,0.000038
FILLER_36_21,VSS,Metal1,17.5260,151.6600,0.000038
FILLER_36_14,VSS,Metal1,14.1660,151.6600,0.000038
FILLER_36_7,VSS,Metal1,10.8060,151.6600,0.000038
FILLER_36_0,VSS,Metal1,7.4460,151.6600,0.000038
FILLER_35_332,VSS,Metal1,166.8060,150.7390,0.005349
FILLER_35_294,VSS,Metal1,147.1200,151.2000,0.005182
FILLER_35_292,VSS,Metal1,146.4000,151.2000,0.005128
FILLER_35_285,VSS,Metal1,144.2460,150.7390,0.005076
FILLER_35_278,VSS,Metal1,140.8860,150.7390,0.005045
FILLER_35_271,VSS,Metal1,137.5260,150.7390,0.005041
FILLER_35_264,VSS,Metal1,134.1660,150.7390,0.005041
FILLER_35_257,VSS,Metal1,130.8060,150.7390,0.002336
FILLER_35_247,VSS,Metal1,126.0060,150.7390,0.002328
FILLER_35_240,VSS,Metal1,122.6460,150.7390,0.001641
FILLER_35_227,VSS,Metal1,115.6680,150.8230,0.001550
FILLER_35_220,VSS,Metal1,113.0460,150.7390,0.001550
FILLER_35_213,VSS,Metal1,109.6860,150.7390,0.001550
FILLER_35_206,VSS,Metal1,106.3260,150.7390,0.001550
FILLER_35_181,VSS,Metal1,93.1200,151.2000,0.000320
FILLER_35_173,VSS,Metal1,89.2800,151.2000,0.000341
FILLER_35_169,VSS,Metal1,87.8280,150.8230,0.000341
FILLER_35_162,VSS,Metal1,85.2060,150.7390,0.000341
FILLER_35_136,VSS,Metal1,71.2800,151.2000,0.000442
FILLER_35_129,VSS,Metal1,69.3660,150.7390,0.000443
FILLER_35_122,VSS,Metal1,66.0060,150.7390,0.000443
FILLER_35_85,VSS,Metal1,46.8000,151.2000,0.000393
FILLER_35_81,VSS,Metal1,45.5880,150.8230,0.000388
FILLER_35_74,VSS,Metal1,42.9660,150.7390,0.000297
FILLER_35_67,VSS,Metal1,39.6060,150.7390,0.000121
FILLER_35_60,VSS,Metal1,36.2460,150.7390,0.000096
FILLER_35_53,VSS,Metal1,32.8860,150.7390,0.000093
FILLER_35_48,VSS,Metal1,29.0400,151.2000,0.000092
FILLER_35_46,VSS,Metal1,28.3200,151.2000,0.000092
FILLER_35_39,VSS,Metal1,26.1660,150.7390,0.000038
FILLER_35_32,VSS,Metal1,22.8060,150.7390,0.000038
FILLER_35_25,VSS,Metal1,19.4460,150.7390,0.000038
FILLER_35_18,VSS,Metal1,16.0860,150.7390,0.000038
FILLER_35_11,VSS,Metal1,12.7260,150.7390,0.000038
FILLER_35_4,VSS,Metal1,9.3660,150.7390,0.000038
FILLER_34_335,VSS,Metal1,167.5080,144.0160,0.001109
FILLER_34_328,VSS,Metal1,164.8860,144.1000,0.001109
FILLER_34_320,VSS,Metal1,160.3080,144.0160,0.001109
FILLER_34_314,VSS,Metal1,156.7200,143.6400,0.001092
FILLER_34_308,VSS,Metal1,154.0800,143.6400,0.000641
FILLER_34_301,VSS,Metal1,151.9260,144.1000,0.000624
FILLER_34_294,VSS,Metal1,148.5660,144.1000,0.000578
FILLER_34_287,VSS,Metal1,145.2060,144.1000,0.000533
FILLER_34_276,VSS,Metal1,138.7200,143.6400,0.000486
FILLER_34_272,VSS,Metal1,137.2680,144.0160,0.000486
FILLER_34_257,VSS,Metal1,129.6000,143.6400,0.000486
FILLER_34_253,VSS,Metal1,128.1480,144.0160,0.000486
FILLER_34_219,VSS,Metal1,111.3600,143.6400,0.000062
FILLER_34_212,VSS,Metal1,109.2060,144.1000,0.000062
FILLER_34_175,VSS,Metal1,90.2400,143.6400,0.000214
FILLER_34_168,VSS,Metal1,88.0860,144.1000,0.000214
FILLER_34_134,VSS,Metal1,71.7660,144.1000,0.000272
FILLER_34_127,VSS,Metal1,68.4060,144.1000,0.000271
FILLER_34_98,VSS,Metal1,53.2800,143.6400,0.000220
FILLER_34_91,VSS,Metal1,49.9200,143.6400,0.000206
FILLER_34_84,VSS,Metal1,47.7660,144.1000,0.000196
FILLER_34_77,VSS,Metal1,44.4060,144.1000,0.000149
FILLER_34_70,VSS,Metal1,41.0460,144.1000,0.000107
FILLER_34_63,VSS,Metal1,37.6860,144.1000,0.000107
FILLER_34_56,VSS,Metal1,34.3260,144.1000,0.000034
FILLER_34_49,VSS,Metal1,30.9660,144.1000,0.000026
FILLER_34_42,VSS,Metal1,27.6060,144.1000,0.000019
FILLER_34_35,VSS,Metal1,24.2460,144.1000,0.000011
FILLER_34_28,VSS,Metal1,20.8860,144.1000,0.000011
FILLER_34_21,VSS,Metal1,17.5260,144.1000,0.000011
FILLER_34_14,VSS,Metal1,14.1660,144.1000,0.000011
FILLER_34_7,VSS,Metal1,10.8060,144.1000,0.000011
FILLER_34_0,VSS,Metal1,7.4460,144.1000,0.000011
FILLER_33_346,VSS,Metal1,172.0800,143.6400,0.001109
FILLER_33_318,VSS,Metal1,158.6400,143.6400,0.001093
FILLER_33_306,VSS,Metal1,153.1200,143.6400,0.000624
FILLER_33_302,VSS,Metal1,151.6680,143.2630,0.000624
FILLER_33_295,VSS,Metal1,149.0460,143.1790,0.000579
FILLER_33_288,VSS,Metal1,145.6860,143.1790,0.000534
FILLER_33_281,VSS,Metal1,142.3260,143.1790,0.000489
FILLER_33_240,VSS,Metal1,121.9080,143.2630,0.000229
FILLER_33_225,VSS,Metal1,114.0000,143.6400,0.000156
FILLER_33_221,VSS,Metal1,112.7880,143.2630,0.000152
FILLER_33_214,VSS,Metal1,110.1660,143.1790,0.000062
FILLER_33_207,VSS,Metal1,106.8060,143.1790,0.000062
FILLER_33_200,VSS,Metal1,103.4460,143.1790,0.000056
FILLER_33_167,VSS,Metal1,86.1600,143.6400,0.000227
FILLER_33_160,VSS,Metal1,84.2460,143.1790,0.000272
FILLER_33_139,VSS,Metal1,72.9600,143.6400,0.000272
FILLER_33_133,VSS,Metal1,70.0800,143.6400,0.000271
FILLER_33_124,VSS,Metal1,65.5200,143.6400,0.000227
FILLER_33_122,VSS,Metal1,64.8000,143.6400,0.000227
FILLER_33_115,VSS,Metal1,62.6460,143.1790,0.000227
FILLER_33_106,VSS,Metal1,57.5880,143.2630,0.000227
FILLER_33_99,VSS,Metal1,54.9660,143.1790,0.000227
FILLER_33_92,VSS,Metal1,51.6060,143.1790,0.000212
FILLER_33_85,VSS,Metal1,48.2460,143.1790,0.000197
FILLER_33_78,VSS,Metal1,44.8860,143.1790,0.000150
FILLER_33_73,VSS,Metal1,41.0400,143.6400,0.000107
FILLER_33_67,VSS,Metal1,38.1600,143.6400,0.000107
FILLER_33_63,VSS,Metal1,36.9480,143.2630,0.000107
FILLER_33_56,VSS,Metal1,34.3260,143.1790,0.000034
FILLER_33_49,VSS,Metal1,30.9660,143.1790,0.000026
FILLER_33_42,VSS,Metal1,27.6060,143.1790,0.000019
FILLER_33_35,VSS,Metal1,24.2460,143.1790,0.000011
FILLER_33_28,VSS,Metal1,20.8860,143.1790,0.000011
FILLER_33_21,VSS,Metal1,17.5260,143.1790,0.000011
FILLER_33_14,VSS,Metal1,14.1660,143.1790,0.000011
FILLER_33_7,VSS,Metal1,10.8060,143.1790,0.000011
FILLER_33_0,VSS,Metal1,7.4460,143.1790,0.000011
FILLER_32_335,VSS,Metal1,167.5080,136.4560,0.000769
FILLER_32_328,VSS,Metal1,164.8860,136.5400,0.000758
FILLER_32_322,VSS,Metal1,160.5600,136.0800,0.000756
FILLER_32_320,VSS,Metal1,159.8400,136.0800,0.000756
FILLER_32_313,VSS,Metal1,157.6860,136.5400,0.000756
FILLER_32_296,VSS,Metal1,148.0800,136.0800,0.000446
FILLER_32_268,VSS,Metal1,134.6400,136.0800,0.000370
FILLER_32_257,VSS,Metal1,129.3600,136.0800,0.000237
FILLER_32_253,VSS,Metal1,128.1480,136.4560,0.000163
FILLER_32_246,VSS,Metal1,125.5260,136.5400,0.000161
FILLER_32_239,VSS,Metal1,122.1660,136.5400,0.000159
FILLER_32_232,VSS,Metal1,118.8060,136.5400,0.000157
FILLER_32_225,VSS,Metal1,115.4460,136.5400,0.000158
FILLER_32_206,VSS,Metal1,105.1200,136.0800,0.000070
FILLER_32_202,VSS,Metal1,103.6680,136.4560,0.000070
FILLER_32_171,VSS,Metal1,88.7880,136.4560,0.000076
FILLER_32_164,VSS,Metal1,86.1660,136.5400,0.000076
FILLER_32_157,VSS,Metal1,82.8060,136.5400,0.000077
FILLER_32_150,VSS,Metal1,79.4460,136.5400,0.000078
FILLER_32_117,VSS,Metal1,62.1600,136.0800,0.000073
FILLER_32_115,VSS,Metal1,61.4400,136.0800,0.000073
FILLER_32_108,VSS,Metal1,59.2860,136.5400,0.000073
FILLER_32_101,VSS,Metal1,55.9260,136.5400,0.000072
FILLER_32_94,VSS,Metal1,52.5660,136.5400,0.000067
FILLER_32_74,VSS,Metal1,41.5200,136.0800,0.000067
FILLER_32_35,VSS,Metal1,24.2460,136.5400,0.000019
FILLER_32_28,VSS,Metal1,20.8860,136.5400,0.000019
FILLER_32_21,VSS,Metal1,17.5260,136.5400,0.000019
FILLER_32_14,VSS,Metal1,14.1660,136.5400,0.000019
FILLER_32_7,VSS,Metal1,10.8060,136.5400,0.000019
FILLER_32_0,VSS,Metal1,7.4460,136.5400,0.000019
FILLER_31_341,VSS,Metal1,169.9200,136.0800,0.000824
FILLER_31_334,VSS,Metal1,167.7660,135.6190,0.000769
FILLER_31_306,VSS,Metal1,152.8800,136.0800,0.000720
FILLER_31_289,VSS,Metal1,146.1660,135.6190,0.000424
FILLER_31_282,VSS,Metal1,142.8060,135.6190,0.000421
FILLER_31_272,VSS,Metal1,136.5600,136.0800,0.000421
FILLER_31_270,VSS,Metal1,135.8400,136.0800,0.000388
FILLER_31_263,VSS,Metal1,133.6860,135.6190,0.000370
FILLER_31_256,VSS,Metal1,130.3260,135.6190,0.000237
FILLER_31_249,VSS,Metal1,126.9660,135.6190,0.000163
FILLER_31_242,VSS,Metal1,123.6060,135.6190,0.000161
FILLER_31_235,VSS,Metal1,120.2460,135.6190,0.000159
FILLER_31_202,VSS,Metal1,102.9600,136.0800,0.000070
FILLER_31_198,VSS,Metal1,101.7480,135.7030,0.000049
FILLER_31_191,VSS,Metal1,99.1260,135.6190,0.000049
FILLER_31_185,VSS,Metal1,94.8000,136.0800,0.000049
FILLER_31_181,VSS,Metal1,93.5880,135.7030,0.000049
FILLER_31_174,VSS,Metal1,90.9660,135.6190,0.000049
FILLER_31_167,VSS,Metal1,87.6060,135.6190,0.000076
FILLER_31_160,VSS,Metal1,84.2460,135.6190,0.000076
FILLER_31_153,VSS,Metal1,80.8860,135.6190,0.000077
FILLER_31_146,VSS,Metal1,77.5260,135.6190,0.000078
FILLER_31_139,VSS,Metal1,74.1660,135.6190,0.000085
FILLER_31_119,VSS,Metal1,63.1200,136.0800,0.000085
FILLER_31_115,VSS,Metal1,61.9080,135.7030,0.000073
FILLER_31_108,VSS,Metal1,59.2860,135.6190,0.000073
FILLER_31_101,VSS,Metal1,55.9260,135.6190,0.000072
FILLER_31_62,VSS,Metal1,36.0000,136.0800,0.000035
FILLER_31_58,VSS,Metal1,34.5480,135.7030,0.000035
FILLER_31_51,VSS,Metal1,31.9260,135.6190,0.000035
FILLER_31_46,VSS,Metal1,28.0800,136.0800,0.000032
FILLER_31_42,VSS,Metal1,26.8680,135.7030,0.000032
FILLER_31_35,VSS,Metal1,24.2460,135.6190,0.000019
FILLER_31_28,VSS,Metal1,20.8860,135.6190,0.000019
FILLER_31_21,VSS,Metal1,17.5260,135.6190,0.000019
FILLER_31_14,VSS,Metal1,14.1660,135.6190,0.000019
FILLER_31_7,VSS,Metal1,10.8060,135.6190,0.000019
FILLER_31_0,VSS,Metal1,7.4460,135.6190,0.000019
FILLER_30_335,VSS,Metal1,167.5080,128.8960,0.000564
FILLER_30_328,VSS,Metal1,164.8860,128.9800,0.000561
FILLER_30_321,VSS,Metal1,161.5260,128.9800,0.000557
FILLER_30_291,VSS,Metal1,147.1260,128.9800,0.000467
FILLER_30_284,VSS,Metal1,143.7660,128.9800,0.000465
FILLER_30_277,VSS,Metal1,140.4060,128.9800,0.000463
FILLER_30_263,VSS,Metal1,132.2400,128.5200,0.000440
FILLER_30_256,VSS,Metal1,130.3260,128.9800,0.000440
FILLER_30_249,VSS,Metal1,126.9660,128.9800,0.000440
FILLER_30_242,VSS,Metal1,123.6060,128.9800,0.000440
FILLER_30_237,VSS,Metal1,119.7600,128.5200,0.000440
FILLER_30_235,VSS,Metal1,119.0400,128.5200,0.000440
FILLER_30_228,VSS,Metal1,116.8860,128.9800,0.000390
FILLER_30_221,VSS,Metal1,113.5260,128.9800,0.000390
FILLER_30_214,VSS,Metal1,108.9600,128.5200,0.000094
FILLER_30_202,VSS,Metal1,104.4060,128.9800,0.000090
FILLER_30_195,VSS,Metal1,101.0460,128.9800,0.000086
FILLER_30_188,VSS,Metal1,97.6860,128.9800,0.000086
FILLER_30_181,VSS,Metal1,94.3260,128.9800,0.000086
FILLER_30_174,VSS,Metal1,90.9660,128.9800,0.000086
FILLER_30_146,VSS,Metal1,76.0800,128.5200,0.000137
FILLER_30_139,VSS,Metal1,74.1660,128.9800,0.000140
FILLER_30_132,VSS,Metal1,70.8060,128.9800,0.000144
FILLER_30_127,VSS,Metal1,66.9600,128.5200,0.000146
FILLER_30_125,VSS,Metal1,66.2400,128.5200,0.000146
FILLER_30_118,VSS,Metal1,64.0860,128.9800,0.000146
FILLER_30_110,VSS,Metal1,59.5080,128.8960,0.000146
FILLER_30_77,VSS,Metal1,43.2000,128.5200,0.000062
FILLER_30_70,VSS,Metal1,41.0460,128.9800,0.000062
FILLER_30_63,VSS,Metal1,37.6860,128.9800,0.000062
FILLER_30_56,VSS,Metal1,34.3260,128.9800,0.000060
FILLER_30_49,VSS,Metal1,30.9660,128.9800,0.000059
FILLER_30_42,VSS,Metal1,27.6060,128.9800,0.000059
FILLER_30_35,VSS,Metal1,24.2460,128.9800,0.000025
FILLER_30_28,VSS,Metal1,20.8860,128.9800,0.000025
FILLER_30_21,VSS,Metal1,17.5260,128.9800,0.000025
FILLER_30_14,VSS,Metal1,14.1660,128.9800,0.000025
FILLER_30_7,VSS,Metal1,10.8060,128.9800,0.000025
FILLER_30_0,VSS,Metal1,7.4460,128.9800,0.000025
FILLER_29_335,VSS,Metal1,167.5080,128.1430,0.000564
FILLER_29_328,VSS,Metal1,164.8860,128.0590,0.000561
FILLER_29_322,VSS,Metal1,160.8000,128.5200,0.000557
FILLER_29_315,VSS,Metal1,158.6460,128.0590,0.000542
FILLER_29_310,VSS,Metal1,154.8000,128.5200,0.000509
FILLER_29_306,VSS,Metal1,153.5880,128.1430,0.000509
FILLER_29_302,VSS,Metal1,150.9600,128.5200,0.000470
FILLER_29_295,VSS,Metal1,149.0460,128.0590,0.000467
FILLER_29_288,VSS,Metal1,145.6860,128.0590,0.000465
FILLER_29_281,VSS,Metal1,142.3260,128.0590,0.000463
FILLER_29_274,VSS,Metal1,138.9660,128.0590,0.000461
FILLER_29_267,VSS,Metal1,135.6060,128.0590,0.000440
FILLER_29_260,VSS,Metal1,132.2460,128.0590,0.000440
FILLER_29_226,VSS,Metal1,115.9260,128.0590,0.000390
FILLER_29_219,VSS,Metal1,112.5660,128.0590,0.000390
FILLER_29_212,VSS,Metal1,109.2060,128.0590,0.000094
FILLER_29_205,VSS,Metal1,105.8460,128.0590,0.000094
FILLER_29_198,VSS,Metal1,102.4860,128.0590,0.000090
FILLER_29_169,VSS,Metal1,87.3600,128.5200,0.000133
FILLER_29_162,VSS,Metal1,85.2060,128.0590,0.000133
FILLER_29_140,VSS,Metal1,73.4400,128.5200,0.000140
FILLER_29_136,VSS,Metal1,71.9880,128.1430,0.000144
FILLER_29_108,VSS,Metal1,57.8400,128.5200,0.000134
FILLER_29_101,VSS,Metal1,55.9260,128.0590,0.000122
FILLER_29_86,VSS,Metal1,47.2800,128.5200,0.000122
FILLER_29_82,VSS,Metal1,46.0680,128.1430,0.000122
FILLER_29_75,VSS,Metal1,43.4460,128.0590,0.000062
FILLER_29_68,VSS,Metal1,40.0860,128.0590,0.000062
FILLER_29_39,VSS,Metal1,24.9600,128.5200,0.000025
FILLER_29_35,VSS,Metal1,23.5080,128.1430,0.000025
FILLER_29_28,VSS,Metal1,20.8860,128.0590,0.000025
FILLER_29_21,VSS,Metal1,17.5260,128.0590,0.000025
FILLER_29_14,VSS,Metal1,14.1660,128.0590,0.000025
FILLER_29_7,VSS,Metal1,10.8060,128.0590,0.000025
FILLER_29_0,VSS,Metal1,7.4460,128.0590,0.000025
FILLER_28_338,VSS,Metal1,168.2400,120.9600,0.001355
FILLER_28_334,VSS,Metal1,167.0280,121.3360,0.001355
FILLER_28_314,VSS,Metal1,156.9600,120.9600,0.001260
FILLER_28_307,VSS,Metal1,154.8060,121.4200,0.001250
FILLER_28_300,VSS,Metal1,151.4460,121.4200,0.001194
FILLER_28_293,VSS,Metal1,148.0860,121.4200,0.001138
FILLER_28_286,VSS,Metal1,144.7260,121.4200,0.001082
FILLER_28_257,VSS,Metal1,129.6000,120.9600,0.000727
FILLER_28_250,VSS,Metal1,127.4460,121.4200,0.000710
FILLER_28_234,VSS,Metal1,119.7660,121.4200,0.000368
FILLER_28_227,VSS,Metal1,116.4060,121.4200,0.000143
FILLER_28_194,VSS,Metal1,99.1200,120.9600,0.000095
FILLER_28_192,VSS,Metal1,98.4000,120.9600,0.000111
FILLER_28_185,VSS,Metal1,96.2460,121.4200,0.000111
FILLER_28_175,VSS,Metal1,90.0000,120.9600,0.000193
FILLER_28_173,VSS,Metal1,89.2800,120.9600,0.000193
FILLER_28_165,VSS,Metal1,85.9080,121.3360,0.000285
FILLER_28_155,VSS,Metal1,80.4000,120.9600,0.000349
FILLER_28_153,VSS,Metal1,79.6800,120.9600,0.000349
FILLER_28_141,VSS,Metal1,75.1260,121.4200,0.000349
FILLER_28_136,VSS,Metal1,71.2800,120.9600,0.000350
FILLER_28_132,VSS,Metal1,70.0680,121.3360,0.000351
FILLER_28_125,VSS,Metal1,67.4460,121.4200,0.000366
FILLER_28_119,VSS,Metal1,63.1200,120.9600,0.000516
FILLER_28_105,VSS,Metal1,56.4000,120.9600,0.000516
FILLER_28_103,VSS,Metal1,55.6800,120.9600,0.000516
FILLER_28_96,VSS,Metal1,53.5260,121.4200,0.000485
FILLER_28_89,VSS,Metal1,50.1660,121.4200,0.000455
FILLER_28_82,VSS,Metal1,46.8060,121.4200,0.000424
FILLER_28_75,VSS,Metal1,43.4460,121.4200,0.000393
FILLER_28_68,VSS,Metal1,40.0860,121.4200,0.000362
FILLER_28_62,VSS,Metal1,35.7600,120.9600,0.000101
FILLER_28_58,VSS,Metal1,34.5480,121.3360,0.000101
FILLER_28_50,VSS,Metal1,30.7080,121.3360,0.000095
FILLER_28_42,VSS,Metal1,26.8680,121.3360,0.000055
FILLER_28_35,VSS,Metal1,24.2460,121.4200,0.000007
FILLER_28_28,VSS,Metal1,20.8860,121.4200,0.000007
FILLER_28_21,VSS,Metal1,17.5260,121.4200,0.000007
FILLER_28_14,VSS,Metal1,14.1660,121.4200,0.000007
FILLER_28_7,VSS,Metal1,10.8060,121.4200,0.000007
FILLER_28_0,VSS,Metal1,7.4460,121.4200,0.000007
FILLER_27_346,VSS,Metal1,172.0800,120.9600,0.001355
FILLER_27_313,VSS,Metal1,156.4800,120.9600,0.001260
FILLER_27_306,VSS,Metal1,154.3260,120.4990,0.001249
FILLER_27_299,VSS,Metal1,150.9660,120.4990,0.001193
FILLER_27_294,VSS,Metal1,147.1200,120.9600,0.001138
FILLER_27_287,VSS,Metal1,145.2060,120.4990,0.001083
FILLER_27_280,VSS,Metal1,141.8460,120.4990,0.001028
FILLER_27_275,VSS,Metal1,138.0000,120.9600,0.001019
FILLER_27_268,VSS,Metal1,136.0860,120.4990,0.001019
FILLER_27_262,VSS,Metal1,132.0000,120.9600,0.001019
FILLER_27_257,VSS,Metal1,129.3600,120.9600,0.000727
FILLER_27_255,VSS,Metal1,128.6400,120.9600,0.000710
FILLER_27_249,VSS,Metal1,125.5200,120.9600,0.000639
FILLER_27_245,VSS,Metal1,124.3080,120.5830,0.000636
FILLER_27_238,VSS,Metal1,121.6860,120.4990,0.000368
FILLER_27_230,VSS,Metal1,117.1080,120.5830,0.000145
FILLER_27_223,VSS,Metal1,114.4860,120.4990,0.000143
FILLER_27_216,VSS,Metal1,111.1260,120.4990,0.000126
FILLER_27_209,VSS,Metal1,107.7660,120.4990,0.000123
FILLER_27_200,VSS,Metal1,102.0000,120.9600,0.000067
FILLER_27_194,VSS,Metal1,99.3600,120.9600,0.000095
FILLER_27_187,VSS,Metal1,97.2060,120.4990,0.000111
FILLER_27_180,VSS,Metal1,93.8460,120.4990,0.000111
FILLER_27_173,VSS,Metal1,90.4860,120.4990,0.000193
FILLER_27_166,VSS,Metal1,87.1260,120.4990,0.000285
FILLER_27_159,VSS,Metal1,83.7660,120.4990,0.000349
FILLER_27_124,VSS,Metal1,66.2280,120.5830,0.000366
FILLER_27_117,VSS,Metal1,63.6060,120.4990,0.000516
FILLER_27_109,VSS,Metal1,59.0280,120.5830,0.000516
FILLER_27_102,VSS,Metal1,56.4060,120.4990,0.000516
FILLER_27_95,VSS,Metal1,53.0460,120.4990,0.000485
FILLER_27_88,VSS,Metal1,49.6860,120.4990,0.000454
FILLER_27_81,VSS,Metal1,46.3260,120.4990,0.000423
FILLER_27_74,VSS,Metal1,42.9660,120.4990,0.000392
FILLER_27_67,VSS,Metal1,39.6060,120.4990,0.000362
FILLER_27_60,VSS,Metal1,36.2460,120.4990,0.000101
FILLER_27_55,VSS,Metal1,32.4000,120.9600,0.000101
FILLER_27_53,VSS,Metal1,31.6800,120.9600,0.000096
FILLER_27_42,VSS,Metal1,27.6060,120.4990,0.000055
FILLER_27_35,VSS,Metal1,24.2460,120.4990,0.000007
FILLER_27_28,VSS,Metal1,20.8860,120.4990,0.000007
FILLER_27_21,VSS,Metal1,17.5260,120.4990,0.000007
FILLER_27_14,VSS,Metal1,14.1660,120.4990,0.000007
FILLER_27_7,VSS,Metal1,10.8060,120.4990,0.000007
FILLER_27_0,VSS,Metal1,7.4460,120.4990,0.000007
FILLER_26_335,VSS,Metal1,167.5080,113.7760,0.000510
FILLER_26_316,VSS,Metal1,157.6800,113.4000,0.000467
FILLER_26_312,VSS,Metal1,156.4680,113.7760,0.000465
FILLER_26_305,VSS,Metal1,153.8460,113.8600,0.000464
FILLER_26_298,VSS,Metal1,150.4860,113.8600,0.000464
FILLER_26_269,VSS,Metal1,135.3600,113.4000,0.000379
FILLER_26_262,VSS,Metal1,133.2060,113.8600,0.000361
FILLER_26_255,VSS,Metal1,129.8460,113.8600,0.000324
FILLER_26_227,VSS,Metal1,114.9600,113.4000,0.000118
FILLER_26_225,VSS,Metal1,114.2400,113.4000,0.000118
FILLER_26_218,VSS,Metal1,112.0860,113.8600,0.000118
FILLER_26_187,VSS,Metal1,96.4680,113.7760,0.000058
FILLER_26_181,VSS,Metal1,92.8800,113.4000,0.000059
FILLER_26_177,VSS,Metal1,91.6680,113.7760,0.000061
FILLER_26_170,VSS,Metal1,89.0460,113.8600,0.000076
FILLER_26_163,VSS,Metal1,85.6860,113.8600,0.000097
FILLER_26_156,VSS,Metal1,82.3260,113.8600,0.000117
FILLER_26_127,VSS,Metal1,67.2000,113.4000,0.000130
FILLER_26_120,VSS,Metal1,65.0460,113.8600,0.000130
FILLER_26_113,VSS,Metal1,61.6860,113.8600,0.000130
FILLER_26_106,VSS,Metal1,58.3260,113.8600,0.000130
FILLER_26_78,VSS,Metal1,43.4400,113.4000,0.000093
FILLER_26_76,VSS,Metal1,42.7200,113.4000,0.000084
FILLER_26_42,VSS,Metal1,26.4000,113.4000,0.000035
FILLER_26_35,VSS,Metal1,24.2460,113.8600,0.000021
FILLER_26_28,VSS,Metal1,20.8860,113.8600,0.000021
FILLER_26_21,VSS,Metal1,17.5260,113.8600,0.000021
FILLER_26_14,VSS,Metal1,14.1660,113.8600,0.000021
FILLER_26_7,VSS,Metal1,10.8060,113.8600,0.000021
FILLER_26_0,VSS,Metal1,7.4460,113.8600,0.000021
FILLER_25_346,VSS,Metal1,172.0800,113.4000,0.000510
FILLER_25_317,VSS,Metal1,158.4000,113.4000,0.000483
FILLER_25_282,VSS,Metal1,142.0680,113.0230,0.000459
FILLER_25_269,VSS,Metal1,135.8280,113.0230,0.000379
FILLER_25_262,VSS,Metal1,133.2060,112.9390,0.000361
FILLER_25_256,VSS,Metal1,128.8800,113.4000,0.000324
FILLER_25_249,VSS,Metal1,126.9660,112.9390,0.000208
FILLER_25_242,VSS,Metal1,123.6060,112.9390,0.000168
FILLER_25_232,VSS,Metal1,117.3600,113.4000,0.000168
FILLER_25_230,VSS,Metal1,116.6400,113.4000,0.000168
FILLER_25_223,VSS,Metal1,114.4860,112.9390,0.000118
FILLER_25_216,VSS,Metal1,111.1260,112.9390,0.000118
FILLER_25_209,VSS,Metal1,107.7660,112.9390,0.000048
FILLER_25_202,VSS,Metal1,104.4060,112.9390,0.000048
FILLER_25_195,VSS,Metal1,101.0460,112.9390,0.000048
FILLER_25_183,VSS,Metal1,95.2860,112.9390,0.000058
FILLER_25_178,VSS,Metal1,91.4400,113.4000,0.000061
FILLER_25_171,VSS,Metal1,89.5260,112.9390,0.000076
FILLER_25_164,VSS,Metal1,86.1660,112.9390,0.000096
FILLER_25_157,VSS,Metal1,82.8060,112.9390,0.000117
FILLER_25_150,VSS,Metal1,79.4460,112.9390,0.000137
FILLER_25_136,VSS,Metal1,71.2800,113.4000,0.000146
FILLER_25_132,VSS,Metal1,70.0680,113.0230,0.000146
FILLER_25_125,VSS,Metal1,67.4460,112.9390,0.000130
FILLER_25_118,VSS,Metal1,64.0860,112.9390,0.000130
FILLER_25_111,VSS,Metal1,60.7260,112.9390,0.000130
FILLER_25_104,VSS,Metal1,57.3660,112.9390,0.000130
FILLER_25_97,VSS,Metal1,54.0060,112.9390,0.000123
FILLER_25_78,VSS,Metal1,43.6800,113.4000,0.000093
FILLER_25_71,VSS,Metal1,41.5260,112.9390,0.000084
FILLER_25_64,VSS,Metal1,38.1660,112.9390,0.000043
FILLER_25_58,VSS,Metal1,33.8400,113.4000,0.000040
FILLER_25_56,VSS,Metal1,33.1200,113.4000,0.000040
FILLER_25_49,VSS,Metal1,30.9660,112.9390,0.000040
FILLER_25_42,VSS,Metal1,27.6060,112.9390,0.000035
FILLER_25_35,VSS,Metal1,24.2460,112.9390,0.000021
FILLER_25_28,VSS,Metal1,20.8860,112.9390,0.000021
FILLER_25_21,VSS,Metal1,17.5260,112.9390,0.000021
FILLER_25_14,VSS,Metal1,14.1660,112.9390,0.000021
FILLER_25_7,VSS,Metal1,10.8060,112.9390,0.000021
FILLER_25_0,VSS,Metal1,7.4460,112.9390,0.000021
FILLER_24_337,VSS,Metal1,168.0000,105.8400,0.000260
FILLER_24_333,VSS,Metal1,166.5480,106.2160,0.000260
FILLER_24_326,VSS,Metal1,163.9260,106.3000,0.000246
FILLER_24_319,VSS,Metal1,160.5660,106.3000,0.000231
FILLER_24_312,VSS,Metal1,157.2060,106.3000,0.000216
FILLER_24_305,VSS,Metal1,153.8460,106.3000,0.000213
FILLER_24_298,VSS,Metal1,150.4860,106.3000,0.000211
FILLER_24_292,VSS,Metal1,146.1600,105.8400,0.000194
FILLER_24_276,VSS,Metal1,138.7200,105.8400,0.000169
FILLER_24_272,VSS,Metal1,137.2680,106.2160,0.000169
FILLER_24_266,VSS,Metal1,133.6800,105.8400,0.000146
FILLER_24_264,VSS,Metal1,132.9600,105.8400,0.000146
FILLER_24_257,VSS,Metal1,130.8060,106.3000,0.000143
FILLER_24_250,VSS,Metal1,127.4460,106.3000,0.000137
FILLER_24_244,VSS,Metal1,123.1200,105.8400,0.000120
FILLER_24_240,VSS,Metal1,121.9080,106.2160,0.000076
FILLER_24_233,VSS,Metal1,119.2860,106.3000,0.000075
FILLER_24_226,VSS,Metal1,115.9260,106.3000,0.000075
FILLER_24_219,VSS,Metal1,112.5660,106.3000,0.000072
FILLER_24_212,VSS,Metal1,109.2060,106.3000,0.000071
FILLER_24_206,VSS,Metal1,105.1200,105.8400,0.000071
FILLER_24_199,VSS,Metal1,102.9660,106.3000,0.000020
FILLER_24_193,VSS,Metal1,98.8800,105.8400,0.000032
FILLER_24_189,VSS,Metal1,97.4280,106.2160,0.000032
FILLER_24_182,VSS,Metal1,94.8060,106.3000,0.000042
FILLER_24_175,VSS,Metal1,91.4460,106.3000,0.000053
FILLER_24_166,VSS,Metal1,86.3880,106.2160,0.000062
FILLER_24_140,VSS,Metal1,74.6460,106.3000,0.000335
FILLER_24_133,VSS,Metal1,71.2860,106.3000,0.000364
FILLER_24_126,VSS,Metal1,67.9260,106.3000,0.000374
FILLER_24_114,VSS,Metal1,60.9600,105.8400,0.000374
FILLER_24_74,VSS,Metal1,42.2280,106.2160,0.000238
FILLER_24_67,VSS,Metal1,39.6060,106.3000,0.000118
FILLER_24_60,VSS,Metal1,35.0400,105.8400,0.000096
FILLER_24_56,VSS,Metal1,33.5880,106.2160,0.000096
FILLER_24_49,VSS,Metal1,30.9660,106.3000,0.000026
FILLER_24_42,VSS,Metal1,27.6060,106.3000,0.000018
FILLER_24_35,VSS,Metal1,24.2460,106.3000,0.000011
FILLER_24_28,VSS,Metal1,20.8860,106.3000,0.000011
FILLER_24_21,VSS,Metal1,17.5260,106.3000,0.000011
FILLER_24_14,VSS,Metal1,14.1660,106.3000,0.000011
FILLER_24_7,VSS,Metal1,10.8060,106.3000,0.000011
FILLER_24_0,VSS,Metal1,7.4460,106.3000,0.000011
FILLER_23_332,VSS,Metal1,166.8060,105.3790,0.000260
FILLER_23_325,VSS,Metal1,163.4460,105.3790,0.000245
FILLER_23_318,VSS,Metal1,160.0860,105.3790,0.000230
FILLER_23_312,VSS,Metal1,156.0000,105.8400,0.000216
FILLER_23_305,VSS,Metal1,153.8460,105.3790,0.000213
FILLER_23_298,VSS,Metal1,150.4860,105.3790,0.000211
FILLER_23_291,VSS,Metal1,147.1260,105.3790,0.000194
FILLER_23_284,VSS,Metal1,143.7660,105.3790,0.000182
FILLER_23_274,VSS,Metal1,138.2280,105.4630,0.000169
FILLER_23_258,VSS,Metal1,130.5480,105.4630,0.000143
FILLER_23_251,VSS,Metal1,126.4800,105.8400,0.000137
FILLER_23_244,VSS,Metal1,124.5660,105.3790,0.000120
FILLER_23_237,VSS,Metal1,121.2060,105.3790,0.000075
FILLER_23_230,VSS,Metal1,117.8460,105.3790,0.000075
FILLER_23_197,VSS,Metal1,100.5600,105.8400,0.000024
FILLER_23_195,VSS,Metal1,99.8400,105.8400,0.000024
FILLER_23_188,VSS,Metal1,96.2400,105.8400,0.000042
FILLER_23_181,VSS,Metal1,93.1200,105.8400,0.000047
FILLER_23_174,VSS,Metal1,90.9660,105.3790,0.000054
FILLER_23_146,VSS,Metal1,76.7880,105.4630,0.000314
FILLER_23_139,VSS,Metal1,74.1660,105.3790,0.000336
FILLER_23_106,VSS,Metal1,57.1200,105.8400,0.000370
FILLER_23_102,VSS,Metal1,55.6680,105.4630,0.000370
FILLER_23_95,VSS,Metal1,51.8400,105.8400,0.000370
FILLER_23_88,VSS,Metal1,49.6860,105.3790,0.000370
FILLER_23_81,VSS,Metal1,45.1200,105.8400,0.000252
FILLER_23_67,VSS,Metal1,38.4000,105.8400,0.000118
FILLER_23_63,VSS,Metal1,36.9480,105.4630,0.000110
FILLER_23_56,VSS,Metal1,34.3260,105.3790,0.000096
FILLER_23_49,VSS,Metal1,30.9660,105.3790,0.000026
FILLER_23_42,VSS,Metal1,27.6060,105.3790,0.000018
FILLER_23_35,VSS,Metal1,24.2460,105.3790,0.000011
FILLER_23_28,VSS,Metal1,20.8860,105.3790,0.000011
FILLER_23_21,VSS,Metal1,17.5260,105.3790,0.000011
FILLER_23_14,VSS,Metal1,14.1660,105.3790,0.000011
FILLER_23_7,VSS,Metal1,10.8060,105.3790,0.000011
FILLER_23_0,VSS,Metal1,7.4460,105.3790,0.000011
FILLER_22_338,VSS,Metal1,168.2400,98.2800,0.000420
FILLER_22_336,VSS,Metal1,167.5200,98.2800,0.000420
FILLER_22_308,VSS,Metal1,153.8400,98.2800,0.000339
FILLER_22_306,VSS,Metal1,153.1200,98.2800,0.000339
FILLER_22_296,VSS,Metal1,148.0800,98.2800,0.000297
FILLER_22_289,VSS,Metal1,146.1660,98.7400,0.000281
FILLER_22_282,VSS,Metal1,142.8060,98.7400,0.000254
FILLER_22_275,VSS,Metal1,139.4460,98.7400,0.000252
FILLER_22_268,VSS,Metal1,136.0860,98.7400,0.000236
FILLER_22_261,VSS,Metal1,132.7260,98.7400,0.000234
FILLER_22_256,VSS,Metal1,128.8800,98.2800,0.000234
FILLER_22_249,VSS,Metal1,126.9660,98.7400,0.000234
FILLER_22_221,VSS,Metal1,112.0800,98.2800,0.000162
FILLER_22_217,VSS,Metal1,110.8680,98.6560,0.000162
FILLER_22_190,VSS,Metal1,97.4400,98.2800,0.000159
FILLER_22_175,VSS,Metal1,90.0000,98.2800,0.000147
FILLER_22_168,VSS,Metal1,88.0860,98.7400,0.000144
FILLER_22_161,VSS,Metal1,84.7260,98.7400,0.000141
FILLER_22_154,VSS,Metal1,81.3660,98.7400,0.000137
FILLER_22_147,VSS,Metal1,78.0060,98.7400,0.000129
FILLER_22_140,VSS,Metal1,74.6460,98.7400,0.000129
FILLER_22_133,VSS,Metal1,71.2860,98.7400,0.000128
FILLER_22_126,VSS,Metal1,67.9260,98.7400,0.000128
FILLER_22_109,VSS,Metal1,58.5600,98.2800,0.000094
FILLER_22_102,VSS,Metal1,56.4060,98.7400,0.000094
FILLER_22_95,VSS,Metal1,53.0460,98.7400,0.000094
FILLER_22_88,VSS,Metal1,49.6860,98.7400,0.000094
FILLER_22_72,VSS,Metal1,41.2680,98.6560,0.000028
FILLER_22_65,VSS,Metal1,38.6460,98.7400,0.000028
FILLER_22_58,VSS,Metal1,35.2860,98.7400,0.000026
FILLER_22_51,VSS,Metal1,31.9260,98.7400,0.000026
FILLER_22_46,VSS,Metal1,28.0800,98.2800,0.000024
FILLER_22_42,VSS,Metal1,26.8680,98.6560,0.000024
FILLER_22_35,VSS,Metal1,24.2460,98.7400,0.000010
FILLER_22_28,VSS,Metal1,20.8860,98.7400,0.000010
FILLER_22_21,VSS,Metal1,17.5260,98.7400,0.000010
FILLER_22_14,VSS,Metal1,14.1660,98.7400,0.000010
FILLER_22_7,VSS,Metal1,10.8060,98.7400,0.000010
FILLER_22_0,VSS,Metal1,7.4460,98.7400,0.000010
FILLER_21_342,VSS,Metal1,170.1600,98.2800,0.000426
FILLER_21_335,VSS,Metal1,168.2460,97.8190,0.000420
FILLER_21_307,VSS,Metal1,153.3600,98.2800,0.000339
FILLER_21_305,VSS,Metal1,152.6400,98.2800,0.000339
FILLER_21_298,VSS,Metal1,149.2800,98.2800,0.000326
FILLER_21_288,VSS,Metal1,144.2400,98.2800,0.000254
FILLER_21_286,VSS,Metal1,143.5200,98.2800,0.000254
FILLER_21_279,VSS,Metal1,141.3660,97.8190,0.000252
FILLER_21_251,VSS,Metal1,126.4800,98.2800,0.000234
FILLER_21_249,VSS,Metal1,125.7600,98.2800,0.000234
FILLER_21_242,VSS,Metal1,123.6060,97.8190,0.000195
FILLER_21_232,VSS,Metal1,117.3600,98.2800,0.000191
FILLER_21_226,VSS,Metal1,114.7200,98.2800,0.000169
FILLER_21_219,VSS,Metal1,112.5660,97.8190,0.000162
FILLER_21_212,VSS,Metal1,109.2060,97.8190,0.000162
FILLER_21_205,VSS,Metal1,105.8460,97.8190,0.000158
FILLER_21_198,VSS,Metal1,102.4860,97.8190,0.000158
FILLER_21_191,VSS,Metal1,97.9200,98.2800,0.000159
FILLER_21_184,VSS,Metal1,95.7660,97.8190,0.000159
FILLER_21_174,VSS,Metal1,90.2280,97.9030,0.000147
FILLER_21_167,VSS,Metal1,87.6060,97.8190,0.000144
FILLER_21_160,VSS,Metal1,84.2460,97.8190,0.000140
FILLER_21_154,VSS,Metal1,80.1600,98.2800,0.000137
FILLER_21_143,VSS,Metal1,76.0860,97.8190,0.000129
FILLER_21_136,VSS,Metal1,72.7260,97.8190,0.000129
FILLER_21_129,VSS,Metal1,69.3660,97.8190,0.000128
FILLER_21_122,VSS,Metal1,66.0060,97.8190,0.000128
FILLER_21_115,VSS,Metal1,61.2000,98.2800,0.000111
FILLER_21_111,VSS,Metal1,59.9880,97.9030,0.000097
FILLER_21_104,VSS,Metal1,57.3660,97.8190,0.000094
FILLER_21_97,VSS,Metal1,54.0060,97.8190,0.000094
FILLER_21_90,VSS,Metal1,50.6460,97.8190,0.000094
FILLER_21_83,VSS,Metal1,47.2860,97.8190,0.000094
FILLER_21_76,VSS,Metal1,43.9260,97.8190,0.000055
FILLER_21_69,VSS,Metal1,40.5660,97.8190,0.000028
FILLER_21_37,VSS,Metal1,23.7600,98.2800,0.000010
FILLER_21_35,VSS,Metal1,23.0400,98.2800,0.000010
FILLER_21_28,VSS,Metal1,20.8860,97.8190,0.000010
FILLER_21_21,VSS,Metal1,17.5260,97.8190,0.000010
FILLER_21_14,VSS,Metal1,14.1660,97.8190,0.000010
FILLER_21_7,VSS,Metal1,10.8060,97.8190,0.000010
FILLER_21_0,VSS,Metal1,7.4460,97.8190,0.000010
FILLER_20_342,VSS,Metal1,170.1600,90.7200,0.000442
FILLER_20_338,VSS,Metal1,168.9480,91.0960,0.000442
FILLER_20_331,VSS,Metal1,166.3260,91.1800,0.000442
FILLER_20_324,VSS,Metal1,162.9660,91.1800,0.000442
FILLER_20_317,VSS,Metal1,159.6060,91.1800,0.000442
FILLER_20_312,VSS,Metal1,155.7600,90.7200,0.000402
FILLER_20_305,VSS,Metal1,153.8460,91.1800,0.000402
FILLER_20_294,VSS,Metal1,148.5660,91.1800,0.000399
FILLER_20_287,VSS,Metal1,145.2060,91.1800,0.000398
FILLER_20_279,VSS,Metal1,140.1600,90.7200,0.000386
FILLER_20_272,VSS,Metal1,138.0060,91.1800,0.000348
FILLER_20_255,VSS,Metal1,128.6400,90.7200,0.000321
FILLER_20_249,VSS,Metal1,125.5200,90.7200,0.000267
FILLER_20_245,VSS,Metal1,124.3080,91.0960,0.000267
FILLER_20_238,VSS,Metal1,121.6860,91.1800,0.000237
FILLER_20_231,VSS,Metal1,118.3260,91.1800,0.000197
FILLER_20_224,VSS,Metal1,114.9660,91.1800,0.000157
FILLER_20_196,VSS,Metal1,100.0800,90.7200,0.000026
FILLER_20_194,VSS,Metal1,99.3600,90.7200,0.000026
FILLER_20_187,VSS,Metal1,97.2060,91.1800,0.000065
FILLER_20_180,VSS,Metal1,93.8460,91.1800,0.000072
FILLER_20_173,VSS,Metal1,90.4860,91.1800,0.000078
FILLER_20_167,VSS,Metal1,86.4000,90.7200,0.000087
FILLER_20_139,VSS,Metal1,72.7200,90.7200,0.000089
FILLER_20_137,VSS,Metal1,72.0000,90.7200,0.000089
FILLER_20_130,VSS,Metal1,69.8460,91.1800,0.000089
FILLER_20_123,VSS,Metal1,66.4860,91.1800,0.000090
FILLER_20_116,VSS,Metal1,63.1260,91.1800,0.000091
FILLER_20_109,VSS,Metal1,59.7660,91.1800,0.000091
FILLER_20_102,VSS,Metal1,56.4060,91.1800,0.000092
FILLER_20_95,VSS,Metal1,53.0460,91.1800,0.000079
FILLER_20_88,VSS,Metal1,49.6860,91.1800,0.000067
FILLER_20_81,VSS,Metal1,46.3260,91.1800,0.000063
FILLER_20_74,VSS,Metal1,42.9660,91.1800,0.000058
FILLER_20_63,VSS,Metal1,36.2400,90.7200,0.000011
FILLER_20_61,VSS,Metal1,35.5200,90.7200,0.000011
FILLER_20_32,VSS,Metal1,21.6000,90.7200,0.000010
FILLER_20_28,VSS,Metal1,20.1480,91.0960,0.000010
FILLER_20_21,VSS,Metal1,17.5260,91.1800,0.000010
FILLER_20_14,VSS,Metal1,14.1660,91.1800,0.000010
FILLER_20_7,VSS,Metal1,10.8060,91.1800,0.000010
FILLER_20_0,VSS,Metal1,7.4460,91.1800,0.000010
FILLER_19_345,VSS,Metal1,171.8400,90.7200,0.000443
FILLER_19_316,VSS,Metal1,157.9200,90.7200,0.000430
FILLER_19_309,VSS,Metal1,155.7660,90.2590,0.000402
FILLER_19_297,VSS,Metal1,150.0060,90.2590,0.000400
FILLER_19_285,VSS,Metal1,144.2460,90.2590,0.000398
FILLER_19_278,VSS,Metal1,140.8860,90.2590,0.000386
FILLER_19_271,VSS,Metal1,137.5260,90.2590,0.000347
FILLER_19_264,VSS,Metal1,132.9600,90.7200,0.000322
FILLER_19_260,VSS,Metal1,131.5080,90.3430,0.000321
FILLER_19_253,VSS,Metal1,128.8860,90.2590,0.000321
FILLER_19_246,VSS,Metal1,125.5260,90.2590,0.000267
FILLER_19_239,VSS,Metal1,122.1660,90.2590,0.000238
FILLER_19_232,VSS,Metal1,118.8060,90.2590,0.000198
FILLER_19_225,VSS,Metal1,115.4460,90.2590,0.000158
FILLER_19_218,VSS,Metal1,112.0860,90.2590,0.000118
FILLER_19_208,VSS,Metal1,105.8400,90.7200,0.000098
FILLER_19_206,VSS,Metal1,105.1200,90.7200,0.000098
FILLER_19_200,VSS,Metal1,102.2400,90.7200,0.000098
FILLER_19_193,VSS,Metal1,100.0860,90.2590,0.000026
FILLER_19_187,VSS,Metal1,96.0000,90.7200,0.000065
FILLER_19_180,VSS,Metal1,93.8460,90.2590,0.000072
FILLER_19_173,VSS,Metal1,90.4860,90.2590,0.000078
FILLER_19_163,VSS,Metal1,84.9480,90.3430,0.000088
FILLER_19_149,VSS,Metal1,78.2280,90.3430,0.000088
FILLER_19_143,VSS,Metal1,74.8800,90.7200,0.000088
FILLER_19_136,VSS,Metal1,72.7260,90.2590,0.000089
FILLER_19_129,VSS,Metal1,69.3660,90.2590,0.000089
FILLER_19_122,VSS,Metal1,66.0060,90.2590,0.000090
FILLER_19_115,VSS,Metal1,62.6460,90.2590,0.000091
FILLER_19_108,VSS,Metal1,59.2860,90.2590,0.000091
FILLER_19_99,VSS,Metal1,53.5200,90.7200,0.000079
FILLER_19_87,VSS,Metal1,49.2060,90.2590,0.000067
FILLER_19_80,VSS,Metal1,45.8460,90.2590,0.000062
FILLER_19_73,VSS,Metal1,42.4860,90.2590,0.000058
FILLER_19_63,VSS,Metal1,36.2400,90.7200,0.000011
FILLER_19_49,VSS,Metal1,29.7600,90.7200,0.000010
FILLER_19_42,VSS,Metal1,27.6060,90.2590,0.000010
FILLER_19_35,VSS,Metal1,24.2460,90.2590,0.000010
FILLER_19_28,VSS,Metal1,20.8860,90.2590,0.000010
FILLER_19_21,VSS,Metal1,17.5260,90.2590,0.000010
FILLER_19_14,VSS,Metal1,14.1660,90.2590,0.000010
FILLER_19_7,VSS,Metal1,10.8060,90.2590,0.000010
FILLER_19_0,VSS,Metal1,7.4460,90.2590,0.000010
FILLER_18_346,VSS,Metal1,172.0800,83.1600,0.001239
FILLER_18_342,VSS,Metal1,170.8680,83.5360,0.001239
FILLER_18_335,VSS,Metal1,168.2460,83.6200,0.001239
FILLER_18_328,VSS,Metal1,164.8860,83.6200,0.001239
FILLER_18_317,VSS,Metal1,159.6060,83.6200,0.001239
FILLER_18_310,VSS,Metal1,156.2460,83.6200,0.001239
FILLER_18_304,VSS,Metal1,152.1600,83.1600,0.001226
FILLER_18_300,VSS,Metal1,150.7080,83.5360,0.001226
FILLER_18_294,VSS,Metal1,147.1200,83.1600,0.001222
FILLER_18_287,VSS,Metal1,145.2060,83.6200,0.001222
FILLER_18_280,VSS,Metal1,141.8460,83.6200,0.001220
FILLER_18_265,VSS,Metal1,133.4400,83.1600,0.001163
FILLER_18_250,VSS,Metal1,126.2400,83.1600,0.000614
FILLER_18_245,VSS,Metal1,123.6000,83.1600,0.000611
FILLER_18_241,VSS,Metal1,122.3880,83.5360,0.000607
FILLER_18_223,VSS,Metal1,113.2800,83.1600,0.000200
FILLER_18_218,VSS,Metal1,110.6400,83.1600,0.000143
FILLER_18_216,VSS,Metal1,109.9200,83.1600,0.000143
FILLER_18_182,VSS,Metal1,93.6000,83.1600,0.000180
FILLER_18_178,VSS,Metal1,92.1480,83.5360,0.000270
FILLER_18_171,VSS,Metal1,89.5260,83.6200,0.000270
FILLER_18_164,VSS,Metal1,86.1660,83.6200,0.000270
FILLER_18_157,VSS,Metal1,81.6000,83.1600,0.000347
FILLER_18_150,VSS,Metal1,79.4460,83.6200,0.000375
FILLER_18_122,VSS,Metal1,64.5600,83.1600,0.000456
FILLER_18_85,VSS,Metal1,47.0400,83.1600,0.000466
FILLER_18_81,VSS,Metal1,45.5880,83.5360,0.000466
FILLER_18_49,VSS,Metal1,29.5200,83.1600,0.000108
FILLER_18_42,VSS,Metal1,27.6060,83.6200,0.000106
FILLER_18_35,VSS,Metal1,24.2460,83.6200,0.000029
FILLER_18_28,VSS,Metal1,20.8860,83.6200,0.000029
FILLER_18_21,VSS,Metal1,17.5260,83.6200,0.000029
FILLER_18_14,VSS,Metal1,14.1660,83.6200,0.000029
FILLER_18_7,VSS,Metal1,10.8060,83.6200,0.000029
FILLER_18_0,VSS,Metal1,7.4460,83.6200,0.000029
FILLER_17_346,VSS,Metal1,172.0800,83.1600,0.001239
FILLER_17_344,VSS,Metal1,171.3600,83.1600,0.001239
FILLER_17_337,VSS,Metal1,169.2060,82.6990,0.001239
FILLER_17_330,VSS,Metal1,165.8460,82.6990,0.001239
FILLER_17_323,VSS,Metal1,162.4860,82.6990,0.001239
FILLER_17_313,VSS,Metal1,156.4800,83.1600,0.001239
FILLER_17_309,VSS,Metal1,155.0280,82.7830,0.001239
FILLER_17_299,VSS,Metal1,149.7600,83.1600,0.001225
FILLER_17_295,VSS,Metal1,148.3080,82.7830,0.001224
FILLER_17_288,VSS,Metal1,145.6860,82.6990,0.001222
FILLER_17_257,VSS,Metal1,130.8060,82.6990,0.000744
FILLER_17_250,VSS,Metal1,126.0000,83.1600,0.000614
FILLER_17_235,VSS,Metal1,119.5080,82.7830,0.000600
FILLER_17_228,VSS,Metal1,116.8860,82.6990,0.000600
FILLER_17_221,VSS,Metal1,113.5260,82.6990,0.000200
FILLER_17_214,VSS,Metal1,108.9600,83.1600,0.000138
FILLER_17_207,VSS,Metal1,106.8060,82.6990,0.000138
FILLER_17_199,VSS,Metal1,102.2280,82.7830,0.000105
FILLER_17_191,VSS,Metal1,98.3880,82.7830,0.000097
FILLER_17_184,VSS,Metal1,95.7660,82.6990,0.000099
FILLER_17_156,VSS,Metal1,80.8800,83.1600,0.000375
FILLER_17_148,VSS,Metal1,77.7480,82.7830,0.000375
FILLER_17_141,VSS,Metal1,75.1260,82.6990,0.000441
FILLER_17_113,VSS,Metal1,61.6860,82.6990,0.000469
FILLER_17_106,VSS,Metal1,58.3260,82.6990,0.000469
FILLER_17_82,VSS,Metal1,45.6000,83.1600,0.000466
FILLER_17_78,VSS,Metal1,44.1480,82.7830,0.000416
FILLER_17_71,VSS,Metal1,41.5260,82.6990,0.000351
FILLER_17_62,VSS,Metal1,36.4680,82.7830,0.000307
FILLER_17_56,VSS,Metal1,33.1200,83.1600,0.000307
FILLER_17_52,VSS,Metal1,31.6680,82.7830,0.000307
FILLER_17_45,VSS,Metal1,29.0460,82.6990,0.000108
FILLER_17_39,VSS,Metal1,24.9600,83.1600,0.000029
FILLER_17_35,VSS,Metal1,23.5080,82.7830,0.000029
FILLER_17_28,VSS,Metal1,20.8860,82.6990,0.000029
FILLER_17_21,VSS,Metal1,17.5260,82.6990,0.000029
FILLER_17_14,VSS,Metal1,14.1660,82.6990,0.000029
FILLER_17_7,VSS,Metal1,10.8060,82.6990,0.000029
FILLER_17_0,VSS,Metal1,7.4460,82.6990,0.000029
FILLER_16_346,VSS,Metal1,172.0800,75.6000,0.001127
FILLER_16_344,VSS,Metal1,171.3600,75.6000,0.001127
FILLER_16_337,VSS,Metal1,169.2060,76.0600,0.001127
FILLER_16_306,VSS,Metal1,153.5880,75.9760,0.001086
FILLER_16_281,VSS,Metal1,142.3260,76.0600,0.000866
FILLER_16_274,VSS,Metal1,138.9660,76.0600,0.000839
FILLER_16_267,VSS,Metal1,135.6060,76.0600,0.000754
FILLER_16_260,VSS,Metal1,132.2460,76.0600,0.000364
FILLER_16_224,VSS,Metal1,113.5200,75.6000,0.000257
FILLER_16_217,VSS,Metal1,111.6060,76.0600,0.000255
FILLER_16_189,VSS,Metal1,96.7200,75.6000,0.000068
FILLER_16_187,VSS,Metal1,96.0000,75.6000,0.000068
FILLER_16_180,VSS,Metal1,93.8460,76.0600,0.000068
FILLER_16_173,VSS,Metal1,90.4860,76.0600,0.000068
FILLER_16_166,VSS,Metal1,87.1260,76.0600,0.000069
FILLER_16_160,VSS,Metal1,83.0400,75.6000,0.000071
FILLER_16_146,VSS,Metal1,76.0800,75.6000,0.000078
FILLER_16_142,VSS,Metal1,74.8680,75.9760,0.000078
FILLER_16_136,VSS,Metal1,71.2800,75.6000,0.000076
FILLER_16_124,VSS,Metal1,66.2280,75.9760,0.000071
FILLER_16_117,VSS,Metal1,63.6060,76.0600,0.000063
FILLER_16_110,VSS,Metal1,60.2460,76.0600,0.000061
FILLER_16_103,VSS,Metal1,56.8860,76.0600,0.000061
FILLER_16_96,VSS,Metal1,53.5260,76.0600,0.000059
FILLER_16_89,VSS,Metal1,50.1660,76.0600,0.000057
FILLER_16_82,VSS,Metal1,46.8060,76.0600,0.000054
FILLER_16_75,VSS,Metal1,43.4460,76.0600,0.000036
FILLER_16_68,VSS,Metal1,40.0860,76.0600,0.000027
FILLER_16_35,VSS,Metal1,22.8000,75.6000,0.000024
FILLER_16_28,VSS,Metal1,20.8860,76.0600,0.000024
FILLER_16_21,VSS,Metal1,17.5260,76.0600,0.000024
FILLER_16_14,VSS,Metal1,14.1660,76.0600,0.000024
FILLER_16_7,VSS,Metal1,10.8060,76.0600,0.000024
FILLER_16_0,VSS,Metal1,7.4460,76.0600,0.000024
FILLER_15_340,VSS,Metal1,170.6460,75.1390,0.001127
FILLER_15_309,VSS,Metal1,155.0280,75.2230,0.001127
FILLER_15_285,VSS,Metal1,143.0400,75.6000,0.000866
FILLER_15_279,VSS,Metal1,140.1600,75.6000,0.000839
FILLER_15_275,VSS,Metal1,138.7080,75.2230,0.000839
FILLER_15_268,VSS,Metal1,136.0860,75.1390,0.000756
FILLER_15_262,VSS,Metal1,131.7600,75.6000,0.000364
FILLER_15_258,VSS,Metal1,130.5480,75.2230,0.000364
FILLER_15_251,VSS,Metal1,127.9260,75.1390,0.000338
FILLER_15_244,VSS,Metal1,124.5660,75.1390,0.000310
FILLER_15_234,VSS,Metal1,118.3200,75.6000,0.000296
FILLER_15_229,VSS,Metal1,115.9200,75.6000,0.000296
FILLER_15_225,VSS,Metal1,114.7080,75.2230,0.000296
FILLER_15_218,VSS,Metal1,112.0860,75.1390,0.000257
FILLER_15_211,VSS,Metal1,108.7260,75.1390,0.000130
FILLER_15_201,VSS,Metal1,102.4800,75.6000,0.000042
FILLER_15_197,VSS,Metal1,101.2680,75.2230,0.000039
FILLER_15_190,VSS,Metal1,98.6460,75.1390,0.000066
FILLER_15_183,VSS,Metal1,95.2860,75.1390,0.000068
FILLER_15_176,VSS,Metal1,91.9260,75.1390,0.000068
FILLER_15_169,VSS,Metal1,88.5660,75.1390,0.000068
FILLER_15_162,VSS,Metal1,85.2060,75.1390,0.000069
FILLER_15_150,VSS,Metal1,78.2400,75.6000,0.000073
FILLER_15_138,VSS,Metal1,72.4800,75.6000,0.000077
FILLER_15_131,VSS,Metal1,70.3260,75.1390,0.000076
FILLER_15_124,VSS,Metal1,66.9660,75.1390,0.000071
FILLER_15_117,VSS,Metal1,63.6060,75.1390,0.000063
FILLER_15_112,VSS,Metal1,59.7600,75.6000,0.000061
FILLER_15_108,VSS,Metal1,58.5480,75.2230,0.000061
FILLER_15_98,VSS,Metal1,53.0400,75.6000,0.000059
FILLER_15_96,VSS,Metal1,52.3200,75.6000,0.000059
FILLER_15_89,VSS,Metal1,50.1660,75.1390,0.000057
FILLER_15_74,VSS,Metal1,42.9660,75.1390,0.000036
FILLER_15_67,VSS,Metal1,39.6060,75.1390,0.000027
FILLER_15_42,VSS,Metal1,26.4000,75.6000,0.000016
FILLER_15_35,VSS,Metal1,24.2460,75.1390,0.000024
FILLER_15_28,VSS,Metal1,20.8860,75.1390,0.000024
FILLER_15_21,VSS,Metal1,17.5260,75.1390,0.000024
FILLER_15_14,VSS,Metal1,14.1660,75.1390,0.000024
FILLER_15_7,VSS,Metal1,10.8060,75.1390,0.000024
FILLER_15_0,VSS,Metal1,7.4460,75.1390,0.000024
FILLER_14_345,VSS,Metal1,171.8400,68.0400,0.000202
FILLER_14_338,VSS,Metal1,169.6860,68.5000,0.000202
FILLER_14_331,VSS,Metal1,166.3260,68.5000,0.000202
FILLER_14_324,VSS,Metal1,162.9660,68.5000,0.000202
FILLER_14_317,VSS,Metal1,159.6060,68.5000,0.000202
FILLER_14_310,VSS,Metal1,156.2460,68.5000,0.000202
FILLER_14_303,VSS,Metal1,152.8860,68.5000,0.000202
FILLER_14_296,VSS,Metal1,149.5260,68.5000,0.000202
FILLER_14_289,VSS,Metal1,146.1660,68.5000,0.000202
FILLER_14_276,VSS,Metal1,138.4800,68.0400,0.000196
FILLER_14_274,VSS,Metal1,137.7600,68.0400,0.000196
FILLER_14_266,VSS,Metal1,133.9200,68.0400,0.000192
FILLER_14_250,VSS,Metal1,126.0000,68.0400,0.000176
FILLER_14_246,VSS,Metal1,124.7880,68.4160,0.000176
FILLER_14_239,VSS,Metal1,122.1660,68.5000,0.000166
FILLER_14_234,VSS,Metal1,118.3200,68.0400,0.000088
FILLER_14_227,VSS,Metal1,116.4060,68.5000,0.000088
FILLER_14_220,VSS,Metal1,113.0460,68.5000,0.000084
FILLER_14_213,VSS,Metal1,109.6860,68.5000,0.000084
FILLER_14_206,VSS,Metal1,106.3260,68.5000,0.000084
FILLER_14_199,VSS,Metal1,102.9660,68.5000,0.000084
FILLER_14_192,VSS,Metal1,99.6060,68.5000,0.000049
FILLER_14_185,VSS,Metal1,96.2460,68.5000,0.000051
FILLER_14_178,VSS,Metal1,92.8860,68.5000,0.000067
FILLER_14_171,VSS,Metal1,89.5260,68.5000,0.000069
FILLER_14_163,VSS,Metal1,84.9480,68.4160,0.000069
FILLER_14_156,VSS,Metal1,82.3260,68.5000,0.000084
FILLER_14_149,VSS,Metal1,78.9660,68.5000,0.000202
FILLER_14_142,VSS,Metal1,75.6060,68.5000,0.000202
FILLER_14_135,VSS,Metal1,72.2460,68.5000,0.000202
FILLER_14_107,VSS,Metal1,57.3600,68.0400,0.000187
FILLER_14_70,VSS,Metal1,39.6000,68.0400,0.000097
FILLER_14_68,VSS,Metal1,38.8800,68.0400,0.000097
FILLER_14_49,VSS,Metal1,30.9660,68.5000,0.000039
FILLER_14_42,VSS,Metal1,27.6060,68.5000,0.000028
FILLER_14_35,VSS,Metal1,24.2460,68.5000,0.000016
FILLER_14_28,VSS,Metal1,20.8860,68.5000,0.000016
FILLER_14_21,VSS,Metal1,17.5260,68.5000,0.000016
FILLER_14_14,VSS,Metal1,14.1660,68.5000,0.000016
FILLER_14_7,VSS,Metal1,10.8060,68.5000,0.000016
FILLER_14_0,VSS,Metal1,7.4460,68.5000,0.000016
FILLER_13_340,VSS,Metal1,170.6460,67.5790,0.000202
FILLER_13_333,VSS,Metal1,167.2860,67.5790,0.000202
FILLER_13_326,VSS,Metal1,163.9260,67.5790,0.000202
FILLER_13_319,VSS,Metal1,160.5660,67.5790,0.000202
FILLER_13_312,VSS,Metal1,157.2060,67.5790,0.000202
FILLER_13_305,VSS,Metal1,153.8460,67.5790,0.000202
FILLER_13_298,VSS,Metal1,150.4860,67.5790,0.000202
FILLER_13_293,VSS,Metal1,146.6400,68.0400,0.000202
FILLER_13_291,VSS,Metal1,145.9200,68.0400,0.000202
FILLER_13_284,VSS,Metal1,143.7660,67.5790,0.000202
FILLER_13_279,VSS,Metal1,139.9200,68.0400,0.000196
FILLER_13_275,VSS,Metal1,138.7080,67.6630,0.000196
FILLER_13_268,VSS,Metal1,136.0860,67.5790,0.000195
FILLER_13_259,VSS,Metal1,130.3200,68.0400,0.000186
FILLER_13_252,VSS,Metal1,128.4060,67.5790,0.000179
FILLER_13_245,VSS,Metal1,125.0460,67.5790,0.000176
FILLER_13_238,VSS,Metal1,121.6860,67.5790,0.000166
FILLER_13_227,VSS,Metal1,116.4060,67.5790,0.000088
FILLER_13_196,VSS,Metal1,100.7880,67.6630,0.000049
FILLER_13_189,VSS,Metal1,98.1660,67.5790,0.000051
FILLER_13_156,VSS,Metal1,81.1200,68.0400,0.000084
FILLER_13_152,VSS,Metal1,79.6680,67.6630,0.000201
FILLER_13_118,VSS,Metal1,64.0860,67.5790,0.000204
FILLER_13_97,VSS,Metal1,52.5600,68.0400,0.000186
FILLER_13_90,VSS,Metal1,50.6460,67.5790,0.000186
FILLER_13_83,VSS,Metal1,47.2860,67.5790,0.000186
FILLER_13_76,VSS,Metal1,42.7200,68.0400,0.000155
FILLER_13_60,VSS,Metal1,35.0400,68.0400,0.000050
FILLER_13_56,VSS,Metal1,33.5880,67.6630,0.000050
FILLER_13_49,VSS,Metal1,30.9660,67.5790,0.000039
FILLER_13_42,VSS,Metal1,27.6060,67.5790,0.000028
FILLER_13_35,VSS,Metal1,24.2460,67.5790,0.000016
FILLER_13_28,VSS,Metal1,20.8860,67.5790,0.000016
FILLER_13_21,VSS,Metal1,17.5260,67.5790,0.000016
FILLER_13_14,VSS,Metal1,14.1660,67.5790,0.000016
FILLER_13_7,VSS,Metal1,10.8060,67.5790,0.000016
FILLER_13_0,VSS,Metal1,7.4460,67.5790,0.000016
FILLER_12_343,VSS,Metal1,171.3480,60.8560,0.000846
FILLER_12_336,VSS,Metal1,168.7260,60.9400,0.000846
FILLER_12_329,VSS,Metal1,165.3660,60.9400,0.000846
FILLER_12_322,VSS,Metal1,162.0060,60.9400,0.000846
FILLER_12_315,VSS,Metal1,158.6460,60.9400,0.000846
FILLER_12_287,VSS,Metal1,143.7600,60.4800,0.000846
FILLER_12_283,VSS,Metal1,142.5480,60.8560,0.000834
FILLER_12_277,VSS,Metal1,138.9600,60.4800,0.000814
FILLER_12_270,VSS,Metal1,137.0460,60.9400,0.000801
FILLER_12_263,VSS,Metal1,133.6860,60.9400,0.000727
FILLER_12_256,VSS,Metal1,130.3260,60.9400,0.000653
FILLER_12_224,VSS,Metal1,113.5200,60.4800,0.000457
FILLER_12_220,VSS,Metal1,112.3080,60.8560,0.000452
FILLER_12_213,VSS,Metal1,109.6860,60.9400,0.000180
FILLER_12_204,VSS,Metal1,103.9200,60.4800,0.000054
FILLER_12_192,VSS,Metal1,99.6060,60.9400,0.000051
FILLER_12_159,VSS,Metal1,82.3200,60.4800,0.000302
FILLER_12_155,VSS,Metal1,81.1080,60.8560,0.000272
FILLER_12_148,VSS,Metal1,78.4860,60.9400,0.000272
FILLER_12_141,VSS,Metal1,75.1260,60.9400,0.000272
FILLER_12_134,VSS,Metal1,71.7660,60.9400,0.000271
FILLER_12_128,VSS,Metal1,67.6800,60.4800,0.000264
FILLER_12_117,VSS,Metal1,62.4000,60.4800,0.000195
FILLER_12_110,VSS,Metal1,60.2460,60.9400,0.000193
FILLER_12_97,VSS,Metal1,54.0060,60.9400,0.000167
FILLER_12_90,VSS,Metal1,50.6460,60.9400,0.000153
FILLER_12_83,VSS,Metal1,47.2860,60.9400,0.000140
FILLER_12_73,VSS,Metal1,41.7480,60.8560,0.000054
FILLER_12_39,VSS,Metal1,24.9600,60.4800,0.000012
FILLER_12_35,VSS,Metal1,23.5080,60.8560,0.000012
FILLER_12_28,VSS,Metal1,20.8860,60.9400,0.000012
FILLER_12_21,VSS,Metal1,17.5260,60.9400,0.000012
FILLER_12_14,VSS,Metal1,14.1660,60.9400,0.000012
FILLER_12_7,VSS,Metal1,10.8060,60.9400,0.000012
FILLER_12_0,VSS,Metal1,7.4460,60.9400,0.000012
FILLER_11_340,VSS,Metal1,170.6460,60.0190,0.000846
FILLER_11_333,VSS,Metal1,167.2860,60.0190,0.000846
FILLER_11_326,VSS,Metal1,163.9260,60.0190,0.000846
FILLER_11_319,VSS,Metal1,160.5660,60.0190,0.000846
FILLER_11_312,VSS,Metal1,157.2060,60.0190,0.000846
FILLER_11_264,VSS,Metal1,134.1660,60.0190,0.000728
FILLER_11_257,VSS,Metal1,130.8060,60.0190,0.000654
FILLER_11_250,VSS,Metal1,127.4460,60.0190,0.000580
FILLER_11_243,VSS,Metal1,124.0860,60.0190,0.000555
FILLER_11_216,VSS,Metal1,110.3880,60.1030,0.000181
FILLER_11_210,VSS,Metal1,106.8000,60.4800,0.000158
FILLER_11_198,VSS,Metal1,101.7480,60.1030,0.000033
FILLER_11_191,VSS,Metal1,99.1260,60.0190,0.000051
FILLER_11_166,VSS,Metal1,87.1260,60.0190,0.000302
FILLER_11_159,VSS,Metal1,83.7660,60.0190,0.000302
FILLER_11_152,VSS,Metal1,80.4060,60.0190,0.000272
FILLER_11_145,VSS,Metal1,77.0460,60.0190,0.000272
FILLER_11_138,VSS,Metal1,73.6860,60.0190,0.000271
FILLER_11_131,VSS,Metal1,70.3260,60.0190,0.000271
FILLER_11_124,VSS,Metal1,66.9660,60.0190,0.000264
FILLER_11_117,VSS,Metal1,63.6060,60.0190,0.000195
FILLER_11_110,VSS,Metal1,60.2460,60.0190,0.000193
FILLER_11_103,VSS,Metal1,56.8860,60.0190,0.000179
FILLER_11_96,VSS,Metal1,53.5260,60.0190,0.000166
FILLER_11_89,VSS,Metal1,50.1660,60.0190,0.000153
FILLER_11_82,VSS,Metal1,46.8060,60.0190,0.000140
FILLER_11_75,VSS,Metal1,43.4460,60.0190,0.000054
FILLER_11_68,VSS,Metal1,40.0860,60.0190,0.000054
FILLER_11_58,VSS,Metal1,33.8400,60.4800,0.000028
FILLER_11_50,VSS,Metal1,30.7080,60.1030,0.000028
FILLER_11_42,VSS,Metal1,26.8680,60.1030,0.000028
FILLER_11_35,VSS,Metal1,24.2460,60.0190,0.000012
FILLER_11_28,VSS,Metal1,20.8860,60.0190,0.000012
FILLER_11_21,VSS,Metal1,17.5260,60.0190,0.000012
FILLER_11_14,VSS,Metal1,14.1660,60.0190,0.000012
FILLER_11_7,VSS,Metal1,10.8060,60.0190,0.000012
FILLER_11_0,VSS,Metal1,7.4460,60.0190,0.000012
FILLER_10_343,VSS,Metal1,171.3480,53.2960,0.002309
FILLER_10_336,VSS,Metal1,168.7260,53.3800,0.002309
FILLER_10_329,VSS,Metal1,165.3660,53.3800,0.002309
FILLER_10_322,VSS,Metal1,162.0060,53.3800,0.002309
FILLER_10_315,VSS,Metal1,158.6460,53.3800,0.002309
FILLER_10_308,VSS,Metal1,155.2860,53.3800,0.002309
FILLER_10_301,VSS,Metal1,151.9260,53.3800,0.002309
FILLER_10_259,VSS,Metal1,131.7660,53.3800,0.001686
FILLER_10_239,VSS,Metal1,120.7200,52.9200,0.001480
FILLER_10_237,VSS,Metal1,120.0000,52.9200,0.001457
FILLER_10_224,VSS,Metal1,114.2280,53.2960,0.001418
FILLER_10_214,VSS,Metal1,109.4280,53.2960,0.001247
FILLER_10_207,VSS,Metal1,106.8060,53.3800,0.001122
FILLER_10_200,VSS,Metal1,102.2400,52.9200,0.000321
FILLER_10_193,VSS,Metal1,100.0860,53.3800,0.000150
FILLER_10_186,VSS,Metal1,96.7260,53.3800,0.000204
FILLER_10_179,VSS,Metal1,93.3660,53.3800,0.000258
FILLER_10_172,VSS,Metal1,90.0060,53.3800,0.000279
FILLER_10_165,VSS,Metal1,86.6460,53.3800,0.000318
FILLER_10_158,VSS,Metal1,83.2860,53.3800,0.000357
FILLER_10_151,VSS,Metal1,79.9260,53.3800,0.000358
FILLER_10_144,VSS,Metal1,76.5660,53.3800,0.000368
FILLER_10_140,VSS,Metal1,73.2000,52.9200,0.000370
FILLER_10_125,VSS,Metal1,66.2400,52.9200,0.000416
FILLER_10_118,VSS,Metal1,64.0860,53.3800,0.000416
FILLER_10_111,VSS,Metal1,60.7260,53.3800,0.000416
FILLER_10_104,VSS,Metal1,57.3660,53.3800,0.000416
FILLER_10_97,VSS,Metal1,54.0060,53.3800,0.000341
FILLER_10_90,VSS,Metal1,50.6460,53.3800,0.000288
FILLER_10_83,VSS,Metal1,47.2860,53.3800,0.000214
FILLER_10_76,VSS,Metal1,43.9260,53.3800,0.000140
FILLER_10_69,VSS,Metal1,40.5660,53.3800,0.000066
FILLER_10_61,VSS,Metal1,35.5200,52.9200,0.000060
FILLER_10_57,VSS,Metal1,34.0680,53.2960,0.000060
FILLER_10_50,VSS,Metal1,31.4460,53.3800,0.000060
FILLER_10_42,VSS,Metal1,26.8680,53.2960,0.000060
FILLER_10_35,VSS,Metal1,24.2460,53.3800,0.000026
FILLER_10_28,VSS,Metal1,20.8860,53.3800,0.000026
FILLER_10_21,VSS,Metal1,17.5260,53.3800,0.000026
FILLER_10_14,VSS,Metal1,14.1660,53.3800,0.000026
FILLER_10_7,VSS,Metal1,10.8060,53.3800,0.000026
FILLER_10_0,VSS,Metal1,7.4460,53.3800,0.000026
FILLER_9_345,VSS,Metal1,171.8400,52.9200,0.002309
FILLER_9_338,VSS,Metal1,169.6860,52.4590,0.002309
FILLER_9_331,VSS,Metal1,166.3260,52.4590,0.002309
FILLER_9_324,VSS,Metal1,162.9660,52.4590,0.002309
FILLER_9_317,VSS,Metal1,159.6060,52.4590,0.002309
FILLER_9_310,VSS,Metal1,156.2460,52.4590,0.002309
FILLER_9_303,VSS,Metal1,152.8860,52.4590,0.002309
FILLER_9_296,VSS,Metal1,149.5260,52.4590,0.002309
FILLER_9_291,VSS,Metal1,145.6800,52.9200,0.002308
FILLER_9_272,VSS,Metal1,136.8000,52.9200,0.001813
FILLER_9_265,VSS,Metal1,133.2000,52.9200,0.001686
FILLER_9_252,VSS,Metal1,128.4060,52.4590,0.001659
FILLER_9_245,VSS,Metal1,125.0460,52.4590,0.001480
FILLER_9_238,VSS,Metal1,121.6860,52.4590,0.001480
FILLER_9_231,VSS,Metal1,118.3260,52.4590,0.001426
FILLER_9_217,VSS,Metal1,110.4000,52.9200,0.001255
FILLER_9_213,VSS,Metal1,108.9480,52.5430,0.001247
FILLER_9_206,VSS,Metal1,106.3260,52.4590,0.001119
FILLER_9_199,VSS,Metal1,102.9660,52.4590,0.000321
FILLER_9_192,VSS,Metal1,99.6060,52.4590,0.000151
FILLER_9_185,VSS,Metal1,96.2460,52.4590,0.000205
FILLER_9_175,VSS,Metal1,90.0000,52.9200,0.000279
FILLER_9_171,VSS,Metal1,88.7880,52.5430,0.000279
FILLER_9_166,VSS,Metal1,85.6800,52.9200,0.000318
FILLER_9_162,VSS,Metal1,84.4680,52.5430,0.000357
FILLER_9_155,VSS,Metal1,81.8460,52.4590,0.000358
FILLER_9_127,VSS,Metal1,66.9600,52.9200,0.000415
FILLER_9_115,VSS,Metal1,62.6460,52.4590,0.000416
FILLER_9_100,VSS,Metal1,54.2400,52.9200,0.000341
FILLER_9_96,VSS,Metal1,52.7880,52.5430,0.000341
FILLER_9_89,VSS,Metal1,50.1660,52.4590,0.000286
FILLER_9_84,VSS,Metal1,46.3200,52.9200,0.000214
FILLER_9_77,VSS,Metal1,44.4060,52.4590,0.000141
FILLER_9_39,VSS,Metal1,24.9600,52.9200,0.000026
FILLER_9_35,VSS,Metal1,23.5080,52.5430,0.000026
FILLER_9_28,VSS,Metal1,20.8860,52.4590,0.000026
FILLER_9_21,VSS,Metal1,17.5260,52.4590,0.000026
FILLER_9_14,VSS,Metal1,14.1660,52.4590,0.000026
FILLER_9_7,VSS,Metal1,10.8060,52.4590,0.000026
FILLER_9_0,VSS,Metal1,7.4460,52.4590,0.000026
FILLER_8_346,VSS,Metal1,172.0800,45.3600,0.001328
FILLER_8_344,VSS,Metal1,171.3600,45.3600,0.001328
FILLER_8_337,VSS,Metal1,169.2060,45.8200,0.001328
FILLER_8_330,VSS,Metal1,165.8460,45.8200,0.001328
FILLER_8_323,VSS,Metal1,162.4860,45.8200,0.001328
FILLER_8_316,VSS,Metal1,159.1260,45.8200,0.001328
FILLER_8_268,VSS,Metal1,136.0860,45.8200,0.000787
FILLER_8_261,VSS,Metal1,132.7260,45.8200,0.000749
FILLER_8_254,VSS,Metal1,129.3660,45.8200,0.000736
FILLER_8_222,VSS,Metal1,112.5600,45.3600,0.000677
FILLER_8_217,VSS,Metal1,110.1600,45.3600,0.000638
FILLER_8_213,VSS,Metal1,108.9480,45.7360,0.000633
FILLER_8_206,VSS,Metal1,106.3260,45.8200,0.000338
FILLER_8_199,VSS,Metal1,102.9660,45.8200,0.000063
FILLER_8_193,VSS,Metal1,98.6400,45.3600,0.000116
FILLER_8_156,VSS,Metal1,80.8800,45.3600,0.000326
FILLER_8_154,VSS,Metal1,80.1600,45.3600,0.000326
FILLER_8_139,VSS,Metal1,72.9600,45.3600,0.000367
FILLER_8_49,VSS,Metal1,30.2280,45.7360,0.000130
FILLER_8_42,VSS,Metal1,27.6060,45.8200,0.000027
FILLER_8_35,VSS,Metal1,24.2460,45.8200,0.000016
FILLER_8_28,VSS,Metal1,20.8860,45.8200,0.000016
FILLER_8_21,VSS,Metal1,17.5260,45.8200,0.000016
FILLER_8_14,VSS,Metal1,14.1660,45.8200,0.000016
FILLER_8_7,VSS,Metal1,10.8060,45.8200,0.000016
FILLER_8_0,VSS,Metal1,7.4460,45.8200,0.000016
FILLER_7_340,VSS,Metal1,170.6460,44.8990,0.001328
FILLER_7_333,VSS,Metal1,167.2860,44.8990,0.001328
FILLER_7_326,VSS,Metal1,163.9260,44.8990,0.001328
FILLER_7_319,VSS,Metal1,160.5660,44.8990,0.001328
FILLER_7_312,VSS,Metal1,157.2060,44.8990,0.001328
FILLER_7_305,VSS,Metal1,153.8460,44.8990,0.001328
FILLER_7_298,VSS,Metal1,150.4860,44.8990,0.001328
FILLER_7_293,VSS,Metal1,146.6400,45.3600,0.001328
FILLER_7_286,VSS,Metal1,144.7260,44.8990,0.001328
FILLER_7_280,VSS,Metal1,140.6400,45.3600,0.001312
FILLER_7_276,VSS,Metal1,138.4800,45.3600,0.000801
FILLER_7_274,VSS,Metal1,137.7600,45.3600,0.000794
FILLER_7_267,VSS,Metal1,135.6060,44.8990,0.000787
FILLER_7_216,VSS,Metal1,109.6800,45.3600,0.000633
FILLER_7_214,VSS,Metal1,108.9600,45.3600,0.000633
FILLER_7_206,VSS,Metal1,105.1200,45.3600,0.000338
FILLER_7_202,VSS,Metal1,103.6680,44.9830,0.000065
FILLER_7_195,VSS,Metal1,101.0460,44.8990,0.000063
FILLER_7_188,VSS,Metal1,97.6860,44.8990,0.000116
FILLER_7_154,VSS,Metal1,81.3660,44.8990,0.000326
FILLER_7_147,VSS,Metal1,78.0060,44.8990,0.000355
FILLER_7_140,VSS,Metal1,74.6460,44.8990,0.000365
FILLER_7_133,VSS,Metal1,71.2860,44.8990,0.000369
FILLER_7_127,VSS,Metal1,66.9600,45.3600,0.000378
FILLER_7_125,VSS,Metal1,66.2400,45.3600,0.000378
FILLER_7_118,VSS,Metal1,64.0860,44.8990,0.000382
FILLER_7_98,VSS,Metal1,54.4860,44.8990,0.000381
FILLER_7_91,VSS,Metal1,51.1260,44.8990,0.000369
FILLER_7_80,VSS,Metal1,44.6400,45.3600,0.000367
FILLER_7_73,VSS,Metal1,42.4860,44.8990,0.000367
FILLER_7_63,VSS,Metal1,36.4800,45.3600,0.000169
FILLER_7_56,VSS,Metal1,34.3260,44.8990,0.000157
FILLER_7_49,VSS,Metal1,30.9660,44.8990,0.000130
FILLER_7_42,VSS,Metal1,27.6060,44.8990,0.000027
FILLER_7_35,VSS,Metal1,24.2460,44.8990,0.000016
FILLER_7_28,VSS,Metal1,20.8860,44.8990,0.000016
FILLER_7_21,VSS,Metal1,17.5260,44.8990,0.000016
FILLER_7_14,VSS,Metal1,14.1660,44.8990,0.000016
FILLER_7_7,VSS,Metal1,10.8060,44.8990,0.000016
FILLER_7_0,VSS,Metal1,7.4460,44.8990,0.000016
FILLER_6_345,VSS,Metal1,171.8400,37.8000,0.001014
FILLER_6_338,VSS,Metal1,169.6860,38.2600,0.001014
FILLER_6_331,VSS,Metal1,166.3260,38.2600,0.001014
FILLER_6_324,VSS,Metal1,162.9660,38.2600,0.001014
FILLER_6_317,VSS,Metal1,159.6060,38.2600,0.001014
FILLER_6_310,VSS,Metal1,156.2460,38.2600,0.001014
FILLER_6_303,VSS,Metal1,152.8860,38.2600,0.001014
FILLER_6_298,VSS,Metal1,149.0400,37.8000,0.001014
FILLER_6_261,VSS,Metal1,132.7260,38.2600,0.000927
FILLER_6_254,VSS,Metal1,129.3660,38.2600,0.000912
FILLER_6_216,VSS,Metal1,109.9200,37.8000,0.000131
FILLER_6_209,VSS,Metal1,107.7660,38.2600,0.000120
FILLER_6_202,VSS,Metal1,104.4060,38.2600,0.000016
FILLER_6_195,VSS,Metal1,101.0460,38.2600,0.000015
FILLER_6_183,VSS,Metal1,95.2860,38.2600,0.000018
FILLER_6_172,VSS,Metal1,90.0060,38.2600,0.000036
FILLER_6_165,VSS,Metal1,86.6460,38.2600,0.000037
FILLER_6_158,VSS,Metal1,83.2860,38.2600,0.000037
FILLER_6_151,VSS,Metal1,79.9260,38.2600,0.000038
FILLER_6_147,VSS,Metal1,76.5600,37.8000,0.000039
FILLER_6_140,VSS,Metal1,74.6460,38.2600,0.000039
FILLER_6_133,VSS,Metal1,71.2860,38.2600,0.000039
FILLER_6_126,VSS,Metal1,67.9260,38.2600,0.000039
FILLER_6_119,VSS,Metal1,64.5660,38.2600,0.000041
FILLER_6_112,VSS,Metal1,61.2060,38.2600,0.000041
FILLER_6_105,VSS,Metal1,57.8460,38.2600,0.000041
FILLER_6_98,VSS,Metal1,54.4860,38.2600,0.000041
FILLER_6_91,VSS,Metal1,51.1260,38.2600,0.000041
FILLER_6_84,VSS,Metal1,47.7660,38.2600,0.000041
FILLER_6_77,VSS,Metal1,44.4060,38.2600,0.000041
FILLER_6_70,VSS,Metal1,41.0460,38.2600,0.000041
FILLER_6_63,VSS,Metal1,37.6860,38.2600,0.000037
FILLER_6_56,VSS,Metal1,34.3260,38.2600,0.000014
FILLER_6_49,VSS,Metal1,30.9660,38.2600,0.000011
FILLER_6_42,VSS,Metal1,27.6060,38.2600,0.000002
FILLER_6_35,VSS,Metal1,24.2460,38.2600,0.000001
FILLER_6_28,VSS,Metal1,20.8860,38.2600,0.000001
FILLER_6_21,VSS,Metal1,17.5260,38.2600,0.000001
FILLER_6_14,VSS,Metal1,14.1660,38.2600,0.000001
FILLER_6_7,VSS,Metal1,10.8060,38.2600,0.000001
FILLER_6_0,VSS,Metal1,7.4460,38.2600,0.000001
FILLER_5_346,VSS,Metal1,172.0800,37.8000,0.001014
FILLER_5_339,VSS,Metal1,170.1660,37.3390,0.001014
FILLER_5_332,VSS,Metal1,166.8060,37.3390,0.001014
FILLER_5_325,VSS,Metal1,163.4460,37.3390,0.001014
FILLER_5_318,VSS,Metal1,160.0860,37.3390,0.001014
FILLER_5_263,VSS,Metal1,132.4800,37.8000,0.000927
FILLER_5_237,VSS,Metal1,120.0000,37.8000,0.000221
FILLER_5_219,VSS,Metal1,111.3600,37.8000,0.000136
FILLER_5_214,VSS,Metal1,108.9600,37.8000,0.000120
FILLER_5_210,VSS,Metal1,107.5080,37.4230,0.000120
FILLER_5_198,VSS,Metal1,102.4860,37.3390,0.000016
FILLER_5_191,VSS,Metal1,99.1260,37.3390,0.000015
FILLER_5_184,VSS,Metal1,95.7660,37.3390,0.000018
FILLER_5_178,VSS,Metal1,91.6800,37.8000,0.000035
FILLER_5_172,VSS,Metal1,88.5600,37.8000,0.000036
FILLER_5_170,VSS,Metal1,87.8400,37.8000,0.000037
FILLER_5_163,VSS,Metal1,85.6860,37.3390,0.000037
FILLER_5_157,VSS,Metal1,81.6000,37.8000,0.000038
FILLER_5_150,VSS,Metal1,79.4460,37.3390,0.000038
FILLER_5_143,VSS,Metal1,76.0860,37.3390,0.000039
FILLER_5_136,VSS,Metal1,72.7260,37.3390,0.000039
FILLER_5_129,VSS,Metal1,69.3660,37.3390,0.000039
FILLER_5_124,VSS,Metal1,65.5200,37.8000,0.000041
FILLER_5_122,VSS,Metal1,64.8000,37.8000,0.000041
FILLER_5_112,VSS,Metal1,59.7600,37.8000,0.000041
FILLER_5_108,VSS,Metal1,58.5480,37.4230,0.000041
FILLER_5_101,VSS,Metal1,55.9260,37.3390,0.000041
FILLER_5_94,VSS,Metal1,52.5660,37.3390,0.000041
FILLER_5_89,VSS,Metal1,48.7200,37.8000,0.000041
FILLER_5_85,VSS,Metal1,47.5080,37.4230,0.000041
FILLER_5_78,VSS,Metal1,44.8860,37.3390,0.000041
FILLER_5_64,VSS,Metal1,36.7200,37.8000,0.000037
FILLER_5_53,VSS,Metal1,31.6800,37.8000,0.000011
FILLER_5_49,VSS,Metal1,30.2280,37.4230,0.000011
FILLER_5_42,VSS,Metal1,27.6060,37.3390,0.000002
FILLER_5_35,VSS,Metal1,24.2460,37.3390,0.000001
FILLER_5_28,VSS,Metal1,20.8860,37.3390,0.000001
FILLER_5_21,VSS,Metal1,17.5260,37.3390,0.000001
FILLER_5_14,VSS,Metal1,14.1660,37.3390,0.000001
FILLER_5_7,VSS,Metal1,10.8060,37.3390,0.000001
FILLER_5_0,VSS,Metal1,7.4460,37.3390,0.000001
FILLER_4_343,VSS,Metal1,171.3480,30.6160,0.002453
FILLER_4_336,VSS,Metal1,168.7260,30.7000,0.002452
FILLER_4_329,VSS,Metal1,165.3660,30.7000,0.002451
FILLER_4_315,VSS,Metal1,157.4400,30.2400,0.002331
FILLER_4_304,VSS,Metal1,151.9200,30.2400,0.002325
FILLER_4_253,VSS,Metal1,127.6800,30.2400,0.001986
FILLER_4_239,VSS,Metal1,120.9600,30.2400,0.001241
FILLER_4_215,VSS,Metal1,109.9080,30.6160,0.000289
FILLER_4_199,VSS,Metal1,102.2280,30.6160,0.000056
FILLER_4_190,VSS,Metal1,97.2000,30.2400,0.000060
FILLER_4_149,VSS,Metal1,77.5200,30.2400,0.000427
FILLER_4_147,VSS,Metal1,76.8000,30.2400,0.000427
FILLER_4_114,VSS,Metal1,60.9600,30.2400,0.000403
FILLER_4_107,VSS,Metal1,58.8060,30.7000,0.000391
FILLER_4_100,VSS,Metal1,55.4460,30.7000,0.000390
FILLER_4_89,VSS,Metal1,48.9600,30.2400,0.000390
FILLER_4_82,VSS,Metal1,45.6000,30.2400,0.000299
FILLER_4_46,VSS,Metal1,28.0800,30.2400,0.000211
FILLER_4_42,VSS,Metal1,26.8680,30.6160,0.000211
FILLER_4_35,VSS,Metal1,24.2460,30.7000,0.000028
FILLER_4_28,VSS,Metal1,20.8860,30.7000,0.000028
FILLER_4_21,VSS,Metal1,17.5260,30.7000,0.000028
FILLER_4_14,VSS,Metal1,14.1660,30.7000,0.000028
FILLER_4_7,VSS,Metal1,10.8060,30.7000,0.000028
FILLER_4_0,VSS,Metal1,7.4460,30.7000,0.000028
FILLER_3_341,VSS,Metal1,169.9200,30.2400,0.002452
FILLER_3_337,VSS,Metal1,168.4680,29.8630,0.002452
FILLER_3_282,VSS,Metal1,141.6000,30.2400,0.002222
FILLER_3_261,VSS,Metal1,131.5200,30.2400,0.002043
FILLER_3_243,VSS,Metal1,122.6400,30.2400,0.001273
FILLER_3_222,VSS,Metal1,112.8000,30.2400,0.000309
FILLER_3_145,VSS,Metal1,76.3080,29.8630,0.000427
FILLER_3_138,VSS,Metal1,73.6860,29.7790,0.000433
FILLER_3_123,VSS,Metal1,65.0400,30.2400,0.000433
FILLER_3_112,VSS,Metal1,59.7600,30.2400,0.000391
FILLER_3_49,VSS,Metal1,30.2280,29.8630,0.000211
FILLER_3_42,VSS,Metal1,27.6060,29.7790,0.000211
FILLER_3_35,VSS,Metal1,24.2460,29.7790,0.000028
FILLER_3_28,VSS,Metal1,20.8860,29.7790,0.000028
FILLER_3_21,VSS,Metal1,17.5260,29.7790,0.000028
FILLER_3_14,VSS,Metal1,14.1660,29.7790,0.000028
FILLER_3_7,VSS,Metal1,10.8060,29.7790,0.000028
FILLER_3_0,VSS,Metal1,7.4460,29.7790,0.000028
FILLER_2_289,VSS,Metal1,144.9600,22.6800,0.000715
FILLER_2_234,VSS,Metal1,118.3200,22.6800,0.000357
FILLER_2_148,VSS,Metal1,77.0400,22.6800,0.000252
FILLER_2_146,VSS,Metal1,76.3200,22.6800,0.000252
FILLER_2_139,VSS,Metal1,74.1660,23.1400,0.000252
FILLER_2_131,VSS,Metal1,69.5880,23.0560,0.000252
FILLER_2_105,VSS,Metal1,57.8460,23.1400,0.000179
FILLER_2_77,VSS,Metal1,43.2000,22.6800,0.000123
FILLER_2_65,VSS,Metal1,37.2000,22.6800,0.000091
FILLER_2_56,VSS,Metal1,33.5880,23.0560,0.000081
FILLER_2_49,VSS,Metal1,30.9660,23.1400,0.000022
FILLER_2_42,VSS,Metal1,27.6060,23.1400,0.000015
FILLER_2_35,VSS,Metal1,24.2460,23.1400,0.000009
FILLER_2_28,VSS,Metal1,20.8860,23.1400,0.000009
FILLER_2_21,VSS,Metal1,17.5260,23.1400,0.000009
FILLER_2_14,VSS,Metal1,14.1660,23.1400,0.000009
FILLER_2_7,VSS,Metal1,10.8060,23.1400,0.000009
FILLER_2_0,VSS,Metal1,7.4460,23.1400,0.000009
FILLER_1_346,VSS,Metal1,172.0800,22.6800,0.000794
FILLER_1_157,VSS,Metal1,81.3600,22.6800,0.000244
FILLER_1_120,VSS,Metal1,64.3080,22.3030,0.000204
FILLER_1_113,VSS,Metal1,60.9480,22.3030,0.000185
FILLER_1_106,VSS,Metal1,58.3260,22.2190,0.000179
FILLER_1_102,VSS,Metal1,54.9600,22.6800,0.000177
FILLER_1_100,VSS,Metal1,54.2400,22.6800,0.000177
FILLER_1_93,VSS,Metal1,52.0860,22.2190,0.000172
FILLER_1_80,VSS,Metal1,45.1080,22.3030,0.000166
FILLER_1_67,VSS,Metal1,38.8680,22.3030,0.000113
FILLER_1_63,VSS,Metal1,36.2400,22.6800,0.000081
FILLER_1_56,VSS,Metal1,34.3260,22.2190,0.000081
FILLER_1_49,VSS,Metal1,30.9660,22.2190,0.000022
FILLER_1_42,VSS,Metal1,27.6060,22.2190,0.000015
FILLER_1_35,VSS,Metal1,24.2460,22.2190,0.000009
FILLER_1_28,VSS,Metal1,20.8860,22.2190,0.000009
FILLER_1_21,VSS,Metal1,17.5260,22.2190,0.000009
FILLER_1_14,VSS,Metal1,14.1660,22.2190,0.000009
FILLER_1_7,VSS,Metal1,10.8060,22.2190,0.000009
FILLER_1_0,VSS,Metal1,7.4460,22.2190,0.000009
FILLER_0_345,VSS,Metal1,171.8400,15.1200,0.000197
FILLER_0_130,VSS,Metal1,69.8460,15.5800,0.000019
FILLER_0_123,VSS,Metal1,66.4860,15.5800,0.000018
FILLER_0_116,VSS,Metal1,63.1260,15.5800,0.000016
FILLER_0_109,VSS,Metal1,59.7660,15.5800,0.000015
FILLER_0_102,VSS,Metal1,56.4060,15.5800,0.000014
FILLER_0_95,VSS,Metal1,53.0460,15.5800,0.000013
FILLER_0_88,VSS,Metal1,49.6860,15.5800,0.000011
FILLER_0_81,VSS,Metal1,46.3260,15.5800,0.000010
FILLER_0_74,VSS,Metal1,42.9660,15.5800,0.000009
FILLER_0_67,VSS,Metal1,39.6060,15.5800,0.000007
FILLER_0_60,VSS,Metal1,36.2460,15.5800,0.000006
FILLER_0_53,VSS,Metal1,32.8860,15.5800,0.000005
FILLER_0_46,VSS,Metal1,29.5260,15.5800,0.000004
FILLER_0_39,VSS,Metal1,26.1660,15.5800,0.000002
FILLER_0_30,VSS,Metal1,20.4000,15.1200,0.000004
FILLER_0_28,VSS,Metal1,19.6800,15.1200,0.000004
FILLER_0_21,VSS,Metal1,17.5260,15.5800,0.000004
FILLER_0_14,VSS,Metal1,14.1660,15.5800,0.000004
FILLER_0_7,VSS,Metal1,10.8060,15.5800,0.000004
FILLER_0_0,VSS,Metal1,7.4460,15.5800,0.000004
hold481,VSS,Metal1,109.2410,15.3270,0.000049
hold480,VSS,Metal1,108.7610,22.4720,0.000209
hold479,VSS,Metal1,112.9980,22.4720,0.000291
hold478,VSS,Metal1,142.2780,22.4720,0.000713
hold477,VSS,Metal1,104.3580,22.4720,0.000122
hold476,VSS,Metal1,117.8810,15.3270,0.000084
hold475,VSS,Metal1,150.9180,22.4720,0.000792
hold474,VSS,Metal1,104.9210,15.3270,0.000029
hold473,VSS,Metal1,113.5610,15.3270,0.000067
hold472,VSS,Metal1,35.8010,75.3920,0.000025
hold471,VSS,Metal1,92.4410,22.4720,0.000052
hold470,VSS,Metal1,138.0410,22.4720,0.000661
hold469,VSS,Metal1,83.3210,15.3270,0.000023
hold468,VSS,Metal1,139.4810,15.3270,0.000152
hold467,VSS,Metal1,87.6410,15.3270,0.000021
hold466,VSS,Metal1,146.5980,22.4720,0.000767
hold465,VSS,Metal1,148.1210,15.3270,0.000171
hold464,VSS,Metal1,142.2780,22.8870,0.000713
hold463,VSS,Metal1,143.8010,106.0470,0.000182
hold462,VSS,Metal1,155.3210,22.4720,0.000794
hold461,VSS,Metal1,83.8010,22.4720,0.000233
hold460,VSS,Metal1,100.0380,22.4720,0.000047
hold459,VSS,Metal1,148.1210,53.1270,0.002309
hold458,VSS,Metal1,137.4780,53.1270,0.001813
hold457,VSS,Metal1,133.7210,22.4720,0.000494
hold456,VSS,Metal1,138.0410,22.8870,0.000661
hold455,VSS,Metal1,143.8010,15.3270,0.000162
hold454,VSS,Metal1,140.3580,60.2720,0.000828
hold453,VSS,Metal1,129.4010,22.4720,0.000494
hold452,VSS,Metal1,100.6010,15.3270,0.000009
hold451,VSS,Metal1,88.1210,22.4720,0.000069
hold450,VSS,Metal1,156.6780,15.3270,0.000184
hold449,VSS,Metal1,152.3580,15.3270,0.000178
hold448,VSS,Metal1,96.2810,15.3270,0.000014
hold447,VSS,Metal1,142.2780,45.5670,0.001328
hold446,VSS,Metal1,139.0010,38.0070,0.001003
hold445,VSS,Metal1,130.8410,15.3270,0.000128
hold444,VSS,Metal1,117.8810,60.2720,0.000546
hold443,VSS,Metal1,117.4010,53.1270,0.001425
hold442,VSS,Metal1,135.1610,15.3270,0.000141
hold441,VSS,Metal1,114.4380,45.1520,0.000723
hold440,VSS,Metal1,118.8410,45.1520,0.000725
hold439,VSS,Metal1,126.5210,15.3270,0.000115
hold438,VSS,Metal1,51.1610,22.8870,0.000172
hold437,VSS,Metal1,91.9610,15.3270,0.000018
hold436,VSS,Metal1,141.8810,30.4470,0.002222
hold435,VSS,Metal1,120.7610,22.8870,0.000400
hold434,VSS,Metal1,123.1610,38.0070,0.000234
hold433,VSS,Metal1,122.2010,15.3270,0.000100
hold432,VSS,Metal1,125.0810,22.4720,0.000484
hold431,VSS,Metal1,117.4010,22.4720,0.000357
hold430,VSS,Metal1,48.2810,181.2320,0.000072
hold429,VSS,Metal1,61.7210,166.5270,0.000129
hold428,VSS,Metal1,56.4410,174.0870,0.000443
hold427,VSS,Metal1,52.1210,174.0870,0.000440
hold426,VSS,Metal1,60.7610,174.0870,0.000445
hold425,VSS,Metal1,107.8010,136.2870,0.000146
hold424,VSS,Metal1,50.6810,173.6720,0.000440
hold423,VSS,Metal1,160.0380,174.0870,0.000976
hold422,VSS,Metal1,61.2410,181.2320,0.000084
hold421,VSS,Metal1,106.7580,173.6720,0.000352
hold420,VSS,Metal1,65.5610,181.2320,0.000085
hold419,VSS,Metal1,57.4010,166.5270,0.000129
hold418,VSS,Metal1,160.1210,181.2320,0.000495
hold417,VSS,Metal1,73.7210,174.0870,0.000440
hold416,VSS,Metal1,92.9210,143.4320,0.000080
hold415,VSS,Metal1,48.7610,166.5270,0.000069
hold414,VSS,Metal1,44.4410,166.5270,0.000067
hold413,VSS,Metal1,65.0810,174.0870,0.000446
hold412,VSS,Metal1,69.4010,174.0870,0.000445
hold411,VSS,Metal1,39.1610,174.0870,0.000178
hold410,VSS,Metal1,56.8380,181.2320,0.000081
hold409,VSS,Metal1,96.1980,173.6720,0.000124
hold408,VSS,Metal1,69.7980,181.2320,0.000086
hold407,VSS,Metal1,116.4410,143.4320,0.000219
hold406,VSS,Metal1,52.6010,181.2320,0.000077
hold405,VSS,Metal1,153.3180,22.8870,0.000792
hold404,VSS,Metal1,161.0810,15.3270,0.000189
hold403,VSS,Metal1,78.0410,143.4320,0.000272
hold402,VSS,Metal1,43.3980,174.0870,0.000432
hold401,VSS,Metal1,67.9610,135.8720,0.000085
hold400,VSS,Metal1,55.0010,173.6720,0.000442
hold399,VSS,Metal1,39.6410,181.2320,0.000058
hold398,VSS,Metal1,98.2010,150.9920,0.000313
hold397,VSS,Metal1,93.3180,151.4070,0.000320
hold396,VSS,Metal1,43.9610,181.2320,0.000066
hold395,VSS,Metal1,130.8410,174.0870,0.000570
hold394,VSS,Metal1,74.2010,181.2320,0.000084
hold393,VSS,Metal1,81.8810,166.5270,0.000113
hold392,VSS,Metal1,53.0810,166.5270,0.000070
hold391,VSS,Metal1,70.3610,158.5520,0.000321
hold390,VSS,Metal1,46.3610,173.6720,0.000436
hold389,VSS,Metal1,105.3180,166.5270,0.000060
hold388,VSS,Metal1,78.5210,181.2320,0.000082
hold387,VSS,Metal1,30.5210,174.0870,0.000176
hold386,VSS,Metal1,31.0010,181.2320,0.000040
hold385,VSS,Metal1,34.8410,174.0870,0.000178
hold384,VSS,Metal1,157.6380,30.0320,0.002331
hold383,VSS,Metal1,165.3180,15.3270,0.000193
hold382,VSS,Metal1,53.4780,150.9920,0.000440
hold381,VSS,Metal1,47.8010,174.0870,0.000437
hold380,VSS,Metal1,35.3210,181.2320,0.000050
hold379,VSS,Metal1,40.1210,166.5270,0.000066
clkload10,VSS,Metal1,145.5500,151.4470,0.005076
clkload9,VSS,Metal1,128.2700,150.9520,0.002336
clkload8,VSS,Metal1,152.0500,128.2720,0.000509
clkload7,VSS,Metal1,72.1100,150.9520,0.000442
clkload6,VSS,Metal1,47.6300,150.9520,0.000440
clkload5,VSS,Metal1,74.5100,128.2720,0.000140
clkload4,VSS,Metal1,129.7100,83.4070,0.000744
clkload3,VSS,Metal1,114.3500,83.4070,0.000200
clkload2,VSS,Metal1,144.5900,52.6720,0.002308
clkload1,VSS,Metal1,64.2100,82.9120,0.000457
clkload0,VSS,Metal1,74.2900,53.1670,0.000370
clkbuf_4_15_0_clk_i,VSS,Metal1,149.3220,151.5020,0.005182
clkbuf_4_14_0_clk_i,VSS,Metal1,128.2020,151.5020,0.002336
clkbuf_4_13_0_clk_i,VSS,Metal1,154.5170,128.8220,0.000509
clkbuf_4_12_0_clk_i,VSS,Metal1,135.7970,128.8220,0.000440
clkbuf_4_11_0_clk_i,VSS,Metal1,78.1970,150.8970,0.000436
clkbuf_4_10_0_clk_i,VSS,Metal1,58.9970,150.8970,0.000440
clkbuf_4_9_0_clk_i,VSS,Metal1,78.6770,128.2170,0.000137
clkbuf_4_8_0_clk_i,VSS,Metal1,59.9570,121.2620,0.000516
clkbuf_4_7_0_clk_i,VSS,Metal1,137.2370,83.4620,0.001219
clkbuf_4_6_0_clk_i,VSS,Metal1,118.1220,83.4620,0.000600
clkbuf_4_5_0_clk_i,VSS,Metal1,142.9970,53.2220,0.002308
clkbuf_4_4_0_clk_i,VSS,Metal1,124.2770,53.2220,0.001480
clkbuf_4_3_0_clk_i,VSS,Metal1,68.1170,82.8570,0.000443
clkbuf_4_2_0_clk_i,VSS,Metal1,49.0020,82.8570,0.000466
clkbuf_4_1_0_clk_i,VSS,Metal1,76.3620,45.6620,0.000365
clkbuf_4_0_0_clk_i,VSS,Metal1,58.0370,52.6170,0.000416
clkbuf_0_clk_i,VSS,Metal1,103.9190,98.6690,0.000158
peripherals_macro,VSS,Metal1,157.6000,37.7030,0.001014
fanout274,VSS,Metal1,42.2050,158.9720,0.000131
fanout273,VSS,Metal1,112.7650,136.2920,0.000158
fanout272,VSS,Metal1,103.6450,150.9870,0.001441
fanout271,VSS,Metal1,136.2850,174.0920,0.000570
fanout270,VSS,Metal1,135.3250,143.8520,0.000486
fanout269,VSS,Metal1,44.6750,158.5470,0.000153
fanout268,VSS,Metal1,71.4850,143.4270,0.000272
fanout267,VSS,Metal1,43.2350,151.4120,0.000297
fanout266,VSS,Metal1,82.0450,106.0520,0.000095
fanout265,VSS,Metal1,49.8850,136.2920,0.000067
fanout264,VSS,Metal1,39.8750,90.5070,0.000017
fanout263,VSS,Metal1,145.4050,98.0670,0.000282
fanout262,VSS,Metal1,111.8050,83.3720,0.000185
fanout261,VSS,Metal1,105.6350,60.2670,0.000123
fanout260,VSS,Metal1,103.7150,60.2670,0.000050
fanout259,VSS,Metal1,43.6450,83.3720,0.000416
fanout258,VSS,Metal1,36.5150,67.8270,0.000084
fanout257,VSS,Metal1,37.4750,60.2670,0.000037
fanout256,VSS,Metal1,44.1250,30.4520,0.000278
fanout255,VSS,Metal1,91.1650,98.4920,0.000157
fanout254,VSS,Metal1,124.8350,83.3720,0.000611
fanout253,VSS,Metal1,117.0850,30.0270,0.001210
fanout252,VSS,Metal1,38.4350,22.8920,0.000113
fanout251,VSS,Metal1,32.1250,30.0270,0.000231
fanout250,VSS,Metal1,40.2850,22.8920,0.000121
fanout249,VSS,Metal1,62.4350,22.8920,0.000191
fanout248,VSS,Metal1,41.7950,52.7070,0.000066
fanout247,VSS,Metal1,77.3150,75.8120,0.000078
fanout246,VSS,Metal1,82.5250,75.3870,0.000071
fanout245,VSS,Metal1,134.9150,30.0270,0.002101
fanout244,VSS,Metal1,132.9950,30.0270,0.002065
fanout243,VSS,Metal1,141.6350,75.3870,0.000866
fanout242,VSS,Metal1,141.1550,67.8270,0.000196
fanout241,VSS,Metal1,39.8050,30.0270,0.000232
fanout240,VSS,Metal1,93.0850,98.4920,0.000159
fanout239,VSS,Metal1,133.4750,67.8270,0.000192
fanout238,VSS,Metal1,131.5550,67.8270,0.000189
fanout237,VSS,Metal1,109.4050,30.0270,0.000289
fanout236,VSS,Metal1,111.3950,30.0270,0.000302
fanout235,VSS,Metal1,42.2050,37.5870,0.000041
fanout234,VSS,Metal1,38.4350,67.8270,0.000095
fanout233,VSS,Metal1,73.8850,75.3870,0.000078
fanout232,VSS,Metal1,71.0750,30.0270,0.000434
fanout231,VSS,Metal1,43.7150,30.0270,0.000273
fanout230,VSS,Metal1,40.2850,37.5870,0.000043
fanout229,VSS,Metal1,87.8050,90.9320,0.000087
fanout228,VSS,Metal1,129.6350,68.2520,0.000179
fanout227,VSS,Metal1,107.5550,30.0270,0.000242
fanout226,VSS,Metal1,41.7950,30.0270,0.000231
fanout225,VSS,Metal1,40.7650,68.2520,0.000124
fanout224,VSS,Metal1,138.2750,174.0920,0.000570
fanout223,VSS,Metal1,112.3550,174.0920,0.000466
fanout222,VSS,Metal1,96.5150,158.5470,0.000212
fanout221,VSS,Metal1,86.9150,166.5320,0.000113
fanout220,VSS,Metal1,58.1150,158.5470,0.000285
fanout219,VSS,Metal1,86.8450,158.5470,0.000245
fanout218,VSS,Metal1,110.3650,174.0920,0.000413
fanout217,VSS,Metal1,94.5250,158.5470,0.000228
fanout216,VSS,Metal1,68.1950,166.1070,0.000128
fanout215,VSS,Metal1,55.7150,158.9720,0.000275
fanout214,VSS,Metal1,155.0050,136.2920,0.000756
fanout213,VSS,Metal1,154.5950,174.0920,0.000939
fanout212,VSS,Metal1,153.0850,136.2920,0.000732
fanout211,VSS,Metal1,93.6350,143.8520,0.000080
fanout210,VSS,Metal1,68.6750,143.4270,0.000271
fanout209,VSS,Metal1,158.4350,121.1720,0.001299
fanout208,VSS,Metal1,163.7150,166.1070,0.002209
fanout207,VSS,Metal1,160.2850,121.1720,0.001355
fanout206,VSS,Metal1,98.4350,143.4270,0.000057
fanout205,VSS,Metal1,53.3150,128.3070,0.000123
fanout204,VSS,Metal1,149.2450,136.2920,0.000446
fanout203,VSS,Metal1,151.1650,136.2920,0.000719
fanout202,VSS,Metal1,91.7150,143.8520,0.000080
fanout201,VSS,Metal1,70.1150,166.1070,0.000125
fanout200,VSS,Metal1,66.7550,143.4270,0.000230
fanout199,VSS,Metal1,142.1150,38.0120,0.001014
fanout198,VSS,Metal1,153.1550,82.9470,0.001239
fanout197,VSS,Metal1,151.1650,82.9470,0.001226
fanout196,VSS,Metal1,121.9550,75.3870,0.000304
fanout195,VSS,Metal1,144.9950,30.4520,0.002277
fanout194,VSS,Metal1,93.1550,37.5870,0.000034
fanout193,VSS,Metal1,81.6350,98.0670,0.000137
fanout192,VSS,Metal1,56.6050,90.5070,0.000094
fanout191,VSS,Metal1,52.8350,30.4520,0.000390
fanout190,VSS,Metal1,95.9650,30.4520,0.000073
fanout189,VSS,Metal1,146.9150,75.8120,0.000955
fanout188,VSS,Metal1,144.9250,75.8120,0.000903
fanout187,VSS,Metal1,149.3150,75.3870,0.000986
fanout186,VSS,Metal1,136.7650,30.4520,0.002128
fanout185,VSS,Metal1,112.3550,60.2670,0.000452
fanout184,VSS,Metal1,121.4750,30.0270,0.001271
fanout183,VSS,Metal1,62.4350,30.4520,0.000416
fanout182,VSS,Metal1,56.6750,75.3870,0.000063
fanout181,VSS,Metal1,79.1650,75.8120,0.000073
fanout180,VSS,Metal1,60.9950,30.0270,0.000403
fanout179,VSS,Metal1,63.3950,37.5870,0.000041
output178,VSS,Metal1,160.8350,30.4520,0.002358
output177,VSS,Metal1,167.4850,181.2270,0.000510
output176,VSS,Metal1,169.4050,121.1720,0.001356
output175,VSS,Metal1,171.3250,121.1720,0.001355
output174,VSS,Metal1,169.4050,113.6120,0.000510
output173,VSS,Metal1,171.3250,113.6120,0.000510
output172,VSS,Metal1,171.3250,106.0520,0.000273
output171,VSS,Metal1,169.4050,106.0520,0.000268
output170,VSS,Metal1,171.3250,105.6270,0.000273
output169,VSS,Metal1,167.4850,174.0920,0.000980
output168,VSS,Metal1,169.4050,174.0920,0.000978
output167,VSS,Metal1,169.4050,105.6270,0.000268
output166,VSS,Metal1,171.3250,174.0920,0.000979
output165,VSS,Metal1,167.4850,166.1070,0.002208
output164,VSS,Metal1,171.3250,181.2270,0.000515
output163,VSS,Metal1,169.4050,166.1070,0.002209
output162,VSS,Metal1,171.3250,166.1070,0.002209
output161,VSS,Metal1,169.4050,158.9720,0.000324
output160,VSS,Metal1,171.3250,158.9720,0.000329
output159,VSS,Metal1,169.4050,158.5470,0.000324
output158,VSS,Metal1,171.3250,158.5470,0.000329
output157,VSS,Metal1,169.4050,150.9870,0.005350
output156,VSS,Metal1,171.3250,98.4920,0.000430
output155,VSS,Metal1,171.3250,150.9870,0.005350
output154,VSS,Metal1,169.4050,143.8520,0.001109
output153,VSS,Metal1,171.3250,143.8520,0.001109
output152,VSS,Metal1,169.4050,136.2920,0.000821
output151,VSS,Metal1,171.3250,136.2920,0.000829
output150,VSS,Metal1,171.3250,135.8670,0.000829
output149,VSS,Metal1,169.4050,128.7320,0.000569
output148,VSS,Metal1,171.3250,128.7320,0.000574
output147,VSS,Metal1,169.4050,128.3070,0.000569
output146,VSS,Metal1,171.3250,128.3070,0.000574
output145,VSS,Metal1,169.4050,98.4920,0.000420
output144,VSS,Metal1,162.7550,30.4520,0.002424
output143,VSS,Metal1,81.1550,22.8920,0.000244
output142,VSS,Metal1,171.3250,98.0670,0.000430
output141,VSS,Metal1,84.9950,166.5320,0.000113
output140,VSS,Metal1,82.1150,174.0920,0.000414
output139,VSS,Metal1,75.3250,166.1070,0.000116
output138,VSS,Metal1,80.1950,174.0920,0.000415
output137,VSS,Metal1,69.5650,166.5320,0.000126
output136,VSS,Metal1,78.2750,174.0920,0.000421
output135,VSS,Metal1,93.6350,174.0920,0.000247
output134,VSS,Metal1,107.0750,181.2270,0.000114
output133,VSS,Metal1,103.2350,174.0920,0.000326
output132,VSS,Metal1,73.8850,166.5320,0.000121
output131,VSS,Metal1,105.1550,181.2270,0.000089
output130,VSS,Metal1,101.3150,174.0920,0.000047
output129,VSS,Metal1,103.2350,181.2270,0.000064
output128,VSS,Metal1,99.3950,174.0920,0.000047
output127,VSS,Metal1,101.3150,181.2270,0.000038
output126,VSS,Metal1,99.3950,181.2270,0.000013
output125,VSS,Metal1,97.4750,181.2270,0.000023
output124,VSS,Metal1,95.5550,181.2270,0.000032
output123,VSS,Metal1,93.6350,181.2270,0.000041
output122,VSS,Metal1,91.6450,181.2270,0.000050
output121,VSS,Metal1,72.4450,151.4120,0.000441
output120,VSS,Metal1,89.7250,181.2270,0.000057
output119,VSS,Metal1,91.7150,174.0920,0.000247
output118,VSS,Metal1,87.8050,181.2270,0.000063
output117,VSS,Metal1,89.7950,174.0920,0.000255
output116,VSS,Metal1,85.8850,181.2270,0.000069
output115,VSS,Metal1,87.8750,174.0920,0.000336
output114,VSS,Metal1,83.9650,181.2270,0.000074
output113,VSS,Metal1,85.9550,174.0920,0.000336
output112,VSS,Metal1,82.0450,181.2270,0.000078
output111,VSS,Metal1,84.0350,174.0920,0.000343
output110,VSS,Metal1,73.4050,166.1070,0.000122
output109,VSS,Metal1,120.9950,181.2270,0.000271
output108,VSS,Metal1,118.1150,174.0920,0.000533
output107,VSS,Metal1,119.0750,181.2270,0.000251
output106,VSS,Metal1,116.1950,174.0920,0.000533
output105,VSS,Metal1,114.7550,181.2270,0.000204
output104,VSS,Metal1,114.2750,174.0920,0.000503
output103,VSS,Metal1,112.8350,181.2270,0.000182
output102,VSS,Metal1,149.7950,181.2270,0.000479
output101,VSS,Metal1,144.0350,174.0920,0.000641
output100,VSS,Metal1,110.9150,181.2270,0.000160
output99,VSS,Metal1,145.9550,174.0920,0.000653
output98,VSS,Metal1,142.1150,174.0920,0.000626
output97,VSS,Metal1,147.8750,181.2270,0.000470
output96,VSS,Metal1,140.1950,174.0920,0.000591
output95,VSS,Metal1,145.9550,181.2270,0.000461
output94,VSS,Metal1,144.0350,181.2270,0.000451
output93,VSS,Metal1,142.1150,181.2270,0.000440
output92,VSS,Metal1,126.2750,166.5320,0.001977
output91,VSS,Metal1,140.1950,181.2270,0.000429
output90,VSS,Metal1,138.2750,181.2270,0.000417
output89,VSS,Metal1,108.9950,181.2270,0.000137
output88,VSS,Metal1,136.3550,181.2270,0.000404
output87,VSS,Metal1,134.4350,181.2270,0.000390
output86,VSS,Metal1,126.7550,181.2270,0.000327
output85,VSS,Metal1,132.5150,181.2270,0.000375
output84,VSS,Metal1,124.3550,174.0920,0.000534
output83,VSS,Metal1,130.5950,181.2270,0.000360
output82,VSS,Metal1,122.4350,174.0920,0.000534
output81,VSS,Metal1,128.6750,181.2270,0.000344
output80,VSS,Metal1,124.8350,181.2270,0.000309
output79,VSS,Metal1,122.9150,181.2270,0.000291
output78,VSS,Metal1,108.5150,174.0920,0.000381
input77,VSS,Metal1,155.5550,37.5870,0.001014
input76,VSS,Metal1,150.2750,38.0120,0.001014
input75,VSS,Metal1,170.4350,15.3320,0.000197
input74,VSS,Metal1,168.5150,15.3320,0.000196
input73,VSS,Metal1,150.7550,30.4520,0.002325
input72,VSS,Metal1,100.3550,30.4520,0.000038
input71,VSS,Metal1,98.4350,30.4520,0.000050
input70,VSS,Metal1,95.0750,30.0270,0.000096
input69,VSS,Metal1,80.1950,15.3320,0.000024
input68,VSS,Metal1,86.9150,22.8920,0.000069
input67,VSS,Metal1,78.2750,15.3320,0.000024
input66,VSS,Metal1,84.9950,22.8920,0.000233
input65,VSS,Metal1,148.8350,30.4520,0.002312
input64,VSS,Metal1,146.9150,30.4520,0.002301
input63,VSS,Metal1,76.3550,15.3320,0.000024
input62,VSS,Metal1,146.9150,30.0270,0.002301
input61,VSS,Metal1,144.9250,30.0270,0.002277
input60,VSS,Metal1,134.8450,30.4520,0.002101
input59,VSS,Metal1,132.9250,30.4520,0.002065
input58,VSS,Metal1,131.0050,30.4520,0.002042
input57,VSS,Metal1,129.1550,30.4520,0.002022
input56,VSS,Metal1,130.1150,30.0270,0.002033
input55,VSS,Metal1,126.2750,30.4520,0.001643
input54,VSS,Metal1,128.1950,30.0270,0.002010
input53,VSS,Metal1,124.3550,30.4520,0.001277
input52,VSS,Metal1,83.0750,22.8920,0.000233
input51,VSS,Metal1,119.4850,30.4520,0.001240
input50,VSS,Metal1,117.6350,30.4520,0.001217
input49,VSS,Metal1,115.7150,30.4520,0.001190
input48,VSS,Metal1,113.7250,30.4520,0.001157
input47,VSS,Metal1,111.8750,30.4520,0.000308
input46,VSS,Metal1,120.5150,22.4670,0.000400
input45,VSS,Metal1,108.0350,30.4520,0.000248
input44,VSS,Metal1,106.1150,30.4520,0.000083
input43,VSS,Metal1,104.1950,30.4520,0.000082
input42,VSS,Metal1,104.1950,30.0270,0.000082
input41,VSS,Metal1,74.4350,15.3320,0.000023
input40,VSS,Metal1,166.5950,30.0270,0.002451
input39,VSS,Metal1,72.4450,15.3320,0.000021
input38,VSS,Metal1,23.4850,15.3320,0.000003
input37,VSS,Metal1,21.5650,15.3320,0.000004
input36,VSS,Metal1,171.3950,90.9320,0.000443
input35,VSS,Metal1,171.3950,30.0270,0.002453
input34,VSS,Metal1,171.3950,22.8920,0.000794
input33,VSS,Metal1,6.6850,150.9870,0.000039
input32,VSS,Metal1,23.0050,174.0920,0.000016
input31,VSS,Metal1,46.5250,158.5470,0.000170
input30,VSS,Metal1,34.0450,166.1070,0.000034
input29,VSS,Metal1,24.9250,174.0920,0.000016
input28,VSS,Metal1,25.8850,173.6670,0.000035
input27,VSS,Metal1,27.8050,173.6670,0.000043
input26,VSS,Metal1,18.2050,181.2270,0.000009
input25,VSS,Metal1,68.6050,151.4120,0.000444
input24,VSS,Metal1,67.6450,166.5320,0.000128
input23,VSS,Metal1,21.0850,174.0920,0.000017
input22,VSS,Metal1,66.6850,151.4120,0.000443
input21,VSS,Metal1,75.8750,158.5470,0.000321
input20,VSS,Metal1,62.8450,158.5470,0.000314
input19,VSS,Metal1,61.4050,158.9720,0.000305
input18,VSS,Metal1,57.5650,158.9720,0.000281
input17,VSS,Metal1,64.7650,158.5470,0.000315
input16,VSS,Metal1,60.9250,158.5470,0.000303
input15,VSS,Metal1,62.3650,151.4120,0.000443
input14,VSS,Metal1,49.8850,158.9720,0.000257
input13,VSS,Metal1,27.8050,181.2270,0.000028
input12,VSS,Metal1,32.1250,166.1070,0.000028
input11,VSS,Metal1,25.8850,181.2270,0.000017
input10,VSS,Metal1,53.7250,158.9720,0.000261
input9,VSS,Metal1,23.9650,181.2270,0.000005
input8,VSS,Metal1,51.8050,158.9720,0.000259
input7,VSS,Metal1,22.0450,181.2270,0.000007
input6,VSS,Metal1,47.9650,158.9720,0.000185
input5,VSS,Metal1,31.6450,166.5320,0.000026
input4,VSS,Metal1,46.0450,158.9720,0.000167
input3,VSS,Metal1,20.1250,181.2270,0.000008
input2,VSS,Metal1,44.1250,158.9720,0.000147
input1,VSS,Metal1,27.8050,166.5320,0.000008
_1038__278,VSS,Metal1,119.0750,120.8250,0.000368
peripherals_macro_277,VSS,Metal1,169.2800,181.3430,0.000512
peripherals_macro_276,VSS,Metal1,165.4400,181.3430,0.000503
peripherals_macro_275,VSS,Metal1,169.6000,22.7760,0.000794
_1001__378,VSS,Metal1,162.2750,113.5350,0.000510
_1039__377,VSS,Metal1,117.0850,75.4650,0.000296
_1071__376,VSS,Metal1,159.8750,83.0250,0.001239
_1040__375,VSS,Metal1,100.3550,83.0250,0.000094
_1087__374,VSS,Metal1,106.5950,105.9750,0.000071
_1041__373,VSS,Metal1,120.9250,128.6550,0.000440
_1072__372,VSS,Metal1,157.9550,83.0250,0.001239
_1042__371,VSS,Metal1,133.4750,120.8250,0.001019
_1095__370,VSS,Metal1,33.1550,37.6650,0.000014
_1043__369,VSS,Metal1,116.1250,98.1450,0.000191
_1073__368,VSS,Metal1,148.3550,120.8250,0.001138
_1044__367,VSS,Metal1,103.7150,90.5850,0.000098
_1088__366,VSS,Metal1,28.8350,121.0950,0.000055
_1045__365,VSS,Metal1,78.6850,30.3750,0.000412
_1074__364,VSS,Metal1,162.2750,83.2950,0.001239
_1046__363,VSS,Metal1,83.0750,37.6650,0.000037
_1099__362,VSS,Metal1,66.7550,37.6650,0.000039
_1047__361,VSS,Metal1,86.9150,52.7850,0.000318
_1075__360,VSS,Metal1,157.4750,105.7050,0.000216
_1048__359,VSS,Metal1,88.7650,22.8150,0.000069
_1089__358,VSS,Metal1,30.2750,120.8250,0.000095
_1049__357,VSS,Metal1,82.0450,45.4950,0.000326
_1076__356,VSS,Metal1,156.9950,90.8550,0.000402
_1050__355,VSS,Metal1,82.5250,67.9050,0.000084
_1096__354,VSS,Metal1,60.9950,75.4650,0.000061
_1051__353,VSS,Metal1,105.1550,60.6150,0.000108
_1077__352,VSS,Metal1,126.2750,30.1050,0.001643
_1052__351,VSS,Metal1,86.9150,68.1750,0.000069
_1090__350,VSS,Metal1,100.8350,120.8250,0.000051
_1002__349,VSS,Metal1,28.3550,158.8950,0.000042
_1053__348,VSS,Metal1,68.1950,75.7350,0.000071
_1003__347,VSS,Metal1,29.7250,166.4550,0.000022
_1078__346,VSS,Metal1,126.7550,45.4950,0.000735
_1004__345,VSS,Metal1,30.2750,151.0650,0.000092
_1054__344,VSS,Metal1,68.1250,120.8250,0.000366
_1005__343,VSS,Metal1,48.4450,158.6250,0.000189
_1101__342,VSS,Metal1,158.8450,30.3750,0.002331
_1006__341,VSS,Metal1,29.3150,135.9450,0.000035
_1055__340,VSS,Metal1,72.5150,121.0950,0.000349
_1007__339,VSS,Metal1,44.6050,128.6550,0.000062
_1079__338,VSS,Metal1,116.1950,37.9350,0.000188
_1008__337,VSS,Metal1,70.5950,151.3350,0.000443
_1056__336,VSS,Metal1,47.0750,113.2650,0.000123
_1009__335,VSS,Metal1,59.4850,158.8950,0.000293
_1091__334,VSS,Metal1,61.4750,128.6550,0.000146
_1010__333,VSS,Metal1,73.8850,151.0650,0.000436
_1057__332,VSS,Metal1,48.9250,113.2650,0.000123
_1011__331,VSS,Metal1,87.3250,143.5050,0.000214
_1080__330,VSS,Metal1,143.0750,30.1050,0.002222
_1012__329,VSS,Metal1,110.9150,136.2150,0.000157
_1058__328,VSS,Metal1,76.3550,90.5850,0.000088
_1013__327,VSS,Metal1,42.2750,143.5050,0.000107
_1097__326,VSS,Metal1,26.4350,83.0250,0.000106
_1014__325,VSS,Metal1,60.5150,151.3350,0.000440
_1059__324,VSS,Metal1,58.5250,105.7050,0.000370
_1015__323,VSS,Metal1,77.2450,166.1850,0.000115
_1081__322,VSS,Metal1,147.8750,45.2250,0.001328
_1016__321,VSS,Metal1,68.1950,128.6550,0.000146
_1060__320,VSS,Metal1,82.5250,128.3850,0.000133
_1017__319,VSS,Metal1,99.3950,151.3350,0.000313
_1092__318,VSS,Metal1,105.1550,120.8250,0.000123
_1018__317,VSS,Metal1,137.7950,135.9450,0.000421
_1061__316,VSS,Metal1,28.8350,60.3450,0.000028
_1019__315,VSS,Metal1,131.0750,143.7750,0.000486
_1082__314,VSS,Metal1,146.9150,52.7850,0.002309
_1020__313,VSS,Metal1,117.6350,151.0650,0.001550
_1062__312,VSS,Metal1,24.9950,98.1450,0.000010
_1021__311,VSS,Metal1,156.0350,128.3850,0.000509
_1100__310,VSS,Metal1,72.0350,53.0550,0.000370
_1022__309,VSS,Metal1,162.2750,143.7750,0.001109
_1063__308,VSS,Metal1,29.3150,98.4150,0.000026
_1023__307,VSS,Metal1,155.5550,143.7750,0.000641
_1083__306,VSS,Metal1,119.0750,67.9050,0.000137
_1024__305,VSS,Metal1,113.7950,158.8950,0.000187
_1064__304,VSS,Metal1,54.7550,90.5850,0.000080
_1025__303,VSS,Metal1,163.7150,158.6250,0.000299
_1093__302,VSS,Metal1,28.8350,53.0550,0.000060
_1026__301,VSS,Metal1,135.3950,158.6250,0.000241
_1065__300,VSS,Metal1,31.1650,90.5850,0.000010
_1027__299,VSS,Metal1,113.3150,166.4550,0.000298
_1084__298,VSS,Metal1,147.8750,67.9050,0.000202
_1028__297,VSS,Metal1,146.8450,166.1850,0.002167
_1066__296,VSS,Metal1,47.5550,52.7850,0.000214
_1029__295,VSS,Metal1,159.3250,166.1850,0.002203
_1098__294,VSS,Metal1,49.9550,37.6650,0.000041
_1030__293,VSS,Metal1,117.1550,181.3050,0.000230
_1067__292,VSS,Metal1,57.1550,45.2250,0.000382
_1031__291,VSS,Metal1,141.1550,173.7450,0.000608
_1085__290,VSS,Metal1,84.5150,75.7350,0.000069
_1032__289,VSS,Metal1,128.1250,166.4550,0.002103
_1068__288,VSS,Metal1,69.1550,60.6150,0.000271
_1033__287,VSS,Metal1,165.6350,174.0150,0.000978
_1094__286,VSS,Metal1,47.5550,75.4650,0.000054
_1034__285,VSS,Metal1,162.2750,128.3850,0.000557
_1069__284,VSS,Metal1,130.1150,98.4150,0.000234
_1035__283,VSS,Metal1,71.5550,22.8150,0.000252
_1036__282,VSS,Metal1,162.7550,30.1050,0.002424
_1086__281,VSS,Metal1,91.2350,121.0950,0.000193
_1037__280,VSS,Metal1,97.4750,90.5850,0.000065
_1070__279,VSS,Metal1,139.2350,120.8250,0.001019
_1207_,VSS,Metal1,153.5650,37.5870,0.001014
_1101_,VSS,Metal1,162.1350,22.9720,0.000794
_1100_,VSS,Metal1,73.5450,52.6270,0.000370
_1099_,VSS,Metal1,69.7050,30.5320,0.000433
_1098_,VSS,Metal1,52.9050,29.9470,0.000390
_1097_,VSS,Metal1,29.3850,75.8920,0.000024
_1096_,VSS,Metal1,63.9450,68.3320,0.000204
_1095_,VSS,Metal1,36.5850,30.5320,0.000231
_1094_,VSS,Metal1,50.5050,68.3320,0.000186
_1093_,VSS,Metal1,31.7850,52.6270,0.000060
_1092_,VSS,Metal1,108.1050,121.2520,0.000123
_1091_,VSS,Metal1,64.4250,128.2270,0.000146
_1090_,VSS,Metal1,103.7850,113.6920,0.000048
_1089_,VSS,Metal1,33.2250,113.6920,0.000040
_1088_,VSS,Metal1,31.7850,128.2270,0.000059
_1087_,VSS,Metal1,109.5450,105.5470,0.000071
_1086_,VSS,Metal1,94.1850,128.2270,0.000086
_1085_,VSS,Metal1,87.4650,82.8670,0.000270
_1084_,VSS,Metal1,150.3450,60.7720,0.000846
_1083_,VSS,Metal1,122.0250,60.7720,0.000555
_1082_,VSS,Metal1,148.9050,60.1870,0.000846
_1081_,VSS,Metal1,150.8250,45.6520,0.001328
_1080_,VSS,Metal1,146.0250,37.5070,0.001014
_1079_,VSS,Metal1,119.1450,45.6520,0.000725
_1078_,VSS,Metal1,127.3050,45.0670,0.000736
_1077_,VSS,Metal1,129.2250,22.9720,0.000494
_1076_,VSS,Metal1,159.9450,97.9870,0.000417
_1075_,VSS,Metal1,160.4250,98.5720,0.000417
_1074_,VSS,Metal1,164.7450,90.4270,0.000442
_1073_,VSS,Metal1,151.3050,113.1070,0.000464
_1072_,VSS,Metal1,160.9050,75.8920,0.001127
_1071_,VSS,Metal1,162.3450,75.3070,0.001127
_1070_,VSS,Metal1,142.1850,113.6920,0.000459
_1069_,VSS,Metal1,133.0650,97.9870,0.000234
_1068_,VSS,Metal1,72.1050,67.7470,0.000202
_1067_,VSS,Metal1,60.1050,45.6520,0.000382
_1066_,VSS,Metal1,47.1450,45.6520,0.000369
_1065_,VSS,Metal1,36.1050,83.4520,0.000307
_1064_,VSS,Metal1,57.7050,83.4520,0.000469
_1063_,VSS,Metal1,32.2650,97.9870,0.000026
_1062_,VSS,Metal1,28.4250,91.0120,0.000010
_1061_,VSS,Metal1,31.7850,60.7720,0.000028
_1060_,VSS,Metal1,82.9350,128.8120,0.000133
_1059_,VSS,Metal1,65.8650,105.5470,0.000374
_1058_,VSS,Metal1,79.3050,91.0120,0.000088
_1057_,VSS,Metal1,53.8650,106.1320,0.000370
_1056_,VSS,Metal1,50.0250,113.6920,0.000123
_1055_,VSS,Metal1,75.4650,120.6670,0.000349
_1054_,VSS,Metal1,74.0250,113.6920,0.000146
_1053_,VSS,Metal1,71.1450,83.4520,0.000441
_1052_,VSS,Metal1,89.8650,67.7470,0.000069
_1051_,VSS,Metal1,108.1050,67.7470,0.000084
_1050_,VSS,Metal1,88.9050,60.7720,0.000302
_1049_,VSS,Metal1,89.3850,45.0670,0.000262
_1048_,VSS,Metal1,96.1050,22.9720,0.000052
_1047_,VSS,Metal1,89.3850,45.6520,0.000262
_1046_,VSS,Metal1,86.0250,30.5320,0.000412
_1045_,VSS,Metal1,83.6250,29.9470,0.000412
_1044_,VSS,Metal1,106.6650,91.0120,0.000098
_1043_,VSS,Metal1,118.9350,98.5720,0.000191
_1042_,VSS,Metal1,136.4250,121.2520,0.001019
_1041_,VSS,Metal1,124.2150,128.2270,0.000440
_1040_,VSS,Metal1,103.3050,75.8920,0.000069
_1039_,VSS,Metal1,120.3750,75.8920,0.000296
_1038_,VSS,Metal1,121.5450,113.6920,0.000168
_1037_,VSS,Metal1,100.4250,83.4520,0.000093
_1036_,VSS,Metal1,165.2250,22.3870,0.000794
_1035_,VSS,Metal1,74.5050,22.3870,0.000252
_1034_,VSS,Metal1,165.2250,120.6670,0.001355
_1033_,VSS,Metal1,164.2650,173.5870,0.000977
_1032_,VSS,Metal1,133.5450,173.5870,0.000570
_1031_,VSS,Metal1,138.3450,166.6120,0.002130
_1030_,VSS,Metal1,120.1050,173.5870,0.000533
_1029_,VSS,Metal1,164.7450,166.6120,0.002208
_1028_,VSS,Metal1,151.3050,166.6120,0.002167
_1027_,VSS,Metal1,106.9350,166.0270,0.000060
_1026_,VSS,Metal1,137.8650,151.4920,0.005041
_1025_,VSS,Metal1,165.2250,151.4920,0.005349
_1024_,VSS,Metal1,116.7450,158.4670,0.000187
_1023_,VSS,Metal1,158.5050,150.9070,0.005345
_1022_,VSS,Metal1,165.2250,143.3470,0.001109
_1021_,VSS,Metal1,159.4650,135.7870,0.000756
_1020_,VSS,Metal1,120.5850,143.9320,0.000229
_1019_,VSS,Metal1,134.0250,143.3470,0.000486
_1018_,VSS,Metal1,141.2250,136.3720,0.000421
_1017_,VSS,Metal1,100.9050,143.9320,0.000057
_1016_,VSS,Metal1,71.1450,136.3720,0.000085
_1015_,VSS,Metal1,84.5850,166.0270,0.000113
_1014_,VSS,Metal1,60.1050,143.9320,0.000227
_1013_,VSS,Metal1,45.2250,135.7870,0.000067
_1012_,VSS,Metal1,111.9450,135.7870,0.000157
_1011_,VSS,Metal1,96.1050,136.3720,0.000049
_1010_,VSS,Metal1,79.7850,143.9320,0.000272
_1009_,VSS,Metal1,63.4650,173.5870,0.000445
_1008_,VSS,Metal1,73.5450,159.0520,0.000321
_1007_,VSS,Metal1,51.9450,128.8120,0.000122
_1006_,VSS,Metal1,32.2650,136.3720,0.000035
_1005_,VSS,Metal1,52.9050,151.4920,0.000440
_1004_,VSS,Metal1,33.2250,151.4920,0.000092
_1003_,VSS,Metal1,35.1450,173.5870,0.000178
_1002_,VSS,Metal1,31.3050,158.4670,0.000042
_1001_,VSS,Metal1,165.2250,113.1070,0.000510
_1000_,VSS,Metal1,156.1550,30.4920,0.002331
_0999_,VSS,Metal1,153.1550,30.3950,0.002330
_0998_,VSS,Metal1,67.7330,53.2500,0.000411
_0997_,VSS,Metal1,68.6050,45.2050,0.000373
_0996_,VSS,Metal1,67.6450,45.6120,0.000373
_0995_,VSS,Metal1,65.5060,52.6100,0.000416
_0994_,VSS,Metal1,60.5330,23.0100,0.000185
_0993_,VSS,Metal1,69.0850,30.0850,0.000433
_0992_,VSS,Metal1,64.2850,22.9320,0.000204
_0991_,VSS,Metal1,66.4660,29.9300,0.000433
_0990_,VSS,Metal1,45.5460,29.9100,0.000299
_0989_,VSS,Metal1,44.6750,22.8350,0.000166
_0988_,VSS,Metal1,55.2350,22.9320,0.000177
_0987_,VSS,Metal1,50.6260,30.5500,0.000390
_0986_,VSS,Metal1,27.7860,75.2700,0.000024
_0985_,VSS,Metal1,30.2050,75.4450,0.000024
_0984_,VSS,Metal1,34.5950,68.2920,0.000050
_0983_,VSS,Metal1,32.4130,75.2900,0.000024
_0982_,VSS,Metal1,53.8130,67.7100,0.000186
_0981_,VSS,Metal1,61.4050,67.8850,0.000204
_0980_,VSS,Metal1,57.6350,60.7320,0.000179
_0979_,VSS,Metal1,58.8130,67.7300,0.000204
_0978_,VSS,Metal1,29.3330,30.5700,0.000211
_0977_,VSS,Metal1,35.9650,22.8350,0.000081
_0976_,VSS,Metal1,34.0450,29.9870,0.000231
_0975_,VSS,Metal1,38.1460,37.4900,0.000037
_0974_,VSS,Metal1,45.5460,75.2700,0.000054
_0973_,VSS,Metal1,44.1950,67.8850,0.000158
_0972_,VSS,Metal1,44.6750,60.7320,0.000055
_0971_,VSS,Metal1,42.9460,68.3500,0.000155
_0970_,VSS,Metal1,32.1060,45.6900,0.000130
_0969_,VSS,Metal1,34.5250,45.5150,0.000157
_0968_,VSS,Metal1,37.4750,45.6120,0.000169
_0967_,VSS,Metal1,39.6130,52.6100,0.000066
_0966_,VSS,Metal1,38.0560,45.0830,0.000171
_0965_,VSS,Metal1,103.1460,120.6300,0.000120
_0964_,VSS,Metal1,97.9550,113.2450,0.000054
_0963_,VSS,Metal1,98.4350,105.5870,0.000032
_0962_,VSS,Metal1,100.5460,121.2700,0.000062
_0961_,VSS,Metal1,60.9060,120.6300,0.000516
_0960_,VSS,Metal1,62.8450,105.9950,0.000374
_0959_,VSS,Metal1,62.3650,98.5320,0.000113
_0958_,VSS,Metal1,64.5730,121.2700,0.000516
_0957_,VSS,Metal1,92.6930,113.0700,0.000059
_0956_,VSS,Metal1,95.0050,105.6850,0.000042
_0955_,VSS,Metal1,92.1250,98.0270,0.000158
_0954_,VSS,Metal1,94.3330,113.7100,0.000058
_0953_,VSS,Metal1,33.5460,120.6300,0.000101
_0952_,VSS,Metal1,36.9250,105.9950,0.000110
_0951_,VSS,Metal1,42.6850,105.5870,0.000238
_0950_,VSS,Metal1,41.0530,113.7100,0.000084
_0949_,VSS,Metal1,32.5860,121.2900,0.000101
_0948_,VSS,Metal1,35.4850,113.2450,0.000040
_0947_,VSS,Metal1,40.8350,105.5870,0.000119
_0946_,VSS,Metal1,37.2130,121.2700,0.000101
_0945_,VSS,Metal1,100.2660,106.1700,0.000024
_0944_,VSS,Metal1,99.3950,98.1250,0.000159
_0943_,VSS,Metal1,95.0050,98.5320,0.000159
_0942_,VSS,Metal1,101.9860,105.5300,0.000020
_0941_,VSS,Metal1,87.8930,121.2900,0.000285
_0940_,VSS,Metal1,88.3550,105.9950,0.000061
_0939_,VSS,Metal1,84.4450,105.5870,0.000072
_0938_,VSS,Metal1,93.3460,121.2700,0.000111
_0937_,VSS,Metal1,79.7330,82.8300,0.000375
_0936_,VSS,Metal1,81.5650,75.7550,0.000072
_0935_,VSS,Metal1,80.6750,75.3470,0.000073
_0934_,VSS,Metal1,83.2930,83.4700,0.000270
_0933_,VSS,Metal1,52.1830,90.4430,0.000079
_0932_,VSS,Metal1,143.0930,52.5900,0.002308
_0931_,VSS,Metal1,138.2750,52.7650,0.001813
_0930_,VSS,Metal1,134.3650,52.6670,0.001777
_0929_,VSS,Metal1,140.3860,60.7900,0.000828
_0928_,VSS,Metal1,114.7730,60.8100,0.000491
_0927_,VSS,Metal1,114.2750,60.3250,0.000491
_0926_,VSS,Metal1,115.7150,52.6670,0.001425
_0925_,VSS,Metal1,121.2130,60.1700,0.000554
_0924_,VSS,Metal1,134.4530,53.2500,0.001777
_0923_,VSS,Metal1,140.6750,52.7650,0.002308
_0922_,VSS,Metal1,132.0350,52.6670,0.001686
_0921_,VSS,Metal1,137.0260,60.1700,0.000801
_0920_,VSS,Metal1,142.0260,45.0300,0.001328
_0919_,VSS,Metal1,135.3950,37.9550,0.000944
_0918_,VSS,Metal1,133.8850,37.5470,0.000929
_0917_,VSS,Metal1,138.9460,45.6700,0.000801
_0916_,VSS,Metal1,138.7730,30.5700,0.002141
_0915_,VSS,Metal1,139.7150,30.0850,0.002212
_0914_,VSS,Metal1,136.7650,29.9870,0.002128
_0913_,VSS,Metal1,138.4930,37.4900,0.001003
_0912_,VSS,Metal1,111.4130,45.6900,0.000673
_0911_,VSS,Metal1,110.9150,45.2050,0.000673
_0910_,VSS,Metal1,111.3250,38.0520,0.000136
_0909_,VSS,Metal1,118.3060,38.1100,0.000205
_0908_,VSS,Metal1,114.2930,38.1300,0.000169
_0907_,VSS,Metal1,118.5250,37.6450,0.000205
_0906_,VSS,Metal1,114.2050,29.9870,0.001157
_0905_,VSS,Metal1,126.4660,38.1100,0.000236
_0904_,VSS,Metal1,122.3460,30.5700,0.001273
_0903_,VSS,Metal1,119.0750,30.0850,0.001235
_0902_,VSS,Metal1,116.1250,22.9320,0.000357
_0901_,VSS,Metal1,124.0660,29.9300,0.001277
_0900_,VSS,Metal1,112.9360,37.5230,0.000164
_0899_,VSS,Metal1,151.2530,91.0500,0.000400
_0898_,VSS,Metal1,146.9150,90.5650,0.000399
_0897_,VSS,Metal1,142.0450,82.9070,0.001220
_0896_,VSS,Metal1,150.9730,97.9700,0.000336
_0895_,VSS,Metal1,149.2260,98.6100,0.000326
_0894_,VSS,Metal1,147.3950,98.1250,0.000281
_0893_,VSS,Metal1,141.5650,90.9720,0.000386
_0892_,VSS,Metal1,151.4530,98.5900,0.000336
_0891_,VSS,Metal1,153.6530,83.4900,0.001239
_0890_,VSS,Metal1,148.3550,83.3150,0.001224
_0889_,VSS,Metal1,139.1650,82.9070,0.001219
_0888_,VSS,Metal1,152.8660,90.4100,0.000402
_0887_,VSS,Metal1,143.9460,113.0700,0.000459
_0886_,VSS,Metal1,140.1950,105.9950,0.000175
_0885_,VSS,Metal1,141.1550,105.5870,0.000175
_0884_,VSS,Metal1,147.6130,106.1500,0.000194
_0883_,VSS,Metal1,151.1460,75.2700,0.001078
_0882_,VSS,Metal1,144.5150,75.4450,0.000893
_0881_,VSS,Metal1,142.5250,68.2920,0.000202
_0880_,VSS,Metal1,151.4530,75.9100,0.001078
_0879_,VSS,Metal1,153.1730,75.2700,0.001086
_0878_,VSS,Metal1,146.9150,75.4450,0.000954
_0877_,VSS,Metal1,140.6750,68.2920,0.000196
_0876_,VSS,Metal1,149.0260,75.9100,0.000986
_0875_,VSS,Metal1,140.1060,113.0700,0.000459
_0874_,VSS,Metal1,134.9150,105.9950,0.000159
_0873_,VSS,Metal1,133.4750,105.5870,0.000146
_0872_,VSS,Metal1,137.9860,113.0900,0.000459
_0871_,VSS,Metal1,132.4260,91.0500,0.000321
_0870_,VSS,Metal1,127.7150,83.3150,0.000684
_0869_,VSS,Metal1,128.1950,82.9070,0.000684
_0868_,VSS,Metal1,130.3060,91.0300,0.000321
_0867_,VSS,Metal1,127.8160,75.8760,0.000338
_0866_,VSS,Metal1,63.8930,60.8100,0.000195
_0865_,VSS,Metal1,70.0450,53.0750,0.000370
_0864_,VSS,Metal1,71.5550,45.6120,0.000369
_0863_,VSS,Metal1,65.9860,60.7900,0.000264
_0862_,VSS,Metal1,58.9860,45.0300,0.000382
_0861_,VSS,Metal1,61.4050,37.6450,0.000041
_0860_,VSS,Metal1,62.8450,29.9870,0.000415
_0859_,VSS,Metal1,61.1860,45.0500,0.000382
_0858_,VSS,Metal1,46.0260,45.0300,0.000369
_0857_,VSS,Metal1,47.4850,30.3950,0.000301
_0856_,VSS,Metal1,47.0050,22.9320,0.000172
_0855_,VSS,Metal1,48.2530,45.0500,0.000369
_0854_,VSS,Metal1,34.5060,82.8300,0.000307
_0853_,VSS,Metal1,37.4050,75.7550,0.000025
_0852_,VSS,Metal1,37.4750,68.2920,0.000087
_0851_,VSS,Metal1,38.6530,82.8500,0.000307
_0850_,VSS,Metal1,55.6260,82.8300,0.000469
_0849_,VSS,Metal1,54.2750,75.4450,0.000059
_0848_,VSS,Metal1,55.6450,67.7870,0.000186
_0847_,VSS,Metal1,50.1460,83.4700,0.000466
_0846_,VSS,Metal1,33.0660,90.3900,0.000010
_0845_,VSS,Metal1,35.4850,37.6450,0.000014
_0844_,VSS,Metal1,37.9550,29.9870,0.000231
_0843_,VSS,Metal1,37.6930,91.0300,0.000015
_0842_,VSS,Metal1,34.9860,90.3900,0.000011
_0841_,VSS,Metal1,37.8850,90.5650,0.000015
_0840_,VSS,Metal1,40.2850,67.7870,0.000124
_0839_,VSS,Metal1,40.0930,91.0300,0.000017
_0838_,VSS,Metal1,32.5860,60.1500,0.000028
_0837_,VSS,Metal1,35.4850,60.3250,0.000028
_0836_,VSS,Metal1,37.9550,53.1720,0.000060
_0835_,VSS,Metal1,39.6130,60.7900,0.000054
_0834_,VSS,Metal1,39.7030,45.6360,0.000184
_0833_,VSS,Metal1,84.0530,121.2900,0.000349
_0832_,VSS,Metal1,84.4450,105.9950,0.000072
_0831_,VSS,Metal1,88.3550,105.5870,0.000061
_0830_,VSS,Metal1,81.8260,121.2700,0.000349
_0829_,VSS,Metal1,65.2260,98.6100,0.000128
_0828_,VSS,Metal1,60.4450,98.4350,0.000097
_0827_,VSS,Metal1,62.3650,98.0270,0.000113
_0826_,VSS,Metal1,65.0260,106.1500,0.000374
_0825_,VSS,Metal1,78.6660,97.9500,0.000129
_0824_,VSS,Metal1,83.0050,90.5650,0.000088
_0823_,VSS,Metal1,87.8750,90.4670,0.000087
_0822_,VSS,Metal1,80.3860,90.4100,0.000088
_0821_,VSS,Metal1,46.6130,106.1700,0.000285
_0820_,VSS,Metal1,47.0050,105.6850,0.000285
_0819_,VSS,Metal1,46.0450,98.5320,0.000093
_0818_,VSS,Metal1,53.5330,105.5300,0.000370
_0817_,VSS,Metal1,45.0660,113.0700,0.000122
_0816_,VSS,Metal1,44.1950,105.9950,0.000252
_0815_,VSS,Metal1,43.1650,98.5320,0.000055
_0814_,VSS,Metal1,51.1330,113.0900,0.000123
_0813_,VSS,Metal1,74.3460,113.0700,0.000146
_0812_,VSS,Metal1,80.1250,105.9950,0.000101
_0811_,VSS,Metal1,81.5650,105.5870,0.000095
_0810_,VSS,Metal1,77.9860,121.2700,0.000349
_0809_,VSS,Metal1,72.4260,113.0700,0.000146
_0808_,VSS,Metal1,77.7250,105.9950,0.000314
_0807_,VSS,Metal1,78.6850,105.5870,0.000101
_0806_,VSS,Metal1,76.5460,113.0900,0.000146
_0805_,VSS,Metal1,70.0260,75.9300,0.000076
_0804_,VSS,Metal1,72.9250,75.7550,0.000077
_0803_,VSS,Metal1,76.8350,75.3470,0.000078
_0802_,VSS,Metal1,72.2260,82.8500,0.000441
_0801_,VSS,Metal1,53.6230,82.8830,0.000469
_0800_,VSS,Metal1,89.7060,60.1500,0.000302
_0799_,VSS,Metal1,94.5250,60.3250,0.000300
_0798_,VSS,Metal1,128.1250,53.1720,0.001659
_0797_,VSS,Metal1,91.9060,60.1700,0.000301
_0796_,VSS,Metal1,107.0930,60.8100,0.000158
_0795_,VSS,Metal1,108.4450,60.3250,0.000180
_0794_,VSS,Metal1,111.3250,53.1720,0.001283
_0793_,VSS,Metal1,102.4660,60.7900,0.000033
_0792_,VSS,Metal1,96.5330,60.1500,0.000263
_0791_,VSS,Metal1,104.1250,53.0750,0.000321
_0790_,VSS,Metal1,111.8050,52.6670,0.001283
_0789_,VSS,Metal1,96.7330,60.7900,0.000263
_0788_,VSS,Metal1,92.5860,38.1300,0.000034
_0787_,VSS,Metal1,98.3650,37.9550,0.000015
_0786_,VSS,Metal1,121.4050,37.5470,0.000234
_0785_,VSS,Metal1,97.2130,45.6700,0.000116
_0784_,VSS,Metal1,97.0130,22.3500,0.000050
_0783_,VSS,Metal1,105.5650,22.8350,0.000122
_0782_,VSS,Metal1,113.2450,22.9320,0.000291
_0781_,VSS,Metal1,97.2130,29.9300,0.000060
_0780_,VSS,Metal1,91.1460,52.5900,0.000279
_0779_,VSS,Metal1,100.2850,45.5150,0.000063
_0778_,VSS,Metal1,107.5550,45.1070,0.000341
_0777_,VSS,Metal1,93.3730,52.6100,0.000258
_0776_,VSS,Metal1,91.1460,29.9100,0.000412
_0775_,VSS,Metal1,102.2050,30.0850,0.000056
_0774_,VSS,Metal1,110.3650,22.9320,0.000209
_0773_,VSS,Metal1,93.8530,30.5500,0.000106
_0772_,VSS,Metal1,93.1730,29.9100,0.000106
_0771_,VSS,Metal1,99.8050,30.0850,0.000046
_0770_,VSS,Metal1,108.5150,22.9320,0.000209
_0769_,VSS,Metal1,90.0130,37.4900,0.000036
_0768_,VSS,Metal1,105.2560,37.5230,0.000016
_0767_,VSS,Metal1,109.4930,90.3900,0.000098
_0766_,VSS,Metal1,131.9650,83.3150,0.000744
_0765_,VSS,Metal1,133.4050,82.9070,0.001163
_0764_,VSS,Metal1,107.2660,90.4100,0.000098
_0763_,VSS,Metal1,121.0130,97.9500,0.000193
_0762_,VSS,Metal1,127.1650,90.8750,0.000267
_0761_,VSS,Metal1,134.3650,90.9720,0.000333
_0760_,VSS,Metal1,118.8130,97.9700,0.000191
_0759_,VSS,Metal1,130.6130,120.6300,0.000765
_0758_,VSS,Metal1,134.8450,90.5650,0.000333
_0757_,VSS,Metal1,136.2850,82.9070,0.001219
_0756_,VSS,Metal1,126.9460,120.6500,0.000710
_0755_,VSS,Metal1,124.8530,121.2900,0.000636
_0754_,VSS,Metal1,130.5250,113.2450,0.000324
_0753_,VSS,Metal1,135.3250,105.5870,0.000159
_0752_,VSS,Metal1,122.6530,121.2700,0.000368
_0751_,VSS,Metal1,103.6260,75.2700,0.000069
_0750_,VSS,Metal1,133.4050,75.4450,0.000364
_0749_,VSS,Metal1,135.3250,68.2920,0.000195
_0748_,VSS,Metal1,105.8530,75.2900,0.000069
_0747_,VSS,Metal1,119.5730,68.3700,0.000137
_0746_,VSS,Metal1,127.6450,68.1950,0.000179
_0745_,VSS,Metal1,131.4850,68.2920,0.000189
_0744_,VSS,Metal1,119.7730,75.2900,0.000296
_0743_,VSS,Metal1,118.5060,113.0700,0.000168
_0742_,VSS,Metal1,124.7650,105.9950,0.000120
_0741_,VSS,Metal1,127.6450,105.5870,0.000137
_0740_,VSS,Metal1,120.7330,113.0900,0.000168
_0739_,VSS,Metal1,104.1060,82.8300,0.000111
_0738_,VSS,Metal1,110.8450,83.0050,0.000143
_0737_,VSS,Metal1,124.8350,82.9070,0.000611
_0736_,VSS,Metal1,108.2530,83.4700,0.000138
_0735_,VSS,Metal1,121.5760,82.8830,0.000607
_0734_,VSS,Metal1,154.0300,30.0100,0.002330
_0733_,VSS,Metal1,164.8950,29.9760,0.002451
_0732_,VSS,Metal1,148.8810,23.3640,0.000792
_0731_,VSS,Metal1,67.5370,22.9130,0.000206
_0730_,VSS,Metal1,151.2350,29.9870,0.002325
_0729_,VSS,Metal1,146.5360,22.9560,0.000767
_0728_,VSS,Metal1,161.0550,29.9760,0.002358
_0727_,VSS,Metal1,160.5750,113.6630,0.000510
_0726_,VSS,Metal1,165.1120,113.5670,0.000510
_0725_,VSS,Metal1,156.7060,174.1900,0.000953
_0724_,VSS,Metal1,163.6450,174.0350,0.000977
_0723_,VSS,Metal1,110.4000,173.5860,0.000413
_0722_,VSS,Metal1,154.3060,173.5700,0.000939
_0721_,VSS,Metal1,127.4260,174.1900,0.000565
_0720_,VSS,Metal1,134.3650,166.1650,0.002130
_0719_,VSS,Metal1,106.0800,174.1730,0.000352
_0718_,VSS,Metal1,131.7730,166.0100,0.002103
_0717_,VSS,Metal1,134.1460,174.1900,0.000570
_0716_,VSS,Metal1,137.7250,166.1650,0.002130
_0715_,VSS,Metal1,130.5600,166.6130,0.002103
_0714_,VSS,Metal1,76.0660,166.6300,0.000116
_0713_,VSS,Metal1,116.8930,166.6300,0.000905
_0712_,VSS,Metal1,120.4450,174.0350,0.000533
_0711_,VSS,Metal1,121.9200,166.6130,0.001216
_0710_,VSS,Metal1,71.7730,166.6300,0.000124
_0709_,VSS,Metal1,156.7060,173.5700,0.000953
_0708_,VSS,Metal1,161.7250,166.1650,0.002208
_0707_,VSS,Metal1,101.7600,166.6130,0.000057
_0706_,VSS,Metal1,156.7060,166.0100,0.002170
_0705_,VSS,Metal1,143.7460,173.5700,0.000641
_0704_,VSS,Metal1,149.2450,166.1650,0.002167
_0703_,VSS,Metal1,103.2000,173.5860,0.000326
_0702_,VSS,Metal1,144.2530,166.0100,0.002132
_0701_,VSS,Metal1,108.7330,166.6300,0.000060
_0700_,VSS,Metal1,107.0750,158.9150,0.000105
_0699_,VSS,Metal1,100.3200,173.5860,0.000047
_0698_,VSS,Metal1,111.1330,166.6300,0.000060
_0697_,VSS,Metal1,130.3060,158.4500,0.000223
_0696_,VSS,Metal1,138.2050,158.6050,0.000246
_0695_,VSS,Metal1,99.3600,159.0530,0.000187
_0694_,VSS,Metal1,132.7330,158.4500,0.000223
_0693_,VSS,Metal1,156.2260,158.4500,0.000259
_0692_,VSS,Metal1,161.7250,158.6050,0.000299
_0691_,VSS,Metal1,93.6000,159.0530,0.000227
_0690_,VSS,Metal1,154.3330,151.5100,0.005345
_0689_,VSS,Metal1,109.1860,158.4500,0.000136
_0688_,VSS,Metal1,116.1250,158.9150,0.000187
_0687_,VSS,Metal1,114.2400,151.4930,0.001550
_0686_,VSS,Metal1,63.5860,159.0700,0.000314
_0685_,VSS,Metal1,148.5460,150.8900,0.005182
_0684_,VSS,Metal1,158.3650,143.7950,0.001093
_0683_,VSS,Metal1,86.8800,173.5860,0.000336
_0682_,VSS,Metal1,150.9730,150.8900,0.005182
_0681_,VSS,Metal1,157.1860,143.3300,0.001092
_0680_,VSS,Metal1,162.2050,136.2350,0.000756
_0679_,VSS,Metal1,89.7600,173.5860,0.000255
_0678_,VSS,Metal1,154.8130,143.3300,0.000641
_0677_,VSS,Metal1,149.9860,128.8300,0.000467
_0676_,VSS,Metal1,158.8450,128.6750,0.000542
_0675_,VSS,Metal1,92.6400,173.5860,0.000247
_0674_,VSS,Metal1,151.4530,135.7700,0.000719
_0673_,VSS,Metal1,113.0260,143.9500,0.000152
_0672_,VSS,Metal1,119.9650,151.0450,0.001641
_0671_,VSS,Metal1,96.9600,151.4930,0.000313
_0670_,VSS,Metal1,119.7730,143.3300,0.000229
_0669_,VSS,Metal1,124.0660,143.3300,0.000230
_0668_,VSS,Metal1,133.4050,143.7950,0.000486
_0667_,VSS,Metal1,91.2000,150.9060,0.000336
_0666_,VSS,Metal1,126.4930,143.3300,0.000231
_0665_,VSS,Metal1,130.7860,136.3900,0.000237
_0664_,VSS,Metal1,140.1250,135.9250,0.000421
_0663_,VSS,Metal1,84.0000,173.5860,0.000343
_0662_,VSS,Metal1,133.2130,136.3900,0.000370
_0661_,VSS,Metal1,94.7860,150.8900,0.000318
_0660_,VSS,Metal1,100.7650,143.4850,0.000057
_0659_,VSS,Metal1,86.4000,151.4930,0.000341
_0658_,VSS,Metal1,101.5330,150.8900,0.000087
_0657_,VSS,Metal1,64.5460,135.7700,0.000085
_0656_,VSS,Metal1,71.4850,135.9250,0.000085
_0655_,VSS,Metal1,62.4000,166.0260,0.000129
_0654_,VSS,Metal1,63.5860,136.3900,0.000085
_0653_,VSS,Metal1,78.4660,166.6300,0.000113
_0652_,VSS,Metal1,82.5250,158.9150,0.000310
_0651_,VSS,Metal1,84.9600,159.0530,0.000267
_0650_,VSS,Metal1,55.9060,166.0100,0.000129
_0649_,VSS,Metal1,51.5860,143.9500,0.000212
_0648_,VSS,Metal1,59.9650,143.4850,0.000227
_0647_,VSS,Metal1,49.9200,150.9060,0.000440
_0646_,VSS,Metal1,63.1330,150.8900,0.000443
_0645_,VSS,Metal1,45.3460,136.3900,0.000067
_0644_,VSS,Metal1,47.9650,136.2350,0.000067
_0643_,VSS,Metal1,45.1200,166.0260,0.000067
_0642_,VSS,Metal1,42.9460,136.3900,0.000067
_0641_,VSS,Metal1,104.3860,135.7700,0.000070
_0640_,VSS,Metal1,110.8450,128.6750,0.000094
_0639_,VSS,Metal1,81.1200,173.5860,0.000414
_0638_,VSS,Metal1,107.2930,128.8300,0.000094
_0637_,VSS,Metal1,89.5060,143.3300,0.000214
_0636_,VSS,Metal1,96.4450,135.9250,0.000049
_0635_,VSS,Metal1,78.2400,173.5860,0.000421
_0634_,VSS,Metal1,96.2530,143.3300,0.000057
_0633_,VSS,Metal1,74.6260,143.3300,0.000272
_0632_,VSS,Metal1,81.5650,143.4850,0.000272
_0631_,VSS,Metal1,74.4000,173.5860,0.000440
_0630_,VSS,Metal1,82.3330,150.8900,0.000436
_0629_,VSS,Metal1,59.7730,166.0100,0.000129
_0628_,VSS,Metal1,65.2450,166.1650,0.000129
_0627_,VSS,Metal1,65.2800,166.6130,0.000129
_0626_,VSS,Metal1,53.5060,166.0100,0.000070
_0625_,VSS,Metal1,66.9460,158.4500,0.000317
_0624_,VSS,Metal1,73.8850,158.6050,0.000321
_0623_,VSS,Metal1,71.5200,173.5860,0.000440
_0622_,VSS,Metal1,65.9860,159.0700,0.000317
_0621_,VSS,Metal1,48.7060,128.2100,0.000122
_0620_,VSS,Metal1,51.3250,128.3650,0.000122
_0619_,VSS,Metal1,48.0000,166.0260,0.000069
_0618_,VSS,Metal1,53.0530,135.7700,0.000067
_0617_,VSS,Metal1,37.6660,135.7700,0.000039
_0616_,VSS,Metal1,40.2850,136.2350,0.000067
_0615_,VSS,Metal1,36.4800,166.6130,0.000038
_0614_,VSS,Metal1,39.6130,143.3300,0.000107
_0613_,VSS,Metal1,50.6530,158.4500,0.000257
_0612_,VSS,Metal1,53.7250,158.6050,0.000260
_0611_,VSS,Metal1,50.8800,166.0260,0.000070
_0610_,VSS,Metal1,55.9330,158.4500,0.000275
_0609_,VSS,Metal1,37.2130,159.0700,0.000043
_0608_,VSS,Metal1,41.2450,151.3550,0.000121
_0607_,VSS,Metal1,41.7600,166.0260,0.000066
_0606_,VSS,Metal1,40.0930,158.4500,0.000051
_0605_,VSS,Metal1,27.1060,174.1900,0.000043
_0604_,VSS,Metal1,36.4450,166.1650,0.000038
_0603_,VSS,Metal1,38.8800,166.0260,0.000066
_0602_,VSS,Metal1,42.9730,173.5700,0.000432
_0601_,VSS,Metal1,34.8130,159.0700,0.000042
_0600_,VSS,Metal1,42.6850,158.6050,0.000133
_0599_,VSS,Metal1,39.8400,159.0530,0.000051
_0598_,VSS,Metal1,33.8260,166.6300,0.000034
_0597_,VSS,Metal1,148.8200,135.7900,0.000446
_0596_,VSS,Metal1,142.1000,143.9300,0.000489
_0595_,VSS,Metal1,140.1060,143.9700,0.000486
_0594_,VSS,Metal1,158.5100,113.6470,0.000483
_0593_,VSS,Metal1,157.6650,120.6960,0.001281
_0592_,VSS,Metal1,162.6670,121.1400,0.001355
_0591_,VSS,Metal1,164.6600,121.2500,0.001355
_0590_,VSS,Metal1,40.2100,45.1120,0.000184
_0589_,VSS,Metal1,48.1100,83.4070,0.000466
_0588_,VSS,Metal1,110.2900,37.5520,0.000131
_0587_,VSS,Metal1,42.1300,22.9270,0.000123
_0586_,VSS,Metal1,37.0700,22.4320,0.000091
_0585_,VSS,Metal1,129.9700,75.8470,0.000364
_0584_,VSS,Metal1,146.7700,38.0470,0.001014
_0583_,VSS,Metal1,147.9500,38.0470,0.001014
_0582_,VSS,Metal1,128.5300,37.5520,0.000912
_0581_,VSS,Metal1,131.4100,37.5520,0.000927
_0580_,VSS,Metal1,136.4300,37.5520,0.000959
_0579_,VSS,Metal1,148.4300,29.9920,0.002310
_0578_,VSS,Metal1,158.0300,22.4320,0.000794
_0577_,VSS,Metal1,139.5700,45.1120,0.000801
_0576_,VSS,Metal1,143.8900,38.0470,0.001014
_0575_,VSS,Metal1,145.3300,38.0470,0.001014
_0574_,VSS,Metal1,122.0300,22.4320,0.000400
_0573_,VSS,Metal1,115.0900,37.5520,0.000171
_0572_,VSS,Metal1,116.5300,37.5520,0.000191
_0571_,VSS,Metal1,120.1100,38.0470,0.000221
_0570_,VSS,Metal1,123.9500,37.5520,0.000234
_0569_,VSS,Metal1,127.0900,37.5520,0.000236
_0568_,VSS,Metal1,125.6500,37.5520,0.000236
_0567_,VSS,Metal1,129.9700,37.5520,0.000912
_0566_,VSS,Metal1,78.1300,22.9270,0.000252
_0565_,VSS,Metal1,79.5700,22.9270,0.000252
_0564_,VSS,Metal1,95.4100,22.4320,0.000052
_0563_,VSS,Metal1,46.9300,22.4320,0.000172
_0562_,VSS,Metal1,49.8100,22.4320,0.000172
_0561_,VSS,Metal1,103.5700,22.9270,0.000122
_0560_,VSS,Metal1,66.1300,22.4320,0.000205
_0559_,VSS,Metal1,105.9700,29.9920,0.000083
_0558_,VSS,Metal1,42.1300,22.4320,0.000123
_0557_,VSS,Metal1,48.3700,22.4320,0.000172
_0556_,VSS,Metal1,43.5700,22.4320,0.000123
_0555_,VSS,Metal1,62.7700,22.4320,0.000191
_0554_,VSS,Metal1,40.6900,22.4320,0.000122
_0553_,VSS,Metal1,56.0500,22.4320,0.000178
_0552_,VSS,Metal1,67.5700,22.4320,0.000206
_0551_,VSS,Metal1,77.6500,38.0470,0.000039
