
===========================================================================
report_checks -path_delay min (Hold)
============================================================================
======================= nom_typ_1p20V_25C Corner ===================================

Startpoint: spi_miso (input port clocked by clk_i)
Endpoint: _1378_ (rising edge-triggered flip-flop clocked by clk_i)
Path Group: clk_i
Path Type: min

Fanout         Cap        Slew       Delay        Time   Description
---------------------------------------------------------------------------------------------
                                  0.000000    0.000000   clock clk_i (rise edge)
                                  0.000000    0.000000   clock network delay (propagated)
                                  0.000000    0.000000 ^ input external delay
     1    0.010235    0.026731    0.008674    0.008674 ^ spi_miso (in)
                                                         spi_miso (net)
                      0.026732    0.000000    0.008674 ^ _1199_/B (sg13g2_nor4_1)
     1    0.003870    0.030614    0.040609    0.049283 v _1199_/Y (sg13g2_nor4_1)
                                                         _0511_ (net)
                      0.030614    0.000051    0.049334 v _1201_/B (sg13g2_nor3_1)
     1    0.002057    0.066357    0.084610    0.133945 ^ _1201_/Y (sg13g2_nor3_1)
                                                         _0160_ (net)
                      0.066357    0.000018    0.133963 ^ _1378_/D (sg13g2_dfrbpq_1)
                                              0.133963   data arrival time

                                  0.000000    0.000000   clock clk_i (rise edge)
                                  0.000000    0.000000   clock source latency
   170    0.801780    0.000000    0.000000    0.000000 ^ clk_i (in)
                                                         clk_i (net)
                      0.091893    0.045947    0.045947 ^ _1378_/CLK (sg13g2_dfrbpq_1)
                                  0.100000    0.145947   clock uncertainty
                                  0.000000    0.145947   clock reconvergence pessimism
                                 -0.063826    0.082121   library hold time
                                              0.082121   data required time
---------------------------------------------------------------------------------------------
                                              0.082121   data required time
                                             -0.133963   data arrival time
---------------------------------------------------------------------------------------------
                                              0.051842   slack (MET)


Startpoint: _1396_ (rising edge-triggered flip-flop clocked by clk_i)
Endpoint: _1228_ (rising edge-triggered flip-flop clocked by clk_i)
Path Group: clk_i
Path Type: min

Fanout         Cap        Slew       Delay        Time   Description
---------------------------------------------------------------------------------------------
                                  0.000000    0.000000   clock clk_i (rise edge)
                                  0.000000    0.000000   clock source latency
   170    0.725720    0.000000    0.000000    0.000000 ^ clk_i (in)
                                                         clk_i (net)
                      0.048079    0.024039    0.024039 ^ _1396_/CLK (sg13g2_dfrbpq_1)
     4    0.011471    0.055641    0.201064    0.225104 ^ _1396_/Q (sg13g2_dfrbpq_1)
                                                         u_boot_ctrl.state[8] (net)
                      0.055641    0.000098    0.225201 ^ _0763_/C (sg13g2_nor4_1)
     1    0.001660    0.021117    0.045198    0.270399 v _0763_/Y (sg13g2_nor4_1)
                                                         _0010_ (net)
                      0.021117    0.000009    0.270409 v _1228_/D (sg13g2_dfrbpq_1)
                                              0.270409   data arrival time

                                  0.000000    0.000000   clock clk_i (rise edge)
                                  0.000000    0.000000   clock source latency
   170    0.801780    0.000000    0.000000    0.000000 ^ clk_i (in)
                                                         clk_i (net)
                      0.103115    0.051557    0.051557 ^ _1228_/CLK (sg13g2_dfrbpq_1)
                                  0.100000    0.151557   clock uncertainty
                                  0.000000    0.151557   clock reconvergence pessimism
                                 -0.017399    0.134158   library hold time
                                              0.134158   data required time
---------------------------------------------------------------------------------------------
                                              0.134158   data required time
                                             -0.270409   data arrival time
---------------------------------------------------------------------------------------------
                                              0.136251   slack (MET)


Startpoint: _1324_ (rising edge-triggered flip-flop clocked by clk_i)
Endpoint: _1324_ (rising edge-triggered flip-flop clocked by clk_i)
Path Group: clk_i
Path Type: min

Fanout         Cap        Slew       Delay        Time   Description
---------------------------------------------------------------------------------------------
                                  0.000000    0.000000   clock clk_i (rise edge)
                                  0.000000    0.000000   clock source latency
   170    0.725720    0.000000    0.000000    0.000000 ^ clk_i (in)
                                                         clk_i (net)
                      0.028326    0.014163    0.014163 ^ _1324_/CLK (sg13g2_dfrbpq_1)
     2    0.006693    0.029767    0.172815    0.186978 v _1324_/Q (sg13g2_dfrbpq_1)
                                                         u_boot_ctrl.word_asm[31] (net)
                      0.029767    0.000060    0.187039 v _1069_/B1 (sg13g2_a21oi_1)
     1    0.003067    0.034535    0.041316    0.228355 ^ _1069_/Y (sg13g2_a21oi_1)
                                                         _0434_ (net)
                      0.034535    0.000019    0.228374 ^ _1070_/A (sg13g2_nor3_1)
     1    0.001687    0.019527    0.035837    0.264210 v _1070_/Y (sg13g2_nor3_1)
                                                         _0106_ (net)
                      0.019527    0.000010    0.264220 v _1324_/D (sg13g2_dfrbpq_1)
                                              0.264220   data arrival time

                                  0.000000    0.000000   clock clk_i (rise edge)
                                  0.000000    0.000000   clock source latency
   170    0.801780    0.000000    0.000000    0.000000 ^ clk_i (in)
                                                         clk_i (net)
                      0.031301    0.015651    0.015651 ^ _1324_/CLK (sg13g2_dfrbpq_1)
                                  0.100000    0.115651   clock uncertainty
                                 -0.001488    0.114163   clock reconvergence pessimism
                                 -0.031876    0.082287   library hold time
                                              0.082287   data required time
---------------------------------------------------------------------------------------------
                                              0.082287   data required time
                                             -0.264220   data arrival time
---------------------------------------------------------------------------------------------
                                              0.181933   slack (MET)


Startpoint: _1323_ (rising edge-triggered flip-flop clocked by clk_i)
Endpoint: _1323_ (rising edge-triggered flip-flop clocked by clk_i)
Path Group: clk_i
Path Type: min

Fanout         Cap        Slew       Delay        Time   Description
---------------------------------------------------------------------------------------------
                                  0.000000    0.000000   clock clk_i (rise edge)
                                  0.000000    0.000000   clock source latency
   170    0.725720    0.000000    0.000000    0.000000 ^ clk_i (in)
                                                         clk_i (net)
                      0.030082    0.015041    0.015041 ^ _1323_/CLK (sg13g2_dfrbpq_1)
     2    0.006398    0.028942    0.172942    0.187982 v _1323_/Q (sg13g2_dfrbpq_1)
                                                         u_boot_ctrl.word_asm[30] (net)
                      0.028942    0.000049    0.188032 v _1066_/B1 (sg13g2_a21oi_1)
     1    0.003257    0.035416    0.041912    0.229944 ^ _1066_/Y (sg13g2_a21oi_1)
                                                         _0432_ (net)
                      0.035416    0.000024    0.229968 ^ _1067_/A (sg13g2_nor3_1)
     1    0.001905    0.020288    0.036723    0.266691 v _1067_/Y (sg13g2_nor3_1)
                                                         _0105_ (net)
                      0.020288    0.000014    0.266705 v _1323_/D (sg13g2_dfrbpq_1)
                                              0.266705   data arrival time

                                  0.000000    0.000000   clock clk_i (rise edge)
                                  0.000000    0.000000   clock source latency
   170    0.801780    0.000000    0.000000    0.000000 ^ clk_i (in)
                                                         clk_i (net)
                      0.033243    0.016621    0.016621 ^ _1323_/CLK (sg13g2_dfrbpq_1)
                                  0.100000    0.116621   clock uncertainty
                                 -0.001581    0.115041   clock reconvergence pessimism
                                 -0.031713    0.083328   library hold time
                                              0.083328   data required time
---------------------------------------------------------------------------------------------
                                              0.083328   data required time
                                             -0.266705   data arrival time
---------------------------------------------------------------------------------------------
                                              0.183377   slack (MET)


Startpoint: _1322_ (rising edge-triggered flip-flop clocked by clk_i)
Endpoint: _1322_ (rising edge-triggered flip-flop clocked by clk_i)
Path Group: clk_i
Path Type: min

Fanout         Cap        Slew       Delay        Time   Description
---------------------------------------------------------------------------------------------
                                  0.000000    0.000000   clock clk_i (rise edge)
                                  0.000000    0.000000   clock source latency
   170    0.725720    0.000000    0.000000    0.000000 ^ clk_i (in)
                                                         clk_i (net)
                      0.034903    0.017452    0.017452 ^ _1322_/CLK (sg13g2_dfrbpq_1)
     2    0.006836    0.030169    0.176342    0.193794 v _1322_/Q (sg13g2_dfrbpq_1)
                                                         u_boot_ctrl.word_asm[29] (net)
                      0.030169    0.000050    0.193843 v _1063_/B1 (sg13g2_a21oi_1)
     1    0.003144    0.035040    0.041783    0.235626 ^ _1063_/Y (sg13g2_a21oi_1)
                                                         _0430_ (net)
                      0.035040    0.000021    0.235647 ^ _1064_/A (sg13g2_nor3_1)
     1    0.001699    0.019925    0.036071    0.271718 v _1064_/Y (sg13g2_nor3_1)
                                                         _0104_ (net)
                      0.019925    0.000010    0.271728 v _1322_/D (sg13g2_dfrbpq_1)
                                              0.271728   data arrival time

                                  0.000000    0.000000   clock clk_i (rise edge)
                                  0.000000    0.000000   clock source latency
   170    0.801780    0.000000    0.000000    0.000000 ^ clk_i (in)
                                                         clk_i (net)
                      0.038568    0.019284    0.019284 ^ _1322_/CLK (sg13g2_dfrbpq_1)
                                  0.100000    0.119284   clock uncertainty
                                 -0.001832    0.117452   clock reconvergence pessimism
                                 -0.030486    0.086965   library hold time
                                              0.086965   data required time
---------------------------------------------------------------------------------------------
                                              0.086965   data required time
                                             -0.271728   data arrival time
---------------------------------------------------------------------------------------------
                                              0.184763   slack (MET)


Startpoint: _1313_ (rising edge-triggered flip-flop clocked by clk_i)
Endpoint: _1321_ (rising edge-triggered flip-flop clocked by clk_i)
Path Group: clk_i
Path Type: min

Fanout         Cap        Slew       Delay        Time   Description
---------------------------------------------------------------------------------------------
                                  0.000000    0.000000   clock clk_i (rise edge)
                                  0.000000    0.000000   clock source latency
   170    0.725720    0.000000    0.000000    0.000000 ^ clk_i (in)
                                                         clk_i (net)
                      0.035759    0.017879    0.017879 ^ _1313_/CLK (sg13g2_dfrbpq_1)
     3    0.009657    0.038295    0.183631    0.201511 v _1313_/Q (sg13g2_dfrbpq_1)
                                                         u_boot_ctrl.word_asm[20] (net)
                      0.038295    0.000080    0.201591 v _1059_/A (sg13g2_nor2_1)
     1    0.003204    0.045739    0.060986    0.262577 ^ _1059_/Y (sg13g2_nor2_1)
                                                         _0427_ (net)
                      0.045739    0.000032    0.262609 ^ _1061_/C (sg13g2_nor3_1)
     1    0.001831    0.020726    0.034185    0.296795 v _1061_/Y (sg13g2_nor3_1)
                                                         _0103_ (net)
                      0.020726    0.000012    0.296807 v _1321_/D (sg13g2_dfrbpq_1)
                                              0.296807   data arrival time

                                  0.000000    0.000000   clock clk_i (rise edge)
                                  0.000000    0.000000   clock source latency
   170    0.801780    0.000000    0.000000    0.000000 ^ clk_i (in)
                                                         clk_i (net)
                      0.070478    0.035239    0.035239 ^ _1321_/CLK (sg13g2_dfrbpq_1)
                                  0.100000    0.135239   clock uncertainty
                                  0.000000    0.135239   clock reconvergence pessimism
                                 -0.024083    0.111155   library hold time
                                              0.111155   data required time
---------------------------------------------------------------------------------------------
                                              0.111155   data required time
                                             -0.296807   data arrival time
---------------------------------------------------------------------------------------------
                                              0.185652   slack (MET)


Startpoint: _1358_ (rising edge-triggered flip-flop clocked by clk_i)
Endpoint: boot_wdata[31] (output port clocked by clk_i)
Path Group: clk_i
Path Type: min

Fanout         Cap        Slew       Delay        Time   Description
---------------------------------------------------------------------------------------------
                                  0.000000    0.000000   clock clk_i (rise edge)
                                  0.000000    0.000000   clock source latency
   170    0.725720    0.000000    0.000000    0.000000 ^ clk_i (in)
                                                         clk_i (net)
                      0.023850    0.011925    0.011925 ^ _1358_/CLK (sg13g2_dfrbpq_1)
     2    0.052422    0.165073    0.276131    0.288056 v _1358_/Q (sg13g2_dfrbpq_1)
                                                         boot_wdata[31] (net)
                      0.165073    0.000000    0.288056 v boot_wdata[31] (out)
                                              0.288056   data arrival time

                                  0.000000    0.000000   clock clk_i (rise edge)
                                  0.000000    0.000000   clock network delay (propagated)
                                  0.100000    0.100000   clock uncertainty
                                  0.000000    0.100000   clock reconvergence pessimism
                                  0.000000    0.100000   output external delay
                                              0.100000   data required time
---------------------------------------------------------------------------------------------
                                              0.100000   data required time
                                             -0.288056   data arrival time
---------------------------------------------------------------------------------------------
                                              0.188056   slack (MET)


Startpoint: _1364_ (rising edge-triggered flip-flop clocked by clk_i)
Endpoint: _1364_ (rising edge-triggered flip-flop clocked by clk_i)
Path Group: clk_i
Path Type: min

Fanout         Cap        Slew       Delay        Time   Description
---------------------------------------------------------------------------------------------
                                  0.000000    0.000000   clock clk_i (rise edge)
                                  0.000000    0.000000   clock source latency
   170    0.725720    0.000000    0.000000    0.000000 ^ clk_i (in)
                                                         clk_i (net)
                      0.044861    0.022430    0.022430 ^ _1364_/CLK (sg13g2_dfrbpq_1)
     3    0.009372    0.037488    0.187287    0.209718 v _1364_/Q (sg13g2_dfrbpq_1)
                                                         u_spi.div_cnt[2] (net)
                      0.037488    0.000142    0.209860 v _1158_/B1 (sg13g2_a21oi_1)
     1    0.002893    0.035171    0.042897    0.252757 ^ _1158_/Y (sg13g2_a21oi_1)
                                                         _0484_ (net)
                      0.035171    0.000022    0.252779 ^ _1159_/D (sg13g2_nor4_1)
     1    0.001820    0.020150    0.032951    0.285730 v _1159_/Y (sg13g2_nor4_1)
                                                         _0146_ (net)
                      0.020150    0.000012    0.285742 v _1364_/D (sg13g2_dfrbpq_1)
                                              0.285742   data arrival time

                                  0.000000    0.000000   clock clk_i (rise edge)
                                  0.000000    0.000000   clock source latency
   170    0.801780    0.000000    0.000000    0.000000 ^ clk_i (in)
                                                         clk_i (net)
                      0.049595    0.024798    0.024798 ^ _1364_/CLK (sg13g2_dfrbpq_1)
                                  0.100000    0.124798   clock uncertainty
                                 -0.002367    0.122430   clock reconvergence pessimism
                                 -0.028257    0.094173   library hold time
                                              0.094173   data required time
---------------------------------------------------------------------------------------------
                                              0.094173   data required time
                                             -0.285742   data arrival time
---------------------------------------------------------------------------------------------
                                              0.191569   slack (MET)


Startpoint: _1320_ (rising edge-triggered flip-flop clocked by clk_i)
Endpoint: _1320_ (rising edge-triggered flip-flop clocked by clk_i)
Path Group: clk_i
Path Type: min

Fanout         Cap        Slew       Delay        Time   Description
---------------------------------------------------------------------------------------------
                                  0.000000    0.000000   clock clk_i (rise edge)
                                  0.000000    0.000000   clock source latency
   170    0.725720    0.000000    0.000000    0.000000 ^ clk_i (in)
                                                         clk_i (net)
                      0.067848    0.033924    0.033924 ^ _1320_/CLK (sg13g2_dfrbpq_1)
     2    0.006225    0.028468    0.190746    0.224670 v _1320_/Q (sg13g2_dfrbpq_1)
                                                         u_boot_ctrl.word_asm[27] (net)
                      0.028468    0.000044    0.224714 v _1057_/B1 (sg13g2_a21oi_1)
     1    0.003210    0.035060    0.041556    0.266270 ^ _1057_/Y (sg13g2_a21oi_1)
                                                         _0426_ (net)
                      0.035060    0.000023    0.266293 ^ _1058_/A (sg13g2_nor3_1)
     1    0.001832    0.020485    0.036400    0.302692 v _1058_/Y (sg13g2_nor3_1)
                                                         _0102_ (net)
                      0.020485    0.000012    0.302705 v _1320_/D (sg13g2_dfrbpq_1)
                                              0.302705   data arrival time

                                  0.000000    0.000000   clock clk_i (rise edge)
                                  0.000000    0.000000   clock source latency
   170    0.801780    0.000000    0.000000    0.000000 ^ clk_i (in)
                                                         clk_i (net)
                      0.074987    0.037493    0.037493 ^ _1320_/CLK (sg13g2_dfrbpq_1)
                                  0.100000    0.137493   clock uncertainty
                                 -0.003569    0.133924   clock reconvergence pessimism
                                 -0.023066    0.110858   library hold time
                                              0.110858   data required time
---------------------------------------------------------------------------------------------
                                              0.110858   data required time
                                             -0.302705   data arrival time
---------------------------------------------------------------------------------------------
                                              0.191847   slack (MET)


Startpoint: _1317_ (rising edge-triggered flip-flop clocked by clk_i)
Endpoint: _1317_ (rising edge-triggered flip-flop clocked by clk_i)
Path Group: clk_i
Path Type: min

Fanout         Cap        Slew       Delay        Time   Description
---------------------------------------------------------------------------------------------
                                  0.000000    0.000000   clock clk_i (rise edge)
                                  0.000000    0.000000   clock source latency
   170    0.725720    0.000000    0.000000    0.000000 ^ clk_i (in)
                                                         clk_i (net)
                      0.063573    0.031786    0.031786 ^ _1317_/CLK (sg13g2_dfrbpq_1)
     2    0.006759    0.029961    0.189989    0.221775 v _1317_/Q (sg13g2_dfrbpq_1)
                                                         u_boot_ctrl.word_asm[24] (net)
                      0.029961    0.000050    0.221826 v _1048_/B1 (sg13g2_a21oi_1)
     1    0.003157    0.035071    0.041778    0.263604 ^ _1048_/Y (sg13g2_a21oi_1)
                                                         _0420_ (net)
                      0.035071    0.000022    0.263626 ^ _1049_/A (sg13g2_nor3_1)
     1    0.001786    0.020167    0.036292    0.299918 v _1049_/Y (sg13g2_nor3_1)
                                                         _0099_ (net)
                      0.020167    0.000012    0.299930 v _1317_/D (sg13g2_dfrbpq_1)
                                              0.299930   data arrival time

                                  0.000000    0.000000   clock clk_i (rise edge)
                                  0.000000    0.000000   clock source latency
   170    0.801780    0.000000    0.000000    0.000000 ^ clk_i (in)
                                                         clk_i (net)
                      0.070300    0.035150    0.035150 ^ _1317_/CLK (sg13g2_dfrbpq_1)
                                  0.100000    0.135150   clock uncertainty
                                 -0.003364    0.131786   clock reconvergence pessimism
                                 -0.023943    0.107844   library hold time
                                              0.107844   data required time
---------------------------------------------------------------------------------------------
                                              0.107844   data required time
                                             -0.299930   data arrival time
---------------------------------------------------------------------------------------------
                                              0.192086   slack (MET)


Startpoint: _1319_ (rising edge-triggered flip-flop clocked by clk_i)
Endpoint: _1319_ (rising edge-triggered flip-flop clocked by clk_i)
Path Group: clk_i
Path Type: min

Fanout         Cap        Slew       Delay        Time   Description
---------------------------------------------------------------------------------------------
                                  0.000000    0.000000   clock clk_i (rise edge)
                                  0.000000    0.000000   clock source latency
   170    0.725720    0.000000    0.000000    0.000000 ^ clk_i (in)
                                                         clk_i (net)
                      0.069243    0.034622    0.034622 ^ _1319_/CLK (sg13g2_dfrbpq_1)
     2    0.006473    0.029159    0.192025    0.226647 v _1319_/Q (sg13g2_dfrbpq_1)
                                                         u_boot_ctrl.word_asm[26] (net)
                      0.029159    0.000043    0.226690 v _1054_/B1 (sg13g2_a21oi_1)
     1    0.003233    0.035328    0.041872    0.268561 ^ _1054_/Y (sg13g2_a21oi_1)
                                                         _0424_ (net)
                      0.035328    0.000024    0.268585 ^ _1055_/A (sg13g2_nor3_1)
     1    0.001773    0.020138    0.036367    0.304953 v _1055_/Y (sg13g2_nor3_1)
                                                         _0101_ (net)
                      0.020138    0.000011    0.304964 v _1319_/D (sg13g2_dfrbpq_1)
                                              0.304964   data arrival time

                                  0.000000    0.000000   clock clk_i (rise edge)
                                  0.000000    0.000000   clock source latency
   170    0.801780    0.000000    0.000000    0.000000 ^ clk_i (in)
                                                         clk_i (net)
                      0.076531    0.038266    0.038266 ^ _1319_/CLK (sg13g2_dfrbpq_1)
                                  0.100000    0.138266   clock uncertainty
                                 -0.003644    0.134622   clock reconvergence pessimism
                                 -0.022633    0.111988   library hold time
                                              0.111988   data required time
---------------------------------------------------------------------------------------------
                                              0.111988   data required time
                                             -0.304964   data arrival time
---------------------------------------------------------------------------------------------
                                              0.192976   slack (MET)


Startpoint: _1350_ (rising edge-triggered flip-flop clocked by clk_i)
Endpoint: boot_wdata[23] (output port clocked by clk_i)
Path Group: clk_i
Path Type: min

Fanout         Cap        Slew       Delay        Time   Description
---------------------------------------------------------------------------------------------
                                  0.000000    0.000000   clock clk_i (rise edge)
                                  0.000000    0.000000   clock source latency
   170    0.725720    0.000000    0.000000    0.000000 ^ clk_i (in)
                                                         clk_i (net)
                      0.029054    0.014527    0.014527 ^ _1350_/CLK (sg13g2_dfrbpq_1)
     2    0.052422    0.165073    0.278643    0.293170 v _1350_/Q (sg13g2_dfrbpq_1)
                                                         boot_wdata[23] (net)
                      0.165073    0.000000    0.293170 v boot_wdata[23] (out)
                                              0.293170   data arrival time

                                  0.000000    0.000000   clock clk_i (rise edge)
                                  0.000000    0.000000   clock network delay (propagated)
                                  0.100000    0.100000   clock uncertainty
                                  0.000000    0.100000   clock reconvergence pessimism
                                  0.000000    0.100000   output external delay
                                              0.100000   data required time
---------------------------------------------------------------------------------------------
                                              0.100000   data required time
                                             -0.293170   data arrival time
---------------------------------------------------------------------------------------------
                                              0.193170   slack (MET)


Startpoint: _1318_ (rising edge-triggered flip-flop clocked by clk_i)
Endpoint: _1318_ (rising edge-triggered flip-flop clocked by clk_i)
Path Group: clk_i
Path Type: min

Fanout         Cap        Slew       Delay        Time   Description
---------------------------------------------------------------------------------------------
                                  0.000000    0.000000   clock clk_i (rise edge)
                                  0.000000    0.000000   clock source latency
   170    0.725720    0.000000    0.000000    0.000000 ^ clk_i (in)
                                                         clk_i (net)
                      0.063862    0.031931    0.031931 ^ _1318_/CLK (sg13g2_dfrbpq_1)
     2    0.006572    0.029434    0.189670    0.221601 v _1318_/Q (sg13g2_dfrbpq_1)
                                                         u_boot_ctrl.word_asm[25] (net)
                      0.029434    0.000040    0.221641 v _1051_/B1 (sg13g2_a21oi_1)
     1    0.003492    0.036816    0.043118    0.264759 ^ _1051_/Y (sg13g2_a21oi_1)
                                                         _0422_ (net)
                      0.036816    0.000031    0.264790 ^ _1052_/A (sg13g2_nor3_1)
     1    0.001660    0.019622    0.036696    0.301486 v _1052_/Y (sg13g2_nor3_1)
                                                         _0100_ (net)
                      0.019622    0.000010    0.301496 v _1318_/D (sg13g2_dfrbpq_1)
                                              0.301496   data arrival time

                                  0.000000    0.000000   clock clk_i (rise edge)
                                  0.000000    0.000000   clock source latency
   170    0.801780    0.000000    0.000000    0.000000 ^ clk_i (in)
                                                         clk_i (net)
                      0.070622    0.035311    0.035311 ^ _1318_/CLK (sg13g2_dfrbpq_1)
                                  0.100000    0.135311   clock uncertainty
                                 -0.003380    0.131931   clock reconvergence pessimism
                                 -0.023702    0.108229   library hold time
                                              0.108229   data required time
---------------------------------------------------------------------------------------------
                                              0.108229   data required time
                                             -0.301496   data arrival time
---------------------------------------------------------------------------------------------
                                              0.193267   slack (MET)


Startpoint: _1342_ (rising edge-triggered flip-flop clocked by clk_i)
Endpoint: boot_wdata[15] (output port clocked by clk_i)
Path Group: clk_i
Path Type: min

Fanout         Cap        Slew       Delay        Time   Description
---------------------------------------------------------------------------------------------
                                  0.000000    0.000000   clock clk_i (rise edge)
                                  0.000000    0.000000   clock source latency
   170    0.725720    0.000000    0.000000    0.000000 ^ clk_i (in)
                                                         clk_i (net)
                      0.029386    0.014693    0.014693 ^ _1342_/CLK (sg13g2_dfrbpq_1)
     2    0.052422    0.165073    0.278803    0.293497 v _1342_/Q (sg13g2_dfrbpq_1)
                                                         boot_wdata[15] (net)
                      0.165073    0.000000    0.293497 v boot_wdata[15] (out)
                                              0.293497   data arrival time

                                  0.000000    0.000000   clock clk_i (rise edge)
                                  0.000000    0.000000   clock network delay (propagated)
                                  0.100000    0.100000   clock uncertainty
                                  0.000000    0.100000   clock reconvergence pessimism
                                  0.000000    0.100000   output external delay
                                              0.100000   data required time
---------------------------------------------------------------------------------------------
                                              0.100000   data required time
                                             -0.293497   data arrival time
---------------------------------------------------------------------------------------------
                                              0.193497   slack (MET)


Startpoint: _1334_ (rising edge-triggered flip-flop clocked by clk_i)
Endpoint: boot_wdata[7] (output port clocked by clk_i)
Path Group: clk_i
Path Type: min

Fanout         Cap        Slew       Delay        Time   Description
---------------------------------------------------------------------------------------------
                                  0.000000    0.000000   clock clk_i (rise edge)
                                  0.000000    0.000000   clock source latency
   170    0.725720    0.000000    0.000000    0.000000 ^ clk_i (in)
                                                         clk_i (net)
                      0.029637    0.014819    0.014819 ^ _1334_/CLK (sg13g2_dfrbpq_1)
     2    0.052422    0.165073    0.278925    0.293743 v _1334_/Q (sg13g2_dfrbpq_1)
                                                         boot_wdata[7] (net)
                      0.165073    0.000000    0.293743 v boot_wdata[7] (out)
                                              0.293743   data arrival time

                                  0.000000    0.000000   clock clk_i (rise edge)
                                  0.000000    0.000000   clock network delay (propagated)
                                  0.100000    0.100000   clock uncertainty
                                  0.000000    0.100000   clock reconvergence pessimism
                                  0.000000    0.100000   output external delay
                                              0.100000   data required time
---------------------------------------------------------------------------------------------
                                              0.100000   data required time
                                             -0.293743   data arrival time
---------------------------------------------------------------------------------------------
                                              0.193743   slack (MET)


Startpoint: _1357_ (rising edge-triggered flip-flop clocked by clk_i)
Endpoint: boot_wdata[30] (output port clocked by clk_i)
Path Group: clk_i
Path Type: min

Fanout         Cap        Slew       Delay        Time   Description
---------------------------------------------------------------------------------------------
                                  0.000000    0.000000   clock clk_i (rise edge)
                                  0.000000    0.000000   clock source latency
   170    0.725720    0.000000    0.000000    0.000000 ^ clk_i (in)
                                                         clk_i (net)
                      0.029753    0.014876    0.014876 ^ _1357_/CLK (sg13g2_dfrbpq_1)
     2    0.052422    0.165073    0.278980    0.293857 v _1357_/Q (sg13g2_dfrbpq_1)
                                                         boot_wdata[30] (net)
                      0.165073    0.000000    0.293857 v boot_wdata[30] (out)
                                              0.293857   data arrival time

                                  0.000000    0.000000   clock clk_i (rise edge)
                                  0.000000    0.000000   clock network delay (propagated)
                                  0.100000    0.100000   clock uncertainty
                                  0.000000    0.100000   clock reconvergence pessimism
                                  0.000000    0.100000   output external delay
                                              0.100000   data required time
---------------------------------------------------------------------------------------------
                                              0.100000   data required time
                                             -0.293857   data arrival time
---------------------------------------------------------------------------------------------
                                              0.193857   slack (MET)


Startpoint: _1349_ (rising edge-triggered flip-flop clocked by clk_i)
Endpoint: boot_wdata[22] (output port clocked by clk_i)
Path Group: clk_i
Path Type: min

Fanout         Cap        Slew       Delay        Time   Description
---------------------------------------------------------------------------------------------
                                  0.000000    0.000000   clock clk_i (rise edge)
                                  0.000000    0.000000   clock source latency
   170    0.725720    0.000000    0.000000    0.000000 ^ clk_i (in)
                                                         clk_i (net)
                      0.029789    0.014895    0.014895 ^ _1349_/CLK (sg13g2_dfrbpq_1)
     2    0.052422    0.165073    0.278998    0.293892 v _1349_/Q (sg13g2_dfrbpq_1)
                                                         boot_wdata[22] (net)
                      0.165073    0.000000    0.293892 v boot_wdata[22] (out)
                                              0.293892   data arrival time

                                  0.000000    0.000000   clock clk_i (rise edge)
                                  0.000000    0.000000   clock network delay (propagated)
                                  0.100000    0.100000   clock uncertainty
                                  0.000000    0.100000   clock reconvergence pessimism
                                  0.000000    0.100000   output external delay
                                              0.100000   data required time
---------------------------------------------------------------------------------------------
                                              0.100000   data required time
                                             -0.293892   data arrival time
---------------------------------------------------------------------------------------------
                                              0.193892   slack (MET)


Startpoint: _1341_ (rising edge-triggered flip-flop clocked by clk_i)
Endpoint: boot_wdata[14] (output port clocked by clk_i)
Path Group: clk_i
Path Type: min

Fanout         Cap        Slew       Delay        Time   Description
---------------------------------------------------------------------------------------------
                                  0.000000    0.000000   clock clk_i (rise edge)
                                  0.000000    0.000000   clock source latency
   170    0.725720    0.000000    0.000000    0.000000 ^ clk_i (in)
                                                         clk_i (net)
                      0.029933    0.014967    0.014967 ^ _1341_/CLK (sg13g2_dfrbpq_1)
     2    0.052422    0.165073    0.279067    0.294034 v _1341_/Q (sg13g2_dfrbpq_1)
                                                         boot_wdata[14] (net)
                      0.165073    0.000000    0.294034 v boot_wdata[14] (out)
                                              0.294034   data arrival time

                                  0.000000    0.000000   clock clk_i (rise edge)
                                  0.000000    0.000000   clock network delay (propagated)
                                  0.100000    0.100000   clock uncertainty
                                  0.000000    0.100000   clock reconvergence pessimism
                                  0.000000    0.100000   output external delay
                                              0.100000   data required time
---------------------------------------------------------------------------------------------
                                              0.100000   data required time
                                             -0.294034   data arrival time
---------------------------------------------------------------------------------------------
                                              0.194034   slack (MET)


Startpoint: _1333_ (rising edge-triggered flip-flop clocked by clk_i)
Endpoint: boot_wdata[6] (output port clocked by clk_i)
Path Group: clk_i
Path Type: min

Fanout         Cap        Slew       Delay        Time   Description
---------------------------------------------------------------------------------------------
                                  0.000000    0.000000   clock clk_i (rise edge)
                                  0.000000    0.000000   clock source latency
   170    0.725720    0.000000    0.000000    0.000000 ^ clk_i (in)
                                                         clk_i (net)
                      0.030487    0.015243    0.015243 ^ _1333_/CLK (sg13g2_dfrbpq_1)
     2    0.052422    0.165073    0.279334    0.294578 v _1333_/Q (sg13g2_dfrbpq_1)
                                                         boot_wdata[6] (net)
                      0.165073    0.000000    0.294578 v boot_wdata[6] (out)
                                              0.294578   data arrival time

                                  0.000000    0.000000   clock clk_i (rise edge)
                                  0.000000    0.000000   clock network delay (propagated)
                                  0.100000    0.100000   clock uncertainty
                                  0.000000    0.100000   clock reconvergence pessimism
                                  0.000000    0.100000   output external delay
                                              0.100000   data required time
---------------------------------------------------------------------------------------------
                                              0.100000   data required time
                                             -0.294578   data arrival time
---------------------------------------------------------------------------------------------
                                              0.194578   slack (MET)


Startpoint: _1307_ (rising edge-triggered flip-flop clocked by clk_i)
Endpoint: _1307_ (rising edge-triggered flip-flop clocked by clk_i)
Path Group: clk_i
Path Type: min

Fanout         Cap        Slew       Delay        Time   Description
---------------------------------------------------------------------------------------------
                                  0.000000    0.000000   clock clk_i (rise edge)
                                  0.000000    0.000000   clock source latency
   170    0.725720    0.000000    0.000000    0.000000 ^ clk_i (in)
                                                         clk_i (net)
                      0.030408    0.015204    0.015204 ^ _1307_/CLK (sg13g2_dfrbpq_1)
     3    0.010392    0.040444    0.182829    0.198033 v _1307_/Q (sg13g2_dfrbpq_1)
                                                         u_boot_ctrl.word_asm[14] (net)
                      0.040444    0.000085    0.198117 v _1018_/B1 (sg13g2_a21oi_1)
     1    0.002964    0.036161    0.044123    0.242240 ^ _1018_/Y (sg13g2_a21oi_1)
                                                         _0400_ (net)
                      0.036161    0.000016    0.242256 ^ _1019_/A (sg13g2_nor3_1)
     1    0.001592    0.019341    0.036267    0.278523 v _1019_/Y (sg13g2_nor3_1)
                                                         _0089_ (net)
                      0.019341    0.000008    0.278531 v _1307_/D (sg13g2_dfrbpq_1)
                                              0.278531   data arrival time

                                  0.000000    0.000000   clock clk_i (rise edge)
                                  0.000000    0.000000   clock source latency
   170    0.801780    0.000000    0.000000    0.000000 ^ clk_i (in)
                                                         clk_i (net)
                      0.033605    0.016803    0.016803 ^ _1307_/CLK (sg13g2_dfrbpq_1)
                                  0.100000    0.116803   clock uncertainty
                                 -0.001599    0.115204   clock reconvergence pessimism
                                 -0.031337    0.083867   library hold time
                                              0.083867   data required time
---------------------------------------------------------------------------------------------
                                              0.083867   data required time
                                             -0.278531   data arrival time
---------------------------------------------------------------------------------------------
                                              0.194664   slack (MET)


Startpoint: _1313_ (rising edge-triggered flip-flop clocked by clk_i)
Endpoint: _1313_ (rising edge-triggered flip-flop clocked by clk_i)
Path Group: clk_i
Path Type: min

Fanout         Cap        Slew       Delay        Time   Description
---------------------------------------------------------------------------------------------
                                  0.000000    0.000000   clock clk_i (rise edge)
                                  0.000000    0.000000   clock source latency
   170    0.725720    0.000000    0.000000    0.000000 ^ clk_i (in)
                                                         clk_i (net)
                      0.035759    0.017879    0.017879 ^ _1313_/CLK (sg13g2_dfrbpq_1)
     3    0.009657    0.038295    0.183631    0.201511 v _1313_/Q (sg13g2_dfrbpq_1)
                                                         u_boot_ctrl.word_asm[20] (net)
                      0.038295    0.000074    0.201584 v _1036_/B1 (sg13g2_a21oi_1)
     1    0.003178    0.036888    0.044444    0.246028 ^ _1036_/Y (sg13g2_a21oi_1)
                                                         _0412_ (net)
                      0.036888    0.000022    0.246051 ^ _1037_/A (sg13g2_nor3_1)
     1    0.001694    0.020024    0.036808    0.282859 v _1037_/Y (sg13g2_nor3_1)
                                                         _0095_ (net)
                      0.020024    0.000010    0.282869 v _1313_/D (sg13g2_dfrbpq_1)
                                              0.282869   data arrival time

                                  0.000000    0.000000   clock clk_i (rise edge)
                                  0.000000    0.000000   clock source latency
   170    0.801780    0.000000    0.000000    0.000000 ^ clk_i (in)
                                                         clk_i (net)
                      0.039516    0.019758    0.019758 ^ _1313_/CLK (sg13g2_dfrbpq_1)
                                  0.100000    0.119758   clock uncertainty
                                 -0.001879    0.117879   clock reconvergence pessimism
                                 -0.030320    0.087559   library hold time
                                              0.087559   data required time
---------------------------------------------------------------------------------------------
                                              0.087559   data required time
                                             -0.282869   data arrival time
---------------------------------------------------------------------------------------------
                                              0.195310   slack (MET)


Startpoint: _1316_ (rising edge-triggered flip-flop clocked by clk_i)
Endpoint: _1316_ (rising edge-triggered flip-flop clocked by clk_i)
Path Group: clk_i
Path Type: min

Fanout         Cap        Slew       Delay        Time   Description
---------------------------------------------------------------------------------------------
                                  0.000000    0.000000   clock clk_i (rise edge)
                                  0.000000    0.000000   clock source latency
   170    0.725720    0.000000    0.000000    0.000000 ^ clk_i (in)
                                                         clk_i (net)
                      0.029028    0.014514    0.014514 ^ _1316_/CLK (sg13g2_dfrbpq_1)
     3    0.010258    0.040046    0.181850    0.196364 v _1316_/Q (sg13g2_dfrbpq_1)
                                                         u_boot_ctrl.word_asm[23] (net)
                      0.040046    0.000047    0.196411 v _1045_/B1 (sg13g2_a21oi_1)
     1    0.003246    0.037610    0.045292    0.241703 ^ _1045_/Y (sg13g2_a21oi_1)
                                                         _0418_ (net)
                      0.037610    0.000024    0.241727 ^ _1046_/A (sg13g2_nor3_1)
     1    0.001542    0.019139    0.036732    0.278458 v _1046_/Y (sg13g2_nor3_1)
                                                         _0098_ (net)
                      0.019139    0.000007    0.278466 v _1316_/D (sg13g2_dfrbpq_1)
                                              0.278466   data arrival time

                                  0.000000    0.000000   clock clk_i (rise edge)
                                  0.000000    0.000000   clock source latency
   170    0.801780    0.000000    0.000000    0.000000 ^ clk_i (in)
                                                         clk_i (net)
                      0.032078    0.016039    0.016039 ^ _1316_/CLK (sg13g2_dfrbpq_1)
                                  0.100000    0.116039   clock uncertainty
                                 -0.001525    0.114514   clock reconvergence pessimism
                                 -0.031591    0.082923   library hold time
                                              0.082923   data required time
---------------------------------------------------------------------------------------------
                                              0.082923   data required time
                                             -0.278466   data arrival time
---------------------------------------------------------------------------------------------
                                              0.195543   slack (MET)


Startpoint: _1348_ (rising edge-triggered flip-flop clocked by clk_i)
Endpoint: boot_wdata[21] (output port clocked by clk_i)
Path Group: clk_i
Path Type: min

Fanout         Cap        Slew       Delay        Time   Description
---------------------------------------------------------------------------------------------
                                  0.000000    0.000000   clock clk_i (rise edge)
                                  0.000000    0.000000   clock source latency
   170    0.725720    0.000000    0.000000    0.000000 ^ clk_i (in)
                                                         clk_i (net)
                      0.031536    0.015768    0.015768 ^ _1348_/CLK (sg13g2_dfrbpq_1)
     2    0.052422    0.165073    0.279841    0.295609 v _1348_/Q (sg13g2_dfrbpq_1)
                                                         boot_wdata[21] (net)
                      0.165073    0.000000    0.295609 v boot_wdata[21] (out)
                                              0.295609   data arrival time

                                  0.000000    0.000000   clock clk_i (rise edge)
                                  0.000000    0.000000   clock network delay (propagated)
                                  0.100000    0.100000   clock uncertainty
                                  0.000000    0.100000   clock reconvergence pessimism
                                  0.000000    0.100000   output external delay
                                              0.100000   data required time
---------------------------------------------------------------------------------------------
                                              0.100000   data required time
                                             -0.295609   data arrival time
---------------------------------------------------------------------------------------------
                                              0.195609   slack (MET)


Startpoint: _1314_ (rising edge-triggered flip-flop clocked by clk_i)
Endpoint: _1314_ (rising edge-triggered flip-flop clocked by clk_i)
Path Group: clk_i
Path Type: min

Fanout         Cap        Slew       Delay        Time   Description
---------------------------------------------------------------------------------------------
                                  0.000000    0.000000   clock clk_i (rise edge)
                                  0.000000    0.000000   clock source latency
   170    0.725720    0.000000    0.000000    0.000000 ^ clk_i (in)
                                                         clk_i (net)
                      0.031860    0.015930    0.015930 ^ _1314_/CLK (sg13g2_dfrbpq_1)
     3    0.010446    0.040601    0.183661    0.199592 v _1314_/Q (sg13g2_dfrbpq_1)
                                                         u_boot_ctrl.word_asm[21] (net)
                      0.040601    0.000094    0.199686 v _1039_/B1 (sg13g2_a21oi_1)
     1    0.002982    0.036294    0.044256    0.243942 ^ _1039_/Y (sg13g2_a21oi_1)
                                                         _0414_ (net)
                      0.036294    0.000016    0.243958 ^ _1040_/A (sg13g2_nor3_1)
     1    0.001674    0.019830    0.036518    0.280477 v _1040_/Y (sg13g2_nor3_1)
                                                         _0096_ (net)
                      0.019830    0.000009    0.280486 v _1314_/D (sg13g2_dfrbpq_1)
                                              0.280486   data arrival time

                                  0.000000    0.000000   clock clk_i (rise edge)
                                  0.000000    0.000000   clock source latency
   170    0.801780    0.000000    0.000000    0.000000 ^ clk_i (in)
                                                         clk_i (net)
                      0.035203    0.017602    0.017602 ^ _1314_/CLK (sg13g2_dfrbpq_1)
                                  0.100000    0.117602   clock uncertainty
                                 -0.001672    0.115930   clock reconvergence pessimism
                                 -0.031158    0.084772   library hold time
                                              0.084772   data required time
---------------------------------------------------------------------------------------------
                                              0.084772   data required time
                                             -0.280486   data arrival time
---------------------------------------------------------------------------------------------
                                              0.195714   slack (MET)


Startpoint: _1385_ (rising edge-triggered flip-flop clocked by clk_i)
Endpoint: _1385_ (rising edge-triggered flip-flop clocked by clk_i)
Path Group: clk_i
Path Type: min

Fanout         Cap        Slew       Delay        Time   Description
---------------------------------------------------------------------------------------------
                                  0.000000    0.000000   clock clk_i (rise edge)
                                  0.000000    0.000000   clock source latency
   170    0.725720    0.000000    0.000000    0.000000 ^ clk_i (in)
                                                         clk_i (net)
                      0.042170    0.021085    0.021085 ^ _1385_/CLK (sg13g2_dfrbpq_1)
     2    0.006619    0.029562    0.179317    0.200402 v _1385_/Q (sg13g2_dfrbpq_1)
                                                         spi_rx[7] (net)
                      0.029562    0.000048    0.200450 v _1221_/A (sg13g2_nor2_1)
     1    0.002687    0.040936    0.055210    0.255660 ^ _1221_/Y (sg13g2_nor2_1)
                                                         _0526_ (net)
                      0.040936    0.000016    0.255676 ^ _1222_/C (sg13g2_nor3_1)
     1    0.001730    0.019512    0.032431    0.288107 v _1222_/Y (sg13g2_nor3_1)
                                                         _0167_ (net)
                      0.019512    0.000011    0.288118 v _1385_/D (sg13g2_dfrbpq_1)
                                              0.288118   data arrival time

                                  0.000000    0.000000   clock clk_i (rise edge)
                                  0.000000    0.000000   clock source latency
   170    0.801780    0.000000    0.000000    0.000000 ^ clk_i (in)
                                                         clk_i (net)
                      0.046586    0.023293    0.023293 ^ _1385_/CLK (sg13g2_dfrbpq_1)
                                  0.100000    0.123293   clock uncertainty
                                 -0.002208    0.121085   clock reconvergence pessimism
                                 -0.028682    0.092403   library hold time
                                              0.092403   data required time
---------------------------------------------------------------------------------------------
                                              0.092403   data required time
                                             -0.288118   data arrival time
---------------------------------------------------------------------------------------------
                                              0.195715   slack (MET)


Startpoint: _1297_ (rising edge-triggered flip-flop clocked by clk_i)
Endpoint: _1297_ (rising edge-triggered flip-flop clocked by clk_i)
Path Group: clk_i
Path Type: min

Fanout         Cap        Slew       Delay        Time   Description
---------------------------------------------------------------------------------------------
                                  0.000000    0.000000   clock clk_i (rise edge)
                                  0.000000    0.000000   clock source latency
   170    0.725720    0.000000    0.000000    0.000000 ^ clk_i (in)
                                                         clk_i (net)
                      0.041271    0.020635    0.020635 ^ _1297_/CLK (sg13g2_dfrbpq_1)
     3    0.009413    0.037585    0.185709    0.206345 v _1297_/Q (sg13g2_dfrbpq_1)
                                                         u_boot_ctrl.word_asm[4] (net)
                      0.037585    0.000052    0.206396 v _0988_/B1 (sg13g2_a21oi_1)
     1    0.003276    0.037276    0.044670    0.251067 ^ _0988_/Y (sg13g2_a21oi_1)
                                                         _0380_ (net)
                      0.037276    0.000024    0.251091 ^ _0989_/A (sg13g2_nor3_1)
     1    0.001604    0.019477    0.036747    0.287838 v _0989_/Y (sg13g2_nor3_1)
                                                         _0079_ (net)
                      0.019477    0.000008    0.287847 v _1297_/D (sg13g2_dfrbpq_1)
                                              0.287847   data arrival time

                                  0.000000    0.000000   clock clk_i (rise edge)
                                  0.000000    0.000000   clock source latency
   170    0.801780    0.000000    0.000000    0.000000 ^ clk_i (in)
                                                         clk_i (net)
                      0.045617    0.022808    0.022808 ^ _1297_/CLK (sg13g2_dfrbpq_1)
                                  0.100000    0.122808   clock uncertainty
                                 -0.002173    0.120635   clock reconvergence pessimism
                                 -0.028873    0.091762   library hold time
                                              0.091762   data required time
---------------------------------------------------------------------------------------------
                                              0.091762   data required time
                                             -0.287847   data arrival time
---------------------------------------------------------------------------------------------
                                              0.196084   slack (MET)


Startpoint: _1308_ (rising edge-triggered flip-flop clocked by clk_i)
Endpoint: _1308_ (rising edge-triggered flip-flop clocked by clk_i)
Path Group: clk_i
Path Type: min

Fanout         Cap        Slew       Delay        Time   Description
---------------------------------------------------------------------------------------------
                                  0.000000    0.000000   clock clk_i (rise edge)
                                  0.000000    0.000000   clock source latency
   170    0.725720    0.000000    0.000000    0.000000 ^ clk_i (in)
                                                         clk_i (net)
                      0.029463    0.014731    0.014731 ^ _1308_/CLK (sg13g2_dfrbpq_1)
     3    0.010311    0.040202    0.182185    0.196916 v _1308_/Q (sg13g2_dfrbpq_1)
                                                         u_boot_ctrl.word_asm[15] (net)
                      0.040202    0.000054    0.196971 v _1021_/B1 (sg13g2_a21oi_1)
     1    0.003280    0.037830    0.045498    0.242469 ^ _1021_/Y (sg13g2_a21oi_1)
                                                         _0402_ (net)
                      0.037830    0.000025    0.242493 ^ _1022_/A (sg13g2_nor3_1)
     1    0.001588    0.019285    0.036932    0.279426 v _1022_/Y (sg13g2_nor3_1)
                                                         _0090_ (net)
                      0.019285    0.000008    0.279434 v _1308_/D (sg13g2_dfrbpq_1)
                                              0.279434   data arrival time

                                  0.000000    0.000000   clock clk_i (rise edge)
                                  0.000000    0.000000   clock source latency
   170    0.801780    0.000000    0.000000    0.000000 ^ clk_i (in)
                                                         clk_i (net)
                      0.032559    0.016279    0.016279 ^ _1308_/CLK (sg13g2_dfrbpq_1)
                                  0.100000    0.116279   clock uncertainty
                                 -0.001548    0.114731   clock reconvergence pessimism
                                 -0.031537    0.083194   library hold time
                                              0.083194   data required time
---------------------------------------------------------------------------------------------
                                              0.083194   data required time
                                             -0.279434   data arrival time
---------------------------------------------------------------------------------------------
                                              0.196239   slack (MET)


Startpoint: _1298_ (rising edge-triggered flip-flop clocked by clk_i)
Endpoint: _1298_ (rising edge-triggered flip-flop clocked by clk_i)
Path Group: clk_i
Path Type: min

Fanout         Cap        Slew       Delay        Time   Description
---------------------------------------------------------------------------------------------
                                  0.000000    0.000000   clock clk_i (rise edge)
                                  0.000000    0.000000   clock source latency
   170    0.725720    0.000000    0.000000    0.000000 ^ clk_i (in)
                                                         clk_i (net)
                      0.037604    0.018802    0.018802 ^ _1298_/CLK (sg13g2_dfrbpq_1)
     3    0.009506    0.037855    0.184162    0.202964 v _1298_/Q (sg13g2_dfrbpq_1)
                                                         u_boot_ctrl.word_asm[5] (net)
                      0.037855    0.000048    0.203011 v _0991_/B1 (sg13g2_a21oi_1)
     1    0.003406    0.038037    0.045344    0.248355 ^ _0991_/Y (sg13g2_a21oi_1)
                                                         _0382_ (net)
                      0.038037    0.000029    0.248384 ^ _0992_/A (sg13g2_nor3_1)
     1    0.001676    0.019952    0.037231    0.285615 v _0992_/Y (sg13g2_nor3_1)
                                                         _0080_ (net)
                      0.019952    0.000010    0.285624 v _1298_/D (sg13g2_dfrbpq_1)
                                              0.285624   data arrival time

                                  0.000000    0.000000   clock clk_i (rise edge)
                                  0.000000    0.000000   clock source latency
   170    0.801780    0.000000    0.000000    0.000000 ^ clk_i (in)
                                                         clk_i (net)
                      0.041556    0.020778    0.020778 ^ _1298_/CLK (sg13g2_dfrbpq_1)
                                  0.100000    0.120778   clock uncertainty
                                 -0.001976    0.118802   clock reconvergence pessimism
                                 -0.029871    0.088931   library hold time
                                              0.088931   data required time
---------------------------------------------------------------------------------------------
                                              0.088931   data required time
                                             -0.285624   data arrival time
---------------------------------------------------------------------------------------------
                                              0.196694   slack (MET)


Startpoint: _1385_ (rising edge-triggered flip-flop clocked by clk_i)
Endpoint: _1300_ (rising edge-triggered flip-flop clocked by clk_i)
Path Group: clk_i
Path Type: min

Fanout         Cap        Slew       Delay        Time   Description
---------------------------------------------------------------------------------------------
                                  0.000000    0.000000   clock clk_i (rise edge)
                                  0.000000    0.000000   clock source latency
   170    0.725720    0.000000    0.000000    0.000000 ^ clk_i (in)
                                                         clk_i (net)
                      0.042170    0.021085    0.021085 ^ _1385_/CLK (sg13g2_dfrbpq_1)
     2    0.006619    0.029562    0.179317    0.200402 v _1385_/Q (sg13g2_dfrbpq_1)
                                                         spi_rx[7] (net)
                      0.029562    0.000036    0.200439 v _0996_/A (sg13g2_nor2_1)
     1    0.002996    0.043237    0.057029    0.257468 ^ _0996_/Y (sg13g2_nor2_1)
                                                         _0385_ (net)
                      0.043237    0.000025    0.257493 ^ _0998_/C (sg13g2_nor3_1)
     1    0.001661    0.019789    0.032972    0.290465 v _0998_/Y (sg13g2_nor3_1)
                                                         _0082_ (net)
                      0.019789    0.000009    0.290475 v _1300_/D (sg13g2_dfrbpq_1)
                                              0.290475   data arrival time

                                  0.000000    0.000000   clock clk_i (rise edge)
                                  0.000000    0.000000   clock source latency
   170    0.801780    0.000000    0.000000    0.000000 ^ clk_i (in)
                                                         clk_i (net)
                      0.043401    0.021701    0.021701 ^ _1300_/CLK (sg13g2_dfrbpq_1)
                                  0.100000    0.121701   clock uncertainty
                                  0.000000    0.121701   clock reconvergence pessimism
                                 -0.029435    0.092266   library hold time
                                              0.092266   data required time
---------------------------------------------------------------------------------------------
                                              0.092266   data required time
                                             -0.290475   data arrival time
---------------------------------------------------------------------------------------------
                                              0.198209   slack (MET)


Startpoint: _1315_ (rising edge-triggered flip-flop clocked by clk_i)
Endpoint: _1315_ (rising edge-triggered flip-flop clocked by clk_i)
Path Group: clk_i
Path Type: min

Fanout         Cap        Slew       Delay        Time   Description
---------------------------------------------------------------------------------------------
                                  0.000000    0.000000   clock clk_i (rise edge)
                                  0.000000    0.000000   clock source latency
   170    0.725720    0.000000    0.000000    0.000000 ^ clk_i (in)
                                                         clk_i (net)
                      0.029921    0.014961    0.014961 ^ _1315_/CLK (sg13g2_dfrbpq_1)
     3    0.010106    0.039606    0.181897    0.196858 v _1315_/Q (sg13g2_dfrbpq_1)
                                                         u_boot_ctrl.word_asm[22] (net)
                      0.039606    0.000105    0.196963 v _1042_/B1 (sg13g2_a21oi_1)
     1    0.003329    0.037973    0.045536    0.242499 ^ _1042_/Y (sg13g2_a21oi_1)
                                                         _0416_ (net)
                      0.037973    0.000026    0.242526 ^ _1043_/A (sg13g2_nor3_1)
     1    0.002317    0.021267    0.038773    0.281299 v _1043_/Y (sg13g2_nor3_1)
                                                         _0097_ (net)
                      0.021267    0.000023    0.281322 v _1315_/D (sg13g2_dfrbpq_1)
                                              0.281322   data arrival time

                                  0.000000    0.000000   clock clk_i (rise edge)
                                  0.000000    0.000000   clock source latency
   170    0.801780    0.000000    0.000000    0.000000 ^ clk_i (in)
                                                         clk_i (net)
                      0.033076    0.016538    0.016538 ^ _1315_/CLK (sg13g2_dfrbpq_1)
                                  0.100000    0.116538   clock uncertainty
                                 -0.001578    0.114961   clock reconvergence pessimism
                                 -0.032058    0.082903   library hold time
                                              0.082903   data required time
---------------------------------------------------------------------------------------------
                                              0.082903   data required time
                                             -0.281322   data arrival time
---------------------------------------------------------------------------------------------
                                              0.198419   slack (MET)


Startpoint: _1340_ (rising edge-triggered flip-flop clocked by clk_i)
Endpoint: boot_wdata[13] (output port clocked by clk_i)
Path Group: clk_i
Path Type: min

Fanout         Cap        Slew       Delay        Time   Description
---------------------------------------------------------------------------------------------
                                  0.000000    0.000000   clock clk_i (rise edge)
                                  0.000000    0.000000   clock source latency
   170    0.725720    0.000000    0.000000    0.000000 ^ clk_i (in)
                                                         clk_i (net)
                      0.035673    0.017837    0.017837 ^ _1340_/CLK (sg13g2_dfrbpq_1)
     2    0.052422    0.165074    0.281838    0.299675 v _1340_/Q (sg13g2_dfrbpq_1)
                                                         boot_wdata[13] (net)
                      0.165074    0.000000    0.299675 v boot_wdata[13] (out)
                                              0.299675   data arrival time

                                  0.000000    0.000000   clock clk_i (rise edge)
                                  0.000000    0.000000   clock network delay (propagated)
                                  0.100000    0.100000   clock uncertainty
                                  0.000000    0.100000   clock reconvergence pessimism
                                  0.000000    0.100000   output external delay
                                              0.100000   data required time
---------------------------------------------------------------------------------------------
                                              0.100000   data required time
                                             -0.299675   data arrival time
---------------------------------------------------------------------------------------------
                                              0.199675   slack (MET)


Startpoint: _1305_ (rising edge-triggered flip-flop clocked by clk_i)
Endpoint: _1305_ (rising edge-triggered flip-flop clocked by clk_i)
Path Group: clk_i
Path Type: min

Fanout         Cap        Slew       Delay        Time   Description
---------------------------------------------------------------------------------------------
                                  0.000000    0.000000   clock clk_i (rise edge)
                                  0.000000    0.000000   clock source latency
   170    0.725720    0.000000    0.000000    0.000000 ^ clk_i (in)
                                                         clk_i (net)
                      0.039055    0.019528    0.019528 ^ _1305_/CLK (sg13g2_dfrbpq_1)
     3    0.010711    0.041379    0.187793    0.207321 v _1305_/Q (sg13g2_dfrbpq_1)
                                                         u_boot_ctrl.word_asm[12] (net)
                      0.041379    0.000050    0.207370 v _1012_/B1 (sg13g2_a21oi_1)
     1    0.003244    0.037871    0.045695    0.253066 ^ _1012_/Y (sg13g2_a21oi_1)
                                                         _0396_ (net)
                      0.037871    0.000024    0.253089 ^ _1013_/A (sg13g2_nor3_1)
     1    0.001559    0.019603    0.036879    0.289968 v _1013_/Y (sg13g2_nor3_1)
                                                         _0087_ (net)
                      0.019603    0.000008    0.289976 v _1305_/D (sg13g2_dfrbpq_1)
                                              0.289976   data arrival time

                                  0.000000    0.000000   clock clk_i (rise edge)
                                  0.000000    0.000000   clock source latency
   170    0.801780    0.000000    0.000000    0.000000 ^ clk_i (in)
                                                         clk_i (net)
                      0.043163    0.021582    0.021582 ^ _1305_/CLK (sg13g2_dfrbpq_1)
                                  0.100000    0.121582   clock uncertainty
                                 -0.002054    0.119528   clock reconvergence pessimism
                                 -0.029425    0.090102   library hold time
                                              0.090102   data required time
---------------------------------------------------------------------------------------------
                                              0.090102   data required time
                                             -0.289976   data arrival time
---------------------------------------------------------------------------------------------
                                              0.199874   slack (MET)


Startpoint: _1332_ (rising edge-triggered flip-flop clocked by clk_i)
Endpoint: boot_wdata[5] (output port clocked by clk_i)
Path Group: clk_i
Path Type: min

Fanout         Cap        Slew       Delay        Time   Description
---------------------------------------------------------------------------------------------
                                  0.000000    0.000000   clock clk_i (rise edge)
                                  0.000000    0.000000   clock source latency
   170    0.725720    0.000000    0.000000    0.000000 ^ clk_i (in)
                                                         clk_i (net)
                      0.036776    0.018388    0.018388 ^ _1332_/CLK (sg13g2_dfrbpq_1)
     2    0.052422    0.165074    0.282370    0.300758 v _1332_/Q (sg13g2_dfrbpq_1)
                                                         boot_wdata[5] (net)
                      0.165074    0.000000    0.300758 v boot_wdata[5] (out)
                                              0.300758   data arrival time

                                  0.000000    0.000000   clock clk_i (rise edge)
                                  0.000000    0.000000   clock network delay (propagated)
                                  0.100000    0.100000   clock uncertainty
                                  0.000000    0.100000   clock reconvergence pessimism
                                  0.000000    0.100000   output external delay
                                              0.100000   data required time
---------------------------------------------------------------------------------------------
                                              0.100000   data required time
                                             -0.300758   data arrival time
---------------------------------------------------------------------------------------------
                                              0.200758   slack (MET)


Startpoint: _1299_ (rising edge-triggered flip-flop clocked by clk_i)
Endpoint: _1299_ (rising edge-triggered flip-flop clocked by clk_i)
Path Group: clk_i
Path Type: min

Fanout         Cap        Slew       Delay        Time   Description
---------------------------------------------------------------------------------------------
                                  0.000000    0.000000   clock clk_i (rise edge)
                                  0.000000    0.000000   clock source latency
   170    0.725720    0.000000    0.000000    0.000000 ^ clk_i (in)
                                                         clk_i (net)
                      0.030342    0.015171    0.015171 ^ _1299_/CLK (sg13g2_dfrbpq_1)
     3    0.011360    0.043302    0.185107    0.200278 v _1299_/Q (sg13g2_dfrbpq_1)
                                                         u_boot_ctrl.word_asm[6] (net)
                      0.043302    0.000062    0.200340 v _0994_/B1 (sg13g2_a21oi_1)
     1    0.002971    0.036787    0.045031    0.245372 ^ _0994_/Y (sg13g2_a21oi_1)
                                                         _0384_ (net)
                      0.036787    0.000016    0.245388 ^ _0995_/A (sg13g2_nor3_1)
     1    0.002522    0.022488    0.038784    0.284172 v _0995_/Y (sg13g2_nor3_1)
                                                         _0081_ (net)
                      0.022488    0.000026    0.284198 v _1299_/D (sg13g2_dfrbpq_1)
                                              0.284198   data arrival time

                                  0.000000    0.000000   clock clk_i (rise edge)
                                  0.000000    0.000000   clock source latency
   170    0.801780    0.000000    0.000000    0.000000 ^ clk_i (in)
                                                         clk_i (net)
                      0.033533    0.016766    0.016766 ^ _1299_/CLK (sg13g2_dfrbpq_1)
                                  0.100000    0.116766   clock uncertainty
                                 -0.001595    0.115171   clock reconvergence pessimism
                                 -0.032350    0.082821   library hold time
                                              0.082821   data required time
---------------------------------------------------------------------------------------------
                                              0.082821   data required time
                                             -0.284198   data arrival time
---------------------------------------------------------------------------------------------
                                              0.201377   slack (MET)


Startpoint: _1306_ (rising edge-triggered flip-flop clocked by clk_i)
Endpoint: _1306_ (rising edge-triggered flip-flop clocked by clk_i)
Path Group: clk_i
Path Type: min

Fanout         Cap        Slew       Delay        Time   Description
---------------------------------------------------------------------------------------------
                                  0.000000    0.000000   clock clk_i (rise edge)
                                  0.000000    0.000000   clock source latency
   170    0.725720    0.000000    0.000000    0.000000 ^ clk_i (in)
                                                         clk_i (net)
                      0.036591    0.018295    0.018295 ^ _1306_/CLK (sg13g2_dfrbpq_1)
     3    0.011039    0.042337    0.187404    0.205699 v _1306_/Q (sg13g2_dfrbpq_1)
                                                         u_boot_ctrl.word_asm[13] (net)
                      0.042337    0.000042    0.205741 v _1015_/B1 (sg13g2_a21oi_1)
     1    0.003337    0.038569    0.046419    0.252159 ^ _1015_/Y (sg13g2_a21oi_1)
                                                         _0398_ (net)
                      0.038569    0.000026    0.252186 ^ _1016_/A (sg13g2_nor3_1)
     1    0.001659    0.019863    0.037407    0.289593 v _1016_/Y (sg13g2_nor3_1)
                                                         _0088_ (net)
                      0.019863    0.000009    0.289602 v _1306_/D (sg13g2_dfrbpq_1)
                                              0.289602   data arrival time

                                  0.000000    0.000000   clock clk_i (rise edge)
                                  0.000000    0.000000   clock source latency
   170    0.801780    0.000000    0.000000    0.000000 ^ clk_i (in)
                                                         clk_i (net)
                      0.040426    0.020213    0.020213 ^ _1306_/CLK (sg13g2_dfrbpq_1)
                                  0.100000    0.120213   clock uncertainty
                                 -0.001918    0.118295   clock reconvergence pessimism
                                 -0.030079    0.088216   library hold time
                                              0.088216   data required time
---------------------------------------------------------------------------------------------
                                              0.088216   data required time
                                             -0.289602   data arrival time
---------------------------------------------------------------------------------------------
                                              0.201386   slack (MET)


Startpoint: _1372_ (rising edge-triggered flip-flop clocked by clk_i)
Endpoint: _1372_ (rising edge-triggered flip-flop clocked by clk_i)
Path Group: clk_i
Path Type: min

Fanout         Cap        Slew       Delay        Time   Description
---------------------------------------------------------------------------------------------
                                  0.000000    0.000000   clock clk_i (rise edge)
                                  0.000000    0.000000   clock source latency
   170    0.725720    0.000000    0.000000    0.000000 ^ clk_i (in)
                                                         clk_i (net)
                      0.048539    0.024269    0.024269 ^ _1372_/CLK (sg13g2_dfrbpq_1)
     2    0.007387    0.031740    0.184233    0.208502 v _1372_/Q (sg13g2_dfrbpq_1)
                                                         u_spi.tx_shift[2] (net)
                      0.031740    0.000108    0.208610 v _1181_/A (sg13g2_nor2_1)
     1    0.002570    0.040314    0.055200    0.263809 ^ _1181_/Y (sg13g2_nor2_1)
                                                         _0499_ (net)
                      0.040314    0.000014    0.263823 ^ _1182_/D (sg13g2_nor4_1)
     1    0.001704    0.020848    0.034400    0.298223 v _1182_/Y (sg13g2_nor4_1)
                                                         _0154_ (net)
                      0.020848    0.000010    0.298233 v _1372_/D (sg13g2_dfrbpq_1)
                                              0.298233   data arrival time

                                  0.000000    0.000000   clock clk_i (rise edge)
                                  0.000000    0.000000   clock source latency
   170    0.801780    0.000000    0.000000    0.000000 ^ clk_i (in)
                                                         clk_i (net)
                      0.053616    0.026808    0.026808 ^ _1372_/CLK (sg13g2_dfrbpq_1)
                                  0.100000    0.126808   clock uncertainty
                                 -0.002538    0.124269   clock reconvergence pessimism
                                 -0.027640    0.096629   library hold time
                                              0.096629   data required time
---------------------------------------------------------------------------------------------
                                              0.096629   data required time
                                             -0.298233   data arrival time
---------------------------------------------------------------------------------------------
                                              0.201604   slack (MET)


Startpoint: _1302_ (rising edge-triggered flip-flop clocked by clk_i)
Endpoint: _1302_ (rising edge-triggered flip-flop clocked by clk_i)
Path Group: clk_i
Path Type: min

Fanout         Cap        Slew       Delay        Time   Description
---------------------------------------------------------------------------------------------
                                  0.000000    0.000000   clock clk_i (rise edge)
                                  0.000000    0.000000   clock source latency
   170    0.725720    0.000000    0.000000    0.000000 ^ clk_i (in)
                                                         clk_i (net)
                      0.070413    0.035206    0.035206 ^ _1302_/CLK (sg13g2_dfrbpq_1)
     3    0.009403    0.037567    0.199759    0.234965 v _1302_/Q (sg13g2_dfrbpq_1)
                                                         u_boot_ctrl.word_asm[9] (net)
                      0.037567    0.000046    0.235012 v _1003_/B1 (sg13g2_a21oi_1)
     1    0.003217    0.036949    0.044395    0.279406 ^ _1003_/Y (sg13g2_a21oi_1)
                                                         _0390_ (net)
                      0.036949    0.000023    0.279429 ^ _1004_/A (sg13g2_nor3_1)
     1    0.001594    0.019255    0.036590    0.316019 v _1004_/Y (sg13g2_nor3_1)
                                                         _0084_ (net)
                      0.019255    0.000008    0.316027 v _1302_/D (sg13g2_dfrbpq_1)
                                              0.316027   data arrival time

                                  0.000000    0.000000   clock clk_i (rise edge)
                                  0.000000    0.000000   clock source latency
   170    0.801780    0.000000    0.000000    0.000000 ^ clk_i (in)
                                                         clk_i (net)
                      0.077831    0.038915    0.038915 ^ _1302_/CLK (sg13g2_dfrbpq_1)
                                  0.100000    0.138915   clock uncertainty
                                 -0.003709    0.135206   clock reconvergence pessimism
                                 -0.022081    0.113125   library hold time
                                              0.113125   data required time
---------------------------------------------------------------------------------------------
                                              0.113125   data required time
                                             -0.316027   data arrival time
---------------------------------------------------------------------------------------------
                                              0.202902   slack (MET)


Startpoint: _1356_ (rising edge-triggered flip-flop clocked by clk_i)
Endpoint: boot_wdata[29] (output port clocked by clk_i)
Path Group: clk_i
Path Type: min

Fanout         Cap        Slew       Delay        Time   Description
---------------------------------------------------------------------------------------------
                                  0.000000    0.000000   clock clk_i (rise edge)
                                  0.000000    0.000000   clock source latency
   170    0.725720    0.000000    0.000000    0.000000 ^ clk_i (in)
                                                         clk_i (net)
                      0.039371    0.019685    0.019685 ^ _1356_/CLK (sg13g2_dfrbpq_1)
     2    0.052422    0.165074    0.283623    0.303308 v _1356_/Q (sg13g2_dfrbpq_1)
                                                         boot_wdata[29] (net)
                      0.165074    0.000000    0.303308 v boot_wdata[29] (out)
                                              0.303308   data arrival time

                                  0.000000    0.000000   clock clk_i (rise edge)
                                  0.000000    0.000000   clock network delay (propagated)
                                  0.100000    0.100000   clock uncertainty
                                  0.000000    0.100000   clock reconvergence pessimism
                                  0.000000    0.100000   output external delay
                                              0.100000   data required time
---------------------------------------------------------------------------------------------
                                              0.100000   data required time
                                             -0.303308   data arrival time
---------------------------------------------------------------------------------------------
                                              0.203308   slack (MET)


Startpoint: _1312_ (rising edge-triggered flip-flop clocked by clk_i)
Endpoint: _1312_ (rising edge-triggered flip-flop clocked by clk_i)
Path Group: clk_i
Path Type: min

Fanout         Cap        Slew       Delay        Time   Description
---------------------------------------------------------------------------------------------
                                  0.000000    0.000000   clock clk_i (rise edge)
                                  0.000000    0.000000   clock source latency
   170    0.725720    0.000000    0.000000    0.000000 ^ clk_i (in)
                                                         clk_i (net)
                      0.066597    0.033298    0.033298 ^ _1312_/CLK (sg13g2_dfrbpq_1)
     3    0.010002    0.039314    0.199369    0.232667 v _1312_/Q (sg13g2_dfrbpq_1)
                                                         u_boot_ctrl.word_asm[19] (net)
                      0.039314    0.000070    0.232737 v _1033_/B1 (sg13g2_a21oi_1)
     1    0.003135    0.036860    0.044560    0.277297 ^ _1033_/Y (sg13g2_a21oi_1)
                                                         _0410_ (net)
                      0.036860    0.000021    0.277318 ^ _1034_/A (sg13g2_nor3_1)
     1    0.001631    0.019382    0.036644    0.313962 v _1034_/Y (sg13g2_nor3_1)
                                                         _0094_ (net)
                      0.019382    0.000009    0.313971 v _1312_/D (sg13g2_dfrbpq_1)
                                              0.313971   data arrival time

                                  0.000000    0.000000   clock clk_i (rise edge)
                                  0.000000    0.000000   clock source latency
   170    0.801780    0.000000    0.000000    0.000000 ^ clk_i (in)
                                                         clk_i (net)
                      0.073602    0.036801    0.036801 ^ _1312_/CLK (sg13g2_dfrbpq_1)
                                  0.100000    0.136801   clock uncertainty
                                 -0.003502    0.133298   clock reconvergence pessimism
                                 -0.023004    0.110294   library hold time
                                              0.110294   data required time
---------------------------------------------------------------------------------------------
                                              0.110294   data required time
                                             -0.313971   data arrival time
---------------------------------------------------------------------------------------------
                                              0.203677   slack (MET)


Startpoint: _1296_ (rising edge-triggered flip-flop clocked by clk_i)
Endpoint: _1296_ (rising edge-triggered flip-flop clocked by clk_i)
Path Group: clk_i
Path Type: min

Fanout         Cap        Slew       Delay        Time   Description
---------------------------------------------------------------------------------------------
                                  0.000000    0.000000   clock clk_i (rise edge)
                                  0.000000    0.000000   clock source latency
   170    0.725720    0.000000    0.000000    0.000000 ^ clk_i (in)
                                                         clk_i (net)
                      0.069611    0.034806    0.034806 ^ _1296_/CLK (sg13g2_dfrbpq_1)
     3    0.009393    0.037539    0.199349    0.234155 v _1296_/Q (sg13g2_dfrbpq_1)
                                                         u_boot_ctrl.word_asm[3] (net)
                      0.037539    0.000046    0.234201 v _0985_/B1 (sg13g2_a21oi_1)
     1    0.003366    0.037759    0.045066    0.279268 ^ _0985_/Y (sg13g2_a21oi_1)
                                                         _0378_ (net)
                      0.037759    0.000028    0.279295 ^ _0986_/A (sg13g2_nor3_1)
     1    0.001625    0.019596    0.036995    0.316290 v _0986_/Y (sg13g2_nor3_1)
                                                         _0078_ (net)
                      0.019596    0.000009    0.316299 v _1296_/D (sg13g2_dfrbpq_1)
                                              0.316299   data arrival time

                                  0.000000    0.000000   clock clk_i (rise edge)
                                  0.000000    0.000000   clock source latency
   170    0.801780    0.000000    0.000000    0.000000 ^ clk_i (in)
                                                         clk_i (net)
                      0.076928    0.038464    0.038464 ^ _1296_/CLK (sg13g2_dfrbpq_1)
                                  0.100000    0.138464   clock uncertainty
                                 -0.003658    0.134806   clock reconvergence pessimism
                                 -0.022378    0.112428   library hold time
                                              0.112428   data required time
---------------------------------------------------------------------------------------------
                                              0.112428   data required time
                                             -0.316299   data arrival time
---------------------------------------------------------------------------------------------
                                              0.203871   slack (MET)


Startpoint: _1331_ (rising edge-triggered flip-flop clocked by clk_i)
Endpoint: boot_wdata[4] (output port clocked by clk_i)
Path Group: clk_i
Path Type: min

Fanout         Cap        Slew       Delay        Time   Description
---------------------------------------------------------------------------------------------
                                  0.000000    0.000000   clock clk_i (rise edge)
                                  0.000000    0.000000   clock source latency
   170    0.725720    0.000000    0.000000    0.000000 ^ clk_i (in)
                                                         clk_i (net)
                      0.040167    0.020084    0.020084 ^ _1331_/CLK (sg13g2_dfrbpq_1)
     2    0.052422    0.165074    0.284007    0.304091 v _1331_/Q (sg13g2_dfrbpq_1)
                                                         boot_wdata[4] (net)
                      0.165074    0.000000    0.304091 v boot_wdata[4] (out)
                                              0.304091   data arrival time

                                  0.000000    0.000000   clock clk_i (rise edge)
                                  0.000000    0.000000   clock network delay (propagated)
                                  0.100000    0.100000   clock uncertainty
                                  0.000000    0.100000   clock reconvergence pessimism
                                  0.000000    0.100000   output external delay
                                              0.100000   data required time
---------------------------------------------------------------------------------------------
                                              0.100000   data required time
                                             -0.304091   data arrival time
---------------------------------------------------------------------------------------------
                                              0.204091   slack (MET)


Startpoint: _1310_ (rising edge-triggered flip-flop clocked by clk_i)
Endpoint: _1310_ (rising edge-triggered flip-flop clocked by clk_i)
Path Group: clk_i
Path Type: min

Fanout         Cap        Slew       Delay        Time   Description
---------------------------------------------------------------------------------------------
                                  0.000000    0.000000   clock clk_i (rise edge)
                                  0.000000    0.000000   clock source latency
   170    0.725720    0.000000    0.000000    0.000000 ^ clk_i (in)
                                                         clk_i (net)
                      0.063952    0.031976    0.031976 ^ _1310_/CLK (sg13g2_dfrbpq_1)
     3    0.009431    0.037649    0.196700    0.228676 v _1310_/Q (sg13g2_dfrbpq_1)
                                                         u_boot_ctrl.word_asm[17] (net)
                      0.037649    0.000069    0.228745 v _1027_/B1 (sg13g2_a21oi_1)
     1    0.003357    0.037728    0.045057    0.273802 ^ _1027_/Y (sg13g2_a21oi_1)
                                                         _0406_ (net)
                      0.037728    0.000027    0.273829 ^ _1028_/A (sg13g2_nor3_1)
     1    0.002112    0.021133    0.038172    0.312001 v _1028_/Y (sg13g2_nor3_1)
                                                         _0092_ (net)
                      0.021133    0.000018    0.312019 v _1310_/D (sg13g2_dfrbpq_1)
                                              0.312019   data arrival time

                                  0.000000    0.000000   clock clk_i (rise edge)
                                  0.000000    0.000000   clock source latency
   170    0.801780    0.000000    0.000000    0.000000 ^ clk_i (in)
                                                         clk_i (net)
                      0.070723    0.035361    0.035361 ^ _1310_/CLK (sg13g2_dfrbpq_1)
                                  0.100000    0.135361   clock uncertainty
                                 -0.003385    0.131976   clock reconvergence pessimism
                                 -0.024162    0.107814   library hold time
                                              0.107814   data required time
---------------------------------------------------------------------------------------------
                                              0.107814   data required time
                                             -0.312019   data arrival time
---------------------------------------------------------------------------------------------
                                              0.204205   slack (MET)


Startpoint: _1301_ (rising edge-triggered flip-flop clocked by clk_i)
Endpoint: _1301_ (rising edge-triggered flip-flop clocked by clk_i)
Path Group: clk_i
Path Type: min

Fanout         Cap        Slew       Delay        Time   Description
---------------------------------------------------------------------------------------------
                                  0.000000    0.000000   clock clk_i (rise edge)
                                  0.000000    0.000000   clock source latency
   170    0.725720    0.000000    0.000000    0.000000 ^ clk_i (in)
                                                         clk_i (net)
                      0.068429    0.034214    0.034214 ^ _1301_/CLK (sg13g2_dfrbpq_1)
     3    0.009728    0.038513    0.199592    0.233806 v _1301_/Q (sg13g2_dfrbpq_1)
                                                         u_boot_ctrl.word_asm[8] (net)
                      0.038513    0.000043    0.233849 v _1000_/B1 (sg13g2_a21oi_1)
     1    0.003373    0.037994    0.045401    0.279250 ^ _1000_/Y (sg13g2_a21oi_1)
                                                         _0388_ (net)
                      0.037994    0.000028    0.279278 ^ _1001_/A (sg13g2_nor3_1)
     1    0.001764    0.020196    0.037431    0.316709 v _1001_/Y (sg13g2_nor3_1)
                                                         _0083_ (net)
                      0.020196    0.000011    0.316720 v _1301_/D (sg13g2_dfrbpq_1)
                                              0.316720   data arrival time

                                  0.000000    0.000000   clock clk_i (rise edge)
                                  0.000000    0.000000   clock source latency
   170    0.801780    0.000000    0.000000    0.000000 ^ clk_i (in)
                                                         clk_i (net)
                      0.075634    0.037817    0.037817 ^ _1301_/CLK (sg13g2_dfrbpq_1)
                                  0.100000    0.137817   clock uncertainty
                                 -0.003603    0.134214   clock reconvergence pessimism
                                 -0.022839    0.111375   library hold time
                                              0.111375   data required time
---------------------------------------------------------------------------------------------
                                              0.111375   data required time
                                             -0.316720   data arrival time
---------------------------------------------------------------------------------------------
                                              0.205345   slack (MET)


Startpoint: _1311_ (rising edge-triggered flip-flop clocked by clk_i)
Endpoint: _1311_ (rising edge-triggered flip-flop clocked by clk_i)
Path Group: clk_i
Path Type: min

Fanout         Cap        Slew       Delay        Time   Description
---------------------------------------------------------------------------------------------
                                  0.000000    0.000000   clock clk_i (rise edge)
                                  0.000000    0.000000   clock source latency
   170    0.725720    0.000000    0.000000    0.000000 ^ clk_i (in)
                                                         clk_i (net)
                      0.068608    0.034304    0.034304 ^ _1311_/CLK (sg13g2_dfrbpq_1)
     3    0.010376    0.040413    0.201253    0.235557 v _1311_/Q (sg13g2_dfrbpq_1)
                                                         u_boot_ctrl.word_asm[18] (net)
                      0.040413    0.000077    0.235634 v _1030_/B1 (sg13g2_a21oi_1)
     1    0.003139    0.037104    0.044915    0.280549 ^ _1030_/Y (sg13g2_a21oi_1)
                                                         _0408_ (net)
                      0.037104    0.000021    0.280570 ^ _1031_/A (sg13g2_nor3_1)
     1    0.001598    0.019371    0.036663    0.317234 v _1031_/Y (sg13g2_nor3_1)
                                                         _0093_ (net)
                      0.019371    0.000008    0.317242 v _1311_/D (sg13g2_dfrbpq_1)
                                              0.317242   data arrival time

                                  0.000000    0.000000   clock clk_i (rise edge)
                                  0.000000    0.000000   clock source latency
   170    0.801780    0.000000    0.000000    0.000000 ^ clk_i (in)
                                                         clk_i (net)
                      0.075828    0.037914    0.037914 ^ _1311_/CLK (sg13g2_dfrbpq_1)
                                  0.100000    0.137914   clock uncertainty
                                 -0.003610    0.134304   clock reconvergence pessimism
                                 -0.022536    0.111768   library hold time
                                              0.111768   data required time
---------------------------------------------------------------------------------------------
                                              0.111768   data required time
                                             -0.317242   data arrival time
---------------------------------------------------------------------------------------------
                                              0.205474   slack (MET)


Startpoint: _1376_ (rising edge-triggered flip-flop clocked by clk_i)
Endpoint: _1376_ (rising edge-triggered flip-flop clocked by clk_i)
Path Group: clk_i
Path Type: min

Fanout         Cap        Slew       Delay        Time   Description
---------------------------------------------------------------------------------------------
                                  0.000000    0.000000   clock clk_i (rise edge)
                                  0.000000    0.000000   clock source latency
   170    0.725720    0.000000    0.000000    0.000000 ^ clk_i (in)
                                                         clk_i (net)
                      0.046804    0.023402    0.023402 ^ _1376_/CLK (sg13g2_dfrbpq_1)
     2    0.005912    0.027597    0.179829    0.203232 v _1376_/Q (sg13g2_dfrbpq_1)
                                                         u_spi.tx_shift[6] (net)
                      0.027597    0.000026    0.203258 v _1192_/A (sg13g2_nor2_1)
     1    0.002655    0.040480    0.054414    0.257672 ^ _1192_/Y (sg13g2_nor2_1)
                                                         _0506_ (net)
                      0.040480    0.000012    0.257684 ^ _1194_/C (sg13g2_nor4_1)
     1    0.002733    0.027109    0.041959    0.299643 v _1194_/Y (sg13g2_nor4_1)
                                                         _0158_ (net)
                      0.027109    0.000031    0.299675 v _1376_/D (sg13g2_dfrbpq_1)
                                              0.299675   data arrival time

                                  0.000000    0.000000   clock clk_i (rise edge)
                                  0.000000    0.000000   clock source latency
   170    0.801780    0.000000    0.000000    0.000000 ^ clk_i (in)
                                                         clk_i (net)
                      0.051708    0.025854    0.025854 ^ _1376_/CLK (sg13g2_dfrbpq_1)
                                  0.100000    0.125854   clock uncertainty
                                 -0.002452    0.123402   clock reconvergence pessimism
                                 -0.030027    0.093376   library hold time
                                              0.093376   data required time
---------------------------------------------------------------------------------------------
                                              0.093376   data required time
                                             -0.299675   data arrival time
---------------------------------------------------------------------------------------------
                                              0.206299   slack (MET)


Startpoint: _1309_ (rising edge-triggered flip-flop clocked by clk_i)
Endpoint: _1309_ (rising edge-triggered flip-flop clocked by clk_i)
Path Group: clk_i
Path Type: min

Fanout         Cap        Slew       Delay        Time   Description
---------------------------------------------------------------------------------------------
                                  0.000000    0.000000   clock clk_i (rise edge)
                                  0.000000    0.000000   clock source latency
   170    0.725720    0.000000    0.000000    0.000000 ^ clk_i (in)
                                                         clk_i (net)
                      0.069816    0.034908    0.034908 ^ _1309_/CLK (sg13g2_dfrbpq_1)
     3    0.009781    0.038669    0.200395    0.235304 v _1309_/Q (sg13g2_dfrbpq_1)
                                                         u_boot_ctrl.word_asm[16] (net)
                      0.038669    0.000044    0.235348 v _1024_/B1 (sg13g2_a21oi_1)
     1    0.003475    0.038577    0.045912    0.281259 ^ _1024_/Y (sg13g2_a21oi_1)
                                                         _0404_ (net)
                      0.038577    0.000031    0.281290 ^ _1025_/A (sg13g2_nor3_1)
     1    0.001655    0.020369    0.037401    0.318692 v _1025_/Y (sg13g2_nor3_1)
                                                         _0091_ (net)
                      0.020369    0.000009    0.318701 v _1309_/D (sg13g2_dfrbpq_1)
                                              0.318701   data arrival time

                                  0.000000    0.000000   clock clk_i (rise edge)
                                  0.000000    0.000000   clock source latency
   170    0.801780    0.000000    0.000000    0.000000 ^ clk_i (in)
                                                         clk_i (net)
                      0.077168    0.038584    0.038584 ^ _1309_/CLK (sg13g2_dfrbpq_1)
                                  0.100000    0.138584   clock uncertainty
                                 -0.003676    0.134908   clock reconvergence pessimism
                                 -0.022574    0.112334   library hold time
                                              0.112334   data required time
---------------------------------------------------------------------------------------------
                                              0.112334   data required time
                                             -0.318701   data arrival time
---------------------------------------------------------------------------------------------
                                              0.206367   slack (MET)


Startpoint: _1370_ (rising edge-triggered flip-flop clocked by clk_i)
Endpoint: _1370_ (rising edge-triggered flip-flop clocked by clk_i)
Path Group: clk_i
Path Type: min

Fanout         Cap        Slew       Delay        Time   Description
---------------------------------------------------------------------------------------------
                                  0.000000    0.000000   clock clk_i (rise edge)
                                  0.000000    0.000000   clock source latency
   170    0.725720    0.000000    0.000000    0.000000 ^ clk_i (in)
                                                         clk_i (net)
                      0.045224    0.022612    0.022612 ^ _1370_/CLK (sg13g2_dfrbpq_1)
     1    0.003243    0.020479    0.172548    0.195160 v _1370_/Q (sg13g2_dfrbpq_1)
                                                         u_spi.tx_shift[0] (net)
                      0.020479    0.000026    0.195186 v _1175_/C (sg13g2_nand3_1)
     2    0.006145    0.043705    0.046991    0.242177 ^ _1175_/Y (sg13g2_nand3_1)
                                                         _0495_ (net)
                      0.043705    0.000048    0.242225 ^ _1176_/A2 (sg13g2_a21oi_1)
     1    0.001513    0.032680    0.055223    0.297449 v _1176_/Y (sg13g2_a21oi_1)
                                                         _0152_ (net)
                      0.032680    0.000007    0.297456 v _1370_/D (sg13g2_dfrbpq_1)
                                              0.297456   data arrival time

                                  0.000000    0.000000   clock clk_i (rise edge)
                                  0.000000    0.000000   clock source latency
   170    0.801780    0.000000    0.000000    0.000000 ^ clk_i (in)
                                                         clk_i (net)
                      0.049997    0.024998    0.024998 ^ _1370_/CLK (sg13g2_dfrbpq_1)
                                  0.100000    0.124998   clock uncertainty
                                 -0.002386    0.122612   clock reconvergence pessimism
                                 -0.032153    0.090459   library hold time
                                              0.090459   data required time
---------------------------------------------------------------------------------------------
                                              0.090459   data required time
                                             -0.297456   data arrival time
---------------------------------------------------------------------------------------------
                                              0.206996   slack (MET)


Startpoint: _1303_ (rising edge-triggered flip-flop clocked by clk_i)
Endpoint: _1303_ (rising edge-triggered flip-flop clocked by clk_i)
Path Group: clk_i
Path Type: min

Fanout         Cap        Slew       Delay        Time   Description
---------------------------------------------------------------------------------------------
                                  0.000000    0.000000   clock clk_i (rise edge)
                                  0.000000    0.000000   clock source latency
   170    0.725720    0.000000    0.000000    0.000000 ^ clk_i (in)
                                                         clk_i (net)
                      0.068201    0.034101    0.034101 ^ _1303_/CLK (sg13g2_dfrbpq_1)
     3    0.010175    0.039818    0.200577    0.234678 v _1303_/Q (sg13g2_dfrbpq_1)
                                                         u_boot_ctrl.word_asm[10] (net)
                      0.039818    0.000047    0.234725 v _1006_/B1 (sg13g2_a21oi_1)
     1    0.003399    0.038398    0.045923    0.280648 ^ _1006_/Y (sg13g2_a21oi_1)
                                                         _0392_ (net)
                      0.038398    0.000029    0.280677 ^ _1007_/A (sg13g2_nor3_1)
     1    0.001744    0.020600    0.037544    0.318221 v _1007_/Y (sg13g2_nor3_1)
                                                         _0085_ (net)
                      0.020600    0.000011    0.318232 v _1303_/D (sg13g2_dfrbpq_1)
                                              0.318232   data arrival time

                                  0.000000    0.000000   clock clk_i (rise edge)
                                  0.000000    0.000000   clock source latency
   170    0.801780    0.000000    0.000000    0.000000 ^ clk_i (in)
                                                         clk_i (net)
                      0.075380    0.037690    0.037690 ^ _1303_/CLK (sg13g2_dfrbpq_1)
                                  0.100000    0.137690   clock uncertainty
                                 -0.003589    0.134101   clock reconvergence pessimism
                                 -0.023021    0.111080   library hold time
                                              0.111080   data required time
---------------------------------------------------------------------------------------------
                                              0.111080   data required time
                                             -0.318232   data arrival time
---------------------------------------------------------------------------------------------
                                              0.207152   slack (MET)


Startpoint: _1373_ (rising edge-triggered flip-flop clocked by clk_i)
Endpoint: _1373_ (rising edge-triggered flip-flop clocked by clk_i)
Path Group: clk_i
Path Type: min

Fanout         Cap        Slew       Delay        Time   Description
---------------------------------------------------------------------------------------------
                                  0.000000    0.000000   clock clk_i (rise edge)
                                  0.000000    0.000000   clock source latency
   170    0.725720    0.000000    0.000000    0.000000 ^ clk_i (in)
                                                         clk_i (net)
                      0.046206    0.023103    0.023103 ^ _1373_/CLK (sg13g2_dfrbpq_1)
     2    0.007116    0.030968    0.182452    0.205555 v _1373_/Q (sg13g2_dfrbpq_1)
                                                         u_spi.tx_shift[3] (net)
                      0.030968    0.000091    0.205646 v _1183_/A (sg13g2_nor2_1)
     1    0.002686    0.041088    0.055644    0.261289 ^ _1183_/Y (sg13g2_nor2_1)
                                                         _0500_ (net)
                      0.041088    0.000013    0.261302 ^ _1185_/C (sg13g2_nor4_1)
     1    0.001719    0.024445    0.039657    0.300959 v _1185_/Y (sg13g2_nor4_1)
                                                         _0155_ (net)
                      0.024445    0.000010    0.300970 v _1373_/D (sg13g2_dfrbpq_1)
                                              0.300970   data arrival time

                                  0.000000    0.000000   clock clk_i (rise edge)
                                  0.000000    0.000000   clock source latency
   170    0.801780    0.000000    0.000000    0.000000 ^ clk_i (in)
                                                         clk_i (net)
                      0.051042    0.025521    0.025521 ^ _1373_/CLK (sg13g2_dfrbpq_1)
                                  0.100000    0.125521   clock uncertainty
                                 -0.002418    0.123103   clock reconvergence pessimism
                                 -0.029319    0.093784   library hold time
                                              0.093784   data required time
---------------------------------------------------------------------------------------------
                                              0.093784   data required time
                                             -0.300970   data arrival time
---------------------------------------------------------------------------------------------
                                              0.207186   slack (MET)


Startpoint: _1295_ (rising edge-triggered flip-flop clocked by clk_i)
Endpoint: _1295_ (rising edge-triggered flip-flop clocked by clk_i)
Path Group: clk_i
Path Type: min

Fanout         Cap        Slew       Delay        Time   Description
---------------------------------------------------------------------------------------------
                                  0.000000    0.000000   clock clk_i (rise edge)
                                  0.000000    0.000000   clock source latency
   170    0.725720    0.000000    0.000000    0.000000 ^ clk_i (in)
                                                         clk_i (net)
                      0.079988    0.039994    0.039994 ^ _1295_/CLK (sg13g2_dfrbpq_1)
     3    0.009400    0.037562    0.204374    0.244369 v _1295_/Q (sg13g2_dfrbpq_1)
                                                         u_boot_ctrl.word_asm[2] (net)
                      0.037562    0.000042    0.244410 v _0982_/B1 (sg13g2_a21oi_1)
     1    0.003377    0.037824    0.045124    0.289535 ^ _0982_/Y (sg13g2_a21oi_1)
                                                         _0376_ (net)
                      0.037824    0.000028    0.289563 ^ _0983_/A (sg13g2_nor3_1)
     1    0.001896    0.020915    0.037684    0.327247 v _0983_/Y (sg13g2_nor3_1)
                                                         _0077_ (net)
                      0.020915    0.000014    0.327260 v _1295_/D (sg13g2_dfrbpq_1)
                                              0.327260   data arrival time

                                  0.000000    0.000000   clock clk_i (rise edge)
                                  0.000000    0.000000   clock source latency
   170    0.801780    0.000000    0.000000    0.000000 ^ clk_i (in)
                                                         clk_i (net)
                      0.088381    0.044190    0.044190 ^ _1295_/CLK (sg13g2_dfrbpq_1)
                                  0.100000    0.144190   clock uncertainty
                                 -0.004196    0.139994   clock reconvergence pessimism
                                 -0.020409    0.119585   library hold time
                                              0.119585   data required time
---------------------------------------------------------------------------------------------
                                              0.119585   data required time
                                             -0.327260   data arrival time
---------------------------------------------------------------------------------------------
                                              0.207675   slack (MET)


Startpoint: _1371_ (rising edge-triggered flip-flop clocked by clk_i)
Endpoint: _1371_ (rising edge-triggered flip-flop clocked by clk_i)
Path Group: clk_i
Path Type: min

Fanout         Cap        Slew       Delay        Time   Description
---------------------------------------------------------------------------------------------
                                  0.000000    0.000000   clock clk_i (rise edge)
                                  0.000000    0.000000   clock source latency
   170    0.725720    0.000000    0.000000    0.000000 ^ clk_i (in)
                                                         clk_i (net)
                      0.051682    0.025841    0.025841 ^ _1371_/CLK (sg13g2_dfrbpq_1)
     2    0.005712    0.027045    0.181696    0.207537 v _1371_/Q (sg13g2_dfrbpq_1)
                                                         u_spi.tx_shift[1] (net)
                      0.027045    0.000023    0.207559 v _1179_/A1 (sg13g2_a21o_1)
     1    0.002312    0.021356    0.098994    0.306554 v _1179_/X (sg13g2_a21o_1)
                                                         _0153_ (net)
                      0.021356    0.000022    0.306575 v _1371_/D (sg13g2_dfrbpq_1)
                                              0.306575   data arrival time

                                  0.000000    0.000000   clock clk_i (rise edge)
                                  0.000000    0.000000   clock source latency
   170    0.801780    0.000000    0.000000    0.000000 ^ clk_i (in)
                                                         clk_i (net)
                      0.057086    0.028543    0.028543 ^ _1371_/CLK (sg13g2_dfrbpq_1)
                                  0.100000    0.128543   clock uncertainty
                                 -0.002702    0.125841   clock reconvergence pessimism
                                 -0.027078    0.098763   library hold time
                                              0.098763   data required time
---------------------------------------------------------------------------------------------
                                              0.098763   data required time
                                             -0.306575   data arrival time
---------------------------------------------------------------------------------------------
                                              0.207812   slack (MET)


Startpoint: _1383_ (rising edge-triggered flip-flop clocked by clk_i)
Endpoint: _1383_ (rising edge-triggered flip-flop clocked by clk_i)
Path Group: clk_i
Path Type: min

Fanout         Cap        Slew       Delay        Time   Description
---------------------------------------------------------------------------------------------
                                  0.000000    0.000000   clock clk_i (rise edge)
                                  0.000000    0.000000   clock source latency
   170    0.725720    0.000000    0.000000    0.000000 ^ clk_i (in)
                                                         clk_i (net)
                      0.037699    0.018849    0.018849 ^ _1383_/CLK (sg13g2_dfrbpq_1)
     3    0.010764    0.041541    0.187248    0.206098 v _1383_/Q (sg13g2_dfrbpq_1)
                                                         spi_rx[5] (net)
                      0.041541    0.000115    0.206212 v _1215_/A (sg13g2_nor2_1)
     1    0.002614    0.041739    0.058501    0.264713 ^ _1215_/Y (sg13g2_nor2_1)
                                                         _0522_ (net)
                      0.041739    0.000015    0.264728 ^ _1216_/C (sg13g2_nor3_1)
     1    0.001702    0.019600    0.032612    0.297339 v _1216_/Y (sg13g2_nor3_1)
                                                         _0165_ (net)
                      0.019600    0.000010    0.297349 v _1383_/D (sg13g2_dfrbpq_1)
                                              0.297349   data arrival time

                                  0.000000    0.000000   clock clk_i (rise edge)
                                  0.000000    0.000000   clock source latency
   170    0.801780    0.000000    0.000000    0.000000 ^ clk_i (in)
                                                         clk_i (net)
                      0.041662    0.020831    0.020831 ^ _1383_/CLK (sg13g2_dfrbpq_1)
                                  0.100000    0.120831   clock uncertainty
                                 -0.001982    0.118849   clock reconvergence pessimism
                                 -0.029737    0.089112   library hold time
                                              0.089112   data required time
---------------------------------------------------------------------------------------------
                                              0.089112   data required time
                                             -0.297349   data arrival time
---------------------------------------------------------------------------------------------
                                              0.208237   slack (MET)


Startpoint: _1375_ (rising edge-triggered flip-flop clocked by clk_i)
Endpoint: _1375_ (rising edge-triggered flip-flop clocked by clk_i)
Path Group: clk_i
Path Type: min

Fanout         Cap        Slew       Delay        Time   Description
---------------------------------------------------------------------------------------------
                                  0.000000    0.000000   clock clk_i (rise edge)
                                  0.000000    0.000000   clock source latency
   170    0.725720    0.000000    0.000000    0.000000 ^ clk_i (in)
                                                         clk_i (net)
                      0.046677    0.023339    0.023339 ^ _1375_/CLK (sg13g2_dfrbpq_1)
     2    0.006668    0.029704    0.181607    0.204945 v _1375_/Q (sg13g2_dfrbpq_1)
                                                         u_spi.tx_shift[5] (net)
                      0.029704    0.000041    0.204986 v _1189_/A (sg13g2_nor2_1)
     1    0.002727    0.041253    0.055493    0.260480 ^ _1189_/Y (sg13g2_nor2_1)
                                                         _0504_ (net)
                      0.041253    0.000014    0.260493 ^ _1191_/C (sg13g2_nor4_1)
     1    0.002480    0.026572    0.041635    0.302128 v _1191_/Y (sg13g2_nor4_1)
                                                         _0157_ (net)
                      0.026572    0.000025    0.302153 v _1375_/D (sg13g2_dfrbpq_1)
                                              0.302153   data arrival time

                                  0.000000    0.000000   clock clk_i (rise edge)
                                  0.000000    0.000000   clock source latency
   170    0.801780    0.000000    0.000000    0.000000 ^ clk_i (in)
                                                         clk_i (net)
                      0.051566    0.025783    0.025783 ^ _1375_/CLK (sg13g2_dfrbpq_1)
                                  0.100000    0.125783   clock uncertainty
                                 -0.002444    0.123339   clock reconvergence pessimism
                                 -0.029886    0.093453   library hold time
                                              0.093453   data required time
---------------------------------------------------------------------------------------------
                                              0.093453   data required time
                                             -0.302153   data arrival time
---------------------------------------------------------------------------------------------
                                              0.208700   slack (MET)


Startpoint: _1296_ (rising edge-triggered flip-flop clocked by clk_i)
Endpoint: _1304_ (rising edge-triggered flip-flop clocked by clk_i)
Path Group: clk_i
Path Type: min

Fanout         Cap        Slew       Delay        Time   Description
---------------------------------------------------------------------------------------------
                                  0.000000    0.000000   clock clk_i (rise edge)
                                  0.000000    0.000000   clock source latency
   170    0.725720    0.000000    0.000000    0.000000 ^ clk_i (in)
                                                         clk_i (net)
                      0.069611    0.034806    0.034806 ^ _1296_/CLK (sg13g2_dfrbpq_1)
     3    0.009393    0.037539    0.199349    0.234155 v _1296_/Q (sg13g2_dfrbpq_1)
                                                         u_boot_ctrl.word_asm[3] (net)
                      0.037539    0.000050    0.234205 v _1008_/A (sg13g2_nor2_1)
     1    0.003011    0.044226    0.059606    0.293810 ^ _1008_/Y (sg13g2_nor2_1)
                                                         _0393_ (net)
                      0.044226    0.000026    0.293836 ^ _1010_/C (sg13g2_nor3_1)
     1    0.001834    0.020434    0.033720    0.327556 v _1010_/Y (sg13g2_nor3_1)
                                                         _0086_ (net)
                      0.020434    0.000013    0.327569 v _1304_/D (sg13g2_dfrbpq_1)
                                              0.327569   data arrival time

                                  0.000000    0.000000   clock clk_i (rise edge)
                                  0.000000    0.000000   clock source latency
   170    0.801780    0.000000    0.000000    0.000000 ^ clk_i (in)
                                                         clk_i (net)
                      0.081221    0.040610    0.040610 ^ _1304_/CLK (sg13g2_dfrbpq_1)
                                  0.100000    0.140610   clock uncertainty
                                  0.000000    0.140610   clock reconvergence pessimism
                                 -0.021749    0.118861   library hold time
                                              0.118861   data required time
---------------------------------------------------------------------------------------------
                                              0.118861   data required time
                                             -0.327569   data arrival time
---------------------------------------------------------------------------------------------
                                              0.208708   slack (MET)


Startpoint: _1382_ (rising edge-triggered flip-flop clocked by clk_i)
Endpoint: _1382_ (rising edge-triggered flip-flop clocked by clk_i)
Path Group: clk_i
Path Type: min

Fanout         Cap        Slew       Delay        Time   Description
---------------------------------------------------------------------------------------------
                                  0.000000    0.000000   clock clk_i (rise edge)
                                  0.000000    0.000000   clock source latency
   170    0.725720    0.000000    0.000000    0.000000 ^ clk_i (in)
                                                         clk_i (net)
                      0.042534    0.021267    0.021267 ^ _1382_/CLK (sg13g2_dfrbpq_1)
     3    0.009961    0.039186    0.187646    0.208913 v _1382_/Q (sg13g2_dfrbpq_1)
                                                         spi_rx[4] (net)
                      0.039186    0.000065    0.208978 v _1212_/A (sg13g2_nor2_1)
     1    0.002819    0.042990    0.058984    0.267962 ^ _1212_/Y (sg13g2_nor2_1)
                                                         _0520_ (net)
                      0.042990    0.000020    0.267982 ^ _1213_/C (sg13g2_nor3_1)
     1    0.001812    0.020132    0.033278    0.301260 v _1213_/Y (sg13g2_nor3_1)
                                                         _0164_ (net)
                      0.020132    0.000012    0.301272 v _1382_/D (sg13g2_dfrbpq_1)
                                              0.301272   data arrival time

                                  0.000000    0.000000   clock clk_i (rise edge)
                                  0.000000    0.000000   clock source latency
   170    0.801780    0.000000    0.000000    0.000000 ^ clk_i (in)
                                                         clk_i (net)
                      0.047016    0.023508    0.023508 ^ _1382_/CLK (sg13g2_dfrbpq_1)
                                  0.100000    0.123508   clock uncertainty
                                 -0.002241    0.121267   clock reconvergence pessimism
                                 -0.028790    0.092478   library hold time
                                              0.092478   data required time
---------------------------------------------------------------------------------------------
                                              0.092478   data required time
                                             -0.301272   data arrival time
---------------------------------------------------------------------------------------------
                                              0.208794   slack (MET)


Startpoint: _1293_ (rising edge-triggered flip-flop clocked by clk_i)
Endpoint: _1293_ (rising edge-triggered flip-flop clocked by clk_i)
Path Group: clk_i
Path Type: min

Fanout         Cap        Slew       Delay        Time   Description
---------------------------------------------------------------------------------------------
                                  0.000000    0.000000   clock clk_i (rise edge)
                                  0.000000    0.000000   clock source latency
   170    0.725720    0.000000    0.000000    0.000000 ^ clk_i (in)
                                                         clk_i (net)
                      0.083097    0.041549    0.041549 ^ _1293_/CLK (sg13g2_dfrbpq_1)
     3    0.009636    0.038250    0.206456    0.248005 v _1293_/Q (sg13g2_dfrbpq_1)
                                                         u_boot_ctrl.word_asm[0] (net)
                      0.038250    0.000045    0.248050 v _0976_/B1 (sg13g2_a21oi_1)
     1    0.003322    0.037664    0.045087    0.293137 ^ _0976_/Y (sg13g2_a21oi_1)
                                                         _0372_ (net)
                      0.037664    0.000026    0.293164 ^ _0977_/A (sg13g2_nor3_1)
     1    0.001943    0.020834    0.037733    0.330896 v _0977_/Y (sg13g2_nor3_1)
                                                         _0075_ (net)
                      0.020834    0.000014    0.330911 v _1293_/D (sg13g2_dfrbpq_1)
                                              0.330911   data arrival time

                                  0.000000    0.000000   clock clk_i (rise edge)
                                  0.000000    0.000000   clock source latency
   170    0.801780    0.000000    0.000000    0.000000 ^ clk_i (in)
                                                         clk_i (net)
                      0.091812    0.045906    0.045906 ^ _1293_/CLK (sg13g2_dfrbpq_1)
                                  0.100000    0.145906   clock uncertainty
                                 -0.004357    0.141549   clock reconvergence pessimism
                                 -0.019667    0.121881   library hold time
                                              0.121881   data required time
---------------------------------------------------------------------------------------------
                                              0.121881   data required time
                                             -0.330911   data arrival time
---------------------------------------------------------------------------------------------
                                              0.209029   slack (MET)


Startpoint: _1374_ (rising edge-triggered flip-flop clocked by clk_i)
Endpoint: _1374_ (rising edge-triggered flip-flop clocked by clk_i)
Path Group: clk_i
Path Type: min

Fanout         Cap        Slew       Delay        Time   Description
---------------------------------------------------------------------------------------------
                                  0.000000    0.000000   clock clk_i (rise edge)
                                  0.000000    0.000000   clock source latency
   170    0.725720    0.000000    0.000000    0.000000 ^ clk_i (in)
                                                         clk_i (net)
                      0.046497    0.023249    0.023249 ^ _1374_/CLK (sg13g2_dfrbpq_1)
     2    0.007240    0.031323    0.182893    0.206142 v _1374_/Q (sg13g2_dfrbpq_1)
                                                         u_spi.tx_shift[4] (net)
                      0.031323    0.000098    0.206240 v _1186_/A (sg13g2_nor2_1)
     1    0.002623    0.040659    0.055382    0.261622 ^ _1186_/Y (sg13g2_nor2_1)
                                                         _0502_ (net)
                      0.040659    0.000011    0.261633 ^ _1188_/C (sg13g2_nor4_1)
     1    0.002293    0.025947    0.040930    0.302563 v _1188_/Y (sg13g2_nor4_1)
                                                         _0156_ (net)
                      0.025947    0.000022    0.302585 v _1374_/D (sg13g2_dfrbpq_1)
                                              0.302585   data arrival time

                                  0.000000    0.000000   clock clk_i (rise edge)
                                  0.000000    0.000000   clock source latency
   170    0.801780    0.000000    0.000000    0.000000 ^ clk_i (in)
                                                         clk_i (net)
                      0.051366    0.025683    0.025683 ^ _1374_/CLK (sg13g2_dfrbpq_1)
                                  0.100000    0.125683   clock uncertainty
                                 -0.002434    0.123249   clock reconvergence pessimism
                                 -0.029729    0.093520   library hold time
                                              0.093520   data required time
---------------------------------------------------------------------------------------------
                                              0.093520   data required time
                                             -0.302585   data arrival time
---------------------------------------------------------------------------------------------
                                              0.209065   slack (MET)


Startpoint: _1339_ (rising edge-triggered flip-flop clocked by clk_i)
Endpoint: boot_wdata[12] (output port clocked by clk_i)
Path Group: clk_i
Path Type: min

Fanout         Cap        Slew       Delay        Time   Description
---------------------------------------------------------------------------------------------
                                  0.000000    0.000000   clock clk_i (rise edge)
                                  0.000000    0.000000   clock source latency
   170    0.725720    0.000000    0.000000    0.000000 ^ clk_i (in)
                                                         clk_i (net)
                      0.045826    0.022913    0.022913 ^ _1339_/CLK (sg13g2_dfrbpq_1)
     2    0.052422    0.165075    0.286738    0.309651 v _1339_/Q (sg13g2_dfrbpq_1)
                                                         boot_wdata[12] (net)
                      0.165075    0.000000    0.309651 v boot_wdata[12] (out)
                                              0.309651   data arrival time

                                  0.000000    0.000000   clock clk_i (rise edge)
                                  0.000000    0.000000   clock network delay (propagated)
                                  0.100000    0.100000   clock uncertainty
                                  0.000000    0.100000   clock reconvergence pessimism
                                  0.000000    0.100000   output external delay
                                              0.100000   data required time
---------------------------------------------------------------------------------------------
                                              0.100000   data required time
                                             -0.309651   data arrival time
---------------------------------------------------------------------------------------------
                                              0.209651   slack (MET)


Startpoint: _1384_ (rising edge-triggered flip-flop clocked by clk_i)
Endpoint: _1384_ (rising edge-triggered flip-flop clocked by clk_i)
Path Group: clk_i
Path Type: min

Fanout         Cap        Slew       Delay        Time   Description
---------------------------------------------------------------------------------------------
                                  0.000000    0.000000   clock clk_i (rise edge)
                                  0.000000    0.000000   clock source latency
   170    0.725720    0.000000    0.000000    0.000000 ^ clk_i (in)
                                                         clk_i (net)
                      0.044896    0.022448    0.022448 ^ _1384_/CLK (sg13g2_dfrbpq_1)
     3    0.010030    0.039384    0.188963    0.211411 v _1384_/Q (sg13g2_dfrbpq_1)
                                                         spi_rx[6] (net)
                      0.039384    0.000045    0.211456 v _1218_/A (sg13g2_nor2_1)
     1    0.002674    0.041941    0.058187    0.269643 ^ _1218_/Y (sg13g2_nor2_1)
                                                         _0524_ (net)
                      0.041941    0.000016    0.269659 ^ _1219_/C (sg13g2_nor3_1)
     1    0.002464    0.021595    0.034582    0.304241 v _1219_/Y (sg13g2_nor3_1)
                                                         _0166_ (net)
                      0.021595    0.000025    0.304266 v _1384_/D (sg13g2_dfrbpq_1)
                                              0.304266   data arrival time

                                  0.000000    0.000000   clock clk_i (rise edge)
                                  0.000000    0.000000   clock source latency
   170    0.801780    0.000000    0.000000    0.000000 ^ clk_i (in)
                                                         clk_i (net)
                      0.049595    0.024798    0.024798 ^ _1384_/CLK (sg13g2_dfrbpq_1)
                                  0.100000    0.124798   clock uncertainty
                                 -0.002350    0.122448   clock reconvergence pessimism
                                 -0.028716    0.093732   library hold time
                                              0.093732   data required time
---------------------------------------------------------------------------------------------
                                              0.093732   data required time
                                             -0.304266   data arrival time
---------------------------------------------------------------------------------------------
                                              0.210535   slack (MET)


Startpoint: _1377_ (rising edge-triggered flip-flop clocked by clk_i)
Endpoint: spi_mosi (output port clocked by clk_i)
Path Group: clk_i
Path Type: min

Fanout         Cap        Slew       Delay        Time   Description
---------------------------------------------------------------------------------------------
                                  0.000000    0.000000   clock clk_i (rise edge)
                                  0.000000    0.000000   clock source latency
   170    0.725720    0.000000    0.000000    0.000000 ^ clk_i (in)
                                                         clk_i (net)
                      0.046765    0.023383    0.023383 ^ _1377_/CLK (sg13g2_dfrbpq_1)
     2    0.052641    0.165728    0.287676    0.311059 v _1377_/Q (sg13g2_dfrbpq_1)
                                                         spi_mosi (net)
                      0.165728    0.000000    0.311059 v spi_mosi (out)
                                              0.311059   data arrival time

                                  0.000000    0.000000   clock clk_i (rise edge)
                                  0.000000    0.000000   clock network delay (propagated)
                                  0.100000    0.100000   clock uncertainty
                                  0.000000    0.100000   clock reconvergence pessimism
                                  0.000000    0.100000   output external delay
                                              0.100000   data required time
---------------------------------------------------------------------------------------------
                                              0.100000   data required time
                                             -0.311059   data arrival time
---------------------------------------------------------------------------------------------
                                              0.211059   slack (MET)


Startpoint: _1363_ (rising edge-triggered flip-flop clocked by clk_i)
Endpoint: _1363_ (rising edge-triggered flip-flop clocked by clk_i)
Path Group: clk_i
Path Type: min

Fanout         Cap        Slew       Delay        Time   Description
---------------------------------------------------------------------------------------------
                                  0.000000    0.000000   clock clk_i (rise edge)
                                  0.000000    0.000000   clock source latency
   170    0.725720    0.000000    0.000000    0.000000 ^ clk_i (in)
                                                         clk_i (net)
                      0.047599    0.023799    0.023799 ^ _1363_/CLK (sg13g2_dfrbpq_1)
     5    0.014884    0.053746    0.202061    0.225860 v _1363_/Q (sg13g2_dfrbpq_1)
                                                         u_spi.div_cnt[1] (net)
                      0.053746    0.000114    0.225974 v _1156_/B1 (sg13g2_a21oi_1)
     1    0.002714    0.037569    0.047021    0.272995 ^ _1156_/Y (sg13g2_a21oi_1)
                                                         _0483_ (net)
                      0.037569    0.000017    0.273013 ^ _1157_/D (sg13g2_nor4_1)
     1    0.002217    0.021698    0.034763    0.307776 v _1157_/Y (sg13g2_nor4_1)
                                                         _0145_ (net)
                      0.021698    0.000020    0.307796 v _1363_/D (sg13g2_dfrbpq_1)
                                              0.307796   data arrival time

                                  0.000000    0.000000   clock clk_i (rise edge)
                                  0.000000    0.000000   clock source latency
   170    0.801780    0.000000    0.000000    0.000000 ^ clk_i (in)
                                                         clk_i (net)
                      0.052632    0.026316    0.026316 ^ _1363_/CLK (sg13g2_dfrbpq_1)
                                  0.100000    0.126316   clock uncertainty
                                 -0.002517    0.123799   clock reconvergence pessimism
                                 -0.028115    0.095684   library hold time
                                              0.095684   data required time
---------------------------------------------------------------------------------------------
                                              0.095684   data required time
                                             -0.307796   data arrival time
---------------------------------------------------------------------------------------------
                                              0.212112   slack (MET)


Startpoint: _1250_ (rising edge-triggered flip-flop clocked by clk_i)
Endpoint: boot_addr[23] (output port clocked by clk_i)
Path Group: clk_i
Path Type: min

Fanout         Cap        Slew       Delay        Time   Description
---------------------------------------------------------------------------------------------
                                  0.000000    0.000000   clock clk_i (rise edge)
                                  0.000000    0.000000   clock source latency
   170    0.725720    0.000000    0.000000    0.000000 ^ clk_i (in)
                                                         clk_i (net)
                      0.047755    0.023877    0.023877 ^ _1250_/CLK (sg13g2_dfrbpq_1)
     2    0.052902    0.166507    0.288731    0.312609 v _1250_/Q (sg13g2_dfrbpq_1)
                                                         boot_addr[23] (net)
                      0.166507    0.000000    0.312609 v boot_addr[23] (out)
                                              0.312609   data arrival time

                                  0.000000    0.000000   clock clk_i (rise edge)
                                  0.000000    0.000000   clock network delay (propagated)
                                  0.100000    0.100000   clock uncertainty
                                  0.000000    0.100000   clock reconvergence pessimism
                                  0.000000    0.100000   output external delay
                                              0.100000   data required time
---------------------------------------------------------------------------------------------
                                              0.100000   data required time
                                             -0.312609   data arrival time
---------------------------------------------------------------------------------------------
                                              0.212609   slack (MET)


Startpoint: _1248_ (rising edge-triggered flip-flop clocked by clk_i)
Endpoint: boot_addr[21] (output port clocked by clk_i)
Path Group: clk_i
Path Type: min

Fanout         Cap        Slew       Delay        Time   Description
---------------------------------------------------------------------------------------------
                                  0.000000    0.000000   clock clk_i (rise edge)
                                  0.000000    0.000000   clock source latency
   170    0.725720    0.000000    0.000000    0.000000 ^ clk_i (in)
                                                         clk_i (net)
                      0.047910    0.023955    0.023955 ^ _1248_/CLK (sg13g2_dfrbpq_1)
     2    0.052902    0.166507    0.288806    0.312761 v _1248_/Q (sg13g2_dfrbpq_1)
                                                         boot_addr[21] (net)
                      0.166507    0.000000    0.312761 v boot_addr[21] (out)
                                              0.312761   data arrival time

                                  0.000000    0.000000   clock clk_i (rise edge)
                                  0.000000    0.000000   clock network delay (propagated)
                                  0.100000    0.100000   clock uncertainty
                                  0.000000    0.100000   clock reconvergence pessimism
                                  0.000000    0.100000   output external delay
                                              0.100000   data required time
---------------------------------------------------------------------------------------------
                                              0.100000   data required time
                                             -0.312761   data arrival time
---------------------------------------------------------------------------------------------
                                              0.212761   slack (MET)


Startpoint: _1381_ (rising edge-triggered flip-flop clocked by clk_i)
Endpoint: _1381_ (rising edge-triggered flip-flop clocked by clk_i)
Path Group: clk_i
Path Type: min

Fanout         Cap        Slew       Delay        Time   Description
---------------------------------------------------------------------------------------------
                                  0.000000    0.000000   clock clk_i (rise edge)
                                  0.000000    0.000000   clock source latency
   170    0.725720    0.000000    0.000000    0.000000 ^ clk_i (in)
                                                         clk_i (net)
                      0.069675    0.034837    0.034837 ^ _1381_/CLK (sg13g2_dfrbpq_1)
     3    0.010033    0.039411    0.200921    0.235758 v _1381_/Q (sg13g2_dfrbpq_1)
                                                         spi_rx[3] (net)
                      0.039411    0.000093    0.235851 v _1209_/A (sg13g2_nor2_1)
     1    0.002582    0.041263    0.057649    0.293501 ^ _1209_/Y (sg13g2_nor2_1)
                                                         _0518_ (net)
                      0.041263    0.000014    0.293515 ^ _1210_/C (sg13g2_nor3_1)
     1    0.001641    0.019346    0.032311    0.325826 v _1210_/Y (sg13g2_nor3_1)
                                                         _0163_ (net)
                      0.019346    0.000009    0.325835 v _1381_/D (sg13g2_dfrbpq_1)
                                              0.325835   data arrival time

                                  0.000000    0.000000   clock clk_i (rise edge)
                                  0.000000    0.000000   clock source latency
   170    0.801780    0.000000    0.000000    0.000000 ^ clk_i (in)
                                                         clk_i (net)
                      0.076999    0.038500    0.038500 ^ _1381_/CLK (sg13g2_dfrbpq_1)
                                  0.100000    0.138500   clock uncertainty
                                 -0.003662    0.134837   clock reconvergence pessimism
                                 -0.022284    0.112553   library hold time
                                              0.112553   data required time
---------------------------------------------------------------------------------------------
                                              0.112553   data required time
                                             -0.325835   data arrival time
---------------------------------------------------------------------------------------------
                                              0.213281   slack (MET)


Startpoint: _1347_ (rising edge-triggered flip-flop clocked by clk_i)
Endpoint: boot_wdata[20] (output port clocked by clk_i)
Path Group: clk_i
Path Type: min

Fanout         Cap        Slew       Delay        Time   Description
---------------------------------------------------------------------------------------------
                                  0.000000    0.000000   clock clk_i (rise edge)
                                  0.000000    0.000000   clock source latency
   170    0.725720    0.000000    0.000000    0.000000 ^ clk_i (in)
                                                         clk_i (net)
                      0.051406    0.025703    0.025703 ^ _1347_/CLK (sg13g2_dfrbpq_1)
     2    0.052422    0.165076    0.289432    0.315135 v _1347_/Q (sg13g2_dfrbpq_1)
                                                         boot_wdata[20] (net)
                      0.165076    0.000000    0.315135 v boot_wdata[20] (out)
                                              0.315135   data arrival time

                                  0.000000    0.000000   clock clk_i (rise edge)
                                  0.000000    0.000000   clock network delay (propagated)
                                  0.100000    0.100000   clock uncertainty
                                  0.000000    0.100000   clock reconvergence pessimism
                                  0.000000    0.100000   output external delay
                                              0.100000   data required time
---------------------------------------------------------------------------------------------
                                              0.100000   data required time
                                             -0.315135   data arrival time
---------------------------------------------------------------------------------------------
                                              0.215135   slack (MET)


Startpoint: _1380_ (rising edge-triggered flip-flop clocked by clk_i)
Endpoint: _1380_ (rising edge-triggered flip-flop clocked by clk_i)
Path Group: clk_i
Path Type: min

Fanout         Cap        Slew       Delay        Time   Description
---------------------------------------------------------------------------------------------
                                  0.000000    0.000000   clock clk_i (rise edge)
                                  0.000000    0.000000   clock source latency
   170    0.725720    0.000000    0.000000    0.000000 ^ clk_i (in)
                                                         clk_i (net)
                      0.076082    0.038041    0.038041 ^ _1380_/CLK (sg13g2_dfrbpq_1)
     3    0.010800    0.041667    0.205880    0.243921 v _1380_/Q (sg13g2_dfrbpq_1)
                                                         spi_rx[2] (net)
                      0.041667    0.000120    0.244040 v _1206_/A (sg13g2_nor2_1)
     1    0.002451    0.040549    0.057571    0.301611 ^ _1206_/Y (sg13g2_nor2_1)
                                                         _0516_ (net)
                      0.040549    0.000011    0.301622 ^ _1207_/C (sg13g2_nor3_1)
     1    0.001718    0.019405    0.032281    0.333903 v _1207_/Y (sg13g2_nor3_1)
                                                         _0162_ (net)
                      0.019405    0.000010    0.333913 v _1380_/D (sg13g2_dfrbpq_1)
                                              0.333913   data arrival time

                                  0.000000    0.000000   clock clk_i (rise edge)
                                  0.000000    0.000000   clock source latency
   170    0.801780    0.000000    0.000000    0.000000 ^ clk_i (in)
                                                         clk_i (net)
                      0.084070    0.042035    0.042035 ^ _1380_/CLK (sg13g2_dfrbpq_1)
                                  0.100000    0.142035   clock uncertainty
                                 -0.003994    0.138041   clock reconvergence pessimism
                                 -0.020827    0.117214   library hold time
                                              0.117214   data required time
---------------------------------------------------------------------------------------------
                                              0.117214   data required time
                                             -0.333913   data arrival time
---------------------------------------------------------------------------------------------
                                              0.216699   slack (MET)


Startpoint: _1292_ (rising edge-triggered flip-flop clocked by clk_i)
Endpoint: _1397_ (rising edge-triggered flip-flop clocked by clk_i)
Path Group: clk_i
Path Type: min

Fanout         Cap        Slew       Delay        Time   Description
---------------------------------------------------------------------------------------------
                                  0.000000    0.000000   clock clk_i (rise edge)
                                  0.000000    0.000000   clock source latency
   170    0.725720    0.000000    0.000000    0.000000 ^ clk_i (in)
                                                         clk_i (net)
                      0.083414    0.041707    0.041707 ^ _1292_/CLK (sg13g2_dfrbpq_1)
     5    0.016535    0.058713    0.223412    0.265119 v _1292_/Q (sg13g2_dfrbpq_1)
                                                         u_boot_ctrl.byte_cnt[1] (net)
                      0.058713    0.000111    0.265230 v _0718_/A (sg13g2_nand3_1)
     1    0.002633    0.032359    0.043163    0.308393 ^ _0718_/Y (sg13g2_nand3_1)
                                                         _0188_ (net)
                      0.032359    0.000015    0.308407 ^ _0719_/B (sg13g2_nor2_1)
     1    0.001620    0.015732    0.027243    0.335650 v _0719_/Y (sg13g2_nor2_1)
                                                         _0002_ (net)
                      0.015732    0.000009    0.335659 v _1397_/D (sg13g2_dfrbpq_1)
                                              0.335659   data arrival time

                                  0.000000    0.000000   clock clk_i (rise edge)
                                  0.000000    0.000000   clock source latency
   170    0.801780    0.000000    0.000000    0.000000 ^ clk_i (in)
                                                         clk_i (net)
                      0.078024    0.039012    0.039012 ^ _1397_/CLK (sg13g2_dfrbpq_1)
                                  0.100000    0.139012   clock uncertainty
                                  0.000000    0.139012   clock reconvergence pessimism
                                 -0.020919    0.118093   library hold time
                                              0.118093   data required time
---------------------------------------------------------------------------------------------
                                              0.118093   data required time
                                             -0.335659   data arrival time
---------------------------------------------------------------------------------------------
                                              0.217566   slack (MET)


Startpoint: _1294_ (rising edge-triggered flip-flop clocked by clk_i)
Endpoint: _1294_ (rising edge-triggered flip-flop clocked by clk_i)
Path Group: clk_i
Path Type: min

Fanout         Cap        Slew       Delay        Time   Description
---------------------------------------------------------------------------------------------
                                  0.000000    0.000000   clock clk_i (rise edge)
                                  0.000000    0.000000   clock source latency
   170    0.725720    0.000000    0.000000    0.000000 ^ clk_i (in)
                                                         clk_i (net)
                      0.083333    0.041667    0.041667 ^ _1294_/CLK (sg13g2_dfrbpq_1)
     3    0.012724    0.047366    0.214043    0.255709 v _1294_/Q (sg13g2_dfrbpq_1)
                                                         u_boot_ctrl.word_asm[1] (net)
                      0.047366    0.000090    0.255799 v _0979_/B1 (sg13g2_a21oi_1)
     1    0.003102    0.038326    0.046884    0.302684 ^ _0979_/Y (sg13g2_a21oi_1)
                                                         _0374_ (net)
                      0.038326    0.000020    0.302704 ^ _0980_/A (sg13g2_nor3_1)
     1    0.001784    0.020357    0.037614    0.340317 v _0980_/Y (sg13g2_nor3_1)
                                                         _0076_ (net)
                      0.020357    0.000012    0.340329 v _1294_/D (sg13g2_dfrbpq_1)
                                              0.340329   data arrival time

                                  0.000000    0.000000   clock clk_i (rise edge)
                                  0.000000    0.000000   clock source latency
   170    0.801780    0.000000    0.000000    0.000000 ^ clk_i (in)
                                                         clk_i (net)
                      0.092073    0.046037    0.046037 ^ _1294_/CLK (sg13g2_dfrbpq_1)
                                  0.100000    0.146037   clock uncertainty
                                 -0.004370    0.141667   clock reconvergence pessimism
                                 -0.019460    0.122206   library hold time
                                              0.122206   data required time
---------------------------------------------------------------------------------------------
                                              0.122206   data required time
                                             -0.340329   data arrival time
---------------------------------------------------------------------------------------------
                                              0.218123   slack (MET)


Startpoint: _1290_ (rising edge-triggered flip-flop clocked by clk_i)
Endpoint: _1290_ (rising edge-triggered flip-flop clocked by clk_i)
Path Group: clk_i
Path Type: min

Fanout         Cap        Slew       Delay        Time   Description
---------------------------------------------------------------------------------------------
                                  0.000000    0.000000   clock clk_i (rise edge)
                                  0.000000    0.000000   clock source latency
   170    0.725720    0.000000    0.000000    0.000000 ^ clk_i (in)
                                                         clk_i (net)
                      0.105328    0.052664    0.052664 ^ _1290_/CLK (sg13g2_dfrbpq_1)
     3    0.010516    0.040856    0.217923    0.270587 v _1290_/Q (sg13g2_dfrbpq_1)
                                                         u_boot_ctrl.word_cnt[31] (net)
                      0.040856    0.000119    0.270706 v _0960_/B (sg13g2_nand2_1)
     1    0.002893    0.029255    0.039633    0.310340 ^ _0960_/Y (sg13g2_nand2_1)
                                                         _0359_ (net)
                      0.029255    0.000016    0.310355 ^ _0964_/A2 (sg13g2_a21oi_1)
     1    0.001666    0.014879    0.050507    0.360862 v _0964_/Y (sg13g2_a21oi_1)
                                                         _0072_ (net)
                      0.014879    0.000009    0.360872 v _1290_/D (sg13g2_dfrbpq_1)
                                              0.360872   data arrival time

                                  0.000000    0.000000   clock clk_i (rise edge)
                                  0.000000    0.000000   clock source latency
   170    0.801780    0.000000    0.000000    0.000000 ^ clk_i (in)
                                                         clk_i (net)
                      0.116350    0.058175    0.058175 ^ _1290_/CLK (sg13g2_dfrbpq_1)
                                  0.100000    0.158175   clock uncertainty
                                 -0.005511    0.152664   clock reconvergence pessimism
                                 -0.012647    0.140017   library hold time
                                              0.140017   data required time
---------------------------------------------------------------------------------------------
                                              0.140017   data required time
                                             -0.360872   data arrival time
---------------------------------------------------------------------------------------------
                                              0.220855   slack (MET)


Startpoint: _1355_ (rising edge-triggered flip-flop clocked by clk_i)
Endpoint: boot_wdata[28] (output port clocked by clk_i)
Path Group: clk_i
Path Type: min

Fanout         Cap        Slew       Delay        Time   Description
---------------------------------------------------------------------------------------------
                                  0.000000    0.000000   clock clk_i (rise edge)
                                  0.000000    0.000000   clock source latency
   170    0.725720    0.000000    0.000000    0.000000 ^ clk_i (in)
                                                         clk_i (net)
                      0.057630    0.028815    0.028815 ^ _1355_/CLK (sg13g2_dfrbpq_1)
     2    0.052422    0.165076    0.292436    0.321251 v _1355_/Q (sg13g2_dfrbpq_1)
                                                         boot_wdata[28] (net)
                      0.165076    0.000000    0.321251 v boot_wdata[28] (out)
                                              0.321251   data arrival time

                                  0.000000    0.000000   clock clk_i (rise edge)
                                  0.000000    0.000000   clock network delay (propagated)
                                  0.100000    0.100000   clock uncertainty
                                  0.000000    0.100000   clock reconvergence pessimism
                                  0.000000    0.100000   output external delay
                                              0.100000   data required time
---------------------------------------------------------------------------------------------
                                              0.100000   data required time
                                             -0.321251   data arrival time
---------------------------------------------------------------------------------------------
                                              0.221251   slack (MET)


Startpoint: _1326_ (rising edge-triggered flip-flop clocked by clk_i)
Endpoint: boot_we (output port clocked by clk_i)
Path Group: clk_i
Path Type: min

Fanout         Cap        Slew       Delay        Time   Description
---------------------------------------------------------------------------------------------
                                  0.000000    0.000000   clock clk_i (rise edge)
                                  0.000000    0.000000   clock source latency
   170    0.725720    0.000000    0.000000    0.000000 ^ clk_i (in)
                                                         clk_i (net)
                      0.063371    0.031686    0.031686 ^ _1326_/CLK (sg13g2_dfrbpq_1)
     1    0.050000    0.157852    0.289848    0.321533 v _1326_/Q (sg13g2_dfrbpq_1)
                                                         boot_we (net)
                      0.157852    0.000000    0.321533 v boot_we (out)
                                              0.321533   data arrival time

                                  0.000000    0.000000   clock clk_i (rise edge)
                                  0.000000    0.000000   clock network delay (propagated)
                                  0.100000    0.100000   clock uncertainty
                                  0.000000    0.100000   clock reconvergence pessimism
                                  0.000000    0.100000   output external delay
                                              0.100000   data required time
---------------------------------------------------------------------------------------------
                                              0.100000   data required time
                                             -0.321533   data arrival time
---------------------------------------------------------------------------------------------
                                              0.221533   slack (MET)


Startpoint: _1338_ (rising edge-triggered flip-flop clocked by clk_i)
Endpoint: boot_wdata[11] (output port clocked by clk_i)
Path Group: clk_i
Path Type: min

Fanout         Cap        Slew       Delay        Time   Description
---------------------------------------------------------------------------------------------
                                  0.000000    0.000000   clock clk_i (rise edge)
                                  0.000000    0.000000   clock source latency
   170    0.725720    0.000000    0.000000    0.000000 ^ clk_i (in)
                                                         clk_i (net)
                      0.058948    0.029474    0.029474 ^ _1338_/CLK (sg13g2_dfrbpq_1)
     2    0.052422    0.165076    0.293072    0.322546 v _1338_/Q (sg13g2_dfrbpq_1)
                                                         boot_wdata[11] (net)
                      0.165076    0.000000    0.322546 v boot_wdata[11] (out)
                                              0.322546   data arrival time

                                  0.000000    0.000000   clock clk_i (rise edge)
                                  0.000000    0.000000   clock network delay (propagated)
                                  0.100000    0.100000   clock uncertainty
                                  0.000000    0.100000   clock reconvergence pessimism
                                  0.000000    0.100000   output external delay
                                              0.100000   data required time
---------------------------------------------------------------------------------------------
                                              0.100000   data required time
                                             -0.322546   data arrival time
---------------------------------------------------------------------------------------------
                                              0.222546   slack (MET)


Startpoint: _1346_ (rising edge-triggered flip-flop clocked by clk_i)
Endpoint: boot_wdata[19] (output port clocked by clk_i)
Path Group: clk_i
Path Type: min

Fanout         Cap        Slew       Delay        Time   Description
---------------------------------------------------------------------------------------------
                                  0.000000    0.000000   clock clk_i (rise edge)
                                  0.000000    0.000000   clock source latency
   170    0.725720    0.000000    0.000000    0.000000 ^ clk_i (in)
                                                         clk_i (net)
                      0.059752    0.029876    0.029876 ^ _1346_/CLK (sg13g2_dfrbpq_1)
     2    0.052422    0.165076    0.293460    0.323336 v _1346_/Q (sg13g2_dfrbpq_1)
                                                         boot_wdata[19] (net)
                      0.165076    0.000000    0.323336 v boot_wdata[19] (out)
                                              0.323336   data arrival time

                                  0.000000    0.000000   clock clk_i (rise edge)
                                  0.000000    0.000000   clock network delay (propagated)
                                  0.100000    0.100000   clock uncertainty
                                  0.000000    0.100000   clock reconvergence pessimism
                                  0.000000    0.100000   output external delay
                                              0.100000   data required time
---------------------------------------------------------------------------------------------
                                              0.100000   data required time
                                             -0.323336   data arrival time
---------------------------------------------------------------------------------------------
                                              0.223336   slack (MET)


Startpoint: _1369_ (rising edge-triggered flip-flop clocked by clk_i)
Endpoint: _1369_ (rising edge-triggered flip-flop clocked by clk_i)
Path Group: clk_i
Path Type: min

Fanout         Cap        Slew       Delay        Time   Description
---------------------------------------------------------------------------------------------
                                  0.000000    0.000000   clock clk_i (rise edge)
                                  0.000000    0.000000   clock source latency
   170    0.725720    0.000000    0.000000    0.000000 ^ clk_i (in)
                                                         clk_i (net)
                      0.056883    0.028442    0.028442 ^ _1369_/CLK (sg13g2_dfrbpq_1)
     4    0.012160    0.045662    0.199924    0.228366 v _1369_/Q (sg13g2_dfrbpq_1)
                                                         u_spi.bit_cnt[2] (net)
                      0.045662    0.000061    0.228427 v _1172_/B1 (sg13g2_o21ai_1)
     1    0.002840    0.030297    0.041394    0.269821 ^ _1172_/Y (sg13g2_o21ai_1)
                                                         _0493_ (net)
                      0.030297    0.000014    0.269835 ^ _1173_/A2 (sg13g2_a21oi_1)
     1    0.002784    0.023587    0.055672    0.325507 v _1173_/Y (sg13g2_a21oi_1)
                                                         _0151_ (net)
                      0.023587    0.000033    0.325539 v _1369_/D (sg13g2_dfrbpq_1)
                                              0.325539   data arrival time

                                  0.000000    0.000000   clock clk_i (rise edge)
                                  0.000000    0.000000   clock source latency
   170    0.801780    0.000000    0.000000    0.000000 ^ clk_i (in)
                                                         clk_i (net)
                      0.062831    0.031415    0.031415 ^ _1369_/CLK (sg13g2_dfrbpq_1)
                                  0.100000    0.131415   clock uncertainty
                                 -0.002974    0.128442   clock reconvergence pessimism
                                 -0.026588    0.101853   library hold time
                                              0.101853   data required time
---------------------------------------------------------------------------------------------
                                              0.101853   data required time
                                             -0.325539   data arrival time
---------------------------------------------------------------------------------------------
                                              0.223686   slack (MET)


Startpoint: _1354_ (rising edge-triggered flip-flop clocked by clk_i)
Endpoint: boot_wdata[27] (output port clocked by clk_i)
Path Group: clk_i
Path Type: min

Fanout         Cap        Slew       Delay        Time   Description
---------------------------------------------------------------------------------------------
                                  0.000000    0.000000   clock clk_i (rise edge)
                                  0.000000    0.000000   clock source latency
   170    0.725720    0.000000    0.000000    0.000000 ^ clk_i (in)
                                                         clk_i (net)
                      0.060535    0.030267    0.030267 ^ _1354_/CLK (sg13g2_dfrbpq_1)
     2    0.052422    0.165076    0.293838    0.324105 v _1354_/Q (sg13g2_dfrbpq_1)
                                                         boot_wdata[27] (net)
                      0.165076    0.000000    0.324105 v boot_wdata[27] (out)
                                              0.324105   data arrival time

                                  0.000000    0.000000   clock clk_i (rise edge)
                                  0.000000    0.000000   clock network delay (propagated)
                                  0.100000    0.100000   clock uncertainty
                                  0.000000    0.100000   clock reconvergence pessimism
                                  0.000000    0.100000   output external delay
                                              0.100000   data required time
---------------------------------------------------------------------------------------------
                                              0.100000   data required time
                                             -0.324105   data arrival time
---------------------------------------------------------------------------------------------
                                              0.224105   slack (MET)


Startpoint: _1337_ (rising edge-triggered flip-flop clocked by clk_i)
Endpoint: boot_wdata[10] (output port clocked by clk_i)
Path Group: clk_i
Path Type: min

Fanout         Cap        Slew       Delay        Time   Description
---------------------------------------------------------------------------------------------
                                  0.000000    0.000000   clock clk_i (rise edge)
                                  0.000000    0.000000   clock source latency
   170    0.725720    0.000000    0.000000    0.000000 ^ clk_i (in)
                                                         clk_i (net)
                      0.061226    0.030613    0.030613 ^ _1337_/CLK (sg13g2_dfrbpq_1)
     2    0.052422    0.165077    0.294172    0.324785 v _1337_/Q (sg13g2_dfrbpq_1)
                                                         boot_wdata[10] (net)
                      0.165077    0.000000    0.324785 v boot_wdata[10] (out)
                                              0.324785   data arrival time

                                  0.000000    0.000000   clock clk_i (rise edge)
                                  0.000000    0.000000   clock network delay (propagated)
                                  0.100000    0.100000   clock uncertainty
                                  0.000000    0.100000   clock reconvergence pessimism
                                  0.000000    0.100000   output external delay
                                              0.100000   data required time
---------------------------------------------------------------------------------------------
                                              0.100000   data required time
                                             -0.324785   data arrival time
---------------------------------------------------------------------------------------------
                                              0.224785   slack (MET)


Startpoint: _1391_ (rising edge-triggered flip-flop clocked by clk_i)
Endpoint: _1391_ (rising edge-triggered flip-flop clocked by clk_i)
Path Group: clk_i
Path Type: min

Fanout         Cap        Slew       Delay        Time   Description
---------------------------------------------------------------------------------------------
                                  0.000000    0.000000   clock clk_i (rise edge)
                                  0.000000    0.000000   clock source latency
   170    0.725720    0.000000    0.000000    0.000000 ^ clk_i (in)
                                                         clk_i (net)
                      0.048201    0.024101    0.024101 ^ _1391_/CLK (sg13g2_dfrbpq_1)
     4    0.014056    0.051295    0.200308    0.224409 v _1391_/Q (sg13g2_dfrbpq_1)
                                                         u_boot_ctrl.state[3] (net)
                      0.051295    0.000040    0.224449 v _0756_/B2 (sg13g2_a22oi_1)
     1    0.003401    0.054243    0.064914    0.289362 ^ _0756_/Y (sg13g2_a22oi_1)
                                                         _0219_ (net)
                      0.054243    0.000033    0.289396 ^ _0757_/A (sg13g2_inv_1)
     1    0.002225    0.020294    0.032432    0.321828 v _0757_/Y (sg13g2_inv_1)
                                                         _0005_ (net)
                      0.020294    0.000020    0.321848 v _1391_/D (sg13g2_dfrbpq_1)
                                              0.321848   data arrival time

                                  0.000000    0.000000   clock clk_i (rise edge)
                                  0.000000    0.000000   clock source latency
   170    0.801780    0.000000    0.000000    0.000000 ^ clk_i (in)
                                                         clk_i (net)
                      0.053306    0.026653    0.026653 ^ _1391_/CLK (sg13g2_dfrbpq_1)
                                  0.100000    0.126653   clock uncertainty
                                 -0.002552    0.124101   clock reconvergence pessimism
                                 -0.027529    0.096572   library hold time
                                              0.096572   data required time
---------------------------------------------------------------------------------------------
                                              0.096572   data required time
                                             -0.321848   data arrival time
---------------------------------------------------------------------------------------------
                                              0.225276   slack (MET)


Startpoint: _1345_ (rising edge-triggered flip-flop clocked by clk_i)
Endpoint: boot_wdata[18] (output port clocked by clk_i)
Path Group: clk_i
Path Type: min

Fanout         Cap        Slew       Delay        Time   Description
---------------------------------------------------------------------------------------------
                                  0.000000    0.000000   clock clk_i (rise edge)
                                  0.000000    0.000000   clock source latency
   170    0.725720    0.000000    0.000000    0.000000 ^ clk_i (in)
                                                         clk_i (net)
                      0.061865    0.030933    0.030933 ^ _1345_/CLK (sg13g2_dfrbpq_1)
     2    0.052422    0.165077    0.294480    0.325413 v _1345_/Q (sg13g2_dfrbpq_1)
                                                         boot_wdata[18] (net)
                      0.165077    0.000000    0.325413 v boot_wdata[18] (out)
                                              0.325413   data arrival time

                                  0.000000    0.000000   clock clk_i (rise edge)
                                  0.000000    0.000000   clock network delay (propagated)
                                  0.100000    0.100000   clock uncertainty
                                  0.000000    0.100000   clock reconvergence pessimism
                                  0.000000    0.100000   output external delay
                                              0.100000   data required time
---------------------------------------------------------------------------------------------
                                              0.100000   data required time
                                             -0.325413   data arrival time
---------------------------------------------------------------------------------------------
                                              0.225413   slack (MET)


Startpoint: _1353_ (rising edge-triggered flip-flop clocked by clk_i)
Endpoint: boot_wdata[26] (output port clocked by clk_i)
Path Group: clk_i
Path Type: min

Fanout         Cap        Slew       Delay        Time   Description
---------------------------------------------------------------------------------------------
                                  0.000000    0.000000   clock clk_i (rise edge)
                                  0.000000    0.000000   clock source latency
   170    0.725720    0.000000    0.000000    0.000000 ^ clk_i (in)
                                                         clk_i (net)
                      0.062510    0.031255    0.031255 ^ _1353_/CLK (sg13g2_dfrbpq_1)
     2    0.052422    0.165077    0.294792    0.326047 v _1353_/Q (sg13g2_dfrbpq_1)
                                                         boot_wdata[26] (net)
                      0.165077    0.000000    0.326047 v boot_wdata[26] (out)
                                              0.326047   data arrival time

                                  0.000000    0.000000   clock clk_i (rise edge)
                                  0.000000    0.000000   clock network delay (propagated)
                                  0.100000    0.100000   clock uncertainty
                                  0.000000    0.100000   clock reconvergence pessimism
                                  0.000000    0.100000   output external delay
                                              0.100000   data required time
---------------------------------------------------------------------------------------------
                                              0.100000   data required time
                                             -0.326047   data arrival time
---------------------------------------------------------------------------------------------
                                              0.226047   slack (MET)


Startpoint: _1253_ (rising edge-triggered flip-flop clocked by clk_i)
Endpoint: boot_addr[26] (output port clocked by clk_i)
Path Group: clk_i
Path Type: min

Fanout         Cap        Slew       Delay        Time   Description
---------------------------------------------------------------------------------------------
                                  0.000000    0.000000   clock clk_i (rise edge)
                                  0.000000    0.000000   clock source latency
   170    0.725720    0.000000    0.000000    0.000000 ^ clk_i (in)
                                                         clk_i (net)
                      0.062593    0.031297    0.031297 ^ _1253_/CLK (sg13g2_dfrbpq_1)
     2    0.052422    0.165077    0.294832    0.326128 v _1253_/Q (sg13g2_dfrbpq_1)
                                                         boot_addr[26] (net)
                      0.165077    0.000000    0.326128 v boot_addr[26] (out)
                                              0.326128   data arrival time

                                  0.000000    0.000000   clock clk_i (rise edge)
                                  0.000000    0.000000   clock network delay (propagated)
                                  0.100000    0.100000   clock uncertainty
                                  0.000000    0.100000   clock reconvergence pessimism
                                  0.000000    0.100000   output external delay
                                              0.100000   data required time
---------------------------------------------------------------------------------------------
                                              0.100000   data required time
                                             -0.326128   data arrival time
---------------------------------------------------------------------------------------------
                                              0.226128   slack (MET)


Startpoint: _1249_ (rising edge-triggered flip-flop clocked by clk_i)
Endpoint: boot_addr[22] (output port clocked by clk_i)
Path Group: clk_i
Path Type: min

Fanout         Cap        Slew       Delay        Time   Description
---------------------------------------------------------------------------------------------
                                  0.000000    0.000000   clock clk_i (rise edge)
                                  0.000000    0.000000   clock source latency
   170    0.725720    0.000000    0.000000    0.000000 ^ clk_i (in)
                                                         clk_i (net)
                      0.061575    0.030788    0.030788 ^ _1249_/CLK (sg13g2_dfrbpq_1)
     2    0.052902    0.166509    0.295402    0.326190 v _1249_/Q (sg13g2_dfrbpq_1)
                                                         boot_addr[22] (net)
                      0.166509    0.000000    0.326190 v boot_addr[22] (out)
                                              0.326190   data arrival time

                                  0.000000    0.000000   clock clk_i (rise edge)
                                  0.000000    0.000000   clock network delay (propagated)
                                  0.100000    0.100000   clock uncertainty
                                  0.000000    0.100000   clock reconvergence pessimism
                                  0.000000    0.100000   output external delay
                                              0.100000   data required time
---------------------------------------------------------------------------------------------
                                              0.100000   data required time
                                             -0.326190   data arrival time
---------------------------------------------------------------------------------------------
                                              0.226190   slack (MET)


Startpoint: _1343_ (rising edge-triggered flip-flop clocked by clk_i)
Endpoint: boot_wdata[16] (output port clocked by clk_i)
Path Group: clk_i
Path Type: min

Fanout         Cap        Slew       Delay        Time   Description
---------------------------------------------------------------------------------------------
                                  0.000000    0.000000   clock clk_i (rise edge)
                                  0.000000    0.000000   clock source latency
   170    0.725720    0.000000    0.000000    0.000000 ^ clk_i (in)
                                                         clk_i (net)
                      0.062993    0.031497    0.031497 ^ _1343_/CLK (sg13g2_dfrbpq_1)
     2    0.052422    0.165077    0.295025    0.326522 v _1343_/Q (sg13g2_dfrbpq_1)
                                                         boot_wdata[16] (net)
                      0.165077    0.000000    0.326522 v boot_wdata[16] (out)
                                              0.326522   data arrival time

                                  0.000000    0.000000   clock clk_i (rise edge)
                                  0.000000    0.000000   clock network delay (propagated)
                                  0.100000    0.100000   clock uncertainty
                                  0.000000    0.100000   clock reconvergence pessimism
                                  0.000000    0.100000   output external delay
                                              0.100000   data required time
---------------------------------------------------------------------------------------------
                                              0.100000   data required time
                                             -0.326522   data arrival time
---------------------------------------------------------------------------------------------
                                              0.226522   slack (MET)


Startpoint: _1351_ (rising edge-triggered flip-flop clocked by clk_i)
Endpoint: boot_wdata[24] (output port clocked by clk_i)
Path Group: clk_i
Path Type: min

Fanout         Cap        Slew       Delay        Time   Description
---------------------------------------------------------------------------------------------
                                  0.000000    0.000000   clock clk_i (rise edge)
                                  0.000000    0.000000   clock source latency
   170    0.725720    0.000000    0.000000    0.000000 ^ clk_i (in)
                                                         clk_i (net)
                      0.063311    0.031656    0.031656 ^ _1351_/CLK (sg13g2_dfrbpq_1)
     2    0.052422    0.165077    0.295178    0.326834 v _1351_/Q (sg13g2_dfrbpq_1)
                                                         boot_wdata[24] (net)
                      0.165077    0.000000    0.326834 v boot_wdata[24] (out)
                                              0.326834   data arrival time

                                  0.000000    0.000000   clock clk_i (rise edge)
                                  0.000000    0.000000   clock network delay (propagated)
                                  0.100000    0.100000   clock uncertainty
                                  0.000000    0.100000   clock reconvergence pessimism
                                  0.000000    0.100000   output external delay
                                              0.100000   data required time
---------------------------------------------------------------------------------------------
                                              0.100000   data required time
                                             -0.326834   data arrival time
---------------------------------------------------------------------------------------------
                                              0.226834   slack (MET)


Startpoint: _1251_ (rising edge-triggered flip-flop clocked by clk_i)
Endpoint: boot_addr[24] (output port clocked by clk_i)
Path Group: clk_i
Path Type: min

Fanout         Cap        Slew       Delay        Time   Description
---------------------------------------------------------------------------------------------
                                  0.000000    0.000000   clock clk_i (rise edge)
                                  0.000000    0.000000   clock source latency
   170    0.725720    0.000000    0.000000    0.000000 ^ clk_i (in)
                                                         clk_i (net)
                      0.062331    0.031166    0.031166 ^ _1251_/CLK (sg13g2_dfrbpq_1)
     2    0.052902    0.166509    0.295768    0.326933 v _1251_/Q (sg13g2_dfrbpq_1)
                                                         boot_addr[24] (net)
                      0.166509    0.000000    0.326933 v boot_addr[24] (out)
                                              0.326933   data arrival time

                                  0.000000    0.000000   clock clk_i (rise edge)
                                  0.000000    0.000000   clock network delay (propagated)
                                  0.100000    0.100000   clock uncertainty
                                  0.000000    0.100000   clock reconvergence pessimism
                                  0.000000    0.100000   output external delay
                                              0.100000   data required time
---------------------------------------------------------------------------------------------
                                              0.100000   data required time
                                             -0.326933   data arrival time
---------------------------------------------------------------------------------------------
                                              0.226933   slack (MET)


Startpoint: _1252_ (rising edge-triggered flip-flop clocked by clk_i)
Endpoint: boot_addr[25] (output port clocked by clk_i)
Path Group: clk_i
Path Type: min

Fanout         Cap        Slew       Delay        Time   Description
---------------------------------------------------------------------------------------------
                                  0.000000    0.000000   clock clk_i (rise edge)
                                  0.000000    0.000000   clock source latency
   170    0.725720    0.000000    0.000000    0.000000 ^ clk_i (in)
                                                         clk_i (net)
                      0.062490    0.031245    0.031245 ^ _1252_/CLK (sg13g2_dfrbpq_1)
     2    0.052902    0.166509    0.295844    0.327089 v _1252_/Q (sg13g2_dfrbpq_1)
                                                         boot_addr[25] (net)
                      0.166509    0.000000    0.327089 v boot_addr[25] (out)
                                              0.327089   data arrival time

                                  0.000000    0.000000   clock clk_i (rise edge)
                                  0.000000    0.000000   clock network delay (propagated)
                                  0.100000    0.100000   clock uncertainty
                                  0.000000    0.100000   clock reconvergence pessimism
                                  0.000000    0.100000   output external delay
                                              0.100000   data required time
---------------------------------------------------------------------------------------------
                                              0.100000   data required time
                                             -0.327089   data arrival time
---------------------------------------------------------------------------------------------
                                              0.227089   slack (MET)


Startpoint: _1352_ (rising edge-triggered flip-flop clocked by clk_i)
Endpoint: boot_wdata[25] (output port clocked by clk_i)
Path Group: clk_i
Path Type: min

Fanout         Cap        Slew       Delay        Time   Description
---------------------------------------------------------------------------------------------
                                  0.000000    0.000000   clock clk_i (rise edge)
                                  0.000000    0.000000   clock source latency
   170    0.725720    0.000000    0.000000    0.000000 ^ clk_i (in)
                                                         clk_i (net)
                      0.063685    0.031843    0.031843 ^ _1352_/CLK (sg13g2_dfrbpq_1)
     2    0.052422    0.165077    0.295359    0.327201 v _1352_/Q (sg13g2_dfrbpq_1)
                                                         boot_wdata[25] (net)
                      0.165077    0.000000    0.327201 v boot_wdata[25] (out)
                                              0.327201   data arrival time

                                  0.000000    0.000000   clock clk_i (rise edge)
                                  0.000000    0.000000   clock network delay (propagated)
                                  0.100000    0.100000   clock uncertainty
                                  0.000000    0.100000   clock reconvergence pessimism
                                  0.000000    0.100000   output external delay
                                              0.100000   data required time
---------------------------------------------------------------------------------------------
                                              0.100000   data required time
                                             -0.327201   data arrival time
---------------------------------------------------------------------------------------------
                                              0.227201   slack (MET)


Startpoint: _1344_ (rising edge-triggered flip-flop clocked by clk_i)
Endpoint: boot_wdata[17] (output port clocked by clk_i)
Path Group: clk_i
Path Type: min

Fanout         Cap        Slew       Delay        Time   Description
---------------------------------------------------------------------------------------------
                                  0.000000    0.000000   clock clk_i (rise edge)
                                  0.000000    0.000000   clock source latency
   170    0.725720    0.000000    0.000000    0.000000 ^ clk_i (in)
                                                         clk_i (net)
                      0.063929    0.031964    0.031964 ^ _1344_/CLK (sg13g2_dfrbpq_1)
     2    0.052422    0.165077    0.295476    0.327441 v _1344_/Q (sg13g2_dfrbpq_1)
                                                         boot_wdata[17] (net)
                      0.165077    0.000000    0.327441 v boot_wdata[17] (out)
                                              0.327441   data arrival time

                                  0.000000    0.000000   clock clk_i (rise edge)
                                  0.000000    0.000000   clock network delay (propagated)
                                  0.100000    0.100000   clock uncertainty
                                  0.000000    0.100000   clock reconvergence pessimism
                                  0.000000    0.100000   output external delay
                                              0.100000   data required time
---------------------------------------------------------------------------------------------
                                              0.100000   data required time
                                             -0.327441   data arrival time
---------------------------------------------------------------------------------------------
                                              0.227441   slack (MET)


Startpoint: _1396_ (rising edge-triggered flip-flop clocked by clk_i)
Endpoint: _1396_ (rising edge-triggered flip-flop clocked by clk_i)
Path Group: clk_i
Path Type: min

Fanout         Cap        Slew       Delay        Time   Description
---------------------------------------------------------------------------------------------
                                  0.000000    0.000000   clock clk_i (rise edge)
                                  0.000000    0.000000   clock source latency
   170    0.725720    0.000000    0.000000    0.000000 ^ clk_i (in)
                                                         clk_i (net)
                      0.048079    0.024039    0.024039 ^ _1396_/CLK (sg13g2_dfrbpq_1)
     4    0.011516    0.043746    0.194118    0.218157 v _1396_/Q (sg13g2_dfrbpq_1)
                                                         u_boot_ctrl.state[8] (net)
                      0.043746    0.000029    0.218186 v _0724_/A1 (sg13g2_a21o_1)
     1    0.002361    0.020889    0.105540    0.323726 v _0724_/X (sg13g2_a21o_1)
                                                         _0009_ (net)
                      0.020889    0.000022    0.323748 v _1396_/D (sg13g2_dfrbpq_1)
                                              0.323748   data arrival time

                                  0.000000    0.000000   clock clk_i (rise edge)
                                  0.000000    0.000000   clock source latency
   170    0.801780    0.000000    0.000000    0.000000 ^ clk_i (in)
                                                         clk_i (net)
                      0.053168    0.026584    0.026584 ^ _1396_/CLK (sg13g2_dfrbpq_1)
                                  0.100000    0.126584   clock uncertainty
                                 -0.002545    0.124039   clock reconvergence pessimism
                                 -0.027746    0.096293   library hold time
                                              0.096293   data required time
---------------------------------------------------------------------------------------------
                                              0.096293   data required time
                                             -0.323748   data arrival time
---------------------------------------------------------------------------------------------
                                              0.227455   slack (MET)


Startpoint: _1282_ (rising edge-triggered flip-flop clocked by clk_i)
Endpoint: _1282_ (rising edge-triggered flip-flop clocked by clk_i)
Path Group: clk_i
Path Type: min

Fanout         Cap        Slew       Delay        Time   Description
---------------------------------------------------------------------------------------------
                                  0.000000    0.000000   clock clk_i (rise edge)
                                  0.000000    0.000000   clock source latency
   170    0.725720    0.000000    0.000000    0.000000 ^ clk_i (in)
                                                         clk_i (net)
                      0.064101    0.032050    0.032050 ^ _1282_/CLK (sg13g2_dfrbpq_1)
     4    0.012691    0.047251    0.204682    0.236732 v _1282_/Q (sg13g2_dfrbpq_1)
                                                         u_boot_ctrl.word_cnt[23] (net)
                      0.047251    0.000114    0.236846 v _0925_/B (sg13g2_nand3_1)
     1    0.002941    0.034129    0.045651    0.282497 ^ _0925_/Y (sg13g2_nand3_1)
                                                         _0332_ (net)
                      0.034129    0.000016    0.282513 ^ _0927_/A1 (sg13g2_a21oi_1)
     1    0.001886    0.034506    0.049138    0.331651 v _0927_/Y (sg13g2_a21oi_1)
                                                         _0064_ (net)
                      0.034506    0.000013    0.331665 v _1282_/D (sg13g2_dfrbpq_1)
                                              0.331665   data arrival time

                                  0.000000    0.000000   clock clk_i (rise edge)
                                  0.000000    0.000000   clock source latency
   170    0.801780    0.000000    0.000000    0.000000 ^ clk_i (in)
                                                         clk_i (net)
                      0.070812    0.035406    0.035406 ^ _1282_/CLK (sg13g2_dfrbpq_1)
                                  0.100000    0.135406   clock uncertainty
                                 -0.003356    0.132050   clock reconvergence pessimism
                                 -0.028397    0.103653   library hold time
                                              0.103653   data required time
---------------------------------------------------------------------------------------------
                                              0.103653   data required time
                                             -0.331665   data arrival time
---------------------------------------------------------------------------------------------
                                              0.228012   slack (MET)


Startpoint: _1325_ (rising edge-triggered flip-flop clocked by clk_i)
Endpoint: _1387_ (rising edge-triggered flip-flop clocked by clk_i)
Path Group: clk_i
Path Type: min

Fanout         Cap        Slew       Delay        Time   Description
---------------------------------------------------------------------------------------------
                                  0.000000    0.000000   clock clk_i (rise edge)
                                  0.000000    0.000000   clock source latency
   170    0.725720    0.000000    0.000000    0.000000 ^ clk_i (in)
                                                         clk_i (net)
                      0.047929    0.023964    0.023964 ^ _1325_/CLK (sg13g2_dfrbpq_1)
     3    0.010843    0.041805    0.192313    0.216277 v _1325_/Q (sg13g2_dfrbpq_1)
                                                         spi_start (net)
                      0.041806    0.000241    0.216518 v _1225_/A2 (sg13g2_o21ai_1)
     1    0.003137    0.038927    0.082448    0.298966 ^ _1225_/Y (sg13g2_o21ai_1)
                                                         _0528_ (net)
                      0.038927    0.000027    0.298994 ^ _1226_/B (sg13g2_nor2_1)
     1    0.001850    0.017613    0.029686    0.328680 v _1226_/Y (sg13g2_nor2_1)
                                                         _0169_ (net)
                      0.017613    0.000013    0.328692 v _1387_/D (sg13g2_dfrbpq_1)
                                              0.328692   data arrival time

                                  0.000000    0.000000   clock clk_i (rise edge)
                                  0.000000    0.000000   clock source latency
   170    0.801780    0.000000    0.000000    0.000000 ^ clk_i (in)
                                                         clk_i (net)
                      0.052594    0.026297    0.026297 ^ _1387_/CLK (sg13g2_dfrbpq_1)
                                  0.100000    0.126297   clock uncertainty
                                  0.000000    0.126297   clock reconvergence pessimism
                                 -0.026826    0.099471   library hold time
                                              0.099471   data required time
---------------------------------------------------------------------------------------------
                                              0.099471   data required time
                                             -0.328692   data arrival time
---------------------------------------------------------------------------------------------
                                              0.229221   slack (MET)


Startpoint: _1254_ (rising edge-triggered flip-flop clocked by clk_i)
Endpoint: boot_addr[27] (output port clocked by clk_i)
Path Group: clk_i
Path Type: min

Fanout         Cap        Slew       Delay        Time   Description
---------------------------------------------------------------------------------------------
                                  0.000000    0.000000   clock clk_i (rise edge)
                                  0.000000    0.000000   clock source latency
   170    0.725720    0.000000    0.000000    0.000000 ^ clk_i (in)
                                                         clk_i (net)
                      0.065666    0.032833    0.032833 ^ _1254_/CLK (sg13g2_dfrbpq_1)
     2    0.052902    0.166509    0.297377    0.330210 v _1254_/Q (sg13g2_dfrbpq_1)
                                                         boot_addr[27] (net)
                      0.166509    0.000000    0.330210 v boot_addr[27] (out)
                                              0.330210   data arrival time

                                  0.000000    0.000000   clock clk_i (rise edge)
                                  0.000000    0.000000   clock network delay (propagated)
                                  0.100000    0.100000   clock uncertainty
                                  0.000000    0.100000   clock reconvergence pessimism
                                  0.000000    0.100000   output external delay
                                              0.100000   data required time
---------------------------------------------------------------------------------------------
                                              0.100000   data required time
                                             -0.330210   data arrival time
---------------------------------------------------------------------------------------------
                                              0.230210   slack (MET)


Startpoint: _1278_ (rising edge-triggered flip-flop clocked by clk_i)
Endpoint: _1248_ (rising edge-triggered flip-flop clocked by clk_i)
Path Group: clk_i
Path Type: min

Fanout         Cap        Slew       Delay        Time   Description
---------------------------------------------------------------------------------------------
                                  0.000000    0.000000   clock clk_i (rise edge)
                                  0.000000    0.000000   clock source latency
   170    0.725720    0.000000    0.000000    0.000000 ^ clk_i (in)
                                                         clk_i (net)
                      0.048220    0.024110    0.024110 ^ _1278_/CLK (sg13g2_dfrbpq_1)
     4    0.013096    0.048451    0.197965    0.222075 v _1278_/Q (sg13g2_dfrbpq_1)
                                                         u_boot_ctrl.word_cnt[19] (net)
                      0.048451    0.000158    0.222233 v _0712_/A (sg13g2_inv_1)
     2    0.008340    0.045631    0.051890    0.274124 ^ _0712_/Y (sg13g2_inv_1)
                                                         _0183_ (net)
                      0.045631    0.000119    0.274243 ^ _0819_/A2 (sg13g2_a21oi_1)
     1    0.001659    0.016088    0.056575    0.330818 v _0819_/Y (sg13g2_a21oi_1)
                                                         _0030_ (net)
                      0.016088    0.000009    0.330827 v _1248_/D (sg13g2_dfrbpq_1)
                                              0.330827   data arrival time

                                  0.000000    0.000000   clock clk_i (rise edge)
                                  0.000000    0.000000   clock source latency
   170    0.801780    0.000000    0.000000    0.000000 ^ clk_i (in)
                                                         clk_i (net)
                      0.052977    0.026489    0.026489 ^ _1248_/CLK (sg13g2_dfrbpq_1)
                                  0.100000    0.126489   clock uncertainty
                                  0.000000    0.126489   clock reconvergence pessimism
                                 -0.026261    0.100227   library hold time
                                              0.100227   data required time
---------------------------------------------------------------------------------------------
                                              0.100227   data required time
                                             -0.330827   data arrival time
---------------------------------------------------------------------------------------------
                                              0.230600   slack (MET)


Startpoint: _1330_ (rising edge-triggered flip-flop clocked by clk_i)
Endpoint: boot_wdata[3] (output port clocked by clk_i)
Path Group: clk_i
Path Type: min

Fanout         Cap        Slew       Delay        Time   Description
---------------------------------------------------------------------------------------------
                                  0.000000    0.000000   clock clk_i (rise edge)
                                  0.000000    0.000000   clock source latency
   170    0.725720    0.000000    0.000000    0.000000 ^ clk_i (in)
                                                         clk_i (net)
                      0.067469    0.033735    0.033735 ^ _1330_/CLK (sg13g2_dfrbpq_1)
     2    0.052422    0.165077    0.297185    0.330920 v _1330_/Q (sg13g2_dfrbpq_1)
                                                         boot_wdata[3] (net)
                      0.165077    0.000000    0.330920 v boot_wdata[3] (out)
                                              0.330920   data arrival time

                                  0.000000    0.000000   clock clk_i (rise edge)
                                  0.000000    0.000000   clock network delay (propagated)
                                  0.100000    0.100000   clock uncertainty
                                  0.000000    0.100000   clock reconvergence pessimism
                                  0.000000    0.100000   output external delay
                                              0.100000   data required time
---------------------------------------------------------------------------------------------
                                              0.100000   data required time
                                             -0.330920   data arrival time
---------------------------------------------------------------------------------------------
                                              0.230920   slack (MET)


Startpoint: _1329_ (rising edge-triggered flip-flop clocked by clk_i)
Endpoint: boot_wdata[2] (output port clocked by clk_i)
Path Group: clk_i
Path Type: min

Fanout         Cap        Slew       Delay        Time   Description
---------------------------------------------------------------------------------------------
                                  0.000000    0.000000   clock clk_i (rise edge)
                                  0.000000    0.000000   clock source latency
   170    0.725720    0.000000    0.000000    0.000000 ^ clk_i (in)
                                                         clk_i (net)
                      0.067856    0.033928    0.033928 ^ _1329_/CLK (sg13g2_dfrbpq_1)
     2    0.052422    0.165077    0.297372    0.331300 v _1329_/Q (sg13g2_dfrbpq_1)
                                                         boot_wdata[2] (net)
                      0.165077    0.000000    0.331300 v boot_wdata[2] (out)
                                              0.331300   data arrival time

                                  0.000000    0.000000   clock clk_i (rise edge)
                                  0.000000    0.000000   clock network delay (propagated)
                                  0.100000    0.100000   clock uncertainty
                                  0.000000    0.100000   clock reconvergence pessimism
                                  0.000000    0.100000   output external delay
                                              0.100000   data required time
---------------------------------------------------------------------------------------------
                                              0.100000   data required time
                                             -0.331300   data arrival time
---------------------------------------------------------------------------------------------
                                              0.231300   slack (MET)


Startpoint: _1327_ (rising edge-triggered flip-flop clocked by clk_i)
Endpoint: boot_wdata[0] (output port clocked by clk_i)
Path Group: clk_i
Path Type: min

Fanout         Cap        Slew       Delay        Time   Description
---------------------------------------------------------------------------------------------
                                  0.000000    0.000000   clock clk_i (rise edge)
                                  0.000000    0.000000   clock source latency
   170    0.725720    0.000000    0.000000    0.000000 ^ clk_i (in)
                                                         clk_i (net)
                      0.068245    0.034123    0.034123 ^ _1327_/CLK (sg13g2_dfrbpq_1)
     2    0.052422    0.165077    0.297560    0.331683 v _1327_/Q (sg13g2_dfrbpq_1)
                                                         boot_wdata[0] (net)
                      0.165077    0.000000    0.331683 v boot_wdata[0] (out)
                                              0.331683   data arrival time

                                  0.000000    0.000000   clock clk_i (rise edge)
                                  0.000000    0.000000   clock network delay (propagated)
                                  0.100000    0.100000   clock uncertainty
                                  0.000000    0.100000   clock reconvergence pessimism
                                  0.000000    0.100000   output external delay
                                              0.100000   data required time
---------------------------------------------------------------------------------------------
                                              0.100000   data required time
                                             -0.331683   data arrival time
---------------------------------------------------------------------------------------------
                                              0.231683   slack (MET)


Startpoint: _1335_ (rising edge-triggered flip-flop clocked by clk_i)
Endpoint: boot_wdata[8] (output port clocked by clk_i)
Path Group: clk_i
Path Type: min

Fanout         Cap        Slew       Delay        Time   Description
---------------------------------------------------------------------------------------------
                                  0.000000    0.000000   clock clk_i (rise edge)
                                  0.000000    0.000000   clock source latency
   170    0.725720    0.000000    0.000000    0.000000 ^ clk_i (in)
                                                         clk_i (net)
                      0.068377    0.034188    0.034188 ^ _1335_/CLK (sg13g2_dfrbpq_1)
     2    0.052422    0.165077    0.297623    0.331812 v _1335_/Q (sg13g2_dfrbpq_1)
                                                         boot_wdata[8] (net)
                      0.165077    0.000000    0.331812 v boot_wdata[8] (out)
                                              0.331812   data arrival time

                                  0.000000    0.000000   clock clk_i (rise edge)
                                  0.000000    0.000000   clock network delay (propagated)
                                  0.100000    0.100000   clock uncertainty
                                  0.000000    0.100000   clock reconvergence pessimism
                                  0.000000    0.100000   output external delay
                                              0.100000   data required time
---------------------------------------------------------------------------------------------
                                              0.100000   data required time
                                             -0.331812   data arrival time
---------------------------------------------------------------------------------------------
                                              0.231812   slack (MET)


Startpoint: _1379_ (rising edge-triggered flip-flop clocked by clk_i)
Endpoint: _1379_ (rising edge-triggered flip-flop clocked by clk_i)
Path Group: clk_i
Path Type: min

Fanout         Cap        Slew       Delay        Time   Description
---------------------------------------------------------------------------------------------
                                  0.000000    0.000000   clock clk_i (rise edge)
                                  0.000000    0.000000   clock source latency
   170    0.725720    0.000000    0.000000    0.000000 ^ clk_i (in)
                                                         clk_i (net)
                      0.086071    0.043035    0.043035 ^ _1379_/CLK (sg13g2_dfrbpq_1)
     3    0.012595    0.046966    0.215096    0.258132 v _1379_/Q (sg13g2_dfrbpq_1)
                                                         spi_rx[1] (net)
                      0.046966    0.000123    0.258254 v _1203_/A (sg13g2_nor2_1)
     1    0.002776    0.043533    0.061145    0.319400 ^ _1203_/Y (sg13g2_nor2_1)
                                                         _0514_ (net)
                      0.043533    0.000018    0.319418 ^ _1204_/C (sg13g2_nor3_1)
     1    0.002805    0.022775    0.035955    0.355373 v _1204_/Y (sg13g2_nor3_1)
                                                         _0161_ (net)
                      0.022775    0.000035    0.355408 v _1379_/D (sg13g2_dfrbpq_1)
                                              0.355408   data arrival time

                                  0.000000    0.000000   clock clk_i (rise edge)
                                  0.000000    0.000000   clock source latency
   170    0.801780    0.000000    0.000000    0.000000 ^ clk_i (in)
                                                         clk_i (net)
                      0.095096    0.047548    0.047548 ^ _1379_/CLK (sg13g2_dfrbpq_1)
                                  0.100000    0.147548   clock uncertainty
                                 -0.004513    0.143035   clock reconvergence pessimism
                                 -0.019601    0.123435   library hold time
                                              0.123435   data required time
---------------------------------------------------------------------------------------------
                                              0.123435   data required time
                                             -0.355408   data arrival time
---------------------------------------------------------------------------------------------
                                              0.231973   slack (MET)


Startpoint: _1257_ (rising edge-triggered flip-flop clocked by clk_i)
Endpoint: boot_addr[30] (output port clocked by clk_i)
Path Group: clk_i
Path Type: min

Fanout         Cap        Slew       Delay        Time   Description
---------------------------------------------------------------------------------------------
                                  0.000000    0.000000   clock clk_i (rise edge)
                                  0.000000    0.000000   clock source latency
   170    0.725720    0.000000    0.000000    0.000000 ^ clk_i (in)
                                                         clk_i (net)
                      0.068625    0.034313    0.034313 ^ _1257_/CLK (sg13g2_dfrbpq_1)
     2    0.052422    0.165077    0.297743    0.332056 v _1257_/Q (sg13g2_dfrbpq_1)
                                                         boot_addr[30] (net)
                      0.165077    0.000000    0.332056 v boot_addr[30] (out)
                                              0.332056   data arrival time

                                  0.000000    0.000000   clock clk_i (rise edge)
                                  0.000000    0.000000   clock network delay (propagated)
                                  0.100000    0.100000   clock uncertainty
                                  0.000000    0.100000   clock reconvergence pessimism
                                  0.000000    0.100000   output external delay
                                              0.100000   data required time
---------------------------------------------------------------------------------------------
                                              0.100000   data required time
                                             -0.332056   data arrival time
---------------------------------------------------------------------------------------------
                                              0.232056   slack (MET)


Startpoint: _1387_ (rising edge-triggered flip-flop clocked by clk_i)
Endpoint: _1362_ (rising edge-triggered flip-flop clocked by clk_i)
Path Group: clk_i
Path Type: min

Fanout         Cap        Slew       Delay        Time   Description
---------------------------------------------------------------------------------------------
                                  0.000000    0.000000   clock clk_i (rise edge)
                                  0.000000    0.000000   clock source latency
   170    0.725720    0.000000    0.000000    0.000000 ^ clk_i (in)
                                                         clk_i (net)
                      0.047565    0.023783    0.023783 ^ _1387_/CLK (sg13g2_dfrbpq_1)
     9    0.026363    0.086662    0.229401    0.253184 v _1387_/Q (sg13g2_dfrbpq_1)
                                                         u_spi.busy (net)
                      0.086663    0.000412    0.253596 v _1154_/A (sg13g2_nor2_1)
     1    0.002540    0.046265    0.072047    0.325643 ^ _1154_/Y (sg13g2_nor2_1)
                                                         _0482_ (net)
                      0.046265    0.000013    0.325656 ^ _1155_/D (sg13g2_nor4_1)
     1    0.001932    0.022640    0.037009    0.362665 v _1155_/Y (sg13g2_nor4_1)
                                                         _0144_ (net)
                      0.022640    0.000015    0.362679 v _1362_/D (sg13g2_dfrbpq_1)
                                              0.362679   data arrival time

                                  0.000000    0.000000   clock clk_i (rise edge)
                                  0.000000    0.000000   clock source latency
   170    0.801780    0.000000    0.000000    0.000000 ^ clk_i (in)
                                                         clk_i (net)
                      0.098425    0.049213    0.049213 ^ _1362_/CLK (sg13g2_dfrbpq_1)
                                  0.100000    0.149213   clock uncertainty
                                  0.000000    0.149213   clock reconvergence pessimism
                                 -0.018863    0.130349   library hold time
                                              0.130349   data required time
---------------------------------------------------------------------------------------------
                                              0.130349   data required time
                                             -0.362679   data arrival time
---------------------------------------------------------------------------------------------
                                              0.232330   slack (MET)


Startpoint: _1291_ (rising edge-triggered flip-flop clocked by clk_i)
Endpoint: _1291_ (rising edge-triggered flip-flop clocked by clk_i)
Path Group: clk_i
Path Type: min

Fanout         Cap        Slew       Delay        Time   Description
---------------------------------------------------------------------------------------------
                                  0.000000    0.000000   clock clk_i (rise edge)
                                  0.000000    0.000000   clock source latency
   170    0.725720    0.000000    0.000000    0.000000 ^ clk_i (in)
                                                         clk_i (net)
                      0.070718    0.035359    0.035359 ^ _1291_/CLK (sg13g2_dfrbpq_1)
     6    0.021428    0.094153    0.241036    0.276395 ^ _1291_/Q (sg13g2_dfrbpq_1)
                                                         u_boot_ctrl.byte_cnt[0] (net)
                      0.094153    0.000233    0.276628 ^ _0970_/A1 (sg13g2_a21oi_1)
     1    0.001568    0.014914    0.070435    0.347063 v _0970_/Y (sg13g2_a21oi_1)
                                                         _0073_ (net)
                      0.014914    0.000008    0.347071 v _1291_/D (sg13g2_dfrbpq_1)
                                              0.347071   data arrival time

                                  0.000000    0.000000   clock clk_i (rise edge)
                                  0.000000    0.000000   clock source latency
   170    0.801780    0.000000    0.000000    0.000000 ^ clk_i (in)
                                                         clk_i (net)
                      0.078172    0.039086    0.039086 ^ _1291_/CLK (sg13g2_dfrbpq_1)
                                  0.100000    0.139086   clock uncertainty
                                 -0.003727    0.135359   clock reconvergence pessimism
                                 -0.020628    0.114731   library hold time
                                              0.114731   data required time
---------------------------------------------------------------------------------------------
                                              0.114731   data required time
                                             -0.347071   data arrival time
---------------------------------------------------------------------------------------------
                                              0.232340   slack (MET)


Startpoint: _1255_ (rising edge-triggered flip-flop clocked by clk_i)
Endpoint: boot_addr[28] (output port clocked by clk_i)
Path Group: clk_i
Path Type: min

Fanout         Cap        Slew       Delay        Time   Description
---------------------------------------------------------------------------------------------
                                  0.000000    0.000000   clock clk_i (rise edge)
                                  0.000000    0.000000   clock source latency
   170    0.725720    0.000000    0.000000    0.000000 ^ clk_i (in)
                                                         clk_i (net)
                      0.068481    0.034241    0.034241 ^ _1255_/CLK (sg13g2_dfrbpq_1)
     2    0.052902    0.166509    0.298736    0.332977 v _1255_/Q (sg13g2_dfrbpq_1)
                                                         boot_addr[28] (net)
                      0.166509    0.000000    0.332977 v boot_addr[28] (out)
                                              0.332977   data arrival time

                                  0.000000    0.000000   clock clk_i (rise edge)
                                  0.000000    0.000000   clock network delay (propagated)
                                  0.100000    0.100000   clock uncertainty
                                  0.000000    0.100000   clock reconvergence pessimism
                                  0.000000    0.100000   output external delay
                                              0.100000   data required time
---------------------------------------------------------------------------------------------
                                              0.100000   data required time
                                             -0.332977   data arrival time
---------------------------------------------------------------------------------------------
                                              0.232977   slack (MET)


Startpoint: _1256_ (rising edge-triggered flip-flop clocked by clk_i)
Endpoint: boot_addr[29] (output port clocked by clk_i)
Path Group: clk_i
Path Type: min

Fanout         Cap        Slew       Delay        Time   Description
---------------------------------------------------------------------------------------------
                                  0.000000    0.000000   clock clk_i (rise edge)
                                  0.000000    0.000000   clock source latency
   170    0.725720    0.000000    0.000000    0.000000 ^ clk_i (in)
                                                         clk_i (net)
                      0.068560    0.034280    0.034280 ^ _1256_/CLK (sg13g2_dfrbpq_1)
     2    0.052902    0.166509    0.298774    0.333054 v _1256_/Q (sg13g2_dfrbpq_1)
                                                         boot_addr[29] (net)
                      0.166509    0.000000    0.333054 v boot_addr[29] (out)
                                              0.333054   data arrival time

                                  0.000000    0.000000   clock clk_i (rise edge)
                                  0.000000    0.000000   clock network delay (propagated)
                                  0.100000    0.100000   clock uncertainty
                                  0.000000    0.100000   clock reconvergence pessimism
                                  0.000000    0.100000   output external delay
                                              0.100000   data required time
---------------------------------------------------------------------------------------------
                                              0.100000   data required time
                                             -0.333054   data arrival time
---------------------------------------------------------------------------------------------
                                              0.233054   slack (MET)


Startpoint: _1270_ (rising edge-triggered flip-flop clocked by clk_i)
Endpoint: _1270_ (rising edge-triggered flip-flop clocked by clk_i)
Path Group: clk_i
Path Type: min

Fanout         Cap        Slew       Delay        Time   Description
---------------------------------------------------------------------------------------------
                                  0.000000    0.000000   clock clk_i (rise edge)
                                  0.000000    0.000000   clock source latency
   170    0.725720    0.000000    0.000000    0.000000 ^ clk_i (in)
                                                         clk_i (net)
                      0.106811    0.053405    0.053405 ^ _1270_/CLK (sg13g2_dfrbpq_1)
     5    0.017482    0.061548    0.235481    0.288886 v _1270_/Q (sg13g2_dfrbpq_1)
                                                         u_boot_ctrl.word_cnt[11] (net)
                      0.061548    0.000116    0.289003 v _0877_/B1 (sg13g2_a21oi_1)
     1    0.002896    0.040145    0.050262    0.339265 ^ _0877_/Y (sg13g2_a21oi_1)
                                                         _0296_ (net)
                      0.040145    0.000021    0.339286 ^ _0880_/C (sg13g2_nor3_1)
     1    0.002109    0.020333    0.033125    0.372411 v _0880_/Y (sg13g2_nor3_1)
                                                         _0052_ (net)
                      0.020333    0.000018    0.372429 v _1270_/D (sg13g2_dfrbpq_1)
                                              0.372429   data arrival time

                                  0.000000    0.000000   clock clk_i (rise edge)
                                  0.000000    0.000000   clock source latency
   170    0.801780    0.000000    0.000000    0.000000 ^ clk_i (in)
                                                         clk_i (net)
                      0.117995    0.058997    0.058997 ^ _1270_/CLK (sg13g2_dfrbpq_1)
                                  0.100000    0.158997   clock uncertainty
                                 -0.005592    0.153405   clock reconvergence pessimism
                                 -0.014045    0.139361   library hold time
                                              0.139361   data required time
---------------------------------------------------------------------------------------------
                                              0.139361   data required time
                                             -0.372429   data arrival time
---------------------------------------------------------------------------------------------
                                              0.233069   slack (MET)


Startpoint: _1281_ (rising edge-triggered flip-flop clocked by clk_i)
Endpoint: _1281_ (rising edge-triggered flip-flop clocked by clk_i)
Path Group: clk_i
Path Type: min

Fanout         Cap        Slew       Delay        Time   Description
---------------------------------------------------------------------------------------------
                                  0.000000    0.000000   clock clk_i (rise edge)
                                  0.000000    0.000000   clock source latency
   170    0.725720    0.000000    0.000000    0.000000 ^ clk_i (in)
                                                         clk_i (net)
                      0.063609    0.031804    0.031804 ^ _1281_/CLK (sg13g2_dfrbpq_1)
     4    0.014504    0.052671    0.208789    0.240593 v _1281_/Q (sg13g2_dfrbpq_1)
                                                         u_boot_ctrl.word_cnt[22] (net)
                      0.052671    0.000134    0.240727 v _0709_/A (sg13g2_inv_1)
     2    0.007218    0.042097    0.049630    0.290357 ^ _0709_/Y (sg13g2_inv_1)
                                                         _0180_ (net)
                      0.042097    0.000026    0.290383 ^ _0924_/A1 (sg13g2_a21oi_1)
     1    0.001790    0.016831    0.051746    0.342129 v _0924_/Y (sg13g2_a21oi_1)
                                                         _0063_ (net)
                      0.016831    0.000012    0.342141 v _1281_/D (sg13g2_dfrbpq_1)
                                              0.342141   data arrival time

                                  0.000000    0.000000   clock clk_i (rise edge)
                                  0.000000    0.000000   clock source latency
   170    0.801780    0.000000    0.000000    0.000000 ^ clk_i (in)
                                                         clk_i (net)
                      0.070267    0.035134    0.035134 ^ _1281_/CLK (sg13g2_dfrbpq_1)
                                  0.100000    0.135134   clock uncertainty
                                 -0.003329    0.131804   clock reconvergence pessimism
                                 -0.022888    0.108916   library hold time
                                              0.108916   data required time
---------------------------------------------------------------------------------------------
                                              0.108916   data required time
                                             -0.342141   data arrival time
---------------------------------------------------------------------------------------------
                                              0.233225   slack (MET)


Startpoint: _1336_ (rising edge-triggered flip-flop clocked by clk_i)
Endpoint: boot_wdata[9] (output port clocked by clk_i)
Path Group: clk_i
Path Type: min

Fanout         Cap        Slew       Delay        Time   Description
---------------------------------------------------------------------------------------------
                                  0.000000    0.000000   clock clk_i (rise edge)
                                  0.000000    0.000000   clock source latency
   170    0.725720    0.000000    0.000000    0.000000 ^ clk_i (in)
                                                         clk_i (net)
                      0.070115    0.035058    0.035058 ^ _1336_/CLK (sg13g2_dfrbpq_1)
     2    0.052422    0.165077    0.298462    0.333520 v _1336_/Q (sg13g2_dfrbpq_1)
                                                         boot_wdata[9] (net)
                      0.165077    0.000000    0.333520 v boot_wdata[9] (out)
                                              0.333520   data arrival time

                                  0.000000    0.000000   clock clk_i (rise edge)
                                  0.000000    0.000000   clock network delay (propagated)
                                  0.100000    0.100000   clock uncertainty
                                  0.000000    0.100000   clock reconvergence pessimism
                                  0.000000    0.100000   output external delay
                                              0.100000   data required time
---------------------------------------------------------------------------------------------
                                              0.100000   data required time
                                             -0.333520   data arrival time
---------------------------------------------------------------------------------------------
                                              0.233520   slack (MET)


Startpoint: _1328_ (rising edge-triggered flip-flop clocked by clk_i)
Endpoint: boot_wdata[1] (output port clocked by clk_i)
Path Group: clk_i
Path Type: min

Fanout         Cap        Slew       Delay        Time   Description
---------------------------------------------------------------------------------------------
                                  0.000000    0.000000   clock clk_i (rise edge)
                                  0.000000    0.000000   clock source latency
   170    0.725720    0.000000    0.000000    0.000000 ^ clk_i (in)
                                                         clk_i (net)
                      0.070718    0.035359    0.035359 ^ _1328_/CLK (sg13g2_dfrbpq_1)
     2    0.052422    0.165078    0.298753    0.334112 v _1328_/Q (sg13g2_dfrbpq_1)
                                                         boot_wdata[1] (net)
                      0.165078    0.000000    0.334112 v boot_wdata[1] (out)
                                              0.334112   data arrival time

                                  0.000000    0.000000   clock clk_i (rise edge)
                                  0.000000    0.000000   clock network delay (propagated)
                                  0.100000    0.100000   clock uncertainty
                                  0.000000    0.100000   clock reconvergence pessimism
                                  0.000000    0.100000   output external delay
                                              0.100000   data required time
---------------------------------------------------------------------------------------------
                                              0.100000   data required time
                                             -0.334112   data arrival time
---------------------------------------------------------------------------------------------
                                              0.234112   slack (MET)


Startpoint: _1262_ (rising edge-triggered flip-flop clocked by clk_i)
Endpoint: _1232_ (rising edge-triggered flip-flop clocked by clk_i)
Path Group: clk_i
Path Type: min

Fanout         Cap        Slew       Delay        Time   Description
---------------------------------------------------------------------------------------------
                                  0.000000    0.000000   clock clk_i (rise edge)
                                  0.000000    0.000000   clock source latency
   170    0.725720    0.000000    0.000000    0.000000 ^ clk_i (in)
                                                         clk_i (net)
                      0.110923    0.055461    0.055461 ^ _1262_/CLK (sg13g2_dfrbpq_1)
     5    0.016508    0.058624    0.234457    0.289919 v _1262_/Q (sg13g2_dfrbpq_1)
                                                         u_boot_ctrl.word_cnt[3] (net)
                      0.058624    0.000160    0.290079 v _0773_/A (sg13g2_nor2b_1)
     1    0.003083    0.051028    0.060016    0.350095 ^ _0773_/Y (sg13g2_nor2b_1)
                                                         _0230_ (net)
                      0.051028    0.000027    0.350122 ^ _0775_/B (sg13g2_nor2_1)
     1    0.001697    0.018518    0.032708    0.382829 v _0775_/Y (sg13g2_nor2_1)
                                                         _0014_ (net)
                      0.018518    0.000010    0.382839 v _1232_/D (sg13g2_dfrbpq_1)
                                              0.382839   data arrival time

                                  0.000000    0.000000   clock clk_i (rise edge)
                                  0.000000    0.000000   clock source latency
   170    0.801780    0.000000    0.000000    0.000000 ^ clk_i (in)
                                                         clk_i (net)
                      0.122455    0.061228    0.061228 ^ _1232_/CLK (sg13g2_dfrbpq_1)
                                  0.100000    0.161228   clock uncertainty
                                  0.000000    0.161228   clock reconvergence pessimism
                                 -0.012535    0.148693   library hold time
                                              0.148693   data required time
---------------------------------------------------------------------------------------------
                                              0.148693   data required time
                                             -0.382839   data arrival time
---------------------------------------------------------------------------------------------
                                              0.234146   slack (MET)


Startpoint: _1258_ (rising edge-triggered flip-flop clocked by clk_i)
Endpoint: boot_addr[31] (output port clocked by clk_i)
Path Group: clk_i
Path Type: min

Fanout         Cap        Slew       Delay        Time   Description
---------------------------------------------------------------------------------------------
                                  0.000000    0.000000   clock clk_i (rise edge)
                                  0.000000    0.000000   clock source latency
   170    0.725720    0.000000    0.000000    0.000000 ^ clk_i (in)
                                                         clk_i (net)
                      0.069764    0.034882    0.034882 ^ _1258_/CLK (sg13g2_dfrbpq_1)
     2    0.052902    0.166509    0.299355    0.334238 v _1258_/Q (sg13g2_dfrbpq_1)
                                                         boot_addr[31] (net)
                      0.166509    0.000000    0.334238 v boot_addr[31] (out)
                                              0.334238   data arrival time

                                  0.000000    0.000000   clock clk_i (rise edge)
                                  0.000000    0.000000   clock network delay (propagated)
                                  0.100000    0.100000   clock uncertainty
                                  0.000000    0.100000   clock reconvergence pessimism
                                  0.000000    0.100000   output external delay
                                              0.100000   data required time
---------------------------------------------------------------------------------------------
                                              0.100000   data required time
                                             -0.334238   data arrival time
---------------------------------------------------------------------------------------------
                                              0.234238   slack (MET)


Startpoint: _1247_ (rising edge-triggered flip-flop clocked by clk_i)
Endpoint: boot_addr[20] (output port clocked by clk_i)
Path Group: clk_i
Path Type: min

Fanout         Cap        Slew       Delay        Time   Description
---------------------------------------------------------------------------------------------
                                  0.000000    0.000000   clock clk_i (rise edge)
                                  0.000000    0.000000   clock source latency
   170    0.725720    0.000000    0.000000    0.000000 ^ clk_i (in)
                                                         clk_i (net)
                      0.070111    0.035055    0.035055 ^ _1247_/CLK (sg13g2_dfrbpq_1)
     2    0.052902    0.166509    0.299523    0.334578 v _1247_/Q (sg13g2_dfrbpq_1)
                                                         boot_addr[20] (net)
                      0.166509    0.000000    0.334578 v boot_addr[20] (out)
                                              0.334578   data arrival time

                                  0.000000    0.000000   clock clk_i (rise edge)
                                  0.000000    0.000000   clock network delay (propagated)
                                  0.100000    0.100000   clock uncertainty
                                  0.000000    0.100000   clock reconvergence pessimism
                                  0.000000    0.100000   output external delay
                                              0.100000   data required time
---------------------------------------------------------------------------------------------
                                              0.100000   data required time
                                             -0.334578   data arrival time
---------------------------------------------------------------------------------------------
                                              0.234578   slack (MET)


Startpoint: _1244_ (rising edge-triggered flip-flop clocked by clk_i)
Endpoint: boot_addr[17] (output port clocked by clk_i)
Path Group: clk_i
Path Type: min

Fanout         Cap        Slew       Delay        Time   Description
---------------------------------------------------------------------------------------------
                                  0.000000    0.000000   clock clk_i (rise edge)
                                  0.000000    0.000000   clock source latency
   170    0.725720    0.000000    0.000000    0.000000 ^ clk_i (in)
                                                         clk_i (net)
                      0.070407    0.035203    0.035203 ^ _1244_/CLK (sg13g2_dfrbpq_1)
     2    0.052902    0.166509    0.299665    0.334869 v _1244_/Q (sg13g2_dfrbpq_1)
                                                         boot_addr[17] (net)
                      0.166509    0.000000    0.334869 v boot_addr[17] (out)
                                              0.334869   data arrival time

                                  0.000000    0.000000   clock clk_i (rise edge)
                                  0.000000    0.000000   clock network delay (propagated)
                                  0.100000    0.100000   clock uncertainty
                                  0.000000    0.100000   clock reconvergence pessimism
                                  0.000000    0.100000   output external delay
                                              0.100000   data required time
---------------------------------------------------------------------------------------------
                                              0.100000   data required time
                                             -0.334869   data arrival time
---------------------------------------------------------------------------------------------
                                              0.234869   slack (MET)


Startpoint: _1243_ (rising edge-triggered flip-flop clocked by clk_i)
Endpoint: boot_addr[16] (output port clocked by clk_i)
Path Group: clk_i
Path Type: min

Fanout         Cap        Slew       Delay        Time   Description
---------------------------------------------------------------------------------------------
                                  0.000000    0.000000   clock clk_i (rise edge)
                                  0.000000    0.000000   clock source latency
   170    0.725720    0.000000    0.000000    0.000000 ^ clk_i (in)
                                                         clk_i (net)
                      0.070654    0.035327    0.035327 ^ _1243_/CLK (sg13g2_dfrbpq_1)
     2    0.052902    0.166509    0.299785    0.335112 v _1243_/Q (sg13g2_dfrbpq_1)
                                                         boot_addr[16] (net)
                      0.166509    0.000000    0.335112 v boot_addr[16] (out)
                                              0.335112   data arrival time

                                  0.000000    0.000000   clock clk_i (rise edge)
                                  0.000000    0.000000   clock network delay (propagated)
                                  0.100000    0.100000   clock uncertainty
                                  0.000000    0.100000   clock reconvergence pessimism
                                  0.000000    0.100000   output external delay
                                              0.100000   data required time
---------------------------------------------------------------------------------------------
                                              0.100000   data required time
                                             -0.335112   data arrival time
---------------------------------------------------------------------------------------------
                                              0.235112   slack (MET)


Startpoint: _1241_ (rising edge-triggered flip-flop clocked by clk_i)
Endpoint: boot_addr[14] (output port clocked by clk_i)
Path Group: clk_i
Path Type: min

Fanout         Cap        Slew       Delay        Time   Description
---------------------------------------------------------------------------------------------
                                  0.000000    0.000000   clock clk_i (rise edge)
                                  0.000000    0.000000   clock source latency
   170    0.725720    0.000000    0.000000    0.000000 ^ clk_i (in)
                                                         clk_i (net)
                      0.070826    0.035413    0.035413 ^ _1241_/CLK (sg13g2_dfrbpq_1)
     2    0.052902    0.166509    0.299868    0.335281 v _1241_/Q (sg13g2_dfrbpq_1)
                                                         boot_addr[14] (net)
                      0.166509    0.000000    0.335281 v boot_addr[14] (out)
                                              0.335281   data arrival time

                                  0.000000    0.000000   clock clk_i (rise edge)
                                  0.000000    0.000000   clock network delay (propagated)
                                  0.100000    0.100000   clock uncertainty
                                  0.000000    0.100000   clock reconvergence pessimism
                                  0.000000    0.100000   output external delay
                                              0.100000   data required time
---------------------------------------------------------------------------------------------
                                              0.100000   data required time
                                             -0.335281   data arrival time
---------------------------------------------------------------------------------------------
                                              0.235281   slack (MET)


Startpoint: _1242_ (rising edge-triggered flip-flop clocked by clk_i)
Endpoint: boot_addr[15] (output port clocked by clk_i)
Path Group: clk_i
Path Type: min

Fanout         Cap        Slew       Delay        Time   Description
---------------------------------------------------------------------------------------------
                                  0.000000    0.000000   clock clk_i (rise edge)
                                  0.000000    0.000000   clock source latency
   170    0.725720    0.000000    0.000000    0.000000 ^ clk_i (in)
                                                         clk_i (net)
                      0.070908    0.035454    0.035454 ^ _1242_/CLK (sg13g2_dfrbpq_1)
     2    0.052902    0.166510    0.299907    0.335361 v _1242_/Q (sg13g2_dfrbpq_1)
                                                         boot_addr[15] (net)
                      0.166510    0.000000    0.335361 v boot_addr[15] (out)
                                              0.335361   data arrival time

                                  0.000000    0.000000   clock clk_i (rise edge)
                                  0.000000    0.000000   clock network delay (propagated)
                                  0.100000    0.100000   clock uncertainty
                                  0.000000    0.100000   clock reconvergence pessimism
                                  0.000000    0.100000   output external delay
                                              0.100000   data required time
---------------------------------------------------------------------------------------------
                                              0.100000   data required time
                                             -0.335361   data arrival time
---------------------------------------------------------------------------------------------
                                              0.235361   slack (MET)


Startpoint: _1270_ (rising edge-triggered flip-flop clocked by clk_i)
Endpoint: _1240_ (rising edge-triggered flip-flop clocked by clk_i)
Path Group: clk_i
Path Type: min

Fanout         Cap        Slew       Delay        Time   Description
---------------------------------------------------------------------------------------------
                                  0.000000    0.000000   clock clk_i (rise edge)
                                  0.000000    0.000000   clock source latency
   170    0.725720    0.000000    0.000000    0.000000 ^ clk_i (in)
                                                         clk_i (net)
                      0.106811    0.053405    0.053405 ^ _1270_/CLK (sg13g2_dfrbpq_1)
     5    0.017482    0.061548    0.235481    0.288886 v _1270_/Q (sg13g2_dfrbpq_1)
                                                         u_boot_ctrl.word_cnt[11] (net)
                      0.061548    0.000095    0.288981 v _0797_/A (sg13g2_nor2b_1)
     1    0.003229    0.052636    0.061825    0.350806 ^ _0797_/Y (sg13g2_nor2b_1)
                                                         _0246_ (net)
                      0.052636    0.000031    0.350837 ^ _0799_/B (sg13g2_nor2_1)
     1    0.002030    0.018596    0.034092    0.384929 v _0799_/Y (sg13g2_nor2_1)
                                                         _0022_ (net)
                      0.018596    0.000016    0.384945 v _1240_/D (sg13g2_dfrbpq_1)
                                              0.384945   data arrival time

                                  0.000000    0.000000   clock clk_i (rise edge)
                                  0.000000    0.000000   clock source latency
   170    0.801780    0.000000    0.000000    0.000000 ^ clk_i (in)
                                                         clk_i (net)
                      0.123012    0.061506    0.061506 ^ _1240_/CLK (sg13g2_dfrbpq_1)
                                  0.100000    0.161506   clock uncertainty
                                  0.000000    0.161506   clock reconvergence pessimism
                                 -0.012443    0.149063   library hold time
                                              0.149063   data required time
---------------------------------------------------------------------------------------------
                                              0.149063   data required time
                                             -0.384945   data arrival time
---------------------------------------------------------------------------------------------
                                              0.235883   slack (MET)


Startpoint: _1396_ (rising edge-triggered flip-flop clocked by clk_i)
Endpoint: _1390_ (rising edge-triggered flip-flop clocked by clk_i)
Path Group: clk_i
Path Type: min

Fanout         Cap        Slew       Delay        Time   Description
---------------------------------------------------------------------------------------------
                                  0.000000    0.000000   clock clk_i (rise edge)
                                  0.000000    0.000000   clock source latency
   170    0.725720    0.000000    0.000000    0.000000 ^ clk_i (in)
                                                         clk_i (net)
                      0.048079    0.024039    0.024039 ^ _1396_/CLK (sg13g2_dfrbpq_1)
     4    0.011516    0.043746    0.194118    0.218157 v _1396_/Q (sg13g2_dfrbpq_1)
                                                         u_boot_ctrl.state[8] (net)
                      0.043746    0.000067    0.218224 v _0758_/C (sg13g2_and3_1)
     1    0.002763    0.020814    0.086161    0.304385 v _0758_/X (sg13g2_and3_1)
                                                         _0220_ (net)
                      0.020814    0.000021    0.304406 v _0759_/B1 (sg13g2_a21o_1)
     1    0.002149    0.020329    0.069968    0.374373 v _0759_/X (sg13g2_a21o_1)
                                                         _0004_ (net)
                      0.020329    0.000019    0.374392 v _1390_/D (sg13g2_dfrbpq_1)
                                              0.374392   data arrival time

                                  0.000000    0.000000   clock clk_i (rise edge)
                                  0.000000    0.000000   clock source latency
   170    0.801780    0.000000    0.000000    0.000000 ^ clk_i (in)
                                                         clk_i (net)
                      0.108647    0.054324    0.054324 ^ _1390_/CLK (sg13g2_dfrbpq_1)
                                  0.100000    0.154324   clock uncertainty
                                  0.000000    0.154324   clock reconvergence pessimism
                                 -0.015994    0.138330   library hold time
                                              0.138330   data required time
---------------------------------------------------------------------------------------------
                                              0.138330   data required time
                                             -0.374392   data arrival time
---------------------------------------------------------------------------------------------
                                              0.236063   slack (MET)


Startpoint: _1281_ (rising edge-triggered flip-flop clocked by clk_i)
Endpoint: _1251_ (rising edge-triggered flip-flop clocked by clk_i)
Path Group: clk_i
Path Type: min

Fanout         Cap        Slew       Delay        Time   Description
---------------------------------------------------------------------------------------------
                                  0.000000    0.000000   clock clk_i (rise edge)
                                  0.000000    0.000000   clock source latency
   170    0.725720    0.000000    0.000000    0.000000 ^ clk_i (in)
                                                         clk_i (net)
                      0.063609    0.031804    0.031804 ^ _1281_/CLK (sg13g2_dfrbpq_1)
     4    0.014504    0.052671    0.208789    0.240593 v _1281_/Q (sg13g2_dfrbpq_1)
                                                         u_boot_ctrl.word_cnt[22] (net)
                      0.052671    0.000134    0.240727 v _0709_/A (sg13g2_inv_1)
     2    0.007218    0.042097    0.049630    0.290357 ^ _0709_/Y (sg13g2_inv_1)
                                                         _0180_ (net)
                      0.042097    0.000069    0.290426 ^ _0825_/A2 (sg13g2_a21oi_1)
     1    0.002189    0.016899    0.057555    0.347981 v _0825_/Y (sg13g2_a21oi_1)
                                                         _0033_ (net)
                      0.016899    0.000019    0.348000 v _1251_/D (sg13g2_dfrbpq_1)
                                              0.348000   data arrival time

                                  0.000000    0.000000   clock clk_i (rise edge)
                                  0.000000    0.000000   clock source latency
   170    0.801780    0.000000    0.000000    0.000000 ^ clk_i (in)
                                                         clk_i (net)
                      0.068853    0.034427    0.034427 ^ _1251_/CLK (sg13g2_dfrbpq_1)
                                  0.100000    0.134427   clock uncertainty
                                  0.000000    0.134427   clock reconvergence pessimism
                                 -0.023205    0.111222   library hold time
                                              0.111222   data required time
---------------------------------------------------------------------------------------------
                                              0.111222   data required time
                                             -0.348000   data arrival time
---------------------------------------------------------------------------------------------
                                              0.236778   slack (MET)


Startpoint: _1288_ (rising edge-triggered flip-flop clocked by clk_i)
Endpoint: _1258_ (rising edge-triggered flip-flop clocked by clk_i)
Path Group: clk_i
Path Type: min

Fanout         Cap        Slew       Delay        Time   Description
---------------------------------------------------------------------------------------------
                                  0.000000    0.000000   clock clk_i (rise edge)
                                  0.000000    0.000000   clock source latency
   170    0.725720    0.000000    0.000000    0.000000 ^ clk_i (in)
                                                         clk_i (net)
                      0.069777    0.034889    0.034889 ^ _1288_/CLK (sg13g2_dfrbpq_1)
     5    0.015318    0.055048    0.213875    0.248764 v _1288_/Q (sg13g2_dfrbpq_1)
                                                         u_boot_ctrl.word_cnt[29] (net)
                      0.055048    0.000079    0.248843 v _0703_/A (sg13g2_inv_1)
     2    0.006743    0.040746    0.048825    0.297668 ^ _0703_/Y (sg13g2_inv_1)
                                                         _0174_ (net)
                      0.040746    0.000056    0.297724 ^ _0840_/A2 (sg13g2_a21oi_1)
     1    0.002220    0.016135    0.057180    0.354904 v _0840_/Y (sg13g2_a21oi_1)
                                                         _0040_ (net)
                      0.016135    0.000020    0.354924 v _1258_/D (sg13g2_dfrbpq_1)
                                              0.354924   data arrival time

                                  0.000000    0.000000   clock clk_i (rise edge)
                                  0.000000    0.000000   clock source latency
   170    0.801780    0.000000    0.000000    0.000000 ^ clk_i (in)
                                                         clk_i (net)
                      0.077081    0.038540    0.038540 ^ _1258_/CLK (sg13g2_dfrbpq_1)
                                  0.100000    0.138540   clock uncertainty
                                  0.000000    0.138540   clock reconvergence pessimism
                                 -0.021245    0.117296   library hold time
                                              0.117296   data required time
---------------------------------------------------------------------------------------------
                                              0.117296   data required time
                                             -0.354924   data arrival time
---------------------------------------------------------------------------------------------
                                              0.237628   slack (MET)


Startpoint: _1368_ (rising edge-triggered flip-flop clocked by clk_i)
Endpoint: _1368_ (rising edge-triggered flip-flop clocked by clk_i)
Path Group: clk_i
Path Type: min

Fanout         Cap        Slew       Delay        Time   Description
---------------------------------------------------------------------------------------------
                                  0.000000    0.000000   clock clk_i (rise edge)
                                  0.000000    0.000000   clock source latency
   170    0.725720    0.000000    0.000000    0.000000 ^ clk_i (in)
                                                         clk_i (net)
                      0.045982    0.022991    0.022991 ^ _1368_/CLK (sg13g2_dfrbpq_1)
     6    0.019483    0.067550    0.212390    0.235381 v _1368_/Q (sg13g2_dfrbpq_1)
                                                         u_spi.bit_cnt[1] (net)
                      0.067550    0.000242    0.235623 v _1169_/B1 (sg13g2_o21ai_1)
     1    0.002815    0.034766    0.048422    0.284045 ^ _1169_/Y (sg13g2_o21ai_1)
                                                         _0491_ (net)
                      0.034766    0.000013    0.284058 ^ _1171_/A1 (sg13g2_a21oi_1)
     1    0.001813    0.021047    0.049064    0.333121 v _1171_/Y (sg13g2_a21oi_1)
                                                         _0150_ (net)
                      0.021047    0.000012    0.333133 v _1368_/D (sg13g2_dfrbpq_1)
                                              0.333133   data arrival time

                                  0.000000    0.000000   clock clk_i (rise edge)
                                  0.000000    0.000000   clock source latency
   170    0.801780    0.000000    0.000000    0.000000 ^ clk_i (in)
                                                         clk_i (net)
                      0.050837    0.025419    0.025419 ^ _1368_/CLK (sg13g2_dfrbpq_1)
                                  0.100000    0.125419   clock uncertainty
                                 -0.002428    0.122991   clock reconvergence pessimism
                                 -0.028283    0.094708   library hold time
                                              0.094708   data required time
---------------------------------------------------------------------------------------------
                                              0.094708   data required time
                                             -0.333133   data arrival time
---------------------------------------------------------------------------------------------
                                              0.238425   slack (MET)


Startpoint: _1286_ (rising edge-triggered flip-flop clocked by clk_i)
Endpoint: _1256_ (rising edge-triggered flip-flop clocked by clk_i)
Path Group: clk_i
Path Type: min

Fanout         Cap        Slew       Delay        Time   Description
---------------------------------------------------------------------------------------------
                                  0.000000    0.000000   clock clk_i (rise edge)
                                  0.000000    0.000000   clock source latency
   170    0.725720    0.000000    0.000000    0.000000 ^ clk_i (in)
                                                         clk_i (net)
                      0.069084    0.034542    0.034542 ^ _1286_/CLK (sg13g2_dfrbpq_1)
     4    0.013381    0.049290    0.208791    0.243333 v _1286_/Q (sg13g2_dfrbpq_1)
                                                         u_boot_ctrl.word_cnt[27] (net)
                      0.049290    0.000037    0.243370 v _0705_/A (sg13g2_inv_1)
     2    0.008939    0.048094    0.054134    0.297505 ^ _0705_/Y (sg13g2_inv_1)
                                                         _0176_ (net)
                      0.048094    0.000145    0.297649 ^ _0835_/A2 (sg13g2_a21oi_1)
     1    0.001851    0.015453    0.058331    0.355981 v _0835_/Y (sg13g2_a21oi_1)
                                                         _0038_ (net)
                      0.015453    0.000013    0.355993 v _1256_/D (sg13g2_dfrbpq_1)
                                              0.355993   data arrival time

                                  0.000000    0.000000   clock clk_i (rise edge)
                                  0.000000    0.000000   clock source latency
   170    0.801780    0.000000    0.000000    0.000000 ^ clk_i (in)
                                                         clk_i (net)
                      0.075749    0.037875    0.037875 ^ _1256_/CLK (sg13g2_dfrbpq_1)
                                  0.100000    0.137875   clock uncertainty
                                  0.000000    0.137875   clock reconvergence pessimism
                                 -0.021306    0.116569   library hold time
                                              0.116569   data required time
---------------------------------------------------------------------------------------------
                                              0.116569   data required time
                                             -0.355993   data arrival time
---------------------------------------------------------------------------------------------
                                              0.239424   slack (MET)


Startpoint: _1266_ (rising edge-triggered flip-flop clocked by clk_i)
Endpoint: _1236_ (rising edge-triggered flip-flop clocked by clk_i)
Path Group: clk_i
Path Type: min

Fanout         Cap        Slew       Delay        Time   Description
---------------------------------------------------------------------------------------------
                                  0.000000    0.000000   clock clk_i (rise edge)
                                  0.000000    0.000000   clock source latency
   170    0.725720    0.000000    0.000000    0.000000 ^ clk_i (in)
                                                         clk_i (net)
                      0.109174    0.054587    0.054587 ^ _1266_/CLK (sg13g2_dfrbpq_1)
     5    0.018344    0.064194    0.238235    0.292822 v _1266_/Q (sg13g2_dfrbpq_1)
                                                         u_boot_ctrl.word_cnt[7] (net)
                      0.064194    0.000243    0.293065 v _0785_/A (sg13g2_nor2b_1)
     1    0.002963    0.051271    0.060985    0.354050 ^ _0785_/Y (sg13g2_nor2b_1)
                                                         _0238_ (net)
                      0.051271    0.000024    0.354073 ^ _0787_/B (sg13g2_nor2_1)
     1    0.001708    0.018471    0.032807    0.386880 v _0787_/Y (sg13g2_nor2_1)
                                                         _0018_ (net)
                      0.018471    0.000010    0.386890 v _1236_/D (sg13g2_dfrbpq_1)
                                              0.386890   data arrival time

                                  0.000000    0.000000   clock clk_i (rise edge)
                                  0.000000    0.000000   clock source latency
   170    0.801780    0.000000    0.000000    0.000000 ^ clk_i (in)
                                                         clk_i (net)
                      0.118724    0.059362    0.059362 ^ _1236_/CLK (sg13g2_dfrbpq_1)
                                  0.100000    0.159362   clock uncertainty
                                  0.000000    0.159362   clock reconvergence pessimism
                                 -0.013298    0.146064   library hold time
                                              0.146064   data required time
---------------------------------------------------------------------------------------------
                                              0.146064   data required time
                                             -0.386890   data arrival time
---------------------------------------------------------------------------------------------
                                              0.240827   slack (MET)


Startpoint: _1288_ (rising edge-triggered flip-flop clocked by clk_i)
Endpoint: _1288_ (rising edge-triggered flip-flop clocked by clk_i)
Path Group: clk_i
Path Type: min

Fanout         Cap        Slew       Delay        Time   Description
---------------------------------------------------------------------------------------------
                                  0.000000    0.000000   clock clk_i (rise edge)
                                  0.000000    0.000000   clock source latency
   170    0.725720    0.000000    0.000000    0.000000 ^ clk_i (in)
                                                         clk_i (net)
                      0.069777    0.034889    0.034889 ^ _1288_/CLK (sg13g2_dfrbpq_1)
     5    0.015318    0.055048    0.213875    0.248764 v _1288_/Q (sg13g2_dfrbpq_1)
                                                         u_boot_ctrl.word_cnt[29] (net)
                      0.055048    0.000079    0.248843 v _0703_/A (sg13g2_inv_1)
     2    0.006743    0.040746    0.048825    0.297668 ^ _0703_/Y (sg13g2_inv_1)
                                                         _0174_ (net)
                      0.040746    0.000019    0.297687 ^ _0955_/A1 (sg13g2_a21oi_1)
     1    0.002891    0.020739    0.056067    0.353754 v _0955_/Y (sg13g2_a21oi_1)
                                                         _0070_ (net)
                      0.020739    0.000036    0.353790 v _1288_/D (sg13g2_dfrbpq_1)
                                              0.353790   data arrival time

                                  0.000000    0.000000   clock clk_i (rise edge)
                                  0.000000    0.000000   clock source latency
   170    0.801780    0.000000    0.000000    0.000000 ^ clk_i (in)
                                                         clk_i (net)
                      0.077096    0.038548    0.038548 ^ _1288_/CLK (sg13g2_dfrbpq_1)
                                  0.100000    0.138548   clock uncertainty
                                 -0.003659    0.134889   clock reconvergence pessimism
                                 -0.022707    0.112182   library hold time
                                              0.112182   data required time
---------------------------------------------------------------------------------------------
                                              0.112182   data required time
                                             -0.353790   data arrival time
---------------------------------------------------------------------------------------------
                                              0.241608   slack (MET)


Startpoint: _1285_ (rising edge-triggered flip-flop clocked by clk_i)
Endpoint: _1255_ (rising edge-triggered flip-flop clocked by clk_i)
Path Group: clk_i
Path Type: min

Fanout         Cap        Slew       Delay        Time   Description
---------------------------------------------------------------------------------------------
                                  0.000000    0.000000   clock clk_i (rise edge)
                                  0.000000    0.000000   clock source latency
   170    0.725720    0.000000    0.000000    0.000000 ^ clk_i (in)
                                                         clk_i (net)
                      0.068064    0.034032    0.034032 ^ _1285_/CLK (sg13g2_dfrbpq_1)
     5    0.016177    0.057632    0.215094    0.249126 v _1285_/Q (sg13g2_dfrbpq_1)
                                                         u_boot_ctrl.word_cnt[26] (net)
                      0.057632    0.000061    0.249187 v _0706_/A (sg13g2_inv_1)
     2    0.007409    0.043717    0.051910    0.301097 ^ _0706_/Y (sg13g2_inv_1)
                                                         _0177_ (net)
                      0.043717    0.000073    0.301171 ^ _0833_/A2 (sg13g2_a21oi_1)
     1    0.001999    0.016010    0.057338    0.358509 v _0833_/Y (sg13g2_a21oi_1)
                                                         _0037_ (net)
                      0.016010    0.000015    0.358524 v _1255_/D (sg13g2_dfrbpq_1)
                                              0.358524   data arrival time

                                  0.000000    0.000000   clock clk_i (rise edge)
                                  0.000000    0.000000   clock source latency
   170    0.801780    0.000000    0.000000    0.000000 ^ clk_i (in)
                                                         clk_i (net)
                      0.075661    0.037830    0.037830 ^ _1255_/CLK (sg13g2_dfrbpq_1)
                                  0.100000    0.137830   clock uncertainty
                                  0.000000    0.137830   clock reconvergence pessimism
                                 -0.021501    0.116329   library hold time
                                              0.116329   data required time
---------------------------------------------------------------------------------------------
                                              0.116329   data required time
                                             -0.358524   data arrival time
---------------------------------------------------------------------------------------------
                                              0.242195   slack (MET)


Startpoint: _1286_ (rising edge-triggered flip-flop clocked by clk_i)
Endpoint: _1286_ (rising edge-triggered flip-flop clocked by clk_i)
Path Group: clk_i
Path Type: min

Fanout         Cap        Slew       Delay        Time   Description
---------------------------------------------------------------------------------------------
                                  0.000000    0.000000   clock clk_i (rise edge)
                                  0.000000    0.000000   clock source latency
   170    0.725720    0.000000    0.000000    0.000000 ^ clk_i (in)
                                                         clk_i (net)
                      0.069084    0.034542    0.034542 ^ _1286_/CLK (sg13g2_dfrbpq_1)
     4    0.013381    0.049290    0.208791    0.243333 v _1286_/Q (sg13g2_dfrbpq_1)
                                                         u_boot_ctrl.word_cnt[27] (net)
                      0.049290    0.000037    0.243370 v _0705_/A (sg13g2_inv_1)
     2    0.008939    0.048094    0.054134    0.297505 ^ _0705_/Y (sg13g2_inv_1)
                                                         _0176_ (net)
                      0.048094    0.000031    0.297535 ^ _0946_/A1 (sg13g2_a21oi_1)
     1    0.002599    0.018929    0.057616    0.355151 v _0946_/Y (sg13g2_a21oi_1)
                                                         _0068_ (net)
                      0.018929    0.000028    0.355179 v _1286_/D (sg13g2_dfrbpq_1)
                                              0.355179   data arrival time

                                  0.000000    0.000000   clock clk_i (rise edge)
                                  0.000000    0.000000   clock source latency
   170    0.801780    0.000000    0.000000    0.000000 ^ clk_i (in)
                                                         clk_i (net)
                      0.076327    0.038164    0.038164 ^ _1286_/CLK (sg13g2_dfrbpq_1)
                                  0.100000    0.138164   clock uncertainty
                                 -0.003622    0.134542   clock reconvergence pessimism
                                 -0.022291    0.112251   library hold time
                                              0.112251   data required time
---------------------------------------------------------------------------------------------
                                              0.112251   data required time
                                             -0.355179   data arrival time
---------------------------------------------------------------------------------------------
                                              0.242929   slack (MET)


Startpoint: _1273_ (rising edge-triggered flip-flop clocked by clk_i)
Endpoint: _1274_ (rising edge-triggered flip-flop clocked by clk_i)
Path Group: clk_i
Path Type: min

Fanout         Cap        Slew       Delay        Time   Description
---------------------------------------------------------------------------------------------
                                  0.000000    0.000000   clock clk_i (rise edge)
                                  0.000000    0.000000   clock source latency
   170    0.725720    0.000000    0.000000    0.000000 ^ clk_i (in)
                                                         clk_i (net)
                      0.069842    0.034921    0.034921 ^ _1273_/CLK (sg13g2_dfrbpq_1)
     7    0.025452    0.083919    0.238113    0.273034 v _1273_/Q (sg13g2_dfrbpq_1)
                                                         u_boot_ctrl.word_cnt[14] (net)
                      0.083919    0.000237    0.273271 v _0890_/A (sg13g2_nand3_1)
     1    0.003731    0.036612    0.055180    0.328451 ^ _0890_/Y (sg13g2_nand3_1)
                                                         _0306_ (net)
                      0.036612    0.000045    0.328496 ^ _0899_/B1 (sg13g2_a221oi_1)
     1    0.001564    0.039421    0.054508    0.383004 v _0899_/Y (sg13g2_a221oi_1)
                                                         _0056_ (net)
                      0.039421    0.000008    0.383012 v _1274_/D (sg13g2_dfrbpq_1)
                                              0.383012   data arrival time

                                  0.000000    0.000000   clock clk_i (rise edge)
                                  0.000000    0.000000   clock source latency
   170    0.801780    0.000000    0.000000    0.000000 ^ clk_i (in)
                                                         clk_i (net)
                      0.117545    0.058773    0.058773 ^ _1274_/CLK (sg13g2_dfrbpq_1)
                                  0.100000    0.158773   clock uncertainty
                                  0.000000    0.158773   clock reconvergence pessimism
                                 -0.020233    0.138539   library hold time
                                              0.138539   data required time
---------------------------------------------------------------------------------------------
                                              0.138539   data required time
                                             -0.383012   data arrival time
---------------------------------------------------------------------------------------------
                                              0.244472   slack (MET)


Startpoint: _1367_ (rising edge-triggered flip-flop clocked by clk_i)
Endpoint: _1361_ (rising edge-triggered flip-flop clocked by clk_i)
Path Group: clk_i
Path Type: min

Fanout         Cap        Slew       Delay        Time   Description
---------------------------------------------------------------------------------------------
                                  0.000000    0.000000   clock clk_i (rise edge)
                                  0.000000    0.000000   clock source latency
   170    0.725720    0.000000    0.000000    0.000000 ^ clk_i (in)
                                                         clk_i (net)
                      0.054458    0.027229    0.027229 ^ _1367_/CLK (sg13g2_dfrbpq_1)
     7    0.021495    0.073575    0.221467    0.248696 v _1367_/Q (sg13g2_dfrbpq_1)
                                                         u_spi.bit_cnt[0] (net)
                      0.073576    0.000376    0.249072 v _1149_/A (sg13g2_nand3_1)
     2    0.006992    0.047370    0.062968    0.312040 ^ _1149_/Y (sg13g2_nand3_1)
                                                         _0478_ (net)
                      0.047370    0.000085    0.312125 ^ _1150_/B (sg13g2_nor2_1)
     1    0.001737    0.018946    0.031783    0.343908 v _1150_/Y (sg13g2_nor2_1)
                                                         _0143_ (net)
                      0.018946    0.000010    0.343919 v _1361_/D (sg13g2_dfrbpq_1)
                                              0.343919   data arrival time

                                  0.000000    0.000000   clock clk_i (rise edge)
                                  0.000000    0.000000   clock source latency
   170    0.801780    0.000000    0.000000    0.000000 ^ clk_i (in)
                                                         clk_i (net)
                      0.051875    0.025937    0.025937 ^ _1361_/CLK (sg13g2_dfrbpq_1)
                                  0.100000    0.125937   clock uncertainty
                                  0.000000    0.125937   clock reconvergence pessimism
                                 -0.027399    0.098538   library hold time
                                              0.098538   data required time
---------------------------------------------------------------------------------------------
                                              0.098538   data required time
                                             -0.343919   data arrival time
---------------------------------------------------------------------------------------------
                                              0.245380   slack (MET)


Startpoint: _1289_ (rising edge-triggered flip-flop clocked by clk_i)
Endpoint: _1289_ (rising edge-triggered flip-flop clocked by clk_i)
Path Group: clk_i
Path Type: min

Fanout         Cap        Slew       Delay        Time   Description
---------------------------------------------------------------------------------------------
                                  0.000000    0.000000   clock clk_i (rise edge)
                                  0.000000    0.000000   clock source latency
   170    0.725720    0.000000    0.000000    0.000000 ^ clk_i (in)
                                                         clk_i (net)
                      0.106035    0.053017    0.053017 ^ _1289_/CLK (sg13g2_dfrbpq_1)
     2    0.005604    0.026757    0.206187    0.259204 v _1289_/Q (sg13g2_dfrbpq_1)
                                                         u_boot_ctrl.word_cnt[30] (net)
                      0.026757    0.000019    0.259224 v _0702_/A (sg13g2_inv_1)
     4    0.014085    0.064280    0.061477    0.320701 ^ _0702_/Y (sg13g2_inv_1)
                                                         _0173_ (net)
                      0.064281    0.000198    0.320899 ^ _0959_/A1 (sg13g2_a21oi_1)
     1    0.002614    0.019812    0.063924    0.384822 v _0959_/Y (sg13g2_a21oi_1)
                                                         _0071_ (net)
                      0.019812    0.000030    0.384853 v _1289_/D (sg13g2_dfrbpq_1)
                                              0.384853   data arrival time

                                  0.000000    0.000000   clock clk_i (rise edge)
                                  0.000000    0.000000   clock source latency
   170    0.801780    0.000000    0.000000    0.000000 ^ clk_i (in)
                                                         clk_i (net)
                      0.117132    0.058566    0.058566 ^ _1289_/CLK (sg13g2_dfrbpq_1)
                                  0.100000    0.158566   clock uncertainty
                                 -0.005548    0.153017   clock reconvergence pessimism
                                 -0.014059    0.138959   library hold time
                                              0.138959   data required time
---------------------------------------------------------------------------------------------
                                              0.138959   data required time
                                             -0.384853   data arrival time
---------------------------------------------------------------------------------------------
                                              0.245894   slack (MET)


Startpoint: _1261_ (rising edge-triggered flip-flop clocked by clk_i)
Endpoint: _1231_ (rising edge-triggered flip-flop clocked by clk_i)
Path Group: clk_i
Path Type: min

Fanout         Cap        Slew       Delay        Time   Description
---------------------------------------------------------------------------------------------
                                  0.000000    0.000000   clock clk_i (rise edge)
                                  0.000000    0.000000   clock source latency
   170    0.725720    0.000000    0.000000    0.000000 ^ clk_i (in)
                                                         clk_i (net)
                      0.110991    0.055496    0.055496 ^ _1261_/CLK (sg13g2_dfrbpq_1)
     6    0.019172    0.066660    0.240900    0.296396 v _1261_/Q (sg13g2_dfrbpq_1)
                                                         u_boot_ctrl.word_cnt[2] (net)
                      0.066660    0.000122    0.296518 v _0770_/A (sg13g2_nor2b_1)
     1    0.003358    0.054545    0.064216    0.360733 ^ _0770_/Y (sg13g2_nor2b_1)
                                                         _0228_ (net)
                      0.054545    0.000035    0.360768 ^ _0772_/B (sg13g2_nor2_1)
     1    0.002121    0.019140    0.034895    0.395664 v _0772_/Y (sg13g2_nor2_1)
                                                         _0013_ (net)
                      0.019140    0.000018    0.395682 v _1231_/D (sg13g2_dfrbpq_1)
                                              0.395682   data arrival time

                                  0.000000    0.000000   clock clk_i (rise edge)
                                  0.000000    0.000000   clock source latency
   170    0.801780    0.000000    0.000000    0.000000 ^ clk_i (in)
                                                         clk_i (net)
                      0.122833    0.061417    0.061417 ^ _1231_/CLK (sg13g2_dfrbpq_1)
                                  0.100000    0.161417   clock uncertainty
                                  0.000000    0.161417   clock reconvergence pessimism
                                 -0.012655    0.148762   library hold time
                                              0.148762   data required time
---------------------------------------------------------------------------------------------
                                              0.148762   data required time
                                             -0.395682   data arrival time
---------------------------------------------------------------------------------------------
                                              0.246919   slack (MET)


Startpoint: _1278_ (rising edge-triggered flip-flop clocked by clk_i)
Endpoint: _1278_ (rising edge-triggered flip-flop clocked by clk_i)
Path Group: clk_i
Path Type: min

Fanout         Cap        Slew       Delay        Time   Description
---------------------------------------------------------------------------------------------
                                  0.000000    0.000000   clock clk_i (rise edge)
                                  0.000000    0.000000   clock source latency
   170    0.725720    0.000000    0.000000    0.000000 ^ clk_i (in)
                                                         clk_i (net)
                      0.048220    0.024110    0.024110 ^ _1278_/CLK (sg13g2_dfrbpq_1)
     4    0.013096    0.048451    0.197965    0.222075 v _1278_/Q (sg13g2_dfrbpq_1)
                                                         u_boot_ctrl.word_cnt[19] (net)
                      0.048451    0.000158    0.222233 v _0712_/A (sg13g2_inv_1)
     2    0.008340    0.045631    0.051890    0.274124 ^ _0712_/Y (sg13g2_inv_1)
                                                         _0183_ (net)
                      0.045631    0.000033    0.274156 ^ _0913_/B2 (sg13g2_a221oi_1)
     1    0.001847    0.040526    0.063101    0.337258 v _0913_/Y (sg13g2_a221oi_1)
                                                         _0060_ (net)
                      0.040526    0.000013    0.337270 v _1278_/D (sg13g2_dfrbpq_1)
                                              0.337270   data arrival time

                                  0.000000    0.000000   clock clk_i (rise edge)
                                  0.000000    0.000000   clock source latency
   170    0.801780    0.000000    0.000000    0.000000 ^ clk_i (in)
                                                         clk_i (net)
                      0.053327    0.026664    0.026664 ^ _1278_/CLK (sg13g2_dfrbpq_1)
                                  0.100000    0.126664   clock uncertainty
                                 -0.002554    0.124110   clock reconvergence pessimism
                                 -0.033951    0.090159   library hold time
                                              0.090159   data required time
---------------------------------------------------------------------------------------------
                                              0.090159   data required time
                                             -0.337270   data arrival time
---------------------------------------------------------------------------------------------
                                              0.247112   slack (MET)


Startpoint: _1284_ (rising edge-triggered flip-flop clocked by clk_i)
Endpoint: _1254_ (rising edge-triggered flip-flop clocked by clk_i)
Path Group: clk_i
Path Type: min

Fanout         Cap        Slew       Delay        Time   Description
---------------------------------------------------------------------------------------------
                                  0.000000    0.000000   clock clk_i (rise edge)
                                  0.000000    0.000000   clock source latency
   170    0.725720    0.000000    0.000000    0.000000 ^ clk_i (in)
                                                         clk_i (net)
                      0.066510    0.033255    0.033255 ^ _1284_/CLK (sg13g2_dfrbpq_1)
     5    0.017898    0.062778    0.218551    0.251806 v _1284_/Q (sg13g2_dfrbpq_1)
                                                         u_boot_ctrl.word_cnt[25] (net)
                      0.062778    0.000187    0.251993 v _0707_/A (sg13g2_inv_1)
     2    0.007577    0.045282    0.054200    0.306193 ^ _0707_/Y (sg13g2_inv_1)
                                                         _0178_ (net)
                      0.045282    0.000075    0.306268 ^ _0831_/A2 (sg13g2_a21oi_1)
     1    0.001657    0.015177    0.056436    0.362704 v _0831_/Y (sg13g2_a21oi_1)
                                                         _0036_ (net)
                      0.015177    0.000009    0.362713 v _1254_/D (sg13g2_dfrbpq_1)
                                              0.362713   data arrival time

                                  0.000000    0.000000   clock clk_i (rise edge)
                                  0.000000    0.000000   clock source latency
   170    0.801780    0.000000    0.000000    0.000000 ^ clk_i (in)
                                                         clk_i (net)
                      0.072544    0.036272    0.036272 ^ _1254_/CLK (sg13g2_dfrbpq_1)
                                  0.100000    0.136272   clock uncertainty
                                  0.000000    0.136272   clock reconvergence pessimism
                                 -0.021887    0.114385   library hold time
                                              0.114385   data required time
---------------------------------------------------------------------------------------------
                                              0.114385   data required time
                                             -0.362713   data arrival time
---------------------------------------------------------------------------------------------
                                              0.248328   slack (MET)


Startpoint: _1263_ (rising edge-triggered flip-flop clocked by clk_i)
Endpoint: _1263_ (rising edge-triggered flip-flop clocked by clk_i)
Path Group: clk_i
Path Type: min

Fanout         Cap        Slew       Delay        Time   Description
---------------------------------------------------------------------------------------------
                                  0.000000    0.000000   clock clk_i (rise edge)
                                  0.000000    0.000000   clock source latency
   170    0.725720    0.000000    0.000000    0.000000 ^ clk_i (in)
                                                         clk_i (net)
                      0.109505    0.054753    0.054753 ^ _1263_/CLK (sg13g2_dfrbpq_1)
     6    0.021303    0.073132    0.245495    0.300248 v _1263_/Q (sg13g2_dfrbpq_1)
                                                         u_boot_ctrl.word_cnt[4] (net)
                      0.073134    0.000458    0.300706 v _0857_/B1 (sg13g2_a21oi_1)
     1    0.002887    0.042488    0.053761    0.354467 ^ _0857_/Y (sg13g2_a21oi_1)
                                                         _0283_ (net)
                      0.042488    0.000021    0.354488 ^ _0860_/C (sg13g2_nor3_1)
     1    0.002670    0.022226    0.035275    0.389763 v _0860_/Y (sg13g2_nor3_1)
                                                         _0045_ (net)
                      0.022226    0.000029    0.389792 v _1263_/D (sg13g2_dfrbpq_1)
                                              0.389792   data arrival time

                                  0.000000    0.000000   clock clk_i (rise edge)
                                  0.000000    0.000000   clock source latency
   170    0.801780    0.000000    0.000000    0.000000 ^ clk_i (in)
                                                         clk_i (net)
                      0.120977    0.060488    0.060488 ^ _1263_/CLK (sg13g2_dfrbpq_1)
                                  0.100000    0.160488   clock uncertainty
                                 -0.005736    0.154753   clock reconvergence pessimism
                                 -0.014027    0.140725   library hold time
                                              0.140725   data required time
---------------------------------------------------------------------------------------------
                                              0.140725   data required time
                                             -0.389792   data arrival time
---------------------------------------------------------------------------------------------
                                              0.249067   slack (MET)


Startpoint: _1262_ (rising edge-triggered flip-flop clocked by clk_i)
Endpoint: _1262_ (rising edge-triggered flip-flop clocked by clk_i)
Path Group: clk_i
Path Type: min

Fanout         Cap        Slew       Delay        Time   Description
---------------------------------------------------------------------------------------------
                                  0.000000    0.000000   clock clk_i (rise edge)
                                  0.000000    0.000000   clock source latency
   170    0.725720    0.000000    0.000000    0.000000 ^ clk_i (in)
                                                         clk_i (net)
                      0.110923    0.055461    0.055461 ^ _1262_/CLK (sg13g2_dfrbpq_1)
     5    0.016508    0.058624    0.234457    0.289919 v _1262_/Q (sg13g2_dfrbpq_1)
                                                         u_boot_ctrl.word_cnt[3] (net)
                      0.058624    0.000043    0.289962 v _0854_/A (sg13g2_nor2_1)
     1    0.003163    0.046102    0.067095    0.357056 ^ _0854_/Y (sg13g2_nor2_1)
                                                         _0281_ (net)
                      0.046102    0.000029    0.357086 ^ _0856_/C (sg13g2_nor3_1)
     1    0.002060    0.021384    0.034884    0.391969 v _0856_/Y (sg13g2_nor3_1)
                                                         _0044_ (net)
                      0.021384    0.000017    0.391986 v _1262_/D (sg13g2_dfrbpq_1)
                                              0.391986   data arrival time

                                  0.000000    0.000000   clock clk_i (rise edge)
                                  0.000000    0.000000   clock source latency
   170    0.801780    0.000000    0.000000    0.000000 ^ clk_i (in)
                                                         clk_i (net)
                      0.122534    0.061267    0.061267 ^ _1262_/CLK (sg13g2_dfrbpq_1)
                                  0.100000    0.161267   clock uncertainty
                                 -0.005806    0.155461   clock reconvergence pessimism
                                 -0.013434    0.142028   library hold time
                                              0.142028   data required time
---------------------------------------------------------------------------------------------
                                              0.142028   data required time
                                             -0.391986   data arrival time
---------------------------------------------------------------------------------------------
                                              0.249958   slack (MET)


Startpoint: _1263_ (rising edge-triggered flip-flop clocked by clk_i)
Endpoint: _1233_ (rising edge-triggered flip-flop clocked by clk_i)
Path Group: clk_i
Path Type: min

Fanout         Cap        Slew       Delay        Time   Description
---------------------------------------------------------------------------------------------
                                  0.000000    0.000000   clock clk_i (rise edge)
                                  0.000000    0.000000   clock source latency
   170    0.725720    0.000000    0.000000    0.000000 ^ clk_i (in)
                                                         clk_i (net)
                      0.109505    0.054753    0.054753 ^ _1263_/CLK (sg13g2_dfrbpq_1)
     6    0.021303    0.073132    0.245495    0.300248 v _1263_/Q (sg13g2_dfrbpq_1)
                                                         u_boot_ctrl.word_cnt[4] (net)
                      0.073132    0.000061    0.300309 v _0776_/A (sg13g2_nor2b_1)
     1    0.002831    0.052114    0.062905    0.363214 ^ _0776_/Y (sg13g2_nor2b_1)
                                                         _0232_ (net)
                      0.052114    0.000020    0.363233 ^ _0778_/B (sg13g2_nor2_1)
     1    0.001669    0.018415    0.032937    0.396170 v _0778_/Y (sg13g2_nor2_1)
                                                         _0015_ (net)
                      0.018415    0.000009    0.396179 v _1233_/D (sg13g2_dfrbpq_1)
                                              0.396179   data arrival time

                                  0.000000    0.000000   clock clk_i (rise edge)
                                  0.000000    0.000000   clock source latency
   170    0.801780    0.000000    0.000000    0.000000 ^ clk_i (in)
                                                         clk_i (net)
                      0.118103    0.059052    0.059052 ^ _1233_/CLK (sg13g2_dfrbpq_1)
                                  0.100000    0.159051   clock uncertainty
                                  0.000000    0.159051   clock reconvergence pessimism
                                 -0.013410    0.145642   library hold time
                                              0.145642   data required time
---------------------------------------------------------------------------------------------
                                              0.145642   data required time
                                             -0.396179   data arrival time
---------------------------------------------------------------------------------------------
                                              0.250538   slack (MET)


Startpoint: _1261_ (rising edge-triggered flip-flop clocked by clk_i)
Endpoint: _1261_ (rising edge-triggered flip-flop clocked by clk_i)
Path Group: clk_i
Path Type: min

Fanout         Cap        Slew       Delay        Time   Description
---------------------------------------------------------------------------------------------
                                  0.000000    0.000000   clock clk_i (rise edge)
                                  0.000000    0.000000   clock source latency
   170    0.725720    0.000000    0.000000    0.000000 ^ clk_i (in)
                                                         clk_i (net)
                      0.110991    0.055496    0.055496 ^ _1261_/CLK (sg13g2_dfrbpq_1)
     6    0.019172    0.066660    0.240900    0.296396 v _1261_/Q (sg13g2_dfrbpq_1)
                                                         u_boot_ctrl.word_cnt[2] (net)
                      0.066660    0.000256    0.296652 v _0851_/A (sg13g2_nor2b_1)
     1    0.002781    0.041435    0.060607    0.357259 ^ _0851_/Y (sg13g2_nor2b_1)
                                                         _0279_ (net)
                      0.041435    0.000018    0.357277 ^ _0853_/C (sg13g2_nor3_1)
     1    0.002969    0.022779    0.035681    0.392958 v _0853_/Y (sg13g2_nor3_1)
                                                         _0043_ (net)
                      0.022779    0.000040    0.392998 v _1261_/D (sg13g2_dfrbpq_1)
                                              0.392998   data arrival time

                                  0.000000    0.000000   clock clk_i (rise edge)
                                  0.000000    0.000000   clock source latency
   170    0.801780    0.000000    0.000000    0.000000 ^ clk_i (in)
                                                         clk_i (net)
                      0.122623    0.061311    0.061311 ^ _1261_/CLK (sg13g2_dfrbpq_1)
                                  0.100000    0.161311   clock uncertainty
                                 -0.005816    0.155496   clock reconvergence pessimism
                                 -0.013861    0.141635   library hold time
                                              0.141635   data required time
---------------------------------------------------------------------------------------------
                                              0.141635   data required time
                                             -0.392998   data arrival time
---------------------------------------------------------------------------------------------
                                              0.251363   slack (MET)


Startpoint: _1265_ (rising edge-triggered flip-flop clocked by clk_i)
Endpoint: _1265_ (rising edge-triggered flip-flop clocked by clk_i)
Path Group: clk_i
Path Type: min

Fanout         Cap        Slew       Delay        Time   Description
---------------------------------------------------------------------------------------------
                                  0.000000    0.000000   clock clk_i (rise edge)
                                  0.000000    0.000000   clock source latency
   170    0.725720    0.000000    0.000000    0.000000 ^ clk_i (in)
                                                         clk_i (net)
                      0.109882    0.054941    0.054941 ^ _1265_/CLK (sg13g2_dfrbpq_1)
     6    0.021293    0.073045    0.245704    0.300645 v _1265_/Q (sg13g2_dfrbpq_1)
                                                         u_boot_ctrl.word_cnt[6] (net)
                      0.073046    0.000314    0.300960 v _0863_/B1 (sg13g2_a21oi_1)
     1    0.002830    0.042176    0.053456    0.354415 ^ _0863_/Y (sg13g2_a21oi_1)
                                                         _0287_ (net)
                      0.042176    0.000016    0.354431 ^ _0865_/B (sg13g2_nor3_1)
     1    0.002068    0.020542    0.038495    0.392926 v _0865_/Y (sg13g2_nor3_1)
                                                         _0047_ (net)
                      0.020542    0.000017    0.392943 v _1265_/D (sg13g2_dfrbpq_1)
                                              0.392943   data arrival time

                                  0.000000    0.000000   clock clk_i (rise edge)
                                  0.000000    0.000000   clock source latency
   170    0.801780    0.000000    0.000000    0.000000 ^ clk_i (in)
                                                         clk_i (net)
                      0.121394    0.060697    0.060697 ^ _1265_/CLK (sg13g2_dfrbpq_1)
                                  0.100000    0.160697   clock uncertainty
                                 -0.005756    0.154941   clock reconvergence pessimism
                                 -0.013402    0.141539   library hold time
                                              0.141539   data required time
---------------------------------------------------------------------------------------------
                                              0.141539   data required time
                                             -0.392943   data arrival time
---------------------------------------------------------------------------------------------
                                              0.251405   slack (MET)


Startpoint: _1395_ (rising edge-triggered flip-flop clocked by clk_i)
Endpoint: _1395_ (rising edge-triggered flip-flop clocked by clk_i)
Path Group: clk_i
Path Type: min

Fanout         Cap        Slew       Delay        Time   Description
---------------------------------------------------------------------------------------------
                                  0.000000    0.000000   clock clk_i (rise edge)
                                  0.000000    0.000000   clock source latency
   170    0.725720    0.000000    0.000000    0.000000 ^ clk_i (in)
                                                         clk_i (net)
                      0.102603    0.051301    0.051301 ^ _1395_/CLK (sg13g2_dfrbpq_1)
     4    0.014639    0.053070    0.227108    0.278409 v _1395_/Q (sg13g2_dfrbpq_1)
                                                         u_boot_ctrl.state[7] (net)
                      0.053070    0.000167    0.278576 v _0726_/A1 (sg13g2_a21o_1)
     1    0.002371    0.020921    0.109146    0.387722 v _0726_/X (sg13g2_a21o_1)
                                                         _0008_ (net)
                      0.020921    0.000024    0.387746 v _1395_/D (sg13g2_dfrbpq_1)
                                              0.387746   data arrival time

                                  0.000000    0.000000   clock clk_i (rise edge)
                                  0.000000    0.000000   clock source latency
   170    0.801780    0.000000    0.000000    0.000000 ^ clk_i (in)
                                                         clk_i (net)
                      0.113349    0.056675    0.056675 ^ _1395_/CLK (sg13g2_dfrbpq_1)
                                  0.100000    0.156675   clock uncertainty
                                 -0.005373    0.151301   clock reconvergence pessimism
                                 -0.015202    0.136099   library hold time
                                              0.136099   data required time
---------------------------------------------------------------------------------------------
                                              0.136099   data required time
                                             -0.387746   data arrival time
---------------------------------------------------------------------------------------------
                                              0.251647   slack (MET)


Startpoint: _1280_ (rising edge-triggered flip-flop clocked by clk_i)
Endpoint: _1250_ (rising edge-triggered flip-flop clocked by clk_i)
Path Group: clk_i
Path Type: min

Fanout         Cap        Slew       Delay        Time   Description
---------------------------------------------------------------------------------------------
                                  0.000000    0.000000   clock clk_i (rise edge)
                                  0.000000    0.000000   clock source latency
   170    0.725720    0.000000    0.000000    0.000000 ^ clk_i (in)
                                                         clk_i (net)
                      0.048021    0.024011    0.024011 ^ _1280_/CLK (sg13g2_dfrbpq_1)
     4    0.014870    0.053755    0.202123    0.226134 v _1280_/Q (sg13g2_dfrbpq_1)
                                                         u_boot_ctrl.word_cnt[21] (net)
                      0.053755    0.000217    0.226351 v _0710_/A (sg13g2_inv_1)
     3    0.011653    0.059465    0.064771    0.291121 ^ _0710_/Y (sg13g2_inv_1)
                                                         _0181_ (net)
                      0.059466    0.000136    0.291258 ^ _0823_/A2 (sg13g2_a21oi_1)
     1    0.001682    0.015904    0.061826    0.353084 v _0823_/Y (sg13g2_a21oi_1)
                                                         _0032_ (net)
                      0.015904    0.000010    0.353094 v _1250_/D (sg13g2_dfrbpq_1)
                                              0.353094   data arrival time

                                  0.000000    0.000000   clock clk_i (rise edge)
                                  0.000000    0.000000   clock source latency
   170    0.801780    0.000000    0.000000    0.000000 ^ clk_i (in)
                                                         clk_i (net)
                      0.052805    0.026403    0.026403 ^ _1250_/CLK (sg13g2_dfrbpq_1)
                                  0.100000    0.126402   clock uncertainty
                                  0.000000    0.126402   clock reconvergence pessimism
                                 -0.026239    0.100164   library hold time
                                              0.100164   data required time
---------------------------------------------------------------------------------------------
                                              0.100164   data required time
                                             -0.353094   data arrival time
---------------------------------------------------------------------------------------------
                                              0.252930   slack (MET)


Startpoint: _1292_ (rising edge-triggered flip-flop clocked by clk_i)
Endpoint: _1292_ (rising edge-triggered flip-flop clocked by clk_i)
Path Group: clk_i
Path Type: min

Fanout         Cap        Slew       Delay        Time   Description
---------------------------------------------------------------------------------------------
                                  0.000000    0.000000   clock clk_i (rise edge)
                                  0.000000    0.000000   clock source latency
   170    0.725720    0.000000    0.000000    0.000000 ^ clk_i (in)
                                                         clk_i (net)
                      0.083414    0.041707    0.041707 ^ _1292_/CLK (sg13g2_dfrbpq_1)
     5    0.016535    0.058713    0.223412    0.265119 v _1292_/Q (sg13g2_dfrbpq_1)
                                                         u_boot_ctrl.byte_cnt[1] (net)
                      0.058713    0.000193    0.265311 v _0972_/A1 (sg13g2_a22oi_1)
     1    0.002536    0.049423    0.077646    0.342957 ^ _0972_/Y (sg13g2_a22oi_1)
                                                         _0369_ (net)
                      0.049423    0.000012    0.342969 ^ _0974_/B (sg13g2_nor2_1)
     1    0.001873    0.019537    0.032737    0.375706 v _0974_/Y (sg13g2_nor2_1)
                                                         _0074_ (net)
                      0.019537    0.000013    0.375719 v _1292_/D (sg13g2_dfrbpq_1)
                                              0.375719   data arrival time

                                  0.000000    0.000000   clock clk_i (rise edge)
                                  0.000000    0.000000   clock source latency
   170    0.801780    0.000000    0.000000    0.000000 ^ clk_i (in)
                                                         clk_i (net)
                      0.092164    0.046082    0.046082 ^ _1292_/CLK (sg13g2_dfrbpq_1)
                                  0.100000    0.146082   clock uncertainty
                                 -0.004375    0.141707   clock reconvergence pessimism
                                 -0.019180    0.122527   library hold time
                                              0.122527   data required time
---------------------------------------------------------------------------------------------
                                              0.122527   data required time
                                             -0.375719   data arrival time
---------------------------------------------------------------------------------------------
                                              0.253192   slack (MET)


Startpoint: _1389_ (rising edge-triggered flip-flop clocked by clk_i)
Endpoint: _1392_ (rising edge-triggered flip-flop clocked by clk_i)
Path Group: clk_i
Path Type: min

Fanout         Cap        Slew       Delay        Time   Description
---------------------------------------------------------------------------------------------
                                  0.000000    0.000000   clock clk_i (rise edge)
                                  0.000000    0.000000   clock source latency
   170    0.725720    0.000000    0.000000    0.000000 ^ clk_i (in)
                                                         clk_i (net)
                      0.106044    0.053022    0.053022 ^ _1389_/CLK (sg13g2_dfrbpq_1)
     3    0.013042    0.048328    0.224305    0.277327 v _1389_/Q (sg13g2_dfrbpq_1)
                                                         u_boot_ctrl.state[1] (net)
                      0.048329    0.000322    0.277649 v _0752_/B1 (sg13g2_o21ai_1)
     1    0.007396    0.050534    0.059501    0.337150 ^ _0752_/Y (sg13g2_o21ai_1)
                                                         _0216_ (net)
                      0.050554    0.000216    0.337367 ^ _0755_/A1 (sg13g2_a21oi_1)
     1    0.001719    0.035998    0.054636    0.392003 v _0755_/Y (sg13g2_a21oi_1)
                                                         _0006_ (net)
                      0.035998    0.000011    0.392013 v _1392_/D (sg13g2_dfrbpq_1)
                                              0.392013   data arrival time

                                  0.000000    0.000000   clock clk_i (rise edge)
                                  0.000000    0.000000   clock source latency
   170    0.801780    0.000000    0.000000    0.000000 ^ clk_i (in)
                                                         clk_i (net)
                      0.115762    0.057881    0.057881 ^ _1392_/CLK (sg13g2_dfrbpq_1)
                                  0.100000    0.157881   clock uncertainty
                                  0.000000    0.157881   clock reconvergence pessimism
                                 -0.019512    0.138369   library hold time
                                              0.138369   data required time
---------------------------------------------------------------------------------------------
                                              0.138369   data required time
                                             -0.392013   data arrival time
---------------------------------------------------------------------------------------------
                                              0.253644   slack (MET)


Startpoint: _1265_ (rising edge-triggered flip-flop clocked by clk_i)
Endpoint: _1235_ (rising edge-triggered flip-flop clocked by clk_i)
Path Group: clk_i
Path Type: min

Fanout         Cap        Slew       Delay        Time   Description
---------------------------------------------------------------------------------------------
                                  0.000000    0.000000   clock clk_i (rise edge)
                                  0.000000    0.000000   clock source latency
   170    0.725720    0.000000    0.000000    0.000000 ^ clk_i (in)
                                                         clk_i (net)
                      0.109882    0.054941    0.054941 ^ _1265_/CLK (sg13g2_dfrbpq_1)
     6    0.021293    0.073045    0.245704    0.300645 v _1265_/Q (sg13g2_dfrbpq_1)
                                                         u_boot_ctrl.word_cnt[6] (net)
                      0.073045    0.000119    0.300764 v _0782_/A (sg13g2_nor2b_1)
     1    0.003210    0.054754    0.065272    0.366036 ^ _0782_/Y (sg13g2_nor2b_1)
                                                         _0236_ (net)
                      0.054754    0.000031    0.366067 ^ _0784_/B (sg13g2_nor2_1)
     1    0.001719    0.018585    0.033822    0.399889 v _0784_/Y (sg13g2_nor2_1)
                                                         _0017_ (net)
                      0.018585    0.000010    0.399899 v _1235_/D (sg13g2_dfrbpq_1)
                                              0.399899   data arrival time

                                  0.000000    0.000000   clock clk_i (rise edge)
                                  0.000000    0.000000   clock source latency
   170    0.801780    0.000000    0.000000    0.000000 ^ clk_i (in)
                                                         clk_i (net)
                      0.118612    0.059306    0.059306 ^ _1235_/CLK (sg13g2_dfrbpq_1)
                                  0.100000    0.159306   clock uncertainty
                                  0.000000    0.159306   clock reconvergence pessimism
                                 -0.013358    0.145948   library hold time
                                              0.145948   data required time
---------------------------------------------------------------------------------------------
                                              0.145948   data required time
                                             -0.399899   data arrival time
---------------------------------------------------------------------------------------------
                                              0.253951   slack (MET)


Startpoint: _1367_ (rising edge-triggered flip-flop clocked by clk_i)
Endpoint: _1367_ (rising edge-triggered flip-flop clocked by clk_i)
Path Group: clk_i
Path Type: min

Fanout         Cap        Slew       Delay        Time   Description
---------------------------------------------------------------------------------------------
                                  0.000000    0.000000   clock clk_i (rise edge)
                                  0.000000    0.000000   clock source latency
   170    0.725720    0.000000    0.000000    0.000000 ^ clk_i (in)
                                                         clk_i (net)
                      0.054458    0.027229    0.027229 ^ _1367_/CLK (sg13g2_dfrbpq_1)
     7    0.021495    0.073575    0.221467    0.248696 v _1367_/Q (sg13g2_dfrbpq_1)
                                                         u_spi.bit_cnt[0] (net)
                      0.073575    0.000097    0.248793 v _1167_/B (sg13g2_nand2_1)
     1    0.003170    0.036953    0.051998    0.300791 ^ _1167_/Y (sg13g2_nand2_1)
                                                         _0490_ (net)
                      0.036953    0.000023    0.300814 ^ _1168_/A2 (sg13g2_a21oi_1)
     1    0.002071    0.021726    0.055116    0.355930 v _1168_/Y (sg13g2_a21oi_1)
                                                         _0149_ (net)
                      0.021726    0.000017    0.355947 v _1367_/D (sg13g2_dfrbpq_1)
                                              0.355947   data arrival time

                                  0.000000    0.000000   clock clk_i (rise edge)
                                  0.000000    0.000000   clock source latency
   170    0.801780    0.000000    0.000000    0.000000 ^ clk_i (in)
                                                         clk_i (net)
                      0.060152    0.030076    0.030076 ^ _1367_/CLK (sg13g2_dfrbpq_1)
                                  0.100000    0.130076   clock uncertainty
                                 -0.002847    0.127229   clock reconvergence pessimism
                                 -0.026556    0.100674   library hold time
                                              0.100674   data required time
---------------------------------------------------------------------------------------------
                                              0.100674   data required time
                                             -0.355947   data arrival time
---------------------------------------------------------------------------------------------
                                              0.255274   slack (MET)


Startpoint: _1279_ (rising edge-triggered flip-flop clocked by clk_i)
Endpoint: _1249_ (rising edge-triggered flip-flop clocked by clk_i)
Path Group: clk_i
Path Type: min

Fanout         Cap        Slew       Delay        Time   Description
---------------------------------------------------------------------------------------------
                                  0.000000    0.000000   clock clk_i (rise edge)
                                  0.000000    0.000000   clock source latency
   170    0.725720    0.000000    0.000000    0.000000 ^ clk_i (in)
                                                         clk_i (net)
                      0.048003    0.024002    0.024002 ^ _1279_/CLK (sg13g2_dfrbpq_1)
     5    0.018057    0.063295    0.209848    0.233849 v _1279_/Q (sg13g2_dfrbpq_1)
                                                         u_boot_ctrl.word_cnt[20] (net)
                      0.063295    0.000180    0.234029 v _0711_/A (sg13g2_inv_1)
     3    0.011732    0.061458    0.068745    0.302774 ^ _0711_/Y (sg13g2_inv_1)
                                                         _0182_ (net)
                      0.061476    0.000138    0.302912 ^ _0821_/A2 (sg13g2_a21oi_1)
     1    0.001916    0.016180    0.063614    0.366526 v _0821_/Y (sg13g2_a21oi_1)
                                                         _0031_ (net)
                      0.016180    0.000014    0.366540 v _1249_/D (sg13g2_dfrbpq_1)
                                              0.366540   data arrival time

                                  0.000000    0.000000   clock clk_i (rise edge)
                                  0.000000    0.000000   clock source latency
   170    0.801780    0.000000    0.000000    0.000000 ^ clk_i (in)
                                                         clk_i (net)
                      0.068017    0.034008    0.034008 ^ _1249_/CLK (sg13g2_dfrbpq_1)
                                  0.100000    0.134008   clock uncertainty
                                  0.000000    0.134008   clock reconvergence pessimism
                                 -0.023151    0.110857   library hold time
                                              0.110857   data required time
---------------------------------------------------------------------------------------------
                                              0.110857   data required time
                                             -0.366540   data arrival time
---------------------------------------------------------------------------------------------
                                              0.255682   slack (MET)


Startpoint: _1266_ (rising edge-triggered flip-flop clocked by clk_i)
Endpoint: _1266_ (rising edge-triggered flip-flop clocked by clk_i)
Path Group: clk_i
Path Type: min

Fanout         Cap        Slew       Delay        Time   Description
---------------------------------------------------------------------------------------------
                                  0.000000    0.000000   clock clk_i (rise edge)
                                  0.000000    0.000000   clock source latency
   170    0.725720    0.000000    0.000000    0.000000 ^ clk_i (in)
                                                         clk_i (net)
                      0.109174    0.054587    0.054587 ^ _1266_/CLK (sg13g2_dfrbpq_1)
     5    0.018344    0.064194    0.238235    0.292822 v _1266_/Q (sg13g2_dfrbpq_1)
                                                         u_boot_ctrl.word_cnt[7] (net)
                      0.064194    0.000326    0.293147 v _0866_/A (sg13g2_nor2_1)
     1    0.003238    0.046202    0.069290    0.362437 ^ _0866_/Y (sg13g2_nor2_1)
                                                         _0289_ (net)
                      0.046202    0.000033    0.362471 ^ _0868_/C (sg13g2_nor3_1)
     1    0.001859    0.020888    0.034400    0.396871 v _0868_/Y (sg13g2_nor3_1)
                                                         _0048_ (net)
                      0.020888    0.000013    0.396884 v _1266_/D (sg13g2_dfrbpq_1)
                                              0.396884   data arrival time

                                  0.000000    0.000000   clock clk_i (rise edge)
                                  0.000000    0.000000   clock source latency
   170    0.801780    0.000000    0.000000    0.000000 ^ clk_i (in)
                                                         clk_i (net)
                      0.120607    0.060303    0.060303 ^ _1266_/CLK (sg13g2_dfrbpq_1)
                                  0.100000    0.160303   clock uncertainty
                                 -0.005716    0.154587   clock reconvergence pessimism
                                 -0.013677    0.140910   library hold time
                                              0.140910   data required time
---------------------------------------------------------------------------------------------
                                              0.140910   data required time
                                             -0.396884   data arrival time
---------------------------------------------------------------------------------------------
                                              0.255974   slack (MET)


Startpoint: _1273_ (rising edge-triggered flip-flop clocked by clk_i)
Endpoint: _1273_ (rising edge-triggered flip-flop clocked by clk_i)
Path Group: clk_i
Path Type: min

Fanout         Cap        Slew       Delay        Time   Description
---------------------------------------------------------------------------------------------
                                  0.000000    0.000000   clock clk_i (rise edge)
                                  0.000000    0.000000   clock source latency
   170    0.725720    0.000000    0.000000    0.000000 ^ clk_i (in)
                                                         clk_i (net)
                      0.069842    0.034921    0.034921 ^ _1273_/CLK (sg13g2_dfrbpq_1)
     7    0.025452    0.083919    0.238113    0.273034 v _1273_/Q (sg13g2_dfrbpq_1)
                                                         u_boot_ctrl.word_cnt[14] (net)
                      0.083919    0.000294    0.273328 v _0888_/B1 (sg13g2_a21oi_1)
     1    0.002992    0.045244    0.057581    0.330909 ^ _0888_/Y (sg13g2_a21oi_1)
                                                         _0304_ (net)
                      0.045244    0.000020    0.330929 ^ _0891_/B (sg13g2_nor3_1)
     1    0.002314    0.020516    0.040250    0.371178 v _0891_/Y (sg13g2_nor3_1)
                                                         _0055_ (net)
                      0.020516    0.000023    0.371201 v _1273_/D (sg13g2_dfrbpq_1)
                                              0.371201   data arrival time

                                  0.000000    0.000000   clock clk_i (rise edge)
                                  0.000000    0.000000   clock source latency
   170    0.801780    0.000000    0.000000    0.000000 ^ clk_i (in)
                                                         clk_i (net)
                      0.077170    0.038585    0.038585 ^ _1273_/CLK (sg13g2_dfrbpq_1)
                                  0.100000    0.138585   clock uncertainty
                                 -0.003664    0.134921   clock reconvergence pessimism
                                 -0.022621    0.112301   library hold time
                                              0.112301   data required time
---------------------------------------------------------------------------------------------
                                              0.112301   data required time
                                             -0.371201   data arrival time
---------------------------------------------------------------------------------------------
                                              0.258901   slack (MET)


Startpoint: _1260_ (rising edge-triggered flip-flop clocked by clk_i)
Endpoint: _1230_ (rising edge-triggered flip-flop clocked by clk_i)
Path Group: clk_i
Path Type: min

Fanout         Cap        Slew       Delay        Time   Description
---------------------------------------------------------------------------------------------
                                  0.000000    0.000000   clock clk_i (rise edge)
                                  0.000000    0.000000   clock source latency
   170    0.725720    0.000000    0.000000    0.000000 ^ clk_i (in)
                                                         clk_i (net)
                      0.110593    0.055296    0.055296 ^ _1260_/CLK (sg13g2_dfrbpq_1)
     7    0.022664    0.076722    0.249271    0.304568 v _1260_/Q (sg13g2_dfrbpq_1)
                                                         u_boot_ctrl.word_cnt[1] (net)
                      0.076722    0.000082    0.304649 v _0767_/A (sg13g2_nor2b_1)
     1    0.003208    0.055455    0.066394    0.371044 ^ _0767_/Y (sg13g2_nor2b_1)
                                                         _0226_ (net)
                      0.055455    0.000031    0.371075 ^ _0769_/B (sg13g2_nor2_1)
     1    0.001788    0.018681    0.034215    0.405290 v _0769_/Y (sg13g2_nor2_1)
                                                         _0012_ (net)
                      0.018681    0.000012    0.405302 v _1230_/D (sg13g2_dfrbpq_1)
                                              0.405302   data arrival time

                                  0.000000    0.000000   clock clk_i (rise edge)
                                  0.000000    0.000000   clock source latency
   170    0.801780    0.000000    0.000000    0.000000 ^ clk_i (in)
                                                         clk_i (net)
                      0.119078    0.059539    0.059539 ^ _1230_/CLK (sg13g2_dfrbpq_1)
                                  0.100000    0.159539   clock uncertainty
                                  0.000000    0.159539   clock reconvergence pessimism
                                 -0.013292    0.146247   library hold time
                                              0.146247   data required time
---------------------------------------------------------------------------------------------
                                              0.146247   data required time
                                             -0.405302   data arrival time
---------------------------------------------------------------------------------------------
                                              0.259055   slack (MET)


Startpoint: _1391_ (rising edge-triggered flip-flop clocked by clk_i)
Endpoint: _1325_ (rising edge-triggered flip-flop clocked by clk_i)
Path Group: clk_i
Path Type: min

Fanout         Cap        Slew       Delay        Time   Description
---------------------------------------------------------------------------------------------
                                  0.000000    0.000000   clock clk_i (rise edge)
                                  0.000000    0.000000   clock source latency
   170    0.725720    0.000000    0.000000    0.000000 ^ clk_i (in)
                                                         clk_i (net)
                      0.048201    0.024101    0.024101 ^ _1391_/CLK (sg13g2_dfrbpq_1)
     4    0.014056    0.051295    0.200308    0.224409 v _1391_/Q (sg13g2_dfrbpq_1)
                                                         u_boot_ctrl.state[3] (net)
                      0.051295    0.000259    0.224668 v _1071_/B (sg13g2_nor2_1)
     1    0.003104    0.049481    0.057952    0.282620 ^ _1071_/Y (sg13g2_nor2_1)
                                                         _0435_ (net)
                      0.049481    0.000022    0.282642 ^ _1072_/A2 (sg13g2_a21oi_1)
     1    0.003830    0.044909    0.067485    0.350127 v _1072_/Y (sg13g2_a21oi_1)
                                                         _0107_ (net)
                      0.044909    0.000064    0.350192 v _1325_/D (sg13g2_dfrbpq_1)
                                              0.350192   data arrival time

                                  0.000000    0.000000   clock clk_i (rise edge)
                                  0.000000    0.000000   clock source latency
   170    0.801780    0.000000    0.000000    0.000000 ^ clk_i (in)
                                                         clk_i (net)
                      0.053000    0.026500    0.026500 ^ _1325_/CLK (sg13g2_dfrbpq_1)
                                  0.100000    0.126500   clock uncertainty
                                  0.000000    0.126500   clock reconvergence pessimism
                                 -0.035412    0.091088   library hold time
                                              0.091088   data required time
---------------------------------------------------------------------------------------------
                                              0.091088   data required time
                                             -0.350192   data arrival time
---------------------------------------------------------------------------------------------
                                              0.259104   slack (MET)


Startpoint: _1273_ (rising edge-triggered flip-flop clocked by clk_i)
Endpoint: _1243_ (rising edge-triggered flip-flop clocked by clk_i)
Path Group: clk_i
Path Type: min

Fanout         Cap        Slew       Delay        Time   Description
---------------------------------------------------------------------------------------------
                                  0.000000    0.000000   clock clk_i (rise edge)
                                  0.000000    0.000000   clock source latency
   170    0.725720    0.000000    0.000000    0.000000 ^ clk_i (in)
                                                         clk_i (net)
                      0.069842    0.034921    0.034921 ^ _1273_/CLK (sg13g2_dfrbpq_1)
     7    0.025452    0.083919    0.238113    0.273034 v _1273_/Q (sg13g2_dfrbpq_1)
                                                         u_boot_ctrl.word_cnt[14] (net)
                      0.083919    0.000341    0.273375 v _0806_/A (sg13g2_nor2b_1)
     1    0.003151    0.056466    0.068258    0.341633 ^ _0806_/Y (sg13g2_nor2b_1)
                                                         _0252_ (net)
                      0.056466    0.000029    0.341661 ^ _0808_/B (sg13g2_nor2_1)
     1    0.001941    0.018714    0.034938    0.376599 v _0808_/Y (sg13g2_nor2_1)
                                                         _0025_ (net)
                      0.018714    0.000014    0.376613 v _1243_/D (sg13g2_dfrbpq_1)
                                              0.376613   data arrival time

                                  0.000000    0.000000   clock clk_i (rise edge)
                                  0.000000    0.000000   clock source latency
   170    0.801780    0.000000    0.000000    0.000000 ^ clk_i (in)
                                                         clk_i (net)
                      0.078067    0.039033    0.039033 ^ _1243_/CLK (sg13g2_dfrbpq_1)
                                  0.100000    0.139033   clock uncertainty
                                  0.000000    0.139033   clock reconvergence pessimism
                                 -0.021860    0.117173   library hold time
                                              0.117173   data required time
---------------------------------------------------------------------------------------------
                                              0.117173   data required time
                                             -0.376613   data arrival time
---------------------------------------------------------------------------------------------
                                              0.259440   slack (MET)


Startpoint: _1268_ (rising edge-triggered flip-flop clocked by clk_i)
Endpoint: _1268_ (rising edge-triggered flip-flop clocked by clk_i)
Path Group: clk_i
Path Type: min

Fanout         Cap        Slew       Delay        Time   Description
---------------------------------------------------------------------------------------------
                                  0.000000    0.000000   clock clk_i (rise edge)
                                  0.000000    0.000000   clock source latency
   170    0.725720    0.000000    0.000000    0.000000 ^ clk_i (in)
                                                         clk_i (net)
                      0.110904    0.055452    0.055452 ^ _1268_/CLK (sg13g2_dfrbpq_1)
     6    0.025759    0.084780    0.256511    0.311963 v _1268_/Q (sg13g2_dfrbpq_1)
                                                         u_boot_ctrl.word_cnt[9] (net)
                      0.084780    0.000245    0.312208 v _0872_/B1 (sg13g2_a21oi_1)
     1    0.002785    0.044374    0.056810    0.369018 ^ _0872_/Y (sg13g2_a21oi_1)
                                                         _0293_ (net)
                      0.044374    0.000019    0.369037 ^ _0874_/C (sg13g2_nor3_1)
     1    0.001935    0.020721    0.034021    0.403058 v _0874_/Y (sg13g2_nor3_1)
                                                         _0050_ (net)
                      0.020721    0.000015    0.403072 v _1268_/D (sg13g2_dfrbpq_1)
                                              0.403072   data arrival time

                                  0.000000    0.000000   clock clk_i (rise edge)
                                  0.000000    0.000000   clock source latency
   170    0.801780    0.000000    0.000000    0.000000 ^ clk_i (in)
                                                         clk_i (net)
                      0.122513    0.061256    0.061256 ^ _1268_/CLK (sg13g2_dfrbpq_1)
                                  0.100000    0.161256   clock uncertainty
                                 -0.005805    0.155452   clock reconvergence pessimism
                                 -0.013226    0.142225   library hold time
                                              0.142225   data required time
---------------------------------------------------------------------------------------------
                                              0.142225   data required time
                                             -0.403072   data arrival time
---------------------------------------------------------------------------------------------
                                              0.260847   slack (MET)


Startpoint: _1269_ (rising edge-triggered flip-flop clocked by clk_i)
Endpoint: _1269_ (rising edge-triggered flip-flop clocked by clk_i)
Path Group: clk_i
Path Type: min

Fanout         Cap        Slew       Delay        Time   Description
---------------------------------------------------------------------------------------------
                                  0.000000    0.000000   clock clk_i (rise edge)
                                  0.000000    0.000000   clock source latency
   170    0.725720    0.000000    0.000000    0.000000 ^ clk_i (in)
                                                         clk_i (net)
                      0.111180    0.055590    0.055590 ^ _1269_/CLK (sg13g2_dfrbpq_1)
     7    0.024686    0.106116    0.267708    0.323298 ^ _1269_/Q (sg13g2_dfrbpq_1)
                                                         u_boot_ctrl.word_cnt[10] (net)
                      0.106117    0.000471    0.323770 ^ _0876_/A1 (sg13g2_a21oi_1)
     1    0.002889    0.021258    0.080145    0.403915 v _0876_/Y (sg13g2_a21oi_1)
                                                         _0051_ (net)
                      0.021258    0.000038    0.403953 v _1269_/D (sg13g2_dfrbpq_1)
                                              0.403953   data arrival time

                                  0.000000    0.000000   clock clk_i (rise edge)
                                  0.000000    0.000000   clock source latency
   170    0.801780    0.000000    0.000000    0.000000 ^ clk_i (in)
                                                         clk_i (net)
                      0.122819    0.061410    0.061410 ^ _1269_/CLK (sg13g2_dfrbpq_1)
                                  0.100000    0.161410   clock uncertainty
                                 -0.005819    0.155590   clock reconvergence pessimism
                                 -0.013334    0.142256   library hold time
                                              0.142256   data required time
---------------------------------------------------------------------------------------------
                                              0.142256   data required time
                                             -0.403953   data arrival time
---------------------------------------------------------------------------------------------
                                              0.261697   slack (MET)


Startpoint: _1366_ (rising edge-triggered flip-flop clocked by clk_i)
Endpoint: _1366_ (rising edge-triggered flip-flop clocked by clk_i)
Path Group: clk_i
Path Type: min

Fanout         Cap        Slew       Delay        Time   Description
---------------------------------------------------------------------------------------------
                                  0.000000    0.000000   clock clk_i (rise edge)
                                  0.000000    0.000000   clock source latency
   170    0.725720    0.000000    0.000000    0.000000 ^ clk_i (in)
                                                         clk_i (net)
                      0.059126    0.029563    0.029563 ^ _1366_/CLK (sg13g2_dfrbpq_1)
     3    0.008484    0.034908    0.192046    0.221609 v _1366_/Q (sg13g2_dfrbpq_1)
                                                         u_spi.bit_cnt[3] (net)
                      0.034908    0.000059    0.221668 v _1165_/B2 (sg13g2_a221oi_1)
     1    0.003677    0.075454    0.103328    0.324996 ^ _1165_/Y (sg13g2_a221oi_1)
                                                         _0489_ (net)
                      0.075454    0.000044    0.325040 ^ _1166_/B (sg13g2_nor2_1)
     1    0.001792    0.024513    0.039903    0.364943 v _1166_/Y (sg13g2_nor2_1)
                                                         _0148_ (net)
                      0.024513    0.000012    0.364955 v _1366_/D (sg13g2_dfrbpq_1)
                                              0.364955   data arrival time

                                  0.000000    0.000000   clock clk_i (rise edge)
                                  0.000000    0.000000   clock source latency
   170    0.801780    0.000000    0.000000    0.000000 ^ clk_i (in)
                                                         clk_i (net)
                      0.065310    0.032655    0.032655 ^ _1366_/CLK (sg13g2_dfrbpq_1)
                                  0.100000    0.132655   clock uncertainty
                                 -0.003092    0.129563   clock reconvergence pessimism
                                 -0.026366    0.103197   library hold time
                                              0.103197   data required time
---------------------------------------------------------------------------------------------
                                              0.103197   data required time
                                             -0.364955   data arrival time
---------------------------------------------------------------------------------------------
                                              0.261758   slack (MET)


Startpoint: _1275_ (rising edge-triggered flip-flop clocked by clk_i)
Endpoint: _1245_ (rising edge-triggered flip-flop clocked by clk_i)
Path Group: clk_i
Path Type: min

Fanout         Cap        Slew       Delay        Time   Description
---------------------------------------------------------------------------------------------
                                  0.000000    0.000000   clock clk_i (rise edge)
                                  0.000000    0.000000   clock source latency
   170    0.725720    0.000000    0.000000    0.000000 ^ clk_i (in)
                                                         clk_i (net)
                      0.104200    0.052100    0.052100 ^ _1275_/CLK (sg13g2_dfrbpq_1)
     7    0.025930    0.085350    0.254534    0.306634 v _1275_/Q (sg13g2_dfrbpq_1)
                                                         u_boot_ctrl.word_cnt[16] (net)
                      0.085350    0.000064    0.306698 v _0811_/A (sg13g2_nor2b_1)
     1    0.002999    0.055700    0.067729    0.374427 ^ _0811_/Y (sg13g2_nor2b_1)
                                                         _0255_ (net)
                      0.055700    0.000024    0.374451 ^ _0813_/B (sg13g2_nor2_1)
     1    0.001701    0.019080    0.034038    0.408489 v _0813_/Y (sg13g2_nor2_1)
                                                         _0027_ (net)
                      0.019080    0.000010    0.408499 v _1245_/D (sg13g2_dfrbpq_1)
                                              0.408499   data arrival time

                                  0.000000    0.000000   clock clk_i (rise edge)
                                  0.000000    0.000000   clock source latency
   170    0.801780    0.000000    0.000000    0.000000 ^ clk_i (in)
                                                         clk_i (net)
                      0.118963    0.059482    0.059482 ^ _1245_/CLK (sg13g2_dfrbpq_1)
                                  0.100000    0.159482   clock uncertainty
                                  0.000000    0.159482   clock reconvergence pessimism
                                 -0.013443    0.146039   library hold time
                                              0.146039   data required time
---------------------------------------------------------------------------------------------
                                              0.146039   data required time
                                             -0.408499   data arrival time
---------------------------------------------------------------------------------------------
                                              0.262460   slack (MET)


Startpoint: _1282_ (rising edge-triggered flip-flop clocked by clk_i)
Endpoint: _1252_ (rising edge-triggered flip-flop clocked by clk_i)
Path Group: clk_i
Path Type: min

Fanout         Cap        Slew       Delay        Time   Description
---------------------------------------------------------------------------------------------
                                  0.000000    0.000000   clock clk_i (rise edge)
                                  0.000000    0.000000   clock source latency
   170    0.725720    0.000000    0.000000    0.000000 ^ clk_i (in)
                                                         clk_i (net)
                      0.064101    0.032050    0.032050 ^ _1282_/CLK (sg13g2_dfrbpq_1)
     4    0.012691    0.047251    0.204682    0.236732 v _1282_/Q (sg13g2_dfrbpq_1)
                                                         u_boot_ctrl.word_cnt[23] (net)
                      0.047251    0.000149    0.236882 v _0708_/A (sg13g2_inv_1)
     3    0.014376    0.069085    0.071035    0.307917 ^ _0708_/Y (sg13g2_inv_1)
                                                         _0179_ (net)
                      0.069086    0.000238    0.308155 ^ _0827_/A2 (sg13g2_a21oi_1)
     1    0.002218    0.016872    0.067803    0.375959 v _0827_/Y (sg13g2_a21oi_1)
                                                         _0034_ (net)
                      0.016872    0.000020    0.375978 v _1252_/D (sg13g2_dfrbpq_1)
                                              0.375978   data arrival time

                                  0.000000    0.000000   clock clk_i (rise edge)
                                  0.000000    0.000000   clock source latency
   170    0.801780    0.000000    0.000000    0.000000 ^ clk_i (in)
                                                         clk_i (net)
                      0.069028    0.034514    0.034514 ^ _1252_/CLK (sg13g2_dfrbpq_1)
                                  0.100000    0.134514   clock uncertainty
                                  0.000000    0.134514   clock reconvergence pessimism
                                 -0.023160    0.111354   library hold time
                                              0.111354   data required time
---------------------------------------------------------------------------------------------
                                              0.111354   data required time
                                             -0.375978   data arrival time
---------------------------------------------------------------------------------------------
                                              0.264624   slack (MET)


Startpoint: _1386_ (rising edge-triggered flip-flop clocked by clk_i)
Endpoint: spi_sclk (output port clocked by clk_i)
Path Group: clk_i
Path Type: min

Fanout         Cap        Slew       Delay        Time   Description
---------------------------------------------------------------------------------------------
                                  0.000000    0.000000   clock clk_i (rise edge)
                                  0.000000    0.000000   clock source latency
   170    0.725720    0.000000    0.000000    0.000000 ^ clk_i (in)
                                                         clk_i (net)
                      0.043690    0.021845    0.021845 ^ _1386_/CLK (sg13g2_dfrbpq_1)
    12    0.078887    0.244167    0.344200    0.366045 v _1386_/Q (sg13g2_dfrbpq_1)
                                                         spi_sclk (net)
                      0.244167    0.000000    0.366045 v spi_sclk (out)
                                              0.366045   data arrival time

                                  0.000000    0.000000   clock clk_i (rise edge)
                                  0.000000    0.000000   clock network delay (propagated)
                                  0.100000    0.100000   clock uncertainty
                                  0.000000    0.100000   clock reconvergence pessimism
                                  0.000000    0.100000   output external delay
                                              0.100000   data required time
---------------------------------------------------------------------------------------------
                                              0.100000   data required time
                                             -0.366045   data arrival time
---------------------------------------------------------------------------------------------
                                              0.266045   slack (MET)


Startpoint: _1269_ (rising edge-triggered flip-flop clocked by clk_i)
Endpoint: _1239_ (rising edge-triggered flip-flop clocked by clk_i)
Path Group: clk_i
Path Type: min

Fanout         Cap        Slew       Delay        Time   Description
---------------------------------------------------------------------------------------------
                                  0.000000    0.000000   clock clk_i (rise edge)
                                  0.000000    0.000000   clock source latency
   170    0.725720    0.000000    0.000000    0.000000 ^ clk_i (in)
                                                         clk_i (net)
                      0.111180    0.055590    0.055590 ^ _1269_/CLK (sg13g2_dfrbpq_1)
     7    0.024440    0.080868    0.253521    0.309111 v _1269_/Q (sg13g2_dfrbpq_1)
                                                         u_boot_ctrl.word_cnt[10] (net)
                      0.080868    0.000260    0.309371 v _0794_/A (sg13g2_nor2b_1)
     1    0.003391    0.057530    0.068840    0.378211 ^ _0794_/Y (sg13g2_nor2b_1)
                                                         _0244_ (net)
                      0.057530    0.000037    0.378248 ^ _0796_/B (sg13g2_nor2_1)
     1    0.002397    0.019957    0.036545    0.414793 v _0796_/Y (sg13g2_nor2_1)
                                                         _0021_ (net)
                      0.019957    0.000024    0.414816 v _1239_/D (sg13g2_dfrbpq_1)
                                              0.414816   data arrival time

                                  0.000000    0.000000   clock clk_i (rise edge)
                                  0.000000    0.000000   clock source latency
   170    0.801780    0.000000    0.000000    0.000000 ^ clk_i (in)
                                                         clk_i (net)
                      0.123069    0.061534    0.061534 ^ _1239_/CLK (sg13g2_dfrbpq_1)
                                  0.100000    0.161534   clock uncertainty
                                  0.000000    0.161534   clock reconvergence pessimism
                                 -0.012866    0.148668   library hold time
                                              0.148668   data required time
---------------------------------------------------------------------------------------------
                                              0.148668   data required time
                                             -0.414816   data arrival time
---------------------------------------------------------------------------------------------
                                              0.266148   slack (MET)


Startpoint: _1285_ (rising edge-triggered flip-flop clocked by clk_i)
Endpoint: _1285_ (rising edge-triggered flip-flop clocked by clk_i)
Path Group: clk_i
Path Type: min

Fanout         Cap        Slew       Delay        Time   Description
---------------------------------------------------------------------------------------------
                                  0.000000    0.000000   clock clk_i (rise edge)
                                  0.000000    0.000000   clock source latency
   170    0.725720    0.000000    0.000000    0.000000 ^ clk_i (in)
                                                         clk_i (net)
                      0.068064    0.034032    0.034032 ^ _1285_/CLK (sg13g2_dfrbpq_1)
     5    0.016177    0.057632    0.215094    0.249126 v _1285_/Q (sg13g2_dfrbpq_1)
                                                         u_boot_ctrl.word_cnt[26] (net)
                      0.057632    0.000061    0.249187 v _0706_/A (sg13g2_inv_1)
     2    0.007409    0.043717    0.051910    0.301097 ^ _0706_/Y (sg13g2_inv_1)
                                                         _0177_ (net)
                      0.043717    0.000025    0.301122 ^ _0940_/A1 (sg13g2_a221oi_1)
     1    0.002596    0.046410    0.067868    0.368990 v _0940_/Y (sg13g2_a221oi_1)
                                                         _0067_ (net)
                      0.046410    0.000028    0.369018 v _1285_/D (sg13g2_dfrbpq_1)
                                              0.369018   data arrival time

                                  0.000000    0.000000   clock clk_i (rise edge)
                                  0.000000    0.000000   clock source latency
   170    0.801780    0.000000    0.000000    0.000000 ^ clk_i (in)
                                                         clk_i (net)
                      0.075198    0.037599    0.037599 ^ _1285_/CLK (sg13g2_dfrbpq_1)
                                  0.100000    0.137599   clock uncertainty
                                 -0.003567    0.134032   clock reconvergence pessimism
                                 -0.031272    0.102760   library hold time
                                              0.102760   data required time
---------------------------------------------------------------------------------------------
                                              0.102760   data required time
                                             -0.369018   data arrival time
---------------------------------------------------------------------------------------------
                                              0.266258   slack (MET)


Startpoint: _1279_ (rising edge-triggered flip-flop clocked by clk_i)
Endpoint: _1279_ (rising edge-triggered flip-flop clocked by clk_i)
Path Group: clk_i
Path Type: min

Fanout         Cap        Slew       Delay        Time   Description
---------------------------------------------------------------------------------------------
                                  0.000000    0.000000   clock clk_i (rise edge)
                                  0.000000    0.000000   clock source latency
   170    0.725720    0.000000    0.000000    0.000000 ^ clk_i (in)
                                                         clk_i (net)
                      0.048003    0.024002    0.024002 ^ _1279_/CLK (sg13g2_dfrbpq_1)
     5    0.018057    0.063295    0.209848    0.233849 v _1279_/Q (sg13g2_dfrbpq_1)
                                                         u_boot_ctrl.word_cnt[20] (net)
                      0.063295    0.000180    0.234029 v _0711_/A (sg13g2_inv_1)
     3    0.011732    0.061458    0.068745    0.302774 ^ _0711_/Y (sg13g2_inv_1)
                                                         _0182_ (net)
                      0.061458    0.000056    0.302830 ^ _0916_/A1 (sg13g2_a21oi_1)
     1    0.002347    0.018187    0.061621    0.364451 v _0916_/Y (sg13g2_a21oi_1)
                                                         _0061_ (net)
                      0.018187    0.000024    0.364475 v _1279_/D (sg13g2_dfrbpq_1)
                                              0.364475   data arrival time

                                  0.000000    0.000000   clock clk_i (rise edge)
                                  0.000000    0.000000   clock source latency
   170    0.801780    0.000000    0.000000    0.000000 ^ clk_i (in)
                                                         clk_i (net)
                      0.053082    0.026541    0.026541 ^ _1279_/CLK (sg13g2_dfrbpq_1)
                                  0.100000    0.126541   clock uncertainty
                                 -0.002540    0.124002   clock reconvergence pessimism
                                 -0.026906    0.097096   library hold time
                                              0.097096   data required time
---------------------------------------------------------------------------------------------
                                              0.097096   data required time
                                             -0.364475   data arrival time
---------------------------------------------------------------------------------------------
                                              0.267379   slack (MET)


Startpoint: _1268_ (rising edge-triggered flip-flop clocked by clk_i)
Endpoint: _1238_ (rising edge-triggered flip-flop clocked by clk_i)
Path Group: clk_i
Path Type: min

Fanout         Cap        Slew       Delay        Time   Description
---------------------------------------------------------------------------------------------
                                  0.000000    0.000000   clock clk_i (rise edge)
                                  0.000000    0.000000   clock source latency
   170    0.725720    0.000000    0.000000    0.000000 ^ clk_i (in)
                                                         clk_i (net)
                      0.110904    0.055452    0.055452 ^ _1268_/CLK (sg13g2_dfrbpq_1)
     6    0.025759    0.084780    0.256511    0.311963 v _1268_/Q (sg13g2_dfrbpq_1)
                                                         u_boot_ctrl.word_cnt[9] (net)
                      0.084780    0.000324    0.312287 v _0791_/A (sg13g2_nor2b_1)
     1    0.003136    0.056533    0.068430    0.380717 ^ _0791_/Y (sg13g2_nor2b_1)
                                                         _0242_ (net)
                      0.056533    0.000029    0.380746 ^ _0793_/B (sg13g2_nor2_1)
     1    0.002165    0.019401    0.035595    0.416341 v _0793_/Y (sg13g2_nor2_1)
                                                         _0020_ (net)
                      0.019401    0.000019    0.416360 v _1238_/D (sg13g2_dfrbpq_1)
                                              0.416360   data arrival time

                                  0.000000    0.000000   clock clk_i (rise edge)
                                  0.000000    0.000000   clock source latency
   170    0.801780    0.000000    0.000000    0.000000 ^ clk_i (in)
                                                         clk_i (net)
                      0.122894    0.061447    0.061447 ^ _1238_/CLK (sg13g2_dfrbpq_1)
                                  0.100000    0.161447   clock uncertainty
                                  0.000000    0.161447   clock reconvergence pessimism
                                 -0.012725    0.148722   library hold time
                                              0.148722   data required time
---------------------------------------------------------------------------------------------
                                              0.148722   data required time
                                             -0.416360   data arrival time
---------------------------------------------------------------------------------------------
                                              0.267638   slack (MET)


Startpoint: _1359_ (rising edge-triggered flip-flop clocked by clk_i)
Endpoint: spi_cs_n (output port clocked by clk_i)
Path Group: clk_i
Path Type: min

Fanout         Cap        Slew       Delay        Time   Description
---------------------------------------------------------------------------------------------
                                  0.000000    0.000000   clock clk_i (rise edge)
                                  0.000000    0.000000   clock source latency
   170    0.725720    0.000000    0.000000    0.000000 ^ clk_i (in)
                                                         clk_i (net)
                      0.105786    0.052893    0.052893 ^ _1359_/CLK (sg13g2_dfrbpq_1)
     2    0.052661    0.165799    0.314773    0.367667 v _1359_/Q (sg13g2_dfrbpq_1)
                                                         spi_cs_n (net)
                      0.165799    0.000000    0.367667 v spi_cs_n (out)
                                              0.367667   data arrival time

                                  0.000000    0.000000   clock clk_i (rise edge)
                                  0.000000    0.000000   clock network delay (propagated)
                                  0.100000    0.100000   clock uncertainty
                                  0.000000    0.100000   clock reconvergence pessimism
                                  0.000000    0.100000   output external delay
                                              0.100000   data required time
---------------------------------------------------------------------------------------------
                                              0.100000   data required time
                                             -0.367667   data arrival time
---------------------------------------------------------------------------------------------
                                              0.267667   slack (MET)


Startpoint: _1394_ (rising edge-triggered flip-flop clocked by clk_i)
Endpoint: boot_done (output port clocked by clk_i)
Path Group: clk_i
Path Type: min

Fanout         Cap        Slew       Delay        Time   Description
---------------------------------------------------------------------------------------------
                                  0.000000    0.000000   clock clk_i (rise edge)
                                  0.000000    0.000000   clock source latency
   170    0.725720    0.000000    0.000000    0.000000 ^ clk_i (in)
                                                         clk_i (net)
                      0.106386    0.053193    0.053193 ^ _1394_/CLK (sg13g2_dfrbpq_1)
     2    0.052570    0.165527    0.314767    0.367960 v _1394_/Q (sg13g2_dfrbpq_1)
                                                         boot_done (net)
                      0.165527    0.000000    0.367960 v boot_done (out)
                                              0.367960   data arrival time

                                  0.000000    0.000000   clock clk_i (rise edge)
                                  0.000000    0.000000   clock network delay (propagated)
                                  0.100000    0.100000   clock uncertainty
                                  0.000000    0.100000   clock reconvergence pessimism
                                  0.000000    0.100000   output external delay
                                              0.100000   data required time
---------------------------------------------------------------------------------------------
                                              0.100000   data required time
                                             -0.367960   data arrival time
---------------------------------------------------------------------------------------------
                                              0.267960   slack (MET)


Startpoint: _1360_ (rising edge-triggered flip-flop clocked by clk_i)
Endpoint: cpu_rst_n (output port clocked by clk_i)
Path Group: clk_i
Path Type: min

Fanout         Cap        Slew       Delay        Time   Description
---------------------------------------------------------------------------------------------
                                  0.000000    0.000000   clock clk_i (rise edge)
                                  0.000000    0.000000   clock source latency
   170    0.725720    0.000000    0.000000    0.000000 ^ clk_i (in)
                                                         clk_i (net)
                      0.106483    0.053241    0.053241 ^ _1360_/CLK (sg13g2_dfrbpq_1)
     2    0.052706    0.165934    0.315100    0.368342 v _1360_/Q (sg13g2_dfrbpq_1)
                                                         cpu_rst_n (net)
                      0.165934    0.000000    0.368342 v cpu_rst_n (out)
                                              0.368342   data arrival time

                                  0.000000    0.000000   clock clk_i (rise edge)
                                  0.000000    0.000000   clock network delay (propagated)
                                  0.100000    0.100000   clock uncertainty
                                  0.000000    0.100000   clock reconvergence pessimism
                                  0.000000    0.100000   output external delay
                                              0.100000   data required time
---------------------------------------------------------------------------------------------
                                              0.100000   data required time
                                             -0.368342   data arrival time
---------------------------------------------------------------------------------------------
                                              0.268342   slack (MET)


Startpoint: _1284_ (rising edge-triggered flip-flop clocked by clk_i)
Endpoint: _1284_ (rising edge-triggered flip-flop clocked by clk_i)
Path Group: clk_i
Path Type: min

Fanout         Cap        Slew       Delay        Time   Description
---------------------------------------------------------------------------------------------
                                  0.000000    0.000000   clock clk_i (rise edge)
                                  0.000000    0.000000   clock source latency
   170    0.725720    0.000000    0.000000    0.000000 ^ clk_i (in)
                                                         clk_i (net)
                      0.066510    0.033255    0.033255 ^ _1284_/CLK (sg13g2_dfrbpq_1)
     5    0.017898    0.062778    0.218551    0.251806 v _1284_/Q (sg13g2_dfrbpq_1)
                                                         u_boot_ctrl.word_cnt[25] (net)
                      0.062778    0.000187    0.251993 v _0707_/A (sg13g2_inv_1)
     2    0.007577    0.045282    0.054200    0.306193 ^ _0707_/Y (sg13g2_inv_1)
                                                         _0178_ (net)
                      0.045282    0.000033    0.306226 ^ _0938_/A1 (sg13g2_a221oi_1)
     1    0.001911    0.041773    0.065480    0.371706 v _0938_/Y (sg13g2_a221oi_1)
                                                         _0066_ (net)
                      0.041773    0.000014    0.371720 v _1284_/D (sg13g2_dfrbpq_1)
                                              0.371720   data arrival time

                                  0.000000    0.000000   clock clk_i (rise edge)
                                  0.000000    0.000000   clock source latency
   170    0.801780    0.000000    0.000000    0.000000 ^ clk_i (in)
                                                         clk_i (net)
                      0.073477    0.036738    0.036738 ^ _1284_/CLK (sg13g2_dfrbpq_1)
                                  0.100000    0.136738   clock uncertainty
                                 -0.003483    0.133255   clock reconvergence pessimism
                                 -0.030155    0.103100   library hold time
                                              0.103100   data required time
---------------------------------------------------------------------------------------------
                                              0.103100   data required time
                                             -0.371720   data arrival time
---------------------------------------------------------------------------------------------
                                              0.268620   slack (MET)


Startpoint: _1233_ (rising edge-triggered flip-flop clocked by clk_i)
Endpoint: boot_addr[6] (output port clocked by clk_i)
Path Group: clk_i
Path Type: min

Fanout         Cap        Slew       Delay        Time   Description
---------------------------------------------------------------------------------------------
                                  0.000000    0.000000   clock clk_i (rise edge)
                                  0.000000    0.000000   clock source latency
   170    0.725720    0.000000    0.000000    0.000000 ^ clk_i (in)
                                                         clk_i (net)
                      0.106891    0.053445    0.053445 ^ _1233_/CLK (sg13g2_dfrbpq_1)
     2    0.052902    0.166518    0.315667    0.369112 v _1233_/Q (sg13g2_dfrbpq_1)
                                                         boot_addr[6] (net)
                      0.166518    0.000000    0.369112 v boot_addr[6] (out)
                                              0.369112   data arrival time

                                  0.000000    0.000000   clock clk_i (rise edge)
                                  0.000000    0.000000   clock network delay (propagated)
                                  0.100000    0.100000   clock uncertainty
                                  0.000000    0.100000   clock reconvergence pessimism
                                  0.000000    0.100000   output external delay
                                              0.100000   data required time
---------------------------------------------------------------------------------------------
                                              0.100000   data required time
                                             -0.369112   data arrival time
---------------------------------------------------------------------------------------------
                                              0.269112   slack (MET)


Startpoint: _1234_ (rising edge-triggered flip-flop clocked by clk_i)
Endpoint: boot_addr[7] (output port clocked by clk_i)
Path Group: clk_i
Path Type: min

Fanout         Cap        Slew       Delay        Time   Description
---------------------------------------------------------------------------------------------
                                  0.000000    0.000000   clock clk_i (rise edge)
                                  0.000000    0.000000   clock source latency
   170    0.725720    0.000000    0.000000    0.000000 ^ clk_i (in)
                                                         clk_i (net)
                      0.106994    0.053497    0.053497 ^ _1234_/CLK (sg13g2_dfrbpq_1)
     2    0.052902    0.166519    0.315700    0.369197 v _1234_/Q (sg13g2_dfrbpq_1)
                                                         boot_addr[7] (net)
                      0.166519    0.000000    0.369197 v boot_addr[7] (out)
                                              0.369197   data arrival time

                                  0.000000    0.000000   clock clk_i (rise edge)
                                  0.000000    0.000000   clock network delay (propagated)
                                  0.100000    0.100000   clock uncertainty
                                  0.000000    0.100000   clock reconvergence pessimism
                                  0.000000    0.100000   output external delay
                                              0.100000   data required time
---------------------------------------------------------------------------------------------
                                              0.100000   data required time
                                             -0.369197   data arrival time
---------------------------------------------------------------------------------------------
                                              0.269197   slack (MET)


Startpoint: _1235_ (rising edge-triggered flip-flop clocked by clk_i)
Endpoint: boot_addr[8] (output port clocked by clk_i)
Path Group: clk_i
Path Type: min

Fanout         Cap        Slew       Delay        Time   Description
---------------------------------------------------------------------------------------------
                                  0.000000    0.000000   clock clk_i (rise edge)
                                  0.000000    0.000000   clock source latency
   170    0.725720    0.000000    0.000000    0.000000 ^ clk_i (in)
                                                         clk_i (net)
                      0.107349    0.053674    0.053674 ^ _1235_/CLK (sg13g2_dfrbpq_1)
     2    0.052902    0.166519    0.315816    0.369491 v _1235_/Q (sg13g2_dfrbpq_1)
                                                         boot_addr[8] (net)
                      0.166519    0.000000    0.369491 v boot_addr[8] (out)
                                              0.369491   data arrival time

                                  0.000000    0.000000   clock clk_i (rise edge)
                                  0.000000    0.000000   clock network delay (propagated)
                                  0.100000    0.100000   clock uncertainty
                                  0.000000    0.100000   clock reconvergence pessimism
                                  0.000000    0.100000   output external delay
                                              0.100000   data required time
---------------------------------------------------------------------------------------------
                                              0.100000   data required time
                                             -0.369491   data arrival time
---------------------------------------------------------------------------------------------
                                              0.269491   slack (MET)


Startpoint: _1236_ (rising edge-triggered flip-flop clocked by clk_i)
Endpoint: boot_addr[9] (output port clocked by clk_i)
Path Group: clk_i
Path Type: min

Fanout         Cap        Slew       Delay        Time   Description
---------------------------------------------------------------------------------------------
                                  0.000000    0.000000   clock clk_i (rise edge)
                                  0.000000    0.000000   clock source latency
   170    0.725720    0.000000    0.000000    0.000000 ^ clk_i (in)
                                                         clk_i (net)
                      0.107449    0.053724    0.053724 ^ _1236_/CLK (sg13g2_dfrbpq_1)
     2    0.052902    0.166519    0.315849    0.369573 v _1236_/Q (sg13g2_dfrbpq_1)
                                                         boot_addr[9] (net)
                      0.166519    0.000000    0.369573 v boot_addr[9] (out)
                                              0.369573   data arrival time

                                  0.000000    0.000000   clock clk_i (rise edge)
                                  0.000000    0.000000   clock network delay (propagated)
                                  0.100000    0.100000   clock uncertainty
                                  0.000000    0.100000   clock reconvergence pessimism
                                  0.000000    0.100000   output external delay
                                              0.100000   data required time
---------------------------------------------------------------------------------------------
                                              0.100000   data required time
                                             -0.369573   data arrival time
---------------------------------------------------------------------------------------------
                                              0.269573   slack (MET)


Startpoint: _1229_ (rising edge-triggered flip-flop clocked by clk_i)
Endpoint: boot_addr[2] (output port clocked by clk_i)
Path Group: clk_i
Path Type: min

Fanout         Cap        Slew       Delay        Time   Description
---------------------------------------------------------------------------------------------
                                  0.000000    0.000000   clock clk_i (rise edge)
                                  0.000000    0.000000   clock source latency
   170    0.725720    0.000000    0.000000    0.000000 ^ clk_i (in)
                                                         clk_i (net)
                      0.107623    0.053812    0.053812 ^ _1229_/CLK (sg13g2_dfrbpq_1)
     2    0.052902    0.166519    0.315906    0.369717 v _1229_/Q (sg13g2_dfrbpq_1)
                                                         boot_addr[2] (net)
                      0.166519    0.000000    0.369717 v boot_addr[2] (out)
                                              0.369717   data arrival time

                                  0.000000    0.000000   clock clk_i (rise edge)
                                  0.000000    0.000000   clock network delay (propagated)
                                  0.100000    0.100000   clock uncertainty
                                  0.000000    0.100000   clock reconvergence pessimism
                                  0.000000    0.100000   output external delay
                                              0.100000   data required time
---------------------------------------------------------------------------------------------
                                              0.100000   data required time
                                             -0.369717   data arrival time
---------------------------------------------------------------------------------------------
                                              0.269717   slack (MET)


Startpoint: _1245_ (rising edge-triggered flip-flop clocked by clk_i)
Endpoint: boot_addr[18] (output port clocked by clk_i)
Path Group: clk_i
Path Type: min

Fanout         Cap        Slew       Delay        Time   Description
---------------------------------------------------------------------------------------------
                                  0.000000    0.000000   clock clk_i (rise edge)
                                  0.000000    0.000000   clock source latency
   170    0.725720    0.000000    0.000000    0.000000 ^ clk_i (in)
                                                         clk_i (net)
                      0.107684    0.053842    0.053842 ^ _1245_/CLK (sg13g2_dfrbpq_1)
     2    0.052902    0.166519    0.315926    0.369768 v _1245_/Q (sg13g2_dfrbpq_1)
                                                         boot_addr[18] (net)
                      0.166519    0.000000    0.369768 v boot_addr[18] (out)
                                              0.369768   data arrival time

                                  0.000000    0.000000   clock clk_i (rise edge)
                                  0.000000    0.000000   clock network delay (propagated)
                                  0.100000    0.100000   clock uncertainty
                                  0.000000    0.100000   clock reconvergence pessimism
                                  0.000000    0.100000   output external delay
                                              0.100000   data required time
---------------------------------------------------------------------------------------------
                                              0.100000   data required time
                                             -0.369768   data arrival time
---------------------------------------------------------------------------------------------
                                              0.269768   slack (MET)


Startpoint: _1246_ (rising edge-triggered flip-flop clocked by clk_i)
Endpoint: boot_addr[19] (output port clocked by clk_i)
Path Group: clk_i
Path Type: min

Fanout         Cap        Slew       Delay        Time   Description
---------------------------------------------------------------------------------------------
                                  0.000000    0.000000   clock clk_i (rise edge)
                                  0.000000    0.000000   clock source latency
   170    0.725720    0.000000    0.000000    0.000000 ^ clk_i (in)
                                                         clk_i (net)
                      0.107724    0.053862    0.053862 ^ _1246_/CLK (sg13g2_dfrbpq_1)
     2    0.052902    0.166519    0.315939    0.369801 v _1246_/Q (sg13g2_dfrbpq_1)
                                                         boot_addr[19] (net)
                      0.166519    0.000000    0.369801 v boot_addr[19] (out)
                                              0.369801   data arrival time

                                  0.000000    0.000000   clock clk_i (rise edge)
                                  0.000000    0.000000   clock network delay (propagated)
                                  0.100000    0.100000   clock uncertainty
                                  0.000000    0.100000   clock reconvergence pessimism
                                  0.000000    0.100000   output external delay
                                              0.100000   data required time
---------------------------------------------------------------------------------------------
                                              0.100000   data required time
                                             -0.369801   data arrival time
---------------------------------------------------------------------------------------------
                                              0.269801   slack (MET)


Startpoint: _1230_ (rising edge-triggered flip-flop clocked by clk_i)
Endpoint: boot_addr[3] (output port clocked by clk_i)
Path Group: clk_i
Path Type: min

Fanout         Cap        Slew       Delay        Time   Description
---------------------------------------------------------------------------------------------
                                  0.000000    0.000000   clock clk_i (rise edge)
                                  0.000000    0.000000   clock source latency
   170    0.725720    0.000000    0.000000    0.000000 ^ clk_i (in)
                                                         clk_i (net)
                      0.107764    0.053882    0.053882 ^ _1230_/CLK (sg13g2_dfrbpq_1)
     2    0.052902    0.166519    0.315952    0.369834 v _1230_/Q (sg13g2_dfrbpq_1)
                                                         boot_addr[3] (net)
                      0.166519    0.000000    0.369834 v boot_addr[3] (out)
                                              0.369834   data arrival time

                                  0.000000    0.000000   clock clk_i (rise edge)
                                  0.000000    0.000000   clock network delay (propagated)
                                  0.100000    0.100000   clock uncertainty
                                  0.000000    0.100000   clock reconvergence pessimism
                                  0.000000    0.100000   output external delay
                                              0.100000   data required time
---------------------------------------------------------------------------------------------
                                              0.100000   data required time
                                             -0.369834   data arrival time
---------------------------------------------------------------------------------------------
                                              0.269834   slack (MET)


Startpoint: _1322_ (rising edge-triggered flip-flop clocked by clk_i)
Endpoint: _1356_ (rising edge-triggered flip-flop clocked by clk_i)
Path Group: clk_i
Path Type: min

Fanout         Cap        Slew       Delay        Time   Description
---------------------------------------------------------------------------------------------
                                  0.000000    0.000000   clock clk_i (rise edge)
                                  0.000000    0.000000   clock source latency
   170    0.725720    0.000000    0.000000    0.000000 ^ clk_i (in)
                                                         clk_i (net)
                      0.034903    0.017452    0.017452 ^ _1322_/CLK (sg13g2_dfrbpq_1)
     2    0.006836    0.030169    0.176342    0.193794 v _1322_/Q (sg13g2_dfrbpq_1)
                                                         u_boot_ctrl.word_asm[29] (net)
                      0.030169    0.000034    0.193828 v _1131_/A1 (sg13g2_mux2_1)
     1    0.002446    0.030092    0.106527    0.300355 v _1131_/X (sg13g2_mux2_1)
                                                         _0465_ (net)
                      0.030092    0.000013    0.300368 v _1132_/A (sg13g2_and2_1)
     1    0.001637    0.016848    0.062920    0.363288 v _1132_/X (sg13g2_and2_1)
                                                         _0138_ (net)
                      0.016848    0.000009    0.363296 v _1356_/D (sg13g2_dfrbpq_1)
                                              0.363296   data arrival time

                                  0.000000    0.000000   clock clk_i (rise edge)
                                  0.000000    0.000000   clock source latency
   170    0.801780    0.000000    0.000000    0.000000 ^ clk_i (in)
                                                         clk_i (net)
                      0.043513    0.021757    0.021757 ^ _1356_/CLK (sg13g2_dfrbpq_1)
                                  0.100000    0.121756   clock uncertainty
                                  0.000000    0.121756   clock reconvergence pessimism
                                 -0.028478    0.093279   library hold time
                                              0.093279   data required time
---------------------------------------------------------------------------------------------
                                              0.093279   data required time
                                             -0.363296   data arrival time
---------------------------------------------------------------------------------------------
                                              0.270018   slack (MET)


Startpoint: _1389_ (rising edge-triggered flip-flop clocked by clk_i)
Endpoint: _1394_ (rising edge-triggered flip-flop clocked by clk_i)
Path Group: clk_i
Path Type: min

Fanout         Cap        Slew       Delay        Time   Description
---------------------------------------------------------------------------------------------
                                  0.000000    0.000000   clock clk_i (rise edge)
                                  0.000000    0.000000   clock source latency
   170    0.725720    0.000000    0.000000    0.000000 ^ clk_i (in)
                                                         clk_i (net)
                      0.106044    0.053022    0.053022 ^ _1389_/CLK (sg13g2_dfrbpq_1)
     3    0.013042    0.048328    0.224305    0.277327 v _1389_/Q (sg13g2_dfrbpq_1)
                                                         u_boot_ctrl.state[1] (net)
                      0.048329    0.000328    0.277655 v _0750_/A (sg13g2_nand3_1)
     2    0.011738    0.062323    0.068536    0.346191 ^ _0750_/Y (sg13g2_nand3_1)
                                                         _0215_ (net)
                      0.062328    0.000467    0.346658 ^ _0751_/A2 (sg13g2_a21oi_1)
     1    0.001820    0.036300    0.063504    0.410162 v _0751_/Y (sg13g2_a21oi_1)
                                                         _0007_ (net)
                      0.036300    0.000012    0.410174 v _1394_/D (sg13g2_dfrbpq_1)
                                              0.410174   data arrival time

                                  0.000000    0.000000   clock clk_i (rise edge)
                                  0.000000    0.000000   clock source latency
   170    0.801780    0.000000    0.000000    0.000000 ^ clk_i (in)
                                                         clk_i (net)
                      0.117542    0.058771    0.058771 ^ _1394_/CLK (sg13g2_dfrbpq_1)
                                  0.100000    0.158771   clock uncertainty
                                  0.000000    0.158771   clock reconvergence pessimism
                                 -0.019237    0.139533   library hold time
                                              0.139533   data required time
---------------------------------------------------------------------------------------------
                                              0.139533   data required time
                                             -0.410174   data arrival time
---------------------------------------------------------------------------------------------
                                              0.270641   slack (MET)


Startpoint: _1313_ (rising edge-triggered flip-flop clocked by clk_i)
Endpoint: _1347_ (rising edge-triggered flip-flop clocked by clk_i)
Path Group: clk_i
Path Type: min

Fanout         Cap        Slew       Delay        Time   Description
---------------------------------------------------------------------------------------------
                                  0.000000    0.000000   clock clk_i (rise edge)
                                  0.000000    0.000000   clock source latency
   170    0.725720    0.000000    0.000000    0.000000 ^ clk_i (in)
                                                         clk_i (net)
                      0.035759    0.017879    0.017879 ^ _1313_/CLK (sg13g2_dfrbpq_1)
     3    0.009657    0.038295    0.183631    0.201511 v _1313_/Q (sg13g2_dfrbpq_1)
                                                         u_boot_ctrl.word_asm[20] (net)
                      0.038295    0.000033    0.201544 v _1113_/A1 (sg13g2_mux2_1)
     1    0.002383    0.029929    0.109622    0.311166 v _1113_/X (sg13g2_mux2_1)
                                                         _0456_ (net)
                      0.029929    0.000012    0.311178 v _1114_/A (sg13g2_and2_1)
     1    0.001496    0.016462    0.062496    0.373674 v _1114_/X (sg13g2_and2_1)
                                                         _0129_ (net)
                      0.016462    0.000007    0.373681 v _1347_/D (sg13g2_dfrbpq_1)
                                              0.373681   data arrival time

                                  0.000000    0.000000   clock clk_i (rise edge)
                                  0.000000    0.000000   clock source latency
   170    0.801780    0.000000    0.000000    0.000000 ^ clk_i (in)
                                                         clk_i (net)
                      0.056818    0.028409    0.028409 ^ _1347_/CLK (sg13g2_dfrbpq_1)
                                  0.100000    0.128409   clock uncertainty
                                  0.000000    0.128409   clock reconvergence pessimism
                                 -0.025578    0.102830   library hold time
                                              0.102830   data required time
---------------------------------------------------------------------------------------------
                                              0.102830   data required time
                                             -0.373681   data arrival time
---------------------------------------------------------------------------------------------
                                              0.270850   slack (MET)


Startpoint: _1272_ (rising edge-triggered flip-flop clocked by clk_i)
Endpoint: _1272_ (rising edge-triggered flip-flop clocked by clk_i)
Path Group: clk_i
Path Type: min

Fanout         Cap        Slew       Delay        Time   Description
---------------------------------------------------------------------------------------------
                                  0.000000    0.000000   clock clk_i (rise edge)
                                  0.000000    0.000000   clock source latency
   170    0.725720    0.000000    0.000000    0.000000 ^ clk_i (in)
                                                         clk_i (net)
                      0.106824    0.053412    0.053412 ^ _1272_/CLK (sg13g2_dfrbpq_1)
     8    0.027340    0.089552    0.258625    0.312037 v _1272_/Q (sg13g2_dfrbpq_1)
                                                         u_boot_ctrl.word_cnt[13] (net)
                      0.089553    0.000367    0.312404 v _0883_/B1 (sg13g2_a21oi_1)
     1    0.002918    0.046033    0.058938    0.371343 ^ _0883_/Y (sg13g2_a21oi_1)
                                                         _0300_ (net)
                      0.046033    0.000018    0.371361 ^ _0887_/B (sg13g2_nor3_1)
     1    0.001959    0.018444    0.039660    0.411021 v _0887_/Y (sg13g2_nor3_1)
                                                         _0054_ (net)
                      0.018444    0.000015    0.411036 v _1272_/D (sg13g2_dfrbpq_1)
                                              0.411036   data arrival time

                                  0.000000    0.000000   clock clk_i (rise edge)
                                  0.000000    0.000000   clock source latency
   170    0.801780    0.000000    0.000000    0.000000 ^ clk_i (in)
                                                         clk_i (net)
                      0.118010    0.059005    0.059005 ^ _1272_/CLK (sg13g2_dfrbpq_1)
                                  0.100000    0.159005   clock uncertainty
                                 -0.005593    0.153412   clock reconvergence pessimism
                                 -0.013439    0.139973   library hold time
                                              0.139973   data required time
---------------------------------------------------------------------------------------------
                                              0.139973   data required time
                                             -0.411036   data arrival time
---------------------------------------------------------------------------------------------
                                              0.271063   slack (MET)


Startpoint: _1389_ (rising edge-triggered flip-flop clocked by clk_i)
Endpoint: _1359_ (rising edge-triggered flip-flop clocked by clk_i)
Path Group: clk_i
Path Type: min

Fanout         Cap        Slew       Delay        Time   Description
---------------------------------------------------------------------------------------------
                                  0.000000    0.000000   clock clk_i (rise edge)
                                  0.000000    0.000000   clock source latency
   170    0.725720    0.000000    0.000000    0.000000 ^ clk_i (in)
                                                         clk_i (net)
                      0.106044    0.053022    0.053022 ^ _1389_/CLK (sg13g2_dfrbpq_1)
     3    0.013042    0.048328    0.224305    0.277327 v _1389_/Q (sg13g2_dfrbpq_1)
                                                         u_boot_ctrl.state[1] (net)
                      0.048329    0.000328    0.277655 v _0750_/A (sg13g2_nand3_1)
     2    0.011738    0.062323    0.068536    0.346191 ^ _0750_/Y (sg13g2_nand3_1)
                                                         _0215_ (net)
                      0.062327    0.000427    0.346618 ^ _1139_/A (sg13g2_nand3_1)
     1    0.001692    0.039651    0.062623    0.409241 v _1139_/Y (sg13g2_nand3_1)
                                                         _0141_ (net)
                      0.039651    0.000010    0.409251 v _1359_/D (sg13g2_dfrbpq_1)
                                              0.409251   data arrival time

                                  0.000000    0.000000   clock clk_i (rise edge)
                                  0.000000    0.000000   clock source latency
   170    0.801780    0.000000    0.000000    0.000000 ^ clk_i (in)
                                                         clk_i (net)
                      0.116876    0.058438    0.058438 ^ _1359_/CLK (sg13g2_dfrbpq_1)
                                  0.100000    0.158438   clock uncertainty
                                  0.000000    0.158438   clock reconvergence pessimism
                                 -0.020446    0.137992   library hold time
                                              0.137992   data required time
---------------------------------------------------------------------------------------------
                                              0.137992   data required time
                                             -0.409251   data arrival time
---------------------------------------------------------------------------------------------
                                              0.271259   slack (MET)


Startpoint: _1323_ (rising edge-triggered flip-flop clocked by clk_i)
Endpoint: _1357_ (rising edge-triggered flip-flop clocked by clk_i)
Path Group: clk_i
Path Type: min

Fanout         Cap        Slew       Delay        Time   Description
---------------------------------------------------------------------------------------------
                                  0.000000    0.000000   clock clk_i (rise edge)
                                  0.000000    0.000000   clock source latency
   170    0.725720    0.000000    0.000000    0.000000 ^ clk_i (in)
                                                         clk_i (net)
                      0.030082    0.015041    0.015041 ^ _1323_/CLK (sg13g2_dfrbpq_1)
     2    0.006398    0.028942    0.172942    0.187982 v _1323_/Q (sg13g2_dfrbpq_1)
                                                         u_boot_ctrl.word_asm[30] (net)
                      0.028942    0.000049    0.188031 v _1133_/A1 (sg13g2_mux2_1)
     1    0.002550    0.030358    0.106373    0.294405 v _1133_/X (sg13g2_mux2_1)
                                                         _0466_ (net)
                      0.030358    0.000016    0.294420 v _1134_/A (sg13g2_and2_1)
     1    0.001553    0.016629    0.062823    0.357243 v _1134_/X (sg13g2_and2_1)
                                                         _0139_ (net)
                      0.016629    0.000008    0.357250 v _1357_/D (sg13g2_dfrbpq_1)
                                              0.357250   data arrival time

                                  0.000000    0.000000   clock clk_i (rise edge)
                                  0.000000    0.000000   clock source latency
   170    0.801780    0.000000    0.000000    0.000000 ^ clk_i (in)
                                                         clk_i (net)
                      0.032880    0.016440    0.016440 ^ _1357_/CLK (sg13g2_dfrbpq_1)
                                  0.100000    0.116440   clock uncertainty
                                  0.000000    0.116440   clock reconvergence pessimism
                                 -0.030628    0.085812   library hold time
                                              0.085812   data required time
---------------------------------------------------------------------------------------------
                                              0.085812   data required time
                                             -0.357250   data arrival time
---------------------------------------------------------------------------------------------
                                              0.271438   slack (MET)


Startpoint: _1279_ (rising edge-triggered flip-flop clocked by clk_i)
Endpoint: _1280_ (rising edge-triggered flip-flop clocked by clk_i)
Path Group: clk_i
Path Type: min

Fanout         Cap        Slew       Delay        Time   Description
---------------------------------------------------------------------------------------------
                                  0.000000    0.000000   clock clk_i (rise edge)
                                  0.000000    0.000000   clock source latency
   170    0.725720    0.000000    0.000000    0.000000 ^ clk_i (in)
                                                         clk_i (net)
                      0.048003    0.024002    0.024002 ^ _1279_/CLK (sg13g2_dfrbpq_1)
     5    0.018057    0.063295    0.209848    0.233849 v _1279_/Q (sg13g2_dfrbpq_1)
                                                         u_boot_ctrl.word_cnt[20] (net)
                      0.063296    0.000360    0.234209 v _0914_/A (sg13g2_nand4_1)
     2    0.006453    0.048364    0.059676    0.293885 ^ _0914_/Y (sg13g2_nand4_1)
                                                         _0324_ (net)
                      0.048364    0.000057    0.293943 ^ _0918_/A2 (sg13g2_a221oi_1)
     1    0.001873    0.043855    0.069575    0.363518 v _0918_/Y (sg13g2_a221oi_1)
                                                         _0062_ (net)
                      0.043855    0.000013    0.363531 v _1280_/D (sg13g2_dfrbpq_1)
                                              0.363531   data arrival time

                                  0.000000    0.000000   clock clk_i (rise edge)
                                  0.000000    0.000000   clock source latency
   170    0.801780    0.000000    0.000000    0.000000 ^ clk_i (in)
                                                         clk_i (net)
                      0.053102    0.026551    0.026551 ^ _1280_/CLK (sg13g2_dfrbpq_1)
                                  0.100000    0.126551   clock uncertainty
                                  0.000000    0.126551   clock reconvergence pessimism
                                 -0.035056    0.091495   library hold time
                                              0.091495   data required time
---------------------------------------------------------------------------------------------
                                              0.091495   data required time
                                             -0.363531   data arrival time
---------------------------------------------------------------------------------------------
                                              0.272035   slack (MET)


Startpoint: _1232_ (rising edge-triggered flip-flop clocked by clk_i)
Endpoint: boot_addr[5] (output port clocked by clk_i)
Path Group: clk_i
Path Type: min

Fanout         Cap        Slew       Delay        Time   Description
---------------------------------------------------------------------------------------------
                                  0.000000    0.000000   clock clk_i (rise edge)
                                  0.000000    0.000000   clock source latency
   170    0.725720    0.000000    0.000000    0.000000 ^ clk_i (in)
                                                         clk_i (net)
                      0.110840    0.055420    0.055420 ^ _1232_/CLK (sg13g2_dfrbpq_1)
     2    0.052902    0.166521    0.316955    0.372375 v _1232_/Q (sg13g2_dfrbpq_1)
                                                         boot_addr[5] (net)
                      0.166521    0.000000    0.372375 v boot_addr[5] (out)
                                              0.372375   data arrival time

                                  0.000000    0.000000   clock clk_i (rise edge)
                                  0.000000    0.000000   clock network delay (propagated)
                                  0.100000    0.100000   clock uncertainty
                                  0.000000    0.100000   clock reconvergence pessimism
                                  0.000000    0.100000   output external delay
                                              0.100000   data required time
---------------------------------------------------------------------------------------------
                                              0.100000   data required time
                                             -0.372375   data arrival time
---------------------------------------------------------------------------------------------
                                              0.272375   slack (MET)


Startpoint: _1237_ (rising edge-triggered flip-flop clocked by clk_i)
Endpoint: boot_addr[10] (output port clocked by clk_i)
Path Group: clk_i
Path Type: min

Fanout         Cap        Slew       Delay        Time   Description
---------------------------------------------------------------------------------------------
                                  0.000000    0.000000   clock clk_i (rise edge)
                                  0.000000    0.000000   clock source latency
   170    0.725720    0.000000    0.000000    0.000000 ^ clk_i (in)
                                                         clk_i (net)
                      0.111015    0.055507    0.055507 ^ _1237_/CLK (sg13g2_dfrbpq_1)
     2    0.052902    0.166521    0.317013    0.372520 v _1237_/Q (sg13g2_dfrbpq_1)
                                                         boot_addr[10] (net)
                      0.166521    0.000000    0.372520 v boot_addr[10] (out)
                                              0.372520   data arrival time

                                  0.000000    0.000000   clock clk_i (rise edge)
                                  0.000000    0.000000   clock network delay (propagated)
                                  0.100000    0.100000   clock uncertainty
                                  0.000000    0.100000   clock reconvergence pessimism
                                  0.000000    0.100000   output external delay
                                              0.100000   data required time
---------------------------------------------------------------------------------------------
                                              0.100000   data required time
                                             -0.372520   data arrival time
---------------------------------------------------------------------------------------------
                                              0.272520   slack (MET)


Startpoint: _1231_ (rising edge-triggered flip-flop clocked by clk_i)
Endpoint: boot_addr[4] (output port clocked by clk_i)
Path Group: clk_i
Path Type: min

Fanout         Cap        Slew       Delay        Time   Description
---------------------------------------------------------------------------------------------
                                  0.000000    0.000000   clock clk_i (rise edge)
                                  0.000000    0.000000   clock source latency
   170    0.725720    0.000000    0.000000    0.000000 ^ clk_i (in)
                                                         clk_i (net)
                      0.111180    0.055590    0.055590 ^ _1231_/CLK (sg13g2_dfrbpq_1)
     2    0.052902    0.166521    0.317067    0.372657 v _1231_/Q (sg13g2_dfrbpq_1)
                                                         boot_addr[4] (net)
                      0.166521    0.000000    0.372657 v boot_addr[4] (out)
                                              0.372657   data arrival time

                                  0.000000    0.000000   clock clk_i (rise edge)
                                  0.000000    0.000000   clock network delay (propagated)
                                  0.100000    0.100000   clock uncertainty
                                  0.000000    0.100000   clock reconvergence pessimism
                                  0.000000    0.100000   output external delay
                                              0.100000   data required time
---------------------------------------------------------------------------------------------
                                              0.100000   data required time
                                             -0.372657   data arrival time
---------------------------------------------------------------------------------------------
                                              0.272657   slack (MET)


Startpoint: _1238_ (rising edge-triggered flip-flop clocked by clk_i)
Endpoint: boot_addr[11] (output port clocked by clk_i)
Path Group: clk_i
Path Type: min

Fanout         Cap        Slew       Delay        Time   Description
---------------------------------------------------------------------------------------------
                                  0.000000    0.000000   clock clk_i (rise edge)
                                  0.000000    0.000000   clock source latency
   170    0.725720    0.000000    0.000000    0.000000 ^ clk_i (in)
                                                         clk_i (net)
                      0.111234    0.055617    0.055617 ^ _1238_/CLK (sg13g2_dfrbpq_1)
     2    0.052902    0.166521    0.317084    0.372701 v _1238_/Q (sg13g2_dfrbpq_1)
                                                         boot_addr[11] (net)
                      0.166521    0.000000    0.372701 v boot_addr[11] (out)
                                              0.372701   data arrival time

                                  0.000000    0.000000   clock clk_i (rise edge)
                                  0.000000    0.000000   clock network delay (propagated)
                                  0.100000    0.100000   clock uncertainty
                                  0.000000    0.100000   clock reconvergence pessimism
                                  0.000000    0.100000   output external delay
                                              0.100000   data required time
---------------------------------------------------------------------------------------------
                                              0.100000   data required time
                                             -0.372701   data arrival time
---------------------------------------------------------------------------------------------
                                              0.272701   slack (MET)


Startpoint: _1240_ (rising edge-triggered flip-flop clocked by clk_i)
Endpoint: boot_addr[13] (output port clocked by clk_i)
Path Group: clk_i
Path Type: min

Fanout         Cap        Slew       Delay        Time   Description
---------------------------------------------------------------------------------------------
                                  0.000000    0.000000   clock clk_i (rise edge)
                                  0.000000    0.000000   clock source latency
   170    0.725720    0.000000    0.000000    0.000000 ^ clk_i (in)
                                                         clk_i (net)
                      0.111353    0.055677    0.055677 ^ _1240_/CLK (sg13g2_dfrbpq_1)
     2    0.052902    0.166521    0.317123    0.372800 v _1240_/Q (sg13g2_dfrbpq_1)
                                                         boot_addr[13] (net)
                      0.166521    0.000000    0.372800 v boot_addr[13] (out)
                                              0.372800   data arrival time

                                  0.000000    0.000000   clock clk_i (rise edge)
                                  0.000000    0.000000   clock network delay (propagated)
                                  0.100000    0.100000   clock uncertainty
                                  0.000000    0.100000   clock reconvergence pessimism
                                  0.000000    0.100000   output external delay
                                              0.100000   data required time
---------------------------------------------------------------------------------------------
                                              0.100000   data required time
                                             -0.372800   data arrival time
---------------------------------------------------------------------------------------------
                                              0.272800   slack (MET)


Startpoint: _1239_ (rising edge-triggered flip-flop clocked by clk_i)
Endpoint: boot_addr[12] (output port clocked by clk_i)
Path Group: clk_i
Path Type: min

Fanout         Cap        Slew       Delay        Time   Description
---------------------------------------------------------------------------------------------
                                  0.000000    0.000000   clock clk_i (rise edge)
                                  0.000000    0.000000   clock source latency
   170    0.725720    0.000000    0.000000    0.000000 ^ clk_i (in)
                                                         clk_i (net)
                      0.111404    0.055702    0.055702 ^ _1239_/CLK (sg13g2_dfrbpq_1)
     2    0.052902    0.166521    0.317140    0.372841 v _1239_/Q (sg13g2_dfrbpq_1)
                                                         boot_addr[12] (net)
                      0.166521    0.000000    0.372841 v boot_addr[12] (out)
                                              0.372841   data arrival time

                                  0.000000    0.000000   clock clk_i (rise edge)
                                  0.000000    0.000000   clock network delay (propagated)
                                  0.100000    0.100000   clock uncertainty
                                  0.000000    0.100000   clock reconvergence pessimism
                                  0.000000    0.100000   output external delay
                                              0.100000   data required time
---------------------------------------------------------------------------------------------
                                              0.100000   data required time
                                             -0.372841   data arrival time
---------------------------------------------------------------------------------------------
                                              0.272841   slack (MET)


Startpoint: _1324_ (rising edge-triggered flip-flop clocked by clk_i)
Endpoint: _1358_ (rising edge-triggered flip-flop clocked by clk_i)
Path Group: clk_i
Path Type: min

Fanout         Cap        Slew       Delay        Time   Description
---------------------------------------------------------------------------------------------
                                  0.000000    0.000000   clock clk_i (rise edge)
                                  0.000000    0.000000   clock source latency
   170    0.725720    0.000000    0.000000    0.000000 ^ clk_i (in)
                                                         clk_i (net)
                      0.028326    0.014163    0.014163 ^ _1324_/CLK (sg13g2_dfrbpq_1)
     2    0.006693    0.029767    0.172815    0.186978 v _1324_/Q (sg13g2_dfrbpq_1)
                                                         u_boot_ctrl.word_asm[31] (net)
                      0.029767    0.000036    0.187014 v _1135_/A1 (sg13g2_mux2_1)
     1    0.002481    0.030181    0.106479    0.293493 v _1135_/X (sg13g2_mux2_1)
                                                         _0467_ (net)
                      0.030181    0.000014    0.293507 v _1136_/A (sg13g2_and2_1)
     1    0.001719    0.017070    0.063162    0.356669 v _1136_/X (sg13g2_and2_1)
                                                         _0140_ (net)
                      0.017070    0.000010    0.356679 v _1358_/D (sg13g2_dfrbpq_1)
                                              0.356679   data arrival time

                                  0.000000    0.000000   clock clk_i (rise edge)
                                  0.000000    0.000000   clock source latency
   170    0.801780    0.000000    0.000000    0.000000 ^ clk_i (in)
                                                         clk_i (net)
                      0.026355    0.013177    0.013177 ^ _1358_/CLK (sg13g2_dfrbpq_1)
                                  0.100000    0.113177   clock uncertainty
                                  0.000000    0.113177   clock reconvergence pessimism
                                 -0.032129    0.081048   library hold time
                                              0.081048   data required time
---------------------------------------------------------------------------------------------
                                              0.081048   data required time
                                             -0.356679   data arrival time
---------------------------------------------------------------------------------------------
                                              0.275632   slack (MET)


Startpoint: _1264_ (rising edge-triggered flip-flop clocked by clk_i)
Endpoint: _1234_ (rising edge-triggered flip-flop clocked by clk_i)
Path Group: clk_i
Path Type: min

Fanout         Cap        Slew       Delay        Time   Description
---------------------------------------------------------------------------------------------
                                  0.000000    0.000000   clock clk_i (rise edge)
                                  0.000000    0.000000   clock source latency
   170    0.725720    0.000000    0.000000    0.000000 ^ clk_i (in)
                                                         clk_i (net)
                      0.108939    0.054469    0.054469 ^ _1264_/CLK (sg13g2_dfrbpq_1)
     8    0.029129    0.094950    0.263216    0.317685 v _1264_/Q (sg13g2_dfrbpq_1)
                                                         u_boot_ctrl.word_cnt[5] (net)
                      0.094950    0.000145    0.317830 v _0779_/A (sg13g2_nor2b_1)
     1    0.003055    0.057976    0.071050    0.388881 ^ _0779_/Y (sg13g2_nor2b_1)
                                                         _0234_ (net)
                      0.057976    0.000026    0.388907 ^ _0781_/B (sg13g2_nor2_1)
     1    0.001624    0.018419    0.034459    0.423366 v _0781_/Y (sg13g2_nor2_1)
                                                         _0016_ (net)
                      0.018419    0.000009    0.423375 v _1234_/D (sg13g2_dfrbpq_1)
                                              0.423375   data arrival time

                                  0.000000    0.000000   clock clk_i (rise edge)
                                  0.000000    0.000000   clock source latency
   170    0.801780    0.000000    0.000000    0.000000 ^ clk_i (in)
                                                         clk_i (net)
                      0.118217    0.059109    0.059109 ^ _1234_/CLK (sg13g2_dfrbpq_1)
                                  0.100000    0.159109   clock uncertainty
                                  0.000000    0.159109   clock reconvergence pessimism
                                 -0.013387    0.145721   library hold time
                                              0.145721   data required time
---------------------------------------------------------------------------------------------
                                              0.145721   data required time
                                             -0.423375   data arrival time
---------------------------------------------------------------------------------------------
                                              0.277653   slack (MET)


Startpoint: _1264_ (rising edge-triggered flip-flop clocked by clk_i)
Endpoint: _1264_ (rising edge-triggered flip-flop clocked by clk_i)
Path Group: clk_i
Path Type: min

Fanout         Cap        Slew       Delay        Time   Description
---------------------------------------------------------------------------------------------
                                  0.000000    0.000000   clock clk_i (rise edge)
                                  0.000000    0.000000   clock source latency
   170    0.725720    0.000000    0.000000    0.000000 ^ clk_i (in)
                                                         clk_i (net)
                      0.108939    0.054469    0.054469 ^ _1264_/CLK (sg13g2_dfrbpq_1)
     8    0.029421    0.124957    0.280146    0.334616 ^ _1264_/Q (sg13g2_dfrbpq_1)
                                                         u_boot_ctrl.word_cnt[5] (net)
                      0.124957    0.000514    0.335129 ^ _0862_/A1 (sg13g2_a21oi_1)
     1    0.002655    0.020474    0.083776    0.418905 v _0862_/Y (sg13g2_a21oi_1)
                                                         _0046_ (net)
                      0.020474    0.000029    0.418934 v _1264_/D (sg13g2_dfrbpq_1)
                                              0.418934   data arrival time

                                  0.000000    0.000000   clock clk_i (rise edge)
                                  0.000000    0.000000   clock source latency
   170    0.801780    0.000000    0.000000    0.000000 ^ clk_i (in)
                                                         clk_i (net)
                      0.120349    0.060174    0.060174 ^ _1264_/CLK (sg13g2_dfrbpq_1)
                                  0.100000    0.160174   clock uncertainty
                                 -0.005705    0.154469   clock reconvergence pessimism
                                 -0.013599    0.140870   library hold time
                                              0.140870   data required time
---------------------------------------------------------------------------------------------
                                              0.140870   data required time
                                             -0.418934   data arrival time
---------------------------------------------------------------------------------------------
                                              0.278064   slack (MET)


Startpoint: _1274_ (rising edge-triggered flip-flop clocked by clk_i)
Endpoint: _1244_ (rising edge-triggered flip-flop clocked by clk_i)
Path Group: clk_i
Path Type: min

Fanout         Cap        Slew       Delay        Time   Description
---------------------------------------------------------------------------------------------
                                  0.000000    0.000000   clock clk_i (rise edge)
                                  0.000000    0.000000   clock source latency
   170    0.725720    0.000000    0.000000    0.000000 ^ clk_i (in)
                                                         clk_i (net)
                      0.106408    0.053204    0.053204 ^ _1274_/CLK (sg13g2_dfrbpq_1)
     4    0.014774    0.053463    0.228697    0.281901 v _1274_/Q (sg13g2_dfrbpq_1)
                                                         u_boot_ctrl.word_cnt[15] (net)
                      0.053463    0.000049    0.281949 v _0715_/A (sg13g2_inv_1)
     2    0.008943    0.048858    0.055596    0.337545 ^ _0715_/Y (sg13g2_inv_1)
                                                         _0186_ (net)
                      0.048859    0.000179    0.337724 ^ _0810_/A2 (sg13g2_a21oi_1)
     1    0.001863    0.015052    0.058666    0.396390 v _0810_/Y (sg13g2_a21oi_1)
                                                         _0026_ (net)
                      0.015052    0.000013    0.396403 v _1244_/D (sg13g2_dfrbpq_1)
                                              0.396403   data arrival time

                                  0.000000    0.000000   clock clk_i (rise edge)
                                  0.000000    0.000000   clock source latency
   170    0.801780    0.000000    0.000000    0.000000 ^ clk_i (in)
                                                         clk_i (net)
                      0.077793    0.038896    0.038896 ^ _1244_/CLK (sg13g2_dfrbpq_1)
                                  0.100000    0.138896   clock uncertainty
                                  0.000000    0.138896   clock reconvergence pessimism
                                 -0.020751    0.118145   library hold time
                                              0.118145   data required time
---------------------------------------------------------------------------------------------
                                              0.118145   data required time
                                             -0.396403   data arrival time
---------------------------------------------------------------------------------------------
                                              0.278258   slack (MET)


Startpoint: _1318_ (rising edge-triggered flip-flop clocked by clk_i)
Endpoint: _1352_ (rising edge-triggered flip-flop clocked by clk_i)
Path Group: clk_i
Path Type: min

Fanout         Cap        Slew       Delay        Time   Description
---------------------------------------------------------------------------------------------
                                  0.000000    0.000000   clock clk_i (rise edge)
                                  0.000000    0.000000   clock source latency
   170    0.725720    0.000000    0.000000    0.000000 ^ clk_i (in)
                                                         clk_i (net)
                      0.063862    0.031931    0.031931 ^ _1318_/CLK (sg13g2_dfrbpq_1)
     2    0.006572    0.029434    0.189670    0.221601 v _1318_/Q (sg13g2_dfrbpq_1)
                                                         u_boot_ctrl.word_asm[25] (net)
                      0.029434    0.000036    0.221637 v _1123_/A1 (sg13g2_mux2_1)
     1    0.002472    0.030159    0.106314    0.327951 v _1123_/X (sg13g2_mux2_1)
                                                         _0461_ (net)
                      0.030159    0.000014    0.327965 v _1124_/A (sg13g2_and2_1)
     1    0.001627    0.016823    0.062924    0.390889 v _1124_/X (sg13g2_and2_1)
                                                         _0134_ (net)
                      0.016823    0.000009    0.390898 v _1352_/D (sg13g2_dfrbpq_1)
                                              0.390898   data arrival time

                                  0.000000    0.000000   clock clk_i (rise edge)
                                  0.000000    0.000000   clock source latency
   170    0.801780    0.000000    0.000000    0.000000 ^ clk_i (in)
                                                         clk_i (net)
                      0.070426    0.035213    0.035213 ^ _1352_/CLK (sg13g2_dfrbpq_1)
                                  0.100000    0.135213   clock uncertainty
                                  0.000000    0.135213   clock reconvergence pessimism
                                 -0.022853    0.112360   library hold time
                                              0.112360   data required time
---------------------------------------------------------------------------------------------
                                              0.112360   data required time
                                             -0.390898   data arrival time
---------------------------------------------------------------------------------------------
                                              0.278538   slack (MET)


Startpoint: _1317_ (rising edge-triggered flip-flop clocked by clk_i)
Endpoint: _1351_ (rising edge-triggered flip-flop clocked by clk_i)
Path Group: clk_i
Path Type: min

Fanout         Cap        Slew       Delay        Time   Description
---------------------------------------------------------------------------------------------
                                  0.000000    0.000000   clock clk_i (rise edge)
                                  0.000000    0.000000   clock source latency
   170    0.725720    0.000000    0.000000    0.000000 ^ clk_i (in)
                                                         clk_i (net)
                      0.063573    0.031786    0.031786 ^ _1317_/CLK (sg13g2_dfrbpq_1)
     2    0.006759    0.029961    0.189989    0.221775 v _1317_/Q (sg13g2_dfrbpq_1)
                                                         u_boot_ctrl.word_asm[24] (net)
                      0.029961    0.000031    0.221806 v _1121_/A1 (sg13g2_mux2_1)
     1    0.002441    0.030079    0.106426    0.328232 v _1121_/X (sg13g2_mux2_1)
                                                         _0460_ (net)
                      0.030079    0.000013    0.328245 v _1122_/A (sg13g2_and2_1)
     1    0.001570    0.016667    0.062747    0.390991 v _1122_/X (sg13g2_and2_1)
                                                         _0133_ (net)
                      0.016667    0.000008    0.390999 v _1351_/D (sg13g2_dfrbpq_1)
                                              0.390999   data arrival time

                                  0.000000    0.000000   clock clk_i (rise edge)
                                  0.000000    0.000000   clock source latency
   170    0.801780    0.000000    0.000000    0.000000 ^ clk_i (in)
                                                         clk_i (net)
                      0.070010    0.035005    0.035005 ^ _1351_/CLK (sg13g2_dfrbpq_1)
                                  0.100000    0.135005   clock uncertainty
                                  0.000000    0.135005   clock reconvergence pessimism
                                 -0.022890    0.112115   library hold time
                                              0.112115   data required time
---------------------------------------------------------------------------------------------
                                              0.112115   data required time
                                             -0.390999   data arrival time
---------------------------------------------------------------------------------------------
                                              0.278884   slack (MET)


Startpoint: _1271_ (rising edge-triggered flip-flop clocked by clk_i)
Endpoint: _1271_ (rising edge-triggered flip-flop clocked by clk_i)
Path Group: clk_i
Path Type: min

Fanout         Cap        Slew       Delay        Time   Description
---------------------------------------------------------------------------------------------
                                  0.000000    0.000000   clock clk_i (rise edge)
                                  0.000000    0.000000   clock source latency
   170    0.725720    0.000000    0.000000    0.000000 ^ clk_i (in)
                                                         clk_i (net)
                      0.106657    0.053328    0.053328 ^ _1271_/CLK (sg13g2_dfrbpq_1)
    10    0.031754    0.134209    0.286026    0.339354 ^ _1271_/Q (sg13g2_dfrbpq_1)
                                                         u_boot_ctrl.word_cnt[12] (net)
                      0.134209    0.000276    0.339629 ^ _0882_/A1 (sg13g2_a21oi_1)
     1    0.001446    0.017182    0.079821    0.419450 v _0882_/Y (sg13g2_a21oi_1)
                                                         _0053_ (net)
                      0.017182    0.000006    0.419456 v _1271_/D (sg13g2_dfrbpq_1)
                                              0.419456   data arrival time

                                  0.000000    0.000000   clock clk_i (rise edge)
                                  0.000000    0.000000   clock source latency
   170    0.801780    0.000000    0.000000    0.000000 ^ clk_i (in)
                                                         clk_i (net)
                      0.117822    0.058911    0.058911 ^ _1271_/CLK (sg13g2_dfrbpq_1)
                                  0.100000    0.158911   clock uncertainty
                                 -0.005583    0.153328   clock reconvergence pessimism
                                 -0.013075    0.140253   library hold time
                                              0.140253   data required time
---------------------------------------------------------------------------------------------
                                              0.140253   data required time
                                             -0.419456   data arrival time
---------------------------------------------------------------------------------------------
                                              0.279203   slack (MET)


Startpoint: _1283_ (rising edge-triggered flip-flop clocked by clk_i)
Endpoint: _1283_ (rising edge-triggered flip-flop clocked by clk_i)
Path Group: clk_i
Path Type: min

Fanout         Cap        Slew       Delay        Time   Description
---------------------------------------------------------------------------------------------
                                  0.000000    0.000000   clock clk_i (rise edge)
                                  0.000000    0.000000   clock source latency
   170    0.725720    0.000000    0.000000    0.000000 ^ clk_i (in)
                                                         clk_i (net)
                      0.064940    0.032470    0.032470 ^ _1283_/CLK (sg13g2_dfrbpq_1)
     7    0.029344    0.095627    0.244396    0.276866 v _1283_/Q (sg13g2_dfrbpq_1)
                                                         u_boot_ctrl.word_cnt[24] (net)
                      0.095627    0.000409    0.277275 v _0932_/A (sg13g2_nor2_1)
     1    0.002839    0.046934    0.076667    0.353942 ^ _0932_/Y (sg13g2_nor2_1)
                                                         _0338_ (net)
                      0.046934    0.000020    0.353962 ^ _0935_/B (sg13g2_nor2_1)
     1    0.002666    0.021299    0.034175    0.388137 v _0935_/Y (sg13g2_nor2_1)
                                                         _0065_ (net)
                      0.021299    0.000031    0.388168 v _1283_/D (sg13g2_dfrbpq_1)
                                              0.388168   data arrival time

                                  0.000000    0.000000   clock clk_i (rise edge)
                                  0.000000    0.000000   clock source latency
   170    0.801780    0.000000    0.000000    0.000000 ^ clk_i (in)
                                                         clk_i (net)
                      0.071740    0.035870    0.035870 ^ _1283_/CLK (sg13g2_dfrbpq_1)
                                  0.100000    0.135870   clock uncertainty
                                 -0.003400    0.132470   clock reconvergence pessimism
                                 -0.024003    0.108467   library hold time
                                              0.108467   data required time
---------------------------------------------------------------------------------------------
                                              0.108467   data required time
                                             -0.388168   data arrival time
---------------------------------------------------------------------------------------------
                                              0.279700   slack (MET)


Startpoint: _1388_ (rising edge-triggered flip-flop clocked by clk_i)
Endpoint: _1393_ (rising edge-triggered flip-flop clocked by clk_i)
Path Group: clk_i
Path Type: min

Fanout         Cap        Slew       Delay        Time   Description
---------------------------------------------------------------------------------------------
                                  0.000000    0.000000   clock clk_i (rise edge)
                                  0.000000    0.000000   clock source latency
   170    0.725720    0.000000    0.000000    0.000000 ^ clk_i (in)
                                                         clk_i (net)
                      0.105680    0.052840    0.052840 ^ _1388_/CLK (sg13g2_dfrbpq_1)
     8    0.031792    0.102960    0.268041    0.320881 v _1388_/Q (sg13g2_dfrbpq_1)
                                                         u_boot_ctrl.state[0] (net)
                      0.102964    0.000776    0.321658 v _0720_/B (sg13g2_and2_1)
     1    0.001793    0.017603    0.101341    0.422998 v _0720_/X (sg13g2_and2_1)
                                                         _0001_ (net)
                      0.017603    0.000012    0.423010 v _1393_/D (sg13g2_dfrbpq_1)
                                              0.423010   data arrival time

                                  0.000000    0.000000   clock clk_i (rise edge)
                                  0.000000    0.000000   clock source latency
   170    0.801780    0.000000    0.000000    0.000000 ^ clk_i (in)
                                                         clk_i (net)
                      0.114147    0.057074    0.057074 ^ _1393_/CLK (sg13g2_dfrbpq_1)
                                  0.100000    0.157074   clock uncertainty
                                  0.000000    0.157074   clock reconvergence pessimism
                                 -0.013976    0.143097   library hold time
                                              0.143097   data required time
---------------------------------------------------------------------------------------------
                                              0.143097   data required time
                                             -0.423010   data arrival time
---------------------------------------------------------------------------------------------
                                              0.279913   slack (MET)


Startpoint: _1267_ (rising edge-triggered flip-flop clocked by clk_i)
Endpoint: _1267_ (rising edge-triggered flip-flop clocked by clk_i)
Path Group: clk_i
Path Type: min

Fanout         Cap        Slew       Delay        Time   Description
---------------------------------------------------------------------------------------------
                                  0.000000    0.000000   clock clk_i (rise edge)
                                  0.000000    0.000000   clock source latency
   170    0.725720    0.000000    0.000000    0.000000 ^ clk_i (in)
                                                         clk_i (net)
                      0.110479    0.055240    0.055240 ^ _1267_/CLK (sg13g2_dfrbpq_1)
     8    0.030774    0.130331    0.284455    0.339695 ^ _1267_/Q (sg13g2_dfrbpq_1)
                                                         u_boot_ctrl.word_cnt[8] (net)
                      0.130331    0.000298    0.339993 ^ _0871_/A1 (sg13g2_a21oi_1)
     1    0.002209    0.019234    0.082834    0.422827 v _0871_/Y (sg13g2_a21oi_1)
                                                         _0049_ (net)
                      0.019234    0.000020    0.422846 v _1267_/D (sg13g2_dfrbpq_1)
                                              0.422846   data arrival time

                                  0.000000    0.000000   clock clk_i (rise edge)
                                  0.000000    0.000000   clock source latency
   170    0.801780    0.000000    0.000000    0.000000 ^ clk_i (in)
                                                         clk_i (net)
                      0.122044    0.061022    0.061022 ^ _1267_/CLK (sg13g2_dfrbpq_1)
                                  0.100000    0.161022   clock uncertainty
                                 -0.005782    0.155240   clock reconvergence pessimism
                                 -0.012849    0.142390   library hold time
                                              0.142390   data required time
---------------------------------------------------------------------------------------------
                                              0.142390   data required time
                                             -0.422846   data arrival time
---------------------------------------------------------------------------------------------
                                              0.280456   slack (MET)


Startpoint: _1267_ (rising edge-triggered flip-flop clocked by clk_i)
Endpoint: _1237_ (rising edge-triggered flip-flop clocked by clk_i)
Path Group: clk_i
Path Type: min

Fanout         Cap        Slew       Delay        Time   Description
---------------------------------------------------------------------------------------------
                                  0.000000    0.000000   clock clk_i (rise edge)
                                  0.000000    0.000000   clock source latency
   170    0.725720    0.000000    0.000000    0.000000 ^ clk_i (in)
                                                         clk_i (net)
                      0.110479    0.055240    0.055240 ^ _1267_/CLK (sg13g2_dfrbpq_1)
     8    0.030547    0.099202    0.266902    0.322142 v _1267_/Q (sg13g2_dfrbpq_1)
                                                         u_boot_ctrl.word_cnt[8] (net)
                      0.099203    0.000520    0.322663 v _0788_/A (sg13g2_nor2b_1)
     1    0.002980    0.058202    0.071551    0.394214 ^ _0788_/Y (sg13g2_nor2b_1)
                                                         _0240_ (net)
                      0.058202    0.000024    0.394238 ^ _0790_/B (sg13g2_nor2_1)
     1    0.001869    0.018642    0.035229    0.429467 v _0790_/Y (sg13g2_nor2_1)
                                                         _0019_ (net)
                      0.018642    0.000013    0.429480 v _1237_/D (sg13g2_dfrbpq_1)
                                              0.429480   data arrival time

                                  0.000000    0.000000   clock clk_i (rise edge)
                                  0.000000    0.000000   clock source latency
   170    0.801780    0.000000    0.000000    0.000000 ^ clk_i (in)
                                                         clk_i (net)
                      0.122637    0.061319    0.061319 ^ _1237_/CLK (sg13g2_dfrbpq_1)
                                  0.100000    0.161319   clock uncertainty
                                  0.000000    0.161319   clock reconvergence pessimism
                                 -0.012536    0.148782   library hold time
                                              0.148782   data required time
---------------------------------------------------------------------------------------------
                                              0.148782   data required time
                                             -0.429480   data arrival time
---------------------------------------------------------------------------------------------
                                              0.280697   slack (MET)


Startpoint: _1321_ (rising edge-triggered flip-flop clocked by clk_i)
Endpoint: _1355_ (rising edge-triggered flip-flop clocked by clk_i)
Path Group: clk_i
Path Type: min

Fanout         Cap        Slew       Delay        Time   Description
---------------------------------------------------------------------------------------------
                                  0.000000    0.000000   clock clk_i (rise edge)
                                  0.000000    0.000000   clock source latency
   170    0.725720    0.000000    0.000000    0.000000 ^ clk_i (in)
                                                         clk_i (net)
                      0.063770    0.031885    0.031885 ^ _1321_/CLK (sg13g2_dfrbpq_1)
     2    0.006273    0.028601    0.188893    0.220778 v _1321_/Q (sg13g2_dfrbpq_1)
                                                         u_boot_ctrl.word_asm[28] (net)
                      0.028601    0.000030    0.220808 v _1129_/A1 (sg13g2_mux2_1)
     1    0.002471    0.030155    0.105971    0.326779 v _1129_/X (sg13g2_mux2_1)
                                                         _0464_ (net)
                      0.030155    0.000014    0.326793 v _1130_/A (sg13g2_and2_1)
     1    0.001481    0.016430    0.062557    0.389350 v _1130_/X (sg13g2_and2_1)
                                                         _0137_ (net)
                      0.016430    0.000006    0.389356 v _1355_/D (sg13g2_dfrbpq_1)
                                              0.389356   data arrival time

                                  0.000000    0.000000   clock clk_i (rise edge)
                                  0.000000    0.000000   clock source latency
   170    0.801780    0.000000    0.000000    0.000000 ^ clk_i (in)
                                                         clk_i (net)
                      0.063697    0.031849    0.031849 ^ _1355_/CLK (sg13g2_dfrbpq_1)
                                  0.100000    0.131849   clock uncertainty
                                  0.000000    0.131849   clock reconvergence pessimism
                                 -0.024132    0.107717   library hold time
                                              0.107717   data required time
---------------------------------------------------------------------------------------------
                                              0.107717   data required time
                                             -0.389356   data arrival time
---------------------------------------------------------------------------------------------
                                              0.281640   slack (MET)


Startpoint: _1259_ (rising edge-triggered flip-flop clocked by clk_i)
Endpoint: _1259_ (rising edge-triggered flip-flop clocked by clk_i)
Path Group: clk_i
Path Type: min

Fanout         Cap        Slew       Delay        Time   Description
---------------------------------------------------------------------------------------------
                                  0.000000    0.000000   clock clk_i (rise edge)
                                  0.000000    0.000000   clock source latency
   170    0.725720    0.000000    0.000000    0.000000 ^ clk_i (in)
                                                         clk_i (net)
                      0.110323    0.055162    0.055162 ^ _1259_/CLK (sg13g2_dfrbpq_1)
     9    0.030982    0.131180    0.284903    0.340065 ^ _1259_/Q (sg13g2_dfrbpq_1)
                                                         u_boot_ctrl.word_cnt[0] (net)
                      0.131180    0.000382    0.340447 ^ _0847_/A2 (sg13g2_a21oi_1)
     1    0.001848    0.015168    0.085109    0.425556 v _0847_/Y (sg13g2_a21oi_1)
                                                         _0041_ (net)
                      0.015168    0.000013    0.425569 v _1259_/D (sg13g2_dfrbpq_1)
                                              0.425569   data arrival time

                                  0.000000    0.000000   clock clk_i (rise edge)
                                  0.000000    0.000000   clock source latency
   170    0.801780    0.000000    0.000000    0.000000 ^ clk_i (in)
                                                         clk_i (net)
                      0.121883    0.060942    0.060942 ^ _1259_/CLK (sg13g2_dfrbpq_1)
                                  0.100000    0.160942   clock uncertainty
                                 -0.005780    0.155162   clock reconvergence pessimism
                                 -0.011584    0.143578   library hold time
                                              0.143578   data required time
---------------------------------------------------------------------------------------------
                                              0.143578   data required time
                                             -0.425569   data arrival time
---------------------------------------------------------------------------------------------
                                              0.281991   slack (MET)


Startpoint: _1305_ (rising edge-triggered flip-flop clocked by clk_i)
Endpoint: _1339_ (rising edge-triggered flip-flop clocked by clk_i)
Path Group: clk_i
Path Type: min

Fanout         Cap        Slew       Delay        Time   Description
---------------------------------------------------------------------------------------------
                                  0.000000    0.000000   clock clk_i (rise edge)
                                  0.000000    0.000000   clock source latency
   170    0.725720    0.000000    0.000000    0.000000 ^ clk_i (in)
                                                         clk_i (net)
                      0.039055    0.019528    0.019528 ^ _1305_/CLK (sg13g2_dfrbpq_1)
     3    0.010711    0.041379    0.187793    0.207321 v _1305_/Q (sg13g2_dfrbpq_1)
                                                         u_boot_ctrl.word_asm[12] (net)
                      0.041379    0.000100    0.207421 v _1097_/A1 (sg13g2_mux2_1)
     1    0.002400    0.029972    0.110934    0.318354 v _1097_/X (sg13g2_mux2_1)
                                                         _0448_ (net)
                      0.029972    0.000012    0.318367 v _1098_/A (sg13g2_and2_1)
     1    0.001526    0.016545    0.062590    0.380957 v _1098_/X (sg13g2_and2_1)
                                                         _0121_ (net)
                      0.016545    0.000007    0.380964 v _1339_/D (sg13g2_dfrbpq_1)
                                              0.380964   data arrival time

                                  0.000000    0.000000   clock clk_i (rise edge)
                                  0.000000    0.000000   clock source latency
   170    0.801780    0.000000    0.000000    0.000000 ^ clk_i (in)
                                                         clk_i (net)
                      0.050649    0.025325    0.025325 ^ _1339_/CLK (sg13g2_dfrbpq_1)
                                  0.100000    0.125325   clock uncertainty
                                  0.000000    0.125325   clock reconvergence pessimism
                                 -0.026892    0.098433   library hold time
                                              0.098433   data required time
---------------------------------------------------------------------------------------------
                                              0.098433   data required time
                                             -0.380964   data arrival time
---------------------------------------------------------------------------------------------
                                              0.282531   slack (MET)


Startpoint: _1320_ (rising edge-triggered flip-flop clocked by clk_i)
Endpoint: _1354_ (rising edge-triggered flip-flop clocked by clk_i)
Path Group: clk_i
Path Type: min

Fanout         Cap        Slew       Delay        Time   Description
---------------------------------------------------------------------------------------------
                                  0.000000    0.000000   clock clk_i (rise edge)
                                  0.000000    0.000000   clock source latency
   170    0.725720    0.000000    0.000000    0.000000 ^ clk_i (in)
                                                         clk_i (net)
                      0.067848    0.033924    0.033924 ^ _1320_/CLK (sg13g2_dfrbpq_1)
     2    0.006225    0.028468    0.190746    0.224670 v _1320_/Q (sg13g2_dfrbpq_1)
                                                         u_boot_ctrl.word_asm[27] (net)
                      0.028468    0.000025    0.224695 v _1127_/A1 (sg13g2_mux2_1)
     1    0.002392    0.029953    0.105655    0.330349 v _1127_/X (sg13g2_mux2_1)
                                                         _0463_ (net)
                      0.029953    0.000012    0.330361 v _1128_/A (sg13g2_and2_1)
     1    0.001460    0.016367    0.062417    0.392779 v _1128_/X (sg13g2_and2_1)
                                                         _0136_ (net)
                      0.016367    0.000006    0.392785 v _1354_/D (sg13g2_dfrbpq_1)
                                              0.392785   data arrival time

                                  0.000000    0.000000   clock clk_i (rise edge)
                                  0.000000    0.000000   clock source latency
   170    0.801780    0.000000    0.000000    0.000000 ^ clk_i (in)
                                                         clk_i (net)
                      0.066923    0.033462    0.033462 ^ _1354_/CLK (sg13g2_dfrbpq_1)
                                  0.100000    0.133462   clock uncertainty
                                  0.000000    0.133462   clock reconvergence pessimism
                                 -0.023439    0.110023   library hold time
                                              0.110023   data required time
---------------------------------------------------------------------------------------------
                                              0.110023   data required time
                                             -0.392785   data arrival time
---------------------------------------------------------------------------------------------
                                              0.282762   slack (MET)


Startpoint: _1298_ (rising edge-triggered flip-flop clocked by clk_i)
Endpoint: _1332_ (rising edge-triggered flip-flop clocked by clk_i)
Path Group: clk_i
Path Type: min

Fanout         Cap        Slew       Delay        Time   Description
---------------------------------------------------------------------------------------------
                                  0.000000    0.000000   clock clk_i (rise edge)
                                  0.000000    0.000000   clock source latency
   170    0.725720    0.000000    0.000000    0.000000 ^ clk_i (in)
                                                         clk_i (net)
                      0.037604    0.018802    0.018802 ^ _1298_/CLK (sg13g2_dfrbpq_1)
     3    0.009506    0.037855    0.184162    0.202964 v _1298_/Q (sg13g2_dfrbpq_1)
                                                         u_boot_ctrl.word_asm[5] (net)
                      0.037855    0.000042    0.203006 v _1083_/A1 (sg13g2_mux2_1)
     1    0.002354    0.029854    0.109346    0.312352 v _1083_/X (sg13g2_mux2_1)
                                                         _0441_ (net)
                      0.029854    0.000011    0.312362 v _1084_/A (sg13g2_and2_1)
     1    0.001467    0.016380    0.062390    0.374752 v _1084_/X (sg13g2_and2_1)
                                                         _0114_ (net)
                      0.016380    0.000006    0.374759 v _1332_/D (sg13g2_dfrbpq_1)
                                              0.374759   data arrival time

                                  0.000000    0.000000   clock clk_i (rise edge)
                                  0.000000    0.000000   clock source latency
   170    0.801780    0.000000    0.000000    0.000000 ^ clk_i (in)
                                                         clk_i (net)
                      0.040640    0.020320    0.020320 ^ _1332_/CLK (sg13g2_dfrbpq_1)
                                  0.100000    0.120320   clock uncertainty
                                  0.000000    0.120320   clock reconvergence pessimism
                                 -0.028929    0.091391   library hold time
                                              0.091391   data required time
---------------------------------------------------------------------------------------------
                                              0.091391   data required time
                                             -0.374759   data arrival time
---------------------------------------------------------------------------------------------
                                              0.283368   slack (MET)


Startpoint: _1319_ (rising edge-triggered flip-flop clocked by clk_i)
Endpoint: _1353_ (rising edge-triggered flip-flop clocked by clk_i)
Path Group: clk_i
Path Type: min

Fanout         Cap        Slew       Delay        Time   Description
---------------------------------------------------------------------------------------------
                                  0.000000    0.000000   clock clk_i (rise edge)
                                  0.000000    0.000000   clock source latency
   170    0.725720    0.000000    0.000000    0.000000 ^ clk_i (in)
                                                         clk_i (net)
                      0.069243    0.034622    0.034622 ^ _1319_/CLK (sg13g2_dfrbpq_1)
     2    0.006473    0.029159    0.192025    0.226647 v _1319_/Q (sg13g2_dfrbpq_1)
                                                         u_boot_ctrl.word_asm[26] (net)
                      0.029159    0.000028    0.226675 v _1125_/A1 (sg13g2_mux2_1)
     1    0.002367    0.029888    0.105851    0.332526 v _1125_/X (sg13g2_mux2_1)
                                                         _0462_ (net)
                      0.029888    0.000011    0.332538 v _1126_/A (sg13g2_and2_1)
     1    0.001466    0.016379    0.062403    0.394940 v _1126_/X (sg13g2_and2_1)
                                                         _0135_ (net)
                      0.016379    0.000006    0.394947 v _1353_/D (sg13g2_dfrbpq_1)
                                              0.394947   data arrival time

                                  0.000000    0.000000   clock clk_i (rise edge)
                                  0.000000    0.000000   clock source latency
   170    0.801780    0.000000    0.000000    0.000000 ^ clk_i (in)
                                                         clk_i (net)
                      0.069119    0.034560    0.034560 ^ _1353_/CLK (sg13g2_dfrbpq_1)
                                  0.100000    0.134560   clock uncertainty
                                  0.000000    0.134560   clock reconvergence pessimism
                                 -0.022984    0.111575   library hold time
                                              0.111575   data required time
---------------------------------------------------------------------------------------------
                                              0.111575   data required time
                                             -0.394947   data arrival time
---------------------------------------------------------------------------------------------
                                              0.283371   slack (MET)


Startpoint: _1297_ (rising edge-triggered flip-flop clocked by clk_i)
Endpoint: _1331_ (rising edge-triggered flip-flop clocked by clk_i)
Path Group: clk_i
Path Type: min

Fanout         Cap        Slew       Delay        Time   Description
---------------------------------------------------------------------------------------------
                                  0.000000    0.000000   clock clk_i (rise edge)
                                  0.000000    0.000000   clock source latency
   170    0.725720    0.000000    0.000000    0.000000 ^ clk_i (in)
                                                         clk_i (net)
                      0.041271    0.020635    0.020635 ^ _1297_/CLK (sg13g2_dfrbpq_1)
     3    0.009413    0.037585    0.185709    0.206345 v _1297_/Q (sg13g2_dfrbpq_1)
                                                         u_boot_ctrl.word_asm[4] (net)
                      0.037585    0.000032    0.206377 v _1081_/A1 (sg13g2_mux2_1)
     1    0.002361    0.029874    0.109262    0.315638 v _1081_/X (sg13g2_mux2_1)
                                                         _0440_ (net)
                      0.029874    0.000011    0.315650 v _1082_/A (sg13g2_and2_1)
     1    0.001485    0.016430    0.062444    0.378093 v _1082_/X (sg13g2_and2_1)
                                                         _0113_ (net)
                      0.016430    0.000007    0.378100 v _1331_/D (sg13g2_dfrbpq_1)
                                              0.378100   data arrival time

                                  0.000000    0.000000   clock clk_i (rise edge)
                                  0.000000    0.000000   clock source latency
   170    0.801780    0.000000    0.000000    0.000000 ^ clk_i (in)
                                                         clk_i (net)
                      0.044395    0.022198    0.022198 ^ _1331_/CLK (sg13g2_dfrbpq_1)
                                  0.100000    0.122198   clock uncertainty
                                  0.000000    0.122198   clock reconvergence pessimism
                                 -0.028161    0.094037   library hold time
                                              0.094037   data required time
---------------------------------------------------------------------------------------------
                                              0.094037   data required time
                                             -0.378100   data arrival time
---------------------------------------------------------------------------------------------
                                              0.284063   slack (MET)


Startpoint: _1315_ (rising edge-triggered flip-flop clocked by clk_i)
Endpoint: _1349_ (rising edge-triggered flip-flop clocked by clk_i)
Path Group: clk_i
Path Type: min

Fanout         Cap        Slew       Delay        Time   Description
---------------------------------------------------------------------------------------------
                                  0.000000    0.000000   clock clk_i (rise edge)
                                  0.000000    0.000000   clock source latency
   170    0.725720    0.000000    0.000000    0.000000 ^ clk_i (in)
                                                         clk_i (net)
                      0.029921    0.014961    0.014961 ^ _1315_/CLK (sg13g2_dfrbpq_1)
     3    0.010106    0.039606    0.181897    0.196858 v _1315_/Q (sg13g2_dfrbpq_1)
                                                         u_boot_ctrl.word_asm[22] (net)
                      0.039606    0.000041    0.196898 v _1117_/A1 (sg13g2_mux2_1)
     1    0.002563    0.030392    0.110758    0.307656 v _1117_/X (sg13g2_mux2_1)
                                                         _0458_ (net)
                      0.030392    0.000016    0.307672 v _1118_/A (sg13g2_and2_1)
     1    0.001632    0.016845    0.063037    0.370709 v _1118_/X (sg13g2_and2_1)
                                                         _0131_ (net)
                      0.016845    0.000009    0.370718 v _1349_/D (sg13g2_dfrbpq_1)
                                              0.370718   data arrival time

                                  0.000000    0.000000   clock clk_i (rise edge)
                                  0.000000    0.000000   clock source latency
   170    0.801780    0.000000    0.000000    0.000000 ^ clk_i (in)
                                                         clk_i (net)
                      0.032928    0.016464    0.016464 ^ _1349_/CLK (sg13g2_dfrbpq_1)
                                  0.100000    0.116464   clock uncertainty
                                  0.000000    0.116464   clock reconvergence pessimism
                                 -0.030686    0.085778   library hold time
                                              0.085778   data required time
---------------------------------------------------------------------------------------------
                                              0.085778   data required time
                                             -0.370718   data arrival time
---------------------------------------------------------------------------------------------
                                              0.284940   slack (MET)


Startpoint: _1316_ (rising edge-triggered flip-flop clocked by clk_i)
Endpoint: _1350_ (rising edge-triggered flip-flop clocked by clk_i)
Path Group: clk_i
Path Type: min

Fanout         Cap        Slew       Delay        Time   Description
---------------------------------------------------------------------------------------------
                                  0.000000    0.000000   clock clk_i (rise edge)
                                  0.000000    0.000000   clock source latency
   170    0.725720    0.000000    0.000000    0.000000 ^ clk_i (in)
                                                         clk_i (net)
                      0.029028    0.014514    0.014514 ^ _1316_/CLK (sg13g2_dfrbpq_1)
     3    0.010258    0.040046    0.181850    0.196364 v _1316_/Q (sg13g2_dfrbpq_1)
                                                         u_boot_ctrl.word_asm[23] (net)
                      0.040046    0.000093    0.196458 v _1119_/A1 (sg13g2_mux2_1)
     1    0.002526    0.030299    0.110815    0.307273 v _1119_/X (sg13g2_mux2_1)
                                                         _0459_ (net)
                      0.030299    0.000015    0.307288 v _1120_/A (sg13g2_and2_1)
     1    0.001596    0.016745    0.062907    0.370195 v _1120_/X (sg13g2_and2_1)
                                                         _0132_ (net)
                      0.016745    0.000008    0.370203 v _1350_/D (sg13g2_dfrbpq_1)
                                              0.370203   data arrival time

                                  0.000000    0.000000   clock clk_i (rise edge)
                                  0.000000    0.000000   clock source latency
   170    0.801780    0.000000    0.000000    0.000000 ^ clk_i (in)
                                                         clk_i (net)
                      0.032109    0.016055    0.016055 ^ _1350_/CLK (sg13g2_dfrbpq_1)
                                  0.100000    0.116055   clock uncertainty
                                  0.000000    0.116055   clock reconvergence pessimism
                                 -0.030825    0.085229   library hold time
                                              0.085229   data required time
---------------------------------------------------------------------------------------------
                                              0.085229   data required time
                                             -0.370203   data arrival time
---------------------------------------------------------------------------------------------
                                              0.284974   slack (MET)


Startpoint: _1314_ (rising edge-triggered flip-flop clocked by clk_i)
Endpoint: _1348_ (rising edge-triggered flip-flop clocked by clk_i)
Path Group: clk_i
Path Type: min

Fanout         Cap        Slew       Delay        Time   Description
---------------------------------------------------------------------------------------------
                                  0.000000    0.000000   clock clk_i (rise edge)
                                  0.000000    0.000000   clock source latency
   170    0.725720    0.000000    0.000000    0.000000 ^ clk_i (in)
                                                         clk_i (net)
                      0.031860    0.015930    0.015930 ^ _1314_/CLK (sg13g2_dfrbpq_1)
     3    0.010446    0.040601    0.183661    0.199592 v _1314_/Q (sg13g2_dfrbpq_1)
                                                         u_boot_ctrl.word_asm[21] (net)
                      0.040601    0.000048    0.199640 v _1115_/A1 (sg13g2_mux2_1)
     1    0.002525    0.030295    0.111036    0.310676 v _1115_/X (sg13g2_mux2_1)
                                                         _0457_ (net)
                      0.030295    0.000015    0.310691 v _1116_/A (sg13g2_and2_1)
     1    0.001616    0.016797    0.062954    0.373645 v _1116_/X (sg13g2_and2_1)
                                                         _0130_ (net)
                      0.016797    0.000008    0.373653 v _1348_/D (sg13g2_dfrbpq_1)
                                              0.373653   data arrival time

                                  0.000000    0.000000   clock clk_i (rise edge)
                                  0.000000    0.000000   clock source latency
   170    0.801780    0.000000    0.000000    0.000000 ^ clk_i (in)
                                                         clk_i (net)
                      0.034852    0.017426    0.017426 ^ _1348_/CLK (sg13g2_dfrbpq_1)
                                  0.100000    0.117426   clock uncertainty
                                  0.000000    0.117426   clock reconvergence pessimism
                                 -0.030270    0.087156   library hold time
                                              0.087156   data required time
---------------------------------------------------------------------------------------------
                                              0.087156   data required time
                                             -0.373653   data arrival time
---------------------------------------------------------------------------------------------
                                              0.286497   slack (MET)


Startpoint: _1307_ (rising edge-triggered flip-flop clocked by clk_i)
Endpoint: _1341_ (rising edge-triggered flip-flop clocked by clk_i)
Path Group: clk_i
Path Type: min

Fanout         Cap        Slew       Delay        Time   Description
---------------------------------------------------------------------------------------------
                                  0.000000    0.000000   clock clk_i (rise edge)
                                  0.000000    0.000000   clock source latency
   170    0.725720    0.000000    0.000000    0.000000 ^ clk_i (in)
                                                         clk_i (net)
                      0.030408    0.015204    0.015204 ^ _1307_/CLK (sg13g2_dfrbpq_1)
     3    0.010392    0.040444    0.182829    0.198033 v _1307_/Q (sg13g2_dfrbpq_1)
                                                         u_boot_ctrl.word_asm[14] (net)
                      0.040444    0.000131    0.198163 v _1101_/A1 (sg13g2_mux2_1)
     1    0.002605    0.030502    0.111242    0.309405 v _1101_/X (sg13g2_mux2_1)
                                                         _0450_ (net)
                      0.030502    0.000017    0.309422 v _1102_/A (sg13g2_and2_1)
     1    0.001668    0.016945    0.063174    0.372596 v _1102_/X (sg13g2_and2_1)
                                                         _0123_ (net)
                      0.016945    0.000010    0.372606 v _1341_/D (sg13g2_dfrbpq_1)
                                              0.372606   data arrival time

                                  0.000000    0.000000   clock clk_i (rise edge)
                                  0.000000    0.000000   clock source latency
   170    0.801780    0.000000    0.000000    0.000000 ^ clk_i (in)
                                                         clk_i (net)
                      0.033090    0.016545    0.016545 ^ _1341_/CLK (sg13g2_dfrbpq_1)
                                  0.100000    0.116545   clock uncertainty
                                  0.000000    0.116545   clock reconvergence pessimism
                                 -0.030684    0.085861   library hold time
                                              0.085861   data required time
---------------------------------------------------------------------------------------------
                                              0.085861   data required time
                                             -0.372606   data arrival time
---------------------------------------------------------------------------------------------
                                              0.286745   slack (MET)


Startpoint: _1308_ (rising edge-triggered flip-flop clocked by clk_i)
Endpoint: _1342_ (rising edge-triggered flip-flop clocked by clk_i)
Path Group: clk_i
Path Type: min

Fanout         Cap        Slew       Delay        Time   Description
---------------------------------------------------------------------------------------------
                                  0.000000    0.000000   clock clk_i (rise edge)
                                  0.000000    0.000000   clock source latency
   170    0.725720    0.000000    0.000000    0.000000 ^ clk_i (in)
                                                         clk_i (net)
                      0.029463    0.014731    0.014731 ^ _1308_/CLK (sg13g2_dfrbpq_1)
     3    0.010311    0.040202    0.182185    0.196916 v _1308_/Q (sg13g2_dfrbpq_1)
                                                         u_boot_ctrl.word_asm[15] (net)
                      0.040202    0.000099    0.197016 v _1103_/A1 (sg13g2_mux2_1)
     1    0.002762    0.030902    0.111666    0.308682 v _1103_/X (sg13g2_mux2_1)
                                                         _0451_ (net)
                      0.030902    0.000021    0.308702 v _1104_/A (sg13g2_and2_1)
     1    0.001774    0.017243    0.063611    0.372314 v _1104_/X (sg13g2_and2_1)
                                                         _0124_ (net)
                      0.017243    0.000011    0.372325 v _1342_/D (sg13g2_dfrbpq_1)
                                              0.372325   data arrival time

                                  0.000000    0.000000   clock clk_i (rise edge)
                                  0.000000    0.000000   clock source latency
   170    0.801780    0.000000    0.000000    0.000000 ^ clk_i (in)
                                                         clk_i (net)
                      0.032479    0.016239    0.016239 ^ _1342_/CLK (sg13g2_dfrbpq_1)
                                  0.100000    0.116239   clock uncertainty
                                  0.000000    0.116239   clock reconvergence pessimism
                                 -0.030906    0.085333   library hold time
                                              0.085333   data required time
---------------------------------------------------------------------------------------------
                                              0.085333   data required time
                                             -0.372325   data arrival time
---------------------------------------------------------------------------------------------
                                              0.286992   slack (MET)


Startpoint: _1306_ (rising edge-triggered flip-flop clocked by clk_i)
Endpoint: _1340_ (rising edge-triggered flip-flop clocked by clk_i)
Path Group: clk_i
Path Type: min

Fanout         Cap        Slew       Delay        Time   Description
---------------------------------------------------------------------------------------------
                                  0.000000    0.000000   clock clk_i (rise edge)
                                  0.000000    0.000000   clock source latency
   170    0.725720    0.000000    0.000000    0.000000 ^ clk_i (in)
                                                         clk_i (net)
                      0.036591    0.018295    0.018295 ^ _1306_/CLK (sg13g2_dfrbpq_1)
     3    0.011039    0.042337    0.187404    0.205699 v _1306_/Q (sg13g2_dfrbpq_1)
                                                         u_boot_ctrl.word_asm[13] (net)
                      0.042337    0.000118    0.205818 v _1099_/A1 (sg13g2_mux2_1)
     1    0.002359    0.029867    0.111187    0.317004 v _1099_/X (sg13g2_mux2_1)
                                                         _0449_ (net)
                      0.029867    0.000011    0.317015 v _1100_/A (sg13g2_and2_1)
     1    0.001467    0.016383    0.062398    0.379413 v _1100_/X (sg13g2_and2_1)
                                                         _0122_ (net)
                      0.016383    0.000006    0.379419 v _1340_/D (sg13g2_dfrbpq_1)
                                              0.379419   data arrival time

                                  0.000000    0.000000   clock clk_i (rise edge)
                                  0.000000    0.000000   clock source latency
   170    0.801780    0.000000    0.000000    0.000000 ^ clk_i (in)
                                                         clk_i (net)
                      0.039420    0.019710    0.019710 ^ _1340_/CLK (sg13g2_dfrbpq_1)
                                  0.100000    0.119710   clock uncertainty
                                  0.000000    0.119710   clock reconvergence pessimism
                                 -0.029184    0.090526   library hold time
                                              0.090526   data required time
---------------------------------------------------------------------------------------------
                                              0.090526   data required time
                                             -0.379419   data arrival time
---------------------------------------------------------------------------------------------
                                              0.288894   slack (MET)


Startpoint: _1310_ (rising edge-triggered flip-flop clocked by clk_i)
Endpoint: _1344_ (rising edge-triggered flip-flop clocked by clk_i)
Path Group: clk_i
Path Type: min

Fanout         Cap        Slew       Delay        Time   Description
---------------------------------------------------------------------------------------------
                                  0.000000    0.000000   clock clk_i (rise edge)
                                  0.000000    0.000000   clock source latency
   170    0.725720    0.000000    0.000000    0.000000 ^ clk_i (in)
                                                         clk_i (net)
                      0.063952    0.031976    0.031976 ^ _1310_/CLK (sg13g2_dfrbpq_1)
     3    0.009431    0.037649    0.196700    0.228676 v _1310_/Q (sg13g2_dfrbpq_1)
                                                         u_boot_ctrl.word_asm[17] (net)
                      0.037649    0.000036    0.228712 v _1107_/A1 (sg13g2_mux2_1)
     1    0.002518    0.030278    0.109813    0.338525 v _1107_/X (sg13g2_mux2_1)
                                                         _0453_ (net)
                      0.030278    0.000015    0.338540 v _1108_/A (sg13g2_and2_1)
     1    0.001646    0.016878    0.063022    0.401562 v _1108_/X (sg13g2_and2_1)
                                                         _0126_ (net)
                      0.016878    0.000009    0.401571 v _1344_/D (sg13g2_dfrbpq_1)
                                              0.401571   data arrival time

                                  0.000000    0.000000   clock clk_i (rise edge)
                                  0.000000    0.000000   clock source latency
   170    0.801780    0.000000    0.000000    0.000000 ^ clk_i (in)
                                                         clk_i (net)
                      0.070697    0.035349    0.035349 ^ _1344_/CLK (sg13g2_dfrbpq_1)
                                  0.100000    0.135349   clock uncertainty
                                  0.000000    0.135349   clock reconvergence pessimism
                                 -0.022814    0.112535   library hold time
                                              0.112535   data required time
---------------------------------------------------------------------------------------------
                                              0.112535   data required time
                                             -0.401571   data arrival time
---------------------------------------------------------------------------------------------
                                              0.289036   slack (MET)


Startpoint: _1259_ (rising edge-triggered flip-flop clocked by clk_i)
Endpoint: _1229_ (rising edge-triggered flip-flop clocked by clk_i)
Path Group: clk_i
Path Type: min

Fanout         Cap        Slew       Delay        Time   Description
---------------------------------------------------------------------------------------------
                                  0.000000    0.000000   clock clk_i (rise edge)
                                  0.000000    0.000000   clock source latency
   170    0.725720    0.000000    0.000000    0.000000 ^ clk_i (in)
                                                         clk_i (net)
                      0.110323    0.055162    0.055162 ^ _1259_/CLK (sg13g2_dfrbpq_1)
     9    0.031155    0.101055    0.268114    0.323276 v _1259_/Q (sg13g2_dfrbpq_1)
                                                         u_boot_ctrl.word_cnt[0] (net)
                      0.101055    0.000113    0.323389 v _0765_/A (sg13g2_nor2b_1)
     1    0.003623    0.062850    0.076085    0.399474 ^ _0765_/Y (sg13g2_nor2b_1)
                                                         _0225_ (net)
                      0.062850    0.000045    0.399519 ^ _0766_/B (sg13g2_nor2_1)
     1    0.001709    0.018311    0.036080    0.435599 v _0766_/Y (sg13g2_nor2_1)
                                                         _0011_ (net)
                      0.018311    0.000010    0.435610 v _1229_/D (sg13g2_dfrbpq_1)
                                              0.435610   data arrival time

                                  0.000000    0.000000   clock clk_i (rise edge)
                                  0.000000    0.000000   clock source latency
   170    0.801780    0.000000    0.000000    0.000000 ^ clk_i (in)
                                                         clk_i (net)
                      0.118919    0.059459    0.059459 ^ _1229_/CLK (sg13g2_dfrbpq_1)
                                  0.100000    0.159459   clock uncertainty
                                  0.000000    0.159459   clock reconvergence pessimism
                                 -0.013207    0.146253   library hold time
                                              0.146253   data required time
---------------------------------------------------------------------------------------------
                                              0.146253   data required time
                                             -0.435610   data arrival time
---------------------------------------------------------------------------------------------
                                              0.289357   slack (MET)


Startpoint: _1302_ (rising edge-triggered flip-flop clocked by clk_i)
Endpoint: _1336_ (rising edge-triggered flip-flop clocked by clk_i)
Path Group: clk_i
Path Type: min

Fanout         Cap        Slew       Delay        Time   Description
---------------------------------------------------------------------------------------------
                                  0.000000    0.000000   clock clk_i (rise edge)
                                  0.000000    0.000000   clock source latency
   170    0.725720    0.000000    0.000000    0.000000 ^ clk_i (in)
                                                         clk_i (net)
                      0.070413    0.035206    0.035206 ^ _1302_/CLK (sg13g2_dfrbpq_1)
     3    0.009403    0.037567    0.199759    0.234965 v _1302_/Q (sg13g2_dfrbpq_1)
                                                         u_boot_ctrl.word_asm[9] (net)
                      0.037567    0.000034    0.234999 v _1091_/A1 (sg13g2_mux2_1)
     1    0.002448    0.030097    0.109544    0.344543 v _1091_/X (sg13g2_mux2_1)
                                                         _0445_ (net)
                      0.030097    0.000013    0.344556 v _1092_/A (sg13g2_and2_1)
     1    0.001476    0.016414    0.062518    0.407075 v _1092_/X (sg13g2_and2_1)
                                                         _0118_ (net)
                      0.016414    0.000006    0.407081 v _1336_/D (sg13g2_dfrbpq_1)
                                              0.407081   data arrival time

                                  0.000000    0.000000   clock clk_i (rise edge)
                                  0.000000    0.000000   clock source latency
   170    0.801780    0.000000    0.000000    0.000000 ^ clk_i (in)
                                                         clk_i (net)
                      0.077500    0.038750    0.038750 ^ _1336_/CLK (sg13g2_dfrbpq_1)
                                  0.100000    0.138750   clock uncertainty
                                  0.000000    0.138750   clock reconvergence pessimism
                                 -0.021246    0.117504   library hold time
                                              0.117504   data required time
---------------------------------------------------------------------------------------------
                                              0.117504   data required time
                                             -0.407081   data arrival time
---------------------------------------------------------------------------------------------
                                              0.289577   slack (MET)


Startpoint: _1296_ (rising edge-triggered flip-flop clocked by clk_i)
Endpoint: _1330_ (rising edge-triggered flip-flop clocked by clk_i)
Path Group: clk_i
Path Type: min

Fanout         Cap        Slew       Delay        Time   Description
---------------------------------------------------------------------------------------------
                                  0.000000    0.000000   clock clk_i (rise edge)
                                  0.000000    0.000000   clock source latency
   170    0.725720    0.000000    0.000000    0.000000 ^ clk_i (in)
                                                         clk_i (net)
                      0.069611    0.034806    0.034806 ^ _1296_/CLK (sg13g2_dfrbpq_1)
     3    0.009393    0.037539    0.199349    0.234155 v _1296_/Q (sg13g2_dfrbpq_1)
                                                         u_boot_ctrl.word_asm[3] (net)
                      0.037539    0.000030    0.234185 v _1079_/A1 (sg13g2_mux2_1)
     1    0.002400    0.029972    0.109371    0.343556 v _1079_/X (sg13g2_mux2_1)
                                                         _0439_ (net)
                      0.029972    0.000012    0.343568 v _1080_/A (sg13g2_and2_1)
     1    0.001459    0.016365    0.062423    0.405991 v _1080_/X (sg13g2_and2_1)
                                                         _0112_ (net)
                      0.016365    0.000006    0.405997 v _1330_/D (sg13g2_dfrbpq_1)
                                              0.405997   data arrival time

                                  0.000000    0.000000   clock clk_i (rise edge)
                                  0.000000    0.000000   clock source latency
   170    0.801780    0.000000    0.000000    0.000000 ^ clk_i (in)
                                                         clk_i (net)
                      0.074562    0.037281    0.037281 ^ _1330_/CLK (sg13g2_dfrbpq_1)
                                  0.100000    0.137281   clock uncertainty
                                  0.000000    0.137281   clock reconvergence pessimism
                                 -0.021844    0.115438   library hold time
                                              0.115438   data required time
---------------------------------------------------------------------------------------------
                                              0.115438   data required time
                                             -0.405997   data arrival time
---------------------------------------------------------------------------------------------
                                              0.290560   slack (MET)


Startpoint: _1301_ (rising edge-triggered flip-flop clocked by clk_i)
Endpoint: _1335_ (rising edge-triggered flip-flop clocked by clk_i)
Path Group: clk_i
Path Type: min

Fanout         Cap        Slew       Delay        Time   Description
---------------------------------------------------------------------------------------------
                                  0.000000    0.000000   clock clk_i (rise edge)
                                  0.000000    0.000000   clock source latency
   170    0.725720    0.000000    0.000000    0.000000 ^ clk_i (in)
                                                         clk_i (net)
                      0.068429    0.034214    0.034214 ^ _1301_/CLK (sg13g2_dfrbpq_1)
     3    0.009728    0.038513    0.199592    0.233806 v _1301_/Q (sg13g2_dfrbpq_1)
                                                         u_boot_ctrl.word_asm[8] (net)
                      0.038513    0.000042    0.233848 v _1089_/A1 (sg13g2_mux2_1)
     1    0.002606    0.030502    0.110457    0.344305 v _1089_/X (sg13g2_mux2_1)
                                                         _0444_ (net)
                      0.030502    0.000017    0.344322 v _1090_/A (sg13g2_and2_1)
     1    0.001503    0.016500    0.062760    0.407082 v _1090_/X (sg13g2_and2_1)
                                                         _0117_ (net)
                      0.016500    0.000007    0.407089 v _1335_/D (sg13g2_dfrbpq_1)
                                              0.407089   data arrival time

                                  0.000000    0.000000   clock clk_i (rise edge)
                                  0.000000    0.000000   clock source latency
   170    0.801780    0.000000    0.000000    0.000000 ^ clk_i (in)
                                                         clk_i (net)
                      0.075576    0.037788    0.037788 ^ _1335_/CLK (sg13g2_dfrbpq_1)
                                  0.100000    0.137788   clock uncertainty
                                  0.000000    0.137788   clock reconvergence pessimism
                                 -0.021675    0.116113   library hold time
                                              0.116113   data required time
---------------------------------------------------------------------------------------------
                                              0.116113   data required time
                                             -0.407089   data arrival time
---------------------------------------------------------------------------------------------
                                              0.290976   slack (MET)


Startpoint: _1299_ (rising edge-triggered flip-flop clocked by clk_i)
Endpoint: _1333_ (rising edge-triggered flip-flop clocked by clk_i)
Path Group: clk_i
Path Type: min

Fanout         Cap        Slew       Delay        Time   Description
---------------------------------------------------------------------------------------------
                                  0.000000    0.000000   clock clk_i (rise edge)
                                  0.000000    0.000000   clock source latency
   170    0.725720    0.000000    0.000000    0.000000 ^ clk_i (in)
                                                         clk_i (net)
                      0.030342    0.015171    0.015171 ^ _1299_/CLK (sg13g2_dfrbpq_1)
     3    0.011360    0.043302    0.185107    0.200278 v _1299_/Q (sg13g2_dfrbpq_1)
                                                         u_boot_ctrl.word_asm[6] (net)
                      0.043303    0.000231    0.200509 v _1085_/A1 (sg13g2_mux2_1)
     1    0.003384    0.032484    0.115011    0.315520 v _1085_/X (sg13g2_mux2_1)
                                                         _0442_ (net)
                      0.032484    0.000038    0.315558 v _1086_/A (sg13g2_and2_1)
     1    0.001771    0.017289    0.064286    0.379844 v _1086_/X (sg13g2_and2_1)
                                                         _0115_ (net)
                      0.017289    0.000011    0.379855 v _1333_/D (sg13g2_dfrbpq_1)
                                              0.379855   data arrival time

                                  0.000000    0.000000   clock clk_i (rise edge)
                                  0.000000    0.000000   clock source latency
   170    0.801780    0.000000    0.000000    0.000000 ^ clk_i (in)
                                                         clk_i (net)
                      0.033694    0.016847    0.016847 ^ _1333_/CLK (sg13g2_dfrbpq_1)
                                  0.100000    0.116847   clock uncertainty
                                  0.000000    0.116847   clock reconvergence pessimism
                                 -0.030667    0.086180   library hold time
                                              0.086180   data required time
---------------------------------------------------------------------------------------------
                                              0.086180   data required time
                                             -0.379855   data arrival time
---------------------------------------------------------------------------------------------
                                              0.293675   slack (MET)


Startpoint: _1287_ (rising edge-triggered flip-flop clocked by clk_i)
Endpoint: _1287_ (rising edge-triggered flip-flop clocked by clk_i)
Path Group: clk_i
Path Type: min

Fanout         Cap        Slew       Delay        Time   Description
---------------------------------------------------------------------------------------------
                                  0.000000    0.000000   clock clk_i (rise edge)
                                  0.000000    0.000000   clock source latency
   170    0.725720    0.000000    0.000000    0.000000 ^ clk_i (in)
                                                         clk_i (net)
                      0.067371    0.033686    0.033686 ^ _1287_/CLK (sg13g2_dfrbpq_1)
     7    0.026301    0.086449    0.238869    0.272555 v _1287_/Q (sg13g2_dfrbpq_1)
                                                         u_boot_ctrl.word_cnt[28] (net)
                      0.086449    0.000072    0.272627 v _0704_/A (sg13g2_inv_1)
     2    0.005969    0.043756    0.056063    0.328691 ^ _0704_/Y (sg13g2_inv_1)
                                                         _0175_ (net)
                      0.043756    0.000032    0.328722 ^ _0949_/A1 (sg13g2_a221oi_1)
     1    0.002805    0.044681    0.068835    0.397557 v _0949_/Y (sg13g2_a221oi_1)
                                                         _0069_ (net)
                      0.044681    0.000033    0.397590 v _1287_/D (sg13g2_dfrbpq_1)
                                              0.397590   data arrival time

                                  0.000000    0.000000   clock clk_i (rise edge)
                                  0.000000    0.000000   clock source latency
   170    0.801780    0.000000    0.000000    0.000000 ^ clk_i (in)
                                                         clk_i (net)
                      0.074431    0.037215    0.037215 ^ _1287_/CLK (sg13g2_dfrbpq_1)
                                  0.100000    0.137215   clock uncertainty
                                 -0.003530    0.133686   clock reconvergence pessimism
                                 -0.030881    0.102804   library hold time
                                              0.102804   data required time
---------------------------------------------------------------------------------------------
                                              0.102804   data required time
                                             -0.397590   data arrival time
---------------------------------------------------------------------------------------------
                                              0.294786   slack (MET)


Startpoint: _1312_ (rising edge-triggered flip-flop clocked by clk_i)
Endpoint: _1346_ (rising edge-triggered flip-flop clocked by clk_i)
Path Group: clk_i
Path Type: min

Fanout         Cap        Slew       Delay        Time   Description
---------------------------------------------------------------------------------------------
                                  0.000000    0.000000   clock clk_i (rise edge)
                                  0.000000    0.000000   clock source latency
   170    0.725720    0.000000    0.000000    0.000000 ^ clk_i (in)
                                                         clk_i (net)
                      0.066597    0.033298    0.033298 ^ _1312_/CLK (sg13g2_dfrbpq_1)
     3    0.010002    0.039314    0.199369    0.232667 v _1312_/Q (sg13g2_dfrbpq_1)
                                                         u_boot_ctrl.word_asm[19] (net)
                      0.039314    0.000040    0.232707 v _1111_/A1 (sg13g2_mux2_1)
     1    0.002320    0.029768    0.109829    0.342536 v _1111_/X (sg13g2_mux2_1)
                                                         _0455_ (net)
                      0.029768    0.000010    0.342546 v _1112_/A (sg13g2_and2_1)
     1    0.001554    0.016612    0.062571    0.405117 v _1112_/X (sg13g2_and2_1)
                                                         _0128_ (net)
                      0.016612    0.000008    0.405124 v _1346_/D (sg13g2_dfrbpq_1)
                                              0.405124   data arrival time

                                  0.000000    0.000000   clock clk_i (rise edge)
                                  0.000000    0.000000   clock source latency
   170    0.801780    0.000000    0.000000    0.000000 ^ clk_i (in)
                                                         clk_i (net)
                      0.066053    0.033027    0.033027 ^ _1346_/CLK (sg13g2_dfrbpq_1)
                                  0.100000    0.133027   clock uncertainty
                                  0.000000    0.133027   clock reconvergence pessimism
                                 -0.023698    0.109328   library hold time
                                              0.109328   data required time
---------------------------------------------------------------------------------------------
                                              0.109328   data required time
                                             -0.405124   data arrival time
---------------------------------------------------------------------------------------------
                                              0.295796   slack (MET)


Startpoint: _1309_ (rising edge-triggered flip-flop clocked by clk_i)
Endpoint: _1343_ (rising edge-triggered flip-flop clocked by clk_i)
Path Group: clk_i
Path Type: min

Fanout         Cap        Slew       Delay        Time   Description
---------------------------------------------------------------------------------------------
                                  0.000000    0.000000   clock clk_i (rise edge)
                                  0.000000    0.000000   clock source latency
   170    0.725720    0.000000    0.000000    0.000000 ^ clk_i (in)
                                                         clk_i (net)
                      0.069816    0.034908    0.034908 ^ _1309_/CLK (sg13g2_dfrbpq_1)
     3    0.009781    0.038669    0.200395    0.235304 v _1309_/Q (sg13g2_dfrbpq_1)
                                                         u_boot_ctrl.word_asm[16] (net)
                      0.038669    0.000058    0.235361 v _1105_/A1 (sg13g2_mux2_1)
     1    0.002367    0.029887    0.109721    0.345082 v _1105_/X (sg13g2_mux2_1)
                                                         _0452_ (net)
                      0.029887    0.000011    0.345093 v _1106_/A (sg13g2_and2_1)
     1    0.001635    0.016836    0.062827    0.407920 v _1106_/X (sg13g2_and2_1)
                                                         _0125_ (net)
                      0.016836    0.000009    0.407929 v _1343_/D (sg13g2_dfrbpq_1)
                                              0.407929   data arrival time

                                  0.000000    0.000000   clock clk_i (rise edge)
                                  0.000000    0.000000   clock source latency
   170    0.801780    0.000000    0.000000    0.000000 ^ clk_i (in)
                                                         clk_i (net)
                      0.069656    0.034828    0.034828 ^ _1343_/CLK (sg13g2_dfrbpq_1)
                                  0.100000    0.134828   clock uncertainty
                                  0.000000    0.134828   clock reconvergence pessimism
                                 -0.023017    0.111811   library hold time
                                              0.111811   data required time
---------------------------------------------------------------------------------------------
                                              0.111811   data required time
                                             -0.407929   data arrival time
---------------------------------------------------------------------------------------------
                                              0.296118   slack (MET)


Startpoint: _1303_ (rising edge-triggered flip-flop clocked by clk_i)
Endpoint: _1337_ (rising edge-triggered flip-flop clocked by clk_i)
Path Group: clk_i
Path Type: min

Fanout         Cap        Slew       Delay        Time   Description
---------------------------------------------------------------------------------------------
                                  0.000000    0.000000   clock clk_i (rise edge)
                                  0.000000    0.000000   clock source latency
   170    0.725720    0.000000    0.000000    0.000000 ^ clk_i (in)
                                                         clk_i (net)
                      0.068201    0.034101    0.034101 ^ _1303_/CLK (sg13g2_dfrbpq_1)
     3    0.010175    0.039818    0.200577    0.234678 v _1303_/Q (sg13g2_dfrbpq_1)
                                                         u_boot_ctrl.word_asm[10] (net)
                      0.039818    0.000070    0.234748 v _1093_/A1 (sg13g2_mux2_1)
     1    0.002362    0.029876    0.110173    0.344921 v _1093_/X (sg13g2_mux2_1)
                                                         _0446_ (net)
                      0.029876    0.000011    0.344932 v _1094_/A (sg13g2_and2_1)
     1    0.001513    0.016505    0.062515    0.407447 v _1094_/X (sg13g2_and2_1)
                                                         _0119_ (net)
                      0.016505    0.000007    0.407454 v _1337_/D (sg13g2_dfrbpq_1)
                                              0.407454   data arrival time

                                  0.000000    0.000000   clock clk_i (rise edge)
                                  0.000000    0.000000   clock source latency
   170    0.801780    0.000000    0.000000    0.000000 ^ clk_i (in)
                                                         clk_i (net)
                      0.067692    0.033846    0.033846 ^ _1337_/CLK (sg13g2_dfrbpq_1)
                                  0.100000    0.133846   clock uncertainty
                                  0.000000    0.133846   clock reconvergence pessimism
                                 -0.023322    0.110524   library hold time
                                              0.110524   data required time
---------------------------------------------------------------------------------------------
                                              0.110524   data required time
                                             -0.407454   data arrival time
---------------------------------------------------------------------------------------------
                                              0.296930   slack (MET)


Startpoint: _1311_ (rising edge-triggered flip-flop clocked by clk_i)
Endpoint: _1345_ (rising edge-triggered flip-flop clocked by clk_i)
Path Group: clk_i
Path Type: min

Fanout         Cap        Slew       Delay        Time   Description
---------------------------------------------------------------------------------------------
                                  0.000000    0.000000   clock clk_i (rise edge)
                                  0.000000    0.000000   clock source latency
   170    0.725720    0.000000    0.000000    0.000000 ^ clk_i (in)
                                                         clk_i (net)
                      0.068608    0.034304    0.034304 ^ _1311_/CLK (sg13g2_dfrbpq_1)
     3    0.010376    0.040413    0.201253    0.235557 v _1311_/Q (sg13g2_dfrbpq_1)
                                                         u_boot_ctrl.word_asm[18] (net)
                      0.040413    0.000045    0.235602 v _1109_/A1 (sg13g2_mux2_1)
     1    0.002306    0.029730    0.110226    0.345829 v _1109_/X (sg13g2_mux2_1)
                                                         _0454_ (net)
                      0.029730    0.000010    0.345839 v _1110_/A (sg13g2_and2_1)
     1    0.001503    0.016475    0.062428    0.408267 v _1110_/X (sg13g2_and2_1)
                                                         _0127_ (net)
                      0.016475    0.000007    0.408274 v _1345_/D (sg13g2_dfrbpq_1)
                                              0.408274   data arrival time

                                  0.000000    0.000000   clock clk_i (rise edge)
                                  0.000000    0.000000   clock source latency
   170    0.801780    0.000000    0.000000    0.000000 ^ clk_i (in)
                                                         clk_i (net)
                      0.068402    0.034201    0.034201 ^ _1345_/CLK (sg13g2_dfrbpq_1)
                                  0.100000    0.134201   clock uncertainty
                                  0.000000    0.134201   clock reconvergence pessimism
                                 -0.023164    0.111037   library hold time
                                              0.111037   data required time
---------------------------------------------------------------------------------------------
                                              0.111037   data required time
                                             -0.408274   data arrival time
---------------------------------------------------------------------------------------------
                                              0.297237   slack (MET)


Startpoint: _1276_ (rising edge-triggered flip-flop clocked by clk_i)
Endpoint: _1246_ (rising edge-triggered flip-flop clocked by clk_i)
Path Group: clk_i
Path Type: min

Fanout         Cap        Slew       Delay        Time   Description
---------------------------------------------------------------------------------------------
                                  0.000000    0.000000   clock clk_i (rise edge)
                                  0.000000    0.000000   clock source latency
   170    0.725720    0.000000    0.000000    0.000000 ^ clk_i (in)
                                                         clk_i (net)
                      0.104017    0.052008    0.052008 ^ _1276_/CLK (sg13g2_dfrbpq_1)
     5    0.020580    0.070930    0.241988    0.293996 v _1276_/Q (sg13g2_dfrbpq_1)
                                                         u_boot_ctrl.word_cnt[17] (net)
                      0.070930    0.000110    0.294106 v _0714_/A (sg13g2_inv_1)
     2    0.014938    0.075689    0.083000    0.377105 ^ _0714_/Y (sg13g2_inv_1)
                                                         _0185_ (net)
                      0.075694    0.000543    0.377648 ^ _0815_/A2 (sg13g2_a21oi_1)
     1    0.001701    0.015167    0.067960    0.445608 v _0815_/Y (sg13g2_a21oi_1)
                                                         _0028_ (net)
                      0.015167    0.000010    0.445618 v _1246_/D (sg13g2_dfrbpq_1)
                                              0.445618   data arrival time

                                  0.000000    0.000000   clock clk_i (rise edge)
                                  0.000000    0.000000   clock source latency
   170    0.801780    0.000000    0.000000    0.000000 ^ clk_i (in)
                                                         clk_i (net)
                      0.119032    0.059516    0.059516 ^ _1246_/CLK (sg13g2_dfrbpq_1)
                                  0.100000    0.159516   clock uncertainty
                                  0.000000    0.159516   clock reconvergence pessimism
                                 -0.012179    0.147337   library hold time
                                              0.147337   data required time
---------------------------------------------------------------------------------------------
                                              0.147337   data required time
                                             -0.445618   data arrival time
---------------------------------------------------------------------------------------------
                                              0.298281   slack (MET)


Startpoint: _1295_ (rising edge-triggered flip-flop clocked by clk_i)
Endpoint: _1329_ (rising edge-triggered flip-flop clocked by clk_i)
Path Group: clk_i
Path Type: min

Fanout         Cap        Slew       Delay        Time   Description
---------------------------------------------------------------------------------------------
                                  0.000000    0.000000   clock clk_i (rise edge)
                                  0.000000    0.000000   clock source latency
   170    0.725720    0.000000    0.000000    0.000000 ^ clk_i (in)
                                                         clk_i (net)
                      0.079988    0.039994    0.039994 ^ _1295_/CLK (sg13g2_dfrbpq_1)
     3    0.009400    0.037562    0.204374    0.244369 v _1295_/Q (sg13g2_dfrbpq_1)
                                                         u_boot_ctrl.word_asm[2] (net)
                      0.037562    0.000038    0.244407 v _1077_/A1 (sg13g2_mux2_1)
     1    0.002487    0.030197    0.109672    0.354079 v _1077_/X (sg13g2_mux2_1)
                                                         _0438_ (net)
                      0.030197    0.000014    0.354093 v _1078_/A (sg13g2_and2_1)
     1    0.001456    0.016363    0.062511    0.416605 v _1078_/X (sg13g2_and2_1)
                                                         _0111_ (net)
                      0.016363    0.000006    0.416611 v _1329_/D (sg13g2_dfrbpq_1)
                                              0.416611   data arrival time

                                  0.000000    0.000000   clock clk_i (rise edge)
                                  0.000000    0.000000   clock source latency
   170    0.801780    0.000000    0.000000    0.000000 ^ clk_i (in)
                                                         clk_i (net)
                      0.074996    0.037498    0.037498 ^ _1329_/CLK (sg13g2_dfrbpq_1)
                                  0.100000    0.137498   clock uncertainty
                                  0.000000    0.137498   clock reconvergence pessimism
                                 -0.021752    0.115746   library hold time
                                              0.115746   data required time
---------------------------------------------------------------------------------------------
                                              0.115746   data required time
                                             -0.416611   data arrival time
---------------------------------------------------------------------------------------------
                                              0.300865   slack (MET)


Startpoint: _1272_ (rising edge-triggered flip-flop clocked by clk_i)
Endpoint: _1242_ (rising edge-triggered flip-flop clocked by clk_i)
Path Group: clk_i
Path Type: min

Fanout         Cap        Slew       Delay        Time   Description
---------------------------------------------------------------------------------------------
                                  0.000000    0.000000   clock clk_i (rise edge)
                                  0.000000    0.000000   clock source latency
   170    0.725720    0.000000    0.000000    0.000000 ^ clk_i (in)
                                                         clk_i (net)
                      0.106824    0.053412    0.053412 ^ _1272_/CLK (sg13g2_dfrbpq_1)
     8    0.027340    0.089552    0.258625    0.312037 v _1272_/Q (sg13g2_dfrbpq_1)
                                                         u_boot_ctrl.word_cnt[13] (net)
                      0.089553    0.000418    0.312455 v _0803_/A (sg13g2_nor2b_1)
     1    0.003364    0.059032    0.071371    0.383826 ^ _0803_/Y (sg13g2_nor2b_1)
                                                         _0250_ (net)
                      0.059032    0.000035    0.383861 ^ _0805_/B (sg13g2_nor2_1)
     1    0.001982    0.018340    0.035790    0.419651 v _0805_/Y (sg13g2_nor2_1)
                                                         _0024_ (net)
                      0.018340    0.000015    0.419667 v _1242_/D (sg13g2_dfrbpq_1)
                                              0.419667   data arrival time

                                  0.000000    0.000000   clock clk_i (rise edge)
                                  0.000000    0.000000   clock source latency
   170    0.801780    0.000000    0.000000    0.000000 ^ clk_i (in)
                                                         clk_i (net)
                      0.078350    0.039175    0.039175 ^ _1242_/CLK (sg13g2_dfrbpq_1)
                                  0.100000    0.139175   clock uncertainty
                                  0.000000    0.139175   clock reconvergence pessimism
                                 -0.021682    0.117493   library hold time
                                              0.117493   data required time
---------------------------------------------------------------------------------------------
                                              0.117493   data required time
                                             -0.419667   data arrival time
---------------------------------------------------------------------------------------------
                                              0.302174   slack (MET)


Startpoint: _1300_ (rising edge-triggered flip-flop clocked by clk_i)
Endpoint: _1334_ (rising edge-triggered flip-flop clocked by clk_i)
Path Group: clk_i
Path Type: min

Fanout         Cap        Slew       Delay        Time   Description
---------------------------------------------------------------------------------------------
                                  0.000000    0.000000   clock clk_i (rise edge)
                                  0.000000    0.000000   clock source latency
   170    0.725720    0.000000    0.000000    0.000000 ^ clk_i (in)
                                                         clk_i (net)
                      0.039285    0.019643    0.019643 ^ _1300_/CLK (sg13g2_dfrbpq_1)
     3    0.011651    0.044158    0.190154    0.209796 v _1300_/Q (sg13g2_dfrbpq_1)
                                                         u_boot_ctrl.word_asm[7] (net)
                      0.044158    0.000212    0.210008 v _1087_/A1 (sg13g2_mux2_1)
     1    0.002863    0.031161    0.113617    0.323625 v _1087_/X (sg13g2_mux2_1)
                                                         _0443_ (net)
                      0.031161    0.000023    0.323648 v _1088_/A (sg13g2_and2_1)
     1    0.001886    0.017549    0.064002    0.387650 v _1088_/X (sg13g2_and2_1)
                                                         _0116_ (net)
                      0.017549    0.000013    0.387663 v _1334_/D (sg13g2_dfrbpq_1)
                                              0.387663   data arrival time

                                  0.000000    0.000000   clock clk_i (rise edge)
                                  0.000000    0.000000   clock source latency
   170    0.801780    0.000000    0.000000    0.000000 ^ clk_i (in)
                                                         clk_i (net)
                      0.032759    0.016379    0.016379 ^ _1334_/CLK (sg13g2_dfrbpq_1)
                                  0.100000    0.116379   clock uncertainty
                                  0.000000    0.116379   clock reconvergence pessimism
                                 -0.030945    0.085435   library hold time
                                              0.085435   data required time
---------------------------------------------------------------------------------------------
                                              0.085435   data required time
                                             -0.387663   data arrival time
---------------------------------------------------------------------------------------------
                                              0.302229   slack (MET)


Startpoint: _1376_ (rising edge-triggered flip-flop clocked by clk_i)
Endpoint: _1377_ (rising edge-triggered flip-flop clocked by clk_i)
Path Group: clk_i
Path Type: min

Fanout         Cap        Slew       Delay        Time   Description
---------------------------------------------------------------------------------------------
                                  0.000000    0.000000   clock clk_i (rise edge)
                                  0.000000    0.000000   clock source latency
   170    0.725720    0.000000    0.000000    0.000000 ^ clk_i (in)
                                                         clk_i (net)
                      0.046804    0.023402    0.023402 ^ _1376_/CLK (sg13g2_dfrbpq_1)
     2    0.006142    0.035556    0.184895    0.208297 ^ _1376_/Q (sg13g2_dfrbpq_1)
                                                         u_spi.tx_shift[6] (net)
                      0.035556    0.000041    0.208338 ^ _1196_/B (sg13g2_nor4_1)
     1    0.004407    0.033797    0.045861    0.254199 v _1196_/Y (sg13g2_nor4_1)
                                                         _0509_ (net)
                      0.033797    0.000072    0.254271 v _1197_/D (sg13g2_nor4_1)
     1    0.002604    0.106545    0.095343    0.349614 ^ _1197_/Y (sg13g2_nor4_1)
                                                         _0159_ (net)
                      0.106545    0.000029    0.349643 ^ _1377_/D (sg13g2_dfrbpq_1)
                                              0.349643   data arrival time

                                  0.000000    0.000000   clock clk_i (rise edge)
                                  0.000000    0.000000   clock source latency
   170    0.801780    0.000000    0.000000    0.000000 ^ clk_i (in)
                                                         clk_i (net)
                      0.051665    0.025833    0.025833 ^ _1377_/CLK (sg13g2_dfrbpq_1)
                                  0.100000    0.125833   clock uncertainty
                                  0.000000    0.125833   clock reconvergence pessimism
                                 -0.079107    0.046726   library hold time
                                              0.046726   data required time
---------------------------------------------------------------------------------------------
                                              0.046726   data required time
                                             -0.349643   data arrival time
---------------------------------------------------------------------------------------------
                                              0.302918   slack (MET)


Startpoint: _1293_ (rising edge-triggered flip-flop clocked by clk_i)
Endpoint: _1327_ (rising edge-triggered flip-flop clocked by clk_i)
Path Group: clk_i
Path Type: min

Fanout         Cap        Slew       Delay        Time   Description
---------------------------------------------------------------------------------------------
                                  0.000000    0.000000   clock clk_i (rise edge)
                                  0.000000    0.000000   clock source latency
   170    0.725720    0.000000    0.000000    0.000000 ^ clk_i (in)
                                                         clk_i (net)
                      0.083097    0.041549    0.041549 ^ _1293_/CLK (sg13g2_dfrbpq_1)
     3    0.009636    0.038250    0.206456    0.248005 v _1293_/Q (sg13g2_dfrbpq_1)
                                                         u_boot_ctrl.word_asm[0] (net)
                      0.038250    0.000032    0.248037 v _1073_/A1 (sg13g2_mux2_1)
     1    0.002467    0.030146    0.109886    0.357923 v _1073_/X (sg13g2_mux2_1)
                                                         _0436_ (net)
                      0.030146    0.000014    0.357936 v _1074_/A (sg13g2_and2_1)
     1    0.001509    0.016504    0.062621    0.420558 v _1074_/X (sg13g2_and2_1)
                                                         _0109_ (net)
                      0.016504    0.000007    0.420564 v _1327_/D (sg13g2_dfrbpq_1)
                                              0.420564   data arrival time

                                  0.000000    0.000000   clock clk_i (rise edge)
                                  0.000000    0.000000   clock source latency
   170    0.801780    0.000000    0.000000    0.000000 ^ clk_i (in)
                                                         clk_i (net)
                      0.075430    0.037715    0.037715 ^ _1327_/CLK (sg13g2_dfrbpq_1)
                                  0.100000    0.137715   clock uncertainty
                                  0.000000    0.137715   clock reconvergence pessimism
                                 -0.021707    0.116008   library hold time
                                              0.116008   data required time
---------------------------------------------------------------------------------------------
                                              0.116008   data required time
                                             -0.420564   data arrival time
---------------------------------------------------------------------------------------------
                                              0.304556   slack (MET)


Startpoint: _1277_ (rising edge-triggered flip-flop clocked by clk_i)
Endpoint: _1277_ (rising edge-triggered flip-flop clocked by clk_i)
Path Group: clk_i
Path Type: min

Fanout         Cap        Slew       Delay        Time   Description
---------------------------------------------------------------------------------------------
                                  0.000000    0.000000   clock clk_i (rise edge)
                                  0.000000    0.000000   clock source latency
   170    0.725720    0.000000    0.000000    0.000000 ^ clk_i (in)
                                                         clk_i (net)
                      0.104700    0.052350    0.052350 ^ _1277_/CLK (sg13g2_dfrbpq_1)
     6    0.018628    0.065008    0.237550    0.289900 v _1277_/Q (sg13g2_dfrbpq_1)
                                                         u_boot_ctrl.word_cnt[18] (net)
                      0.065008    0.000254    0.290154 v _0713_/A (sg13g2_inv_1)
     2    0.012524    0.064950    0.072089    0.362243 ^ _0713_/Y (sg13g2_inv_1)
                                                         _0184_ (net)
                      0.064950    0.000038    0.362280 ^ _0909_/A1 (sg13g2_a221oi_1)
     1    0.001843    0.041077    0.074163    0.436444 v _0909_/Y (sg13g2_a221oi_1)
                                                         _0059_ (net)
                      0.041077    0.000012    0.436456 v _1277_/D (sg13g2_dfrbpq_1)
                                              0.436456   data arrival time

                                  0.000000    0.000000   clock clk_i (rise edge)
                                  0.000000    0.000000   clock source latency
   170    0.801780    0.000000    0.000000    0.000000 ^ clk_i (in)
                                                         clk_i (net)
                      0.115660    0.057830    0.057830 ^ _1277_/CLK (sg13g2_dfrbpq_1)
                                  0.100000    0.157830   clock uncertainty
                                 -0.005480    0.152350   clock reconvergence pessimism
                                 -0.021154    0.131196   library hold time
                                              0.131196   data required time
---------------------------------------------------------------------------------------------
                                              0.131196   data required time
                                             -0.436456   data arrival time
---------------------------------------------------------------------------------------------
                                              0.305260   slack (MET)


Startpoint: _1304_ (rising edge-triggered flip-flop clocked by clk_i)
Endpoint: _1338_ (rising edge-triggered flip-flop clocked by clk_i)
Path Group: clk_i
Path Type: min

Fanout         Cap        Slew       Delay        Time   Description
---------------------------------------------------------------------------------------------
                                  0.000000    0.000000   clock clk_i (rise edge)
                                  0.000000    0.000000   clock source latency
   170    0.725720    0.000000    0.000000    0.000000 ^ clk_i (in)
                                                         clk_i (net)
                      0.073502    0.036751    0.036751 ^ _1304_/CLK (sg13g2_dfrbpq_1)
     3    0.010814    0.041698    0.204687    0.241437 v _1304_/Q (sg13g2_dfrbpq_1)
                                                         u_boot_ctrl.word_asm[11] (net)
                      0.041698    0.000111    0.241548 v _1095_/A1 (sg13g2_mux2_1)
     1    0.002421    0.030028    0.111136    0.352684 v _1095_/X (sg13g2_mux2_1)
                                                         _0447_ (net)
                      0.030028    0.000013    0.352697 v _1096_/A (sg13g2_and2_1)
     1    0.001626    0.016815    0.062864    0.415561 v _1096_/X (sg13g2_and2_1)
                                                         _0120_ (net)
                      0.016815    0.000009    0.415570 v _1338_/D (sg13g2_dfrbpq_1)
                                              0.415570   data arrival time

                                  0.000000    0.000000   clock clk_i (rise edge)
                                  0.000000    0.000000   clock source latency
   170    0.801780    0.000000    0.000000    0.000000 ^ clk_i (in)
                                                         clk_i (net)
                      0.065159    0.032580    0.032580 ^ _1338_/CLK (sg13g2_dfrbpq_1)
                                  0.100000    0.132580   clock uncertainty
                                  0.000000    0.132580   clock reconvergence pessimism
                                 -0.023950    0.108630   library hold time
                                              0.108630   data required time
---------------------------------------------------------------------------------------------
                                              0.108630   data required time
                                             -0.415570   data arrival time
---------------------------------------------------------------------------------------------
                                              0.306939   slack (MET)


Startpoint: _1277_ (rising edge-triggered flip-flop clocked by clk_i)
Endpoint: _1247_ (rising edge-triggered flip-flop clocked by clk_i)
Path Group: clk_i
Path Type: min

Fanout         Cap        Slew       Delay        Time   Description
---------------------------------------------------------------------------------------------
                                  0.000000    0.000000   clock clk_i (rise edge)
                                  0.000000    0.000000   clock source latency
   170    0.725720    0.000000    0.000000    0.000000 ^ clk_i (in)
                                                         clk_i (net)
                      0.104700    0.052350    0.052350 ^ _1277_/CLK (sg13g2_dfrbpq_1)
     6    0.018628    0.065008    0.237550    0.289900 v _1277_/Q (sg13g2_dfrbpq_1)
                                                         u_boot_ctrl.word_cnt[18] (net)
                      0.065008    0.000254    0.290154 v _0713_/A (sg13g2_inv_1)
     2    0.012524    0.064950    0.072089    0.362243 ^ _0713_/Y (sg13g2_inv_1)
                                                         _0184_ (net)
                      0.064953    0.000371    0.362614 ^ _0817_/A2 (sg13g2_a21oi_1)
     1    0.001702    0.014740    0.063959    0.426573 v _0817_/Y (sg13g2_a21oi_1)
                                                         _0029_ (net)
                      0.014740    0.000010    0.426583 v _1247_/D (sg13g2_dfrbpq_1)
                                              0.426583   data arrival time

                                  0.000000    0.000000   clock clk_i (rise edge)
                                  0.000000    0.000000   clock source latency
   170    0.801780    0.000000    0.000000    0.000000 ^ clk_i (in)
                                                         clk_i (net)
                      0.077465    0.038732    0.038732 ^ _1247_/CLK (sg13g2_dfrbpq_1)
                                  0.100000    0.138732   clock uncertainty
                                  0.000000    0.138732   clock reconvergence pessimism
                                 -0.020720    0.118012   library hold time
                                              0.118012   data required time
---------------------------------------------------------------------------------------------
                                              0.118012   data required time
                                             -0.426583   data arrival time
---------------------------------------------------------------------------------------------
                                              0.308571   slack (MET)


Startpoint: _1275_ (rising edge-triggered flip-flop clocked by clk_i)
Endpoint: _1276_ (rising edge-triggered flip-flop clocked by clk_i)
Path Group: clk_i
Path Type: min

Fanout         Cap        Slew       Delay        Time   Description
---------------------------------------------------------------------------------------------
                                  0.000000    0.000000   clock clk_i (rise edge)
                                  0.000000    0.000000   clock source latency
   170    0.725720    0.000000    0.000000    0.000000 ^ clk_i (in)
                                                         clk_i (net)
                      0.104200    0.052100    0.052100 ^ _1275_/CLK (sg13g2_dfrbpq_1)
     7    0.025930    0.085350    0.254534    0.306634 v _1275_/Q (sg13g2_dfrbpq_1)
                                                         u_boot_ctrl.word_cnt[16] (net)
                      0.085352    0.000535    0.307169 v _0902_/A (sg13g2_nand4_1)
     2    0.007548    0.051610    0.071898    0.379067 ^ _0902_/Y (sg13g2_nand4_1)
                                                         _0316_ (net)
                      0.051610    0.000113    0.379180 ^ _0906_/A2 (sg13g2_a221oi_1)
     1    0.001786    0.043413    0.070550    0.449730 v _0906_/Y (sg13g2_a221oi_1)
                                                         _0058_ (net)
                      0.043413    0.000011    0.449741 v _1276_/D (sg13g2_dfrbpq_1)
                                              0.449741   data arrival time

                                  0.000000    0.000000   clock clk_i (rise edge)
                                  0.000000    0.000000   clock source latency
   170    0.801780    0.000000    0.000000    0.000000 ^ clk_i (in)
                                                         clk_i (net)
                      0.114907    0.057454    0.057454 ^ _1276_/CLK (sg13g2_dfrbpq_1)
                                  0.100000    0.157454   clock uncertainty
                                  0.000000    0.157454   clock reconvergence pessimism
                                 -0.022057    0.135397   library hold time
                                              0.135397   data required time
---------------------------------------------------------------------------------------------
                                              0.135397   data required time
                                             -0.449741   data arrival time
---------------------------------------------------------------------------------------------
                                              0.314344   slack (MET)


Startpoint: _1271_ (rising edge-triggered flip-flop clocked by clk_i)
Endpoint: _1241_ (rising edge-triggered flip-flop clocked by clk_i)
Path Group: clk_i
Path Type: min

Fanout         Cap        Slew       Delay        Time   Description
---------------------------------------------------------------------------------------------
                                  0.000000    0.000000   clock clk_i (rise edge)
                                  0.000000    0.000000   clock source latency
   170    0.725720    0.000000    0.000000    0.000000 ^ clk_i (in)
                                                         clk_i (net)
                      0.106657    0.053328    0.053328 ^ _1271_/CLK (sg13g2_dfrbpq_1)
    10    0.031412    0.101761    0.267688    0.321017 v _1271_/Q (sg13g2_dfrbpq_1)
                                                         u_boot_ctrl.word_cnt[12] (net)
                      0.101762    0.000496    0.321512 v _0800_/A (sg13g2_nor2b_1)
     1    0.003371    0.061261    0.074581    0.396093 ^ _0800_/Y (sg13g2_nor2b_1)
                                                         _0248_ (net)
                      0.061261    0.000035    0.396129 ^ _0802_/B (sg13g2_nor2_1)
     1    0.001972    0.018614    0.036398    0.432527 v _0802_/Y (sg13g2_nor2_1)
                                                         _0023_ (net)
                      0.018614    0.000015    0.432542 v _1241_/D (sg13g2_dfrbpq_1)
                                              0.432542   data arrival time

                                  0.000000    0.000000   clock clk_i (rise edge)
                                  0.000000    0.000000   clock source latency
   170    0.801780    0.000000    0.000000    0.000000 ^ clk_i (in)
                                                         clk_i (net)
                      0.078258    0.039129    0.039129 ^ _1241_/CLK (sg13g2_dfrbpq_1)
                                  0.100000    0.139129   clock uncertainty
                                  0.000000    0.139129   clock reconvergence pessimism
                                 -0.021788    0.117341   library hold time
                                              0.117341   data required time
---------------------------------------------------------------------------------------------
                                              0.117341   data required time
                                             -0.432542   data arrival time
---------------------------------------------------------------------------------------------
                                              0.315201   slack (MET)


Startpoint: _1294_ (rising edge-triggered flip-flop clocked by clk_i)
Endpoint: _1328_ (rising edge-triggered flip-flop clocked by clk_i)
Path Group: clk_i
Path Type: min

Fanout         Cap        Slew       Delay        Time   Description
---------------------------------------------------------------------------------------------
                                  0.000000    0.000000   clock clk_i (rise edge)
                                  0.000000    0.000000   clock source latency
   170    0.725720    0.000000    0.000000    0.000000 ^ clk_i (in)
                                                         clk_i (net)
                      0.083333    0.041667    0.041667 ^ _1294_/CLK (sg13g2_dfrbpq_1)
     3    0.012724    0.047366    0.214043    0.255709 v _1294_/Q (sg13g2_dfrbpq_1)
                                                         u_boot_ctrl.word_asm[1] (net)
                      0.047367    0.000278    0.255987 v _1075_/A1 (sg13g2_mux2_1)
     1    0.002813    0.031032    0.114754    0.370741 v _1075_/X (sg13g2_mux2_1)
                                                         _0437_ (net)
                      0.031032    0.000022    0.370762 v _1076_/A (sg13g2_and2_1)
     1    0.001943    0.017697    0.064089    0.434851 v _1076_/X (sg13g2_and2_1)
                                                         _0110_ (net)
                      0.017697    0.000014    0.434865 v _1328_/D (sg13g2_dfrbpq_1)
                                              0.434865   data arrival time

                                  0.000000    0.000000   clock clk_i (rise edge)
                                  0.000000    0.000000   clock source latency
   170    0.801780    0.000000    0.000000    0.000000 ^ clk_i (in)
                                                         clk_i (net)
                      0.078172    0.039086    0.039086 ^ _1328_/CLK (sg13g2_dfrbpq_1)
                                  0.100000    0.139086   clock uncertainty
                                  0.000000    0.139086   clock reconvergence pessimism
                                 -0.021514    0.117572   library hold time
                                              0.117572   data required time
---------------------------------------------------------------------------------------------
                                              0.117572   data required time
                                             -0.434865   data arrival time
---------------------------------------------------------------------------------------------
                                              0.317294   slack (MET)


Startpoint: _1260_ (rising edge-triggered flip-flop clocked by clk_i)
Endpoint: _1260_ (rising edge-triggered flip-flop clocked by clk_i)
Path Group: clk_i
Path Type: min

Fanout         Cap        Slew       Delay        Time   Description
---------------------------------------------------------------------------------------------
                                  0.000000    0.000000   clock clk_i (rise edge)
                                  0.000000    0.000000   clock source latency
   170    0.725720    0.000000    0.000000    0.000000 ^ clk_i (in)
                                                         clk_i (net)
                      0.110593    0.055296    0.055296 ^ _1260_/CLK (sg13g2_dfrbpq_1)
     7    0.022664    0.076722    0.249271    0.304568 v _1260_/Q (sg13g2_dfrbpq_1)
                                                         u_boot_ctrl.word_cnt[1] (net)
                      0.076722    0.000317    0.304885 v _0848_/B1 (sg13g2_a21o_1)
     1    0.002180    0.022041    0.093067    0.397952 v _0848_/X (sg13g2_a21o_1)
                                                         _0277_ (net)
                      0.022041    0.000010    0.397962 v _0850_/A (sg13g2_and4_1)
     1    0.001978    0.019203    0.067610    0.465572 v _0850_/X (sg13g2_and4_1)
                                                         _0042_ (net)
                      0.019203    0.000015    0.465587 v _1260_/D (sg13g2_dfrbpq_1)
                                              0.465587   data arrival time

                                  0.000000    0.000000   clock clk_i (rise edge)
                                  0.000000    0.000000   clock source latency
   170    0.801780    0.000000    0.000000    0.000000 ^ clk_i (in)
                                                         clk_i (net)
                      0.122181    0.061091    0.061091 ^ _1260_/CLK (sg13g2_dfrbpq_1)
                                  0.100000    0.161091   clock uncertainty
                                 -0.005794    0.155296   clock reconvergence pessimism
                                 -0.012810    0.142486   library hold time
                                              0.142486   data required time
---------------------------------------------------------------------------------------------
                                              0.142486   data required time
                                             -0.465587   data arrival time
---------------------------------------------------------------------------------------------
                                              0.323101   slack (MET)


Startpoint: _1275_ (rising edge-triggered flip-flop clocked by clk_i)
Endpoint: _1275_ (rising edge-triggered flip-flop clocked by clk_i)
Path Group: clk_i
Path Type: min

Fanout         Cap        Slew       Delay        Time   Description
---------------------------------------------------------------------------------------------
                                  0.000000    0.000000   clock clk_i (rise edge)
                                  0.000000    0.000000   clock source latency
   170    0.725720    0.000000    0.000000    0.000000 ^ clk_i (in)
                                                         clk_i (net)
                      0.104200    0.052100    0.052100 ^ _1275_/CLK (sg13g2_dfrbpq_1)
     7    0.025930    0.085350    0.254534    0.306634 v _1275_/Q (sg13g2_dfrbpq_1)
                                                         u_boot_ctrl.word_cnt[16] (net)
                      0.085350    0.000414    0.307048 v _0901_/B1 (sg13g2_a21o_1)
     1    0.002414    0.022899    0.097244    0.404292 v _0901_/X (sg13g2_a21o_1)
                                                         _0315_ (net)
                      0.022899    0.000015    0.404308 v _0903_/A (sg13g2_and4_1)
     1    0.001934    0.019114    0.067893    0.472200 v _0903_/X (sg13g2_and4_1)
                                                         _0057_ (net)
                      0.019114    0.000014    0.472214 v _1275_/D (sg13g2_dfrbpq_1)
                                              0.472214   data arrival time

                                  0.000000    0.000000   clock clk_i (rise edge)
                                  0.000000    0.000000   clock source latency
   170    0.801780    0.000000    0.000000    0.000000 ^ clk_i (in)
                                                         clk_i (net)
                      0.115111    0.057556    0.057556 ^ _1275_/CLK (sg13g2_dfrbpq_1)
                                  0.100000    0.157556   clock uncertainty
                                 -0.005455    0.152100   clock reconvergence pessimism
                                 -0.014257    0.137843   library hold time
                                              0.137843   data required time
---------------------------------------------------------------------------------------------
                                              0.137843   data required time
                                             -0.472214   data arrival time
---------------------------------------------------------------------------------------------
                                              0.334372   slack (MET)


Startpoint: _1388_ (rising edge-triggered flip-flop clocked by clk_i)
Endpoint: _1360_ (rising edge-triggered flip-flop clocked by clk_i)
Path Group: clk_i
Path Type: min

Fanout         Cap        Slew       Delay        Time   Description
---------------------------------------------------------------------------------------------
                                  0.000000    0.000000   clock clk_i (rise edge)
                                  0.000000    0.000000   clock source latency
   170    0.725720    0.000000    0.000000    0.000000 ^ clk_i (in)
                                                         clk_i (net)
                      0.105680    0.052840    0.052840 ^ _1388_/CLK (sg13g2_dfrbpq_1)
     8    0.031582    0.133560    0.285066    0.337906 ^ _1388_/Q (sg13g2_dfrbpq_1)
                                                         u_boot_ctrl.state[0] (net)
                      0.133560    0.000122    0.338028 ^ _1140_/A_N (sg13g2_nand2b_1)
     1    0.003085    0.029087    0.101656    0.439684 ^ _1140_/Y (sg13g2_nand2b_1)
                                                         _0470_ (net)
                      0.029087    0.000021    0.439705 ^ _1141_/A2 (sg13g2_a21oi_1)
     1    0.001745    0.032242    0.050781    0.490486 v _1141_/Y (sg13g2_a21oi_1)
                                                         _0142_ (net)
                      0.032242    0.000011    0.490497 v _1360_/D (sg13g2_dfrbpq_1)
                                              0.490497   data arrival time

                                  0.000000    0.000000   clock clk_i (rise edge)
                                  0.000000    0.000000   clock source latency
   170    0.801780    0.000000    0.000000    0.000000 ^ clk_i (in)
                                                         clk_i (net)
                      0.117650    0.058825    0.058825 ^ _1360_/CLK (sg13g2_dfrbpq_1)
                                  0.100000    0.158825   clock uncertainty
                                  0.000000    0.158825   clock reconvergence pessimism
                                 -0.017919    0.140906   library hold time
                                              0.140906   data required time
---------------------------------------------------------------------------------------------
                                              0.140906   data required time
                                             -0.490497   data arrival time
---------------------------------------------------------------------------------------------
                                              0.349591   slack (MET)


Startpoint: _1287_ (rising edge-triggered flip-flop clocked by clk_i)
Endpoint: _1257_ (rising edge-triggered flip-flop clocked by clk_i)
Path Group: clk_i
Path Type: min

Fanout         Cap        Slew       Delay        Time   Description
---------------------------------------------------------------------------------------------
                                  0.000000    0.000000   clock clk_i (rise edge)
                                  0.000000    0.000000   clock source latency
   170    0.725720    0.000000    0.000000    0.000000 ^ clk_i (in)
                                                         clk_i (net)
                      0.067371    0.033686    0.033686 ^ _1287_/CLK (sg13g2_dfrbpq_1)
     7    0.026301    0.086449    0.238869    0.272555 v _1287_/Q (sg13g2_dfrbpq_1)
                                                         u_boot_ctrl.word_cnt[28] (net)
                      0.086449    0.000223    0.272778 v _0837_/A1 (sg13g2_mux2_1)
     1    0.002853    0.031135    0.130804    0.403582 v _0837_/X (sg13g2_mux2_1)
                                                         _0269_ (net)
                      0.031135    0.000023    0.403605 v _0838_/A (sg13g2_and2_1)
     1    0.001717    0.017096    0.063567    0.467172 v _0838_/X (sg13g2_and2_1)
                                                         _0039_ (net)
                      0.017096    0.000010    0.467182 v _1257_/D (sg13g2_dfrbpq_1)
                                              0.467182   data arrival time

                                  0.000000    0.000000   clock clk_i (rise edge)
                                  0.000000    0.000000   clock source latency
   170    0.801780    0.000000    0.000000    0.000000 ^ clk_i (in)
                                                         clk_i (net)
                      0.075822    0.037911    0.037911 ^ _1257_/CLK (sg13g2_dfrbpq_1)
                                  0.100000    0.137911   clock uncertainty
                                  0.000000    0.137911   clock reconvergence pessimism
                                 -0.021813    0.116098   library hold time
                                              0.116098   data required time
---------------------------------------------------------------------------------------------
                                              0.116098   data required time
                                             -0.467182   data arrival time
---------------------------------------------------------------------------------------------
                                              0.351084   slack (MET)


Startpoint: _1283_ (rising edge-triggered flip-flop clocked by clk_i)
Endpoint: _1253_ (rising edge-triggered flip-flop clocked by clk_i)
Path Group: clk_i
Path Type: min

Fanout         Cap        Slew       Delay        Time   Description
---------------------------------------------------------------------------------------------
                                  0.000000    0.000000   clock clk_i (rise edge)
                                  0.000000    0.000000   clock source latency
   170    0.725720    0.000000    0.000000    0.000000 ^ clk_i (in)
                                                         clk_i (net)
                      0.064940    0.032470    0.032470 ^ _1283_/CLK (sg13g2_dfrbpq_1)
     7    0.029344    0.095627    0.244396    0.276866 v _1283_/Q (sg13g2_dfrbpq_1)
                                                         u_boot_ctrl.word_cnt[24] (net)
                      0.095627    0.000400    0.277266 v _0828_/A1 (sg13g2_mux2_1)
     1    0.003024    0.031571    0.135120    0.412385 v _0828_/X (sg13g2_mux2_1)
                                                         _0264_ (net)
                      0.031571    0.000028    0.412413 v _0829_/A (sg13g2_and2_1)
     1    0.001925    0.017668    0.064277    0.476690 v _0829_/X (sg13g2_and2_1)
                                                         _0035_ (net)
                      0.017668    0.000014    0.476704 v _1253_/D (sg13g2_dfrbpq_1)
                                              0.476704   data arrival time

                                  0.000000    0.000000   clock clk_i (rise edge)
                                  0.000000    0.000000   clock source latency
   170    0.801780    0.000000    0.000000    0.000000 ^ clk_i (in)
                                                         clk_i (net)
                      0.069144    0.034572    0.034572 ^ _1253_/CLK (sg13g2_dfrbpq_1)
                                  0.100000    0.134572   clock uncertainty
                                  0.000000    0.134572   clock reconvergence pessimism
                                 -0.023389    0.111183   library hold time
                                              0.111183   data required time
---------------------------------------------------------------------------------------------
                                              0.111183   data required time
                                             -0.476704   data arrival time
---------------------------------------------------------------------------------------------
                                              0.365521   slack (MET)


Startpoint: _1325_ (rising edge-triggered flip-flop clocked by clk_i)
Endpoint: _1365_ (rising edge-triggered flip-flop clocked by clk_i)
Path Group: clk_i
Path Type: min

Fanout         Cap        Slew       Delay        Time   Description
---------------------------------------------------------------------------------------------
                                  0.000000    0.000000   clock clk_i (rise edge)
                                  0.000000    0.000000   clock source latency
   170    0.725720    0.000000    0.000000    0.000000 ^ clk_i (in)
                                                         clk_i (net)
                      0.047929    0.023964    0.023964 ^ _1325_/CLK (sg13g2_dfrbpq_1)
     3    0.010830    0.053211    0.199038    0.223002 ^ _1325_/Q (sg13g2_dfrbpq_1)
                                                         spi_start (net)
                      0.053211    0.000251    0.223253 ^ _1152_/B (sg13g2_nand2b_1)
     5    0.019270    0.121088    0.129295    0.352547 v _1152_/Y (sg13g2_nand2b_1)
                                                         _0480_ (net)
                      0.121091    0.000808    0.353356 v _1160_/B (sg13g2_and4_1)
     1    0.001581    0.020828    0.115953    0.469308 v _1160_/X (sg13g2_and4_1)
                                                         _0147_ (net)
                      0.020828    0.000008    0.469316 v _1365_/D (sg13g2_dfrbpq_1)
                                              0.469316   data arrival time

                                  0.000000    0.000000   clock clk_i (rise edge)
                                  0.000000    0.000000   clock source latency
   170    0.801780    0.000000    0.000000    0.000000 ^ clk_i (in)
                                                         clk_i (net)
                      0.049516    0.024758    0.024758 ^ _1365_/CLK (sg13g2_dfrbpq_1)
                                  0.100000    0.124758   clock uncertainty
                                  0.000000    0.124758   clock reconvergence pessimism
                                 -0.028489    0.096269   library hold time
                                              0.096269   data required time
---------------------------------------------------------------------------------------------
                                              0.096269   data required time
                                             -0.469316   data arrival time
---------------------------------------------------------------------------------------------
                                              0.373047   slack (MET)


Startpoint: _1325_ (rising edge-triggered flip-flop clocked by clk_i)
Endpoint: _1386_ (rising edge-triggered flip-flop clocked by clk_i)
Path Group: clk_i
Path Type: min

Fanout         Cap        Slew       Delay        Time   Description
---------------------------------------------------------------------------------------------
                                  0.000000    0.000000   clock clk_i (rise edge)
                                  0.000000    0.000000   clock source latency
   170    0.725720    0.000000    0.000000    0.000000 ^ clk_i (in)
                                                         clk_i (net)
                      0.047929    0.023964    0.023964 ^ _1325_/CLK (sg13g2_dfrbpq_1)
     3    0.010830    0.053211    0.199038    0.223002 ^ _1325_/Q (sg13g2_dfrbpq_1)
                                                         spi_start (net)
                      0.053211    0.000251    0.223253 ^ _1152_/B (sg13g2_nand2b_1)
     5    0.019270    0.121088    0.129295    0.352547 v _1152_/Y (sg13g2_nand2b_1)
                                                         _0480_ (net)
                      0.121090    0.000694    0.353242 v _1224_/B (sg13g2_and4_1)
     1    0.001721    0.020413    0.116322    0.469563 v _1224_/X (sg13g2_and4_1)
                                                         _0168_ (net)
                      0.020413    0.000010    0.469573 v _1386_/D (sg13g2_dfrbpq_1)
                                              0.469573   data arrival time

                                  0.000000    0.000000   clock clk_i (rise edge)
                                  0.000000    0.000000   clock source latency
   170    0.801780    0.000000    0.000000    0.000000 ^ clk_i (in)
                                                         clk_i (net)
                      0.048297    0.024149    0.024149 ^ _1386_/CLK (sg13g2_dfrbpq_1)
                                  0.100000    0.124149   clock uncertainty
                                  0.000000    0.124149   clock reconvergence pessimism
                                 -0.028612    0.095537   library hold time
                                              0.095537   data required time
---------------------------------------------------------------------------------------------
                                              0.095537   data required time
                                             -0.469573   data arrival time
---------------------------------------------------------------------------------------------
                                              0.374036   slack (MET)


Startpoint: _1397_ (rising edge-triggered flip-flop clocked by clk_i)
Endpoint: _1389_ (rising edge-triggered flip-flop clocked by clk_i)
Path Group: clk_i
Path Type: min

Fanout         Cap        Slew       Delay        Time   Description
---------------------------------------------------------------------------------------------
                                  0.000000    0.000000   clock clk_i (rise edge)
                                  0.000000    0.000000   clock source latency
   170    0.725720    0.000000    0.000000    0.000000 ^ clk_i (in)
                                                         clk_i (net)
                      0.070586    0.035293    0.035293 ^ _1397_/CLK (sg13g2_dfrbpq_1)
   103    0.473442    1.440985    1.215284    1.250577 v _1397_/Q (sg13g2_dfrbpq_1)
                                                         u_boot_ctrl.state[9] (net)
                      1.441116    0.011801    1.262378 v _0721_/A (sg13g2_and2_1)
     1    0.001546    0.017409    0.237866    1.500244 v _0721_/X (sg13g2_and2_1)
                                                         _0000_ (net)
                      0.017409    0.000008    1.500252 v _1389_/D (sg13g2_dfrbpq_1)
                                              1.500252   data arrival time

                                  0.000000    0.000000   clock clk_i (rise edge)
                                  0.000000    0.000000   clock source latency
   170    0.801780    0.000000    0.000000    0.000000 ^ clk_i (in)
                                                         clk_i (net)
                      0.117153    0.058577    0.058577 ^ _1389_/CLK (sg13g2_dfrbpq_1)
                                  0.100000    0.158577   clock uncertainty
                                  0.000000    0.158577   clock reconvergence pessimism
                                 -0.013287    0.145290   library hold time
                                              0.145290   data required time
---------------------------------------------------------------------------------------------
                                              0.145290   data required time
                                             -1.500252   data arrival time
---------------------------------------------------------------------------------------------
                                              1.354962   slack (MET)


Startpoint: _1397_ (rising edge-triggered flip-flop clocked by clk_i)
Endpoint: _1326_ (rising edge-triggered flip-flop clocked by clk_i)
Path Group: clk_i
Path Type: min

Fanout         Cap        Slew       Delay        Time   Description
---------------------------------------------------------------------------------------------
                                  0.000000    0.000000   clock clk_i (rise edge)
                                  0.000000    0.000000   clock source latency
   170    0.725720    0.000000    0.000000    0.000000 ^ clk_i (in)
                                                         clk_i (net)
                      0.070586    0.035293    0.035293 ^ _1397_/CLK (sg13g2_dfrbpq_1)
   103    0.473442    1.440985    1.215284    1.250577 v _1397_/Q (sg13g2_dfrbpq_1)
                                                         u_boot_ctrl.state[9] (net)
                      1.441016    0.005830    1.256406 v _1227_/A (sg13g2_and2_1)
     1    0.001560    0.017620    0.237916    1.494323 v _1227_/X (sg13g2_and2_1)
                                                         _0108_ (net)
                      0.017620    0.000008    1.494331 v _1326_/D (sg13g2_dfrbpq_1)
                                              1.494331   data arrival time

                                  0.000000    0.000000   clock clk_i (rise edge)
                                  0.000000    0.000000   clock source latency
   170    0.801780    0.000000    0.000000    0.000000 ^ clk_i (in)
                                                         clk_i (net)
                      0.070078    0.035039    0.035039 ^ _1326_/CLK (sg13g2_dfrbpq_1)
                                  0.100000    0.135039   clock uncertainty
                                  0.000000    0.135039   clock reconvergence pessimism
                                 -0.023179    0.111860   library hold time
                                              0.111860   data required time
---------------------------------------------------------------------------------------------
                                              0.111860   data required time
                                             -1.494331   data arrival time
---------------------------------------------------------------------------------------------
                                              1.382470   slack (MET)



