Instance,Terminal,Layer,X location,Y location,Voltage
FILLER_63_502,VSS,Metal1,247.6680,256.6630,0.000001
FILLER_63_495,VSS,Metal1,245.0460,256.5790,0.000001
FILLER_63_488,VSS,Metal1,241.6860,256.5790,0.000001
FILLER_63_481,VSS,Metal1,238.3260,256.5790,0.000001
FILLER_63_474,VSS,Metal1,234.9660,256.5790,0.000001
FILLER_63_467,VSS,Metal1,231.6060,256.5790,0.000001
FILLER_63_460,VSS,Metal1,228.2460,256.5790,0.000001
FILLER_63_453,VSS,Metal1,224.8860,256.5790,0.000001
FILLER_63_446,VSS,Metal1,221.5260,256.5790,0.000001
FILLER_63_439,VSS,Metal1,218.1660,256.5790,0.000001
FILLER_63_432,VSS,Metal1,214.8060,256.5790,0.000001
FILLER_63_425,VSS,Metal1,211.4460,256.5790,0.000001
FILLER_63_418,VSS,Metal1,208.0860,256.5790,0.000001
FILLER_63_411,VSS,Metal1,204.7260,256.5790,0.000001
FILLER_63_404,VSS,Metal1,201.3660,256.5790,0.000001
FILLER_63_397,VSS,Metal1,198.0060,256.5790,0.000001
FILLER_63_390,VSS,Metal1,194.6460,256.5790,0.000001
FILLER_63_383,VSS,Metal1,191.2860,256.5790,0.000001
FILLER_63_376,VSS,Metal1,187.9260,256.5790,0.000001
FILLER_63_369,VSS,Metal1,184.5660,256.5790,0.000001
FILLER_63_362,VSS,Metal1,181.2060,256.5790,0.000001
FILLER_63_355,VSS,Metal1,177.8460,256.5790,0.000001
FILLER_63_348,VSS,Metal1,174.4860,256.5790,0.000002
FILLER_63_341,VSS,Metal1,171.1260,256.5790,0.000003
FILLER_63_336,VSS,Metal1,167.2800,257.0400,0.000006
FILLER_63_332,VSS,Metal1,166.0680,256.6630,0.000006
FILLER_63_325,VSS,Metal1,163.4460,256.5790,0.000007
FILLER_63_320,VSS,Metal1,159.6000,257.0400,0.000011
FILLER_63_318,VSS,Metal1,158.8800,257.0400,0.000011
FILLER_63_311,VSS,Metal1,156.7260,256.5790,0.000011
FILLER_63_306,VSS,Metal1,152.8800,257.0400,0.000014
FILLER_63_299,VSS,Metal1,150.9660,256.5790,0.000015
FILLER_63_293,VSS,Metal1,146.8800,257.0400,0.000018
FILLER_63_289,VSS,Metal1,145.4280,256.6630,0.000018
FILLER_63_284,VSS,Metal1,142.3200,257.0400,0.000022
FILLER_63_257,VSS,Metal1,130.8060,256.5790,0.000019
FILLER_63_243,VSS,Metal1,122.8800,257.0400,0.000010
FILLER_63_237,VSS,Metal1,120.0000,257.0400,0.000008
FILLER_63_230,VSS,Metal1,117.8460,256.5790,0.000007
FILLER_63_223,VSS,Metal1,114.4860,256.5790,0.000006
FILLER_63_216,VSS,Metal1,111.1260,256.5790,0.000005
FILLER_63_209,VSS,Metal1,107.7660,256.5790,0.000004
FILLER_63_201,VSS,Metal1,103.1880,256.6630,0.000002
FILLER_63_194,VSS,Metal1,100.5660,256.5790,0.000001
FILLER_63_187,VSS,Metal1,97.2060,256.5790,0.000001
FILLER_63_180,VSS,Metal1,93.8460,256.5790,0.000001
FILLER_63_173,VSS,Metal1,90.4860,256.5790,0.000001
FILLER_63_166,VSS,Metal1,87.1260,256.5790,0.000001
FILLER_63_159,VSS,Metal1,83.7660,256.5790,0.000001
FILLER_63_152,VSS,Metal1,80.4060,256.5790,0.000001
FILLER_63_145,VSS,Metal1,77.0460,256.5790,0.000001
FILLER_63_138,VSS,Metal1,73.6860,256.5790,0.000001
FILLER_63_131,VSS,Metal1,70.3260,256.5790,0.000001
FILLER_63_124,VSS,Metal1,66.9660,256.5790,0.000001
FILLER_63_117,VSS,Metal1,63.6060,256.5790,0.000001
FILLER_63_100,VSS,Metal1,54.0000,257.0400,0.000000
FILLER_63_98,VSS,Metal1,53.2800,257.0400,0.000000
FILLER_63_91,VSS,Metal1,51.1260,256.5790,0.000000
FILLER_63_86,VSS,Metal1,47.2800,257.0400,0.000000
FILLER_63_82,VSS,Metal1,46.0680,256.6630,0.000000
FILLER_63_75,VSS,Metal1,43.4460,256.5790,0.000000
FILLER_63_68,VSS,Metal1,40.0860,256.5790,0.000000
FILLER_63_61,VSS,Metal1,36.7260,256.5790,0.000000
FILLER_63_56,VSS,Metal1,32.8800,257.0400,0.000000
FILLER_63_49,VSS,Metal1,30.9660,256.5790,0.000000
FILLER_63_42,VSS,Metal1,27.6060,256.5790,0.000000
FILLER_63_35,VSS,Metal1,24.2460,256.5790,0.000000
FILLER_63_28,VSS,Metal1,20.8860,256.5790,0.000000
FILLER_63_21,VSS,Metal1,17.5260,256.5790,0.000000
FILLER_63_14,VSS,Metal1,14.1660,256.5790,0.000000
FILLER_63_7,VSS,Metal1,10.8060,256.5790,0.000000
FILLER_63_0,VSS,Metal1,7.4460,256.5790,0.000000
FILLER_62_505,VSS,Metal1,248.4000,249.4800,0.000011
FILLER_62_498,VSS,Metal1,246.4860,249.9400,0.000011
FILLER_62_491,VSS,Metal1,243.1260,249.9400,0.000011
FILLER_62_484,VSS,Metal1,239.7660,249.9400,0.000011
FILLER_62_477,VSS,Metal1,236.4060,249.9400,0.000011
FILLER_62_470,VSS,Metal1,233.0460,249.9400,0.000011
FILLER_62_463,VSS,Metal1,229.6860,249.9400,0.000011
FILLER_62_456,VSS,Metal1,226.3260,249.9400,0.000011
FILLER_62_449,VSS,Metal1,222.9660,249.9400,0.000011
FILLER_62_442,VSS,Metal1,219.6060,249.9400,0.000010
FILLER_62_435,VSS,Metal1,216.2460,249.9400,0.000010
FILLER_62_428,VSS,Metal1,212.8860,249.9400,0.000010
FILLER_62_421,VSS,Metal1,209.5260,249.9400,0.000010
FILLER_62_414,VSS,Metal1,206.1660,249.9400,0.000010
FILLER_62_407,VSS,Metal1,202.8060,249.9400,0.000010
FILLER_62_400,VSS,Metal1,199.4460,249.9400,0.000010
FILLER_62_393,VSS,Metal1,196.0860,249.9400,0.000010
FILLER_62_386,VSS,Metal1,192.7260,249.9400,0.000010
FILLER_62_379,VSS,Metal1,189.3660,249.9400,0.000010
FILLER_62_372,VSS,Metal1,186.0060,249.9400,0.000010
FILLER_62_365,VSS,Metal1,182.6460,249.9400,0.000010
FILLER_62_358,VSS,Metal1,179.2860,249.9400,0.000010
FILLER_62_351,VSS,Metal1,175.9260,249.9400,0.000010
FILLER_62_344,VSS,Metal1,172.5660,249.9400,0.000017
FILLER_62_337,VSS,Metal1,169.2060,249.9400,0.000023
FILLER_62_330,VSS,Metal1,165.8460,249.9400,0.000030
FILLER_62_323,VSS,Metal1,162.4860,249.9400,0.000037
FILLER_62_316,VSS,Metal1,159.1260,249.9400,0.000043
FILLER_62_309,VSS,Metal1,155.7660,249.9400,0.000050
FILLER_62_302,VSS,Metal1,152.4060,249.9400,0.000057
FILLER_62_295,VSS,Metal1,149.0460,249.9400,0.000063
FILLER_62_288,VSS,Metal1,145.6860,249.9400,0.000070
FILLER_62_259,VSS,Metal1,130.5600,249.4800,0.000085
FILLER_62_203,VSS,Metal1,103.6800,249.4800,0.000056
FILLER_62_199,VSS,Metal1,102.2280,249.8560,0.000046
FILLER_62_192,VSS,Metal1,99.6060,249.9400,0.000044
FILLER_62_185,VSS,Metal1,96.2460,249.9400,0.000046
FILLER_62_174,VSS,Metal1,90.9660,249.9400,0.000048
FILLER_62_167,VSS,Metal1,87.6060,249.9400,0.000048
FILLER_62_160,VSS,Metal1,84.2460,249.9400,0.000049
FILLER_62_153,VSS,Metal1,80.8860,249.9400,0.000050
FILLER_62_146,VSS,Metal1,77.5260,249.9400,0.000051
FILLER_62_139,VSS,Metal1,74.1660,249.9400,0.000114
FILLER_62_123,VSS,Metal1,65.7480,249.8560,0.000114
FILLER_62_95,VSS,Metal1,51.6000,249.4800,0.000078
FILLER_62_91,VSS,Metal1,50.3880,249.8560,0.000078
FILLER_62_84,VSS,Metal1,47.7660,249.9400,0.000037
FILLER_62_77,VSS,Metal1,44.4060,249.9400,0.000033
FILLER_62_70,VSS,Metal1,41.0460,249.9400,0.000028
FILLER_62_63,VSS,Metal1,37.6860,249.9400,0.000024
FILLER_62_56,VSS,Metal1,34.3260,249.9400,0.000020
FILLER_62_49,VSS,Metal1,30.9660,249.9400,0.000015
FILLER_62_42,VSS,Metal1,27.6060,249.9400,0.000011
FILLER_62_35,VSS,Metal1,24.2460,249.9400,0.000006
FILLER_62_28,VSS,Metal1,20.8860,249.9400,0.000006
FILLER_62_21,VSS,Metal1,17.5260,249.9400,0.000006
FILLER_62_14,VSS,Metal1,14.1660,249.9400,0.000006
FILLER_62_7,VSS,Metal1,10.8060,249.9400,0.000006
FILLER_62_0,VSS,Metal1,7.4460,249.9400,0.000006
FILLER_61_505,VSS,Metal1,248.4000,249.4800,0.000011
FILLER_61_498,VSS,Metal1,246.4860,249.0190,0.000011
FILLER_61_491,VSS,Metal1,243.1260,249.0190,0.000011
FILLER_61_484,VSS,Metal1,239.7660,249.0190,0.000011
FILLER_61_477,VSS,Metal1,236.4060,249.0190,0.000011
FILLER_61_470,VSS,Metal1,233.0460,249.0190,0.000011
FILLER_61_463,VSS,Metal1,229.6860,249.0190,0.000011
FILLER_61_456,VSS,Metal1,226.3260,249.0190,0.000011
FILLER_61_449,VSS,Metal1,222.9660,249.0190,0.000011
FILLER_61_442,VSS,Metal1,219.6060,249.0190,0.000010
FILLER_61_435,VSS,Metal1,216.2460,249.0190,0.000010
FILLER_61_428,VSS,Metal1,212.8860,249.0190,0.000010
FILLER_61_421,VSS,Metal1,209.5260,249.0190,0.000010
FILLER_61_414,VSS,Metal1,206.1660,249.0190,0.000010
FILLER_61_407,VSS,Metal1,202.8060,249.0190,0.000010
FILLER_61_400,VSS,Metal1,199.4460,249.0190,0.000010
FILLER_61_393,VSS,Metal1,196.0860,249.0190,0.000010
FILLER_61_386,VSS,Metal1,192.7260,249.0190,0.000010
FILLER_61_379,VSS,Metal1,189.3660,249.0190,0.000010
FILLER_61_372,VSS,Metal1,186.0060,249.0190,0.000010
FILLER_61_365,VSS,Metal1,182.6460,249.0190,0.000010
FILLER_61_358,VSS,Metal1,179.2860,249.0190,0.000010
FILLER_61_351,VSS,Metal1,175.9260,249.0190,0.000010
FILLER_61_344,VSS,Metal1,172.5660,249.0190,0.000017
FILLER_61_337,VSS,Metal1,169.2060,249.0190,0.000023
FILLER_61_330,VSS,Metal1,165.8460,249.0190,0.000030
FILLER_61_323,VSS,Metal1,162.4860,249.0190,0.000037
FILLER_61_316,VSS,Metal1,159.1260,249.0190,0.000043
FILLER_61_309,VSS,Metal1,155.7660,249.0190,0.000050
FILLER_61_302,VSS,Metal1,152.4060,249.0190,0.000057
FILLER_61_295,VSS,Metal1,149.0460,249.0190,0.000063
FILLER_61_288,VSS,Metal1,145.6860,249.0190,0.000070
FILLER_61_281,VSS,Metal1,142.3260,249.0190,0.000083
FILLER_61_274,VSS,Metal1,138.9660,249.0190,0.000085
FILLER_61_264,VSS,Metal1,132.7200,249.4800,0.000085
FILLER_61_256,VSS,Metal1,129.5880,249.1030,0.000085
FILLER_61_249,VSS,Metal1,126.9660,249.0190,0.000085
FILLER_61_243,VSS,Metal1,122.6400,249.4800,0.000085
FILLER_61_241,VSS,Metal1,121.9200,249.4800,0.000085
FILLER_61_236,VSS,Metal1,119.2800,249.4800,0.000082
FILLER_61_229,VSS,Metal1,116.1600,249.4800,0.000067
FILLER_61_222,VSS,Metal1,114.0060,249.0190,0.000067
FILLER_61_207,VSS,Metal1,105.6000,249.4800,0.000067
FILLER_61_203,VSS,Metal1,104.1480,249.1030,0.000056
FILLER_61_170,VSS,Metal1,87.8400,249.4800,0.000048
FILLER_61_163,VSS,Metal1,85.6860,249.0190,0.000049
FILLER_61_156,VSS,Metal1,82.3260,249.0190,0.000049
FILLER_61_149,VSS,Metal1,78.9660,249.0190,0.000050
FILLER_61_121,VSS,Metal1,64.0800,249.4800,0.000119
FILLER_61_119,VSS,Metal1,63.3600,249.4800,0.000120
FILLER_61_112,VSS,Metal1,61.2060,249.0190,0.000120
FILLER_61_102,VSS,Metal1,54.9600,249.4800,0.000120
FILLER_61_98,VSS,Metal1,53.7480,249.1030,0.000120
FILLER_61_91,VSS,Metal1,51.1260,249.0190,0.000078
FILLER_61_84,VSS,Metal1,47.7660,249.0190,0.000037
FILLER_61_77,VSS,Metal1,44.4060,249.0190,0.000033
FILLER_61_70,VSS,Metal1,41.0460,249.0190,0.000028
FILLER_61_63,VSS,Metal1,37.6860,249.0190,0.000024
FILLER_61_56,VSS,Metal1,34.3260,249.0190,0.000020
FILLER_61_49,VSS,Metal1,30.9660,249.0190,0.000015
FILLER_61_42,VSS,Metal1,27.6060,249.0190,0.000011
FILLER_61_35,VSS,Metal1,24.2460,249.0190,0.000006
FILLER_61_28,VSS,Metal1,20.8860,249.0190,0.000006
FILLER_61_21,VSS,Metal1,17.5260,249.0190,0.000006
FILLER_61_14,VSS,Metal1,14.1660,249.0190,0.000006
FILLER_61_7,VSS,Metal1,10.8060,249.0190,0.000006
FILLER_61_0,VSS,Metal1,7.4460,249.0190,0.000006
FILLER_60_505,VSS,Metal1,248.4000,241.9200,0.000000
FILLER_60_503,VSS,Metal1,247.6800,241.9200,0.000000
FILLER_60_496,VSS,Metal1,245.5260,242.3800,0.000000
FILLER_60_489,VSS,Metal1,242.1660,242.3800,0.000000
FILLER_60_482,VSS,Metal1,238.8060,242.3800,0.000000
FILLER_60_475,VSS,Metal1,235.4460,242.3800,0.000000
FILLER_60_468,VSS,Metal1,232.0860,242.3800,0.000000
FILLER_60_461,VSS,Metal1,228.7260,242.3800,0.000000
FILLER_60_454,VSS,Metal1,225.3660,242.3800,0.000000
FILLER_60_447,VSS,Metal1,222.0060,242.3800,0.000000
FILLER_60_440,VSS,Metal1,218.6460,242.3800,0.000000
FILLER_60_433,VSS,Metal1,215.2860,242.3800,0.000000
FILLER_60_426,VSS,Metal1,211.9260,242.3800,0.000000
FILLER_60_419,VSS,Metal1,208.5660,242.3800,0.000000
FILLER_60_412,VSS,Metal1,205.2060,242.3800,0.000000
FILLER_60_405,VSS,Metal1,201.8460,242.3800,0.000000
FILLER_60_398,VSS,Metal1,198.4860,242.3800,0.000000
FILLER_60_391,VSS,Metal1,195.1260,242.3800,0.000000
FILLER_60_384,VSS,Metal1,191.7660,242.3800,0.000000
FILLER_60_377,VSS,Metal1,188.4060,242.3800,0.000000
FILLER_60_370,VSS,Metal1,185.0460,242.3800,0.000000
FILLER_60_363,VSS,Metal1,181.6860,242.3800,0.000000
FILLER_60_356,VSS,Metal1,178.3260,242.3800,0.000000
FILLER_60_349,VSS,Metal1,174.9660,242.3800,0.000000
FILLER_60_342,VSS,Metal1,171.6060,242.3800,0.000000
FILLER_60_335,VSS,Metal1,168.2460,242.3800,0.000000
FILLER_60_328,VSS,Metal1,164.8860,242.3800,0.000000
FILLER_60_321,VSS,Metal1,161.5260,242.3800,0.000000
FILLER_60_314,VSS,Metal1,158.1660,242.3800,0.000000
FILLER_60_307,VSS,Metal1,154.8060,242.3800,0.000000
FILLER_60_300,VSS,Metal1,151.4460,242.3800,0.000000
FILLER_60_293,VSS,Metal1,148.0860,242.3800,0.000000
FILLER_60_286,VSS,Metal1,144.7260,242.3800,0.000000
FILLER_60_279,VSS,Metal1,141.3660,242.3800,0.000000
FILLER_60_272,VSS,Metal1,138.0060,242.3800,0.000000
FILLER_60_265,VSS,Metal1,134.6460,242.3800,0.000001
FILLER_60_258,VSS,Metal1,131.2860,242.3800,0.000001
FILLER_60_251,VSS,Metal1,127.9260,242.3800,0.000001
FILLER_60_244,VSS,Metal1,124.5660,242.3800,0.000002
FILLER_60_237,VSS,Metal1,121.2060,242.3800,0.000004
FILLER_60_230,VSS,Metal1,117.8460,242.3800,0.000004
FILLER_60_223,VSS,Metal1,114.4860,242.3800,0.000004
FILLER_60_216,VSS,Metal1,111.1260,242.3800,0.000004
FILLER_60_209,VSS,Metal1,107.7660,242.3800,0.000004
FILLER_60_202,VSS,Metal1,103.2000,241.9200,0.000005
FILLER_60_198,VSS,Metal1,101.7480,242.2960,0.000005
FILLER_60_191,VSS,Metal1,99.1260,242.3800,0.000037
FILLER_60_184,VSS,Metal1,94.5600,241.9200,0.000044
FILLER_60_180,VSS,Metal1,93.1080,242.2960,0.000096
FILLER_60_173,VSS,Metal1,90.4860,242.3800,0.000096
FILLER_60_167,VSS,Metal1,86.1600,241.9200,0.000104
FILLER_60_160,VSS,Metal1,84.2460,242.3800,0.000104
FILLER_60_153,VSS,Metal1,80.8860,242.3800,0.000104
FILLER_60_146,VSS,Metal1,77.5260,242.3800,0.000104
FILLER_60_137,VSS,Metal1,72.4680,242.2960,0.000061
FILLER_60_126,VSS,Metal1,66.7200,241.9200,0.000056
FILLER_60_119,VSS,Metal1,64.5660,242.3800,0.000053
FILLER_60_112,VSS,Metal1,61.2060,242.3800,0.000050
FILLER_60_105,VSS,Metal1,56.6400,241.9200,0.000037
FILLER_60_98,VSS,Metal1,54.4860,242.3800,0.000037
FILLER_60_91,VSS,Metal1,51.1260,242.3800,0.000036
FILLER_60_84,VSS,Metal1,47.7660,242.3800,0.000033
FILLER_60_77,VSS,Metal1,44.4060,242.3800,0.000033
FILLER_60_72,VSS,Metal1,40.5600,241.9200,0.000033
FILLER_60_70,VSS,Metal1,39.8400,241.9200,0.000033
FILLER_60_63,VSS,Metal1,37.6860,242.3800,0.000016
FILLER_60_56,VSS,Metal1,34.3260,242.3800,0.000015
FILLER_60_49,VSS,Metal1,30.9660,242.3800,0.000014
FILLER_60_42,VSS,Metal1,27.6060,242.3800,0.000013
FILLER_60_35,VSS,Metal1,24.2460,242.3800,0.000012
FILLER_60_28,VSS,Metal1,20.8860,242.3800,0.000012
FILLER_60_21,VSS,Metal1,17.5260,242.3800,0.000012
FILLER_60_14,VSS,Metal1,14.1660,242.3800,0.000012
FILLER_60_7,VSS,Metal1,10.8060,242.3800,0.000012
FILLER_60_0,VSS,Metal1,7.4460,242.3800,0.000012
FILLER_59_505,VSS,Metal1,248.4000,241.9200,0.000000
FILLER_59_501,VSS,Metal1,247.1880,241.5430,0.000000
FILLER_59_494,VSS,Metal1,244.5660,241.4590,0.000000
FILLER_59_487,VSS,Metal1,241.2060,241.4590,0.000000
FILLER_59_480,VSS,Metal1,237.8460,241.4590,0.000000
FILLER_59_473,VSS,Metal1,234.4860,241.4590,0.000000
FILLER_59_466,VSS,Metal1,231.1260,241.4590,0.000000
FILLER_59_459,VSS,Metal1,227.7660,241.4590,0.000000
FILLER_59_452,VSS,Metal1,224.4060,241.4590,0.000000
FILLER_59_445,VSS,Metal1,221.0460,241.4590,0.000000
FILLER_59_438,VSS,Metal1,217.6860,241.4590,0.000000
FILLER_59_431,VSS,Metal1,214.3260,241.4590,0.000000
FILLER_59_424,VSS,Metal1,210.9660,241.4590,0.000000
FILLER_59_417,VSS,Metal1,207.6060,241.4590,0.000000
FILLER_59_410,VSS,Metal1,204.2460,241.4590,0.000000
FILLER_59_403,VSS,Metal1,200.8860,241.4590,0.000000
FILLER_59_396,VSS,Metal1,197.5260,241.4590,0.000000
FILLER_59_389,VSS,Metal1,194.1660,241.4590,0.000000
FILLER_59_382,VSS,Metal1,190.8060,241.4590,0.000000
FILLER_59_375,VSS,Metal1,187.4460,241.4590,0.000000
FILLER_59_368,VSS,Metal1,184.0860,241.4590,0.000000
FILLER_59_361,VSS,Metal1,180.7260,241.4590,0.000000
FILLER_59_354,VSS,Metal1,177.3660,241.4590,0.000000
FILLER_59_347,VSS,Metal1,174.0060,241.4590,0.000000
FILLER_59_340,VSS,Metal1,170.6460,241.4590,0.000000
FILLER_59_333,VSS,Metal1,167.2860,241.4590,0.000000
FILLER_59_326,VSS,Metal1,163.9260,241.4590,0.000000
FILLER_59_319,VSS,Metal1,160.5660,241.4590,0.000000
FILLER_59_312,VSS,Metal1,157.2060,241.4590,0.000000
FILLER_59_305,VSS,Metal1,153.8460,241.4590,0.000000
FILLER_59_298,VSS,Metal1,150.4860,241.4590,0.000000
FILLER_59_291,VSS,Metal1,147.1260,241.4590,0.000000
FILLER_59_284,VSS,Metal1,143.7660,241.4590,0.000000
FILLER_59_277,VSS,Metal1,140.4060,241.4590,0.000000
FILLER_59_272,VSS,Metal1,136.5600,241.9200,0.000000
FILLER_59_265,VSS,Metal1,134.6460,241.4590,0.000001
FILLER_59_258,VSS,Metal1,131.2860,241.4590,0.000001
FILLER_59_240,VSS,Metal1,121.9080,241.5430,0.000004
FILLER_59_233,VSS,Metal1,119.2860,241.4590,0.000004
FILLER_59_226,VSS,Metal1,115.9260,241.4590,0.000004
FILLER_59_219,VSS,Metal1,112.5660,241.4590,0.000004
FILLER_59_212,VSS,Metal1,109.2060,241.4590,0.000004
FILLER_59_205,VSS,Metal1,105.8460,241.4590,0.000004
FILLER_59_198,VSS,Metal1,102.4860,241.4590,0.000005
FILLER_59_191,VSS,Metal1,99.1260,241.4590,0.000037
FILLER_59_184,VSS,Metal1,95.7660,241.4590,0.000044
FILLER_59_177,VSS,Metal1,92.4060,241.4590,0.000096
FILLER_59_170,VSS,Metal1,89.0460,241.4590,0.000097
FILLER_59_142,VSS,Metal1,74.1600,241.9200,0.000062
FILLER_59_140,VSS,Metal1,73.4400,241.9200,0.000062
FILLER_59_133,VSS,Metal1,71.2860,241.4590,0.000061
FILLER_59_126,VSS,Metal1,67.9260,241.4590,0.000056
FILLER_59_119,VSS,Metal1,64.5660,241.4590,0.000053
FILLER_59_112,VSS,Metal1,61.2060,241.4590,0.000050
FILLER_59_106,VSS,Metal1,57.1200,241.9200,0.000037
FILLER_59_102,VSS,Metal1,55.6680,241.5430,0.000037
FILLER_59_95,VSS,Metal1,53.0460,241.4590,0.000036
FILLER_59_67,VSS,Metal1,38.1600,241.9200,0.000016
FILLER_59_60,VSS,Metal1,36.2460,241.4590,0.000015
FILLER_59_53,VSS,Metal1,32.8860,241.4590,0.000014
FILLER_59_46,VSS,Metal1,29.5260,241.4590,0.000013
FILLER_59_39,VSS,Metal1,26.1660,241.4590,0.000012
FILLER_59_32,VSS,Metal1,22.8060,241.4590,0.000012
FILLER_59_25,VSS,Metal1,19.4460,241.4590,0.000012
FILLER_59_18,VSS,Metal1,16.0860,241.4590,0.000012
FILLER_59_11,VSS,Metal1,12.7260,241.4590,0.000012
FILLER_59_4,VSS,Metal1,9.3660,241.4590,0.000012
FILLER_58_504,VSS,Metal1,248.1600,234.3600,0.000006
FILLER_58_497,VSS,Metal1,246.0060,234.8200,0.000006
FILLER_58_490,VSS,Metal1,242.6460,234.8200,0.000006
FILLER_58_483,VSS,Metal1,239.2860,234.8200,0.000006
FILLER_58_476,VSS,Metal1,235.9260,234.8200,0.000006
FILLER_58_469,VSS,Metal1,232.5660,234.8200,0.000006
FILLER_58_462,VSS,Metal1,229.2060,234.8200,0.000006
FILLER_58_455,VSS,Metal1,225.8460,234.8200,0.000005
FILLER_58_448,VSS,Metal1,222.4860,234.8200,0.000005
FILLER_58_441,VSS,Metal1,219.1260,234.8200,0.000005
FILLER_58_434,VSS,Metal1,215.7660,234.8200,0.000005
FILLER_58_427,VSS,Metal1,212.4060,234.8200,0.000005
FILLER_58_420,VSS,Metal1,209.0460,234.8200,0.000005
FILLER_58_413,VSS,Metal1,205.6860,234.8200,0.000005
FILLER_58_406,VSS,Metal1,202.3260,234.8200,0.000005
FILLER_58_399,VSS,Metal1,198.9660,234.8200,0.000005
FILLER_58_392,VSS,Metal1,195.6060,234.8200,0.000004
FILLER_58_385,VSS,Metal1,192.2460,234.8200,0.000004
FILLER_58_378,VSS,Metal1,188.8860,234.8200,0.000004
FILLER_58_371,VSS,Metal1,185.5260,234.8200,0.000004
FILLER_58_364,VSS,Metal1,182.1660,234.8200,0.000004
FILLER_58_357,VSS,Metal1,178.8060,234.8200,0.000004
FILLER_58_350,VSS,Metal1,175.4460,234.8200,0.000003
FILLER_58_343,VSS,Metal1,172.0860,234.8200,0.000018
FILLER_58_336,VSS,Metal1,168.7260,234.8200,0.000032
FILLER_58_329,VSS,Metal1,165.3660,234.8200,0.000046
FILLER_58_322,VSS,Metal1,162.0060,234.8200,0.000060
FILLER_58_315,VSS,Metal1,158.6460,234.8200,0.000075
FILLER_58_308,VSS,Metal1,155.2860,234.8200,0.000089
FILLER_58_301,VSS,Metal1,151.9260,234.8200,0.000103
FILLER_58_294,VSS,Metal1,148.5660,234.8200,0.000117
FILLER_58_266,VSS,Metal1,133.6800,234.3600,0.000125
FILLER_58_262,VSS,Metal1,132.4680,234.7360,0.000124
FILLER_58_204,VSS,Metal1,104.6280,234.7360,0.000057
FILLER_58_197,VSS,Metal1,102.0060,234.8200,0.000052
FILLER_58_190,VSS,Metal1,98.6460,234.8200,0.000057
FILLER_58_184,VSS,Metal1,94.5600,234.3600,0.000057
FILLER_58_180,VSS,Metal1,93.1080,234.7360,0.000057
FILLER_58_173,VSS,Metal1,90.4860,234.8200,0.000062
FILLER_58_166,VSS,Metal1,87.1260,234.8200,0.000062
FILLER_58_159,VSS,Metal1,83.7660,234.8200,0.000062
FILLER_58_152,VSS,Metal1,80.4060,234.8200,0.000062
FILLER_58_144,VSS,Metal1,75.8280,234.7360,0.000075
FILLER_58_137,VSS,Metal1,73.2060,234.8200,0.000075
FILLER_58_130,VSS,Metal1,69.8460,234.8200,0.000075
FILLER_58_102,VSS,Metal1,54.9600,234.3600,0.000073
FILLER_58_95,VSS,Metal1,53.0460,234.8200,0.000029
FILLER_58_88,VSS,Metal1,49.6860,234.8200,0.000029
FILLER_58_77,VSS,Metal1,43.2000,234.3600,0.000017
FILLER_58_70,VSS,Metal1,41.0460,234.8200,0.000017
FILLER_58_63,VSS,Metal1,37.6860,234.8200,0.000017
FILLER_58_56,VSS,Metal1,34.3260,234.8200,0.000014
FILLER_58_49,VSS,Metal1,30.9660,234.8200,0.000011
FILLER_58_42,VSS,Metal1,27.6060,234.8200,0.000007
FILLER_58_35,VSS,Metal1,24.2460,234.8200,0.000004
FILLER_58_28,VSS,Metal1,20.8860,234.8200,0.000004
FILLER_58_21,VSS,Metal1,17.5260,234.8200,0.000004
FILLER_58_14,VSS,Metal1,14.1660,234.8200,0.000004
FILLER_58_7,VSS,Metal1,10.8060,234.8200,0.000004
FILLER_58_0,VSS,Metal1,7.4460,234.8200,0.000004
FILLER_57_505,VSS,Metal1,248.4000,234.3600,0.000006
FILLER_57_498,VSS,Metal1,246.4860,233.8990,0.000006
FILLER_57_491,VSS,Metal1,243.1260,233.8990,0.000006
FILLER_57_484,VSS,Metal1,239.7660,233.8990,0.000006
FILLER_57_477,VSS,Metal1,236.4060,233.8990,0.000006
FILLER_57_470,VSS,Metal1,233.0460,233.8990,0.000006
FILLER_57_463,VSS,Metal1,229.6860,233.8990,0.000006
FILLER_57_456,VSS,Metal1,226.3260,233.8990,0.000005
FILLER_57_449,VSS,Metal1,222.9660,233.8990,0.000005
FILLER_57_442,VSS,Metal1,219.6060,233.8990,0.000005
FILLER_57_435,VSS,Metal1,216.2460,233.8990,0.000005
FILLER_57_428,VSS,Metal1,212.8860,233.8990,0.000005
FILLER_57_421,VSS,Metal1,209.5260,233.8990,0.000005
FILLER_57_414,VSS,Metal1,206.1660,233.8990,0.000005
FILLER_57_407,VSS,Metal1,202.8060,233.8990,0.000005
FILLER_57_400,VSS,Metal1,199.4460,233.8990,0.000005
FILLER_57_393,VSS,Metal1,196.0860,233.8990,0.000004
FILLER_57_386,VSS,Metal1,192.7260,233.8990,0.000004
FILLER_57_379,VSS,Metal1,189.3660,233.8990,0.000004
FILLER_57_372,VSS,Metal1,186.0060,233.8990,0.000004
FILLER_57_365,VSS,Metal1,182.6460,233.8990,0.000004
FILLER_57_358,VSS,Metal1,179.2860,233.8990,0.000004
FILLER_57_351,VSS,Metal1,175.9260,233.8990,0.000003
FILLER_57_344,VSS,Metal1,172.5660,233.8990,0.000017
FILLER_57_337,VSS,Metal1,169.2060,233.8990,0.000032
FILLER_57_330,VSS,Metal1,165.8460,233.8990,0.000046
FILLER_57_323,VSS,Metal1,162.4860,233.8990,0.000060
FILLER_57_316,VSS,Metal1,159.1260,233.8990,0.000074
FILLER_57_309,VSS,Metal1,155.7660,233.8990,0.000089
FILLER_57_302,VSS,Metal1,152.4060,233.8990,0.000103
FILLER_57_295,VSS,Metal1,149.0460,233.8990,0.000117
FILLER_57_288,VSS,Metal1,145.6860,233.8990,0.000131
FILLER_57_281,VSS,Metal1,142.3260,233.8990,0.000136
FILLER_57_272,VSS,Metal1,137.2680,233.9830,0.000136
FILLER_57_266,VSS,Metal1,133.9200,234.3600,0.000125
FILLER_57_262,VSS,Metal1,132.4680,233.9830,0.000124
FILLER_57_258,VSS,Metal1,129.8400,234.3600,0.000116
FILLER_57_256,VSS,Metal1,129.1200,234.3600,0.000116
FILLER_57_249,VSS,Metal1,126.9660,233.8990,0.000116
FILLER_57_231,VSS,Metal1,116.8800,234.3600,0.000078
FILLER_57_224,VSS,Metal1,114.9660,233.8990,0.000078
FILLER_57_217,VSS,Metal1,111.6060,233.8990,0.000078
FILLER_57_179,VSS,Metal1,92.1600,234.3600,0.000059
FILLER_57_175,VSS,Metal1,90.7080,233.9830,0.000062
FILLER_57_168,VSS,Metal1,88.0860,233.8990,0.000062
FILLER_57_161,VSS,Metal1,84.7260,233.8990,0.000062
FILLER_57_154,VSS,Metal1,81.3660,233.8990,0.000062
FILLER_57_147,VSS,Metal1,78.0060,233.8990,0.000063
FILLER_57_140,VSS,Metal1,74.6460,233.8990,0.000075
FILLER_57_133,VSS,Metal1,71.2860,233.8990,0.000075
FILLER_57_126,VSS,Metal1,67.9260,233.8990,0.000075
FILLER_57_119,VSS,Metal1,64.5660,233.8990,0.000079
FILLER_57_112,VSS,Metal1,61.2060,233.8990,0.000079
FILLER_57_102,VSS,Metal1,54.9600,234.3600,0.000073
FILLER_57_98,VSS,Metal1,53.7480,233.9830,0.000030
FILLER_57_91,VSS,Metal1,51.1260,233.8990,0.000029
FILLER_57_82,VSS,Metal1,46.0680,233.9830,0.000024
FILLER_57_75,VSS,Metal1,43.4460,233.8990,0.000017
FILLER_57_68,VSS,Metal1,40.0860,233.8990,0.000017
FILLER_57_63,VSS,Metal1,36.2400,234.3600,0.000017
FILLER_57_56,VSS,Metal1,34.3260,233.8990,0.000014
FILLER_57_49,VSS,Metal1,30.9660,233.8990,0.000011
FILLER_57_42,VSS,Metal1,27.6060,233.8990,0.000007
FILLER_57_35,VSS,Metal1,24.2460,233.8990,0.000004
FILLER_57_28,VSS,Metal1,20.8860,233.8990,0.000004
FILLER_57_21,VSS,Metal1,17.5260,233.8990,0.000004
FILLER_57_14,VSS,Metal1,14.1660,233.8990,0.000004
FILLER_57_7,VSS,Metal1,10.8060,233.8990,0.000004
FILLER_57_0,VSS,Metal1,7.4460,233.8990,0.000004
FILLER_56_505,VSS,Metal1,248.4000,226.8000,0.000044
FILLER_56_501,VSS,Metal1,247.1880,227.1760,0.000044
FILLER_56_494,VSS,Metal1,244.5660,227.2600,0.000044
FILLER_56_487,VSS,Metal1,241.2060,227.2600,0.000044
FILLER_56_480,VSS,Metal1,237.8460,227.2600,0.000044
FILLER_56_473,VSS,Metal1,234.4860,227.2600,0.000044
FILLER_56_466,VSS,Metal1,231.1260,227.2600,0.000044
FILLER_56_459,VSS,Metal1,227.7660,227.2600,0.000044
FILLER_56_452,VSS,Metal1,224.4060,227.2600,0.000044
FILLER_56_445,VSS,Metal1,221.0460,227.2600,0.000044
FILLER_56_438,VSS,Metal1,217.6860,227.2600,0.000044
FILLER_56_431,VSS,Metal1,214.3260,227.2600,0.000044
FILLER_56_424,VSS,Metal1,210.9660,227.2600,0.000044
FILLER_56_417,VSS,Metal1,207.6060,227.2600,0.000044
FILLER_56_410,VSS,Metal1,204.2460,227.2600,0.000044
FILLER_56_403,VSS,Metal1,200.8860,227.2600,0.000044
FILLER_56_396,VSS,Metal1,197.5260,227.2600,0.000044
FILLER_56_389,VSS,Metal1,194.1660,227.2600,0.000044
FILLER_56_382,VSS,Metal1,190.8060,227.2600,0.000044
FILLER_56_375,VSS,Metal1,187.4460,227.2600,0.000044
FILLER_56_368,VSS,Metal1,184.0860,227.2600,0.000044
FILLER_56_361,VSS,Metal1,180.7260,227.2600,0.000044
FILLER_56_354,VSS,Metal1,177.3660,227.2600,0.000044
FILLER_56_347,VSS,Metal1,174.0060,227.2600,0.000074
FILLER_56_340,VSS,Metal1,170.6460,227.2600,0.000104
FILLER_56_333,VSS,Metal1,167.2860,227.2600,0.000134
FILLER_56_326,VSS,Metal1,163.9260,227.2600,0.000164
FILLER_56_319,VSS,Metal1,160.5660,227.2600,0.000194
FILLER_56_312,VSS,Metal1,157.2060,227.2600,0.000224
FILLER_56_305,VSS,Metal1,153.8460,227.2600,0.000282
FILLER_56_298,VSS,Metal1,150.4860,227.2600,0.000292
FILLER_56_291,VSS,Metal1,147.1260,227.2600,0.000292
FILLER_56_284,VSS,Metal1,143.7660,227.2600,0.000292
FILLER_56_253,VSS,Metal1,127.4400,226.8000,0.000523
FILLER_56_251,VSS,Metal1,126.7200,226.8000,0.000523
FILLER_56_244,VSS,Metal1,124.5660,227.2600,0.000523
FILLER_56_237,VSS,Metal1,121.2060,227.2600,0.000411
FILLER_56_231,VSS,Metal1,116.8800,226.8000,0.000255
FILLER_56_224,VSS,Metal1,114.9660,227.2600,0.000252
FILLER_56_217,VSS,Metal1,111.6060,227.2600,0.000151
FILLER_56_210,VSS,Metal1,108.2460,227.2600,0.000059
FILLER_56_200,VSS,Metal1,102.0000,226.8000,0.000026
FILLER_56_193,VSS,Metal1,100.0860,227.2600,0.000026
FILLER_56_186,VSS,Metal1,96.7260,227.2600,0.000026
FILLER_56_165,VSS,Metal1,85.2000,226.8000,0.000126
FILLER_56_163,VSS,Metal1,84.4800,226.8000,0.000126
FILLER_56_149,VSS,Metal1,77.5200,226.8000,0.000137
FILLER_56_145,VSS,Metal1,76.3080,227.1760,0.000137
FILLER_56_136,VSS,Metal1,71.2800,226.8000,0.000137
FILLER_56_130,VSS,Metal1,68.6400,226.8000,0.000137
FILLER_56_123,VSS,Metal1,66.4860,227.2600,0.000137
FILLER_56_116,VSS,Metal1,63.1260,227.2600,0.000132
FILLER_56_100,VSS,Metal1,55.4460,227.2600,0.000087
FILLER_56_93,VSS,Metal1,52.0860,227.2600,0.000059
FILLER_56_86,VSS,Metal1,48.7260,227.2600,0.000059
FILLER_56_58,VSS,Metal1,33.8400,226.8000,0.000047
FILLER_56_56,VSS,Metal1,33.1200,226.8000,0.000047
FILLER_56_49,VSS,Metal1,30.9660,227.2600,0.000036
FILLER_56_42,VSS,Metal1,27.6060,227.2600,0.000026
FILLER_56_35,VSS,Metal1,24.2460,227.2600,0.000015
FILLER_56_28,VSS,Metal1,20.8860,227.2600,0.000016
FILLER_56_21,VSS,Metal1,17.5260,227.2600,0.000016
FILLER_56_14,VSS,Metal1,14.1660,227.2600,0.000017
FILLER_56_7,VSS,Metal1,10.8060,227.2600,0.000017
FILLER_56_0,VSS,Metal1,7.4460,227.2600,0.000017
FILLER_55_505,VSS,Metal1,248.4000,226.8000,0.000044
FILLER_55_501,VSS,Metal1,247.1880,226.4230,0.000044
FILLER_55_494,VSS,Metal1,244.5660,226.3390,0.000044
FILLER_55_487,VSS,Metal1,241.2060,226.3390,0.000044
FILLER_55_480,VSS,Metal1,237.8460,226.3390,0.000044
FILLER_55_473,VSS,Metal1,234.4860,226.3390,0.000044
FILLER_55_466,VSS,Metal1,231.1260,226.3390,0.000044
FILLER_55_459,VSS,Metal1,227.7660,226.3390,0.000044
FILLER_55_452,VSS,Metal1,224.4060,226.3390,0.000044
FILLER_55_445,VSS,Metal1,221.0460,226.3390,0.000044
FILLER_55_438,VSS,Metal1,217.6860,226.3390,0.000044
FILLER_55_431,VSS,Metal1,214.3260,226.3390,0.000044
FILLER_55_424,VSS,Metal1,210.9660,226.3390,0.000044
FILLER_55_417,VSS,Metal1,207.6060,226.3390,0.000044
FILLER_55_410,VSS,Metal1,204.2460,226.3390,0.000044
FILLER_55_403,VSS,Metal1,200.8860,226.3390,0.000044
FILLER_55_396,VSS,Metal1,197.5260,226.3390,0.000044
FILLER_55_389,VSS,Metal1,194.1660,226.3390,0.000044
FILLER_55_382,VSS,Metal1,190.8060,226.3390,0.000044
FILLER_55_375,VSS,Metal1,187.4460,226.3390,0.000044
FILLER_55_368,VSS,Metal1,184.0860,226.3390,0.000044
FILLER_55_361,VSS,Metal1,180.7260,226.3390,0.000044
FILLER_55_354,VSS,Metal1,177.3660,226.3390,0.000044
FILLER_55_347,VSS,Metal1,174.0060,226.3390,0.000074
FILLER_55_340,VSS,Metal1,170.6460,226.3390,0.000104
FILLER_55_333,VSS,Metal1,167.2860,226.3390,0.000134
FILLER_55_326,VSS,Metal1,163.9260,226.3390,0.000164
FILLER_55_319,VSS,Metal1,160.5660,226.3390,0.000194
FILLER_55_312,VSS,Metal1,157.2060,226.3390,0.000224
FILLER_55_284,VSS,Metal1,142.3200,226.8000,0.000292
FILLER_55_280,VSS,Metal1,141.1080,226.4230,0.000523
FILLER_55_273,VSS,Metal1,138.4860,226.3390,0.000523
FILLER_55_243,VSS,Metal1,122.6400,226.8000,0.000411
FILLER_55_239,VSS,Metal1,121.4280,226.4230,0.000411
FILLER_55_232,VSS,Metal1,118.8060,226.3390,0.000411
FILLER_55_225,VSS,Metal1,115.4460,226.3390,0.000254
FILLER_55_218,VSS,Metal1,112.0860,226.3390,0.000153
FILLER_55_212,VSS,Metal1,108.0000,226.8000,0.000059
FILLER_55_205,VSS,Metal1,105.8460,226.3390,0.000059
FILLER_55_198,VSS,Metal1,102.4860,226.3390,0.000026
FILLER_55_191,VSS,Metal1,99.1260,226.3390,0.000026
FILLER_55_184,VSS,Metal1,95.7660,226.3390,0.000026
FILLER_55_177,VSS,Metal1,92.4060,226.3390,0.000028
FILLER_55_170,VSS,Metal1,89.0460,226.3390,0.000033
FILLER_55_163,VSS,Metal1,85.6860,226.3390,0.000126
FILLER_55_157,VSS,Metal1,81.3600,226.8000,0.000133
FILLER_55_120,VSS,Metal1,63.8400,226.8000,0.000132
FILLER_55_113,VSS,Metal1,61.6860,226.3390,0.000131
FILLER_55_106,VSS,Metal1,58.3260,226.3390,0.000115
FILLER_55_99,VSS,Metal1,54.9660,226.3390,0.000087
FILLER_55_88,VSS,Metal1,49.6860,226.3390,0.000059
FILLER_55_81,VSS,Metal1,46.3260,226.3390,0.000059
FILLER_55_73,VSS,Metal1,41.7480,226.4230,0.000058
FILLER_55_63,VSS,Metal1,36.2400,226.8000,0.000050
FILLER_55_56,VSS,Metal1,34.3260,226.3390,0.000047
FILLER_55_49,VSS,Metal1,30.9660,226.3390,0.000036
FILLER_55_42,VSS,Metal1,27.6060,226.3390,0.000026
FILLER_55_35,VSS,Metal1,24.2460,226.3390,0.000015
FILLER_55_28,VSS,Metal1,20.8860,226.3390,0.000016
FILLER_55_21,VSS,Metal1,17.5260,226.3390,0.000016
FILLER_55_16,VSS,Metal1,13.6800,226.8000,0.000017
FILLER_55_14,VSS,Metal1,12.9600,226.8000,0.000017
FILLER_55_7,VSS,Metal1,10.8060,226.3390,0.000017
FILLER_55_0,VSS,Metal1,7.4460,226.3390,0.000017
FILLER_54_505,VSS,Metal1,248.4000,219.2400,0.000041
FILLER_54_498,VSS,Metal1,246.4860,219.7000,0.000041
FILLER_54_491,VSS,Metal1,243.1260,219.7000,0.000041
FILLER_54_484,VSS,Metal1,239.7660,219.7000,0.000041
FILLER_54_477,VSS,Metal1,236.4060,219.7000,0.000041
FILLER_54_470,VSS,Metal1,233.0460,219.7000,0.000041
FILLER_54_463,VSS,Metal1,229.6860,219.7000,0.000041
FILLER_54_456,VSS,Metal1,226.3260,219.7000,0.000041
FILLER_54_449,VSS,Metal1,222.9660,219.7000,0.000041
FILLER_54_442,VSS,Metal1,219.6060,219.7000,0.000041
FILLER_54_435,VSS,Metal1,216.2460,219.7000,0.000041
FILLER_54_428,VSS,Metal1,212.8860,219.7000,0.000041
FILLER_54_421,VSS,Metal1,209.5260,219.7000,0.000041
FILLER_54_414,VSS,Metal1,206.1660,219.7000,0.000041
FILLER_54_407,VSS,Metal1,202.8060,219.7000,0.000041
FILLER_54_400,VSS,Metal1,199.4460,219.7000,0.000041
FILLER_54_393,VSS,Metal1,196.0860,219.7000,0.000041
FILLER_54_386,VSS,Metal1,192.7260,219.7000,0.000041
FILLER_54_379,VSS,Metal1,189.3660,219.7000,0.000041
FILLER_54_372,VSS,Metal1,186.0060,219.7000,0.000041
FILLER_54_365,VSS,Metal1,182.6460,219.7000,0.000041
FILLER_54_358,VSS,Metal1,179.2860,219.7000,0.000041
FILLER_54_351,VSS,Metal1,175.9260,219.7000,0.000042
FILLER_54_344,VSS,Metal1,172.5660,219.7000,0.000045
FILLER_54_337,VSS,Metal1,169.2060,219.7000,0.000047
FILLER_54_330,VSS,Metal1,165.8460,219.7000,0.000051
FILLER_54_323,VSS,Metal1,162.4860,219.7000,0.000051
FILLER_54_316,VSS,Metal1,159.1260,219.7000,0.000051
FILLER_54_309,VSS,Metal1,155.7660,219.7000,0.000075
FILLER_54_302,VSS,Metal1,152.4060,219.7000,0.000084
FILLER_54_296,VSS,Metal1,148.0800,219.2400,0.000092
FILLER_54_294,VSS,Metal1,147.3600,219.2400,0.000095
FILLER_54_288,VSS,Metal1,144.4800,219.2400,0.000096
FILLER_54_283,VSS,Metal1,141.8400,219.2400,0.000097
FILLER_54_279,VSS,Metal1,140.6280,219.6160,0.000103
FILLER_54_250,VSS,Metal1,126.2400,219.2400,0.000093
FILLER_54_246,VSS,Metal1,124.7880,219.6160,0.000092
FILLER_54_239,VSS,Metal1,122.1660,219.7000,0.000091
FILLER_54_206,VSS,Metal1,105.1200,219.2400,0.000062
FILLER_54_202,VSS,Metal1,103.6680,219.6160,0.000062
FILLER_54_195,VSS,Metal1,101.0460,219.7000,0.000033
FILLER_54_188,VSS,Metal1,97.6860,219.7000,0.000035
FILLER_54_181,VSS,Metal1,94.3260,219.7000,0.000035
FILLER_54_174,VSS,Metal1,90.9660,219.7000,0.000104
FILLER_54_167,VSS,Metal1,87.6060,219.7000,0.000118
FILLER_54_160,VSS,Metal1,84.2460,219.7000,0.000132
FILLER_54_153,VSS,Metal1,80.8860,219.7000,0.000147
FILLER_54_146,VSS,Metal1,77.5260,219.7000,0.000192
FILLER_54_139,VSS,Metal1,74.1660,219.7000,0.000237
FILLER_54_132,VSS,Metal1,69.6000,219.2400,0.000287
FILLER_54_128,VSS,Metal1,68.1480,219.6160,0.000295
FILLER_54_121,VSS,Metal1,65.5260,219.7000,0.000295
FILLER_54_88,VSS,Metal1,48.4800,219.2400,0.000291
FILLER_54_81,VSS,Metal1,46.3260,219.7000,0.000273
FILLER_54_75,VSS,Metal1,42.0000,219.2400,0.000186
FILLER_54_71,VSS,Metal1,40.7880,219.6160,0.000186
FILLER_54_64,VSS,Metal1,38.1660,219.7000,0.000186
FILLER_54_57,VSS,Metal1,34.8060,219.7000,0.000186
FILLER_54_50,VSS,Metal1,31.4460,219.7000,0.000186
FILLER_54_43,VSS,Metal1,28.0860,219.7000,0.000150
FILLER_54_36,VSS,Metal1,24.7260,219.7000,0.000037
FILLER_54_29,VSS,Metal1,21.3660,219.7000,0.000075
FILLER_54_22,VSS,Metal1,18.0060,219.7000,0.000088
FILLER_54_4,VSS,Metal1,8.1600,219.2400,0.000088
FILLER_53_505,VSS,Metal1,248.4000,219.2400,0.000041
FILLER_53_501,VSS,Metal1,247.1880,218.8630,0.000041
FILLER_53_494,VSS,Metal1,244.5660,218.7790,0.000041
FILLER_53_487,VSS,Metal1,241.2060,218.7790,0.000041
FILLER_53_480,VSS,Metal1,237.8460,218.7790,0.000041
FILLER_53_473,VSS,Metal1,234.4860,218.7790,0.000041
FILLER_53_466,VSS,Metal1,231.1260,218.7790,0.000041
FILLER_53_459,VSS,Metal1,227.7660,218.7790,0.000041
FILLER_53_452,VSS,Metal1,224.4060,218.7790,0.000041
FILLER_53_445,VSS,Metal1,221.0460,218.7790,0.000041
FILLER_53_438,VSS,Metal1,217.6860,218.7790,0.000041
FILLER_53_431,VSS,Metal1,214.3260,218.7790,0.000041
FILLER_53_424,VSS,Metal1,210.9660,218.7790,0.000041
FILLER_53_417,VSS,Metal1,207.6060,218.7790,0.000041
FILLER_53_410,VSS,Metal1,204.2460,218.7790,0.000041
FILLER_53_403,VSS,Metal1,200.8860,218.7790,0.000041
FILLER_53_396,VSS,Metal1,197.5260,218.7790,0.000041
FILLER_53_389,VSS,Metal1,194.1660,218.7790,0.000041
FILLER_53_382,VSS,Metal1,190.8060,218.7790,0.000041
FILLER_53_375,VSS,Metal1,187.4460,218.7790,0.000041
FILLER_53_368,VSS,Metal1,184.0860,218.7790,0.000041
FILLER_53_361,VSS,Metal1,180.7260,218.7790,0.000041
FILLER_53_354,VSS,Metal1,177.3660,218.7790,0.000041
FILLER_53_347,VSS,Metal1,174.0060,218.7790,0.000042
FILLER_53_340,VSS,Metal1,170.6460,218.7790,0.000045
FILLER_53_314,VSS,Metal1,156.7200,219.2400,0.000075
FILLER_53_310,VSS,Metal1,155.5080,218.8630,0.000075
FILLER_53_303,VSS,Metal1,152.8860,218.7790,0.000083
FILLER_53_296,VSS,Metal1,149.5260,218.7790,0.000092
FILLER_53_289,VSS,Metal1,146.1660,218.7790,0.000095
FILLER_53_282,VSS,Metal1,142.8060,218.7790,0.000097
FILLER_53_276,VSS,Metal1,138.4800,219.2400,0.000104
FILLER_53_274,VSS,Metal1,137.7600,219.2400,0.000104
FILLER_53_267,VSS,Metal1,135.6060,218.7790,0.000104
FILLER_53_260,VSS,Metal1,131.0400,219.2400,0.000104
FILLER_53_222,VSS,Metal1,112.8000,219.2400,0.000089
FILLER_53_215,VSS,Metal1,110.6460,218.7790,0.000088
FILLER_53_208,VSS,Metal1,107.2860,218.7790,0.000085
FILLER_53_185,VSS,Metal1,94.8000,219.2400,0.000035
FILLER_53_181,VSS,Metal1,93.5880,218.8630,0.000035
FILLER_53_174,VSS,Metal1,90.9660,218.7790,0.000104
FILLER_53_158,VSS,Metal1,82.0800,219.2400,0.000147
FILLER_53_154,VSS,Metal1,80.6280,218.8630,0.000147
FILLER_53_147,VSS,Metal1,78.0060,218.7790,0.000191
FILLER_53_140,VSS,Metal1,74.6460,218.7790,0.000236
FILLER_53_133,VSS,Metal1,71.2860,218.7790,0.000281
FILLER_53_126,VSS,Metal1,67.9260,218.7790,0.000295
FILLER_53_99,VSS,Metal1,53.7600,219.2400,0.000296
FILLER_53_95,VSS,Metal1,52.3080,218.8630,0.000296
FILLER_53_88,VSS,Metal1,49.6860,218.7790,0.000291
FILLER_53_81,VSS,Metal1,46.3260,218.7790,0.000273
FILLER_53_76,VSS,Metal1,42.4800,219.2400,0.000206
FILLER_53_69,VSS,Metal1,40.5660,218.7790,0.000186
FILLER_53_62,VSS,Metal1,37.2060,218.7790,0.000186
FILLER_53_55,VSS,Metal1,33.8460,218.7790,0.000186
FILLER_53_51,VSS,Metal1,30.4800,219.2400,0.000186
FILLER_53_49,VSS,Metal1,29.7600,219.2400,0.000171
FILLER_53_42,VSS,Metal1,27.6060,218.7790,0.000148
FILLER_53_35,VSS,Metal1,24.2460,218.7790,0.000035
FILLER_53_7,VSS,Metal1,9.3600,219.2400,0.000088
FILLER_53_0,VSS,Metal1,7.4460,218.7790,0.000088
FILLER_52_502,VSS,Metal1,247.6680,212.0560,0.000010
FILLER_52_495,VSS,Metal1,245.0460,212.1400,0.000010
FILLER_52_488,VSS,Metal1,241.6860,212.1400,0.000010
FILLER_52_481,VSS,Metal1,238.3260,212.1400,0.000010
FILLER_52_474,VSS,Metal1,234.9660,212.1400,0.000010
FILLER_52_467,VSS,Metal1,231.6060,212.1400,0.000010
FILLER_52_460,VSS,Metal1,228.2460,212.1400,0.000010
FILLER_52_453,VSS,Metal1,224.8860,212.1400,0.000010
FILLER_52_446,VSS,Metal1,221.5260,212.1400,0.000010
FILLER_52_439,VSS,Metal1,218.1660,212.1400,0.000010
FILLER_52_432,VSS,Metal1,214.8060,212.1400,0.000010
FILLER_52_425,VSS,Metal1,211.4460,212.1400,0.000010
FILLER_52_418,VSS,Metal1,208.0860,212.1400,0.000010
FILLER_52_411,VSS,Metal1,204.7260,212.1400,0.000010
FILLER_52_404,VSS,Metal1,201.3660,212.1400,0.000010
FILLER_52_397,VSS,Metal1,198.0060,212.1400,0.000010
FILLER_52_390,VSS,Metal1,194.6460,212.1400,0.000010
FILLER_52_383,VSS,Metal1,191.2860,212.1400,0.000010
FILLER_52_376,VSS,Metal1,187.9260,212.1400,0.000010
FILLER_52_369,VSS,Metal1,184.5660,212.1400,0.000010
FILLER_52_362,VSS,Metal1,181.2060,212.1400,0.000010
FILLER_52_355,VSS,Metal1,177.8460,212.1400,0.000010
FILLER_52_348,VSS,Metal1,174.4860,212.1400,0.000011
FILLER_52_341,VSS,Metal1,171.1260,212.1400,0.000012
FILLER_52_334,VSS,Metal1,167.7660,212.1400,0.000013
FILLER_52_327,VSS,Metal1,164.4060,212.1400,0.000014
FILLER_52_320,VSS,Metal1,161.0460,212.1400,0.000015
FILLER_52_313,VSS,Metal1,157.6860,212.1400,0.000023
FILLER_52_306,VSS,Metal1,154.3260,212.1400,0.000024
FILLER_52_301,VSS,Metal1,150.4800,211.6800,0.000024
FILLER_52_293,VSS,Metal1,147.3480,212.0560,0.000116
FILLER_52_276,VSS,Metal1,139.1880,212.0560,0.000121
FILLER_52_268,VSS,Metal1,135.3480,212.0560,0.000121
FILLER_52_261,VSS,Metal1,132.7260,212.1400,0.000086
FILLER_52_254,VSS,Metal1,129.3660,212.1400,0.000084
FILLER_52_247,VSS,Metal1,126.0060,212.1400,0.000081
FILLER_52_240,VSS,Metal1,122.6460,212.1400,0.000079
FILLER_52_233,VSS,Metal1,119.2860,212.1400,0.000077
FILLER_52_226,VSS,Metal1,115.9260,212.1400,0.000075
FILLER_52_219,VSS,Metal1,112.5660,212.1400,0.000073
FILLER_52_212,VSS,Metal1,109.2060,212.1400,0.000071
FILLER_52_205,VSS,Metal1,105.8460,212.1400,0.000069
FILLER_52_195,VSS,Metal1,99.6000,211.6800,0.000067
FILLER_52_189,VSS,Metal1,96.9600,211.6800,0.000122
FILLER_52_185,VSS,Metal1,95.5080,212.0560,0.000250
FILLER_52_178,VSS,Metal1,92.8860,212.1400,0.000253
FILLER_52_168,VSS,Metal1,87.3480,212.0560,0.000308
FILLER_52_160,VSS,Metal1,83.0400,211.6800,0.000364
FILLER_52_153,VSS,Metal1,80.8860,212.1400,0.000419
FILLER_52_146,VSS,Metal1,77.5260,212.1400,0.000425
FILLER_52_139,VSS,Metal1,74.1660,212.1400,0.000425
FILLER_52_110,VSS,Metal1,59.0400,211.6800,0.000445
FILLER_52_106,VSS,Metal1,57.5880,212.0560,0.000444
FILLER_52_99,VSS,Metal1,54.9660,212.1400,0.000424
FILLER_52_42,VSS,Metal1,26.1600,211.6800,0.000086
FILLER_52_38,VSS,Metal1,24.9480,212.0560,0.000086
FILLER_52_31,VSS,Metal1,22.3260,212.1400,0.000086
FILLER_52_24,VSS,Metal1,17.7600,211.6800,0.000086
FILLER_52_17,VSS,Metal1,15.6060,212.1400,0.000086
FILLER_52_11,VSS,Metal1,11.2800,211.6800,0.000086
FILLER_52_7,VSS,Metal1,10.0680,212.0560,0.000086
FILLER_52_0,VSS,Metal1,7.4460,212.1400,0.000086
FILLER_51_499,VSS,Metal1,246.9660,211.2190,0.000010
FILLER_51_492,VSS,Metal1,243.6060,211.2190,0.000010
FILLER_51_485,VSS,Metal1,240.2460,211.2190,0.000010
FILLER_51_478,VSS,Metal1,236.8860,211.2190,0.000010
FILLER_51_471,VSS,Metal1,233.5260,211.2190,0.000010
FILLER_51_464,VSS,Metal1,230.1660,211.2190,0.000010
FILLER_51_457,VSS,Metal1,226.8060,211.2190,0.000010
FILLER_51_450,VSS,Metal1,223.4460,211.2190,0.000010
FILLER_51_443,VSS,Metal1,220.0860,211.2190,0.000010
FILLER_51_436,VSS,Metal1,216.7260,211.2190,0.000010
FILLER_51_429,VSS,Metal1,213.3660,211.2190,0.000010
FILLER_51_422,VSS,Metal1,210.0060,211.2190,0.000010
FILLER_51_415,VSS,Metal1,206.6460,211.2190,0.000010
FILLER_51_408,VSS,Metal1,203.2860,211.2190,0.000010
FILLER_51_401,VSS,Metal1,199.9260,211.2190,0.000010
FILLER_51_394,VSS,Metal1,196.5660,211.2190,0.000010
FILLER_51_387,VSS,Metal1,193.2060,211.2190,0.000010
FILLER_51_380,VSS,Metal1,189.8460,211.2190,0.000010
FILLER_51_373,VSS,Metal1,186.4860,211.2190,0.000010
FILLER_51_366,VSS,Metal1,183.1260,211.2190,0.000010
FILLER_51_359,VSS,Metal1,179.7660,211.2190,0.000010
FILLER_51_352,VSS,Metal1,176.4060,211.2190,0.000011
FILLER_51_345,VSS,Metal1,173.0460,211.2190,0.000012
FILLER_51_338,VSS,Metal1,169.6860,211.2190,0.000013
FILLER_51_331,VSS,Metal1,166.3260,211.2190,0.000014
FILLER_51_324,VSS,Metal1,162.9660,211.2190,0.000014
FILLER_51_265,VSS,Metal1,133.4400,211.6800,0.000086
FILLER_51_258,VSS,Metal1,131.2860,211.2190,0.000084
FILLER_51_251,VSS,Metal1,127.9260,211.2190,0.000081
FILLER_51_244,VSS,Metal1,124.5660,211.2190,0.000079
FILLER_51_237,VSS,Metal1,121.2060,211.2190,0.000077
FILLER_51_230,VSS,Metal1,117.8460,211.2190,0.000075
FILLER_51_223,VSS,Metal1,114.4860,211.2190,0.000073
FILLER_51_216,VSS,Metal1,111.1260,211.2190,0.000071
FILLER_51_209,VSS,Metal1,107.7660,211.2190,0.000069
FILLER_51_202,VSS,Metal1,104.4060,211.2190,0.000067
FILLER_51_195,VSS,Metal1,101.0460,211.2190,0.000066
FILLER_51_188,VSS,Metal1,97.6860,211.2190,0.000122
FILLER_51_181,VSS,Metal1,94.3260,211.2190,0.000250
FILLER_51_174,VSS,Metal1,90.9660,211.2190,0.000253
FILLER_51_167,VSS,Metal1,87.6060,211.2190,0.000308
FILLER_51_160,VSS,Metal1,84.2460,211.2190,0.000364
FILLER_51_102,VSS,Metal1,54.9600,211.6800,0.000424
FILLER_51_98,VSS,Metal1,53.7480,211.3030,0.000424
FILLER_51_87,VSS,Metal1,47.7600,211.6800,0.000396
FILLER_51_80,VSS,Metal1,45.8460,211.2190,0.000396
FILLER_51_71,VSS,Metal1,40.7880,211.3030,0.000396
FILLER_51_43,VSS,Metal1,26.6400,211.6800,0.000126
FILLER_51_36,VSS,Metal1,24.7260,211.2190,0.000086
FILLER_51_29,VSS,Metal1,21.3660,211.2190,0.000086
FILLER_51_22,VSS,Metal1,18.0060,211.2190,0.000086
FILLER_51_15,VSS,Metal1,14.6460,211.2190,0.000086
FILLER_51_7,VSS,Metal1,10.0680,211.3030,0.000086
FILLER_51_0,VSS,Metal1,7.4460,211.2190,0.000086
FILLER_50_505,VSS,Metal1,248.4000,204.1200,0.000178
FILLER_50_503,VSS,Metal1,247.6800,204.1200,0.000178
FILLER_50_496,VSS,Metal1,245.5260,204.5800,0.000178
FILLER_50_489,VSS,Metal1,242.1660,204.5800,0.000178
FILLER_50_478,VSS,Metal1,236.8860,204.5800,0.000178
FILLER_50_471,VSS,Metal1,233.5260,204.5800,0.000134
FILLER_50_464,VSS,Metal1,230.1660,204.5800,0.000128
FILLER_50_457,VSS,Metal1,226.8060,204.5800,0.000122
FILLER_50_450,VSS,Metal1,223.4460,204.5800,0.000116
FILLER_50_443,VSS,Metal1,220.0860,204.5800,0.000110
FILLER_50_436,VSS,Metal1,216.7260,204.5800,0.000104
FILLER_50_429,VSS,Metal1,213.3660,204.5800,0.000098
FILLER_50_422,VSS,Metal1,210.0060,204.5800,0.000092
FILLER_50_415,VSS,Metal1,206.6460,204.5800,0.000087
FILLER_50_408,VSS,Metal1,203.2860,204.5800,0.000081
FILLER_50_401,VSS,Metal1,199.9260,204.5800,0.000075
FILLER_50_394,VSS,Metal1,196.5660,204.5800,0.000069
FILLER_50_387,VSS,Metal1,193.2060,204.5800,0.000063
FILLER_50_380,VSS,Metal1,189.8460,204.5800,0.000057
FILLER_50_373,VSS,Metal1,186.4860,204.5800,0.000051
FILLER_50_366,VSS,Metal1,183.1260,204.5800,0.000045
FILLER_50_359,VSS,Metal1,179.7660,204.5800,0.000039
FILLER_50_352,VSS,Metal1,176.4060,204.5800,0.000033
FILLER_50_345,VSS,Metal1,173.0460,204.5800,0.000050
FILLER_50_338,VSS,Metal1,169.6860,204.5800,0.000066
FILLER_50_331,VSS,Metal1,166.3260,204.5800,0.000097
FILLER_50_324,VSS,Metal1,162.9660,204.5800,0.000166
FILLER_50_317,VSS,Metal1,159.6060,204.5800,0.000263
FILLER_50_310,VSS,Metal1,156.2460,204.5800,0.000360
FILLER_50_301,VSS,Metal1,151.1880,204.4960,0.000519
FILLER_50_295,VSS,Metal1,147.6000,204.1200,0.000588
FILLER_50_293,VSS,Metal1,146.8800,204.1200,0.000619
FILLER_50_278,VSS,Metal1,139.6800,204.1200,0.000629
FILLER_50_274,VSS,Metal1,138.2280,204.4960,0.000629
FILLER_50_258,VSS,Metal1,131.2860,204.5800,0.000642
FILLER_50_184,VSS,Metal1,94.3200,204.1200,0.000015
FILLER_50_182,VSS,Metal1,93.6000,204.1200,0.000015
FILLER_50_166,VSS,Metal1,85.9200,204.1200,0.000015
FILLER_50_159,VSS,Metal1,83.7660,204.5800,0.000015
FILLER_50_152,VSS,Metal1,80.4060,204.5800,0.000015
FILLER_50_137,VSS,Metal1,71.7600,204.1200,0.000015
FILLER_50_133,VSS,Metal1,70.5480,204.4960,0.000015
FILLER_50_126,VSS,Metal1,67.9260,204.5800,0.000015
FILLER_50_119,VSS,Metal1,64.5660,204.5800,0.000009
FILLER_50_112,VSS,Metal1,60.0000,204.1200,0.000009
FILLER_50_105,VSS,Metal1,57.8460,204.5800,0.000009
FILLER_50_98,VSS,Metal1,54.4860,204.5800,0.000009
FILLER_50_91,VSS,Metal1,49.9200,204.1200,0.000009
FILLER_50_87,VSS,Metal1,48.4680,204.4960,0.000008
FILLER_50_80,VSS,Metal1,45.8460,204.5800,0.000008
FILLER_50_73,VSS,Metal1,42.4860,204.5800,0.000008
FILLER_50_66,VSS,Metal1,39.1260,204.5800,0.000008
FILLER_50_59,VSS,Metal1,35.7660,204.5800,0.000008
FILLER_50_52,VSS,Metal1,32.4060,204.5800,0.000008
FILLER_50_39,VSS,Metal1,24.7200,204.1200,0.000019
FILLER_50_32,VSS,Metal1,22.8060,204.5800,0.000020
FILLER_50_0,VSS,Metal1,6.0000,204.1200,0.000072
FILLER_49_473,VSS,Metal1,233.0400,204.1200,0.000134
FILLER_49_471,VSS,Metal1,232.3200,204.1200,0.000134
FILLER_49_464,VSS,Metal1,230.1660,203.6590,0.000128
FILLER_49_457,VSS,Metal1,226.8060,203.6590,0.000122
FILLER_49_450,VSS,Metal1,223.4460,203.6590,0.000116
FILLER_49_443,VSS,Metal1,220.0860,203.6590,0.000110
FILLER_49_436,VSS,Metal1,216.7260,203.6590,0.000104
FILLER_49_429,VSS,Metal1,213.3660,203.6590,0.000098
FILLER_49_422,VSS,Metal1,210.0060,203.6590,0.000092
FILLER_49_415,VSS,Metal1,206.6460,203.6590,0.000087
FILLER_49_408,VSS,Metal1,203.2860,203.6590,0.000081
FILLER_49_401,VSS,Metal1,199.9260,203.6590,0.000075
FILLER_49_394,VSS,Metal1,196.5660,203.6590,0.000069
FILLER_49_387,VSS,Metal1,193.2060,203.6590,0.000063
FILLER_49_380,VSS,Metal1,189.8460,203.6590,0.000057
FILLER_49_373,VSS,Metal1,186.4860,203.6590,0.000051
FILLER_49_366,VSS,Metal1,183.1260,203.6590,0.000045
FILLER_49_359,VSS,Metal1,179.7660,203.6590,0.000039
FILLER_49_352,VSS,Metal1,176.4060,203.6590,0.000033
FILLER_49_345,VSS,Metal1,173.0460,203.6590,0.000050
FILLER_49_338,VSS,Metal1,169.6860,203.6590,0.000066
FILLER_49_334,VSS,Metal1,166.3200,204.1200,0.000097
FILLER_49_330,VSS,Metal1,165.1080,203.7430,0.000097
FILLER_49_323,VSS,Metal1,162.4860,203.6590,0.000168
FILLER_49_316,VSS,Metal1,159.1260,203.6590,0.000265
FILLER_49_309,VSS,Metal1,155.7660,203.6590,0.000362
FILLER_49_302,VSS,Metal1,152.4060,203.6590,0.000519
FILLER_49_295,VSS,Metal1,149.0460,203.6590,0.000588
FILLER_49_288,VSS,Metal1,145.6860,203.6590,0.000619
FILLER_49_281,VSS,Metal1,142.3260,203.6590,0.000619
FILLER_49_274,VSS,Metal1,138.9660,203.6590,0.000629
FILLER_49_267,VSS,Metal1,135.6060,203.6590,0.000640
FILLER_49_262,VSS,Metal1,131.7600,204.1200,0.000642
FILLER_49_255,VSS,Metal1,129.8460,203.6590,0.000642
FILLER_49_248,VSS,Metal1,126.4860,203.6590,0.000642
FILLER_49_241,VSS,Metal1,123.1260,203.6590,0.000642
FILLER_49_236,VSS,Metal1,119.2800,204.1200,0.000642
FILLER_49_232,VSS,Metal1,118.0680,203.7430,0.000642
FILLER_49_225,VSS,Metal1,115.4460,203.6590,0.000632
FILLER_49_218,VSS,Metal1,112.0860,203.6590,0.000621
FILLER_49_210,VSS,Metal1,107.5080,203.7430,0.000621
FILLER_49_203,VSS,Metal1,104.8860,203.6590,0.000621
FILLER_49_196,VSS,Metal1,100.3200,204.1200,0.000015
FILLER_49_189,VSS,Metal1,98.1660,203.6590,0.000015
FILLER_49_182,VSS,Metal1,94.8060,203.6590,0.000015
FILLER_49_175,VSS,Metal1,91.4460,203.6590,0.000015
FILLER_49_168,VSS,Metal1,88.0860,203.6590,0.000015
FILLER_49_162,VSS,Metal1,83.7600,204.1200,0.000015
FILLER_49_155,VSS,Metal1,81.8460,203.6590,0.000015
FILLER_49_148,VSS,Metal1,78.4860,203.6590,0.000015
FILLER_49_141,VSS,Metal1,75.1260,203.6590,0.000015
FILLER_49_134,VSS,Metal1,71.7660,203.6590,0.000015
FILLER_49_127,VSS,Metal1,68.4060,203.6590,0.000015
FILLER_49_119,VSS,Metal1,63.3600,204.1200,0.000009
FILLER_49_112,VSS,Metal1,61.2060,203.6590,0.000009
FILLER_49_105,VSS,Metal1,57.8460,203.6590,0.000009
FILLER_49_98,VSS,Metal1,54.4860,203.6590,0.000009
FILLER_49_91,VSS,Metal1,51.1260,203.6590,0.000009
FILLER_49_84,VSS,Metal1,47.7660,203.6590,0.000008
FILLER_49_77,VSS,Metal1,44.4060,203.6590,0.000008
FILLER_49_70,VSS,Metal1,41.0460,203.6590,0.000008
FILLER_49_63,VSS,Metal1,37.6860,203.6590,0.000008
FILLER_49_56,VSS,Metal1,34.3260,203.6590,0.000008
FILLER_49_49,VSS,Metal1,30.9660,203.6590,0.000008
FILLER_49_40,VSS,Metal1,25.9080,203.7430,0.000008
FILLER_49_33,VSS,Metal1,23.2860,203.6590,0.000019
FILLER_49_26,VSS,Metal1,19.9260,203.6590,0.000055
FILLER_49_20,VSS,Metal1,15.6000,204.1200,0.000072
FILLER_49_13,VSS,Metal1,13.6860,203.6590,0.000072
FILLER_49_4,VSS,Metal1,8.6280,203.7430,0.000072
FILLER_48_495,VSS,Metal1,245.0460,197.0200,0.001389
FILLER_48_488,VSS,Metal1,241.6860,197.0200,0.001389
FILLER_48_481,VSS,Metal1,238.3260,197.0200,0.001389
FILLER_48_474,VSS,Metal1,234.9660,197.0200,0.001389
FILLER_48_446,VSS,Metal1,220.0800,196.5600,0.001377
FILLER_48_442,VSS,Metal1,218.8680,196.9360,0.001368
FILLER_48_435,VSS,Metal1,216.2460,197.0200,0.001358
FILLER_48_407,VSS,Metal1,201.3600,196.5600,0.001287
FILLER_48_400,VSS,Metal1,199.4460,197.0200,0.001252
FILLER_48_393,VSS,Metal1,196.0860,197.0200,0.001245
FILLER_48_386,VSS,Metal1,192.7260,197.0200,0.001134
FILLER_48_379,VSS,Metal1,189.3660,197.0200,0.001134
FILLER_48_372,VSS,Metal1,186.0060,197.0200,0.000191
FILLER_48_365,VSS,Metal1,182.6460,197.0200,0.000191
FILLER_48_358,VSS,Metal1,179.2860,197.0200,0.000191
FILLER_48_351,VSS,Metal1,175.9260,197.0200,0.000191
FILLER_48_344,VSS,Metal1,172.5660,197.0200,0.000191
FILLER_48_337,VSS,Metal1,169.2060,197.0200,0.000191
FILLER_48_330,VSS,Metal1,165.8460,197.0200,0.000225
FILLER_48_323,VSS,Metal1,162.4860,197.0200,0.000234
FILLER_48_316,VSS,Metal1,159.1260,197.0200,0.000243
FILLER_48_309,VSS,Metal1,155.7660,197.0200,0.000252
FILLER_48_302,VSS,Metal1,152.4060,197.0200,0.000269
FILLER_48_291,VSS,Metal1,147.1260,197.0200,0.000273
FILLER_48_285,VSS,Metal1,143.0400,196.5600,0.000273
FILLER_48_254,VSS,Metal1,128.6280,196.9360,0.000259
FILLER_48_247,VSS,Metal1,126.0060,197.0200,0.000259
FILLER_48_240,VSS,Metal1,122.6460,197.0200,0.000257
FILLER_48_235,VSS,Metal1,118.8000,196.5600,0.000257
FILLER_48_228,VSS,Metal1,116.8860,197.0200,0.000257
FILLER_48_221,VSS,Metal1,113.5260,197.0200,0.000257
FILLER_48_214,VSS,Metal1,110.1660,197.0200,0.000214
FILLER_48_207,VSS,Metal1,106.8060,197.0200,0.000172
FILLER_48_200,VSS,Metal1,103.4460,197.0200,0.000129
FILLER_48_193,VSS,Metal1,100.0860,197.0200,0.000012
FILLER_48_186,VSS,Metal1,96.7260,197.0200,0.000024
FILLER_48_179,VSS,Metal1,93.3660,197.0200,0.000025
FILLER_48_165,VSS,Metal1,85.2000,196.5600,0.000031
FILLER_48_161,VSS,Metal1,83.9880,196.9360,0.000031
FILLER_48_154,VSS,Metal1,81.3660,197.0200,0.000031
FILLER_48_147,VSS,Metal1,78.0060,197.0200,0.000034
FILLER_48_140,VSS,Metal1,74.6460,197.0200,0.000034
FILLER_48_133,VSS,Metal1,71.2860,197.0200,0.000034
FILLER_48_127,VSS,Metal1,67.2000,196.5600,0.000034
FILLER_48_120,VSS,Metal1,65.0460,197.0200,0.000034
FILLER_48_107,VSS,Metal1,57.3600,196.5600,0.000035
FILLER_48_105,VSS,Metal1,56.6400,196.5600,0.000035
FILLER_48_56,VSS,Metal1,34.3260,197.0200,0.000027
FILLER_48_49,VSS,Metal1,30.9660,197.0200,0.000026
FILLER_48_42,VSS,Metal1,27.6060,197.0200,0.000015
FILLER_48_35,VSS,Metal1,24.2460,197.0200,0.000009
FILLER_48_28,VSS,Metal1,20.8860,197.0200,0.000012
FILLER_48_21,VSS,Metal1,17.5260,197.0200,0.000015
FILLER_48_14,VSS,Metal1,14.1660,197.0200,0.000018
FILLER_48_7,VSS,Metal1,10.8060,197.0200,0.000021
FILLER_48_0,VSS,Metal1,7.4460,197.0200,0.000021
FILLER_47_498,VSS,Metal1,245.7480,196.1830,0.001389
FILLER_47_491,VSS,Metal1,243.1260,196.0990,0.001389
FILLER_47_484,VSS,Metal1,239.7660,196.0990,0.001389
FILLER_47_477,VSS,Metal1,236.4060,196.0990,0.001389
FILLER_47_470,VSS,Metal1,233.0460,196.0990,0.001389
FILLER_47_463,VSS,Metal1,229.6860,196.0990,0.001389
FILLER_47_456,VSS,Metal1,226.3260,196.0990,0.001389
FILLER_47_451,VSS,Metal1,222.4800,196.5600,0.001387
FILLER_47_447,VSS,Metal1,221.2680,196.1830,0.001387
FILLER_47_440,VSS,Metal1,217.4400,196.5600,0.001358
FILLER_47_433,VSS,Metal1,215.2860,196.0990,0.001358
FILLER_47_406,VSS,Metal1,201.1200,196.5600,0.001287
FILLER_47_388,VSS,Metal1,192.9480,196.1830,0.001134
FILLER_47_381,VSS,Metal1,190.3260,196.0990,0.001134
FILLER_47_376,VSS,Metal1,186.4800,196.5600,0.000191
FILLER_47_374,VSS,Metal1,185.7600,196.5600,0.000191
FILLER_47_367,VSS,Metal1,183.6060,196.0990,0.000191
FILLER_47_360,VSS,Metal1,180.2460,196.0990,0.000191
FILLER_47_353,VSS,Metal1,176.8860,196.0990,0.000191
FILLER_47_346,VSS,Metal1,173.5260,196.0990,0.000191
FILLER_47_339,VSS,Metal1,170.1660,196.0990,0.000191
FILLER_47_323,VSS,Metal1,162.4860,196.0990,0.000234
FILLER_47_316,VSS,Metal1,159.1260,196.0990,0.000243
FILLER_47_309,VSS,Metal1,155.7660,196.0990,0.000252
FILLER_47_275,VSS,Metal1,139.4460,196.0990,0.000279
FILLER_47_268,VSS,Metal1,136.0860,196.0990,0.000279
FILLER_47_258,VSS,Metal1,129.8400,196.5600,0.000275
FILLER_47_251,VSS,Metal1,127.9260,196.0990,0.000259
FILLER_47_222,VSS,Metal1,112.8000,196.5600,0.000257
FILLER_47_215,VSS,Metal1,110.6460,196.0990,0.000215
FILLER_47_208,VSS,Metal1,107.2860,196.0990,0.000172
FILLER_47_201,VSS,Metal1,103.9260,196.0990,0.000129
FILLER_47_195,VSS,Metal1,99.6000,196.5600,0.000012
FILLER_47_177,VSS,Metal1,91.6680,196.1830,0.000025
FILLER_47_170,VSS,Metal1,89.0460,196.0990,0.000030
FILLER_47_163,VSS,Metal1,85.6860,196.0990,0.000031
FILLER_47_145,VSS,Metal1,76.3080,196.1830,0.000034
FILLER_47_138,VSS,Metal1,73.6860,196.0990,0.000034
FILLER_47_131,VSS,Metal1,70.3260,196.0990,0.000034
FILLER_47_124,VSS,Metal1,66.9660,196.0990,0.000034
FILLER_47_117,VSS,Metal1,63.6060,196.0990,0.000034
FILLER_47_110,VSS,Metal1,60.2460,196.0990,0.000034
FILLER_47_103,VSS,Metal1,56.8860,196.0990,0.000035
FILLER_47_95,VSS,Metal1,51.8400,196.5600,0.000035
FILLER_47_91,VSS,Metal1,50.3880,196.1830,0.000035
FILLER_47_84,VSS,Metal1,47.7660,196.0990,0.000035
FILLER_47_77,VSS,Metal1,44.4060,196.0990,0.000035
FILLER_47_71,VSS,Metal1,40.3200,196.5600,0.000035
FILLER_47_59,VSS,Metal1,35.7660,196.0990,0.000027
FILLER_47_52,VSS,Metal1,32.4060,196.0990,0.000027
FILLER_47_46,VSS,Metal1,28.0800,196.5600,0.000015
FILLER_47_36,VSS,Metal1,23.5200,196.5600,0.000009
FILLER_47_29,VSS,Metal1,21.3660,196.0990,0.000012
FILLER_47_22,VSS,Metal1,18.0060,196.0990,0.000015
FILLER_47_15,VSS,Metal1,14.6460,196.0990,0.000018
FILLER_47_7,VSS,Metal1,10.0680,196.1830,0.000021
FILLER_47_0,VSS,Metal1,7.4460,196.0990,0.000021
FILLER_46_472,VSS,Metal1,232.8000,189.0000,0.000425
FILLER_46_465,VSS,Metal1,230.6460,189.4600,0.000419
FILLER_46_458,VSS,Metal1,227.2860,189.4600,0.000383
FILLER_46_451,VSS,Metal1,223.9260,189.4600,0.000347
FILLER_46_444,VSS,Metal1,220.5660,189.4600,0.000311
FILLER_46_433,VSS,Metal1,213.8400,189.0000,0.000290
FILLER_46_431,VSS,Metal1,213.1200,189.0000,0.000290
FILLER_46_424,VSS,Metal1,210.9660,189.4600,0.000290
FILLER_46_417,VSS,Metal1,207.6060,189.4600,0.000290
FILLER_46_411,VSS,Metal1,203.5200,189.0000,0.000290
FILLER_46_399,VSS,Metal1,198.9660,189.4600,0.000237
FILLER_46_370,VSS,Metal1,183.8400,189.0000,0.000133
FILLER_46_355,VSS,Metal1,176.6400,189.0000,0.000077
FILLER_46_308,VSS,Metal1,155.2860,189.4600,0.000375
FILLER_46_301,VSS,Metal1,151.9260,189.4600,0.000392
FILLER_46_296,VSS,Metal1,148.0800,189.0000,0.000544
FILLER_46_294,VSS,Metal1,147.3600,189.0000,0.000544
FILLER_46_268,VSS,Metal1,134.6400,189.0000,0.000267
FILLER_46_266,VSS,Metal1,133.9200,189.0000,0.000267
FILLER_46_254,VSS,Metal1,129.3660,189.4600,0.000142
FILLER_46_247,VSS,Metal1,126.0060,189.4600,0.000142
FILLER_46_240,VSS,Metal1,122.6460,189.4600,0.000142
FILLER_46_234,VSS,Metal1,118.3200,189.0000,0.000110
FILLER_46_229,VSS,Metal1,115.9200,189.0000,0.000110
FILLER_46_218,VSS,Metal1,112.0860,189.4600,0.000103
FILLER_46_211,VSS,Metal1,108.7260,189.4600,0.000101
FILLER_46_204,VSS,Metal1,105.3660,189.4600,0.000099
FILLER_46_197,VSS,Metal1,102.0060,189.4600,0.000099
FILLER_46_190,VSS,Metal1,98.6460,189.4600,0.000103
FILLER_46_183,VSS,Metal1,95.2860,189.4600,0.000116
FILLER_46_176,VSS,Metal1,91.9260,189.4600,0.000128
FILLER_46_169,VSS,Metal1,88.5660,189.4600,0.000141
FILLER_46_162,VSS,Metal1,85.2060,189.4600,0.000150
FILLER_46_155,VSS,Metal1,81.8460,189.4600,0.000205
FILLER_46_148,VSS,Metal1,78.4860,189.4600,0.000205
FILLER_46_140,VSS,Metal1,73.4400,189.0000,0.000209
FILLER_46_133,VSS,Metal1,71.2860,189.4600,0.000221
FILLER_46_126,VSS,Metal1,67.9260,189.4600,0.000234
FILLER_46_119,VSS,Metal1,64.5660,189.4600,0.000244
FILLER_46_112,VSS,Metal1,61.2060,189.4600,0.000625
FILLER_46_91,VSS,Metal1,49.9200,189.0000,0.000659
FILLER_46_87,VSS,Metal1,48.4680,189.3760,0.000659
FILLER_46_80,VSS,Metal1,45.8460,189.4600,0.000585
FILLER_46_73,VSS,Metal1,42.4860,189.4600,0.000510
FILLER_46_51,VSS,Metal1,31.1880,189.3760,0.000149
FILLER_46_45,VSS,Metal1,27.6000,189.0000,0.000110
FILLER_46_39,VSS,Metal1,24.7200,189.0000,0.000078
FILLER_46_32,VSS,Metal1,22.8060,189.4600,0.000103
FILLER_46_0,VSS,Metal1,6.0000,189.0000,0.000151
FILLER_45_496,VSS,Metal1,244.3200,189.0000,0.000466
FILLER_45_489,VSS,Metal1,242.1660,188.5390,0.000466
FILLER_45_484,VSS,Metal1,238.3200,189.0000,0.000466
FILLER_45_473,VSS,Metal1,233.0400,189.0000,0.000425
FILLER_45_471,VSS,Metal1,232.3200,189.0000,0.000425
FILLER_45_464,VSS,Metal1,230.1660,188.5390,0.000418
FILLER_45_457,VSS,Metal1,226.8060,188.5390,0.000382
FILLER_45_452,VSS,Metal1,222.9600,189.0000,0.000347
FILLER_45_445,VSS,Metal1,221.0460,188.5390,0.000312
FILLER_45_402,VSS,Metal1,200.4060,188.5390,0.000238
FILLER_45_388,VSS,Metal1,192.2400,189.0000,0.000236
FILLER_45_368,VSS,Metal1,184.0860,188.5390,0.000133
FILLER_45_361,VSS,Metal1,180.7260,188.5390,0.000133
FILLER_45_354,VSS,Metal1,177.3660,188.5390,0.000120
FILLER_45_347,VSS,Metal1,174.0060,188.5390,0.000306
FILLER_45_335,VSS,Metal1,167.0400,189.0000,0.000309
FILLER_45_328,VSS,Metal1,164.8860,188.5390,0.000309
FILLER_45_321,VSS,Metal1,161.5260,188.5390,0.000343
FILLER_45_314,VSS,Metal1,158.1660,188.5390,0.000355
FILLER_45_308,VSS,Metal1,154.0800,189.0000,0.000375
FILLER_45_298,VSS,Metal1,149.0400,189.0000,0.000540
FILLER_45_291,VSS,Metal1,147.1260,188.5390,0.000544
FILLER_45_284,VSS,Metal1,143.7660,188.5390,0.000545
FILLER_45_277,VSS,Metal1,140.4060,188.5390,0.000545
FILLER_45_270,VSS,Metal1,137.0460,188.5390,0.000545
FILLER_45_263,VSS,Metal1,133.6860,188.5390,0.000267
FILLER_45_256,VSS,Metal1,130.3260,188.5390,0.000142
FILLER_45_249,VSS,Metal1,126.9660,188.5390,0.000142
FILLER_45_242,VSS,Metal1,123.6060,188.5390,0.000142
FILLER_45_235,VSS,Metal1,120.2460,188.5390,0.000142
FILLER_45_228,VSS,Metal1,116.8860,188.5390,0.000110
FILLER_45_189,VSS,Metal1,98.1660,188.5390,0.000104
FILLER_45_182,VSS,Metal1,94.8060,188.5390,0.000116
FILLER_45_175,VSS,Metal1,91.4460,188.5390,0.000129
FILLER_45_170,VSS,Metal1,87.6000,189.0000,0.000141
FILLER_45_166,VSS,Metal1,86.3880,188.6230,0.000150
FILLER_45_160,VSS,Metal1,82.8000,189.0000,0.000205
FILLER_45_153,VSS,Metal1,80.8860,188.5390,0.000205
FILLER_45_146,VSS,Metal1,77.5260,188.5390,0.000205
FILLER_45_139,VSS,Metal1,74.1660,188.5390,0.000209
FILLER_45_132,VSS,Metal1,70.8060,188.5390,0.000221
FILLER_45_107,VSS,Metal1,57.3600,189.0000,0.000628
FILLER_45_100,VSS,Metal1,55.4460,188.5390,0.000683
FILLER_45_93,VSS,Metal1,52.0860,188.5390,0.000683
FILLER_45_86,VSS,Metal1,48.7260,188.5390,0.000659
FILLER_45_79,VSS,Metal1,45.3660,188.5390,0.000583
FILLER_45_68,VSS,Metal1,40.0860,188.5390,0.000510
FILLER_45_61,VSS,Metal1,36.7260,188.5390,0.000510
FILLER_45_54,VSS,Metal1,33.3660,188.5390,0.000268
FILLER_45_47,VSS,Metal1,30.0060,188.5390,0.000149
FILLER_45_42,VSS,Metal1,26.1600,189.0000,0.000078
FILLER_45_38,VSS,Metal1,24.9480,188.6230,0.000078
FILLER_45_31,VSS,Metal1,22.3260,188.5390,0.000104
FILLER_45_24,VSS,Metal1,18.9660,188.5390,0.000151
FILLER_45_17,VSS,Metal1,14.4000,189.0000,0.000151
FILLER_45_4,VSS,Metal1,8.6280,188.6230,0.000151
FILLER_44_505,VSS,Metal1,248.4000,181.4400,0.001270
FILLER_44_503,VSS,Metal1,247.6800,181.4400,0.001270
FILLER_44_496,VSS,Metal1,245.5260,181.9000,0.001270
FILLER_44_489,VSS,Metal1,242.1660,181.9000,0.001270
FILLER_44_482,VSS,Metal1,238.8060,181.9000,0.001270
FILLER_44_475,VSS,Metal1,235.4460,181.9000,0.001237
FILLER_44_442,VSS,Metal1,218.1600,181.4400,0.000759
FILLER_44_440,VSS,Metal1,217.4400,181.4400,0.000759
FILLER_44_433,VSS,Metal1,215.2860,181.9000,0.000749
FILLER_44_391,VSS,Metal1,194.3880,181.8160,0.000320
FILLER_44_384,VSS,Metal1,190.5600,181.4400,0.000222
FILLER_44_380,VSS,Metal1,189.1080,181.8160,0.000183
FILLER_44_374,VSS,Metal1,185.5200,181.4400,0.000140
FILLER_44_367,VSS,Metal1,183.6060,181.9000,0.000140
FILLER_44_360,VSS,Metal1,180.2460,181.9000,0.000140
FILLER_44_353,VSS,Metal1,176.8860,181.9000,0.000067
FILLER_44_346,VSS,Metal1,173.5260,181.9000,0.000142
FILLER_44_339,VSS,Metal1,170.1660,181.9000,0.000247
FILLER_44_332,VSS,Metal1,166.8060,181.9000,0.000352
FILLER_44_295,VSS,Metal1,147.6000,181.4400,0.000411
FILLER_44_293,VSS,Metal1,146.8800,181.4400,0.000411
FILLER_44_265,VSS,Metal1,133.2000,181.4400,0.000333
FILLER_44_263,VSS,Metal1,132.4800,181.4400,0.000333
FILLER_44_226,VSS,Metal1,114.4800,181.4400,0.000206
FILLER_44_219,VSS,Metal1,112.5660,181.9000,0.000077
FILLER_44_212,VSS,Metal1,109.2060,181.9000,0.000075
FILLER_44_205,VSS,Metal1,105.8460,181.9000,0.000073
FILLER_44_200,VSS,Metal1,102.0000,181.4400,0.000031
FILLER_44_196,VSS,Metal1,100.7880,181.8160,0.000031
FILLER_44_175,VSS,Metal1,90.2400,181.4400,0.000084
FILLER_44_171,VSS,Metal1,88.7880,181.8160,0.000084
FILLER_44_145,VSS,Metal1,75.6000,181.4400,0.000089
FILLER_44_138,VSS,Metal1,73.6860,181.9000,0.000089
FILLER_44_131,VSS,Metal1,70.3260,181.9000,0.000091
FILLER_44_124,VSS,Metal1,66.9660,181.9000,0.000099
FILLER_44_117,VSS,Metal1,63.6060,181.9000,0.000100
FILLER_44_111,VSS,Metal1,59.5200,181.4400,0.000100
FILLER_44_104,VSS,Metal1,57.3660,181.9000,0.000100
FILLER_44_97,VSS,Metal1,54.0060,181.9000,0.000070
FILLER_44_69,VSS,Metal1,39.1200,181.4400,0.000056
FILLER_44_65,VSS,Metal1,37.9080,181.8160,0.000056
FILLER_44_37,VSS,Metal1,23.7600,181.4400,0.000057
FILLER_44_35,VSS,Metal1,23.0400,181.4400,0.000057
FILLER_44_28,VSS,Metal1,20.8860,181.9000,0.000057
FILLER_44_21,VSS,Metal1,17.5260,181.9000,0.000057
FILLER_44_14,VSS,Metal1,14.1660,181.9000,0.000057
FILLER_44_7,VSS,Metal1,10.8060,181.9000,0.000057
FILLER_44_0,VSS,Metal1,7.4460,181.9000,0.000057
FILLER_43_478,VSS,Metal1,235.4400,181.4400,0.001237
FILLER_43_474,VSS,Metal1,234.2280,181.0630,0.001237
FILLER_43_464,VSS,Metal1,228.7200,181.4400,0.001228
FILLER_43_462,VSS,Metal1,228.0000,181.4400,0.001228
FILLER_43_440,VSS,Metal1,217.9080,181.0630,0.000759
FILLER_43_433,VSS,Metal1,215.2860,180.9790,0.000749
FILLER_43_426,VSS,Metal1,211.9260,180.9790,0.000688
FILLER_43_420,VSS,Metal1,207.6000,181.4400,0.000688
FILLER_43_418,VSS,Metal1,206.8800,181.4400,0.000688
FILLER_43_412,VSS,Metal1,204.0000,181.4400,0.000688
FILLER_43_408,VSS,Metal1,202.5480,181.0630,0.000688
FILLER_43_402,VSS,Metal1,198.9600,181.4400,0.000544
FILLER_43_395,VSS,Metal1,197.0460,180.9790,0.000544
FILLER_43_382,VSS,Metal1,189.3600,181.4400,0.000183
FILLER_43_380,VSS,Metal1,188.6400,181.4400,0.000183
FILLER_43_372,VSS,Metal1,185.2680,181.0630,0.000140
FILLER_43_365,VSS,Metal1,182.6460,180.9790,0.000140
FILLER_43_356,VSS,Metal1,176.8800,181.4400,0.000067
FILLER_43_352,VSS,Metal1,175.6680,181.0630,0.000067
FILLER_43_345,VSS,Metal1,173.0460,180.9790,0.000144
FILLER_43_338,VSS,Metal1,169.6860,180.9790,0.000249
FILLER_43_330,VSS,Metal1,165.1080,181.0630,0.000352
FILLER_43_323,VSS,Metal1,162.4860,180.9790,0.000397
FILLER_43_316,VSS,Metal1,159.1260,180.9790,0.000397
FILLER_43_275,VSS,Metal1,138.7080,181.0630,0.000408
FILLER_43_270,VSS,Metal1,135.6000,181.4400,0.000400
FILLER_43_263,VSS,Metal1,132.4800,181.4400,0.000333
FILLER_43_259,VSS,Metal1,131.0280,181.0630,0.000329
FILLER_43_252,VSS,Metal1,128.4060,180.9790,0.000329
FILLER_43_245,VSS,Metal1,125.0460,180.9790,0.000329
FILLER_43_240,VSS,Metal1,121.2000,181.4400,0.000329
FILLER_43_238,VSS,Metal1,120.4800,181.4400,0.000329
FILLER_43_232,VSS,Metal1,117.6000,181.4400,0.000230
FILLER_43_225,VSS,Metal1,115.4460,180.9790,0.000206
FILLER_43_215,VSS,Metal1,110.6460,180.9790,0.000077
FILLER_43_208,VSS,Metal1,107.2860,180.9790,0.000075
FILLER_43_201,VSS,Metal1,103.9260,180.9790,0.000073
FILLER_43_194,VSS,Metal1,100.5660,180.9790,0.000031
FILLER_43_187,VSS,Metal1,97.2060,180.9790,0.000078
FILLER_43_174,VSS,Metal1,89.5200,181.4400,0.000084
FILLER_43_170,VSS,Metal1,88.3080,181.0630,0.000084
FILLER_43_163,VSS,Metal1,85.6860,180.9790,0.000085
FILLER_43_156,VSS,Metal1,80.8800,181.4400,0.000088
FILLER_43_154,VSS,Metal1,80.1600,181.4400,0.000088
FILLER_43_147,VSS,Metal1,78.0060,180.9790,0.000089
FILLER_43_139,VSS,Metal1,72.9600,181.4400,0.000089
FILLER_43_135,VSS,Metal1,71.5080,181.0630,0.000091
FILLER_43_128,VSS,Metal1,67.6800,181.4400,0.000099
FILLER_43_99,VSS,Metal1,53.7600,181.4400,0.000070
FILLER_43_95,VSS,Metal1,52.3080,181.0630,0.000070
FILLER_43_88,VSS,Metal1,49.6860,180.9790,0.000056
FILLER_43_83,VSS,Metal1,46.0800,181.4400,0.000056
FILLER_43_76,VSS,Metal1,43.9260,180.9790,0.000056
FILLER_43_47,VSS,Metal1,29.2680,181.0630,0.000055
FILLER_43_40,VSS,Metal1,26.6460,180.9790,0.000051
FILLER_43_33,VSS,Metal1,23.2860,180.9790,0.000057
FILLER_43_26,VSS,Metal1,19.9260,180.9790,0.000057
FILLER_43_19,VSS,Metal1,16.5660,180.9790,0.000057
FILLER_43_8,VSS,Metal1,10.0800,181.4400,0.000057
FILLER_43_4,VSS,Metal1,8.6280,181.0630,0.000057
FILLER_42_496,VSS,Metal1,244.3200,173.8800,0.000433
FILLER_42_489,VSS,Metal1,242.1660,174.3400,0.000433
FILLER_42_483,VSS,Metal1,238.0800,173.8800,0.000433
FILLER_42_479,VSS,Metal1,236.6280,174.2560,0.000433
FILLER_42_457,VSS,Metal1,226.8060,174.3400,0.000433
FILLER_42_420,VSS,Metal1,207.6000,173.8800,0.000431
FILLER_42_418,VSS,Metal1,206.8800,173.8800,0.000412
FILLER_42_411,VSS,Metal1,204.7260,174.3400,0.000406
FILLER_42_404,VSS,Metal1,201.3660,174.3400,0.000394
FILLER_42_328,VSS,Metal1,163.4400,173.8800,0.000179
FILLER_42_321,VSS,Metal1,161.5260,174.3400,0.000179
FILLER_42_314,VSS,Metal1,158.1660,174.3400,0.000183
FILLER_42_307,VSS,Metal1,154.8060,174.3400,0.000183
FILLER_42_300,VSS,Metal1,151.4460,174.3400,0.000183
FILLER_42_294,VSS,Metal1,147.1200,173.8800,0.000170
FILLER_42_287,VSS,Metal1,145.2060,174.3400,0.000166
FILLER_42_277,VSS,Metal1,139.6680,174.2560,0.000158
FILLER_42_270,VSS,Metal1,137.0460,174.3400,0.000158
FILLER_42_263,VSS,Metal1,133.6860,174.3400,0.000158
FILLER_42_256,VSS,Metal1,130.3260,174.3400,0.000140
FILLER_42_249,VSS,Metal1,126.9660,174.3400,0.000068
FILLER_42_242,VSS,Metal1,123.6060,174.3400,0.000068
FILLER_42_235,VSS,Metal1,120.2460,174.3400,0.000068
FILLER_42_193,VSS,Metal1,98.8800,173.8800,0.000028
FILLER_42_186,VSS,Metal1,96.7260,174.3400,0.000028
FILLER_42_179,VSS,Metal1,93.3660,174.3400,0.000028
FILLER_42_172,VSS,Metal1,90.0060,174.3400,0.000028
FILLER_42_165,VSS,Metal1,86.6460,174.3400,0.000028
FILLER_42_158,VSS,Metal1,83.2860,174.3400,0.000028
FILLER_42_151,VSS,Metal1,79.9260,174.3400,0.000028
FILLER_42_144,VSS,Metal1,76.5660,174.3400,0.000028
FILLER_42_137,VSS,Metal1,73.2060,174.3400,0.000028
FILLER_42_130,VSS,Metal1,69.8460,174.3400,0.000028
FILLER_42_117,VSS,Metal1,63.6060,174.3400,0.000028
FILLER_42_110,VSS,Metal1,60.2460,174.3400,0.000027
FILLER_42_105,VSS,Metal1,56.4000,173.8800,0.000026
FILLER_42_101,VSS,Metal1,55.1880,174.2560,0.000025
FILLER_42_94,VSS,Metal1,52.5660,174.3400,0.000025
FILLER_42_87,VSS,Metal1,49.2060,174.3400,0.000025
FILLER_42_80,VSS,Metal1,45.8460,174.3400,0.000025
FILLER_42_73,VSS,Metal1,42.4860,174.3400,0.000021
FILLER_42_64,VSS,Metal1,36.7200,173.8800,0.000020
FILLER_42_57,VSS,Metal1,34.8060,174.3400,0.000019
FILLER_42_50,VSS,Metal1,31.4460,174.3400,0.000019
FILLER_42_43,VSS,Metal1,28.0860,174.3400,0.000019
FILLER_42_36,VSS,Metal1,24.7260,174.3400,0.000019
FILLER_42_0,VSS,Metal1,6.7080,174.2560,0.000066
FILLER_41_491,VSS,Metal1,243.1260,173.4190,0.000433
FILLER_41_484,VSS,Metal1,239.7660,173.4190,0.000433
FILLER_41_477,VSS,Metal1,236.4060,173.4190,0.000433
FILLER_41_470,VSS,Metal1,233.0460,173.4190,0.000433
FILLER_41_463,VSS,Metal1,229.6860,173.4190,0.000433
FILLER_41_456,VSS,Metal1,226.3260,173.4190,0.000433
FILLER_41_449,VSS,Metal1,222.9660,173.4190,0.000433
FILLER_41_442,VSS,Metal1,219.6060,173.4190,0.000433
FILLER_41_435,VSS,Metal1,216.2460,173.4190,0.000433
FILLER_41_424,VSS,Metal1,209.7600,173.8800,0.000433
FILLER_41_417,VSS,Metal1,206.4000,173.8800,0.000412
FILLER_41_379,VSS,Metal1,187.9200,173.8800,0.000350
FILLER_41_377,VSS,Metal1,187.2000,173.8800,0.000350
FILLER_41_370,VSS,Metal1,185.0460,173.4190,0.000350
FILLER_41_364,VSS,Metal1,180.7200,173.8800,0.000350
FILLER_41_362,VSS,Metal1,180.0000,173.8800,0.000350
FILLER_41_350,VSS,Metal1,175.4460,173.4190,0.000057
FILLER_41_343,VSS,Metal1,172.0860,173.4190,0.000105
FILLER_41_333,VSS,Metal1,165.8400,173.8800,0.000105
FILLER_41_331,VSS,Metal1,165.1200,173.8800,0.000105
FILLER_41_324,VSS,Metal1,161.7600,173.8800,0.000179
FILLER_41_293,VSS,Metal1,146.6400,173.8800,0.000166
FILLER_41_289,VSS,Metal1,145.4280,173.5030,0.000166
FILLER_41_261,VSS,Metal1,131.2800,173.8800,0.000140
FILLER_41_257,VSS,Metal1,130.0680,173.5030,0.000140
FILLER_41_226,VSS,Metal1,115.1880,173.5030,0.000028
FILLER_41_219,VSS,Metal1,112.5660,173.4190,0.000028
FILLER_41_212,VSS,Metal1,109.2060,173.4190,0.000028
FILLER_41_207,VSS,Metal1,105.3600,173.8800,0.000028
FILLER_41_200,VSS,Metal1,103.4460,173.4190,0.000028
FILLER_41_193,VSS,Metal1,100.0860,173.4190,0.000028
FILLER_41_186,VSS,Metal1,96.7260,173.4190,0.000028
FILLER_41_179,VSS,Metal1,93.3660,173.4190,0.000028
FILLER_41_167,VSS,Metal1,87.6060,173.4190,0.000028
FILLER_41_160,VSS,Metal1,84.2460,173.4190,0.000028
FILLER_41_153,VSS,Metal1,80.8860,173.4190,0.000028
FILLER_41_146,VSS,Metal1,77.5260,173.4190,0.000028
FILLER_41_139,VSS,Metal1,74.1660,173.4190,0.000028
FILLER_41_132,VSS,Metal1,70.8060,173.4190,0.000028
FILLER_41_125,VSS,Metal1,67.4460,173.4190,0.000028
FILLER_41_118,VSS,Metal1,64.0860,173.4190,0.000028
FILLER_41_111,VSS,Metal1,60.7260,173.4190,0.000027
FILLER_41_104,VSS,Metal1,57.3660,173.4190,0.000026
FILLER_41_97,VSS,Metal1,54.0060,173.4190,0.000025
FILLER_41_90,VSS,Metal1,50.6460,173.4190,0.000025
FILLER_41_81,VSS,Metal1,44.8800,173.8800,0.000025
FILLER_41_70,VSS,Metal1,39.6000,173.8800,0.000021
FILLER_41_66,VSS,Metal1,38.3880,173.5030,0.000021
FILLER_41_35,VSS,Metal1,23.5080,173.5030,0.000019
FILLER_41_28,VSS,Metal1,20.8860,173.4190,0.000066
FILLER_41_21,VSS,Metal1,17.5260,173.4190,0.000066
FILLER_41_14,VSS,Metal1,14.1660,173.4190,0.000066
FILLER_41_7,VSS,Metal1,10.8060,173.4190,0.000066
FILLER_41_0,VSS,Metal1,7.4460,173.4190,0.000066
FILLER_40_468,VSS,Metal1,230.6400,166.3200,0.000636
FILLER_40_461,VSS,Metal1,228.7260,166.7800,0.000636
FILLER_40_454,VSS,Metal1,225.3660,166.7800,0.000636
FILLER_40_446,VSS,Metal1,220.7880,166.6960,0.000636
FILLER_40_439,VSS,Metal1,218.1660,166.7800,0.000615
FILLER_40_432,VSS,Metal1,214.8060,166.7800,0.000543
FILLER_40_425,VSS,Metal1,211.4460,166.7800,0.000472
FILLER_40_418,VSS,Metal1,208.0860,166.7800,0.000400
FILLER_40_407,VSS,Metal1,202.8060,166.7800,0.000212
FILLER_40_400,VSS,Metal1,199.4460,166.7800,0.000153
FILLER_40_393,VSS,Metal1,196.0860,166.7800,0.000113
FILLER_40_384,VSS,Metal1,191.0280,166.6960,0.000035
FILLER_40_377,VSS,Metal1,188.4060,166.7800,0.000035
FILLER_40_370,VSS,Metal1,185.0460,166.7800,0.000035
FILLER_40_363,VSS,Metal1,181.6860,166.7800,0.000035
FILLER_40_356,VSS,Metal1,178.3260,166.7800,0.000035
FILLER_40_349,VSS,Metal1,174.9660,166.7800,0.000035
FILLER_40_342,VSS,Metal1,171.6060,166.7800,0.000107
FILLER_40_335,VSS,Metal1,168.2460,166.7800,0.000107
FILLER_40_330,VSS,Metal1,164.4000,166.3200,0.000110
FILLER_40_328,VSS,Metal1,163.6800,166.3200,0.000110
FILLER_40_321,VSS,Metal1,161.5260,166.7800,0.000111
FILLER_40_313,VSS,Metal1,156.9480,166.6960,0.000111
FILLER_40_299,VSS,Metal1,150.2280,166.6960,0.000101
FILLER_40_292,VSS,Metal1,147.6060,166.7800,0.000095
FILLER_40_285,VSS,Metal1,144.2460,166.7800,0.000095
FILLER_40_278,VSS,Metal1,140.8860,166.7800,0.000095
FILLER_40_271,VSS,Metal1,137.5260,166.7800,0.000095
FILLER_40_260,VSS,Metal1,132.2460,166.7800,0.000082
FILLER_40_253,VSS,Metal1,128.8860,166.7800,0.000081
FILLER_40_246,VSS,Metal1,125.5260,166.7800,0.000068
FILLER_40_239,VSS,Metal1,122.1660,166.7800,0.000067
FILLER_40_234,VSS,Metal1,118.3200,166.3200,0.000037
FILLER_40_232,VSS,Metal1,117.6000,166.3200,0.000037
FILLER_40_225,VSS,Metal1,115.4460,166.7800,0.000037
FILLER_40_218,VSS,Metal1,112.0860,166.7800,0.000037
FILLER_40_211,VSS,Metal1,108.7260,166.7800,0.000037
FILLER_40_204,VSS,Metal1,105.3660,166.7800,0.000036
FILLER_40_197,VSS,Metal1,102.0060,166.7800,0.000030
FILLER_40_190,VSS,Metal1,98.6460,166.7800,0.000033
FILLER_40_184,VSS,Metal1,94.5600,166.3200,0.000033
FILLER_40_177,VSS,Metal1,92.4060,166.7800,0.000057
FILLER_40_167,VSS,Metal1,86.8680,166.6960,0.000161
FILLER_40_160,VSS,Metal1,84.2460,166.7800,0.000210
FILLER_40_132,VSS,Metal1,69.3600,166.3200,0.000213
FILLER_40_126,VSS,Metal1,66.4800,166.3200,0.000209
FILLER_40_122,VSS,Metal1,65.2680,166.6960,0.000209
FILLER_40_112,VSS,Metal1,59.7600,166.3200,0.000188
FILLER_40_87,VSS,Metal1,49.2060,166.7800,0.000163
FILLER_40_80,VSS,Metal1,45.8460,166.7800,0.000161
FILLER_40_73,VSS,Metal1,42.4860,166.7800,0.000158
FILLER_40_68,VSS,Metal1,38.6400,166.3200,0.000154
FILLER_40_66,VSS,Metal1,37.9200,166.3200,0.000153
FILLER_40_57,VSS,Metal1,33.3600,166.3200,0.000071
FILLER_40_55,VSS,Metal1,32.6400,166.3200,0.000071
FILLER_40_48,VSS,Metal1,30.4860,166.7800,0.000071
FILLER_40_43,VSS,Metal1,26.6400,166.3200,0.000014
FILLER_40_41,VSS,Metal1,25.9200,166.3200,0.000011
FILLER_40_34,VSS,Metal1,23.7660,166.7800,0.000017
FILLER_40_27,VSS,Metal1,20.4060,166.7800,0.000017
FILLER_40_20,VSS,Metal1,17.0460,166.7800,0.000018
FILLER_40_13,VSS,Metal1,13.6860,166.7800,0.000019
FILLER_40_4,VSS,Metal1,8.6280,166.6960,0.000019
FILLER_39_504,VSS,Metal1,248.1600,166.3200,0.000657
FILLER_39_497,VSS,Metal1,246.0060,165.8590,0.000657
FILLER_39_490,VSS,Metal1,242.6460,165.8590,0.000657
FILLER_39_444,VSS,Metal1,219.1200,166.3200,0.000615
FILLER_39_440,VSS,Metal1,217.9080,165.9430,0.000615
FILLER_39_433,VSS,Metal1,215.2860,165.8590,0.000545
FILLER_39_426,VSS,Metal1,211.9260,165.8590,0.000473
FILLER_39_419,VSS,Metal1,208.5660,165.8590,0.000402
FILLER_39_408,VSS,Metal1,202.0800,166.3200,0.000212
FILLER_39_398,VSS,Metal1,197.0400,166.3200,0.000113
FILLER_39_396,VSS,Metal1,196.3200,166.3200,0.000113
FILLER_39_390,VSS,Metal1,193.4400,166.3200,0.000038
FILLER_39_386,VSS,Metal1,191.9880,165.9430,0.000035
FILLER_39_379,VSS,Metal1,189.3660,165.8590,0.000035
FILLER_39_372,VSS,Metal1,186.0060,165.8590,0.000035
FILLER_39_365,VSS,Metal1,182.6460,165.8590,0.000035
FILLER_39_358,VSS,Metal1,179.2860,165.8590,0.000035
FILLER_39_351,VSS,Metal1,175.9260,165.8590,0.000035
FILLER_39_346,VSS,Metal1,172.0800,166.3200,0.000107
FILLER_39_339,VSS,Metal1,170.1660,165.8590,0.000107
FILLER_39_310,VSS,Metal1,155.0400,166.3200,0.000103
FILLER_39_298,VSS,Metal1,149.2800,166.3200,0.000099
FILLER_39_294,VSS,Metal1,147.8280,165.9430,0.000095
FILLER_39_287,VSS,Metal1,145.2060,165.8590,0.000095
FILLER_39_280,VSS,Metal1,141.8460,165.8590,0.000095
FILLER_39_273,VSS,Metal1,138.4860,165.8590,0.000095
FILLER_39_265,VSS,Metal1,133.2000,166.3200,0.000082
FILLER_39_263,VSS,Metal1,132.4800,166.3200,0.000082
FILLER_39_256,VSS,Metal1,130.3260,165.8590,0.000082
FILLER_39_250,VSS,Metal1,126.2400,166.3200,0.000068
FILLER_39_243,VSS,Metal1,124.0860,165.8590,0.000067
FILLER_39_236,VSS,Metal1,119.9880,165.9430,0.000050
FILLER_39_229,VSS,Metal1,117.3660,165.8590,0.000037
FILLER_39_222,VSS,Metal1,114.0060,165.8590,0.000037
FILLER_39_215,VSS,Metal1,110.6460,165.8590,0.000037
FILLER_39_208,VSS,Metal1,107.2860,165.8590,0.000036
FILLER_39_177,VSS,Metal1,91.6680,165.9430,0.000057
FILLER_39_160,VSS,Metal1,82.8000,166.3200,0.000210
FILLER_39_156,VSS,Metal1,81.5880,165.9430,0.000214
FILLER_39_149,VSS,Metal1,78.9660,165.8590,0.000214
FILLER_39_142,VSS,Metal1,75.6060,165.8590,0.000214
FILLER_39_136,VSS,Metal1,71.5200,166.3200,0.000214
FILLER_39_130,VSS,Metal1,68.6400,166.3200,0.000213
FILLER_39_110,VSS,Metal1,59.5080,165.9430,0.000188
FILLER_39_103,VSS,Metal1,56.8860,165.8590,0.000187
FILLER_39_95,VSS,Metal1,51.8400,166.3200,0.000166
FILLER_39_87,VSS,Metal1,47.7600,166.3200,0.000163
FILLER_39_80,VSS,Metal1,45.8460,165.8590,0.000161
FILLER_39_64,VSS,Metal1,36.7200,166.3200,0.000153
FILLER_39_60,VSS,Metal1,35.5080,165.9430,0.000153
FILLER_39_53,VSS,Metal1,32.8860,165.8590,0.000071
FILLER_39_46,VSS,Metal1,29.5260,165.8590,0.000071
FILLER_39_39,VSS,Metal1,24.9600,166.3200,0.000017
FILLER_39_32,VSS,Metal1,22.8060,165.8590,0.000017
FILLER_39_0,VSS,Metal1,6.0000,166.3200,0.000019
FILLER_38_504,VSS,Metal1,248.1600,158.7600,0.001984
FILLER_38_497,VSS,Metal1,246.0060,159.2200,0.001984
FILLER_38_490,VSS,Metal1,242.6460,159.2200,0.001983
FILLER_38_464,VSS,Metal1,228.7200,158.7600,0.001982
FILLER_38_462,VSS,Metal1,228.0000,158.7600,0.001934
FILLER_38_455,VSS,Metal1,225.8460,159.2200,0.001934
FILLER_38_444,VSS,Metal1,219.1200,158.7600,0.000840
FILLER_38_440,VSS,Metal1,217.9080,159.1360,0.000833
FILLER_38_406,VSS,Metal1,201.1200,158.7600,0.000639
FILLER_38_375,VSS,Metal1,186.7080,159.1360,0.000199
FILLER_38_368,VSS,Metal1,184.0860,159.2200,0.000075
FILLER_38_339,VSS,Metal1,168.9600,158.7600,0.000147
FILLER_38_335,VSS,Metal1,167.5080,159.1360,0.000154
FILLER_38_328,VSS,Metal1,164.8860,159.2200,0.000154
FILLER_38_321,VSS,Metal1,161.5260,159.2200,0.000154
FILLER_38_314,VSS,Metal1,158.1660,159.2200,0.000154
FILLER_38_307,VSS,Metal1,154.8060,159.2200,0.000154
FILLER_38_294,VSS,Metal1,147.8280,159.1360,0.000166
FILLER_38_287,VSS,Metal1,145.2060,159.2200,0.000166
FILLER_38_280,VSS,Metal1,141.8460,159.2200,0.000166
FILLER_38_274,VSS,Metal1,137.7600,158.7600,0.000166
FILLER_38_266,VSS,Metal1,133.6800,158.7600,0.000157
FILLER_38_264,VSS,Metal1,132.9600,158.7600,0.000157
FILLER_38_259,VSS,Metal1,130.3200,158.7600,0.000157
FILLER_38_231,VSS,Metal1,116.8800,158.7600,0.000142
FILLER_38_229,VSS,Metal1,116.1600,158.7600,0.000142
FILLER_38_222,VSS,Metal1,114.0060,159.2200,0.000142
FILLER_38_215,VSS,Metal1,110.6460,159.2200,0.000142
FILLER_38_208,VSS,Metal1,107.2860,159.2200,0.000140
FILLER_38_201,VSS,Metal1,103.9260,159.2200,0.000114
FILLER_38_193,VSS,Metal1,98.8800,158.7600,0.000445
FILLER_38_186,VSS,Metal1,96.7260,159.2200,0.000446
FILLER_38_179,VSS,Metal1,93.3660,159.2200,0.000448
FILLER_38_172,VSS,Metal1,90.0060,159.2200,0.000450
FILLER_38_168,VSS,Metal1,86.6400,158.7600,0.000513
FILLER_38_166,VSS,Metal1,85.9200,158.7600,0.000513
FILLER_38_159,VSS,Metal1,83.7660,159.2200,0.000517
FILLER_38_152,VSS,Metal1,80.4060,159.2200,0.000519
FILLER_38_145,VSS,Metal1,77.0460,159.2200,0.000519
FILLER_38_138,VSS,Metal1,73.6860,159.2200,0.000520
FILLER_38_131,VSS,Metal1,70.3260,159.2200,0.000522
FILLER_38_124,VSS,Metal1,66.9660,159.2200,0.000524
FILLER_38_109,VSS,Metal1,58.5600,158.7600,0.000526
FILLER_38_102,VSS,Metal1,56.4060,159.2200,0.000526
FILLER_38_95,VSS,Metal1,53.0460,159.2200,0.000526
FILLER_38_88,VSS,Metal1,49.6860,159.2200,0.000526
FILLER_38_71,VSS,Metal1,40.7880,159.1360,0.000520
FILLER_38_64,VSS,Metal1,38.1660,159.2200,0.000434
FILLER_38_57,VSS,Metal1,34.8060,159.2200,0.000434
FILLER_38_23,VSS,Metal1,18.4860,159.2200,0.000033
FILLER_38_16,VSS,Metal1,15.1260,159.2200,0.000033
FILLER_38_4,VSS,Metal1,9.3660,159.2200,0.000033
FILLER_37_473,VSS,Metal1,233.0400,158.7600,0.001983
FILLER_37_471,VSS,Metal1,232.3200,158.7600,0.001983
FILLER_37_464,VSS,Metal1,230.1660,158.2990,0.001983
FILLER_37_457,VSS,Metal1,226.8060,158.2990,0.001934
FILLER_37_450,VSS,Metal1,223.4460,158.2990,0.001934
FILLER_37_445,VSS,Metal1,219.6000,158.7600,0.000840
FILLER_37_443,VSS,Metal1,218.8800,158.7600,0.000840
FILLER_37_436,VSS,Metal1,216.7260,158.2990,0.000833
FILLER_37_429,VSS,Metal1,213.3660,158.2990,0.000804
FILLER_37_422,VSS,Metal1,210.0060,158.2990,0.000800
FILLER_37_417,VSS,Metal1,206.1600,158.7600,0.000800
FILLER_37_405,VSS,Metal1,200.6400,158.7600,0.000639
FILLER_37_401,VSS,Metal1,199.1880,158.3830,0.000631
FILLER_37_394,VSS,Metal1,196.5660,158.2990,0.000627
FILLER_37_374,VSS,Metal1,185.5200,158.7600,0.000075
FILLER_37_370,VSS,Metal1,184.3080,158.3830,0.000075
FILLER_37_363,VSS,Metal1,181.6860,158.2990,0.000075
FILLER_37_356,VSS,Metal1,178.3260,158.2990,0.000069
FILLER_37_337,VSS,Metal1,167.7600,158.7600,0.000154
FILLER_37_333,VSS,Metal1,166.5480,158.3830,0.000154
FILLER_37_326,VSS,Metal1,163.9260,158.2990,0.000154
FILLER_37_319,VSS,Metal1,160.5660,158.2990,0.000154
FILLER_37_312,VSS,Metal1,157.2060,158.2990,0.000154
FILLER_37_305,VSS,Metal1,153.8460,158.2990,0.000154
FILLER_37_298,VSS,Metal1,150.4860,158.2990,0.000154
FILLER_37_269,VSS,Metal1,135.3600,158.7600,0.000160
FILLER_37_262,VSS,Metal1,133.2060,158.2990,0.000157
FILLER_37_255,VSS,Metal1,129.8460,158.2990,0.000157
FILLER_37_248,VSS,Metal1,125.0400,158.7600,0.000156
FILLER_37_241,VSS,Metal1,123.1260,158.2990,0.000156
FILLER_37_235,VSS,Metal1,119.0400,158.7600,0.000156
FILLER_37_207,VSS,Metal1,105.3600,158.7600,0.000114
FILLER_37_198,VSS,Metal1,101.0400,158.7600,0.000040
FILLER_37_196,VSS,Metal1,100.3200,158.7600,0.000040
FILLER_37_189,VSS,Metal1,98.1660,158.2990,0.000445
FILLER_37_182,VSS,Metal1,94.8060,158.2990,0.000446
FILLER_37_175,VSS,Metal1,91.4460,158.2990,0.000448
FILLER_37_167,VSS,Metal1,86.4000,158.7600,0.000513
FILLER_37_163,VSS,Metal1,84.9480,158.3830,0.000517
FILLER_37_156,VSS,Metal1,82.3260,158.2990,0.000519
FILLER_37_148,VSS,Metal1,77.2800,158.7600,0.000519
FILLER_37_141,VSS,Metal1,75.1260,158.2990,0.000519
FILLER_37_134,VSS,Metal1,71.7660,158.2990,0.000520
FILLER_37_127,VSS,Metal1,68.4060,158.2990,0.000522
FILLER_37_120,VSS,Metal1,65.0460,158.2990,0.000524
FILLER_37_113,VSS,Metal1,61.6860,158.2990,0.000524
FILLER_37_106,VSS,Metal1,58.3260,158.2990,0.000526
FILLER_37_99,VSS,Metal1,54.9660,158.2990,0.000526
FILLER_37_92,VSS,Metal1,51.6060,158.2990,0.000526
FILLER_37_85,VSS,Metal1,48.2460,158.2990,0.000526
FILLER_37_78,VSS,Metal1,44.8860,158.2990,0.000526
FILLER_37_71,VSS,Metal1,40.0800,158.7600,0.000520
FILLER_37_66,VSS,Metal1,37.6800,158.7600,0.000434
FILLER_37_62,VSS,Metal1,36.4680,158.3830,0.000434
FILLER_37_55,VSS,Metal1,33.8460,158.2990,0.000434
FILLER_37_48,VSS,Metal1,30.4860,158.2990,0.000033
FILLER_37_39,VSS,Metal1,25.4280,158.3830,0.000028
FILLER_37_28,VSS,Metal1,20.8860,158.2990,0.000033
FILLER_37_21,VSS,Metal1,17.5260,158.2990,0.000033
FILLER_37_14,VSS,Metal1,14.1660,158.2990,0.000033
FILLER_37_7,VSS,Metal1,10.8060,158.2990,0.000033
FILLER_37_0,VSS,Metal1,7.4460,158.2990,0.000033
FILLER_36_500,VSS,Metal1,246.2400,151.2000,0.000485
FILLER_36_496,VSS,Metal1,244.7880,151.5760,0.000485
FILLER_36_489,VSS,Metal1,242.1660,151.6600,0.000485
FILLER_36_478,VSS,Metal1,236.8860,151.6600,0.000485
FILLER_36_467,VSS,Metal1,230.1600,151.2000,0.000485
FILLER_36_465,VSS,Metal1,229.4400,151.2000,0.000485
FILLER_36_458,VSS,Metal1,227.2860,151.6600,0.000485
FILLER_36_451,VSS,Metal1,223.9260,151.6600,0.000485
FILLER_36_441,VSS,Metal1,217.9200,151.2000,0.000465
FILLER_36_434,VSS,Metal1,214.5600,151.2000,0.000464
FILLER_36_430,VSS,Metal1,213.1080,151.5760,0.000464
FILLER_36_423,VSS,Metal1,210.4860,151.6600,0.000464
FILLER_36_416,VSS,Metal1,207.1260,151.6600,0.000464
FILLER_36_409,VSS,Metal1,203.7660,151.6600,0.000288
FILLER_36_402,VSS,Metal1,200.4060,151.6600,0.000288
FILLER_36_395,VSS,Metal1,197.0460,151.6600,0.000288
FILLER_36_388,VSS,Metal1,193.6860,151.6600,0.000288
FILLER_36_383,VSS,Metal1,189.8400,151.2000,0.000288
FILLER_36_377,VSS,Metal1,187.2000,151.2000,0.000246
FILLER_36_373,VSS,Metal1,185.7480,151.5760,0.000246
FILLER_36_366,VSS,Metal1,183.1260,151.6600,0.000197
FILLER_36_359,VSS,Metal1,179.7660,151.6600,0.000197
FILLER_36_352,VSS,Metal1,176.4060,151.6600,0.000038
FILLER_36_343,VSS,Metal1,170.6400,151.2000,0.000042
FILLER_36_336,VSS,Metal1,168.7260,151.6600,0.000042
FILLER_36_329,VSS,Metal1,165.3660,151.6600,0.000042
FILLER_36_322,VSS,Metal1,162.0060,151.6600,0.000042
FILLER_36_315,VSS,Metal1,158.6460,151.6600,0.000044
FILLER_36_308,VSS,Metal1,155.2860,151.6600,0.000044
FILLER_36_301,VSS,Metal1,151.9260,151.6600,0.000044
FILLER_36_294,VSS,Metal1,148.5660,151.6600,0.000044
FILLER_36_287,VSS,Metal1,145.2060,151.6600,0.000044
FILLER_36_280,VSS,Metal1,141.8460,151.6600,0.000044
FILLER_36_273,VSS,Metal1,138.4860,151.6600,0.000044
FILLER_36_261,VSS,Metal1,131.2800,151.2000,0.000056
FILLER_36_259,VSS,Metal1,130.5600,151.2000,0.000057
FILLER_36_252,VSS,Metal1,128.4060,151.6600,0.000058
FILLER_36_245,VSS,Metal1,125.0460,151.6600,0.000061
FILLER_36_238,VSS,Metal1,121.6860,151.6600,0.000065
FILLER_36_231,VSS,Metal1,118.3260,151.6600,0.000068
FILLER_36_224,VSS,Metal1,114.9660,151.6600,0.000071
FILLER_36_217,VSS,Metal1,111.6060,151.6600,0.000075
FILLER_36_212,VSS,Metal1,107.7600,151.2000,0.000078
FILLER_36_210,VSS,Metal1,107.0400,151.2000,0.000078
FILLER_36_192,VSS,Metal1,99.6060,151.6600,0.000080
FILLER_36_185,VSS,Metal1,96.2460,151.6600,0.000083
FILLER_36_138,VSS,Metal1,72.4800,151.2000,0.000387
FILLER_36_134,VSS,Metal1,71.0280,151.5760,0.000387
FILLER_36_127,VSS,Metal1,68.4060,151.6600,0.000387
FILLER_36_110,VSS,Metal1,58.8000,151.2000,0.000381
FILLER_36_82,VSS,Metal1,45.3600,151.2000,0.000372
FILLER_36_78,VSS,Metal1,44.1480,151.5760,0.000372
FILLER_36_70,VSS,Metal1,39.8400,151.2000,0.000278
FILLER_36_66,VSS,Metal1,38.3880,151.5760,0.000277
FILLER_36_37,VSS,Metal1,23.7600,151.2000,0.000060
FILLER_36_30,VSS,Metal1,21.8460,151.6600,0.000060
FILLER_36_23,VSS,Metal1,18.4860,151.6600,0.000067
FILLER_36_16,VSS,Metal1,15.1260,151.6600,0.000067
FILLER_36_11,VSS,Metal1,11.2800,151.2000,0.000068
FILLER_36_7,VSS,Metal1,10.0680,151.5760,0.000068
FILLER_36_0,VSS,Metal1,7.4460,151.6600,0.000068
FILLER_35_500,VSS,Metal1,246.2400,151.2000,0.000485
FILLER_35_496,VSS,Metal1,244.7880,150.8230,0.000485
FILLER_35_489,VSS,Metal1,242.1660,150.7390,0.000485
FILLER_35_482,VSS,Metal1,238.8060,150.7390,0.000485
FILLER_35_475,VSS,Metal1,235.4460,150.7390,0.000485
FILLER_35_468,VSS,Metal1,232.0860,150.7390,0.000485
FILLER_35_411,VSS,Metal1,203.5200,151.2000,0.000288
FILLER_35_404,VSS,Metal1,201.3660,150.7390,0.000288
FILLER_35_397,VSS,Metal1,198.0060,150.7390,0.000288
FILLER_35_390,VSS,Metal1,194.6460,150.7390,0.000288
FILLER_35_383,VSS,Metal1,191.2860,150.7390,0.000288
FILLER_35_373,VSS,Metal1,185.0400,151.2000,0.000246
FILLER_35_371,VSS,Metal1,184.3200,151.2000,0.000197
FILLER_35_364,VSS,Metal1,182.1660,150.7390,0.000197
FILLER_35_353,VSS,Metal1,176.8860,150.7390,0.000038
FILLER_35_346,VSS,Metal1,173.5260,150.7390,0.000042
FILLER_35_339,VSS,Metal1,170.1660,150.7390,0.000042
FILLER_35_332,VSS,Metal1,166.8060,150.7390,0.000042
FILLER_35_325,VSS,Metal1,163.4460,150.7390,0.000042
FILLER_35_317,VSS,Metal1,158.8680,150.8230,0.000044
FILLER_35_310,VSS,Metal1,156.2460,150.7390,0.000044
FILLER_35_303,VSS,Metal1,152.8860,150.7390,0.000044
FILLER_35_296,VSS,Metal1,149.5260,150.7390,0.000044
FILLER_35_291,VSS,Metal1,145.6800,151.2000,0.000044
FILLER_35_289,VSS,Metal1,144.9600,151.2000,0.000044
FILLER_35_282,VSS,Metal1,142.8060,150.7390,0.000044
FILLER_35_275,VSS,Metal1,139.4460,150.7390,0.000044
FILLER_35_260,VSS,Metal1,131.5080,150.8230,0.000056
FILLER_35_253,VSS,Metal1,128.8860,150.7390,0.000057
FILLER_35_246,VSS,Metal1,125.5260,150.7390,0.000061
FILLER_35_239,VSS,Metal1,122.1660,150.7390,0.000065
FILLER_35_234,VSS,Metal1,118.3200,151.2000,0.000068
FILLER_35_230,VSS,Metal1,117.1080,150.8230,0.000068
FILLER_35_223,VSS,Metal1,114.4860,150.7390,0.000071
FILLER_35_216,VSS,Metal1,111.1260,150.7390,0.000075
FILLER_35_209,VSS,Metal1,107.7660,150.7390,0.000078
FILLER_35_202,VSS,Metal1,104.4060,150.7390,0.000078
FILLER_35_195,VSS,Metal1,101.0460,150.7390,0.000078
FILLER_35_188,VSS,Metal1,97.6860,150.7390,0.000080
FILLER_35_178,VSS,Metal1,92.1480,150.8230,0.000114
FILLER_35_171,VSS,Metal1,89.5260,150.7390,0.000389
FILLER_35_163,VSS,Metal1,84.4800,151.2000,0.000389
FILLER_35_159,VSS,Metal1,83.0280,150.8230,0.000389
FILLER_35_146,VSS,Metal1,76.7880,150.8230,0.000388
FILLER_35_139,VSS,Metal1,74.1660,150.7390,0.000387
FILLER_35_132,VSS,Metal1,70.8060,150.7390,0.000387
FILLER_35_125,VSS,Metal1,67.4460,150.7390,0.000387
FILLER_35_106,VSS,Metal1,57.1200,151.2000,0.000381
FILLER_35_99,VSS,Metal1,54.9660,150.7390,0.000381
FILLER_35_92,VSS,Metal1,51.6060,150.7390,0.000381
FILLER_35_87,VSS,Metal1,47.7600,151.2000,0.000381
FILLER_35_85,VSS,Metal1,47.0400,151.2000,0.000381
FILLER_35_78,VSS,Metal1,44.8860,150.7390,0.000372
FILLER_35_71,VSS,Metal1,41.5260,150.7390,0.000284
FILLER_35_38,VSS,Metal1,24.2400,151.2000,0.000058
FILLER_35_34,VSS,Metal1,23.0280,150.8230,0.000060
FILLER_35_0,VSS,Metal1,6.2400,151.2000,0.000068
FILLER_34_478,VSS,Metal1,235.4400,143.6400,0.000236
FILLER_34_476,VSS,Metal1,234.7200,143.6400,0.000235
FILLER_34_465,VSS,Metal1,229.2000,143.6400,0.000201
FILLER_34_463,VSS,Metal1,228.4800,143.6400,0.000201
FILLER_34_456,VSS,Metal1,226.3260,144.1000,0.000201
FILLER_34_449,VSS,Metal1,222.9660,144.1000,0.000200
FILLER_34_443,VSS,Metal1,218.6400,143.6400,0.000200
FILLER_34_441,VSS,Metal1,217.9200,143.6400,0.000185
FILLER_34_353,VSS,Metal1,175.6800,143.6400,0.000043
FILLER_34_346,VSS,Metal1,173.5260,144.1000,0.000070
FILLER_34_339,VSS,Metal1,170.1660,144.1000,0.000108
FILLER_34_332,VSS,Metal1,166.8060,144.1000,0.000146
FILLER_34_325,VSS,Metal1,163.4460,144.1000,0.000184
FILLER_34_318,VSS,Metal1,160.0860,144.1000,0.000222
FILLER_34_290,VSS,Metal1,145.2000,143.6400,0.000239
FILLER_34_283,VSS,Metal1,141.8400,143.6400,0.000238
FILLER_34_281,VSS,Metal1,141.1200,143.6400,0.000238
FILLER_34_266,VSS,Metal1,133.6800,143.6400,0.000237
FILLER_34_264,VSS,Metal1,132.9600,143.6400,0.000237
FILLER_34_228,VSS,Metal1,115.6800,143.6400,0.000230
FILLER_34_224,VSS,Metal1,114.2280,144.0160,0.000136
FILLER_34_193,VSS,Metal1,99.3480,144.0160,0.000049
FILLER_34_180,VSS,Metal1,92.6400,143.6400,0.000201
FILLER_34_173,VSS,Metal1,90.4860,144.1000,0.000284
FILLER_34_166,VSS,Metal1,87.1260,144.1000,0.000366
FILLER_34_134,VSS,Metal1,70.3200,143.6400,0.000369
FILLER_34_132,VSS,Metal1,69.6000,143.6400,0.000369
FILLER_34_125,VSS,Metal1,67.4460,144.1000,0.000368
FILLER_34_118,VSS,Metal1,64.0860,144.1000,0.000367
FILLER_34_111,VSS,Metal1,60.7260,144.1000,0.000351
FILLER_34_104,VSS,Metal1,57.3660,144.1000,0.000342
FILLER_34_97,VSS,Metal1,54.0060,144.1000,0.000342
FILLER_34_90,VSS,Metal1,50.6460,144.1000,0.000325
FILLER_34_83,VSS,Metal1,47.2860,144.1000,0.000274
FILLER_34_73,VSS,Metal1,41.2800,143.6400,0.000213
FILLER_34_66,VSS,Metal1,39.1260,144.1000,0.000095
FILLER_34_62,VSS,Metal1,35.7600,143.6400,0.000095
FILLER_34_55,VSS,Metal1,33.8460,144.1000,0.000086
FILLER_34_48,VSS,Metal1,30.4860,144.1000,0.000078
FILLER_34_42,VSS,Metal1,26.4000,143.6400,0.000062
FILLER_34_35,VSS,Metal1,24.2460,144.1000,0.000012
FILLER_34_28,VSS,Metal1,20.8860,144.1000,0.000012
FILLER_34_21,VSS,Metal1,17.5260,144.1000,0.000012
FILLER_34_4,VSS,Metal1,9.3660,144.1000,0.000012
FILLER_33_500,VSS,Metal1,246.2400,143.6400,0.000250
FILLER_33_496,VSS,Metal1,244.7880,143.2630,0.000250
FILLER_33_489,VSS,Metal1,242.1660,143.1790,0.000250
FILLER_33_484,VSS,Metal1,238.3200,143.6400,0.000250
FILLER_33_480,VSS,Metal1,237.1080,143.2630,0.000250
FILLER_33_474,VSS,Metal1,233.5200,143.6400,0.000235
FILLER_33_467,VSS,Metal1,231.6060,143.1790,0.000224
FILLER_33_460,VSS,Metal1,228.2460,143.1790,0.000201
FILLER_33_453,VSS,Metal1,224.8860,143.1790,0.000200
FILLER_33_446,VSS,Metal1,221.5260,143.1790,0.000200
FILLER_33_426,VSS,Metal1,211.9260,143.1790,0.000181
FILLER_33_416,VSS,Metal1,205.6800,143.6400,0.000181
FILLER_33_410,VSS,Metal1,202.8000,143.6400,0.000154
FILLER_33_403,VSS,Metal1,200.8860,143.1790,0.000154
FILLER_33_396,VSS,Metal1,197.5260,143.1790,0.000154
FILLER_33_390,VSS,Metal1,193.4400,143.6400,0.000154
FILLER_33_379,VSS,Metal1,187.9200,143.6400,0.000085
FILLER_33_377,VSS,Metal1,187.2000,143.6400,0.000085
FILLER_33_370,VSS,Metal1,185.0460,143.1790,0.000085
FILLER_33_363,VSS,Metal1,180.4800,143.6400,0.000085
FILLER_33_356,VSS,Metal1,177.1200,143.6400,0.000041
FILLER_33_352,VSS,Metal1,175.6680,143.2630,0.000043
FILLER_33_345,VSS,Metal1,173.0460,143.1790,0.000071
FILLER_33_338,VSS,Metal1,169.6860,143.1790,0.000109
FILLER_33_331,VSS,Metal1,166.3260,143.1790,0.000147
FILLER_33_324,VSS,Metal1,162.9660,143.1790,0.000185
FILLER_33_317,VSS,Metal1,159.6060,143.1790,0.000223
FILLER_33_310,VSS,Metal1,156.2460,143.1790,0.000235
FILLER_33_303,VSS,Metal1,152.8860,143.1790,0.000240
FILLER_33_283,VSS,Metal1,142.0800,143.6400,0.000238
FILLER_33_277,VSS,Metal1,139.2000,143.6400,0.000238
FILLER_33_271,VSS,Metal1,136.0800,143.6400,0.000237
FILLER_33_264,VSS,Metal1,134.1660,143.1790,0.000237
FILLER_33_257,VSS,Metal1,130.8060,143.1790,0.000235
FILLER_33_249,VSS,Metal1,125.5200,143.6400,0.000232
FILLER_33_242,VSS,Metal1,123.6060,143.1790,0.000232
FILLER_33_235,VSS,Metal1,120.2460,143.1790,0.000232
FILLER_33_228,VSS,Metal1,116.8860,143.1790,0.000230
FILLER_33_221,VSS,Metal1,113.5260,143.1790,0.000136
FILLER_33_214,VSS,Metal1,110.1660,143.1790,0.000136
FILLER_33_207,VSS,Metal1,106.8060,143.1790,0.000136
FILLER_33_199,VSS,Metal1,102.2280,143.2630,0.000136
FILLER_33_192,VSS,Metal1,99.6060,143.1790,0.000049
FILLER_33_185,VSS,Metal1,96.2460,143.1790,0.000123
FILLER_33_173,VSS,Metal1,89.2800,143.6400,0.000284
FILLER_33_165,VSS,Metal1,85.4400,143.6400,0.000380
FILLER_33_161,VSS,Metal1,83.9880,143.2630,0.000382
FILLER_33_154,VSS,Metal1,81.3660,143.1790,0.000406
FILLER_33_137,VSS,Metal1,73.2060,143.1790,0.000406
FILLER_33_122,VSS,Metal1,66.0060,143.1790,0.000367
FILLER_33_114,VSS,Metal1,60.9600,143.6400,0.000351
FILLER_33_106,VSS,Metal1,57.1200,143.6400,0.000342
FILLER_33_102,VSS,Metal1,55.6680,143.2630,0.000342
FILLER_33_95,VSS,Metal1,51.8400,143.6400,0.000325
FILLER_33_91,VSS,Metal1,50.3880,143.2630,0.000325
FILLER_33_84,VSS,Metal1,47.7660,143.1790,0.000275
FILLER_33_77,VSS,Metal1,44.4060,143.1790,0.000224
FILLER_33_73,VSS,Metal1,41.0400,143.6400,0.000213
FILLER_33_69,VSS,Metal1,39.8280,143.2630,0.000096
FILLER_33_62,VSS,Metal1,37.2060,143.1790,0.000095
FILLER_33_55,VSS,Metal1,33.8460,143.1790,0.000086
FILLER_33_48,VSS,Metal1,30.4860,143.1790,0.000078
FILLER_33_41,VSS,Metal1,27.1260,143.1790,0.000062
FILLER_33_34,VSS,Metal1,23.7660,143.1790,0.000012
FILLER_33_27,VSS,Metal1,20.4060,143.1790,0.000012
FILLER_33_20,VSS,Metal1,17.0460,143.1790,0.000012
FILLER_33_13,VSS,Metal1,13.6860,143.1790,0.000012
FILLER_33_7,VSS,Metal1,9.3600,143.6400,0.000012
FILLER_33_0,VSS,Metal1,7.4460,143.1790,0.000012
FILLER_32_500,VSS,Metal1,246.2400,136.0800,0.002904
FILLER_32_496,VSS,Metal1,244.7880,136.4560,0.002904
FILLER_32_489,VSS,Metal1,242.1660,136.5400,0.002904
FILLER_32_465,VSS,Metal1,229.4400,136.0800,0.002880
FILLER_32_458,VSS,Metal1,227.2860,136.5400,0.002880
FILLER_32_441,VSS,Metal1,218.3880,136.4560,0.002854
FILLER_32_434,VSS,Metal1,215.7660,136.5400,0.002854
FILLER_32_427,VSS,Metal1,212.4060,136.5400,0.002854
FILLER_32_420,VSS,Metal1,209.0460,136.5400,0.002066
FILLER_32_394,VSS,Metal1,195.1200,136.0800,0.001733
FILLER_32_392,VSS,Metal1,194.4000,136.0800,0.001733
FILLER_32_385,VSS,Metal1,192.2460,136.5400,0.001728
FILLER_32_378,VSS,Metal1,188.8860,136.5400,0.001559
FILLER_32_371,VSS,Metal1,185.5260,136.5400,0.001273
FILLER_32_364,VSS,Metal1,182.1660,136.5400,0.000986
FILLER_32_358,VSS,Metal1,178.0800,136.0800,0.000186
FILLER_32_351,VSS,Metal1,175.9260,136.5400,0.000186
FILLER_32_344,VSS,Metal1,172.5660,136.5400,0.000186
FILLER_32_337,VSS,Metal1,169.2060,136.5400,0.000186
FILLER_32_330,VSS,Metal1,165.8460,136.5400,0.000186
FILLER_32_323,VSS,Metal1,162.4860,136.5400,0.000311
FILLER_32_316,VSS,Metal1,159.1260,136.5400,0.000314
FILLER_32_309,VSS,Metal1,155.7660,136.5400,0.000318
FILLER_32_302,VSS,Metal1,152.4060,136.5400,0.000321
FILLER_32_295,VSS,Metal1,149.0460,136.5400,0.000349
FILLER_32_288,VSS,Metal1,145.6860,136.5400,0.000377
FILLER_32_281,VSS,Metal1,142.3260,136.5400,0.000405
FILLER_32_255,VSS,Metal1,128.4000,136.0800,0.000551
FILLER_32_224,VSS,Metal1,114.2280,136.4560,0.000551
FILLER_32_217,VSS,Metal1,111.6060,136.5400,0.000278
FILLER_32_210,VSS,Metal1,108.2460,136.5400,0.000131
FILLER_32_203,VSS,Metal1,104.8860,136.5400,0.000079
FILLER_32_196,VSS,Metal1,101.5260,136.5400,0.000079
FILLER_32_189,VSS,Metal1,98.1660,136.5400,0.000075
FILLER_32_182,VSS,Metal1,94.8060,136.5400,0.000073
FILLER_32_176,VSS,Metal1,90.4800,136.0800,0.000073
FILLER_32_169,VSS,Metal1,88.5660,136.5400,0.000112
FILLER_32_162,VSS,Metal1,85.2060,136.5400,0.000407
FILLER_32_155,VSS,Metal1,81.8460,136.5400,0.000408
FILLER_32_148,VSS,Metal1,78.4860,136.5400,0.000408
FILLER_32_136,VSS,Metal1,71.9880,136.4560,0.000422
FILLER_32_129,VSS,Metal1,69.3660,136.5400,0.000434
FILLER_32_122,VSS,Metal1,66.0060,136.5400,0.000449
FILLER_32_115,VSS,Metal1,62.6460,136.5400,0.000541
FILLER_32_88,VSS,Metal1,48.4800,136.0800,0.000537
FILLER_32_46,VSS,Metal1,29.5260,136.5400,0.000035
FILLER_32_36,VSS,Metal1,23.2800,136.0800,0.000035
FILLER_32_32,VSS,Metal1,22.0680,136.4560,0.000035
FILLER_32_0,VSS,Metal1,6.0000,136.0800,0.000118
FILLER_31_436,VSS,Metal1,216.7260,135.6190,0.002854
FILLER_31_429,VSS,Metal1,213.3660,135.6190,0.002854
FILLER_31_399,VSS,Metal1,197.5200,136.0800,0.001955
FILLER_31_395,VSS,Metal1,196.3080,135.7030,0.001955
FILLER_31_388,VSS,Metal1,193.6860,135.6190,0.001733
FILLER_31_377,VSS,Metal1,188.4060,135.6190,0.001553
FILLER_31_370,VSS,Metal1,185.0460,135.6190,0.001267
FILLER_31_363,VSS,Metal1,181.6860,135.6190,0.000980
FILLER_31_356,VSS,Metal1,178.3260,135.6190,0.000186
FILLER_31_349,VSS,Metal1,174.9660,135.6190,0.000186
FILLER_31_342,VSS,Metal1,171.6060,135.6190,0.000186
FILLER_31_335,VSS,Metal1,168.2460,135.6190,0.000186
FILLER_31_327,VSS,Metal1,163.6680,135.7030,0.000311
FILLER_31_320,VSS,Metal1,161.0460,135.6190,0.000314
FILLER_31_313,VSS,Metal1,157.6860,135.6190,0.000317
FILLER_31_306,VSS,Metal1,154.3260,135.6190,0.000321
FILLER_31_295,VSS,Metal1,149.0460,135.6190,0.000349
FILLER_31_288,VSS,Metal1,145.6860,135.6190,0.000377
FILLER_31_281,VSS,Metal1,142.3260,135.6190,0.000405
FILLER_31_274,VSS,Metal1,138.9660,135.6190,0.000551
FILLER_31_267,VSS,Metal1,135.6060,135.6190,0.000551
FILLER_31_258,VSS,Metal1,129.8400,136.0800,0.000551
FILLER_31_251,VSS,Metal1,127.9260,135.6190,0.000551
FILLER_31_244,VSS,Metal1,124.5660,135.6190,0.000551
FILLER_31_237,VSS,Metal1,121.2060,135.6190,0.000551
FILLER_31_231,VSS,Metal1,117.1200,136.0800,0.000551
FILLER_31_224,VSS,Metal1,114.9660,135.6190,0.000551
FILLER_31_218,VSS,Metal1,110.8800,136.0800,0.000278
FILLER_31_208,VSS,Metal1,106.0800,136.0800,0.000079
FILLER_31_201,VSS,Metal1,103.9260,135.6190,0.000079
FILLER_31_169,VSS,Metal1,87.3600,136.0800,0.000112
FILLER_31_165,VSS,Metal1,85.9080,135.7030,0.000406
FILLER_31_136,VSS,Metal1,71.5200,136.0800,0.000422
FILLER_31_129,VSS,Metal1,69.3660,135.6190,0.000434
FILLER_31_122,VSS,Metal1,66.0060,135.6190,0.000449
FILLER_31_116,VSS,Metal1,61.6800,136.0800,0.000541
FILLER_31_112,VSS,Metal1,60.4680,135.7030,0.000604
FILLER_31_105,VSS,Metal1,57.8460,135.6190,0.000604
FILLER_31_89,VSS,Metal1,48.7200,136.0800,0.000537
FILLER_31_82,VSS,Metal1,46.8060,135.6190,0.000529
FILLER_31_74,VSS,Metal1,41.5200,136.0800,0.000517
FILLER_31_70,VSS,Metal1,40.3080,135.7030,0.000517
FILLER_31_63,VSS,Metal1,37.6860,135.6190,0.000517
FILLER_31_55,VSS,Metal1,33.1080,135.7030,0.000517
FILLER_31_27,VSS,Metal1,18.9600,136.0800,0.000118
FILLER_31_23,VSS,Metal1,17.7480,135.7030,0.000118
FILLER_31_16,VSS,Metal1,15.1260,135.6190,0.000118
FILLER_31_4,VSS,Metal1,9.3660,135.6190,0.000118
FILLER_30_501,VSS,Metal1,246.4800,128.5200,0.001138
FILLER_30_459,VSS,Metal1,227.7660,128.9800,0.001017
FILLER_30_407,VSS,Metal1,201.6000,128.5200,0.000426
FILLER_30_324,VSS,Metal1,161.7600,128.5200,0.000141
FILLER_30_292,VSS,Metal1,146.1600,128.5200,0.000175
FILLER_30_288,VSS,Metal1,144.9480,128.8960,0.000174
FILLER_30_281,VSS,Metal1,142.3260,128.9800,0.000171
FILLER_30_247,VSS,Metal1,126.0060,128.9800,0.000166
FILLER_30_240,VSS,Metal1,122.6460,128.9800,0.000135
FILLER_30_233,VSS,Metal1,119.2860,128.9800,0.000135
FILLER_30_197,VSS,Metal1,101.2680,128.8960,0.000020
FILLER_30_190,VSS,Metal1,98.6460,128.9800,0.000020
FILLER_30_183,VSS,Metal1,95.2860,128.9800,0.000020
FILLER_30_178,VSS,Metal1,91.4400,128.5200,0.000020
FILLER_30_171,VSS,Metal1,89.5260,128.9800,0.000020
FILLER_30_164,VSS,Metal1,86.1660,128.9800,0.000020
FILLER_30_157,VSS,Metal1,82.8060,128.9800,0.000020
FILLER_30_136,VSS,Metal1,72.7260,128.9800,0.000020
FILLER_30_129,VSS,Metal1,69.3660,128.9800,0.000020
FILLER_30_93,VSS,Metal1,50.6400,128.5200,0.000008
FILLER_30_86,VSS,Metal1,48.7260,128.9800,0.000008
FILLER_30_79,VSS,Metal1,45.3660,128.9800,0.000008
FILLER_30_72,VSS,Metal1,42.0060,128.9800,0.000008
FILLER_30_65,VSS,Metal1,38.6460,128.9800,0.000008
FILLER_30_58,VSS,Metal1,35.2860,128.9800,0.000008
FILLER_30_51,VSS,Metal1,31.9260,128.9800,0.000008
FILLER_30_44,VSS,Metal1,28.5660,128.9800,0.000008
FILLER_30_38,VSS,Metal1,24.2400,128.5200,0.000008
FILLER_30_32,VSS,Metal1,21.6000,128.5200,0.000008
FILLER_30_28,VSS,Metal1,20.1480,128.8960,0.000008
FILLER_30_21,VSS,Metal1,17.5260,128.9800,0.000008
FILLER_30_14,VSS,Metal1,14.1660,128.9800,0.000008
FILLER_30_7,VSS,Metal1,10.8060,128.9800,0.000008
FILLER_30_0,VSS,Metal1,7.4460,128.9800,0.000008
FILLER_29_505,VSS,Metal1,248.4000,128.5200,0.001138
FILLER_29_503,VSS,Metal1,247.6800,128.5200,0.001138
FILLER_29_496,VSS,Metal1,245.5260,128.0590,0.001138
FILLER_29_489,VSS,Metal1,242.1660,128.0590,0.001138
FILLER_29_481,VSS,Metal1,237.5880,128.1430,0.001138
FILLER_29_474,VSS,Metal1,234.9660,128.0590,0.001136
FILLER_29_467,VSS,Metal1,231.6060,128.0590,0.001095
FILLER_29_460,VSS,Metal1,228.2460,128.0590,0.001019
FILLER_29_453,VSS,Metal1,224.8860,128.0590,0.000903
FILLER_29_440,VSS,Metal1,217.9080,128.1430,0.000855
FILLER_29_433,VSS,Metal1,215.2860,128.0590,0.000589
FILLER_29_426,VSS,Metal1,211.9260,128.0590,0.000589
FILLER_29_419,VSS,Metal1,208.5660,128.0590,0.000589
FILLER_29_404,VSS,Metal1,199.9200,128.5200,0.000340
FILLER_29_402,VSS,Metal1,199.2000,128.5200,0.000340
FILLER_29_395,VSS,Metal1,197.0460,128.0590,0.000340
FILLER_29_389,VSS,Metal1,192.7200,128.5200,0.000340
FILLER_29_387,VSS,Metal1,192.0000,128.5200,0.000340
FILLER_29_381,VSS,Metal1,188.8800,128.5200,0.000250
FILLER_29_374,VSS,Metal1,186.9660,128.0590,0.000198
FILLER_29_367,VSS,Metal1,183.6060,128.0590,0.000103
FILLER_29_360,VSS,Metal1,180.2460,128.0590,0.000103
FILLER_29_355,VSS,Metal1,176.4000,128.5200,0.000103
FILLER_29_351,VSS,Metal1,175.1880,128.1430,0.000113
FILLER_29_344,VSS,Metal1,172.5660,128.0590,0.000141
FILLER_29_337,VSS,Metal1,169.2060,128.0590,0.000141
FILLER_29_330,VSS,Metal1,165.8460,128.0590,0.000141
FILLER_29_323,VSS,Metal1,162.4860,128.0590,0.000141
FILLER_29_316,VSS,Metal1,159.1260,128.0590,0.000180
FILLER_29_309,VSS,Metal1,155.7660,128.0590,0.000180
FILLER_29_302,VSS,Metal1,152.4060,128.0590,0.000180
FILLER_29_285,VSS,Metal1,143.0400,128.5200,0.000171
FILLER_29_251,VSS,Metal1,127.9260,128.0590,0.000166
FILLER_29_245,VSS,Metal1,123.6000,128.5200,0.000135
FILLER_29_238,VSS,Metal1,121.6860,128.0590,0.000135
FILLER_29_231,VSS,Metal1,118.3260,128.0590,0.000135
FILLER_29_224,VSS,Metal1,114.9660,128.0590,0.000112
FILLER_29_218,VSS,Metal1,110.6400,128.5200,0.000112
FILLER_29_214,VSS,Metal1,109.4280,128.1430,0.000112
FILLER_29_207,VSS,Metal1,106.8060,128.0590,0.000112
FILLER_29_200,VSS,Metal1,103.4460,128.0590,0.000084
FILLER_29_193,VSS,Metal1,100.0860,128.0590,0.000020
FILLER_29_186,VSS,Metal1,96.7260,128.0590,0.000020
FILLER_29_179,VSS,Metal1,93.3660,128.0590,0.000020
FILLER_29_172,VSS,Metal1,90.0060,128.0590,0.000020
FILLER_29_165,VSS,Metal1,86.6460,128.0590,0.000020
FILLER_29_158,VSS,Metal1,83.2860,128.0590,0.000020
FILLER_29_151,VSS,Metal1,79.9260,128.0590,0.000021
FILLER_29_144,VSS,Metal1,76.5660,128.0590,0.000021
FILLER_29_137,VSS,Metal1,73.2060,128.0590,0.000020
FILLER_29_130,VSS,Metal1,69.8460,128.0590,0.000020
FILLER_29_123,VSS,Metal1,66.4860,128.0590,0.000020
FILLER_29_116,VSS,Metal1,63.1260,128.0590,0.000020
FILLER_29_109,VSS,Metal1,59.7660,128.0590,0.000020
FILLER_29_102,VSS,Metal1,56.4060,128.0590,0.000020
FILLER_29_95,VSS,Metal1,53.0460,128.0590,0.000020
FILLER_29_88,VSS,Metal1,49.6860,128.0590,0.000008
FILLER_29_81,VSS,Metal1,46.3260,128.0590,0.000008
FILLER_29_74,VSS,Metal1,42.9660,128.0590,0.000008
FILLER_29_67,VSS,Metal1,39.6060,128.0590,0.000008
FILLER_29_60,VSS,Metal1,36.2460,128.0590,0.000008
FILLER_29_53,VSS,Metal1,32.8860,128.0590,0.000008
FILLER_29_46,VSS,Metal1,29.5260,128.0590,0.000008
FILLER_29_39,VSS,Metal1,26.1660,128.0590,0.000008
FILLER_29_32,VSS,Metal1,22.8060,128.0590,0.000008
FILLER_29_25,VSS,Metal1,19.4460,128.0590,0.000008
FILLER_29_18,VSS,Metal1,16.0860,128.0590,0.000008
FILLER_29_11,VSS,Metal1,12.7260,128.0590,0.000008
FILLER_29_4,VSS,Metal1,9.3660,128.0590,0.000008
FILLER_28_478,VSS,Metal1,235.4400,120.9600,0.000619
FILLER_28_476,VSS,Metal1,234.7200,120.9600,0.000618
FILLER_28_465,VSS,Metal1,229.2000,120.9600,0.000616
FILLER_28_461,VSS,Metal1,227.9880,121.3360,0.000610
FILLER_28_454,VSS,Metal1,225.3660,121.4200,0.000610
FILLER_28_447,VSS,Metal1,222.0060,121.4200,0.000610
FILLER_28_442,VSS,Metal1,218.1600,120.9600,0.000610
FILLER_28_440,VSS,Metal1,217.4400,120.9600,0.000610
FILLER_28_433,VSS,Metal1,215.2860,121.4200,0.000587
FILLER_28_426,VSS,Metal1,211.9260,121.4200,0.000541
FILLER_28_419,VSS,Metal1,208.5660,121.4200,0.000470
FILLER_28_412,VSS,Metal1,205.2060,121.4200,0.000398
FILLER_28_405,VSS,Metal1,201.8460,121.4200,0.000376
FILLER_28_398,VSS,Metal1,198.4860,121.4200,0.000376
FILLER_28_391,VSS,Metal1,195.1260,121.4200,0.000376
FILLER_28_384,VSS,Metal1,191.7660,121.4200,0.000375
FILLER_28_377,VSS,Metal1,188.4060,121.4200,0.000375
FILLER_28_370,VSS,Metal1,185.0460,121.4200,0.000374
FILLER_28_363,VSS,Metal1,181.6860,121.4200,0.000373
FILLER_28_348,VSS,Metal1,173.2800,120.9600,0.000091
FILLER_28_344,VSS,Metal1,171.8280,121.3360,0.000091
FILLER_28_338,VSS,Metal1,168.4800,120.9600,0.000093
FILLER_28_332,VSS,Metal1,165.3600,120.9600,0.000096
FILLER_28_328,VSS,Metal1,164.1480,121.3360,0.000096
FILLER_28_321,VSS,Metal1,161.5260,121.4200,0.000109
FILLER_28_307,VSS,Metal1,153.3600,120.9600,0.000109
FILLER_28_303,VSS,Metal1,152.1480,121.3360,0.000109
FILLER_28_296,VSS,Metal1,149.5260,121.4200,0.000107
FILLER_28_289,VSS,Metal1,144.9600,120.9600,0.000106
FILLER_28_282,VSS,Metal1,142.8060,121.4200,0.000105
FILLER_28_275,VSS,Metal1,139.4460,121.4200,0.000077
FILLER_28_268,VSS,Metal1,136.0860,121.4200,0.000077
FILLER_28_261,VSS,Metal1,132.7260,121.4200,0.000077
FILLER_28_254,VSS,Metal1,129.3660,121.4200,0.000077
FILLER_28_247,VSS,Metal1,126.0060,121.4200,0.000071
FILLER_28_240,VSS,Metal1,122.6460,121.4200,0.000070
FILLER_28_233,VSS,Metal1,119.2860,121.4200,0.000069
FILLER_28_225,VSS,Metal1,114.7080,121.3360,0.000069
FILLER_28_218,VSS,Metal1,112.0860,121.4200,0.000056
FILLER_28_211,VSS,Metal1,108.7260,121.4200,0.000056
FILLER_28_204,VSS,Metal1,105.3660,121.4200,0.000035
FILLER_28_197,VSS,Metal1,102.0060,121.4200,0.000035
FILLER_28_184,VSS,Metal1,95.0280,121.3360,0.000087
FILLER_28_177,VSS,Metal1,92.4060,121.4200,0.000268
FILLER_28_144,VSS,Metal1,75.1200,120.9600,0.000334
FILLER_28_142,VSS,Metal1,74.4000,120.9600,0.000334
FILLER_28_114,VSS,Metal1,60.7200,120.9600,0.000342
FILLER_28_112,VSS,Metal1,60.0000,120.9600,0.000342
FILLER_28_105,VSS,Metal1,57.8460,121.4200,0.000344
FILLER_28_98,VSS,Metal1,54.4860,121.4200,0.000344
FILLER_28_91,VSS,Metal1,51.1260,121.4200,0.000344
FILLER_28_84,VSS,Metal1,47.7660,121.4200,0.000344
FILLER_28_77,VSS,Metal1,44.4060,121.4200,0.000077
FILLER_28_70,VSS,Metal1,41.0460,121.4200,0.000076
FILLER_28_63,VSS,Metal1,37.6860,121.4200,0.000028
FILLER_28_56,VSS,Metal1,34.3260,121.4200,0.000023
FILLER_28_49,VSS,Metal1,30.9660,121.4200,0.000018
FILLER_28_42,VSS,Metal1,27.6060,121.4200,0.000012
FILLER_28_35,VSS,Metal1,24.2460,121.4200,0.000007
FILLER_28_28,VSS,Metal1,20.8860,121.4200,0.000007
FILLER_28_21,VSS,Metal1,17.5260,121.4200,0.000007
FILLER_28_14,VSS,Metal1,14.1660,121.4200,0.000007
FILLER_28_7,VSS,Metal1,10.8060,121.4200,0.000007
FILLER_28_0,VSS,Metal1,7.4460,121.4200,0.000007
FILLER_27_501,VSS,Metal1,246.4800,120.9600,0.000633
FILLER_27_494,VSS,Metal1,244.5660,120.4990,0.000633
FILLER_27_487,VSS,Metal1,241.2060,120.4990,0.000633
FILLER_27_480,VSS,Metal1,237.8460,120.4990,0.000633
FILLER_27_474,VSS,Metal1,233.5200,120.9600,0.000618
FILLER_27_472,VSS,Metal1,232.8000,120.9600,0.000616
FILLER_27_465,VSS,Metal1,230.6460,120.4990,0.000616
FILLER_27_432,VSS,Metal1,213.3600,120.9600,0.000541
FILLER_27_425,VSS,Metal1,211.4460,120.4990,0.000540
FILLER_27_418,VSS,Metal1,208.0860,120.4990,0.000468
FILLER_27_413,VSS,Metal1,204.2400,120.9600,0.000398
FILLER_27_411,VSS,Metal1,203.5200,120.9600,0.000389
FILLER_27_400,VSS,Metal1,199.4460,120.4990,0.000376
FILLER_27_393,VSS,Metal1,196.0860,120.4990,0.000376
FILLER_27_386,VSS,Metal1,192.7260,120.4990,0.000376
FILLER_27_381,VSS,Metal1,188.8800,120.9600,0.000375
FILLER_27_374,VSS,Metal1,186.9660,120.4990,0.000374
FILLER_27_367,VSS,Metal1,183.6060,120.4990,0.000373
FILLER_27_360,VSS,Metal1,180.2460,120.4990,0.000372
FILLER_27_354,VSS,Metal1,176.1600,120.9600,0.000034
FILLER_27_350,VSS,Metal1,174.7080,120.5830,0.000075
FILLER_27_343,VSS,Metal1,172.0860,120.4990,0.000091
FILLER_27_330,VSS,Metal1,165.8460,120.4990,0.000096
FILLER_27_301,VSS,Metal1,150.7200,120.9600,0.000107
FILLER_27_280,VSS,Metal1,140.4000,120.9600,0.000077
FILLER_27_273,VSS,Metal1,138.4860,120.4990,0.000077
FILLER_27_266,VSS,Metal1,135.1260,120.4990,0.000077
FILLER_27_259,VSS,Metal1,131.7660,120.4990,0.000077
FILLER_27_251,VSS,Metal1,127.1880,120.5830,0.000071
FILLER_27_220,VSS,Metal1,112.3080,120.5830,0.000056
FILLER_27_213,VSS,Metal1,109.6860,120.4990,0.000056
FILLER_27_184,VSS,Metal1,94.5600,120.9600,0.000087
FILLER_27_180,VSS,Metal1,93.1080,120.5830,0.000267
FILLER_27_173,VSS,Metal1,90.4860,120.4990,0.000268
FILLER_27_166,VSS,Metal1,87.1260,120.4990,0.000283
FILLER_27_159,VSS,Metal1,83.7660,120.4990,0.000284
FILLER_27_145,VSS,Metal1,77.0460,120.4990,0.000297
FILLER_27_138,VSS,Metal1,73.6860,120.4990,0.000334
FILLER_27_131,VSS,Metal1,70.3260,120.4990,0.000341
FILLER_27_124,VSS,Metal1,66.9660,120.4990,0.000342
FILLER_27_119,VSS,Metal1,63.1200,120.9600,0.000342
FILLER_27_112,VSS,Metal1,61.2060,120.4990,0.000342
FILLER_27_74,VSS,Metal1,41.5200,120.9600,0.000076
FILLER_27_70,VSS,Metal1,40.3080,120.5830,0.000076
FILLER_27_63,VSS,Metal1,37.6860,120.4990,0.000028
FILLER_27_56,VSS,Metal1,34.3260,120.4990,0.000023
FILLER_27_49,VSS,Metal1,30.9660,120.4990,0.000018
FILLER_27_42,VSS,Metal1,27.6060,120.4990,0.000012
FILLER_27_35,VSS,Metal1,24.2460,120.4990,0.000007
FILLER_27_28,VSS,Metal1,20.8860,120.4990,0.000007
FILLER_27_21,VSS,Metal1,17.5260,120.4990,0.000007
FILLER_27_14,VSS,Metal1,14.1660,120.4990,0.000007
FILLER_27_7,VSS,Metal1,10.8060,120.4990,0.000007
FILLER_27_0,VSS,Metal1,7.4460,120.4990,0.000007
FILLER_26_505,VSS,Metal1,248.4000,113.4000,0.001006
FILLER_26_503,VSS,Metal1,247.6800,113.4000,0.001006
FILLER_26_496,VSS,Metal1,245.5260,113.8600,0.001006
FILLER_26_489,VSS,Metal1,242.1660,113.8600,0.001006
FILLER_26_478,VSS,Metal1,236.8860,113.8600,0.001006
FILLER_26_471,VSS,Metal1,233.5260,113.8600,0.000980
FILLER_26_464,VSS,Metal1,230.1660,113.8600,0.000974
FILLER_26_454,VSS,Metal1,223.9200,113.4000,0.000939
FILLER_26_447,VSS,Metal1,222.0060,113.8600,0.000939
FILLER_26_436,VSS,Metal1,215.5200,113.4000,0.000933
FILLER_26_429,VSS,Metal1,213.3660,113.8600,0.000926
FILLER_26_390,VSS,Metal1,194.6460,113.8600,0.000547
FILLER_26_353,VSS,Metal1,175.4400,113.4000,0.000032
FILLER_26_345,VSS,Metal1,171.8400,113.4000,0.000043
FILLER_26_341,VSS,Metal1,170.3880,113.7760,0.000044
FILLER_26_334,VSS,Metal1,167.7660,113.8600,0.000061
FILLER_26_327,VSS,Metal1,164.4060,113.8600,0.000084
FILLER_26_320,VSS,Metal1,161.0460,113.8600,0.000108
FILLER_26_313,VSS,Metal1,157.6860,113.8600,0.000131
FILLER_26_306,VSS,Metal1,154.3260,113.8600,0.000154
FILLER_26_299,VSS,Metal1,150.9660,113.8600,0.000178
FILLER_26_288,VSS,Metal1,145.6860,113.8600,0.000197
FILLER_26_281,VSS,Metal1,142.3260,113.8600,0.000197
FILLER_26_248,VSS,Metal1,125.0400,113.4000,0.000151
FILLER_26_242,VSS,Metal1,122.1600,113.4000,0.000107
FILLER_26_240,VSS,Metal1,121.4400,113.4000,0.000107
FILLER_26_233,VSS,Metal1,119.2860,113.8600,0.000105
FILLER_26_225,VSS,Metal1,114.7080,113.7760,0.000085
FILLER_26_218,VSS,Metal1,112.0860,113.8600,0.000072
FILLER_26_211,VSS,Metal1,108.7260,113.8600,0.000054
FILLER_26_204,VSS,Metal1,105.3660,113.8600,0.000036
FILLER_26_198,VSS,Metal1,101.0400,113.4000,0.000018
FILLER_26_191,VSS,Metal1,99.1260,113.8600,0.000028
FILLER_26_184,VSS,Metal1,95.7660,113.8600,0.000047
FILLER_26_177,VSS,Metal1,92.4060,113.8600,0.000051
FILLER_26_167,VSS,Metal1,86.1600,113.4000,0.000051
FILLER_26_163,VSS,Metal1,84.9480,113.7760,0.000051
FILLER_26_156,VSS,Metal1,82.3260,113.8600,0.000058
FILLER_26_149,VSS,Metal1,78.9660,113.8600,0.000070
FILLER_26_143,VSS,Metal1,74.6400,113.4000,0.000070
FILLER_26_136,VSS,Metal1,72.7260,113.8600,0.000070
FILLER_26_129,VSS,Metal1,69.3660,113.8600,0.000069
FILLER_26_122,VSS,Metal1,66.0060,113.8600,0.000069
FILLER_26_115,VSS,Metal1,62.6460,113.8600,0.000069
FILLER_26_108,VSS,Metal1,59.2860,113.8600,0.000066
FILLER_26_101,VSS,Metal1,55.9260,113.8600,0.000055
FILLER_26_94,VSS,Metal1,52.5660,113.8600,0.000044
FILLER_26_88,VSS,Metal1,48.4800,113.4000,0.000034
FILLER_26_84,VSS,Metal1,47.0280,113.7760,0.000008
FILLER_26_77,VSS,Metal1,44.4060,113.8600,0.000008
FILLER_26_70,VSS,Metal1,41.0460,113.8600,0.000008
FILLER_26_63,VSS,Metal1,37.6860,113.8600,0.000008
FILLER_26_56,VSS,Metal1,34.3260,113.8600,0.000008
FILLER_26_49,VSS,Metal1,30.9660,113.8600,0.000006
FILLER_26_42,VSS,Metal1,27.6060,113.8600,0.000004
FILLER_26_35,VSS,Metal1,24.2460,113.8600,0.000002
FILLER_26_28,VSS,Metal1,20.8860,113.8600,0.000002
FILLER_26_21,VSS,Metal1,17.5260,113.8600,0.000002
FILLER_26_14,VSS,Metal1,14.1660,113.8600,0.000002
FILLER_26_7,VSS,Metal1,10.8060,113.8600,0.000002
FILLER_26_0,VSS,Metal1,7.4460,113.8600,0.000002
FILLER_25_475,VSS,Metal1,234.7080,113.0230,0.000980
FILLER_25_458,VSS,Metal1,227.2860,112.9390,0.000939
FILLER_25_451,VSS,Metal1,223.9260,112.9390,0.000939
FILLER_25_444,VSS,Metal1,220.5660,112.9390,0.000938
FILLER_25_437,VSS,Metal1,217.2060,112.9390,0.000938
FILLER_25_430,VSS,Metal1,213.8460,112.9390,0.000927
FILLER_25_423,VSS,Metal1,210.4860,112.9390,0.000891
FILLER_25_416,VSS,Metal1,207.1260,112.9390,0.000879
FILLER_25_397,VSS,Metal1,196.5600,113.4000,0.000711
FILLER_25_393,VSS,Metal1,195.3480,113.0230,0.000548
FILLER_25_386,VSS,Metal1,192.7260,112.9390,0.000547
FILLER_25_379,VSS,Metal1,189.3660,112.9390,0.000533
FILLER_25_372,VSS,Metal1,186.0060,112.9390,0.000532
FILLER_25_361,VSS,Metal1,180.7260,112.9390,0.000526
FILLER_25_346,VSS,Metal1,172.0800,113.4000,0.000043
FILLER_25_342,VSS,Metal1,170.8680,113.0230,0.000044
FILLER_25_335,VSS,Metal1,168.2460,112.9390,0.000060
FILLER_25_328,VSS,Metal1,164.8860,112.9390,0.000084
FILLER_25_321,VSS,Metal1,161.5260,112.9390,0.000107
FILLER_25_314,VSS,Metal1,158.1660,112.9390,0.000130
FILLER_25_307,VSS,Metal1,154.8060,112.9390,0.000154
FILLER_25_300,VSS,Metal1,151.4460,112.9390,0.000177
FILLER_25_291,VSS,Metal1,145.9200,113.4000,0.000197
FILLER_25_284,VSS,Metal1,143.7660,112.9390,0.000197
FILLER_25_277,VSS,Metal1,140.4060,112.9390,0.000197
FILLER_25_270,VSS,Metal1,137.0460,112.9390,0.000201
FILLER_25_263,VSS,Metal1,133.6860,112.9390,0.000202
FILLER_25_257,VSS,Metal1,129.6000,113.4000,0.000202
FILLER_25_250,VSS,Metal1,127.4460,112.9390,0.000188
FILLER_25_244,VSS,Metal1,123.3600,113.4000,0.000108
FILLER_25_240,VSS,Metal1,121.9080,113.0230,0.000107
FILLER_25_233,VSS,Metal1,119.2860,112.9390,0.000105
FILLER_25_226,VSS,Metal1,115.9260,112.9390,0.000085
FILLER_25_219,VSS,Metal1,112.5660,112.9390,0.000072
FILLER_25_212,VSS,Metal1,109.2060,112.9390,0.000054
FILLER_25_205,VSS,Metal1,105.8460,112.9390,0.000036
FILLER_25_198,VSS,Metal1,102.4860,112.9390,0.000018
FILLER_25_191,VSS,Metal1,99.1260,112.9390,0.000028
FILLER_25_162,VSS,Metal1,84.0000,113.4000,0.000054
FILLER_25_158,VSS,Metal1,82.5480,113.0230,0.000058
FILLER_25_127,VSS,Metal1,67.6680,113.0230,0.000069
FILLER_25_120,VSS,Metal1,65.0460,112.9390,0.000069
FILLER_25_113,VSS,Metal1,60.4800,113.4000,0.000066
FILLER_25_109,VSS,Metal1,59.0280,113.0230,0.000066
FILLER_25_102,VSS,Metal1,56.4060,112.9390,0.000055
FILLER_25_95,VSS,Metal1,53.0460,112.9390,0.000045
FILLER_25_88,VSS,Metal1,49.6860,112.9390,0.000034
FILLER_25_81,VSS,Metal1,46.3260,112.9390,0.000008
FILLER_25_74,VSS,Metal1,42.9660,112.9390,0.000008
FILLER_25_67,VSS,Metal1,39.6060,112.9390,0.000008
FILLER_25_60,VSS,Metal1,36.2460,112.9390,0.000008
FILLER_25_49,VSS,Metal1,30.9660,112.9390,0.000006
FILLER_25_42,VSS,Metal1,27.6060,112.9390,0.000004
FILLER_25_35,VSS,Metal1,24.2460,112.9390,0.000002
FILLER_25_28,VSS,Metal1,20.8860,112.9390,0.000002
FILLER_25_21,VSS,Metal1,17.5260,112.9390,0.000002
FILLER_25_14,VSS,Metal1,14.1660,112.9390,0.000002
FILLER_25_7,VSS,Metal1,10.8060,112.9390,0.000002
FILLER_25_0,VSS,Metal1,7.4460,112.9390,0.000002
FILLER_24_487,VSS,Metal1,240.0000,105.8400,0.001429
FILLER_24_457,VSS,Metal1,225.6000,105.8400,0.001429
FILLER_24_453,VSS,Metal1,224.1480,106.2160,0.001429
FILLER_24_447,VSS,Metal1,220.8000,105.8400,0.001332
FILLER_24_443,VSS,Metal1,219.3480,106.2160,0.001323
FILLER_24_436,VSS,Metal1,216.7260,106.3000,0.001323
FILLER_24_429,VSS,Metal1,213.3660,106.3000,0.001323
FILLER_24_424,VSS,Metal1,209.5200,105.8400,0.001316
FILLER_24_420,VSS,Metal1,208.3080,106.2160,0.001314
FILLER_24_388,VSS,Metal1,192.4800,105.8400,0.000754
FILLER_24_384,VSS,Metal1,191.0280,106.2160,0.000754
FILLER_24_377,VSS,Metal1,188.4060,106.3000,0.000507
FILLER_24_370,VSS,Metal1,185.0460,106.3000,0.000343
FILLER_24_363,VSS,Metal1,181.6860,106.3000,0.000343
FILLER_24_356,VSS,Metal1,178.3260,106.3000,0.000343
FILLER_24_346,VSS,Metal1,172.7880,106.2160,0.000180
FILLER_24_305,VSS,Metal1,152.6400,105.8400,0.000253
FILLER_24_301,VSS,Metal1,151.1880,106.2160,0.000253
FILLER_24_285,VSS,Metal1,144.2460,106.3000,0.000253
FILLER_24_278,VSS,Metal1,140.8860,106.3000,0.000143
FILLER_24_271,VSS,Metal1,137.5260,106.3000,0.000133
FILLER_24_264,VSS,Metal1,134.1660,106.3000,0.000120
FILLER_24_257,VSS,Metal1,130.8060,106.3000,0.000120
FILLER_24_250,VSS,Metal1,127.4460,106.3000,0.000120
FILLER_24_243,VSS,Metal1,124.0860,106.3000,0.000120
FILLER_24_236,VSS,Metal1,120.7260,106.3000,0.000099
FILLER_24_229,VSS,Metal1,117.3660,106.3000,0.000054
FILLER_24_201,VSS,Metal1,102.4800,105.8400,0.000041
FILLER_24_197,VSS,Metal1,101.2680,106.2160,0.000041
FILLER_24_190,VSS,Metal1,98.6460,106.3000,0.000041
FILLER_24_183,VSS,Metal1,95.2860,106.3000,0.000041
FILLER_24_176,VSS,Metal1,91.9260,106.3000,0.000041
FILLER_24_169,VSS,Metal1,87.3600,105.8400,0.000048
FILLER_24_162,VSS,Metal1,85.2060,106.3000,0.000048
FILLER_24_155,VSS,Metal1,81.8460,106.3000,0.000048
FILLER_24_148,VSS,Metal1,78.4860,106.3000,0.000048
FILLER_24_142,VSS,Metal1,74.1600,105.8400,0.000056
FILLER_24_140,VSS,Metal1,73.4400,105.8400,0.000056
FILLER_24_135,VSS,Metal1,70.8000,105.8400,0.000059
FILLER_24_131,VSS,Metal1,69.5880,106.2160,0.000059
FILLER_24_103,VSS,Metal1,55.4400,105.8400,0.000098
FILLER_24_99,VSS,Metal1,54.2280,106.2160,0.000098
FILLER_24_92,VSS,Metal1,51.6060,106.3000,0.000098
FILLER_24_85,VSS,Metal1,48.2460,106.3000,0.000098
FILLER_24_78,VSS,Metal1,44.8860,106.3000,0.000098
FILLER_24_49,VSS,Metal1,29.7600,105.8400,0.000088
FILLER_24_42,VSS,Metal1,27.6060,106.3000,0.000076
FILLER_24_35,VSS,Metal1,24.2460,106.3000,0.000014
FILLER_24_28,VSS,Metal1,20.8860,106.3000,0.000014
FILLER_24_21,VSS,Metal1,17.5260,106.3000,0.000014
FILLER_24_14,VSS,Metal1,14.1660,106.3000,0.000014
FILLER_24_7,VSS,Metal1,10.8060,106.3000,0.000014
FILLER_24_0,VSS,Metal1,7.4460,106.3000,0.000014
FILLER_23_419,VSS,Metal1,207.1200,105.8400,0.001281
FILLER_23_408,VSS,Metal1,201.8400,105.8400,0.000761
FILLER_23_375,VSS,Metal1,186.2400,105.8400,0.000343
FILLER_23_368,VSS,Metal1,184.0860,105.3790,0.000343
FILLER_23_361,VSS,Metal1,180.7260,105.3790,0.000343
FILLER_23_353,VSS,Metal1,176.1480,105.4630,0.000148
FILLER_23_346,VSS,Metal1,172.3200,105.8400,0.000180
FILLER_23_342,VSS,Metal1,170.8680,105.4630,0.000200
FILLER_23_335,VSS,Metal1,168.2460,105.3790,0.000200
FILLER_23_328,VSS,Metal1,164.8860,105.3790,0.000200
FILLER_23_322,VSS,Metal1,160.8000,105.8400,0.000200
FILLER_23_318,VSS,Metal1,159.3480,105.4630,0.000200
FILLER_23_311,VSS,Metal1,156.7260,105.3790,0.000231
FILLER_23_277,VSS,Metal1,139.6680,105.4630,0.000143
FILLER_23_270,VSS,Metal1,137.0460,105.3790,0.000133
FILLER_23_262,VSS,Metal1,132.4680,105.4630,0.000120
FILLER_23_255,VSS,Metal1,129.8460,105.3790,0.000120
FILLER_23_248,VSS,Metal1,126.4860,105.3790,0.000120
FILLER_23_225,VSS,Metal1,114.7080,105.4630,0.000052
FILLER_23_218,VSS,Metal1,112.0860,105.3790,0.000052
FILLER_23_211,VSS,Metal1,108.7260,105.3790,0.000052
FILLER_23_199,VSS,Metal1,102.2280,105.4630,0.000041
FILLER_23_192,VSS,Metal1,99.6060,105.3790,0.000041
FILLER_23_185,VSS,Metal1,96.2460,105.3790,0.000041
FILLER_23_178,VSS,Metal1,92.8860,105.3790,0.000041
FILLER_23_171,VSS,Metal1,89.5260,105.3790,0.000041
FILLER_23_164,VSS,Metal1,86.1660,105.3790,0.000048
FILLER_23_157,VSS,Metal1,82.8060,105.3790,0.000048
FILLER_23_150,VSS,Metal1,79.4460,105.3790,0.000048
FILLER_23_143,VSS,Metal1,76.0860,105.3790,0.000048
FILLER_23_136,VSS,Metal1,72.7260,105.3790,0.000056
FILLER_23_129,VSS,Metal1,69.3660,105.3790,0.000059
FILLER_23_122,VSS,Metal1,66.0060,105.3790,0.000103
FILLER_23_113,VSS,Metal1,60.9480,105.4630,0.000103
FILLER_23_108,VSS,Metal1,57.8400,105.8400,0.000098
FILLER_23_101,VSS,Metal1,55.9260,105.3790,0.000098
FILLER_23_94,VSS,Metal1,52.5660,105.3790,0.000098
FILLER_23_87,VSS,Metal1,49.2060,105.3790,0.000098
FILLER_23_80,VSS,Metal1,45.8460,105.3790,0.000098
FILLER_23_73,VSS,Metal1,42.4860,105.3790,0.000098
FILLER_23_62,VSS,Metal1,35.7600,105.8400,0.000096
FILLER_23_50,VSS,Metal1,31.4460,105.3790,0.000096
FILLER_23_43,VSS,Metal1,28.0860,105.3790,0.000077
FILLER_23_36,VSS,Metal1,24.7260,105.3790,0.000015
FILLER_23_29,VSS,Metal1,21.3660,105.3790,0.000014
FILLER_23_22,VSS,Metal1,18.0060,105.3790,0.000014
FILLER_23_15,VSS,Metal1,14.6460,105.3790,0.000014
FILLER_23_8,VSS,Metal1,11.2860,105.3790,0.000014
FILLER_22_496,VSS,Metal1,244.3200,98.2800,0.003291
FILLER_22_489,VSS,Metal1,242.1660,98.7400,0.003291
FILLER_22_484,VSS,Metal1,238.3200,98.2800,0.003291
FILLER_22_468,VSS,Metal1,230.6400,98.2800,0.003277
FILLER_22_461,VSS,Metal1,228.7260,98.7400,0.003277
FILLER_22_442,VSS,Metal1,218.1600,98.2800,0.003133
FILLER_22_438,VSS,Metal1,216.9480,98.6560,0.002709
FILLER_22_431,VSS,Metal1,214.3260,98.7400,0.002707
FILLER_22_424,VSS,Metal1,210.9660,98.7400,0.002704
FILLER_22_385,VSS,Metal1,190.8000,98.2800,0.000729
FILLER_22_379,VSS,Metal1,187.9200,98.2800,0.000253
FILLER_22_347,VSS,Metal1,172.5600,98.2800,0.000135
FILLER_22_340,VSS,Metal1,170.6460,98.7400,0.000135
FILLER_22_333,VSS,Metal1,167.2860,98.7400,0.000154
FILLER_22_326,VSS,Metal1,163.9260,98.7400,0.000174
FILLER_22_319,VSS,Metal1,160.5660,98.7400,0.000195
FILLER_22_288,VSS,Metal1,144.9480,98.6560,0.000163
FILLER_22_260,VSS,Metal1,130.8000,98.2800,0.000142
FILLER_22_256,VSS,Metal1,129.5880,98.6560,0.000140
FILLER_22_249,VSS,Metal1,126.9660,98.7400,0.000138
FILLER_22_242,VSS,Metal1,123.6060,98.7400,0.000137
FILLER_22_221,VSS,Metal1,113.5260,98.7400,0.000013
FILLER_22_214,VSS,Metal1,110.1660,98.7400,0.000012
FILLER_22_207,VSS,Metal1,106.8060,98.7400,0.000011
FILLER_22_200,VSS,Metal1,103.4460,98.7400,0.000010
FILLER_22_193,VSS,Metal1,100.0860,98.7400,0.000009
FILLER_22_186,VSS,Metal1,96.7260,98.7400,0.000009
FILLER_22_179,VSS,Metal1,93.3660,98.7400,0.000008
FILLER_22_172,VSS,Metal1,90.0060,98.7400,0.000008
FILLER_22_165,VSS,Metal1,86.6460,98.7400,0.000008
FILLER_22_158,VSS,Metal1,83.2860,98.7400,0.000008
FILLER_22_151,VSS,Metal1,79.9260,98.7400,0.000007
FILLER_22_144,VSS,Metal1,76.5660,98.7400,0.000007
FILLER_22_137,VSS,Metal1,73.2060,98.7400,0.000007
FILLER_22_130,VSS,Metal1,69.8460,98.7400,0.000007
FILLER_22_123,VSS,Metal1,66.4860,98.7400,0.000006
FILLER_22_116,VSS,Metal1,63.1260,98.7400,0.000006
FILLER_22_109,VSS,Metal1,59.7660,98.7400,0.000006
FILLER_22_102,VSS,Metal1,56.4060,98.7400,0.000005
FILLER_22_95,VSS,Metal1,53.0460,98.7400,0.000005
FILLER_22_88,VSS,Metal1,49.6860,98.7400,0.000005
FILLER_22_81,VSS,Metal1,46.3260,98.7400,0.000005
FILLER_22_74,VSS,Metal1,42.9660,98.7400,0.000004
FILLER_22_67,VSS,Metal1,39.6060,98.7400,0.000004
FILLER_22_60,VSS,Metal1,36.2460,98.7400,0.000004
FILLER_22_53,VSS,Metal1,32.8860,98.7400,0.000004
FILLER_22_46,VSS,Metal1,29.5260,98.7400,0.000003
FILLER_22_39,VSS,Metal1,26.1660,98.7400,0.000003
FILLER_22_32,VSS,Metal1,22.8060,98.7400,0.000003
FILLER_22_25,VSS,Metal1,19.4460,98.7400,0.000003
FILLER_22_18,VSS,Metal1,16.0860,98.7400,0.000003
FILLER_22_11,VSS,Metal1,12.7260,98.7400,0.000003
FILLER_22_4,VSS,Metal1,9.3660,98.7400,0.000003
FILLER_21_501,VSS,Metal1,246.4800,98.2800,0.003291
FILLER_21_499,VSS,Metal1,245.7600,98.2800,0.003291
FILLER_21_492,VSS,Metal1,243.6060,97.8190,0.003291
FILLER_21_485,VSS,Metal1,240.2460,97.8190,0.003291
FILLER_21_462,VSS,Metal1,227.7600,98.2800,0.003277
FILLER_21_455,VSS,Metal1,225.8460,97.8190,0.003190
FILLER_21_449,VSS,Metal1,221.5200,98.2800,0.003190
FILLER_21_442,VSS,Metal1,219.6060,97.8190,0.003133
FILLER_21_435,VSS,Metal1,216.2460,97.8190,0.002707
FILLER_21_428,VSS,Metal1,212.8860,97.8190,0.002704
FILLER_21_421,VSS,Metal1,209.5260,97.8190,0.002700
FILLER_21_405,VSS,Metal1,201.8460,97.8190,0.002694
FILLER_21_398,VSS,Metal1,198.4860,97.8190,0.002693
FILLER_21_391,VSS,Metal1,195.1260,97.8190,0.002357
FILLER_21_384,VSS,Metal1,191.7660,97.8190,0.000729
FILLER_21_379,VSS,Metal1,187.9200,98.2800,0.000253
FILLER_21_377,VSS,Metal1,187.2000,98.2800,0.000253
FILLER_21_370,VSS,Metal1,185.0460,97.8190,0.000133
FILLER_21_363,VSS,Metal1,181.6860,97.8190,0.000133
FILLER_21_356,VSS,Metal1,178.3260,97.8190,0.000133
FILLER_21_349,VSS,Metal1,174.9660,97.8190,0.000133
FILLER_21_338,VSS,Metal1,168.2400,98.2800,0.000154
FILLER_21_334,VSS,Metal1,167.0280,97.9030,0.000154
FILLER_21_327,VSS,Metal1,164.4060,97.8190,0.000174
FILLER_21_320,VSS,Metal1,161.0460,97.8190,0.000194
FILLER_21_312,VSS,Metal1,156.4680,97.9030,0.000203
FILLER_21_305,VSS,Metal1,152.6400,98.2800,0.000203
FILLER_21_298,VSS,Metal1,150.4860,97.8190,0.000203
FILLER_21_285,VSS,Metal1,144.2460,97.8190,0.000163
FILLER_21_278,VSS,Metal1,140.8860,97.8190,0.000163
FILLER_21_271,VSS,Metal1,137.5260,97.8190,0.000163
FILLER_21_252,VSS,Metal1,127.2000,98.2800,0.000138
FILLER_21_245,VSS,Metal1,125.0460,97.8190,0.000138
FILLER_21_238,VSS,Metal1,121.6860,97.8190,0.000137
FILLER_21_231,VSS,Metal1,118.3260,97.8190,0.000097
FILLER_21_224,VSS,Metal1,114.9660,97.8190,0.000014
FILLER_21_217,VSS,Metal1,111.6060,97.8190,0.000013
FILLER_21_210,VSS,Metal1,108.2460,97.8190,0.000012
FILLER_21_203,VSS,Metal1,104.8860,97.8190,0.000011
FILLER_21_196,VSS,Metal1,101.5260,97.8190,0.000010
FILLER_21_189,VSS,Metal1,98.1660,97.8190,0.000009
FILLER_21_182,VSS,Metal1,94.8060,97.8190,0.000009
FILLER_21_175,VSS,Metal1,91.4460,97.8190,0.000008
FILLER_21_168,VSS,Metal1,88.0860,97.8190,0.000008
FILLER_21_161,VSS,Metal1,84.7260,97.8190,0.000008
FILLER_21_154,VSS,Metal1,81.3660,97.8190,0.000008
FILLER_21_147,VSS,Metal1,78.0060,97.8190,0.000007
FILLER_21_140,VSS,Metal1,74.6460,97.8190,0.000007
FILLER_21_133,VSS,Metal1,71.2860,97.8190,0.000007
FILLER_21_126,VSS,Metal1,67.9260,97.8190,0.000006
FILLER_21_119,VSS,Metal1,64.5660,97.8190,0.000006
FILLER_21_112,VSS,Metal1,61.2060,97.8190,0.000006
FILLER_21_105,VSS,Metal1,57.8460,97.8190,0.000006
FILLER_21_98,VSS,Metal1,54.4860,97.8190,0.000005
FILLER_21_91,VSS,Metal1,51.1260,97.8190,0.000005
FILLER_21_84,VSS,Metal1,47.7660,97.8190,0.000005
FILLER_21_77,VSS,Metal1,44.4060,97.8190,0.000005
FILLER_21_70,VSS,Metal1,41.0460,97.8190,0.000004
FILLER_21_63,VSS,Metal1,37.6860,97.8190,0.000004
FILLER_21_56,VSS,Metal1,34.3260,97.8190,0.000004
FILLER_21_49,VSS,Metal1,30.9660,97.8190,0.000004
FILLER_21_42,VSS,Metal1,27.6060,97.8190,0.000003
FILLER_21_35,VSS,Metal1,24.2460,97.8190,0.000003
FILLER_21_28,VSS,Metal1,20.8860,97.8190,0.000003
FILLER_21_21,VSS,Metal1,17.5260,97.8190,0.000003
FILLER_21_14,VSS,Metal1,14.1660,97.8190,0.000003
FILLER_21_7,VSS,Metal1,10.8060,97.8190,0.000003
FILLER_21_0,VSS,Metal1,7.4460,97.8190,0.000003
FILLER_20_477,VSS,Metal1,235.2000,90.7200,0.000389
FILLER_20_473,VSS,Metal1,233.7480,91.0960,0.000387
FILLER_20_466,VSS,Metal1,231.1260,91.1800,0.000381
FILLER_20_450,VSS,Metal1,223.4460,91.1800,0.000320
FILLER_20_435,VSS,Metal1,216.2460,91.1800,0.000254
FILLER_20_407,VSS,Metal1,201.3600,90.7200,0.000219
FILLER_20_403,VSS,Metal1,200.1480,91.0960,0.000219
FILLER_20_396,VSS,Metal1,197.5260,91.1800,0.000197
FILLER_20_389,VSS,Metal1,194.1660,91.1800,0.000194
FILLER_20_382,VSS,Metal1,190.8060,91.1800,0.000193
FILLER_20_375,VSS,Metal1,187.4460,91.1800,0.000193
FILLER_20_368,VSS,Metal1,184.0860,91.1800,0.000147
FILLER_20_361,VSS,Metal1,180.7260,91.1800,0.000145
FILLER_20_354,VSS,Metal1,177.3660,91.1800,0.000113
FILLER_20_347,VSS,Metal1,174.0060,91.1800,0.000121
FILLER_20_341,VSS,Metal1,169.9200,90.7200,0.000122
FILLER_20_337,VSS,Metal1,168.4680,91.0960,0.000122
FILLER_20_308,VSS,Metal1,154.5480,91.0960,0.000209
FILLER_20_298,VSS,Metal1,149.2800,90.7200,0.000201
FILLER_20_291,VSS,Metal1,147.1260,91.1800,0.000165
FILLER_20_284,VSS,Metal1,143.7660,91.1800,0.000164
FILLER_20_277,VSS,Metal1,140.4060,91.1800,0.000164
FILLER_20_270,VSS,Metal1,137.0460,91.1800,0.000164
FILLER_20_263,VSS,Metal1,133.6860,91.1800,0.000163
FILLER_20_253,VSS,Metal1,127.6800,90.7200,0.000143
FILLER_20_246,VSS,Metal1,125.5260,91.1800,0.000139
FILLER_20_239,VSS,Metal1,122.1660,91.1800,0.000042
FILLER_20_233,VSS,Metal1,117.8400,90.7200,0.000025
FILLER_20_231,VSS,Metal1,117.1200,90.7200,0.000025
FILLER_20_203,VSS,Metal1,103.4400,90.7200,0.000021
FILLER_20_196,VSS,Metal1,101.5260,91.1800,0.000013
FILLER_20_189,VSS,Metal1,98.1660,91.1800,0.000012
FILLER_20_182,VSS,Metal1,94.8060,91.1800,0.000012
FILLER_20_175,VSS,Metal1,91.4460,91.1800,0.000011
FILLER_20_168,VSS,Metal1,88.0860,91.1800,0.000011
FILLER_20_161,VSS,Metal1,84.7260,91.1800,0.000010
FILLER_20_154,VSS,Metal1,81.3660,91.1800,0.000010
FILLER_20_147,VSS,Metal1,78.0060,91.1800,0.000009
FILLER_20_140,VSS,Metal1,74.6460,91.1800,0.000009
FILLER_20_133,VSS,Metal1,71.2860,91.1800,0.000008
FILLER_20_126,VSS,Metal1,67.9260,91.1800,0.000008
FILLER_20_119,VSS,Metal1,64.5660,91.1800,0.000007
FILLER_20_112,VSS,Metal1,61.2060,91.1800,0.000007
FILLER_20_105,VSS,Metal1,57.8460,91.1800,0.000006
FILLER_20_98,VSS,Metal1,54.4860,91.1800,0.000005
FILLER_20_91,VSS,Metal1,51.1260,91.1800,0.000005
FILLER_20_84,VSS,Metal1,47.7660,91.1800,0.000004
FILLER_20_77,VSS,Metal1,44.4060,91.1800,0.000004
FILLER_20_70,VSS,Metal1,41.0460,91.1800,0.000003
FILLER_20_63,VSS,Metal1,37.6860,91.1800,0.000003
FILLER_20_56,VSS,Metal1,34.3260,91.1800,0.000002
FILLER_20_49,VSS,Metal1,30.9660,91.1800,0.000002
FILLER_20_42,VSS,Metal1,27.6060,91.1800,0.000001
FILLER_20_35,VSS,Metal1,24.2460,91.1800,0.000001
FILLER_20_28,VSS,Metal1,20.8860,91.1800,0.000001
FILLER_20_21,VSS,Metal1,17.5260,91.1800,0.000001
FILLER_20_14,VSS,Metal1,14.1660,91.1800,0.000001
FILLER_20_7,VSS,Metal1,10.8060,91.1800,0.000001
FILLER_20_0,VSS,Metal1,7.4460,91.1800,0.000001
FILLER_19_496,VSS,Metal1,244.3200,90.7200,0.000391
FILLER_19_489,VSS,Metal1,242.1660,90.2590,0.000391
FILLER_19_483,VSS,Metal1,238.0800,90.7200,0.000391
FILLER_19_466,VSS,Metal1,229.9200,90.7200,0.000381
FILLER_19_437,VSS,Metal1,216.0000,90.7200,0.000254
FILLER_19_430,VSS,Metal1,213.8460,90.2590,0.000254
FILLER_19_423,VSS,Metal1,210.4860,90.2590,0.000252
FILLER_19_416,VSS,Metal1,207.1260,90.2590,0.000251
FILLER_19_372,VSS,Metal1,184.8000,90.7200,0.000147
FILLER_19_365,VSS,Metal1,182.6460,90.2590,0.000145
FILLER_19_310,VSS,Metal1,154.8000,90.7200,0.000209
FILLER_19_308,VSS,Metal1,154.0800,90.7200,0.000209
FILLER_19_298,VSS,Metal1,149.0400,90.7200,0.000201
FILLER_19_294,VSS,Metal1,147.8280,90.3430,0.000165
FILLER_19_287,VSS,Metal1,145.2060,90.2590,0.000165
FILLER_19_280,VSS,Metal1,141.8460,90.2590,0.000164
FILLER_19_273,VSS,Metal1,138.4860,90.2590,0.000164
FILLER_19_266,VSS,Metal1,135.1260,90.2590,0.000164
FILLER_19_248,VSS,Metal1,125.2800,90.7200,0.000139
FILLER_19_238,VSS,Metal1,120.2400,90.7200,0.000027
FILLER_19_236,VSS,Metal1,119.5200,90.7200,0.000026
FILLER_19_227,VSS,Metal1,115.6680,90.3430,0.000021
FILLER_19_220,VSS,Metal1,113.0460,90.2590,0.000021
FILLER_19_213,VSS,Metal1,109.6860,90.2590,0.000021
FILLER_19_207,VSS,Metal1,105.6000,90.7200,0.000021
FILLER_19_203,VSS,Metal1,104.1480,90.3430,0.000021
FILLER_19_196,VSS,Metal1,101.5260,90.2590,0.000013
FILLER_19_189,VSS,Metal1,98.1660,90.2590,0.000012
FILLER_19_182,VSS,Metal1,94.8060,90.2590,0.000012
FILLER_19_175,VSS,Metal1,91.4460,90.2590,0.000011
FILLER_19_168,VSS,Metal1,88.0860,90.2590,0.000011
FILLER_19_161,VSS,Metal1,84.7260,90.2590,0.000010
FILLER_19_154,VSS,Metal1,81.3660,90.2590,0.000010
FILLER_19_147,VSS,Metal1,78.0060,90.2590,0.000009
FILLER_19_140,VSS,Metal1,74.6460,90.2590,0.000009
FILLER_19_133,VSS,Metal1,71.2860,90.2590,0.000008
FILLER_19_126,VSS,Metal1,67.9260,90.2590,0.000008
FILLER_19_119,VSS,Metal1,64.5660,90.2590,0.000007
FILLER_19_112,VSS,Metal1,61.2060,90.2590,0.000007
FILLER_19_105,VSS,Metal1,57.8460,90.2590,0.000006
FILLER_19_98,VSS,Metal1,54.4860,90.2590,0.000005
FILLER_19_91,VSS,Metal1,51.1260,90.2590,0.000005
FILLER_19_84,VSS,Metal1,47.7660,90.2590,0.000004
FILLER_19_77,VSS,Metal1,44.4060,90.2590,0.000004
FILLER_19_70,VSS,Metal1,41.0460,90.2590,0.000003
FILLER_19_63,VSS,Metal1,37.6860,90.2590,0.000003
FILLER_19_56,VSS,Metal1,34.3260,90.2590,0.000002
FILLER_19_49,VSS,Metal1,30.9660,90.2590,0.000002
FILLER_19_42,VSS,Metal1,27.6060,90.2590,0.000001
FILLER_19_35,VSS,Metal1,24.2460,90.2590,0.000001
FILLER_19_28,VSS,Metal1,20.8860,90.2590,0.000001
FILLER_19_21,VSS,Metal1,17.5260,90.2590,0.000001
FILLER_19_14,VSS,Metal1,14.1660,90.2590,0.000001
FILLER_19_7,VSS,Metal1,10.8060,90.2590,0.000001
FILLER_19_0,VSS,Metal1,7.4460,90.2590,0.000001
FILLER_18_504,VSS,Metal1,248.1600,83.1600,0.000375
FILLER_18_500,VSS,Metal1,246.7080,83.5360,0.000375
FILLER_18_493,VSS,Metal1,244.0860,83.6200,0.000375
FILLER_18_486,VSS,Metal1,240.7260,83.6200,0.000375
FILLER_18_479,VSS,Metal1,237.3660,83.6200,0.000374
FILLER_18_472,VSS,Metal1,234.0060,83.6200,0.000363
FILLER_18_465,VSS,Metal1,230.6460,83.6200,0.000356
FILLER_18_454,VSS,Metal1,224.1600,83.1600,0.000321
FILLER_18_447,VSS,Metal1,222.0060,83.6200,0.000321
FILLER_18_436,VSS,Metal1,215.2800,83.1600,0.000306
FILLER_18_429,VSS,Metal1,213.3660,83.6200,0.000272
FILLER_18_422,VSS,Metal1,210.0060,83.6200,0.000272
FILLER_18_415,VSS,Metal1,206.6460,83.6200,0.000272
FILLER_18_408,VSS,Metal1,203.2860,83.6200,0.000272
FILLER_18_401,VSS,Metal1,199.9260,83.6200,0.000185
FILLER_18_388,VSS,Metal1,192.9480,83.5360,0.000086
FILLER_18_377,VSS,Metal1,187.2000,83.1600,0.000080
FILLER_18_366,VSS,Metal1,181.9200,83.1600,0.000079
FILLER_18_359,VSS,Metal1,179.7660,83.6200,0.000079
FILLER_18_352,VSS,Metal1,176.4060,83.6200,0.000079
FILLER_18_346,VSS,Metal1,172.3200,83.1600,0.000176
FILLER_18_337,VSS,Metal1,168.4680,83.5360,0.000178
FILLER_18_330,VSS,Metal1,165.8460,83.6200,0.000215
FILLER_18_323,VSS,Metal1,162.4860,83.6200,0.000265
FILLER_18_316,VSS,Metal1,159.1260,83.6200,0.000316
FILLER_18_309,VSS,Metal1,155.7660,83.6200,0.000366
FILLER_18_302,VSS,Metal1,152.4060,83.6200,0.000416
FILLER_18_293,VSS,Metal1,147.3480,83.5360,0.000439
FILLER_18_286,VSS,Metal1,144.7260,83.6200,0.000439
FILLER_18_279,VSS,Metal1,141.3660,83.6200,0.000439
FILLER_18_274,VSS,Metal1,137.5200,83.1600,0.000439
FILLER_18_267,VSS,Metal1,135.6060,83.6200,0.000439
FILLER_18_260,VSS,Metal1,132.2460,83.6200,0.000448
FILLER_18_228,VSS,Metal1,115.6800,83.1600,0.000336
FILLER_18_224,VSS,Metal1,114.2280,83.5360,0.000336
FILLER_18_217,VSS,Metal1,111.6060,83.6200,0.000108
FILLER_18_210,VSS,Metal1,108.2460,83.6200,0.000084
FILLER_18_203,VSS,Metal1,104.8860,83.6200,0.000059
FILLER_18_196,VSS,Metal1,101.5260,83.6200,0.000034
FILLER_18_189,VSS,Metal1,98.1660,83.6200,0.000033
FILLER_18_182,VSS,Metal1,94.8060,83.6200,0.000031
FILLER_18_175,VSS,Metal1,91.4460,83.6200,0.000030
FILLER_18_168,VSS,Metal1,88.0860,83.6200,0.000029
FILLER_18_161,VSS,Metal1,84.7260,83.6200,0.000027
FILLER_18_154,VSS,Metal1,81.3660,83.6200,0.000026
FILLER_18_147,VSS,Metal1,78.0060,83.6200,0.000024
FILLER_18_140,VSS,Metal1,74.6460,83.6200,0.000023
FILLER_18_133,VSS,Metal1,71.2860,83.6200,0.000022
FILLER_18_126,VSS,Metal1,67.9260,83.6200,0.000020
FILLER_18_119,VSS,Metal1,64.5660,83.6200,0.000019
FILLER_18_112,VSS,Metal1,61.2060,83.6200,0.000017
FILLER_18_105,VSS,Metal1,57.8460,83.6200,0.000016
FILLER_18_98,VSS,Metal1,54.4860,83.6200,0.000015
FILLER_18_91,VSS,Metal1,51.1260,83.6200,0.000013
FILLER_18_84,VSS,Metal1,47.7660,83.6200,0.000012
FILLER_18_77,VSS,Metal1,44.4060,83.6200,0.000010
FILLER_18_70,VSS,Metal1,41.0460,83.6200,0.000009
FILLER_18_63,VSS,Metal1,37.6860,83.6200,0.000008
FILLER_18_56,VSS,Metal1,34.3260,83.6200,0.000006
FILLER_18_49,VSS,Metal1,30.9660,83.6200,0.000005
FILLER_18_42,VSS,Metal1,27.6060,83.6200,0.000003
FILLER_18_35,VSS,Metal1,24.2460,83.6200,0.000002
FILLER_18_28,VSS,Metal1,20.8860,83.6200,0.000002
FILLER_18_21,VSS,Metal1,17.5260,83.6200,0.000002
FILLER_18_14,VSS,Metal1,14.1660,83.6200,0.000002
FILLER_18_7,VSS,Metal1,10.8060,83.6200,0.000002
FILLER_18_0,VSS,Metal1,7.4460,83.6200,0.000002
FILLER_17_477,VSS,Metal1,235.2000,83.1600,0.000363
FILLER_17_466,VSS,Metal1,229.6800,83.1600,0.000356
FILLER_17_459,VSS,Metal1,227.7660,82.6990,0.000321
FILLER_17_452,VSS,Metal1,224.4060,82.6990,0.000321
FILLER_17_445,VSS,Metal1,221.0460,82.6990,0.000321
FILLER_17_431,VSS,Metal1,212.8800,83.1600,0.000272
FILLER_17_427,VSS,Metal1,211.6680,82.7830,0.000272
FILLER_17_420,VSS,Metal1,209.0460,82.6990,0.000272
FILLER_17_413,VSS,Metal1,205.6860,82.6990,0.000272
FILLER_17_408,VSS,Metal1,201.8400,83.1600,0.000272
FILLER_17_404,VSS,Metal1,200.6280,82.7830,0.000185
FILLER_17_399,VSS,Metal1,197.5200,83.1600,0.000175
FILLER_17_392,VSS,Metal1,195.6060,82.6990,0.000172
FILLER_17_385,VSS,Metal1,192.2460,82.6990,0.000086
FILLER_17_378,VSS,Metal1,188.8860,82.6990,0.000086
FILLER_17_349,VSS,Metal1,173.5200,83.1600,0.000090
FILLER_17_345,VSS,Metal1,172.3080,82.7830,0.000176
FILLER_17_338,VSS,Metal1,169.6860,82.6990,0.000178
FILLER_17_331,VSS,Metal1,166.3260,82.6990,0.000214
FILLER_17_324,VSS,Metal1,162.9660,82.6990,0.000264
FILLER_17_317,VSS,Metal1,159.6060,82.6990,0.000314
FILLER_17_310,VSS,Metal1,156.2460,82.6990,0.000365
FILLER_17_266,VSS,Metal1,134.3880,82.7830,0.000439
FILLER_17_259,VSS,Metal1,131.7660,82.6990,0.000449
FILLER_17_233,VSS,Metal1,117.8400,83.1600,0.000365
FILLER_17_231,VSS,Metal1,117.1200,83.1600,0.000365
FILLER_17_224,VSS,Metal1,114.9660,82.6990,0.000336
FILLER_17_217,VSS,Metal1,111.6060,82.6990,0.000108
FILLER_17_210,VSS,Metal1,108.2460,82.6990,0.000084
FILLER_17_203,VSS,Metal1,104.8860,82.6990,0.000059
FILLER_17_196,VSS,Metal1,101.5260,82.6990,0.000034
FILLER_17_189,VSS,Metal1,98.1660,82.6990,0.000033
FILLER_17_182,VSS,Metal1,94.8060,82.6990,0.000031
FILLER_17_175,VSS,Metal1,91.4460,82.6990,0.000030
FILLER_17_168,VSS,Metal1,88.0860,82.6990,0.000029
FILLER_17_161,VSS,Metal1,84.7260,82.6990,0.000027
FILLER_17_154,VSS,Metal1,81.3660,82.6990,0.000026
FILLER_17_147,VSS,Metal1,78.0060,82.6990,0.000024
FILLER_17_140,VSS,Metal1,74.6460,82.6990,0.000023
FILLER_17_133,VSS,Metal1,71.2860,82.6990,0.000022
FILLER_17_126,VSS,Metal1,67.9260,82.6990,0.000020
FILLER_17_119,VSS,Metal1,64.5660,82.6990,0.000019
FILLER_17_112,VSS,Metal1,61.2060,82.6990,0.000017
FILLER_17_105,VSS,Metal1,57.8460,82.6990,0.000016
FILLER_17_98,VSS,Metal1,54.4860,82.6990,0.000015
FILLER_17_91,VSS,Metal1,51.1260,82.6990,0.000013
FILLER_17_84,VSS,Metal1,47.7660,82.6990,0.000012
FILLER_17_77,VSS,Metal1,44.4060,82.6990,0.000010
FILLER_17_70,VSS,Metal1,41.0460,82.6990,0.000009
FILLER_17_63,VSS,Metal1,37.6860,82.6990,0.000008
FILLER_17_56,VSS,Metal1,34.3260,82.6990,0.000006
FILLER_17_49,VSS,Metal1,30.9660,82.6990,0.000005
FILLER_17_42,VSS,Metal1,27.6060,82.6990,0.000003
FILLER_17_35,VSS,Metal1,24.2460,82.6990,0.000002
FILLER_17_28,VSS,Metal1,20.8860,82.6990,0.000002
FILLER_17_21,VSS,Metal1,17.5260,82.6990,0.000002
FILLER_17_14,VSS,Metal1,14.1660,82.6990,0.000002
FILLER_17_7,VSS,Metal1,10.8060,82.6990,0.000002
FILLER_17_0,VSS,Metal1,7.4460,82.6990,0.000002
FILLER_16_496,VSS,Metal1,244.3200,75.6000,0.001240
FILLER_16_489,VSS,Metal1,242.1660,76.0600,0.001240
FILLER_16_484,VSS,Metal1,238.3200,75.6000,0.001240
FILLER_16_480,VSS,Metal1,237.1080,75.9760,0.001240
FILLER_16_473,VSS,Metal1,233.2800,75.6000,0.001192
FILLER_16_469,VSS,Metal1,231.8280,75.9760,0.001127
FILLER_16_462,VSS,Metal1,229.2060,76.0600,0.001127
FILLER_16_455,VSS,Metal1,225.8460,76.0600,0.001127
FILLER_16_449,VSS,Metal1,221.7600,75.6000,0.001127
FILLER_16_445,VSS,Metal1,220.3080,75.9760,0.001122
FILLER_16_438,VSS,Metal1,217.6860,76.0600,0.001076
FILLER_16_431,VSS,Metal1,214.3260,76.0600,0.001070
FILLER_16_395,VSS,Metal1,196.3080,75.9760,0.000224
FILLER_16_388,VSS,Metal1,193.6860,76.0600,0.000222
FILLER_16_381,VSS,Metal1,190.3260,76.0600,0.000218
FILLER_16_374,VSS,Metal1,186.9660,76.0600,0.000182
FILLER_16_367,VSS,Metal1,183.6060,76.0600,0.000178
FILLER_16_359,VSS,Metal1,179.0280,75.9760,0.000178
FILLER_16_308,VSS,Metal1,153.8400,75.6000,0.000227
FILLER_16_294,VSS,Metal1,147.3600,75.6000,0.000267
FILLER_16_283,VSS,Metal1,142.5480,75.9760,0.000243
FILLER_16_276,VSS,Metal1,139.9260,76.0600,0.000233
FILLER_16_269,VSS,Metal1,136.5660,76.0600,0.000221
FILLER_16_263,VSS,Metal1,132.2400,75.6000,0.000199
FILLER_16_261,VSS,Metal1,131.5200,75.6000,0.000176
FILLER_16_254,VSS,Metal1,129.3660,76.0600,0.000116
FILLER_16_248,VSS,Metal1,125.2800,75.6000,0.000092
FILLER_16_241,VSS,Metal1,123.1260,76.0600,0.000092
FILLER_16_234,VSS,Metal1,119.7660,76.0600,0.000092
FILLER_16_228,VSS,Metal1,115.6800,75.6000,0.000092
FILLER_16_224,VSS,Metal1,114.2280,75.9760,0.000092
FILLER_16_217,VSS,Metal1,111.6060,76.0600,0.000076
FILLER_16_210,VSS,Metal1,108.2460,76.0600,0.000059
FILLER_16_203,VSS,Metal1,104.8860,76.0600,0.000041
FILLER_16_196,VSS,Metal1,101.5260,76.0600,0.000024
FILLER_16_189,VSS,Metal1,98.1660,76.0600,0.000023
FILLER_16_182,VSS,Metal1,94.8060,76.0600,0.000022
FILLER_16_175,VSS,Metal1,91.4460,76.0600,0.000021
FILLER_16_168,VSS,Metal1,88.0860,76.0600,0.000020
FILLER_16_161,VSS,Metal1,84.7260,76.0600,0.000019
FILLER_16_154,VSS,Metal1,81.3660,76.0600,0.000018
FILLER_16_147,VSS,Metal1,78.0060,76.0600,0.000017
FILLER_16_140,VSS,Metal1,74.6460,76.0600,0.000016
FILLER_16_133,VSS,Metal1,71.2860,76.0600,0.000015
FILLER_16_126,VSS,Metal1,67.9260,76.0600,0.000014
FILLER_16_119,VSS,Metal1,64.5660,76.0600,0.000013
FILLER_16_112,VSS,Metal1,61.2060,76.0600,0.000012
FILLER_16_105,VSS,Metal1,57.8460,76.0600,0.000011
FILLER_16_98,VSS,Metal1,54.4860,76.0600,0.000010
FILLER_16_91,VSS,Metal1,51.1260,76.0600,0.000009
FILLER_16_84,VSS,Metal1,47.7660,76.0600,0.000008
FILLER_16_77,VSS,Metal1,44.4060,76.0600,0.000007
FILLER_16_70,VSS,Metal1,41.0460,76.0600,0.000006
FILLER_16_63,VSS,Metal1,37.6860,76.0600,0.000005
FILLER_16_56,VSS,Metal1,34.3260,76.0600,0.000004
FILLER_16_49,VSS,Metal1,30.9660,76.0600,0.000003
FILLER_16_42,VSS,Metal1,27.6060,76.0600,0.000002
FILLER_16_35,VSS,Metal1,24.2460,76.0600,0.000001
FILLER_16_28,VSS,Metal1,20.8860,76.0600,0.000001
FILLER_16_21,VSS,Metal1,17.5260,76.0600,0.000001
FILLER_16_14,VSS,Metal1,14.1660,76.0600,0.000001
FILLER_16_7,VSS,Metal1,10.8060,76.0600,0.000001
FILLER_16_0,VSS,Metal1,7.4460,76.0600,0.000001
FILLER_15_476,VSS,Metal1,234.4800,75.6000,0.001197
FILLER_15_472,VSS,Metal1,233.2680,75.2230,0.001192
FILLER_15_434,VSS,Metal1,214.3200,75.6000,0.001070
FILLER_15_432,VSS,Metal1,213.6000,75.6000,0.001070
FILLER_15_421,VSS,Metal1,208.3200,75.6000,0.001024
FILLER_15_417,VSS,Metal1,206.8680,75.2230,0.001024
FILLER_15_410,VSS,Metal1,203.0400,75.6000,0.001024
FILLER_15_406,VSS,Metal1,201.5880,75.2230,0.001024
FILLER_15_399,VSS,Metal1,198.9660,75.1390,0.000736
FILLER_15_392,VSS,Metal1,195.6060,75.1390,0.000222
FILLER_15_385,VSS,Metal1,192.2460,75.1390,0.000218
FILLER_15_357,VSS,Metal1,177.3600,75.6000,0.000099
FILLER_15_344,VSS,Metal1,171.8280,75.2230,0.000086
FILLER_15_337,VSS,Metal1,169.2060,75.1390,0.000186
FILLER_15_330,VSS,Metal1,165.8460,75.1390,0.000218
FILLER_15_320,VSS,Metal1,159.6000,75.6000,0.000227
FILLER_15_318,VSS,Metal1,158.8800,75.6000,0.000227
FILLER_15_312,VSS,Metal1,156.0000,75.6000,0.000227
FILLER_15_308,VSS,Metal1,154.5480,75.2230,0.000227
FILLER_15_283,VSS,Metal1,142.5480,75.2230,0.000243
FILLER_15_276,VSS,Metal1,139.9260,75.1390,0.000233
FILLER_15_269,VSS,Metal1,136.5660,75.1390,0.000221
FILLER_15_262,VSS,Metal1,133.2060,75.1390,0.000199
FILLER_15_224,VSS,Metal1,113.5200,75.6000,0.000092
FILLER_15_217,VSS,Metal1,111.6060,75.1390,0.000076
FILLER_15_210,VSS,Metal1,108.2460,75.1390,0.000059
FILLER_15_203,VSS,Metal1,104.8860,75.1390,0.000041
FILLER_15_196,VSS,Metal1,101.5260,75.1390,0.000024
FILLER_15_189,VSS,Metal1,98.1660,75.1390,0.000023
FILLER_15_182,VSS,Metal1,94.8060,75.1390,0.000022
FILLER_15_175,VSS,Metal1,91.4460,75.1390,0.000021
FILLER_15_168,VSS,Metal1,88.0860,75.1390,0.000020
FILLER_15_161,VSS,Metal1,84.7260,75.1390,0.000019
FILLER_15_154,VSS,Metal1,81.3660,75.1390,0.000018
FILLER_15_147,VSS,Metal1,78.0060,75.1390,0.000017
FILLER_15_140,VSS,Metal1,74.6460,75.1390,0.000016
FILLER_15_133,VSS,Metal1,71.2860,75.1390,0.000015
FILLER_15_126,VSS,Metal1,67.9260,75.1390,0.000014
FILLER_15_119,VSS,Metal1,64.5660,75.1390,0.000013
FILLER_15_112,VSS,Metal1,61.2060,75.1390,0.000012
FILLER_15_105,VSS,Metal1,57.8460,75.1390,0.000011
FILLER_15_98,VSS,Metal1,54.4860,75.1390,0.000010
FILLER_15_91,VSS,Metal1,51.1260,75.1390,0.000009
FILLER_15_84,VSS,Metal1,47.7660,75.1390,0.000008
FILLER_15_77,VSS,Metal1,44.4060,75.1390,0.000007
FILLER_15_70,VSS,Metal1,41.0460,75.1390,0.000006
FILLER_15_63,VSS,Metal1,37.6860,75.1390,0.000005
FILLER_15_56,VSS,Metal1,34.3260,75.1390,0.000004
FILLER_15_49,VSS,Metal1,30.9660,75.1390,0.000003
FILLER_15_42,VSS,Metal1,27.6060,75.1390,0.000002
FILLER_15_35,VSS,Metal1,24.2460,75.1390,0.000001
FILLER_15_28,VSS,Metal1,20.8860,75.1390,0.000001
FILLER_15_21,VSS,Metal1,17.5260,75.1390,0.000001
FILLER_15_14,VSS,Metal1,14.1660,75.1390,0.000001
FILLER_15_7,VSS,Metal1,10.8060,75.1390,0.000001
FILLER_15_0,VSS,Metal1,7.4460,75.1390,0.000001
FILLER_14_475,VSS,Metal1,234.7080,68.4160,0.004160
FILLER_14_468,VSS,Metal1,232.0860,68.5000,0.004160
FILLER_14_461,VSS,Metal1,228.7260,68.5000,0.004015
FILLER_14_454,VSS,Metal1,225.3660,68.5000,0.003990
FILLER_14_447,VSS,Metal1,222.0060,68.5000,0.003965
FILLER_14_440,VSS,Metal1,217.4400,68.0400,0.003480
FILLER_14_436,VSS,Metal1,215.9880,68.4160,0.003480
FILLER_14_429,VSS,Metal1,213.3660,68.5000,0.003480
FILLER_14_422,VSS,Metal1,210.0060,68.5000,0.003480
FILLER_14_416,VSS,Metal1,205.9200,68.0400,0.000791
FILLER_14_399,VSS,Metal1,198.2280,68.4160,0.000761
FILLER_14_394,VSS,Metal1,195.1200,68.0400,0.000761
FILLER_14_390,VSS,Metal1,193.9080,68.4160,0.000761
FILLER_14_385,VSS,Metal1,190.8000,68.0400,0.000761
FILLER_14_374,VSS,Metal1,186.9660,68.5000,0.000322
FILLER_14_367,VSS,Metal1,183.6060,68.5000,0.000154
FILLER_14_360,VSS,Metal1,180.2460,68.5000,0.000150
FILLER_14_353,VSS,Metal1,176.8860,68.5000,0.000146
FILLER_14_346,VSS,Metal1,173.5260,68.5000,0.000146
FILLER_14_333,VSS,Metal1,167.2860,68.5000,0.000171
FILLER_14_326,VSS,Metal1,163.9260,68.5000,0.000179
FILLER_14_319,VSS,Metal1,160.5660,68.5000,0.000186
FILLER_14_312,VSS,Metal1,157.2060,68.5000,0.000194
FILLER_14_305,VSS,Metal1,153.8460,68.5000,0.000201
FILLER_14_295,VSS,Metal1,147.6000,68.0400,0.000227
FILLER_14_288,VSS,Metal1,145.6860,68.5000,0.000227
FILLER_14_281,VSS,Metal1,142.3260,68.5000,0.000234
FILLER_14_274,VSS,Metal1,138.9660,68.5000,0.000237
FILLER_14_245,VSS,Metal1,124.3080,68.4160,0.000220
FILLER_14_238,VSS,Metal1,121.6860,68.5000,0.000098
FILLER_14_231,VSS,Metal1,118.3260,68.5000,0.000085
FILLER_14_224,VSS,Metal1,114.9660,68.5000,0.000071
FILLER_14_217,VSS,Metal1,111.6060,68.5000,0.000058
FILLER_14_210,VSS,Metal1,108.2460,68.5000,0.000045
FILLER_14_203,VSS,Metal1,104.8860,68.5000,0.000032
FILLER_14_196,VSS,Metal1,101.5260,68.5000,0.000018
FILLER_14_189,VSS,Metal1,98.1660,68.5000,0.000018
FILLER_14_182,VSS,Metal1,94.8060,68.5000,0.000017
FILLER_14_175,VSS,Metal1,91.4460,68.5000,0.000016
FILLER_14_168,VSS,Metal1,88.0860,68.5000,0.000015
FILLER_14_161,VSS,Metal1,84.7260,68.5000,0.000015
FILLER_14_154,VSS,Metal1,81.3660,68.5000,0.000014
FILLER_14_147,VSS,Metal1,78.0060,68.5000,0.000013
FILLER_14_140,VSS,Metal1,74.6460,68.5000,0.000012
FILLER_14_133,VSS,Metal1,71.2860,68.5000,0.000012
FILLER_14_126,VSS,Metal1,67.9260,68.5000,0.000011
FILLER_14_119,VSS,Metal1,64.5660,68.5000,0.000010
FILLER_14_112,VSS,Metal1,61.2060,68.5000,0.000009
FILLER_14_105,VSS,Metal1,57.8460,68.5000,0.000009
FILLER_14_98,VSS,Metal1,54.4860,68.5000,0.000008
FILLER_14_91,VSS,Metal1,51.1260,68.5000,0.000007
FILLER_14_84,VSS,Metal1,47.7660,68.5000,0.000006
FILLER_14_77,VSS,Metal1,44.4060,68.5000,0.000006
FILLER_14_70,VSS,Metal1,41.0460,68.5000,0.000005
FILLER_14_63,VSS,Metal1,37.6860,68.5000,0.000004
FILLER_14_56,VSS,Metal1,34.3260,68.5000,0.000003
FILLER_14_49,VSS,Metal1,30.9660,68.5000,0.000003
FILLER_14_42,VSS,Metal1,27.6060,68.5000,0.000002
FILLER_14_35,VSS,Metal1,24.2460,68.5000,0.000001
FILLER_14_28,VSS,Metal1,20.8860,68.5000,0.000001
FILLER_14_21,VSS,Metal1,17.5260,68.5000,0.000001
FILLER_14_14,VSS,Metal1,14.1660,68.5000,0.000001
FILLER_14_7,VSS,Metal1,10.8060,68.5000,0.000001
FILLER_14_0,VSS,Metal1,7.4460,68.5000,0.000001
FILLER_13_461,VSS,Metal1,228.7260,67.5790,0.004015
FILLER_13_454,VSS,Metal1,225.3660,67.5790,0.003990
FILLER_13_447,VSS,Metal1,222.0060,67.5790,0.003965
FILLER_13_419,VSS,Metal1,207.1200,68.0400,0.000799
FILLER_13_375,VSS,Metal1,186.2400,68.0400,0.000322
FILLER_13_371,VSS,Metal1,184.7880,67.6630,0.000154
FILLER_13_364,VSS,Metal1,182.1660,67.5790,0.000150
FILLER_13_357,VSS,Metal1,178.8060,67.5790,0.000146
FILLER_13_350,VSS,Metal1,174.0000,68.0400,0.000146
FILLER_13_346,VSS,Metal1,172.7880,67.6630,0.000146
FILLER_13_339,VSS,Metal1,170.1660,67.5790,0.000164
FILLER_13_327,VSS,Metal1,164.4060,67.5790,0.000178
FILLER_13_320,VSS,Metal1,161.0460,67.5790,0.000186
FILLER_13_313,VSS,Metal1,157.6860,67.5790,0.000193
FILLER_13_306,VSS,Metal1,154.3260,67.5790,0.000201
FILLER_13_301,VSS,Metal1,150.4800,68.0400,0.000224
FILLER_13_288,VSS,Metal1,145.6860,67.5790,0.000227
FILLER_13_280,VSS,Metal1,140.6400,68.0400,0.000235
FILLER_13_273,VSS,Metal1,138.4860,67.5790,0.000237
FILLER_13_266,VSS,Metal1,135.1260,67.5790,0.000253
FILLER_13_259,VSS,Metal1,131.7660,67.5790,0.000253
FILLER_13_252,VSS,Metal1,128.4060,67.5790,0.000228
FILLER_13_245,VSS,Metal1,125.0460,67.5790,0.000220
FILLER_13_238,VSS,Metal1,121.6860,67.5790,0.000098
FILLER_13_231,VSS,Metal1,118.3260,67.5790,0.000085
FILLER_13_224,VSS,Metal1,114.9660,67.5790,0.000071
FILLER_13_217,VSS,Metal1,111.6060,67.5790,0.000058
FILLER_13_210,VSS,Metal1,108.2460,67.5790,0.000045
FILLER_13_203,VSS,Metal1,104.8860,67.5790,0.000032
FILLER_13_196,VSS,Metal1,101.5260,67.5790,0.000018
FILLER_13_189,VSS,Metal1,98.1660,67.5790,0.000018
FILLER_13_182,VSS,Metal1,94.8060,67.5790,0.000017
FILLER_13_175,VSS,Metal1,91.4460,67.5790,0.000016
FILLER_13_168,VSS,Metal1,88.0860,67.5790,0.000015
FILLER_13_161,VSS,Metal1,84.7260,67.5790,0.000015
FILLER_13_154,VSS,Metal1,81.3660,67.5790,0.000014
FILLER_13_147,VSS,Metal1,78.0060,67.5790,0.000013
FILLER_13_140,VSS,Metal1,74.6460,67.5790,0.000012
FILLER_13_133,VSS,Metal1,71.2860,67.5790,0.000012
FILLER_13_126,VSS,Metal1,67.9260,67.5790,0.000011
FILLER_13_119,VSS,Metal1,64.5660,67.5790,0.000010
FILLER_13_112,VSS,Metal1,61.2060,67.5790,0.000009
FILLER_13_105,VSS,Metal1,57.8460,67.5790,0.000009
FILLER_13_98,VSS,Metal1,54.4860,67.5790,0.000008
FILLER_13_91,VSS,Metal1,51.1260,67.5790,0.000007
FILLER_13_84,VSS,Metal1,47.7660,67.5790,0.000006
FILLER_13_77,VSS,Metal1,44.4060,67.5790,0.000006
FILLER_13_70,VSS,Metal1,41.0460,67.5790,0.000005
FILLER_13_63,VSS,Metal1,37.6860,67.5790,0.000004
FILLER_13_56,VSS,Metal1,34.3260,67.5790,0.000003
FILLER_13_49,VSS,Metal1,30.9660,67.5790,0.000003
FILLER_13_42,VSS,Metal1,27.6060,67.5790,0.000002
FILLER_13_35,VSS,Metal1,24.2460,67.5790,0.000001
FILLER_13_28,VSS,Metal1,20.8860,67.5790,0.000001
FILLER_13_21,VSS,Metal1,17.5260,67.5790,0.000001
FILLER_13_14,VSS,Metal1,14.1660,67.5790,0.000001
FILLER_13_7,VSS,Metal1,10.8060,67.5790,0.000001
FILLER_13_0,VSS,Metal1,7.4460,67.5790,0.000001
FILLER_12_500,VSS,Metal1,246.2400,60.4800,0.000361
FILLER_12_496,VSS,Metal1,244.7880,60.8560,0.000361
FILLER_12_489,VSS,Metal1,242.1660,60.9400,0.000361
FILLER_12_443,VSS,Metal1,219.3480,60.8560,0.000268
FILLER_12_436,VSS,Metal1,216.7260,60.9400,0.000263
FILLER_12_429,VSS,Metal1,213.3660,60.9400,0.000257
FILLER_12_424,VSS,Metal1,209.5200,60.4800,0.000246
FILLER_12_408,VSS,Metal1,202.0800,60.4800,0.000217
FILLER_12_379,VSS,Metal1,188.6280,60.8560,0.000208
FILLER_12_372,VSS,Metal1,186.0060,60.9400,0.000128
FILLER_12_365,VSS,Metal1,182.6460,60.9400,0.000072
FILLER_12_351,VSS,Metal1,174.4800,60.4800,0.000140
FILLER_12_291,VSS,Metal1,145.9200,60.4800,0.000235
FILLER_12_284,VSS,Metal1,143.7660,60.9400,0.000235
FILLER_12_273,VSS,Metal1,137.0400,60.4800,0.000235
FILLER_12_271,VSS,Metal1,136.3200,60.4800,0.000230
FILLER_12_264,VSS,Metal1,132.7200,60.4800,0.000230
FILLER_12_253,VSS,Metal1,127.4400,60.4800,0.000175
FILLER_12_246,VSS,Metal1,125.5260,60.9400,0.000175
FILLER_12_240,VSS,Metal1,121.4400,60.4800,0.000175
FILLER_12_203,VSS,Metal1,104.1480,60.8560,0.000144
FILLER_12_196,VSS,Metal1,101.5260,60.9400,0.000019
FILLER_12_189,VSS,Metal1,98.1660,60.9400,0.000018
FILLER_12_182,VSS,Metal1,94.8060,60.9400,0.000017
FILLER_12_175,VSS,Metal1,91.4460,60.9400,0.000017
FILLER_12_168,VSS,Metal1,88.0860,60.9400,0.000016
FILLER_12_161,VSS,Metal1,84.7260,60.9400,0.000015
FILLER_12_154,VSS,Metal1,81.3660,60.9400,0.000014
FILLER_12_147,VSS,Metal1,78.0060,60.9400,0.000014
FILLER_12_140,VSS,Metal1,74.6460,60.9400,0.000013
FILLER_12_133,VSS,Metal1,71.2860,60.9400,0.000012
FILLER_12_126,VSS,Metal1,67.9260,60.9400,0.000011
FILLER_12_119,VSS,Metal1,64.5660,60.9400,0.000010
FILLER_12_112,VSS,Metal1,61.2060,60.9400,0.000010
FILLER_12_105,VSS,Metal1,57.8460,60.9400,0.000009
FILLER_12_98,VSS,Metal1,54.4860,60.9400,0.000008
FILLER_12_91,VSS,Metal1,51.1260,60.9400,0.000007
FILLER_12_84,VSS,Metal1,47.7660,60.9400,0.000007
FILLER_12_77,VSS,Metal1,44.4060,60.9400,0.000006
FILLER_12_70,VSS,Metal1,41.0460,60.9400,0.000005
FILLER_12_63,VSS,Metal1,37.6860,60.9400,0.000004
FILLER_12_56,VSS,Metal1,34.3260,60.9400,0.000003
FILLER_12_49,VSS,Metal1,30.9660,60.9400,0.000003
FILLER_12_42,VSS,Metal1,27.6060,60.9400,0.000002
FILLER_12_35,VSS,Metal1,24.2460,60.9400,0.000001
FILLER_12_28,VSS,Metal1,20.8860,60.9400,0.000001
FILLER_12_21,VSS,Metal1,17.5260,60.9400,0.000001
FILLER_12_14,VSS,Metal1,14.1660,60.9400,0.000001
FILLER_12_7,VSS,Metal1,10.8060,60.9400,0.000001
FILLER_12_0,VSS,Metal1,7.4460,60.9400,0.000001
FILLER_11_505,VSS,Metal1,248.4000,60.4800,0.000361
FILLER_11_503,VSS,Metal1,247.6800,60.4800,0.000361
FILLER_11_496,VSS,Metal1,245.5260,60.0190,0.000361
FILLER_11_489,VSS,Metal1,242.1660,60.0190,0.000361
FILLER_11_481,VSS,Metal1,237.5880,60.1030,0.000361
FILLER_11_474,VSS,Metal1,234.9660,60.0190,0.000361
FILLER_11_461,VSS,Metal1,227.9880,60.1030,0.000361
FILLER_11_447,VSS,Metal1,220.5600,60.4800,0.000269
FILLER_11_443,VSS,Metal1,219.3480,60.1030,0.000268
FILLER_11_436,VSS,Metal1,216.7260,60.0190,0.000263
FILLER_11_429,VSS,Metal1,213.3660,60.0190,0.000257
FILLER_11_422,VSS,Metal1,210.0060,60.0190,0.000246
FILLER_11_415,VSS,Metal1,206.6460,60.0190,0.000233
FILLER_11_406,VSS,Metal1,200.8800,60.4800,0.000216
FILLER_11_402,VSS,Metal1,199.6680,60.1030,0.000216
FILLER_11_391,VSS,Metal1,193.9200,60.4800,0.000216
FILLER_11_345,VSS,Metal1,171.6000,60.4800,0.000177
FILLER_11_343,VSS,Metal1,170.8800,60.4800,0.000178
FILLER_11_337,VSS,Metal1,168.0000,60.4800,0.000178
FILLER_11_330,VSS,Metal1,165.8460,60.0190,0.000178
FILLER_11_325,VSS,Metal1,162.0000,60.4800,0.000198
FILLER_11_318,VSS,Metal1,160.0860,60.0190,0.000209
FILLER_11_311,VSS,Metal1,156.7260,60.0190,0.000229
FILLER_11_304,VSS,Metal1,153.3660,60.0190,0.000229
FILLER_11_297,VSS,Metal1,150.0060,60.0190,0.000230
FILLER_11_263,VSS,Metal1,133.6860,60.0190,0.000230
FILLER_11_235,VSS,Metal1,118.8000,60.4800,0.000166
FILLER_11_233,VSS,Metal1,118.0800,60.4800,0.000148
FILLER_11_227,VSS,Metal1,115.2000,60.4800,0.000144
FILLER_11_223,VSS,Metal1,113.7480,60.1030,0.000144
FILLER_11_216,VSS,Metal1,111.1260,60.0190,0.000144
FILLER_11_210,VSS,Metal1,107.0400,60.4800,0.000144
FILLER_11_203,VSS,Metal1,104.8860,60.0190,0.000144
FILLER_11_196,VSS,Metal1,101.5260,60.0190,0.000019
FILLER_11_189,VSS,Metal1,98.1660,60.0190,0.000018
FILLER_11_182,VSS,Metal1,94.8060,60.0190,0.000017
FILLER_11_175,VSS,Metal1,91.4460,60.0190,0.000017
FILLER_11_168,VSS,Metal1,88.0860,60.0190,0.000016
FILLER_11_161,VSS,Metal1,84.7260,60.0190,0.000015
FILLER_11_154,VSS,Metal1,81.3660,60.0190,0.000014
FILLER_11_147,VSS,Metal1,78.0060,60.0190,0.000014
FILLER_11_140,VSS,Metal1,74.6460,60.0190,0.000013
FILLER_11_133,VSS,Metal1,71.2860,60.0190,0.000012
FILLER_11_126,VSS,Metal1,67.9260,60.0190,0.000011
FILLER_11_119,VSS,Metal1,64.5660,60.0190,0.000010
FILLER_11_112,VSS,Metal1,61.2060,60.0190,0.000010
FILLER_11_105,VSS,Metal1,57.8460,60.0190,0.000009
FILLER_11_98,VSS,Metal1,54.4860,60.0190,0.000008
FILLER_11_91,VSS,Metal1,51.1260,60.0190,0.000007
FILLER_11_84,VSS,Metal1,47.7660,60.0190,0.000007
FILLER_11_77,VSS,Metal1,44.4060,60.0190,0.000006
FILLER_11_70,VSS,Metal1,41.0460,60.0190,0.000005
FILLER_11_63,VSS,Metal1,37.6860,60.0190,0.000004
FILLER_11_56,VSS,Metal1,34.3260,60.0190,0.000003
FILLER_11_49,VSS,Metal1,30.9660,60.0190,0.000003
FILLER_11_42,VSS,Metal1,27.6060,60.0190,0.000002
FILLER_11_35,VSS,Metal1,24.2460,60.0190,0.000001
FILLER_11_28,VSS,Metal1,20.8860,60.0190,0.000001
FILLER_11_21,VSS,Metal1,17.5260,60.0190,0.000001
FILLER_11_14,VSS,Metal1,14.1660,60.0190,0.000001
FILLER_11_7,VSS,Metal1,10.8060,60.0190,0.000001
FILLER_11_0,VSS,Metal1,7.4460,60.0190,0.000001
FILLER_10_459,VSS,Metal1,226.3200,52.9200,0.000496
FILLER_10_457,VSS,Metal1,225.6000,52.9200,0.000495
FILLER_10_447,VSS,Metal1,220.5600,52.9200,0.000373
FILLER_10_443,VSS,Metal1,219.3480,53.2960,0.000364
FILLER_10_436,VSS,Metal1,216.7260,53.3800,0.000324
FILLER_10_402,VSS,Metal1,199.2000,52.9200,0.000189
FILLER_10_398,VSS,Metal1,197.7480,53.2960,0.000137
FILLER_10_391,VSS,Metal1,195.1260,53.3800,0.000137
FILLER_10_384,VSS,Metal1,191.7660,53.3800,0.000137
FILLER_10_377,VSS,Metal1,188.4060,53.3800,0.000137
FILLER_10_372,VSS,Metal1,184.5600,52.9200,0.000107
FILLER_10_368,VSS,Metal1,183.3480,53.2960,0.000107
FILLER_10_347,VSS,Metal1,173.2680,53.2960,0.000117
FILLER_10_340,VSS,Metal1,170.6460,53.3800,0.000118
FILLER_10_335,VSS,Metal1,166.8000,52.9200,0.000127
FILLER_10_328,VSS,Metal1,164.8860,53.3800,0.000127
FILLER_10_321,VSS,Metal1,161.5260,53.3800,0.000154
FILLER_10_314,VSS,Metal1,158.1660,53.3800,0.000166
FILLER_10_307,VSS,Metal1,154.8060,53.3800,0.000166
FILLER_10_300,VSS,Metal1,151.4460,53.3800,0.000171
FILLER_10_293,VSS,Metal1,148.0860,53.3800,0.000188
FILLER_10_286,VSS,Metal1,144.7260,53.3800,0.000204
FILLER_10_279,VSS,Metal1,141.3660,53.3800,0.000220
FILLER_10_274,VSS,Metal1,137.5200,52.9200,0.000236
FILLER_10_245,VSS,Metal1,124.3080,53.2960,0.000292
FILLER_10_238,VSS,Metal1,121.6860,53.3800,0.000130
FILLER_10_231,VSS,Metal1,118.3260,53.3800,0.000112
FILLER_10_224,VSS,Metal1,114.9660,53.3800,0.000095
FILLER_10_217,VSS,Metal1,111.6060,53.3800,0.000077
FILLER_10_210,VSS,Metal1,108.2460,53.3800,0.000059
FILLER_10_203,VSS,Metal1,104.8860,53.3800,0.000042
FILLER_10_196,VSS,Metal1,101.5260,53.3800,0.000024
FILLER_10_189,VSS,Metal1,98.1660,53.3800,0.000023
FILLER_10_182,VSS,Metal1,94.8060,53.3800,0.000022
FILLER_10_175,VSS,Metal1,91.4460,53.3800,0.000021
FILLER_10_168,VSS,Metal1,88.0860,53.3800,0.000020
FILLER_10_161,VSS,Metal1,84.7260,53.3800,0.000019
FILLER_10_154,VSS,Metal1,81.3660,53.3800,0.000018
FILLER_10_147,VSS,Metal1,78.0060,53.3800,0.000017
FILLER_10_140,VSS,Metal1,74.6460,53.3800,0.000016
FILLER_10_133,VSS,Metal1,71.2860,53.3800,0.000015
FILLER_10_126,VSS,Metal1,67.9260,53.3800,0.000014
FILLER_10_119,VSS,Metal1,64.5660,53.3800,0.000013
FILLER_10_112,VSS,Metal1,61.2060,53.3800,0.000012
FILLER_10_105,VSS,Metal1,57.8460,53.3800,0.000011
FILLER_10_98,VSS,Metal1,54.4860,53.3800,0.000010
FILLER_10_91,VSS,Metal1,51.1260,53.3800,0.000009
FILLER_10_84,VSS,Metal1,47.7660,53.3800,0.000008
FILLER_10_77,VSS,Metal1,44.4060,53.3800,0.000007
FILLER_10_70,VSS,Metal1,41.0460,53.3800,0.000006
FILLER_10_63,VSS,Metal1,37.6860,53.3800,0.000005
FILLER_10_56,VSS,Metal1,34.3260,53.3800,0.000004
FILLER_10_49,VSS,Metal1,30.9660,53.3800,0.000003
FILLER_10_42,VSS,Metal1,27.6060,53.3800,0.000002
FILLER_10_35,VSS,Metal1,24.2460,53.3800,0.000001
FILLER_10_28,VSS,Metal1,20.8860,53.3800,0.000001
FILLER_10_21,VSS,Metal1,17.5260,53.3800,0.000001
FILLER_10_14,VSS,Metal1,14.1660,53.3800,0.000001
FILLER_10_7,VSS,Metal1,10.8060,53.3800,0.000001
FILLER_10_0,VSS,Metal1,7.4460,53.3800,0.000001
FILLER_9_504,VSS,Metal1,248.1600,52.9200,0.000552
FILLER_9_500,VSS,Metal1,246.7080,52.5430,0.000552
FILLER_9_493,VSS,Metal1,244.0860,52.4590,0.000552
FILLER_9_486,VSS,Metal1,240.7260,52.4590,0.000552
FILLER_9_479,VSS,Metal1,236.1600,52.9200,0.000534
FILLER_9_472,VSS,Metal1,234.0060,52.4590,0.000527
FILLER_9_462,VSS,Metal1,227.7600,52.9200,0.000520
FILLER_9_460,VSS,Metal1,227.0400,52.9200,0.000496
FILLER_9_436,VSS,Metal1,215.5200,52.9200,0.000324
FILLER_9_432,VSS,Metal1,214.0680,52.5430,0.000318
FILLER_9_425,VSS,Metal1,211.4460,52.4590,0.000318
FILLER_9_418,VSS,Metal1,206.8800,52.9200,0.000318
FILLER_9_412,VSS,Metal1,204.0000,52.9200,0.000318
FILLER_9_408,VSS,Metal1,202.5480,52.5430,0.000318
FILLER_9_401,VSS,Metal1,199.9260,52.4590,0.000189
FILLER_9_368,VSS,Metal1,182.6400,52.9200,0.000107
FILLER_9_364,VSS,Metal1,181.4280,52.5430,0.000091
FILLER_9_344,VSS,Metal1,172.5660,52.4590,0.000118
FILLER_9_337,VSS,Metal1,169.2060,52.4590,0.000118
FILLER_9_332,VSS,Metal1,165.3600,52.9200,0.000127
FILLER_9_328,VSS,Metal1,164.1480,52.5430,0.000127
FILLER_9_322,VSS,Metal1,160.5600,52.9200,0.000154
FILLER_9_318,VSS,Metal1,159.3480,52.5430,0.000166
FILLER_9_311,VSS,Metal1,156.7260,52.4590,0.000166
FILLER_9_305,VSS,Metal1,152.6400,52.9200,0.000171
FILLER_9_301,VSS,Metal1,151.1880,52.5430,0.000171
FILLER_9_294,VSS,Metal1,148.5660,52.4590,0.000187
FILLER_9_287,VSS,Metal1,145.2060,52.4590,0.000204
FILLER_9_280,VSS,Metal1,141.8460,52.4590,0.000220
FILLER_9_273,VSS,Metal1,138.4860,52.4590,0.000236
FILLER_9_266,VSS,Metal1,135.1260,52.4590,0.000298
FILLER_9_259,VSS,Metal1,131.7660,52.4590,0.000298
FILLER_9_252,VSS,Metal1,128.4060,52.4590,0.000298
FILLER_9_245,VSS,Metal1,125.0460,52.4590,0.000292
FILLER_9_238,VSS,Metal1,121.6860,52.4590,0.000130
FILLER_9_231,VSS,Metal1,118.3260,52.4590,0.000112
FILLER_9_224,VSS,Metal1,114.9660,52.4590,0.000095
FILLER_9_217,VSS,Metal1,111.6060,52.4590,0.000077
FILLER_9_210,VSS,Metal1,108.2460,52.4590,0.000059
FILLER_9_203,VSS,Metal1,104.8860,52.4590,0.000042
FILLER_9_196,VSS,Metal1,101.5260,52.4590,0.000024
FILLER_9_189,VSS,Metal1,98.1660,52.4590,0.000023
FILLER_9_182,VSS,Metal1,94.8060,52.4590,0.000022
FILLER_9_175,VSS,Metal1,91.4460,52.4590,0.000021
FILLER_9_168,VSS,Metal1,88.0860,52.4590,0.000020
FILLER_9_161,VSS,Metal1,84.7260,52.4590,0.000019
FILLER_9_154,VSS,Metal1,81.3660,52.4590,0.000018
FILLER_9_147,VSS,Metal1,78.0060,52.4590,0.000017
FILLER_9_140,VSS,Metal1,74.6460,52.4590,0.000016
FILLER_9_133,VSS,Metal1,71.2860,52.4590,0.000015
FILLER_9_126,VSS,Metal1,67.9260,52.4590,0.000014
FILLER_9_119,VSS,Metal1,64.5660,52.4590,0.000013
FILLER_9_112,VSS,Metal1,61.2060,52.4590,0.000012
FILLER_9_105,VSS,Metal1,57.8460,52.4590,0.000011
FILLER_9_98,VSS,Metal1,54.4860,52.4590,0.000010
FILLER_9_91,VSS,Metal1,51.1260,52.4590,0.000009
FILLER_9_84,VSS,Metal1,47.7660,52.4590,0.000008
FILLER_9_77,VSS,Metal1,44.4060,52.4590,0.000007
FILLER_9_70,VSS,Metal1,41.0460,52.4590,0.000006
FILLER_9_63,VSS,Metal1,37.6860,52.4590,0.000005
FILLER_9_56,VSS,Metal1,34.3260,52.4590,0.000004
FILLER_9_49,VSS,Metal1,30.9660,52.4590,0.000003
FILLER_9_42,VSS,Metal1,27.6060,52.4590,0.000002
FILLER_9_35,VSS,Metal1,24.2460,52.4590,0.000001
FILLER_9_28,VSS,Metal1,20.8860,52.4590,0.000001
FILLER_9_21,VSS,Metal1,17.5260,52.4590,0.000001
FILLER_9_14,VSS,Metal1,14.1660,52.4590,0.000001
FILLER_9_7,VSS,Metal1,10.8060,52.4590,0.000001
FILLER_9_0,VSS,Metal1,7.4460,52.4590,0.000001
FILLER_8_501,VSS,Metal1,246.4800,45.3600,0.000502
FILLER_8_497,VSS,Metal1,245.2680,45.7360,0.000502
FILLER_8_490,VSS,Metal1,242.6460,45.8200,0.000502
FILLER_8_483,VSS,Metal1,239.2860,45.8200,0.000502
FILLER_8_476,VSS,Metal1,235.9260,45.8200,0.000502
FILLER_8_447,VSS,Metal1,220.8000,45.3600,0.000469
FILLER_8_440,VSS,Metal1,218.6460,45.8200,0.000469
FILLER_8_433,VSS,Metal1,215.2860,45.8200,0.000469
FILLER_8_426,VSS,Metal1,211.9260,45.8200,0.000469
FILLER_8_419,VSS,Metal1,208.5660,45.8200,0.000467
FILLER_8_412,VSS,Metal1,205.2060,45.8200,0.000431
FILLER_8_405,VSS,Metal1,201.8460,45.8200,0.000396
FILLER_8_398,VSS,Metal1,198.4860,45.8200,0.000261
FILLER_8_392,VSS,Metal1,194.4000,45.3600,0.000261
FILLER_8_388,VSS,Metal1,192.9480,45.7360,0.000261
FILLER_8_377,VSS,Metal1,187.2000,45.3600,0.000209
FILLER_8_370,VSS,Metal1,185.0460,45.8200,0.000095
FILLER_8_363,VSS,Metal1,181.6860,45.8200,0.000095
FILLER_8_356,VSS,Metal1,178.3260,45.8200,0.000063
FILLER_8_349,VSS,Metal1,174.9660,45.8200,0.000061
FILLER_8_341,VSS,Metal1,170.3880,45.7360,0.000064
FILLER_8_334,VSS,Metal1,167.7660,45.8200,0.000067
FILLER_8_301,VSS,Metal1,150.4800,45.3600,0.000069
FILLER_8_294,VSS,Metal1,148.5660,45.8200,0.000064
FILLER_8_287,VSS,Metal1,145.2060,45.8200,0.000060
FILLER_8_280,VSS,Metal1,141.8460,45.8200,0.000056
FILLER_8_273,VSS,Metal1,138.4860,45.8200,0.000052
FILLER_8_266,VSS,Metal1,135.1260,45.8200,0.000048
FILLER_8_259,VSS,Metal1,131.7660,45.8200,0.000043
FILLER_8_252,VSS,Metal1,128.4060,45.8200,0.000039
FILLER_8_245,VSS,Metal1,125.0460,45.8200,0.000035
FILLER_8_238,VSS,Metal1,121.6860,45.8200,0.000031
FILLER_8_231,VSS,Metal1,118.3260,45.8200,0.000027
FILLER_8_224,VSS,Metal1,114.9660,45.8200,0.000023
FILLER_8_217,VSS,Metal1,111.6060,45.8200,0.000018
FILLER_8_210,VSS,Metal1,108.2460,45.8200,0.000014
FILLER_8_203,VSS,Metal1,104.8860,45.8200,0.000010
FILLER_8_196,VSS,Metal1,101.5260,45.8200,0.000006
FILLER_8_189,VSS,Metal1,98.1660,45.8200,0.000006
FILLER_8_182,VSS,Metal1,94.8060,45.8200,0.000005
FILLER_8_175,VSS,Metal1,91.4460,45.8200,0.000005
FILLER_8_168,VSS,Metal1,88.0860,45.8200,0.000005
FILLER_8_161,VSS,Metal1,84.7260,45.8200,0.000005
FILLER_8_154,VSS,Metal1,81.3660,45.8200,0.000004
FILLER_8_147,VSS,Metal1,78.0060,45.8200,0.000004
FILLER_8_140,VSS,Metal1,74.6460,45.8200,0.000004
FILLER_8_133,VSS,Metal1,71.2860,45.8200,0.000004
FILLER_8_126,VSS,Metal1,67.9260,45.8200,0.000004
FILLER_8_119,VSS,Metal1,64.5660,45.8200,0.000003
FILLER_8_112,VSS,Metal1,61.2060,45.8200,0.000003
FILLER_8_105,VSS,Metal1,57.8460,45.8200,0.000003
FILLER_8_98,VSS,Metal1,54.4860,45.8200,0.000003
FILLER_8_91,VSS,Metal1,51.1260,45.8200,0.000002
FILLER_8_84,VSS,Metal1,47.7660,45.8200,0.000002
FILLER_8_77,VSS,Metal1,44.4060,45.8200,0.000002
FILLER_8_70,VSS,Metal1,41.0460,45.8200,0.000002
FILLER_8_63,VSS,Metal1,37.6860,45.8200,0.000001
FILLER_8_56,VSS,Metal1,34.3260,45.8200,0.000001
FILLER_8_49,VSS,Metal1,30.9660,45.8200,0.000001
FILLER_8_42,VSS,Metal1,27.6060,45.8200,0.000001
FILLER_8_35,VSS,Metal1,24.2460,45.8200,0.000000
FILLER_8_28,VSS,Metal1,20.8860,45.8200,0.000000
FILLER_8_21,VSS,Metal1,17.5260,45.8200,0.000000
FILLER_8_14,VSS,Metal1,14.1660,45.8200,0.000000
FILLER_8_7,VSS,Metal1,10.8060,45.8200,0.000000
FILLER_8_0,VSS,Metal1,7.4460,45.8200,0.000000
FILLER_7_499,VSS,Metal1,246.9660,44.8990,0.000502
FILLER_7_492,VSS,Metal1,243.6060,44.8990,0.000502
FILLER_7_477,VSS,Metal1,234.9600,45.3600,0.000502
FILLER_7_473,VSS,Metal1,233.7480,44.9830,0.000502
FILLER_7_466,VSS,Metal1,231.1260,44.8990,0.000502
FILLER_7_459,VSS,Metal1,227.7660,44.8990,0.000502
FILLER_7_452,VSS,Metal1,224.4060,44.8990,0.000502
FILLER_7_445,VSS,Metal1,221.0460,44.8990,0.000469
FILLER_7_438,VSS,Metal1,217.6860,44.8990,0.000469
FILLER_7_431,VSS,Metal1,214.3260,44.8990,0.000469
FILLER_7_420,VSS,Metal1,207.8400,45.3600,0.000467
FILLER_7_413,VSS,Metal1,205.6860,44.8990,0.000432
FILLER_7_406,VSS,Metal1,202.3260,44.8990,0.000396
FILLER_7_380,VSS,Metal1,188.4000,45.3600,0.000216
FILLER_7_376,VSS,Metal1,187.1880,44.9830,0.000209
FILLER_7_336,VSS,Metal1,167.9880,44.9830,0.000067
FILLER_7_329,VSS,Metal1,165.3660,44.8990,0.000067
FILLER_7_322,VSS,Metal1,162.0060,44.8990,0.000075
FILLER_7_315,VSS,Metal1,158.6460,44.8990,0.000075
FILLER_7_308,VSS,Metal1,155.2860,44.8990,0.000075
FILLER_7_301,VSS,Metal1,151.9260,44.8990,0.000069
FILLER_7_294,VSS,Metal1,148.5660,44.8990,0.000064
FILLER_7_287,VSS,Metal1,145.2060,44.8990,0.000060
FILLER_7_280,VSS,Metal1,141.8460,44.8990,0.000056
FILLER_7_273,VSS,Metal1,138.4860,44.8990,0.000052
FILLER_7_266,VSS,Metal1,135.1260,44.8990,0.000048
FILLER_7_259,VSS,Metal1,131.7660,44.8990,0.000043
FILLER_7_252,VSS,Metal1,128.4060,44.8990,0.000039
FILLER_7_245,VSS,Metal1,125.0460,44.8990,0.000035
FILLER_7_238,VSS,Metal1,121.6860,44.8990,0.000031
FILLER_7_231,VSS,Metal1,118.3260,44.8990,0.000027
FILLER_7_224,VSS,Metal1,114.9660,44.8990,0.000023
FILLER_7_217,VSS,Metal1,111.6060,44.8990,0.000018
FILLER_7_210,VSS,Metal1,108.2460,44.8990,0.000014
FILLER_7_203,VSS,Metal1,104.8860,44.8990,0.000010
FILLER_7_196,VSS,Metal1,101.5260,44.8990,0.000006
FILLER_7_189,VSS,Metal1,98.1660,44.8990,0.000006
FILLER_7_182,VSS,Metal1,94.8060,44.8990,0.000005
FILLER_7_175,VSS,Metal1,91.4460,44.8990,0.000005
FILLER_7_168,VSS,Metal1,88.0860,44.8990,0.000005
FILLER_7_161,VSS,Metal1,84.7260,44.8990,0.000005
FILLER_7_154,VSS,Metal1,81.3660,44.8990,0.000004
FILLER_7_147,VSS,Metal1,78.0060,44.8990,0.000004
FILLER_7_140,VSS,Metal1,74.6460,44.8990,0.000004
FILLER_7_133,VSS,Metal1,71.2860,44.8990,0.000004
FILLER_7_126,VSS,Metal1,67.9260,44.8990,0.000004
FILLER_7_119,VSS,Metal1,64.5660,44.8990,0.000003
FILLER_7_112,VSS,Metal1,61.2060,44.8990,0.000003
FILLER_7_105,VSS,Metal1,57.8460,44.8990,0.000003
FILLER_7_98,VSS,Metal1,54.4860,44.8990,0.000003
FILLER_7_91,VSS,Metal1,51.1260,44.8990,0.000002
FILLER_7_84,VSS,Metal1,47.7660,44.8990,0.000002
FILLER_7_77,VSS,Metal1,44.4060,44.8990,0.000002
FILLER_7_70,VSS,Metal1,41.0460,44.8990,0.000002
FILLER_7_63,VSS,Metal1,37.6860,44.8990,0.000001
FILLER_7_56,VSS,Metal1,34.3260,44.8990,0.000001
FILLER_7_49,VSS,Metal1,30.9660,44.8990,0.000001
FILLER_7_42,VSS,Metal1,27.6060,44.8990,0.000001
FILLER_7_35,VSS,Metal1,24.2460,44.8990,0.000000
FILLER_7_28,VSS,Metal1,20.8860,44.8990,0.000000
FILLER_7_21,VSS,Metal1,17.5260,44.8990,0.000000
FILLER_7_14,VSS,Metal1,14.1660,44.8990,0.000000
FILLER_7_7,VSS,Metal1,10.8060,44.8990,0.000000
FILLER_7_0,VSS,Metal1,7.4460,44.8990,0.000000
FILLER_6_473,VSS,Metal1,233.0400,37.8000,0.000640
FILLER_6_471,VSS,Metal1,232.3200,37.8000,0.000640
FILLER_6_464,VSS,Metal1,230.1660,38.2600,0.000640
FILLER_6_453,VSS,Metal1,223.6800,37.8000,0.000619
FILLER_6_449,VSS,Metal1,222.2280,38.1760,0.000618
FILLER_6_442,VSS,Metal1,219.6060,38.2600,0.000526
FILLER_6_435,VSS,Metal1,216.2460,38.2600,0.000526
FILLER_6_388,VSS,Metal1,192.4800,37.8000,0.000379
FILLER_6_384,VSS,Metal1,191.0280,38.1760,0.000377
FILLER_6_380,VSS,Metal1,188.4000,37.8000,0.000377
FILLER_6_378,VSS,Metal1,187.6800,37.8000,0.000377
FILLER_6_371,VSS,Metal1,185.5260,38.2600,0.000377
FILLER_6_364,VSS,Metal1,182.1660,38.2600,0.000210
FILLER_6_357,VSS,Metal1,178.8060,38.2600,0.000177
FILLER_6_351,VSS,Metal1,174.4800,37.8000,0.000047
FILLER_6_336,VSS,Metal1,167.2800,37.8000,0.000084
FILLER_6_329,VSS,Metal1,165.3660,38.2600,0.000084
FILLER_6_322,VSS,Metal1,162.0060,38.2600,0.000085
FILLER_6_315,VSS,Metal1,158.6460,38.2600,0.000108
FILLER_6_308,VSS,Metal1,155.2860,38.2600,0.000108
FILLER_6_299,VSS,Metal1,149.5200,37.8000,0.000108
FILLER_6_292,VSS,Metal1,147.6060,38.2600,0.000091
FILLER_6_285,VSS,Metal1,144.2460,38.2600,0.000087
FILLER_6_278,VSS,Metal1,140.8860,38.2600,0.000087
FILLER_6_271,VSS,Metal1,137.5260,38.2600,0.000084
FILLER_6_264,VSS,Metal1,134.1660,38.2600,0.000083
FILLER_6_259,VSS,Metal1,130.3200,37.8000,0.000083
FILLER_6_252,VSS,Metal1,128.4060,38.2600,0.000083
FILLER_6_245,VSS,Metal1,125.0460,38.2600,0.000074
FILLER_6_238,VSS,Metal1,121.6860,38.2600,0.000065
FILLER_6_231,VSS,Metal1,118.3260,38.2600,0.000056
FILLER_6_224,VSS,Metal1,114.9660,38.2600,0.000048
FILLER_6_217,VSS,Metal1,111.6060,38.2600,0.000039
FILLER_6_210,VSS,Metal1,108.2460,38.2600,0.000030
FILLER_6_203,VSS,Metal1,104.8860,38.2600,0.000021
FILLER_6_196,VSS,Metal1,101.5260,38.2600,0.000012
FILLER_6_189,VSS,Metal1,98.1660,38.2600,0.000012
FILLER_6_182,VSS,Metal1,94.8060,38.2600,0.000011
FILLER_6_175,VSS,Metal1,91.4460,38.2600,0.000011
FILLER_6_168,VSS,Metal1,88.0860,38.2600,0.000010
FILLER_6_161,VSS,Metal1,84.7260,38.2600,0.000010
FILLER_6_154,VSS,Metal1,81.3660,38.2600,0.000009
FILLER_6_147,VSS,Metal1,78.0060,38.2600,0.000009
FILLER_6_140,VSS,Metal1,74.6460,38.2600,0.000008
FILLER_6_133,VSS,Metal1,71.2860,38.2600,0.000008
FILLER_6_126,VSS,Metal1,67.9260,38.2600,0.000007
FILLER_6_119,VSS,Metal1,64.5660,38.2600,0.000007
FILLER_6_112,VSS,Metal1,61.2060,38.2600,0.000006
FILLER_6_105,VSS,Metal1,57.8460,38.2600,0.000006
FILLER_6_98,VSS,Metal1,54.4860,38.2600,0.000005
FILLER_6_91,VSS,Metal1,51.1260,38.2600,0.000005
FILLER_6_84,VSS,Metal1,47.7660,38.2600,0.000004
FILLER_6_77,VSS,Metal1,44.4060,38.2600,0.000004
FILLER_6_70,VSS,Metal1,41.0460,38.2600,0.000003
FILLER_6_63,VSS,Metal1,37.6860,38.2600,0.000003
FILLER_6_56,VSS,Metal1,34.3260,38.2600,0.000002
FILLER_6_49,VSS,Metal1,30.9660,38.2600,0.000002
FILLER_6_42,VSS,Metal1,27.6060,38.2600,0.000001
FILLER_6_35,VSS,Metal1,24.2460,38.2600,0.000001
FILLER_6_28,VSS,Metal1,20.8860,38.2600,0.000001
FILLER_6_21,VSS,Metal1,17.5260,38.2600,0.000001
FILLER_6_14,VSS,Metal1,14.1660,38.2600,0.000001
FILLER_6_7,VSS,Metal1,10.8060,38.2600,0.000001
FILLER_6_0,VSS,Metal1,7.4460,38.2600,0.000001
FILLER_5_505,VSS,Metal1,248.4000,37.8000,0.000640
FILLER_5_498,VSS,Metal1,246.4860,37.3390,0.000640
FILLER_5_491,VSS,Metal1,243.1260,37.3390,0.000640
FILLER_5_484,VSS,Metal1,239.7660,37.3390,0.000640
FILLER_5_456,VSS,Metal1,224.8800,37.8000,0.000621
FILLER_5_450,VSS,Metal1,222.0000,37.8000,0.000618
FILLER_5_410,VSS,Metal1,203.5080,37.4230,0.000486
FILLER_5_404,VSS,Metal1,199.9200,37.8000,0.000486
FILLER_5_399,VSS,Metal1,197.5200,37.8000,0.000481
FILLER_5_395,VSS,Metal1,196.3080,37.4230,0.000480
FILLER_5_354,VSS,Metal1,176.6280,37.4230,0.000045
FILLER_5_339,VSS,Metal1,168.9600,37.8000,0.000084
FILLER_5_330,VSS,Metal1,165.1080,37.4230,0.000084
FILLER_5_323,VSS,Metal1,161.2800,37.8000,0.000085
FILLER_5_289,VSS,Metal1,144.9600,37.8000,0.000087
FILLER_5_282,VSS,Metal1,142.8060,37.3390,0.000087
FILLER_5_254,VSS,Metal1,127.9200,37.8000,0.000083
FILLER_5_252,VSS,Metal1,127.2000,37.8000,0.000083
FILLER_5_245,VSS,Metal1,125.0460,37.3390,0.000074
FILLER_5_238,VSS,Metal1,121.6860,37.3390,0.000065
FILLER_5_231,VSS,Metal1,118.3260,37.3390,0.000056
FILLER_5_224,VSS,Metal1,114.9660,37.3390,0.000048
FILLER_5_217,VSS,Metal1,111.6060,37.3390,0.000039
FILLER_5_210,VSS,Metal1,108.2460,37.3390,0.000030
FILLER_5_203,VSS,Metal1,104.8860,37.3390,0.000021
FILLER_5_196,VSS,Metal1,101.5260,37.3390,0.000012
FILLER_5_189,VSS,Metal1,98.1660,37.3390,0.000012
FILLER_5_182,VSS,Metal1,94.8060,37.3390,0.000011
FILLER_5_175,VSS,Metal1,91.4460,37.3390,0.000011
FILLER_5_168,VSS,Metal1,88.0860,37.3390,0.000010
FILLER_5_161,VSS,Metal1,84.7260,37.3390,0.000010
FILLER_5_154,VSS,Metal1,81.3660,37.3390,0.000009
FILLER_5_147,VSS,Metal1,78.0060,37.3390,0.000009
FILLER_5_140,VSS,Metal1,74.6460,37.3390,0.000008
FILLER_5_133,VSS,Metal1,71.2860,37.3390,0.000008
FILLER_5_126,VSS,Metal1,67.9260,37.3390,0.000007
FILLER_5_119,VSS,Metal1,64.5660,37.3390,0.000007
FILLER_5_112,VSS,Metal1,61.2060,37.3390,0.000006
FILLER_5_105,VSS,Metal1,57.8460,37.3390,0.000006
FILLER_5_98,VSS,Metal1,54.4860,37.3390,0.000005
FILLER_5_91,VSS,Metal1,51.1260,37.3390,0.000005
FILLER_5_84,VSS,Metal1,47.7660,37.3390,0.000004
FILLER_5_77,VSS,Metal1,44.4060,37.3390,0.000004
FILLER_5_70,VSS,Metal1,41.0460,37.3390,0.000003
FILLER_5_63,VSS,Metal1,37.6860,37.3390,0.000003
FILLER_5_56,VSS,Metal1,34.3260,37.3390,0.000002
FILLER_5_49,VSS,Metal1,30.9660,37.3390,0.000002
FILLER_5_42,VSS,Metal1,27.6060,37.3390,0.000001
FILLER_5_35,VSS,Metal1,24.2460,37.3390,0.000001
FILLER_5_28,VSS,Metal1,20.8860,37.3390,0.000001
FILLER_5_21,VSS,Metal1,17.5260,37.3390,0.000001
FILLER_5_14,VSS,Metal1,14.1660,37.3390,0.000001
FILLER_5_7,VSS,Metal1,10.8060,37.3390,0.000001
FILLER_5_0,VSS,Metal1,7.4460,37.3390,0.000001
FILLER_4_505,VSS,Metal1,248.4000,30.2400,0.000035
FILLER_4_501,VSS,Metal1,247.1880,30.6160,0.000035
FILLER_4_494,VSS,Metal1,244.5660,30.7000,0.000035
FILLER_4_487,VSS,Metal1,241.2060,30.7000,0.000035
FILLER_4_480,VSS,Metal1,237.8460,30.7000,0.000035
FILLER_4_470,VSS,Metal1,231.6000,30.2400,0.000035
FILLER_4_466,VSS,Metal1,230.3880,30.6160,0.000035
FILLER_4_461,VSS,Metal1,227.2800,30.2400,0.000035
FILLER_4_459,VSS,Metal1,226.5600,30.2400,0.000035
FILLER_4_452,VSS,Metal1,223.2000,30.2400,0.000035
FILLER_4_442,VSS,Metal1,218.1600,30.2400,0.000035
FILLER_4_438,VSS,Metal1,216.9480,30.6160,0.000035
FILLER_4_426,VSS,Metal1,211.9260,30.7000,0.000035
FILLER_4_419,VSS,Metal1,208.5660,30.7000,0.000035
FILLER_4_412,VSS,Metal1,205.2060,30.7000,0.000035
FILLER_4_405,VSS,Metal1,201.8460,30.7000,0.000035
FILLER_4_398,VSS,Metal1,198.4860,30.7000,0.000035
FILLER_4_391,VSS,Metal1,195.1260,30.7000,0.000035
FILLER_4_384,VSS,Metal1,191.7660,30.7000,0.000035
FILLER_4_377,VSS,Metal1,188.4060,30.7000,0.000035
FILLER_4_371,VSS,Metal1,184.3200,30.2400,0.000035
FILLER_4_362,VSS,Metal1,180.4680,30.6160,0.000035
FILLER_4_333,VSS,Metal1,166.5480,30.6160,0.000035
FILLER_4_326,VSS,Metal1,163.9260,30.7000,0.000035
FILLER_4_320,VSS,Metal1,159.8400,30.2400,0.000023
FILLER_4_304,VSS,Metal1,153.3660,30.7000,0.000023
FILLER_4_298,VSS,Metal1,149.0400,30.2400,0.000023
FILLER_4_296,VSS,Metal1,148.3200,30.2400,0.000023
FILLER_4_289,VSS,Metal1,146.1660,30.7000,0.000023
FILLER_4_282,VSS,Metal1,142.8060,30.7000,0.000023
FILLER_4_270,VSS,Metal1,135.8400,30.2400,0.000019
FILLER_4_263,VSS,Metal1,133.6860,30.7000,0.000019
FILLER_4_256,VSS,Metal1,129.1200,30.2400,0.000016
FILLER_4_252,VSS,Metal1,127.6680,30.6160,0.000016
FILLER_4_245,VSS,Metal1,125.0460,30.7000,0.000008
FILLER_4_238,VSS,Metal1,121.6860,30.7000,0.000007
FILLER_4_231,VSS,Metal1,118.3260,30.7000,0.000006
FILLER_4_224,VSS,Metal1,114.9660,30.7000,0.000005
FILLER_4_217,VSS,Metal1,111.6060,30.7000,0.000004
FILLER_4_210,VSS,Metal1,108.2460,30.7000,0.000003
FILLER_4_203,VSS,Metal1,104.8860,30.7000,0.000002
FILLER_4_196,VSS,Metal1,101.5260,30.7000,0.000001
FILLER_4_189,VSS,Metal1,98.1660,30.7000,0.000001
FILLER_4_182,VSS,Metal1,94.8060,30.7000,0.000001
FILLER_4_175,VSS,Metal1,91.4460,30.7000,0.000001
FILLER_4_168,VSS,Metal1,88.0860,30.7000,0.000001
FILLER_4_161,VSS,Metal1,84.7260,30.7000,0.000001
FILLER_4_154,VSS,Metal1,81.3660,30.7000,0.000001
FILLER_4_147,VSS,Metal1,78.0060,30.7000,0.000001
FILLER_4_140,VSS,Metal1,74.6460,30.7000,0.000001
FILLER_4_133,VSS,Metal1,71.2860,30.7000,0.000001
FILLER_4_126,VSS,Metal1,67.9260,30.7000,0.000001
FILLER_4_119,VSS,Metal1,64.5660,30.7000,0.000001
FILLER_4_112,VSS,Metal1,61.2060,30.7000,0.000001
FILLER_4_105,VSS,Metal1,57.8460,30.7000,0.000001
FILLER_4_98,VSS,Metal1,54.4860,30.7000,0.000001
FILLER_4_91,VSS,Metal1,51.1260,30.7000,0.000001
FILLER_4_84,VSS,Metal1,47.7660,30.7000,0.000001
FILLER_4_77,VSS,Metal1,44.4060,30.7000,0.000001
FILLER_4_70,VSS,Metal1,41.0460,30.7000,0.000000
FILLER_4_63,VSS,Metal1,37.6860,30.7000,0.000000
FILLER_4_56,VSS,Metal1,34.3260,30.7000,0.000000
FILLER_4_49,VSS,Metal1,30.9660,30.7000,0.000000
FILLER_4_42,VSS,Metal1,27.6060,30.7000,0.000000
FILLER_4_35,VSS,Metal1,24.2460,30.7000,0.000000
FILLER_4_28,VSS,Metal1,20.8860,30.7000,0.000000
FILLER_4_21,VSS,Metal1,17.5260,30.7000,0.000000
FILLER_4_14,VSS,Metal1,14.1660,30.7000,0.000000
FILLER_4_7,VSS,Metal1,10.8060,30.7000,0.000000
FILLER_4_0,VSS,Metal1,7.4460,30.7000,0.000000
FILLER_3_505,VSS,Metal1,248.4000,30.2400,0.000035
FILLER_3_501,VSS,Metal1,247.1880,29.8630,0.000035
FILLER_3_494,VSS,Metal1,244.5660,29.7790,0.000035
FILLER_3_487,VSS,Metal1,241.2060,29.7790,0.000035
FILLER_3_480,VSS,Metal1,237.8460,29.7790,0.000035
FILLER_3_473,VSS,Metal1,234.4860,29.7790,0.000035
FILLER_3_466,VSS,Metal1,231.1260,29.7790,0.000035
FILLER_3_459,VSS,Metal1,227.7660,29.7790,0.000035
FILLER_3_452,VSS,Metal1,224.4060,29.7790,0.000035
FILLER_3_447,VSS,Metal1,220.5600,30.2400,0.000035
FILLER_3_445,VSS,Metal1,219.8400,30.2400,0.000035
FILLER_3_438,VSS,Metal1,217.6860,29.7790,0.000035
FILLER_3_431,VSS,Metal1,214.3260,29.7790,0.000035
FILLER_3_424,VSS,Metal1,210.9660,29.7790,0.000035
FILLER_3_417,VSS,Metal1,207.6060,29.7790,0.000035
FILLER_3_410,VSS,Metal1,204.2460,29.7790,0.000035
FILLER_3_403,VSS,Metal1,200.8860,29.7790,0.000035
FILLER_3_396,VSS,Metal1,197.5260,29.7790,0.000035
FILLER_3_389,VSS,Metal1,194.1660,29.7790,0.000035
FILLER_3_381,VSS,Metal1,189.5880,29.8630,0.000035
FILLER_3_374,VSS,Metal1,186.9660,29.7790,0.000035
FILLER_3_367,VSS,Metal1,183.6060,29.7790,0.000035
FILLER_3_360,VSS,Metal1,180.2460,29.7790,0.000035
FILLER_3_353,VSS,Metal1,176.8860,29.7790,0.000035
FILLER_3_322,VSS,Metal1,161.2680,29.8630,0.000026
FILLER_3_315,VSS,Metal1,158.6460,29.7790,0.000023
FILLER_3_308,VSS,Metal1,155.2860,29.7790,0.000023
FILLER_3_301,VSS,Metal1,151.9260,29.7790,0.000023
FILLER_3_294,VSS,Metal1,148.5660,29.7790,0.000023
FILLER_3_287,VSS,Metal1,145.2060,29.7790,0.000023
FILLER_3_280,VSS,Metal1,141.8460,29.7790,0.000023
FILLER_3_273,VSS,Metal1,138.4860,29.7790,0.000022
FILLER_3_266,VSS,Metal1,135.1260,29.7790,0.000019
FILLER_3_259,VSS,Metal1,131.7660,29.7790,0.000019
FILLER_3_252,VSS,Metal1,128.4060,29.7790,0.000016
FILLER_3_245,VSS,Metal1,125.0460,29.7790,0.000008
FILLER_3_238,VSS,Metal1,121.6860,29.7790,0.000007
FILLER_3_231,VSS,Metal1,118.3260,29.7790,0.000006
FILLER_3_224,VSS,Metal1,114.9660,29.7790,0.000005
FILLER_3_217,VSS,Metal1,111.6060,29.7790,0.000004
FILLER_3_210,VSS,Metal1,108.2460,29.7790,0.000003
FILLER_3_203,VSS,Metal1,104.8860,29.7790,0.000002
FILLER_3_196,VSS,Metal1,101.5260,29.7790,0.000001
FILLER_3_189,VSS,Metal1,98.1660,29.7790,0.000001
FILLER_3_182,VSS,Metal1,94.8060,29.7790,0.000001
FILLER_3_175,VSS,Metal1,91.4460,29.7790,0.000001
FILLER_3_168,VSS,Metal1,88.0860,29.7790,0.000001
FILLER_3_161,VSS,Metal1,84.7260,29.7790,0.000001
FILLER_3_154,VSS,Metal1,81.3660,29.7790,0.000001
FILLER_3_147,VSS,Metal1,78.0060,29.7790,0.000001
FILLER_3_140,VSS,Metal1,74.6460,29.7790,0.000001
FILLER_3_133,VSS,Metal1,71.2860,29.7790,0.000001
FILLER_3_126,VSS,Metal1,67.9260,29.7790,0.000001
FILLER_3_119,VSS,Metal1,64.5660,29.7790,0.000001
FILLER_3_112,VSS,Metal1,61.2060,29.7790,0.000001
FILLER_3_105,VSS,Metal1,57.8460,29.7790,0.000001
FILLER_3_98,VSS,Metal1,54.4860,29.7790,0.000001
FILLER_3_91,VSS,Metal1,51.1260,29.7790,0.000001
FILLER_3_84,VSS,Metal1,47.7660,29.7790,0.000001
FILLER_3_77,VSS,Metal1,44.4060,29.7790,0.000001
FILLER_3_70,VSS,Metal1,41.0460,29.7790,0.000000
FILLER_3_63,VSS,Metal1,37.6860,29.7790,0.000000
FILLER_3_56,VSS,Metal1,34.3260,29.7790,0.000000
FILLER_3_49,VSS,Metal1,30.9660,29.7790,0.000000
FILLER_3_42,VSS,Metal1,27.6060,29.7790,0.000000
FILLER_3_35,VSS,Metal1,24.2460,29.7790,0.000000
FILLER_3_28,VSS,Metal1,20.8860,29.7790,0.000000
FILLER_3_21,VSS,Metal1,17.5260,29.7790,0.000000
FILLER_3_14,VSS,Metal1,14.1660,29.7790,0.000000
FILLER_3_7,VSS,Metal1,10.8060,29.7790,0.000000
FILLER_3_0,VSS,Metal1,7.4460,29.7790,0.000000
FILLER_2_504,VSS,Metal1,248.1600,22.6800,0.000226
FILLER_2_497,VSS,Metal1,246.0060,23.1400,0.000226
FILLER_2_490,VSS,Metal1,242.6460,23.1400,0.000226
FILLER_2_483,VSS,Metal1,239.2860,23.1400,0.000226
FILLER_2_476,VSS,Metal1,235.9260,23.1400,0.000226
FILLER_2_469,VSS,Metal1,232.5660,23.1400,0.000226
FILLER_2_462,VSS,Metal1,229.2060,23.1400,0.000226
FILLER_2_455,VSS,Metal1,225.8460,23.1400,0.000226
FILLER_2_450,VSS,Metal1,222.0000,22.6800,0.000226
FILLER_2_448,VSS,Metal1,221.2800,22.6800,0.000226
FILLER_2_434,VSS,Metal1,215.0280,23.0560,0.000194
FILLER_2_427,VSS,Metal1,212.4060,23.1400,0.000193
FILLER_2_407,VSS,Metal1,201.3600,22.6800,0.000120
FILLER_2_403,VSS,Metal1,200.1480,23.0560,0.000117
FILLER_2_396,VSS,Metal1,197.5260,23.1400,0.000115
FILLER_2_377,VSS,Metal1,187.6680,23.0560,0.000068
FILLER_2_370,VSS,Metal1,185.0460,23.1400,0.000068
FILLER_2_363,VSS,Metal1,181.6860,23.1400,0.000068
FILLER_2_357,VSS,Metal1,177.6000,22.6800,0.000068
FILLER_2_346,VSS,Metal1,172.0800,22.6800,0.000046
FILLER_2_342,VSS,Metal1,170.8680,23.0560,0.000046
FILLER_2_335,VSS,Metal1,168.2460,23.1400,0.000060
FILLER_2_329,VSS,Metal1,164.1600,22.6800,0.000078
FILLER_2_322,VSS,Metal1,162.0060,23.1400,0.000084
FILLER_2_315,VSS,Metal1,158.6460,23.1400,0.000085
FILLER_2_294,VSS,Metal1,147.3600,22.6800,0.000043
FILLER_2_287,VSS,Metal1,145.2060,23.1400,0.000040
FILLER_2_280,VSS,Metal1,141.8460,23.1400,0.000037
FILLER_2_273,VSS,Metal1,138.4860,23.1400,0.000034
FILLER_2_266,VSS,Metal1,135.1260,23.1400,0.000032
FILLER_2_259,VSS,Metal1,131.7660,23.1400,0.000029
FILLER_2_252,VSS,Metal1,128.4060,23.1400,0.000026
FILLER_2_245,VSS,Metal1,125.0460,23.1400,0.000023
FILLER_2_238,VSS,Metal1,121.6860,23.1400,0.000021
FILLER_2_231,VSS,Metal1,118.3260,23.1400,0.000018
FILLER_2_224,VSS,Metal1,114.9660,23.1400,0.000015
FILLER_2_217,VSS,Metal1,111.6060,23.1400,0.000012
FILLER_2_210,VSS,Metal1,108.2460,23.1400,0.000009
FILLER_2_203,VSS,Metal1,104.8860,23.1400,0.000007
FILLER_2_196,VSS,Metal1,101.5260,23.1400,0.000004
FILLER_2_189,VSS,Metal1,98.1660,23.1400,0.000004
FILLER_2_182,VSS,Metal1,94.8060,23.1400,0.000004
FILLER_2_175,VSS,Metal1,91.4460,23.1400,0.000003
FILLER_2_168,VSS,Metal1,88.0860,23.1400,0.000003
FILLER_2_161,VSS,Metal1,84.7260,23.1400,0.000003
FILLER_2_154,VSS,Metal1,81.3660,23.1400,0.000003
FILLER_2_147,VSS,Metal1,78.0060,23.1400,0.000003
FILLER_2_140,VSS,Metal1,74.6460,23.1400,0.000003
FILLER_2_133,VSS,Metal1,71.2860,23.1400,0.000003
FILLER_2_126,VSS,Metal1,67.9260,23.1400,0.000002
FILLER_2_119,VSS,Metal1,64.5660,23.1400,0.000002
FILLER_2_112,VSS,Metal1,61.2060,23.1400,0.000002
FILLER_2_105,VSS,Metal1,57.8460,23.1400,0.000002
FILLER_2_98,VSS,Metal1,54.4860,23.1400,0.000002
FILLER_2_91,VSS,Metal1,51.1260,23.1400,0.000002
FILLER_2_84,VSS,Metal1,47.7660,23.1400,0.000001
FILLER_2_77,VSS,Metal1,44.4060,23.1400,0.000001
FILLER_2_70,VSS,Metal1,41.0460,23.1400,0.000001
FILLER_2_63,VSS,Metal1,37.6860,23.1400,0.000001
FILLER_2_56,VSS,Metal1,34.3260,23.1400,0.000001
FILLER_2_49,VSS,Metal1,30.9660,23.1400,0.000001
FILLER_2_42,VSS,Metal1,27.6060,23.1400,0.000000
FILLER_2_35,VSS,Metal1,24.2460,23.1400,0.000000
FILLER_2_28,VSS,Metal1,20.8860,23.1400,0.000000
FILLER_2_21,VSS,Metal1,17.5260,23.1400,0.000000
FILLER_2_14,VSS,Metal1,14.1660,23.1400,0.000000
FILLER_2_7,VSS,Metal1,10.8060,23.1400,0.000000
FILLER_2_0,VSS,Metal1,7.4460,23.1400,0.000000
FILLER_1_505,VSS,Metal1,248.4000,22.6800,0.000226
FILLER_1_501,VSS,Metal1,247.1880,22.3030,0.000226
FILLER_1_494,VSS,Metal1,244.5660,22.2190,0.000226
FILLER_1_487,VSS,Metal1,241.2060,22.2190,0.000226
FILLER_1_480,VSS,Metal1,237.8460,22.2190,0.000226
FILLER_1_473,VSS,Metal1,234.4860,22.2190,0.000226
FILLER_1_439,VSS,Metal1,216.9600,22.6800,0.000210
FILLER_1_408,VSS,Metal1,202.5480,22.3030,0.000140
FILLER_1_347,VSS,Metal1,172.8000,22.6800,0.000045
FILLER_1_343,VSS,Metal1,171.3480,22.3030,0.000046
FILLER_1_336,VSS,Metal1,168.7260,22.2190,0.000060
FILLER_1_329,VSS,Metal1,165.3660,22.2190,0.000078
FILLER_1_301,VSS,Metal1,150.4800,22.6800,0.000045
FILLER_1_294,VSS,Metal1,148.5660,22.2190,0.000043
FILLER_1_287,VSS,Metal1,145.2060,22.2190,0.000040
FILLER_1_280,VSS,Metal1,141.8460,22.2190,0.000037
FILLER_1_273,VSS,Metal1,138.4860,22.2190,0.000034
FILLER_1_266,VSS,Metal1,135.1260,22.2190,0.000032
FILLER_1_259,VSS,Metal1,131.7660,22.2190,0.000029
FILLER_1_252,VSS,Metal1,128.4060,22.2190,0.000026
FILLER_1_245,VSS,Metal1,125.0460,22.2190,0.000023
FILLER_1_238,VSS,Metal1,121.6860,22.2190,0.000021
FILLER_1_231,VSS,Metal1,118.3260,22.2190,0.000018
FILLER_1_224,VSS,Metal1,114.9660,22.2190,0.000015
FILLER_1_217,VSS,Metal1,111.6060,22.2190,0.000012
FILLER_1_210,VSS,Metal1,108.2460,22.2190,0.000009
FILLER_1_203,VSS,Metal1,104.8860,22.2190,0.000007
FILLER_1_196,VSS,Metal1,101.5260,22.2190,0.000004
FILLER_1_189,VSS,Metal1,98.1660,22.2190,0.000004
FILLER_1_182,VSS,Metal1,94.8060,22.2190,0.000004
FILLER_1_175,VSS,Metal1,91.4460,22.2190,0.000003
FILLER_1_168,VSS,Metal1,88.0860,22.2190,0.000003
FILLER_1_161,VSS,Metal1,84.7260,22.2190,0.000003
FILLER_1_154,VSS,Metal1,81.3660,22.2190,0.000003
FILLER_1_147,VSS,Metal1,78.0060,22.2190,0.000003
FILLER_1_140,VSS,Metal1,74.6460,22.2190,0.000003
FILLER_1_133,VSS,Metal1,71.2860,22.2190,0.000003
FILLER_1_126,VSS,Metal1,67.9260,22.2190,0.000002
FILLER_1_119,VSS,Metal1,64.5660,22.2190,0.000002
FILLER_1_112,VSS,Metal1,61.2060,22.2190,0.000002
FILLER_1_105,VSS,Metal1,57.8460,22.2190,0.000002
FILLER_1_98,VSS,Metal1,54.4860,22.2190,0.000002
FILLER_1_91,VSS,Metal1,51.1260,22.2190,0.000002
FILLER_1_84,VSS,Metal1,47.7660,22.2190,0.000001
FILLER_1_77,VSS,Metal1,44.4060,22.2190,0.000001
FILLER_1_70,VSS,Metal1,41.0460,22.2190,0.000001
FILLER_1_63,VSS,Metal1,37.6860,22.2190,0.000001
FILLER_1_56,VSS,Metal1,34.3260,22.2190,0.000001
FILLER_1_49,VSS,Metal1,30.9660,22.2190,0.000001
FILLER_1_42,VSS,Metal1,27.6060,22.2190,0.000000
FILLER_1_35,VSS,Metal1,24.2460,22.2190,0.000000
FILLER_1_28,VSS,Metal1,20.8860,22.2190,0.000000
FILLER_1_21,VSS,Metal1,17.5260,22.2190,0.000000
FILLER_1_14,VSS,Metal1,14.1660,22.2190,0.000000
FILLER_1_7,VSS,Metal1,10.8060,22.2190,0.000000
FILLER_1_0,VSS,Metal1,7.4460,22.2190,0.000000
FILLER_0_502,VSS,Metal1,247.6680,15.4960,0.000001
FILLER_0_495,VSS,Metal1,245.0460,15.5800,0.000001
FILLER_0_488,VSS,Metal1,241.6860,15.5800,0.000001
FILLER_0_481,VSS,Metal1,238.3260,15.5800,0.000001
FILLER_0_474,VSS,Metal1,234.9660,15.5800,0.000001
FILLER_0_467,VSS,Metal1,231.6060,15.5800,0.000001
FILLER_0_460,VSS,Metal1,228.2460,15.5800,0.000001
FILLER_0_453,VSS,Metal1,224.8860,15.5800,0.000001
FILLER_0_446,VSS,Metal1,221.5260,15.5800,0.000001
FILLER_0_439,VSS,Metal1,218.1660,15.5800,0.000000
FILLER_0_430,VSS,Metal1,212.4000,15.1200,0.000000
FILLER_0_426,VSS,Metal1,211.1880,15.4960,0.000000
FILLER_0_419,VSS,Metal1,208.5660,15.5800,0.000000
FILLER_0_412,VSS,Metal1,205.2060,15.5800,0.000000
FILLER_0_405,VSS,Metal1,201.8460,15.5800,0.000000
FILLER_0_386,VSS,Metal1,192.7260,15.5800,0.000000
FILLER_0_379,VSS,Metal1,189.3660,15.5800,0.000000
FILLER_0_372,VSS,Metal1,186.0060,15.5800,0.000000
FILLER_0_365,VSS,Metal1,182.6460,15.5800,0.000000
FILLER_0_358,VSS,Metal1,179.2860,15.5800,0.000000
FILLER_0_351,VSS,Metal1,175.9260,15.5800,0.000000
FILLER_0_344,VSS,Metal1,172.5660,15.5800,0.000000
FILLER_0_337,VSS,Metal1,169.2060,15.5800,0.000000
FILLER_0_330,VSS,Metal1,165.8460,15.5800,0.000000
FILLER_0_323,VSS,Metal1,162.4860,15.5800,0.000000
FILLER_0_316,VSS,Metal1,159.1260,15.5800,0.000000
FILLER_0_309,VSS,Metal1,155.7660,15.5800,0.000000
FILLER_0_302,VSS,Metal1,152.4060,15.5800,0.000000
FILLER_0_295,VSS,Metal1,149.0460,15.5800,0.000000
FILLER_0_289,VSS,Metal1,144.9600,15.1200,0.000000
FILLER_0_282,VSS,Metal1,142.8060,15.5800,0.000000
FILLER_0_275,VSS,Metal1,139.4460,15.5800,0.000000
FILLER_0_270,VSS,Metal1,135.6000,15.1200,0.000000
FILLER_0_268,VSS,Metal1,134.8800,15.1200,0.000000
FILLER_0_261,VSS,Metal1,132.7260,15.5800,0.000000
FILLER_0_254,VSS,Metal1,129.3660,15.5800,0.000000
FILLER_0_247,VSS,Metal1,126.0060,15.5800,0.000000
FILLER_0_242,VSS,Metal1,122.1600,15.1200,0.000000
FILLER_0_235,VSS,Metal1,120.2460,15.5800,0.000000
FILLER_0_230,VSS,Metal1,116.4000,15.1200,0.000000
FILLER_0_226,VSS,Metal1,115.1880,15.4960,0.000000
FILLER_0_219,VSS,Metal1,112.5660,15.5800,0.000000
FILLER_0_213,VSS,Metal1,108.4800,15.1200,0.000000
FILLER_0_206,VSS,Metal1,106.3260,15.5800,0.000000
FILLER_0_199,VSS,Metal1,102.9660,15.5800,0.000000
FILLER_0_192,VSS,Metal1,99.6060,15.5800,0.000000
FILLER_0_185,VSS,Metal1,96.2460,15.5800,0.000000
FILLER_0_179,VSS,Metal1,92.1600,15.1200,0.000000
FILLER_0_170,VSS,Metal1,87.6000,15.1200,0.000000
FILLER_0_163,VSS,Metal1,85.6860,15.5800,0.000000
FILLER_0_156,VSS,Metal1,82.3260,15.5800,0.000000
FILLER_0_149,VSS,Metal1,78.9660,15.5800,0.000000
FILLER_0_144,VSS,Metal1,75.1200,15.1200,0.000000
FILLER_0_140,VSS,Metal1,73.9080,15.4960,0.000000
FILLER_0_133,VSS,Metal1,71.2860,15.5800,0.000000
FILLER_0_126,VSS,Metal1,67.9260,15.5800,0.000000
FILLER_0_119,VSS,Metal1,64.5660,15.5800,0.000000
FILLER_0_112,VSS,Metal1,61.2060,15.5800,0.000000
FILLER_0_105,VSS,Metal1,57.8460,15.5800,0.000000
FILLER_0_98,VSS,Metal1,54.4860,15.5800,0.000000
FILLER_0_91,VSS,Metal1,51.1260,15.5800,0.000000
FILLER_0_84,VSS,Metal1,47.7660,15.5800,0.000000
FILLER_0_77,VSS,Metal1,44.4060,15.5800,0.000000
FILLER_0_70,VSS,Metal1,41.0460,15.5800,0.000000
FILLER_0_63,VSS,Metal1,37.6860,15.5800,0.000000
FILLER_0_56,VSS,Metal1,34.3260,15.5800,0.000000
FILLER_0_49,VSS,Metal1,30.9660,15.5800,0.000000
FILLER_0_42,VSS,Metal1,27.6060,15.5800,0.000000
FILLER_0_35,VSS,Metal1,24.2460,15.5800,0.000000
FILLER_0_28,VSS,Metal1,20.8860,15.5800,0.000000
FILLER_0_21,VSS,Metal1,17.5260,15.5800,0.000000
FILLER_0_14,VSS,Metal1,14.1660,15.5800,0.000000
FILLER_0_7,VSS,Metal1,10.8060,15.5800,0.000000
FILLER_0_0,VSS,Metal1,7.4460,15.5800,0.000000
hold382,VSS,Metal1,227.3210,90.9270,0.000320
hold381,VSS,Metal1,230.2010,52.7120,0.000521
hold380,VSS,Metal1,217.2410,82.9520,0.000321
hold379,VSS,Metal1,204.6780,166.1120,0.000215
hold378,VSS,Metal1,199.4810,181.6470,0.000544
hold377,VSS,Metal1,204.7610,60.6870,0.000230
hold376,VSS,Metal1,200.9210,113.1920,0.000873
hold375,VSS,Metal1,203.2380,106.0470,0.000873
hold374,VSS,Metal1,150.5210,82.9520,0.000419
hold373,VSS,Metal1,168.2810,173.6720,0.000105
hold372,VSS,Metal1,201.4010,68.2470,0.000766
hold371,VSS,Metal1,226.3610,113.6070,0.000939
hold370,VSS,Metal1,210.5210,38.0070,0.000524
hold369,VSS,Metal1,162.0410,75.3920,0.000227
hold368,VSS,Metal1,157.2410,30.4470,0.000023
hold367,VSS,Metal1,210.4380,45.1520,0.000469
hold366,VSS,Metal1,220.6010,30.4470,0.000035
hold365,VSS,Metal1,190.3610,158.5520,0.000625
hold364,VSS,Metal1,199.4810,166.1120,0.000153
hold363,VSS,Metal1,215.8010,143.4320,0.000184
hold362,VSS,Metal1,187.9610,188.7920,0.000235
hold361,VSS,Metal1,196.6010,188.7920,0.000237
hold360,VSS,Metal1,223.0010,174.0870,0.000433
hold359,VSS,Metal1,211.0010,75.3920,0.001034
hold358,VSS,Metal1,176.9210,60.6870,0.000067
hold357,VSS,Metal1,173.5610,37.5920,0.000047
hold356,VSS,Metal1,222.4380,52.7120,0.000482
hold355,VSS,Metal1,228.7610,53.1270,0.000520
hold354,VSS,Metal1,134.5980,128.3120,0.000166
hold353,VSS,Metal1,196.1210,83.3670,0.000173
hold352,VSS,Metal1,124.9980,241.7120,0.000002
hold351,VSS,Metal1,199.0010,106.0470,0.000754
hold350,VSS,Metal1,187.4810,150.9920,0.000246
hold349,VSS,Metal1,226.8410,83.3670,0.000321
hold348,VSS,Metal1,199.9610,135.8720,0.001955
hold347,VSS,Metal1,191.8010,174.0870,0.000362
hold346,VSS,Metal1,217.2410,188.7920,0.000303
hold345,VSS,Metal1,157.7210,121.1670,0.000109
hold344,VSS,Metal1,230.2010,98.0720,0.003277
hold343,VSS,Metal1,226.2780,38.0070,0.000640
hold342,VSS,Metal1,234.0410,30.4470,0.000035
hold341,VSS,Metal1,223.0010,181.2320,0.001222
hold340,VSS,Metal1,231.1610,181.2320,0.001228
hold339,VSS,Metal1,189.4010,60.2720,0.000208
hold338,VSS,Metal1,221.5610,136.2870,0.002880
hold337,VSS,Metal1,233.5610,135.8720,0.002891
hold336,VSS,Metal1,231.1610,60.2720,0.000361
hold335,VSS,Metal1,172.1210,38.0070,0.000047
hold334,VSS,Metal1,184.1210,45.1520,0.000095
hold333,VSS,Metal1,234.5210,166.1120,0.000642
hold332,VSS,Metal1,147.0780,143.4320,0.000240
hold331,VSS,Metal1,138.4380,143.8470,0.000238
hold330,VSS,Metal1,246.4380,106.0470,0.001429
clkload9,VSS,Metal1,130.6700,234.1120,0.000116
clkload8,VSS,Metal1,140.2700,181.1920,0.000409
clkload7,VSS,Metal1,31.3100,218.9920,0.000186
clkload6,VSS,Metal1,78.8300,151.4470,0.000389
clkload5,VSS,Metal1,24.5900,151.4470,0.000052
clkload4,VSS,Metal1,204.5900,150.9520,0.000288
clkload3,VSS,Metal1,226.6700,106.0870,0.001429
clkload2,VSS,Metal1,116.7500,83.4070,0.000365
clkload1,VSS,Metal1,189.4900,38.0470,0.000377
clkload0,VSS,Metal1,174.3500,82.9120,0.000090
clkbuf_5_31__f_clk_i,VSS,Metal1,128.8800,226.4100,0.000523
clkbuf_5_30__f_clk_i,VSS,Metal1,140.8790,189.3890,0.000545
clkbuf_5_29__f_clk_i,VSS,Metal1,136.0800,227.1890,0.000523
clkbuf_5_28__f_clk_i,VSS,Metal1,162.9590,218.8500,0.000051
clkbuf_5_27__f_clk_i,VSS,Metal1,207.5990,196.1700,0.001355
clkbuf_5_26__f_clk_i,VSS,Metal1,207.5990,181.8290,0.000688
clkbuf_5_25__f_clk_i,VSS,Metal1,147.1200,181.0500,0.000411
clkbuf_5_24__f_clk_i,VSS,Metal1,155.2800,173.4900,0.000183
clkbuf_5_23__f_clk_i,VSS,Metal1,60.2390,218.8500,0.000296
clkbuf_5_22__f_clk_i,VSS,Metal1,63.5990,211.2900,0.000445
clkbuf_5_21__f_clk_i,VSS,Metal1,34.3200,212.0690,0.000266
clkbuf_5_20__f_clk_i,VSS,Metal1,36.2400,181.0500,0.000056
clkbuf_5_19__f_clk_i,VSS,Metal1,85.6790,151.5890,0.000389
clkbuf_5_18__f_clk_i,VSS,Metal1,76.5590,144.0290,0.000406
clkbuf_5_17__f_clk_i,VSS,Metal1,31.4400,151.5890,0.000258
clkbuf_5_16__f_clk_i,VSS,Metal1,54.9590,136.4690,0.000604
clkbuf_5_15__f_clk_i,VSS,Metal1,234.9600,159.1490,0.001983
clkbuf_5_14__f_clk_i,VSS,Metal1,240.2390,128.9090,0.001138
clkbuf_5_13__f_clk_i,VSS,Metal1,211.4390,150.8100,0.000464
clkbuf_5_12__f_clk_i,VSS,Metal1,201.3600,136.4690,0.001955
clkbuf_5_11__f_clk_i,VSS,Metal1,242.6390,75.2100,0.001240
clkbuf_5_10__f_clk_i,VSS,Metal1,236.4000,67.6500,0.004160
clkbuf_5_9__f_clk_i,VSS,Metal1,233.5190,106.2290,0.001429
clkbuf_5_8__f_clk_i,VSS,Metal1,203.2800,98.6690,0.002694
clkbuf_5_7__f_clk_i,VSS,Metal1,149.0400,105.4500,0.000253
clkbuf_5_6__f_clk_i,VSS,Metal1,161.5190,91.1090,0.000212
clkbuf_5_5__f_clk_i,VSS,Metal1,124.0800,82.7700,0.000458
clkbuf_5_4__f_clk_i,VSS,Metal1,131.2800,53.3090,0.000298
clkbuf_5_3__f_clk_i,VSS,Metal1,194.6390,44.9700,0.000261
clkbuf_5_2__f_clk_i,VSS,Metal1,173.5200,30.6290,0.000035
clkbuf_5_1__f_clk_i,VSS,Metal1,181.2000,82.7700,0.000079
clkbuf_5_0__f_clk_i,VSS,Metal1,195.5990,60.8690,0.000216
clkbuf_4_15_0_clk_i,VSS,Metal1,143.0820,211.9820,0.000121
clkbuf_4_14_0_clk_i,VSS,Metal1,143.0820,204.4220,0.000619
clkbuf_4_13_0_clk_i,VSS,Metal1,180.4370,189.3020,0.000133
clkbuf_4_12_0_clk_i,VSS,Metal1,159.8820,189.3020,0.000355
clkbuf_4_11_0_clk_i,VSS,Metal1,53.7170,189.3020,0.000683
clkbuf_4_10_0_clk_i,VSS,Metal1,37.4820,189.3020,0.000510
clkbuf_4_9_0_clk_i,VSS,Metal1,62.3570,159.0620,0.000524
clkbuf_4_8_0_clk_i,VSS,Metal1,44.6820,159.0620,0.000526
clkbuf_4_7_0_clk_i,VSS,Metal1,233.2370,136.3820,0.002891
clkbuf_4_6_0_clk_i,VSS,Metal1,220.3620,128.8220,0.000855
clkbuf_4_5_0_clk_i,VSS,Metal1,235.6370,97.9770,0.003291
clkbuf_4_4_0_clk_i,VSS,Metal1,224.1170,98.5820,0.003190
clkbuf_4_3_0_clk_i,VSS,Metal1,146.8370,75.2970,0.000267
clkbuf_4_2_0_clk_i,VSS,Metal1,134.3570,68.3420,0.000253
clkbuf_4_1_0_clk_i,VSS,Metal1,177.5570,52.6170,0.000075
clkbuf_4_0_0_clk_i,VSS,Metal1,177.5570,53.2220,0.000075
clkbuf_0_clk_i,VSS,Metal1,134.6400,136.4690,0.000551
boot_spi_macro,VSS,Metal1,123.5200,15.2160,0.000000
fanout158,VSS,Metal1,14.8450,226.5870,0.000017
fanout157,VSS,Metal1,136.3550,249.2670,0.000086
fanout156,VSS,Metal1,196.7650,174.0920,0.000394
fanout155,VSS,Metal1,135.3950,256.8270,0.000023
fanout154,VSS,Metal1,127.7150,166.1070,0.000081
fanout153,VSS,Metal1,131.0750,90.9320,0.000162
fanout152,VSS,Metal1,208.7650,135.8670,0.002066
fanout151,VSS,Metal1,205.9550,128.3070,0.000590
fanout150,VSS,Metal1,207.3950,68.2520,0.000901
fanout149,VSS,Metal1,11.5550,219.4520,0.000089
fanout148,VSS,Metal1,71.5550,249.6920,0.000114
fanout147,VSS,Metal1,70.5950,242.1320,0.000062
fanout146,VSS,Metal1,15.3250,219.4520,0.000088
fanout145,VSS,Metal1,12.0350,196.3470,0.000021
fanout144,VSS,Metal1,26.8450,136.2920,0.000035
fanout143,VSS,Metal1,149.3150,211.8920,0.000110
fanout142,VSS,Metal1,191.0050,188.7870,0.000236
fanout141,VSS,Metal1,168.9950,158.5470,0.000147
fanout140,VSS,Metal1,136.3550,204.3320,0.000641
fanout139,VSS,Metal1,179.0750,121.1720,0.000372
fanout138,VSS,Metal1,177.5650,120.7470,0.000024
fanout137,VSS,Metal1,179.0050,113.6120,0.000518
fanout136,VSS,Metal1,192.0350,68.2520,0.000761
fanout135,VSS,Metal1,177.1550,75.8120,0.000092
fanout134,VSS,Metal1,148.3550,113.6120,0.000194
fanout133,VSS,Metal1,105.6350,227.0120,0.000059
fanout132,VSS,Metal1,52.3550,196.7720,0.000035
fanout131,VSS,Metal1,132.4450,151.4120,0.000048
fanout130,VSS,Metal1,219.3250,151.4120,0.000485
fanout129,VSS,Metal1,205.4750,120.7470,0.000398
fanout128,VSS,Metal1,136.7650,150.9870,0.000044
fanout127,VSS,Metal1,195.8050,106.0520,0.000754
fanout126,VSS,Metal1,196.2850,98.4920,0.002357
fanout125,VSS,Metal1,196.2850,68.2520,0.000761
fanout124,VSS,Metal1,173.2450,113.1870,0.000034
fanout123,VSS,Metal1,168.0350,75.8120,0.000186
fanout122,VSS,Metal1,153.6350,82.9470,0.000416
fanout121,VSS,Metal1,169.4050,98.0670,0.000135
fanout120,VSS,Metal1,172.2850,75.8120,0.000086
fanout119,VSS,Metal1,129.1550,120.7470,0.000078
fanout118,VSS,Metal1,150.2750,188.7870,0.000538
fanout117,VSS,Metal1,193.4050,188.7870,0.000235
fanout116,VSS,Metal1,194.8450,166.1070,0.000113
fanout115,VSS,Metal1,148.8350,181.6520,0.000411
fanout114,VSS,Metal1,197.7950,113.1870,0.000725
fanout113,VSS,Metal1,193.9550,106.0520,0.000754
fanout112,VSS,Metal1,197.7250,60.2670,0.000216
fanout111,VSS,Metal1,194.3650,181.2270,0.000320
fanout110,VSS,Metal1,194.9150,196.3470,0.001245
fanout109,VSS,Metal1,149.7950,196.7720,0.000273
fanout108,VSS,Metal1,194.8450,174.0920,0.000394
fanout107,VSS,Metal1,190.5250,181.2270,0.000222
fanout106,VSS,Metal1,119.0750,181.2270,0.000276
fanout105,VSS,Metal1,119.9650,196.7720,0.000257
fanout104,VSS,Metal1,118.1150,234.1470,0.000089
fanout103,VSS,Metal1,43.7150,226.5870,0.000058
fanout102,VSS,Metal1,60.5150,227.0120,0.000131
fanout101,VSS,Metal1,115.6450,181.6520,0.000206
fanout100,VSS,Metal1,54.2750,166.5320,0.000176
fanout99,VSS,Metal1,43.2350,166.1070,0.000158
fanout98,VSS,Metal1,206.8450,135.8670,0.001955
fanout97,VSS,Metal1,203.0750,135.8670,0.001955
fanout96,VSS,Metal1,204.5150,68.2520,0.000791
fanout95,VSS,Metal1,203.9650,60.2670,0.000230
fanout94,VSS,Metal1,107.5550,135.8670,0.000131
fanout93,VSS,Metal1,112.3550,135.8670,0.000278
fanout92,VSS,Metal1,150.7550,75.3870,0.000261
fanout91,VSS,Metal1,175.7150,158.5470,0.000066
fanout90,VSS,Metal1,192.5150,181.2270,0.000284
fanout89,VSS,Metal1,173.7950,151.4120,0.000042
fanout88,VSS,Metal1,189.0850,98.0670,0.000711
fanout87,VSS,Metal1,224.1250,60.2670,0.000361
fanout86,VSS,Metal1,168.0350,53.1320,0.000118
fanout85,VSS,Metal1,90.6850,196.7720,0.000026
fanout84,VSS,Metal1,93.6350,196.3470,0.000025
fanout83,VSS,Metal1,156.5150,181.2270,0.000398
fanout82,VSS,Metal1,98.4350,211.8920,0.000123
fanout81,VSS,Metal1,90.7550,181.2270,0.000083
fanout80,VSS,Metal1,154.0450,106.0520,0.000253
fanout79,VSS,Metal1,152.6750,90.5070,0.000203
fanout78,VSS,Metal1,128.6750,90.5070,0.000155
fanout77,VSS,Metal1,132.9950,135.8670,0.000551
fanout76,VSS,Metal1,147.3250,128.7320,0.000177
fanout75,VSS,Metal1,74.4350,227.0120,0.000138
fanout74,VSS,Metal1,72.5150,227.0120,0.000137
fanout73,VSS,Metal1,98.9150,181.6520,0.000076
fanout72,VSS,Metal1,65.7950,151.4120,0.000382
fanout71,VSS,Metal1,130.5950,75.3870,0.000116
output70,VSS,Metal1,247.6450,67.8270,0.004160
output69,VSS,Metal1,93.6350,15.3320,0.000000
output68,VSS,Metal1,139.2350,256.8270,0.000024
output67,VSS,Metal1,160.8350,256.8270,0.000008
output66,VSS,Metal1,247.6450,196.7720,0.001389
output65,VSS,Metal1,247.6450,173.6670,0.000433
output64,VSS,Metal1,245.7250,173.6670,0.000433
output63,VSS,Metal1,199.2350,15.3320,0.000000
output62,VSS,Metal1,136.8350,15.3320,0.000000
output61,VSS,Metal1,245.7250,67.8270,0.004160
output60,VSS,Metal1,245.7250,90.5070,0.000391
output59,VSS,Metal1,245.7250,98.4920,0.003291
output58,VSS,Metal1,247.6450,45.5720,0.000502
output57,VSS,Metal1,197.3150,15.3320,0.000000
output56,VSS,Metal1,247.6450,128.7320,0.001138
output55,VSS,Metal1,247.6450,75.8120,0.001240
output54,VSS,Metal1,243.3250,106.0520,0.001429
output53,VSS,Metal1,247.6450,136.2920,0.002904
output52,VSS,Metal1,247.6450,174.0920,0.000433
output51,VSS,Metal1,245.7250,188.7870,0.000466
output50,VSS,Metal1,247.6450,188.7870,0.000466
output49,VSS,Metal1,215.5550,15.3320,0.000000
output48,VSS,Metal1,195.3950,15.3320,0.000000
output47,VSS,Metal1,247.6450,60.6920,0.000361
output46,VSS,Metal1,247.6450,98.0670,0.003292
output45,VSS,Metal1,168.5150,256.8270,0.000004
output44,VSS,Metal1,247.6450,120.7470,0.000633
output43,VSS,Metal1,247.6450,151.4120,0.000485
output42,VSS,Metal1,247.6450,196.3470,0.001389
output41,VSS,Metal1,245.7250,174.0920,0.000433
output40,VSS,Metal1,213.6350,15.3320,0.000000
output39,VSS,Metal1,146.4350,15.3320,0.000000
output38,VSS,Metal1,245.7250,75.8120,0.001240
output37,VSS,Metal1,247.6450,90.5070,0.000391
output36,VSS,Metal1,241.4050,106.0520,0.001429
output35,VSS,Metal1,247.6450,143.4270,0.000250
output34,VSS,Metal1,247.6450,150.9870,0.000485
output33,VSS,Metal1,148.3550,256.8270,0.000016
output32,VSS,Metal1,126.2750,256.8270,0.000016
output31,VSS,Metal1,143.5550,256.8270,0.000020
output30,VSS,Metal1,154.1150,256.8270,0.000012
output29,VSS,Metal1,141.1550,256.8270,0.000022
output28,VSS,Metal1,105.1550,256.8270,0.000003
output27,VSS,Metal1,60.9950,256.8270,0.000001
output26,VSS,Metal1,121.4750,256.8270,0.000010
output25,VSS,Metal1,6.7550,166.5320,0.000019
output24,VSS,Metal1,6.7550,143.8520,0.000012
output23,VSS,Metal1,137.3150,256.8270,0.000024
output22,VSS,Metal1,6.7550,135.8670,0.000118
output21,VSS,Metal1,6.7550,128.3070,0.000008
output20,VSS,Metal1,6.7550,105.6270,0.000014
output19,VSS,Metal1,8.6750,105.6270,0.000014
output18,VSS,Metal1,6.7550,98.4920,0.000003
output17,VSS,Metal1,76.3550,15.3320,0.000000
output16,VSS,Metal1,109.9550,15.3320,0.000000
output15,VSS,Metal1,90.7550,15.3320,0.000000
output14,VSS,Metal1,117.6350,15.3320,0.000000
output13,VSS,Metal1,6.7550,158.9720,0.000033
output12,VSS,Metal1,128.1950,256.8270,0.000018
output11,VSS,Metal1,124.3550,256.8270,0.000014
output10,VSS,Metal1,6.7550,181.2270,0.000057
output9,VSS,Metal1,6.7550,188.7870,0.000151
output8,VSS,Metal1,6.7550,219.4520,0.000088
output7,VSS,Metal1,6.7550,203.9070,0.000072
output6,VSS,Metal1,34.1150,256.8270,0.000000
output5,VSS,Metal1,48.5150,256.8270,0.000000
output4,VSS,Metal1,59.0750,256.8270,0.000001
output3,VSS,Metal1,57.0850,256.8270,0.000001
input2,VSS,Metal1,247.7150,98.4920,0.003292
input1,VSS,Metal1,6.6850,241.7070,0.000012
_1268__160,VSS,Metal1,62.9150,219.3750,0.000296
boot_spi_macro_159,VSS,Metal1,88.9600,15.2160,0.000000
_1395__329,VSS,Metal1,134.9150,166.4550,0.000095
_1394__328,VSS,Metal1,137.3150,211.8150,0.000121
_1393__327,VSS,Metal1,119.5550,166.4550,0.000050
_1392__326,VSS,Metal1,136.8350,181.3050,0.000408
_1391__325,VSS,Metal1,120.5150,158.6250,0.000156
_1390__324,VSS,Metal1,139.2350,158.8950,0.000166
_1389__323,VSS,Metal1,122.4350,181.3050,0.000329
_1388__322,VSS,Metal1,144.5150,196.6950,0.000273
_1387__321,VSS,Metal1,116.6750,121.0950,0.000069
_1228__320,VSS,Metal1,150.2050,143.5050,0.000240
_1359__319,VSS,Metal1,132.9950,203.9850,0.000641
_1269__318,VSS,Metal1,52.3550,226.6650,0.000059
_1330__317,VSS,Metal1,210.7550,105.9750,0.001323
_1270__316,VSS,Metal1,43.7150,219.1050,0.000252
_1385__315,VSS,Metal1,181.4750,53.0550,0.000091
_1271__314,VSS,Metal1,41.7950,196.4250,0.000035
_1331__313,VSS,Metal1,204.5150,98.1450,0.002694
_1272__312,VSS,Metal1,27.3250,211.8150,0.000205
_1360__311,VSS,Metal1,151.7150,211.8150,0.000024
_1273__310,VSS,Metal1,27.3950,188.8650,0.000103
_1332__309,VSS,Metal1,210.7550,60.6150,0.000246
_1274__308,VSS,Metal1,42.7550,188.8650,0.000510
_1375__307,VSS,Metal1,122.9150,60.6150,0.000175
_1275__306,VSS,Metal1,103.2350,181.5750,0.000073
_1333__305,VSS,Metal1,131.5550,37.9350,0.000083
_1276__304,VSS,Metal1,106.5950,173.7450,0.000028
_1361__303,VSS,Metal1,131.0750,113.2650,0.000202
_1277__302,VSS,Metal1,96.0350,166.4550,0.000033
_1334__301,VSS,Metal1,191.5550,30.1050,0.000035
_1278__300,VSS,Metal1,108.9950,151.3350,0.000078
_1362__299,VSS,Metal1,151.7150,135.9450,0.000321
_1279__298,VSS,Metal1,92.6750,128.6550,0.000020
_1335__297,VSS,Metal1,207.3950,158.6250,0.000800
_1280__296,VSS,Metal1,104.1950,143.5050,0.000136
_1382__295,VSS,Metal1,171.3950,90.8550,0.000121
_1281__294,VSS,Metal1,81.1550,120.8250,0.000284
_1336__293,VSS,Metal1,198.7550,174.0150,0.000394
_1282__292,VSS,Metal1,75.3950,128.6550,0.000021
_1363__291,VSS,Metal1,131.0750,135.9450,0.000551
_1283__290,VSS,Metal1,64.3550,120.8250,0.000342
_1337__289,VSS,Metal1,239.5550,143.5050,0.000250
_1284__288,VSS,Metal1,55.2350,135.9450,0.000604
_1376__287,VSS,Metal1,117.1550,75.7350,0.000092
_1285__286,VSS,Metal1,35.0750,135.9450,0.000517
_1338__285,VSS,Metal1,239.5550,113.5350,0.001006
_1286__284,VSS,Metal1,27.8750,143.7750,0.000062
_1364__283,VSS,Metal1,154.5950,121.0950,0.000109
_1287__282,VSS,Metal1,48.9250,151.0650,0.000381
_1339__281,VSS,Metal1,239.5550,75.7350,0.001240
_1288__280,VSS,Metal1,27.8750,166.4550,0.000020
_1397__279,VSS,Metal1,167.0750,181.3050,0.000352
_1289__278,VSS,Metal1,57.6350,174.0150,0.000026
_1340__277,VSS,Metal1,223.2350,75.7350,0.001127
_1290__276,VSS,Metal1,72.9950,166.1850,0.000214
_1365__275,VSS,Metal1,162.2750,105.7050,0.000200
_1291__274,VSS,Metal1,155.5550,188.8650,0.000375
_1341__273,VSS,Metal1,155.9650,22.8150,0.000085
_1292__272,VSS,Metal1,158.9150,166.4550,0.000111
_1377__271,VSS,Metal1,108.4450,60.3450,0.000144
_1293__270,VSS,Metal1,179.5550,151.0650,0.000197
_1342__269,VSS,Metal1,209.7950,22.8150,0.000193
_1294__268,VSS,Metal1,173.3150,166.1850,0.000104
_1366__267,VSS,Metal1,106.1150,105.7050,0.000052
_1295__266,VSS,Metal1,191.0750,135.9450,0.001728
_1343__265,VSS,Metal1,239.5550,174.0150,0.000433
_1296__264,VSS,Metal1,192.0350,98.4150,0.000729
_1383__263,VSS,Metal1,180.9950,75.7350,0.000178
_1297__262,VSS,Metal1,188.6750,83.2950,0.000086
_1344__261,VSS,Metal1,204.9950,189.1350,0.000290
_1298__260,VSS,Metal1,192.5150,60.3450,0.000216
_1367__259,VSS,Metal1,123.8750,90.5850,0.000046
_1299__258,VSS,Metal1,154.0450,52.7850,0.000166
_1345__257,VSS,Metal1,239.5550,151.3350,0.000485
_1300__256,VSS,Metal1,188.6750,45.4950,0.000250
_1378__255,VSS,Metal1,177.5650,128.3850,0.000103
_1301__254,VSS,Metal1,191.0750,151.3350,0.000288
_1346__253,VSS,Metal1,239.5550,128.3850,0.001138
_1302__252,VSS,Metal1,180.0350,181.3050,0.000140
_1368__251,VSS,Metal1,134.4350,105.7050,0.000120
_1303__250,VSS,Metal1,206.8450,143.5050,0.000181
_1347__249,VSS,Metal1,239.5550,90.5850,0.000391
_1304__248,VSS,Metal1,202.1150,120.8250,0.000376
_1386__247,VSS,Metal1,158.4350,98.1450,0.000199
_1305__246,VSS,Metal1,203.0750,83.0250,0.000272
_1348__245,VSS,Metal1,239.5550,60.3450,0.000361
_1306__244,VSS,Metal1,205.4750,52.7850,0.000318
_1369__243,VSS,Metal1,107.0750,90.5850,0.000021
_1307__242,VSS,Metal1,152.6750,37.9350,0.000108
_1349__241,VSS,Metal1,179.0750,22.8150,0.000068
_1308__240,VSS,Metal1,198.7550,37.6650,0.000486
_1379__239,VSS,Metal1,165.6350,135.9450,0.000186
_1229__238,VSS,Metal1,133.4050,256.9050,0.000021
_1309__237,VSS,Metal1,211.2350,173.7450,0.000433
_1230__236,VSS,Metal1,108.9950,249.3450,0.000067
_1350__235,VSS,Metal1,223.2350,22.8150,0.000226
_1231__234,VSS,Metal1,67.6450,249.6150,0.000114
_1310__233,VSS,Metal1,187.7150,196.4250,0.000234
_1232__232,VSS,Metal1,93.6350,249.6150,0.000046
_1370__231,VSS,Metal1,149.3150,105.9750,0.000253
_1233__230,VSS,Metal1,135.8750,226.6650,0.000523
_1311__229,VSS,Metal1,221.3150,151.3350,0.000485
_1234__228,VSS,Metal1,145.9550,219.3750,0.000095
_1351__227,VSS,Metal1,239.5550,188.8650,0.000466
_1235__226,VSS,Metal1,137.7950,241.7850,0.000000
_1312__225,VSS,Metal1,219.3950,121.0950,0.000610
_1236__224,VSS,Metal1,121.9550,234.2250,0.000116
_1384__223,VSS,Metal1,163.1650,60.3450,0.000178
_1237__222,VSS,Metal1,58.5950,241.7850,0.000047
_1313__221,VSS,Metal1,218.8450,90.8550,0.000320
_1238__220,VSS,Metal1,55.2350,256.9050,0.000000
_1352__219,VSS,Metal1,223.7150,196.4250,0.001389
_1239__218,VSS,Metal1,41.7950,242.0550,0.000033
_1314__217,VSS,Metal1,225.6350,52.7850,0.000495
_1240__216,VSS,Metal1,37.4050,234.2250,0.000017
_1371__215,VSS,Metal1,138.7550,83.2950,0.000439
_1241__214,VSS,Metal1,7.1650,204.2550,0.000072
_1315__213,VSS,Metal1,165.6350,22.8150,0.000078
_1242__212,VSS,Metal1,9.5650,219.3750,0.000088
_1353__211,VSS,Metal1,240.0350,166.1850,0.000657
_1243__210,VSS,Metal1,12.9950,188.8650,0.000151
_1316__209,VSS,Metal1,213.6350,37.9350,0.000525
_1244__208,VSS,Metal1,11.4850,181.3050,0.000057
_1380__207,VSS,Metal1,183.3950,113.2650,0.000532
_1245__206,VSS,Metal1,117.1550,189.1350,0.000110
_1317__205,VSS,Metal1,224.1950,188.8650,0.000347
_1246__204,VSS,Metal1,120.5150,249.3450,0.000085
_1354__203,VSS,Metal1,239.5550,136.2150,0.002904
_1247__202,VSS,Metal1,7.1650,166.1850,0.000019
_1318__201,VSS,Metal1,205.4750,181.3050,0.000688
_1248__200,VSS,Metal1,109.4750,135.9450,0.000131
_1372__199,VSS,Metal1,157.4750,75.4650,0.000227
_1249__198,VSS,Metal1,87.3950,113.5350,0.000051
_1319__197,VSS,Metal1,222.7550,166.4550,0.000636
_1250__196,VSS,Metal1,99.3950,121.0950,0.000035
_1355__195,VSS,Metal1,239.5550,98.4150,0.003291
_1251__194,VSS,Metal1,72.0350,105.9750,0.000056
_1320__193,VSS,Metal1,224.6750,136.2150,0.002880
_1252__192,VSS,Metal1,59.0050,105.7050,0.000103
_1396__191,VSS,Metal1,119.5550,151.0650,0.000068
_1253__190,VSS,Metal1,33.6350,113.2650,0.000008
_1321__189,VSS,Metal1,222.2050,105.9750,0.001429
_1254__188,VSS,Metal1,49.9550,113.5350,0.000034
_1356__187,VSS,Metal1,235.6450,75.4650,0.001210
_1255__186,VSS,Metal1,23.0050,128.6550,0.000008
_1322__185,VSS,Metal1,226.1150,60.3450,0.000361
_1256__184,VSS,Metal1,7.1650,136.2150,0.000118
_1373__183,VSS,Metal1,151.7150,67.9050,0.000224
_1257__182,VSS,Metal1,12.5150,151.3350,0.000067
_1323__181,VSS,Metal1,172.3550,45.4950,0.000062
_1258__180,VSS,Metal1,23.4850,158.6250,0.000033
_1357__179,VSS,Metal1,185.7950,30.3750,0.000035
_1259__178,VSS,Metal1,108.9950,234.2250,0.000078
_1324__177,VSS,Metal1,228.5150,30.3750,0.000035
_1260__176,VSS,Metal1,96.0350,234.4950,0.000057
_1381__175,VSS,Metal1,178.1150,105.7050,0.000343
_1261__174,VSS,Metal1,77.7950,234.4950,0.000063
_1325__173,VSS,Metal1,118.5250,135.9450,0.000551
_1262__172,VSS,Metal1,70.1150,226.9350,0.000137
_1326__171,VSS,Metal1,239.5550,204.2550,0.000178
_1263__170,VSS,Metal1,119.5550,219.3750,0.000091
_1327__169,VSS,Metal1,194.9150,143.5050,0.000154
_1264__168,VSS,Metal1,120.5150,203.9850,0.000642
_1358__167,VSS,Metal1,240.9950,45.2250,0.000502
_1265__166,VSS,Metal1,109.4750,226.6650,0.000059
_1328__165,VSS,Metal1,165.0850,196.4250,0.000225
_1266__164,VSS,Metal1,109.4750,203.9850,0.000621
_1374__163,VSS,Metal1,138.7550,53.0550,0.000236
_1267__162,VSS,Metal1,72.9250,204.2550,0.000015
_1329__161,VSS,Metal1,210.7550,135.9450,0.002102
_1397_,VSS,Metal1,170.0250,174.1720,0.000105
_1396_,VSS,Metal1,122.5050,143.9320,0.000232
_1395_,VSS,Metal1,137.8650,173.5870,0.000158
_1394_,VSS,Metal1,140.2650,211.3870,0.000121
_1393_,VSS,Metal1,122.5050,173.5870,0.000068
_1392_,VSS,Metal1,139.7850,181.7320,0.000408
_1391_,VSS,Metal1,123.4650,159.0520,0.000156
_1390_,VSS,Metal1,142.1850,158.4670,0.000166
_1389_,VSS,Metal1,125.3850,181.7320,0.000329
_1388_,VSS,Metal1,147.4650,196.2670,0.000273
_1387_,VSS,Metal1,119.6250,120.6670,0.000069
_1386_,VSS,Metal1,161.3850,90.4270,0.000212
_1385_,VSS,Metal1,180.5850,60.1870,0.000072
_1384_,VSS,Metal1,167.6250,60.7720,0.000178
_1383_,VSS,Metal1,183.9450,75.3070,0.000178
_1382_,VSS,Metal1,174.3450,90.4270,0.000122
_1381_,VSS,Metal1,181.0650,98.5720,0.000133
_1380_,VSS,Metal1,186.3450,113.6920,0.000532
_1379_,VSS,Metal1,168.5850,128.8120,0.000141
_1378_,VSS,Metal1,181.5450,128.8120,0.000103
_1377_,VSS,Metal1,111.7350,60.7720,0.000144
_1376_,VSS,Metal1,120.1050,75.3070,0.000092
_1375_,VSS,Metal1,125.3850,60.1870,0.000175
_1374_,VSS,Metal1,141.7050,60.1870,0.000235
_1373_,VSS,Metal1,154.6650,60.7720,0.000229
_1372_,VSS,Metal1,160.4250,75.8920,0.000227
_1371_,VSS,Metal1,141.7050,82.8670,0.000439
_1370_,VSS,Metal1,152.2650,98.5720,0.000203
_1369_,VSS,Metal1,110.0250,91.0120,0.000021
_1368_,VSS,Metal1,137.3850,98.5720,0.000163
_1367_,VSS,Metal1,123.9450,83.4520,0.000458
_1366_,VSS,Metal1,109.0650,106.1320,0.000052
_1365_,VSS,Metal1,165.2250,106.1320,0.000200
_1364_,VSS,Metal1,157.5450,120.6670,0.000109
_1363_,VSS,Metal1,134.0250,128.8120,0.000166
_1362_,VSS,Metal1,154.6650,128.8120,0.000180
_1361_,VSS,Metal1,134.0250,113.6920,0.000202
_1360_,VSS,Metal1,154.6650,211.3870,0.000024
_1359_,VSS,Metal1,135.9450,196.8520,0.000279
_1358_,VSS,Metal1,242.0250,38.0920,0.000640
_1357_,VSS,Metal1,188.7450,37.5070,0.000377
_1356_,VSS,Metal1,242.0250,68.3320,0.004160
_1355_,VSS,Metal1,242.0250,105.5470,0.001429
_1354_,VSS,Metal1,242.0250,135.7870,0.002904
_1353_,VSS,Metal1,242.0250,166.6120,0.000657
_1352_,VSS,Metal1,226.6650,196.8520,0.001389
_1351_,VSS,Metal1,242.0250,189.2920,0.000466
_1350_,VSS,Metal1,226.1850,22.3870,0.000226
_1349_,VSS,Metal1,182.0250,22.3870,0.000068
_1348_,VSS,Metal1,242.0250,53.2120,0.000552
_1347_,VSS,Metal1,242.0250,91.0120,0.000391
_1346_,VSS,Metal1,242.0250,121.2520,0.000633
_1345_,VSS,Metal1,242.0250,158.4670,0.001984
_1344_,VSS,Metal1,207.9450,196.8520,0.001355
_1343_,VSS,Metal1,242.0250,181.1470,0.001270
_1342_,VSS,Metal1,209.8650,22.3870,0.000193
_1341_,VSS,Metal1,157.3350,22.3870,0.000085
_1340_,VSS,Metal1,225.7050,75.3070,0.001127
_1339_,VSS,Metal1,242.0250,82.8670,0.000375
_1338_,VSS,Metal1,242.0250,113.1070,0.001006
_1337_,VSS,Metal1,242.0250,143.9320,0.000250
_1336_,VSS,Metal1,199.3050,173.5870,0.000394
_1335_,VSS,Metal1,210.3450,159.0520,0.000800
_1334_,VSS,Metal1,194.9850,22.3870,0.000114
_1333_,VSS,Metal1,134.5050,37.5070,0.000083
_1332_,VSS,Metal1,213.7050,67.7470,0.003480
_1331_,VSS,Metal1,207.9450,91.0120,0.000251
_1330_,VSS,Metal1,213.7050,105.5470,0.001323
_1329_,VSS,Metal1,210.8250,128.8120,0.000589
_1328_,VSS,Metal1,169.5450,189.2920,0.000306
_1327_,VSS,Metal1,197.8650,143.9320,0.000154
_1326_,VSS,Metal1,242.0250,203.8270,0.000178
_1325_,VSS,Metal1,121.8150,136.3720,0.000551
_1324_,VSS,Metal1,231.4650,37.5070,0.000640
_1323_,VSS,Metal1,175.3050,45.0670,0.000064
_1322_,VSS,Metal1,229.0650,60.7720,0.000361
_1321_,VSS,Metal1,226.6650,105.5470,0.001429
_1320_,VSS,Metal1,224.7450,135.7870,0.002880
_1319_,VSS,Metal1,225.7050,166.0270,0.000636
_1318_,VSS,Metal1,208.4250,188.7070,0.000290
_1317_,VSS,Metal1,227.1450,181.7320,0.001228
_1316_,VSS,Metal1,215.1450,37.5070,0.000526
_1315_,VSS,Metal1,168.5850,29.9470,0.000035
_1314_,VSS,Metal1,227.6250,45.6520,0.000502
_1313_,VSS,Metal1,222.8250,90.4270,0.000320
_1312_,VSS,Metal1,222.3450,120.6670,0.000610
_1311_,VSS,Metal1,223.7850,150.9070,0.000485
_1310_,VSS,Metal1,190.6650,189.2920,0.000235
_1309_,VSS,Metal1,214.1850,174.1720,0.000433
_1308_,VSS,Metal1,201.7050,38.0920,0.000486
_1307_,VSS,Metal1,154.1850,37.5070,0.000108
_1306_,VSS,Metal1,208.4250,53.2120,0.000318
_1305_,VSS,Metal1,206.0250,75.8920,0.001024
_1304_,VSS,Metal1,205.0650,113.6920,0.000879
_1303_,VSS,Metal1,210.8250,143.9320,0.000181
_1302_,VSS,Metal1,182.9850,174.1720,0.000350
_1301_,VSS,Metal1,194.0250,159.0520,0.000625
_1300_,VSS,Metal1,191.6250,52.6270,0.000137
_1299_,VSS,Metal1,157.3350,45.6520,0.000075
_1298_,VSS,Metal1,195.4650,67.7470,0.000761
_1297_,VSS,Metal1,191.6250,90.4270,0.000193
_1296_,VSS,Metal1,194.9850,105.5470,0.000754
_1295_,VSS,Metal1,194.5050,128.8120,0.000340
_1294_,VSS,Metal1,175.7850,159.0520,0.000066
_1293_,VSS,Metal1,182.5050,143.9320,0.000085
_1292_,VSS,Metal1,161.8650,166.0270,0.000111
_1291_,VSS,Metal1,158.5050,181.7320,0.000397
_1290_,VSS,Metal1,75.9450,166.6120,0.000214
_1289_,VSS,Metal1,60.5850,181.1470,0.000100
_1288_,VSS,Metal1,30.8250,173.5870,0.000019
_1287_,VSS,Metal1,52.2150,151.4920,0.000381
_1286_,VSS,Metal1,30.8250,150.9070,0.000258
_1285_,VSS,Metal1,37.5450,136.3720,0.000517
_1284_,VSS,Metal1,57.2250,128.8120,0.000020
_1283_,VSS,Metal1,67.3050,121.2520,0.000342
_1282_,VSS,Metal1,78.3450,135.7870,0.000408
_1281_,VSS,Metal1,84.1050,121.2520,0.000284
_1280_,VSS,Metal1,106.6650,143.9320,0.000136
_1279_,VSS,Metal1,95.6250,135.7870,0.000073
_1278_,VSS,Metal1,111.9450,158.4670,0.000142
_1277_,VSS,Metal1,98.9850,166.0270,0.000033
_1276_,VSS,Metal1,109.5450,174.1720,0.000028
_1275_,VSS,Metal1,106.1850,188.7070,0.000099
_1274_,VSS,Metal1,45.7050,181.7320,0.000056
_1273_,VSS,Metal1,30.3450,181.7320,0.000056
_1272_,VSS,Metal1,33.2250,211.3870,0.000266
_1271_,VSS,Metal1,44.7450,196.8520,0.000035
_1270_,VSS,Metal1,46.6650,211.9720,0.000396
_1269_,VSS,Metal1,55.3050,219.5320,0.000296
_1268_,VSS,Metal1,65.8650,211.9720,0.000445
_1267_,VSS,Metal1,76.2150,211.3870,0.000425
_1266_,VSS,Metal1,110.0250,204.4120,0.000621
_1265_,VSS,Metal1,111.9450,219.5320,0.000088
_1264_,VSS,Metal1,122.9850,204.4120,0.000642
_1263_,VSS,Metal1,119.6250,218.9470,0.000091
_1262_,VSS,Metal1,72.5850,226.5070,0.000137
_1261_,VSS,Metal1,80.7450,241.6270,0.000104
_1260_,VSS,Metal1,98.9850,234.0670,0.000057
_1259_,VSS,Metal1,111.9450,234.6520,0.000078
_1258_,VSS,Metal1,26.7750,159.0520,0.000033
_1257_,VSS,Metal1,15.4650,150.9070,0.000068
_1256_,VSS,Metal1,14.5050,136.3720,0.000118
_1255_,VSS,Metal1,25.8150,135.7870,0.000035
_1254_,VSS,Metal1,52.9050,120.6670,0.000344
_1253_,VSS,Metal1,36.5850,106.1320,0.000096
_1252_,VSS,Metal1,62.2950,106.1320,0.000103
_1251_,VSS,Metal1,74.9850,113.1070,0.000070
_1250_,VSS,Metal1,101.3850,120.6670,0.000035
_1249_,VSS,Metal1,90.8250,113.1070,0.000051
_1248_,VSS,Metal1,110.9850,128.8120,0.000112
_1247_,VSS,Metal1,14.5050,166.0270,0.000019
_1246_,VSS,Metal1,123.4650,249.7720,0.000085
_1245_,VSS,Metal1,119.6250,196.2670,0.000257
_1244_,VSS,Metal1,16.4250,174.1720,0.000066
_1243_,VSS,Metal1,14.5050,189.2920,0.000151
_1242_,VSS,Metal1,15.9450,218.9470,0.000088
_1241_,VSS,Metal1,14.5050,204.4120,0.000072
_1240_,VSS,Metal1,40.6950,227.0920,0.000058
_1239_,VSS,Metal1,44.7450,241.6270,0.000033
_1238_,VSS,Metal1,58.1850,249.7720,0.000120
_1237_,VSS,Metal1,61.5450,234.6520,0.000079
_1236_,VSS,Metal1,124.9050,234.6520,0.000116
_1235_,VSS,Metal1,140.2650,234.6520,0.000136
_1234_,VSS,Metal1,148.9050,226.5070,0.000292
_1233_,VSS,Metal1,133.0650,219.5320,0.000104
_1232_,VSS,Metal1,96.5850,249.1870,0.000046
_1231_,VSS,Metal1,70.9350,249.1870,0.000114
_1230_,VSS,Metal1,110.5050,249.7720,0.000067
_1229_,VSS,Metal1,137.3850,249.7720,0.000085
_1228_,VSS,Metal1,152.0550,143.9320,0.000240
_1227_,VSS,Metal1,234.5770,203.8860,0.000134
_1226_,VSS,Metal1,116.5860,113.7300,0.000085
_1225_,VSS,Metal1,123.8050,113.5550,0.000108
_1224_,VSS,Metal1,152.0610,90.9670,0.000202
_1223_,VSS,Metal1,150.6850,90.5650,0.000201
_1222_,VSS,Metal1,172.9360,60.2030,0.000164
_1221_,VSS,Metal1,179.9460,60.8100,0.000072
_1220_,VSS,Metal1,175.6720,67.7530,0.000146
_1219_,VSS,Metal1,167.1760,67.7630,0.000171
_1218_,VSS,Metal1,169.3860,60.1500,0.000178
_1217_,VSS,Metal1,170.3920,68.3260,0.000164
_1216_,VSS,Metal1,176.0230,75.3230,0.000065
_1215_,VSS,Metal1,173.8130,75.2700,0.000072
_1214_,VSS,Metal1,174.7270,75.8860,0.000072
_1213_,VSS,Metal1,170.7430,83.4360,0.000178
_1212_,VSS,Metal1,173.7060,83.4900,0.000090
_1211_,VSS,Metal1,171.8320,97.9930,0.000135
_1210_,VSS,Metal1,173.8960,105.5630,0.000164
_1209_,VSS,Metal1,173.8130,98.6100,0.000133
_1208_,VSS,Metal1,175.1920,106.1260,0.000148
_1207_,VSS,Metal1,176.7760,113.6760,0.000033
_1206_,VSS,Metal1,178.0260,113.0700,0.000505
_1205_,VSS,Metal1,173.7670,113.6860,0.000034
_1204_,VSS,Metal1,166.9030,121.2360,0.000096
_1203_,VSS,Metal1,169.8660,121.2900,0.000093
_1202_,VSS,Metal1,168.9520,120.6730,0.000093
_1201_,VSS,Metal1,174.8560,121.2360,0.000075
_1200_,VSS,Metal1,177.0660,121.2900,0.000024
_1199_,VSS,Metal1,175.6720,113.1130,0.000030
_1198_,VSS,Metal1,170.0560,75.8760,0.000186
_1197_,VSS,Metal1,119.5120,60.7660,0.000166
_1196_,VSS,Metal1,126.7120,68.3260,0.000224
_1195_,VSS,Metal1,116.6930,60.1500,0.000146
_1194_,VSS,Metal1,128.1520,75.3130,0.000116
_1193_,VSS,Metal1,129.5920,68.3260,0.000228
_1192_,VSS,Metal1,126.7730,75.9300,0.000104
_1191_,VSS,Metal1,129.1270,60.7660,0.000175
_1190_,VSS,Metal1,134.3920,60.7660,0.000230
_1189_,VSS,Metal1,131.5730,60.8100,0.000197
_1188_,VSS,Metal1,138.7270,60.7660,0.000235
_1187_,VSS,Metal1,142.5520,67.7530,0.000234
_1186_,VSS,Metal1,141.0660,60.8100,0.000235
_1185_,VSS,Metal1,148.8070,67.7530,0.000225
_1184_,VSS,Metal1,150.7120,68.3260,0.000224
_1183_,VSS,Metal1,147.4130,60.8100,0.000235
_1182_,VSS,Metal1,152.1670,75.8860,0.000259
_1181_,VSS,Metal1,152.5860,75.2700,0.000259
_1180_,VSS,Metal1,149.2870,75.8860,0.000263
_1179_,VSS,Metal1,145.8380,76.2840,0.000267
_1178_,VSS,Metal1,147.3600,97.9860,0.000202
_1177_,VSS,Metal1,149.6230,83.4360,0.000421
_1176_,VSS,Metal1,141.8530,105.5300,0.000143
_1175_,VSS,Metal1,154.7150,98.0270,0.000203
_1174_,VSS,Metal1,147.5150,106.0920,0.000253
_1173_,VSS,Metal1,117.8530,90.4100,0.000025
_1172_,VSS,Metal1,119.4850,90.8750,0.000026
_1171_,VSS,Metal1,134.6530,97.9700,0.000163
_1170_,VSS,Metal1,131.7760,98.0630,0.000153
_1169_,VSS,Metal1,128.6750,98.1250,0.000140
_1168_,VSS,Metal1,121.6930,90.4100,0.000042
_1167_,VSS,Metal1,126.4650,90.4560,0.000139
_1166_,VSS,Metal1,104.1060,105.5100,0.000051
_1165_,VSS,Metal1,117.7700,105.5860,0.000055
_1164_,VSS,Metal1,120.9520,105.5530,0.000099
_1163_,VSS,Metal1,120.7050,98.5430,0.000137
_1162_,VSS,Metal1,116.2960,98.5560,0.000014
_1161_,VSS,Metal1,131.7450,90.4180,0.000162
_1160_,VSS,Metal1,157.3410,106.0870,0.000231
_1159_,VSS,Metal1,148.8070,120.6730,0.000107
_1158_,VSS,Metal1,146.6260,121.2700,0.000106
_1157_,VSS,Metal1,131.0470,128.2330,0.000166
_1156_,VSS,Metal1,141.3730,128.2100,0.000171
_1155_,VSS,Metal1,147.3670,128.2330,0.000177
_1154_,VSS,Metal1,149.8130,128.1900,0.000180
_1153_,VSS,Metal1,129.3750,90.9830,0.000156
_1152_,VSS,Metal1,126.2920,113.5800,0.000188
_1151_,VSS,Metal1,125.2600,128.2300,0.000166
_1150_,VSS,Metal1,124.7460,113.0700,0.000151
_1149_,VSS,Metal1,123.2050,105.5870,0.000120
_1148_,VSS,Metal1,118.6960,98.5560,0.000097
_1147_,VSS,Metal1,148.3120,113.2320,0.000193
_1146_,VSS,Metal1,133.5760,75.8760,0.000199
_1145_,VSS,Metal1,141.5650,120.7070,0.000104
_1144_,VSS,Metal1,145.8210,120.7120,0.000106
_1143_,VSS,Metal1,138.2900,128.2900,0.000166
_1142_,VSS,Metal1,144.8170,128.2860,0.000174
_1141_,VSS,Metal1,149.0530,204.4300,0.000588
_1140_,VSS,Metal1,153.5470,204.3000,0.000519
_1139_,VSS,Metal1,131.6750,196.3070,0.000279
_1138_,VSS,Metal1,133.6950,196.2960,0.000279
_1137_,VSS,Metal1,132.0520,189.1800,0.000267
_1136_,VSS,Metal1,234.5770,38.0330,0.000640
_1135_,VSS,Metal1,237.6320,45.0900,0.000502
_1134_,VSS,Metal1,182.7370,30.4730,0.000035
_1133_,VSS,Metal1,179.9670,37.5300,0.000177
_1132_,VSS,Metal1,243.6970,67.8060,0.004160
_1131_,VSS,Metal1,238.0470,60.7490,0.000361
_1130_,VSS,Metal1,236.9770,98.5130,0.003291
_1129_,VSS,Metal1,233.2470,98.5490,0.003289
_1128_,VSS,Metal1,237.4570,136.3130,0.002904
_1127_,VSS,Metal1,231.8070,128.7890,0.001095
_1126_,VSS,Metal1,237.9370,166.0860,0.000657
_1125_,VSS,Metal1,233.2470,166.5890,0.000642
_1124_,VSS,Metal1,219.2170,196.3260,0.001368
_1123_,VSS,Metal1,216.4470,189.2690,0.000303
_1122_,VSS,Metal1,234.5770,189.2330,0.000454
_1121_,VSS,Metal1,235.7120,188.7300,0.000454
_1120_,VSS,Metal1,218.7370,22.4460,0.000210
_1119_,VSS,Metal1,218.4320,22.9490,0.000210
_1118_,VSS,Metal1,174.5770,22.4460,0.000037
_1117_,VSS,Metal1,174.7520,22.9490,0.000037
_1116_,VSS,Metal1,237.7420,52.6860,0.000552
_1115_,VSS,Metal1,233.2470,53.1890,0.000526
_1114_,VSS,Metal1,236.4970,90.4860,0.000389
_1113_,VSS,Metal1,232.7670,90.4500,0.000386
_1112_,VSS,Metal1,235.0570,120.7260,0.000618
_1111_,VSS,Metal1,231.8070,121.2290,0.000616
_1110_,VSS,Metal1,234.5770,158.5260,0.001983
_1109_,VSS,Metal1,232.7670,151.4690,0.000485
_1108_,VSS,Metal1,201.9370,189.2330,0.000238
_1107_,VSS,Metal1,198.2070,196.2900,0.001252
_1106_,VSS,Metal1,234.5770,174.1130,0.000433
_1105_,VSS,Metal1,230.8470,174.1490,0.000433
_1104_,VSS,Metal1,202.8970,22.9130,0.000140
_1103_,VSS,Metal1,206.4320,22.9490,0.000193
_1102_,VSS,Metal1,153.9370,22.9130,0.000085
_1101_,VSS,Metal1,150.2070,22.9490,0.000045
_1100_,VSS,Metal1,219.2170,68.2730,0.003480
_1099_,VSS,Metal1,216.9270,75.3300,0.001070
_1098_,VSS,Metal1,235.0570,75.8330,0.001197
_1097_,VSS,Metal1,232.2870,82.8900,0.000361
_1096_,VSS,Metal1,234.5770,105.6060,0.001429
_1095_,VSS,Metal1,231.3270,113.1300,0.000974
_1094_,VSS,Metal1,235.0570,143.4060,0.000235
_1093_,VSS,Metal1,231.8070,143.9090,0.000224
_1092_,VSS,Metal1,193.2970,166.5530,0.000038
_1091_,VSS,Metal1,190.5270,173.6100,0.000362
_1090_,VSS,Metal1,202.8970,158.9930,0.000789
_1089_,VSS,Metal1,203.5520,158.4900,0.000789
_1088_,VSS,Metal1,189.7420,22.9130,0.000114
_1087_,VSS,Metal1,193.4720,22.9490,0.000114
_1086_,VSS,Metal1,130.7020,30.4730,0.000019
_1085_,VSS,Metal1,138.7520,30.5090,0.000022
_1084_,VSS,Metal1,208.1770,60.7130,0.000233
_1083_,VSS,Metal1,204.4470,67.7700,0.000791
_1082_,VSS,Metal1,204.1420,90.4860,0.000251
_1081_,VSS,Metal1,200.6070,90.4500,0.000219
_1080_,VSS,Metal1,206.7370,98.0460,0.002694
_1079_,VSS,Metal1,204.4470,105.5700,0.000873
_1078_,VSS,Metal1,203.1820,128.7530,0.000426
_1077_,VSS,Metal1,202.5270,128.2500,0.000426
_1076_,VSS,Metal1,167.1820,196.3260,0.000225
_1075_,VSS,Metal1,169.9520,188.7300,0.000306
_1074_,VSS,Metal1,190.2220,143.8730,0.000123
_1073_,VSS,Metal1,190.5270,143.3700,0.000123
_1072_,VSS,Metal1,137.5330,143.3300,0.000238
_1071_,VSS,Metal1,140.5860,143.3100,0.000238
_1070_,VSS,Metal1,223.5430,37.5230,0.000619
_1069_,VSS,Metal1,224.8660,30.5500,0.000035
_1068_,VSS,Metal1,221.8130,29.9100,0.000035
_1067_,VSS,Metal1,168.6160,38.0760,0.000084
_1066_,VSS,Metal1,175.9060,38.1100,0.000045
_1065_,VSS,Metal1,170.3460,37.4700,0.000080
_1064_,VSS,Metal1,221.8960,60.2030,0.000275
_1063_,VSS,Metal1,221.5060,60.7900,0.000275
_1062_,VSS,Metal1,224.1060,53.2500,0.000482
_1061_,VSS,Metal1,219.4960,98.5560,0.003133
_1060_,VSS,Metal1,222.9460,97.9700,0.003190
_1059_,VSS,Metal1,220.7460,91.0500,0.000320
_1058_,VSS,Metal1,220.1830,128.2430,0.000855
_1057_,VSS,Metal1,224.8660,128.8300,0.000903
_1056_,VSS,Metal1,222.1860,128.1900,0.000855
_1055_,VSS,Metal1,220.6630,159.0360,0.001167
_1054_,VSS,Metal1,222.9460,159.0700,0.001934
_1053_,VSS,Metal1,220.7460,158.4300,0.001167
_1052_,VSS,Metal1,200.5030,181.1630,0.000555
_1051_,VSS,Metal1,209.0260,181.1300,0.000688
_1050_,VSS,Metal1,196.2660,181.7700,0.000544
_1049_,VSS,Metal1,219.7030,181.7160,0.000887
_1048_,VSS,Metal1,226.3060,181.1300,0.001227
_1047_,VSS,Metal1,219.7860,181.1100,0.000887
_1046_,VSS,Metal1,207.7030,37.5230,0.000486
_1045_,VSS,Metal1,214.7860,30.5500,0.000035
_1044_,VSS,Metal1,205.4930,37.4700,0.000486
_1043_,VSS,Metal1,163.0630,37.5230,0.000085
_1042_,VSS,Metal1,167.2660,37.4900,0.000084
_1041_,VSS,Metal1,161.3330,30.5700,0.000026
_1040_,VSS,Metal1,219.2230,52.6430,0.000364
_1039_,VSS,Metal1,221.9860,53.2300,0.000482
_1038_,VSS,Metal1,217.0130,52.5900,0.000324
_1037_,VSS,Metal1,216.8230,83.4360,0.000321
_1036_,VSS,Metal1,219.1060,83.4700,0.000321
_1035_,VSS,Metal1,214.0260,82.8300,0.000272
_1034_,VSS,Metal1,214.6960,120.6830,0.000587
_1033_,VSS,Metal1,219.1060,113.7100,0.000938
_1032_,VSS,Metal1,216.9060,113.7300,0.000938
_1031_,VSS,Metal1,216.1360,151.4760,0.000464
_1030_,VSS,Metal1,220.0660,143.9500,0.000200
_1029_,VSS,Metal1,218.8260,143.3100,0.000200
_1028_,VSS,Metal1,186.8560,181.7160,0.000150
_1027_,VSS,Metal1,192.2530,181.7500,0.000284
_1026_,VSS,Metal1,187.2530,181.1100,0.000150
_1025_,VSS,Metal1,208.1830,173.6030,0.000431
_1024_,VSS,Metal1,213.3460,173.5700,0.000433
_1023_,VSS,Metal1,205.3860,166.6500,0.000215
_1022_,VSS,Metal1,194.0560,38.0760,0.000399
_1021_,VSS,Metal1,201.3460,37.4900,0.000486
_1020_,VSS,Metal1,195.7860,45.6900,0.000261
_1019_,VSS,Metal1,146.5360,37.5230,0.000091
_1018_,VSS,Metal1,150.4930,30.5500,0.000023
_1017_,VSS,Metal1,150.7730,38.1300,0.000108
_1016_,VSS,Metal1,200.7760,53.1960,0.000189
_1015_,VSS,Metal1,208.5460,52.6100,0.000318
_1014_,VSS,Metal1,202.0260,60.1500,0.000217
_1013_,VSS,Metal1,198.3760,75.8760,0.000736
_1012_,VSS,Metal1,204.7060,75.2900,0.001024
_1011_,VSS,Metal1,198.7730,82.8300,0.000185
_1010_,VSS,Metal1,197.4160,113.6760,0.000725
_1009_,VSS,Metal1,204.2260,113.0900,0.000878
_1008_,VSS,Metal1,206.4530,106.1700,0.001274
_1007_,VSS,Metal1,204.1360,143.3630,0.000154
_1006_,VSS,Metal1,209.0260,143.3300,0.000181
_1005_,VSS,Metal1,205.0130,135.7500,0.001955
_1004_,VSS,Metal1,178.4230,173.6030,0.000350
_1003_,VSS,Metal1,182.1460,173.5700,0.000350
_1002_,VSS,Metal1,178.0260,181.1100,0.000067
_1001_,VSS,Metal1,186.8560,158.4830,0.000199
_1000_,VSS,Metal1,193.6660,158.4500,0.000625
_0999_,VSS,Metal1,188.5860,151.5300,0.000246
_0998_,VSS,Metal1,183.9760,52.6430,0.000107
_0997_,VSS,Metal1,190.8130,45.6700,0.000261
_0996_,VSS,Metal1,185.7060,53.2500,0.000130
_0995_,VSS,Metal1,161.8960,52.6430,0.000154
_0994_,VSS,Metal1,164.8930,45.6700,0.000067
_0993_,VSS,Metal1,166.5060,52.5900,0.000127
_0992_,VSS,Metal1,187.8160,67.7630,0.000322
_0991_,VSS,Metal1,195.5860,60.1700,0.000216
_0990_,VSS,Metal1,189.5460,68.3700,0.000745
_0989_,VSS,Metal1,185.6230,83.4360,0.000079
_0988_,VSS,Metal1,190.8130,83.4700,0.000086
_0987_,VSS,Metal1,183.4130,83.4900,0.000079
_0986_,VSS,Metal1,189.4630,98.5560,0.000711
_0985_,VSS,Metal1,194.1460,98.5900,0.002357
_0984_,VSS,Metal1,187.7330,105.5100,0.000507
_0983_,VSS,Metal1,190.4230,128.2430,0.000340
_0982_,VSS,Metal1,194.1460,128.2100,0.000340
_0981_,VSS,Metal1,190.1330,120.6300,0.000375
_0980_,VSS,Metal1,171.2230,158.4830,0.000066
_0979_,VSS,Metal1,173.5060,158.4500,0.000066
_0978_,VSS,Metal1,171.8930,151.5300,0.000042
_0977_,VSS,Metal1,178.9030,143.3630,0.000085
_0976_,VSS,Metal1,182.1730,143.3300,0.000085
_0975_,VSS,Metal1,179.5730,136.4100,0.000186
_0974_,VSS,Metal1,150.7730,165.9900,0.000101
_0973_,VSS,Metal1,155.0050,166.4750,0.000103
_0972_,VSS,Metal1,153.1200,166.0260,0.000102
_0971_,VSS,Metal1,152.3860,166.6300,0.000102
_0970_,VSS,Metal1,152.3860,188.6900,0.000392
_0969_,VSS,Metal1,148.3550,174.0350,0.000173
_0968_,VSS,Metal1,154.4230,181.1630,0.000397
_0967_,VSS,Metal1,150.7550,181.5950,0.000411
_0966_,VSS,Metal1,151.9330,159.0700,0.000154
_0965_,VSS,Metal1,149.8130,159.0900,0.000154
_0964_,VSS,Metal1,67.9330,166.6300,0.000213
_0963_,VSS,Metal1,67.4550,166.0560,0.000213
_0962_,VSS,Metal1,64.2850,166.0670,0.000209
_0961_,VSS,Metal1,63.2230,166.5960,0.000209
_0960_,VSS,Metal1,70.3350,166.0560,0.000213
_0959_,VSS,Metal1,56.3860,166.6300,0.000187
_0958_,VSS,Metal1,58.3050,166.5830,0.000187
_0957_,VSS,Metal1,61.4050,166.0670,0.000205
_0956_,VSS,Metal1,60.9060,166.6500,0.000205
_0955_,VSS,Metal1,36.2530,166.6300,0.000153
_0954_,VSS,Metal1,39.5850,166.5830,0.000157
_0953_,VSS,Metal1,53.2450,166.0670,0.000171
_0952_,VSS,Metal1,51.6850,166.5720,0.000166
_0951_,VSS,Metal1,49.8700,166.0900,0.000163
_0950_,VSS,Metal1,41.3150,166.0670,0.000157
_0949_,VSS,Metal1,61.1300,150.9460,0.000381
_0948_,VSS,Metal1,60.0530,151.5300,0.000381
_0947_,VSS,Metal1,63.8050,150.9470,0.000381
_0946_,VSS,Metal1,38.6530,150.8900,0.000277
_0945_,VSS,Metal1,62.4980,151.4470,0.000381
_0944_,VSS,Metal1,39.1350,158.4960,0.000434
_0943_,VSS,Metal1,42.2750,158.5070,0.000523
_0942_,VSS,Metal1,44.0610,143.8870,0.000224
_0941_,VSS,Metal1,42.2750,151.4520,0.000284
_0940_,VSS,Metal1,45.9100,136.3330,0.000528
_0939_,VSS,Metal1,43.6300,135.8500,0.000519
_0938_,VSS,Metal1,52.4900,135.8260,0.000604
_0937_,VSS,Metal1,58.5250,143.3870,0.000344
_0936_,VSS,Metal1,53.6170,143.4060,0.000342
_0935_,VSS,Metal1,66.6660,128.8500,0.000020
_0934_,VSS,Metal1,63.5150,135.8270,0.000541
_0933_,VSS,Metal1,63.3950,143.3870,0.000367
_0932_,VSS,Metal1,64.8530,128.8500,0.000020
_0931_,VSS,Metal1,69.2180,143.3920,0.000369
_0930_,VSS,Metal1,78.7730,143.3100,0.000406
_0929_,VSS,Metal1,84.5150,143.8920,0.000382
_0928_,VSS,Metal1,76.9360,151.4760,0.000388
_0927_,VSS,Metal1,75.5860,136.3900,0.000408
_0926_,VSS,Metal1,74.9150,151.4520,0.000387
_0925_,VSS,Metal1,77.1250,128.7720,0.000021
_0924_,VSS,Metal1,76.5460,121.2700,0.000297
_0923_,VSS,Metal1,80.3150,128.7720,0.000021
_0922_,VSS,Metal1,78.6850,158.5070,0.000519
_0921_,VSS,Metal1,78.6660,150.8700,0.000389
_0920_,VSS,Metal1,81.2750,150.9470,0.000389
_0919_,VSS,Metal1,87.8750,143.3870,0.000366
_0918_,VSS,Metal1,96.3100,143.8930,0.000123
_0917_,VSS,Metal1,91.0630,143.3630,0.000284
_0916_,VSS,Metal1,91.9330,136.3900,0.000073
_0915_,VSS,Metal1,92.9650,143.3870,0.000201
_0914_,VSS,Metal1,94.0450,150.9470,0.000106
_0913_,VSS,Metal1,103.3700,158.5060,0.000110
_0912_,VSS,Metal1,93.6350,151.4520,0.000109
_0911_,VSS,Metal1,88.8350,158.5070,0.000462
_0910_,VSS,Metal1,102.8180,151.4470,0.000078
_0909_,VSS,Metal1,88.9700,166.0660,0.000098
_0908_,VSS,Metal1,85.3410,166.0720,0.000209
_0907_,VSS,Metal1,100.2850,159.0120,0.000040
_0906_,VSS,Metal1,101.1100,174.1330,0.000028
_0905_,VSS,Metal1,88.7650,166.5720,0.000098
_0904_,VSS,Metal1,90.5770,173.6460,0.000028
_0903_,VSS,Metal1,96.3810,181.6870,0.000078
_0902_,VSS,Metal1,82.0450,181.1870,0.000088
_0901_,VSS,Metal1,91.7610,182.1240,0.000081
_0900_,VSS,Metal1,93.9810,181.1920,0.000081
_0899_,VSS,Metal1,39.0500,174.1330,0.000021
_0898_,VSS,Metal1,61.9120,188.7130,0.000624
_0897_,VSS,Metal1,59.0320,188.7130,0.000628
_0896_,VSS,Metal1,61.0130,181.7700,0.000100
_0895_,VSS,Metal1,57.5650,189.2520,0.000628
_0894_,VSS,Metal1,80.6320,196.2730,0.000031
_0893_,VSS,Metal1,78.2930,196.2300,0.000034
_0892_,VSS,Metal1,74.8450,189.2520,0.000209
_0891_,VSS,Metal1,26.2630,189.2760,0.000078
_0890_,VSS,Metal1,32.9650,189.2520,0.000268
_0889_,VSS,Metal1,26.3010,196.3120,0.000015
_0888_,VSS,Metal1,29.0530,189.3100,0.000149
_0887_,VSS,Metal1,28.1830,203.8430,0.000008
_0886_,VSS,Metal1,26.8300,204.3500,0.000008
_0885_,VSS,Metal1,53.2450,196.3070,0.000035
_0884_,VSS,Metal1,29.6170,196.3260,0.000026
_0883_,VSS,Metal1,29.5330,204.4300,0.000008
_0882_,VSS,Metal1,37.1860,196.8700,0.000027
_0881_,VSS,Metal1,38.8450,196.4050,0.000029
_0880_,VSS,Metal1,42.8560,211.4030,0.000396
_0879_,VSS,Metal1,61.9120,196.8460,0.000034
_0878_,VSS,Metal1,59.5550,196.8120,0.000034
_0877_,VSS,Metal1,49.2130,211.3700,0.000396
_0876_,VSS,Metal1,51.6130,211.3700,0.000404
_0875_,VSS,Metal1,51.8050,204.2750,0.000009
_0874_,VSS,Metal1,56.2960,211.4030,0.000424
_0873_,VSS,Metal1,65.2720,203.8330,0.000009
_0872_,VSS,Metal1,61.6930,204.4300,0.000009
_0871_,VSS,Metal1,77.5330,204.4300,0.000015
_0870_,VSS,Metal1,74.9150,204.2750,0.000015
_0869_,VSS,Metal1,88.6630,196.8360,0.000030
_0868_,VSS,Metal1,101.8960,203.8430,0.000052
_0867_,VSS,Metal1,85.0960,203.8430,0.000015
_0866_,VSS,Metal1,100.8530,212.0100,0.000066
_0865_,VSS,Metal1,102.8560,211.9560,0.000067
_0864_,VSS,Metal1,101.7100,219.0100,0.000033
_0863_,VSS,Metal1,104.3860,218.9300,0.000062
_0862_,VSS,Metal1,102.4930,204.4300,0.000052
_0861_,VSS,Metal1,99.8750,204.2750,0.000015
_0860_,VSS,Metal1,98.7430,218.9630,0.000035
_0859_,VSS,Metal1,95.5730,204.4500,0.000015
_0858_,VSS,Metal1,97.8850,204.2750,0.000015
_0857_,VSS,Metal1,96.2260,218.9300,0.000035
_0856_,VSS,Metal1,71.1760,219.5160,0.000281
_0855_,VSS,Metal1,86.4530,196.8900,0.000031
_0854_,VSS,Metal1,80.1060,226.4700,0.000136
_0853_,VSS,Metal1,79.0630,227.0760,0.000136
_0852_,VSS,Metal1,81.6980,227.0470,0.000133
_0851_,VSS,Metal1,82.5800,226.5100,0.000133
_0850_,VSS,Metal1,89.3780,227.0470,0.000033
_0849_,VSS,Metal1,87.0350,227.0520,0.000126
_0848_,VSS,Metal1,93.9980,227.4840,0.000027
_0847_,VSS,Metal1,106.8130,234.0500,0.000078
_0846_,VSS,Metal1,101.2280,196.3800,0.000012
_0845_,VSS,Metal1,149.3330,189.3300,0.000540
_0844_,VSS,Metal1,103.2350,226.9550,0.000026
_0843_,VSS,Metal1,65.0250,226.5360,0.000137
_0842_,VSS,Metal1,95.8570,196.3260,0.000024
_0841_,VSS,Metal1,98.3470,196.3800,0.000024
_0840_,VSS,Metal1,27.6130,158.4500,0.000033
_0839_,VSS,Metal1,26.4350,166.1650,0.000014
_0838_,VSS,Metal1,7.8220,150.9660,0.000068
_0837_,VSS,Metal1,13.4720,143.9090,0.000012
_0836_,VSS,Metal1,38.2570,166.0860,0.000153
_0835_,VSS,Metal1,12.2530,135.7700,0.000118
_0834_,VSS,Metal1,10.5950,143.4850,0.000012
_0833_,VSS,Metal1,25.6930,128.8300,0.000008
_0832_,VSS,Metal1,24.9250,136.2350,0.000035
_0831_,VSS,Metal1,45.3730,120.6500,0.000077
_0830_,VSS,Metal1,42.7550,120.8050,0.000077
_0829_,VSS,Metal1,34.2220,105.6060,0.000096
_0828_,VSS,Metal1,38.4320,105.5700,0.000096
_0827_,VSS,Metal1,63.1330,105.5300,0.000103
_0826_,VSS,Metal1,61.9550,113.2450,0.000069
_0825_,VSS,Metal1,75.6130,106.1500,0.000048
_0824_,VSS,Metal1,76.2850,113.5550,0.000070
_0823_,VSS,Metal1,97.1860,121.2700,0.000035
_0822_,VSS,Metal1,102.6850,113.5550,0.000018
_0821_,VSS,Metal1,89.0530,106.1500,0.000041
_0820_,VSS,Metal1,89.7250,113.5550,0.000051
_0819_,VSS,Metal1,103.4260,128.8300,0.000084
_0818_,VSS,Metal1,112.2850,128.3650,0.000112
_0817_,VSS,Metal1,12.2530,159.0700,0.000033
_0816_,VSS,Metal1,10.5950,166.4750,0.000019
_0815_,VSS,Metal1,117.8260,249.1700,0.000078
_0814_,VSS,Metal1,124.2850,249.3250,0.000085
_0813_,VSS,Metal1,114.6660,189.3300,0.000104
_0812_,VSS,Metal1,119.9650,189.1550,0.000142
_0811_,VSS,Metal1,113.7800,188.7100,0.000103
_0810_,VSS,Metal1,13.6930,181.1300,0.000057
_0809_,VSS,Metal1,9.0850,174.0350,0.000066
_0808_,VSS,Metal1,7.2530,189.3300,0.000151
_0807_,VSS,Metal1,11.0050,188.8450,0.000151
_0806_,VSS,Metal1,16.3000,188.7100,0.000151
_0805_,VSS,Metal1,13.4930,219.5700,0.000088
_0804_,VSS,Metal1,12.5150,211.8350,0.000086
_0803_,VSS,Metal1,19.6600,211.9700,0.000086
_0802_,VSS,Metal1,12.0530,211.3500,0.000086
_0801_,VSS,Metal1,11.0050,203.9650,0.000072
_0800_,VSS,Metal1,17.2600,203.8300,0.000072
_0799_,VSS,Metal1,39.8930,226.4700,0.000058
_0798_,VSS,Metal1,37.8850,226.6450,0.000058
_0797_,VSS,Metal1,43.6600,219.5300,0.000252
_0796_,VSS,Metal1,44.5860,234.6900,0.000017
_0795_,VSS,Metal1,47.0050,234.5150,0.000024
_0794_,VSS,Metal1,48.4600,234.0700,0.000029
_0793_,VSS,Metal1,56.1060,249.1500,0.000120
_0792_,VSS,Metal1,58.5250,249.3250,0.000120
_0791_,VSS,Metal1,58.5400,242.2100,0.000047
_0790_,VSS,Metal1,56.1060,234.0300,0.000079
_0789_,VSS,Metal1,58.5250,234.2050,0.000079
_0788_,VSS,Metal1,58.5400,227.0900,0.000115
_0787_,VSS,Metal1,119.9460,234.0300,0.000114
_0786_,VSS,Metal1,124.2850,234.2050,0.000116
_0785_,VSS,Metal1,118.1000,227.0900,0.000410
_0784_,VSS,Metal1,135.3060,234.0300,0.000136
_0783_,VSS,Metal1,139.6450,234.2050,0.000136
_0782_,VSS,Metal1,128.6600,227.0900,0.000523
_0781_,VSS,Metal1,142.9860,219.5700,0.000097
_0780_,VSS,Metal1,149.7250,219.3950,0.000092
_0779_,VSS,Metal1,139.7000,218.9500,0.000103
_0778_,VSS,Metal1,129.5460,218.9100,0.000104
_0777_,VSS,Metal1,132.9250,219.0850,0.000104
_0776_,VSS,Metal1,127.2200,218.9500,0.000102
_0775_,VSS,Metal1,89.2260,249.1500,0.000048
_0774_,VSS,Metal1,96.4450,242.0750,0.000044
_0773_,VSS,Metal1,87.8200,242.2100,0.000097
_0772_,VSS,Metal1,69.6530,249.8100,0.000114
_0771_,VSS,Metal1,68.6050,242.0750,0.000056
_0770_,VSS,Metal1,74.8600,242.2100,0.000068
_0769_,VSS,Metal1,106.9860,249.1500,0.000067
_0768_,VSS,Metal1,111.3250,249.3250,0.000067
_0767_,VSS,Metal1,105.1000,242.2100,0.000004
_0766_,VSS,Metal1,131.4660,249.1500,0.000085
_0765_,VSS,Metal1,128.1800,241.6300,0.000001
_0764_,VSS,Metal1,134.3650,249.3250,0.000085
_0763_,VSS,Metal1,143.5270,143.9260,0.000239
_0762_,VSS,Metal1,143.5550,143.4850,0.000239
_0761_,VSS,Metal1,146.8260,150.8700,0.000044
_0760_,VSS,Metal1,135.2230,143.9160,0.000237
_0759_,VSS,Metal1,134.4810,151.8840,0.000046
_0758_,VSS,Metal1,134.3500,150.9700,0.000046
_0757_,VSS,Metal1,121.8100,166.0720,0.000067
_0756_,VSS,Metal1,126.7200,158.4660,0.000156
_0755_,VSS,Metal1,134.1730,181.1300,0.000386
_0754_,VSS,Metal1,142.0800,174.1730,0.000158
_0753_,VSS,Metal1,147.6850,173.6270,0.000173
_0752_,VSS,Metal1,86.4350,181.5950,0.000085
_0751_,VSS,Metal1,134.1460,204.4300,0.000640
_0750_,VSS,Metal1,83.8450,188.7470,0.000150
_0749_,VSS,Metal1,75.3950,181.1870,0.000089
_0748_,VSS,Metal1,67.6870,188.7130,0.000234
_0747_,VSS,Metal1,88.7460,188.6700,0.000141
_0746_,VSS,Metal1,88.3550,204.3720,0.000015
_0745_,VSS,Metal1,90.8180,204.3670,0.000015
_0744_,VSS,Metal1,84.4450,211.9320,0.000364
_0743_,VSS,Metal1,84.8610,218.9920,0.000132
_0742_,VSS,Metal1,82.9860,196.2300,0.000031
_0741_,VSS,Metal1,87.3250,218.9870,0.000118
_0740_,VSS,Metal1,90.2750,211.9320,0.000253
_0739_,VSS,Metal1,47.7450,173.6160,0.000025
_0738_,VSS,Metal1,43.2070,173.5930,0.000021
_0737_,VSS,Metal1,40.8530,173.5500,0.000021
_0736_,VSS,Metal1,46.1330,173.5500,0.000025
_0735_,VSS,Metal1,64.2850,188.7470,0.000244
_0734_,VSS,Metal1,69.4630,181.1630,0.000091
_0733_,VSS,Metal1,68.3850,196.8230,0.000034
_0732_,VSS,Metal1,83.4850,181.6920,0.000087
_0731_,VSS,Metal1,81.0210,181.6870,0.000088
_0730_,VSS,Metal1,77.2720,181.7260,0.000089
_0729_,VSS,Metal1,54.7270,196.8460,0.000035
_0728_,VSS,Metal1,86.3920,150.9130,0.000389
_0727_,VSS,Metal1,76.3270,143.3530,0.000406
_0726_,VSS,Metal1,135.7580,165.6350,0.000095
_0725_,VSS,Metal1,135.4100,158.9900,0.000160
_0724_,VSS,Metal1,128.0780,142.9550,0.000232
_0723_,VSS,Metal1,131.5730,159.0900,0.000157
_0722_,VSS,Metal1,130.6100,143.8700,0.000235
_0721_,VSS,Metal1,117.9370,181.6730,0.000230
_0720_,VSS,Metal1,117.2620,174.1130,0.000068
_0719_,VSS,Metal1,165.5460,166.6500,0.000109
_0718_,VSS,Metal1,163.0450,173.6270,0.000179
_0717_,VSS,Metal1,161.0550,150.9360,0.000042
_0716_,VSS,Metal1,167.1500,203.8720,0.000097
_0715_,VSS,Metal1,47.4100,181.1920,0.000056
_0714_,VSS,Metal1,112.9100,181.1920,0.000077
_0713_,VSS,Metal1,87.4700,159.0070,0.000462
_0712_,VSS,Metal1,105.9700,151.4470,0.000078
_0711_,VSS,Metal1,88.4300,135.8320,0.000112
_0710_,VSS,Metal1,93.9700,143.8870,0.000201
_0709_,VSS,Metal1,79.5700,120.7120,0.000284
_0708_,VSS,Metal1,73.8100,136.3270,0.000408
_0707_,VSS,Metal1,49.5500,135.8320,0.000604
_0706_,VSS,Metal1,42.1300,143.3920,0.000213
_0705_,VSS,Metal1,36.8500,143.8870,0.000095
_0704_,VSS,Metal1,58.1900,150.9520,0.000381
_0703_,VSS,Metal1,34.4500,166.5670,0.000071
_0702_,VSS,Metal1,66.1300,174.1270,0.000028
_0701_,VSS,Metal1,67.5700,174.1270,0.000028
_0700_,VSS,Metal1,147.7300,211.4320,0.000116
_0699_,VSS,Metal1,148.4300,68.2870,0.000225
