net,length_um
clknet_0_clk_i,1.676215mm
net1255,1.09301mm
net744,1.0452mm
net480,1.0393mm
net341,1.021105mm
net867,1.019995mm
net347,1.01937mm
net456,1.009005mm
net1394,992.265µm
net329,938.95µm
net450,931.65µm
net313,917.79µm
net444,916.905µm
net360,914.49µm
net319,904.395µm
net434,902.19µm
net468,899.735µm
net331,899.12µm
net462,897.135µm
net1319,894.495µm
net380,891.535µm
net915,887.425µm
net382,886.99µm
net308,886.545µm
net262,884.62µm
net470,879.815µm
net428,877.3µm
net407,869.585µm
net492,867.53µm
net358,860.73µm
net423,848.925µm
net482,848.08µm
net280,847.245µm
net41,845.37µm
net284,841.175µm
net272,839.68µm
net335,829.03µm
net465,828.62µm
net364,826.47µm
net278,822.525µm
net459,822.27µm
net381,821.425µm
net323,817.81µm
net474,816.65µm
net43,813.795µm
net486,813.255µm
net355,803.17µm
net307,802.22µm
net27,801.385µm
net275,798.55µm
net46,795.48µm
net377,793.965µm
net326,791.38µm
net476,788µm
net48,778.12µm
net141,774.32µm
net318,773.945µm
net330,771.42µm
net819,768.34µm
net441,768.11µm
net594,763.37µm
net359,760.015µm
net1264,759.46µm
net432,757.55µm
net372,754.29µm
net266,753.28µm
net406,745.345µm
net438,743.275µm
net54,742.33µm
net60,738.87µm
net317,738.295µm
net818,738.05µm
net338,737.62µm
_03853_,736.93µm
net49,736.93µm
net53,730.705µm
net102,728.89µm
net52,727.095µm
_02989_,725.54µm
net55,725.145µm
net56,724.13µm
_03852_,723.615µm
net57,723.465µm
net58,721.82µm
net433,721.5µm
_01615_,719.2µm
net489,714.345µm
net427,713.77µm
net709,706.305µm
net139,698.71µm
net367,697.91µm
net138,695.84µm
net1437,694.21µm
net484,693.23µm
net1271,692.855µm
net538,692.465µm
net478,682.105µm
net24,681.215µm
net136,676.56µm
net310,672.92µm
net282,672.255µm
net447,671.715µm
net137,670.81µm
net409,664.04µm
net384,662.6µm
net706,661.85µm
net472,659.765µm
net422,659.62µm
net276,659.285µm
net425,658.96µm
net140,652.93µm
net1418,651.025µm
net780,649.855µm
net535,643.155µm
_05948_,639.005µm
net312,638.74µm
net466,635.475µm
net3,634.995µm
net356,632.82µm
net245,629.565µm
net321,629.265µm
net697,625.685µm
net362,623.685µm
net333,623.575µm
net368,619.525µm
_02973_,617.03µm
net261,612.71µm
net469,607.665µm
net475,604.505µm
_02974_,602.505µm
net457,601.075µm
net264,599.005µm
net454,595.79µm
net373,592.005µm
net339,582.705µm
net481,581.925µm
net22,581.725µm
net279,580.175µm
net460,575.03µm
net1256,573.91µm
net453,573.45µm
net430,572.765µm
net436,572.74µm
net796,572.4µm
net416,572.09µm
net350,571.515µm
net348,571.31µm
net351,567.315µm
net417,566.075µm
net336,565.08µm
net91,561.91µm
net315,561.255µm
net797,556.985µm
net448,555.9µm
net344,555.555µm
net1078,553.175µm
net345,553.155µm
net806,551.72µm
net342,550.76µm
net270,548.825µm
clk_i,545.68µm
net327,543.69µm
net442,541.715µm
net584,540.855µm
net490,540.17µm
net378,539.435µm
net537,537.17µm
net242,530.78µm
net757,528.14µm
net439,526.95µm
net463,524.16µm
net789,520.535µm
net42,518.77µm
net370,516.865µm
_01588_,516.31µm
net451,514.62µm
net1267,508.585µm
net375,508.08µm
net817,507.615µm
net804,505.905µm
net728,505.24µm
net1429,504.435µm
net735,499.305µm
net45,497.67µm
net365,496.715µm
net1265,496.67µm
net20,496.21µm
net36,493.34µm
net1312,491.77µm
net324,491.34µm
net59,491.04µm
u_picorv32.picorv32_core.decoded_imm\[6\],489.565µm
net793,489.535µm
net799,488.7µm
net725,487.82µm
net536,483.45µm
net791,483.06µm
net641,480.17µm
net803,479.99µm
net589,479.05µm
net269,476.415µm
net487,475.245µm
net792,474.895µm
net21,474.015µm
_03004_,474.01µm
net696,473.98µm
net724,473.815µm
net556,473.5µm
_02904_,473.36µm
_02965_,472.15µm
net1381,471.48µm
_02792_,470.305µm
net47,468.79µm
net94,468.79µm
net794,467.455µm
net95,467.29µm
net25,466.81µm
net65,466.495µm
_00004_,464.56µm
net40,464.29µm
net66,463.65µm
net243,463.18µm
net44,461.51µm
net23,460.91µm
net802,460.28µm
net39,459.62µm
u_picorv32.pcpi_rs2\[6\],459.28µm
net63,455.975µm
net64,455.825µm
net798,455.485µm
net532,453.275µm
net68,452.69µm
net96,451.93µm
net62,450.605µm
net705,449.63µm
net1246,448.19µm
net267,447.715µm
net1262,445.4µm
net61,443.21µm
_05482_,442.64µm
net51,441.445µm
net445,441.06µm
net704,440.46µm
net1045,439.36µm
net1413,439.125µm
_02827_,438.54µm
net952,436.895µm
net67,436.72µm
net1197,436.36µm
_03002_,436.33µm
net1270,436.3µm
net273,435.665µm
net945,435.5µm
net1202,435.285µm
net581,433.11µm
net860,432.435µm
net805,432.085µm
net98,431.22µm
net97,431.05µm
net18,429.195µm
net353,427.595µm
net738,426.915µm
net663,425.81µm
net690,424.85µm
net99,424.63µm
_02822_,423.245µm
net1057,421.77µm
u_picorv32.pcpi_rs2\[5\],420.19µm
_03020_,419.94µm
net50,419.54µm
net695,418.605µm
net14,418.525µm
u_picorv32.picorv32_core.decoded_imm\[20\],414.155µm
net100,413.89µm
_01638_,413.62µm
net1248,412.32µm
net1208,411.42µm
_02685_,411.25µm
net734,410.995µm
net1244,410.7µm
_00003_,410.675µm
net16,409.94µm
net1000,409.15µm
net1395,407.59µm
net72,407.325µm
net1329,405.895µm
net1420,404.335µm
net740,404.07µm
net352,402.155µm
net935,399.145µm
net710,399.085µm
net71,398.77µm
u_picorv32.picorv32_core.cpu_state\[4\],398.39µm
net815,397.78µm
net739,397.08µm
net1151,396.575µm
net811,395.09µm
net383,393.875µm
net274,393.21µm
u_picorv32.pcpi_rs2\[7\],393.16µm
_04109_,392.915µm
net1253,389.685µm
net1026,389.55µm
net810,389.16µm
net1155,389.04µm
net408,386.48µm
net309,386.455µm
net534,385.025µm
net555,384.215µm
u_picorv32.picorv32_core.decoded_imm\[14\],384.16µm
net707,384.145µm
net800,384.055µm
net683,383.95µm
net103,383.41µm
net741,381.215µm
net424,381.19µm
u_picorv32.pcpi_rs2\[13\],381.175µm
net311,380.435µm
net1250,380.34µm
net1261,379.865µm
net17,378.405µm
_03023_,377.83µm
net410,375.42µm
u_picorv32.picorv32_core.decoded_imm\[12\],373.905µm
net385,373.525µm
net1017,372.59µm
_02880_,371.885µm
net1025,370.135µm
_02928_,367.08µm
u_picorv32.pcpi_rs2\[17\],366.875µm
net1240,366.225µm
net631,365.03µm
_00007_,364.76µm
net1252,364.25µm
net1288,363.32µm
net464,363.255µm
net918,363.03µm
net354,362.905µm
net611,362.89µm
net808,362.57µm
u_picorv32.picorv32_core.decoded_imm\[23\],361.24µm
_01617_,360.37µm
net1263,359.995µm
net1245,359.95µm
u_picorv32.picorv32_core.mem_rdata_q\[27\],359.635µm
net1299,359.45µm
net940,358.745µm
u_picorv32.picorv32_core.decoded_imm\[5\],358.265µm
net322,358.26µm
net895,358.145µm
net836,356.89µm
_05557_,355.93µm
net426,355.55µm
net694,354.085µm
u_picorv32.picorv32_core.decoded_imm\[7\],352.59µm
net1300,352.5µm
_01689_,352.48µm
net74,351.83µm
net786,351.075µm
net664,350.915µm
net76,350.65µm
net847,350.625µm
net812,349.35µm
net1167,349.085µm
net684,349.03µm
net884,347.86µm
net742,347.705µm
net452,347.625µm
net1365,344.275µm
_04941_,344.16µm
net1207,343.94µm
net343,343.445µm
_02832_,343.43µm
net908,343.07µm
net659,342.615µm
net999,342.6µm
_04090_,341.58µm
net418,341.245µm
net363,340.945µm
_03948_,339.905µm
net1050,339.89µm
u_picorv32.picorv32_core.decoded_imm\[0\],339.79µm
net12,339.02µm
net320,338.785µm
_02688_,338.12µm
net1201,337.785µm
net28,337.275µm
net332,336.245µm
net1027,335.66µm
net776,334.6µm
net268,333.125µm
_02803_,332.94µm
net1241,332.885µm
u_picorv32.pcpi_rs2\[15\],332.685µm
net369,332.02µm
net429,331.87µm
clknet_5_24__leaf_clk_i,330.235µm
net961,330.015µm
net779,329.54µm
u_picorv32.picorv32_core.decoded_imm\[25\],329.46µm
net1268,329.005µm
net755,328.18µm
u_picorv32.picorv32_core.decoded_imm\[8\],327.505µm
u_picorv32.picorv32_core.reg_pc\[1\],327.185µm
net1031,326.39µm
_02852_,325.92µm
net435,325.595µm
net1243,325.165µm
net736,325.09µm
u_picorv32.picorv32_core.decoded_imm\[4\],324.47µm
net374,324.355µm
_01935_,323.47µm
net606,322.6µm
net82,322.5µm
net337,322.485µm
net646,321.73µm
net1260,320.695µm
u_picorv32.picorv32_core.decoded_imm\[26\],320.235µm
net575,320.175µm
net334,319.78µm
net349,319.565µm
net361,318.79µm
net13,318.49µm
u_picorv32.picorv32_core.decoded_imm\[22\],318.13µm
net1153,318.07µm
net1196,317.62µm
net83,317.35µm
u_picorv32.picorv32_core.reg_pc\[21\],315.495µm
net93,313.44µm
_01848_,313.095µm
net593,313.085µm
u_picorv32.picorv32_core.decoded_imm\[18\],312.89µm
net714,312.86µm
net558,312.075µm
net314,311.54µm
net813,311.44µm
net79,311.39µm
net263,311.33µm
net1145,310.5µm
net931,309.95µm
net77,309.6µm
net1398,308.97µm
net937,308.92µm
_01639_,308.495µm
u_picorv32.pcpi_rs2\[4\],308.16µm
net509,308.005µm
_02874_,306.57µm
net807,305.825µm
_01616_,305.65µm
net1339,305.305µm
_05594_,305.05µm
net592,304.635µm
net101,302.88µm
u_picorv32.picorv32_core.decoded_imm\[19\],302.855µm
_04982_,301.97µm
u_picorv32.picorv32_core.decoded_imm\[11\],301.94µm
net990,301.55µm
net665,301.24µm
_04651_,301.21µm
_01670_,300.655µm
_01618_,299.2µm
net552,299.04µm
_05546_,298.44µm
net1269,297.655µm
net1257,297.145µm
_05871_,297.075µm
net458,296.08µm
net477,295.87µm
net533,295.645µm
u_picorv32.picorv32_core.mem_rdata_q\[29\],295.205µm
net712,295.035µm
u_picorv32.picorv32_core.reg_pc\[17\],294.99µm
net610,294.955µm
net237,294.845µm
net737,294.19µm
net680,294.145µm
net371,293.945µm
net37,293.47µm
net647,292.55µm
net506,291.625µm
net1233,289.37µm
_04129_,288.69µm
net281,288.45µm
u_picorv32.pcpi_rs2\[10\],288.445µm
net1242,288.43µm
u_picorv32.pcpi_rs2\[9\],288.4µm
net839,288.365µm
net240,288.25µm
net213,287.345µm
net1132,287.115µm
net877,286.84µm
net508,286.485µm
net726,285.96µm
net829,284.915µm
net483,284.855µm
u_picorv32.picorv32_core.decoded_imm_j\[11\],283.855µm
net605,283.64µm
net588,283.1µm
_04260_,282.54µm
net1164,281.795µm
net244,281.225µm
net1178,280.29µm
clknet_leaf_92_clk_i,280.255µm
net927,279.79µm
net1182,279.02µm
net283,278.42µm
net471,277.53µm
net491,277.425µm
u_picorv32.pcpi_rs2\[8\],277.35µm
net1351,276.975µm
_01572_,276.65µm
net727,276.075µm
net841,275.965µm
net844,275.655µm
net1238,275.6µm
u_picorv32.picorv32_core.mem_rdata_q\[25\],275.42µm
_05980_,275.03µm
_04996_,274.59µm
net1056,274.525µm
_02898_,273.95µm
net1298,273.205µm
_05560_,273.095µm
net517,272.615µm
net790,272.52µm
_02932_,272.26µm
u_picorv32.picorv32_core.decoded_imm\[10\],271.885µm
u_picorv32.picorv32_core.decoded_imm\[17\],271.81µm
u_picorv32.pcpi_rs1\[12\],271.65µm
net703,270.585µm
_01593_,270.075µm
_05575_,269.13µm
net473,269.03µm
net887,268.32µm
net485,267.8µm
net1170,267.475µm
net781,266.85µm
net437,266.825µm
net1176,266.79µm
_01613_,266.43µm
net855,266.21µm
net1393,266.145µm
_02765_,265.83µm
net502,265.63µm
net1142,265.37µm
u_picorv32.picorv32_core.cpu_state\[3\],265.3µm
net265,264.915µm
net1158,264.895µm
net1307,264.64µm
net1374,264.08µm
u_picorv32.picorv32_core.latched_branch,264.05µm
_01656_,263.96µm
u_picorv32.picorv32_core.mem_rdata_q\[26\],263.415µm
u_picorv32.picorv32_core.decoded_imm\[28\],263.07µm
net1247,263.065µm
net340,262.51µm
net1259,262.33µm
_02842_,262.28µm
_02615_,262.155µm
net1173,261.885µm
_01595_,261.845µm
net1161,260.96µm
net505,260.71µm
_05635_,260.42µm
_01657_,260.31µm
net1185,259.945µm
net1308,259.84µm
net479,258.97µm
net1049,258.495µm
net1281,257.09µm
_04324_,256.825µm
net903,256.665µm
_05087_,256.55µm
net346,255.98µm
_05978_,255.76µm
net431,255.605µm
net751,255.475µm
net615,255.25µm
net316,254.88µm
net1047,254.67µm
net586,254.385µm
net711,254.045µm
net1135,253.91µm
net890,253.35µm
net9,253.345µm
u_picorv32.picorv32_core.cpu_state\[2\],253.21µm
net19,252.98µm
net635,252.545µm
u_picorv32.picorv32_core.reg_pc\[25\],252.14µm
_05644_,251.56µm
_02769_,251.36µm
net892,251.15µm
net1309,250.57µm
_02944_,250.37µm
net488,250.27µm
net366,249.915µm
net376,249.555µm
_02767_,249.21µm
_02864_,249.18µm
net8,249.115µm
_04193_,248.795µm
net1407,248.64µm
u_picorv32.picorv32_core.instr_ori,247.33µm
net214,247.33µm
u_picorv32.pcpi_rs2\[11\],247.085µm
_05034_,246.72µm
net271,246.625µm
_02763_,245.84µm
net826,245.81µm
net911,245.655µm
net778,245.205µm
net1283,244.61µm
net831,244.56µm
net814,244µm
net1379,243.93µm
clknet_5_19__leaf_clk_i,243.9µm
net325,243.675µm
net523,243.49µm
net922,243.46µm
_01940_,242.855µm
net989,242.775µm
net1258,242.7µm
net455,242.4µm
u_picorv32.pcpi_rs2\[16\],241.885µm
net1272,241.695µm
net856,241.53µm
net6,241.02µm
net905,240.935µm
net591,240.375µm
net1129,240.365µm
net795,240.315µm
net649,239.905µm
_02771_,239.73µm
clknet_5_20__leaf_clk_i,239.605µm
net415,239.29µm
net842,238.845µm
net1404,238.71µm
net658,238.415µm
net1120,237.63µm
net1294,237.615µm
u_picorv32.picorv32_core.instr_jalr,237.28µm
net889,236.705µm
net379,236.67µm
u_picorv32.pcpi_rs2\[14\],236.36µm
net651,236.32µm
net7,236.275µm
_02885_,235.99µm
net930,235.935µm
net1028,235.84µm
net235,235.805µm
net666,235.65µm
net1315,235.45µm
net774,235.005µm
net1278,234.085µm
net879,234.01µm
net1399,233.7µm
net909,233.585µm
net1126,233.57µm
u_picorv32.picorv32_core.decoded_imm_j\[3\],233.525µm
net904,233.34µm
_05981_,232.56µm
net861,232.285µm
net857,232.11µm
net1117,231.98µm
net1016,231.745µm
_03351_,231.585µm
clknet_5_21__leaf_clk_i,231.415µm
_05499_,231.31µm
_05611_,231.13µm
clknet_5_0__leaf_clk_i,231.07µm
net693,230.845µm
net1234,230.665µm
_01585_,230.66µm
net449,229.88µm
net531,229.86µm
net5,229.415µm
_02910_,229.34µm
_02761_,229.23µm
net809,228.435µm
_04711_,228.14µm
net1123,227.895µm
net518,227.665µm
net1330,227.535µm
net11,227.445µm
_03089_,227.21µm
net1318,225.7µm
net874,225.53µm
u_picorv32.picorv32_core.decoded_imm\[27\],225.455µm
_02921_,225.36µm
_05658_,225.36µm
net35,224.445µm
_02759_,224.4µm
_05514_,224.39µm
net328,224.205µm
net822,224.125µm
net1141,223.92µm
net1291,223.735µm
u_picorv32.picorv32_core.alu_out_q\[5\],222.8µm
u_picorv32.picorv32_core.instr_andi,222.62µm
net863,222.54µm
net1147,222.46µm
_02775_,222.02µm
clknet_5_4__leaf_clk_i,221.8µm
net1297,221.155µm
_05021_,221.06µm
net662,220.41µm
net357,220.02µm
clknet_5_22__leaf_clk_i,219.985µm
net1046,219.715µm
net1274,219.575µm
net992,218.805µm
_05164_,218.79µm
clknet_5_29__leaf_clk_i,218.625µm
net1313,218.39µm
net745,217.99µm
net601,217.845µm
clknet_5_11__leaf_clk_i,217.81µm
net1266,217.575µm
_05989_,217.33µm
net1144,217.12µm
_04046_,217.06µm
_02798_,216.67µm
u_picorv32.picorv32_core.decoded_imm\[13\],216.615µm
clknet_5_16__leaf_clk_i,216.44µm
net277,216.13µm
_05986_,215.88µm
net1282,215.755µm
net1251,215.66µm
net632,215.04µm
_04507_,214.845µm
net1322,214.515µm
net1287,214.1µm
u_picorv32.pcpi_rs1\[5\],214.095µm
_02837_,213.88µm
net1150,213.425µm
u_picorv32.picorv32_core.decoded_imm\[29\],213.295µm
net1148,212.98µm
_04068_,212.775µm
net3095,212.58µm
net1316,212.345µm
u_picorv32.picorv32_core.decoded_imm_j\[16\],212.29µm
net565,212.28µm
net870,212.25µm
net622,212.165µm
net748,211.865µm
clknet_5_28__leaf_clk_i,211.835µm
net723,211.71µm
net440,211.68µm
net986,211.6µm
net1304,211.16µm
net769,210.975µm
net732,210.87µm
net1371,210.815µm
net688,210.285µm
net10,210.26µm
net574,210.2µm
u_picorv32.picorv32_core.reg_pc\[24\],210.14µm
u_picorv32.picorv32_core.instr_or,209.785µm
clknet_5_30__leaf_clk_i,209.495µm
net996,209.145µm
net835,209.115µm
net1114,209.115µm
_05267_,209.1µm
net876,208.87µm
net958,208.835µm
clknet_5_5__leaf_clk_i,208.81µm
net868,208.675µm
_04438_,208.32µm
net443,208.32µm
net638,208.15µm
clknet_leaf_44_clk_i,207.92µm
_04649_,207.805µm
net1203,207.775µm
_06001_,207.66µm
net671,207.52µm
net1409,207.32µm
net1293,207.035µm
clknet_leaf_50_clk_i,206.995µm
net1077,206.9µm
_05987_,206.83µm
net679,206.74µm
u_picorv32.pcpi_rs2\[19\],206.61µm
_01966_,206.42µm
net686,206.38µm
clknet_leaf_49_clk_i,206.345µm
net1286,206.335µm
clknet_5_8__leaf_clk_i,206.335µm
_02818_,206.11µm
net960,206.065µm
net1093,206.02µm
net500,205.485µm
net1361,205.16µm
net1109,205.005µm
_02780_,204.84µm
net912,204.8µm
_04714_,204.73µm
_05995_,204.43µm
u_picorv32.pcpi_rs2\[12\],204.415µm
net1328,204.315µm
net1169,204.235µm
net597,204.11µm
net971,203.895µm
net1303,203.725µm
_02783_,203.48µm
u_picorv32.picorv32_core.decoded_imm\[15\],203.31µm
clknet_leaf_8_clk_i,203.09µm
net657,203.06µm
_02757_,203.05µm
net985,202.78µm
net851,202.48µm
clknet_5_17__leaf_clk_i,202.1µm
u_picorv32.picorv32_core.reg_pc\[19\],202.01µm
net446,201.55µm
_02690_,201.395µm
net924,201.355µm
net1415,201.23µm
net1296,201.215µm
net956,201.145µm
net977,200.955µm
net572,200.895µm
u_picorv32.picorv32_core.decoded_imm\[3\],200.73µm
clknet_5_26__leaf_clk_i,200.32µm
net717,200.29µm
net212,200.225µm
net4,200.05µm
net899,199.985µm
_01967_,199.725µm
_05993_,198.99µm
net963,198.99µm
net925,198.74µm
net1081,198.525µm
clknet_leaf_69_clk_i,198.425µm
net834,198.37µm
net816,198.19µm
net988,198.175µm
net241,197.605µm
net715,197.34µm
net720,197.26µm
u_picorv32.picorv32_core.decoded_imm_j\[2\],196.77µm
net897,196.48µm
net864,196.295µm
u_picorv32.picorv32_core.decoded_imm\[31\],196.15µm
u_picorv32.picorv32_core.instr_and,196.05µm
u_picorv32.picorv32_core.decoded_imm\[30\],196.01µm
net1320,195.695µm
net1160,195.57µm
net3091,195.24µm
net783,195.14µm
net530,195.02µm
net1396,194.705µm
net824,194.415µm
u_picorv32.picorv32_core.decoded_imm_j\[18\],193.875µm
u_picorv32.picorv32_core.count_instr\[39\],193.795µm
net731,193.695µm
u_picorv32.pcpi_rs2\[30\],193.53µm
net1149,193.465µm
net1206,193.195µm
clknet_leaf_63_clk_i,193.18µm
clknet_leaf_110_clk_i,192.995µm
net573,192.87µm
net828,192.865µm
u_picorv32.picorv32_core.reg_pc\[29\],192.745µm
_02325_,192.56µm
net823,192.495µm
net1410,192.395µm
net206,192.37µm
net1433,192.235µm
_05060_,192.03µm
_05697_,191.52µm
clknet_leaf_95_clk_i,191.245µm
_05522_,191.11µm
clknet_leaf_83_clk_i,191.03µm
_05215_,190.93µm
net685,190.885µm
net733,190.76µm
net661,190.495µm
net650,190.43µm
_00009_,190.34µm
net883,190.265µm
_05976_,189.9µm
net687,189.605µm
_02891_,188.96µm
clknet_leaf_14_clk_i,188.915µm
net1041,188.9µm
net1430,188.73µm
net849,188.54µm
clknet_5_9__leaf_clk_i,188.375µm
clknet_leaf_0_clk_i,188.275µm
u_picorv32.picorv32_core.alu_out_q\[4\],188.21µm
net609,187.895µm
u_picorv32.picorv32_core.alu_out\[1\],187.79µm
net1163,187.42µm
clknet_leaf_81_clk_i,187.38µm
net962,187.265µm
net882,187.17µm
_04573_,187.1µm
clknet_5_31__leaf_clk_i,187.055µm
net1172,186.98µm
net926,186.86µm
clknet_5_23__leaf_clk_i,186.66µm
net719,186.435µm
_01769_,186.355µm
u_picorv32.pcpi_rs2\[29\],186.27µm
_05112_,186.21µm
net820,186.18µm
u_picorv32.picorv32_core.decoded_imm_j\[15\],185.45µm
net1111,185.4µm
net832,185.255µm
net872,184.805µm
_02915_,184.79µm
net1380,184.725µm
net1061,184.53µm
net1044,184.525µm
net943,184.485µm
net880,184.355µm
u_picorv32.picorv32_core.reg_out\[17\],184.23µm
net3081,184.23µm
_05622_,184.21µm
_03085_,184.11µm
clknet_leaf_87_clk_i,183.42µm
net1188,183.385µm
net1338,183.36µm
u_picorv32.picorv32_core.mem_rdata_q\[30\],183.265µm
net837,183.24µm
u_picorv32.picorv32_core.reg_pc\[7\],183.235µm
net1200,183.205µm
u_picorv32.picorv32_core.alu_out_q\[7\],183.19µm
u_picorv32.picorv32_core.decoded_imm_j\[17\],183.17µm
_05997_,183.12µm
_05293_,183.07µm
_05778_,183µm
net34,182.865µm
net580,182.78µm
net3079,182.72µm
net1369,182.555µm
clknet_5_14__leaf_clk_i,182.25µm
clknet_leaf_61_clk_i,181.985µm
net1204,181.81µm
net1403,181.775µm
net753,181.695µm
net896,181.615µm
net1333,181.37µm
u_picorv32.picorv32_core.is_beq_bne_blt_bge_bltu_bgeu,181.255µm
clknet_leaf_13_clk_i,181.24µm
clknet_5_18__leaf_clk_i,181.215µm
clknet_leaf_43_clk_i,180.85µm
net512,180.81µm
_04304_,180.48µm
net713,180.255µm
net673,179.855µm
_04529_,179.82µm
net566,179.78µm
net722,179.675µm
net830,179.655µm
net1388,179.605µm
_05712_,179.6µm
net1276,179.495µm
clknet_5_15__leaf_clk_i,179.48µm
_01885_,179.29µm
clknet_leaf_56_clk_i,179.005µm
_02754_,178.89µm
clknet_5_25__leaf_clk_i,178.83µm
u_picorv32.picorv32_core.cpu_state\[5\],178.8µm
_03018_,178.72µm
net554,178.72µm
net655,178.6µm
clknet_leaf_22_clk_i,178.505µm
net1305,178.445µm
net871,178.285µm
net38,178.15µm
net3093,178.09µm
net1290,177.995µm
net1327,177.99µm
net885,177.69µm
net933,177.45µm
net756,177.34µm
u_picorv32.axi_adapter.mem_valid,177.275µm
_01936_,177.255µm
_05726_,176.93µm
u_picorv32.picorv32_core.decoded_imm\[2\],176.925µm
net691,176.47µm
clknet_leaf_102_clk_i,176.38µm
u_picorv32.picorv32_core.reg_pc\[30\],176.375µm
net1289,176.345µm
net767,176.315µm
net983,176.2µm
clknet_leaf_3_clk_i,175.91µm
clknet_leaf_10_clk_i,175.71µm
net513,175.62µm
net848,175.36µm
net920,175.265µm
net3085,174.86µm
net1177,174.795µm
clknet_leaf_93_clk_i,174.65µm
_05047_,174.49µm
net1284,174.35µm
clknet_leaf_120_clk_i,174.335µm
net197,174.285µm
u_picorv32.picorv32_core.reg_pc\[6\],174.24µm
clknet_leaf_64_clk_i,173.91µm
net1336,173.745µm
net1372,173.695µm
clknet_leaf_55_clk_i,173.68µm
clknet_leaf_76_clk_i,173.53µm
net1195,173.27µm
_05672_,173.23µm
clknet_leaf_75_clk_i,173.14µm
clknet_leaf_4_clk_i,173.11µm
net1325,173.025µm
_01962_,173.02µm
net1301,172.95µm
net467,172.67µm
clknet_leaf_116_clk_i,172.545µm
clknet_leaf_34_clk_i,172.41µm
net853,172.36µm
net1337,172.34µm
_03639_,172.23µm
clknet_leaf_121_clk_i,172.12µm
_03339_,172.03µm
u_picorv32.pcpi_rs2\[28\],171.86µm
net1426,171.73µm
net1070,171.67µm
net461,171.645µm
clknet_5_3__leaf_clk_i,171.52µm
u_picorv32.pcpi_rs2\[27\],171.465µm
net1364,171.265µm
_00001_,171.25µm
_05073_,171.19µm
_06017_,171.13µm
net901,171.115µm
_01927_,170.98µm
u_picorv32.picorv32_core.count_cycle\[31\],170.93µm
clknet_leaf_97_clk_i,170.815µm
_00002_,170.78µm
clknet_5_27__leaf_clk_i,170.64µm
net957,170.405µm
u_picorv32.picorv32_core.reg_pc\[27\],170.36µm
net970,170.345µm
_05099_,170.3µm
_03091_,170.23µm
net3077,170.06µm
net959,170µm
u_picorv32.picorv32_core.mem_rdata_q\[28\],169.93µm
_05974_,169.74µm
_05749_,169.72µm
clknet_leaf_57_clk_i,169.63µm
_05346_,169.62µm
_05086_,169.555µm
u_picorv32.picorv32_core.instr_xori,169.14µm
clknet_leaf_59_clk_i,169.13µm
clknet_leaf_17_clk_i,169.12µm
clknet_leaf_70_clk_i,169.12µm
net921,169.05µm
clknet_leaf_19_clk_i,168.95µm
net878,168.925µm
u_picorv32.picorv32_core.count_instr\[43\],168.835µm
clknet_leaf_39_clk_i,168.815µm
clknet_leaf_30_clk_i,168.765µm
_01809_,168.57µm
clknet_leaf_111_clk_i,168.485µm
net825,168.475µm
_05462_,168.305µm
clknet_leaf_91_clk_i,167.905µm
net590,167.855µm
u_picorv32.picorv32_core.alu_out_q\[11\],167.83µm
_01850_,167.795µm
clknet_leaf_80_clk_i,167.785µm
net569,167.78µm
net598,167.755µm
_05686_,167.63µm
clknet_leaf_9_clk_i,167.505µm
clknet_leaf_114_clk_i,167.445µm
clknet_leaf_38_clk_i,167.415µm
net1382,167.38µm
net852,167.3µm
clknet_5_12__leaf_clk_i,167.255µm
net1368,167.135µm
net595,166.91µm
_03088_,166.89µm
u_picorv32.picorv32_core.instr_slli,166.875µm
clknet_leaf_67_clk_i,166.83µm
net3087,166.76µm
clknet_5_6__leaf_clk_i,166.715µm
net104,166.65µm
net33,166.33µm
clknet_leaf_68_clk_i,165.57µm
net1162,165.55µm
net1020,165.415µm
net991,165.365µm
clknet_leaf_35_clk_i,165.315µm
net964,165.235µm
u_picorv32.picorv32_core.reg_out\[11\],165.075µm
net939,165.03µm
clknet_leaf_96_clk_i,165.025µm
net3061,164.895µm
clknet_leaf_71_clk_i,164.72µm
net676,164.54µm
_03379_,164.415µm
clknet_leaf_20_clk_i,164.065µm
net1392,163.96µm
u_picorv32.picorv32_core.count_instr\[48\],163.93µm
clknet_leaf_108_clk_i,163.88µm
_05737_,163.68µm
net1175,163.615µm
clknet_leaf_48_clk_i,163.61µm
clknet_leaf_109_clk_i,163.525µm
net934,163.41µm
net1310,163.385µm
net560,163.35µm
_04971_,163.32µm
_01934_,162.99µm
net115,162.965µm
net571,162.835µm
net413,162.67µm
clknet_leaf_105_clk_i,162.52µm
net873,162.485µm
clknet_leaf_106_clk_i,162.45µm
net770,162.445µm
net645,162.23µm
net3083,162.07µm
clknet_leaf_84_clk_i,161.955µm
_05190_,161.93µm
clknet_leaf_25_clk_i,161.915µm
_00000_,161.88µm
clknet_leaf_94_clk_i,161.88µm
net1277,161.83µm
_05763_,161.7µm
_04984_,161.59µm
_05061_,161.51µm
net600,161.435µm
net886,161.43µm
_05983_,161.41µm
clknet_leaf_65_clk_i,161.38µm
net1051,161.35µm
clknet_leaf_99_clk_i,161.225µm
net1397,160.795µm
net3069,160.63µm
u_picorv32.picorv32_core.decoded_imm_j\[14\],160.625µm
clknet_leaf_78_clk_i,160.6µm
clknet_leaf_100_clk_i,160.565µm
net2,160.56µm
net1198,160.51µm
clknet_5_7__leaf_clk_i,160.4µm
net1435,160.395µm
net1405,160.25µm
clknet_leaf_47_clk_i,160.115µm
_02908_,160.105µm
net1134,160.065µm
net1377,160.035µm
clknet_leaf_31_clk_i,159.99µm
net1018,159.91µm
_05800_,159.89µm
u_picorv32.picorv32_core.reg_out\[24\],159.84µm
u_picorv32.picorv32_core.alu_out_q\[15\],159.72µm
_04653_,159.7µm
_02859_,159.68µm
net1419,159.62µm
u_picorv32.picorv32_core.decoded_imm\[1\],159.535µm
clknet_leaf_41_clk_i,159.48µm
clknet_leaf_119_clk_i,159.355µm
net894,158.965µm
clknet_leaf_1_clk_i,158.835µm
_05985_,158.82µm
clknet_leaf_51_clk_i,158.705µm
clknet_leaf_101_clk_i,158.675µm
clknet_leaf_11_clk_i,158.605µm
net1071,158.445µm
clknet_leaf_36_clk_i,158.42µm
_04235_,158.415µm
net838,158.41µm
u_picorv32.picorv32_core.reg_out\[26\],158.325µm
net503,158.28µm
net953,158.22µm
net729,158.02µm
clknet_leaf_113_clk_i,158.02µm
net1139,157.9µm
net630,157.87µm
net3075,157.83µm
net654,157.745µm
net858,157.54µm
net1326,157.32µm
clknet_leaf_33_clk_i,157.215µm
net544,156.85µm
net15,156.795µm
net127,156.755µm
clknet_leaf_42_clk_i,156.645µm
clknet_leaf_73_clk_i,156.605µm
net1353,156.55µm
_04393_,156.455µm
net562,155.995µm
net400,155.825µm
clknet_leaf_15_clk_i,155.655µm
net941,155.63µm
clknet_leaf_117_clk_i,155.63µm
net660,155.55µm
net1406,155.545µm
net549,155.35µm
_05787_,155.29µm
_01573_,154.86µm
clknet_leaf_6_clk_i,154.665µm
u_picorv32.picorv32_core.reg_pc\[16\],154.65µm
clknet_leaf_26_clk_i,154.45µm
net1103,154.22µm
net550,154.045µm
clknet_leaf_72_clk_i,154.03µm
u_picorv32.picorv32_core.count_instr\[18\],153.905µm
net1063,153.875µm
clknet_leaf_82_clk_i,153.8µm
net1391,153.695µm
u_picorv32.picorv32_core.alu_out\[2\],153.67µm
u_picorv32.picorv32_core.alu_out_q\[3\],153.67µm
_04970_,153.26µm
clknet_5_2__leaf_clk_i,153.09µm
net129,153.045µm
_02902_,153.025µm
clknet_leaf_129_clk_i,152.94µm
net1428,152.915µm
_02749_,152.91µm
net32,152.71µm
clknet_leaf_90_clk_i,152.615µm
_05928_,152.59µm
net405,152.575µm
clknet_leaf_23_clk_i,152.34µm
net1285,152.155µm
net412,152.025µm
net1215,151.855µm
net1350,151.62µm
clknet_leaf_88_clk_i,151.56µm
clknet_leaf_58_clk_i,151.52µm
net1157,151.28µm
clknet_leaf_104_clk_i,151.26µm
net656,151.24µm
_04958_,151.22µm
net699,151.155µm
u_picorv32.picorv32_core.alu_out_q\[0\],151.09µm
clknet_leaf_32_clk_i,150.91µm
clknet_leaf_28_clk_i,150.625µm
u_picorv32.picorv32_core.reg_out\[6\],150.58µm
net982,150.505µm
net295,150.475µm
net250,150.41µm
_02950_,150.395µm
net866,150.38µm
net965,150.24µm
clknet_leaf_37_clk_i,150.11µm
clknet_leaf_126_clk_i,150.065µm
net1029,149.875µm
_05685_,149.8µm
clknet_leaf_40_clk_i,149.685µm
net766,149.62µm
net1280,149.595µm
_03112_,149.55µm
clknet_leaf_24_clk_i,149.545µm
u_picorv32.picorv32_core.instr_rdinstrh,149.47µm
clknet_5_10__leaf_clk_i,149.025µm
net1040,148.78µm
net913,148.625µm
clknet_leaf_16_clk_i,148.55µm
net1275,148.545µm
net677,148.41µm
u_picorv32.picorv32_core.is_lui_auipc_jal,148.375µm
net938,148.06µm
net900,147.91µm
clknet_leaf_29_clk_i,147.655µm
clknet_leaf_79_clk_i,147.655µm
clknet_leaf_2_clk_i,147.605µm
clknet_leaf_5_clk_i,147.5µm
_04171_,147.44µm
net644,147.355µm
u_picorv32.picorv32_core.reg_out\[8\],146.995µm
u_picorv32.picorv32_core.reg_out\[30\],146.89µm
clknet_5_13__leaf_clk_i,146.87µm
clknet_leaf_53_clk_i,146.84µm
net979,146.735µm
u_picorv32.picorv32_core.alu_out\[17\],146.58µm
clknet_leaf_127_clk_i,146.525µm
_02474_,146.29µm
net966,145.955µm
net26,145.93µm
net854,145.815µm
net1023,145.75µm
net1090,145.685µm
net652,145.675µm
_01771_,145.57µm
clknet_leaf_115_clk_i,145.51µm
net1214,145.5µm
net507,145.345µm
net973,145.325µm
net497,145.265µm
clknet_leaf_46_clk_i,145.125µm
_02131_,145.115µm
net881,145.055µm
_02744_,144.96µm
net3044,144.91µm
u_picorv32.picorv32_core.decoded_imm_j\[9\],144.905µm
clknet_leaf_103_clk_i,144.795µm
net166,144.765µm
clknet_leaf_54_clk_i,144.745µm
clknet_leaf_52_clk_i,144.72µm
_04957_,144.6µm
net1171,144.55µm
net203,144.44µm
net833,144.25µm
net914,144.17µm
net548,144.105µm
_05950_,144.01µm
clknet_leaf_85_clk_i,144µm
u_picorv32.picorv32_core.mem_rdata_q\[16\],143.89µm
_01679_,143.77µm
net1360,143.77µm
clknet_leaf_125_clk_i,143.58µm
net1378,143.35µm
net701,143.345µm
net702,143.31µm
clknet_leaf_123_clk_i,143.29µm
u_picorv32.axi_adapter.mem_instr,143.25µm
net801,143.24µm
net1166,143.105µm
_04927_,143.02µm
net1306,142.88µm
u_picorv32.picorv32_core.reg_out\[21\],142.76µm
clknet_leaf_128_clk_i,142.71µm
u_picorv32.picorv32_core.count_instr\[35\],142.705µm
u_picorv32.picorv32_core.is_alu_reg_imm,142.535µm
u_picorv32.picorv32_core.instr_xor,142.51µm
clknet_leaf_74_clk_i,142.42µm
net1390,142.365µm
net906,142.35µm
net1317,142.325µm
net1060,142.265µm
net583,142.1µm
clknet_leaf_12_clk_i,141.93µm
_05953_,141.87µm
net929,141.765µm
net579,141.61µm
net1054,141.61µm
net919,141.39µm
net923,141.25µm
net775,141.215µm
u_picorv32.picorv32_core.reg_out\[7\],141.045µm
net846,140.905µm
net1043,140.89µm
net239,140.77µm
_05956_,140.76µm
clknet_leaf_112_clk_i,140.625µm
net765,140.505µm
_04460_,140.4µm
net721,140.335µm
net1385,140.32µm
_05971_,140.25µm
net1373,140.21µm
net1402,140.12µm
net1335,140.055µm
net1358,139.935µm
clknet_leaf_7_clk_i,139.865µm
net1239,139.815µm
u_picorv32.pcpi_rs2\[3\],139.6µm
clknet_5_1__leaf_clk_i,139.53µm
u_picorv32.picorv32_core.reg_out\[28\],139.5µm
_05962_,139.36µm
net570,139.24µm
_02793_,139.14µm
_04945_,139.02µm
u_picorv32.picorv32_core.instr_srai,139.02µm
net750,138.985µm
net289,138.945µm
u_picorv32.picorv32_core.is_lb_lh_lw_lbu_lhu,138.645µm
net613,138.595µm
u_picorv32.pcpi_rs2\[21\],138.415µm
net1254,138.315µm
_05959_,138.25µm
net981,138.12µm
_03381_,138.02µm
net499,137.975µm
clknet_leaf_62_clk_i,137.965µm
net1181,137.72µm
_05968_,137.55µm
clknet_leaf_107_clk_i,137.545µm
net185,137.245µm
_04369_,137.11µm
clknet_leaf_86_clk_i,137.095µm
net162,136.825µm
net1400,136.79µm
clknet_leaf_98_clk_i,136.735µm
net1423,136.71µm
_00008_,136.39µm
_01627_,136.175µm
_01671_,135.955µm
clknet_leaf_131_clk_i,135.88µm
clknet_leaf_21_clk_i,135.855µm
_02782_,135.66µm
net1154,135.41µm
net708,135.33µm
_02282_,135.05µm
net621,135.005µm
net1034,134.965µm
_01902_,134.955µm
_01681_,134.895µm
clknet_leaf_60_clk_i,134.855µm
net1424,134.845µm
net1138,134.325µm
net1273,134.295µm
_05478_,134.29µm
net30,134.29µm
_01903_,134.24µm
u_picorv32.picorv32_core.count_instr\[44\],134.205µm
u_picorv32.picorv32_core.decoded_imm_j\[7\],133.935µm
net1055,133.93µm
net1210,133.725µm
net865,133.62µm
_05706_,133.47µm
_05965_,133.45µm
net1223,133.255µm
u_picorv32.picorv32_core.instr_sra,133.12µm
net29,133.1µm
net168,132.965µm
_04737_,132.84µm
net1427,132.715µm
net411,132.51µm
_05518_,132.42µm
net602,132.3µm
net31,132.295µm
net955,132.27µm
net149,132.17µm
net291,132.14µm
net1211,132.045µm
_05991_,131.83µm
clknet_leaf_77_clk_i,131.72µm
_01548_,131.71µm
net1080,131.71µm
clknet_leaf_45_clk_i,131.615µm
u_picorv32.picorv32_core.count_instr\[32\],131.53µm
net516,131.495µm
net253,131.165µm
net199,131.105µm
net902,131.085µm
net1130,130.98µm
_02260_,130.57µm
net762,130.475µm
net674,130.425µm
net614,130.39µm
net1414,130.26µm
net146,130.245µm
u_picorv32.picorv32_core.mem_rdata_q\[15\],130.08µm
net1432,130.05µm
clknet_leaf_89_clk_i,130.02µm
u_picorv32.picorv32_core.mem_rdata_q\[18\],129.98µm
u_picorv32.picorv32_core.count_instr\[21\],129.935µm
net174,129.9µm
net1295,129.86µm
_05364_,129.84µm
net1292,129.73µm
u_picorv32.picorv32_core.decoded_imm_j\[19\],129.68µm
net777,129.55µm
u_picorv32.picorv32_core.count_instr\[36\],129.31µm
net987,129.27µm
u_picorv32.picorv32_core.count_instr\[29\],129.215µm
u_picorv32.picorv32_core.reg_pc\[31\],129.19µm
net995,129.18µm
net1110,129.14µm
net1179,129.05µm
u_picorv32.picorv32_core.count_instr\[16\],128.925µm
_03643_,128.855µm
clknet_leaf_118_clk_i,128.835µm
net163,128.755µm
net1209,128.72µm
_05617_,128.7µm
net932,128.7µm
_03119_,128.43µm
u_picorv32.picorv32_core.count_instr\[37\],128.335µm
net1105,128.27µm
net293,128.2µm
net821,128.005µm
net292,127.895µm
_02313_,127.84µm
net183,127.815µm
net1165,127.59µm
net220,127.51µm
net193,127.33µm
_04168_,127.2µm
net754,127.05µm
net1347,126.915µm
net1002,126.815µm
net910,126.655µm
_04074_,126.625µm
clknet_leaf_122_clk_i,126.625µm
net1073,126.585µm
net587,126.415µm
net543,126.405µm
_03122_,126.2µm
_04039_,126.19µm
net1401,126.13µm
net1249,126µm
net390,125.91µm
u_picorv32.picorv32_core.reg_pc\[11\],125.7µm
net997,125.68µm
_05999_,125.47µm
clknet_leaf_27_clk_i,125.355µm
net1408,125.34µm
net1092,125.215µm
net117,125.05µm
u_picorv32.picorv32_core.alu_out_q\[8\],125.04µm
u_picorv32.pcpi_rs2\[26\],124.985µm
net125,124.965µm
net143,124.94µm
net216,124.905µm
net547,124.865µm
net398,124.755µm
net178,124.66µm
net698,124.65µm
_05443_,124.63µm
net785,124.54µm
net167,124.495µm
clknet_leaf_124_clk_i,124.425µm
u_picorv32.picorv32_core.is_sb_sh_sw,124.39µm
net976,124.325µm
net298,124.23µm
_02742_,124.15µm
net974,124.12µm
net389,123.995µm
_02372_,123.97µm
net302,123.965µm
net681,123.955µm
net700,123.81µm
u_picorv32.picorv32_core.instr_sll,123.725µm
net1213,123.635µm
net208,123.61µm
_01547_,123.55µm
_02308_,123.495µm
_02795_,123.48µm
net301,123.2µm
net258,123.175µm
net1064,123.145µm
u_picorv32.picorv32_core.alu_out_q\[6\],123.08µm
net1356,122.875µm
net393,122.855µm
net522,122.695µm
_02994_,122.64µm
net1321,122.28µm
u_picorv32.picorv32_core.count_instr\[33\],122.055µm
net238,121.86µm
_02331_,121.72µm
net204,121.48µm
_05450_,121.475µm
u_picorv32.picorv32_core.count_instr\[41\],121.305µm
net1127,121.14µm
_05474_,121.09µm
net1089,121.08µm
_02702_,120.98µm
net1324,120.955µm
_03169_,120.82µm
u_picorv32.picorv32_core.mem_rdata_q\[23\],120.81µm
_01545_,120.76µm
u_picorv32.picorv32_core.mem_rdata_q\[22\],120.725µm
net859,120.585µm
u_picorv32.picorv32_core.count_instr\[34\],120.58µm
_02997_,120.525µm
net519,120.35µm
u_picorv32.picorv32_core.reg_pc\[20\],120.275µm
u_picorv32.picorv32_core.mem_rdata_q\[21\],120.16µm
net564,120.09µm
net893,120.07µm
net678,120.04µm
_05660_,119.88µm
net951,119.87µm
net784,119.765µm
u_picorv32.picorv32_core.alu_out_q\[9\],119.71µm
net169,119.645µm
net161,119.64µm
_04528_,119.585µm
net984,119.5µm
_02491_,119.4µm
net210,119.31µm
net626,119.29µm
net285,119.2µm
net403,119.145µm
net401,119.09µm
net1421,119.09µm
net747,119.04µm
net759,119µm
_02171_,118.92µm
net257,118.83µm
net215,118.715µm
net540,118.705µm
_01969_,118.34µm
net787,118.295µm
net251,118.29µm
u_picorv32.picorv32_core.count_instr\[25\],118.25µm
net221,118.055µm
net391,118.025µm
net175,117.89µm
_02848_,117.79µm
_05485_,117.71µm
net949,117.615µm
_01775_,117.36µm
_03258_,117.295µm
net1102,117.28µm
_01886_,117.145µm
net1431,116.985µm
_02612_,116.955µm
net862,116.795µm
_05151_,116.46µm
net578,116.315µm
net303,116.265µm
clknet_leaf_130_clk_i,116.24µm
_04043_,116.01µm
u_picorv32.picorv32_core.mem_rdata_q\[19\],115.76µm
_00006_,115.69µm
net1125,115.64µm
net255,115.585µm
net1168,115.505µm
net1021,115.48µm
_02329_,115.385µm
net191,115.36µm
net1425,115.23µm
net1346,115.2µm
net196,115.05µm
net907,114.96µm
net1354,114.96µm
net394,114.685µm
net968,114.655µm
clknet_4_11_0_clk_i,114.615µm
_05597_,114.6µm
_03373_,114.495µm
net1205,114.465µm
u_picorv32.picorv32_core.count_instr\[40\],114.19µm
_05878_,114.15µm
net211,114.04µm
net545,113.98µm
net1386,113.975µm
_02812_,113.94µm
_03995_,113.89µm
net1075,113.61µm
_02089_,113.605µm
net568,113.59µm
u_picorv32.picorv32_core.mem_rdata_q\[31\],113.23µm
_02616_,113.175µm
_04785_,113.17µm
net392,113µm
_04232_,112.99µm
net718,112.96µm
net1104,112.88µm
net1107,112.8µm
net743,112.735µm
net230,112.72µm
net151,112.14µm
_01550_,112.12µm
net252,111.955µm
net494,111.825µm
_03371_,111.82µm
clknet_4_4_0_clk_i,111.805µm
net510,111.785µm
net184,111.625µm
net653,111.585µm
net1079,111.44µm
u_picorv32.picorv32_core.decoded_imm_j\[13\],111.345µm
net608,111.325µm
clknet_4_13_0_clk_i,111.325µm
net1342,111.27µm
net1088,111.255µm
_01594_,111.235µm
u_picorv32.picorv32_core.reg_out\[27\],111.21µm
net286,111.125µm
_02149_,111.01µm
_05859_,110.955µm
net122,110.805µm
net154,110.65µm
u_picorv32.picorv32_core.instr_lb,110.6µm
net294,110.6µm
clknet_4_2_0_clk_i,110.595µm
clknet_4_10_0_clk_i,110.575µm
net782,110.57µm
_02870_,110.35µm
net596,110.135µm
clknet_4_7_0_clk_i,109.905µm
_05475_,109.87µm
net752,109.85µm
net207,109.84µm
_04379_,109.61µm
net843,109.515µm
net144,109.51µm
net202,109.485µm
u_picorv32.picorv32_core.alu_out_q\[12\],109.38µm
net246,109.355µm
net1376,109.285µm
_05820_,109.16µm
u_picorv32.pcpi_rs2\[1\],109.065µm
net1311,108.815µm
clknet_4_14_0_clk_i,108.8µm
u_picorv32.picorv32_core.alu_out\[23\],108.72µm
_02008_,108.71µm
net1069,108.585µm
_01549_,108.415µm
net891,108.21µm
u_picorv32.picorv32_core.count_instr\[14\],108.2µm
_02105_,108.19µm
net1083,108.18µm
net1174,108.02µm
net219,107.88µm
u_picorv32.picorv32_core.count_instr\[13\],107.865µm
_01672_,107.76µm
net629,107.72µm
net916,107.715µm
net869,107.615µm
net128,107.49µm
net827,107.455µm
net1024,107.26µm
_01989_,107.225µm
_03904_,107.175µm
_02047_,107.135µm
_05525_,107.115µm
net620,107.105µm
_02492_,106.985µm
clknet_4_0_0_clk_i,106.77µm
net1004,106.68µm
net1119,106.47µm
net232,106.46µm
_01970_,106.39µm
_05419_,106.32µm
_03745_,106.17µm
net229,106.17µm
net1087,106.165µm
u_picorv32.picorv32_core.reg_out\[29\],106.15µm
_02984_,106.09µm
u_picorv32.picorv32_core.mem_rdata_q\[17\],105.995µm
net152,105.81µm
u_picorv32.picorv32_core.reg_out\[18\],105.72µm
net209,105.665µm
net542,105.645µm
net260,105.54µm
_02878_,105.365µm
net299,105.31µm
net142,105.18µm
net1344,105.01µm
net1156,104.985µm
_02691_,104.88µm
u_picorv32.picorv32_core.mem_rdata_q\[11\],104.845µm
net1076,104.76µm
net1340,104.625µm
net1053,104.615µm
net1375,104.565µm
net672,104.555µm
net1219,104.52µm
net1362,104.5µm
net218,104.435µm
u_picorv32.picorv32_core.reg_out\[0\],104.4µm
_05587_,104.395µm
_02738_,104.38µm
net226,104.205µm
net1352,104.135µm
_05446_,103.94µm
_04934_,103.77µm
_02617_,103.725µm
net201,103.72µm
net288,103.7µm
net1062,103.575µm
net227,103.57µm
net247,103.495µm
_04459_,103.485µm
net150,103.44µm
net1366,103.31µm
_04510_,103.27µm
net495,103.265µm
_02732_,103.26µm
net177,103.245µm
_01720_,103.22µm
_02183_,103.065µm
net300,103.04µm
net225,102.975µm
net1363,102.945µm
_05680_,102.9µm
net1143,102.895µm
net148,102.875µm
net1212,102.825µm
_05466_,102.73µm
net1331,102.715µm
net845,102.705µm
u_picorv32.picorv32_core.count_instr\[47\],102.615µm
net642,102.575µm
_03368_,102.565µm
net936,102.495µm
clknet_4_15_0_clk_i,102.475µm
_05898_,102.46µm
u_picorv32.picorv32_core.count_instr\[9\],102.23µm
net1082,102.23µm
u_picorv32.picorv32_core.alu_out\[20\],102.14µm
clknet_4_1_0_clk_i,102.135µm
net978,102.11µm
net118,102.08µm
net155,102.015µm
clknet_4_9_0_clk_i,102.015µm
_02981_,101.89µm
_05306_,101.77µm
_04738_,101.76µm
net256,101.725µm
net768,101.695µm
net1133,101.695µm
_03363_,101.53µm
_05856_,101.51µm
net493,101.455µm
net1334,101.455µm
net669,101.4µm
net290,101.225µm
net1048,101.165µm
_02952_,101.085µm
net1189,100.99µm
_04791_,100.94µm
net1086,100.825µm
_03168_,100.755µm
_05138_,100.69µm
_03128_,100.655µm
net3089,100.62µm
net224,100.6µm
net1436,100.29µm
_05510_,100.2µm
_02143_,100.1µm
_03673_,100.09µm
net1279,100.08µm
_05280_,100.055µm
u_picorv32.picorv32_core.alu_out_q\[31\],100.03µm
_05840_,99.985µm
u_picorv32.picorv32_core.count_cycle\[52\],99.95µm
net716,99.87µm
net1417,99.805µm
net306,99.755µm
net1225,99.74µm
net1035,99.67µm
net875,99.455µm
net176,99.43µm
_04921_,99.42µm
net539,99.37µm
_02268_,99.35µm
net194,99.28µm
_03183_,99.255µm
net188,99.2µm
net637,99.165µm
_04511_,99.14µm
net223,99.01µm
net1434,98.91µm
net1038,98.845µm
_01920_,98.77µm
net607,98.755µm
u_picorv32.picorv32_core.reg_out\[2\],98.68µm
_01551_,98.65µm
net1345,98.64µm
u_picorv32.picorv32_core.instr_bne,98.63µm
net514,98.59µm
net1022,98.515µm
net633,98.495µm
_01943_,98.42µm
u_picorv32.picorv32_core.reg_out\[4\],98.385µm
net1412,98.37µm
u_picorv32.picorv32_core.alu_out\[14\],98.29µm
net296,98.25µm
net1067,98.16µm
net1357,98.075µm
u_picorv32.picorv32_core.reg_pc\[26\],97.85µm
_02262_,97.81µm
u_picorv32.picorv32_core.count_instr\[55\],97.7µm
u_picorv32.picorv32_core.mem_do_prefetch,97.685µm
_03000_,97.68µm
net180,97.65µm
net682,97.635µm
net259,97.6µm
net1152,97.585µm
u_picorv32.picorv32_core.reg_out\[1\],97.58µm
net993,97.58µm
net1232,97.545µm
_04502_,97.26µm
net1118,97.255µm
net1220,97.235µm
net1085,97.2µm
clknet_4_12_0_clk_i,97.155µm
net1186,97.11µm
net749,97.01µm
_00005_,96.97µm
net3055,96.96µm
net599,96.77µm
clknet_4_6_0_clk_i,96.745µm
_02956_,96.73µm
net760,96.71µm
net1091,96.67µm
u_picorv32.picorv32_core.reg_out\[19\],96.6µm
_04813_,96.465µm
net387,96.445µm
net639,96.395µm
net1314,96.2µm
net546,96.195µm
net994,96.075µm
_02506_,96.04µm
net217,95.79µm
net1218,95.67µm
_02991_,95.59µm
u_picorv32.picorv32_core.decoded_imm_j\[12\],95.58µm
net1098,95.485µm
net404,95.48µm
net171,95.46µm
net1068,95.37µm
u_picorv32.picorv32_core.reg_pc\[5\],95.355µm
net972,95.275µm
net1115,95.225µm
_01614_,95.22µm
_05177_,95.11µm
net763,95.025µm
u_picorv32.picorv32_core.count_instr\[24\],94.945µm
net172,94.92µm
net1124,94.865µm
_02990_,94.63µm
net1121,94.615µm
clknet_4_3_0_clk_i,94.58µm
_02868_,94.565µm
clknet_4_5_0_clk_i,94.465µm
net1343,94.46µm
net1224,94.21µm
net501,94.185µm
net386,94.17µm
clknet_4_8_0_clk_i,94.15µm
_05599_,94.145µm
_05113_,94.14µm
net498,93.995µm
_05191_,93.96µm
u_picorv32.pcpi_rs1\[30\],93.85µm
u_picorv32.picorv32_core.count_instr\[8\],93.74µm
net625,93.735µm
u_picorv32.picorv32_core.reg_pc\[14\],93.67µm
_05352_,93.615µm
net1108,93.6µm
u_picorv32.picorv32_core.alu_out_q\[10\],93.55µm
_05457_,93.48µm
net420,93.415µm
net182,93.325µm
net179,93.235µm
net396,93.195µm
net397,93.075µm
net557,93.05µm
u_picorv32.picorv32_core.instr_bge,93.035µm
net944,92.97µm
net388,92.92µm
net928,92.905µm
u_picorv32.picorv32_core.reg_pc\[8\],92.82µm
net764,92.655µm
net1159,92.615µm
u_picorv32.picorv32_core.alu_out\[19\],92.46µm
u_picorv32.picorv32_core.count_instr\[19\],92.395µm
u_picorv32.picorv32_core.count_instr\[23\],92.27µm
net1187,92.25µm
net1128,91.825µm
net1183,91.76µm
_03741_,91.65µm
_05568_,91.65µm
_05606_,91.62µm
net969,91.6µm
u_picorv32.pcpi_rs2\[23\],91.55µm
u_picorv32.picorv32_core.alu_out\[16\],91.39µm
net3063,91.28µm
_01502_,91.26µm
net1131,91.2µm
u_picorv32.picorv32_core.count_instr\[4\],91.055µm
net1228,91.03µm
net249,90.96µm
net414,90.84µm
_01694_,90.81µm
net195,90.765µm
_01919_,90.72µm
_02988_,90.67µm
net1106,90.655µm
net1389,90.655µm
net1230,90.575µm
net190,90.57µm
net1137,90.56µm
_03842_,90.5µm
_03706_,90.475µm
u_picorv32.picorv32_core.alu_out\[24\],90.42µm
net1094,90.185µm
_04672_,90.145µm
net648,89.945µm
net1221,89.935µm
net170,89.905µm
net496,89.87µm
_05554_,89.84µm
net773,89.71µm
_02270_,89.64µm
u_picorv32.picorv32_core.mem_rdata_q\[7\],89.63µm
_02961_,89.57µm
_05415_,89.43µm
_05254_,88.875µm
net3065,88.86µm
net164,88.795µm
net205,88.69µm
_03099_,88.66µm
net1229,88.55µm
_05861_,88.525µm
net1359,88.255µm
u_picorv32.picorv32_core.count_cycle\[48\],88.235µm
u_picorv32.picorv32_core.alu_out\[11\],88.23µm
_02178_,88.12µm
_01685_,88.105µm
net1095,87.94µm
u_picorv32.picorv32_core.count_instr\[46\],87.86µm
net1140,87.855µm
u_picorv32.picorv32_core.mem_rdata_q\[20\],87.82µm
_05345_,87.78µm
_05642_,87.76µm
u_picorv32.picorv32_core.count_cycle\[32\],87.63µm
_05656_,87.49µm
net3073,87.49µm
net3049,87.42µm
u_picorv32.picorv32_core.decoded_imm_j\[6\],87.405µm
_03038_,87.35µm
net189,87.34µm
_05890_,87.2µm
net1384,87.165µm
_03375_,87.1µm
net222,87.095µm
_05332_,87.06µm
net156,87.055µm
net746,86.965µm
_02193_,86.9µm
_02222_,86.89µm
net287,86.82µm
net160,86.745µm
_03648_,86.64µm
net1065,86.59µm
net124,86.575µm
_02539_,86.53µm
_02663_,86.52µm
u_picorv32.picorv32_core.reg_out\[16\],86.44µm
net1341,86.24µm
_01944_,86.205µm
_02661_,86.16µm
u_picorv32.picorv32_core.decoded_imm_j\[1\],86.11µm
_01687_,86.08µm
net145,85.88µm
net1146,85.79µm
_05620_,85.57µm
net998,85.535µm
net234,85.53µm
_04646_,85.46µm
net3067,85.38µm
_01845_,85.325µm
_01922_,85.3µm
_02430_,85.29µm
_02019_,85.245µm
net582,85.23µm
net1355,85.165µm
net3059,85.15µm
_02403_,85.09µm
_01415_,85.03µm
_02214_,84.96µm
_02074_,84.92µm
_03150_,84.75µm
_01650_,84.73µm
_01774_,84.67µm
_04503_,84.61µm
net1184,84.61µm
net689,84.605µm
net395,84.555µm
_02263_,84.44µm
net165,84.4µm
u_picorv32.picorv32_core.alu_out\[21\],84.31µm
net187,84.05µm
net1416,83.91µm
net1097,83.86µm
_05853_,83.805µm
_02274_,83.8µm
net1100,83.63µm
net1005,83.62µm
net157,83.53µm
u_picorv32.picorv32_core.latched_rd\[0\],83.495µm
u_picorv32.picorv32_core.reg_pc\[28\],83.35µm
_02510_,83.285µm
_02665_,83.11µm
u_picorv32.picorv32_core.latched_rd\[3\],83.075µm
u_picorv32.picorv32_core.decoded_imm_j\[5\],83.01µm
net1019,82.985µm
net528,82.825µm
clknet_leaf_66_clk_i,82.735µm
_01933_,82.645µm
_02521_,82.5µm
_02983_,82.45µm
net3052,82.365µm
_05945_,82.27µm
_05633_,82.21µm
net888,82.165µm
_02704_,82.08µm
net840,82.075µm
net954,82.07µm
net3057,82.03µm
_02305_,81.975µm
net248,81.95µm
u_picorv32.picorv32_core.count_instr\[54\],81.905µm
u_picorv32.picorv32_core.reg_out\[5\],81.865µm
u_picorv32.picorv32_core.is_alu_reg_reg,81.805µm
_05670_,81.72µm
_02985_,81.55µm
_04377_,81.55µm
_03376_,81.5µm
net421,81.415µm
_02147_,81.31µm
_02698_,81.26µm
_03389_,81.26µm
_01974_,81.235µm
net159,81.225µm
net567,81.135µm
net529,80.75µm
_02895_,80.69µm
net402,80.41µm
net980,80.335µm
net3071,80.22µm
net419,80.18µm
_05435_,80.05µm
_03532_,80.035µm
u_picorv32.picorv32_core.latched_rd\[4\],80.015µm
_05436_,79.98µm
_04394_,79.72µm
_02999_,79.71µm
_02207_,79.68µm
net147,79.665µm
_03001_,79.57µm
_01994_,79.505µm
net1096,79.21µm
_02137_,78.96µm
net192,78.925µm
net640,78.645µm
_02301_,78.465µm
u_picorv32.picorv32_core.count_instr\[28\],78.39µm
u_picorv32.picorv32_core.count_instr\[45\],78.31µm
_02804_,78.02µm
_03875_,78.01µm
_03392_,77.87µm
net1226,77.79µm
u_picorv32.picorv32_core.reg_pc\[12\],77.575µm
net1323,77.52µm
u_picorv32.picorv32_core.alu_out\[12\],77.46µm
net950,77.425µm
_02075_,77.385µm
u_picorv32.picorv32_core.mem_rdata_q\[9\],77.35µm
net758,77.14µm
_04432_,77.085µm
_05588_,77.06µm
u_picorv32.picorv32_core.count_instr\[57\],76.95µm
_04956_,76.82µm
_05479_,76.8µm
_01869_,76.73µm
_02452_,76.69µm
_01988_,76.64µm
_05922_,76.495µm
u_picorv32.picorv32_core.count_instr\[52\],76.49µm
net1033,76.39µm
_02064_,76.255µm
net1302,76.24µm
net1227,76.185µm
net1332,76.04µm
clknet_leaf_132_clk_i,76.04µm
net553,76.01µm
u_picorv32.pcpi_rs2\[24\],76µm
_01938_,75.995µm
_05492_,75.9µm
_05668_,75.645µm
_02348_,75.36µm
net123,75.32µm
u_picorv32.picorv32_core.count_instr\[0\],75.32µm
net1217,75.295µm
_02938_,75.27µm
u_picorv32.picorv32_core.count_cycle\[21\],75.175µm
net1112,75.04µm
net3047,75µm
_01589_,74.985µm
net603,74.945µm
net399,74.935µm
_02713_,74.83µm
net1011,74.755µm
net850,74.72µm
_02228_,74.7µm
net576,74.475µm
_02174_,74.18µm
net200,74.09µm
u_picorv32.picorv32_core.reg_pc\[9\],74.05µm
_01632_,73.98µm
net520,73.905µm
_03479_,73.86µm
net1387,73.825µm
u_picorv32.picorv32_core.decoder_trigger,73.81µm
_05162_,73.8µm
net917,73.795µm
_02709_,73.62µm
u_picorv32.picorv32_core.alu_out_q\[27\],73.5µm
net198,73.455µm
net946,73.22µm
_02347_,73.2µm
_05228_,73.14µm
u_picorv32.picorv32_core.reg_out\[25\],72.925µm
_02998_,72.85µm
_02518_,72.84µm
net563,72.805µm
net181,72.77µm
_05125_,72.73µm
_02982_,72.72µm
u_picorv32.picorv32_core.alu_out\[25\],72.67µm
u_picorv32.picorv32_core.count_instr\[56\],72.545µm
_02109_,72.48µm
u_picorv32.picorv32_core.reg_next_pc\[12\],72.465µm
_02926_,72.45µm
u_picorv32.picorv32_core.is_compare,72.445µm
net1037,72.39µm
net898,72.305µm
u_picorv32.picorv32_core.count_instr\[49\],72.26µm
u_picorv32.picorv32_core.alu_out\[3\],72.06µm
net186,72.01µm
_05531_,71.94µm
net1030,71.72µm
_04091_,71.64µm
net668,71.54µm
net1072,71.54µm
net616,71.435µm
_02095_,71.41µm
_02290_,71.41µm
_02345_,71.375µm
_03394_,71.375µm
_01983_,71.24µm
u_picorv32.pcpi_rs2\[20\],71.195µm
net1349,71.04µm
_02624_,70.93µm
_02770_,70.92µm
net153,70.735µm
net1216,70.685µm
_02620_,70.68µm
net636,70.655µm
u_picorv32.picorv32_core.mem_rdata_q\[24\],70.54µm
net526,70.51µm
_02978_,70.5µm
_03439_,70.29µm
net1231,70.265µm
net1370,70.22µm
u_picorv32.picorv32_core.count_cycle\[34\],70.19µm
_03412_,69.915µm
_02586_,69.84µm
net236,69.84µm
_02613_,69.835µm
u_picorv32.picorv32_core.mem_do_rdata,69.71µm
_03489_,69.69µm
u_picorv32.picorv32_core.reg_pc\[13\],69.685µm
_04881_,69.6µm
net675,69.54µm
_03240_,69.21µm
_05571_,69.18µm
u_picorv32.picorv32_core.count_instr\[22\],69.14µm
_05545_,69.13µm
net585,69.125µm
_05441_,69.005µm
_02622_,68.925µm
net1058,68.9µm
net1348,68.9µm
u_picorv32.picorv32_core.count_cycle\[50\],68.815µm
u_picorv32.picorv32_core.count_cycle\[49\],68.565µm
net1007,68.5µm
u_picorv32.picorv32_core.instr_lui,68.46µm
_03404_,68.45µm
net1116,68.42µm
u_picorv32.picorv32_core.count_cycle\[61\],68.375µm
net1222,68.355µm
clknet_leaf_18_clk_i,68.06µm
net1039,68.05µm
_03928_,67.95µm
_02061_,67.905µm
net643,67.835µm
_02022_,67.83µm
net788,67.68µm
_03090_,67.665µm
net612,67.485µm
net1042,67.475µm
u_picorv32.picorv32_core.reg_out\[3\],67.455µm
_02017_,67.365µm
_02191_,67.27µm
_02141_,67.195µm
_03431_,67.055µm
net305,66.885µm
u_picorv32.picorv32_core.count_instr\[53\],66.845µm
_05919_,66.78µm
_05373_,66.765µm
_02816_,66.67µm
_05431_,66.67µm
_03235_,66.525µm
net772,66.51µm
_05085_,66.36µm
_02488_,66.305µm
_02845_,66.215µm
net1032,66.185µm
_05841_,66.14µm
_04953_,66.12µm
net1074,66.05µm
_02853_,66µm
_02992_,65.99µm
_02182_,65.95µm
u_picorv32.picorv32_core.reg_pc\[15\],65.95µm
u_picorv32.picorv32_core.count_cycle\[33\],65.895µm
_02722_,65.76µm
_02289_,65.51µm
_02993_,65.34µm
u_picorv32.picorv32_core.decoder_pseudo_trigger,65.34µm
_01663_,65.09µm
_04433_,64.98µm
_03226_,64.94µm
_05495_,64.87µm
_02995_,64.86µm
_03416_,64.815µm
_05202_,64.76µm
_02208_,64.75µm
_03401_,64.7µm
net730,64.7µm
_04598_,64.68µm
_02058_,64.655µm
net1199,64.625µm
_03335_,64.5µm
net297,64.425µm
_01751_,64.4µm
u_picorv32.picorv32_core.latched_is_lh,64.355µm
_02962_,64.32µm
_01609_,64.27µm
_05846_,64.22µm
_02303_,64.2µm
net604,64.075µm
_04955_,63.85µm
net948,63.825µm
_03385_,63.8µm
_04020_,63.6µm
_03432_,63.485µm
_03396_,63.46µm
_02980_,63.43µm
u_picorv32.picorv32_core.count_cycle\[56\],63.415µm
_05463_,63.37µm
_02281_,63.31µm
u_picorv32.picorv32_core.reg_pc\[22\],63.19µm
_03242_,63.105µm
u_picorv32.picorv32_core.count_cycle\[51\],63.07µm
net1012,63.04µm
net1383,62.955µm
_02090_,62.95µm
_03692_,62.89µm
_01676_,62.865µm
_02830_,62.795µm
_03424_,62.71µm
_03192_,62.45µm
_02815_,62.405µm
u_picorv32.picorv32_core.count_instr\[6\],62.36µm
_02626_,62.29µm
_01713_,62.265µm
_05384_,62.17µm
_01951_,62.11µm
_03113_,62.095µm
_03428_,62.05µm
_05407_,61.835µm
_01733_,61.825µm
net173,61.765µm
net231,61.73µm
_04784_,61.7µm
net670,61.655µm
u_picorv32.picorv32_core.cpu_state\[0\],61.65µm
_03059_,61.635µm
_02796_,61.57µm
u_picorv32.picorv32_core.alu_out_q\[28\],61.57µm
_05784_,61.51µm
_03435_,61.16µm
_03905_,61.14µm
u_picorv32.picorv32_core.count_instr\[51\],60.98µm
net515,60.82µm
u_picorv32.picorv32_core.count_cycle\[17\],60.8µm
_02819_,60.755µm
_02328_,60.73µm
_02086_,60.67µm
_03697_,60.67µm
_05683_,60.66µm
_02084_,60.605µm
_02667_,60.595µm
net525,60.505µm
u_picorv32.picorv32_core.alu_out\[31\],60.48µm
u_picorv32.picorv32_core.count_cycle\[18\],60.475µm
u_picorv32.picorv32_core.instr_sb,60.425µm
_02490_,60.26µm
_02442_,60.25µm
net1193,60.21µm
_01784_,60.095µm
_03420_,60.09µm
net228,59.975µm
_03303_,59.915µm
_05912_,59.88µm
u_picorv32.picorv32_core.count_cycle\[0\],59.85µm
net541,59.78µm
net1136,59.775µm
net619,59.695µm
_02115_,59.69µm
_01662_,59.64µm
_02440_,59.52µm
_03864_,59.43µm
_02139_,59.405µm
u_picorv32.picorv32_core.count_instr\[58\],59.375µm
_01742_,59.335µm
net1422,59.24µm
_05707_,59.11µm
_02386_,59.08µm
_02261_,59.015µm
u_picorv32.picorv32_core.count_cycle\[1\],58.995µm
_02838_,58.925µm
_01406_,58.82µm
_02846_,58.81µm
u_picorv32.picorv32_core.latched_is_lb,58.75µm
net1190,58.685µm
net761,58.23µm
_02735_,58.15µm
_01552_,58.08µm
_05609_,58.08µm
u_picorv32.picorv32_core.count_cycle\[24\],57.92µm
u_picorv32.picorv32_core.alu_out\[6\],57.84µm
_02823_,57.765µm
u_picorv32.picorv32_core.alu_out\[28\],57.75µm
_02618_,57.73µm
net524,57.685µm
_05732_,57.6µm
_03274_,57.52µm
_02808_,57.45µm
_05200_,57.42µm
_05896_,57.4µm
_02247_,57.37µm
_03230_,57.37µm
_05748_,57.37µm
_01678_,57.315µm
_01953_,57.18µm
_03437_,57.09µm
net771,57.01µm
net623,56.945µm
_02559_,56.9µm
_01941_,56.64µm
u_picorv32.picorv32_core.count_cycle\[58\],56.61µm
_02632_,56.52µm
_02167_,56.47µm
_03845_,56.465µm
net304,56.425µm
_05710_,56.41µm
_01847_,56.4µm
_02427_,56.4µm
_03191_,56.215µm
_02256_,56.18µm
_04924_,56.1µm
_02212_,56.01µm
_03364_,56.005µm
_05344_,55.93µm
_05593_,55.8µm
u_picorv32.picorv32_core.alu_out\[15\],55.8µm
net254,55.795µm
_02728_,55.68µm
_02166_,55.655µm
u_picorv32.picorv32_core.reg_out\[12\],55.6µm
u_picorv32.picorv32_core.count_instr\[30\],55.57µm
_03538_,55.555µm
_01553_,55.52µm
_02778_,55.52µm
_05169_,55.44µm
_05691_,55.44µm
u_picorv32.picorv32_core.reg_out\[10\],55.39µm
_03060_,55.365µm
u_picorv32.picorv32_core.count_cycle\[25\],55.285µm
u_picorv32.picorv32_core.mem_rdata_q\[2\],55.26µm
_02628_,55.1µm
u_picorv32.picorv32_core.decoded_imm\[24\],55.005µm
net1036,54.98µm
_03908_,54.84µm
_03236_,54.65µm
net561,54.63µm
_03849_,54.61µm
net1411,54.61µm
_02719_,54.43µm
_05483_,54.395µm
_02327_,54.39µm
u_picorv32.picorv32_core.decoded_imm_j\[10\],54.39µm
_05074_,54.36µm
_05317_,54.31µm
_05239_,54.18µm
net618,53.985µm
_05507_,53.95µm
_03201_,53.935µm
_03152_,53.905µm
_02857_,53.885µm
_05139_,53.82µm
_03693_,53.625µm
net559,53.605µm
_02326_,53.52µm
net1235,53.25µm
u_picorv32.picorv32_core.count_cycle\[22\],53.175µm
u_picorv32.picorv32_core.count_cycle\[36\],53.105µm
net942,53.075µm
u_picorv32.picorv32_core.count_instr\[60\],53.07µm
_05405_,53.05µm
_02025_,52.995µm
_05351_,52.97µm
u_picorv32.picorv32_core.count_instr\[59\],52.92µm
net1101,52.775µm
_05696_,52.69µm
_05396_,52.62µm
u_picorv32.picorv32_core.reg_pc\[18\],52.56µm
net1236,52.515µm
_02711_,52.51µm
_04392_,52.51µm
_05760_,52.5µm
_00031_,52.38µm
_05724_,52.33µm
net1191,52.315µm
u_picorv32.picorv32_core.reg_next_pc\[7\],52.305µm
_02595_,52.2µm
_04977_,52.15µm
_02108_,52.09µm
_02977_,52.09µm
u_picorv32.pcpi_rs1\[9\],51.85µm
_02252_,51.84µm
_04127_,51.81µm
_01629_,51.78µm
_01674_,51.66µm
net1367,51.58µm
net1014,51.515µm
net967,51.445µm
_02288_,51.43µm
_04852_,51.42µm
_03108_,51.405µm
_02258_,51.365µm
_02843_,51.28µm
_03356_,51.165µm
net627,50.935µm
_03366_,50.895µm
u_picorv32.picorv32_core.alu_out\[7\],50.83µm
_03292_,50.78µm
_02192_,50.64µm
_04246_,50.64µm
_03518_,50.505µm
_04931_,50.46µm
net233,50.455µm
_02298_,50.41µm
u_picorv32.picorv32_core.count_instr\[10\],50.4µm
u_picorv32.picorv32_core.count_cycle\[19\],50.39µm
_01942_,50.22µm
net1013,50.155µm
_02199_,50.11µm
u_picorv32.pcpi_rs2\[25\],50.105µm
_05533_,50.005µm
_03066_,49.735µm
_02059_,49.665µm
_05543_,49.66µm
_04104_,49.57µm
u_picorv32.picorv32_core.decoded_imm\[16\],49.56µm
_01684_,49.51µm
_02387_,49.495µm
u_picorv32.picorv32_core.reg_next_pc\[29\],49.425µm
_02203_,49.38µm
_01892_,49.34µm
_04966_,49.32µm
_01763_,49.185µm
u_picorv32.picorv32_core.count_cycle\[12\],49.18µm
_02402_,49.14µm
_02230_,49.11µm
net527,49.105µm
_02433_,49.03µm
u_picorv32.picorv32_core.cpuregs\[17\]\[20\],49.03µm
u_picorv32.picorv32_core.instr_lbu,48.98µm
_02060_,48.965µm
_02707_,48.96µm
_05045_,48.92µm
_01726_,48.865µm
_04243_,48.805µm
_01832_,48.72µm
_05355_,48.715µm
net975,48.705µm
_01807_,48.475µm
net1066,48.475µm
_05442_,48.44µm
_05725_,48.43µm
_05934_,48.36µm
_02671_,48.31µm
u_picorv32.picorv32_core.alu_out\[22\],48.26µm
u_picorv32.picorv32_core.reg_out\[31\],48.19µm
_05639_,48.01µm
_05682_,47.985µm
_02156_,47.94µm
_05929_,47.94µm
_02967_,47.855µm
net1003,47.835µm
_01991_,47.83µm
_05304_,47.77µm
_01668_,47.74µm
_03130_,47.72µm
_01928_,47.685µm
_02584_,47.65µm
_05591_,47.64µm
_05257_,47.52µm
u_picorv32.pcpi_rs1\[13\],47.515µm
_05796_,47.46µm
net1099,47.405µm
_02554_,47.4µm
_02603_,47.4µm
u_picorv32.picorv32_core.mem_rdata_q\[8\],47.365µm
_02169_,47.32µm
_03586_,47.3µm
u_picorv32.picorv32_core.count_cycle\[2\],47.29µm
_01407_,47.22µm
_01732_,47.215µm
_04708_,47.16µm
u_picorv32.picorv32_core.count_cycle\[6\],47.15µm
_01812_,47.135µm
_03252_,46.98µm
_01801_,46.82µm
net551,46.735µm
_04114_,46.73µm
_05221_,46.62µm
net1008,46.55µm
net121,46.495µm
_03153_,46.44µm
_02056_,46.22µm
_02747_,46.03µm
_05847_,46.03µm
_02144_,46.02µm
_04959_,45.96µm
u_picorv32.picorv32_core.count_instr\[2\],45.94µm
_01554_,45.865µm
_03361_,45.85µm
_05212_,45.805µm
_01756_,45.695µm
_04903_,45.66µm
u_picorv32.picorv32_core.decoded_rd\[4\],45.61µm
u_picorv32.picorv32_core.count_instr\[15\],45.56µm
_02323_,45.49µm
u_picorv32.picorv32_core.reg_next_pc\[13\],45.485µm
_05180_,45.48µm
_05693_,45.37µm
u_picorv32.picorv32_core.count_cycle\[8\],45.33µm
_02264_,45.305µm
_05387_,45.25µm
u_picorv32.picorv32_core.count_cycle\[9\],45.245µm
_01788_,45.24µm
_05136_,45.19µm
net1052,45.15µm
net1015,45.14µm
u_picorv32.picorv32_core.count_cycle\[53\],45.125µm
_03355_,45.06µm
_05865_,44.905µm
_05746_,44.64µm
_04642_,44.58µm
_02236_,44.53µm
_05357_,44.365µm
_02254_,44.34µm
_02504_,44.28µm
_04101_,44.28µm
_03057_,44.26µm
_05117_,44.22µm
_05412_,44.22µm
u_picorv32.pcpi_rs1\[14\],44.205µm
_03688_,44.18µm
_05330_,44.16µm
u_picorv32.picorv32_core.count_instr\[3\],44.125µm
_04130_,44.07µm
_05868_,44.04µm
_04083_,43.99µm
net158,43.94µm
_05380_,43.86µm
_01693_,43.82µm
_05279_,43.81µm
u_picorv32.picorv32_core.cpuregs\[10\]\[7\],43.8µm
u_picorv32.picorv32_core.count_cycle\[57\],43.735µm
_04085_,43.68µm
_01736_,43.645µm
u_picorv32.picorv32_core.reg_pc\[10\],43.64µm
_04436_,43.58µm
_05122_,43.56µm
u_picorv32.picorv32_core.alu_out\[26\],43.51µm
_03601_,43.5µm
_01821_,43.44µm
u_picorv32.picorv32_core.count_cycle\[26\],43.435µm
_02695_,43.41µm
u_picorv32.picorv32_core.cpuregs\[25\]\[31\],43.4µm
_04316_,43.39µm
u_picorv32.picorv32_core.mem_rdata_q\[3\],43.39µm
u_picorv32.picorv32_core.count_cycle\[62\],43.32µm
_02407_,43.265µm
_05313_,43.2µm
u_picorv32.picorv32_core.count_cycle\[43\],43.125µm
_05019_,43.09µm
_01975_,43.085µm
_02324_,42.925µm
_03855_,42.73µm
u_picorv32.picorv32_core.count_cycle\[42\],42.65µm
_02828_,42.62µm
_04184_,42.54µm
_05057_,42.54µm
_04590_,42.49µm
_04237_,42.48µm
_02745_,42.45µm
_02614_,42.435µm
_02248_,42.425µm
_01737_,42.42µm
_04993_,42.36µm
_01910_,42.33µm
u_picorv32.picorv32_core.cpuregs\[6\]\[0\],42.24µm
_05145_,42.19µm
u_picorv32.picorv32_core.count_instr\[5\],42.08µm
_03748_,42.07µm
_03549_,42.04µm
_03460_,42.025µm
_05292_,41.91µm
_02737_,41.89µm
_02887_,41.89µm
_05009_,41.89µm
_01906_,41.83µm
_04935_,41.82µm
u_picorv32.picorv32_core.cpuregs\[9\]\[18\],41.815µm
_03047_,41.785µm
u_picorv32.picorv32_core.instr_sw,41.78µm
_03903_,41.76µm
u_picorv32.picorv32_core.alu_out\[13\],41.76µm
_02462_,41.7µm
_05866_,41.695µm
_05033_,41.65µm
_05232_,41.53µm
u_picorv32.picorv32_core.mem_state\[1\],41.515µm
u_picorv32.picorv32_core.cpuregs\[2\]\[4\],41.47µm
_02969_,41.46µm
net617,41.43µm
_03214_,41.425µm
u_picorv32.picorv32_core.cpuregs\[27\]\[8\],41.425µm
u_picorv32.picorv32_core.cpuregs\[8\]\[16\],41.41µm
u_picorv32.picorv32_core.cpuregs\[25\]\[28\],41.36µm
_03051_,41.33µm
_04491_,41.28µm
u_picorv32.picorv32_core.cpuregs\[14\]\[7\],41.255µm
u_picorv32.picorv32_core.cpuregs\[8\]\[1\],41.215µm
_05055_,41.1µm
_02213_,41.085µm
u_picorv32.picorv32_core.mem_rdata_q\[1\],41.08µm
_04930_,40.98µm
_01865_,40.975µm
_05735_,40.94µm
_04978_,40.92µm
_02979_,40.845µm
_05901_,40.81µm
_04988_,40.8µm
_02196_,40.79µm
u_picorv32.picorv32_core.cpuregs\[30\]\[27\],40.775µm
_03325_,40.68µm
_03747_,40.68µm
u_picorv32.picorv32_core.alu_out\[29\],40.68µm
_05765_,40.67µm
_03533_,40.66µm
u_picorv32.picorv32_core.count_cycle\[37\],40.65µm
_05071_,40.62µm
_05509_,40.57µm
_02768_,40.56µm
u_picorv32.picorv32_core.cpuregs\[5\]\[5\],40.46µm
u_picorv32.picorv32_core.count_instr\[26\],40.405µm
u_picorv32.picorv32_core.count_instr\[11\],40.37µm
_03178_,40.32µm
_02482_,40.315µm
u_picorv32.picorv32_core.cpuregs\[31\]\[3\],40.24µm
u_picorv32.picorv32_core.cpuregs\[16\]\[20\],40.15µm
u_picorv32.picorv32_core.cpuregs\[22\]\[14\],40.09µm
_02726_,40.08µm
u_picorv32.picorv32_core.cpuregs\[30\]\[16\],40.03µm
_01803_,39.965µm
net667,39.96µm
u_picorv32.picorv32_core.cpuregs\[29\]\[29\],39.955µm
_01546_,39.93µm
_04454_,39.84µm
_03275_,39.785µm
u_picorv32.picorv32_core.instr_lh,39.76µm
u_picorv32.picorv32_core.reg_next_pc\[23\],39.735µm
u_picorv32.picorv32_core.cpuregs\[30\]\[31\],39.73µm
_05064_,39.72µm
_03358_,39.7µm
_04310_,39.675µm
_04062_,39.66µm
_01843_,39.645µm
_02415_,39.61µm
_05758_,39.61µm
_02266_,39.56µm
_01797_,39.555µm
_04122_,39.54µm
_05012_,39.48µm
_01568_,39.42µm
_05024_,39.42µm
u_picorv32.picorv32_core.cpuregs\[28\]\[19\],39.38µm
u_picorv32.picorv32_core.cpuregs\[13\]\[19\],39.36µm
u_picorv32.picorv32_core.count_cycle\[45\],39.305µm
u_picorv32.picorv32_core.count_instr\[1\],39.27µm
u_picorv32.picorv32_core.cpuregs\[0\]\[9\],39.255µm
_04732_,39.25µm
_04733_,39.25µm
_05363_,39.24µm
_02966_,39.23µm
_03574_,39.22µm
u_picorv32.picorv32_core.cpuregs\[14\]\[11\],39.215µm
_04182_,39.18µm
_01979_,39.15µm
_05275_,39.12µm
_01787_,39.055µm
_02239_,39.025µm
_05093_,39.01µm
_05096_,38.965µm
_03542_,38.94µm
_05241_,38.94µm
_03175_,38.935µm
u_picorv32.picorv32_core.cpuregs\[17\]\[8\],38.84µm
u_picorv32.picorv32_core.cpuregs\[6\]\[1\],38.83µm
_05755_,38.82µm
_01542_,38.785µm
_04967_,38.77µm
_04994_,38.76µm
u_picorv32.picorv32_core.cpuregs\[21\]\[17\],38.735µm
u_picorv32.picorv32_core.cpuregs\[30\]\[29\],38.735µm
_02716_,38.72µm
_02503_,38.65µm
u_picorv32.picorv32_core.instr_sh,38.65µm
_04451_,38.64µm
_04320_,38.6µm
_04385_,38.52µm
u_picorv32.picorv32_core.cpuregs\[30\]\[9\],38.52µm
_04605_,38.49µm
_01697_,38.475µm
_04709_,38.46µm
_04806_,38.46µm
u_picorv32.picorv32_core.cpuregs\[29\]\[5\],38.405µm
_02794_,38.4µm
u_picorv32.picorv32_core.cpuregs\[20\]\[1\],38.365µm
_01900_,38.35µm
_02756_,38.35µm
u_picorv32.picorv32_core.cpuregs\[25\]\[0\],38.315µm
u_picorv32.picorv32_core.instr_bgeu,38.29µm
u_picorv32.picorv32_core.cpuregs\[28\]\[25\],38.23µm
_01997_,38.18µm
_05229_,38.16µm
net504,38.16µm
u_picorv32.picorv32_core.cpuregs\[7\]\[23\],38.08µm
_03388_,38.05µm
u_picorv32.picorv32_core.cpuregs\[17\]\[11\],38.045µm
u_picorv32.picorv32_core.cpuregs\[11\]\[16\],38.04µm
u_picorv32.picorv32_core.cpuregs\[18\]\[20\],38.04µm
_03050_,38.035µm
_03984_,38.025µm
u_picorv32.picorv32_core.reg_next_pc\[6\],37.99µm
_05008_,37.98µm
u_picorv32.picorv32_core.cpuregs\[22\]\[30\],37.965µm
_03899_,37.93µm
_05225_,37.93µm
u_picorv32.picorv32_core.cpuregs\[25\]\[13\],37.93µm
_01795_,37.895µm
_01675_,37.87µm
u_picorv32.picorv32_core.instr_blt,37.84µm
_03729_,37.835µm
u_picorv32.picorv32_core.cpuregs\[21\]\[1\],37.795µm
u_picorv32.picorv32_core.count_cycle\[38\],37.565µm
_03350_,37.56µm
_05372_,37.56µm
_05799_,37.56µm
_02773_,37.5µm
_02630_,37.47µm
u_picorv32.picorv32_core.cpuregs\[17\]\[27\],37.465µm
_02517_,37.45µm
_02596_,37.38µm
u_picorv32.picorv32_core.cpuregs\[15\]\[15\],37.365µm
_02048_,37.34µm
u_picorv32.picorv32_core.cpuregs\[13\]\[4\],37.33µm
_01945_,37.285µm
_05027_,37.27µm
u_picorv32.picorv32_core.cpuregs\[15\]\[16\],37.27µm
u_picorv32.picorv32_core.is_slli_srli_srai,37.26µm
_05128_,37.2µm
_05643_,37.2µm
net1059,37.175µm
_05411_,37.15µm
u_picorv32.picorv32_core.cpuregs\[13\]\[2\],37.115µm
_05825_,37.095µm
u_picorv32.picorv32_core.cpuregs\[0\]\[12\],37.09µm
u_picorv32.picorv32_core.cpuregs\[21\]\[23\],37.07µm
_05850_,37.06µm
_04259_,37.03µm
_02572_,37.02µm
_05205_,37.02µm
net577,36.975µm
u_picorv32.picorv32_core.cpuregs\[21\]\[15\],36.97µm
_04038_,36.96µm
_05246_,36.96µm
u_picorv32.picorv32_core.alu_out\[9\],36.96µm
u_picorv32.picorv32_core.cpuregs\[16\]\[11\],36.94µm
_01785_,36.93µm
u_picorv32.picorv32_core.cpuregs\[4\]\[7\],36.925µm
u_picorv32.picorv32_core.is_sltiu_bltu_sltu,36.92µm
net3174,36.91µm
u_picorv32.picorv32_core.reg_pc\[3\],36.86µm
_01939_,36.84µm
u_picorv32.picorv32_core.alu_out_q\[26\],36.835µm
_02420_,36.79µm
u_picorv32.picorv32_core.count_cycle\[5\],36.79µm
u_picorv32.picorv32_core.cpuregs\[16\]\[5\],36.79µm
u_picorv32.picorv32_core.cpuregs\[27\]\[0\],36.765µm
u_picorv32.picorv32_core.cpuregs\[30\]\[25\],36.76µm
u_picorv32.picorv32_core.cpuregs\[29\]\[17\],36.72µm
u_picorv32.picorv32_core.cpuregs\[31\]\[19\],36.715µm
_03694_,36.59µm
_05490_,36.48µm
_02287_,36.43µm
u_picorv32.picorv32_core.cpuregs\[14\]\[27\],36.395µm
_02383_,36.39µm
_01793_,36.37µm
_03637_,36.37µm
u_picorv32.picorv32_core.cpuregs\[27\]\[9\],36.36µm
_02295_,36.31µm
_05327_,36.285µm
_04430_,36.25µm
u_picorv32.picorv32_core.count_cycle\[44\],36.24µm
_05654_,36.2µm
_02727_,36.19µm
u_picorv32.picorv32_core.cpuregs\[30\]\[21\],36.19µm
u_picorv32.picorv32_core.latched_rd\[1\],36.19µm
net511,36.19µm
net1113,36.19µm
_03129_,36.125µm
_03795_,36.125µm
u_picorv32.picorv32_core.cpuregs\[13\]\[13\],36.115µm
u_picorv32.picorv32_core.cpuregs\[8\]\[4\],36.07µm
_05838_,36.04µm
u_picorv32.pcpi_rs1\[29\],36.035µm
_02925_,36.03µm
u_picorv32.picorv32_core.cpuregs\[15\]\[24\],36.025µm
_03100_,36.02µm
net1001,36.01µm
net1180,36µm
_02368_,35.99µm
_03413_,35.89µm
u_picorv32.picorv32_core.cpuregs\[5\]\[7\],35.89µm
_05223_,35.88µm
_05406_,35.88µm
_01728_,35.835µm
u_picorv32.picorv32_core.cpuregs\[12\]\[15\],35.83µm
u_picorv32.picorv32_core.cpuregs\[26\]\[0\],35.83µm
_05107_,35.82µm
u_picorv32.picorv32_core.cpuregs\[10\]\[16\],35.8µm
_01980_,35.77µm
u_picorv32.picorv32_core.cpuregs\[5\]\[24\],35.77µm
u_picorv32.picorv32_core.cpuregs\[14\]\[29\],35.74µm
u_picorv32.picorv32_core.cpuregs\[22\]\[6\],35.735µm
u_picorv32.picorv32_core.cpuregs\[31\]\[20\],35.715µm
_05607_,35.71µm
_01540_,35.685µm
_03120_,35.665µm
_01717_,35.645µm
_02243_,35.64µm
_05278_,35.64µm
net1122,35.605µm
u_picorv32.picorv32_core.cpuregs\[10\]\[9\],35.6µm
_05065_,35.59µm
_02394_,35.58µm
_03405_,35.56µm
_00032_,35.53µm
u_picorv32.picorv32_core.cpuregs\[31\]\[6\],35.53µm
_02485_,35.52µm
u_picorv32.picorv32_core.cpuregs\[23\]\[31\],35.49µm
_03135_,35.485µm
_01628_,35.47µm
u_picorv32.picorv32_core.cpuregs\[19\]\[24\],35.41µm
u_picorv32.picorv32_core.cpuregs\[3\]\[9\],35.41µm
_05262_,35.4µm
_05855_,35.365µm
_04456_,35.35µm
u_picorv32.picorv32_core.count_cycle\[11\],35.305µm
u_picorv32.picorv32_core.cpuregs\[22\]\[13\],35.275µm
u_picorv32.picorv32_core.cpuregs\[6\]\[19\],35.23µm
u_picorv32.picorv32_core.cpuregs\[8\]\[22\],35.18µm
u_picorv32.picorv32_core.cpuregs\[24\]\[8\],35.175µm
_03205_,35.135µm
_02173_,35.11µm
u_picorv32.picorv32_core.cpuregs\[8\]\[3\],35.095µm
u_picorv32.picorv32_core.count_instr\[62\],35.065µm
u_picorv32.picorv32_core.cpuregs\[19\]\[1\],35.05µm
_05156_,35.04µm
_05175_,35.04µm
_02996_,34.99µm
u_picorv32.picorv32_core.cpuregs\[25\]\[15\],34.99µm
_02035_,34.965µm
_05147_,34.93µm
_02460_,34.92µm
u_picorv32.picorv32_core.cpuregs\[13\]\[12\],34.84µm
u_picorv32.picorv32_core.cpuregs\[30\]\[24\],34.8µm
u_picorv32.picorv32_core.cpuregs\[7\]\[25\],34.8µm
_02106_,34.795µm
u_picorv32.picorv32_core.cpuregs\[27\]\[1\],34.75µm
u_picorv32.picorv32_core.cpuregs\[5\]\[31\],34.745µm
_04358_,34.69µm
_05150_,34.68µm
_05623_,34.68µm
u_picorv32.picorv32_core.cpuregs\[16\]\[12\],34.665µm
_05111_,34.63µm
_05042_,34.62µm
u_picorv32.picorv32_core.cpuregs\[25\]\[25\],34.62µm
_02523_,34.61µm
_03062_,34.57µm
_05134_,34.57µm
_04376_,34.565µm
u_picorv32.picorv32_core.count_cycle\[29\],34.55µm
_05188_,34.52µm
u_picorv32.picorv32_core.cpuregs\[4\]\[6\],34.52µm
u_picorv32.picorv32_core.cpuregs\[2\]\[3\],34.5µm
_04261_,34.48µm
u_picorv32.picorv32_core.cpuregs\[31\]\[16\],34.47µm
_02479_,34.45µm
u_picorv32.picorv32_core.cpuregs\[19\]\[5\],34.42µm
_04663_,34.4µm
u_picorv32.picorv32_core.cpuregs\[27\]\[16\],34.4µm
u_picorv32.picorv32_core.cpuregs\[28\]\[28\],34.4µm
_05920_,34.39µm
u_picorv32.picorv32_core.cpuregs\[16\]\[14\],34.39µm
u_picorv32.picorv32_core.cpuregs\[17\]\[22\],34.39µm
_04667_,34.38µm
_05173_,34.38µm
u_picorv32.picorv32_core.cpuregs\[17\]\[30\],34.345µm
_05263_,34.34µm
u_picorv32.picorv32_core.cpuregs\[8\]\[20\],34.33µm
u_picorv32.picorv32_core.count_cycle\[63\],34.325µm
u_picorv32.picorv32_core.cpuregs\[23\]\[24\],34.32µm
u_picorv32.picorv32_core.cpuregs\[26\]\[9\],34.315µm
u_picorv32.picorv32_core.cpuregs\[12\]\[10\],34.285µm
_05318_,34.27µm
u_picorv32.picorv32_core.cpuregs\[13\]\[3\],34.27µm
_05123_,34.26µm
_05098_,34.21µm
u_picorv32.picorv32_core.cpuregs\[14\]\[25\],34.21µm
_03743_,34.15µm
_05329_,34.15µm
u_picorv32.picorv32_core.cpuregs\[14\]\[5\],34.105µm
_03610_,34.09µm
_02354_,34.08µm
_05925_,34.07µm
u_picorv32.picorv32_core.cpuregs\[8\]\[2\],34.07µm
u_picorv32.picorv32_core.cpuregs\[30\]\[6\],34.045µm
u_picorv32.picorv32_core.cpuregs\[25\]\[1\],34.04µm
_05783_,34.02µm
u_picorv32.picorv32_core.cpuregs\[23\]\[28\],34.02µm
u_picorv32.picorv32_core.cpuregs\[27\]\[13\],34.02µm
u_picorv32.picorv32_core.cpuregs\[16\]\[21\],34.005µm
u_picorv32.picorv32_core.cpuregs\[21\]\[26\],33.975µm
_04028_,33.96µm
_05469_,33.96µm
u_picorv32.picorv32_core.count_cycle\[3\],33.95µm
u_picorv32.picorv32_core.cpuregs\[23\]\[1\],33.9µm
u_picorv32.picorv32_core.cpuregs\[17\]\[12\],33.86µm
net1006,33.84µm
u_picorv32.picorv32_core.cpuregs\[5\]\[11\],33.835µm
u_picorv32.picorv32_core.cpuregs\[4\]\[0\],33.8µm
u_picorv32.picorv32_core.cpuregs\[14\]\[26\],33.795µm
_05244_,33.79µm
_02552_,33.78µm
net1237,33.765µm
u_picorv32.picorv32_core.cpuregs\[24\]\[30\],33.74µm
_03159_,33.735µm
_04762_,33.735µm
net692,33.725µm
_02272_,33.72µm
_03357_,33.7µm
_03065_,33.69µm
u_picorv32.picorv32_core.cpuregs\[8\]\[27\],33.685µm
u_picorv32.picorv32_core.cpuregs\[29\]\[14\],33.68µm
_04833_,33.63µm
u_picorv32.picorv32_core.reg_next_pc\[15\],33.63µm
u_picorv32.picorv32_core.cpuregs\[15\]\[10\],33.62µm
u_picorv32.picorv32_core.cpuregs\[25\]\[21\],33.61µm
u_picorv32.picorv32_core.cpuregs\[2\]\[21\],33.595µm
u_picorv32.picorv32_core.cpuregs\[22\]\[7\],33.565µm
_04896_,33.54µm
u_picorv32.picorv32_core.cpuregs\[15\]\[7\],33.505µm
_03380_,33.49µm
u_picorv32.picorv32_core.cpuregs\[30\]\[14\],33.49µm
_02158_,33.48µm
u_picorv32.picorv32_core.cpuregs\[27\]\[28\],33.455µm
_02435_,33.43µm
_02854_,33.42µm
_02448_,33.375µm
_03467_,33.37µm
u_picorv32.picorv32_core.cpuregs\[29\]\[6\],33.37µm
u_picorv32.picorv32_core.count_cycle\[40\],33.365µm
_04517_,33.36µm
u_picorv32.picorv32_core.cpuregs\[3\]\[21\],33.355µm
u_picorv32.picorv32_core.cpuregs\[14\]\[19\],33.33µm
u_picorv32.picorv32_core.cpuregs\[18\]\[28\],33.31µm
u_picorv32.picorv32_core.cpuregs\[31\]\[0\],33.31µm
u_picorv32.picorv32_core.cpuregs\[12\]\[21\],33.29µm
_03263_,33.27µm
u_picorv32.picorv32_core.cpuregs\[30\]\[13\],33.265µm
_03797_,33.26µm
u_picorv32.picorv32_core.cpuregs\[29\]\[9\],33.26µm
_01972_,33.25µm
_02509_,33.24µm
_05863_,33.24µm
u_picorv32.picorv32_core.cpuregs\[18\]\[27\],33.24µm
u_picorv32.picorv32_core.cpuregs\[1\]\[30\],33.235µm
net1009,33.235µm
u_picorv32.picorv32_core.cpuregs\[24\]\[16\],33.2µm
_02127_,33.19µm
_05349_,33.19µm
u_picorv32.picorv32_core.cpuregs\[31\]\[24\],33.18µm
u_picorv32.picorv32_core.count_cycle\[15\],33.165µm
u_picorv32.picorv32_core.cpuregs\[25\]\[18\],33.155µm
_02694_,33.13µm
_01727_,33.12µm
_02310_,33.12µm
_04734_,33.06µm
_03031_,33.045µm
u_picorv32.picorv32_core.cpuregs\[14\]\[21\],33.025µm
_02447_,33.01µm
_05700_,33.01µm
u_picorv32.picorv32_core.cpuregs\[2\]\[23\],32.975µm
u_picorv32.picorv32_core.cpuregs\[28\]\[14\],32.965µm
u_picorv32.picorv32_core.reg_next_pc\[21\],32.965µm
u_picorv32.picorv32_core.cpuregs\[17\]\[10\],32.95µm
u_picorv32.picorv32_core.cpuregs\[5\]\[9\],32.94µm
u_picorv32.picorv32_core.cpuregs\[1\]\[15\],32.905µm
_02563_,32.9µm
_04464_,32.89µm
_05226_,32.89µm
_03336_,32.88µm
u_picorv32.picorv32_core.cpuregs\[26\]\[3\],32.875µm
_05207_,32.865µm
u_picorv32.picorv32_core.cpuregs\[27\]\[12\],32.84µm
_05248_,32.83µm
u_picorv32.picorv32_core.cpuregs\[5\]\[2\],32.83µm
u_picorv32.picorv32_core.mem_rdata_q\[12\],32.82µm
u_picorv32.picorv32_core.cpuregs\[23\]\[11\],32.815µm
u_picorv32.picorv32_core.cpuregs\[28\]\[21\],32.815µm
u_picorv32.picorv32_core.cpuregs\[21\]\[3\],32.785µm
u_picorv32.picorv32_core.cpuregs\[15\]\[27\],32.78µm
u_picorv32.picorv32_core.cpuregs\[23\]\[9\],32.77µm
u_picorv32.picorv32_core.cpuregs\[27\]\[4\],32.77µm
u_picorv32.picorv32_core.reg_next_pc\[28\],32.77µm
u_picorv32.picorv32_core.cpuregs\[8\]\[15\],32.765µm
_05109_,32.76µm
u_picorv32.picorv32_core.cpuregs\[17\]\[5\],32.72µm
u_picorv32.picorv32_core.cpuregs\[6\]\[30\],32.72µm
u_picorv32.picorv32_core.cpuregs\[9\]\[3\],32.72µm
u_picorv32.picorv32_core.cpuregs\[13\]\[31\],32.715µm
_05030_,32.71µm
u_picorv32.picorv32_core.cpuregs\[31\]\[2\],32.705µm
_02284_,32.655µm
_02546_,32.64µm
_03408_,32.63µm
_05403_,32.625µm
u_picorv32.picorv32_core.cpuregs\[13\]\[5\],32.625µm
_03296_,32.61µm
u_picorv32.picorv32_core.cpuregs\[29\]\[23\],32.59µm
_01805_,32.57µm
u_picorv32.picorv32_core.cpuregs\[12\]\[12\],32.545µm
u_picorv32.picorv32_core.cpuregs\[13\]\[9\],32.54µm
u_picorv32.picorv32_core.cpuregs\[18\]\[3\],32.54µm
_02454_,32.515µm
u_picorv32.picorv32_core.cpuregs\[20\]\[2\],32.515µm
_05014_,32.47µm
u_picorv32.picorv32_core.cpuregs\[17\]\[19\],32.445µm
_04107_,32.4µm
u_picorv32.picorv32_core.cpuregs\[9\]\[29\],32.4µm
u_picorv32.picorv32_core.cpuregs\[1\]\[28\],32.375µm
u_picorv32.picorv32_core.cpuregs\[21\]\[0\],32.37µm
u_picorv32.picorv32_core.cpuregs\[9\]\[2\],32.36µm
_05422_,32.35µm
u_picorv32.picorv32_core.cpuregs\[17\]\[17\],32.34µm
u_picorv32.picorv32_core.cpuregs\[18\]\[29\],32.32µm
u_picorv32.picorv32_core.count_cycle\[28\],32.3µm
u_picorv32.picorv32_core.cpuregs\[19\]\[29\],32.3µm
_03874_,32.29µm
u_picorv32.picorv32_core.cpuregs\[11\]\[12\],32.29µm
_04902_,32.28µm
u_picorv32.picorv32_core.cpuregs\[16\]\[8\],32.275µm
u_picorv32.picorv32_core.is_slti_blt_slt,32.26µm
u_picorv32.picorv32_core.cpuregs\[4\]\[21\],32.255µm
u_picorv32.picorv32_core.cpuregs\[26\]\[25\],32.245µm
u_picorv32.picorv32_core.cpuregs\[25\]\[30\],32.24µm
u_picorv32.picorv32_core.cpuregs\[30\]\[7\],32.24µm
_02367_,32.185µm
u_picorv32.picorv32_core.cpuregs\[30\]\[22\],32.18µm
_04755_,32.16µm
_03724_,32.13µm
_05157_,32.11µm
u_picorv32.picorv32_core.decoded_imm_j\[8\],32.11µm
_04387_,32.1µm
u_picorv32.picorv32_core.cpuregs\[10\]\[8\],32.1µm
u_picorv32.picorv32_core.cpuregs\[24\]\[18\],32.065µm
u_picorv32.picorv32_core.cpuregs\[31\]\[28\],32.065µm
u_picorv32.picorv32_core.cpuregs\[12\]\[30\],32.05µm
u_picorv32.picorv32_core.cpuregs\[9\]\[19\],32.05µm
_05288_,32.04µm
_04524_,32.035µm
_03682_,31.99µm
_05195_,31.99µm
u_picorv32.picorv32_core.cpuregs\[4\]\[22\],31.99µm
u_picorv32.picorv32_core.decoded_rd\[3\],31.99µm
u_picorv32.picorv32_core.cpuregs\[27\]\[24\],31.975µm
u_picorv32.picorv32_core.cpuregs\[1\]\[22\],31.945µm
u_picorv32.picorv32_core.cpuregs\[1\]\[3\],31.945µm
_02242_,31.925µm
u_picorv32.picorv32_core.cpuregs\[20\]\[30\],31.92µm
_02245_,31.915µm
_05626_,31.915µm
u_picorv32.picorv32_core.cpuregs\[27\]\[3\],31.915µm
u_picorv32.picorv32_core.cpuregs\[9\]\[27\],31.915µm
u_picorv32.picorv32_core.cpuregs\[14\]\[0\],31.89µm
_05059_,31.87µm
u_picorv32.picorv32_core.cpuregs\[17\]\[25\],31.87µm
u_picorv32.picorv32_core.cpuregs\[19\]\[25\],31.87µm
u_picorv32.picorv32_core.decoded_imm\[21\],31.87µm
u_picorv32.picorv32_core.cpuregs\[10\]\[5\],31.865µm
_03333_,31.86µm
u_picorv32.picorv32_core.cpuregs\[21\]\[27\],31.855µm
_05214_,31.81µm
u_picorv32.picorv32_core.cpuregs\[29\]\[13\],31.79µm
u_picorv32.picorv32_core.cpuregs\[16\]\[1\],31.77µm
u_picorv32.picorv32_core.cpuregs\[20\]\[23\],31.765µm
u_picorv32.picorv32_core.cpuregs\[16\]\[4\],31.76µm
u_picorv32.picorv32_core.cpuregs\[16\]\[6\],31.76µm
_04933_,31.75µm
u_picorv32.picorv32_core.mem_rdata_q\[13\],31.74µm
u_picorv32.picorv32_core.cpuregs\[1\]\[17\],31.735µm
u_picorv32.picorv32_core.cpuregs\[16\]\[7\],31.71µm
u_picorv32.picorv32_core.cpuregs\[23\]\[21\],31.71µm
u_picorv32.picorv32_core.cpuregs\[6\]\[15\],31.69µm
_05210_,31.68µm
u_picorv32.picorv32_core.cpuregs\[7\]\[18\],31.68µm
u_picorv32.picorv32_core.cpuregs\[17\]\[18\],31.65µm
_01596_,31.62µm
u_picorv32.picorv32_core.cpuregs\[29\]\[12\],31.61µm
u_picorv32.picorv32_core.cpuregs\[11\]\[13\],31.585µm
u_picorv32.picorv32_core.cpuregs\[6\]\[21\],31.57µm
u_picorv32.picorv32_core.reg_next_pc\[8\],31.555µm
u_picorv32.picorv32_core.cpuregs\[10\]\[4\],31.52µm
u_picorv32.picorv32_core.cpuregs\[15\]\[12\],31.52µm
u_picorv32.picorv32_core.reg_next_pc\[27\],31.52µm
u_picorv32.picorv32_core.cpuregs\[19\]\[30\],31.51µm
_01739_,31.485µm
u_picorv32.picorv32_core.cpuregs\[29\]\[22\],31.48µm
u_picorv32.picorv32_core.cpuregs\[13\]\[16\],31.44µm
_03030_,31.42µm
u_picorv32.picorv32_core.cpuregs\[21\]\[10\],31.39µm
u_picorv32.picorv32_core.cpuregs\[24\]\[28\],31.39µm
_03229_,31.38µm
_04586_,31.38µm
u_picorv32.picorv32_core.cpuregs\[18\]\[24\],31.375µm
u_picorv32.picorv32_core.cpuregs\[5\]\[8\],31.35µm
u_picorv32.picorv32_core.cpuregs\[13\]\[8\],31.34µm
u_picorv32.picorv32_core.cpuregs\[4\]\[5\],31.32µm
u_picorv32.picorv32_core.cpuregs\[4\]\[19\],31.295µm
u_picorv32.picorv32_core.cpuregs\[8\]\[19\],31.27µm
u_picorv32.picorv32_core.cpuregs\[25\]\[12\],31.265µm
_04390_,31.26µm
u_picorv32.picorv32_core.cpuregs\[7\]\[5\],31.255µm
_05144_,31.21µm
_04795_,31.2µm
u_picorv32.picorv32_core.cpuregs\[15\]\[18\],31.195µm
u_picorv32.picorv32_core.cpuregs\[29\]\[26\],31.175µm
u_picorv32.picorv32_core.cpuregs\[30\]\[10\],31.175µm
u_picorv32.picorv32_core.cpuregs\[8\]\[30\],31.17µm
u_picorv32.picorv32_core.cpuregs\[17\]\[31\],31.165µm
u_picorv32.picorv32_core.cpuregs\[26\]\[13\],31.16µm
u_picorv32.picorv32_core.cpuregs\[5\]\[28\],31.16µm
u_picorv32.picorv32_core.count_cycle\[54\],31.15µm
_05171_,31.14µm
u_picorv32.picorv32_core.cpuregs\[29\]\[11\],31.11µm
u_picorv32.picorv32_core.cpuregs\[27\]\[23\],31.105µm
u_picorv32.picorv32_core.cpuregs\[6\]\[5\],31.1µm
_04255_,31.09µm
u_picorv32.picorv32_core.cpuregs\[30\]\[2\],31.08µm
_01704_,31.065µm
u_picorv32.picorv32_core.cpuregs\[22\]\[28\],31.055µm
_02829_,31.04µm
u_picorv32.picorv32_core.count_cycle\[16\],31.025µm
u_picorv32.picorv32_core.cpuregs\[12\]\[29\],31µm
u_picorv32.picorv32_core.cpuregs\[22\]\[31\],30.98µm
_02797_,30.975µm
u_picorv32.picorv32_core.cpuregs\[11\]\[1\],30.975µm
u_picorv32.picorv32_core.cpuregs\[8\]\[25\],30.925µm
_01864_,30.91µm
_03360_,30.91µm
_05194_,30.91µm
u_picorv32.picorv32_core.cpuregs\[16\]\[3\],30.91µm
_05694_,30.9µm
_03589_,30.88µm
_02696_,30.865µm
u_picorv32.picorv32_core.cpuregs\[1\]\[18\],30.865µm
u_picorv32.picorv32_core.cpuregs\[7\]\[15\],30.85µm
u_picorv32.picorv32_core.cpuregs\[8\]\[24\],30.845µm
u_picorv32.picorv32_core.cpuregs\[4\]\[15\],30.835µm
u_picorv32.picorv32_core.cpuregs\[30\]\[8\],30.815µm
u_picorv32.picorv32_core.cpuregs\[5\]\[15\],30.805µm
_02604_,30.79µm
u_picorv32.picorv32_core.cpuregs\[9\]\[15\],30.78µm
u_picorv32.picorv32_core.cpuregs\[13\]\[21\],30.745µm
u_picorv32.picorv32_core.cpuregs\[8\]\[21\],30.745µm
u_picorv32.picorv32_core.cpuregs\[10\]\[25\],30.74µm
_01556_,30.73µm
u_picorv32.picorv32_core.cpuregs\[23\]\[20\],30.73µm
_05158_,30.72µm
u_picorv32.picorv32_core.cpuregs\[9\]\[28\],30.695µm
u_picorv32.picorv32_core.decoded_imm\[9\],30.695µm
u_picorv32.picorv32_core.cpuregs\[10\]\[1\],30.69µm
u_picorv32.picorv32_core.cpuregs\[11\]\[2\],30.685µm
_05602_,30.675µm
_05091_,30.67µm
_05619_,30.67µm
u_picorv32.picorv32_core.cpuregs\[16\]\[17\],30.67µm
_04677_,30.66µm
u_picorv32.picorv32_core.cpuregs\[5\]\[6\],30.645µm
_01794_,30.615µm
u_picorv32.picorv32_core.cpuregs\[13\]\[29\],30.615µm
_04087_,30.595µm
_03580_,30.565µm
u_picorv32.picorv32_core.cpuregs\[13\]\[0\],30.55µm
u_picorv32.picorv32_core.cpuregs\[1\]\[25\],30.55µm
u_picorv32.picorv32_core.cpuregs\[1\]\[7\],30.535µm
u_picorv32.picorv32_core.cpuregs\[31\]\[29\],30.535µm
_03314_,30.53µm
_05172_,30.49µm
_02073_,30.48µm
_02935_,30.47µm
u_picorv32.picorv32_core.cpuregs\[7\]\[20\],30.465µm
u_picorv32.picorv32_core.count_cycle\[13\],30.45µm
net1192,30.42µm
u_picorv32.picorv32_core.cpuregs\[18\]\[4\],30.39µm
_04250_,30.37µm
_02597_,30.36µm
_04428_,30.36µm
_04641_,30.36µm
u_picorv32.picorv32_core.cpuregs\[5\]\[21\],30.335µm
u_picorv32.picorv32_core.cpuregs\[16\]\[27\],30.32µm
u_picorv32.picorv32_core.mem_rdata_q\[0\],30.31µm
u_picorv32.picorv32_core.cpuregs\[11\]\[25\],30.305µm
u_picorv32.picorv32_core.cpuregs\[13\]\[11\],30.27µm
u_picorv32.picorv32_core.cpuregs\[26\]\[4\],30.265µm
u_picorv32.picorv32_core.cpuregs\[31\]\[7\],30.265µm
u_picorv32.picorv32_core.cpuregs\[0\]\[28\],30.26µm
_03271_,30.25µm
_05918_,30.25µm
u_picorv32.picorv32_core.cpuregs\[12\]\[14\],30.205µm
_02708_,30.19µm
_01562_,30.175µm
_02896_,30.175µm
u_picorv32.picorv32_core.cpuregs\[23\]\[12\],30.145µm
u_picorv32.picorv32_core.cpuregs\[27\]\[11\],30.145µm
u_picorv32.picorv32_core.cpuregs\[2\]\[28\],30.145µm
net1084,30.14µm
u_picorv32.picorv32_core.count_cycle\[46\],30.135µm
_05289_,30.08µm
u_picorv32.picorv32_core.cpuregs\[20\]\[24\],30.07µm
u_picorv32.picorv32_core.count_cycle\[4\],30.065µm
_04248_,30.06µm
u_picorv32.picorv32_core.alu_out\[27\],30.06µm
u_picorv32.picorv32_core.cpuregs\[25\]\[24\],30.02µm
u_picorv32.picorv32_core.cpuregs\[14\]\[16\],30µm
u_picorv32.picorv32_core.cpuregs\[19\]\[2\],29.995µm
u_picorv32.picorv32_core.count_instr\[7\],29.96µm
u_picorv32.picorv32_core.cpuregs\[17\]\[21\],29.96µm
u_picorv32.picorv32_core.cpuregs\[27\]\[19\],29.95µm
u_picorv32.picorv32_core.cpuregs\[19\]\[19\],29.945µm
_05319_,29.94µm
_04401_,29.93µm
_03349_,29.92µm
u_picorv32.pcpi_rs2\[22\],29.91µm
_04395_,29.89µm
u_picorv32.picorv32_core.cpuregs\[23\]\[6\],29.89µm
u_picorv32.picorv32_core.cpuregs\[27\]\[6\],29.89µm
u_picorv32.picorv32_core.cpuregs\[29\]\[30\],29.89µm
u_picorv32.picorv32_core.cpuregs\[3\]\[27\],29.89µm
u_picorv32.picorv32_core.cpuregs\[9\]\[22\],29.89µm
_05703_,29.88µm
_02787_,29.87µm
u_picorv32.picorv32_core.cpuregs\[28\]\[30\],29.845µm
u_picorv32.picorv32_core.cpuregs\[8\]\[12\],29.84µm
u_picorv32.picorv32_core.cpuregs\[26\]\[23\],29.815µm
_01711_,29.79µm
_02929_,29.785µm
u_picorv32.picorv32_core.cpuregs\[11\]\[8\],29.78µm
u_picorv32.picorv32_core.cpuregs\[2\]\[15\],29.78µm
net521,29.775µm
u_picorv32.picorv32_core.cpuregs\[30\]\[18\],29.77µm
_02132_,29.76µm
_03475_,29.76µm
u_picorv32.picorv32_core.instr_srli,29.76µm
_03799_,29.72µm
u_picorv32.picorv32_core.cpuregs\[2\]\[18\],29.72µm
_01778_,29.71µm
_05141_,29.71µm
u_picorv32.picorv32_core.cpuregs\[29\]\[3\],29.705µm
u_picorv32.picorv32_core.cpuregs\[27\]\[31\],29.69µm
u_picorv32.picorv32_core.cpuregs\[29\]\[1\],29.66µm
_01981_,29.65µm
_04952_,29.65µm
u_picorv32.picorv32_core.cpuregs\[30\]\[3\],29.65µm
_00033_,29.64µm
net947,29.64µm
u_picorv32.picorv32_core.count_instr\[27\],29.635µm
u_picorv32.picorv32_core.cpuregs\[8\]\[13\],29.625µm
_03172_,29.61µm
u_picorv32.picorv32_core.cpuregs\[6\]\[20\],29.605µm
_04228_,29.6µm
_05182_,29.59µm
_02789_,29.53µm
u_picorv32.picorv32_core.cpuregs\[27\]\[17\],29.53µm
_01743_,29.52µm
_05132_,29.52µm
u_picorv32.picorv32_core.cpuregs\[15\]\[17\],29.515µm
_03656_,29.48µm
_04102_,29.48µm
u_picorv32.picorv32_core.count_cycle\[35\],29.48µm
u_picorv32.picorv32_core.cpuregs\[16\]\[2\],29.48µm
u_picorv32.picorv32_core.cpuregs\[8\]\[31\],29.48µm
u_picorv32.picorv32_core.reg_next_pc\[26\],29.48µm
_01755_,29.46µm
u_picorv32.picorv32_core.cpuregs\[9\]\[16\],29.455µm
_03382_,29.445µm
_03636_,29.415µm
_05501_,29.415µm
u_picorv32.picorv32_core.cpuregs\[26\]\[5\],29.415µm
_03666_,29.41µm
u_picorv32.picorv32_core.cpuregs\[25\]\[29\],29.41µm
u_picorv32.picorv32_core.cpuregs\[7\]\[16\],29.395µm
u_picorv32.picorv32_core.cpuregs\[19\]\[18\],29.385µm
u_picorv32.picorv32_core.cpuregs\[3\]\[8\],29.365µm
u_picorv32.picorv32_core.cpuregs\[0\]\[7\],29.355µm
u_picorv32.picorv32_core.cpuregs\[15\]\[1\],29.325µm
u_picorv32.picorv32_core.cpuregs\[13\]\[24\],29.315µm
u_picorv32.picorv32_core.cpuregs\[11\]\[11\],29.295µm
u_picorv32.picorv32_core.cpuregs\[15\]\[25\],29.295µm
_02172_,29.29µm
u_picorv32.picorv32_core.cpuregs\[0\]\[16\],29.29µm
u_picorv32.picorv32_core.cpuregs\[30\]\[0\],29.29µm
u_picorv32.picorv32_core.instr_lw,29.285µm
u_picorv32.picorv32_core.count_instr\[20\],29.27µm
_05336_,29.265µm
u_picorv32.picorv32_core.cpuregs\[8\]\[5\],29.245µm
u_picorv32.picorv32_core.cpuregs\[9\]\[24\],29.245µm
_03322_,29.23µm
u_picorv32.picorv32_core.cpuregs\[19\]\[20\],29.23µm
u_picorv32.picorv32_core.cpuregs\[5\]\[29\],29.23µm
u_picorv32.picorv32_core.cpuregs\[5\]\[0\],29.225µm
_05017_,29.22µm
u_picorv32.picorv32_core.count_instr\[61\],29.215µm
u_picorv32.picorv32_core.cpuregs\[17\]\[23\],29.215µm
u_picorv32.picorv32_core.cpuregs\[9\]\[11\],29.205µm
u_picorv32.picorv32_core.cpuregs\[4\]\[18\],29.195µm
_02882_,29.185µm
u_picorv32.picorv32_core.cpuregs\[23\]\[18\],29.185µm
u_picorv32.picorv32_core.cpuregs\[17\]\[6\],29.18µm
u_picorv32.picorv32_core.cpuregs\[0\]\[14\],29.145µm
u_picorv32.picorv32_core.cpuregs\[21\]\[21\],29.125µm
u_picorv32.picorv32_core.cpuregs\[11\]\[17\],29.115µm
u_picorv32.picorv32_core.cpuregs\[22\]\[23\],29.1µm
_05675_,29.09µm
u_picorv32.picorv32_core.cpuregs\[22\]\[4\],29.09µm
u_picorv32.picorv32_core.cpuregs\[12\]\[3\],29.07µm
u_picorv32.picorv32_core.cpuregs\[7\]\[30\],29.06µm
u_picorv32.picorv32_core.cpuregs\[4\]\[14\],29.055µm
_02764_,29.05µm
u_picorv32.picorv32_core.cpuregs\[24\]\[27\],29.035µm
u_picorv32.picorv32_core.cpuregs\[9\]\[14\],29.035µm
u_picorv32.picorv32_core.cpuregs\[14\]\[3\],29.01µm
u_picorv32.picorv32_core.cpuregs\[27\]\[10\],29.005µm
u_picorv32.picorv32_core.cpuregs\[27\]\[21\],29.005µm
u_picorv32.picorv32_core.cpuregs\[23\]\[13\],29µm
_05063_,28.99µm
u_picorv32.picorv32_core.cpuregs\[7\]\[13\],28.99µm
u_picorv32.picorv32_core.count_cycle\[47\],28.975µm
u_picorv32.picorv32_core.cpuregs\[27\]\[27\],28.945µm
u_picorv32.picorv32_core.cpuregs\[28\]\[2\],28.945µm
u_picorv32.picorv32_core.cpuregs\[5\]\[25\],28.94µm
u_picorv32.picorv32_core.cpuregs\[30\]\[28\],28.935µm
_05068_,28.93µm
u_picorv32.picorv32_core.cpuregs\[14\]\[22\],28.93µm
_04389_,28.92µm
u_picorv32.picorv32_core.cpuregs\[15\]\[5\],28.92µm
_02790_,28.915µm
u_picorv32.picorv32_core.cpuregs\[23\]\[8\],28.885µm
u_picorv32.picorv32_core.cpuregs\[6\]\[29\],28.88µm
u_picorv32.picorv32_core.cpuregs\[7\]\[24\],28.88µm
u_picorv32.picorv32_core.cpuregs\[0\]\[31\],28.87µm
u_picorv32.picorv32_core.cpuregs\[27\]\[18\],28.87µm
u_picorv32.picorv32_core.cpuregs\[16\]\[13\],28.865µm
u_picorv32.picorv32_core.cpuregs\[6\]\[28\],28.83µm
net628,28.83µm
u_picorv32.picorv32_core.reg_next_pc\[25\],28.825µm
_03107_,28.82µm
u_picorv32.picorv32_core.cpuregs\[27\]\[26\],28.82µm
u_picorv32.picorv32_core.cpuregs\[31\]\[11\],28.82µm
u_picorv32.picorv32_core.cpuregs\[0\]\[11\],28.81µm
_02553_,28.8µm
u_picorv32.picorv32_core.count_cycle\[27\],28.79µm
u_picorv32.picorv32_core.cpuregs\[28\]\[1\],28.77µm
_04190_,28.765µm
u_picorv32.picorv32_core.cpuregs\[20\]\[16\],28.76µm
_01823_,28.755µm
_02762_,28.75µm
_02766_,28.75µm
_04805_,28.74µm
u_picorv32.picorv32_core.cpuregs\[23\]\[17\],28.74µm
u_picorv32.picorv32_core.cpuregs\[31\]\[4\],28.71µm
u_picorv32.picorv32_core.cpuregs\[4\]\[8\],28.7µm
_05089_,28.69µm
u_picorv32.picorv32_core.cpuregs\[10\]\[28\],28.69µm
_03600_,28.685µm
_02906_,28.65µm
u_picorv32.picorv32_core.cpuregs\[21\]\[11\],28.64µm
_01753_,28.635µm
_02560_,28.63µm
u_picorv32.picorv32_core.alu_out\[18\],28.63µm
u_picorv32.picorv32_core.cpuregs\[14\]\[18\],28.63µm
u_picorv32.picorv32_core.cpuregs\[28\]\[6\],28.63µm
net119,28.605µm
_01417_,28.58µm
_01957_,28.575µm
_05714_,28.56µm
u_picorv32.picorv32_core.cpuregs\[0\]\[27\],28.56µm
u_picorv32.picorv32_core.cpuregs\[10\]\[0\],28.555µm
_05266_,28.52µm
_03801_,28.51µm
u_picorv32.picorv32_core.decoded_rd\[0\],28.51µm
_02714_,28.5µm
_05120_,28.5µm
u_picorv32.picorv32_core.cpuregs\[4\]\[11\],28.49µm
u_picorv32.picorv32_core.cpuregs\[13\]\[14\],28.485µm
_03309_,28.475µm
_01714_,28.47µm
u_picorv32.picorv32_core.cpuregs\[7\]\[19\],28.45µm
u_picorv32.picorv32_core.cpuregs\[31\]\[17\],28.445µm
_04587_,28.44µm
u_picorv32.picorv32_core.cpuregs\[11\]\[22\],28.435µm
u_picorv32.picorv32_core.cpuregs\[25\]\[19\],28.405µm
u_picorv32.picorv32_core.cpuregs\[2\]\[20\],28.405µm
_05561_,28.4µm
u_picorv32.picorv32_core.cpuregs\[14\]\[23\],28.4µm
u_picorv32.picorv32_core.cpuregs\[2\]\[12\],28.4µm
u_picorv32.picorv32_core.cpuregs\[2\]\[27\],28.395µm
_05488_,28.39µm
u_picorv32.picorv32_core.cpuregs\[24\]\[26\],28.39µm
_02936_,28.38µm
_05337_,28.38µm
u_picorv32.picorv32_core.cpuregs\[12\]\[1\],28.34µm
u_picorv32.picorv32_core.cpuregs\[16\]\[22\],28.34µm
_02122_,28.33µm
_05521_,28.33µm
u_picorv32.picorv32_core.cpuregs\[19\]\[28\],28.33µm
u_picorv32.picorv32_core.cpuregs\[26\]\[16\],28.32µm
u_picorv32.picorv32_core.cpuregs\[27\]\[14\],28.32µm
u_picorv32.picorv32_core.count_cycle\[60\],28.315µm
u_picorv32.picorv32_core.cpuregs\[3\]\[23\],28.28µm
u_picorv32.picorv32_core.cpuregs\[26\]\[12\],28.27µm
u_picorv32.picorv32_core.cpuregs\[30\]\[19\],28.27µm
_04231_,28.245µm
u_picorv32.picorv32_core.cpuregs\[3\]\[25\],28.245µm
u_picorv32.picorv32_core.cpuregs\[26\]\[7\],28.235µm
_04252_,28.23µm
u_picorv32.picorv32_core.cpuregs\[1\]\[11\],28.21µm
_02050_,28.2µm
u_picorv32.picorv32_core.cpuregs\[16\]\[15\],28.2µm
u_picorv32.picorv32_core.cpuregs\[30\]\[4\],28.195µm
u_picorv32.picorv32_core.cpuregs\[4\]\[1\],28.16µm
u_picorv32.picorv32_core.cpuregs\[29\]\[31\],28.145µm
u_picorv32.picorv32_core.cpuregs\[26\]\[18\],28.14µm
_03902_,28.125µm
u_picorv32.picorv32_core.cpuregs\[8\]\[7\],28.115µm
u_picorv32.picorv32_core.cpuregs\[25\]\[7\],28.11µm
u_picorv32.picorv32_core.cpuregs\[11\]\[5\],28.09µm
u_picorv32.picorv32_core.cpuregs\[7\]\[14\],28.09µm
_05104_,28.08µm
_04588_,28.065µm
u_picorv32.picorv32_core.cpuregs\[16\]\[24\],28.045µm
u_picorv32.picorv32_core.reg_next_pc\[24\],28.045µm
u_picorv32.picorv32_core.cpuregs\[19\]\[11\],28.04µm
_05322_,28.03µm
net116,28.03µm
u_picorv32.picorv32_core.cpuregs\[31\]\[30\],28.03µm
u_picorv32.picorv32_core.cpuregs\[6\]\[23\],28.03µm
u_picorv32.picorv32_core.cpuregs\[9\]\[30\],28.025µm
u_picorv32.picorv32_core.cpuregs\[28\]\[27\],28.015µm
u_picorv32.picorv32_core.cpuregs\[1\]\[12\],27.98µm
u_picorv32.picorv32_core.cpuregs\[13\]\[26\],27.975µm
_03182_,27.97µm
_05500_,27.97µm
u_picorv32.picorv32_core.cpuregs\[11\]\[7\],27.965µm
_03268_,27.96µm
_05079_,27.96µm
u_picorv32.picorv32_core.cpuregs\[11\]\[4\],27.94µm
u_picorv32.picorv32_core.cpuregs\[16\]\[18\],27.935µm
u_picorv32.picorv32_core.cpuregs\[24\]\[15\],27.935µm
_04744_,27.93µm
u_picorv32.picorv32_core.cpuregs\[27\]\[15\],27.93µm
u_picorv32.picorv32_core.cpuregs\[10\]\[26\],27.925µm
u_picorv32.picorv32_core.cpuregs\[26\]\[2\],27.925µm
u_picorv32.picorv32_core.cpuregs\[25\]\[6\],27.92µm
u_picorv32.picorv32_core.reg_next_pc\[3\],27.92µm
u_picorv32.picorv32_core.cpuregs\[31\]\[31\],27.91µm
u_picorv32.picorv32_core.cpuregs\[5\]\[18\],27.91µm
_04999_,27.9µm
u_picorv32.picorv32_core.cpuregs\[20\]\[10\],27.875µm
u_picorv32.picorv32_core.cpuregs\[0\]\[0\],27.87µm
u_picorv32.picorv32_core.cpuregs\[14\]\[30\],27.865µm
u_picorv32.picorv32_core.cpuregs\[22\]\[22\],27.865µm
u_picorv32.picorv32_core.cpuregs\[15\]\[23\],27.85µm
_04284_,27.84µm
u_picorv32.picorv32_core.cpuregs\[23\]\[10\],27.81µm
u_picorv32.picorv32_core.cpuregs\[10\]\[13\],27.805µm
_01802_,27.795µm
_02976_,27.77µm
_04584_,27.755µm
u_picorv32.picorv32_core.cpuregs\[5\]\[4\],27.74µm
u_picorv32.picorv32_core.cpuregs\[15\]\[4\],27.73µm
u_picorv32.picorv32_core.cpuregs\[9\]\[26\],27.73µm
_05562_,27.68µm
_02076_,27.66µm
u_picorv32.picorv32_core.cpuregs\[18\]\[19\],27.66µm
u_picorv32.picorv32_core.cpuregs\[22\]\[0\],27.66µm
u_picorv32.picorv32_core.cpuregs\[13\]\[28\],27.655µm
u_picorv32.picorv32_core.cpuregs\[27\]\[29\],27.655µm
u_picorv32.picorv32_core.cpuregs\[19\]\[27\],27.64µm
_03449_,27.635µm
u_picorv32.picorv32_core.cpuregs\[5\]\[13\],27.635µm
_05154_,27.62µm
u_picorv32.picorv32_core.cpuregs\[3\]\[4\],27.61µm
_01592_,27.6µm
u_picorv32.picorv32_core.cpuregs\[17\]\[0\],27.6µm
u_picorv32.picorv32_core.cpuregs\[2\]\[6\],27.595µm
_02971_,27.575µm
u_picorv32.picorv32_core.cpuregs\[30\]\[30\],27.565µm
u_picorv32.picorv32_core.cpuregs\[10\]\[3\],27.56µm
u_picorv32.picorv32_core.cpuregs\[17\]\[24\],27.56µm
u_picorv32.picorv32_core.cpuregs\[22\]\[10\],27.55µm
u_picorv32.picorv32_core.cpuregs\[27\]\[30\],27.55µm
u_picorv32.picorv32_core.cpuregs\[23\]\[29\],27.545µm
_05734_,27.54µm
net114,27.54µm
u_picorv32.picorv32_core.cpuregs\[15\]\[0\],27.53µm
_01541_,27.515µm
u_picorv32.picorv32_core.cpuregs\[19\]\[13\],27.505µm
u_picorv32.picorv32_core.cpuregs\[29\]\[27\],27.5µm
_03534_,27.495µm
_04443_,27.49µm
net111,27.49µm
u_picorv32.picorv32_core.cpuregs\[11\]\[10\],27.49µm
u_picorv32.picorv32_core.cpuregs\[2\]\[13\],27.49µm
u_picorv32.picorv32_core.cpuregs\[31\]\[5\],27.49µm
net634,27.48µm
u_picorv32.picorv32_core.cpuregs\[21\]\[12\],27.465µm
_03421_,27.46µm
u_picorv32.picorv32_core.cpuregs\[11\]\[18\],27.45µm
u_picorv32.picorv32_core.cpuregs\[23\]\[19\],27.445µm
_02825_,27.435µm
u_picorv32.picorv32_core.cpuregs\[24\]\[1\],27.435µm
_01814_,27.43µm
u_picorv32.picorv32_core.cpuregs\[23\]\[25\],27.43µm
u_picorv32.picorv32_core.cpuregs\[9\]\[6\],27.43µm
u_picorv32.picorv32_core.cpuregs\[18\]\[0\],27.425µm
u_picorv32.picorv32_core.cpuregs\[23\]\[16\],27.42µm
_01810_,27.405µm
u_picorv32.picorv32_core.cpuregs\[10\]\[21\],27.4µm
u_picorv32.picorv32_core.cpuregs\[28\]\[23\],27.4µm
_05615_,27.39µm
u_picorv32.picorv32_core.cpuregs\[22\]\[25\],27.39µm
_03162_,27.385µm
u_picorv32.picorv32_core.cpuregs\[31\]\[18\],27.385µm
_01543_,27.38µm
u_picorv32.picorv32_core.cpuregs\[1\]\[9\],27.38µm
u_picorv32.picorv32_core.cpuregs\[20\]\[8\],27.375µm
u_picorv32.picorv32_core.cpuregs\[28\]\[26\],27.375µm
_03036_,27.37µm
_05094_,27.37µm
_01274_,27.36µm
_02072_,27.36µm
_04187_,27.36µm
_04450_,27.36µm
u_picorv32.picorv32_core.cpuregs\[13\]\[10\],27.335µm
net130,27.33µm
u_picorv32.picorv32_core.cpuregs\[18\]\[30\],27.32µm
_01889_,27.31µm
_05052_,27.31µm
_05130_,27.31µm
_05632_,27.31µm
u_picorv32.picorv32_core.cpuregs\[26\]\[6\],27.31µm
_03264_,27.3µm
u_picorv32.picorv32_core.cpuregs\[5\]\[10\],27.295µm
u_picorv32.picorv32_core.cpuregs\[6\]\[25\],27.275µm
_02380_,27.265µm
u_picorv32.picorv32_core.cpuregs\[7\]\[31\],27.265µm
u_picorv32.picorv32_core.cpuregs\[31\]\[8\],27.25µm
u_picorv32.picorv32_core.mem_wordsize\[2\],27.25µm
u_picorv32.picorv32_core.cpuregs\[30\]\[11\],27.235µm
u_picorv32.picorv32_core.cpuregs\[31\]\[13\],27.225µm
u_picorv32.picorv32_core.cpuregs\[6\]\[7\],27.225µm
_02021_,27.22µm
u_picorv32.picorv32_core.cpuregs\[17\]\[28\],27.205µm
u_picorv32.picorv32_core.cpuregs\[30\]\[5\],27.205µm
_04929_,27.2µm
u_picorv32.picorv32_core.cpuregs\[2\]\[17\],27.2µm
_03444_,27.19µm
u_picorv32.picorv32_core.cpuregs\[26\]\[24\],27.19µm
u_picorv32.picorv32_core.cpuregs\[18\]\[9\],27.175µm
u_picorv32.picorv32_core.cpuregs\[23\]\[26\],27.175µm
u_picorv32.picorv32_core.cpuregs\[2\]\[29\],27.14µm
u_picorv32.picorv32_core.cpuregs\[30\]\[17\],27.115µm
u_picorv32.picorv32_core.cpuregs\[31\]\[21\],27.11µm
u_picorv32.picorv32_core.cpuregs\[26\]\[28\],27.09µm
_01764_,27.08µm
_04595_,27.08µm
_05209_,27.07µm
u_picorv32.picorv32_core.cpuregs\[17\]\[14\],27.07µm
_04986_,27.06µm
u_picorv32.picorv32_core.cpuregs\[13\]\[18\],27.045µm
_05612_,27.035µm
u_picorv32.picorv32_core.cpuregs\[11\]\[20\],27.02µm
_02412_,27.015µm
_04660_,27.01µm
u_picorv32.picorv32_core.cpuregs\[10\]\[14\],27.01µm
u_picorv32.picorv32_core.cpuregs\[28\]\[12\],27µm
u_picorv32.picorv32_core.cpuregs\[21\]\[16\],26.995µm
u_picorv32.picorv32_core.cpuregs\[28\]\[7\],26.965µm
u_picorv32.picorv32_core.cpuregs\[31\]\[26\],26.945µm
u_picorv32.picorv32_core.mem_wordsize\[0\],26.945µm
_05906_,26.94µm
_01770_,26.9µm
u_picorv32.picorv32_core.count_instr\[31\],26.9µm
u_picorv32.picorv32_core.cpuregs\[16\]\[10\],26.895µm
_02350_,26.89µm
_05002_,26.89µm
u_picorv32.picorv32_core.cpuregs\[3\]\[13\],26.89µm
u_picorv32.picorv32_core.cpuregs\[4\]\[20\],26.89µm
u_picorv32.picorv32_core.reg_out\[9\],26.87µm
u_picorv32.picorv32_core.cpuregs\[24\]\[21\],26.835µm
_03045_,26.82µm
_03417_,26.82µm
u_picorv32.picorv32_core.cpuregs\[5\]\[17\],26.815µm
u_picorv32.picorv32_core.cpuregs\[19\]\[8\],26.79µm
u_picorv32.picorv32_core.cpuregs\[1\]\[5\],26.78µm
_05335_,26.77µm
_05899_,26.77µm
u_picorv32.picorv32_core.cpuregs\[29\]\[15\],26.77µm
u_picorv32.picorv32_core.cpuregs\[3\]\[0\],26.77µm
_02970_,26.76µm
_03523_,26.76µm
_03961_,26.76µm
u_picorv32.picorv32_core.cpuregs\[14\]\[12\],26.755µm
u_picorv32.picorv32_core.cpuregs\[31\]\[10\],26.745µm
_02031_,26.72µm
u_picorv32.picorv32_core.cpuregs\[27\]\[7\],26.72µm
net113,26.71µm
u_picorv32.picorv32_core.cpuregs\[26\]\[10\],26.71µm
u_picorv32.picorv32_core.cpuregs\[30\]\[15\],26.71µm
u_picorv32.picorv32_core.cpuregs\[3\]\[28\],26.71µm
_01712_,26.695µm
u_picorv32.picorv32_core.cpuregs\[11\]\[15\],26.695µm
u_picorv32.picorv32_core.cpuregs\[23\]\[22\],26.695µm
_02861_,26.68µm
u_picorv32.picorv32_core.cpuregs\[13\]\[17\],26.675µm
u_picorv32.picorv32_core.cpuregs\[15\]\[13\],26.67µm
u_picorv32.picorv32_core.cpuregs\[29\]\[19\],26.66µm
_02946_,26.65µm
_04120_,26.65µm
u_picorv32.picorv32_core.cpuregs\[14\]\[28\],26.65µm
u_picorv32.picorv32_core.cpuregs\[11\]\[3\],26.635µm
u_picorv32.picorv32_core.cpuregs\[18\]\[11\],26.635µm
_03664_,26.625µm
u_picorv32.picorv32_core.cpuregs\[19\]\[31\],26.615µm
_01682_,26.61µm
u_picorv32.picorv32_core.cpuregs\[20\]\[29\],26.61µm
u_picorv32.picorv32_core.cpuregs\[11\]\[27\],26.6µm
u_picorv32.picorv32_core.cpuregs\[25\]\[2\],26.6µm
_02758_,26.59µm
_04812_,26.59µm
_05595_,26.59µm
u_picorv32.picorv32_core.cpuregs\[19\]\[3\],26.59µm
u_picorv32.picorv32_core.cpuregs\[25\]\[23\],26.59µm
u_picorv32.picorv32_core.cpuregs\[8\]\[26\],26.59µm
u_picorv32.picorv32_core.cpuregs\[7\]\[3\],26.58µm
u_picorv32.picorv32_core.cpuregs\[26\]\[17\],26.57µm
u_picorv32.picorv32_core.cpuregs\[0\]\[24\],26.565µm
u_picorv32.picorv32_core.cpuregs\[5\]\[26\],26.55µm
u_picorv32.picorv32_core.cpuregs\[20\]\[18\],26.545µm
u_picorv32.picorv32_core.cpuregs\[24\]\[31\],26.54µm
_05186_,26.53µm
u_picorv32.picorv32_core.cpuregs\[11\]\[31\],26.53µm
u_picorv32.picorv32_core.cpuregs\[19\]\[6\],26.53µm
u_picorv32.picorv32_core.cpuregs\[3\]\[26\],26.53µm
u_picorv32.picorv32_core.cpuregs\[28\]\[10\],26.52µm
u_picorv32.picorv32_core.cpuregs\[19\]\[21\],26.495µm
u_picorv32.picorv32_core.cpuregs\[5\]\[23\],26.495µm
u_picorv32.picorv32_core.cpuregs\[10\]\[24\],26.485µm
_01754_,26.48µm
_04164_,26.47µm
_04285_,26.47µm
u_picorv32.picorv32_core.cpuregs\[9\]\[12\],26.47µm
_03071_,26.425µm
_02175_,26.42µm
u_picorv32.picorv32_core.cpuregs\[17\]\[29\],26.42µm
u_picorv32.picorv32_core.cpuregs\[27\]\[25\],26.41µm
u_picorv32.picorv32_core.cpuregs\[3\]\[14\],26.41µm
u_picorv32.picorv32_core.cpuregs\[19\]\[10\],26.395µm
u_picorv32.picorv32_core.cpuregs\[30\]\[1\],26.37µm
_04730_,26.35µm
u_picorv32.picorv32_core.cpuregs\[17\]\[3\],26.35µm
u_picorv32.picorv32_core.cpuregs\[7\]\[29\],26.35µm
_01946_,26.325µm
u_picorv32.picorv32_core.cpuregs\[9\]\[23\],26.32µm
u_picorv32.picorv32_core.cpuregs\[29\]\[8\],26.31µm
u_picorv32.picorv32_core.cpuregs\[14\]\[4\],26.3µm
_05039_,26.29µm
_02439_,26.28µm
_05081_,26.28µm
u_picorv32.picorv32_core.cpuregs\[23\]\[2\],26.275µm
_03220_,26.265µm
u_picorv32.picorv32_core.cpuregs\[18\]\[26\],26.245µm
u_picorv32.picorv32_core.cpuregs\[13\]\[6\],26.24µm
u_picorv32.picorv32_core.mem_rdata_q\[10\],26.24µm
_05001_,26.23µm
u_picorv32.picorv32_core.count_cycle\[23\],26.23µm
u_picorv32.picorv32_core.cpuregs\[28\]\[11\],26.23µm
u_picorv32.picorv32_core.cpuregs\[3\]\[31\],26.23µm
u_picorv32.picorv32_core.cpuregs\[9\]\[31\],26.23µm
u_picorv32.picorv32_core.cpuregs\[6\]\[2\],26.225µm
_01558_,26.215µm
u_picorv32.picorv32_core.cpuregs\[18\]\[10\],26.215µm
u_picorv32.picorv32_core.cpuregs\[22\]\[16\],26.2µm
u_picorv32.picorv32_core.cpuregs\[15\]\[26\],26.185µm
u_picorv32.picorv32_core.cpuregs\[10\]\[10\],26.18µm
u_picorv32.picorv32_core.cpuregs\[2\]\[0\],26.18µm
_01915_,26.17µm
_03423_,26.17µm
u_picorv32.picorv32_core.cpuregs\[10\]\[18\],26.17µm
u_picorv32.picorv32_core.cpuregs\[11\]\[9\],26.17µm
u_picorv32.picorv32_core.cpuregs\[26\]\[27\],26.17µm
_04047_,26.16µm
_05010_,26.16µm
_05050_,26.16µm
u_picorv32.picorv32_core.cpuregs\[0\]\[19\],26.145µm
_01773_,26.14µm
_02687_,26.14µm
u_picorv32.picorv32_core.count_cycle\[10\],26.13µm
_04103_,26.12µm
u_picorv32.picorv32_core.cpuregs\[17\]\[13\],26.12µm
u_picorv32.picorv32_core.cpuregs\[18\]\[17\],26.12µm
net92,26.11µm
u_picorv32.picorv32_core.cpuregs\[18\]\[6\],26.11µm
u_picorv32.picorv32_core.decoded_rd\[2\],26.11µm
u_picorv32.picorv32_core.cpuregs\[2\]\[5\],26.105µm
net112,26.085µm
_03900_,26.08µm
u_picorv32.picorv32_core.cpuregs\[19\]\[0\],26.07µm
u_picorv32.picorv32_core.cpuregs\[21\]\[31\],26.065µm
u_picorv32.picorv32_core.cpuregs\[31\]\[15\],26.06µm
u_picorv32.picorv32_core.cpuregs\[10\]\[6\],26.05µm
u_picorv32.picorv32_core.cpuregs\[26\]\[1\],26.05µm
u_picorv32.picorv32_core.cpuregs\[3\]\[29\],26.05µm
_05066_,26.025µm
u_picorv32.picorv32_core.cpuregs\[3\]\[16\],26.025µm
_05250_,26.02µm
u_picorv32.picorv32_core.cpuregs\[4\]\[10\],26.02µm
u_picorv32.picorv32_core.cpuregs\[14\]\[20\],26.005µm
u_picorv32.picorv32_core.cpuregs\[6\]\[11\],26.005µm
u_picorv32.picorv32_core.cpuregs\[12\]\[5\],26µm
u_picorv32.picorv32_core.cpuregs\[23\]\[23\],25.995µm
_05331_,25.99µm
u_picorv32.picorv32_core.cpuregs\[25\]\[14\],25.99µm
_04870_,25.98µm
net131,25.98µm
u_picorv32.picorv32_core.cpuregs\[21\]\[2\],25.95µm
u_picorv32.picorv32_core.cpuregs\[17\]\[1\],25.94µm
u_picorv32.picorv32_core.cpuregs\[15\]\[6\],25.935µm
_04375_,25.93µm
u_picorv32.picorv32_core.count_cycle\[20\],25.895µm
u_picorv32.picorv32_core.cpuregs\[17\]\[9\],25.895µm
_03749_,25.87µm
u_picorv32.picorv32_core.cpuregs\[2\]\[2\],25.815µm
_04937_,25.81µm
_05115_,25.81µm
u_picorv32.picorv32_core.cpuregs\[20\]\[6\],25.81µm
u_picorv32.picorv32_core.cpuregs\[4\]\[31\],25.805µm
_04991_,25.8µm
_05234_,25.8µm
_04668_,25.795µm
u_picorv32.picorv32_core.cpuregs\[3\]\[18\],25.75µm
u_picorv32.picorv32_core.cpuregs\[3\]\[22\],25.75µm
u_picorv32.picorv32_core.cpuregs\[24\]\[19\],25.735µm
_01808_,25.72µm
u_picorv32.picorv32_core.cpuregs\[1\]\[4\],25.705µm
u_picorv32.picorv32_core.cpuregs\[11\]\[24\],25.7µm
u_picorv32.picorv32_core.cpuregs\[1\]\[1\],25.69µm
u_picorv32.picorv32_core.cpuregs\[7\]\[6\],25.69µm
u_picorv32.picorv32_core.instr_bltu,25.69µm
_01817_,25.68µm
_02535_,25.68µm
_04639_,25.68µm
u_picorv32.picorv32_core.cpuregs\[3\]\[7\],25.675µm
u_picorv32.picorv32_core.cpuregs\[27\]\[22\],25.64µm
_03084_,25.63µm
_05233_,25.63µm
u_picorv32.picorv32_core.instr_sltu,25.63µm
u_picorv32.picorv32_core.cpuregs\[17\]\[15\],25.625µm
_05470_,25.62µm
u_picorv32.picorv32_core.cpuregs\[6\]\[12\],25.605µm
u_picorv32.picorv32_core.cpuregs\[12\]\[18\],25.595µm
u_picorv32.picorv32_core.mem_do_wdata,25.59µm
u_picorv32.picorv32_core.cpuregs\[25\]\[22\],25.585µm
_05601_,25.58µm
u_picorv32.picorv32_core.cpuregs\[26\]\[31\],25.58µm
u_picorv32.picorv32_core.cpuregs\[8\]\[8\],25.58µm
u_picorv32.picorv32_core.instr_slt,25.58µm
_01620_,25.575µm
_02363_,25.57µm
_05183_,25.57µm
u_picorv32.picorv32_core.cpuregs\[12\]\[16\],25.57µm
u_picorv32.picorv32_core.cpuregs\[31\]\[23\],25.57µm
u_picorv32.picorv32_core.cpuregs\[15\]\[31\],25.555µm
u_picorv32.picorv32_core.cpuregs\[21\]\[5\],25.555µm
u_picorv32.picorv32_core.cpuregs\[0\]\[2\],25.53µm
u_picorv32.picorv32_core.cpuregs\[31\]\[25\],25.53µm
u_picorv32.picorv32_core.cpuregs\[4\]\[26\],25.51µm
_05102_,25.5µm
u_picorv32.picorv32_core.cpuregs\[26\]\[20\],25.495µm
_02547_,25.485µm
u_picorv32.picorv32_core.cpuregs\[10\]\[11\],25.485µm
u_picorv32.picorv32_core.cpuregs\[12\]\[11\],25.465µm
u_picorv32.picorv32_core.cpuregs\[19\]\[14\],25.465µm
u_picorv32.picorv32_core.cpuregs\[7\]\[0\],25.46µm
u_picorv32.picorv32_core.cpuregs\[5\]\[30\],25.415µm
_02987_,25.405µm
u_picorv32.picorv32_core.cpuregs\[28\]\[8\],25.405µm
net126,25.39µm
u_picorv32.picorv32_core.cpuregs\[7\]\[7\],25.39µm
u_picorv32.picorv32_core.cpuregs\[8\]\[14\],25.39µm
u_picorv32.picorv32_core.mem_wordsize\[1\],25.39µm
_05038_,25.38µm
u_picorv32.picorv32_core.cpuregs\[18\]\[1\],25.38µm
u_picorv32.picorv32_core.reg_next_pc\[22\],25.375µm
u_picorv32.picorv32_core.cpuregs\[12\]\[4\],25.36µm
u_picorv32.picorv32_core.cpuregs\[13\]\[1\],25.355µm
_03570_,25.35µm
_02231_,25.345µm
_04877_,25.32µm
net90,25.32µm
u_picorv32.pcpi_rs2\[31\],25.32µm
u_picorv32.picorv32_core.cpuregs\[15\]\[29\],25.315µm
_04871_,25.31µm
_02917_,25.275µm
u_picorv32.picorv32_core.cpuregs\[25\]\[26\],25.27µm
u_picorv32.picorv32_core.cpuregs\[5\]\[19\],25.27µm
u_picorv32.picorv32_core.cpuregs\[6\]\[4\],25.27µm
u_picorv32.picorv32_core.cpuregs\[7\]\[10\],25.27µm
_01752_,25.26µm
_03997_,25.26µm
_05651_,25.26µm
_01828_,25.245µm
u_picorv32.picorv32_core.cpuregs\[14\]\[31\],25.22µm
u_picorv32.picorv32_core.cpuregs\[4\]\[2\],25.22µm
_05119_,25.2µm
_03034_,25.16µm
_04315_,25.16µm
_04521_,25.16µm
_04974_,25.16µm
u_picorv32.picorv32_core.cpuregs\[23\]\[4\],25.15µm
u_picorv32.picorv32_core.cpuregs\[14\]\[13\],25.12µm
u_picorv32.picorv32_core.cpuregs\[10\]\[30\],25.105µm
u_picorv32.picorv32_core.cpuregs\[18\]\[16\],25.105µm
u_picorv32.picorv32_core.cpuregs\[11\]\[0\],25.09µm
u_picorv32.picorv32_core.cpuregs\[31\]\[12\],25.09µm
u_picorv32.picorv32_core.cpuregs\[4\]\[12\],25.09µm
u_picorv32.picorv32_core.cpuregs\[22\]\[29\],25.065µm
u_picorv32.picorv32_core.cpuregs\[8\]\[28\],25.05µm
u_picorv32.picorv32_core.cpuregs\[0\]\[3\],25.045µm
u_picorv32.picorv32_core.cpuregs\[19\]\[12\],25.04µm
_04397_,25.03µm
_01968_,25.02µm
_03495_,25.02µm
_05044_,25.02µm
u_picorv32.picorv32_core.count_cycle\[41\],25.01µm
_04178_,25µm
u_picorv32.picorv32_core.cpuregs\[10\]\[27\],24.99µm
u_picorv32.picorv32_core.cpuregs\[8\]\[0\],24.99µm
u_picorv32.picorv32_core.cpuregs\[17\]\[26\],24.985µm
u_picorv32.picorv32_core.cpuregs\[23\]\[15\],24.985µm
_03081_,24.98µm
u_picorv32.picorv32_core.cpuregs\[20\]\[12\],24.98µm
_02302_,24.96µm
_02334_,24.96µm
_04097_,24.96µm
_04561_,24.96µm
_04669_,24.9µm
u_picorv32.picorv32_core.cpuregs\[4\]\[16\],24.895µm
_01781_,24.885µm
_02338_,24.885µm
_04277_,24.885µm
u_picorv32.picorv32_core.cpuregs\[4\]\[9\],24.885µm
u_picorv32.picorv32_core.cpuregs\[16\]\[0\],24.845µm
_03832_,24.84µm
_03145_,24.835µm
net107,24.83µm
u_picorv32.picorv32_core.cpuregs\[31\]\[1\],24.825µm
u_picorv32.picorv32_core.cpuregs\[7\]\[21\],24.8µm
u_picorv32.picorv32_core.cpuregs\[5\]\[3\],24.79µm
_05567_,24.78µm
u_picorv32.picorv32_core.cpuregs\[11\]\[21\],24.775µm
u_picorv32.picorv32_core.cpuregs\[2\]\[30\],24.775µm
u_picorv32.picorv32_core.cpuregs\[10\]\[20\],24.745µm
u_picorv32.picorv32_core.cpuregs\[18\]\[31\],24.745µm
u_picorv32.picorv32_core.cpuregs\[6\]\[9\],24.745µm
u_picorv32.picorv32_core.cpuregs\[25\]\[3\],24.74µm
_01836_,24.735µm
u_picorv32.picorv32_core.cpuregs\[19\]\[26\],24.73µm
u_picorv32.picorv32_core.cpuregs\[3\]\[15\],24.73µm
_01565_,24.725µm
u_picorv32.picorv32_core.count_cycle\[39\],24.71µm
_02094_,24.68µm
u_picorv32.picorv32_core.cpuregs\[22\]\[11\],24.68µm
u_picorv32.picorv32_core.cpuregs\[24\]\[25\],24.67µm
u_picorv32.picorv32_core.cpuregs\[2\]\[22\],24.67µm
_04808_,24.655µm
_02087_,24.625µm
_03286_,24.61µm
u_picorv32.picorv32_core.cpuregs\[14\]\[8\],24.61µm
u_picorv32.picorv32_core.cpuregs\[3\]\[30\],24.61µm
_01706_,24.6µm
_04100_,24.6µm
u_picorv32.picorv32_core.cpuregs\[15\]\[2\],24.595µm
u_picorv32.picorv32_core.cpuregs\[10\]\[19\],24.575µm
_02240_,24.55µm
_04054_,24.55µm
u_picorv32.picorv32_core.cpuregs\[31\]\[9\],24.55µm
_02786_,24.54µm
_04319_,24.54µm
_04976_,24.54µm
_05025_,24.54µm
_05076_,24.54µm
_03250_,24.52µm
u_picorv32.picorv32_core.cpuregs\[21\]\[19\],24.515µm
u_picorv32.picorv32_core.cpuregs\[21\]\[14\],24.5µm
_05296_,24.49µm
u_picorv32.picorv32_core.cpuregs\[18\]\[8\],24.49µm
_02226_,24.475µm
u_picorv32.picorv32_core.cpuregs\[13\]\[25\],24.465µm
u_picorv32.picorv32_core.cpuregs\[14\]\[10\],24.45µm
u_picorv32.picorv32_core.cpuregs\[3\]\[3\],24.445µm
_02975_,24.435µm
_04961_,24.43µm
_05192_,24.43µm
net110,24.43µm
u_picorv32.picorv32_core.cpuregs\[18\]\[5\],24.43µm
u_picorv32.picorv32_core.cpuregs\[20\]\[28\],24.42µm
u_picorv32.picorv32_core.cpuregs\[1\]\[31\],24.39µm
u_picorv32.picorv32_core.cpuregs\[21\]\[22\],24.385µm
u_picorv32.picorv32_core.reg_next_pc\[20\],24.38µm
_02912_,24.37µm
u_picorv32.picorv32_core.cpuregs\[12\]\[19\],24.37µm
_01408_,24.36µm
_05148_,24.355µm
u_picorv32.picorv32_core.cpuregs\[15\]\[19\],24.355µm
_03768_,24.35µm
u_picorv32.picorv32_core.cpuregs\[12\]\[22\],24.32µm
u_picorv32.picorv32_core.cpuregs\[15\]\[9\],24.31µm
_01645_,24.3µm
_03671_,24.3µm
u_picorv32.picorv32_core.cpuregs\[20\]\[26\],24.3µm
u_picorv32.picorv32_core.cpuregs\[3\]\[2\],24.29µm
u_picorv32.picorv32_core.cpuregs\[25\]\[27\],24.26µm
_03584_,24.25µm
u_picorv32.picorv32_core.cpuregs\[24\]\[14\],24.25µm
u_picorv32.picorv32_core.cpuregs\[10\]\[29\],24.245µm
_04251_,24.24µm
_04290_,24.24µm
u_picorv32.picorv32_core.cpuregs\[27\]\[5\],24.235µm
u_picorv32.picorv32_core.cpuregs\[20\]\[21\],24.205µm
u_picorv32.picorv32_core.cpuregs\[1\]\[14\],24.2µm
_01561_,24.19µm
u_picorv32.picorv32_core.cpuregs\[29\]\[4\],24.19µm
_05325_,24.18µm
_05381_,24.18µm
u_picorv32.picorv32_core.cpuregs\[11\]\[28\],24.18µm
u_picorv32.picorv32_core.cpuregs\[1\]\[20\],24.175µm
u_picorv32.picorv32_core.cpuregs\[31\]\[22\],24.17µm
_03882_,24.165µm
u_picorv32.picorv32_core.cpuregs\[21\]\[20\],24.15µm
u_picorv32.picorv32_core.cpuregs\[6\]\[22\],24.145µm
u_picorv32.picorv32_core.reg_pc\[2\],24.14µm
u_picorv32.picorv32_core.cpuregs\[12\]\[20\],24.13µm
u_picorv32.picorv32_core.cpuregs\[17\]\[7\],24.115µm
_01544_,24.105µm
_04747_,24.105µm
u_picorv32.picorv32_core.cpuregs\[10\]\[15\],24.085µm
u_picorv32.picorv32_core.cpuregs\[9\]\[25\],24.085µm
u_picorv32.picorv32_core.cpuregs\[31\]\[14\],24.08µm
_04948_,24.07µm
u_picorv32.picorv32_core.cpuregs\[1\]\[24\],24.07µm
u_picorv32.picorv32_core.cpuregs\[7\]\[28\],24.07µm
_03632_,24.06µm
_04522_,24.06µm
_04980_,24.06µm
u_picorv32.picorv32_core.cpuregs\[4\]\[13\],24.03µm
_03231_,24.025µm
u_picorv32.picorv32_core.count_cycle\[55\],24.025µm
u_picorv32.picorv32_core.cpuregs\[29\]\[24\],24.025µm
u_picorv32.picorv32_core.cpuregs\[18\]\[15\],24.02µm
u_picorv32.picorv32_core.cpuregs\[2\]\[10\],24.02µm
u_picorv32.picorv32_core.cpuregs\[9\]\[20\],24.02µm
_04938_,24.01µm
_05184_,24.01µm
_05224_,24.01µm
u_picorv32.picorv32_core.cpuregs\[12\]\[2\],24.005µm
_02669_,24µm
_03992_,24µm
u_picorv32.picorv32_core.cpuregs\[9\]\[21\],24µm
u_picorv32.picorv32_core.cpuregs\[23\]\[30\],23.975µm
u_picorv32.picorv32_core.cpuregs\[2\]\[31\],23.96µm
u_picorv32.picorv32_core.cpuregs\[18\]\[2\],23.95µm
_01861_,23.94µm
u_picorv32.picorv32_core.cpuregs\[29\]\[28\],23.935µm
u_picorv32.picorv32_core.cpuregs\[25\]\[8\],23.93µm
u_picorv32.picorv32_core.cpuregs\[19\]\[23\],23.905µm
u_picorv32.picorv32_core.cpuregs\[16\]\[16\],23.9µm
_03640_,23.89µm
u_picorv32.picorv32_core.cpuregs\[1\]\[23\],23.89µm
_05935_,23.885µm
_03936_,23.88µm
u_picorv32.picorv32_core.cpuregs\[18\]\[12\],23.86µm
_01641_,23.85µm
u_picorv32.picorv32_core.cpuregs\[27\]\[20\],23.835µm
u_picorv32.picorv32_core.cpuregs\[1\]\[0\],23.83µm
u_picorv32.picorv32_core.cpuregs\[24\]\[9\],23.83µm
_05338_,23.82µm
_03415_,23.815µm
u_picorv32.picorv32_core.cpuregs\[15\]\[3\],23.815µm
_02801_,23.78µm
u_picorv32.picorv32_core.cpuregs\[1\]\[19\],23.78µm
_04134_,23.77µm
net132,23.77µm
u_picorv32.picorv32_core.cpuregs\[1\]\[16\],23.77µm
u_picorv32.picorv32_core.cpuregs\[20\]\[27\],23.77µm
u_picorv32.picorv32_core.cpuregs\[22\]\[24\],23.77µm
_03279_,23.765µm
_03451_,23.76µm
u_picorv32.picorv32_core.alu_out\[4\],23.76µm
u_picorv32.picorv32_core.cpuregs\[0\]\[22\],23.725µm
_01931_,23.71µm
u_picorv32.picorv32_core.cpuregs\[12\]\[17\],23.71µm
u_picorv32.picorv32_core.cpuregs\[15\]\[30\],23.71µm
u_picorv32.picorv32_core.cpuregs\[5\]\[1\],23.71µm
_05927_,23.705µm
_04275_,23.7µm
u_picorv32.picorv32_core.cpuregs\[0\]\[25\],23.695µm
u_picorv32.picorv32_core.cpuregs\[14\]\[24\],23.66µm
u_picorv32.picorv32_core.cpuregs\[3\]\[6\],23.66µm
_01563_,23.65µm
_05252_,23.65µm
u_picorv32.picorv32_core.cpuregs\[11\]\[30\],23.65µm
u_picorv32.picorv32_core.cpuregs\[16\]\[29\],23.65µm
_01863_,23.64µm
_04652_,23.64µm
u_picorv32.picorv32_core.cpuregs\[11\]\[23\],23.64µm
u_picorv32.picorv32_core.cpuregs\[3\]\[17\],23.64µm
u_picorv32.picorv32_core.instr_slti,23.64µm
u_picorv32.picorv32_core.cpuregs\[19\]\[7\],23.615µm
u_picorv32.picorv32_core.cpuregs\[6\]\[8\],23.59µm
u_picorv32.picorv32_core.cpuregs\[8\]\[6\],23.59µm
u_picorv32.picorv32_core.cpuregs\[16\]\[26\],23.54µm
u_picorv32.picorv32_core.cpuregs\[4\]\[27\],23.54µm
_04383_,23.53µm
_04869_,23.53µm
u_picorv32.picorv32_core.cpuregs\[21\]\[29\],23.505µm
_03558_,23.485µm
u_picorv32.picorv32_core.cpuregs\[31\]\[27\],23.48µm
u_picorv32.picorv32_core.cpuregs\[24\]\[0\],23.455µm
u_picorv32.picorv32_core.cpuregs\[2\]\[14\],23.445µm
u_picorv32.picorv32_core.instr_sltiu,23.44µm
u_picorv32.picorv32_core.cpuregs\[19\]\[15\],23.43µm
u_picorv32.picorv32_core.count_instr\[17\],23.41µm
u_picorv32.picorv32_core.cpuregs\[20\]\[9\],23.41µm
u_picorv32.picorv32_core.cpuregs\[15\]\[22\],23.405µm
_05236_,23.4µm
_05285_,23.395µm
_03771_,23.36µm
_02259_,23.34µm
_01867_,23.335µm
u_picorv32.picorv32_core.cpuregs\[16\]\[23\],23.335µm
u_picorv32.picorv32_core.cpuregs\[23\]\[3\],23.335µm
u_picorv32.picorv32_core.cpuregs\[23\]\[5\],23.335µm
u_picorv32.picorv32_core.cpuregs\[2\]\[1\],23.305µm
u_picorv32.picorv32_core.cpuregs\[11\]\[29\],23.295µm
_05584_,23.29µm
u_picorv32.picorv32_core.cpuregs\[22\]\[26\],23.29µm
u_picorv32.picorv32_core.cpuregs\[3\]\[10\],23.29µm
u_picorv32.picorv32_core.cpuregs\[7\]\[17\],23.29µm
u_picorv32.picorv32_core.cpuregs\[5\]\[16\],23.285µm
_04879_,23.28µm
u_picorv32.picorv32_core.cpuregs\[6\]\[6\],23.28µm
u_picorv32.picorv32_core.cpuregs\[12\]\[13\],23.275µm
u_picorv32.picorv32_core.cpuregs\[19\]\[17\],23.275µm
_01956_,23.27µm
u_picorv32.picorv32_core.cpuregs\[9\]\[1\],23.255µm
_02941_,23.25µm
u_picorv32.picorv32_core.cpuregs\[3\]\[11\],23.245µm
u_picorv32.picorv32_core.cpuregs\[15\]\[8\],23.24µm
u_picorv32.picorv32_core.cpuregs\[14\]\[6\],23.23µm
u_picorv32.picorv32_core.cpuregs\[15\]\[28\],23.23µm
u_picorv32.picorv32_core.cpuregs\[26\]\[11\],23.23µm
_04946_,23.22µm
u_picorv32.picorv32_core.cpuregs\[2\]\[24\],23.22µm
u_picorv32.picorv32_core.reg_next_pc\[17\],23.185µm
u_picorv32.picorv32_core.instr_lhu,23.165µm
u_picorv32.picorv32_core.cpuregs\[20\]\[13\],23.155µm
u_picorv32.picorv32_core.cpuregs\[20\]\[15\],23.155µm
u_picorv32.picorv32_core.cpuregs\[4\]\[4\],23.155µm
_03161_,23.145µm
u_picorv32.picorv32_core.cpuregs\[14\]\[17\],23.145µm
_05563_,23.13µm
u_picorv32.picorv32_core.cpuregs\[22\]\[20\],23.13µm
u_picorv32.picorv32_core.cpuregs\[22\]\[9\],23.13µm
u_picorv32.picorv32_core.cpuregs\[0\]\[15\],23.125µm
u_picorv32.picorv32_core.cpuregs\[11\]\[14\],23.08µm
_02700_,23.075µm
u_picorv32.picorv32_core.cpuregs\[25\]\[16\],23.06µm
u_picorv32.picorv32_core.cpuregs\[22\]\[15\],23.055µm
_05040_,23.05µm
u_picorv32.picorv32_core.cpuregs\[30\]\[26\],23.01µm
_03862_,22.99µm
u_picorv32.picorv32_core.cpuregs\[7\]\[26\],22.99µm
u_picorv32.picorv32_core.cpuregs\[21\]\[13\],22.985µm
_03619_,22.98µm
_03718_,22.98µm
_03865_,22.98µm
u_picorv32.picorv32_core.cpuregs\[30\]\[23\],22.97µm
_02077_,22.955µm
_01599_,22.93µm
_01731_,22.93µm
_02136_,22.93µm
u_picorv32.picorv32_core.cpuregs\[19\]\[4\],22.93µm
_02723_,22.92µm
_05284_,22.915µm
u_picorv32.picorv32_core.cpuregs\[26\]\[30\],22.915µm
_02893_,22.89µm
u_picorv32.picorv32_core.cpuregs\[5\]\[22\],22.88µm
net105,22.87µm
u_picorv32.picorv32_core.cpuregs\[16\]\[25\],22.87µm
u_picorv32.picorv32_core.cpuregs\[8\]\[10\],22.87µm
_04987_,22.86µm
_05298_,22.86µm
u_picorv32.pcpi_rs2\[2\],22.86µm
_02314_,22.855µm
u_picorv32.picorv32_core.cpuregs\[26\]\[15\],22.855µm
u_picorv32.picorv32_core.cpuregs\[18\]\[18\],22.83µm
u_picorv32.picorv32_core.cpuregs\[21\]\[18\],22.82µm
_03497_,22.81µm
_04082_,22.81µm
_03839_,22.8µm
_03304_,22.795µm
u_picorv32.picorv32_core.cpuregs\[15\]\[20\],22.795µm
u_picorv32.picorv32_core.cpuregs\[19\]\[22\],22.795µm
u_picorv32.picorv32_core.cpuregs\[20\]\[20\],22.77µm
_04950_,22.75µm
_05181_,22.75µm
_02068_,22.72µm
_04655_,22.72µm
u_picorv32.picorv32_core.cpuregs\[10\]\[23\],22.705µm
u_picorv32.picorv32_core.cpuregs\[0\]\[8\],22.7µm
u_picorv32.picorv32_core.cpuregs\[11\]\[26\],22.7µm
u_picorv32.picorv32_core.cpuregs\[23\]\[27\],22.7µm
_03740_,22.69µm
u_picorv32.picorv32_core.cpuregs\[19\]\[9\],22.69µm
u_picorv32.picorv32_core.cpuregs\[16\]\[9\],22.685µm
_02734_,22.68µm
_05286_,22.68µm
u_picorv32.picorv32_core.cpuregs\[10\]\[2\],22.645µm
u_picorv32.picorv32_core.count_cycle\[30\],22.64µm
_02098_,22.635µm
u_picorv32.picorv32_core.cpuregs\[24\]\[22\],22.63µm
u_picorv32.picorv32_core.cpuregs\[2\]\[11\],22.63µm
u_picorv32.picorv32_core.cpuregs\[9\]\[13\],22.63µm
_04878_,22.62µm
u_picorv32.picorv32_core.cpuregs\[27\]\[2\],22.59µm
u_picorv32.picorv32_core.cpuregs\[23\]\[7\],22.58µm
_04874_,22.57µm
u_picorv32.picorv32_core.decoded_imm_j\[4\],22.55µm
u_picorv32.pcpi_rs1\[7\],22.5µm
u_picorv32.picorv32_core.cpuregs\[17\]\[16\],22.49µm
u_picorv32.picorv32_core.cpuregs\[24\]\[29\],22.46µm
_01958_,22.45µm
_02179_,22.445µm
u_picorv32.picorv32_core.reg_next_pc\[4\],22.445µm
_05341_,22.44µm
_02866_,22.425µm
u_picorv32.picorv32_core.cpuregs\[5\]\[14\],22.42µm
u_picorv32.picorv32_core.cpuregs\[3\]\[12\],22.405µm
u_picorv32.picorv32_core.cpuregs\[13\]\[27\],22.395µm
_03917_,22.38µm
u_picorv32.picorv32_core.cpuregs\[6\]\[27\],22.34µm
u_picorv32.picorv32_core.cpuregs\[22\]\[19\],22.33µm
u_picorv32.picorv32_core.cpuregs\[23\]\[14\],22.33µm
_04520_,22.32µm
net108,22.315µm
_02968_,22.305µm
u_picorv32.picorv32_core.cpuregs\[13\]\[20\],22.305µm
_05078_,22.28µm
u_picorv32.picorv32_core.cpuregs\[7\]\[1\],22.28µm
u_picorv32.picorv32_core.cpuregs\[7\]\[2\],22.28µm
u_picorv32.picorv32_core.reg_next_pc\[10\],22.27µm
u_picorv32.picorv32_core.reg_next_pc\[2\],22.27µm
u_picorv32.picorv32_core.cpuregs\[21\]\[6\],22.26µm
u_picorv32.picorv32_core.cpuregs\[0\]\[26\],22.21µm
_05277_,22.2µm
_02934_,22.185µm
u_picorv32.picorv32_core.cpuregs\[16\]\[30\],22.18µm
u_picorv32.picorv32_core.cpuregs\[20\]\[17\],22.165µm
u_picorv32.picorv32_core.cpuregs\[7\]\[12\],22.165µm
_01744_,22.145µm
_04960_,22.14µm
_01760_,22.13µm
u_picorv32.picorv32_core.cpuregs\[24\]\[6\],22.11µm
u_picorv32.picorv32_core.cpuregs\[17\]\[2\],22.1µm
_04339_,22.09µm
u_picorv32.picorv32_core.cpuregs\[9\]\[9\],22.09µm
_05311_,22.08µm
_02204_,22.075µm
u_picorv32.picorv32_core.is_jalr_addi_slti_sltiu_xori_ori_andi,22.07µm
u_picorv32.picorv32_core.cpuregs\[2\]\[8\],22.06µm
_05579_,22.03µm
u_picorv32.picorv32_core.cpuregs\[20\]\[19\],22.03µm
u_picorv32.picorv32_core.cpuregs\[29\]\[21\],21.985µm
u_picorv32.picorv32_core.cpuregs\[1\]\[8\],21.98µm
_01580_,21.97µm
_01776_,21.97µm
_01858_,21.97µm
_05037_,21.9µm
_03530_,21.885µm
u_picorv32.picorv32_core.cpuregs\[0\]\[10\],21.865µm
u_picorv32.picorv32_core.cpuregs\[29\]\[7\],21.86µm
u_picorv32.picorv32_core.cpuregs\[7\]\[9\],21.86µm
_03667_,21.855µm
_02168_,21.85µm
_02184_,21.85µm
_03672_,21.85µm
_03994_,21.84µm
u_picorv32.picorv32_core.cpuregs\[1\]\[10\],21.84µm
_04543_,21.835µm
_04445_,21.83µm
_02404_,21.82µm
u_picorv32.picorv32_core.cpuregs\[26\]\[22\],21.81µm
_02718_,21.805µm
u_picorv32.picorv32_core.cpuregs\[25\]\[17\],21.805µm
u_picorv32.picorv32_core.cpuregs\[29\]\[18\],21.805µm
net135,21.8µm
_05135_,21.79µm
u_picorv32.picorv32_core.cpuregs\[14\]\[14\],21.79µm
u_picorv32.picorv32_core.cpuregs\[21\]\[30\],21.79µm
u_picorv32.picorv32_core.mem_rdata_q\[14\],21.79µm
u_picorv32.picorv32_core.cpuregs\[12\]\[23\],21.785µm
_02548_,21.78µm
u_picorv32.picorv32_core.cpuregs\[22\]\[3\],21.76µm
u_picorv32.picorv32_core.cpuregs\[1\]\[27\],21.755µm
u_picorv32.picorv32_core.cpuregs\[22\]\[8\],21.745µm
u_picorv32.picorv32_core.cpuregs\[28\]\[20\],21.745µm
u_picorv32.picorv32_core.reg_next_pc\[30\],21.74µm
_02438_,21.72µm
_04448_,21.72µm
u_picorv32.picorv32_core.cpuregs\[11\]\[19\],21.715µm
_05238_,21.71µm
u_picorv32.picorv32_core.cpuregs\[12\]\[8\],21.695µm
u_picorv32.picorv32_core.cpuregs\[13\]\[30\],21.67µm
u_picorv32.picorv32_core.cpuregs\[21\]\[9\],21.67µm
_05729_,21.66µm
u_picorv32.picorv32_core.instr_rdcycleh,21.66µm
u_picorv32.picorv32_core.count_cycle\[59\],21.64µm
u_picorv32.picorv32_core.cpuregs\[24\]\[24\],21.625µm
u_picorv32.picorv32_core.cpuregs\[17\]\[4\],21.62µm
_01566_,21.61µm
_05776_,21.61µm
u_picorv32.picorv32_core.cpuregs\[2\]\[19\],21.61µm
u_picorv32.picorv32_core.cpuregs\[14\]\[15\],21.6µm
u_picorv32.picorv32_core.cpuregs\[6\]\[18\],21.595µm
u_picorv32.picorv32_core.cpuregs\[12\]\[28\],21.59µm
_01700_,21.56µm
_01779_,21.56µm
_04864_,21.56µm
u_picorv32.picorv32_core.cpuregs\[29\]\[10\],21.56µm
_02784_,21.555µm
_03779_,21.55µm
_04058_,21.55µm
net120,21.55µm
u_picorv32.picorv32_core.cpuregs\[29\]\[20\],21.535µm
_02065_,21.49µm
u_picorv32.picorv32_core.count_instr\[42\],21.49µm
u_picorv32.picorv32_core.cpuregs\[3\]\[24\],21.475µm
u_picorv32.picorv32_core.cpuregs\[22\]\[2\],21.47µm
_01590_,21.465µm
u_picorv32.picorv32_core.cpuregs\[8\]\[29\],21.465µm
u_picorv32.picorv32_core.cpuregs\[2\]\[25\],21.455µm
_04198_,21.435µm
_03126_,21.43µm
_03719_,21.43µm
_05303_,21.42µm
_03679_,21.415µm
u_picorv32.picorv32_core.cpuregs\[7\]\[22\],21.415µm
u_picorv32.picorv32_core.cpuregs\[15\]\[11\],21.39µm
u_picorv32.picorv32_core.cpuregs\[30\]\[20\],21.385µm
_04712_,21.38µm
_04312_,21.37µm
_05237_,21.37µm
u_picorv32.picorv32_core.cpuregs\[11\]\[6\],21.37µm
u_picorv32.picorv32_core.cpuregs\[7\]\[8\],21.37µm
_01780_,21.36µm
_04973_,21.36µm
u_picorv32.picorv32_core.cpuregs\[24\]\[10\],21.36µm
_03850_,21.355µm
u_picorv32.picorv32_core.cpuregs\[13\]\[7\],21.335µm
u_picorv32.picorv32_core.cpuregs\[18\]\[22\],21.32µm
u_picorv32.picorv32_core.cpuregs\[26\]\[19\],21.32µm
u_picorv32.picorv32_core.cpuregs\[6\]\[3\],21.32µm
u_picorv32.pcpi_rs1\[31\],21.31µm
_01591_,21.3µm
_05328_,21.3µm
_05564_,21.295µm
_01643_,21.28µm
u_picorv32.picorv32_core.cpuregs\[18\]\[21\],21.265µm
u_picorv32.picorv32_core.reg_next_pc\[5\],21.26µm
_02151_,21.25µm
u_picorv32.picorv32_core.cpuregs\[12\]\[25\],21.25µm
_03156_,21.19µm
u_picorv32.picorv32_core.cpuregs\[20\]\[25\],21.19µm
_05301_,21.18µm
_01831_,21.16µm
u_picorv32.picorv32_core.cpuregs\[24\]\[12\],21.155µm
_04513_,21.145µm
_03646_,21.14µm
u_picorv32.picorv32_core.count_instr\[63\],21.135µm
u_picorv32.picorv32_core.cpuregs\[20\]\[4\],21.13µm
u_picorv32.picorv32_core.cpuregs\[9\]\[5\],21.13µm
_05487_,21.09µm
u_picorv32.picorv32_core.cpuregs\[29\]\[2\],21.08µm
u_picorv32.picorv32_core.cpuregs\[9\]\[7\],21.08µm
_05569_,21.07µm
u_picorv32.picorv32_core.cpuregs\[24\]\[7\],21.06µm
u_picorv32.picorv32_core.cpuregs\[21\]\[24\],21.055µm
u_picorv32.picorv32_core.cpuregs\[22\]\[17\],21.055µm
u_picorv32.picorv32_core.cpuregs\[0\]\[23\],21.045µm
_05756_,21.04µm
_04886_,21.02µm
u_picorv32.picorv32_core.cpuregs\[3\]\[5\],21.01µm
_05259_,20.995µm
u_picorv32.picorv32_core.cpuregs\[18\]\[23\],20.995µm
_03486_,20.985µm
u_picorv32.picorv32_core.cpuregs\[28\]\[16\],20.96µm
_01560_,20.95µm
net134,20.95µm
_05516_,20.94µm
u_picorv32.picorv32_core.cpuregs\[25\]\[5\],20.935µm
_02788_,20.9µm
u_picorv32.picorv32_core.cpuregs\[26\]\[26\],20.9µm
u_picorv32.picorv32_core.cpuregs\[28\]\[15\],20.89µm
_04853_,20.88µm
_01730_,20.86µm
u_picorv32.picorv32_core.cpuregs\[28\]\[22\],20.855µm
u_picorv32.picorv32_core.cpuregs\[20\]\[7\],20.85µm
u_picorv32.picorv32_core.cpuregs\[26\]\[29\],20.85µm
_04928_,20.84µm
net106,20.84µm
u_picorv32.picorv32_core.cpuregs\[1\]\[21\],20.84µm
u_picorv32.picorv32_core.cpuregs\[28\]\[0\],20.84µm
_04963_,20.82µm
u_picorv32.picorv32_core.cpuregs\[15\]\[21\],20.82µm
u_picorv32.picorv32_core.cpuregs\[3\]\[1\],20.785µm
u_picorv32.picorv32_core.cpuregs\[4\]\[3\],20.78µm
_05665_,20.775µm
_01955_,20.77µm
_04969_,20.77µm
_05082_,20.76µm
u_picorv32.picorv32_core.cpuregs\[20\]\[11\],20.755µm
u_picorv32.picorv32_core.cpuregs\[13\]\[15\],20.71µm
_04765_,20.7µm
_03546_,20.695µm
u_picorv32.picorv32_core.cpuregs\[0\]\[29\],20.68µm
u_picorv32.picorv32_core.cpuregs\[4\]\[28\],20.675µm
_00329_,20.65µm
_04256_,20.65µm
_05471_,20.65µm
u_picorv32.picorv32_core.cpuregs\[4\]\[30\],20.635µm
u_picorv32.picorv32_core.cpuregs\[21\]\[7\],20.605µm
u_picorv32.picorv32_core.cpuregs\[20\]\[14\],20.6µm
u_picorv32.picorv32_core.cpuregs\[21\]\[4\],20.575µm
_02526_,20.54µm
_02446_,20.53µm
u_picorv32.picorv32_core.cpuregs\[26\]\[8\],20.53µm
_04399_,20.525µm
_02897_,20.52µm
u_picorv32.picorv32_core.alu_out\[8\],20.52µm
u_picorv32.picorv32_core.cpuregs\[25\]\[20\],20.49µm
_03280_,20.48µm
u_picorv32.picorv32_core.cpuregs\[18\]\[25\],20.48µm
net133,20.47µm
_03287_,20.46µm
_03624_,20.455µm
_04793_,20.445µm
_04435_,20.42µm
u_picorv32.picorv32_core.cpuregs\[6\]\[26\],20.42µm
_05056_,20.41µm
u_picorv32.picorv32_core.cpuregs\[28\]\[18\],20.41µm
_03626_,20.4µm
_04925_,20.4µm
u_picorv32.picorv32_core.cpuregs\[25\]\[9\],20.37µm
u_picorv32.picorv32_core.cpuregs\[29\]\[16\],20.36µm
rst_ni,20.36µm
_05142_,20.35µm
_05271_,20.34µm
u_picorv32.picorv32_core.reg_out\[13\],20.34µm
_03272_,20.315µm
u_picorv32.picorv32_core.cpuregs\[28\]\[5\],20.315µm
_01872_,20.3µm
_02524_,20.3µm
u_picorv32.picorv32_core.reg_next_pc\[18\],20.3µm
_05312_,20.28µm
_04533_,20.26µm
_01734_,20.25µm
_01767_,20.23µm
_05791_,20.23µm
net87,20.23µm
u_picorv32.picorv32_core.cpuregs\[20\]\[22\],20.23µm
u_picorv32.picorv32_core.reg_next_pc\[19\],20.22µm
_03012_,20.195µm
u_picorv32.picorv32_core.cpuregs\[7\]\[27\],20.19µm
_05698_,20.18µm
u_picorv32.picorv32_core.cpuregs\[21\]\[28\],20.175µm
u_picorv32.picorv32_core.cpuregs\[22\]\[27\],20.175µm
u_picorv32.picorv32_core.cpuregs\[10\]\[31\],20.17µm
_05459_,20.165µm
_01898_,20.16µm
_04200_,20.16µm
u_picorv32.picorv32_core.cpuregs\[6\]\[16\],20.15µm
_01604_,20.11µm
_05666_,20.11µm
u_picorv32.pcpi_rs1\[17\],20.11µm
u_picorv32.picorv32_core.cpuregs\[5\]\[12\],20.11µm
net109,20.1µm
u_picorv32.picorv32_core.cpuregs\[0\]\[30\],20.1µm
u_picorv32.picorv32_core.cpuregs\[24\]\[23\],20.085µm
_01960_,20.075µm
u_picorv32.picorv32_core.cpuregs\[20\]\[0\],20.07µm
u_picorv32.picorv32_core.cpuregs\[10\]\[22\],20.06µm
_04909_,20.05µm
_01586_,20.04µm
_04729_,20.04µm
_04855_,20.04µm
u_picorv32.picorv32_core.cpuregs\[6\]\[14\],20µm
_02029_,19.995µm
u_picorv32.picorv32_core.cpuregs\[8\]\[23\],19.995µm
_05347_,19.99µm
u_picorv32.picorv32_core.cpuregs\[20\]\[31\],19.95µm
_03249_,19.945µm
_05452_,19.945µm
u_picorv32.picorv32_core.cpuregs\[30\]\[12\],19.945µm
u_picorv32.picorv32_core.cpuregs\[22\]\[1\],19.94µm
_05895_,19.93µm
u_picorv32.picorv32_core.count_cycle\[14\],19.93µm
u_picorv32.picorv32_core.cpuregs\[4\]\[17\],19.93µm
_02001_,19.92µm
u_picorv32.picorv32_core.mem_rdata_q\[5\],19.92µm
u_picorv32.picorv32_core.cpuregs\[8\]\[9\],19.895µm
u_picorv32.picorv32_core.cpuregs\[12\]\[7\],19.86µm
_05258_,19.83µm
u_picorv32.picorv32_core.cpuregs\[3\]\[20\],19.825µm
u_picorv32.picorv32_core.reg_next_pc\[1\],19.825µm
_01690_,19.82µm
_03609_,19.8µm
_05054_,19.8µm
_01557_,19.795µm
u_picorv32.picorv32_core.cpuregs\[9\]\[17\],19.785µm
u_picorv32.picorv32_core.cpuregs\[3\]\[19\],19.78µm
_02512_,19.75µm
u_picorv32.picorv32_core.cpuregs\[24\]\[3\],19.75µm
u_picorv32.picorv32_core.cpuregs\[18\]\[7\],19.71µm
_01741_,19.705µm
_04887_,19.7µm
u_picorv32.picorv32_core.cpuregs\[19\]\[16\],19.7µm
_02537_,19.69µm
u_picorv32.picorv32_core.cpuregs\[9\]\[0\],19.69µm
_01648_,19.675µm
u_picorv32.picorv32_core.cpuregs\[22\]\[21\],19.66µm
u_picorv32.picorv32_core.cpuregs\[28\]\[9\],19.655µm
_03288_,19.63µm
_04355_,19.63µm
_03334_,19.62µm
u_picorv32.picorv32_core.cpuregs\[14\]\[1\],19.58µm
u_picorv32.picorv32_core.cpuregs\[24\]\[20\],19.58µm
net3138,19.57µm
_03551_,19.56µm
_05340_,19.56µm
u_picorv32.picorv32_core.cpuregs\[23\]\[0\],19.52µm
u_picorv32.picorv32_core.cpuregs\[26\]\[21\],19.5µm
_01839_,19.495µm
u_picorv32.picorv32_core.reg_pc\[4\],19.485µm
_05428_,19.46µm
_03026_,19.455µm
_04124_,19.45µm
u_picorv32.picorv32_core.cpuregs\[0\]\[1\],19.45µm
_02437_,19.425µm
_04523_,19.425µm
_02720_,19.38µm
_05536_,19.36µm
u_picorv32.picorv32_core.cpuregs\[9\]\[4\],19.35µm
u_picorv32.picorv32_core.cpuregs\[12\]\[31\],19.345µm
u_picorv32.picorv32_core.cpuregs\[24\]\[17\],19.34µm
_01746_,19.33µm
_02062_,19.32µm
u_picorv32.picorv32_core.cpuregs\[1\]\[6\],19.315µm
u_picorv32.picorv32_core.cpuregs\[2\]\[9\],19.315µm
u_picorv32.axi_adapter.ack_wvalid,19.305µm
u_picorv32.picorv32_core.instr_addi,19.305µm
_02414_,19.29µm
u_picorv32.picorv32_core.cpuregs\[24\]\[5\],19.25µm
_02849_,19.23µm
_02964_,19.23µm
_03863_,19.22µm
u_picorv32.picorv32_core.cpuregs\[29\]\[0\],19.22µm
_03251_,19.21µm
u_picorv32.pcpi_rs1\[18\],19.2µm
net3143,19.2µm
u_picorv32.picorv32_core.cpuregs\[21\]\[25\],19.16µm
net3041,19.15µm
_05265_,19.14µm
u_picorv32.picorv32_core.cpuregs\[7\]\[11\],19.125µm
u_picorv32.picorv32_core.cpuregs\[2\]\[26\],19.09µm
_04727_,19.08µm
_02589_,19.075µm
_04117_,19.075µm
u_picorv32.picorv32_core.cpuregs\[20\]\[3\],19.05µm
_03872_,19.03µm
u_picorv32.picorv32_core.cpuregs\[14\]\[9\],19.03µm
_02813_,19.02µm
_03555_,19.02µm
u_picorv32.picorv32_core.cpuregs\[28\]\[17\],18.995µm
_01723_,18.985µm
_03194_,18.985µm
_02177_,18.97µm
_03922_,18.97µm
_04318_,18.97µm
u_picorv32.picorv32_core.cpuregs\[10\]\[12\],18.97µm
u_picorv32.picorv32_core.cpuregs\[24\]\[11\],18.97µm
_01667_,18.96µm
_03847_,18.945µm
_04720_,18.935µm
_00488_,18.91µm
_04283_,18.91µm
_04061_,18.9µm
_05015_,18.9µm
_01862_,18.87µm
_03513_,18.855µm
_02551_,18.84µm
_05889_,18.84µm
_04562_,18.82µm
u_picorv32.picorv32_core.decoded_rd\[1\],18.81µm
u_picorv32.picorv32_core.mem_rdata_q\[4\],18.81µm
_04544_,18.8µm
_04118_,18.79µm
_04473_,18.78µm
_01695_,18.77µm
_05399_,18.765µm
_05565_,18.73µm
u_picorv32.picorv32_core.latched_stalu,18.73µm
u_picorv32.picorv32_core.mem_state\[0\],18.705µm
u_picorv32.picorv32_core.cpuregs\[1\]\[2\],18.685µm
_01834_,18.665µm
_01084_,18.66µm
u_picorv32.picorv32_core.cpuregs\[8\]\[17\],18.655µm
_05916_,18.64µm
u_picorv32.picorv32_core.cpuregs\[6\]\[31\],18.63µm
_03007_,18.62µm
_05891_,18.56µm
_00244_,18.55µm
_01882_,18.55µm
net88,18.55µm
u_picorv32.picorv32_core.cpuregs\[0\]\[21\],18.55µm
u_picorv32.picorv32_core.cpuregs\[4\]\[23\],18.55µm
_03354_,18.515µm
_01569_,18.49µm
u_picorv32.picorv32_core.cpuregs\[6\]\[13\],18.485µm
_03739_,18.48µm
_04229_,18.48µm
_04496_,18.48µm
u_picorv32.picorv32_core.cpuregs\[16\]\[31\],18.48µm
u_picorv32.picorv32_core.cpuregs\[18\]\[13\],18.48µm
_05740_,18.465µm
u_picorv32.picorv32_core.cpuregs\[25\]\[10\],18.435µm
_03499_,18.42µm
_04333_,18.41µm
u_picorv32.picorv32_core.cpuregs\[14\]\[2\],18.395µm
_01833_,18.37µm
_03891_,18.37µm
_05294_,18.37µm
_02148_,18.32µm
_02587_,18.32µm
u_picorv32.picorv32_core.cpuregs\[2\]\[16\],18.31µm
_03823_,18.3µm
_01555_,18.27µm
_02752_,18.27µm
_01319_,18.24µm
net3172,18.24µm
_03098_,18.235µm
u_picorv32.picorv32_core.cpuregs\[24\]\[2\],18.235µm
_02470_,18.19µm
net1010,18.19µm
_05461_,18.125µm
_02654_,18.12µm
_05797_,18.12µm
_03079_,18.115µm
_04981_,18.115µm
_05106_,18.07µm
_04664_,18.06µm
_05527_,18.06µm
_03133_,18.055µm
_05193_,18.045µm
_02101_,18.03µm
_02337_,18.025µm
u_picorv32.picorv32_core.cpuregs\[28\]\[29\],18.02µm
u_picorv32.picorv32_core.instr_rdinstr,18.02µm
_01947_,18.01µm
_04553_,18.01µm
_03493_,18µm
_04731_,18µm
_01729_,17.98µm
u_picorv32.picorv32_core.cpuregs\[25\]\[11\],17.975µm
u_picorv32.picorv32_core.cpuregs\[29\]\[25\],17.975µm
_00243_,17.95µm
_01082_,17.95µm
_02379_,17.95µm
_04105_,17.95µm
_05235_,17.95µm
_03973_,17.94µm
_05780_,17.91µm
u_picorv32.picorv32_core.cpuregs\[16\]\[28\],17.91µm
u_picorv32.picorv32_core.cpuregs\[2\]\[7\],17.91µm
u_picorv32.picorv32_core.reg_out\[23\],17.91µm
_01911_,17.9µm
_05650_,17.9µm
u_picorv32.picorv32_core.cpuregs\[5\]\[27\],17.9µm
u_picorv32.picorv32_core.cpuregs\[13\]\[23\],17.895µm
_00940_,17.89µm
_01530_,17.89µm
_04862_,17.89µm
_05578_,17.885µm
_01448_,17.88µm
_02185_,17.82µm
u_picorv32.picorv32_core.alu_out\[30\],17.805µm
_01559_,17.79µm
_03072_,17.785µm
_05213_,17.77µm
_05430_,17.77µm
_04592_,17.76µm
_01895_,17.75µm
net3173,17.71µm
_05429_,17.7µm
_03096_,17.685µm
_04497_,17.685µm
_02339_,17.675µm
_03786_,17.66µm
_04536_,17.65µm
_05297_,17.65µm
_01859_,17.64µm
_02611_,17.64µm
_03841_,17.64µm
_05369_,17.64µm
_03297_,17.635µm
_05309_,17.625µm
_00647_,17.62µm
_01438_,17.6µm
u_picorv32.picorv32_core.cpuregs\[21\]\[8\],17.6µm
_01360_,17.59µm
_02322_,17.59µm
_03329_,17.59µm
_05160_,17.59µm
u_picorv32.pcpi_rs1\[21\],17.59µm
_02721_,17.56µm
_05070_,17.55µm
_03097_,17.53µm
_03141_,17.53µm
_05251_,17.53µm
_05445_,17.53µm
_01932_,17.525µm
u_picorv32.picorv32_core.cpuregs\[7\]\[4\],17.525µm
_03166_,17.52µm
_03938_,17.52µm
_05314_,17.5µm
u_picorv32.picorv32_core.cpuregs\[12\]\[9\],17.49µm
u_picorv32.picorv32_core.cpuregs\[22\]\[5\],17.49µm
u_picorv32.picorv32_core.cpuregs\[6\]\[17\],17.49µm
_02963_,17.485µm
u_picorv32.picorv32_core.cpuregs\[18\]\[14\],17.485µm
_03419_,17.48µm
_05652_,17.48µm
u_picorv32.picorv32_core.reg_out\[15\],17.475µm
_04254_,17.46µm
_04972_,17.46µm
_05159_,17.46µm
_01322_,17.445µm
u_picorv32.picorv32_core.cpuregs\[1\]\[29\],17.43µm
u_picorv32.picorv32_core.cpuregs\[6\]\[10\],17.43µm
u_picorv32.picorv32_core.cpuregs\[9\]\[8\],17.43µm
net3117,17.42µm
_00362_,17.41µm
_00650_,17.41µm
_02335_,17.41µm
_02712_,17.4µm
_03315_,17.4µm
net2498,17.4µm
u_picorv32.picorv32_core.cpuregs\[12\]\[6\],17.395µm
u_picorv32.picorv32_core.cpuregs\[28\]\[3\],17.385µm
u_picorv32.picorv32_core.cpuregs\[5\]\[20\],17.37µm
_04429_,17.36µm
u_picorv32.picorv32_core.cpuregs\[8\]\[18\],17.355µm
_01320_,17.35µm
_05946_,17.34µm
_03720_,17.31µm
_01818_,17.3µm
_05674_,17.3µm
_00517_,17.29µm
_04555_,17.29µm
u_picorv32.picorv32_core.cpuregs\[24\]\[4\],17.29µm
_02111_,17.28µm
_03181_,17.28µm
_05849_,17.28µm
_02385_,17.265µm
_01973_,17.26µm
_02557_,17.23µm
_02748_,17.23µm
_04761_,17.23µm
_04860_,17.23µm
u_picorv32.pcpi_rs1\[1\],17.23µm
net3121,17.23µm
_04919_,17.22µm
_04151_,17.205µm
_01766_,17.17µm
_03780_,17.17µm
_05114_,17.17µm
_05316_,17.17µm
u_picorv32.picorv32_core.alu_out_q\[30\],17.17µm
_02453_,17.16µm
_04081_,17.16µm
_05717_,17.16µm
_05909_,17.16µm
net2879,17.16µm
u_picorv32.picorv32_core.cpuregs\[1\]\[26\],17.12µm
u_picorv32.picorv32_core.cpuregs\[9\]\[10\],17.12µm
u_picorv32.picorv32_core.cpuregs\[22\]\[12\],17.11µm
trap,17.1µm
u_picorv32.pcpi_rs2\[18\],17.06µm
u_picorv32.picorv32_core.cpuregs\[10\]\[17\],17.06µm
_04699_,17.05µm
u_picorv32.picorv32_core.count_instr\[12\],17.05µm
_03991_,17.04µm
_04802_,17.04µm
_05383_,17.04µm
_05502_,17.04µm
u_picorv32.picorv32_core.reg_next_pc\[31\],17.025µm
u_picorv32.picorv32_core.cpuregs\[12\]\[0\],17.01µm
u_picorv32.picorv32_core.cpuregs\[12\]\[27\],17.01µm
u_picorv32.picorv32_core.cpuregs\[26\]\[14\],17.01µm
_02406_,17µm
_05197_,17µm
_05276_,17µm
_00372_,16.99µm
_02807_,16.99µm
_04665_,16.98µm
_05196_,16.98µm
_05440_,16.965µm
net1194,16.95µm
_02373_,16.93µm
_03709_,16.93µm
net2899,16.93µm
_01567_,16.92µm
_04042_,16.905µm
_05646_,16.89µm
u_picorv32.picorv32_core.cpuregs\[0\]\[6\],16.86µm
_02080_,16.845µm
_04019_,16.81µm
u_picorv32.picorv32_core.cpuregs\[20\]\[5\],16.81µm
_01857_,16.8µm
_03348_,16.8µm
_04495_,16.785µm
_03703_,16.775µm
_01653_,16.75µm
_02081_,16.75µm
_02279_,16.75µm
_04850_,16.75µm
u_picorv32.pcpi_rs1\[27\],16.75µm
net3131,16.75µm
_04685_,16.74µm
_05231_,16.74µm
_02450_,16.725µm
_04519_,16.725µm
u_picorv32.picorv32_core.instr_beq,16.72µm
_01844_,16.715µm
_04876_,16.71µm
_01798_,16.69µm
_02286_,16.69µm
_03685_,16.69µm
_01275_,16.68µm
_05003_,16.68µm
_04875_,16.675µm
_00906_,16.63µm
_03565_,16.62µm
u_picorv32.picorv32_core.reg_next_pc\[14\],16.58µm
_04644_,16.57µm
_05409_,16.57µm
_05655_,16.57µm
net2326,16.57µm
_02940_,16.56µm
u_picorv32.picorv32_core.cpuregs\[4\]\[24\],16.555µm
_03306_,16.515µm
_00328_,16.51µm
_03554_,16.51µm
_05155_,16.51µm
_05305_,16.51µm
_01200_,16.5µm
_03892_,16.5µm
_04053_,16.5µm
_04317_,16.5µm
_05326_,16.5µm
_06007_,16.495µm
_01571_,16.48µm
_01757_,16.465µm
_02740_,16.46µm
_00200_,16.45µm
_02939_,16.45µm
_04017_,16.45µm
_05663_,16.44µm
_05273_,16.405µm
_01748_,16.38µm
net2715,16.365µm
net624,16.365µm
_02525_,16.355µm
_02570_,16.34µm
_04067_,16.34µm
_04398_,16.34µm
_04865_,16.33µm
_03527_,16.32µm
_03612_,16.32µm
_05754_,16.32µm
u_picorv32.picorv32_core.cpuregs\[1\]\[13\],16.315µm
_03241_,16.31µm
_04494_,16.31µm
u_picorv32.picorv32_core.cpuregs\[6\]\[24\],16.31µm
_01782_,16.305µm
u_picorv32.picorv32_core.cpuregs\[4\]\[25\],16.28µm
_03945_,16.26µm
_05842_,16.26µm
u_picorv32.picorv32_core.cpuregs\[0\]\[4\],16.26µm
u_picorv32.picorv32_core.cpuregs\[24\]\[13\],16.26µm
_02042_,16.21µm
_04257_,16.21µm
_05121_,16.21µm
_05392_,16.21µm
net3118,16.21µm
_05168_,16.2µm
_05348_,16.2µm
net1890,16.2µm
_02703_,16.18µm
_04006_,16.14µm
_04764_,16.14µm
_03411_,16.135µm
_03836_,16.125µm
_05600_,16.125µm
_03817_,16.115µm
_01251_,16.08µm
_03911_,16.08µm
_04475_,16.08µm
_05208_,16.08µm
_01758_,16.075µm
u_picorv32.picorv32_core.cpuregs\[15\]\[14\],16.055µm
_04214_,16.03µm
_05339_,16.03µm
_04084_,16.02µm
_04181_,16.02µm
_04423_,16.02µm
_05006_,16.02µm
_01761_,15.995µm
u_picorv32.picorv32_core.cpuregs\[12\]\[24\],15.99µm
_03983_,15.98µm
_02051_,15.975µm
_05528_,15.975µm
_01034_,15.97µm
_01526_,15.97µm
_02159_,15.97µm
_03137_,15.97µm
u_picorv32.picorv32_core.cpuregs\[0\]\[13\],15.97µm
_04899_,15.965µm
_03440_,15.935µm
_02692_,15.93µm
_03167_,15.9µm
_02277_,15.885µm
_02706_,15.87µm
u_picorv32.picorv32_core.cpuregs\[12\]\[26\],15.87µm
_04167_,15.85µm
_04643_,15.85µm
_05287_,15.85µm
_02951_,15.84µm
_05769_,15.84µm
_05913_,15.84µm
net84,15.84µm
net3109,15.84µm
_04112_,15.835µm
_04266_,15.835µm
_00111_,15.825µm
_01380_,15.81µm
_05302_,15.805µm
u_picorv32.picorv32_core.cpuregs\[13\]\[22\],15.805µm
_02954_,15.8µm
u_picorv32.picorv32_core.cpuregs\[8\]\[11\],15.8µm
_02341_,15.79µm
_05676_,15.79µm
u_picorv32.pcpi_rs1\[2\],15.79µm
_03687_,15.785µm
_01075_,15.78µm
_01114_,15.78µm
_03123_,15.78µm
u_picorv32.picorv32_core.instr_srl,15.775µm
_05551_,15.745µm
_02972_,15.73µm
_04530_,15.73µm
_04568_,15.73µm
_05219_,15.73µm
_05789_,15.73µm
_03650_,15.72µm
_04468_,15.72µm
_05022_,15.72µm
_05481_,15.72µm
net1609,15.72µm
net2289,15.72µm
_04119_,15.715µm
_05253_,15.715µm
_01422_,15.705µm
_04452_,15.69µm
u_picorv32.picorv32_core.cpuregs\[0\]\[18\],15.68µm
_00425_,15.67µm
_00972_,15.67µm
_01316_,15.67µm
_03503_,15.67µm
_03591_,15.67µm
_05771_,15.67µm
_01908_,15.66µm
_03267_,15.66µm
_05272_,15.66µm
_05728_,15.65µm
_04589_,15.64µm
_01917_,15.62µm
_01308_,15.61µm
_00402_,15.6µm
_00829_,15.6µm
_03054_,15.6µm
_03588_,15.6µm
net1605,15.6µm
_00011_,15.585µm
_03806_,15.585µm
_01813_,15.555µm
_03247_,15.545µm
_03772_,15.545µm
_03106_,15.54µm
_04143_,15.54µm
_04516_,15.54µm
_05549_,15.535µm
_04075_,15.51µm
u_picorv32.picorv32_core.cpuregs\[16\]\[19\],15.51µm
_05397_,15.505µm
_05688_,15.5µm
_02465_,15.495µm
_04380_,15.49µm
_04979_,15.49µm
_05026_,15.49µm
_04160_,15.485µm
_01716_,15.42µm
u_picorv32.pcpi_rs1\[19\],15.42µm
_05893_,15.38µm
_03755_,15.37µm
_02165_,15.36µm
_05828_,15.36µm
_05904_,15.36µm
_03974_,15.31µm
u_picorv32.pcpi_rs1\[16\],15.31µm
u_picorv32.picorv32_core.reg_pc\[23\],15.31µm
_02032_,15.305µm
_01777_,15.3µm
_04185_,15.3µm
_01324_,15.285µm
_02871_,15.28µm
_01740_,15.265µm
_02361_,15.26µm
_02900_,15.26µm
u_picorv32.picorv32_core.cpuregs\[0\]\[20\],15.26µm
_01747_,15.255µm
_04749_,15.25µm
_05004_,15.25µm
_05095_,15.25µm
_05274_,15.25µm
_01323_,15.24µm
_04706_,15.24µm
u_picorv32.picorv32_core.cpuregs\[28\]\[24\],15.215µm
mem_axi_rdata[16],15.2µm
_00198_,15.19µm
_00608_,15.19µm
_01081_,15.19µm
_01371_,15.18µm
_03736_,15.18µm
_04348_,15.18µm
_04115_,15.175µm
_01800_,15.165µm
u_picorv32.axi_adapter.ack_awvalid,15.15µm
_03485_,15.14µm
_04069_,15.14µm
u_picorv32.picorv32_core.count_instr\[50\],15.14µm
_02810_,15.13µm
_03337_,15.13µm
_04169_,15.13µm
u_picorv32.picorv32_core.cpuregs\[0\]\[5\],15.13µm
_00271_,15.12µm
_00618_,15.12µm
_01128_,15.12µm
net2012,15.12µm
net2819,15.12µm
_02588_,15.115µm
_05222_,15.08µm
mem_axi_rdata[13],15.08µm
_00413_,15.07µm
_02112_,15.07µm
_04645_,15.065µm
_02919_,15.06µm
_03340_,15.06µm
_04155_,15.06µm
_04635_,15.06µm
_05323_,15.06µm
_02533_,15.055µm
_03259_,15.02µm
_01724_,15.01µm
_01696_,15µm
_04176_,14.995µm
u_picorv32.picorv32_core.cpuregs\[28\]\[13\],14.985µm
u_picorv32.picorv32_core.cpuregs\[28\]\[4\],14.985µm
_03507_,14.955µm
_04560_,14.94µm
net3130,14.94µm
_02306_,14.925µm
_03434_,14.92µm
_01860_,14.88µm
_02592_,14.88µm
_03121_,14.88µm
_04332_,14.88µm
_05417_,14.88µm
_05438_,14.86µm
_03341_,14.845µm
_03651_,14.83µm
_04302_,14.83µm
_04786_,14.83µm
u_picorv32.picorv32_core.cpuregs\[25\]\[4\],14.83µm
_03221_,14.82µm
_04901_,14.82µm
_01912_,14.79µm
_03464_,14.785µm
_04010_,14.77µm
_04321_,14.77µm
_04340_,14.77µm
_05872_,14.77µm
net3150,14.77µm
_05198_,14.76µm
_05705_,14.76µm
net3166,14.755µm
_02606_,14.73µm
_03185_,14.73µm
_03511_,14.73µm
_01874_,14.72µm
_00616_,14.71µm
_01201_,14.71µm
_00868_,14.7µm
_00899_,14.7µm
_04728_,14.7µm
_03579_,14.66µm
_03616_,14.65µm
_03971_,14.64µm
_03661_,14.615µm
_03402_,14.6µm
_05879_,14.6µm
_01477_,14.59µm
_04615_,14.59µm
_05245_,14.59µm
_05299_,14.59µm
_05408_,14.59µm
_05741_,14.59µm
_05124_,14.58µm
_01597_,14.575µm
_04472_,14.575µm
_06010_,14.565µm
_04534_,14.555µm
_05653_,14.545µm
u_picorv32.axi_adapter.xfer_done,14.545µm
_00954_,14.53µm
_01369_,14.53µm
_03810_,14.53µm
_03937_,14.53µm
_04281_,14.53µm
_06012_,14.53µm
net1461,14.53µm
net2451,14.53µm
_00782_,14.52µm
_04888_,14.52µm
_05204_,14.52µm
_00300_,14.505µm
_02255_,14.485µm
_01190_,14.46µm
_04026_,14.46µm
_04247_,14.46µm
u_picorv32.picorv32_core.cpuregs\[22\]\[18\],14.445µm
_01603_,14.44µm
_04442_,14.43µm
_03320_,14.425µm
_00122_,14.41µm
_04121_,14.41µm
_04194_,14.41µm
net3123,14.41µm
net3149,14.41µm
_04453_,14.4µm
_05877_,14.4µm
_02043_,14.395µm
_01710_,14.37µm
_00938_,14.35µm
net81,14.35µm
net89,14.35µm
u_picorv32.pcpi_rs2\[0\],14.35µm
u_picorv32.picorv32_core.decoded_imm_j\[20\],14.35µm
_01312_,14.34µm
_03705_,14.34µm
_03812_,14.34µm
_04308_,14.34µm
_04384_,14.34µm
_05216_,14.34µm
net2304,14.325µm
_03537_,14.29µm
_04936_,14.29µm
_05585_,14.29µm
_05764_,14.29µm
_05806_,14.29µm
_04951_,14.275µm
_01576_,14.245µm
_01870_,14.23µm
_03165_,14.23µm
_02053_,14.195µm
_04239_,14.195µm
_03483_,14.18µm
_04722_,14.18µm
_03835_,14.17µm
_05218_,14.17µm
_00714_,14.16µm
_02760_,14.16µm
_04766_,14.16µm
_05092_,14.16µm
_05283_,14.16µm
net1610,14.16µm
net1807,14.16µm
net2441,14.16µm
_00683_,14.145µm
_00217_,14.13µm
_03308_,14.125µm
_03943_,14.1µm
_04620_,14.1µm
_02800_,14.07µm
_01598_,14.06µm
_02202_,14.06µm
net1454,14.06µm
_05681_,14.055µm
u_picorv32.picorv32_core.reg_next_pc\[11\],14.055µm
_00411_,14.05µm
_00947_,14.05µm
_01007_,14.05µm
_02957_,14.05µm
_03976_,14.05µm
net2108,14.05µm
_03930_,14.04µm
_03979_,14.04µm
_04135_,14.04µm
_04632_,14.04µm
_04752_,14.04µm
_05661_,14.04µm
net2139,14.04µm
_04742_,14.035µm
_03543_,14.025µm
u_picorv32.pcpi_rs1\[25\],14.025µm
u_picorv32.picorv32_core.mem_rdata_q\[6\],14.01µm
_02736_,14µm
_03223_,14µm
_00351_,13.98µm
_04504_,13.98µm
_04884_,13.965µm
_00384_,13.93µm
_02638_,13.93µm
_04331_,13.93µm
_05908_,13.93µm
u_picorv32.pcpi_rs1\[6\],13.93µm
_01205_,13.92µm
_02285_,13.92µm
_02717_,13.92µm
_04196_,13.92µm
_05873_,13.92µm
_01243_,13.87µm
_00918_,13.86µm
_01325_,13.86µm
_03515_,13.86µm
_05631_,13.86µm
_04295_,13.855µm
_04372_,13.825µm
_02276_,13.81µm
_02358_,13.81µm
_03967_,13.81µm
_04840_,13.81µm
net1548,13.81µm
_03827_,13.8µm
net2442,13.8µm
_03430_,13.795µm
_04751_,13.795µm
_04947_,13.795µm
_03040_,13.76µm
_03770_,13.76µm
_03210_,13.755µm
_03954_,13.75µm
_05550_,13.75µm
_01309_,13.74µm
_01493_,13.74µm
_04661_,13.74µm
_02401_,13.7µm
_02451_,13.7µm
_00035_,13.69µm
_01722_,13.69µm
_01750_,13.69µm
_03179_,13.69µm
_03793_,13.69µm
_04066_,13.69µm
_04157_,13.69µm
_04910_,13.69µm
net1928,13.69µm
net2188,13.69µm
_00426_,13.68µm
_00642_,13.68µm
_00970_,13.68µm
_01063_,13.68µm
_03438_,13.68µm
_03789_,13.68µm
_04345_,13.68µm
_04692_,13.68µm
net1460,13.68µm
net1984,13.68µm
net2327,13.68µm
_01873_,13.66µm
_05548_,13.655µm
_05614_,13.65µm
u_picorv32.picorv32_core.cpuregs\[4\]\[29\],13.65µm
_01579_,13.64µm
_02186_,13.63µm
_01688_,13.62µm
_01894_,13.58µm
_00036_,13.57µm
_00602_,13.57µm
_00944_,13.57µm
_01475_,13.57µm
_03665_,13.57µm
_04916_,13.57µm
net1887,13.57µm
net2086,13.57µm
net2174,13.57µm
net2328,13.57µm
net2510,13.57µm
net2716,13.57µm
net2785,13.57µm
net2887,13.57µm
net3015,13.57µm
_05761_,13.56µm
net2583,13.56µm
_05874_,13.54µm
_01626_,13.51µm
_01790_,13.51µm
_02494_,13.495µm
_02573_,13.495µm
_01564_,13.47µm
_01646_,13.47µm
_03713_,13.47µm
net1614,13.47µm
_00245_,13.45µm
_00333_,13.45µm
_01880_,13.45µm
_05766_,13.45µm
u_picorv32.pcpi_rs1\[8\],13.45µm
_02725_,13.44µm
_04758_,13.44µm
_04839_,13.44µm
_05165_,13.44µm
_05290_,13.44µm
_01725_,13.415µm
mem_axi_rdata[12],13.4µm
mem_axi_rdata[21],13.4µm
mem_axi_rdata[30],13.4µm
mem_axi_rdata[3],13.4µm
mem_axi_rdata[5],13.4µm
_00613_,13.39µm
_01266_,13.39µm
_02009_,13.39µm
_02634_,13.39µm
_01318_,13.38µm
_01877_,13.38µm
_05444_,13.38µm
_03343_,13.375µm
net2430,13.365µm
_01158_,13.33µm
_02724_,13.33µm
_02779_,13.33µm
_03547_,13.33µm
_04149_,13.33µm
_05520_,13.33µm
u_picorv32.picorv32_core.alu_out\[5\],13.33µm
_01321_,13.32µm
_05939_,13.32µm
net1498,13.32µm
net2152,13.32µm
_04338_,13.305µm
_05439_,13.3µm
_00669_,13.29µm
_01792_,13.275µm
_00143_,13.27µm
_00570_,13.27µm
_00908_,13.27µm
_02580_,13.27µm
_02814_,13.27µm
_06015_,13.27µm
_01061_,13.26µm
_03140_,13.26µm
_00123_,13.23µm
_03868_,13.22µm
_03015_,13.21µm
_04329_,13.21µm
_04356_,13.21µm
_05781_,13.21µm
net2412,13.21µm
net2770,13.21µm
_01076_,13.2µm
_01433_,13.2µm
_01914_,13.2µm
_05043_,13.2µm
_05108_,13.2µm
_05118_,13.2µm
_05752_,13.2µm
net1463,13.2µm
net1475,13.2µm
net1517,13.2µm
net1620,13.2µm
net1628,13.2µm
net1640,13.2µm
net1743,13.2µm
net1748,13.2µm
net1762,13.2µm
net1794,13.2µm
net1820,13.2µm
net1833,13.2µm
net1858,13.2µm
net1959,13.2µm
net2056,13.2µm
net2082,13.2µm
net2083,13.2µm
net2097,13.2µm
net2099,13.2µm
net2172,13.2µm
net2215,13.2µm
net2269,13.2µm
net2341,13.2µm
net2361,13.2µm
net2413,13.2µm
net2447,13.2µm
_01162_,13.185µm
_00696_,13.18µm
_04767_,13.175µm
_05772_,13.16µm
_05261_,13.14µm
u_picorv32.picorv32_core.cpuregs\[0\]\[17\],13.135µm
_01816_,13.11µm
_05790_,13.1µm
_05947_,13.1µm
net1875,13.1µm
_00418_,13.09µm
_00812_,13.09µm
_01045_,13.09µm
_03409_,13.09µm
net2222,13.09µm
_01954_,13.08µm
net1687,13.08µm
_01890_,13.04µm
_02069_,13.04µm
_03369_,13.035µm
_04334_,13.035µm
_00141_,13.03µm
_01164_,13.02µm
_02605_,13.02µm
_04572_,13.02µm
net3178,13.02µm
_06014_,13µm
_00823_,12.99µm
_00453_,12.97µm
_02528_,12.97µm
_02545_,12.97µm
_03003_,12.97µm
_04303_,12.97µm
_04306_,12.97µm
_05083_,12.97µm
_05574_,12.97µm
_05645_,12.97µm
net3175,12.97µm
_02432_,12.96µm
_03073_,12.96µm
_03582_,12.96µm
_03897_,12.96µm
_04335_,12.96µm
_04815_,12.96µm
_04965_,12.96µm
_05315_,12.96µm
_05684_,12.96µm
net3137,12.96µm
_02948_,12.955µm
_00212_,12.91µm
_04756_,12.91µm
_05519_,12.91µm
_00598_,12.9µm
_03654_,12.9µm
u_picorv32.pcpi_rs1\[28\],12.895µm
_05949_,12.88µm
_04279_,12.875µm
_05077_,12.87µm
net1494,12.86µm
_00733_,12.85µm
_02527_,12.85µm
_02659_,12.85µm
_04580_,12.85µm
_04962_,12.85µm
_05437_,12.85µm
_05960_,12.85µm
net1711,12.85µm
net2132,12.85µm
_03751_,12.84µm
net1738,12.84µm
net2053,12.84µm
net2105,12.84µm
net2386,12.84µm
net2497,12.84µm
u_picorv32.picorv32_core.alu_out_q\[2\],12.835µm
_03407_,12.82µm
_03958_,12.82µm
_03608_,12.79µm
_03621_,12.79µm
_03710_,12.79µm
_03681_,12.78µm
_03711_,12.78µm
_04234_,12.78µm
_04782_,12.78µm
_05468_,12.78µm
_02839_,12.76µm
_01103_,12.75µm
net2069,12.74µm
_01536_,12.73µm
_02119_,12.73µm
_04482_,12.73µm
_04817_,12.73µm
_04857_,12.73µm
_05464_,12.73µm
net2368,12.73µm
net2783,12.73µm
net2862,12.73µm
_00957_,12.72µm
_01092_,12.72µm
_01093_,12.72µm
_03039_,12.72µm
_04064_,12.72µm
_04145_,12.72µm
_04227_,12.72µm
_04949_,12.72µm
net1528,12.72µm
net2147,12.72µm
net2384,12.72µm
net2411,12.72µm
net2553,12.72µm
net2863,12.72µm
net3037,12.72µm
u_picorv32.picorv32_core.reg_next_pc\[9\],12.69µm
_01302_,12.68µm
_04180_,12.67µm
_05342_,12.67µm
_02099_,12.66µm
_02863_,12.66µm
_00195_,12.61µm
_00236_,12.61µm
_00374_,12.61µm
_00459_,12.61µm
_00547_,12.61µm
_00643_,12.61µm
_00830_,12.61µm
_00959_,12.61µm
_01003_,12.61µm
_01013_,12.61µm
_01048_,12.61µm
_01052_,12.61µm
_01102_,12.61µm
_02945_,12.61µm
_05000_,12.61µm
net1459,12.61µm
net2018,12.61µm
net2642,12.61µm
_03756_,12.6µm
_04968_,12.585µm
_01883_,12.57µm
mem_axi_rdata[17],12.56µm
mem_axi_rdata[19],12.56µm
mem_axi_rdata[1],12.56µm
mem_axi_rdata[26],12.56µm
mem_axi_rdata[28],12.56µm
mem_axi_rdata[8],12.56µm
_03474_,12.555µm
_05625_,12.52µm
_00051_,12.49µm
_00148_,12.49µm
_01976_,12.49µm
_04601_,12.49µm
_04770_,12.49µm
_04872_,12.49µm
u_picorv32.picorv32_core.alu_out\[10\],12.49µm
net3042,12.49µm
net3110,12.49µm
_00095_,12.48µm
_00101_,12.48µm
_02097_,12.48µm
_03727_,12.48µm
_04336_,12.48µm
_02219_,12.47µm
_05917_,12.455µm
_00334_,12.43µm
_00942_,12.43µm
_03447_,12.43µm
_04098_,12.43µm
_04249_,12.43µm
_04944_,12.43µm
net69,12.43µm
_00205_,12.42µm
_01570_,12.42µm
_04005_,12.42µm
_04439_,12.42µm
_04579_,12.42µm
_04654_,12.42µm
_00458_,12.37µm
_02319_,12.37µm
_02645_,12.37µm
_05062_,12.37µm
_05270_,12.37µm
net2138,12.37µm
net2406,12.37µm
_02608_,12.36µm
_03184_,12.36µm
_04215_,12.36µm
_05404_,12.36µm
net1471,12.36µm
net1472,12.36µm
net1578,12.36µm
net1585,12.36µm
net1637,12.36µm
net1840,12.36µm
net1905,12.36µm
net1931,12.36µm
net1994,12.36µm
net2011,12.36µm
net2116,12.36µm
net2197,12.36µm
net2299,12.36µm
net2397,12.36µm
net2750,12.36µm
net2906,12.36µm
net2989,12.36µm
_01799_,12.355µm
_03509_,12.355µm
_00824_,12.31µm
_04362_,12.31µm
_05489_,12.31µm
_04576_,12.3µm
_05206_,12.3µm
_02833_,12.28µm
u_picorv32.picorv32_core.cpuregs\[28\]\[31\],12.27µm
_04469_,12.265µm
_00015_,12.26µm
_01326_,12.25µm
_01702_,12.25µm
_01840_,12.25µm
_02044_,12.25µm
_03541_,12.25µm
_05041_,12.25µm
_05513_,12.25µm
_05542_,12.25µm
_05678_,12.25µm
_05775_,12.25µm
_00129_,12.24µm
_00516_,12.24µm
_00695_,12.24µm
_02365_,12.24µm
_03390_,12.24µm
_03814_,12.24µm
_04077_,12.24µm
_05011_,12.24µm
_05903_,12.24µm
net2057,12.24µm
net2148,12.24µm
net2179,12.24µm
net2444,12.24µm
net2491,12.24µm
net2813,12.24µm
_03629_,12.235µm
_02012_,12.225µm
_04291_,12.225µm
_01625_,12.2µm
_04408_,12.19µm
_05016_,12.19µm
_02218_,12.18µm
_05598_,12.17µm
_03425_,12.145µm
u_picorv32.picorv32_core.reg_out\[14\],12.145µm
_00177_,12.13µm
_00754_,12.13µm
_01709_,12.13µm
_02033_,12.13µm
_03077_,12.13µm
_01759_,12.125µm
_00430_,12.12µm
_00432_,12.07µm
_02543_,12.07µm
_01127_,12.06µm
_01154_,12.06µm
_03488_,12.06µm
_04078_,12.06µm
_04337_,12.06µm
_04818_,12.06µm
_05701_,12.06µm
_01925_,12.045µm
_03939_,12.045µm
_04183_,12.045µm
_04556_,12.04µm
net2199,12.03µm
_00156_,12.01µm
_00831_,12.01µm
_01110_,12.01µm
_02731_,12.01µm
_03044_,12.01µm
_03987_,12.01µm
_02299_,12µm
_04027_,12µm
_04123_,12µm
_04441_,12µm
_05994_,12µm
_01815_,11.98µm
_04830_,11.965µm
_03940_,11.955µm
_02114_,11.95µm
_02549_,11.95µm
_03482_,11.95µm
_04500_,11.95µm
_04515_,11.95µm
_04559_,11.95µm
net1,11.95µm
u_picorv32.pcpi_rs1\[26\],11.95µm
net3111,11.95µm
net3151,11.95µm
_05367_,11.94µm
_05770_,11.94µm
_01719_,11.935µm
_03805_,11.935µm
_01738_,11.915µm
_02476_,11.89µm
_03959_,11.89µm
_04757_,11.89µm
net2473,11.89µm
net2966,11.89µm
net2990,11.89µm
u_picorv32.pcpi_rs1\[20\],11.89µm
_03942_,11.88µm
_04276_,11.88µm
net2102,11.88µm
net2213,11.88µm
_03611_,11.87µm
_03576_,11.865µm
_00454_,11.83µm
_00709_,11.83µm
_00758_,11.83µm
_00971_,11.83µm
_01108_,11.83µm
_05815_,11.83µm
_00730_,11.82µm
_01098_,11.82µm
_04125_,11.82µm
_03285_,11.785µm
_02296_,11.78µm
_05454_,11.775µm
_02701_,11.77µm
_03658_,11.77µm
_03792_,11.77µm
_04076_,11.77µm
_04847_,11.77µm
net2988,11.77µm
u_picorv32.picorv32_core.reg_next_pc\[16\],11.77µm
u_picorv32.picorv32_core.reg_out\[20\],11.77µm
_00130_,11.76µm
_00422_,11.76µm
_00508_,11.76µm
_00798_,11.76µm
_02066_,11.76µm
_03830_,11.76µm
_03889_,11.76µm
_05689_,11.76µm
net2115,11.76µm
net2166,11.76µm
_04658_,11.745µm
_02730_,11.73µm
_03678_,11.73µm
mem_axi_bvalid,11.72µm
mem_axi_rdata[22],11.72µm
mem_axi_rdata[24],11.72µm
mem_axi_rdata[31],11.72µm
mem_axi_rdata[4],11.72µm
mem_axi_rdata[6],11.72µm
_04386_,11.71µm
_04550_,11.71µm
_04623_,11.71µm
_05555_,11.71µm
_00184_,11.7µm
_00878_,11.7µm
_01664_,11.695µm
_04264_,11.67µm
_01768_,11.665µm
_01649_,11.66µm
_03568_,11.65µm
_03821_,11.65µm
_05556_,11.65µm
net1689,11.65µm
net1957,11.65µm
_04814_,11.64µm
_00637_,11.625µm
_04000_,11.605µm
_04044_,11.595µm
_01849_,11.59µm
_01866_,11.58µm
_02271_,11.58µm
_02583_,11.58µm
_05720_,11.58µm
u_picorv32.picorv32_core.alu_out_q\[25\],11.58µm
_05679_,11.55µm
net3124,11.535µm
_00043_,11.53µm
_00167_,11.53µm
_00979_,11.53µm
_00980_,11.53µm
_05875_,11.53µm
u_picorv32.pcpi_rs1\[0\],11.53µm
net3113,11.53µm
_02083_,11.52µm
_03969_,11.52µm
_04049_,11.52µm
net1862,11.52µm
net1443,11.52µm
_04113_,11.505µm
_00052_,11.47µm
_00294_,11.47µm
_00780_,11.47µm
_01153_,11.47µm
_01481_,11.47µm
_01606_,11.47µm
_02741_,11.47µm
_03783_,11.47µm
_04156_,11.47µm
_04364_,11.47µm
_05723_,11.47µm
_05936_,11.47µm
net3107,11.47µm
_01950_,11.46µm
_02215_,11.46µm
_02530_,11.46µm
_04446_,11.46µm
_04739_,11.46µm
_04997_,11.46µm
_05374_,11.46µm
u_picorv32.picorv32_core.latched_store,11.46µm
_05803_,11.455µm
_01611_,11.435µm
_00479_,11.41µm
_01145_,11.41µm
_01964_,11.41µm
_03199_,11.41µm
_03846_,11.41µm
_04035_,11.41µm
_04132_,11.41µm
_04593_,11.41µm
_04703_,11.41µm
_04942_,11.41µm
net1741,11.41µm
net2225,11.41µm
net2883,11.41µm
u_picorv32.picorv32_core.instr_rdcycle,11.41µm
_00045_,11.4µm
_01242_,11.4µm
_01467_,11.4µm
_02293_,11.4µm
_02610_,11.4µm
_03115_,11.4µm
_03566_,11.4µm
_03597_,11.4µm
_04009_,11.4µm
_04581_,11.4µm
net2114,11.4µm
net2137,11.4µm
_03136_,11.37µm
_03764_,11.36µm
_02063_,11.355µm
_00325_,11.35µm
_00379_,11.35µm
_00396_,11.35µm
_01348_,11.35µm
_01361_,11.35µm
_01482_,11.35µm
_01666_,11.35µm
_03043_,11.35µm
_01192_,11.34µm
_04311_,11.34µm
_05324_,11.34µm
_01686_,11.335µm
_04719_,11.335µm
net1821,11.32µm
_02152_,11.315µm
_04917_,11.31µm
_01574_,11.3µm
_02923_,11.3µm
_02007_,11.29µm
_03531_,11.29µm
_04866_,11.29µm
_05167_,11.29µm
_05801_,11.29µm
net1662,11.29µm
net2189,11.29µm
_00297_,11.28µm
_00566_,11.28µm
_02881_,11.28µm
_04131_,11.28µm
_04161_,11.28µm
net1466,11.28µm
net1571,11.28µm
net1625,11.28µm
net2260,11.28µm
net2319,11.28µm
net2356,11.28µm
_02607_,11.275µm
_05888_,11.275µm
_04578_,11.24µm
_03776_,11.23µm
_04940_,11.23µm
_05084_,11.23µm
_05647_,11.23µm
_02107_,11.185µm
_04357_,11.185µm
_04381_,11.185µm
_02146_,11.18µm
_02886_,11.17µm
_05648_,11.17µm
_05924_,11.17µm
net1724,11.17µm
net1975,11.17µm
net3034,11.17µm
_00401_,11.16µm
_00767_,11.16µm
_03092_,11.16µm
_04150_,11.16µm
_04427_,11.16µm
_05393_,11.16µm
_04226_,11.145µm
_04110_,11.12µm
_04743_,11.12µm
_03556_,11.115µm
_00034_,11.11µm
_01533_,11.11µm
_00974_,11.1µm
_01652_,11.1µm
_01825_,11.1µm
_02497_,11.1µm
_03196_,11.1µm
_01119_,11.085µm
_02232_,11.065µm
_03675_,11.06µm
_00810_,11.05µm
_00928_,11.05µm
_00992_,11.05µm
_03344_,11.05µm
_03345_,11.05µm
_03506_,11.05µm
_04128_,11.05µm
u_picorv32.picorv32_core.alu_out_q\[29\],11.05µm
net3132,11.05µm
_01131_,11.04µm
_01841_,11.04µm
_01986_,11.04µm
_02774_,11.04µm
_03352_,11.04µm
_03717_,11.04µm
_04055_,11.04µm
_04126_,11.04µm
_04282_,11.04µm
_04675_,11.04µm
_04992_,11.04µm
_05013_,11.04µm
_05028_,11.04µm
_05051_,11.04µm
_05131_,11.04µm
_05388_,11.04µm
_05910_,11.04µm
net1911,11.04µm
net1965,11.04µm
net2171,11.04µm
net2191,11.04µm
net2762,11.04µm
_03454_,11.025µm
_03472_,11.025µm
_02233_,11.02µm
net3005,11.02µm
_00042_,10.99µm
_00113_,10.99µm
_00503_,10.99µm
_00930_,10.99µm
_00953_,10.99µm
_01314_,10.99µm
_01421_,10.99µm
_02257_,10.99µm
_02602_,10.99µm
_04079_,10.99µm
_05508_,10.99µm
_05529_,10.99µm
_05742_,10.99µm
_05845_,10.99µm
net73,10.99µm
net78,10.99µm
_01830_,10.98µm
_03008_,10.98µm
_03834_,10.98µm
_04057_,10.98µm
_05709_,10.98µm
_05627_,10.96µm
net1919,10.96µm
_01837_,10.955µm
_03142_,10.95µm
_01105_,10.93µm
_01364_,10.93µm
_03753_,10.93µm
_04498_,10.93µm
net1843,10.93µm
net1948,10.93µm
net2337,10.93µm
_01478_,10.92µm
_03189_,10.92µm
_03238_,10.92µm
net1617,10.92µm
net1728,10.92µm
net2226,10.92µm
u_picorv32.picorv32_core.reg_out\[22\],10.92µm
net3163,10.915µm
_01871_,10.905µm
_03916_,10.905µm
_02292_,10.885µm
_05375_,10.885µm
_01680_,10.88µm
mem_axi_rdata[0],10.88µm
mem_axi_rdata[11],10.88µm
mem_axi_rdata[15],10.88µm
mem_axi_rdata[18],10.88µm
mem_axi_rdata[20],10.88µm
mem_axi_rdata[27],10.88µm
mem_axi_rdata[29],10.88µm
mem_axi_rdata[2],10.88µm
mem_axi_rdata[9],10.88µm
_00308_,10.87µm
_00320_,10.87µm
_00356_,10.87µm
_00398_,10.87µm
_00845_,10.87µm
_00956_,10.87µm
_01129_,10.87µm
_01337_,10.87µm
_01636_,10.87µm
_03025_,10.87µm
_03843_,10.86µm
_05767_,10.86µm
_03473_,10.85µm
_05608_,10.825µm
_01642_,10.82µm
_03110_,10.82µm
net2926,10.82µm
_01310_,10.81µm
_01605_,10.81µm
_03149_,10.81µm
_03255_,10.81µm
_04016_,10.81µm
_04406_,10.81µm
_04415_,10.81µm
net1596,10.81µm
net1759,10.81µm
net2021,10.81µm
net2059,10.81µm
net2161,10.81µm
net2391,10.81µm
_00186_,10.8µm
_00417_,10.8µm
_00773_,10.8µm
_00916_,10.8µm
_00973_,10.8µm
_03880_,10.8µm
_04403_,10.8µm
_04854_,10.8µm
net1565,10.8µm
net1616,10.8µm
net1832,10.8µm
net1880,10.8µm
net2209,10.8µm
net2333,10.8µm
net2643,10.8µm
net2666,10.8µm
_02876_,10.78µm
_04240_,10.75µm
_04725_,10.75µm
_04827_,10.75µm
_05199_,10.75µm
_04093_,10.745µm
_02428_,10.74µm
_01762_,10.735µm
_05414_,10.735µm
_02899_,10.725µm
_02445_,10.715µm
_02889_,10.7µm
_04829_,10.69µm
net2532,10.69µm
net2564,10.69µm
_00464_,10.68µm
_01824_,10.68µm
_04221_,10.68µm
u_picorv32.picorv32_core.count_cycle\[7\],10.68µm
_02343_,10.665µm
_03457_,10.665µm
_00037_,10.63µm
_01159_,10.63µm
_01177_,10.63µm
_01411_,10.63µm
_05572_,10.625µm
_00017_,10.62µm
_00366_,10.62µm
_02015_,10.62µm
_05371_,10.62µm
net2291,10.62µm
_02416_,10.605µm
net2062,10.605µm
_05410_,10.6µm
_02922_,10.59µm
_03186_,10.59µm
_00127_,10.57µm
_00348_,10.57µm
_00630_,10.57µm
_00774_,10.57µm
_01073_,10.57µm
_01160_,10.57µm
_01404_,10.57µm
_02705_,10.57µm
_03074_,10.57µm
_03458_,10.57µm
_03999_,10.57µm
_04599_,10.57µm
_05127_,10.57µm
_05869_,10.57µm
net75,10.57µm
net85,10.57µm
net3140,10.57µm
_04108_,10.565µm
_01370_,10.56µm
_01692_,10.56µm
_02538_,10.56µm
_02676_,10.56µm
_03011_,10.56µm
_03213_,10.56µm
_03301_,10.56µm
_03767_,10.56µm
_04238_,10.56µm
_04726_,10.56µm
_05785_,10.56µm
net1712,10.56µm
net2220,10.56µm
net2436,10.56µm
net3053,10.56µm
_00211_,10.51µm
_00569_,10.51µm
_00581_,10.51µm
_00625_,10.51µm
_00913_,10.51µm
_00966_,10.51µm
_00985_,10.51µm
_02397_,10.51µm
_03160_,10.51µm
_03190_,10.51µm
_03222_,10.51µm
_03715_,10.51µm
_03933_,10.51µm
_05954_,10.51µm
net3148,10.51µm
_03477_,10.5µm
_04693_,10.5µm
_05394_,10.5µm
_05506_,10.5µm
_02041_,10.48µm
_03399_,10.455µm
_01248_,10.45µm
_01608_,10.45µm
_03193_,10.45µm
_04591_,10.45µm
_05887_,10.45µm
net1664,10.45µm
net1870,10.45µm
net1968,10.45µm
_03105_,10.44µm
net2824,10.44µm
_04571_,10.435µm
_04990_,10.435µm
_03655_,10.43µm
_04702_,10.415µm
mem_axi_arready,10.41µm
mem_axi_rdata[10],10.41µm
mem_axi_rdata[14],10.41µm
mem_axi_rdata[23],10.41µm
mem_axi_rdata[25],10.41µm
mem_axi_rdata[7],10.41µm
mem_axi_rvalid,10.41µm
net2003,10.405µm
_00447_,10.39µm
_00549_,10.39µm
_00560_,10.39µm
_00620_,10.39µm
_00814_,10.39µm
_00914_,10.39µm
_01464_,10.39µm
_01525_,10.39µm
_04136_,10.39µm
_05951_,10.39µm
_00934_,10.35µm
_04188_,10.34µm
_05657_,10.34µm
net3134,10.34µm
_01600_,10.33µm
_02162_,10.33µm
_02342_,10.33µm
_03561_,10.33µm
_04841_,10.33µm
_05711_,10.33µm
net1916,10.33µm
net2136,10.33µm
net2151,10.33µm
net2206,10.33µm
net2835,10.33µm
_03211_,10.325µm
_00206_,10.32µm
_00220_,10.32µm
_00666_,10.32µm
_00712_,10.32µm
_00723_,10.32µm
_00965_,10.32µm
_01027_,10.32µm
_01079_,10.32µm
_01121_,10.32µm
_01257_,10.32µm
_02317_,10.32µm
_02469_,10.32µm
_02585_,10.32µm
_03923_,10.32µm
_04203_,10.32µm
_04574_,10.32µm
_05744_,10.32µm
net1458,10.32µm
net1487,10.32µm
net1545,10.32µm
net1682,10.32µm
net1729,10.32µm
net1902,10.32µm
net1993,10.32µm
net2020,10.32µm
net2157,10.32µm
net2249,10.32µm
net2250,10.32µm
net2320,10.32µm
net2321,10.32µm
net2345,10.32µm
net2385,10.32µm
net2594,10.32µm
net2611,10.32µm
_03535_,10.315µm
_02576_,10.29µm
_03505_,10.29µm
_01436_,10.28µm
_03512_,10.28µm
_01529_,10.27µm
_04051_,10.26µm
_05576_,10.26µm
_02579_,10.255µm
_01074_,10.245µm
_02250_,10.23µm
_01842_,10.225µm
_02500_,10.22µm
_03283_,10.22µm
_04007_,10.21µm
_04201_,10.21µm
_04565_,10.21µm
net1541,10.21µm
net1910,10.21µm
net2243,10.21µm
net2276,10.21µm
net2288,10.21µm
net2617,10.21µm
net2854,10.21µm
net2856,10.21µm
net2917,10.21µm
_00098_,10.2µm
_00662_,10.2µm
_01014_,10.2µm
_01879_,10.2µm
_02353_,10.2µm
_01030_,10.185µm
_03139_,10.185µm
_02429_,10.16µm
u_picorv32.picorv32_core.alu_out\[0\],10.15µm
_00962_,10.14µm
_02927_,10.14µm
_03641_,10.14µm
_04647_,10.14µm
_04796_,10.14µm
_05243_,10.14µm
_05389_,10.14µm
_05839_,10.14µm
_04483_,10.135µm
_03752_,10.13µm
_00698_,10.1µm
_04532_,10.1µm
_00024_,10.09µm
_00116_,10.09µm
_00159_,10.09µm
_01006_,10.09µm
_01469_,10.09µm
_02911_,10.09µm
_03294_,10.09µm
_03501_,10.09µm
_05187_,10.09µm
net3156,10.09µm
_02389_,10.08µm
_03094_,10.08µm
_04158_,10.08µm
_04518_,10.08µm
_04619_,10.08µm
_04678_,10.08µm
_04856_,10.08µm
net1597,10.08µm
net1736,10.08µm
net1871,10.08µm
net2738,10.08µm
net2986,10.08µm
net3016,10.08µm
_03291_,10.065µm
net,10.04µm
_00340_,10.03µm
_00347_,10.03µm
_00389_,10.03µm
_00728_,10.03µm
_00790_,10.03µm
_01124_,10.03µm
_01379_,10.03µm
_02417_,10.03µm
_03198_,10.03µm
_03427_,10.03µm
_03572_,10.03µm
_03956_,10.03µm
_04162_,10.03µm
_04165_,10.03µm
_04205_,10.03µm
_04267_,10.03µm
_04552_,10.03µm
_04918_,10.03µm
_05386_,10.03µm
_05451_,10.03µm
_05473_,10.03µm
_05745_,10.03µm
_05751_,10.03µm
_00355_,10.02µm
_01474_,10.02µm
_01916_,10.02µm
_03595_,10.02µm
_03884_,10.005µm
_03628_,9.99µm
_01884_,9.97µm
_02811_,9.97µm
_03347_,9.97µm
_05977_,9.97µm
net1555,9.97µm
net1708,9.97µm
net1757,9.97µm
net2124,9.97µm
net2181,9.97µm
net2245,9.97µm
net2503,9.97µm
net2650,9.97µm
net2751,9.97µm
net2946,9.97µm
_01036_,9.96µm
_02817_,9.96µm
_03027_,9.96µm
_03114_,9.96µm
_04444_,9.96µm
net2429,9.96µm
_00234_,9.94µm
_02515_,9.93µm
_03443_,9.93µm
_03977_,9.925µm
_02229_,9.92µm
_02903_,9.92µm
_04527_,9.92µm
_06008_,9.92µm
_00144_,9.91µm
_00164_,9.91µm
_00268_,9.91µm
_00324_,9.91µm
_00364_,9.91µm
_00744_,9.91µm
_00800_,9.91µm
_01021_,9.91µm
_01112_,9.91µm
_01245_,9.91µm
_01463_,9.91µm
_01480_,9.91µm
_01501_,9.91µm
_01505_,9.91µm
_01522_,9.91µm
_02656_,9.91µm
_05580_,9.91µm
net2165,9.905µm
_00054_,9.9µm
_03677_,9.9µm
_04594_,9.9µm
_04662_,9.9µm
_04820_,9.9µm
_01516_,9.89µm
net2972,9.885µm
u_picorv32.axi_adapter.ack_arvalid,9.875µm
_00160_,9.87µm
_02055_,9.86µm
net3122,9.86µm
net3133,9.86µm
net3139,9.86µm
net3141,9.86µm
_03125_,9.855µm
_00852_,9.85µm
_01420_,9.85µm
_02657_,9.85µm
_03972_,9.85µm
_03989_,9.85µm
_04034_,9.85µm
_04048_,9.85µm
_04233_,9.85µm
_04809_,9.85µm
_04821_,9.85µm
_04873_,9.85µm
_05880_,9.85µm
net1733,9.85µm
net1845,9.85µm
net1917,9.85µm
net1996,9.85µm
_00281_,9.84µm
_00555_,9.84µm
_00589_,9.84µm
_00682_,9.84µm
_00886_,9.84µm
_00989_,9.84µm
_01508_,9.84µm
_02942_,9.84µm
_03620_,9.84µm
_03944_,9.84µm
_04760_,9.84µm
_05719_,9.84µm
_05810_,9.84µm
net1462,9.84µm
net1474,9.84µm
net1483,9.84µm
net1490,9.84µm
net1531,9.84µm
net1543,9.84µm
net1583,9.84µm
net1586,9.84µm
net1632,9.84µm
net1633,9.84µm
net1713,9.84µm
net1779,9.84µm
net1787,9.84µm
net1811,9.84µm
net1823,9.84µm
net1846,9.84µm
net1868,9.84µm
net1876,9.84µm
net1881,9.84µm
net1884,9.84µm
net1889,9.84µm
net1891,9.84µm
net1896,9.84µm
net1906,9.84µm
net1913,9.84µm
net1932,9.84µm
net1940,9.84µm
net1942,9.84µm
net2024,9.84µm
net2039,9.84µm
net2084,9.84µm
net2142,9.84µm
net2170,9.84µm
net2204,9.84µm
net2221,9.84µm
net2235,9.84µm
net2295,9.84µm
net2303,9.84µm
net2306,9.84µm
net2317,9.84µm
net2329,9.84µm
net2331,9.84µm
net2344,9.84µm
net2376,9.84µm
net2383,9.84µm
net2427,9.84µm
net2435,9.84µm
net2461,9.84µm
net2504,9.84µm
net2506,9.84µm
net2512,9.84µm
net2550,9.84µm
net2590,9.84µm
net2595,9.84µm
net2697,9.84µm
net2728,9.84µm
net2778,9.84µm
net2789,9.84µm
net2809,9.84µm
net2836,9.84µm
net2838,9.84µm
net2852,9.84µm
net2881,9.84µm
net2890,9.84µm
net2967,9.84µm
net2980,9.84µm
net3036,9.84µm
net1444,9.84µm
_02483_,9.82µm
_03466_,9.805µm
_01851_,9.8µm
_01987_,9.8µm
_03307_,9.8µm
_03603_,9.8µm
_04676_,9.8µm
_05453_,9.795µm
_01527_,9.79µm
_02157_,9.79µm
_02924_,9.79µm
_03281_,9.79µm
_02641_,9.78µm
_03006_,9.775µm
_00718_,9.765µm
_01624_,9.74µm
_02316_,9.74µm
_04508_,9.74µm
_01715_,9.73µm
_04836_,9.73µm
_00194_,9.72µm
_00291_,9.72µm
_00636_,9.72µm
_04421_,9.72µm
_05467_,9.72µm
net2219,9.72µm
_04780_,9.705µm
_05830_,9.68µm
_00040_,9.67µm
_00053_,9.67µm
_00108_,9.67µm
_01260_,9.67µm
_01413_,9.67µm
_03613_,9.67µm
_00722_,9.66µm
_04040_,9.66µm
_04346_,9.66µm
_05822_,9.66µm
net1450,9.645µm
_05390_,9.625µm
_02357_,9.62µm
_00367_,9.61µm
_00474_,9.61µm
_00514_,9.61µm
_00952_,9.61µm
_01025_,9.61µm
_01306_,9.61µm
_03456_,9.61µm
_03593_,9.61µm
_03726_,9.61µm
_04467_,9.61µm
_04546_,9.61µm
_05129_,9.61µm
_05300_,9.61µm
_01290_,9.6µm
_01397_,9.6µm
_01447_,9.6µm
_02498_,9.6µm
_03265_,9.6µm
_03446_,9.6µm
_03659_,9.6µm
net1558,9.6µm
net1791,9.6µm
net2000,9.6µm
net2421,9.6µm
net2438,9.6µm
net2492,9.6µm
net2507,9.6µm
_04792_,9.585µm
_00018_,9.55µm
_00041_,9.55µm
_00341_,9.55µm
_00485_,9.55µm
_01080_,9.55µm
_01405_,9.55µm
_01512_,9.55µm
_02020_,9.55µm
_02673_,9.55µm
_03311_,9.55µm
_04262_,9.55µm
_04301_,9.55µm
_04577_,9.55µm
_05722_,9.55µm
_05739_,9.55µm
_05811_,9.55µm
net70,9.55µm
_00019_,9.54µm
_01459_,9.54µm
_01691_,9.54µm
_03273_,9.54µm
_03596_,9.54µm
_04763_,9.54µm
_04173_,9.525µm
_01009_,9.49µm
_01437_,9.49µm
_01507_,9.49µm
_02113_,9.49µm
_02344_,9.49µm
_02376_,9.49µm
_02534_,9.49µm
_02556_,9.49µm
_03138_,9.49µm
_03758_,9.49µm
_03975_,9.49µm
_03996_,9.49µm
_04686_,9.49µm
_04905_,9.49µm
net1521,9.49µm
net1737,9.49µm
net1770,9.49µm
net1803,9.49µm
net2514,9.49µm
net2559,9.49µm
net2586,9.49µm
net2652,9.49µm
net2935,9.49µm
net2982,9.49µm
net2998,9.49µm
u_picorv32.pcpi_rs1\[10\],9.49µm
_01311_,9.48µm
_01937_,9.48µm
_02513_,9.48µm
_02872_,9.48µm
_05768_,9.48µm
net1774,9.48µm
net2035,9.48µm
net2122,9.48µm
net2577,9.48µm
net2867,9.48µm
net3000,9.48µm
_04212_,9.475µm
net3157,9.475µm
net3159,9.475µm
net3165,9.475µm
net3167,9.475µm
_04834_,9.45µm
_02574_,9.44µm
_00062_,9.43µm
_00114_,9.43µm
_00278_,9.43µm
_00421_,9.43µm
_00452_,9.43µm
_00460_,9.43µm
_00538_,9.43µm
_00672_,9.43µm
_00743_,9.43µm
_00929_,9.43µm
_00939_,9.43µm
_01091_,9.43µm
_01468_,9.43µm
_01509_,9.43µm
_01521_,9.43µm
_03009_,9.43µm
_03014_,9.43µm
_03103_,9.43µm
_03117_,9.43µm
_03508_,9.43µm
_04535_,9.43µm
_01665_,9.42µm
_02362_,9.42µm
_02901_,9.42µm
_05133_,9.42µm
mem_axi_awaddr[16],9.42µm
mem_axi_awaddr[25],9.42µm
mem_axi_awaddr[7],9.42µm
mem_axi_wdata[15],9.42µm
mem_axi_wdata[24],9.42µm
mem_axi_wdata[6],9.42µm
mem_axi_wstrb[1],9.42µm
_03218_,9.415µm
_02875_,9.405µm
_04422_,9.4µm
_00796_,9.39µm
_01287_,9.38µm
_02636_,9.38µm
net3126,9.38µm
net3146,9.38µm
net3177,9.38µm
_00021_,9.37µm
_00456_,9.37µm
_00842_,9.37µm
_01382_,9.37µm
_01465_,9.37µm
_02575_,9.37µm
_03068_,9.37µm
_03243_,9.37µm
_03833_,9.37µm
_03907_,9.37µm
_04721_,9.37µm
_04816_,9.37µm
net1479,9.37µm
net1575,9.37µm
net1841,9.37µm
net1939,9.37µm
net2280,9.37µm
net2494,9.37µm
net3019,9.37µm
_00504_,9.36µm
_00706_,9.36µm
_00915_,9.36µm
_01010_,9.36µm
_03766_,9.36µm
_03985_,9.36µm
_04449_,9.36µm
_04684_,9.36µm
_04804_,9.36µm
_05100_,9.36µm
_05900_,9.36µm
net1576,9.36µm
net1731,9.36µm
net2087,9.36µm
net2123,9.36µm
net2210,9.36µm
net2241,9.36µm
net2282,9.36µm
net2407,9.36µm
net2644,9.36µm
net2839,9.36µm
_01660_,9.35µm
_04022_,9.34µm
_01169_,9.31µm
_01441_,9.31µm
_01514_,9.31µm
_01822_,9.31µm
_02496_,9.3µm
_05281_,9.3µm
_00688_,9.285µm
_03802_,9.275µm
_05641_,9.275µm
_04723_,9.27µm
_02220_,9.26µm
_02831_,9.26µm
_05577_,9.26µm
_02532_,9.255µm
_02356_,9.25µm
_05424_,9.25µm
_00119_,9.24µm
_00188_,9.24µm
_00275_,9.24µm
_00766_,9.24µm
_00917_,9.24µm
_01301_,9.24µm
_02905_,9.24µm
_03562_,9.24µm
_03660_,9.24µm
_05530_,9.24µm
net1844,9.24µm
_03127_,9.225µm
_03225_,9.21µm
_00013_,9.19µm
_01351_,9.19µm
_01466_,9.19µm
_01534_,9.19µm
_00030_,9.18µm
_02753_,9.18µm
_03798_,9.18µm
_03803_,9.18µm
_04666_,9.18µm
_04754_,9.18µm
_05035_,9.18µm
_05829_,9.18µm
_06006_,9.18µm
_02163_,9.175µm
_04629_,9.17µm
_02647_,9.165µm
_00615_,9.15µm
_00029_,9.13µm
_00066_,9.13µm
_00394_,9.13µm
_00423_,9.13µm
_00911_,9.13µm
_01721_,9.13µm
_02312_,9.13µm
_03029_,9.13µm
_03233_,9.13µm
_03290_,9.13µm
_03391_,9.13µm
_03910_,9.13µm
_03921_,9.13µm
_04474_,9.13µm
_04476_,9.13µm
_04607_,9.13µm
_05673_,9.13µm
_01345_,9.12µm
_02037_,9.12µm
_03171_,9.12µm
_03253_,9.12µm
_03270_,9.12µm
_03782_,9.12µm
_04596_,9.12µm
_04810_,9.12µm
_04823_,9.12µm
_04900_,9.12µm
_04904_,9.12µm
net1522,9.12µm
net1525,9.12µm
net1897,9.12µm
net2085,9.12µm
net2153,9.12µm
net2753,9.12µm
net2823,9.12µm
net2901,9.12µm
_04485_,9.11µm
_03702_,9.105µm
_05178_,9.105µm
_05504_,9.09µm
net2177,9.075µm
_00109_,9.07µm
_00112_,9.07µm
_00373_,9.07µm
_00462_,9.07µm
_00465_,9.07µm
_00635_,9.07µm
_00645_,9.07µm
_01471_,9.07µm
_01506_,9.07µm
_01619_,9.07µm
_01819_,9.07µm
_02120_,9.07µm
_02200_,9.07µm
_02320_,9.07µm
_02391_,9.07µm
_03299_,9.07µm
_03879_,9.07µm
_04371_,9.07µm
_04779_,9.07µm
_05940_,9.07µm
u_picorv32.picorv32_core.instr_auipc,9.07µm
_03769_,9.06µm
_04177_,9.06µm
net2205,9.045µm
_00818_,9.01µm
_01246_,9.01µm
_01263_,9.01µm
_03735_,9.01µm
_05979_,9.01µm
_06005_,9.01µm
net1492,9.01µm
net1661,9.01µm
net2005,9.01µm
net2029,9.01µm
net2339,9.01µm
net2409,9.01µm
net2428,9.01µm
net2450,9.01µm
_02850_,9µm
_03708_,9µm
_04794_,9µm
_05762_,9µm
net1550,9µm
net1607,9µm
net2140,9µm
net2357,9µm
net2574,9µm
net2815,9µm
mem_axi_awaddr[14],9µm
mem_axi_awaddr[23],9µm
mem_axi_awaddr[5],9µm
mem_axi_awvalid,9µm
mem_axi_wdata[13],9µm
mem_axi_wdata[22],9µm
mem_axi_wdata[31],9µm
mem_axi_wdata[4],9µm
_02145_,8.995µm
_03445_,8.995µm
_03952_,8.995µm
_04367_,8.995µm
_05185_,8.995µm
_01621_,8.98µm
net2354,8.97µm
_01601_,8.96µm
u_picorv32.picorv32_core.instr_add,8.96µm
_00318_,8.955µm
_00327_,8.95µm
_00336_,8.95µm
_00368_,8.95µm
_00482_,8.95µm
_00483_,8.95µm
_00495_,8.95µm
_00497_,8.95µm
_00509_,8.95µm
_00634_,8.95µm
_00799_,8.95µm
_00805_,8.95µm
_00807_,8.95µm
_00835_,8.95µm
_00895_,8.95µm
_01000_,8.95µm
_01055_,8.95µm
_01062_,8.95µm
_01066_,8.95µm
_01094_,8.95µm
_01104_,8.95µm
_01182_,8.95µm
_03873_,8.95µm
_02211_,8.94µm
_05547_,8.94µm
_05892_,8.935µm
_00732_,8.91µm
_01610_,8.91µm
_05836_,8.91µm
_03625_,8.9µm
net3114,8.9µm
net3115,8.9µm
net3116,8.9µm
net3120,8.9µm
net3127,8.9µm
net3142,8.9µm
net3160,8.9µm
net3168,8.9µm
_01363_,8.895µm
_00149_,8.89µm
_00208_,8.89µm
_00611_,8.89µm
_01440_,8.89µm
_01699_,8.89µm
_01707_,8.89µm
_02529_,8.89µm
_03536_,8.89µm
_03915_,8.89µm
_03953_,8.89µm
_04407_,8.89µm
_04545_,8.89µm
_04695_,8.89µm
_05570_,8.89µm
net1657,8.89µm
net1753,8.89µm
net1764,8.89µm
net1837,8.89µm
net1945,8.89µm
net2300,8.89µm
net2330,8.89µm
net2336,8.89µm
net2365,8.89µm
net2377,8.89µm
net2842,8.89µm
_00225_,8.88µm
_01051_,8.88µm
_01101_,8.88µm
_01439_,8.88µm
_01826_,8.88µm
_01982_,8.88µm
_03277_,8.88µm
_04174_,8.88µm
_04211_,8.88µm
_04611_,8.88µm
_05610_,8.88µm
net1509,8.88µm
net1513,8.88µm
net1514,8.88µm
net1941,8.88µm
net2019,8.88µm
net2079,8.88µm
net2471,8.88µm
net2846,8.88µm
net2932,8.88µm
net2949,8.88µm
_04116_,8.865µm
_00063_,8.83µm
_03328_,8.83µm
_04086_,8.83µm
_04659_,8.83µm
_04746_,8.83µm
net2149,8.79µm
mem_axi_araddr[13],8.78µm
mem_axi_araddr[22],8.78µm
mem_axi_araddr[31],8.78µm
mem_axi_araddr[4],8.78µm
_02176_,8.77µm
_04223_,8.77µm
_01888_,8.76µm
_01992_,8.76µm
_03298_,8.76µm
_03712_,8.745µm
_04370_,8.745µm
_04844_,8.74µm
_05915_,8.74µm
_02400_,8.73µm
_01167_,8.71µm
_03318_,8.71µm
_01305_,8.7µm
_01519_,8.7µm
_03674_,8.7µm
_04140_,8.7µm
_04323_,8.7µm
_04622_,8.7µm
_05621_,8.7µm
_06000_,8.7µm
_03209_,8.655µm
_00131_,8.65µm
_00311_,8.65µm
_00427_,8.65µm
_01070_,8.65µm
_01350_,8.65µm
_02241_,8.65µm
_02461_,8.65µm
_02593_,8.65µm
_03300_,8.65µm
_03310_,8.65µm
_03491_,8.65µm
_03644_,8.65µm
_03788_,8.65µm
_04455_,8.65µm
_05559_,8.65µm
_05990_,8.65µm
u_picorv32.picorv32_core.alu_out_q\[13\],8.65µm
_01391_,8.64µm
_02049_,8.64µm
_04326_,8.64µm
_04414_,8.64µm
_04845_,8.64µm
_05268_,8.64µm
_05727_,8.64µm
_05819_,8.64µm
_05921_,8.64µm
net1529,8.64µm
net1683,8.64µm
net1697,8.64µm
net1867,8.64µm
net2109,8.64µm
net2131,8.64µm
net2173,8.64µm
net2242,8.64µm
net2273,8.64µm
net2294,8.64µm
net2350,8.64µm
net2419,8.64µm
net2476,8.64µm
net2565,8.64µm
net2681,8.64µm
_00665_,8.625µm
_04217_,8.615µm
_04771_,8.615µm
_00049_,8.59µm
_00096_,8.59µm
_00293_,8.59µm
_00343_,8.59µm
_00469_,8.59µm
_00691_,8.59µm
_00872_,8.59µm
_01176_,8.59µm
_01272_,8.59µm
_01510_,8.59µm
_01582_,8.59µm
_03174_,8.59µm
_04133_,8.59µm
_04490_,8.59µm
_04492_,8.59µm
_04501_,8.59µm
_04600_,8.59µm
_05792_,8.59µm
net80,8.59µm
u_picorv32.picorv32_core.alu_out_q\[16\],8.59µm
u_picorv32.picorv32_core.instr_jal,8.59µm
_00199_,8.58µm
_00345_,8.58µm
_00519_,8.58µm
_00619_,8.58µm
_00745_,8.58µm
_00765_,8.58µm
_00949_,8.58µm
_01171_,8.58µm
_01659_,8.58µm
_03598_,8.58µm
_03775_,8.58µm
_05864_,8.58µm
mem_axi_awaddr[12],8.58µm
mem_axi_awaddr[21],8.58µm
mem_axi_awaddr[30],8.58µm
mem_axi_awaddr[3],8.58µm
mem_axi_wdata[11],8.58µm
mem_axi_wdata[20],8.58µm
mem_axi_wdata[29],8.58µm
mem_axi_wdata[2],8.58µm
net2418,8.575µm
net2310,8.565µm
_00759_,8.53µm
_01046_,8.53µm
_01523_,8.53µm
_01634_,8.53µm
_02844_,8.53µm
_03367_,8.53µm
_03750_,8.53µm
_04351_,8.53µm
_04437_,8.53µm
net1473,8.53µm
net1523,8.53µm
net1819,8.53µm
net2159,8.53µm
net2163,8.53µm
net2202,8.53µm
net2237,8.53µm
net2311,8.53µm
net2399,8.53µm
net2417,8.53µm
net2420,8.53µm
net2446,8.53µm
net2579,8.53µm
net2610,8.53µm
net2640,8.53µm
net2730,8.53µm
net2777,8.53µm
net2840,8.53µm
net2891,8.53µm
net3022,8.53µm
_00352_,8.52µm
_00978_,8.52µm
_01212_,8.52µm
_01876_,8.52µm
_04011_,8.52µm
_04463_,8.52µm
_05465_,8.52µm
_05750_,8.52µm
_05996_,8.52µm
net1499,8.52µm
net1572,8.52µm
net1611,8.52µm
net1701,8.52µm
net1789,8.52µm
net1925,8.52µm
net1966,8.52µm
net1998,8.52µm
net2178,8.52µm
net2262,8.52µm
net2871,8.52µm
net2912,8.52µm
net2971,8.52µm
u_picorv32.pcpi_rs1\[11\],8.52µm
_03525_,8.515µm
_04307_,8.515µm
_04409_,8.515µm
net86,8.515µm
net3152,8.515µm
_00752_,8.475µm
_00128_,8.47µm
_00150_,8.47µm
_00178_,8.47µm
_00207_,8.47µm
_00214_,8.47µm
_00237_,8.47µm
_00263_,8.47µm
_00337_,8.47µm
_00338_,8.47µm
_00346_,8.47µm
_00378_,8.47µm
_00395_,8.47µm
_00477_,8.47µm
_00490_,8.47µm
_00499_,8.47µm
_00501_,8.47µm
_00531_,8.47µm
_00550_,8.47µm
_00610_,8.47µm
_00626_,8.47µm
_00648_,8.47µm
_00678_,8.47µm
_00735_,8.47µm
_00739_,8.47µm
_00756_,8.47µm
_00763_,8.47µm
_00809_,8.47µm
_00937_,8.47µm
_00988_,8.47µm
_01004_,8.47µm
_01012_,8.47µm
_01017_,8.47µm
_01065_,8.47µm
_01086_,8.47µm
_01367_,8.47µm
_01434_,8.47µm
_01483_,8.47µm
_01520_,8.47µm
_02555_,8.47µm
_02187_,8.46µm
_04008_,8.46µm
_03894_,8.44µm
_03909_,8.43µm
_03187_,8.42µm
_03487_,8.42µm
_03815_,8.42µm
net3145,8.42µm
net3153,8.42µm
_00443_,8.41µm
_01930_,8.41µm
_02484_,8.41µm
_02840_,8.41µm
_03461_,8.41µm
_03469_,8.41µm
_03480_,8.41µm
_03926_,8.41µm
_05143_,8.41µm
_05476_,8.41µm
_05808_,8.41µm
net1645,8.41µm
net1693,8.41µm
net1765,8.41µm
net1971,8.41µm
net2034,8.41µm
net2040,8.41µm
net2044,8.41µm
net2093,8.41µm
net2622,8.41µm
net2804,8.41µm
net2821,8.41µm
net2837,8.41µm
_00138_,8.4µm
_01041_,8.4µm
_01235_,8.4µm
_01531_,8.4µm
_02216_,8.4µm
_03260_,8.4µm
_04002_,8.4µm
_04170_,8.4µm
_04493_,8.4µm
_04838_,8.4µm
net1506,8.4µm
net1635,8.4µm
net1923,8.4µm
_02890_,8.385µm
_03147_,8.385µm
_03757_,8.37µm
_04789_,8.37µm
_03825_,8.36µm
net1438,8.36µm
mem_axi_araddr[11],8.36µm
mem_axi_araddr[20],8.36µm
mem_axi_araddr[29],8.36µm
mem_axi_araddr[2],8.36µm
_04418_,8.355µm
_00901_,8.35µm
_02729_,8.35µm
_04807_,8.35µm
_04065_,8.345µm
_00990_,8.34µm
_01375_,8.34µm
_01401_,8.34µm
_01038_,8.325µm
_02000_,8.325µm
net3155,8.325µm
_03529_,8.31µm
_03851_,8.305µm
_04286_,8.3µm
_04745_,8.3µm
_04412_,8.29µm
_00192_,8.28µm
_00606_,8.28µm
_00671_,8.28µm
_00924_,8.28µm
_01069_,8.28µm
_01423_,8.28µm
_03195_,8.28µm
_03478_,8.28µm
_05020_,8.28µm
_02422_,8.27µm
_05426_,8.27µm
_01999_,8.24µm
_02865_,8.235µm
_00099_,8.23µm
_01398_,8.23µm
_04954_,8.23µm
_00100_,8.22µm
_00747_,8.22µm
_01965_,8.22µm
_03871_,8.22µm
_04096_,8.22µm
_04466_,8.22µm
_04505_,8.22µm
_04868_,8.22µm
_05413_,8.22µm
_05333_,8.19µm
_06009_,8.19µm
_00470_,8.175µm
_01151_,8.17µm
_01602_,8.17µm
_04004_,8.17µm
_04458_,8.17µm
_04724_,8.17µm
_05736_,8.17µm
u_picorv32.pcpi_rs1\[4\],8.17µm
_01661_,8.16µm
_02180_,8.16µm
_02499_,8.16µm
_04154_,8.16µm
_04244_,8.16µm
_04885_,8.16µm
_04898_,8.16µm
_04922_,8.16µm
_05613_,8.16µm
net1478,8.16µm
net1524,8.16µm
net1530,8.16µm
net1547,8.16µm
net1549,8.16µm
net1551,8.16µm
net1584,8.16µm
net1622,8.16µm
net1775,8.16µm
net1798,8.16µm
net1801,8.16µm
net1806,8.16µm
net1809,8.16µm
net1810,8.16µm
net1813,8.16µm
net1935,8.16µm
net1936,8.16µm
net1963,8.16µm
net1999,8.16µm
net2007,8.16µm
net2030,8.16µm
net2050,8.16µm
net2092,8.16µm
net2112,8.16µm
net2158,8.16µm
net2186,8.16µm
net2208,8.16µm
net2216,8.16µm
net2230,8.16µm
net2270,8.16µm
net2309,8.16µm
net2324,8.16µm
net2334,8.16µm
net2359,8.16µm
net2387,8.16µm
net2389,8.16µm
net2394,8.16µm
net2396,8.16µm
net2462,8.16µm
net2463,8.16µm
net2465,8.16µm
net2502,8.16µm
net2533,8.16µm
net2570,8.16µm
net2637,8.16µm
net2646,8.16µm
net2677,8.16µm
net2691,8.16µm
net2727,8.16µm
net2752,8.16µm
net2768,8.16µm
net2818,8.16µm
net2884,8.16µm
net2900,8.16µm
net2993,8.16µm
net3002,8.16µm
net1441,8.16µm
net1442,8.16µm
net1445,8.16µm
mem_axi_awaddr[10],8.16µm
mem_axi_awaddr[11],8.16µm
mem_axi_awaddr[18],8.16µm
mem_axi_awaddr[19],8.16µm
mem_axi_awaddr[28],8.16µm
mem_axi_wdata[0],8.16µm
mem_axi_wdata[18],8.16µm
mem_axi_wdata[27],8.16µm
mem_axi_wvalid,8.16µm
_01020_,8.145µm
_00027_,8.11µm
_00118_,8.11µm
_00145_,8.11µm
_00215_,8.11µm
_00216_,8.11µm
_00259_,8.11µm
_00321_,8.11µm
_00359_,8.11µm
_00371_,8.11µm
_00451_,8.11µm
_00558_,8.11µm
_00617_,8.11µm
_00627_,8.11µm
_00676_,8.11µm
_00738_,8.11µm
_00951_,8.11µm
_01016_,8.11µm
_01068_,8.11µm
_01109_,8.11µm
_01163_,8.11µm
_01175_,8.11µm
_01354_,8.11µm
_01395_,8.11µm
_01495_,8.11µm
_01524_,8.11µm
_02623_,8.11µm
_02674_,8.11µm
_03017_,8.11µm
_03634_,8.11µm
_03765_,8.11µm
_03947_,8.11µm
_04092_,8.11µm
_04759_,8.11µm
_05088_,8.11µm
u_picorv32.pcpi_rs1\[22\],8.11µm
_00255_,8.1µm
_00376_,8.1µm
_00381_,8.1µm
_00475_,8.1µm
_00540_,8.1µm
_00607_,8.1µm
_00784_,8.1µm
_00787_,8.1µm
_01001_,8.1µm
_01435_,8.1µm
_03111_,8.1µm
_04612_,8.1µm
_04616_,8.1µm
_05699_,8.1µm
net2530,8.095µm
net1978,8.085µm
net2523,8.085µm
_02475_,8.075µm
_04030_,8.06µm
_00218_,8.05µm
_01856_,8.05µm
_02883_,8.05µm
_03484_,8.05µm
_04843_,8.05µm
net1692,8.05µm
net2061,8.05µm
net2146,8.05µm
net2253,8.05µm
net2367,8.05µm
net2529,8.05µm
net2976,8.05µm
_00252_,8.04µm
_00664_,8.04µm
_00902_,8.04µm
_01140_,8.04µm
_01152_,8.04µm
_02103_,8.04µm
_02600_,8.04µm
_02930_,8.04µm
_03269_,8.04µm
_03567_,8.04µm
_03781_,8.04µm
_05753_,8.04µm
_05844_,8.04µm
net1477,8.04µm
net1589,8.04µm
net1642,8.04µm
net1669,8.04µm
net1726,8.04µm
net1873,8.04µm
net1909,8.04µm
net1927,8.04µm
net1991,8.04µm
net2047,8.04µm
net2058,8.04µm
net2414,8.04µm
net2635,8.04µm
net2683,8.04µm
net2755,8.04µm
net2793,8.04µm
net3010,8.04µm
_03630_,8.035µm
_04220_,8.035µm
_05802_,8.035µm
_05858_,8.035µm
_01827_,8.03µm
_05659_,8.03µm
_01718_,8.02µm
_05637_,8.02µm
_00065_,7.99µm
_00110_,7.99µm
_00146_,7.99µm
_00172_,7.99µm
_00319_,7.99µm
_00354_,7.99µm
_00387_,7.99µm
_00407_,7.99µm
_00449_,7.99µm
_00489_,7.99µm
_00515_,7.99µm
_00522_,7.99µm
_00526_,7.99µm
_00658_,7.99µm
_00660_,7.99µm
_00684_,7.99µm
_00757_,7.99µm
_00788_,7.99µm
_00846_,7.99µm
_00847_,7.99µm
_00880_,7.99µm
_00904_,7.99µm
_00969_,7.99µm
_00984_,7.99µm
_01049_,7.99µm
_01087_,7.99µm
_01095_,7.99µm
_01116_,7.99µm
_01424_,7.99µm
_03261_,7.99µm
_05385_,7.99µm
_01959_,7.98µm
_02856_,7.98µm
_05240_,7.98µm
_02092_,7.965µm
net1805,7.95µm
_01623_,7.94µm
_01905_,7.94µm
mem_axi_araddr[18],7.94µm
mem_axi_araddr[27],7.94µm
mem_axi_araddr[9],7.94µm
mem_axi_arprot[2],7.94µm
net3136,7.94µm
_00039_,7.93µm
_00789_,7.93µm
_01450_,7.93µm
_01791_,7.93µm
_02154_,7.93µm
_02894_,7.93µm
_03144_,7.93µm
_03848_,7.93µm
_04041_,7.93µm
_04537_,7.93µm
_04585_,7.93µm
_04638_,7.93µm
_05310_,7.93µm
_05852_,7.93µm
net1542,7.93µm
net1666,7.93µm
net1952,7.93µm
net2434,7.93µm
net2707,7.93µm
net2786,7.93µm
net2860,7.93µm
_04480_,7.92µm
net2120,7.92µm
net2164,7.92µm
net2454,7.92µm
net2799,7.92µm
_03807_,7.89µm
_02776_,7.875µm
_04637_,7.875µm
_04773_,7.875µm
_00044_,7.87µm
_04488_,7.87µm
_05018_,7.87µm
_01924_,7.86µm
_03914_,7.86µm
_01402_,7.85µm
_01899_,7.845µm
_04697_,7.845µm
_02026_,7.83µm
_02291_,7.825µm
_02478_,7.82µm
_03248_,7.81µm
_05307_,7.81µm
_00715_,7.8µm
_00779_,7.8µm
_00898_,7.8µm
_01211_,7.8µm
_01237_,7.8µm
_02916_,7.8µm
_03590_,7.8µm
_04569_,7.8µm
_05603_,7.8µm
net1626,7.8µm
net1987,7.8µm
net2316,7.8µm
net2740,7.8µm
_00543_,7.785µm
_00740_,7.785µm
_02809_,7.785µm
_04826_,7.785µm
_04271_,7.78µm
_05824_,7.78µm
net2695,7.77µm
_03206_,7.76µm
_00046_,7.75µm
_01133_,7.75µm
_01532_,7.75µm
_05291_,7.75µm
_00142_,7.74µm
_01607_,7.74µm
_02170_,7.74µm
_03052_,7.74µm
_03216_,7.74µm
_04531_,7.74µm
_04671_,7.74µm
_04835_,7.74µm
_05220_,7.74µm
_05480_,7.74µm
_05774_,7.74µm
_05937_,7.74µm
mem_axi_awaddr[17],7.74µm
mem_axi_awaddr[26],7.74µm
mem_axi_awaddr[8],7.74µm
mem_axi_wdata[16],7.74µm
mem_axi_wdata[25],7.74µm
mem_axi_wdata[7],7.74µm
mem_axi_wstrb[2],7.74µm
_02010_,7.735µm
_02128_,7.73µm
_03957_,7.725µm
_00224_,7.69µm
_00605_,7.69µm
_02860_,7.69µm
_02892_,7.69µm
_02986_,7.69µm
_03180_,7.69µm
_04106_,7.69µm
_04148_,7.69µm
_04608_,7.69µm
_05031_,7.69µm
_05376_,7.69µm
_05512_,7.69µm
_05933_,7.69µm
u_picorv32.picorv32_core.cpu_state\[1\],7.69µm
mem_axi_awaddr[15],7.69µm
mem_axi_awaddr[20],7.69µm
mem_axi_awaddr[24],7.69µm
mem_axi_awaddr[27],7.69µm
mem_axi_awaddr[29],7.69µm
mem_axi_awaddr[2],7.69µm
mem_axi_awaddr[6],7.69µm
mem_axi_awaddr[9],7.69µm
mem_axi_wdata[10],7.69µm
mem_axi_wdata[14],7.69µm
mem_axi_wdata[17],7.69µm
mem_axi_wdata[19],7.69µm
mem_axi_wdata[1],7.69µm
mem_axi_wdata[23],7.69µm
mem_axi_wdata[26],7.69µm
mem_axi_wdata[28],7.69µm
mem_axi_wdata[5],7.69µm
mem_axi_wdata[8],7.69µm
mem_axi_wstrb[0],7.69µm
mem_axi_wstrb[3],7.69µm
_01217_,7.68µm
_01297_,7.68µm
_01381_,7.68µm
_01535_,7.68µm
_01581_,7.68µm
_01633_,7.68µm
_01651_,7.68µm
_01745_,7.68µm
_02054_,7.68µm
_02477_,7.68µm
_02648_,7.68µm
_02650_,7.68µm
_02664_,7.68µm
_02743_,7.68µm
_03346_,7.68µm
_03866_,7.68µm
_04391_,7.68µm
_04541_,7.68µm
_04985_,7.68µm
_05368_,7.68µm
_05398_,7.68µm
_05400_,7.68µm
_05638_,7.68µm
_05857_,7.68µm
_05966_,7.68µm
net1467,7.68µm
net1512,7.68µm
net1591,7.68µm
net1619,7.68µm
net1720,7.68µm
net1745,7.68µm
net1751,7.68µm
net1773,7.68µm
net1892,7.68µm
net1949,7.68µm
net2006,7.68µm
net2038,7.68µm
net2101,7.68µm
net2322,7.68µm
net2325,7.68µm
net2372,7.68µm
net2457,7.68µm
net2625,7.68µm
net2792,7.68µm
net2953,7.68µm
_01096_,7.665µm
_03571_,7.665µm
_03888_,7.655µm
_03754_,7.635µm
_00157_,7.63µm
_00197_,7.63µm
_00201_,7.63µm
_00202_,7.63µm
_00210_,7.63µm
_00241_,7.63µm
_00242_,7.63µm
_00266_,7.63µm
_00267_,7.63µm
_00283_,7.63µm
_00369_,7.63µm
_00388_,7.63µm
_00410_,7.63µm
_00467_,7.63µm
_00493_,7.63µm
_00500_,7.63µm
_00506_,7.63µm
_00512_,7.63µm
_00535_,7.63µm
_00536_,7.63µm
_00554_,7.63µm
_00592_,7.63µm
_00612_,7.63µm
_00622_,7.63µm
_00623_,7.63µm
_00624_,7.63µm
_00629_,7.63µm
_00644_,7.63µm
_00649_,7.63µm
_00659_,7.63µm
_00667_,7.63µm
_00677_,7.63µm
_00717_,7.63µm
_00742_,7.63µm
_00808_,7.63µm
_00821_,7.63µm
_00822_,7.63µm
_00828_,7.63µm
_00838_,7.63µm
_00839_,7.63µm
_00881_,7.63µm
_00890_,7.63µm
_00932_,7.63µm
_00950_,7.63µm
_00968_,7.63µm
_00996_,7.63µm
_01015_,7.63µm
_01054_,7.63µm
_01077_,7.63µm
_01107_,7.63µm
_01130_,7.63µm
_01304_,7.63µm
_01412_,7.63µm
_01414_,7.63µm
_01457_,7.63µm
_02464_,7.63µm
_02591_,7.63µm
_03257_,7.63µm
_03386_,7.63µm
_03455_,7.63µm
_03500_,7.63µm
_03883_,7.63µm
_03998_,7.63µm
_04575_,7.63µm
_05101_,7.63µm
_05320_,7.63µm
_05687_,7.63µm
_05972_,7.63µm
u_picorv32.picorv32_core.instr_sub,7.63µm
net3050,7.63µm
_00274_,7.62µm
_00287_,7.62µm
_00440_,7.62µm
_00539_,7.62µm
_00541_,7.62µm
_00582_,7.62µm
_00748_,7.62µm
_00751_,7.62µm
_00946_,7.62µm
_00961_,7.62µm
_01071_,7.62µm
_01097_,7.62µm
_03332_,7.62µm
_03498_,7.62µm
_04718_,7.62µm
_01072_,7.605µm
_02294_,7.605µm
_04354_,7.605µm
_02194_,7.6µm
_04470_,7.59µm
_02125_,7.58µm
_02879_,7.58µm
_00219_,7.57µm
_00544_,7.57µm
_00557_,7.57µm
_01147_,7.57µm
_01233_,7.57µm
_02847_,7.57µm
_03761_,7.57µm
_03988_,7.57µm
_05834_,7.57µm
net1485,7.57µm
net1544,7.57µm
net1679,7.57µm
net1769,7.57µm
net1830,7.57µm
net2145,7.57µm
net2227,7.57µm
net2313,7.57µm
net2408,7.57µm
net2437,7.57µm
net2501,7.57µm
net3003,7.57µm
net3012,7.57µm
_04777_,7.565µm
_02016_,7.56µm
_03063_,7.56µm
_03557_,7.56µm
_04341_,7.56µm
_05072_,7.56µm
net1501,7.56µm
net1536,7.56µm
net1710,7.56µm
net1848,7.56µm
net1921,7.56µm
net2176,7.56µm
net2686,7.56µm
net2870,7.56µm
net2894,7.56µm
net2918,7.56µm
net2950,7.56µm
_03387_,7.555µm
_04166_,7.555µm
_04602_,7.555µm
_04679_,7.555µm
_04425_,7.55µm
_00496_,7.54µm
_04582_,7.535µm
_01655_,7.53µm
net1439,7.52µm
mem_axi_araddr[15],7.52µm
mem_axi_araddr[16],7.52µm
mem_axi_araddr[25],7.52µm
mem_axi_araddr[7],7.52µm
mem_axi_araddr[8],7.52µm
_00285_,7.51µm
_00302_,7.51µm
_00397_,7.51µm
_00399_,7.51µm
_00404_,7.51µm
_00760_,7.51µm
_00776_,7.51µm
_00815_,7.51µm
_00840_,7.51µm
_00863_,7.51µm
_00870_,7.51µm
_00907_,7.51µm
_00994_,7.51µm
_03227_,7.51µm
_03951_,7.51µm
_02309_,7.5µm
_05170_,7.48µm
_05433_,7.47µm
_05821_,7.47µm
_01056_,7.465µm
_02390_,7.465µm
_01587_,7.46µm
_02311_,7.46µm
_02541_,7.46µm
net3169,7.46µm
_01461_,7.45µm
_01829_,7.45µm
_01853_,7.45µm
_02093_,7.45µm
_02486_,7.45µm
_03560_,7.45µm
_04268_,7.45µm
_04325_,7.45µm
_04563_,7.45µm
_05269_,7.45µm
net1448,7.45µm
net1535,7.45µm
net1595,7.45µm
net1663,7.45µm
net1690,7.45µm
net1694,7.45µm
net2130,7.45µm
net2240,7.45µm
net2403,7.45µm
net2482,7.45µm
net2736,7.45µm
net2779,7.45µm
net2827,7.45µm
net3147,7.45µm
_03950_,7.445µm
_00600_,7.44µm
_03158_,7.44µm
_04050_,7.44µm
_04073_,7.44µm
_04202_,7.44µm
_04278_,7.44µm
_04788_,7.44µm
net2074,7.44µm
_02855_,7.425µm
_01470_,7.41µm
_02036_,7.41µm
_03384_,7.4µm
_03668_,7.39µm
_04457_,7.39µm
_02697_,7.365µm
_04657_,7.365µm
mem_axi_wdata[9],7.365µm
_03585_,7.35µm
_02265_,7.345µm
_04689_,7.34µm
_00055_,7.32µm
_00310_,7.32µm
_00638_,7.32µm
_01231_,7.32µm
_03722_,7.32µm
_05566_,7.32µm
net1700,7.32µm
net1732,7.32µm
net2156,7.32µm
net2937,7.32µm
_00115_,7.305µm
_00221_,7.305µm
_00292_,7.305µm
_04798_,7.3µm
_02424_,7.29µm
net2543,7.29µm
_00103_,7.27µm
_00104_,7.27µm
_01271_,7.27µm
_01511_,7.27µm
_01528_,7.27µm
mem_axi_awaddr[13],7.27µm
mem_axi_awaddr[22],7.27µm
mem_axi_awaddr[31],7.27µm
mem_axi_awaddr[4],7.27µm
mem_axi_wdata[12],7.27µm
mem_axi_wdata[21],7.27µm
mem_axi_wdata[30],7.27µm
mem_axi_wdata[3],7.27µm
_00133_,7.26µm
_00203_,7.26µm
_00344_,7.26µm
_00385_,7.26µm
_00492_,7.26µm
_00502_,7.26µm
_00982_,7.26µm
_01612_,7.26µm
_02018_,7.26µm
_02540_,7.26µm
_02621_,7.26µm
_02733_,7.26µm
_02884_,7.26µm
_03232_,7.26µm
_03398_,7.26µm
_03492_,7.26µm
_03553_,7.26µm
_03696_,7.26µm
_05535_,7.26µm
_05897_,7.26µm
_05911_,7.235µm
_01458_,7.23µm
_03631_,7.23µm
_02425_,7.215µm
_01647_,7.21µm
_02516_,7.21µm
_03323_,7.21µm
_03800_,7.21µm
_04021_,7.21µm
_04141_,7.21µm
_04347_,7.21µm
_04858_,7.21µm
net1988,7.21µm
u_picorv32.picorv32_core.instr_fence,7.21µm
net3128,7.21µm
_01244_,7.2µm
_01429_,7.2µm
_01796_,7.2µm
_01913_,7.2µm
_01926_,7.2µm
_02117_,7.2µm
_02340_,7.2µm
_02652_,7.2µm
_03037_,7.2µm
_03102_,7.2µm
_03239_,7.2µm
_03276_,7.2µm
_03577_,7.2µm
_03858_,7.2µm
_04636_,7.2µm
_04831_,7.2µm
_05201_,7.2µm
_05629_,7.2µm
_05690_,7.2µm
_05957_,7.2µm
_05969_,7.2µm
net1552,7.2µm
net1630,7.2µm
net1750,7.2µm
net1938,7.2µm
net1969,7.2µm
net1974,7.2µm
net2041,7.2µm
net2155,7.2µm
net2194,7.2µm
net2247,7.2µm
net2266,7.2µm
net2315,7.2µm
net2426,7.2µm
net2456,7.2µm
net2496,7.2µm
net2772,7.2µm
net3029,7.2µm
mem_axi_awready,7.2µm
_00652_,7.185µm
_00725_,7.185µm
_00729_,7.185µm
_04222_,7.155µm
_00048_,7.15µm
_00097_,7.15µm
_00132_,7.15µm
_00136_,7.15µm
_00140_,7.15µm
_00190_,7.15µm
_00191_,7.15µm
_00227_,7.15µm
_00296_,7.15µm
_00326_,7.15µm
_00382_,7.15µm
_00403_,7.15µm
_00405_,7.15µm
_00408_,7.15µm
_00428_,7.15µm
_00533_,7.15µm
_00599_,7.15µm
_00646_,7.15µm
_00657_,7.15µm
_00689_,7.15µm
_00746_,7.15µm
_00749_,7.15µm
_00768_,7.15µm
_00802_,7.15µm
_00837_,7.15µm
_00856_,7.15µm
_00931_,7.15µm
_00955_,7.15µm
_01125_,7.15µm
_01142_,7.15µm
_01144_,7.15µm
_01513_,7.15µm
_02304_,7.15µm
_03605_,7.15µm
_04144_,7.15µm
_05704_,7.15µm
_00026_,7.14µm
_00229_,7.14µm
_00256_,7.14µm
_00357_,7.14µm
_00380_,7.14µm
_00450_,7.14µm
_00532_,7.14µm
_00534_,7.14µm
_00621_,7.14µm
_00641_,7.14µm
_00737_,7.14µm
_01317_,7.14µm
_01376_,7.14µm
_01418_,7.14µm
_02684_,7.14µm
_05255_,7.14µm
net2606,7.135µm
_02121_,7.13µm
_03414_,7.11µm
_01677_,7.1µm
_04603_,7.1µm
mem_axi_araddr[14],7.1µm
mem_axi_araddr[23],7.1µm
mem_axi_araddr[5],7.1µm
mem_axi_arvalid,7.1µm
_01191_,7.09µm
_01804_,7.09µm
_02686_,7.09µm
_05630_,7.09µm
_05662_,7.09µm
_05831_,7.09µm
net1613,7.09µm
net1785,7.09µm
net1793,7.09µm
net2480,7.09µm
net2748,7.09µm
net2784,7.09µm
net2833,7.09µm
_00524_,7.08µm
_00859_,7.08µm
_00900_,7.08µm
_01058_,7.08µm
_01654_,7.08µm
_02082_,7.08µm
_03331_,7.08µm
_04152_,7.08µm
net1457,7.08µm
net1648,7.08µm
net1727,7.08µm
net1800,7.08µm
net2002,7.08µm
net2251,7.08µm
net2261,7.08µm
net2614,7.08µm
net2639,7.08µm
net2754,7.08µm
net2886,7.08µm
_01669_,7.075µm
_02507_,7.075µm
_04253_,7.075µm
_04368_,7.075µm
_05005_,7.075µm
_04293_,7.07µm
_00999_,7.06µm
net1440,7.05µm
mem_axi_araddr[12],7.05µm
mem_axi_araddr[17],7.05µm
mem_axi_araddr[21],7.05µm
mem_axi_araddr[24],7.05µm
mem_axi_araddr[26],7.05µm
mem_axi_araddr[30],7.05µm
mem_axi_araddr[3],7.05µm
mem_axi_araddr[6],7.05µm
mem_axi_bready,7.05µm
_03013_,7.045µm
_00230_,7.03µm
_00269_,7.03µm
_00370_,7.03µm
_00461_,7.03µm
_00480_,7.03µm
_00593_,7.03µm
_00654_,7.03µm
_00655_,7.03µm
_00910_,7.03µm
_01053_,7.03µm
_01486_,7.03µm
_03109_,7.03µm
_04906_,7.025µm
_01772_,7.02µm
_02027_,7.02µm
_03844_,7.02µm
_04269_,7.02µm
_04825_,7.02µm
_05366_,7.02µm
_02418_,6.98µm
_02480_,6.98µm
_02640_,6.98µm
_03649_,6.98µm
_05494_,6.98µm
net3154,6.98µm
_02426_,6.97µm
_02567_,6.97µm
_02867_,6.97µm
_03599_,6.97µm
_03700_,6.97µm
_03704_,6.97µm
_03946_,6.97µm
_03949_,6.97µm
_03960_,6.97µm
_04172_,6.97µm
_04236_,6.97µm
_04640_,6.97µm
_04691_,6.97µm
_05217_,6.97µm
_05537_,6.97µm
net1546,6.97µm
net1566,6.97µm
net1681,6.97µm
net1780,6.97µm
net1967,6.97µm
net1973,6.97µm
net2392,6.97µm
net2393,6.97µm
_01183_,6.96µm
_01907_,6.96µm
_01998_,6.96µm
_02278_,6.96µm
_02569_,6.96µm
_03324_,6.96µm
_03544_,6.96µm
_03925_,6.96µm
u_picorv32.picorv32_core.count_instr\[38\],6.96µm
_01494_,6.93µm
_03471_,6.925µm
_04803_,6.92µm
_02594_,6.91µm
_05418_,6.91µm
_05759_,6.91µm
_01215_,6.9µm
_01294_,6.9µm
_03524_,6.9µm
_04405_,6.9µm
_05493_,6.9µm
_03510_,6.885µm
_03049_,6.85µm
_05379_,6.85µm
net1983,6.85µm
_00079_,6.84µm
_00251_,6.84µm
_00721_,6.84µm
_00865_,6.84µm
_00869_,6.84µm
_00894_,6.84µm
_01949_,6.84µm
_02481_,6.84µm
_02566_,6.84µm
_05067_,6.84µm
net2653,6.84µm
_03869_,6.835µm
_00498_,6.825µm
_02436_,6.825µm
_04783_,6.825µm
_04863_,6.82µm
_00038_,6.79µm
_01168_,6.79µm
_05848_,6.79µm
_04305_,6.785µm
_00204_,6.78µm
_00265_,6.78µm
_00349_,6.78µm
_00377_,6.78µm
_00400_,6.78µm
_00472_,6.78µm
_00473_,6.78µm
_00661_,6.78µm
_00817_,6.78µm
_00855_,6.78µm
_01088_,6.78µm
_01749_,6.78µm
_01852_,6.78µm
_02150_,6.78µm
_02388_,6.78µm
_02627_,6.78µm
_03982_,6.78µm
_04219_,6.78µm
_04698_,6.78µm
_05048_,6.78µm
_05116_,6.78µm
_05885_,6.78µm
_05955_,6.78µm
u_picorv32.picorv32_core.alu_out_q\[20\],6.78µm
net1650,6.765µm
net2144,6.765µm
_01462_,6.73µm
_01622_,6.73µm
_01897_,6.73µm
_02057_,6.73µm
_02217_,6.73µm
_03237_,6.73µm
_03652_,6.73µm
_04089_,6.73µm
_04895_,6.73µm
_05321_,6.73µm
_05832_,6.73µm
_05902_,6.73µm
mem_axi_wready,6.73µm
net3176,6.73µm
_00010_,6.72µm
_02003_,6.72µm
_02014_,6.72µm
_02300_,6.72µm
_02374_,6.72µm
_03504_,6.72µm
_03607_,6.72µm
_03931_,6.72µm
_04270_,6.72µm
_04943_,6.72µm
_05589_,6.72µm
_05988_,6.72µm
_05992_,6.72µm
net1649,6.72µm
net1668,6.72µm
net1839,6.72µm
net1874,6.72µm
net2223,6.72µm
net2528,6.72µm
net2536,6.72µm
net2710,6.72µm
net2968,6.72µm
_00209_,6.67µm
_00264_,6.67µm
_00350_,6.67µm
_00419_,6.67µm
_00438_,6.67µm
_00527_,6.67µm
_00546_,6.67µm
_00609_,6.67µm
_00693_,6.67µm
_00741_,6.67µm
_00850_,6.67µm
_00857_,6.67µm
_00866_,6.67µm
_00889_,6.67µm
_00896_,6.67µm
_00905_,6.67µm
_00960_,6.67µm
_01196_,6.67µm
_01239_,6.67µm
_01332_,6.67µm
_01372_,6.67µm
_01488_,6.67µm
_01517_,6.67µm
_01539_,6.67µm
_01789_,6.67µm
_02408_,6.67µm
_02457_,6.67µm
_03581_,6.67µm
_04015_,6.67µm
_04509_,6.67µm
_04680_,6.67µm
u_picorv32.picorv32_core.alu_out_q\[14\],6.67µm
net3103,6.67µm
net3106,6.67µm
_00135_,6.66µm
_00415_,6.66µm
_00571_,6.66µm
_00873_,6.66µm
_00925_,6.66µm
_01090_,6.66µm
_01099_,6.66µm
_01396_,6.66µm
_03262_,6.655µm
_04606_,6.645µm
mem_axi_araddr[10],6.63µm
mem_axi_araddr[19],6.63µm
mem_axi_araddr[28],6.63µm
mem_axi_rready,6.63µm
_02005_,6.62µm
_00183_,6.61µm
_01170_,6.61µm
_03055_,6.61µm
_04715_,6.61µm
_05484_,6.61µm
net1497,6.61µm
net1507,6.61µm
net1554,6.61µm
net1735,6.61µm
net1760,6.61µm
net1808,6.61µm
net2009,6.61µm
net2125,6.61µm
net2134,6.61µm
net2257,6.61µm
net2415,6.61µm
net2703,6.61µm
net2769,6.61µm
net2924,6.61µm
net3004,6.61µm
_00494_,6.6µm
_00584_,6.6µm
_01179_,6.6µm
_01476_,6.6µm
_02100_,6.6µm
_02370_,6.6µm
_03124_,6.6µm
_03670_,6.6µm
_03686_,6.6µm
_05583_,6.6µm
_05795_,6.6µm
net1508,6.6µm
net1734,6.6µm
net1776,6.6µm
net1826,6.6µm
net1827,6.6µm
net1989,6.6µm
net2055,6.6µm
net2065,6.6µm
net2297,6.6µm
net2458,6.6µm
net2517,6.6µm
net2578,6.6µm
net2603,6.6µm
net2679,6.6µm
_05007_,6.595µm
_05069_,6.595µm
_05590_,6.595µm
_00196_,6.58µm
_00628_,6.58µm
_01117_,6.58µm
_01083_,6.57µm
_02039_,6.57µm
_05539_,6.56µm
_00058_,6.55µm
_00176_,6.55µm
_00187_,6.55µm
_00298_,6.55µm
_00353_,6.55µm
_00573_,6.55µm
_00736_,6.55µm
_00943_,6.55µm
_01503_,6.55µm
_03410_,6.55µm
u_picorv32.picorv32_core.alu_out_q\[18\],6.55µm
_01846_,6.54µm
_04538_,6.54µm
_05046_,6.54µm
_05189_,6.54µm
_05930_,6.535µm
_05823_,6.525µm
_01820_,6.5µm
_02130_,6.5µm
_02382_,6.5µm
_02471_,6.5µm
_02693_,6.5µm
net3135,6.5µm
_01673_,6.49µm
_02102_,6.49µm
_02251_,6.49µm
_02269_,6.49µm
_02423_,6.49µm
_02468_,6.49µm
_02558_,6.49µm
_02643_,6.49µm
_02862_,6.49µm
_02888_,6.49µm
_03021_,6.49µm
_03245_,6.49µm
_03606_,6.49µm
_03811_,6.49µm
_03885_,6.49µm
_03906_,6.49µm
_04889_,6.49µm
_04964_,6.49µm
_05146_,6.49µm
_05833_,6.49µm
net1568,6.49µm
net1573,6.49µm
net1676,6.49µm
net1766,6.49µm
net1788,6.49µm
net1865,6.49µm
net1954,6.49µm
net2302,6.49µm
net2882,6.49µm
net2915,6.49µm
_01197_,6.48µm
_02680_,6.48µm
_03587_,6.48µm
_04111_,6.48µm
_04213_,6.48µm
_04567_,6.48µm
_04867_,6.48µm
net1755,6.48µm
net2048,6.48µm
net2744,6.48µm
_04218_,6.435µm
_03746_,6.43µm
_04072_,6.43µm
_01442_,6.42µm
_02249_,6.42µm
_03244_,6.42µm
_02359_,6.415µm
_02190_,6.41µm
_04787_,6.395µm
_04265_,6.38µm
_04648_,6.38µm
_05460_,6.38µm
_04630_,6.37µm
_05350_,6.37µm
_00071_,6.36µm
_00476_,6.36µm
_00530_,6.36µm
_00561_,6.36µm
_00702_,6.36µm
_00775_,6.36µm
_01431_,6.36µm
_02542_,6.36µm
_02710_,6.36µm
_03794_,6.36µm
_04206_,6.36µm
_04716_,6.36µm
u_picorv32.pcpi_rs1\[24\],6.36µm
_00734_,6.345µm
_00882_,6.345µm
_02679_,6.345µm
_04402_,6.345µm
_03559_,6.33µm
_01135_,6.31µm
_01198_,6.31µm
_01293_,6.31µm
_00057_,6.3µm
_00124_,6.3µm
_00429_,6.3µm
_00518_,6.3µm
_00832_,6.3µm
_00993_,6.3µm
_01008_,6.3µm
_01518_,6.3µm
_01929_,6.3µm
_02660_,6.3µm
_02959_,6.3µm
_03528_,6.3µm
_03742_,6.3µm
_03893_,6.3µm
_03970_,6.3µm
_05256_,6.3µm
_05354_,6.3µm
_05370_,6.3µm
_05886_,6.3µm
net3043,6.3µm
_03927_,6.295µm
_02571_,6.27µm
_05449_,6.27µm
_01978_,6.26µm
_01255_,6.25µm
_01806_,6.25µm
_02028_,6.25µm
_02681_,6.25µm
_03462_,6.25µm
_04159_,6.25µm
_04186_,6.25µm
_04424_,6.25µm
_04547_,6.25µm
_04558_,6.25µm
_04694_,6.25µm
_04768_,6.25µm
_05667_,6.25µm
_05747_,6.25µm
_05931_,6.25µm
net3119,6.25µm
_02835_,6.24µm
_05616_,6.24µm
net1606,6.24µm
net1670,6.24µm
net1747,6.24µm
net1814,6.24µm
net1903,6.24µm
net1912,6.24µm
net2182,6.24µm
net2301,6.24µm
net2600,6.24µm
net2638,6.24µm
net2705,6.24µm
_00181_,6.225µm
_00885_,6.225µm
_03924_,6.215µm
_00050_,6.19µm
_00284_,6.19µm
_00322_,6.19µm
_00439_,6.19µm
_00446_,6.19µm
_00448_,6.19µm
_00468_,6.19µm
_00484_,6.19µm
_00486_,6.19µm
_00564_,6.19µm
_00595_,6.19µm
_00731_,6.19µm
_00777_,6.19µm
_00813_,6.19µm
_00926_,6.19µm
_00941_,6.19µm
_01059_,6.19µm
_01067_,6.19µm
_01106_,6.19µm
_01368_,6.19µm
_01377_,6.19µm
_01489_,6.19µm
_02821_,6.19µm
_03266_,6.19µm
_03575_,6.19µm
_04624_,6.19µm
_04701_,6.19µm
_04828_,6.19µm
_05553_,6.19µm
_00073_,6.18µm
_00222_,6.18µm
_00299_,6.18µm
_00339_,6.18µm
_00772_,6.18µm
_00827_,6.18µm
_01256_,6.18µm
_01378_,6.18µm
_03177_,6.18µm
_03064_,6.165µm
net2978,6.165µm
_02209_,6.14µm
_02142_,6.13µm
_02352_,6.13µm
_03116_,6.13µm
_03642_,6.13µm
net1489,6.13µm
net2795,6.13µm
net2858,6.13µm
net2875,6.13µm
_01783_,6.12µm
_02392_,6.12µm
_02441_,6.12µm
_03005_,6.12µm
_03163_,6.12µm
_03773_,6.12µm
_03918_,6.12µm
_04604_,6.12µm
_04851_,6.12µm
_04893_,6.12µm
_04989_,6.12µm
_05649_,6.12µm
_05876_,6.12µm
net1533,6.12µm
net1574,6.12µm
net1580,6.12µm
net1582,6.12µm
net1624,6.12µm
net1651,6.12µm
net1654,6.12µm
net1673,6.12µm
net1719,6.12µm
net1744,6.12µm
net1756,6.12µm
net1768,6.12µm
net1824,6.12µm
net1828,6.12µm
net1835,6.12µm
net1869,6.12µm
net1872,6.12µm
net1882,6.12µm
net1886,6.12µm
net1908,6.12µm
net1934,6.12µm
net2054,6.12µm
net2094,6.12µm
net2246,6.12µm
net2290,6.12µm
net2314,6.12µm
net2388,6.12µm
net2390,6.12µm
net2455,6.12µm
net2474,6.12µm
net2520,6.12µm
net2546,6.12µm
net2582,6.12µm
net2636,6.12µm
net2676,6.12µm
net2724,6.12µm
net2757,6.12µm
net2781,6.12µm
net2803,6.12µm
net2810,6.12µm
net2850,6.12µm
net2911,6.12µm
net2942,6.12µm
net2957,6.12µm
net2975,6.12µm
net2987,6.12µm
net2999,6.12µm
net3013,6.12µm
_03022_,6.115µm
_03370_,6.115µm
_04479_,6.115µm
_05029_,6.115µm
_06013_,6.115µm
u_picorv32.picorv32_core.alu_out_q\[19\],6.115µm
_00335_,6.1µm
_00563_,6.1µm
_00861_,6.1µm
_00998_,6.1µm
_02785_,6.1µm
_00277_,6.07µm
_01374_,6.07µm
_02040_,6.06µm
_03033_,6.06µm
_03563_,6.06µm
_04388_,6.06µm
_04512_,6.06µm
_05365_,6.06µm
_01282_,6.045µm
_05826_,6.045µm
_02409_,6.025µm
_03583_,6.025µm
_01893_,6.02µm
_01984_,6.02µm
_02536_,6.02µm
_04330_,6.02µm
_04378_,6.02µm
_05402_,6.02µm
_05932_,6.02µm
net3048,6.02µm
net3060,6.02µm
net3062,6.02µm
net3074,6.02µm
net3088,6.02µm
net3125,6.02µm
net3129,6.02µm
_01891_,6.01µm
_02333_,6.01µm
_02609_,6.01µm
_02651_,6.01µm
_03302_,6.01µm
_03760_,6.01µm
_03965_,6.01µm
_03993_,6.01µm
_04023_,6.01µm
_04052_,6.01µm
_04486_,6.01µm
_04882_,6.01µm
_04890_,6.01µm
_04915_,6.01µm
_05358_,6.01µm
_05359_,6.01µm
_05401_,6.01µm
_05634_,6.01µm
_05715_,6.01µm
_05731_,6.01µm
_05805_,6.01µm
_05835_,6.01µm
_06011_,6.01µm
net1464,6.01µm
net1470,6.01µm
net1491,6.01µm
net1500,6.01µm
net1638,6.01µm
net1680,6.01µm
net1783,6.01µm
net1907,6.01µm
net2033,6.01µm
net2046,6.01µm
net2063,6.01µm
net2104,6.01µm
net2231,6.01µm
net2252,6.01µm
net2332,6.01µm
net2348,6.01µm
net2433,6.01µm
net2509,6.01µm
net2511,6.01µm
net2515,6.01µm
net2591,6.01µm
net2604,6.01µm
net2631,6.01µm
net2682,6.01µm
net2709,6.01µm
net2733,6.01µm
net2747,6.01µm
net2767,6.01µm
net2800,6.01µm
net2826,6.01µm
net2929,6.01µm
net2945,6.01µm
net2983,6.01µm
_02067_,6µm
_02155_,6µm
_02699_,6µm
_02953_,6µm
_04419_,6µm
_05242_,6µm
_05809_,6µm
_03820_,5.985µm
_03151_,5.97µm
_02234_,5.96µm
_02349_,5.96µm
_03822_,5.96µm
_04707_,5.96µm
_05161_,5.96µm
_01427_,5.95µm
_03808_,5.95µm
_05361_,5.95µm
_00105_,5.94µm
_00121_,5.94µm
_01387_,5.94µm
_02443_,5.94µm
_02590_,5.91µm
_04631_,5.905µm
_04542_,5.89µm
_00686_,5.88µm
_01122_,5.88µm
_01307_,5.88µm
_02577_,5.88µm
_03614_,5.88µm
_05669_,5.87µm
_00126_,5.865µm
_02210_,5.85µm
_00094_,5.83µm
_01146_,5.83µm
_01148_,5.83µm
_01193_,5.83µm
_01289_,5.83µm
_01341_,5.83µm
_01425_,5.83µm
_00022_,5.82µm
_00064_,5.82µm
_00750_,5.82µm
_00791_,5.82µm
_00826_,5.82µm
_00843_,5.82µm
_00903_,5.82µm
_00967_,5.82µm
_01019_,5.82µm
_01222_,5.82µm
_01449_,5.82µm
_02381_,5.82µm
_03200_,5.82µm
_03867_,5.82µm
_04032_,5.82µm
_04382_,5.82µm
_04894_,5.82µm
_03602_,5.805µm
net2557,5.8µm
_03468_,5.79µm
_00481_,5.775µm
_01238_,5.77µm
_01339_,5.77µm
_02129_,5.77µm
_02565_,5.77µm
_02601_,5.77µm
_02646_,5.77µm
_03203_,5.77µm
_03278_,5.77µm
_03734_,5.77µm
_03737_,5.77µm
_03898_,5.77µm
_05517_,5.77µm
_00778_,5.76µm
_03095_,5.76µm
_03818_,5.76µm
net1553,5.76µm
net1653,5.76µm
net1947,5.76µm
net1976,5.76µm
net2259,5.76µm
net2548,5.76µm
net2825,5.76µm
_00012_,5.71µm
_00170_,5.71µm
_00276_,5.71µm
_00363_,5.71µm
_00559_,5.71µm
_00597_,5.71µm
_00851_,5.71µm
_01085_,5.71µm
_01400_,5.71µm
_03698_,5.71µm
_03859_,5.71µm
_04142_,5.71µm
_04204_,5.71µm
_04208_,5.71µm
_04883_,5.71µm
_05434_,5.71µm
_05491_,5.71µm
_05503_,5.71µm
_05511_,5.71µm
_00162_,5.7µm
_00390_,5.7µm
_00416_,5.7µm
_00444_,5.7µm
_00511_,5.7µm
_00586_,5.7µm
_00687_,5.7µm
_00708_,5.7µm
_00819_,5.7µm
_00854_,5.7µm
_00891_,5.7µm
_00987_,5.7µm
_00991_,5.7µm
_01040_,5.7µm
_01352_,5.7µm
_01353_,5.7µm
_01389_,5.7µm
_02224_,5.7µm
_03465_,5.7µm
_04374_,5.7µm
_05812_,5.7µm
_02655_,5.65µm
_05604_,5.65µm
net1516,5.65µm
net1520,5.65µm
net1537,5.65µm
net1652,5.65µm
net1706,5.65µm
net1739,5.65µm
net1763,5.65µm
net1937,5.65µm
net2095,5.65µm
net2201,5.65µm
net2267,5.65µm
net2268,5.65µm
net2445,5.65µm
net2481,5.65µm
net2596,5.65µm
net2599,5.65µm
net2760,5.65µm
net2841,5.65µm
net2889,5.65µm
net2995,5.65µm
_01284_,5.64µm
_02244_,5.64µm
_02459_,5.64µm
_02677_,5.64µm
_03131_,5.64µm
_03176_,5.64µm
_03819_,5.64µm
_04192_,5.64µm
_04778_,5.64µm
_05497_,5.64µm
_05786_,5.64µm
net1451,5.64µm
net1452,5.64µm
net1482,5.64µm
net1484,5.64µm
net1488,5.64µm
net1510,5.64µm
net1526,5.64µm
net1540,5.64µm
net1557,5.64µm
net1562,5.64µm
net1570,5.64µm
net1577,5.64µm
net1590,5.64µm
net1592,5.64µm
net1593,5.64µm
net1600,5.64µm
net1608,5.64µm
net1623,5.64µm
net1639,5.64µm
net1641,5.64µm
net1647,5.64µm
net1655,5.64µm
net1658,5.64µm
net1660,5.64µm
net1665,5.64µm
net1677,5.64µm
net1685,5.64µm
net1699,5.64µm
net1709,5.64µm
net1715,5.64µm
net1716,5.64µm
net1718,5.64µm
net1725,5.64µm
net1730,5.64µm
net1761,5.64µm
net1771,5.64µm
net1777,5.64µm
net1782,5.64µm
net1790,5.64µm
net1802,5.64µm
net1804,5.64µm
net1812,5.64µm
net1818,5.64µm
net1831,5.64µm
net1847,5.64µm
net1849,5.64µm
net1850,5.64µm
net1851,5.64µm
net1852,5.64µm
net1854,5.64µm
net1856,5.64µm
net1857,5.64µm
net1859,5.64µm
net1863,5.64µm
net1878,5.64µm
net1900,5.64µm
net1914,5.64µm
net1920,5.64µm
net1924,5.64µm
net1926,5.64µm
net1929,5.64µm
net1930,5.64µm
net1933,5.64µm
net1946,5.64µm
net1950,5.64µm
net1951,5.64µm
net1960,5.64µm
net1964,5.64µm
net1972,5.64µm
net1979,5.64µm
net1981,5.64µm
net1985,5.64µm
net1986,5.64µm
net1990,5.64µm
net1992,5.64µm
net2014,5.64µm
net2015,5.64µm
net2022,5.64µm
net2025,5.64µm
net2026,5.64µm
net2027,5.64µm
net2028,5.64µm
net2066,5.64µm
net2067,5.64µm
net2071,5.64µm
net2075,5.64µm
net2080,5.64µm
net2081,5.64µm
net2100,5.64µm
net2106,5.64µm
net2117,5.64µm
net2118,5.64µm
net2162,5.64µm
net2167,5.64µm
net2168,5.64µm
net2185,5.64µm
net2187,5.64µm
net2190,5.64µm
net2196,5.64µm
net2224,5.64µm
net2244,5.64µm
net2256,5.64µm
net2278,5.64µm
net2279,5.64µm
net2284,5.64µm
net2287,5.64µm
net2292,5.64µm
net2307,5.64µm
net2308,5.64µm
net2312,5.64µm
net2323,5.64µm
net2338,5.64µm
net2340,5.64µm
net2353,5.64µm
net2362,5.64µm
net2363,5.64µm
net2369,5.64µm
net2370,5.64µm
net2375,5.64µm
net2378,5.64µm
net2380,5.64µm
net2402,5.64µm
net2404,5.64µm
net2440,5.64µm
net2443,5.64µm
net2449,5.64µm
net2459,5.64µm
net2484,5.64µm
net2486,5.64µm
net2487,5.64µm
net2493,5.64µm
net2495,5.64µm
net2505,5.64µm
net2531,5.64µm
net2539,5.64µm
net2540,5.64µm
net2542,5.64µm
net2552,5.64µm
net2554,5.64µm
net2568,5.64µm
net2571,5.64µm
net2580,5.64µm
net2581,5.64µm
net2584,5.64µm
net2585,5.64µm
net2592,5.64µm
net2593,5.64µm
net2609,5.64µm
net2616,5.64µm
net2620,5.64µm
net2623,5.64µm
net2626,5.64µm
net2628,5.64µm
net2634,5.64µm
net2655,5.64µm
net2657,5.64µm
net2664,5.64µm
net2680,5.64µm
net2684,5.64µm
net2699,5.64µm
net2706,5.64µm
net2711,5.64µm
net2713,5.64µm
net2720,5.64µm
net2721,5.64µm
net2722,5.64µm
net2729,5.64µm
net2732,5.64µm
net2734,5.64µm
net2737,5.64µm
net2739,5.64µm
net2743,5.64µm
net2745,5.64µm
net2746,5.64µm
net2775,5.64µm
net2776,5.64µm
net2780,5.64µm
net2787,5.64µm
net2794,5.64µm
net2798,5.64µm
net2805,5.64µm
net2812,5.64µm
net2814,5.64µm
net2817,5.64µm
net2830,5.64µm
net2831,5.64µm
net2832,5.64µm
net2843,5.64µm
net2844,5.64µm
net2848,5.64µm
net2853,5.64µm
net2859,5.64µm
net2861,5.64µm
net2864,5.64µm
net2865,5.64µm
net2868,5.64µm
net2874,5.64µm
net2893,5.64µm
net2903,5.64µm
net2907,5.64µm
net2908,5.64µm
net2910,5.64µm
net2925,5.64µm
net2931,5.64µm
net2938,5.64µm
net2944,5.64µm
net2947,5.64µm
net2948,5.64µm
net2958,5.64µm
net2962,5.64µm
net2964,5.64µm
net2974,5.64µm
net2985,5.64µm
net2997,5.64µm
net3007,5.64µm
net3011,5.64µm
net3014,5.64µm
net3018,5.64µm
net3023,5.64µm
net3024,5.64µm
net3028,5.64µm
net3031,5.64µm
net3032,5.64µm
net3035,5.64µm
_02253_,5.635µm
_05961_,5.635µm
_00853_,5.62µm
_03716_,5.62µm
_00301_,5.59µm
_00694_,5.59µm
_00785_,5.59µm
_00801_,5.59µm
_00844_,5.59µm
_00862_,5.58µm
_03691_,5.58µm
_04322_,5.58µm
_05486_,5.58µm
net2771,5.575µm
_03784_,5.565µm
_03787_,5.565µm
_01137_,5.54µm
_01267_,5.54µm
_02472_,5.54µm
_02531_,5.54µm
_03146_,5.54µm
_04297_,5.54µm
_05534_,5.54µm
_02135_,5.53µm
_02522_,5.53µm
_02649_,5.53µm
_03083_,5.53µm
_03701_,5.53µm
_04137_,5.53µm
_04363_,5.53µm
_04613_,5.53µm
_05447_,5.53µm
_05458_,5.53µm
_05596_,5.53µm
_05938_,5.53µm
_03032_,5.52µm
_03173_,5.52µm
_03481_,5.52µm
_01446_,5.505µm
net3144,5.485µm
_04848_,5.475µm
_04045_,5.47µm
_00120_,5.46µm
_04224_,5.46µm
_03519_,5.445µm
_05967_,5.445µm
_02715_,5.44µm
_00716_,5.43µm
net2490,5.43µm
net2513,5.43µm
net2700,5.43µm
_02599_,5.42µm
_01330_,5.41µm
_01223_,5.4µm
_01881_,5.4µm
_02070_,5.4µm
_02625_,5.4µm
_03028_,5.4µm
_03284_,5.4µm
_04209_,5.4µm
_04557_,5.4µm
_05907_,5.4µm
net2150,5.4µm
net2281,5.4µm
net2416,5.4µm
net2432,5.4µm
net2467,5.4µm
net2485,5.4µm
net2741,5.4µm
net2849,5.4µm
_04912_,5.39µm
_03623_,5.385µm
_01952_,5.365µm
_00107_,5.35µm
_00125_,5.35µm
_01156_,5.35µm
_01236_,5.35µm
_01343_,5.35µm
_00072_,5.34µm
_00189_,5.34µm
_00553_,5.34µm
_00631_,5.34µm
_00668_,5.34µm
_00724_,5.34µm
_00726_,5.34µm
_00920_,5.34µm
_01331_,5.34µm
_02267_,5.34µm
_03132_,5.34µm
_03234_,5.34µm
_03442_,5.34µm
_03707_,5.34µm
_03791_,5.34µm
_03941_,5.34µm
_04566_,5.34µm
_04683_,5.34µm
_04774_,5.34µm
_05883_,5.34µm
net2632,5.335µm
_04837_,5.33µm
net2612,5.325µm
_04411_,5.32µm
_01444_,5.31µm
_02238_,5.29µm
_02336_,5.29µm
_02364_,5.29µm
_03295_,5.29µm
_03450_,5.29µm
_03669_,5.29µm
_04416_,5.29µm
_04426_,5.29µm
_04705_,5.29µm
_04790_,5.29µm
_04832_,5.29µm
_05295_,5.29µm
_05420_,5.29µm
_05425_,5.29µm
_05498_,5.29µm
_05582_,5.29µm
u_picorv32.pcpi_rs1\[15\],5.29µm
_01203_,5.28µm
_01210_,5.28µm
_01247_,5.28µm
_01683_,5.28µm
_02085_,5.28µm
_02235_,5.28µm
_03104_,5.28µm
_03362_,5.28µm
_04609_,5.28µm
net1504,5.28µm
net1538,5.28µm
net1563,5.28µm
net1564,5.28µm
net1643,5.28µm
net1674,5.28µm
net1696,5.28µm
net1702,5.28µm
net1703,5.28µm
net1740,5.28µm
net1836,5.28µm
net1838,5.28µm
net1894,5.28µm
net1922,5.28µm
net2077,5.28µm
net2133,5.28µm
net2214,5.28µm
net2274,5.28µm
net2296,5.28µm
net2358,5.28µm
net2460,5.28µm
net2647,5.28µm
net2674,5.28µm
net2704,5.28µm
net2714,5.28µm
net2725,5.28µm
net2763,5.28µm
net2797,5.28µm
net2801,5.28µm
net2811,5.28µm
net2876,5.28µm
net2984,5.28µm
_00525_,5.265µm
_01031_,5.25µm
_03254_,5.25µm
_00478_,5.23µm
_00710_,5.23µm
_01123_,5.23µm
_02398_,5.23µm
_02505_,5.23µm
_03393_,5.23µm
_03877_,5.23µm
_04014_,5.23µm
_04735_,5.23µm
_05362_,5.23µm
_00089_,5.22µm
_00151_,5.22µm
_00158_,5.22µm
_00317_,5.22µm
_00331_,5.22µm
_00409_,5.22µm
_00528_,5.22µm
_00590_,5.22µm
_00594_,5.22µm
_00656_,5.22µm
_00783_,5.22µm
_00860_,5.22µm
_00888_,5.22µm
_00933_,5.22µm
_01042_,5.22µm
_01047_,5.22µm
_01187_,5.22µm
_01335_,5.22µm
_01340_,5.22µm
_01385_,5.22µm
_01492_,5.22µm
_02384_,5.22µm
_02619_,5.22µm
_02799_,5.22µm
_03058_,5.22µm
_04551_,5.19µm
_00887_,5.17µm
_01265_,5.17µm
_04983_,5.17µm
net1447,5.17µm
net1453,5.17µm
net1455,5.17µm
net1598,5.17µm
net1615,5.17µm
net1746,5.17µm
net1772,5.17µm
net1784,5.17µm
net1860,5.17µm
net1861,5.17µm
net1899,5.17µm
net2008,5.17µm
net2023,5.17µm
net2060,5.17µm
net2072,5.17µm
net2078,5.17µm
net2160,5.17µm
net2169,5.17µm
net2293,5.17µm
net2477,5.17µm
net2534,5.17µm
net2561,5.17µm
net2619,5.17µm
net2633,5.17µm
net2665,5.17µm
net2678,5.17µm
net2689,5.17µm
net2759,5.17µm
net2873,5.17µm
net2904,5.17µm
net2941,5.17µm
net2951,5.17µm
net3006,5.17µm
net3008,5.17µm
net3009,5.17µm
net3021,5.17µm
net3026,5.17µm
_00603_,5.16µm
_01278_,5.16µm
_02399_,5.16µm
_02411_,5.16µm
_02653_,5.16µm
_04080_,5.16µm
_04400_,5.16µm
_04465_,5.16µm
_05524_,5.16µm
_05798_,5.16µm
net1468,5.16µm
net1481,5.16µm
net1602,5.16µm
net1631,5.16µm
net1778,5.16µm
net1864,5.16µm
net1888,5.16µm
net1944,5.16µm
net1955,5.16µm
net2089,5.16µm
net2119,5.16µm
net2180,5.16µm
net2483,5.16µm
net2547,5.16µm
net2656,5.16µm
net2774,5.16µm
net2892,5.16µm
net2963,5.16µm
net2991,5.16µm
net3020,5.16µm
_02562_,5.155µm
_02841_,5.155µm
_03019_,5.155µm
_03824_,5.155µm
_04036_,5.155µm
_04489_,5.155µm
_04801_,5.155µm
u_picorv32.picorv32_core.alu_out_q\[1\],5.155µm
_05733_,5.15µm
_00567_,5.14µm
_01575_,5.14µm
_01228_,5.13µm
_01426_,5.13µm
_02351_,5.13µm
_02918_,5.13µm
_04191_,5.1µm
_04797_,5.1µm
_05163_,5.1µm
_05777_,5.1µm
_02598_,5.095µm
_02198_,5.085µm
_02346_,5.085µm
_04861_,5.07µm
_01202_,5.06µm
_01295_,5.06µm
_01878_,5.06µm
_02002_,5.06µm
_02134_,5.06µm
_04060_,5.06µm
_05592_,5.06µm
_05743_,5.06µm
net3045,5.06µm
net3171,5.06µm
_01383_,5.05µm
_02581_,5.05µm
_03453_,5.05µm
_03638_,5.05µm
_03647_,5.05µm
_03870_,5.05µm
_03881_,5.05µm
_04138_,5.05µm
_04272_,5.05µm
_04313_,5.05µm
_04359_,5.05µm
_04628_,5.05µm
_04673_,5.05µm
net2979,5.05µm
net2897,5.04µm
_02195_,5µm
_02360_,5µm
_04153_,4.995µm
_01428_,4.99µm
_03699_,4.99µm
net2272,4.99µm
_01584_,4.985µm
_04300_,4.98µm
net2880,4.96µm
_01280_,4.95µm
net2070,4.95µm
_02096_,4.93µm
_02519_,4.93µm
_03069_,4.93µm
_03164_,4.93µm
_05586_,4.93µm
_01909_,4.92µm
_02826_,4.92µm
_02858_,4.92µm
_03075_,4.92µm
_03326_,4.92µm
_04059_,4.92µm
_04471_,4.92µm
_04690_,4.92µm
_04842_,4.92µm
_05264_,4.92µm
_05605_,4.92µm
u_picorv32.picorv32_core.alu_out_q\[23\],4.92µm
_03212_,4.905µm
_04242_,4.905µm
_01194_,4.89µm
_03955_,4.885µm
_04071_,4.885µm
_02038_,4.88µm
_01118_,4.87µm
_01286_,4.87µm
_02378_,4.87µm
net2981,4.865µm
_00067_,4.86µm
_00457_,4.86µm
_00523_,4.86µm
_00640_,4.86µm
_00679_,4.86µm
_00697_,4.86µm
_00704_,4.86µm
_00892_,4.86µm
_00919_,4.86µm
_01033_,4.86µm
_01165_,4.86µm
_01199_,4.86µm
_01232_,4.86µm
_01399_,4.86µm
_01485_,4.86µm
_01631_,4.86µm
_01855_,4.86µm
_02221_,4.86µm
_02456_,4.86µm
_02568_,4.86µm
_03517_,4.86µm
_03689_,4.86µm
_03861_,4.86µm
_04001_,4.86µm
_04344_,4.86µm
_05854_,4.86µm
_05958_,4.86µm
net2782,4.845µm
_01219_,4.81µm
_02377_,4.81µm
_03256_,4.81µm
_03476_,4.81µm
_03490_,4.81µm
_03759_,4.81µm
_04216_,4.81µm
_04621_,4.81µm
_05053_,4.81µm
_05110_,4.81µm
_00632_,4.8µm
_01261_,4.8µm
_01264_,4.8µm
_01419_,4.8µm
_01578_,4.8µm
_03545_,4.8µm
_03569_,4.8µm
net1456,4.8µm
net1469,4.8µm
net1486,4.8µm
net1503,4.8µm
net1518,4.8µm
net1534,4.8µm
net1556,4.8µm
net1559,4.8µm
net1561,4.8µm
net1567,4.8µm
net1569,4.8µm
net1579,4.8µm
net1599,4.8µm
net1603,4.8µm
net1604,4.8µm
net1612,4.8µm
net1636,4.8µm
net1644,4.8µm
net1659,4.8µm
net1686,4.8µm
net1688,4.8µm
net1698,4.8µm
net1704,4.8µm
net1714,4.8µm
net1749,4.8µm
net1781,4.8µm
net1786,4.8µm
net1792,4.8µm
net1799,4.8µm
net1815,4.8µm
net1817,4.8µm
net1822,4.8µm
net1825,4.8µm
net1829,4.8µm
net1834,4.8µm
net1853,4.8µm
net1866,4.8µm
net1877,4.8µm
net1883,4.8µm
net1893,4.8µm
net1898,4.8µm
net1901,4.8µm
net1904,4.8µm
net1915,4.8µm
net1953,4.8µm
net1962,4.8µm
net1970,4.8µm
net1977,4.8µm
net1980,4.8µm
net1982,4.8µm
net1995,4.8µm
net2001,4.8µm
net2010,4.8µm
net2017,4.8µm
net2031,4.8µm
net2032,4.8µm
net2036,4.8µm
net2042,4.8µm
net2043,4.8µm
net2051,4.8µm
net2064,4.8µm
net2068,4.8µm
net2076,4.8µm
net2090,4.8µm
net2110,4.8µm
net2113,4.8µm
net2121,4.8µm
net2126,4.8µm
net2128,4.8µm
net2129,4.8µm
net2175,4.8µm
net2183,4.8µm
net2192,4.8µm
net2193,4.8µm
net2234,4.8µm
net2238,4.8µm
net2248,4.8µm
net2258,4.8µm
net2265,4.8µm
net2275,4.8µm
net2283,4.8µm
net2286,4.8µm
net2305,4.8µm
net2335,4.8µm
net2342,4.8µm
net2347,4.8µm
net2349,4.8µm
net2374,4.8µm
net2381,4.8µm
net2400,4.8µm
net2401,4.8µm
net2405,4.8µm
net2410,4.8µm
net2422,4.8µm
net2424,4.8µm
net2425,4.8µm
net2439,4.8µm
net2448,4.8µm
net2452,4.8µm
net2453,4.8µm
net2464,4.8µm
net2468,4.8µm
net2469,4.8µm
net2470,4.8µm
net2475,4.8µm
net2479,4.8µm
net2488,4.8µm
net2489,4.8µm
net2499,4.8µm
net2508,4.8µm
net2516,4.8µm
net2518,4.8µm
net2524,4.8µm
net2525,4.8µm
net2527,4.8µm
net2535,4.8µm
net2538,4.8µm
net2544,4.8µm
net2551,4.8µm
net2555,4.8µm
net2556,4.8µm
net2558,4.8µm
net2567,4.8µm
net2572,4.8µm
net2575,4.8µm
net2576,4.8µm
net2587,4.8µm
net2605,4.8µm
net2613,4.8µm
net2615,4.8µm
net2624,4.8µm
net2629,4.8µm
net2648,4.8µm
net2654,4.8µm
net2661,4.8µm
net2663,4.8µm
net2667,4.8µm
net2668,4.8µm
net2669,4.8µm
net2671,4.8µm
net2675,4.8µm
net2693,4.8µm
net2712,4.8µm
net2717,4.8µm
net2718,4.8µm
net2719,4.8µm
net2723,4.8µm
net2726,4.8µm
net2735,4.8µm
net2749,4.8µm
net2756,4.8µm
net2761,4.8µm
net2765,4.8µm
net2773,4.8µm
net2791,4.8µm
net2806,4.8µm
net2808,4.8µm
net2822,4.8µm
net2828,4.8µm
net2847,4.8µm
net2851,4.8µm
net2855,4.8µm
net2869,4.8µm
net2872,4.8µm
net2877,4.8µm
net2878,4.8µm
net2885,4.8µm
net2895,4.8µm
net2898,4.8µm
net2902,4.8µm
net2905,4.8µm
net2909,4.8µm
net2913,4.8µm
net2914,4.8µm
net2919,4.8µm
net2920,4.8µm
net2922,4.8µm
net2928,4.8µm
net2930,4.8µm
net2934,4.8µm
net2936,4.8µm
net2939,4.8µm
net2940,4.8µm
net2943,4.8µm
net2954,4.8µm
net2956,4.8µm
net2965,4.8µm
net2969,4.8µm
net2977,4.8µm
net2994,4.8µm
net2996,4.8µm
net3027,4.8µm
net3039,4.8µm
_04626_,4.785µm
_01329_,4.78µm
_02802_,4.78µm
net2264,4.77µm
net1594,4.755µm
net2630,4.755µm
_00093_,4.75µm
_00175_,4.75µm
_00435_,4.75µm
_03981_,4.75µm
_04481_,4.75µm
_05532_,4.75µm
_05677_,4.75µm
_00463_,4.74µm
_00542_,4.74µm
_00753_,4.74µm
_00848_,4.74µm
_00963_,4.74µm
_00964_,4.74µm
_00986_,4.74µm
_01113_,4.74µm
_01356_,4.74µm
_01484_,4.74µm
_03321_,4.74µm
_03721_,4.74µm
_05716_,4.74µm
u_picorv32.picorv32_core.alu_out_q\[24\],4.74µm
_01838_,4.725µm
_03170_,4.725µm
_04849_,4.72µm
_01002_,4.69µm
_02118_,4.69µm
_00014_,4.68µm
_01303_,4.68µm
_02315_,4.68µm
_03048_,4.68µm
_03397_,4.68µm
_03690_,4.68µm
_03934_,4.68µm
_04175_,4.68µm
_04920_,4.68µm
_05080_,4.68µm
_05692_,4.68µm
_05862_,4.68µm
net1618,4.68µm
net1723,4.68µm
net2103,4.68µm
net2107,4.68µm
net2218,4.68µm
net2239,4.68µm
net2255,4.68µm
net2360,4.68µm
net2364,4.68µm
net2371,4.68µm
net2560,4.68µm
net2589,4.68µm
net2597,4.68µm
net2627,4.68µm
net2660,4.68µm
net2685,4.68µm
net2688,4.68µm
net2731,4.68µm
net2807,4.68µm
net2916,4.68µm
net2927,4.68µm
net2973,4.68µm
net3001,4.68µm
_01498_,4.675µm
_02124_,4.675µm
_03016_,4.675µm
_03459_,4.675µm
_03540_,4.675µm
_03695_,4.675µm
_03733_,4.675µm
_04799_,4.675µm
_04012_,4.665µm
_02395_,4.65µm
_05247_,4.63µm
_02371_,4.62µm
net2091,4.62µm
_02637_,4.615µm
net2692,4.615µm
_02658_,4.605µm
net2607,4.605µm
_02467_,4.59µm
net1855,4.59µm
net2645,4.59µm
_03035_,4.58µm
_03041_,4.58µm
_03053_,4.58µm
_03086_,4.58µm
_03374_,4.58µm
_03378_,4.58µm
_03516_,4.58µm
_03777_,4.58µm
_05807_,4.58µm
_01149_,4.57µm
_01299_,4.57µm
_01300_,4.57µm
_01334_,4.57µm
_01336_,4.57µm
_01432_,4.57µm
_01443_,4.57µm
_01868_,4.57µm
_02181_,4.57µm
_02514_,4.57µm
_02564_,4.57µm
_03813_,4.57µm
_03876_,4.57µm
_03932_,4.57µm
_03990_,4.57µm
_04440_,4.57µm
_04540_,4.57µm
_04822_,4.57µm
_05356_,4.57µm
_05377_,4.57µm
_05382_,4.57µm
_05395_,4.57µm
_05738_,4.57µm
_02544_,4.56µm
_04753_,4.56µm
net2563,4.56µm
net2569,4.56µm
net2618,4.56µm
_02004_,4.555µm
_02502_,4.53µm
_02931_,4.52µm
_04908_,4.52µm
_01637_,4.515µm
net2549,4.515µm
_01961_,4.51µm
_02877_,4.51µm
_03208_,4.51µm
_04273_,4.51µm
_01296_,4.5µm
_01473_,4.5µm
_03429_,4.5µm
_04413_,4.5µm
_03635_,4.47µm
net2598,4.47µm
_04775_,4.455µm
_00091_,4.44µm
_01234_,4.44µm
_02078_,4.44µm
_02273_,4.44µm
_02332_,4.44µm
_02466_,4.44µm
_02520_,4.44µm
_03143_,4.44µm
_03342_,4.44µm
_03645_,4.44µm
_04614_,4.44µm
_04736_,4.44µm
_01538_,4.425µm
_01977_,4.425µm
_03155_,4.425µm
net2398,4.41µm
_01035_,4.395µm
_00047_,4.39µm
_01166_,4.39µm
_01357_,4.39µm
_01537_,4.39µm
_05227_,4.39µm
_00023_,4.38µm
_00084_,4.38µm
_00168_,4.38µm
_00250_,4.38µm
_00254_,4.38µm
_00313_,4.38µm
_00386_,4.38µm
_00445_,4.38µm
_00521_,4.38µm
_00575_,4.38µm
_00633_,4.38µm
_00639_,4.38µm
_00651_,4.38µm
_00703_,4.38µm
_00921_,4.38µm
_00927_,4.38µm
_01026_,4.38µm
_01064_,4.38µm
_01224_,4.38µm
_01342_,4.38µm
_01410_,4.38µm
_02206_,4.38µm
_02834_,4.38µm
_03246_,4.38µm
_03282_,4.38µm
_03383_,4.38µm
_03400_,4.38µm
_03436_,4.38µm
_03448_,4.38µm
_03966_,4.38µm
_04911_,4.38µm
_05140_,4.38µm
_05702_,4.38µm
_05779_,4.38µm
_05817_,4.38µm
u_picorv32.picorv32_core.alu_out_q\[17\],4.38µm
u_picorv32.picorv32_core.latched_rd\[2\],4.38µm
net3112,4.38µm
_01705_,4.36µm
_02550_,4.35µm
_04700_,4.35µm
_01985_,4.335µm
_02662_,4.33µm
_03204_,4.33µm
_04199_,4.33µm
_05249_,4.33µm
_01241_,4.32µm
_03076_,4.32µm
_03732_,4.32µm
_04373_,4.32µm
_05671_,4.32µm
_05882_,4.32µm
net1449,4.32µm
net1476,4.32µm
net1495,4.32µm
net1587,4.32µm
net1627,4.32µm
net1678,4.32µm
net1767,4.32µm
net1958,4.32µm
net2111,4.32µm
net2143,4.32µm
net2200,4.32µm
net2207,4.32µm
net2298,4.32µm
net2379,4.32µm
net2500,4.32µm
net2526,4.32µm
net2541,4.32µm
net2621,4.32µm
net2641,4.32µm
net2673,4.32µm
net2687,4.32µm
net2698,4.32µm
net2758,4.32µm
net2790,4.32µm
net2802,4.32µm
net2820,4.32µm
net2829,4.32µm
net2845,4.32µm
net2923,4.32µm
net2955,4.32µm
net3017,4.32µm
net3025,4.32µm
_02670_,4.29µm
_03657_,4.27µm
_05421_,4.27µm
_00077_,4.26µm
_00137_,4.26µm
_00358_,4.26µm
_00442_,4.26µm
_00491_,4.26µm
_00565_,4.26µm
_00614_,4.26µm
_00719_,4.26µm
_00806_,4.26µm
_00811_,4.26µm
_01344_,4.26µm
_01394_,4.26µm
_01923_,4.26µm
_03312_,4.26µm
_04350_,4.26µm
_04741_,4.26µm
_02419_,4.245µm
_01120_,4.23µm
_05837_,4.23µm
_04682_,4.225µm
_01281_,4.2µm
_01500_,4.2µm
_02561_,4.2µm
_02672_,4.2µm
_04800_,4.2µm
_05090_,4.2µm
_05174_,4.2µm
_05541_,4.2µm
net1539,4.2µm
net1885,4.2µm
net1956,4.2µm
net2127,4.2µm
net2521,4.2µm
net2545,4.2µm
net2573,4.2µm
net2588,4.2µm
net2658,4.2µm
net2696,4.2µm
net2702,4.2µm
net2834,4.2µm
net2952,4.2µm
net2959,4.2µm
_02781_,4.195µm
_02806_,4.195µm
_04207_,4.195µm
_04292_,4.195µm
_04487_,4.195µm
_05664_,4.195µm
_05814_,4.195µm
_02933_,4.185µm
_03663_,4.175µm
_00295_,4.17µm
_02237_,4.17µm
_04688_,4.17µm
_01269_,4.15µm
_05149_,4.15µm
_02508_,4.14µm
_04056_,4.14µm
_02960_,4.135µm
net2866,4.13µm
_03305_,4.125µm
_03316_,4.125µm
_04748_,4.11µm
_04003_,4.105µm
_01270_,4.1µm
_01279_,4.1µm
_01291_,4.1µm
_01996_,4.1µm
_02104_,4.1µm
_03046_,4.1µm
_03118_,4.1µm
_03564_,4.1µm
_04710_,4.1µm
_05032_,4.1µm
_05097_,4.1µm
_05176_,4.1µm
_01887_,4.09µm
_01995_,4.09µm
_02413_,4.09µm
_02449_,4.09µm
_02458_,4.09µm
_03087_,4.09µm
_03521_,4.09µm
_03856_,4.09µm
_03935_,4.09µm
_04263_,4.09µm
_04360_,4.09µm
_04410_,4.09µm
_04417_,4.09µm
_04506_,4.09µm
_04564_,4.09µm
_04625_,4.09µm
_04781_,4.09µm
_04846_,4.09µm
_04926_,4.09µm
_05137_,4.09µm
_05943_,4.09µm
net1465,4.09µm
net1496,4.09µm
net1505,4.09µm
net1519,4.09µm
net1532,4.09µm
net1560,4.09µm
net1601,4.09µm
net1621,4.09µm
net1646,4.09µm
net1667,4.09µm
net1684,4.09µm
net1691,4.09µm
net1695,4.09µm
net1705,4.09µm
net1707,4.09µm
net1717,4.09µm
net1722,4.09µm
net1742,4.09µm
net1754,4.09µm
net1758,4.09µm
net1795,4.09µm
net1796,4.09µm
net1797,4.09µm
net1842,4.09µm
net1879,4.09µm
net1918,4.09µm
net1961,4.09µm
net2016,4.09µm
net2037,4.09µm
net2052,4.09µm
net2096,4.09µm
net2098,4.09µm
net2135,4.09µm
net2141,4.09µm
net2228,4.09µm
net2229,4.09µm
net2232,4.09µm
net2236,4.09µm
net2254,4.09µm
net2263,4.09µm
net2271,4.09µm
net2277,4.09µm
net2285,4.09µm
net2318,4.09µm
net2346,4.09µm
net2352,4.09µm
net2366,4.09µm
net2373,4.09µm
net2382,4.09µm
net2431,4.09µm
net2466,4.09µm
net2601,4.09µm
net2602,4.09µm
net2701,4.09µm
net2708,4.09µm
net2764,4.09µm
net2766,4.09µm
net2816,4.09µm
net2888,4.09µm
net2896,4.09µm
net3033,4.09µm
_01583_,4.08µm
_01990_,4.08µm
_03101_,4.08µm
_03215_,4.08µm
_04018_,4.08µm
_04343_,4.08µm
_05942_,4.08µm
_03878_,4.05µm
_02750_,4.04µm
_03838_,4.04µm
_03406_,4.03µm
_03738_,4.03µm
_04274_,4.03µm
_04656_,4.03µm
_01188_,4.02µm
_01276_,4.02µm
_01328_,4.02µm
_01386_,4.02µm
_01403_,4.02µm
_01472_,4.02µm
_02366_,4.02µm
_04099_,4.02µm
_04975_,4.02µm
_04289_,4.005µm
_02201_,4µm
_02088_,3.985µm
_02675_,3.98µm
_01708_,3.96µm
_01918_,3.96µm
_02678_,3.96µm
_02746_,3.96µm
_02755_,3.96µm
_02851_,3.96µm
_03093_,3.96µm
_03313_,3.96µm
_04258_,3.96µm
_04299_,3.96µm
_04554_,3.96µm
_04583_,3.96µm
_04618_,3.96µm
_04634_,3.96µm
_04713_,3.96µm
_05166_,3.96µm
u_picorv32.pcpi_rs1\[23\],3.96µm
_04210_,3.925µm
_01157_,3.91µm
_00025_,3.9µm
_00028_,3.9µm
_00092_,3.9µm
_00240_,3.9µm
_00247_,3.9µm
_00261_,3.9µm
_00304_,3.9µm
_00332_,3.9µm
_00424_,3.9µm
_00487_,3.9µm
_00572_,3.9µm
_00574_,3.9µm
_00653_,3.9µm
_00663_,3.9µm
_00699_,3.9µm
_00764_,3.9µm
_00834_,3.9µm
_00923_,3.9µm
_00935_,3.9µm
_01115_,3.9µm
_01225_,3.9µm
_01229_,3.9µm
_01327_,3.9µm
_01338_,3.9µm
_01346_,3.9µm
_01358_,3.9µm
_01455_,3.9µm
_01811_,3.9µm
_01901_,3.9µm
_01921_,3.9µm
_02023_,3.9µm
_02280_,3.9µm
_02495_,3.9µm
_02682_,3.9µm
_03157_,3.9µm
_03188_,3.9µm
_03327_,3.9µm
_03441_,3.9µm
_03728_,3.9µm
_03980_,3.9µm
_04025_,3.9µm
_04420_,3.9µm
_04687_,3.9µm
_04769_,3.9µm
_04772_,3.9µm
_04923_,3.9µm
_05036_,3.9µm
_05360_,3.9µm
_05526_,3.9µm
_05944_,3.9µm
net3046,3.9µm
net3051,3.9µm
net3054,3.9µm
net3056,3.9µm
net3076,3.9µm
net3080,3.9µm
net3082,3.9µm
net3084,3.9µm
net3092,3.9µm
net3094,3.9µm
net3096,3.9µm
net3098,3.9µm
net3099,3.9µm
net3101,3.9µm
net3104,3.9µm
net3105,3.9µm
_02355_,3.85µm
net1581,3.85µm
net3086,3.85µm
_01430_,3.84µm
_01658_,3.84µm
_02227_,3.84µm
_04366_,3.84µm
net1480,3.84µm
net1493,3.84µm
net1502,3.84µm
net1588,3.84µm
net1629,3.84µm
net1721,3.84µm
net1816,3.84µm
net1895,3.84µm
net2088,3.84µm
net2203,3.84µm
net2212,3.84µm
net2395,3.84µm
net2522,3.84µm
net2562,3.84µm
net2566,3.84µm
net2608,3.84µm
net2649,3.84µm
net2742,3.84µm
net2796,3.84µm
net2857,3.84µm
net2921,3.84µm
net2933,3.84µm
net2960,3.84µm
net2970,3.84µm
_03494_,3.82µm
_04514_,3.815µm
_03809_,3.8µm
_05970_,3.785µm
net1752,3.785µm
_00248_,3.78µm
_00286_,3.78µm
_00288_,3.78µm
_00375_,3.78µm
_00945_,3.78µm
_01044_,3.78µm
_01362_,3.78µm
_01392_,3.78µm
_01409_,3.78µm
_02463_,3.78µm
_02666_,3.78µm
net1515,3.765µm
_02683_,3.72µm
_03514_,3.72µm
_03890_,3.72µm
_05058_,3.72µm
_05973_,3.72µm
net1511,3.72µm
net1527,3.72µm
net1634,3.72µm
net1656,3.72µm
net1671,3.72µm
net1672,3.72µm
net1675,3.72µm
net1943,3.72µm
net2004,3.72µm
net2013,3.72µm
net2045,3.72µm
net2049,3.72µm
net2073,3.72µm
net2154,3.72µm
net2195,3.72µm
net2198,3.72µm
net2211,3.72µm
net2217,3.72µm
net2233,3.72µm
net2343,3.72µm
net2355,3.72µm
net2659,3.72µm
net2662,3.72µm
net2670,3.72µm
net2690,3.72µm
net2694,3.72µm
net3038,3.72µm
_01948_,3.715µm
_02225_,3.715µm
_02493_,3.715µm
_03622_,3.715µm
_03826_,3.715µm
_04939_,3.715µm
_04995_,3.715µm
_05708_,3.71µm
_00076_,3.69µm
_02920_,3.69µm
_03723_,3.69µm
_02164_,3.66µm
_03353_,3.66µm
_04681_,3.655µm
_04361_,3.64µm
_01268_,3.62µm
_01479_,3.62µm
_02487_,3.62µm
_04859_,3.62µm
_05894_,3.62µm
_01635_,3.61µm
_01701_,3.61µm
_01703_,3.61µm
_02689_,3.61µm
_02937_,3.61µm
_03134_,3.61µm
_03207_,3.61µm
_03774_,3.61µm
_03790_,3.61µm
_03831_,3.61µm
_03895_,3.61µm
_04031_,3.61µm
_04033_,3.61µm
_04139_,3.61µm
_04294_,3.61µm
_04296_,3.61µm
_04342_,3.61µm
_04404_,3.61µm
_04891_,3.61µm
_05581_,3.61µm
_05816_,3.61µm
_05867_,3.61µm
_06016_,3.61µm
_01181_,3.6µm
_03219_,3.6µm
_03676_,3.6µm
_04147_,3.6µm
_04245_,3.6µm
_05308_,3.6µm
_05538_,3.6µm
_05624_,3.6µm
_01136_,3.585µm
_05721_,3.56µm
_03887_,3.555µm
_04396_,3.55µm
_00056_,3.54µm
_00106_,3.54µm
_01195_,3.54µm
_01366_,3.54µm
_01496_,3.54µm
_02791_,3.54µm
_04819_,3.525µm
_02188_,3.52µm
_05618_,3.52µm
_04526_,3.495µm
_01835_,3.49µm
_04907_,3.49µm
_01174_,3.48µm
_01184_,3.48µm
_01273_,3.48µm
_01765_,3.48µm
_02205_,3.48µm
_02223_,3.48µm
_02375_,3.48µm
_02421_,3.48µm
_02578_,3.48µm
_03078_,3.48µm
_03289_,3.48µm
_03319_,3.48µm
_03730_,3.48µm
_03962_,3.48µm
_04179_,3.48µm
_04484_,3.48µm
_04627_,3.48µm
_04811_,3.48µm
_04880_,3.48µm
_05103_,3.48µm
_05353_,3.48µm
_06003_,3.48µm
u_picorv32.pcpi_rs1\[3\],3.48µm
net3040,3.48µm
net3058,3.48µm
net3064,3.48µm
net3066,3.48µm
net3068,3.48µm
net3070,3.48µm
net3072,3.48µm
net3078,3.48µm
net3090,3.48µm
net3097,3.48µm
net3100,3.48µm
net3102,3.48µm
net3108,3.48µm
_03762_,3.445µm
_01445_,3.43µm
_01288_,3.425µm
_00059_,3.42µm
_00087_,3.42µm
_00088_,3.42µm
_00102_,3.42µm
_00228_,3.42µm
_00323_,3.42µm
_00342_,3.42µm
_00360_,3.42µm
_00455_,3.42µm
_00471_,3.42µm
_00507_,3.42µm
_00520_,3.42µm
_00674_,3.42µm
_00701_,3.42µm
_00711_,3.42µm
_00836_,3.42µm
_00936_,3.42µm
_00948_,3.42µm
_00981_,3.42µm
_01150_,3.42µm
_01172_,3.42µm
_01206_,3.42µm
_01207_,3.42µm
_01365_,3.42µm
_01454_,3.42µm
_01515_,3.42µm
_02013_,3.42µm
_02772_,3.42µm
_02949_,3.42µm
_02958_,3.42µm
_03197_,3.42µm
_03293_,3.42µm
_03470_,3.42µm
_03539_,3.42µm
_03578_,3.42µm
_03714_,3.42µm
_03837_,3.42µm
_04024_,3.42µm
_04029_,3.42µm
_04037_,3.42µm
_04309_,3.42µm
_04431_,3.42µm
_04499_,3.42µm
_05075_,3.42µm
_05455_,3.42µm
_05505_,3.42µm
_05636_,3.42µm
_05730_,3.42µm
_05794_,3.42µm
_05881_,3.42µm
_05523_,3.385µm
_01216_,3.36µm
_01240_,3.36µm
_01253_,3.36µm
_02489_,3.36µm
_03148_,3.36µm
net1997,3.36µm
net2184,3.36µm
net2351,3.36µm
net2423,3.36µm
net2472,3.36µm
net2478,3.36µm
net2519,3.36µm
net2537,3.36µm
net2651,3.36µm
net2672,3.36µm
net2788,3.36µm
net2992,3.36µm
net3030,3.36µm
net1446,3.36µm
_02777_,3.35µm
_02189_,3.34µm
_03860_,3.335µm
_01005_,3.33µm
_02045_,3.33µm
_03070_,3.295µm
_04776_,3.285µm
_00069_,3.24µm
_03067_,3.24µm
_03080_,3.24µm
_03418_,3.24µm
_03829_,3.24µm
_04610_,3.24µm
_05427_,3.24µm
_05793_,3.24µm
_05804_,3.24µm
_01161_,3.235µm
_02161_,3.235µm
_03778_,3.235µm
_04094_,3.235µm
_04189_,3.235µm
_04230_,3.235µm
_04597_,3.235µm
_05153_,3.235µm
_05230_,3.235µm
_05640_,3.23µm
_01355_,3.225µm
_04650_,3.22µm
_03618_,3.19µm
_03463_,3.185µm
_03548_,3.185µm
_02739_,3.18µm
_03395_,3.18µm
_03426_,3.18µm
_04163_,3.18µm
_04195_,3.18µm
_04674_,3.18µm
_05496_,3.18µm
_05884_,3.18µm
_06004_,3.18µm
_03683_,3.165µm
net2961,3.15µm
_01349_,3.14µm
_02091_,3.14µm
_02110_,3.14µm
_02283_,3.14µm
_02405_,3.14µm
_03433_,3.14µm
_03552_,3.14µm
_04548_,3.14µm
_04824_,3.14µm
_05423_,3.14µm
_05472_,3.14µm
_01698_,3.13µm
_01735_,3.13µm
_02071_,3.13µm
_02160_,3.13µm
_02396_,3.13µm
_02501_,3.13µm
_02751_,3.13µm
_02947_,3.13µm
_03217_,3.13µm
_03338_,3.13µm
_03359_,3.13µm
_03372_,3.13µm
_03496_,3.13µm
_04088_,3.13µm
_04434_,3.13µm
_05126_,3.13µm
_05843_,3.13µm
_03964_,3.12µm
_04478_,3.12µm
_05573_,3.12µm
_04525_,3.095µm
_01173_,3.07µm
_00016_,3.06µm
_00081_,3.06µm
_01186_,3.06µm
_01262_,3.06µm
_01333_,3.06µm
_01384_,3.06µm
_01388_,3.06µm
_01452_,3.06µm
_02046_,3.06µm
_05343_,3.06µm
_02943_,3.04µm
_04013_,3.03µm
_02307_,3.025µm
_02668_,3.015µm
_01208_,3µm
_01250_,3µm
_01875_,3µm
_02006_,3µm
_02034_,3µm
_02197_,3µm
_02297_,3µm
_02434_,3µm
_02473_,3µm
_02805_,3µm
_02869_,3µm
_02873_,3µm
_03502_,3µm
_03604_,3µm
_03653_,3µm
_03684_,3µm
_03763_,3µm
_03796_,3µm
_03854_,3µm
_04095_,3µm
_04892_,3µm
_05049_,3µm
_05260_,3µm
_05378_,3µm
_05540_,3µm
_05757_,3µm
_05926_,3µm
_05941_,3µm
_05975_,3µm
net3164,3µm
_05391_,2.965µm
_00761_,2.94µm
_01359_,2.94µm
_02079_,2.94µm
_02246_,2.94µm
_02444_,2.94µm
_02511_,2.94µm
_03202_,2.94µm
_03224_,2.94µm
_03228_,2.94µm
_03592_,2.94µm
_03633_,2.94µm
_03680_,2.94µm
_04070_,2.94µm
_04298_,2.94µm
_04549_,2.94µm
_05203_,2.94µm
_05448_,2.94µm
_05456_,2.94µm
_05628_,2.94µm
_05952_,2.94µm
u_picorv32.picorv32_core.alu_out_q\[22\],2.94µm
_01854_,2.91µm
_04349_,2.91µm
_00279_,2.85µm
_05515_,2.85µm
_02913_,2.82µm
_03662_,2.795µm
_05914_,2.79µm
_00068_,2.76µm
_01347_,2.76µm
_01640_,2.76µm
_01993_,2.76µm
_02955_,2.76µm
_03024_,2.76µm
_03422_,2.76µm
_03550_,2.76µm
_04314_,2.76µm
_04365_,2.76µm
_04447_,2.76µm
_04633_,2.76µm
_05023_,2.76µm
_05179_,2.76µm
_05282_,2.76µm
_05334_,2.76µm
_05860_,2.76µm
_05905_,2.76µm
net3161,2.76µm
_02116_,2.755µm
_03617_,2.755µm
_03744_,2.755µm
_03816_,2.755µm
_05558_,2.755µm
_05773_,2.755µm
_04352_,2.75µm
_02133_,2.73µm
_02909_,2.73µm
_02914_,2.73µm
_01644_,2.7µm
_02431_,2.7µm
_04570_,2.7µm
_05713_,2.7µm
_03919_,2.69µm
_03963_,2.69µm
_02321_,2.665µm
_00061_,2.66µm
_01134_,2.66µm
_01139_,2.66µm
_01189_,2.66µm
_01971_,2.66µm
_02138_,2.66µm
_02140_,2.66µm
_03365_,2.66µm
_03377_,2.66µm
_03403_,2.66µm
_03452_,2.66µm
_03520_,2.66µm
_05923_,2.66µm
net3170,2.66µm
_02153_,2.65µm
_02393_,2.65µm
_02410_,2.65µm
_03042_,2.65µm
_03929_,2.65µm
_04539_,2.65µm
_04704_,2.65µm
_04914_,2.65µm
_04287_,2.625µm
_03725_,2.615µm
_03828_,2.6µm
_00365_,2.59µm
_00551_,2.59µm
_00897_,2.59µm
_00976_,2.59µm
_03978_,2.59µm
_04998_,2.59µm
_05851_,2.59µm
_00060_,2.58µm
_01227_,2.58µm
_01259_,2.58µm
_01277_,2.58µm
_01315_,2.58µm
_01416_,2.58µm
_01497_,2.58µm
_04932_,2.58µm
_01230_,2.52µm
_02011_,2.52µm
_03573_,2.52µm
_03886_,2.52µm
_03901_,2.52µm
_04063_,2.52µm
_04288_,2.52µm
_04461_,2.52µm
_04750_,2.52µm
_05105_,2.52µm
_05211_,2.52µm
_05552_,2.52µm
_05964_,2.52µm
net3162,2.52µm
_00769_,2.43µm
_02052_,2.43µm
_02275_,2.415µm
_04696_,2.405µm
_02907_,2.4µm
_05544_,2.4µm
_03912_,2.38µm
_00238_,2.37µm
_00082_,2.34µm
_01214_,2.34µm
_05782_,2.34µm
_00833_,2.28µm
_02024_,2.28µm
_02455_,2.28µm
_02824_,2.28µm
_03615_,2.28µm
_03896_,2.28µm
_03913_,2.28µm
_03920_,2.28µm
_03968_,2.28µm
_04225_,2.28µm
_04280_,2.28µm
_04353_,2.28µm
_04617_,2.28µm
_04670_,2.28µm
_04717_,2.28µm
_04897_,2.28µm
_05813_,2.28µm
_05818_,2.28µm
_02123_,2.275µm
_02633_,2.275µm
_03840_,2.275µm
_05870_,2.275µm
_05998_,2.275µm
_04146_,2.27µm
_01963_,2.235µm
_00239_,2.22µm
_00246_,2.22µm
_00529_,2.22µm
_00562_,2.22µm
_00680_,2.22µm
_00690_,2.22µm
_03785_,2.22µm
_05152_,2.22µm
_05695_,2.215µm
_05827_,2.215µm
_01285_,2.18µm
_01630_,2.18µm
_00289_,2.175µm
_00153_,2.17µm
_00280_,2.17µm
_00282_,2.17µm
_00305_,2.17µm
_00510_,2.17µm
_00585_,2.17µm
_00675_,2.17µm
_00793_,2.17µm
_00803_,2.17µm
_00884_,2.17µm
_00912_,2.17µm
_00975_,2.17µm
_01126_,2.17µm
_01226_,2.17µm
_01504_,2.17µm
_03522_,2.17µm
_03317_,2.16µm
_00117_,2.1µm
_01204_,2.1µm
_01292_,2.1µm
_01456_,2.1µm
_00879_,2.07µm
_00995_,2.01µm
_02318_,2µm
_01786_,1.96µm
_03804_,1.92µm
_05477_,1.92µm
_04477_,1.9µm
_04913_,1.9µm
_05788_,1.9µm
_00257_,1.89µm
_00692_,1.89µm
_01209_,1.86µm
_02330_,1.86µm
_02631_,1.855µm
_03056_,1.84µm
_05982_,1.84µm
_03986_,1.81µm
_00020_,1.8µm
_00070_,1.8µm
_00074_,1.8µm
_00075_,1.8µm
_00078_,1.8µm
_00080_,1.8µm
_00083_,1.8µm
_00085_,1.8µm
_00086_,1.8µm
_00090_,1.8µm
_00134_,1.8µm
_00139_,1.8µm
_00147_,1.8µm
_00152_,1.8µm
_00154_,1.8µm
_00155_,1.8µm
_00161_,1.8µm
_00163_,1.8µm
_00165_,1.8µm
_00166_,1.8µm
_00169_,1.8µm
_00171_,1.8µm
_00173_,1.8µm
_00174_,1.8µm
_00179_,1.8µm
_00180_,1.8µm
_00182_,1.8µm
_00185_,1.8µm
_00193_,1.8µm
_00213_,1.8µm
_00223_,1.8µm
_00226_,1.8µm
_00231_,1.8µm
_00233_,1.8µm
_00235_,1.8µm
_00249_,1.8µm
_00253_,1.8µm
_00258_,1.8µm
_00260_,1.8µm
_00262_,1.8µm
_00270_,1.8µm
_00272_,1.8µm
_00273_,1.8µm
_00290_,1.8µm
_00303_,1.8µm
_00307_,1.8µm
_00309_,1.8µm
_00314_,1.8µm
_00315_,1.8µm
_00316_,1.8µm
_00330_,1.8µm
_00361_,1.8µm
_00383_,1.8µm
_00391_,1.8µm
_00392_,1.8µm
_00393_,1.8µm
_00406_,1.8µm
_00412_,1.8µm
_00414_,1.8µm
_00420_,1.8µm
_00431_,1.8µm
_00433_,1.8µm
_00434_,1.8µm
_00436_,1.8µm
_00437_,1.8µm
_00441_,1.8µm
_00466_,1.8µm
_00505_,1.8µm
_00513_,1.8µm
_00537_,1.8µm
_00545_,1.8µm
_00548_,1.8µm
_00552_,1.8µm
_00556_,1.8µm
_00568_,1.8µm
_00576_,1.8µm
_00577_,1.8µm
_00578_,1.8µm
_00579_,1.8µm
_00580_,1.8µm
_00583_,1.8µm
_00587_,1.8µm
_00588_,1.8µm
_00591_,1.8µm
_00596_,1.8µm
_00601_,1.8µm
_00604_,1.8µm
_00670_,1.8µm
_00673_,1.8µm
_00681_,1.8µm
_00685_,1.8µm
_00700_,1.8µm
_00705_,1.8µm
_00707_,1.8µm
_00713_,1.8µm
_00720_,1.8µm
_00727_,1.8µm
_00755_,1.8µm
_00762_,1.8µm
_00770_,1.8µm
_00771_,1.8µm
_00781_,1.8µm
_00786_,1.8µm
_00792_,1.8µm
_00794_,1.8µm
_00795_,1.8µm
_00797_,1.8µm
_00804_,1.8µm
_00816_,1.8µm
_00820_,1.8µm
_00825_,1.8µm
_00841_,1.8µm
_00849_,1.8µm
_00858_,1.8µm
_00864_,1.8µm
_00867_,1.8µm
_00871_,1.8µm
_00874_,1.8µm
_00875_,1.8µm
_00876_,1.8µm
_00877_,1.8µm
_00883_,1.8µm
_00893_,1.8µm
_00909_,1.8µm
_00922_,1.8µm
_00958_,1.8µm
_00977_,1.8µm
_00983_,1.8µm
_00997_,1.8µm
_01011_,1.8µm
_01018_,1.8µm
_01022_,1.8µm
_01023_,1.8µm
_01024_,1.8µm
_01028_,1.8µm
_01029_,1.8µm
_01032_,1.8µm
_01037_,1.8µm
_01039_,1.8µm
_01043_,1.8µm
_01050_,1.8µm
_01057_,1.8µm
_01060_,1.8µm
_01078_,1.8µm
_01089_,1.8µm
_01100_,1.8µm
_01111_,1.8µm
_01132_,1.8µm
_01138_,1.8µm
_01141_,1.8µm
_01155_,1.8µm
_01185_,1.8µm
_01213_,1.8µm
_01218_,1.8µm
_01220_,1.8µm
_01221_,1.8µm
_01249_,1.8µm
_01258_,1.8µm
_01373_,1.8µm
_01390_,1.8µm
_01393_,1.8µm
_01487_,1.8µm
_01490_,1.8µm
_01491_,1.8µm
_01896_,1.8µm
_01904_,1.8µm
_02629_,1.8µm
_02635_,1.8µm
_02639_,1.8µm
_02642_,1.8µm
_02644_,1.8µm
_02820_,1.8µm
_03010_,1.8µm
_03061_,1.8µm
_03731_,1.8µm
_04197_,1.8µm
_04327_,1.8µm
_04328_,1.8µm
_05416_,1.8µm
_05432_,1.8µm
_05963_,1.8µm
_05984_,1.8µm
_06002_,1.8µm
_04462_,1.745µm
_01143_,1.7µm
_01451_,1.7µm
_03627_,1.7µm
_00232_,1.59µm
_00306_,1.59µm
_00312_,1.59µm
_03594_,1.46µm
_01254_,1.44µm
_01283_,1.44µm
_01499_,1.44µm
_04740_,1.44µm
_01453_,1.38µm
_02369_,1.38µm
_02582_,1.38µm
_03857_,1.38µm
_04241_,1.38µm
_05718_,1.38µm
u_picorv32.picorv32_core.alu_out_q\[21\],1.38µm
_01178_,0.96µm
_01180_,0.96µm
_01252_,0.96µm
_01298_,0.96µm
_01313_,0.96µm
_01460_,0.96µm
_01577_,0.96µm
_02030_,0.96µm
_02126_,0.96µm
_02836_,0.96µm
_03082_,0.96µm
_03154_,0.96µm
_03330_,0.96µm
_03526_,0.96µm
u_picorv32.picorv32_core.mem_do_rinst,0.96µm
net3158,0.96µm
