Instance,Terminal,Layer,X location,Y location,Voltage
FILLER_63_502,VDD,Metal1,247.6910,253.8560,1.200000
FILLER_63_495,VDD,Metal1,245.0490,253.8580,1.200000
FILLER_63_488,VDD,Metal1,241.6890,253.8580,1.200000
FILLER_63_481,VDD,Metal1,238.3290,253.8580,1.200000
FILLER_63_474,VDD,Metal1,234.9690,253.8580,1.200000
FILLER_63_467,VDD,Metal1,231.6090,253.8580,1.200000
FILLER_63_460,VDD,Metal1,228.2490,253.8580,1.200000
FILLER_63_453,VDD,Metal1,224.8890,253.8580,1.199999
FILLER_63_446,VDD,Metal1,221.5290,253.8580,1.199999
FILLER_63_439,VDD,Metal1,218.1690,253.8580,1.199999
FILLER_63_432,VDD,Metal1,214.8090,253.8580,1.199999
FILLER_63_425,VDD,Metal1,211.4490,253.8580,1.199999
FILLER_63_418,VDD,Metal1,208.0890,253.8580,1.199999
FILLER_63_411,VDD,Metal1,204.7290,253.8580,1.199999
FILLER_63_404,VDD,Metal1,201.3690,253.8580,1.199999
FILLER_63_397,VDD,Metal1,198.0090,253.8580,1.199999
FILLER_63_390,VDD,Metal1,194.6490,253.8580,1.199999
FILLER_63_383,VDD,Metal1,191.2890,253.8580,1.199999
FILLER_63_376,VDD,Metal1,187.9290,253.8580,1.199999
FILLER_63_369,VDD,Metal1,184.5690,253.8580,1.199999
FILLER_63_362,VDD,Metal1,181.2090,253.8580,1.199999
FILLER_63_355,VDD,Metal1,177.8490,253.8580,1.199999
FILLER_63_348,VDD,Metal1,174.4890,253.8580,1.199999
FILLER_63_341,VDD,Metal1,171.1290,253.8580,1.199999
FILLER_63_336,VDD,Metal1,167.2800,253.2600,1.199999
FILLER_63_332,VDD,Metal1,166.0910,253.8560,1.199999
FILLER_63_325,VDD,Metal1,163.4490,253.8580,1.199999
FILLER_63_320,VDD,Metal1,159.6000,253.2600,1.199905
FILLER_63_318,VDD,Metal1,158.8800,253.2600,1.199905
FILLER_63_311,VDD,Metal1,156.7290,253.8580,1.199905
FILLER_63_306,VDD,Metal1,152.8800,253.2600,1.199812
FILLER_63_299,VDD,Metal1,150.9690,253.8580,1.199812
FILLER_63_293,VDD,Metal1,146.8800,253.2600,1.199810
FILLER_63_289,VDD,Metal1,145.4510,253.8560,1.199810
FILLER_63_284,VDD,Metal1,142.3200,253.2600,1.199809
FILLER_63_257,VDD,Metal1,130.8090,253.8580,1.199821
FILLER_63_243,VDD,Metal1,122.8800,253.2600,1.199824
FILLER_63_237,VDD,Metal1,120.0000,253.2600,1.199840
FILLER_63_230,VDD,Metal1,117.8490,253.8580,1.199841
FILLER_63_223,VDD,Metal1,114.4890,253.8580,1.199892
FILLER_63_216,VDD,Metal1,111.1290,253.8580,1.199892
FILLER_63_209,VDD,Metal1,107.7690,253.8580,1.199892
FILLER_63_201,VDD,Metal1,103.2110,253.8560,1.199940
FILLER_63_194,VDD,Metal1,100.5690,253.8580,1.199942
FILLER_63_187,VDD,Metal1,97.2090,253.8580,1.199959
FILLER_63_180,VDD,Metal1,93.8490,253.8580,1.199969
FILLER_63_173,VDD,Metal1,90.4890,253.8580,1.199967
FILLER_63_166,VDD,Metal1,87.1290,253.8580,1.199965
FILLER_63_159,VDD,Metal1,83.7690,253.8580,1.199963
FILLER_63_152,VDD,Metal1,80.4090,253.8580,1.199961
FILLER_63_145,VDD,Metal1,77.0490,253.8580,1.199960
FILLER_63_138,VDD,Metal1,73.6890,253.8580,1.199959
FILLER_63_131,VDD,Metal1,70.3290,253.8580,1.199938
FILLER_63_124,VDD,Metal1,66.9690,253.8580,1.199935
FILLER_63_117,VDD,Metal1,63.6090,253.8580,1.199935
FILLER_63_100,VDD,Metal1,54.0000,253.2600,1.199935
FILLER_63_98,VDD,Metal1,53.2800,253.2600,1.199935
FILLER_63_91,VDD,Metal1,51.1290,253.8580,1.199935
FILLER_63_86,VDD,Metal1,47.2800,253.2600,1.199975
FILLER_63_82,VDD,Metal1,46.0910,253.8560,1.199975
FILLER_63_75,VDD,Metal1,43.4490,253.8580,1.199977
FILLER_63_68,VDD,Metal1,40.0890,253.8580,1.199979
FILLER_63_61,VDD,Metal1,36.7290,253.8580,1.199982
FILLER_63_56,VDD,Metal1,32.8800,253.2600,1.199983
FILLER_63_49,VDD,Metal1,30.9690,253.8580,1.199986
FILLER_63_42,VDD,Metal1,27.6090,253.8580,1.199988
FILLER_63_35,VDD,Metal1,24.2490,253.8580,1.199991
FILLER_63_28,VDD,Metal1,20.8890,253.8580,1.199994
FILLER_63_21,VDD,Metal1,17.5290,253.8580,1.199996
FILLER_63_14,VDD,Metal1,14.1690,253.8580,1.199996
FILLER_63_7,VDD,Metal1,10.8090,253.8580,1.199996
FILLER_63_0,VDD,Metal1,7.4490,253.8580,1.199996
FILLER_62_505,VDD,Metal1,248.4000,253.2600,1.200000
FILLER_62_498,VDD,Metal1,246.4890,252.6610,1.200000
FILLER_62_491,VDD,Metal1,243.1290,252.6610,1.200000
FILLER_62_484,VDD,Metal1,239.7690,252.6610,1.200000
FILLER_62_477,VDD,Metal1,236.4090,252.6610,1.200000
FILLER_62_470,VDD,Metal1,233.0490,252.6610,1.200000
FILLER_62_463,VDD,Metal1,229.6890,252.6610,1.200000
FILLER_62_456,VDD,Metal1,226.3290,252.6610,1.199999
FILLER_62_449,VDD,Metal1,222.9690,252.6610,1.199999
FILLER_62_442,VDD,Metal1,219.6090,252.6610,1.199999
FILLER_62_435,VDD,Metal1,216.2490,252.6610,1.199999
FILLER_62_428,VDD,Metal1,212.8890,252.6610,1.199999
FILLER_62_421,VDD,Metal1,209.5290,252.6610,1.199999
FILLER_62_414,VDD,Metal1,206.1690,252.6610,1.199999
FILLER_62_407,VDD,Metal1,202.8090,252.6610,1.199999
FILLER_62_400,VDD,Metal1,199.4490,252.6610,1.199999
FILLER_62_393,VDD,Metal1,196.0890,252.6610,1.199999
FILLER_62_386,VDD,Metal1,192.7290,252.6610,1.199999
FILLER_62_379,VDD,Metal1,189.3690,252.6610,1.199999
FILLER_62_372,VDD,Metal1,186.0090,252.6610,1.199999
FILLER_62_365,VDD,Metal1,182.6490,252.6610,1.199999
FILLER_62_358,VDD,Metal1,179.2890,252.6610,1.199999
FILLER_62_351,VDD,Metal1,175.9290,252.6610,1.199999
FILLER_62_344,VDD,Metal1,172.5690,252.6610,1.199999
FILLER_62_337,VDD,Metal1,169.2090,252.6610,1.199999
FILLER_62_330,VDD,Metal1,165.8490,252.6610,1.199999
FILLER_62_323,VDD,Metal1,162.4890,252.6610,1.199999
FILLER_62_316,VDD,Metal1,159.1290,252.6610,1.199905
FILLER_62_309,VDD,Metal1,155.7690,252.6610,1.199905
FILLER_62_302,VDD,Metal1,152.4090,252.6610,1.199812
FILLER_62_295,VDD,Metal1,149.0490,252.6610,1.199811
FILLER_62_288,VDD,Metal1,145.6890,252.6610,1.199810
FILLER_62_259,VDD,Metal1,130.5600,253.2600,1.199821
FILLER_62_203,VDD,Metal1,103.6800,253.2600,1.199940
FILLER_62_199,VDD,Metal1,102.2510,252.6630,1.199940
FILLER_62_192,VDD,Metal1,99.6090,252.6610,1.199953
FILLER_62_185,VDD,Metal1,96.2490,252.6610,1.199970
FILLER_62_174,VDD,Metal1,90.9690,252.6610,1.199969
FILLER_62_167,VDD,Metal1,87.6090,252.6610,1.199967
FILLER_62_160,VDD,Metal1,84.2490,252.6610,1.199965
FILLER_62_153,VDD,Metal1,80.8890,252.6610,1.199963
FILLER_62_146,VDD,Metal1,77.5290,252.6610,1.199961
FILLER_62_139,VDD,Metal1,74.1690,252.6610,1.199960
FILLER_62_123,VDD,Metal1,65.7710,252.6630,1.199935
FILLER_62_95,VDD,Metal1,51.6000,253.2600,1.199934
FILLER_62_91,VDD,Metal1,50.4110,252.6630,1.199935
FILLER_62_84,VDD,Metal1,47.7690,252.6610,1.199975
FILLER_62_77,VDD,Metal1,44.4090,252.6610,1.199975
FILLER_62_70,VDD,Metal1,41.0490,252.6610,1.199978
FILLER_62_63,VDD,Metal1,37.6890,252.6610,1.199980
FILLER_62_56,VDD,Metal1,34.3290,252.6610,1.199983
FILLER_62_49,VDD,Metal1,30.9690,252.6610,1.199986
FILLER_62_42,VDD,Metal1,27.6090,252.6610,1.199988
FILLER_62_35,VDD,Metal1,24.2490,252.6610,1.199991
FILLER_62_28,VDD,Metal1,20.8890,252.6610,1.199994
FILLER_62_21,VDD,Metal1,17.5290,252.6610,1.199996
FILLER_62_14,VDD,Metal1,14.1690,252.6610,1.199996
FILLER_62_7,VDD,Metal1,10.8090,252.6610,1.199996
FILLER_62_0,VDD,Metal1,7.4490,252.6610,1.199996
FILLER_61_505,VDD,Metal1,248.4000,245.7000,1.200000
FILLER_61_498,VDD,Metal1,246.4890,246.2980,1.200000
FILLER_61_491,VDD,Metal1,243.1290,246.2980,1.200000
FILLER_61_484,VDD,Metal1,239.7690,246.2980,1.200000
FILLER_61_477,VDD,Metal1,236.4090,246.2980,1.200000
FILLER_61_470,VDD,Metal1,233.0490,246.2980,1.200000
FILLER_61_463,VDD,Metal1,229.6890,246.2980,1.200000
FILLER_61_456,VDD,Metal1,226.3290,246.2980,1.200000
FILLER_61_449,VDD,Metal1,222.9690,246.2980,1.200000
FILLER_61_442,VDD,Metal1,219.6090,246.2980,1.200000
FILLER_61_435,VDD,Metal1,216.2490,246.2980,1.200000
FILLER_61_428,VDD,Metal1,212.8890,246.2980,1.200000
FILLER_61_421,VDD,Metal1,209.5290,246.2980,1.200000
FILLER_61_414,VDD,Metal1,206.1690,246.2980,1.200000
FILLER_61_407,VDD,Metal1,202.8090,246.2980,1.200000
FILLER_61_400,VDD,Metal1,199.4490,246.2980,1.200000
FILLER_61_393,VDD,Metal1,196.0890,246.2980,1.200000
FILLER_61_386,VDD,Metal1,192.7290,246.2980,1.200000
FILLER_61_379,VDD,Metal1,189.3690,246.2980,1.200000
FILLER_61_372,VDD,Metal1,186.0090,246.2980,1.200000
FILLER_61_365,VDD,Metal1,182.6490,246.2980,1.200000
FILLER_61_358,VDD,Metal1,179.2890,246.2980,1.200000
FILLER_61_351,VDD,Metal1,175.9290,246.2980,1.200000
FILLER_61_344,VDD,Metal1,172.5690,246.2980,1.200000
FILLER_61_337,VDD,Metal1,169.2090,246.2980,1.200000
FILLER_61_330,VDD,Metal1,165.8490,246.2980,1.200000
FILLER_61_323,VDD,Metal1,162.4890,246.2980,1.199999
FILLER_61_316,VDD,Metal1,159.1290,246.2980,1.199999
FILLER_61_309,VDD,Metal1,155.7690,246.2980,1.199999
FILLER_61_302,VDD,Metal1,152.4090,246.2980,1.199999
FILLER_61_295,VDD,Metal1,149.0490,246.2980,1.199999
FILLER_61_288,VDD,Metal1,145.6890,246.2980,1.199999
FILLER_61_281,VDD,Metal1,142.3290,246.2980,1.199998
FILLER_61_274,VDD,Metal1,138.9690,246.2980,1.199998
FILLER_61_264,VDD,Metal1,132.7200,245.7000,1.199963
FILLER_61_256,VDD,Metal1,129.6110,246.2960,1.199963
FILLER_61_249,VDD,Metal1,126.9690,246.2980,1.199963
FILLER_61_243,VDD,Metal1,122.6400,245.7000,1.199963
FILLER_61_241,VDD,Metal1,121.9200,245.7000,1.199963
FILLER_61_236,VDD,Metal1,119.2800,245.7000,1.199963
FILLER_61_229,VDD,Metal1,116.1600,245.7000,1.199964
FILLER_61_222,VDD,Metal1,114.0090,246.2980,1.199964
FILLER_61_207,VDD,Metal1,105.6000,245.7000,1.199965
FILLER_61_203,VDD,Metal1,104.1710,246.2960,1.199966
FILLER_61_170,VDD,Metal1,87.8400,245.7000,1.199955
FILLER_61_163,VDD,Metal1,85.6890,246.2980,1.199953
FILLER_61_156,VDD,Metal1,82.3290,246.2980,1.199937
FILLER_61_149,VDD,Metal1,78.9690,246.2980,1.199921
FILLER_61_121,VDD,Metal1,64.0800,245.7000,1.199915
FILLER_61_119,VDD,Metal1,63.3600,245.7000,1.199915
FILLER_61_112,VDD,Metal1,61.2090,246.2980,1.199917
FILLER_61_102,VDD,Metal1,54.9600,245.7000,1.199923
FILLER_61_98,VDD,Metal1,53.7710,246.2960,1.199923
FILLER_61_91,VDD,Metal1,51.1290,246.2980,1.199949
FILLER_61_84,VDD,Metal1,47.7690,246.2980,1.199951
FILLER_61_77,VDD,Metal1,44.4090,246.2980,1.199953
FILLER_61_70,VDD,Metal1,41.0490,246.2980,1.199985
FILLER_61_63,VDD,Metal1,37.6890,246.2980,1.199987
FILLER_61_56,VDD,Metal1,34.3290,246.2980,1.199989
FILLER_61_49,VDD,Metal1,30.9690,246.2980,1.199991
FILLER_61_42,VDD,Metal1,27.6090,246.2980,1.199992
FILLER_61_35,VDD,Metal1,24.2490,246.2980,1.199994
FILLER_61_28,VDD,Metal1,20.8890,246.2980,1.199996
FILLER_61_21,VDD,Metal1,17.5290,246.2980,1.199997
FILLER_61_14,VDD,Metal1,14.1690,246.2980,1.199997
FILLER_61_7,VDD,Metal1,10.8090,246.2980,1.199997
FILLER_61_0,VDD,Metal1,7.4490,246.2980,1.199997
FILLER_60_505,VDD,Metal1,248.4000,245.7000,1.200000
FILLER_60_503,VDD,Metal1,247.6800,245.7000,1.200000
FILLER_60_496,VDD,Metal1,245.5290,245.1010,1.200000
FILLER_60_489,VDD,Metal1,242.1690,245.1010,1.200000
FILLER_60_482,VDD,Metal1,238.8090,245.1010,1.200000
FILLER_60_475,VDD,Metal1,235.4490,245.1010,1.200000
FILLER_60_468,VDD,Metal1,232.0890,245.1010,1.200000
FILLER_60_461,VDD,Metal1,228.7290,245.1010,1.200000
FILLER_60_454,VDD,Metal1,225.3690,245.1010,1.200000
FILLER_60_447,VDD,Metal1,222.0090,245.1010,1.200000
FILLER_60_440,VDD,Metal1,218.6490,245.1010,1.200000
FILLER_60_433,VDD,Metal1,215.2890,245.1010,1.200000
FILLER_60_426,VDD,Metal1,211.9290,245.1010,1.200000
FILLER_60_419,VDD,Metal1,208.5690,245.1010,1.200000
FILLER_60_412,VDD,Metal1,205.2090,245.1010,1.200000
FILLER_60_405,VDD,Metal1,201.8490,245.1010,1.200000
FILLER_60_398,VDD,Metal1,198.4890,245.1010,1.200000
FILLER_60_391,VDD,Metal1,195.1290,245.1010,1.200000
FILLER_60_384,VDD,Metal1,191.7690,245.1010,1.200000
FILLER_60_377,VDD,Metal1,188.4090,245.1010,1.200000
FILLER_60_370,VDD,Metal1,185.0490,245.1010,1.200000
FILLER_60_363,VDD,Metal1,181.6890,245.1010,1.200000
FILLER_60_356,VDD,Metal1,178.3290,245.1010,1.200000
FILLER_60_349,VDD,Metal1,174.9690,245.1010,1.200000
FILLER_60_342,VDD,Metal1,171.6090,245.1010,1.200000
FILLER_60_335,VDD,Metal1,168.2490,245.1010,1.200000
FILLER_60_328,VDD,Metal1,164.8890,245.1010,1.199999
FILLER_60_321,VDD,Metal1,161.5290,245.1010,1.199999
FILLER_60_314,VDD,Metal1,158.1690,245.1010,1.199999
FILLER_60_307,VDD,Metal1,154.8090,245.1010,1.199999
FILLER_60_300,VDD,Metal1,151.4490,245.1010,1.199999
FILLER_60_293,VDD,Metal1,148.0890,245.1010,1.199999
FILLER_60_286,VDD,Metal1,144.7290,245.1010,1.199998
FILLER_60_279,VDD,Metal1,141.3690,245.1010,1.199998
FILLER_60_272,VDD,Metal1,138.0090,245.1010,1.199998
FILLER_60_265,VDD,Metal1,134.6490,245.1010,1.199962
FILLER_60_258,VDD,Metal1,131.2890,245.1010,1.199963
FILLER_60_251,VDD,Metal1,127.9290,245.1010,1.199963
FILLER_60_244,VDD,Metal1,124.5690,245.1010,1.199963
FILLER_60_237,VDD,Metal1,121.2090,245.1010,1.199963
FILLER_60_230,VDD,Metal1,117.8490,245.1010,1.199963
FILLER_60_223,VDD,Metal1,114.4890,245.1010,1.199964
FILLER_60_216,VDD,Metal1,111.1290,245.1010,1.199964
FILLER_60_209,VDD,Metal1,107.7690,245.1010,1.199964
FILLER_60_202,VDD,Metal1,103.2000,245.7000,1.199967
FILLER_60_198,VDD,Metal1,101.7710,245.1030,1.199970
FILLER_60_191,VDD,Metal1,99.1290,245.1010,1.199970
FILLER_60_184,VDD,Metal1,94.5600,245.7000,1.199985
FILLER_60_180,VDD,Metal1,93.1310,245.1030,1.199974
FILLER_60_173,VDD,Metal1,90.4890,245.1010,1.199970
FILLER_60_167,VDD,Metal1,86.1600,245.7000,1.199953
FILLER_60_160,VDD,Metal1,84.2490,245.1010,1.199953
FILLER_60_153,VDD,Metal1,80.8890,245.1010,1.199937
FILLER_60_146,VDD,Metal1,77.5290,245.1010,1.199921
FILLER_60_137,VDD,Metal1,72.4910,245.1030,1.199915
FILLER_60_126,VDD,Metal1,66.7200,245.7000,1.199915
FILLER_60_119,VDD,Metal1,64.5690,245.1010,1.199915
FILLER_60_112,VDD,Metal1,61.2090,245.1010,1.199917
FILLER_60_105,VDD,Metal1,56.6400,245.7000,1.199923
FILLER_60_98,VDD,Metal1,54.4890,245.1010,1.199923
FILLER_60_91,VDD,Metal1,51.1290,245.1010,1.199949
FILLER_60_84,VDD,Metal1,47.7690,245.1010,1.199951
FILLER_60_77,VDD,Metal1,44.4090,245.1010,1.199953
FILLER_60_72,VDD,Metal1,40.5600,245.7000,1.199985
FILLER_60_70,VDD,Metal1,39.8400,245.7000,1.199985
FILLER_60_63,VDD,Metal1,37.6890,245.1010,1.199987
FILLER_60_56,VDD,Metal1,34.3290,245.1010,1.199989
FILLER_60_49,VDD,Metal1,30.9690,245.1010,1.199991
FILLER_60_42,VDD,Metal1,27.6090,245.1010,1.199992
FILLER_60_35,VDD,Metal1,24.2490,245.1010,1.199994
FILLER_60_28,VDD,Metal1,20.8890,245.1010,1.199996
FILLER_60_21,VDD,Metal1,17.5290,245.1010,1.199997
FILLER_60_14,VDD,Metal1,14.1690,245.1010,1.199997
FILLER_60_7,VDD,Metal1,10.8090,245.1010,1.199997
FILLER_60_0,VDD,Metal1,7.4490,245.1010,1.199997
FILLER_59_505,VDD,Metal1,248.4000,238.1400,1.200000
FILLER_59_501,VDD,Metal1,247.2110,238.7360,1.200000
FILLER_59_494,VDD,Metal1,244.5690,238.7380,1.200000
FILLER_59_487,VDD,Metal1,241.2090,238.7380,1.200000
FILLER_59_480,VDD,Metal1,237.8490,238.7380,1.199999
FILLER_59_473,VDD,Metal1,234.4890,238.7380,1.199999
FILLER_59_466,VDD,Metal1,231.1290,238.7380,1.199999
FILLER_59_459,VDD,Metal1,227.7690,238.7380,1.199998
FILLER_59_452,VDD,Metal1,224.4090,238.7380,1.199998
FILLER_59_445,VDD,Metal1,221.0490,238.7380,1.199998
FILLER_59_438,VDD,Metal1,217.6890,238.7380,1.199998
FILLER_59_431,VDD,Metal1,214.3290,238.7380,1.199997
FILLER_59_424,VDD,Metal1,210.9690,238.7380,1.199997
FILLER_59_417,VDD,Metal1,207.6090,238.7380,1.199997
FILLER_59_410,VDD,Metal1,204.2490,238.7380,1.199997
FILLER_59_403,VDD,Metal1,200.8890,238.7380,1.199997
FILLER_59_396,VDD,Metal1,197.5290,238.7380,1.199996
FILLER_59_389,VDD,Metal1,194.1690,238.7380,1.199996
FILLER_59_382,VDD,Metal1,190.8090,238.7380,1.199996
FILLER_59_375,VDD,Metal1,187.4490,238.7380,1.199996
FILLER_59_368,VDD,Metal1,184.0890,238.7380,1.199996
FILLER_59_361,VDD,Metal1,180.7290,238.7380,1.199995
FILLER_59_354,VDD,Metal1,177.3690,238.7380,1.199995
FILLER_59_347,VDD,Metal1,174.0090,238.7380,1.199995
FILLER_59_340,VDD,Metal1,170.6490,238.7380,1.199995
FILLER_59_333,VDD,Metal1,167.2890,238.7380,1.199982
FILLER_59_326,VDD,Metal1,163.9290,238.7380,1.199969
FILLER_59_319,VDD,Metal1,160.5690,238.7380,1.199957
FILLER_59_312,VDD,Metal1,157.2090,238.7380,1.199944
FILLER_59_305,VDD,Metal1,153.8490,238.7380,1.199931
FILLER_59_298,VDD,Metal1,150.4890,238.7380,1.199919
FILLER_59_291,VDD,Metal1,147.1290,238.7380,1.199906
FILLER_59_284,VDD,Metal1,143.7690,238.7380,1.199906
FILLER_59_277,VDD,Metal1,140.4090,238.7380,1.199906
FILLER_59_272,VDD,Metal1,136.5600,238.1400,1.199909
FILLER_59_265,VDD,Metal1,134.6490,238.7380,1.199909
FILLER_59_258,VDD,Metal1,131.2890,238.7380,1.199910
FILLER_59_240,VDD,Metal1,121.9310,238.7360,1.199911
FILLER_59_233,VDD,Metal1,119.2890,238.7380,1.199917
FILLER_59_226,VDD,Metal1,115.9290,238.7380,1.199952
FILLER_59_219,VDD,Metal1,112.5690,238.7380,1.199952
FILLER_59_212,VDD,Metal1,109.2090,238.7380,1.199952
FILLER_59_205,VDD,Metal1,105.8490,238.7380,1.199952
FILLER_59_198,VDD,Metal1,102.4890,238.7380,1.199954
FILLER_59_191,VDD,Metal1,99.1290,238.7380,1.199962
FILLER_59_184,VDD,Metal1,95.7690,238.7380,1.199969
FILLER_59_177,VDD,Metal1,92.4090,238.7380,1.199798
FILLER_59_170,VDD,Metal1,89.0490,238.7380,1.199776
FILLER_59_142,VDD,Metal1,74.1600,238.1400,1.199750
FILLER_59_140,VDD,Metal1,73.4400,238.1400,1.199750
FILLER_59_133,VDD,Metal1,71.2890,238.7380,1.199750
FILLER_59_126,VDD,Metal1,67.9290,238.7380,1.199750
FILLER_59_119,VDD,Metal1,64.5690,238.7380,1.199750
FILLER_59_112,VDD,Metal1,61.2090,238.7380,1.199750
FILLER_59_106,VDD,Metal1,57.1200,238.1400,1.199750
FILLER_59_102,VDD,Metal1,55.6910,238.7360,1.199751
FILLER_59_95,VDD,Metal1,53.0490,238.7380,1.199755
FILLER_59_67,VDD,Metal1,38.1600,238.1400,1.199764
FILLER_59_60,VDD,Metal1,36.2490,238.7380,1.199766
FILLER_59_53,VDD,Metal1,32.8890,238.7380,1.199809
FILLER_59_46,VDD,Metal1,29.5290,238.7380,1.199852
FILLER_59_39,VDD,Metal1,26.1690,238.7380,1.199896
FILLER_59_32,VDD,Metal1,22.8090,238.7380,1.199939
FILLER_59_25,VDD,Metal1,19.4490,238.7380,1.199982
FILLER_59_18,VDD,Metal1,16.0890,238.7380,1.199982
FILLER_59_11,VDD,Metal1,12.7290,238.7380,1.199982
FILLER_59_4,VDD,Metal1,9.3690,238.7380,1.199981
FILLER_58_504,VDD,Metal1,248.1600,238.1400,1.200000
FILLER_58_497,VDD,Metal1,246.0090,237.5410,1.200000
FILLER_58_490,VDD,Metal1,242.6490,237.5410,1.200000
FILLER_58_483,VDD,Metal1,239.2890,237.5410,1.199999
FILLER_58_476,VDD,Metal1,235.9290,237.5410,1.199999
FILLER_58_469,VDD,Metal1,232.5690,237.5410,1.199999
FILLER_58_462,VDD,Metal1,229.2090,237.5410,1.199998
FILLER_58_455,VDD,Metal1,225.8490,237.5410,1.199998
FILLER_58_448,VDD,Metal1,222.4890,237.5410,1.199998
FILLER_58_441,VDD,Metal1,219.1290,237.5410,1.199998
FILLER_58_434,VDD,Metal1,215.7690,237.5410,1.199997
FILLER_58_427,VDD,Metal1,212.4090,237.5410,1.199997
FILLER_58_420,VDD,Metal1,209.0490,237.5410,1.199997
FILLER_58_413,VDD,Metal1,205.6890,237.5410,1.199997
FILLER_58_406,VDD,Metal1,202.3290,237.5410,1.199997
FILLER_58_399,VDD,Metal1,198.9690,237.5410,1.199996
FILLER_58_392,VDD,Metal1,195.6090,237.5410,1.199996
FILLER_58_385,VDD,Metal1,192.2490,237.5410,1.199996
FILLER_58_378,VDD,Metal1,188.8890,237.5410,1.199996
FILLER_58_371,VDD,Metal1,185.5290,237.5410,1.199996
FILLER_58_364,VDD,Metal1,182.1690,237.5410,1.199995
FILLER_58_357,VDD,Metal1,178.8090,237.5410,1.199995
FILLER_58_350,VDD,Metal1,175.4490,237.5410,1.199995
FILLER_58_343,VDD,Metal1,172.0890,237.5410,1.199995
FILLER_58_336,VDD,Metal1,168.7290,237.5410,1.199982
FILLER_58_329,VDD,Metal1,165.3690,237.5410,1.199969
FILLER_58_322,VDD,Metal1,162.0090,237.5410,1.199957
FILLER_58_315,VDD,Metal1,158.6490,237.5410,1.199944
FILLER_58_308,VDD,Metal1,155.2890,237.5410,1.199931
FILLER_58_301,VDD,Metal1,151.9290,237.5410,1.199919
FILLER_58_294,VDD,Metal1,148.5690,237.5410,1.199906
FILLER_58_266,VDD,Metal1,133.6800,238.1400,1.199908
FILLER_58_262,VDD,Metal1,132.4910,237.5430,1.199910
FILLER_58_204,VDD,Metal1,104.6510,237.5430,1.199954
FILLER_58_197,VDD,Metal1,102.0090,237.5410,1.199962
FILLER_58_190,VDD,Metal1,98.6490,237.5410,1.199969
FILLER_58_184,VDD,Metal1,94.5600,238.1400,1.199972
FILLER_58_180,VDD,Metal1,93.1310,237.5430,1.199798
FILLER_58_173,VDD,Metal1,90.4890,237.5410,1.199776
FILLER_58_166,VDD,Metal1,87.1290,237.5410,1.199754
FILLER_58_159,VDD,Metal1,83.7690,237.5410,1.199752
FILLER_58_152,VDD,Metal1,80.4090,237.5410,1.199752
FILLER_58_144,VDD,Metal1,75.8510,237.5430,1.199752
FILLER_58_137,VDD,Metal1,73.2090,237.5410,1.199750
FILLER_58_130,VDD,Metal1,69.8490,237.5410,1.199750
FILLER_58_102,VDD,Metal1,54.9600,238.1400,1.199751
FILLER_58_95,VDD,Metal1,53.0490,237.5410,1.199755
FILLER_58_88,VDD,Metal1,49.6890,237.5410,1.199761
FILLER_58_77,VDD,Metal1,43.2000,238.1400,1.199763
FILLER_58_70,VDD,Metal1,41.0490,237.5410,1.199763
FILLER_58_63,VDD,Metal1,37.6890,237.5410,1.199766
FILLER_58_56,VDD,Metal1,34.3290,237.5410,1.199809
FILLER_58_49,VDD,Metal1,30.9690,237.5410,1.199852
FILLER_58_42,VDD,Metal1,27.6090,237.5410,1.199896
FILLER_58_35,VDD,Metal1,24.2490,237.5410,1.199939
FILLER_58_28,VDD,Metal1,20.8890,237.5410,1.199982
FILLER_58_21,VDD,Metal1,17.5290,237.5410,1.199982
FILLER_58_14,VDD,Metal1,14.1690,237.5410,1.199982
FILLER_58_7,VDD,Metal1,10.8090,237.5410,1.199981
FILLER_58_0,VDD,Metal1,7.4490,237.5410,1.199981
FILLER_57_505,VDD,Metal1,248.4000,230.5800,1.199999
FILLER_57_498,VDD,Metal1,246.4890,231.1780,1.199999
FILLER_57_491,VDD,Metal1,243.1290,231.1780,1.199999
FILLER_57_484,VDD,Metal1,239.7690,231.1780,1.199998
FILLER_57_477,VDD,Metal1,236.4090,231.1780,1.199998
FILLER_57_470,VDD,Metal1,233.0490,231.1780,1.199997
FILLER_57_463,VDD,Metal1,229.6890,231.1780,1.199997
FILLER_57_456,VDD,Metal1,226.3290,231.1780,1.199996
FILLER_57_449,VDD,Metal1,222.9690,231.1780,1.199996
FILLER_57_442,VDD,Metal1,219.6090,231.1780,1.199995
FILLER_57_435,VDD,Metal1,216.2490,231.1780,1.199995
FILLER_57_428,VDD,Metal1,212.8890,231.1780,1.199994
FILLER_57_421,VDD,Metal1,209.5290,231.1780,1.199994
FILLER_57_414,VDD,Metal1,206.1690,231.1780,1.199993
FILLER_57_407,VDD,Metal1,202.8090,231.1780,1.199993
FILLER_57_400,VDD,Metal1,199.4490,231.1780,1.199992
FILLER_57_393,VDD,Metal1,196.0890,231.1780,1.199992
FILLER_57_386,VDD,Metal1,192.7290,231.1780,1.199991
FILLER_57_379,VDD,Metal1,189.3690,231.1780,1.199991
FILLER_57_372,VDD,Metal1,186.0090,231.1780,1.199990
FILLER_57_365,VDD,Metal1,182.6490,231.1780,1.199990
FILLER_57_358,VDD,Metal1,179.2890,231.1780,1.199989
FILLER_57_351,VDD,Metal1,175.9290,231.1780,1.199989
FILLER_57_344,VDD,Metal1,172.5690,231.1780,1.199988
FILLER_57_337,VDD,Metal1,169.2090,231.1780,1.199988
FILLER_57_330,VDD,Metal1,165.8490,231.1780,1.199979
FILLER_57_323,VDD,Metal1,162.4890,231.1780,1.199970
FILLER_57_316,VDD,Metal1,159.1290,231.1780,1.199962
FILLER_57_309,VDD,Metal1,155.7690,231.1780,1.199953
FILLER_57_302,VDD,Metal1,152.4090,231.1780,1.199944
FILLER_57_295,VDD,Metal1,149.0490,231.1780,1.199936
FILLER_57_288,VDD,Metal1,145.6890,231.1780,1.199927
FILLER_57_281,VDD,Metal1,142.3290,231.1780,1.199918
FILLER_57_272,VDD,Metal1,137.2910,231.1760,1.199910
FILLER_57_266,VDD,Metal1,133.9200,230.5800,1.199777
FILLER_57_262,VDD,Metal1,132.4910,231.1760,1.199777
FILLER_57_258,VDD,Metal1,129.8400,230.5800,1.199808
FILLER_57_256,VDD,Metal1,129.1200,230.5800,1.199809
FILLER_57_249,VDD,Metal1,126.9690,231.1780,1.199810
FILLER_57_231,VDD,Metal1,116.8800,230.5800,1.199898
FILLER_57_224,VDD,Metal1,114.9690,231.1780,1.199899
FILLER_57_217,VDD,Metal1,111.6090,231.1780,1.199902
FILLER_57_179,VDD,Metal1,92.1600,230.5800,1.199981
FILLER_57_175,VDD,Metal1,90.7310,231.1760,1.199972
FILLER_57_168,VDD,Metal1,88.0890,231.1780,1.199972
FILLER_57_161,VDD,Metal1,84.7290,231.1780,1.199972
FILLER_57_154,VDD,Metal1,81.3690,231.1780,1.199972
FILLER_57_147,VDD,Metal1,78.0090,231.1780,1.199971
FILLER_57_140,VDD,Metal1,74.6490,231.1780,1.199971
FILLER_57_133,VDD,Metal1,71.2890,231.1780,1.199968
FILLER_57_126,VDD,Metal1,67.9290,231.1780,1.199968
FILLER_57_119,VDD,Metal1,64.5690,231.1780,1.199967
FILLER_57_112,VDD,Metal1,61.2090,231.1780,1.199967
FILLER_57_102,VDD,Metal1,54.9600,230.5800,1.199966
FILLER_57_98,VDD,Metal1,53.7710,231.1760,1.199966
FILLER_57_91,VDD,Metal1,51.1290,231.1780,1.199966
FILLER_57_82,VDD,Metal1,46.0910,231.1760,1.199965
FILLER_57_75,VDD,Metal1,43.4490,231.1780,1.199965
FILLER_57_68,VDD,Metal1,40.0890,231.1780,1.199965
FILLER_57_63,VDD,Metal1,36.2400,230.5800,1.199965
FILLER_57_56,VDD,Metal1,34.3290,231.1780,1.199967
FILLER_57_49,VDD,Metal1,30.9690,231.1780,1.199972
FILLER_57_42,VDD,Metal1,27.6090,231.1780,1.199977
FILLER_57_35,VDD,Metal1,24.2490,231.1780,1.199982
FILLER_57_28,VDD,Metal1,20.8890,231.1780,1.199987
FILLER_57_21,VDD,Metal1,17.5290,231.1780,1.199992
FILLER_57_14,VDD,Metal1,14.1690,231.1780,1.199992
FILLER_57_7,VDD,Metal1,10.8090,231.1780,1.199992
FILLER_57_0,VDD,Metal1,7.4490,231.1780,1.199992
FILLER_56_505,VDD,Metal1,248.4000,230.5800,1.199999
FILLER_56_503,VDD,Metal1,247.6800,230.5800,1.199999
FILLER_56_496,VDD,Metal1,245.5290,229.9810,1.199999
FILLER_56_489,VDD,Metal1,242.1690,229.9810,1.199998
FILLER_56_482,VDD,Metal1,238.8090,229.9810,1.199998
FILLER_56_475,VDD,Metal1,235.4490,229.9810,1.199997
FILLER_56_468,VDD,Metal1,232.0890,229.9810,1.199997
FILLER_56_461,VDD,Metal1,228.7290,229.9810,1.199996
FILLER_56_454,VDD,Metal1,225.3690,229.9810,1.199996
FILLER_56_447,VDD,Metal1,222.0090,229.9810,1.199995
FILLER_56_440,VDD,Metal1,218.6490,229.9810,1.199995
FILLER_56_433,VDD,Metal1,215.2890,229.9810,1.199994
FILLER_56_426,VDD,Metal1,211.9290,229.9810,1.199994
FILLER_56_419,VDD,Metal1,208.5690,229.9810,1.199993
FILLER_56_412,VDD,Metal1,205.2090,229.9810,1.199993
FILLER_56_405,VDD,Metal1,201.8490,229.9810,1.199992
FILLER_56_398,VDD,Metal1,198.4890,229.9810,1.199992
FILLER_56_391,VDD,Metal1,195.1290,229.9810,1.199991
FILLER_56_384,VDD,Metal1,191.7690,229.9810,1.199991
FILLER_56_377,VDD,Metal1,188.4090,229.9810,1.199990
FILLER_56_370,VDD,Metal1,185.0490,229.9810,1.199990
FILLER_56_363,VDD,Metal1,181.6890,229.9810,1.199989
FILLER_56_356,VDD,Metal1,178.3290,229.9810,1.199989
FILLER_56_349,VDD,Metal1,174.9690,229.9810,1.199988
FILLER_56_342,VDD,Metal1,171.6090,229.9810,1.199988
FILLER_56_335,VDD,Metal1,168.2490,229.9810,1.199982
FILLER_56_328,VDD,Metal1,164.8890,229.9810,1.199974
FILLER_56_321,VDD,Metal1,161.5290,229.9810,1.199965
FILLER_56_314,VDD,Metal1,158.1690,229.9810,1.199956
FILLER_56_307,VDD,Metal1,154.8090,229.9810,1.199947
FILLER_56_300,VDD,Metal1,151.4490,229.9810,1.199939
FILLER_56_293,VDD,Metal1,148.0890,229.9810,1.199930
FILLER_56_286,VDD,Metal1,144.7290,229.9810,1.199921
FILLER_56_279,VDD,Metal1,141.3690,229.9810,1.199913
FILLER_56_272,VDD,Metal1,138.0090,229.9810,1.199910
FILLER_56_253,VDD,Metal1,127.4400,230.5800,1.199810
FILLER_56_251,VDD,Metal1,126.7200,230.5800,1.199810
FILLER_56_244,VDD,Metal1,124.5690,229.9810,1.199811
FILLER_56_237,VDD,Metal1,121.2090,229.9810,1.199874
FILLER_56_231,VDD,Metal1,116.8800,230.5800,1.199898
FILLER_56_224,VDD,Metal1,114.9690,229.9810,1.199899
FILLER_56_217,VDD,Metal1,111.6090,229.9810,1.199902
FILLER_56_210,VDD,Metal1,108.2490,229.9810,1.199965
FILLER_56_200,VDD,Metal1,102.0000,230.5800,1.199983
FILLER_56_193,VDD,Metal1,100.0890,229.9810,1.199983
FILLER_56_186,VDD,Metal1,96.7290,229.9810,1.199983
FILLER_56_165,VDD,Metal1,85.2000,230.5800,1.199972
FILLER_56_163,VDD,Metal1,84.4800,230.5800,1.199972
FILLER_56_149,VDD,Metal1,77.5200,230.5800,1.199971
FILLER_56_145,VDD,Metal1,76.3310,229.9830,1.199971
FILLER_56_136,VDD,Metal1,71.2800,230.5800,1.199968
FILLER_56_130,VDD,Metal1,68.6400,230.5800,1.199968
FILLER_56_123,VDD,Metal1,66.4890,229.9810,1.199968
FILLER_56_116,VDD,Metal1,63.1290,229.9810,1.199967
FILLER_56_100,VDD,Metal1,55.4490,229.9810,1.199966
FILLER_56_93,VDD,Metal1,52.0890,229.9810,1.199966
FILLER_56_86,VDD,Metal1,48.7290,229.9810,1.199966
FILLER_56_58,VDD,Metal1,33.8400,230.5800,1.199967
FILLER_56_56,VDD,Metal1,33.1200,230.5800,1.199967
FILLER_56_49,VDD,Metal1,30.9690,229.9810,1.199972
FILLER_56_42,VDD,Metal1,27.6090,229.9810,1.199977
FILLER_56_35,VDD,Metal1,24.2490,229.9810,1.199982
FILLER_56_28,VDD,Metal1,20.8890,229.9810,1.199987
FILLER_56_21,VDD,Metal1,17.5290,229.9810,1.199992
FILLER_56_14,VDD,Metal1,14.1690,229.9810,1.199992
FILLER_56_7,VDD,Metal1,10.8090,229.9810,1.199992
FILLER_56_0,VDD,Metal1,7.4490,229.9810,1.199992
FILLER_55_505,VDD,Metal1,248.4000,223.0200,1.200000
FILLER_55_501,VDD,Metal1,247.2110,223.6160,1.200000
FILLER_55_494,VDD,Metal1,244.5690,223.6180,1.199998
FILLER_55_487,VDD,Metal1,241.2090,223.6180,1.199997
FILLER_55_480,VDD,Metal1,237.8490,223.6180,1.199996
FILLER_55_473,VDD,Metal1,234.4890,223.6180,1.199995
FILLER_55_466,VDD,Metal1,231.1290,223.6180,1.199994
FILLER_55_459,VDD,Metal1,227.7690,223.6180,1.199993
FILLER_55_452,VDD,Metal1,224.4090,223.6180,1.199992
FILLER_55_445,VDD,Metal1,221.0490,223.6180,1.199991
FILLER_55_438,VDD,Metal1,217.6890,223.6180,1.199990
FILLER_55_431,VDD,Metal1,214.3290,223.6180,1.199989
FILLER_55_424,VDD,Metal1,210.9690,223.6180,1.199988
FILLER_55_417,VDD,Metal1,207.6090,223.6180,1.199987
FILLER_55_410,VDD,Metal1,204.2490,223.6180,1.199986
FILLER_55_403,VDD,Metal1,200.8890,223.6180,1.199985
FILLER_55_396,VDD,Metal1,197.5290,223.6180,1.199984
FILLER_55_389,VDD,Metal1,194.1690,223.6180,1.199983
FILLER_55_382,VDD,Metal1,190.8090,223.6180,1.199982
FILLER_55_375,VDD,Metal1,187.4490,223.6180,1.199981
FILLER_55_368,VDD,Metal1,184.0890,223.6180,1.199980
FILLER_55_361,VDD,Metal1,180.7290,223.6180,1.199979
FILLER_55_354,VDD,Metal1,177.3690,223.6180,1.199978
FILLER_55_347,VDD,Metal1,174.0090,223.6180,1.199977
FILLER_55_340,VDD,Metal1,170.6490,223.6180,1.199976
FILLER_55_333,VDD,Metal1,167.2890,223.6180,1.199911
FILLER_55_326,VDD,Metal1,163.9290,223.6180,1.199846
FILLER_55_319,VDD,Metal1,160.5690,223.6180,1.199781
FILLER_55_312,VDD,Metal1,157.2090,223.6180,1.199717
FILLER_55_284,VDD,Metal1,142.3200,223.0200,1.199680
FILLER_55_282,VDD,Metal1,141.6000,223.0200,1.199680
FILLER_55_275,VDD,Metal1,139.4490,223.6180,1.199659
FILLER_55_268,VDD,Metal1,136.0890,223.6180,1.199655
FILLER_55_261,VDD,Metal1,132.7290,223.6180,1.199655
FILLER_55_253,VDD,Metal1,128.1710,223.6160,1.199655
FILLER_55_246,VDD,Metal1,125.5290,223.6180,1.199555
FILLER_55_239,VDD,Metal1,122.1690,223.6180,1.199554
FILLER_55_232,VDD,Metal1,118.8090,223.6180,1.199844
FILLER_55_225,VDD,Metal1,115.4490,223.6180,1.199844
FILLER_55_218,VDD,Metal1,112.0890,223.6180,1.199844
FILLER_55_212,VDD,Metal1,108.0000,223.0200,1.199844
FILLER_55_205,VDD,Metal1,105.8490,223.6180,1.199844
FILLER_55_198,VDD,Metal1,102.4890,223.6180,1.199846
FILLER_55_191,VDD,Metal1,99.1290,223.6180,1.199891
FILLER_55_184,VDD,Metal1,95.7690,223.6180,1.199937
FILLER_55_177,VDD,Metal1,92.4090,223.6180,1.199918
FILLER_55_170,VDD,Metal1,89.0490,223.6180,1.199899
FILLER_55_163,VDD,Metal1,85.6890,223.6180,1.199880
FILLER_55_157,VDD,Metal1,81.3600,223.0200,1.199875
FILLER_55_120,VDD,Metal1,63.8400,223.0200,1.199871
FILLER_55_113,VDD,Metal1,61.6890,223.6180,1.199875
FILLER_55_106,VDD,Metal1,58.3290,223.6180,1.199875
FILLER_55_99,VDD,Metal1,54.9690,223.6180,1.199875
FILLER_55_88,VDD,Metal1,49.6890,223.6180,1.199885
FILLER_55_81,VDD,Metal1,46.3290,223.6180,1.199891
FILLER_55_73,VDD,Metal1,41.7710,223.6160,1.199933
FILLER_55_63,VDD,Metal1,36.2400,223.0200,1.199965
FILLER_55_56,VDD,Metal1,34.3290,223.6180,1.199968
FILLER_55_49,VDD,Metal1,30.9690,223.6180,1.199971
FILLER_55_42,VDD,Metal1,27.6090,223.6180,1.199975
FILLER_55_35,VDD,Metal1,24.2490,223.6180,1.199979
FILLER_55_28,VDD,Metal1,20.8890,223.6180,1.199982
FILLER_55_21,VDD,Metal1,17.5290,223.6180,1.199984
FILLER_55_16,VDD,Metal1,13.6800,223.0200,1.199980
FILLER_55_14,VDD,Metal1,12.9600,223.0200,1.199980
FILLER_55_7,VDD,Metal1,10.8090,223.6180,1.199979
FILLER_55_0,VDD,Metal1,7.4490,223.6180,1.199979
FILLER_54_505,VDD,Metal1,248.4000,223.0200,1.200000
FILLER_54_498,VDD,Metal1,246.4890,222.4210,1.200000
FILLER_54_491,VDD,Metal1,243.1290,222.4210,1.199998
FILLER_54_484,VDD,Metal1,239.7690,222.4210,1.199997
FILLER_54_477,VDD,Metal1,236.4090,222.4210,1.199996
FILLER_54_470,VDD,Metal1,233.0490,222.4210,1.199995
FILLER_54_463,VDD,Metal1,229.6890,222.4210,1.199994
FILLER_54_456,VDD,Metal1,226.3290,222.4210,1.199993
FILLER_54_449,VDD,Metal1,222.9690,222.4210,1.199992
FILLER_54_442,VDD,Metal1,219.6090,222.4210,1.199991
FILLER_54_435,VDD,Metal1,216.2490,222.4210,1.199990
FILLER_54_428,VDD,Metal1,212.8890,222.4210,1.199989
FILLER_54_421,VDD,Metal1,209.5290,222.4210,1.199988
FILLER_54_414,VDD,Metal1,206.1690,222.4210,1.199987
FILLER_54_407,VDD,Metal1,202.8090,222.4210,1.199986
FILLER_54_400,VDD,Metal1,199.4490,222.4210,1.199985
FILLER_54_393,VDD,Metal1,196.0890,222.4210,1.199984
FILLER_54_386,VDD,Metal1,192.7290,222.4210,1.199983
FILLER_54_379,VDD,Metal1,189.3690,222.4210,1.199982
FILLER_54_372,VDD,Metal1,186.0090,222.4210,1.199981
FILLER_54_365,VDD,Metal1,182.6490,222.4210,1.199980
FILLER_54_358,VDD,Metal1,179.2890,222.4210,1.199979
FILLER_54_351,VDD,Metal1,175.9290,222.4210,1.199978
FILLER_54_344,VDD,Metal1,172.5690,222.4210,1.199977
FILLER_54_337,VDD,Metal1,169.2090,222.4210,1.199976
FILLER_54_330,VDD,Metal1,165.8490,222.4210,1.199911
FILLER_54_323,VDD,Metal1,162.4890,222.4210,1.199846
FILLER_54_316,VDD,Metal1,159.1290,222.4210,1.199781
FILLER_54_309,VDD,Metal1,155.7690,222.4210,1.199717
FILLER_54_302,VDD,Metal1,152.4090,222.4210,1.199717
FILLER_54_296,VDD,Metal1,148.0800,223.0200,1.199717
FILLER_54_294,VDD,Metal1,147.3600,223.0200,1.199717
FILLER_54_288,VDD,Metal1,144.4800,223.0200,1.199717
FILLER_54_283,VDD,Metal1,141.8400,223.0200,1.199680
FILLER_54_279,VDD,Metal1,140.6510,222.4230,1.199659
FILLER_54_206,VDD,Metal1,105.1200,223.0200,1.199844
FILLER_54_202,VDD,Metal1,103.6910,222.4230,1.199846
FILLER_54_195,VDD,Metal1,101.0490,222.4210,1.199846
FILLER_54_188,VDD,Metal1,97.6890,222.4210,1.199891
FILLER_54_181,VDD,Metal1,94.3290,222.4210,1.199937
FILLER_54_174,VDD,Metal1,90.9690,222.4210,1.199918
FILLER_54_167,VDD,Metal1,87.6090,222.4210,1.199899
FILLER_54_160,VDD,Metal1,84.2490,222.4210,1.199880
FILLER_54_153,VDD,Metal1,80.8890,222.4210,1.199875
FILLER_54_146,VDD,Metal1,77.5290,222.4210,1.199870
FILLER_54_139,VDD,Metal1,74.1690,222.4210,1.199868
FILLER_54_133,VDD,Metal1,69.8400,223.0200,1.199868
FILLER_54_131,VDD,Metal1,69.1200,223.0200,1.199869
FILLER_54_124,VDD,Metal1,66.9690,222.4210,1.199869
FILLER_54_117,VDD,Metal1,63.6090,222.4210,1.199871
FILLER_54_88,VDD,Metal1,48.4800,223.0200,1.199884
FILLER_54_81,VDD,Metal1,46.3290,222.4210,1.199891
FILLER_54_75,VDD,Metal1,42.0000,223.0200,1.199933
FILLER_54_71,VDD,Metal1,40.8110,222.4230,1.199933
FILLER_54_64,VDD,Metal1,38.1690,222.4210,1.199959
FILLER_54_57,VDD,Metal1,34.8090,222.4210,1.199965
FILLER_54_50,VDD,Metal1,31.4490,222.4210,1.199968
FILLER_54_43,VDD,Metal1,28.0890,222.4210,1.199971
FILLER_54_36,VDD,Metal1,24.7290,222.4210,1.199975
FILLER_54_29,VDD,Metal1,21.3690,222.4210,1.199979
FILLER_54_22,VDD,Metal1,18.0090,222.4210,1.199982
FILLER_54_4,VDD,Metal1,8.1600,223.0200,1.199979
FILLER_53_505,VDD,Metal1,248.4000,215.4600,1.199997
FILLER_53_503,VDD,Metal1,247.6800,215.4600,1.199997
FILLER_53_496,VDD,Metal1,245.5290,216.0580,1.199997
FILLER_53_489,VDD,Metal1,242.1690,216.0580,1.199996
FILLER_53_482,VDD,Metal1,238.8090,216.0580,1.199995
FILLER_53_475,VDD,Metal1,235.4490,216.0580,1.199993
FILLER_53_468,VDD,Metal1,232.0890,216.0580,1.199992
FILLER_53_461,VDD,Metal1,228.7290,216.0580,1.199991
FILLER_53_454,VDD,Metal1,225.3690,216.0580,1.199990
FILLER_53_447,VDD,Metal1,222.0090,216.0580,1.199988
FILLER_53_440,VDD,Metal1,218.6490,216.0580,1.199987
FILLER_53_433,VDD,Metal1,215.2890,216.0580,1.199986
FILLER_53_426,VDD,Metal1,211.9290,216.0580,1.199985
FILLER_53_419,VDD,Metal1,208.5690,216.0580,1.199983
FILLER_53_412,VDD,Metal1,205.2090,216.0580,1.199982
FILLER_53_405,VDD,Metal1,201.8490,216.0580,1.199981
FILLER_53_398,VDD,Metal1,198.4890,216.0580,1.199980
FILLER_53_391,VDD,Metal1,195.1290,216.0580,1.199979
FILLER_53_384,VDD,Metal1,191.7690,216.0580,1.199977
FILLER_53_377,VDD,Metal1,188.4090,216.0580,1.199976
FILLER_53_370,VDD,Metal1,185.0490,216.0580,1.199975
FILLER_53_363,VDD,Metal1,181.6890,216.0580,1.199974
FILLER_53_356,VDD,Metal1,178.3290,216.0580,1.199972
FILLER_53_349,VDD,Metal1,174.9690,216.0580,1.199971
FILLER_53_342,VDD,Metal1,171.6090,216.0580,1.199970
FILLER_53_335,VDD,Metal1,168.2490,216.0580,1.199961
FILLER_53_328,VDD,Metal1,164.8890,216.0580,1.199940
FILLER_53_314,VDD,Metal1,156.7200,215.4600,1.199889
FILLER_53_310,VDD,Metal1,155.5310,216.0560,1.199889
FILLER_53_303,VDD,Metal1,152.8890,216.0580,1.199886
FILLER_53_296,VDD,Metal1,149.5290,216.0580,1.199837
FILLER_53_289,VDD,Metal1,146.1690,216.0580,1.199827
FILLER_53_282,VDD,Metal1,142.8090,216.0580,1.199789
FILLER_53_276,VDD,Metal1,138.4800,215.4600,1.199793
FILLER_53_274,VDD,Metal1,137.7600,215.4600,1.199794
FILLER_53_267,VDD,Metal1,135.6090,216.0580,1.199795
FILLER_53_260,VDD,Metal1,131.0400,215.4600,1.199796
FILLER_53_222,VDD,Metal1,112.8000,215.4600,1.199802
FILLER_53_215,VDD,Metal1,110.6490,216.0580,1.199829
FILLER_53_208,VDD,Metal1,107.2890,216.0580,1.199856
FILLER_53_185,VDD,Metal1,94.8000,215.4600,1.199979
FILLER_53_181,VDD,Metal1,93.6110,216.0560,1.199754
FILLER_53_174,VDD,Metal1,90.9690,216.0580,1.199725
FILLER_53_156,VDD,Metal1,81.6110,216.0560,1.199484
FILLER_53_149,VDD,Metal1,78.9690,216.0580,1.199455
FILLER_53_142,VDD,Metal1,75.6090,216.0580,1.199426
FILLER_53_135,VDD,Metal1,72.2490,216.0580,1.199397
FILLER_53_128,VDD,Metal1,68.8890,216.0580,1.199394
FILLER_53_121,VDD,Metal1,65.5290,216.0580,1.199394
FILLER_53_116,VDD,Metal1,61.6800,215.4600,1.199394
FILLER_53_114,VDD,Metal1,60.9600,215.4600,1.199394
FILLER_53_99,VDD,Metal1,53.7600,215.4600,1.199359
FILLER_53_95,VDD,Metal1,52.3310,216.0560,1.199384
FILLER_53_88,VDD,Metal1,49.6890,216.0580,1.199384
FILLER_53_81,VDD,Metal1,46.3290,216.0580,1.199384
FILLER_53_70,VDD,Metal1,41.0490,216.0580,1.199406
FILLER_53_63,VDD,Metal1,37.6890,216.0580,1.199421
FILLER_53_56,VDD,Metal1,34.3290,216.0580,1.199660
FILLER_53_49,VDD,Metal1,30.9690,216.0580,1.199660
FILLER_53_42,VDD,Metal1,27.6090,216.0580,1.199687
FILLER_53_35,VDD,Metal1,24.2490,216.0580,1.199792
FILLER_53_7,VDD,Metal1,9.3600,215.4600,1.199905
FILLER_53_0,VDD,Metal1,7.4490,216.0580,1.199905
FILLER_52_505,VDD,Metal1,248.4000,215.4600,1.199997
FILLER_52_501,VDD,Metal1,247.2110,214.8630,1.199997
FILLER_52_494,VDD,Metal1,244.5690,214.8610,1.199996
FILLER_52_487,VDD,Metal1,241.2090,214.8610,1.199995
FILLER_52_480,VDD,Metal1,237.8490,214.8610,1.199994
FILLER_52_473,VDD,Metal1,234.4890,214.8610,1.199993
FILLER_52_466,VDD,Metal1,231.1290,214.8610,1.199991
FILLER_52_459,VDD,Metal1,227.7690,214.8610,1.199990
FILLER_52_452,VDD,Metal1,224.4090,214.8610,1.199989
FILLER_52_445,VDD,Metal1,221.0490,214.8610,1.199988
FILLER_52_438,VDD,Metal1,217.6890,214.8610,1.199986
FILLER_52_431,VDD,Metal1,214.3290,214.8610,1.199985
FILLER_52_424,VDD,Metal1,210.9690,214.8610,1.199984
FILLER_52_417,VDD,Metal1,207.6090,214.8610,1.199983
FILLER_52_410,VDD,Metal1,204.2490,214.8610,1.199981
FILLER_52_403,VDD,Metal1,200.8890,214.8610,1.199980
FILLER_52_396,VDD,Metal1,197.5290,214.8610,1.199979
FILLER_52_389,VDD,Metal1,194.1690,214.8610,1.199978
FILLER_52_382,VDD,Metal1,190.8090,214.8610,1.199976
FILLER_52_375,VDD,Metal1,187.4490,214.8610,1.199975
FILLER_52_368,VDD,Metal1,184.0890,214.8610,1.199974
FILLER_52_361,VDD,Metal1,180.7290,214.8610,1.199973
FILLER_52_354,VDD,Metal1,177.3690,214.8610,1.199972
FILLER_52_347,VDD,Metal1,174.0090,214.8610,1.199970
FILLER_52_340,VDD,Metal1,170.6490,214.8610,1.199970
FILLER_52_333,VDD,Metal1,167.2890,214.8610,1.199947
FILLER_52_326,VDD,Metal1,163.9290,214.8610,1.199926
FILLER_52_319,VDD,Metal1,160.5690,214.8610,1.199920
FILLER_52_312,VDD,Metal1,157.2090,214.8610,1.199889
FILLER_52_293,VDD,Metal1,146.8800,215.4600,1.199827
FILLER_52_276,VDD,Metal1,139.2110,214.8630,1.199793
FILLER_52_268,VDD,Metal1,135.3710,214.8630,1.199795
FILLER_52_261,VDD,Metal1,132.7290,214.8610,1.199795
FILLER_52_254,VDD,Metal1,129.3690,214.8610,1.199796
FILLER_52_247,VDD,Metal1,126.0090,214.8610,1.199800
FILLER_52_240,VDD,Metal1,122.6490,214.8610,1.199800
FILLER_52_233,VDD,Metal1,119.2890,214.8610,1.199800
FILLER_52_226,VDD,Metal1,115.9290,214.8610,1.199801
FILLER_52_219,VDD,Metal1,112.5690,214.8610,1.199802
FILLER_52_212,VDD,Metal1,109.2090,214.8610,1.199829
FILLER_52_205,VDD,Metal1,105.8490,214.8610,1.199856
FILLER_52_195,VDD,Metal1,99.6000,215.4600,1.199907
FILLER_52_189,VDD,Metal1,96.9600,215.4600,1.199945
FILLER_52_185,VDD,Metal1,95.5310,214.8630,1.199979
FILLER_52_178,VDD,Metal1,92.8890,214.8610,1.199754
FILLER_52_168,VDD,Metal1,87.3710,214.8630,1.199725
FILLER_52_160,VDD,Metal1,83.0400,215.4600,1.199714
FILLER_52_153,VDD,Metal1,80.8890,214.8610,1.199484
FILLER_52_146,VDD,Metal1,77.5290,214.8610,1.199455
FILLER_52_139,VDD,Metal1,74.1690,214.8610,1.199426
FILLER_52_110,VDD,Metal1,59.0400,215.4600,1.199357
FILLER_52_106,VDD,Metal1,57.6110,214.8630,1.199357
FILLER_52_99,VDD,Metal1,54.9690,214.8610,1.199359
FILLER_52_65,VDD,Metal1,38.6490,214.8610,1.199411
FILLER_52_38,VDD,Metal1,25.6890,214.8610,1.199792
FILLER_52_31,VDD,Metal1,22.3290,214.8610,1.199897
FILLER_52_24,VDD,Metal1,17.7600,215.4600,1.199909
FILLER_52_17,VDD,Metal1,15.6090,214.8610,1.199907
FILLER_52_11,VDD,Metal1,11.2800,215.4600,1.199905
FILLER_52_7,VDD,Metal1,10.0910,214.8630,1.199905
FILLER_52_0,VDD,Metal1,7.4490,214.8610,1.199905
FILLER_51_499,VDD,Metal1,246.9690,208.4980,1.199997
FILLER_51_492,VDD,Metal1,243.6090,208.4980,1.199994
FILLER_51_485,VDD,Metal1,240.2490,208.4980,1.199990
FILLER_51_478,VDD,Metal1,236.8890,208.4980,1.199990
FILLER_51_471,VDD,Metal1,233.5290,208.4980,1.199989
FILLER_51_464,VDD,Metal1,230.1690,208.4980,1.199988
FILLER_51_457,VDD,Metal1,226.8090,208.4980,1.199987
FILLER_51_450,VDD,Metal1,223.4490,208.4980,1.199987
FILLER_51_443,VDD,Metal1,220.0890,208.4980,1.199986
FILLER_51_436,VDD,Metal1,216.7290,208.4980,1.199985
FILLER_51_429,VDD,Metal1,213.3690,208.4980,1.199984
FILLER_51_422,VDD,Metal1,210.0090,208.4980,1.199984
FILLER_51_415,VDD,Metal1,206.6490,208.4980,1.199983
FILLER_51_408,VDD,Metal1,203.2890,208.4980,1.199982
FILLER_51_401,VDD,Metal1,199.9290,208.4980,1.199981
FILLER_51_394,VDD,Metal1,196.5690,208.4980,1.199981
FILLER_51_387,VDD,Metal1,193.2090,208.4980,1.199980
FILLER_51_380,VDD,Metal1,189.8490,208.4980,1.199979
FILLER_51_373,VDD,Metal1,186.4890,208.4980,1.199978
FILLER_51_366,VDD,Metal1,183.1290,208.4980,1.199978
FILLER_51_359,VDD,Metal1,179.7690,208.4980,1.199977
FILLER_51_352,VDD,Metal1,176.4090,208.4980,1.199976
FILLER_51_345,VDD,Metal1,173.0490,208.4980,1.199975
FILLER_51_338,VDD,Metal1,169.6890,208.4980,1.199975
FILLER_51_331,VDD,Metal1,166.3290,208.4980,1.199959
FILLER_51_324,VDD,Metal1,162.9690,208.4980,1.199944
FILLER_51_265,VDD,Metal1,133.4400,207.9000,1.199886
FILLER_51_258,VDD,Metal1,131.2890,208.4980,1.199887
FILLER_51_251,VDD,Metal1,127.9290,208.4980,1.199893
FILLER_51_244,VDD,Metal1,124.5690,208.4980,1.199895
FILLER_51_237,VDD,Metal1,121.2090,208.4980,1.199895
FILLER_51_230,VDD,Metal1,117.8490,208.4980,1.199898
FILLER_51_223,VDD,Metal1,114.4890,208.4980,1.199911
FILLER_51_216,VDD,Metal1,111.1290,208.4980,1.199911
FILLER_51_209,VDD,Metal1,107.7690,208.4980,1.199914
FILLER_51_202,VDD,Metal1,104.4090,208.4980,1.199929
FILLER_51_195,VDD,Metal1,101.0490,208.4980,1.199935
FILLER_51_188,VDD,Metal1,97.6890,208.4980,1.199936
FILLER_51_181,VDD,Metal1,94.3290,208.4980,1.199954
FILLER_51_174,VDD,Metal1,90.9690,208.4980,1.199933
FILLER_51_167,VDD,Metal1,87.6090,208.4980,1.199812
FILLER_51_160,VDD,Metal1,84.2490,208.4980,1.199805
FILLER_51_131,VDD,Metal1,69.1200,207.9000,1.199646
FILLER_51_127,VDD,Metal1,67.6910,208.4960,1.199646
FILLER_51_105,VDD,Metal1,57.1310,208.4960,1.199668
FILLER_51_98,VDD,Metal1,54.4890,208.4980,1.199826
FILLER_51_87,VDD,Metal1,47.7600,207.9000,1.199873
FILLER_51_80,VDD,Metal1,45.8490,208.4980,1.199882
FILLER_51_71,VDD,Metal1,40.8110,208.4960,1.199894
FILLER_51_43,VDD,Metal1,26.6400,207.9000,1.199896
FILLER_51_36,VDD,Metal1,24.7290,208.4980,1.199896
FILLER_51_29,VDD,Metal1,21.3690,208.4980,1.199961
FILLER_51_22,VDD,Metal1,18.0090,208.4980,1.199968
FILLER_51_15,VDD,Metal1,14.6490,208.4980,1.199961
FILLER_51_7,VDD,Metal1,10.0910,208.4960,1.199961
FILLER_51_0,VDD,Metal1,7.4490,208.4980,1.199961
FILLER_50_505,VDD,Metal1,248.4000,207.9000,1.199997
FILLER_50_503,VDD,Metal1,247.6800,207.9000,1.199997
FILLER_50_496,VDD,Metal1,245.5290,207.3010,1.199997
FILLER_50_489,VDD,Metal1,242.1690,207.3010,1.199994
FILLER_50_478,VDD,Metal1,236.8890,207.3010,1.199990
FILLER_50_471,VDD,Metal1,233.5290,207.3010,1.199989
FILLER_50_464,VDD,Metal1,230.1690,207.3010,1.199988
FILLER_50_457,VDD,Metal1,226.8090,207.3010,1.199987
FILLER_50_450,VDD,Metal1,223.4490,207.3010,1.199987
FILLER_50_443,VDD,Metal1,220.0890,207.3010,1.199986
FILLER_50_436,VDD,Metal1,216.7290,207.3010,1.199985
FILLER_50_429,VDD,Metal1,213.3690,207.3010,1.199984
FILLER_50_422,VDD,Metal1,210.0090,207.3010,1.199984
FILLER_50_415,VDD,Metal1,206.6490,207.3010,1.199983
FILLER_50_408,VDD,Metal1,203.2890,207.3010,1.199982
FILLER_50_401,VDD,Metal1,199.9290,207.3010,1.199981
FILLER_50_394,VDD,Metal1,196.5690,207.3010,1.199981
FILLER_50_387,VDD,Metal1,193.2090,207.3010,1.199980
FILLER_50_380,VDD,Metal1,189.8490,207.3010,1.199979
FILLER_50_373,VDD,Metal1,186.4890,207.3010,1.199978
FILLER_50_366,VDD,Metal1,183.1290,207.3010,1.199978
FILLER_50_359,VDD,Metal1,179.7690,207.3010,1.199977
FILLER_50_352,VDD,Metal1,176.4090,207.3010,1.199976
FILLER_50_345,VDD,Metal1,173.0490,207.3010,1.199975
FILLER_50_338,VDD,Metal1,169.6890,207.3010,1.199975
FILLER_50_331,VDD,Metal1,166.3290,207.3010,1.199959
FILLER_50_324,VDD,Metal1,162.9690,207.3010,1.199944
FILLER_50_317,VDD,Metal1,159.6090,207.3010,1.199928
FILLER_50_310,VDD,Metal1,156.2490,207.3010,1.199923
FILLER_50_301,VDD,Metal1,151.2110,207.3030,1.199923
FILLER_50_295,VDD,Metal1,147.6000,207.9000,1.199906
FILLER_50_293,VDD,Metal1,146.8800,207.9000,1.199906
FILLER_50_278,VDD,Metal1,139.6800,207.9000,1.199870
FILLER_50_274,VDD,Metal1,138.2510,207.3030,1.199870
FILLER_50_258,VDD,Metal1,131.2890,207.3010,1.199887
FILLER_50_184,VDD,Metal1,94.3200,207.9000,1.199954
FILLER_50_182,VDD,Metal1,93.6000,207.9000,1.199954
FILLER_50_166,VDD,Metal1,85.9200,207.9000,1.199806
FILLER_50_159,VDD,Metal1,83.7690,207.3010,1.199803
FILLER_50_152,VDD,Metal1,80.4090,207.3010,1.199647
FILLER_50_137,VDD,Metal1,71.7600,207.9000,1.199647
FILLER_50_133,VDD,Metal1,70.5710,207.3030,1.199647
FILLER_50_126,VDD,Metal1,67.9290,207.3010,1.199646
FILLER_50_119,VDD,Metal1,64.5690,207.3010,1.199617
FILLER_50_112,VDD,Metal1,60.0000,207.9000,1.199666
FILLER_50_105,VDD,Metal1,57.8490,207.3010,1.199668
FILLER_50_98,VDD,Metal1,54.4890,207.3010,1.199826
FILLER_50_91,VDD,Metal1,49.9200,207.9000,1.199871
FILLER_50_87,VDD,Metal1,48.4910,207.3030,1.199873
FILLER_50_80,VDD,Metal1,45.8490,207.3010,1.199882
FILLER_50_73,VDD,Metal1,42.4890,207.3010,1.199894
FILLER_50_66,VDD,Metal1,39.1290,207.3010,1.199895
FILLER_50_59,VDD,Metal1,35.7690,207.3010,1.199896
FILLER_50_52,VDD,Metal1,32.4090,207.3010,1.199896
FILLER_50_39,VDD,Metal1,24.7200,207.9000,1.199896
FILLER_50_32,VDD,Metal1,22.8090,207.3010,1.199961
FILLER_50_0,VDD,Metal1,6.0000,207.9000,1.199961
FILLER_49_473,VDD,Metal1,233.0400,200.3400,1.199867
FILLER_49_471,VDD,Metal1,232.3200,200.3400,1.199866
FILLER_49_464,VDD,Metal1,230.1690,200.9380,1.199866
FILLER_49_457,VDD,Metal1,226.8090,200.9380,1.199866
FILLER_49_450,VDD,Metal1,223.4490,200.9380,1.199866
FILLER_49_443,VDD,Metal1,220.0890,200.9380,1.199864
FILLER_49_436,VDD,Metal1,216.7290,200.9380,1.199864
FILLER_49_429,VDD,Metal1,213.3690,200.9380,1.199863
FILLER_49_422,VDD,Metal1,210.0090,200.9380,1.199863
FILLER_49_415,VDD,Metal1,206.6490,200.9380,1.199863
FILLER_49_408,VDD,Metal1,203.2890,200.9380,1.199863
FILLER_49_401,VDD,Metal1,199.9290,200.9380,1.199968
FILLER_49_394,VDD,Metal1,196.5690,200.9380,1.199970
FILLER_49_387,VDD,Metal1,193.2090,200.9380,1.199972
FILLER_49_380,VDD,Metal1,189.8490,200.9380,1.199974
FILLER_49_373,VDD,Metal1,186.4890,200.9380,1.199977
FILLER_49_366,VDD,Metal1,183.1290,200.9380,1.199979
FILLER_49_359,VDD,Metal1,179.7690,200.9380,1.199981
FILLER_49_352,VDD,Metal1,176.4090,200.9380,1.199984
FILLER_49_345,VDD,Metal1,173.0490,200.9380,1.199986
FILLER_49_338,VDD,Metal1,169.6890,200.9380,1.199988
FILLER_49_334,VDD,Metal1,166.3200,200.3400,1.199976
FILLER_49_330,VDD,Metal1,165.1310,200.9360,1.199976
FILLER_49_323,VDD,Metal1,162.4890,200.9380,1.199933
FILLER_49_316,VDD,Metal1,159.1290,200.9380,1.199930
FILLER_49_309,VDD,Metal1,155.7690,200.9380,1.199927
FILLER_49_302,VDD,Metal1,152.4090,200.9380,1.199924
FILLER_49_295,VDD,Metal1,149.0490,200.9380,1.199921
FILLER_49_288,VDD,Metal1,145.6890,200.9380,1.199910
FILLER_49_281,VDD,Metal1,142.3290,200.9380,1.199907
FILLER_49_274,VDD,Metal1,138.9690,200.9380,1.199905
FILLER_49_267,VDD,Metal1,135.6090,200.9380,1.199905
FILLER_49_262,VDD,Metal1,131.7600,200.3400,1.199905
FILLER_49_255,VDD,Metal1,129.8490,200.9380,1.199905
FILLER_49_248,VDD,Metal1,126.4890,200.9380,1.199906
FILLER_49_241,VDD,Metal1,123.1290,200.9380,1.199907
FILLER_49_236,VDD,Metal1,119.2800,200.3400,1.199911
FILLER_49_232,VDD,Metal1,118.0910,200.9360,1.199914
FILLER_49_225,VDD,Metal1,115.4490,200.9380,1.199914
FILLER_49_218,VDD,Metal1,112.0890,200.9380,1.199921
FILLER_49_210,VDD,Metal1,107.5310,200.9360,1.199975
FILLER_49_203,VDD,Metal1,104.8890,200.9380,1.199981
FILLER_49_196,VDD,Metal1,100.3200,200.3400,1.199983
FILLER_49_189,VDD,Metal1,98.1690,200.9380,1.199990
FILLER_49_182,VDD,Metal1,94.8090,200.9380,1.199996
FILLER_49_175,VDD,Metal1,91.4490,200.9380,1.199991
FILLER_49_168,VDD,Metal1,88.0890,200.9380,1.199986
FILLER_49_162,VDD,Metal1,83.7600,200.3400,1.199981
FILLER_49_155,VDD,Metal1,81.8490,200.9380,1.199981
FILLER_49_148,VDD,Metal1,78.4890,200.9380,1.199980
FILLER_49_141,VDD,Metal1,75.1290,200.9380,1.199980
FILLER_49_134,VDD,Metal1,71.7690,200.9380,1.199979
FILLER_49_127,VDD,Metal1,68.4090,200.9380,1.199978
FILLER_49_119,VDD,Metal1,63.3600,200.3400,1.199970
FILLER_49_112,VDD,Metal1,61.2090,200.9380,1.199969
FILLER_49_105,VDD,Metal1,57.8490,200.9380,1.199966
FILLER_49_98,VDD,Metal1,54.4890,200.9380,1.199965
FILLER_49_91,VDD,Metal1,51.1290,200.9380,1.199957
FILLER_49_84,VDD,Metal1,47.7690,200.9380,1.199956
FILLER_49_77,VDD,Metal1,44.4090,200.9380,1.199957
FILLER_49_70,VDD,Metal1,41.0490,200.9380,1.199957
FILLER_49_63,VDD,Metal1,37.6890,200.9380,1.199958
FILLER_49_56,VDD,Metal1,34.3290,200.9380,1.199962
FILLER_49_49,VDD,Metal1,30.9690,200.9380,1.199966
FILLER_49_40,VDD,Metal1,25.9310,200.9360,1.199984
FILLER_49_33,VDD,Metal1,23.2890,200.9380,1.199988
FILLER_49_26,VDD,Metal1,19.9290,200.9380,1.199992
FILLER_49_20,VDD,Metal1,15.6000,200.3400,1.199993
FILLER_49_13,VDD,Metal1,13.6890,200.9380,1.199993
FILLER_49_4,VDD,Metal1,8.6510,200.9360,1.199993
FILLER_48_495,VDD,Metal1,245.0490,199.7410,1.199976
FILLER_48_488,VDD,Metal1,241.6890,199.7410,1.199976
FILLER_48_481,VDD,Metal1,238.3290,199.7410,1.199976
FILLER_48_474,VDD,Metal1,234.9690,199.7410,1.199975
FILLER_48_446,VDD,Metal1,220.0800,200.3400,1.199864
FILLER_48_442,VDD,Metal1,218.8910,199.7430,1.199864
FILLER_48_435,VDD,Metal1,216.2490,199.7410,1.199863
FILLER_48_407,VDD,Metal1,201.3600,200.3400,1.199968
FILLER_48_400,VDD,Metal1,199.4490,199.7410,1.199970
FILLER_48_393,VDD,Metal1,196.0890,199.7410,1.199972
FILLER_48_386,VDD,Metal1,192.7290,199.7410,1.199974
FILLER_48_379,VDD,Metal1,189.3690,199.7410,1.199977
FILLER_48_372,VDD,Metal1,186.0090,199.7410,1.199979
FILLER_48_365,VDD,Metal1,182.6490,199.7410,1.199981
FILLER_48_358,VDD,Metal1,179.2890,199.7410,1.199983
FILLER_48_351,VDD,Metal1,175.9290,199.7410,1.199986
FILLER_48_344,VDD,Metal1,172.5690,199.7410,1.199988
FILLER_48_337,VDD,Metal1,169.2090,199.7410,1.199989
FILLER_48_330,VDD,Metal1,165.8490,199.7410,1.199976
FILLER_48_323,VDD,Metal1,162.4890,199.7410,1.199933
FILLER_48_316,VDD,Metal1,159.1290,199.7410,1.199930
FILLER_48_309,VDD,Metal1,155.7690,199.7410,1.199927
FILLER_48_302,VDD,Metal1,152.4090,199.7410,1.199924
FILLER_48_291,VDD,Metal1,147.1290,199.7410,1.199910
FILLER_48_285,VDD,Metal1,143.0400,200.3400,1.199907
FILLER_48_254,VDD,Metal1,128.6510,199.7430,1.199906
FILLER_48_247,VDD,Metal1,126.0090,199.7410,1.199907
FILLER_48_240,VDD,Metal1,122.6490,199.7410,1.199907
FILLER_48_235,VDD,Metal1,118.8000,200.3400,1.199914
FILLER_48_228,VDD,Metal1,116.8890,199.7410,1.199914
FILLER_48_221,VDD,Metal1,113.5290,199.7410,1.199921
FILLER_48_214,VDD,Metal1,110.1690,199.7410,1.199927
FILLER_48_207,VDD,Metal1,106.8090,199.7410,1.199975
FILLER_48_200,VDD,Metal1,103.4490,199.7410,1.199981
FILLER_48_193,VDD,Metal1,100.0890,199.7410,1.199983
FILLER_48_186,VDD,Metal1,96.7290,199.7410,1.199990
FILLER_48_179,VDD,Metal1,93.3690,199.7410,1.199996
FILLER_48_165,VDD,Metal1,85.2000,200.3400,1.199981
FILLER_48_161,VDD,Metal1,84.0110,199.7430,1.199981
FILLER_48_154,VDD,Metal1,81.3690,199.7410,1.199980
FILLER_48_147,VDD,Metal1,78.0090,199.7410,1.199980
FILLER_48_140,VDD,Metal1,74.6490,199.7410,1.199979
FILLER_48_133,VDD,Metal1,71.2890,199.7410,1.199978
FILLER_48_127,VDD,Metal1,67.2000,200.3400,1.199978
FILLER_48_120,VDD,Metal1,65.0490,199.7410,1.199971
FILLER_48_107,VDD,Metal1,57.3600,200.3400,1.199966
FILLER_48_105,VDD,Metal1,56.6400,200.3400,1.199966
FILLER_48_56,VDD,Metal1,34.3290,199.7410,1.199962
FILLER_48_49,VDD,Metal1,30.9690,199.7410,1.199966
FILLER_48_42,VDD,Metal1,27.6090,199.7410,1.199984
FILLER_48_35,VDD,Metal1,24.2490,199.7410,1.199985
FILLER_48_28,VDD,Metal1,20.8890,199.7410,1.199989
FILLER_48_21,VDD,Metal1,17.5290,199.7410,1.199993
FILLER_48_14,VDD,Metal1,14.1690,199.7410,1.199993
FILLER_48_7,VDD,Metal1,10.8090,199.7410,1.199993
FILLER_48_0,VDD,Metal1,7.4490,199.7410,1.199993
FILLER_47_498,VDD,Metal1,245.7710,193.3760,1.199985
FILLER_47_491,VDD,Metal1,243.1290,193.3780,1.199984
FILLER_47_484,VDD,Metal1,239.7690,193.3780,1.199983
FILLER_47_477,VDD,Metal1,236.4090,193.3780,1.199980
FILLER_47_470,VDD,Metal1,233.0490,193.3780,1.199967
FILLER_47_463,VDD,Metal1,229.6890,193.3780,1.199963
FILLER_47_456,VDD,Metal1,226.3290,193.3780,1.199958
FILLER_47_451,VDD,Metal1,222.4800,192.7800,1.199957
FILLER_47_447,VDD,Metal1,221.2910,193.3760,1.199812
FILLER_47_435,VDD,Metal1,216.2490,193.3780,1.199782
FILLER_47_428,VDD,Metal1,212.8890,193.3780,1.199777
FILLER_47_421,VDD,Metal1,209.5290,193.3780,1.199759
FILLER_47_406,VDD,Metal1,201.1200,192.7800,1.199743
FILLER_47_388,VDD,Metal1,192.9710,193.3760,1.199759
FILLER_47_381,VDD,Metal1,190.3290,193.3780,1.199759
FILLER_47_376,VDD,Metal1,186.4800,192.7800,1.199763
FILLER_47_374,VDD,Metal1,185.7600,192.7800,1.199763
FILLER_47_367,VDD,Metal1,183.6090,193.3780,1.199763
FILLER_47_360,VDD,Metal1,180.2490,193.3780,1.199812
FILLER_47_353,VDD,Metal1,176.8890,193.3780,1.199819
FILLER_47_346,VDD,Metal1,173.5290,193.3780,1.199923
FILLER_47_339,VDD,Metal1,170.1690,193.3780,1.199926
FILLER_47_323,VDD,Metal1,162.4890,193.3780,1.199913
FILLER_47_316,VDD,Metal1,159.1290,193.3780,1.199913
FILLER_47_309,VDD,Metal1,155.7690,193.3780,1.199709
FILLER_47_268,VDD,Metal1,134.6400,192.7800,1.199593
FILLER_47_258,VDD,Metal1,129.8400,192.7800,1.199602
FILLER_47_251,VDD,Metal1,127.9290,193.3780,1.199602
FILLER_47_222,VDD,Metal1,112.8000,192.7800,1.199822
FILLER_47_215,VDD,Metal1,110.6490,193.3780,1.199822
FILLER_47_208,VDD,Metal1,107.2890,193.3780,1.199864
FILLER_47_201,VDD,Metal1,103.9290,193.3780,1.199906
FILLER_47_195,VDD,Metal1,99.6000,192.7800,1.199959
FILLER_47_177,VDD,Metal1,91.6910,193.3760,1.199353
FILLER_47_170,VDD,Metal1,89.0490,193.3780,1.199353
FILLER_47_163,VDD,Metal1,85.6890,193.3780,1.199352
FILLER_47_145,VDD,Metal1,76.3310,193.3760,1.199338
FILLER_47_138,VDD,Metal1,73.6890,193.3780,1.199338
FILLER_47_131,VDD,Metal1,70.3290,193.3780,1.199336
FILLER_47_124,VDD,Metal1,66.9690,193.3780,1.199334
FILLER_47_117,VDD,Metal1,63.6090,193.3780,1.199331
FILLER_47_110,VDD,Metal1,60.2490,193.3780,1.199330
FILLER_47_103,VDD,Metal1,56.8890,193.3780,1.199323
FILLER_47_95,VDD,Metal1,51.8400,192.7800,1.199314
FILLER_47_91,VDD,Metal1,50.4110,193.3760,1.199315
FILLER_47_84,VDD,Metal1,47.7690,193.3780,1.199578
FILLER_47_77,VDD,Metal1,44.4090,193.3780,1.199612
FILLER_47_71,VDD,Metal1,40.3200,192.7800,1.199665
FILLER_47_59,VDD,Metal1,35.7690,193.3780,1.199672
FILLER_47_52,VDD,Metal1,32.4090,193.3780,1.199759
FILLER_47_46,VDD,Metal1,28.0800,192.7800,1.199869
FILLER_47_36,VDD,Metal1,23.5200,192.7800,1.199955
FILLER_47_29,VDD,Metal1,21.3690,193.3780,1.199955
FILLER_47_22,VDD,Metal1,18.0090,193.3780,1.199963
FILLER_47_15,VDD,Metal1,14.6490,193.3780,1.199955
FILLER_47_7,VDD,Metal1,10.0910,193.3760,1.199955
FILLER_47_0,VDD,Metal1,7.4490,193.3780,1.199955
FILLER_46_472,VDD,Metal1,232.8000,192.7800,1.199967
FILLER_46_465,VDD,Metal1,230.6490,192.1810,1.199966
FILLER_46_458,VDD,Metal1,227.2890,192.1810,1.199961
FILLER_46_451,VDD,Metal1,223.9290,192.1810,1.199957
FILLER_46_444,VDD,Metal1,220.5690,192.1810,1.199812
FILLER_46_433,VDD,Metal1,213.8400,192.7800,1.199777
FILLER_46_431,VDD,Metal1,213.1200,192.7800,1.199777
FILLER_46_424,VDD,Metal1,210.9690,192.1810,1.199759
FILLER_46_417,VDD,Metal1,207.6090,192.1810,1.199740
FILLER_46_411,VDD,Metal1,203.5200,192.7800,1.199740
FILLER_46_399,VDD,Metal1,198.9690,192.1810,1.199751
FILLER_46_370,VDD,Metal1,183.8400,192.7800,1.199763
FILLER_46_355,VDD,Metal1,176.6400,192.7800,1.199819
FILLER_46_308,VDD,Metal1,155.2890,192.1810,1.199707
FILLER_46_301,VDD,Metal1,151.9290,192.1810,1.199695
FILLER_46_296,VDD,Metal1,148.0800,192.7800,1.199695
FILLER_46_294,VDD,Metal1,147.3600,192.7800,1.199695
FILLER_46_287,VDD,Metal1,145.2090,192.1810,1.199695
FILLER_46_280,VDD,Metal1,141.8490,192.1810,1.199689
FILLER_46_273,VDD,Metal1,138.4890,192.1810,1.199591
FILLER_46_266,VDD,Metal1,135.1290,192.1810,1.199591
FILLER_46_254,VDD,Metal1,129.3690,192.1810,1.199602
FILLER_46_247,VDD,Metal1,126.0090,192.1810,1.199623
FILLER_46_240,VDD,Metal1,122.6490,192.1810,1.199625
FILLER_46_234,VDD,Metal1,118.3200,192.7800,1.199625
FILLER_46_229,VDD,Metal1,115.9200,192.7800,1.199625
FILLER_46_218,VDD,Metal1,112.0890,192.1810,1.199822
FILLER_46_211,VDD,Metal1,108.7290,192.1810,1.199864
FILLER_46_204,VDD,Metal1,105.3690,192.1810,1.199906
FILLER_46_197,VDD,Metal1,102.0090,192.1810,1.199948
FILLER_46_190,VDD,Metal1,98.6490,192.1810,1.199959
FILLER_46_183,VDD,Metal1,95.2890,192.1810,1.199970
FILLER_46_176,VDD,Metal1,91.9290,192.1810,1.199353
FILLER_46_169,VDD,Metal1,88.5690,192.1810,1.199352
FILLER_46_162,VDD,Metal1,85.2090,192.1810,1.199351
FILLER_46_155,VDD,Metal1,81.8490,192.1810,1.199341
FILLER_46_148,VDD,Metal1,78.4890,192.1810,1.199339
FILLER_46_140,VDD,Metal1,73.4400,192.7800,1.199338
FILLER_46_133,VDD,Metal1,71.2890,192.1810,1.199337
FILLER_46_126,VDD,Metal1,67.9290,192.1810,1.199335
FILLER_46_119,VDD,Metal1,64.5690,192.1810,1.199333
FILLER_46_112,VDD,Metal1,61.2090,192.1810,1.199331
FILLER_46_91,VDD,Metal1,49.9200,192.7800,1.199315
FILLER_46_87,VDD,Metal1,48.4910,192.1830,1.199578
FILLER_46_80,VDD,Metal1,45.8490,192.1810,1.199612
FILLER_46_73,VDD,Metal1,42.4890,192.1810,1.199646
FILLER_46_51,VDD,Metal1,31.2110,192.1830,1.199762
FILLER_46_45,VDD,Metal1,27.6000,192.7800,1.199869
FILLER_46_39,VDD,Metal1,24.7200,192.7800,1.199947
FILLER_46_32,VDD,Metal1,22.8090,192.1810,1.199955
FILLER_46_0,VDD,Metal1,6.0000,192.7800,1.199955
FILLER_45_496,VDD,Metal1,244.3200,185.2200,1.199960
FILLER_45_489,VDD,Metal1,242.1690,185.8180,1.199947
FILLER_45_484,VDD,Metal1,238.3200,185.2200,1.199716
FILLER_45_473,VDD,Metal1,233.0400,185.2200,1.199633
FILLER_45_471,VDD,Metal1,232.3200,185.2200,1.199631
FILLER_45_464,VDD,Metal1,230.1690,185.8180,1.199631
FILLER_45_457,VDD,Metal1,226.8090,185.8180,1.199631
FILLER_45_452,VDD,Metal1,222.9600,185.2200,1.199631
FILLER_45_445,VDD,Metal1,221.0490,185.8180,1.199631
FILLER_45_402,VDD,Metal1,200.4090,185.8180,1.199828
FILLER_45_388,VDD,Metal1,192.2400,185.2200,1.199880
FILLER_45_368,VDD,Metal1,184.0890,185.8180,1.199939
FILLER_45_361,VDD,Metal1,180.7290,185.8180,1.199942
FILLER_45_354,VDD,Metal1,177.3690,185.8180,1.199948
FILLER_45_347,VDD,Metal1,174.0090,185.8180,1.199953
FILLER_45_335,VDD,Metal1,167.0400,185.2200,1.199959
FILLER_45_328,VDD,Metal1,164.8890,185.8180,1.199907
FILLER_45_321,VDD,Metal1,161.5290,185.8180,1.199901
FILLER_45_314,VDD,Metal1,158.1690,185.8180,1.199901
FILLER_45_308,VDD,Metal1,154.0800,185.2200,1.199901
FILLER_45_298,VDD,Metal1,149.0400,185.2200,1.199877
FILLER_45_291,VDD,Metal1,147.1290,185.8180,1.199873
FILLER_45_284,VDD,Metal1,143.7690,185.8180,1.199839
FILLER_45_277,VDD,Metal1,140.4090,185.8180,1.199839
FILLER_45_270,VDD,Metal1,137.0490,185.8180,1.199839
FILLER_45_263,VDD,Metal1,133.6890,185.8180,1.199839
FILLER_45_256,VDD,Metal1,130.3290,185.8180,1.199837
FILLER_45_249,VDD,Metal1,126.9690,185.8180,1.199836
FILLER_45_242,VDD,Metal1,123.6090,185.8180,1.199836
FILLER_45_235,VDD,Metal1,120.2490,185.8180,1.199837
FILLER_45_228,VDD,Metal1,116.8890,185.8180,1.199851
FILLER_45_189,VDD,Metal1,98.1690,185.8180,1.199982
FILLER_45_182,VDD,Metal1,94.8090,185.8180,1.199982
FILLER_45_175,VDD,Metal1,91.4490,185.8180,1.199981
FILLER_45_170,VDD,Metal1,87.6000,185.2200,1.199945
FILLER_45_166,VDD,Metal1,86.4110,185.8160,1.199936
FILLER_45_160,VDD,Metal1,82.8000,185.2200,1.199929
FILLER_45_153,VDD,Metal1,80.8890,185.8180,1.199928
FILLER_45_146,VDD,Metal1,77.5290,185.8180,1.199927
FILLER_45_139,VDD,Metal1,74.1690,185.8180,1.199924
FILLER_45_132,VDD,Metal1,70.8090,185.8180,1.199922
FILLER_45_107,VDD,Metal1,57.3600,185.2200,1.199903
FILLER_45_100,VDD,Metal1,55.4490,185.8180,1.199890
FILLER_45_93,VDD,Metal1,52.0890,185.8180,1.199878
FILLER_45_86,VDD,Metal1,48.7290,185.8180,1.199876
FILLER_45_79,VDD,Metal1,45.3690,185.8180,1.199876
FILLER_45_68,VDD,Metal1,40.0890,185.8180,1.199880
FILLER_45_61,VDD,Metal1,36.7290,185.8180,1.199880
FILLER_45_54,VDD,Metal1,33.3690,185.8180,1.199881
FILLER_45_47,VDD,Metal1,30.0090,185.8180,1.199881
FILLER_45_42,VDD,Metal1,26.1600,185.2200,1.199881
FILLER_45_38,VDD,Metal1,24.9710,185.8160,1.199881
FILLER_45_31,VDD,Metal1,22.3290,185.8180,1.199957
FILLER_45_24,VDD,Metal1,18.9690,185.8180,1.199988
FILLER_45_17,VDD,Metal1,14.4000,185.2200,1.199988
FILLER_45_4,VDD,Metal1,8.6510,185.8160,1.199988
FILLER_44_505,VDD,Metal1,248.4000,185.2200,1.199960
FILLER_44_503,VDD,Metal1,247.6800,185.2200,1.199960
FILLER_44_496,VDD,Metal1,245.5290,184.6210,1.199960
FILLER_44_489,VDD,Metal1,242.1690,184.6210,1.199947
FILLER_44_482,VDD,Metal1,238.8090,184.6210,1.199716
FILLER_44_475,VDD,Metal1,235.4490,184.6210,1.199669
FILLER_44_442,VDD,Metal1,218.1600,185.2200,1.199611
FILLER_44_440,VDD,Metal1,217.4400,185.2200,1.199611
FILLER_44_433,VDD,Metal1,215.2890,184.6210,1.199610
FILLER_44_426,VDD,Metal1,211.9290,184.6210,1.199610
FILLER_44_391,VDD,Metal1,194.4110,184.6230,1.199860
FILLER_44_384,VDD,Metal1,190.5600,185.2200,1.199905
FILLER_44_380,VDD,Metal1,189.1310,184.6230,1.199924
FILLER_44_374,VDD,Metal1,185.5200,185.2200,1.199939
FILLER_44_367,VDD,Metal1,183.6090,184.6210,1.199942
FILLER_44_360,VDD,Metal1,180.2490,184.6210,1.199948
FILLER_44_353,VDD,Metal1,176.8890,184.6210,1.199953
FILLER_44_346,VDD,Metal1,173.5290,184.6210,1.199956
FILLER_44_339,VDD,Metal1,170.1690,184.6210,1.199966
FILLER_44_332,VDD,Metal1,166.8090,184.6210,1.199959
FILLER_44_295,VDD,Metal1,147.6000,185.2200,1.199873
FILLER_44_293,VDD,Metal1,146.8800,185.2200,1.199873
FILLER_44_265,VDD,Metal1,133.2000,185.2200,1.199839
FILLER_44_263,VDD,Metal1,132.4800,185.2200,1.199839
FILLER_44_226,VDD,Metal1,114.4800,185.2200,1.199885
FILLER_44_219,VDD,Metal1,112.5690,184.6210,1.199894
FILLER_44_212,VDD,Metal1,109.2090,184.6210,1.199895
FILLER_44_205,VDD,Metal1,105.8490,184.6210,1.199895
FILLER_44_200,VDD,Metal1,102.0000,185.2200,1.199895
FILLER_44_196,VDD,Metal1,100.8110,184.6230,1.199895
FILLER_44_175,VDD,Metal1,90.2400,185.2200,1.199981
FILLER_44_171,VDD,Metal1,88.8110,184.6230,1.199949
FILLER_44_145,VDD,Metal1,75.6000,185.2200,1.199924
FILLER_44_138,VDD,Metal1,73.6890,184.6210,1.199922
FILLER_44_131,VDD,Metal1,70.3290,184.6210,1.199921
FILLER_44_124,VDD,Metal1,66.9690,184.6210,1.199918
FILLER_44_117,VDD,Metal1,63.6090,184.6210,1.199907
FILLER_44_111,VDD,Metal1,59.5200,185.2200,1.199903
FILLER_44_104,VDD,Metal1,57.3690,184.6210,1.199903
FILLER_44_97,VDD,Metal1,54.0090,184.6210,1.199890
FILLER_44_69,VDD,Metal1,39.1200,185.2200,1.199878
FILLER_44_65,VDD,Metal1,37.9310,184.6230,1.199880
FILLER_44_37,VDD,Metal1,23.7600,185.2200,1.199957
FILLER_44_35,VDD,Metal1,23.0400,185.2200,1.199957
FILLER_44_28,VDD,Metal1,20.8890,184.6210,1.199957
FILLER_44_21,VDD,Metal1,17.5290,184.6210,1.199988
FILLER_44_14,VDD,Metal1,14.1690,184.6210,1.199988
FILLER_44_7,VDD,Metal1,10.8090,184.6210,1.199988
FILLER_44_0,VDD,Metal1,7.4490,184.6210,1.199988
FILLER_43_478,VDD,Metal1,235.4400,177.6600,1.199944
FILLER_43_474,VDD,Metal1,234.2510,178.2560,1.199920
FILLER_43_464,VDD,Metal1,228.7200,177.6600,1.199872
FILLER_43_462,VDD,Metal1,228.0000,177.6600,1.199871
FILLER_43_443,VDD,Metal1,218.6400,177.6600,1.199851
FILLER_43_439,VDD,Metal1,217.4510,178.2560,1.199851
FILLER_43_432,VDD,Metal1,214.8090,178.2580,1.199851
FILLER_43_425,VDD,Metal1,211.4490,178.2580,1.199851
FILLER_43_418,VDD,Metal1,208.0890,178.2580,1.199851
FILLER_43_412,VDD,Metal1,204.0000,177.6600,1.199891
FILLER_43_408,VDD,Metal1,202.5710,178.2560,1.199892
FILLER_43_402,VDD,Metal1,198.9600,177.6600,1.199894
FILLER_43_395,VDD,Metal1,197.0490,178.2580,1.199895
FILLER_43_382,VDD,Metal1,189.3600,177.6600,1.199948
FILLER_43_380,VDD,Metal1,188.6400,177.6600,1.199948
FILLER_43_372,VDD,Metal1,185.2910,178.2560,1.199948
FILLER_43_365,VDD,Metal1,182.6490,178.2580,1.199948
FILLER_43_356,VDD,Metal1,176.8800,177.6600,1.199948
FILLER_43_352,VDD,Metal1,175.6910,178.2560,1.199971
FILLER_43_345,VDD,Metal1,173.0490,178.2580,1.199971
FILLER_43_338,VDD,Metal1,169.6890,178.2580,1.199971
FILLER_43_330,VDD,Metal1,165.1310,178.2560,1.199971
FILLER_43_323,VDD,Metal1,162.4890,178.2580,1.199855
FILLER_43_316,VDD,Metal1,159.1290,178.2580,1.199853
FILLER_43_309,VDD,Metal1,155.7690,178.2580,1.199850
FILLER_43_275,VDD,Metal1,138.7310,178.2560,1.199662
FILLER_43_270,VDD,Metal1,135.6000,177.6600,1.199663
FILLER_43_263,VDD,Metal1,132.4800,177.6600,1.199669
FILLER_43_259,VDD,Metal1,131.0510,178.2560,1.199861
FILLER_43_252,VDD,Metal1,128.4090,178.2580,1.199886
FILLER_43_245,VDD,Metal1,125.0490,178.2580,1.199911
FILLER_43_240,VDD,Metal1,121.2000,177.6600,1.199917
FILLER_43_238,VDD,Metal1,120.4800,177.6600,1.199917
FILLER_43_232,VDD,Metal1,117.6000,177.6600,1.199925
FILLER_43_225,VDD,Metal1,115.4490,178.2580,1.199927
FILLER_43_215,VDD,Metal1,110.6490,178.2580,1.199928
FILLER_43_208,VDD,Metal1,107.2890,178.2580,1.199930
FILLER_43_201,VDD,Metal1,103.9290,178.2580,1.199940
FILLER_43_194,VDD,Metal1,100.5690,178.2580,1.199952
FILLER_43_187,VDD,Metal1,97.2090,178.2580,1.199965
FILLER_43_174,VDD,Metal1,89.5200,177.6600,1.199973
FILLER_43_170,VDD,Metal1,88.3310,178.2560,1.199973
FILLER_43_163,VDD,Metal1,85.6890,178.2580,1.199971
FILLER_43_156,VDD,Metal1,80.8800,177.6600,1.199861
FILLER_43_154,VDD,Metal1,80.1600,177.6600,1.199861
FILLER_43_147,VDD,Metal1,78.0090,178.2580,1.199849
FILLER_43_139,VDD,Metal1,72.9600,177.6600,1.199848
FILLER_43_135,VDD,Metal1,71.5310,178.2560,1.199848
FILLER_43_128,VDD,Metal1,67.6800,177.6600,1.199843
FILLER_43_99,VDD,Metal1,53.7600,177.6600,1.199795
FILLER_43_95,VDD,Metal1,52.3310,178.2560,1.199872
FILLER_43_88,VDD,Metal1,49.6890,178.2580,1.199882
FILLER_43_84,VDD,Metal1,46.3200,177.6600,1.199885
FILLER_43_80,VDD,Metal1,45.1310,178.2560,1.199885
FILLER_43_73,VDD,Metal1,42.4890,178.2580,1.199886
FILLER_43_64,VDD,Metal1,36.7200,177.6600,1.199896
FILLER_43_47,VDD,Metal1,29.2910,178.2560,1.199908
FILLER_43_40,VDD,Metal1,26.6490,178.2580,1.199908
FILLER_43_33,VDD,Metal1,23.2890,178.2580,1.199963
FILLER_43_26,VDD,Metal1,19.9290,178.2580,1.199969
FILLER_43_19,VDD,Metal1,16.5690,178.2580,1.199963
FILLER_43_8,VDD,Metal1,10.0800,177.6600,1.199963
FILLER_43_4,VDD,Metal1,8.6510,178.2560,1.199963
FILLER_42_496,VDD,Metal1,244.3200,177.6600,1.199979
FILLER_42_489,VDD,Metal1,242.1690,177.0610,1.199979
FILLER_42_483,VDD,Metal1,238.0800,177.6600,1.199979
FILLER_42_479,VDD,Metal1,236.6510,177.0630,1.199979
FILLER_42_457,VDD,Metal1,226.8090,177.0610,1.199871
FILLER_42_420,VDD,Metal1,207.6000,177.6600,1.199851
FILLER_42_418,VDD,Metal1,206.8800,177.6600,1.199851
FILLER_42_411,VDD,Metal1,204.7290,177.0610,1.199891
FILLER_42_404,VDD,Metal1,201.3690,177.0610,1.199892
FILLER_42_322,VDD,Metal1,162.0090,177.0610,1.199853
FILLER_42_315,VDD,Metal1,158.6490,177.0610,1.199850
FILLER_42_308,VDD,Metal1,155.2890,177.0610,1.199848
FILLER_42_301,VDD,Metal1,151.9290,177.0610,1.199808
FILLER_42_294,VDD,Metal1,148.5690,177.0610,1.199802
FILLER_42_287,VDD,Metal1,145.2090,177.0610,1.199639
FILLER_42_277,VDD,Metal1,139.6910,177.0630,1.199662
FILLER_42_270,VDD,Metal1,137.0490,177.0610,1.199663
FILLER_42_263,VDD,Metal1,133.6890,177.0610,1.199669
FILLER_42_256,VDD,Metal1,130.3290,177.0610,1.199861
FILLER_42_249,VDD,Metal1,126.9690,177.0610,1.199886
FILLER_42_242,VDD,Metal1,123.6090,177.0610,1.199911
FILLER_42_235,VDD,Metal1,120.2490,177.0610,1.199917
FILLER_42_193,VDD,Metal1,98.8800,177.6600,1.199963
FILLER_42_186,VDD,Metal1,96.7290,177.0610,1.199967
FILLER_42_179,VDD,Metal1,93.3690,177.0610,1.199977
FILLER_42_172,VDD,Metal1,90.0090,177.0610,1.199973
FILLER_42_165,VDD,Metal1,86.6490,177.0610,1.199973
FILLER_42_158,VDD,Metal1,83.2890,177.0610,1.199970
FILLER_42_151,VDD,Metal1,79.9290,177.0610,1.199861
FILLER_42_144,VDD,Metal1,76.5690,177.0610,1.199849
FILLER_42_137,VDD,Metal1,73.2090,177.0610,1.199848
FILLER_42_130,VDD,Metal1,69.8490,177.0610,1.199847
FILLER_42_117,VDD,Metal1,63.6090,177.0610,1.199792
FILLER_42_110,VDD,Metal1,60.2490,177.0610,1.199792
FILLER_42_99,VDD,Metal1,54.9690,177.0610,1.199795
FILLER_42_92,VDD,Metal1,51.6090,177.0610,1.199872
FILLER_42_85,VDD,Metal1,48.2490,177.0610,1.199882
FILLER_42_78,VDD,Metal1,44.8890,177.0610,1.199885
FILLER_42_71,VDD,Metal1,41.5290,177.0610,1.199887
FILLER_42_64,VDD,Metal1,38.1690,177.0610,1.199896
FILLER_42_57,VDD,Metal1,34.8090,177.0610,1.199899
FILLER_42_50,VDD,Metal1,31.4490,177.0610,1.199906
FILLER_42_43,VDD,Metal1,28.0890,177.0610,1.199908
FILLER_42_36,VDD,Metal1,24.7290,177.0610,1.199963
FILLER_42_0,VDD,Metal1,6.7310,177.0630,1.199963
FILLER_41_491,VDD,Metal1,243.1290,170.6980,1.199986
FILLER_41_484,VDD,Metal1,239.7690,170.6980,1.199986
FILLER_41_477,VDD,Metal1,236.4090,170.6980,1.199985
FILLER_41_470,VDD,Metal1,233.0490,170.6980,1.199982
FILLER_41_463,VDD,Metal1,229.6890,170.6980,1.199981
FILLER_41_456,VDD,Metal1,226.3290,170.6980,1.199981
FILLER_41_449,VDD,Metal1,222.9690,170.6980,1.199980
FILLER_41_442,VDD,Metal1,219.6090,170.6980,1.199980
FILLER_41_435,VDD,Metal1,216.2490,170.6980,1.199978
FILLER_41_424,VDD,Metal1,209.7600,170.1000,1.199914
FILLER_41_417,VDD,Metal1,206.4000,170.1000,1.199913
FILLER_41_379,VDD,Metal1,187.9200,170.1000,1.199952
FILLER_41_377,VDD,Metal1,187.2000,170.1000,1.199952
FILLER_41_370,VDD,Metal1,185.0490,170.6980,1.199957
FILLER_41_364,VDD,Metal1,180.7200,170.1000,1.199962
FILLER_41_362,VDD,Metal1,180.0000,170.1000,1.199966
FILLER_41_350,VDD,Metal1,175.4490,170.6980,1.199967
FILLER_41_343,VDD,Metal1,172.0890,170.6980,1.199970
FILLER_41_333,VDD,Metal1,165.8400,170.1000,1.199875
FILLER_41_331,VDD,Metal1,165.1200,170.1000,1.199875
FILLER_41_319,VDD,Metal1,160.5690,170.6980,1.199862
FILLER_41_312,VDD,Metal1,157.2090,170.6980,1.199856
FILLER_41_293,VDD,Metal1,146.6400,170.1000,1.199838
FILLER_41_289,VDD,Metal1,145.4510,170.6960,1.199838
FILLER_41_261,VDD,Metal1,131.2800,170.1000,1.199840
FILLER_41_257,VDD,Metal1,130.0910,170.6960,1.199843
FILLER_41_226,VDD,Metal1,115.2110,170.6960,1.199848
FILLER_41_219,VDD,Metal1,112.5690,170.6980,1.199848
FILLER_41_212,VDD,Metal1,109.2090,170.6980,1.199853
FILLER_41_207,VDD,Metal1,105.3600,170.1000,1.199864
FILLER_41_200,VDD,Metal1,103.4490,170.6980,1.199900
FILLER_41_193,VDD,Metal1,100.0890,170.6980,1.199935
FILLER_41_186,VDD,Metal1,96.7290,170.6980,1.199971
FILLER_41_179,VDD,Metal1,93.3690,170.6980,1.199978
FILLER_41_167,VDD,Metal1,87.6090,170.6980,1.199970
FILLER_41_160,VDD,Metal1,84.2490,170.6980,1.199894
FILLER_41_153,VDD,Metal1,80.8890,170.6980,1.199888
FILLER_41_146,VDD,Metal1,77.5290,170.6980,1.199886
FILLER_41_139,VDD,Metal1,74.1690,170.6980,1.199886
FILLER_41_132,VDD,Metal1,70.8090,170.6980,1.199887
FILLER_41_125,VDD,Metal1,67.4490,170.6980,1.199887
FILLER_41_118,VDD,Metal1,64.0890,170.6980,1.199887
FILLER_41_111,VDD,Metal1,60.7290,170.6980,1.199887
FILLER_41_104,VDD,Metal1,57.3690,170.6980,1.199887
FILLER_41_97,VDD,Metal1,54.0090,170.6980,1.199889
FILLER_41_90,VDD,Metal1,50.6490,170.6980,1.199889
FILLER_41_81,VDD,Metal1,44.8800,170.1000,1.199966
FILLER_41_70,VDD,Metal1,39.6000,170.1000,1.199966
FILLER_41_66,VDD,Metal1,38.4110,170.6960,1.199982
FILLER_41_35,VDD,Metal1,23.5310,170.6960,1.199988
FILLER_41_28,VDD,Metal1,20.8890,170.6980,1.199988
FILLER_41_21,VDD,Metal1,17.5290,170.6980,1.199988
FILLER_41_14,VDD,Metal1,14.1690,170.6980,1.199988
FILLER_41_7,VDD,Metal1,10.8090,170.6980,1.199988
FILLER_41_0,VDD,Metal1,7.4490,170.6980,1.199988
FILLER_40_468,VDD,Metal1,230.6400,170.1000,1.199981
FILLER_40_461,VDD,Metal1,228.7290,169.5010,1.199981
FILLER_40_454,VDD,Metal1,225.3690,169.5010,1.199981
FILLER_40_446,VDD,Metal1,220.8110,169.5030,1.199980
FILLER_40_439,VDD,Metal1,218.1690,169.5010,1.199980
FILLER_40_432,VDD,Metal1,214.8090,169.5010,1.199978
FILLER_40_425,VDD,Metal1,211.4490,169.5010,1.199915
FILLER_40_418,VDD,Metal1,208.0890,169.5010,1.199914
FILLER_40_407,VDD,Metal1,202.8090,169.5010,1.199913
FILLER_40_400,VDD,Metal1,199.4490,169.5010,1.199913
FILLER_40_393,VDD,Metal1,196.0890,169.5010,1.199913
FILLER_40_384,VDD,Metal1,191.0510,169.5030,1.199950
FILLER_40_377,VDD,Metal1,188.4090,169.5010,1.199952
FILLER_40_370,VDD,Metal1,185.0490,169.5010,1.199957
FILLER_40_363,VDD,Metal1,181.6890,169.5010,1.199962
FILLER_40_356,VDD,Metal1,178.3290,169.5010,1.199967
FILLER_40_349,VDD,Metal1,174.9690,169.5010,1.199970
FILLER_40_342,VDD,Metal1,171.6090,169.5010,1.199970
FILLER_40_335,VDD,Metal1,168.2490,169.5010,1.199898
FILLER_40_330,VDD,Metal1,164.4000,170.1000,1.199875
FILLER_40_328,VDD,Metal1,163.6800,170.1000,1.199872
FILLER_40_321,VDD,Metal1,161.5290,169.5010,1.199871
FILLER_40_313,VDD,Metal1,156.9710,169.5030,1.199856
FILLER_40_299,VDD,Metal1,150.2510,169.5030,1.199856
FILLER_40_292,VDD,Metal1,147.6090,169.5010,1.199838
FILLER_40_285,VDD,Metal1,144.2490,169.5010,1.199838
FILLER_40_278,VDD,Metal1,140.8890,169.5010,1.199837
FILLER_40_271,VDD,Metal1,137.5290,169.5010,1.199837
FILLER_40_260,VDD,Metal1,132.2490,169.5010,1.199843
FILLER_40_253,VDD,Metal1,128.8890,169.5010,1.199843
FILLER_40_246,VDD,Metal1,125.5290,169.5010,1.199845
FILLER_40_239,VDD,Metal1,122.1690,169.5010,1.199845
FILLER_40_234,VDD,Metal1,118.3200,170.1000,1.199848
FILLER_40_232,VDD,Metal1,117.6000,170.1000,1.199848
FILLER_40_225,VDD,Metal1,115.4490,169.5010,1.199848
FILLER_40_218,VDD,Metal1,112.0890,169.5010,1.199853
FILLER_40_211,VDD,Metal1,108.7290,169.5010,1.199858
FILLER_40_204,VDD,Metal1,105.3690,169.5010,1.199864
FILLER_40_197,VDD,Metal1,102.0090,169.5010,1.199900
FILLER_40_190,VDD,Metal1,98.6490,169.5010,1.199935
FILLER_40_184,VDD,Metal1,94.5600,170.1000,1.199978
FILLER_40_177,VDD,Metal1,92.4090,169.5010,1.199974
FILLER_40_167,VDD,Metal1,86.8910,169.5030,1.199970
FILLER_40_160,VDD,Metal1,84.2490,169.5010,1.199894
FILLER_40_132,VDD,Metal1,69.3600,170.1000,1.199887
FILLER_40_126,VDD,Metal1,66.4800,170.1000,1.199887
FILLER_40_122,VDD,Metal1,65.2910,169.5030,1.199887
FILLER_40_112,VDD,Metal1,59.7600,170.1000,1.199887
FILLER_40_87,VDD,Metal1,49.2090,169.5010,1.199889
FILLER_40_80,VDD,Metal1,45.8490,169.5010,1.199966
FILLER_40_73,VDD,Metal1,42.4890,169.5010,1.199966
FILLER_40_68,VDD,Metal1,38.6400,170.1000,1.199982
FILLER_40_66,VDD,Metal1,37.9200,170.1000,1.199982
FILLER_40_57,VDD,Metal1,33.3600,170.1000,1.199986
FILLER_40_55,VDD,Metal1,32.6400,170.1000,1.199986
FILLER_40_48,VDD,Metal1,30.4890,169.5010,1.199986
FILLER_40_43,VDD,Metal1,26.6400,170.1000,1.199988
FILLER_40_41,VDD,Metal1,25.9200,170.1000,1.199988
FILLER_40_34,VDD,Metal1,23.7690,169.5010,1.199988
FILLER_40_27,VDD,Metal1,20.4090,169.5010,1.199988
FILLER_40_20,VDD,Metal1,17.0490,169.5010,1.199988
FILLER_40_13,VDD,Metal1,13.6890,169.5010,1.199988
FILLER_40_4,VDD,Metal1,8.6510,169.5030,1.199988
FILLER_39_504,VDD,Metal1,248.1600,162.5400,1.199964
FILLER_39_497,VDD,Metal1,246.0090,163.1380,1.199964
FILLER_39_490,VDD,Metal1,242.6490,163.1380,1.199939
FILLER_39_444,VDD,Metal1,219.1200,162.5400,1.199782
FILLER_39_440,VDD,Metal1,217.9310,163.1360,1.199781
FILLER_39_433,VDD,Metal1,215.2890,163.1380,1.199775
FILLER_39_426,VDD,Metal1,211.9290,163.1380,1.199772
FILLER_39_419,VDD,Metal1,208.5690,163.1380,1.199772
FILLER_39_408,VDD,Metal1,202.0800,162.5400,1.199770
FILLER_39_398,VDD,Metal1,197.0400,162.5400,1.199764
FILLER_39_396,VDD,Metal1,196.3200,162.5400,1.199764
FILLER_39_390,VDD,Metal1,193.4400,162.5400,1.199764
FILLER_39_386,VDD,Metal1,192.0110,163.1360,1.199764
FILLER_39_379,VDD,Metal1,189.3690,163.1380,1.199764
FILLER_39_372,VDD,Metal1,186.0090,163.1380,1.199951
FILLER_39_365,VDD,Metal1,182.6490,163.1380,1.199964
FILLER_39_358,VDD,Metal1,179.2890,163.1380,1.199964
FILLER_39_351,VDD,Metal1,175.9290,163.1380,1.199964
FILLER_39_346,VDD,Metal1,172.0800,162.5400,1.199976
FILLER_39_339,VDD,Metal1,170.1690,163.1380,1.199977
FILLER_39_310,VDD,Metal1,155.0400,162.5400,1.199959
FILLER_39_298,VDD,Metal1,149.2800,162.5400,1.199953
FILLER_39_294,VDD,Metal1,147.8510,163.1360,1.199952
FILLER_39_287,VDD,Metal1,145.2090,163.1380,1.199951
FILLER_39_280,VDD,Metal1,141.8490,163.1380,1.199950
FILLER_39_273,VDD,Metal1,138.4890,163.1380,1.199934
FILLER_39_265,VDD,Metal1,133.2000,162.5400,1.199927
FILLER_39_263,VDD,Metal1,132.4800,162.5400,1.199927
FILLER_39_256,VDD,Metal1,130.3290,163.1380,1.199927
FILLER_39_250,VDD,Metal1,126.2400,162.5400,1.199927
FILLER_39_243,VDD,Metal1,124.0890,163.1380,1.199927
FILLER_39_236,VDD,Metal1,120.0110,163.1360,1.199927
FILLER_39_229,VDD,Metal1,117.3690,163.1380,1.199927
FILLER_39_222,VDD,Metal1,114.0090,163.1380,1.199932
FILLER_39_215,VDD,Metal1,110.6490,163.1380,1.199937
FILLER_39_208,VDD,Metal1,107.2890,163.1380,1.199942
FILLER_39_177,VDD,Metal1,91.6910,163.1360,1.199956
FILLER_39_160,VDD,Metal1,82.8000,162.5400,1.199847
FILLER_39_156,VDD,Metal1,81.6110,163.1360,1.199844
FILLER_39_149,VDD,Metal1,78.9690,163.1380,1.199844
FILLER_39_142,VDD,Metal1,75.6090,163.1380,1.199777
FILLER_39_136,VDD,Metal1,71.5200,162.5400,1.199693
FILLER_39_130,VDD,Metal1,68.6400,162.5400,1.199679
FILLER_39_110,VDD,Metal1,59.5310,163.1360,1.199602
FILLER_39_103,VDD,Metal1,56.8890,163.1380,1.199597
FILLER_39_95,VDD,Metal1,51.8400,162.5400,1.199594
FILLER_39_87,VDD,Metal1,47.7600,162.5400,1.199576
FILLER_39_80,VDD,Metal1,45.8490,163.1380,1.199414
FILLER_39_64,VDD,Metal1,36.7200,162.5400,1.199695
FILLER_39_60,VDD,Metal1,35.5310,163.1360,1.199854
FILLER_39_53,VDD,Metal1,32.8890,163.1380,1.199874
FILLER_39_46,VDD,Metal1,29.5290,163.1380,1.199874
FILLER_39_39,VDD,Metal1,24.9600,162.5400,1.199874
FILLER_39_32,VDD,Metal1,22.8090,163.1380,1.199874
FILLER_39_0,VDD,Metal1,6.0000,162.5400,1.199941
FILLER_38_499,VDD,Metal1,246.9690,161.9410,1.199964
FILLER_38_492,VDD,Metal1,243.6090,161.9410,1.199955
FILLER_38_485,VDD,Metal1,240.2490,161.9410,1.199931
FILLER_38_478,VDD,Metal1,236.8890,161.9410,1.199833
FILLER_38_464,VDD,Metal1,228.7200,162.5400,1.199798
FILLER_38_462,VDD,Metal1,228.0000,162.5400,1.199798
FILLER_38_455,VDD,Metal1,225.8490,161.9410,1.199798
FILLER_38_444,VDD,Metal1,219.1200,162.5400,1.199782
FILLER_38_440,VDD,Metal1,217.9310,161.9430,1.199781
FILLER_38_406,VDD,Metal1,201.1200,162.5400,1.199764
FILLER_38_375,VDD,Metal1,186.7310,161.9430,1.199951
FILLER_38_368,VDD,Metal1,184.0890,161.9410,1.199964
FILLER_38_339,VDD,Metal1,168.9600,162.5400,1.199977
FILLER_38_335,VDD,Metal1,167.5310,161.9430,1.199960
FILLER_38_328,VDD,Metal1,164.8890,161.9410,1.199960
FILLER_38_321,VDD,Metal1,161.5290,161.9410,1.199960
FILLER_38_314,VDD,Metal1,158.1690,161.9410,1.199959
FILLER_38_307,VDD,Metal1,154.8090,161.9410,1.199959
FILLER_38_294,VDD,Metal1,147.8510,161.9430,1.199952
FILLER_38_287,VDD,Metal1,145.2090,161.9410,1.199951
FILLER_38_280,VDD,Metal1,141.8490,161.9410,1.199950
FILLER_38_274,VDD,Metal1,137.7600,162.5400,1.199934
FILLER_38_266,VDD,Metal1,133.6800,162.5400,1.199927
FILLER_38_264,VDD,Metal1,132.9600,162.5400,1.199927
FILLER_38_259,VDD,Metal1,130.3200,162.5400,1.199927
FILLER_38_231,VDD,Metal1,116.8800,162.5400,1.199927
FILLER_38_229,VDD,Metal1,116.1600,162.5400,1.199927
FILLER_38_222,VDD,Metal1,114.0090,161.9410,1.199932
FILLER_38_215,VDD,Metal1,110.6490,161.9410,1.199937
FILLER_38_208,VDD,Metal1,107.2890,161.9410,1.199942
FILLER_38_201,VDD,Metal1,103.9290,161.9410,1.199947
FILLER_38_193,VDD,Metal1,98.8800,162.5400,1.199950
FILLER_38_186,VDD,Metal1,96.7290,161.9410,1.199951
FILLER_38_179,VDD,Metal1,93.3690,161.9410,1.199956
FILLER_38_172,VDD,Metal1,90.0090,161.9410,1.199954
FILLER_38_168,VDD,Metal1,86.6400,162.5400,1.199851
FILLER_38_166,VDD,Metal1,85.9200,162.5400,1.199851
FILLER_38_159,VDD,Metal1,83.7690,161.9410,1.199846
FILLER_38_152,VDD,Metal1,80.4090,161.9410,1.199844
FILLER_38_145,VDD,Metal1,77.0490,161.9410,1.199777
FILLER_38_138,VDD,Metal1,73.6890,161.9410,1.199711
FILLER_38_131,VDD,Metal1,70.3290,161.9410,1.199693
FILLER_38_124,VDD,Metal1,66.9690,161.9410,1.199676
FILLER_38_109,VDD,Metal1,58.5600,162.5400,1.199598
FILLER_38_102,VDD,Metal1,56.4090,161.9410,1.199596
FILLER_38_95,VDD,Metal1,53.0490,161.9410,1.199594
FILLER_38_88,VDD,Metal1,49.6890,161.9410,1.199588
FILLER_38_71,VDD,Metal1,40.8110,161.9430,1.199415
FILLER_38_64,VDD,Metal1,38.1690,161.9410,1.199694
FILLER_38_57,VDD,Metal1,34.8090,161.9410,1.199854
FILLER_38_23,VDD,Metal1,18.4890,161.9410,1.199950
FILLER_38_16,VDD,Metal1,15.1290,161.9410,1.199942
FILLER_38_4,VDD,Metal1,9.3690,161.9410,1.199941
FILLER_37_467,VDD,Metal1,231.6090,155.5780,1.199986
FILLER_37_457,VDD,Metal1,225.3600,154.9800,1.199987
FILLER_37_450,VDD,Metal1,223.4490,155.5780,1.199987
FILLER_37_445,VDD,Metal1,219.6000,154.9800,1.199987
FILLER_37_443,VDD,Metal1,218.8800,154.9800,1.199987
FILLER_37_436,VDD,Metal1,216.7290,155.5780,1.199987
FILLER_37_429,VDD,Metal1,213.3690,155.5780,1.199987
FILLER_37_422,VDD,Metal1,210.0090,155.5780,1.199987
FILLER_37_417,VDD,Metal1,206.1600,154.9800,1.199987
FILLER_37_405,VDD,Metal1,200.6400,154.9800,1.199987
FILLER_37_401,VDD,Metal1,199.2110,155.5760,1.199987
FILLER_37_394,VDD,Metal1,196.5690,155.5780,1.199988
FILLER_37_374,VDD,Metal1,185.5200,154.9800,1.199989
FILLER_37_370,VDD,Metal1,184.3310,155.5760,1.199989
FILLER_37_363,VDD,Metal1,181.6890,155.5780,1.199989
FILLER_37_356,VDD,Metal1,178.3290,155.5780,1.199990
FILLER_37_337,VDD,Metal1,167.7600,154.9800,1.199990
FILLER_37_333,VDD,Metal1,166.5710,155.5760,1.199989
FILLER_37_326,VDD,Metal1,163.9290,155.5780,1.199989
FILLER_37_319,VDD,Metal1,160.5690,155.5780,1.199967
FILLER_37_312,VDD,Metal1,157.2090,155.5780,1.199945
FILLER_37_305,VDD,Metal1,153.8490,155.5780,1.199922
FILLER_37_298,VDD,Metal1,150.4890,155.5780,1.199900
FILLER_37_269,VDD,Metal1,135.3600,154.9800,1.199876
FILLER_37_262,VDD,Metal1,133.2090,155.5780,1.199876
FILLER_37_255,VDD,Metal1,129.8490,155.5780,1.199875
FILLER_37_248,VDD,Metal1,125.0400,154.9800,1.199875
FILLER_37_241,VDD,Metal1,123.1290,155.5780,1.199875
FILLER_37_235,VDD,Metal1,119.0400,154.9800,1.199875
FILLER_37_207,VDD,Metal1,105.3600,154.9800,1.199889
FILLER_37_198,VDD,Metal1,101.0400,154.9800,1.199938
FILLER_37_196,VDD,Metal1,100.3200,154.9800,1.199938
FILLER_37_189,VDD,Metal1,98.1690,155.5780,1.199941
FILLER_37_182,VDD,Metal1,94.8090,155.5780,1.199941
FILLER_37_175,VDD,Metal1,91.4490,155.5780,1.198587
FILLER_37_167,VDD,Metal1,86.4000,154.9800,1.198538
FILLER_37_163,VDD,Metal1,84.9710,155.5760,1.198411
FILLER_37_156,VDD,Metal1,82.3290,155.5780,1.198411
FILLER_37_148,VDD,Metal1,77.2800,154.9800,1.198407
FILLER_37_141,VDD,Metal1,75.1290,155.5780,1.198404
FILLER_37_134,VDD,Metal1,71.7690,155.5780,1.198355
FILLER_37_127,VDD,Metal1,68.4090,155.5780,1.198342
FILLER_37_120,VDD,Metal1,65.0490,155.5780,1.198341
FILLER_37_113,VDD,Metal1,61.6890,155.5780,1.198340
FILLER_37_106,VDD,Metal1,58.3290,155.5780,1.198338
FILLER_37_99,VDD,Metal1,54.9690,155.5780,1.198338
FILLER_37_92,VDD,Metal1,51.6090,155.5780,1.198338
FILLER_37_85,VDD,Metal1,48.2490,155.5780,1.198338
FILLER_37_78,VDD,Metal1,44.8890,155.5780,1.198340
FILLER_37_71,VDD,Metal1,40.0800,154.9800,1.198421
FILLER_37_66,VDD,Metal1,37.6800,154.9800,1.199907
FILLER_37_62,VDD,Metal1,36.4910,155.5760,1.199907
FILLER_37_55,VDD,Metal1,33.8490,155.5780,1.199907
FILLER_37_48,VDD,Metal1,30.4890,155.5780,1.199910
FILLER_37_39,VDD,Metal1,25.4510,155.5760,1.199910
FILLER_37_28,VDD,Metal1,20.8890,155.5780,1.199963
FILLER_37_21,VDD,Metal1,17.5290,155.5780,1.199963
FILLER_37_14,VDD,Metal1,14.1690,155.5780,1.199963
FILLER_37_7,VDD,Metal1,10.8090,155.5780,1.199963
FILLER_37_0,VDD,Metal1,7.4490,155.5780,1.199963
FILLER_36_500,VDD,Metal1,246.2400,154.9800,1.199992
FILLER_36_496,VDD,Metal1,244.8110,154.3830,1.199988
FILLER_36_489,VDD,Metal1,242.1690,154.3810,1.199986
FILLER_36_478,VDD,Metal1,236.8890,154.3810,1.199986
FILLER_36_467,VDD,Metal1,230.1600,154.9800,1.199986
FILLER_36_451,VDD,Metal1,223.9290,154.3810,1.199987
FILLER_36_441,VDD,Metal1,217.9200,154.9800,1.199987
FILLER_36_437,VDD,Metal1,216.4910,154.3830,1.199987
FILLER_36_430,VDD,Metal1,213.8490,154.3810,1.199987
FILLER_36_423,VDD,Metal1,210.4890,154.3810,1.199987
FILLER_36_416,VDD,Metal1,207.1290,154.3810,1.199987
FILLER_36_409,VDD,Metal1,203.7690,154.3810,1.199987
FILLER_36_402,VDD,Metal1,200.4090,154.3810,1.199987
FILLER_36_395,VDD,Metal1,197.0490,154.3810,1.199987
FILLER_36_388,VDD,Metal1,193.6890,154.3810,1.199988
FILLER_36_383,VDD,Metal1,189.8400,154.9800,1.199988
FILLER_36_377,VDD,Metal1,187.2000,154.9800,1.199989
FILLER_36_373,VDD,Metal1,185.7710,154.3830,1.199989
FILLER_36_366,VDD,Metal1,183.1290,154.3810,1.199989
FILLER_36_359,VDD,Metal1,179.7690,154.3810,1.199990
FILLER_36_352,VDD,Metal1,176.4090,154.3810,1.199990
FILLER_36_343,VDD,Metal1,170.6400,154.9800,1.199991
FILLER_36_336,VDD,Metal1,168.7290,154.3810,1.199990
FILLER_36_329,VDD,Metal1,165.3690,154.3810,1.199989
FILLER_36_322,VDD,Metal1,162.0090,154.3810,1.199967
FILLER_36_315,VDD,Metal1,158.6490,154.3810,1.199945
FILLER_36_308,VDD,Metal1,155.2890,154.3810,1.199922
FILLER_36_301,VDD,Metal1,151.9290,154.3810,1.199900
FILLER_36_294,VDD,Metal1,148.5690,154.3810,1.199878
FILLER_36_287,VDD,Metal1,145.2090,154.3810,1.199876
FILLER_36_280,VDD,Metal1,141.8490,154.3810,1.199876
FILLER_36_273,VDD,Metal1,138.4890,154.3810,1.199876
FILLER_36_261,VDD,Metal1,131.2800,154.9800,1.199875
FILLER_36_259,VDD,Metal1,130.5600,154.9800,1.199875
FILLER_36_252,VDD,Metal1,128.4090,154.3810,1.199875
FILLER_36_245,VDD,Metal1,125.0490,154.3810,1.199875
FILLER_36_238,VDD,Metal1,121.6890,154.3810,1.199875
FILLER_36_231,VDD,Metal1,118.3290,154.3810,1.199875
FILLER_36_224,VDD,Metal1,114.9690,154.3810,1.199875
FILLER_36_217,VDD,Metal1,111.6090,154.3810,1.199875
FILLER_36_212,VDD,Metal1,107.7600,154.9800,1.199875
FILLER_36_210,VDD,Metal1,107.0400,154.9800,1.199875
FILLER_36_197,VDD,Metal1,100.8000,154.9800,1.199938
FILLER_36_190,VDD,Metal1,98.6490,154.3810,1.199939
FILLER_36_183,VDD,Metal1,95.2890,154.3810,1.199941
FILLER_36_173,VDD,Metal1,89.7710,154.3830,1.198587
FILLER_36_138,VDD,Metal1,72.4800,154.9800,1.198355
FILLER_36_134,VDD,Metal1,71.0510,154.3830,1.198355
FILLER_36_127,VDD,Metal1,68.4090,154.3810,1.198342
FILLER_36_110,VDD,Metal1,58.8000,154.9800,1.198339
FILLER_36_82,VDD,Metal1,45.3600,154.9800,1.198340
FILLER_36_78,VDD,Metal1,44.1710,154.3830,1.198340
FILLER_36_68,VDD,Metal1,39.3710,154.3830,1.198421
FILLER_36_61,VDD,Metal1,36.7290,154.3810,1.199907
FILLER_36_54,VDD,Metal1,33.3690,154.3810,1.199910
FILLER_36_37,VDD,Metal1,23.7600,154.9800,1.199950
FILLER_36_30,VDD,Metal1,21.8490,154.3810,1.199952
FILLER_36_23,VDD,Metal1,18.4890,154.3810,1.199963
FILLER_36_16,VDD,Metal1,15.1290,154.3810,1.199963
FILLER_36_11,VDD,Metal1,11.2800,154.9800,1.199963
FILLER_36_7,VDD,Metal1,10.0910,154.3830,1.199963
FILLER_36_0,VDD,Metal1,7.4490,154.3810,1.199963
FILLER_35_500,VDD,Metal1,246.2400,147.4200,1.199969
FILLER_35_496,VDD,Metal1,244.8110,148.0160,1.199954
FILLER_35_489,VDD,Metal1,242.1690,148.0180,1.199947
FILLER_35_482,VDD,Metal1,238.8090,148.0180,1.199947
FILLER_35_475,VDD,Metal1,235.4490,148.0180,1.199934
FILLER_35_468,VDD,Metal1,232.0890,148.0180,1.199918
FILLER_35_435,VDD,Metal1,214.8000,147.4200,1.199848
FILLER_35_433,VDD,Metal1,214.0800,147.4200,1.199848
FILLER_35_415,VDD,Metal1,205.4400,147.4200,1.199849
FILLER_35_411,VDD,Metal1,204.0110,148.0160,1.199851
FILLER_35_404,VDD,Metal1,201.3690,148.0180,1.199851
FILLER_35_397,VDD,Metal1,198.0090,148.0180,1.199851
FILLER_35_390,VDD,Metal1,194.6490,148.0180,1.199852
FILLER_35_383,VDD,Metal1,191.2890,148.0180,1.199863
FILLER_35_373,VDD,Metal1,185.0400,147.4200,1.199901
FILLER_35_371,VDD,Metal1,184.3200,147.4200,1.199901
FILLER_35_364,VDD,Metal1,182.1690,148.0180,1.199901
FILLER_35_353,VDD,Metal1,176.8890,148.0180,1.199929
FILLER_35_346,VDD,Metal1,173.5290,148.0180,1.199947
FILLER_35_339,VDD,Metal1,170.1690,148.0180,1.199965
FILLER_35_332,VDD,Metal1,166.8090,148.0180,1.199960
FILLER_35_325,VDD,Metal1,163.4490,148.0180,1.199956
FILLER_35_317,VDD,Metal1,158.8910,148.0160,1.199929
FILLER_35_310,VDD,Metal1,156.2490,148.0180,1.199876
FILLER_35_303,VDD,Metal1,152.8890,148.0180,1.199876
FILLER_35_296,VDD,Metal1,149.5290,148.0180,1.199876
FILLER_35_291,VDD,Metal1,145.6800,147.4200,1.199881
FILLER_35_289,VDD,Metal1,144.9600,147.4200,1.199881
FILLER_35_282,VDD,Metal1,142.8090,148.0180,1.199881
FILLER_35_275,VDD,Metal1,139.4490,148.0180,1.199882
FILLER_35_260,VDD,Metal1,131.5310,148.0160,1.199890
FILLER_35_253,VDD,Metal1,128.8890,148.0180,1.199890
FILLER_35_246,VDD,Metal1,125.5290,148.0180,1.199890
FILLER_35_239,VDD,Metal1,122.1690,148.0180,1.199890
FILLER_35_234,VDD,Metal1,118.3200,147.4200,1.199890
FILLER_35_230,VDD,Metal1,117.1310,148.0160,1.199890
FILLER_35_223,VDD,Metal1,114.4890,148.0180,1.199953
FILLER_35_216,VDD,Metal1,111.1290,148.0180,1.199960
FILLER_35_209,VDD,Metal1,107.7690,148.0180,1.199960
FILLER_35_202,VDD,Metal1,104.4090,148.0180,1.199963
FILLER_35_195,VDD,Metal1,101.0490,148.0180,1.199973
FILLER_35_188,VDD,Metal1,97.6890,148.0180,1.199974
FILLER_35_180,VDD,Metal1,92.6400,147.4200,1.199964
FILLER_35_173,VDD,Metal1,90.4890,148.0180,1.199962
FILLER_35_166,VDD,Metal1,87.1290,148.0180,1.199959
FILLER_35_159,VDD,Metal1,83.7690,148.0180,1.199957
FILLER_35_146,VDD,Metal1,76.8110,148.0160,1.199478
FILLER_35_139,VDD,Metal1,74.1690,148.0180,1.199478
FILLER_35_132,VDD,Metal1,70.8090,148.0180,1.199478
FILLER_35_125,VDD,Metal1,67.4490,148.0180,1.199486
FILLER_35_106,VDD,Metal1,57.1200,147.4200,1.199865
FILLER_35_99,VDD,Metal1,54.9690,148.0180,1.199867
FILLER_35_92,VDD,Metal1,51.6090,148.0180,1.199875
FILLER_35_87,VDD,Metal1,47.7600,147.4200,1.199888
FILLER_35_85,VDD,Metal1,47.0400,147.4200,1.199888
FILLER_35_78,VDD,Metal1,44.8890,148.0180,1.199890
FILLER_35_71,VDD,Metal1,41.5290,148.0180,1.199913
FILLER_35_38,VDD,Metal1,24.2400,147.4200,1.199957
FILLER_35_34,VDD,Metal1,23.0510,148.0160,1.199960
FILLER_35_0,VDD,Metal1,6.2400,147.4200,1.199959
FILLER_34_478,VDD,Metal1,235.4400,147.4200,1.199934
FILLER_34_476,VDD,Metal1,234.7200,147.4200,1.199934
FILLER_34_465,VDD,Metal1,229.2000,147.4200,1.199880
FILLER_34_463,VDD,Metal1,228.4800,147.4200,1.199880
FILLER_34_456,VDD,Metal1,226.3290,146.8210,1.199880
FILLER_34_449,VDD,Metal1,222.9690,146.8210,1.199880
FILLER_34_443,VDD,Metal1,218.6400,147.4200,1.199880
FILLER_34_441,VDD,Metal1,217.9200,147.4200,1.199880
FILLER_34_353,VDD,Metal1,175.6800,147.4200,1.199929
FILLER_34_346,VDD,Metal1,173.5290,146.8210,1.199947
FILLER_34_339,VDD,Metal1,170.1690,146.8210,1.199965
FILLER_34_332,VDD,Metal1,166.8090,146.8210,1.199960
FILLER_34_325,VDD,Metal1,163.4490,146.8210,1.199956
FILLER_34_318,VDD,Metal1,160.0890,146.8210,1.199930
FILLER_34_290,VDD,Metal1,145.2000,147.4200,1.199881
FILLER_34_283,VDD,Metal1,141.8400,147.4200,1.199881
FILLER_34_281,VDD,Metal1,141.1200,147.4200,1.199882
FILLER_34_266,VDD,Metal1,133.6800,147.4200,1.199885
FILLER_34_264,VDD,Metal1,132.9600,147.4200,1.199888
FILLER_34_228,VDD,Metal1,115.6800,147.4200,1.199953
FILLER_34_224,VDD,Metal1,114.2510,146.8230,1.199953
FILLER_34_193,VDD,Metal1,99.3710,146.8230,1.199973
FILLER_34_181,VDD,Metal1,92.8800,147.4200,1.199964
FILLER_34_174,VDD,Metal1,90.9690,146.8210,1.199963
FILLER_34_167,VDD,Metal1,87.6090,146.8210,1.199962
FILLER_34_160,VDD,Metal1,84.2490,146.8210,1.199959
FILLER_34_134,VDD,Metal1,70.3200,147.4200,1.199478
FILLER_34_132,VDD,Metal1,69.6000,147.4200,1.199478
FILLER_34_125,VDD,Metal1,67.4490,146.8210,1.199486
FILLER_34_118,VDD,Metal1,64.0890,146.8210,1.199533
FILLER_34_111,VDD,Metal1,60.7290,146.8210,1.199857
FILLER_34_104,VDD,Metal1,57.3690,146.8210,1.199865
FILLER_34_97,VDD,Metal1,54.0090,146.8210,1.199872
FILLER_34_90,VDD,Metal1,50.6490,146.8210,1.199880
FILLER_34_83,VDD,Metal1,47.2890,146.8210,1.199888
FILLER_34_73,VDD,Metal1,41.2800,147.4200,1.199913
FILLER_34_66,VDD,Metal1,39.1290,146.8210,1.199916
FILLER_34_62,VDD,Metal1,35.7600,147.4200,1.199928
FILLER_34_55,VDD,Metal1,33.8490,146.8210,1.199928
FILLER_34_48,VDD,Metal1,30.4890,146.8210,1.199928
FILLER_34_42,VDD,Metal1,26.4000,147.4200,1.199956
FILLER_34_35,VDD,Metal1,24.2490,146.8210,1.199957
FILLER_34_28,VDD,Metal1,20.8890,146.8210,1.199960
FILLER_34_21,VDD,Metal1,17.5290,146.8210,1.199972
FILLER_34_4,VDD,Metal1,9.3690,146.8210,1.199959
FILLER_33_500,VDD,Metal1,246.2400,139.8600,1.199998
FILLER_33_496,VDD,Metal1,244.8110,140.4560,1.199998
FILLER_33_489,VDD,Metal1,242.1690,140.4580,1.199997
FILLER_33_484,VDD,Metal1,238.3200,139.8600,1.199995
FILLER_33_480,VDD,Metal1,237.1310,140.4560,1.199993
FILLER_33_474,VDD,Metal1,233.5200,139.8600,1.199989
FILLER_33_467,VDD,Metal1,231.6090,140.4580,1.199989
FILLER_33_460,VDD,Metal1,228.2490,140.4580,1.199987
FILLER_33_453,VDD,Metal1,224.8890,140.4580,1.199986
FILLER_33_446,VDD,Metal1,221.5290,140.4580,1.199979
FILLER_33_426,VDD,Metal1,211.9290,140.4580,1.199884
FILLER_33_416,VDD,Metal1,205.6800,139.8600,1.199881
FILLER_33_410,VDD,Metal1,202.8000,139.8600,1.199876
FILLER_33_403,VDD,Metal1,200.8890,140.4580,1.199873
FILLER_33_396,VDD,Metal1,197.5290,140.4580,1.199873
FILLER_33_390,VDD,Metal1,193.4400,139.8600,1.199875
FILLER_33_379,VDD,Metal1,187.9200,139.8600,1.199877
FILLER_33_377,VDD,Metal1,187.2000,139.8600,1.199886
FILLER_33_370,VDD,Metal1,185.0490,140.4580,1.199892
FILLER_33_363,VDD,Metal1,180.4800,139.8600,1.199919
FILLER_33_356,VDD,Metal1,177.1200,139.8600,1.199923
FILLER_33_352,VDD,Metal1,175.6910,140.4560,1.199924
FILLER_33_345,VDD,Metal1,173.0490,140.4580,1.199931
FILLER_33_338,VDD,Metal1,169.6890,140.4580,1.199910
FILLER_33_331,VDD,Metal1,166.3290,140.4580,1.199889
FILLER_33_324,VDD,Metal1,162.9690,140.4580,1.199868
FILLER_33_317,VDD,Metal1,159.6090,140.4580,1.199847
FILLER_33_310,VDD,Metal1,156.2490,140.4580,1.199826
FILLER_33_303,VDD,Metal1,152.8890,140.4580,1.199805
FILLER_33_283,VDD,Metal1,142.0800,139.8600,1.199629
FILLER_33_277,VDD,Metal1,139.2000,139.8600,1.199487
FILLER_33_271,VDD,Metal1,136.0800,139.8600,1.199278
FILLER_33_264,VDD,Metal1,134.1690,140.4580,1.199277
FILLER_33_257,VDD,Metal1,130.8090,140.4580,1.199277
FILLER_33_249,VDD,Metal1,125.5200,139.8600,1.199281
FILLER_33_242,VDD,Metal1,123.6090,140.4580,1.199282
FILLER_33_235,VDD,Metal1,120.2490,140.4580,1.199282
FILLER_33_228,VDD,Metal1,116.8890,140.4580,1.199283
FILLER_33_221,VDD,Metal1,113.5290,140.4580,1.199544
FILLER_33_214,VDD,Metal1,110.1690,140.4580,1.199577
FILLER_33_207,VDD,Metal1,106.8090,140.4580,1.199611
FILLER_33_199,VDD,Metal1,102.2510,140.4560,1.199905
FILLER_33_192,VDD,Metal1,99.6090,140.4580,1.199939
FILLER_33_185,VDD,Metal1,96.2490,140.4580,1.199972
FILLER_33_173,VDD,Metal1,89.2800,139.8600,1.199954
FILLER_33_165,VDD,Metal1,85.4400,139.8600,1.199937
FILLER_33_161,VDD,Metal1,84.0110,140.4560,1.199935
FILLER_33_154,VDD,Metal1,81.3690,140.4580,1.199929
FILLER_33_148,VDD,Metal1,77.2800,139.8600,1.199929
FILLER_33_144,VDD,Metal1,75.8510,140.4560,1.199901
FILLER_33_137,VDD,Metal1,73.2090,140.4580,1.199892
FILLER_33_122,VDD,Metal1,66.0090,140.4580,1.199851
FILLER_33_114,VDD,Metal1,60.9600,139.8600,1.199661
FILLER_33_107,VDD,Metal1,57.3600,139.8600,1.199550
FILLER_33_105,VDD,Metal1,56.6400,139.8600,1.199548
FILLER_33_98,VDD,Metal1,54.4890,140.4580,1.199547
FILLER_33_91,VDD,Metal1,51.1290,140.4580,1.199545
FILLER_33_84,VDD,Metal1,47.7690,140.4580,1.199880
FILLER_33_77,VDD,Metal1,44.4090,140.4580,1.199885
FILLER_33_73,VDD,Metal1,41.0400,139.8600,1.199885
FILLER_33_69,VDD,Metal1,39.8510,140.4560,1.199885
FILLER_33_62,VDD,Metal1,37.2090,140.4580,1.199885
FILLER_33_55,VDD,Metal1,33.8490,140.4580,1.199886
FILLER_33_48,VDD,Metal1,30.4890,140.4580,1.199887
FILLER_33_41,VDD,Metal1,27.1290,140.4580,1.199894
FILLER_33_34,VDD,Metal1,23.7690,140.4580,1.199901
FILLER_33_27,VDD,Metal1,20.4090,140.4580,1.199902
FILLER_33_20,VDD,Metal1,17.0490,140.4580,1.199902
FILLER_33_13,VDD,Metal1,13.6890,140.4580,1.199902
FILLER_33_7,VDD,Metal1,9.3600,139.8600,1.199902
FILLER_33_0,VDD,Metal1,7.4490,140.4580,1.199902
FILLER_32_500,VDD,Metal1,246.2400,139.8600,1.199998
FILLER_32_496,VDD,Metal1,244.8110,139.2630,1.199998
FILLER_32_489,VDD,Metal1,242.1690,139.2610,1.199997
FILLER_32_483,VDD,Metal1,238.0800,139.8600,1.199995
FILLER_32_479,VDD,Metal1,236.6510,139.2630,1.199993
FILLER_32_472,VDD,Metal1,232.8000,139.8600,1.199989
FILLER_32_465,VDD,Metal1,230.6490,139.2610,1.199988
FILLER_32_458,VDD,Metal1,227.2890,139.2610,1.199986
FILLER_32_444,VDD,Metal1,219.1200,139.8600,1.199976
FILLER_32_440,VDD,Metal1,217.9310,139.2630,1.199974
FILLER_32_433,VDD,Metal1,215.2890,139.2610,1.199885
FILLER_32_426,VDD,Metal1,211.9290,139.2610,1.199884
FILLER_32_419,VDD,Metal1,208.5690,139.2610,1.199882
FILLER_32_412,VDD,Metal1,205.2090,139.2610,1.199881
FILLER_32_394,VDD,Metal1,195.1200,139.8600,1.199873
FILLER_32_392,VDD,Metal1,194.4000,139.8600,1.199873
FILLER_32_385,VDD,Metal1,192.2490,139.2610,1.199875
FILLER_32_378,VDD,Metal1,188.8890,139.2610,1.199877
FILLER_32_371,VDD,Metal1,185.5290,139.2610,1.199888
FILLER_32_364,VDD,Metal1,182.1690,139.2610,1.199892
FILLER_32_353,VDD,Metal1,176.8890,139.2610,1.199923
FILLER_32_346,VDD,Metal1,173.5290,139.2610,1.199925
FILLER_32_339,VDD,Metal1,170.1690,139.2610,1.199931
FILLER_32_332,VDD,Metal1,166.8090,139.2610,1.199910
FILLER_32_325,VDD,Metal1,163.4490,139.2610,1.199889
FILLER_32_318,VDD,Metal1,160.0890,139.2610,1.199868
FILLER_32_311,VDD,Metal1,156.7290,139.2610,1.199847
FILLER_32_304,VDD,Metal1,153.3690,139.2610,1.199826
FILLER_32_297,VDD,Metal1,150.0090,139.2610,1.199805
FILLER_32_290,VDD,Metal1,146.6490,139.2610,1.199666
FILLER_32_283,VDD,Metal1,143.2890,139.2610,1.199629
FILLER_32_276,VDD,Metal1,139.9290,139.2610,1.199487
FILLER_32_269,VDD,Metal1,136.5690,139.2610,1.199287
FILLER_32_255,VDD,Metal1,128.4000,139.8600,1.199280
FILLER_32_224,VDD,Metal1,114.2510,139.2630,1.199544
FILLER_32_217,VDD,Metal1,111.6090,139.2610,1.199577
FILLER_32_210,VDD,Metal1,108.2490,139.2610,1.199611
FILLER_32_203,VDD,Metal1,104.8890,139.2610,1.199644
FILLER_32_196,VDD,Metal1,101.5290,139.2610,1.199905
FILLER_32_189,VDD,Metal1,98.1690,139.2610,1.199939
FILLER_32_182,VDD,Metal1,94.8090,139.2610,1.199972
FILLER_32_176,VDD,Metal1,90.4800,139.8600,1.199955
FILLER_32_169,VDD,Metal1,88.5690,139.2610,1.199954
FILLER_32_162,VDD,Metal1,85.2090,139.2610,1.199937
FILLER_32_155,VDD,Metal1,81.8490,139.2610,1.199935
FILLER_32_148,VDD,Metal1,78.4890,139.2610,1.199929
FILLER_32_136,VDD,Metal1,72.0110,139.2630,1.199890
FILLER_32_129,VDD,Metal1,69.3690,139.2610,1.199861
FILLER_32_122,VDD,Metal1,66.0090,139.2610,1.199851
FILLER_32_115,VDD,Metal1,62.6490,139.2610,1.199670
FILLER_32_108,VDD,Metal1,59.2890,139.2610,1.199659
FILLER_32_88,VDD,Metal1,48.4800,139.8600,1.199880
FILLER_32_46,VDD,Metal1,29.5290,139.2610,1.199892
FILLER_32_36,VDD,Metal1,23.2800,139.8600,1.199901
FILLER_32_32,VDD,Metal1,22.0910,139.2630,1.199901
FILLER_32_0,VDD,Metal1,6.0000,139.8600,1.199902
FILLER_31_439,VDD,Metal1,217.4510,132.8960,1.199266
FILLER_31_432,VDD,Metal1,214.8090,132.8980,1.199291
FILLER_31_425,VDD,Metal1,211.4490,132.8980,1.199291
FILLER_31_399,VDD,Metal1,197.5200,132.3000,1.199915
FILLER_31_395,VDD,Metal1,196.3310,132.8960,1.199915
FILLER_31_388,VDD,Metal1,193.6890,132.8980,1.199915
FILLER_31_377,VDD,Metal1,188.4090,132.8980,1.199915
FILLER_31_370,VDD,Metal1,185.0490,132.8980,1.199915
FILLER_31_363,VDD,Metal1,181.6890,132.8980,1.199915
FILLER_31_356,VDD,Metal1,178.3290,132.8980,1.199916
FILLER_31_349,VDD,Metal1,174.9690,132.8980,1.199934
FILLER_31_342,VDD,Metal1,171.6090,132.8980,1.199943
FILLER_31_335,VDD,Metal1,168.2490,132.8980,1.199943
FILLER_31_327,VDD,Metal1,163.6910,132.8960,1.199943
FILLER_31_320,VDD,Metal1,161.0490,132.8980,1.199820
FILLER_31_313,VDD,Metal1,157.6890,132.8980,1.199817
FILLER_31_306,VDD,Metal1,154.3290,132.8980,1.199817
FILLER_31_295,VDD,Metal1,149.0490,132.8980,1.199816
FILLER_31_288,VDD,Metal1,145.6890,132.8980,1.199803
FILLER_31_281,VDD,Metal1,142.3290,132.8980,1.199798
FILLER_31_274,VDD,Metal1,138.9690,132.8980,1.199798
FILLER_31_267,VDD,Metal1,135.6090,132.8980,1.199798
FILLER_31_258,VDD,Metal1,129.8400,132.3000,1.199798
FILLER_31_251,VDD,Metal1,127.9290,132.8980,1.199798
FILLER_31_244,VDD,Metal1,124.5690,132.8980,1.199820
FILLER_31_237,VDD,Metal1,121.2090,132.8980,1.199841
FILLER_31_231,VDD,Metal1,117.1200,132.3000,1.199906
FILLER_31_224,VDD,Metal1,114.9690,132.8980,1.199929
FILLER_31_218,VDD,Metal1,110.8800,132.3000,1.199929
FILLER_31_208,VDD,Metal1,106.0800,132.3000,1.199932
FILLER_31_201,VDD,Metal1,103.9290,132.8980,1.199932
FILLER_31_169,VDD,Metal1,87.3600,132.3000,1.199956
FILLER_31_165,VDD,Metal1,85.9310,132.8960,1.199956
FILLER_31_136,VDD,Metal1,71.5200,132.3000,1.199949
FILLER_31_129,VDD,Metal1,69.3690,132.8980,1.199948
FILLER_31_122,VDD,Metal1,66.0090,132.8980,1.199946
FILLER_31_116,VDD,Metal1,61.6800,132.3000,1.199946
FILLER_31_112,VDD,Metal1,60.4910,132.8960,1.199946
FILLER_31_105,VDD,Metal1,57.8490,132.8980,1.199946
FILLER_31_89,VDD,Metal1,48.7200,132.3000,1.199958
FILLER_31_82,VDD,Metal1,46.8090,132.8980,1.199978
FILLER_31_74,VDD,Metal1,41.5200,132.3000,1.199978
FILLER_31_70,VDD,Metal1,40.3310,132.8960,1.199978
FILLER_31_63,VDD,Metal1,37.6890,132.8980,1.199982
FILLER_31_55,VDD,Metal1,33.1310,132.8960,1.199984
FILLER_31_27,VDD,Metal1,18.9600,132.3000,1.199984
FILLER_31_23,VDD,Metal1,17.7710,132.8960,1.199984
FILLER_31_16,VDD,Metal1,15.1290,132.8980,1.199984
FILLER_31_4,VDD,Metal1,9.3690,132.8980,1.199984
FILLER_30_500,VDD,Metal1,246.2400,132.3000,1.199945
FILLER_30_493,VDD,Metal1,244.0890,131.7010,1.199942
FILLER_30_466,VDD,Metal1,229.6800,132.3000,1.199266
FILLER_30_459,VDD,Metal1,227.7690,131.7010,1.199266
FILLER_30_407,VDD,Metal1,201.6000,132.3000,1.199912
FILLER_30_324,VDD,Metal1,161.7600,132.3000,1.199820
FILLER_30_292,VDD,Metal1,146.1600,132.3000,1.199803
FILLER_30_288,VDD,Metal1,144.9710,131.7030,1.199803
FILLER_30_281,VDD,Metal1,142.3290,131.7010,1.199798
FILLER_30_247,VDD,Metal1,126.0090,131.7010,1.199820
FILLER_30_240,VDD,Metal1,122.6490,131.7010,1.199841
FILLER_30_233,VDD,Metal1,119.2890,131.7010,1.199863
FILLER_30_197,VDD,Metal1,101.2910,131.7030,1.199962
FILLER_30_190,VDD,Metal1,98.6490,131.7010,1.199962
FILLER_30_183,VDD,Metal1,95.2890,131.7010,1.199967
FILLER_30_178,VDD,Metal1,91.4400,132.3000,1.199962
FILLER_30_171,VDD,Metal1,89.5290,131.7010,1.199962
FILLER_30_164,VDD,Metal1,86.1690,131.7010,1.199956
FILLER_30_157,VDD,Metal1,82.8090,131.7010,1.199950
FILLER_30_136,VDD,Metal1,72.7290,131.7010,1.199949
FILLER_30_129,VDD,Metal1,69.3690,131.7010,1.199948
FILLER_30_93,VDD,Metal1,50.6400,132.3000,1.199957
FILLER_30_86,VDD,Metal1,48.7290,131.7010,1.199958
FILLER_30_79,VDD,Metal1,45.3690,131.7010,1.199978
FILLER_30_72,VDD,Metal1,42.0090,131.7010,1.199978
FILLER_30_65,VDD,Metal1,38.6490,131.7010,1.199979
FILLER_30_58,VDD,Metal1,35.2890,131.7010,1.199984
FILLER_30_51,VDD,Metal1,31.9290,131.7010,1.199984
FILLER_30_44,VDD,Metal1,28.5690,131.7010,1.199984
FILLER_30_38,VDD,Metal1,24.2400,132.3000,1.199984
FILLER_30_32,VDD,Metal1,21.6000,132.3000,1.199984
FILLER_30_28,VDD,Metal1,20.1710,131.7030,1.199984
FILLER_30_21,VDD,Metal1,17.5290,131.7010,1.199984
FILLER_30_14,VDD,Metal1,14.1690,131.7010,1.199984
FILLER_30_7,VDD,Metal1,10.8090,131.7010,1.199984
FILLER_30_0,VDD,Metal1,7.4490,131.7010,1.199984
FILLER_29_505,VDD,Metal1,248.4000,124.7400,1.199989
FILLER_29_503,VDD,Metal1,247.6800,124.7400,1.199989
FILLER_29_496,VDD,Metal1,245.5290,125.3380,1.199990
FILLER_29_489,VDD,Metal1,242.1690,125.3380,1.199989
FILLER_29_483,VDD,Metal1,238.0800,124.7400,1.199989
FILLER_29_479,VDD,Metal1,236.6510,125.3360,1.199989
FILLER_29_467,VDD,Metal1,230.4000,124.7400,1.199986
FILLER_29_460,VDD,Metal1,228.2490,125.3380,1.199986
FILLER_29_453,VDD,Metal1,224.8890,125.3380,1.199986
FILLER_29_440,VDD,Metal1,217.9310,125.3360,1.199985
FILLER_29_433,VDD,Metal1,215.2890,125.3380,1.199985
FILLER_29_426,VDD,Metal1,211.9290,125.3380,1.199985
FILLER_29_419,VDD,Metal1,208.5690,125.3380,1.199985
FILLER_29_404,VDD,Metal1,199.9200,124.7400,1.199985
FILLER_29_402,VDD,Metal1,199.2000,124.7400,1.199985
FILLER_29_395,VDD,Metal1,197.0490,125.3380,1.199985
FILLER_29_389,VDD,Metal1,192.7200,124.7400,1.199987
FILLER_29_387,VDD,Metal1,192.0000,124.7400,1.199987
FILLER_29_381,VDD,Metal1,188.8800,124.7400,1.199987
FILLER_29_374,VDD,Metal1,186.9690,125.3380,1.199987
FILLER_29_367,VDD,Metal1,183.6090,125.3380,1.199988
FILLER_29_360,VDD,Metal1,180.2490,125.3380,1.199988
FILLER_29_355,VDD,Metal1,176.4000,124.7400,1.199990
FILLER_29_351,VDD,Metal1,175.2110,125.3360,1.199991
FILLER_29_344,VDD,Metal1,172.5690,125.3380,1.199991
FILLER_29_337,VDD,Metal1,169.2090,125.3380,1.199999
FILLER_29_330,VDD,Metal1,165.8490,125.3380,1.199998
FILLER_29_323,VDD,Metal1,162.4890,125.3380,1.199998
FILLER_29_316,VDD,Metal1,159.1290,125.3380,1.199998
FILLER_29_309,VDD,Metal1,155.7690,125.3380,1.199998
FILLER_29_302,VDD,Metal1,152.4090,125.3380,1.199997
FILLER_29_285,VDD,Metal1,143.0400,124.7400,1.199978
FILLER_29_251,VDD,Metal1,127.9290,125.3380,1.199978
FILLER_29_245,VDD,Metal1,123.6000,124.7400,1.199978
FILLER_29_238,VDD,Metal1,121.6890,125.3380,1.199978
FILLER_29_231,VDD,Metal1,118.3290,125.3380,1.199978
FILLER_29_224,VDD,Metal1,114.9690,125.3380,1.199978
FILLER_29_218,VDD,Metal1,110.6400,124.7400,1.199978
FILLER_29_214,VDD,Metal1,109.4510,125.3360,1.199984
FILLER_29_207,VDD,Metal1,106.8090,125.3380,1.199984
FILLER_29_200,VDD,Metal1,103.4490,125.3380,1.199985
FILLER_29_193,VDD,Metal1,100.0890,125.3380,1.199986
FILLER_29_186,VDD,Metal1,96.7290,125.3380,1.199986
FILLER_29_179,VDD,Metal1,93.3690,125.3380,1.199985
FILLER_29_172,VDD,Metal1,90.0090,125.3380,1.199975
FILLER_29_165,VDD,Metal1,86.6490,125.3380,1.199975
FILLER_29_158,VDD,Metal1,83.2890,125.3380,1.199975
FILLER_29_151,VDD,Metal1,79.9290,125.3380,1.199975
FILLER_29_144,VDD,Metal1,76.5690,125.3380,1.199901
FILLER_29_137,VDD,Metal1,73.2090,125.3380,1.199897
FILLER_29_130,VDD,Metal1,69.8490,125.3380,1.199897
FILLER_29_123,VDD,Metal1,66.4890,125.3380,1.199897
FILLER_29_116,VDD,Metal1,63.1290,125.3380,1.199897
FILLER_29_109,VDD,Metal1,59.7690,125.3380,1.199925
FILLER_29_102,VDD,Metal1,56.4090,125.3380,1.199931
FILLER_29_95,VDD,Metal1,53.0490,125.3380,1.199937
FILLER_29_88,VDD,Metal1,49.6890,125.3380,1.199943
FILLER_29_81,VDD,Metal1,46.3290,125.3380,1.199949
FILLER_29_74,VDD,Metal1,42.9690,125.3380,1.199955
FILLER_29_67,VDD,Metal1,39.6090,125.3380,1.199961
FILLER_29_60,VDD,Metal1,36.2490,125.3380,1.199967
FILLER_29_53,VDD,Metal1,32.8890,125.3380,1.199973
FILLER_29_46,VDD,Metal1,29.5290,125.3380,1.199979
FILLER_29_39,VDD,Metal1,26.1690,125.3380,1.199985
FILLER_29_32,VDD,Metal1,22.8090,125.3380,1.199991
FILLER_29_25,VDD,Metal1,19.4490,125.3380,1.199997
FILLER_29_18,VDD,Metal1,16.0890,125.3380,1.199997
FILLER_29_11,VDD,Metal1,12.7290,125.3380,1.199997
FILLER_29_4,VDD,Metal1,9.3690,125.3380,1.199997
FILLER_28_478,VDD,Metal1,235.4400,124.7400,1.199987
FILLER_28_476,VDD,Metal1,234.7200,124.7400,1.199987
FILLER_28_465,VDD,Metal1,229.2000,124.7400,1.199986
FILLER_28_461,VDD,Metal1,228.0110,124.1430,1.199986
FILLER_28_454,VDD,Metal1,225.3690,124.1410,1.199986
FILLER_28_447,VDD,Metal1,222.0090,124.1410,1.199986
FILLER_28_442,VDD,Metal1,218.1600,124.7400,1.199985
FILLER_28_440,VDD,Metal1,217.4400,124.7400,1.199985
FILLER_28_433,VDD,Metal1,215.2890,124.1410,1.199985
FILLER_28_426,VDD,Metal1,211.9290,124.1410,1.199985
FILLER_28_419,VDD,Metal1,208.5690,124.1410,1.199985
FILLER_28_412,VDD,Metal1,205.2090,124.1410,1.199985
FILLER_28_405,VDD,Metal1,201.8490,124.1410,1.199985
FILLER_28_398,VDD,Metal1,198.4890,124.1410,1.199985
FILLER_28_391,VDD,Metal1,195.1290,124.1410,1.199986
FILLER_28_384,VDD,Metal1,191.7690,124.1410,1.199987
FILLER_28_377,VDD,Metal1,188.4090,124.1410,1.199987
FILLER_28_370,VDD,Metal1,185.0490,124.1410,1.199988
FILLER_28_363,VDD,Metal1,181.6890,124.1410,1.199988
FILLER_28_348,VDD,Metal1,173.2800,124.7400,1.199991
FILLER_28_344,VDD,Metal1,171.8510,124.1430,1.199991
FILLER_28_338,VDD,Metal1,168.4800,124.7400,1.199999
FILLER_28_332,VDD,Metal1,165.3600,124.7400,1.199998
FILLER_28_328,VDD,Metal1,164.1710,124.1430,1.199998
FILLER_28_321,VDD,Metal1,161.5290,124.1410,1.199998
FILLER_28_307,VDD,Metal1,153.3600,124.7400,1.199997
FILLER_28_303,VDD,Metal1,152.1710,124.1430,1.199997
FILLER_28_296,VDD,Metal1,149.5290,124.1410,1.199997
FILLER_28_289,VDD,Metal1,144.9600,124.7400,1.199978
FILLER_28_282,VDD,Metal1,142.8090,124.1410,1.199978
FILLER_28_275,VDD,Metal1,139.4490,124.1410,1.199978
FILLER_28_268,VDD,Metal1,136.0890,124.1410,1.199978
FILLER_28_261,VDD,Metal1,132.7290,124.1410,1.199978
FILLER_28_254,VDD,Metal1,129.3690,124.1410,1.199978
FILLER_28_247,VDD,Metal1,126.0090,124.1410,1.199978
FILLER_28_240,VDD,Metal1,122.6490,124.1410,1.199978
FILLER_28_233,VDD,Metal1,119.2890,124.1410,1.199978
FILLER_28_225,VDD,Metal1,114.7310,124.1430,1.199978
FILLER_28_218,VDD,Metal1,112.0890,124.1410,1.199978
FILLER_28_211,VDD,Metal1,108.7290,124.1410,1.199984
FILLER_28_204,VDD,Metal1,105.3690,124.1410,1.199984
FILLER_28_197,VDD,Metal1,102.0090,124.1410,1.199985
FILLER_28_184,VDD,Metal1,95.0510,124.1430,1.199986
FILLER_28_177,VDD,Metal1,92.4090,124.1410,1.199979
FILLER_28_144,VDD,Metal1,75.1200,124.7400,1.199901
FILLER_28_142,VDD,Metal1,74.4000,124.7400,1.199897
FILLER_28_114,VDD,Metal1,60.7200,124.7400,1.199925
FILLER_28_112,VDD,Metal1,60.0000,124.7400,1.199925
FILLER_28_105,VDD,Metal1,57.8490,124.1410,1.199931
FILLER_28_98,VDD,Metal1,54.4890,124.1410,1.199937
FILLER_28_91,VDD,Metal1,51.1290,124.1410,1.199943
FILLER_28_84,VDD,Metal1,47.7690,124.1410,1.199949
FILLER_28_77,VDD,Metal1,44.4090,124.1410,1.199955
FILLER_28_70,VDD,Metal1,41.0490,124.1410,1.199961
FILLER_28_63,VDD,Metal1,37.6890,124.1410,1.199967
FILLER_28_56,VDD,Metal1,34.3290,124.1410,1.199973
FILLER_28_49,VDD,Metal1,30.9690,124.1410,1.199979
FILLER_28_42,VDD,Metal1,27.6090,124.1410,1.199985
FILLER_28_35,VDD,Metal1,24.2490,124.1410,1.199991
FILLER_28_28,VDD,Metal1,20.8890,124.1410,1.199997
FILLER_28_21,VDD,Metal1,17.5290,124.1410,1.199997
FILLER_28_14,VDD,Metal1,14.1690,124.1410,1.199997
FILLER_28_7,VDD,Metal1,10.8090,124.1410,1.199997
FILLER_28_0,VDD,Metal1,7.4490,124.1410,1.199997
FILLER_27_501,VDD,Metal1,246.4800,117.1800,1.199984
FILLER_27_494,VDD,Metal1,244.5690,117.7780,1.199961
FILLER_27_487,VDD,Metal1,241.2090,117.7780,1.199950
FILLER_27_480,VDD,Metal1,237.8490,117.7780,1.199946
FILLER_27_474,VDD,Metal1,233.5200,117.1800,1.199911
FILLER_27_472,VDD,Metal1,232.8000,117.1800,1.199911
FILLER_27_465,VDD,Metal1,230.6490,117.7780,1.199911
FILLER_27_432,VDD,Metal1,213.3600,117.1800,1.199870
FILLER_27_425,VDD,Metal1,211.4490,117.7780,1.199849
FILLER_27_418,VDD,Metal1,208.0890,117.7780,1.199847
FILLER_27_413,VDD,Metal1,204.2400,117.1800,1.199847
FILLER_27_411,VDD,Metal1,203.5200,117.1800,1.199847
FILLER_27_400,VDD,Metal1,199.4490,117.7780,1.199848
FILLER_27_393,VDD,Metal1,196.0890,117.7780,1.199848
FILLER_27_386,VDD,Metal1,192.7290,117.7780,1.199849
FILLER_27_381,VDD,Metal1,188.8800,117.1800,1.199849
FILLER_27_374,VDD,Metal1,186.9690,117.7780,1.199849
FILLER_27_367,VDD,Metal1,183.6090,117.7780,1.199849
FILLER_27_360,VDD,Metal1,180.2490,117.7780,1.199849
FILLER_27_354,VDD,Metal1,176.1600,117.1800,1.199930
FILLER_27_350,VDD,Metal1,174.7310,117.7760,1.199951
FILLER_27_343,VDD,Metal1,172.0890,117.7780,1.199956
FILLER_27_330,VDD,Metal1,165.8490,117.7780,1.199905
FILLER_27_301,VDD,Metal1,150.7200,117.1800,1.199899
FILLER_27_280,VDD,Metal1,140.4000,117.1800,1.199817
FILLER_27_273,VDD,Metal1,138.4890,117.7780,1.199816
FILLER_27_266,VDD,Metal1,135.1290,117.7780,1.199816
FILLER_27_259,VDD,Metal1,131.7690,117.7780,1.199816
FILLER_27_251,VDD,Metal1,127.2110,117.7760,1.199816
FILLER_27_220,VDD,Metal1,112.3310,117.7760,1.199933
FILLER_27_213,VDD,Metal1,109.6890,117.7780,1.199935
FILLER_27_184,VDD,Metal1,94.5600,117.1800,1.199980
FILLER_27_180,VDD,Metal1,93.1310,117.7760,1.199925
FILLER_27_173,VDD,Metal1,90.4890,117.7780,1.199919
FILLER_27_166,VDD,Metal1,87.1290,117.7780,1.199918
FILLER_27_159,VDD,Metal1,83.7690,117.7780,1.199918
FILLER_27_145,VDD,Metal1,77.0490,117.7780,1.199909
FILLER_27_138,VDD,Metal1,73.6890,117.7780,1.199908
FILLER_27_131,VDD,Metal1,70.3290,117.7780,1.199907
FILLER_27_124,VDD,Metal1,66.9690,117.7780,1.199905
FILLER_27_119,VDD,Metal1,63.1200,117.1800,1.199903
FILLER_27_112,VDD,Metal1,61.2090,117.7780,1.199903
FILLER_27_74,VDD,Metal1,41.5200,117.1800,1.199917
FILLER_27_70,VDD,Metal1,40.3310,117.7760,1.199918
FILLER_27_63,VDD,Metal1,37.6890,117.7780,1.199973
FILLER_27_56,VDD,Metal1,34.3290,117.7780,1.199977
FILLER_27_49,VDD,Metal1,30.9690,117.7780,1.199980
FILLER_27_42,VDD,Metal1,27.6090,117.7780,1.199984
FILLER_27_35,VDD,Metal1,24.2490,117.7780,1.199987
FILLER_27_28,VDD,Metal1,20.8890,117.7780,1.199991
FILLER_27_21,VDD,Metal1,17.5290,117.7780,1.199994
FILLER_27_14,VDD,Metal1,14.1690,117.7780,1.199994
FILLER_27_7,VDD,Metal1,10.8090,117.7780,1.199994
FILLER_27_0,VDD,Metal1,7.4490,117.7780,1.199994
FILLER_26_505,VDD,Metal1,248.4000,117.1800,1.199967
FILLER_26_503,VDD,Metal1,247.6800,117.1800,1.199967
FILLER_26_496,VDD,Metal1,245.5290,116.5810,1.199967
FILLER_26_489,VDD,Metal1,242.1690,116.5810,1.199957
FILLER_26_478,VDD,Metal1,236.8890,116.5810,1.199938
FILLER_26_471,VDD,Metal1,233.5290,116.5810,1.199911
FILLER_26_464,VDD,Metal1,230.1690,116.5810,1.199907
FILLER_26_454,VDD,Metal1,223.9200,117.1800,1.199889
FILLER_26_447,VDD,Metal1,222.0090,116.5810,1.199889
FILLER_26_436,VDD,Metal1,215.5200,117.1800,1.199871
FILLER_26_429,VDD,Metal1,213.3690,116.5810,1.199870
FILLER_26_390,VDD,Metal1,194.6490,116.5810,1.199848
FILLER_26_353,VDD,Metal1,175.4400,117.1800,1.199951
FILLER_26_345,VDD,Metal1,171.8400,117.1800,1.199956
FILLER_26_341,VDD,Metal1,170.4110,116.5830,1.199956
FILLER_26_334,VDD,Metal1,167.7690,116.5810,1.199951
FILLER_26_327,VDD,Metal1,164.4090,116.5810,1.199905
FILLER_26_320,VDD,Metal1,161.0490,116.5810,1.199905
FILLER_26_313,VDD,Metal1,157.6890,116.5810,1.199905
FILLER_26_306,VDD,Metal1,154.3290,116.5810,1.199904
FILLER_26_299,VDD,Metal1,150.9690,116.5810,1.199899
FILLER_26_288,VDD,Metal1,145.6890,116.5810,1.199877
FILLER_26_281,VDD,Metal1,142.3290,116.5810,1.199875
FILLER_26_248,VDD,Metal1,125.0400,117.1800,1.199817
FILLER_26_242,VDD,Metal1,122.1600,117.1800,1.199817
FILLER_26_240,VDD,Metal1,121.4400,117.1800,1.199817
FILLER_26_233,VDD,Metal1,119.2890,116.5810,1.199817
FILLER_26_225,VDD,Metal1,114.7310,116.5830,1.199817
FILLER_26_218,VDD,Metal1,112.0890,116.5810,1.199933
FILLER_26_211,VDD,Metal1,108.7290,116.5810,1.199939
FILLER_26_204,VDD,Metal1,105.3690,116.5810,1.199967
FILLER_26_198,VDD,Metal1,101.0400,117.1800,1.199967
FILLER_26_191,VDD,Metal1,99.1290,116.5810,1.199968
FILLER_26_184,VDD,Metal1,95.7690,116.5810,1.199978
FILLER_26_177,VDD,Metal1,92.4090,116.5810,1.199925
FILLER_26_167,VDD,Metal1,86.1600,117.1800,1.199918
FILLER_26_163,VDD,Metal1,84.9710,116.5830,1.199918
FILLER_26_156,VDD,Metal1,82.3290,116.5810,1.199918
FILLER_26_149,VDD,Metal1,78.9690,116.5810,1.199916
FILLER_26_143,VDD,Metal1,74.6400,117.1800,1.199908
FILLER_26_136,VDD,Metal1,72.7290,116.5810,1.199907
FILLER_26_129,VDD,Metal1,69.3690,116.5810,1.199906
FILLER_26_122,VDD,Metal1,66.0090,116.5810,1.199904
FILLER_26_115,VDD,Metal1,62.6490,116.5810,1.199903
FILLER_26_108,VDD,Metal1,59.2890,116.5810,1.199896
FILLER_26_101,VDD,Metal1,55.9290,116.5810,1.199896
FILLER_26_94,VDD,Metal1,52.5690,116.5810,1.199896
FILLER_26_88,VDD,Metal1,48.4800,117.1800,1.199896
FILLER_26_84,VDD,Metal1,47.0510,116.5830,1.199896
FILLER_26_77,VDD,Metal1,44.4090,116.5810,1.199917
FILLER_26_70,VDD,Metal1,41.0490,116.5810,1.199918
FILLER_26_63,VDD,Metal1,37.6890,116.5810,1.199973
FILLER_26_56,VDD,Metal1,34.3290,116.5810,1.199977
FILLER_26_49,VDD,Metal1,30.9690,116.5810,1.199980
FILLER_26_42,VDD,Metal1,27.6090,116.5810,1.199984
FILLER_26_35,VDD,Metal1,24.2490,116.5810,1.199987
FILLER_26_28,VDD,Metal1,20.8890,116.5810,1.199991
FILLER_26_21,VDD,Metal1,17.5290,116.5810,1.199994
FILLER_26_14,VDD,Metal1,14.1690,116.5810,1.199994
FILLER_26_7,VDD,Metal1,10.8090,116.5810,1.199994
FILLER_26_0,VDD,Metal1,7.4490,116.5810,1.199994
FILLER_25_475,VDD,Metal1,234.7310,110.2160,1.199904
FILLER_25_458,VDD,Metal1,227.2890,110.2180,1.199839
FILLER_25_451,VDD,Metal1,223.9290,110.2180,1.199842
FILLER_25_444,VDD,Metal1,220.5690,110.2180,1.199845
FILLER_25_437,VDD,Metal1,217.2090,110.2180,1.199846
FILLER_25_430,VDD,Metal1,213.8490,110.2180,1.199847
FILLER_25_423,VDD,Metal1,210.4890,110.2180,1.199849
FILLER_25_416,VDD,Metal1,207.1290,110.2180,1.199852
FILLER_25_407,VDD,Metal1,202.0910,110.2160,1.199864
FILLER_25_402,VDD,Metal1,198.9600,109.6200,1.199868
FILLER_25_397,VDD,Metal1,196.5600,109.6200,1.199910
FILLER_25_393,VDD,Metal1,195.3710,110.2160,1.199929
FILLER_25_386,VDD,Metal1,192.7290,110.2180,1.199948
FILLER_25_379,VDD,Metal1,189.3690,110.2180,1.199948
FILLER_25_372,VDD,Metal1,186.0090,110.2180,1.199951
FILLER_25_361,VDD,Metal1,180.7290,110.2180,1.199956
FILLER_25_346,VDD,Metal1,172.0800,109.6200,1.199977
FILLER_25_342,VDD,Metal1,170.8910,110.2160,1.199985
FILLER_25_335,VDD,Metal1,168.2490,110.2180,1.199985
FILLER_25_328,VDD,Metal1,164.8890,110.2180,1.199985
FILLER_25_321,VDD,Metal1,161.5290,110.2180,1.199984
FILLER_25_314,VDD,Metal1,158.1690,110.2180,1.199984
FILLER_25_307,VDD,Metal1,154.8090,110.2180,1.199981
FILLER_25_300,VDD,Metal1,151.4490,110.2180,1.199980
FILLER_25_291,VDD,Metal1,145.9200,109.6200,1.199958
FILLER_25_284,VDD,Metal1,143.7690,110.2180,1.199958
FILLER_25_277,VDD,Metal1,140.4090,110.2180,1.199957
FILLER_25_270,VDD,Metal1,137.0490,110.2180,1.199956
FILLER_25_263,VDD,Metal1,133.6890,110.2180,1.199956
FILLER_25_257,VDD,Metal1,129.6000,109.6200,1.199956
FILLER_25_250,VDD,Metal1,127.4490,110.2180,1.199955
FILLER_25_244,VDD,Metal1,123.3600,109.6200,1.199951
FILLER_25_240,VDD,Metal1,121.9310,110.2160,1.199951
FILLER_25_233,VDD,Metal1,119.2890,110.2180,1.199951
FILLER_25_226,VDD,Metal1,115.9290,110.2180,1.199947
FILLER_25_219,VDD,Metal1,112.5690,110.2180,1.199947
FILLER_25_212,VDD,Metal1,109.2090,110.2180,1.199947
FILLER_25_205,VDD,Metal1,105.8490,110.2180,1.199947
FILLER_25_198,VDD,Metal1,102.4890,110.2180,1.199951
FILLER_25_191,VDD,Metal1,99.1290,110.2180,1.199951
FILLER_25_162,VDD,Metal1,84.0000,109.6200,1.199951
FILLER_25_158,VDD,Metal1,82.5710,110.2160,1.199816
FILLER_25_127,VDD,Metal1,67.6910,110.2160,1.199837
FILLER_25_120,VDD,Metal1,65.0490,110.2180,1.199837
FILLER_25_113,VDD,Metal1,60.4800,109.6200,1.199837
FILLER_25_109,VDD,Metal1,59.0510,110.2160,1.199837
FILLER_25_102,VDD,Metal1,56.4090,110.2180,1.199837
FILLER_25_95,VDD,Metal1,53.0490,110.2180,1.199838
FILLER_25_88,VDD,Metal1,49.6890,110.2180,1.199864
FILLER_25_81,VDD,Metal1,46.3290,110.2180,1.199890
FILLER_25_74,VDD,Metal1,42.9690,110.2180,1.199917
FILLER_25_67,VDD,Metal1,39.6090,110.2180,1.199919
FILLER_25_60,VDD,Metal1,36.2490,110.2180,1.199919
FILLER_25_49,VDD,Metal1,30.9690,110.2180,1.199937
FILLER_25_42,VDD,Metal1,27.6090,110.2180,1.199949
FILLER_25_35,VDD,Metal1,24.2490,110.2180,1.199960
FILLER_25_28,VDD,Metal1,20.8890,110.2180,1.199972
FILLER_25_21,VDD,Metal1,17.5290,110.2180,1.199982
FILLER_25_14,VDD,Metal1,14.1690,110.2180,1.199982
FILLER_25_7,VDD,Metal1,10.8090,110.2180,1.199982
FILLER_25_0,VDD,Metal1,7.4490,110.2180,1.199982
FILLER_24_487,VDD,Metal1,240.0000,109.6200,1.199976
FILLER_24_480,VDD,Metal1,237.8490,109.0210,1.199976
FILLER_24_457,VDD,Metal1,225.6000,109.6200,1.199842
FILLER_24_453,VDD,Metal1,224.1710,109.0230,1.199842
FILLER_24_447,VDD,Metal1,220.8000,109.6200,1.199845
FILLER_24_443,VDD,Metal1,219.3710,109.0230,1.199846
FILLER_24_436,VDD,Metal1,216.7290,109.0210,1.199847
FILLER_24_429,VDD,Metal1,213.3690,109.0210,1.199849
FILLER_24_423,VDD,Metal1,209.2800,109.6200,1.199849
FILLER_24_416,VDD,Metal1,207.1290,109.0210,1.199852
FILLER_24_388,VDD,Metal1,192.4800,109.6200,1.199948
FILLER_24_384,VDD,Metal1,191.0510,109.0230,1.199948
FILLER_24_377,VDD,Metal1,188.4090,109.0210,1.199950
FILLER_24_370,VDD,Metal1,185.0490,109.0210,1.199953
FILLER_24_363,VDD,Metal1,181.6890,109.0210,1.199954
FILLER_24_356,VDD,Metal1,178.3290,109.0210,1.199957
FILLER_24_346,VDD,Metal1,172.8110,109.0230,1.199977
FILLER_24_306,VDD,Metal1,152.8800,109.6200,1.199980
FILLER_24_304,VDD,Metal1,152.1600,109.6200,1.199980
FILLER_24_297,VDD,Metal1,150.0090,109.0210,1.199980
FILLER_24_285,VDD,Metal1,144.2490,109.0210,1.199958
FILLER_24_278,VDD,Metal1,140.8890,109.0210,1.199958
FILLER_24_271,VDD,Metal1,137.5290,109.0210,1.199957
FILLER_24_264,VDD,Metal1,134.1690,109.0210,1.199956
FILLER_24_257,VDD,Metal1,130.8090,109.0210,1.199956
FILLER_24_250,VDD,Metal1,127.4490,109.0210,1.199955
FILLER_24_243,VDD,Metal1,124.0890,109.0210,1.199951
FILLER_24_236,VDD,Metal1,120.7290,109.0210,1.199951
FILLER_24_229,VDD,Metal1,117.3690,109.0210,1.199947
FILLER_24_201,VDD,Metal1,102.4800,109.6200,1.199951
FILLER_24_197,VDD,Metal1,101.2910,109.0230,1.199951
FILLER_24_190,VDD,Metal1,98.6490,109.0210,1.199953
FILLER_24_183,VDD,Metal1,95.2890,109.0210,1.199958
FILLER_24_176,VDD,Metal1,91.9290,109.0210,1.199958
FILLER_24_169,VDD,Metal1,87.3600,109.6200,1.199952
FILLER_24_162,VDD,Metal1,85.2090,109.0210,1.199951
FILLER_24_155,VDD,Metal1,81.8490,109.0210,1.199816
FILLER_24_148,VDD,Metal1,78.4890,109.0210,1.199816
FILLER_24_142,VDD,Metal1,74.1600,109.6200,1.199816
FILLER_24_140,VDD,Metal1,73.4400,109.6200,1.199816
FILLER_24_135,VDD,Metal1,70.8000,109.6200,1.199816
FILLER_24_131,VDD,Metal1,69.6110,109.0230,1.199816
FILLER_24_103,VDD,Metal1,55.4400,109.6200,1.199837
FILLER_24_99,VDD,Metal1,54.2510,109.0230,1.199838
FILLER_24_92,VDD,Metal1,51.6090,109.0210,1.199838
FILLER_24_85,VDD,Metal1,48.2490,109.0210,1.199864
FILLER_24_78,VDD,Metal1,44.8890,109.0210,1.199890
FILLER_24_49,VDD,Metal1,29.7600,109.6200,1.199937
FILLER_24_42,VDD,Metal1,27.6090,109.0210,1.199949
FILLER_24_35,VDD,Metal1,24.2490,109.0210,1.199960
FILLER_24_28,VDD,Metal1,20.8890,109.0210,1.199972
FILLER_24_21,VDD,Metal1,17.5290,109.0210,1.199982
FILLER_24_14,VDD,Metal1,14.1690,109.0210,1.199982
FILLER_24_7,VDD,Metal1,10.8090,109.0210,1.199982
FILLER_24_0,VDD,Metal1,7.4490,109.0210,1.199982
FILLER_23_419,VDD,Metal1,207.1200,102.0600,1.199189
FILLER_23_408,VDD,Metal1,201.8400,102.0600,1.199185
FILLER_23_375,VDD,Metal1,186.2400,102.0600,1.199250
FILLER_23_368,VDD,Metal1,184.0890,102.6580,1.199250
FILLER_23_361,VDD,Metal1,180.7290,102.6580,1.199250
FILLER_23_353,VDD,Metal1,176.1710,102.6560,1.199250
FILLER_23_346,VDD,Metal1,172.3200,102.0600,1.199942
FILLER_23_342,VDD,Metal1,170.8910,102.6560,1.199946
FILLER_23_335,VDD,Metal1,168.2490,102.6580,1.199939
FILLER_23_328,VDD,Metal1,164.8890,102.6580,1.199921
FILLER_23_322,VDD,Metal1,160.8000,102.0600,1.199901
FILLER_23_315,VDD,Metal1,158.6490,102.6580,1.199829
FILLER_23_308,VDD,Metal1,155.2890,102.6580,1.199822
FILLER_23_284,VDD,Metal1,142.5600,102.0600,1.199821
FILLER_23_277,VDD,Metal1,140.4090,102.6580,1.199821
FILLER_23_270,VDD,Metal1,137.0490,102.6580,1.199821
FILLER_23_262,VDD,Metal1,132.4910,102.6560,1.199821
FILLER_23_255,VDD,Metal1,129.8490,102.6580,1.199898
FILLER_23_248,VDD,Metal1,126.4890,102.6580,1.199900
FILLER_23_225,VDD,Metal1,114.7310,102.6560,1.199922
FILLER_23_218,VDD,Metal1,112.0890,102.6580,1.199922
FILLER_23_211,VDD,Metal1,108.7290,102.6580,1.199940
FILLER_23_199,VDD,Metal1,102.2510,102.6560,1.199975
FILLER_23_192,VDD,Metal1,99.6090,102.6580,1.199978
FILLER_23_185,VDD,Metal1,96.2490,102.6580,1.199979
FILLER_23_178,VDD,Metal1,92.8890,102.6580,1.199979
FILLER_23_171,VDD,Metal1,89.5290,102.6580,1.199980
FILLER_23_164,VDD,Metal1,86.1690,102.6580,1.199980
FILLER_23_157,VDD,Metal1,82.8090,102.6580,1.199981
FILLER_23_150,VDD,Metal1,79.4490,102.6580,1.199981
FILLER_23_143,VDD,Metal1,76.0890,102.6580,1.199981
FILLER_23_136,VDD,Metal1,72.7290,102.6580,1.199982
FILLER_23_129,VDD,Metal1,69.3690,102.6580,1.199982
FILLER_23_122,VDD,Metal1,66.0090,102.6580,1.199982
FILLER_23_113,VDD,Metal1,60.9710,102.6560,1.199982
FILLER_23_108,VDD,Metal1,57.8400,102.0600,1.199986
FILLER_23_101,VDD,Metal1,55.9290,102.6580,1.199987
FILLER_23_94,VDD,Metal1,52.5690,102.6580,1.199987
FILLER_23_87,VDD,Metal1,49.2090,102.6580,1.199987
FILLER_23_80,VDD,Metal1,45.8490,102.6580,1.199988
FILLER_23_73,VDD,Metal1,42.4890,102.6580,1.199988
FILLER_23_62,VDD,Metal1,35.7600,102.0600,1.199988
FILLER_23_50,VDD,Metal1,31.4490,102.6580,1.199988
FILLER_23_43,VDD,Metal1,28.0890,102.6580,1.199991
FILLER_23_36,VDD,Metal1,24.7290,102.6580,1.199994
FILLER_23_29,VDD,Metal1,21.3690,102.6580,1.199996
FILLER_23_22,VDD,Metal1,18.0090,102.6580,1.199999
FILLER_23_15,VDD,Metal1,14.6490,102.6580,1.199999
FILLER_23_8,VDD,Metal1,11.2890,102.6580,1.199999
FILLER_22_496,VDD,Metal1,244.3200,102.0600,1.199924
FILLER_22_489,VDD,Metal1,242.1690,101.4610,1.199923
FILLER_22_483,VDD,Metal1,238.0800,102.0600,1.199923
FILLER_22_479,VDD,Metal1,236.6510,101.4630,1.199923
FILLER_22_468,VDD,Metal1,230.6400,102.0600,1.199224
FILLER_22_461,VDD,Metal1,228.7290,101.4610,1.199224
FILLER_22_442,VDD,Metal1,218.1600,102.0600,1.199195
FILLER_22_435,VDD,Metal1,216.2490,101.4610,1.199195
FILLER_22_428,VDD,Metal1,212.8890,101.4610,1.199195
FILLER_22_421,VDD,Metal1,209.5290,101.4610,1.199195
FILLER_22_412,VDD,Metal1,204.4910,101.4630,1.199188
FILLER_22_385,VDD,Metal1,190.8000,102.0600,1.199185
FILLER_22_379,VDD,Metal1,187.9200,102.0600,1.199236
FILLER_22_347,VDD,Metal1,172.5600,102.0600,1.199942
FILLER_22_340,VDD,Metal1,170.6490,101.4610,1.199945
FILLER_22_333,VDD,Metal1,167.2890,101.4610,1.199927
FILLER_22_326,VDD,Metal1,163.9290,101.4610,1.199909
FILLER_22_319,VDD,Metal1,160.5690,101.4610,1.199901
FILLER_22_288,VDD,Metal1,144.9710,101.4630,1.199822
FILLER_22_260,VDD,Metal1,130.8000,102.0600,1.199898
FILLER_22_256,VDD,Metal1,129.6110,101.4630,1.199898
FILLER_22_249,VDD,Metal1,126.9690,101.4610,1.199898
FILLER_22_242,VDD,Metal1,123.6090,101.4610,1.199900
FILLER_22_221,VDD,Metal1,113.5290,101.4610,1.199922
FILLER_22_214,VDD,Metal1,110.1690,101.4610,1.199940
FILLER_22_207,VDD,Metal1,106.8090,101.4610,1.199957
FILLER_22_200,VDD,Metal1,103.4490,101.4610,1.199974
FILLER_22_193,VDD,Metal1,100.0890,101.4610,1.199975
FILLER_22_186,VDD,Metal1,96.7290,101.4610,1.199978
FILLER_22_179,VDD,Metal1,93.3690,101.4610,1.199979
FILLER_22_172,VDD,Metal1,90.0090,101.4610,1.199979
FILLER_22_165,VDD,Metal1,86.6490,101.4610,1.199980
FILLER_22_158,VDD,Metal1,83.2890,101.4610,1.199980
FILLER_22_151,VDD,Metal1,79.9290,101.4610,1.199981
FILLER_22_144,VDD,Metal1,76.5690,101.4610,1.199981
FILLER_22_137,VDD,Metal1,73.2090,101.4610,1.199981
FILLER_22_130,VDD,Metal1,69.8490,101.4610,1.199982
FILLER_22_123,VDD,Metal1,66.4890,101.4610,1.199982
FILLER_22_116,VDD,Metal1,63.1290,101.4610,1.199982
FILLER_22_109,VDD,Metal1,59.7690,101.4610,1.199982
FILLER_22_102,VDD,Metal1,56.4090,101.4610,1.199986
FILLER_22_95,VDD,Metal1,53.0490,101.4610,1.199987
FILLER_22_88,VDD,Metal1,49.6890,101.4610,1.199987
FILLER_22_81,VDD,Metal1,46.3290,101.4610,1.199987
FILLER_22_74,VDD,Metal1,42.9690,101.4610,1.199988
FILLER_22_67,VDD,Metal1,39.6090,101.4610,1.199988
FILLER_22_60,VDD,Metal1,36.2490,101.4610,1.199988
FILLER_22_53,VDD,Metal1,32.8890,101.4610,1.199988
FILLER_22_46,VDD,Metal1,29.5290,101.4610,1.199991
FILLER_22_39,VDD,Metal1,26.1690,101.4610,1.199994
FILLER_22_32,VDD,Metal1,22.8090,101.4610,1.199996
FILLER_22_25,VDD,Metal1,19.4490,101.4610,1.199999
FILLER_22_18,VDD,Metal1,16.0890,101.4610,1.199999
FILLER_22_11,VDD,Metal1,12.7290,101.4610,1.199999
FILLER_22_4,VDD,Metal1,9.3690,101.4610,1.199999
FILLER_21_501,VDD,Metal1,246.4800,94.5000,1.199968
FILLER_21_499,VDD,Metal1,245.7600,94.5000,1.199971
FILLER_21_492,VDD,Metal1,243.6090,95.0980,1.199968
FILLER_21_485,VDD,Metal1,240.2490,95.0980,1.199968
FILLER_21_462,VDD,Metal1,227.7600,94.5000,1.199935
FILLER_21_455,VDD,Metal1,225.8490,95.0980,1.199933
FILLER_21_449,VDD,Metal1,221.5200,94.5000,1.199927
FILLER_21_445,VDD,Metal1,220.3310,95.0960,1.199914
FILLER_21_438,VDD,Metal1,217.6890,95.0980,1.199911
FILLER_21_431,VDD,Metal1,214.3290,95.0980,1.199897
FILLER_21_424,VDD,Metal1,210.9690,95.0980,1.199895
FILLER_21_417,VDD,Metal1,207.6090,95.0980,1.199895
FILLER_21_412,VDD,Metal1,203.7600,94.5000,1.199895
FILLER_21_405,VDD,Metal1,201.8490,95.0980,1.199895
FILLER_21_398,VDD,Metal1,198.4890,95.0980,1.199895
FILLER_21_391,VDD,Metal1,195.1290,95.0980,1.199897
FILLER_21_384,VDD,Metal1,191.7690,95.0980,1.199899
FILLER_21_379,VDD,Metal1,187.9200,94.5000,1.199972
FILLER_21_377,VDD,Metal1,187.2000,94.5000,1.199972
FILLER_21_370,VDD,Metal1,185.0490,95.0980,1.199972
FILLER_21_363,VDD,Metal1,181.6890,95.0980,1.199974
FILLER_21_356,VDD,Metal1,178.3290,95.0980,1.199976
FILLER_21_349,VDD,Metal1,174.9690,95.0980,1.199978
FILLER_21_338,VDD,Metal1,168.2400,94.5000,1.199950
FILLER_21_334,VDD,Metal1,167.0510,95.0960,1.199950
FILLER_21_327,VDD,Metal1,164.4090,95.0980,1.199946
FILLER_21_320,VDD,Metal1,161.0490,95.0980,1.199935
FILLER_21_312,VDD,Metal1,156.4910,95.0960,1.199934
FILLER_21_305,VDD,Metal1,152.6400,94.5000,1.199937
FILLER_21_298,VDD,Metal1,150.4890,95.0980,1.199937
FILLER_21_285,VDD,Metal1,144.2490,95.0980,1.199949
FILLER_21_278,VDD,Metal1,140.8890,95.0980,1.199949
FILLER_21_271,VDD,Metal1,137.5290,95.0980,1.199949
FILLER_21_252,VDD,Metal1,127.2000,94.5000,1.199968
FILLER_21_245,VDD,Metal1,125.0490,95.0980,1.199968
FILLER_21_238,VDD,Metal1,121.6890,95.0980,1.199969
FILLER_21_231,VDD,Metal1,118.3290,95.0980,1.199970
FILLER_21_224,VDD,Metal1,114.9690,95.0980,1.199971
FILLER_21_217,VDD,Metal1,111.6090,95.0980,1.199971
FILLER_21_210,VDD,Metal1,108.2490,95.0980,1.199971
FILLER_21_203,VDD,Metal1,104.8890,95.0980,1.199973
FILLER_21_196,VDD,Metal1,101.5290,95.0980,1.199979
FILLER_21_189,VDD,Metal1,98.1690,95.0980,1.199985
FILLER_21_182,VDD,Metal1,94.8090,95.0980,1.199991
FILLER_21_175,VDD,Metal1,91.4490,95.0980,1.199991
FILLER_21_168,VDD,Metal1,88.0890,95.0980,1.199992
FILLER_21_161,VDD,Metal1,84.7290,95.0980,1.199992
FILLER_21_154,VDD,Metal1,81.3690,95.0980,1.199992
FILLER_21_147,VDD,Metal1,78.0090,95.0980,1.199993
FILLER_21_140,VDD,Metal1,74.6490,95.0980,1.199993
FILLER_21_133,VDD,Metal1,71.2890,95.0980,1.199994
FILLER_21_126,VDD,Metal1,67.9290,95.0980,1.199994
FILLER_21_119,VDD,Metal1,64.5690,95.0980,1.199994
FILLER_21_112,VDD,Metal1,61.2090,95.0980,1.199995
FILLER_21_105,VDD,Metal1,57.8490,95.0980,1.199995
FILLER_21_98,VDD,Metal1,54.4890,95.0980,1.199995
FILLER_21_91,VDD,Metal1,51.1290,95.0980,1.199996
FILLER_21_84,VDD,Metal1,47.7690,95.0980,1.199996
FILLER_21_77,VDD,Metal1,44.4090,95.0980,1.199996
FILLER_21_70,VDD,Metal1,41.0490,95.0980,1.199997
FILLER_21_63,VDD,Metal1,37.6890,95.0980,1.199997
FILLER_21_56,VDD,Metal1,34.3290,95.0980,1.199998
FILLER_21_49,VDD,Metal1,30.9690,95.0980,1.199998
FILLER_21_42,VDD,Metal1,27.6090,95.0980,1.199998
FILLER_21_35,VDD,Metal1,24.2490,95.0980,1.199999
FILLER_21_28,VDD,Metal1,20.8890,95.0980,1.199999
FILLER_21_21,VDD,Metal1,17.5290,95.0980,1.199999
FILLER_21_14,VDD,Metal1,14.1690,95.0980,1.199999
FILLER_21_7,VDD,Metal1,10.8090,95.0980,1.199999
FILLER_21_0,VDD,Metal1,7.4490,95.0980,1.199999
FILLER_20_478,VDD,Metal1,235.4400,94.5000,1.199960
FILLER_20_471,VDD,Metal1,233.5290,93.9010,1.199958
FILLER_20_464,VDD,Metal1,230.1690,93.9010,1.199939
FILLER_20_457,VDD,Metal1,226.8090,93.9010,1.199936
FILLER_20_450,VDD,Metal1,223.4490,93.9010,1.199932
FILLER_20_435,VDD,Metal1,216.2490,93.9010,1.199911
FILLER_20_407,VDD,Metal1,201.3600,94.5000,1.199895
FILLER_20_403,VDD,Metal1,200.1710,93.9030,1.199895
FILLER_20_396,VDD,Metal1,197.5290,93.9010,1.199897
FILLER_20_389,VDD,Metal1,194.1690,93.9010,1.199898
FILLER_20_382,VDD,Metal1,190.8090,93.9010,1.199900
FILLER_20_375,VDD,Metal1,187.4490,93.9010,1.199972
FILLER_20_368,VDD,Metal1,184.0890,93.9010,1.199974
FILLER_20_361,VDD,Metal1,180.7290,93.9010,1.199975
FILLER_20_354,VDD,Metal1,177.3690,93.9010,1.199977
FILLER_20_347,VDD,Metal1,174.0090,93.9010,1.199979
FILLER_20_339,VDD,Metal1,169.4510,93.9030,1.199960
FILLER_20_332,VDD,Metal1,166.8090,93.9010,1.199950
FILLER_20_325,VDD,Metal1,163.4490,93.9010,1.199939
FILLER_20_308,VDD,Metal1,154.5710,93.9030,1.199936
FILLER_20_298,VDD,Metal1,149.2800,94.5000,1.199937
FILLER_20_291,VDD,Metal1,147.1290,93.9010,1.199949
FILLER_20_284,VDD,Metal1,143.7690,93.9010,1.199949
FILLER_20_277,VDD,Metal1,140.4090,93.9010,1.199949
FILLER_20_270,VDD,Metal1,137.0490,93.9010,1.199949
FILLER_20_263,VDD,Metal1,133.6890,93.9010,1.199951
FILLER_20_253,VDD,Metal1,127.6800,94.5000,1.199968
FILLER_20_246,VDD,Metal1,125.5290,93.9010,1.199968
FILLER_20_239,VDD,Metal1,122.1690,93.9010,1.199968
FILLER_20_233,VDD,Metal1,117.8400,94.5000,1.199970
FILLER_20_231,VDD,Metal1,117.1200,94.5000,1.199970
FILLER_20_203,VDD,Metal1,103.4400,94.5000,1.199973
FILLER_20_196,VDD,Metal1,101.5290,93.9010,1.199979
FILLER_20_189,VDD,Metal1,98.1690,93.9010,1.199985
FILLER_20_182,VDD,Metal1,94.8090,93.9010,1.199991
FILLER_20_175,VDD,Metal1,91.4490,93.9010,1.199991
FILLER_20_168,VDD,Metal1,88.0890,93.9010,1.199992
FILLER_20_161,VDD,Metal1,84.7290,93.9010,1.199992
FILLER_20_154,VDD,Metal1,81.3690,93.9010,1.199992
FILLER_20_147,VDD,Metal1,78.0090,93.9010,1.199993
FILLER_20_140,VDD,Metal1,74.6490,93.9010,1.199993
FILLER_20_133,VDD,Metal1,71.2890,93.9010,1.199994
FILLER_20_126,VDD,Metal1,67.9290,93.9010,1.199994
FILLER_20_119,VDD,Metal1,64.5690,93.9010,1.199994
FILLER_20_112,VDD,Metal1,61.2090,93.9010,1.199995
FILLER_20_105,VDD,Metal1,57.8490,93.9010,1.199995
FILLER_20_98,VDD,Metal1,54.4890,93.9010,1.199995
FILLER_20_91,VDD,Metal1,51.1290,93.9010,1.199996
FILLER_20_84,VDD,Metal1,47.7690,93.9010,1.199996
FILLER_20_77,VDD,Metal1,44.4090,93.9010,1.199996
FILLER_20_70,VDD,Metal1,41.0490,93.9010,1.199997
FILLER_20_63,VDD,Metal1,37.6890,93.9010,1.199997
FILLER_20_56,VDD,Metal1,34.3290,93.9010,1.199998
FILLER_20_49,VDD,Metal1,30.9690,93.9010,1.199998
FILLER_20_42,VDD,Metal1,27.6090,93.9010,1.199998
FILLER_20_35,VDD,Metal1,24.2490,93.9010,1.199999
FILLER_20_28,VDD,Metal1,20.8890,93.9010,1.199999
FILLER_20_21,VDD,Metal1,17.5290,93.9010,1.199999
FILLER_20_14,VDD,Metal1,14.1690,93.9010,1.199999
FILLER_20_7,VDD,Metal1,10.8090,93.9010,1.199999
FILLER_20_0,VDD,Metal1,7.4490,93.9010,1.199999
FILLER_19_496,VDD,Metal1,244.3200,86.9400,1.199885
FILLER_19_489,VDD,Metal1,242.1690,87.5380,1.199873
FILLER_19_483,VDD,Metal1,238.0800,86.9400,1.199870
FILLER_19_466,VDD,Metal1,229.9200,86.9400,1.199807
FILLER_19_437,VDD,Metal1,216.0000,86.9400,1.199811
FILLER_19_430,VDD,Metal1,213.8490,87.5380,1.199811
FILLER_19_423,VDD,Metal1,210.4890,87.5380,1.199812
FILLER_19_416,VDD,Metal1,207.1290,87.5380,1.199814
FILLER_19_372,VDD,Metal1,184.8000,86.9400,1.199958
FILLER_19_365,VDD,Metal1,182.6490,87.5380,1.199959
FILLER_19_310,VDD,Metal1,154.8000,86.9400,1.199945
FILLER_19_308,VDD,Metal1,154.0800,86.9400,1.199941
FILLER_19_298,VDD,Metal1,149.0400,86.9400,1.199938
FILLER_19_294,VDD,Metal1,147.8510,87.5360,1.199929
FILLER_19_287,VDD,Metal1,145.2090,87.5380,1.199929
FILLER_19_280,VDD,Metal1,141.8490,87.5380,1.199926
FILLER_19_273,VDD,Metal1,138.4890,87.5380,1.199923
FILLER_19_266,VDD,Metal1,135.1290,87.5380,1.199920
FILLER_19_248,VDD,Metal1,125.2800,86.9400,1.199903
FILLER_19_238,VDD,Metal1,120.2400,86.9400,1.199903
FILLER_19_236,VDD,Metal1,119.5200,86.9400,1.199903
FILLER_19_227,VDD,Metal1,115.6910,87.5360,1.199978
FILLER_19_220,VDD,Metal1,113.0490,87.5380,1.199978
FILLER_19_213,VDD,Metal1,109.6890,87.5380,1.199982
FILLER_19_207,VDD,Metal1,105.6000,86.9400,1.199983
FILLER_19_203,VDD,Metal1,104.1710,87.5360,1.199983
FILLER_19_196,VDD,Metal1,101.5290,87.5380,1.199997
FILLER_19_189,VDD,Metal1,98.1690,87.5380,1.199998
FILLER_19_182,VDD,Metal1,94.8090,87.5380,1.199999
FILLER_19_175,VDD,Metal1,91.4490,87.5380,1.199999
FILLER_19_168,VDD,Metal1,88.0890,87.5380,1.199999
FILLER_19_161,VDD,Metal1,84.7290,87.5380,1.199999
FILLER_19_154,VDD,Metal1,81.3690,87.5380,1.199999
FILLER_19_147,VDD,Metal1,78.0090,87.5380,1.199999
FILLER_19_140,VDD,Metal1,74.6490,87.5380,1.199999
FILLER_19_133,VDD,Metal1,71.2890,87.5380,1.199999
FILLER_19_126,VDD,Metal1,67.9290,87.5380,1.199999
FILLER_19_119,VDD,Metal1,64.5690,87.5380,1.199999
FILLER_19_112,VDD,Metal1,61.2090,87.5380,1.199999
FILLER_19_105,VDD,Metal1,57.8490,87.5380,1.199999
FILLER_19_98,VDD,Metal1,54.4890,87.5380,1.199999
FILLER_19_91,VDD,Metal1,51.1290,87.5380,1.199999
FILLER_19_84,VDD,Metal1,47.7690,87.5380,1.199999
FILLER_19_77,VDD,Metal1,44.4090,87.5380,1.199999
FILLER_19_70,VDD,Metal1,41.0490,87.5380,1.199999
FILLER_19_63,VDD,Metal1,37.6890,87.5380,1.199999
FILLER_19_56,VDD,Metal1,34.3290,87.5380,1.200000
FILLER_19_49,VDD,Metal1,30.9690,87.5380,1.200000
FILLER_19_42,VDD,Metal1,27.6090,87.5380,1.200000
FILLER_19_35,VDD,Metal1,24.2490,87.5380,1.200000
FILLER_19_28,VDD,Metal1,20.8890,87.5380,1.200000
FILLER_19_21,VDD,Metal1,17.5290,87.5380,1.200000
FILLER_19_14,VDD,Metal1,14.1690,87.5380,1.200000
FILLER_19_7,VDD,Metal1,10.8090,87.5380,1.200000
FILLER_19_0,VDD,Metal1,7.4490,87.5380,1.200000
FILLER_18_504,VDD,Metal1,248.1600,86.9400,1.199996
FILLER_18_500,VDD,Metal1,246.7310,86.3430,1.199996
FILLER_18_493,VDD,Metal1,244.0890,86.3410,1.199885
FILLER_18_486,VDD,Metal1,240.7290,86.3410,1.199873
FILLER_18_479,VDD,Metal1,237.3690,86.3410,1.199870
FILLER_18_472,VDD,Metal1,234.0090,86.3410,1.199809
FILLER_18_465,VDD,Metal1,230.6490,86.3410,1.199807
FILLER_18_454,VDD,Metal1,224.1600,86.9400,1.199802
FILLER_18_447,VDD,Metal1,222.0090,86.3410,1.199802
FILLER_18_436,VDD,Metal1,215.2800,86.9400,1.199811
FILLER_18_429,VDD,Metal1,213.3690,86.3410,1.199812
FILLER_18_422,VDD,Metal1,210.0090,86.3410,1.199814
FILLER_18_415,VDD,Metal1,206.6490,86.3410,1.199815
FILLER_18_408,VDD,Metal1,203.2890,86.3410,1.199889
FILLER_18_401,VDD,Metal1,199.9290,86.3410,1.199890
FILLER_18_388,VDD,Metal1,192.9710,86.3430,1.199931
FILLER_18_377,VDD,Metal1,187.2000,86.9400,1.199931
FILLER_18_366,VDD,Metal1,181.9200,86.9400,1.199959
FILLER_18_359,VDD,Metal1,179.7690,86.3410,1.199959
FILLER_18_352,VDD,Metal1,176.4090,86.3410,1.199960
FILLER_18_346,VDD,Metal1,172.3200,86.9400,1.199963
FILLER_18_337,VDD,Metal1,168.4910,86.3430,1.199960
FILLER_18_330,VDD,Metal1,165.8490,86.3410,1.199951
FILLER_18_323,VDD,Metal1,162.4890,86.3410,1.199950
FILLER_18_316,VDD,Metal1,159.1290,86.3410,1.199950
FILLER_18_309,VDD,Metal1,155.7690,86.3410,1.199945
FILLER_18_302,VDD,Metal1,152.4090,86.3410,1.199940
FILLER_18_293,VDD,Metal1,147.3710,86.3430,1.199929
FILLER_18_286,VDD,Metal1,144.7290,86.3410,1.199926
FILLER_18_279,VDD,Metal1,141.3690,86.3410,1.199923
FILLER_18_274,VDD,Metal1,137.5200,86.9400,1.199923
FILLER_18_267,VDD,Metal1,135.6090,86.3410,1.199923
FILLER_18_260,VDD,Metal1,132.2490,86.3410,1.199920
FILLER_18_228,VDD,Metal1,115.6800,86.9400,1.199978
FILLER_18_224,VDD,Metal1,114.2510,86.3430,1.199978
FILLER_18_217,VDD,Metal1,111.6090,86.3410,1.199978
FILLER_18_210,VDD,Metal1,108.2490,86.3410,1.199982
FILLER_18_203,VDD,Metal1,104.8890,86.3410,1.199983
FILLER_18_196,VDD,Metal1,101.5290,86.3410,1.199997
FILLER_18_189,VDD,Metal1,98.1690,86.3410,1.199998
FILLER_18_182,VDD,Metal1,94.8090,86.3410,1.199999
FILLER_18_175,VDD,Metal1,91.4490,86.3410,1.199999
FILLER_18_168,VDD,Metal1,88.0890,86.3410,1.199999
FILLER_18_161,VDD,Metal1,84.7290,86.3410,1.199999
FILLER_18_154,VDD,Metal1,81.3690,86.3410,1.199999
FILLER_18_147,VDD,Metal1,78.0090,86.3410,1.199999
FILLER_18_140,VDD,Metal1,74.6490,86.3410,1.199999
FILLER_18_133,VDD,Metal1,71.2890,86.3410,1.199999
FILLER_18_126,VDD,Metal1,67.9290,86.3410,1.199999
FILLER_18_119,VDD,Metal1,64.5690,86.3410,1.199999
FILLER_18_112,VDD,Metal1,61.2090,86.3410,1.199999
FILLER_18_105,VDD,Metal1,57.8490,86.3410,1.199999
FILLER_18_98,VDD,Metal1,54.4890,86.3410,1.199999
FILLER_18_91,VDD,Metal1,51.1290,86.3410,1.199999
FILLER_18_84,VDD,Metal1,47.7690,86.3410,1.199999
FILLER_18_77,VDD,Metal1,44.4090,86.3410,1.199999
FILLER_18_70,VDD,Metal1,41.0490,86.3410,1.199999
FILLER_18_63,VDD,Metal1,37.6890,86.3410,1.199999
FILLER_18_56,VDD,Metal1,34.3290,86.3410,1.200000
FILLER_18_49,VDD,Metal1,30.9690,86.3410,1.200000
FILLER_18_42,VDD,Metal1,27.6090,86.3410,1.200000
FILLER_18_35,VDD,Metal1,24.2490,86.3410,1.200000
FILLER_18_28,VDD,Metal1,20.8890,86.3410,1.200000
FILLER_18_21,VDD,Metal1,17.5290,86.3410,1.200000
FILLER_18_14,VDD,Metal1,14.1690,86.3410,1.200000
FILLER_18_7,VDD,Metal1,10.8090,86.3410,1.200000
FILLER_18_0,VDD,Metal1,7.4490,86.3410,1.200000
FILLER_17_477,VDD,Metal1,235.2000,79.3800,1.199977
FILLER_17_463,VDD,Metal1,228.9710,79.9760,1.199966
FILLER_17_456,VDD,Metal1,226.3290,79.9780,1.199966
FILLER_17_449,VDD,Metal1,222.9690,79.9780,1.199965
FILLER_17_442,VDD,Metal1,219.6090,79.9780,1.199896
FILLER_17_434,VDD,Metal1,215.0510,79.9760,1.199819
FILLER_17_427,VDD,Metal1,212.4090,79.9780,1.199810
FILLER_17_420,VDD,Metal1,209.0490,79.9780,1.199809
FILLER_17_413,VDD,Metal1,205.6890,79.9780,1.199809
FILLER_17_408,VDD,Metal1,201.8400,79.3800,1.199809
FILLER_17_404,VDD,Metal1,200.6510,79.9760,1.199809
FILLER_17_398,VDD,Metal1,197.2800,79.3800,1.199853
FILLER_17_394,VDD,Metal1,195.8510,79.9760,1.199860
FILLER_17_387,VDD,Metal1,193.2090,79.9780,1.199862
FILLER_17_380,VDD,Metal1,189.8490,79.9780,1.199864
FILLER_17_373,VDD,Metal1,186.4890,79.9780,1.199865
FILLER_17_366,VDD,Metal1,183.1290,79.9780,1.199867
FILLER_17_349,VDD,Metal1,173.5200,79.3800,1.199926
FILLER_17_345,VDD,Metal1,172.3310,79.9760,1.199956
FILLER_17_338,VDD,Metal1,169.6890,79.9780,1.199969
FILLER_17_331,VDD,Metal1,166.3290,79.9780,1.198971
FILLER_17_324,VDD,Metal1,162.9690,79.9780,1.198970
FILLER_17_317,VDD,Metal1,159.6090,79.9780,1.198970
FILLER_17_310,VDD,Metal1,156.2490,79.9780,1.198970
FILLER_17_268,VDD,Metal1,134.8800,79.3800,1.198995
FILLER_17_261,VDD,Metal1,132.7290,79.9780,1.198996
FILLER_17_254,VDD,Metal1,129.3690,79.9780,1.199002
FILLER_17_247,VDD,Metal1,126.0090,79.9780,1.199009
FILLER_17_233,VDD,Metal1,117.8400,79.3800,1.199606
FILLER_17_231,VDD,Metal1,117.1200,79.3800,1.199606
FILLER_17_224,VDD,Metal1,114.9690,79.9780,1.199609
FILLER_17_217,VDD,Metal1,111.6090,79.9780,1.199883
FILLER_17_210,VDD,Metal1,108.2490,79.9780,1.199901
FILLER_17_203,VDD,Metal1,104.8890,79.9780,1.199919
FILLER_17_196,VDD,Metal1,101.5290,79.9780,1.199937
FILLER_17_189,VDD,Metal1,98.1690,79.9780,1.199956
FILLER_17_182,VDD,Metal1,94.8090,79.9780,1.199974
FILLER_17_175,VDD,Metal1,91.4490,79.9780,1.199975
FILLER_17_168,VDD,Metal1,88.0890,79.9780,1.199976
FILLER_17_161,VDD,Metal1,84.7290,79.9780,1.199977
FILLER_17_154,VDD,Metal1,81.3690,79.9780,1.199978
FILLER_17_147,VDD,Metal1,78.0090,79.9780,1.199979
FILLER_17_140,VDD,Metal1,74.6490,79.9780,1.199980
FILLER_17_133,VDD,Metal1,71.2890,79.9780,1.199981
FILLER_17_126,VDD,Metal1,67.9290,79.9780,1.199982
FILLER_17_119,VDD,Metal1,64.5690,79.9780,1.199983
FILLER_17_112,VDD,Metal1,61.2090,79.9780,1.199984
FILLER_17_105,VDD,Metal1,57.8490,79.9780,1.199985
FILLER_17_98,VDD,Metal1,54.4890,79.9780,1.199986
FILLER_17_91,VDD,Metal1,51.1290,79.9780,1.199988
FILLER_17_84,VDD,Metal1,47.7690,79.9780,1.199989
FILLER_17_77,VDD,Metal1,44.4090,79.9780,1.199990
FILLER_17_70,VDD,Metal1,41.0490,79.9780,1.199991
FILLER_17_63,VDD,Metal1,37.6890,79.9780,1.199992
FILLER_17_56,VDD,Metal1,34.3290,79.9780,1.199993
FILLER_17_49,VDD,Metal1,30.9690,79.9780,1.199994
FILLER_17_42,VDD,Metal1,27.6090,79.9780,1.199995
FILLER_17_35,VDD,Metal1,24.2490,79.9780,1.199996
FILLER_17_28,VDD,Metal1,20.8890,79.9780,1.199997
FILLER_17_21,VDD,Metal1,17.5290,79.9780,1.199998
FILLER_17_14,VDD,Metal1,14.1690,79.9780,1.199998
FILLER_17_7,VDD,Metal1,10.8090,79.9780,1.199998
FILLER_17_0,VDD,Metal1,7.4490,79.9780,1.199998
FILLER_16_496,VDD,Metal1,244.3200,79.3800,1.199981
FILLER_16_489,VDD,Metal1,242.1690,78.7810,1.199981
FILLER_16_484,VDD,Metal1,238.3200,79.3800,1.199981
FILLER_16_480,VDD,Metal1,237.1310,78.7830,1.199981
FILLER_16_473,VDD,Metal1,233.2800,79.3800,1.199976
FILLER_16_469,VDD,Metal1,231.8510,78.7830,1.199976
FILLER_16_462,VDD,Metal1,229.2090,78.7810,1.199966
FILLER_16_455,VDD,Metal1,225.8490,78.7810,1.199965
FILLER_16_449,VDD,Metal1,221.7600,79.3800,1.199965
FILLER_16_445,VDD,Metal1,220.3310,78.7830,1.199896
FILLER_16_438,VDD,Metal1,217.6890,78.7810,1.199887
FILLER_16_431,VDD,Metal1,214.3290,78.7810,1.199819
FILLER_16_395,VDD,Metal1,196.3310,78.7830,1.199860
FILLER_16_388,VDD,Metal1,193.6890,78.7810,1.199860
FILLER_16_381,VDD,Metal1,190.3290,78.7810,1.199862
FILLER_16_374,VDD,Metal1,186.9690,78.7810,1.199864
FILLER_16_367,VDD,Metal1,183.6090,78.7810,1.199865
FILLER_16_359,VDD,Metal1,179.0510,78.7830,1.199868
FILLER_16_308,VDD,Metal1,153.8400,79.3800,1.198972
FILLER_16_294,VDD,Metal1,147.3600,79.3800,1.198979
FILLER_16_283,VDD,Metal1,142.5710,78.7830,1.198979
FILLER_16_276,VDD,Metal1,139.9290,78.7810,1.198979
FILLER_16_269,VDD,Metal1,136.5690,78.7810,1.198981
FILLER_16_263,VDD,Metal1,132.2400,79.3800,1.198996
FILLER_16_261,VDD,Metal1,131.5200,79.3800,1.198996
FILLER_16_254,VDD,Metal1,129.3690,78.7810,1.199002
FILLER_16_248,VDD,Metal1,125.2800,79.3800,1.199009
FILLER_16_241,VDD,Metal1,123.1290,78.7810,1.199009
FILLER_16_234,VDD,Metal1,119.7690,78.7810,1.199010
FILLER_16_228,VDD,Metal1,115.6800,79.3800,1.199609
FILLER_16_224,VDD,Metal1,114.2510,78.7830,1.199609
FILLER_16_217,VDD,Metal1,111.6090,78.7810,1.199883
FILLER_16_210,VDD,Metal1,108.2490,78.7810,1.199901
FILLER_16_203,VDD,Metal1,104.8890,78.7810,1.199919
FILLER_16_196,VDD,Metal1,101.5290,78.7810,1.199937
FILLER_16_189,VDD,Metal1,98.1690,78.7810,1.199956
FILLER_16_182,VDD,Metal1,94.8090,78.7810,1.199974
FILLER_16_175,VDD,Metal1,91.4490,78.7810,1.199975
FILLER_16_168,VDD,Metal1,88.0890,78.7810,1.199976
FILLER_16_161,VDD,Metal1,84.7290,78.7810,1.199977
FILLER_16_154,VDD,Metal1,81.3690,78.7810,1.199978
FILLER_16_147,VDD,Metal1,78.0090,78.7810,1.199979
FILLER_16_140,VDD,Metal1,74.6490,78.7810,1.199980
FILLER_16_133,VDD,Metal1,71.2890,78.7810,1.199981
FILLER_16_126,VDD,Metal1,67.9290,78.7810,1.199982
FILLER_16_119,VDD,Metal1,64.5690,78.7810,1.199983
FILLER_16_112,VDD,Metal1,61.2090,78.7810,1.199984
FILLER_16_105,VDD,Metal1,57.8490,78.7810,1.199985
FILLER_16_98,VDD,Metal1,54.4890,78.7810,1.199986
FILLER_16_91,VDD,Metal1,51.1290,78.7810,1.199988
FILLER_16_84,VDD,Metal1,47.7690,78.7810,1.199989
FILLER_16_77,VDD,Metal1,44.4090,78.7810,1.199990
FILLER_16_70,VDD,Metal1,41.0490,78.7810,1.199991
FILLER_16_63,VDD,Metal1,37.6890,78.7810,1.199992
FILLER_16_56,VDD,Metal1,34.3290,78.7810,1.199993
FILLER_16_49,VDD,Metal1,30.9690,78.7810,1.199994
FILLER_16_42,VDD,Metal1,27.6090,78.7810,1.199995
FILLER_16_35,VDD,Metal1,24.2490,78.7810,1.199996
FILLER_16_28,VDD,Metal1,20.8890,78.7810,1.199997
FILLER_16_21,VDD,Metal1,17.5290,78.7810,1.199998
FILLER_16_14,VDD,Metal1,14.1690,78.7810,1.199998
FILLER_16_7,VDD,Metal1,10.8090,78.7810,1.199998
FILLER_16_0,VDD,Metal1,7.4490,78.7810,1.199998
FILLER_15_499,VDD,Metal1,246.9690,72.4180,1.199952
FILLER_15_481,VDD,Metal1,236.8800,71.8200,1.199942
FILLER_15_479,VDD,Metal1,236.1600,71.8200,1.199942
FILLER_15_472,VDD,Metal1,234.0090,72.4180,1.199926
FILLER_15_431,VDD,Metal1,213.6110,72.4160,1.199935
FILLER_15_424,VDD,Metal1,210.9690,72.4180,1.199935
FILLER_15_417,VDD,Metal1,207.6090,72.4180,1.199936
FILLER_15_410,VDD,Metal1,203.0400,71.8200,1.199943
FILLER_15_406,VDD,Metal1,201.6110,72.4160,1.199948
FILLER_15_399,VDD,Metal1,198.9690,72.4180,1.199950
FILLER_15_392,VDD,Metal1,195.6090,72.4180,1.199952
FILLER_15_385,VDD,Metal1,192.2490,72.4180,1.199952
FILLER_15_357,VDD,Metal1,177.3600,71.8200,1.199958
FILLER_15_344,VDD,Metal1,171.8510,72.4160,1.199967
FILLER_15_337,VDD,Metal1,169.2090,72.4180,1.199971
FILLER_15_330,VDD,Metal1,165.8490,72.4180,1.199926
FILLER_15_320,VDD,Metal1,159.6000,71.8200,1.199877
FILLER_15_318,VDD,Metal1,158.8800,71.8200,1.199867
FILLER_15_312,VDD,Metal1,156.0000,71.8200,1.199865
FILLER_15_308,VDD,Metal1,154.5710,72.4160,1.199512
FILLER_15_283,VDD,Metal1,142.5710,72.4160,1.199413
FILLER_15_276,VDD,Metal1,139.9290,72.4180,1.199413
FILLER_15_269,VDD,Metal1,136.5690,72.4180,1.199413
FILLER_15_262,VDD,Metal1,133.2090,72.4180,1.199413
FILLER_15_224,VDD,Metal1,113.5200,71.8200,1.199885
FILLER_15_217,VDD,Metal1,111.6090,72.4180,1.199900
FILLER_15_210,VDD,Metal1,108.2490,72.4180,1.199916
FILLER_15_203,VDD,Metal1,104.8890,72.4180,1.199931
FILLER_15_196,VDD,Metal1,101.5290,72.4180,1.199947
FILLER_15_189,VDD,Metal1,98.1690,72.4180,1.199962
FILLER_15_182,VDD,Metal1,94.8090,72.4180,1.199978
FILLER_15_175,VDD,Metal1,91.4490,72.4180,1.199978
FILLER_15_168,VDD,Metal1,88.0890,72.4180,1.199979
FILLER_15_161,VDD,Metal1,84.7290,72.4180,1.199980
FILLER_15_154,VDD,Metal1,81.3690,72.4180,1.199981
FILLER_15_147,VDD,Metal1,78.0090,72.4180,1.199982
FILLER_15_140,VDD,Metal1,74.6490,72.4180,1.199983
FILLER_15_133,VDD,Metal1,71.2890,72.4180,1.199984
FILLER_15_126,VDD,Metal1,67.9290,72.4180,1.199985
FILLER_15_119,VDD,Metal1,64.5690,72.4180,1.199986
FILLER_15_112,VDD,Metal1,61.2090,72.4180,1.199987
FILLER_15_105,VDD,Metal1,57.8490,72.4180,1.199988
FILLER_15_98,VDD,Metal1,54.4890,72.4180,1.199988
FILLER_15_91,VDD,Metal1,51.1290,72.4180,1.199989
FILLER_15_84,VDD,Metal1,47.7690,72.4180,1.199990
FILLER_15_77,VDD,Metal1,44.4090,72.4180,1.199991
FILLER_15_70,VDD,Metal1,41.0490,72.4180,1.199992
FILLER_15_63,VDD,Metal1,37.6890,72.4180,1.199993
FILLER_15_56,VDD,Metal1,34.3290,72.4180,1.199994
FILLER_15_49,VDD,Metal1,30.9690,72.4180,1.199995
FILLER_15_42,VDD,Metal1,27.6090,72.4180,1.199996
FILLER_15_35,VDD,Metal1,24.2490,72.4180,1.199997
FILLER_15_28,VDD,Metal1,20.8890,72.4180,1.199998
FILLER_15_21,VDD,Metal1,17.5290,72.4180,1.199999
FILLER_15_14,VDD,Metal1,14.1690,72.4180,1.199999
FILLER_15_7,VDD,Metal1,10.8090,72.4180,1.199999
FILLER_15_0,VDD,Metal1,7.4490,72.4180,1.199999
FILLER_14_465,VDD,Metal1,229.2000,71.8200,1.199926
FILLER_14_461,VDD,Metal1,228.0110,71.2230,1.199926
FILLER_14_454,VDD,Metal1,225.3690,71.2210,1.199926
FILLER_14_447,VDD,Metal1,222.0090,71.2210,1.199926
FILLER_14_441,VDD,Metal1,217.6800,71.8200,1.199927
FILLER_14_437,VDD,Metal1,216.4910,71.2230,1.199927
FILLER_14_430,VDD,Metal1,213.8490,71.2210,1.199935
FILLER_14_423,VDD,Metal1,210.4890,71.2210,1.199936
FILLER_14_399,VDD,Metal1,198.9690,71.2210,1.199950
FILLER_14_394,VDD,Metal1,195.1200,71.8200,1.199952
FILLER_14_390,VDD,Metal1,193.9310,71.2230,1.199952
FILLER_14_385,VDD,Metal1,190.8000,71.8200,1.199952
FILLER_14_374,VDD,Metal1,186.9690,71.2210,1.199957
FILLER_14_367,VDD,Metal1,183.6090,71.2210,1.199957
FILLER_14_360,VDD,Metal1,180.2490,71.2210,1.199958
FILLER_14_353,VDD,Metal1,176.8890,71.2210,1.199959
FILLER_14_346,VDD,Metal1,173.5290,71.2210,1.199967
FILLER_14_333,VDD,Metal1,167.2890,71.2210,1.199926
FILLER_14_326,VDD,Metal1,163.9290,71.2210,1.199880
FILLER_14_319,VDD,Metal1,160.5690,71.2210,1.199877
FILLER_14_312,VDD,Metal1,157.2090,71.2210,1.199865
FILLER_14_305,VDD,Metal1,153.8490,71.2210,1.199512
FILLER_14_295,VDD,Metal1,147.6000,71.8200,1.199462
FILLER_14_288,VDD,Metal1,145.6890,71.2210,1.199462
FILLER_14_281,VDD,Metal1,142.3290,71.2210,1.199413
FILLER_14_274,VDD,Metal1,138.9690,71.2210,1.199413
FILLER_14_245,VDD,Metal1,124.3310,71.2230,1.199880
FILLER_14_238,VDD,Metal1,121.6890,71.2210,1.199880
FILLER_14_231,VDD,Metal1,118.3290,71.2210,1.199880
FILLER_14_224,VDD,Metal1,114.9690,71.2210,1.199885
FILLER_14_217,VDD,Metal1,111.6090,71.2210,1.199900
FILLER_14_210,VDD,Metal1,108.2490,71.2210,1.199916
FILLER_14_203,VDD,Metal1,104.8890,71.2210,1.199931
FILLER_14_196,VDD,Metal1,101.5290,71.2210,1.199947
FILLER_14_189,VDD,Metal1,98.1690,71.2210,1.199962
FILLER_14_182,VDD,Metal1,94.8090,71.2210,1.199978
FILLER_14_175,VDD,Metal1,91.4490,71.2210,1.199978
FILLER_14_168,VDD,Metal1,88.0890,71.2210,1.199979
FILLER_14_161,VDD,Metal1,84.7290,71.2210,1.199980
FILLER_14_154,VDD,Metal1,81.3690,71.2210,1.199981
FILLER_14_147,VDD,Metal1,78.0090,71.2210,1.199982
FILLER_14_140,VDD,Metal1,74.6490,71.2210,1.199983
FILLER_14_133,VDD,Metal1,71.2890,71.2210,1.199984
FILLER_14_126,VDD,Metal1,67.9290,71.2210,1.199985
FILLER_14_119,VDD,Metal1,64.5690,71.2210,1.199986
FILLER_14_112,VDD,Metal1,61.2090,71.2210,1.199987
FILLER_14_105,VDD,Metal1,57.8490,71.2210,1.199988
FILLER_14_98,VDD,Metal1,54.4890,71.2210,1.199988
FILLER_14_91,VDD,Metal1,51.1290,71.2210,1.199989
FILLER_14_84,VDD,Metal1,47.7690,71.2210,1.199990
FILLER_14_77,VDD,Metal1,44.4090,71.2210,1.199991
FILLER_14_70,VDD,Metal1,41.0490,71.2210,1.199992
FILLER_14_63,VDD,Metal1,37.6890,71.2210,1.199993
FILLER_14_56,VDD,Metal1,34.3290,71.2210,1.199994
FILLER_14_49,VDD,Metal1,30.9690,71.2210,1.199995
FILLER_14_42,VDD,Metal1,27.6090,71.2210,1.199996
FILLER_14_35,VDD,Metal1,24.2490,71.2210,1.199997
FILLER_14_28,VDD,Metal1,20.8890,71.2210,1.199998
FILLER_14_21,VDD,Metal1,17.5290,71.2210,1.199999
FILLER_14_14,VDD,Metal1,14.1690,71.2210,1.199999
FILLER_14_7,VDD,Metal1,10.8090,71.2210,1.199999
FILLER_14_0,VDD,Metal1,7.4490,71.2210,1.199999
FILLER_13_491,VDD,Metal1,243.1290,64.8580,1.199643
FILLER_13_475,VDD,Metal1,234.0000,64.2600,1.199504
FILLER_13_468,VDD,Metal1,232.0890,64.8580,1.199504
FILLER_13_461,VDD,Metal1,228.7290,64.8580,1.199504
FILLER_13_454,VDD,Metal1,225.3690,64.8580,1.199504
FILLER_13_447,VDD,Metal1,222.0090,64.8580,1.199503
FILLER_13_419,VDD,Metal1,207.1200,64.2600,1.199496
FILLER_13_376,VDD,Metal1,186.4800,64.2600,1.199858
FILLER_13_374,VDD,Metal1,185.7600,64.2600,1.199879
FILLER_13_367,VDD,Metal1,183.6090,64.8580,1.199891
FILLER_13_360,VDD,Metal1,180.2490,64.8580,1.199911
FILLER_13_353,VDD,Metal1,176.8890,64.8580,1.199914
FILLER_13_346,VDD,Metal1,173.5290,64.8580,1.199934
FILLER_13_339,VDD,Metal1,170.1690,64.8580,1.199954
FILLER_13_327,VDD,Metal1,164.4090,64.8580,1.199935
FILLER_13_320,VDD,Metal1,161.0490,64.8580,1.199930
FILLER_13_313,VDD,Metal1,157.6890,64.8580,1.199927
FILLER_13_306,VDD,Metal1,154.3290,64.8580,1.199927
FILLER_13_301,VDD,Metal1,150.4800,64.2600,1.199927
FILLER_13_288,VDD,Metal1,145.6890,64.8580,1.199925
FILLER_13_280,VDD,Metal1,140.6400,64.2600,1.199921
FILLER_13_273,VDD,Metal1,138.4890,64.8580,1.199920
FILLER_13_266,VDD,Metal1,135.1290,64.8580,1.199920
FILLER_13_259,VDD,Metal1,131.7690,64.8580,1.199919
FILLER_13_252,VDD,Metal1,128.4090,64.8580,1.199918
FILLER_13_245,VDD,Metal1,125.0490,64.8580,1.199918
FILLER_13_238,VDD,Metal1,121.6890,64.8580,1.199917
FILLER_13_231,VDD,Metal1,118.3290,64.8580,1.199917
FILLER_13_224,VDD,Metal1,114.9690,64.8580,1.199916
FILLER_13_217,VDD,Metal1,111.6090,64.8580,1.199916
FILLER_13_210,VDD,Metal1,108.2490,64.8580,1.199916
FILLER_13_203,VDD,Metal1,104.8890,64.8580,1.199916
FILLER_13_196,VDD,Metal1,101.5290,64.8580,1.199984
FILLER_13_189,VDD,Metal1,98.1690,64.8580,1.199989
FILLER_13_182,VDD,Metal1,94.8090,64.8580,1.199993
FILLER_13_175,VDD,Metal1,91.4490,64.8580,1.199994
FILLER_13_168,VDD,Metal1,88.0890,64.8580,1.199994
FILLER_13_161,VDD,Metal1,84.7290,64.8580,1.199994
FILLER_13_154,VDD,Metal1,81.3690,64.8580,1.199994
FILLER_13_147,VDD,Metal1,78.0090,64.8580,1.199995
FILLER_13_140,VDD,Metal1,74.6490,64.8580,1.199995
FILLER_13_133,VDD,Metal1,71.2890,64.8580,1.199995
FILLER_13_126,VDD,Metal1,67.9290,64.8580,1.199995
FILLER_13_119,VDD,Metal1,64.5690,64.8580,1.199996
FILLER_13_112,VDD,Metal1,61.2090,64.8580,1.199996
FILLER_13_105,VDD,Metal1,57.8490,64.8580,1.199996
FILLER_13_98,VDD,Metal1,54.4890,64.8580,1.199997
FILLER_13_91,VDD,Metal1,51.1290,64.8580,1.199997
FILLER_13_84,VDD,Metal1,47.7690,64.8580,1.199997
FILLER_13_77,VDD,Metal1,44.4090,64.8580,1.199997
FILLER_13_70,VDD,Metal1,41.0490,64.8580,1.199998
FILLER_13_63,VDD,Metal1,37.6890,64.8580,1.199998
FILLER_13_56,VDD,Metal1,34.3290,64.8580,1.199998
FILLER_13_49,VDD,Metal1,30.9690,64.8580,1.199998
FILLER_13_42,VDD,Metal1,27.6090,64.8580,1.199999
FILLER_13_35,VDD,Metal1,24.2490,64.8580,1.199999
FILLER_13_28,VDD,Metal1,20.8890,64.8580,1.199999
FILLER_13_21,VDD,Metal1,17.5290,64.8580,1.200000
FILLER_13_14,VDD,Metal1,14.1690,64.8580,1.200000
FILLER_13_7,VDD,Metal1,10.8090,64.8580,1.200000
FILLER_13_0,VDD,Metal1,7.4490,64.8580,1.200000
FILLER_12_500,VDD,Metal1,246.2400,64.2600,1.199987
FILLER_12_493,VDD,Metal1,244.0890,63.6610,1.199649
FILLER_12_486,VDD,Metal1,240.7290,63.6610,1.199640
FILLER_12_479,VDD,Metal1,237.3690,63.6610,1.199517
FILLER_12_443,VDD,Metal1,219.3710,63.6630,1.199493
FILLER_12_436,VDD,Metal1,216.7290,63.6610,1.199493
FILLER_12_429,VDD,Metal1,213.3690,63.6610,1.199493
FILLER_12_421,VDD,Metal1,208.8110,63.6630,1.199493
FILLER_12_415,VDD,Metal1,205.2000,64.2600,1.199497
FILLER_12_413,VDD,Metal1,204.4800,64.2600,1.199497
FILLER_12_403,VDD,Metal1,199.4400,64.2600,1.199497
FILLER_12_401,VDD,Metal1,198.7200,64.2600,1.199497
FILLER_12_376,VDD,Metal1,187.9290,63.6610,1.199858
FILLER_12_369,VDD,Metal1,184.5690,63.6610,1.199878
FILLER_12_362,VDD,Metal1,181.2090,63.6610,1.199898
FILLER_12_357,VDD,Metal1,177.3600,64.2600,1.199914
FILLER_12_291,VDD,Metal1,145.9200,64.2600,1.199925
FILLER_12_284,VDD,Metal1,143.7690,63.6610,1.199922
FILLER_12_273,VDD,Metal1,137.0400,64.2600,1.199920
FILLER_12_271,VDD,Metal1,136.3200,64.2600,1.199920
FILLER_12_264,VDD,Metal1,132.7200,64.2600,1.199919
FILLER_12_253,VDD,Metal1,127.4400,64.2600,1.199918
FILLER_12_246,VDD,Metal1,125.5290,63.6610,1.199918
FILLER_12_240,VDD,Metal1,121.4400,64.2600,1.199917
FILLER_12_203,VDD,Metal1,104.1710,63.6630,1.199916
FILLER_12_196,VDD,Metal1,101.5290,63.6610,1.199984
FILLER_12_189,VDD,Metal1,98.1690,63.6610,1.199989
FILLER_12_182,VDD,Metal1,94.8090,63.6610,1.199993
FILLER_12_175,VDD,Metal1,91.4490,63.6610,1.199994
FILLER_12_168,VDD,Metal1,88.0890,63.6610,1.199994
FILLER_12_161,VDD,Metal1,84.7290,63.6610,1.199994
FILLER_12_154,VDD,Metal1,81.3690,63.6610,1.199994
FILLER_12_147,VDD,Metal1,78.0090,63.6610,1.199995
FILLER_12_140,VDD,Metal1,74.6490,63.6610,1.199995
FILLER_12_133,VDD,Metal1,71.2890,63.6610,1.199995
FILLER_12_126,VDD,Metal1,67.9290,63.6610,1.199995
FILLER_12_119,VDD,Metal1,64.5690,63.6610,1.199996
FILLER_12_112,VDD,Metal1,61.2090,63.6610,1.199996
FILLER_12_105,VDD,Metal1,57.8490,63.6610,1.199996
FILLER_12_98,VDD,Metal1,54.4890,63.6610,1.199997
FILLER_12_91,VDD,Metal1,51.1290,63.6610,1.199997
FILLER_12_84,VDD,Metal1,47.7690,63.6610,1.199997
FILLER_12_77,VDD,Metal1,44.4090,63.6610,1.199997
FILLER_12_70,VDD,Metal1,41.0490,63.6610,1.199998
FILLER_12_63,VDD,Metal1,37.6890,63.6610,1.199998
FILLER_12_56,VDD,Metal1,34.3290,63.6610,1.199998
FILLER_12_49,VDD,Metal1,30.9690,63.6610,1.199998
FILLER_12_42,VDD,Metal1,27.6090,63.6610,1.199999
FILLER_12_35,VDD,Metal1,24.2490,63.6610,1.199999
FILLER_12_28,VDD,Metal1,20.8890,63.6610,1.199999
FILLER_12_21,VDD,Metal1,17.5290,63.6610,1.200000
FILLER_12_14,VDD,Metal1,14.1690,63.6610,1.200000
FILLER_12_7,VDD,Metal1,10.8090,63.6610,1.200000
FILLER_12_0,VDD,Metal1,7.4490,63.6610,1.200000
FILLER_11_505,VDD,Metal1,248.4000,56.7000,1.199979
FILLER_11_503,VDD,Metal1,247.6800,56.7000,1.199979
FILLER_11_496,VDD,Metal1,245.5290,57.2980,1.199981
FILLER_11_489,VDD,Metal1,242.1690,57.2980,1.199979
FILLER_11_481,VDD,Metal1,237.6110,57.2960,1.199978
FILLER_11_474,VDD,Metal1,234.9690,57.2980,1.199977
FILLER_11_461,VDD,Metal1,228.0110,57.2960,1.199976
FILLER_11_447,VDD,Metal1,220.5600,56.7000,1.199923
FILLER_11_443,VDD,Metal1,219.3710,57.2960,1.199922
FILLER_11_436,VDD,Metal1,216.7290,57.2980,1.199917
FILLER_11_429,VDD,Metal1,213.3690,57.2980,1.199911
FILLER_11_422,VDD,Metal1,210.0090,57.2980,1.199909
FILLER_11_415,VDD,Metal1,206.6490,57.2980,1.199909
FILLER_11_405,VDD,Metal1,200.6400,56.7000,1.199909
FILLER_11_400,VDD,Metal1,198.0000,56.7000,1.199907
FILLER_11_398,VDD,Metal1,197.2800,56.7000,1.199907
FILLER_11_391,VDD,Metal1,195.1290,57.2980,1.199907
FILLER_11_337,VDD,Metal1,167.7600,56.7000,1.199951
FILLER_11_330,VDD,Metal1,165.8490,57.2980,1.199950
FILLER_11_325,VDD,Metal1,162.0000,56.7000,1.199941
FILLER_11_318,VDD,Metal1,160.0890,57.2980,1.199941
FILLER_11_311,VDD,Metal1,156.7290,57.2980,1.199918
FILLER_11_304,VDD,Metal1,153.3690,57.2980,1.199896
FILLER_11_297,VDD,Metal1,150.0090,57.2980,1.199874
FILLER_11_263,VDD,Metal1,133.6890,57.2980,1.199849
FILLER_11_235,VDD,Metal1,118.8000,56.7000,1.199852
FILLER_11_233,VDD,Metal1,118.0800,56.7000,1.199853
FILLER_11_227,VDD,Metal1,115.2000,56.7000,1.199897
FILLER_11_223,VDD,Metal1,113.7710,57.2960,1.199900
FILLER_11_216,VDD,Metal1,111.1290,57.2980,1.199910
FILLER_11_210,VDD,Metal1,107.0400,56.7000,1.199910
FILLER_11_203,VDD,Metal1,104.8890,57.2980,1.199927
FILLER_11_196,VDD,Metal1,101.5290,57.2980,1.199943
FILLER_11_189,VDD,Metal1,98.1690,57.2980,1.199960
FILLER_11_182,VDD,Metal1,94.8090,57.2980,1.199976
FILLER_11_175,VDD,Metal1,91.4490,57.2980,1.199977
FILLER_11_168,VDD,Metal1,88.0890,57.2980,1.199978
FILLER_11_161,VDD,Metal1,84.7290,57.2980,1.199979
FILLER_11_154,VDD,Metal1,81.3690,57.2980,1.199980
FILLER_11_147,VDD,Metal1,78.0090,57.2980,1.199981
FILLER_11_140,VDD,Metal1,74.6490,57.2980,1.199982
FILLER_11_133,VDD,Metal1,71.2890,57.2980,1.199983
FILLER_11_126,VDD,Metal1,67.9290,57.2980,1.199984
FILLER_11_119,VDD,Metal1,64.5690,57.2980,1.199985
FILLER_11_112,VDD,Metal1,61.2090,57.2980,1.199986
FILLER_11_105,VDD,Metal1,57.8490,57.2980,1.199987
FILLER_11_98,VDD,Metal1,54.4890,57.2980,1.199988
FILLER_11_91,VDD,Metal1,51.1290,57.2980,1.199989
FILLER_11_84,VDD,Metal1,47.7690,57.2980,1.199990
FILLER_11_77,VDD,Metal1,44.4090,57.2980,1.199991
FILLER_11_70,VDD,Metal1,41.0490,57.2980,1.199992
FILLER_11_63,VDD,Metal1,37.6890,57.2980,1.199993
FILLER_11_56,VDD,Metal1,34.3290,57.2980,1.199994
FILLER_11_49,VDD,Metal1,30.9690,57.2980,1.199995
FILLER_11_42,VDD,Metal1,27.6090,57.2980,1.199996
FILLER_11_35,VDD,Metal1,24.2490,57.2980,1.199997
FILLER_11_28,VDD,Metal1,20.8890,57.2980,1.199998
FILLER_11_21,VDD,Metal1,17.5290,57.2980,1.199998
FILLER_11_14,VDD,Metal1,14.1690,57.2980,1.199998
FILLER_11_7,VDD,Metal1,10.8090,57.2980,1.199998
FILLER_11_0,VDD,Metal1,7.4490,57.2980,1.199998
FILLER_10_459,VDD,Metal1,226.3200,56.7000,1.199970
FILLER_10_457,VDD,Metal1,225.6000,56.7000,1.199970
FILLER_10_447,VDD,Metal1,220.5600,56.7000,1.199923
FILLER_10_443,VDD,Metal1,219.3710,56.1030,1.199922
FILLER_10_436,VDD,Metal1,216.7290,56.1010,1.199917
FILLER_10_402,VDD,Metal1,199.2000,56.7000,1.199909
FILLER_10_398,VDD,Metal1,197.7710,56.1030,1.199907
FILLER_10_391,VDD,Metal1,195.1290,56.1010,1.199907
FILLER_10_384,VDD,Metal1,191.7690,56.1010,1.199900
FILLER_10_377,VDD,Metal1,188.4090,56.1010,1.199900
FILLER_10_372,VDD,Metal1,184.5600,56.7000,1.199889
FILLER_10_368,VDD,Metal1,183.3710,56.1030,1.199889
FILLER_10_344,VDD,Metal1,171.3600,56.7000,1.199933
FILLER_10_340,VDD,Metal1,169.9310,56.1030,1.199968
FILLER_10_335,VDD,Metal1,166.8000,56.7000,1.199950
FILLER_10_328,VDD,Metal1,164.8890,56.1010,1.199946
FILLER_10_321,VDD,Metal1,161.5290,56.1010,1.199941
FILLER_10_314,VDD,Metal1,158.1690,56.1010,1.199918
FILLER_10_307,VDD,Metal1,154.8090,56.1010,1.199896
FILLER_10_300,VDD,Metal1,151.4490,56.1010,1.199874
FILLER_10_293,VDD,Metal1,148.0890,56.1010,1.199851
FILLER_10_286,VDD,Metal1,144.7290,56.1010,1.199849
FILLER_10_279,VDD,Metal1,141.3690,56.1010,1.199849
FILLER_10_273,VDD,Metal1,137.2800,56.7000,1.199849
FILLER_10_269,VDD,Metal1,135.8510,56.1030,1.199849
FILLER_10_262,VDD,Metal1,133.2090,56.1010,1.199849
FILLER_10_245,VDD,Metal1,124.3310,56.1030,1.199850
FILLER_10_238,VDD,Metal1,121.6890,56.1010,1.199851
FILLER_10_231,VDD,Metal1,118.3290,56.1010,1.199853
FILLER_10_224,VDD,Metal1,114.9690,56.1010,1.199897
FILLER_10_217,VDD,Metal1,111.6090,56.1010,1.199900
FILLER_10_210,VDD,Metal1,108.2490,56.1010,1.199910
FILLER_10_203,VDD,Metal1,104.8890,56.1010,1.199927
FILLER_10_196,VDD,Metal1,101.5290,56.1010,1.199943
FILLER_10_189,VDD,Metal1,98.1690,56.1010,1.199960
FILLER_10_182,VDD,Metal1,94.8090,56.1010,1.199976
FILLER_10_175,VDD,Metal1,91.4490,56.1010,1.199977
FILLER_10_168,VDD,Metal1,88.0890,56.1010,1.199978
FILLER_10_161,VDD,Metal1,84.7290,56.1010,1.199979
FILLER_10_154,VDD,Metal1,81.3690,56.1010,1.199980
FILLER_10_147,VDD,Metal1,78.0090,56.1010,1.199981
FILLER_10_140,VDD,Metal1,74.6490,56.1010,1.199982
FILLER_10_133,VDD,Metal1,71.2890,56.1010,1.199983
FILLER_10_126,VDD,Metal1,67.9290,56.1010,1.199984
FILLER_10_119,VDD,Metal1,64.5690,56.1010,1.199985
FILLER_10_112,VDD,Metal1,61.2090,56.1010,1.199986
FILLER_10_105,VDD,Metal1,57.8490,56.1010,1.199987
FILLER_10_98,VDD,Metal1,54.4890,56.1010,1.199988
FILLER_10_91,VDD,Metal1,51.1290,56.1010,1.199989
FILLER_10_84,VDD,Metal1,47.7690,56.1010,1.199990
FILLER_10_77,VDD,Metal1,44.4090,56.1010,1.199991
FILLER_10_70,VDD,Metal1,41.0490,56.1010,1.199992
FILLER_10_63,VDD,Metal1,37.6890,56.1010,1.199993
FILLER_10_56,VDD,Metal1,34.3290,56.1010,1.199994
FILLER_10_49,VDD,Metal1,30.9690,56.1010,1.199995
FILLER_10_42,VDD,Metal1,27.6090,56.1010,1.199996
FILLER_10_35,VDD,Metal1,24.2490,56.1010,1.199997
FILLER_10_28,VDD,Metal1,20.8890,56.1010,1.199998
FILLER_10_21,VDD,Metal1,17.5290,56.1010,1.199998
FILLER_10_14,VDD,Metal1,14.1690,56.1010,1.199998
FILLER_10_7,VDD,Metal1,10.8090,56.1010,1.199998
FILLER_10_0,VDD,Metal1,7.4490,56.1010,1.199998
FILLER_9_504,VDD,Metal1,248.1600,49.1400,1.199988
FILLER_9_500,VDD,Metal1,246.7310,49.7360,1.199988
FILLER_9_493,VDD,Metal1,244.0890,49.7380,1.199987
FILLER_9_486,VDD,Metal1,240.7290,49.7380,1.199954
FILLER_9_479,VDD,Metal1,236.1600,49.1400,1.199951
FILLER_9_472,VDD,Metal1,234.0090,49.7380,1.199918
FILLER_9_462,VDD,Metal1,227.7600,49.1400,1.199916
FILLER_9_460,VDD,Metal1,227.0400,49.1400,1.199916
FILLER_9_436,VDD,Metal1,215.5200,49.1400,1.199902
FILLER_9_432,VDD,Metal1,214.0910,49.7360,1.199902
FILLER_9_425,VDD,Metal1,211.4490,49.7380,1.199901
FILLER_9_418,VDD,Metal1,206.8800,49.1400,1.199887
FILLER_9_412,VDD,Metal1,204.0000,49.1400,1.199886
FILLER_9_408,VDD,Metal1,202.5710,49.7360,1.199886
FILLER_9_401,VDD,Metal1,199.9290,49.7380,1.199884
FILLER_9_368,VDD,Metal1,182.6400,49.1400,1.199890
FILLER_9_364,VDD,Metal1,181.4510,49.7360,1.199890
FILLER_9_344,VDD,Metal1,172.5690,49.7380,1.199975
FILLER_9_337,VDD,Metal1,169.2090,49.7380,1.199976
FILLER_9_332,VDD,Metal1,165.3600,49.1400,1.199971
FILLER_9_328,VDD,Metal1,164.1710,49.7360,1.199970
FILLER_9_322,VDD,Metal1,160.5600,49.1400,1.199944
FILLER_9_318,VDD,Metal1,159.3710,49.7360,1.199944
FILLER_9_311,VDD,Metal1,156.7290,49.7380,1.199944
FILLER_9_305,VDD,Metal1,152.6400,49.1400,1.199944
FILLER_9_301,VDD,Metal1,151.2110,49.7360,1.199944
FILLER_9_294,VDD,Metal1,148.5690,49.7380,1.199947
FILLER_9_287,VDD,Metal1,145.2090,49.7380,1.199950
FILLER_9_280,VDD,Metal1,141.8490,49.7380,1.199953
FILLER_9_273,VDD,Metal1,138.4890,49.7380,1.199956
FILLER_9_266,VDD,Metal1,135.1290,49.7380,1.199959
FILLER_9_259,VDD,Metal1,131.7690,49.7380,1.199962
FILLER_9_252,VDD,Metal1,128.4090,49.7380,1.199965
FILLER_9_245,VDD,Metal1,125.0490,49.7380,1.199968
FILLER_9_238,VDD,Metal1,121.6890,49.7380,1.199971
FILLER_9_231,VDD,Metal1,118.3290,49.7380,1.199974
FILLER_9_224,VDD,Metal1,114.9690,49.7380,1.199977
FILLER_9_217,VDD,Metal1,111.6090,49.7380,1.199980
FILLER_9_210,VDD,Metal1,108.2490,49.7380,1.199983
FILLER_9_203,VDD,Metal1,104.8890,49.7380,1.199986
FILLER_9_196,VDD,Metal1,101.5290,49.7380,1.199989
FILLER_9_189,VDD,Metal1,98.1690,49.7380,1.199993
FILLER_9_182,VDD,Metal1,94.8090,49.7380,1.199996
FILLER_9_175,VDD,Metal1,91.4490,49.7380,1.199996
FILLER_9_168,VDD,Metal1,88.0890,49.7380,1.199996
FILLER_9_161,VDD,Metal1,84.7290,49.7380,1.199996
FILLER_9_154,VDD,Metal1,81.3690,49.7380,1.199996
FILLER_9_147,VDD,Metal1,78.0090,49.7380,1.199996
FILLER_9_140,VDD,Metal1,74.6490,49.7380,1.199997
FILLER_9_133,VDD,Metal1,71.2890,49.7380,1.199997
FILLER_9_126,VDD,Metal1,67.9290,49.7380,1.199997
FILLER_9_119,VDD,Metal1,64.5690,49.7380,1.199997
FILLER_9_112,VDD,Metal1,61.2090,49.7380,1.199997
FILLER_9_105,VDD,Metal1,57.8490,49.7380,1.199997
FILLER_9_98,VDD,Metal1,54.4890,49.7380,1.199998
FILLER_9_91,VDD,Metal1,51.1290,49.7380,1.199998
FILLER_9_84,VDD,Metal1,47.7690,49.7380,1.199998
FILLER_9_77,VDD,Metal1,44.4090,49.7380,1.199998
FILLER_9_70,VDD,Metal1,41.0490,49.7380,1.199998
FILLER_9_63,VDD,Metal1,37.6890,49.7380,1.199999
FILLER_9_56,VDD,Metal1,34.3290,49.7380,1.199999
FILLER_9_49,VDD,Metal1,30.9690,49.7380,1.199999
FILLER_9_42,VDD,Metal1,27.6090,49.7380,1.199999
FILLER_9_35,VDD,Metal1,24.2490,49.7380,1.199999
FILLER_9_28,VDD,Metal1,20.8890,49.7380,1.200000
FILLER_9_21,VDD,Metal1,17.5290,49.7380,1.200000
FILLER_9_14,VDD,Metal1,14.1690,49.7380,1.200000
FILLER_9_7,VDD,Metal1,10.8090,49.7380,1.200000
FILLER_9_0,VDD,Metal1,7.4490,49.7380,1.200000
FILLER_8_501,VDD,Metal1,246.4800,49.1400,1.199988
FILLER_8_497,VDD,Metal1,245.2910,48.5430,1.199987
FILLER_8_490,VDD,Metal1,242.6490,48.5410,1.199987
FILLER_8_483,VDD,Metal1,239.2890,48.5410,1.199954
FILLER_8_476,VDD,Metal1,235.9290,48.5410,1.199951
FILLER_8_448,VDD,Metal1,221.0400,49.1400,1.199912
FILLER_8_444,VDD,Metal1,219.8510,48.5430,1.199907
FILLER_8_437,VDD,Metal1,217.2090,48.5410,1.199905
FILLER_8_430,VDD,Metal1,213.8490,48.5410,1.199902
FILLER_8_423,VDD,Metal1,210.4890,48.5410,1.199899
FILLER_8_416,VDD,Metal1,207.1290,48.5410,1.199887
FILLER_8_409,VDD,Metal1,203.7690,48.5410,1.199886
FILLER_8_402,VDD,Metal1,200.4090,48.5410,1.199886
FILLER_8_395,VDD,Metal1,197.0490,48.5410,1.199884
FILLER_8_388,VDD,Metal1,193.6890,48.5410,1.199884
FILLER_8_377,VDD,Metal1,187.2000,49.1400,1.199889
FILLER_8_370,VDD,Metal1,185.0490,48.5410,1.199889
FILLER_8_363,VDD,Metal1,181.6890,48.5410,1.199890
FILLER_8_356,VDD,Metal1,178.3290,48.5410,1.199967
FILLER_8_349,VDD,Metal1,174.9690,48.5410,1.199969
FILLER_8_341,VDD,Metal1,170.4110,48.5430,1.199976
FILLER_8_334,VDD,Metal1,167.7690,48.5410,1.199976
FILLER_8_301,VDD,Metal1,150.4800,49.1400,1.199944
FILLER_8_294,VDD,Metal1,148.5690,48.5410,1.199947
FILLER_8_287,VDD,Metal1,145.2090,48.5410,1.199950
FILLER_8_280,VDD,Metal1,141.8490,48.5410,1.199953
FILLER_8_273,VDD,Metal1,138.4890,48.5410,1.199956
FILLER_8_266,VDD,Metal1,135.1290,48.5410,1.199959
FILLER_8_259,VDD,Metal1,131.7690,48.5410,1.199962
FILLER_8_252,VDD,Metal1,128.4090,48.5410,1.199965
FILLER_8_245,VDD,Metal1,125.0490,48.5410,1.199968
FILLER_8_238,VDD,Metal1,121.6890,48.5410,1.199971
FILLER_8_231,VDD,Metal1,118.3290,48.5410,1.199974
FILLER_8_224,VDD,Metal1,114.9690,48.5410,1.199977
FILLER_8_217,VDD,Metal1,111.6090,48.5410,1.199980
FILLER_8_210,VDD,Metal1,108.2490,48.5410,1.199983
FILLER_8_203,VDD,Metal1,104.8890,48.5410,1.199986
FILLER_8_196,VDD,Metal1,101.5290,48.5410,1.199989
FILLER_8_189,VDD,Metal1,98.1690,48.5410,1.199993
FILLER_8_182,VDD,Metal1,94.8090,48.5410,1.199996
FILLER_8_175,VDD,Metal1,91.4490,48.5410,1.199996
FILLER_8_168,VDD,Metal1,88.0890,48.5410,1.199996
FILLER_8_161,VDD,Metal1,84.7290,48.5410,1.199996
FILLER_8_154,VDD,Metal1,81.3690,48.5410,1.199996
FILLER_8_147,VDD,Metal1,78.0090,48.5410,1.199996
FILLER_8_140,VDD,Metal1,74.6490,48.5410,1.199997
FILLER_8_133,VDD,Metal1,71.2890,48.5410,1.199997
FILLER_8_126,VDD,Metal1,67.9290,48.5410,1.199997
FILLER_8_119,VDD,Metal1,64.5690,48.5410,1.199997
FILLER_8_112,VDD,Metal1,61.2090,48.5410,1.199997
FILLER_8_105,VDD,Metal1,57.8490,48.5410,1.199997
FILLER_8_98,VDD,Metal1,54.4890,48.5410,1.199998
FILLER_8_91,VDD,Metal1,51.1290,48.5410,1.199998
FILLER_8_84,VDD,Metal1,47.7690,48.5410,1.199998
FILLER_8_77,VDD,Metal1,44.4090,48.5410,1.199998
FILLER_8_70,VDD,Metal1,41.0490,48.5410,1.199998
FILLER_8_63,VDD,Metal1,37.6890,48.5410,1.199999
FILLER_8_56,VDD,Metal1,34.3290,48.5410,1.199999
FILLER_8_49,VDD,Metal1,30.9690,48.5410,1.199999
FILLER_8_42,VDD,Metal1,27.6090,48.5410,1.199999
FILLER_8_35,VDD,Metal1,24.2490,48.5410,1.199999
FILLER_8_28,VDD,Metal1,20.8890,48.5410,1.200000
FILLER_8_21,VDD,Metal1,17.5290,48.5410,1.200000
FILLER_8_14,VDD,Metal1,14.1690,48.5410,1.200000
FILLER_8_7,VDD,Metal1,10.8090,48.5410,1.200000
FILLER_8_0,VDD,Metal1,7.4490,48.5410,1.200000
FILLER_7_499,VDD,Metal1,246.9690,42.1780,1.199988
FILLER_7_492,VDD,Metal1,243.6090,42.1780,1.199986
FILLER_7_476,VDD,Metal1,234.7200,41.5800,1.199979
FILLER_7_469,VDD,Metal1,232.5690,42.1780,1.199979
FILLER_7_462,VDD,Metal1,229.2090,42.1780,1.199977
FILLER_7_455,VDD,Metal1,225.8490,42.1780,1.199969
FILLER_7_448,VDD,Metal1,222.4890,42.1780,1.199967
FILLER_7_441,VDD,Metal1,219.1290,42.1780,1.199965
FILLER_7_434,VDD,Metal1,215.7690,42.1780,1.199963
FILLER_7_427,VDD,Metal1,212.4090,42.1780,1.199961
FILLER_7_420,VDD,Metal1,209.0490,42.1780,1.199959
FILLER_7_413,VDD,Metal1,205.6890,42.1780,1.199950
FILLER_7_406,VDD,Metal1,202.3290,42.1780,1.199950
FILLER_7_399,VDD,Metal1,198.9690,42.1780,1.199950
FILLER_7_383,VDD,Metal1,191.2890,42.1780,1.199958
FILLER_7_376,VDD,Metal1,187.9290,42.1780,1.199958
FILLER_7_336,VDD,Metal1,168.0110,42.1760,1.199970
FILLER_7_329,VDD,Metal1,165.3690,42.1780,1.199970
FILLER_7_322,VDD,Metal1,162.0090,42.1780,1.199971
FILLER_7_315,VDD,Metal1,158.6490,42.1780,1.199972
FILLER_7_308,VDD,Metal1,155.2890,42.1780,1.199972
FILLER_7_301,VDD,Metal1,151.9290,42.1780,1.199986
FILLER_7_294,VDD,Metal1,148.5690,42.1780,1.199987
FILLER_7_287,VDD,Metal1,145.2090,42.1780,1.199987
FILLER_7_280,VDD,Metal1,141.8490,42.1780,1.199988
FILLER_7_273,VDD,Metal1,138.4890,42.1780,1.199989
FILLER_7_266,VDD,Metal1,135.1290,42.1780,1.199990
FILLER_7_259,VDD,Metal1,131.7690,42.1780,1.199991
FILLER_7_252,VDD,Metal1,128.4090,42.1780,1.199991
FILLER_7_245,VDD,Metal1,125.0490,42.1780,1.199992
FILLER_7_238,VDD,Metal1,121.6890,42.1780,1.199993
FILLER_7_231,VDD,Metal1,118.3290,42.1780,1.199994
FILLER_7_224,VDD,Metal1,114.9690,42.1780,1.199994
FILLER_7_217,VDD,Metal1,111.6090,42.1780,1.199995
FILLER_7_210,VDD,Metal1,108.2490,42.1780,1.199996
FILLER_7_203,VDD,Metal1,104.8890,42.1780,1.199997
FILLER_7_196,VDD,Metal1,101.5290,42.1780,1.199997
FILLER_7_189,VDD,Metal1,98.1690,42.1780,1.199998
FILLER_7_182,VDD,Metal1,94.8090,42.1780,1.199999
FILLER_7_175,VDD,Metal1,91.4490,42.1780,1.199999
FILLER_7_168,VDD,Metal1,88.0890,42.1780,1.199999
FILLER_7_161,VDD,Metal1,84.7290,42.1780,1.199999
FILLER_7_154,VDD,Metal1,81.3690,42.1780,1.199999
FILLER_7_147,VDD,Metal1,78.0090,42.1780,1.199999
FILLER_7_140,VDD,Metal1,74.6490,42.1780,1.199999
FILLER_7_133,VDD,Metal1,71.2890,42.1780,1.199999
FILLER_7_126,VDD,Metal1,67.9290,42.1780,1.199999
FILLER_7_119,VDD,Metal1,64.5690,42.1780,1.199999
FILLER_7_112,VDD,Metal1,61.2090,42.1780,1.199999
FILLER_7_105,VDD,Metal1,57.8490,42.1780,1.199999
FILLER_7_98,VDD,Metal1,54.4890,42.1780,1.199999
FILLER_7_91,VDD,Metal1,51.1290,42.1780,1.199999
FILLER_7_84,VDD,Metal1,47.7690,42.1780,1.199999
FILLER_7_77,VDD,Metal1,44.4090,42.1780,1.199999
FILLER_7_70,VDD,Metal1,41.0490,42.1780,1.200000
FILLER_7_63,VDD,Metal1,37.6890,42.1780,1.200000
FILLER_7_56,VDD,Metal1,34.3290,42.1780,1.200000
FILLER_7_49,VDD,Metal1,30.9690,42.1780,1.200000
FILLER_7_42,VDD,Metal1,27.6090,42.1780,1.200000
FILLER_7_35,VDD,Metal1,24.2490,42.1780,1.200000
FILLER_7_28,VDD,Metal1,20.8890,42.1780,1.200000
FILLER_7_21,VDD,Metal1,17.5290,42.1780,1.200000
FILLER_7_14,VDD,Metal1,14.1690,42.1780,1.200000
FILLER_7_7,VDD,Metal1,10.8090,42.1780,1.200000
FILLER_7_0,VDD,Metal1,7.4490,42.1780,1.200000
FILLER_6_473,VDD,Metal1,233.0400,41.5800,1.199979
FILLER_6_471,VDD,Metal1,232.3200,41.5800,1.199979
FILLER_6_464,VDD,Metal1,230.1690,40.9810,1.199979
FILLER_6_453,VDD,Metal1,223.6800,41.5800,1.199967
FILLER_6_446,VDD,Metal1,221.5290,40.9810,1.199966
FILLER_6_439,VDD,Metal1,218.1690,40.9810,1.199964
FILLER_6_432,VDD,Metal1,214.8090,40.9810,1.199962
FILLER_6_426,VDD,Metal1,210.7200,41.5800,1.199959
FILLER_6_422,VDD,Metal1,209.2910,40.9830,1.199959
FILLER_6_394,VDD,Metal1,195.1200,41.5800,1.199957
FILLER_6_371,VDD,Metal1,185.5290,40.9810,1.199962
FILLER_6_364,VDD,Metal1,182.1690,40.9810,1.199967
FILLER_6_357,VDD,Metal1,178.8090,40.9810,1.199967
FILLER_6_351,VDD,Metal1,174.4800,41.5800,1.199967
FILLER_6_336,VDD,Metal1,167.2800,41.5800,1.199970
FILLER_6_329,VDD,Metal1,165.3690,40.9810,1.199970
FILLER_6_322,VDD,Metal1,162.0090,40.9810,1.199971
FILLER_6_315,VDD,Metal1,158.6490,40.9810,1.199972
FILLER_6_308,VDD,Metal1,155.2890,40.9810,1.199972
FILLER_6_299,VDD,Metal1,149.5200,41.5800,1.199987
FILLER_6_292,VDD,Metal1,147.6090,40.9810,1.199987
FILLER_6_285,VDD,Metal1,144.2490,40.9810,1.199988
FILLER_6_278,VDD,Metal1,140.8890,40.9810,1.199989
FILLER_6_271,VDD,Metal1,137.5290,40.9810,1.199989
FILLER_6_264,VDD,Metal1,134.1690,40.9810,1.199990
FILLER_6_259,VDD,Metal1,130.3200,41.5800,1.199991
FILLER_6_252,VDD,Metal1,128.4090,40.9810,1.199991
FILLER_6_245,VDD,Metal1,125.0490,40.9810,1.199992
FILLER_6_238,VDD,Metal1,121.6890,40.9810,1.199993
FILLER_6_231,VDD,Metal1,118.3290,40.9810,1.199994
FILLER_6_224,VDD,Metal1,114.9690,40.9810,1.199994
FILLER_6_217,VDD,Metal1,111.6090,40.9810,1.199995
FILLER_6_210,VDD,Metal1,108.2490,40.9810,1.199996
FILLER_6_203,VDD,Metal1,104.8890,40.9810,1.199997
FILLER_6_196,VDD,Metal1,101.5290,40.9810,1.199997
FILLER_6_189,VDD,Metal1,98.1690,40.9810,1.199998
FILLER_6_182,VDD,Metal1,94.8090,40.9810,1.199999
FILLER_6_175,VDD,Metal1,91.4490,40.9810,1.199999
FILLER_6_168,VDD,Metal1,88.0890,40.9810,1.199999
FILLER_6_161,VDD,Metal1,84.7290,40.9810,1.199999
FILLER_6_154,VDD,Metal1,81.3690,40.9810,1.199999
FILLER_6_147,VDD,Metal1,78.0090,40.9810,1.199999
FILLER_6_140,VDD,Metal1,74.6490,40.9810,1.199999
FILLER_6_133,VDD,Metal1,71.2890,40.9810,1.199999
FILLER_6_126,VDD,Metal1,67.9290,40.9810,1.199999
FILLER_6_119,VDD,Metal1,64.5690,40.9810,1.199999
FILLER_6_112,VDD,Metal1,61.2090,40.9810,1.199999
FILLER_6_105,VDD,Metal1,57.8490,40.9810,1.199999
FILLER_6_98,VDD,Metal1,54.4890,40.9810,1.199999
FILLER_6_91,VDD,Metal1,51.1290,40.9810,1.199999
FILLER_6_84,VDD,Metal1,47.7690,40.9810,1.199999
FILLER_6_77,VDD,Metal1,44.4090,40.9810,1.199999
FILLER_6_70,VDD,Metal1,41.0490,40.9810,1.200000
FILLER_6_63,VDD,Metal1,37.6890,40.9810,1.200000
FILLER_6_56,VDD,Metal1,34.3290,40.9810,1.200000
FILLER_6_49,VDD,Metal1,30.9690,40.9810,1.200000
FILLER_6_42,VDD,Metal1,27.6090,40.9810,1.200000
FILLER_6_35,VDD,Metal1,24.2490,40.9810,1.200000
FILLER_6_28,VDD,Metal1,20.8890,40.9810,1.200000
FILLER_6_21,VDD,Metal1,17.5290,40.9810,1.200000
FILLER_6_14,VDD,Metal1,14.1690,40.9810,1.200000
FILLER_6_7,VDD,Metal1,10.8090,40.9810,1.200000
FILLER_6_0,VDD,Metal1,7.4490,40.9810,1.200000
FILLER_5_505,VDD,Metal1,248.4000,34.0200,1.199991
FILLER_5_498,VDD,Metal1,246.4890,34.6180,1.199991
FILLER_5_491,VDD,Metal1,243.1290,34.6180,1.199970
FILLER_5_484,VDD,Metal1,239.7690,34.6180,1.199948
FILLER_5_456,VDD,Metal1,224.8800,34.0200,1.199925
FILLER_5_450,VDD,Metal1,222.0000,34.0200,1.199925
FILLER_5_410,VDD,Metal1,203.5310,34.6160,1.199935
FILLER_5_404,VDD,Metal1,199.9200,34.0200,1.199941
FILLER_5_399,VDD,Metal1,197.5200,34.0200,1.199941
FILLER_5_395,VDD,Metal1,196.3310,34.6160,1.199942
FILLER_5_354,VDD,Metal1,176.6510,34.6160,1.199954
FILLER_5_339,VDD,Metal1,168.9600,34.0200,1.199959
FILLER_5_330,VDD,Metal1,165.1310,34.6160,1.199933
FILLER_5_323,VDD,Metal1,161.2800,34.0200,1.199916
FILLER_5_289,VDD,Metal1,144.9600,34.0200,1.199907
FILLER_5_282,VDD,Metal1,142.8090,34.6180,1.199908
FILLER_5_254,VDD,Metal1,127.9200,34.0200,1.199930
FILLER_5_252,VDD,Metal1,127.2000,34.0200,1.199930
FILLER_5_245,VDD,Metal1,125.0490,34.6180,1.199935
FILLER_5_238,VDD,Metal1,121.6890,34.6180,1.199942
FILLER_5_231,VDD,Metal1,118.3290,34.6180,1.199948
FILLER_5_224,VDD,Metal1,114.9690,34.6180,1.199954
FILLER_5_217,VDD,Metal1,111.6090,34.6180,1.199960
FILLER_5_210,VDD,Metal1,108.2490,34.6180,1.199966
FILLER_5_203,VDD,Metal1,104.8890,34.6180,1.199972
FILLER_5_196,VDD,Metal1,101.5290,34.6180,1.199979
FILLER_5_189,VDD,Metal1,98.1690,34.6180,1.199985
FILLER_5_182,VDD,Metal1,94.8090,34.6180,1.199991
FILLER_5_175,VDD,Metal1,91.4490,34.6180,1.199991
FILLER_5_168,VDD,Metal1,88.0890,34.6180,1.199992
FILLER_5_161,VDD,Metal1,84.7290,34.6180,1.199992
FILLER_5_154,VDD,Metal1,81.3690,34.6180,1.199992
FILLER_5_147,VDD,Metal1,78.0090,34.6180,1.199993
FILLER_5_140,VDD,Metal1,74.6490,34.6180,1.199993
FILLER_5_133,VDD,Metal1,71.2890,34.6180,1.199994
FILLER_5_126,VDD,Metal1,67.9290,34.6180,1.199994
FILLER_5_119,VDD,Metal1,64.5690,34.6180,1.199994
FILLER_5_112,VDD,Metal1,61.2090,34.6180,1.199995
FILLER_5_105,VDD,Metal1,57.8490,34.6180,1.199995
FILLER_5_98,VDD,Metal1,54.4890,34.6180,1.199995
FILLER_5_91,VDD,Metal1,51.1290,34.6180,1.199996
FILLER_5_84,VDD,Metal1,47.7690,34.6180,1.199996
FILLER_5_77,VDD,Metal1,44.4090,34.6180,1.199996
FILLER_5_70,VDD,Metal1,41.0490,34.6180,1.199997
FILLER_5_63,VDD,Metal1,37.6890,34.6180,1.199997
FILLER_5_56,VDD,Metal1,34.3290,34.6180,1.199998
FILLER_5_49,VDD,Metal1,30.9690,34.6180,1.199998
FILLER_5_42,VDD,Metal1,27.6090,34.6180,1.199998
FILLER_5_35,VDD,Metal1,24.2490,34.6180,1.199999
FILLER_5_28,VDD,Metal1,20.8890,34.6180,1.199999
FILLER_5_21,VDD,Metal1,17.5290,34.6180,1.199999
FILLER_5_14,VDD,Metal1,14.1690,34.6180,1.199999
FILLER_5_7,VDD,Metal1,10.8090,34.6180,1.199999
FILLER_5_0,VDD,Metal1,7.4490,34.6180,1.199999
FILLER_4_505,VDD,Metal1,248.4000,34.0200,1.199991
FILLER_4_501,VDD,Metal1,247.2110,33.4230,1.199991
FILLER_4_494,VDD,Metal1,244.5690,33.4210,1.199970
FILLER_4_487,VDD,Metal1,241.2090,33.4210,1.199948
FILLER_4_480,VDD,Metal1,237.8490,33.4210,1.199926
FILLER_4_470,VDD,Metal1,231.6000,34.0200,1.199925
FILLER_4_466,VDD,Metal1,230.4110,33.4230,1.199925
FILLER_4_461,VDD,Metal1,227.2800,34.0200,1.199925
FILLER_4_459,VDD,Metal1,226.5600,34.0200,1.199925
FILLER_4_452,VDD,Metal1,223.2000,34.0200,1.199925
FILLER_4_442,VDD,Metal1,218.1600,34.0200,1.199925
FILLER_4_438,VDD,Metal1,216.9710,33.4230,1.199925
FILLER_4_426,VDD,Metal1,211.9290,33.4210,1.199925
FILLER_4_419,VDD,Metal1,208.5690,33.4210,1.199929
FILLER_4_412,VDD,Metal1,205.2090,33.4210,1.199935
FILLER_4_405,VDD,Metal1,201.8490,33.4210,1.199936
FILLER_4_398,VDD,Metal1,198.4890,33.4210,1.199941
FILLER_4_391,VDD,Metal1,195.1290,33.4210,1.199942
FILLER_4_384,VDD,Metal1,191.7690,33.4210,1.199944
FILLER_4_377,VDD,Metal1,188.4090,33.4210,1.199944
FILLER_4_371,VDD,Metal1,184.3200,34.0200,1.199944
FILLER_4_364,VDD,Metal1,180.9600,34.0200,1.199953
FILLER_4_357,VDD,Metal1,178.8090,33.4210,1.199953
FILLER_4_350,VDD,Metal1,175.4490,33.4210,1.199954
FILLER_4_333,VDD,Metal1,166.5710,33.4230,1.199933
FILLER_4_326,VDD,Metal1,163.9290,33.4210,1.199933
FILLER_4_320,VDD,Metal1,159.8400,34.0200,1.199906
FILLER_4_304,VDD,Metal1,153.3690,33.4210,1.199906
FILLER_4_298,VDD,Metal1,149.0400,34.0200,1.199906
FILLER_4_296,VDD,Metal1,148.3200,34.0200,1.199906
FILLER_4_289,VDD,Metal1,146.1690,33.4210,1.199907
FILLER_4_282,VDD,Metal1,142.8090,33.4210,1.199908
FILLER_4_270,VDD,Metal1,135.8400,34.0200,1.199929
FILLER_4_263,VDD,Metal1,133.6890,33.4210,1.199929
FILLER_4_256,VDD,Metal1,129.1200,34.0200,1.199929
FILLER_4_252,VDD,Metal1,127.6910,33.4230,1.199930
FILLER_4_245,VDD,Metal1,125.0490,33.4210,1.199935
FILLER_4_238,VDD,Metal1,121.6890,33.4210,1.199942
FILLER_4_231,VDD,Metal1,118.3290,33.4210,1.199948
FILLER_4_224,VDD,Metal1,114.9690,33.4210,1.199954
FILLER_4_217,VDD,Metal1,111.6090,33.4210,1.199960
FILLER_4_210,VDD,Metal1,108.2490,33.4210,1.199966
FILLER_4_203,VDD,Metal1,104.8890,33.4210,1.199972
FILLER_4_196,VDD,Metal1,101.5290,33.4210,1.199979
FILLER_4_189,VDD,Metal1,98.1690,33.4210,1.199985
FILLER_4_182,VDD,Metal1,94.8090,33.4210,1.199991
FILLER_4_175,VDD,Metal1,91.4490,33.4210,1.199991
FILLER_4_168,VDD,Metal1,88.0890,33.4210,1.199992
FILLER_4_161,VDD,Metal1,84.7290,33.4210,1.199992
FILLER_4_154,VDD,Metal1,81.3690,33.4210,1.199992
FILLER_4_147,VDD,Metal1,78.0090,33.4210,1.199993
FILLER_4_140,VDD,Metal1,74.6490,33.4210,1.199993
FILLER_4_133,VDD,Metal1,71.2890,33.4210,1.199994
FILLER_4_126,VDD,Metal1,67.9290,33.4210,1.199994
FILLER_4_119,VDD,Metal1,64.5690,33.4210,1.199994
FILLER_4_112,VDD,Metal1,61.2090,33.4210,1.199995
FILLER_4_105,VDD,Metal1,57.8490,33.4210,1.199995
FILLER_4_98,VDD,Metal1,54.4890,33.4210,1.199995
FILLER_4_91,VDD,Metal1,51.1290,33.4210,1.199996
FILLER_4_84,VDD,Metal1,47.7690,33.4210,1.199996
FILLER_4_77,VDD,Metal1,44.4090,33.4210,1.199996
FILLER_4_70,VDD,Metal1,41.0490,33.4210,1.199997
FILLER_4_63,VDD,Metal1,37.6890,33.4210,1.199997
FILLER_4_56,VDD,Metal1,34.3290,33.4210,1.199998
FILLER_4_49,VDD,Metal1,30.9690,33.4210,1.199998
FILLER_4_42,VDD,Metal1,27.6090,33.4210,1.199998
FILLER_4_35,VDD,Metal1,24.2490,33.4210,1.199999
FILLER_4_28,VDD,Metal1,20.8890,33.4210,1.199999
FILLER_4_21,VDD,Metal1,17.5290,33.4210,1.199999
FILLER_4_14,VDD,Metal1,14.1690,33.4210,1.199999
FILLER_4_7,VDD,Metal1,10.8090,33.4210,1.199999
FILLER_4_0,VDD,Metal1,7.4490,33.4210,1.199999
FILLER_3_505,VDD,Metal1,248.4000,26.4600,1.200000
FILLER_3_501,VDD,Metal1,247.2110,27.0560,1.200000
FILLER_3_494,VDD,Metal1,244.5690,27.0580,1.200000
FILLER_3_487,VDD,Metal1,241.2090,27.0580,1.199999
FILLER_3_480,VDD,Metal1,237.8490,27.0580,1.199999
FILLER_3_473,VDD,Metal1,234.4890,27.0580,1.199999
FILLER_3_466,VDD,Metal1,231.1290,27.0580,1.199998
FILLER_3_459,VDD,Metal1,227.7690,27.0580,1.199998
FILLER_3_452,VDD,Metal1,224.4090,27.0580,1.199997
FILLER_3_447,VDD,Metal1,220.5600,26.4600,1.199997
FILLER_3_445,VDD,Metal1,219.8400,26.4600,1.199997
FILLER_3_438,VDD,Metal1,217.6890,27.0580,1.199997
FILLER_3_431,VDD,Metal1,214.3290,27.0580,1.199994
FILLER_3_424,VDD,Metal1,210.9690,27.0580,1.199993
FILLER_3_417,VDD,Metal1,207.6090,27.0580,1.199993
FILLER_3_410,VDD,Metal1,204.2490,27.0580,1.199993
FILLER_3_403,VDD,Metal1,200.8890,27.0580,1.199993
FILLER_3_396,VDD,Metal1,197.5290,27.0580,1.199992
FILLER_3_389,VDD,Metal1,194.1690,27.0580,1.199992
FILLER_3_381,VDD,Metal1,189.6110,27.0560,1.199991
FILLER_3_374,VDD,Metal1,186.9690,27.0580,1.199989
FILLER_3_367,VDD,Metal1,183.6090,27.0580,1.199988
FILLER_3_360,VDD,Metal1,180.2490,27.0580,1.199988
FILLER_3_353,VDD,Metal1,176.8890,27.0580,1.199988
FILLER_3_322,VDD,Metal1,161.2910,27.0560,1.199989
FILLER_3_315,VDD,Metal1,158.6490,27.0580,1.199993
FILLER_3_308,VDD,Metal1,155.2890,27.0580,1.199994
FILLER_3_301,VDD,Metal1,151.9290,27.0580,1.199994
FILLER_3_294,VDD,Metal1,148.5690,27.0580,1.199994
FILLER_3_287,VDD,Metal1,145.2090,27.0580,1.199994
FILLER_3_280,VDD,Metal1,141.8490,27.0580,1.199995
FILLER_3_273,VDD,Metal1,138.4890,27.0580,1.199995
FILLER_3_266,VDD,Metal1,135.1290,27.0580,1.199995
FILLER_3_259,VDD,Metal1,131.7690,27.0580,1.199996
FILLER_3_252,VDD,Metal1,128.4090,27.0580,1.199996
FILLER_3_245,VDD,Metal1,125.0490,27.0580,1.199996
FILLER_3_238,VDD,Metal1,121.6890,27.0580,1.199997
FILLER_3_231,VDD,Metal1,118.3290,27.0580,1.199997
FILLER_3_224,VDD,Metal1,114.9690,27.0580,1.199997
FILLER_3_217,VDD,Metal1,111.6090,27.0580,1.199998
FILLER_3_210,VDD,Metal1,108.2490,27.0580,1.199998
FILLER_3_203,VDD,Metal1,104.8890,27.0580,1.199998
FILLER_3_196,VDD,Metal1,101.5290,27.0580,1.199999
FILLER_3_189,VDD,Metal1,98.1690,27.0580,1.199999
FILLER_3_182,VDD,Metal1,94.8090,27.0580,1.199999
FILLER_3_175,VDD,Metal1,91.4490,27.0580,1.199999
FILLER_3_168,VDD,Metal1,88.0890,27.0580,1.199999
FILLER_3_161,VDD,Metal1,84.7290,27.0580,1.199999
FILLER_3_154,VDD,Metal1,81.3690,27.0580,1.199999
FILLER_3_147,VDD,Metal1,78.0090,27.0580,1.199999
FILLER_3_140,VDD,Metal1,74.6490,27.0580,1.200000
FILLER_3_133,VDD,Metal1,71.2890,27.0580,1.200000
FILLER_3_126,VDD,Metal1,67.9290,27.0580,1.200000
FILLER_3_119,VDD,Metal1,64.5690,27.0580,1.200000
FILLER_3_112,VDD,Metal1,61.2090,27.0580,1.200000
FILLER_3_105,VDD,Metal1,57.8490,27.0580,1.200000
FILLER_3_98,VDD,Metal1,54.4890,27.0580,1.200000
FILLER_3_91,VDD,Metal1,51.1290,27.0580,1.200000
FILLER_3_84,VDD,Metal1,47.7690,27.0580,1.200000
FILLER_3_77,VDD,Metal1,44.4090,27.0580,1.200000
FILLER_3_70,VDD,Metal1,41.0490,27.0580,1.200000
FILLER_3_63,VDD,Metal1,37.6890,27.0580,1.200000
FILLER_3_56,VDD,Metal1,34.3290,27.0580,1.200000
FILLER_3_49,VDD,Metal1,30.9690,27.0580,1.200000
FILLER_3_42,VDD,Metal1,27.6090,27.0580,1.200000
FILLER_3_35,VDD,Metal1,24.2490,27.0580,1.200000
FILLER_3_28,VDD,Metal1,20.8890,27.0580,1.200000
FILLER_3_21,VDD,Metal1,17.5290,27.0580,1.200000
FILLER_3_14,VDD,Metal1,14.1690,27.0580,1.200000
FILLER_3_7,VDD,Metal1,10.8090,27.0580,1.200000
FILLER_3_0,VDD,Metal1,7.4490,27.0580,1.200000
FILLER_2_504,VDD,Metal1,248.1600,26.4600,1.200000
FILLER_2_497,VDD,Metal1,246.0090,25.8610,1.200000
FILLER_2_490,VDD,Metal1,242.6490,25.8610,1.199999
FILLER_2_483,VDD,Metal1,239.2890,25.8610,1.199999
FILLER_2_476,VDD,Metal1,235.9290,25.8610,1.199999
FILLER_2_469,VDD,Metal1,232.5690,25.8610,1.199998
FILLER_2_462,VDD,Metal1,229.2090,25.8610,1.199998
FILLER_2_455,VDD,Metal1,225.8490,25.8610,1.199997
FILLER_2_450,VDD,Metal1,222.0000,26.4600,1.199997
FILLER_2_448,VDD,Metal1,221.2800,26.4600,1.199997
FILLER_2_434,VDD,Metal1,215.0510,25.8630,1.199994
FILLER_2_427,VDD,Metal1,212.4090,25.8610,1.199993
FILLER_2_407,VDD,Metal1,201.3600,26.4600,1.199993
FILLER_2_403,VDD,Metal1,200.1710,25.8630,1.199993
FILLER_2_396,VDD,Metal1,197.5290,25.8610,1.199992
FILLER_2_377,VDD,Metal1,187.6910,25.8630,1.199989
FILLER_2_370,VDD,Metal1,185.0490,25.8610,1.199988
FILLER_2_363,VDD,Metal1,181.6890,25.8610,1.199988
FILLER_2_357,VDD,Metal1,177.6000,26.4600,1.199988
FILLER_2_346,VDD,Metal1,172.0800,26.4600,1.199991
FILLER_2_342,VDD,Metal1,170.8910,25.8630,1.199993
FILLER_2_335,VDD,Metal1,168.2490,25.8610,1.199989
FILLER_2_329,VDD,Metal1,164.1600,26.4600,1.199989
FILLER_2_322,VDD,Metal1,162.0090,25.8610,1.199989
FILLER_2_315,VDD,Metal1,158.6490,25.8610,1.199993
FILLER_2_294,VDD,Metal1,147.3600,26.4600,1.199994
FILLER_2_287,VDD,Metal1,145.2090,25.8610,1.199994
FILLER_2_280,VDD,Metal1,141.8490,25.8610,1.199995
FILLER_2_273,VDD,Metal1,138.4890,25.8610,1.199995
FILLER_2_266,VDD,Metal1,135.1290,25.8610,1.199995
FILLER_2_259,VDD,Metal1,131.7690,25.8610,1.199996
FILLER_2_252,VDD,Metal1,128.4090,25.8610,1.199996
FILLER_2_245,VDD,Metal1,125.0490,25.8610,1.199996
FILLER_2_238,VDD,Metal1,121.6890,25.8610,1.199997
FILLER_2_231,VDD,Metal1,118.3290,25.8610,1.199997
FILLER_2_224,VDD,Metal1,114.9690,25.8610,1.199997
FILLER_2_217,VDD,Metal1,111.6090,25.8610,1.199998
FILLER_2_210,VDD,Metal1,108.2490,25.8610,1.199998
FILLER_2_203,VDD,Metal1,104.8890,25.8610,1.199998
FILLER_2_196,VDD,Metal1,101.5290,25.8610,1.199999
FILLER_2_189,VDD,Metal1,98.1690,25.8610,1.199999
FILLER_2_182,VDD,Metal1,94.8090,25.8610,1.199999
FILLER_2_175,VDD,Metal1,91.4490,25.8610,1.199999
FILLER_2_168,VDD,Metal1,88.0890,25.8610,1.199999
FILLER_2_161,VDD,Metal1,84.7290,25.8610,1.199999
FILLER_2_154,VDD,Metal1,81.3690,25.8610,1.199999
FILLER_2_147,VDD,Metal1,78.0090,25.8610,1.199999
FILLER_2_140,VDD,Metal1,74.6490,25.8610,1.200000
FILLER_2_133,VDD,Metal1,71.2890,25.8610,1.200000
FILLER_2_126,VDD,Metal1,67.9290,25.8610,1.200000
FILLER_2_119,VDD,Metal1,64.5690,25.8610,1.200000
FILLER_2_112,VDD,Metal1,61.2090,25.8610,1.200000
FILLER_2_105,VDD,Metal1,57.8490,25.8610,1.200000
FILLER_2_98,VDD,Metal1,54.4890,25.8610,1.200000
FILLER_2_91,VDD,Metal1,51.1290,25.8610,1.200000
FILLER_2_84,VDD,Metal1,47.7690,25.8610,1.200000
FILLER_2_77,VDD,Metal1,44.4090,25.8610,1.200000
FILLER_2_70,VDD,Metal1,41.0490,25.8610,1.200000
FILLER_2_63,VDD,Metal1,37.6890,25.8610,1.200000
FILLER_2_56,VDD,Metal1,34.3290,25.8610,1.200000
FILLER_2_49,VDD,Metal1,30.9690,25.8610,1.200000
FILLER_2_42,VDD,Metal1,27.6090,25.8610,1.200000
FILLER_2_35,VDD,Metal1,24.2490,25.8610,1.200000
FILLER_2_28,VDD,Metal1,20.8890,25.8610,1.200000
FILLER_2_21,VDD,Metal1,17.5290,25.8610,1.200000
FILLER_2_14,VDD,Metal1,14.1690,25.8610,1.200000
FILLER_2_7,VDD,Metal1,10.8090,25.8610,1.200000
FILLER_2_0,VDD,Metal1,7.4490,25.8610,1.200000
FILLER_1_505,VDD,Metal1,248.4000,18.9000,1.199985
FILLER_1_501,VDD,Metal1,247.2110,19.4960,1.199985
FILLER_1_494,VDD,Metal1,244.5690,19.4980,1.199985
FILLER_1_487,VDD,Metal1,241.2090,19.4980,1.199980
FILLER_1_480,VDD,Metal1,237.8490,19.4980,1.199974
FILLER_1_473,VDD,Metal1,234.4890,19.4980,1.199969
FILLER_1_439,VDD,Metal1,216.9600,18.9000,1.199869
FILLER_1_408,VDD,Metal1,202.5710,19.4960,1.199929
FILLER_1_347,VDD,Metal1,172.8000,18.9000,1.199971
FILLER_1_343,VDD,Metal1,171.3710,19.4960,1.199973
FILLER_1_336,VDD,Metal1,168.7290,19.4980,1.199970
FILLER_1_329,VDD,Metal1,165.3690,19.4980,1.199967
FILLER_1_301,VDD,Metal1,150.4800,18.9000,1.199963
FILLER_1_294,VDD,Metal1,148.5690,19.4980,1.199963
FILLER_1_287,VDD,Metal1,145.2090,19.4980,1.199963
FILLER_1_280,VDD,Metal1,141.8490,19.4980,1.199963
FILLER_1_273,VDD,Metal1,138.4890,19.4980,1.199963
FILLER_1_266,VDD,Metal1,135.1290,19.4980,1.199979
FILLER_1_259,VDD,Metal1,131.7690,19.4980,1.199979
FILLER_1_252,VDD,Metal1,128.4090,19.4980,1.199979
FILLER_1_245,VDD,Metal1,125.0490,19.4980,1.199979
FILLER_1_238,VDD,Metal1,121.6890,19.4980,1.199980
FILLER_1_231,VDD,Metal1,118.3290,19.4980,1.199980
FILLER_1_224,VDD,Metal1,114.9690,19.4980,1.199980
FILLER_1_217,VDD,Metal1,111.6090,19.4980,1.199980
FILLER_1_210,VDD,Metal1,108.2490,19.4980,1.199999
FILLER_1_203,VDD,Metal1,104.8890,19.4980,1.199999
FILLER_1_196,VDD,Metal1,101.5290,19.4980,1.199999
FILLER_1_189,VDD,Metal1,98.1690,19.4980,1.200000
FILLER_1_182,VDD,Metal1,94.8090,19.4980,1.200000
FILLER_1_175,VDD,Metal1,91.4490,19.4980,1.200000
FILLER_1_168,VDD,Metal1,88.0890,19.4980,1.200000
FILLER_1_161,VDD,Metal1,84.7290,19.4980,1.200000
FILLER_1_154,VDD,Metal1,81.3690,19.4980,1.200000
FILLER_1_147,VDD,Metal1,78.0090,19.4980,1.200000
FILLER_1_140,VDD,Metal1,74.6490,19.4980,1.200000
FILLER_1_133,VDD,Metal1,71.2890,19.4980,1.200000
FILLER_1_126,VDD,Metal1,67.9290,19.4980,1.200000
FILLER_1_119,VDD,Metal1,64.5690,19.4980,1.200000
FILLER_1_112,VDD,Metal1,61.2090,19.4980,1.200000
FILLER_1_105,VDD,Metal1,57.8490,19.4980,1.200000
FILLER_1_98,VDD,Metal1,54.4890,19.4980,1.200000
FILLER_1_91,VDD,Metal1,51.1290,19.4980,1.200000
FILLER_1_84,VDD,Metal1,47.7690,19.4980,1.200000
FILLER_1_77,VDD,Metal1,44.4090,19.4980,1.200000
FILLER_1_70,VDD,Metal1,41.0490,19.4980,1.200000
FILLER_1_63,VDD,Metal1,37.6890,19.4980,1.200000
FILLER_1_56,VDD,Metal1,34.3290,19.4980,1.200000
FILLER_1_49,VDD,Metal1,30.9690,19.4980,1.200000
FILLER_1_42,VDD,Metal1,27.6090,19.4980,1.200000
FILLER_1_35,VDD,Metal1,24.2490,19.4980,1.200000
FILLER_1_28,VDD,Metal1,20.8890,19.4980,1.200000
FILLER_1_21,VDD,Metal1,17.5290,19.4980,1.200000
FILLER_1_14,VDD,Metal1,14.1690,19.4980,1.200000
FILLER_1_7,VDD,Metal1,10.8090,19.4980,1.200000
FILLER_1_0,VDD,Metal1,7.4490,19.4980,1.200000
FILLER_0_502,VDD,Metal1,247.6910,18.3030,1.199985
FILLER_0_495,VDD,Metal1,245.0490,18.3010,1.199985
FILLER_0_488,VDD,Metal1,241.6890,18.3010,1.199985
FILLER_0_481,VDD,Metal1,238.3290,18.3010,1.199980
FILLER_0_474,VDD,Metal1,234.9690,18.3010,1.199974
FILLER_0_467,VDD,Metal1,231.6090,18.3010,1.199969
FILLER_0_460,VDD,Metal1,228.2490,18.3010,1.199968
FILLER_0_453,VDD,Metal1,224.8890,18.3010,1.199967
FILLER_0_446,VDD,Metal1,221.5290,18.3010,1.199967
FILLER_0_439,VDD,Metal1,218.1690,18.3010,1.199869
FILLER_0_430,VDD,Metal1,212.4000,18.9000,1.199830
FILLER_0_426,VDD,Metal1,211.2110,18.3030,1.199830
FILLER_0_419,VDD,Metal1,208.5690,18.3010,1.199830
FILLER_0_412,VDD,Metal1,205.2090,18.3010,1.199830
FILLER_0_405,VDD,Metal1,201.8490,18.3010,1.199929
FILLER_0_386,VDD,Metal1,192.7290,18.3010,1.199930
FILLER_0_379,VDD,Metal1,189.3690,18.3010,1.199936
FILLER_0_372,VDD,Metal1,186.0090,18.3010,1.199968
FILLER_0_365,VDD,Metal1,182.6490,18.3010,1.199968
FILLER_0_358,VDD,Metal1,179.2890,18.3010,1.199968
FILLER_0_351,VDD,Metal1,175.9290,18.3010,1.199968
FILLER_0_344,VDD,Metal1,172.5690,18.3010,1.199971
FILLER_0_337,VDD,Metal1,169.2090,18.3010,1.199973
FILLER_0_330,VDD,Metal1,165.8490,18.3010,1.199970
FILLER_0_323,VDD,Metal1,162.4890,18.3010,1.199967
FILLER_0_316,VDD,Metal1,159.1290,18.3010,1.199963
FILLER_0_309,VDD,Metal1,155.7690,18.3010,1.199963
FILLER_0_302,VDD,Metal1,152.4090,18.3010,1.199963
FILLER_0_295,VDD,Metal1,149.0490,18.3010,1.199963
FILLER_0_289,VDD,Metal1,144.9600,18.9000,1.199963
FILLER_0_282,VDD,Metal1,142.8090,18.3010,1.199963
FILLER_0_275,VDD,Metal1,139.4490,18.3010,1.199963
FILLER_0_270,VDD,Metal1,135.6000,18.9000,1.199979
FILLER_0_268,VDD,Metal1,134.8800,18.9000,1.199979
FILLER_0_261,VDD,Metal1,132.7290,18.3010,1.199979
FILLER_0_254,VDD,Metal1,129.3690,18.3010,1.199979
FILLER_0_247,VDD,Metal1,126.0090,18.3010,1.199979
FILLER_0_242,VDD,Metal1,122.1600,18.9000,1.199980
FILLER_0_235,VDD,Metal1,120.2490,18.3010,1.199980
FILLER_0_230,VDD,Metal1,116.4000,18.9000,1.199980
FILLER_0_226,VDD,Metal1,115.2110,18.3030,1.199980
FILLER_0_219,VDD,Metal1,112.5690,18.3010,1.199980
FILLER_0_213,VDD,Metal1,108.4800,18.9000,1.199999
FILLER_0_206,VDD,Metal1,106.3290,18.3010,1.199999
FILLER_0_199,VDD,Metal1,102.9690,18.3010,1.199999
FILLER_0_192,VDD,Metal1,99.6090,18.3010,1.200000
FILLER_0_185,VDD,Metal1,96.2490,18.3010,1.200000
FILLER_0_179,VDD,Metal1,92.1600,18.9000,1.200000
FILLER_0_170,VDD,Metal1,87.6000,18.9000,1.200000
FILLER_0_163,VDD,Metal1,85.6890,18.3010,1.200000
FILLER_0_156,VDD,Metal1,82.3290,18.3010,1.200000
FILLER_0_149,VDD,Metal1,78.9690,18.3010,1.200000
FILLER_0_144,VDD,Metal1,75.1200,18.9000,1.200000
FILLER_0_140,VDD,Metal1,73.9310,18.3030,1.200000
FILLER_0_133,VDD,Metal1,71.2890,18.3010,1.200000
FILLER_0_126,VDD,Metal1,67.9290,18.3010,1.200000
FILLER_0_119,VDD,Metal1,64.5690,18.3010,1.200000
FILLER_0_112,VDD,Metal1,61.2090,18.3010,1.200000
FILLER_0_105,VDD,Metal1,57.8490,18.3010,1.200000
FILLER_0_98,VDD,Metal1,54.4890,18.3010,1.200000
FILLER_0_91,VDD,Metal1,51.1290,18.3010,1.200000
FILLER_0_84,VDD,Metal1,47.7690,18.3010,1.200000
FILLER_0_77,VDD,Metal1,44.4090,18.3010,1.200000
FILLER_0_70,VDD,Metal1,41.0490,18.3010,1.200000
FILLER_0_63,VDD,Metal1,37.6890,18.3010,1.200000
FILLER_0_56,VDD,Metal1,34.3290,18.3010,1.200000
FILLER_0_49,VDD,Metal1,30.9690,18.3010,1.200000
FILLER_0_42,VDD,Metal1,27.6090,18.3010,1.200000
FILLER_0_35,VDD,Metal1,24.2490,18.3010,1.200000
FILLER_0_28,VDD,Metal1,20.8890,18.3010,1.200000
FILLER_0_21,VDD,Metal1,17.5290,18.3010,1.200000
FILLER_0_14,VDD,Metal1,14.1690,18.3010,1.200000
FILLER_0_7,VDD,Metal1,10.8090,18.3010,1.200000
FILLER_0_0,VDD,Metal1,7.4490,18.3010,1.200000
hold379,VDD,Metal1,230.2030,49.4550,1.199916
hold378,VDD,Metal1,227.8030,155.2950,1.199987
hold377,VDD,Metal1,203.3230,109.3040,1.199860
hold376,VDD,Metal1,204.6760,162.8550,1.199772
hold375,VDD,Metal1,199.4830,184.9040,1.199829
hold374,VDD,Metal1,204.7630,71.5040,1.199937
hold373,VDD,Metal1,150.5230,79.6950,1.198977
hold372,VDD,Metal1,168.2830,170.4150,1.199898
hold371,VDD,Metal1,149.5630,215.1440,1.199837
hold370,VDD,Metal1,226.3630,116.8640,1.199889
hold369,VDD,Metal1,227.8030,154.6640,1.199987
hold368,VDD,Metal1,201.8830,63.9440,1.199497
hold367,VDD,Metal1,162.0430,72.1350,1.199877
hold366,VDD,Metal1,157.2430,33.7040,1.199906
hold365,VDD,Metal1,220.6030,33.7040,1.199925
hold364,VDD,Metal1,190.3630,155.2950,1.199988
hold363,VDD,Metal1,199.4830,162.8550,1.199764
hold362,VDD,Metal1,223.0030,177.3440,1.199862
hold361,VDD,Metal1,187.9630,185.5350,1.199924
hold360,VDD,Metal1,196.6030,185.5350,1.199839
hold359,VDD,Metal1,215.8030,140.1750,1.199885
hold358,VDD,Metal1,134.5960,125.0550,1.199978
hold357,VDD,Metal1,173.5630,34.3350,1.199958
hold356,VDD,Metal1,172.1230,57.0150,1.199933
hold355,VDD,Metal1,199.9630,132.6150,1.199915
hold354,VDD,Metal1,222.4360,49.4550,1.199916
hold353,VDD,Metal1,228.7630,56.3840,1.199976
hold352,VDD,Metal1,196.1230,86.6240,1.199931
hold351,VDD,Metal1,199.0030,109.3040,1.199868
hold350,VDD,Metal1,187.4830,147.7350,1.199900
hold349,VDD,Metal1,124.9960,238.4550,1.199910
hold348,VDD,Metal1,226.8430,86.6240,1.199802
hold347,VDD,Metal1,191.8030,177.3440,1.199909
hold346,VDD,Metal1,157.7230,124.4240,1.199998
hold345,VDD,Metal1,221.5630,139.5440,1.199979
hold344,VDD,Metal1,233.5630,132.6150,1.199271
hold343,VDD,Metal1,230.2030,94.8150,1.199939
hold342,VDD,Metal1,226.2760,41.2640,1.199970
hold341,VDD,Metal1,234.0430,33.7040,1.199925
hold340,VDD,Metal1,223.0030,177.9750,1.199862
hold339,VDD,Metal1,231.1630,177.9750,1.199881
hold338,VDD,Metal1,217.2430,185.5350,1.199611
hold337,VDD,Metal1,189.4030,57.0150,1.199900
hold336,VDD,Metal1,231.1630,57.0150,1.199976
hold335,VDD,Metal1,172.1230,41.2640,1.199967
hold334,VDD,Metal1,184.1230,41.8950,1.199962
hold333,VDD,Metal1,234.5230,162.8550,1.199798
hold332,VDD,Metal1,147.0760,140.1750,1.199673
hold331,VDD,Metal1,138.4360,147.1040,1.199882
hold330,VDD,Metal1,246.4360,109.3040,1.199976
clkload9,VDD,Metal1,130.6700,230.9110,1.199777
clkload8,VDD,Metal1,140.2700,177.9910,1.199662
clkload7,VDD,Metal1,27.9500,215.1280,1.199687
clkload6,VDD,Metal1,78.8300,154.6480,1.198411
clkload5,VDD,Metal1,24.5900,154.6480,1.199910
clkload4,VDD,Metal1,206.5100,147.7510,1.199849
clkload3,VDD,Metal1,226.6700,109.2880,1.199839
clkload2,VDD,Metal1,116.7500,86.6080,1.199905
clkload1,VDD,Metal1,188.0500,41.2480,1.199958
clkload0,VDD,Metal1,174.3500,79.7110,1.199909
clkbuf_5_31__f_clk_i,VDD,Metal1,123.4020,222.5670,1.199554
clkbuf_5_30__f_clk_i,VDD,Metal1,137.8020,193.2320,1.199591
clkbuf_5_29__f_clk_i,VDD,Metal1,133.0020,230.1270,1.199777
clkbuf_5_28__f_clk_i,VDD,Metal1,160.2770,215.9120,1.199920
clkbuf_5_27__f_clk_i,VDD,Metal1,204.9170,193.2320,1.199740
clkbuf_5_26__f_clk_i,VDD,Metal1,204.9170,184.7670,1.199610
clkbuf_5_25__f_clk_i,VDD,Metal1,144.0420,178.1120,1.199639
clkbuf_5_24__f_clk_i,VDD,Metal1,152.2020,170.5520,1.199856
clkbuf_5_23__f_clk_i,VDD,Metal1,57.1620,215.9120,1.199357
clkbuf_5_22__f_clk_i,VDD,Metal1,63.7970,208.3520,1.199617
clkbuf_5_21__f_clk_i,VDD,Metal1,33.6420,215.0070,1.199660
clkbuf_5_20__f_clk_i,VDD,Metal1,33.1620,178.1120,1.199899
clkbuf_5_19__f_clk_i,VDD,Metal1,82.9970,154.5270,1.198411
clkbuf_5_18__f_clk_i,VDD,Metal1,73.4820,146.9670,1.199478
clkbuf_5_17__f_clk_i,VDD,Metal1,28.3620,154.5270,1.199910
clkbuf_5_16__f_clk_i,VDD,Metal1,52.2770,139.4070,1.199545
clkbuf_5_15__f_clk_i,VDD,Metal1,231.8820,162.0870,1.199798
clkbuf_5_14__f_clk_i,VDD,Metal1,239.4770,131.8470,1.199917
clkbuf_5_13__f_clk_i,VDD,Metal1,210.2820,147.8720,1.199848
clkbuf_5_12__f_clk_i,VDD,Metal1,198.2820,139.4070,1.199873
clkbuf_5_11__f_clk_i,VDD,Metal1,242.3570,72.2720,1.199942
clkbuf_5_10__f_clk_i,VDD,Metal1,232.3620,71.3670,1.199926
clkbuf_5_9__f_clk_i,VDD,Metal1,230.8370,109.1670,1.199838
clkbuf_5_8__f_clk_i,VDD,Metal1,200.2020,101.6070,1.199185
clkbuf_5_7__f_clk_i,VDD,Metal1,145.9620,102.5120,1.199822
clkbuf_5_6__f_clk_i,VDD,Metal1,158.8370,94.0470,1.199934
clkbuf_5_5__f_clk_i,VDD,Metal1,121.0020,79.8320,1.199010
clkbuf_5_4__f_clk_i,VDD,Metal1,128.2020,56.2470,1.199849
clkbuf_5_3__f_clk_i,VDD,Metal1,191.9570,41.1270,1.199958
clkbuf_5_2__f_clk_i,VDD,Metal1,170.4420,33.5670,1.199959
clkbuf_5_1__f_clk_i,VDD,Metal1,178.1220,79.8320,1.199868
clkbuf_5_0__f_clk_i,VDD,Metal1,192.9170,63.8070,1.199497
clkbuf_4_15_0_clk_i,VDD,Metal1,143.0820,215.0070,1.199789
clkbuf_4_14_0_clk_i,VDD,Metal1,143.0820,207.4470,1.199870
clkbuf_4_13_0_clk_i,VDD,Metal1,180.4370,192.3270,1.199812
clkbuf_4_12_0_clk_i,VDD,Metal1,159.8820,192.3270,1.199913
clkbuf_4_11_0_clk_i,VDD,Metal1,53.7170,192.3270,1.199314
clkbuf_4_10_0_clk_i,VDD,Metal1,37.4820,192.3270,1.199666
clkbuf_4_9_0_clk_i,VDD,Metal1,62.3570,162.0870,1.199602
clkbuf_4_8_0_clk_i,VDD,Metal1,44.6820,162.0870,1.199414
clkbuf_4_7_0_clk_i,VDD,Metal1,233.2370,131.8470,1.199271
clkbuf_4_6_0_clk_i,VDD,Metal1,220.3620,131.8470,1.199266
clkbuf_4_5_0_clk_i,VDD,Metal1,235.6370,94.9520,1.199960
clkbuf_4_4_0_clk_i,VDD,Metal1,224.1170,101.6070,1.199224
clkbuf_4_3_0_clk_i,VDD,Metal1,146.8370,72.2720,1.199462
clkbuf_4_2_0_clk_i,VDD,Metal1,133.9620,71.3670,1.199413
clkbuf_4_1_0_clk_i,VDD,Metal1,177.1620,49.5920,1.199967
clkbuf_4_0_0_clk_i,VDD,Metal1,177.5570,56.2470,1.199887
clkbuf_0_clk_i,VDD,Metal1,131.5620,139.4070,1.199277
boot_spi_macro,VDD,Metal1,123.5310,18.8010,1.199979
fanout158,VDD,Metal1,14.8500,223.1870,1.199981
fanout157,VDD,Metal1,136.3500,245.8670,1.199962
fanout156,VDD,Metal1,196.7700,177.4920,1.199895
fanout155,VDD,Metal1,135.3900,253.4270,1.199809
fanout154,VDD,Metal1,127.7100,162.7070,1.199927
fanout153,VDD,Metal1,131.0700,94.3320,1.199951
fanout152,VDD,Metal1,206.8500,132.4670,1.199291
fanout151,VDD,Metal1,205.9500,124.9070,1.199984
fanout150,VDD,Metal1,207.8700,71.6520,1.199936
fanout149,VDD,Metal1,11.5500,222.8520,1.199979
fanout148,VDD,Metal1,71.5500,253.0920,1.199938
fanout147,VDD,Metal1,70.5900,245.5320,1.199914
fanout146,VDD,Metal1,15.3300,222.8520,1.199982
fanout145,VDD,Metal1,12.0300,192.9470,1.199955
fanout144,VDD,Metal1,26.8500,139.6920,1.199894
fanout143,VDD,Metal1,152.6700,215.2920,1.199886
fanout142,VDD,Metal1,191.0100,185.3870,1.199883
fanout141,VDD,Metal1,168.9900,155.1470,1.199989
fanout140,VDD,Metal1,136.3500,207.7320,1.199870
fanout139,VDD,Metal1,179.0700,124.5720,1.199987
fanout138,VDD,Metal1,177.5700,117.3470,1.199912
fanout137,VDD,Metal1,179.0100,117.0120,1.199849
fanout136,VDD,Metal1,192.0300,71.6520,1.199952
fanout135,VDD,Metal1,177.1500,79.2120,1.199868
fanout134,VDD,Metal1,148.3500,117.0120,1.199884
fanout133,VDD,Metal1,105.6300,230.4120,1.199974
fanout132,VDD,Metal1,52.3500,200.1720,1.199957
fanout131,VDD,Metal1,132.4500,154.8120,1.199876
fanout130,VDD,Metal1,219.3300,154.8120,1.199987
fanout129,VDD,Metal1,205.4700,117.3470,1.199847
fanout128,VDD,Metal1,136.7700,147.5870,1.199883
fanout127,VDD,Metal1,195.8100,109.4520,1.199929
fanout126,VDD,Metal1,196.2900,101.8920,1.199185
fanout125,VDD,Metal1,196.2900,71.6520,1.199952
fanout124,VDD,Metal1,173.2500,109.7870,1.199977
fanout123,VDD,Metal1,168.0300,79.2120,1.198972
fanout122,VDD,Metal1,153.6300,79.5470,1.198972
fanout121,VDD,Metal1,169.4100,94.6670,1.199960
fanout120,VDD,Metal1,172.2900,79.2120,1.199956
fanout119,VDD,Metal1,129.1500,117.3470,1.199815
fanout118,VDD,Metal1,150.2700,185.3870,1.199895
fanout117,VDD,Metal1,193.4100,185.3870,1.199863
fanout116,VDD,Metal1,194.8500,162.7070,1.199764
fanout115,VDD,Metal1,148.8300,185.0520,1.199875
fanout114,VDD,Metal1,197.7300,109.7870,1.199900
fanout113,VDD,Metal1,193.9500,109.4520,1.199948
fanout112,VDD,Metal1,199.1700,56.8670,1.199909
fanout111,VDD,Metal1,194.3700,177.8270,1.199901
fanout110,VDD,Metal1,194.9100,192.9470,1.199759
fanout109,VDD,Metal1,149.7900,200.1720,1.199921
fanout108,VDD,Metal1,194.8500,177.4920,1.199899
fanout107,VDD,Metal1,190.5300,177.8270,1.199936
fanout106,VDD,Metal1,119.0700,177.8270,1.199917
fanout105,VDD,Metal1,119.9700,200.1720,1.199908
fanout104,VDD,Metal1,118.1100,230.7470,1.199885
fanout103,VDD,Metal1,43.7100,223.1870,1.199908
fanout102,VDD,Metal1,60.5100,230.4120,1.199967
fanout101,VDD,Metal1,115.6500,185.0520,1.199851
fanout100,VDD,Metal1,54.2700,169.9320,1.199889
fanout99,VDD,Metal1,43.2300,162.7070,1.199414
fanout98,VDD,Metal1,204.9300,132.4670,1.199291
fanout97,VDD,Metal1,203.0700,132.4670,1.199423
fanout96,VDD,Metal1,201.6300,71.6520,1.199948
fanout95,VDD,Metal1,203.9700,56.8670,1.199909
fanout94,VDD,Metal1,107.5500,132.4670,1.199930
fanout93,VDD,Metal1,112.3500,132.4670,1.199929
fanout92,VDD,Metal1,150.7500,71.9870,1.199496
fanout91,VDD,Metal1,175.7100,155.1470,1.199990
fanout90,VDD,Metal1,192.5100,177.8270,1.199909
fanout89,VDD,Metal1,173.7900,154.8120,1.199991
fanout88,VDD,Metal1,189.0900,94.6670,1.199904
fanout87,VDD,Metal1,224.1300,56.8670,1.199969
fanout86,VDD,Metal1,168.0300,56.5320,1.199959
fanout85,VDD,Metal1,90.6900,200.1720,1.199991
fanout84,VDD,Metal1,93.6300,192.9470,1.199354
fanout83,VDD,Metal1,153.1500,177.8270,1.199806
fanout82,VDD,Metal1,98.4300,215.2920,1.199910
fanout81,VDD,Metal1,90.7500,177.8270,1.199973
fanout80,VDD,Metal1,154.0500,109.4520,1.199981
fanout79,VDD,Metal1,152.6700,87.1070,1.199940
fanout78,VDD,Metal1,128.6700,87.1070,1.199903
fanout77,VDD,Metal1,132.9900,132.4670,1.199797
fanout76,VDD,Metal1,147.3300,132.1320,1.199815
fanout75,VDD,Metal1,74.4300,230.4120,1.199971
fanout74,VDD,Metal1,72.5100,230.4120,1.199967
fanout73,VDD,Metal1,98.9100,185.0520,1.199982
fanout72,VDD,Metal1,65.7900,154.8120,1.198341
fanout71,VDD,Metal1,130.5900,71.9870,1.199875
output70,VDD,Metal1,247.6500,64.4270,1.199987
output69,VDD,Metal1,93.6300,18.7320,1.200000
output68,VDD,Metal1,139.2300,253.4270,1.199808
output67,VDD,Metal1,160.8300,253.4270,1.199905
output66,VDD,Metal1,247.6500,200.1720,1.199976
output65,VDD,Metal1,247.6500,170.2670,1.199986
output64,VDD,Metal1,245.7300,170.2670,1.199991
output63,VDD,Metal1,199.2300,18.7320,1.199929
output62,VDD,Metal1,136.8300,18.7320,1.199979
output61,VDD,Metal1,245.7300,64.4270,1.199972
output60,VDD,Metal1,245.7300,87.1070,1.199990
output59,VDD,Metal1,245.7300,101.8920,1.199952
output58,VDD,Metal1,247.6500,48.9720,1.199988
output57,VDD,Metal1,197.3100,18.7320,1.199929
output56,VDD,Metal1,247.6500,132.1320,1.199917
output55,VDD,Metal1,247.6500,79.2120,1.199981
output54,VDD,Metal1,243.3300,109.4520,1.199976
output53,VDD,Metal1,247.6500,139.6920,1.199998
output52,VDD,Metal1,247.6500,177.4920,1.199979
output51,VDD,Metal1,245.7300,185.3870,1.199965
output50,VDD,Metal1,247.6500,185.3870,1.199960
output49,VDD,Metal1,215.5500,18.7320,1.199850
output48,VDD,Metal1,195.3900,18.7320,1.199929
output47,VDD,Metal1,247.6500,64.0920,1.199987
output46,VDD,Metal1,247.6500,94.6670,1.199968
output45,VDD,Metal1,168.5100,253.4270,1.199999
output44,VDD,Metal1,247.6500,117.3470,1.199967
output43,VDD,Metal1,247.6500,154.8120,1.199986
output42,VDD,Metal1,247.6500,192.9470,1.199984
output41,VDD,Metal1,245.7300,177.4920,1.199987
output40,VDD,Metal1,213.6300,18.7320,1.199830
output39,VDD,Metal1,146.4300,18.7320,1.199963
output38,VDD,Metal1,245.7300,79.2120,1.199988
output37,VDD,Metal1,247.6500,87.1070,1.199996
output36,VDD,Metal1,241.4100,109.4520,1.199976
output35,VDD,Metal1,247.6500,140.0270,1.199998
output34,VDD,Metal1,247.6500,147.5870,1.199947
output33,VDD,Metal1,148.3500,253.4270,1.199811
output32,VDD,Metal1,126.2700,253.4270,1.199824
output31,VDD,Metal1,143.5500,253.4270,1.199810
output30,VDD,Metal1,154.1100,253.4270,1.199812
output29,VDD,Metal1,141.1500,253.4270,1.199809
output28,VDD,Metal1,105.1500,253.4270,1.199892
output27,VDD,Metal1,60.9900,253.4270,1.199935
output26,VDD,Metal1,121.4700,253.4270,1.199824
output25,VDD,Metal1,6.7500,169.9320,1.199988
output24,VDD,Metal1,6.7500,147.2520,1.199959
output23,VDD,Metal1,137.3100,253.4270,1.199809
output22,VDD,Metal1,6.7500,132.4670,1.199984
output21,VDD,Metal1,6.7500,124.9070,1.199997
output20,VDD,Metal1,6.7500,102.2270,1.199999
output19,VDD,Metal1,8.6700,102.2270,1.199999
output18,VDD,Metal1,6.7500,101.8920,1.199999
output17,VDD,Metal1,76.3500,18.7320,1.200000
output16,VDD,Metal1,109.9500,18.7320,1.199998
output15,VDD,Metal1,90.7500,18.7320,1.200000
output14,VDD,Metal1,117.6300,18.7320,1.199980
output13,VDD,Metal1,6.7500,162.3720,1.199941
output12,VDD,Metal1,128.1900,253.4270,1.199824
output11,VDD,Metal1,124.3500,253.4270,1.199824
output10,VDD,Metal1,6.7500,177.8270,1.199963
output9,VDD,Metal1,6.7500,185.3870,1.199988
output8,VDD,Metal1,6.7500,222.8520,1.199979
output7,VDD,Metal1,6.7500,200.5070,1.199993
output6,VDD,Metal1,34.1100,253.4270,1.199983
output5,VDD,Metal1,48.5100,253.4270,1.199975
output4,VDD,Metal1,59.0700,253.4270,1.199935
output3,VDD,Metal1,57.0900,253.4270,1.199934
input2,VDD,Metal1,247.7100,101.8920,1.199922
input1,VDD,Metal1,6.6900,238.3070,1.199981
_1268__160,VDD,Metal1,63.2270,215.5760,1.199394
boot_spi_macro_159,VDD,Metal1,88.9710,18.8010,1.200000
_1395__329,VDD,Metal1,135.2270,169.9830,1.199837
_1394__328,VDD,Metal1,137.6270,215.3430,1.199794
_1393__327,VDD,Metal1,119.8670,169.9830,1.199845
_1392__326,VDD,Metal1,137.1470,177.7760,1.199663
_1391__325,VDD,Metal1,120.8270,155.0960,1.199875
_1390__324,VDD,Metal1,139.5470,162.4230,1.199934
_1389__323,VDD,Metal1,122.7470,177.7760,1.199911
_1388__322,VDD,Metal1,144.8270,200.2230,1.199910
_1387__321,VDD,Metal1,116.9870,124.6230,1.199978
_1228__320,VDD,Metal1,149.8920,139.9760,1.199805
_1359__319,VDD,Metal1,133.3070,200.4560,1.199905
_1269__318,VDD,Metal1,52.6670,223.1360,1.199875
_1330__317,VDD,Metal1,211.0670,109.5030,1.199849
_1270__316,VDD,Metal1,44.0270,215.5760,1.199384
_1385__315,VDD,Metal1,181.7870,56.5830,1.199889
_1271__314,VDD,Metal1,42.1070,192.8960,1.199646
_1331__313,VDD,Metal1,205.3070,94.6160,1.199895
_1272__312,VDD,Metal1,30.1070,215.3430,1.199660
_1360__311,VDD,Metal1,154.9070,215.3430,1.199888
_1273__310,VDD,Metal1,27.7070,185.3360,1.199881
_1332__309,VDD,Metal1,211.0670,64.1430,1.199493
_1274__308,VDD,Metal1,43.0670,185.3360,1.199876
_1375__307,VDD,Metal1,123.2270,64.1430,1.199918
_1275__306,VDD,Metal1,103.5470,185.1030,1.199895
_1333__305,VDD,Metal1,131.8670,41.4630,1.199991
_1276__304,VDD,Metal1,106.9070,170.2160,1.199858
_1361__303,VDD,Metal1,131.3870,109.7360,1.199956
_1277__302,VDD,Metal1,96.3470,169.9830,1.199971
_1334__301,VDD,Metal1,191.8670,26.5760,1.199991
_1278__300,VDD,Metal1,109.3070,154.8630,1.199875
_1362__299,VDD,Metal1,152.0270,132.4160,1.199817
_1279__298,VDD,Metal1,92.9870,132.1830,1.199963
_1335__297,VDD,Metal1,207.7070,155.0960,1.199987
_1280__296,VDD,Metal1,104.5070,139.9760,1.199644
_1382__295,VDD,Metal1,171.7070,94.3830,1.199981
_1281__294,VDD,Metal1,81.4670,117.2960,1.199918
_1336__293,VDD,Metal1,199.0670,177.5430,1.199894
_1282__292,VDD,Metal1,75.7070,132.1830,1.199950
_1363__291,VDD,Metal1,131.3870,132.4160,1.199798
_1283__290,VDD,Metal1,64.6670,117.2960,1.199903
_1337__289,VDD,Metal1,239.8670,139.9760,1.199995
_1284__288,VDD,Metal1,55.5470,132.4160,1.199946
_1376__287,VDD,Metal1,117.4670,79.2630,1.199606
_1285__286,VDD,Metal1,35.3870,132.4160,1.199984
_1338__285,VDD,Metal1,239.8670,117.0630,1.199947
_1286__284,VDD,Metal1,28.1870,147.3030,1.199928
_1364__283,VDD,Metal1,154.9070,124.6230,1.199998
_1287__282,VDD,Metal1,48.6120,147.5360,1.199887
_1339__281,VDD,Metal1,239.8670,79.2630,1.199981
_1288__280,VDD,Metal1,28.1870,169.9830,1.199986
_1397__279,VDD,Metal1,167.3870,177.7760,1.199971
_1289__278,VDD,Metal1,57.9470,177.5430,1.199792
_1340__277,VDD,Metal1,223.5470,79.2630,1.199965
_1290__276,VDD,Metal1,73.3070,162.6560,1.199711
_1365__275,VDD,Metal1,162.5870,102.1760,1.199904
_1291__274,VDD,Metal1,155.8670,185.3360,1.199901
_1341__273,VDD,Metal1,155.6520,26.3430,1.199994
_1292__272,VDD,Metal1,159.2270,169.9830,1.199858
_1377__271,VDD,Metal1,108.1320,56.8160,1.199910
_1293__270,VDD,Metal1,179.8670,147.5360,1.199901
_1342__269,VDD,Metal1,210.1070,26.3430,1.199993
_1294__268,VDD,Metal1,173.6270,162.6560,1.199964
_1366__267,VDD,Metal1,106.4270,102.1760,1.199957
_1295__266,VDD,Metal1,191.3870,132.4160,1.199915
_1343__265,VDD,Metal1,239.8670,177.5430,1.199979
_1296__264,VDD,Metal1,192.3470,101.9430,1.199185
_1383__263,VDD,Metal1,181.3070,79.2630,1.199867
_1297__262,VDD,Metal1,188.9870,86.8230,1.199931
_1344__261,VDD,Metal1,205.3070,192.6630,1.199740
_1298__260,VDD,Metal1,192.8270,56.8160,1.199900
_1367__259,VDD,Metal1,124.1870,87.0560,1.199903
_1299__258,VDD,Metal1,153.7320,49.2560,1.199944
_1345__257,VDD,Metal1,239.8670,154.8630,1.199986
_1300__256,VDD,Metal1,188.9870,49.0230,1.199883
_1378__255,VDD,Metal1,177.2520,124.8560,1.199990
_1301__254,VDD,Metal1,191.3870,154.8630,1.199988
_1346__253,VDD,Metal1,239.8670,124.8560,1.199989
_1302__252,VDD,Metal1,180.3470,177.7760,1.199948
_1368__251,VDD,Metal1,134.7470,102.1760,1.199821
_1303__250,VDD,Metal1,206.5320,139.9760,1.199881
_1347__249,VDD,Metal1,239.8670,87.0560,1.199873
_1304__248,VDD,Metal1,202.4270,117.2960,1.199847
_1386__247,VDD,Metal1,158.7470,94.6160,1.199934
_1305__246,VDD,Metal1,203.3870,79.4960,1.199809
_1348__245,VDD,Metal1,239.8670,56.8160,1.199979
_1306__244,VDD,Metal1,205.7870,49.2560,1.199887
_1369__243,VDD,Metal1,107.3870,87.0560,1.199982
_1307__242,VDD,Metal1,152.9870,41.4630,1.199986
_1349__241,VDD,Metal1,179.3870,26.3430,1.199988
_1308__240,VDD,Metal1,199.0670,34.1360,1.199941
_1379__239,VDD,Metal1,165.9470,132.4160,1.199943
_1229__238,VDD,Metal1,133.0920,253.3760,1.199818
_1309__237,VDD,Metal1,211.5470,170.2160,1.199915
_1230__236,VDD,Metal1,109.3070,245.8160,1.199964
_1350__235,VDD,Metal1,223.5470,26.3430,1.199997
_1231__234,VDD,Metal1,67.3320,253.1430,1.199935
_1310__233,VDD,Metal1,188.0270,192.8960,1.199759
_1232__232,VDD,Metal1,93.9470,253.1430,1.199969
_1370__231,VDD,Metal1,152.9870,102.1760,1.199822
_1233__230,VDD,Metal1,130.4270,223.1360,1.199655
_1311__229,VDD,Metal1,221.6270,154.8630,1.199987
_1234__228,VDD,Metal1,146.2670,222.9030,1.199717
_1351__227,VDD,Metal1,239.8670,185.3360,1.199716
_1235__226,VDD,Metal1,138.1070,238.2560,1.199906
_1312__225,VDD,Metal1,219.7070,124.6230,1.199986
_1236__224,VDD,Metal1,122.2670,230.6960,1.199874
_1384__223,VDD,Metal1,162.8520,56.8160,1.199941
_1237__222,VDD,Metal1,58.9070,238.2560,1.199750
_1313__221,VDD,Metal1,218.5320,94.3830,1.199911
_1238__220,VDD,Metal1,55.5470,253.3760,1.199934
_1352__219,VDD,Metal1,224.0270,192.8960,1.199957
_1239__218,VDD,Metal1,42.1070,245.5830,1.199985
_1314__217,VDD,Metal1,225.9470,49.2560,1.199916
_1240__216,VDD,Metal1,37.0920,230.6960,1.199965
_1371__215,VDD,Metal1,139.0670,86.8230,1.199923
_1241__214,VDD,Metal1,6.8520,207.7830,1.199961
_1315__213,VDD,Metal1,165.9470,26.3430,1.199988
_1242__212,VDD,Metal1,9.2520,222.9030,1.199979
_1353__211,VDD,Metal1,240.3470,162.6560,1.199931
_1243__210,VDD,Metal1,13.3070,185.3360,1.199988
_1316__209,VDD,Metal1,212.5070,41.4630,1.199961
_1244__208,VDD,Metal1,11.1720,177.7760,1.199963
_1380__207,VDD,Metal1,183.7070,109.7360,1.199954
_1245__206,VDD,Metal1,117.4670,192.6630,1.199625
_1317__205,VDD,Metal1,224.5070,185.3360,1.199631
_1246__204,VDD,Metal1,120.8270,245.8160,1.199963
_1354__203,VDD,Metal1,239.8670,139.7430,1.199995
_1247__202,VDD,Metal1,6.8520,162.6560,1.199941
_1318__201,VDD,Metal1,205.7870,177.7760,1.199891
_1248__200,VDD,Metal1,109.7870,132.4160,1.199929
_1372__199,VDD,Metal1,157.7870,71.9360,1.199865
_1249__198,VDD,Metal1,87.7070,117.0630,1.199918
_1319__197,VDD,Metal1,223.0670,169.9830,1.199980
_1250__196,VDD,Metal1,99.7070,124.6230,1.199986
_1355__195,VDD,Metal1,239.8670,101.9430,1.199923
_1251__194,VDD,Metal1,72.3470,109.5030,1.199816
_1320__193,VDD,Metal1,224.9870,139.7430,1.199986
_1252__192,VDD,Metal1,58.6920,102.1760,1.199982
_1396__191,VDD,Metal1,119.8670,147.5360,1.199890
_1253__190,VDD,Metal1,33.9470,109.7360,1.199919
_1321__189,VDD,Metal1,221.8920,109.5030,1.199845
_1254__188,VDD,Metal1,50.2670,117.0630,1.199896
_1356__187,VDD,Metal1,237.7320,71.9360,1.199942
_1255__186,VDD,Metal1,22.6920,132.1830,1.199984
_1322__185,VDD,Metal1,226.4270,56.8160,1.199970
_1256__184,VDD,Metal1,6.8520,139.7430,1.199902
_1373__183,VDD,Metal1,152.0270,64.3760,1.199927
_1257__182,VDD,Metal1,12.8270,154.8630,1.199963
_1323__181,VDD,Metal1,172.6670,49.0230,1.199975
_1258__180,VDD,Metal1,23.1720,155.0960,1.199950
_1357__179,VDD,Metal1,186.1070,33.9030,1.199944
_1259__178,VDD,Metal1,109.3070,230.6960,1.199965
_1324__177,VDD,Metal1,228.8270,33.9030,1.199925
_1260__176,VDD,Metal1,96.3470,238.0230,1.199969
_1381__175,VDD,Metal1,178.4270,102.1760,1.199250
_1261__174,VDD,Metal1,78.1070,238.0230,1.199752
_1325__173,VDD,Metal1,118.2120,132.4160,1.199863
_1262__172,VDD,Metal1,70.4270,230.4630,1.199968
_1326__171,VDD,Metal1,239.8670,207.7830,1.199990
_1263__170,VDD,Metal1,119.8670,222.9030,1.199844
_1327__169,VDD,Metal1,195.2270,139.9760,1.199873
_1264__168,VDD,Metal1,120.8270,200.4560,1.199907
_1358__167,VDD,Metal1,241.3070,41.6960,1.199986
_1265__166,VDD,Metal1,109.7870,223.1360,1.199844
_1328__165,VDD,Metal1,164.7720,192.8960,1.199914
_1266__164,VDD,Metal1,109.7870,200.4560,1.199927
_1374__163,VDD,Metal1,139.0670,56.5830,1.199849
_1267__162,VDD,Metal1,72.6120,207.7830,1.199647
_1329__161,VDD,Metal1,209.1470,132.4160,1.199291
_1397_,VDD,Metal1,170.1820,177.1780,1.199971
_1396_,VDD,Metal1,122.6620,146.9380,1.199890
_1395_,VDD,Metal1,138.0220,170.5810,1.199837
_1394_,VDD,Metal1,140.4220,208.3810,1.199870
_1393_,VDD,Metal1,122.6620,170.5810,1.199845
_1392_,VDD,Metal1,139.9420,184.7380,1.199839
_1391_,VDD,Metal1,123.6220,162.0580,1.199927
_1390_,VDD,Metal1,142.3420,155.4610,1.199876
_1389_,VDD,Metal1,125.5420,184.7380,1.199836
_1388_,VDD,Metal1,147.6220,193.2610,1.199695
_1387_,VDD,Metal1,119.7820,117.6610,1.199817
_1386_,VDD,Metal1,161.5420,87.4210,1.199951
_1385_,VDD,Metal1,180.7420,57.1810,1.199889
_1384_,VDD,Metal1,167.7820,63.7780,1.199935
_1383_,VDD,Metal1,184.1020,72.3010,1.199957
_1382_,VDD,Metal1,174.5020,87.4210,1.199961
_1381_,VDD,Metal1,181.2220,101.5780,1.199250
_1380_,VDD,Metal1,186.5020,116.6980,1.199849
_1379_,VDD,Metal1,168.7420,131.8180,1.199943
_1378_,VDD,Metal1,181.7020,131.8180,1.199915
_1377_,VDD,Metal1,111.5770,63.7780,1.199916
_1376_,VDD,Metal1,120.2620,72.3010,1.199880
_1375_,VDD,Metal1,125.5420,57.1810,1.199849
_1374_,VDD,Metal1,141.8620,57.1810,1.199849
_1373_,VDD,Metal1,154.8220,63.7780,1.199927
_1372_,VDD,Metal1,160.5820,78.8980,1.198970
_1371_,VDD,Metal1,141.8620,79.8610,1.198979
_1370_,VDD,Metal1,152.4220,101.5780,1.199822
_1369_,VDD,Metal1,110.1820,94.0180,1.199971
_1368_,VDD,Metal1,137.5420,101.5780,1.199821
_1367_,VDD,Metal1,124.1020,86.4580,1.199903
_1366_,VDD,Metal1,109.2220,109.1380,1.199947
_1365_,VDD,Metal1,165.3820,109.1380,1.199985
_1364_,VDD,Metal1,157.7020,117.6610,1.199905
_1363_,VDD,Metal1,134.1820,131.8180,1.199798
_1362_,VDD,Metal1,154.8220,131.8180,1.199817
_1361_,VDD,Metal1,134.1820,116.6980,1.199816
_1360_,VDD,Metal1,154.8220,208.3810,1.199923
_1359_,VDD,Metal1,136.1020,199.8580,1.199905
_1358_,VDD,Metal1,242.1820,41.0980,1.199986
_1357_,VDD,Metal1,188.9020,34.5010,1.199944
_1356_,VDD,Metal1,242.1820,71.3380,1.199942
_1355_,VDD,Metal1,242.1820,102.5410,1.199923
_1354_,VDD,Metal1,242.1820,132.7810,1.199917
_1353_,VDD,Metal1,242.1820,169.6180,1.199986
_1352_,VDD,Metal1,226.8220,199.8580,1.199866
_1351_,VDD,Metal1,242.1820,192.2980,1.199984
_1350_,VDD,Metal1,226.3420,19.3810,1.199967
_1349_,VDD,Metal1,182.1820,19.3810,1.199968
_1348_,VDD,Metal1,242.1820,56.2180,1.199979
_1347_,VDD,Metal1,242.1820,94.0180,1.199968
_1346_,VDD,Metal1,242.1820,124.2580,1.199989
_1345_,VDD,Metal1,242.1820,155.4610,1.199986
_1344_,VDD,Metal1,208.1020,199.8580,1.199863
_1343_,VDD,Metal1,242.1820,178.1410,1.199979
_1342_,VDD,Metal1,210.0220,19.3810,1.199830
_1341_,VDD,Metal1,157.1770,19.3810,1.199963
_1340_,VDD,Metal1,225.8620,72.3010,1.199926
_1339_,VDD,Metal1,242.1820,79.8610,1.199981
_1338_,VDD,Metal1,242.1820,110.1010,1.199976
_1337_,VDD,Metal1,242.1820,146.9380,1.199947
_1336_,VDD,Metal1,199.4620,170.5810,1.199913
_1335_,VDD,Metal1,210.5020,162.0580,1.199772
_1334_,VDD,Metal1,195.1420,19.3810,1.199929
_1333_,VDD,Metal1,134.6620,34.5010,1.199929
_1332_,VDD,Metal1,213.8620,64.7410,1.199493
_1331_,VDD,Metal1,208.1020,94.0180,1.199895
_1330_,VDD,Metal1,213.8620,102.5410,1.199195
_1329_,VDD,Metal1,210.9820,131.8180,1.199291
_1328_,VDD,Metal1,169.7020,192.2980,1.199920
_1327_,VDD,Metal1,198.0220,146.9380,1.199851
_1326_,VDD,Metal1,242.1820,200.8210,1.199976
_1325_,VDD,Metal1,121.6570,139.3780,1.199282
_1324_,VDD,Metal1,231.6220,34.5010,1.199925
_1323_,VDD,Metal1,175.4620,42.0610,1.199967
_1322_,VDD,Metal1,229.2220,63.7780,1.199504
_1321_,VDD,Metal1,226.8220,102.5410,1.199224
_1320_,VDD,Metal1,224.9020,132.7810,1.199266
_1319_,VDD,Metal1,225.8620,163.0210,1.199798
_1318_,VDD,Metal1,208.5820,185.7010,1.199610
_1317_,VDD,Metal1,227.3020,184.7380,1.199631
_1316_,VDD,Metal1,215.3020,34.5010,1.199925
_1315_,VDD,Metal1,168.7420,26.9410,1.199988
_1314_,VDD,Metal1,227.7820,48.6580,1.199916
_1313_,VDD,Metal1,222.9820,87.4210,1.199802
_1312_,VDD,Metal1,222.5020,117.6610,1.199889
_1311_,VDD,Metal1,223.9420,147.9010,1.199880
_1310_,VDD,Metal1,190.8220,192.2980,1.199759
_1309_,VDD,Metal1,214.3420,177.1780,1.199851
_1308_,VDD,Metal1,201.8620,41.0980,1.199950
_1307_,VDD,Metal1,154.3420,34.5010,1.199906
_1306_,VDD,Metal1,208.5820,56.2180,1.199909
_1305_,VDD,Metal1,206.1820,78.8980,1.199809
_1304_,VDD,Metal1,205.2220,116.6980,1.199847
_1303_,VDD,Metal1,210.9820,146.9380,1.199850
_1302_,VDD,Metal1,183.1420,177.1780,1.199948
_1301_,VDD,Metal1,194.1820,162.0580,1.199764
_1300_,VDD,Metal1,191.7820,49.6210,1.199883
_1299_,VDD,Metal1,157.1770,48.6580,1.199944
_1298_,VDD,Metal1,195.6220,64.7410,1.199497
_1297_,VDD,Metal1,191.7820,87.4210,1.199931
_1296_,VDD,Metal1,195.1420,102.5410,1.199185
_1295_,VDD,Metal1,194.6620,131.8180,1.199915
_1294_,VDD,Metal1,175.9420,162.0580,1.199964
_1293_,VDD,Metal1,182.6620,146.9380,1.199901
_1292_,VDD,Metal1,162.0220,163.0210,1.199960
_1291_,VDD,Metal1,158.6620,184.7380,1.199901
_1290_,VDD,Metal1,76.1020,169.6180,1.199886
_1289_,VDD,Metal1,60.7420,178.1410,1.199792
_1288_,VDD,Metal1,30.9820,170.5810,1.199986
_1287_,VDD,Metal1,52.0570,154.4980,1.198338
_1286_,VDD,Metal1,30.9820,147.9010,1.199928
_1285_,VDD,Metal1,37.7020,139.3780,1.199885
_1284_,VDD,Metal1,57.3820,131.8180,1.199946
_1283_,VDD,Metal1,67.4620,124.2580,1.199897
_1282_,VDD,Metal1,78.5020,132.7810,1.199950
_1281_,VDD,Metal1,84.2620,124.2580,1.199975
_1280_,VDD,Metal1,106.8220,146.9380,1.199960
_1279_,VDD,Metal1,95.7820,132.7810,1.199962
_1278_,VDD,Metal1,112.1020,155.4610,1.199875
_1277_,VDD,Metal1,99.1420,163.0210,1.199950
_1276_,VDD,Metal1,109.7020,177.1780,1.199928
_1275_,VDD,Metal1,106.3420,185.7010,1.199895
_1274_,VDD,Metal1,45.8620,184.7380,1.199876
_1273_,VDD,Metal1,30.5020,184.7380,1.199881
_1272_,VDD,Metal1,33.3820,208.3810,1.199896
_1271_,VDD,Metal1,44.9020,199.8580,1.199956
_1270_,VDD,Metal1,46.8220,214.9780,1.199384
_1269_,VDD,Metal1,55.4620,222.5380,1.199875
_1268_,VDD,Metal1,66.0220,214.9780,1.199394
_1267_,VDD,Metal1,76.0570,208.3810,1.199647
_1266_,VDD,Metal1,110.1820,207.4180,1.199911
_1265_,VDD,Metal1,112.1020,222.5380,1.199844
_1264_,VDD,Metal1,123.1420,207.4180,1.199895
_1263_,VDD,Metal1,119.7820,215.9410,1.199800
_1262_,VDD,Metal1,72.7420,223.5010,1.199868
_1261_,VDD,Metal1,80.9020,238.6210,1.199752
_1260_,VDD,Metal1,99.1420,231.0610,1.199983
_1259_,VDD,Metal1,112.1020,237.6580,1.199952
_1258_,VDD,Metal1,26.6170,162.0580,1.199874
_1257_,VDD,Metal1,15.6220,147.9010,1.199959
_1256_,VDD,Metal1,14.6620,139.3780,1.199902
_1255_,VDD,Metal1,25.6570,132.7810,1.199984
_1254_,VDD,Metal1,53.0620,117.6610,1.199896
_1253_,VDD,Metal1,36.7420,109.1380,1.199919
_1252_,VDD,Metal1,62.1370,109.1380,1.199837
_1251_,VDD,Metal1,75.1420,110.1010,1.199816
_1250_,VDD,Metal1,101.5420,117.6610,1.199967
_1249_,VDD,Metal1,90.9820,110.1010,1.199958
_1248_,VDD,Metal1,111.1420,131.8180,1.199929
_1247_,VDD,Metal1,14.6620,163.0210,1.199941
_1246_,VDD,Metal1,123.6220,252.7780,1.199824
_1245_,VDD,Metal1,119.7820,193.2610,1.199625
_1244_,VDD,Metal1,16.5820,177.1780,1.199963
_1243_,VDD,Metal1,14.6620,192.2980,1.199955
_1242_,VDD,Metal1,16.1020,215.9410,1.199905
_1241_,VDD,Metal1,14.6620,207.4180,1.199961
_1240_,VDD,Metal1,40.5370,230.0980,1.199965
_1239_,VDD,Metal1,44.9020,238.6210,1.199763
_1238_,VDD,Metal1,58.3420,252.7780,1.199934
_1237_,VDD,Metal1,61.7020,237.6580,1.199750
_1236_,VDD,Metal1,125.0620,237.6580,1.199910
_1235_,VDD,Metal1,140.4220,237.6580,1.199906
_1234_,VDD,Metal1,149.0620,223.5010,1.199717
_1233_,VDD,Metal1,133.2220,222.5380,1.199655
_1232_,VDD,Metal1,96.7420,246.1810,1.199970
_1231_,VDD,Metal1,70.7770,246.1810,1.199915
_1230_,VDD,Metal1,110.6620,252.7780,1.199892
_1229_,VDD,Metal1,137.5420,252.7780,1.199809
_1228_,VDD,Metal1,151.8970,146.9380,1.199876
_1227_,VDD,Metal1,234.2700,200.6730,1.199975
_1226_,VDD,Metal1,116.8550,116.8450,1.199817
_1225_,VDD,Metal1,123.6960,116.8230,1.199817
_1224_,VDD,Metal1,151.4400,94.1250,1.199937
_1223_,VDD,Metal1,150.5760,87.2960,1.199939
_1222_,VDD,Metal1,172.6920,56.3610,1.199933
_1221_,VDD,Metal1,178.7750,63.9250,1.199911
_1220_,VDD,Metal1,176.1850,63.9250,1.199914
_1219_,VDD,Metal1,166.9320,64.5980,1.199935
_1218_,VDD,Metal1,169.1750,57.0350,1.199960
_1217_,VDD,Metal1,170.9050,71.4850,1.199968
_1216_,VDD,Metal1,176.2670,72.1580,1.199959
_1215_,VDD,Metal1,173.5450,72.1550,1.199967
_1214_,VDD,Metal1,174.2150,79.0450,1.199909
_1213_,VDD,Metal1,170.9870,86.6010,1.199965
_1212_,VDD,Metal1,173.9750,86.6050,1.199963
_1211_,VDD,Metal1,172.3450,94.8350,1.199981
_1210_,VDD,Metal1,173.6520,102.3980,1.199321
_1209_,VDD,Metal1,173.5450,101.7250,1.199321
_1208_,VDD,Metal1,175.7050,109.2850,1.199958
_1207_,VDD,Metal1,176.5320,116.8410,1.199930
_1206_,VDD,Metal1,178.2950,109.9550,1.199957
_1205_,VDD,Metal1,173.2550,116.8450,1.199955
_1204_,VDD,Metal1,167.1470,124.4010,1.199998
_1203_,VDD,Metal1,170.1350,124.4050,1.199999
_1202_,VDD,Metal1,169.4650,117.5150,1.199956
_1201_,VDD,Metal1,174.6120,124.4010,1.199991
_1200_,VDD,Metal1,177.3350,124.4050,1.199990
_1199_,VDD,Metal1,176.1850,109.9550,1.199958
_1198_,VDD,Metal1,169.8120,79.0410,1.199971
_1197_,VDD,Metal1,120.0250,63.9250,1.199917
_1196_,VDD,Metal1,127.2250,71.4850,1.199879
_1195_,VDD,Metal1,116.4250,57.0350,1.199868
_1194_,VDD,Metal1,128.6650,72.1550,1.199877
_1193_,VDD,Metal1,130.1050,71.4850,1.199875
_1192_,VDD,Metal1,126.5050,79.0450,1.199009
_1191_,VDD,Metal1,128.6150,63.9250,1.199918
_1190_,VDD,Metal1,134.9050,63.9250,1.199920
_1189_,VDD,Metal1,131.3050,63.9250,1.199919
_1188_,VDD,Metal1,138.2150,63.9250,1.199920
_1187_,VDD,Metal1,143.0650,64.5950,1.199922
_1186_,VDD,Metal1,141.3350,63.9250,1.199921
_1185_,VDD,Metal1,148.2950,64.5950,1.199927
_1184_,VDD,Metal1,151.2250,71.4850,1.199496
_1183_,VDD,Metal1,147.1450,63.9250,1.199926
_1182_,VDD,Metal1,151.6550,79.0450,1.198977
_1181_,VDD,Metal1,152.8550,72.1550,1.199512
_1180_,VDD,Metal1,148.7750,79.0450,1.198977
_1179_,VDD,Metal1,145.2380,78.9800,1.198979
_1178_,VDD,Metal1,147.3610,94.9200,1.199949
_1177_,VDD,Metal1,149.8670,86.6010,1.199938
_1176_,VDD,Metal1,150.6170,102.2250,1.199822
_1175_,VDD,Metal1,154.5060,94.8660,1.199936
_1174_,VDD,Metal1,147.3060,109.2530,1.199961
_1173_,VDD,Metal1,117.9770,87.1050,1.199903
_1172_,VDD,Metal1,119.3760,94.1430,1.199969
_1171_,VDD,Metal1,134.7770,94.6650,1.199951
_1170_,VDD,Metal1,131.9950,94.7710,1.199951
_1169_,VDD,Metal1,128.7830,94.8560,1.199966
_1168_,VDD,Metal1,121.8170,87.1050,1.199903
_1167_,VDD,Metal1,126.7200,87.4330,1.199903
_1166_,VDD,Metal1,104.3750,102.3950,1.199974
_1165_,VDD,Metal1,118.2800,102.3450,1.199913
_1164_,VDD,Metal1,121.4650,102.3950,1.199901
_1163_,VDD,Metal1,120.9600,101.5660,1.199901
_1162_,VDD,Metal1,116.0520,101.7210,1.199913
_1161_,VDD,Metal1,131.0920,87.1830,1.199915
_1160_,VDD,Metal1,156.7200,109.2450,1.199981
_1159_,VDD,Metal1,148.2950,117.5150,1.199885
_1158_,VDD,Metal1,146.5020,124.5750,1.199996
_1157_,VDD,Metal1,130.5350,125.0750,1.199978
_1156_,VDD,Metal1,141.4970,124.9050,1.199978
_1155_,VDD,Metal1,146.8550,125.0750,1.199996
_1154_,VDD,Metal1,149.5450,125.0750,1.199997
_1153_,VDD,Metal1,129.1200,94.0060,1.199966
_1152_,VDD,Metal1,126.5700,116.9000,1.199816
_1151_,VDD,Metal1,124.9500,124.9910,1.199978
_1150_,VDD,Metal1,125.0150,109.9550,1.199951
_1149_,VDD,Metal1,123.4130,102.4260,1.199900
_1148_,VDD,Metal1,118.4520,101.7210,1.199913
_1147_,VDD,Metal1,148.0130,110.0070,1.199961
_1146_,VDD,Metal1,133.3320,79.0410,1.198996
_1145_,VDD,Metal1,142.0720,117.5710,1.199875
_1144_,VDD,Metal1,145.2000,117.5550,1.199877
_1143_,VDD,Metal1,138.5100,125.0690,1.199978
_1142_,VDD,Metal1,144.5100,125.0730,1.199978
_1141_,VDD,Metal1,149.1770,207.7350,1.199923
_1140_,VDD,Metal1,153.2700,207.6200,1.199922
_1139_,VDD,Metal1,131.4660,193.1460,1.199601
_1138_,VDD,Metal1,133.4400,193.2730,1.199596
_1137_,VDD,Metal1,132.3300,192.5000,1.199596
_1136_,VDD,Metal1,234.2700,41.2460,1.199979
_1135_,VDD,Metal1,237.5880,41.9560,1.199986
_1134_,VDD,Metal1,182.4300,33.6860,1.199944
_1133_,VDD,Metal1,180.0110,34.3960,1.199953
_1132_,VDD,Metal1,240.0300,64.5930,1.199640
_1131_,VDD,Metal1,236.6510,64.6360,1.199516
_1130_,VDD,Metal1,234.2700,102.3930,1.199255
_1129_,VDD,Metal1,233.2910,101.6830,1.199254
_1128_,VDD,Metal1,234.2700,139.5260,1.199990
_1127_,VDD,Metal1,233.2910,125.1160,1.199987
_1126_,VDD,Metal1,237.6300,162.8730,1.199833
_1125_,VDD,Metal1,233.2910,169.7230,1.199982
_1124_,VDD,Metal1,218.9100,193.1130,1.199812
_1123_,VDD,Metal1,216.4910,192.4030,1.199782
_1122_,VDD,Metal1,234.2700,192.4460,1.199967
_1121_,VDD,Metal1,235.6680,185.5960,1.199669
_1120_,VDD,Metal1,218.4300,19.2330,1.199869
_1119_,VDD,Metal1,218.3880,26.0830,1.199997
_1118_,VDD,Metal1,174.2700,19.2330,1.199968
_1117_,VDD,Metal1,174.7080,26.0830,1.199988
_1116_,VDD,Metal1,238.0500,49.4730,1.199954
_1115_,VDD,Metal1,233.2910,56.3230,1.199977
_1114_,VDD,Metal1,236.1900,87.2730,1.199870
_1113_,VDD,Metal1,232.8110,87.3160,1.199808
_1112_,VDD,Metal1,234.7500,117.5130,1.199911
_1111_,VDD,Metal1,231.8510,124.3630,1.199987
_1110_,VDD,Metal1,234.2700,155.3130,1.199986
_1109_,VDD,Metal1,232.8110,154.6030,1.199986
_1108_,VDD,Metal1,201.6300,192.4460,1.199743
_1107_,VDD,Metal1,198.2510,193.1560,1.199751
_1106_,VDD,Metal1,234.2700,177.3260,1.199920
_1105_,VDD,Metal1,230.8910,177.2830,1.199881
_1104_,VDD,Metal1,202.5900,26.1260,1.199993
_1103_,VDD,Metal1,206.3880,26.0830,1.199993
_1102_,VDD,Metal1,153.6300,26.1260,1.199994
_1101_,VDD,Metal1,150.2510,26.0830,1.199994
_1100_,VDD,Metal1,218.9100,71.4860,1.199927
_1099_,VDD,Metal1,216.9710,72.1960,1.199927
_1098_,VDD,Metal1,234.7500,79.0460,1.199977
_1097_,VDD,Metal1,232.3310,79.7560,1.199976
_1096_,VDD,Metal1,234.7500,109.2860,1.199904
_1095_,VDD,Metal1,231.3710,109.9960,1.199838
_1094_,VDD,Metal1,234.7500,140.1930,1.199990
_1093_,VDD,Metal1,231.8510,147.0430,1.199918
_1092_,VDD,Metal1,192.9900,169.7660,1.199913
_1091_,VDD,Metal1,190.5710,170.4760,1.199950
_1090_,VDD,Metal1,202.5900,162.2060,1.199770
_1089_,VDD,Metal1,203.5080,155.3560,1.199987
_1088_,VDD,Metal1,190.0500,26.1260,1.199991
_1087_,VDD,Metal1,193.4280,26.0830,1.199992
_1086_,VDD,Metal1,131.0100,33.6860,1.199929
_1085_,VDD,Metal1,138.7080,33.6430,1.199929
_1084_,VDD,Metal1,206.4300,63.9260,1.199497
_1083_,VDD,Metal1,204.4910,64.6360,1.199497
_1082_,VDD,Metal1,204.4500,87.2730,1.199889
_1081_,VDD,Metal1,200.6510,87.3160,1.199889
_1080_,VDD,Metal1,206.4300,101.7260,1.199188
_1079_,VDD,Metal1,204.4910,102.4360,1.199188
_1078_,VDD,Metal1,203.4900,131.9660,1.199423
_1077_,VDD,Metal1,202.5710,125.1160,1.199985
_1076_,VDD,Metal1,167.4900,193.1130,1.199923
_1075_,VDD,Metal1,169.9080,185.5960,1.199966
_1074_,VDD,Metal1,190.5300,147.0860,1.199863
_1073_,VDD,Metal1,190.5710,140.2360,1.199876
_1072_,VDD,Metal1,137.6570,140.0250,1.199287
_1071_,VDD,Metal1,140.8550,140.1950,1.199487
_1070_,VDD,Metal1,223.7870,34.3580,1.199925
_1069_,VDD,Metal1,224.7420,33.8550,1.199925
_1068_,VDD,Metal1,221.5450,26.7950,1.199997
_1067_,VDD,Metal1,168.3720,41.2410,1.199970
_1066_,VDD,Metal1,175.7820,41.4150,1.199967
_1065_,VDD,Metal1,170.6150,34.3550,1.199959
_1064_,VDD,Metal1,221.6520,57.0380,1.199938
_1063_,VDD,Metal1,221.3820,64.0950,1.199503
_1062_,VDD,Metal1,224.3750,56.3650,1.199969
_1061_,VDD,Metal1,219.2520,101.7210,1.199196
_1060_,VDD,Metal1,222.8220,94.6650,1.199932
_1059_,VDD,Metal1,221.0150,94.1650,1.199914
_1058_,VDD,Metal1,220.4270,125.0780,1.199986
_1057_,VDD,Metal1,224.7420,132.1350,1.199266
_1056_,VDD,Metal1,222.4550,125.0750,1.199986
_1055_,VDD,Metal1,220.9070,162.2010,1.199798
_1054_,VDD,Metal1,222.8220,162.3750,1.199798
_1053_,VDD,Metal1,221.0150,155.3150,1.199987
_1052_,VDD,Metal1,200.7470,177.9980,1.199892
_1051_,VDD,Metal1,208.9020,185.0550,1.199610
_1050_,VDD,Metal1,196.5350,184.8850,1.199839
_1049_,VDD,Metal1,219.9470,184.8810,1.199631
_1048_,VDD,Metal1,226.1820,177.8250,1.199871
_1047_,VDD,Metal1,220.0550,177.9950,1.199851
_1046_,VDD,Metal1,207.9470,34.3580,1.199929
_1045_,VDD,Metal1,214.6620,33.8550,1.199925
_1044_,VDD,Metal1,205.2250,34.3550,1.199935
_1043_,VDD,Metal1,163.3070,34.3580,1.199933
_1042_,VDD,Metal1,167.1420,34.1850,1.199942
_1041_,VDD,Metal1,161.0650,33.6850,1.199916
_1040_,VDD,Metal1,219.4670,49.4780,1.199907
_1039_,VDD,Metal1,221.8620,56.5350,1.199938
_1038_,VDD,Metal1,216.7450,49.4750,1.199905
_1037_,VDD,Metal1,217.0670,86.6010,1.199802
_1036_,VDD,Metal1,218.9820,86.7750,1.199802
_1035_,VDD,Metal1,217.1750,79.7150,1.199887
_1034_,VDD,Metal1,214.4520,117.5180,1.199870
_1033_,VDD,Metal1,218.9820,117.0150,1.199889
_1032_,VDD,Metal1,217.1750,116.8450,1.199889
_1031_,VDD,Metal1,215.8920,147.7580,1.199850
_1030_,VDD,Metal1,219.9420,147.2550,1.199880
_1029_,VDD,Metal1,219.0950,140.1950,1.199976
_1028_,VDD,Metal1,186.6120,184.8810,1.199924
_1027_,VDD,Metal1,192.3770,185.0550,1.199880
_1026_,VDD,Metal1,186.9850,177.9950,1.199948
_1025_,VDD,Metal1,208.4270,170.4380,1.199914
_1024_,VDD,Metal1,213.2220,170.2650,1.199978
_1023_,VDD,Metal1,205.6550,169.7650,1.199913
_1022_,VDD,Metal1,193.8120,41.9180,1.199958
_1021_,VDD,Metal1,201.2220,34.1850,1.199936
_1020_,VDD,Metal1,196.5350,41.9150,1.199950
_1019_,VDD,Metal1,146.2920,34.3580,1.199907
_1018_,VDD,Metal1,150.6170,33.8550,1.199906
_1017_,VDD,Metal1,150.5050,41.2450,1.199986
_1016_,VDD,Metal1,200.5320,56.3610,1.199909
_1015_,VDD,Metal1,208.4220,49.3050,1.199887
_1014_,VDD,Metal1,202.2950,57.0350,1.199909
_1013_,VDD,Metal1,198.1320,79.0410,1.199849
_1012_,VDD,Metal1,204.5820,71.9850,1.199937
_1011_,VDD,Metal1,198.5050,79.7150,1.199849
_1010_,VDD,Metal1,197.1720,116.8410,1.199848
_1009_,VDD,Metal1,204.1020,109.7850,1.199860
_1008_,VDD,Metal1,200.3750,109.9550,1.199868
_1007_,VDD,Metal1,204.5870,140.1980,1.199881
_1006_,VDD,Metal1,208.9020,140.0250,1.199882
_1005_,VDD,Metal1,202.3450,139.5250,1.199876
_1004_,VDD,Metal1,178.6670,170.4380,1.199967
_1003_,VDD,Metal1,182.0220,170.2650,1.199962
_1002_,VDD,Metal1,178.2950,177.9950,1.199948
_1001_,VDD,Metal1,186.6120,155.3180,1.199989
_1000_,VDD,Metal1,193.5420,155.1450,1.199988
_0999_,VDD,Metal1,188.8550,154.6450,1.199989
_0998_,VDD,Metal1,183.7320,49.4780,1.199890
_0997_,VDD,Metal1,190.9370,48.9750,1.199883
_0996_,VDD,Metal1,185.9750,56.3650,1.199889
_0995_,VDD,Metal1,161.6520,49.4780,1.199944
_0994_,VDD,Metal1,165.0170,48.9750,1.199970
_0993_,VDD,Metal1,166.7750,49.4750,1.199976
_0992_,VDD,Metal1,187.5720,64.5980,1.199858
_0991_,VDD,Metal1,196.9020,64.0950,1.199497
_0990_,VDD,Metal1,189.8150,71.4850,1.199957
_0989_,VDD,Metal1,185.8670,86.6010,1.199931
_0988_,VDD,Metal1,190.9370,86.7750,1.199931
_0987_,VDD,Metal1,183.1450,86.6050,1.199959
_0986_,VDD,Metal1,189.7070,101.7210,1.199185
_0985_,VDD,Metal1,194.0220,101.8950,1.199185
_0984_,VDD,Metal1,187.4650,102.3950,1.199236
_0983_,VDD,Metal1,190.6670,125.0780,1.199987
_0982_,VDD,Metal1,194.0220,124.9050,1.199986
_0981_,VDD,Metal1,189.8650,117.5150,1.199849
_0980_,VDD,Metal1,171.4670,155.3180,1.199991
_0979_,VDD,Metal1,173.3820,155.1450,1.199991
_0978_,VDD,Metal1,171.6250,154.6450,1.199991
_0977_,VDD,Metal1,179.1470,140.1980,1.199921
_0976_,VDD,Metal1,182.2970,140.0250,1.199892
_0975_,VDD,Metal1,179.3050,139.5250,1.199921
_0974_,VDD,Metal1,150.5050,162.8750,1.199955
_0973_,VDD,Metal1,154.8960,169.7430,1.199856
_0972_,VDD,Metal1,153.1180,162.9600,1.199958
_0971_,VDD,Metal1,152.2620,169.9350,1.199856
_0970_,VDD,Metal1,152.2620,185.3850,1.199901
_0969_,VDD,Metal1,148.4630,178.0160,1.199802
_0968_,VDD,Metal1,151.3070,177.9980,1.199808
_0967_,VDD,Metal1,150.8630,184.8630,1.199895
_0966_,VDD,Metal1,152.0570,162.3750,1.199958
_0965_,VDD,Metal1,149.5450,162.2050,1.199953
_0964_,VDD,Metal1,68.0570,169.9350,1.199887
_0963_,VDD,Metal1,67.2000,163.0330,1.199676
_0962_,VDD,Metal1,64.7920,162.9310,1.199615
_0961_,VDD,Metal1,63.4670,169.7610,1.199887
_0960_,VDD,Metal1,70.0800,163.0330,1.199693
_0959_,VDD,Metal1,56.2620,169.9350,1.199887
_0958_,VDD,Metal1,58.5600,169.6060,1.199887
_0957_,VDD,Metal1,61.9120,162.9310,1.199602
_0956_,VDD,Metal1,61.1750,169.7650,1.199887
_0955_,VDD,Metal1,36.3770,169.9350,1.199986
_0954_,VDD,Metal1,39.8400,169.6060,1.199966
_0953_,VDD,Metal1,53.7520,162.9310,1.199594
_0952_,VDD,Metal1,51.8930,169.7330,1.199889
_0951_,VDD,Metal1,49.6500,162.8690,1.199588
_0950_,VDD,Metal1,40.8070,162.9310,1.199415
_0949_,VDD,Metal1,61.6400,147.7050,1.199857
_0948_,VDD,Metal1,59.7850,154.6450,1.198339
_0947_,VDD,Metal1,64.3120,147.8110,1.199533
_0946_,VDD,Metal1,38.7770,147.5850,1.199916
_0945_,VDD,Metal1,63.1200,154.6050,1.198341
_0944_,VDD,Metal1,38.8800,155.4730,1.198421
_0943_,VDD,Metal1,41.7670,155.3710,1.198407
_0942_,VDD,Metal1,43.4400,147.0450,1.199911
_0941_,VDD,Metal1,41.7670,154.5880,1.198407
_0940_,VDD,Metal1,45.4000,139.5740,1.199882
_0939_,VDD,Metal1,43.4100,132.6290,1.199978
_0938_,VDD,Metal1,53.0000,132.5850,1.199946
_0937_,VDD,Metal1,59.0320,140.2510,1.199659
_0936_,VDD,Metal1,56.1900,139.5260,1.199548
_0935_,VDD,Metal1,66.9350,131.9650,1.199946
_0934_,VDD,Metal1,63.3060,132.6660,1.199946
_0933_,VDD,Metal1,62.8870,140.2510,1.199670
_0932_,VDD,Metal1,64.5850,131.9650,1.199946
_0931_,VDD,Metal1,69.8400,140.2350,1.199861
_0930_,VDD,Metal1,78.5050,140.1950,1.199929
_0929_,VDD,Metal1,81.1270,147.0280,1.199499
_0928_,VDD,Metal1,76.6920,154.6410,1.198407
_0927_,VDD,Metal1,75.4620,139.6950,1.199901
_0926_,VDD,Metal1,74.4070,154.5880,1.198404
_0925_,VDD,Metal1,77.3330,131.9330,1.199950
_0924_,VDD,Metal1,76.4220,124.5750,1.199901
_0923_,VDD,Metal1,80.1060,131.9330,1.199949
_0922_,VDD,Metal1,79.1920,155.3710,1.198411
_0921_,VDD,Metal1,78.9350,147.7550,1.199490
_0920_,VDD,Metal1,81.0660,147.7860,1.199499
_0919_,VDD,Metal1,87.3670,140.2510,1.199953
_0918_,VDD,Metal1,95.8000,147.1340,1.199976
_0917_,VDD,Metal1,91.3070,140.1980,1.199955
_0916_,VDD,Metal1,91.7820,139.6950,1.199955
_0915_,VDD,Metal1,93.1730,140.2260,1.199972
_0914_,VDD,Metal1,94.5520,147.8110,1.199975
_0913_,VDD,Metal1,103.8800,155.2650,1.199908
_0912_,VDD,Metal1,92.1670,154.5880,1.198588
_0911_,VDD,Metal1,88.3270,155.3710,1.198585
_0910_,VDD,Metal1,103.4400,154.6050,1.199908
_0909_,VDD,Metal1,89.4800,162.8250,1.199954
_0908_,VDD,Metal1,84.7200,162.9150,1.199848
_0907_,VDD,Metal1,100.7920,162.1480,1.199948
_0906_,VDD,Metal1,100.6000,177.3740,1.199952
_0905_,VDD,Metal1,89.2720,169.7080,1.199971
_0904_,VDD,Metal1,90.2700,170.4330,1.199972
_0903_,VDD,Metal1,95.7600,184.8450,1.199982
_0902_,VDD,Metal1,82.5520,178.0510,1.199969
_0901_,VDD,Metal1,92.3610,184.8200,1.199981
_0900_,VDD,Metal1,93.3600,178.0350,1.199977
_0899_,VDD,Metal1,39.5600,177.9450,1.199896
_0898_,VDD,Metal1,62.4250,185.5550,1.199906
_0897_,VDD,Metal1,59.5450,185.5550,1.199903
_0896_,VDD,Metal1,60.7450,184.8850,1.199906
_0895_,VDD,Metal1,58.0720,192.3880,1.199323
_0894_,VDD,Metal1,81.1450,193.1150,1.199341
_0893_,VDD,Metal1,78.0250,193.1150,1.199339
_0892_,VDD,Metal1,75.3520,192.3880,1.199338
_0891_,VDD,Metal1,26.5070,192.4410,1.199947
_0890_,VDD,Metal1,33.1730,192.4130,1.199759
_0889_,VDD,Metal1,25.6800,193.1550,1.199947
_0888_,VDD,Metal1,29.1770,192.6150,1.199792
_0887_,VDD,Metal1,28.4270,200.6780,1.199984
_0886_,VDD,Metal1,26.6100,207.5700,1.199896
_0885_,VDD,Metal1,53.7520,193.1710,1.199314
_0884_,VDD,Metal1,29.3100,193.1130,1.199792
_0883_,VDD,Metal1,29.6570,207.7350,1.199896
_0882_,VDD,Metal1,37.0620,200.1750,1.199958
_0881_,VDD,Metal1,38.7360,193.1360,1.199666
_0880_,VDD,Metal1,42.6120,208.2380,1.199894
_0879_,VDD,Metal1,62.4250,200.0050,1.199969
_0878_,VDD,Metal1,59.0470,199.9480,1.199967
_0877_,VDD,Metal1,49.3370,208.0650,1.199873
_0876_,VDD,Metal1,51.7370,208.0650,1.199837
_0875_,VDD,Metal1,51.6960,207.5430,1.199837
_0874_,VDD,Metal1,58.9320,208.2380,1.199668
_0873_,VDD,Metal1,65.7850,200.6750,1.199971
_0872_,VDD,Metal1,61.8170,207.7350,1.199617
_0871_,VDD,Metal1,77.6570,207.7350,1.199647
_0870_,VDD,Metal1,75.0230,207.5430,1.199647
_0869_,VDD,Metal1,88.9070,200.0010,1.199986
_0868_,VDD,Metal1,101.6520,200.6780,1.199981
_0867_,VDD,Metal1,84.8520,200.6780,1.199981
_0866_,VDD,Metal1,100.5850,215.1250,1.199894
_0865_,VDD,Metal1,102.6120,215.1210,1.199883
_0864_,VDD,Metal1,101.4900,215.7890,1.199894
_0863_,VDD,Metal1,104.2620,215.6250,1.199856
_0862_,VDD,Metal1,102.6170,207.7350,1.199935
_0861_,VDD,Metal1,99.9830,207.5430,1.199936
_0860_,VDD,Metal1,98.9870,215.7980,1.199908
_0859_,VDD,Metal1,95.3050,207.5650,1.199964
_0858_,VDD,Metal1,97.7760,207.5430,1.199936
_0857_,VDD,Metal1,96.1020,215.6250,1.199966
_0856_,VDD,Metal1,70.9320,222.6810,1.199868
_0855_,VDD,Metal1,86.1850,200.0050,1.199984
_0854_,VDD,Metal1,80.3750,223.3550,1.199875
_0853_,VDD,Metal1,79.3070,230.2410,1.199972
_0852_,VDD,Metal1,82.3200,230.2050,1.199972
_0851_,VDD,Metal1,82.8900,223.2710,1.199880
_0850_,VDD,Metal1,90.0000,230.2050,1.199972
_0849_,VDD,Metal1,86.8260,230.2130,1.199972
_0848_,VDD,Metal1,93.3980,230.1800,1.199983
_0847_,VDD,Metal1,106.9370,230.7450,1.199965
_0846_,VDD,Metal1,100.9250,193.0850,1.199948
_0845_,VDD,Metal1,149.0650,192.4450,1.199695
_0844_,VDD,Metal1,103.3430,230.2230,1.199983
_0843_,VDD,Metal1,65.2800,223.5130,1.199870
_0842_,VDD,Metal1,95.5500,193.1130,1.199979
_0841_,VDD,Metal1,98.0700,193.0600,1.199959
_0840_,VDD,Metal1,27.7370,155.1450,1.199910
_0839_,VDD,Metal1,26.5430,162.8960,1.199874
_0838_,VDD,Metal1,8.1300,147.7530,1.199959
_0837_,VDD,Metal1,13.4280,147.0430,1.199959
_0836_,VDD,Metal1,37.9500,162.8730,1.199694
_0835_,VDD,Metal1,12.3770,132.4650,1.199984
_0834_,VDD,Metal1,10.7030,140.2160,1.199902
_0833_,VDD,Metal1,25.8170,132.1350,1.199984
_0832_,VDD,Metal1,24.8160,139.5030,1.199894
_0831_,VDD,Metal1,45.4970,117.3450,1.199917
_0830_,VDD,Metal1,42.8630,117.5360,1.199917
_0829_,VDD,Metal1,34.5300,102.3930,1.199988
_0828_,VDD,Metal1,38.3880,102.4360,1.199988
_0827_,VDD,Metal1,63.2570,102.2250,1.199982
_0826_,VDD,Metal1,62.0630,109.9760,1.199837
_0825_,VDD,Metal1,75.7370,109.4550,1.199816
_0824_,VDD,Metal1,76.1760,116.8230,1.199909
_0823_,VDD,Metal1,97.0620,124.5750,1.199986
_0822_,VDD,Metal1,102.5760,116.8230,1.199967
_0821_,VDD,Metal1,89.1770,109.4550,1.199958
_0820_,VDD,Metal1,89.6160,116.8230,1.199919
_0819_,VDD,Metal1,103.3020,132.1350,1.199932
_0818_,VDD,Metal1,112.1760,125.0960,1.199978
_0817_,VDD,Metal1,12.3770,162.3750,1.199941
_0816_,VDD,Metal1,10.7030,169.7430,1.199988
_0815_,VDD,Metal1,117.7020,245.8650,1.199963
_0814_,VDD,Metal1,124.1760,246.0560,1.199963
_0813_,VDD,Metal1,114.9350,192.4450,1.199625
_0812_,VDD,Metal1,119.8560,192.4230,1.199625
_0811_,VDD,Metal1,114.0900,185.4710,1.199894
_0810_,VDD,Metal1,13.8170,177.8250,1.199963
_0809_,VDD,Metal1,8.9760,177.3030,1.199963
_0808_,VDD,Metal1,6.9850,192.4450,1.199955
_0807_,VDD,Metal1,10.8960,185.5760,1.199988
_0806_,VDD,Metal1,15.9900,185.4710,1.199988
_0805_,VDD,Metal1,13.2250,222.6850,1.199980
_0804_,VDD,Metal1,12.6230,215.1030,1.199905
_0803_,VDD,Metal1,19.3500,215.2080,1.199953
_0802_,VDD,Metal1,11.7850,208.2350,1.199961
_0801_,VDD,Metal1,10.8960,200.6960,1.199993
_0800_,VDD,Metal1,16.9500,200.5910,1.199993
_0799_,VDD,Metal1,39.6250,223.3550,1.199937
_0798_,VDD,Metal1,37.7760,223.3760,1.199958
_0797_,VDD,Metal1,43.3500,222.7680,1.199911
_0796_,VDD,Metal1,44.8550,237.8050,1.199763
_0795_,VDD,Metal1,46.8960,237.7830,1.199761
_0794_,VDD,Metal1,48.1500,230.8310,1.199966
_0793_,VDD,Metal1,56.3750,246.0350,1.199923
_0792_,VDD,Metal1,58.4160,246.0560,1.199919
_0791_,VDD,Metal1,58.2300,245.4480,1.199919
_0790_,VDD,Metal1,56.3750,230.9150,1.199966
_0789_,VDD,Metal1,58.4160,230.9360,1.199967
_0788_,VDD,Metal1,58.2300,230.3280,1.199967
_0787_,VDD,Metal1,120.2150,230.9150,1.199874
_0786_,VDD,Metal1,124.1760,230.9360,1.199811
_0785_,VDD,Metal1,118.4100,230.3280,1.199884
_0784_,VDD,Metal1,135.5750,230.9150,1.199778
_0783_,VDD,Metal1,139.5360,230.9360,1.199910
_0782_,VDD,Metal1,128.9700,230.3280,1.199809
_0781_,VDD,Metal1,143.2550,222.6850,1.199717
_0780_,VDD,Metal1,149.6160,222.6630,1.199717
_0779_,VDD,Metal1,140.0100,215.7110,1.199793
_0778_,VDD,Metal1,129.8150,215.7950,1.199796
_0777_,VDD,Metal1,132.8160,215.8160,1.199795
_0776_,VDD,Metal1,127.5300,215.7110,1.199800
_0775_,VDD,Metal1,89.4950,246.0350,1.199970
_0774_,VDD,Metal1,96.3360,245.3430,1.199970
_0773_,VDD,Metal1,87.5100,245.4480,1.199955
_0772_,VDD,Metal1,69.3850,252.9250,1.199938
_0771_,VDD,Metal1,68.4960,245.3430,1.199915
_0770_,VDD,Metal1,74.5500,245.4480,1.199921
_0769_,VDD,Metal1,107.2550,246.0350,1.199964
_0768_,VDD,Metal1,111.2160,246.0560,1.199964
_0767_,VDD,Metal1,104.7900,245.4480,1.199966
_0766_,VDD,Metal1,131.7350,246.0350,1.199963
_0765_,VDD,Metal1,128.4900,238.3910,1.199910
_0764_,VDD,Metal1,134.2560,246.0560,1.199962
_0763_,VDD,Metal1,143.0150,147.0850,1.199881
_0762_,VDD,Metal1,143.6630,140.2160,1.199629
_0761_,VDD,Metal1,147.0950,147.7550,1.199876
_0760_,VDD,Metal1,135.4670,147.0810,1.199885
_0759_,VDD,Metal1,135.0810,154.5800,1.199876
_0758_,VDD,Metal1,134.1300,147.7490,1.199885
_0757_,VDD,Metal1,121.8100,162.8710,1.199927
_0756_,VDD,Metal1,126.7210,155.4000,1.199875
_0755_,VDD,Metal1,134.2970,177.8250,1.199669
_0754_,VDD,Metal1,142.0810,177.2400,1.199639
_0753_,VDD,Metal1,147.8930,170.4660,1.199838
_0752_,VDD,Metal1,86.5430,184.8630,1.199936
_0751_,VDD,Metal1,134.0220,207.7350,1.199870
_0750_,VDD,Metal1,84.0530,185.5860,1.199932
_0749_,VDD,Metal1,74.8870,178.0510,1.199848
_0748_,VDD,Metal1,67.1750,185.5550,1.199918
_0747_,VDD,Metal1,89.0150,185.5550,1.199949
_0746_,VDD,Metal1,87.8470,207.5080,1.199812
_0745_,VDD,Metal1,91.4400,207.5250,1.199933
_0744_,VDD,Metal1,84.9520,215.0680,1.199715
_0743_,VDD,Metal1,84.2400,215.8350,1.199714
_0742_,VDD,Metal1,83.2550,193.1150,1.199343
_0741_,VDD,Metal1,87.8320,215.8510,1.199725
_0740_,VDD,Metal1,89.7670,215.0680,1.199725
_0739_,VDD,Metal1,48.0000,170.5930,1.199889
_0738_,VDD,Metal1,42.6950,170.4350,1.199966
_0737_,VDD,Metal1,40.5850,170.4350,1.199966
_0736_,VDD,Metal1,45.8650,170.4350,1.199966
_0735_,VDD,Metal1,64.7920,185.6110,1.199908
_0734_,VDD,Metal1,69.7070,177.9980,1.199847
_0733_,VDD,Metal1,68.6400,199.8460,1.199978
_0732_,VDD,Metal1,83.9920,184.8280,1.199932
_0731_,VDD,Metal1,80.4000,184.8450,1.199928
_0730_,VDD,Metal1,77.7850,184.8850,1.199927
_0729_,VDD,Metal1,54.2150,200.0050,1.199965
_0728_,VDD,Metal1,87.8650,154.6450,1.198585
_0727_,VDD,Metal1,77.7350,147.0850,1.199490
_0726_,VDD,Metal1,135.1580,162.9390,1.199932
_0725_,VDD,Metal1,135.6300,162.2100,1.199932
_0724_,VDD,Metal1,127.4780,140.2590,1.199280
_0723_,VDD,Metal1,131.3050,162.2050,1.199927
_0722_,VDD,Metal1,130.8300,147.0900,1.199890
_0721_,VDD,Metal1,117.6300,184.8860,1.199851
_0720_,VDD,Metal1,117.5700,177.3260,1.199925
_0719_,VDD,Metal1,165.8150,169.7650,1.199875
_0718_,VDD,Metal1,163.2530,170.4660,1.199872
_0717_,VDD,Metal1,160.8000,147.9130,1.199930
_0716_,VDD,Metal1,167.1500,200.6710,1.199976
_0715_,VDD,Metal1,47.4100,177.9910,1.199882
_0714_,VDD,Metal1,112.9100,177.9910,1.199928
_0713_,VDD,Metal1,87.4700,162.2080,1.199910
_0712_,VDD,Metal1,105.9700,154.6480,1.199875
_0711_,VDD,Metal1,88.4300,132.6310,1.199962
_0710_,VDD,Metal1,93.9700,147.0880,1.199975
_0709_,VDD,Metal1,79.5700,117.5110,1.199916
_0708_,VDD,Metal1,73.8100,139.5280,1.199892
_0707_,VDD,Metal1,49.5500,132.6310,1.199958
_0706_,VDD,Metal1,42.1300,140.1910,1.199885
_0705_,VDD,Metal1,36.8500,147.0880,1.199927
_0704_,VDD,Metal1,58.1900,147.7510,1.199865
_0703_,VDD,Metal1,34.4500,169.7680,1.199986
_0702_,VDD,Metal1,66.1300,177.3280,1.199792
_0701_,VDD,Metal1,67.5700,177.3280,1.199843
_0700_,VDD,Metal1,147.7300,208.2310,1.199906
_0699_,VDD,Metal1,148.4300,71.4880,1.199462
