net,length_um
clknet_0_clk_i,1.58036mm
net577,920.42µm
net754,874.88µm
net55,853.695µm
net56,836.765µm
net1272,825.39µm
net57,823.74µm
net58,808.57µm
net62,795.035µm
net60,789.52µm
net392,785.415µm
net508,769.77µm
net291,769.225µm
net61,760.84µm
net463,757.49µm
net346,742.175µm
net335,727.76µm
net850,727.65µm
net514,726.605µm
net506,725.695µm
net1287,721.17µm
net341,716.14µm
_00004_,708.595µm
net1289,708.31µm
net298,707.695µm
net1071,706.735µm
net1328,705.835µm
net865,704.56µm
net522,703.955µm
net379,703.495µm
net494,695.925µm
net752,692.285µm
net59,680.785µm
net278,680.5µm
net280,679.52µm
net466,676.47µm
net464,675.45µm
net1300,672.32µm
net1507,670.1µm
net289,670.095µm
net1,669.31µm
net384,669.26µm
net361,668.01µm
net1301,666.79µm
net368,665.895µm
net328,664.28µm
net504,664.12µm
net338,654.92µm
net277,654.125µm
net467,651.27µm
net834,649.395µm
net353,649.325µm
net489,648.68µm
net498,648.03µm
net510,647.785µm
net471,645.09µm
net374,642.29µm
net496,642.105µm
net292,640.13µm
net91,640.07µm
net343,637.795µm
net1483,637.76µm
net410,637.745µm
net473,637.705µm
net500,634.105µm
net601,630.255µm
net380,630.15µm
net483,627.425µm
net474,627.14µm
net1284,626.49µm
net530,626.19µm
net440,623.81µm
net381,622.48µm
net336,622.14µm
net294,621.87µm
net457,621.725µm
net1299,621.3µm
net1288,620.6µm
net281,620.175µm
net66,619.43µm
net461,618.92µm
net414,616.555µm
net478,615.89µm
net777,615.175µm
net405,614.59µm
net403,610.79µm
net499,610.395µm
net63,609.965µm
net67,609.455µm
net65,609.185µm
net492,608.44µm
net518,608.4µm
net574,607.805µm
net349,607.65µm
net383,606.95µm
net332,606.875µm
net493,606.605µm
net1482,605.765µm
net397,603.81µm
net64,603.07µm
net409,603.065µm
net837,602.94µm
net445,602.475µm
net1297,599.95µm
clk_i,598.92µm
net475,597.345µm
net286,597.06µm
net520,595.77µm
net68,594.815µm
net1282,593.75µm
net1298,593.42µm
net836,593.265µm
_02812_,593.12µm
net526,592.625µm
net378,592.07µm
net1283,591.265µm
net849,590.835µm
net480,590.205µm
net1295,589.38µm
net339,589.085µm
net490,588.99µm
net502,588.625µm
net359,588.17µm
net491,587.035µm
net1292,583.86µm
net482,583.435µm
net391,583.3µm
net1440,582.465µm
net1294,582.315µm
net739,578.435µm
net1296,578.02µm
net40,577.825µm
net393,577.385µm
net989,576.88µm
net1286,574.05µm
net749,573.46µm
net1291,572.42µm
net39,569.01µm
_02842_,568.63µm
net477,567.625µm
net385,566.22µm
net282,565.6µm
net1290,564.93µm
net377,564.48µm
net345,564.04µm
net771,562.13µm
net462,561.27µm
net1293,560.19µm
net411,558.3µm
net1285,557.765µm
net675,556.865µm
net329,555.585µm
net41,551.71µm
net444,550.18µm
net983,549.605µm
net1280,549.56µm
net497,546.35µm
net370,543.97µm
net290,543.63µm
net441,543.22µm
net846,538.71µm
net1332,538.49µm
net1329,537.935µm
net479,537.225µm
net398,536.915µm
net529,536.905µm
net844,534.18µm
net356,532.19µm
_02874_,531.93µm
net484,530.555µm
_00007_,526.12µm
net396,525.28µm
net1313,525.175µm
net364,523.435µm
_00001_,523.2µm
net43,522.58µm
net42,521µm
net94,518.71µm
net700,517.735µm
net408,515.185µm
net753,513.725µm
net375,512.505µm
net465,508.92µm
net44,507.17µm
net1082,506.565µm
net486,506.3µm
net485,502.9µm
net376,502.25µm
net783,499.06µm
net476,496.59µm
net344,490.405µm
net472,488.315µm
net1326,487.745µm
net481,486.51µm
net365,486.095µm
net1320,485.31µm
net389,484.97µm
net627,484.025µm
net1331,482.94µm
net838,482.105µm
net279,480.65µm
net516,479.39µm
net1281,478.76µm
net524,476.39µm
net337,475µm
net859,474.665µm
net296,472.82µm
net254,471.475µm
net293,470.42µm
net367,469.74µm
net847,464.805µm
net301,464.75µm
_05151_,460.81µm
net1081,459.12µm
net651,457.84µm
_02807_,454µm
net512,452.72µm
_02988_,450.92µm
net371,450.61µm
net822,450.09µm
net1177,444.9µm
net1311,444.69µm
net373,444.145µm
net856,441.3µm
net1333,440.805µm
_02984_,440.04µm
net458,439.96µm
net1195,439.34µm
_05073_,438.18µm
_02848_,437.89µm
net932,437.365µm
net833,437.305µm
net854,437.2µm
_00000_,435.66µm
net1210,434.395µm
net839,433.675µm
u_picorv32.picorv32_core.decoded_imm\[14\],432.66µm
_00006_,432.43µm
net357,431.115µm
_03351_,429.78µm
net840,429.645µm
net880,428.25µm
_01588_,427.28µm
net27,427.28µm
net1314,426.735µm
net742,424.935µm
net488,424.73µm
net730,424.46µm
net1481,423.61µm
net672,422.935µm
net575,421.975µm
net19,420.8µm
net977,420.32µm
net1464,419.49µm
net53,419.355µm
net1350,418.75µm
net358,417.22µm
net48,416.48µm
net703,413.965µm
net966,412.06µm
u_picorv32.picorv32_core.decoded_imm\[30\],411.905µm
net382,411.645µm
net975,411.32µm
_04969_,410.76µm
net402,409.8µm
_02996_,409.105µm
net843,408.955µm
net388,408.73µm
net776,408.12µm
net1207,407.93µm
net1317,406.3µm
u_picorv32.picorv32_core.cpu_state\[3\],406.01µm
net782,405.95µm
net49,405.935µm
net46,405.195µm
net387,404.59µm
_04393_,404.33µm
net791,404.15µm
net1010,404.12µm
net1506,404.035µm
net460,402.775µm
net545,402.735µm
net862,402.385µm
net1159,402.065µm
net470,401.665µm
u_picorv32.picorv32_core.reg_pc\[11\],401.47µm
net572,401.405µm
net851,400.715µm
u_picorv32.pcpi_rs2\[23\],399.97µm
net1174,398.905µm
net576,398.38µm
u_picorv32.picorv32_core.decoded_imm\[7\],398.2µm
net1323,397.815µm
_02691_,396.075µm
net285,394.185µm
net845,393.625µm
net1309,393.545µm
net1316,393.23µm
net515,393.13µm
_00009_,392.435µm
net1381,392.105µm
net1325,391.38µm
net1189,390.97µm
_05138_,390.8µm
net394,389.855µm
net1192,389.8µm
_05228_,388.87µm
net527,388.78µm
net1007,388.49µm
net1153,388.3µm
_05871_,387.565µm
_04996_,386.71µm
_03020_,386.55µm
net18,386.035µm
net1083,384.8µm
net390,384.25µm
net24,384.19µm
net853,384.145µm
net350,383.285µm
net525,383.085µm
net1308,382.545µm
net632,381.665µm
_05177_,381.12µm
_02932_,380.79µm
_03864_,380.255µm
_05086_,379.87µm
net830,378.825µm
_00003_,378.56µm
net758,378.12µm
net501,377.32µm
_02981_,375.68µm
_04982_,375.61µm
_01657_,374.74µm
net249,374.34µm
net1305,373.915µm
u_picorv32.pcpi_rs2\[22\],373.405µm
_05557_,372.98µm
net400,372.94µm
net799,372.565µm
net22,371.07µm
u_picorv32.picorv32_core.decoded_imm\[28\],370.185µm
net786,370µm
net102,369.21µm
net406,368.955µm
net13,367.83µm
_02852_,367.63µm
net231,367.52µm
net740,367.52µm
u_picorv32.picorv32_core.decoded_imm\[22\],366.63µm
net355,366.07µm
net283,365.85µm
net351,365.22µm
net469,363.625µm
u_picorv32.picorv32_core.mem_rdata_q\[14\],363.305µm
u_picorv32.pcpi_rs2\[20\],363.295µm
net894,363.15µm
net1219,362.84µm
net1476,362.555µm
u_picorv32.picorv32_core.decoded_imm\[11\],362.495µm
net517,362.15µm
net556,362.1µm
net774,361.83µm
net1165,361.13µm
_01618_,360.84µm
net17,360.51µm
net453,360.22µm
net948,360.03µm
_00005_,359.65µm
net16,358.75µm
u_picorv32.picorv32_core.decoded_imm\[23\],358.47µm
net579,357.675µm
net14,357.345µm
net299,356.56µm
net1216,355.82µm
net1185,355.6µm
_05482_,355.525µm
net21,355.475µm
net45,354.73µm
net536,354.725µm
net25,354.385µm
net1499,354.05µm
net1168,353.455µm
net1324,353.395µm
u_picorv32.picorv32_core.decoded_imm\[20\],352.1µm
u_picorv32.picorv32_core.decoder_trigger,352.05µm
u_picorv32.pcpi_rs2\[26\],351.415µm
net509,350.695µm
net861,350.27µm
_02870_,349.16µm
net750,348.61µm
u_picorv32.picorv32_core.decoded_imm_j\[11\],348.59µm
u_picorv32.picorv32_core.decoded_imm\[26\],347.96µm
_01615_,347.41µm
net192,346.74µm
net624,346.705µm
net1439,346.675µm
u_picorv32.pcpi_rs2\[19\],346.33µm
net28,345.53µm
net300,345.015µm
u_picorv32.picorv32_core.latched_branch,344.995µm
_05021_,344.15µm
net573,344.09µm
net864,343.73µm
net1364,343.415µm
net216,343.03µm
net770,342.795µm
net1162,340.86µm
net38,340.74µm
_02956_,340.29µm
net23,340.245µm
net52,340.105µm
u_picorv32.pcpi_rs2\[27\],339.495µm
net1410,339.44µm
net1250,338.115µm
_04459_,337.775µm
net354,337.675µm
net781,337.545µm
net1091,337.105µm
_04324_,336.7µm
net372,336.425µm
net701,336.31µm
u_picorv32.picorv32_core.decoded_imm\[8\],335.665µm
net787,335.275µm
_02695_,334.225µm
net1105,333.87µm
u_picorv32.pcpi_rs2\[29\],333.82µm
net991,333.38µm
net386,333.36µm
net766,333.165µm
net51,332.855µm
net413,332.395µm
net704,331.675µm
u_picorv32.picorv32_core.decoded_imm\[10\],331.185µm
net912,331.09µm
net1315,330.44µm
net331,330.33µm
_04235_,330.13µm
net763,330.09µm
clknet_5_26__leaf_clk_i,329.42µm
net366,328.985µm
net780,328.76µm
_04260_,328.02µm
u_picorv32.picorv32_core.reg_pc\[1\],328.01µm
_03905_,327.675µm
net1079,327.665µm
net12,327.385µm
_02898_,327.18µm
net637,326.95µm
net11,326.94µm
net1151,326.685µm
net1335,325.775µm
net422,325.175µm
net20,325.005µm
net1181,324.855µm
net778,324.395µm
net751,323.34µm
net523,323.255µm
u_picorv32.picorv32_core.decoded_imm\[27\],322.73µm
net54,321.67µm
_04598_,321µm
net407,320.65µm
_02798_,320.415µm
net432,319.81µm
net50,319.8µm
net1201,318.53µm
_05099_,318.2µm
net1011,317.985µm
net274,317.975µm
net101,317.47µm
net1254,315.72µm
net538,315.71µm
net395,315.575µm
net1303,315.545µm
net646,315.155µm
_03000_,314.99µm
_01609_,314.69µm
net1121,313.75µm
net232,313.57µm
_01614_,312.435µm
net243,312.32µm
u_picorv32.picorv32_core.is_lui_auipc_jal,312.115µm
net369,311.95µm
net1000,311.755µm
net528,310.23µm
u_picorv32.pcpi_rs2\[28\],310.16µm
net682,310.095µm
u_picorv32.picorv32_core.decoded_imm\[25\],310.04µm
_04941_,309.6µm
net1463,309.095µm
net1327,309.025µm
net439,308.85µm
net1245,308.795µm
net995,308.145µm
u_picorv32.pcpi_rs1\[21\],307.155µm
net352,307.075µm
u_picorv32.pcpi_rs1\[27\],305.76µm
net247,305.65µm
net1094,305.625µm
net443,305µm
net1171,304.48µm
net649,304.44µm
_02998_,303.97µm
_05726_,303.64µm
net257,303.59µm
_04090_,303.465µm
u_picorv32.picorv32_core.decoded_imm\[17\],302.735µm
_02837_,302.22µm
_04232_,301.93µm
_02822_,301.68µm
net728,301.115µm
net725,300.94µm
net1155,300.375µm
net1204,300.225µm
net1241,299.685µm
_03350_,299.52µm
net761,299.07µm
u_picorv32.picorv32_core.decoded_imm\[19\],298.865µm
net70,298.58µm
_05778_,298.11µm
net913,298.06µm
net982,297.555µm
u_picorv32.picorv32_core.decoded_imm\[18\],297.31µm
net1304,296.71µm
net779,296.7µm
u_picorv32.picorv32_core.decoded_imm\[13\],296.245µm
net535,296.195µm
net968,295.905µm
net1383,295.435µm
net262,295.34µm
net1477,294.89µm
_03001_,293.29µm
net671,293.02µm
net668,291.96µm
net459,291.775µm
net36,290.9µm
u_picorv32.picorv32_core.decoded_imm\[15\],290.66µm
_04881_,289.33µm
u_picorv32.pcpi_rs2\[21\],289.05µm
_05749_,288.1µm
u_picorv32.picorv32_core.decoded_imm\[24\],287.24µm
_02694_,287.1µm
net1395,285.5µm
net47,284.765µm
net1307,283.535µm
net785,283.175µm
net722,283.16µm
net103,282.86µm
net737,282.19µm
net756,281.705µm
u_picorv32.picorv32_core.alu_out\[18\],281.13µm
u_picorv32.pcpi_rs1\[10\],280.63µm
_05707_,280.07µm
net945,279.95µm
_02904_,279.66µm
net495,278.97µm
net1233,278.385µm
net1136,277.985µm
_01656_,277.745µm
_05215_,277.69µm
_01771_,275.87µm
u_picorv32.picorv32_core.decoded_imm_j\[3\],275.335µm
_05763_,274.89µm
net978,274.725µm
net784,274.285µm
u_picorv32.picorv32_core.reg_pc\[8\],274.21µm
net1337,274.16µm
net767,273.93µm
net487,273.62µm
net695,273.385µm
u_picorv32.pcpi_rs2\[24\],272.63µm
net1160,272.275µm
net1093,272.125µm
u_picorv32.pcpi_rs2\[15\],271.99µm
net724,271.89µm
net1078,271.585µm
net994,271.365µm
_01613_,271.09µm
net611,271.08µm
_05732_,270.78µm
net1346,270.46µm
u_picorv32.picorv32_core.decoded_imm\[29\],270.295µm
net969,270.08µm
u_picorv32.picorv32_core.mem_rdata_q\[25\],269.965µm
net871,269.74µm
u_picorv32.pcpi_rs2\[31\],269.55µm
net660,269.445µm
net511,269.35µm
net615,269.31µm
net330,269.245µm
net1438,269.18µm
net1198,268.015µm
net792,267.905µm
net1197,267.885µm
u_picorv32.picorv32_core.decoded_imm\[12\],266.475µm
net667,266.295µm
net539,266.05µm
net1013,266.04µm
net1319,265.99µm
net578,265.855µm
net1217,265.725µm
net1080,265.585µm
u_picorv32.pcpi_rs2\[18\],264.775µm
net1214,264.715µm
net1208,263.07µm
_03904_,262.64µm
_05571_,262.64µm
_05948_,262.63µm
net943,262.06µm
_05112_,261.6µm
_05009_,261.41µm
_05890_,261.225µm
net1494,261.145µm
net759,261.085µm
net1074,260.815µm
net883,260.69µm
net835,260.47µm
clknet_leaf_82_clk_i,259.25µm
net1047,259.02µm
u_picorv32.picorv32_core.reg_pc\[21\],258.975µm
net543,258.82µm
u_picorv32.pcpi_rs2\[30\],258.34µm
net1330,258.265µm
net1070,257.975µm
net1355,257.845µm
net1077,257.835µm
net828,257.635µm
_02827_,256.99µm
net1348,256.89µm
_05737_,256.57µm
_05758_,256.185µm
net1478,255.795µm
net1322,254.97µm
net979,254.92µm
u_picorv32.picorv32_core.reg_out\[26\],254.76µm
net928,254.37µm
_05593_,254.35µm
net891,253.635µm
net1341,253.36µm
_01970_,253.115µm
net416,252.84µm
u_picorv32.pcpi_rs1\[29\],252.75µm
net917,252.61µm
net692,252.585µm
net1318,252.575µm
net452,252.55µm
net442,252.025µm
net1276,251.92µm
_05706_,251.785µm
_04129_,251.615µm
net1382,250.885µm
net1149,250.45µm
net334,250.39µm
net221,250.24µm
net1321,250.23µm
net1243,250.15µm
net1052,250.075µm
_05202_,249.63µm
net684,249.495µm
net1387,249.355µm
_04956_,249.26µm
net867,249.015µm
_04109_,248.495µm
net927,248.07µm
net468,247.87µm
net760,247.78µm
net1211,247.59µm
net1203,247.385µm
_05787_,247.11µm
net1358,247.105µm
net284,246.96µm
clknet_5_20__leaf_clk_i,246.665µm
net757,246.635µm
clknet_5_24__leaf_clk_i,246.605µm
net733,246.31µm
net1369,245.675µm
net878,245.535µm
u_picorv32.pcpi_rs2\[16\],245.36µm
u_picorv32.picorv32_core.latched_rd\[2\],245.19µm
net1447,245.13µm
u_picorv32.picorv32_core.is_alu_reg_imm,244.63µm
net958,244.505µm
clknet_leaf_69_clk_i,244.505µm
u_picorv32.picorv32_core.latched_rd\[0\],244.305µm
net1158,244.295µm
clknet_5_5__leaf_clk_i,244.035µm
net1205,243.575µm
net789,243.535µm
_04528_,243.265µm
net662,242.765µm
net959,242.745µm
net889,242.575µm
net826,242.565µm
net1228,241.795µm
net1334,241.76µm
_05478_,241.09µm
net905,241.075µm
net1458,240.91µm
net1310,240.82µm
net963,240.575µm
net1253,240.005µm
net1349,239.75µm
net544,239.225µm
net647,239.11µm
_02880_,238.97µm
u_picorv32.picorv32_core.reg_pc\[20\],238.945µm
net1378,238.52µm
net412,238.47µm
net790,238.27µm
net1040,237.855µm
net817,237.595µm
net1021,237.43µm
net1374,236.96µm
net553,236.93µm
net1347,236.93µm
net1490,236.85µm
net401,236.83µm
net219,236.395µm
clknet_5_1__leaf_clk_i,236.375µm
_05047_,236.35µm
net1226,235.92µm
net900,235.82µm
net831,235.69µm
net1033,235.285µm
u_picorv32.picorv32_core.reg_pc\[31\],235.265µm
net1342,234.775µm
net244,234.74µm
net904,234.72µm
u_picorv32.picorv32_core.decoded_imm\[31\],234.57µm
net617,234.505µm
u_picorv32.picorv32_core.reg_out\[24\],234.37µm
u_picorv32.pcpi_rs2\[14\],234.23µm
net876,233.83µm
net599,233.825µm
net1386,233.815µm
net693,233.53µm
u_picorv32.picorv32_core.latched_rd\[3\],233.43µm
_03849_,233.23µm
net748,233.16µm
net755,233.05µm
net954,232.845µm
net1051,232.555µm
net1194,232.415µm
_05522_,232.35µm
_05545_,232.35µm
u_picorv32.picorv32_core.mem_rdata_q\[24\],231.895µm
u_picorv32.picorv32_core.decoded_imm_j\[2\],231.6µm
net1099,231.355µm
u_picorv32.picorv32_core.reg_pc\[17\],230.685µm
net1156,230.09µm
net1191,229.965µm
clknet_5_29__leaf_clk_i,229.91µm
net879,229.83µm
net1454,229.6µm
_05510_,229.1µm
net938,229.03µm
net946,228.835µm
_02921_,228.78µm
net1098,228.78µm
net1124,228.555µm
net1170,228.535µm
net1277,228.515µm
net909,228.29µm
_05125_,228.19µm
net1465,228.13µm
net295,227.84µm
net857,227.595µm
net613,227.545µm
net1505,226.56µm
net877,226.025µm
net895,226.005µm
net1206,225.88µm
net931,225.715µm
net714,225.68µm
_02969_,225.655µm
net1441,225.08µm
net933,225.015µm
clknet_5_8__leaf_clk_i,224.77µm
clknet_5_30__leaf_clk_i,224.58µm
net1359,224.17µm
net451,224.165µm
net1199,223.915µm
u_picorv32.pcpi_rs1\[2\],223.74µm
clknet_5_27__leaf_clk_i,223.725µm
_05495_,223.46µm
net908,223.15µm
net1255,222.9µm
clknet_leaf_80_clk_i,222.765µm
net1190,222.76µm
net275,222.6µm
net696,222.39µm
u_picorv32.picorv32_core.latched_rd\[4\],222.385µm
net666,222.365µm
u_picorv32.picorv32_core.reg_out\[23\],222.14µm
net629,222.05µm
clknet_leaf_57_clk_i,222.05µm
net1084,221.955µm
net610,221.845µm
_05800_,221.7µm
_02972_,221.59µm
_02974_,221.49µm
net1351,221.33µm
u_picorv32.pcpi_rs2\[25\],221.255µm
net252,221.14µm
u_picorv32.pcpi_rs2\[17\],221.13µm
net1365,221.08µm
u_picorv32.picorv32_core.decoded_imm\[6\],220.695µm
net901,220.49µm
clknet_5_4__leaf_clk_i,220.225µm
net930,220.165µm
_01697_,219.975µm
net940,219.96µm
clknet_5_0__leaf_clk_i,219.915µm
net245,219.54µm
net1340,219.415µm
net1193,219.11µm
net1143,218.97µm
net246,218.76µm
net633,218.665µm
u_picorv32.axi_adapter.mem_instr,218.66µm
net1356,218.615µm
_04737_,218.53µm
net689,218.435µm
clknet_leaf_97_clk_i,218.35µm
net772,218.34µm
net1390,218.29µm
_02615_,217.81µm
net955,217.565µm
net769,217.545µm
net1157,216.64µm
net842,216.32µm
net1453,216.305µm
net342,215.455µm
net1468,214.905µm
net598,214.86µm
net1368,214.65µm
net1163,214.52µm
u_picorv32.pcpi_rs2\[9\],214.445µm
net923,214.325µm
clknet_leaf_72_clk_i,214.21µm
clknet_5_16__leaf_clk_i,214.17µm
u_picorv32.picorv32_core.instr_jalr,213.605µm
u_picorv32.picorv32_core.reg_pc\[14\],213.415µm
_02796_,213.39µm
clknet_5_31__leaf_clk_i,213.075µm
net1166,212.875µm
net881,211.845µm
net863,211.685µm
net1036,211.535µm
net1147,211.295µm
net636,210.355µm
clknet_leaf_81_clk_i,210.355µm
net981,209.975µm
net399,209.93µm
net915,209.805µm
net1222,209.69µm
net634,209.525µm
_05280_,209.41µm
net962,209.28µm
net1264,208.78µm
net1154,208.345µm
net1361,208.075µm
net729,208.01µm
u_picorv32.picorv32_core.decoded_imm\[0\],207.875µm
net892,207.17µm
net1200,207.12µm
net980,206.975µm
net1370,206.705µm
_05896_,206.295µm
net643,206.285µm
net333,206.16µm
net1018,205.995µm
_00030_,205.95µm
net691,205.83µm
net821,205.68µm
net886,205.515µm
clknet_5_18__leaf_clk_i,205.35µm
net1353,205.255µm
net866,205.245µm
net974,204.89µm
clknet_leaf_63_clk_i,204.83µm
clknet_leaf_47_clk_i,204.745µm
net655,204.74µm
u_picorv32.pcpi_rs2\[5\],204.61µm
net949,204.595µm
clknet_5_25__leaf_clk_i,204.53µm
u_picorv32.pcpi_rs2\[4\],203.85µm
net897,203.06µm
net1224,203.03µm
_01420_,202.99µm
clknet_5_15__leaf_clk_i,202.7µm
net1202,202.6µm
net1391,202.285µm
net1377,202.23µm
net1363,202.06µm
_04039_,201.75µm
net360,201.67µm
net914,201.355µm
net1336,201.35µm
u_picorv32.pcpi_rs2\[13\],200.94µm
clknet_leaf_27_clk_i,200.925µm
net1443,200.86µm
_01704_,200.775µm
net404,200.52µm
_01935_,200.375µm
net1457,200.185µm
_02915_,199.99µm
net554,199.9µm
net872,199.785µm
net744,199.65µm
net1239,199.415µm
net1373,199.33µm
_02911_,199.11µm
net685,198.96µm
net870,198.775µm
clknet_leaf_19_clk_i,198.215µm
net1487,198.15µm
u_picorv32.pcpi_rs1\[4\],197.985µm
net841,197.93µm
net415,197.9µm
net324,197.78µm
clknet_leaf_12_clk_i,197.74µm
clknet_5_9__leaf_clk_i,197.73µm
clknet_leaf_92_clk_i,197.7µm
clknet_leaf_128_clk_i,197.38µm
net746,197.235µm
_05405_,197.22µm
u_picorv32.picorv32_core.decoded_imm_j\[5\],196.94µm
net1072,196.88µm
net1104,196.835µm
net607,196.66µm
net288,196.615µm
net818,196.525µm
u_picorv32.picorv32_core.reg_out\[22\],196.435µm
net1048,196.335µm
net957,196.3µm
net1096,196.11µm
net321,195.75µm
net920,195.61µm
net639,195.54µm
net951,195.52µm
net1030,195.51µm
clknet_leaf_126_clk_i,195.24µm
net323,195.02µm
net764,194.935µm
_01775_,194.705µm
clknet_leaf_54_clk_i,194.47µm
net798,194.435µm
_05061_,194.4µm
net612,194.39µm
net1172,194.3µm
clknet_leaf_91_clk_i,194.235µm
u_picorv32.pcpi_rs2\[0\],194.155µm
net874,194.065µm
net762,193.79µm
net287,193.75µm
_05415_,193.605µm
net322,193.47µm
clknet_leaf_18_clk_i,193.23µm
net990,193.025µm
_01962_,192.4µm
_05352_,192.4µm
net659,192.155µm
_04998_,192.07µm
net1452,192µm
_05384_,191.95µm
net885,191.91µm
clknet_leaf_78_clk_i,191.685µm
u_picorv32.picorv32_core.decoded_imm\[5\],191.665µm
clknet_leaf_11_clk_i,191.6µm
net1120,191.535µm
_05203_,191.43µm
net1029,191.41µm
net829,191.305µm
net3179,191.23µm
net1251,190.825µm
net1475,190.815µm
u_picorv32.picorv32_core.reg_pc\[13\],190.235µm
u_picorv32.picorv32_core.reg_out\[19\],190µm
u_picorv32.picorv32_core.instr_ori,189.985µm
net1473,189.93µm
_04064_,189.85µm
clknet_5_13__leaf_clk_i,189.695µm
clknet_leaf_3_clk_i,189.6µm
_05332_,189.54µm
net1231,189.2µm
net1366,189.055µm
net721,188.65µm
u_picorv32.picorv32_core.latched_rd\[1\],188.61µm
clknet_5_7__leaf_clk_i,188.6µm
_02899_,188.52µm
clknet_5_19__leaf_clk_i,188.47µm
net1396,188.24µm
u_picorv32.picorv32_core.count_cycle\[61\],188.19µm
clknet_leaf_86_clk_i,188.13µm
net768,188.045µm
net925,188.025µm
clknet_leaf_121_clk_i,188.025µm
net1400,187.98µm
clknet_5_22__leaf_clk_i,187.93µm
net998,187.5µm
net1135,187.465µm
net1372,187.395µm
clknet_leaf_112_clk_i,187.25µm
net670,186.98µm
u_picorv32.picorv32_core.reg_pc\[6\],186.935µm
net542,186.82µm
u_picorv32.picorv32_core.latched_is_lb,186.785µm
net903,186.73µm
net630,186.7µm
_05373_,186.61µm
clknet_5_21__leaf_clk_i,186.505µm
clknet_leaf_123_clk_i,186.425µm
net717,186.095µm
clknet_leaf_129_clk_i,186.08µm
net677,185.96µm
net347,185.95µm
_01967_,185.925µm
net942,185.85µm
net217,185.49µm
net1344,185.245µm
clknet_leaf_51_clk_i,185.115µm
net1469,185.06µm
net608,184.88µm
clknet_leaf_90_clk_i,184.795µm
net1451,184.415µm
net1015,184.26µm
u_picorv32.pcpi_rs1\[1\],184.21µm
net736,183.81µm
_02990_,183.715µm
u_picorv32.picorv32_core.reg_pc\[19\],183.3µm
net1117,183.3µm
net1044,183.27µm
_05087_,183.26µm
clknet_leaf_108_clk_i,183.075µm
net571,183.065µm
clknet_leaf_125_clk_i,183.06µm
_05345_,182.88µm
u_picorv32.pcpi_rs2\[8\],182.595µm
clknet_leaf_76_clk_i,182.595µm
net1146,182.56µm
u_picorv32.pcpi_rs1\[28\],182.23µm
_05466_,182.1µm
net1302,181.98µm
clknet_leaf_117_clk_i,181.95µm
_01919_,181.78µm
_05048_,181.75µm
u_picorv32.picorv32_core.reg_pc\[30\],181.59µm
_04672_,181.535µm
net888,181.465µm
_01931_,181.04µm
clknet_leaf_113_clk_i,180.93µm
clknet_5_23__leaf_clk_i,180.745µm
net681,180.67µm
net1221,180.63µm
net1376,180.575µm
_02905_,180.51µm
net600,180.46µm
u_picorv32.picorv32_core.decoded_imm_j\[13\],180.415µm
clknet_5_17__leaf_clk_i,180.355µm
clknet_leaf_70_clk_i,180.32µm
_03339_,180.04µm
clknet_leaf_15_clk_i,179.95µm
_05216_,179.8µm
net1106,179.785µm
net1092,179.7µm
clknet_leaf_66_clk_i,178.95µm
u_picorv32.picorv32_core.decoded_imm_j\[14\],178.775µm
net1175,178.595µm
_05190_,178.59µm
_01920_,178.48µm
net1017,178.255µm
_05696_,178.23µm
clknet_5_2__leaf_clk_i,178.205µm
clknet_leaf_88_clk_i,178.17µm
u_picorv32.picorv32_core.decoded_imm\[3\],177.975µm
clknet_leaf_56_clk_i,177.9µm
net1485,177.715µm
net922,177.705µm
_05152_,177.69µm
net362,177.54µm
_05060_,177.3µm
net1220,177.25µm
_05776_,176.94µm
net1445,176.905µm
net1130,176.88µm
net3162,176.86µm
_05459_,176.77µm
u_picorv32.picorv32_core.decoded_imm\[4\],176.75µm
clknet_leaf_119_clk_i,176.66µm
net873,176.465µm
u_picorv32.pcpi_rs1\[0\],176.46µm
clknet_leaf_133_clk_i,176.385µm
clknet_leaf_32_clk_i,176.245µm
_02991_,176.225µm
u_picorv32.picorv32_core.instr_or,176.205µm
net1152,176.07µm
net715,175.865µm
clknet_leaf_10_clk_i,175.795µm
net812,175.785µm
u_picorv32.picorv32_core.is_lb_lh_lw_lbu_lhu,175.77µm
clknet_leaf_99_clk_i,175.645µm
clknet_leaf_115_clk_i,175.625µm
clknet_leaf_93_clk_i,175.55µm
net1414,175.41µm
u_picorv32.picorv32_core.alu_out_q\[17\],175.08µm
net141,175.01µm
net1429,174.93µm
net1394,174.81µm
net1050,174.49µm
net1252,174.27µm
net1398,174.185µm
net808,174.135µm
clknet_leaf_116_clk_i,173.965µm
_05797_,173.64µm
_05748_,173.37µm
_01941_,173.265µm
net1144,173.2µm
u_picorv32.picorv32_core.alu_out_q\[16\],173.18µm
u_picorv32.pcpi_rs2\[7\],173.085µm
u_picorv32.picorv32_core.mem_wordsize\[1\],173.025µm
net1362,172.875µm
net924,172.315µm
net256,172.205µm
net635,172.205µm
clknet_leaf_34_clk_i,172.195µm
clknet_leaf_55_clk_i,171.89µm
u_picorv32.picorv32_core.alu_out\[31\],171.86µm
net3164,171.68µm
clknet_leaf_114_clk_i,171.63µm
clknet_leaf_79_clk_i,171.105µm
net1101,171.095µm
u_picorv32.picorv32_core.decoded_imm_j\[12\],171.01µm
u_picorv32.pcpi_rs2\[11\],170.905µm
clknet_leaf_96_clk_i,170.8µm
net1180,170.38µm
net1486,169.885µm
net1406,169.865µm
net961,169.74µm
_01774_,169.73µm
clknet_leaf_89_clk_i,169.695µm
clknet_leaf_24_clk_i,169.67µm
_02345_,169.555µm
clknet_leaf_52_clk_i,169.53µm
net1343,169.49µm
net1169,169.285µm
clknet_leaf_22_clk_i,169.2µm
net1432,168.99µm
net796,168.7µm
clknet_5_28__leaf_clk_i,168.69µm
net1001,168.46µm
net1112,168.45µm
_02938_,168.395µm
net825,168.39µm
_01922_,168.325µm
clknet_leaf_87_clk_i,168.255µm
net1456,168.14µm
_05594_,168.13µm
clknet_leaf_53_clk_i,168.02µm
net3169,167.83µm
clknet_leaf_127_clk_i,167.815µm
clknet_leaf_130_clk_i,167.71µm
_05178_,167.46µm
_05165_,167.31µm
clknet_leaf_61_clk_i,167.275µm
net255,167.205µm
clknet_leaf_38_clk_i,167.185µm
net450,167.135µm
net3155,166.75µm
clknet_leaf_60_clk_i,166.71µm
_02611_,166.635µm
_01927_,166.555µm
clknet_leaf_40_clk_i,166.395µm
net1352,166.38µm
clknet_leaf_26_clk_i,166.34µm
net1306,166.245µm
net566,165.99µm
net907,165.89µm
net548,165.885µm
clknet_leaf_5_clk_i,165.845µm
u_picorv32.picorv32_core.latched_stalu,165.79µm
clknet_leaf_77_clk_i,165.575µm
u_picorv32.picorv32_core.latched_is_lh,165.555µm
clknet_leaf_42_clk_i,165.2µm
_04369_,165.13µm
_02861_,165.065µm
_02922_,165.02µm
net1249,164.73µm
u_picorv32.picorv32_core.is_beq_bne_blt_bge_bltu_bgeu,164.41µm
net603,164.41µm
net590,164.31µm
net605,164.15µm
_05446_,163.98µm
u_picorv32.pcpi_rs1\[6\],163.92µm
clknet_leaf_28_clk_i,163.865µm
net827,163.835µm
net921,163.695µm
clknet_leaf_118_clk_i,163.64µm
net1492,163.635µm
net1218,163.5µm
net1150,163.45µm
net1480,163.275µm
_04062_,163.15µm
u_picorv32.picorv32_core.reg_pc\[23\],162.965µm
net570,162.945µm
clknet_leaf_48_clk_i,162.89µm
_05242_,162.795µm
clknet_leaf_2_clk_i,162.76µm
net3175,162.73µm
net1196,162.685µm
clknet_leaf_107_clk_i,162.66µm
net363,162.62µm
u_picorv32.pcpi_rs2\[3\],162.53µm
net899,162.505µm
clknet_leaf_39_clk_i,162.27µm
_02916_,162.205µm
clknet_leaf_101_clk_i,162.155µm
_02089_,162.055µm
_01809_,162.04µm
_05347_,162µm
net1479,161.82µm
clknet_leaf_131_clk_i,161.745µm
_05348_,161.67µm
net1215,161.62µm
clknet_leaf_36_clk_i,161.53µm
clknet_leaf_106_clk_i,161.52µm
clknet_leaf_95_clk_i,161.425µm
_02892_,161.18µm
net698,161.165µm
net1312,161.075µm
net727,161.025µm
_05893_,161µm
_04644_,160.8µm
clknet_leaf_35_clk_i,160.57µm
net638,160.5µm
net1003,160.44µm
clknet_leaf_62_clk_i,160.38µm
_05560_,160.135µm
net1090,160.11µm
_05609_,159.655µm
clknet_5_3__leaf_clk_i,159.52µm
net253,159.5µm
clknet_leaf_17_clk_i,159.355µm
net679,159.345µm
net1037,159.28µm
_04113_,159.135µm
clknet_leaf_111_clk_i,158.805µm
u_picorv32.picorv32_core.reg_out\[20\],158.79µm
clknet_leaf_122_clk_i,158.74µm
net427,158.41µm
clknet_leaf_103_clk_i,158.41µm
net1129,158.275µm
net1501,158.275µm
net657,158.2µm
net2,158.06µm
net688,158.03µm
clknet_leaf_41_clk_i,157.94µm
net1433,157.925µm
net971,157.915µm
_05191_,157.74µm
clknet_leaf_67_clk_i,157.535µm
u_picorv32.pcpi_rs2\[10\],157.39µm
_02474_,157.37µm
_01988_,157.16µm
clknet_leaf_98_clk_i,157.14µm
net1039,157.065µm
net810,156.975µm
clknet_5_10__leaf_clk_i,156.81µm
net809,156.795µm
net1489,156.72µm
clknet_leaf_124_clk_i,156.64µm
u_picorv32.picorv32_core.reg_pc\[7\],156.63µm
net305,156.445µm
net953,156.345µm
net642,156.32µm
_05364_,156.02µm
net702,155.99µm
net152,155.935µm
clknet_leaf_110_clk_i,155.915µm
_04168_,155.89µm
net261,155.74µm
clknet_leaf_75_clk_i,155.22µm
clknet_leaf_30_clk_i,155.075µm
_03112_,155.055µm
net1389,154.835µm
clknet_leaf_100_clk_i,154.74µm
net1493,154.685µm
net446,154.68µm
net171,154.665µm
_01850_,154.64µm
clknet_leaf_46_clk_i,154.465µm
net3177,154.46µm
net1188,154.405µm
_03995_,154.1µm
net1016,153.99µm
net1420,153.91µm
clknet_leaf_104_clk_i,153.78µm
net804,153.645µm
net1122,153.58µm
_05599_,153.495µm
net1173,153.465µm
clknet_leaf_85_clk_i,153.41µm
clknet_leaf_13_clk_i,153.355µm
clknet_leaf_50_clk_i,152.79µm
u_picorv32.picorv32_core.mem_rdata_q\[2\],152.625µm
_05658_,152.6µm
_05633_,152.31µm
net270,152.26µm
clknet_leaf_7_clk_i,152.185µm
clknet_leaf_105_clk_i,152.185µm
net602,152.065µm
clknet_5_14__leaf_clk_i,151.89µm
net160,151.74µm
net348,151.68µm
clknet_5_11__leaf_clk_i,151.64µm
net936,151.62µm
net1076,151.485µm
_04502_,151.33µm
_03089_,151.275µm
_02616_,151.255µm
net228,151.225µm
net3141,151.21µm
net1444,150.895µm
net320,150.815µm
_05164_,150.61µm
net1045,150.61µm
_05575_,150.05µm
_05856_,150.03µm
_05799_,149.95µm
clknet_leaf_25_clk_i,149.835µm
net973,149.81µm
net661,149.685µm
_05241_,149.64µm
net1139,149.51µm
u_picorv32.picorv32_core.reg_pc\[5\],149.36µm
_05229_,149.35µm
clknet_leaf_120_clk_i,149.315µm
net1419,149.2µm
net552,149.175µm
net697,148.845µm
_02868_,148.71µm
net606,148.645µm
net534,148.375µm
clknet_leaf_84_clk_i,148.285µm
net503,148.26µm
net447,148.155µm
_04984_,148.13µm
clknet_leaf_73_clk_i,148.04µm
net1488,147.69µm
net194,147.67µm
net680,147.585µm
net1367,147.565µm
clknet_leaf_1_clk_i,147.53µm
_05035_,147.5µm
net1411,147.415µm
net884,147.41µm
net540,147.4µm
u_picorv32.pcpi_rs1\[15\],147.31µm
u_picorv32.picorv32_core.reg_out\[30\],147.26µm
net743,147.175µm
clknet_leaf_6_clk_i,146.975µm
clknet_leaf_68_clk_i,146.85µm
_01969_,146.495µm
clknet_5_12__leaf_clk_i,146.435µm
clknet_leaf_74_clk_i,146.29µm
u_picorv32.picorv32_core.reg_pc\[29\],146.085µm
u_picorv32.picorv32_core.mem_rdata_q\[27\],146.05µm
net1428,145.95µm
net1491,145.87µm
u_picorv32.picorv32_core.instr_srai,145.825µm
_06001_,145.81µm
clknet_leaf_9_clk_i,145.785µm
_01937_,145.73µm
u_picorv32.picorv32_core.count_cycle\[21\],145.3µm
net985,145.16µm
clknet_leaf_71_clk_i,145.06µm
u_picorv32.picorv32_core.mem_rdata_q\[22\],145µm
u_picorv32.picorv32_core.reg_out\[21\],144.9µm
clknet_leaf_102_clk_i,144.87µm
u_picorv32.picorv32_core.is_sb_sh_sw,144.585µm
net731,144.55µm
net1449,144.525µm
net1474,144.5µm
_02115_,144.37µm
net597,144.235µm
net3157,144.15µm
clknet_leaf_64_clk_i,144µm
clknet_leaf_37_clk_i,143.99µm
net1257,143.805µm
u_picorv32.picorv32_core.reg_pc\[22\],143.79µm
net3150,143.71µm
net230,143.405µm
net1470,143.36µm
_05785_,143.35µm
net807,143.31µm
net587,143.28µm
_05622_,143.18µm
clknet_leaf_31_clk_i,143.165µm
net550,143.125µm
net819,143.05µm
net644,142.845µm
_02804_,142.79µm
net1161,142.785µm
net1402,142.765µm
net132,142.76µm
net1005,142.74µm
clknet_leaf_132_clk_i,142.645µm
clknet_leaf_4_clk_i,142.615µm
clknet_leaf_23_clk_i,142.6µm
clknet_leaf_20_clk_i,142.54µm
net1127,142.51µm
clknet_leaf_109_clk_i,142.495µm
_05878_,142.465µm
_03183_,142.175µm
net1102,142.055µm
net656,141.94µm
_00002_,141.85µm
_05431_,141.85µm
clknet_leaf_49_clk_i,141.825µm
net176,141.645µm
net1466,141.56µm
clknet_leaf_44_clk_i,141.475µm
net9,141.14µm
net815,140.915µm
u_picorv32.picorv32_core.mem_rdata_q\[26\],140.885µm
net1339,140.725µm
net1012,140.71µm
net1111,140.59µm
net802,140.555µm
net146,140.545µm
net1182,140.48µm
net1484,140.375µm
net1075,140.355µm
clknet_leaf_8_clk_i,140.215µm
net210,140.13µm
net173,139.79µm
net683,139.72µm
net1027,139.63µm
net1385,139.535µm
clknet_5_6__leaf_clk_i,139.45µm
net869,139.25µm
_04046_,139.15µm
clknet_leaf_33_clk_i,139.12µm
u_picorv32.picorv32_core.alu_out\[15\],139.11µm
net1496,139.075µm
net820,138.68µm
u_picorv32.picorv32_core.instr_rdinstr,138.475µm
net882,138.44µm
net937,138.38µm
clknet_leaf_43_clk_i,138.305µm
_05597_,138.295µm
net614,138.135µm
_05997_,138.12µm
u_picorv32.picorv32_core.alu_out_q\[19\],138.01µm
net645,137.955µm
clknet_leaf_16_clk_i,137.895µm
_05783_,137.57µm
clknet_leaf_83_clk_i,137.4µm
net162,137.35µm
net314,137.31µm
net944,137.03µm
net712,136.975µm
u_picorv32.picorv32_core.is_alu_reg_reg,136.955µm
net3173,136.87µm
_01545_,136.85µm
_05995_,136.8µm
net648,136.56µm
_04641_,136.33µm
net1187,136.295µm
u_picorv32.picorv32_core.reg_out\[17\],136.16µm
u_picorv32.picorv32_core.instr_xori,135.86µm
net1184,135.645µm
_02793_,135.63µm
net1471,135.615µm
_04927_,135.56µm
net1014,135.255µm
_05937_,135.19µm
_03639_,135.06µm
net890,134.975µm
_01974_,134.94µm
net3167,134.89µm
_01551_,134.76µm
_05898_,134.745µm
net1028,134.71µm
net206,134.45µm
net1407,134.41µm
net315,134.335µm
net1354,134.305µm
net260,134.165µm
u_picorv32.picorv32_core.reg_pc\[15\],134.06µm
_01403_,133.86µm
net1500,133.84µm
_05711_,133.83µm
_05928_,133.81µm
net1024,133.615µm
net1450,133.48µm
clknet_leaf_0_clk_i,133.26µm
clknet_leaf_65_clk_i,133.24µm
net1223,133.165µm
u_picorv32.picorv32_core.reg_out\[7\],132.405µm
net144,132.405µm
net1270,132.33µm
_02108_,132.005µm
_05644_,131.96µm
_01549_,131.805µm
net814,131.695µm
net304,131.475µm
net741,131.435µm
u_picorv32.picorv32_core.alu_out\[27\],131.22µm
net993,131.195µm
net1008,131.165µm
net586,131.065µm
net308,131.03µm
net911,130.995µm
net1213,130.925µm
net183,130.875µm
_02950_,130.69µm
net1246,130.65µm
net1225,130.615µm
net797,130.355µm
u_picorv32.picorv32_core.alu_out\[14\],130.2µm
_05993_,130.15µm
net157,130.02µm
u_picorv32.picorv32_core.instr_sra,130.005µm
net1107,129.795µm
clknet_leaf_21_clk_i,129.68µm
net987,129.455µm
net565,129.33µm
net1020,129.295µm
net309,128.735µm
_05685_,128.7µm
clknet_leaf_29_clk_i,128.69µm
net1401,128.66µm
net816,128.625µm
net435,128.54µm
_02808_,128.48µm
_03381_,128.445µm
net156,128.405µm
net588,128.18µm
net1128,128.13µm
net1114,128.125µm
net1256,128.03µm
net676,127.965µm
net1404,127.93µm
_01940_,127.89µm
net212,127.89µm
net10,127.67µm
u_picorv32.picorv32_core.decoded_imm_j\[1\],127.41µm
_02871_,127.4µm
_01672_,127.38µm
net1446,127.275µm
net1430,127.185µm
_05774_,127.05µm
_05999_,126.885µm
_02149_,126.72µm
clknet_leaf_14_clk_i,126.715µm
net454,126.615µm
u_picorv32.picorv32_core.cpu_state\[1\],126.595µm
net1467,126.245µm
net1427,125.925µm
net426,125.875µm
net273,125.785µm
net222,125.765µm
net665,125.765µm
net237,125.745µm
net259,125.68µm
net919,125.68µm
net1380,125.605µm
u_picorv32.picorv32_core.alu_out\[11\],125.44µm
net549,125.36µm
_05672_,125.34µm
u_picorv32.picorv32_core.reg_out\[0\],125.26µm
_03392_,125.145µm
_05761_,125.11µm
net191,125.03µm
net706,124.8µm
net896,124.61µm
_03948_,124.57µm
_05725_,124.34µm
net1095,124.325µm
net687,124.2µm
net935,123.835µm
net179,123.45µm
net976,123.445µm
_01784_,123.4µm
net532,123.355µm
_05546_,123.19µm
clknet_leaf_45_clk_i,123.185µm
_04171_,123.13µm
_05255_,123.01µm
u_picorv32.picorv32_core.reg_pc\[25\],122.99µm
net690,122.95µm
net265,122.78µm
net1409,122.745µm
net694,122.675µm
net640,122.525µm
u_picorv32.picorv32_core.instr_bge,122.51µm
net1392,122.49µm
net188,122.385µm
u_picorv32.picorv32_core.mem_rdata_q\[28\],122.37µm
net788,122.205µm
net1002,122.18µm
net1384,122.105µm
net182,122.05µm
net164,122.005µm
_05034_,121.98µm
clknet_leaf_94_clk_i,121.97µm
u_picorv32.picorv32_core.alu_out\[26\],121.83µm
net1417,121.795µm
net1140,121.705µm
_05710_,121.68µm
net8,121.465µm
net1031,121.4µm
_04379_,121.165µm
net208,121.135µm
net1023,121.06µm
_03373_,120.725µm
net1435,120.67µm
net1434,120.62µm
net745,120.61µm
_03532_,120.6µm
net1183,120.58µm
net187,120.435µm
_05712_,120.3µm
_02143_,120.29µm
net172,120.125µm
net795,120.125µm
net184,119.885µm
net674,119.82µm
net678,119.76µm
net1100,119.625µm
_02131_,119.405µm
net658,119.385µm
_01548_,119.35µm
net180,119.35µm
net143,119.275µm
_05917_,119.17µm
net1113,119.17µm
net1186,119.015µm
net1503,118.915µm
_02864_,118.69µm
u_picorv32.picorv32_core.count_instr\[34\],118.675µm
net934,118.475µm
net1046,118.475µm
net417,118.465µm
net169,118.455µm
net438,118.4µm
_03122_,118.335µm
net1232,118.245µm
net811,118.205µm
_01627_,118.12µm
net224,117.915µm
_02838_,117.34µm
net1042,117.29µm
_01997_,117.225µm
net236,117.17µm
net220,117.08µm
u_picorv32.picorv32_core.decoded_imm_j\[19\],116.98µm
net1032,116.915µm
u_picorv32.picorv32_core.alu_out_q\[0\],116.85µm
_02167_,116.84µm
net997,116.81µm
net1227,116.745µm
net1115,116.72µm
u_picorv32.picorv32_core.mem_rdata_q\[21\],116.645µm
_05022_,116.31µm
net555,116.11µm
net533,115.995µm
net306,115.96µm
net1019,115.895µm
_05724_,115.81µm
net201,115.685µm
_02272_,115.68µm
net429,115.56µm
net317,115.505µm
u_picorv32.picorv32_core.count_cycle\[38\],115.285µm
u_picorv32.pcpi_rs1\[5\],115.2µm
net189,115.195µm
net455,115.15µm
net965,115.125µm
_05010_,115.1µm
net1388,115.045µm
net622,114.935µm
net204,114.91µm
net1345,114.865µm
net1178,114.495µm
net592,114.375µm
clknet_leaf_58_clk_i,114.19µm
net200,114.095µm
_02325_,113.985µm
_05974_,113.95µm
net747,113.92µm
u_picorv32.picorv32_core.decoded_imm_j\[17\],113.895µm
net609,113.87µm
_01936_,113.72µm
u_picorv32.picorv32_core.count_instr\[15\],113.66µm
net960,113.66µm
_01966_,113.52µm
u_picorv32.pcpi_rs2\[2\],113.42µm
net248,113.415µm
net213,113.18µm
_05916_,113.04µm
net302,113.025µm
net1460,112.96µm
net168,112.78µm
net720,112.7µm
_05991_,112.365µm
net1209,112.31µm
net196,111.935µm
net229,111.785µm
_04433_,111.72µm
_02199_,111.62µm
_05853_,111.52µm
_04193_,111.48µm
net699,111.46µm
_03099_,111.405µm
u_picorv32.picorv32_core.mem_rdata_q\[29\],111.305µm
_02944_,111.24µm
net988,111.13µm
u_picorv32.picorv32_core.decoded_imm\[2\],111.115µm
net568,111.095µm
clknet_4_4_0_clk_i,111.02µm
net170,111.015µm
_05780_,110.995µm
net710,110.99µm
net711,110.95µm
net1138,110.905µm
net425,110.87µm
net805,110.87µm
u_picorv32.picorv32_core.alu_out\[7\],110.85µm
net537,110.82µm
net431,110.765µm
u_picorv32.pcpi_rs2\[6\],110.695µm
net448,110.635µm
net215,110.595µm
net650,110.335µm
net952,110.275µm
u_picorv32.picorv32_core.count_cycle\[36\],110µm
net318,109.955µm
net165,109.95µm
net1004,109.95µm
net205,109.885µm
net159,109.865µm
u_picorv32.picorv32_core.mem_rdata_q\[20\],109.82µm
net233,109.805µm
net906,109.7µm
net1229,109.505µm
net234,109.39µm
_05587_,109.38µm
_04377_,109.23µm
net421,108.98µm
net1088,108.945µm
net641,108.69µm
net1263,108.645µm
u_picorv32.picorv32_core.reg_pc\[12\],108.63µm
net420,108.575µm
net1142,108.5µm
net235,108.495µm
_05746_,108.48µm
_02331_,108.435µm
net226,108.43µm
net195,108.36µm
net155,108.34µm
_05319_,108.105µm
net1179,108.075µm
_01400_,107.94µm
_04852_,107.94µm
net266,107.885µm
net316,107.885µm
_02902_,107.74µm
_02887_,107.72µm
net174,107.655µm
u_picorv32.picorv32_core.alu_out\[10\],107.64µm
net1086,107.555µm
net424,107.55µm
net1133,107.29µm
net227,107.225µm
_05989_,107.17µm
net166,107.055µm
net726,107.05µm
net1397,107.01µm
net593,106.725µm
_02832_,106.56µm
net705,106.52µm
net1265,106.495µm
u_picorv32.picorv32_core.alu_out\[13\],106.4µm
net319,106.39µm
_02612_,106.15µm
u_picorv32.pcpi_rs2\[12\],106.15µm
net1412,106.15µm
net898,106.13µm
net1431,106.12µm
net1371,105.94µm
net1123,105.84µm
net1502,105.835µm
_02490_,105.745µm
net419,105.64µm
net1026,105.635µm
u_picorv32.picorv32_core.reg_out\[2\],105.61µm
net589,105.595µm
net186,105.48µm
net153,105.395µm
_02983_,105.31µm
_02372_,105.29µm
net1442,105.285µm
_02962_,105.12µm
net263,105.115µm
net910,104.965µm
u_picorv32.picorv32_core.alu_out\[22\],104.95µm
_02843_,104.87µm
net1360,104.78µm
_01689_,104.76µm
net258,104.745µm
net1131,104.555µm
net1038,104.44µm
u_picorv32.picorv32_core.count_instr\[16\],104.425µm
net250,104.3µm
net1176,104.28µm
_03379_,104.185µm
_03038_,104.13µm
_03004_,104.06µm
_02252_,104.01µm
net1056,103.95µm
net1116,103.89µm
_02367_,103.845µm
net992,103.735µm
net1437,103.625µm
net1167,103.57µm
net251,103.56µm
net158,103.55µm
net735,103.545µm
u_picorv32.picorv32_core.decoded_imm_j\[9\],103.43µm
_03489_,103.425µm
net178,103.365µm
_01944_,103.21µm
_05976_,103.15µm
net147,103.06µm
_01885_,102.955µm
_03363_,102.94µm
net519,102.85µm
_03085_,102.83µm
net1425,102.82µm
net950,102.805µm
net181,102.74µm
net1240,102.685µm
net1108,102.585µm
net1415,102.515µm
net887,102.51µm
clknet_4_14_0_clk_i,102.44µm
_02965_,102.42µm
_01739_,102.285µm
u_picorv32.picorv32_core.reg_out\[18\],102.21µm
net311,101.9µm
net734,101.795µm
net1399,101.555µm
clknet_4_10_0_clk_i,101.375µm
_02978_,101.3µm
u_picorv32.picorv32_core.count_instr\[35\],101.3µm
net1238,101.27µm
_02957_,101.12µm
net1034,101.085µm
u_picorv32.picorv32_core.decoded_imm_j\[8\],100.99µm
net430,100.99µm
_01670_,100.93µm
u_picorv32.pcpi_rs1\[3\],100.93µm
clknet_leaf_59_clk_i,100.825µm
_01587_,100.63µm
clknet_4_11_0_clk_i,100.595µm
net546,100.59µm
net203,100.53µm
net1462,100.425µm
net531,100.265µm
net984,100.26µm
net1134,100.22µm
_02562_,100.15µm
net303,99.88µm
_03431_,99.785µm
net313,99.74µm
net1413,99.71µm
net271,99.66µm
net1498,99.64µm
_03119_,99.535µm
net175,99.425µm
net456,99.255µm
_05254_,99.02µm
_03865_,98.96µm
net1375,98.96µm
u_picorv32.picorv32_core.count_instr\[9\],98.92µm
u_picorv32.picorv32_core.instr_andi,98.85µm
_03435_,98.805µm
clknet_4_8_0_clk_i,98.785µm
clknet_4_12_0_clk_i,98.745µm
u_picorv32.picorv32_core.instr_sb,98.735µm
net269,98.66µm
net428,98.66µm
net150,98.585µm
net1461,98.545µm
u_picorv32.picorv32_core.count_instr\[8\],98.53µm
net823,98.475µm
net149,98.3µm
net875,98.055µm
u_picorv32.picorv32_core.count_instr\[13\],98µm
_01671_,97.85µm
_01767_,97.79µm
_02908_,97.695µm
u_picorv32.picorv32_core.count_instr\[19\],97.625µm
net970,97.625µm
clknet_4_6_0_clk_i,97.525µm
_02247_,97.515µm
_05849_,97.385µm
u_picorv32.picorv32_core.mem_rdata_q\[23\],97.375µm
_01812_,97.36µm
net585,97.15µm
net433,96.9µm
net986,96.855µm
net193,96.85µm
u_picorv32.picorv32_core.mem_do_prefetch,96.74µm
net623,96.655µm
net569,96.56µm
net1148,96.54µm
net803,96.535µm
net241,96.48µm
_05866_,96.405µm
net145,96.36µm
net1212,96.305µm
_02551_,96.24µm
_05450_,95.795µm
net972,95.77µm
net1338,95.655µm
_02394_,95.65µm
net202,95.63µm
net941,95.615µm
u_picorv32.picorv32_core.decoded_imm_j\[7\],95.56µm
u_picorv32.picorv32_core.decoded_imm\[21\],95.53µm
_05850_,95.46µm
clknet_4_1_0_clk_i,95.41µm
net1455,95.255µm
_03643_,95.195µm
_01903_,95.11µm
_02147_,95.05µm
_02876_,95.05µm
_03396_,95.03µm
clknet_4_5_0_clk_i,95.005µm
_01886_,94.93µm
net1025,94.84µm
_02613_,94.81µm
_01754_,94.805µm
_02254_,94.8µm
_01573_,94.775µm
net1145,94.58µm
net1164,94.575µm
_02047_,94.495µm
_02166_,94.42µm
_02730_,94.37µm
net7,94.35µm
net765,94.275µm
net947,94.21µm
net723,94.15µm
clknet_4_13_0_clk_i,94.14µm
net1504,94.065µm
net1268,94.01µm
_03268_,93.99µm
net185,93.595µm
_04061_,93.54µm
net868,93.445µm
net154,93.385µm
_02891_,93.31µm
_02882_,93.26µm
net1379,93.2µm
_05281_,93.07µm
_01687_,92.995µm
_02833_,92.95µm
_03648_,92.905µm
_02539_,92.8µm
_03401_,92.725µm
_02698_,92.53µm
_01550_,92.49µm
net1247,92.48µm
_01547_,92.42µm
u_picorv32.picorv32_core.decoded_imm_j\[18\],92.4µm
_05608_,92.355µm
_01594_,92.25µm
net594,92.095µm
u_picorv32.picorv32_core.count_cycle\[32\],92.06µm
net1085,91.96µm
u_picorv32.picorv32_core.count_instr\[14\],91.905µm
_04813_,91.895µm
net268,91.59µm
net142,91.56µm
_05946_,91.38µm
net1271,91.375µm
net926,91.36µm
u_picorv32.picorv32_core.decoded_imm_j\[10\],91.355µm
u_picorv32.picorv32_core.mem_rdata_q\[30\],91.29µm
_02952_,91.14µm
net1274,91.095µm
u_picorv32.picorv32_core.count_instr\[24\],91.045µm
_01589_,90.98µm
net1459,90.91µm
net832,90.855µm
net26,90.85µm
u_picorv32.picorv32_core.count_instr\[10\],90.825µm
u_picorv32.picorv32_core.instr_xor,90.725µm
net591,90.66µm
net1418,90.615µm
net437,90.535µm
clknet_4_9_0_clk_i,90.51µm
net1244,90.465µm
_02992_,90.42µm
net1035,90.39µm
u_picorv32.picorv32_core.count_cycle\[52\],90.325µm
net1267,90.285µm
net902,90.21µm
_02825_,89.88µm
net238,89.805µm
net310,89.72µm
net654,89.58µm
_02427_,89.52µm
_02865_,89.52µm
_01845_,89.495µm
net211,89.465µm
_03479_,89.45µm
net423,89.4µm
_02327_,89.19µm
net1495,89.075µm
_02828_,89.065µm
_04093_,88.945µm
_02993_,88.92µm
u_picorv32.picorv32_core.reg_next_pc\[31\],88.89µm
clknet_4_3_0_clk_i,88.62µm
net801,88.595µm
_05320_,88.57µm
_05294_,88.45µm
u_picorv32.picorv32_core.count_instr\[25\],88.37µm
_02402_,88.26µm
net4,88.21µm
net242,88.15µm
_04103_,88.08µm
net964,88µm
net1275,87.94µm
_00008_,87.92µm
u_picorv32.picorv32_core.count_instr\[27\],87.875µm
clknet_4_2_0_clk_i,87.8µm
net1423,87.755µm
_03533_,87.7µm
u_picorv32.picorv32_core.alu_out\[30\],87.66µm
net240,87.625µm
_05982_,87.6µm
_02570_,87.55µm
u_picorv32.picorv32_core.reg_pc\[4\],87.285µm
net163,87.2µm
_03437_,87.185µm
net1436,87.15µm
net793,87.135µm
clknet_4_0_0_clk_i,87.025µm
net272,86.975µm
net1357,86.88µm
_02819_,86.73µm
net860,86.695µm
net652,86.605µm
clknet_4_15_0_clk_i,86.485µm
net29,86.3µm
net956,86.255µm
_04878_,86.22µm
net1097,86.205µm
_05499_,86.12µm
u_picorv32.picorv32_core.alu_out_q\[26\],86.11µm
net813,85.94µm
net1041,85.9µm
_02191_,85.89µm
net1405,85.89µm
net15,85.86µm
net806,85.845µm
_02086_,85.83µm
_01720_,85.74µm
u_picorv32.picorv32_core.count_cycle\[25\],85.685µm
net1089,85.655µm
_05436_,85.46µm
net1118,85.355µm
u_picorv32.picorv32_core.alu_out_q\[30\],85.26µm
u_picorv32.picorv32_core.count_cycle\[0\],85.19µm
_03518_,85.12µm
net551,85.035µm
_03235_,85.02µm
net604,85.02µm
net1230,85µm
_01869_,84.92µm
net190,84.915µm
_03258_,84.775µm
u_picorv32.picorv32_core.reg_out\[1\],84.55µm
_05189_,84.54µm
_02268_,84.385µm
net1110,84.385µm
_02594_,84.38µm
_03240_,84.25µm
_02518_,84.145µm
_05919_,84.01µm
_02797_,83.91µm
_02182_,83.88µm
u_picorv32.picorv32_core.decoded_imm_j\[6\],83.78µm
net1055,83.735µm
net719,83.69µm
net327,83.595µm
_03424_,83.55µm
u_picorv32.picorv32_core.alu_out\[29\],83.46µm
_05722_,83.435µm
_05318_,83.4µm
net1054,83.275µm
u_picorv32.picorv32_core.alu_out\[23\],83.23µm
u_picorv32.picorv32_core.count_instr\[23\],83.17µm
net663,83.165µm
_03088_,83.06µm
u_picorv32.picorv32_core.reg_out\[6\],82.975µm
net177,82.965µm
u_picorv32.picorv32_core.decoded_imm\[16\],82.95µm
u_picorv32.picorv32_core.alu_out\[24\],82.81µm
_05945_,82.59µm
net1258,82.33µm
net161,82.18µm
_03130_,82.14µm
net1053,82.09µm
clknet_4_7_0_clk_i,82.055µm
u_picorv32.picorv32_core.reg_next_pc\[13\],82.04µm
_05935_,82µm
_05874_,81.93µm
net1422,81.775µm
net1269,81.74µm
_01560_,81.715µm
net580,81.635µm
net225,81.535µm
net664,81.52µm
_02479_,81.42µm
u_picorv32.picorv32_core.alu_out\[8\],81.42µm
u_picorv32.picorv32_core.count_instr\[18\],81.41µm
net1073,81.25µm
_03368_,81.01µm
_02105_,81µm
_03394_,80.765µm
_02025_,80.72µm
u_picorv32.picorv32_core.count_cycle\[50\],80.675µm
_02926_,80.665µm
net596,80.615µm
net773,80.59µm
_04102_,80.52µm
net218,80.475µm
net223,80.34µm
_02945_,80.28µm
net1279,80.25µm
_02281_,80.24µm
net1472,80.23µm
_03741_,80.215µm
net561,80.19µm
net207,80.185µm
_05588_,80.17µm
net209,80.12µm
net3152,80.06µm
_02106_,80.025µm
_02977_,79.82µm
_05987_,79.68µm
u_picorv32.picorv32_core.count_instr\[48\],79.435µm
_05514_,79.39µm
net136,79.365µm
u_picorv32.picorv32_core.count_instr\[0\],79.35µm
u_picorv32.picorv32_core.decoded_imm_j\[15\],79.26µm
net276,79.215µm
u_picorv32.picorv32_core.reg_pc\[27\],79.04µm
_03706_,79.025µm
_03178_,78.91µm
_04653_,78.865µm
u_picorv32.picorv32_core.alu_out_q\[31\],78.67µm
net673,78.55µm
net3,78.525µm
net625,78.28µm
_04236_,78.26µm
u_picorv32.picorv32_core.alu_out_q\[6\],78.19µm
net557,78.185µm
_05420_,78.14µm
_02584_,78.12µm
net1057,78.09µm
net794,78.06µm
_02008_,78.05µm
_02854_,77.905µm
_03997_,77.88µm
_01585_,77.82µm
u_picorv32.picorv32_core.decoder_pseudo_trigger,77.71µm
_04380_,77.695µm
_02109_,77.64µm
_01943_,77.6µm
_01975_,77.6µm
u_picorv32.picorv32_core.alu_out\[16\],77.58µm
u_picorv32.picorv32_core.alu_out\[28\],77.42µm
net918,77.29µm
u_picorv32.picorv32_core.instr_and,77.2µm
_05684_,77.17µm
_01934_,77.09µm
net893,77.045µm
net620,76.835µm
net1242,76.65µm
net214,76.15µm
u_picorv32.picorv32_core.alu_out_q\[27\],76.04µm
_02488_,76.035µm
net567,75.99µm
net669,75.97µm
_03060_,75.87µm
net1497,75.81µm
_05632_,75.73µm
net618,75.69µm
u_picorv32.picorv32_core.instr_bne,75.535µm
_03128_,75.39µm
_03230_,75.29µm
_02075_,75.285µm
_02363_,75.11µm
u_picorv32.picorv32_core.instr_lui,75.06µm
net197,74.96µm
_05561_,74.94µm
net312,74.93µm
_03385_,74.895µm
net267,74.765µm
net1087,74.765µm
net1237,74.49µm
u_picorv32.picorv32_core.count_cycle\[31\],74.47µm
u_picorv32.picorv32_core.alu_out_q\[5\],74.44µm
_04934_,74.35µm
_01763_,74.32µm
_02064_,74.31µm
_04955_,74.22µm
_01694_,74.185µm
_02171_,73.75µm
net708,73.65µm
u_picorv32.picorv32_core.count_cycle\[45\],73.395µm
u_picorv32.picorv32_core.instr_slli,73.385µm
_05333_,73.34µm
_05643_,73.2µm
net3146,73.2µm
_03875_,72.97µm
_04304_,72.96µm
_02229_,72.91µm
u_picorv32.picorv32_core.count_instr\[39\],72.885µm
_05980_,72.85µm
_01650_,72.8µm
_03192_,72.8µm
_05346_,72.68µm
_02980_,72.62µm
_02056_,72.42µm
u_picorv32.picorv32_core.reg_out\[5\],72.37µm
net560,72.36µm
net800,72.215µm
u_picorv32.picorv32_core.count_cycle\[51\],72.175µm
u_picorv32.picorv32_core.instr_sh,72.14µm
_03066_,71.95µm
net1125,71.945µm
u_picorv32.picorv32_core.count_cycle\[24\],71.8µm
u_picorv32.picorv32_core.count_instr\[52\],71.785µm
_04104_,71.76µm
net707,71.745µm
_02095_,71.65µm
_03853_,71.52µm
u_picorv32.picorv32_core.decoded_imm_j\[16\],71.395µm
_02946_,71.05µm
_03376_,71.045µm
_02928_,70.99µm
u_picorv32.picorv32_core.alu_out\[1\],70.99µm
_02101_,70.93µm
_02208_,70.885µm
u_picorv32.picorv32_core.count_cycle\[40\],70.88µm
_02288_,70.7µm
_05619_,70.5µm
_04436_,70.44µm
_02823_,70.345µm
_02377_,70.09µm
u_picorv32.picorv32_core.count_cycle\[44\],69.995µm
_02510_,69.93µm
u_picorv32.picorv32_core.instr_lh,69.705µm
_02420_,69.46µm
u_picorv32.picorv32_core.count_cycle\[49\],69.435µm
_00020_,69.43µm
_01558_,69.43µm
u_picorv32.picorv32_core.count_instr\[1\],69.38µm
u_picorv32.picorv32_core.count_instr\[29\],69.28µm
net1043,69.24µm
_01684_,69.2µm
_02503_,69.19µm
net1266,69.135µm
net738,68.995µm
_03226_,68.91µm
net1273,68.88µm
u_picorv32.picorv32_core.alu_out\[20\],68.76µm
_01559_,68.71µm
_01751_,68.655µm
_05304_,68.64µm
net449,68.51µm
_05859_,68.435µm
u_picorv32.picorv32_core.count_instr\[28\],68.42µm
_00022_,68.35µm
_01902_,68.3µm
_00021_,68.28µm
_03404_,68.28µm
_03852_,68.28µm
u_picorv32.picorv32_core.count_instr\[26\],68.215µm
net1059,68.21µm
_03191_,68.165µm
_01989_,68.16µm
_05126_,68.16µm
_03673_,68.025µm
_04086_,67.98µm
_04791_,67.7µm
u_picorv32.picorv32_core.instr_auipc,67.615µm
_02084_,67.52µm
_02765_,67.52µm
_03389_,67.48µm
_02979_,67.45µm
u_picorv32.picorv32_core.alu_out\[9\],67.32µm
net1119,67.28µm
net558,67.135µm
_02803_,66.84µm
_05278_,66.78µm
u_picorv32.picorv32_core.count_cycle\[53\],66.77µm
_05500_,66.73µm
_02814_,66.72µm
u_picorv32.picorv32_core.count_instr\[36\],66.715µm
u_picorv32.picorv32_core.count_instr\[53\],66.585µm
net999,66.56µm
net30,66.44µm
net325,66.38µm
_05240_,66.25µm
_05657_,66.25µm
_04971_,66.13µm
_05525_,65.915µm
net33,65.85µm
_01404_,65.82µm
_01742_,65.805µm
_05531_,65.72µm
u_picorv32.picorv32_core.mem_do_rdata,65.705µm
_01617_,65.6µm
_03303_,65.29µm
_01395_,65.23µm
u_picorv32.picorv32_core.count_cycle\[15\],65.23µm
net1109,65.22µm
_02576_,65.16µm
_01639_,65.11µm
_05611_,65µm
_03108_,64.915µm
net5,64.895µm
_03292_,64.8µm
u_picorv32.picorv32_core.count_instr\[32\],64.75µm
_02346_,64.72µm
net716,64.63µm
u_picorv32.picorv32_core.count_instr\[2\],64.51µm
_02380_,64.46µm
u_picorv32.picorv32_core.mem_rdata_q\[9\],64.46µm
_03091_,64.42µm
u_picorv32.picorv32_core.count_instr\[62\],64.305µm
u_picorv32.picorv32_core.reg_pc\[18\],64.305µm
_02388_,64.24µm
_01803_,64.22µm
_02617_,64.21µm
_01946_,64.16µm
_04320_,64.09µm
_01928_,64.06µm
net1066,64.05µm
_01938_,64.02µm
net3135,63.84µm
u_picorv32.picorv32_core.count_cycle\[42\],63.78µm
u_picorv32.picorv32_core.count_cycle\[54\],63.605µm
_02183_,63.6µm
u_picorv32.picorv32_core.count_cycle\[37\],63.53µm
net631,63.33µm
_05670_,63.25µm
_03335_,63.13µm
_05521_,63.13µm
_03364_,63.085µm
net1049,62.895µm
_02007_,62.865µm
_02141_,62.855µm
_05457_,62.83µm
_05033_,62.82µm
_02212_,62.77µm
u_picorv32.picorv32_core.count_instr\[21\],62.77µm
u_picorv32.picorv32_core.count_cycle\[12\],62.615µm
u_picorv32.axi_adapter.mem_valid,62.59µm
_05589_,62.42µm
_04734_,62.41µm
_04958_,62.35µm
_05245_,62.35µm
net686,62.18µm
_02273_,62.16µm
_04980_,62.16µm
net326,61.86µm
u_picorv32.picorv32_core.count_instr\[44\],61.755µm
_02999_,61.735µm
net1261,61.59µm
_05267_,61.51µm
net1403,61.47µm
net1103,61.46µm
_01556_,61.44µm
_03420_,61.405µm
net547,61.385µm
_03065_,61.38µm
_05330_,61.365µm
_03371_,61.345µm
u_picorv32.picorv32_core.instr_bgeu,61.265µm
u_picorv32.picorv32_core.alu_out_q\[12\],61.26µm
_05121_,61.125µm
u_picorv32.picorv32_core.count_cycle\[23\],61.08µm
_02074_,61.035µm
_01900_,60.97µm
_05747_,60.96µm
_03945_,60.84µm
_03412_,60.66µm
u_picorv32.picorv32_core.alu_out\[12\],60.66µm
u_picorv32.picorv32_core.mem_rdata_q\[7\],60.585µm
net1278,60.465µm
_02435_,60.44µm
_03129_,60.42µm
net1248,60.255µm
net619,60.15µm
net709,59.975µm
_03416_,59.87µm
_03201_,59.765µm
net563,59.76µm
net1262,59.72µm
_05019_,59.58µm
_01668_,59.52µm
_04784_,59.35µm
_05617_,59.17µm
_02794_,59.16µm
u_picorv32.picorv32_core.count_instr\[61\],58.94µm
u_picorv32.picorv32_core.alu_out\[17\],58.845µm
net1132,58.845µm
_05474_,58.75µm
_03361_,58.73µm
u_picorv32.picorv32_core.count_instr\[4\],58.705µm
net1426,58.69µm
u_picorv32.picorv32_core.cpu_state\[0\],58.68µm
_01736_,58.585µm
_05351_,58.395µm
_03333_,58.39µm
net3127,58.375µm
net621,58.31µm
_01801_,58.305µm
net434,58.135µm
u_picorv32.pcpi_rs2\[1\],58.11µm
_05820_,58.05µm
u_picorv32.picorv32_core.count_cycle\[39\],58.03µm
_05406_,58.02µm
net1137,57.97µm
net1424,57.92µm
net3159,57.9µm
_04921_,57.84µm
u_picorv32.picorv32_core.reg_next_pc\[28\],57.79µm
_01693_,57.73µm
u_picorv32.picorv32_core.reg_pc\[3\],57.7µm
_02286_,57.61µm
_02310_,57.6µm
net1009,57.56µm
net541,57.515µm
u_picorv32.picorv32_core.reg_out\[4\],57.415µm
net732,57.315µm
_01843_,57.24µm
_05922_,57.19µm
_01681_,57.02µm
net1234,56.915µm
_02396_,56.82µm
net1259,56.73µm
_02509_,56.69µm
u_picorv32.picorv32_core.count_instr\[33\],56.67µm
u_picorv32.picorv32_core.instr_lb,56.66µm
_03336_,56.59µm
u_picorv32.picorv32_core.count_cycle\[9\],56.575µm
_05096_,56.53µm
_01685_,56.52µm
_04967_,56.46µm
_02001_,56.41µm
_05947_,56.41µm
_04945_,56.34µm
_05137_,56.16µm
u_picorv32.picorv32_core.reg_out\[3\],56.1µm
net1058,56.005µm
_02127_,55.95µm
_03357_,55.905µm
net6,55.81µm
_01865_,55.785µm
_03168_,55.76µm
_05606_,55.64µm
_04944_,55.62µm
net595,55.585µm
_02721_,55.53µm
_03332_,55.44µm
net199,55.395µm
_04189_,55.39µm
_05556_,55.39µm
_02878_,55.385µm
_05200_,55.33µm
u_picorv32.picorv32_core.decoded_imm\[1\],55.33µm
u_picorv32.picorv32_core.is_jalr_addi_slti_sltiu_xori_ori_andi,55.33µm
_02173_,55.17µm
net1060,55.04µm
_02857_,54.91µm
u_picorv32.picorv32_core.count_cycle\[34\],54.75µm
u_picorv32.picorv32_core.reg_pc\[24\],54.68µm
u_picorv32.picorv32_core.count_cycle\[56\],54.65µm
_05183_,54.54µm
_03408_,54.52µm
_02688_,54.49µm
u_picorv32.picorv32_core.count_cycle\[1\],54.425µm
_02245_,54.37µm
_01397_,54.3µm
u_picorv32.picorv32_core.count_cycle\[43\],54.225µm
u_picorv32.picorv32_core.count_cycle\[17\],54.22µm
_04124_,53.95µm
_01700_,53.915µm
_05518_,53.89µm
net1421,53.88µm
_02580_,53.84µm
net718,53.79µm
_05007_,53.78µm
u_picorv32.picorv32_core.mem_rdata_q\[18\],53.78µm
net264,53.77µm
u_picorv32.picorv32_core.instr_sll,53.765µm
u_picorv32.picorv32_core.count_instr\[41\],53.675µm
net34,53.575µm
u_picorv32.picorv32_core.alu_out\[21\],53.52µm
u_picorv32.picorv32_core.count_cycle\[48\],53.5µm
net628,53.465µm
net713,53.415µm
_01870_,53.4µm
_04072_,53.4µm
_02900_,53.29µm
_02462_,53.23µm
net1006,53.18µm
_01832_,53.16µm
_04172_,53.16µm
_03274_,53.14µm
u_picorv32.picorv32_core.count_cycle\[33\],53.115µm
_03439_,53.055µm
_01929_,53.04µm
u_picorv32.picorv32_core.count_instr\[22\],52.97µm
u_picorv32.picorv32_core.count_cycle\[22\],52.9µm
u_picorv32.picorv32_core.reg_pc\[2\],52.71µm
_02614_,52.68µm
_03236_,52.64µm
_04524_,52.62µm
_05479_,52.52µm
net564,52.51µm
_05357_,52.46µm
_03375_,52.3µm
_05986_,52.27µm
u_picorv32.picorv32_core.count_instr\[49\],52.24µm
_03296_,51.965µm
_01910_,51.78µm
_02830_,51.75µm
u_picorv32.picorv32_core.mem_rdata_q\[19\],51.715µm
_04504_,51.6µm
_00031_,51.56µm
_02022_,51.47µm
_02021_,51.38µm
_02600_,51.37µm
_01733_,51.31µm
_04259_,51.31µm
_05117_,51.18µm
_01678_,51.085µm
u_picorv32.picorv32_core.alu_out\[2\],51.07µm
net824,51.01µm
u_picorv32.picorv32_core.alu_out\[3\],50.88µm
net616,50.86µm
_02866_,50.775µm
_02322_,50.7µm
_04933_,50.64µm
_04394_,50.525µm
u_picorv32.picorv32_core.count_instr\[46\],50.515µm
_05161_,50.4µm
u_picorv32.picorv32_core.instr_sltiu,50.4µm
_05669_,50.385µm
_02849_,50.31µm
_05755_,50.31µm
_04710_,50.28µm
_05683_,50.28µm
u_picorv32.picorv32_core.alu_out\[19\],50.28µm
_05081_,50.22µm
_02687_,50.2µm
_02175_,50.195µm
_01662_,50.16µm
u_picorv32.picorv32_core.reg_next_pc\[12\],50.16µm
net1260,50.14µm
_02893_,50.1µm
_04501_,50.1µm
_05419_,50.06µm
_04075_,49.905µm
_05934_,49.87µm
_01402_,49.86µm
_02813_,49.855µm
u_picorv32.picorv32_core.count_instr\[43\],49.845µm
_03090_,49.82µm
_02282_,49.81µm
u_picorv32.picorv32_core.decoded_imm\[9\],49.77µm
_02504_,49.63µm
net198,49.615µm
_02859_,49.56µm
_02521_,49.545µm
u_picorv32.picorv32_core.reg_pc\[9\],49.52µm
_03745_,49.45µm
u_picorv32.picorv32_core.cpuregs\[22\]\[24\],49.415µm
_03182_,49.26µm
_04650_,49.26µm
_05477_,49.21µm
_02452_,49.135µm
_02202_,49.11µm
_02300_,49.08µm
_02528_,49.08µm
_03047_,49.005µm
u_picorv32.picorv32_core.alu_out_q\[10\],48.96µm
_04856_,48.9µm
net1067,48.815µm
_01714_,48.785µm
u_picorv32.picorv32_core.count_cycle\[58\],48.735µm
_02446_,48.66µm
_05328_,48.66µm
u_picorv32.picorv32_core.count_instr\[5\],48.62µm
_01991_,48.575µm
net151,48.53µm
_02941_,48.505µm
_03486_,48.48µm
_04995_,48.48µm
_05068_,48.39µm
_02696_,48.37µm
u_picorv32.picorv32_core.reg_next_pc\[18\],48.365µm
u_picorv32.picorv32_core.count_cycle\[6\],48.285µm
_05265_,48.24µm
_02324_,48.185µm
_05403_,48.165µm
net418,48.15µm
_05041_,48.06µm
_05070_,47.95µm
u_picorv32.picorv32_core.count_cycle\[57\],47.88µm
_05335_,47.82µm
_01593_,47.695µm
u_picorv32.picorv32_core.count_cycle\[13\],47.68µm
_03358_,47.655µm
_05376_,47.64µm
net584,47.63µm
_05058_,47.58µm
u_picorv32.picorv32_core.cpuregs\[21\]\[6\],47.535µm
_04595_,47.47µm
net1065,47.47µm
u_picorv32.picorv32_core.reg_next_pc\[15\],47.4µm
net996,47.4µm
_01983_,47.37µm
_05085_,47.23µm
u_picorv32.picorv32_core.count_instr\[40\],47.2µm
_02289_,47.19µm
_01892_,47.18µm
_04806_,47.16µm
_04261_,47.08µm
_02906_,47.07µm
_05235_,47.05µm
_05050_,47.04µm
u_picorv32.picorv32_core.cpuregs\[4\]\[9\],46.94µm
_03992_,46.92µm
u_picorv32.picorv32_core.count_cycle\[46\],46.845µm
_04651_,46.8µm
_03845_,46.56µm
_02816_,46.36µm
_01554_,46.33µm
_05639_,46.33µm
_01595_,46.32µm
_03079_,46.255µm
_01805_,46.23µm
_03413_,46.155µm
_05094_,46.125µm
_01821_,46.09µm
_01960_,46.03µm
net581,46.015µm
u_picorv32.picorv32_core.count_instr\[58\],45.99µm
u_picorv32.picorv32_core.cpuregs\[26\]\[22\],45.98µm
_01770_,45.97µm
_03537_,45.97µm
u_picorv32.picorv32_core.mem_do_rinst,45.97µm
_05462_,45.945µm
_03842_,45.86µm
net167,45.86µm
_02638_,45.72µm
u_picorv32.picorv32_core.count_cycle\[4\],45.715µm
_04121_,45.54µm
_02802_,45.49µm
_04018_,45.48µm
_03434_,45.43µm
net1022,45.405µm
_02492_,45.37µm
_02563_,45.36µm
_05219_,45.31µm
net1393,45.225µm
u_picorv32.picorv32_core.cpuregs\[22\]\[16\],45.185µm
u_picorv32.picorv32_core.alu_out_q\[3\],45.18µm
_05438_,45.14µm
_01553_,45.095µm
_05429_,45.065µm
net1069,44.985µm
_02019_,44.93µm
_05119_,44.89µm
u_picorv32.picorv32_core.reg_pc\[28\],44.83µm
_05102_,44.82µm
_03051_,44.79µm
_03697_,44.71µm
_03975_,44.7µm
_04350_,44.685µm
_05343_,44.64µm
_03432_,44.615µm
_05846_,44.575µm
u_picorv32.picorv32_core.count_instr\[30\],44.57µm
u_picorv32.picorv32_core.cpuregs\[29\]\[16\],44.545µm
_01874_,44.52µm
_02545_,44.4µm
_03320_,44.4µm
_04810_,44.4µm
_05150_,44.36µm
u_picorv32.picorv32_core.count_instr\[56\],44.29µm
u_picorv32.picorv32_core.mem_rdata_q\[8\],44.205µm
u_picorv32.picorv32_core.count_cycle\[2\],44.2µm
u_picorv32.picorv32_core.cpuregs\[14\]\[29\],44.2µm
u_picorv32.picorv32_core.cpuregs\[2\]\[2\],44.155µm
_01956_,44.045µm
_03325_,43.98µm
u_picorv32.picorv32_core.mem_rdata_q\[31\],43.93µm
u_picorv32.picorv32_core.cpuregs\[16\]\[21\],43.89µm
u_picorv32.picorv32_core.count_cycle\[29\],43.88µm
u_picorv32.picorv32_core.count_instr\[54\],43.88µm
_01955_,43.87µm
_03304_,43.87µm
_04871_,43.86µm
u_picorv32.picorv32_core.cpuregs\[22\]\[25\],43.84µm
u_picorv32.picorv32_core.cpuregs\[30\]\[17\],43.745µm
_02140_,43.74µm
_00032_,43.69µm
u_picorv32.picorv32_core.cpuregs\[30\]\[2\],43.685µm
_03308_,43.665µm
_03242_,43.575µm
_05695_,43.56µm
_02936_,43.53µm
_03309_,43.53µm
_05570_,43.45µm
_02440_,43.44µm
_02989_,43.4µm
u_picorv32.picorv32_core.count_instr\[55\],43.36µm
_03062_,43.34µm
_05483_,43.255µm
_02565_,43.2µm
_05978_,43.2µm
_05485_,43.18µm
u_picorv32.picorv32_core.cpuregs\[29\]\[15\],42.995µm
_05642_,42.99µm
u_picorv32.picorv32_core.mem_state\[0\],42.98µm
u_picorv32.picorv32_core.count_cycle\[19\],42.88µm
net307,42.87µm
_01807_,42.82µm
net1141,42.745µm
u_picorv32.picorv32_core.cpuregs\[21\]\[28\],42.595µm
u_picorv32.picorv32_core.cpuregs\[7\]\[14\],42.575µm
_02943_,42.55µm
_03356_,42.55µm
net1062,42.515µm
_02676_,42.44µm
_02973_,42.43µm
_01939_,42.33µm
_05708_,42.25µm
_03205_,42.195µm
u_picorv32.picorv32_core.count_instr\[60\],42.125µm
_05635_,42.06µm
_02113_,42µm
net929,41.845µm
_04854_,41.795µm
_04054_,41.78µm
_05268_,41.78µm
_05139_,41.77µm
u_picorv32.picorv32_core.count_cycle\[8\],41.765µm
u_picorv32.picorv32_core.count_instr\[38\],41.7µm
_04573_,41.66µm
_04101_,41.64µm
_04114_,41.62µm
u_picorv32.picorv32_core.cpuregs\[30\]\[29\],41.6µm
_04448_,41.59µm
u_picorv32.picorv32_core.cpuregs\[15\]\[22\],41.56µm
_04930_,41.53µm
_05697_,41.53µm
u_picorv32.picorv32_core.cpuregs\[14\]\[16\],41.475µm
_04084_,41.47µm
net1448,41.415µm
net653,41.38µm
net1235,41.365µm
_05341_,41.34µm
_05680_,41.23µm
u_picorv32.picorv32_core.count_cycle\[16\],41.23µm
_02982_,41.2µm
_05651_,41.125µm
_04481_,41.11µm
_05840_,41.11µm
_01795_,41.055µm
_05586_,41.05µm
_05441_,41.045µm
_05895_,41.04µm
_01555_,41.01µm
_02035_,40.93µm
_03651_,40.92µm
u_picorv32.picorv32_core.count_cycle\[10\],40.87µm
u_picorv32.picorv32_core.alu_out_q\[11\],40.86µm
u_picorv32.picorv32_core.cpuregs\[9\]\[31\],40.84µm
u_picorv32.picorv32_core.count_cycle\[11\],40.82µm
_01726_,40.775µm
u_picorv32.picorv32_core.cpuregs\[17\]\[26\],40.74µm
u_picorv32.picorv32_core.cpuregs\[23\]\[10\],40.65µm
_04000_,40.625µm
_04638_,40.56µm
_02415_,40.48µm
_04870_,40.45µm
_01643_,40.39µm
_03405_,40.385µm
_04285_,40.38µm
_05063_,40.38µm
_02266_,40.335µm
_04959_,40.32µm
_05083_,40.32µm
u_picorv32.picorv32_core.count_instr\[37\],40.32µm
u_picorv32.picorv32_core.cpuregs\[14\]\[22\],40.315µm
u_picorv32.picorv32_core.instr_lbu,40.29µm
net113,40.27µm
_05004_,40.26µm
u_picorv32.picorv32_core.count_instr\[47\],40.235µm
u_picorv32.picorv32_core.cpuregs\[13\]\[27\],40.23µm
u_picorv32.picorv32_core.count_cycle\[41\],40.21µm
net148,40.185µm
_02761_,40.08µm
u_picorv32.picorv32_core.cpuregs\[13\]\[21\],40.055µm
_04122_,40.04µm
u_picorv32.picorv32_core.count_instr\[45\],40.03µm
u_picorv32.picorv32_core.instr_fence,39.98µm
u_picorv32.picorv32_core.reg_next_pc\[27\],39.945µm
_03030_,39.93µm
u_picorv32.picorv32_core.cpuregs\[4\]\[5\],39.925µm
_02017_,39.88µm
u_picorv32.picorv32_core.cpuregs\[24\]\[29\],39.86µm
u_picorv32.picorv32_core.cpuregs\[5\]\[22\],39.86µm
_02603_,39.84µm
_03855_,39.84µm
_01717_,39.835µm
u_picorv32.picorv32_core.cpuregs\[2\]\[3\],39.73µm
net117,39.725µm
_05110_,39.715µm
u_picorv32.picorv32_core.cpuregs\[16\]\[12\],39.68µm
_04713_,39.67µm
_05142_,39.66µm
u_picorv32.picorv32_core.count_instr\[63\],39.5µm
_02460_,39.49µm
_05544_,39.48µm
_02790_,39.455µm
u_picorv32.picorv32_core.cpuregs\[26\]\[14\],39.45µm
u_picorv32.picorv32_core.cpuregs\[22\]\[28\],39.43µm
_03281_,39.42µm
_01748_,39.39µm
_05445_,39.37µm
_02742_,39.36µm
_04313_,39.36µm
_04303_,39.345µm
_01542_,39.245µm
_04588_,39.18µm
_02787_,39.145µm
_02058_,39.12µm
u_picorv32.picorv32_core.cpuregs\[24\]\[16\],38.95µm
u_picorv32.picorv32_core.alu_out_q\[2\],38.89µm
_04640_,38.88µm
u_picorv32.picorv32_core.cpuregs\[9\]\[21\],38.88µm
u_picorv32.picorv32_core.cpuregs\[7\]\[27\],38.855µm
_03460_,38.835µm
_01632_,38.77µm
_02148_,38.77µm
_02305_,38.77µm
_04166_,38.65µm
_04383_,38.59µm
net436,38.59µm
u_picorv32.picorv32_core.count_instr\[51\],38.51µm
_03252_,38.5µm
u_picorv32.picorv32_core.cpuregs\[8\]\[2\],38.47µm
_03287_,38.46µm
_02228_,38.45µm
net1064,38.45µm
u_picorv32.picorv32_core.cpuregs\[8\]\[27\],38.41µm
_05212_,38.4µm
net109,38.365µm
_05196_,38.35µm
u_picorv32.picorv32_core.cpuregs\[27\]\[12\],38.325µm
_03789_,38.29µm
_02640_,38.28µm
u_picorv32.picorv32_core.cpuregs\[23\]\[21\],38.23µm
net1236,38.225µm
_05017_,38.22µm
u_picorv32.picorv32_core.cpuregs\[17\]\[12\],38.125µm
_04450_,38.085µm
_03380_,38.08µm
u_picorv32.picorv32_core.alu_out_q\[1\],38.04µm
u_picorv32.picorv32_core.cpuregs\[27\]\[16\],38.035µm
u_picorv32.picorv32_core.count_instr\[11\],37.96µm
u_picorv32.picorv32_core.cpuregs\[17\]\[24\],37.95µm
u_picorv32.picorv32_core.alu_out_q\[28\],37.92µm
u_picorv32.picorv32_core.cpuregs\[10\]\[25\],37.885µm
_01994_,37.88µm
_03902_,37.87µm
_03280_,37.81µm
_02222_,37.8µm
_02248_,37.77µm
_05221_,37.74µm
_04886_,37.725µm
_01987_,37.64µm
_05001_,37.63µm
_05044_,37.63µm
u_picorv32.picorv32_core.cpuregs\[26\]\[28\],37.63µm
_03214_,37.585µm
net626,37.58µm
u_picorv32.picorv32_core.alu_out\[25\],37.56µm
u_picorv32.picorv32_core.cpuregs\[6\]\[27\],37.56µm
u_picorv32.picorv32_core.decoded_rd\[2\],37.555µm
u_picorv32.picorv32_core.cpuregs\[11\]\[22\],37.535µm
_04318_,37.5µm
_05026_,37.5µm
u_picorv32.picorv32_core.alu_out\[6\],37.5µm
u_picorv32.picorv32_core.cpuregs\[8\]\[21\],37.5µm
u_picorv32.picorv32_core.cpuregs\[29\]\[23\],37.475µm
_03593_,37.45µm
u_picorv32.picorv32_core.cpuregs\[21\]\[0\],37.445µm
u_picorv32.picorv32_core.cpuregs\[25\]\[27\],37.435µm
u_picorv32.picorv32_core.cpuregs\[2\]\[26\],37.435µm
u_picorv32.picorv32_core.cpuregs\[12\]\[9\],37.41µm
_03694_,37.4µm
_02910_,37.38µm
_04507_,37.375µm
_02386_,37.355µm
u_picorv32.picorv32_core.count_cycle\[62\],37.355µm
u_picorv32.picorv32_core.cpuregs\[25\]\[21\],37.355µm
_02242_,37.33µm
u_picorv32.picorv32_core.cpuregs\[30\]\[12\],37.325µm
net138,37.32µm
u_picorv32.picorv32_core.instr_srli,37.315µm
_05247_,37.305µm
_03355_,37.27µm
u_picorv32.picorv32_core.cpuregs\[2\]\[20\],37.27µm
_03589_,37.225µm
u_picorv32.picorv32_core.cpuregs\[10\]\[5\],37.22µm
u_picorv32.picorv32_core.cpuregs\[4\]\[4\],37.175µm
_05170_,37.16µm
_04184_,37.15µm
u_picorv32.picorv32_core.cpuregs\[31\]\[31\],37.095µm
u_picorv32.picorv32_core.mem_rdata_q\[16\],37.085µm
_05158_,37.08µm
u_picorv32.picorv32_core.cpuregs\[31\]\[4\],37.065µm
_01620_,37.05µm
u_picorv32.picorv32_core.cpuregs\[31\]\[2\],36.985µm
u_picorv32.picorv32_core.cpuregs\[16\]\[7\],36.98µm
u_picorv32.picorv32_core.cpuregs\[22\]\[6\],36.975µm
_05496_,36.97µm
_05218_,36.96µm
u_picorv32.picorv32_core.cpuregs\[17\]\[14\],36.925µm
u_picorv32.picorv32_core.cpuregs\[21\]\[23\],36.925µm
u_picorv32.picorv32_core.cpuregs\[19\]\[21\],36.92µm
_05195_,36.9µm
_05511_,36.9µm
u_picorv32.picorv32_core.cpuregs\[17\]\[17\],36.85µm
_02779_,36.84µm
u_picorv32.picorv32_core.cpuregs\[4\]\[3\],36.805µm
_01862_,36.79µm
_05284_,36.78µm
_03574_,36.75µm
u_picorv32.picorv32_core.reg_next_pc\[26\],36.74µm
u_picorv32.picorv32_core.cpuregs\[23\]\[0\],36.695µm
u_picorv32.picorv32_core.cpuregs\[19\]\[29\],36.685µm
u_picorv32.picorv32_core.cpuregs\[31\]\[10\],36.67µm
net137,36.62µm
u_picorv32.picorv32_core.cpuregs\[9\]\[9\],36.62µm
u_picorv32.picorv32_core.cpuregs\[26\]\[0\],36.615µm
u_picorv32.picorv32_core.cpuregs\[19\]\[19\],36.61µm
_02636_,36.6µm
_02966_,36.54µm
_03922_,36.54µm
u_picorv32.picorv32_core.count_instr\[20\],36.54µm
u_picorv32.picorv32_core.cpuregs\[22\]\[19\],36.515µm
u_picorv32.picorv32_core.cpuregs\[9\]\[28\],36.5µm
_05238_,36.48µm
_05640_,36.455µm
u_picorv32.picorv32_core.instr_lw,36.435µm
_05634_,36.405µm
u_picorv32.picorv32_core.cpuregs\[5\]\[18\],36.385µm
u_picorv32.picorv32_core.instr_lhu,36.385µm
u_picorv32.picorv32_core.cpuregs\[14\]\[12\],36.335µm
_01802_,36.315µm
u_picorv32.picorv32_core.cpuregs\[21\]\[25\],36.31µm
_04020_,36.25µm
_05494_,36.24µm
u_picorv32.picorv32_core.cpuregs\[22\]\[22\],36.225µm
u_picorv32.picorv32_core.cpuregs\[21\]\[8\],36.215µm
net1126,36.195µm
_05302_,36.12µm
u_picorv32.picorv32_core.cpuregs\[14\]\[19\],36.1µm
u_picorv32.picorv32_core.cpuregs\[1\]\[16\],36.065µm
_04765_,36.06µm
u_picorv32.picorv32_core.cpuregs\[20\]\[24\],36.02µm
u_picorv32.picorv32_core.cpuregs\[14\]\[31\],36.01µm
_03172_,35.95µm
u_picorv32.picorv32_core.cpuregs\[12\]\[14\],35.95µm
_04873_,35.94µm
_04964_,35.94µm
u_picorv32.picorv32_core.cpuregs\[22\]\[0\],35.905µm
_03601_,35.89µm
_05163_,35.875µm
_05175_,35.875µm
_05913_,35.85µm
u_picorv32.picorv32_core.cpuregs\[4\]\[22\],35.83µm
_01793_,35.82µm
_04392_,35.82µm
u_picorv32.picorv32_core.cpuregs\[27\]\[3\],35.8µm
_01848_,35.77µm
_01785_,35.76µm
u_picorv32.picorv32_core.cpuregs\[29\]\[13\],35.755µm
u_picorv32.picorv32_core.cpuregs\[13\]\[28\],35.72µm
u_picorv32.picorv32_core.decoded_rd\[3\],35.72µm
_05714_,35.59µm
u_picorv32.picorv32_core.cpuregs\[16\]\[16\],35.59µm
_05273_,35.58µm
_05300_,35.58µm
_02258_,35.575µm
_04315_,35.53µm
_04916_,35.53µm
u_picorv32.picorv32_core.cpuregs\[15\]\[24\],35.53µm
u_picorv32.picorv32_core.cpuregs\[30\]\[10\],35.52µm
_04997_,35.505µm
u_picorv32.picorv32_core.decoded_rd\[4\],35.47µm
_05123_,35.385µm
u_picorv32.picorv32_core.cpuregs\[19\]\[16\],35.385µm
u_picorv32.picorv32_core.cpuregs\[13\]\[20\],35.35µm
_02507_,35.34µm
_05168_,35.34µm
u_picorv32.picorv32_core.cpuregs\[8\]\[1\],35.335µm
_03169_,35.305µm
u_picorv32.picorv32_core.cpuregs\[10\]\[18\],35.29µm
u_picorv32.picorv32_core.cpuregs\[4\]\[10\],35.255µm
_04368_,35.24µm
_01663_,35.22µm
_03175_,35.205µm
u_picorv32.picorv32_core.cpuregs\[6\]\[28\],35.18µm
_04043_,35.17µm
_05039_,35.115µm
u_picorv32.picorv32_core.cpuregs\[21\]\[21\],35.115µm
_05100_,35.1µm
u_picorv32.picorv32_core.cpuregs\[5\]\[12\],35.095µm
u_picorv32.picorv32_core.cpuregs\[13\]\[30\],35.075µm
_03150_,35.065µm
_05214_,35.045µm
_03688_,35.04µm
u_picorv32.picorv32_core.cpuregs\[16\]\[14\],35.01µm
u_picorv32.picorv32_core.cpuregs\[13\]\[5\],34.98µm
u_picorv32.picorv32_core.count_cycle\[5\],34.965µm
u_picorv32.picorv32_core.cpuregs\[17\]\[8\],34.965µm
u_picorv32.picorv32_core.cpuregs\[30\]\[20\],34.965µm
_03275_,34.95µm
_02139_,34.94µm
_02412_,34.925µm
_01616_,34.92µm
_02718_,34.89µm
_04671_,34.76µm
u_picorv32.picorv32_core.cpuregs\[30\]\[13\],34.76µm
_04987_,34.74µm
_02975_,34.735µm
u_picorv32.picorv32_core.cpuregs\[9\]\[7\],34.69µm
_03107_,34.68µm
_01557_,34.675µm
_01406_,34.62µm
_06017_,34.62µm
u_picorv32.picorv32_core.cpuregs\[31\]\[8\],34.59µm
u_picorv32.picorv32_core.cpuregs\[0\]\[28\],34.57µm
_01711_,34.555µm
u_picorv32.picorv32_core.cpuregs\[8\]\[19\],34.54µm
u_picorv32.picorv32_core.cpuregs\[6\]\[23\],34.525µm
_01864_,34.5µm
_03692_,34.5µm
_01787_,34.395µm
u_picorv32.picorv32_core.cpuregs\[10\]\[20\],34.39µm
_03334_,34.35µm
_05435_,34.34µm
_05509_,34.34µm
u_picorv32.picorv32_core.cpuregs\[14\]\[23\],34.33µm
u_picorv32.picorv32_core.cpuregs\[28\]\[1\],34.33µm
_03799_,34.31µm
u_picorv32.picorv32_core.cpuregs\[17\]\[13\],34.305µm
_01788_,34.295µm
u_picorv32.picorv32_core.cpuregs\[21\]\[26\],34.295µm
u_picorv32.picorv32_core.cpuregs\[22\]\[18\],34.285µm
u_picorv32.picorv32_core.cpuregs\[16\]\[6\],34.255µm
u_picorv32.picorv32_core.cpuregs\[31\]\[21\],34.255µm
_05681_,34.245µm
u_picorv32.picorv32_core.count_cycle\[60\],34.23µm
u_picorv32.picorv32_core.cpuregs\[31\]\[3\],34.22µm
u_picorv32.picorv32_core.cpuregs\[7\]\[15\],34.21µm
_02207_,34.2µm
_04371_,34.2µm
u_picorv32.picorv32_core.cpuregs\[30\]\[22\],34.2µm
u_picorv32.picorv32_core.cpuregs\[4\]\[20\],34.2µm
u_picorv32.picorv32_core.cpuregs\[16\]\[24\],34.175µm
_02093_,34.14µm
_04663_,34.14µm
_05323_,34.14µm
u_picorv32.picorv32_core.cpuregs\[7\]\[17\],34.14µm
u_picorv32.picorv32_core.cpuregs\[15\]\[3\],34.085µm
_01899_,34.08µm
u_picorv32.picorv32_core.cpuregs\[2\]\[10\],34.03µm
_03059_,33.99µm
u_picorv32.picorv32_core.cpuregs\[28\]\[16\],33.98µm
_04475_,33.97µm
_05391_,33.96µm
_05734_,33.96µm
u_picorv32.picorv32_core.cpuregs\[23\]\[17\],33.955µm
u_picorv32.picorv32_core.cpuregs\[15\]\[14\],33.95µm
u_picorv32.picorv32_core.cpuregs\[2\]\[23\],33.94µm
u_picorv32.picorv32_core.cpuregs\[22\]\[23\],33.935µm
u_picorv32.picorv32_core.cpuregs\[12\]\[30\],33.91µm
u_picorv32.picorv32_core.cpuregs\[21\]\[7\],33.91µm
u_picorv32.picorv32_core.cpuregs\[26\]\[10\],33.86µm
_01867_,33.85µm
_05093_,33.85µm
u_picorv32.picorv32_core.cpuregs\[16\]\[13\],33.85µm
u_picorv32.picorv32_core.mem_rdata_q\[11\],33.85µm
_02706_,33.84µm
u_picorv32.picorv32_core.cpuregs\[12\]\[4\],33.8µm
_04928_,33.79µm
u_picorv32.picorv32_core.cpuregs\[21\]\[20\],33.79µm
u_picorv32.picorv32_core.cpuregs\[27\]\[18\],33.79µm
_02179_,33.78µm
_03050_,33.74µm
u_picorv32.picorv32_core.cpuregs\[16\]\[10\],33.695µm
_03161_,33.655µm
u_picorv32.picorv32_core.cpuregs\[25\]\[3\],33.655µm
u_picorv32.picorv32_core.cpuregs\[24\]\[24\],33.645µm
u_picorv32.picorv32_core.cpuregs\[31\]\[0\],33.63µm
u_picorv32.picorv32_core.cpuregs\[14\]\[18\],33.625µm
u_picorv32.picorv32_core.cpuregs\[17\]\[18\],33.625µm
_03081_,33.6µm
_05263_,33.6µm
net583,33.6µm
u_picorv32.picorv32_core.cpuregs\[1\]\[14\],33.595µm
u_picorv32.picorv32_core.cpuregs\[6\]\[9\],33.575µm
u_picorv32.picorv32_core.cpuregs\[3\]\[0\],33.565µm
u_picorv32.picorv32_core.cpuregs\[3\]\[16\],33.55µm
_05105_,33.54µm
_01968_,33.5µm
u_picorv32.picorv32_core.cpuregs\[11\]\[28\],33.5µm
u_picorv32.picorv32_core.cpuregs\[1\]\[22\],33.5µm
_05290_,33.49µm
u_picorv32.picorv32_core.cpuregs\[17\]\[21\],33.49µm
u_picorv32.picorv32_core.cpuregs\[3\]\[29\],33.475µm
_03729_,33.44µm
u_picorv32.picorv32_core.cpuregs\[22\]\[31\],33.435µm
u_picorv32.picorv32_core.instr_rdcycleh,33.42µm
net3129,33.42µm
u_picorv32.picorv32_core.cpuregs\[8\]\[22\],33.37µm
u_picorv32.picorv32_core.cpuregs\[25\]\[25\],33.355µm
u_picorv32.picorv32_core.cpuregs\[29\]\[31\],33.355µm
u_picorv32.picorv32_core.cpuregs\[6\]\[11\],33.32µm
_02800_,33.3µm
_04127_,33.27µm
net139,33.26µm
u_picorv32.picorv32_core.cpuregs\[25\]\[6\],33.26µm
u_picorv32.picorv32_core.cpuregs\[28\]\[3\],33.26µm
_03693_,33.25µm
u_picorv32.picorv32_core.cpuregs\[1\]\[20\],33.25µm
u_picorv32.picorv32_core.cpuregs\[23\]\[16\],33.25µm
u_picorv32.picorv32_core.cpuregs\[5\]\[8\],33.25µm
u_picorv32.picorv32_core.cpuregs\[7\]\[2\],33.25µm
_03927_,33.24µm
u_picorv32.picorv32_core.cpuregs\[16\]\[26\],33.215µm
u_picorv32.picorv32_core.cpuregs\[22\]\[9\],33.2µm
u_picorv32.picorv32_core.cpuregs\[29\]\[17\],33.2µm
u_picorv32.picorv32_core.cpuregs\[18\]\[31\],33.19µm
_01953_,33.165µm
u_picorv32.picorv32_core.cpuregs\[27\]\[25\],33.145µm
u_picorv32.picorv32_core.cpuregs\[5\]\[20\],33.13µm
u_picorv32.picorv32_core.cpuregs\[9\]\[6\],33.13µm
u_picorv32.picorv32_core.cpuregs\[21\]\[24\],33.115µm
u_picorv32.picorv32_core.cpuregs\[23\]\[7\],33.105µm
u_picorv32.picorv32_core.cpuregs\[24\]\[12\],33.085µm
u_picorv32.picorv32_core.cpuregs\[12\]\[18\],33.08µm
u_picorv32.picorv32_core.cpuregs\[16\]\[8\],33.08µm
u_picorv32.picorv32_core.cpuregs\[30\]\[15\],33.08µm
_02185_,33.07µm
_03664_,33.07µm
u_picorv32.picorv32_core.cpuregs\[31\]\[11\],33.065µm
_05310_,33.045µm
u_picorv32.picorv32_core.cpuregs\[30\]\[4\],33.045µm
u_picorv32.picorv32_core.cpuregs\[22\]\[12\],33.025µm
u_picorv32.picorv32_core.cpuregs\[13\]\[1\],33µm
u_picorv32.picorv32_core.cpuregs\[15\]\[2\],32.995µm
_04744_,32.99µm
u_picorv32.picorv32_core.mem_rdata_q\[10\],32.96µm
u_picorv32.picorv32_core.cpuregs\[4\]\[21\],32.95µm
_04386_,32.94µm
u_picorv32.picorv32_core.cpuregs\[16\]\[20\],32.94µm
u_picorv32.picorv32_core.cpuregs\[22\]\[1\],32.935µm
u_picorv32.picorv32_core.cpuregs\[14\]\[9\],32.905µm
u_picorv32.picorv32_core.cpuregs\[8\]\[9\],32.9µm
_04949_,32.88µm
u_picorv32.picorv32_core.cpuregs\[3\]\[15\],32.865µm
u_picorv32.picorv32_core.cpuregs\[14\]\[1\],32.84µm
u_picorv32.picorv32_core.cpuregs\[30\]\[14\],32.84µm
u_picorv32.picorv32_core.cpuregs\[25\]\[29\],32.83µm
net239,32.82µm
net582,32.815µm
u_picorv32.picorv32_core.cpuregs\[20\]\[10\],32.795µm
_02184_,32.77µm
_02356_,32.77µm
_05293_,32.77µm
u_picorv32.picorv32_core.cpuregs\[12\]\[20\],32.77µm
_05541_,32.76µm
_05533_,32.725µm
u_picorv32.picorv32_core.cpuregs\[13\]\[12\],32.725µm
u_picorv32.picorv32_core.cpuregs\[24\]\[20\],32.72µm
u_picorv32.picorv32_core.cpuregs\[26\]\[6\],32.72µm
_01981_,32.695µm
_02165_,32.66µm
u_picorv32.picorv32_core.cpuregs\[9\]\[30\],32.66µm
u_picorv32.picorv32_core.cpuregs\[13\]\[3\],32.655µm
_05227_,32.64µm
u_picorv32.picorv32_core.cpuregs\[6\]\[6\],32.59µm
u_picorv32.picorv32_core.cpuregs\[9\]\[29\],32.585µm
u_picorv32.picorv32_core.cpuregs\[12\]\[28\],32.575µm
_03329_,32.555µm
u_picorv32.picorv32_core.cpuregs\[11\]\[2\],32.555µm
u_picorv32.picorv32_core.cpuregs\[15\]\[28\],32.55µm
_03286_,32.545µm
u_picorv32.picorv32_core.cpuregs\[13\]\[7\],32.53µm
_01543_,32.52µm
u_picorv32.picorv32_core.cpuregs\[19\]\[28\],32.45µm
_05700_,32.445µm
_04920_,32.41µm
u_picorv32.picorv32_core.cpuregs\[19\]\[4\],32.395µm
u_picorv32.picorv32_core.cpuregs\[16\]\[4\],32.37µm
u_picorv32.picorv32_core.cpuregs\[23\]\[31\],32.365µm
u_picorv32.picorv32_core.cpuregs\[10\]\[29\],32.35µm
u_picorv32.picorv32_core.cpuregs\[0\]\[5\],32.34µm
u_picorv32.picorv32_core.cpuregs\[20\]\[20\],32.335µm
u_picorv32.picorv32_core.cpuregs\[30\]\[8\],32.335µm
_02789_,32.315µm
_02602_,32.3µm
u_picorv32.picorv32_core.cpuregs\[5\]\[10\],32.29µm
u_picorv32.picorv32_core.cpuregs\[8\]\[6\],32.29µm
u_picorv32.picorv32_core.cpuregs\[13\]\[9\],32.245µm
_03495_,32.23µm
u_picorv32.picorv32_core.cpuregs\[26\]\[7\],32.23µm
u_picorv32.picorv32_core.cpuregs\[8\]\[28\],32.23µm
net1068,32.2µm
u_picorv32.picorv32_core.cpuregs\[2\]\[5\],32.17µm
_03428_,32.11µm
u_picorv32.picorv32_core.cpuregs\[21\]\[5\],32.11µm
u_picorv32.picorv32_core.reg_out\[16\],32.11µm
_05122_,32.1µm
u_picorv32.picorv32_core.cpuregs\[5\]\[31\],32.025µm
u_picorv32.picorv32_core.cpuregs\[0\]\[20\],31.99µm
u_picorv32.picorv32_core.cpuregs\[20\]\[22\],31.99µm
_01648_,31.985µm
u_picorv32.picorv32_core.cpuregs\[31\]\[22\],31.96µm
_02699_,31.94µm
u_picorv32.picorv32_core.cpuregs\[17\]\[27\],31.94µm
u_picorv32.picorv32_core.cpuregs\[20\]\[4\],31.94µm
_03591_,31.935µm
_05133_,31.93µm
u_picorv32.picorv32_core.cpuregs\[4\]\[18\],31.93µm
u_picorv32.picorv32_core.cpuregs\[5\]\[29\],31.925µm
_05169_,31.92µm
_01629_,31.905µm
u_picorv32.picorv32_core.cpuregs\[15\]\[23\],31.88µm
u_picorv32.picorv32_core.cpuregs\[25\]\[13\],31.87µm
u_picorv32.picorv32_core.cpuregs\[7\]\[28\],31.87µm
_03771_,31.85µm
u_picorv32.picorv32_core.cpuregs\[12\]\[26\],31.82µm
u_picorv32.picorv32_core.cpuregs\[17\]\[9\],31.82µm
u_picorv32.picorv32_core.cpuregs\[19\]\[14\],31.81µm
u_picorv32.picorv32_core.cpuregs\[25\]\[24\],31.805µm
_04483_,31.8µm
u_picorv32.picorv32_core.count_instr\[17\],31.77µm
u_picorv32.picorv32_core.cpuregs\[11\]\[27\],31.765µm
u_picorv32.picorv32_core.cpuregs\[27\]\[1\],31.75µm
_03834_,31.74µm
u_picorv32.picorv32_core.cpuregs\[29\]\[0\],31.74µm
_01592_,31.735µm
u_picorv32.picorv32_core.cpuregs\[30\]\[1\],31.735µm
u_picorv32.picorv32_core.cpuregs\[31\]\[18\],31.72µm
u_picorv32.picorv32_core.cpuregs\[9\]\[23\],31.705µm
u_picorv32.picorv32_core.cpuregs\[27\]\[4\],31.7µm
_03181_,31.69µm
_04665_,31.69µm
u_picorv32.picorv32_core.cpuregs\[27\]\[15\],31.68µm
u_picorv32.picorv32_core.cpuregs\[31\]\[12\],31.64µm
_01729_,31.635µm
u_picorv32.picorv32_core.cpuregs\[23\]\[19\],31.635µm
_01425_,31.63µm
_04257_,31.62µm
_05025_,31.62µm
_05422_,31.62µm
_02329_,31.605µm
u_picorv32.picorv32_core.cpuregs\[6\]\[14\],31.595µm
u_picorv32.picorv32_core.cpuregs\[17\]\[28\],31.57µm
u_picorv32.picorv32_core.cpuregs\[8\]\[0\],31.565µm
u_picorv32.picorv32_core.cpuregs\[25\]\[5\],31.52µm
_04169_,31.5µm
_02719_,31.45µm
u_picorv32.picorv32_core.cpuregs\[11\]\[8\],31.45µm
u_picorv32.picorv32_core.cpuregs\[18\]\[5\],31.435µm
u_picorv32.picorv32_core.cpuregs\[30\]\[7\],31.435µm
u_picorv32.picorv32_core.cpuregs\[5\]\[25\],31.43µm
u_picorv32.picorv32_core.count_cycle\[35\],31.425µm
u_picorv32.picorv32_core.cpuregs\[16\]\[5\],31.405µm
_04119_,31.4µm
u_picorv32.picorv32_core.count_cycle\[26\],31.4µm
u_picorv32.picorv32_core.cpuregs\[17\]\[5\],31.4µm
_04331_,31.39µm
_04952_,31.38µm
u_picorv32.picorv32_core.cpuregs\[27\]\[26\],31.33µm
_05297_,31.32µm
u_picorv32.picorv32_core.cpuregs\[27\]\[0\],31.285µm
net112,31.27µm
u_picorv32.picorv32_core.cpuregs\[11\]\[31\],31.26µm
u_picorv32.picorv32_core.cpuregs\[30\]\[19\],31.21µm
u_picorv32.picorv32_core.cpuregs\[8\]\[4\],31.17µm
_04667_,31.15µm
u_picorv32.picorv32_core.cpuregs\[7\]\[22\],31.15µm
_02548_,31.14µm
_04207_,31.14µm
u_picorv32.picorv32_core.cpuregs\[27\]\[31\],31.13µm
u_picorv32.picorv32_core.instr_sw,31.13µm
u_picorv32.picorv32_core.cpuregs\[18\]\[29\],31.11µm
_01760_,31.09µm
u_picorv32.picorv32_core.cpuregs\[28\]\[17\],31.09µm
u_picorv32.picorv32_core.cpuregs\[6\]\[15\],31.09µm
u_picorv32.picorv32_core.cpuregs\[8\]\[7\],31.08µm
u_picorv32.picorv32_core.cpuregs\[30\]\[16\],31.06µm
u_picorv32.picorv32_core.cpuregs\[5\]\[1\],31.055µm
u_picorv32.picorv32_core.cpuregs\[17\]\[10\],31.04µm
_01723_,31.02µm
_02491_,31.015µm
u_picorv32.picorv32_core.cpuregs\[8\]\[30\],30.97µm
_04293_,30.94µm
u_picorv32.picorv32_core.cpuregs\[17\]\[7\],30.925µm
_05244_,30.92µm
u_picorv32.picorv32_core.cpuregs\[2\]\[12\],30.91µm
u_picorv32.picorv32_core.cpuregs\[14\]\[24\],30.9µm
u_picorv32.picorv32_core.count_cycle\[63\],30.89µm
u_picorv32.picorv32_core.cpuregs\[24\]\[14\],30.89µm
u_picorv32.picorv32_core.cpuregs\[17\]\[20\],30.875µm
u_picorv32.picorv32_core.cpuregs\[27\]\[13\],30.875µm
u_picorv32.picorv32_core.mem_rdata_q\[0\],30.865µm
u_picorv32.picorv32_core.cpuregs\[12\]\[21\],30.86µm
u_picorv32.picorv32_core.cpuregs\[18\]\[17\],30.86µm
_05362_,30.85µm
u_picorv32.picorv32_core.cpuregs\[6\]\[21\],30.85µm
_04107_,30.84µm
net562,30.8µm
u_picorv32.picorv32_core.cpuregs\[24\]\[28\],30.79µm
u_picorv32.picorv32_core.cpuregs\[9\]\[0\],30.78µm
_05694_,30.775µm
_05659_,30.745µm
u_picorv32.picorv32_core.cpuregs\[23\]\[28\],30.74µm
u_picorv32.picorv32_core.cpuregs\[21\]\[14\],30.73µm
u_picorv32.picorv32_core.mem_rdata_q\[1\],30.72µm
u_picorv32.picorv32_core.cpuregs\[28\]\[29\],30.7µm
u_picorv32.picorv32_core.cpuregs\[7\]\[13\],30.69µm
u_picorv32.picorv32_core.cpuregs\[5\]\[30\],30.67µm
u_picorv32.picorv32_core.cpuregs\[16\]\[23\],30.655µm
u_picorv32.picorv32_core.cpuregs\[28\]\[9\],30.645µm
u_picorv32.picorv32_core.cpuregs\[13\]\[2\],30.61µm
u_picorv32.picorv32_core.cpuregs\[7\]\[7\],30.61µm
_02098_,30.6µm
_05551_,30.6µm
u_picorv32.picorv32_core.cpuregs\[7\]\[29\],30.535µm
u_picorv32.picorv32_core.cpuregs\[19\]\[13\],30.53µm
u_picorv32.picorv32_core.cpuregs\[30\]\[18\],30.525µm
u_picorv32.picorv32_core.cpuregs\[5\]\[19\],30.505µm
u_picorv32.picorv32_core.count_instr\[57\],30.5µm
_05067_,30.49µm
_05465_,30.49µm
_05927_,30.48µm
u_picorv32.picorv32_core.cpuregs\[15\]\[8\],30.475µm
u_picorv32.picorv32_core.cpuregs\[27\]\[20\],30.475µm
_05213_,30.44µm
u_picorv32.picorv32_core.cpuregs\[25\]\[1\],30.44µm
_04385_,30.43µm
u_picorv32.picorv32_core.cpuregs\[14\]\[8\],30.425µm
_05108_,30.42µm
_05565_,30.405µm
net1061,30.385µm
u_picorv32.picorv32_core.cpuregs\[26\]\[21\],30.37µm
u_picorv32.picorv32_core.count_cycle\[27\],30.365µm
_04802_,30.36µm
_04940_,30.36µm
u_picorv32.picorv32_core.cpuregs\[28\]\[7\],30.36µm
u_picorv32.picorv32_core.cpuregs\[4\]\[16\],30.355µm
u_picorv32.picorv32_core.cpuregs\[6\]\[13\],30.335µm
u_picorv32.picorv32_core.count_cycle\[28\],30.325µm
u_picorv32.picorv32_core.cpuregs\[1\]\[2\],30.32µm
u_picorv32.picorv32_core.cpuregs\[20\]\[8\],30.32µm
u_picorv32.picorv32_core.cpuregs\[28\]\[22\],30.32µm
u_picorv32.picorv32_core.cpuregs\[1\]\[17\],30.29µm
u_picorv32.picorv32_core.count_instr\[6\],30.26µm
u_picorv32.picorv32_core.cpuregs\[6\]\[7\],30.26µm
_04977_,30.24µm
net118,30.205µm
u_picorv32.picorv32_core.cpuregs\[28\]\[19\],30.205µm
_02935_,30.2µm
u_picorv32.picorv32_core.cpuregs\[6\]\[22\],30.19µm
net559,30.18µm
u_picorv32.picorv32_core.cpuregs\[26\]\[19\],30.175µm
u_picorv32.picorv32_core.cpuregs\[17\]\[1\],30.165µm
u_picorv32.picorv32_core.cpuregs\[29\]\[19\],30.165µm
u_picorv32.picorv32_core.cpuregs\[16\]\[25\],30.13µm
u_picorv32.picorv32_core.cpuregs\[16\]\[19\],30.125µm
_01753_,30.115µm
u_picorv32.picorv32_core.cpuregs\[17\]\[11\],30.08µm
_02112_,30.07µm
_05264_,30.06µm
u_picorv32.picorv32_core.cpuregs\[4\]\[12\],30.055µm
u_picorv32.picorv32_core.cpuregs\[27\]\[19\],30.05µm
u_picorv32.picorv32_core.cpuregs\[18\]\[6\],30.035µm
u_picorv32.picorv32_core.count_cycle\[14\],30.03µm
u_picorv32.picorv32_core.cpuregs\[5\]\[13\],30.03µm
u_picorv32.picorv32_core.cpuregs\[22\]\[27\],30.025µm
_02433_,30.01µm
u_picorv32.picorv32_core.cpuregs\[8\]\[31\],30.01µm
_03007_,30µm
u_picorv32.picorv32_core.cpuregs\[11\]\[25\],29.975µm
_01764_,29.97µm
u_picorv32.picorv32_core.cpuregs\[31\]\[15\],29.965µm
u_picorv32.picorv32_core.cpuregs\[21\]\[19\],29.96µm
_05065_,29.95µm
u_picorv32.picorv32_core.cpuregs\[17\]\[22\],29.95µm
u_picorv32.picorv32_core.cpuregs\[27\]\[14\],29.95µm
u_picorv32.picorv32_core.cpuregs\[7\]\[9\],29.95µm
u_picorv32.picorv32_core.cpuregs\[4\]\[7\],29.935µm
u_picorv32.picorv32_core.cpuregs\[20\]\[26\],29.91µm
u_picorv32.picorv32_core.cpuregs\[6\]\[1\],29.9µm
_02365_,29.89µm
u_picorv32.picorv32_core.cpuregs\[19\]\[25\],29.89µm
_05918_,29.88µm
u_picorv32.picorv32_core.cpuregs\[22\]\[5\],29.88µm
u_picorv32.picorv32_core.cpuregs\[11\]\[15\],29.87µm
u_picorv32.picorv32_core.cpuregs\[12\]\[6\],29.85µm
u_picorv32.picorv32_core.cpuregs\[6\]\[2\],29.85µm
u_picorv32.picorv32_core.cpuregs\[0\]\[14\],29.84µm
u_picorv32.picorv32_core.cpuregs\[19\]\[24\],29.805µm
_03444_,29.785µm
u_picorv32.picorv32_core.cpuregs\[14\]\[17\],29.78µm
u_picorv32.picorv32_core.cpuregs\[21\]\[12\],29.78µm
u_picorv32.picorv32_core.cpuregs\[27\]\[24\],29.78µm
u_picorv32.picorv32_core.cpuregs\[12\]\[5\],29.77µm
u_picorv32.picorv32_core.cpuregs\[10\]\[0\],29.735µm
_01810_,29.72µm
_01769_,29.715µm
u_picorv32.picorv32_core.cpuregs\[15\]\[15\],29.71µm
u_picorv32.picorv32_core.cpuregs\[5\]\[28\],29.71µm
_01702_,29.7µm
_04999_,29.7µm
u_picorv32.picorv32_core.cpuregs\[23\]\[22\],29.7µm
u_picorv32.picorv32_core.cpuregs\[10\]\[11\],29.65µm
_01790_,29.625µm
u_picorv32.picorv32_core.cpuregs\[11\]\[6\],29.61µm
u_picorv32.picorv32_core.cpuregs\[17\]\[6\],29.605µm
u_picorv32.picorv32_core.cpuregs\[19\]\[12\],29.605µm
u_picorv32.picorv32_core.cpuregs\[14\]\[11\],29.6µm
u_picorv32.picorv32_core.cpuregs\[2\]\[11\],29.575µm
net35,29.56µm
u_picorv32.picorv32_core.cpuregs\[12\]\[11\],29.53µm
u_picorv32.picorv32_core.reg_next_pc\[24\],29.53µm
_02546_,29.52µm
u_picorv32.picorv32_core.cpuregs\[1\]\[12\],29.515µm
_05528_,29.485µm
u_picorv32.picorv32_core.cpuregs\[3\]\[11\],29.48µm
_03135_,29.47µm
u_picorv32.picorv32_core.cpuregs\[18\]\[16\],29.47µm
_04456_,29.455µm
u_picorv32.picorv32_core.cpuregs\[19\]\[3\],29.455µm
u_picorv32.picorv32_core.cpuregs\[25\]\[31\],29.42µm
u_picorv32.picorv32_core.cpuregs\[20\]\[1\],29.41µm
_04434_,29.4µm
_05646_,29.4µm
_03349_,29.395µm
_02815_,29.37µm
_02895_,29.37µm
_03366_,29.365µm
u_picorv32.picorv32_core.cpuregs\[8\]\[5\],29.36µm
u_picorv32.picorv32_core.cpuregs\[27\]\[30\],29.345µm
_01730_,29.305µm
u_picorv32.picorv32_core.cpuregs\[11\]\[29\],29.3µm
_05574_,29.29µm
net31,29.29µm
u_picorv32.picorv32_core.cpuregs\[0\]\[27\],29.29µm
u_picorv32.picorv32_core.cpuregs\[26\]\[20\],29.245µm
_02523_,29.24µm
_04714_,29.23µm
_01321_,29.205µm
u_picorv32.picorv32_core.cpuregs\[30\]\[28\],29.195µm
u_picorv32.picorv32_core.cpuregs\[20\]\[9\],29.18µm
u_picorv32.picorv32_core.cpuregs\[21\]\[30\],29.17µm
_02622_,29.16µm
u_picorv32.picorv32_core.cpuregs\[25\]\[14\],29.145µm
_01728_,29.11µm
u_picorv32.picorv32_core.cpuregs\[15\]\[10\],29.11µm
u_picorv32.picorv32_core.cpuregs\[15\]\[21\],29.08µm
u_picorv32.picorv32_core.cpuregs\[19\]\[5\],29.075µm
u_picorv32.picorv32_core.cpuregs\[7\]\[3\],29.06µm
_02447_,29.055µm
_01546_,29.045µm
_01846_,29.04µm
_03515_,29.04µm
_05051_,29.04µm
u_picorv32.picorv32_core.cpuregs\[15\]\[9\],29.04µm
_03584_,29.02µm
u_picorv32.picorv32_core.cpuregs\[13\]\[17\],29.015µm
u_picorv32.picorv32_core.cpuregs\[24\]\[4\],29.005µm
u_picorv32.picorv32_core.cpuregs\[30\]\[9\],29µm
u_picorv32.picorv32_core.cpuregs\[8\]\[17\],28.99µm
_02046_,28.985µm
u_picorv32.picorv32_core.cpuregs\[1\]\[9\],28.95µm
_02559_,28.945µm
u_picorv32.picorv32_core.cpuregs\[11\]\[21\],28.945µm
u_picorv32.picorv32_core.cpuregs\[2\]\[7\],28.94µm
u_picorv32.picorv32_core.cpuregs\[5\]\[16\],28.94µm
_02587_,28.93µm
_04808_,28.93µm
u_picorv32.picorv32_core.cpuregs\[23\]\[2\],28.93µm
u_picorv32.picorv32_core.cpuregs\[17\]\[30\],28.895µm
u_picorv32.picorv32_core.cpuregs\[18\]\[0\],28.885µm
u_picorv32.picorv32_core.cpuregs\[29\]\[25\],28.885µm
u_picorv32.picorv32_core.cpuregs\[1\]\[13\],28.88µm
u_picorv32.picorv32_core.cpuregs\[4\]\[1\],28.88µm
u_picorv32.picorv32_core.cpuregs\[19\]\[31\],28.87µm
u_picorv32.picorv32_core.cpuregs\[31\]\[19\],28.87µm
u_picorv32.picorv32_core.cpuregs\[4\]\[11\],28.87µm
_03619_,28.86µm
u_picorv32.picorv32_core.cpuregs\[23\]\[20\],28.845µm
_01778_,28.81µm
_04993_,28.81µm
u_picorv32.picorv32_core.cpuregs\[16\]\[30\],28.81µm
u_picorv32.picorv32_core.cpuregs\[4\]\[24\],28.81µm
u_picorv32.picorv32_core.cpuregs\[1\]\[0\],28.8µm
u_picorv32.picorv32_core.cpuregs\[9\]\[27\],28.8µm
u_picorv32.picorv32_core.cpuregs\[11\]\[3\],28.78µm
u_picorv32.picorv32_core.cpuregs\[7\]\[12\],28.78µm
_02964_,28.76µm
u_picorv32.picorv32_core.cpuregs\[22\]\[29\],28.76µm
u_picorv32.picorv32_core.count_cycle\[20\],28.755µm
u_picorv32.picorv32_core.cpuregs\[13\]\[6\],28.75µm
u_picorv32.picorv32_core.cpuregs\[31\]\[29\],28.745µm
u_picorv32.picorv32_core.cpuregs\[5\]\[21\],28.695µm
u_picorv32.picorv32_core.cpuregs\[13\]\[26\],28.69µm
_04649_,28.68µm
_05042_,28.675µm
u_picorv32.picorv32_core.cpuregs\[12\]\[0\],28.675µm
u_picorv32.picorv32_core.reg_next_pc\[22\],28.675µm
u_picorv32.picorv32_core.cpuregs\[14\]\[25\],28.64µm
_03272_,28.635µm
u_picorv32.picorv32_core.cpuregs\[6\]\[18\],28.635µm
u_picorv32.picorv32_core.cpuregs\[10\]\[9\],28.63µm
u_picorv32.picorv32_core.cpuregs\[11\]\[13\],28.63µm
u_picorv32.picorv32_core.cpuregs\[8\]\[20\],28.63µm
_05654_,28.62µm
u_picorv32.picorv32_core.cpuregs\[30\]\[27\],28.615µm
u_picorv32.picorv32_core.cpuregs\[9\]\[11\],28.615µm
u_picorv32.picorv32_core.cpuregs\[31\]\[16\],28.6µm
_03636_,28.58µm
u_picorv32.picorv32_core.cpuregs\[26\]\[8\],28.57µm
_04498_,28.56µm
u_picorv32.picorv32_core.cpuregs\[5\]\[5\],28.555µm
u_picorv32.picorv32_core.cpuregs\[19\]\[26\],28.55µm
_03077_,28.545µm
u_picorv32.picorv32_core.cpuregs\[5\]\[4\],28.53µm
u_picorv32.picorv32_core.cpuregs\[5\]\[7\],28.52µm
_01861_,28.51µm
_03749_,28.51µm
u_picorv32.picorv32_core.cpuregs\[11\]\[7\],28.51µm
u_picorv32.picorv32_core.cpuregs\[16\]\[3\],28.51µm
u_picorv32.picorv32_core.cpuregs\[11\]\[5\],28.5µm
u_picorv32.picorv32_core.cpuregs\[20\]\[19\],28.47µm
u_picorv32.picorv32_core.cpuregs\[25\]\[10\],28.465µm
u_picorv32.picorv32_core.cpuregs\[1\]\[28\],28.455µm
_01727_,28.45µm
_02985_,28.45µm
u_picorv32.picorv32_core.cpuregs\[11\]\[0\],28.45µm
_05762_,28.44µm
u_picorv32.picorv32_core.cpuregs\[27\]\[23\],28.44µm
u_picorv32.picorv32_core.cpuregs\[21\]\[31\],28.41µm
u_picorv32.picorv32_core.cpuregs\[29\]\[18\],28.41µm
u_picorv32.picorv32_core.cpuregs\[14\]\[4\],28.4µm
_05078_,28.38µm
u_picorv32.picorv32_core.cpuregs\[9\]\[14\],28.38µm
u_picorv32.picorv32_core.cpuregs\[19\]\[22\],28.375µm
_04060_,28.36µm
u_picorv32.picorv32_core.cpuregs\[8\]\[11\],28.355µm
u_picorv32.picorv32_core.cpuregs\[3\]\[27\],28.34µm
u_picorv32.picorv32_core.cpuregs\[7\]\[23\],28.33µm
_02753_,28.32µm
u_picorv32.picorv32_core.mem_rdata_q\[3\],28.23µm
u_picorv32.picorv32_core.cpuregs\[12\]\[10\],28.21µm
u_picorv32.picorv32_core.cpuregs\[13\]\[10\],28.21µm
_05131_,28.2µm
u_picorv32.picorv32_core.cpuregs\[9\]\[10\],28.19µm
u_picorv32.picorv32_core.cpuregs\[13\]\[13\],28.17µm
u_picorv32.picorv32_core.cpuregs\[0\]\[2\],28.15µm
_04658_,28.14µm
u_picorv32.picorv32_core.cpuregs\[29\]\[27\],28.14µm
u_picorv32.picorv32_core.cpuregs\[28\]\[13\],28.135µm
u_picorv32.picorv32_core.cpuregs\[21\]\[27\],28.125µm
_03106_,28.105µm
u_picorv32.picorv32_core.cpuregs\[24\]\[27\],28.1µm
_04077_,28.09µm
u_picorv32.picorv32_core.cpuregs\[31\]\[14\],28.09µm
u_picorv32.picorv32_core.cpuregs\[21\]\[17\],28.08µm
u_picorv32.picorv32_core.cpuregs\[25\]\[19\],28.08µm
u_picorv32.picorv32_core.cpuregs\[20\]\[7\],28.06µm
u_picorv32.picorv32_core.cpuregs\[14\]\[3\],28.055µm
u_picorv32.picorv32_core.cpuregs\[9\]\[26\],28.045µm
u_picorv32.picorv32_core.cpuregs\[15\]\[5\],28.04µm
u_picorv32.picorv32_core.cpuregs\[1\]\[10\],28.04µm
u_picorv32.picorv32_core.cpuregs\[24\]\[3\],28.04µm
u_picorv32.picorv32_core.cpuregs\[10\]\[2\],28.03µm
u_picorv32.picorv32_core.cpuregs\[19\]\[20\],28.03µm
u_picorv32.picorv32_core.cpuregs\[27\]\[29\],28.015µm
_03057_,28.01µm
u_picorv32.picorv32_core.cpuregs\[26\]\[13\],27.985µm
u_picorv32.picorv32_core.mem_rdata_q\[5\],27.985µm
_03534_,27.98µm
u_picorv32.picorv32_core.cpuregs\[12\]\[25\],27.98µm
_05668_,27.975µm
u_picorv32.picorv32_core.cpuregs\[12\]\[22\],27.97µm
_05602_,27.965µm
_03795_,27.955µm
u_picorv32.picorv32_core.cpuregs\[24\]\[1\],27.955µm
u_picorv32.picorv32_core.reg_pc\[26\],27.955µm
u_picorv32.picorv32_core.cpuregs\[20\]\[11\],27.93µm
u_picorv32.picorv32_core.cpuregs\[24\]\[22\],27.93µm
u_picorv32.picorv32_core.cpuregs\[5\]\[14\],27.92µm
_01713_,27.905µm
u_picorv32.picorv32_core.cpuregs\[19\]\[23\],27.9µm
u_picorv32.picorv32_core.cpuregs\[16\]\[1\],27.875µm
_05313_,27.85µm
_05298_,27.84µm
u_picorv32.picorv32_core.cpuregs\[26\]\[16\],27.825µm
u_picorv32.picorv32_core.instr_bltu,27.815µm
_02968_,27.81µm
u_picorv32.picorv32_core.cpuregs\[21\]\[3\],27.81µm
u_picorv32.picorv32_core.cpuregs\[29\]\[3\],27.805µm
u_picorv32.picorv32_core.cpuregs\[15\]\[13\],27.79µm
u_picorv32.picorv32_core.cpuregs\[14\]\[15\],27.745µm
u_picorv32.picorv32_core.cpuregs\[3\]\[5\],27.745µm
_03580_,27.74µm
u_picorv32.picorv32_core.cpuregs\[29\]\[5\],27.74µm
_02174_,27.73µm
u_picorv32.picorv32_core.cpuregs\[8\]\[29\],27.73µm
u_picorv32.picorv32_core.cpuregs\[21\]\[22\],27.68µm
u_picorv32.picorv32_core.cpuregs\[6\]\[26\],27.68µm
_05915_,27.67µm
u_picorv32.picorv32_core.cpuregs\[23\]\[30\],27.67µm
u_picorv32.picorv32_core.cpuregs\[9\]\[24\],27.67µm
u_picorv32.picorv32_core.cpuregs\[15\]\[6\],27.655µm
u_picorv32.picorv32_core.cpuregs\[21\]\[15\],27.655µm
u_picorv32.picorv32_core.cpuregs\[27\]\[6\],27.655µm
u_picorv32.picorv32_core.cpuregs\[13\]\[23\],27.645µm
_02359_,27.64µm
u_picorv32.picorv32_core.cpuregs\[23\]\[27\],27.64µm
u_picorv32.picorv32_core.cpuregs\[16\]\[29\],27.61µm
u_picorv32.picorv32_core.cpuregs\[25\]\[2\],27.61µm
u_picorv32.picorv32_core.cpuregs\[31\]\[7\],27.61µm
_04544_,27.6µm
_04875_,27.6µm
_05128_,27.6µm
_01863_,27.595µm
u_picorv32.picorv32_core.cpuregs\[26\]\[17\],27.595µm
u_picorv32.picorv32_core.cpuregs\[26\]\[11\],27.56µm
u_picorv32.picorv32_core.cpuregs\[3\]\[23\],27.55µm
u_picorv32.picorv32_core.cpuregs\[18\]\[8\],27.54µm
u_picorv32.picorv32_core.cpuregs\[3\]\[22\],27.54µm
u_picorv32.picorv32_core.cpuregs\[0\]\[26\],27.49µm
u_picorv32.picorv32_core.cpuregs\[14\]\[26\],27.49µm
_04973_,27.48µm
u_picorv32.picorv32_core.cpuregs\[11\]\[12\],27.48µm
u_picorv32.picorv32_core.cpuregs\[18\]\[7\],27.475µm
u_picorv32.picorv32_core.cpuregs\[20\]\[17\],27.445µm
u_picorv32.picorv32_core.cpuregs\[25\]\[4\],27.44µm
_03421_,27.435µm
_04314_,27.42µm
u_picorv32.picorv32_core.cpuregs\[4\]\[17\],27.415µm
u_picorv32.picorv32_core.cpuregs\[18\]\[22\],27.39µm
u_picorv32.picorv32_core.cpuregs\[27\]\[10\],27.39µm
_03113_,27.385µm
u_picorv32.picorv32_core.cpuregs\[7\]\[10\],27.385µm
u_picorv32.picorv32_core.cpuregs\[7\]\[21\],27.385µm
u_picorv32.picorv32_core.cpuregs\[29\]\[20\],27.38µm
_05501_,27.37µm
u_picorv32.picorv32_core.cpuregs\[3\]\[13\],27.37µm
_01814_,27.365µm
_04248_,27.325µm
u_picorv32.picorv32_core.cpuregs\[11\]\[17\],27.325µm
_01628_,27.32µm
u_picorv32.picorv32_core.cpuregs\[11\]\[30\],27.315µm
_02196_,27.285µm
u_picorv32.picorv32_core.cpuregs\[20\]\[25\],27.285µm
u_picorv32.picorv32_core.count_instr\[50\],27.26µm
u_picorv32.picorv32_core.cpuregs\[8\]\[12\],27.26µm
net119,27.25µm
u_picorv32.picorv32_core.cpuregs\[9\]\[8\],27.25µm
u_picorv32.picorv32_core.cpuregs\[8\]\[15\],27.24µm
u_picorv32.picorv32_core.cpuregs\[18\]\[27\],27.2µm
u_picorv32.picorv32_core.cpuregs\[8\]\[3\],27.2µm
u_picorv32.picorv32_core.cpuregs\[15\]\[16\],27.19µm
u_picorv32.picorv32_core.cpuregs\[16\]\[9\],27.19µm
_04918_,27.18µm
u_picorv32.picorv32_core.cpuregs\[29\]\[4\],27.155µm
u_picorv32.picorv32_core.cpuregs\[11\]\[18\],27.14µm
u_picorv32.picorv32_core.cpuregs\[31\]\[1\],27.14µm
_05287_,27.13µm
u_picorv32.picorv32_core.cpuregs\[13\]\[31\],27.13µm
_04979_,27.12µm
_05171_,27.12µm
u_picorv32.picorv32_core.cpuregs\[16\]\[2\],27.115µm
_04464_,27.09µm
_02934_,27.08µm
u_picorv32.picorv32_core.cpuregs\[1\]\[3\],27.08µm
u_picorv32.picorv32_core.instr_slti,27.08µm
_02971_,27.07µm
u_picorv32.picorv32_core.cpu_state\[5\],27.07µm
u_picorv32.picorv32_core.cpuregs\[10\]\[26\],27.07µm
_05562_,27.02µm
_02158_,27.01µm
_02350_,27.01µm
u_picorv32.picorv32_core.cpuregs\[0\]\[6\],27.01µm
u_picorv32.picorv32_core.cpuregs\[30\]\[25\],27.01µm
u_picorv32.picorv32_core.cpuregs\[6\]\[31\],27.005µm
net133,27µm
u_picorv32.picorv32_core.cpuregs\[15\]\[0\],26.995µm
u_picorv32.picorv32_core.cpuregs\[23\]\[24\],26.995µm
u_picorv32.picorv32_core.cpuregs\[25\]\[9\],26.985µm
u_picorv32.picorv32_core.cpuregs\[25\]\[26\],26.97µm
u_picorv32.picorv32_core.cpuregs\[10\]\[12\],26.965µm
u_picorv32.picorv32_core.cpuregs\[31\]\[25\],26.955µm
_05276_,26.95µm
u_picorv32.picorv32_core.cpuregs\[30\]\[6\],26.95µm
u_picorv32.picorv32_core.cpuregs\[12\]\[31\],26.925µm
u_picorv32.picorv32_core.count_cycle\[3\],26.92µm
u_picorv32.picorv32_core.cpuregs\[22\]\[2\],26.91µm
u_picorv32.picorv32_core.cpuregs\[3\]\[20\],26.91µm
_03768_,26.905µm
u_picorv32.picorv32_core.cpuregs\[18\]\[25\],26.905µm
_05615_,26.9µm
u_picorv32.picorv32_core.cpuregs\[30\]\[23\],26.9µm
_04937_,26.89µm
u_picorv32.picorv32_core.cpuregs\[12\]\[12\],26.85µm
u_picorv32.picorv32_core.cpuregs\[27\]\[9\],26.845µm
_01755_,26.84µm
_02137_,26.84µm
_05185_,26.83µm
u_picorv32.picorv32_core.cpuregs\[15\]\[7\],26.83µm
u_picorv32.picorv32_core.cpuregs\[2\]\[1\],26.83µm
u_picorv32.picorv32_core.cpuregs\[18\]\[2\],26.815µm
u_picorv32.picorv32_core.cpuregs\[22\]\[3\],26.805µm
u_picorv32.picorv32_core.count_instr\[59\],26.795µm
_05490_,26.79µm
_02043_,26.78µm
u_picorv32.picorv32_core.cpuregs\[28\]\[6\],26.77µm
_04590_,26.755µm
u_picorv32.picorv32_core.cpuregs\[31\]\[30\],26.75µm
u_picorv32.picorv32_core.cpuregs\[30\]\[11\],26.735µm
_02069_,26.72µm
u_picorv32.picorv32_core.cpuregs\[29\]\[21\],26.72µm
u_picorv32.picorv32_core.cpuregs\[23\]\[12\],26.715µm
_05143_,26.71µm
u_picorv32.picorv32_core.cpuregs\[13\]\[25\],26.71µm
u_picorv32.picorv32_core.cpuregs\[28\]\[2\],26.71µm
u_picorv32.picorv32_core.cpuregs\[4\]\[15\],26.71µm
u_picorv32.picorv32_core.cpuregs\[7\]\[1\],26.71µm
u_picorv32.picorv32_core.cpuregs\[29\]\[9\],26.705µm
net1063,26.705µm
_01596_,26.7µm
_02414_,26.685µm
_03133_,26.665µm
u_picorv32.picorv32_core.cpuregs\[17\]\[4\],26.66µm
u_picorv32.picorv32_core.decoded_imm_j\[4\],26.66µm
_02136_,26.65µm
_04961_,26.65µm
u_picorv32.picorv32_core.cpuregs\[12\]\[24\],26.65µm
u_picorv32.picorv32_core.cpuregs\[21\]\[4\],26.65µm
u_picorv32.picorv32_core.cpuregs\[26\]\[12\],26.65µm
u_picorv32.picorv32_core.cpuregs\[6\]\[24\],26.65µm
net3160,26.65µm
_01572_,26.64µm
_04083_,26.64µm
_04803_,26.64µm
_04924_,26.64µm
_03388_,26.635µm
u_picorv32.picorv32_core.cpuregs\[14\]\[6\],26.62µm
_01677_,26.61µm
u_picorv32.picorv32_core.cpuregs\[29\]\[26\],26.605µm
u_picorv32.picorv32_core.cpuregs\[21\]\[18\],26.6µm
u_picorv32.picorv32_core.cpuregs\[25\]\[0\],26.6µm
u_picorv32.picorv32_core.cpuregs\[9\]\[25\],26.6µm
u_picorv32.picorv32_core.cpuregs\[2\]\[28\],26.59µm
u_picorv32.picorv32_core.cpuregs\[4\]\[28\],26.585µm
_02298_,26.58µm
u_picorv32.picorv32_core.cpuregs\[12\]\[16\],26.555µm
u_picorv32.picorv32_core.cpuregs\[24\]\[25\],26.545µm
u_picorv32.picorv32_core.reg_next_pc\[7\],26.54µm
u_picorv32.picorv32_core.cpuregs\[14\]\[2\],26.53µm
u_picorv32.picorv32_core.cpuregs\[3\]\[1\],26.53µm
u_picorv32.picorv32_core.cpuregs\[9\]\[18\],26.53µm
_02634_,26.52µm
_05591_,26.52µm
u_picorv32.picorv32_core.cpuregs\[9\]\[19\],26.49µm
net114,26.485µm
u_picorv32.picorv32_core.cpuregs\[12\]\[3\],26.48µm
_04991_,26.47µm
_03666_,26.46µm
_04586_,26.46µm
u_picorv32.picorv32_core.cpuregs\[24\]\[5\],26.435µm
u_picorv32.picorv32_core.count_cycle\[59\],26.42µm
_03570_,26.415µm
u_picorv32.picorv32_core.cpuregs\[3\]\[31\],26.41µm
u_picorv32.picorv32_core.cpuregs\[7\]\[6\],26.41µm
_02535_,26.4µm
_04312_,26.4µm
u_picorv32.picorv32_core.reg_out\[25\],26.375µm
u_picorv32.picorv32_core.cpuregs\[25\]\[30\],26.37µm
u_picorv32.picorv32_core.cpuregs\[26\]\[1\],26.37µm
u_picorv32.picorv32_core.cpuregs\[1\]\[29\],26.36µm
_05147_,26.35µm
u_picorv32.picorv32_core.cpuregs\[20\]\[16\],26.35µm
_03624_,26.34µm
u_picorv32.picorv32_core.cpuregs\[23\]\[1\],26.325µm
u_picorv32.picorv32_core.cpuregs\[23\]\[6\],26.315µm
_02260_,26.28µm
_05066_,26.275µm
_03740_,26.265µm
u_picorv32.picorv32_core.cpuregs\[29\]\[29\],26.245µm
_03417_,26.24µm
u_picorv32.picorv32_core.cpuregs\[31\]\[23\],26.23µm
u_picorv32.picorv32_core.cpuregs\[9\]\[22\],26.23µm
u_picorv32.picorv32_core.cpuregs\[1\]\[26\],26.215µm
_01674_,26.205µm
u_picorv32.picorv32_core.count_cycle\[30\],26.19µm
u_picorv32.picorv32_core.cpuregs\[2\]\[0\],26.185µm
_02553_,26.17µm
_05802_,26.17µm
u_picorv32.picorv32_core.cpuregs\[16\]\[18\],26.17µm
u_picorv32.picorv32_core.cpuregs\[5\]\[2\],26.17µm
_04037_,26.16µm
u_picorv32.picorv32_core.cpuregs\[13\]\[0\],26.16µm
u_picorv32.picorv32_core.cpuregs\[10\]\[15\],26.155µm
_03610_,26.13µm
u_picorv32.picorv32_core.cpuregs\[30\]\[5\],26.13µm
u_picorv32.picorv32_core.cpuregs\[20\]\[28\],26.11µm
u_picorv32.picorv32_core.cpuregs\[2\]\[19\],26.11µm
u_picorv32.picorv32_core.cpuregs\[30\]\[30\],26.11µm
_02995_,26.1µm
u_picorv32.picorv32_core.cpuregs\[0\]\[13\],26.065µm
u_picorv32.picorv32_core.cpuregs\[27\]\[27\],26.065µm
_04707_,26.06µm
u_picorv32.picorv32_core.cpuregs\[17\]\[25\],26.06µm
_02237_,26.05µm
_03616_,26.05µm
u_picorv32.picorv32_core.cpuregs\[27\]\[28\],26.05µm
u_picorv32.picorv32_core.cpuregs\[27\]\[5\],26.05µm
u_picorv32.picorv32_core.cpuregs\[6\]\[29\],26.05µm
_01906_,26.04µm
_05231_,26.04µm
u_picorv32.picorv32_core.cpuregs\[4\]\[31\],26.035µm
u_picorv32.picorv32_core.cpuregs\[5\]\[23\],26.015µm
u_picorv32.picorv32_core.cpuregs\[2\]\[25\],26.005µm
_01752_,26µm
_05209_,25.99µm
u_picorv32.picorv32_core.count_instr\[31\],25.99µm
u_picorv32.picorv32_core.cpuregs\[10\]\[19\],25.99µm
u_picorv32.picorv32_core.cpuregs\[16\]\[11\],25.99µm
u_picorv32.picorv32_core.cpuregs\[1\]\[1\],25.98µm
u_picorv32.picorv32_core.cpuregs\[1\]\[11\],25.975µm
u_picorv32.picorv32_core.cpuregs\[21\]\[10\],25.975µm
u_picorv32.picorv32_core.cpuregs\[23\]\[3\],25.97µm
_03586_,25.96µm
u_picorv32.picorv32_core.cpuregs\[26\]\[24\],25.955µm
u_picorv32.picorv32_core.cpuregs\[15\]\[11\],25.95µm
_03637_,25.94µm
u_picorv32.picorv32_core.cpuregs\[16\]\[28\],25.915µm
u_picorv32.picorv32_core.cpuregs\[18\]\[4\],25.915µm
u_picorv32.picorv32_core.cpuregs\[24\]\[31\],25.915µm
u_picorv32.picorv32_core.cpuregs\[15\]\[29\],25.91µm
_02604_,25.895µm
u_picorv32.picorv32_core.cpuregs\[9\]\[12\],25.85µm
_05315_,25.845µm
u_picorv32.picorv32_core.cpuregs\[6\]\[5\],25.845µm
net855,25.845µm
_02524_,25.84µm
_01756_,25.835µm
_03415_,25.82µm
_02700_,25.815µm
_03743_,25.81µm
u_picorv32.picorv32_core.cpuregs\[10\]\[16\],25.81µm
u_picorv32.picorv32_core.cpuregs\[17\]\[23\],25.81µm
u_picorv32.picorv32_core.cpuregs\[11\]\[9\],25.805µm
u_picorv32.picorv32_core.cpuregs\[18\]\[20\],25.8µm
_01744_,25.755µm
_05665_,25.755µm
u_picorv32.picorv32_core.cpuregs\[15\]\[18\],25.75µm
u_picorv32.picorv32_core.cpuregs\[23\]\[26\],25.74µm
_04409_,25.7µm
u_picorv32.picorv32_core.cpuregs\[18\]\[24\],25.7µm
u_picorv32.picorv32_core.cpuregs\[24\]\[2\],25.7µm
u_picorv32.picorv32_core.cpuregs\[27\]\[2\],25.695µm
u_picorv32.picorv32_core.cpuregs\[15\]\[25\],25.69µm
u_picorv32.picorv32_core.cpuregs\[1\]\[18\],25.69µm
u_picorv32.picorv32_core.cpuregs\[31\]\[9\],25.69µm
u_picorv32.picorv32_core.cpuregs\[27\]\[21\],25.685µm
u_picorv32.picorv32_core.cpuregs\[4\]\[25\],25.685µm
_05292_,25.68µm
_05469_,25.665µm
u_picorv32.picorv32_core.cpuregs\[14\]\[27\],25.645µm
u_picorv32.picorv32_core.cpuregs\[7\]\[11\],25.62µm
u_picorv32.picorv32_core.cpuregs\[8\]\[8\],25.62µm
u_picorv32.picorv32_core.cpuregs\[22\]\[11\],25.59µm
u_picorv32.picorv32_core.cpuregs\[10\]\[17\],25.585µm
u_picorv32.picorv32_core.cpuregs\[26\]\[18\],25.585µm
_02308_,25.58µm
_03667_,25.57µm
_04754_,25.57µm
u_picorv32.picorv32_core.cpuregs\[6\]\[0\],25.57µm
u_picorv32.picorv32_core.mem_do_wdata,25.57µm
_03803_,25.56µm
u_picorv32.picorv32_core.instr_sltu,25.53µm
_01289_,25.51µm
u_picorv32.picorv32_core.cpuregs\[28\]\[12\],25.51µm
u_picorv32.picorv32_core.cpuregs\[28\]\[24\],25.505µm
_03149_,25.5µm
_05106_,25.5µm
_05181_,25.5µm
u_picorv32.picorv32_core.cpuregs\[3\]\[4\],25.5µm
u_picorv32.picorv32_core.cpuregs\[11\]\[14\],25.475µm
_04282_,25.46µm
u_picorv32.picorv32_core.cpuregs\[29\]\[28\],25.46µm
u_picorv32.picorv32_core.instr_blt,25.46µm
_04587_,25.45µm
u_picorv32.picorv32_core.cpuregs\[12\]\[7\],25.435µm
u_picorv32.picorv32_core.cpuregs\[18\]\[19\],25.435µm
u_picorv32.picorv32_core.cpuregs\[26\]\[27\],25.435µm
u_picorv32.picorv32_core.cpuregs\[12\]\[29\],25.4µm
u_picorv32.picorv32_core.cpuregs\[17\]\[15\],25.4µm
u_picorv32.picorv32_core.cpuregs\[11\]\[19\],25.38µm
_05717_,25.365µm
_05018_,25.35µm
u_picorv32.picorv32_core.cpuregs\[3\]\[14\],25.35µm
_04449_,25.33µm
u_picorv32.picorv32_core.cpuregs\[23\]\[8\],25.33µm
u_picorv32.picorv32_core.reg_out\[31\],25.315µm
_01645_,25.305µm
_05471_,25.305µm
u_picorv32.picorv32_core.cpuregs\[1\]\[4\],25.28µm
u_picorv32.picorv32_core.cpuregs\[5\]\[3\],25.28µm
u_picorv32.picorv32_core.cpuregs\[9\]\[20\],25.28µm
u_picorv32.picorv32_core.cpuregs\[18\]\[30\],25.275µm
u_picorv32.picorv32_core.alu_out_q\[9\],25.27µm
u_picorv32.picorv32_core.cpuregs\[13\]\[29\],25.27µm
u_picorv32.picorv32_core.cpuregs\[25\]\[7\],25.27µm
u_picorv32.picorv32_core.cpuregs\[31\]\[24\],25.27µm
u_picorv32.picorv32_core.cpuregs\[3\]\[3\],25.27µm
_05261_,25.26µm
u_picorv32.picorv32_core.cpuregs\[1\]\[7\],25.26µm
u_picorv32.picorv32_core.cpuregs\[15\]\[4\],25.24µm
_01666_,25.235µm
u_picorv32.picorv32_core.cpuregs\[21\]\[16\],25.235µm
u_picorv32.picorv32_core.cpuregs\[30\]\[21\],25.235µm
u_picorv32.picorv32_core.cpuregs\[23\]\[18\],25.225µm
_01604_,25.22µm
u_picorv32.picorv32_core.cpuregs\[6\]\[4\],25.215µm
_03810_,25.21µm
u_picorv32.picorv32_core.count_cycle\[18\],25.205µm
u_picorv32.picorv32_core.cpuregs\[19\]\[8\],25.2µm
u_picorv32.picorv32_core.cpuregs\[29\]\[2\],25.195µm
u_picorv32.picorv32_core.cpuregs\[19\]\[15\],25.16µm
_01780_,25.15µm
_03012_,25.15µm
_05596_,25.15µm
u_picorv32.picorv32_core.cpuregs\[15\]\[12\],25.15µm
_02801_,25.14µm
u_picorv32.picorv32_core.cpuregs\[28\]\[26\],25.11µm
u_picorv32.picorv32_core.cpuregs\[24\]\[0\],25.105µm
_03322_,25.09µm
u_picorv32.picorv32_core.cpuregs\[27\]\[7\],25.09µm
_05097_,25.08µm
u_picorv32.picorv32_core.cpuregs\[0\]\[10\],25.065µm
_02291_,25.055µm
_01781_,25.04µm
u_picorv32.picorv32_core.cpuregs\[25\]\[17\],25.04µm
u_picorv32.picorv32_core.cpuregs\[27\]\[17\],25.03µm
_03527_,25.02µm
_04188_,25.02µm
_05154_,25.02µm
_01947_,25.005µm
_03045_,24.98µm
_05451_,24.96µm
u_picorv32.picorv32_core.cpuregs\[10\]\[23\],24.95µm
u_picorv32.picorv32_core.cpuregs\[22\]\[8\],24.945µm
u_picorv32.picorv32_core.cpuregs\[4\]\[27\],24.94µm
u_picorv32.picorv32_core.cpuregs\[2\]\[9\],24.92µm
u_picorv32.picorv32_core.cpuregs\[26\]\[15\],24.91µm
u_picorv32.picorv32_core.cpuregs\[30\]\[24\],24.91µm
u_picorv32.picorv32_core.cpuregs\[8\]\[14\],24.91µm
u_picorv32.picorv32_core.cpuregs\[30\]\[31\],24.9µm
u_picorv32.picorv32_core.cpuregs\[30\]\[3\],24.9µm
_01612_,24.885µm
u_picorv32.picorv32_core.cpuregs\[18\]\[3\],24.875µm
u_picorv32.picorv32_core.cpuregs\[2\]\[21\],24.86µm
u_picorv32.picorv32_core.cpuregs\[25\]\[15\],24.855µm
u_picorv32.picorv32_core.count_cycle\[55\],24.85µm
u_picorv32.picorv32_core.cpuregs\[28\]\[20\],24.85µm
net3116,24.85µm
u_picorv32.picorv32_core.cpuregs\[18\]\[12\],24.82µm
net116,24.805µm
u_picorv32.picorv32_core.cpuregs\[12\]\[15\],24.805µm
u_picorv32.picorv32_core.cpuregs\[12\]\[27\],24.8µm
u_picorv32.picorv32_core.cpuregs\[26\]\[29\],24.8µm
u_picorv32.picorv32_core.cpuregs\[3\]\[26\],24.79µm
u_picorv32.picorv32_core.cpuregs\[4\]\[30\],24.775µm
_05666_,24.745µm
u_picorv32.picorv32_core.cpuregs\[25\]\[20\],24.745µm
_05095_,24.73µm
u_picorv32.picorv32_core.cpuregs\[20\]\[21\],24.73µm
_04215_,24.72µm
_04711_,24.72µm
_05412_,24.72µm
u_picorv32.picorv32_core.cpuregs\[22\]\[26\],24.72µm
_03409_,24.715µm
_05906_,24.69µm
u_picorv32.picorv32_core.cpuregs\[1\]\[6\],24.69µm
u_picorv32.picorv32_core.cpuregs\[2\]\[22\],24.685µm
u_picorv32.picorv32_core.cpuregs\[13\]\[22\],24.68µm
u_picorv32.picorv32_core.cpuregs\[4\]\[8\],24.68µm
u_picorv32.picorv32_core.cpuregs\[22\]\[7\],24.67µm
_03288_,24.66µm
u_picorv32.picorv32_core.cpuregs\[29\]\[14\],24.625µm
_04782_,24.62µm
mem_axi_awready,24.62µm
mem_axi_bvalid,24.62µm
mem_axi_wready,24.62µm
_02454_,24.61µm
u_picorv32.picorv32_core.cpuregs\[3\]\[30\],24.61µm
u_picorv32.picorv32_core.cpuregs\[7\]\[30\],24.61µm
_05349_,24.605µm
u_picorv32.picorv32_core.cpuregs\[13\]\[15\],24.58µm
_03279_,24.575µm
_03656_,24.57µm
u_picorv32.picorv32_core.cpuregs\[20\]\[13\],24.56µm
_05005_,24.55µm
u_picorv32.picorv32_core.cpuregs\[11\]\[26\],24.55µm
u_picorv32.picorv32_core.cpuregs\[25\]\[18\],24.55µm
_04047_,24.54µm
_04729_,24.54µm
_05000_,24.54µm
_05030_,24.54µm
u_picorv32.picorv32_core.cpuregs\[24\]\[21\],24.505µm
u_picorv32.picorv32_core.cpuregs\[24\]\[23\],24.505µm
_05113_,24.48µm
u_picorv32.picorv32_core.cpuregs\[6\]\[17\],24.465µm
u_picorv32.picorv32_core.cpuregs\[19\]\[27\],24.45µm
_03530_,24.405µm
u_picorv32.picorv32_core.cpuregs\[1\]\[8\],24.4µm
_05452_,24.38µm
u_picorv32.picorv32_core.cpuregs\[26\]\[2\],24.37µm
u_picorv32.picorv32_core.cpuregs\[25\]\[16\],24.365µm
u_picorv32.picorv32_core.cpuregs\[5\]\[0\],24.36µm
u_picorv32.picorv32_core.cpuregs\[2\]\[18\],24.355µm
_05225_,24.345µm
u_picorv32.picorv32_core.cpuregs\[2\]\[27\],24.33µm
_02482_,24.32µm
_05765_,24.315µm
_01638_,24.31µm
_03073_,24.31µm
u_picorv32.picorv32_core.cpuregs\[7\]\[25\],24.31µm
u_picorv32.picorv32_core.instr_rdinstrh,24.31µm
_05327_,24.3µm
u_picorv32.picorv32_core.cpuregs\[3\]\[24\],24.265µm
u_picorv32.picorv32_core.cpuregs\[7\]\[5\],24.265µm
u_picorv32.picorv32_core.cpuregs\[29\]\[1\],24.25µm
_01661_,24.24µm
net1408,24.24µm
u_picorv32.picorv32_core.cpuregs\[23\]\[14\],24.2µm
u_picorv32.picorv32_core.cpuregs\[28\]\[21\],24.2µm
u_picorv32.picorv32_core.cpuregs\[4\]\[0\],24.2µm
_05236_,24.19µm
u_picorv32.picorv32_core.cpuregs\[6\]\[20\],24.19µm
u_picorv32.picorv32_core.cpuregs\[9\]\[2\],24.19µm
u_picorv32.picorv32_core.reg_next_pc\[21\],24.185µm
u_picorv32.picorv32_core.reg_out\[10\],24.185µm
u_picorv32.picorv32_core.cpuregs\[9\]\[17\],24.18µm
u_picorv32.picorv32_core.reg_next_pc\[14\],24.17µm
_01541_,24.155µm
_03748_,24.145µm
u_picorv32.picorv32_core.cpuregs\[5\]\[26\],24.14µm
_05146_,24.13µm
u_picorv32.picorv32_core.cpuregs\[3\]\[12\],24.13µm
u_picorv32.picorv32_core.cpuregs\[3\]\[19\],24.13µm
u_picorv32.picorv32_core.cpuregs\[3\]\[28\],24.13µm
_01747_,24.12µm
_04946_,24.12µm
u_picorv32.picorv32_core.cpuregs\[16\]\[0\],24.115µm
u_picorv32.picorv32_core.cpuregs\[4\]\[23\],24.115µm
_03724_,24.105µm
net3137,24.105µm
u_picorv32.picorv32_core.cpuregs\[21\]\[9\],24.095µm
u_picorv32.picorv32_core.cpuregs\[2\]\[15\],24.08µm
u_picorv32.picorv32_core.cpuregs\[8\]\[13\],24.07µm
_04035_,24.06µm
_05012_,24.06µm
_01625_,24.055µm
u_picorv32.picorv32_core.cpuregs\[15\]\[19\],24.025µm
u_picorv32.picorv32_core.cpuregs\[5\]\[17\],24.025µm
u_picorv32.picorv32_core.cpuregs\[10\]\[3\],24.02µm
u_picorv32.picorv32_core.cpuregs\[20\]\[2\],24.02µm
_04472_,24µm
_02076_,23.975µm
u_picorv32.picorv32_core.cpuregs\[7\]\[0\],23.915µm
_03222_,23.9µm
_03513_,23.9µm
_04164_,23.9µm
_02715_,23.89µm
_05463_,23.89µm
u_picorv32.picorv32_core.cpuregs\[15\]\[31\],23.875µm
u_picorv32.picorv32_core.cpuregs\[14\]\[14\],23.84µm
net111,23.83µm
_02295_,23.805µm
u_picorv32.picorv32_core.cpuregs\[20\]\[12\],23.78µm
u_picorv32.picorv32_core.cpuregs\[14\]\[0\],23.77µm
u_picorv32.picorv32_core.cpuregs\[16\]\[31\],23.77µm
_03703_,23.74µm
u_picorv32.picorv32_core.cpuregs\[16\]\[27\],23.735µm
u_picorv32.picorv32_core.cpuregs\[10\]\[10\],23.72µm
u_picorv32.picorv32_core.cpuregs\[24\]\[9\],23.72µm
u_picorv32.picorv32_core.cpuregs\[8\]\[26\],23.72µm
u_picorv32.picorv32_core.cpuregs\[20\]\[14\],23.71µm
u_picorv32.picorv32_core.cpuregs\[9\]\[13\],23.71µm
_02159_,23.68µm
u_picorv32.picorv32_core.cpuregs\[24\]\[7\],23.675µm
u_picorv32.picorv32_core.cpuregs\[28\]\[11\],23.675µm
u_picorv32.picorv32_core.cpuregs\[10\]\[1\],23.66µm
u_picorv32.picorv32_core.cpuregs\[9\]\[1\],23.66µm
_03679_,23.655µm
_05144_,23.65µm
u_picorv32.picorv32_core.cpuregs\[0\]\[30\],23.65µm
u_picorv32.picorv32_core.cpuregs\[3\]\[10\],23.65µm
u_picorv32.picorv32_core.cpuregs\[7\]\[20\],23.65µm
_02624_,23.64µm
_03779_,23.64µm
_05082_,23.64µm
_02151_,23.635µm
u_picorv32.picorv32_core.cpuregs\[18\]\[26\],23.615µm
u_picorv32.picorv32_core.cpuregs\[22\]\[20\],23.61µm
u_picorv32.picorv32_core.cpuregs\[28\]\[23\],23.61µm
_02605_,23.605µm
u_picorv32.picorv32_core.cpuregs\[6\]\[19\],23.605µm
_05115_,23.59µm
_03736_,23.58µm
_05053_,23.565µm
_05985_,23.565µm
u_picorv32.picorv32_core.cpuregs\[13\]\[14\],23.565µm
u_picorv32.picorv32_core.cpuregs\[18\]\[14\],23.555µm
u_picorv32.picorv32_core.cpuregs\[11\]\[20\],23.55µm
_04508_,23.54µm
_03314_,23.535µm
_03471_,23.52µm
u_picorv32.picorv32_core.cpuregs\[5\]\[9\],23.52µm
_01768_,23.505µm
u_picorv32.picorv32_core.cpuregs\[1\]\[25\],23.495µm
_04974_,23.48µm
u_picorv32.picorv32_core.instr_slt,23.48µm
u_picorv32.picorv32_core.cpuregs\[11\]\[4\],23.47µm
_02152_,23.45µm
_05698_,23.425µm
_04724_,23.415µm
u_picorv32.picorv32_core.cpuregs\[1\]\[24\],23.41µm
u_picorv32.picorv32_core.cpuregs\[23\]\[15\],23.41µm
u_picorv32.picorv32_core.cpuregs\[21\]\[1\],23.4µm
u_picorv32.picorv32_core.cpuregs\[28\]\[4\],23.37µm
_01716_,23.355µm
u_picorv32.picorv32_core.cpuregs\[12\]\[2\],23.35µm
u_picorv32.picorv32_core.cpuregs\[26\]\[23\],23.35µm
u_picorv32.picorv32_core.cpuregs\[4\]\[6\],23.35µm
_05134_,23.34µm
_05205_,23.34µm
_05338_,23.34µm
u_picorv32.picorv32_core.cpuregs\[14\]\[28\],23.335µm
u_picorv32.picorv32_core.cpuregs\[18\]\[11\],23.305µm
_03549_,23.3µm
u_picorv32.picorv32_core.cpuregs\[26\]\[9\],23.3µm
_03306_,23.29µm
_04951_,23.29µm
u_picorv32.picorv32_core.cpuregs\[11\]\[1\],23.29µm
u_picorv32.picorv32_core.cpuregs\[27\]\[11\],23.29µm
u_picorv32.picorv32_core.cpuregs\[31\]\[6\],23.29µm
u_picorv32.picorv32_core.cpuregs\[7\]\[24\],23.29µm
_02649_,23.28µm
_03481_,23.28µm
_04081_,23.28µm
u_picorv32.picorv32_core.cpuregs\[8\]\[18\],23.265µm
_05080_,23.25µm
u_picorv32.picorv32_core.reg_next_pc\[20\],23.25µm
u_picorv32.picorv32_core.cpuregs\[16\]\[22\],23.24µm
_01552_,23.23µm
u_picorv32.picorv32_core.cpuregs\[8\]\[16\],23.23µm
u_picorv32.picorv32_core.cpuregs\[28\]\[14\],23.225µm
_05130_,23.22µm
u_picorv32.picorv32_core.cpuregs\[29\]\[24\],23.185µm
u_picorv32.picorv32_core.cpuregs\[14\]\[30\],23.18µm
u_picorv32.picorv32_core.cpuregs\[14\]\[7\],23.18µm
u_picorv32.picorv32_core.cpuregs\[3\]\[2\],23.18µm
u_picorv32.picorv32_core.reg_next_pc\[1\],23.18µm
u_picorv32.picorv32_core.cpuregs\[20\]\[6\],23.17µm
u_picorv32.picorv32_core.cpuregs\[23\]\[9\],23.17µm
u_picorv32.picorv32_core.cpuregs\[15\]\[26\],23.165µm
_05059_,23.16µm
u_picorv32.picorv32_core.cpuregs\[21\]\[13\],23.135µm
u_picorv32.picorv32_core.cpuregs\[23\]\[13\],23.12µm
_05301_,23.1µm
u_picorv32.picorv32_core.cpuregs\[10\]\[21\],23.1µm
_05729_,23.07µm
u_picorv32.picorv32_core.cpuregs\[2\]\[8\],23.06µm
u_picorv32.picorv32_core.cpuregs\[4\]\[13\],23.06µm
u_picorv32.picorv32_core.cpuregs\[2\]\[31\],23.04µm
_04605_,23.02µm
_01563_,23µm
_05464_,22.99µm
_03341_,22.975µm
_01734_,22.94µm
u_picorv32.picorv32_core.cpuregs\[17\]\[29\],22.94µm
u_picorv32.picorv32_core.cpuregs\[28\]\[5\],22.92µm
_04316_,22.9µm
u_picorv32.picorv32_core.cpuregs\[31\]\[13\],22.895µm
_05288_,22.88µm
_03538_,22.845µm
u_picorv32.picorv32_core.cpuregs\[7\]\[31\],22.825µm
_01407_,22.81µm
u_picorv32.picorv32_core.cpuregs\[1\]\[23\],22.81µm
u_picorv32.picorv32_core.cpuregs\[31\]\[28\],22.81µm
u_picorv32.picorv32_core.cpuregs\[19\]\[6\],22.795µm
u_picorv32.picorv32_core.cpuregs\[23\]\[23\],22.795µm
_02970_,22.76µm
u_picorv32.picorv32_core.cpuregs\[16\]\[15\],22.76µm
u_picorv32.picorv32_core.cpuregs\[31\]\[27\],22.76µm
_02505_,22.75µm
_03210_,22.75µm
u_picorv32.picorv32_core.cpuregs\[18\]\[21\],22.715µm
u_picorv32.picorv32_core.cpuregs\[31\]\[20\],22.7µm
_01599_,22.69µm
u_picorv32.picorv32_core.cpuregs\[20\]\[3\],22.69µm
u_picorv32.picorv32_core.cpuregs\[7\]\[8\],22.69µm
_01732_,22.67µm
_03900_,22.665µm
u_picorv32.picorv32_core.cpuregs\[28\]\[15\],22.65µm
u_picorv32.picorv32_core.instr_add,22.62µm
u_picorv32.picorv32_core.decoded_rd\[1\],22.6µm
u_picorv32.picorv32_core.cpuregs\[21\]\[29\],22.58µm
u_picorv32.picorv32_core.cpuregs\[6\]\[25\],22.57µm
_03713_,22.535µm
_01676_,22.51µm
_01797_,22.505µm
u_picorv32.picorv32_core.cpuregs\[20\]\[15\],22.5µm
u_picorv32.picorv32_core.cpuregs\[22\]\[17\],22.47µm
u_picorv32.picorv32_core.cpuregs\[23\]\[4\],22.465µm
u_picorv32.picorv32_core.mem_rdata_q\[17\],22.46µm
_05291_,22.45µm
_01794_,22.44µm
_04804_,22.44µm
_02060_,22.435µm
_04447_,22.435µm
u_picorv32.picorv32_core.cpuregs\[30\]\[0\],22.435µm
u_picorv32.picorv32_core.cpuregs\[31\]\[17\],22.425µm
u_picorv32.picorv32_core.cpuregs\[24\]\[6\],22.415µm
_04305_,22.405µm
_04310_,22.405µm
u_picorv32.picorv32_core.cpuregs\[20\]\[18\],22.4µm
u_picorv32.picorv32_core.cpuregs\[18\]\[28\],22.39µm
u_picorv32.picorv32_core.cpuregs\[28\]\[27\],22.39µm
u_picorv32.picorv32_core.cpuregs\[0\]\[19\],22.38µm
_03672_,22.375µm
u_picorv32.picorv32_core.cpuregs\[2\]\[4\],22.375µm
_06010_,22.37µm
u_picorv32.picorv32_core.cpuregs\[18\]\[18\],22.365µm
_01737_,22.36µm
_05536_,22.36µm
u_picorv32.picorv32_core.cpuregs\[13\]\[24\],22.34µm
_04511_,22.33µm
u_picorv32.picorv32_core.cpuregs\[22\]\[14\],22.33µm
_02716_,22.32µm
u_picorv32.picorv32_core.reg_pc\[16\],22.315µm
u_picorv32.picorv32_core.cpuregs\[29\]\[10\],22.285µm
_05861_,22.28µm
u_picorv32.picorv32_core.cpuregs\[19\]\[7\],22.28µm
u_picorv32.picorv32_core.cpuregs\[23\]\[29\],22.28µm
_03220_,22.27µm
u_picorv32.picorv32_core.cpuregs\[9\]\[15\],22.265µm
_04585_,22.26µm
u_picorv32.picorv32_core.cpuregs\[17\]\[31\],22.215µm
u_picorv32.picorv32_core.cpuregs\[29\]\[6\],22.215µm
_05262_,22.21µm
_05277_,22.2µm
u_picorv32.picorv32_core.cpuregs\[14\]\[10\],22.17µm
u_picorv32.picorv32_core.cpuregs\[28\]\[0\],22.17µm
_05381_,22.15µm
u_picorv32.picorv32_core.cpuregs\[19\]\[10\],22.15µm
u_picorv32.picorv32_core.cpuregs\[4\]\[2\],22.15µm
_03255_,22.08µm
_04960_,22.08µm
u_picorv32.picorv32_core.is_slti_blt_slt,22.08µm
u_picorv32.picorv32_core.cpuregs\[7\]\[26\],22.04µm
_04929_,22.03µm
net3114,22.02µm
_03399_,22.005µm
_05488_,21.99µm
_03801_,21.985µm
_05132_,21.98µm
u_picorv32.picorv32_core.cpuregs\[26\]\[25\],21.975µm
u_picorv32.picorv32_core.cpuregs\[12\]\[1\],21.97µm
_02236_,21.96µm
_04251_,21.96µm
_04325_,21.96µm
u_picorv32.picorv32_core.cpuregs\[25\]\[8\],21.96µm
u_picorv32.picorv32_core.cpuregs\[14\]\[5\],21.955µm
net3144,21.955µm
u_picorv32.picorv32_core.reg_out\[15\],21.92µm
u_picorv32.picorv32_core.cpuregs\[26\]\[5\],21.9µm
_03034_,21.88µm
u_picorv32.picorv32_core.cpuregs\[2\]\[29\],21.85µm
u_picorv32.picorv32_core.cpuregs\[3\]\[21\],21.85µm
u_picorv32.picorv32_core.cpuregs\[4\]\[26\],21.85µm
_03360_,21.84µm
_03588_,21.84µm
_04909_,21.84µm
_01898_,21.815µm
_04584_,21.81µm
u_picorv32.picorv32_core.cpuregs\[13\]\[18\],21.795µm
_03612_,21.79µm
_05197_,21.79µm
_04975_,21.78µm
u_picorv32.picorv32_core.reg_next_pc\[16\],21.76µm
u_picorv32.picorv32_core.cpuregs\[10\]\[13\],21.755µm
u_picorv32.picorv32_core.cpuregs\[1\]\[19\],21.755µm
_00316_,21.73µm
_00415_,21.73µm
_05693_,21.73µm
_04728_,21.72µm
u_picorv32.picorv32_core.cpuregs\[28\]\[28\],21.715µm
u_picorv32.picorv32_core.cpuregs\[24\]\[11\],21.695µm
_04679_,21.67µm
u_picorv32.picorv32_core.cpuregs\[18\]\[10\],21.67µm
u_picorv32.picorv32_core.cpuregs\[28\]\[18\],21.65µm
u_picorv32.picorv32_core.cpuregs\[19\]\[17\],21.63µm
_02506_,21.62µm
net1511,21.62µm
net1512,21.62µm
net1513,21.62µm
net1514,21.62µm
net1515,21.62µm
_02337_,21.61µm
u_picorv32.picorv32_core.cpuregs\[15\]\[27\],21.61µm
_03302_,21.58µm
_02209_,21.545µm
u_picorv32.picorv32_core.cpuregs\[13\]\[8\],21.51µm
u_picorv32.picorv32_core.reg_next_pc\[6\],21.495µm
_02939_,21.49µm
_05418_,21.49µm
u_picorv32.picorv32_core.cpuregs\[22\]\[13\],21.49µm
u_picorv32.picorv32_core.cpuregs\[3\]\[6\],21.49µm
_02448_,21.485µm
_02264_,21.48µm
_02326_,21.48µm
_04521_,21.48µm
_05157_,21.48µm
u_picorv32.picorv32_core.cpuregs\[14\]\[13\],21.48µm
_02690_,21.465µm
u_picorv32.picorv32_core.cpuregs\[10\]\[31\],21.45µm
mem_axi_awaddr[14],21.44µm
mem_axi_wdata[12],21.44µm
_01682_,21.43µm
_03151_,21.43µm
u_picorv32.picorv32_core.mem_rdata_q\[15\],21.43µm
_03944_,21.42µm
_05186_,21.42µm
u_picorv32.picorv32_core.cpuregs\[20\]\[5\],21.38µm
_02073_,21.37µm
_04443_,21.37µm
_05246_,21.37µm
u_picorv32.picorv32_core.cpuregs\[0\]\[24\],21.37µm
u_picorv32.picorv32_core.cpuregs\[21\]\[2\],21.33µm
net1416,21.315µm
_05045_,21.31µm
_05650_,21.31µm
u_picorv32.picorv32_core.cpuregs\[24\]\[17\],21.31µm
_05337_,21.3µm
_02976_,21.285µm
u_picorv32.picorv32_core.cpuregs\[17\]\[0\],21.27µm
u_picorv32.picorv32_core.cpuregs\[18\]\[1\],21.27µm
_05056_,21.25µm
_02437_,21.245µm
_03467_,21.24µm
_05925_,21.22µm
u_picorv32.picorv32_core.cpuregs\[2\]\[30\],21.205µm
_04592_,21.19µm
_05046_,21.18µm
_05339_,21.18µm
u_picorv32.picorv32_core.cpuregs\[21\]\[11\],21.165µm
_04533_,21.16µm
u_picorv32.picorv32_core.cpuregs\[26\]\[3\],21.15µm
u_picorv32.picorv32_core.cpuregs\[5\]\[15\],21.15µm
_04399_,21.14µm
u_picorv32.picorv32_core.cpuregs\[17\]\[3\],21.14µm
_01540_,21.13µm
u_picorv32.picorv32_core.cpuregs\[22\]\[4\],21.13µm
_01915_,21.12µm
_04693_,21.12µm
_06012_,21.12µm
_05675_,21.115µm
_05620_,21.11µm
_03229_,21.105µm
u_picorv32.picorv32_core.cpuregs\[0\]\[4\],21.075µm
_05173_,21.07µm
u_picorv32.picorv32_core.cpuregs\[10\]\[8\],21.06µm
_04513_,21.055µm
u_picorv32.picorv32_core.cpuregs\[1\]\[5\],21.055µm
_03558_,21.05µm
_03646_,21.045µm
u_picorv32.picorv32_core.cpuregs\[24\]\[18\],21.045µm
_02703_,21.035µm
_00552_,20.95µm
_05612_,20.95µm
_05889_,20.94µm
u_picorv32.picorv32_core.is_slli_srli_srai,20.94µm
u_picorv32.picorv32_core.cpuregs\[17\]\[2\],20.9µm
_05052_,20.89µm
_05407_,20.89µm
_05899_,20.89µm
u_picorv32.picorv32_core.cpuregs\[16\]\[17\],20.89µm
u_picorv32.picorv32_core.cpuregs\[22\]\[30\],20.89µm
u_picorv32.picorv32_core.cpuregs\[0\]\[0\],20.885µm
u_picorv32.picorv32_core.reg_next_pc\[29\],20.885µm
u_picorv32.picorv32_core.cpuregs\[6\]\[12\],20.85µm
_01836_,20.835µm
_03100_,20.79µm
_03096_,20.785µm
_02407_,20.77µm
_03071_,20.77µm
_04254_,20.76µm
u_picorv32.picorv32_core.cpuregs\[11\]\[16\],20.76µm
_04247_,20.745µm
_02263_,20.73µm
u_picorv32.picorv32_core.cpuregs\[7\]\[19\],20.725µm
_02193_,20.695µm
u_picorv32.picorv32_core.cpuregs\[28\]\[8\],20.675µm
_05828_,20.67µm
u_picorv32.picorv32_core.cpuregs\[18\]\[13\],20.67µm
u_picorv32.picorv32_core.cpuregs\[6\]\[3\],20.67µm
u_picorv32.picorv32_core.cpuregs\[3\]\[9\],20.665µm
_01973_,20.65µm
_03419_,20.65µm
_05248_,20.65µm
u_picorv32.picorv32_core.cpuregs\[29\]\[30\],20.65µm
net121,20.64µm
u_picorv32.picorv32_core.cpuregs\[20\]\[30\],20.635µm
u_picorv32.picorv32_core.cpuregs\[7\]\[4\],20.6µm
_05271_,20.59µm
u_picorv32.picorv32_core.cpuregs\[5\]\[11\],20.59µm
_05252_,20.58µm
u_picorv32.picorv32_core.cpu_state\[2\],20.58µm
_04631_,20.56µm
_02065_,20.535µm
_05549_,20.535µm
_03152_,20.53µm
_01808_,20.52µm
_02122_,20.52µm
_05519_,20.52µm
u_picorv32.picorv32_core.cpuregs\[19\]\[11\],20.52µm
net297,20.52µm
_05380_,20.515µm
u_picorv32.picorv32_core.cpuregs\[9\]\[3\],20.51µm
mem_axi_wdata[8],20.48µm
_00416_,20.47µm
_01796_,20.465µm
_01709_,20.445µm
_05790_,20.445µm
u_picorv32.picorv32_core.cpuregs\[1\]\[30\],20.42µm
u_picorv32.picorv32_core.cpuregs\[9\]\[4\],20.42µm
_00572_,20.41µm
_01823_,20.4µm
_05516_,20.4µm
u_picorv32.pcpi_rs1\[19\],20.37µm
u_picorv32.picorv32_core.cpuregs\[28\]\[30\],20.37µm
u_picorv32.picorv32_core.cpuregs\[20\]\[27\],20.36µm
_04562_,20.355µm
_04516_,20.35µm
_05340_,20.35µm
_04726_,20.34µm
_04730_,20.325µm
u_picorv32.picorv32_core.cpuregs\[2\]\[16\],20.32µm
_02778_,20.29µm
_03561_,20.29µm
_03764_,20.29µm
_03776_,20.29µm
u_picorv32.picorv32_core.cpuregs\[19\]\[0\],20.29µm
u_picorv32.picorv32_core.cpuregs\[26\]\[4\],20.285µm
u_picorv32.picorv32_core.reg_next_pc\[8\],20.265µm
u_picorv32.picorv32_core.cpuregs\[26\]\[31\],20.25µm
u_picorv32.picorv32_core.cpuregs\[5\]\[24\],20.23µm
_03600_,20.22µm
_01844_,20.215µm
_05825_,20.2µm
_03523_,20.12µm
u_picorv32.picorv32_core.cpuregs\[10\]\[30\],20.12µm
_04467_,20.11µm
_05237_,20.11µm
u_picorv32.picorv32_core.cpuregs\[19\]\[1\],20.11µm
u_picorv32.picorv32_core.cpuregs\[0\]\[31\],20.1µm
u_picorv32.picorv32_core.cpuregs\[10\]\[22\],20.1µm
u_picorv32.picorv32_core.cpuregs\[3\]\[7\],20.095µm
u_picorv32.picorv32_core.cpuregs\[13\]\[4\],20.07µm
_03148_,20.05µm
u_picorv32.picorv32_core.cpuregs\[29\]\[11\],20.045µm
_02050_,20.04µm
_02290_,20.04µm
_03126_,20.04µm
_05077_,20.04µm
_05104_,20.04µm
u_picorv32.picorv32_core.cpuregs\[25\]\[11\],20.035µm
_01945_,20.01µm
u_picorv32.picorv32_core.cpuregs\[11\]\[23\],20µm
_03185_,19.99µm
u_picorv32.picorv32_core.count_instr\[3\],19.945µm
_02055_,19.93µm
_02686_,19.92µm
u_picorv32.picorv32_core.reg_pc\[10\],19.915µm
u_picorv32.picorv32_core.cpuregs\[2\]\[14\],19.895µm
_03449_,19.89µm
u_picorv32.picorv32_core.cpuregs\[28\]\[25\],19.89µm
u_picorv32.picorv32_core.cpuregs\[25\]\[22\],19.88µm
net129,19.875µm
_03231_,19.87µm
_04990_,19.87µm
_05091_,19.86µm
u_picorv32.picorv32_core.cpuregs\[0\]\[21\],19.86µm
_04120_,19.8µm
_04266_,19.8µm
_05981_,19.8µm
_04655_,19.785µm
_04038_,19.77µm
_04376_,19.77µm
_01998_,19.76µm
u_picorv32.picorv32_core.cpuregs\[5\]\[6\],19.76µm
_03689_,19.75µm
u_picorv32.picorv32_core.cpuregs\[7\]\[18\],19.75µm
u_picorv32.picorv32_core.instr_addi,19.75µm
u_picorv32.picorv32_core.cpuregs\[12\]\[8\],19.7µm
_02818_,19.69µm
_04255_,19.69µm
u_picorv32.picorv32_core.cpuregs\[9\]\[16\],19.69µm
_05355_,19.68µm
_05904_,19.68µm
_04561_,19.65µm
_05595_,19.63µm
_05855_,19.63µm
net32,19.63µm
_02786_,19.62µm
_05275_,19.62µm
u_picorv32.picorv32_core.cpuregs\[25\]\[23\],19.615µm
u_picorv32.picorv32_core.cpuregs\[13\]\[19\],19.61µm
u_picorv32.picorv32_core.cpuregs\[10\]\[28\],19.6µm
_04720_,19.575µm
_02967_,19.57µm
_05329_,19.56µm
mem_axi_awaddr[10],19.52µm
mem_axi_awaddr[11],19.52µm
mem_axi_awaddr[12],19.52µm
mem_axi_awaddr[13],19.52µm
mem_axi_awaddr[15],19.52µm
mem_axi_awaddr[16],19.52µm
mem_axi_awaddr[18],19.52µm
mem_axi_awaddr[19],19.52µm
mem_axi_awaddr[20],19.52µm
mem_axi_awaddr[21],19.52µm
mem_axi_awaddr[22],19.52µm
mem_axi_awaddr[23],19.52µm
mem_axi_awaddr[24],19.52µm
mem_axi_awaddr[25],19.52µm
mem_axi_awaddr[26],19.52µm
mem_axi_awaddr[27],19.52µm
mem_axi_awaddr[28],19.52µm
mem_axi_awaddr[29],19.52µm
mem_axi_awaddr[2],19.52µm
mem_axi_awaddr[30],19.52µm
mem_axi_awaddr[31],19.52µm
mem_axi_awaddr[3],19.52µm
mem_axi_awaddr[4],19.52µm
mem_axi_awaddr[5],19.52µm
mem_axi_awaddr[6],19.52µm
mem_axi_awaddr[7],19.52µm
mem_axi_awaddr[8],19.52µm
mem_axi_awaddr[9],19.52µm
mem_axi_awvalid,19.52µm
mem_axi_bready,19.52µm
mem_axi_wdata[0],19.52µm
mem_axi_wdata[10],19.52µm
mem_axi_wdata[11],19.52µm
mem_axi_wdata[13],19.52µm
mem_axi_wdata[14],19.52µm
mem_axi_wdata[15],19.52µm
mem_axi_wdata[16],19.52µm
mem_axi_wdata[17],19.52µm
mem_axi_wdata[18],19.52µm
mem_axi_wdata[19],19.52µm
mem_axi_wdata[1],19.52µm
mem_axi_wdata[20],19.52µm
mem_axi_wdata[21],19.52µm
mem_axi_wdata[22],19.52µm
mem_axi_wdata[23],19.52µm
mem_axi_wdata[24],19.52µm
mem_axi_wdata[25],19.52µm
mem_axi_wdata[26],19.52µm
mem_axi_wdata[27],19.52µm
mem_axi_wdata[28],19.52µm
mem_axi_wdata[29],19.52µm
mem_axi_wdata[2],19.52µm
mem_axi_wdata[30],19.52µm
mem_axi_wdata[31],19.52µm
mem_axi_wdata[3],19.52µm
mem_axi_wdata[4],19.52µm
mem_axi_wdata[5],19.52µm
mem_axi_wdata[6],19.52µm
mem_axi_wdata[7],19.52µm
mem_axi_wdata[9],19.52µm
mem_axi_wstrb[0],19.52µm
mem_axi_wstrb[1],19.52µm
mem_axi_wstrb[2],19.52µm
mem_axi_wstrb[3],19.52µm
mem_axi_wvalid,19.52µm
_04243_,19.515µm
_01586_,19.51µm
u_picorv32.picorv32_core.cpuregs\[2\]\[6\],19.51µm
net513,19.51µm
_00447_,19.5µm
_02987_,19.49µm
_01895_,19.455µm
_02351_,19.45µm
_03425_,19.45µm
_05233_,19.45µm
u_picorv32.picorv32_core.cpuregs\[22\]\[15\],19.445µm
_02438_,19.44µm
u_picorv32.picorv32_core.cpuregs\[7\]\[16\],19.415µm
_04329_,19.41µm
u_picorv32.picorv32_core.cpuregs\[12\]\[13\],19.41µm
u_picorv32.picorv32_core.cpuregs\[20\]\[23\],19.41µm
_00014_,19.39µm
_04986_,19.39µm
_05076_,19.39µm
_05289_,19.39µm
_01792_,19.385µm
_04589_,19.38µm
_05314_,19.38µm
_05326_,19.38µm
_04372_,19.335µm
_03606_,19.33µm
_04814_,19.33µm
u_picorv32.picorv32_core.cpuregs\[25\]\[28\],19.33µm
u_picorv32.picorv32_core.cpuregs\[27\]\[22\],19.33µm
_03585_,19.29µm
_04186_,19.27µm
_05487_,19.25µm
_02589_,19.245µm
_03136_,19.23µm
_03312_,19.22µm
_04112_,19.22µm
_04306_,19.21µm
_02948_,19.205µm
u_picorv32.picorv32_core.cpuregs\[29\]\[8\],19.195µm
u_picorv32.picorv32_core.cpuregs\[18\]\[15\],19.19µm
_05920_,19.135µm
u_picorv32.picorv32_core.cpuregs\[2\]\[17\],19.12µm
_03805_,19.115µm
u_picorv32.picorv32_core.cpuregs\[23\]\[11\],19.11µm
u_picorv32.picorv32_core.cpuregs\[15\]\[17\],19.105µm
net108,19.09µm
_05013_,19.08µm
_05210_,19.075µm
_02713_,19.05µm
mem_axi_awaddr[17],19.04µm
_00424_,19.03µm
u_picorv32.picorv32_core.cpuregs\[3\]\[8\],19.03µm
_02773_,19.02µm
_03991_,19.02µm
_04017_,19.02µm
_04428_,19.02µm
_05029_,18.97µm
_00881_,18.96µm
u_picorv32.picorv32_core.cpuregs\[29\]\[7\],18.93µm
net107,18.91µm
_04085_,18.9µm
_05232_,18.9µm
_02929_,18.885µm
u_picorv32.picorv32_core.cpuregs\[0\]\[18\],18.875µm
_05950_,18.87µm
_03797_,18.86µm
u_picorv32.picorv32_core.reg_out\[12\],18.86µm
_03015_,18.85µm
_04789_,18.85µm
_05198_,18.85µm
_05220_,18.85µm
u_picorv32.picorv32_core.reg_out\[11\],18.84µm
u_picorv32.picorv32_core.cpuregs\[8\]\[25\],18.825µm
_01569_,18.81µm
_04719_,18.81µm
u_picorv32.picorv32_core.cpuregs\[10\]\[6\],18.81µm
_01320_,18.79µm
_01746_,18.79µm
_04358_,18.785µm
_05863_,18.785µm
_04542_,18.78µm
u_picorv32.picorv32_core.alu_out_q\[23\],18.78µm
u_picorv32.picorv32_core.cpuregs\[20\]\[0\],18.75µm
_04935_,18.73µm
_05250_,18.73µm
_02439_,18.72µm
_03165_,18.69µm
u_picorv32.picorv32_core.cpuregs\[30\]\[26\],18.67µm
u_picorv32.picorv32_core.latched_store,18.67µm
_00117_,18.66µm
_03640_,18.66µm
_05016_,18.66µm
_05072_,18.66µm
_04536_,18.645µm
u_picorv32.picorv32_core.cpuregs\[24\]\[15\],18.645µm
u_picorv32.picorv32_core.cpuregs\[24\]\[30\],18.645µm
_01722_,18.625µm
u_picorv32.picorv32_core.cpuregs\[6\]\[8\],18.61µm
_05440_,18.605µm
_01362_,18.6µm
_02788_,18.6µm
_03117_,18.6µm
u_picorv32.picorv32_core.reg_next_pc\[9\],18.585µm
u_picorv32.picorv32_core.cpuregs\[4\]\[19\],18.58µm
net126,18.565µm
_02077_,18.56µm
u_picorv32.picorv32_core.cpuregs\[20\]\[29\],18.56µm
_02015_,18.55µm
_03194_,18.55µm
_03677_,18.55µm
_05002_,18.55µm
_03851_,18.505µm
_05563_,18.5µm
u_picorv32.picorv32_core.cpuregs\[6\]\[10\],18.5µm
_01859_,18.45µm
u_picorv32.picorv32_core.cpuregs\[22\]\[21\],18.445µm
_02775_,18.44µm
u_picorv32.picorv32_core.cpuregs\[17\]\[16\],18.44µm
_03843_,18.43µm
net128,18.43µm
_03844_,18.42µm
_05182_,18.42µm
_05688_,18.405µm
_03211_,18.38µm
_05838_,18.38µm
u_picorv32.picorv32_core.cpuregs\[0\]\[12\],18.38µm
u_picorv32.picorv32_core.cpuregs\[24\]\[26\],18.38µm
_02293_,18.37µm
_04238_,18.37µm
_04864_,18.37µm
_05872_,18.37µm
_03808_,18.36µm
u_picorv32.picorv32_core.cpuregs\[6\]\[16\],18.35µm
_01188_,18.345µm
u_picorv32.picorv32_core.cpuregs\[1\]\[21\],18.32µm
_04181_,18.31µm
_05767_,18.3µm
net115,18.3µm
_04948_,18.285µm
u_picorv32.picorv32_core.cpuregs\[23\]\[25\],18.28µm
u_picorv32.picorv32_core.cpuregs\[4\]\[29\],18.25µm
_05372_,18.24µm
u_picorv32.picorv32_core.cpuregs\[31\]\[5\],18.21µm
_02776_,18.19µm
_01951_,18.18µm
_04100_,18.18µm
_04666_,18.18µm
u_picorv32.picorv32_core.cpuregs\[10\]\[24\],18.175µm
_03301_,18.165µm
_01631_,18.12µm
_02154_,18.12µm
_04382_,18.12µm
_05564_,18.12µm
net131,18.12µm
_05674_,18.085µm
u_picorv32.picorv32_core.cpuregs\[17\]\[19\],18.08µm
u_picorv32.picorv32_core.cpuregs\[18\]\[9\],18.08µm
_02379_,18.055µm
_05661_,18.025µm
u_picorv32.picorv32_core.cpuregs\[9\]\[5\],18.02µm
_03440_,18.01µm
_03718_,18.01µm
_05211_,18.01µm
u_picorv32.picorv32_core.decoded_rd\[0\],18.01µm
_02192_,18µm
_03621_,17.985µm
_05652_,17.975µm
net110,17.965µm
_02220_,17.96µm
_02747_,17.96µm
_04390_,17.95µm
_04965_,17.95µm
_04976_,17.95µm
_05882_,17.95µm
_04183_,17.94µm
_05037_,17.94µm
_05141_,17.94µm
u_picorv32.picorv32_core.cpuregs\[27\]\[8\],17.94µm
u_picorv32.picorv32_core.reg_out\[8\],17.92µm
u_picorv32.picorv32_core.cpuregs\[24\]\[19\],17.915µm
_05891_,17.91µm
u_picorv32.picorv32_core.cpuregs\[8\]\[24\],17.91µm
u_picorv32.picorv32_core.cpuregs\[24\]\[13\],17.9µm
_00169_,17.89µm
_03262_,17.89µm
_02710_,17.88µm
_05379_,17.88µm
_04178_,17.87µm
_04826_,17.865µm
u_picorv32.picorv32_core.cpuregs\[2\]\[24\],17.845µm
_05578_,17.82µm
_01743_,17.815µm
u_picorv32.picorv32_core.cpuregs\[10\]\[27\],17.805µm
_05439_,17.8µm
u_picorv32.picorv32_core.cpuregs\[19\]\[30\],17.78µm
_04185_,17.77µm
_01858_,17.75µm
_03382_,17.74µm
u_picorv32.picorv32_core.cpuregs\[10\]\[7\],17.72µm
_03551_,17.71µm
_04529_,17.71µm
_05054_,17.71µm
_05359_,17.685µm
_04775_,17.66µm
_04518_,17.65µm
_04117_,17.64µm
_05663_,17.64µm
_00432_,17.62µm
u_picorv32.picorv32_core.cpuregs\[14\]\[20\],17.6µm
u_picorv32.picorv32_core.cpuregs\[25\]\[12\],17.6µm
_02168_,17.59µm
_02745_,17.59µm
u_picorv32.picorv32_core.count_cycle\[47\],17.59µm
u_picorv32.picorv32_core.cpuregs\[15\]\[20\],17.59µm
_03110_,17.585µm
_03285_,17.58µm
_04250_,17.58µm
u_picorv32.picorv32_core.reg_out\[29\],17.58µm
_04348_,17.54µm
u_picorv32.picorv32_core.cpuregs\[14\]\[21\],17.54µm
u_picorv32.picorv32_core.cpuregs\[20\]\[31\],17.54µm
_02839_,17.53µm
_01537_,17.52µm
_01619_,17.52µm
_03423_,17.52µm
u_picorv32.picorv32_core.cpuregs\[3\]\[18\],17.52µm
_05272_,17.48µm
u_picorv32.picorv32_core.count_instr\[42\],17.48µm
u_picorv32.picorv32_core.cpuregs\[0\]\[25\],17.48µm
_04388_,17.47µm
net122,17.47µm
_04947_,17.46µm
_05159_,17.46µm
u_picorv32.picorv32_core.cpuregs\[24\]\[10\],17.435µm
_02643_,17.42µm
_01773_,17.41µm
_02062_,17.41µm
_04163_,17.41µm
_05912_,17.41µm
_02635_,17.4µm
u_picorv32.picorv32_core.cpuregs\[1\]\[31\],17.37µm
_02301_,17.36µm
_01958_,17.35µm
u_picorv32.picorv32_core.cpuregs\[18\]\[23\],17.325µm
u_picorv32.picorv32_core.cpuregs\[12\]\[17\],17.31µm
u_picorv32.picorv32_core.reg_next_pc\[25\],17.3µm
_00856_,17.29µm
_03755_,17.29µm
_04384_,17.29µm
_05156_,17.29µm
_05705_,17.29µm
u_picorv32.picorv32_core.reg_next_pc\[11\],17.29µm
_03509_,17.28µm
u_picorv32.picorv32_core.cpuregs\[11\]\[11\],17.28µm
u_picorv32.picorv32_core.cpuregs\[11\]\[24\],17.28µm
_03499_,17.275µm
u_picorv32.picorv32_core.reg_next_pc\[23\],17.25µm
_04841_,17.23µm
_03971_,17.22µm
_04079_,17.22µm
_03511_,17.185µm
_01911_,17.155µm
u_picorv32.picorv32_core.cpuregs\[0\]\[29\],17.12µm
u_picorv32.picorv32_core.cpuregs\[8\]\[23\],17.12µm
_05184_,17.11µm
_04375_,17.095µm
u_picorv32.picorv32_core.cpuregs\[19\]\[9\],17.075µm
u_picorv32.picorv32_core.cpuregs\[28\]\[31\],17.07µm
_03002_,17.06µm
_04432_,17.06µm
u_picorv32.picorv32_core.is_sltiu_bltu_sltu,17.06µm
_03546_,17.05µm
_04233_,17.05µm
_02845_,17.045µm
_04415_,17.04µm
u_picorv32.picorv32_core.cpuregs\[29\]\[22\],17.01µm
net120,17µm
_03134_,16.99µm
_04731_,16.99µm
_04860_,16.965µm
u_picorv32.picorv32_core.reg_out\[14\],16.945µm
_03682_,16.94µm
u_picorv32.picorv32_core.cpuregs\[4\]\[14\],16.94µm
u_picorv32.picorv32_core.cpuregs\[8\]\[10\],16.94µm
_02722_,16.93µm
_02912_,16.93µm
_04453_,16.93µm
_04530_,16.92µm
_04966_,16.92µm
_03159_,16.85µm
u_picorv32.picorv32_core.cpuregs\[3\]\[17\],16.835µm
_03823_,16.82µm
_00696_,16.81µm
_04922_,16.81µm
_02885_,16.8µm
net1768,16.8µm
u_picorv32.picorv32_core.mem_wordsize\[2\],16.8µm
mem_axi_rdata[24],16.76µm
mem_axi_rdata[9],16.76µm
_03554_,16.755µm
_02569_,16.75µm
_04753_,16.75µm
_03259_,16.74µm
net521,16.74µm
u_picorv32.picorv32_core.cpuregs\[13\]\[16\],16.735µm
_03162_,16.705µm
_02429_,16.7µm
_00325_,16.69µm
_02339_,16.69µm
_03629_,16.69µm
_03709_,16.69µm
u_picorv32.picorv32_core.cpuregs\[15\]\[30\],16.665µm
_05324_,16.63µm
_03186_,16.62µm
_00661_,16.605µm
_03343_,16.59µm
_02267_,16.58µm
_04246_,16.58µm
_03719_,16.57µm
_04988_,16.57µm
_04872_,16.56µm
_01712_,16.555µm
_05523_,16.53µm
_03722_,16.52µm
_05470_,16.52µm
_01567_,16.51µm
_03838_,16.51µm
_03492_,16.5µm
_04252_,16.5µm
_04777_,16.5µm
_02799_,16.465µm
_04577_,16.455µm
_00646_,16.45µm
_02430_,16.45µm
_03241_,16.45µm
u_picorv32.picorv32_core.count_instr\[7\],16.45µm
_02515_,16.44µm
_04343_,16.44µm
_02317_,16.4µm
_01664_,16.395µm
_02303_,16.385µm
_05577_,16.36µm
_01590_,16.35µm
u_picorv32.picorv32_core.cpuregs\[1\]\[15\],16.35µm
_02059_,16.345µm
_01562_,16.33µm
_04770_,16.33µm
_05576_,16.32µm
u_picorv32.picorv32_core.decoded_imm_j\[20\],16.32µm
_01826_,16.28µm
u_picorv32.picorv32_core.cpuregs\[2\]\[13\],16.28µm
_01193_,16.27µm
_05842_,16.27µm
_01879_,16.26µm
_02768_,16.26µm
u_picorv32.picorv32_core.reg_next_pc\[30\],16.26µm
u_picorv32.picorv32_core.cpuregs\[0\]\[1\],16.22µm
_02724_,16.21µm
_02860_,16.21µm
_04452_,16.21µm
net2637,16.21µm
u_picorv32.picorv32_core.reg_next_pc\[4\],16.21µm
net775,16.21µm
_04520_,16.2µm
net130,16.2µm
u_picorv32.picorv32_core.cpuregs\[10\]\[4\],16.16µm
_04230_,16.15µm
u_picorv32.picorv32_core.alu_out\[0\],16.15µm
trap,16.14µm
_02368_,16.115µm
u_picorv32.picorv32_core.cpuregs\[13\]\[11\],16.11µm
u_picorv32.picorv32_core.cpuregs\[19\]\[2\],16.1µm
_01603_,16.09µm
_02994_,16.09µm
u_picorv32.picorv32_core.cpuregs\[0\]\[8\],16.09µm
_00230_,16.08µm
_03390_,16.08µm
_04677_,16.08µm
_05618_,16.06µm
_01601_,16.05µm
u_picorv32.picorv32_core.mem_wordsize\[0\],16.045µm
_01571_,16.03µm
_04057_,16.03µm
_02496_,16.02µm
_03407_,15.98µm
_00579_,15.96µm
u_picorv32.picorv32_core.cpuregs\[1\]\[27\],15.945µm
_05409_,15.93µm
mem_axi_rdata[2],15.92µm
_05601_,15.86µm
_00047_,15.85µm
_01933_,15.85µm
_03937_,15.85µm
_04564_,15.84µm
_01828_,15.83µm
_04256_,15.79µm
u_picorv32.pcpi_rs1\[22\],15.79µm
_02758_,15.78µm
_04757_,15.765µm
u_picorv32.picorv32_core.cpuregs\[10\]\[14\],15.74µm
_03243_,15.73µm
_04615_,15.72µm
_05316_,15.72µm
_04972_,15.715µm
_02925_,15.66µm
_03402_,15.66µm
_05411_,15.66µm
_01877_,15.62µm
_02261_,15.62µm
_03770_,15.62µm
_01641_,15.61µm
_02555_,15.61µm
_02560_,15.61µm
_03179_,15.61µm
_05259_,15.61µm
_05513_,15.61µm
_01806_,15.6µm
_04522_,15.6µm
_05193_,15.6µm
_05368_,15.58µm
_03687_,15.55µm
_02596_,15.54µm
_03970_,15.54µm
_05285_,15.54µm
_02132_,15.53µm
_01813_,15.51µm
_03354_,15.51µm
_03475_,15.5µm
_04568_,15.49µm
_05836_,15.49µm
net2964,15.49µm
u_picorv32.picorv32_core.cpuregs\[0\]\[17\],15.48µm
_01839_,15.445µm
_04510_,15.43µm
_05145_,15.43µm
_03307_,15.4µm
_01706_,15.39µm
_02919_,15.39µm
u_picorv32.picorv32_core.mem_rdata_q\[4\],15.385µm
_01359_,15.38µm
_03920_,15.37µm
_04634_,15.37µm
_01129_,15.36µm
_02593_,15.36µm
_04764_,15.36µm
u_picorv32.picorv32_core.cpuregs\[15\]\[1\],15.33µm
_02387_,15.325µm
_01181_,15.31µm
u_picorv32.pcpi_rs1\[14\],15.31µm
_02306_,15.3µm
_04274_,15.3µm
_04341_,15.3µm
_04992_,15.3µm
_05103_,15.3µm
_01135_,15.285µm
_03006_,15.28µm
_00040_,15.25µm
_02390_,15.25µm
_04842_,15.25µm
_05342_,15.25µm
u_picorv32.picorv32_core.cpuregs\[0\]\[15\],15.25µm
net3124,15.25µm
_01840_,15.24µm
_02066_,15.24µm
_03121_,15.24µm
_00724_,15.19µm
_03974_,15.19µm
_04137_,15.19µm
_04284_,15.19µm
_04397_,15.19µm
net104,15.19µm
u_picorv32.picorv32_core.cpuregs\[12\]\[19\],15.19µm
_05311_,15.18µm
_02740_,15.14µm
_02525_,15.13µm
_05809_,15.13µm
_05397_,15.125µm
_03503_,15.12µm
_05208_,15.12µm
net2531,15.12µm
net2638,15.12µm
net3017,15.12µm
u_picorv32.picorv32_core.cpuregs\[6\]\[30\],15.095µm
_05120_,15.07µm
u_picorv32.picorv32_core.reg_next_pc\[2\],15.07µm
u_picorv32.axi_adapter.ack_wvalid,15.06µm
_03271_,15.055µm
_04173_,15.055µm
_05676_,15.045µm
_02917_,15.02µm
_03411_,15.02µm
_03485_,15.01µm
_04788_,15.01µm
net2603,15.01µm
_04500_,14.985µm
_02087_,14.96µm
u_picorv32.picorv32_core.cpuregs\[19\]\[18\],14.95µm
u_picorv32.picorv32_core.cpuregs\[29\]\[12\],14.95µm
u_picorv32.picorv32_core.cpuregs\[5\]\[27\],14.925µm
_05977_,14.9µm
_05192_,14.88µm
net2539,14.88µm
_01837_,14.85µm
_04042_,14.85µm
u_picorv32.picorv32_core.cpuregs\[0\]\[16\],14.84µm
_00700_,14.83µm
_05979_,14.825µm
_01423_,14.82µm
_03430_,14.82µm
_03798_,14.82µm
_05286_,14.805µm
_05736_,14.805µm
u_picorv32.picorv32_core.cpuregs\[0\]\[9\],14.775µm
_00778_,14.77µm
_03031_,14.77µm
_03732_,14.77µm
_05207_,14.77µm
_05789_,14.77µm
_01591_,14.76µm
_04847_,14.76µm
_05626_,14.745µm
_01776_,14.74µm
_04727_,14.7µm
net105,14.7µm
net127,14.7µm
u_picorv32.picorv32_core.reg_next_pc\[10\],14.7µm
_05527_,14.695µm
_04580_,14.66µm
_02692_,14.65µm
_04519_,14.65µm
_04661_,14.65µm
net2616,14.65µm
_02255_,14.635µm
u_picorv32.picorv32_core.count_cycle\[7\],14.615µm
_03156_,14.61µm
_01761_,14.6µm
u_picorv32.picorv32_core.cpuregs\[0\]\[22\],14.6µm
_01211_,14.59µm
_03726_,14.59µm
_02792_,14.58µm
_02453_,14.565µm
_02061_,14.55µm
_00044_,14.54µm
_01121_,14.53µm
_01871_,14.53µm
_04546_,14.52µm
_05454_,14.515µm
_02186_,14.485µm
_04283_,14.48µm
net134,14.48µm
_01611_,14.475µm
_01646_,14.425µm
_01829_,14.425µm
_00256_,14.41µm
_01503_,14.41µm
_03628_,14.36µm
_05027_,14.36µm
_02342_,14.35µm
_03557_,14.35µm
u_picorv32.picorv32_core.mem_rdata_q\[12\],14.35µm
_03981_,14.34µm
_04743_,14.34µm
_05988_,14.34µm
u_picorv32.axi_adapter.ack_awvalid,14.325µm
u_picorv32.picorv32_core.reg_out\[27\],14.3µm
_01311_,14.29µm
_05388_,14.29µm
u_picorv32.pcpi_rs1\[13\],14.29µm
_03625_,14.28µm
_04543_,14.275µm
_05098_,14.275µm
_03497_,14.25µm
_03821_,14.24µm
u_picorv32.picorv32_core.reg_out\[9\],14.24µm
mem_axi_rdata[28],14.24µm
mem_axi_rvalid,14.24µm
_01655_,14.23µm
_01710_,14.23µm
_04659_,14.23µm
_05760_,14.23µm
_05768_,14.23µm
_02398_,14.22µm
net123,14.22µm
_02239_,14.18µm
_02244_,14.18µm
_00287_,14.17µm
_00578_,14.17µm
_00585_,14.17µm
_00614_,14.17µm
_00888_,14.17µm
_00912_,14.17µm
_00919_,14.17µm
_00985_,14.17µm
_01040_,14.17µm
_01254_,14.17µm
_01297_,14.17µm
_02630_,14.17µm
_03264_,14.17µm
_04769_,14.17µm
_05155_,14.17µm
_02335_,14.16µm
net2768,14.16µm
_04796_,14.145µm
_03916_,14.11µm
_04686_,14.11µm
_01715_,14.1µm
_05194_,14.1µm
_05603_,14.095µm
_04074_,14.05µm
u_picorv32.picorv32_core.instr_srl,14.02µm
_01319_,13.99µm
_00120_,13.98µm
_02051_,13.98µm
_02670_,13.98µm
_05754_,13.98µm
u_picorv32.picorv32_core.cpuregs\[0\]\[7\],13.98µm
_01831_,13.97µm
_00599_,13.96µm
u_picorv32.picorv32_core.cpuregs\[0\]\[23\],13.95µm
net106,13.945µm
_01834_,13.94µm
_01686_,13.93µm
_03239_,13.93µm
_04200_,13.93µm
_01695_,13.925µm
_04763_,13.905µm
_04412_,13.875µm
_02009_,13.87µm
_02483_,13.87µm
_03559_,13.87µm
_04552_,13.87µm
u_picorv32.picorv32_core.reg_next_pc\[19\],13.87µm
net3209,13.87µm
_03699_,13.86µm
_04345_,13.86µm
_04349_,13.86µm
_05283_,13.86µm
_03140_,13.855µm
_05649_,13.855µm
_02632_,13.845µm
_02647_,13.81µm
_03384_,13.81µm
_05217_,13.81µm
_05721_,13.81µm
_05909_,13.81µm
net2636,13.81µm
net3076,13.81µm
_04715_,13.8µm
_04793_,13.8µm
_05148_,13.8µm
_00095_,13.795µm
_05887_,13.79µm
_04718_,13.785µm
_03817_,13.78µm
_04308_,13.765µm
_03965_,13.75µm
net135,13.75µm
u_picorv32.picorv32_core.cpuregs\[28\]\[10\],13.745µm
_00818_,13.74µm
_04078_,13.74µm
_05257_,13.74µm
net125,13.74µm
_04539_,13.725µm
_04581_,13.72µm
_02923_,13.7µm
_02072_,13.69µm
net2842,13.69µm
_03681_,13.685µm
_01100_,13.68µm
_03120_,13.68µm
_03835_,13.68µm
_04419_,13.68µm
u_picorv32.picorv32_core.cpuregs\[23\]\[5\],13.68µm
_01758_,13.675µm
_02037_,13.675µm
_01804_,13.665µm
u_picorv32.picorv32_core.cpuregs\[12\]\[23\],13.65µm
_02810_,13.64µm
_04322_,13.63µm
_04593_,13.63µm
_05923_,13.63µm
_01478_,13.62µm
_04660_,13.62µm
_05089_,13.62µm
_05740_,13.62µm
u_picorv32.picorv32_core.cpuregs\[3\]\[25\],13.615µm
_01757_,13.58µm
_00819_,13.57µm
_03780_,13.57µm
_04490_,13.57µm
net1525,13.57µm
net1727,13.57µm
net2579,13.57µm
_02585_,13.565µm
_00018_,13.56µm
_01142_,13.56µm
_03535_,13.56µm
_05331_,13.51µm
_00033_,13.5µm
_03477_,13.5µm
_01779_,13.465µm
_01570_,13.46µm
_00767_,13.45µm
_02736_,13.45µm
_04652_,13.45µm
_02399_,13.44µm
_02685_,13.44µm
_04151_,13.44µm
_04983_,13.44µm
net2526,13.44µm
net2753,13.44µm
u_picorv32.pcpi_rs1\[7\],13.44µm
u_picorv32.picorv32_core.cpuregs\[26\]\[30\],13.44µm
_01441_,13.425µm
_03658_,13.42µm
_02609_,13.41µm
_03960_,13.41µm
mem_axi_rdata[15],13.4µm
mem_axi_rdata[18],13.4µm
mem_axi_rdata[21],13.4µm
mem_axi_rdata[27],13.4µm
mem_axi_rdata[30],13.4µm
mem_axi_rdata[6],13.4µm
_00168_,13.39µm
_05686_,13.39µm
_01608_,13.38µm
_02770_,13.38µm
_02897_,13.38µm
_05743_,13.38µm
_05750_,13.38µm
_01690_,13.355µm
_03473_,13.355µm
_01242_,13.33µm
_03901_,13.33µm
_04087_,13.33µm
net2358,13.33µm
net3073,13.33µm
net939,13.33µm
u_picorv32.picorv32_core.cpuregs\[0\]\[11\],13.32µm
_03846_,13.315µm
_03611_,13.28µm
_03654_,13.28µm
_04865_,13.28µm
u_picorv32.picorv32_core.cpuregs\[11\]\[10\],13.28µm
_02424_,13.27µm
_04612_,13.27µm
_00588_,13.26µm
_04082_,13.26µm
_05015_,13.26µm
_02620_,13.22µm
_01130_,13.21µm
_02215_,13.21µm
_02653_,13.21µm
_02709_,13.21µm
_02711_,13.21µm
_04182_,13.21µm
_01815_,13.2µm
_05167_,13.2µm
net2079,13.2µm
net2109,13.2µm
net2313,13.2µm
_04855_,13.15µm
_04732_,13.14µm
_05442_,13.14µm
_02370_,13.095µm
_03414_,13.09µm
_04067_,13.09µm
_04209_,13.09µm
_04708_,13.09µm
_05625_,13.09µm
net1943,13.09µm
_00112_,13.08µm
_03026_,13.08µm
_03818_,13.08µm
_04829_,13.08µm
_04262_,13.055µm
_04150_,13.03µm
_05520_,13.03µm
_03234_,13.02µm
net2529,13.02µm
_01626_,12.99µm
_01849_,12.97µm
_03218_,12.97µm
_04290_,12.97µm
_03961_,12.96µm
_04211_,12.96µm
_04722_,12.96µm
u_picorv32.picorv32_core.mem_rdata_q\[6\],12.955µm
_05692_,12.945µm
_00444_,12.91µm
_00702_,12.91µm
_02949_,12.91µm
_03632_,12.91µm
_04387_,12.91µm
_05723_,12.91µm
_01759_,12.9µm
_02704_,12.9µm
_04446_,12.9µm
_01818_,12.895µm
_01133_,12.85µm
_02230_,12.85µm
_04755_,12.85µm
_05848_,12.85µm
net78,12.85µm
_05317_,12.835µm
_03525_,12.825µm
_04962_,12.825µm
_01889_,12.8µm
_04281_,12.79µm
_05410_,12.79µm
net3131,12.775µm
_00938_,12.765µm
_05764_,12.74µm
_02425_,12.73µm
_03747_,12.73µm
_03954_,12.73µm
_05498_,12.73µm
_00460_,12.72µm
_03337_,12.72µm
_04145_,12.72µm
net1640,12.72µm
net1762,12.72µm
net1824,12.72µm
net2013,12.72µm
net2264,12.72µm
net2300,12.72µm
net2780,12.72µm
net2888,12.72µm
_02163_,12.675µm
_01980_,12.67µm
_02475_,12.67µm
_05111_,12.66µm
_03464_,12.655µm
_04131_,12.645µm
_04110_,12.635µm
_02270_,12.615µm
_02214_,12.61µm
_03880_,12.61µm
net1833,12.61µm
net2102,12.61µm
net2386,12.61µm
u_picorv32.picorv32_core.cpuregs\[31\]\[26\],12.605µm
_04002_,12.6µm
_05804_,12.6µm
_04675_,12.585µm
mem_axi_rdata[4],12.56µm
mem_axi_araddr[13],12.56µm
_00038_,12.55µm
_04817_,12.55µm
_03212_,12.54µm
_03517_,12.54µm
_03814_,12.525µm
_05600_,12.525µm
_01428_,12.49µm
_02530_,12.49µm
_03190_,12.49µm
_01361_,12.48µm
_03223_,12.48µm
_03903_,12.48µm
_04302_,12.48µm
_05040_,12.48µm
net2840,12.48µm
u_picorv32.picorv32_core.instr_beq,12.48µm
_05791_,12.465µm
_02276_,12.45µm
_00303_,12.43µm
_03221_,12.43µm
_03883_,12.43µm
_05448_,12.43µm
_00902_,12.42µm
_04471_,12.42µm
_05827_,12.42µm
u_picorv32.picorv32_core.alu_out_q\[13\],12.42µm
u_picorv32.axi_adapter.xfer_done,12.415µm
_02107_,12.4µm
net2384,12.39µm
_02338_,12.38µm
_01119_,12.37µm
_01253_,12.37µm
_03052_,12.37µm
net2304,12.37µm
_01884_,12.36µm
_02392_,12.36µm
_03751_,12.36µm
net1569,12.36µm
net1705,12.36µm
net2019,12.36µm
net2077,12.36µm
net2119,12.36µm
net2260,12.36µm
_00042_,12.31µm
_01481_,12.31µm
_01568_,12.31µm
_04792_,12.31µm
_00556_,12.3µm
_01052_,12.3µm
_03013_,12.3µm
_02752_,12.295µm
_02201_,12.275µm
_04418_,12.275µm
_01866_,12.26µm
_02606_,12.26µm
_03084_,12.26µm
_03569_,12.255µm
_03215_,12.25µm
_04790_,12.25µm
_00422_,12.24µm
_02645_,12.24µm
_03721_,12.24µm
_03977_,12.24µm
_04451_,12.24µm
_04505_,12.24µm
_05057_,12.24µm
_05160_,12.24µm
net1965,12.24µm
net2010,12.24µm
net2167,12.24µm
net2193,12.24µm
net2312,12.24µm
net2354,12.24µm
net2516,12.24µm
_01905_,12.2µm
_01917_,12.19µm
_02511_,12.19µm
_00237_,12.18µm
_05756_,12.165µm
_00139_,12.13µm
_00729_,12.13µm
_01470_,12.13µm
_03761_,12.13µm
_05637_,12.13µm
net2435,12.13µm
net3078,12.13µm
_05713_,12.12µm
_02784_,12.1µm
_05539_,12.075µm
_05468_,12.06µm
u_picorv32.picorv32_core.alu_out_q\[7\],12.06µm
_03199_,12.035µm
_03793_,12.02µm
_00107_,12.01µm
_00876_,12.01µm
_03074_,12.01µm
_02203_,12µm
_04180_,12µm
_04355_,12µm
_04468_,12µm
_04647_,12µm
_05074_,12µm
_05118_,12µm
_06015_,12µm
_03080_,11.985µm
_04771_,11.985µm
_00875_,11.95µm
_01741_,11.95µm
_03448_,11.95µm
_03470_,11.95µm
_04745_,11.95µm
net3133,11.95µm
_00330_,11.94µm
_01048_,11.94µm
_03445_,11.94µm
_03772_,11.94µm
_04156_,11.94µm
_05954_,11.94µm
_03283_,11.935µm
_04068_,11.935µm
net2645,11.935µm
_05502_,11.91µm
_02658_,11.9µm
_01396_,11.89µm
_04723_,11.89µm
_04778_,11.89µm
_05363_,11.89µm
net2655,11.89µm
_02049_,11.88µm
_03040_,11.88µm
net1775,11.88µm
net2259,11.88µm
net2490,11.88µm
_01600_,11.875µm
_04041_,11.845µm
net916,11.845µm
_00026_,11.83µm
_00027_,11.83µm
_00867_,11.83µm
_01422_,11.83µm
_03547_,11.83µm
_01093_,11.82µm
_02161_,11.82µm
_04869_,11.82µm
_05752_,11.805µm
net340,11.785µm
_02023_,11.78µm
_01675_,11.77µm
_02232_,11.77µm
_02432_,11.77µm
_02657_,11.77µm
_03507_,11.77µm
_03928_,11.77µm
_04198_,11.77µm
_04237_,11.77µm
_05662_,11.77µm
net1517,11.77µm
net2647,11.77µm
net2654,11.77µm
net2761,11.77µm
net2771,11.77µm
_01816_,11.765µm
_01817_,11.765µm
_02042_,11.76µm
_03874_,11.76µm
_05024_,11.76µm
net2083,11.76µm
net2208,11.76µm
_00900_,11.74µm
u_picorv32.picorv32_core.reg_out\[28\],11.73µm
_01882_,11.72µm
_04445_,11.72µm
mem_axi_rdata[11],11.72µm
mem_axi_rdata[14],11.72µm
mem_axi_rdata[20],11.72µm
mem_axi_rdata[23],11.72µm
mem_axi_rdata[26],11.72µm
mem_axi_rdata[29],11.72µm
_01830_,11.715µm
_04008_,11.715µm
_01860_,11.71µm
_04668_,11.71µm
_04742_,11.71µm
u_picorv32.picorv32_core.mem_state\[1\],11.71µm
_03072_,11.66µm
_00978_,11.65µm
_02111_,11.65µm
_02708_,11.65µm
_03947_,11.65µm
_04278_,11.65µm
_04627_,11.65µm
_05036_,11.65µm
net1557,11.65µm
net1773,11.65µm
net2171,11.65µm
net848,11.65µm
_04001_,11.635µm
_01511_,11.625µm
_05673_,11.625µm
_01782_,11.62µm
_01479_,11.6µm
_01579_,11.6µm
_02512_,11.585µm
_01580_,11.58µm
_04395_,11.58µm
_04414_,11.58µm
_05269_,11.58µm
_05303_,11.57µm
_03613_,11.54µm
_04460_,11.53µm
_05101_,11.53µm
_04249_,11.52µm
_04623_,11.52µm
_05028_,11.52µm
_06005_,11.52µm
net2475,11.52µm
u_picorv32.picorv32_core.alu_out_q\[14\],11.52µm
_05389_,11.505µm
_01561_,11.49µm
_05803_,11.475µm
_00710_,11.47µm
_00903_,11.47µm
_01392_,11.47µm
_05358_,11.47µm
u_picorv32.pcpi_rs1\[26\],11.47µm
net3238,11.47µm
_01187_,11.46µm
_01665_,11.46µm
_03483_,11.46µm
_05444_,11.46µm
_05905_,11.46µm
net3142,11.46µm
_02029_,11.455µm
_05387_,11.455µm
_03250_,11.425µm
_01287_,11.41µm
_02285_,11.41µm
_02543_,11.41µm
_03009_,11.41µm
_03315_,11.41µm
_03794_,11.41µm
_04776_,11.41µm
_05973_,11.41µm
net2035,11.41µm
net2689,11.41µm
u_picorv32.axi_adapter.ack_arvalid,11.41µm
net3197,11.41µm
_02608_,11.4µm
_03967_,11.4µm
_04010_,11.4µm
_04066_,11.4µm
net1564,11.4µm
net1655,11.4µm
net1791,11.4µm
net1819,11.4µm
net2017,11.4µm
net2112,11.4µm
net2156,11.4µm
net2157,11.4µm
net2272,11.4µm
u_picorv32.picorv32_core.is_compare,11.365µm
_01841_,11.36µm
_02162_,11.36µm
_04534_,11.36µm
_01234_,11.35µm
_01766_,11.35µm
_03291_,11.35µm
_06007_,11.35µm
_05260_,11.34µm
_01888_,11.335µm
_02125_,11.335µm
_02033_,11.32µm
_03863_,11.305µm
_01310_,11.29µm
_03207_,11.29µm
_03717_,11.29µm
_04294_,11.29µm
net2199,11.29µm
net2607,11.29µm
net2617,11.29µm
net2620,11.29µm
net2628,11.29µm
net2639,11.29µm
net2641,11.29µm
net2649,11.29µm
net2653,11.29µm
net2690,11.29µm
net2788,11.29µm
net2934,11.29µm
net3044,11.29µm
net3072,11.29µm
_01246_,11.28µm
_02469_,11.28µm
_02757_,11.28µm
_03837_,11.28µm
_04065_,11.28µm
_05992_,11.28µm
net1828,11.28µm
net2040,11.28µm
net2226,11.28µm
net2232,11.28µm
net2305,11.28µm
_02119_,11.275µm
_05824_,11.275µm
_03167_,11.22µm
_03505_,11.22µm
_01851_,11.2µm
_04818_,11.195µm
_02231_,11.19µm
_00248_,11.17µm
_00524_,11.17µm
_00986_,11.17µm
_01800_,11.17µm
net1973,11.17µm
net2250,11.17µm
_04630_,11.16µm
_05413_,11.16µm
u_picorv32.picorv32_core.cpuregs\[26\]\[26\],11.16µm
_00473_,11.145µm
_04820_,11.115µm
_01153_,11.11µm
_01236_,11.11µm
_01419_,11.1µm
_04374_,11.1µm
_01610_,11.08µm
_03450_,11.055µm
_00471_,11.05µm
_01196_,11.05µm
_01581_,11.05µm
_04736_,11.05µm
net3229,11.05µm
_01718_,11.04µm
_02951_,11.04µm
_04091_,11.04µm
_05270_,11.04µm
_05801_,11.04µm
_02362_,11.035µm
_00043_,10.99µm
_00749_,10.99µm
_00998_,10.99µm
_01346_,10.99µm
_01471_,10.99µm
_01574_,10.99µm
_02052_,10.99µm
_02557_,10.99µm
_02954_,10.99µm
_03562_,10.99µm
_03565_,10.99µm
_03739_,10.99µm
_03862_,10.99µm
_03921_,10.99µm
_04201_,10.99µm
_04517_,10.99µm
_04617_,10.99µm
_04882_,10.99µm
_05295_,10.99µm
_05911_,10.99µm
net3224,10.99µm
_01857_,10.98µm
_02677_,10.98µm
net2634,10.965µm
_05408_,10.94µm
_00058_,10.93µm
_01398_,10.93µm
_02243_,10.93µm
_02618_,10.93µm
_03313_,10.93µm
_03516_,10.93µm
_03691_,10.93µm
_04013_,10.93µm
net1597,10.93µm
net1814,10.93µm
net2605,10.93µm
net2772,10.93µm
net2860,10.93µm
net3109,10.93µm
net3245,10.93µm
_01916_,10.925µm
_01883_,10.92µm
_05956_,10.92µm
net1632,10.92µm
net2311,10.92µm
net2548,10.92µm
net2644,10.92µm
net2735,10.92µm
net3052,10.92µm
_02100_,10.915µm
_03014_,10.915µm
_05135_,10.915µm
_05399_,10.885µm
_05841_,10.88µm
net1508,10.88µm
mem_axi_arready,10.88µm
mem_axi_rdata[10],10.88µm
mem_axi_rdata[13],10.88µm
mem_axi_rdata[16],10.88µm
mem_axi_rdata[1],10.88µm
mem_axi_rdata[22],10.88µm
mem_axi_rdata[25],10.88µm
mem_axi_rdata[7],10.88µm
_01504_,10.87µm
_03249_,10.87µm
_03257_,10.87µm
_04026_,10.87µm
_04499_,10.87µm
_00466_,10.86µm
_01544_,10.86µm
_03123_,10.86µm
_02961_,10.83µm
_01303_,10.81µm
_02031_,10.81µm
_02053_,10.81µm
_03227_,10.81µm
_04006_,10.81µm
_04545_,10.81µm
_04673_,10.81µm
_04926_,10.81µm
_05011_,10.81µm
_05383_,10.81µm
_05434_,10.81µm
_05719_,10.81µm
net2255,10.81µm
net2461,10.81µm
net2629,10.81µm
net3035,10.81µm
_00404_,10.8µm
_01634_,10.8µm
_02780_,10.8µm
_03146_,10.8µm
_03545_,10.8µm
_03918_,10.8µm
_04750_,10.8µm
net1834,10.8µm
net1997,10.8µm
net2263,10.8µm
net2359,10.8µm
net2421,10.8µm
u_picorv32.picorv32_core.reg_next_pc\[5\],10.795µm
_01772_,10.775µm
_05449_,10.755µm
_00045_,10.75µm
_02821_,10.75µm
_04187_,10.75µm
_04569_,10.75µm
_01306_,10.74µm
_00455_,10.72µm
_02556_,10.7µm
_05781_,10.7µm
_00665_,10.69µm
_01749_,10.69µm
_03097_,10.69µm
_03576_,10.68µm
_04978_,10.68µm
net1652,10.68µm
_03839_,10.665µm
_04751_,10.665µm
_04538_,10.66µm
_05865_,10.66µm
_03752_,10.645µm
_02038_,10.62µm
_04196_,10.62µm
_04862_,10.62µm
_04721_,10.61µm
_01724_,10.595µm
_03556_,10.595µm
_04887_,10.59µm
_05627_,10.59µm
_04135_,10.58µm
_00698_,10.57µm
_01440_,10.57µm
_01502_,10.57µm
_04069_,10.57µm
_05023_,10.57µm
_05369_,10.57µm
_05486_,10.57µm
_05645_,10.57µm
_01370_,10.56µm
_02478_,10.56µm
_02755_,10.56µm
_04454_,10.56µm
_04816_,10.56µm
_04839_,10.56µm
_05742_,10.56µm
_05757_,10.56µm
net1586,10.56µm
_04398_,10.555µm
_01833_,10.53µm
_00017_,10.51µm
_00536_,10.51µm
_01513_,10.51µm
_02461_,10.51µm
_03766_,10.51µm
_04717_,10.51µm
_05616_,10.51µm
_05811_,10.51µm
_05844_,10.51µm
u_picorv32.pcpi_rs1\[24\],10.51µm
net507,10.51µm
net3201,10.51µm
net3210,10.51µm
net3233,10.51µm
net3264,10.51µm
_01459_,10.5µm
_01472_,10.5µm
_01578_,10.5µm
_03608_,10.5µm
u_picorv32.picorv32_core.cpuregs\[24\]\[8\],10.5µm
_03568_,10.495µm
_01932_,10.465µm
_04099_,10.465µm
_01799_,10.45µm
_02626_,10.45µm
_05983_,10.45µm
net1520,10.45µm
net1582,10.45µm
net1667,10.45µm
net1776,10.45µm
net1876,10.45µm
net1996,10.45µm
net2009,10.45µm
net2034,10.45µm
net2220,10.45µm
net2280,10.45µm
net2364,10.45µm
net2601,10.45µm
net2615,10.45µm
net2619,10.45µm
net2621,10.45µm
net2635,10.45µm
net2643,10.45µm
net2648,10.45µm
net2651,10.45µm
net2656,10.45µm
net2763,10.45µm
net2773,10.45µm
net2890,10.45µm
net3013,10.45µm
net3051,10.45µm
net74,10.45µm
net75,10.45µm
net80,10.45µm
net85,10.45µm
net89,10.45µm
net90,10.45µm
net3242,10.45µm
_01703_,10.44µm
_02373_,10.44µm
_02590_,10.44µm
_05530_,10.44µm
_04136_,10.435µm
_04850_,10.435µm
_04884_,10.435µm
_04953_,10.435µm
_01957_,10.425µm
_02583_,10.42µm
u_picorv32.picorv32_core.cpuregs\[0\]\[3\],10.41µm
mem_axi_rdata[0],10.41µm
_03769_,10.405µm
_04176_,10.4µm
_02682_,10.39µm
_03076_,10.39µm
_03634_,10.39µm
_04356_,10.39µm
_05226_,10.38µm
_04138_,10.365µm
_04213_,10.365µm
net1827,10.365µm
_01731_,10.35µm
_01658_,10.33µm
_02533_,10.33µm
_02890_,10.33µm
_03184_,10.33µm
_04431_,10.33µm
_05894_,10.33µm
_05968_,10.33µm
net1732,10.33µm
net2254,10.33µm
_02099_,10.325µm
_05453_,10.325µm
_00310_,10.32µm
_00443_,10.32µm
_00564_,10.32µm
_00917_,10.32µm
_02097_,10.32µm
_04165_,10.32µm
net1796,10.32µm
net1872,10.32µm
net1956,10.32µm
net1999,10.32µm
_03912_,10.3µm
_04134_,10.28µm
_04931_,10.28µm
_00037_,10.27µm
_04876_,10.27µm
_05014_,10.27µm
_05888_,10.27µm
_03985_,10.25µm
_04831_,10.245µm
_01909_,10.22µm
_02169_,10.22µm
_01035_,10.21µm
_01914_,10.21µm
_02216_,10.21µm
_02494_,10.21µm
_03964_,10.21µm
_04295_,10.21µm
_01358_,10.2µm
_02795_,10.2µm
_04560_,10.2µm
_01221_,10.185µm
u_picorv32.picorv32_core.reg_next_pc\[17\],10.18µm
_00357_,10.17µm
_04859_,10.17µm
_01307_,10.15µm
_03915_,10.15µm
_04157_,10.15µm
u_picorv32.picorv32_core.alu_out\[5\],10.15µm
_00124_,10.14µm
_04488_,10.14µm
_05251_,10.14µm
_02549_,10.125µm
_04874_,10.125µm
net1840,10.125µm
net2032,10.125µm
net2590,10.125µm
_04809_,10.115µm
_04411_,10.105µm
_02256_,10.095µm
_02774_,10.09µm
_03029_,10.09µm
_03989_,10.09µm
_05224_,10.09µm
u_picorv32.pcpi_rs1\[8\],10.09µm
u_picorv32.picorv32_core.alu_out_q\[21\],10.09µm
net3217,10.09µm
_03598_,10.085µm
_01881_,10.08µm
_02277_,10.08µm
_04155_,10.08µm
_04523_,10.08µm
_04885_,10.08µm
_05336_,10.08µm
_05365_,10.08µm
_05653_,10.08µm
_05720_,10.08µm
net1518,10.08µm
net2633,10.08µm
net2698,10.08µm
net2796,10.08µm
net3077,10.08µm
net71,10.08µm
net72,10.08µm
net73,10.08µm
net76,10.08µm
net77,10.08µm
net81,10.08µm
net82,10.08µm
net88,10.08µm
net96,10.08µm
net97,10.08µm
mem_axi_rdata[3],10.04µm
_00182_,10.03µm
_01160_,10.03µm
_02133_,10.03µm
_02397_,10.03µm
_02824_,10.03µm
_03696_,10.03µm
_03720_,10.03µm
_03840_,10.03µm
_04407_,10.03µm
_04423_,10.03µm
_04938_,10.03µm
_05360_,10.03µm
u_picorv32.pcpi_rs1\[20\],10.03µm
net3254,10.03µm
_02299_,10.02µm
_04192_,10.02µm
_05936_,10.02µm
_01512_,9.97µm
_01583_,9.97µm
_02284_,9.97µm
_02652_,9.97µm
_03711_,9.97µm
_03858_,9.97µm
net2422,9.97µm
net2623,9.97µm
net2795,9.97µm
net79,9.97µm
net95,9.97µm
net99,9.97µm
net100,9.97µm
u_picorv32.picorv32_core.alu_out_q\[22\],9.97µm
net3196,9.97µm
_01531_,9.96µm
_04748_,9.96µm
net852,9.96µm
_05969_,9.955µm
_00518_,9.93µm
_01128_,9.93µm
_01411_,9.91µm
_02477_,9.91µm
_03866_,9.91µm
_03822_,9.9µm
_05234_,9.9µm
_05312_,9.9µm
_00010_,9.86µm
_01333_,9.86µm
_02385_,9.86µm
_05492_,9.86µm
_01827_,9.85µm
_03213_,9.85µm
_04231_,9.85µm
_04344_,9.85µm
_04444_,9.85µm
_04761_,9.85µm
_05322_,9.85µm
net1900,9.85µm
net2631,9.85µm
net2659,9.85µm
_00178_,9.84µm
_00292_,9.84µm
_00304_,9.84µm
_00371_,9.84µm
_00852_,9.84µm
_00931_,9.84µm
_01011_,9.84µm
_01209_,9.84µm
_02955_,9.84µm
_04333_,9.84µm
_04900_,9.84µm
_05975_,9.84µm
net1544,9.84µm
net1622,9.84µm
net1664,9.84µm
net1688,9.84µm
net1692,9.84µm
net1706,9.84µm
net1849,9.84µm
net1953,9.84µm
net2154,9.84µm
net2181,9.84µm
net2284,9.84µm
net2582,9.84µm
net2683,9.84µm
net3048,9.84µm
_02428_,9.79µm
_04548_,9.78µm
_01698_,9.765µm
_01856_,9.73µm
_02357_,9.73µm
_03316_,9.73µm
_03914_,9.72µm
_03963_,9.7µm
_03678_,9.675µm
_04903_,9.67µm
_01353_,9.66µm
_03829_,9.66µm
_04739_,9.66µm
_05069_,9.66µm
_05540_,9.645µm
_05933_,9.645µm
net2319,9.63µm
net2886,9.63µm
_00804_,9.61µm
_02340_,9.61µm
_02343_,9.61µm
_02344_,9.61µm
_04096_,9.61µm
_04130_,9.61µm
_04420_,9.61µm
_04915_,9.61µm
_05187_,9.61µm
_05222_,9.61µm
_05371_,9.61µm
_05392_,9.61µm
u_picorv32.picorv32_core.instr_sub,9.61µm
net3239,9.61µm
_01264_,9.6µm
_01566_,9.6µm
_02671_,9.6µm
_04364_,9.6µm
_04549_,9.6µm
_05835_,9.6µm
net2021,9.6µm
net2523,9.6µm
net2598,9.6µm
net2728,9.6µm
net83,9.6µm
net84,9.6µm
net86,9.6µm
net87,9.6µm
net92,9.6µm
net93,9.6µm
net98,9.6µm
_03016_,9.595µm
_03035_,9.585µm
u_picorv32.picorv32_core.instr_rdcycle,9.585µm
_04676_,9.565µm
_03955_,9.56µm
_04220_,9.555µm
_00034_,9.55µm
_00911_,9.55µm
_01222_,9.55µm
_02679_,9.55µm
_03245_,9.55µm
_03295_,9.55µm
_03854_,9.55µm
_03942_,9.55µm
_03994_,9.55µm
_04531_,9.55µm
_04621_,9.55µm
_04879_,9.55µm
_05473_,9.55µm
_05833_,9.55µm
net967,9.55µm
net3203,9.55µm
_04700_,9.505µm
_00035_,9.49µm
_00103_,9.49µm
_01642_,9.49µm
_01765_,9.49µm
_02071_,9.49µm
_02749_,9.49µm
_03454_,9.49µm
_04632_,9.49µm
_04898_,9.49µm
_04919_,9.49µm
net1549,9.49µm
net1941,9.49µm
net2064,9.49µm
net2407,9.49µm
net2515,9.49µm
net2538,9.49µm
net2693,9.49µm
u_picorv32.pcpi_rs1\[31\],9.49µm
_05728_,9.485µm
_01598_,9.48µm
_01999_,9.48µm
_03284_,9.48µm
_04267_,9.48µm
_05279_,9.48µm
net1560,9.48µm
net2224,9.48µm
net2295,9.48µm
_00024_,9.43µm
_01068_,9.43µm
_03391_,9.43µm
_04989_,9.42µm
_05116_,9.42µm
_02445_,9.41µm
_04609_,9.4µm
_02240_,9.38µm
net3153,9.38µm
_02213_,9.375µm
_00062_,9.37µm
_01576_,9.37µm
_01707_,9.37µm
_03094_,9.37µm
_04359_,9.37µm
_04578_,9.37µm
_04787_,9.37µm
_04923_,9.37µm
net3050,9.37µm
_03596_,9.365µm
_00261_,9.36µm
_00384_,9.36µm
_00482_,9.36µm
_00531_,9.36µm
_00786_,9.36µm
_00897_,9.36µm
_02241_,9.36µm
_02766_,9.36µm
_03941_,9.36µm
_04033_,9.36µm
_04360_,9.36µm
_04476_,9.36µm
_04905_,9.36µm
_05567_,9.36µm
net1707,9.36µm
net1816,9.36µm
net1850,9.36µm
net2248,9.36µm
net2265,9.36µm
net2333,9.36µm
net2413,9.36µm
net2447,9.36µm
net2467,9.36µm
net3082,9.36µm
_04307_,9.355µm
_02963_,9.33µm
_01721_,9.32µm
_00053_,9.31µm
_01355_,9.31µm
_03145_,9.31µm
_03487_,9.31µm
_04088_,9.31µm
_02588_,9.3µm
_02665_,9.3µm
u_picorv32.picorv32_core.cpuregs\[22\]\[10\],9.3µm
_02218_,9.275µm
_03008_,9.26µm
_01308_,9.25µm
_04706_,9.25µm
_02436_,9.24µm
_03609_,9.24µm
_03647_,9.24µm
_04599_,9.24µm
_03070_,9.225µm
_04899_,9.22µm
_04240_,9.2µm
mem_axi_rdata[19],9.2µm
mem_axi_rdata[31],9.2µm
_01467_,9.19µm
_01309_,9.18µm
_02406_,9.18µm
_02408_,9.18µm
_02514_,9.18µm
_02538_,9.18µm
_04005_,9.18µm
_04840_,9.18µm
net2974,9.165µm
_00319_,9.13µm
_00826_,9.13µm
_00946_,9.13µm
_01365_,9.13µm
_03174_,9.13µm
_03631_,9.13µm
_04053_,9.13µm
_05031_,9.13µm
_06000_,9.13µm
_01382_,9.12µm
_02032_,9.12µm
_02853_,9.12µm
_02867_,9.12µm
_03023_,9.12µm
_03750_,9.12µm
_03783_,9.12µm
_04227_,9.12µm
_04823_,9.12µm
_05610_,9.12µm
net1901,9.12µm
net2078,9.12µm
net2127,9.12µm
net2205,9.12µm
net2273,9.12µm
net2299,9.12µm
net2391,9.12µm
net2966,9.12µm
_00467_,9.07µm
_01255_,9.07µm
_01412_,9.07µm
_01480_,9.07µm
_02731_,9.07µm
_03078_,9.07µm
_03701_,9.07µm
_03934_,9.07µm
_04106_,9.07µm
_04894_,9.07µm
_05766_,9.07µm
_05998_,9.07µm
net3192,9.07µm
_01464_,9.06µm
_05390_,9.035µm
_03098_,9.02µm
_01262_,9.01µm
_01418_,9.01µm
_02198_,9.01µm
_03578_,9.01µm
_03622_,9.01µm
_04645_,9.01µm
_04815_,9.01µm
_05325_,9.01µm
net1685,9.01µm
net1686,9.01µm
net2149,9.01µm
net2173,9.01µm
net2340,9.01µm
net2412,9.01µm
net2866,9.01µm
_01448_,9µm
_01575_,9µm
_01651_,9µm
_03166_,9µm
_03737_,9µm
net1642,9µm
net1862,9µm
net2401,9µm
_04479_,8.995µm
_05079_,8.995µm
_05529_,8.995µm
_03786_,8.985µm
_04025_,8.985µm
_05344_,8.985µm
_02416_,8.96µm
_03137_,8.96µm
_03293_,8.96µm
u_picorv32.picorv32_core.reg_next_pc\[3\],8.96µm
_00049_,8.95µm
_01468_,8.95µm
_02224_,8.95µm
net3061,8.945µm
_00076_,8.94µm
_02997_,8.94µm
_03626_,8.94µm
_04664_,8.94µm
_05090_,8.94µm
_01977_,8.935µm
_01156_,8.925µm
_02005_,8.925µm
_02302_,8.925µm
_02358_,8.92µm
net2189,8.92µm
_02400_,8.915µm
_04241_,8.91µm
_04477_,8.905µm
net3256,8.9µm
_00423_,8.89µm
_00680_,8.89µm
_01565_,8.89µm
_02875_,8.89µm
_04541_,8.89µm
_04866_,8.89µm
_05629_,8.89µm
net2168,8.89µm
net2406,8.89µm
net2408,8.89µm
net3024,8.89µm
_00158_,8.88µm
_00218_,8.88µm
_00222_,8.88µm
_00228_,8.88µm
_00410_,8.88µm
_00421_,8.88µm
_00435_,8.88µm
_00517_,8.88µm
_00535_,8.88µm
_00670_,8.88µm
_00999_,8.88µm
_03597_,8.88µm
_03946_,8.88µm
_04218_,8.88µm
_04272_,8.88µm
_04296_,8.88µm
_04424_,8.88µm
_04697_,8.88µm
_04766_,8.88µm
_04912_,8.88µm
_05744_,8.88µm
net1574,8.88µm
net1584,8.88µm
net1629,8.88µm
net1631,8.88µm
net1721,8.88µm
net1729,8.88µm
net1735,8.88µm
net1747,8.88µm
net1764,8.88µm
net1803,8.88µm
net1805,8.88µm
net1818,8.88µm
net1829,8.88µm
net1878,8.88µm
net1885,8.88µm
net1908,8.88µm
net1934,8.88µm
net1935,8.88µm
net1981,8.88µm
net1995,8.88µm
net2003,8.88µm
net2015,8.88µm
net2097,8.88µm
net2136,8.88µm
net2176,8.88µm
net2198,8.88µm
net2202,8.88µm
net2206,8.88µm
net2217,8.88µm
net2243,8.88µm
net2249,8.88µm
net2292,8.88µm
net2308,8.88µm
net2331,8.88µm
net2355,8.88µm
net2357,8.88µm
net2369,8.88µm
net2379,8.88µm
net2393,8.88µm
net2414,8.88µm
net2466,8.88µm
net2483,8.88µm
net2509,8.88µm
net2588,8.88µm
net2609,8.88µm
net2678,8.88µm
net2687,8.88µm
net2710,8.88µm
net2834,8.88µm
net2862,8.88µm
net2882,8.88µm
net2909,8.88µm
net2961,8.88µm
net2967,8.88µm
net3005,8.88µm
net3033,8.88µm
net3100,8.88µm
_03204_,8.84µm
_01633_,8.83µm
_02219_,8.83µm
_02729_,8.83µm
_04264_,8.805µm
_00430_,8.79µm
mem_axi_araddr[10],8.78µm
mem_axi_araddr[19],8.78µm
mem_axi_araddr[22],8.78µm
mem_axi_araddr[25],8.78µm
mem_axi_araddr[28],8.78µm
mem_axi_araddr[4],8.78µm
mem_axi_araddr[7],8.78µm
mem_axi_arprot[2],8.78µm
mem_axi_arvalid,8.78µm
_03891_,8.77µm
_04629_,8.77µm
_01072_,8.76µm
_01201_,8.76µm
_01204_,8.76µm
_01457_,8.76µm
_02500_,8.76µm
_02541_,8.76µm
_03972_,8.76µm
_05862_,8.76µm
net2374,8.76µm
_01605_,8.73µm
_04637_,8.73µm
_02259_,8.72µm
_00110_,8.71µm
_00111_,8.71µm
_02234_,8.71µm
_01475_,8.7µm
_02526_,8.7µm
_02581_,8.7µm
_02607_,8.7µm
_02672_,8.7µm
_02940_,8.7µm
_03427_,8.7µm
_03728_,8.7µm
net3213,8.7µm
_02597_,8.685µm
_00964_,8.65µm
_01065_,8.65µm
_03247_,8.65µm
_03474_,8.65µm
_03506_,8.65µm
_03671_,8.65µm
_03996_,8.65µm
_04601_,8.65µm
_05129_,8.65µm
_05274_,8.65µm
_05414_,8.65µm
_05425_,8.65µm
_05585_,8.65µm
net3253,8.65µm
_01190_,8.64µm
_01226_,8.64µm
_01637_,8.64µm
_01876_,8.64µm
_02577_,8.64µm
_02697_,8.64µm
_04023_,8.64µm
_04740_,8.64µm
_05467_,8.64µm
_05489_,8.64µm
_05971_,8.64µm
net1571,8.64µm
net1589,8.64µm
net1596,8.64µm
net1696,8.64µm
net1719,8.64µm
net1815,8.64µm
net1831,8.64µm
net1835,8.64µm
net2192,8.64µm
net2527,8.64µm
net2756,8.64µm
net124,8.64µm
_02591_,8.625µm
_02250_,8.6µm
_00123_,8.59µm
_01224_,8.59µm
_01961_,8.59µm
_02063_,8.59µm
_02249_,8.59µm
_03894_,8.59µm
_03988_,8.59µm
_04439_,8.59µm
_04575_,8.59µm
_04656_,8.59µm
_04985_,8.59µm
u_picorv32.pcpi_rs1\[16\],8.59µm
net3139,8.59µm
_01324_,8.58µm
_02459_,8.58µm
_02725_,8.58µm
_04579_,8.58µm
_02702_,8.565µm
_03924_,8.56µm
net2111,8.56µm
_03579_,8.555µm
u_picorv32.picorv32_core.reg_out\[13\],8.54µm
_03826_,8.53µm
_04470_,8.53µm
_05777_,8.53µm
_05930_,8.53µm
net2004,8.53µm
net2164,8.53µm
net2627,8.53µm
net2874,8.53µm
net2952,8.53µm
_01233_,8.52µm
_01292_,8.52µm
_01528_,8.52µm
_02080_,8.52µm
_02353_,8.52µm
_03027_,8.52µm
_03219_,8.52µm
net2476,8.52µm
_05199_,8.515µm
_05994_,8.515µm
_04607_,8.505µm
_01688_,8.5µm
_02145_,8.48µm
_00061_,8.47µm
_00425_,8.47µm
_00468_,8.47µm
_01020_,8.47µm
_01405_,8.47µm
_01439_,8.47µm
_03907_,8.47µm
_02347_,8.46µm
_03033_,8.46µm
_03832_,8.46µm
_04389_,8.46µm
rst_ni,8.46µm
_03966_,8.445µm
_05759_,8.435µm
_01696_,8.42µm
_02592_,8.42µm
_03055_,8.42µm
net3118,8.42µm
_01427_,8.41µm
_02341_,8.41µm
_03187_,8.41µm
_03983_,8.41µm
_04699_,8.41µm
_05396_,8.41µm
_05660_,8.41µm
net1598,8.41µm
net1680,8.41µm
net1865,8.41µm
net2580,8.41µm
_00411_,8.4µm
_00920_,8.4µm
_01002_,8.4µm
_01007_,8.4µm
_01086_,8.4µm
_01107_,8.4µm
_01847_,8.4µm
_02707_,8.4µm
_03061_,8.4µm
_04337_,8.4µm
net1806,8.4µm
net1887,8.4µm
net2241,8.4µm
net2766,8.4µm
_04848_,8.36µm
net1509,8.36µm
net1836,8.355µm
_01165_,8.35µm
_01316_,8.35µm
_02178_,8.35µm
_04239_,8.34µm
_04044_,8.32µm
_02146_,8.3µm
_04334_,8.295µm
_04058_,8.29µm
_04152_,8.29µm
_04611_,8.29µm
_00647_,8.28µm
_01167_,8.28µm
_01360_,8.28µm
_01436_,8.28µm
_02759_,8.28µm
_03267_,8.28µm
_03502_,8.28µm
net1637,8.28µm
_05852_,8.235µm
_01157_,8.23µm
_01304_,8.23µm
_01323_,8.23µm
_01408_,8.23µm
_01430_,8.23µm
_01518_,8.23µm
_01536_,8.23µm
_03623_,8.23µm
_04221_,8.23µm
_01331_,8.22µm
_01644_,8.22µm
_02654_,8.22µm
_03529_,8.22µm
_03760_,8.22µm
_03830_,8.22µm
_04741_,8.22µm
_05258_,8.22µm
_05307_,8.22µm
_03827_,8.205µm
_03603_,8.2µm
_05548_,8.2µm
_02498_,8.18µm
_01822_,8.17µm
_01893_,8.17µm
_02067_,8.17µm
_02070_,8.17µm
_02120_,8.17µm
_02846_,8.17µm
_03767_,8.17µm
_04643_,8.17µm
_05008_,8.17µm
_05309_,8.17µm
_05547_,8.17µm
_05868_,8.17µm
u_picorv32.pcpi_rs1\[12\],8.17µm
_00144_,8.16µm
_01183_,8.16µm
_01391_,8.16µm
_02683_,8.16µm
_03514_,8.16µm
_03873_,8.16µm
_03917_,8.16µm
_04195_,8.16µm
_04299_,8.16µm
_04628_,8.16µm
_04688_,8.16µm
_04845_,8.16µm
_04901_,8.16µm
_05253_,8.16µm
_05858_,8.16µm
_05902_,8.16µm
net1548,8.16µm
net1638,8.16µm
net1781,8.16µm
net1838,8.16µm
net1869,8.16µm
net1931,8.16µm
net1988,8.16µm
net2091,8.16µm
net2151,8.16µm
net2218,8.16µm
net2271,8.16µm
net2320,8.16µm
net2345,8.16µm
net2375,8.16µm
net2382,8.16µm
net2390,8.16µm
net2802,8.16µm
net2846,8.16µm
net3171,8.16µm
net3255,8.16µm
_05788_,8.135µm
_01783_,8.13µm
_00106_,8.11µm
_00115_,8.11µm
_00121_,8.11µm
_00125_,8.11µm
_00928_,8.11µm
_01016_,8.11µm
_01102_,8.11µm
_01202_,8.11µm
_01301_,8.11µm
_02404_,8.11µm
_02958_,8.11µm
_04571_,8.11µm
_04694_,8.11µm
_05730_,8.11µm
_05773_,8.11µm
_05966_,8.11µm
u_picorv32.pcpi_rs1\[9\],8.11µm
net3226,8.11µm
_03111_,8.1µm
_03273_,8.1µm
_03393_,8.1µm
_03567_,8.1µm
_04144_,8.1µm
_04654_,8.1µm
net1616,8.095µm
_04889_,8.085µm
_04146_,8.075µm
_01267_,8.07µm
_01912_,8.06µm
_04441_,8.06µm
_04917_,8.06µm
_00109_,8.05µm
_00119_,8.05µm
_00358_,8.05µm
_01162_,8.05µm
_03068_,8.05µm
_03132_,8.05µm
_03815_,8.05µm
_04786_,8.05µm
_05020_,8.05µm
net1556,8.05µm
net1562,8.05µm
net1898,8.05µm
net1986,8.05µm
net2051,8.05µm
_01750_,8.04µm
_02088_,8.04µm
_02872_,8.04µm
_03566_,8.04µm
_03898_,8.04µm
net1975,8.04µm
_02018_,8.035µm
_04199_,8.035µm
_04554_,8.035µm
_05172_,8.035µm
_04963_,8.025µm
_03468_,8.005µm
u_picorv32.picorv32_core.mem_rdata_q\[13\],8.005µm
_00293_,7.99µm
_00926_,7.99µm
_01305_,7.99µm
_01825_,7.99µm
_03888_,7.985µm
_04733_,7.98µm
_01597_,7.975µm
_03878_,7.975µm
_03868_,7.965µm
_05733_,7.955µm
net2322,7.95µm
_03251_,7.945µm
_05796_,7.945µm
_03494_,7.94µm
_05534_,7.94µm
net3249,7.94µm
_00247_,7.93µm
_01499_,7.93µm
_02246_,7.93µm
_02641_,7.93µm
_03812_,7.93µm
_04194_,7.93µm
_04242_,7.93µm
_04600_,7.93µm
_04738_,7.93µm
_04821_,7.93µm
_05573_,7.93µm
_05691_,7.93µm
_05772_,7.93µm
net1537,7.93µm
net1577,7.93µm
net1853,7.93µm
net1919,7.93µm
net1980,7.93µm
net2018,7.93µm
net2048,7.93µm
net2134,7.93µm
net2261,7.93µm
net2398,7.93µm
net2450,7.93µm
net2519,7.93µm
net3074,7.93µm
_00539_,7.92µm
_02817_,7.92µm
_04914_,7.92µm
net2174,7.92µm
net2315,7.92µm
net2844,7.92µm
_03929_,7.875µm
_03604_,7.87µm
_03802_,7.87µm
_03896_,7.87µm
_05032_,7.87µm
_03104_,7.86µm
_03757_,7.86µm
_04212_,7.86µm
_03935_,7.845µm
net1949,7.83µm
_03451_,7.815µm
_02027_,7.81µm
_02746_,7.81µm
_03456_,7.81µm
_03782_,7.81µm
_03976_,7.81µm
_04429_,7.81µm
_04704_,7.81µm
_04867_,7.81µm
_04070_,7.805µm
_00289_,7.8µm
_00363_,7.8µm
_01229_,7.8µm
_01506_,7.8µm
net1867,7.8µm
net2152,7.8µm
u_picorv32.pcpi_rs1\[17\],7.8µm
u_picorv32.picorv32_core.alu_out_q\[8\],7.8µm
net2706,7.76µm
_00057_,7.75µm
_01219_,7.75µm
_01266_,7.75µm
_01271_,7.75µm
_01290_,7.75µm
_01291_,7.75µm
_03665_,7.75µm
_03820_,7.75µm
u_picorv32.picorv32_core.alu_out_q\[4\],7.75µm
_04071_,7.745µm
_00181_,7.74µm
_01092_,7.74µm
_01474_,7.74µm
_01979_,7.74µm
_02114_,7.74µm
_02279_,7.74µm
_02650_,7.74µm
_02863_,7.74µm
_03083_,7.74µm
_03429_,7.74µm
_03528_,7.74µm
_03553_,7.74µm
_03704_,7.74µm
_04219_,7.74µm
_04297_,7.74µm
_04301_,7.74µm
_04895_,7.74µm
_05582_,7.74µm
net505,7.74µm
_04217_,7.735µm
_02126_,7.72µm
_04537_,7.7µm
_00176_,7.69µm
_00445_,7.69µm
_01197_,7.69µm
_01348_,7.69µm
_02389_,7.69µm
_03889_,7.69µm
_03913_,7.69µm
_04027_,7.69µm
_04089_,7.69µm
_04125_,7.69µm
_05854_,7.69µm
_05914_,7.69µm
_01607_,7.68µm
_01972_,7.68µm
_02313_,7.68µm
_02666_,7.68µm
_02886_,7.68µm
_02927_,7.68µm
_03041_,7.68µm
_03224_,7.68µm
_03618_,7.68µm
_03952_,7.68µm
_04401_,7.68µm
_04857_,7.68µm
_04942_,7.68µm
_05628_,7.68µm
_05678_,7.68µm
_05808_,7.68µm
net1676,7.68µm
net1684,7.68µm
net1740,7.68µm
net1785,7.68µm
net1847,7.68µm
net1933,7.68µm
net2085,7.68µm
net2105,7.68µm
net2188,7.68µm
net2253,7.68µm
net2282,7.68µm
net2937,7.68µm
u_picorv32.pcpi_rs1\[18\],7.68µm
_03642_,7.67µm
_03939_,7.65µm
_02487_,7.635µm
_00116_,7.63µm
_00901_,7.63µm
_01038_,7.63µm
_01463_,7.63µm
_02431_,7.63µm
_02456_,7.63µm
_03508_,7.63µm
_03738_,7.63µm
_03890_,7.63µm
_03893_,7.63µm
_04014_,7.63µm
_04273_,7.63µm
_04680_,7.63µm
_05996_,7.63µm
u_picorv32.picorv32_core.alu_out_q\[20\],7.63µm
_01725_,7.62µm
_02637_,7.62µm
_03595_,7.62µm
_04422_,7.62µm
_04279_,7.61µm
_04563_,7.58µm
_00803_,7.57µm
_01248_,7.57µm
_03069_,7.57µm
net1839,7.57µm
net1894,7.57µm
net1947,7.57µm
net2071,7.57µm
net2356,7.57µm
net2433,7.57µm
net2562,7.57µm
net2705,7.57µm
_01636_,7.565µm
_02628_,7.56µm
_03552_,7.56µm
_04438_,7.56µm
_04825_,7.56µm
_05503_,7.56µm
_05939_,7.56µm
net1553,7.56µm
net1607,7.56µm
net1661,7.56µm
net1868,7.56µm
net1962,7.56µm
net2031,7.56µm
net2448,7.56µm
net2613,7.56µm
net2940,7.56µm
_01942_,7.555µm
_04253_,7.555µm
_05071_,7.555µm
_05960_,7.555µm
_00822_,7.54µm
net2049,7.535µm
_02233_,7.52µm
net1510,7.52µm
mem_axi_rdata[17],7.52µm
mem_axi_rdata[5],7.52µm
mem_axi_rdata[8],7.52µm
mem_axi_araddr[12],7.52µm
mem_axi_araddr[15],7.52µm
mem_axi_araddr[18],7.52µm
mem_axi_araddr[24],7.52µm
mem_axi_araddr[27],7.52µm
mem_axi_araddr[30],7.52µm
mem_axi_araddr[3],7.52µm
mem_axi_araddr[6],7.52µm
mem_axi_araddr[9],7.52µm
mem_axi_rready,7.52µm
net,7.52µm
_00507_,7.51µm
_00744_,7.51µm
_00808_,7.51µm
_00812_,7.51µm
_00942_,7.51µm
_01028_,7.51µm
_01123_,7.51µm
_01442_,7.51µm
_02004_,7.5µm
_02595_,7.5µm
_03447_,7.5µm
_03571_,7.5µm
_03973_,7.5µm
_04204_,7.5µm
net1689,7.495µm
_05826_,7.485µm
_00527_,7.47µm
_00870_,7.47µm
_01791_,7.47µm
_03555_,7.47µm
_01624_,7.46µm
_03452_,7.46µm
_02296_,7.455µm
_02283_,7.45µm
_02411_,7.45µm
_05308_,7.45µm
_05794_,7.45µm
net1519,7.45µm
net1523,7.45µm
net1542,7.45µm
net1748,7.45µm
net1765,7.45µm
net1906,7.45µm
net1992,7.45µm
net2148,7.45µm
net2204,7.45µm
net2297,7.45µm
net2632,7.45µm
net2722,7.45µm
net2742,7.45µm
_00788_,7.44µm
_01214_,7.44µm
_02513_,7.44µm
_03305_,7.44µm
_04286_,7.44µm
_04832_,7.44µm
net2555,7.44µm
_02012_,7.435µm
_00039_,7.425µm
_01621_,7.425µm
_01965_,7.42µm
_01982_,7.41µm
_03446_,7.39µm
_04799_,7.39µm
_05460_,7.39µm
_01824_,7.38µm
_03311_,7.38µm
_04073_,7.38µm
_04098_,7.365µm
_03969_,7.33µm
_00078_,7.32µm
_00165_,7.32µm
_00262_,7.32µm
_00516_,7.32µm
_00549_,7.32µm
_00570_,7.32µm
_00809_,7.32µm
_00862_,7.32µm
_00995_,7.32µm
_01120_,7.32µm
_01455_,7.32µm
_01526_,7.32µm
_02476_,7.32µm
_05421_,7.32µm
net1687,7.32µm
net1726,7.32µm
net1734,7.32µm
net1907,7.32µm
net2281,7.32µm
net2316,7.32µm
_03710_,7.305µm
_05370_,7.305µm
_03463_,7.3µm
_04633_,7.295µm
_04425_,7.285µm
_00051_,7.27µm
_01272_,7.27µm
_01416_,7.27µm
_00094_,7.26µm
_00306_,7.26µm
_01438_,7.26µm
_01925_,7.26µm
_02082_,7.26µm
_02383_,7.26µm
_03042_,7.26µm
_04142_,7.26µm
_04604_,7.26µm
_04624_,7.26µm
_05003_,7.26µm
_05249_,7.26µm
_05402_,7.26µm
_05568_,7.26µm
net2237,7.26µm
u_picorv32.picorv32_core.instr_jal,7.26µm
_02381_,7.21µm
_03139_,7.21µm
_03825_,7.21µm
_04004_,7.21µm
_05924_,7.21µm
_04378_,7.205µm
_01477_,7.2µm
_02217_,7.2µm
_02621_,7.2µm
_02642_,7.2µm
_02660_,7.2µm
_02663_,7.2µm
_03037_,7.2µm
_03064_,7.2µm
_03299_,7.2µm
_03501_,7.2µm
_03695_,7.2µm
_03811_,7.2µm
_04049_,7.2µm
_04097_,7.2µm
_04115_,7.2µm
_04139_,7.2µm
_04154_,7.2µm
_04225_,7.2µm
_04263_,7.2µm
_04292_,7.2µm
_04416_,7.2µm
_04716_,7.2µm
_04833_,7.2µm
_04888_,7.2µm
_04907_,7.2µm
_05481_,7.2µm
_05957_,7.2µm
net1531,7.2µm
net1546,7.2µm
net1561,7.2µm
net1580,7.2µm
net1583,7.2µm
net1588,7.2µm
net1599,7.2µm
net1603,7.2µm
net1628,7.2µm
net1659,7.2µm
net1723,7.2µm
net1736,7.2µm
net1737,7.2µm
net1739,7.2µm
net1746,7.2µm
net1753,7.2µm
net1799,7.2µm
net1812,7.2µm
net1845,7.2µm
net1903,7.2µm
net1954,7.2µm
net1985,7.2µm
net2084,7.2µm
net2093,7.2µm
net2094,7.2µm
net2106,7.2µm
net2128,7.2µm
net2137,7.2µm
net2169,7.2µm
net2185,7.2µm
net2212,7.2µm
net2222,7.2µm
net2223,7.2µm
net2235,7.2µm
net2279,7.2µm
net2287,7.2µm
net2302,7.2µm
net2317,7.2µm
net2351,7.2µm
net2439,7.2µm
net2454,7.2µm
net2500,7.2µm
net2532,7.2µm
net2558,7.2µm
net2577,7.2µm
net2709,7.2µm
net2738,7.2µm
net2754,7.2µm
net2783,7.2µm
net2785,7.2µm
net2786,7.2µm
net2801,7.2µm
net2809,7.2µm
net2821,7.2µm
net3014,7.2µm
net3040,7.2µm
net3063,7.2µm
net3065,7.2µm
net3075,7.2µm
u_picorv32.picorv32_core.alu_out_q\[25\],7.2µm
_01136_,7.15µm
_01237_,7.15µm
_01538_,7.15µm
_02081_,7.15µm
_03256_,7.15µm
_03792_,7.15µm
_04036_,7.15µm
_04141_,7.15µm
_04570_,7.15µm
_05554_,7.15µm
u_picorv32.picorv32_core.count_instr\[12\],7.15µm
net3193,7.15µm
net3204,7.15µm
net3227,7.15µm
_04709_,7.145µm
_00353_,7.14µm
_00745_,7.14µm
_02629_,7.14µm
_02656_,7.14µm
_02678_,7.14µm
_02841_,7.14µm
_04190_,7.14µm
_05709_,7.14µm
net1709,7.135µm
net2767,7.135µm
net3034,7.135µm
_00806_,7.12µm
_02450_,7.1µm
_02639_,7.095µm
_01158_,7.09µm
_01654_,7.09µm
_03480_,7.09µm
_05959_,7.09µm
net1601,7.09µm
net1702,7.09µm
net1708,7.09µm
net1722,7.09µm
net1772,7.09µm
net1794,7.09µm
net1871,7.09µm
net2011,7.09µm
net2068,7.09µm
net2107,7.09µm
net2138,7.09µm
net2142,7.09µm
net2234,7.09µm
net2303,7.09µm
net2327,7.09µm
net2650,7.09µm
net2832,7.09µm
_00504_,7.08µm
_00522_,7.08µm
_00534_,7.08µm
_02888_,7.08µm
_03484_,7.08µm
_05876_,7.08µm
net1533,7.08µm
net1541,7.08µm
net1634,7.08µm
net1724,7.08µm
net1870,7.08µm
net1987,7.08µm
net2036,7.08µm
net2092,7.08µm
net2122,7.08µm
net2238,7.08µm
net2278,7.08µm
net2353,7.08µm
net2367,7.08µm
net2371,7.08µm
net2404,7.08µm
net2446,7.08µm
net2503,7.08µm
net2594,7.08µm
net2681,7.08µm
net2861,7.08µm
net2867,7.08µm
net2872,7.08µm
net2990,7.08µm
_04669_,7.075µm
_01001_,7.07µm
_05180_,7.065µm
_01354_,7.05µm
net2318,7.05µm
mem_axi_rdata[12],7.05µm
mem_axi_araddr[16],7.05µm
mem_axi_araddr[31],7.05µm
_03278_,7.04µm
_03466_,7.035µm
_00153_,7.03µm
_00172_,7.03µm
_00198_,7.03µm
_00361_,7.03µm
_00470_,7.03µm
_00506_,7.03µm
_00723_,7.03µm
_01113_,7.03µm
_01314_,7.03µm
_01401_,7.03µm
_03705_,7.03µm
_03958_,7.025µm
_01835_,7.02µm
_02304_,7.02µm
_02744_,7.02µm
_05162_,7.02µm
net2948,7.02µm
_00383_,6.99µm
net1578,6.99µm
_01984_,6.98µm
_02226_,6.98µm
_04781_,6.98µm
_05636_,6.98µm
_01872_,6.97µm
_02090_,6.97µm
_02164_,6.97µm
_02314_,6.97µm
_02772_,6.97µm
_03276_,6.97µm
_03310_,6.97µm
_05367_,6.97µm
_05506_,6.97µm
_05517_,6.97µm
_05901_,6.97µm
net1626,6.97µm
net1694,6.97µm
net1856,6.97µm
net2098,6.97µm
net2227,6.97µm
net2984,6.97µm
_00142_,6.96µm
_00373_,6.96µm
_00939_,6.96µm
_01186_,6.96µm
_01505_,6.96µm
_03727_,6.96µm
_02486_,6.92µm
_04022_,6.915µm
_01976_,6.91µm
_02785_,6.91µm
_04162_,6.91µm
_04319_,6.91µm
_04491_,6.905µm
_01240_,6.9µm
_03950_,6.88µm
_04216_,6.87µm
_04442_,6.87µm
_02204_,6.86µm
_05299_,6.85µm
_00160_,6.84µm
_00173_,6.84µm
_00308_,6.84µm
_00331_,6.84µm
_00343_,6.84µm
_00394_,6.84µm
_00532_,6.84µm
_00652_,6.84µm
_00908_,6.84µm
_00916_,6.84µm
_00981_,6.84µm
_01083_,6.84µm
_01510_,6.84µm
_01519_,6.84µm
_03105_,6.84µm
_04496_,6.84µm
_04811_,6.84µm
_01159_,6.83µm
_02369_,6.825µm
_02361_,6.815µm
_00046_,6.79µm
_00052_,6.79µm
_00097_,6.79µm
_00102_,6.79µm
_00118_,6.79µm
_01145_,6.79µm
_01217_,6.79µm
_01245_,6.79µm
_01294_,6.79µm
_01313_,6.79µm
_01498_,6.79µm
_02156_,6.78µm
_02376_,6.78µm
_02410_,6.78µm
_02465_,6.78µm
_02467_,6.78µm
_02568_,6.78µm
_02574_,6.78µm
_02619_,6.78µm
_02701_,6.78µm
_03018_,6.78µm
_03087_,6.78µm
_03202_,6.78µm
_03326_,6.78µm
_03543_,6.78µm
_03633_,6.78µm
_03778_,6.78µm
_03951_,6.78µm
_04311_,6.78µm
_04657_,6.78µm
_04936_,6.78µm
_05204_,6.78µm
_05623_,6.78µm
_05815_,6.78µm
_05900_,6.78µm
_05929_,6.78µm
_01164_,6.75µm
_01904_,6.73µm
_02103_,6.73µm
_03270_,6.73µm
_03300_,6.73µm
_04684_,6.73µm
_04725_,6.73µm
_05006_,6.73µm
_05664_,6.73µm
_05690_,6.73µm
_05703_,6.73µm
_05984_,6.73µm
u_picorv32.pcpi_rs1\[23\],6.73µm
mem_axi_araddr[21],6.725µm
_01366_,6.72µm
_01394_,6.72µm
_01995_,6.72µm
_02117_,6.72µm
_02177_,6.72µm
_02319_,6.72µm
_02550_,6.72µm
_02579_,6.72µm
_02627_,6.72µm
_03082_,6.72µm
_03200_,6.72µm
_03607_,6.72µm
_03775_,6.72µm
_04396_,6.72µm
_04636_,6.72µm
_04957_,6.72µm
_05823_,6.72µm
net1832,6.72µm
net1888,6.72µm
net1979,6.72µm
net1990,6.72µm
net2038,6.72µm
net2044,6.72µm
net2045,6.72µm
net2177,6.72µm
net2816,6.72µm
net2920,6.72µm
net2932,6.72µm
net3138,6.72µm
_01873_,6.695µm
_02003_,6.685µm
_04056_,6.675µm
_04837_,6.675µm
_00326_,6.67µm
_01140_,6.67µm
_01207_,6.67µm
_01225_,6.67µm
_01421_,6.67µm
_01660_,6.67µm
_01669_,6.67µm
_02571_,6.67µm
_02754_,6.67µm
_02781_,6.67µm
_03024_,6.67µm
_03442_,6.67µm
_03774_,6.67µm
_03806_,6.67µm
_03990_,6.67µm
_04016_,6.67µm
_04095_,6.67µm
_04228_,6.67µm
_04357_,6.67µm
_04800_,6.67µm
_04868_,6.67µm
_05886_,6.67µm
net3251,6.67µm
_00285_,6.66µm
_00390_,6.66µm
_00829_,6.66µm
_00863_,6.66µm
_02771_,6.66µm
_03850_,6.635µm
_02045_,6.63µm
_02573_,6.63µm
mem_axi_araddr[11],6.63µm
mem_axi_araddr[14],6.63µm
mem_axi_araddr[17],6.63µm
mem_axi_araddr[20],6.63µm
mem_axi_araddr[23],6.63µm
mem_axi_araddr[26],6.63µm
mem_axi_araddr[29],6.63µm
mem_axi_araddr[2],6.63µm
mem_axi_araddr[5],6.63µm
mem_axi_araddr[8],6.63µm
_03758_,6.61µm
_05751_,6.61µm
net1653,6.61µm
net1697,6.61µm
net1823,6.61µm
net1969,6.61µm
net1977,6.61µm
net2087,6.61µm
net2113,6.61µm
net2301,6.61µm
net2314,6.61µm
net2418,6.61µm
net2427,6.61µm
net2442,6.61µm
net2478,6.61µm
net2510,6.61µm
net2707,6.61µm
net2900,6.61µm
_01318_,6.6µm
_02673_,6.6µm
_03155_,6.6µm
_03999_,6.6µm
net1633,6.6µm
net1671,6.6µm
net1813,6.6µm
net1896,6.6µm
net1924,6.6µm
net2047,6.6µm
net2239,6.6µm
net2431,6.6µm
net2469,6.6µm
net2508,6.6µm
net2533,6.6µm
net2567,6.6µm
net2625,6.6µm
net2819,6.6µm
net3038,6.6µm
net3101,6.6µm
_04019_,6.595µm
_04118_,6.595µm
_04123_,6.595µm
net69,6.595µm
_04551_,6.585µm
net2695,6.57µm
_02834_,6.565µm
_00083_,6.55µm
_00288_,6.55µm
_00810_,6.55µm
_00958_,6.55µm
_00968_,6.55µm
_01034_,6.55µm
_01357_,6.55µm
_02094_,6.54µm
_03847_,6.54µm
_04346_,6.54µm
_04381_,6.54µm
_04603_,6.54µm
_04780_,6.54µm
_02480_,6.525µm
_00015_,6.5µm
_01896_,6.5µm
_02036_,6.5µm
_05305_,6.5µm
net3243,6.5µm
_01261_,6.49µm
_01274_,6.49µm
_02470_,6.49µm
_03019_,6.49µm
_03021_,6.49µm
_03196_,6.49µm
_03319_,6.49µm
_03459_,6.49µm
_03657_,6.49µm
_03787_,6.49µm
_03993_,6.49µm
_04063_,6.49µm
_04244_,6.49µm
_04402_,6.49µm
_04503_,6.49µm
_04553_,6.49µm
_04691_,6.49µm
_05377_,6.49µm
_05579_,6.49µm
net1618,6.49µm
net2124,6.49µm
net2141,6.49µm
net2257,6.49µm
net2321,6.49µm
net2377,6.49µm
net2457,6.49µm
net2811,6.49µm
net2843,6.49µm
net2921,6.49µm
net3023,6.49µm
_01177_,6.48µm
_01280_,6.48µm
_01434_,6.48µm
_02176_,6.48µm
_03930_,6.48µm
_04557_,6.48µm
_04883_,6.48µm
net2216,6.48µm
net2673,6.48µm
_03458_,6.46µm
_05584_,6.45µm
_03899_,6.44µm
_05558_,6.43µm
_04224_,6.425µm
_00105_,6.42µm
_00108_,6.42µm
_04214_,6.42µm
_05515_,6.42µm
_04265_,6.415µm
_01930_,6.405µm
_01653_,6.38µm
_01963_,6.37µm
_03125_,6.37µm
_04486_,6.37µm
_00012_,6.36µm
_00155_,6.36µm
_00180_,6.36µm
_00246_,6.36µm
_00252_,6.36µm
_00265_,6.36µm
_00352_,6.36µm
_00355_,6.36µm
_00412_,6.36µm
_00453_,6.36µm
_00459_,6.36µm
_00548_,6.36µm
_00608_,6.36µm
_00609_,6.36µm
_00611_,6.36µm
_00634_,6.36µm
_00649_,6.36µm
_00757_,6.36µm
_00816_,6.36µm
_00821_,6.36µm
_00827_,6.36µm
_01017_,6.36µm
_01061_,6.36µm
_01163_,6.36µm
_01176_,6.36µm
_01252_,6.36µm
_01520_,6.36µm
_01530_,6.36µm
_01532_,6.36µm
_02502_,6.36µm
_05497_,6.36µm
_05504_,6.325µm
_02633_,6.32µm
_00098_,6.31µm
_01118_,6.31µm
_01147_,6.31µm
_01189_,6.31µm
_01293_,6.31µm
_01371_,6.31µm
_01514_,6.31µm
_02144_,6.31µm
_05769_,6.31µm
_00936_,6.3µm
_01535_,6.3µm
_01891_,6.3µm
_02631_,6.3µm
_03327_,6.3µm
_03653_,6.3µm
_04048_,6.3µm
_05822_,6.3µm
_06014_,6.3µm
u_picorv32.picorv32_core.alu_out_q\[29\],6.3µm
_01170_,6.285µm
_02517_,6.285µm
net1792,6.285µm
net1902,6.285µm
_05458_,6.26µm
_02371_,6.25µm
_02662_,6.25µm
_02920_,6.25µm
_03195_,6.25µm
_03531_,6.25µm
_04174_,6.25µm
_04270_,6.25µm
_04555_,6.25µm
_04597_,6.25µm
_04602_,6.25µm
_05818_,6.25µm
net2999,6.25µm
u_picorv32.picorv32_core.alu_out_q\[24\],6.25µm
_01195_,6.24µm
_01216_,6.24µm
net1604,6.24µm
net1663,6.24µm
net1679,6.24µm
net1730,6.24µm
net1755,6.24µm
net1804,6.24µm
net1879,6.24µm
net1982,6.24µm
net1989,6.24µm
net2053,6.24µm
net2178,6.24µm
net2194,6.24µm
net2262,6.24µm
net2267,6.24µm
net2352,6.24µm
net2556,6.24µm
_00339_,6.225µm
_02124_,6.22µm
_04269_,6.2µm
_00056_,6.19µm
_00221_,6.19µm
_00678_,6.19µm
_01105_,6.19µm
_01111_,6.19µm
_02508_,6.19µm
_02681_,6.19µm
_03217_,6.19µm
_03735_,6.19µm
_04339_,6.19µm
_04362_,6.19µm
_04596_,6.19µm
_04785_,6.19µm
_05638_,6.19µm
_05860_,6.19µm
net3121,6.19µm
_00067_,6.18µm
_00073_,6.18µm
_00086_,6.18µm
_00201_,6.18µm
_00528_,6.18µm
_00568_,6.18µm
_00799_,6.18µm
_00961_,6.18µm
_01047_,6.18µm
_01215_,6.18µm
_04024_,6.165µm
_04890_,6.165µm
_01208_,6.13µm
_01218_,6.13µm
_01337_,6.13µm
_02811_,6.13µm
_03017_,6.13µm
net1611,6.13µm
net1744,6.13µm
net2039,6.13µm
net2158,6.13µm
net2214,6.13µm
net2464,6.13µm
net2758,6.13µm
net2857,6.13µm
_00474_,6.12µm
_01192_,6.12µm
_01286_,6.12µm
_01451_,6.12µm
_01740_,6.12µm
_02104_,6.12µm
_02223_,6.12µm
_02889_,6.12µm
_03395_,6.12µm
_03649_,6.12µm
_04532_,6.12µm
_04687_,6.12µm
_05630_,6.12µm
_05786_,6.12µm
net1532,6.12µm
net1614,6.12µm
net1669,6.12µm
net1699,6.12µm
net1779,6.12µm
net2023,6.12µm
net2050,6.12µm
net2186,6.12µm
net2209,6.12µm
net2258,6.12µm
net2330,6.12µm
net2399,6.12µm
net2456,6.12µm
net2481,6.12µm
net2504,6.12µm
net2536,6.12µm
net2592,6.12µm
net2704,6.12µm
net2734,6.12µm
net2790,6.12µm
net2859,6.12µm
net2933,6.12µm
net2939,6.12µm
net3010,6.12µm
net858,6.12µm
_05480_,6.115µm
_05687_,6.115µm
_00092_,6.07µm
_00254_,6.07µm
_00318_,6.07µm
_00813_,6.07µm
_00910_,6.07µm
_01139_,6.07µm
_03908_,6.07µm
_04735_,6.07µm
_05127_,6.07µm
_01343_,6.06µm
_02434_,6.06µm
_03469_,6.06µm
_04051_,6.06µm
_05136_,6.06µm
_05689_,6.06µm
net1711,6.055µm
_04767_,6.035µm
_02942_,6.03µm
_01738_,6.02µm
_01924_,6.02µm
_01950_,6.02µm
_02422_,6.02µm
_02489_,6.02µm
_03248_,6.02µm
_03652_,6.02µm
_05428_,6.02µm
_05908_,6.02µm
_00163_,6.01µm
_00725_,6.01µm
_02016_,6.01µm
_03345_,6.01µm
_03674_,6.01µm
_03968_,6.01µm
_04328_,6.01µm
_04373_,6.01µm
_04465_,6.01µm
_04759_,6.01µm
_04908_,6.01µm
_05064_,6.01µm
_05306_,6.01µm
_05538_,6.01µm
_05613_,6.01µm
_05834_,6.01µm
_05953_,6.01µm
net1714,6.01µm
net1893,6.01µm
net1998,6.01µm
net2007,6.01µm
net2060,6.01µm
net2348,6.01µm
net2597,6.01µm
net2711,6.01µm
_02134_,6µm
_04351_,6µm
_04843_,6µm
_05810_,6µm
net1884,6µm
_01623_,5.995µm
_00952_,5.98µm
_03476_,5.98µm
net1690,5.965µm
_04783_,5.96µm
net3246,5.96µm
_05784_,5.95µm
net1936,5.945µm
_01476_,5.94µm
_02194_,5.94µm
_05201_,5.94µm
_03933_,5.925µm
_04287_,5.925µm
_02150_,5.92µm
_02068_,5.89µm
_02349_,5.89µm
_00041_,5.88µm
_00216_,5.88µm
_00438_,5.88µm
_00547_,5.88µm
_00557_,5.88µm
_00622_,5.88µm
_00630_,5.88µm
_00671_,5.88µm
_00675_,5.88µm
_00965_,5.88µm
_01143_,5.88µm
_01496_,5.88µm
_01517_,5.88µm
_02292_,5.88µm
_02610_,5.88µm
_02717_,5.88µm
_02835_,5.88µm
_04695_,5.88µm
net37,5.88µm
_04271_,5.845µm
_01302_,5.83µm
_01322_,5.83µm
_01376_,5.83µm
_02418_,5.83µm
_04968_,5.83µm
_05188_,5.83µm
_00099_,5.82µm
_00113_,5.82µm
_00380_,5.82µm
_00590_,5.82µm
_00733_,5.82µm
_00905_,5.82µm
_01390_,5.82µm
_01525_,5.82µm
_01649_,5.82µm
_03011_,5.82µm
_03157_,5.82µm
_04849_,5.82µm
_05230_,5.82µm
_05857_,5.805µm
net2482,5.805µm
_02572_,5.8µm
_02959_,5.8µm
_01890_,5.77µm
_02384_,5.77µm
_02664_,5.77µm
_02675_,5.77µm
_03328_,5.77µm
_03488_,5.77µm
_03796_,5.77µm
_03982_,5.77µm
_04583_,5.77µm
_05062_,5.77µm
_05512_,5.77µm
_03406_,5.76µm
net1647,5.76µm
net1672,5.76µm
net1854,5.76µm
net1946,5.76µm
net1968,5.76µm
net2006,5.76µm
net2030,5.76µm
net2117,5.76µm
net2207,5.76µm
net2229,5.76µm
net2268,5.76µm
net2424,5.76µm
net2474,5.76µm
net2667,5.76µm
net2682,5.76µm
net3025,5.76µm
_04696_,5.735µm
_01762_,5.73µm
_05552_,5.715µm
_00066_,5.71µm
_00231_,5.71µm
_00464_,5.71µm
_00486_,5.71µm
_00756_,5.71µm
_00840_,5.71µm
_00992_,5.71µm
_01070_,5.71µm
_01482_,5.71µm
_02693_,5.71µm
_02723_,5.71µm
_03237_,5.71µm
_03668_,5.71µm
_04126_,5.71µm
_04497_,5.71µm
_05437_,5.71µm
_05745_,5.71µm
_05884_,5.71µm
u_picorv32.picorv32_core.alu_out_q\[15\],5.71µm
net3147,5.71µm
_00028_,5.7µm
_00140_,5.7µm
_00220_,5.7µm
_00286_,5.7µm
_00301_,5.7µm
_00401_,5.7µm
_00463_,5.7µm
_00477_,5.7µm
_00480_,5.7µm
_00589_,5.7µm
_00672_,5.7µm
_00716_,5.7µm
_00740_,5.7µm
_00754_,5.7µm
_00755_,5.7µm
_00828_,5.7µm
_00864_,5.7µm
_00929_,5.7µm
_01041_,5.7µm
_01081_,5.7µm
_01243_,5.7µm
_01258_,5.7µm
_01279_,5.7µm
_01435_,5.7µm
_01524_,5.7µm
_03036_,5.7µm
_03095_,5.7µm
_03410_,5.7µm
_05679_,5.695µm
_03142_,5.665µm
_03141_,5.66µm
_03297_,5.66µm
_05423_,5.66µm
_01185_,5.65µm
_02034_,5.65µm
_03753_,5.65µm
net1529,5.65µm
net1539,5.65µm
net1658,5.65µm
net1713,5.65µm
net1841,5.65µm
net2430,5.65µm
net2458,5.65µm
net2479,5.65µm
net2514,5.65µm
net2668,5.65µm
net2776,5.65µm
_00259_,5.64µm
_01079_,5.64µm
_01275_,5.64µm
_01325_,5.64µm
_01473_,5.64µm
_01926_,5.64µm
_03265_,5.64µm
_03690_,5.64µm
_04330_,5.64µm
_04480_,5.64µm
_04925_,5.64µm
net1641,5.64µm
net1673,5.64µm
net1725,5.64µm
net1802,5.64µm
net1846,5.64µm
net1957,5.64µm
net2056,5.64µm
net2170,5.64µm
net2211,5.64µm
net2215,5.64µm
net2380,5.64µm
net2444,5.64µm
net2663,5.64µm
net2716,5.64µm
net2721,5.64µm
net2745,5.64µm
net2749,5.64µm
net2823,5.64µm
net2922,5.64µm
net3058,5.64µm
net3263,5.64µm
_02181_,5.635µm
_03282_,5.635µm
_03478_,5.635µm
_03828_,5.635µm
_03882_,5.635µm
_04457_,5.635µm
_04535_,5.635µm
_04566_,5.635µm
_05266_,5.635µm
_05398_,5.635µm
_05718_,5.635µm
u_picorv32.picorv32_core.alu_out\[4\],5.635µm
u_picorv32.picorv32_core.cpu_state\[4\],5.635µm
net3188,5.635µm
net3232,5.635µm
net3234,5.635µm
_00461_,5.62µm
_00081_,5.59µm
_00298_,5.59µm
_00543_,5.59µm
_00752_,5.59µm
_04913_,5.585µm
_01527_,5.58µm
_01854_,5.58µm
_02732_,5.58µm
_04526_,5.58µm
_04827_,5.58µm
_05124_,5.58µm
_05176_,5.58µm
_05961_,5.58µm
_02473_,5.565µm
_01786_,5.56µm
_04798_,5.545µm
_01172_,5.54µm
_01350_,5.54µm
_03614_,5.54µm
_03686_,5.54µm
_03791_,5.54µm
_03879_,5.54µm
_04834_,5.54µm
net3148,5.54µm
net3191,5.54µm
net3206,5.54µm
net3211,5.54µm
net3216,5.54µm
net3218,5.54µm
_01336_,5.53µm
_01461_,5.53µm
_01913_,5.53µm
_01954_,5.53µm
_02334_,5.53µm
_02395_,5.53µm
_02519_,5.53µm
_02561_,5.53µm
_02651_,5.53µm
_02873_,5.53µm
_02896_,5.53µm
_02930_,5.53µm
_03438_,5.53µm
_03542_,5.53µm
_03746_,5.53µm
_03940_,5.53µm
_04463_,5.53µm
_04836_,5.53µm
_05951_,5.53µm
_05990_,5.53µm
net1716,5.53µm
net2389,5.53µm
net2929,5.53µm
net3070,5.53µm
_01887_,5.52µm
_02057_,5.52µm
_02195_,5.52µm
_02278_,5.52µm
_03180_,5.52µm
_03521_,5.52µm
_03959_,5.52µm
_04161_,5.52µm
_04426_,5.52µm
_04559_,5.52µm
_04950_,5.52µm
_05282_,5.52µm
_05493_,5.52µm
_05607_,5.52µm
_03919_,5.505µm
_04160_,5.505µm
_02253_,5.48µm
_02352_,5.48µm
_04830_,5.475µm
_05350_,5.47µm
_00122_,5.46µm
_01374_,5.46µm
_03627_,5.46µm
_05592_,5.445µm
_04844_,5.44µm
_02121_,5.43µm
_03877_,5.43µm
net2459,5.43µm
_02128_,5.425µm
_02466_,5.42µm
_03472_,5.42µm
_04768_,5.42µm
_05404_,5.42µm
_01908_,5.41µm
_01971_,5.4µm
_02271_,5.4µm
_03387_,5.4µm
_03669_,5.4µm
_04648_,5.4µm
_04863_,5.4µm
_05656_,5.4µm
net1566,5.4µm
net1613,5.4µm
net1644,5.4µm
net1695,5.4µm
net1703,5.4µm
net1955,5.4µm
net2001,5.4µm
net2144,5.4µm
net2405,5.4µm
net2436,5.4µm
net2460,5.4µm
net2465,5.4µm
net2498,5.4µm
net2502,5.4µm
net2774,5.4µm
net2910,5.4µm
net2963,5.4µm
_03324_,5.385µm
_04626_,5.365µm
_00100_,5.35µm
_00101_,5.35µm
_01213_,5.35µm
_01227_,5.35µm
_01247_,5.35µm
_04981_,5.35µm
net1863,5.345µm
_00174_,5.34µm
_00257_,5.34µm
_00462_,5.34µm
_00541_,5.34µm
_00610_,5.34µm
_00984_,5.34µm
_00996_,5.34µm
_01356_,5.34µm
_01667_,5.34µm
_01777_,5.34µm
_02354_,5.34µm
_02544_,5.34µm
_03641_,5.34µm
_04007_,5.34µm
_04406_,5.34µm
net3231,5.34µm
net3258,5.34µm
_02419_,5.325µm
_03911_,5.325µm
_04618_,5.325µm
net1635,5.325µm
net2184,5.325µm
net2992,5.325µm
net3062,5.32µm
_02442_,5.31µm
_01582_,5.29µm
_02625_,5.29µm
_02743_,5.29µm
_03003_,5.29µm
_03010_,5.29µm
_03330_,5.29µm
_03455_,5.29µm
_03819_,5.29µm
_04258_,5.29µm
_04335_,5.29µm
_04674_,5.29µm
_04835_,5.29µm
_04846_,5.29µm
_05845_,5.29µm
u_picorv32.pcpi_rs1\[30\],5.29µm
_01918_,5.285µm
_01166_,5.28µm
_01205_,5.28µm
_02884_,5.28µm
_03028_,5.28µm
_03716_,5.28µm
_04159_,5.28µm
_05903_,5.28µm
_05962_,5.28µm
net1551,5.28µm
net1590,5.28µm
net1648,5.28µm
net1800,5.28µm
net1861,5.28µm
net2058,5.28µm
net2088,5.28µm
net2090,5.28µm
net2438,5.28µm
net2471,5.28µm
net2589,5.28µm
net2626,5.28µm
net2686,5.28µm
net2726,5.28µm
net2732,5.28µm
net2760,5.28µm
net2853,5.28µm
_00475_,5.265µm
_04773_,5.255µm
_04003_,5.24µm
_03378_,5.235µm
_00075_,5.23µm
_00090_,5.23µm
_00378_,5.23µm
_00720_,5.23µm
_01125_,5.23µm
_01191_,5.23µm
_01368_,5.23µm
_01495_,5.23µm
_01990_,5.23µm
_02257_,5.23µm
_03197_,5.23µm
_03228_,5.23µm
_04052_,5.23µm
net3125,5.23µm
_00055_,5.22µm
_00065_,5.22µm
_00126_,5.22µm
_00134_,5.22µm
_00166_,5.22µm
_00170_,5.22µm
_00202_,5.22µm
_00209_,5.22µm
_00270_,5.22µm
_00295_,5.22µm
_00302_,5.22µm
_00327_,5.22µm
_00341_,5.22µm
_00362_,5.22µm
_00498_,5.22µm
_00559_,5.22µm
_00600_,5.22µm
_00643_,5.22µm
_00657_,5.22µm
_00664_,5.22µm
_00684_,5.22µm
_00692_,5.22µm
_00701_,5.22µm
_00728_,5.22µm
_00743_,5.22µm
_00748_,5.22µm
_00780_,5.22µm
_00836_,5.22µm
_00868_,5.22µm
_00887_,5.22µm
_00891_,5.22µm
_00894_,5.22µm
_00909_,5.22µm
_00956_,5.22µm
_01031_,5.22µm
_01131_,5.22µm
_01138_,5.22µm
_01265_,5.22µm
_01300_,5.22µm
_01363_,5.22µm
_01379_,5.22µm
_01487_,5.22µm
_01521_,5.22µm
_02705_,5.22µm
_05455_,5.22µm
_05472_,5.205µm
net2028,5.19µm
_04906_,5.18µm
_05921_,5.175µm
_05553_,5.17µm
net1757,5.17µm
net2492,5.17µm
net2955,5.17µm
net3009,5.17µm
_01453_,5.16µm
_02238_,5.16µm
_02294_,5.16µm
_02315_,5.16µm
_02501_,5.16µm
_02737_,5.16µm
_02862_,5.16µm
_03144_,5.16µm
_03504_,5.16µm
_03536_,5.16µm
_03541_,5.16µm
_03848_,5.16µm
_04206_,5.16µm
_04437_,5.16µm
_04747_,5.16µm
_04774_,5.16µm
_05505_,5.16µm
_05715_,5.16µm
_05771_,5.16µm
_05775_,5.16µm
_05967_,5.16µm
net1576,5.16µm
net1585,5.16µm
net1593,5.16µm
net1620,5.16µm
net1650,5.16µm
net1651,5.16µm
net1770,5.16µm
net1778,5.16µm
net1793,5.16µm
net1971,5.16µm
net2118,5.16µm
net2183,5.16µm
net2219,5.16µm
net2230,5.16µm
net2242,5.16µm
net2325,5.16µm
net2337,5.16µm
net2387,5.16µm
net2426,5.16µm
net2472,5.16µm
net2522,5.16µm
net2560,5.16µm
net2572,5.16µm
net2657,5.16µm
net2685,5.16µm
net2701,5.16µm
net2739,5.16µm
net2879,5.16µm
net2950,5.16µm
net2983,5.16µm
net2991,5.16µm
net3036,5.16µm
net3037,5.16µm
net3088,5.16µm
_02287_,5.155µm
_04158_,5.155µm
_04642_,5.155µm
_04896_,5.155µm
_04904_,5.155µm
_05296_,5.155µm
_02048_,5.145µm
_00476_,5.14µm
_00766_,5.11µm
_02767_,5.11µm
_01144_,5.1µm
_02918_,5.1µm
_03617_,5.1µm
_04352_,5.09µm
_04556_,5.09µm
_03397_,5.085µm
_02328_,5.07µm
_04610_,5.07µm
_01155_,5.06µm
_01647_,5.06µm
_02130_,5.06µm
_02332_,5.06µm
_02366_,5.06µm
_03520_,5.06µm
_04032_,5.06µm
net3222,5.06µm
net3223,5.06µm
net3235,5.06µm
_03147_,5.05µm
_03453_,5.05µm
_03925_,5.05µm
_03936_,5.05µm
_03984_,5.05µm
_04133_,5.05µm
_04367_,5.05µm
_04606_,5.05µm
_05433_,5.05µm
_05526_,5.05µm
_05847_,5.05µm
_01719_,5.04µm
_01992_,5.04µm
_02481_,5.04µm
_02674_,5.04µm
_03263_,5.04µm
_04011_,5.04µm
_04045_,5.04µm
_04226_,5.04µm
_04752_,5.04µm
_05877_,5.04µm
_03807_,5.025µm
_01494_,5.02µm
_02547_,5.015µm
_03348_,5.015µm
_00164_,5.01µm
_02265_,4.995µm
_01369_,4.98µm
_05153_,4.98µm
_04582_,4.955µm
_04822_,4.94µm
_03254_,4.93µm
_03116_,4.92µm
_03813_,4.92µm
_04031_,4.92µm
_04403_,4.92µm
_04455_,4.92µm
_04705_,4.92µm
_05107_,4.92µm
_05881_,4.92µm
net2480,4.92µm
u_picorv32.picorv32_core.alu_out_q\[18\],4.92µm
_03238_,4.905µm
_00054_,4.87µm
_01269_,4.87µm
_01384_,4.87µm
_01466_,4.87µm
_02578_,4.87µm
_00188_,4.86µm
_00236_,4.86µm
_00251_,4.86µm
_00284_,4.86µm
_00296_,4.86µm
_00297_,4.86µm
_00351_,4.86µm
_00496_,4.86µm
_00617_,4.86µm
_00686_,4.86µm
_00726_,4.86µm
_00925_,4.86µm
_00934_,4.86µm
_01006_,4.86µm
_01012_,4.86µm
_01018_,4.86µm
_01037_,4.86µm
_01058_,4.86µm
_01299_,4.86µm
_01372_,4.86µm
_01708_,4.86µm
_01868_,4.86µm
_02444_,4.86µm
_02599_,4.86µm
_02648_,4.86µm
_02879_,4.86µm
_03075_,4.86µm
_03572_,4.86µm
_03573_,4.86µm
_04366_,4.86µm
_05727_,4.86µm
net140,4.86µm
_03876_,4.825µm
_00187_,4.815µm
_01399_,4.81µm
_03979_,4.81µm
_04877_,4.81µm
_05738_,4.81µm
net3123,4.81µm
_00324_,4.8µm
_00980_,4.8µm
_01182_,4.8µm
_04970_,4.8µm
_05614_,4.8µm
net1528,4.8µm
net1558,4.8µm
net1682,4.8µm
net1733,4.8µm
net1821,4.8µm
net1945,4.8µm
net1961,4.8µm
net2041,4.8µm
net2114,4.8µm
net2187,4.8µm
net2201,4.8µm
net2228,4.8µm
net2293,4.8µm
net2323,4.8µm
net2328,4.8µm
net2368,4.8µm
net2410,4.8µm
net2420,4.8µm
net2520,4.8µm
net2712,4.8µm
net2717,4.8µm
net2762,4.8µm
net2764,4.8µm
net2778,4.8µm
net2782,4.8µm
net2838,4.8µm
net2856,4.8µm
net2954,4.8µm
net2996,4.8µm
_00088_,4.75µm
_00427_,4.75µm
_00442_,4.75µm
_00446_,4.75µm
_00525_,4.75µm
_00722_,4.75µm
_00793_,4.75µm
_01051_,4.75µm
_01330_,4.75µm
_01344_,4.75µm
_01432_,4.75µm
_01507_,4.75µm
_01820_,4.75µm
_02769_,4.75µm
_03754_,4.75µm
net3257,4.75µm
_00079_,4.74µm
_00089_,4.74µm
_00146_,4.74µm
_00204_,4.74µm
_00211_,4.74µm
_00223_,4.74µm
_00241_,4.74µm
_00266_,4.74µm
_00322_,4.74µm
_00323_,4.74µm
_00333_,4.74µm
_00337_,4.74µm
_00364_,4.74µm
_00367_,4.74µm
_00370_,4.74µm
_00386_,4.74µm
_00399_,4.74µm
_00434_,4.74µm
_00469_,4.74µm
_00491_,4.74µm
_00502_,4.74µm
_00519_,4.74µm
_00560_,4.74µm
_00616_,4.74µm
_00658_,4.74µm
_00682_,4.74µm
_00691_,4.74µm
_00706_,4.74µm
_00712_,4.74µm
_00715_,4.74µm
_00718_,4.74µm
_00760_,4.74µm
_00776_,4.74µm
_00791_,4.74µm
_00823_,4.74µm
_00835_,4.74µm
_00879_,4.74µm
_00945_,4.74µm
_00966_,4.74µm
_01025_,4.74µm
_01053_,4.74µm
_01112_,4.74µm
_01115_,4.74µm
_01375_,4.74µm
_01443_,4.74µm
_01488_,4.74µm
_02646_,4.74µm
net3208,4.74µm
net1718,4.69µm
net2485,4.69µm
_00807_,4.68µm
_01295_,4.68µm
_01456_,4.68µm
_02014_,4.68µm
_02348_,4.68µm
_02472_,4.68µm
_02734_,4.68µm
_02850_,4.68µm
_03173_,4.68µm
_03253_,4.68µm
_03367_,4.68µm
_03519_,4.68µm
_03539_,4.68µm
_03563_,4.68µm
_03684_,4.68µm
_03730_,4.68µm
_03886_,4.68µm
_03932_,4.68µm
_04229_,4.68µm
_04574_,4.68µm
_05038_,4.68µm
_05583_,4.68µm
_05879_,4.68µm
_05932_,4.68µm
_05942_,4.68µm
net1522,4.68µm
net1526,4.68µm
net1535,4.68µm
net1536,4.68µm
net1538,4.68µm
net1543,4.68µm
net1552,4.68µm
net1554,4.68µm
net1559,4.68µm
net1563,4.68µm
net1567,4.68µm
net1573,4.68µm
net1579,4.68µm
net1581,4.68µm
net1594,4.68µm
net1595,4.68µm
net1605,4.68µm
net1608,4.68µm
net1625,4.68µm
net1636,4.68µm
net1643,4.68µm
net1645,4.68µm
net1665,4.68µm
net1668,4.68µm
net1670,4.68µm
net1675,4.68µm
net1693,4.68µm
net1710,4.68µm
net1720,4.68µm
net1738,4.68µm
net1742,4.68µm
net1745,4.68µm
net1752,4.68µm
net1758,4.68µm
net1759,4.68µm
net1771,4.68µm
net1774,4.68µm
net1786,4.68µm
net1795,4.68µm
net1807,4.68µm
net1810,4.68µm
net1811,4.68µm
net1843,4.68µm
net1848,4.68µm
net1855,4.68µm
net1857,4.68µm
net1858,4.68µm
net1859,4.68µm
net1860,4.68µm
net1864,4.68µm
net1874,4.68µm
net1909,4.68µm
net1911,4.68µm
net1914,4.68µm
net1915,4.68µm
net1918,4.68µm
net1938,4.68µm
net1939,4.68µm
net1948,4.68µm
net1960,4.68µm
net1964,4.68µm
net1966,4.68µm
net2005,4.68µm
net2008,4.68µm
net2016,4.68µm
net2022,4.68µm
net2024,4.68µm
net2025,4.68µm
net2029,4.68µm
net2067,4.68µm
net2069,4.68µm
net2072,4.68µm
net2100,4.68µm
net2101,4.68µm
net2103,4.68µm
net2116,4.68µm
net2126,4.68µm
net2131,4.68µm
net2133,4.68µm
net2140,4.68µm
net2147,4.68µm
net2150,4.68µm
net2161,4.68µm
net2162,4.68µm
net2165,4.68µm
net2197,4.68µm
net2200,4.68µm
net2210,4.68µm
net2236,4.68µm
net2252,4.68µm
net2291,4.68µm
net2294,4.68µm
net2298,4.68µm
net2334,4.68µm
net2336,4.68µm
net2338,4.68µm
net2339,4.68µm
net2343,4.68µm
net2344,4.68µm
net2346,4.68µm
net2363,4.68µm
net2365,4.68µm
net2370,4.68µm
net2372,4.68µm
net2376,4.68µm
net2385,4.68µm
net2388,4.68µm
net2395,4.68µm
net2400,4.68µm
net2403,4.68µm
net2415,4.68µm
net2416,4.68µm
net2425,4.68µm
net2440,4.68µm
net2462,4.68µm
net2484,4.68µm
net2489,4.68µm
net2493,4.68µm
net2499,4.68µm
net2505,4.68µm
net2506,4.68µm
net2517,4.68µm
net2525,4.68µm
net2530,4.68µm
net2541,4.68µm
net2544,4.68µm
net2546,4.68µm
net2553,4.68µm
net2554,4.68µm
net2561,4.68µm
net2566,4.68µm
net2568,4.68µm
net2569,4.68µm
net2571,4.68µm
net2575,4.68µm
net2586,4.68µm
net2587,4.68µm
net2600,4.68µm
net2610,4.68µm
net2611,4.68µm
net2612,4.68µm
net2618,4.68µm
net2640,4.68µm
net2642,4.68µm
net2646,4.68µm
net2658,4.68µm
net2660,4.68µm
net2661,4.68µm
net2662,4.68µm
net2669,4.68µm
net2676,4.68µm
net2679,4.68µm
net2684,4.68µm
net2692,4.68µm
net2694,4.68µm
net2697,4.68µm
net2700,4.68µm
net2703,4.68µm
net2708,4.68µm
net2714,4.68µm
net2715,4.68µm
net2718,4.68µm
net2723,4.68µm
net2725,4.68µm
net2727,4.68µm
net2729,4.68µm
net2731,4.68µm
net2755,4.68µm
net2781,4.68µm
net2791,4.68µm
net2792,4.68µm
net2799,4.68µm
net2803,4.68µm
net2804,4.68µm
net2807,4.68µm
net2808,4.68µm
net2813,4.68µm
net2814,4.68µm
net2815,4.68µm
net2818,4.68µm
net2820,4.68µm
net2826,4.68µm
net2827,4.68µm
net2828,4.68µm
net2836,4.68µm
net2837,4.68µm
net2841,4.68µm
net2847,4.68µm
net2850,4.68µm
net2851,4.68µm
net2852,4.68µm
net2854,4.68µm
net2863,4.68µm
net2864,4.68µm
net2870,4.68µm
net2876,4.68µm
net2881,4.68µm
net2883,4.68µm
net2898,4.68µm
net2904,4.68µm
net2905,4.68µm
net2911,4.68µm
net2912,4.68µm
net2916,4.68µm
net2919,4.68µm
net2923,4.68µm
net2924,4.68µm
net2926,4.68µm
net2927,4.68µm
net2928,4.68µm
net2930,4.68µm
net2936,4.68µm
net2938,4.68µm
net2942,4.68µm
net2947,4.68µm
net2951,4.68µm
net2957,4.68µm
net2960,4.68µm
net2962,4.68µm
net2965,4.68µm
net2970,4.68µm
net2975,4.68µm
net2977,4.68µm
net2987,4.68µm
net2994,4.68µm
net2998,4.68µm
net3000,4.68µm
net3002,4.68µm
net3003,4.68µm
net3004,4.68µm
net3011,4.68µm
net3015,4.68µm
net3020,4.68µm
net3022,4.68µm
net3027,4.68µm
net3028,4.68µm
net3029,4.68µm
net3041,4.68µm
net3042,4.68µm
net3047,4.68µm
net3049,4.68µm
net3053,4.68µm
net3054,4.68µm
net3055,4.68µm
net3056,4.68µm
net3059,4.68µm
net3060,4.68µm
net3067,4.68µm
net3068,4.68µm
net3069,4.68µm
net3071,4.68µm
net3083,4.68µm
net3084,4.68µm
net3085,4.68µm
net3086,4.68µm
net3087,4.68µm
net3089,4.68µm
net3090,4.68µm
net3094,4.68µm
net3095,4.68µm
net3098,4.68µm
net3102,4.68µm
net3105,4.68µm
net3106,4.68µm
net3108,4.68µm
_01679_,4.675µm
_02010_,4.675µm
_03025_,4.675µm
_03398_,4.675µm
_03605_,4.675µm
_04365_,4.675µm
_04514_,4.675µm
_04527_,4.675µm
_04591_,4.675µm
_05043_,4.675µm
_05049_,4.675µm
_05088_,4.675µm
_05140_,4.675µm
_05174_,4.675µm
_05604_,4.675µm
net3260,4.675µm
_03370_,4.665µm
_00932_,4.65µm
net1741,4.615µm
net2082,4.615µm
net3228,4.585µm
_02355_,4.58µm
_02403_,4.58µm
_02836_,4.58µm
_03233_,4.58µm
_03650_,4.58µm
_04332_,4.58µm
_05475_,4.58µm
_05873_,4.58µm
_05892_,4.58µm
net3194,4.58µm
net3199,4.58µm
net3205,4.58µm
net3220,4.58µm
net3241,4.58µm
_04795_,4.575µm
_01352_,4.57µm
_01907_,4.57µm
_02026_,4.57µm
_02529_,4.57µm
_02567_,4.57µm
_02764_,4.57µm
_02829_,4.57µm
_03290_,4.57µm
_03369_,4.57µm
_03638_,4.57µm
_03659_,4.57µm
_04440_,4.57µm
_04698_,4.57µm
_04746_,4.57µm
_04760_,4.57µm
_05812_,4.57µm
_04354_,4.56µm
_04289_,4.52µm
_05667_,4.51µm
_01497_,4.5µm
_02211_,4.5µm
_02542_,4.5µm
_03892_,4.5µm
_03998_,4.5µm
_04515_,4.5µm
_03742_,4.495µm
_04080_,4.485µm
_04092_,4.485µm
_00080_,4.47µm
_02333_,4.47µm
net2076,4.47µm
net2360,4.47µm
net2565,4.47µm
net2622,4.47µm
net2822,4.47µm
_02443_,4.45µm
_03049_,4.45µm
_03058_,4.45µm
_03177_,4.45µm
_04275_,4.45µm
_01699_,4.44µm
_02028_,4.44µm
_02040_,4.44µm
_02566_,4.44µm
_02669_,4.44µm
_02809_,4.44µm
_02924_,4.44µm
_03188_,4.44µm
_03377_,4.44µm
_03493_,4.44µm
_04458_,4.44µm
_04807_,4.44µm
_04943_,4.44µm
_05055_,4.44µm
_05223_,4.44µm
_05543_,4.44µm
net3214,4.44µm
_04616_,4.425µm
_01659_,4.42µm
_01380_,4.39µm
_00072_,4.38µm
_00084_,4.38µm
_00145_,4.38µm
_00150_,4.38µm
_00196_,4.38µm
_00199_,4.38µm
_00208_,4.38µm
_00224_,4.38µm
_00229_,4.38µm
_00250_,4.38µm
_00300_,4.38µm
_00512_,4.38µm
_00581_,4.38µm
_00592_,4.38µm
_00714_,4.38µm
_00737_,4.38µm
_00850_,4.38µm
_00865_,4.38µm
_00886_,4.38µm
_00892_,4.38µm
_00927_,4.38µm
_00937_,4.38µm
_00951_,4.38µm
_00987_,4.38µm
_00993_,4.38µm
_01005_,4.38µm
_01022_,4.38µm
_01082_,4.38µm
_01088_,4.38µm
_01094_,4.38µm
_01117_,4.38µm
_01317_,4.38µm
_01335_,4.38µm
_01351_,4.38µm
_01417_,4.38µm
_01450_,4.38µm
_01508_,4.38µm
_01652_,4.38µm
_02756_,4.38µm
_02877_,4.38µm
_03044_,4.38µm
_03193_,4.38µm
_03644_,4.38µm
_03707_,4.38µm
_04482_,4.38µm
_04509_,4.38µm
_04576_,4.38µm
_04897_,4.38µm
_05605_,4.38µm
_05739_,4.38µm
_05792_,4.38µm
net3111,4.38µm
net3262,4.38µm
_03154_,4.33µm
_03575_,4.33µm
_03599_,4.33µm
_04466_,4.33µm
_04805_,4.33µm
_00465_,4.32µm
_00764_,4.32µm
_01338_,4.32µm
_03101_,4.32µm
_03206_,4.32µm
_04179_,4.32µm
_05831_,4.32µm
net1575,4.32µm
net1602,4.32µm
net1662,4.32µm
net1704,4.32µm
net1789,4.32µm
net1852,4.32µm
net1866,4.32µm
net1916,4.32µm
net1917,4.32µm
net1923,4.32µm
net1937,4.32µm
net1950,4.32µm
net1967,4.32µm
net2057,4.32µm
net2073,4.32µm
net2081,4.32µm
net2108,4.32µm
net2221,4.32µm
net2245,4.32µm
net2270,4.32µm
net2277,4.32µm
net2341,4.32µm
net2347,4.32µm
net2361,4.32µm
net2501,4.32µm
net2518,4.32µm
net2545,4.32µm
net2563,4.32µm
net2573,4.32µm
net2602,4.32µm
net2665,4.32µm
net2730,4.32µm
net2736,4.32µm
net2737,4.32µm
net2740,4.32µm
net2769,4.32µm
net2831,4.32µm
net2839,4.32µm
net2871,4.32µm
net2891,4.32µm
net2943,4.32µm
net2953,4.32µm
net2980,4.32µm
net2993,4.32µm
net3031,4.32µm
_04685_,4.31µm
_00130_,4.27µm
_00555_,4.27µm
_00989_,4.27µm
_01029_,4.27µm
_01230_,4.27µm
_01431_,4.27µm
_02011_,4.27µm
_03715_,4.27µm
_04028_,4.27µm
_04779_,4.27µm
_00069_,4.26µm
_00087_,4.26µm
_00132_,4.26µm
_00135_,4.26µm
_00149_,4.26µm
_00151_,4.26µm
_00157_,4.26µm
_00192_,4.26µm
_00193_,4.26µm
_00195_,4.26µm
_00219_,4.26µm
_00242_,4.26µm
_00264_,4.26µm
_00268_,4.26µm
_00274_,4.26µm
_00313_,4.26µm
_00315_,4.26µm
_00321_,4.26µm
_00334_,4.26µm
_00336_,4.26µm
_00350_,4.26µm
_00368_,4.26µm
_00369_,4.26µm
_00374_,4.26µm
_00382_,4.26µm
_00395_,4.26µm
_00396_,4.26µm
_00437_,4.26µm
_00449_,4.26µm
_00492_,4.26µm
_00494_,4.26µm
_00509_,4.26µm
_00511_,4.26µm
_00520_,4.26µm
_00523_,4.26µm
_00533_,4.26µm
_00545_,4.26µm
_00563_,4.26µm
_00574_,4.26µm
_00584_,4.26µm
_00594_,4.26µm
_00595_,4.26µm
_00613_,4.26µm
_00625_,4.26µm
_00637_,4.26µm
_00648_,4.26µm
_00659_,4.26µm
_00660_,4.26µm
_00663_,4.26µm
_00676_,4.26µm
_00681_,4.26µm
_00694_,4.26µm
_00704_,4.26µm
_00739_,4.26µm
_00746_,4.26µm
_00762_,4.26µm
_00763_,4.26µm
_00771_,4.26µm
_00790_,4.26µm
_00801_,4.26µm
_00805_,4.26µm
_00814_,4.26µm
_00825_,4.26µm
_00831_,4.26µm
_00834_,4.26µm
_00866_,4.26µm
_00880_,4.26µm
_00882_,4.26µm
_00921_,4.26µm
_00947_,4.26µm
_00953_,4.26µm
_00954_,4.26µm
_00955_,4.26µm
_00957_,4.26µm
_00962_,4.26µm
_00982_,4.26µm
_01003_,4.26µm
_01004_,4.26µm
_01013_,4.26µm
_01036_,4.26µm
_01059_,4.26µm
_01066_,4.26µm
_01075_,4.26µm
_01078_,4.26µm
_01085_,4.26µm
_01090_,4.26µm
_01096_,4.26µm
_01103_,4.26µm
_01106_,4.26µm
_01109_,4.26µm
_01114_,4.26µm
_01116_,4.26µm
_01241_,4.26µm
_01332_,4.26µm
_01334_,4.26µm
_01469_,4.26µm
_01486_,4.26µm
_01489_,4.26µm
_01522_,4.26µm
_01539_,4.26µm
_02712_,4.26µm
_02714_,4.26µm
_03164_,4.26µm
_01424_,4.23µm
_02655_,4.23µm
_02953_,4.23µm
_03246_,4.23µm
net1959,4.215µm
net1820,4.21µm
_01445_,4.2µm
_01447_,4.2µm
_01458_,4.2µm
_01500_,4.2µm
_02020_,4.2µm
_02091_,4.2µm
_02485_,4.2µm
_03171_,4.2µm
_03620_,4.2µm
_03734_,4.2µm
_04340_,4.2µm
_04492_,4.2µm
_04851_,4.2µm
_05206_,4.2µm
net1530,4.2µm
net1572,4.2µm
net1621,4.2µm
net1700,4.2µm
net1717,4.2µm
net1754,4.2µm
net1790,4.2µm
net1944,4.2µm
net2014,4.2µm
net2033,4.2µm
net2191,4.2µm
net2266,4.2µm
net2286,4.2µm
net2429,4.2µm
net2495,4.2µm
net2496,4.2µm
net2542,4.2µm
net2591,4.2µm
net2624,4.2µm
net2696,4.2µm
net2741,4.2µm
net2751,4.2µm
net2945,4.2µm
net2982,4.2µm
net2985,4.2µm
net2986,4.2µm
net3012,4.2µm
net3019,4.2µm
net3032,4.2µm
_02187_,4.195µm
_03056_,4.195µm
_03978_,4.195µm
_04525_,4.195µm
_04772_,4.195µm
_05109_,4.195µm
_05114_,4.195µm
_05572_,4.195µm
_06013_,4.195µm
net3261,4.195µm
_02933_,4.185µm
_05779_,4.185µm
_00392_,4.18µm
_00456_,4.17µm
_06016_,4.17µm
_01284_,4.15µm
_03867_,4.14µm
_05940_,4.14µm
_03859_,4.135µm
net3066,4.135µm
_02323_,4.125µm
_03138_,4.125µm
_04682_,4.125µm
_05542_,4.125µm
_02316_,4.11µm
net1550,4.11µm
_01282_,4.1µm
_01283_,4.1µm
_01327_,4.1µm
_01414_,4.1µm
_02269_,4.1µm
_02471_,4.1µm
_03127_,4.1µm
_04954_,4.1µm
_04994_,4.1µm
_05400_,4.1µm
_05869_,4.1µm
_01680_,4.09µm
_01897_,4.09µm
_01948_,4.09µm
_02092_,4.09µm
_02157_,4.09µm
_02564_,4.09µm
_02869_,4.09µm
_03583_,4.09µm
_03800_,4.09µm
_03836_,4.09µm
_03943_,4.09µm
_03956_,4.09µm
_03962_,4.09µm
_04076_,4.09µm
_04111_,4.09µm
_04202_,4.09µm
_04558_,4.09µm
_04625_,4.09µm
_05075_,4.09µm
_05243_,4.09µm
_05256_,4.09µm
_05580_,4.09µm
_05931_,4.09µm
net1534,4.09µm
net1565,4.09µm
net1568,4.09µm
net1606,4.09µm
net1624,4.09µm
net1657,4.09µm
net1666,4.09µm
net1763,4.09µm
net1767,4.09µm
net1769,4.09µm
net1798,4.09µm
net1825,4.09µm
net1826,4.09µm
net1830,4.09µm
net1877,4.09µm
net1880,4.09µm
net1881,4.09µm
net1890,4.09µm
net1892,4.09µm
net1904,4.09µm
net1905,4.09µm
net1921,4.09µm
net1926,4.09µm
net1927,4.09µm
net1929,4.09µm
net1932,4.09µm
net1958,4.09µm
net1970,4.09µm
net1984,4.09µm
net2020,4.09µm
net2026,4.09µm
net2037,4.09µm
net2095,4.09µm
net2104,4.09µm
net2110,4.09µm
net2120,4.09µm
net2129,4.09µm
net2146,4.09µm
net2182,4.09µm
net2203,4.09µm
net2233,4.09µm
net2244,4.09µm
net2246,4.09µm
net2251,4.09µm
net2275,4.09µm
net2276,4.09µm
net2283,4.09µm
net2289,4.09µm
net2335,4.09µm
net2349,4.09µm
net2362,4.09µm
net2373,4.09µm
net2378,4.09µm
net2394,4.09µm
net2411,4.09µm
net2428,4.09µm
net2445,4.09µm
net2455,4.09µm
net2463,4.09µm
net2468,4.09µm
net2507,4.09µm
net2512,4.09µm
net2513,4.09µm
net2540,4.09µm
net2581,4.09µm
net2584,4.09µm
net2713,4.09µm
net2733,4.09µm
net2743,4.09µm
net2747,4.09µm
net2789,4.09µm
net2830,4.09µm
net2995,4.09µm
net3043,4.09µm
net3046,4.09µm
_03163_,4.08µm
_04506_,4.08µm
_04059_,4.05µm
net3240,4.045µm
_03785_,4.04µm
_04338_,4.035µm
_03338_,4.03µm
_03372_,4.03µm
_04413_,4.03µm
_04421_,4.03µm
_01220_,4.02µm
_01385_,4.02µm
_01386_,4.02µm
_01388_,4.02µm
_01534_,4.02µm
_05393_,4.02µm
_01996_,4.005µm
_04485_,4.005µm
_01959_,3.98µm
_01993_,3.97µm
_03103_,3.97µm
_03261_,3.97µm
_03318_,3.97µm
_04484_,3.97µm
_01705_,3.96µm
_02000_,3.96µm
_02170_,3.96µm
_02405_,3.96µm
_02806_,3.96µm
_02831_,3.96µm
_03046_,3.96µm
_03189_,3.96µm
_03457_,3.96µm
_03510_,3.96µm
_03731_,3.96µm
_03744_,3.96µm
_03885_,3.96µm
_04116_,3.96µm
_04147_,3.96µm
_04167_,3.96µm
_04317_,3.96µm
_04353_,3.96µm
_04417_,3.96µm
_04478_,3.96µm
_04613_,3.96µm
_05559_,3.96µm
_05598_,3.96µm
_05704_,3.96µm
_05807_,3.96µm
_06008_,3.96µm
net3236,3.96µm
_01296_,3.91µm
_02558_,3.91µm
net1677,3.91µm
_00013_,3.9µm
_00048_,3.9µm
_00128_,3.9µm
_00129_,3.9µm
_00137_,3.9µm
_00161_,3.9µm
_00162_,3.9µm
_00171_,3.9µm
_00185_,3.9µm
_00210_,3.9µm
_00213_,3.9µm
_00245_,3.9µm
_00271_,3.9µm
_00273_,3.9µm
_00309_,3.9µm
_00345_,3.9µm
_00359_,3.9µm
_00379_,3.9µm
_00393_,3.9µm
_00402_,3.9µm
_00428_,3.9µm
_00440_,3.9µm
_00451_,3.9µm
_00478_,3.9µm
_00510_,3.9µm
_00529_,3.9µm
_00540_,3.9µm
_00544_,3.9µm
_00553_,3.9µm
_00566_,3.9µm
_00623_,3.9µm
_00636_,3.9µm
_00655_,3.9µm
_00668_,3.9µm
_00705_,3.9µm
_00758_,3.9µm
_00802_,3.9µm
_00843_,3.9µm
_00848_,3.9µm
_00860_,3.9µm
_00877_,3.9µm
_00918_,3.9µm
_00924_,3.9µm
_00930_,3.9µm
_00944_,3.9µm
_00948_,3.9µm
_00972_,3.9µm
_00973_,3.9µm
_00974_,3.9µm
_00988_,3.9µm
_01057_,3.9µm
_01062_,3.9µm
_01069_,3.9µm
_01071_,3.9µm
_01074_,3.9µm
_01124_,3.9µm
_01127_,3.9µm
_01152_,3.9µm
_01161_,3.9µm
_01184_,3.9µm
_01200_,3.9µm
_01606_,3.9µm
_01630_,3.9µm
_01855_,3.9µm
_01901_,3.9µm
_02330_,3.9µm
_02336_,3.9µm
_02417_,3.9µm
_02426_,3.9µm
_02741_,3.9µm
_02748_,3.9µm
_02762_,3.9µm
_03115_,3.9µm
_03269_,3.9µm
_03400_,3.9µm
_03403_,3.9µm
_03465_,3.9µm
_03615_,3.9µm
_03661_,3.9µm
_03675_,3.9µm
_03906_,3.9µm
_04009_,3.9µm
_04034_,3.9µm
_04363_,3.9µm
_04405_,3.9µm
_04540_,3.9µm
_05426_,3.9µm
_05456_,3.9µm
_05590_,3.9µm
_05641_,3.9µm
_05741_,3.9µm
_05885_,3.9µm
u_picorv32.pcpi_rs1\[11\],3.9µm
net3112,3.9µm
net3119,3.9µm
_01894_,3.885µm
_02200_,3.88µm
net2175,3.88µm
_04762_,3.85µm
_00991_,3.84µm
_01203_,3.84µm
_02118_,3.84µm
_02142_,3.84µm
_03352_,3.84µm
_04245_,3.84µm
net1521,3.84µm
net1524,3.84µm
net1540,3.84µm
net1545,3.84µm
net1547,3.84µm
net1555,3.84µm
net1570,3.84µm
net1587,3.84µm
net1591,3.84µm
net1592,3.84µm
net1600,3.84µm
net1609,3.84µm
net1610,3.84µm
net1612,3.84µm
net1615,3.84µm
net1617,3.84µm
net1619,3.84µm
net1623,3.84µm
net1627,3.84µm
net1630,3.84µm
net1646,3.84µm
net1649,3.84µm
net1654,3.84µm
net1656,3.84µm
net1660,3.84µm
net1674,3.84µm
net1678,3.84µm
net1681,3.84µm
net1683,3.84µm
net1701,3.84µm
net1712,3.84µm
net1715,3.84µm
net1743,3.84µm
net1749,3.84µm
net1750,3.84µm
net1751,3.84µm
net1756,3.84µm
net1760,3.84µm
net1766,3.84µm
net1777,3.84µm
net1780,3.84µm
net1782,3.84µm
net1783,3.84µm
net1784,3.84µm
net1788,3.84µm
net1797,3.84µm
net1801,3.84µm
net1808,3.84µm
net1809,3.84µm
net1817,3.84µm
net1822,3.84µm
net1842,3.84µm
net1873,3.84µm
net1875,3.84µm
net1882,3.84µm
net1883,3.84µm
net1886,3.84µm
net1889,3.84µm
net1891,3.84µm
net1895,3.84µm
net1897,3.84µm
net1899,3.84µm
net1910,3.84µm
net1912,3.84µm
net1913,3.84µm
net1922,3.84µm
net1925,3.84µm
net1928,3.84µm
net1930,3.84µm
net1940,3.84µm
net1942,3.84µm
net1963,3.84µm
net1972,3.84µm
net1974,3.84µm
net1976,3.84µm
net1991,3.84µm
net1993,3.84µm
net1994,3.84µm
net2000,3.84µm
net2012,3.84µm
net2027,3.84µm
net2042,3.84µm
net2043,3.84µm
net2046,3.84µm
net2052,3.84µm
net2054,3.84µm
net2055,3.84µm
net2059,3.84µm
net2061,3.84µm
net2062,3.84µm
net2063,3.84µm
net2066,3.84µm
net2070,3.84µm
net2074,3.84µm
net2075,3.84µm
net2080,3.84µm
net2096,3.84µm
net2099,3.84µm
net2115,3.84µm
net2123,3.84µm
net2135,3.84µm
net2143,3.84µm
net2155,3.84µm
net2160,3.84µm
net2163,3.84µm
net2166,3.84µm
net2172,3.84µm
net2179,3.84µm
net2180,3.84µm
net2190,3.84µm
net2195,3.84µm
net2196,3.84µm
net2213,3.84µm
net2225,3.84µm
net2231,3.84µm
net2247,3.84µm
net2256,3.84µm
net2269,3.84µm
net2285,3.84µm
net2288,3.84µm
net2306,3.84µm
net2309,3.84µm
net2310,3.84µm
net2326,3.84µm
net2329,3.84µm
net2332,3.84µm
net2342,3.84µm
net2350,3.84µm
net2366,3.84µm
net2381,3.84µm
net2383,3.84µm
net2397,3.84µm
net2402,3.84µm
net2409,3.84µm
net2419,3.84µm
net2423,3.84µm
net2432,3.84µm
net2434,3.84µm
net2437,3.84µm
net2443,3.84µm
net2449,3.84µm
net2451,3.84µm
net2452,3.84µm
net2470,3.84µm
net2473,3.84µm
net2477,3.84µm
net2486,3.84µm
net2491,3.84µm
net2494,3.84µm
net2497,3.84µm
net2511,3.84µm
net2521,3.84µm
net2524,3.84µm
net2528,3.84µm
net2534,3.84µm
net2535,3.84µm
net2543,3.84µm
net2547,3.84µm
net2549,3.84µm
net2550,3.84µm
net2551,3.84µm
net2552,3.84µm
net2557,3.84µm
net2559,3.84µm
net2564,3.84µm
net2570,3.84µm
net2576,3.84µm
net2578,3.84µm
net2583,3.84µm
net2593,3.84µm
net2596,3.84µm
net2599,3.84µm
net2604,3.84µm
net2606,3.84µm
net2608,3.84µm
net2614,3.84µm
net2630,3.84µm
net2652,3.84µm
net2666,3.84µm
net2670,3.84µm
net2671,3.84µm
net2672,3.84µm
net2674,3.84µm
net2675,3.84µm
net2677,3.84µm
net2680,3.84µm
net2688,3.84µm
net2691,3.84µm
net2699,3.84µm
net2719,3.84µm
net2720,3.84µm
net2724,3.84µm
net2744,3.84µm
net2748,3.84µm
net2750,3.84µm
net2752,3.84µm
net2757,3.84µm
net2759,3.84µm
net2765,3.84µm
net2770,3.84µm
net2777,3.84µm
net2779,3.84µm
net2787,3.84µm
net2793,3.84µm
net2794,3.84µm
net2797,3.84µm
net2798,3.84µm
net2805,3.84µm
net2806,3.84µm
net2810,3.84µm
net2812,3.84µm
net2824,3.84µm
net2825,3.84µm
net2829,3.84µm
net2833,3.84µm
net2835,3.84µm
net2845,3.84µm
net2849,3.84µm
net2858,3.84µm
net2865,3.84µm
net2868,3.84µm
net2869,3.84µm
net2873,3.84µm
net2875,3.84µm
net2878,3.84µm
net2880,3.84µm
net2885,3.84µm
net2887,3.84µm
net2889,3.84µm
net2892,3.84µm
net2894,3.84µm
net2895,3.84µm
net2896,3.84µm
net2897,3.84µm
net2899,3.84µm
net2901,3.84µm
net2902,3.84µm
net2903,3.84µm
net2906,3.84µm
net2907,3.84µm
net2913,3.84µm
net2914,3.84µm
net2915,3.84µm
net2917,3.84µm
net2918,3.84µm
net2925,3.84µm
net2931,3.84µm
net2941,3.84µm
net2944,3.84µm
net2946,3.84µm
net2956,3.84µm
net2958,3.84µm
net2959,3.84µm
net2968,3.84µm
net2969,3.84µm
net2972,3.84µm
net2973,3.84µm
net2976,3.84µm
net2978,3.84µm
net2979,3.84µm
net2981,3.84µm
net2988,3.84µm
net2989,3.84µm
net2997,3.84µm
net3001,3.84µm
net3006,3.84µm
net3007,3.84µm
net3008,3.84µm
net3016,3.84µm
net3018,3.84µm
net3021,3.84µm
net3030,3.84µm
net3039,3.84µm
net3045,3.84µm
net3064,3.84µm
net3079,3.84µm
net3080,3.84µm
net3081,3.84µm
net3091,3.84µm
net3092,3.84µm
net3093,3.84µm
net3096,3.84µm
net3097,3.84µm
net3099,3.84µm
net3103,3.84µm
net3104,3.84µm
net1516,3.84µm
net3200,3.84µm
_00071_,3.81µm
_00558_,3.81µm
_02914_,3.81µm
_02135_,3.79µm
_00068_,3.78µm
_00156_,3.78µm
_00194_,3.78µm
_00197_,3.78µm
_00200_,3.78µm
_00206_,3.78µm
_00226_,3.78µm
_00232_,3.78µm
_00233_,3.78µm
_00234_,3.78µm
_00239_,3.78µm
_00269_,3.78µm
_00272_,3.78µm
_00275_,3.78µm
_00328_,3.78µm
_00344_,3.78µm
_00346_,3.78µm
_00347_,3.78µm
_00356_,3.78µm
_00365_,3.78µm
_00366_,3.78µm
_00372_,3.78µm
_00397_,3.78µm
_00403_,3.78µm
_00405_,3.78µm
_00408_,3.78µm
_00431_,3.78µm
_00450_,3.78µm
_00488_,3.78µm
_00490_,3.78µm
_00513_,3.78µm
_00514_,3.78µm
_00521_,3.78µm
_00551_,3.78µm
_00554_,3.78µm
_00569_,3.78µm
_00575_,3.78µm
_00607_,3.78µm
_00624_,3.78µm
_00631_,3.78µm
_00633_,3.78µm
_00639_,3.78µm
_00641_,3.78µm
_00650_,3.78µm
_00656_,3.78µm
_00667_,3.78µm
_00669_,3.78µm
_00761_,3.78µm
_00765_,3.78µm
_00773_,3.78µm
_00777_,3.78µm
_00792_,3.78µm
_00794_,3.78µm
_00844_,3.78µm
_00859_,3.78µm
_00874_,3.78µm
_00915_,3.78µm
_00969_,3.78µm
_00994_,3.78µm
_01009_,3.78µm
_01015_,3.78µm
_01073_,3.78µm
_01098_,3.78µm
_01101_,3.78µm
_01110_,3.78µm
_02763_,3.78µm
_03860_,3.78µm
_04572_,3.78µm
net3219,3.78µm
_03587_,3.775µm
_01490_,3.72µm
_02760_,3.72µm
_03931_,3.72µm
_04029_,3.72µm
_04336_,3.72µm
_04701_,3.72µm
_05239_,3.72µm
net1691,3.72µm
net1728,3.72µm
net1761,3.72µm
net1837,3.72µm
net1844,3.72µm
net1851,3.72µm
net1920,3.72µm
net1951,3.72µm
net1952,3.72µm
net1978,3.72µm
net1983,3.72µm
net2089,3.72µm
net2121,3.72µm
net2132,3.72µm
net2139,3.72µm
net2153,3.72µm
net2240,3.72µm
net2274,3.72µm
net2290,3.72µm
net2296,3.72µm
net2307,3.72µm
net2324,3.72µm
net2392,3.72µm
net2396,3.72µm
net2417,3.72µm
net2487,3.72µm
net2784,3.72µm
net2884,3.72µm
net2893,3.72µm
net2949,3.72µm
net2971,3.72µm
net3026,3.72µm
net3057,3.72µm
_02221_,3.715µm
_02495_,3.715µm
_03512_,3.715µm
_03522_,3.715µm
_04391_,3.715µm
_04400_,3.715µm
_04474_,3.715µm
_04712_,3.715µm
_04797_,3.715µm
_04801_,3.715µm
_05817_,3.715µm
_02188_,3.705µm
_05179_,3.705µm
_01257_,3.7µm
_00751_,3.69µm
_00782_,3.69µm
_02735_,3.69µm
_04689_,3.69µm
_03198_,3.66µm
_03418_,3.66µm
_04140_,3.66µm
_05443_,3.66µm
net2817,3.66µm
_02720_,3.655µm
_01978_,3.645µm
_03109_,3.63µm
net2086,3.63µm
net2130,3.63µm
net2877,3.63µm
_01952_,3.625µm
_03323_,3.625µm
_02382_,3.62µm
_03482_,3.62µm
_04646_,3.62µm
_01235_,3.61µm
_01673_,3.61µm
_01842_,3.61µm
_02110_,3.61µm
_02484_,3.61µm
_02901_,3.61µm
_03524_,3.61µm
_03781_,3.61µm
_04132_,3.61µm
_04148_,3.61µm
_04361_,3.61µm
_04493_,3.61µm
_04635_,3.61µm
_04819_,3.61µm
_04858_,3.61µm
_05321_,3.61µm
_05427_,3.61µm
_05569_,3.61µm
_05655_,3.61µm
_05843_,3.61µm
_01880_,3.6µm
_02455_,3.6µm
_03244_,3.6µm
_03560_,3.6µm
_03953_,3.6µm
_02044_,3.59µm
_04323_,3.56µm
_01691_,3.55µm
_01964_,3.55µm
_03676_,3.55µm
_04461_,3.55µm
_01134_,3.54µm
_01268_,3.54µm
_01326_,3.54µm
_01339_,3.54µm
_01378_,3.54µm
_01437_,3.54µm
_05550_,3.525µm
_03496_,3.505µm
_05819_,3.49µm
_02083_,3.485µm
_01175_,3.48µm
_01745_,3.48µm
_02409_,3.48µm
_02457_,3.48µm
_02520_,3.48µm
_02680_,3.48µm
_02894_,3.48µm
_02903_,3.48µm
_02960_,3.48µm
_03005_,3.48µm
_03092_,3.48µm
_03294_,3.48µm
_03816_,3.48µm
_03841_,3.48µm
_03887_,3.48µm
_04030_,3.48µm
_04040_,3.48µm
_04435_,3.48µm
_04692_,3.48µm
_04880_,3.48µm
_04902_,3.48µm
_04911_,3.48µm
_05092_,3.48µm
_05386_,3.48µm
_05416_,3.48µm
_05461_,3.48µm
_05883_,3.48µm
_05955_,3.48µm
net3190,3.48µm
_03225_,3.475µm
_05832_,3.445µm
_01232_,3.43µm
_01429_,3.43µm
_00019_,3.42µm
_00050_,3.42µm
_00104_,3.42µm
_00127_,3.42µm
_00131_,3.42µm
_00136_,3.42µm
_00141_,3.42µm
_00148_,3.42µm
_00175_,3.42µm
_00179_,3.42µm
_00183_,3.42µm
_00203_,3.42µm
_00207_,3.42µm
_00217_,3.42µm
_00227_,3.42µm
_00238_,3.42µm
_00244_,3.42µm
_00263_,3.42µm
_00279_,3.42µm
_00280_,3.42µm
_00281_,3.42µm
_00332_,3.42µm
_00335_,3.42µm
_00338_,3.42µm
_00340_,3.42µm
_00348_,3.42µm
_00349_,3.42µm
_00375_,3.42µm
_00377_,3.42µm
_00391_,3.42µm
_00407_,3.42µm
_00409_,3.42µm
_00429_,3.42µm
_00481_,3.42µm
_00489_,3.42µm
_00493_,3.42µm
_00497_,3.42µm
_00501_,3.42µm
_00503_,3.42µm
_00561_,3.42µm
_00571_,3.42µm
_00604_,3.42µm
_00606_,3.42µm
_00615_,3.42µm
_00618_,3.42µm
_00619_,3.42µm
_00621_,3.42µm
_00632_,3.42µm
_00640_,3.42µm
_00644_,3.42µm
_00651_,3.42µm
_00653_,3.42µm
_00677_,3.42µm
_00679_,3.42µm
_00683_,3.42µm
_00688_,3.42µm
_00695_,3.42µm
_00734_,3.42µm
_00735_,3.42µm
_00738_,3.42µm
_00747_,3.42µm
_00750_,3.42µm
_00753_,3.42µm
_00772_,3.42µm
_00774_,3.42µm
_00775_,3.42µm
_00784_,3.42µm
_00796_,3.42µm
_00811_,3.42µm
_00817_,3.42µm
_00845_,3.42µm
_00849_,3.42µm
_00858_,3.42µm
_00871_,3.42µm
_00899_,3.42µm
_00933_,3.42µm
_00940_,3.42µm
_00941_,3.42µm
_00950_,3.42µm
_00971_,3.42µm
_00976_,3.42µm
_00977_,3.42µm
_00979_,3.42µm
_01010_,3.42µm
_01019_,3.42µm
_01021_,3.42µm
_01032_,3.42µm
_01042_,3.42µm
_01049_,3.42µm
_01063_,3.42µm
_01064_,3.42µm
_01076_,3.42µm
_01077_,3.42µm
_01084_,3.42µm
_01087_,3.42µm
_01099_,3.42µm
_01108_,3.42µm
_01126_,3.42µm
_01132_,3.42µm
_01146_,3.42µm
_01173_,3.42µm
_01228_,3.42µm
_01244_,3.42µm
_01340_,3.42µm
_01364_,3.42µm
_01509_,3.42µm
_01523_,3.42µm
_01640_,3.42µm
_01838_,3.42µm
_01852_,3.42µm
_01921_,3.42µm
_01949_,3.42µm
_02002_,3.42µm
_02206_,3.42µm
_02235_,3.42µm
_02375_,3.42µm
_02378_,3.42µm
_02464_,3.42µm
_02468_,3.42µm
_02499_,3.42µm
_02661_,3.42µm
_02726_,3.42µm
_02727_,3.42µm
_02738_,3.42µm
_02782_,3.42µm
_02840_,3.42µm
_02855_,3.42µm
_03093_,3.42µm
_03153_,3.42µm
_03298_,3.42µm
_03342_,3.42µm
_03353_,3.42µm
_03383_,3.42µm
_03725_,3.42µm
_03773_,3.42µm
_03856_,3.42µm
_03872_,3.42µm
_03884_,3.42µm
_03949_,3.42µm
_03980_,3.42µm
_04177_,3.42µm
_04205_,3.42µm
_04276_,3.42µm
_04298_,3.42µm
_04370_,3.42µm
_04427_,3.42µm
_04487_,3.42µm
_04495_,3.42µm
_04622_,3.42µm
_04683_,3.42µm
_04794_,3.42µm
_04893_,3.42µm
_05356_,3.42µm
_05385_,3.42µm
_05394_,3.42µm
_05537_,3.42µm
_05581_,3.42µm
_05682_,3.42µm
_05701_,3.42µm
_05805_,3.42µm
_05875_,3.42µm
net3225,3.42µm
net3244,3.42µm
_01198_,3.36µm
_02522_,3.36µm
_03581_,3.36µm
_05566_,3.36µm
_05965_,3.36µm
net1527,3.36µm
net1698,3.36µm
net1787,3.36µm
net2002,3.36µm
net2065,3.36µm
net2125,3.36µm
net2145,3.36µm
net2159,3.36µm
net2441,3.36µm
net2453,3.36µm
net2488,3.36µm
net2574,3.36µm
net2585,3.36µm
net2595,3.36µm
net2664,3.36µm
net2702,3.36µm
net2746,3.36µm
net2775,3.36µm
net2800,3.36µm
net2848,3.36µm
net2855,3.36µm
net2908,3.36µm
net2935,3.36µm
net3107,3.36µm
net3247,3.36µm
_02102_,3.34µm
_00093_,3.33µm
_03909_,3.32µm
net3207,3.3µm
_03131_,3.285µm
_01564_,3.27µm
_00085_,3.24µm
_02497_,3.24µm
_02783_,3.24µm
_03216_,3.24µm
_03374_,3.24µm
_03526_,3.24µm
_03926_,3.24µm
_03987_,3.24µm
_04565_,3.24µm
_05334_,3.24µm
_05648_,3.24µm
_05944_,3.24µm
_02280_,3.235µm
_02364_,3.235µm
_02844_,3.235µm
_03266_,3.235µm
_03340_,3.235µm
_03433_,3.235µm
_03462_,3.235µm
_03702_,3.235µm
_03733_,3.235µm
_03897_,3.235µm
_04094_,3.235µm
_04191_,3.235µm
_05829_,3.235µm
net3195,3.235µm
_05864_,3.225µm
_00505_,3.21µm
_00526_,3.21µm
_00759_,3.21µm
_04175_,3.21µm
_05491_,3.21µm
_04703_,3.205µm
_02552_,3.18µm
_01798_,3.165µm
_04404_,3.165µm
_02210_,3.15µm
_02227_,3.145µm
_03386_,3.145µm
_03436_,3.145µm
_03809_,3.145µm
_01312_,3.14µm
_02251_,3.14µm
_03032_,3.14µm
_03039_,3.14µm
_03054_,3.14µm
_03063_,3.14µm
_03176_,3.14µm
_03203_,3.14µm
_03260_,3.14µm
_03289_,3.14µm
_03365_,3.14µm
_03422_,3.14µm
_03426_,3.14µm
_03498_,3.14µm
_03630_,3.14µm
_03857_,3.14µm
_04473_,3.14µm
_04489_,3.14µm
_05430_,3.14µm
_05507_,3.14µm
_05798_,3.14µm
_06004_,3.14µm
net3186,3.14µm
_00016_,3.13µm
_01492_,3.13µm
_01985_,3.13µm
_02274_,3.13µm
_02413_,3.13µm
_02449_,3.13µm
_02751_,3.13µm
_02851_,3.13µm
_03102_,3.13µm
_03209_,3.13µm
_03590_,3.13µm
_03592_,3.13µm
_03861_,3.13µm
_04223_,3.13µm
_04639_,3.13µm
_04702_,3.13µm
_04812_,3.13µm
_05166_,3.13µm
_05484_,3.13µm
_05671_,3.13µm
_05782_,3.13µm
_05813_,3.13µm
_05897_,3.13µm
_05907_,3.13µm
_01923_,3.12µm
_02881_,3.12µm
_04268_,3.12µm
_04690_,3.12µm
_05716_,3.12µm
_05806_,3.08µm
_05910_,3.08µm
_00736_,3.07µm
_02393_,3.07µm
_02777_,3.07µm
_05375_,3.07µm
_05447_,3.07µm
_00011_,3.06µm
_00059_,3.06µm
_00063_,3.06µm
_01149_,3.06µm
_01194_,3.06µm
_01199_,3.06µm
_01347_,3.06µm
_01349_,3.06µm
_01377_,3.06µm
_01409_,3.06µm
_01515_,3.06µm
_05084_,3.06µm
_05149_,3.06µm
_05532_,3.06µm
_01151_,3µm
_01602_,3µm
_01735_,3µm
_02030_,3µm
_02116_,3µm
_02172_,3µm
_02190_,3µm
_02197_,3µm
_02312_,3µm
_02320_,3µm
_02374_,3µm
_02536_,3µm
_02826_,3µm
_02937_,3µm
_03232_,3µm
_03347_,3µm
_03461_,3µm
_03540_,3µm
_03544_,3µm
_03550_,3µm
_03577_,3µm
_03680_,3µm
_03685_,3µm
_04108_,3µm
_04128_,3µm
_04170_,3µm
_04300_,3µm
_04550_,3µm
_04662_,3µm
_04861_,3µm
_05354_,3µm
_05361_,3µm
_05382_,3µm
_05432_,3µm
_05524_,3µm
_05814_,3µm
net1639,2.97µm
net1731,2.97µm
net2537,2.97µm
_00025_,2.94µm
_00133_,2.94µm
_00138_,2.94µm
_00143_,2.94µm
_00147_,2.94µm
_00154_,2.94µm
_00212_,2.94µm
_00215_,2.94µm
_00235_,2.94µm
_00240_,2.94µm
_00249_,2.94µm
_00253_,2.94µm
_00267_,2.94µm
_00283_,2.94µm
_00291_,2.94µm
_00294_,2.94µm
_00329_,2.94µm
_00342_,2.94µm
_00354_,2.94µm
_00376_,2.94µm
_00381_,2.94µm
_00388_,2.94µm
_00400_,2.94µm
_00413_,2.94µm
_00452_,2.94µm
_00479_,2.94µm
_00487_,2.94µm
_00499_,2.94µm
_00530_,2.94µm
_00565_,2.94µm
_00583_,2.94µm
_00626_,2.94µm
_00627_,2.94µm
_00628_,2.94µm
_00629_,2.94µm
_00635_,2.94µm
_00638_,2.94µm
_00642_,2.94µm
_00654_,2.94µm
_00666_,2.94µm
_00673_,2.94µm
_00674_,2.94µm
_00685_,2.94µm
_00711_,2.94µm
_00717_,2.94µm
_00741_,2.94µm
_00781_,2.94µm
_00797_,2.94µm
_00815_,2.94µm
_00820_,2.94µm
_00824_,2.94µm
_00839_,2.94µm
_00851_,2.94µm
_00895_,2.94µm
_00913_,2.94µm
_00959_,2.94µm
_00967_,2.94µm
_00975_,2.94µm
_00990_,2.94µm
_01000_,2.94µm
_01030_,2.94µm
_01039_,2.94µm
_01050_,2.94µm
_01055_,2.94µm
_01060_,2.94µm
_01067_,2.94µm
_01080_,2.94µm
_01089_,2.94µm
_01091_,2.94µm
_01387_,2.94µm
_01393_,2.94µm
_01491_,2.94µm
_01701_,2.94µm
_02013_,2.94µm
_02024_,2.94µm
_02401_,2.94µm
_02537_,2.94µm
_03359_,2.94µm
_03500_,2.94µm
_03712_,2.94µm
_03763_,2.94µm
_04208_,2.94µm
_04326_,2.94µm
_04614_,2.94µm
_04828_,2.94µm
_05555_,2.94µm
_05621_,2.94µm
_05702_,2.94µm
_05793_,2.94µm
_05830_,2.94µm
_06009_,2.94µm
net3113,2.94µm
net3115,2.94µm
net3128,2.94µm
net3132,2.94µm
net3143,2.94µm
net3151,2.94µm
net3154,2.94µm
net3156,2.94µm
net3158,2.94µm
net3163,2.94µm
net3172,2.94µm
net3182,2.94µm
net3185,2.94µm
_04050_,2.93µm
_04824_,2.92µm
_05867_,2.92µm
_01249_,2.91µm
_04932_,2.91µm
_01276_,2.895µm
_02907_,2.865µm
_02189_,2.86µm
_00457_,2.85µm
_02318_,2.83µm
_03870_,2.79µm
_04021_,2.79µm
_01148_,2.76µm
_01493_,2.76µm
_01622_,2.76µm
_02262_,2.76µm
_02451_,2.76µm
_02931_,2.76µm
_03022_,2.76µm
_03118_,2.76µm
_03321_,2.76µm
_03331_,2.76µm
_03923_,2.76µm
_04410_,2.76µm
_04430_,2.76µm
_04567_,2.76µm
_04678_,2.76µm
_05837_,2.76µm
_05938_,2.76µm
_02078_,2.755µm
_03582_,2.755µm
_03759_,2.755µm
_06003_,2.755µm
_06011_,2.755µm
_02039_,2.73µm
_02909_,2.73µm
_02041_,2.715µm
_02153_,2.7µm
_02540_,2.7µm
_02586_,2.7µm
_05624_,2.7µm
_04288_,2.695µm
_01212_,2.66µm
_02441_,2.66µm
_02883_,2.66µm
_02913_,2.66µm
_03317_,2.66µm
_03362_,2.66µm
_03441_,2.66µm
_03564_,2.66µm
_04309_,2.66µm
_04620_,2.66µm
_05926_,2.66µm
net3110,2.66µm
net3215,2.66µm
net3221,2.66µm
net3230,2.66µm
_02079_,2.65µm
_02554_,2.65µm
_03490_,2.65µm
_03714_,2.65µm
_04149_,2.65µm
_04280_,2.65µm
_04594_,2.65µm
_05476_,2.65µm
_05699_,2.65µm
_05941_,2.65µm
_05943_,2.65µm
_02858_,2.635µm
_02534_,2.63µm
_02856_,2.61µm
_01239_,2.6µm
_03765_,2.595µm
_00907_,2.59µm
_02421_,2.59µm
_02623_,2.59µm
_03869_,2.59µm
_00060_,2.58µm
_01150_,2.58µm
_01168_,2.58µm
_01251_,2.58µm
_01256_,2.58µm
_01277_,2.58µm
_01298_,2.58µm
_03762_,2.545µm
_01238_,2.52µm
_01584_,2.52µm
_01635_,2.52µm
_01878_,2.52µm
_02054_,2.52µm
_02155_,2.52µm
_02160_,2.52µm
_02527_,2.52µm
_02659_,2.52µm
_02739_,2.52µm
_02847_,2.52µm
_03048_,2.52µm
_03086_,2.52µm
_03602_,2.52µm
_03784_,2.52µm
_03824_,2.52µm
_03895_,2.52µm
_03910_,2.52µm
_03957_,2.52µm
_04838_,2.52µm
_04939_,2.52µm
_05508_,2.52µm
_05731_,2.52µm
_05753_,2.52µm
_05816_,2.52µm
u_picorv32.pcpi_rs1\[25\],2.52µm
net3117,2.52µm
net3130,2.52µm
net3134,2.52µm
net3136,2.52µm
net3145,2.52µm
net3149,2.52µm
net3166,2.52µm
net3174,2.52µm
net3178,2.52µm
net3180,2.52µm
net3183,2.52µm
net3184,2.52µm
net3187,2.52µm
net3202,2.52µm
_00707_,2.48µm
_03833_,2.4µm
net3259,2.4µm
_04153_,2.38µm
_00406_,2.37µm
_00414_,2.37µm
_00483_,2.37µm
_00500_,2.37µm
_00508_,2.37µm
_00612_,2.37µm
_00645_,2.37µm
_00742_,2.37µm
_02728_,2.37µm
_01415_,2.34µm
_03443_,2.34µm
_03660_,2.34µm
_04853_,2.32µm
_01270_,2.29µm
_01986_,2.29µm
_00768_,2.28µm
_01449_,2.28µm
_01683_,2.28µm
_01811_,2.28µm
_02205_,2.28µm
_02275_,2.28µm
_02321_,2.28µm
_02391_,2.28µm
_02423_,2.28µm
_02733_,2.28µm
_02947_,2.28µm
_03346_,2.28µm
_03491_,2.28µm
_03635_,2.28µm
_03670_,2.28µm
_03871_,2.28µm
_03881_,2.28µm
_03938_,2.28µm
_04222_,2.28µm
_04277_,2.28µm
_04321_,2.28µm
_05378_,2.28µm
_05417_,2.28µm
_05880_,2.28µm
_01413_,2.275µm
_02463_,2.275µm
_04512_,2.275µm
_05374_,2.275µm
_05631_,2.275µm
_04210_,2.265µm
_00798_,2.22µm
_01383_,2.22µm
_01410_,2.22µm
_01426_,2.22µm
_05735_,2.22µm
_03594_,2.185µm
_03662_,2.185µm
_01875_,2.18µm
_02085_,2.18µm
_02791_,2.18µm
_03143_,2.18µm
_03683_,2.175µm
_00029_,2.17µm
_00064_,2.17µm
_00167_,2.17µm
_00184_,2.17µm
_00205_,2.17µm
_00689_,2.17µm
_00730_,2.17µm
_00789_,2.17µm
_00795_,2.17µm
_00838_,2.17µm
_00841_,2.17µm
_00857_,2.17µm
_00923_,2.17µm
_01008_,2.17µm
_01122_,2.17µm
_01178_,2.17µm
_01260_,2.17µm
_01341_,2.17µm
_01485_,2.17µm
_01853_,2.17µm
_02180_,2.17µm
_02360_,2.17µm
_03208_,2.17µm
_03804_,2.17µm
_04234_,2.17µm
_04608_,2.17µm
_04619_,2.17µm
_05366_,2.17µm
_05770_,2.17µm
net3165,2.17µm
_03114_,2.16µm
_02667_,2.13µm
_01179_,2.1µm
_01206_,2.1µm
_01285_,2.1µm
_01381_,2.1µm
_01389_,2.1µm
_01516_,2.1µm
net3122,2.1µm
_02458_,2.07µm
_04462_,2.07µm
_02598_,2.055µm
_00305_,2.01µm
_00419_,1.96µm
_01501_,1.96µm
_03788_,1.92µm
net3140,1.92µm
net3170,1.92µm
_04469_,1.9µm
_04749_,1.9µm
_00360_,1.89µm
_01095_,1.89µm
_02532_,1.87µm
_02644_,1.87µm
_01533_,1.86µm
_02225_,1.86µm
_02575_,1.86µm
_04670_,1.86µm
_00036_,1.8µm
_00070_,1.8µm
_00074_,1.8µm
_00077_,1.8µm
_00082_,1.8µm
_00091_,1.8µm
_00152_,1.8µm
_00159_,1.8µm
_00177_,1.8µm
_00186_,1.8µm
_00189_,1.8µm
_00190_,1.8µm
_00191_,1.8µm
_00214_,1.8µm
_00225_,1.8µm
_00243_,1.8µm
_00255_,1.8µm
_00258_,1.8µm
_00276_,1.8µm
_00277_,1.8µm
_00278_,1.8µm
_00282_,1.8µm
_00290_,1.8µm
_00299_,1.8µm
_00307_,1.8µm
_00311_,1.8µm
_00312_,1.8µm
_00317_,1.8µm
_00320_,1.8µm
_00385_,1.8µm
_00387_,1.8µm
_00389_,1.8µm
_00398_,1.8µm
_00417_,1.8µm
_00418_,1.8µm
_00420_,1.8µm
_00426_,1.8µm
_00433_,1.8µm
_00436_,1.8µm
_00439_,1.8µm
_00441_,1.8µm
_00448_,1.8µm
_00454_,1.8µm
_00458_,1.8µm
_00472_,1.8µm
_00484_,1.8µm
_00485_,1.8µm
_00495_,1.8µm
_00515_,1.8µm
_00537_,1.8µm
_00538_,1.8µm
_00542_,1.8µm
_00546_,1.8µm
_00550_,1.8µm
_00562_,1.8µm
_00567_,1.8µm
_00573_,1.8µm
_00576_,1.8µm
_00577_,1.8µm
_00580_,1.8µm
_00582_,1.8µm
_00586_,1.8µm
_00587_,1.8µm
_00591_,1.8µm
_00596_,1.8µm
_00597_,1.8µm
_00598_,1.8µm
_00601_,1.8µm
_00602_,1.8µm
_00603_,1.8µm
_00605_,1.8µm
_00620_,1.8µm
_00662_,1.8µm
_00687_,1.8µm
_00690_,1.8µm
_00693_,1.8µm
_00697_,1.8µm
_00699_,1.8µm
_00703_,1.8µm
_00708_,1.8µm
_00709_,1.8µm
_00713_,1.8µm
_00719_,1.8µm
_00721_,1.8µm
_00727_,1.8µm
_00731_,1.8µm
_00732_,1.8µm
_00769_,1.8µm
_00770_,1.8µm
_00779_,1.8µm
_00783_,1.8µm
_00785_,1.8µm
_00787_,1.8µm
_00800_,1.8µm
_00830_,1.8µm
_00832_,1.8µm
_00833_,1.8µm
_00837_,1.8µm
_00842_,1.8µm
_00846_,1.8µm
_00847_,1.8µm
_00853_,1.8µm
_00854_,1.8µm
_00855_,1.8µm
_00861_,1.8µm
_00869_,1.8µm
_00873_,1.8µm
_00878_,1.8µm
_00883_,1.8µm
_00884_,1.8µm
_00885_,1.8µm
_00889_,1.8µm
_00890_,1.8µm
_00893_,1.8µm
_00896_,1.8µm
_00898_,1.8µm
_00904_,1.8µm
_00906_,1.8µm
_00914_,1.8µm
_00922_,1.8µm
_00935_,1.8µm
_00943_,1.8µm
_00949_,1.8µm
_00960_,1.8µm
_00963_,1.8µm
_00983_,1.8µm
_00997_,1.8µm
_01014_,1.8µm
_01023_,1.8µm
_01024_,1.8µm
_01026_,1.8µm
_01027_,1.8µm
_01033_,1.8µm
_01043_,1.8µm
_01044_,1.8µm
_01045_,1.8µm
_01046_,1.8µm
_01054_,1.8µm
_01056_,1.8µm
_01104_,1.8µm
_01141_,1.8µm
_01154_,1.8µm
_01169_,1.8µm
_01210_,1.8µm
_01259_,1.8µm
_01263_,1.8µm
_01328_,1.8µm
_01329_,1.8µm
_01342_,1.8µm
_01345_,1.8µm
_01367_,1.8µm
_01373_,1.8µm
_01433_,1.8µm
_01444_,1.8µm
_01454_,1.8µm
_01483_,1.8µm
_01484_,1.8µm
_01529_,1.8µm
_01692_,1.8µm
_01789_,1.8µm
_02096_,1.8µm
_02297_,1.8µm
_02309_,1.8µm
_02493_,1.8µm
_02601_,1.8µm
_02668_,1.8µm
_02684_,1.8µm
_02689_,1.8µm
_02750_,1.8µm
_03160_,1.8µm
_03344_,1.8µm
_03645_,1.8µm
_03655_,1.8µm
_03663_,1.8µm
_03700_,1.8µm
_03790_,1.8µm
_03831_,1.8µm
_03986_,1.8µm
_04012_,1.8µm
_04015_,1.8µm
_04197_,1.8µm
_04203_,1.8µm
_04327_,1.8µm
_04342_,1.8µm
_04494_,1.8µm
_04547_,1.8µm
_04681_,1.8µm
_04756_,1.8µm
_04758_,1.8µm
_04891_,1.8µm
_04892_,1.8µm
_05353_,1.8µm
_05395_,1.8µm
_05401_,1.8µm
_05424_,1.8µm
_05535_,1.8µm
_05795_,1.8µm
_05821_,1.8µm
_05839_,1.8µm
_05851_,1.8µm
_05870_,1.8µm
_05963_,1.8µm
_05972_,1.8µm
_06002_,1.8µm
_06006_,1.8µm
_01577_,1.795µm
_02531_,1.795µm
_05677_,1.77µm
_01819_,1.74µm
_02123_,1.74µm
_01171_,1.7µm
_01288_,1.7µm
net3248,1.7µm
_01250_,1.62µm
_00023_,1.59µm
_00260_,1.59µm
_00314_,1.59µm
_00593_,1.59µm
_00872_,1.59µm
_00970_,1.59µm
_01097_,1.59µm
_03053_,1.59µm
_02307_,1.565µm
_03548_,1.565µm
_01137_,1.44µm
_02138_,1.44µm
net3189,1.44µm
net3212,1.44µm
_00096_,1.38µm
_00114_,1.38µm
_02006_,1.38µm
_02582_,1.38µm
_02986_,1.38µm
_03043_,1.38µm
_03277_,1.38µm
_03698_,1.38µm
_04055_,1.38µm
_04105_,1.38µm
_04143_,1.38µm
_04347_,1.38µm
_04408_,1.38µm
_05647_,1.38µm
_05949_,1.38µm
_05952_,1.38µm
_05958_,1.38µm
_05964_,1.38µm
_05970_,1.38µm
_03723_,1.145µm
_02129_,1.1µm
_01174_,0.96µm
_01180_,0.96µm
_01223_,0.96µm
_01231_,0.96µm
_01273_,0.96µm
_01278_,0.96µm
_01281_,0.96µm
_01315_,0.96µm
_01446_,0.96µm
_01452_,0.96µm
_01460_,0.96µm
_01462_,0.96µm
_01465_,0.96µm
_02311_,0.96µm
_02516_,0.96µm
_02805_,0.96µm
_02820_,0.96µm
_03067_,0.96µm
_03124_,0.96µm
_03158_,0.96µm
_03170_,0.96µm
_03708_,0.96µm
_03756_,0.96µm
_03777_,0.96µm
_04291_,0.96µm
_04910_,0.96µm
net3120,0.96µm
net3126,0.96µm
net3161,0.96µm
net3168,0.96µm
net3176,0.96µm
net3181,0.96µm
net3198,0.96µm
net3237,0.96µm
net3250,0.96µm
net3252,0.96µm
