
===========================================================================
report_checks -path_delay min (Hold)
============================================================================
======================= nom_typ_1p20V_25C Corner ===================================

Startpoint: gpio_in[25] (input port clocked by clk_i)
Endpoint: _1027_ (rising edge-triggered flip-flop clocked by clk_i)
Path Group: clk_i
Path Type: min

Fanout         Cap        Slew       Delay        Time   Description
---------------------------------------------------------------------------------------------
                                  0.000000    0.000000   clock clk_i (rise edge)
                                  0.000000    0.000000   clock network delay (propagated)
                                  0.000000    0.000000 v input external delay
     1    0.008169    0.020756    0.005876    0.005876 v gpio_in[25] (in)
                                                         gpio_in[25] (net)
                      0.020756    0.000000    0.005876 v _0699_/B2 (sg13g2_a22oi_1)
     1    0.003894    0.056328    0.057715    0.063590 ^ _0699_/Y (sg13g2_a22oi_1)
                                                         _0223_ (net)
                      0.056328    0.000048    0.063639 ^ _0701_/A2 (sg13g2_a21oi_1)
     1    0.001987    0.015630    0.062002    0.125640 v _0701_/Y (sg13g2_a21oi_1)
                                                         _0026_ (net)
                      0.015630    0.000015    0.125656 v _1027_/D (sg13g2_dfrbpq_1)
                                              0.125656   data arrival time

                                  0.000000    0.000000   clock clk_i (rise edge)
                                  0.000000    0.000000   clock source latency
   101    0.462132    0.000000    0.000000    0.000000 ^ clk_i (in)
                                                         clk_i (net)
                      0.048738    0.024369    0.024369 ^ _1027_/CLK (sg13g2_dfrbpq_1)
                                  0.100000    0.124369   clock uncertainty
                                  0.000000    0.124369   clock reconvergence pessimism
                                 -0.027001    0.097369   library hold time
                                              0.097369   data required time
---------------------------------------------------------------------------------------------
                                              0.097369   data required time
                                             -0.125656   data arrival time
---------------------------------------------------------------------------------------------
                                              0.028287   slack (MET)


Startpoint: gpio_in[6] (input port clocked by clk_i)
Endpoint: _1008_ (rising edge-triggered flip-flop clocked by clk_i)
Path Group: clk_i
Path Type: min

Fanout         Cap        Slew       Delay        Time   Description
---------------------------------------------------------------------------------------------
                                  0.000000    0.000000   clock clk_i (rise edge)
                                  0.000000    0.000000   clock network delay (propagated)
                                  0.000000    0.000000 v input external delay
     1    0.006903    0.019902    0.004936    0.004936 v gpio_in[6] (in)
                                                         gpio_in[6] (net)
                      0.019902    0.000000    0.004936 v _0623_/B2 (sg13g2_a22oi_1)
     1    0.004095    0.057688    0.058618    0.063554 ^ _0623_/Y (sg13g2_a22oi_1)
                                                         _0166_ (net)
                      0.057688    0.000056    0.063610 ^ _0625_/A2 (sg13g2_a21oi_1)
     1    0.001759    0.015135    0.061504    0.125114 v _0625_/Y (sg13g2_a21oi_1)
                                                         _0007_ (net)
                      0.015135    0.000011    0.125125 v _1008_/D (sg13g2_dfrbpq_1)
                                              0.125125   data arrival time

                                  0.000000    0.000000   clock clk_i (rise edge)
                                  0.000000    0.000000   clock source latency
   101    0.462132    0.000000    0.000000    0.000000 ^ clk_i (in)
                                                         clk_i (net)
                      0.045833    0.022916    0.022916 ^ _1008_/CLK (sg13g2_dfrbpq_1)
                                  0.100000    0.122916   clock uncertainty
                                  0.000000    0.122916   clock reconvergence pessimism
                                 -0.027450    0.095467   library hold time
                                              0.095467   data required time
---------------------------------------------------------------------------------------------
                                              0.095467   data required time
                                             -0.125125   data arrival time
---------------------------------------------------------------------------------------------
                                              0.029658   slack (MET)


Startpoint: gpio_in[1] (input port clocked by clk_i)
Endpoint: _1003_ (rising edge-triggered flip-flop clocked by clk_i)
Path Group: clk_i
Path Type: min

Fanout         Cap        Slew       Delay        Time   Description
---------------------------------------------------------------------------------------------
                                  0.000000    0.000000   clock clk_i (rise edge)
                                  0.000000    0.000000   clock network delay (propagated)
                                  0.000000    0.000000 v input external delay
     1    0.005264    0.018782    0.003729    0.003729 v gpio_in[1] (in)
                                                         gpio_in[1] (net)
                      0.018783    0.000000    0.003729 v _0603_/B2 (sg13g2_a22oi_1)
     1    0.003208    0.050822    0.052998    0.056727 ^ _0603_/Y (sg13g2_a22oi_1)
                                                         _0151_ (net)
                      0.050822    0.000025    0.056753 ^ _0605_/A2 (sg13g2_a21oi_1)
     1    0.002380    0.016190    0.061661    0.118414 v _0605_/Y (sg13g2_a21oi_1)
                                                         _0002_ (net)
                      0.016190    0.000023    0.118437 v _1003_/D (sg13g2_dfrbpq_1)
                                              0.118437   data arrival time

                                  0.000000    0.000000   clock clk_i (rise edge)
                                  0.000000    0.000000   clock source latency
   101    0.462132    0.000000    0.000000    0.000000 ^ clk_i (in)
                                                         clk_i (net)
                      0.036600    0.018300    0.018300 ^ _1003_/CLK (sg13g2_dfrbpq_1)
                                  0.100000    0.118300   clock uncertainty
                                  0.000000    0.118300   clock reconvergence pessimism
                                 -0.029712    0.088588   library hold time
                                              0.088588   data required time
---------------------------------------------------------------------------------------------
                                              0.088588   data required time
                                             -0.118437   data arrival time
---------------------------------------------------------------------------------------------
                                              0.029849   slack (MET)


Startpoint: gpio_in[12] (input port clocked by clk_i)
Endpoint: _1014_ (rising edge-triggered flip-flop clocked by clk_i)
Path Group: clk_i
Path Type: min

Fanout         Cap        Slew       Delay        Time   Description
---------------------------------------------------------------------------------------------
                                  0.000000    0.000000   clock clk_i (rise edge)
                                  0.000000    0.000000   clock network delay (propagated)
                                  0.000000    0.000000 v input external delay
     1    0.007406    0.020242    0.005318    0.005318 v gpio_in[12] (in)
                                                         gpio_in[12] (net)
                      0.020243    0.000000    0.005318 v _0647_/B2 (sg13g2_a22oi_1)
     1    0.003488    0.053188    0.055138    0.060456 ^ _0647_/Y (sg13g2_a22oi_1)
                                                         _0184_ (net)
                      0.053188    0.000035    0.060491 ^ _0649_/A2 (sg13g2_a21oi_1)
     1    0.001760    0.014993    0.059832    0.120323 v _0649_/Y (sg13g2_a21oi_1)
                                                         _0013_ (net)
                      0.014993    0.000011    0.120334 v _1014_/D (sg13g2_dfrbpq_1)
                                              0.120334   data arrival time

                                  0.000000    0.000000   clock clk_i (rise edge)
                                  0.000000    0.000000   clock source latency
   101    0.462132    0.000000    0.000000    0.000000 ^ clk_i (in)
                                                         clk_i (net)
                      0.036856    0.018428    0.018428 ^ _1014_/CLK (sg13g2_dfrbpq_1)
                                  0.100000    0.118428   clock uncertainty
                                  0.000000    0.118428   clock reconvergence pessimism
                                 -0.029279    0.089149   library hold time
                                              0.089149   data required time
---------------------------------------------------------------------------------------------
                                              0.089149   data required time
                                             -0.120334   data arrival time
---------------------------------------------------------------------------------------------
                                              0.031184   slack (MET)


Startpoint: gpio_in[7] (input port clocked by clk_i)
Endpoint: _1009_ (rising edge-triggered flip-flop clocked by clk_i)
Path Group: clk_i
Path Type: min

Fanout         Cap        Slew       Delay        Time   Description
---------------------------------------------------------------------------------------------
                                  0.000000    0.000000   clock clk_i (rise edge)
                                  0.000000    0.000000   clock network delay (propagated)
                                  0.000000    0.000000 v input external delay
     1    0.005655    0.019051    0.004014    0.004014 v gpio_in[7] (in)
                                                         gpio_in[7] (net)
                      0.019051    0.000000    0.004014 v _0626_/A1 (sg13g2_a21oi_1)
     1    0.003693    0.048225    0.062893    0.066907 ^ _0626_/Y (sg13g2_a21oi_1)
                                                         _0168_ (net)
                      0.048225    0.000039    0.066946 ^ _0629_/A1 (sg13g2_a21oi_1)
     1    0.001700    0.014785    0.053670    0.120616 v _0629_/Y (sg13g2_a21oi_1)
                                                         _0008_ (net)
                      0.014785    0.000010    0.120626 v _1009_/D (sg13g2_dfrbpq_1)
                                              0.120626   data arrival time

                                  0.000000    0.000000   clock clk_i (rise edge)
                                  0.000000    0.000000   clock source latency
   101    0.462132    0.000000    0.000000    0.000000 ^ clk_i (in)
                                                         clk_i (net)
                      0.036939    0.018470    0.018470 ^ _1009_/CLK (sg13g2_dfrbpq_1)
                                  0.100000    0.118470   clock uncertainty
                                  0.000000    0.118470   clock reconvergence pessimism
                                 -0.029195    0.089274   library hold time
                                              0.089274   data required time
---------------------------------------------------------------------------------------------
                                              0.089274   data required time
                                             -0.120626   data arrival time
---------------------------------------------------------------------------------------------
                                              0.031352   slack (MET)


Startpoint: gpio_in[15] (input port clocked by clk_i)
Endpoint: _1017_ (rising edge-triggered flip-flop clocked by clk_i)
Path Group: clk_i
Path Type: min

Fanout         Cap        Slew       Delay        Time   Description
---------------------------------------------------------------------------------------------
                                  0.000000    0.000000   clock clk_i (rise edge)
                                  0.000000    0.000000   clock network delay (propagated)
                                  0.000000    0.000000 v input external delay
     1    0.010085    0.022036    0.007331    0.007331 v gpio_in[15] (in)
                                                         gpio_in[15] (net)
                      0.022037    0.000000    0.007331 v _0659_/B2 (sg13g2_a22oi_1)
     1    0.004266    0.059342    0.060351    0.067682 ^ _0659_/Y (sg13g2_a22oi_1)
                                                         _0193_ (net)
                      0.059342    0.000062    0.067744 ^ _0661_/A2 (sg13g2_a21oi_1)
     1    0.001726    0.015071    0.061978    0.129722 v _0661_/Y (sg13g2_a21oi_1)
                                                         _0016_ (net)
                      0.015071    0.000011    0.129732 v _1017_/D (sg13g2_dfrbpq_1)
                                              0.129732   data arrival time

                                  0.000000    0.000000   clock clk_i (rise edge)
                                  0.000000    0.000000   clock source latency
   101    0.462132    0.000000    0.000000    0.000000 ^ clk_i (in)
                                                         clk_i (net)
                      0.047851    0.023925    0.023925 ^ _1017_/CLK (sg13g2_dfrbpq_1)
                                  0.100000    0.123925   clock uncertainty
                                  0.000000    0.123925   clock reconvergence pessimism
                                 -0.027008    0.096917   library hold time
                                              0.096917   data required time
---------------------------------------------------------------------------------------------
                                              0.096917   data required time
                                             -0.129732   data arrival time
---------------------------------------------------------------------------------------------
                                              0.032815   slack (MET)


Startpoint: s_axil_bready (input port clocked by clk_i)
Endpoint: _1101_ (rising edge-triggered flip-flop clocked by clk_i)
Path Group: clk_i
Path Type: min

Fanout         Cap        Slew       Delay        Time   Description
---------------------------------------------------------------------------------------------
                                  0.000000    0.000000   clock clk_i (rise edge)
                                  0.000000    0.000000   clock network delay (propagated)
                                  0.000000    0.000000 v input external delay
     1    0.005264    0.018783    0.003728    0.003728 v s_axil_bready (in)
                                                         s_axil_bready (net)
                      0.018783    0.000000    0.003728 v _0733_/B (sg13g2_nand2_1)
     2    0.005642    0.034954    0.039742    0.043470 ^ _0733_/Y (sg13g2_nand2_1)
                                                         _0248_ (net)
                      0.034954    0.000047    0.043517 ^ _1000_/C (sg13g2_nand3_1)
     1    0.001580    0.039183    0.066082    0.109599 v _1000_/Y (sg13g2_nand3_1)
                                                         _0100_ (net)
                      0.039183    0.000008    0.109607 v _1101_/D (sg13g2_dfrbpq_1)
                                              0.109607   data arrival time

                                  0.000000    0.000000   clock clk_i (rise edge)
                                  0.000000    0.000000   clock source latency
   101    0.462132    0.000000    0.000000    0.000000 ^ clk_i (in)
                                                         clk_i (net)
                      0.026403    0.013201    0.013201 ^ _1101_/CLK (sg13g2_dfrbpq_1)
                                  0.100000    0.113201   clock uncertainty
                                  0.000000    0.113201   clock reconvergence pessimism
                                 -0.039130    0.074072   library hold time
                                              0.074072   data required time
---------------------------------------------------------------------------------------------
                                              0.074072   data required time
                                             -0.109607   data arrival time
---------------------------------------------------------------------------------------------
                                              0.035535   slack (MET)


Startpoint: gpio_in[30] (input port clocked by clk_i)
Endpoint: _1032_ (rising edge-triggered flip-flop clocked by clk_i)
Path Group: clk_i
Path Type: min

Fanout         Cap        Slew       Delay        Time   Description
---------------------------------------------------------------------------------------------
                                  0.000000    0.000000   clock clk_i (rise edge)
                                  0.000000    0.000000   clock network delay (propagated)
                                  0.000000    0.000000 v input external delay
     1    0.008233    0.020798    0.005923    0.005923 v gpio_in[30] (in)
                                                         gpio_in[30] (net)
                      0.020799    0.000000    0.005923 v _0719_/B2 (sg13g2_a22oi_1)
     1    0.004999    0.064641    0.064280    0.070203 ^ _0719_/Y (sg13g2_a22oi_1)
                                                         _0238_ (net)
                      0.064641    0.000089    0.070292 ^ _0721_/A2 (sg13g2_a21oi_1)
     1    0.001696    0.015019    0.063819    0.134111 v _0721_/Y (sg13g2_a21oi_1)
                                                         _0031_ (net)
                      0.015019    0.000010    0.134121 v _1032_/D (sg13g2_dfrbpq_1)
                                              0.134121   data arrival time

                                  0.000000    0.000000   clock clk_i (rise edge)
                                  0.000000    0.000000   clock source latency
   101    0.462132    0.000000    0.000000    0.000000 ^ clk_i (in)
                                                         clk_i (net)
                      0.049286    0.024643    0.024643 ^ _1032_/CLK (sg13g2_dfrbpq_1)
                                  0.100000    0.124643   clock uncertainty
                                  0.000000    0.124643   clock reconvergence pessimism
                                 -0.026692    0.097951   library hold time
                                              0.097951   data required time
---------------------------------------------------------------------------------------------
                                              0.097951   data required time
                                             -0.134121   data arrival time
---------------------------------------------------------------------------------------------
                                              0.036170   slack (MET)


Startpoint: gpio_in[3] (input port clocked by clk_i)
Endpoint: _1005_ (rising edge-triggered flip-flop clocked by clk_i)
Path Group: clk_i
Path Type: min

Fanout         Cap        Slew       Delay        Time   Description
---------------------------------------------------------------------------------------------
                                  0.000000    0.000000   clock clk_i (rise edge)
                                  0.000000    0.000000   clock network delay (propagated)
                                  0.000000    0.000000 v input external delay
     1    0.005842    0.019179    0.004153    0.004153 v gpio_in[3] (in)
                                                         gpio_in[3] (net)
                      0.019180    0.000000    0.004153 v _0611_/B2 (sg13g2_a22oi_1)
     1    0.004559    0.061059    0.061123    0.065276 ^ _0611_/Y (sg13g2_a22oi_1)
                                                         _0157_ (net)
                      0.061059    0.000077    0.065353 ^ _0613_/A2 (sg13g2_a21oi_1)
     1    0.002029    0.015611    0.063957    0.129310 v _0613_/Y (sg13g2_a21oi_1)
                                                         _0004_ (net)
                      0.015611    0.000016    0.129326 v _1005_/D (sg13g2_dfrbpq_1)
                                              0.129326   data arrival time

                                  0.000000    0.000000   clock clk_i (rise edge)
                                  0.000000    0.000000   clock source latency
   101    0.462132    0.000000    0.000000    0.000000 ^ clk_i (in)
                                                         clk_i (net)
                      0.036750    0.018375    0.018375 ^ _1005_/CLK (sg13g2_dfrbpq_1)
                                  0.100000    0.118375   clock uncertainty
                                  0.000000    0.118375   clock reconvergence pessimism
                                 -0.029497    0.088878   library hold time
                                              0.088878   data required time
---------------------------------------------------------------------------------------------
                                              0.088878   data required time
                                             -0.129326   data arrival time
---------------------------------------------------------------------------------------------
                                              0.040448   slack (MET)


Startpoint: gpio_in[13] (input port clocked by clk_i)
Endpoint: _1015_ (rising edge-triggered flip-flop clocked by clk_i)
Path Group: clk_i
Path Type: min

Fanout         Cap        Slew       Delay        Time   Description
---------------------------------------------------------------------------------------------
                                  0.000000    0.000000   clock clk_i (rise edge)
                                  0.000000    0.000000   clock network delay (propagated)
                                  0.000000    0.000000 v input external delay
     1    0.005920    0.019233    0.004210    0.004210 v gpio_in[13] (in)
                                                         gpio_in[13] (net)
                      0.019233    0.000000    0.004210 v _0650_/A1 (sg13g2_a21oi_1)
     1    0.005431    0.061526    0.073159    0.077370 ^ _0650_/Y (sg13g2_a21oi_1)
                                                         _0186_ (net)
                      0.061526    0.000110    0.077480 ^ _0653_/A1 (sg13g2_a21oi_1)
     1    0.001783    0.015047    0.059088    0.136567 v _0653_/Y (sg13g2_a21oi_1)
                                                         _0014_ (net)
                      0.015047    0.000012    0.136579 v _1015_/D (sg13g2_dfrbpq_1)
                                              0.136579   data arrival time

                                  0.000000    0.000000   clock clk_i (rise edge)
                                  0.000000    0.000000   clock source latency
   101    0.462132    0.000000    0.000000    0.000000 ^ clk_i (in)
                                                         clk_i (net)
                      0.045845    0.022922    0.022922 ^ _1015_/CLK (sg13g2_dfrbpq_1)
                                  0.100000    0.122922   clock uncertainty
                                  0.000000    0.122922   clock reconvergence pessimism
                                 -0.027419    0.095503   library hold time
                                              0.095503   data required time
---------------------------------------------------------------------------------------------
                                              0.095503   data required time
                                             -0.136579   data arrival time
---------------------------------------------------------------------------------------------
                                              0.041076   slack (MET)


Startpoint: gpio_in[0] (input port clocked by clk_i)
Endpoint: _1002_ (rising edge-triggered flip-flop clocked by clk_i)
Path Group: clk_i
Path Type: min

Fanout         Cap        Slew       Delay        Time   Description
---------------------------------------------------------------------------------------------
                                  0.000000    0.000000   clock clk_i (rise edge)
                                  0.000000    0.000000   clock network delay (propagated)
                                  0.000000    0.000000 v input external delay
     1    0.005854    0.019188    0.004162    0.004162 v gpio_in[0] (in)
                                                         gpio_in[0] (net)
                      0.019188    0.000000    0.004162 v _0598_/A1 (sg13g2_a21oi_1)
     1    0.004226    0.052253    0.066068    0.070230 ^ _0598_/Y (sg13g2_a21oi_1)
                                                         _0147_ (net)
                      0.052254    0.000061    0.070292 ^ _0601_/A1 (sg13g2_a21oi_1)
     1    0.002745    0.017351    0.059874    0.130165 v _0601_/Y (sg13g2_a21oi_1)
                                                         _0001_ (net)
                      0.017351    0.000032    0.130197 v _1002_/D (sg13g2_dfrbpq_1)
                                              0.130197   data arrival time

                                  0.000000    0.000000   clock clk_i (rise edge)
                                  0.000000    0.000000   clock source latency
   101    0.462132    0.000000    0.000000    0.000000 ^ clk_i (in)
                                                         clk_i (net)
                      0.036508    0.018254    0.018254 ^ _1002_/CLK (sg13g2_dfrbpq_1)
                                  0.100000    0.118254   clock uncertainty
                                  0.000000    0.118254   clock reconvergence pessimism
                                 -0.030099    0.088155   library hold time
                                              0.088155   data required time
---------------------------------------------------------------------------------------------
                                              0.088155   data required time
                                             -0.130197   data arrival time
---------------------------------------------------------------------------------------------
                                              0.042042   slack (MET)


Startpoint: gpio_in[18] (input port clocked by clk_i)
Endpoint: _1020_ (rising edge-triggered flip-flop clocked by clk_i)
Path Group: clk_i
Path Type: min

Fanout         Cap        Slew       Delay        Time   Description
---------------------------------------------------------------------------------------------
                                  0.000000    0.000000   clock clk_i (rise edge)
                                  0.000000    0.000000   clock network delay (propagated)
                                  0.000000    0.000000 v input external delay
     1    0.010446    0.022276    0.007605    0.007605 v gpio_in[18] (in)
                                                         gpio_in[18] (net)
                      0.022277    0.000000    0.007605 v _0671_/B2 (sg13g2_a22oi_1)
     1    0.005554    0.069059    0.068074    0.075679 ^ _0671_/Y (sg13g2_a22oi_1)
                                                         _0202_ (net)
                      0.069059    0.000118    0.075797 ^ _0673_/A2 (sg13g2_a21oi_1)
     1    0.001709    0.014952    0.065522    0.141319 v _0673_/Y (sg13g2_a21oi_1)
                                                         _0019_ (net)
                      0.014952    0.000010    0.141329 v _1020_/D (sg13g2_dfrbpq_1)
                                              0.141329   data arrival time

                                  0.000000    0.000000   clock clk_i (rise edge)
                                  0.000000    0.000000   clock source latency
   101    0.462132    0.000000    0.000000    0.000000 ^ clk_i (in)
                                                         clk_i (net)
                      0.048459    0.024230    0.024230 ^ _1020_/CLK (sg13g2_dfrbpq_1)
                                  0.100000    0.124230   clock uncertainty
                                  0.000000    0.124230   clock reconvergence pessimism
                                 -0.026843    0.097386   library hold time
                                              0.097386   data required time
---------------------------------------------------------------------------------------------
                                              0.097386   data required time
                                             -0.141329   data arrival time
---------------------------------------------------------------------------------------------
                                              0.043943   slack (MET)


Startpoint: gpio_in[2] (input port clocked by clk_i)
Endpoint: _1004_ (rising edge-triggered flip-flop clocked by clk_i)
Path Group: clk_i
Path Type: min

Fanout         Cap        Slew       Delay        Time   Description
---------------------------------------------------------------------------------------------
                                  0.000000    0.000000   clock clk_i (rise edge)
                                  0.000000    0.000000   clock network delay (propagated)
                                  0.000000    0.000000 v input external delay
     1    0.005789    0.019143    0.004115    0.004115 v gpio_in[2] (in)
                                                         gpio_in[2] (net)
                      0.019143    0.000000    0.004115 v _0607_/B2 (sg13g2_a22oi_1)
     1    0.004679    0.061954    0.061819    0.065933 ^ _0607_/Y (sg13g2_a22oi_1)
                                                         _0154_ (net)
                      0.061954    0.000082    0.066015 ^ _0609_/A2 (sg13g2_a21oi_1)
     1    0.002639    0.017047    0.066992    0.133007 v _0609_/Y (sg13g2_a21oi_1)
                                                         _0003_ (net)
                      0.017047    0.000029    0.133037 v _1004_/D (sg13g2_dfrbpq_1)
                                              0.133037   data arrival time

                                  0.000000    0.000000   clock clk_i (rise edge)
                                  0.000000    0.000000   clock source latency
   101    0.462132    0.000000    0.000000    0.000000 ^ clk_i (in)
                                                         clk_i (net)
                      0.036422    0.018211    0.018211 ^ _1004_/CLK (sg13g2_dfrbpq_1)
                                  0.100000    0.118211   clock uncertainty
                                  0.000000    0.118211   clock reconvergence pessimism
                                 -0.030021    0.088190   library hold time
                                              0.088190   data required time
---------------------------------------------------------------------------------------------
                                              0.088190   data required time
                                             -0.133037   data arrival time
---------------------------------------------------------------------------------------------
                                              0.044847   slack (MET)


Startpoint: gpio_in[8] (input port clocked by clk_i)
Endpoint: _1010_ (rising edge-triggered flip-flop clocked by clk_i)
Path Group: clk_i
Path Type: min

Fanout         Cap        Slew       Delay        Time   Description
---------------------------------------------------------------------------------------------
                                  0.000000    0.000000   clock clk_i (rise edge)
                                  0.000000    0.000000   clock network delay (propagated)
                                  0.000000    0.000000 v input external delay
     1    0.007311    0.020178    0.005236    0.005236 v gpio_in[8] (in)
                                                         gpio_in[8] (net)
                      0.020178    0.000000    0.005236 v _0631_/B2 (sg13g2_a22oi_1)
     1    0.006019    0.072279    0.070101    0.075338 ^ _0631_/Y (sg13g2_a22oi_1)
                                                         _0172_ (net)
                      0.072279    0.000152    0.075490 ^ _0633_/A2 (sg13g2_a21oi_1)
     1    0.001873    0.015283    0.067457    0.142947 v _0633_/Y (sg13g2_a21oi_1)
                                                         _0009_ (net)
                      0.015283    0.000013    0.142960 v _1010_/D (sg13g2_dfrbpq_1)
                                              0.142960   data arrival time

                                  0.000000    0.000000   clock clk_i (rise edge)
                                  0.000000    0.000000   clock source latency
   101    0.462132    0.000000    0.000000    0.000000 ^ clk_i (in)
                                                         clk_i (net)
                      0.045626    0.022813    0.022813 ^ _1010_/CLK (sg13g2_dfrbpq_1)
                                  0.100000    0.122813   clock uncertainty
                                  0.000000    0.122813   clock reconvergence pessimism
                                 -0.027540    0.095273   library hold time
                                              0.095273   data required time
---------------------------------------------------------------------------------------------
                                              0.095273   data required time
                                             -0.142960   data arrival time
---------------------------------------------------------------------------------------------
                                              0.047687   slack (MET)


Startpoint: gpio_in[24] (input port clocked by clk_i)
Endpoint: _1026_ (rising edge-triggered flip-flop clocked by clk_i)
Path Group: clk_i
Path Type: min

Fanout         Cap        Slew       Delay        Time   Description
---------------------------------------------------------------------------------------------
                                  0.000000    0.000000   clock clk_i (rise edge)
                                  0.000000    0.000000   clock network delay (propagated)
                                  0.000000    0.000000 v input external delay
     1    0.009493    0.021642    0.006878    0.006878 v gpio_in[24] (in)
                                                         gpio_in[24] (net)
                      0.021643    0.000000    0.006878 v _0695_/B2 (sg13g2_a22oi_1)
     1    0.006376    0.075223    0.072729    0.079606 ^ _0695_/Y (sg13g2_a22oi_1)
                                                         _0220_ (net)
                      0.075223    0.000160    0.079766 ^ _0697_/A2 (sg13g2_a21oi_1)
     1    0.001660    0.014842    0.067598    0.147364 v _0697_/Y (sg13g2_a21oi_1)
                                                         _0025_ (net)
                      0.014842    0.000009    0.147374 v _1026_/D (sg13g2_dfrbpq_1)
                                              0.147374   data arrival time

                                  0.000000    0.000000   clock clk_i (rise edge)
                                  0.000000    0.000000   clock source latency
   101    0.462132    0.000000    0.000000    0.000000 ^ clk_i (in)
                                                         clk_i (net)
                      0.048836    0.024418    0.024418 ^ _1026_/CLK (sg13g2_dfrbpq_1)
                                  0.100000    0.124418   clock uncertainty
                                  0.000000    0.124418   clock reconvergence pessimism
                                 -0.026730    0.097688   library hold time
                                              0.097688   data required time
---------------------------------------------------------------------------------------------
                                              0.097688   data required time
                                             -0.147374   data arrival time
---------------------------------------------------------------------------------------------
                                              0.049685   slack (MET)


Startpoint: gpio_in[28] (input port clocked by clk_i)
Endpoint: _1030_ (rising edge-triggered flip-flop clocked by clk_i)
Path Group: clk_i
Path Type: min

Fanout         Cap        Slew       Delay        Time   Description
---------------------------------------------------------------------------------------------
                                  0.000000    0.000000   clock clk_i (rise edge)
                                  0.000000    0.000000   clock network delay (propagated)
                                  0.000000    0.000000 v input external delay
     1    0.005714    0.019092    0.004058    0.004058 v gpio_in[28] (in)
                                                         gpio_in[28] (net)
                      0.019092    0.000000    0.004058 v _0710_/A1 (sg13g2_a21oi_1)
     1    0.006875    0.072815    0.081577    0.085634 ^ _0710_/Y (sg13g2_a21oi_1)
                                                         _0231_ (net)
                      0.072840    0.000185    0.085820 ^ _0713_/A1 (sg13g2_a21oi_1)
     1    0.001663    0.014648    0.062824    0.148643 v _0713_/Y (sg13g2_a21oi_1)
                                                         _0029_ (net)
                      0.014648    0.000009    0.148653 v _1030_/D (sg13g2_dfrbpq_1)
                                              0.148653   data arrival time

                                  0.000000    0.000000   clock clk_i (rise edge)
                                  0.000000    0.000000   clock source latency
   101    0.462132    0.000000    0.000000    0.000000 ^ clk_i (in)
                                                         clk_i (net)
                      0.049123    0.024562    0.024562 ^ _1030_/CLK (sg13g2_dfrbpq_1)
                                  0.100000    0.124562   clock uncertainty
                                  0.000000    0.124562   clock reconvergence pessimism
                                 -0.026608    0.097954   library hold time
                                              0.097954   data required time
---------------------------------------------------------------------------------------------
                                              0.097954   data required time
                                             -0.148653   data arrival time
---------------------------------------------------------------------------------------------
                                              0.050699   slack (MET)


Startpoint: gpio_in[26] (input port clocked by clk_i)
Endpoint: _1028_ (rising edge-triggered flip-flop clocked by clk_i)
Path Group: clk_i
Path Type: min

Fanout         Cap        Slew       Delay        Time   Description
---------------------------------------------------------------------------------------------
                                  0.000000    0.000000   clock clk_i (rise edge)
                                  0.000000    0.000000   clock network delay (propagated)
                                  0.000000    0.000000 v input external delay
     1    0.008153    0.020745    0.005864    0.005864 v gpio_in[26] (in)
                                                         gpio_in[26] (net)
                      0.020745    0.000000    0.005864 v _0703_/B2 (sg13g2_a22oi_1)
     1    0.007170    0.081281    0.077113    0.082977 ^ _0703_/Y (sg13g2_a22oi_1)
                                                         _0226_ (net)
                      0.081281    0.000206    0.083183 ^ _0705_/A2 (sg13g2_a21oi_1)
     1    0.001655    0.014902    0.069831    0.153013 v _0705_/Y (sg13g2_a21oi_1)
                                                         _0027_ (net)
                      0.014902    0.000009    0.153023 v _1028_/D (sg13g2_dfrbpq_1)
                                              0.153023   data arrival time

                                  0.000000    0.000000   clock clk_i (rise edge)
                                  0.000000    0.000000   clock source latency
   101    0.462132    0.000000    0.000000    0.000000 ^ clk_i (in)
                                                         clk_i (net)
                      0.049396    0.024698    0.024698 ^ _1028_/CLK (sg13g2_dfrbpq_1)
                                  0.100000    0.124698   clock uncertainty
                                  0.000000    0.124698   clock reconvergence pessimism
                                 -0.026632    0.098066   library hold time
                                              0.098066   data required time
---------------------------------------------------------------------------------------------
                                              0.098066   data required time
                                             -0.153023   data arrival time
---------------------------------------------------------------------------------------------
                                              0.054957   slack (MET)


Startpoint: gpio_in[31] (input port clocked by clk_i)
Endpoint: _1033_ (rising edge-triggered flip-flop clocked by clk_i)
Path Group: clk_i
Path Type: min

Fanout         Cap        Slew       Delay        Time   Description
---------------------------------------------------------------------------------------------
                                  0.000000    0.000000   clock clk_i (rise edge)
                                  0.000000    0.000000   clock network delay (propagated)
                                  0.000000    0.000000 v input external delay
     1    0.008218    0.020788    0.005912    0.005912 v gpio_in[31] (in)
                                                         gpio_in[31] (net)
                      0.020789    0.000000    0.005912 v _0723_/B2 (sg13g2_a22oi_1)
     1    0.007308    0.082359    0.077945    0.083857 ^ _0723_/Y (sg13g2_a22oi_1)
                                                         _0241_ (net)
                      0.082360    0.000211    0.084068 ^ _0725_/A2 (sg13g2_a21oi_1)
     1    0.001728    0.015115    0.070564    0.154632 v _0725_/Y (sg13g2_a21oi_1)
                                                         _0032_ (net)
                      0.015115    0.000010    0.154642 v _1033_/D (sg13g2_dfrbpq_1)
                                              0.154642   data arrival time

                                  0.000000    0.000000   clock clk_i (rise edge)
                                  0.000000    0.000000   clock source latency
   101    0.462132    0.000000    0.000000    0.000000 ^ clk_i (in)
                                                         clk_i (net)
                      0.051519    0.025760    0.025760 ^ _1033_/CLK (sg13g2_dfrbpq_1)
                                  0.100000    0.125760   clock uncertainty
                                  0.000000    0.125760   clock reconvergence pessimism
                                 -0.026256    0.099504   library hold time
                                              0.099504   data required time
---------------------------------------------------------------------------------------------
                                              0.099504   data required time
                                             -0.154642   data arrival time
---------------------------------------------------------------------------------------------
                                              0.055139   slack (MET)


Startpoint: gpio_in[22] (input port clocked by clk_i)
Endpoint: _1024_ (rising edge-triggered flip-flop clocked by clk_i)
Path Group: clk_i
Path Type: min

Fanout         Cap        Slew       Delay        Time   Description
---------------------------------------------------------------------------------------------
                                  0.000000    0.000000   clock clk_i (rise edge)
                                  0.000000    0.000000   clock network delay (propagated)
                                  0.000000    0.000000 v input external delay
     1    0.006858    0.019871    0.004907    0.004907 v gpio_in[22] (in)
                                                         gpio_in[22] (net)
                      0.019872    0.000000    0.004907 v _0686_/A1 (sg13g2_a21oi_1)
     1    0.007372    0.076823    0.084766    0.089672 ^ _0686_/Y (sg13g2_a21oi_1)
                                                         _0213_ (net)
                      0.076824    0.000217    0.089889 ^ _0689_/A1 (sg13g2_a21oi_1)
     1    0.001670    0.014826    0.064364    0.154253 v _0689_/Y (sg13g2_a21oi_1)
                                                         _0023_ (net)
                      0.014826    0.000010    0.154262 v _1024_/D (sg13g2_dfrbpq_1)
                                              0.154262   data arrival time

                                  0.000000    0.000000   clock clk_i (rise edge)
                                  0.000000    0.000000   clock source latency
   101    0.462132    0.000000    0.000000    0.000000 ^ clk_i (in)
                                                         clk_i (net)
                      0.048414    0.024207    0.024207 ^ _1024_/CLK (sg13g2_dfrbpq_1)
                                  0.100000    0.124207   clock uncertainty
                                  0.000000    0.124207   clock reconvergence pessimism
                                 -0.026813    0.097394   library hold time
                                              0.097394   data required time
---------------------------------------------------------------------------------------------
                                              0.097394   data required time
                                             -0.154262   data arrival time
---------------------------------------------------------------------------------------------
                                              0.056868   slack (MET)


Startpoint: gpio_in[17] (input port clocked by clk_i)
Endpoint: _1019_ (rising edge-triggered flip-flop clocked by clk_i)
Path Group: clk_i
Path Type: min

Fanout         Cap        Slew       Delay        Time   Description
---------------------------------------------------------------------------------------------
                                  0.000000    0.000000   clock clk_i (rise edge)
                                  0.000000    0.000000   clock network delay (propagated)
                                  0.000000    0.000000 v input external delay
     1    0.010582    0.022367    0.007711    0.007711 v gpio_in[17] (in)
                                                         gpio_in[17] (net)
                      0.022368    0.000000    0.007711 v _0667_/B2 (sg13g2_a22oi_1)
     1    0.007015    0.080312    0.076769    0.084480 ^ _0667_/Y (sg13g2_a22oi_1)
                                                         _0199_ (net)
                      0.080313    0.000199    0.084678 ^ _0669_/A2 (sg13g2_a21oi_1)
     1    0.001740    0.015176    0.069857    0.154536 v _0669_/Y (sg13g2_a21oi_1)
                                                         _0018_ (net)
                      0.015176    0.000011    0.154547 v _1019_/D (sg13g2_dfrbpq_1)
                                              0.154547   data arrival time

                                  0.000000    0.000000   clock clk_i (rise edge)
                                  0.000000    0.000000   clock source latency
   101    0.462132    0.000000    0.000000    0.000000 ^ clk_i (in)
                                                         clk_i (net)
                      0.048716    0.024358    0.024358 ^ _1019_/CLK (sg13g2_dfrbpq_1)
                                  0.100000    0.124358   clock uncertainty
                                  0.000000    0.124358   clock reconvergence pessimism
                                 -0.026861    0.097497   library hold time
                                              0.097497   data required time
---------------------------------------------------------------------------------------------
                                              0.097497   data required time
                                             -0.154547   data arrival time
---------------------------------------------------------------------------------------------
                                              0.057050   slack (MET)


Startpoint: s_axil_bready (input port clocked by clk_i)
Endpoint: _1036_ (rising edge-triggered flip-flop clocked by clk_i)
Path Group: clk_i
Path Type: min

Fanout         Cap        Slew       Delay        Time   Description
---------------------------------------------------------------------------------------------
                                  0.000000    0.000000   clock clk_i (rise edge)
                                  0.000000    0.000000   clock network delay (propagated)
                                  0.000000    0.000000 ^ input external delay
     1    0.005264    0.022309    0.004374    0.004374 ^ s_axil_bready (in)
                                                         s_axil_bready (net)
                      0.022310    0.000000    0.004374 ^ _0733_/B (sg13g2_nand2_1)
     2    0.005681    0.042635    0.055790    0.060164 v _0733_/Y (sg13g2_nand2_1)
                                                         _0248_ (net)
                      0.042635    0.000043    0.060207 v _0734_/B (sg13g2_and3_1)
     1    0.001593    0.017244    0.078543    0.138749 v _0734_/X (sg13g2_and3_1)
                                                         _0035_ (net)
                      0.017244    0.000008    0.138757 v _1036_/D (sg13g2_dfrbpq_1)
                                              0.138757   data arrival time

                                  0.000000    0.000000   clock clk_i (rise edge)
                                  0.000000    0.000000   clock source latency
   101    0.462132    0.000000    0.000000    0.000000 ^ clk_i (in)
                                                         clk_i (net)
                      0.026423    0.013211    0.013211 ^ _1036_/CLK (sg13g2_dfrbpq_1)
                                  0.100000    0.113211   clock uncertainty
                                  0.000000    0.113211   clock reconvergence pessimism
                                 -0.032171    0.081041   library hold time
                                              0.081041   data required time
---------------------------------------------------------------------------------------------
                                              0.081041   data required time
                                             -0.138757   data arrival time
---------------------------------------------------------------------------------------------
                                              0.057717   slack (MET)


Startpoint: gpio_in[9] (input port clocked by clk_i)
Endpoint: _1011_ (rising edge-triggered flip-flop clocked by clk_i)
Path Group: clk_i
Path Type: min

Fanout         Cap        Slew       Delay        Time   Description
---------------------------------------------------------------------------------------------
                                  0.000000    0.000000   clock clk_i (rise edge)
                                  0.000000    0.000000   clock network delay (propagated)
                                  0.000000    0.000000 v input external delay
     1    0.007818    0.020520    0.005614    0.005614 v gpio_in[9] (in)
                                                         gpio_in[9] (net)
                      0.020520    0.000000    0.005614 v _0635_/B2 (sg13g2_a22oi_1)
     1    0.007376    0.082858    0.078249    0.083863 ^ _0635_/Y (sg13g2_a22oi_1)
                                                         _0175_ (net)
                      0.082859    0.000237    0.084099 ^ _0637_/A2 (sg13g2_a21oi_1)
     1    0.001649    0.014893    0.070393    0.154493 v _0637_/Y (sg13g2_a21oi_1)
                                                         _0010_ (net)
                      0.014893    0.000009    0.154502 v _1011_/D (sg13g2_dfrbpq_1)
                                              0.154502   data arrival time

                                  0.000000    0.000000   clock clk_i (rise edge)
                                  0.000000    0.000000   clock source latency
   101    0.462132    0.000000    0.000000    0.000000 ^ clk_i (in)
                                                         clk_i (net)
                      0.047119    0.023560    0.023560 ^ _1011_/CLK (sg13g2_dfrbpq_1)
                                  0.100000    0.123560   clock uncertainty
                                  0.000000    0.123560   clock reconvergence pessimism
                                 -0.027104    0.096455   library hold time
                                              0.096455   data required time
---------------------------------------------------------------------------------------------
                                              0.096455   data required time
                                             -0.154502   data arrival time
---------------------------------------------------------------------------------------------
                                              0.058047   slack (MET)


Startpoint: gpio_in[14] (input port clocked by clk_i)
Endpoint: _1016_ (rising edge-triggered flip-flop clocked by clk_i)
Path Group: clk_i
Path Type: min

Fanout         Cap        Slew       Delay        Time   Description
---------------------------------------------------------------------------------------------
                                  0.000000    0.000000   clock clk_i (rise edge)
                                  0.000000    0.000000   clock network delay (propagated)
                                  0.000000    0.000000 v input external delay
     1    0.005799    0.019150    0.004121    0.004121 v gpio_in[14] (in)
                                                         gpio_in[14] (net)
                      0.019150    0.000000    0.004121 v _0655_/B2 (sg13g2_a22oi_1)
     1    0.006971    0.079504    0.075369    0.079489 ^ _0655_/Y (sg13g2_a22oi_1)
                                                         _0190_ (net)
                      0.079505    0.000212    0.079702 ^ _0657_/A2 (sg13g2_a21oi_1)
     1    0.001643    0.014719    0.069117    0.148819 v _0657_/Y (sg13g2_a21oi_1)
                                                         _0015_ (net)
                      0.014719    0.000009    0.148828 v _1016_/D (sg13g2_dfrbpq_1)
                                              0.148828   data arrival time

                                  0.000000    0.000000   clock clk_i (rise edge)
                                  0.000000    0.000000   clock source latency
   101    0.462132    0.000000    0.000000    0.000000 ^ clk_i (in)
                                                         clk_i (net)
                      0.035483    0.017741    0.017741 ^ _1016_/CLK (sg13g2_dfrbpq_1)
                                  0.100000    0.117741   clock uncertainty
                                  0.000000    0.117741   clock reconvergence pessimism
                                 -0.029479    0.088263   library hold time
                                              0.088263   data required time
---------------------------------------------------------------------------------------------
                                              0.088263   data required time
                                             -0.148828   data arrival time
---------------------------------------------------------------------------------------------
                                              0.060565   slack (MET)


Startpoint: gpio_in[29] (input port clocked by clk_i)
Endpoint: _1031_ (rising edge-triggered flip-flop clocked by clk_i)
Path Group: clk_i
Path Type: min

Fanout         Cap        Slew       Delay        Time   Description
---------------------------------------------------------------------------------------------
                                  0.000000    0.000000   clock clk_i (rise edge)
                                  0.000000    0.000000   clock network delay (propagated)
                                  0.000000    0.000000 v input external delay
     1    0.005726    0.019100    0.004067    0.004067 v gpio_in[29] (in)
                                                         gpio_in[29] (net)
                      0.019100    0.000000    0.004067 v _0714_/A1 (sg13g2_a21oi_1)
     1    0.008227    0.083549    0.089502    0.093569 ^ _0714_/Y (sg13g2_a21oi_1)
                                                         _0234_ (net)
                      0.083550    0.000273    0.093842 ^ _0717_/A1 (sg13g2_a21oi_1)
     1    0.001506    0.014377    0.066137    0.159980 v _0717_/Y (sg13g2_a21oi_1)
                                                         _0030_ (net)
                      0.014377    0.000007    0.159986 v _1031_/D (sg13g2_dfrbpq_1)
                                              0.159986   data arrival time

                                  0.000000    0.000000   clock clk_i (rise edge)
                                  0.000000    0.000000   clock source latency
   101    0.462132    0.000000    0.000000    0.000000 ^ clk_i (in)
                                                         clk_i (net)
                      0.049333    0.024667    0.024667 ^ _1031_/CLK (sg13g2_dfrbpq_1)
                                  0.100000    0.124667   clock uncertainty
                                  0.000000    0.124667   clock reconvergence pessimism
                                 -0.026478    0.098188   library hold time
                                              0.098188   data required time
---------------------------------------------------------------------------------------------
                                              0.098188   data required time
                                             -0.159986   data arrival time
---------------------------------------------------------------------------------------------
                                              0.061798   slack (MET)


Startpoint: gpio_in[27] (input port clocked by clk_i)
Endpoint: _1029_ (rising edge-triggered flip-flop clocked by clk_i)
Path Group: clk_i
Path Type: min

Fanout         Cap        Slew       Delay        Time   Description
---------------------------------------------------------------------------------------------
                                  0.000000    0.000000   clock clk_i (rise edge)
                                  0.000000    0.000000   clock network delay (propagated)
                                  0.000000    0.000000 v input external delay
     1    0.008192    0.020771    0.005893    0.005893 v gpio_in[27] (in)
                                                         gpio_in[27] (net)
                      0.020772    0.000000    0.005893 v _0707_/B2 (sg13g2_a22oi_1)
     1    0.008145    0.088911    0.082893    0.088786 ^ _0707_/Y (sg13g2_a22oi_1)
                                                         _0229_ (net)
                      0.088913    0.000269    0.089055 ^ _0709_/A2 (sg13g2_a21oi_1)
     1    0.001799    0.015217    0.073330    0.162385 v _0709_/Y (sg13g2_a21oi_1)
                                                         _0028_ (net)
                      0.015217    0.000012    0.162397 v _1029_/D (sg13g2_dfrbpq_1)
                                              0.162397   data arrival time

                                  0.000000    0.000000   clock clk_i (rise edge)
                                  0.000000    0.000000   clock source latency
   101    0.462132    0.000000    0.000000    0.000000 ^ clk_i (in)
                                                         clk_i (net)
                      0.051495    0.025748    0.025748 ^ _1029_/CLK (sg13g2_dfrbpq_1)
                                  0.100000    0.125748   clock uncertainty
                                  0.000000    0.125748   clock reconvergence pessimism
                                 -0.026294    0.099454   library hold time
                                              0.099454   data required time
---------------------------------------------------------------------------------------------
                                              0.099454   data required time
                                             -0.162397   data arrival time
---------------------------------------------------------------------------------------------
                                              0.062943   slack (MET)


Startpoint: gpio_in[11] (input port clocked by clk_i)
Endpoint: _1013_ (rising edge-triggered flip-flop clocked by clk_i)
Path Group: clk_i
Path Type: min

Fanout         Cap        Slew       Delay        Time   Description
---------------------------------------------------------------------------------------------
                                  0.000000    0.000000   clock clk_i (rise edge)
                                  0.000000    0.000000   clock network delay (propagated)
                                  0.000000    0.000000 v input external delay
     1    0.005400    0.018876    0.003828    0.003828 v gpio_in[11] (in)
                                                         gpio_in[11] (net)
                      0.018876    0.000000    0.003828 v _0643_/B2 (sg13g2_a22oi_1)
     1    0.007247    0.081616    0.076902    0.080730 ^ _0643_/Y (sg13g2_a22oi_1)
                                                         _0181_ (net)
                      0.081618    0.000231    0.080961 ^ _0645_/A2 (sg13g2_a21oi_1)
     1    0.002120    0.015942    0.072061    0.153022 v _0645_/Y (sg13g2_a21oi_1)
                                                         _0012_ (net)
                      0.015942    0.000018    0.153040 v _1013_/D (sg13g2_dfrbpq_1)
                                              0.153040   data arrival time

                                  0.000000    0.000000   clock clk_i (rise edge)
                                  0.000000    0.000000   clock source latency
   101    0.462132    0.000000    0.000000    0.000000 ^ clk_i (in)
                                                         clk_i (net)
                      0.035714    0.017857    0.017857 ^ _1013_/CLK (sg13g2_dfrbpq_1)
                                  0.100000    0.117857   clock uncertainty
                                  0.000000    0.117857   clock reconvergence pessimism
                                 -0.029818    0.088039   library hold time
                                              0.088039   data required time
---------------------------------------------------------------------------------------------
                                              0.088039   data required time
                                             -0.153040   data arrival time
---------------------------------------------------------------------------------------------
                                              0.065001   slack (MET)


Startpoint: gpio_in[4] (input port clocked by clk_i)
Endpoint: _1006_ (rising edge-triggered flip-flop clocked by clk_i)
Path Group: clk_i
Path Type: min

Fanout         Cap        Slew       Delay        Time   Description
---------------------------------------------------------------------------------------------
                                  0.000000    0.000000   clock clk_i (rise edge)
                                  0.000000    0.000000   clock network delay (propagated)
                                  0.000000    0.000000 v input external delay
     1    0.005473    0.018926    0.003881    0.003881 v gpio_in[4] (in)
                                                         gpio_in[4] (net)
                      0.018926    0.000000    0.003881 v _0615_/B2 (sg13g2_a22oi_1)
     1    0.007028    0.079910    0.075622    0.079504 ^ _0615_/Y (sg13g2_a22oi_1)
                                                         _0160_ (net)
                      0.079911    0.000216    0.079719 ^ _0617_/A2 (sg13g2_a21oi_1)
     1    0.002602    0.017043    0.073599    0.153319 v _0617_/Y (sg13g2_a21oi_1)
                                                         _0005_ (net)
                      0.017043    0.000028    0.153347 v _1006_/D (sg13g2_dfrbpq_1)
                                              0.153347   data arrival time

                                  0.000000    0.000000   clock clk_i (rise edge)
                                  0.000000    0.000000   clock source latency
   101    0.462132    0.000000    0.000000    0.000000 ^ clk_i (in)
                                                         clk_i (net)
                      0.035766    0.017883    0.017883 ^ _1006_/CLK (sg13g2_dfrbpq_1)
                                  0.100000    0.117883   clock uncertainty
                                  0.000000    0.117883   clock reconvergence pessimism
                                 -0.030157    0.087726   library hold time
                                              0.087726   data required time
---------------------------------------------------------------------------------------------
                                              0.087726   data required time
                                             -0.153347   data arrival time
---------------------------------------------------------------------------------------------
                                              0.065621   slack (MET)


Startpoint: gpio_in[5] (input port clocked by clk_i)
Endpoint: _1007_ (rising edge-triggered flip-flop clocked by clk_i)
Path Group: clk_i
Path Type: min

Fanout         Cap        Slew       Delay        Time   Description
---------------------------------------------------------------------------------------------
                                  0.000000    0.000000   clock clk_i (rise edge)
                                  0.000000    0.000000   clock network delay (propagated)
                                  0.000000    0.000000 v input external delay
     1    0.005254    0.018776    0.003722    0.003722 v gpio_in[5] (in)
                                                         gpio_in[5] (net)
                      0.018776    0.000000    0.003722 v _0619_/B2 (sg13g2_a22oi_1)
     1    0.007538    0.083874    0.078580    0.082302 ^ _0619_/Y (sg13g2_a22oi_1)
                                                         _0163_ (net)
                      0.083875    0.000253    0.082556 ^ _0621_/A2 (sg13g2_a21oi_1)
     1    0.001951    0.015547    0.072142    0.154698 v _0621_/Y (sg13g2_a21oi_1)
                                                         _0006_ (net)
                      0.015547    0.000015    0.154713 v _1007_/D (sg13g2_dfrbpq_1)
                                              0.154713   data arrival time

                                  0.000000    0.000000   clock clk_i (rise edge)
                                  0.000000    0.000000   clock source latency
   101    0.462132    0.000000    0.000000    0.000000 ^ clk_i (in)
                                                         clk_i (net)
                      0.035291    0.017646    0.017646 ^ _1007_/CLK (sg13g2_dfrbpq_1)
                                  0.100000    0.117646   clock uncertainty
                                  0.000000    0.117646   clock reconvergence pessimism
                                 -0.029781    0.087864   library hold time
                                              0.087864   data required time
---------------------------------------------------------------------------------------------
                                              0.087864   data required time
                                             -0.154713   data arrival time
---------------------------------------------------------------------------------------------
                                              0.066849   slack (MET)


Startpoint: gpio_in[23] (input port clocked by clk_i)
Endpoint: _1025_ (rising edge-triggered flip-flop clocked by clk_i)
Path Group: clk_i
Path Type: min

Fanout         Cap        Slew       Delay        Time   Description
---------------------------------------------------------------------------------------------
                                  0.000000    0.000000   clock clk_i (rise edge)
                                  0.000000    0.000000   clock network delay (propagated)
                                  0.000000    0.000000 v input external delay
     1    0.009182    0.021434    0.006643    0.006643 v gpio_in[23] (in)
                                                         gpio_in[23] (net)
                      0.021435    0.000000    0.006643 v _0691_/B2 (sg13g2_a22oi_1)
     1    0.009060    0.096201    0.088542    0.095186 ^ _0691_/Y (sg13g2_a22oi_1)
                                                         _0217_ (net)
                      0.096203    0.000338    0.095524 ^ _0693_/A2 (sg13g2_a21oi_1)
     1    0.001915    0.015577    0.076586    0.172110 v _0693_/Y (sg13g2_a21oi_1)
                                                         _0024_ (net)
                      0.015577    0.000014    0.172124 v _1025_/D (sg13g2_dfrbpq_1)
                                              0.172124   data arrival time

                                  0.000000    0.000000   clock clk_i (rise edge)
                                  0.000000    0.000000   clock source latency
   101    0.462132    0.000000    0.000000    0.000000 ^ clk_i (in)
                                                         clk_i (net)
                      0.051327    0.025663    0.025663 ^ _1025_/CLK (sg13g2_dfrbpq_1)
                                  0.100000    0.125663   clock uncertainty
                                  0.000000    0.125663   clock reconvergence pessimism
                                 -0.026443    0.099220   library hold time
                                              0.099220   data required time
---------------------------------------------------------------------------------------------
                                              0.099220   data required time
                                             -0.172124   data arrival time
---------------------------------------------------------------------------------------------
                                              0.072904   slack (MET)


Startpoint: gpio_in[10] (input port clocked by clk_i)
Endpoint: _1012_ (rising edge-triggered flip-flop clocked by clk_i)
Path Group: clk_i
Path Type: min

Fanout         Cap        Slew       Delay        Time   Description
---------------------------------------------------------------------------------------------
                                  0.000000    0.000000   clock clk_i (rise edge)
                                  0.000000    0.000000   clock network delay (propagated)
                                  0.000000    0.000000 v input external delay
     1    0.007742    0.020468    0.005557    0.005557 v gpio_in[10] (in)
                                                         gpio_in[10] (net)
                      0.020469    0.000000    0.005557 v _0639_/B2 (sg13g2_a22oi_1)
     1    0.009312    0.098070    0.089670    0.095227 ^ _0639_/Y (sg13g2_a22oi_1)
                                                         _0178_ (net)
                      0.098072    0.000382    0.095609 ^ _0641_/A2 (sg13g2_a21oi_1)
     1    0.001674    0.014970    0.075993    0.171602 v _0641_/Y (sg13g2_a21oi_1)
                                                         _0011_ (net)
                      0.014970    0.000010    0.171612 v _1012_/D (sg13g2_dfrbpq_1)
                                              0.171612   data arrival time

                                  0.000000    0.000000   clock clk_i (rise edge)
                                  0.000000    0.000000   clock source latency
   101    0.462132    0.000000    0.000000    0.000000 ^ clk_i (in)
                                                         clk_i (net)
                      0.046705    0.023353    0.023353 ^ _1012_/CLK (sg13g2_dfrbpq_1)
                                  0.100000    0.123353   clock uncertainty
                                  0.000000    0.123353   clock reconvergence pessimism
                                 -0.027215    0.096137   library hold time
                                              0.096137   data required time
---------------------------------------------------------------------------------------------
                                              0.096137   data required time
                                             -0.171612   data arrival time
---------------------------------------------------------------------------------------------
                                              0.075475   slack (MET)


Startpoint: gpio_in[21] (input port clocked by clk_i)
Endpoint: _1023_ (rising edge-triggered flip-flop clocked by clk_i)
Path Group: clk_i
Path Type: min

Fanout         Cap        Slew       Delay        Time   Description
---------------------------------------------------------------------------------------------
                                  0.000000    0.000000   clock clk_i (rise edge)
                                  0.000000    0.000000   clock network delay (propagated)
                                  0.000000    0.000000 v input external delay
     1    0.007851    0.020542    0.005638    0.005638 v gpio_in[21] (in)
                                                         gpio_in[21] (net)
                      0.020542    0.000000    0.005638 v _0683_/B2 (sg13g2_a22oi_1)
     1    0.010631    0.108546    0.097488    0.103126 ^ _0683_/Y (sg13g2_a22oi_1)
                                                         _0211_ (net)
                      0.108550    0.000484    0.103611 ^ _0685_/A2 (sg13g2_a21oi_1)
     1    0.001749    0.015236    0.078960    0.182571 v _0685_/Y (sg13g2_a21oi_1)
                                                         _0022_ (net)
                      0.015236    0.000011    0.182582 v _1023_/D (sg13g2_dfrbpq_1)
                                              0.182582   data arrival time

                                  0.000000    0.000000   clock clk_i (rise edge)
                                  0.000000    0.000000   clock source latency
   101    0.462132    0.000000    0.000000    0.000000 ^ clk_i (in)
                                                         clk_i (net)
                      0.051051    0.025526    0.025526 ^ _1023_/CLK (sg13g2_dfrbpq_1)
                                  0.100000    0.125526   clock uncertainty
                                  0.000000    0.125526   clock reconvergence pessimism
                                 -0.026392    0.099133   library hold time
                                              0.099133   data required time
---------------------------------------------------------------------------------------------
                                              0.099133   data required time
                                             -0.182582   data arrival time
---------------------------------------------------------------------------------------------
                                              0.083448   slack (MET)


Startpoint: gpio_in[16] (input port clocked by clk_i)
Endpoint: _1018_ (rising edge-triggered flip-flop clocked by clk_i)
Path Group: clk_i
Path Type: min

Fanout         Cap        Slew       Delay        Time   Description
---------------------------------------------------------------------------------------------
                                  0.000000    0.000000   clock clk_i (rise edge)
                                  0.000000    0.000000   clock network delay (propagated)
                                  0.000000    0.000000 v input external delay
     1    0.007905    0.020578    0.005678    0.005678 v gpio_in[16] (in)
                                                         gpio_in[16] (net)
                      0.020578    0.000000    0.005678 v _0663_/B2 (sg13g2_a22oi_1)
     1    0.010741    0.109425    0.098146    0.103824 ^ _0663_/Y (sg13g2_a22oi_1)
                                                         _0196_ (net)
                      0.109428    0.000505    0.104328 ^ _0665_/A2 (sg13g2_a21oi_1)
     1    0.001860    0.015521    0.079704    0.184032 v _0665_/Y (sg13g2_a21oi_1)
                                                         _0017_ (net)
                      0.015521    0.000013    0.184045 v _1018_/D (sg13g2_dfrbpq_1)
                                              0.184045   data arrival time

                                  0.000000    0.000000   clock clk_i (rise edge)
                                  0.000000    0.000000   clock source latency
   101    0.462132    0.000000    0.000000    0.000000 ^ clk_i (in)
                                                         clk_i (net)
                      0.048786    0.024393    0.024393 ^ _1018_/CLK (sg13g2_dfrbpq_1)
                                  0.100000    0.124393   clock uncertainty
                                  0.000000    0.124393   clock reconvergence pessimism
                                 -0.026956    0.097437   library hold time
                                              0.097437   data required time
---------------------------------------------------------------------------------------------
                                              0.097437   data required time
                                             -0.184045   data arrival time
---------------------------------------------------------------------------------------------
                                              0.086608   slack (MET)


Startpoint: gpio_in[20] (input port clocked by clk_i)
Endpoint: _1022_ (rising edge-triggered flip-flop clocked by clk_i)
Path Group: clk_i
Path Type: min

Fanout         Cap        Slew       Delay        Time   Description
---------------------------------------------------------------------------------------------
                                  0.000000    0.000000   clock clk_i (rise edge)
                                  0.000000    0.000000   clock network delay (propagated)
                                  0.000000    0.000000 v input external delay
     1    0.007977    0.020626    0.005732    0.005732 v gpio_in[20] (in)
                                                         gpio_in[20] (net)
                      0.020627    0.000000    0.005732 v _0679_/B2 (sg13g2_a22oi_1)
     1    0.011884    0.118555    0.104913    0.110645 ^ _0679_/Y (sg13g2_a22oi_1)
                                                         _0208_ (net)
                      0.118560    0.000613    0.111258 ^ _0681_/A2 (sg13g2_a21oi_1)
     1    0.001907    0.015504    0.082219    0.193477 v _0681_/Y (sg13g2_a21oi_1)
                                                         _0021_ (net)
                      0.015504    0.000014    0.193491 v _1022_/D (sg13g2_dfrbpq_1)
                                              0.193491   data arrival time

                                  0.000000    0.000000   clock clk_i (rise edge)
                                  0.000000    0.000000   clock source latency
   101    0.462132    0.000000    0.000000    0.000000 ^ clk_i (in)
                                                         clk_i (net)
                      0.051107    0.025554    0.025554 ^ _1022_/CLK (sg13g2_dfrbpq_1)
                                  0.100000    0.125554   clock uncertainty
                                  0.000000    0.125554   clock reconvergence pessimism
                                 -0.026466    0.099088   library hold time
                                              0.099088   data required time
---------------------------------------------------------------------------------------------
                                              0.099088   data required time
                                             -0.193491   data arrival time
---------------------------------------------------------------------------------------------
                                              0.094403   slack (MET)


Startpoint: gpio_in[19] (input port clocked by clk_i)
Endpoint: _1021_ (rising edge-triggered flip-flop clocked by clk_i)
Path Group: clk_i
Path Type: min

Fanout         Cap        Slew       Delay        Time   Description
---------------------------------------------------------------------------------------------
                                  0.000000    0.000000   clock clk_i (rise edge)
                                  0.000000    0.000000   clock network delay (propagated)
                                  0.000000    0.000000 v input external delay
     1    0.008269    0.020822    0.005950    0.005950 v gpio_in[19] (in)
                                                         gpio_in[19] (net)
                      0.020823    0.000000    0.005950 v _0675_/B2 (sg13g2_a22oi_1)
     1    0.012184    0.120977    0.106756    0.112705 ^ _0675_/Y (sg13g2_a22oi_1)
                                                         _0205_ (net)
                      0.120982    0.000652    0.113357 ^ _0677_/A2 (sg13g2_a21oi_1)
     1    0.001792    0.015262    0.082282    0.195640 v _0677_/Y (sg13g2_a21oi_1)
                                                         _0020_ (net)
                      0.015262    0.000012    0.195651 v _1021_/D (sg13g2_dfrbpq_1)
                                              0.195651   data arrival time

                                  0.000000    0.000000   clock clk_i (rise edge)
                                  0.000000    0.000000   clock source latency
   101    0.462132    0.000000    0.000000    0.000000 ^ clk_i (in)
                                                         clk_i (net)
                      0.050752    0.025376    0.025376 ^ _1021_/CLK (sg13g2_dfrbpq_1)
                                  0.100000    0.125376   clock uncertainty
                                  0.000000    0.125376   clock reconvergence pessimism
                                 -0.026463    0.098913   library hold time
                                              0.098913   data required time
---------------------------------------------------------------------------------------------
                                              0.098913   data required time
                                             -0.195651   data arrival time
---------------------------------------------------------------------------------------------
                                              0.096739   slack (MET)


Startpoint: s_axil_wdata[16] (input port clocked by clk_i)
Endpoint: _1077_ (rising edge-triggered flip-flop clocked by clk_i)
Path Group: clk_i
Path Type: min

Fanout         Cap        Slew       Delay        Time   Description
---------------------------------------------------------------------------------------------
                                  0.000000    0.000000   clock clk_i (rise edge)
                                  0.000000    0.000000   clock network delay (propagated)
                                  0.000000    0.000000 ^ input external delay
     1    0.005088    0.022150    0.004225    0.004225 ^ s_axil_wdata[16] (in)
                                                         s_axil_wdata[16] (net)
                      0.022150    0.000000    0.004225 ^ _0574_/A (sg13g2_inv_1)
     2    0.005689    0.023763    0.031958    0.036183 v _0574_/Y (sg13g2_inv_1)
                                                         _0124_ (net)
                      0.023763    0.000025    0.036208 v _0902_/A (sg13g2_nand4_1)
     1    0.003239    0.028798    0.035387    0.071595 ^ _0902_/Y (sg13g2_nand4_1)
                                                         _0376_ (net)
                      0.028798    0.000022    0.071617 ^ _0903_/A2 (sg13g2_o21ai_1)
     1    0.003044    0.030330    0.051112    0.122729 v _0903_/Y (sg13g2_o21ai_1)
                                                         _0377_ (net)
                      0.030330    0.000023    0.122752 v _0904_/B (sg13g2_nor2_1)
     1    0.001511    0.033578    0.041947    0.164699 ^ _0904_/Y (sg13g2_nor2_1)
                                                         _0076_ (net)
                      0.033578    0.000008    0.164707 ^ _1077_/D (sg13g2_dfrbpq_1)
                                              0.164707   data arrival time

                                  0.000000    0.000000   clock clk_i (rise edge)
                                  0.000000    0.000000   clock source latency
   101    0.462132    0.000000    0.000000    0.000000 ^ clk_i (in)
                                                         clk_i (net)
                      0.025286    0.012643    0.012643 ^ _1077_/CLK (sg13g2_dfrbpq_1)
                                  0.100000    0.112643   clock uncertainty
                                  0.000000    0.112643   clock reconvergence pessimism
                                 -0.062051    0.050592   library hold time
                                              0.050592   data required time
---------------------------------------------------------------------------------------------
                                              0.050592   data required time
                                             -0.164707   data arrival time
---------------------------------------------------------------------------------------------
                                              0.114115   slack (MET)


Startpoint: s_axil_wdata[18] (input port clocked by clk_i)
Endpoint: _1079_ (rising edge-triggered flip-flop clocked by clk_i)
Path Group: clk_i
Path Type: min

Fanout         Cap        Slew       Delay        Time   Description
---------------------------------------------------------------------------------------------
                                  0.000000    0.000000   clock clk_i (rise edge)
                                  0.000000    0.000000   clock network delay (propagated)
                                  0.000000    0.000000 ^ input external delay
     1    0.005865    0.022853    0.004892    0.004892 ^ s_axil_wdata[18] (in)
                                                         s_axil_wdata[18] (net)
                      0.022853    0.000000    0.004892 ^ _0572_/A (sg13g2_inv_1)
     2    0.007099    0.027978    0.035514    0.040406 v _0572_/Y (sg13g2_inv_1)
                                                         _0122_ (net)
                      0.027978    0.000111    0.040517 v _0910_/A (sg13g2_nand4_1)
     1    0.003134    0.029327    0.036544    0.077061 ^ _0910_/Y (sg13g2_nand4_1)
                                                         _0382_ (net)
                      0.029327    0.000019    0.077081 ^ _0911_/A2 (sg13g2_o21ai_1)
     1    0.002941    0.029867    0.050839    0.127919 v _0911_/Y (sg13g2_o21ai_1)
                                                         _0383_ (net)
                      0.029867    0.000020    0.127940 v _0912_/B (sg13g2_nor2_1)
     1    0.001627    0.034341    0.042506    0.170445 ^ _0912_/Y (sg13g2_nor2_1)
                                                         _0078_ (net)
                      0.034341    0.000010    0.170455 ^ _1079_/D (sg13g2_dfrbpq_1)
                                              0.170455   data arrival time

                                  0.000000    0.000000   clock clk_i (rise edge)
                                  0.000000    0.000000   clock source latency
   101    0.462132    0.000000    0.000000    0.000000 ^ clk_i (in)
                                                         clk_i (net)
                      0.024345    0.012172    0.012172 ^ _1079_/CLK (sg13g2_dfrbpq_1)
                                  0.100000    0.112172   clock uncertainty
                                  0.000000    0.112172   clock reconvergence pessimism
                                 -0.062360    0.049812   library hold time
                                              0.049812   data required time
---------------------------------------------------------------------------------------------
                                              0.049812   data required time
                                             -0.170455   data arrival time
---------------------------------------------------------------------------------------------
                                              0.120643   slack (MET)


Startpoint: s_axil_wdata[19] (input port clocked by clk_i)
Endpoint: _1080_ (rising edge-triggered flip-flop clocked by clk_i)
Path Group: clk_i
Path Type: min

Fanout         Cap        Slew       Delay        Time   Description
---------------------------------------------------------------------------------------------
                                  0.000000    0.000000   clock clk_i (rise edge)
                                  0.000000    0.000000   clock network delay (propagated)
                                  0.000000    0.000000 ^ input external delay
     1    0.005069    0.022133    0.004209    0.004209 ^ s_axil_wdata[19] (in)
                                                         s_axil_wdata[19] (net)
                      0.022133    0.000000    0.004209 ^ _0571_/A (sg13g2_inv_1)
     2    0.007213    0.028171    0.035570    0.039780 v _0571_/Y (sg13g2_inv_1)
                                                         _0121_ (net)
                      0.028171    0.000073    0.039852 v _0914_/A (sg13g2_nand4_1)
     1    0.003408    0.030374    0.037413    0.077265 ^ _0914_/Y (sg13g2_nand4_1)
                                                         _0385_ (net)
                      0.030374    0.000028    0.077293 ^ _0915_/A2 (sg13g2_o21ai_1)
     1    0.003147    0.031025    0.052047    0.129340 v _0915_/Y (sg13g2_o21ai_1)
                                                         _0386_ (net)
                      0.031025    0.000026    0.129366 v _0916_/B (sg13g2_nor2_1)
     1    0.001632    0.034621    0.042879    0.172245 ^ _0916_/Y (sg13g2_nor2_1)
                                                         _0079_ (net)
                      0.034621    0.000010    0.172255 ^ _1080_/D (sg13g2_dfrbpq_1)
                                              0.172255   data arrival time

                                  0.000000    0.000000   clock clk_i (rise edge)
                                  0.000000    0.000000   clock source latency
   101    0.462132    0.000000    0.000000    0.000000 ^ clk_i (in)
                                                         clk_i (net)
                      0.026165    0.013082    0.013082 ^ _1080_/CLK (sg13g2_dfrbpq_1)
                                  0.100000    0.113082   clock uncertainty
                                  0.000000    0.113082   clock reconvergence pessimism
                                 -0.062241    0.050842   library hold time
                                              0.050842   data required time
---------------------------------------------------------------------------------------------
                                              0.050842   data required time
                                             -0.172255   data arrival time
---------------------------------------------------------------------------------------------
                                              0.121413   slack (MET)


Startpoint: s_axil_wdata[17] (input port clocked by clk_i)
Endpoint: _1078_ (rising edge-triggered flip-flop clocked by clk_i)
Path Group: clk_i
Path Type: min

Fanout         Cap        Slew       Delay        Time   Description
---------------------------------------------------------------------------------------------
                                  0.000000    0.000000   clock clk_i (rise edge)
                                  0.000000    0.000000   clock network delay (propagated)
                                  0.000000    0.000000 ^ input external delay
     1    0.005124    0.022183    0.004256    0.004256 ^ s_axil_wdata[17] (in)
                                                         s_axil_wdata[17] (net)
                      0.022183    0.000000    0.004256 ^ _0573_/A (sg13g2_inv_1)
     2    0.006014    0.024702    0.032733    0.036990 v _0573_/Y (sg13g2_inv_1)
                                                         _0123_ (net)
                      0.024702    0.000045    0.037035 v _0906_/A (sg13g2_nand4_1)
     1    0.003717    0.030765    0.037095    0.074129 ^ _0906_/Y (sg13g2_nand4_1)
                                                         _0379_ (net)
                      0.030765    0.000039    0.074168 ^ _0907_/A2 (sg13g2_o21ai_1)
     1    0.003479    0.032749    0.053587    0.127756 v _0907_/Y (sg13g2_o21ai_1)
                                                         _0380_ (net)
                      0.032749    0.000037    0.127793 v _0908_/B (sg13g2_nor2_1)
     1    0.001681    0.035343    0.043684    0.171477 ^ _0908_/Y (sg13g2_nor2_1)
                                                         _0077_ (net)
                      0.035343    0.000011    0.171487 ^ _1078_/D (sg13g2_dfrbpq_1)
                                              0.171487   data arrival time

                                  0.000000    0.000000   clock clk_i (rise edge)
                                  0.000000    0.000000   clock source latency
   101    0.462132    0.000000    0.000000    0.000000 ^ clk_i (in)
                                                         clk_i (net)
                      0.025056    0.012528    0.012528 ^ _1078_/CLK (sg13g2_dfrbpq_1)
                                  0.100000    0.112528   clock uncertainty
                                  0.000000    0.112528   clock reconvergence pessimism
                                 -0.062557    0.049971   library hold time
                                              0.049971   data required time
---------------------------------------------------------------------------------------------
                                              0.049971   data required time
                                             -0.171487   data arrival time
---------------------------------------------------------------------------------------------
                                              0.121516   slack (MET)


Startpoint: s_axil_wdata[5] (input port clocked by clk_i)
Endpoint: _1098_ (rising edge-triggered flip-flop clocked by clk_i)
Path Group: clk_i
Path Type: min

Fanout         Cap        Slew       Delay        Time   Description
---------------------------------------------------------------------------------------------
                                  0.000000    0.000000   clock clk_i (rise edge)
                                  0.000000    0.000000   clock network delay (propagated)
                                  0.000000    0.000000 ^ input external delay
     1    0.008260    0.024990    0.006958    0.006958 ^ s_axil_wdata[5] (in)
                                                         s_axil_wdata[5] (net)
                      0.024991    0.000000    0.006958 ^ _0553_/A (sg13g2_inv_1)
     2    0.005916    0.024923    0.033413    0.040371 v _0553_/Y (sg13g2_inv_1)
                                                         _0103_ (net)
                      0.024923    0.000049    0.040420 v _0988_/A (sg13g2_nand4_1)
     1    0.003112    0.028582    0.035424    0.075844 ^ _0988_/Y (sg13g2_nand4_1)
                                                         _0441_ (net)
                      0.028582    0.000019    0.075863 ^ _0989_/A2 (sg13g2_o21ai_1)
     1    0.002878    0.029463    0.050336    0.126199 v _0989_/Y (sg13g2_o21ai_1)
                                                         _0442_ (net)
                      0.029463    0.000018    0.126217 v _0990_/B (sg13g2_nor2_1)
     1    0.001498    0.033296    0.041611    0.167828 ^ _0990_/Y (sg13g2_nor2_1)
                                                         _0097_ (net)
                      0.033296    0.000008    0.167836 ^ _1098_/D (sg13g2_dfrbpq_1)
                                              0.167836   data arrival time

                                  0.000000    0.000000   clock clk_i (rise edge)
                                  0.000000    0.000000   clock source latency
   101    0.462132    0.000000    0.000000    0.000000 ^ clk_i (in)
                                                         clk_i (net)
                      0.017307    0.008654    0.008654 ^ _1098_/CLK (sg13g2_dfrbpq_1)
                                  0.100000    0.108654   clock uncertainty
                                  0.000000    0.108654   clock reconvergence pessimism
                                 -0.062831    0.045822   library hold time
                                              0.045822   data required time
---------------------------------------------------------------------------------------------
                                              0.045822   data required time
                                             -0.167836   data arrival time
---------------------------------------------------------------------------------------------
                                              0.122013   slack (MET)


Startpoint: s_axil_wdata[6] (input port clocked by clk_i)
Endpoint: _1099_ (rising edge-triggered flip-flop clocked by clk_i)
Path Group: clk_i
Path Type: min

Fanout         Cap        Slew       Delay        Time   Description
---------------------------------------------------------------------------------------------
                                  0.000000    0.000000   clock clk_i (rise edge)
                                  0.000000    0.000000   clock network delay (propagated)
                                  0.000000    0.000000 ^ input external delay
     1    0.007088    0.023948    0.005941    0.005941 ^ s_axil_wdata[6] (in)
                                                         s_axil_wdata[6] (net)
                      0.023949    0.000000    0.005941 ^ _0552_/A (sg13g2_inv_1)
     2    0.006314    0.025888    0.034024    0.039965 v _0552_/Y (sg13g2_inv_1)
                                                         _0102_ (net)
                      0.025888    0.000064    0.040029 v _0992_/A (sg13g2_nand4_1)
     1    0.002990    0.028340    0.035402    0.075431 ^ _0992_/Y (sg13g2_nand4_1)
                                                         _0444_ (net)
                      0.028340    0.000015    0.075447 ^ _0993_/A2 (sg13g2_o21ai_1)
     1    0.003046    0.030293    0.050979    0.126426 v _0993_/Y (sg13g2_o21ai_1)
                                                         _0445_ (net)
                      0.030293    0.000023    0.126449 v _0994_/B (sg13g2_nor2_1)
     1    0.001491    0.033420    0.041815    0.168264 ^ _0994_/Y (sg13g2_nor2_1)
                                                         _0098_ (net)
                      0.033420    0.000008    0.168271 ^ _1099_/D (sg13g2_dfrbpq_1)
                                              0.168271   data arrival time

                                  0.000000    0.000000   clock clk_i (rise edge)
                                  0.000000    0.000000   clock source latency
   101    0.462132    0.000000    0.000000    0.000000 ^ clk_i (in)
                                                         clk_i (net)
                      0.017655    0.008827    0.008827 ^ _1099_/CLK (sg13g2_dfrbpq_1)
                                  0.100000    0.108827   clock uncertainty
                                  0.000000    0.108827   clock reconvergence pessimism
                                 -0.062828    0.046000   library hold time
                                              0.046000   data required time
---------------------------------------------------------------------------------------------
                                              0.046000   data required time
                                             -0.168271   data arrival time
---------------------------------------------------------------------------------------------
                                              0.122272   slack (MET)


Startpoint: s_axil_wdata[20] (input port clocked by clk_i)
Endpoint: _1081_ (rising edge-triggered flip-flop clocked by clk_i)
Path Group: clk_i
Path Type: min

Fanout         Cap        Slew       Delay        Time   Description
---------------------------------------------------------------------------------------------
                                  0.000000    0.000000   clock clk_i (rise edge)
                                  0.000000    0.000000   clock network delay (propagated)
                                  0.000000    0.000000 ^ input external delay
     1    0.006149    0.023108    0.005136    0.005136 ^ s_axil_wdata[20] (in)
                                                         s_axil_wdata[20] (net)
                      0.023108    0.000000    0.005136 ^ _0570_/A (sg13g2_inv_1)
     2    0.006601    0.026567    0.034434    0.039570 v _0570_/Y (sg13g2_inv_1)
                                                         _0120_ (net)
                      0.026567    0.000078    0.039648 v _0918_/A (sg13g2_nand4_1)
     1    0.003582    0.030668    0.037359    0.077007 ^ _0918_/Y (sg13g2_nand4_1)
                                                         _0388_ (net)
                      0.030668    0.000033    0.077040 ^ _0919_/A2 (sg13g2_o21ai_1)
     1    0.003270    0.031680    0.052665    0.129705 v _0919_/Y (sg13g2_o21ai_1)
                                                         _0389_ (net)
                      0.031680    0.000030    0.129735 v _0920_/B (sg13g2_nor2_1)
     1    0.001820    0.036149    0.044203    0.173938 ^ _0920_/Y (sg13g2_nor2_1)
                                                         _0080_ (net)
                      0.036149    0.000013    0.173951 ^ _1081_/D (sg13g2_dfrbpq_1)
                                              0.173951   data arrival time

                                  0.000000    0.000000   clock clk_i (rise edge)
                                  0.000000    0.000000   clock source latency
   101    0.462132    0.000000    0.000000    0.000000 ^ clk_i (in)
                                                         clk_i (net)
                      0.026220    0.013110    0.013110 ^ _1081_/CLK (sg13g2_dfrbpq_1)
                                  0.100000    0.113110   clock uncertainty
                                  0.000000    0.113110   clock reconvergence pessimism
                                 -0.062652    0.050459   library hold time
                                              0.050459   data required time
---------------------------------------------------------------------------------------------
                                              0.050459   data required time
                                             -0.173951   data arrival time
---------------------------------------------------------------------------------------------
                                              0.123493   slack (MET)


Startpoint: s_axil_wdata[7] (input port clocked by clk_i)
Endpoint: _1100_ (rising edge-triggered flip-flop clocked by clk_i)
Path Group: clk_i
Path Type: min

Fanout         Cap        Slew       Delay        Time   Description
---------------------------------------------------------------------------------------------
                                  0.000000    0.000000   clock clk_i (rise edge)
                                  0.000000    0.000000   clock network delay (propagated)
                                  0.000000    0.000000 ^ input external delay
     1    0.008695    0.025375    0.007349    0.007349 ^ s_axil_wdata[7] (in)
                                                         s_axil_wdata[7] (net)
                      0.025375    0.000000    0.007349 ^ _0551_/A (sg13g2_inv_1)
     2    0.006344    0.026230    0.034567    0.041916 v _0551_/Y (sg13g2_inv_1)
                                                         _0101_ (net)
                      0.026230    0.000073    0.041989 v _0996_/A (sg13g2_nand4_1)
     1    0.003249    0.029368    0.036272    0.078262 ^ _0996_/Y (sg13g2_nand4_1)
                                                         _0447_ (net)
                      0.029368    0.000022    0.078284 ^ _0997_/A2 (sg13g2_o21ai_1)
     1    0.002871    0.029515    0.050552    0.128836 v _0997_/Y (sg13g2_o21ai_1)
                                                         _0448_ (net)
                      0.029515    0.000018    0.128854 v _0998_/B (sg13g2_nor2_1)
     1    0.001630    0.034288    0.042418    0.171272 ^ _0998_/Y (sg13g2_nor2_1)
                                                         _0099_ (net)
                      0.034288    0.000010    0.171282 ^ _1100_/D (sg13g2_dfrbpq_1)
                                              0.171282   data arrival time

                                  0.000000    0.000000   clock clk_i (rise edge)
                                  0.000000    0.000000   clock source latency
   101    0.462132    0.000000    0.000000    0.000000 ^ clk_i (in)
                                                         clk_i (net)
                      0.020511    0.010255    0.010255 ^ _1100_/CLK (sg13g2_dfrbpq_1)
                                  0.100000    0.110255   clock uncertainty
                                  0.000000    0.110255   clock reconvergence pessimism
                                 -0.062758    0.047498   library hold time
                                              0.047498   data required time
---------------------------------------------------------------------------------------------
                                              0.047498   data required time
                                             -0.171282   data arrival time
---------------------------------------------------------------------------------------------
                                              0.123784   slack (MET)


Startpoint: s_axil_wdata[8] (input port clocked by clk_i)
Endpoint: _1085_ (rising edge-triggered flip-flop clocked by clk_i)
Path Group: clk_i
Path Type: min

Fanout         Cap        Slew       Delay        Time   Description
---------------------------------------------------------------------------------------------
                                  0.000000    0.000000   clock clk_i (rise edge)
                                  0.000000    0.000000   clock network delay (propagated)
                                  0.000000    0.000000 ^ input external delay
     1    0.006001    0.022976    0.005006    0.005006 ^ s_axil_wdata[8] (in)
                                                         s_axil_wdata[8] (net)
                      0.022976    0.000000    0.005006 ^ _0566_/A (sg13g2_inv_1)
     2    0.011454    0.040932    0.045794    0.050800 v _0566_/Y (sg13g2_inv_1)
                                                         _0116_ (net)
                      0.040941    0.000509    0.051310 v _0935_/A (sg13g2_nand4_1)
     1    0.003200    0.032377    0.041229    0.092538 ^ _0935_/Y (sg13g2_nand4_1)
                                                         _0401_ (net)
                      0.032377    0.000022    0.092560 ^ _0936_/A2 (sg13g2_o21ai_1)
     1    0.003154    0.031272    0.052700    0.145260 v _0936_/Y (sg13g2_o21ai_1)
                                                         _0402_ (net)
                      0.031272    0.000027    0.145286 v _0937_/B (sg13g2_nor2_1)
     1    0.001603    0.034458    0.042778    0.188065 ^ _0937_/Y (sg13g2_nor2_1)
                                                         _0084_ (net)
                      0.034458    0.000009    0.188074 ^ _1085_/D (sg13g2_dfrbpq_1)
                                              0.188074   data arrival time

                                  0.000000    0.000000   clock clk_i (rise edge)
                                  0.000000    0.000000   clock source latency
   101    0.462132    0.000000    0.000000    0.000000 ^ clk_i (in)
                                                         clk_i (net)
                      0.041805    0.020903    0.020903 ^ _1085_/CLK (sg13g2_dfrbpq_1)
                                  0.100000    0.120903   clock uncertainty
                                  0.000000    0.120903   clock reconvergence pessimism
                                 -0.060516    0.060386   library hold time
                                              0.060386   data required time
---------------------------------------------------------------------------------------------
                                              0.060386   data required time
                                             -0.188074   data arrival time
---------------------------------------------------------------------------------------------
                                              0.127688   slack (MET)


Startpoint: s_axil_wdata[2] (input port clocked by clk_i)
Endpoint: _1095_ (rising edge-triggered flip-flop clocked by clk_i)
Path Group: clk_i
Path Type: min

Fanout         Cap        Slew       Delay        Time   Description
---------------------------------------------------------------------------------------------
                                  0.000000    0.000000   clock clk_i (rise edge)
                                  0.000000    0.000000   clock network delay (propagated)
                                  0.000000    0.000000 ^ input external delay
     1    0.008880    0.025538    0.007499    0.007499 ^ s_axil_wdata[2] (in)
                                                         s_axil_wdata[2] (net)
                      0.025539    0.000000    0.007499 ^ _0556_/A (sg13g2_inv_1)
     2    0.006196    0.025832    0.034266    0.041765 v _0556_/Y (sg13g2_inv_1)
                                                         _0106_ (net)
                      0.025832    0.000067    0.041832 v _0976_/A (sg13g2_nand4_1)
     1    0.003246    0.029273    0.036127    0.077959 ^ _0976_/Y (sg13g2_nand4_1)
                                                         _0432_ (net)
                      0.029273    0.000023    0.077982 ^ _0977_/A2 (sg13g2_o21ai_1)
     1    0.002991    0.030112    0.051033    0.129015 v _0977_/Y (sg13g2_o21ai_1)
                                                         _0433_ (net)
                      0.030112    0.000022    0.129037 v _0978_/B (sg13g2_nor2_1)
     1    0.001813    0.035767    0.043691    0.172728 ^ _0978_/Y (sg13g2_nor2_1)
                                                         _0094_ (net)
                      0.035767    0.000013    0.172741 ^ _1095_/D (sg13g2_dfrbpq_1)
                                              0.172741   data arrival time

                                  0.000000    0.000000   clock clk_i (rise edge)
                                  0.000000    0.000000   clock source latency
   101    0.462132    0.000000    0.000000    0.000000 ^ clk_i (in)
                                                         clk_i (net)
                      0.016765    0.008383    0.008383 ^ _1095_/CLK (sg13g2_dfrbpq_1)
                                  0.100000    0.108383   clock uncertainty
                                  0.000000    0.108383   clock reconvergence pessimism
                                 -0.063563    0.044819   library hold time
                                              0.044819   data required time
---------------------------------------------------------------------------------------------
                                              0.044819   data required time
                                             -0.172741   data arrival time
---------------------------------------------------------------------------------------------
                                              0.127921   slack (MET)


Startpoint: s_axil_wdata[24] (input port clocked by clk_i)
Endpoint: _1069_ (rising edge-triggered flip-flop clocked by clk_i)
Path Group: clk_i
Path Type: min

Fanout         Cap        Slew       Delay        Time   Description
---------------------------------------------------------------------------------------------
                                  0.000000    0.000000   clock clk_i (rise edge)
                                  0.000000    0.000000   clock network delay (propagated)
                                  0.000000    0.000000 ^ input external delay
     1    0.005122    0.022180    0.004254    0.004254 ^ s_axil_wdata[24] (in)
                                                         s_axil_wdata[24] (net)
                      0.022180    0.000000    0.004254 ^ _0582_/A (sg13g2_inv_1)
     2    0.011724    0.041583    0.046095    0.050348 v _0582_/Y (sg13g2_inv_1)
                                                         _0132_ (net)
                      0.041593    0.000546    0.050894 v _0869_/A (sg13g2_nand4_1)
     1    0.003418    0.033302    0.042125    0.093019 ^ _0869_/Y (sg13g2_nand4_1)
                                                         _0351_ (net)
                      0.033302    0.000029    0.093048 ^ _0870_/A2 (sg13g2_o21ai_1)
     1    0.003317    0.032197    0.053691    0.146739 v _0870_/Y (sg13g2_o21ai_1)
                                                         _0352_ (net)
                      0.032197    0.000032    0.146771 v _0871_/B (sg13g2_nor2_1)
     1    0.001830    0.036330    0.044418    0.191189 ^ _0871_/Y (sg13g2_nor2_1)
                                                         _0068_ (net)
                      0.036330    0.000013    0.191202 ^ _1069_/D (sg13g2_dfrbpq_1)
                                              0.191202   data arrival time

                                  0.000000    0.000000   clock clk_i (rise edge)
                                  0.000000    0.000000   clock source latency
   101    0.462132    0.000000    0.000000    0.000000 ^ clk_i (in)
                                                         clk_i (net)
                      0.047066    0.023533    0.023533 ^ _1069_/CLK (sg13g2_dfrbpq_1)
                                  0.100000    0.123533   clock uncertainty
                                  0.000000    0.123533   clock reconvergence pessimism
                                 -0.060461    0.063072   library hold time
                                              0.063072   data required time
---------------------------------------------------------------------------------------------
                                              0.063072   data required time
                                             -0.191202   data arrival time
---------------------------------------------------------------------------------------------
                                              0.128131   slack (MET)


Startpoint: s_axil_wdata[23] (input port clocked by clk_i)
Endpoint: _1084_ (rising edge-triggered flip-flop clocked by clk_i)
Path Group: clk_i
Path Type: min

Fanout         Cap        Slew       Delay        Time   Description
---------------------------------------------------------------------------------------------
                                  0.000000    0.000000   clock clk_i (rise edge)
                                  0.000000    0.000000   clock network delay (propagated)
                                  0.000000    0.000000 ^ input external delay
     1    0.005291    0.022334    0.004398    0.004398 ^ s_axil_wdata[23] (in)
                                                         s_axil_wdata[23] (net)
                      0.022334    0.000000    0.004398 ^ _0567_/A (sg13g2_inv_1)
     2    0.008813    0.032946    0.039356    0.043755 v _0567_/Y (sg13g2_inv_1)
                                                         _0117_ (net)
                      0.032949    0.000259    0.044013 v _0930_/A (sg13g2_nand4_1)
     1    0.003458    0.031584    0.039227    0.083240 ^ _0930_/Y (sg13g2_nand4_1)
                                                         _0397_ (net)
                      0.031584    0.000029    0.083270 ^ _0931_/A2 (sg13g2_o21ai_1)
     1    0.003091    0.030870    0.052184    0.135454 v _0931_/Y (sg13g2_o21ai_1)
                                                         _0398_ (net)
                      0.030870    0.000024    0.135478 v _0932_/B (sg13g2_nor2_1)
     1    0.001849    0.036189    0.044131    0.179609 ^ _0932_/Y (sg13g2_nor2_1)
                                                         _0083_ (net)
                      0.036189    0.000014    0.179623 ^ _1084_/D (sg13g2_dfrbpq_1)
                                              0.179623   data arrival time

                                  0.000000    0.000000   clock clk_i (rise edge)
                                  0.000000    0.000000   clock source latency
   101    0.462132    0.000000    0.000000    0.000000 ^ clk_i (in)
                                                         clk_i (net)
                      0.026868    0.013434    0.013434 ^ _1084_/CLK (sg13g2_dfrbpq_1)
                                  0.100000    0.113434   clock uncertainty
                                  0.000000    0.113434   clock reconvergence pessimism
                                 -0.062593    0.050841   library hold time
                                              0.050841   data required time
---------------------------------------------------------------------------------------------
                                              0.050841   data required time
                                             -0.179623   data arrival time
---------------------------------------------------------------------------------------------
                                              0.128781   slack (MET)


Startpoint: s_axil_wdata[22] (input port clocked by clk_i)
Endpoint: _1083_ (rising edge-triggered flip-flop clocked by clk_i)
Path Group: clk_i
Path Type: min

Fanout         Cap        Slew       Delay        Time   Description
---------------------------------------------------------------------------------------------
                                  0.000000    0.000000   clock clk_i (rise edge)
                                  0.000000    0.000000   clock network delay (propagated)
                                  0.000000    0.000000 ^ input external delay
     1    0.005454    0.022481    0.004537    0.004537 ^ s_axil_wdata[22] (in)
                                                         s_axil_wdata[22] (net)
                      0.022482    0.000000    0.004537 ^ _0568_/A (sg13g2_inv_1)
     2    0.009069    0.033735    0.040011    0.044548 v _0568_/Y (sg13g2_inv_1)
                                                         _0118_ (net)
                      0.033739    0.000280    0.044828 v _0926_/A (sg13g2_nand4_1)
     1    0.003277    0.031095    0.038962    0.083790 ^ _0926_/Y (sg13g2_nand4_1)
                                                         _0394_ (net)
                      0.031095    0.000024    0.083814 ^ _0927_/A2 (sg13g2_o21ai_1)
     1    0.003055    0.030636    0.051878    0.135692 v _0927_/Y (sg13g2_o21ai_1)
                                                         _0395_ (net)
                      0.030636    0.000023    0.135716 v _0928_/B (sg13g2_nor2_1)
     1    0.001722    0.035201    0.043300    0.179016 ^ _0928_/Y (sg13g2_nor2_1)
                                                         _0082_ (net)
                      0.035201    0.000011    0.179027 ^ _1083_/D (sg13g2_dfrbpq_1)
                                              0.179027   data arrival time

                                  0.000000    0.000000   clock clk_i (rise edge)
                                  0.000000    0.000000   clock source latency
   101    0.462132    0.000000    0.000000    0.000000 ^ clk_i (in)
                                                         clk_i (net)
                      0.022805    0.011402    0.011402 ^ _1083_/CLK (sg13g2_dfrbpq_1)
                                  0.100000    0.111402   clock uncertainty
                                  0.000000    0.111402   clock reconvergence pessimism
                                 -0.062760    0.048642   library hold time
                                              0.048642   data required time
---------------------------------------------------------------------------------------------
                                              0.048642   data required time
                                             -0.179027   data arrival time
---------------------------------------------------------------------------------------------
                                              0.130385   slack (MET)


Startpoint: s_axil_wdata[21] (input port clocked by clk_i)
Endpoint: _1082_ (rising edge-triggered flip-flop clocked by clk_i)
Path Group: clk_i
Path Type: min

Fanout         Cap        Slew       Delay        Time   Description
---------------------------------------------------------------------------------------------
                                  0.000000    0.000000   clock clk_i (rise edge)
                                  0.000000    0.000000   clock network delay (propagated)
                                  0.000000    0.000000 ^ input external delay
     1    0.005077    0.022139    0.004216    0.004216 ^ s_axil_wdata[21] (in)
                                                         s_axil_wdata[21] (net)
                      0.022140    0.000000    0.004216 ^ _0569_/A (sg13g2_inv_1)
     2    0.009705    0.035553    0.041390    0.045606 v _0569_/Y (sg13g2_inv_1)
                                                         _0119_ (net)
                      0.035556    0.000278    0.045885 v _0922_/A (sg13g2_nand4_1)
     1    0.003435    0.032060    0.040068    0.085952 ^ _0922_/Y (sg13g2_nand4_1)
                                                         _0391_ (net)
                      0.032060    0.000028    0.085981 ^ _0923_/A2 (sg13g2_o21ai_1)
     1    0.003102    0.030977    0.052381    0.138361 v _0923_/Y (sg13g2_o21ai_1)
                                                         _0392_ (net)
                      0.030977    0.000025    0.138386 v _0924_/B (sg13g2_nor2_1)
     1    0.001796    0.035825    0.043850    0.182236 ^ _0924_/Y (sg13g2_nor2_1)
                                                         _0081_ (net)
                      0.035825    0.000013    0.182248 ^ _1082_/D (sg13g2_dfrbpq_1)
                                              0.182248   data arrival time

                                  0.000000    0.000000   clock clk_i (rise edge)
                                  0.000000    0.000000   clock source latency
   101    0.462132    0.000000    0.000000    0.000000 ^ clk_i (in)
                                                         clk_i (net)
                      0.026671    0.013335    0.013335 ^ _1082_/CLK (sg13g2_dfrbpq_1)
                                  0.100000    0.113335   clock uncertainty
                                  0.000000    0.113335   clock reconvergence pessimism
                                 -0.062515    0.050820   library hold time
                                              0.050820   data required time
---------------------------------------------------------------------------------------------
                                              0.050820   data required time
                                             -0.182248   data arrival time
---------------------------------------------------------------------------------------------
                                              0.131428   slack (MET)


Startpoint: s_axil_wdata[6] (input port clocked by clk_i)
Endpoint: _1067_ (rising edge-triggered flip-flop clocked by clk_i)
Path Group: clk_i
Path Type: min

Fanout         Cap        Slew       Delay        Time   Description
---------------------------------------------------------------------------------------------
                                  0.000000    0.000000   clock clk_i (rise edge)
                                  0.000000    0.000000   clock network delay (propagated)
                                  0.000000    0.000000 ^ input external delay
     1    0.007088    0.023948    0.005941    0.005941 ^ s_axil_wdata[6] (in)
                                                         s_axil_wdata[6] (net)
                      0.023949    0.000000    0.005941 ^ _0552_/A (sg13g2_inv_1)
     2    0.006314    0.025888    0.034024    0.039965 v _0552_/Y (sg13g2_inv_1)
                                                         _0102_ (net)
                      0.025888    0.000077    0.040042 v _0860_/A (sg13g2_nand4_1)
     1    0.003553    0.030414    0.037035    0.077078 ^ _0860_/Y (sg13g2_nand4_1)
                                                         _0344_ (net)
                      0.030414    0.000033    0.077111 ^ _0861_/A2 (sg13g2_o21ai_1)
     1    0.003849    0.034594    0.055060    0.132170 v _0861_/Y (sg13g2_o21ai_1)
                                                         _0345_ (net)
                      0.034594    0.000050    0.132221 v _0862_/B (sg13g2_nor2_1)
     1    0.001951    0.037717    0.045859    0.178080 ^ _0862_/Y (sg13g2_nor2_1)
                                                         _0066_ (net)
                      0.037717    0.000015    0.178096 ^ _1067_/D (sg13g2_dfrbpq_1)
                                              0.178096   data arrival time

                                  0.000000    0.000000   clock clk_i (rise edge)
                                  0.000000    0.000000   clock source latency
   101    0.462132    0.000000    0.000000    0.000000 ^ clk_i (in)
                                                         clk_i (net)
                      0.018865    0.009432    0.009432 ^ _1067_/CLK (sg13g2_dfrbpq_1)
                                  0.100000    0.109432   clock uncertainty
                                  0.000000    0.109432   clock reconvergence pessimism
                                 -0.063869    0.045563   library hold time
                                              0.045563   data required time
---------------------------------------------------------------------------------------------
                                              0.045563   data required time
                                             -0.178096   data arrival time
---------------------------------------------------------------------------------------------
                                              0.132533   slack (MET)


Startpoint: s_axil_wdata[7] (input port clocked by clk_i)
Endpoint: _1068_ (rising edge-triggered flip-flop clocked by clk_i)
Path Group: clk_i
Path Type: min

Fanout         Cap        Slew       Delay        Time   Description
---------------------------------------------------------------------------------------------
                                  0.000000    0.000000   clock clk_i (rise edge)
                                  0.000000    0.000000   clock network delay (propagated)
                                  0.000000    0.000000 ^ input external delay
     1    0.008695    0.025375    0.007349    0.007349 ^ s_axil_wdata[7] (in)
                                                         s_axil_wdata[7] (net)
                      0.025375    0.000000    0.007349 ^ _0551_/A (sg13g2_inv_1)
     2    0.006344    0.026230    0.034567    0.041916 v _0551_/Y (sg13g2_inv_1)
                                                         _0101_ (net)
                      0.026230    0.000082    0.041998 v _0864_/A (sg13g2_nand4_1)
     1    0.003674    0.030931    0.037506    0.079504 ^ _0864_/Y (sg13g2_nand4_1)
                                                         _0347_ (net)
                      0.030931    0.000037    0.079541 ^ _0865_/A2 (sg13g2_o21ai_1)
     1    0.003724    0.034012    0.054690    0.134231 v _0865_/Y (sg13g2_o21ai_1)
                                                         _0348_ (net)
                      0.034012    0.000045    0.134276 v _0866_/B (sg13g2_nor2_1)
     1    0.001692    0.035690    0.044127    0.178403 ^ _0866_/Y (sg13g2_nor2_1)
                                                         _0067_ (net)
                      0.035690    0.000011    0.178414 ^ _1068_/D (sg13g2_dfrbpq_1)
                                              0.178414   data arrival time

                                  0.000000    0.000000   clock clk_i (rise edge)
                                  0.000000    0.000000   clock source latency
   101    0.462132    0.000000    0.000000    0.000000 ^ clk_i (in)
                                                         clk_i (net)
                      0.018397    0.009199    0.009199 ^ _1068_/CLK (sg13g2_dfrbpq_1)
                                  0.100000    0.109199   clock uncertainty
                                  0.000000    0.109199   clock reconvergence pessimism
                                 -0.063367    0.045832   library hold time
                                              0.045832   data required time
---------------------------------------------------------------------------------------------
                                              0.045832   data required time
                                             -0.178414   data arrival time
---------------------------------------------------------------------------------------------
                                              0.132582   slack (MET)


Startpoint: s_axil_wdata[16] (input port clocked by clk_i)
Endpoint: _1045_ (rising edge-triggered flip-flop clocked by clk_i)
Path Group: clk_i
Path Type: min

Fanout         Cap        Slew       Delay        Time   Description
---------------------------------------------------------------------------------------------
                                  0.000000    0.000000   clock clk_i (rise edge)
                                  0.000000    0.000000   clock network delay (propagated)
                                  0.000000    0.000000 ^ input external delay
     1    0.005088    0.022150    0.004225    0.004225 ^ s_axil_wdata[16] (in)
                                                         s_axil_wdata[16] (net)
                      0.022150    0.000000    0.004225 ^ _0574_/A (sg13g2_inv_1)
     2    0.005689    0.023763    0.031958    0.036183 v _0574_/Y (sg13g2_inv_1)
                                                         _0124_ (net)
                      0.023763    0.000033    0.036216 v _0770_/A (sg13g2_nand4_1)
     1    0.003979    0.031531    0.037517    0.073734 ^ _0770_/Y (sg13g2_nand4_1)
                                                         _0276_ (net)
                      0.031531    0.000046    0.073780 ^ _0771_/A2 (sg13g2_o21ai_1)
     1    0.003440    0.032633    0.053663    0.127443 v _0771_/Y (sg13g2_o21ai_1)
                                                         _0277_ (net)
                      0.032633    0.000034    0.127477 v _0772_/B (sg13g2_nor2_1)
     1    0.002623    0.042257    0.049313    0.176789 ^ _0772_/Y (sg13g2_nor2_1)
                                                         _0044_ (net)
                      0.042257    0.000030    0.176819 ^ _1045_/D (sg13g2_dfrbpq_1)
                                              0.176819   data arrival time

                                  0.000000    0.000000   clock clk_i (rise edge)
                                  0.000000    0.000000   clock source latency
   101    0.462132    0.000000    0.000000    0.000000 ^ clk_i (in)
                                                         clk_i (net)
                      0.017858    0.008929    0.008929 ^ _1045_/CLK (sg13g2_dfrbpq_1)
                                  0.100000    0.108929   clock uncertainty
                                  0.000000    0.108929   clock reconvergence pessimism
                                 -0.065216    0.043713   library hold time
                                              0.043713   data required time
---------------------------------------------------------------------------------------------
                                              0.043713   data required time
                                             -0.176819   data arrival time
---------------------------------------------------------------------------------------------
                                              0.133106   slack (MET)


Startpoint: s_axil_wdata[19] (input port clocked by clk_i)
Endpoint: _1048_ (rising edge-triggered flip-flop clocked by clk_i)
Path Group: clk_i
Path Type: min

Fanout         Cap        Slew       Delay        Time   Description
---------------------------------------------------------------------------------------------
                                  0.000000    0.000000   clock clk_i (rise edge)
                                  0.000000    0.000000   clock network delay (propagated)
                                  0.000000    0.000000 ^ input external delay
     1    0.005069    0.022133    0.004209    0.004209 ^ s_axil_wdata[19] (in)
                                                         s_axil_wdata[19] (net)
                      0.022133    0.000000    0.004209 ^ _0571_/A (sg13g2_inv_1)
     2    0.007213    0.028171    0.035570    0.039780 v _0571_/Y (sg13g2_inv_1)
                                                         _0121_ (net)
                      0.028171    0.000047    0.039827 v _0782_/A (sg13g2_nand4_1)
     1    0.003486    0.030660    0.037641    0.077467 ^ _0782_/Y (sg13g2_nand4_1)
                                                         _0285_ (net)
                      0.030660    0.000029    0.077497 ^ _0783_/A2 (sg13g2_o21ai_1)
     1    0.003478    0.032732    0.053550    0.131047 v _0783_/Y (sg13g2_o21ai_1)
                                                         _0286_ (net)
                      0.032732    0.000035    0.131082 v _0784_/B (sg13g2_nor2_1)
     1    0.002188    0.039074    0.046725    0.177807 ^ _0784_/Y (sg13g2_nor2_1)
                                                         _0047_ (net)
                      0.039074    0.000020    0.177827 ^ _1048_/D (sg13g2_dfrbpq_1)
                                              0.177827   data arrival time

                                  0.000000    0.000000   clock clk_i (rise edge)
                                  0.000000    0.000000   clock source latency
   101    0.462132    0.000000    0.000000    0.000000 ^ clk_i (in)
                                                         clk_i (net)
                      0.017953    0.008976    0.008976 ^ _1048_/CLK (sg13g2_dfrbpq_1)
                                  0.100000    0.108976   clock uncertainty
                                  0.000000    0.108976   clock reconvergence pessimism
                                 -0.064337    0.044639   library hold time
                                              0.044639   data required time
---------------------------------------------------------------------------------------------
                                              0.044639   data required time
                                             -0.177827   data arrival time
---------------------------------------------------------------------------------------------
                                              0.133188   slack (MET)


Startpoint: s_axil_wdata[18] (input port clocked by clk_i)
Endpoint: _1047_ (rising edge-triggered flip-flop clocked by clk_i)
Path Group: clk_i
Path Type: min

Fanout         Cap        Slew       Delay        Time   Description
---------------------------------------------------------------------------------------------
                                  0.000000    0.000000   clock clk_i (rise edge)
                                  0.000000    0.000000   clock network delay (propagated)
                                  0.000000    0.000000 ^ input external delay
     1    0.005865    0.022853    0.004892    0.004892 ^ s_axil_wdata[18] (in)
                                                         s_axil_wdata[18] (net)
                      0.022853    0.000000    0.004892 ^ _0572_/A (sg13g2_inv_1)
     2    0.007099    0.027978    0.035514    0.040406 v _0572_/Y (sg13g2_inv_1)
                                                         _0122_ (net)
                      0.027978    0.000127    0.040533 v _0778_/A (sg13g2_nand4_1)
     1    0.003832    0.031885    0.038583    0.079116 ^ _0778_/Y (sg13g2_nand4_1)
                                                         _0282_ (net)
                      0.031885    0.000041    0.079157 ^ _0779_/A2 (sg13g2_o21ai_1)
     1    0.003449    0.032718    0.053815    0.132972 v _0779_/Y (sg13g2_o21ai_1)
                                                         _0283_ (net)
                      0.032718    0.000035    0.133006 v _0780_/B (sg13g2_nor2_1)
     1    0.002291    0.039830    0.047342    0.180348 ^ _0780_/Y (sg13g2_nor2_1)
                                                         _0046_ (net)
                      0.039830    0.000022    0.180370 ^ _1047_/D (sg13g2_dfrbpq_1)
                                              0.180370   data arrival time

                                  0.000000    0.000000   clock clk_i (rise edge)
                                  0.000000    0.000000   clock source latency
   101    0.462132    0.000000    0.000000    0.000000 ^ clk_i (in)
                                                         clk_i (net)
                      0.022208    0.011104    0.011104 ^ _1047_/CLK (sg13g2_dfrbpq_1)
                                  0.100000    0.111104   clock uncertainty
                                  0.000000    0.111104   clock reconvergence pessimism
                                 -0.064087    0.047018   library hold time
                                              0.047018   data required time
---------------------------------------------------------------------------------------------
                                              0.047018   data required time
                                             -0.180370   data arrival time
---------------------------------------------------------------------------------------------
                                              0.133352   slack (MET)


Startpoint: s_axil_wdata[17] (input port clocked by clk_i)
Endpoint: _1046_ (rising edge-triggered flip-flop clocked by clk_i)
Path Group: clk_i
Path Type: min

Fanout         Cap        Slew       Delay        Time   Description
---------------------------------------------------------------------------------------------
                                  0.000000    0.000000   clock clk_i (rise edge)
                                  0.000000    0.000000   clock network delay (propagated)
                                  0.000000    0.000000 ^ input external delay
     1    0.005124    0.022183    0.004256    0.004256 ^ s_axil_wdata[17] (in)
                                                         s_axil_wdata[17] (net)
                      0.022183    0.000000    0.004256 ^ _0573_/A (sg13g2_inv_1)
     2    0.006014    0.024702    0.032733    0.036990 v _0573_/Y (sg13g2_inv_1)
                                                         _0123_ (net)
                      0.024702    0.000046    0.037036 v _0774_/A (sg13g2_nand4_1)
     1    0.003771    0.030964    0.037251    0.074286 ^ _0774_/Y (sg13g2_nand4_1)
                                                         _0279_ (net)
                      0.030964    0.000039    0.074325 ^ _0775_/A2 (sg13g2_o21ai_1)
     1    0.003559    0.033176    0.053993    0.128318 v _0775_/Y (sg13g2_o21ai_1)
                                                         _0280_ (net)
                      0.033176    0.000037    0.128356 v _0776_/B (sg13g2_nor2_1)
     1    0.002564    0.041933    0.049124    0.177479 ^ _0776_/Y (sg13g2_nor2_1)
                                                         _0045_ (net)
                      0.041933    0.000028    0.177508 ^ _1046_/D (sg13g2_dfrbpq_1)
                                              0.177508   data arrival time

                                  0.000000    0.000000   clock clk_i (rise edge)
                                  0.000000    0.000000   clock source latency
   101    0.462132    0.000000    0.000000    0.000000 ^ clk_i (in)
                                                         clk_i (net)
                      0.017878    0.008939    0.008939 ^ _1046_/CLK (sg13g2_dfrbpq_1)
                                  0.100000    0.108939   clock uncertainty
                                  0.000000    0.108939   clock reconvergence pessimism
                                 -0.065125    0.043814   library hold time
                                              0.043814   data required time
---------------------------------------------------------------------------------------------
                                              0.043814   data required time
                                             -0.177508   data arrival time
---------------------------------------------------------------------------------------------
                                              0.133694   slack (MET)


Startpoint: s_axil_wdata[5] (input port clocked by clk_i)
Endpoint: _1066_ (rising edge-triggered flip-flop clocked by clk_i)
Path Group: clk_i
Path Type: min

Fanout         Cap        Slew       Delay        Time   Description
---------------------------------------------------------------------------------------------
                                  0.000000    0.000000   clock clk_i (rise edge)
                                  0.000000    0.000000   clock network delay (propagated)
                                  0.000000    0.000000 ^ input external delay
     1    0.008260    0.024990    0.006958    0.006958 ^ s_axil_wdata[5] (in)
                                                         s_axil_wdata[5] (net)
                      0.024991    0.000000    0.006958 ^ _0553_/A (sg13g2_inv_1)
     2    0.005916    0.024923    0.033413    0.040371 v _0553_/Y (sg13g2_inv_1)
                                                         _0103_ (net)
                      0.024923    0.000058    0.040429 v _0856_/A (sg13g2_nand4_1)
     1    0.003562    0.030241    0.036724    0.077153 ^ _0856_/Y (sg13g2_nand4_1)
                                                         _0341_ (net)
                      0.030241    0.000033    0.077186 ^ _0857_/A2 (sg13g2_o21ai_1)
     1    0.004188    0.036328    0.056454    0.133640 v _0857_/Y (sg13g2_o21ai_1)
                                                         _0342_ (net)
                      0.036328    0.000064    0.133705 v _0858_/B (sg13g2_nor2_1)
     1    0.001802    0.036949    0.045483    0.179188 ^ _0858_/Y (sg13g2_nor2_1)
                                                         _0065_ (net)
                      0.036949    0.000013    0.179201 ^ _1066_/D (sg13g2_dfrbpq_1)
                                              0.179201   data arrival time

                                  0.000000    0.000000   clock clk_i (rise edge)
                                  0.000000    0.000000   clock source latency
   101    0.462132    0.000000    0.000000    0.000000 ^ clk_i (in)
                                                         clk_i (net)
                      0.017812    0.008906    0.008906 ^ _1066_/CLK (sg13g2_dfrbpq_1)
                                  0.100000    0.108906   clock uncertainty
                                  0.000000    0.108906   clock reconvergence pessimism
                                 -0.063773    0.045132   library hold time
                                              0.045132   data required time
---------------------------------------------------------------------------------------------
                                              0.045132   data required time
                                             -0.179201   data arrival time
---------------------------------------------------------------------------------------------
                                              0.134069   slack (MET)


Startpoint: s_axil_wdata[22] (input port clocked by clk_i)
Endpoint: _1051_ (rising edge-triggered flip-flop clocked by clk_i)
Path Group: clk_i
Path Type: min

Fanout         Cap        Slew       Delay        Time   Description
---------------------------------------------------------------------------------------------
                                  0.000000    0.000000   clock clk_i (rise edge)
                                  0.000000    0.000000   clock network delay (propagated)
                                  0.000000    0.000000 ^ input external delay
     1    0.005454    0.022481    0.004537    0.004537 ^ s_axil_wdata[22] (in)
                                                         s_axil_wdata[22] (net)
                      0.022482    0.000000    0.004537 ^ _0568_/A (sg13g2_inv_1)
     2    0.009069    0.033735    0.040011    0.044548 v _0568_/Y (sg13g2_inv_1)
                                                         _0118_ (net)
                      0.033739    0.000285    0.044834 v _0794_/A (sg13g2_nand4_1)
     1    0.003636    0.032400    0.040033    0.084867 ^ _0794_/Y (sg13g2_nand4_1)
                                                         _0294_ (net)
                      0.032400    0.000035    0.084902 ^ _0795_/A2 (sg13g2_o21ai_1)
     1    0.003406    0.032554    0.053791    0.138694 v _0795_/Y (sg13g2_o21ai_1)
                                                         _0295_ (net)
                      0.032554    0.000034    0.138728 v _0796_/B (sg13g2_nor2_1)
     1    0.001786    0.036081    0.044260    0.182988 ^ _0796_/Y (sg13g2_nor2_1)
                                                         _0050_ (net)
                      0.036081    0.000013    0.183001 ^ _1051_/D (sg13g2_dfrbpq_1)
                                              0.183001   data arrival time

                                  0.000000    0.000000   clock clk_i (rise edge)
                                  0.000000    0.000000   clock source latency
   101    0.462132    0.000000    0.000000    0.000000 ^ clk_i (in)
                                                         clk_i (net)
                      0.022692    0.011346    0.011346 ^ _1051_/CLK (sg13g2_dfrbpq_1)
                                  0.100000    0.111346   clock uncertainty
                                  0.000000    0.111346   clock reconvergence pessimism
                                 -0.063012    0.048334   library hold time
                                              0.048334   data required time
---------------------------------------------------------------------------------------------
                                              0.048334   data required time
                                             -0.183001   data arrival time
---------------------------------------------------------------------------------------------
                                              0.134667   slack (MET)


Startpoint: s_axil_wdata[8] (input port clocked by clk_i)
Endpoint: _1053_ (rising edge-triggered flip-flop clocked by clk_i)
Path Group: clk_i
Path Type: min

Fanout         Cap        Slew       Delay        Time   Description
---------------------------------------------------------------------------------------------
                                  0.000000    0.000000   clock clk_i (rise edge)
                                  0.000000    0.000000   clock network delay (propagated)
                                  0.000000    0.000000 ^ input external delay
     1    0.006001    0.022976    0.005006    0.005006 ^ s_axil_wdata[8] (in)
                                                         s_axil_wdata[8] (net)
                      0.022976    0.000000    0.005006 ^ _0566_/A (sg13g2_inv_1)
     2    0.011454    0.040932    0.045794    0.050800 v _0566_/Y (sg13g2_inv_1)
                                                         _0116_ (net)
                      0.040941    0.000518    0.051318 v _0803_/A (sg13g2_nand4_1)
     1    0.003631    0.033923    0.042548    0.093866 ^ _0803_/Y (sg13g2_nand4_1)
                                                         _0301_ (net)
                      0.033923    0.000035    0.093901 ^ _0804_/A2 (sg13g2_o21ai_1)
     1    0.003377    0.032565    0.054142    0.148043 v _0804_/Y (sg13g2_o21ai_1)
                                                         _0302_ (net)
                      0.032565    0.000033    0.148076 v _0805_/B (sg13g2_nor2_1)
     1    0.001962    0.037379    0.045320    0.193396 ^ _0805_/Y (sg13g2_nor2_1)
                                                         _0052_ (net)
                      0.037379    0.000016    0.193412 ^ _1053_/D (sg13g2_dfrbpq_1)
                                              0.193412   data arrival time

                                  0.000000    0.000000   clock clk_i (rise edge)
                                  0.000000    0.000000   clock source latency
   101    0.462132    0.000000    0.000000    0.000000 ^ clk_i (in)
                                                         clk_i (net)
                      0.039565    0.019783    0.019783 ^ _1053_/CLK (sg13g2_dfrbpq_1)
                                  0.100000    0.119783   clock uncertainty
                                  0.000000    0.119783   clock reconvergence pessimism
                                 -0.061553    0.058229   library hold time
                                              0.058229   data required time
---------------------------------------------------------------------------------------------
                                              0.058229   data required time
                                             -0.193412   data arrival time
---------------------------------------------------------------------------------------------
                                              0.135182   slack (MET)


Startpoint: s_axil_wdata[27] (input port clocked by clk_i)
Endpoint: _1072_ (rising edge-triggered flip-flop clocked by clk_i)
Path Group: clk_i
Path Type: min

Fanout         Cap        Slew       Delay        Time   Description
---------------------------------------------------------------------------------------------
                                  0.000000    0.000000   clock clk_i (rise edge)
                                  0.000000    0.000000   clock network delay (propagated)
                                  0.000000    0.000000 ^ input external delay
     1    0.005243    0.022290    0.004357    0.004357 ^ s_axil_wdata[27] (in)
                                                         s_axil_wdata[27] (net)
                      0.022290    0.000000    0.004357 ^ _0579_/A (sg13g2_inv_1)
     2    0.010510    0.037973    0.043308    0.047665 v _0579_/Y (sg13g2_inv_1)
                                                         _0129_ (net)
                      0.037980    0.000421    0.048086 v _0881_/A (sg13g2_nand4_1)
     1    0.003613    0.033224    0.041454    0.089540 ^ _0881_/Y (sg13g2_nand4_1)
                                                         _0360_ (net)
                      0.033224    0.000034    0.089574 ^ _0882_/A2 (sg13g2_o21ai_1)
     1    0.003294    0.032072    0.053568    0.143142 v _0882_/Y (sg13g2_o21ai_1)
                                                         _0361_ (net)
                      0.032072    0.000030    0.143172 v _0883_/B (sg13g2_nor2_1)
     1    0.001753    0.035737    0.043919    0.187091 ^ _0883_/Y (sg13g2_nor2_1)
                                                         _0071_ (net)
                      0.035737    0.000012    0.187103 ^ _1072_/D (sg13g2_dfrbpq_1)
                                              0.187103   data arrival time

                                  0.000000    0.000000   clock clk_i (rise edge)
                                  0.000000    0.000000   clock source latency
   101    0.462132    0.000000    0.000000    0.000000 ^ clk_i (in)
                                                         clk_i (net)
                      0.027547    0.013774    0.013774 ^ _1072_/CLK (sg13g2_dfrbpq_1)
                                  0.100000    0.113774   clock uncertainty
                                  0.000000    0.113774   clock reconvergence pessimism
                                 -0.062397    0.051377   library hold time
                                              0.051377   data required time
---------------------------------------------------------------------------------------------
                                              0.051377   data required time
                                             -0.187103   data arrival time
---------------------------------------------------------------------------------------------
                                              0.135726   slack (MET)


Startpoint: s_axil_wdata[10] (input port clocked by clk_i)
Endpoint: _1087_ (rising edge-triggered flip-flop clocked by clk_i)
Path Group: clk_i
Path Type: min

Fanout         Cap        Slew       Delay        Time   Description
---------------------------------------------------------------------------------------------
                                  0.000000    0.000000   clock clk_i (rise edge)
                                  0.000000    0.000000   clock network delay (propagated)
                                  0.000000    0.000000 ^ input external delay
     1    0.005390    0.022424    0.004483    0.004483 ^ s_axil_wdata[10] (in)
                                                         s_axil_wdata[10] (net)
                      0.022424    0.000000    0.004483 ^ _0564_/A (sg13g2_inv_1)
     2    0.014853    0.051085    0.053468    0.057951 v _0564_/Y (sg13g2_inv_1)
                                                         _0114_ (net)
                      0.051107    0.000897    0.058848 v _0943_/A (sg13g2_nand4_1)
     1    0.003294    0.034915    0.045052    0.103900 ^ _0943_/Y (sg13g2_nand4_1)
                                                         _0407_ (net)
                      0.034915    0.000024    0.103924 ^ _0944_/A2 (sg13g2_o21ai_1)
     1    0.002848    0.029996    0.052175    0.156099 v _0944_/Y (sg13g2_o21ai_1)
                                                         _0408_ (net)
                      0.029996    0.000017    0.156116 v _0945_/B (sg13g2_nor2_1)
     1    0.001712    0.034991    0.043048    0.199164 ^ _0945_/Y (sg13g2_nor2_1)
                                                         _0086_ (net)
                      0.034991    0.000011    0.199175 ^ _1087_/D (sg13g2_dfrbpq_1)
                                              0.199175   data arrival time

                                  0.000000    0.000000   clock clk_i (rise edge)
                                  0.000000    0.000000   clock source latency
   101    0.462132    0.000000    0.000000    0.000000 ^ clk_i (in)
                                                         clk_i (net)
                      0.046325    0.023162    0.023162 ^ _1087_/CLK (sg13g2_dfrbpq_1)
                                  0.100000    0.123162   clock uncertainty
                                  0.000000    0.123162   clock reconvergence pessimism
                                 -0.060176    0.062986   library hold time
                                              0.062986   data required time
---------------------------------------------------------------------------------------------
                                              0.062986   data required time
                                             -0.199175   data arrival time
---------------------------------------------------------------------------------------------
                                              0.136189   slack (MET)


Startpoint: s_axil_wdata[3] (input port clocked by clk_i)
Endpoint: _1064_ (rising edge-triggered flip-flop clocked by clk_i)
Path Group: clk_i
Path Type: min

Fanout         Cap        Slew       Delay        Time   Description
---------------------------------------------------------------------------------------------
                                  0.000000    0.000000   clock clk_i (rise edge)
                                  0.000000    0.000000   clock network delay (propagated)
                                  0.000000    0.000000 ^ input external delay
     1    0.007318    0.024154    0.006140    0.006140 ^ s_axil_wdata[3] (in)
                                                         s_axil_wdata[3] (net)
                      0.024154    0.000000    0.006140 ^ _0555_/A (sg13g2_inv_1)
     2    0.010160    0.037301    0.043216    0.049356 v _0555_/Y (sg13g2_inv_1)
                                                         _0105_ (net)
                      0.037306    0.000388    0.049744 v _0848_/A (sg13g2_nand4_1)
     1    0.003710    0.033430    0.041510    0.091254 ^ _0848_/Y (sg13g2_nand4_1)
                                                         _0335_ (net)
                      0.033430    0.000039    0.091293 ^ _0849_/A2 (sg13g2_o21ai_1)
     1    0.003927    0.035308    0.056353    0.147646 v _0849_/Y (sg13g2_o21ai_1)
                                                         _0336_ (net)
                      0.035308    0.000054    0.147700 v _0850_/B (sg13g2_nor2_1)
     1    0.001855    0.037165    0.045499    0.193199 ^ _0850_/Y (sg13g2_nor2_1)
                                                         _0063_ (net)
                      0.037165    0.000014    0.193213 ^ _1064_/D (sg13g2_dfrbpq_1)
                                              0.193213   data arrival time

                                  0.000000    0.000000   clock clk_i (rise edge)
                                  0.000000    0.000000   clock source latency
   101    0.462132    0.000000    0.000000    0.000000 ^ clk_i (in)
                                                         clk_i (net)
                      0.036935    0.018467    0.018467 ^ _1064_/CLK (sg13g2_dfrbpq_1)
                                  0.100000    0.118467   clock uncertainty
                                  0.000000    0.118467   clock reconvergence pessimism
                                 -0.061777    0.056690   library hold time
                                              0.056690   data required time
---------------------------------------------------------------------------------------------
                                              0.056690   data required time
                                             -0.193213   data arrival time
---------------------------------------------------------------------------------------------
                                              0.136523   slack (MET)


Startpoint: s_axil_wdata[25] (input port clocked by clk_i)
Endpoint: _1070_ (rising edge-triggered flip-flop clocked by clk_i)
Path Group: clk_i
Path Type: min

Fanout         Cap        Slew       Delay        Time   Description
---------------------------------------------------------------------------------------------
                                  0.000000    0.000000   clock clk_i (rise edge)
                                  0.000000    0.000000   clock network delay (propagated)
                                  0.000000    0.000000 ^ input external delay
     1    0.005074    0.022137    0.004213    0.004213 ^ s_axil_wdata[25] (in)
                                                         s_axil_wdata[25] (net)
                      0.022137    0.000000    0.004213 ^ _0581_/A (sg13g2_inv_1)
     2    0.014200    0.049015    0.051823    0.056037 v _0581_/Y (sg13g2_inv_1)
                                                         _0131_ (net)
                      0.049036    0.000855    0.056891 v _0873_/A (sg13g2_nand4_1)
     1    0.003471    0.035089    0.044886    0.101777 ^ _0873_/Y (sg13g2_nand4_1)
                                                         _0354_ (net)
                      0.035089    0.000030    0.101807 ^ _0874_/A2 (sg13g2_o21ai_1)
     1    0.003399    0.032803    0.054606    0.156413 v _0874_/Y (sg13g2_o21ai_1)
                                                         _0355_ (net)
                      0.032803    0.000034    0.156447 v _0875_/B (sg13g2_nor2_1)
     1    0.001910    0.037047    0.045080    0.201527 ^ _0875_/Y (sg13g2_nor2_1)
                                                         _0069_ (net)
                      0.037047    0.000015    0.201542 ^ _1070_/D (sg13g2_dfrbpq_1)
                                              0.201542   data arrival time

                                  0.000000    0.000000   clock clk_i (rise edge)
                                  0.000000    0.000000   clock source latency
   101    0.462132    0.000000    0.000000    0.000000 ^ clk_i (in)
                                                         clk_i (net)
                      0.049412    0.024706    0.024706 ^ _1070_/CLK (sg13g2_dfrbpq_1)
                                  0.100000    0.124706   clock uncertainty
                                  0.000000    0.124706   clock reconvergence pessimism
                                 -0.060405    0.064301   library hold time
                                              0.064301   data required time
---------------------------------------------------------------------------------------------
                                              0.064301   data required time
                                             -0.201542   data arrival time
---------------------------------------------------------------------------------------------
                                              0.137240   slack (MET)


Startpoint: s_axil_wdata[26] (input port clocked by clk_i)
Endpoint: _1071_ (rising edge-triggered flip-flop clocked by clk_i)
Path Group: clk_i
Path Type: min

Fanout         Cap        Slew       Delay        Time   Description
---------------------------------------------------------------------------------------------
                                  0.000000    0.000000   clock clk_i (rise edge)
                                  0.000000    0.000000   clock network delay (propagated)
                                  0.000000    0.000000 ^ input external delay
     1    0.005216    0.022266    0.004334    0.004334 ^ s_axil_wdata[26] (in)
                                                         s_axil_wdata[26] (net)
                      0.022266    0.000000    0.004334 ^ _0580_/A (sg13g2_inv_1)
     2    0.010771    0.038748    0.043912    0.048246 v _0580_/Y (sg13g2_inv_1)
                                                         _0130_ (net)
                      0.038755    0.000434    0.048681 v _0877_/A (sg13g2_nand4_1)
     1    0.003746    0.033867    0.042127    0.090808 ^ _0877_/Y (sg13g2_nand4_1)
                                                         _0357_ (net)
                      0.033867    0.000039    0.090847 ^ _0878_/A2 (sg13g2_o21ai_1)
     1    0.003357    0.032462    0.054042    0.144888 v _0878_/Y (sg13g2_o21ai_1)
                                                         _0358_ (net)
                      0.032462    0.000032    0.144921 v _0879_/B (sg13g2_nor2_1)
     1    0.001810    0.036235    0.044374    0.189295 ^ _0879_/Y (sg13g2_nor2_1)
                                                         _0070_ (net)
                      0.036235    0.000013    0.189307 ^ _1071_/D (sg13g2_dfrbpq_1)
                                              0.189307   data arrival time

                                  0.000000    0.000000   clock clk_i (rise edge)
                                  0.000000    0.000000   clock source latency
   101    0.462132    0.000000    0.000000    0.000000 ^ clk_i (in)
                                                         clk_i (net)
                      0.027582    0.013791    0.013791 ^ _1071_/CLK (sg13g2_dfrbpq_1)
                                  0.100000    0.113791   clock uncertainty
                                  0.000000    0.113791   clock reconvergence pessimism
                                 -0.062529    0.051262   library hold time
                                              0.051262   data required time
---------------------------------------------------------------------------------------------
                                              0.051262   data required time
                                             -0.189307   data arrival time
---------------------------------------------------------------------------------------------
                                              0.138045   slack (MET)


Startpoint: s_axil_wdata[28] (input port clocked by clk_i)
Endpoint: _1073_ (rising edge-triggered flip-flop clocked by clk_i)
Path Group: clk_i
Path Type: min

Fanout         Cap        Slew       Delay        Time   Description
---------------------------------------------------------------------------------------------
                                  0.000000    0.000000   clock clk_i (rise edge)
                                  0.000000    0.000000   clock network delay (propagated)
                                  0.000000    0.000000 ^ input external delay
     1    0.005119    0.022178    0.004252    0.004252 ^ s_axil_wdata[28] (in)
                                                         s_axil_wdata[28] (net)
                      0.022178    0.000000    0.004252 ^ _0578_/A (sg13g2_inv_1)
     2    0.014365    0.049556    0.052223    0.056475 v _0578_/Y (sg13g2_inv_1)
                                                         _0128_ (net)
                      0.049578    0.000872    0.057347 v _0885_/A (sg13g2_nand4_1)
     1    0.003572    0.035562    0.045393    0.102741 ^ _0885_/Y (sg13g2_nand4_1)
                                                         _0363_ (net)
                      0.035562    0.000034    0.102774 ^ _0886_/A2 (sg13g2_o21ai_1)
     1    0.003478    0.033253    0.055095    0.157870 v _0886_/Y (sg13g2_o21ai_1)
                                                         _0364_ (net)
                      0.033253    0.000037    0.157906 v _0887_/B (sg13g2_nor2_1)
     1    0.001898    0.037053    0.045143    0.203049 ^ _0887_/Y (sg13g2_nor2_1)
                                                         _0072_ (net)
                      0.037053    0.000015    0.203064 ^ _1073_/D (sg13g2_dfrbpq_1)
                                              0.203064   data arrival time

                                  0.000000    0.000000   clock clk_i (rise edge)
                                  0.000000    0.000000   clock source latency
   101    0.462132    0.000000    0.000000    0.000000 ^ clk_i (in)
                                                         clk_i (net)
                      0.049789    0.024894    0.024894 ^ _1073_/CLK (sg13g2_dfrbpq_1)
                                  0.100000    0.124894   clock uncertainty
                                  0.000000    0.124894   clock reconvergence pessimism
                                 -0.060366    0.064529   library hold time
                                              0.064529   data required time
---------------------------------------------------------------------------------------------
                                              0.064529   data required time
                                             -0.203064   data arrival time
---------------------------------------------------------------------------------------------
                                              0.138535   slack (MET)


Startpoint: s_axil_wdata[3] (input port clocked by clk_i)
Endpoint: _1096_ (rising edge-triggered flip-flop clocked by clk_i)
Path Group: clk_i
Path Type: min

Fanout         Cap        Slew       Delay        Time   Description
---------------------------------------------------------------------------------------------
                                  0.000000    0.000000   clock clk_i (rise edge)
                                  0.000000    0.000000   clock network delay (propagated)
                                  0.000000    0.000000 ^ input external delay
     1    0.007318    0.024154    0.006140    0.006140 ^ s_axil_wdata[3] (in)
                                                         s_axil_wdata[3] (net)
                      0.024154    0.000000    0.006140 ^ _0555_/A (sg13g2_inv_1)
     2    0.010160    0.037301    0.043216    0.049356 v _0555_/Y (sg13g2_inv_1)
                                                         _0105_ (net)
                      0.037306    0.000380    0.049737 v _0980_/A (sg13g2_nand4_1)
     1    0.003094    0.031208    0.039650    0.089386 ^ _0980_/Y (sg13g2_nand4_1)
                                                         _0435_ (net)
                      0.031208    0.000018    0.089405 ^ _0981_/A2 (sg13g2_o21ai_1)
     1    0.003050    0.030622    0.051891    0.141296 v _0981_/Y (sg13g2_o21ai_1)
                                                         _0436_ (net)
                      0.030622    0.000023    0.141319 v _0982_/B (sg13g2_nor2_1)
     1    0.001813    0.035872    0.043842    0.185161 ^ _0982_/Y (sg13g2_nor2_1)
                                                         _0095_ (net)
                      0.035872    0.000013    0.185174 ^ _1096_/D (sg13g2_dfrbpq_1)
                                              0.185174   data arrival time

                                  0.000000    0.000000   clock clk_i (rise edge)
                                  0.000000    0.000000   clock source latency
   101    0.462132    0.000000    0.000000    0.000000 ^ clk_i (in)
                                                         clk_i (net)
                      0.018341    0.009171    0.009171 ^ _1096_/CLK (sg13g2_dfrbpq_1)
                                  0.100000    0.109171   clock uncertainty
                                  0.000000    0.109171   clock reconvergence pessimism
                                 -0.063423    0.045748   library hold time
                                              0.045748   data required time
---------------------------------------------------------------------------------------------
                                              0.045748   data required time
                                             -0.185174   data arrival time
---------------------------------------------------------------------------------------------
                                              0.139426   slack (MET)


Startpoint: s_axil_wdata[20] (input port clocked by clk_i)
Endpoint: _1049_ (rising edge-triggered flip-flop clocked by clk_i)
Path Group: clk_i
Path Type: min

Fanout         Cap        Slew       Delay        Time   Description
---------------------------------------------------------------------------------------------
                                  0.000000    0.000000   clock clk_i (rise edge)
                                  0.000000    0.000000   clock network delay (propagated)
                                  0.000000    0.000000 ^ input external delay
     1    0.006149    0.023108    0.005136    0.005136 ^ s_axil_wdata[20] (in)
                                                         s_axil_wdata[20] (net)
                      0.023108    0.000000    0.005136 ^ _0570_/A (sg13g2_inv_1)
     2    0.006601    0.026567    0.034434    0.039570 v _0570_/Y (sg13g2_inv_1)
                                                         _0120_ (net)
                      0.026567    0.000055    0.039625 v _0786_/A (sg13g2_nand4_1)
     1    0.005460    0.037560    0.042809    0.082435 ^ _0786_/Y (sg13g2_nand4_1)
                                                         _0288_ (net)
                      0.037560    0.000108    0.082543 ^ _0787_/A2 (sg13g2_o21ai_1)
     1    0.003521    0.033680    0.055910    0.138453 v _0787_/Y (sg13g2_o21ai_1)
                                                         _0289_ (net)
                      0.033680    0.000037    0.138490 v _0788_/B (sg13g2_nor2_1)
     1    0.002350    0.040464    0.047990    0.186480 ^ _0788_/Y (sg13g2_nor2_1)
                                                         _0048_ (net)
                      0.040464    0.000023    0.186504 ^ _1049_/D (sg13g2_dfrbpq_1)
                                              0.186504   data arrival time

                                  0.000000    0.000000   clock clk_i (rise edge)
                                  0.000000    0.000000   clock source latency
   101    0.462132    0.000000    0.000000    0.000000 ^ clk_i (in)
                                                         clk_i (net)
                      0.022437    0.011218    0.011218 ^ _1049_/CLK (sg13g2_dfrbpq_1)
                                  0.100000    0.111218   clock uncertainty
                                  0.000000    0.111218   clock reconvergence pessimism
                                 -0.064235    0.046983   library hold time
                                              0.046983   data required time
---------------------------------------------------------------------------------------------
                                              0.046983   data required time
                                             -0.186504   data arrival time
---------------------------------------------------------------------------------------------
                                              0.139520   slack (MET)


Startpoint: s_axil_wdata[0] (input port clocked by clk_i)
Endpoint: _1061_ (rising edge-triggered flip-flop clocked by clk_i)
Path Group: clk_i
Path Type: min

Fanout         Cap        Slew       Delay        Time   Description
---------------------------------------------------------------------------------------------
                                  0.000000    0.000000   clock clk_i (rise edge)
                                  0.000000    0.000000   clock network delay (propagated)
                                  0.000000    0.000000 ^ input external delay
     1    0.008558    0.025254    0.007218    0.007218 ^ s_axil_wdata[0] (in)
                                                         s_axil_wdata[0] (net)
                      0.025255    0.000000    0.007218 ^ _0558_/A (sg13g2_inv_1)
     2    0.008760    0.033329    0.040313    0.047531 v _0558_/Y (sg13g2_inv_1)
                                                         _0108_ (net)
                      0.033331    0.000251    0.047782 v _0836_/A (sg13g2_nand4_1)
     1    0.003550    0.032000    0.039634    0.087416 ^ _0836_/Y (sg13g2_nand4_1)
                                                         _0326_ (net)
                      0.032000    0.000033    0.087449 ^ _0837_/A2 (sg13g2_o21ai_1)
     1    0.003160    0.031265    0.052610    0.140059 v _0837_/Y (sg13g2_o21ai_1)
                                                         _0327_ (net)
                      0.031265    0.000026    0.140086 v _0838_/B (sg13g2_nor2_1)
     1    0.002145    0.038455    0.046025    0.186111 ^ _0838_/Y (sg13g2_nor2_1)
                                                         _0060_ (net)
                      0.038455    0.000019    0.186130 ^ _1061_/D (sg13g2_dfrbpq_1)
                                              0.186130   data arrival time

                                  0.000000    0.000000   clock clk_i (rise edge)
                                  0.000000    0.000000   clock source latency
   101    0.462132    0.000000    0.000000    0.000000 ^ clk_i (in)
                                                         clk_i (net)
                      0.020838    0.010419    0.010419 ^ _1061_/CLK (sg13g2_dfrbpq_1)
                                  0.100000    0.110419   clock uncertainty
                                  0.000000    0.110419   clock reconvergence pessimism
                                 -0.063859    0.046560   library hold time
                                              0.046560   data required time
---------------------------------------------------------------------------------------------
                                              0.046560   data required time
                                             -0.186130   data arrival time
---------------------------------------------------------------------------------------------
                                              0.139569   slack (MET)


Startpoint: s_axil_wdata[24] (input port clocked by clk_i)
Endpoint: _1037_ (rising edge-triggered flip-flop clocked by clk_i)
Path Group: clk_i
Path Type: min

Fanout         Cap        Slew       Delay        Time   Description
---------------------------------------------------------------------------------------------
                                  0.000000    0.000000   clock clk_i (rise edge)
                                  0.000000    0.000000   clock network delay (propagated)
                                  0.000000    0.000000 ^ input external delay
     1    0.005122    0.022180    0.004254    0.004254 ^ s_axil_wdata[24] (in)
                                                         s_axil_wdata[24] (net)
                      0.022180    0.000000    0.004254 ^ _0582_/A (sg13g2_inv_1)
     2    0.011724    0.041583    0.046095    0.050348 v _0582_/Y (sg13g2_inv_1)
                                                         _0132_ (net)
                      0.041593    0.000545    0.050893 v _0737_/A (sg13g2_nand4_1)
     1    0.004429    0.036913    0.045220    0.096113 ^ _0737_/Y (sg13g2_nand4_1)
                                                         _0251_ (net)
                      0.036913    0.000063    0.096176 ^ _0738_/A2 (sg13g2_o21ai_1)
     1    0.003194    0.031960    0.054293    0.150469 v _0738_/Y (sg13g2_o21ai_1)
                                                         _0252_ (net)
                      0.031960    0.000026    0.150495 v _0739_/B (sg13g2_nor2_1)
     1    0.002555    0.041614    0.048695    0.199190 ^ _0739_/Y (sg13g2_nor2_1)
                                                         _0036_ (net)
                      0.041614    0.000028    0.199218 ^ _1037_/D (sg13g2_dfrbpq_1)
                                              0.199218   data arrival time

                                  0.000000    0.000000   clock clk_i (rise edge)
                                  0.000000    0.000000   clock source latency
   101    0.462132    0.000000    0.000000    0.000000 ^ clk_i (in)
                                                         clk_i (net)
                      0.043724    0.021862    0.021862 ^ _1037_/CLK (sg13g2_dfrbpq_1)
                                  0.100000    0.121862   clock uncertainty
                                  0.000000    0.121862   clock reconvergence pessimism
                                 -0.062261    0.059601   library hold time
                                              0.059601   data required time
---------------------------------------------------------------------------------------------
                                              0.059601   data required time
                                             -0.199218   data arrival time
---------------------------------------------------------------------------------------------
                                              0.139617   slack (MET)


Startpoint: s_axil_wdata[30] (input port clocked by clk_i)
Endpoint: _1043_ (rising edge-triggered flip-flop clocked by clk_i)
Path Group: clk_i
Path Type: min

Fanout         Cap        Slew       Delay        Time   Description
---------------------------------------------------------------------------------------------
                                  0.000000    0.000000   clock clk_i (rise edge)
                                  0.000000    0.000000   clock network delay (propagated)
                                  0.000000    0.000000 ^ input external delay
     1    0.005083    0.022145    0.004221    0.004221 ^ s_axil_wdata[30] (in)
                                                         s_axil_wdata[30] (net)
                      0.022145    0.000000    0.004221 ^ _0576_/A (sg13g2_inv_1)
     2    0.013230    0.046095    0.049579    0.053800 v _0576_/Y (sg13g2_inv_1)
                                                         _0126_ (net)
                      0.046111    0.000714    0.054514 v _0761_/A (sg13g2_nand4_1)
     1    0.003899    0.035977    0.045195    0.099709 ^ _0761_/Y (sg13g2_nand4_1)
                                                         _0269_ (net)
                      0.035977    0.000044    0.099752 ^ _0762_/A2 (sg13g2_o21ai_1)
     1    0.003622    0.034022    0.055846    0.155598 v _0762_/Y (sg13g2_o21ai_1)
                                                         _0270_ (net)
                      0.034022    0.000040    0.155638 v _0763_/B (sg13g2_nor2_1)
     1    0.002095    0.038661    0.046559    0.202197 ^ _0763_/Y (sg13g2_nor2_1)
                                                         _0042_ (net)
                      0.038661    0.000018    0.202215 ^ _1043_/D (sg13g2_dfrbpq_1)
                                              0.202215   data arrival time

                                  0.000000    0.000000   clock clk_i (rise edge)
                                  0.000000    0.000000   clock source latency
   101    0.462132    0.000000    0.000000    0.000000 ^ clk_i (in)
                                                         clk_i (net)
                      0.046819    0.023410    0.023410 ^ _1043_/CLK (sg13g2_dfrbpq_1)
                                  0.100000    0.123410   clock uncertainty
                                  0.000000    0.123410   clock reconvergence pessimism
                                 -0.061123    0.062286   library hold time
                                              0.062286   data required time
---------------------------------------------------------------------------------------------
                                              0.062286   data required time
                                             -0.202215   data arrival time
---------------------------------------------------------------------------------------------
                                              0.139929   slack (MET)


Startpoint: s_axil_wdata[14] (input port clocked by clk_i)
Endpoint: _1059_ (rising edge-triggered flip-flop clocked by clk_i)
Path Group: clk_i
Path Type: min

Fanout         Cap        Slew       Delay        Time   Description
---------------------------------------------------------------------------------------------
                                  0.000000    0.000000   clock clk_i (rise edge)
                                  0.000000    0.000000   clock network delay (propagated)
                                  0.000000    0.000000 ^ input external delay
     1    0.008601    0.025292    0.007256    0.007256 ^ s_axil_wdata[14] (in)
                                                         s_axil_wdata[14] (net)
                      0.025292    0.000000    0.007256 ^ _0560_/A (sg13g2_inv_1)
     2    0.013916    0.048816    0.052570    0.059826 v _0560_/Y (sg13g2_inv_1)
                                                         _0110_ (net)
                      0.048836    0.000813    0.060639 v _0827_/A (sg13g2_nand4_1)
     1    0.003214    0.034141    0.044012    0.104651 ^ _0827_/Y (sg13g2_nand4_1)
                                                         _0319_ (net)
                      0.034141    0.000022    0.104672 ^ _0828_/A2 (sg13g2_o21ai_1)
     1    0.002970    0.030529    0.052459    0.157131 v _0828_/Y (sg13g2_o21ai_1)
                                                         _0320_ (net)
                      0.030529    0.000021    0.157152 v _0829_/B (sg13g2_nor2_1)
     1    0.001668    0.034780    0.042945    0.200097 ^ _0829_/Y (sg13g2_nor2_1)
                                                         _0058_ (net)
                      0.034780    0.000010    0.200108 ^ _1059_/D (sg13g2_dfrbpq_1)
                                              0.200108   data arrival time

                                  0.000000    0.000000   clock clk_i (rise edge)
                                  0.000000    0.000000   clock source latency
   101    0.462132    0.000000    0.000000    0.000000 ^ clk_i (in)
                                                         clk_i (net)
                      0.041047    0.020523    0.020523 ^ _1059_/CLK (sg13g2_dfrbpq_1)
                                  0.100000    0.120523   clock uncertainty
                                  0.000000    0.120523   clock reconvergence pessimism
                                 -0.060686    0.059838   library hold time
                                              0.059838   data required time
---------------------------------------------------------------------------------------------
                                              0.059838   data required time
                                             -0.200108   data arrival time
---------------------------------------------------------------------------------------------
                                              0.140270   slack (MET)


Startpoint: s_axil_wdata[1] (input port clocked by clk_i)
Endpoint: _1094_ (rising edge-triggered flip-flop clocked by clk_i)
Path Group: clk_i
Path Type: min

Fanout         Cap        Slew       Delay        Time   Description
---------------------------------------------------------------------------------------------
                                  0.000000    0.000000   clock clk_i (rise edge)
                                  0.000000    0.000000   clock network delay (propagated)
                                  0.000000    0.000000 ^ input external delay
     1    0.008213    0.024949    0.006918    0.006918 ^ s_axil_wdata[1] (in)
                                                         s_axil_wdata[1] (net)
                      0.024949    0.000000    0.006918 ^ _0557_/A (sg13g2_inv_1)
     2    0.010371    0.038065    0.044029    0.050946 v _0557_/Y (sg13g2_inv_1)
                                                         _0107_ (net)
                      0.038071    0.000389    0.051336 v _0972_/A (sg13g2_nand4_1)
     1    0.003139    0.031537    0.040050    0.091386 ^ _0972_/Y (sg13g2_nand4_1)
                                                         _0429_ (net)
                      0.031537    0.000020    0.091406 ^ _0973_/A2 (sg13g2_o21ai_1)
     1    0.003108    0.030948    0.052240    0.143646 v _0973_/Y (sg13g2_o21ai_1)
                                                         _0430_ (net)
                      0.030948    0.000025    0.143671 v _0974_/B (sg13g2_nor2_1)
     1    0.001627    0.034566    0.042824    0.186496 ^ _0974_/Y (sg13g2_nor2_1)
                                                         _0093_ (net)
                      0.034566    0.000010    0.186505 ^ _1094_/D (sg13g2_dfrbpq_1)
                                              0.186505   data arrival time

                                  0.000000    0.000000   clock clk_i (rise edge)
                                  0.000000    0.000000   clock source latency
   101    0.462132    0.000000    0.000000    0.000000 ^ clk_i (in)
                                                         clk_i (net)
                      0.018240    0.009120    0.009120 ^ _1094_/CLK (sg13g2_dfrbpq_1)
                                  0.100000    0.109120   clock uncertainty
                                  0.000000    0.109120   clock reconvergence pessimism
                                 -0.063077    0.046043   library hold time
                                              0.046043   data required time
---------------------------------------------------------------------------------------------
                                              0.046043   data required time
                                             -0.186505   data arrival time
---------------------------------------------------------------------------------------------
                                              0.140463   slack (MET)


Startpoint: s_axil_wdata[13] (input port clocked by clk_i)
Endpoint: _1058_ (rising edge-triggered flip-flop clocked by clk_i)
Path Group: clk_i
Path Type: min

Fanout         Cap        Slew       Delay        Time   Description
---------------------------------------------------------------------------------------------
                                  0.000000    0.000000   clock clk_i (rise edge)
                                  0.000000    0.000000   clock network delay (propagated)
                                  0.000000    0.000000 ^ input external delay
     1    0.005713    0.022715    0.004759    0.004759 ^ s_axil_wdata[13] (in)
                                                         s_axil_wdata[13] (net)
                      0.022716    0.000000    0.004759 ^ _0561_/A (sg13g2_inv_1)
     2    0.014311    0.049469    0.052347    0.057106 v _0561_/Y (sg13g2_inv_1)
                                                         _0111_ (net)
                      0.049488    0.000821    0.057927 v _0823_/A (sg13g2_nand4_1)
     1    0.003333    0.034702    0.044612    0.102539 ^ _0823_/Y (sg13g2_nand4_1)
                                                         _0316_ (net)
                      0.034702    0.000025    0.102564 ^ _0824_/A2 (sg13g2_o21ai_1)
     1    0.003062    0.031056    0.053032    0.155595 v _0824_/Y (sg13g2_o21ai_1)
                                                         _0317_ (net)
                      0.031056    0.000023    0.155618 v _0825_/B (sg13g2_nor2_1)
     1    0.001870    0.036382    0.044312    0.199931 ^ _0825_/Y (sg13g2_nor2_1)
                                                         _0057_ (net)
                      0.036382    0.000014    0.199944 ^ _1058_/D (sg13g2_dfrbpq_1)
                                              0.199944   data arrival time

                                  0.000000    0.000000   clock clk_i (rise edge)
                                  0.000000    0.000000   clock source latency
   101    0.462132    0.000000    0.000000    0.000000 ^ clk_i (in)
                                                         clk_i (net)
                      0.040524    0.020262    0.020262 ^ _1058_/CLK (sg13g2_dfrbpq_1)
                                  0.100000    0.120262   clock uncertainty
                                  0.000000    0.120262   clock reconvergence pessimism
                                 -0.061178    0.059084   library hold time
                                              0.059084   data required time
---------------------------------------------------------------------------------------------
                                              0.059084   data required time
                                             -0.199944   data arrival time
---------------------------------------------------------------------------------------------
                                              0.140860   slack (MET)


Startpoint: s_axil_wdata[0] (input port clocked by clk_i)
Endpoint: _1093_ (rising edge-triggered flip-flop clocked by clk_i)
Path Group: clk_i
Path Type: min

Fanout         Cap        Slew       Delay        Time   Description
---------------------------------------------------------------------------------------------
                                  0.000000    0.000000   clock clk_i (rise edge)
                                  0.000000    0.000000   clock network delay (propagated)
                                  0.000000    0.000000 ^ input external delay
     1    0.008558    0.025254    0.007218    0.007218 ^ s_axil_wdata[0] (in)
                                                         s_axil_wdata[0] (net)
                      0.025255    0.000000    0.007218 ^ _0558_/A (sg13g2_inv_1)
     2    0.008760    0.033329    0.040313    0.047531 v _0558_/Y (sg13g2_inv_1)
                                                         _0108_ (net)
                      0.033331    0.000238    0.047769 v _0968_/A (sg13g2_nand4_1)
     1    0.003291    0.031058    0.038862    0.086631 ^ _0968_/Y (sg13g2_nand4_1)
                                                         _0426_ (net)
                      0.031058    0.000024    0.086655 ^ _0969_/A2 (sg13g2_o21ai_1)
     1    0.002950    0.030100    0.051417    0.138072 v _0969_/Y (sg13g2_o21ai_1)
                                                         _0427_ (net)
                      0.030100    0.000020    0.138092 v _0970_/B (sg13g2_nor2_1)
     1    0.002278    0.039197    0.046472    0.184564 ^ _0970_/Y (sg13g2_nor2_1)
                                                         _0092_ (net)
                      0.039197    0.000022    0.184586 ^ _1093_/D (sg13g2_dfrbpq_1)
                                              0.184586   data arrival time

                                  0.000000    0.000000   clock clk_i (rise edge)
                                  0.000000    0.000000   clock source latency
   101    0.462132    0.000000    0.000000    0.000000 ^ clk_i (in)
                                                         clk_i (net)
                      0.016188    0.008094    0.008094 ^ _1093_/CLK (sg13g2_dfrbpq_1)
                                  0.100000    0.108094   clock uncertainty
                                  0.000000    0.108094   clock reconvergence pessimism
                                 -0.064561    0.043533   library hold time
                                              0.043533   data required time
---------------------------------------------------------------------------------------------
                                              0.043533   data required time
                                             -0.184586   data arrival time
---------------------------------------------------------------------------------------------
                                              0.141052   slack (MET)


Startpoint: s_axil_wdata[25] (input port clocked by clk_i)
Endpoint: _1038_ (rising edge-triggered flip-flop clocked by clk_i)
Path Group: clk_i
Path Type: min

Fanout         Cap        Slew       Delay        Time   Description
---------------------------------------------------------------------------------------------
                                  0.000000    0.000000   clock clk_i (rise edge)
                                  0.000000    0.000000   clock network delay (propagated)
                                  0.000000    0.000000 ^ input external delay
     1    0.005074    0.022137    0.004213    0.004213 ^ s_axil_wdata[25] (in)
                                                         s_axil_wdata[25] (net)
                      0.022137    0.000000    0.004213 ^ _0581_/A (sg13g2_inv_1)
     2    0.014200    0.049015    0.051823    0.056037 v _0581_/Y (sg13g2_inv_1)
                                                         _0131_ (net)
                      0.049036    0.000854    0.056891 v _0741_/A (sg13g2_nand4_1)
     1    0.003777    0.036168    0.045847    0.102737 ^ _0741_/Y (sg13g2_nand4_1)
                                                         _0254_ (net)
                      0.036168    0.000040    0.102778 ^ _0742_/A2 (sg13g2_o21ai_1)
     1    0.003580    0.033830    0.055725    0.158502 v _0742_/Y (sg13g2_o21ai_1)
                                                         _0255_ (net)
                      0.033830    0.000040    0.158542 v _0743_/B (sg13g2_nor2_1)
     1    0.002032    0.038153    0.046117    0.204659 ^ _0743_/Y (sg13g2_nor2_1)
                                                         _0037_ (net)
                      0.038153    0.000017    0.204676 ^ _1038_/D (sg13g2_dfrbpq_1)
                                              0.204676   data arrival time

                                  0.000000    0.000000   clock clk_i (rise edge)
                                  0.000000    0.000000   clock source latency
   101    0.462132    0.000000    0.000000    0.000000 ^ clk_i (in)
                                                         clk_i (net)
                      0.048456    0.024228    0.024228 ^ _1038_/CLK (sg13g2_dfrbpq_1)
                                  0.100000    0.124228   clock uncertainty
                                  0.000000    0.124228   clock reconvergence pessimism
                                 -0.060809    0.063419   library hold time
                                              0.063419   data required time
---------------------------------------------------------------------------------------------
                                              0.063419   data required time
                                             -0.204676   data arrival time
---------------------------------------------------------------------------------------------
                                              0.141257   slack (MET)


Startpoint: s_axil_wdata[4] (input port clocked by clk_i)
Endpoint: _1065_ (rising edge-triggered flip-flop clocked by clk_i)
Path Group: clk_i
Path Type: min

Fanout         Cap        Slew       Delay        Time   Description
---------------------------------------------------------------------------------------------
                                  0.000000    0.000000   clock clk_i (rise edge)
                                  0.000000    0.000000   clock network delay (propagated)
                                  0.000000    0.000000 ^ input external delay
     1    0.009330    0.025935    0.007893    0.007893 ^ s_axil_wdata[4] (in)
                                                         s_axil_wdata[4] (net)
                      0.025935    0.000000    0.007893 ^ _0554_/A (sg13g2_inv_1)
     2    0.010641    0.039064    0.045058    0.052952 v _0554_/Y (sg13g2_inv_1)
                                                         _0104_ (net)
                      0.039071    0.000436    0.053387 v _0852_/A (sg13g2_nand4_1)
     1    0.003838    0.034265    0.042518    0.095905 ^ _0852_/Y (sg13g2_nand4_1)
                                                         _0338_ (net)
                      0.034265    0.000043    0.095949 ^ _0853_/A2 (sg13g2_o21ai_1)
     1    0.003393    0.032685    0.054321    0.150270 v _0853_/Y (sg13g2_o21ai_1)
                                                         _0339_ (net)
                      0.032685    0.000034    0.150304 v _0854_/B (sg13g2_nor2_1)
     1    0.002022    0.037846    0.045717    0.196021 ^ _0854_/Y (sg13g2_nor2_1)
                                                         _0064_ (net)
                      0.037846    0.000017    0.196038 ^ _1065_/D (sg13g2_dfrbpq_1)
                                              0.196038   data arrival time

                                  0.000000    0.000000   clock clk_i (rise edge)
                                  0.000000    0.000000   clock source latency
   101    0.462132    0.000000    0.000000    0.000000 ^ clk_i (in)
                                                         clk_i (net)
                      0.032227    0.016114    0.016114 ^ _1065_/CLK (sg13g2_dfrbpq_1)
                                  0.100000    0.116114   clock uncertainty
                                  0.000000    0.116114   clock reconvergence pessimism
                                 -0.062469    0.053645   library hold time
                                              0.053645   data required time
---------------------------------------------------------------------------------------------
                                              0.053645   data required time
                                             -0.196038   data arrival time
---------------------------------------------------------------------------------------------
                                              0.142393   slack (MET)


Startpoint: s_axil_wdata[27] (input port clocked by clk_i)
Endpoint: _1040_ (rising edge-triggered flip-flop clocked by clk_i)
Path Group: clk_i
Path Type: min

Fanout         Cap        Slew       Delay        Time   Description
---------------------------------------------------------------------------------------------
                                  0.000000    0.000000   clock clk_i (rise edge)
                                  0.000000    0.000000   clock network delay (propagated)
                                  0.000000    0.000000 ^ input external delay
     1    0.005243    0.022290    0.004357    0.004357 ^ s_axil_wdata[27] (in)
                                                         s_axil_wdata[27] (net)
                      0.022290    0.000000    0.004357 ^ _0579_/A (sg13g2_inv_1)
     2    0.010510    0.037973    0.043308    0.047665 v _0579_/Y (sg13g2_inv_1)
                                                         _0129_ (net)
                      0.037980    0.000412    0.048077 v _0749_/A (sg13g2_nand4_1)
     1    0.003429    0.032561    0.040895    0.088973 ^ _0749_/Y (sg13g2_nand4_1)
                                                         _0260_ (net)
                      0.032561    0.000028    0.089001 ^ _0750_/A2 (sg13g2_o21ai_1)
     1    0.005555    0.043786    0.063060    0.152061 v _0750_/Y (sg13g2_o21ai_1)
                                                         _0261_ (net)
                      0.043786    0.000119    0.152180 v _0751_/B (sg13g2_nor2_1)
     1    0.002179    0.039664    0.050005    0.202184 ^ _0751_/Y (sg13g2_nor2_1)
                                                         _0039_ (net)
                      0.039664    0.000020    0.202204 ^ _1040_/D (sg13g2_dfrbpq_1)
                                              0.202204   data arrival time

                                  0.000000    0.000000   clock clk_i (rise edge)
                                  0.000000    0.000000   clock source latency
   101    0.462132    0.000000    0.000000    0.000000 ^ clk_i (in)
                                                         clk_i (net)
                      0.043100    0.021550    0.021550 ^ _1040_/CLK (sg13g2_dfrbpq_1)
                                  0.100000    0.121550   clock uncertainty
                                  0.000000    0.121550   clock reconvergence pessimism
                                 -0.061796    0.059754   library hold time
                                              0.059754   data required time
---------------------------------------------------------------------------------------------
                                              0.059754   data required time
                                             -0.202204   data arrival time
---------------------------------------------------------------------------------------------
                                              0.142450   slack (MET)


Startpoint: s_axil_wdata[26] (input port clocked by clk_i)
Endpoint: _1039_ (rising edge-triggered flip-flop clocked by clk_i)
Path Group: clk_i
Path Type: min

Fanout         Cap        Slew       Delay        Time   Description
---------------------------------------------------------------------------------------------
                                  0.000000    0.000000   clock clk_i (rise edge)
                                  0.000000    0.000000   clock network delay (propagated)
                                  0.000000    0.000000 ^ input external delay
     1    0.005216    0.022266    0.004334    0.004334 ^ s_axil_wdata[26] (in)
                                                         s_axil_wdata[26] (net)
                      0.022266    0.000000    0.004334 ^ _0580_/A (sg13g2_inv_1)
     2    0.010771    0.038748    0.043912    0.048246 v _0580_/Y (sg13g2_inv_1)
                                                         _0130_ (net)
                      0.038755    0.000422    0.048668 v _0745_/A (sg13g2_nand4_1)
     1    0.003595    0.033324    0.041669    0.090337 ^ _0745_/Y (sg13g2_nand4_1)
                                                         _0257_ (net)
                      0.033324    0.000033    0.090371 ^ _0746_/A2 (sg13g2_o21ai_1)
     1    0.003639    0.033832    0.055083    0.145453 v _0746_/Y (sg13g2_o21ai_1)
                                                         _0258_ (net)
                      0.033832    0.000041    0.145495 v _0747_/B (sg13g2_nor2_1)
     1    0.001982    0.037793    0.045823    0.191317 ^ _0747_/Y (sg13g2_nor2_1)
                                                         _0038_ (net)
                      0.037793    0.000016    0.191333 ^ _1039_/D (sg13g2_dfrbpq_1)
                                              0.191333   data arrival time

                                  0.000000    0.000000   clock clk_i (rise edge)
                                  0.000000    0.000000   clock source latency
   101    0.462132    0.000000    0.000000    0.000000 ^ clk_i (in)
                                                         clk_i (net)
                      0.022854    0.011427    0.011427 ^ _1039_/CLK (sg13g2_dfrbpq_1)
                                  0.100000    0.111427   clock uncertainty
                                  0.000000    0.111427   clock reconvergence pessimism
                                 -0.063461    0.047966   library hold time
                                              0.047966   data required time
---------------------------------------------------------------------------------------------
                                              0.047966   data required time
                                             -0.191333   data arrival time
---------------------------------------------------------------------------------------------
                                              0.143367   slack (MET)


Startpoint: s_axil_wdata[29] (input port clocked by clk_i)
Endpoint: _1074_ (rising edge-triggered flip-flop clocked by clk_i)
Path Group: clk_i
Path Type: min

Fanout         Cap        Slew       Delay        Time   Description
---------------------------------------------------------------------------------------------
                                  0.000000    0.000000   clock clk_i (rise edge)
                                  0.000000    0.000000   clock network delay (propagated)
                                  0.000000    0.000000 ^ input external delay
     1    0.005121    0.022180    0.004254    0.004254 ^ s_axil_wdata[29] (in)
                                                         s_axil_wdata[29] (net)
                      0.022180    0.000000    0.004254 ^ _0577_/A (sg13g2_inv_1)
     2    0.012132    0.042806    0.047046    0.051299 v _0577_/Y (sg13g2_inv_1)
                                                         _0127_ (net)
                      0.042817    0.000580    0.051879 v _0889_/A (sg13g2_nand4_1)
     1    0.003597    0.034200    0.043100    0.094979 ^ _0889_/Y (sg13g2_nand4_1)
                                                         _0366_ (net)
                      0.034200    0.000033    0.095012 ^ _0890_/A2 (sg13g2_o21ai_1)
     1    0.003348    0.032450    0.054107    0.149119 v _0890_/Y (sg13g2_o21ai_1)
                                                         _0367_ (net)
                      0.032450    0.000032    0.149151 v _0891_/B (sg13g2_nor2_1)
     1    0.001967    0.037392    0.045315    0.194466 ^ _0891_/Y (sg13g2_nor2_1)
                                                         _0073_ (net)
                      0.037392    0.000016    0.194481 ^ _1074_/D (sg13g2_dfrbpq_1)
                                              0.194481   data arrival time

                                  0.000000    0.000000   clock clk_i (rise edge)
                                  0.000000    0.000000   clock source latency
   101    0.462132    0.000000    0.000000    0.000000 ^ clk_i (in)
                                                         clk_i (net)
                      0.027791    0.013895    0.013895 ^ _1074_/CLK (sg13g2_dfrbpq_1)
                                  0.100000    0.113895   clock uncertainty
                                  0.000000    0.113895   clock reconvergence pessimism
                                 -0.062822    0.051074   library hold time
                                              0.051074   data required time
---------------------------------------------------------------------------------------------
                                              0.051074   data required time
                                             -0.194481   data arrival time
---------------------------------------------------------------------------------------------
                                              0.143408   slack (MET)


Startpoint: s_axil_wdata[4] (input port clocked by clk_i)
Endpoint: _1097_ (rising edge-triggered flip-flop clocked by clk_i)
Path Group: clk_i
Path Type: min

Fanout         Cap        Slew       Delay        Time   Description
---------------------------------------------------------------------------------------------
                                  0.000000    0.000000   clock clk_i (rise edge)
                                  0.000000    0.000000   clock network delay (propagated)
                                  0.000000    0.000000 ^ input external delay
     1    0.009330    0.025935    0.007893    0.007893 ^ s_axil_wdata[4] (in)
                                                         s_axil_wdata[4] (net)
                      0.025935    0.000000    0.007893 ^ _0554_/A (sg13g2_inv_1)
     2    0.010641    0.039064    0.045058    0.052952 v _0554_/Y (sg13g2_inv_1)
                                                         _0104_ (net)
                      0.039071    0.000436    0.053388 v _0984_/A (sg13g2_nand4_1)
     1    0.003540    0.033196    0.041615    0.095002 ^ _0984_/Y (sg13g2_nand4_1)
                                                         _0438_ (net)
                      0.033196    0.000032    0.095034 ^ _0985_/A2 (sg13g2_o21ai_1)
     1    0.003011    0.030634    0.052340    0.147375 v _0985_/Y (sg13g2_o21ai_1)
                                                         _0439_ (net)
                      0.030634    0.000022    0.147397 v _0986_/B (sg13g2_nor2_1)
     1    0.002313    0.039563    0.046842    0.194238 ^ _0986_/Y (sg13g2_nor2_1)
                                                         _0096_ (net)
                      0.039563    0.000023    0.194261 ^ _1097_/D (sg13g2_dfrbpq_1)
                                              0.194261   data arrival time

                                  0.000000    0.000000   clock clk_i (rise edge)
                                  0.000000    0.000000   clock source latency
   101    0.462132    0.000000    0.000000    0.000000 ^ clk_i (in)
                                                         clk_i (net)
                      0.027597    0.013798    0.013798 ^ _1097_/CLK (sg13g2_dfrbpq_1)
                                  0.100000    0.113798   clock uncertainty
                                  0.000000    0.113798   clock reconvergence pessimism
                                 -0.063435    0.050364   library hold time
                                              0.050364   data required time
---------------------------------------------------------------------------------------------
                                              0.050364   data required time
                                             -0.194261   data arrival time
---------------------------------------------------------------------------------------------
                                              0.143898   slack (MET)


Startpoint: s_axil_wdata[31] (input port clocked by clk_i)
Endpoint: _1076_ (rising edge-triggered flip-flop clocked by clk_i)
Path Group: clk_i
Path Type: min

Fanout         Cap        Slew       Delay        Time   Description
---------------------------------------------------------------------------------------------
                                  0.000000    0.000000   clock clk_i (rise edge)
                                  0.000000    0.000000   clock network delay (propagated)
                                  0.000000    0.000000 ^ input external delay
     1    0.005136    0.022193    0.004266    0.004266 ^ s_axil_wdata[31] (in)
                                                         s_axil_wdata[31] (net)
                      0.022193    0.000000    0.004266 ^ _0575_/A (sg13g2_inv_1)
     2    0.012086    0.042669    0.046943    0.051209 v _0575_/Y (sg13g2_inv_1)
                                                         _0125_ (net)
                      0.042681    0.000578    0.051787 v _0897_/A (sg13g2_nand4_1)
     1    0.003780    0.034824    0.043614    0.095401 ^ _0897_/Y (sg13g2_nand4_1)
                                                         _0372_ (net)
                      0.034824    0.000040    0.095442 ^ _0898_/A2 (sg13g2_o21ai_1)
     1    0.003498    0.033275    0.054948    0.150390 v _0898_/Y (sg13g2_o21ai_1)
                                                         _0373_ (net)
                      0.033275    0.000037    0.150427 v _0899_/B (sg13g2_nor2_1)
     1    0.001850    0.036698    0.044857    0.195284 ^ _0899_/Y (sg13g2_nor2_1)
                                                         _0075_ (net)
                      0.036698    0.000014    0.195298 ^ _1076_/D (sg13g2_dfrbpq_1)
                                              0.195298   data arrival time

                                  0.000000    0.000000   clock clk_i (rise edge)
                                  0.000000    0.000000   clock source latency
   101    0.462132    0.000000    0.000000    0.000000 ^ clk_i (in)
                                                         clk_i (net)
                      0.027880    0.013940    0.013940 ^ _1076_/CLK (sg13g2_dfrbpq_1)
                                  0.100000    0.113940   clock uncertainty
                                  0.000000    0.113940   clock reconvergence pessimism
                                 -0.062623    0.051317   library hold time
                                              0.051317   data required time
---------------------------------------------------------------------------------------------
                                              0.051317   data required time
                                             -0.195298   data arrival time
---------------------------------------------------------------------------------------------
                                              0.143981   slack (MET)


Startpoint: s_axil_wdata[13] (input port clocked by clk_i)
Endpoint: _1090_ (rising edge-triggered flip-flop clocked by clk_i)
Path Group: clk_i
Path Type: min

Fanout         Cap        Slew       Delay        Time   Description
---------------------------------------------------------------------------------------------
                                  0.000000    0.000000   clock clk_i (rise edge)
                                  0.000000    0.000000   clock network delay (propagated)
                                  0.000000    0.000000 ^ input external delay
     1    0.005713    0.022715    0.004759    0.004759 ^ s_axil_wdata[13] (in)
                                                         s_axil_wdata[13] (net)
                      0.022716    0.000000    0.004759 ^ _0561_/A (sg13g2_inv_1)
     2    0.014311    0.049469    0.052347    0.057106 v _0561_/Y (sg13g2_inv_1)
                                                         _0111_ (net)
                      0.049489    0.000833    0.057939 v _0955_/A (sg13g2_nand4_1)
     1    0.003809    0.036379    0.046108    0.104047 ^ _0955_/Y (sg13g2_nand4_1)
                                                         _0416_ (net)
                      0.036379    0.000043    0.104090 ^ _0956_/A2 (sg13g2_o21ai_1)
     1    0.003547    0.033688    0.055650    0.159740 v _0956_/Y (sg13g2_o21ai_1)
                                                         _0417_ (net)
                      0.033688    0.000040    0.159780 v _0957_/B (sg13g2_nor2_1)
     1    0.002115    0.038738    0.046577    0.206357 ^ _0957_/Y (sg13g2_nor2_1)
                                                         _0089_ (net)
                      0.038738    0.000019    0.206376 ^ _1090_/D (sg13g2_dfrbpq_1)
                                              0.206376   data arrival time

                                  0.000000    0.000000   clock clk_i (rise edge)
                                  0.000000    0.000000   clock source latency
   101    0.462132    0.000000    0.000000    0.000000 ^ clk_i (in)
                                                         clk_i (net)
                      0.046558    0.023279    0.023279 ^ _1090_/CLK (sg13g2_dfrbpq_1)
                                  0.100000    0.123279   clock uncertainty
                                  0.000000    0.123279   clock reconvergence pessimism
                                 -0.061172    0.062107   library hold time
                                              0.062107   data required time
---------------------------------------------------------------------------------------------
                                              0.062107   data required time
                                             -0.206376   data arrival time
---------------------------------------------------------------------------------------------
                                              0.144269   slack (MET)


Startpoint: s_axil_wdata[30] (input port clocked by clk_i)
Endpoint: _1075_ (rising edge-triggered flip-flop clocked by clk_i)
Path Group: clk_i
Path Type: min

Fanout         Cap        Slew       Delay        Time   Description
---------------------------------------------------------------------------------------------
                                  0.000000    0.000000   clock clk_i (rise edge)
                                  0.000000    0.000000   clock network delay (propagated)
                                  0.000000    0.000000 ^ input external delay
     1    0.005083    0.022145    0.004221    0.004221 ^ s_axil_wdata[30] (in)
                                                         s_axil_wdata[30] (net)
                      0.022145    0.000000    0.004221 ^ _0576_/A (sg13g2_inv_1)
     2    0.013230    0.046095    0.049579    0.053800 v _0576_/Y (sg13g2_inv_1)
                                                         _0126_ (net)
                      0.046111    0.000714    0.054514 v _0893_/A (sg13g2_nand4_1)
     1    0.003610    0.034952    0.044295    0.098810 ^ _0893_/Y (sg13g2_nand4_1)
                                                         _0369_ (net)
                      0.034952    0.000034    0.098844 ^ _0894_/A2 (sg13g2_o21ai_1)
     1    0.003431    0.032947    0.054698    0.153542 v _0894_/Y (sg13g2_o21ai_1)
                                                         _0370_ (net)
                      0.032947    0.000035    0.153577 v _0895_/B (sg13g2_nor2_1)
     1    0.001640    0.035085    0.043499    0.197076 ^ _0895_/Y (sg13g2_nor2_1)
                                                         _0074_ (net)
                      0.035085    0.000010    0.197086 ^ _1075_/D (sg13g2_dfrbpq_1)
                                              0.197086   data arrival time

                                  0.000000    0.000000   clock clk_i (rise edge)
                                  0.000000    0.000000   clock source latency
   101    0.462132    0.000000    0.000000    0.000000 ^ clk_i (in)
                                                         clk_i (net)
                      0.027903    0.013951    0.013951 ^ _1075_/CLK (sg13g2_dfrbpq_1)
                                  0.100000    0.113951   clock uncertainty
                                  0.000000    0.113951   clock reconvergence pessimism
                                 -0.062181    0.051771   library hold time
                                              0.051771   data required time
---------------------------------------------------------------------------------------------
                                              0.051771   data required time
                                             -0.197086   data arrival time
---------------------------------------------------------------------------------------------
                                              0.145315   slack (MET)


Startpoint: s_axil_wdata[31] (input port clocked by clk_i)
Endpoint: _1044_ (rising edge-triggered flip-flop clocked by clk_i)
Path Group: clk_i
Path Type: min

Fanout         Cap        Slew       Delay        Time   Description
---------------------------------------------------------------------------------------------
                                  0.000000    0.000000   clock clk_i (rise edge)
                                  0.000000    0.000000   clock network delay (propagated)
                                  0.000000    0.000000 ^ input external delay
     1    0.005136    0.022193    0.004266    0.004266 ^ s_axil_wdata[31] (in)
                                                         s_axil_wdata[31] (net)
                      0.022193    0.000000    0.004266 ^ _0575_/A (sg13g2_inv_1)
     2    0.012086    0.042669    0.046943    0.051209 v _0575_/Y (sg13g2_inv_1)
                                                         _0125_ (net)
                      0.042681    0.000580    0.051789 v _0765_/A (sg13g2_nand4_1)
     1    0.003653    0.034371    0.043224    0.095013 ^ _0765_/Y (sg13g2_nand4_1)
                                                         _0272_ (net)
                      0.034371    0.000036    0.095049 ^ _0766_/A2 (sg13g2_o21ai_1)
     1    0.005311    0.042659    0.062607    0.157656 v _0766_/Y (sg13g2_o21ai_1)
                                                         _0273_ (net)
                      0.042659    0.000107    0.157763 v _0767_/B (sg13g2_nor2_1)
     1    0.002138    0.039337    0.049416    0.207179 ^ _0767_/Y (sg13g2_nor2_1)
                                                         _0043_ (net)
                      0.039337    0.000019    0.207198 ^ _1044_/D (sg13g2_dfrbpq_1)
                                              0.207198   data arrival time

                                  0.000000    0.000000   clock clk_i (rise edge)
                                  0.000000    0.000000   clock source latency
   101    0.462132    0.000000    0.000000    0.000000 ^ clk_i (in)
                                                         clk_i (net)
                      0.045075    0.022538    0.022538 ^ _1044_/CLK (sg13g2_dfrbpq_1)
                                  0.100000    0.122538   clock uncertainty
                                  0.000000    0.122538   clock reconvergence pessimism
                                 -0.061495    0.061043   library hold time
                                              0.061043   data required time
---------------------------------------------------------------------------------------------
                                              0.061043   data required time
                                             -0.207198   data arrival time
---------------------------------------------------------------------------------------------
                                              0.146155   slack (MET)


Startpoint: s_axil_wdata[29] (input port clocked by clk_i)
Endpoint: _1042_ (rising edge-triggered flip-flop clocked by clk_i)
Path Group: clk_i
Path Type: min

Fanout         Cap        Slew       Delay        Time   Description
---------------------------------------------------------------------------------------------
                                  0.000000    0.000000   clock clk_i (rise edge)
                                  0.000000    0.000000   clock network delay (propagated)
                                  0.000000    0.000000 ^ input external delay
     1    0.005121    0.022180    0.004254    0.004254 ^ s_axil_wdata[29] (in)
                                                         s_axil_wdata[29] (net)
                      0.022180    0.000000    0.004254 ^ _0577_/A (sg13g2_inv_1)
     2    0.012132    0.042806    0.047046    0.051299 v _0577_/Y (sg13g2_inv_1)
                                                         _0127_ (net)
                      0.042817    0.000584    0.051883 v _0757_/A (sg13g2_nand4_1)
     1    0.003696    0.034553    0.043404    0.095287 ^ _0757_/Y (sg13g2_nand4_1)
                                                         _0266_ (net)
                      0.034553    0.000038    0.095325 ^ _0758_/A2 (sg13g2_o21ai_1)
     1    0.006185    0.047353    0.066415    0.161740 v _0758_/Y (sg13g2_o21ai_1)
                                                         _0267_ (net)
                      0.047353    0.000165    0.161904 v _0759_/B (sg13g2_nor2_1)
     1    0.001736    0.036445    0.048375    0.210279 ^ _0759_/Y (sg13g2_nor2_1)
                                                         _0041_ (net)
                      0.036445    0.000012    0.210291 ^ _1042_/D (sg13g2_dfrbpq_1)
                                              0.210291   data arrival time

                                  0.000000    0.000000   clock clk_i (rise edge)
                                  0.000000    0.000000   clock source latency
   101    0.462132    0.000000    0.000000    0.000000 ^ clk_i (in)
                                                         clk_i (net)
                      0.048702    0.024351    0.024351 ^ _1042_/CLK (sg13g2_dfrbpq_1)
                                  0.100000    0.124351   clock uncertainty
                                  0.000000    0.124351   clock reconvergence pessimism
                                 -0.060317    0.064034   library hold time
                                              0.064034   data required time
---------------------------------------------------------------------------------------------
                                              0.064034   data required time
                                             -0.210291   data arrival time
---------------------------------------------------------------------------------------------
                                              0.146257   slack (MET)


Startpoint: s_axil_wdata[9] (input port clocked by clk_i)
Endpoint: _1086_ (rising edge-triggered flip-flop clocked by clk_i)
Path Group: clk_i
Path Type: min

Fanout         Cap        Slew       Delay        Time   Description
---------------------------------------------------------------------------------------------
                                  0.000000    0.000000   clock clk_i (rise edge)
                                  0.000000    0.000000   clock network delay (propagated)
                                  0.000000    0.000000 ^ input external delay
     1    0.005712    0.022715    0.004758    0.004758 ^ s_axil_wdata[9] (in)
                                                         s_axil_wdata[9] (net)
                      0.022715    0.000000    0.004758 ^ _0565_/A (sg13g2_inv_1)
     2    0.014651    0.050535    0.053133    0.057891 v _0565_/Y (sg13g2_inv_1)
                                                         _0115_ (net)
                      0.050558    0.000907    0.058797 v _0939_/A (sg13g2_nand4_1)
     1    0.003508    0.035546    0.045534    0.104331 ^ _0939_/Y (sg13g2_nand4_1)
                                                         _0404_ (net)
                      0.035546    0.000032    0.104363 ^ _0940_/A2 (sg13g2_o21ai_1)
     1    0.004261    0.037245    0.058465    0.162828 v _0940_/Y (sg13g2_o21ai_1)
                                                         _0405_ (net)
                      0.037245    0.000068    0.162895 v _0941_/B (sg13g2_nor2_1)
     1    0.001798    0.036957    0.045733    0.208628 ^ _0941_/Y (sg13g2_nor2_1)
                                                         _0085_ (net)
                      0.036957    0.000013    0.208642 ^ _1086_/D (sg13g2_dfrbpq_1)
                                              0.208642   data arrival time

                                  0.000000    0.000000   clock clk_i (rise edge)
                                  0.000000    0.000000   clock source latency
   101    0.462132    0.000000    0.000000    0.000000 ^ clk_i (in)
                                                         clk_i (net)
                      0.046206    0.023103    0.023103 ^ _1086_/CLK (sg13g2_dfrbpq_1)
                                  0.100000    0.123103   clock uncertainty
                                  0.000000    0.123103   clock reconvergence pessimism
                                 -0.060725    0.062379   library hold time
                                              0.062379   data required time
---------------------------------------------------------------------------------------------
                                              0.062379   data required time
                                             -0.208642   data arrival time
---------------------------------------------------------------------------------------------
                                              0.146263   slack (MET)


Startpoint: s_axil_wdata[15] (input port clocked by clk_i)
Endpoint: _1092_ (rising edge-triggered flip-flop clocked by clk_i)
Path Group: clk_i
Path Type: min

Fanout         Cap        Slew       Delay        Time   Description
---------------------------------------------------------------------------------------------
                                  0.000000    0.000000   clock clk_i (rise edge)
                                  0.000000    0.000000   clock network delay (propagated)
                                  0.000000    0.000000 ^ input external delay
     1    0.005678    0.022684    0.004729    0.004729 ^ s_axil_wdata[15] (in)
                                                         s_axil_wdata[15] (net)
                      0.022685    0.000000    0.004729 ^ _0559_/A (sg13g2_inv_1)
     2    0.015266    0.052389    0.054546    0.059275 v _0559_/Y (sg13g2_inv_1)
                                                         _0109_ (net)
                      0.052414    0.000969    0.060244 v _0963_/A (sg13g2_nand4_1)
     1    0.003591    0.036239    0.046449    0.106693 ^ _0963_/Y (sg13g2_nand4_1)
                                                         _0422_ (net)
                      0.036239    0.000035    0.106729 ^ _0964_/A2 (sg13g2_o21ai_1)
     1    0.003991    0.035923    0.057521    0.164249 v _0964_/Y (sg13g2_o21ai_1)
                                                         _0423_ (net)
                      0.035923    0.000055    0.164305 v _0965_/B (sg13g2_nor2_1)
     1    0.001827    0.037086    0.045512    0.209817 ^ _0965_/Y (sg13g2_nor2_1)
                                                         _0091_ (net)
                      0.037086    0.000013    0.209830 ^ _1092_/D (sg13g2_dfrbpq_1)
                                              0.209830   data arrival time

                                  0.000000    0.000000   clock clk_i (rise edge)
                                  0.000000    0.000000   clock source latency
   101    0.462132    0.000000    0.000000    0.000000 ^ clk_i (in)
                                                         clk_i (net)
                      0.046624    0.023312    0.023312 ^ _1092_/CLK (sg13g2_dfrbpq_1)
                                  0.100000    0.123312   clock uncertainty
                                  0.000000    0.123312   clock reconvergence pessimism
                                 -0.060715    0.062597   library hold time
                                              0.062597   data required time
---------------------------------------------------------------------------------------------
                                              0.062597   data required time
                                             -0.209830   data arrival time
---------------------------------------------------------------------------------------------
                                              0.147233   slack (MET)


Startpoint: s_axil_wdata[9] (input port clocked by clk_i)
Endpoint: _1054_ (rising edge-triggered flip-flop clocked by clk_i)
Path Group: clk_i
Path Type: min

Fanout         Cap        Slew       Delay        Time   Description
---------------------------------------------------------------------------------------------
                                  0.000000    0.000000   clock clk_i (rise edge)
                                  0.000000    0.000000   clock network delay (propagated)
                                  0.000000    0.000000 ^ input external delay
     1    0.005712    0.022715    0.004758    0.004758 ^ s_axil_wdata[9] (in)
                                                         s_axil_wdata[9] (net)
                      0.022715    0.000000    0.004758 ^ _0565_/A (sg13g2_inv_1)
     2    0.014651    0.050535    0.053133    0.057891 v _0565_/Y (sg13g2_inv_1)
                                                         _0115_ (net)
                      0.050558    0.000916    0.058807 v _0807_/A (sg13g2_nand4_1)
     1    0.003770    0.036468    0.046361    0.105168 ^ _0807_/Y (sg13g2_nand4_1)
                                                         _0304_ (net)
                      0.036468    0.000040    0.105208 ^ _0808_/A2 (sg13g2_o21ai_1)
     1    0.003499    0.033453    0.055470    0.160678 v _0808_/Y (sg13g2_o21ai_1)
                                                         _0305_ (net)
                      0.033454    0.000037    0.160716 v _0809_/B (sg13g2_nor2_1)
     1    0.002181    0.039174    0.046903    0.207619 ^ _0809_/Y (sg13g2_nor2_1)
                                                         _0053_ (net)
                      0.039174    0.000020    0.207639 ^ _1054_/D (sg13g2_dfrbpq_1)
                                              0.207639   data arrival time

                                  0.000000    0.000000   clock clk_i (rise edge)
                                  0.000000    0.000000   clock source latency
   101    0.462132    0.000000    0.000000    0.000000 ^ clk_i (in)
                                                         clk_i (net)
                      0.043267    0.021634    0.021634 ^ _1054_/CLK (sg13g2_dfrbpq_1)
                                  0.100000    0.121634   clock uncertainty
                                  0.000000    0.121634   clock reconvergence pessimism
                                 -0.061645    0.059989   library hold time
                                              0.059989   data required time
---------------------------------------------------------------------------------------------
                                              0.059989   data required time
                                             -0.207639   data arrival time
---------------------------------------------------------------------------------------------
                                              0.147651   slack (MET)


Startpoint: s_axil_wdata[12] (input port clocked by clk_i)
Endpoint: _1057_ (rising edge-triggered flip-flop clocked by clk_i)
Path Group: clk_i
Path Type: min

Fanout         Cap        Slew       Delay        Time   Description
---------------------------------------------------------------------------------------------
                                  0.000000    0.000000   clock clk_i (rise edge)
                                  0.000000    0.000000   clock network delay (propagated)
                                  0.000000    0.000000 ^ input external delay
     1    0.010023    0.026546    0.008503    0.008503 ^ s_axil_wdata[12] (in)
                                                         s_axil_wdata[12] (net)
                      0.026546    0.000000    0.008503 ^ _0562_/A (sg13g2_inv_1)
     2    0.014451    0.050701    0.054397    0.062901 v _0562_/Y (sg13g2_inv_1)
                                                         _0112_ (net)
                      0.050723    0.000870    0.063771 v _0819_/A (sg13g2_nand4_1)
     1    0.003215    0.034551    0.044667    0.108437 ^ _0819_/Y (sg13g2_nand4_1)
                                                         _0313_ (net)
                      0.034551    0.000022    0.108460 ^ _0820_/A2 (sg13g2_o21ai_1)
     1    0.003162    0.031547    0.053416    0.161876 v _0820_/Y (sg13g2_o21ai_1)
                                                         _0314_ (net)
                      0.031547    0.000027    0.161903 v _0821_/B (sg13g2_nor2_1)
     1    0.001644    0.034818    0.043105    0.205007 ^ _0821_/Y (sg13g2_nor2_1)
                                                         _0056_ (net)
                      0.034818    0.000010    0.205018 ^ _1057_/D (sg13g2_dfrbpq_1)
                                              0.205018   data arrival time

                                  0.000000    0.000000   clock clk_i (rise edge)
                                  0.000000    0.000000   clock source latency
   101    0.462132    0.000000    0.000000    0.000000 ^ clk_i (in)
                                                         clk_i (net)
                      0.035098    0.017549    0.017549 ^ _1057_/CLK (sg13g2_dfrbpq_1)
                                  0.100000    0.117549   clock uncertainty
                                  0.000000    0.117549   clock reconvergence pessimism
                                 -0.061335    0.056214   library hold time
                                              0.056214   data required time
---------------------------------------------------------------------------------------------
                                              0.056214   data required time
                                             -0.205018   data arrival time
---------------------------------------------------------------------------------------------
                                              0.148804   slack (MET)


Startpoint: s_axil_wdata[23] (input port clocked by clk_i)
Endpoint: _1052_ (rising edge-triggered flip-flop clocked by clk_i)
Path Group: clk_i
Path Type: min

Fanout         Cap        Slew       Delay        Time   Description
---------------------------------------------------------------------------------------------
                                  0.000000    0.000000   clock clk_i (rise edge)
                                  0.000000    0.000000   clock network delay (propagated)
                                  0.000000    0.000000 ^ input external delay
     1    0.005291    0.022334    0.004398    0.004398 ^ s_axil_wdata[23] (in)
                                                         s_axil_wdata[23] (net)
                      0.022334    0.000000    0.004398 ^ _0567_/A (sg13g2_inv_1)
     2    0.008813    0.032946    0.039356    0.043755 v _0567_/Y (sg13g2_inv_1)
                                                         _0117_ (net)
                      0.032948    0.000249    0.044003 v _0798_/A (sg13g2_nand4_1)
     1    0.006444    0.042418    0.048088    0.092091 ^ _0798_/Y (sg13g2_nand4_1)
                                                         _0297_ (net)
                      0.042418    0.000159    0.092250 ^ _0799_/A2 (sg13g2_o21ai_1)
     1    0.003453    0.033848    0.057142    0.149392 v _0799_/Y (sg13g2_o21ai_1)
                                                         _0298_ (net)
                      0.033848    0.000036    0.149428 v _0800_/B (sg13g2_nor2_1)
     1    0.002200    0.039392    0.047134    0.196562 ^ _0800_/Y (sg13g2_nor2_1)
                                                         _0051_ (net)
                      0.039392    0.000020    0.196583 ^ _1052_/D (sg13g2_dfrbpq_1)
                                              0.196583   data arrival time

                                  0.000000    0.000000   clock clk_i (rise edge)
                                  0.000000    0.000000   clock source latency
   101    0.462132    0.000000    0.000000    0.000000 ^ clk_i (in)
                                                         clk_i (net)
                      0.022449    0.011224    0.011224 ^ _1052_/CLK (sg13g2_dfrbpq_1)
                                  0.100000    0.111224   clock uncertainty
                                  0.000000    0.111224   clock reconvergence pessimism
                                 -0.063941    0.047283   library hold time
                                              0.047283   data required time
---------------------------------------------------------------------------------------------
                                              0.047283   data required time
                                             -0.196583   data arrival time
---------------------------------------------------------------------------------------------
                                              0.149300   slack (MET)


Startpoint: s_axil_wdata[21] (input port clocked by clk_i)
Endpoint: _1050_ (rising edge-triggered flip-flop clocked by clk_i)
Path Group: clk_i
Path Type: min

Fanout         Cap        Slew       Delay        Time   Description
---------------------------------------------------------------------------------------------
                                  0.000000    0.000000   clock clk_i (rise edge)
                                  0.000000    0.000000   clock network delay (propagated)
                                  0.000000    0.000000 ^ input external delay
     1    0.005077    0.022139    0.004216    0.004216 ^ s_axil_wdata[21] (in)
                                                         s_axil_wdata[21] (net)
                      0.022140    0.000000    0.004216 ^ _0569_/A (sg13g2_inv_1)
     2    0.009705    0.035553    0.041390    0.045606 v _0569_/Y (sg13g2_inv_1)
                                                         _0119_ (net)
                      0.035557    0.000283    0.045890 v _0790_/A (sg13g2_nand4_1)
     1    0.004153    0.034657    0.042223    0.088113 ^ _0790_/Y (sg13g2_nand4_1)
                                                         _0291_ (net)
                      0.034657    0.000053    0.088166 ^ _0791_/A2 (sg13g2_o21ai_1)
     1    0.004064    0.036136    0.057333    0.145498 v _0791_/Y (sg13g2_o21ai_1)
                                                         _0292_ (net)
                      0.036136    0.000056    0.145555 v _0792_/B (sg13g2_nor2_1)
     1    0.002589    0.042619    0.050170    0.195725 ^ _0792_/Y (sg13g2_nor2_1)
                                                         _0049_ (net)
                      0.042619    0.000029    0.195754 ^ _1050_/D (sg13g2_dfrbpq_1)
                                              0.195754   data arrival time

                                  0.000000    0.000000   clock clk_i (rise edge)
                                  0.000000    0.000000   clock source latency
   101    0.462132    0.000000    0.000000    0.000000 ^ clk_i (in)
                                                         clk_i (net)
                      0.022403    0.011201    0.011201 ^ _1050_/CLK (sg13g2_dfrbpq_1)
                                  0.100000    0.111201   clock uncertainty
                                  0.000000    0.111201   clock reconvergence pessimism
                                 -0.064826    0.046375   library hold time
                                              0.046375   data required time
---------------------------------------------------------------------------------------------
                                              0.046375   data required time
                                             -0.195754   data arrival time
---------------------------------------------------------------------------------------------
                                              0.149379   slack (MET)


Startpoint: s_axil_wdata[28] (input port clocked by clk_i)
Endpoint: _1041_ (rising edge-triggered flip-flop clocked by clk_i)
Path Group: clk_i
Path Type: min

Fanout         Cap        Slew       Delay        Time   Description
---------------------------------------------------------------------------------------------
                                  0.000000    0.000000   clock clk_i (rise edge)
                                  0.000000    0.000000   clock network delay (propagated)
                                  0.000000    0.000000 ^ input external delay
     1    0.005119    0.022178    0.004252    0.004252 ^ s_axil_wdata[28] (in)
                                                         s_axil_wdata[28] (net)
                      0.022178    0.000000    0.004252 ^ _0578_/A (sg13g2_inv_1)
     2    0.014365    0.049556    0.052223    0.056475 v _0578_/Y (sg13g2_inv_1)
                                                         _0128_ (net)
                      0.049578    0.000869    0.057344 v _0753_/A (sg13g2_nand4_1)
     1    0.004067    0.037305    0.046951    0.104295 ^ _0753_/Y (sg13g2_nand4_1)
                                                         _0263_ (net)
                      0.037305    0.000051    0.104346 ^ _0754_/A2 (sg13g2_o21ai_1)
     1    0.004444    0.038369    0.059817    0.164164 v _0754_/Y (sg13g2_o21ai_1)
                                                         _0264_ (net)
                      0.038369    0.000073    0.164237 v _0755_/B (sg13g2_nor2_1)
     1    0.002324    0.040647    0.049251    0.213488 ^ _0755_/Y (sg13g2_nor2_1)
                                                         _0040_ (net)
                      0.040647    0.000023    0.213511 ^ _1041_/D (sg13g2_dfrbpq_1)
                                              0.213511   data arrival time

                                  0.000000    0.000000   clock clk_i (rise edge)
                                  0.000000    0.000000   clock source latency
   101    0.462132    0.000000    0.000000    0.000000 ^ clk_i (in)
                                                         clk_i (net)
                      0.048677    0.024338    0.024338 ^ _1041_/CLK (sg13g2_dfrbpq_1)
                                  0.100000    0.124338   clock uncertainty
                                  0.000000    0.124338   clock reconvergence pessimism
                                 -0.061465    0.062874   library hold time
                                              0.062874   data required time
---------------------------------------------------------------------------------------------
                                              0.062874   data required time
                                             -0.213511   data arrival time
---------------------------------------------------------------------------------------------
                                              0.150638   slack (MET)


Startpoint: s_axil_wdata[10] (input port clocked by clk_i)
Endpoint: _1055_ (rising edge-triggered flip-flop clocked by clk_i)
Path Group: clk_i
Path Type: min

Fanout         Cap        Slew       Delay        Time   Description
---------------------------------------------------------------------------------------------
                                  0.000000    0.000000   clock clk_i (rise edge)
                                  0.000000    0.000000   clock network delay (propagated)
                                  0.000000    0.000000 ^ input external delay
     1    0.005390    0.022424    0.004483    0.004483 ^ s_axil_wdata[10] (in)
                                                         s_axil_wdata[10] (net)
                      0.022424    0.000000    0.004483 ^ _0564_/A (sg13g2_inv_1)
     2    0.014853    0.051085    0.053468    0.057951 v _0564_/Y (sg13g2_inv_1)
                                                         _0114_ (net)
                      0.051109    0.000928    0.058879 v _0811_/A (sg13g2_nand4_1)
     1    0.003993    0.037367    0.047260    0.106139 ^ _0811_/Y (sg13g2_nand4_1)
                                                         _0307_ (net)
                      0.037367    0.000048    0.106187 ^ _0812_/A2 (sg13g2_o21ai_1)
     1    0.003773    0.034931    0.056938    0.163125 v _0812_/Y (sg13g2_o21ai_1)
                                                         _0308_ (net)
                      0.034931    0.000047    0.163172 v _0813_/B (sg13g2_nor2_1)
     1    0.002278    0.040188    0.047931    0.211103 ^ _0813_/Y (sg13g2_nor2_1)
                                                         _0054_ (net)
                      0.040188    0.000022    0.211125 ^ _1055_/D (sg13g2_dfrbpq_1)
                                              0.211125   data arrival time

                                  0.000000    0.000000   clock clk_i (rise edge)
                                  0.000000    0.000000   clock source latency
   101    0.462132    0.000000    0.000000    0.000000 ^ clk_i (in)
                                                         clk_i (net)
                      0.043871    0.021935    0.021935 ^ _1055_/CLK (sg13g2_dfrbpq_1)
                                  0.100000    0.121935   clock uncertainty
                                  0.000000    0.121935   clock reconvergence pessimism
                                 -0.061856    0.060079   library hold time
                                              0.060079   data required time
---------------------------------------------------------------------------------------------
                                              0.060079   data required time
                                             -0.211125   data arrival time
---------------------------------------------------------------------------------------------
                                              0.151046   slack (MET)


Startpoint: s_axil_wdata[11] (input port clocked by clk_i)
Endpoint: _1056_ (rising edge-triggered flip-flop clocked by clk_i)
Path Group: clk_i
Path Type: min

Fanout         Cap        Slew       Delay        Time   Description
---------------------------------------------------------------------------------------------
                                  0.000000    0.000000   clock clk_i (rise edge)
                                  0.000000    0.000000   clock network delay (propagated)
                                  0.000000    0.000000 ^ input external delay
     1    0.010006    0.026530    0.008488    0.008488 ^ s_axil_wdata[11] (in)
                                                         s_axil_wdata[11] (net)
                      0.026531    0.000000    0.008488 ^ _0563_/A (sg13g2_inv_1)
     2    0.014541    0.050972    0.054605    0.063092 v _0563_/Y (sg13g2_inv_1)
                                                         _0113_ (net)
                      0.050994    0.000892    0.063984 v _0815_/A (sg13g2_nand4_1)
     1    0.003307    0.034934    0.045052    0.109036 ^ _0815_/Y (sg13g2_nand4_1)
                                                         _0310_ (net)
                      0.034934    0.000025    0.109061 ^ _0816_/A2 (sg13g2_o21ai_1)
     1    0.003297    0.032269    0.054116    0.163177 v _0816_/Y (sg13g2_o21ai_1)
                                                         _0311_ (net)
                      0.032269    0.000031    0.163209 v _0817_/B (sg13g2_nor2_1)
     1    0.001762    0.035845    0.044032    0.207240 ^ _0817_/Y (sg13g2_nor2_1)
                                                         _0055_ (net)
                      0.035845    0.000012    0.207253 ^ _1056_/D (sg13g2_dfrbpq_1)
                                              0.207253   data arrival time

                                  0.000000    0.000000   clock clk_i (rise edge)
                                  0.000000    0.000000   clock source latency
   101    0.462132    0.000000    0.000000    0.000000 ^ clk_i (in)
                                                         clk_i (net)
                      0.035054    0.017527    0.017527 ^ _1056_/CLK (sg13g2_dfrbpq_1)
                                  0.100000    0.117527   clock uncertainty
                                  0.000000    0.117527   clock reconvergence pessimism
                                 -0.061620    0.055907   library hold time
                                              0.055907   data required time
---------------------------------------------------------------------------------------------
                                              0.055907   data required time
                                             -0.207253   data arrival time
---------------------------------------------------------------------------------------------
                                              0.151345   slack (MET)


Startpoint: s_axil_wdata[1] (input port clocked by clk_i)
Endpoint: _1062_ (rising edge-triggered flip-flop clocked by clk_i)
Path Group: clk_i
Path Type: min

Fanout         Cap        Slew       Delay        Time   Description
---------------------------------------------------------------------------------------------
                                  0.000000    0.000000   clock clk_i (rise edge)
                                  0.000000    0.000000   clock network delay (propagated)
                                  0.000000    0.000000 ^ input external delay
     1    0.008213    0.024949    0.006918    0.006918 ^ s_axil_wdata[1] (in)
                                                         s_axil_wdata[1] (net)
                      0.024949    0.000000    0.006918 ^ _0557_/A (sg13g2_inv_1)
     2    0.010371    0.038065    0.044029    0.050946 v _0557_/Y (sg13g2_inv_1)
                                                         _0107_ (net)
                      0.038071    0.000403    0.051349 v _0840_/A (sg13g2_nand4_1)
     1    0.005225    0.039035    0.046354    0.097704 ^ _0840_/Y (sg13g2_nand4_1)
                                                         _0329_ (net)
                      0.039035    0.000105    0.097808 ^ _0841_/A2 (sg13g2_o21ai_1)
     1    0.003656    0.034518    0.056961    0.154769 v _0841_/Y (sg13g2_o21ai_1)
                                                         _0330_ (net)
                      0.034518    0.000043    0.154812 v _0842_/B (sg13g2_nor2_1)
     1    0.002835    0.044193    0.051163    0.205975 ^ _0842_/Y (sg13g2_nor2_1)
                                                         _0061_ (net)
                      0.044193    0.000035    0.206010 ^ _1062_/D (sg13g2_dfrbpq_1)
                                              0.206010   data arrival time

                                  0.000000    0.000000   clock clk_i (rise edge)
                                  0.000000    0.000000   clock source latency
   101    0.462132    0.000000    0.000000    0.000000 ^ clk_i (in)
                                                         clk_i (net)
                      0.032483    0.016241    0.016241 ^ _1062_/CLK (sg13g2_dfrbpq_1)
                                  0.100000    0.116241   clock uncertainty
                                  0.000000    0.116241   clock reconvergence pessimism
                                 -0.064172    0.052070   library hold time
                                              0.052070   data required time
---------------------------------------------------------------------------------------------
                                              0.052070   data required time
                                             -0.206010   data arrival time
---------------------------------------------------------------------------------------------
                                              0.153941   slack (MET)


Startpoint: s_axil_wdata[15] (input port clocked by clk_i)
Endpoint: _1060_ (rising edge-triggered flip-flop clocked by clk_i)
Path Group: clk_i
Path Type: min

Fanout         Cap        Slew       Delay        Time   Description
---------------------------------------------------------------------------------------------
                                  0.000000    0.000000   clock clk_i (rise edge)
                                  0.000000    0.000000   clock network delay (propagated)
                                  0.000000    0.000000 ^ input external delay
     1    0.005678    0.022684    0.004729    0.004729 ^ s_axil_wdata[15] (in)
                                                         s_axil_wdata[15] (net)
                      0.022685    0.000000    0.004729 ^ _0559_/A (sg13g2_inv_1)
     2    0.015266    0.052389    0.054546    0.059275 v _0559_/Y (sg13g2_inv_1)
                                                         _0109_ (net)
                      0.052416    0.000989    0.060264 v _0831_/A (sg13g2_nand4_1)
     1    0.003854    0.037157    0.047283    0.107547 ^ _0831_/Y (sg13g2_nand4_1)
                                                         _0322_ (net)
                      0.037157    0.000043    0.107590 ^ _0832_/A2 (sg13g2_o21ai_1)
     1    0.004499    0.038643    0.060010    0.167600 v _0832_/Y (sg13g2_o21ai_1)
                                                         _0323_ (net)
                      0.038643    0.000077    0.167677 v _0833_/B (sg13g2_nor2_1)
     1    0.002304    0.040487    0.049212    0.216889 ^ _0833_/Y (sg13g2_nor2_1)
                                                         _0059_ (net)
                      0.040487    0.000023    0.216912 ^ _1060_/D (sg13g2_dfrbpq_1)
                                              0.216912   data arrival time

                                  0.000000    0.000000   clock clk_i (rise edge)
                                  0.000000    0.000000   clock source latency
   101    0.462132    0.000000    0.000000    0.000000 ^ clk_i (in)
                                                         clk_i (net)
                      0.045501    0.022750    0.022750 ^ _1060_/CLK (sg13g2_dfrbpq_1)
                                  0.100000    0.122750   clock uncertainty
                                  0.000000    0.122750   clock reconvergence pessimism
                                 -0.061763    0.060987   library hold time
                                              0.060987   data required time
---------------------------------------------------------------------------------------------
                                              0.060987   data required time
                                             -0.216912   data arrival time
---------------------------------------------------------------------------------------------
                                              0.155925   slack (MET)


Startpoint: s_axil_wdata[14] (input port clocked by clk_i)
Endpoint: _1091_ (rising edge-triggered flip-flop clocked by clk_i)
Path Group: clk_i
Path Type: min

Fanout         Cap        Slew       Delay        Time   Description
---------------------------------------------------------------------------------------------
                                  0.000000    0.000000   clock clk_i (rise edge)
                                  0.000000    0.000000   clock network delay (propagated)
                                  0.000000    0.000000 ^ input external delay
     1    0.008601    0.025292    0.007256    0.007256 ^ s_axil_wdata[14] (in)
                                                         s_axil_wdata[14] (net)
                      0.025292    0.000000    0.007256 ^ _0560_/A (sg13g2_inv_1)
     2    0.013916    0.048816    0.052570    0.059826 v _0560_/Y (sg13g2_inv_1)
                                                         _0110_ (net)
                      0.048836    0.000820    0.060646 v _0959_/A (sg13g2_nand4_1)
     1    0.003623    0.035585    0.045295    0.105941 ^ _0959_/Y (sg13g2_nand4_1)
                                                         _0419_ (net)
                      0.035585    0.000036    0.105977 ^ _0960_/A2 (sg13g2_o21ai_1)
     1    0.004651    0.039278    0.060158    0.166134 v _0960_/Y (sg13g2_o21ai_1)
                                                         _0420_ (net)
                      0.039278    0.000084    0.166219 v _0961_/B (sg13g2_nor2_1)
     1    0.001957    0.038060    0.047303    0.213522 ^ _0961_/Y (sg13g2_nor2_1)
                                                         _0090_ (net)
                      0.038060    0.000016    0.213538 ^ _1091_/D (sg13g2_dfrbpq_1)
                                              0.213538   data arrival time

                                  0.000000    0.000000   clock clk_i (rise edge)
                                  0.000000    0.000000   clock source latency
   101    0.462132    0.000000    0.000000    0.000000 ^ clk_i (in)
                                                         clk_i (net)
                      0.035416    0.017708    0.017708 ^ _1091_/CLK (sg13g2_dfrbpq_1)
                                  0.100000    0.117708   clock uncertainty
                                  0.000000    0.117708   clock reconvergence pessimism
                                 -0.062185    0.055523   library hold time
                                              0.055523   data required time
---------------------------------------------------------------------------------------------
                                              0.055523   data required time
                                             -0.213538   data arrival time
---------------------------------------------------------------------------------------------
                                              0.158014   slack (MET)


Startpoint: s_axil_wdata[12] (input port clocked by clk_i)
Endpoint: _1089_ (rising edge-triggered flip-flop clocked by clk_i)
Path Group: clk_i
Path Type: min

Fanout         Cap        Slew       Delay        Time   Description
---------------------------------------------------------------------------------------------
                                  0.000000    0.000000   clock clk_i (rise edge)
                                  0.000000    0.000000   clock network delay (propagated)
                                  0.000000    0.000000 ^ input external delay
     1    0.010023    0.026546    0.008503    0.008503 ^ s_axil_wdata[12] (in)
                                                         s_axil_wdata[12] (net)
                      0.026546    0.000000    0.008503 ^ _0562_/A (sg13g2_inv_1)
     2    0.014451    0.050701    0.054397    0.062901 v _0562_/Y (sg13g2_inv_1)
                                                         _0112_ (net)
                      0.050723    0.000885    0.063786 v _0951_/A (sg13g2_nand4_1)
     1    0.004022    0.037388    0.047215    0.111001 ^ _0951_/Y (sg13g2_nand4_1)
                                                         _0413_ (net)
                      0.037388    0.000050    0.111051 ^ _0952_/A2 (sg13g2_o21ai_1)
     1    0.003458    0.033345    0.055584    0.166634 v _0952_/Y (sg13g2_o21ai_1)
                                                         _0414_ (net)
                      0.033345    0.000036    0.166671 v _0953_/B (sg13g2_nor2_1)
     1    0.002186    0.039189    0.046901    0.213571 ^ _0953_/Y (sg13g2_nor2_1)
                                                         _0088_ (net)
                      0.039189    0.000020    0.213591 ^ _1089_/D (sg13g2_dfrbpq_1)
                                              0.213591   data arrival time

                                  0.000000    0.000000   clock clk_i (rise edge)
                                  0.000000    0.000000   clock source latency
   101    0.462132    0.000000    0.000000    0.000000 ^ clk_i (in)
                                                         clk_i (net)
                      0.034643    0.017321    0.017321 ^ _1089_/CLK (sg13g2_dfrbpq_1)
                                  0.100000    0.117321   clock uncertainty
                                  0.000000    0.117321   clock reconvergence pessimism
                                 -0.062575    0.054746   library hold time
                                              0.054746   data required time
---------------------------------------------------------------------------------------------
                                              0.054746   data required time
                                             -0.213591   data arrival time
---------------------------------------------------------------------------------------------
                                              0.158845   slack (MET)


Startpoint: s_axil_wdata[2] (input port clocked by clk_i)
Endpoint: _1063_ (rising edge-triggered flip-flop clocked by clk_i)
Path Group: clk_i
Path Type: min

Fanout         Cap        Slew       Delay        Time   Description
---------------------------------------------------------------------------------------------
                                  0.000000    0.000000   clock clk_i (rise edge)
                                  0.000000    0.000000   clock network delay (propagated)
                                  0.000000    0.000000 ^ input external delay
     1    0.008880    0.025538    0.007499    0.007499 ^ s_axil_wdata[2] (in)
                                                         s_axil_wdata[2] (net)
                      0.025539    0.000000    0.007499 ^ _0556_/A (sg13g2_inv_1)
     2    0.006196    0.025832    0.034266    0.041765 v _0556_/Y (sg13g2_inv_1)
                                                         _0106_ (net)
                      0.025832    0.000074    0.041840 v _0844_/A (sg13g2_nand4_1)
     1    0.003691    0.030908    0.037415    0.079254 ^ _0844_/Y (sg13g2_nand4_1)
                                                         _0332_ (net)
                      0.030908    0.000038    0.079292 ^ _0845_/A2 (sg13g2_o21ai_1)
     1    0.009111    0.063038    0.077675    0.156967 v _0845_/Y (sg13g2_o21ai_1)
                                                         _0333_ (net)
                      0.063041    0.000382    0.157349 v _0846_/B (sg13g2_nor2_1)
     1    0.002406    0.041363    0.057230    0.214579 ^ _0846_/Y (sg13g2_nor2_1)
                                                         _0062_ (net)
                      0.041363    0.000025    0.214604 ^ _1063_/D (sg13g2_dfrbpq_1)
                                              0.214604   data arrival time

                                  0.000000    0.000000   clock clk_i (rise edge)
                                  0.000000    0.000000   clock source latency
   101    0.462132    0.000000    0.000000    0.000000 ^ clk_i (in)
                                                         clk_i (net)
                      0.032617    0.016309    0.016309 ^ _1063_/CLK (sg13g2_dfrbpq_1)
                                  0.100000    0.116309   clock uncertainty
                                  0.000000    0.116309   clock reconvergence pessimism
                                 -0.063386    0.052923   library hold time
                                              0.052923   data required time
---------------------------------------------------------------------------------------------
                                              0.052923   data required time
                                             -0.214604   data arrival time
---------------------------------------------------------------------------------------------
                                              0.161682   slack (MET)


Startpoint: s_axil_wdata[11] (input port clocked by clk_i)
Endpoint: _1088_ (rising edge-triggered flip-flop clocked by clk_i)
Path Group: clk_i
Path Type: min

Fanout         Cap        Slew       Delay        Time   Description
---------------------------------------------------------------------------------------------
                                  0.000000    0.000000   clock clk_i (rise edge)
                                  0.000000    0.000000   clock network delay (propagated)
                                  0.000000    0.000000 ^ input external delay
     1    0.010006    0.026530    0.008488    0.008488 ^ s_axil_wdata[11] (in)
                                                         s_axil_wdata[11] (net)
                      0.026531    0.000000    0.008488 ^ _0563_/A (sg13g2_inv_1)
     2    0.014541    0.050972    0.054605    0.063092 v _0563_/Y (sg13g2_inv_1)
                                                         _0113_ (net)
                      0.050994    0.000902    0.063994 v _0947_/A (sg13g2_nand4_1)
     1    0.004151    0.037900    0.047720    0.111714 ^ _0947_/Y (sg13g2_nand4_1)
                                                         _0410_ (net)
                      0.037900    0.000055    0.111768 ^ _0948_/A2 (sg13g2_o21ai_1)
     1    0.004010    0.036194    0.058134    0.169902 v _0948_/Y (sg13g2_o21ai_1)
                                                         _0411_ (net)
                      0.036194    0.000057    0.169959 v _0949_/B (sg13g2_nor2_1)
     1    0.002401    0.041352    0.049058    0.219017 ^ _0949_/Y (sg13g2_nor2_1)
                                                         _0087_ (net)
                      0.041352    0.000025    0.219042 ^ _1088_/D (sg13g2_dfrbpq_1)
                                              0.219042   data arrival time

                                  0.000000    0.000000   clock clk_i (rise edge)
                                  0.000000    0.000000   clock source latency
   101    0.462132    0.000000    0.000000    0.000000 ^ clk_i (in)
                                                         clk_i (net)
                      0.035190    0.017595    0.017595 ^ _1088_/CLK (sg13g2_dfrbpq_1)
                                  0.100000    0.117595   clock uncertainty
                                  0.000000    0.117595   clock reconvergence pessimism
                                 -0.063106    0.054489   library hold time
                                              0.054489   data required time
---------------------------------------------------------------------------------------------
                                              0.054489   data required time
                                             -0.219042   data arrival time
---------------------------------------------------------------------------------------------
                                              0.164553   slack (MET)


Startpoint: _1093_ (rising edge-triggered flip-flop clocked by clk_i)
Endpoint: gpio_dir[0] (output port clocked by clk_i)
Path Group: clk_i
Path Type: min

Fanout         Cap        Slew       Delay        Time   Description
---------------------------------------------------------------------------------------------
                                  0.000000    0.000000   clock clk_i (rise edge)
                                  0.000000    0.000000   clock source latency
   101    0.416943    0.000000    0.000000    0.000000 ^ clk_i (in)
                                                         clk_i (net)
                      0.014600    0.007300    0.007300 ^ _1093_/CLK (sg13g2_dfrbpq_1)
     3    0.055142    0.173185    0.277682    0.284982 v _1093_/Q (sg13g2_dfrbpq_1)
                                                         gpio_dir[0] (net)
                      0.173185    0.000000    0.284982 v gpio_dir[0] (out)
                                              0.284982   data arrival time

                                  0.000000    0.000000   clock clk_i (rise edge)
                                  0.000000    0.000000   clock network delay (propagated)
                                  0.100000    0.100000   clock uncertainty
                                  0.000000    0.100000   clock reconvergence pessimism
                                  0.000000    0.100000   output external delay
                                              0.100000   data required time
---------------------------------------------------------------------------------------------
                                              0.100000   data required time
                                             -0.284982   data arrival time
---------------------------------------------------------------------------------------------
                                              0.184982   slack (MET)


Startpoint: _1095_ (rising edge-triggered flip-flop clocked by clk_i)
Endpoint: gpio_dir[2] (output port clocked by clk_i)
Path Group: clk_i
Path Type: min

Fanout         Cap        Slew       Delay        Time   Description
---------------------------------------------------------------------------------------------
                                  0.000000    0.000000   clock clk_i (rise edge)
                                  0.000000    0.000000   clock source latency
   101    0.416943    0.000000    0.000000    0.000000 ^ clk_i (in)
                                                         clk_i (net)
                      0.015116    0.007558    0.007558 ^ _1095_/CLK (sg13g2_dfrbpq_1)
     3    0.055175    0.173282    0.278003    0.285561 v _1095_/Q (sg13g2_dfrbpq_1)
                                                         gpio_dir[2] (net)
                      0.173282    0.000000    0.285561 v gpio_dir[2] (out)
                                              0.285561   data arrival time

                                  0.000000    0.000000   clock clk_i (rise edge)
                                  0.000000    0.000000   clock network delay (propagated)
                                  0.100000    0.100000   clock uncertainty
                                  0.000000    0.100000   clock reconvergence pessimism
                                  0.000000    0.100000   output external delay
                                              0.100000   data required time
---------------------------------------------------------------------------------------------
                                              0.100000   data required time
                                             -0.285561   data arrival time
---------------------------------------------------------------------------------------------
                                              0.185561   slack (MET)


Startpoint: _1098_ (rising edge-triggered flip-flop clocked by clk_i)
Endpoint: gpio_dir[5] (output port clocked by clk_i)
Path Group: clk_i
Path Type: min

Fanout         Cap        Slew       Delay        Time   Description
---------------------------------------------------------------------------------------------
                                  0.000000    0.000000   clock clk_i (rise edge)
                                  0.000000    0.000000   clock source latency
   101    0.416943    0.000000    0.000000    0.000000 ^ clk_i (in)
                                                         clk_i (net)
                      0.015601    0.007801    0.007801 ^ _1098_/CLK (sg13g2_dfrbpq_1)
     3    0.055175    0.173282    0.278237    0.286038 v _1098_/Q (sg13g2_dfrbpq_1)
                                                         gpio_dir[5] (net)
                      0.173282    0.000000    0.286038 v gpio_dir[5] (out)
                                              0.286038   data arrival time

                                  0.000000    0.000000   clock clk_i (rise edge)
                                  0.000000    0.000000   clock network delay (propagated)
                                  0.100000    0.100000   clock uncertainty
                                  0.000000    0.100000   clock reconvergence pessimism
                                  0.000000    0.100000   output external delay
                                              0.100000   data required time
---------------------------------------------------------------------------------------------
                                              0.100000   data required time
                                             -0.286038   data arrival time
---------------------------------------------------------------------------------------------
                                              0.186038   slack (MET)


Startpoint: _1099_ (rising edge-triggered flip-flop clocked by clk_i)
Endpoint: gpio_dir[6] (output port clocked by clk_i)
Path Group: clk_i
Path Type: min

Fanout         Cap        Slew       Delay        Time   Description
---------------------------------------------------------------------------------------------
                                  0.000000    0.000000   clock clk_i (rise edge)
                                  0.000000    0.000000   clock source latency
   101    0.416943    0.000000    0.000000    0.000000 ^ clk_i (in)
                                                         clk_i (net)
                      0.015911    0.007956    0.007956 ^ _1099_/CLK (sg13g2_dfrbpq_1)
     3    0.055175    0.173282    0.278387    0.286343 v _1099_/Q (sg13g2_dfrbpq_1)
                                                         gpio_dir[6] (net)
                      0.173282    0.000000    0.286343 v gpio_dir[6] (out)
                                              0.286343   data arrival time

                                  0.000000    0.000000   clock clk_i (rise edge)
                                  0.000000    0.000000   clock network delay (propagated)
                                  0.100000    0.100000   clock uncertainty
                                  0.000000    0.100000   clock reconvergence pessimism
                                  0.000000    0.100000   output external delay
                                              0.100000   data required time
---------------------------------------------------------------------------------------------
                                              0.100000   data required time
                                             -0.286343   data arrival time
---------------------------------------------------------------------------------------------
                                              0.186343   slack (MET)


Startpoint: _1066_ (rising edge-triggered flip-flop clocked by clk_i)
Endpoint: gpio_out[5] (output port clocked by clk_i)
Path Group: clk_i
Path Type: min

Fanout         Cap        Slew       Delay        Time   Description
---------------------------------------------------------------------------------------------
                                  0.000000    0.000000   clock clk_i (rise edge)
                                  0.000000    0.000000   clock source latency
   101    0.416943    0.000000    0.000000    0.000000 ^ clk_i (in)
                                                         clk_i (net)
                      0.016061    0.008030    0.008030 ^ _1066_/CLK (sg13g2_dfrbpq_1)
     3    0.055306    0.173675    0.278750    0.286780 v _1066_/Q (sg13g2_dfrbpq_1)
                                                         gpio_out[5] (net)
                      0.173675    0.000000    0.286780 v gpio_out[5] (out)
                                              0.286780   data arrival time

                                  0.000000    0.000000   clock clk_i (rise edge)
                                  0.000000    0.000000   clock network delay (propagated)
                                  0.100000    0.100000   clock uncertainty
                                  0.000000    0.100000   clock reconvergence pessimism
                                  0.000000    0.100000   output external delay
                                              0.100000   data required time
---------------------------------------------------------------------------------------------
                                              0.100000   data required time
                                             -0.286780   data arrival time
---------------------------------------------------------------------------------------------
                                              0.186780   slack (MET)


Startpoint: _1045_ (rising edge-triggered flip-flop clocked by clk_i)
Endpoint: gpio_out[16] (output port clocked by clk_i)
Path Group: clk_i
Path Type: min

Fanout         Cap        Slew       Delay        Time   Description
---------------------------------------------------------------------------------------------
                                  0.000000    0.000000   clock clk_i (rise edge)
                                  0.000000    0.000000   clock source latency
   101    0.416943    0.000000    0.000000    0.000000 ^ clk_i (in)
                                                         clk_i (net)
                      0.016092    0.008046    0.008046 ^ _1045_/CLK (sg13g2_dfrbpq_1)
     3    0.055306    0.173675    0.278765    0.286812 v _1045_/Q (sg13g2_dfrbpq_1)
                                                         gpio_out[16] (net)
                      0.173675    0.000000    0.286812 v gpio_out[16] (out)
                                              0.286812   data arrival time

                                  0.000000    0.000000   clock clk_i (rise edge)
                                  0.000000    0.000000   clock network delay (propagated)
                                  0.100000    0.100000   clock uncertainty
                                  0.000000    0.100000   clock reconvergence pessimism
                                  0.000000    0.100000   output external delay
                                              0.100000   data required time
---------------------------------------------------------------------------------------------
                                              0.100000   data required time
                                             -0.286812   data arrival time
---------------------------------------------------------------------------------------------
                                              0.186812   slack (MET)


Startpoint: _1046_ (rising edge-triggered flip-flop clocked by clk_i)
Endpoint: gpio_out[17] (output port clocked by clk_i)
Path Group: clk_i
Path Type: min

Fanout         Cap        Slew       Delay        Time   Description
---------------------------------------------------------------------------------------------
                                  0.000000    0.000000   clock clk_i (rise edge)
                                  0.000000    0.000000   clock source latency
   101    0.416943    0.000000    0.000000    0.000000 ^ clk_i (in)
                                                         clk_i (net)
                      0.016110    0.008055    0.008055 ^ _1046_/CLK (sg13g2_dfrbpq_1)
     3    0.055306    0.173675    0.278774    0.286829 v _1046_/Q (sg13g2_dfrbpq_1)
                                                         gpio_out[17] (net)
                      0.173675    0.000000    0.286829 v gpio_out[17] (out)
                                              0.286829   data arrival time

                                  0.000000    0.000000   clock clk_i (rise edge)
                                  0.000000    0.000000   clock network delay (propagated)
                                  0.100000    0.100000   clock uncertainty
                                  0.000000    0.100000   clock reconvergence pessimism
                                  0.000000    0.100000   output external delay
                                              0.100000   data required time
---------------------------------------------------------------------------------------------
                                              0.100000   data required time
                                             -0.286829   data arrival time
---------------------------------------------------------------------------------------------
                                              0.186829   slack (MET)


Startpoint: _1094_ (rising edge-triggered flip-flop clocked by clk_i)
Endpoint: gpio_dir[1] (output port clocked by clk_i)
Path Group: clk_i
Path Type: min

Fanout         Cap        Slew       Delay        Time   Description
---------------------------------------------------------------------------------------------
                                  0.000000    0.000000   clock clk_i (rise edge)
                                  0.000000    0.000000   clock source latency
   101    0.416943    0.000000    0.000000    0.000000 ^ clk_i (in)
                                                         clk_i (net)
                      0.016445    0.008223    0.008223 ^ _1094_/CLK (sg13g2_dfrbpq_1)
     3    0.055175    0.173282    0.278645    0.286867 v _1094_/Q (sg13g2_dfrbpq_1)
                                                         gpio_dir[1] (net)
                      0.173282    0.000000    0.286867 v gpio_dir[1] (out)
                                              0.286867   data arrival time

                                  0.000000    0.000000   clock clk_i (rise edge)
                                  0.000000    0.000000   clock network delay (propagated)
                                  0.100000    0.100000   clock uncertainty
                                  0.000000    0.100000   clock reconvergence pessimism
                                  0.000000    0.100000   output external delay
                                              0.100000   data required time
---------------------------------------------------------------------------------------------
                                              0.100000   data required time
                                             -0.286867   data arrival time
---------------------------------------------------------------------------------------------
                                              0.186867   slack (MET)


Startpoint: _1048_ (rising edge-triggered flip-flop clocked by clk_i)
Endpoint: gpio_out[19] (output port clocked by clk_i)
Path Group: clk_i
Path Type: min

Fanout         Cap        Slew       Delay        Time   Description
---------------------------------------------------------------------------------------------
                                  0.000000    0.000000   clock clk_i (rise edge)
                                  0.000000    0.000000   clock source latency
   101    0.416943    0.000000    0.000000    0.000000 ^ clk_i (in)
                                                         clk_i (net)
                      0.016176    0.008088    0.008088 ^ _1048_/CLK (sg13g2_dfrbpq_1)
     3    0.055306    0.173675    0.278806    0.286894 v _1048_/Q (sg13g2_dfrbpq_1)
                                                         gpio_out[19] (net)
                      0.173675    0.000000    0.286894 v gpio_out[19] (out)
                                              0.286894   data arrival time

                                  0.000000    0.000000   clock clk_i (rise edge)
                                  0.000000    0.000000   clock network delay (propagated)
                                  0.100000    0.100000   clock uncertainty
                                  0.000000    0.100000   clock reconvergence pessimism
                                  0.000000    0.100000   output external delay
                                              0.100000   data required time
---------------------------------------------------------------------------------------------
                                              0.100000   data required time
                                             -0.286894   data arrival time
---------------------------------------------------------------------------------------------
                                              0.186894   slack (MET)


Startpoint: _1096_ (rising edge-triggered flip-flop clocked by clk_i)
Endpoint: gpio_dir[3] (output port clocked by clk_i)
Path Group: clk_i
Path Type: min

Fanout         Cap        Slew       Delay        Time   Description
---------------------------------------------------------------------------------------------
                                  0.000000    0.000000   clock clk_i (rise edge)
                                  0.000000    0.000000   clock source latency
   101    0.416943    0.000000    0.000000    0.000000 ^ clk_i (in)
                                                         clk_i (net)
                      0.016536    0.008268    0.008268 ^ _1096_/CLK (sg13g2_dfrbpq_1)
     3    0.055175    0.173282    0.278689    0.286956 v _1096_/Q (sg13g2_dfrbpq_1)
                                                         gpio_dir[3] (net)
                      0.173282    0.000000    0.286956 v gpio_dir[3] (out)
                                              0.286956   data arrival time

                                  0.000000    0.000000   clock clk_i (rise edge)
                                  0.000000    0.000000   clock network delay (propagated)
                                  0.100000    0.100000   clock uncertainty
                                  0.000000    0.100000   clock reconvergence pessimism
                                  0.000000    0.100000   output external delay
                                              0.100000   data required time
---------------------------------------------------------------------------------------------
                                              0.100000   data required time
                                             -0.286956   data arrival time
---------------------------------------------------------------------------------------------
                                              0.186956   slack (MET)


Startpoint: _1068_ (rising edge-triggered flip-flop clocked by clk_i)
Endpoint: gpio_out[7] (output port clocked by clk_i)
Path Group: clk_i
Path Type: min

Fanout         Cap        Slew       Delay        Time   Description
---------------------------------------------------------------------------------------------
                                  0.000000    0.000000   clock clk_i (rise edge)
                                  0.000000    0.000000   clock source latency
   101    0.416943    0.000000    0.000000    0.000000 ^ clk_i (in)
                                                         clk_i (net)
                      0.016585    0.008293    0.008293 ^ _1068_/CLK (sg13g2_dfrbpq_1)
     3    0.055306    0.173675    0.279003    0.287296 v _1068_/Q (sg13g2_dfrbpq_1)
                                                         gpio_out[7] (net)
                      0.173675    0.000000    0.287296 v gpio_out[7] (out)
                                              0.287296   data arrival time

                                  0.000000    0.000000   clock clk_i (rise edge)
                                  0.000000    0.000000   clock network delay (propagated)
                                  0.100000    0.100000   clock uncertainty
                                  0.000000    0.100000   clock reconvergence pessimism
                                  0.000000    0.100000   output external delay
                                              0.100000   data required time
---------------------------------------------------------------------------------------------
                                              0.100000   data required time
                                             -0.287296   data arrival time
---------------------------------------------------------------------------------------------
                                              0.187296   slack (MET)


Startpoint: _1067_ (rising edge-triggered flip-flop clocked by clk_i)
Endpoint: gpio_out[6] (output port clocked by clk_i)
Path Group: clk_i
Path Type: min

Fanout         Cap        Slew       Delay        Time   Description
---------------------------------------------------------------------------------------------
                                  0.000000    0.000000   clock clk_i (rise edge)
                                  0.000000    0.000000   clock source latency
   101    0.416943    0.000000    0.000000    0.000000 ^ clk_i (in)
                                                         clk_i (net)
                      0.017008    0.008504    0.008504 ^ _1067_/CLK (sg13g2_dfrbpq_1)
     3    0.055306    0.173675    0.279207    0.287711 v _1067_/Q (sg13g2_dfrbpq_1)
                                                         gpio_out[6] (net)
                      0.173675    0.000000    0.287711 v gpio_out[6] (out)
                                              0.287711   data arrival time

                                  0.000000    0.000000   clock clk_i (rise edge)
                                  0.000000    0.000000   clock network delay (propagated)
                                  0.100000    0.100000   clock uncertainty
                                  0.000000    0.100000   clock reconvergence pessimism
                                  0.000000    0.100000   output external delay
                                              0.100000   data required time
---------------------------------------------------------------------------------------------
                                              0.100000   data required time
                                             -0.287711   data arrival time
---------------------------------------------------------------------------------------------
                                              0.187711   slack (MET)


Startpoint: _1100_ (rising edge-triggered flip-flop clocked by clk_i)
Endpoint: gpio_dir[7] (output port clocked by clk_i)
Path Group: clk_i
Path Type: min

Fanout         Cap        Slew       Delay        Time   Description
---------------------------------------------------------------------------------------------
                                  0.000000    0.000000   clock clk_i (rise edge)
                                  0.000000    0.000000   clock source latency
   101    0.416943    0.000000    0.000000    0.000000 ^ clk_i (in)
                                                         clk_i (net)
                      0.018489    0.009244    0.009244 ^ _1100_/CLK (sg13g2_dfrbpq_1)
     3    0.055142    0.173185    0.279559    0.288803 v _1100_/Q (sg13g2_dfrbpq_1)
                                                         gpio_dir[7] (net)
                      0.173185    0.000000    0.288803 v gpio_dir[7] (out)
                                              0.288803   data arrival time

                                  0.000000    0.000000   clock clk_i (rise edge)
                                  0.000000    0.000000   clock network delay (propagated)
                                  0.100000    0.100000   clock uncertainty
                                  0.000000    0.100000   clock reconvergence pessimism
                                  0.000000    0.100000   output external delay
                                              0.100000   data required time
---------------------------------------------------------------------------------------------
                                              0.100000   data required time
                                             -0.288803   data arrival time
---------------------------------------------------------------------------------------------
                                              0.188803   slack (MET)


Startpoint: _1061_ (rising edge-triggered flip-flop clocked by clk_i)
Endpoint: gpio_out[0] (output port clocked by clk_i)
Path Group: clk_i
Path Type: min

Fanout         Cap        Slew       Delay        Time   Description
---------------------------------------------------------------------------------------------
                                  0.000000    0.000000   clock clk_i (rise edge)
                                  0.000000    0.000000   clock source latency
   101    0.416943    0.000000    0.000000    0.000000 ^ clk_i (in)
                                                         clk_i (net)
                      0.018794    0.009397    0.009397 ^ _1061_/CLK (sg13g2_dfrbpq_1)
     3    0.055306    0.173675    0.280070    0.289467 v _1061_/Q (sg13g2_dfrbpq_1)
                                                         gpio_out[0] (net)
                      0.173675    0.000000    0.289467 v gpio_out[0] (out)
                                              0.289467   data arrival time

                                  0.000000    0.000000   clock clk_i (rise edge)
                                  0.000000    0.000000   clock network delay (propagated)
                                  0.100000    0.100000   clock uncertainty
                                  0.000000    0.100000   clock reconvergence pessimism
                                  0.000000    0.100000   output external delay
                                              0.100000   data required time
---------------------------------------------------------------------------------------------
                                              0.100000   data required time
                                             -0.289467   data arrival time
---------------------------------------------------------------------------------------------
                                              0.189467   slack (MET)


Startpoint: _1047_ (rising edge-triggered flip-flop clocked by clk_i)
Endpoint: gpio_out[18] (output port clocked by clk_i)
Path Group: clk_i
Path Type: min

Fanout         Cap        Slew       Delay        Time   Description
---------------------------------------------------------------------------------------------
                                  0.000000    0.000000   clock clk_i (rise edge)
                                  0.000000    0.000000   clock source latency
   101    0.416943    0.000000    0.000000    0.000000 ^ clk_i (in)
                                                         clk_i (net)
                      0.020015    0.010008    0.010008 ^ _1047_/CLK (sg13g2_dfrbpq_1)
     3    0.055306    0.173675    0.280659    0.290667 v _1047_/Q (sg13g2_dfrbpq_1)
                                                         gpio_out[18] (net)
                      0.173675    0.000000    0.290667 v gpio_out[18] (out)
                                              0.290667   data arrival time

                                  0.000000    0.000000   clock clk_i (rise edge)
                                  0.000000    0.000000   clock network delay (propagated)
                                  0.100000    0.100000   clock uncertainty
                                  0.000000    0.100000   clock reconvergence pessimism
                                  0.000000    0.100000   output external delay
                                              0.100000   data required time
---------------------------------------------------------------------------------------------
                                              0.100000   data required time
                                             -0.290667   data arrival time
---------------------------------------------------------------------------------------------
                                              0.190667   slack (MET)


Startpoint: _1083_ (rising edge-triggered flip-flop clocked by clk_i)
Endpoint: gpio_dir[22] (output port clocked by clk_i)
Path Group: clk_i
Path Type: min

Fanout         Cap        Slew       Delay        Time   Description
---------------------------------------------------------------------------------------------
                                  0.000000    0.000000   clock clk_i (rise edge)
                                  0.000000    0.000000   clock source latency
   101    0.416943    0.000000    0.000000    0.000000 ^ clk_i (in)
                                                         clk_i (net)
                      0.020548    0.010274    0.010274 ^ _1083_/CLK (sg13g2_dfrbpq_1)
     3    0.055142    0.173185    0.280553    0.290826 v _1083_/Q (sg13g2_dfrbpq_1)
                                                         gpio_dir[22] (net)
                      0.173185    0.000000    0.290826 v gpio_dir[22] (out)
                                              0.290826   data arrival time

                                  0.000000    0.000000   clock clk_i (rise edge)
                                  0.000000    0.000000   clock network delay (propagated)
                                  0.100000    0.100000   clock uncertainty
                                  0.000000    0.100000   clock reconvergence pessimism
                                  0.000000    0.100000   output external delay
                                              0.100000   data required time
---------------------------------------------------------------------------------------------
                                              0.100000   data required time
                                             -0.290826   data arrival time
---------------------------------------------------------------------------------------------
                                              0.190826   slack (MET)


Startpoint: _1050_ (rising edge-triggered flip-flop clocked by clk_i)
Endpoint: gpio_out[21] (output port clocked by clk_i)
Path Group: clk_i
Path Type: min

Fanout         Cap        Slew       Delay        Time   Description
---------------------------------------------------------------------------------------------
                                  0.000000    0.000000   clock clk_i (rise edge)
                                  0.000000    0.000000   clock source latency
   101    0.416943    0.000000    0.000000    0.000000 ^ clk_i (in)
                                                         clk_i (net)
                      0.020188    0.010094    0.010094 ^ _1050_/CLK (sg13g2_dfrbpq_1)
     3    0.055306    0.173675    0.280743    0.290837 v _1050_/Q (sg13g2_dfrbpq_1)
                                                         gpio_out[21] (net)
                      0.173675    0.000000    0.290837 v gpio_out[21] (out)
                                              0.290837   data arrival time

                                  0.000000    0.000000   clock clk_i (rise edge)
                                  0.000000    0.000000   clock network delay (propagated)
                                  0.100000    0.100000   clock uncertainty
                                  0.000000    0.100000   clock reconvergence pessimism
                                  0.000000    0.100000   output external delay
                                              0.100000   data required time
---------------------------------------------------------------------------------------------
                                              0.100000   data required time
                                             -0.290837   data arrival time
---------------------------------------------------------------------------------------------
                                              0.190837   slack (MET)


Startpoint: _1049_ (rising edge-triggered flip-flop clocked by clk_i)
Endpoint: gpio_out[20] (output port clocked by clk_i)
Path Group: clk_i
Path Type: min

Fanout         Cap        Slew       Delay        Time   Description
---------------------------------------------------------------------------------------------
                                  0.000000    0.000000   clock clk_i (rise edge)
                                  0.000000    0.000000   clock source latency
   101    0.416943    0.000000    0.000000    0.000000 ^ clk_i (in)
                                                         clk_i (net)
                      0.020221    0.010110    0.010110 ^ _1049_/CLK (sg13g2_dfrbpq_1)
     3    0.055306    0.173675    0.280758    0.290869 v _1049_/Q (sg13g2_dfrbpq_1)
                                                         gpio_out[20] (net)
                      0.173675    0.000000    0.290869 v gpio_out[20] (out)
                                              0.290869   data arrival time

                                  0.000000    0.000000   clock clk_i (rise edge)
                                  0.000000    0.000000   clock network delay (propagated)
                                  0.100000    0.100000   clock uncertainty
                                  0.000000    0.100000   clock reconvergence pessimism
                                  0.000000    0.100000   output external delay
                                              0.100000   data required time
---------------------------------------------------------------------------------------------
                                              0.100000   data required time
                                             -0.290869   data arrival time
---------------------------------------------------------------------------------------------
                                              0.190869   slack (MET)


Startpoint: _1052_ (rising edge-triggered flip-flop clocked by clk_i)
Endpoint: gpio_out[23] (output port clocked by clk_i)
Path Group: clk_i
Path Type: min

Fanout         Cap        Slew       Delay        Time   Description
---------------------------------------------------------------------------------------------
                                  0.000000    0.000000   clock clk_i (rise edge)
                                  0.000000    0.000000   clock source latency
   101    0.416943    0.000000    0.000000    0.000000 ^ clk_i (in)
                                                         clk_i (net)
                      0.020229    0.010114    0.010114 ^ _1052_/CLK (sg13g2_dfrbpq_1)
     3    0.055306    0.173675    0.280762    0.290877 v _1052_/Q (sg13g2_dfrbpq_1)
                                                         gpio_out[23] (net)
                      0.173675    0.000000    0.290877 v gpio_out[23] (out)
                                              0.290877   data arrival time

                                  0.000000    0.000000   clock clk_i (rise edge)
                                  0.000000    0.000000   clock network delay (propagated)
                                  0.100000    0.100000   clock uncertainty
                                  0.000000    0.100000   clock reconvergence pessimism
                                  0.000000    0.100000   output external delay
                                              0.100000   data required time
---------------------------------------------------------------------------------------------
                                              0.100000   data required time
                                             -0.290877   data arrival time
---------------------------------------------------------------------------------------------
                                              0.190877   slack (MET)


Startpoint: _1051_ (rising edge-triggered flip-flop clocked by clk_i)
Endpoint: gpio_out[22] (output port clocked by clk_i)
Path Group: clk_i
Path Type: min

Fanout         Cap        Slew       Delay        Time   Description
---------------------------------------------------------------------------------------------
                                  0.000000    0.000000   clock clk_i (rise edge)
                                  0.000000    0.000000   clock source latency
   101    0.416943    0.000000    0.000000    0.000000 ^ clk_i (in)
                                                         clk_i (net)
                      0.020447    0.010223    0.010223 ^ _1051_/CLK (sg13g2_dfrbpq_1)
     3    0.055306    0.173675    0.280868    0.291091 v _1051_/Q (sg13g2_dfrbpq_1)
                                                         gpio_out[22] (net)
                      0.173675    0.000000    0.291091 v gpio_out[22] (out)
                                              0.291091   data arrival time

                                  0.000000    0.000000   clock clk_i (rise edge)
                                  0.000000    0.000000   clock network delay (propagated)
                                  0.100000    0.100000   clock uncertainty
                                  0.000000    0.100000   clock reconvergence pessimism
                                  0.000000    0.100000   output external delay
                                              0.100000   data required time
---------------------------------------------------------------------------------------------
                                              0.100000   data required time
                                             -0.291091   data arrival time
---------------------------------------------------------------------------------------------
                                              0.191091   slack (MET)


Startpoint: _1039_ (rising edge-triggered flip-flop clocked by clk_i)
Endpoint: gpio_out[26] (output port clocked by clk_i)
Path Group: clk_i
Path Type: min

Fanout         Cap        Slew       Delay        Time   Description
---------------------------------------------------------------------------------------------
                                  0.000000    0.000000   clock clk_i (rise edge)
                                  0.000000    0.000000   clock source latency
   101    0.416943    0.000000    0.000000    0.000000 ^ clk_i (in)
                                                         clk_i (net)
                      0.020591    0.010296    0.010296 ^ _1039_/CLK (sg13g2_dfrbpq_1)
     3    0.055306    0.173675    0.280937    0.291233 v _1039_/Q (sg13g2_dfrbpq_1)
                                                         gpio_out[26] (net)
                      0.173675    0.000000    0.291233 v gpio_out[26] (out)
                                              0.291233   data arrival time

                                  0.000000    0.000000   clock clk_i (rise edge)
                                  0.000000    0.000000   clock network delay (propagated)
                                  0.100000    0.100000   clock uncertainty
                                  0.000000    0.100000   clock reconvergence pessimism
                                  0.000000    0.100000   output external delay
                                              0.100000   data required time
---------------------------------------------------------------------------------------------
                                              0.100000   data required time
                                             -0.291233   data arrival time
---------------------------------------------------------------------------------------------
                                              0.191233   slack (MET)


Startpoint: _1079_ (rising edge-triggered flip-flop clocked by clk_i)
Endpoint: gpio_dir[18] (output port clocked by clk_i)
Path Group: clk_i
Path Type: min

Fanout         Cap        Slew       Delay        Time   Description
---------------------------------------------------------------------------------------------
                                  0.000000    0.000000   clock clk_i (rise edge)
                                  0.000000    0.000000   clock source latency
   101    0.416943    0.000000    0.000000    0.000000 ^ clk_i (in)
                                                         clk_i (net)
                      0.021939    0.010969    0.010969 ^ _1079_/CLK (sg13g2_dfrbpq_1)
     3    0.055175    0.173283    0.281297    0.292266 v _1079_/Q (sg13g2_dfrbpq_1)
                                                         gpio_dir[18] (net)
                      0.173283    0.000000    0.292266 v gpio_dir[18] (out)
                                              0.292266   data arrival time

                                  0.000000    0.000000   clock clk_i (rise edge)
                                  0.000000    0.000000   clock network delay (propagated)
                                  0.100000    0.100000   clock uncertainty
                                  0.000000    0.100000   clock reconvergence pessimism
                                  0.000000    0.100000   output external delay
                                              0.100000   data required time
---------------------------------------------------------------------------------------------
                                              0.100000   data required time
                                             -0.292266   data arrival time
---------------------------------------------------------------------------------------------
                                              0.192266   slack (MET)


Startpoint: _1078_ (rising edge-triggered flip-flop clocked by clk_i)
Endpoint: gpio_dir[17] (output port clocked by clk_i)
Path Group: clk_i
Path Type: min

Fanout         Cap        Slew       Delay        Time   Description
---------------------------------------------------------------------------------------------
                                  0.000000    0.000000   clock clk_i (rise edge)
                                  0.000000    0.000000   clock source latency
   101    0.416943    0.000000    0.000000    0.000000 ^ clk_i (in)
                                                         clk_i (net)
                      0.022579    0.011289    0.011289 ^ _1078_/CLK (sg13g2_dfrbpq_1)
     3    0.055175    0.173283    0.281606    0.292895 v _1078_/Q (sg13g2_dfrbpq_1)
                                                         gpio_dir[17] (net)
                      0.173283    0.000000    0.292895 v gpio_dir[17] (out)
                                              0.292895   data arrival time

                                  0.000000    0.000000   clock clk_i (rise edge)
                                  0.000000    0.000000   clock network delay (propagated)
                                  0.100000    0.100000   clock uncertainty
                                  0.000000    0.100000   clock reconvergence pessimism
                                  0.000000    0.100000   output external delay
                                              0.100000   data required time
---------------------------------------------------------------------------------------------
                                              0.100000   data required time
                                             -0.292895   data arrival time
---------------------------------------------------------------------------------------------
                                              0.192895   slack (MET)


Startpoint: _1077_ (rising edge-triggered flip-flop clocked by clk_i)
Endpoint: gpio_dir[16] (output port clocked by clk_i)
Path Group: clk_i
Path Type: min

Fanout         Cap        Slew       Delay        Time   Description
---------------------------------------------------------------------------------------------
                                  0.000000    0.000000   clock clk_i (rise edge)
                                  0.000000    0.000000   clock source latency
   101    0.416943    0.000000    0.000000    0.000000 ^ clk_i (in)
                                                         clk_i (net)
                      0.022785    0.011392    0.011392 ^ _1077_/CLK (sg13g2_dfrbpq_1)
     3    0.055175    0.173283    0.281705    0.293097 v _1077_/Q (sg13g2_dfrbpq_1)
                                                         gpio_dir[16] (net)
                      0.173283    0.000000    0.293097 v gpio_dir[16] (out)
                                              0.293097   data arrival time

                                  0.000000    0.000000   clock clk_i (rise edge)
                                  0.000000    0.000000   clock network delay (propagated)
                                  0.100000    0.100000   clock uncertainty
                                  0.000000    0.100000   clock reconvergence pessimism
                                  0.000000    0.100000   output external delay
                                              0.100000   data required time
---------------------------------------------------------------------------------------------
                                              0.100000   data required time
                                             -0.293097   data arrival time
---------------------------------------------------------------------------------------------
                                              0.193097   slack (MET)


Startpoint: _1036_ (rising edge-triggered flip-flop clocked by clk_i)
Endpoint: s_axil_bvalid (output port clocked by clk_i)
Path Group: clk_i
Path Type: min

Fanout         Cap        Slew       Delay        Time   Description
---------------------------------------------------------------------------------------------
                                  0.000000    0.000000   clock clk_i (rise edge)
                                  0.000000    0.000000   clock source latency
   101    0.416943    0.000000    0.000000    0.000000 ^ clk_i (in)
                                                         clk_i (net)
                      0.023802    0.011901    0.011901 ^ _1036_/CLK (sg13g2_dfrbpq_1)
     3    0.054816    0.172213    0.281402    0.293303 v _1036_/Q (sg13g2_dfrbpq_1)
                                                         s_axil_bvalid (net)
                      0.172213    0.000000    0.293303 v s_axil_bvalid (out)
                                              0.293303   data arrival time

                                  0.000000    0.000000   clock clk_i (rise edge)
                                  0.000000    0.000000   clock network delay (propagated)
                                  0.100000    0.100000   clock uncertainty
                                  0.000000    0.100000   clock reconvergence pessimism
                                  0.000000    0.100000   output external delay
                                              0.100000   data required time
---------------------------------------------------------------------------------------------
                                              0.100000   data required time
                                             -0.293303   data arrival time
---------------------------------------------------------------------------------------------
                                              0.193303   slack (MET)


Startpoint: _1080_ (rising edge-triggered flip-flop clocked by clk_i)
Endpoint: gpio_dir[19] (output port clocked by clk_i)
Path Group: clk_i
Path Type: min

Fanout         Cap        Slew       Delay        Time   Description
---------------------------------------------------------------------------------------------
                                  0.000000    0.000000   clock clk_i (rise edge)
                                  0.000000    0.000000   clock source latency
   101    0.416943    0.000000    0.000000    0.000000 ^ clk_i (in)
                                                         clk_i (net)
                      0.023573    0.011787    0.011787 ^ _1080_/CLK (sg13g2_dfrbpq_1)
     3    0.055175    0.173283    0.282086    0.293872 v _1080_/Q (sg13g2_dfrbpq_1)
                                                         gpio_dir[19] (net)
                      0.173283    0.000000    0.293872 v gpio_dir[19] (out)
                                              0.293872   data arrival time

                                  0.000000    0.000000   clock clk_i (rise edge)
                                  0.000000    0.000000   clock network delay (propagated)
                                  0.100000    0.100000   clock uncertainty
                                  0.000000    0.100000   clock reconvergence pessimism
                                  0.000000    0.100000   output external delay
                                              0.100000   data required time
---------------------------------------------------------------------------------------------
                                              0.100000   data required time
                                             -0.293872   data arrival time
---------------------------------------------------------------------------------------------
                                              0.193872   slack (MET)


Startpoint: _1081_ (rising edge-triggered flip-flop clocked by clk_i)
Endpoint: gpio_dir[20] (output port clocked by clk_i)
Path Group: clk_i
Path Type: min

Fanout         Cap        Slew       Delay        Time   Description
---------------------------------------------------------------------------------------------
                                  0.000000    0.000000   clock clk_i (rise edge)
                                  0.000000    0.000000   clock source latency
   101    0.416943    0.000000    0.000000    0.000000 ^ clk_i (in)
                                                         clk_i (net)
                      0.023622    0.011811    0.011811 ^ _1081_/CLK (sg13g2_dfrbpq_1)
     3    0.055175    0.173283    0.282109    0.293920 v _1081_/Q (sg13g2_dfrbpq_1)
                                                         gpio_dir[20] (net)
                      0.173283    0.000000    0.293920 v gpio_dir[20] (out)
                                              0.293920   data arrival time

                                  0.000000    0.000000   clock clk_i (rise edge)
                                  0.000000    0.000000   clock network delay (propagated)
                                  0.100000    0.100000   clock uncertainty
                                  0.000000    0.100000   clock reconvergence pessimism
                                  0.000000    0.100000   output external delay
                                              0.100000   data required time
---------------------------------------------------------------------------------------------
                                              0.100000   data required time
                                             -0.293920   data arrival time
---------------------------------------------------------------------------------------------
                                              0.193920   slack (MET)


Startpoint: _1082_ (rising edge-triggered flip-flop clocked by clk_i)
Endpoint: gpio_dir[21] (output port clocked by clk_i)
Path Group: clk_i
Path Type: min

Fanout         Cap        Slew       Delay        Time   Description
---------------------------------------------------------------------------------------------
                                  0.000000    0.000000   clock clk_i (rise edge)
                                  0.000000    0.000000   clock source latency
   101    0.416943    0.000000    0.000000    0.000000 ^ clk_i (in)
                                                         clk_i (net)
                      0.024025    0.012012    0.012012 ^ _1082_/CLK (sg13g2_dfrbpq_1)
     3    0.055175    0.173283    0.282304    0.294316 v _1082_/Q (sg13g2_dfrbpq_1)
                                                         gpio_dir[21] (net)
                      0.173283    0.000000    0.294316 v gpio_dir[21] (out)
                                              0.294316   data arrival time

                                  0.000000    0.000000   clock clk_i (rise edge)
                                  0.000000    0.000000   clock network delay (propagated)
                                  0.100000    0.100000   clock uncertainty
                                  0.000000    0.100000   clock reconvergence pessimism
                                  0.000000    0.100000   output external delay
                                              0.100000   data required time
---------------------------------------------------------------------------------------------
                                              0.100000   data required time
                                             -0.294316   data arrival time
---------------------------------------------------------------------------------------------
                                              0.194316   slack (MET)


Startpoint: _1084_ (rising edge-triggered flip-flop clocked by clk_i)
Endpoint: gpio_dir[23] (output port clocked by clk_i)
Path Group: clk_i
Path Type: min

Fanout         Cap        Slew       Delay        Time   Description
---------------------------------------------------------------------------------------------
                                  0.000000    0.000000   clock clk_i (rise edge)
                                  0.000000    0.000000   clock source latency
   101    0.416943    0.000000    0.000000    0.000000 ^ clk_i (in)
                                                         clk_i (net)
                      0.024201    0.012101    0.012101 ^ _1084_/CLK (sg13g2_dfrbpq_1)
     3    0.055175    0.173283    0.282389    0.294490 v _1084_/Q (sg13g2_dfrbpq_1)
                                                         gpio_dir[23] (net)
                      0.173283    0.000000    0.294490 v gpio_dir[23] (out)
                                              0.294490   data arrival time

                                  0.000000    0.000000   clock clk_i (rise edge)
                                  0.000000    0.000000   clock network delay (propagated)
                                  0.100000    0.100000   clock uncertainty
                                  0.000000    0.100000   clock reconvergence pessimism
                                  0.000000    0.100000   output external delay
                                              0.100000   data required time
---------------------------------------------------------------------------------------------
                                              0.100000   data required time
                                             -0.294490   data arrival time
---------------------------------------------------------------------------------------------
                                              0.194490   slack (MET)


Startpoint: _1072_ (rising edge-triggered flip-flop clocked by clk_i)
Endpoint: gpio_dir[27] (output port clocked by clk_i)
Path Group: clk_i
Path Type: min

Fanout         Cap        Slew       Delay        Time   Description
---------------------------------------------------------------------------------------------
                                  0.000000    0.000000   clock clk_i (rise edge)
                                  0.000000    0.000000   clock source latency
   101    0.416943    0.000000    0.000000    0.000000 ^ clk_i (in)
                                                         clk_i (net)
                      0.024806    0.012403    0.012403 ^ _1072_/CLK (sg13g2_dfrbpq_1)
     3    0.055175    0.173283    0.282681    0.295084 v _1072_/Q (sg13g2_dfrbpq_1)
                                                         gpio_dir[27] (net)
                      0.173283    0.000000    0.295084 v gpio_dir[27] (out)
                                              0.295084   data arrival time

                                  0.000000    0.000000   clock clk_i (rise edge)
                                  0.000000    0.000000   clock network delay (propagated)
                                  0.100000    0.100000   clock uncertainty
                                  0.000000    0.100000   clock reconvergence pessimism
                                  0.000000    0.100000   output external delay
                                              0.100000   data required time
---------------------------------------------------------------------------------------------
                                              0.100000   data required time
                                             -0.295084   data arrival time
---------------------------------------------------------------------------------------------
                                              0.195084   slack (MET)


Startpoint: _1071_ (rising edge-triggered flip-flop clocked by clk_i)
Endpoint: gpio_dir[26] (output port clocked by clk_i)
Path Group: clk_i
Path Type: min

Fanout         Cap        Slew       Delay        Time   Description
---------------------------------------------------------------------------------------------
                                  0.000000    0.000000   clock clk_i (rise edge)
                                  0.000000    0.000000   clock source latency
   101    0.416943    0.000000    0.000000    0.000000 ^ clk_i (in)
                                                         clk_i (net)
                      0.024837    0.012419    0.012419 ^ _1071_/CLK (sg13g2_dfrbpq_1)
     3    0.055175    0.173283    0.282696    0.295114 v _1071_/Q (sg13g2_dfrbpq_1)
                                                         gpio_dir[26] (net)
                      0.173283    0.000000    0.295114 v gpio_dir[26] (out)
                                              0.295114   data arrival time

                                  0.000000    0.000000   clock clk_i (rise edge)
                                  0.000000    0.000000   clock network delay (propagated)
                                  0.100000    0.100000   clock uncertainty
                                  0.000000    0.100000   clock reconvergence pessimism
                                  0.000000    0.100000   output external delay
                                              0.100000   data required time
---------------------------------------------------------------------------------------------
                                              0.100000   data required time
                                             -0.295114   data arrival time
---------------------------------------------------------------------------------------------
                                              0.195114   slack (MET)


Startpoint: _1097_ (rising edge-triggered flip-flop clocked by clk_i)
Endpoint: gpio_dir[4] (output port clocked by clk_i)
Path Group: clk_i
Path Type: min

Fanout         Cap        Slew       Delay        Time   Description
---------------------------------------------------------------------------------------------
                                  0.000000    0.000000   clock clk_i (rise edge)
                                  0.000000    0.000000   clock source latency
   101    0.416943    0.000000    0.000000    0.000000 ^ clk_i (in)
                                                         clk_i (net)
                      0.024890    0.012445    0.012445 ^ _1097_/CLK (sg13g2_dfrbpq_1)
     3    0.055175    0.173283    0.282721    0.295167 v _1097_/Q (sg13g2_dfrbpq_1)
                                                         gpio_dir[4] (net)
                      0.173283    0.000000    0.295167 v gpio_dir[4] (out)
                                              0.295167   data arrival time

                                  0.000000    0.000000   clock clk_i (rise edge)
                                  0.000000    0.000000   clock network delay (propagated)
                                  0.100000    0.100000   clock uncertainty
                                  0.000000    0.100000   clock reconvergence pessimism
                                  0.000000    0.100000   output external delay
                                              0.100000   data required time
---------------------------------------------------------------------------------------------
                                              0.100000   data required time
                                             -0.295167   data arrival time
---------------------------------------------------------------------------------------------
                                              0.195167   slack (MET)


Startpoint: _1074_ (rising edge-triggered flip-flop clocked by clk_i)
Endpoint: gpio_dir[29] (output port clocked by clk_i)
Path Group: clk_i
Path Type: min

Fanout         Cap        Slew       Delay        Time   Description
---------------------------------------------------------------------------------------------
                                  0.000000    0.000000   clock clk_i (rise edge)
                                  0.000000    0.000000   clock source latency
   101    0.416943    0.000000    0.000000    0.000000 ^ clk_i (in)
                                                         clk_i (net)
                      0.025022    0.012511    0.012511 ^ _1074_/CLK (sg13g2_dfrbpq_1)
     3    0.055142    0.173185    0.282713    0.295224 v _1074_/Q (sg13g2_dfrbpq_1)
                                                         gpio_dir[29] (net)
                      0.173185    0.000000    0.295224 v gpio_dir[29] (out)
                                              0.295224   data arrival time

                                  0.000000    0.000000   clock clk_i (rise edge)
                                  0.000000    0.000000   clock network delay (propagated)
                                  0.100000    0.100000   clock uncertainty
                                  0.000000    0.100000   clock reconvergence pessimism
                                  0.000000    0.100000   output external delay
                                              0.100000   data required time
---------------------------------------------------------------------------------------------
                                              0.100000   data required time
                                             -0.295224   data arrival time
---------------------------------------------------------------------------------------------
                                              0.195224   slack (MET)


Startpoint: _1076_ (rising edge-triggered flip-flop clocked by clk_i)
Endpoint: gpio_dir[31] (output port clocked by clk_i)
Path Group: clk_i
Path Type: min

Fanout         Cap        Slew       Delay        Time   Description
---------------------------------------------------------------------------------------------
                                  0.000000    0.000000   clock clk_i (rise edge)
                                  0.000000    0.000000   clock source latency
   101    0.416943    0.000000    0.000000    0.000000 ^ clk_i (in)
                                                         clk_i (net)
                      0.025100    0.012550    0.012550 ^ _1076_/CLK (sg13g2_dfrbpq_1)
     3    0.055175    0.173283    0.282823    0.295373 v _1076_/Q (sg13g2_dfrbpq_1)
                                                         gpio_dir[31] (net)
                      0.173283    0.000000    0.295373 v gpio_dir[31] (out)
                                              0.295373   data arrival time

                                  0.000000    0.000000   clock clk_i (rise edge)
                                  0.000000    0.000000   clock network delay (propagated)
                                  0.100000    0.100000   clock uncertainty
                                  0.000000    0.100000   clock reconvergence pessimism
                                  0.000000    0.100000   output external delay
                                              0.100000   data required time
---------------------------------------------------------------------------------------------
                                              0.100000   data required time
                                             -0.295373   data arrival time
---------------------------------------------------------------------------------------------
                                              0.195373   slack (MET)


Startpoint: _1075_ (rising edge-triggered flip-flop clocked by clk_i)
Endpoint: gpio_dir[30] (output port clocked by clk_i)
Path Group: clk_i
Path Type: min

Fanout         Cap        Slew       Delay        Time   Description
---------------------------------------------------------------------------------------------
                                  0.000000    0.000000   clock clk_i (rise edge)
                                  0.000000    0.000000   clock source latency
   101    0.416943    0.000000    0.000000    0.000000 ^ clk_i (in)
                                                         clk_i (net)
                      0.025121    0.012560    0.012560 ^ _1075_/CLK (sg13g2_dfrbpq_1)
     3    0.055175    0.173283    0.282833    0.295393 v _1075_/Q (sg13g2_dfrbpq_1)
                                                         gpio_dir[30] (net)
                      0.173283    0.000000    0.295393 v gpio_dir[30] (out)
                                              0.295393   data arrival time

                                  0.000000    0.000000   clock clk_i (rise edge)
                                  0.000000    0.000000   clock network delay (propagated)
                                  0.100000    0.100000   clock uncertainty
                                  0.000000    0.100000   clock reconvergence pessimism
                                  0.000000    0.100000   output external delay
                                              0.100000   data required time
---------------------------------------------------------------------------------------------
                                              0.100000   data required time
                                             -0.295393   data arrival time
---------------------------------------------------------------------------------------------
                                              0.195393   slack (MET)


Startpoint: _1007_ (rising edge-triggered flip-flop clocked by clk_i)
Endpoint: s_axil_rdata[5] (output port clocked by clk_i)
Path Group: clk_i
Path Type: min

Fanout         Cap        Slew       Delay        Time   Description
---------------------------------------------------------------------------------------------
                                  0.000000    0.000000   clock clk_i (rise edge)
                                  0.000000    0.000000   clock source latency
   101    0.416943    0.000000    0.000000    0.000000 ^ clk_i (in)
                                                         clk_i (net)
                      0.031830    0.015915    0.015915 ^ _1007_/CLK (sg13g2_dfrbpq_1)
     2    0.052891    0.166473    0.281021    0.296936 v _1007_/Q (sg13g2_dfrbpq_1)
                                                         s_axil_rdata[5] (net)
                      0.166473    0.000000    0.296936 v s_axil_rdata[5] (out)
                                              0.296936   data arrival time

                                  0.000000    0.000000   clock clk_i (rise edge)
                                  0.000000    0.000000   clock network delay (propagated)
                                  0.100000    0.100000   clock uncertainty
                                  0.000000    0.100000   clock reconvergence pessimism
                                  0.000000    0.100000   output external delay
                                              0.100000   data required time
---------------------------------------------------------------------------------------------
                                              0.100000   data required time
                                             -0.296936   data arrival time
---------------------------------------------------------------------------------------------
                                              0.196936   slack (MET)


Startpoint: _1016_ (rising edge-triggered flip-flop clocked by clk_i)
Endpoint: s_axil_rdata[14] (output port clocked by clk_i)
Path Group: clk_i
Path Type: min

Fanout         Cap        Slew       Delay        Time   Description
---------------------------------------------------------------------------------------------
                                  0.000000    0.000000   clock clk_i (rise edge)
                                  0.000000    0.000000   clock source latency
   101    0.416943    0.000000    0.000000    0.000000 ^ clk_i (in)
                                                         clk_i (net)
                      0.032001    0.016001    0.016001 ^ _1016_/CLK (sg13g2_dfrbpq_1)
     2    0.052891    0.166473    0.281103    0.297104 v _1016_/Q (sg13g2_dfrbpq_1)
                                                         s_axil_rdata[14] (net)
                      0.166473    0.000000    0.297104 v s_axil_rdata[14] (out)
                                              0.297104   data arrival time

                                  0.000000    0.000000   clock clk_i (rise edge)
                                  0.000000    0.000000   clock network delay (propagated)
                                  0.100000    0.100000   clock uncertainty
                                  0.000000    0.100000   clock reconvergence pessimism
                                  0.000000    0.100000   output external delay
                                              0.100000   data required time
---------------------------------------------------------------------------------------------
                                              0.100000   data required time
                                             -0.297104   data arrival time
---------------------------------------------------------------------------------------------
                                              0.197104   slack (MET)


Startpoint: _1013_ (rising edge-triggered flip-flop clocked by clk_i)
Endpoint: s_axil_rdata[11] (output port clocked by clk_i)
Path Group: clk_i
Path Type: min

Fanout         Cap        Slew       Delay        Time   Description
---------------------------------------------------------------------------------------------
                                  0.000000    0.000000   clock clk_i (rise edge)
                                  0.000000    0.000000   clock source latency
   101    0.416943    0.000000    0.000000    0.000000 ^ clk_i (in)
                                                         clk_i (net)
                      0.032213    0.016107    0.016107 ^ _1013_/CLK (sg13g2_dfrbpq_1)
     2    0.052891    0.166473    0.281205    0.297312 v _1013_/Q (sg13g2_dfrbpq_1)
                                                         s_axil_rdata[11] (net)
                      0.166473    0.000000    0.297312 v s_axil_rdata[11] (out)
                                              0.297312   data arrival time

                                  0.000000    0.000000   clock clk_i (rise edge)
                                  0.000000    0.000000   clock network delay (propagated)
                                  0.100000    0.100000   clock uncertainty
                                  0.000000    0.100000   clock reconvergence pessimism
                                  0.000000    0.100000   output external delay
                                              0.100000   data required time
---------------------------------------------------------------------------------------------
                                              0.100000   data required time
                                             -0.297312   data arrival time
---------------------------------------------------------------------------------------------
                                              0.197312   slack (MET)


Startpoint: _1006_ (rising edge-triggered flip-flop clocked by clk_i)
Endpoint: s_axil_rdata[4] (output port clocked by clk_i)
Path Group: clk_i
Path Type: min

Fanout         Cap        Slew       Delay        Time   Description
---------------------------------------------------------------------------------------------
                                  0.000000    0.000000   clock clk_i (rise edge)
                                  0.000000    0.000000   clock source latency
   101    0.416943    0.000000    0.000000    0.000000 ^ clk_i (in)
                                                         clk_i (net)
                      0.032261    0.016130    0.016130 ^ _1006_/CLK (sg13g2_dfrbpq_1)
     2    0.052891    0.166473    0.281228    0.297359 v _1006_/Q (sg13g2_dfrbpq_1)
                                                         s_axil_rdata[4] (net)
                      0.166473    0.000000    0.297359 v s_axil_rdata[4] (out)
                                              0.297359   data arrival time

                                  0.000000    0.000000   clock clk_i (rise edge)
                                  0.000000    0.000000   clock network delay (propagated)
                                  0.100000    0.100000   clock uncertainty
                                  0.000000    0.100000   clock reconvergence pessimism
                                  0.000000    0.100000   output external delay
                                              0.100000   data required time
---------------------------------------------------------------------------------------------
                                              0.100000   data required time
                                             -0.297359   data arrival time
---------------------------------------------------------------------------------------------
                                              0.197359   slack (MET)


Startpoint: _1035_ (rising edge-triggered flip-flop clocked by clk_i)
Endpoint: s_axil_awready (output port clocked by clk_i)
Path Group: clk_i
Path Type: min

Fanout         Cap        Slew       Delay        Time   Description
---------------------------------------------------------------------------------------------
                                  0.000000    0.000000   clock clk_i (rise edge)
                                  0.000000    0.000000   clock source latency
   101    0.416943    0.000000    0.000000    0.000000 ^ clk_i (in)
                                                         clk_i (net)
                      0.016028    0.008014    0.008014 ^ _1035_/CLK (sg13g2_dfrbpq_1)
     5    0.060153    0.188132    0.289454    0.297467 v _1035_/Q (sg13g2_dfrbpq_1)
                                                         s_axil_awready (net)
                      0.188132    0.000000    0.297467 v s_axil_awready (out)
                                              0.297467   data arrival time

                                  0.000000    0.000000   clock clk_i (rise edge)
                                  0.000000    0.000000   clock network delay (propagated)
                                  0.100000    0.100000   clock uncertainty
                                  0.000000    0.100000   clock reconvergence pessimism
                                  0.000000    0.100000   output external delay
                                              0.100000   data required time
---------------------------------------------------------------------------------------------
                                              0.100000   data required time
                                             -0.297467   data arrival time
---------------------------------------------------------------------------------------------
                                              0.197467   slack (MET)


Startpoint: _1004_ (rising edge-triggered flip-flop clocked by clk_i)
Endpoint: s_axil_rdata[2] (output port clocked by clk_i)
Path Group: clk_i
Path Type: min

Fanout         Cap        Slew       Delay        Time   Description
---------------------------------------------------------------------------------------------
                                  0.000000    0.000000   clock clk_i (rise edge)
                                  0.000000    0.000000   clock source latency
   101    0.416943    0.000000    0.000000    0.000000 ^ clk_i (in)
                                                         clk_i (net)
                      0.032853    0.016427    0.016427 ^ _1004_/CLK (sg13g2_dfrbpq_1)
     2    0.052891    0.166473    0.281514    0.297941 v _1004_/Q (sg13g2_dfrbpq_1)
                                                         s_axil_rdata[2] (net)
                      0.166473    0.000000    0.297941 v s_axil_rdata[2] (out)
                                              0.297941   data arrival time

                                  0.000000    0.000000   clock clk_i (rise edge)
                                  0.000000    0.000000   clock network delay (propagated)
                                  0.100000    0.100000   clock uncertainty
                                  0.000000    0.100000   clock reconvergence pessimism
                                  0.000000    0.100000   output external delay
                                              0.100000   data required time
---------------------------------------------------------------------------------------------
                                              0.100000   data required time
                                             -0.297941   data arrival time
---------------------------------------------------------------------------------------------
                                              0.197941   slack (MET)


Startpoint: _1002_ (rising edge-triggered flip-flop clocked by clk_i)
Endpoint: s_axil_rdata[0] (output port clocked by clk_i)
Path Group: clk_i
Path Type: min

Fanout         Cap        Slew       Delay        Time   Description
---------------------------------------------------------------------------------------------
                                  0.000000    0.000000   clock clk_i (rise edge)
                                  0.000000    0.000000   clock source latency
   101    0.416943    0.000000    0.000000    0.000000 ^ clk_i (in)
                                                         clk_i (net)
                      0.032931    0.016465    0.016465 ^ _1002_/CLK (sg13g2_dfrbpq_1)
     2    0.052891    0.166473    0.281552    0.298017 v _1002_/Q (sg13g2_dfrbpq_1)
                                                         s_axil_rdata[0] (net)
                      0.166473    0.000000    0.298017 v s_axil_rdata[0] (out)
                                              0.298017   data arrival time

                                  0.000000    0.000000   clock clk_i (rise edge)
                                  0.000000    0.000000   clock network delay (propagated)
                                  0.100000    0.100000   clock uncertainty
                                  0.000000    0.100000   clock reconvergence pessimism
                                  0.000000    0.100000   output external delay
                                              0.100000   data required time
---------------------------------------------------------------------------------------------
                                              0.100000   data required time
                                             -0.298017   data arrival time
---------------------------------------------------------------------------------------------
                                              0.198017   slack (MET)


Startpoint: _1003_ (rising edge-triggered flip-flop clocked by clk_i)
Endpoint: s_axil_rdata[1] (output port clocked by clk_i)
Path Group: clk_i
Path Type: min

Fanout         Cap        Slew       Delay        Time   Description
---------------------------------------------------------------------------------------------
                                  0.000000    0.000000   clock clk_i (rise edge)
                                  0.000000    0.000000   clock source latency
   101    0.416943    0.000000    0.000000    0.000000 ^ clk_i (in)
                                                         clk_i (net)
                      0.033012    0.016506    0.016506 ^ _1003_/CLK (sg13g2_dfrbpq_1)
     2    0.052891    0.166473    0.281591    0.298097 v _1003_/Q (sg13g2_dfrbpq_1)
                                                         s_axil_rdata[1] (net)
                      0.166473    0.000000    0.298097 v s_axil_rdata[1] (out)
                                              0.298097   data arrival time

                                  0.000000    0.000000   clock clk_i (rise edge)
                                  0.000000    0.000000   clock network delay (propagated)
                                  0.100000    0.100000   clock uncertainty
                                  0.000000    0.100000   clock reconvergence pessimism
                                  0.000000    0.100000   output external delay
                                              0.100000   data required time
---------------------------------------------------------------------------------------------
                                              0.100000   data required time
                                             -0.298097   data arrival time
---------------------------------------------------------------------------------------------
                                              0.198097   slack (MET)


Startpoint: _1005_ (rising edge-triggered flip-flop clocked by clk_i)
Endpoint: s_axil_rdata[3] (output port clocked by clk_i)
Path Group: clk_i
Path Type: min

Fanout         Cap        Slew       Delay        Time   Description
---------------------------------------------------------------------------------------------
                                  0.000000    0.000000   clock clk_i (rise edge)
                                  0.000000    0.000000   clock source latency
   101    0.416943    0.000000    0.000000    0.000000 ^ clk_i (in)
                                                         clk_i (net)
                      0.033150    0.016575    0.016575 ^ _1005_/CLK (sg13g2_dfrbpq_1)
     2    0.052891    0.166473    0.281658    0.298232 v _1005_/Q (sg13g2_dfrbpq_1)
                                                         s_axil_rdata[3] (net)
                      0.166473    0.000000    0.298232 v s_axil_rdata[3] (out)
                                              0.298232   data arrival time

                                  0.000000    0.000000   clock clk_i (rise edge)
                                  0.000000    0.000000   clock network delay (propagated)
                                  0.100000    0.100000   clock uncertainty
                                  0.000000    0.100000   clock reconvergence pessimism
                                  0.000000    0.100000   output external delay
                                              0.100000   data required time
---------------------------------------------------------------------------------------------
                                              0.100000   data required time
                                             -0.298232   data arrival time
---------------------------------------------------------------------------------------------
                                              0.198232   slack (MET)


Startpoint: _1014_ (rising edge-triggered flip-flop clocked by clk_i)
Endpoint: s_axil_rdata[12] (output port clocked by clk_i)
Path Group: clk_i
Path Type: min

Fanout         Cap        Slew       Delay        Time   Description
---------------------------------------------------------------------------------------------
                                  0.000000    0.000000   clock clk_i (rise edge)
                                  0.000000    0.000000   clock source latency
   101    0.416943    0.000000    0.000000    0.000000 ^ clk_i (in)
                                                         clk_i (net)
                      0.033245    0.016622    0.016622 ^ _1014_/CLK (sg13g2_dfrbpq_1)
     2    0.052891    0.166473    0.281703    0.298326 v _1014_/Q (sg13g2_dfrbpq_1)
                                                         s_axil_rdata[12] (net)
                      0.166473    0.000000    0.298326 v s_axil_rdata[12] (out)
                                              0.298326   data arrival time

                                  0.000000    0.000000   clock clk_i (rise edge)
                                  0.000000    0.000000   clock network delay (propagated)
                                  0.100000    0.100000   clock uncertainty
                                  0.000000    0.100000   clock reconvergence pessimism
                                  0.000000    0.100000   output external delay
                                              0.100000   data required time
---------------------------------------------------------------------------------------------
                                              0.100000   data required time
                                             -0.298326   data arrival time
---------------------------------------------------------------------------------------------
                                              0.198326   slack (MET)


Startpoint: _1009_ (rising edge-triggered flip-flop clocked by clk_i)
Endpoint: s_axil_rdata[7] (output port clocked by clk_i)
Path Group: clk_i
Path Type: min

Fanout         Cap        Slew       Delay        Time   Description
---------------------------------------------------------------------------------------------
                                  0.000000    0.000000   clock clk_i (rise edge)
                                  0.000000    0.000000   clock source latency
   101    0.416943    0.000000    0.000000    0.000000 ^ clk_i (in)
                                                         clk_i (net)
                      0.033320    0.016660    0.016660 ^ _1009_/CLK (sg13g2_dfrbpq_1)
     2    0.052891    0.166473    0.281740    0.298400 v _1009_/Q (sg13g2_dfrbpq_1)
                                                         s_axil_rdata[7] (net)
                      0.166473    0.000000    0.298400 v s_axil_rdata[7] (out)
                                              0.298400   data arrival time

                                  0.000000    0.000000   clock clk_i (rise edge)
                                  0.000000    0.000000   clock network delay (propagated)
                                  0.100000    0.100000   clock uncertainty
                                  0.000000    0.100000   clock reconvergence pessimism
                                  0.000000    0.100000   output external delay
                                              0.100000   data required time
---------------------------------------------------------------------------------------------
                                              0.100000   data required time
                                             -0.298400   data arrival time
---------------------------------------------------------------------------------------------
                                              0.198400   slack (MET)


Startpoint: _1065_ (rising edge-triggered flip-flop clocked by clk_i)
Endpoint: gpio_out[4] (output port clocked by clk_i)
Path Group: clk_i
Path Type: min

Fanout         Cap        Slew       Delay        Time   Description
---------------------------------------------------------------------------------------------
                                  0.000000    0.000000   clock clk_i (rise edge)
                                  0.000000    0.000000   clock source latency
   101    0.416943    0.000000    0.000000    0.000000 ^ clk_i (in)
                                                         clk_i (net)
                      0.029067    0.014533    0.014533 ^ _1065_/CLK (sg13g2_dfrbpq_1)
     3    0.055306    0.173676    0.285029    0.299562 v _1065_/Q (sg13g2_dfrbpq_1)
                                                         gpio_out[4] (net)
                      0.173676    0.000000    0.299562 v gpio_out[4] (out)
                                              0.299562   data arrival time

                                  0.000000    0.000000   clock clk_i (rise edge)
                                  0.000000    0.000000   clock network delay (propagated)
                                  0.100000    0.100000   clock uncertainty
                                  0.000000    0.100000   clock reconvergence pessimism
                                  0.000000    0.100000   output external delay
                                              0.100000   data required time
---------------------------------------------------------------------------------------------
                                              0.100000   data required time
                                             -0.299562   data arrival time
---------------------------------------------------------------------------------------------
                                              0.199562   slack (MET)


Startpoint: _1062_ (rising edge-triggered flip-flop clocked by clk_i)
Endpoint: gpio_out[1] (output port clocked by clk_i)
Path Group: clk_i
Path Type: min

Fanout         Cap        Slew       Delay        Time   Description
---------------------------------------------------------------------------------------------
                                  0.000000    0.000000   clock clk_i (rise edge)
                                  0.000000    0.000000   clock source latency
   101    0.416943    0.000000    0.000000    0.000000 ^ clk_i (in)
                                                         clk_i (net)
                      0.029297    0.014649    0.014649 ^ _1062_/CLK (sg13g2_dfrbpq_1)
     3    0.055306    0.173676    0.285140    0.299789 v _1062_/Q (sg13g2_dfrbpq_1)
                                                         gpio_out[1] (net)
                      0.173676    0.000000    0.299789 v gpio_out[1] (out)
                                              0.299789   data arrival time

                                  0.000000    0.000000   clock clk_i (rise edge)
                                  0.000000    0.000000   clock network delay (propagated)
                                  0.100000    0.100000   clock uncertainty
                                  0.000000    0.100000   clock reconvergence pessimism
                                  0.000000    0.100000   output external delay
                                              0.100000   data required time
---------------------------------------------------------------------------------------------
                                              0.100000   data required time
                                             -0.299789   data arrival time
---------------------------------------------------------------------------------------------
                                              0.199789   slack (MET)


Startpoint: _1063_ (rising edge-triggered flip-flop clocked by clk_i)
Endpoint: gpio_out[2] (output port clocked by clk_i)
Path Group: clk_i
Path Type: min

Fanout         Cap        Slew       Delay        Time   Description
---------------------------------------------------------------------------------------------
                                  0.000000    0.000000   clock clk_i (rise edge)
                                  0.000000    0.000000   clock source latency
   101    0.416943    0.000000    0.000000    0.000000 ^ clk_i (in)
                                                         clk_i (net)
                      0.029419    0.014709    0.014709 ^ _1063_/CLK (sg13g2_dfrbpq_1)
     3    0.055306    0.173676    0.285199    0.299908 v _1063_/Q (sg13g2_dfrbpq_1)
                                                         gpio_out[2] (net)
                      0.173676    0.000000    0.299908 v gpio_out[2] (out)
                                              0.299908   data arrival time

                                  0.000000    0.000000   clock clk_i (rise edge)
                                  0.000000    0.000000   clock network delay (propagated)
                                  0.100000    0.100000   clock uncertainty
                                  0.000000    0.100000   clock reconvergence pessimism
                                  0.000000    0.100000   output external delay
                                              0.100000   data required time
---------------------------------------------------------------------------------------------
                                              0.100000   data required time
                                             -0.299908   data arrival time
---------------------------------------------------------------------------------------------
                                              0.199908   slack (MET)


Startpoint: _1089_ (rising edge-triggered flip-flop clocked by clk_i)
Endpoint: gpio_dir[12] (output port clocked by clk_i)
Path Group: clk_i
Path Type: min

Fanout         Cap        Slew       Delay        Time   Description
---------------------------------------------------------------------------------------------
                                  0.000000    0.000000   clock clk_i (rise edge)
                                  0.000000    0.000000   clock source latency
   101    0.416943    0.000000    0.000000    0.000000 ^ clk_i (in)
                                                         clk_i (net)
                      0.031247    0.015624    0.015624 ^ _1089_/CLK (sg13g2_dfrbpq_1)
     3    0.055175    0.173284    0.285790    0.301414 v _1089_/Q (sg13g2_dfrbpq_1)
                                                         gpio_dir[12] (net)
                      0.173284    0.000000    0.301414 v gpio_dir[12] (out)
                                              0.301414   data arrival time

                                  0.000000    0.000000   clock clk_i (rise edge)
                                  0.000000    0.000000   clock network delay (propagated)
                                  0.100000    0.100000   clock uncertainty
                                  0.000000    0.100000   clock reconvergence pessimism
                                  0.000000    0.100000   output external delay
                                              0.100000   data required time
---------------------------------------------------------------------------------------------
                                              0.100000   data required time
                                             -0.301414   data arrival time
---------------------------------------------------------------------------------------------
                                              0.201414   slack (MET)


Startpoint: _1088_ (rising edge-triggered flip-flop clocked by clk_i)
Endpoint: gpio_dir[11] (output port clocked by clk_i)
Path Group: clk_i
Path Type: min

Fanout         Cap        Slew       Delay        Time   Description
---------------------------------------------------------------------------------------------
                                  0.000000    0.000000   clock clk_i (rise edge)
                                  0.000000    0.000000   clock source latency
   101    0.416943    0.000000    0.000000    0.000000 ^ clk_i (in)
                                                         clk_i (net)
                      0.031741    0.015871    0.015871 ^ _1088_/CLK (sg13g2_dfrbpq_1)
     3    0.055175    0.173284    0.286029    0.301899 v _1088_/Q (sg13g2_dfrbpq_1)
                                                         gpio_dir[11] (net)
                      0.173284    0.000000    0.301899 v gpio_dir[11] (out)
                                              0.301899   data arrival time

                                  0.000000    0.000000   clock clk_i (rise edge)
                                  0.000000    0.000000   clock network delay (propagated)
                                  0.100000    0.100000   clock uncertainty
                                  0.000000    0.100000   clock reconvergence pessimism
                                  0.000000    0.100000   output external delay
                                              0.100000   data required time
---------------------------------------------------------------------------------------------
                                              0.100000   data required time
                                             -0.301899   data arrival time
---------------------------------------------------------------------------------------------
                                              0.201899   slack (MET)


Startpoint: _1056_ (rising edge-triggered flip-flop clocked by clk_i)
Endpoint: gpio_out[11] (output port clocked by clk_i)
Path Group: clk_i
Path Type: min

Fanout         Cap        Slew       Delay        Time   Description
---------------------------------------------------------------------------------------------
                                  0.000000    0.000000   clock clk_i (rise edge)
                                  0.000000    0.000000   clock source latency
   101    0.416943    0.000000    0.000000    0.000000 ^ clk_i (in)
                                                         clk_i (net)
                      0.031617    0.015808    0.015808 ^ _1056_/CLK (sg13g2_dfrbpq_1)
     3    0.055306    0.173676    0.286260    0.302068 v _1056_/Q (sg13g2_dfrbpq_1)
                                                         gpio_out[11] (net)
                      0.173676    0.000000    0.302068 v gpio_out[11] (out)
                                              0.302068   data arrival time

                                  0.000000    0.000000   clock clk_i (rise edge)
                                  0.000000    0.000000   clock network delay (propagated)
                                  0.100000    0.100000   clock uncertainty
                                  0.000000    0.100000   clock reconvergence pessimism
                                  0.000000    0.100000   output external delay
                                              0.100000   data required time
---------------------------------------------------------------------------------------------
                                              0.100000   data required time
                                             -0.302068   data arrival time
---------------------------------------------------------------------------------------------
                                              0.202068   slack (MET)


Startpoint: _1091_ (rising edge-triggered flip-flop clocked by clk_i)
Endpoint: gpio_dir[14] (output port clocked by clk_i)
Path Group: clk_i
Path Type: min

Fanout         Cap        Slew       Delay        Time   Description
---------------------------------------------------------------------------------------------
                                  0.000000    0.000000   clock clk_i (rise edge)
                                  0.000000    0.000000   clock source latency
   101    0.416943    0.000000    0.000000    0.000000 ^ clk_i (in)
                                                         clk_i (net)
                      0.031942    0.015971    0.015971 ^ _1091_/CLK (sg13g2_dfrbpq_1)
     3    0.055175    0.173284    0.286126    0.302097 v _1091_/Q (sg13g2_dfrbpq_1)
                                                         gpio_dir[14] (net)
                      0.173284    0.000000    0.302097 v gpio_dir[14] (out)
                                              0.302097   data arrival time

                                  0.000000    0.000000   clock clk_i (rise edge)
                                  0.000000    0.000000   clock network delay (propagated)
                                  0.100000    0.100000   clock uncertainty
                                  0.000000    0.100000   clock reconvergence pessimism
                                  0.000000    0.100000   output external delay
                                              0.100000   data required time
---------------------------------------------------------------------------------------------
                                              0.100000   data required time
                                             -0.302097   data arrival time
---------------------------------------------------------------------------------------------
                                              0.202097   slack (MET)


Startpoint: _1057_ (rising edge-triggered flip-flop clocked by clk_i)
Endpoint: gpio_out[12] (output port clocked by clk_i)
Path Group: clk_i
Path Type: min

Fanout         Cap        Slew       Delay        Time   Description
---------------------------------------------------------------------------------------------
                                  0.000000    0.000000   clock clk_i (rise edge)
                                  0.000000    0.000000   clock source latency
   101    0.416943    0.000000    0.000000    0.000000 ^ clk_i (in)
                                                         clk_i (net)
                      0.031655    0.015828    0.015828 ^ _1057_/CLK (sg13g2_dfrbpq_1)
     3    0.055306    0.173676    0.286278    0.302106 v _1057_/Q (sg13g2_dfrbpq_1)
                                                         gpio_out[12] (net)
                      0.173676    0.000000    0.302106 v gpio_out[12] (out)
                                              0.302106   data arrival time

                                  0.000000    0.000000   clock clk_i (rise edge)
                                  0.000000    0.000000   clock network delay (propagated)
                                  0.100000    0.100000   clock uncertainty
                                  0.000000    0.100000   clock reconvergence pessimism
                                  0.000000    0.100000   output external delay
                                              0.100000   data required time
---------------------------------------------------------------------------------------------
                                              0.100000   data required time
                                             -0.302106   data arrival time
---------------------------------------------------------------------------------------------
                                              0.202106   slack (MET)


Startpoint: _1064_ (rising edge-triggered flip-flop clocked by clk_i)
Endpoint: gpio_out[3] (output port clocked by clk_i)
Path Group: clk_i
Path Type: min

Fanout         Cap        Slew       Delay        Time   Description
---------------------------------------------------------------------------------------------
                                  0.000000    0.000000   clock clk_i (rise edge)
                                  0.000000    0.000000   clock source latency
   101    0.416943    0.000000    0.000000    0.000000 ^ clk_i (in)
                                                         clk_i (net)
                      0.033311    0.016655    0.016655 ^ _1064_/CLK (sg13g2_dfrbpq_1)
     3    0.055306    0.173676    0.287077    0.303733 v _1064_/Q (sg13g2_dfrbpq_1)
                                                         gpio_out[3] (net)
                      0.173676    0.000000    0.303733 v gpio_out[3] (out)
                                              0.303733   data arrival time

                                  0.000000    0.000000   clock clk_i (rise edge)
                                  0.000000    0.000000   clock network delay (propagated)
                                  0.100000    0.100000   clock uncertainty
                                  0.000000    0.100000   clock reconvergence pessimism
                                  0.000000    0.100000   output external delay
                                              0.100000   data required time
---------------------------------------------------------------------------------------------
                                              0.100000   data required time
                                             -0.303733   data arrival time
---------------------------------------------------------------------------------------------
                                              0.203733   slack (MET)


Startpoint: _1053_ (rising edge-triggered flip-flop clocked by clk_i)
Endpoint: gpio_out[8] (output port clocked by clk_i)
Path Group: clk_i
Path Type: min

Fanout         Cap        Slew       Delay        Time   Description
---------------------------------------------------------------------------------------------
                                  0.000000    0.000000   clock clk_i (rise edge)
                                  0.000000    0.000000   clock source latency
   101    0.416943    0.000000    0.000000    0.000000 ^ clk_i (in)
                                                         clk_i (net)
                      0.035681    0.017840    0.017840 ^ _1053_/CLK (sg13g2_dfrbpq_1)
     3    0.055306    0.173677    0.288221    0.306062 v _1053_/Q (sg13g2_dfrbpq_1)
                                                         gpio_out[8] (net)
                      0.173677    0.000000    0.306062 v gpio_out[8] (out)
                                              0.306062   data arrival time

                                  0.000000    0.000000   clock clk_i (rise edge)
                                  0.000000    0.000000   clock network delay (propagated)
                                  0.100000    0.100000   clock uncertainty
                                  0.000000    0.100000   clock reconvergence pessimism
                                  0.000000    0.100000   output external delay
                                              0.100000   data required time
---------------------------------------------------------------------------------------------
                                              0.100000   data required time
                                             -0.306062   data arrival time
---------------------------------------------------------------------------------------------
                                              0.206062   slack (MET)


Startpoint: _1010_ (rising edge-triggered flip-flop clocked by clk_i)
Endpoint: s_axil_rdata[8] (output port clocked by clk_i)
Path Group: clk_i
Path Type: min

Fanout         Cap        Slew       Delay        Time   Description
---------------------------------------------------------------------------------------------
                                  0.000000    0.000000   clock clk_i (rise edge)
                                  0.000000    0.000000   clock source latency
   101    0.416943    0.000000    0.000000    0.000000 ^ clk_i (in)
                                                         clk_i (net)
                      0.041151    0.020576    0.020576 ^ _1010_/CLK (sg13g2_dfrbpq_1)
     2    0.052891    0.166474    0.285520    0.306095 v _1010_/Q (sg13g2_dfrbpq_1)
                                                         s_axil_rdata[8] (net)
                      0.166474    0.000000    0.306095 v s_axil_rdata[8] (out)
                                              0.306095   data arrival time

                                  0.000000    0.000000   clock clk_i (rise edge)
                                  0.000000    0.000000   clock network delay (propagated)
                                  0.100000    0.100000   clock uncertainty
                                  0.000000    0.100000   clock reconvergence pessimism
                                  0.000000    0.100000   output external delay
                                              0.100000   data required time
---------------------------------------------------------------------------------------------
                                              0.100000   data required time
                                             -0.306095   data arrival time
---------------------------------------------------------------------------------------------
                                              0.206095   slack (MET)


Startpoint: _1008_ (rising edge-triggered flip-flop clocked by clk_i)
Endpoint: s_axil_rdata[6] (output port clocked by clk_i)
Path Group: clk_i
Path Type: min

Fanout         Cap        Slew       Delay        Time   Description
---------------------------------------------------------------------------------------------
                                  0.000000    0.000000   clock clk_i (rise edge)
                                  0.000000    0.000000   clock source latency
   101    0.416943    0.000000    0.000000    0.000000 ^ clk_i (in)
                                                         clk_i (net)
                      0.041335    0.020668    0.020668 ^ _1008_/CLK (sg13g2_dfrbpq_1)
     2    0.052891    0.166474    0.285609    0.306276 v _1008_/Q (sg13g2_dfrbpq_1)
                                                         s_axil_rdata[6] (net)
                      0.166474    0.000000    0.306276 v s_axil_rdata[6] (out)
                                              0.306276   data arrival time

                                  0.000000    0.000000   clock clk_i (rise edge)
                                  0.000000    0.000000   clock network delay (propagated)
                                  0.100000    0.100000   clock uncertainty
                                  0.000000    0.100000   clock reconvergence pessimism
                                  0.000000    0.100000   output external delay
                                              0.100000   data required time
---------------------------------------------------------------------------------------------
                                              0.100000   data required time
                                             -0.306276   data arrival time
---------------------------------------------------------------------------------------------
                                              0.206276   slack (MET)


Startpoint: _1015_ (rising edge-triggered flip-flop clocked by clk_i)
Endpoint: s_axil_rdata[13] (output port clocked by clk_i)
Path Group: clk_i
Path Type: min

Fanout         Cap        Slew       Delay        Time   Description
---------------------------------------------------------------------------------------------
                                  0.000000    0.000000   clock clk_i (rise edge)
                                  0.000000    0.000000   clock source latency
   101    0.416943    0.000000    0.000000    0.000000 ^ clk_i (in)
                                                         clk_i (net)
                      0.041346    0.020673    0.020673 ^ _1015_/CLK (sg13g2_dfrbpq_1)
     2    0.052891    0.166474    0.285614    0.306287 v _1015_/Q (sg13g2_dfrbpq_1)
                                                         s_axil_rdata[13] (net)
                      0.166474    0.000000    0.306287 v s_axil_rdata[13] (out)
                                              0.306287   data arrival time

                                  0.000000    0.000000   clock clk_i (rise edge)
                                  0.000000    0.000000   clock network delay (propagated)
                                  0.100000    0.100000   clock uncertainty
                                  0.000000    0.100000   clock reconvergence pessimism
                                  0.000000    0.100000   output external delay
                                              0.100000   data required time
---------------------------------------------------------------------------------------------
                                              0.100000   data required time
                                             -0.306287   data arrival time
---------------------------------------------------------------------------------------------
                                              0.206287   slack (MET)


Startpoint: _1058_ (rising edge-triggered flip-flop clocked by clk_i)
Endpoint: gpio_out[13] (output port clocked by clk_i)
Path Group: clk_i
Path Type: min

Fanout         Cap        Slew       Delay        Time   Description
---------------------------------------------------------------------------------------------
                                  0.000000    0.000000   clock clk_i (rise edge)
                                  0.000000    0.000000   clock source latency
   101    0.416943    0.000000    0.000000    0.000000 ^ clk_i (in)
                                                         clk_i (net)
                      0.036543    0.018271    0.018271 ^ _1058_/CLK (sg13g2_dfrbpq_1)
     3    0.055306    0.173677    0.288637    0.306909 v _1058_/Q (sg13g2_dfrbpq_1)
                                                         gpio_out[13] (net)
                      0.173677    0.000000    0.306909 v gpio_out[13] (out)
                                              0.306909   data arrival time

                                  0.000000    0.000000   clock clk_i (rise edge)
                                  0.000000    0.000000   clock network delay (propagated)
                                  0.100000    0.100000   clock uncertainty
                                  0.000000    0.100000   clock reconvergence pessimism
                                  0.000000    0.100000   output external delay
                                              0.100000   data required time
---------------------------------------------------------------------------------------------
                                              0.100000   data required time
                                             -0.306909   data arrival time
---------------------------------------------------------------------------------------------
                                              0.206909   slack (MET)


Startpoint: _1012_ (rising edge-triggered flip-flop clocked by clk_i)
Endpoint: s_axil_rdata[10] (output port clocked by clk_i)
Path Group: clk_i
Path Type: min

Fanout         Cap        Slew       Delay        Time   Description
---------------------------------------------------------------------------------------------
                                  0.000000    0.000000   clock clk_i (rise edge)
                                  0.000000    0.000000   clock source latency
   101    0.416943    0.000000    0.000000    0.000000 ^ clk_i (in)
                                                         clk_i (net)
                      0.042101    0.021051    0.021051 ^ _1012_/CLK (sg13g2_dfrbpq_1)
     2    0.052891    0.166474    0.285978    0.307029 v _1012_/Q (sg13g2_dfrbpq_1)
                                                         s_axil_rdata[10] (net)
                      0.166474    0.000000    0.307029 v s_axil_rdata[10] (out)
                                              0.307029   data arrival time

                                  0.000000    0.000000   clock clk_i (rise edge)
                                  0.000000    0.000000   clock network delay (propagated)
                                  0.100000    0.100000   clock uncertainty
                                  0.000000    0.100000   clock reconvergence pessimism
                                  0.000000    0.100000   output external delay
                                              0.100000   data required time
---------------------------------------------------------------------------------------------
                                              0.100000   data required time
                                             -0.307029   data arrival time
---------------------------------------------------------------------------------------------
                                              0.207029   slack (MET)


Startpoint: _1059_ (rising edge-triggered flip-flop clocked by clk_i)
Endpoint: gpio_out[14] (output port clocked by clk_i)
Path Group: clk_i
Path Type: min

Fanout         Cap        Slew       Delay        Time   Description
---------------------------------------------------------------------------------------------
                                  0.000000    0.000000   clock clk_i (rise edge)
                                  0.000000    0.000000   clock source latency
   101    0.416943    0.000000    0.000000    0.000000 ^ clk_i (in)
                                                         clk_i (net)
                      0.037021    0.018510    0.018510 ^ _1059_/CLK (sg13g2_dfrbpq_1)
     3    0.055306    0.173677    0.288868    0.307379 v _1059_/Q (sg13g2_dfrbpq_1)
                                                         gpio_out[14] (net)
                      0.173677    0.000000    0.307379 v gpio_out[14] (out)
                                              0.307379   data arrival time

                                  0.000000    0.000000   clock clk_i (rise edge)
                                  0.000000    0.000000   clock network delay (propagated)
                                  0.100000    0.100000   clock uncertainty
                                  0.000000    0.100000   clock reconvergence pessimism
                                  0.000000    0.100000   output external delay
                                              0.100000   data required time
---------------------------------------------------------------------------------------------
                                              0.100000   data required time
                                             -0.307379   data arrival time
---------------------------------------------------------------------------------------------
                                              0.207379   slack (MET)


Startpoint: _1011_ (rising edge-triggered flip-flop clocked by clk_i)
Endpoint: s_axil_rdata[9] (output port clocked by clk_i)
Path Group: clk_i
Path Type: min

Fanout         Cap        Slew       Delay        Time   Description
---------------------------------------------------------------------------------------------
                                  0.000000    0.000000   clock clk_i (rise edge)
                                  0.000000    0.000000   clock source latency
   101    0.416943    0.000000    0.000000    0.000000 ^ clk_i (in)
                                                         clk_i (net)
                      0.042497    0.021249    0.021249 ^ _1011_/CLK (sg13g2_dfrbpq_1)
     2    0.052891    0.166474    0.286169    0.307418 v _1011_/Q (sg13g2_dfrbpq_1)
                                                         s_axil_rdata[9] (net)
                      0.166474    0.000000    0.307418 v s_axil_rdata[9] (out)
                                              0.307418   data arrival time

                                  0.000000    0.000000   clock clk_i (rise edge)
                                  0.000000    0.000000   clock network delay (propagated)
                                  0.100000    0.100000   clock uncertainty
                                  0.000000    0.100000   clock reconvergence pessimism
                                  0.000000    0.100000   output external delay
                                              0.100000   data required time
---------------------------------------------------------------------------------------------
                                              0.100000   data required time
                                             -0.307418   data arrival time
---------------------------------------------------------------------------------------------
                                              0.207418   slack (MET)


Startpoint: _1085_ (rising edge-triggered flip-flop clocked by clk_i)
Endpoint: gpio_dir[8] (output port clocked by clk_i)
Path Group: clk_i
Path Type: min

Fanout         Cap        Slew       Delay        Time   Description
---------------------------------------------------------------------------------------------
                                  0.000000    0.000000   clock clk_i (rise edge)
                                  0.000000    0.000000   clock source latency
   101    0.416943    0.000000    0.000000    0.000000 ^ clk_i (in)
                                                         clk_i (net)
                      0.037696    0.018848    0.018848 ^ _1085_/CLK (sg13g2_dfrbpq_1)
     3    0.055175    0.173284    0.288903    0.307751 v _1085_/Q (sg13g2_dfrbpq_1)
                                                         gpio_dir[8] (net)
                      0.173284    0.000000    0.307751 v gpio_dir[8] (out)
                                              0.307751   data arrival time

                                  0.000000    0.000000   clock clk_i (rise edge)
                                  0.000000    0.000000   clock network delay (propagated)
                                  0.100000    0.100000   clock uncertainty
                                  0.000000    0.100000   clock reconvergence pessimism
                                  0.000000    0.100000   output external delay
                                              0.100000   data required time
---------------------------------------------------------------------------------------------
                                              0.100000   data required time
                                             -0.307751   data arrival time
---------------------------------------------------------------------------------------------
                                              0.207751   slack (MET)


Startpoint: _1017_ (rising edge-triggered flip-flop clocked by clk_i)
Endpoint: s_axil_rdata[15] (output port clocked by clk_i)
Path Group: clk_i
Path Type: min

Fanout         Cap        Slew       Delay        Time   Description
---------------------------------------------------------------------------------------------
                                  0.000000    0.000000   clock clk_i (rise edge)
                                  0.000000    0.000000   clock source latency
   101    0.416943    0.000000    0.000000    0.000000 ^ clk_i (in)
                                                         clk_i (net)
                      0.043157    0.021578    0.021578 ^ _1017_/CLK (sg13g2_dfrbpq_1)
     2    0.052891    0.166474    0.286488    0.308066 v _1017_/Q (sg13g2_dfrbpq_1)
                                                         s_axil_rdata[15] (net)
                      0.166474    0.000000    0.308066 v s_axil_rdata[15] (out)
                                              0.308066   data arrival time

                                  0.000000    0.000000   clock clk_i (rise edge)
                                  0.000000    0.000000   clock network delay (propagated)
                                  0.100000    0.100000   clock uncertainty
                                  0.000000    0.100000   clock reconvergence pessimism
                                  0.000000    0.100000   output external delay
                                              0.100000   data required time
---------------------------------------------------------------------------------------------
                                              0.100000   data required time
                                             -0.308066   data arrival time
---------------------------------------------------------------------------------------------
                                              0.208066   slack (MET)


Startpoint: _1024_ (rising edge-triggered flip-flop clocked by clk_i)
Endpoint: s_axil_rdata[22] (output port clocked by clk_i)
Path Group: clk_i
Path Type: min

Fanout         Cap        Slew       Delay        Time   Description
---------------------------------------------------------------------------------------------
                                  0.000000    0.000000   clock clk_i (rise edge)
                                  0.000000    0.000000   clock source latency
   101    0.416943    0.000000    0.000000    0.000000 ^ clk_i (in)
                                                         clk_i (net)
                      0.043663    0.021831    0.021831 ^ _1024_/CLK (sg13g2_dfrbpq_1)
     2    0.052891    0.166474    0.286732    0.308563 v _1024_/Q (sg13g2_dfrbpq_1)
                                                         s_axil_rdata[22] (net)
                      0.166474    0.000000    0.308563 v s_axil_rdata[22] (out)
                                              0.308563   data arrival time

                                  0.000000    0.000000   clock clk_i (rise edge)
                                  0.000000    0.000000   clock network delay (propagated)
                                  0.100000    0.100000   clock uncertainty
                                  0.000000    0.100000   clock reconvergence pessimism
                                  0.000000    0.100000   output external delay
                                              0.100000   data required time
---------------------------------------------------------------------------------------------
                                              0.100000   data required time
                                             -0.308563   data arrival time
---------------------------------------------------------------------------------------------
                                              0.208563   slack (MET)


Startpoint: _1020_ (rising edge-triggered flip-flop clocked by clk_i)
Endpoint: s_axil_rdata[18] (output port clocked by clk_i)
Path Group: clk_i
Path Type: min

Fanout         Cap        Slew       Delay        Time   Description
---------------------------------------------------------------------------------------------
                                  0.000000    0.000000   clock clk_i (rise edge)
                                  0.000000    0.000000   clock source latency
   101    0.416943    0.000000    0.000000    0.000000 ^ clk_i (in)
                                                         clk_i (net)
                      0.043704    0.021852    0.021852 ^ _1020_/CLK (sg13g2_dfrbpq_1)
     2    0.052891    0.166474    0.286752    0.308604 v _1020_/Q (sg13g2_dfrbpq_1)
                                                         s_axil_rdata[18] (net)
                      0.166474    0.000000    0.308604 v s_axil_rdata[18] (out)
                                              0.308604   data arrival time

                                  0.000000    0.000000   clock clk_i (rise edge)
                                  0.000000    0.000000   clock network delay (propagated)
                                  0.100000    0.100000   clock uncertainty
                                  0.000000    0.100000   clock reconvergence pessimism
                                  0.000000    0.100000   output external delay
                                              0.100000   data required time
---------------------------------------------------------------------------------------------
                                              0.100000   data required time
                                             -0.308604   data arrival time
---------------------------------------------------------------------------------------------
                                              0.208604   slack (MET)


Startpoint: _1019_ (rising edge-triggered flip-flop clocked by clk_i)
Endpoint: s_axil_rdata[17] (output port clocked by clk_i)
Path Group: clk_i
Path Type: min

Fanout         Cap        Slew       Delay        Time   Description
---------------------------------------------------------------------------------------------
                                  0.000000    0.000000   clock clk_i (rise edge)
                                  0.000000    0.000000   clock source latency
   101    0.416943    0.000000    0.000000    0.000000 ^ clk_i (in)
                                                         clk_i (net)
                      0.043935    0.021967    0.021967 ^ _1019_/CLK (sg13g2_dfrbpq_1)
     2    0.052891    0.166474    0.286863    0.308831 v _1019_/Q (sg13g2_dfrbpq_1)
                                                         s_axil_rdata[17] (net)
                      0.166474    0.000000    0.308831 v s_axil_rdata[17] (out)
                                              0.308831   data arrival time

                                  0.000000    0.000000   clock clk_i (rise edge)
                                  0.000000    0.000000   clock network delay (propagated)
                                  0.100000    0.100000   clock uncertainty
                                  0.000000    0.100000   clock reconvergence pessimism
                                  0.000000    0.100000   output external delay
                                              0.100000   data required time
---------------------------------------------------------------------------------------------
                                              0.100000   data required time
                                             -0.308831   data arrival time
---------------------------------------------------------------------------------------------
                                              0.208831   slack (MET)


Startpoint: _1027_ (rising edge-triggered flip-flop clocked by clk_i)
Endpoint: s_axil_rdata[25] (output port clocked by clk_i)
Path Group: clk_i
Path Type: min

Fanout         Cap        Slew       Delay        Time   Description
---------------------------------------------------------------------------------------------
                                  0.000000    0.000000   clock clk_i (rise edge)
                                  0.000000    0.000000   clock source latency
   101    0.416943    0.000000    0.000000    0.000000 ^ clk_i (in)
                                                         clk_i (net)
                      0.043955    0.021977    0.021977 ^ _1027_/CLK (sg13g2_dfrbpq_1)
     2    0.052891    0.166474    0.286873    0.308850 v _1027_/Q (sg13g2_dfrbpq_1)
                                                         s_axil_rdata[25] (net)
                      0.166474    0.000000    0.308850 v s_axil_rdata[25] (out)
                                              0.308850   data arrival time

                                  0.000000    0.000000   clock clk_i (rise edge)
                                  0.000000    0.000000   clock network delay (propagated)
                                  0.100000    0.100000   clock uncertainty
                                  0.000000    0.100000   clock reconvergence pessimism
                                  0.000000    0.100000   output external delay
                                              0.100000   data required time
---------------------------------------------------------------------------------------------
                                              0.100000   data required time
                                             -0.308850   data arrival time
---------------------------------------------------------------------------------------------
                                              0.208850   slack (MET)


Startpoint: _1018_ (rising edge-triggered flip-flop clocked by clk_i)
Endpoint: s_axil_rdata[16] (output port clocked by clk_i)
Path Group: clk_i
Path Type: min

Fanout         Cap        Slew       Delay        Time   Description
---------------------------------------------------------------------------------------------
                                  0.000000    0.000000   clock clk_i (rise edge)
                                  0.000000    0.000000   clock source latency
   101    0.416943    0.000000    0.000000    0.000000 ^ clk_i (in)
                                                         clk_i (net)
                      0.043996    0.021998    0.021998 ^ _1018_/CLK (sg13g2_dfrbpq_1)
     2    0.052891    0.166474    0.286893    0.308891 v _1018_/Q (sg13g2_dfrbpq_1)
                                                         s_axil_rdata[16] (net)
                      0.166474    0.000000    0.308891 v s_axil_rdata[16] (out)
                                              0.308891   data arrival time

                                  0.000000    0.000000   clock clk_i (rise edge)
                                  0.000000    0.000000   clock network delay (propagated)
                                  0.100000    0.100000   clock uncertainty
                                  0.000000    0.100000   clock reconvergence pessimism
                                  0.000000    0.100000   output external delay
                                              0.100000   data required time
---------------------------------------------------------------------------------------------
                                              0.100000   data required time
                                             -0.308891   data arrival time
---------------------------------------------------------------------------------------------
                                              0.208891   slack (MET)


Startpoint: _1026_ (rising edge-triggered flip-flop clocked by clk_i)
Endpoint: s_axil_rdata[24] (output port clocked by clk_i)
Path Group: clk_i
Path Type: min

Fanout         Cap        Slew       Delay        Time   Description
---------------------------------------------------------------------------------------------
                                  0.000000    0.000000   clock clk_i (rise edge)
                                  0.000000    0.000000   clock source latency
   101    0.416943    0.000000    0.000000    0.000000 ^ clk_i (in)
                                                         clk_i (net)
                      0.044042    0.022021    0.022021 ^ _1026_/CLK (sg13g2_dfrbpq_1)
     2    0.052891    0.166474    0.286915    0.308936 v _1026_/Q (sg13g2_dfrbpq_1)
                                                         s_axil_rdata[24] (net)
                      0.166474    0.000000    0.308936 v s_axil_rdata[24] (out)
                                              0.308936   data arrival time

                                  0.000000    0.000000   clock clk_i (rise edge)
                                  0.000000    0.000000   clock network delay (propagated)
                                  0.100000    0.100000   clock uncertainty
                                  0.000000    0.100000   clock reconvergence pessimism
                                  0.000000    0.100000   output external delay
                                              0.100000   data required time
---------------------------------------------------------------------------------------------
                                              0.100000   data required time
                                             -0.308936   data arrival time
---------------------------------------------------------------------------------------------
                                              0.208936   slack (MET)


Startpoint: _1040_ (rising edge-triggered flip-flop clocked by clk_i)
Endpoint: gpio_out[27] (output port clocked by clk_i)
Path Group: clk_i
Path Type: min

Fanout         Cap        Slew       Delay        Time   Description
---------------------------------------------------------------------------------------------
                                  0.000000    0.000000   clock clk_i (rise edge)
                                  0.000000    0.000000   clock source latency
   101    0.416943    0.000000    0.000000    0.000000 ^ clk_i (in)
                                                         clk_i (net)
                      0.038860    0.019430    0.019430 ^ _1040_/CLK (sg13g2_dfrbpq_1)
     3    0.055306    0.173677    0.289756    0.309186 v _1040_/Q (sg13g2_dfrbpq_1)
                                                         gpio_out[27] (net)
                      0.173677    0.000000    0.309186 v gpio_out[27] (out)
                                              0.309186   data arrival time

                                  0.000000    0.000000   clock clk_i (rise edge)
                                  0.000000    0.000000   clock network delay (propagated)
                                  0.100000    0.100000   clock uncertainty
                                  0.000000    0.100000   clock reconvergence pessimism
                                  0.000000    0.100000   output external delay
                                              0.100000   data required time
---------------------------------------------------------------------------------------------
                                              0.100000   data required time
                                             -0.309186   data arrival time
---------------------------------------------------------------------------------------------
                                              0.209186   slack (MET)


Startpoint: _1030_ (rising edge-triggered flip-flop clocked by clk_i)
Endpoint: s_axil_rdata[28] (output port clocked by clk_i)
Path Group: clk_i
Path Type: min

Fanout         Cap        Slew       Delay        Time   Description
---------------------------------------------------------------------------------------------
                                  0.000000    0.000000   clock clk_i (rise edge)
                                  0.000000    0.000000   clock source latency
   101    0.416943    0.000000    0.000000    0.000000 ^ clk_i (in)
                                                         clk_i (net)
                      0.044299    0.022149    0.022149 ^ _1030_/CLK (sg13g2_dfrbpq_1)
     2    0.052891    0.166474    0.287039    0.309188 v _1030_/Q (sg13g2_dfrbpq_1)
                                                         s_axil_rdata[28] (net)
                      0.166474    0.000000    0.309188 v s_axil_rdata[28] (out)
                                              0.309188   data arrival time

                                  0.000000    0.000000   clock clk_i (rise edge)
                                  0.000000    0.000000   clock network delay (propagated)
                                  0.100000    0.100000   clock uncertainty
                                  0.000000    0.100000   clock reconvergence pessimism
                                  0.000000    0.100000   output external delay
                                              0.100000   data required time
---------------------------------------------------------------------------------------------
                                              0.100000   data required time
                                             -0.309188   data arrival time
---------------------------------------------------------------------------------------------
                                              0.209188   slack (MET)


Startpoint: _1032_ (rising edge-triggered flip-flop clocked by clk_i)
Endpoint: s_axil_rdata[30] (output port clocked by clk_i)
Path Group: clk_i
Path Type: min

Fanout         Cap        Slew       Delay        Time   Description
---------------------------------------------------------------------------------------------
                                  0.000000    0.000000   clock clk_i (rise edge)
                                  0.000000    0.000000   clock source latency
   101    0.416943    0.000000    0.000000    0.000000 ^ clk_i (in)
                                                         clk_i (net)
                      0.044443    0.022222    0.022222 ^ _1032_/CLK (sg13g2_dfrbpq_1)
     2    0.052891    0.166474    0.287109    0.309330 v _1032_/Q (sg13g2_dfrbpq_1)
                                                         s_axil_rdata[30] (net)
                      0.166474    0.000000    0.309330 v s_axil_rdata[30] (out)
                                              0.309330   data arrival time

                                  0.000000    0.000000   clock clk_i (rise edge)
                                  0.000000    0.000000   clock network delay (propagated)
                                  0.100000    0.100000   clock uncertainty
                                  0.000000    0.100000   clock reconvergence pessimism
                                  0.000000    0.100000   output external delay
                                              0.100000   data required time
---------------------------------------------------------------------------------------------
                                              0.100000   data required time
                                             -0.309330   data arrival time
---------------------------------------------------------------------------------------------
                                              0.209330   slack (MET)


Startpoint: _1054_ (rising edge-triggered flip-flop clocked by clk_i)
Endpoint: gpio_out[9] (output port clocked by clk_i)
Path Group: clk_i
Path Type: min

Fanout         Cap        Slew       Delay        Time   Description
---------------------------------------------------------------------------------------------
                                  0.000000    0.000000   clock clk_i (rise edge)
                                  0.000000    0.000000   clock source latency
   101    0.416943    0.000000    0.000000    0.000000 ^ clk_i (in)
                                                         clk_i (net)
                      0.039023    0.019512    0.019512 ^ _1054_/CLK (sg13g2_dfrbpq_1)
     3    0.055306    0.173677    0.289835    0.309347 v _1054_/Q (sg13g2_dfrbpq_1)
                                                         gpio_out[9] (net)
                      0.173677    0.000000    0.309347 v gpio_out[9] (out)
                                              0.309347   data arrival time

                                  0.000000    0.000000   clock clk_i (rise edge)
                                  0.000000    0.000000   clock network delay (propagated)
                                  0.100000    0.100000   clock uncertainty
                                  0.000000    0.100000   clock reconvergence pessimism
                                  0.000000    0.100000   output external delay
                                              0.100000   data required time
---------------------------------------------------------------------------------------------
                                              0.100000   data required time
                                             -0.309347   data arrival time
---------------------------------------------------------------------------------------------
                                              0.209347   slack (MET)


Startpoint: _1031_ (rising edge-triggered flip-flop clocked by clk_i)
Endpoint: s_axil_rdata[29] (output port clocked by clk_i)
Path Group: clk_i
Path Type: min

Fanout         Cap        Slew       Delay        Time   Description
---------------------------------------------------------------------------------------------
                                  0.000000    0.000000   clock clk_i (rise edge)
                                  0.000000    0.000000   clock source latency
   101    0.416943    0.000000    0.000000    0.000000 ^ clk_i (in)
                                                         clk_i (net)
                      0.044485    0.022242    0.022242 ^ _1031_/CLK (sg13g2_dfrbpq_1)
     2    0.052891    0.166474    0.287129    0.309371 v _1031_/Q (sg13g2_dfrbpq_1)
                                                         s_axil_rdata[29] (net)
                      0.166474    0.000000    0.309371 v s_axil_rdata[29] (out)
                                              0.309371   data arrival time

                                  0.000000    0.000000   clock clk_i (rise edge)
                                  0.000000    0.000000   clock network delay (propagated)
                                  0.100000    0.100000   clock uncertainty
                                  0.000000    0.100000   clock reconvergence pessimism
                                  0.000000    0.100000   output external delay
                                              0.100000   data required time
---------------------------------------------------------------------------------------------
                                              0.100000   data required time
                                             -0.309371   data arrival time
---------------------------------------------------------------------------------------------
                                              0.209371   slack (MET)


Startpoint: _1028_ (rising edge-triggered flip-flop clocked by clk_i)
Endpoint: s_axil_rdata[26] (output port clocked by clk_i)
Path Group: clk_i
Path Type: min

Fanout         Cap        Slew       Delay        Time   Description
---------------------------------------------------------------------------------------------
                                  0.000000    0.000000   clock clk_i (rise edge)
                                  0.000000    0.000000   clock source latency
   101    0.416943    0.000000    0.000000    0.000000 ^ clk_i (in)
                                                         clk_i (net)
                      0.044540    0.022270    0.022270 ^ _1028_/CLK (sg13g2_dfrbpq_1)
     2    0.052891    0.166474    0.287156    0.309426 v _1028_/Q (sg13g2_dfrbpq_1)
                                                         s_axil_rdata[26] (net)
                      0.166474    0.000000    0.309426 v s_axil_rdata[26] (out)
                                              0.309426   data arrival time

                                  0.000000    0.000000   clock clk_i (rise edge)
                                  0.000000    0.000000   clock network delay (propagated)
                                  0.100000    0.100000   clock uncertainty
                                  0.000000    0.100000   clock reconvergence pessimism
                                  0.000000    0.100000   output external delay
                                              0.100000   data required time
---------------------------------------------------------------------------------------------
                                              0.100000   data required time
                                             -0.309426   data arrival time
---------------------------------------------------------------------------------------------
                                              0.209426   slack (MET)


Startpoint: _1034_ (rising edge-triggered flip-flop clocked by clk_i)
Endpoint: s_axil_rvalid (output port clocked by clk_i)
Path Group: clk_i
Path Type: min

Fanout         Cap        Slew       Delay        Time   Description
---------------------------------------------------------------------------------------------
                                  0.000000    0.000000   clock clk_i (rise edge)
                                  0.000000    0.000000   clock source latency
   101    0.416943    0.000000    0.000000    0.000000 ^ clk_i (in)
                                                         clk_i (net)
                      0.045195    0.022597    0.022597 ^ _1034_/CLK (sg13g2_dfrbpq_1)
     2    0.052706    0.165920    0.287061    0.309658 v _1034_/Q (sg13g2_dfrbpq_1)
                                                         s_axil_rvalid (net)
                      0.165920    0.000000    0.309658 v s_axil_rvalid (out)
                                              0.309658   data arrival time

                                  0.000000    0.000000   clock clk_i (rise edge)
                                  0.000000    0.000000   clock network delay (propagated)
                                  0.100000    0.100000   clock uncertainty
                                  0.000000    0.100000   clock reconvergence pessimism
                                  0.000000    0.100000   output external delay
                                              0.100000   data required time
---------------------------------------------------------------------------------------------
                                              0.100000   data required time
                                             -0.309658   data arrival time
---------------------------------------------------------------------------------------------
                                              0.209658   slack (MET)


Startpoint: _1037_ (rising edge-triggered flip-flop clocked by clk_i)
Endpoint: gpio_out[24] (output port clocked by clk_i)
Path Group: clk_i
Path Type: min

Fanout         Cap        Slew       Delay        Time   Description
---------------------------------------------------------------------------------------------
                                  0.000000    0.000000   clock clk_i (rise edge)
                                  0.000000    0.000000   clock source latency
   101    0.416943    0.000000    0.000000    0.000000 ^ clk_i (in)
                                                         clk_i (net)
                      0.039422    0.019711    0.019711 ^ _1037_/CLK (sg13g2_dfrbpq_1)
     3    0.055306    0.173677    0.290027    0.309738 v _1037_/Q (sg13g2_dfrbpq_1)
                                                         gpio_out[24] (net)
                      0.173677    0.000000    0.309738 v gpio_out[24] (out)
                                              0.309738   data arrival time

                                  0.000000    0.000000   clock clk_i (rise edge)
                                  0.000000    0.000000   clock network delay (propagated)
                                  0.100000    0.100000   clock uncertainty
                                  0.000000    0.100000   clock reconvergence pessimism
                                  0.000000    0.100000   output external delay
                                              0.100000   data required time
---------------------------------------------------------------------------------------------
                                              0.100000   data required time
                                             -0.309738   data arrival time
---------------------------------------------------------------------------------------------
                                              0.209738   slack (MET)


Startpoint: _1055_ (rising edge-triggered flip-flop clocked by clk_i)
Endpoint: gpio_out[10] (output port clocked by clk_i)
Path Group: clk_i
Path Type: min

Fanout         Cap        Slew       Delay        Time   Description
---------------------------------------------------------------------------------------------
                                  0.000000    0.000000   clock clk_i (rise edge)
                                  0.000000    0.000000   clock source latency
   101    0.416943    0.000000    0.000000    0.000000 ^ clk_i (in)
                                                         clk_i (net)
                      0.039568    0.019784    0.019784 ^ _1055_/CLK (sg13g2_dfrbpq_1)
     3    0.055306    0.173677    0.290098    0.309882 v _1055_/Q (sg13g2_dfrbpq_1)
                                                         gpio_out[10] (net)
                      0.173677    0.000000    0.309882 v gpio_out[10] (out)
                                              0.309882   data arrival time

                                  0.000000    0.000000   clock clk_i (rise edge)
                                  0.000000    0.000000   clock network delay (propagated)
                                  0.100000    0.100000   clock uncertainty
                                  0.000000    0.100000   clock reconvergence pessimism
                                  0.000000    0.100000   output external delay
                                              0.100000   data required time
---------------------------------------------------------------------------------------------
                                              0.100000   data required time
                                             -0.309882   data arrival time
---------------------------------------------------------------------------------------------
                                              0.209882   slack (MET)


Startpoint: _1021_ (rising edge-triggered flip-flop clocked by clk_i)
Endpoint: s_axil_rdata[19] (output port clocked by clk_i)
Path Group: clk_i
Path Type: min

Fanout         Cap        Slew       Delay        Time   Description
---------------------------------------------------------------------------------------------
                                  0.000000    0.000000   clock clk_i (rise edge)
                                  0.000000    0.000000   clock source latency
   101    0.416943    0.000000    0.000000    0.000000 ^ clk_i (in)
                                                         clk_i (net)
                      0.045737    0.022868    0.022868 ^ _1021_/CLK (sg13g2_dfrbpq_1)
     2    0.052891    0.166474    0.287733    0.310602 v _1021_/Q (sg13g2_dfrbpq_1)
                                                         s_axil_rdata[19] (net)
                      0.166474    0.000000    0.310602 v s_axil_rdata[19] (out)
                                              0.310602   data arrival time

                                  0.000000    0.000000   clock clk_i (rise edge)
                                  0.000000    0.000000   clock network delay (propagated)
                                  0.100000    0.100000   clock uncertainty
                                  0.000000    0.100000   clock reconvergence pessimism
                                  0.000000    0.100000   output external delay
                                              0.100000   data required time
---------------------------------------------------------------------------------------------
                                              0.100000   data required time
                                             -0.310602   data arrival time
---------------------------------------------------------------------------------------------
                                              0.210602   slack (MET)


Startpoint: _1023_ (rising edge-triggered flip-flop clocked by clk_i)
Endpoint: s_axil_rdata[21] (output port clocked by clk_i)
Path Group: clk_i
Path Type: min

Fanout         Cap        Slew       Delay        Time   Description
---------------------------------------------------------------------------------------------
                                  0.000000    0.000000   clock clk_i (rise edge)
                                  0.000000    0.000000   clock source latency
   101    0.416943    0.000000    0.000000    0.000000 ^ clk_i (in)
                                                         clk_i (net)
                      0.046004    0.023002    0.023002 ^ _1023_/CLK (sg13g2_dfrbpq_1)
     2    0.052891    0.166474    0.287862    0.310864 v _1023_/Q (sg13g2_dfrbpq_1)
                                                         s_axil_rdata[21] (net)
                      0.166474    0.000000    0.310864 v s_axil_rdata[21] (out)
                                              0.310864   data arrival time

                                  0.000000    0.000000   clock clk_i (rise edge)
                                  0.000000    0.000000   clock network delay (propagated)
                                  0.100000    0.100000   clock uncertainty
                                  0.000000    0.100000   clock reconvergence pessimism
                                  0.000000    0.100000   output external delay
                                              0.100000   data required time
---------------------------------------------------------------------------------------------
                                              0.100000   data required time
                                             -0.310864   data arrival time
---------------------------------------------------------------------------------------------
                                              0.210864   slack (MET)


Startpoint: _1022_ (rising edge-triggered flip-flop clocked by clk_i)
Endpoint: s_axil_rdata[20] (output port clocked by clk_i)
Path Group: clk_i
Path Type: min

Fanout         Cap        Slew       Delay        Time   Description
---------------------------------------------------------------------------------------------
                                  0.000000    0.000000   clock clk_i (rise edge)
                                  0.000000    0.000000   clock source latency
   101    0.416943    0.000000    0.000000    0.000000 ^ clk_i (in)
                                                         clk_i (net)
                      0.046055    0.023027    0.023027 ^ _1022_/CLK (sg13g2_dfrbpq_1)
     2    0.052891    0.166474    0.287887    0.310914 v _1022_/Q (sg13g2_dfrbpq_1)
                                                         s_axil_rdata[20] (net)
                      0.166474    0.000000    0.310914 v s_axil_rdata[20] (out)
                                              0.310914   data arrival time

                                  0.000000    0.000000   clock clk_i (rise edge)
                                  0.000000    0.000000   clock network delay (propagated)
                                  0.100000    0.100000   clock uncertainty
                                  0.000000    0.100000   clock reconvergence pessimism
                                  0.000000    0.100000   output external delay
                                              0.100000   data required time
---------------------------------------------------------------------------------------------
                                              0.100000   data required time
                                             -0.310914   data arrival time
---------------------------------------------------------------------------------------------
                                              0.210914   slack (MET)


Startpoint: _1044_ (rising edge-triggered flip-flop clocked by clk_i)
Endpoint: gpio_out[31] (output port clocked by clk_i)
Path Group: clk_i
Path Type: min

Fanout         Cap        Slew       Delay        Time   Description
---------------------------------------------------------------------------------------------
                                  0.000000    0.000000   clock clk_i (rise edge)
                                  0.000000    0.000000   clock source latency
   101    0.416943    0.000000    0.000000    0.000000 ^ clk_i (in)
                                                         clk_i (net)
                      0.040637    0.020319    0.020319 ^ _1044_/CLK (sg13g2_dfrbpq_1)
     3    0.055306    0.173677    0.290614    0.310933 v _1044_/Q (sg13g2_dfrbpq_1)
                                                         gpio_out[31] (net)
                      0.173677    0.000000    0.310933 v gpio_out[31] (out)
                                              0.310933   data arrival time

                                  0.000000    0.000000   clock clk_i (rise edge)
                                  0.000000    0.000000   clock network delay (propagated)
                                  0.100000    0.100000   clock uncertainty
                                  0.000000    0.100000   clock reconvergence pessimism
                                  0.000000    0.100000   output external delay
                                              0.100000   data required time
---------------------------------------------------------------------------------------------
                                              0.100000   data required time
                                             -0.310933   data arrival time
---------------------------------------------------------------------------------------------
                                              0.210933   slack (MET)


Startpoint: _1025_ (rising edge-triggered flip-flop clocked by clk_i)
Endpoint: s_axil_rdata[23] (output port clocked by clk_i)
Path Group: clk_i
Path Type: min

Fanout         Cap        Slew       Delay        Time   Description
---------------------------------------------------------------------------------------------
                                  0.000000    0.000000   clock clk_i (rise edge)
                                  0.000000    0.000000   clock source latency
   101    0.416943    0.000000    0.000000    0.000000 ^ clk_i (in)
                                                         clk_i (net)
                      0.046250    0.023125    0.023125 ^ _1025_/CLK (sg13g2_dfrbpq_1)
     2    0.052891    0.166474    0.287981    0.311106 v _1025_/Q (sg13g2_dfrbpq_1)
                                                         s_axil_rdata[23] (net)
                      0.166474    0.000000    0.311106 v s_axil_rdata[23] (out)
                                              0.311106   data arrival time

                                  0.000000    0.000000   clock clk_i (rise edge)
                                  0.000000    0.000000   clock network delay (propagated)
                                  0.100000    0.100000   clock uncertainty
                                  0.000000    0.100000   clock reconvergence pessimism
                                  0.000000    0.100000   output external delay
                                              0.100000   data required time
---------------------------------------------------------------------------------------------
                                              0.100000   data required time
                                             -0.311106   data arrival time
---------------------------------------------------------------------------------------------
                                              0.211106   slack (MET)


Startpoint: _1029_ (rising edge-triggered flip-flop clocked by clk_i)
Endpoint: s_axil_rdata[27] (output port clocked by clk_i)
Path Group: clk_i
Path Type: min

Fanout         Cap        Slew       Delay        Time   Description
---------------------------------------------------------------------------------------------
                                  0.000000    0.000000   clock clk_i (rise edge)
                                  0.000000    0.000000   clock source latency
   101    0.416943    0.000000    0.000000    0.000000 ^ clk_i (in)
                                                         clk_i (net)
                      0.046400    0.023200    0.023200 ^ _1029_/CLK (sg13g2_dfrbpq_1)
     2    0.052891    0.166474    0.288053    0.311253 v _1029_/Q (sg13g2_dfrbpq_1)
                                                         s_axil_rdata[27] (net)
                      0.166474    0.000000    0.311253 v s_axil_rdata[27] (out)
                                              0.311253   data arrival time

                                  0.000000    0.000000   clock clk_i (rise edge)
                                  0.000000    0.000000   clock network delay (propagated)
                                  0.100000    0.100000   clock uncertainty
                                  0.000000    0.100000   clock reconvergence pessimism
                                  0.000000    0.100000   output external delay
                                              0.100000   data required time
---------------------------------------------------------------------------------------------
                                              0.100000   data required time
                                             -0.311253   data arrival time
---------------------------------------------------------------------------------------------
                                              0.211253   slack (MET)


Startpoint: _1033_ (rising edge-triggered flip-flop clocked by clk_i)
Endpoint: s_axil_rdata[31] (output port clocked by clk_i)
Path Group: clk_i
Path Type: min

Fanout         Cap        Slew       Delay        Time   Description
---------------------------------------------------------------------------------------------
                                  0.000000    0.000000   clock clk_i (rise edge)
                                  0.000000    0.000000   clock source latency
   101    0.416943    0.000000    0.000000    0.000000 ^ clk_i (in)
                                                         clk_i (net)
                      0.046420    0.023210    0.023210 ^ _1033_/CLK (sg13g2_dfrbpq_1)
     2    0.052891    0.166474    0.288063    0.311273 v _1033_/Q (sg13g2_dfrbpq_1)
                                                         s_axil_rdata[31] (net)
                      0.166474    0.000000    0.311273 v s_axil_rdata[31] (out)
                                              0.311273   data arrival time

                                  0.000000    0.000000   clock clk_i (rise edge)
                                  0.000000    0.000000   clock network delay (propagated)
                                  0.100000    0.100000   clock uncertainty
                                  0.000000    0.100000   clock reconvergence pessimism
                                  0.000000    0.100000   output external delay
                                              0.100000   data required time
---------------------------------------------------------------------------------------------
                                              0.100000   data required time
                                             -0.311273   data arrival time
---------------------------------------------------------------------------------------------
                                              0.211273   slack (MET)


Startpoint: _1060_ (rising edge-triggered flip-flop clocked by clk_i)
Endpoint: gpio_out[15] (output port clocked by clk_i)
Path Group: clk_i
Path Type: min

Fanout         Cap        Slew       Delay        Time   Description
---------------------------------------------------------------------------------------------
                                  0.000000    0.000000   clock clk_i (rise edge)
                                  0.000000    0.000000   clock source latency
   101    0.416943    0.000000    0.000000    0.000000 ^ clk_i (in)
                                                         clk_i (net)
                      0.041038    0.020519    0.020519 ^ _1060_/CLK (sg13g2_dfrbpq_1)
     3    0.055306    0.173677    0.290808    0.311327 v _1060_/Q (sg13g2_dfrbpq_1)
                                                         gpio_out[15] (net)
                      0.173677    0.000000    0.311327 v gpio_out[15] (out)
                                              0.311327   data arrival time

                                  0.000000    0.000000   clock clk_i (rise edge)
                                  0.000000    0.000000   clock network delay (propagated)
                                  0.100000    0.100000   clock uncertainty
                                  0.000000    0.100000   clock reconvergence pessimism
                                  0.000000    0.100000   output external delay
                                              0.100000   data required time
---------------------------------------------------------------------------------------------
                                              0.100000   data required time
                                             -0.311327   data arrival time
---------------------------------------------------------------------------------------------
                                              0.211327   slack (MET)


Startpoint: _1086_ (rising edge-triggered flip-flop clocked by clk_i)
Endpoint: gpio_dir[9] (output port clocked by clk_i)
Path Group: clk_i
Path Type: min

Fanout         Cap        Slew       Delay        Time   Description
---------------------------------------------------------------------------------------------
                                  0.000000    0.000000   clock clk_i (rise edge)
                                  0.000000    0.000000   clock source latency
   101    0.416943    0.000000    0.000000    0.000000 ^ clk_i (in)
                                                         clk_i (net)
                      0.041674    0.020837    0.020837 ^ _1086_/CLK (sg13g2_dfrbpq_1)
     3    0.055175    0.173285    0.290823    0.311660 v _1086_/Q (sg13g2_dfrbpq_1)
                                                         gpio_dir[9] (net)
                      0.173285    0.000000    0.311660 v gpio_dir[9] (out)
                                              0.311660   data arrival time

                                  0.000000    0.000000   clock clk_i (rise edge)
                                  0.000000    0.000000   clock network delay (propagated)
                                  0.100000    0.100000   clock uncertainty
                                  0.000000    0.100000   clock reconvergence pessimism
                                  0.000000    0.100000   output external delay
                                              0.100000   data required time
---------------------------------------------------------------------------------------------
                                              0.100000   data required time
                                             -0.311660   data arrival time
---------------------------------------------------------------------------------------------
                                              0.211660   slack (MET)


Startpoint: _1087_ (rising edge-triggered flip-flop clocked by clk_i)
Endpoint: gpio_dir[10] (output port clocked by clk_i)
Path Group: clk_i
Path Type: min

Fanout         Cap        Slew       Delay        Time   Description
---------------------------------------------------------------------------------------------
                                  0.000000    0.000000   clock clk_i (rise edge)
                                  0.000000    0.000000   clock source latency
   101    0.416943    0.000000    0.000000    0.000000 ^ clk_i (in)
                                                         clk_i (net)
                      0.041761    0.020881    0.020881 ^ _1087_/CLK (sg13g2_dfrbpq_1)
     3    0.055175    0.173285    0.290865    0.311746 v _1087_/Q (sg13g2_dfrbpq_1)
                                                         gpio_dir[10] (net)
                      0.173285    0.000000    0.311746 v gpio_dir[10] (out)
                                              0.311746   data arrival time

                                  0.000000    0.000000   clock clk_i (rise edge)
                                  0.000000    0.000000   clock network delay (propagated)
                                  0.100000    0.100000   clock uncertainty
                                  0.000000    0.100000   clock reconvergence pessimism
                                  0.000000    0.100000   output external delay
                                              0.100000   data required time
---------------------------------------------------------------------------------------------
                                              0.100000   data required time
                                             -0.311746   data arrival time
---------------------------------------------------------------------------------------------
                                              0.211746   slack (MET)


Startpoint: _1090_ (rising edge-triggered flip-flop clocked by clk_i)
Endpoint: gpio_dir[13] (output port clocked by clk_i)
Path Group: clk_i
Path Type: min

Fanout         Cap        Slew       Delay        Time   Description
---------------------------------------------------------------------------------------------
                                  0.000000    0.000000   clock clk_i (rise edge)
                                  0.000000    0.000000   clock source latency
   101    0.416943    0.000000    0.000000    0.000000 ^ clk_i (in)
                                                         clk_i (net)
                      0.041969    0.020985    0.020985 ^ _1090_/CLK (sg13g2_dfrbpq_1)
     3    0.055142    0.173187    0.290894    0.311878 v _1090_/Q (sg13g2_dfrbpq_1)
                                                         gpio_dir[13] (net)
                      0.173187    0.000000    0.311878 v gpio_dir[13] (out)
                                              0.311878   data arrival time

                                  0.000000    0.000000   clock clk_i (rise edge)
                                  0.000000    0.000000   clock network delay (propagated)
                                  0.100000    0.100000   clock uncertainty
                                  0.000000    0.100000   clock reconvergence pessimism
                                  0.000000    0.100000   output external delay
                                              0.100000   data required time
---------------------------------------------------------------------------------------------
                                              0.100000   data required time
                                             -0.311878   data arrival time
---------------------------------------------------------------------------------------------
                                              0.211878   slack (MET)


Startpoint: _1092_ (rising edge-triggered flip-flop clocked by clk_i)
Endpoint: gpio_dir[15] (output port clocked by clk_i)
Path Group: clk_i
Path Type: min

Fanout         Cap        Slew       Delay        Time   Description
---------------------------------------------------------------------------------------------
                                  0.000000    0.000000   clock clk_i (rise edge)
                                  0.000000    0.000000   clock source latency
   101    0.416943    0.000000    0.000000    0.000000 ^ clk_i (in)
                                                         clk_i (net)
                      0.042029    0.021014    0.021014 ^ _1092_/CLK (sg13g2_dfrbpq_1)
     3    0.055175    0.173285    0.290995    0.312009 v _1092_/Q (sg13g2_dfrbpq_1)
                                                         gpio_dir[15] (net)
                      0.173285    0.000000    0.312009 v gpio_dir[15] (out)
                                              0.312009   data arrival time

                                  0.000000    0.000000   clock clk_i (rise edge)
                                  0.000000    0.000000   clock network delay (propagated)
                                  0.100000    0.100000   clock uncertainty
                                  0.000000    0.100000   clock reconvergence pessimism
                                  0.000000    0.100000   output external delay
                                              0.100000   data required time
---------------------------------------------------------------------------------------------
                                              0.100000   data required time
                                             -0.312009   data arrival time
---------------------------------------------------------------------------------------------
                                              0.212009   slack (MET)


Startpoint: _1069_ (rising edge-triggered flip-flop clocked by clk_i)
Endpoint: gpio_dir[24] (output port clocked by clk_i)
Path Group: clk_i
Path Type: min

Fanout         Cap        Slew       Delay        Time   Description
---------------------------------------------------------------------------------------------
                                  0.000000    0.000000   clock clk_i (rise edge)
                                  0.000000    0.000000   clock source latency
   101    0.416943    0.000000    0.000000    0.000000 ^ clk_i (in)
                                                         clk_i (net)
                      0.042427    0.021214    0.021214 ^ _1069_/CLK (sg13g2_dfrbpq_1)
     3    0.055175    0.173285    0.291187    0.312401 v _1069_/Q (sg13g2_dfrbpq_1)
                                                         gpio_dir[24] (net)
                      0.173285    0.000000    0.312401 v gpio_dir[24] (out)
                                              0.312401   data arrival time

                                  0.000000    0.000000   clock clk_i (rise edge)
                                  0.000000    0.000000   clock network delay (propagated)
                                  0.100000    0.100000   clock uncertainty
                                  0.000000    0.100000   clock reconvergence pessimism
                                  0.000000    0.100000   output external delay
                                              0.100000   data required time
---------------------------------------------------------------------------------------------
                                              0.100000   data required time
                                             -0.312401   data arrival time
---------------------------------------------------------------------------------------------
                                              0.212401   slack (MET)


Startpoint: _1043_ (rising edge-triggered flip-flop clocked by clk_i)
Endpoint: gpio_out[30] (output port clocked by clk_i)
Path Group: clk_i
Path Type: min

Fanout         Cap        Slew       Delay        Time   Description
---------------------------------------------------------------------------------------------
                                  0.000000    0.000000   clock clk_i (rise edge)
                                  0.000000    0.000000   clock source latency
   101    0.416943    0.000000    0.000000    0.000000 ^ clk_i (in)
                                                         clk_i (net)
                      0.042206    0.021103    0.021103 ^ _1043_/CLK (sg13g2_dfrbpq_1)
     3    0.055306    0.173677    0.291371    0.312475 v _1043_/Q (sg13g2_dfrbpq_1)
                                                         gpio_out[30] (net)
                      0.173677    0.000000    0.312475 v gpio_out[30] (out)
                                              0.312475   data arrival time

                                  0.000000    0.000000   clock clk_i (rise edge)
                                  0.000000    0.000000   clock network delay (propagated)
                                  0.100000    0.100000   clock uncertainty
                                  0.000000    0.100000   clock reconvergence pessimism
                                  0.000000    0.100000   output external delay
                                              0.100000   data required time
---------------------------------------------------------------------------------------------
                                              0.100000   data required time
                                             -0.312475   data arrival time
---------------------------------------------------------------------------------------------
                                              0.212475   slack (MET)


Startpoint: _1038_ (rising edge-triggered flip-flop clocked by clk_i)
Endpoint: gpio_out[25] (output port clocked by clk_i)
Path Group: clk_i
Path Type: min

Fanout         Cap        Slew       Delay        Time   Description
---------------------------------------------------------------------------------------------
                                  0.000000    0.000000   clock clk_i (rise edge)
                                  0.000000    0.000000   clock source latency
   101    0.416943    0.000000    0.000000    0.000000 ^ clk_i (in)
                                                         clk_i (net)
                      0.043677    0.021839    0.021839 ^ _1038_/CLK (sg13g2_dfrbpq_1)
     3    0.055306    0.173677    0.292081    0.313920 v _1038_/Q (sg13g2_dfrbpq_1)
                                                         gpio_out[25] (net)
                      0.173677    0.000000    0.313920 v gpio_out[25] (out)
                                              0.313920   data arrival time

                                  0.000000    0.000000   clock clk_i (rise edge)
                                  0.000000    0.000000   clock network delay (propagated)
                                  0.100000    0.100000   clock uncertainty
                                  0.000000    0.100000   clock reconvergence pessimism
                                  0.000000    0.100000   output external delay
                                              0.100000   data required time
---------------------------------------------------------------------------------------------
                                              0.100000   data required time
                                             -0.313920   data arrival time
---------------------------------------------------------------------------------------------
                                              0.213920   slack (MET)


Startpoint: _1041_ (rising edge-triggered flip-flop clocked by clk_i)
Endpoint: gpio_out[28] (output port clocked by clk_i)
Path Group: clk_i
Path Type: min

Fanout         Cap        Slew       Delay        Time   Description
---------------------------------------------------------------------------------------------
                                  0.000000    0.000000   clock clk_i (rise edge)
                                  0.000000    0.000000   clock source latency
   101    0.416943    0.000000    0.000000    0.000000 ^ clk_i (in)
                                                         clk_i (net)
                      0.043875    0.021937    0.021937 ^ _1041_/CLK (sg13g2_dfrbpq_1)
     3    0.055306    0.173677    0.292177    0.314114 v _1041_/Q (sg13g2_dfrbpq_1)
                                                         gpio_out[28] (net)
                      0.173677    0.000000    0.314114 v gpio_out[28] (out)
                                              0.314114   data arrival time

                                  0.000000    0.000000   clock clk_i (rise edge)
                                  0.000000    0.000000   clock network delay (propagated)
                                  0.100000    0.100000   clock uncertainty
                                  0.000000    0.100000   clock reconvergence pessimism
                                  0.000000    0.100000   output external delay
                                              0.100000   data required time
---------------------------------------------------------------------------------------------
                                              0.100000   data required time
                                             -0.314114   data arrival time
---------------------------------------------------------------------------------------------
                                              0.214114   slack (MET)


Startpoint: _1042_ (rising edge-triggered flip-flop clocked by clk_i)
Endpoint: gpio_out[29] (output port clocked by clk_i)
Path Group: clk_i
Path Type: min

Fanout         Cap        Slew       Delay        Time   Description
---------------------------------------------------------------------------------------------
                                  0.000000    0.000000   clock clk_i (rise edge)
                                  0.000000    0.000000   clock source latency
   101    0.416943    0.000000    0.000000    0.000000 ^ clk_i (in)
                                                         clk_i (net)
                      0.043897    0.021948    0.021948 ^ _1042_/CLK (sg13g2_dfrbpq_1)
     3    0.055306    0.173677    0.292188    0.314136 v _1042_/Q (sg13g2_dfrbpq_1)
                                                         gpio_out[29] (net)
                      0.173677    0.000000    0.314136 v gpio_out[29] (out)
                                              0.314136   data arrival time

                                  0.000000    0.000000   clock clk_i (rise edge)
                                  0.000000    0.000000   clock network delay (propagated)
                                  0.100000    0.100000   clock uncertainty
                                  0.000000    0.100000   clock reconvergence pessimism
                                  0.000000    0.100000   output external delay
                                              0.100000   data required time
---------------------------------------------------------------------------------------------
                                              0.100000   data required time
                                             -0.314136   data arrival time
---------------------------------------------------------------------------------------------
                                              0.214136   slack (MET)


Startpoint: _1070_ (rising edge-triggered flip-flop clocked by clk_i)
Endpoint: gpio_dir[25] (output port clocked by clk_i)
Path Group: clk_i
Path Type: min

Fanout         Cap        Slew       Delay        Time   Description
---------------------------------------------------------------------------------------------
                                  0.000000    0.000000   clock clk_i (rise edge)
                                  0.000000    0.000000   clock source latency
   101    0.416943    0.000000    0.000000    0.000000 ^ clk_i (in)
                                                         clk_i (net)
                      0.044535    0.022267    0.022267 ^ _1070_/CLK (sg13g2_dfrbpq_1)
     3    0.055175    0.173285    0.292204    0.314472 v _1070_/Q (sg13g2_dfrbpq_1)
                                                         gpio_dir[25] (net)
                      0.173285    0.000000    0.314472 v gpio_dir[25] (out)
                                              0.314472   data arrival time

                                  0.000000    0.000000   clock clk_i (rise edge)
                                  0.000000    0.000000   clock network delay (propagated)
                                  0.100000    0.100000   clock uncertainty
                                  0.000000    0.100000   clock reconvergence pessimism
                                  0.000000    0.100000   output external delay
                                              0.100000   data required time
---------------------------------------------------------------------------------------------
                                              0.100000   data required time
                                             -0.314472   data arrival time
---------------------------------------------------------------------------------------------
                                              0.214472   slack (MET)


Startpoint: _1073_ (rising edge-triggered flip-flop clocked by clk_i)
Endpoint: gpio_dir[28] (output port clocked by clk_i)
Path Group: clk_i
Path Type: min

Fanout         Cap        Slew       Delay        Time   Description
---------------------------------------------------------------------------------------------
                                  0.000000    0.000000   clock clk_i (rise edge)
                                  0.000000    0.000000   clock source latency
   101    0.416943    0.000000    0.000000    0.000000 ^ clk_i (in)
                                                         clk_i (net)
                      0.044873    0.022437    0.022437 ^ _1073_/CLK (sg13g2_dfrbpq_1)
     3    0.055142    0.173187    0.292295    0.314732 v _1073_/Q (sg13g2_dfrbpq_1)
                                                         gpio_dir[28] (net)
                      0.173187    0.000000    0.314732 v gpio_dir[28] (out)
                                              0.314732   data arrival time

                                  0.000000    0.000000   clock clk_i (rise edge)
                                  0.000000    0.000000   clock network delay (propagated)
                                  0.100000    0.100000   clock uncertainty
                                  0.000000    0.100000   clock reconvergence pessimism
                                  0.000000    0.100000   output external delay
                                              0.100000   data required time
---------------------------------------------------------------------------------------------
                                              0.100000   data required time
                                             -0.314732   data arrival time
---------------------------------------------------------------------------------------------
                                              0.214732   slack (MET)


Startpoint: _1001_ (rising edge-triggered flip-flop clocked by clk_i)
Endpoint: s_axil_arready (output port clocked by clk_i)
Path Group: clk_i
Path Type: min

Fanout         Cap        Slew       Delay        Time   Description
---------------------------------------------------------------------------------------------
                                  0.000000    0.000000   clock clk_i (rise edge)
                                  0.000000    0.000000   clock source latency
   101    0.416943    0.000000    0.000000    0.000000 ^ clk_i (in)
                                                         clk_i (net)
                      0.045189    0.022594    0.022594 ^ _1001_/CLK (sg13g2_dfrbpq_1)
     4    0.056600    0.177538    0.295674    0.318269 v _1001_/Q (sg13g2_dfrbpq_1)
                                                         s_axil_arready (net)
                      0.177538    0.000000    0.318269 v s_axil_arready (out)
                                              0.318269   data arrival time

                                  0.000000    0.000000   clock clk_i (rise edge)
                                  0.000000    0.000000   clock network delay (propagated)
                                  0.100000    0.100000   clock uncertainty
                                  0.000000    0.100000   clock reconvergence pessimism
                                  0.000000    0.100000   output external delay
                                              0.100000   data required time
---------------------------------------------------------------------------------------------
                                              0.100000   data required time
                                             -0.318269   data arrival time
---------------------------------------------------------------------------------------------
                                              0.218269   slack (MET)


Startpoint: _1034_ (rising edge-triggered flip-flop clocked by clk_i)
Endpoint: _1034_ (rising edge-triggered flip-flop clocked by clk_i)
Path Group: clk_i
Path Type: min

Fanout         Cap        Slew       Delay        Time   Description
---------------------------------------------------------------------------------------------
                                  0.000000    0.000000   clock clk_i (rise edge)
                                  0.000000    0.000000   clock source latency
   101    0.416943    0.000000    0.000000    0.000000 ^ clk_i (in)
                                                         clk_i (net)
                      0.045195    0.022597    0.022597 ^ _1034_/CLK (sg13g2_dfrbpq_1)
     2    0.052706    0.165920    0.287061    0.309658 v _1034_/Q (sg13g2_dfrbpq_1)
                                                         s_axil_rvalid (net)
                      0.165920    0.000000    0.309658 v _0726_/C (sg13g2_nand3b_1)
     1    0.003231    0.031502    0.087333    0.396992 ^ _0726_/Y (sg13g2_nand3b_1)
                                                         _0243_ (net)
                      0.031502    0.000026    0.397018 ^ _0727_/B (sg13g2_nand2_1)
     1    0.001846    0.024080    0.042728    0.439746 v _0727_/Y (sg13g2_nand2_1)
                                                         _0033_ (net)
                      0.024080    0.000013    0.439758 v _1034_/D (sg13g2_dfrbpq_1)
                                              0.439758   data arrival time

                                  0.000000    0.000000   clock clk_i (rise edge)
                                  0.000000    0.000000   clock source latency
   101    0.462132    0.000000    0.000000    0.000000 ^ clk_i (in)
                                                         clk_i (net)
                      0.050149    0.025074    0.025074 ^ _1034_/CLK (sg13g2_dfrbpq_1)
                                  0.100000    0.125074   clock uncertainty
                                 -0.002477    0.122597   clock reconvergence pessimism
                                 -0.029390    0.093208   library hold time
                                              0.093208   data required time
---------------------------------------------------------------------------------------------
                                              0.093208   data required time
                                             -0.439758   data arrival time
---------------------------------------------------------------------------------------------
                                              0.346551   slack (MET)


Startpoint: _1035_ (rising edge-triggered flip-flop clocked by clk_i)
Endpoint: s_axil_wready (output port clocked by clk_i)
Path Group: clk_i
Path Type: min

Fanout         Cap        Slew       Delay        Time   Description
---------------------------------------------------------------------------------------------
                                  0.000000    0.000000   clock clk_i (rise edge)
                                  0.000000    0.000000   clock source latency
   101    0.416943    0.000000    0.000000    0.000000 ^ clk_i (in)
                                                         clk_i (net)
                      0.016028    0.008014    0.008014 ^ _1035_/CLK (sg13g2_dfrbpq_1)
     5    0.060153    0.188132    0.289454    0.297467 v _1035_/Q (sg13g2_dfrbpq_1)
                                                         s_axil_awready (net)
                      0.188132    0.000000    0.297467 v _1207_/A (sg13g2_buf_1)
     1    0.050000    0.160446    0.225901    0.523369 v _1207_/X (sg13g2_buf_1)
                                                         s_axil_wready (net)
                      0.160446    0.000000    0.523369 v s_axil_wready (out)
                                              0.523369   data arrival time

                                  0.000000    0.000000   clock clk_i (rise edge)
                                  0.000000    0.000000   clock network delay (propagated)
                                  0.100000    0.100000   clock uncertainty
                                  0.000000    0.100000   clock reconvergence pessimism
                                  0.000000    0.100000   output external delay
                                              0.100000   data required time
---------------------------------------------------------------------------------------------
                                              0.100000   data required time
                                             -0.523369   data arrival time
---------------------------------------------------------------------------------------------
                                              0.423369   slack (MET)


Startpoint: s_axil_arvalid (input port clocked by clk_i)
Endpoint: _1001_ (rising edge-triggered flip-flop clocked by clk_i)
Path Group: clk_i
Path Type: min

Fanout         Cap        Slew       Delay        Time   Description
---------------------------------------------------------------------------------------------
                                  0.000000    0.000000   clock clk_i (rise edge)
                                  0.000000    0.000000   clock network delay (propagated)
                                  0.000000    0.000000 v input external delay
     2    0.009343    0.021540    0.006689    0.006689 v s_axil_arvalid (in)
                                                         s_axil_arvalid (net)
                      0.021541    0.000000    0.006689 v _0591_/B_N (sg13g2_nor2b_1)
    33    0.138124    0.431811    0.364269    0.370958 v _0591_/Y (sg13g2_nor2b_1)
                                                         _0141_ (net)
                      0.431813    0.000825    0.371783 v _0593_/B (sg13g2_nand2_1)
     2    0.005830    0.033349    0.125197    0.496980 ^ _0593_/Y (sg13g2_nand2_1)
                                                         _0143_ (net)
                      0.033349    0.000033    0.497013 ^ _0594_/A (sg13g2_inv_1)
     1    0.001983    0.015720    0.026132    0.523145 v _0594_/Y (sg13g2_inv_1)
                                                         _0000_ (net)
                      0.015720    0.000015    0.523161 v _1001_/D (sg13g2_dfrbpq_1)
                                              0.523161   data arrival time

                                  0.000000    0.000000   clock clk_i (rise edge)
                                  0.000000    0.000000   clock source latency
   101    0.462132    0.000000    0.000000    0.000000 ^ clk_i (in)
                                                         clk_i (net)
                      0.050142    0.025071    0.025071 ^ _1001_/CLK (sg13g2_dfrbpq_1)
                                  0.100000    0.125071   clock uncertainty
                                  0.000000    0.125071   clock reconvergence pessimism
                                 -0.026736    0.098335   library hold time
                                              0.098335   data required time
---------------------------------------------------------------------------------------------
                                              0.098335   data required time
                                             -0.523161   data arrival time
---------------------------------------------------------------------------------------------
                                              0.424826   slack (MET)


Startpoint: s_axil_wvalid (input port clocked by clk_i)
Endpoint: _1035_ (rising edge-triggered flip-flop clocked by clk_i)
Path Group: clk_i
Path Type: min

Fanout         Cap        Slew       Delay        Time   Description
---------------------------------------------------------------------------------------------
                                  0.000000    0.000000   clock clk_i (rise edge)
                                  0.000000    0.000000   clock network delay (propagated)
                                  0.000000    0.000000 v input external delay
     3    0.010480    0.022296    0.007409    0.007409 v s_axil_wvalid (in)
                                                         s_axil_wvalid (net)
                      0.022296    0.000000    0.007409 v _0728_/A (sg13g2_nand2_1)
     2    0.005749    0.032674    0.037516    0.044925 ^ _0728_/Y (sg13g2_nand2_1)
                                                         _0244_ (net)
                      0.032674    0.000030    0.044955 ^ _0729_/C (sg13g2_nor3_1)
    65    0.250391    0.738317    0.556002    0.600957 v _0729_/Y (sg13g2_nor3_1)
                                                         _0245_ (net)
                      0.738492    0.009646    0.610604 v _0731_/B (sg13g2_and2_1)
     1    0.001669    0.017249    0.210913    0.821517 v _0731_/X (sg13g2_and2_1)
                                                         _0034_ (net)
                      0.017249    0.000010    0.821526 v _1035_/D (sg13g2_dfrbpq_1)
                                              0.821526   data arrival time

                                  0.000000    0.000000   clock clk_i (rise edge)
                                  0.000000    0.000000   clock source latency
   101    0.462132    0.000000    0.000000    0.000000 ^ clk_i (in)
                                                         clk_i (net)
                      0.017786    0.008893    0.008893 ^ _1035_/CLK (sg13g2_dfrbpq_1)
                                  0.100000    0.108893   clock uncertainty
                                  0.000000    0.108893   clock reconvergence pessimism
                                 -0.033975    0.074918   library hold time
                                              0.074918   data required time
---------------------------------------------------------------------------------------------
                                              0.074918   data required time
                                             -0.821526   data arrival time
---------------------------------------------------------------------------------------------
                                              0.746608   slack (MET)



