net,length_um
clknet_0_clk_i,1.65988mm
net63,1.26998mm
net64,1.253925mm
net65,1.230375mm
net66,1.226735mm
net67,1.187985mm
net68,1.17649mm
net39,1.16577mm
net40,1.143905mm
net41,1.1158mm
net42,1.100405mm
net43,1.08691mm
net44,1.059185mm
net45,1.05086mm
net46,1.029855mm
net47,1.00036mm
net141,995.265µm
net48,989.255µm
net49,966.5µm
net50,954.865µm
net51,930.05µm
net520,929.635µm
net52,918.19µm
net351,889.695µm
net53,881.24µm
net54,872.61µm
net685,865.49µm
net328,861.51µm
net55,860.87µm
net56,839.355µm
net57,828.875µm
net1377,820.63µm
net455,811.655µm
net315,806.73µm
net58,796.87µm
net325,784.93µm
net60,783.145µm
net467,778.83µm
_03852_,778.685µm
net62,776.56µm
net457,771.785µm
net354,771.62µm
net273,767.495µm
net419,764.64µm
net61,762.51µm
net318,751.185µm
net779,745.915µm
net350,740.825µm
net461,735.59µm
net309,733.535µm
net456,727.735µm
net990,726.25µm
net314,723.79µm
net278,713.99µm
net324,713.965µm
net1224,705.595µm
net448,698.845µm
_00004_,697.94µm
net343,696.255µm
net790,691.685µm
net264,685.025µm
net460,684.855µm
net59,681.53µm
net277,681.38µm
net1402,680.605µm
net422,675.12µm
net683,674.785µm
net466,671.47µm
net420,670.545µm
net348,670.315µm
net262,668.91µm
net271,665.06µm
net70,664.88µm
net333,664.625µm
net1,661.74µm
net304,661.01µm
net424,660.72µm
net261,660.215µm
net425,653.785µm
net764,652.57µm
net323,650.515µm
net451,648.205µm
net312,646.73µm
net427,646.63µm
net449,645.345µm
net91,639.91µm
net423,639.49µm
net310,636.995µm
net1378,636.32µm
net338,635.09µm
net274,634.9µm
net767,633.64µm
net443,633.39µm
net428,632.8µm
net453,631.84µm
net371,630.565µm
net396,629.99µm
net417,627.695µm
net437,627.175µm
net432,625.85µm
net276,623.835µm
net459,623.51µm
net344,622.83µm
net413,622.44µm
net345,621.51µm
net370,618.89µm
net308,616.045µm
net265,615.23µm
net538,613.71µm
net475,612.92µm
net365,610.43µm
net707,608.95µm
net452,606.86µm
net366,606.455µm
net319,605.98µm
net447,605.175µm
net429,605.01µm
net347,603.525µm
net471,601.385µm
net517,599.8µm
net465,599.14µm
net446,598.565µm
net359,597.495µm
net401,595.97µm
net434,593.49µm
net778,592.4µm
net766,592.32µm
_02812_,588.84µm
net355,588.06µm
net454,587.84µm
net270,587.565µm
net342,587.44µm
net353,586.16µm
net375,583.95µm
net313,583.42µm
net1336,583.235µm
net680,582.76µm
net445,582.08µm
net431,581.33µm
net444,580.855µm
net327,580.815µm
clk_i,579.72µm
net436,576.845µm
net670,572.56µm
net908,572.13µm
net317,571.29µm
net349,569.915µm
net341,565.41µm
_02842_,564.97µm
net372,564.08µm
net418,560.85µm
_04039_,559.23µm
net702,558.925µm
net450,557.13µm
net305,554.36µm
net266,552.515µm
_02965_,552.32µm
net400,551.43µm
net440,550.65µm
net612,549.83µm
net397,547.53µm
net272,544.725µm
net1228,543.525µm
net902,541.67µm
net334,541.095µm
_03004_,540.32µm
_02874_,537.855µm
net474,535.545µm
net776,533.6µm
net1209,532.92µm
net329,532.49µm
net360,530.615µm
_00001_,529.78µm
net774,528.475µm
net1225,528.355µm
net358,525.595µm
net438,521.45µm
net433,521.28µm
net94,519.55µm
net369,512.89µm
net684,512.09µm
_00007_,511.765µm
net421,510.22µm
net439,508.815µm
net339,508.415µm
net635,508.37µm
net1001,504.915µm
net713,501.925µm
net340,500.82µm
net426,496.235µm
net1222,491.995µm
net430,489.87µm
net311,488.02µm
net330,486.365µm
net1227,485.16µm
net263,484.85µm
net1216,484.18µm
net435,483.875µm
net564,483.27µm
net768,483.265µm
_02991_,482.845µm
net785,482.83µm
net469,479.475µm
net463,475.975µm
net316,474.16µm
net242,472.38µm
net1000,471.2µm
net783,468.85µm
net332,462.335µm
_02988_,456.205µm
net275,456.16µm
net588,455.325µm
net752,454.91µm
net281,454.52µm
net414,453.84µm
_02807_,452.25µm
_03995_,450.37µm
net1229,448.115µm
_05151_,447.9µm
net777,447.22µm
_05073_,447.19µm
_01588_,446.23µm
net854,444.26µm
_02984_,443.905µm
_02848_,443.8µm
net335,443.54µm
net1207,442.19µm
_00000_,441.51µm
net769,439.29µm
net1096,438.05µm
net770,437.32µm
net337,436.555µm
net886,433.34µm
_00006_,433.17µm
net1210,431.775µm
net782,430.755µm
_04193_,430.7µm
net27,430.47µm
u_picorv32.picorv32_core.cpu_state\[3\],430.18µm
net442,429.345µm
net1114,428.68µm
net763,426.74µm
_02864_,426.57µm
net805,425.72µm
u_picorv32.picorv32_core.decoded_imm\[14\],423.94µm
net712,423.82µm
net609,423.59µm
_02832_,423.225µm
clknet_5_26__leaf_clk_i,423.035µm
_03948_,422.66µm
net896,422.375µm
net638,421.465µm
net673,420.1µm
net518,419.82µm
net326,417.925µm
net1129,417.905µm
_02996_,415.705µm
net1360,414.73µm
net706,414.41µm
_02982_,414.26µm
net721,414.205µm
_02995_,413.555µm
u_picorv32.picorv32_core.decoded_imm\[30\],413.455µm
net19,412.815µm
net1246,412.385µm
_03351_,411.67µm
net364,411.415µm
net346,410.64µm
net490,410.47µm
net894,409.225µm
net1213,408.935µm
net1126,408.385µm
net1093,407.325µm
_04393_,406.22µm
u_picorv32.picorv32_core.decoded_imm\[7\],404.895µm
net1072,404.71µm
u_picorv32.picorv32_core.reg_pc\[11\],404.555µm
net1401,403.855µm
net661,403.115µm
net787,402.715µm
net1221,401.685µm
u_picorv32.pcpi_rs2\[23\],401.54µm
net1219,400.985µm
net416,399.53µm
net515,397.965µm
net773,396.535µm
_04969_,395.55µm
_02691_,395.42µm
net780,395.195µm
net929,394.27µm
_05138_,394.05µm
net1205,393.865µm
net519,393.185µm
net1078,392.81µm
net781,391.74µm
_02983_,391.305µm
net24,391.035µm
net1204,390.465µm
_00009_,390.38µm
_05228_,389.24µm
net775,388.46µm
_05871_,388.31µm
net18,388.31µm
net320,388.01µm
net569,387.435µm
net356,386.875µm
net472,386.665µm
net1111,386.335µm
net269,385.35µm
net1277,385.345µm
_05086_,385.26µm
_03020_,384.44µm
_03864_,384.09µm
_02910_,384.07µm
_04369_,383.89µm
_04996_,383.61µm
net786,382.855µm
net1002,382.54µm
net1108,382.49µm
net1201,380.34µm
net352,380.045µm
net926,379.3µm
net1212,378.59µm
_05557_,377.9µm
_04982_,377.53µm
net760,377.145µm
net470,376.56µm
_00003_,376.065µm
_05177_,375.97µm
net362,374.825µm
_02932_,374.79µm
_02803_,373.62µm
net22,373.445µm
net16,373.2µm
_02981_,372.64µm
net367,372.36µm
u_picorv32.picorv32_core.decoded_imm\[28\],370.475µm
net689,370.3µm
clknet_5_27__leaf_clk_i,370.28µm
net729,370.205µm
_01657_,369.72µm
net237,369.2µm
net671,368.89µm
_02994_,368.85µm
u_picorv32.picorv32_core.decoded_imm\[22\],368.11µm
net267,368.02µm
net819,366.98µm
net102,366.97µm
net409,366.375µm
net321,365.39µm
u_picorv32.pcpi_rs2\[22\],365.225µm
net1135,365.22µm
_01618_,362.05µm
_00005_,361.84µm
_02852_,361.03µm
net17,360.885µm
u_picorv32.pcpi_rs2\[20\],360.8µm
net481,360.545µm
net716,360.52µm
net1138,360.52µm
net705,360.44µm
net13,360µm
net868,359.775µm
net1372,359.44µm
u_picorv32.picorv32_core.decoded_imm\[11\],359.005µm
net1220,358.555µm
u_picorv32.picorv32_core.decoded_imm_j\[11\],358.225µm
net14,358.215µm
u_picorv32.picorv32_core.mem_rdata_q\[14\],358.08µm
u_picorv32.picorv32_core.decoded_imm\[23\],357.76µm
net21,357.605µm
net1087,357.185µm
net25,356.655µm
_02885_,355.26µm
net23,354.86µm
net1394,354.375µm
net279,354.29µm
net1084,353.25µm
u_picorv32.pcpi_rs2\[19\],352.13µm
net681,351.83µm
net458,350.6µm
net516,350.04µm
clknet_5_24__leaf_clk_i,349.705µm
u_picorv32.pcpi_rs2\[26\],349.49µm
net561,349.33µm
_02870_,349.16µm
_01615_,347.605µm
net464,347.43µm
net1081,347.22µm
u_picorv32.picorv32_core.decoder_trigger,346.175µm
net1104,346.12µm
_05482_,346.06µm
net701,345.83µm
_05021_,344.15µm
net1335,343.675µm
clknet_5_18__leaf_clk_i,343.46µm
net28,342.54µm
_04459_,342.025µm
u_picorv32.picorv32_core.decoded_imm\[20\],341.615µm
net636,341.25µm
net374,341.125µm
net38,340.74µm
net12,340.53µm
net694,340.14µm
net711,340.02µm
net1306,339.585µm
_02859_,339.15µm
u_picorv32.picorv32_core.decoded_imm\[26\],339.005µm
net1169,338.845µm
u_picorv32.picorv32_core.latched_branch,338.405µm
_04324_,338.065µm
net20,337.21µm
net708,337.055µm
_02997_,336.58µm
u_picorv32.pcpi_rs2\[27\],336.01µm
net331,335.74µm
_02956_,335.44µm
u_picorv32.pcpi_rs2\[29\],334.45µm
net280,334.185µm
net717,334.165µm
net11,333.91µm
u_picorv32.picorv32_core.reg_pc\[1\],333.8µm
net1231,333.555µm
net998,333.09µm
u_picorv32.picorv32_core.decoded_imm\[10\],332.715µm
net336,332.545µm
net307,331.865µm
_02695_,330.88µm
net697,330.57µm
_04235_,330.21µm
_02898_,329.94µm
net910,329.575µm
_04260_,329.41µm
net789,329.05µm
net710,328.9µm
net1211,328.515µm
net1010,328.48µm
_02818_,327.985µm
net1024,327.92µm
net1260,327.41µm
net930,327.17µm
net574,325.88µm
net639,325.63µm
net837,325.535µm
_02798_,324.57µm
net1100,324.38µm
clknet_5_31__leaf_clk_i,324.355µm
u_picorv32.picorv32_core.decoded_imm\[27\],323.245µm
net618,322.88µm
_04598_,322.33µm
_03905_,321.915µm
net682,321.29µm
u_picorv32.picorv32_core.decoded_imm\[8\],320.625µm
net368,318.935µm
net1120,318.17µm
net101,317.47µm
net462,317.04µm
_05099_,316.99µm
_03000_,316.265µm
net1199,315.825µm
net357,314.94µm
clknet_5_16__leaf_clk_i,314.525µm
net468,313.77µm
net1173,313.485µm
net483,313.255µm
u_picorv32.picorv32_core.is_lui_auipc_jal,312.615µm
_02999_,312.555µm
net914,311.36µm
u_picorv32.pcpi_rs2\[28\],310.815µm
_01609_,310.77µm
net656,309.005µm
net1070,308.99µm
net322,308.775µm
_04941_,308.64µm
net1040,308.555µm
_01614_,308.55µm
net887,308.415µm
net919,307.85µm
u_picorv32.picorv32_core.decoded_imm\[25\],307.795µm
net583,306.585µm
net473,306.015µm
net399,305.315µm
net1164,304.41µm
_04304_,304.21µm
_05726_,303.64µm
_04090_,303.465µm
u_picorv32.pcpi_rs1\[27\],303.23µm
net1090,303.22µm
net709,303.16µm
net245,302.99µm
_02837_,302.76µm
net1223,302.635µm
net1123,302.565µm
net1074,302.44µm
net659,302.315µm
u_picorv32.picorv32_core.decoded_imm\[18\],302.205µm
_02822_,302.1µm
u_picorv32.pcpi_rs1\[21\],302.01µm
_02998_,301.405µm
clknet_5_25__leaf_clk_i,301.375µm
net692,301.32µm
net838,300.295µm
net1013,300.2µm
net605,299.735µm
_02325_,299.29µm
net480,298.825µm
_05778_,298.48µm
_03350_,298.3µm
net1279,297.215µm
net586,297.075µm
net901,296.215µm
u_picorv32.picorv32_core.decoded_imm\[17\],295.99µm
u_picorv32.picorv32_core.decoded_imm\[13\],295.945µm
_04232_,295.58µm
clknet_5_6__leaf_clk_i,294.65µm
_01885_,293.595µm
net1359,293.505µm
u_picorv32.pcpi_rs2\[21\],292.47µm
u_picorv32.picorv32_core.decoded_imm\[15\],292.215µm
net1160,291.725µm
clknet_5_4__leaf_clk_i,291.58µm
_04881_,290.29µm
net36,289.94µm
clknet_5_20__leaf_clk_i,289.785µm
u_picorv32.picorv32_core.decoded_imm\[19\],289.34µm
u_picorv32.picorv32_core.decoded_imm_j\[3\],288.975µm
net1200,288.7µm
_02694_,288.58µm
net655,287.93µm
net415,287.125µm
net1203,286.6µm
_05749_,285.18µm
net1373,284.84µm
net1334,284.28µm
u_picorv32.picorv32_core.decoded_imm\[24\],283.26µm
net715,282.935µm
net687,282.91µm
net668,282.69µm
_03001_,282.67µm
net1291,282.58µm
_05928_,282.37µm
net103,282.01µm
clknet_5_12__leaf_clk_i,281.21µm
_01656_,280.965µm
_01681_,280.27µm
_05707_,279.8µm
net1012,279.79µm
net1055,279.73µm
clknet_5_28__leaf_clk_i,279.17µm
net1233,278.855µm
_02904_,278.82µm
clknet_5_19__leaf_clk_i,278.715µm
net1152,278.61µm
net608,277.825µm
net441,277.21µm
net1244,276.835µm
u_picorv32.pcpi_rs1\[10\],276.79µm
_05215_,275.82µm
u_picorv32.picorv32_core.reg_pc\[8\],275.205µm
net1079,274.51µm
net548,274.375µm
u_picorv32.pcpi_rs2\[24\],274.37µm
net552,274.045µm
_05763_,274.03µm
net865,273.89µm
net1136,273.67µm
net698,272.97µm
_05732_,272.94µm
net796,272.915µm
net599,272.29µm
_01771_,271.7µm
net1117,271.595µm
net863,271.315µm
_04573_,271.08µm
net1278,270.72µm
net722,269.99µm
u_picorv32.pcpi_rs2\[15\],269.73µm
clknet_5_29__leaf_clk_i,269.65µm
u_picorv32.picorv32_core.alu_out\[18\],269.61µm
u_picorv32.picorv32_core.decoded_imm\[29\],269.3µm
_05890_,268.975µm
u_picorv32.pcpi_rs2\[31\],268.96µm
net597,268.79µm
clknet_5_2__leaf_clk_i,268.47µm
net714,268.05µm
net913,267.98µm
net306,267.97µm
_03842_,267.13µm
net1218,267.04µm
net631,266.94µm
_01769_,266.635µm
net888,265.59µm
net1133,265.51µm
_03904_,264.74µm
net1194,264.71µm
net808,264.68µm
net1215,264.67µm
clknet_5_23__leaf_clk_i,264.595µm
_05571_,264.56µm
net653,264.505µm
net897,264.325µm
net1242,264.11µm
net997,264.04µm
clknet_5_13__leaf_clk_i,263.55µm
u_picorv32.pcpi_rs2\[18\],263.235µm
net1127,263.01µm
net845,262.935µm
_05948_,262.93µm
net996,262.895µm
net765,262.495µm
_05737_,262.38µm
u_picorv32.picorv32_core.decoded_imm\[12\],262.355µm
net604,261.89µm
net484,261.76µm
net488,261.47µm
_05009_,261.41µm
clknet_5_10__leaf_clk_i,260.625µm
net756,260.455µm
clknet_5_5__leaf_clk_i,260.35µm
_01613_,259.36µm
_05758_,259.36µm
u_picorv32.picorv32_core.reg_pc\[21\],259.17µm
net1389,259.015µm
net1226,258.735µm
_05112_,258.5µm
clknet_5_11__leaf_clk_i,258.405µm
net966,257.735µm
net1251,256.64µm
_02827_,256.57µm
_05706_,256.435µm
net1214,256.32µm
net408,255.825µm
net628,255.485µm
clknet_5_7__leaf_clk_i,254.815µm
_04129_,254.605µm
net1122,254.355µm
net1374,254.33µm
net758,253.925µm
clknet_5_21__leaf_clk_i,253.755µm
u_picorv32.pcpi_rs1\[29\],253.715µm
net989,253.6µm
u_picorv32.picorv32_core.reg_out\[26\],252.955µm
u_picorv32.picorv32_core.mem_rdata_q\[25\],252.74µm
net1237,252.715µm
net999,252.43µm
net841,252.38µm
u_picorv32.pcpi_rs2\[30\],252.3µm
net1130,252.225µm
net398,251.805µm
net792,251.805µm
net993,251.64µm
_04956_,251.58µm
net932,250.76µm
net688,250.05µm
net814,249.735µm
_05202_,249.63µm
net816,249.285µm
clknet_5_0__leaf_clk_i,249.285µm
_05593_,248.96µm
_04109_,248.865µm
net747,248.775µm
clknet_5_17__leaf_clk_i,248.63µm
net1217,248.625µm
net971,248.145µm
net1124,247.82µm
net691,247.81µm
net1068,247.025µm
net216,246.91µm
net857,246.685µm
_04528_,246.505µm
net215,246.48µm
net850,246.315µm
net803,246.21µm
net883,245.84µm
u_picorv32.picorv32_core.latched_rd\[2\],245.81µm
_01970_,245.145µm
net690,244.355µm
net1283,244.255µm
net1162,244.24µm
clknet_5_22__leaf_clk_i,244.175µm
net554,244.04µm
net898,243.665µm
net1245,243.63µm
net1265,243.475µm
u_picorv32.pcpi_rs2\[14\],243.425µm
net720,243.065µm
net1116,242.69µm
net1113,242.62µm
u_picorv32.picorv32_core.mem_rdata_q\[24\],242.365µm
net268,241.975µm
u_picorv32.picorv32_core.decoded_imm_j\[2\],241.355µm
net1274,240.95µm
_02973_,240.8µm
net830,240.605µm
net1172,240.38µm
net1230,240.21µm
u_picorv32.picorv32_core.is_alu_reg_imm,240.125µm
u_picorv32.pcpi_rs2\[16\],239.905µm
net801,239.735µm
_02880_,239.67µm
net1077,239.65µm
u_picorv32.picorv32_core.latched_rd\[0\],239.505µm
net1195,239.435µm
net373,239.375µm
u_picorv32.picorv32_core.latched_rd\[3\],239.29µm
net664,238.595µm
net1147,238.57µm
net1350,238.53µm
u_picorv32.picorv32_core.reg_pc\[20\],238.44µm
clknet_5_8__leaf_clk_i,238.17µm
net851,237.885µm
net959,237.64µm
net620,237.55µm
net879,237.425µm
net584,237.39µm
net686,236.725µm
net878,236.615µm
_05268_,236.31µm
net1270,236.28µm
net1145,236.24µm
_05047_,235.93µm
_05478_,235.7µm
net363,235.05µm
net498,234.92µm
clknet_5_15__leaf_clk_i,234.76µm
net1206,234.56µm
net1354,234.45µm
clknet_5_30__leaf_clk_i,234.28µm
u_picorv32.picorv32_core.reg_out\[24\],233.95µm
net1343,233.755µm
_01670_,233.615µm
net1238,233.265µm
_03849_,233.23µm
net825,233.135µm
net1043,232.955µm
_05100_,232.94µm
net1110,232.91µm
net489,232.805µm
_05522_,232.35µm
_05545_,232.34µm
net852,232.3µm
net1243,232.045µm
net829,232.005µm
net970,231.87µm
net1018,231.82µm
net874,231.805µm
_05787_,231.48µm
net603,230.955µm
net1075,230.425µm
net866,230.25µm
net719,230.005µm
net940,229.52µm
u_picorv32.picorv32_core.decoded_imm\[31\],229.04µm
net853,228.85µm
u_picorv32.picorv32_core.reg_pc\[17\],228.795µm
_02972_,228.775µm
_05510_,228.73µm
net1255,228.305µm
_05125_,228.19µm
_02921_,228.07µm
net1089,227.805µm
net804,227.75µm
net679,227.315µm
net1400,226.89µm
net855,226.71µm
net1017,226.41µm
net1282,226.12µm
net550,226.085µm
net833,226.07µm
u_picorv32.picorv32_core.reg_pc\[31\],226.03µm
net1254,226.015µm
net802,225.895µm
net536,225.77µm
net1361,225.51µm
clknet_5_3__leaf_clk_i,225.2µm
net900,225.165µm
net834,224.955µm
net1125,224.82µm
u_picorv32.pcpi_rs2\[25\],224.66µm
net1261,224.535µm
net952,224.5µm
net407,223.97µm
_05495_,223.46µm
u_picorv32.pcpi_rs1\[2\],223.315µm
net570,223.235µm
net875,222.945µm
u_picorv32.pcpi_rs2\[17\],222.875µm
net784,222.62µm
_05800_,222.54µm
u_picorv32.picorv32_core.reg_out\[23\],222.465µm
net820,222.325µm
net859,222.075µm
u_picorv32.axi_adapter.mem_instr,222.02µm
net1109,221.685µm
net806,221.59µm
net860,221.335µm
_01697_,220.875µm
net1082,220.73µm
u_picorv32.picorv32_core.latched_rd\[4\],220.68µm
net700,220.575µm
net629,220.38µm
net1112,220.03µm
_02974_,219.85µm
net703,219.85µm
net1076,219.79µm
net761,218.9µm
net240,218.73µm
net1066,218.63µm
_04737_,218.53µm
net1062,218.19µm
net1286,217.82µm
net1247,217.63µm
net1236,217.52µm
net811,217.51µm
net1003,217.36µm
_02969_,217.18µm
net1257,216.785µm
net869,216.61µm
net1252,216.565µm
net826,216.245µm
net1337,216.04µm
net955,215.96µm
net1382,215.96µm
net1073,215.83µm
u_picorv32.picorv32_core.decoded_imm\[6\],214.87µm
u_picorv32.picorv32_core.reg_pc\[14\],214.11µm
u_picorv32.pcpi_rs2\[9\],213.915µm
net625,213.665µm
_05113_,213.56µm
net1085,213.42µm
_02796_,213.39µm
net580,212.93µm
net547,212.83µm
u_picorv32.picorv32_core.instr_jalr,212.56µm
net1364,212.285µm
net573,211.965µm
net772,211.82µm
net848,211.53µm
net788,211.425µm
net627,211.265µm
net1349,211.15µm
u_picorv32.pcpi_rs2\[5\],210.79µm
net647,210.595µm
net893,210.1µm
u_picorv32.pcpi_rs2\[13\],209.915µm
net1273,209.4µm
net1249,209.22µm
net839,208.995µm
net948,208.975µm
net1269,208.325µm
net1141,208.12µm
net817,208.06µm
net791,207.77µm
_01931_,207.715µm
net1339,207.63µm
u_picorv32.picorv32_core.decoded_imm\[0\],207.595µm
_05074_,207.49µm
_05280_,207.49µm
_00030_,207.26µm
net751,207.045µm
net361,206.59µm
net566,206.325µm
net535,206.265µm
net1119,206.165µm
net1143,205.835µm
net1183,205.65µm
net899,205.035µm
net909,204.985µm
net1232,204.74µm
net882,204.655µm
net748,204.605µm
net592,204.46µm
net840,204.375µm
net1266,204.36µm
net487,203.76µm
net660,202.6µm
net1385,202.405µm
net499,202.385µm
_01420_,201.73µm
net771,201.54µm
_05896_,200.84µm
_01935_,200.67µm
_02615_,200.19µm
net949,199.955µm
clknet_5_1__leaf_clk_i,199.815µm
net677,199.785µm
net797,199.78µm
net1174,199.635µm
net1353,199.51µm
u_picorv32.pcpi_rs2\[4\],199.245µm
net695,198.575µm
_01704_,198.44µm
net1023,198.375µm
_05405_,198.31µm
u_picorv32.pcpi_rs1\[4\],198.22µm
net576,198.2µm
net1118,197.96µm
net846,197.905µm
net844,197.89µm
net1121,197.68µm
net1259,197.555µm
net1015,197.1µm
net795,196.815µm
u_picorv32.picorv32_core.reg_out\[22\],196.765µm
_03091_,196.565µm
_01775_,196.545µm
net544,196.325µm
net1264,195.975µm
net1287,195.735µm
clknet_5_14__leaf_clk_i,194.905µm
_04998_,194.76µm
net693,194.625µm
u_picorv32.pcpi_rs2\[0\],194.265µm
net937,194.225µm
_01962_,194.15µm
net991,194.125µm
_02911_,193.94µm
net877,193.75µm
u_picorv32.picorv32_core.decoded_imm\[5\],193.23µm
net567,193.1µm
net1348,193.08µm
net1158,193.01µm
net822,192.64µm
net699,192.44µm
u_picorv32.picorv32_core.instr_ori,192.395µm
net934,192.37µm
_02915_,192.31µm
net871,192.16µm
net1039,192.03µm
net967,192.025µm
net571,191.565µm
net3078,191.4µm
net1268,191.05µm
net798,190.8µm
net1371,190.655µm
net1170,190.335µm
_05152_,190.08µm
net652,189.92µm
_04064_,189.85µm
net545,189.745µm
_05384_,189.66µm
_05332_,189.54µm
_05203_,189.36µm
net1296,189.075µm
net917,189.03µm
net1369,188.715µm
net596,188.685µm
_05345_,188.64µm
net1150,188.62µm
net675,188.56µm
net936,188.43µm
clknet_5_9__leaf_clk_i,188.37µm
net549,188.23µm
net862,188.045µm
_05415_,187.95µm
u_picorv32.picorv32_core.count_cycle\[61\],187.875µm
_05352_,187.61µm
u_picorv32.pcpi_rs1\[1\],187.46µm
u_picorv32.picorv32_core.latched_rd\[1\],187.445µm
net1262,187.42µm
_05048_,187.33µm
_04672_,186.925µm
u_picorv32.picorv32_core.decoded_imm_j\[14\],186.655µm
net650,186.6µm
net1365,186.57µm
net759,186.4µm
u_picorv32.picorv32_core.reg_out\[19\],186.26µm
_05061_,185.9µm
_05373_,185.35µm
net1036,185.3µm
_01967_,184.94µm
net728,184.94µm
net1240,184.845µm
net607,184.67µm
net621,184.6µm
u_picorv32.picorv32_core.reg_pc\[13\],184.06µm
net667,184.055µm
net799,183.685µm
net810,183.38µm
net614,182.78µm
u_picorv32.picorv32_core.reg_pc\[19\],182.475µm
net1091,182.33µm
net514,182.105µm
net1347,181.965µm
_02899_,181.95µm
net828,181.6µm
net1071,181.36µm
net1198,181.26µm
net963,181.24µm
u_picorv32.pcpi_rs2\[8\],180.91µm
net1272,180.86µm
net1139,180.655µm
net1302,180.395µm
net243,179.595µm
net1292,179.495µm
net1063,179.125µm
net755,179.11µm
_05466_,179µm
_05060_,178.905µm
net1054,178.835µm
u_picorv32.picorv32_core.instr_or,178.605µm
_01920_,178.48µm
_05190_,178.48µm
net648,178.43µm
_01919_,178.425µm
_05087_,178.41µm
net1025,178.35µm
u_picorv32.pcpi_rs1\[0\],178.27µm
u_picorv32.picorv32_core.decoded_imm_j\[12\],178.27µm
net847,178.085µm
u_picorv32.picorv32_core.decoded_imm\[3\],178.025µm
net575,177.71µm
net1011,177.71µm
net537,177.5µm
u_picorv32.pcpi_rs1\[28\],177.43µm
_05776_,177.31µm
net1065,176.91µm
net969,176.865µm
u_picorv32.picorv32_core.reg_pc\[6\],176.84µm
net738,176.795µm
net1140,176.725µm
_02990_,176.64µm
u_picorv32.picorv32_core.decoded_imm\[4\],176.335µm
_05216_,176.29µm
net244,175.645µm
net726,175.535µm
net813,175.5µm
_05748_,175.14µm
u_picorv32.picorv32_core.alu_out_q\[17\],175.08µm
net920,174.72µm
net1171,174.55µm
net1325,174.545µm
net3054,174.42µm
_05178_,174.03µm
net1020,173.97µm
net1258,173.93µm
u_picorv32.picorv32_core.is_lb_lh_lw_lbu_lhu,173.835µm
u_picorv32.picorv32_core.decoded_imm_j\[13\],173.755µm
net1294,173.68µm
net1341,173.555µm
u_picorv32.picorv32_core.decoded_imm_j\[5\],173.23µm
u_picorv32.picorv32_core.mem_wordsize\[1\],173.02µm
clknet_leaf_176_clk_i,172.995µm
_05459_,172.71µm
net1381,172.625µm
u_picorv32.picorv32_core.latched_is_lb,172.54µm
net1094,172.265µm
net1049,172.13µm
u_picorv32.picorv32_core.alu_out\[31\],171.86µm
net406,171.785µm
u_picorv32.picorv32_core.reg_pc\[30\],171.72µm
net1380,170.99µm
net3067,170.65µm
net832,170.39µm
_01941_,170.325µm
net1248,170.08µm
_02905_,169.95µm
_05797_,169.92µm
u_picorv32.pcpi_rs2\[7\],169.77µm
net1099,169.76µm
net1387,169.625µm
_01774_,169.36µm
net1239,169.22µm
net1310,169.055µm
net1031,169.035µm
u_picorv32.pcpi_rs2\[11\],168.85µm
net1088,168.795µm
_01922_,168.325µm
_02938_,168.21µm
net3063,167.83µm
_03339_,167.68µm
net1352,167.6µm
u_picorv32.picorv32_core.alu_out_q\[16\],167.42µm
net3073,167.36µm
_05165_,167.31µm
_02892_,167.16µm
net1168,166.97µm
net3057,166.88µm
_05696_,166.76µm
net542,166.465µm
clknet_leaf_129_clk_i,166.305µm
u_picorv32.picorv32_core.latched_stalu,166.28µm
net402,166.245µm
net493,166.06µm
net3047,165.79µm
net1137,165.67µm
net1208,165.485µm
_02922_,165.39µm
_01927_,165.385µm
_05594_,165.25µm
clknet_leaf_81_clk_i,165.17µm
u_picorv32.picorv32_core.latched_is_lh,164.925µm
clknet_leaf_79_clk_i,164.375µm
net742,164.36µm
net285,164.35µm
net1396,164.31µm
_02916_,164.29µm
net1290,164.27µm
net824,164.18µm
net873,164.18µm
_05446_,163.98µm
net1202,163.775µm
u_picorv32.picorv32_core.reg_pc\[23\],163.69µm
u_picorv32.pcpi_rs2\[3\],163.635µm
net1115,163.43µm
net572,163.265µm
net513,163.17µm
_04062_,163.15µm
_05893_,163.15µm
_02345_,162.945µm
_02611_,162.365µm
_01809_,162.18µm
_02861_,162.18µm
u_picorv32.picorv32_core.mem_rdata_q\[27\],162.025µm
net539,162µm
_05242_,161.78µm
_05348_,161.67µm
net1375,161.52µm
clknet_leaf_82_clk_i,161.445µm
net633,161.235µm
net956,160.99µm
net1376,160.75µm
net594,160.73µm
net740,160.39µm
_05364_,160.32µm
net881,159.975µm
u_picorv32.picorv32_core.is_beq_bne_blt_bge_bltu_bgeu,159.915µm
_05560_,159.765µm
_04113_,159.55µm
_04644_,159.55µm
net658,159.535µm
clknet_leaf_18_clk_i,159.055µm
u_picorv32.pcpi_rs2\[10\],159.02µm
net3071,158.89µm
u_picorv32.picorv32_core.reg_out\[20\],158.79µm
net922,158.775µm
net958,158.585µm
net1366,158.495µm
net890,158.155µm
net2,158.06µm
u_picorv32.picorv32_core.mem_rdata_q\[2\],158.035µm
net616,157.935µm
net757,157.885µm
_05347_,157.86µm
_01850_,157.63µm
net3049,157.63µm
_02474_,157.57µm
net385,157.57µm
net1285,157.465µm
net734,157.45µm
net1388,157.445µm
net1328,157.25µm
net1048,157.03µm
_05191_,156.78µm
net1329,156.76µm
net241,156.565µm
net1069,156.425µm
net1107,156.21µm
net637,155.99µm
_04168_,155.89µm
net1340,155.875µm
_05609_,155.55µm
net994,155.475µm
net995,155.25µm
u_picorv32.picorv32_core.reg_pc\[7\],155.235µm
net3075,155.05µm
u_picorv32.pcpi_rs1\[6\],154.97µm
_05599_,154.58µm
net739,154.415µm
_03112_,154.245µm
net534,153.685µm
net152,153.635µm
net1134,153.625µm
_05658_,153.56µm
net223,153.455µm
net249,153.44µm
_02616_,153.335µm
net540,153.27µm
net1316,153.16µm
net598,153.025µm
u_picorv32.picorv32_core.reg_out\[21\],152.46µm
_04502_,152.4µm
net579,152.375µm
net497,152.355µm
net1041,152.165µm
_05241_,152.16µm
net624,151.835µm
net527,151.62µm
net257,151.385µm
net3034,151.21µm
_01988_,151.085µm
_05229_,150.97µm
_05799_,150.91µm
net1315,150.87µm
_02089_,150.665µm
_05164_,150.24µm
_02115_,150.13µm
net543,150.09µm
net9,149.95µm
net794,149.84µm
net593,149.81µm
net1176,149.77µm
clknet_leaf_101_clk_i,149.735µm
net964,149.575µm
_05575_,149.41µm
net632,149.37µm
net1362,149.31µm
u_picorv32.picorv32_core.reg_out\[30\],148.57µm
net749,148.455µm
net1324,148.335µm
net1009,148.235µm
_04984_,148.13µm
net1263,148.11µm
_03089_,147.915µm
clknet_leaf_80_clk_i,147.835µm
net924,147.78µm
_05856_,147.735µm
net1144,147.635µm
net485,147.055µm
net479,146.84µm
net1384,146.825µm
net225,146.775µm
net617,146.755µm
net160,146.7µm
net176,146.65µm
net1046,146.65µm
u_picorv32.picorv32_core.reg_pc\[22\],146.535µm
net1307,146.24µm
net737,146.09µm
_06001_,145.81µm
u_picorv32.pcpi_rs1\[15\],145.76µm
net193,145.76µm
clknet_leaf_139_clk_i,145.76µm
net1058,145.75µm
_01937_,145.73µm
clknet_leaf_59_clk_i,145.68µm
net1386,145.52µm
net171,145.435µm
net1345,145.415µm
u_picorv32.picorv32_core.instr_srai,145.32µm
_03183_,145.29µm
net300,145.27µm
u_picorv32.picorv32_core.count_cycle\[21\],145.14µm
u_picorv32.picorv32_core.reg_out\[17\],145.1µm
net619,144.955µm
net904,144.685µm
clknet_leaf_145_clk_i,144.685µm
u_picorv32.picorv32_core.is_sb_sh_sw,144.47µm
net3045,144.45µm
net745,144.355µm
clknet_leaf_131_clk_i,144.17µm
_00002_,144.14µm
net403,143.775µm
_05431_,143.77µm
clknet_leaf_135_clk_i,143.74µm
clknet_leaf_120_clk_i,143.69µm
net1383,143.685µm
net674,143.335µm
_01969_,143.245µm
net809,143.14µm
clknet_leaf_98_clk_i,142.745µm
net230,142.565µm
u_picorv32.picorv32_core.reg_pc\[29\],142.555µm
net1235,142.555µm
net1092,142.39µm
_05622_,142.35µm
net132,142.29µm
net1379,142.12µm
net1030,141.975µm
net1101,141.905µm
_05597_,141.775µm
net662,141.07µm
_02868_,140.975µm
net1298,140.97µm
u_picorv32.picorv32_core.reg_pc\[5\],140.9µm
_05878_,140.885µm
_05785_,140.84µm
_04046_,140.83µm
u_picorv32.picorv32_core.mem_rdata_q\[22\],140.83µm
net1303,140.74µm
net744,140.65µm
net208,140.61µm
_01545_,140.6µm
net836,140.06µm
net1367,139.965µm
net582,139.785µm
net1370,139.655µm
net946,139.615µm
net732,139.31µm
net162,139.225µm
net581,139.155µm
net1288,138.63µm
_05035_,138.62µm
clknet_leaf_123_clk_i,138.28µm
net1297,138.15µm
_05997_,138.12µm
_01551_,138.01µm
net807,137.995µm
_02804_,137.735µm
_05783_,137.57µm
net210,137.41µm
net1021,137.315µm
net551,137.135µm
net602,137.005µm
clknet_leaf_133_clk_i,136.965µm
_05995_,136.8µm
net935,136.78µm
net931,136.685µm
u_picorv32.picorv32_core.alu_out_q\[19\],136.63µm
net1175,136.625µm
net750,136.46µm
_04641_,136.33µm
u_picorv32.picorv32_core.instr_xori,136.105µm
u_picorv32.picorv32_core.is_alu_reg_reg,136.02µm
clknet_leaf_111_clk_i,135.875µm
net495,135.785µm
net585,135.745µm
_03639_,135.69µm
net1281,135.675µm
net295,135.615µm
net284,135.565µm
net289,135.285µm
net173,135.275µm
u_picorv32.picorv32_core.alu_out\[15\],135.26µm
u_picorv32.picorv32_core.instr_rdinstr,135.225µm
_02793_,135.21µm
net1106,135.11µm
_04927_,134.82µm
net892,134.63µm
net1165,134.62µm
_05644_,134.47µm
clknet_leaf_169_clk_i,134.34µm
_02108_,134.24µm
_05937_,134.23µm
_05633_,134.07µm
u_picorv32.picorv32_core.reg_out\[7\],134.035µm
net858,134.025µm
net294,133.72µm
net927,133.67µm
clknet_leaf_100_clk_i,133.36µm
net156,133.295µm
net939,133.23µm
net146,132.93µm
clknet_leaf_122_clk_i,132.87µm
clknet_leaf_109_clk_i,132.66µm
_03381_,132.6µm
net204,132.39µm
net921,132.215µm
net3059,131.96µm
net288,131.5µm
net157,131.41µm
u_picorv32.picorv32_core.mem_rdata_q\[26\],131.375µm
net1132,131.3µm
_01403_,131.275µm
clknet_leaf_142_clk_i,131.25µm
_05993_,131.11µm
u_picorv32.picorv32_core.instr_sra,131.09µm
net1391,131µm
net3069,130.99µm
net645,130.97µm
clknet_leaf_193_clk_i,130.76µm
_02950_,130.69µm
net1346,130.6µm
net1080,130.345µm
net144,130.19µm
net947,130.18µm
net1363,130.11µm
_01974_,129.97µm
clknet_leaf_127_clk_i,129.945µm
net912,129.935µm
net1142,129.9µm
_05685_,129.66µm
clknet_leaf_143_clk_i,129.35µm
net1323,129.28µm
_02149_,129.27µm
net1026,129.205µm
u_picorv32.picorv32_core.alu_out\[14\],129.02µm
net1305,128.7µm
net864,128.685µm
u_picorv32.picorv32_core.mem_rdata_q\[28\],128.66µm
_01672_,128.545µm
_02871_,128.545µm
net247,128.49µm
net746,128.36µm
clknet_leaf_92_clk_i,128.335µm
net815,128.215µm
_05711_,128.17µm
u_picorv32.picorv32_core.alu_out\[11\],128.17µm
net297,128.165µm
clknet_leaf_184_clk_i,128.1µm
net169,128.05µm
clknet_leaf_141_clk_i,128.01µm
net906,127.86µm
net727,127.825µm
_01940_,127.795µm
net725,127.69µm
net10,127.67µm
net672,127.455µm
net509,127.33µm
net1280,127.115µm
clknet_leaf_149_clk_i,127.06µm
u_picorv32.picorv32_core.decoded_imm_j\[1\],127.04µm
clknet_leaf_147_clk_i,127µm
u_picorv32.picorv32_core.alu_out\[27\],126.99µm
clknet_leaf_177_clk_i,126.84µm
net252,126.8µm
net933,126.76µm
net1047,126.735µm
_02808_,126.525µm
net1103,126.495µm
net1326,126.495µm
_01549_,126.415µm
clknet_leaf_203_clk_i,126.33µm
_05774_,126.31µm
net494,126.275µm
clknet_leaf_97_clk_i,126.205µm
net1342,126.015µm
net626,126.01µm
net843,125.9µm
_03038_,125.895µm
net1189,125.83µm
net1250,125.715µm
clknet_leaf_128_clk_i,125.685µm
net477,125.475µm
net1059,125.4µm
net613,125.355µm
_05672_,125.34µm
_01966_,125.305µm
u_picorv32.picorv32_core.reg_out\[0\],125.26µm
net248,125.21µm
u_picorv32.picorv32_core.count_cycle\[38\],125.05µm
net217,125.005µm
net895,125.005µm
net523,124.9µm
net1300,124.865µm
net1395,124.755µm
net1330,124.75µm
net1014,124.625µm
u_picorv32.picorv32_core.reg_pc\[15\],124.58µm
net577,124.565µm
net180,123.995µm
net595,123.83µm
_05999_,123.825µm
net384,123.605µm
net1033,123.425µm
net718,123.25µm
net1331,123.24µm
_05546_,123.19µm
net611,123.01µm
clknet_leaf_26_clk_i,122.95µm
u_picorv32.picorv32_core.reg_pc\[25\],122.945µm
_05034_,122.94µm
net623,122.91µm
net221,122.86µm
_03532_,122.765µm
_05255_,122.64µm
clknet_leaf_164_clk_i,122.63µm
clknet_leaf_63_clk_i,122.61µm
u_picorv32.picorv32_core.cpu_state\[1\],122.45µm
net1102,122.38µm
clknet_leaf_16_clk_i,122.305µm
clknet_leaf_50_clk_i,122.19µm
_04379_,122.17µm
net529,122.03µm
net211,121.95µm
net392,121.885µm
net1005,121.845µm
u_picorv32.picorv32_core.alu_out\[26\],121.83µm
_05710_,121.75µm
clknet_leaf_125_clk_i,121.73µm
_03122_,121.705µm
_05725_,121.68µm
net942,121.68µm
u_picorv32.picorv32_core.count_instr\[15\],121.62µm
clknet_leaf_6_clk_i,121.48µm
_01548_,121.38µm
clknet_leaf_146_clk_i,121.36µm
u_picorv32.picorv32_core.instr_bge,121.345µm
net524,121.255µm
clknet_leaf_5_clk_i,121.155µm
net202,121.095µm
_05898_,120.995µm
net1019,120.975µm
_04171_,120.97µm
_02143_,120.885µm
net1398,120.88µm
net965,120.59µm
net1276,120.385µm
clknet_leaf_0_clk_i,120.27µm
_05761_,120.24µm
net164,120.21µm
net389,120.2µm
net1032,120.04µm
_01784_,119.985µm
net950,119.96µm
net821,119.765µm
net260,119.715µm
clknet_leaf_152_clk_i,119.555µm
net219,119.48µm
net943,119.47µm
net410,119.445µm
net1313,119.365µm
net1105,119.34µm
clknet_leaf_140_clk_i,119.2µm
_05917_,119.04µm
net187,119.035µm
net741,119.02µm
u_picorv32.picorv32_core.count_instr\[34\],118.705µm
clknet_leaf_38_clk_i,118.615µm
net856,118.475µm
net525,118.28µm
_03192_,118.07µm
net1151,117.97µm
_03373_,117.91µm
net188,117.785µm
net172,117.735µm
net938,117.645µm
net676,117.635µm
net143,117.575µm
net383,117.555µm
net8,117.5µm
net183,117.345µm
net1034,117.17µm
clknet_leaf_34_clk_i,117.12µm
_03099_,116.93µm
net387,116.92µm
u_picorv32.picorv32_core.alu_out_q\[0\],116.85µm
_05712_,116.83µm
clknet_leaf_161_clk_i,116.67µm
net376,116.61µm
_05022_,116.59µm
clknet_leaf_10_clk_i,116.57µm
clknet_leaf_204_clk_i,116.53µm
net559,116.525µm
_02131_,116.515µm
clknet_leaf_64_clk_i,116.44µm
_02612_,116.295µm
_05991_,116.16µm
net191,116.11µm
u_picorv32.picorv32_core.decoded_imm_j\[17\],116.04µm
net880,116.04µm
net961,115.94µm
_03392_,115.925µm
net951,115.835µm
net182,115.735µm
u_picorv32.picorv32_core.mem_rdata_q\[21\],115.705µm
net395,115.65µm
net1146,115.575µm
_05916_,115.45µm
clknet_leaf_117_clk_i,115.445µm
clknet_leaf_74_clk_i,115.215µm
_02167_,115.21µm
_05010_,115.21µm
u_picorv32.pcpi_rs1\[5\],115.2µm
clknet_leaf_197_clk_i,115.13µm
net184,115.085µm
net885,115.04µm
u_picorv32.picorv32_core.decoded_imm_j\[19\],115.025µm
clknet_leaf_28_clk_i,115.015µm
clknet_leaf_108_clk_i,115µm
net299,114.995µm
clknet_leaf_19_clk_i,114.98µm
net500,114.905µm
clknet_leaf_192_clk_i,114.9µm
net615,114.885µm
clknet_leaf_106_clk_i,114.795µm
clknet_leaf_191_clk_i,114.66µm
net411,114.56µm
clknet_leaf_20_clk_i,114.55µm
clknet_leaf_198_clk_i,114.53µm
clknet_leaf_182_clk_i,114.395µm
clknet_leaf_170_clk_i,114.38µm
_05989_,114.36µm
u_picorv32.pcpi_rs2\[2\],114.36µm
u_picorv32.picorv32_core.decoded_imm\[2\],114.345µm
clknet_leaf_72_clk_i,114.195µm
_04852_,114.18µm
net478,114.18µm
_01936_,114.145µm
net286,114.135µm
_01627_,113.975µm
net181,113.935µm
clknet_leaf_55_clk_i,113.88µm
clknet_leaf_126_clk_i,113.805µm
net630,113.745µm
clknet_leaf_4_clk_i,113.74µm
clknet_leaf_165_clk_i,113.69µm
clknet_leaf_166_clk_i,113.68µm
net651,113.49µm
clknet_leaf_73_clk_i,113.33µm
clknet_leaf_175_clk_i,113.275µm
net907,113.265µm
net298,113.255µm
_02944_,113.24µm
clknet_leaf_60_clk_i,113.16µm
clknet_leaf_85_clk_i,113.08µm
net227,113.06µm
net165,113.005µm
clknet_leaf_136_clk_i,112.715µm
net186,112.695µm
clknet_leaf_196_clk_i,112.69µm
clknet_leaf_153_clk_i,112.685µm
_05780_,112.68µm
_02838_,112.615µm
clknet_leaf_75_clk_i,112.15µm
net404,112.03µm
net168,112.025µm
net923,112.015µm
clknet_leaf_30_clk_i,112.015µm
clknet_leaf_180_clk_i,112.01µm
net179,111.99µm
net195,111.84µm
net1284,111.765µm
net546,111.685µm
clknet_leaf_137_clk_i,111.66µm
net296,111.575µm
_05853_,111.53µm
clknet_leaf_8_clk_i,111.46µm
_05974_,111.44µm
clknet_leaf_31_clk_i,111.385µm
net228,111.355µm
net282,111.305µm
clknet_leaf_134_clk_i,111.305µm
net1356,111.155µm
net224,111.145µm
net735,111.11µm
clknet_leaf_132_clk_i,111.08µm
net174,111.02µm
net1159,110.995µm
clknet_leaf_71_clk_i,110.9µm
_04377_,110.89µm
u_picorv32.picorv32_core.alu_out\[7\],110.85µm
net380,110.77µm
u_picorv32.picorv32_core.mem_rdata_q\[29\],110.695µm
u_picorv32.picorv32_core.count_cycle\[36\],110.63µm
clknet_4_4_0_clk_i,110.47µm
clknet_leaf_3_clk_i,110.35µm
clknet_leaf_40_clk_i,110.255µm
clknet_leaf_66_clk_i,110.22µm
clknet_leaf_178_clk_i,110.085µm
net229,110.075µm
net170,110.065µm
net1241,110.045µm
net199,110.035µm
clknet_leaf_11_clk_i,110.03µm
net530,109.98µm
net206,109.965µm
_02272_,109.92µm
net657,109.9µm
clknet_leaf_150_clk_i,109.9µm
clknet_leaf_32_clk_i,109.875µm
clknet_leaf_49_clk_i,109.83µm
_01997_,109.74µm
clknet_leaf_186_clk_i,109.71µm
clknet_leaf_62_clk_i,109.635µm
clknet_leaf_194_clk_i,109.565µm
net1256,109.47µm
_05746_,109.44µm
net678,109.225µm
net159,109.175µm
net213,109.13µm
net379,109.125µm
net253,109.095µm
clknet_leaf_159_clk_i,108.925µm
clknet_leaf_43_clk_i,108.91µm
net1053,108.89µm
_04433_,108.84µm
net1097,108.66µm
net634,108.51µm
clknet_leaf_201_clk_i,108.51µm
net203,108.505µm
net482,108.405µm
net644,108.38µm
clknet_leaf_42_clk_i,108.325µm
_05587_,108.32µm
net1052,108.275µm
clknet_leaf_155_clk_i,108.235µm
net1057,108.21µm
_05724_,108.13µm
net1050,108.125µm
_02962_,108µm
clknet_leaf_22_clk_i,107.985µm
net872,107.96µm
_01400_,107.95µm
net666,107.945µm
net1128,107.915µm
net189,107.825µm
clknet_leaf_115_clk_i,107.815µm
clknet_leaf_29_clk_i,107.81µm
net870,107.78µm
clknet_leaf_35_clk_i,107.78µm
_03379_,107.725µm
net916,107.72µm
net1267,107.715µm
net155,107.705µm
_02331_,107.66µm
net643,107.555µm
net200,107.485µm
_03435_,107.345µm
u_picorv32.picorv32_core.reg_pc\[12\],107.3µm
u_picorv32.picorv32_core.mem_rdata_q\[20\],107.29µm
net1098,107.24µm
_05319_,107.22µm
net222,107.17µm
clknet_leaf_105_clk_i,107.165µm
clknet_leaf_174_clk_i,107.095µm
net889,107.09µm
net250,107µm
net587,106.915µm
net1327,106.84µm
net382,106.825µm
net1061,106.535µm
_03363_,106.52µm
clknet_4_12_0_clk_i,106.5µm
net1148,106.445µm
net1295,106.22µm
net226,106.095µm
clknet_leaf_52_clk_i,106.075µm
clknet_leaf_171_clk_i,106.065µm
u_picorv32.pcpi_rs2\[12\],106.035µm
clknet_leaf_116_clk_i,105.935µm
clknet_leaf_23_clk_i,105.87µm
u_picorv32.pcpi_rs2\[6\],105.855µm
net194,105.815µm
u_picorv32.picorv32_core.count_instr\[16\],105.79µm
net578,105.745µm
clknet_4_5_0_clk_i,105.73µm
net1308,105.65µm
net1035,105.645µm
net1007,105.52µm
_02902_,105.495µm
net812,105.495µm
net491,105.44µm
clknet_leaf_173_clk_i,105.43µm
clknet_leaf_121_clk_i,105.39µm
_01944_,105.3µm
clknet_leaf_172_clk_i,105.265µm
net511,105.155µm
clknet_leaf_69_clk_i,105.1µm
net823,105.045µm
net158,105µm
_03085_,104.97µm
u_picorv32.picorv32_core.decoded_imm_j\[9\],104.685µm
net1042,104.63µm
net246,104.37µm
clknet_leaf_93_clk_i,104.31µm
net236,104.295µm
_01739_,104.24µm
net733,104.235µm
net1333,104.175µm
net831,104.165µm
_02372_,104.09µm
net153,103.935µm
clknet_leaf_130_clk_i,103.915µm
net957,103.905µm
_02252_,103.86µm
u_picorv32.picorv32_core.alu_out\[13\],103.74µm
net1358,103.69µm
net1027,103.57µm
net142,103.55µm
net238,103.445µm
_03538_,103.41µm
net835,103.37µm
net1095,103.29µm
net1309,103.29µm
net291,103.25µm
net911,103.085µm
u_picorv32.picorv32_core.count_instr\[19\],102.925µm
net178,102.9µm
net1338,102.895µm
clknet_leaf_27_clk_i,102.81µm
_02367_,102.775µm
net1086,102.77µm
clknet_leaf_148_clk_i,102.755µm
u_picorv32.picorv32_core.alu_out\[22\],102.66µm
net953,102.59µm
clknet_leaf_46_clk_i,102.575µm
clknet_4_11_0_clk_i,102.4µm
u_picorv32.picorv32_core.decoded_imm_j\[8\],102.375µm
net654,102.285µm
u_picorv32.picorv32_core.reg_out\[18\],102.21µm
_02147_,102.19µm
_05976_,102.14µm
_02908_,102.045µm
clknet_leaf_188_clk_i,102.045µm
clknet_leaf_112_clk_i,101.96µm
clknet_leaf_15_clk_i,101.92µm
net1184,101.845µm
net166,101.775µm
clknet_leaf_57_clk_i,101.715µm
clknet_leaf_77_clk_i,101.62µm
_02843_,101.615µm
net903,101.565µm
_02887_,101.55µm
_01754_,101.54µm
u_picorv32.picorv32_core.instr_andi,101.41µm
clknet_leaf_21_clk_i,101.35µm
_02199_,101.28µm
_02562_,101.24µm
clknet_4_8_0_clk_i,101.12µm
net1157,101.04µm
clknet_leaf_104_clk_i,100.99µm
clknet_leaf_84_clk_i,100.98µm
u_picorv32.picorv32_core.alu_out\[10\],100.92µm
net1397,100.815µm
clknet_leaf_179_clk_i,100.8µm
net283,100.78µm
net1182,100.75µm
net388,100.47µm
clknet_leaf_183_clk_i,100.39µm
net560,100.37µm
net1293,100.285µm
clknet_leaf_163_clk_i,100.215µm
net147,100.2µm
net526,100.155µm
clknet_leaf_53_clk_i,100.15µm
clknet_leaf_76_clk_i,100.105µm
net149,100.04µm
_03489_,100.03µm
clknet_4_10_0_clk_i,99.985µm
net412,99.945µm
net1166,99.935µm
clknet_leaf_124_clk_i,99.91µm
net198,99.905µm
_03865_,99.9µm
_02957_,99.845µm
net293,99.74µm
net386,99.625µm
_02490_,99.595µm
clknet_leaf_56_clk_i,99.595µm
_02551_,99.49µm
net975,99.485µm
_01671_,99.42µm
net891,99.375µm
clknet_leaf_160_clk_i,99.235µm
_01812_,99.025µm
_02978_,99.01µm
u_picorv32.pcpi_rs1\[3\],99.01µm
clknet_leaf_158_clk_i,98.945µm
_02394_,98.64µm
u_picorv32.picorv32_core.count_instr\[35\],98.59µm
_01767_,98.53µm
u_picorv32.picorv32_core.mem_do_prefetch,98.495µm
net1393,98.465µm
net1271,98.37µm
net201,98.365µm
clknet_4_1_0_clk_i,98.295µm
net192,98.195µm
net239,98.145µm
net665,98.06µm
clknet_leaf_185_clk_i,98.06µm
net512,98.055µm
clknet_leaf_17_clk_i,98µm
net1321,97.98µm
_05849_,97.975µm
net1351,97.945µm
net731,97.93µm
u_picorv32.picorv32_core.count_instr\[13\],97.92µm
u_picorv32.picorv32_core.count_instr\[9\],97.92µm
u_picorv32.picorv32_core.count_instr\[10\],97.905µm
u_picorv32.picorv32_core.instr_sb,97.79µm
net378,97.705µm
_03643_,97.64µm
u_picorv32.picorv32_core.decoded_imm_j\[7\],97.625µm
clknet_leaf_58_clk_i,97.55µm
clknet_leaf_202_clk_i,97.53µm
_05254_,97.435µm
_02247_,97.425µm
clknet_leaf_96_clk_i,97.3µm
net954,97.27µm
net175,97.23µm
_05866_,97.145µm
_02730_,97.08µm
clknet_leaf_200_clk_i,97.04µm
_05850_,97.025µm
clknet_leaf_156_clk_i,96.91µm
clknet_4_2_0_clk_i,96.91µm
net150,96.785µm
net145,96.57µm
_02891_,96.54µm
u_picorv32.picorv32_core.mem_rdata_q\[23\],96.53µm
net476,96.53µm
net256,96.5µm
net258,96.395µm
_02830_,96.36µm
_02876_,96.36µm
net1311,96.325µm
net390,96.255µm
_01587_,96.105µm
clknet_leaf_41_clk_i,96.015µm
clknet_leaf_144_clk_i,95.995µm
net1357,95.93µm
clknet_4_3_0_clk_i,95.915µm
net1234,95.895µm
clknet_leaf_61_clk_i,95.88µm
clknet_leaf_78_clk_i,95.84µm
clknet_leaf_9_clk_i,95.825µm
_01886_,95.77µm
net154,95.71µm
net1399,95.69µm
u_picorv32.picorv32_core.count_instr\[24\],95.68µm
_03119_,95.625µm
clknet_leaf_154_clk_i,95.62µm
u_picorv32.picorv32_core.reg_out\[2\],95.605µm
u_picorv32.picorv32_core.count_instr\[8\],95.555µm
net876,95.53µm
net234,95.48µm
net1131,95.44µm
net861,95.225µm
_02254_,95.18µm
_01689_,95.16µm
u_picorv32.picorv32_core.decoded_imm_j\[18\],95.145µm
clknet_leaf_7_clk_i,95.135µm
u_picorv32.picorv32_core.instr_xor,94.84µm
_03479_,94.73µm
net1190,94.71µm
clknet_leaf_54_clk_i,94.655µm
net945,94.43µm
clknet_leaf_162_clk_i,94.395µm
_02191_,94.38µm
_04061_,94.38µm
clknet_leaf_39_clk_i,94.28µm
net1064,94.25µm
net944,94.23µm
net531,94.22µm
clknet_leaf_86_clk_i,94.21µm
_01550_,94.14µm
_01573_,94.12µm
net177,94.065µm
net827,94.05µm
clknet_4_0_0_clk_i,94.045µm
net905,94.01µm
_02539_,94µm
net1083,93.96µm
net793,93.935µm
clknet_leaf_68_clk_i,93.89µm
net528,93.85µm
net696,93.68µm
net185,93.385µm
_02882_,93.26µm
clknet_leaf_181_clk_i,93.155µm
net1163,92.875µm
clknet_leaf_83_clk_i,92.87µm
net800,92.825µm
_05608_,92.77µm
u_picorv32.picorv32_core.count_instr\[14\],92.75µm
_03431_,92.63µm
_02833_,92.48µm
clknet_leaf_90_clk_i,92.46µm
clknet_leaf_190_clk_i,92.44µm
_04102_,92.41µm
_05946_,92.34µm
net867,92.33µm
_01687_,92.325µm
net1067,92.22µm
net255,92.175µm
_02698_,92.11µm
clknet_leaf_2_clk_i,92.09µm
_01589_,91.93µm
_03401_,91.915µm
u_picorv32.picorv32_core.count_instr\[27\],91.89µm
net231,91.805µm
net1301,91.79µm
clknet_leaf_94_clk_i,91.72µm
_02327_,91.69µm
u_picorv32.picorv32_core.decoded_imm\[21\],91.69µm
_03648_,91.635µm
clknet_leaf_187_clk_i,91.605µm
clknet_leaf_1_clk_i,91.6µm
u_picorv32.picorv32_core.mem_rdata_q\[30\],91.59µm
clknet_leaf_24_clk_i,91.505µm
net26,91.44µm
_02166_,91.42µm
u_picorv32.picorv32_core.decoded_imm_j\[10\],91.34µm
clknet_leaf_45_clk_i,91.185µm
u_picorv32.picorv32_core.count_cycle\[32\],91.12µm
clknet_leaf_119_clk_i,90.98µm
clknet_leaf_14_clk_i,90.93µm
_01903_,90.9µm
net1192,90.8µm
_05450_,90.755µm
clknet_leaf_47_clk_i,90.69µm
u_picorv32.picorv32_core.count_cycle\[25\],90.635µm
net960,90.635µm
net522,90.61µm
_04813_,90.565µm
_03258_,90.56µm
clknet_leaf_199_clk_i,90.46µm
clknet_leaf_12_clk_i,90.41µm
_02427_,90.36µm
net591,90.36µm
net1004,90.215µm
u_picorv32.picorv32_core.alu_out\[29\],90.18µm
_03396_,90.075µm
net753,90.075µm
clknet_4_13_0_clk_i,90.075µm
_01845_,90.07µm
net1008,89.92µm
net723,89.91µm
clknet_leaf_168_clk_i,89.835µm
net233,89.81µm
u_picorv32.picorv32_core.count_cycle\[0\],89.755µm
clknet_4_9_0_clk_i,89.53µm
_02613_,89.49µm
net1275,89.435µm
net1355,89.435µm
net849,89.17µm
net209,89.09µm
clknet_leaf_33_clk_i,89.085µm
_03268_,89.02µm
_04093_,88.995µm
clknet_leaf_99_clk_i,88.99µm
_03394_,88.835µm
_01560_,88.81µm
clknet_leaf_195_clk_i,88.78µm
net762,88.695µm
_02047_,88.62µm
clknet_leaf_113_clk_i,88.36µm
_05294_,88.34µm
clknet_leaf_65_clk_i,88.33µm
_02992_,88.26µm
_01594_,88.16µm
u_picorv32.picorv32_core.alu_out\[8\],88.14µm
u_picorv32.picorv32_core.count_cycle\[52\],87.985µm
net190,87.87µm
net29,87.86µm
u_picorv32.picorv32_core.alu_out\[30\],87.66µm
net1187,87.53µm
net1149,87.52µm
_02819_,87.515µm
_02402_,87.42µm
_05982_,87.38µm
u_picorv32.picorv32_core.reg_pc\[4\],87.285µm
net1016,87.225µm
net589,87.165µm
_04103_,87.12µm
clknet_4_6_0_clk_i,87.08µm
_03060_,87.01µm
net1319,86.99µm
_05189_,86.94µm
net724,86.94µm
_02825_,86.89µm
net7,86.855µm
net541,86.845µm
clknet_leaf_102_clk_i,86.78µm
net1390,86.71µm
net743,86.695µm
_01720_,86.62µm
_02828_,86.545µm
net381,86.3µm
_05436_,86.29µm
u_picorv32.picorv32_core.reg_next_pc\[31\],86.14µm
_05499_,86.12µm
u_picorv32.picorv32_core.alu_out\[23\],86.11µm
net259,86.03µm
net1188,85.97µm
_02865_,85.96µm
net973,85.835µm
clknet_leaf_25_clk_i,85.825µm
_02952_,85.77µm
_03533_,85.75µm
clknet_leaf_189_clk_i,85.72µm
net1193,85.675µm
_01547_,85.64µm
_03437_,85.605µm
_02086_,85.51µm
clknet_4_15_0_clk_i,85.39µm
net1318,85.335µm
_02479_,85.305µm
u_picorv32.picorv32_core.alu_out_q\[30\],85.26µm
net992,85.255µm
net1186,85.255µm
net163,85.21µm
net4,84.96µm
net290,84.855µm
u_picorv32.picorv32_core.reg_out\[6\],84.75µm
clknet_leaf_107_clk_i,84.75µm
net884,84.745µm
net533,84.715µm
_03230_,84.645µm
_01869_,84.595µm
net303,84.595µm
_05919_,84.55µm
u_picorv32.picorv32_core.decoded_imm_j\[6\],84.55µm
clknet_leaf_167_clk_i,84.47µm
net600,84.42µm
_02993_,84.31µm
net974,84.165µm
net736,84.11µm
_03088_,84.08µm
_05320_,84.08µm
clknet_leaf_36_clk_i,84.07µm
net1368,83.98µm
_02182_,83.88µm
net496,83.86µm
clknet_leaf_51_clk_i,83.86µm
net1314,83.81µm
_02797_,83.805µm
_03130_,83.73µm
_02008_,83.695µm
_05281_,83.585µm
_03235_,83.575µm
u_picorv32.picorv32_core.reg_next_pc\[13\],83.36µm
clknet_leaf_118_clk_i,83.295µm
_02926_,83.25µm
u_picorv32.picorv32_core.alu_out_q\[26\],83.23µm
_03706_,83.185µm
net501,82.975µm
_05318_,82.81µm
_05588_,82.705µm
u_picorv32.picorv32_core.reg_pc\[27\],82.64µm
_05945_,82.48µm
_02594_,82.46µm
net220,82.435µm
net1037,82.395µm
_02281_,82.38µm
net1177,82.23µm
_05722_,82.14µm
clknet_4_14_0_clk_i,81.92µm
u_picorv32.picorv32_core.count_instr\[25\],81.885µm
_02570_,81.79µm
u_picorv32.picorv32_core.decoded_imm\[16\],81.79µm
_05874_,81.775µm
clknet_leaf_37_clk_i,81.765µm
_05935_,81.63µm
clknet_leaf_114_clk_i,81.63µm
clknet_4_7_0_clk_i,81.575µm
net15,81.56µm
u_picorv32.picorv32_core.reg_out\[1\],81.49µm
_05346_,81.13µm
net254,81.055µm
_02268_,81µm
_03518_,80.99µm
u_picorv32.picorv32_core.count_cycle\[50\],80.675µm
clknet_leaf_87_clk_i,80.635µm
u_picorv32.picorv32_core.alu_out_q\[31\],80.59µm
net1029,80.575µm
net394,80.56µm
u_picorv32.picorv32_core.alu_out\[24\],80.52µm
_02977_,80.29µm
clknet_leaf_157_clk_i,80.285µm
clknet_leaf_44_clk_i,80.24µm
_05684_,80.16µm
net292,80.03µm
net1253,80.015µm
clknet_leaf_48_clk_i,79.895µm
_02025_,79.86µm
_03368_,79.805µm
_03178_,79.8µm
u_picorv32.picorv32_core.alu_out_q\[6\],79.75µm
net606,79.71µm
_03424_,79.69µm
net1332,79.615µm
_03741_,79.6µm
u_picorv32.picorv32_core.count_instr\[0\],79.445µm
_05514_,79.39µm
u_picorv32.picorv32_core.count_instr\[18\],79.385µm
_02518_,79.34µm
_02945_,79.33µm
_05980_,79.2µm
u_picorv32.picorv32_core.decoded_imm_j\[15\],79.1µm
_03240_,78.76µm
_05420_,78.73µm
_04380_,78.545µm
net205,78.535µm
u_picorv32.picorv32_core.instr_bne,78.435µm
u_picorv32.picorv32_core.count_instr\[48\],78.41µm
clknet_leaf_138_clk_i,78.39µm
_04653_,78.385µm
_05987_,78.37µm
net1156,78.37µm
net161,78.365µm
clknet_leaf_95_clk_i,78.29µm
clknet_leaf_13_clk_i,78.24µm
_05561_,78µm
net235,77.97µm
_03997_,77.89µm
u_picorv32.picorv32_core.count_cycle\[31\],77.83µm
net562,77.79µm
_01975_,77.545µm
_04236_,77.52µm
clknet_leaf_70_clk_i,77.515µm
net521,77.465µm
u_picorv32.picorv32_core.alu_out\[28\],77.42µm
u_picorv32.picorv32_core.count_instr\[39\],77.415µm
clknet_leaf_67_clk_i,77.395µm
net301,77.345µm
u_picorv32.picorv32_core.alu_out_q\[27\],77.28µm
net842,77.275µm
_01943_,77.23µm
net136,77.205µm
u_picorv32.picorv32_core.instr_and,77.2µm
_02105_,77.17µm
net505,77.06µm
net214,77.05µm
net601,76.935µm
net3041,76.93µm
_03128_,76.875µm
_05643_,76.87µm
net818,76.87µm
net555,76.69µm
net3,76.605µm
net1392,76.375µm
net196,76.22µm
_02584_,76.2µm
clknet_leaf_89_clk_i,76.19µm
net972,76.1µm
u_picorv32.picorv32_core.alu_out\[16\],75.9µm
net212,75.775µm
net557,75.75µm
net218,75.505µm
_02171_,75.47µm
u_picorv32.picorv32_core.instr_lui,75.44µm
u_picorv32.picorv32_core.decoder_pseudo_trigger,75.245µm
net405,75.22µm
net1044,75.2µm
_02980_,75.13µm
_02363_,75.07µm
net704,74.9µm
_01934_,74.89µm
_04934_,74.775µm
_02064_,74.66µm
_05632_,74.52µm
u_picorv32.picorv32_core.count_instr\[23\],74.18µm
net976,74.175µm
net641,74.11µm
_02056_,73.92µm
u_picorv32.picorv32_core.count_cycle\[49\],73.905µm
_01763_,73.805µm
u_picorv32.picorv32_core.count_cycle\[51\],73.615µm
u_picorv32.picorv32_core.instr_slli,73.58µm
net1185,73.37µm
u_picorv32.picorv32_core.count_cycle\[45\],73.36µm
net1006,73.33µm
_00008_,73.27µm
_04878_,73.26µm
net1197,73.2µm
net1191,72.99µm
_02109_,72.96µm
_02106_,72.885µm
u_picorv32.picorv32_core.alu_out_q\[5\],72.75µm
clknet_leaf_110_clk_i,72.66µm
u_picorv32.picorv32_core.count_instr\[28\],72.655µm
_05859_,72.575µm
_01617_,72.32µm
net640,72.27µm
net730,72.235µm
net3051,72.18µm
_03376_,72.095µm
net207,71.935µm
_02377_,71.88µm
clknet_leaf_103_clk_i,71.73µm
_02854_,71.71µm
_01585_,71.7µm
u_picorv32.picorv32_core.count_instr\[52\],71.69µm
_03875_,71.66µm
_02095_,71.65µm
net962,71.57µm
_03853_,71.52µm
net504,71.52µm
_03385_,71.305µm
u_picorv32.axi_adapter.mem_valid,71.185µm
_02288_,71.12µm
_02488_,71.075µm
_02928_,70.99µm
u_picorv32.picorv32_core.alu_out\[1\],70.99µm
_01559_,70.905µm
u_picorv32.picorv32_core.instr_sh,70.855µm
u_picorv32.picorv32_core.decoded_imm_j\[16\],70.825µm
_03066_,70.775µm
u_picorv32.picorv32_core.count_cycle\[24\],70.745µm
_04436_,70.57µm
_02229_,70.56µm
u_picorv32.picorv32_core.count_instr\[26\],70.45µm
u_picorv32.picorv32_core.instr_bgeu,70.41µm
net510,70.41µm
_02823_,70.345µm
net610,70.25µm
_01650_,70.01µm
u_picorv32.picorv32_core.count_instr\[53\],69.98µm
_03150_,69.965µm
_02510_,69.935µm
u_picorv32.picorv32_core.instr_lh,69.9µm
_03673_,69.85µm
_01989_,69.7µm
_02007_,69.68µm
u_picorv32.picorv32_core.count_cycle\[40\],69.61µm
_01694_,69.59µm
net1038,69.48µm
_00020_,69.43µm
u_picorv32.picorv32_core.count_instr\[1\],69.38µm
_03371_,69.34µm
net1022,69.135µm
_01558_,69.1µm
net985,69.06µm
_03226_,69.02µm
net502,68.975µm
_04104_,68.88µm
u_picorv32.picorv32_core.count_instr\[36\],68.825µm
u_picorv32.picorv32_core.count_cycle\[12\],68.785µm
_05333_,68.76µm
u_picorv32.picorv32_core.alu_out\[20\],68.76µm
_02765_,68.7µm
u_picorv32.picorv32_core.count_instr\[21\],68.675µm
_05304_,68.64µm
net669,68.63µm
_02075_,68.495µm
net3032,68.42µm
_00022_,68.35µm
_03404_,68.325µm
_01742_,68.3µm
_02084_,68.26µm
_05126_,68.16µm
_02503_,68.1µm
_01684_,68.09µm
_01751_,68.02µm
_04086_,67.98µm
_01902_,67.93µm
_03191_,67.91µm
_05619_,67.88µm
_05531_,67.685µm
u_picorv32.picorv32_core.instr_auipc,67.615µm
u_picorv32.picorv32_core.alu_out\[9\],67.35µm
_02420_,67.3µm
_05479_,67.28µm
_02979_,67.2µm
u_picorv32.picorv32_core.count_cycle\[53\],67.15µm
_04955_,67.14µm
net1161,67.04µm
_05500_,66.96µm
_02208_,66.865µm
_02946_,66.845µm
_02101_,66.72µm
_05611_,66.72µm
_05670_,66.72µm
u_picorv32.picorv32_core.reg_out\[5\],66.675µm
_02346_,66.6µm
_02576_,66.6µm
_04320_,66.6µm
_01928_,66.37µm
_05657_,66.25µm
_00021_,66.18µm
_02814_,66.13µm
_03303_,66.09µm
_04791_,66.04µm
_05278_,65.94µm
_05525_,65.915µm
net3065,65.89µm
net918,65.885µm
u_picorv32.picorv32_core.count_instr\[32\],65.875µm
_01404_,65.82µm
_02380_,65.77µm
_04971_,65.76µm
u_picorv32.picorv32_core.count_instr\[44\],65.625µm
_01938_,65.35µm
net568,65.175µm
_05521_,65.05µm
u_picorv32.picorv32_core.count_cycle\[44\],64.955µm
net1028,64.72µm
_03389_,64.55µm
net649,64.45µm
net302,64.33µm
_01946_,64.305µm
_02388_,64.26µm
u_picorv32.picorv32_core.count_instr\[2\],64.23µm
_02273_,64.08µm
_05240_,63.96µm
_01736_,63.905µm
_01395_,63.9µm
_03945_,63.72µm
_01639_,63.48µm
_02617_,63.27µm
u_picorv32.picorv32_core.count_instr\[62\],63.235µm
u_picorv32.picorv32_core.count_cycle\[15\],63.225µm
u_picorv32.picorv32_core.count_cycle\[1\],63.135µm
_02183_,63.13µm
_05922_,63.13µm
_05121_,63µm
u_picorv32.picorv32_core.mem_do_rdata,62.905µm
_03201_,62.86µm
_05033_,62.82µm
_02212_,62.77µm
u_picorv32.picorv32_core.alu_out\[12\],62.625µm
net968,62.605µm
net5,62.545µm
net33,62.49µm
u_picorv32.picorv32_core.count_cycle\[37\],62.43µm
_04734_,62.41µm
net1299,62.4µm
net391,62.39µm
_03420_,62.355µm
_04958_,62.35µm
_05245_,62.35µm
_03129_,62.34µm
u_picorv32.picorv32_core.mem_rdata_q\[7\],62.255µm
_03416_,62.12µm
_05267_,62.1µm
_02141_,62.075µm
_05589_,62.05µm
net558,62.045µm
net492,61.915µm
u_picorv32.picorv32_core.reg_pc\[18\],61.88µm
net1167,61.835µm
u_picorv32.picorv32_core.count_cycle\[54\],61.57µm
u_picorv32.picorv32_core.reg_next_pc\[28\],61.57µm
net30,61.56µm
_01556_,61.44µm
_05330_,61.365µm
net622,61.34µm
_05747_,61.33µm
_03292_,61.315µm
_05474_,61.31µm
net642,61.195µm
_04784_,61.15µm
u_picorv32.picorv32_core.count_cycle\[42\],61.14µm
u_picorv32.picorv32_core.count_instr\[33\],61.13µm
_03335_,60.99µm
_03065_,60.965µm
u_picorv32.picorv32_core.count_cycle\[9\],60.965µm
_02074_,60.935µm
_01900_,60.7µm
_03274_,60.5µm
_03364_,60.445µm
_02435_,60.44µm
u_picorv32.picorv32_core.mem_rdata_q\[9\],60.31µm
u_picorv32.picorv32_core.alu_out_q\[12\],60.3µm
u_picorv32.picorv32_core.count_instr\[29\],60.285µm
_01668_,60.24µm
_03412_,60.235µm
net556,59.925µm
u_picorv32.picorv32_core.count_cycle\[48\],59.875µm
u_picorv32.picorv32_core.cpu_state\[0\],59.78µm
net507,59.76µm
_05019_,59.58µm
_05351_,59.565µm
_03408_,59.545µm
net3024,59.3µm
_05617_,59.17µm
_02794_,59.16µm
_03361_,59.005µm
_02857_,58.98µm
_05406_,58.98µm
_01693_,58.87µm
u_picorv32.picorv32_core.count_cycle\[23\],58.855µm
_03357_,58.845µm
net663,58.805µm
_05457_,58.75µm
u_picorv32.picorv32_core.count_instr\[4\],58.705µm
net1180,58.555µm
net928,58.5µm
net197,58.365µm
net1051,58.355µm
net1056,58.35µm
_04921_,58.21µm
_03236_,58.065µm
_02310_,57.97µm
_01803_,57.75µm
u_picorv32.pcpi_rs2\[1\],57.74µm
_04944_,57.695µm
_05820_,57.61µm
_01843_,57.58µm
net1320,57.55µm
u_picorv32.picorv32_core.count_instr\[41\],57.535µm
u_picorv32.picorv32_core.instr_lb,57.5µm
_02580_,57.49µm
_03333_,57.43µm
u_picorv32.picorv32_core.reg_pc\[3\],57.425µm
u_picorv32.picorv32_core.reg_out\[4\],57.415µm
net1196,57.395µm
_04980_,57.36µm
_02509_,57.325µm
net1322,57.165µm
_01801_,57.035µm
u_picorv32.picorv32_core.instr_sll,57.005µm
_05096_,56.95µm
_02396_,56.82µm
_01865_,56.71µm
_03336_,56.59µm
_01685_,56.52µm
_04967_,56.46µm
_02001_,56.435µm
_05947_,56.36µm
u_picorv32.picorv32_core.count_instr\[61\],56.3µm
_03375_,56.22µm
_05137_,56.16µm
net1178,56.16µm
u_picorv32.picorv32_core.alu_out\[17\],56.07µm
net1181,55.935µm
_05606_,55.86µm
_03168_,55.76µm
_02127_,55.56µm
_02721_,55.53µm
_02900_,55.44µm
u_picorv32.picorv32_core.count_cycle\[22\],55.39µm
u_picorv32.picorv32_core.reg_pc\[24\],55.375µm
u_picorv32.picorv32_core.count_instr\[22\],55.35µm
net6,55.33µm
net979,55.285µm
_03108_,55.215µm
u_picorv32.picorv32_core.count_cycle\[56\],55.195µm
_04072_,55.08µm
u_picorv32.picorv32_core.reg_out\[3\],55.08µm
_05200_,54.91µm
u_picorv32.picorv32_core.count_cycle\[17\],54.835µm
u_picorv32.picorv32_core.decoded_imm\[1\],54.75µm
_01397_,54.72µm
_05556_,54.55µm
_04189_,54.54µm
_02688_,54.49µm
u_picorv32.picorv32_core.alu_out\[21\],54.48µm
_02245_,54.37µm
u_picorv32.picorv32_core.count_cycle\[43\],54.37µm
_05518_,54.36µm
net1317,54.355µm
_02173_,54.315µm
_03992_,54.01µm
_01929_,54µm
_04945_,53.95µm
u_picorv32.picorv32_core.mem_rdata_q\[18\],53.78µm
net251,53.77µm
net508,53.74µm
u_picorv32.picorv32_core.count_instr\[43\],53.68µm
u_picorv32.picorv32_core.count_cycle\[33\],53.535µm
net486,53.495µm
_01870_,53.4µm
net925,53.395µm
u_picorv32.picorv32_core.count_instr\[49\],53.27µm
u_picorv32.picorv32_core.count_cycle\[34\],53.235µm
_02462_,53.23µm
_05755_,53.21µm
_04172_,53.16µm
_05007_,53.04µm
net646,53.02µm
_03296_,52.91µm
_02878_,52.895µm
_01700_,52.865µm
net978,52.72µm
net553,52.7µm
_01832_,52.63µm
_04124_,52.62µm
_04524_,52.62µm
u_picorv32.picorv32_core.reg_pc\[2\],52.34µm
_05986_,52.27µm
u_picorv32.picorv32_core.count_instr\[5\],52.24µm
_02866_,52.225µm
u_picorv32.picorv32_core.count_instr\[46\],52.155µm
_01910_,52.15µm
net565,52.05µm
_05357_,51.87µm
_02021_,51.8µm
_01733_,51.755µm
net754,51.755µm
_05161_,51.73µm
net532,51.595µm
_00031_,51.56µm
u_picorv32.picorv32_core.count_cycle\[13\],51.545µm
_02289_,51.505µm
_02614_,51.43µm
_02967_,51.43µm
_02600_,51.37µm
u_picorv32.picorv32_core.mem_rdata_q\[19\],51.345µm
_04259_,51.31µm
_04995_,51.24µm
_05117_,51.18µm
u_picorv32.picorv32_core.count_cycle\[57\],51.18µm
u_picorv32.picorv32_core.instr_sltiu,51.07µm
u_picorv32.picorv32_core.alu_out\[3\],50.88µm
_02202_,50.86µm
_02816_,50.785µm
_02813_,50.72µm
_01991_,50.68µm
net34,50.545µm
_02286_,50.52µm
u_picorv32.picorv32_core.count_cycle\[39\],50.305µm
_04710_,50.28µm
u_picorv32.picorv32_core.alu_out\[19\],50.28µm
_05081_,50.22µm
_03332_,50.2µm
_02022_,50.095µm
net1153,49.96µm
_02175_,49.905µm
_02282_,49.81µm
u_picorv32.picorv32_core.decoded_imm\[9\],49.77µm
_02893_,49.725µm
_05477_,49.68µm
_02504_,49.63µm
_03182_,49.63µm
_02687_,49.54µm
_02521_,49.5µm
_01662_,49.475µm
_02941_,49.465µm
_03090_,49.45µm
_05403_,49.45µm
_05846_,49.405µm
_04650_,49.26µm
_05669_,49.24µm
_03486_,49.22µm
u_picorv32.picorv32_core.count_cycle\[46\],49.165µm
u_picorv32.picorv32_core.reg_pc\[9\],49.155µm
_02849_,49.1µm
_02446_,49.03µm
_01402_,49.02µm
_02936_,48.98µm
u_picorv32.picorv32_core.alu_out_q\[10\],48.96µm
u_picorv32.picorv32_core.reg_next_pc\[12\],48.945µm
_05419_,48.85µm
net977,48.81µm
net1179,48.8µm
_03845_,48.66µm
_05328_,48.66µm
u_picorv32.picorv32_core.count_cycle\[58\],48.445µm
_03439_,48.37µm
_05683_,48.36µm
_04075_,48.285µm
_01983_,48.275µm
_04504_,48.25µm
_02452_,48.2µm
_02324_,48.185µm
_03745_,48.12µm
u_picorv32.picorv32_core.cpuregs\[26\]\[22\],48.08µm
_01770_,48.075µm
_04871_,48.07µm
_05041_,48.06µm
_04806_,48.045µm
net151,47.96µm
_05070_,47.95µm
u_picorv32.picorv32_core.is_jalr_addi_slti_sltiu_xori_ori_andi,47.9µm
_05335_,47.82µm
_02300_,47.77µm
u_picorv32.picorv32_core.count_cycle\[4\],47.72µm
_01805_,47.585µm
u_picorv32.picorv32_core.cpuregs\[21\]\[6\],47.535µm
_04595_,47.47µm
_05265_,47.43µm
u_picorv32.picorv32_core.reg_next_pc\[15\],47.4µm
_02322_,47.34µm
u_picorv32.picorv32_core.alu_out\[2\],47.29µm
_01892_,47.28µm
_05085_,47.23µm
_05183_,47.23µm
_05485_,47.14µm
u_picorv32.picorv32_core.alu_out_q\[3\],47.1µm
u_picorv32.picorv32_core.count_cycle\[8\],47.085µm
u_picorv32.picorv32_core.count_cycle\[2\],47.02µm
_05004_,46.98µm
u_picorv32.picorv32_core.cpuregs\[4\]\[9\],46.94µm
_05376_,46.87µm
_04933_,46.86µm
u_picorv32.picorv32_core.count_instr\[40\],46.83µm
_05235_,46.75µm
_05639_,46.75µm
net941,46.735µm
_03304_,46.72µm
net986,46.67µm
_04394_,46.61µm
_02528_,46.57µm
net915,46.54µm
_05102_,46.52µm
_03252_,46.515µm
u_picorv32.picorv32_core.cpuregs\[22\]\[24\],46.475µm
_04501_,46.47µm
_05050_,46.45µm
_05068_,46.44µm
u_picorv32.picorv32_core.count_cycle\[6\],46.405µm
_02906_,46.33µm
net377,46.3µm
net167,46.235µm
_05429_,46.2µm
_02696_,46.175µm
_05094_,46.125µm
_01593_,46.105µm
_04261_,46.04µm
_03287_,46.03µm
_03434_,46.02µm
_04651_,45.975µm
_03537_,45.97µm
u_picorv32.picorv32_core.count_instr\[30\],45.92µm
_04121_,45.91µm
_05840_,45.895µm
_02492_,45.85µm
_01554_,45.74µm
_02638_,45.72µm
_01960_,45.705µm
u_picorv32.picorv32_core.count_cycle\[29\],45.63µm
_01714_,45.615µm
_03320_,45.61µm
u_picorv32.picorv32_core.alu_out_q\[2\],45.61µm
_03325_,45.57µm
_04018_,45.48µm
_05119_,45.48µm
_03358_,45.43µm
_02563_,45.36µm
net1289,45.345µm
u_picorv32.picorv32_core.count_instr\[55\],45.14µm
u_picorv32.picorv32_core.cpuregs\[30\]\[29\],45.14µm
_02802_,45.12µm
_05462_,45.03µm
_05441_,44.925µm
_01678_,44.89µm
u_picorv32.picorv32_core.mem_rdata_q\[8\],44.865µm
_01821_,44.78µm
_04350_,44.64µm
_05343_,44.64µm
_01553_,44.615µm
_05934_,44.53µm
_04856_,44.52µm
_02019_,44.46µm
_05483_,44.42µm
_04810_,44.4µm
_05150_,44.36µm
u_picorv32.picorv32_core.cpuregs\[8\]\[2\],44.305µm
_01874_,44.29µm
u_picorv32.picorv32_core.cpuregs\[30\]\[12\],44.29µm
_03432_,44.24µm
_01595_,44.195µm
u_picorv32.picorv32_core.cpuregs\[2\]\[2\],44.155µm
_01785_,44.145µm
u_picorv32.picorv32_core.count_instr\[56\],44.145µm
_03975_,44.11µm
net984,44µm
_03413_,43.9µm
u_picorv32.picorv32_core.count_instr\[47\],43.82µm
_03697_,43.75µm
u_picorv32.picorv32_core.reg_next_pc\[18\],43.75µm
_01726_,43.645µm
net1060,43.605µm
_03062_,43.58µm
_02565_,43.57µm
_03308_,43.57µm
_05695_,43.56µm
_05570_,43.45µm
_02440_,43.44µm
_02545_,43.44µm
u_picorv32.picorv32_core.count_instr\[58\],43.385µm
_00032_,43.365µm
_01939_,43.29µm
u_picorv32.picorv32_core.cpuregs\[29\]\[16\],43.285µm
u_picorv32.picorv32_core.cpuregs\[22\]\[16\],43.265µm
_03309_,43.26µm
_01807_,43.255µm
_01956_,43.225µm
net287,43.08µm
_04481_,43.03µm
u_picorv32.picorv32_core.mem_rdata_q\[31\],43.03µm
_04084_,43.02µm
_04964_,43.005µm
u_picorv32.picorv32_core.count_instr\[54\],42.975µm
_02676_,42.96µm
_04054_,42.96µm
_03205_,42.93µm
_03079_,42.925µm
u_picorv32.picorv32_core.cpuregs\[30\]\[22\],42.85µm
_04114_,42.79µm
_04285_,42.78µm
_02943_,42.72µm
_02989_,42.66µm
_03047_,42.65µm
u_picorv32.picorv32_core.cpuregs\[16\]\[21\],42.635µm
_05083_,42.61µm
u_picorv32.picorv32_core.cpuregs\[21\]\[28\],42.595µm
u_picorv32.picorv32_core.cpuregs\[7\]\[14\],42.575µm
_05058_,42.49µm
u_picorv32.picorv32_core.mem_do_rinst,42.47µm
_02113_,42.37µm
u_picorv32.picorv32_core.cpuregs\[22\]\[1\],42.325µm
u_picorv32.picorv32_core.alu_out_q\[11\],42.3µm
_05438_,42.26µm
_05642_,42.25µm
u_picorv32.picorv32_core.mem_state\[0\],42.24µm
_04713_,42.2µm
u_picorv32.picorv32_core.reg_pc\[28\],42.09µm
_05635_,42.06µm
_05697_,42.01µm
net148,41.865µm
net1154,41.83µm
_03356_,41.71µm
u_picorv32.picorv32_core.cpuregs\[23\]\[10\],41.71µm
u_picorv32.picorv32_core.count_instr\[38\],41.7µm
clknet_leaf_151_clk_i,41.67µm
u_picorv32.picorv32_core.count_instr\[51\],41.66µm
_04101_,41.64µm
_04448_,41.59µm
u_picorv32.picorv32_core.cpuregs\[29\]\[15\],41.445µm
u_picorv32.picorv32_core.reg_next_pc\[26\],41.41µm
_05708_,41.365µm
_05978_,41.325µm
u_picorv32.picorv32_core.cpuregs\[14\]\[31\],41.305µm
_02248_,41.28µm
_02266_,41.28µm
_05680_,41.23µm
_03051_,41.155µm
u_picorv32.picorv32_core.cpuregs\[10\]\[5\],41.12µm
u_picorv32.picorv32_core.cpuregs\[9\]\[31\],41.12µm
_04854_,41.05µm
_04870_,41.04µm
u_picorv32.picorv32_core.count_cycle\[16\],41.005µm
_04000_,40.995µm
_05247_,40.99µm
_05651_,40.935µm
_03651_,40.92µm
_02415_,40.81µm
u_picorv32.picorv32_core.cpuregs\[24\]\[29\],40.72µm
_01555_,40.685µm
_05219_,40.68µm
_01620_,40.615µm
u_picorv32.picorv32_core.cpuregs\[26\]\[14\],40.605µm
_02742_,40.56µm
net590,40.52µm
_03694_,40.51µm
_05496_,40.46µm
_01795_,40.44µm
_03405_,40.385µm
_03334_,40.33µm
u_picorv32.picorv32_core.cpuregs\[30\]\[2\],40.33µm
_05017_,40.29µm
u_picorv32.picorv32_core.instr_lbu,40.29µm
u_picorv32.picorv32_core.cpuregs\[19\]\[21\],40.285µm
net113,40.27µm
_05586_,40.23µm
u_picorv32.picorv32_core.cpuregs\[13\]\[27\],40.23µm
_04043_,40.225µm
_02640_,40.2µm
u_picorv32.picorv32_core.cpuregs\[22\]\[25\],40.125µm
u_picorv32.picorv32_core.cpuregs\[31\]\[10\],40.125µm
_04122_,40.09µm
_02761_,40.08µm
u_picorv32.picorv32_core.cpuregs\[14\]\[16\],40.035µm
u_picorv32.picorv32_core.cpuregs\[15\]\[22\],40.02µm
u_picorv32.picorv32_core.instr_fence,39.98µm
_01643_,39.92µm
_02603_,39.84µm
u_picorv32.picorv32_core.alu_out_q\[28\],39.84µm
u_picorv32.picorv32_core.cpuregs\[22\]\[28\],39.8µm
u_picorv32.picorv32_core.cpuregs\[24\]\[16\],39.79µm
_01748_,39.775µm
u_picorv32.picorv32_core.count_instr\[37\],39.75µm
_04313_,39.73µm
net117,39.725µm
u_picorv32.picorv32_core.count_cycle\[11\],39.725µm
_02035_,39.72µm
_05110_,39.715µm
u_picorv32.picorv32_core.cpuregs\[16\]\[12\],39.68µm
_05142_,39.66µm
_01955_,39.62µm
_04640_,39.62µm
clknet_leaf_91_clk_i,39.585µm
_02460_,39.49µm
_03280_,39.49µm
u_picorv32.picorv32_core.cpuregs\[5\]\[22\],39.49µm
u_picorv32.picorv32_core.mem_rdata_q\[16\],39.49µm
_05544_,39.48µm
u_picorv32.picorv32_core.cpuregs\[13\]\[21\],39.475µm
u_picorv32.picorv32_core.cpuregs\[25\]\[27\],39.44µm
u_picorv32.picorv32_core.reg_next_pc\[27\],39.43µm
_01717_,39.41µm
u_picorv32.picorv32_core.cpuregs\[22\]\[22\],39.39µm
_02228_,39.37µm
_05445_,39.37µm
u_picorv32.picorv32_core.cpuregs\[2\]\[3\],39.355µm
_03175_,39.325µm
net393,39.25µm
_05341_,39.2µm
u_picorv32.picorv32_core.count_cycle\[10\],39.17µm
_02305_,39.14µm
net988,39.13µm
_02058_,39.12µm
_04166_,39.07µm
_04930_,39.02µm
u_picorv32.picorv32_core.cpuregs\[4\]\[5\],38.955µm
_03281_,38.94µm
u_picorv32.picorv32_core.cpuregs\[14\]\[22\],38.92µm
u_picorv32.picorv32_core.cpuregs\[29\]\[23\],38.915µm
u_picorv32.picorv32_core.instr_lhu,38.915µm
_05139_,38.89µm
_01543_,38.78µm
_01632_,38.77µm
_02148_,38.77µm
u_picorv32.picorv32_core.count_cycle\[41\],38.735µm
_04303_,38.71µm
u_picorv32.picorv32_core.count_cycle\[19\],38.675µm
u_picorv32.picorv32_core.cpuregs\[31\]\[31\],38.675µm
_04507_,38.66µm
u_picorv32.picorv32_core.cpuregs\[20\]\[24\],38.66µm
_01663_,38.625µm
_04383_,38.59µm
u_picorv32.picorv32_core.cpuregs\[30\]\[17\],38.575µm
u_picorv32.picorv32_core.cpuregs\[31\]\[22\],38.54µm
_03855_,38.53µm
_03214_,38.49µm
u_picorv32.picorv32_core.cpuregs\[7\]\[27\],38.485µm
_04450_,38.41µm
u_picorv32.picorv32_core.cpuregs\[9\]\[21\],38.41µm
_04959_,38.4µm
_05212_,38.4µm
_05196_,38.35µm
u_picorv32.picorv32_core.cpuregs\[4\]\[4\],38.32µm
net1344,38.295µm
u_picorv32.picorv32_core.cpuregs\[6\]\[27\],38.135µm
u_picorv32.picorv32_core.cpuregs\[14\]\[19\],38.11µm
net980,38.095µm
u_picorv32.picorv32_core.cpuregs\[27\]\[16\],38.09µm
net1155,38.06µm
u_picorv32.picorv32_core.alu_out_q\[1\],38.04µm
u_picorv32.picorv32_core.cpuregs\[17\]\[24\],37.95µm
u_picorv32.picorv32_core.cpuregs\[27\]\[12\],37.95µm
_03589_,37.94µm
_03380_,37.935µm
u_picorv32.picorv32_core.cpuregs\[31\]\[4\],37.93µm
u_picorv32.picorv32_core.count_instr\[60\],37.88µm
_03902_,37.87µm
net232,37.87µm
_02222_,37.8µm
u_picorv32.picorv32_core.count_instr\[45\],37.765µm
u_picorv32.picorv32_core.cpuregs\[13\]\[12\],37.74µm
_03355_,37.675µm
u_picorv32.picorv32_core.cpuregs\[6\]\[11\],37.67µm
_05044_,37.63µm
u_picorv32.picorv32_core.cpuregs\[9\]\[7\],37.63µm
u_picorv32.picorv32_core.alu_out\[25\],37.56µm
u_picorv32.picorv32_core.cpuregs\[11\]\[22\],37.535µm
_02790_,37.51µm
_04318_,37.5µm
_05026_,37.5µm
u_picorv32.picorv32_core.alu_out\[6\],37.5µm
_01994_,37.495µm
_02966_,37.45µm
_03593_,37.45µm
_03574_,37.4µm
u_picorv32.picorv32_core.cpuregs\[21\]\[0\],37.4µm
u_picorv32.picorv32_core.cpuregs\[25\]\[21\],37.355µm
_02242_,37.33µm
net138,37.32µm
u_picorv32.picorv32_core.instr_srli,37.315µm
_04207_,37.27µm
_05195_,37.27µm
_05273_,37.26µm
_05170_,37.16µm
u_picorv32.picorv32_core.cpuregs\[7\]\[17\],37.155µm
net983,37.12µm
_03688_,37.1µm
u_picorv32.picorv32_core.cpuregs\[1\]\[2\],37.09µm
_05158_,37.08µm
u_picorv32.picorv32_core.cpuregs\[8\]\[21\],37.03µm
u_picorv32.picorv32_core.cpuregs\[16\]\[7\],36.98µm
_05218_,36.96µm
_01987_,36.93µm
u_picorv32.picorv32_core.cpuregs\[21\]\[23\],36.925µm
net109,36.915µm
u_picorv32.picorv32_core.cpuregs\[17\]\[26\],36.91µm
_05640_,36.875µm
_05238_,36.85µm
_05634_,36.85µm
u_picorv32.picorv32_core.cpuregs\[17\]\[17\],36.85µm
_04886_,36.84µm
_05284_,36.825µm
u_picorv32.picorv32_core.cpuregs\[4\]\[3\],36.805µm
_02779_,36.785µm
_05323_,36.78µm
u_picorv32.picorv32_core.cpuregs\[31\]\[2\],36.775µm
_04184_,36.73µm
_03789_,36.72µm
u_picorv32.picorv32_core.cpuregs\[23\]\[0\],36.695µm
_02787_,36.68µm
_03242_,36.66µm
u_picorv32.picorv32_core.count_instr\[63\],36.655µm
net137,36.62µm
u_picorv32.picorv32_core.cpuregs\[9\]\[9\],36.62µm
u_picorv32.picorv32_core.cpuregs\[19\]\[19\],36.61µm
_03460_,36.56µm
_03172_,36.555µm
_03922_,36.54µm
u_picorv32.picorv32_core.count_instr\[20\],36.54µm
_03030_,36.52µm
u_picorv32.picorv32_core.cpuregs\[25\]\[29\],36.5µm
u_picorv32.picorv32_core.cpuregs\[9\]\[28\],36.5µm
u_picorv32.picorv32_core.cpuregs\[10\]\[25\],36.49µm
u_picorv32.picorv32_core.instr_lw,36.435µm
u_picorv32.picorv32_core.cpuregs\[5\]\[18\],36.385µm
u_picorv32.picorv32_core.cpuregs\[12\]\[9\],36.335µm
u_picorv32.picorv32_core.cpuregs\[14\]\[12\],36.335µm
_04873_,36.31µm
u_picorv32.picorv32_core.cpuregs\[2\]\[20\],36.31µm
_05001_,36.3µm
u_picorv32.picorv32_core.cpuregs\[30\]\[8\],36.295µm
_01953_,36.275µm
u_picorv32.picorv32_core.cpuregs\[31\]\[21\],36.26µm
_04020_,36.25µm
u_picorv32.picorv32_core.cpuregs\[21\]\[8\],36.215µm
_05175_,36.2µm
_02017_,36.15µm
_05435_,36.12µm
u_picorv32.picorv32_core.cpuregs\[14\]\[1\],36.11µm
u_picorv32.picorv32_core.cpuregs\[22\]\[19\],36.095µm
_02507_,36.08µm
u_picorv32.picorv32_core.cpuregs\[13\]\[10\],36.035µm
u_picorv32.picorv32_core.cpuregs\[30\]\[1\],36.02µm
_02636_,36.01µm
u_picorv32.picorv32_core.cpuregs\[14\]\[29\],35.965µm
u_picorv32.picorv32_core.cpuregs\[23\]\[21\],35.925µm
u_picorv32.picorv32_core.cpuregs\[21\]\[15\],35.905µm
net563,35.9µm
_01793_,35.885µm
_05163_,35.875µm
_01981_,35.86µm
_05913_,35.85µm
_04997_,35.83µm
u_picorv32.picorv32_core.cpuregs\[4\]\[22\],35.83µm
_01864_,35.76µm
u_picorv32.picorv32_core.cpuregs\[13\]\[20\],35.72µm
u_picorv32.picorv32_core.cpuregs\[4\]\[1\],35.72µm
_05123_,35.71µm
u_picorv32.picorv32_core.cpuregs\[30\]\[20\],35.71µm
net987,35.66µm
u_picorv32.picorv32_core.reg_next_pc\[7\],35.64µm
u_picorv32.picorv32_core.mem_rdata_q\[11\],35.635µm
_05511_,35.59µm
_05300_,35.58µm
_01848_,35.56µm
_03169_,35.535µm
_04315_,35.53µm
u_picorv32.picorv32_core.cpuregs\[15\]\[24\],35.53µm
u_picorv32.picorv32_core.cpuregs\[2\]\[23\],35.515µm
_04638_,35.47µm
_04663_,35.47µm
u_picorv32.picorv32_core.decoded_rd\[4\],35.47µm
_01557_,35.465µm
_05494_,35.445µm
u_picorv32.picorv32_core.cpuregs\[26\]\[28\],35.41µm
_05214_,35.37µm
_03275_,35.365µm
_05168_,35.34µm
u_picorv32.picorv32_core.cpuregs\[11\]\[19\],35.315µm
u_picorv32.picorv32_core.cpuregs\[13\]\[28\],35.3µm
_01616_,35.29µm
u_picorv32.picorv32_core.cpuregs\[10\]\[18\],35.29µm
u_picorv32.picorv32_core.cpuregs\[8\]\[1\],35.29µm
_02179_,35.28µm
_04368_,35.24µm
u_picorv32.picorv32_core.count_cycle\[62\],35.24µm
_04671_,35.23µm
u_picorv32.picorv32_core.mem_rdata_q\[10\],35.23µm
u_picorv32.picorv32_core.cpuregs\[18\]\[5\],35.215µm
u_picorv32.picorv32_core.cpuregs\[1\]\[20\],35.17µm
_04916_,35.16µm
_05302_,35.16µm
_05039_,35.115µm
_04987_,35.11µm
u_picorv32.picorv32_core.cpuregs\[16\]\[16\],35.11µm
u_picorv32.picorv32_core.cpuregs\[1\]\[16\],35.105µm
u_picorv32.picorv32_core.cpuregs\[22\]\[0\],35.095µm
u_picorv32.picorv32_core.cpuregs\[0\]\[28\],35.05µm
u_picorv32.picorv32_core.cpuregs\[11\]\[6\],35.04µm
u_picorv32.picorv32_core.cpuregs\[31\]\[15\],35µm
u_picorv32.picorv32_core.count_cycle\[5\],34.965µm
u_picorv32.picorv32_core.cpuregs\[19\]\[14\],34.95µm
u_picorv32.picorv32_core.cpuregs\[20\]\[17\],34.95µm
_03771_,34.94µm
u_picorv32.picorv32_core.cpuregs\[24\]\[24\],34.94µm
u_picorv32.picorv32_core.cpuregs\[2\]\[26\],34.93µm
_03692_,34.92µm
u_picorv32.picorv32_core.cpuregs\[17\]\[14\],34.875µm
_04392_,34.86µm
_01787_,34.85µm
_01802_,34.825µm
_02386_,34.82µm
_05895_,34.8µm
u_picorv32.picorv32_core.count_instr\[11\],34.765µm
u_picorv32.picorv32_core.cpuregs\[16\]\[5\],34.765µm
u_picorv32.picorv32_core.cpuregs\[21\]\[21\],34.74µm
u_picorv32.picorv32_core.cpuregs\[17\]\[8\],34.7µm
u_picorv32.picorv32_core.cpuregs\[6\]\[23\],34.7µm
_01968_,34.695µm
_03107_,34.68µm
u_picorv32.picorv32_core.cpuregs\[6\]\[9\],34.66µm
_03664_,34.63µm
_06017_,34.62µm
u_picorv32.picorv32_core.cpuregs\[17\]\[28\],34.62µm
u_picorv32.picorv32_core.cpuregs\[31\]\[8\],34.59µm
u_picorv32.picorv32_core.cpuregs\[16\]\[6\],34.58µm
_03601_,34.56µm
u_picorv32.picorv32_core.mem_rdata_q\[0\],34.54µm
u_picorv32.picorv32_core.cpuregs\[15\]\[14\],34.53µm
u_picorv32.picorv32_core.cpuregs\[29\]\[13\],34.495µm
u_picorv32.picorv32_core.cpuregs\[30\]\[10\],34.47µm
_01711_,34.46µm
u_picorv32.picorv32_core.cpuregs\[26\]\[6\],34.46µm
u_picorv32.picorv32_core.cpuregs\[10\]\[20\],34.39µm
u_picorv32.picorv32_core.cpuregs\[12\]\[4\],34.375µm
_05509_,34.34µm
_05221_,34.33µm
u_picorv32.picorv32_core.cpuregs\[14\]\[23\],34.33µm
u_picorv32.picorv32_core.cpuregs\[28\]\[1\],34.33µm
_04949_,34.32µm
_02258_,34.315µm
u_picorv32.picorv32_core.cpuregs\[19\]\[30\],34.27µm
_03799_,34.245µm
u_picorv32.picorv32_core.count_cycle\[60\],34.23µm
u_picorv32.picorv32_core.cpuregs\[16\]\[14\],34.225µm
u_picorv32.picorv32_core.cpuregs\[19\]\[23\],34.21µm
u_picorv32.picorv32_core.cpuregs\[7\]\[2\],34.21µm
_02139_,34.2µm
_02718_,34.15µm
_04371_,34.135µm
_02165_,34.1µm
u_picorv32.picorv32_core.cpuregs\[31\]\[0\],34.1µm
_02207_,34.09µm
_01899_,34.08µm
u_picorv32.picorv32_core.cpuregs\[12\]\[10\],34.075µm
u_picorv32.picorv32_core.instr_sw,34.07µm
u_picorv32.picorv32_core.cpuregs\[2\]\[10\],34.03µm
u_picorv32.picorv32_core.cpuregs\[28\]\[22\],34.005µm
_04475_,33.97µm
u_picorv32.picorv32_core.cpuregs\[13\]\[5\],33.97µm
u_picorv32.picorv32_core.cpuregs\[22\]\[23\],33.935µm
u_picorv32.picorv32_core.cpuregs\[17\]\[5\],33.925µm
_02140_,33.92µm
u_picorv32.picorv32_core.cpuregs\[22\]\[31\],33.915µm
u_picorv32.picorv32_core.cpuregs\[21\]\[7\],33.91µm
_02412_,33.88µm
_01867_,33.85µm
_05093_,33.85µm
_05565_,33.85µm
_02706_,33.845µm
u_picorv32.picorv32_core.cpuregs\[16\]\[24\],33.845µm
_02329_,33.835µm
u_picorv32.picorv32_core.cpuregs\[5\]\[12\],33.835µm
u_picorv32.picorv32_core.cpuregs\[31\]\[3\],33.8µm
_04928_,33.79µm
u_picorv32.picorv32_core.cpuregs\[27\]\[18\],33.79µm
u_picorv32.picorv32_core.cpuregs\[8\]\[27\],33.79µm
u_picorv32.picorv32_core.instr_rdcycleh,33.79µm
_02559_,33.765µm
u_picorv32.picorv32_core.cpuregs\[8\]\[4\],33.745µm
u_picorv32.picorv32_core.cpuregs\[13\]\[7\],33.74µm
net981,33.73µm
u_picorv32.picorv32_core.cpuregs\[26\]\[0\],33.675µm
_01406_,33.66µm
u_picorv32.picorv32_core.cpuregs\[21\]\[19\],33.655µm
u_picorv32.picorv32_core.cpuregs\[25\]\[3\],33.655µm
u_picorv32.picorv32_core.cpuregs\[6\]\[28\],33.635µm
u_picorv32.picorv32_core.cpuregs\[17\]\[18\],33.625µm
u_picorv32.picorv32_core.cpuregs\[22\]\[6\],33.625µm
u_picorv32.picorv32_core.cpuregs\[9\]\[30\],33.62µm
u_picorv32.picorv32_core.cpuregs\[16\]\[23\],33.555µm
_04808_,33.54µm
_05105_,33.54µm
_03161_,33.535µm
u_picorv32.picorv32_core.cpuregs\[22\]\[12\],33.495µm
u_picorv32.picorv32_core.cpuregs\[11\]\[0\],33.49µm
_01788_,33.405µm
u_picorv32.picorv32_core.cpuregs\[25\]\[25\],33.405µm
u_picorv32.picorv32_core.cpuregs\[27\]\[1\],33.385µm
_05310_,33.37µm
u_picorv32.picorv32_core.cpuregs\[21\]\[25\],33.37µm
_05681_,33.325µm
u_picorv32.picorv32_core.cpuregs\[15\]\[11\],33.32µm
u_picorv32.picorv32_core.cpuregs\[16\]\[10\],33.32µm
_05700_,33.285µm
_03693_,33.26µm
net139,33.26µm
u_picorv32.picorv32_core.cpuregs\[23\]\[16\],33.25µm
u_picorv32.picorv32_core.cpuregs\[5\]\[8\],33.25µm
u_picorv32.picorv32_core.cpuregs\[20\]\[22\],33.245µm
_03927_,33.24µm
_05133_,33.24µm
u_picorv32.picorv32_core.cpuregs\[16\]\[26\],33.215µm
u_picorv32.picorv32_core.cpuregs\[22\]\[5\],33.205µm
u_picorv32.picorv32_core.cpuregs\[22\]\[9\],33.2µm
u_picorv32.picorv32_core.cpuregs\[25\]\[6\],33.2µm
u_picorv32.picorv32_core.cpuregs\[29\]\[17\],33.2µm
_02184_,33.19µm
u_picorv32.picorv32_core.cpuregs\[13\]\[13\],33.19µm
u_picorv32.picorv32_core.cpuregs\[18\]\[31\],33.19µm
u_picorv32.picorv32_core.cpuregs\[8\]\[28\],33.19µm
u_picorv32.picorv32_core.cpuregs\[1\]\[22\],33.175µm
_05290_,33.165µm
u_picorv32.picorv32_core.cpuregs\[27\]\[25\],33.145µm
u_picorv32.picorv32_core.cpuregs\[14\]\[18\],33.12µm
u_picorv32.picorv32_core.cpuregs\[21\]\[24\],33.115µm
u_picorv32.picorv32_core.cpuregs\[13\]\[1\],33.09µm
u_picorv32.picorv32_core.cpuregs\[24\]\[12\],33.085µm
u_picorv32.picorv32_core.cpuregs\[17\]\[12\],33.07µm
u_picorv32.picorv32_core.cpuregs\[21\]\[20\],33.07µm
u_picorv32.picorv32_core.cpuregs\[30\]\[4\],33.045µm
_03081_,33.01µm
_05263_,33.01µm
u_picorv32.picorv32_core.cpuregs\[3\]\[3\],32.975µm
u_picorv32.picorv32_core.cpuregs\[5\]\[31\],32.96µm
_04386_,32.94µm
u_picorv32.picorv32_core.cpuregs\[9\]\[23\],32.915µm
u_picorv32.picorv32_core.cpuregs\[9\]\[29\],32.91µm
_02185_,32.905µm
u_picorv32.picorv32_core.cpuregs\[15\]\[2\],32.9µm
u_picorv32.picorv32_core.cpuregs\[3\]\[15\],32.87µm
u_picorv32.picorv32_core.cpuregs\[15\]\[3\],32.84µm
u_picorv32.picorv32_core.cpuregs\[3\]\[16\],32.805µm
u_picorv32.picorv32_core.cpuregs\[12\]\[20\],32.77µm
_04483_,32.76µm
u_picorv32.picorv32_core.cpuregs\[5\]\[19\],32.76µm
u_picorv32.picorv32_core.cpuregs\[24\]\[20\],32.72µm
u_picorv32.picorv32_core.cpuregs\[4\]\[10\],32.72µm
u_picorv32.picorv32_core.cpuregs\[9\]\[6\],32.71µm
u_picorv32.picorv32_core.cpuregs\[11\]\[28\],32.705µm
u_picorv32.picorv32_core.cpuregs\[3\]\[0\],32.675µm
u_picorv32.picorv32_core.cpuregs\[16\]\[8\],32.66µm
u_picorv32.picorv32_core.cpuregs\[27\]\[4\],32.66µm
u_picorv32.picorv32_core.cpuregs\[30\]\[16\],32.645µm
u_picorv32.picorv32_core.cpuregs\[17\]\[29\],32.64µm
u_picorv32.picorv32_core.cpuregs\[12\]\[14\],32.59µm
_05025_,32.58µm
u_picorv32.picorv32_core.cpuregs\[12\]\[28\],32.575µm
_03286_,32.565µm
u_picorv32.picorv32_core.cpuregs\[11\]\[2\],32.555µm
u_picorv32.picorv32_core.cpuregs\[28\]\[3\],32.525µm
net3026,32.505µm
u_picorv32.picorv32_core.cpuregs\[21\]\[26\],32.495µm
u_picorv32.picorv32_core.cpuregs\[7\]\[29\],32.485µm
_03050_,32.47µm
u_picorv32.picorv32_core.cpuregs\[30\]\[14\],32.47µm
u_picorv32.picorv32_core.cpuregs\[4\]\[20\],32.47µm
u_picorv32.picorv32_core.cpuregs\[31\]\[13\],32.46µm
u_picorv32.picorv32_core.cpuregs\[19\]\[16\],32.455µm
_03329_,32.445µm
u_picorv32.picorv32_core.cpuregs\[20\]\[10\],32.425µm
u_picorv32.picorv32_core.cpuregs\[8\]\[0\],32.41µm
net3079,32.41µm
_02356_,32.4µm
u_picorv32.picorv32_core.cpuregs\[15\]\[10\],32.395µm
u_picorv32.picorv32_core.cpuregs\[19\]\[4\],32.395µm
u_picorv32.picorv32_core.cpuregs\[23\]\[31\],32.365µm
u_picorv32.picorv32_core.cpuregs\[9\]\[27\],32.365µm
u_picorv32.picorv32_core.cpuregs\[16\]\[20\],32.36µm
_02602_,32.35µm
u_picorv32.picorv32_core.cpuregs\[10\]\[29\],32.35µm
u_picorv32.picorv32_core.cpuregs\[18\]\[0\],32.35µm
_02800_,32.34µm
u_picorv32.picorv32_core.cpuregs\[0\]\[5\],32.34µm
u_picorv32.picorv32_core.count_instr\[17\],32.335µm
u_picorv32.picorv32_core.cpuregs\[16\]\[13\],32.335µm
_02789_,32.315µm
u_picorv32.picorv32_core.cpuregs\[5\]\[10\],32.29µm
u_picorv32.picorv32_core.cpuregs\[8\]\[6\],32.29µm
_03428_,32.28µm
u_picorv32.picorv32_core.cpuregs\[12\]\[22\],32.245µm
u_picorv32.picorv32_core.cpuregs\[20\]\[20\],32.24µm
_04765_,32.23µm
u_picorv32.picorv32_core.cpuregs\[26\]\[7\],32.23µm
u_picorv32.picorv32_core.cpuregs\[21\]\[5\],32.22µm
_05533_,32.205µm
u_picorv32.picorv32_core.cpuregs\[27\]\[10\],32.195µm
u_picorv32.picorv32_core.decoded_imm_j\[4\],32.195µm
_04119_,32.185µm
u_picorv32.picorv32_core.cpuregs\[15\]\[28\],32.13µm
u_picorv32.picorv32_core.reg_out\[16\],32.115µm
u_picorv32.picorv32_core.cpuregs\[26\]\[12\],32.11µm
u_picorv32.picorv32_core.cpuregs\[26\]\[19\],32.11µm
u_picorv32.picorv32_core.cpuregs\[31\]\[11\],32.105µm
_05122_,32.1µm
_01790_,32.07µm
u_picorv32.picorv32_core.cpuregs\[23\]\[19\],32.055µm
u_picorv32.picorv32_core.cpuregs\[25\]\[13\],32.04µm
u_picorv32.picorv32_core.cpuregs\[16\]\[4\],32µm
u_picorv32.picorv32_core.cpuregs\[5\]\[25\],32µm
u_picorv32.picorv32_core.cpuregs\[0\]\[20\],31.99µm
_01648_,31.985µm
net35,31.95µm
_02699_,31.94µm
_04920_,31.94µm
_03591_,31.935µm
_05293_,31.93µm
u_picorv32.picorv32_core.cpuregs\[15\]\[23\],31.93µm
_05169_,31.92µm
_01629_,31.905µm
u_picorv32.picorv32_core.cpuregs\[5\]\[20\],31.905µm
_04169_,31.87µm
_04456_,31.865µm
_03495_,31.86µm
u_picorv32.picorv32_core.cpuregs\[17\]\[9\],31.82µm
u_picorv32.picorv32_core.cpuregs\[23\]\[22\],31.8µm
u_picorv32.picorv32_core.cpuregs\[27\]\[15\],31.785µm
u_picorv32.picorv32_core.cpuregs\[8\]\[22\],31.785µm
u_picorv32.picorv32_core.cpuregs\[22\]\[18\],31.765µm
_03444_,31.725µm
u_picorv32.picorv32_core.cpuregs\[5\]\[1\],31.725µm
u_picorv32.picorv32_core.cpuregs\[20\]\[16\],31.695µm
_04665_,31.69µm
u_picorv32.picorv32_core.cpuregs\[28\]\[16\],31.68µm
_01729_,31.635µm
_01425_,31.63µm
_02093_,31.63µm
_04257_,31.62µm
_04588_,31.62µm
_01863_,31.615µm
u_picorv32.picorv32_core.count_instr\[59\],31.61µm
u_picorv32.picorv32_core.cpuregs\[31\]\[12\],31.595µm
u_picorv32.picorv32_core.cpuregs\[6\]\[14\],31.595µm
u_picorv32.picorv32_core.cpuregs\[11\]\[15\],31.585µm
u_picorv32.picorv32_core.cpuregs\[9\]\[14\],31.515µm
_02548_,31.51µm
u_picorv32.picorv32_core.cpuregs\[25\]\[24\],31.51µm
u_picorv32.picorv32_core.cpuregs\[5\]\[30\],31.51µm
u_picorv32.picorv32_core.cpuregs\[19\]\[28\],31.49µm
_05602_,31.47µm
u_picorv32.picorv32_core.cpuregs\[8\]\[18\],31.465µm
u_picorv32.picorv32_core.cpuregs\[13\]\[26\],31.46µm
u_picorv32.picorv32_core.cpuregs\[31\]\[5\],31.46µm
_01768_,31.45µm
_02719_,31.45µm
_04331_,31.45µm
u_picorv32.picorv32_core.cpuregs\[11\]\[8\],31.45µm
_03077_,31.44µm
_05490_,31.44µm
u_picorv32.picorv32_core.count_cycle\[63\],31.41µm
u_picorv32.picorv32_core.cpuregs\[13\]\[9\],31.405µm
u_picorv32.picorv32_core.count_cycle\[26\],31.4µm
u_picorv32.picorv32_core.cpuregs\[16\]\[29\],31.385µm
_04952_,31.38µm
u_picorv32.picorv32_core.cpuregs\[13\]\[3\],31.38µm
u_picorv32.picorv32_core.cpuregs\[7\]\[28\],31.38µm
u_picorv32.picorv32_core.count_cycle\[35\],31.375µm
_03059_,31.37µm
u_picorv32.picorv32_core.cpuregs\[28\]\[15\],31.355µm
_05422_,31.335µm
u_picorv32.picorv32_core.cpuregs\[2\]\[5\],31.33µm
_05297_,31.32µm
u_picorv32.picorv32_core.cpuregs\[11\]\[10\],31.285µm
net112,31.27µm
u_picorv32.picorv32_core.cpuregs\[19\]\[5\],31.27µm
u_picorv32.picorv32_core.cpuregs\[26\]\[20\],31.27µm
_05063_,31.26µm
u_picorv32.picorv32_core.cpuregs\[8\]\[19\],31.23µm
u_picorv32.picorv32_core.cpuregs\[6\]\[24\],31.225µm
_02976_,31.205µm
u_picorv32.picorv32_core.cpuregs\[9\]\[0\],31.2µm
u_picorv32.picorv32_core.cpuregs\[3\]\[29\],31.185µm
u_picorv32.picorv32_core.cpuregs\[28\]\[29\],31.17µm
u_picorv32.picorv32_core.cpuregs\[29\]\[1\],31.16µm
u_picorv32.picorv32_core.cpuregs\[7\]\[22\],31.15µm
u_picorv32.picorv32_core.cpuregs\[27\]\[31\],31.13µm
u_picorv32.picorv32_core.cpuregs\[14\]\[8\],31.09µm
_05391_,31.08µm
u_picorv32.picorv32_core.cpuregs\[8\]\[7\],31.08µm
u_picorv32.picorv32_core.cpuregs\[28\]\[8\],31.05µm
u_picorv32.picorv32_core.cpuregs\[4\]\[18\],31.03µm
_01592_,30.995µm
u_picorv32.picorv32_core.cpuregs\[31\]\[18\],30.98µm
_05469_,30.965µm
_05213_,30.96µm
u_picorv32.picorv32_core.cpuregs\[29\]\[0\],30.945µm
_04293_,30.94µm
u_picorv32.picorv32_core.cpuregs\[1\]\[17\],30.925µm
_05244_,30.92µm
_05541_,30.915µm
u_picorv32.picorv32_core.cpuregs\[2\]\[12\],30.91µm
u_picorv32.picorv32_core.cpuregs\[12\]\[26\],30.885µm
u_picorv32.picorv32_core.cpuregs\[13\]\[30\],30.88µm
u_picorv32.picorv32_core.cpuregs\[17\]\[20\],30.875µm
u_picorv32.picorv32_core.cpuregs\[18\]\[17\],30.86µm
u_picorv32.picorv32_core.cpuregs\[27\]\[26\],30.85µm
_04107_,30.84µm
_05918_,30.84µm
u_picorv32.picorv32_core.cpuregs\[12\]\[16\],30.805µm
_01861_,30.8µm
_04744_,30.8µm
net506,30.8µm
_03619_,30.78µm
_03834_,30.78µm
_04667_,30.78µm
_03181_,30.775µm
_05694_,30.775µm
u_picorv32.picorv32_core.cpuregs\[25\]\[5\],30.775µm
u_picorv32.picorv32_core.cpuregs\[12\]\[18\],30.74µm
u_picorv32.picorv32_core.cpuregs\[21\]\[14\],30.73µm
_04248_,30.68µm
u_picorv32.picorv32_core.cpuregs\[8\]\[30\],30.67µm
u_picorv32.picorv32_core.count_instr\[57\],30.66µm
u_picorv32.picorv32_core.cpuregs\[12\]\[11\],30.655µm
u_picorv32.picorv32_core.cpuregs\[28\]\[9\],30.64µm
u_picorv32.picorv32_core.cpuregs\[13\]\[2\],30.61µm
u_picorv32.picorv32_core.cpuregs\[27\]\[23\],30.61µm
u_picorv32.picorv32_core.cpuregs\[13\]\[23\],30.585µm
net1045,30.58µm
u_picorv32.picorv32_core.cpuregs\[24\]\[22\],30.55µm
u_picorv32.picorv32_core.cpuregs\[26\]\[10\],30.53µm
u_picorv32.picorv32_core.cpuregs\[27\]\[13\],30.505µm
_02491_,30.49µm
_05067_,30.49µm
_05465_,30.49µm
u_picorv32.picorv32_core.cpuregs\[30\]\[7\],30.475µm
u_picorv32.picorv32_core.cpuregs\[25\]\[1\],30.44µm
u_picorv32.picorv32_core.cpuregs\[6\]\[13\],30.44µm
_04385_,30.43µm
_05264_,30.43µm
_05362_,30.43µm
u_picorv32.picorv32_core.cpuregs\[22\]\[30\],30.415µm
u_picorv32.picorv32_core.cpuregs\[30\]\[19\],30.41µm
u_picorv32.picorv32_core.cpuregs\[23\]\[7\],30.37µm
u_picorv32.picorv32_core.cpuregs\[26\]\[21\],30.37µm
_04802_,30.36µm
_04940_,30.36µm
u_picorv32.picorv32_core.cpuregs\[28\]\[7\],30.36µm
u_picorv32.picorv32_core.mem_do_wdata,30.36µm
u_picorv32.picorv32_core.cpuregs\[15\]\[16\],30.335µm
u_picorv32.picorv32_core.count_cycle\[28\],30.325µm
u_picorv32.picorv32_core.cpuregs\[27\]\[20\],30.32µm
u_picorv32.picorv32_core.cpuregs\[17\]\[10\],30.295µm
u_picorv32.picorv32_core.cpuregs\[6\]\[7\],30.26µm
u_picorv32.picorv32_core.cpuregs\[8\]\[9\],30.26µm
_04977_,30.24µm
_03007_,30.19µm
u_picorv32.picorv32_core.cpuregs\[17\]\[1\],30.165µm
_05501_,30.145µm
u_picorv32.picorv32_core.cpuregs\[13\]\[6\],30.13µm
u_picorv32.picorv32_core.cpuregs\[19\]\[24\],30.13µm
u_picorv32.picorv32_core.cpuregs\[16\]\[19\],30.125µm
_02433_,30.115µm
u_picorv32.picorv32_core.cpuregs\[27\]\[29\],30.115µm
u_picorv32.picorv32_core.cpuregs\[10\]\[9\],30.07µm
u_picorv32.picorv32_core.cpuregs\[4\]\[12\],30.07µm
u_picorv32.picorv32_core.cpuregs\[14\]\[9\],30.055µm
u_picorv32.picorv32_core.cpuregs\[18\]\[6\],30.035µm
u_picorv32.picorv32_core.count_cycle\[14\],30.03µm
u_picorv32.picorv32_core.cpuregs\[22\]\[27\],30.025µm
_02535_,30.01µm
u_picorv32.picorv32_core.cpuregs\[8\]\[31\],30.01µm
u_picorv32.picorv32_core.cpuregs\[27\]\[14\],29.95µm
u_picorv32.picorv32_core.cpuregs\[7\]\[9\],29.95µm
u_picorv32.picorv32_core.cpuregs\[20\]\[26\],29.91µm
u_picorv32.picorv32_core.cpuregs\[15\]\[8\],29.89µm
u_picorv32.picorv32_core.cpuregs\[19\]\[25\],29.89µm
u_picorv32.picorv32_core.cpuregs\[19\]\[29\],29.89µm
u_picorv32.picorv32_core.cpuregs\[4\]\[7\],29.89µm
u_picorv32.picorv32_core.cpuregs\[31\]\[19\],29.885µm
u_picorv32.picorv32_core.cpuregs\[15\]\[21\],29.875µm
u_picorv32.picorv32_core.cpuregs\[24\]\[14\],29.875µm
u_picorv32.picorv32_core.cpuregs\[8\]\[29\],29.875µm
u_picorv32.picorv32_core.reg_next_pc\[22\],29.85µm
u_picorv32.picorv32_core.cpuregs\[30\]\[23\],29.83µm
u_picorv32.picorv32_core.cpuregs\[5\]\[13\],29.79µm
u_picorv32.picorv32_core.cpuregs\[21\]\[12\],29.78µm
u_picorv32.picorv32_core.cpuregs\[12\]\[5\],29.77µm
u_picorv32.picorv32_core.cpuregs\[12\]\[30\],29.755µm
net118,29.725µm
u_picorv32.picorv32_core.cpuregs\[26\]\[13\],29.715µm
u_picorv32.picorv32_core.cpuregs\[15\]\[6\],29.71µm
_04999_,29.7µm
_05528_,29.7µm
net982,29.68µm
u_picorv32.picorv32_core.cpuregs\[21\]\[31\],29.67µm
u_picorv32.picorv32_core.cpuregs\[25\]\[14\],29.66µm
u_picorv32.picorv32_core.cpuregs\[10\]\[11\],29.65µm
u_picorv32.picorv32_core.cpuregs\[17\]\[27\],29.65µm
u_picorv32.picorv32_core.cpuregs\[4\]\[24\],29.65µm
u_picorv32.picorv32_core.cpuregs\[6\]\[6\],29.65µm
_03584_,29.63µm
u_picorv32.picorv32_core.cpuregs\[17\]\[6\],29.605µm
u_picorv32.picorv32_core.cpuregs\[27\]\[0\],29.605µm
_01764_,29.6µm
u_picorv32.picorv32_core.cpuregs\[17\]\[11\],29.59µm
u_picorv32.picorv32_core.cpuregs\[30\]\[18\],29.59µm
_01542_,29.58µm
_05065_,29.58µm
_05551_,29.58µm
u_picorv32.picorv32_core.cpuregs\[17\]\[22\],29.575µm
u_picorv32.picorv32_core.cpuregs\[27\]\[19\],29.57µm
u_picorv32.picorv32_core.cpuregs\[1\]\[12\],29.515µm
u_picorv32.picorv32_core.cpuregs\[21\]\[17\],29.515µm
_01727_,29.51µm
u_picorv32.picorv32_core.count_cycle\[3\],29.5µm
u_picorv32.picorv32_core.cpuregs\[12\]\[6\],29.48µm
u_picorv32.picorv32_core.cpuregs\[3\]\[11\],29.48µm
u_picorv32.picorv32_core.cpuregs\[6\]\[1\],29.48µm
u_picorv32.picorv32_core.cpuregs\[1\]\[18\],29.475µm
u_picorv32.picorv32_core.cpuregs\[6\]\[18\],29.475µm
_03135_,29.47µm
u_picorv32.picorv32_core.cpuregs\[18\]\[16\],29.47µm
_05108_,29.46µm
_05734_,29.46µm
u_picorv32.picorv32_core.count_instr\[6\],29.46µm
u_picorv32.picorv32_core.cpuregs\[19\]\[3\],29.455µm
u_picorv32.picorv32_core.cpuregs\[9\]\[22\],29.425µm
u_picorv32.picorv32_core.reg_next_pc\[24\],29.42µm
u_picorv32.picorv32_core.cpuregs\[27\]\[24\],29.41µm
_04434_,29.4µm
u_picorv32.picorv32_core.cpuregs\[4\]\[16\],29.395µm
u_picorv32.picorv32_core.cpuregs\[1\]\[9\],29.37µm
_03366_,29.365µm
u_picorv32.picorv32_core.cpuregs\[8\]\[5\],29.36µm
u_picorv32.picorv32_core.cpuregs\[28\]\[19\],29.35µm
net503,29.335µm
u_picorv32.picorv32_core.cpuregs\[6\]\[5\],29.325µm
_01730_,29.305µm
_01760_,29.29µm
net31,29.29µm
u_picorv32.picorv32_core.cpuregs\[17\]\[7\],29.29µm
_03740_,29.275µm
_02523_,29.24µm
_04714_,29.23µm
u_picorv32.picorv32_core.cpuregs\[16\]\[30\],29.23µm
u_picorv32.picorv32_core.cpuregs\[23\]\[17\],29.22µm
_02159_,29.18µm
_01321_,29.16µm
_02260_,29.16µm
_02622_,29.16µm
_04127_,29.16µm
u_picorv32.picorv32_core.cpuregs\[25\]\[31\],29.145µm
u_picorv32.picorv32_core.cpuregs\[17\]\[23\],29.11µm
_03749_,29.105µm
_05412_,29.1µm
u_picorv32.picorv32_core.cpuregs\[14\]\[24\],29.095µm
u_picorv32.picorv32_core.cpuregs\[31\]\[29\],29.07µm
u_picorv32.picorv32_core.cpuregs\[12\]\[21\],29.06µm
u_picorv32.picorv32_core.cpuregs\[17\]\[25\],29.05µm
u_picorv32.picorv32_core.cpuregs\[30\]\[27\],29.05µm
_01546_,29.045µm
_01846_,29.04µm
_05051_,29.04µm
u_picorv32.picorv32_core.cpuregs\[15\]\[9\],29.04µm
u_picorv32.picorv32_core.cpuregs\[23\]\[2\],29.03µm
u_picorv32.picorv32_core.cpuregs\[24\]\[4\],29.005µm
u_picorv32.picorv32_core.cpuregs\[30\]\[9\],29µm
u_picorv32.picorv32_core.cpuregs\[14\]\[17\],28.99µm
u_picorv32.picorv32_core.cpuregs\[8\]\[17\],28.99µm
u_picorv32.picorv32_core.cpuregs\[29\]\[27\],28.98µm
u_picorv32.picorv32_core.cpuregs\[15\]\[15\],28.965µm
u_picorv32.picorv32_core.cpuregs\[24\]\[28\],28.965µm
u_picorv32.picorv32_core.cpuregs\[5\]\[4\],28.95µm
u_picorv32.picorv32_core.cpuregs\[11\]\[21\],28.945µm
u_picorv32.picorv32_core.cpuregs\[1\]\[7\],28.945µm
u_picorv32.picorv32_core.cpuregs\[4\]\[15\],28.945µm
_02046_,28.94µm
_02365_,28.94µm
u_picorv32.picorv32_core.cpuregs\[5\]\[16\],28.94µm
u_picorv32.picorv32_core.cpuregs\[11\]\[12\],28.935µm
u_picorv32.picorv32_core.cpuregs\[27\]\[30\],28.925µm
u_picorv32.picorv32_core.cpuregs\[29\]\[19\],28.925µm
u_picorv32.picorv32_core.cpuregs\[17\]\[30\],28.895µm
_03057_,28.89µm
u_picorv32.picorv32_core.cpuregs\[29\]\[25\],28.885µm
u_picorv32.picorv32_core.cpuregs\[1\]\[13\],28.88µm
u_picorv32.picorv32_core.cpuregs\[4\]\[11\],28.87µm
u_picorv32.picorv32_core.cpuregs\[6\]\[15\],28.87µm
_02112_,28.86µm
u_picorv32.picorv32_core.cpuregs\[17\]\[21\],28.855µm
u_picorv32.picorv32_core.cpuregs\[28\]\[12\],28.855µm
u_picorv32.picorv32_core.cpuregs\[18\]\[29\],28.835µm
u_picorv32.picorv32_core.cpuregs\[29\]\[31\],28.83µm
_04993_,28.81µm
u_picorv32.picorv32_core.cpuregs\[11\]\[5\],28.81µm
u_picorv32.picorv32_core.cpuregs\[21\]\[16\],28.81µm
u_picorv32.picorv32_core.count_cycle\[55\],28.795µm
_05717_,28.785µm
u_picorv32.picorv32_core.cpuregs\[22\]\[29\],28.76µm
u_picorv32.picorv32_core.cpuregs\[20\]\[4\],28.725µm
u_picorv32.picorv32_core.cpuregs\[21\]\[3\],28.705µm
u_picorv32.picorv32_core.cpuregs\[31\]\[16\],28.705µm
u_picorv32.picorv32_core.cpuregs\[1\]\[4\],28.69µm
u_picorv32.picorv32_core.cpuregs\[30\]\[24\],28.68µm
_05042_,28.675µm
u_picorv32.picorv32_core.cpuregs\[12\]\[0\],28.675µm
u_picorv32.picorv32_core.cpuregs\[13\]\[17\],28.645µm
u_picorv32.picorv32_core.cpuregs\[14\]\[25\],28.64µm
_03272_,28.635µm
_03636_,28.63µm
u_picorv32.picorv32_core.cpuregs\[11\]\[13\],28.63µm
u_picorv32.picorv32_core.cpuregs\[20\]\[8\],28.63µm
u_picorv32.picorv32_core.cpuregs\[8\]\[20\],28.63µm
u_picorv32.picorv32_core.cpuregs\[9\]\[11\],28.615µm
_02546_,28.58µm
u_picorv32.picorv32_core.cpuregs\[26\]\[8\],28.57µm
_03729_,28.56µm
_04498_,28.56µm
u_picorv32.picorv32_core.cpuregs\[19\]\[26\],28.55µm
_02895_,28.53µm
u_picorv32.picorv32_core.cpuregs\[24\]\[27\],28.52µm
_05668_,28.51µm
u_picorv32.picorv32_core.cpuregs\[16\]\[3\],28.51µm
u_picorv32.picorv32_core.cpuregs\[5\]\[5\],28.51µm
u_picorv32.picorv32_core.cpuregs\[31\]\[7\],28.495µm
u_picorv32.picorv32_core.cpuregs\[23\]\[27\],28.48µm
u_picorv32.picorv32_core.cpuregs\[25\]\[10\],28.465µm
_02587_,28.45µm
_05762_,28.44µm
u_picorv32.picorv32_core.cpuregs\[23\]\[20\],28.425µm
u_picorv32.picorv32_core.cpuregs\[15\]\[5\],28.41µm
u_picorv32.picorv32_core.cpuregs\[14\]\[4\],28.4µm
_05078_,28.38µm
_04060_,28.36µm
u_picorv32.picorv32_core.cpuregs\[8\]\[11\],28.355µm
_01645_,28.345µm
u_picorv32.picorv32_core.cpuregs\[11\]\[25\],28.345µm
u_picorv32.picorv32_core.cpuregs\[28\]\[17\],28.335µm
_02098_,28.33µm
u_picorv32.picorv32_core.cpuregs\[16\]\[2\],28.33µm
u_picorv32.picorv32_core.cpuregs\[7\]\[23\],28.33µm
_01728_,28.32µm
u_picorv32.picorv32_core.cpuregs\[1\]\[0\],28.32µm
u_picorv32.picorv32_core.cpuregs\[30\]\[21\],28.32µm
u_picorv32.picorv32_core.cpuregs\[6\]\[2\],28.3µm
u_picorv32.picorv32_core.cpuregs\[11\]\[29\],28.275µm
_02350_,28.27µm
u_picorv32.picorv32_core.cpuregs\[19\]\[22\],28.27µm
u_picorv32.picorv32_core.cpuregs\[18\]\[8\],28.26µm
_03534_,28.235µm
_04649_,28.225µm
u_picorv32.picorv32_core.cpuregs\[31\]\[17\],28.215µm
_02624_,28.21µm
_05131_,28.2µm
u_picorv32.picorv32_core.cpuregs\[0\]\[2\],28.15µm
u_picorv32.picorv32_core.cpuregs\[9\]\[10\],28.15µm
u_picorv32.picorv32_core.cpuregs\[14\]\[3\],28.14µm
u_picorv32.picorv32_core.cpuregs\[9\]\[26\],28.135µm
u_picorv32.picorv32_core.cpuregs\[2\]\[7\],28.1µm
u_picorv32.picorv32_core.cpuregs\[8\]\[12\],28.1µm
_04077_,28.09µm
u_picorv32.picorv32_core.cpuregs\[14\]\[11\],28.085µm
u_picorv32.picorv32_core.cpuregs\[20\]\[7\],28.06µm
u_picorv32.picorv32_core.cpuregs\[20\]\[19\],28.05µm
u_picorv32.picorv32_core.cpuregs\[29\]\[22\],28.045µm
u_picorv32.picorv32_core.cpuregs\[1\]\[10\],28.04µm
u_picorv32.picorv32_core.cpuregs\[10\]\[2\],28.03µm
u_picorv32.picorv32_core.cpuregs\[19\]\[20\],28.03µm
_02604_,27.995µm
u_picorv32.picorv32_core.cpuregs\[7\]\[12\],27.99µm
u_picorv32.picorv32_core.cpuregs\[1\]\[28\],27.985µm
u_picorv32.picorv32_core.cpuregs\[12\]\[25\],27.98µm
u_picorv32.picorv32_core.cpuregs\[8\]\[15\],27.98µm
_01778_,27.97µm
u_picorv32.picorv32_core.count_cycle\[20\],27.97µm
u_picorv32.picorv32_core.cpuregs\[17\]\[4\],27.97µm
_02815_,27.955µm
_03795_,27.955µm
u_picorv32.picorv32_core.cpuregs\[20\]\[11\],27.93µm
u_picorv32.picorv32_core.cpuregs\[5\]\[14\],27.92µm
u_picorv32.picorv32_core.cpuregs\[11\]\[31\],27.91µm
u_picorv32.picorv32_core.cpuregs\[31\]\[23\],27.91µm
u_picorv32.picorv32_core.cpuregs\[16\]\[1\],27.875µm
u_picorv32.picorv32_core.cpuregs\[26\]\[16\],27.87µm
u_picorv32.picorv32_core.cpuregs\[30\]\[28\],27.865µm
_02753_,27.86µm
_05646_,27.86µm
_04973_,27.85µm
_05313_,27.85µm
u_picorv32.picorv32_core.cpuregs\[9\]\[24\],27.85µm
_05298_,27.84µm
net133,27.84µm
_01862_,27.815µm
u_picorv32.picorv32_core.instr_bltu,27.815µm
_01628_,27.8µm
u_picorv32.picorv32_core.cpuregs\[24\]\[5\],27.765µm
u_picorv32.picorv32_core.cpuregs\[14\]\[15\],27.745µm
_03113_,27.735µm
_02043_,27.73µm
u_picorv32.picorv32_core.cpuregs\[29\]\[18\],27.72µm
u_picorv32.picorv32_core.cpuregs\[20\]\[25\],27.705µm
_01753_,27.69µm
_04464_,27.69µm
u_picorv32.picorv32_core.cpuregs\[6\]\[26\],27.68µm
u_picorv32.picorv32_core.cpuregs\[23\]\[30\],27.67µm
u_picorv32.picorv32_core.count_cycle\[27\],27.665µm
u_picorv32.picorv32_core.cpuregs\[28\]\[13\],27.665µm
u_picorv32.picorv32_core.cpuregs\[1\]\[24\],27.66µm
u_picorv32.picorv32_core.cpuregs\[27\]\[6\],27.655µm
_03349_,27.65µm
_03073_,27.62µm
u_picorv32.picorv32_core.cpuregs\[24\]\[3\],27.62µm
u_picorv32.picorv32_core.cpuregs\[11\]\[18\],27.61µm
u_picorv32.picorv32_core.cpuregs\[25\]\[2\],27.61µm
_04544_,27.6µm
_04875_,27.6µm
_05000_,27.6µm
_05128_,27.6µm
u_picorv32.picorv32_core.cpuregs\[26\]\[17\],27.595µm
u_picorv32.picorv32_core.cpuregs\[7\]\[15\],27.595µm
_01713_,27.585µm
_03421_,27.565µm
u_picorv32.picorv32_core.cpuregs\[29\]\[26\],27.565µm
u_picorv32.picorv32_core.cpuregs\[26\]\[11\],27.56µm
_04918_,27.55µm
u_picorv32.picorv32_core.cpuregs\[11\]\[7\],27.55µm
u_picorv32.picorv32_core.cpuregs\[3\]\[22\],27.54µm
u_picorv32.picorv32_core.cpuregs\[26\]\[27\],27.53µm
u_picorv32.picorv32_core.cpuregs\[7\]\[21\],27.515µm
u_picorv32.picorv32_core.cpuregs\[22\]\[2\],27.51µm
u_picorv32.picorv32_core.cpuregs\[31\]\[1\],27.51µm
_02447_,27.5µm
u_picorv32.picorv32_core.cpuregs\[13\]\[31\],27.5µm
u_picorv32.picorv32_core.cpuregs\[14\]\[26\],27.49µm
u_picorv32.picorv32_core.cpuregs\[19\]\[12\],27.475µm
u_picorv32.picorv32_core.cpuregs\[23\]\[28\],27.475µm
net1304,27.455µm
u_picorv32.picorv32_core.cpuregs\[30\]\[15\],27.445µm
u_picorv32.picorv32_core.cpuregs\[25\]\[4\],27.44µm
_03417_,27.435µm
_04314_,27.42µm
u_picorv32.picorv32_core.cpuregs\[10\]\[0\],27.405µm
_03768_,27.395µm
u_picorv32.picorv32_core.cpuregs\[18\]\[22\],27.39µm
u_picorv32.picorv32_core.count_cycle\[59\],27.38µm
u_picorv32.picorv32_core.cpuregs\[22\]\[11\],27.37µm
u_picorv32.picorv32_core.cpuregs\[30\]\[6\],27.37µm
u_picorv32.picorv32_core.cpuregs\[1\]\[14\],27.355µm
u_picorv32.picorv32_core.reg_pc\[26\],27.34µm
u_picorv32.picorv32_core.cpuregs\[30\]\[11\],27.335µm
_02196_,27.33µm
u_picorv32.picorv32_core.cpuregs\[15\]\[12\],27.325µm
u_picorv32.picorv32_core.cpuregs\[18\]\[25\],27.325µm
u_picorv32.picorv32_core.cpuregs\[29\]\[3\],27.325µm
u_picorv32.picorv32_core.cpuregs\[11\]\[30\],27.315µm
u_picorv32.picorv32_core.cpuregs\[29\]\[28\],27.285µm
u_picorv32.picorv32_core.count_instr\[50\],27.26µm
net119,27.25µm
u_picorv32.picorv32_core.cpuregs\[12\]\[31\],27.25µm
u_picorv32.picorv32_core.cpuregs\[9\]\[8\],27.25µm
u_picorv32.picorv32_core.cpuregs\[21\]\[27\],27.235µm
u_picorv32.picorv32_core.cpuregs\[8\]\[3\],27.2µm
_03624_,27.18µm
_05227_,27.18µm
u_picorv32.picorv32_core.cpuregs\[29\]\[4\],27.155µm
_04590_,27.13µm
u_picorv32.picorv32_core.cpuregs\[16\]\[18\],27.13µm
u_picorv32.picorv32_core.cpuregs\[17\]\[15\],27.13µm
u_picorv32.picorv32_core.cpuregs\[20\]\[1\],27.13µm
_04979_,27.12µm
_05171_,27.12µm
u_picorv32.picorv32_core.cpuregs\[12\]\[24\],27.115µm
_05915_,27.08µm
u_picorv32.picorv32_core.instr_slti,27.08µm
u_picorv32.picorv32_core.cpuregs\[10\]\[26\],27.07µm
u_picorv32.picorv32_core.cpuregs\[20\]\[28\],27.05µm
_03637_,27.03µm
u_picorv32.picorv32_core.cpuregs\[20\]\[9\],27.02µm
_02158_,27.01µm
_04658_,27.01µm
u_picorv32.picorv32_core.cpuregs\[0\]\[6\],27.01µm
u_picorv32.picorv32_core.cpuregs\[2\]\[28\],27.01µm
u_picorv32.picorv32_core.cpuregs\[30\]\[25\],27.01µm
u_picorv32.picorv32_core.cpuregs\[7\]\[10\],27.01µm
_05574_,27µm
u_picorv32.picorv32_core.cpuregs\[15\]\[0\],26.995µm
u_picorv32.picorv32_core.cpuregs\[23\]\[24\],26.995µm
u_picorv32.picorv32_core.cpuregs\[25\]\[9\],26.985µm
u_picorv32.picorv32_core.cpuregs\[11\]\[27\],26.975µm
u_picorv32.picorv32_core.cpuregs\[21\]\[18\],26.97µm
u_picorv32.picorv32_core.cpuregs\[25\]\[26\],26.97µm
net114,26.955µm
_05276_,26.95µm
_05659_,26.915µm
_01723_,26.9µm
_03106_,26.9µm
_05615_,26.9µm
_04937_,26.89µm
_05591_,26.89µm
_05654_,26.89µm
u_picorv32.picorv32_core.cpuregs\[0\]\[27\],26.885µm
u_picorv32.picorv32_core.cpuregs\[23\]\[12\],26.865µm
u_picorv32.picorv32_core.cpuregs\[20\]\[2\],26.86µm
_01755_,26.84µm
_03666_,26.83µm
_05185_,26.83µm
u_picorv32.picorv32_core.cpuregs\[18\]\[2\],26.815µm
u_picorv32.picorv32_core.cpuregs\[22\]\[3\],26.805µm
u_picorv32.picorv32_core.count_cycle\[30\],26.8µm
u_picorv32.picorv32_core.cpuregs\[28\]\[6\],26.77µm
_05287_,26.76µm
u_picorv32.picorv32_core.cpuregs\[8\]\[26\],26.76µm
_03012_,26.73µm
u_picorv32.picorv32_core.cpuregs\[24\]\[17\],26.725µm
u_picorv32.picorv32_core.cpuregs\[29\]\[21\],26.72µm
u_picorv32.picorv32_core.cpuregs\[2\]\[14\],26.72µm
_05143_,26.71µm
u_picorv32.picorv32_core.cpuregs\[18\]\[27\],26.71µm
u_picorv32.picorv32_core.cpuregs\[1\]\[3\],26.71µm
u_picorv32.picorv32_core.cpuregs\[28\]\[2\],26.71µm
u_picorv32.picorv32_core.cpuregs\[3\]\[13\],26.695µm
_05106_,26.66µm
u_picorv32.picorv32_core.cpuregs\[29\]\[9\],26.66µm
_02136_,26.65µm
u_picorv32.picorv32_core.cpuregs\[0\]\[26\],26.65µm
u_picorv32.picorv32_core.cpuregs\[21\]\[4\],26.65µm
_04083_,26.64µm
_04803_,26.64µm
_04924_,26.64µm
u_picorv32.picorv32_core.cpuregs\[29\]\[20\],26.64µm
_03388_,26.635µm
u_picorv32.picorv32_core.cpuregs\[18\]\[7\],26.635µm
u_picorv32.picorv32_core.cpuregs\[14\]\[6\],26.62µm
u_picorv32.picorv32_core.cpuregs\[4\]\[17\],26.62µm
u_picorv32.picorv32_core.cpuregs\[25\]\[0\],26.6µm
_01677_,26.58µm
_02298_,26.58µm
u_picorv32.picorv32_core.cpuregs\[4\]\[27\],26.575µm
u_picorv32.picorv32_core.cpuregs\[24\]\[6\],26.555µm
u_picorv32.picorv32_core.cpuregs\[24\]\[25\],26.545µm
_03667_,26.53µm
u_picorv32.picorv32_core.cpuregs\[29\]\[5\],26.53µm
_02634_,26.52µm
_03515_,26.52µm
u_picorv32.picorv32_core.cpuregs\[21\]\[22\],26.515µm
u_picorv32.picorv32_core.cpuregs\[18\]\[20\],26.495µm
_04188_,26.49µm
u_picorv32.picorv32_core.cpuregs\[9\]\[19\],26.49µm
u_picorv32.picorv32_core.cpuregs\[3\]\[5\],26.485µm
u_picorv32.picorv32_core.cpuregs\[7\]\[13\],26.485µm
_04586_,26.46µm
u_picorv32.picorv32_core.cpuregs\[26\]\[24\],26.45µm
_03570_,26.445µm
_04707_,26.43µm
u_picorv32.picorv32_core.cpuregs\[6\]\[29\],26.425µm
_01572_,26.42µm
_01797_,26.42µm
_02935_,26.41µm
_05252_,26.41µm
_04312_,26.4µm
u_picorv32.picorv32_core.cpuregs\[31\]\[30\],26.385µm
u_picorv32.picorv32_core.reg_out\[25\],26.375µm
u_picorv32.picorv32_core.cpuregs\[25\]\[16\],26.37µm
u_picorv32.picorv32_core.cpuregs\[25\]\[30\],26.37µm
u_picorv32.picorv32_core.mem_rdata_q\[17\],26.365µm
_02137_,26.36µm
u_picorv32.picorv32_core.cpuregs\[1\]\[29\],26.36µm
u_picorv32.picorv32_core.cpuregs\[9\]\[12\],26.33µm
u_picorv32.picorv32_core.cpuregs\[23\]\[1\],26.325µm
u_picorv32.picorv32_core.cpuregs\[23\]\[6\],26.315µm
u_picorv32.picorv32_core.cpuregs\[6\]\[21\],26.3µm
_02174_,26.275µm
_05066_,26.275µm
u_picorv32.picorv32_core.cpuregs\[1\]\[26\],26.215µm
_01674_,26.205µm
_01744_,26.2µm
u_picorv32.picorv32_core.cpuregs\[2\]\[0\],26.185µm
u_picorv32.picorv32_core.cpuregs\[7\]\[3\],26.18µm
_04782_,26.17µm
_05315_,26.17µm
u_picorv32.picorv32_core.cpuregs\[5\]\[2\],26.17µm
_04037_,26.16µm
u_picorv32.picorv32_core.cpuregs\[7\]\[11\],26.135µm
u_picorv32.picorv32_core.cpuregs\[17\]\[13\],26.12µm
u_picorv32.picorv32_core.cpuregs\[2\]\[19\],26.11µm
u_picorv32.picorv32_core.cpuregs\[30\]\[30\],26.11µm
_02971_,26.105µm
_04991_,26.1µm
u_picorv32.picorv32_core.count_instr\[31\],26.085µm
u_picorv32.picorv32_core.cpuregs\[11\]\[3\],26.075µm
_02448_,26.07µm
_03034_,26.07µm
u_picorv32.picorv32_core.cpuregs\[2\]\[18\],26.07µm
u_picorv32.picorv32_core.cpuregs\[0\]\[13\],26.065µm
u_picorv32.picorv32_core.cpuregs\[25\]\[19\],26.065µm
u_picorv32.picorv32_core.decoded_rd\[0\],26.065µm
_05292_,26.05µm
u_picorv32.picorv32_core.cpuregs\[27\]\[28\],26.05µm
u_picorv32.picorv32_core.cpuregs\[27\]\[5\],26.05µm
u_picorv32.picorv32_core.cpuregs\[7\]\[7\],26.05µm
_01906_,26.04µm
u_picorv32.picorv32_core.cpuregs\[4\]\[31\],26.035µm
u_picorv32.picorv32_core.cpuregs\[13\]\[22\],26.015µm
u_picorv32.picorv32_core.cpuregs\[15\]\[25\],26.015µm
u_picorv32.picorv32_core.cpuregs\[5\]\[23\],26.015µm
_03341_,26.01µm
_01781_,25.99µm
u_picorv32.picorv32_core.cpuregs\[10\]\[19\],25.99µm
_02069_,25.98µm
_05147_,25.98µm
_05714_,25.975µm
u_picorv32.picorv32_core.cpuregs\[21\]\[10\],25.975µm
u_picorv32.picorv32_core.cpuregs\[27\]\[7\],25.945µm
_01676_,25.92µm
u_picorv32.picorv32_core.mem_rdata_q\[3\],25.92µm
u_picorv32.picorv32_core.cpuregs\[16\]\[28\],25.915µm
u_picorv32.picorv32_core.cpuregs\[5\]\[7\],25.915µm
u_picorv32.picorv32_core.cpuregs\[15\]\[29\],25.91µm
u_picorv32.picorv32_core.cpuregs\[14\]\[10\],25.89µm
u_picorv32.picorv32_core.cpuregs\[24\]\[31\],25.87µm
u_picorv32.picorv32_core.mem_rdata_q\[1\],25.87µm
u_picorv32.picorv32_core.cpuregs\[14\]\[2\],25.86µm
_05665_,25.845µm
_03743_,25.81µm
_05861_,25.81µm
u_picorv32.picorv32_core.cpuregs\[10\]\[16\],25.81µm
u_picorv32.picorv32_core.mem_rdata_q\[5\],25.81µm
u_picorv32.picorv32_core.cpuregs\[9\]\[25\],25.76µm
u_picorv32.picorv32_core.cpuregs\[13\]\[29\],25.75µm
u_picorv32.picorv32_core.cpuregs\[15\]\[18\],25.75µm
_01596_,25.74µm
u_picorv32.picorv32_core.cpuregs\[13\]\[0\],25.74µm
u_picorv32.picorv32_core.cpuregs\[23\]\[26\],25.74µm
u_picorv32.picorv32_core.cpuregs\[31\]\[9\],25.735µm
u_picorv32.picorv32_core.cpuregs\[9\]\[18\],25.735µm
_03471_,25.73µm
u_picorv32.picorv32_core.cpuregs\[11\]\[14\],25.725µm
_02700_,25.72µm
_04409_,25.7µm
u_picorv32.picorv32_core.cpuregs\[18\]\[24\],25.7µm
u_picorv32.picorv32_core.cpuregs\[24\]\[2\],25.7µm
_01407_,25.69µm
_03616_,25.68µm
u_picorv32.picorv32_core.cpuregs\[8\]\[8\],25.665µm
u_picorv32.picorv32_core.cpuregs\[14\]\[27\],25.645µm
_02414_,25.63µm
u_picorv32.picorv32_core.cpuregs\[28\]\[24\],25.615µm
u_picorv32.picorv32_core.cpuregs\[23\]\[18\],25.595µm
u_picorv32.picorv32_core.cpuregs\[10\]\[17\],25.585µm
u_picorv32.picorv32_core.cpuregs\[24\]\[23\],25.585µm
_04754_,25.57µm
u_picorv32.picorv32_core.cpuregs\[15\]\[13\],25.57µm
u_picorv32.picorv32_core.cpuregs\[3\]\[31\],25.57µm
u_picorv32.picorv32_core.cpuregs\[6\]\[0\],25.57µm
_03656_,25.555µm
u_picorv32.picorv32_core.cpuregs\[29\]\[29\],25.55µm
_03527_,25.545µm
u_picorv32.picorv32_core.cpuregs\[18\]\[4\],25.535µm
u_picorv32.picorv32_core.cpuregs\[21\]\[30\],25.53µm
u_picorv32.picorv32_core.instr_sltu,25.53µm
_01756_,25.52µm
u_picorv32.picorv32_core.cpuregs\[2\]\[1\],25.52µm
u_picorv32.picorv32_core.cpuregs\[7\]\[6\],25.52µm
_01289_,25.51µm
_05181_,25.5µm
u_picorv32.picorv32_core.cpuregs\[3\]\[4\],25.5µm
u_picorv32.picorv32_core.cpuregs\[11\]\[9\],25.47µm
u_picorv32.picorv32_core.cpuregs\[30\]\[13\],25.47µm
u_picorv32.picorv32_core.cpuregs\[16\]\[9\],25.46µm
u_picorv32.picorv32_core.instr_blt,25.46µm
_04587_,25.45µm
_05097_,25.45µm
u_picorv32.picorv32_core.cpuregs\[31\]\[25\],25.45µm
u_picorv32.picorv32_core.cpuregs\[12\]\[7\],25.435µm
u_picorv32.picorv32_core.cpuregs\[18\]\[19\],25.435µm
u_picorv32.picorv32_core.cpuregs\[24\]\[1\],25.375µm
_02524_,25.355µm
u_picorv32.picorv32_core.cpuregs\[10\]\[12\],25.335µm
_04449_,25.33µm
u_picorv32.picorv32_core.cpuregs\[23\]\[8\],25.33µm
u_picorv32.picorv32_core.cpuregs\[26\]\[2\],25.33µm
_05471_,25.305µm
_02291_,25.29µm
_01810_,25.28µm
u_picorv32.picorv32_core.cpuregs\[5\]\[3\],25.28µm
u_picorv32.picorv32_core.cpuregs\[9\]\[20\],25.28µm
u_picorv32.picorv32_core.cpuregs\[18\]\[30\],25.275µm
_04961_,25.27µm
u_picorv32.picorv32_core.alu_out_q\[9\],25.27µm
u_picorv32.picorv32_core.cpuregs\[25\]\[7\],25.27µm
u_picorv32.picorv32_core.cpuregs\[30\]\[31\],25.27µm
u_picorv32.picorv32_core.cpuregs\[4\]\[21\],25.265µm
_05261_,25.26µm
_05927_,25.26µm
u_picorv32.picorv32_core.cpuregs\[6\]\[31\],25.23µm
u_picorv32.picorv32_core.cpuregs\[27\]\[2\],25.225µm
_01604_,25.22µm
u_picorv32.picorv32_core.cpuregs\[0\]\[14\],25.22µm
u_picorv32.picorv32_core.cpuregs\[27\]\[21\],25.22µm
u_picorv32.picorv32_core.cpuregs\[6\]\[4\],25.215µm
_01612_,25.21µm
_02308_,25.21µm
u_picorv32.picorv32_core.cpuregs\[19\]\[8\],25.2µm
u_picorv32.picorv32_core.cpuregs\[29\]\[2\],25.195µm
u_picorv32.picorv32_core.cpuregs\[19\]\[15\],25.16µm
u_picorv32.picorv32_core.cpuregs\[15\]\[4\],25.145µm
_02801_,25.14µm
_03586_,25.14µm
u_picorv32.picorv32_core.cpuregs\[23\]\[3\],25.13µm
u_picorv32.picorv32_core.cpuregs\[31\]\[14\],25.11µm
u_picorv32.picorv32_core.cpuregs\[3\]\[23\],25.1µm
u_picorv32.picorv32_core.cpuregs\[19\]\[31\],25.09µm
u_picorv32.picorv32_core.cpuregs\[0\]\[10\],25.06µm
u_picorv32.picorv32_core.cpuregs\[2\]\[25\],25.045µm
u_picorv32.picorv32_core.cpuregs\[16\]\[31\],25.04µm
u_picorv32.picorv32_core.cpuregs\[27\]\[17\],25.03µm
_04310_,25µm
u_picorv32.picorv32_core.cpuregs\[16\]\[25\],24.975µm
u_picorv32.picorv32_core.cpu_state\[5\],24.97µm
_02359_,24.96µm
u_picorv32.picorv32_core.cpuregs\[4\]\[28\],24.955µm
u_picorv32.picorv32_core.cpuregs\[22\]\[8\],24.945µm
u_picorv32.picorv32_core.cpuregs\[5\]\[21\],24.925µm
u_picorv32.picorv32_core.cpuregs\[27\]\[3\],24.91µm
u_picorv32.picorv32_core.cpuregs\[8\]\[14\],24.91µm
u_picorv32.picorv32_core.cpuregs\[30\]\[3\],24.9µm
u_picorv32.picorv32_core.count_cycle\[18\],24.88µm
u_picorv32.picorv32_core.cpuregs\[18\]\[3\],24.875µm
u_picorv32.picorv32_core.cpuregs\[11\]\[17\],24.855µm
u_picorv32.picorv32_core.cpuregs\[28\]\[20\],24.85µm
u_picorv32.picorv32_core.cpuregs\[26\]\[29\],24.845µm
_02454_,24.84µm
u_picorv32.picorv32_core.cpuregs\[18\]\[12\],24.82µm
u_picorv32.picorv32_core.cpuregs\[12\]\[15\],24.805µm
u_picorv32.picorv32_core.cpuregs\[12\]\[27\],24.8µm
u_picorv32.picorv32_core.cpuregs\[4\]\[25\],24.8µm
u_picorv32.picorv32_core.cpuregs\[3\]\[26\],24.79µm
_01780_,24.78µm
u_picorv32.picorv32_core.cpuregs\[4\]\[30\],24.775µm
_04951_,24.73µm
_05596_,24.73µm
u_picorv32.picorv32_core.cpuregs\[7\]\[25\],24.73µm
u_picorv32.picorv32_core.reg_next_pc\[21\],24.725µm
_04215_,24.72µm
_04711_,24.72µm
u_picorv32.picorv32_core.cpuregs\[5\]\[28\],24.71µm
_03779_,24.69µm
u_picorv32.picorv32_core.cpuregs\[6\]\[17\],24.69µm
u_picorv32.picorv32_core.cpuregs\[2\]\[22\],24.685µm
_05095_,24.68µm
u_picorv32.picorv32_core.cpuregs\[12\]\[29\],24.68µm
u_picorv32.picorv32_core.cpuregs\[4\]\[8\],24.68µm
_03900_,24.67µm
u_picorv32.picorv32_core.cpuregs\[22\]\[7\],24.67µm
u_picorv32.picorv32_core.cpuregs\[25\]\[17\],24.67µm
_05209_,24.66µm
u_picorv32.picorv32_core.cpuregs\[24\]\[0\],24.63µm
u_picorv32.picorv32_core.cpuregs\[30\]\[26\],24.625µm
_03322_,24.62µm
mem_axi_awready,24.62µm
mem_axi_bvalid,24.62µm
mem_axi_wready,24.62µm
_01814_,24.61µm
u_picorv32.picorv32_core.cpuregs\[3\]\[18\],24.61µm
u_picorv32.picorv32_core.cpuregs\[3\]\[30\],24.61µm
u_picorv32.picorv32_core.reg_out\[10\],24.61µm
u_picorv32.picorv32_core.cpuregs\[15\]\[19\],24.605µm
_01552_,24.575µm
u_picorv32.picorv32_core.cpuregs\[21\]\[9\],24.575µm
u_picorv32.picorv32_core.cpuregs\[25\]\[18\],24.55µm
_04047_,24.54µm
_04729_,24.54µm
_05005_,24.54µm
_05030_,24.54µm
_05154_,24.54µm
_02970_,24.515µm
u_picorv32.picorv32_core.cpuregs\[3\]\[2\],24.51µm
_01702_,24.505µm
u_picorv32.picorv32_core.cpuregs\[24\]\[21\],24.505µm
u_picorv32.picorv32_core.cpuregs\[28\]\[23\],24.5µm
_04724_,24.48µm
u_picorv32.picorv32_core.reg_next_pc\[8\],24.455µm
_03724_,24.45µm
u_picorv32.picorv32_core.cpuregs\[12\]\[12\],24.45µm
net3037,24.43µm
u_picorv32.picorv32_core.cpuregs\[28\]\[26\],24.415µm
_03530_,24.405µm
u_picorv32.picorv32_core.cpuregs\[13\]\[15\],24.405µm
u_picorv32.picorv32_core.cpuregs\[1\]\[8\],24.4µm
u_picorv32.picorv32_core.cpuregs\[7\]\[8\],24.39µm
_02237_,24.37µm
u_picorv32.picorv32_core.cpuregs\[1\]\[6\],24.365µm
u_picorv32.picorv32_core.cpuregs\[3\]\[19\],24.36µm
u_picorv32.picorv32_core.cpuregs\[5\]\[0\],24.36µm
u_picorv32.picorv32_core.cpuregs\[5\]\[29\],24.355µm
u_picorv32.picorv32_core.cpuregs\[29\]\[24\],24.345µm
_01638_,24.31µm
_05053_,24.31µm
_05327_,24.3µm
u_picorv32.picorv32_core.cpuregs\[22\]\[26\],24.3µm
_01734_,24.27µm
u_picorv32.picorv32_core.cpuregs\[3\]\[24\],24.265µm
u_picorv32.picorv32_core.cpuregs\[23\]\[14\],24.26µm
_03810_,24.25µm
_01661_,24.24µm
_04081_,24.24µm
u_picorv32.picorv32_core.cpuregs\[31\]\[26\],24.235µm
_01737_,24.22µm
u_picorv32.picorv32_core.cpuregs\[1\]\[23\],24.215µm
u_picorv32.picorv32_core.cpuregs\[28\]\[21\],24.2µm
u_picorv32.picorv32_core.cpuregs\[4\]\[0\],24.2µm
_05018_,24.19µm
_05236_,24.19µm
u_picorv32.picorv32_core.cpuregs\[20\]\[13\],24.19µm
u_picorv32.picorv32_core.cpuregs\[6\]\[20\],24.19µm
_02295_,24.175µm
_05012_,24.155µm
_01747_,24.15µm
_04508_,24.15µm
_03748_,24.145µm
u_picorv32.picorv32_core.cpuregs\[29\]\[14\],24.145µm
u_picorv32.picorv32_core.cpuregs\[5\]\[26\],24.14µm
_01947_,24.13µm
_02985_,24.13µm
_05146_,24.13µm
u_picorv32.picorv32_core.cpuregs\[20\]\[21\],24.13µm
u_picorv32.picorv32_core.cpuregs\[3\]\[12\],24.13µm
u_picorv32.picorv32_core.cpuregs\[3\]\[1\],24.13µm
u_picorv32.picorv32_core.cpuregs\[7\]\[5\],24.13µm
_04946_,24.12µm
_05231_,24.12µm
u_picorv32.picorv32_core.cpuregs\[16\]\[0\],24.115µm
u_picorv32.picorv32_core.cpuregs\[10\]\[1\],24.08µm
u_picorv32.picorv32_core.cpuregs\[19\]\[27\],24.08µm
u_picorv32.picorv32_core.cpuregs\[3\]\[20\],24.07µm
_04035_,24.06µm
u_picorv32.picorv32_core.cpuregs\[0\]\[19\],24.06µm
u_picorv32.picorv32_core.instr_rdinstrh,24.04µm
u_picorv32.picorv32_core.cpuregs\[0\]\[30\],24.025µm
u_picorv32.picorv32_core.cpuregs\[8\]\[13\],24.025µm
_02076_,24.02µm
u_picorv32.picorv32_core.cpuregs\[3\]\[14\],24.02µm
_04472_,24µm
_05451_,24µm
_05652_,23.975µm
net3076,23.95µm
u_picorv32.picorv32_core.cpuregs\[7\]\[0\],23.915µm
_04164_,23.9µm
_02715_,23.89µm
_05463_,23.89µm
u_picorv32.picorv32_core.cpuregs\[13\]\[14\],23.89µm
u_picorv32.picorv32_core.cpuregs\[5\]\[9\],23.89µm
net3017,23.89µm
_03279_,23.875µm
u_picorv32.picorv32_core.cpuregs\[15\]\[31\],23.875µm
_02553_,23.865µm
u_picorv32.picorv32_core.cpuregs\[14\]\[14\],23.84µm
u_picorv32.picorv32_core.decoded_rd\[1\],23.82µm
u_picorv32.picorv32_core.cpuregs\[14\]\[0\],23.815µm
u_picorv32.picorv32_core.cpuregs\[2\]\[27\],23.815µm
u_picorv32.picorv32_core.cpuregs\[18\]\[18\],23.805µm
u_picorv32.picorv32_core.cpuregs\[9\]\[13\],23.805µm
u_picorv32.picorv32_core.cpuregs\[9\]\[15\],23.805µm
_05452_,23.78µm
u_picorv32.picorv32_core.cpuregs\[6\]\[22\],23.77µm
u_picorv32.picorv32_core.cpuregs\[13\]\[25\],23.76µm
u_picorv32.picorv32_core.cpuregs\[3\]\[28\],23.755µm
u_picorv32.picorv32_core.cpuregs\[16\]\[27\],23.735µm
_05765_,23.73µm
u_picorv32.picorv32_core.cpuregs\[18\]\[11\],23.725µm
u_picorv32.picorv32_core.cpuregs\[10\]\[10\],23.72µm
u_picorv32.picorv32_core.cpuregs\[24\]\[9\],23.72µm
u_picorv32.picorv32_core.cpuregs\[20\]\[14\],23.71µm
u_picorv32.picorv32_core.cpuregs\[24\]\[7\],23.675µm
u_picorv32.picorv32_core.cpuregs\[10\]\[23\],23.67µm
u_picorv32.picorv32_core.cpuregs\[28\]\[11\],23.67µm
u_picorv32.picorv32_core.cpuregs\[11\]\[26\],23.665µm
_03314_,23.66µm
u_picorv32.picorv32_core.cpuregs\[21\]\[13\],23.655µm
_03679_,23.65µm
u_picorv32.picorv32_core.cpuregs\[23\]\[9\],23.65µm
u_picorv32.picorv32_core.cpuregs\[2\]\[21\],23.65µm
u_picorv32.picorv32_core.cpuregs\[3\]\[10\],23.65µm
u_picorv32.picorv32_core.cpuregs\[4\]\[23\],23.645µm
_05082_,23.64µm
u_picorv32.picorv32_core.reg_next_pc\[20\],23.625µm
u_picorv32.picorv32_core.cpuregs\[18\]\[26\],23.615µm
u_picorv32.picorv32_core.cpuregs\[31\]\[27\],23.605µm
_05115_,23.59µm
_05985_,23.565µm
u_picorv32.picorv32_core.cpuregs\[10\]\[3\],23.55µm
u_picorv32.picorv32_core.cpuregs\[27\]\[9\],23.535µm
net111,23.505µm
u_picorv32.picorv32_core.cpuregs\[10\]\[15\],23.5µm
u_picorv32.picorv32_core.cpuregs\[1\]\[25\],23.495µm
u_picorv32.picorv32_core.cpuregs\[25\]\[20\],23.485µm
u_picorv32.picorv32_core.cpuregs\[11\]\[4\],23.47µm
_01752_,23.465µm
_02152_,23.45µm
u_picorv32.picorv32_core.cpuregs\[8\]\[25\],23.445µm
_03288_,23.4µm
u_picorv32.picorv32_core.cpuregs\[21\]\[1\],23.4µm
u_picorv32.picorv32_core.reg_out\[31\],23.4µm
u_picorv32.picorv32_core.cpuregs\[28\]\[4\],23.375µm
u_picorv32.picorv32_core.cpuregs\[18\]\[1\],23.37µm
u_picorv32.picorv32_core.cpuregs\[3\]\[7\],23.36µm
u_picorv32.picorv32_core.cpuregs\[12\]\[2\],23.35µm
u_picorv32.picorv32_core.cpuregs\[26\]\[23\],23.35µm
u_picorv32.picorv32_core.cpuregs\[4\]\[6\],23.35µm
_05134_,23.34µm
_05205_,23.34µm
_05338_,23.34µm
u_picorv32.picorv32_core.cpuregs\[20\]\[12\],23.34µm
u_picorv32.picorv32_core.cpuregs\[14\]\[28\],23.335µm
_06010_,23.33µm
u_picorv32.picorv32_core.cpuregs\[23\]\[15\],23.31µm
u_picorv32.picorv32_core.cpuregs\[2\]\[15\],23.31µm
_03467_,23.3µm
u_picorv32.picorv32_core.cpuregs\[26\]\[9\],23.3µm
_03558_,23.295µm
u_picorv32.picorv32_core.cpuregs\[11\]\[1\],23.29µm
u_picorv32.picorv32_core.cpuregs\[22\]\[20\],23.29µm
u_picorv32.picorv32_core.cpuregs\[27\]\[11\],23.29µm
u_picorv32.picorv32_core.cpuregs\[31\]\[6\],23.29µm
u_picorv32.picorv32_core.cpuregs\[7\]\[24\],23.29µm
u_picorv32.picorv32_core.cpuregs\[9\]\[1\],23.29µm
_02649_,23.28µm
_03481_,23.28µm
_05144_,23.28µm
_05828_,23.28µm
u_picorv32.picorv32_core.cpuregs\[31\]\[28\],23.28µm
_05578_,23.265µm
u_picorv32.picorv32_core.cpuregs\[18\]\[10\],23.255µm
u_picorv32.picorv32_core.cpuregs\[9\]\[2\],23.255µm
u_picorv32.picorv32_core.cpuregs\[16\]\[11\],23.24µm
u_picorv32.picorv32_core.cpuregs\[16\]\[22\],23.24µm
u_picorv32.picorv32_core.cpuregs\[9\]\[17\],23.24µm
_03210_,23.235µm
u_picorv32.picorv32_core.cpuregs\[11\]\[20\],23.225µm
_05130_,23.22µm
u_picorv32.picorv32_core.cpuregs\[14\]\[7\],23.18µm
u_picorv32.picorv32_core.reg_next_pc\[1\],23.18µm
_03220_,23.17µm
_03612_,23.17µm
u_picorv32.picorv32_core.cpuregs\[20\]\[6\],23.17µm
u_picorv32.picorv32_core.cpuregs\[7\]\[20\],23.17µm
_05059_,23.16µm
_02326_,23.155µm
_05301_,23.1µm
_05729_,23.07µm
u_picorv32.picorv32_core.cpuregs\[22\]\[21\],23.065µm
_03045_,23.06µm
u_picorv32.picorv32_core.cpuregs\[2\]\[8\],23.06µm
u_picorv32.picorv32_core.cpuregs\[4\]\[13\],23.06µm
u_picorv32.picorv32_core.instr_slt,23.06µm
u_picorv32.picorv32_core.cpuregs\[24\]\[18\],23.05µm
u_picorv32.picorv32_core.cpuregs\[2\]\[31\],23.04µm
u_picorv32.picorv32_core.cpuregs\[6\]\[25\],23.04µm
_03713_,23.015µm
_01563_,23µm
u_picorv32.picorv32_core.cpuregs\[17\]\[31\],23µm
u_picorv32.picorv32_core.cpuregs\[1\]\[11\],22.99µm
u_picorv32.picorv32_core.cpuregs\[29\]\[6\],22.955µm
_01625_,22.93µm
_05250_,22.93µm
_05802_,22.93µm
_03306_,22.92µm
_03549_,22.88µm
u_picorv32.picorv32_core.cpuregs\[26\]\[15\],22.86µm
u_picorv32.picorv32_core.cpuregs\[4\]\[29\],22.825µm
u_picorv32.picorv32_core.cpuregs\[7\]\[31\],22.825µm
_03580_,22.815µm
net3052,22.81µm
u_picorv32.picorv32_core.cpuregs\[15\]\[26\],22.795µm
u_picorv32.picorv32_core.cpuregs\[19\]\[6\],22.795µm
u_picorv32.picorv32_core.cpuregs\[23\]\[23\],22.795µm
u_picorv32.picorv32_core.cpuregs\[2\]\[29\],22.765µm
_02505_,22.75µm
_04974_,22.74µm
u_picorv32.picorv32_core.cpuregs\[2\]\[9\],22.74µm
u_picorv32.picorv32_core.reg_pc\[16\],22.74µm
u_picorv32.picorv32_core.cpuregs\[25\]\[28\],22.735µm
_03736_,22.72µm
u_picorv32.picorv32_core.cpuregs\[18\]\[14\],22.715µm
u_picorv32.picorv32_core.cpuregs\[18\]\[21\],22.715µm
u_picorv32.picorv32_core.cpuregs\[31\]\[20\],22.7µm
u_picorv32.picorv32_core.cpuregs\[20\]\[3\],22.69µm
u_picorv32.picorv32_core.cpuregs\[28\]\[0\],22.69µm
_01732_,22.68µm
u_picorv32.picorv32_core.cpuregs\[26\]\[18\],22.645µm
_03110_,22.62µm
_05464_,22.62µm
u_picorv32.picorv32_core.cpuregs\[21\]\[29\],22.58µm
u_picorv32.picorv32_core.cpuregs\[2\]\[4\],22.58µm
_02482_,22.57µm
u_picorv32.picorv32_core.cpuregs\[7\]\[30\],22.555µm
u_picorv32.picorv32_core.cpuregs\[5\]\[17\],22.52µm
u_picorv32.picorv32_core.cpuregs\[20\]\[15\],22.5µm
u_picorv32.picorv32_core.cpuregs\[23\]\[4\],22.465µm
_01716_,22.46µm
_02065_,22.46µm
_04679_,22.46µm
u_picorv32.picorv32_core.cpuregs\[25\]\[15\],22.46µm
_05291_,22.45µm
_04804_,22.44µm
_04447_,22.435µm
u_picorv32.picorv32_core.cpuregs\[30\]\[0\],22.435µm
_04305_,22.405µm
u_picorv32.picorv32_core.cpuregs\[20\]\[18\],22.4µm
u_picorv32.picorv32_core.cpuregs\[19\]\[0\],22.39µm
_04316_,22.38µm
_05186_,22.38µm
u_picorv32.picorv32_core.cpuregs\[29\]\[10\],22.38µm
_03672_,22.375µm
u_picorv32.picorv32_core.cpuregs\[22\]\[17\],22.375µm
_01599_,22.365µm
u_picorv32.picorv32_core.cpuregs\[12\]\[13\],22.35µm
u_picorv32.picorv32_core.cpuregs\[13\]\[24\],22.34µm
u_picorv32.picorv32_core.cpuregs\[18\]\[28\],22.33µm
_02716_,22.32µm
u_picorv32.picorv32_core.cpuregs\[18\]\[13\],22.305µm
_01664_,22.29µm
u_picorv32.picorv32_core.cpuregs\[19\]\[7\],22.28µm
u_picorv32.picorv32_core.cpuregs\[23\]\[13\],22.28µm
u_picorv32.picorv32_core.cpuregs\[23\]\[29\],22.28µm
_04585_,22.26µm
_05650_,22.26µm
_03229_,22.225µm
u_picorv32.picorv32_core.cpuregs\[10\]\[30\],22.22µm
u_picorv32.picorv32_core.cpuregs\[4\]\[26\],22.22µm
_05262_,22.21µm
_05277_,22.2µm
_05439_,22.15µm
u_picorv32.picorv32_core.cpuregs\[19\]\[10\],22.15µm
u_picorv32.picorv32_core.cpuregs\[4\]\[2\],22.15µm
_05288_,22.14µm
u_picorv32.picorv32_core.cpuregs\[1\]\[1\],22.14µm
_05920_,22.125µm
_03513_,22.09µm
_05324_,22.09µm
_04960_,22.08µm
_04929_,22.03µm
net3009,22.02µm
_03399_,22.005µm
_01794_,22µm
_03801_,21.985µm
_04247_,21.98µm
u_picorv32.picorv32_core.cpuregs\[26\]\[25\],21.975µm
u_picorv32.picorv32_core.cpuregs\[12\]\[1\],21.97µm
_02236_,21.96µm
_03222_,21.96µm
_04251_,21.96µm
net3039,21.955µm
u_picorv32.picorv32_core.reg_out\[15\],21.92µm
u_picorv32.picorv32_core.cpuregs\[26\]\[5\],21.9µm
_05579_,21.885µm
net116,21.865µm
_03136_,21.86µm
_05675_,21.86µm
u_picorv32.picorv32_core.cpuregs\[3\]\[21\],21.85µm
_03360_,21.84µm
_04909_,21.84µm
_05536_,21.835µm
_05381_,21.825µm
_01898_,21.815µm
u_picorv32.picorv32_core.cpuregs\[27\]\[27\],21.81µm
u_picorv32.picorv32_core.cpuregs\[9\]\[3\],21.81µm
_05197_,21.79µm
_05925_,21.79µm
u_picorv32.picorv32_core.cpuregs\[12\]\[8\],21.79µm
_04975_,21.78µm
_04266_,21.765µm
u_picorv32.picorv32_core.cpuregs\[10\]\[13\],21.755µm
u_picorv32.picorv32_core.cpuregs\[1\]\[19\],21.755µm
u_picorv32.picorv32_core.cpuregs\[14\]\[13\],21.75µm
_05693_,21.73µm
u_picorv32.picorv32_core.reg_next_pc\[29\],21.73µm
_04254_,21.72µm
_04728_,21.72µm
_05080_,21.72µm
_04399_,21.715µm
u_picorv32.picorv32_core.cpuregs\[28\]\[28\],21.715µm
_05906_,21.695µm
u_picorv32.picorv32_core.cpuregs\[13\]\[18\],21.695µm
u_picorv32.picorv32_core.cpuregs\[24\]\[11\],21.695µm
u_picorv32.picorv32_core.cpuregs\[26\]\[1\],21.69µm
_02589_,21.655µm
u_picorv32.picorv32_core.cpuregs\[28\]\[18\],21.65µm
u_picorv32.picorv32_core.cpuregs\[19\]\[17\],21.63µm
_02506_,21.625µm
net1406,21.62µm
net1407,21.62µm
net1408,21.62µm
net1409,21.62µm
net1410,21.62µm
_02337_,21.61µm
_05132_,21.61µm
_03646_,21.575µm
u_picorv32.picorv32_core.cpuregs\[26\]\[3\],21.57µm
_05488_,21.52µm
_02939_,21.49µm
_03415_,21.49µm
_04693_,21.49µm
_05418_,21.49µm
u_picorv32.picorv32_core.cpuregs\[22\]\[13\],21.49µm
u_picorv32.picorv32_core.cpuregs\[3\]\[6\],21.49µm
u_picorv32.picorv32_core.cpuregs\[6\]\[8\],21.49µm
_04521_,21.48µm
_05157_,21.48µm
u_picorv32.picorv32_core.cpuregs\[10\]\[31\],21.45µm
_03610_,21.44µm
mem_axi_awaddr[14],21.44µm
mem_axi_wdata[12],21.44µm
_01682_,21.43µm
_03151_,21.43µm
u_picorv32.picorv32_core.cpuregs\[8\]\[16\],21.43µm
u_picorv32.picorv32_core.mem_rdata_q\[15\],21.43µm
_02690_,21.42µm
_03944_,21.42µm
u_picorv32.picorv32_core.cpuregs\[28\]\[31\],21.42µm
_02151_,21.39µm
_01666_,21.37µm
_04443_,21.37µm
u_picorv32.picorv32_core.cpuregs\[0\]\[24\],21.37µm
u_picorv32.picorv32_core.cpuregs\[7\]\[19\],21.37µm
_00415_,21.36µm
u_picorv32.picorv32_core.cpuregs\[1\]\[5\],21.32µm
net1312,21.315µm
_05045_,21.31µm
_04605_,21.28µm
_05056_,21.25µm
_05855_,21.25µm
_02437_,21.245µm
_01823_,21.195µm
u_picorv32.picorv32_core.cpuregs\[2\]\[11\],21.195µm
_04592_,21.19µm
_05349_,21.185µm
u_picorv32.picorv32_core.cpuregs\[21\]\[11\],21.165µm
u_picorv32.picorv32_core.cpuregs\[5\]\[15\],21.15µm
_03588_,21.145µm
u_picorv32.picorv32_core.cpuregs\[17\]\[3\],21.14µm
u_picorv32.picorv32_core.cpuregs\[22\]\[4\],21.13µm
u_picorv32.picorv32_core.cpuregs\[28\]\[14\],21.125µm
_01915_,21.12µm
_06012_,21.12µm
u_picorv32.picorv32_core.cpuregs\[10\]\[8\],21.06µm
u_picorv32.picorv32_core.cpuregs\[10\]\[21\],21µm
u_picorv32.picorv32_core.cpuregs\[17\]\[0\],21µm
_04655_,20.995µm
_02703_,20.985µm
u_picorv32.picorv32_core.cpuregs\[6\]\[19\],20.97µm
_05612_,20.965µm
u_picorv32.picorv32_core.cpuregs\[15\]\[7\],20.96µm
u_picorv32.picorv32_core.cpuregs\[17\]\[16\],20.96µm
mem_axi_wdata[3],20.96µm
_03185_,20.95µm
u_picorv32.picorv32_core.cpuregs\[24\]\[26\],20.95µm
u_picorv32.picorv32_core.cpuregs\[0\]\[31\],20.94µm
_05407_,20.935µm
_01541_,20.93µm
_02975_,20.93µm
_02073_,20.9µm
u_picorv32.picorv32_core.cpuregs\[17\]\[2\],20.9µm
_05899_,20.89µm
u_picorv32.picorv32_core.cpuregs\[16\]\[17\],20.89µm
u_picorv32.picorv32_core.cpuregs\[0\]\[0\],20.885µm
_05620_,20.88µm
u_picorv32.picorv32_core.reg_next_pc\[14\],20.875µm
u_picorv32.picorv32_core.cpuregs\[6\]\[12\],20.85µm
_05519_,20.84µm
u_picorv32.picorv32_core.cpuregs\[16\]\[15\],20.84µm
_03100_,20.79µm
_03096_,20.785µm
_01537_,20.77µm
_03071_,20.77µm
_03409_,20.76µm
_05339_,20.76µm
u_picorv32.picorv32_core.cpuregs\[11\]\[16\],20.76µm
u_picorv32.picorv32_core.cpuregs\[25\]\[8\],20.76µm
u_picorv32.picorv32_core.cpuregs\[28\]\[5\],20.755µm
u_picorv32.picorv32_core.cpuregs\[26\]\[4\],20.735µm
u_picorv32.picorv32_core.cpuregs\[2\]\[30\],20.735µm
u_picorv32.picorv32_core.cpuregs\[14\]\[5\],20.715µm
_05173_,20.7µm
_05698_,20.69µm
_01844_,20.68µm
_02968_,20.68µm
u_picorv32.picorv32_core.cpuregs\[6\]\[3\],20.67µm
_02778_,20.66µm
_01973_,20.65µm
_03419_,20.65µm
_05248_,20.65µm
net121,20.64µm
_04513_,20.635µm
u_picorv32.picorv32_core.cpuregs\[20\]\[30\],20.635µm
_05577_,20.61µm
u_picorv32.picorv32_core.cpuregs\[7\]\[4\],20.6µm
_01792_,20.595µm
_05271_,20.59µm
_00552_,20.58µm
_02122_,20.58µm
_04533_,20.58µm
u_picorv32.picorv32_core.cpu_state\[2\],20.58µm
_03152_,20.575µm
u_picorv32.picorv32_core.is_sltiu_bltu_sltu,20.53µm
_05052_,20.52µm
u_picorv32.picorv32_core.cpuregs\[19\]\[11\],20.52µm
_05380_,20.515µm
_01836_,20.51µm
u_picorv32.picorv32_core.reg_next_pc\[16\],20.485µm
mem_axi_wdata[8],20.48µm
_03302_,20.475µm
_00416_,20.47µm
_03255_,20.46µm
_03285_,20.46µm
_04631_,20.46µm
u_picorv32.picorv32_core.cpuregs\[1\]\[30\],20.42µm
u_picorv32.picorv32_core.cpuregs\[9\]\[4\],20.42µm
_01796_,20.41µm
_03149_,20.41µm
_04329_,20.41µm
u_picorv32.picorv32_core.cpuregs\[13\]\[19\],20.41µm
_02407_,20.395µm
u_picorv32.picorv32_core.cpuregs\[21\]\[2\],20.37µm
u_picorv32.picorv32_core.cpuregs\[28\]\[30\],20.37µm
_04562_,20.355µm
u_picorv32.picorv32_core.cpuregs\[29\]\[8\],20.355µm
_04516_,20.35µm
_05340_,20.35µm
u_picorv32.picorv32_core.cpuregs\[15\]\[27\],20.345µm
_04726_,20.34µm
_04730_,20.325µm
u_picorv32.picorv32_core.cpuregs\[29\]\[30\],20.325µm
u_picorv32.picorv32_core.cpuregs\[2\]\[16\],20.32µm
_03561_,20.29µm
_03776_,20.29µm
u_picorv32.picorv32_core.cpuregs\[3\]\[9\],20.29µm
u_picorv32.picorv32_core.cpuregs\[12\]\[3\],20.275µm
u_picorv32.picorv32_core.reg_next_pc\[9\],20.265µm
u_picorv32.picorv32_core.cpuregs\[26\]\[31\],20.25µm
_04376_,20.24µm
_02934_,20.235µm
u_picorv32.picorv32_core.cpuregs\[5\]\[24\],20.23µm
_03600_,20.22µm
_05046_,20.22µm
u_picorv32.picorv32_core.cpuregs\[13\]\[4\],20.215µm
_05825_,20.2µm
_01712_,20.18µm
u_picorv32.picorv32_core.cpuregs\[31\]\[24\],20.145µm
_03523_,20.12µm
_05337_,20.12µm
u_picorv32.picorv32_core.cpuregs\[18\]\[23\],20.12µm
_05237_,20.11µm
u_picorv32.picorv32_core.cpuregs\[19\]\[1\],20.11µm
_03703_,20.075µm
u_picorv32.picorv32_core.cpuregs\[9\]\[16\],20.06µm
_03148_,20.05µm
_02290_,20.04µm
_05013_,20.04µm
_05077_,20.04µm
_05104_,20.04µm
_05950_,20.04µm
u_picorv32.picorv32_core.cpuregs\[25\]\[11\],20.035µm
u_picorv32.picorv32_core.cpuregs\[10\]\[22\],20.01µm
u_picorv32.pcpi_rs1\[19\],20µm
u_picorv32.picorv32_core.cpuregs\[11\]\[23\],20µm
u_picorv32.picorv32_core.cpuregs\[29\]\[11\],20µm
_05487_,19.995µm
_05275_,19.99µm
_02786_,19.98µm
_01709_,19.965µm
_02686_,19.92µm
_05663_,19.92µm
_03449_,19.89µm
u_picorv32.picorv32_core.cpuregs\[28\]\[25\],19.89µm
_04990_,19.87µm
net107,19.87µm
_05091_,19.86µm
u_picorv32.picorv32_core.cpuregs\[0\]\[21\],19.86µm
u_picorv32.picorv32_core.cpuregs\[0\]\[18\],19.835µm
_02773_,19.815µm
_02193_,19.8µm
_04120_,19.8µm
_05981_,19.8µm
_04467_,19.785µm
u_picorv32.picorv32_core.cpuregs\[5\]\[6\],19.76µm
_03689_,19.75µm
u_picorv32.picorv32_core.cpuregs\[7\]\[18\],19.75µm
u_picorv32.picorv32_core.reg_next_pc\[25\],19.745µm
_01945_,19.74µm
u_picorv32.picorv32_core.cpuregs\[0\]\[4\],19.74µm
_03133_,19.705µm
_04255_,19.69µm
_04471_,19.68µm
_05355_,19.68µm
_02168_,19.645µm
_00912_,19.63µm
_05767_,19.63µm
net32,19.63µm
u_picorv32.picorv32_core.cpuregs\[25\]\[23\],19.615µm
u_picorv32.picorv32_core.cpuregs\[7\]\[16\],19.605µm
u_picorv32.picorv32_core.count_instr\[3\],19.6µm
u_picorv32.picorv32_core.cpuregs\[10\]\[28\],19.6µm
u_picorv32.picorv32_core.reg_next_pc\[6\],19.6µm
_01808_,19.58µm
_02845_,19.58µm
_04720_,19.575µm
u_picorv32.picorv32_core.is_slti_blt_slt,19.57µm
_02050_,19.56µm
_03126_,19.56µm
_05329_,19.56µm
mem_axi_awaddr[10],19.52µm
mem_axi_awaddr[11],19.52µm
mem_axi_awaddr[12],19.52µm
mem_axi_awaddr[13],19.52µm
mem_axi_awaddr[15],19.52µm
mem_axi_awaddr[16],19.52µm
mem_axi_awaddr[18],19.52µm
mem_axi_awaddr[19],19.52µm
mem_axi_awaddr[20],19.52µm
mem_axi_awaddr[21],19.52µm
mem_axi_awaddr[22],19.52µm
mem_axi_awaddr[23],19.52µm
mem_axi_awaddr[24],19.52µm
mem_axi_awaddr[25],19.52µm
mem_axi_awaddr[26],19.52µm
mem_axi_awaddr[27],19.52µm
mem_axi_awaddr[28],19.52µm
mem_axi_awaddr[29],19.52µm
mem_axi_awaddr[2],19.52µm
mem_axi_awaddr[30],19.52µm
mem_axi_awaddr[31],19.52µm
mem_axi_awaddr[3],19.52µm
mem_axi_awaddr[4],19.52µm
mem_axi_awaddr[5],19.52µm
mem_axi_awaddr[6],19.52µm
mem_axi_awaddr[7],19.52µm
mem_axi_awaddr[8],19.52µm
mem_axi_awaddr[9],19.52µm
mem_axi_awvalid,19.52µm
mem_axi_bready,19.52µm
mem_axi_wdata[0],19.52µm
mem_axi_wdata[10],19.52µm
mem_axi_wdata[11],19.52µm
mem_axi_wdata[13],19.52µm
mem_axi_wdata[14],19.52µm
mem_axi_wdata[15],19.52µm
mem_axi_wdata[16],19.52µm
mem_axi_wdata[17],19.52µm
mem_axi_wdata[18],19.52µm
mem_axi_wdata[19],19.52µm
mem_axi_wdata[1],19.52µm
mem_axi_wdata[20],19.52µm
mem_axi_wdata[21],19.52µm
mem_axi_wdata[22],19.52µm
mem_axi_wdata[23],19.52µm
mem_axi_wdata[24],19.52µm
mem_axi_wdata[25],19.52µm
mem_axi_wdata[26],19.52µm
mem_axi_wdata[27],19.52µm
mem_axi_wdata[28],19.52µm
mem_axi_wdata[29],19.52µm
mem_axi_wdata[2],19.52µm
mem_axi_wdata[30],19.52µm
mem_axi_wdata[31],19.52µm
mem_axi_wdata[4],19.52µm
mem_axi_wdata[5],19.52µm
mem_axi_wdata[6],19.52µm
mem_axi_wdata[7],19.52µm
mem_axi_wdata[9],19.52µm
mem_axi_wstrb[0],19.52µm
mem_axi_wstrb[1],19.52µm
mem_axi_wstrb[2],19.52µm
mem_axi_wstrb[3],19.52µm
mem_axi_wvalid,19.52µm
_04243_,19.515µm
_01586_,19.51µm
u_picorv32.picorv32_core.cpuregs\[30\]\[5\],19.495µm
_05516_,19.465µm
_01895_,19.455µm
_02351_,19.45µm
_03425_,19.45µm
_05233_,19.45µm
net129,19.445µm
_02964_,19.41µm
u_picorv32.picorv32_core.cpuregs\[20\]\[23\],19.41µm
_05549_,19.405µm
u_picorv32.picorv32_core.cpuregs\[14\]\[30\],19.4µm
u_picorv32.picorv32_core.reg_pc\[10\],19.4µm
_04986_,19.39µm
_05289_,19.39µm
_04589_,19.38µm
_05314_,19.38µm
_05326_,19.38µm
_03343_,19.375µm
_03764_,19.33µm
u_picorv32.picorv32_core.cpuregs\[27\]\[22\],19.33µm
u_picorv32.picorv32_core.instr_addi,19.33µm
_04561_,19.28µm
_03606_,19.27µm
_04186_,19.27µm
u_picorv32.picorv32_core.instr_add,19.26µm
u_picorv32.picorv32_core.cpuregs\[28\]\[27\],19.255µm
_04584_,19.24µm
u_picorv32.picorv32_core.mem_rdata_q\[4\],19.235µm
_03312_,19.22µm
u_picorv32.picorv32_core.cpuregs\[20\]\[27\],19.215µm
_04325_,19.21µm
_05225_,19.21µm
_03803_,19.2µm
u_picorv32.picorv32_core.alu_out_q\[23\],19.15µm
_04530_,19.14µm
u_picorv32.picorv32_core.cpuregs\[2\]\[17\],19.12µm
_02055_,19.09µm
net108,19.09µm
_05210_,19.075µm
_05076_,19.065µm
_02713_,19.05µm
_05688_,19.05µm
mem_axi_awaddr[17],19.04µm
_00424_,19.03µm
_03640_,19.03µm
_05016_,19.03µm
u_picorv32.picorv32_core.cpuregs\[3\]\[8\],19.03µm
u_picorv32.picorv32_core.cpuregs\[7\]\[26\],19.03µm
_03798_,19.02µm
_03991_,19.02µm
_04017_,19.02µm
_04428_,19.02µm
_00014_,18.97µm
_05029_,18.97µm
_00881_,18.96µm
_04814_,18.96µm
u_picorv32.picorv32_core.cpuregs\[5\]\[11\],18.955µm
_03585_,18.92µm
u_picorv32.picorv32_core.cpuregs\[20\]\[5\],18.91µm
_04085_,18.9µm
_01834_,18.895µm
u_picorv32.picorv32_core.cpuregs\[13\]\[8\],18.89µm
_05674_,18.885µm
_03797_,18.86µm
_04511_,18.86µm
_01951_,18.85µm
_02438_,18.85µm
_03015_,18.85µm
_05198_,18.85µm
_05838_,18.85µm
_01569_,18.81µm
_04038_,18.81µm
u_picorv32.picorv32_core.cpuregs\[10\]\[6\],18.81µm
_01320_,18.79µm
_01746_,18.79µm
_05182_,18.79µm
_05863_,18.79µm
_04358_,18.785µm
_02264_,18.76µm
u_picorv32.picorv32_core.cpuregs\[20\]\[0\],18.75µm
_04935_,18.73µm
_05904_,18.72µm
_04771_,18.67µm
u_picorv32.picorv32_core.latched_store,18.67µm
_05072_,18.66µm
_02711_,18.645µm
u_picorv32.picorv32_core.cpuregs\[24\]\[15\],18.645µm
u_picorv32.picorv32_core.cpuregs\[24\]\[30\],18.645µm
_05790_,18.615µm
_05440_,18.605µm
_01362_,18.6µm
_02788_,18.6µm
_03117_,18.6µm
_04536_,18.6µm
u_picorv32.picorv32_core.cpuregs\[4\]\[19\],18.58µm
_02077_,18.56µm
u_picorv32.picorv32_core.cpuregs\[20\]\[29\],18.56µm
u_picorv32.picorv32_core.cpuregs\[29\]\[7\],18.56µm
_02015_,18.55µm
_03194_,18.55µm
u_picorv32.picorv32_core.cpuregs\[18\]\[15\],18.55µm
_02948_,18.535µm
u_picorv32.picorv32_core.cpuregs\[6\]\[10\],18.5µm
_02154_,18.495µm
u_picorv32.picorv32_core.cpuregs\[0\]\[9\],18.49µm
_03718_,18.48µm
_03732_,18.48µm
_02775_,18.44µm
_04719_,18.44µm
u_picorv32.picorv32_core.cpuregs\[23\]\[11\],18.44µm
net128,18.43µm
u_picorv32.picorv32_core.cpuregs\[14\]\[21\],18.43µm
u_picorv32.picorv32_core.cpuregs\[19\]\[13\],18.43µm
u_picorv32.picorv32_core.cpuregs\[24\]\[19\],18.43µm
u_picorv32.picorv32_core.reg_out\[11\],18.42µm
u_picorv32.picorv32_core.cpuregs\[0\]\[12\],18.38µm
_02987_,18.37µm
_05666_,18.37µm
_03165_,18.365µm
u_picorv32.picorv32_core.cpuregs\[6\]\[16\],18.35µm
_04181_,18.31µm
_05232_,18.31µm
_03551_,18.3µm
net115,18.3µm
u_picorv32.picorv32_core.reg_out\[12\],18.275µm
_02263_,18.265µm
u_picorv32.picorv32_core.cpuregs\[18\]\[9\],18.23µm
_01722_,18.205µm
_03719_,18.2µm
_00112_,18.19µm
_02776_,18.19µm
_03231_,18.19µm
_05889_,18.19µm
_01743_,18.18µm
_03677_,18.18µm
_04100_,18.18µm
_04666_,18.18µm
_05002_,18.18µm
u_picorv32.picorv32_core.cpuregs\[10\]\[24\],18.175µm
u_picorv32.picorv32_core.decoded_rd\[2\],18.175µm
u_picorv32.picorv32_core.decoded_rd\[3\],18.175µm
_05736_,18.165µm
_02293_,18.16µm
_02439_,18.13µm
u_picorv32.picorv32_core.cpuregs\[22\]\[14\],18.13µm
_01631_,18.12µm
_01858_,18.12µm
_04382_,18.12µm
net131,18.12µm
_03162_,18.11µm
_02929_,18.1µm
u_picorv32.picorv32_core.cpuregs\[17\]\[19\],18.08µm
_03259_,18.07µm
_02379_,18.055µm
_04577_,18.045µm
_05272_,18.045µm
u_picorv32.picorv32_core.cpuregs\[14\]\[20\],18.02µm
u_picorv32.picorv32_core.cpuregs\[9\]\[5\],18.02µm
_05211_,18.01µm
_02192_,18µm
_03423_,17.995µm
net110,17.965µm
_02220_,17.96µm
_05246_,17.96µm
_04390_,17.95µm
_04965_,17.95µm
_04976_,17.95µm
u_picorv32.picorv32_core.cpuregs\[2\]\[6\],17.95µm
_05037_,17.94µm
_05141_,17.94µm
u_picorv32.picorv32_core.reg_out\[8\],17.92µm
_03211_,17.91µm
u_picorv32.picorv32_core.cpuregs\[8\]\[24\],17.91µm
_03687_,17.9µm
_04372_,17.9µm
_05595_,17.9µm
u_picorv32.picorv32_core.cpuregs\[1\]\[21\],17.9µm
u_picorv32.picorv32_core.cpuregs\[24\]\[13\],17.9µm
_00169_,17.89µm
_02912_,17.89µm
_03262_,17.89µm
_05379_,17.88µm
_04826_,17.865µm
_04753_,17.85µm
u_picorv32.picorv32_core.cpuregs\[2\]\[24\],17.845µm
_04947_,17.83µm
_04178_,17.825µm
_02060_,17.82µm
u_picorv32.picorv32_core.cpuregs\[10\]\[27\],17.805µm
_04185_,17.77µm
u_picorv32.picorv32_core.cpuregs\[15\]\[1\],17.765µm
u_picorv32.picorv32_core.cpuregs\[27\]\[8\],17.765µm
u_picorv32.picorv32_core.cpuregs\[10\]\[7\],17.72µm
_01188_,17.71µm
_03851_,17.71µm
_00117_,17.7µm
_05217_,17.7µm
_04518_,17.65µm
_02605_,17.64µm
_03440_,17.64µm
_04117_,17.64µm
u_picorv32.picorv32_core.cpuregs\[22\]\[15\],17.64µm
_01773_,17.62µm
_04864_,17.62µm
_05661_,17.605µm
u_picorv32.picorv32_core.cpuregs\[25\]\[12\],17.6µm
_01879_,17.59µm
_02745_,17.59µm
u_picorv32.picorv32_core.count_cycle\[47\],17.59µm
u_picorv32.picorv32_core.cpuregs\[15\]\[20\],17.59µm
_03134_,17.58µm
_04250_,17.58µm
u_picorv32.picorv32_core.cpuregs\[23\]\[25\],17.58µm
_04348_,17.54µm
u_picorv32.picorv32_core.cpuregs\[20\]\[31\],17.54µm
_03511_,17.53µm
_04520_,17.53µm
_05564_,17.505µm
u_picorv32.picorv32_core.count_instr\[42\],17.48µm
u_picorv32.picorv32_core.cpuregs\[0\]\[25\],17.48µm
_04388_,17.47µm
net122,17.47µm
_05159_,17.46µm
_02368_,17.42µm
_04238_,17.42µm
_00432_,17.415µm
_02062_,17.41µm
_04163_,17.41µm
_05562_,17.405µm
_02635_,17.4µm
_04173_,17.4µm
_05054_,17.385µm
_02301_,17.36µm
_05625_,17.35µm
u_picorv32.picorv32_core.cpuregs\[12\]\[17\],17.31µm
u_picorv32.picorv32_core.cpuregs\[8\]\[10\],17.31µm
_03559_,17.3µm
u_picorv32.picorv32_core.cpuregs\[25\]\[22\],17.3µm
_04384_,17.29µm
_04775_,17.29µm
_05156_,17.29µm
u_picorv32.picorv32_core.cpuregs\[11\]\[11\],17.28µm
_04841_,17.23µm
_03159_,17.22µm
_03971_,17.22µm
_04079_,17.22µm
u_picorv32.picorv32_core.cpuregs\[8\]\[23\],17.215µm
_05359_,17.17µm
u_picorv32.picorv32_core.cpuregs\[19\]\[9\],17.165µm
u_picorv32.picorv32_core.cpuregs\[13\]\[16\],17.16µm
_01911_,17.155µm
u_picorv32.picorv32_core.cpuregs\[0\]\[29\],17.12µm
_01122_,17.11µm
_05184_,17.11µm
_05760_,17.11µm
_05882_,17.11µm
u_picorv32.picorv32_core.cpuregs\[1\]\[31\],17.09µm
_05891_,17.065µm
_04432_,17.06µm
u_picorv32.picorv32_core.cpuregs\[24\]\[10\],17.06µm
_03546_,17.05µm
_04233_,17.05µm
u_picorv32.picorv32_core.is_slli_srli_srai,17.05µm
_04415_,17.04µm
u_picorv32.picorv32_core.cpuregs\[15\]\[17\],17.005µm
_05470_,17µm
_04731_,16.99µm
_02209_,16.985µm
_01958_,16.98µm
_05705_,16.965µm
u_picorv32.picorv32_core.reg_out\[14\],16.945µm
_03682_,16.94µm
_05397_,16.94µm
u_picorv32.picorv32_core.cpuregs\[3\]\[17\],16.94µm
u_picorv32.picorv32_core.cpuregs\[4\]\[14\],16.94µm
_04453_,16.93µm
_04872_,16.93µm
u_picorv32.picorv32_core.reg_next_pc\[23\],16.925µm
u_picorv32.picorv32_core.count_instr\[7\],16.87µm
u_picorv32.picorv32_core.reg_next_pc\[11\],16.87µm
_04542_,16.86µm
_04948_,16.845µm
u_picorv32.picorv32_core.cpuregs\[6\]\[30\],16.845µm
_00696_,16.81µm
_03249_,16.81µm
_04922_,16.81µm
u_picorv32.picorv32_core.mem_wordsize\[2\],16.8µm
mem_axi_rdata[24],16.76µm
mem_axi_rdata[9],16.76µm
_02569_,16.75µm
_01023_,16.74µm
_03699_,16.74µm
_00325_,16.69µm
_02724_,16.69µm
_03629_,16.69µm
_03709_,16.69µm
_04375_,16.69µm
u_picorv32.picorv32_core.decoded_imm_j\[20\],16.69µm
_05979_,16.68µm
_04534_,16.675µm
_05601_,16.675µm
_03805_,16.64µm
_02768_,16.63µm
_04789_,16.62µm
_00661_,16.605µm
_01828_,16.595µm
u_picorv32.picorv32_core.cpuregs\[0\]\[17\],16.595µm
_02267_,16.58µm
_04246_,16.58µm
_02709_,16.57µm
_04988_,16.57µm
net2475,16.57µm
_02261_,16.56µm
_02722_,16.56µm
net2675,16.56µm
_03722_,16.52µm
net126,16.515µm
_03402_,16.51µm
_01859_,16.5µm
_01998_,16.5µm
_02560_,16.5µm
_04183_,16.5µm
_04252_,16.5µm
_04966_,16.5µm
_05977_,16.485µm
_03052_,16.47µm
u_picorv32.picorv32_core.cpuregs\[1\]\[15\],16.47µm
_02799_,16.465µm
_00646_,16.45µm
_02515_,16.44µm
_04343_,16.44µm
_05360_,16.43µm
_05523_,16.41µm
_02317_,16.4µm
_02596_,16.38µm
_03970_,16.38µm
_01590_,16.35µm
_01562_,16.33µm
_03755_,16.33µm
_03770_,16.295µm
u_picorv32.picorv32_core.cpuregs\[2\]\[13\],16.28µm
_01193_,16.27µm
_02860_,16.21µm
_04087_,16.21µm
_04452_,16.21µm
_04282_,16.17µm
u_picorv32.picorv32_core.cpuregs\[10\]\[4\],16.16µm
_00585_,16.155µm
u_picorv32.picorv32_core.alu_out\[0\],16.15µm
trap,16.14µm
_05626_,16.13µm
_05399_,16.115µm
u_picorv32.picorv32_core.cpuregs\[13\]\[11\],16.11µm
u_picorv32.picorv32_core.cpuregs\[19\]\[2\],16.1µm
_01603_,16.09µm
_04615_,16.09µm
u_picorv32.picorv32_core.cpuregs\[0\]\[8\],16.09µm
_00230_,16.08µm
_04112_,16.08µm
_04677_,16.08µm
_01571_,16.03µm
_03901_,16.03µm
_04057_,16.03µm
_02496_,16.02µm
_05224_,16.02µm
_04770_,16.005µm
_03499_,16µm
_03407_,15.98µm
_05912_,15.97µm
_00579_,15.96µm
_01826_,15.955µm
_04500_,15.945µm
_05842_,15.945µm
u_picorv32.picorv32_core.cpuregs\[1\]\[27\],15.945µm
_05409_,15.93µm
_02429_,15.92µm
mem_axi_rdata[2],15.92µm
_01608_,15.9µm
_01540_,15.895µm
_02059_,15.865µm
_02239_,15.86µm
_00316_,15.85µm
_01933_,15.85µm
_03937_,15.85µm
_04564_,15.84µm
_03354_,15.835µm
_02230_,15.79µm
_04256_,15.79µm
_05368_,15.79µm
u_picorv32.pcpi_rs1\[22\],15.79µm
u_picorv32.picorv32_core.reg_next_pc\[30\],15.79µm
_02758_,15.78µm
_04230_,15.78µm
_02303_,15.745µm
_05316_,15.72µm
_04972_,15.715µm
_05411_,15.705µm
_00897_,15.67µm
_02897_,15.67µm
u_picorv32.picorv32_core.cpuregs\[11\]\[24\],15.67µm
_03430_,15.66µm
_04074_,15.66µm
_04548_,15.66µm
_04777_,15.66µm
u_picorv32.picorv32_core.reg_out\[27\],15.66µm
_01877_,15.62µm
_04042_,15.615µm
_01135_,15.61µm
_01641_,15.61µm
_02430_,15.61µm
_02555_,15.61µm
_03121_,15.61µm
_01806_,15.6µm
_04522_,15.6µm
_05193_,15.6µm
_05388_,15.6µm
_03186_,15.565µm
_05259_,15.56µm
_05285_,15.54µm
_02132_,15.53µm
u_picorv32.picorv32_core.cpuregs\[12\]\[19\],15.51µm
_05358_,15.49µm
_05836_,15.49µm
net1927,15.49µm
net2859,15.49µm
_05145_,15.43µm
_03307_,15.4µm
_03780_,15.37µm
_03920_,15.37µm
_04634_,15.37µm
u_picorv32.picorv32_core.cpuregs\[10\]\[14\],15.37µm
_04764_,15.36µm
_01837_,15.345µm
_01181_,15.31µm
_02306_,15.3µm
_04341_,15.3µm
_05513_,15.285µm
_04580_,15.28µm
_02390_,15.25µm
_04842_,15.25µm
_05342_,15.25µm
net2532,15.25µm
u_picorv32.picorv32_core.cpuregs\[0\]\[15\],15.25µm
u_picorv32.picorv32_core.reg_next_pc\[4\],15.25µm
u_picorv32.picorv32_core.mem_wordsize\[0\],15.245µm
_01591_,15.24µm
_01840_,15.24µm
_02066_,15.24µm
_02163_,15.195µm
net104,15.19µm
_03681_,15.18µm
_05311_,15.18µm
_03473_,15.165µm
_05454_,15.16µm
net130,15.145µm
_02740_,15.14µm
u_picorv32.picorv32_core.cpuregs\[7\]\[1\],15.14µm
_03475_,15.13µm
_05286_,15.13µm
_05809_,15.13µm
_02810_,15.12µm
_03140_,15.12µm
_03503_,15.12µm
_04568_,15.12µm
_04769_,15.12µm
_05208_,15.12µm
net2426,15.12µm
net2533,15.12µm
net2912,15.12µm
u_picorv32.picorv32_core.cpuregs\[0\]\[7\],15.095µm
_04992_,15.09µm
_04397_,15.07µm
_05120_,15.07µm
_05220_,15.07µm
u_picorv32.axi_adapter.ack_wvalid,15.06µm
_01611_,15.03µm
_02917_,15.02µm
_03411_,15.02µm
_05676_,15.02µm
u_picorv32.picorv32_core.reg_next_pc\[10\],15.02µm
u_picorv32.picorv32_core.cpuregs\[0\]\[11\],14.96µm
_00040_,14.95µm
_03965_,14.95µm
net134,14.95µm
_02398_,14.94µm
_04529_,14.94µm
u_picorv32.pcpi_rs1\[14\],14.94µm
u_picorv32.picorv32_core.cpuregs\[15\]\[30\],14.94µm
_02339_,14.93µm
_05527_,14.905µm
_00047_,14.89µm
u_picorv32.picorv32_core.cpuregs\[0\]\[23\],14.89µm
_05192_,14.88µm
net2434,14.88µm
_03974_,14.865µm
_03006_,14.86µm
u_picorv32.picorv32_core.cpuregs\[0\]\[16\],14.84µm
_00700_,14.83µm
_05370_,14.83µm
_01423_,14.82µm
_04137_,14.82µm
_04306_,14.82µm
_00778_,14.77µm
_01706_,14.77µm
_03002_,14.77µm
_04820_,14.77µm
_04855_,14.77µm
_05207_,14.77µm
_05789_,14.77µm
_04652_,14.76µm
_04847_,14.76µm
_01776_,14.74µm
_04727_,14.7µm
net105,14.7µm
net127,14.7µm
_05603_,14.685µm
_01829_,14.655µm
_02692_,14.65µm
_04519_,14.65µm
_04661_,14.65µm
net2531,14.65µm
_01040_,14.64µm
_01619_,14.64µm
net2498,14.64µm
_02255_,14.635µm
_03156_,14.61µm
_01761_,14.6µm
_05098_,14.6µm
u_picorv32.picorv32_core.cpuregs\[0\]\[22\],14.6µm
_03726_,14.59µm
_02792_,14.58µm
_05563_,14.58µm
_02061_,14.55µm
_01121_,14.53µm
_01871_,14.53µm
net1444,14.53µm
net2861,14.53µm
_02453_,14.52µm
net3022,14.505µm
_04041_,14.485µm
_04510_,14.47µm
_05194_,14.47µm
_01626_,14.445µm
_01686_,14.445µm
_00256_,14.41µm
_01503_,14.41µm
_01813_,14.41µm
u_picorv32.picorv32_core.count_cycle\[7\],14.395µm
_03301_,14.385µm
_02009_,14.375µm
_02342_,14.35µm
_03557_,14.35µm
_03625_,14.35µm
u_picorv32.picorv32_core.mem_rdata_q\[12\],14.35µm
_03981_,14.34µm
_04743_,14.34µm
_05103_,14.34µm
_05988_,14.34µm
_01242_,14.29µm
_03009_,14.29µm
u_picorv32.pcpi_rs1\[13\],14.29µm
_02643_,14.28µm
_03843_,14.275µm
_04543_,14.275µm
_01839_,14.265µm
_03497_,14.25µm
u_picorv32.picorv32_core.reg_next_pc\[19\],14.24µm
u_picorv32.picorv32_core.reg_out\[9\],14.24µm
mem_axi_rdata[28],14.24µm
mem_axi_rvalid,14.24µm
_01655_,14.23µm
_01710_,14.23µm
_04763_,14.23µm
_05743_,14.23µm
_05768_,14.23µm
u_picorv32.picorv32_core.reg_next_pc\[2\],14.23µm
_01072_,14.22µm
_01211_,14.22µm
net123,14.22µm
_01646_,14.18µm
_00287_,14.17µm
_00578_,14.17µm
_00599_,14.17µm
_00614_,14.17µm
_00919_,14.17µm
_00985_,14.17µm
_01254_,14.17µm
_01297_,14.17µm
_03243_,14.17µm
_03264_,14.17µm
_03844_,14.17µm
_03967_,14.17µm
_05155_,14.17µm
_05872_,14.17µm
net2663,14.16µm
_03382_,14.15µm
u_picorv32.picorv32_core.cpuregs\[0\]\[1\],14.12µm
u_picorv32.axi_adapter.ack_awvalid,14.115µm
_03916_,14.11µm
_04686_,14.11µm
u_picorv32.picorv32_core.cpuregs\[3\]\[27\],14.1µm
_02186_,14.06µm
_03485_,14.05µm
_01478_,14.04µm
_02748_,14.02µm
_01319_,13.99µm
_05027_,13.99µm
_00120_,13.98µm
_05754_,13.98µm
_03628_,13.94µm
_01142_,13.93µm
_01758_,13.93µm
_03239_,13.93µm
_04200_,13.93µm
_03721_,13.92µm
_04757_,13.92µm
_04659_,13.905µm
_02653_,13.89µm
_05573_,13.89µm
_02483_,13.87µm
_04552_,13.87µm
net3111,13.87µm
_01579_,13.86µm
_04349_,13.86µm
_05283_,13.86µm
_01695_,13.83µm
_01815_,13.83µm
_02475_,13.825µm
_02647_,13.81µm
_02736_,13.81µm
_03384_,13.81µm
_05721_,13.81µm
_05909_,13.81µm
net2971,13.81µm
net3019,13.81µm
_02630_,13.8µm
_02632_,13.8µm
_04715_,13.8µm
_05148_,13.8µm
_00095_,13.795µm
_03031_,13.775µm
_00044_,13.75µm
_03608_,13.75µm
net135,13.75µm
u_picorv32.picorv32_core.cpuregs\[28\]\[10\],13.745µm
_00556_,13.74µm
_00818_,13.74µm
_04078_,13.74µm
net125,13.74µm
_01100_,13.725µm
_02923_,13.7µm
_01804_,13.695µm
_02072_,13.69µm
net2511,13.69µm
net2737,13.69µm
u_picorv32.picorv32_core.alu_out_q\[7\],13.69µm
_04419_,13.68µm
u_picorv32.picorv32_core.cpuregs\[23\]\[5\],13.68µm
_02037_,13.675µm
_05089_,13.665µm
u_picorv32.picorv32_core.cpuregs\[12\]\[23\],13.65µm
_04322_,13.63µm
_04593_,13.63µm
_04736_,13.63µm
_05713_,13.63µm
_05750_,13.625µm
_04490_,13.62µm
_04660_,13.62µm
u_picorv32.picorv32_core.cpuregs\[3\]\[25\],13.615µm
_01570_,13.61µm
_03817_,13.59µm
_03120_,13.585µm
_01715_,13.58µm
net106,13.575µm
_02270_,13.57µm
_04068_,13.57µm
_05735_,13.57µm
net2179,13.57µm
_00018_,13.56µm
_03535_,13.56µm
_04829_,13.56µm
_05756_,13.545µm
_04308_,13.54µm
u_picorv32.picorv32_core.instr_srl,13.54µm
_05740_,13.52µm
_01779_,13.51µm
_03212_,13.5µm
_03621_,13.5µm
_00767_,13.45µm
_01359_,13.44µm
_02399_,13.44µm
_02685_,13.44µm
_03821_,13.44µm
_04151_,13.44µm
_04983_,13.44µm
net2648,13.44µm
u_picorv32.pcpi_rs1\[7\],13.44µm
u_picorv32.picorv32_core.cpuregs\[26\]\[30\],13.44µm
_01441_,13.425µm
_04723_,13.4µm
mem_axi_rdata[15],13.4µm
mem_axi_rdata[18],13.4µm
mem_axi_rdata[21],13.4µm
mem_axi_rdata[27],13.4µm
mem_axi_rdata[30],13.4µm
mem_axi_rdata[6],13.4µm
_02770_,13.38µm
_02839_,13.335µm
net2066,13.33µm
net2253,13.33µm
net2968,13.33µm
_03658_,13.32µm
_04793_,13.32µm
_03846_,13.315µm
_03654_,13.28µm
_02424_,13.27µm
_04612_,13.27µm
_01052_,13.26µm
_01506_,13.26µm
_04082_,13.26µm
_05015_,13.26µm
_01831_,13.255µm
_05167_,13.24µm
_02620_,13.22µm
u_picorv32.picorv32_core.cpuregs\[19\]\[18\],13.22µm
_01130_,13.21µm
_04182_,13.21µm
_04539_,13.21µm
_03223_,13.2µm
net1420,13.2µm
net2004,13.2µm
net2208,13.2µm
_04796_,13.14µm
_05331_,13.14µm
_05442_,13.14µm
_04412_,13.125µm
_00901_,13.09µm
_03414_,13.09µm
_04067_,13.09µm
_04209_,13.09µm
_04278_,13.09µm
_04708_,13.09µm
net1838,13.09µm
_00033_,13.08µm
_01690_,13.08µm
_03026_,13.08µm
_03818_,13.08µm
_04237_,13.08µm
_04272_,13.08µm
_04547_,13.08µm
_05662_,13.08µm
_04581_,13.04µm
_04150_,13.03µm
_05520_,13.03µm
_03517_,13.02µm
_05686_,13.02µm
_04418_,12.995µm
_04211_,12.98µm
_02609_,12.97µm
_03074_,12.97µm
_03961_,12.96µm
_04722_,12.96µm
_01564_,12.945µm
_05692_,12.945µm
_03554_,12.915µm
_00427_,12.91µm
_00702_,12.91µm
_03632_,12.91µm
_05723_,12.91µm
_01048_,12.9µm
_03146_,12.9µm
_04345_,12.9µm
_04446_,12.9µm
_05905_,12.9µm
_01818_,12.895µm
_03883_,12.855µm
_01133_,12.85µm
_03509_,12.85µm
_05257_,12.85µm
_05848_,12.85µm
net78,12.85µm
_05269_,12.845µm
_02593_,12.84µm
_05317_,12.835µm
_01567_,12.83µm
_03525_,12.825µm
_03750_,12.825µm
_04962_,12.825µm
_01889_,12.8µm
_05410_,12.795µm
_00921_,12.79µm
_01472_,12.79µm
_01665_,12.79µm
u_picorv32.picorv32_core.alu_out\[5\],12.79µm
_00570_,12.78µm
_00938_,12.765µm
u_picorv32.picorv32_core.cpuregs\[29\]\[12\],12.74µm
_02392_,12.73µm
_02425_,12.73µm
_02583_,12.73µm
_03747_,12.73µm
_03954_,12.73µm
_05963_,12.73µm
_00460_,12.72µm
_01463_,12.72µm
_02111_,12.72µm
_04145_,12.72µm
net1535,12.72µm
net1657,12.72µm
net1719,12.72µm
net1908,12.72µm
net2783,12.72µm
_01980_,12.67µm
_02925_,12.67µm
_04790_,12.67µm
_05111_,12.66µm
_03868_,12.655µm
_01757_,12.625µm
_00422_,12.61µm
_01234_,12.61µm
_02645_,12.61µm
net1728,12.61µm
net1997,12.61µm
net2281,12.61µm
net2474,12.61µm
_05804_,12.6µm
_02949_,12.585µm
_05389_,12.56µm
mem_axi_rdata[4],12.56µm
mem_axi_araddr[13],12.56µm
_00038_,12.55µm
_03179_,12.55µm
_04355_,12.55µm
_04387_,12.54µm
_04675_,12.54µm
_01361_,12.525µm
_03814_,12.525µm
_05600_,12.525µm
_02107_,12.505µm
_01428_,12.49µm
_02530_,12.49µm
_03190_,12.49µm
_03218_,12.49µm
_05673_,12.49µm
_02335_,12.48µm
_03337_,12.48µm
_03903_,12.48µm
_04302_,12.48µm
_04755_,12.48µm
_05040_,12.48µm
net2735,12.48µm
_05791_,12.465µm
u_picorv32.picorv32_core.mem_rdata_q\[6\],12.45µm
_00303_,12.43µm
_02461_,12.43µm
_03823_,12.43µm
_05448_,12.43µm
u_picorv32.picorv32_core.is_compare,12.43µm
net3126,12.43µm
_00902_,12.42µm
_02710_,12.42µm
u_picorv32.picorv32_core.alu_out_q\[13\],12.42µm
u_picorv32.axi_adapter.xfer_done,12.415µm
_04002_,12.39µm
_01119_,12.37µm
_01253_,12.37µm
_01511_,12.37µm
_03199_,12.37µm
_03493_,12.37µm
_04225_,12.37µm
_05468_,12.37µm
_01884_,12.36µm
_03751_,12.36µm
_05803_,12.36µm
net1464,12.36µm
net1600,12.36µm
net1914,12.36µm
net1972,12.36µm
net2014,12.36µm
net2155,12.36µm
_05796_,12.32µm
_00042_,12.31µm
_01568_,12.31µm
_04196_,12.31µm
_04792_,12.31µm
_00447_,12.3µm
_03013_,12.3µm
_05923_,12.3µm
_02752_,12.295µm
_02161_,12.27µm
_01866_,12.26µm
_02051_,12.25µm
_03040_,12.25µm
_03215_,12.25µm
_03838_,12.25µm
_04198_,12.25µm
_02708_,12.24µm
_03977_,12.24µm
_04451_,12.24µm
_04505_,12.24µm
_04831_,12.24µm
_05160_,12.24µm
net1860,12.24µm
net1905,12.24µm
net2062,12.24µm
net2088,12.24µm
net2159,12.24µm
net2411,12.24µm
net2424,12.24µm
net2649,12.24µm
net2757,12.24µm
_04262_,12.225µm
_04411_,12.205µm
_01905_,12.2µm
_03291_,12.19µm
_04732_,12.18µm
_01566_,12.175µm
_04180_,12.15µm
_02556_,12.14µm
_00139_,12.13µm
_00237_,12.13µm
_05637_,12.13µm
net1885,12.13µm
_03611_,12.12µm
_03569_,12.09µm
_03464_,12.075µm
_02919_,12.07µm
_02824_,12.06µm
_03234_,12.06µm
u_picorv32.axi_adapter.ack_arvalid,12.045µm
_03793_,12.02µm
_02215_,12.01µm
_03247_,12.01µm
_03545_,12.01µm
_02203_,12µm
_04468_,12µm
_04647_,12µm
_05118_,12µm
_06015_,12µm
net1736,12µm
_03080_,11.985µm
_02087_,11.975µm
_02162_,11.95µm
_03470_,11.95µm
_04745_,11.95µm
_04879_,11.95µm
net3028,11.95µm
net3115,11.95µm
_00330_,11.94µm
_03445_,11.94µm
_03772_,11.94µm
_04156_,11.94µm
_05954_,11.94µm
net3061,11.94µm
net3134,11.94µm
_05627_,11.91µm
_01396_,11.89µm
_04778_,11.89µm
_05303_,11.89µm
_04905_,11.88µm
net1670,11.88µm
net2154,11.88µm
net2385,11.88µm
net2502,11.88µm
_02963_,11.865µm
_04294_,11.865µm
_00705_,11.85µm
_00026_,11.83µm
_00027_,11.83µm
_01422_,11.83µm
_03547_,11.83µm
_04637_,11.83µm
_01093_,11.82µm
_01917_,11.82µm
_04008_,11.82µm
_04395_,11.82µm
_04869_,11.82µm
_02201_,11.81µm
_02023_,11.78µm
_05387_,11.78µm
_01448_,11.77µm
_02432_,11.77µm
_02608_,11.77µm
_02657_,11.77µm
_03928_,11.77µm
_04887_,11.77µm
net1537,11.77µm
net2542,11.77µm
net2549,11.77µm
net2656,11.77µm
net2666,11.77µm
_01816_,11.765µm
_01817_,11.765µm
_01954_,11.76µm
_02042_,11.76µm
_03874_,11.76µm
_04721_,11.76µm
_05024_,11.76µm
_05752_,11.76µm
net1978,11.76µm
_03761_,11.755µm
_05824_,11.75µm
_01479_,11.745µm
u_picorv32.picorv32_core.reg_out\[28\],11.73µm
_03221_,11.72µm
mem_axi_rdata[11],11.72µm
mem_axi_rdata[14],11.72µm
mem_axi_rdata[20],11.72µm
mem_axi_rdata[23],11.72µm
mem_axi_rdata[26],11.72µm
mem_axi_rdata[29],11.72µm
mem_axi_rdata[8],11.72µm
_01310_,11.71µm
_01860_,11.71µm
_04668_,11.71µm
_05260_,11.71µm
u_picorv32.picorv32_core.mem_state\[1\],11.71µm
_03634_,11.7µm
_03947_,11.7µm
_02276_,11.66µm
_03241_,11.66µm
_00978_,11.65µm
_01419_,11.65µm
_02081_,11.65µm
_02590_,11.65µm
_02757_,11.65µm
_02784_,11.65µm
_05036_,11.65µm
net1668,11.65µm
_03072_,11.63µm
_01580_,11.58µm
_03448_,11.58µm
_04414_,11.58µm
_02119_,11.575µm
_03033_,11.53µm
_04460_,11.53µm
_05101_,11.53µm
_04249_,11.52µm
_04274_,11.52µm
_04623_,11.52µm
_04787_,11.52µm
_05028_,11.52µm
_06005_,11.52µm
u_picorv32.picorv32_core.alu_out_q\[14\],11.52µm
_04860_,11.505µm
_00710_,11.47µm
_00903_,11.47µm
_01392_,11.47µm
_05582_,11.47µm
_02029_,11.465µm
_03483_,11.46µm
_05444_,11.46µm
_05827_,11.46µm
net120,11.46µm
net3035,11.46µm
_03250_,11.425µm
_01287_,11.41µm
_02285_,11.41µm
_02543_,11.41µm
_02951_,11.41µm
_02961_,11.41µm
_03315_,11.41µm
_03794_,11.41µm
_04776_,11.41µm
_05764_,11.41µm
_05973_,11.41µm
net3096,11.41µm
_04010_,11.4µm
_05498_,11.4µm
net1412,11.4µm
net1466,11.4µm
net1495,11.4µm
net1550,11.4µm
net1686,11.4µm
net1714,11.4µm
net1912,11.4µm
net2007,11.4µm
net2051,11.4µm
net2052,11.4µm
net2167,11.4µm
net2443,11.4µm
_03880_,11.395µm
_04066_,11.395µm
_02525_,11.38µm
_02606_,11.38µm
_00900_,11.37µm
_01841_,11.36µm
_00724_,11.35µm
_01766_,11.35µm
_00588_,11.34µm
_05539_,11.34µm
_03084_,11.3µm
_02747_,11.295µm
_01888_,11.29µm
_03207_,11.29µm
_03717_,11.29µm
_04136_,11.29µm
net1627,11.29µm
net1833,11.29µm
net2512,11.29µm
net2515,11.29µm
net2523,11.29µm
net2529,11.29µm
net2534,11.29µm
net2536,11.29µm
net2544,11.29µm
net2548,11.29µm
net2554,11.29µm
net2683,11.29µm
net2939,11.29µm
net2967,11.29µm
_00917_,11.28µm
_00986_,11.28µm
_01246_,11.28µm
_02469_,11.28µm
_04155_,11.28µm
_04545_,11.28µm
net1452,11.28µm
net1723,11.28µm
net1864,11.28µm
net1935,11.28µm
net1974,11.28µm
net2121,11.28µm
net2279,11.28µm
_03167_,11.22µm
_02512_,11.215µm
_01610_,11.19µm
_01882_,11.19µm
_02231_,11.19µm
_02232_,11.185µm
_00524_,11.17µm
_03858_,11.17µm
_05449_,11.17µm
net1868,11.17µm
_02658_,11.16µm
_04560_,11.16µm
_04630_,11.16µm
u_picorv32.picorv32_core.cpuregs\[26\]\[26\],11.16µm
_00473_,11.145µm
_04445_,11.135µm
_01800_,11.125µm
_01561_,11.12µm
_01153_,11.11µm
_01306_,11.11µm
_01675_,11.11µm
_04374_,11.1µm
_01827_,11.075µm
_04135_,11.06µm
_00471_,11.05µm
_01196_,11.05µm
_01581_,11.05µm
u_picorv32.pcpi_rs1\[8\],11.05µm
_01718_,11.04µm
_02670_,11.04µm
_04091_,11.04µm
_05270_,11.04µm
_04717_,11.025µm
_04906_,11.025µm
_05014_,11.01µm
_00043_,10.99µm
_00056_,10.99µm
_00998_,10.99µm
_01346_,10.99µm
_01471_,10.99µm
_01574_,10.99µm
_02052_,10.99µm
_02557_,10.99µm
_03562_,10.99µm
_03565_,10.99µm
_03739_,10.99µm
_03808_,10.99µm
_03862_,10.99µm
_03921_,10.99µm
_04201_,10.99µm
_04517_,10.99µm
_04617_,10.99µm
_04882_,10.99µm
_05295_,10.99µm
net3146,10.99µm
_01857_,10.98µm
_02677_,10.98µm
_04817_,10.98µm
_05408_,10.94µm
_00058_,10.93µm
_02243_,10.93µm
_02244_,10.93µm
_03271_,10.93µm
_03313_,10.93µm
_03477_,10.93µm
_03516_,10.93µm
_04013_,10.93µm
_04818_,10.93µm
net1709,10.93µm
net2500,10.93µm
net2667,10.93µm
net3143,10.93µm
_01916_,10.925µm
_01830_,10.92µm
_01883_,10.92µm
_04915_,10.92µm
_05956_,10.92µm
net2206,10.92µm
net2528,10.92µm
net2539,10.92µm
net2540,10.92µm
net2585,10.92µm
net2630,10.92µm
net2947,10.92µm
_02100_,10.915µm
_03014_,10.915µm
_04176_,10.915µm
_05135_,10.915µm
u_picorv32.picorv32_core.reg_out\[29\],10.9µm
_05841_,10.88µm
net1403,10.88µm
mem_axi_arready,10.88µm
mem_axi_rdata[10],10.88µm
mem_axi_rdata[13],10.88µm
mem_axi_rdata[16],10.88µm
mem_axi_rdata[1],10.88µm
mem_axi_rdata[22],10.88µm
mem_axi_rdata[25],10.88µm
mem_axi_rdata[7],10.88µm
_01504_,10.87µm
_02370_,10.87µm
_04026_,10.87µm
_00466_,10.86µm
_04192_,10.86µm
_03283_,10.855µm
_04281_,10.855µm
_02097_,10.845µm
_03863_,10.825µm
_01303_,10.81µm
_01333_,10.81µm
_02031_,10.81µm
_02053_,10.81µm
_02373_,10.81µm
_03227_,10.81µm
_04006_,10.81µm
_04267_,10.81µm
_04673_,10.81µm
_04742_,10.81µm
_04859_,10.81µm
_04926_,10.81µm
_05011_,10.81µm
_05279_,10.81µm
_05383_,10.81µm
_05434_,10.81µm
_05719_,10.81µm
net2150,10.81µm
net2356,10.81µm
net2524,10.81µm
net2930,10.81µm
_04800_,10.805µm
_00292_,10.8µm
_00404_,10.8µm
_01470_,10.8µm
_01634_,10.8µm
_02214_,10.8µm
_03918_,10.8µm
_04750_,10.8µm
_05968_,10.8µm
net1583,10.8µm
net1892,10.8µm
net2145,10.8µm
net2158,10.8µm
net2254,10.8µm
net2316,10.8µm
u_picorv32.picorv32_core.reg_next_pc\[5\],10.795µm
_01236_,10.785µm
_01772_,10.775µm
_03696_,10.77µm
_01544_,10.76µm
_04187_,10.75µm
_04569_,10.75µm
_05226_,10.75µm
net69,10.75µm
_05618_,10.74µm
_04213_,10.735µm
_02387_,10.73µm
_00455_,10.72µm
_04931_,10.7µm
_05502_,10.7µm
_05781_,10.7µm
_00665_,10.69µm
_01932_,10.69µm
_03097_,10.69µm
_03786_,10.69µm
_04138_,10.69µm
net2526,10.69µm
_03576_,10.68µm
_04978_,10.68µm
_05801_,10.665µm
_05865_,10.66µm
_01497_,10.63µm
_04809_,10.63µm
_04862_,10.62µm
_03752_,10.61µm
_04839_,10.605µm
net2199,10.605µm
_01724_,10.595µm
_03556_,10.595µm
_01358_,10.57µm
_01502_,10.57µm
_02038_,10.57µm
_03839_,10.57µm
_04069_,10.57µm
_04130_,10.57µm
_05023_,10.57µm
_05369_,10.57µm
_05486_,10.57µm
_05645_,10.57µm
_01370_,10.56µm
_02478_,10.56µm
_02755_,10.56µm
_04454_,10.56µm
_05742_,10.56µm
net1481,10.56µm
_04398_,10.555µm
_04499_,10.545µm
_04088_,10.53µm
_00017_,10.51µm
_00123_,10.51µm
_00124_,10.51µm
_01221_,10.51µm
_01398_,10.51µm
_01513_,10.51µm
_02338_,10.51µm
_03494_,10.51µm
_04621_,10.51µm
_05616_,10.51µm
_05811_,10.51µm
u_picorv32.pcpi_rs1\[24\],10.51µm
net3100,10.51µm
net3105,10.51µm
net3130,10.51µm
_05757_,10.505µm
_01459_,10.5µm
_01851_,10.5µm
_03507_,10.5µm
u_picorv32.picorv32_core.cpuregs\[24\]\[8\],10.5µm
_03568_,10.495µm
_00218_,10.47µm
_04099_,10.465µm
_04270_,10.45µm
_05983_,10.45µm
_05992_,10.45µm
net1415,10.45µm
net1477,10.45µm
net1562,10.45µm
net1573,10.45µm
net1771,10.45µm
net1891,10.45µm
net1929,10.45µm
net1930,10.45µm
net2115,10.45µm
net2245,10.45µm
net2485,10.45µm
net2490,10.45µm
net2496,10.45µm
net2504,10.45µm
net2514,10.45µm
net2516,10.45µm
net2530,10.45µm
net2538,10.45µm
net2543,10.45µm
net2546,10.45µm
net2550,10.45µm
net2551,10.45µm
net2584,10.45µm
net2593,10.45µm
net2658,10.45µm
net2668,10.45µm
net2691,10.45µm
net2785,10.45µm
net2908,10.45µm
net2946,10.45µm
net2973,10.45µm
net74,10.45µm
net75,10.45µm
net80,10.45µm
net85,10.45µm
net89,10.45µm
net90,10.45µm
net3138,10.45µm
_01233_,10.44µm
_04850_,10.435µm
_04884_,10.435µm
_04953_,10.435µm
_01957_,10.425µm
mem_axi_rdata[0],10.41µm
_03769_,10.405µm
_02682_,10.39µm
_03076_,10.39µm
_01759_,10.38µm
_04070_,10.38µm
_01731_,10.35µm
_01658_,10.33µm
_02533_,10.33µm
_02772_,10.33µm
_02817_,10.33µm
_02890_,10.33µm
_03184_,10.33µm
_03622_,10.33µm
_04431_,10.33µm
_05887_,10.33µm
_05894_,10.33µm
net2149,10.33µm
_02099_,10.325µm
_00297_,10.32µm
_00310_,10.32µm
_00378_,10.32µm
_02067_,10.32µm
_03224_,10.32µm
_04165_,10.32µm
_04353_,10.32µm
net1691,10.32µm
net1767,10.32µm
net1782,10.32µm
net1851,10.32µm
net1894,10.32µm
net2748,10.32µm
_02033_,10.315µm
_01578_,10.29µm
_00037_,10.27µm
_03985_,10.25µm
_00698_,10.245µm
_03912_,10.24µm
_03579_,10.23µm
_01741_,10.22µm
_02169_,10.22µm
_02218_,10.215µm
_01209_,10.21µm
_01432_,10.21µm
_02216_,10.21µm
_04295_,10.21µm
_01856_,10.2µm
_02795_,10.2µm
_03907_,10.2µm
_03766_,10.185µm
_01307_,10.15µm
_01440_,10.15µm
_04157_,10.15µm
_03914_,10.14µm
_05664_,10.14µm
_05844_,10.14µm
_02357_,10.1µm
_01698_,10.09µm
_03989_,10.09µm
_06007_,10.09µm
u_picorv32.picorv32_core.alu_out_q\[21\],10.09µm
net3015,10.09µm
u_picorv32.picorv32_core.cpuregs\[0\]\[3\],10.085µm
_01311_,10.08µm
_01799_,10.08µm
_01881_,10.08µm
_02213_,10.08µm
_02277_,10.08µm
_02626_,10.08µm
_04523_,10.08µm
_04636_,10.08µm
_04874_,10.08µm
_05336_,10.08µm
_05720_,10.08µm
net1413,10.08µm
net1904,10.08µm
net2259,10.08µm
net2510,10.08µm
net2673,10.08µm
net2972,10.08µm
net71,10.08µm
net72,10.08µm
net73,10.08µm
net76,10.08µm
net77,10.08µm
net81,10.08µm
net82,10.08µm
net88,10.08µm
net96,10.08µm
net97,10.08µm
u_picorv32.picorv32_core.reg_next_pc\[17\],10.08µm
mem_axi_rdata[3],10.04µm
net1735,10.035µm
_01160_,10.03µm
_02133_,10.03µm
_02397_,10.03µm
_03720_,10.03µm
_03829_,10.03µm
_03840_,10.03µm
_04423_,10.03µm
_04938_,10.03µm
_05069_,10.03µm
_05886_,10.03µm
u_picorv32.pcpi_rs1\[20\],10.03µm
net3120,10.03µm
_05653_,10.025µm
_01782_,10.02µm
_04356_,10.02µm
_02618_,10.015µm
_04766_,9.99µm
_01512_,9.97µm
_01583_,9.97µm
_02284_,9.97µm
_02652_,9.97µm
_03711_,9.97µm
_04065_,9.97µm
_04627_,9.97µm
_04706_,9.97µm
_05057_,9.97µm
net2266,9.97µm
net2493,9.97µm
net2518,9.97µm
net2690,9.97µm
net79,9.97µm
net95,9.97µm
net99,9.97µm
net100,9.97µm
u_picorv32.picorv32_core.alu_out_q\[22\],9.97µm
net3091,9.97µm
_01531_,9.96µm
_01930_,9.945µm
_03626_,9.94µm
_00518_,9.93µm
_01128_,9.93µm
_01600_,9.92µm
_03942_,9.92µm
_00035_,9.91µm
_00876_,9.91µm
_02477_,9.91µm
_03866_,9.91µm
_05728_,9.905µm
_03822_,9.9µm
_04876_,9.9µm
_05234_,9.9µm
_05312_,9.9µm
_05325_,9.9µm
_05512_,9.9µm
_02628_,9.88µm
_00010_,9.86µm
_02385_,9.86µm
_03879_,9.86µm
_05492_,9.86µm
_01157_,9.85µm
_02588_,9.85µm
_03213_,9.85µm
_03835_,9.85µm
_04128_,9.85µm
_04231_,9.85µm
_04344_,9.85µm
_04444_,9.85µm
_04761_,9.85µm
_04865_,9.85µm
_05322_,9.85µm
net1546,9.85µm
net1795,9.85µm
_00178_,9.84µm
_00304_,9.84µm
_00371_,9.84µm
_00632_,9.84µm
_00852_,9.84µm
_00931_,9.84µm
_02955_,9.84µm
_03964_,9.84µm
_04333_,9.84µm
net1439,9.84µm
net1601,9.84µm
net1729,9.84µm
net1744,9.84µm
net1848,9.84µm
net2049,9.84µm
net2317,9.84µm
net2578,9.84µm
net2751,9.84µm
net2943,9.84µm
_05453_,9.81µm
_02428_,9.79µm
_03145_,9.79µm
_04319_,9.79µm
_02400_,9.78µm
_04133_,9.78µm
_03390_,9.76µm
_03915_,9.755µm
_03737_,9.74µm
_03316_,9.73µm
_04439_,9.73µm
_04629_,9.73µm
_01976_,9.72µm
_02774_,9.72µm
_03029_,9.72µm
_03898_,9.72µm
_03963_,9.7µm
_04477_,9.7µm
_04538_,9.7µm
_03598_,9.695µm
_04903_,9.67µm
_00182_,9.66µm
_00886_,9.66µm
_01353_,9.66µm
_03008_,9.635µm
_04748_,9.63µm
net2214,9.63µm
net2781,9.63µm
_02340_,9.61µm
_02343_,9.61µm
_02344_,9.61µm
_02436_,9.61µm
_03609_,9.61µm
_03647_,9.61µm
_04096_,9.61µm
_05187_,9.61µm
_05222_,9.61µm
u_picorv32.picorv32_core.instr_sub,9.61µm
net3135,9.61µm
_01264_,9.6µm
_02697_,9.6µm
_03691_,9.6µm
_04364_,9.6µm
net1883,9.6µm
net1916,9.6µm
net2168,9.6µm
net2249,9.6µm
net2418,9.6µm
net2623,9.6µm
net83,9.6µm
net84,9.6µm
net86,9.6µm
net87,9.6µm
net92,9.6µm
net93,9.6µm
net98,9.6µm
u_picorv32.picorv32_core.instr_beq,9.595µm
_03035_,9.585µm
_03955_,9.56µm
_02846_,9.555µm
_00045_,9.55µm
_00911_,9.55µm
_01222_,9.55µm
_01309_,9.55µm
_02408_,9.55µm
_02679_,9.55µm
_03295_,9.55µm
_03854_,9.55µm
_03994_,9.55µm
_04531_,9.55µm
_04816_,9.55µm
_05473_,9.55µm
_05833_,9.55µm
u_picorv32.picorv32_core.count_instr\[12\],9.55µm
net3103,9.55µm
net3154,9.55µm
_03505_,9.54µm
_04110_,9.515µm
_01642_,9.49µm
_02071_,9.49µm
_02749_,9.49µm
_02867_,9.49µm
_04823_,9.49µm
_04898_,9.49µm
_04919_,9.49µm
_05365_,9.49µm
_05413_,9.49µm
net1836,9.49µm
net1959,9.49µm
net2100,9.49µm
net2111,9.49µm
net2286,9.49µm
net2302,9.49µm
net2370,9.49µm
net2410,9.49µm
net2433,9.49µm
net2588,9.49µm
net2880,9.49µm
u_picorv32.pcpi_rs1\[31\],9.49µm
_01598_,9.48µm
_01999_,9.48µm
_02362_,9.48µm
_04700_,9.48µm
_04950_,9.48µm
net1455,9.48µm
net2119,9.48µm
net2190,9.48µm
u_picorv32.picorv32_core.reg_out\[13\],9.48µm
_04923_,9.475µm
_05481_,9.45µm
_00024_,9.43µm
_01068_,9.43µm
_01129_,9.43µm
_01925_,9.42µm
_04989_,9.42µm
_05116_,9.42µm
_01576_,9.415µm
_05888_,9.4µm
_04134_,9.39µm
_01696_,9.38µm
_01833_,9.38µm
_02240_,9.38µm
_02445_,9.38µm
_03450_,9.38µm
_00062_,9.37µm
_01707_,9.37µm
_01914_,9.37µm
_03094_,9.37µm
_04359_,9.37µm
_05772_,9.37µm
_05975_,9.37µm
net1757,9.37µm
net2945,9.37µm
_00248_,9.36µm
_00261_,9.36µm
_00384_,9.36µm
_00527_,9.36µm
_00531_,9.36µm
_00786_,9.36µm
_01002_,9.36µm
_02241_,9.36µm
_02707_,9.36µm
_02766_,9.36µm
_03941_,9.36µm
_04033_,9.36µm
_04360_,9.36µm
_04476_,9.36µm
net1527,9.36µm
net1602,9.36µm
net1745,9.36µm
net2228,9.36µm
net2308,9.36µm
net2342,9.36µm
net2362,9.36µm
net2977,9.36µm
_04307_,9.355µm
_02347_,9.345µm
_03123_,9.34µm
_02930_,9.33µm
_03293_,9.33µm
_00053_,9.31µm
_01355_,9.31µm
_03487_,9.31µm
_04896_,9.31µm
_05090_,9.31µm
_05344_,9.31µm
_04240_,9.3µm
u_picorv32.picorv32_core.cpuregs\[22\]\[10\],9.3µm
_02585_,9.285µm
_02012_,9.28µm
_01909_,9.27µm
_01308_,9.25µm
_04900_,9.25µm
_00804_,9.24µm
_04420_,9.24µm
_04599_,9.24µm
net1802,9.24µm
net1857,9.24µm
_03016_,9.225µm
_03070_,9.225µm
_04899_,9.22µm
_03595_,9.2µm
mem_axi_rdata[19],9.2µm
mem_axi_rdata[31],9.2µm
_00049_,9.19µm
_01467_,9.19µm
_05392_,9.19µm
_00034_,9.18µm
_01912_,9.18µm
_02406_,9.18µm
_02514_,9.18µm
_04005_,9.18µm
_04488_,9.18µm
_04840_,9.18µm
_00826_,9.13µm
_00946_,9.13µm
_01365_,9.13µm
_01703_,9.13µm
_02358_,9.13µm
_03174_,9.13µm
_03631_,9.13µm
_04053_,9.13µm
_04264_,9.13µm
_05031_,9.13µm
_06000_,9.13µm
u_picorv32.pcpi_rs1\[17\],9.13µm
_01382_,9.12µm
_01765_,9.12µm
_02032_,9.12µm
_02853_,9.12µm
_03023_,9.12µm
_03454_,9.12µm
_03783_,9.12µm
_04632_,9.12µm
net1796,9.12µm
net1973,9.12µm
net2022,9.12µm
net2194,9.12µm
net2869,9.12µm
_02224_,9.1µm
_04609_,9.075µm
_00103_,9.07µm
_00467_,9.07µm
_01255_,9.07µm
_01475_,9.07µm
_01480_,9.07µm
_02672_,9.07µm
_02731_,9.07µm
_03018_,9.07µm
_03078_,9.07µm
_03701_,9.07µm
_03728_,9.07µm
_03934_,9.07µm
_04220_,9.07µm
_04894_,9.07µm
_05998_,9.07µm
net3092,9.07µm
_01464_,9.06µm
_01605_,9.06µm
_05008_,9.06µm
_03098_,9.02µm
_04917_,9.02µm
_05585_,9.015µm
_01262_,9.01µm
_02198_,9.01µm
_03578_,9.01µm
_04645_,9.01µm
net2044,9.01µm
net2068,9.01µm
net2235,9.01µm
net2307,9.01µm
_01651_,9µm
_01705_,9µm
_03166_,9µm
_03566_,9µm
_04578_,9µm
_05559_,9µm
net2207,9µm
net2296,9µm
_04479_,8.995µm
_05079_,8.995µm
_02416_,8.96µm
_03137_,8.96µm
u_picorv32.picorv32_core.reg_next_pc\[3\],8.96µm
_00812_,8.95µm
_01219_,8.95µm
_01324_,8.95µm
_01468_,8.95µm
_03492_,8.94µm
_04025_,8.94µm
_04664_,8.94µm
_02302_,8.925µm
_00423_,8.89µm
_02875_,8.89µm
_04699_,8.89µm
_04866_,8.89µm
_05400_,8.89µm
_05629_,8.89µm
net2301,8.89µm
net2303,8.89µm
_00158_,8.88µm
_00222_,8.88µm
_00228_,8.88µm
_00410_,8.88µm
_00421_,8.88µm
_00517_,8.88µm
_00535_,8.88µm
_00670_,8.88µm
_00683_,8.88µm
_00734_,8.88µm
_00999_,8.88µm
_03946_,8.88µm
_04218_,8.88µm
_04296_,8.88µm
_04424_,8.88µm
_04697_,8.88µm
_04912_,8.88µm
_05744_,8.88µm
net1459,8.88µm
net1469,8.88µm
net1479,8.88µm
net1526,8.88µm
net1587,8.88µm
net1616,8.88µm
net1622,8.88µm
net1624,8.88µm
net1630,8.88µm
net1642,8.88µm
net1659,8.88µm
net1663,8.88µm
net1698,8.88µm
net1700,8.88µm
net1724,8.88µm
net1773,8.88µm
net1780,8.88µm
net1803,8.88µm
net1829,8.88µm
net1830,8.88µm
net1876,8.88µm
net1890,8.88µm
net1898,8.88µm
net1910,8.88µm
net1992,8.88µm
net2031,8.88µm
net2071,8.88µm
net2076,8.88µm
net2084,8.88µm
net2093,8.88µm
net2097,8.88µm
net2112,8.88µm
net2127,8.88µm
net2138,8.88µm
net2144,8.88µm
net2187,8.88µm
net2203,8.88µm
net2221,8.88µm
net2226,8.88µm
net2252,8.88µm
net2274,8.88µm
net2288,8.88µm
net2309,8.88µm
net2361,8.88µm
net2378,8.88µm
net2404,8.88µm
net2477,8.88µm
net2483,8.88µm
net2545,8.88µm
net2573,8.88µm
net2582,8.88µm
net2605,8.88µm
net2729,8.88µm
net2777,8.88µm
net2804,8.88µm
net2856,8.88µm
net2862,8.88µm
net2900,8.88µm
net2928,8.88µm
net2956,8.88µm
net2995,8.88µm
_04194_,8.865µm
_03204_,8.84µm
_01633_,8.83µm
_02219_,8.83µm
_01688_,8.825µm
_05540_,8.805µm
_01001_,8.8µm
_02256_,8.785µm
mem_axi_araddr[10],8.78µm
mem_axi_araddr[19],8.78µm
mem_axi_araddr[22],8.78µm
mem_axi_araddr[25],8.78µm
mem_axi_araddr[28],8.78µm
mem_axi_araddr[4],8.78µm
mem_axi_araddr[7],8.78µm
mem_axi_arprot[2],8.78µm
mem_axi_arvalid,8.78µm
_02049_,8.77µm
_00319_,8.76µm
_00470_,8.76µm
_01201_,8.76µm
_01204_,8.76µm
_01457_,8.76µm
_02541_,8.76µm
_03972_,8.76µm
net1428,8.76µm
_04106_,8.745µm
_04407_,8.745µm
_00110_,8.71µm
_00111_,8.71µm
_01411_,8.71µm
_02785_,8.71µm
_00964_,8.7µm
_01412_,8.7µm
_02287_,8.7µm
_02526_,8.7µm
_02549_,8.7µm
_02607_,8.7µm
_02673_,8.7µm
_02704_,8.7µm
_03042_,8.7µm
_03427_,8.7µm
_04751_,8.7µm
_05766_,8.7µm
net3112,8.7µm
_04867_,8.695µm
_04815_,8.68µm
_05847_,8.68µm
_05390_,8.665µm
_00611_,8.65µm
_01065_,8.65µm
_01323_,8.65µm
_01436_,8.65µm
_02404_,8.65µm
_03506_,8.65µm
_03671_,8.65µm
_04601_,8.65µm
_05129_,8.65µm
_05414_,8.65µm
_05425_,8.65µm
_05576_,8.65µm
net2175,8.65µm
net3148,8.65µm
_01190_,8.64µm
_01418_,8.64µm
_01876_,8.64µm
_02577_,8.64µm
_03068_,8.64µm
_03957_,8.64µm
_04023_,8.64µm
_04401_,8.64µm
_04788_,8.64µm
_05489_,8.64µm
_05971_,8.64µm
net1491,8.64µm
net1579,8.64µm
net1580,8.64µm
net1581,8.64µm
net1591,8.64µm
net1710,8.64µm
net1730,8.64µm
net1874,8.64µm
net2087,8.64µm
net2422,8.64µm
net2651,8.64µm
net124,8.64µm
_02591_,8.635µm
_04239_,8.63µm
_05529_,8.625µm
_04442_,8.61µm
_02005_,8.6µm
_01331_,8.59µm
_01961_,8.59µm
_02249_,8.59µm
_02299_,8.59µm
_03830_,8.59µm
_03894_,8.59µm
_03988_,8.59µm
_04095_,8.59µm
_04575_,8.59µm
_04656_,8.59µm
_05258_,8.59µm
_05936_,8.59µm
u_picorv32.pcpi_rs1\[16\],8.59µm
net3030,8.59µm
_04579_,8.58µm
_04616_,8.58µm
_03924_,8.56µm
_00819_,8.53µm
_03827_,8.53µm
_04470_,8.53µm
_05363_,8.53µm
_05372_,8.53µm
_05962_,8.53µm
net1899,8.53µm
net2059,8.53µm
net2113,8.53µm
net2522,8.53µm
net2847,8.53µm
_00223_,8.52µm
_01528_,8.52µm
_01530_,8.52µm
_02080_,8.52µm
_02353_,8.52µm
_02702_,8.52µm
_03027_,8.52µm
_03041_,8.52µm
_03284_,8.52µm
_05868_,8.52µm
net1801,8.52µm
net2371,8.52µm
net2919,8.52µm
_05199_,8.515µm
_02534_,8.5µm
_02250_,8.495µm
_00843_,8.49µm
_02063_,8.485µm
_00293_,8.47µm
_00425_,8.47µm
_00468_,8.47µm
_01020_,8.47µm
_01439_,8.47µm
_02958_,8.47µm
_01647_,8.46µm
_01825_,8.46µm
_03633_,8.46µm
_03832_,8.46µm
_03893_,8.46µm
_04389_,8.46µm
_05584_,8.46µm
rst_ni,8.46µm
_04146_,8.445µm
_03782_,8.435µm
_05759_,8.435µm
_02592_,8.42µm
net3011,8.42µm
_02341_,8.41µm
_03187_,8.41µm
_03596_,8.41µm
_03983_,8.41µm
_05396_,8.41µm
_05660_,8.41µm
_05901_,8.41µm
net1760,8.41µm
_00183_,8.4µm
_00212_,8.4µm
_00564_,8.4µm
_00920_,8.4µm
_01007_,8.4µm
_01080_,8.4µm
_01086_,8.4µm
_01107_,8.4µm
_01847_,8.4µm
_03061_,8.4µm
_03950_,8.4µm
_03959_,8.4µm
_04337_,8.4µm
net1701,8.4µm
net2006,8.4µm
net2040,8.4µm
net2136,8.4µm
net2421,8.4µm
net2661,8.4µm
u_picorv32.picorv32_core.cpuregs\[5\]\[27\],8.39µm
_01354_,8.38µm
_01601_,8.375µm
_04848_,8.36µm
net1404,8.36µm
_01165_,8.35µm
_02178_,8.35µm
_02538_,8.32µm
_04044_,8.32µm
_03529_,8.315µm
_04438_,8.31µm
_04334_,8.295µm
_02011_,8.29µm
_03604_,8.29µm
_04152_,8.29µm
_04326_,8.29µm
_04611_,8.29µm
_04914_,8.29µm
_00327_,8.28µm
_00548_,8.28µm
_00647_,8.28µm
_02500_,8.28µm
_02759_,8.28µm
_03267_,8.28µm
_03502_,8.28µm
_05274_,8.28µm
net1532,8.28µm
net1819,8.28µm
_03456_,8.26µm
_03463_,8.26µm
_03219_,8.25µm
_00107_,8.23µm
_01408_,8.23µm
_01430_,8.23µm
_01515_,8.23µm
_01518_,8.23µm
_01536_,8.23µm
_03623_,8.23µm
_04221_,8.23µm
_04908_,8.23µm
_05188_,8.23µm
_01644_,8.22µm
_02654_,8.22µm
_03011_,8.22µm
_03652_,8.22µm
_05307_,8.22µm
_05777_,8.205µm
_05548_,8.2µm
_02498_,8.18µm
_03474_,8.18µm
_01893_,8.17µm
_02070_,8.17µm
_02120_,8.17µm
_03391_,8.17µm
_03665_,8.17µm
_04643_,8.17µm
_04985_,8.17µm
_05309_,8.17µm
_05547_,8.17µm
u_picorv32.pcpi_rs1\[12\],8.17µm
_01183_,8.16µm
_01391_,8.16µm
_01721_,8.16µm
_02459_,8.16µm
_02494_,8.16µm
_02642_,8.16µm
_02666_,8.16µm
_03514_,8.16µm
_03826_,8.16µm
_03917_,8.16µm
_04001_,8.16µm
_04227_,8.16µm
_04299_,8.16µm
_04628_,8.16µm
_04688_,8.16µm
_04845_,8.16µm
_04901_,8.16µm
_05467_,8.16µm
_05567_,8.16µm
_05858_,8.16µm
_05902_,8.16µm
net1426,8.16µm
net1443,8.16µm
net1533,8.16µm
net1676,8.16µm
net1733,8.16µm
net1764,8.16µm
net1986,8.16µm
net2046,8.16µm
net2166,8.16µm
net2211,8.16µm
net2215,8.16µm
net2270,8.16µm
net2277,8.16µm
net2285,8.16µm
net2741,8.16µm
net2755,8.16µm
net2800,8.16µm
net3156,8.16µm
_05788_,8.135µm
net1511,8.115µm
_00106_,8.11µm
_00115_,8.11µm
_00125_,8.11µm
_00181_,8.11µm
_00363_,8.11µm
_00928_,8.11µm
_01016_,8.11µm
_01102_,8.11µm
_01202_,8.11µm
_01301_,8.11µm
_04301_,8.11µm
_04694_,8.11µm
_04739_,8.11µm
_05581_,8.11µm
_05773_,8.11µm
u_picorv32.pcpi_rs1\[9\],8.11µm
net3123,8.11µm
_01405_,8.1µm
_02313_,8.1µm
_02519_,8.1µm
_03111_,8.1µm
_03273_,8.1µm
_03370_,8.1µm
_03393_,8.1µm
_03567_,8.1µm
_03603_,8.1µm
_04144_,8.1µm
_04311_,8.1µm
_04654_,8.1µm
_02954_,8.06µm
_04441_,8.06µm
_00358_,8.05µm
_01226_,8.05µm
_03125_,8.05µm
_03650_,8.05µm
_03815_,8.05µm
net1451,8.05µm
net1635,8.05µm
net1793,8.05µm
net1881,8.05µm
net1946,8.05µm
net2832,8.05µm
_01750_,8.04µm
_02088_,8.04µm
_02872_,8.04µm
_03348_,8.04µm
_05939_,8.04µm
net1493,8.04µm
net1870,8.04µm
_01783_,8.035µm
_02018_,8.035µm
_04554_,8.035µm
_04607_,8.035µm
_05172_,8.035µm
_04963_,8.025µm
_01849_,8.02µm
u_picorv32.picorv32_core.mem_rdata_q\[13\],8.005µm
_00357_,7.99µm
_00835_,7.99µm
_00926_,7.99µm
_01305_,7.99µm
_03888_,7.985µm
_04241_,7.98µm
_04597_,7.98µm
_04733_,7.98µm
_01597_,7.975µm
_05253_,7.95µm
net2217,7.95µm
_01749_,7.94µm
_02103_,7.94µm
_03251_,7.94µm
_04889_,7.94µm
_05534_,7.94µm
net3144,7.94µm
_01473_,7.93µm
_01499_,7.93µm
_02146_,7.93µm
_02246_,7.93µm
_03966_,7.93µm
_04738_,7.93µm
_04821_,7.93µm
_05691_,7.93µm
net1432,7.93µm
net1472,7.93µm
net1731,7.93µm
net1748,7.93µm
net1763,7.93µm
net1814,7.93µm
net1913,7.93µm
net2029,7.93µm
net2293,7.93µm
net2343,7.93µm
net2414,7.93µm
net2969,7.93µm
_00539_,7.92µm
_05835_,7.92µm
net2210,7.92µm
net2355,7.92µm
net2739,7.92µm
_04271_,7.895µm
_03678_,7.89µm
net3151,7.88µm
net2894,7.875µm
_02004_,7.87µm
_02234_,7.87µm
_03447_,7.87µm
_03896_,7.87µm
_03104_,7.86µm
_03757_,7.86µm
_03878_,7.825µm
_03451_,7.815µm
_02027_,7.81µm
_03305_,7.81µm
_04286_,7.81µm
_04406_,7.81µm
_04429_,7.81µm
net1993,7.81µm
_00289_,7.8µm
_00308_,7.8µm
_00965_,7.8µm
_01822_,7.8µm
_03767_,7.8µm
_03935_,7.8µm
_04226_,7.8µm
net1762,7.8µm
net2047,7.8µm
u_picorv32.picorv32_core.alu_out_q\[8\],7.8µm
_01990_,7.76µm
_00039_,7.75µm
_00057_,7.75µm
_01266_,7.75µm
_01271_,7.75µm
_01290_,7.75µm
_02481_,7.75µm
u_picorv32.picorv32_core.alu_out_q\[4\],7.75µm
_04071_,7.745µm
_01079_,7.74µm
_01092_,7.74µm
_01474_,7.74µm
_01979_,7.74µm
_02114_,7.74µm
_02145_,7.74µm
_02279_,7.74µm
_02581_,7.74µm
_02863_,7.74µm
_03083_,7.74µm
_03429_,7.74µm
_03553_,7.74µm
_03642_,7.74µm
_03704_,7.74µm
_03960_,7.74µm
_04219_,7.74µm
_04297_,7.74µm
_04571_,7.74µm
_04895_,7.74µm
_00061_,7.69µm
_00176_,7.69µm
_00490_,7.69µm
_01348_,7.69µm
_02389_,7.69µm
_02476_,7.69µm
_03195_,7.69µm
_03282_,7.69µm
_03889_,7.69µm
_03913_,7.69µm
_04027_,7.69µm
_04089_,7.69µm
_04098_,7.69µm
_04125_,7.69µm
_04885_,7.69µm
_05421_,7.69µm
_05854_,7.69µm
_01607_,7.68µm
_01637_,7.68µm
_02597_,7.68µm
_02780_,7.68µm
_02886_,7.68µm
_02927_,7.68µm
_03618_,7.68µm
_03952_,7.68µm
_04195_,7.68µm
_04537_,7.68µm
_04740_,7.68µm
_05003_,7.68µm
_05020_,7.68µm
_05628_,7.68µm
_05678_,7.68µm
_05808_,7.68µm
net1457,7.68µm
net1680,7.68µm
net1742,7.68µm
net1828,7.68µm
net1980,7.68µm
net2000,7.68µm
net2083,7.68µm
net2148,7.68µm
net2177,7.68µm
net2195,7.68µm
net3004,7.68µm
u_picorv32.pcpi_rs1\[18\],7.68µm
_02487_,7.635µm
_00094_,7.63µm
_00109_,7.63µm
_00116_,7.63µm
_00119_,7.63µm
_01038_,7.63µm
_01187_,7.63µm
_01438_,7.63µm
_01965_,7.63µm
_02431_,7.63µm
_03508_,7.63µm
_03738_,7.63µm
_03890_,7.63µm
_04014_,7.63µm
_04680_,7.63µm
_04786_,7.63µm
_05829_,7.63µm
_05996_,7.63µm
u_picorv32.picorv32_core.alu_out_q\[20\],7.63µm
_01725_,7.62µm
_02637_,7.62µm
_04422_,7.62µm
_04676_,7.615µm
_05733_,7.585µm
_04563_,7.58µm
_00803_,7.57µm
_03069_,7.57µm
net1441,7.57µm
net1648,7.57µm
net1734,7.57µm
net1842,7.57µm
net2251,7.57µm
net2328,7.57µm
net2457,7.57µm
net2600,7.57µm
net2678,7.57µm
net2680,7.57µm
net2727,7.57µm
_01636_,7.565µm
_01316_,7.56µm
_01322_,7.56µm
_03552_,7.56µm
_03812_,7.56µm
_05503_,7.56µm
net1448,7.56µm
net1502,7.56µm
net1556,7.56µm
net1584,7.56µm
net1875,7.56µm
net1926,7.56µm
net1943,7.56µm
net1963,7.56µm
net2156,7.56µm
net2345,7.56µm
net2508,7.56µm
net2835,7.56µm
_01942_,7.555µm
_04253_,7.555µm
_05071_,7.555µm
_03254_,7.545µm
_05032_,7.545µm
_00822_,7.54µm
_02125_,7.54µm
_02233_,7.52µm
net1405,7.52µm
mem_axi_rdata[17],7.52µm
mem_axi_rdata[5],7.52µm
mem_axi_araddr[12],7.52µm
mem_axi_araddr[15],7.52µm
mem_axi_araddr[18],7.52µm
mem_axi_araddr[24],7.52µm
mem_axi_araddr[27],7.52µm
mem_axi_araddr[30],7.52µm
mem_axi_araddr[3],7.52µm
mem_axi_araddr[6],7.52µm
mem_axi_araddr[9],7.52µm
mem_axi_rready,7.52µm
net,7.52µm
_00507_,7.51µm
_00744_,7.51µm
_00808_,7.51µm
_01123_,7.51µm
_01442_,7.51µm
_01496_,7.51µm
_01791_,7.51µm
_02595_,7.5µm
_03973_,7.5µm
_04362_,7.5µm
_00623_,7.47µm
_00870_,7.47µm
_03555_,7.47µm
net1571,7.47µm
_03452_,7.46µm
net3165,7.46µm
_02411_,7.45µm
_03716_,7.45µm
_04199_,7.45µm
_04242_,7.45µm
_04541_,7.45µm
_05794_,7.45µm
_05862_,7.45µm
_05876_,7.45µm
_05960_,7.45µm
net1414,7.45µm
net1437,7.45µm
net1515,7.45µm
net1721,7.45µm
net1765,7.45µm
net1887,7.45µm
net2043,7.45µm
net2269,7.45µm
net2299,7.45µm
net2527,7.45µm
net2617,7.45µm
net2637,7.45µm
net2953,7.45µm
_01162_,7.44µm
_01214_,7.44µm
_05852_,7.44µm
net1542,7.44µm
net1708,7.44µm
net2450,7.44µm
_02361_,7.435µm
_01291_,7.425µm
_03446_,7.39µm
_03742_,7.39µm
_03891_,7.39µm
_04799_,7.39µm
_03613_,7.385µm
_01824_,7.38µm
_05727_,7.38µm
u_picorv32.picorv32_core.instr_rdcycle,7.38µm
net2351,7.33µm
_00078_,7.32µm
_00165_,7.32µm
_00262_,7.32µm
_00331_,7.32µm
_00430_,7.32µm
_00445_,7.32µm
_00516_,7.32µm
_00549_,7.32µm
_00862_,7.32µm
_00995_,7.32µm
_01197_,7.32µm
_01455_,7.32µm
_01526_,7.32µm
_02705_,7.32µm
_04330_,7.32µm
_05953_,7.32µm
net1423,7.32µm
net1582,7.32µm
net1629,7.32µm
net2176,7.32µm
net2243,7.32µm
_04633_,7.295µm
_04535_,7.28µm
_00051_,7.27µm
_01272_,7.27µm
_01416_,7.27µm
_00306_,7.26µm
_01336_,7.26µm
_02383_,7.26µm
_02737_,7.26µm
_04142_,7.26µm
_04604_,7.26µm
_04624_,7.26µm
_05249_,7.26µm
_05402_,7.26µm
_05568_,7.26µm
_05961_,7.26µm
net2695,7.245µm
_03468_,7.22µm
_02456_,7.215µm
_02381_,7.21µm
_03139_,7.21µm
_03825_,7.21µm
_04004_,7.21µm
_05924_,7.21µm
_04378_,7.205µm
_01477_,7.2µm
_01982_,7.2µm
_02217_,7.2µm
_02621_,7.2µm
_02660_,7.2µm
_02663_,7.2µm
_03037_,7.2µm
_03064_,7.2µm
_03299_,7.2µm
_03501_,7.2µm
_03695_,7.2µm
_03710_,7.2µm
_03811_,7.2µm
_04049_,7.2µm
_04097_,7.2µm
_04139_,7.2µm
_04154_,7.2µm
_04263_,7.2µm
_04292_,7.2µm
_04416_,7.2µm
_04716_,7.2µm
_04833_,7.2µm
_05930_,7.2µm
_05957_,7.2µm
net1456,7.2µm
net1475,7.2µm
net1478,7.2µm
net1483,7.2µm
net1492,7.2µm
net1494,7.2µm
net1554,7.2µm
net1604,7.2µm
net1617,7.2µm
net1618,7.2µm
net1631,7.2µm
net1632,7.2µm
net1634,7.2µm
net1641,7.2µm
net1694,7.2µm
net1707,7.2µm
net1750,7.2µm
net1798,7.2µm
net1826,7.2µm
net1844,7.2µm
net1849,7.2µm
net1880,7.2µm
net1979,7.2µm
net1988,7.2µm
net1989,7.2µm
net2001,7.2µm
net2002,7.2µm
net2023,7.2µm
net2032,7.2µm
net2063,7.2µm
net2064,7.2µm
net2080,7.2µm
net2107,7.2µm
net2117,7.2µm
net2118,7.2µm
net2130,7.2µm
net2132,7.2µm
net2174,7.2µm
net2182,7.2µm
net2197,7.2µm
net2212,7.2µm
net2246,7.2µm
net2334,7.2µm
net2349,7.2µm
net2395,7.2µm
net2427,7.2µm
net2472,7.2µm
net2604,7.2µm
net2633,7.2µm
net2681,7.2µm
net2696,7.2µm
net2704,7.2µm
net2769,7.2µm
net2843,7.2µm
net2909,7.2µm
net2935,7.2µm
net2958,7.2µm
net2960,7.2µm
net2970,7.2µm
_01252_,7.15µm
_01538_,7.15µm
_03387_,7.15µm
_03871_,7.15µm
_04036_,7.15µm
_04141_,7.15µm
_04570_,7.15µm
_04858_,7.15µm
_05554_,7.15µm
_05730_,7.15µm
net3093,7.15µm
net3098,7.15µm
net3124,7.15µm
_00247_,7.14µm
_00353_,7.14µm
_00745_,7.14µm
_01028_,7.14µm
_01167_,7.14µm
_02629_,7.14µm
_02650_,7.14µm
_02656_,7.14µm
_02678_,7.14µm
_05709_,7.14µm
_05966_,7.14µm
_01624_,7.135µm
net2662,7.135µm
net2929,7.135µm
_02450_,7.1µm
_02296_,7.095µm
_01158_,7.09µm
_01248_,7.09µm
_02319_,7.09µm
_03480_,7.09µm
_05649_,7.09µm
_05959_,7.09µm
net1517,7.09µm
net1559,7.09µm
net1574,7.09µm
net1597,7.09µm
net1667,7.09µm
net1789,7.09µm
net1906,7.09µm
net2103,7.09µm
net2129,7.09µm
net2198,7.09µm
net2222,7.09µm
net2330,7.09µm
net2415,7.09µm
net2635,7.09µm
_00504_,7.08µm
_00522_,7.08µm
_00534_,7.08µm
_00806_,7.08µm
_02888_,7.08µm
_03929_,7.08µm
net1418,7.08µm
net1436,7.08µm
net1523,7.08µm
net1529,7.08µm
net1575,7.08µm
net1619,7.08µm
net1660,7.08µm
net1882,7.08µm
net1931,7.08µm
net1987,7.08µm
net2017,7.08µm
net2073,7.08µm
net2133,7.08µm
net2173,7.08µm
net2192,7.08µm
net2248,7.08µm
net2262,7.08µm
net2341,7.08µm
net2489,7.08µm
net2576,7.08µm
net2756,7.08µm
net2762,7.08µm
net2767,7.08µm
net2885,7.08µm
_04669_,7.075µm
_01215_,7.065µm
_05180_,7.065µm
mem_axi_rdata[12],7.05µm
mem_axi_araddr[16],7.05µm
mem_axi_araddr[31],7.05µm
_03466_,7.035µm
_00153_,7.03µm
_00172_,7.03µm
_00198_,7.03µm
_00361_,7.03µm
_00506_,7.03µm
_00723_,7.03µm
_00829_,7.03µm
_01113_,7.03µm
_01314_,7.03µm
_03705_,7.03µm
_04648_,7.03µm
_01835_,7.02µm
_04639_,7.02µm
_05162_,7.02µm
_05504_,7.02µm
_05679_,7.02µm
_02068_,7.005µm
_00383_,6.99µm
net1473,6.99µm
_04217_,6.985µm
_04749_,6.985µm
_01984_,6.98µm
_02226_,6.98µm
_04781_,6.98µm
_05497_,6.98µm
_05636_,6.98µm
_01318_,6.97µm
_01653_,6.97µm
_01872_,6.97µm
_02164_,6.97µm
_02314_,6.97µm
_02371_,6.97µm
_02486_,6.97µm
_03276_,6.97µm
_03310_,6.97µm
_04458_,6.97µm
_04704_,6.97µm
_05367_,6.97µm
_05506_,6.97µm
_05517_,6.97µm
_05826_,6.97µm
net1566,6.97µm
net1589,6.97µm
net1751,6.97µm
net2122,6.97µm
net2213,6.97µm
net2364,6.97µm
net2697,6.97µm
net2879,6.97µm
_04425_,6.965µm
_05460_,6.965µm
_00142_,6.96µm
_00373_,6.96µm
_00939_,6.96µm
_01186_,6.96µm
_01494_,6.96µm
_01505_,6.96µm
_03727_,6.96µm
_03969_,6.96µm
_04618_,6.96µm
_04051_,6.945µm
_04162_,6.91µm
_04798_,6.875µm
_05687_,6.86µm
_05689_,6.85µm
net1585,6.85µm
_04907_,6.845µm
_00160_,6.84µm
_00173_,6.84µm
_00177_,6.84µm
_00216_,6.84µm
_00394_,6.84µm
_00532_,6.84µm
_00616_,6.84µm
_00652_,6.84µm
_00712_,6.84µm
_00879_,6.84µm
_00908_,6.84µm
_00916_,6.84µm
_00981_,6.84µm
_01056_,6.84µm
_01083_,6.84µm
_01510_,6.84µm
_01519_,6.84µm
_01977_,6.84µm
_02251_,6.84µm
_02717_,6.84µm
_04463_,6.84µm
_04496_,6.84µm
net2965,6.84µm
_02369_,6.825µm
_00046_,6.79µm
_00052_,6.79µm
_00097_,6.79µm
_00102_,6.79µm
_00105_,6.79µm
_00118_,6.79µm
_01145_,6.79µm
_01156_,6.79µm
_01217_,6.79µm
_01245_,6.79µm
_01294_,6.79µm
_01304_,6.79µm
_01313_,6.79µm
_01498_,6.79µm
net1944,6.785µm
_01237_,6.78µm
_02156_,6.78µm
_02376_,6.78µm
_02410_,6.78µm
_02465_,6.78µm
_02467_,6.78µm
_02568_,6.78µm
_02574_,6.78µm
_02619_,6.78µm
_02701_,6.78µm
_02725_,6.78µm
_03087_,6.78µm
_03202_,6.78µm
_03326_,6.78µm
_03543_,6.78µm
_03778_,6.78µm
_03951_,6.78µm
_04657_,6.78µm
_04936_,6.78µm
_05204_,6.78µm
_05623_,6.78µm
_05815_,6.78µm
_05900_,6.78µm
_05929_,6.78µm
u_picorv32.picorv32_core.alu_out_q\[25\],6.78µm
net1547,6.765µm
net1766,6.765µm
net1940,6.765µm
net2033,6.765µm
net2037,6.765µm
_03850_,6.75µm
_04022_,6.735µm
_01189_,6.73µm
_01904_,6.73µm
_02641_,6.73µm
_03270_,6.73µm
_03300_,6.73µm
_04216_,6.73µm
_04684_,6.73µm
_04725_,6.73µm
_05690_,6.73µm
_05703_,6.73µm
_05914_,6.73µm
_05984_,6.73µm
u_picorv32.pcpi_rs1\[23\],6.73µm
_04837_,6.725µm
mem_axi_araddr[21],6.725µm
_01366_,6.72µm
_01394_,6.72µm
_01972_,6.72µm
_01995_,6.72µm
_02117_,6.72µm
_02177_,6.72µm
_02627_,6.72µm
_02665_,6.72µm
_03082_,6.72µm
_03200_,6.72µm
_03607_,6.72µm
_03775_,6.72µm
_04396_,6.72µm
_04957_,6.72µm
_05823_,6.72µm
net1496,6.72µm
net1603,6.72µm
net1689,6.72µm
net1727,6.72µm
net1783,6.72µm
net1933,6.72µm
net1939,6.72µm
net2072,6.72µm
net2711,6.72µm
net2815,6.72µm
net3029,6.72µm
_02003_,6.695µm
_03792_,6.675µm
_04056_,6.675µm
_00326_,6.67µm
_00729_,6.67µm
_01140_,6.67µm
_01207_,6.67µm
_01225_,6.67µm
_01421_,6.67µm
_01660_,6.67µm
_01669_,6.67µm
_02571_,6.67µm
_02754_,6.67µm
_02781_,6.67µm
_02834_,6.67µm
_03024_,6.67µm
_03257_,6.67µm
_03278_,6.67µm
_03774_,6.67µm
_04016_,6.67µm
_04228_,6.67µm
net3149,6.67µm
net3152,6.67µm
_00285_,6.66µm
_00390_,6.66µm
_00863_,6.66µm
_02671_,6.66µm
_02771_,6.66µm
mem_axi_araddr[11],6.63µm
mem_axi_araddr[14],6.63µm
mem_axi_araddr[17],6.63µm
mem_axi_araddr[20],6.63µm
mem_axi_araddr[23],6.63µm
mem_axi_araddr[26],6.63µm
mem_axi_araddr[29],6.63µm
mem_axi_araddr[2],6.63µm
mem_axi_araddr[5],6.63µm
mem_axi_araddr[8],6.63µm
_01216_,6.61µm
_03758_,6.61µm
_05751_,6.61µm
net1592,6.61µm
net1625,6.61µm
net1718,6.61µm
net1797,6.61µm
net1872,6.61µm
net1982,6.61µm
net2008,6.61µm
net2196,6.61µm
net2337,6.61µm
net2373,6.61µm
net2387,6.61µm
net2405,6.61µm
net2602,6.61µm
_01482_,6.6µm
_02090_,6.6µm
_03141_,6.6µm
_03999_,6.6µm
_05610_,6.6µm
net1521,6.6µm
net1528,6.6µm
net1791,6.6µm
net1942,6.6µm
net2134,6.6µm
net2326,6.6µm
net2403,6.6µm
net2428,6.6µm
net2520,6.6µm
net2590,6.6µm
net2714,6.6µm
net2842,6.6µm
net2933,6.6µm
net2996,6.6µm
_04019_,6.595µm
_04118_,6.595µm
_04123_,6.595µm
_05308_,6.595µm
_04551_,6.585µm
_00457_,6.58µm
_04830_,6.575µm
_00067_,6.55µm
_00083_,6.55µm
_00086_,6.55µm
_00201_,6.55µm
_00288_,6.55µm
_00810_,6.55µm
_00958_,6.55µm
_00968_,6.55µm
_01034_,6.55µm
_01047_,6.55µm
_00076_,6.54µm
_02094_,6.54µm
_02238_,6.54µm
_03075_,6.54µm
_03520_,6.54µm
_03847_,6.54µm
_04603_,6.54µm
_04780_,6.54µm
_02480_,6.525µm
net1955,6.525µm
_00015_,6.5µm
_01896_,6.5µm
_02036_,6.5µm
_04532_,6.5µm
_05305_,6.5µm
net1749,6.5µm
net3085,6.5µm
net3147,6.5µm
_01261_,6.49µm
_01427_,6.49µm
_02223_,6.49µm
_02470_,6.49µm
_03055_,6.49µm
_03196_,6.49µm
_03245_,6.49µm
_03459_,6.49µm
_03657_,6.49µm
_03787_,6.49µm
_03993_,6.49µm
_03996_,6.49µm
_04063_,6.49µm
_04244_,6.49µm
_04402_,6.49µm
_04503_,6.49µm
_04553_,6.49µm
_04691_,6.49µm
_05377_,6.49µm
_05786_,6.49µm
_05814_,6.49µm
net1513,6.49µm
net1722,6.49µm
net1918,6.49µm
net2019,6.49µm
net2036,6.49µm
net2216,6.49µm
net2225,6.49µm
net2431,6.49µm
net2816,6.49µm
net2918,6.49µm
_00250_,6.48µm
_00581_,6.48µm
_00664_,6.48µm
_01182_,6.48µm
_01280_,6.48µm
_01434_,6.48µm
_02176_,6.48µm
_04557_,6.48µm
_02489_,6.44µm
net2754,6.435µm
_05136_,6.43µm
_05558_,6.43µm
_00108_,6.42µm
_04214_,6.42µm
_04687_,6.42µm
_05515_,6.42µm
_03930_,6.41µm
_04888_,6.405µm
_05006_,6.405µm
_03228_,6.395µm
_01267_,6.39µm
_05350_,6.385µm
_02294_,6.38µm
_03791_,6.38µm
_04265_,6.37µm
_00155_,6.36µm
_00180_,6.36µm
_00246_,6.36µm
_00252_,6.36µm
_00264_,6.36µm
_00274_,6.36µm
_00352_,6.36µm
_00355_,6.36µm
_00412_,6.36µm
_00453_,6.36µm
_00459_,6.36µm
_00608_,6.36µm
_00609_,6.36µm
_00634_,6.36µm
_00649_,6.36µm
_00757_,6.36µm
_00821_,6.36µm
_00825_,6.36µm
_00827_,6.36µm
_00831_,6.36µm
_01061_,6.36µm
_01120_,6.36µm
_01163_,6.36µm
_01176_,6.36µm
_01520_,6.36µm
_01532_,6.36µm
_02502_,6.36µm
_02729_,6.36µm
_05251_,6.36µm
_05530_,6.36µm
_04357_,6.345µm
_02631_,6.32µm
_00098_,6.31µm
_01118_,6.31µm
_01147_,6.31µm
_01293_,6.31µm
_01357_,6.31µm
_01371_,6.31µm
_01476_,6.31µm
_01514_,6.31µm
_01517_,6.31µm
_02144_,6.31µm
_05769_,6.31µm
_02836_,6.305µm
_00936_,6.3µm
_01535_,6.3µm
_01891_,6.3µm
_02354_,6.3µm
_02511_,6.3µm
_03327_,6.3µm
_03442_,6.3µm
_03528_,6.3µm
_03653_,6.3µm
_03806_,6.3µm
_03990_,6.3µm
_04048_,6.3µm
_04868_,6.3µm
_05822_,6.3µm
_05911_,6.3µm
_06014_,6.3µm
u_picorv32.picorv32_core.alu_out_q\[29\],6.3µm
_01170_,6.285µm
_03484_,6.285µm
net2209,6.285µm
_02292_,6.25µm
_02662_,6.25µm
_02746_,6.25µm
_02920_,6.25µm
_03531_,6.25µm
_03869_,6.25µm
_04174_,6.25µm
_04555_,6.25µm
_04602_,6.25µm
_04709_,6.25µm
_04825_,6.25µm
_05818_,6.25µm
u_picorv32.picorv32_core.alu_out_q\[24\],6.25µm
net3107,6.25µm
_01195_,6.24µm
_01873_,6.24µm
_02942_,6.24µm
_05656_,6.24µm
net1434,6.24µm
net1548,6.24µm
net1558,6.24µm
net1687,6.24µm
net1699,6.24µm
net1774,6.24µm
net1863,6.24µm
net1877,6.24µm
net1884,6.24µm
net1948,6.24µm
net2089,6.24µm
net2157,6.24µm
net2162,6.24µm
net2200,6.24µm
net2247,6.24µm
net2398,6.24µm
_03614_,6.195µm
_00678_,6.19µm
_01105_,6.19µm
_01111_,6.19µm
_01649_,6.19µm
_02508_,6.19µm
_03157_,6.19µm
_03217_,6.19µm
_03256_,6.19µm
_03735_,6.19µm
_03800_,6.19µm
_04290_,6.19µm
_04339_,6.19µm
_04596_,6.19µm
_04772_,6.19µm
_04785_,6.19µm
_05230_,6.19µm
_05638_,6.19µm
net3020,6.19µm
_00339_,6.18µm
_00528_,6.18µm
_00568_,6.18µm
_00799_,6.18µm
_00961_,6.18µm
_01360_,6.18µm
_04212_,6.18µm
_04024_,6.165µm
_03458_,6.135µm
_01208_,6.13µm
_01218_,6.13µm
_01654_,6.13µm
_05423_,6.13µm
net1506,6.13µm
net1639,6.13µm
net1841,6.13µm
net2003,6.13µm
net2053,6.13µm
net2359,6.13µm
net2653,6.13µm
_01274_,6.12µm
_01286_,6.12µm
_01451_,6.12µm
_01565_,6.12µm
_01740_,6.12µm
_02104_,6.12µm
_02204_,6.12µm
_02283_,6.12µm
_02441_,6.12µm
_02889_,6.12µm
_03395_,6.12µm
_03649_,6.12µm
_04890_,6.12µm
net1509,6.12µm
net1594,6.12µm
net1674,6.12µm
net1738,6.12µm
net1945,6.12µm
net2104,6.12µm
net2152,6.12µm
net2153,6.12µm
net2272,6.12µm
net2352,6.12µm
net2376,6.12µm
net2487,6.12µm
net2599,6.12µm
net2629,6.12µm
net2685,6.12µm
net2738,6.12µm
net2828,6.12µm
net2834,6.12µm
net2905,6.12µm
_03019_,6.115µm
_05127_,6.115µm
net3167,6.115µm
_03105_,6.09µm
_03036_,6.08µm
_00028_,6.07µm
_00140_,6.07µm
_00301_,6.07µm
_00318_,6.07µm
_01081_,6.07µm
_01139_,6.07µm
_03899_,6.07µm
_03908_,6.07µm
_01343_,6.06µm
_03820_,6.06µm
_04514_,6.06µm
_04954_,6.06µm
_05299_,6.06µm
_05718_,6.055µm
net1606,6.055µm
_02639_,6.025µm
_01738_,6.02µm
_01924_,6.02µm
_01950_,6.02µm
_02422_,6.02µm
_05428_,6.02µm
_05908_,6.02µm
_01011_,6.01µm
_02572_,6.01µm
_02683_,6.01µm
_02940_,6.01µm
_02959_,6.01µm
_03345_,6.01µm
_03478_,6.01µm
_03674_,6.01µm
_03968_,6.01µm
_04269_,6.01µm
_04328_,6.01µm
_04465_,6.01µm
_04759_,6.01µm
_05266_,6.01µm
_05306_,6.01µm
_05538_,6.01µm
_05613_,6.01µm
_05834_,6.01µm
net1609,6.01µm
net1621,6.01µm
net1697,6.01µm
net1788,6.01µm
net1893,6.01µm
net1902,6.01µm
net2492,6.01µm
net2606,6.01µm
net2616,6.01µm
net3162,6.01µm
_01292_,6µm
_01963_,6µm
_03541_,6µm
_03870_,6µm
_04351_,6µm
_04486_,6µm
_04843_,6µm
_05810_,6µm
_01623_,5.995µm
_00952_,5.98µm
_03476_,5.96µm
_05784_,5.95µm
_02194_,5.94µm
_05201_,5.94µm
_03597_,5.89µm
_05526_,5.89µm
_00041_,5.88µm
_00232_,5.88µm
_00347_,5.88µm
_00379_,5.88µm
_00438_,5.88µm
_00450_,5.88µm
_00547_,5.88µm
_00557_,5.88µm
_00622_,5.88µm
_00630_,5.88µm
_00667_,5.88µm
_00675_,5.88µm
_00765_,5.88µm
_01143_,5.88µm
_02610_,5.88µm
_03571_,5.88µm
_03933_,5.88µm
_04695_,5.88µm
net2294,5.88µm
net37,5.88µm
_00651_,5.865µm
_03882_,5.85µm
_01159_,5.83µm
_01374_,5.83µm
_01376_,5.83µm
_02418_,5.83µm
_00099_,5.82µm
_00113_,5.82µm
_00380_,5.82µm
_00590_,5.82µm
_00905_,5.82µm
_01136_,5.82µm
_01177_,5.82µm
_01390_,5.82µm
_01525_,5.82µm
_04863_,5.82µm
_05779_,5.82µm
_05860_,5.82µm
u_picorv32.pcpi_rs1\[26\],5.82µm
net3014,5.82µm
_02513_,5.805µm
_04204_,5.79µm
_01786_,5.77µm
_02664_,5.77µm
_02675_,5.77µm
_02732_,5.77µm
_02831_,5.77µm
_03488_,5.77µm
_03796_,5.77µm
_03982_,5.77µm
_04190_,5.77µm
_04600_,5.77µm
_05062_,5.77µm
_05592_,5.77µm
_04735_,5.765µm
_05857_,5.76µm
net1567,5.76µm
net1901,5.76µm
net1925,5.76µm
net1934,5.76µm
net2012,5.76µm
net2102,5.76µm
net2109,5.76µm
net2124,5.76µm
net2163,5.76µm
net2319,5.76µm
net2369,5.76µm
net2377,5.76µm
net2562,5.76µm
net2577,5.76µm
net2752,5.76µm
net2920,5.76µm
_00254_,5.745µm
_00272_,5.745µm
_02741_,5.72µm
_04287_,5.715µm
_00066_,5.71µm
_00174_,5.71µm
_00231_,5.71µm
_00464_,5.71µm
_00486_,5.71µm
_01070_,5.71µm
_01337_,5.71µm
_01495_,5.71µm
_01507_,5.71µm
_01667_,5.71µm
_02693_,5.71µm
_02723_,5.71µm
_02744_,5.71µm
_02821_,5.71µm
_03641_,5.71µm
_03668_,5.71µm
_04007_,5.71µm
_04126_,5.71µm
_04497_,5.71µm
_05437_,5.71µm
_05745_,5.71µm
_05845_,5.71µm
_05884_,5.71µm
u_picorv32.picorv32_core.alu_out_q\[15\],5.71µm
net3042,5.71µm
_00220_,5.7µm
_00286_,5.7µm
_00401_,5.7µm
_00463_,5.7µm
_00477_,5.7µm
_00480_,5.7µm
_00589_,5.7µm
_00672_,5.7µm
_00716_,5.7µm
_00740_,5.7µm
_00754_,5.7µm
_00755_,5.7µm
_00813_,5.7µm
_00828_,5.7µm
_00864_,5.7µm
_00910_,5.7µm
_00929_,5.7µm
_01041_,5.7µm
_01073_,5.7µm
_01134_,5.7µm
_01146_,5.7µm
_01243_,5.7µm
_01258_,5.7µm
_01351_,5.7µm
_01524_,5.7µm
_03095_,5.7µm
_05583_,5.7µm
_03638_,5.67µm
_03142_,5.665µm
_03297_,5.66µm
_01185_,5.65µm
_02811_,5.65µm
net1424,5.65µm
net1484,5.65µm
net1543,5.65µm
net1553,5.65µm
net1564,5.65µm
net1608,5.65µm
net1695,5.65µm
net1756,5.65µm
net2325,5.65µm
net2333,5.65µm
net2353,5.65µm
net2374,5.65µm
net2409,5.65µm
net2671,5.65µm
_00259_,5.64µm
_00674_,5.64µm
_00894_,5.64µm
_01275_,5.64µm
_01325_,5.64µm
_01386_,5.64µm
_01621_,5.64µm
_02016_,5.64µm
_02434_,5.64µm
_03690_,5.64µm
_04480_,5.64µm
_04550_,5.64µm
_04925_,5.64µm
_05064_,5.64µm
_05361_,5.64µm
_05775_,5.64µm
net1536,5.64µm
net1568,5.64µm
net1620,5.64µm
net1741,5.64µm
net1852,5.64µm
net1951,5.64µm
net2065,5.64µm
net2106,5.64µm
net2110,5.64µm
net2240,5.64µm
net2275,5.64µm
net2339,5.64µm
net2354,5.64µm
net2453,5.64µm
net2558,5.64µm
net2611,5.64µm
net2640,5.64µm
net2718,5.64µm
net2817,5.64µm
net2870,5.64µm
_02181_,5.635µm
_03828_,5.635µm
_04457_,5.635µm
_05398_,5.635µm
u_picorv32.picorv32_core.alu_out\[4\],5.635µm
net3132,5.635µm
_04698_,5.625µm
_04381_,5.6µm
_00163_,5.59µm
_00559_,5.59µm
_00725_,5.59µm
_00748_,5.59µm
_00891_,5.59µm
_01031_,5.59µm
_01363_,5.59µm
_01401_,5.59µm
_02150_,5.585µm
_04913_,5.585µm
_01527_,5.58µm
_01854_,5.58µm
_04526_,5.58µm
_04827_,5.58µm
_05124_,5.58µm
_05176_,5.58µm
_04768_,5.565µm
_01172_,5.54µm
_01350_,5.54µm
_01575_,5.54µm
_03022_,5.54µm
_03686_,5.54µm
_04566_,5.54µm
_04834_,5.54µm
u_picorv32.picorv32_core.cpu_state\[4\],5.54µm
net3043,5.54µm
net3087,5.54µm
net3113,5.54µm
net3114,5.54µm
net3118,5.54µm
net3140,5.54µm
net3166,5.54µm
_01424_,5.53µm
_01913_,5.53µm
_02128_,5.53µm
_02334_,5.53µm
_02395_,5.53µm
_02561_,5.53µm
_02651_,5.53µm
_02873_,5.53µm
_03438_,5.53µm
_03542_,5.53µm
_03746_,5.53µm
_03940_,5.53µm
_04273_,5.53µm
_04774_,5.53µm
_04836_,5.53µm
_05472_,5.53µm
_05951_,5.53µm
_05990_,5.53µm
_05994_,5.53µm
net1471,5.53µm
net2367,5.53µm
_01887_,5.52µm
_02057_,5.52µm
_02195_,5.52µm
_02278_,5.52µm
_02661_,5.52µm
_03180_,5.52µm
_03521_,5.52µm
_04161_,5.52µm
_04426_,5.52µm
_04559_,5.52µm
_05282_,5.52µm
_05458_,5.52µm
_05493_,5.52µm
_03919_,5.505µm
_04160_,5.505µm
_04556_,5.505µm
_05607_,5.505µm
_02316_,5.5µm
_04073_,5.49µm
_00016_,5.48µm
_02253_,5.48µm
_00122_,5.46µm
_01302_,5.46µm
_04115_,5.46µm
_01890_,5.445µm
_02124_,5.445µm
_04583_,5.445µm
_04844_,5.44µm
_02121_,5.43µm
_03877_,5.43µm
_02517_,5.42µm
_03472_,5.42µm
_03263_,5.41µm
_02271_,5.4µm
_02384_,5.4µm
_02933_,5.4µm
_03155_,5.4µm
_03328_,5.4µm
_03669_,5.4µm
_03802_,5.4µm
_03859_,5.4µm
_04346_,5.4µm
net1461,5.4µm
net1508,5.4µm
net1590,5.4µm
net1598,5.4µm
net1850,5.4µm
net1896,5.4µm
net2244,5.4µm
net2289,5.4µm
net2323,5.4µm
net2393,5.4µm
net2397,5.4µm
net2407,5.4µm
net2435,5.4µm
net2608,5.4µm
net2805,5.4µm
_01918_,5.395µm
_04696_,5.365µm
_00100_,5.35µm
_00101_,5.35µm
_01213_,5.35µm
_01227_,5.35µm
_01247_,5.35µm
_01379_,5.35µm
_04981_,5.35µm
_00257_,5.34µm
_00541_,5.34µm
_00610_,5.34µm
_00756_,5.34µm
_00840_,5.34µm
_00984_,5.34µm
_00992_,5.34µm
_00996_,5.34µm
_01224_,5.34µm
_01356_,5.34µm
_01777_,5.34µm
_02082_,5.34µm
_02304_,5.34µm
_02544_,5.34µm
_04354_,5.34µm
net3128,5.34µm
net3129,5.34µm
net3153,5.34µm
_05648_,5.335µm
_02419_,5.325µm
net1530,5.325µm
net2521,5.325µm
net2655,5.325µm
net2957,5.32µm
_04968_,5.295µm
_00092_,5.29µm
_01269_,5.29µm
_01582_,5.29µm
_02547_,5.29µm
_02625_,5.29µm
_02743_,5.29µm
_03003_,5.29µm
_03238_,5.29µm
_03526_,5.29µm
_03813_,5.29µm
_03819_,5.29µm
_04258_,5.29µm
_04335_,5.29µm
_04674_,5.29µm
_04811_,5.29µm
_04835_,5.29µm
_04846_,5.29µm
_05738_,5.29µm
_01166_,5.28µm
_02262_,5.28µm
_03028_,5.28µm
_04159_,5.28µm
_05903_,5.28µm
_05965_,5.28µm
net1446,5.28µm
net1485,5.28µm
net1498,5.28µm
net1614,5.28µm
net1711,5.28µm
net1726,5.28µm
net1953,5.28µm
net1983,5.28µm
net1985,5.28µm
net2079,5.28µm
net2090,5.28µm
net2336,5.28µm
net2366,5.28µm
net2484,5.28µm
net2563,5.28µm
net2581,5.28µm
net2621,5.28µm
net2627,5.28µm
net2761,5.28µm
net2887,5.28µm
net2925,5.28µm
_00341_,5.265µm
_04773_,5.255µm
_04440_,5.25µm
_04003_,5.24µm
_03197_,5.235µm
_03365_,5.235µm
_00090_,5.23µm
_00284_,5.23µm
_00726_,5.23µm
_01037_,5.23µm
_01058_,5.23µm
_01125_,5.23µm
_01368_,5.23µm
_02034_,5.23µm
_03311_,5.23µm
_03572_,5.23µm
_03573_,5.23µm
_04052_,5.23µm
_04058_,5.23µm
net2013,5.225µm
_00055_,5.22µm
_00065_,5.22µm
_00126_,5.22µm
_00134_,5.22µm
_00166_,5.22µm
_00170_,5.22µm
_00202_,5.22µm
_00209_,5.22µm
_00270_,5.22µm
_00295_,5.22µm
_00298_,5.22µm
_00302_,5.22µm
_00362_,5.22µm
_00475_,5.22µm
_00498_,5.22µm
_00543_,5.22µm
_00567_,5.22µm
_00600_,5.22µm
_00643_,5.22µm
_00684_,5.22µm
_00692_,5.22µm
_00701_,5.22µm
_00728_,5.22µm
_00752_,5.22µm
_00780_,5.22µm
_00788_,5.22µm
_00836_,5.22µm
_00868_,5.22µm
_00887_,5.22µm
_00909_,5.22µm
_00956_,5.22µm
_01043_,5.22µm
_01131_,5.22µm
_01138_,5.22µm
_01300_,5.22µm
_01487_,5.22µm
_01521_,5.22µm
_01461_,5.205µm
net1923,5.19µm
_02896_,5.175µm
net1643,5.17µm
net2082,5.17µm
net2123,5.17µm
net2444,5.17µm
net2612,5.17µm
net2853,5.17µm
net2904,5.17µm
_01452_,5.16µm
_01453_,5.16µm
_02315_,5.16µm
_02862_,5.16µm
_03246_,5.16µm
_03253_,5.16µm
_03504_,5.16µm
_03536_,5.16µm
_03837_,5.16µm
_03848_,5.16µm
_04206_,5.16µm
_04437_,5.16µm
_04747_,5.16µm
_05505_,5.16µm
_05553_,5.16µm
_05715_,5.16µm
net1480,5.16µm
net1488,5.16µm
net1545,5.16µm
net1611,5.16µm
net1665,5.16µm
net1673,5.16µm
net1688,5.16µm
net1740,5.16µm
net1779,5.16µm
net1866,5.16µm
net2078,5.16µm
net2114,5.16µm
net2125,5.16µm
net2137,5.16µm
net2220,5.16µm
net2232,5.16µm
net2282,5.16µm
net2321,5.16µm
net2388,5.16µm
net2399,5.16µm
net2417,5.16µm
net2455,5.16µm
net2467,5.16µm
net2552,5.16µm
net2580,5.16µm
net2596,5.16µm
net2634,5.16µm
net2774,5.16µm
net2824,5.16µm
net2845,5.16µm
net2878,5.16µm
net2886,5.16µm
net2931,5.16µm
net2932,5.16µm
net2983,5.16µm
_04158_,5.155µm
_04642_,5.155µm
_04904_,5.155µm
_05296_,5.155µm
_05140_,5.145µm
_00766_,5.11µm
_00856_,5.11µm
_01112_,5.11µm
_02767_,5.11µm
_01144_,5.1µm
_02918_,5.1µm
_03617_,5.1µm
_02349_,5.095µm
_01155_,5.06µm
_02130_,5.06µm
_02332_,5.06µm
_02352_,5.06µm
_04032_,5.06µm
_05552_,5.06µm
net3119,5.06µm
net3121,5.06µm
net3131,5.06µm
_04610_,5.055µm
_00012_,5.05µm
_00080_,5.05µm
_02473_,5.05µm
_03147_,5.05µm
_03453_,5.05µm
_03925_,5.05µm
_03936_,5.05µm
_03984_,5.05µm
_04332_,5.05µm
_04367_,5.05µm
_04606_,5.05µm
_05174_,5.05µm
_05433_,5.05µm
_05873_,5.05µm
_01719_,5.04µm
_01992_,5.04µm
_02187_,5.04µm
_02674_,5.04µm
_03876_,5.04µm
_03976_,5.04µm
_04011_,5.04µm
_04045_,5.04µm
_04752_,5.04µm
_03323_,5.025µm
_05630_,5.02µm
_01762_,4.99µm
_01369_,4.98µm
_04582_,4.955µm
net1445,4.95µm
_01284_,4.94µm
_01908_,4.94µm
_00476_,4.935µm
_02720_,4.92µm
_03455_,4.92µm
_03939_,4.92µm
_04031_,4.92µm
_04403_,4.92µm
_04417_,4.92µm
_04455_,4.92µm
_04682_,4.92µm
_05881_,4.92µm
net2284,4.92µm
u_picorv32.picorv32_core.alu_out_q\[18\],4.92µm
_03753_,4.905µm
_03909_,4.905µm
_02529_,4.875µm
_00054_,4.87µm
_00075_,4.86µm
_00236_,4.86µm
_00251_,4.86µm
_00296_,4.86µm
_00351_,4.86µm
_00496_,4.86µm
_00617_,4.86µm
_00686_,4.86µm
_00720_,4.86µm
_00925_,4.86µm
_00934_,4.86µm
_01006_,4.86µm
_01012_,4.86µm
_01018_,4.86µm
_01191_,4.86µm
_01299_,4.86µm
_01372_,4.86µm
_01708_,4.86µm
_01868_,4.86µm
_02257_,4.86µm
_02444_,4.86µm
_02599_,4.86µm
_02648_,4.86µm
_02844_,4.86µm
_04366_,4.86µm
_04461_,4.86µm
_06011_,4.86µm
net140,4.86µm
_03599_,4.845µm
_04210_,4.835µm
_03319_,4.815µm
_02028_,4.81µm
_02566_,4.81µm
_03760_,4.81µm
_03979_,4.81µm
_04080_,4.81µm
_04877_,4.81µm
_05055_,4.81µm
_05543_,4.81µm
_00980_,4.8µm
_04028_,4.8µm
_04970_,4.8µm
_05614_,4.8µm
net1453,4.8µm
net1577,4.8µm
net1628,4.8µm
net1716,4.8µm
net1840,4.8µm
net1856,4.8µm
net1936,4.8µm
net2009,4.8µm
net2188,4.8µm
net2223,4.8µm
net2263,4.8µm
net2315,4.8µm
net2568,4.8µm
net2607,4.8µm
net2657,4.8µm
net2659,4.8µm
net2677,4.8µm
net2733,4.8µm
net2849,4.8µm
net2891,4.8µm
_00187_,4.77µm
_00072_,4.75µm
_00088_,4.75µm
_00442_,4.75µm
_00446_,4.75µm
_00525_,4.75µm
_00865_,4.75µm
_00892_,4.75µm
_00895_,4.75µm
_01035_,4.75µm
_01344_,4.75µm
_02756_,4.75µm
_04509_,4.75µm
_00089_,4.74µm
_00146_,4.74µm
_00204_,4.74µm
_00211_,4.74µm
_00241_,4.74µm
_00266_,4.74µm
_00322_,4.74µm
_00323_,4.74µm
_00337_,4.74µm
_00364_,4.74µm
_00367_,4.74µm
_00370_,4.74µm
_00386_,4.74µm
_00399_,4.74µm
_00434_,4.74µm
_00469_,4.74µm
_00474_,4.74µm
_00491_,4.74µm
_00502_,4.74µm
_00519_,4.74µm
_00560_,4.74µm
_00658_,4.74µm
_00676_,4.74µm
_00682_,4.74µm
_00691_,4.74µm
_00706_,4.74µm
_00715_,4.74µm
_00718_,4.74µm
_00760_,4.74µm
_00776_,4.74µm
_00791_,4.74µm
_00823_,4.74µm
_00945_,4.74µm
_00966_,4.74µm
_01025_,4.74µm
_01053_,4.74µm
_01115_,4.74µm
_01375_,4.74µm
_01443_,4.74µm
_01488_,4.74µm
_02646_,4.74µm
_03269_,4.74µm
_03836_,4.74µm
_03807_,4.7µm
net1682,4.69µm
net2734,4.69µm
_00063_,4.68µm
_01295_,4.68µm
_01456_,4.68µm
_02014_,4.68µm
_02045_,4.68µm
_02259_,4.68µm
_02333_,4.68µm
_02348_,4.68µm
_02472_,4.68µm
_02734_,4.68µm
_02850_,4.68µm
_03173_,4.68µm
_03367_,4.68µm
_03469_,4.68µm
_03539_,4.68µm
_03684_,4.68µm
_03730_,4.68µm
_03886_,4.68µm
_03932_,4.68µm
_04175_,4.68µm
_04229_,4.68µm
_04373_,4.68µm
_04574_,4.68µm
_05038_,4.68µm
_05404_,4.68µm
_05879_,4.68µm
_05932_,4.68µm
_05942_,4.68µm
net1417,4.68µm
net1421,4.68µm
net1430,4.68µm
net1431,4.68µm
net1433,4.68µm
net1438,4.68µm
net1447,4.68µm
net1449,4.68µm
net1454,4.68µm
net1458,4.68µm
net1462,4.68µm
net1468,4.68µm
net1474,4.68µm
net1476,4.68µm
net1489,4.68µm
net1490,4.68µm
net1500,4.68µm
net1503,4.68µm
net1520,4.68µm
net1531,4.68µm
net1538,4.68µm
net1540,4.68µm
net1560,4.68µm
net1563,4.68µm
net1565,4.68µm
net1570,4.68µm
net1588,4.68µm
net1605,4.68µm
net1615,4.68µm
net1633,4.68µm
net1636,4.68µm
net1637,4.68µm
net1640,4.68µm
net1647,4.68µm
net1653,4.68µm
net1654,4.68µm
net1666,4.68µm
net1669,4.68µm
net1681,4.68µm
net1690,4.68µm
net1702,4.68µm
net1705,4.68µm
net1706,4.68µm
net1743,4.68µm
net1752,4.68µm
net1753,4.68µm
net1754,4.68µm
net1755,4.68µm
net1759,4.68µm
net1769,4.68µm
net1804,4.68µm
net1806,4.68µm
net1809,4.68µm
net1810,4.68µm
net1813,4.68µm
net1834,4.68µm
net1843,4.68µm
net1855,4.68µm
net1859,4.68µm
net1861,4.68µm
net1900,4.68µm
net1903,4.68µm
net1911,4.68µm
net1917,4.68µm
net1919,4.68µm
net1920,4.68µm
net1924,4.68µm
net1962,4.68µm
net1964,4.68µm
net1967,4.68µm
net1995,4.68µm
net1996,4.68µm
net1998,4.68µm
net2011,4.68µm
net2021,4.68µm
net2026,4.68µm
net2028,4.68µm
net2035,4.68µm
net2042,4.68µm
net2045,4.68µm
net2056,4.68µm
net2057,4.68µm
net2060,4.68µm
net2081,4.68µm
net2094,4.68µm
net2095,4.68µm
net2099,4.68µm
net2105,4.68µm
net2131,4.68µm
net2147,4.68µm
net2186,4.68µm
net2189,4.68µm
net2193,4.68µm
net2229,4.68µm
net2231,4.68µm
net2233,4.68µm
net2234,4.68µm
net2238,4.68µm
net2239,4.68µm
net2241,4.68µm
net2255,4.68µm
net2258,4.68µm
net2260,4.68µm
net2265,4.68µm
net2267,4.68µm
net2271,4.68µm
net2280,4.68µm
net2283,4.68µm
net2290,4.68µm
net2295,4.68µm
net2298,4.68µm
net2310,4.68µm
net2311,4.68µm
net2320,4.68µm
net2335,4.68µm
net2357,4.68µm
net2375,4.68µm
net2379,4.68µm
net2384,4.68µm
net2394,4.68µm
net2400,4.68µm
net2401,4.68µm
net2412,4.68µm
net2420,4.68µm
net2425,4.68µm
net2436,4.68µm
net2439,4.68µm
net2441,4.68µm
net2448,4.68µm
net2449,4.68µm
net2456,4.68µm
net2461,4.68µm
net2462,4.68µm
net2463,4.68µm
net2464,4.68µm
net2466,4.68µm
net2470,4.68µm
net2481,4.68µm
net2482,4.68µm
net2495,4.68µm
net2505,4.68µm
net2506,4.68µm
net2507,4.68µm
net2513,4.68µm
net2535,4.68µm
net2537,4.68µm
net2541,4.68µm
net2553,4.68µm
net2555,4.68µm
net2556,4.68µm
net2557,4.68µm
net2564,4.68µm
net2571,4.68µm
net2574,4.68µm
net2579,4.68µm
net2587,4.68µm
net2589,4.68µm
net2592,4.68µm
net2595,4.68µm
net2598,4.68µm
net2603,4.68µm
net2609,4.68µm
net2610,4.68µm
net2613,4.68µm
net2618,4.68µm
net2620,4.68µm
net2622,4.68µm
net2624,4.68µm
net2626,4.68µm
net2644,4.68µm
net2650,4.68µm
net2676,4.68µm
net2686,4.68µm
net2687,4.68µm
net2694,4.68µm
net2698,4.68µm
net2699,4.68µm
net2702,4.68µm
net2703,4.68µm
net2706,4.68µm
net2708,4.68µm
net2709,4.68µm
net2710,4.68µm
net2713,4.68µm
net2715,4.68µm
net2716,4.68µm
net2721,4.68µm
net2722,4.68µm
net2723,4.68µm
net2731,4.68µm
net2732,4.68µm
net2736,4.68µm
net2742,4.68µm
net2745,4.68µm
net2746,4.68µm
net2747,4.68µm
net2749,4.68µm
net2758,4.68µm
net2759,4.68µm
net2765,4.68µm
net2771,4.68µm
net2776,4.68µm
net2778,4.68µm
net2793,4.68µm
net2799,4.68µm
net2806,4.68µm
net2807,4.68µm
net2811,4.68µm
net2814,4.68µm
net2818,4.68µm
net2819,4.68µm
net2821,4.68µm
net2822,4.68µm
net2823,4.68µm
net2825,4.68µm
net2827,4.68µm
net2829,4.68µm
net2831,4.68µm
net2833,4.68µm
net2846,4.68µm
net2852,4.68µm
net2855,4.68µm
net2857,4.68µm
net2860,4.68µm
net2865,4.68µm
net2872,4.68µm
net2882,4.68µm
net2889,4.68µm
net2893,4.68µm
net2895,4.68µm
net2897,4.68µm
net2898,4.68µm
net2899,4.68µm
net2906,4.68µm
net2910,4.68µm
net2915,4.68µm
net2917,4.68µm
net2922,4.68µm
net2923,4.68µm
net2924,4.68µm
net2936,4.68µm
net2937,4.68µm
net2942,4.68µm
net2944,4.68µm
net2948,4.68µm
net2949,4.68µm
net2950,4.68µm
net2951,4.68µm
net2954,4.68µm
net2955,4.68µm
net2961,4.68µm
net2962,4.68µm
net2963,4.68µm
net2964,4.68µm
net2966,4.68µm
net2978,4.68µm
net2979,4.68µm
net2980,4.68µm
net2981,4.68µm
net2982,4.68µm
net2984,4.68µm
net2985,4.68µm
net2989,4.68µm
net2990,4.68µm
net2993,4.68µm
net2997,4.68µm
net3000,4.68µm
net3001,4.68µm
net3003,4.68µm
_01679_,4.675µm
_02010_,4.675µm
_02355_,4.675µm
_03025_,4.675µm
_03398_,4.675µm
_03605_,4.675µm
_04365_,4.675µm
_04527_,4.675µm
_04591_,4.675µm
_05043_,4.675µm
_05049_,4.675µm
_05088_,4.675µm
_05604_,4.675µm
_04352_,4.67µm
_02048_,4.665µm
_00461_,4.66µm
_00168_,4.65µm
_00443_,4.65µm
_00932_,4.65µm
_02328_,4.65µm
_03519_,4.65µm
_00164_,4.64µm
_03809_,4.63µm
net1977,4.615µm
net2837,4.615µm
_04515_,4.605µm
net2287,4.605µm
net2941,4.605µm
_04767_,4.595µm
_02403_,4.58µm
_02856_,4.58µm
_03233_,4.58µm
_05475_,4.58µm
_05892_,4.58µm
net3090,4.58µm
net3102,4.58µm
net3116,4.58µm
net3125,4.58µm
net3137,4.58µm
net3157,4.58µm
_01352_,4.57µm
_01907_,4.57µm
_01948_,4.57µm
_02026_,4.57µm
_02265_,4.57µm
_02567_,4.57µm
_02573_,4.57µm
_02579_,4.57µm
_02764_,4.57µm
_03290_,4.57µm
_03347_,4.57µm
_03369_,4.57µm
_03397_,4.57µm
_03627_,4.57µm
_04546_,4.57µm
_04746_,4.57µm
_04760_,4.57µm
_04822_,4.57µm
_05480_,4.57µm
_05812_,4.57µm
_05938_,4.57µm
net3164,4.57µm
_04413_,4.56µm
net1539,4.56µm
net1822,4.515µm
net2350,4.515µm
_04849_,4.51µm
_01384_,4.5µm
_01466_,4.5µm
_02211_,4.5µm
_03630_,4.5µm
_03998_,4.5µm
_02040_,4.485µm
_03188_,4.485µm
_04092_,4.485µm
net2460,4.48µm
_04224_,4.475µm
_04828_,4.47µm
net1427,4.47µm
net1971,4.47µm
net2517,4.47µm
net2717,4.47µm
net3139,4.47µm
_03049_,4.45µm
_03058_,4.45µm
_03177_,4.45µm
_04275_,4.45µm
_01435_,4.44µm
_01699_,4.44µm
_01880_,4.44µm
_01971_,4.44µm
_01978_,4.44µm
_02413_,4.44µm
_02669_,4.44µm
_03330_,4.44µm
_03377_,4.44µm
_04410_,4.44µm
_05223_,4.44µm
_05792_,4.44µm
net3109,4.44µm
_01996_,4.425µm
_03324_,4.425µm
_01659_,4.42µm
_01220_,4.39µm
_01380_,4.39µm
_01516_,4.39µm
_00084_,4.38µm
_00121_,4.38µm
_00144_,4.38µm
_00145_,4.38µm
_00150_,4.38µm
_00196_,4.38µm
_00199_,4.38µm
_00224_,4.38µm
_00229_,4.38µm
_00300_,4.38µm
_00324_,4.38µm
_00444_,4.38µm
_00462_,4.38µm
_00512_,4.38µm
_00592_,4.38µm
_00714_,4.38µm
_00722_,4.38µm
_00737_,4.38µm
_00793_,4.38µm
_00850_,4.38µm
_00927_,4.38µm
_00937_,4.38µm
_00951_,4.38µm
_00993_,4.38µm
_01005_,4.38µm
_01022_,4.38µm
_01051_,4.38µm
_01082_,4.38µm
_01088_,4.38µm
_01094_,4.38µm
_01117_,4.38µm
_01317_,4.38µm
_01330_,4.38µm
_01335_,4.38µm
_01417_,4.38µm
_01450_,4.38µm
_01508_,4.38µm
_01652_,4.38µm
_01820_,4.38µm
_02458_,4.38µm
_02769_,4.38µm
_02777_,4.38µm
_02877_,4.38µm
_03044_,4.38µm
_03193_,4.38µm
_03644_,4.38µm
_04482_,4.38µm
_04576_,4.38µm
_04685_,4.38µm
_05455_,4.38µm
_05605_,4.38µm
_05739_,4.38µm
net3006,4.38µm
net3161,4.38µm
_04805_,4.33µm
u_picorv32.pcpi_rs1\[30\],4.33µm
_00764_,4.32µm
_03101_,4.32µm
_03206_,4.32µm
_04179_,4.32µm
_04363_,4.32µm
_05831_,4.32µm
net1470,4.32µm
net1497,4.32µm
net1557,4.32µm
net1599,4.32µm
net1613,4.32µm
net1747,4.32µm
net1761,4.32µm
net1811,4.32µm
net1812,4.32µm
net1818,4.32µm
net1832,4.32µm
net1845,4.32µm
net1862,4.32µm
net1952,4.32µm
net1968,4.32µm
net1976,4.32µm
net2091,4.32µm
net2116,4.32µm
net2140,4.32µm
net2165,4.32µm
net2172,4.32µm
net2236,4.32µm
net2242,4.32µm
net2256,4.32µm
net2313,4.32µm
net2380,4.32µm
net2396,4.32µm
net2413,4.32µm
net2440,4.32µm
net2458,4.32µm
net2468,4.32µm
net2497,4.32µm
net2560,4.32µm
net2625,4.32µm
net2632,4.32µm
net2664,4.32µm
net2726,4.32µm
net2766,4.32µm
net2786,4.32µm
net2838,4.32µm
net2848,4.32µm
net2875,4.32µm
net2888,4.32µm
net2926,4.32µm
net3106,4.32µm
_05375_,4.31µm
_00242_,4.3µm
net2707,4.3µm
_00073_,4.29µm
_00161_,4.27µm
_00529_,4.27µm
_00848_,4.27µm
_00930_,4.27µm
_00989_,4.27µm
_01014_,4.27µm
_01127_,4.27µm
_02336_,4.27µm
_04540_,4.27µm
_04911_,4.27µm
_05590_,4.27µm
net3007,4.27µm
_00069_,4.26µm
_00087_,4.26µm
_00132_,4.26µm
_00135_,4.26µm
_00149_,4.26µm
_00151_,4.26µm
_00157_,4.26µm
_00192_,4.26µm
_00193_,4.26µm
_00195_,4.26µm
_00219_,4.26µm
_00265_,4.26µm
_00268_,4.26µm
_00313_,4.26µm
_00315_,4.26µm
_00321_,4.26µm
_00334_,4.26µm
_00336_,4.26µm
_00350_,4.26µm
_00368_,4.26µm
_00369_,4.26µm
_00374_,4.26µm
_00382_,4.26µm
_00395_,4.26µm
_00396_,4.26µm
_00437_,4.26µm
_00449_,4.26µm
_00492_,4.26µm
_00494_,4.26µm
_00509_,4.26µm
_00511_,4.26µm
_00520_,4.26µm
_00523_,4.26µm
_00533_,4.26µm
_00545_,4.26µm
_00563_,4.26µm
_00574_,4.26µm
_00584_,4.26µm
_00594_,4.26µm
_00595_,4.26µm
_00613_,4.26µm
_00625_,4.26µm
_00637_,4.26µm
_00648_,4.26µm
_00657_,4.26µm
_00659_,4.26µm
_00660_,4.26µm
_00663_,4.26µm
_00681_,4.26µm
_00694_,4.26µm
_00704_,4.26µm
_00739_,4.26µm
_00742_,4.26µm
_00746_,4.26µm
_00762_,4.26µm
_00763_,4.26µm
_00771_,4.26µm
_00790_,4.26µm
_00801_,4.26µm
_00805_,4.26µm
_00807_,4.26µm
_00814_,4.26µm
_00816_,4.26µm
_00834_,4.26µm
_00866_,4.26µm
_00880_,4.26µm
_00882_,4.26µm
_00942_,4.26µm
_00947_,4.26µm
_00953_,4.26µm
_00954_,4.26µm
_00955_,4.26µm
_00957_,4.26µm
_00962_,4.26µm
_00982_,4.26µm
_01003_,4.26µm
_01004_,4.26µm
_01013_,4.26µm
_01036_,4.26µm
_01059_,4.26µm
_01066_,4.26µm
_01075_,4.26µm
_01078_,4.26µm
_01085_,4.26µm
_01090_,4.26µm
_01096_,4.26µm
_01103_,4.26µm
_01106_,4.26µm
_01109_,4.26µm
_01114_,4.26µm
_01116_,4.26µm
_01241_,4.26µm
_01265_,4.26µm
_01332_,4.26µm
_01334_,4.26µm
_01469_,4.26µm
_01486_,4.26µm
_01489_,4.26µm
_01522_,4.26µm
_01539_,4.26µm
_02712_,4.26µm
_02714_,4.26µm
_03164_,4.26µm
_06016_,4.23µm
_01445_,4.2µm
_01447_,4.2µm
_01458_,4.2µm
_01500_,4.2µm
_01926_,4.2µm
_02020_,4.2µm
_02091_,4.2µm
_02442_,4.2µm
_02485_,4.2µm
_03144_,4.2µm
_03171_,4.2µm
_03734_,4.2µm
_04340_,4.2µm
_04492_,4.2µm
_04851_,4.2µm
_05206_,4.2µm
net1425,4.2µm
net1467,4.2µm
net1516,4.2µm
net1595,4.2µm
net1612,4.2µm
net1649,4.2µm
net1685,4.2µm
net1839,4.2µm
net1928,4.2µm
net2086,4.2µm
net2092,4.2µm
net2161,4.2µm
net2181,4.2µm
net2324,4.2µm
net2390,4.2µm
net2391,4.2µm
net2437,4.2µm
net2486,4.2µm
net2519,4.2µm
net2591,4.2µm
net2636,4.2µm
net2646,4.2µm
net2840,4.2µm
net2877,4.2µm
net2881,4.2µm
net2907,4.2µm
net2914,4.2µm
net2927,4.2µm
_03056_,4.195µm
_03127_,4.195µm
_04289_,4.195µm
_04525_,4.195µm
_04795_,4.195µm
_05109_,4.195µm
_05114_,4.195µm
_06013_,4.195µm
net3159,4.195µm
_04797_,4.185µm
_00392_,4.18µm
_00456_,4.17µm
_02542_,4.14µm
_03867_,4.14µm
_04076_,4.14µm
_04391_,4.135µm
net1909,4.135µm
_03857_,4.125µm
_05334_,4.125µm
_00309_,4.11µm
_04491_,4.105µm
_01282_,4.1µm
_01283_,4.1µm
_01327_,4.1µm
_01414_,4.1µm
_02134_,4.1µm
_02269_,4.1µm
_02471_,4.1µm
_04994_,4.1µm
_05869_,4.1µm
_05877_,4.1µm
_01490_,4.09µm
_01897_,4.09µm
_02092_,4.09µm
_02200_,4.09µm
_02564_,4.09µm
_02829_,4.09µm
_02869_,4.09µm
_03583_,4.09µm
_03943_,4.09µm
_03956_,4.09µm
_03962_,4.09µm
_04111_,4.09µm
_04202_,4.09µm
_04323_,4.09µm
_04336_,4.09µm
_04421_,4.09µm
_04474_,4.09µm
_04625_,4.09µm
_04832_,4.09µm
_05075_,4.09µm
_05153_,4.09µm
_05243_,4.09µm
_05256_,4.09µm
_05931_,4.09µm
net1429,4.09µm
net1460,4.09µm
net1463,4.09µm
net1501,4.09µm
net1519,4.09µm
net1552,4.09µm
net1561,4.09µm
net1572,4.09µm
net1658,4.09µm
net1664,4.09µm
net1693,4.09µm
net1720,4.09µm
net1725,4.09µm
net1758,4.09µm
net1772,4.09µm
net1775,4.09µm
net1776,4.09µm
net1785,4.09µm
net1787,4.09µm
net1799,4.09µm
net1800,4.09µm
net1816,4.09µm
net1821,4.09µm
net1824,4.09µm
net1846,4.09µm
net1853,4.09µm
net1865,4.09µm
net1879,4.09µm
net1915,4.09µm
net1921,4.09µm
net1932,4.09µm
net1990,4.09µm
net1999,4.09µm
net2005,4.09µm
net2015,4.09µm
net2024,4.09µm
net2039,4.09µm
net2041,4.09µm
net2048,4.09µm
net2077,4.09µm
net2098,4.09µm
net2128,4.09µm
net2139,4.09µm
net2141,4.09µm
net2146,4.09µm
net2169,4.09µm
net2170,4.09µm
net2171,4.09µm
net2178,4.09µm
net2184,4.09µm
net2230,4.09µm
net2257,4.09µm
net2268,4.09µm
net2273,4.09µm
net2300,4.09µm
net2306,4.09µm
net2322,4.09µm
net2331,4.09µm
net2340,4.09µm
net2358,4.09µm
net2360,4.09µm
net2363,4.09µm
net2382,4.09µm
net2402,4.09µm
net2408,4.09µm
net2476,4.09µm
net2479,4.09µm
net2628,4.09µm
net2638,4.09µm
net2642,4.09µm
net2669,4.09µm
net2684,4.09µm
net2725,4.09µm
net2788,4.09µm
net2858,4.09µm
net2890,4.09µm
net2938,4.09µm
_02323_,4.08µm
_03116_,4.08µm
_03131_,4.08µm
_03163_,4.08µm
_03260_,4.08µm
_03587_,4.08µm
_01399_,4.065µm
_04059_,4.05µm
_05817_,4.045µm
_01680_,4.04µm
_03785_,4.04µm
_04338_,4.035µm
_04140_,4.03µm
_05843_,4.03µm
_00081_,4.02µm
_01385_,4.02µm
_01388_,4.02µm
_01534_,4.02µm
_03410_,4.02µm
_05393_,4.02µm
_05704_,3.98µm
_00071_,3.975µm
_03103_,3.97µm
_03244_,3.97µm
_03261_,3.97µm
_03331_,3.97µm
_01894_,3.96µm
_02170_,3.96µm
_02405_,3.96µm
_03046_,3.96µm
_03154_,3.96µm
_03189_,3.96µm
_03265_,3.96µm
_03457_,3.96µm
_03575_,3.96µm
_03731_,3.96µm
_03744_,3.96µm
_03938_,3.96µm
_04147_,3.96µm
_04167_,3.96µm
_04317_,3.96µm
_04466_,3.96µm
_04478_,3.96µm
_04857_,3.96µm
_05417_,3.96µm
_05807_,3.96µm
_06008_,3.96µm
_01952_,3.925µm
_01378_,3.91µm
_00013_,3.9µm
_00048_,3.9µm
_00128_,3.9µm
_00129_,3.9µm
_00130_,3.9µm
_00137_,3.9µm
_00162_,3.9µm
_00171_,3.9µm
_00185_,3.9µm
_00188_,3.9µm
_00210_,3.9µm
_00213_,3.9µm
_00221_,3.9µm
_00245_,3.9µm
_00271_,3.9µm
_00273_,3.9µm
_00345_,3.9µm
_00359_,3.9µm
_00393_,3.9µm
_00402_,3.9µm
_00428_,3.9µm
_00440_,3.9µm
_00448_,3.9µm
_00451_,3.9µm
_00465_,3.9µm
_00478_,3.9µm
_00482_,3.9µm
_00510_,3.9µm
_00536_,3.9µm
_00544_,3.9µm
_00553_,3.9µm
_00555_,3.9µm
_00566_,3.9µm
_00591_,3.9µm
_00636_,3.9µm
_00655_,3.9µm
_00668_,3.9µm
_00733_,3.9µm
_00758_,3.9µm
_00802_,3.9µm
_00854_,3.9µm
_00860_,3.9µm
_00877_,3.9µm
_00918_,3.9µm
_00924_,3.9µm
_00944_,3.9µm
_00948_,3.9µm
_00972_,3.9µm
_00973_,3.9µm
_00974_,3.9µm
_00988_,3.9µm
_01057_,3.9µm
_01062_,3.9µm
_01069_,3.9µm
_01071_,3.9µm
_01074_,3.9µm
_01124_,3.9µm
_01152_,3.9µm
_01161_,3.9µm
_01200_,3.9µm
_01338_,3.9µm
_01431_,3.9µm
_01606_,3.9µm
_01630_,3.9µm
_01855_,3.9µm
_01901_,3.9µm
_02417_,3.9µm
_02426_,3.9µm
_02558_,3.9µm
_02735_,3.9µm
_02762_,3.9µm
_03115_,3.9µm
_03400_,3.9µm
_03403_,3.9µm
_03465_,3.9µm
_03615_,3.9µm
_03661_,3.9µm
_03675_,3.9µm
_03715_,3.9µm
_03906_,3.9µm
_04009_,3.9µm
_04034_,3.9µm
_04779_,3.9µm
_04883_,3.9µm
_05426_,3.9µm
_05456_,3.9µm
_05641_,3.9µm
_05741_,3.9µm
_05885_,3.9µm
u_picorv32.pcpi_rs1\[11\],3.9µm
u_picorv32.picorv32_core.instr_jal,3.9µm
net3012,3.9µm
net2070,3.88µm
_02835_,3.87µm
_04197_,3.845µm
_01203_,3.84µm
_02118_,3.84µm
_02142_,3.84µm
_03017_,3.84µm
_03109_,3.84µm
_03352_,3.84µm
_04245_,3.84µm
net1416,3.84µm
net1419,3.84µm
net1435,3.84µm
net1440,3.84µm
net1442,3.84µm
net1450,3.84µm
net1465,3.84µm
net1482,3.84µm
net1486,3.84µm
net1487,3.84µm
net1499,3.84µm
net1504,3.84µm
net1505,3.84µm
net1507,3.84µm
net1510,3.84µm
net1512,3.84µm
net1514,3.84µm
net1518,3.84µm
net1522,3.84µm
net1524,3.84µm
net1525,3.84µm
net1541,3.84µm
net1544,3.84µm
net1549,3.84µm
net1551,3.84µm
net1555,3.84µm
net1569,3.84µm
net1576,3.84µm
net1578,3.84µm
net1596,3.84µm
net1607,3.84µm
net1610,3.84µm
net1638,3.84µm
net1645,3.84µm
net1646,3.84µm
net1650,3.84µm
net1651,3.84µm
net1655,3.84µm
net1661,3.84µm
net1671,3.84µm
net1672,3.84µm
net1675,3.84µm
net1677,3.84µm
net1678,3.84µm
net1679,3.84µm
net1683,3.84µm
net1684,3.84µm
net1692,3.84µm
net1696,3.84µm
net1703,3.84µm
net1704,3.84µm
net1712,3.84µm
net1715,3.84µm
net1717,3.84µm
net1737,3.84µm
net1768,3.84µm
net1770,3.84µm
net1777,3.84µm
net1778,3.84µm
net1781,3.84µm
net1784,3.84µm
net1786,3.84µm
net1790,3.84µm
net1792,3.84µm
net1794,3.84µm
net1805,3.84µm
net1807,3.84µm
net1808,3.84µm
net1817,3.84µm
net1823,3.84µm
net1825,3.84µm
net1831,3.84µm
net1835,3.84µm
net1837,3.84µm
net1854,3.84µm
net1858,3.84µm
net1867,3.84µm
net1869,3.84µm
net1871,3.84µm
net1886,3.84µm
net1888,3.84µm
net1889,3.84µm
net1895,3.84µm
net1907,3.84µm
net1922,3.84µm
net1937,3.84µm
net1938,3.84µm
net1941,3.84µm
net1947,3.84µm
net1949,3.84µm
net1950,3.84µm
net1954,3.84µm
net1956,3.84µm
net1957,3.84µm
net1958,3.84µm
net1961,3.84µm
net1965,3.84µm
net1966,3.84µm
net1969,3.84µm
net1970,3.84µm
net1975,3.84µm
net1991,3.84µm
net1994,3.84µm
net2010,3.84µm
net2018,3.84µm
net2030,3.84µm
net2038,3.84µm
net2050,3.84µm
net2055,3.84µm
net2058,3.84µm
net2067,3.84µm
net2074,3.84µm
net2075,3.84µm
net2085,3.84µm
net2096,3.84µm
net2101,3.84µm
net2120,3.84µm
net2126,3.84µm
net2142,3.84µm
net2143,3.84µm
net2151,3.84µm
net2164,3.84µm
net2180,3.84µm
net2183,3.84µm
net2191,3.84µm
net2201,3.84µm
net2204,3.84µm
net2205,3.84µm
net2218,3.84µm
net2224,3.84µm
net2227,3.84µm
net2237,3.84µm
net2250,3.84µm
net2261,3.84µm
net2264,3.84µm
net2276,3.84µm
net2278,3.84µm
net2292,3.84µm
net2297,3.84µm
net2304,3.84µm
net2305,3.84µm
net2314,3.84µm
net2318,3.84µm
net2327,3.84µm
net2329,3.84µm
net2332,3.84µm
net2338,3.84µm
net2344,3.84µm
net2346,3.84µm
net2347,3.84µm
net2365,3.84µm
net2368,3.84µm
net2372,3.84µm
net2381,3.84µm
net2386,3.84µm
net2389,3.84µm
net2392,3.84µm
net2406,3.84µm
net2416,3.84µm
net2419,3.84µm
net2423,3.84µm
net2429,3.84µm
net2430,3.84µm
net2438,3.84µm
net2442,3.84µm
net2445,3.84µm
net2446,3.84µm
net2447,3.84µm
net2451,3.84µm
net2452,3.84µm
net2454,3.84µm
net2459,3.84µm
net2465,3.84µm
net2471,3.84µm
net2473,3.84µm
net2478,3.84µm
net2488,3.84µm
net2491,3.84µm
net2494,3.84µm
net2499,3.84µm
net2501,3.84µm
net2503,3.84µm
net2509,3.84µm
net2525,3.84µm
net2547,3.84µm
net2561,3.84µm
net2565,3.84µm
net2566,3.84µm
net2567,3.84µm
net2569,3.84µm
net2570,3.84µm
net2572,3.84µm
net2575,3.84µm
net2583,3.84µm
net2586,3.84µm
net2594,3.84µm
net2601,3.84µm
net2614,3.84µm
net2615,3.84µm
net2619,3.84µm
net2631,3.84µm
net2639,3.84µm
net2643,3.84µm
net2645,3.84µm
net2647,3.84µm
net2652,3.84µm
net2654,3.84µm
net2660,3.84µm
net2665,3.84µm
net2672,3.84µm
net2674,3.84µm
net2682,3.84µm
net2688,3.84µm
net2689,3.84µm
net2692,3.84µm
net2693,3.84µm
net2700,3.84µm
net2701,3.84µm
net2705,3.84µm
net2719,3.84µm
net2720,3.84µm
net2724,3.84µm
net2728,3.84µm
net2730,3.84µm
net2740,3.84µm
net2744,3.84µm
net2750,3.84µm
net2753,3.84µm
net2760,3.84µm
net2763,3.84µm
net2768,3.84µm
net2770,3.84µm
net2773,3.84µm
net2775,3.84µm
net2780,3.84µm
net2782,3.84µm
net2784,3.84µm
net2787,3.84µm
net2789,3.84µm
net2790,3.84µm
net2791,3.84µm
net2792,3.84µm
net2794,3.84µm
net2795,3.84µm
net2796,3.84µm
net2797,3.84µm
net2798,3.84µm
net2801,3.84µm
net2802,3.84µm
net2808,3.84µm
net2809,3.84µm
net2810,3.84µm
net2812,3.84µm
net2813,3.84µm
net2820,3.84µm
net2826,3.84µm
net2836,3.84µm
net2839,3.84µm
net2841,3.84µm
net2850,3.84µm
net2851,3.84µm
net2854,3.84µm
net2863,3.84µm
net2864,3.84µm
net2867,3.84µm
net2868,3.84µm
net2871,3.84µm
net2873,3.84µm
net2874,3.84µm
net2876,3.84µm
net2883,3.84µm
net2884,3.84µm
net2892,3.84µm
net2896,3.84µm
net2901,3.84µm
net2902,3.84µm
net2903,3.84µm
net2911,3.84µm
net2913,3.84µm
net2916,3.84µm
net2934,3.84µm
net2940,3.84µm
net2959,3.84µm
net2974,3.84µm
net2975,3.84µm
net2976,3.84µm
net2986,3.84µm
net2988,3.84µm
net2991,3.84µm
net2992,3.84µm
net2994,3.84µm
net2998,3.84µm
net2999,3.84µm
net1411,3.84µm
net3094,3.84µm
net3097,3.84µm
_05179_,3.815µm
_00234_,3.81µm
_00558_,3.81µm
_00867_,3.81µm
_02884_,3.81µm
_02914_,3.81µm
_02135_,3.79µm
_00068_,3.78µm
_00156_,3.78µm
_00194_,3.78µm
_00197_,3.78µm
_00200_,3.78µm
_00206_,3.78µm
_00226_,3.78µm
_00233_,3.78µm
_00239_,3.78µm
_00269_,3.78µm
_00275_,3.78µm
_00328_,3.78µm
_00333_,3.78µm
_00344_,3.78µm
_00346_,3.78µm
_00356_,3.78µm
_00365_,3.78µm
_00366_,3.78µm
_00372_,3.78µm
_00397_,3.78µm
_00403_,3.78µm
_00405_,3.78µm
_00408_,3.78µm
_00431_,3.78µm
_00488_,3.78µm
_00513_,3.78µm
_00514_,3.78µm
_00521_,3.78µm
_00551_,3.78µm
_00554_,3.78µm
_00569_,3.78µm
_00575_,3.78µm
_00607_,3.78µm
_00624_,3.78µm
_00631_,3.78µm
_00633_,3.78µm
_00639_,3.78µm
_00641_,3.78µm
_00650_,3.78µm
_00656_,3.78µm
_00669_,3.78µm
_00671_,3.78µm
_00761_,3.78µm
_00773_,3.78µm
_00777_,3.78µm
_00792_,3.78µm
_00794_,3.78µm
_00844_,3.78µm
_00859_,3.78µm
_00874_,3.78µm
_00915_,3.78µm
_00969_,3.78µm
_00994_,3.78µm
_01009_,3.78µm
_01015_,3.78µm
_01039_,3.78µm
_01098_,3.78µm
_01101_,3.78µm
_01110_,3.78µm
_01257_,3.78µm
_01481_,3.78µm
_02763_,3.78µm
_03860_,3.78µm
_04572_,3.78µm
_02760_,3.72µm
_03931_,3.72µm
_04029_,3.72µm
_04701_,3.72µm
_05667_,3.72µm
net1586,3.72µm
net1623,3.72µm
net1656,3.72µm
net1662,3.72µm
net1732,3.72µm
net1739,3.72µm
net1746,3.72µm
net1815,3.72µm
net1827,3.72µm
net1847,3.72µm
net1873,3.72µm
net1878,3.72µm
net1984,3.72µm
net2016,3.72µm
net2027,3.72µm
net2034,3.72µm
net2069,3.72µm
net2135,3.72µm
net2185,3.72µm
net2202,3.72µm
net2219,3.72µm
net2291,3.72µm
net2312,3.72µm
net2679,3.72µm
net2779,3.72µm
net2844,3.72µm
net2866,3.72µm
net2921,3.72µm
net2952,3.72µm
_02157_,3.715µm
_02221_,3.715µm
_02495_,3.715µm
_03522_,3.715µm
_03659_,3.715µm
_03978_,3.715µm
_04400_,3.715µm
_04712_,3.715µm
_04801_,3.715µm
_05239_,3.715µm
_02188_,3.705µm
_00751_,3.69µm
_00782_,3.69µm
_04405_,3.69µm
_03198_,3.66µm
_04558_,3.66µm
_05443_,3.66µm
net2108,3.66µm
net2712,3.66µm
_02681_,3.655µm
_03433_,3.655µm
_04484_,3.645µm
net1820,3.63µm
net1981,3.63µm
net2025,3.63µm
net2061,3.63µm
net2764,3.63µm
net2772,3.63µm
_02382_,3.62µm
_03482_,3.62µm
_04646_,3.62µm
net3101,3.62µm
_01235_,3.61µm
_01673_,3.61µm
_01842_,3.61µm
_01959_,3.61µm
_02110_,3.61µm
_02280_,3.61µm
_02421_,3.61µm
_02484_,3.61µm
_02497_,3.61µm
_02550_,3.61µm
_02578_,3.61µm
_03039_,3.61µm
_03216_,3.61µm
_03512_,3.61µm
_03524_,3.61µm
_04094_,3.61µm
_04131_,3.61µm
_04132_,3.61µm
_04148_,3.61µm
_04361_,3.61µm
_04493_,3.61µm
_04506_,3.61µm
_04635_,3.61µm
_04705_,3.61µm
_05321_,3.61µm
_05542_,3.61µm
_05655_,3.61µm
_05969_,3.61µm
_02366_,3.605µm
_03102_,3.6µm
_03318_,3.6µm
_03378_,3.6µm
_03560_,3.6µm
_03590_,3.6µm
_01268_,3.585µm
_03386_,3.565µm
_03702_,3.565µm
_04283_,3.56µm
_04812_,3.56µm
_01640_,3.555µm
_02953_,3.555µm
_05671_,3.555µm
_00853_,3.55µm
_01691_,3.55µm
_02102_,3.55µm
_02809_,3.55µm
_02931_,3.55µm
_03118_,3.55µm
_03209_,3.55µm
_03676_,3.55µm
_04309_,3.55µm
_00079_,3.54µm
_01169_,3.54µm
_01296_,3.54µm
_01326_,3.54µm
_01339_,3.54µm
_01798_,3.54µm
_03346_,3.54µm
_05921_,3.54µm
_05550_,3.525µm
_04485_,3.52µm
_01175_,3.48µm
_01192_,3.48µm
_01229_,3.48µm
_01409_,3.48µm
_01745_,3.48µm
_01964_,3.48µm
_02409_,3.48µm
_02457_,3.48µm
_02501_,3.48µm
_02520_,3.48µm
_02680_,3.48µm
_02894_,3.48µm
_02903_,3.48µm
_02960_,3.48µm
_03005_,3.48µm
_03092_,3.48µm
_03294_,3.48µm
_03340_,3.48µm
_03563_,3.48µm
_03816_,3.48µm
_03887_,3.48µm
_03911_,3.48µm
_04030_,3.48µm
_04040_,3.48µm
_04116_,3.48µm
_04435_,3.48µm
_04692_,3.48µm
_04807_,3.48µm
_04880_,3.48µm
_04902_,3.48µm
_05092_,3.48µm
_05386_,3.48µm
_05416_,3.48µm
_05461_,3.48µm
_05535_,3.48µm
_05771_,3.48µm
_05819_,3.48µm
_05839_,3.48µm
_05883_,3.48µm
_05955_,3.48µm
_05958_,3.48µm
_05967_,3.48µm
net3018,3.48µm
net3089,3.48µm
_04191_,3.45µm
_01232_,3.43µm
_01347_,3.43µm
_01429_,3.43µm
_00019_,3.42µm
_00050_,3.42µm
_00104_,3.42µm
_00127_,3.42µm
_00131_,3.42µm
_00136_,3.42µm
_00141_,3.42µm
_00148_,3.42µm
_00175_,3.42µm
_00179_,3.42µm
_00203_,3.42µm
_00207_,3.42µm
_00208_,3.42µm
_00217_,3.42µm
_00227_,3.42µm
_00238_,3.42µm
_00244_,3.42µm
_00263_,3.42µm
_00279_,3.42µm
_00280_,3.42µm
_00281_,3.42µm
_00332_,3.42µm
_00335_,3.42µm
_00340_,3.42µm
_00348_,3.42µm
_00349_,3.42µm
_00375_,3.42µm
_00377_,3.42µm
_00391_,3.42µm
_00407_,3.42µm
_00409_,3.42µm
_00429_,3.42µm
_00435_,3.42µm
_00481_,3.42µm
_00489_,3.42µm
_00493_,3.42µm
_00497_,3.42µm
_00501_,3.42µm
_00503_,3.42µm
_00526_,3.42µm
_00540_,3.42µm
_00561_,3.42µm
_00571_,3.42µm
_00604_,3.42µm
_00606_,3.42µm
_00615_,3.42µm
_00618_,3.42µm
_00619_,3.42µm
_00621_,3.42µm
_00640_,3.42µm
_00644_,3.42µm
_00653_,3.42µm
_00677_,3.42µm
_00679_,3.42µm
_00688_,3.42µm
_00695_,3.42µm
_00735_,3.42µm
_00738_,3.42µm
_00747_,3.42µm
_00749_,3.42µm
_00750_,3.42µm
_00753_,3.42µm
_00772_,3.42µm
_00774_,3.42µm
_00775_,3.42µm
_00784_,3.42µm
_00796_,3.42µm
_00811_,3.42µm
_00817_,3.42µm
_00845_,3.42µm
_00849_,3.42µm
_00858_,3.42µm
_00871_,3.42µm
_00875_,3.42µm
_00899_,3.42µm
_00933_,3.42µm
_00940_,3.42µm
_00941_,3.42µm
_00950_,3.42µm
_00971_,3.42µm
_00976_,3.42µm
_00977_,3.42µm
_00979_,3.42µm
_00991_,3.42µm
_01010_,3.42µm
_01019_,3.42µm
_01021_,3.42µm
_01032_,3.42µm
_01042_,3.42µm
_01049_,3.42µm
_01063_,3.42µm
_01064_,3.42µm
_01076_,3.42µm
_01077_,3.42µm
_01084_,3.42µm
_01087_,3.42µm
_01099_,3.42µm
_01108_,3.42µm
_01126_,3.42µm
_01132_,3.42µm
_01173_,3.42µm
_01228_,3.42µm
_01244_,3.42µm
_01340_,3.42µm
_01364_,3.42µm
_01509_,3.42µm
_01523_,3.42µm
_01838_,3.42µm
_01852_,3.42µm
_01921_,3.42µm
_01949_,3.42µm
_02002_,3.42µm
_02190_,3.42µm
_02206_,3.42µm
_02235_,3.42µm
_02375_,3.42µm
_02378_,3.42µm
_02464_,3.42µm
_02468_,3.42µm
_02499_,3.42µm
_02726_,3.42µm
_02727_,3.42µm
_02738_,3.42µm
_02782_,3.42µm
_02840_,3.42µm
_02855_,3.42µm
_03093_,3.42µm
_03153_,3.42µm
_03225_,3.42µm
_03298_,3.42µm
_03342_,3.42µm
_03353_,3.42µm
_03383_,3.42µm
_03725_,3.42µm
_03773_,3.42µm
_03856_,3.42µm
_03873_,3.42µm
_03884_,3.42µm
_03949_,3.42µm
_03980_,3.42µm
_04177_,3.42µm
_04205_,3.42µm
_04276_,3.42µm
_04298_,3.42µm
_04370_,3.42µm
_04427_,3.42µm
_04487_,3.42µm
_04495_,3.42µm
_04622_,3.42µm
_04683_,3.42µm
_04689_,3.42µm
_04794_,3.42µm
_04893_,3.42µm
_05356_,3.42µm
_05385_,3.42µm
_05394_,3.42µm
_05537_,3.42µm
_05682_,3.42µm
_05701_,3.42µm
_05805_,3.42µm
_05875_,3.42µm
_05933_,3.42µm
net3122,3.42µm
net3145,3.42µm
_02041_,3.39µm
_02044_,3.375µm
_04762_,3.375µm
_01198_,3.36µm
_02024_,3.36µm
_02522_,3.36µm
_03581_,3.36µm
_05566_,3.36µm
net1422,3.36µm
net1593,3.36µm
net1644,3.36µm
net1652,3.36µm
net1713,3.36µm
net1897,3.36µm
net1960,3.36µm
net2020,3.36µm
net2054,3.36µm
net2160,3.36µm
net2348,3.36µm
net2383,3.36µm
net2469,3.36µm
net2480,3.36µm
net2559,3.36µm
net2597,3.36µm
net2641,3.36µm
net2670,3.36µm
net2743,3.36µm
net2803,3.36µm
net2830,3.36µm
net2987,3.36µm
net3002,3.36µm
net3141,3.36µm
net3163,3.36µm
_00093_,3.33µm
_00343_,3.33µm
_00743_,3.33µm
_00809_,3.33µm
_02728_,3.33µm
net3104,3.3µm
_00085_,3.24µm
_02783_,3.24µm
_03053_,3.24µm
_03138_,3.24µm
_03374_,3.24µm
_03926_,3.24µm
_03987_,3.24µm
_04565_,3.24µm
_04819_,3.24µm
_05107_,3.24µm
_05427_,3.24µm
_05944_,3.24µm
_02364_,3.235µm
_03266_,3.235µm
_03462_,3.235µm
_03496_,3.235µm
_03733_,3.235µm
_03781_,3.235µm
_03897_,3.235µm
_04783_,3.235µm
_04703_,3.225µm
_05572_,3.225µm
_00505_,3.21µm
_00759_,3.21µm
_05491_,3.21µm
_05624_,3.21µm
_03892_,3.19µm
_04614_,3.18µm
_05907_,3.18µm
_05837_,3.175µm
_02079_,3.165µm
_02901_,3.165µm
_02210_,3.15µm
_02227_,3.145µm
_03372_,3.145µm
_01312_,3.14µm
_01923_,3.14µm
_02126_,3.14µm
_02907_,3.14µm
_03032_,3.14µm
_03054_,3.14µm
_03063_,3.14µm
_03176_,3.14µm
_03203_,3.14µm
_03289_,3.14µm
_03406_,3.14µm
_03418_,3.14µm
_03422_,3.14µm
_03426_,3.14µm
_03436_,3.14µm
_03498_,3.14µm
_03833_,3.14µm
_04473_,3.14µm
_04718_,3.14µm
_05430_,3.14µm
_05507_,3.14µm
_05798_,3.14µm
_06004_,3.14µm
net3083,3.14µm
_01205_,3.13µm
_01492_,3.13µm
_01985_,3.13µm
_02096_,3.13µm
_02274_,3.13µm
_02449_,3.13µm
_02455_,3.13µm
_02751_,3.13µm
_02851_,3.13µm
_03338_,3.13µm
_03592_,3.13µm
_03754_,3.13µm
_03861_,3.13µm
_03885_,3.13µm
_03953_,3.13µm
_04549_,3.13µm
_04620_,3.13µm
_04702_,3.13µm
_04943_,3.13µm
_05484_,3.13µm
_05864_,3.13µm
_05867_,3.13µm
_02443_,3.12µm
_02881_,3.12µm
_05716_,3.12µm
_03582_,3.095µm
_05806_,3.08µm
_03635_,3.07µm
_05832_,3.07µm
_05943_,3.07µm
_00011_,3.06µm
_00059_,3.06µm
_00484_,3.06µm
_00841_,3.06µm
_01149_,3.06µm
_01194_,3.06µm
_01199_,3.06µm
_01240_,3.06µm
_01279_,3.06µm
_01377_,3.06µm
_04234_,3.06µm
_04327_,3.06µm
_05084_,3.06µm
_05149_,3.06µm
_02225_,3.02µm
_01151_,3µm
_01735_,3µm
_02030_,3µm
_02116_,3µm
_02172_,3µm
_02197_,3µm
_02312_,3µm
_02320_,3µm
_02374_,3µm
_02536_,3µm
_02633_,3µm
_02806_,3µm
_02826_,3µm
_02937_,3µm
_03232_,3µm
_03461_,3µm
_03540_,3µm
_03544_,3µm
_03550_,3µm
_03577_,3µm
_03680_,3µm
_03685_,3µm
_04050_,3µm
_04170_,3µm
_04300_,3µm
_04613_,3µm
_04662_,3µm
_04861_,3µm
_05354_,3µm
_05382_,3µm
_05432_,3µm
_05524_,3µm
_05598_,3µm
net1534,2.97µm
net1626,2.97µm
net2432,2.97µm
_02330_,2.95µm
_00025_,2.94µm
_00133_,2.94µm
_00138_,2.94µm
_00143_,2.94µm
_00147_,2.94µm
_00154_,2.94µm
_00215_,2.94µm
_00235_,2.94µm
_00240_,2.94µm
_00249_,2.94µm
_00253_,2.94µm
_00267_,2.94µm
_00283_,2.94µm
_00291_,2.94µm
_00294_,2.94µm
_00329_,2.94µm
_00338_,2.94µm
_00342_,2.94µm
_00354_,2.94µm
_00376_,2.94µm
_00381_,2.94µm
_00388_,2.94µm
_00400_,2.94µm
_00411_,2.94µm
_00413_,2.94µm
_00452_,2.94µm
_00479_,2.94µm
_00487_,2.94µm
_00499_,2.94µm
_00530_,2.94µm
_00565_,2.94µm
_00583_,2.94µm
_00626_,2.94µm
_00627_,2.94µm
_00628_,2.94µm
_00629_,2.94µm
_00635_,2.94µm
_00638_,2.94µm
_00642_,2.94µm
_00654_,2.94µm
_00666_,2.94µm
_00673_,2.94µm
_00685_,2.94µm
_00711_,2.94µm
_00717_,2.94µm
_00741_,2.94µm
_00781_,2.94µm
_00797_,2.94µm
_00815_,2.94µm
_00820_,2.94µm
_00824_,2.94µm
_00839_,2.94µm
_00851_,2.94µm
_00913_,2.94µm
_00959_,2.94µm
_00967_,2.94µm
_00975_,2.94µm
_00990_,2.94µm
_01000_,2.94µm
_01030_,2.94µm
_01050_,2.94µm
_01055_,2.94µm
_01060_,2.94µm
_01067_,2.94µm
_01089_,2.94µm
_01091_,2.94µm
_01230_,2.94µm
_01387_,2.94µm
_01393_,2.94µm
_01491_,2.94µm
_01701_,2.94µm
_02013_,2.94µm
_02039_,2.94µm
_02401_,2.94µm
_02537_,2.94µm
_02841_,2.94µm
_02909_,2.94µm
_03359_,2.94µm
_03500_,2.94µm
_03712_,2.94µm
_03763_,2.94µm
_04208_,2.94µm
_05555_,2.94µm
_05621_,2.94µm
_05702_,2.94µm
_05793_,2.94µm
_05830_,2.94µm
_06009_,2.94µm
net3008,2.94µm
net3016,2.94µm
net3025,2.94µm
net3027,2.94µm
net3036,2.94µm
net3038,2.94µm
net3046,2.94µm
net3048,2.94µm
net3050,2.94µm
net3056,2.94µm
net3064,2.94µm
net3068,2.94µm
net3072,2.94µm
net3081,2.94µm
net3108,2.94µm
_01249_,2.91µm
_04108_,2.895µm
net3136,2.88µm
net3160,2.88µm
_02667_,2.87µm
_03132_,2.85µm
_04469_,2.835µm
_02318_,2.83µm
_04153_,2.8µm
_04021_,2.79µm
_04489_,2.77µm
_01148_,2.76µm
_01493_,2.76µm
_01622_,2.76µm
_01993_,2.76µm
_02451_,2.76µm
_02552_,2.76µm
_02879_,2.76µm
_02924_,2.76µm
_03237_,2.76µm
_03321_,2.76µm
_03923_,2.76µm
_04223_,2.76µm
_04284_,2.76µm
_04430_,2.76µm
_04567_,2.76µm
_04678_,2.76µm
_04741_,2.76µm
_05813_,2.76µm
_05897_,2.76µm
_02078_,2.755µm
_03490_,2.755µm
_05166_,2.755µm
_05699_,2.755µm
_06003_,2.755µm
_01986_,2.71µm
_05782_,2.71µm
_02153_,2.7µm
_02463_,2.7µm
_02540_,2.7µm
_02586_,2.7µm
_03510_,2.7µm
_02655_,2.665µm
_01212_,2.66µm
_01270_,2.66µm
_02883_,2.66µm
_02913_,2.66µm
_03362_,2.66µm
_03441_,2.66µm
_03564_,2.66µm
_03660_,2.66µm
_03759_,2.66µm
_04824_,2.66µm
_05926_,2.66µm
_05941_,2.66µm
net3005,2.66µm
net3110,2.66µm
_02393_,2.65µm
_04149_,2.65µm
_04268_,2.65µm
_04280_,2.65µm
_04288_,2.65µm
_05476_,2.65µm
_05569_,2.65µm
_04462_,2.645µm
_04619_,2.64µm
_01239_,2.6µm
_00730_,2.59µm
_02582_,2.59µm
_05795_,2.59µm
_00060_,2.58µm
_01150_,2.58µm
_01168_,2.58µm
_01251_,2.58µm
_01256_,2.58µm
_01277_,2.58µm
_01298_,2.58µm
_02083_,2.58µm
_03762_,2.545µm
_04279_,2.545µm
_04670_,2.545µm
_02858_,2.53µm
_01238_,2.52µm
_01584_,2.52µm
_01602_,2.52µm
_01635_,2.52µm
_01878_,2.52µm
_02054_,2.52µm
_02155_,2.52µm
_02160_,2.52µm
_02466_,2.52µm
_02527_,2.52µm
_02659_,2.52µm
_02739_,2.52µm
_02847_,2.52µm
_03010_,2.52µm
_03048_,2.52µm
_03086_,2.52µm
_03602_,2.52µm
_03784_,2.52µm
_03824_,2.52µm
_03895_,2.52µm
_03910_,2.52µm
_04838_,2.52µm
_04942_,2.52µm
_05371_,2.52µm
_05508_,2.52µm
_05731_,2.52µm
_05816_,2.52µm
u_picorv32.pcpi_rs1\[25\],2.52µm
net3010,2.52µm
net3021,2.52µm
net3031,2.52µm
net3040,2.52µm
net3044,2.52µm
net3058,2.52µm
net3070,2.52µm
net3077,2.52µm
net3080,2.52µm
net3082,2.52µm
net3084,2.52µm
net3099,2.52µm
_03872_,2.49µm
_05753_,2.45µm
net3088,2.4µm
net3158,2.4µm
_00406_,2.37µm
_00414_,2.37µm
_00483_,2.37µm
_00500_,2.37µm
_00508_,2.37µm
_00612_,2.37µm
_00645_,2.37µm
_01017_,2.37µm
_01415_,2.34µm
_03443_,2.34µm
_04939_,2.31µm
_05910_,2.29µm
_00736_,2.28µm
_00768_,2.28µm
_01449_,2.28µm
_01683_,2.28µm
_01811_,2.28µm
_02000_,2.28µm
_02085_,2.28µm
_02189_,2.28µm
_02205_,2.28µm
_02275_,2.28µm
_02321_,2.28µm
_02391_,2.28µm
_02423_,2.28µm
_02554_,2.28µm
_02947_,2.28µm
_03670_,2.28µm
_03714_,2.28µm
_03881_,2.28µm
_04222_,2.28µm
_04277_,2.28µm
_04321_,2.28µm
_04404_,2.28µm
_04594_,2.28µm
_04690_,2.28µm
_04897_,2.28µm
_05374_,2.28µm
_05378_,2.28µm
_05580_,2.28µm
_05880_,2.28µm
_01383_,2.275µm
_03707_,2.275µm
_04512_,2.275µm
_05940_,2.275µm
_00311_,2.22µm
_00789_,2.22µm
_00838_,2.22µm
_01029_,2.22µm
_01819_,2.22µm
_01853_,2.22µm
_05972_,2.22µm
_00441_,2.215µm
_02684_,2.215µm
_01413_,2.185µm
_01137_,2.18µm
_01276_,2.18µm
_04853_,2.18µm
net3086,2.18µm
_03683_,2.175µm
_00074_,2.17µm
_00152_,2.17µm
_00243_,2.17µm
_00537_,2.17µm
_00601_,2.17µm
_00707_,2.17µm
_00795_,2.17µm
_00890_,2.17µm
_00893_,2.17µm
_01141_,2.17µm
_01485_,2.17µm
_02180_,2.17µm
_03170_,2.17µm
_03208_,2.17µm
_03831_,2.17µm
_04347_,2.17µm
_04892_,2.17µm
_05401_,2.17µm
_05424_,2.17µm
_03114_,2.16µm
_03248_,2.13µm
_01164_,2.1µm
_01179_,2.1µm
_01206_,2.1µm
_01285_,2.1µm
_01381_,2.1µm
_01389_,2.1µm
_04932_,2.07µm
_04626_,2.045µm
_02307_,1.985µm
_03548_,1.935µm
_03317_,1.92µm
_03788_,1.92µm
net3033,1.92µm
net3060,1.92µm
net3127,1.92µm
_03765_,1.905µm
_03958_,1.9µm
_00360_,1.89µm
_01095_,1.89µm
_02532_,1.87µm
net3117,1.865µm
_01533_,1.86µm
_02575_,1.86µm
_04342_,1.82µm
_05770_,1.81µm
_00029_,1.8µm
_00036_,1.8µm
_00070_,1.8µm
_00077_,1.8µm
_00082_,1.8µm
_00091_,1.8µm
_00159_,1.8µm
_00167_,1.8µm
_00184_,1.8µm
_00186_,1.8µm
_00189_,1.8µm
_00190_,1.8µm
_00191_,1.8µm
_00205_,1.8µm
_00214_,1.8µm
_00225_,1.8µm
_00258_,1.8µm
_00276_,1.8µm
_00277_,1.8µm
_00278_,1.8µm
_00282_,1.8µm
_00290_,1.8µm
_00299_,1.8µm
_00305_,1.8µm
_00307_,1.8µm
_00312_,1.8µm
_00317_,1.8µm
_00320_,1.8µm
_00385_,1.8µm
_00387_,1.8µm
_00389_,1.8µm
_00398_,1.8µm
_00417_,1.8µm
_00418_,1.8µm
_00420_,1.8µm
_00426_,1.8µm
_00433_,1.8µm
_00436_,1.8µm
_00439_,1.8µm
_00454_,1.8µm
_00458_,1.8µm
_00472_,1.8µm
_00485_,1.8µm
_00495_,1.8µm
_00515_,1.8µm
_00538_,1.8µm
_00542_,1.8µm
_00546_,1.8µm
_00550_,1.8µm
_00562_,1.8µm
_00572_,1.8µm
_00573_,1.8µm
_00576_,1.8µm
_00577_,1.8µm
_00580_,1.8µm
_00582_,1.8µm
_00586_,1.8µm
_00587_,1.8µm
_00596_,1.8µm
_00597_,1.8µm
_00598_,1.8µm
_00602_,1.8µm
_00603_,1.8µm
_00605_,1.8µm
_00620_,1.8µm
_00662_,1.8µm
_00680_,1.8µm
_00687_,1.8µm
_00689_,1.8µm
_00690_,1.8µm
_00693_,1.8µm
_00697_,1.8µm
_00699_,1.8µm
_00703_,1.8µm
_00708_,1.8µm
_00709_,1.8µm
_00713_,1.8µm
_00719_,1.8µm
_00721_,1.8µm
_00727_,1.8µm
_00731_,1.8µm
_00732_,1.8µm
_00769_,1.8µm
_00770_,1.8µm
_00779_,1.8µm
_00783_,1.8µm
_00785_,1.8µm
_00787_,1.8µm
_00798_,1.8µm
_00800_,1.8µm
_00830_,1.8µm
_00832_,1.8µm
_00833_,1.8µm
_00837_,1.8µm
_00842_,1.8µm
_00846_,1.8µm
_00847_,1.8µm
_00855_,1.8µm
_00857_,1.8µm
_00861_,1.8µm
_00869_,1.8µm
_00873_,1.8µm
_00878_,1.8µm
_00883_,1.8µm
_00884_,1.8µm
_00885_,1.8µm
_00888_,1.8µm
_00889_,1.8µm
_00896_,1.8µm
_00898_,1.8µm
_00904_,1.8µm
_00906_,1.8µm
_00907_,1.8µm
_00914_,1.8µm
_00922_,1.8µm
_00923_,1.8µm
_00935_,1.8µm
_00943_,1.8µm
_00949_,1.8µm
_00960_,1.8µm
_00963_,1.8µm
_00983_,1.8µm
_00987_,1.8µm
_00997_,1.8µm
_01008_,1.8µm
_01024_,1.8µm
_01026_,1.8µm
_01027_,1.8µm
_01033_,1.8µm
_01044_,1.8µm
_01045_,1.8µm
_01046_,1.8µm
_01054_,1.8µm
_01104_,1.8µm
_01154_,1.8µm
_01210_,1.8µm
_01259_,1.8µm
_01260_,1.8µm
_01263_,1.8µm
_01328_,1.8µm
_01329_,1.8µm
_01341_,1.8µm
_01342_,1.8µm
_01345_,1.8µm
_01349_,1.8µm
_01367_,1.8µm
_01373_,1.8µm
_01410_,1.8µm
_01426_,1.8µm
_01433_,1.8µm
_01437_,1.8µm
_01444_,1.8µm
_01454_,1.8µm
_01483_,1.8µm
_01484_,1.8µm
_01501_,1.8µm
_01529_,1.8µm
_01692_,1.8µm
_01789_,1.8µm
_01875_,1.8µm
_02123_,1.8µm
_02309_,1.8µm
_02360_,1.8µm
_02493_,1.8µm
_02598_,1.8µm
_02601_,1.8µm
_02623_,1.8µm
_02644_,1.8µm
_02668_,1.8µm
_02689_,1.8µm
_02733_,1.8µm
_02750_,1.8µm
_03021_,1.8µm
_03160_,1.8µm
_03344_,1.8µm
_03491_,1.8µm
_03620_,1.8µm
_03645_,1.8µm
_03655_,1.8µm
_03663_,1.8µm
_03790_,1.8µm
_03841_,1.8µm
_03986_,1.8µm
_04012_,1.8µm
_04015_,1.8µm
_04203_,1.8µm
_04494_,1.8µm
_04608_,1.8µm
_04681_,1.8µm
_04756_,1.8µm
_04758_,1.8µm
_04891_,1.8µm
_05353_,1.8µm
_05366_,1.8µm
_05395_,1.8µm
_05447_,1.8µm
_05631_,1.8µm
_05821_,1.8µm
_05851_,1.8µm
_05870_,1.8µm
_06002_,1.8µm
_06006_,1.8µm
_04105_,1.795µm
net3142,1.795µm
_01180_,1.7µm
_01273_,1.7µm
_01577_,1.7µm
_02129_,1.7µm
_03804_,1.7µm
_04291_,1.7µm
_01250_,1.62µm
_00023_,1.59µm
_00064_,1.59µm
_00255_,1.59µm
_00260_,1.59µm
_00314_,1.59µm
_00419_,1.59µm
_00593_,1.59µm
_00872_,1.59µm
_00970_,1.59µm
_01097_,1.59µm
_03594_,1.46µm
_03662_,1.46µm
_02138_,1.44µm
_02791_,1.44µm
_03143_,1.44µm
_03124_,1.435µm
_00096_,1.38µm
_00114_,1.38µm
_01462_,1.38µm
_02986_,1.38µm
_03043_,1.38µm
_03277_,1.38µm
_03698_,1.38µm
_03708_,1.38µm
_04055_,1.38µm
_04143_,1.38µm
_04408_,1.38µm
_05532_,1.38µm
_05647_,1.38µm
_05949_,1.38µm
_05952_,1.38µm
_05964_,1.38µm
_05970_,1.38µm
_02006_,1.37µm
_03723_,1.145µm
_05677_,0.98µm
_01171_,0.96µm
_01174_,0.96µm
_01178_,0.96µm
_01184_,0.96µm
_01223_,0.96µm
_01231_,0.96µm
_01278_,0.96µm
_01281_,0.96µm
_01288_,0.96µm
_01315_,0.96µm
_01446_,0.96µm
_01460_,0.96µm
_01465_,0.96µm
_02297_,0.96µm
_02311_,0.96µm
_02516_,0.96µm
_02805_,0.96µm
_02820_,0.96µm
_03067_,0.96µm
_03158_,0.96µm
_03700_,0.96µm
_03756_,0.96µm
_03777_,0.96µm
_04910_,0.96µm
net3013,0.96µm
net3023,0.96µm
net3053,0.96µm
net3055,0.96µm
net3062,0.96µm
net3066,0.96µm
net3074,0.96µm
net3095,0.96µm
net3133,0.96µm
net3150,0.96µm
net3155,0.96µm
_02531_,0.925µm
