net,length_um
clknet_0_clk_i,1.6327mm
net821,875.395µm
net636,867.2µm
net314,767.38µm
net432,758.165µm
net384,753.095µm
net559,752.915µm
net918,739.94µm
net379,721.18µm
net545,716.025µm
net418,715.98µm
net1142,713.42µm
net934,713.32µm
net1407,712.995µm
_00004_,710.865µm
net557,708.5µm
net1366,704.24µm
net574,703.32µm
net566,698.74µm
net1364,696.2µm
net381,693.155µm
net511,689.255µm
net321,688.02µm
net298,685.785µm
net301,682.42µm
net400,678.195µm
net1588,677.04µm
net515,673.875µm
net512,669.935µm
net312,669.365µm
net424,669.13µm
net819,668.545µm
net297,666.1µm
net1343,665.9µm
net373,665.71µm
net520,665.2µm
net547,663.72µm
net366,660.95µm
net392,659.005µm
net516,654.97µm
net534,652.925µm
net376,652.825µm
net1378,651.61µm
net413,648.31µm
net1377,648.15µm
net1379,647.585µm
net549,647.155µm
net91,646.5µm
net551,645.79µm
net901,645.035µm
net504,642.885µm
net1361,642.22µm
net374,641.07µm
net1564,635.67µm
net302,635.38µm
net315,634.19µm
net540,633.985µm
net572,633.92µm
net1365,633.725µm
net66,631.6µm
net450,630.525µm
net370,630.115µm
net508,628.03µm
net1376,626.66µm
net421,625.29µm
net550,624.5µm
net524,623.735µm
net665,623.115µm
net479,622.255µm
net445,620.075µm
net543,619.26µm
net63,618.08µm
net407,616.665µm
net1589,613.51µm
net317,611.375µm
net449,610.85µm
net387,610.845µm
net544,610.07µm
net65,609.92µm
net1360,609.47µm
net1563,607.525µm
net443,606.975µm
net555,606.75µm
net578,606.11µm
net1371,605.54µm
net1374,605.2µm
net423,605.02µm
net64,604.4µm
net438,604.1µm
net1375,603.85µm
net437,603.57µm
net905,601.63µm
net68,600.715µm
net632,600.71µm
net917,600.56µm
net904,599.845µm
net844,599.725µm
net529,599.2µm
net542,596.92µm
net570,596.225µm
net531,596.195µm
net553,595.835µm
net67,595.15µm
net582,593.85µm
clk_i,591.61µm
net451,590.58µm
net533,590.25µm
net484,589.75µm
net308,588.77µm
net1359,588.715µm
net1372,588.48µm
net1370,588.32µm
net1373,586.65µm
net454,586.335µm
net1369,584.42µm
_02812_,583.78µm
net1363,583.29µm
net377,582.245µm
net433,581.5µm
net398,579.125µm
net541,578.45µm
net431,577.09µm
net425,576.1µm
net1060,576.065µm
net816,575.74µm
net806,574.305µm
net1357,573.65µm
net40,573.01µm
net39,571.68µm
net509,570.86µm
net416,568.84µm
net1368,565.325µm
_02842_,564.2µm
net383,562.77µm
net1362,561.87µm
net304,560.635µm
net838,558.885µm
net41,558.58µm
net1367,558.365µm
net637,558.085µm
net1520,557.94µm
net548,555.36µm
net417,554.635µm
net409,554.425µm
net743,554µm
net367,551.44µm
net483,549.84µm
net526,548.725µm
net1411,545.305µm
net1054,545.285µm
net480,542.845µm
net914,542.69µm
net530,542.18µm
net313,540.915µm
net1380,540.49µm
net1392,536.44µm
_02874_,534.395µm
net581,532.69µm
net436,532.045µm
_00007_,530.445µm
net912,530.23µm
net528,530.14µm
net403,529.74µm
_00001_,529.475µm
net1408,525.465µm
net536,523.785µm
net42,522.86µm
net535,521.855µm
net537,521.165µm
net94,519.79µm
net43,519.385µm
net414,518.145µm
net448,518.11µm
net769,516.595µm
net820,516.55µm
net1153,516.075µm
net521,509.865µm
net404,507.79µm
net415,505.425µm
net44,504.365µm
net513,502.425µm
net850,500.91µm
net1399,496.325µm
net410,495.26µm
net382,493.7µm
net429,491.485µm
net1405,490.39µm
net1410,488.83µm
net527,488.785µm
net375,488.31µm
net906,485.16µm
net693,477.525µm
net927,475.735µm
net568,473.845µm
net406,472.62µm
net576,472.6µm
net299,472.53µm
net1354,472.53µm
net266,472.105µm
net1355,469.56µm
net1358,468.81µm
net1152,464.935µm
net319,464.515µm
net316,463.3µm
net324,462.955µm
net889,460.755µm
net420,460.04µm
net562,459.83µm
net915,459.39µm
net719,458.73µm
net1390,457.815µm
_02988_,457.545µm
net1248,452.38µm
net55,450.93µm
_05151_,449.71µm
net1002,448.11µm
net505,446.02µm
_02807_,445.72µm
net412,445.425µm
_00000_,442.17µm
net27,442.065µm
net564,441.87µm
_05073_,440.145µm
net1412,439.085µm
_02848_,438.85µm
net922,438.135µm
net740,437.08µm
net1281,435.365µm
u_picorv32.picorv32_core.cpu_state\[3\],435.115µm
net539,434.87µm
net907,434.82µm
net908,433.72µm
net1404,432.99µm
net809,432.765µm
_02984_,432.025µm
net396,431.235µm
net1266,427.775µm
net1562,427.75µm
net849,427.66µm
net397,427.48µm
_00006_,426.735µm
net924,426.635µm
net532,426.475µm
u_picorv32.picorv32_core.decoded_imm\[14\],425.88µm
net1393,425.775µm
net949,424.04µm
net53,421.88µm
net900,421.52µm
net772,420.405µm
net19,419.935µm
u_picorv32.picorv32_core.decoded_imm\[30\],419.505µm
net395,419.45µm
net49,419.22µm
net1545,418.15µm
net1429,417.715µm
net422,417.18µm
net1046,416.625µm
_02996_,416.565µm
net1048,416.2µm
net46,415.29µm
_01588_,413.355µm
net1278,412.56µm
net1037,412.265µm
net599,411.435µm
net48,410.96µm
net18,410.88µm
_02691_,410.41µm
net507,409.85µm
net519,409.07µm
u_picorv32.picorv32_core.reg_pc\[11\],408.97µm
net428,408.38µm
net1356,408.375µm
net858,407.525µm
net1078,407.12µm
net797,406.47µm
_04393_,406.27µm
net442,406.11µm
net427,405.78µm
net1388,405.38µm
net919,404.43µm
net1351,404.23µm
net1353,402.86µm
net911,402.715µm
net60,401.715µm
_00009_,401.52µm
net843,401.445µm
net931,400.91µm
u_picorv32.pcpi_rs2\[23\],400.145µm
net1245,399.685µm
net1396,399.64µm
net307,399.325µm
net579,398.485µm
net1154,397.33µm
net1460,397.06µm
net1352,396.31µm
_04969_,396.1µm
net58,395.29µm
net1402,395.2µm
net1587,394.905µm
net630,394.44µm
net1081,394.155µm
net1395,393.445µm
net1230,393.1µm
net634,393.09µm
net897,392.12µm
net567,391.65µm
_05228_,391.64µm
net24,391.445µm
net22,390.025µm
_03020_,389.975µm
net434,389.925µm
_04996_,389.59µm
net913,389.085µm
net705,388.945µm
_05138_,388.09µm
net1224,387.63µm
net388,387.02µm
u_picorv32.picorv32_core.decoded_imm\[7\],386.295µm
net1290,384.92µm
_00003_,384.815µm
_05086_,384.67µm
u_picorv32.picorv32_core.decoded_imm\[22\],384.13µm
_02981_,383.415µm
u_picorv32.picorv32_core.decoded_imm\[28\],382.845µm
net430,382.795µm
net825,382.435µm
u_picorv32.picorv32_core.mem_rdata_q\[14\],382.425µm
net496,382.035µm
net1263,381.79µm
_01657_,380.99µm
net698,380.705µm
net440,380.4µm
net56,380.15µm
_02932_,379.895µm
net1387,379.725µm
net1260,379.12µm
_05177_,378.48µm
net633,378.335µm
net1384,377.72µm
net577,377.315µm
net389,376.865µm
_04982_,375.24µm
net446,374.63µm
net817,373.235µm
net575,373.155µm
u_picorv32.picorv32_core.decoded_imm\[20\],371.23µm
net61,370.04µm
net523,369.735µm
_00005_,369.12µm
net16,369.02µm
u_picorv32.pcpi_rs2\[22\],368.445µm
net866,368.335µm
net394,367.57µm
net261,367.11µm
net841,364.61µm
net14,364.585µm
net305,364.545µm
net518,364.525µm
net1403,363.37µm
net853,363.255µm
net17,362.43µm
net455,362.36µm
_01618_,361.69µm
net560,361.45µm
net1557,361.17µm
net807,360.45µm
net102,359.95µm
u_picorv32.pcpi_rs2\[20\],359.48µm
u_picorv32.picorv32_core.decoded_imm\[23\],359.465µm
_02852_,359.35µm
net963,358.93µm
net569,358.62µm
u_picorv32.picorv32_core.decoded_imm\[11\],358.435µm
net45,358.16µm
net322,357.17µm
net25,356.955µm
u_picorv32.picorv32_core.decoded_imm_j\[11\],356.675µm
net1580,355.785µm
net1287,355.375µm
net21,354.685µm
net929,354.51µm
net23,354.465µm
net1239,354.265µm
net588,354.04µm
net13,353.72µm
u_picorv32.pcpi_rs2\[26\],352.99µm
net1519,352.72µm
net1256,352.67µm
net1236,351.79µm
net57,349.975µm
net623,349.355µm
net837,349.1µm
_05482_,348.86µm
net1233,347.83µm
net847,347.02µm
net28,346.865µm
net1443,346.665µm
net371,346.59µm
_01615_,346.465µm
net52,346.285µm
u_picorv32.pcpi_rs2\[19\],346.245µm
net690,346.11µm
u_picorv32.picorv32_core.decoded_imm\[26\],345.86µm
net981,345.34µm
net631,344.41µm
u_picorv32.picorv32_core.decoder_trigger,344.155µm
_05021_,344.15µm
net848,343.705µm
net1019,343.54µm
net11,342.46µm
u_picorv32.pcpi_rs2\[27\],341.8µm
net20,341.6µm
net770,341.35µm
net411,341.095µm
u_picorv32.pcpi_rs2\[29\],341.02µm
net38,340.74µm
net1394,340.54µm
net141,340.275µm
net369,340.205µm
net453,339.665µm
net854,339.64µm
net393,339.395µm
net1490,337.065µm
u_picorv32.picorv32_core.latched_branch,336.865µm
clknet_5_26__leaf_clk_i,336.85µm
u_picorv32.picorv32_core.decoded_imm\[10\],336.155µm
u_picorv32.picorv32_core.decoded_imm\[8\],335.545µm
net1162,334.985µm
_02695_,334.93µm
net51,334.38µm
net323,334.295µm
_02798_,334.12µm
net933,332.35µm
net426,330.58µm
net833,329.54µm
net12,329.095µm
net1321,329.04µm
net1062,328.93µm
net703,328.87µm
net1272,328.835µm
u_picorv32.picorv32_core.decoded_imm\[27\],327.205µm
u_picorv32.picorv32_core.is_lui_auipc_jal,326.63µm
_04260_,326.34µm
net1414,326.02µm
net1252,325.05µm
u_picorv32.picorv32_core.decoded_imm\[18\],324.16µm
_05099_,324.08µm
net1150,323.55µm
net54,322.98µm
net590,322.955µm
net1325,322.625µm
net405,321.34µm
u_picorv32.picorv32_core.reg_pc\[1\],321.215µm
net50,320.6µm
net101,319.39µm
net1176,319.365µm
net1382,319.365µm
net1222,319.3µm
net714,317.075µm
net1082,316.495µm
u_picorv32.picorv32_core.decoded_imm\[25\],316.41µm
net408,314.34µm
net447,313.97µm
net482,313.4µm
net435,313.16µm
u_picorv32.picorv32_core.decoded_imm\[17\],312.93µm
_01609_,312.06µm
net773,311.405µm
u_picorv32.pcpi_rs1\[21\],311.24µm
net846,311.2µm
net818,311.175µm
net47,310.64µm
net845,309.71µm
net1226,309.625µm
_02837_,309.615µm
net1066,309.46µm
net580,309.325µm
net830,309.215µm
net489,308.77µm
_04941_,308.64µm
_01614_,308.08µm
net1192,307.83µm
net1316,307.765µm
u_picorv32.pcpi_rs2\[28\],307.35µm
net303,307.34µm
net552,307.02µm
net270,305.925µm
net792,305.8µm
net751,305.22µm
net1242,305.005µm
u_picorv32.pcpi_rs1\[27\],304.68µm
_05726_,304.58µm
net795,304.08µm
net390,303.81µm
u_picorv32.picorv32_core.decoded_imm\[19\],302.69µm
_02822_,302.64µm
net1462,301.865µm
_03350_,301.31µm
net1406,300.69µm
net1165,299.305µm
net269,299.295µm
_05778_,299.275µm
net717,299.275µm
net1071,299.21µm
net587,298.565µm
net1275,298.115µm
net982,298.055µm
u_picorv32.picorv32_core.decoded_imm\[13\],297.735µm
net828,297.345µm
net1312,296.69µm
u_picorv32.picorv32_core.decoded_imm\[15\],296.035µm
net525,295.78µm
net1383,295.57µm
net1053,295.54µm
net36,294.995µm
net1386,294.525µm
u_picorv32.picorv32_core.decoded_imm\[24\],292.99µm
_02694_,292.915µm
net1065,292.805µm
_03001_,291.925µm
u_picorv32.pcpi_rs2\[21\],290.505µm
net736,290.425µm
net1558,289.55µm
net791,288.725µm
net611,287.66µm
net852,287.605µm
_04039_,287.11µm
net1039,286.615µm
net258,286.16µm
net739,285.99µm
net103,285.37µm
net1416,285.255µm
net1461,284.86µm
net201,284.46µm
net1475,284.125µm
_05749_,283.74µm
net610,282.8µm
net368,282.38µm
_05707_,281.71µm
_05215_,281.65µm
net804,280.735µm
u_picorv32.pcpi_rs2\[31\],280.41µm
net522,279.76µm
net1016,279.5µm
net1544,279.27µm
net728,278.545µm
_01656_,278.48µm
net1164,278.3µm
net680,278.06µm
u_picorv32.picorv32_core.decoded_imm\[29\],277.15µm
net823,276.55µm
net538,276.16µm
net1231,275.885µm
net789,275.49µm
net1207,275.075µm
u_picorv32.pcpi_rs2\[24\],274.89µm
u_picorv32.picorv32_core.decoded_imm_j\[3\],274.88µm
net240,274.82µm
net834,273.93µm
net596,273.68µm
u_picorv32.picorv32_core.decoded_imm\[12\],273.185µm
_05763_,272.765µm
net940,272.765µm
net764,272.505µm
_01613_,272.1µm
net1149,271.795µm
net210,271.62µm
net675,271.555µm
net563,271.175µm
net195,270.92µm
_05732_,270.78µm
u_picorv32.picorv32_core.reg_pc\[8\],270.615µm
net851,270.47µm
_01771_,270.245µm
net293,270.11µm
net895,270.07µm
net1040,269.895µm
u_picorv32.picorv32_core.alu_out\[18\],269.02µm
u_picorv32.pcpi_rs1\[10\],268.905µm
net1518,268.83µm
net1288,268.825µm
net1398,268.765µm
net735,268.725µm
net154,268.38µm
net1425,267.65µm
_05948_,267.37µm
net1049,267.15µm
net1279,267.13µm
net1268,267.025µm
net506,266.83µm
net1575,266.61µm
u_picorv32.picorv32_core.mem_rdata_q\[25\],266.285µm
net960,265.915µm
net1401,264.745µm
u_picorv32.pcpi_rs2\[18\],264.495µm
net1285,263.73µm
net1409,263.33µm
u_picorv32.pcpi_rs2\[15\],263µm
net1434,262.74µm
net1118,262.67µm
net1304,262.385µm
net859,262.335µm
net290,262.19µm
_05571_,262.16µm
net247,262.03µm
net495,261.71µm
net902,261.65µm
net1148,261.61µm
net1269,261.585µm
_03904_,261.31µm
_05593_,261.09µm
net291,260.7µm
_05890_,260.65µm
net591,260.375µm
_04956_,260.3µm
_02827_,260.1µm
net1145,260.085µm
_05009_,259.975µm
_05758_,259.36µm
net1400,259.355µm
net1389,259.16µm
net1559,258.655µm
net222,258.55µm
clknet_leaf_82_clk_i,258.52µm
_05112_,258.13µm
net1084,257.92µm
net761,257.755µm
net1141,257.495µm
net884,257.065µm
net958,256.91µm
net800,256.485µm
u_picorv32.pcpi_rs1\[29\],256.23µm
clknet_5_20__leaf_clk_i,256.185µm
net1527,256.025µm
net288,255.96µm
net1427,255.89µm
net1397,255.125µm
net287,255µm
net228,254.3µm
u_picorv32.picorv32_core.reg_pc\[21\],253.76µm
_04129_,253.465µm
_05737_,253.28µm
net946,253.22µm
net952,253.205µm
clknet_leaf_69_clk_i,253.09µm
net1347,252.83µm
net1437,252.795µm
u_picorv32.picorv32_core.reg_out\[26\],252.585µm
net1413,251.86µm
net936,251.7µm
net1151,251.405µm
net986,251.395µm
_04109_,250.955µm
net1050,250.31µm
net826,250.17µm
_05202_,250µm
net1420,249.28µm
u_picorv32.picorv32_core.latched_rd\[2\],248.865µm
net730,248.855µm
net1014,248.705µm
net827,248.485µm
net225,248.09µm
net1052,248.005µm
net1274,247.36µm
net481,247.24µm
u_picorv32.picorv32_core.mem_rdata_q\[24\],247.085µm
net1123,246.925µm
clknet_5_24__leaf_clk_i,246.92µm
u_picorv32.picorv32_core.reg_out\[24\],246.85µm
net753,246.64µm
net1421,246.49µm
net289,246.385µm
net461,246.215µm
net996,246.055µm
net683,245.94µm
net292,245.905µm
net306,245.425µm
_04528_,245.185µm
_01970_,244.72µm
net452,244.34µm
net1229,244.22µm
net974,243.755µm
net597,243.685µm
net969,243.125µm
_05047_,243.12µm
net947,242.78µm
net824,242.68µm
net857,242.27µm
net1220,242.255µm
net1282,242.245µm
net1227,241.84µm
u_picorv32.pcpi_rs2\[30\],241.83µm
net1170,241.585µm
net1169,241.275µm
net893,241.2µm
u_picorv32.picorv32_core.latched_rd\[0\],241.14µm
net945,241.14µm
net478,241.03µm
net1314,240.995µm
net1276,240.77µm
clknet_5_5__leaf_clk_i,240.745µm
u_picorv32.pcpi_rs2\[16\],240.465µm
net1299,240.355µm
net1001,239.925µm
net1030,239.885µm
net1034,239.455µm
net1111,239.44µm
u_picorv32.picorv32_core.decoded_imm\[31\],238.925µm
u_picorv32.picorv32_core.decoded_imm_j\[2\],238.525µm
u_picorv32.pcpi_rs2\[14\],238.31µm
net822,238.1µm
_05787_,237.61µm
u_picorv32.picorv32_core.reg_pc\[20\],237.515µm
net1324,237.395µm
_05495_,237.325µm
net1457,237.32µm
net1448,237.1µm
net1092,237.075µm
net1453,236.64µm
net1426,236.475µm
u_picorv32.picorv32_core.is_alu_reg_imm,236.45µm
net1025,236.365µm
net1571,236.11µm
net441,235.96µm
u_picorv32.picorv32_core.latched_rd\[3\],235.93µm
net1428,235.915µm
net1265,235.725µm
_05478_,235.7µm
_05522_,234.86µm
net677,234.585µm
net1534,234.575µm
net1262,234.345µm
net1465,234.235µm
net715,233.81µm
net1261,233.39µm
_05545_,233.35µm
net1195,233.32µm
net898,233.29µm
net998,233.15µm
net1029,232.675µm
net856,232.26µm
net1155,232.22µm
net1348,232.16µm
u_picorv32.picorv32_core.reg_pc\[31\],231.985µm
net1297,231.535µm
_03995_,231.14µm
clknet_5_29__leaf_clk_i,231.095µm
_02921_,230.96µm
_05510_,230.73µm
net259,230.65µm
clknet_5_30__leaf_clk_i,230.495µm
net607,230.49µm
net1546,230.195µm
net1586,230.16µm
net241,230.11µm
net1538,230.05µm
net734,229.85µm
net704,229.64µm
net1438,229.57µm
_05125_,229.03µm
net978,228.75µm
net973,228.72µm
u_picorv32.pcpi_rs2\[9\],228.545µm
clknet_5_8__leaf_clk_i,228.39µm
net1264,228.34µm
clknet_5_27__leaf_clk_i,228.2µm
net253,228.15µm
net836,227.66µm
net663,227.44µm
clknet_5_4__leaf_clk_i,227.32µm
_00030_,227.26µm
net1241,227.135µm
u_picorv32.picorv32_core.latched_rd\[4\],227.1µm
net318,226.99µm
net1430,226.99µm
net782,226.955µm
net1122,226.305µm
net471,225.835µm
net964,225.47µm
net948,225.205µm
net1444,224.765µm
net264,224.6µm
u_picorv32.pcpi_rs2\[17\],224.495µm
net762,224.19µm
u_picorv32.picorv32_core.reg_pc\[17\],224.125µm
net494,224.115µm
clknet_5_31__leaf_clk_i,223.87µm
_02972_,223.77µm
net1228,223.6µm
_02796_,223.58µm
u_picorv32.picorv32_core.reg_out\[23\],223.415µm
_02969_,223.2µm
net1435,222.035µm
net1003,221.725µm
_05800_,221.7µm
u_picorv32.pcpi_rs2\[25\],221.61µm
u_picorv32.pcpi_rs1\[2\],221.495µm
net839,220.955µm
net1234,220.85µm
_03849_,220.58µm
net925,220.395µm
net1521,220.275µm
net1104,220.14µm
_01420_,219.19µm
net1277,219.11µm
u_picorv32.picorv32_core.reg_pc\[14\],219µm
net1335,218.93µm
net517,218.83µm
clknet_leaf_57_clk_i,218.785µm
u_picorv32.axi_adapter.mem_instr,218.625µm
net380,218.295µm
clknet_5_0__leaf_clk_i,218.285µm
net554,217.185µm
net977,217.165µm
net1449,217.14µm
net546,216.9µm
_04737_,216.72µm
net662,216.58µm
net695,216.525µm
net1017,216.475µm
net970,216.13µm
net561,216.055µm
net419,215.985µm
net1270,215.855µm
net961,215.785µm
net702,215.78µm
u_picorv32.picorv32_core.decoded_imm\[6\],215.32µm
net1419,215.285µm
clknet_5_16__leaf_clk_i,215.035µm
net234,213.595µm
net758,213.095µm
net1440,212.66µm
net1237,212.245µm
net983,212.135µm
clknet_5_18__leaf_clk_i,212.035µm
net275,211.995µm
net439,211.84µm
net910,211.75µm
net1026,211.745µm
net815,211.69µm
net1432,211.675µm
net950,210.995µm
net1051,210.945µm
u_picorv32.picorv32_core.instr_jalr,210.715µm
net1470,210.555µm
net1568,210.535µm
net935,210.23µm
net674,210.22µm
net932,210.16µm
net1302,209.575µm
_05280_,209.455µm
clknet_leaf_80_clk_i,209.255µm
_02974_,209.235µm
net1214,209.235µm
net1008,209.145µm
net992,209.005µm
net1225,208.955µm
net699,208.645µm
clknet_leaf_81_clk_i,208.53µm
u_picorv32.pcpi_rs2\[5\],208.355µm
net955,208.295µm
clknet_leaf_78_clk_i,208.165µm
net1020,207.905µm
net1033,207.85µm
clknet_leaf_97_clk_i,207.62µm
_01697_,207.565µm
net954,207.08µm
net1310,207.065µm
net1107,206.99µm
u_picorv32.picorv32_core.decoded_imm\[0\],206.605µm
clknet_leaf_63_clk_i,206.375µm
net1010,205.905µm
_05896_,205.875µm
clknet_5_1__leaf_clk_i,205.785µm
net1271,205.72µm
u_picorv32.pcpi_rs2\[13\],205.715µm
clknet_5_15__leaf_clk_i,205.7µm
net1293,205.61µm
_01962_,205.25µm
net711,205.035µm
net1045,205.005µm
net921,204.99µm
net1089,204.93µm
_01967_,204.83µm
_02615_,204.73µm
net1175,204.7µm
net1467,204.08µm
net831,204.025µm
net1326,203.67µm
clknet_5_25__leaf_clk_i,203.585µm
net707,203.57µm
net1000,203.245µm
net1452,203.23µm
net989,202.92µm
clknet_5_7__leaf_clk_i,202.88µm
net909,202.625µm
net765,202.37µm
net888,202.245µm
net1456,202.2µm
_02864_,202.15µm
net1188,202.14µm
net1101,201.99µm
net984,201.975µm
_05405_,201.67µm
clknet_leaf_47_clk_i,201.635µm
net1273,201.585µm
net608,201.49µm
net1415,201.345µm
clknet_5_9__leaf_clk_i,201.28µm
clknet_leaf_27_clk_i,201.22µm
net760,201.095µm
net1532,200.57µm
net1533,200.375µm
u_picorv32.pcpi_rs2\[4\],200.205µm
net1218,200.205µm
net939,200.115µm
net723,200.1µm
net885,200.08µm
_01704_,200.04µm
clknet_leaf_12_clk_i,199.79µm
net700,199.77µm
net179,199.74µm
net1061,199.73µm
clknet_leaf_19_clk_i,199.55µm
net966,199.465µm
clknet_leaf_92_clk_i,199.405µm
net1167,199.205µm
net1119,199.06µm
_03948_,198.97µm
_03004_,198.29µm
u_picorv32.picorv32_core.reg_out\[22\],198.18µm
net1442,198.125µm
net595,198.12µm
net3261,198.115µm
net1549,197.95µm
net1447,197.845µm
net1143,197.56µm
_01935_,197.33µm
_01931_,197.1µm
u_picorv32.picorv32_core.latched_rd\[1\],196.96µm
net1556,196.92µm
net811,196.89µm
clknet_leaf_91_clk_i,196.89µm
net943,196.82µm
net788,196.72µm
net941,196.6µm
net1100,196.56µm
clknet_leaf_72_clk_i,196.555µm
net1537,196.415µm
net1471,196.21µm
clknet_leaf_128_clk_i,196.095µm
net727,196.01µm
net1191,195.955µm
net1295,195.485µm
_02915_,195.3µm
net1088,194.78µm
u_picorv32.pcpi_rs2\[0\],194.72µm
clknet_leaf_54_clk_i,194.715µm
_01775_,194.405µm
net676,194.405µm
net1022,194.38µm
net920,194.275µm
net829,194.265µm
net696,194.26µm
net1445,194.165µm
net399,194.12µm
u_picorv32.pcpi_rs1\[4\],193.87µm
net1523,193.855µm
_02965_,193.15µm
net957,193.14µm
u_picorv32.picorv32_core.reg_out\[19\],193.03µm
net865,192.845µm
net813,192.825µm
clknet_5_13__leaf_clk_i,192.775µm
clknet_leaf_3_clk_i,192.72µm
clknet_leaf_11_clk_i,192.665µm
_05415_,192.6µm
_02911_,192.5µm
u_picorv32.picorv32_core.decoded_imm\[5\],192.37µm
net754,192.36µm
net1028,192.245µm
u_picorv32.picorv32_core.decoded_imm_j\[14\],191.675µm
net1451,191.55µm
net672,191.375µm
_05466_,191.11µm
net1322,191.085µm
net835,190.935µm
clknet_5_19__leaf_clk_i,190.89µm
_04064_,190.69µm
clknet_5_17__leaf_clk_i,190.525µm
_05352_,190.5µm
net1480,190.43µm
net309,190.02µm
_05384_,189.92µm
net1069,189.86µm
net796,189.62µm
_05332_,189.54µm
clknet_leaf_129_clk_i,189.4µm
clknet_5_23__leaf_clk_i,189.4µm
net1086,189.305µm
net993,188.89µm
net1115,188.615µm
u_picorv32.picorv32_core.count_cycle\[61\],188.595µm
net1177,188.245µm
net785,188.24µm
u_picorv32.picorv32_core.decoded_imm_j\[13\],188.105µm
clknet_5_22__leaf_clk_i,187.75µm
_05345_,187.68µm
u_picorv32.picorv32_core.instr_ori,187.635µm
net671,187.46µm
net738,187.43µm
net1206,187.39µm
net991,186.73µm
net1550,186.63µm
clknet_leaf_123_clk_i,186.58µm
clknet_leaf_108_clk_i,186.575µm
net1554,186.13µm
clknet_leaf_126_clk_i,185.92µm
u_picorv32.picorv32_core.reg_pc\[13\],185.865µm
net896,185.75µm
_04193_,185.65µm
_05190_,185.31µm
clknet_leaf_51_clk_i,184.945µm
net1455,184.895µm
net1243,184.755µm
clknet_leaf_86_clk_i,184.315µm
_05373_,184.02µm
u_picorv32.picorv32_core.reg_pc\[30\],183.885µm
_04672_,183.865µm
u_picorv32.pcpi_rs1\[1\],183.8µm
u_picorv32.picorv32_core.reg_pc\[19\],183.305µm
net972,183.145µm
net1423,182.96µm
clknet_leaf_18_clk_i,182.855µm
_03339_,182.745µm
u_picorv32.picorv32_core.decoded_imm_j\[12\],182.655µm
net1215,182.525µm
net875,182.3µm
_01919_,182.2µm
_02832_,182.17µm
u_picorv32.picorv32_core.decoded_imm_j\[5\],181.96µm
_02899_,181.95µm
clknet_leaf_117_clk_i,181.95µm
_02990_,181.87µm
u_picorv32.picorv32_core.reg_pc\[6\],181.795µm
net994,181.63µm
net803,181.57µm
u_picorv32.pcpi_rs2\[8\],181.33µm
net1531,180.76µm
clknet_leaf_70_clk_i,180.595µm
u_picorv32.picorv32_core.decoded_imm\[3\],180.235µm
clknet_5_2__leaf_clk_i,180.13µm
u_picorv32.pcpi_rs1\[28\],180.09µm
u_picorv32.picorv32_core.alu_out_q\[17\],179.88µm
clknet_leaf_113_clk_i,179.825µm
clknet_leaf_119_clk_i,179.78µm
net1012,179.44µm
u_picorv32.picorv32_core.instr_or,179.31µm
clknet_leaf_56_clk_i,179.285µm
net942,179.05µm
net490,179.04µm
clknet_leaf_66_clk_i,178.95µm
net3244,178.89µm
clknet_leaf_76_clk_i,178.77µm
clknet_leaf_88_clk_i,178.77µm
net1246,178.71µm
net783,178.7µm
u_picorv32.picorv32_core.latched_stalu,178.555µm
net1201,178.51µm
_01920_,178.48µm
_02983_,178.405µm
net629,178.405µm
net1240,178.26µm
net268,178.125µm
clknet_leaf_115_clk_i,178.1µm
net1072,178.085µm
clknet_leaf_112_clk_i,177.99µm
net1163,177.945µm
_05748_,177.91µm
u_picorv32.pcpi_rs2\[7\],177.905µm
net1476,177.87µm
net1478,177.715µm
u_picorv32.pcpi_rs1\[0\],177.57µm
clknet_leaf_121_clk_i,177.455µm
net1509,177.335µm
net1494,177.32µm
_05060_,177.3µm
_02991_,177.22µm
u_picorv32.picorv32_core.decoded_imm\[4\],177.095µm
_05776_,176.94µm
clknet_leaf_93_clk_i,176.77µm
net1381,176.755µm
clknet_leaf_40_clk_i,176.755µm
net628,176.715µm
_02938_,176.695µm
net1292,176.36µm
_02345_,176.32µm
net1172,176.305µm
net1291,175.825µm
net664,175.645µm
net892,175.34µm
clknet_leaf_125_clk_i,175.03µm
net1486,174.715µm
clknet_leaf_22_clk_i,174.675µm
net3237,174.54µm
net879,174.185µm
net493,173.935µm
clknet_leaf_15_clk_i,173.925µm
net1121,173.91µm
net745,173.77µm
clknet_leaf_32_clk_i,173.735µm
net1223,173.675µm
u_picorv32.picorv32_core.mem_wordsize\[1\],173.61µm
net1525,173.595µm
net1566,173.455µm
clknet_leaf_116_clk_i,173.33µm
clknet_leaf_10_clk_i,173.295µm
clknet_5_21__leaf_clk_i,173.23µm
net3246,173.12µm
clknet_leaf_24_clk_i,172.995µm
u_picorv32.picorv32_core.reg_out\[20\],172.95µm
net706,172.905µm
clknet_leaf_55_clk_i,172.505µm
net1441,172.49µm
net701,172.415µm
net1320,172.225µm
u_picorv32.picorv32_core.is_lb_lh_lw_lbu_lhu,172.205µm
u_picorv32.picorv32_core.alu_out\[31\],171.86µm
clknet_leaf_99_clk_i,171.745µm
u_picorv32.picorv32_core.latched_is_lb,171.675µm
clknet_leaf_96_clk_i,171.545µm
clknet_leaf_133_clk_i,171.045µm
clknet_leaf_52_clk_i,170.92µm
u_picorv32.picorv32_core.alu_out_q\[16\],170.52µm
net976,170.46µm
_02905_,170.43µm
u_picorv32.pcpi_rs2\[11\],170.24µm
net774,170.225µm
_05594_,170.22µm
_05459_,170.07µm
net3251,169.86µm
clknet_leaf_90_clk_i,169.815µm
net1289,169.76µm
_01774_,169.73µm
clknet_5_28__leaf_clk_i,169.71µm
_01922_,169.655µm
clknet_leaf_79_clk_i,169.64µm
net1561,169.505µm
net1251,169.44µm
clknet_leaf_26_clk_i,169.145µm
net1200,169.09µm
net598,168.93µm
clknet_leaf_61_clk_i,168.905µm
net1323,168.655µm
net1536,168.56µm
net1474,168.51µm
clknet_leaf_38_clk_i,168.45µm
net1385,168.27µm
net794,168.11µm
net1560,168.015µm
net223,168.01µm
_02861_,167.915µm
clknet_leaf_89_clk_i,167.81µm
net444,167.76µm
clknet_leaf_42_clk_i,167.695µm
clknet_leaf_114_clk_i,167.695µm
clknet_leaf_60_clk_i,167.625µm
net1431,167.535µm
net1422,167.515µm
net1183,167.27µm
clknet_leaf_34_clk_i,167.25µm
clknet_leaf_130_clk_i,166.975µm
net863,166.93µm
net1217,166.92µm
clknet_leaf_53_clk_i,166.88µm
net669,166.86µm
net750,166.845µm
_05696_,166.76µm
clknet_5_3__leaf_clk_i,166.695µm
clknet_leaf_87_clk_i,166.69µm
net1032,166.585µm
net1500,166.53µm
clknet_leaf_77_clk_i,166.51µm
_05446_,166.44µm
clknet_leaf_103_clk_i,166.405µm
net1573,166.3µm
net1567,166.27µm
net771,166.2µm
clknet_leaf_106_clk_i,166.14µm
clknet_leaf_46_clk_i,166.09µm
net1108,165.975µm
u_picorv32.picorv32_core.latched_is_lh,165.67µm
u_picorv32.pcpi_rs2\[3\],165.65µm
clknet_leaf_30_clk_i,165.48µm
_02922_,165.39µm
u_picorv32.picorv32_core.reg_pc\[23\],164.975µm
u_picorv32.picorv32_core.is_beq_bne_blt_bge_bltu_bgeu,164.935µm
net894,164.88µm
net294,164.77µm
net254,164.76µm
_00002_,164.48µm
net256,164.13µm
clknet_leaf_118_clk_i,163.98µm
net1513,163.805µm
net877,163.63µm
clknet_leaf_98_clk_i,163.505µm
net767,163.425µm
net1161,163.335µm
clknet_leaf_39_clk_i,163.3µm
clknet_leaf_127_clk_i,163.125µm
_01809_,163.095µm
net1391,163.035µm
clknet_leaf_95_clk_i,162.845µm
net1267,162.795µm
clknet_leaf_2_clk_i,162.665µm
_02916_,162.63µm
_02892_,162.62µm
clknet_leaf_131_clk_i,162.485µm
net990,162.455µm
clknet_leaf_17_clk_i,162.4µm
net1193,162.38µm
_04062_,162.19µm
net729,162.155µm
net1110,161.88µm
_04644_,161.83µm
net602,161.79µm
clknet_leaf_107_clk_i,161.695µm
_05348_,161.67µm
net267,161.52µm
u_picorv32.picorv32_core.reg_pc\[7\],161.325µm
clknet_5_10__leaf_clk_i,161.2µm
net747,161.135µm
clknet_leaf_35_clk_i,161.13µm
clknet_leaf_122_clk_i,160.97µm
net173,160.865µm
clknet_5_11__leaf_clk_i,160.83µm
clknet_leaf_28_clk_i,160.805µm
clknet_leaf_36_clk_i,160.78µm
net1221,160.765µm
_01988_,160.755µm
_05893_,160.725µm
net3257,160.63µm
clknet_leaf_5_clk_i,160.425µm
net1582,160.33µm
net466,160.085µm
_02474_,159.87µm
u_picorv32.pcpi_rs1\[6\],159.74µm
net257,159.72µm
net153,159.57µm
u_picorv32.pcpi_rs2\[10\],159.245µm
net1042,159.12µm
u_picorv32.picorv32_core.reg_out\[30\],158.995µm
net1574,158.99µm
_05658_,158.95µm
_05347_,158.865µm
_01850_,158.85µm
clknet_leaf_75_clk_i,158.805µm
net1259,158.62µm
net488,158.46µm
net3239,158.29µm
net145,158.195µm
net3259,158.19µm
clknet_leaf_62_clk_i,158.12µm
net748,157.915µm
net1074,157.905µm
net265,157.875µm
net968,157.87µm
net2,157.69µm
clknet_leaf_48_clk_i,157.655µm
net725,157.52µm
clknet_leaf_41_clk_i,157.46µm
net357,157.45µm
_05560_,157.42µm
net1024,157.415µm
net876,157.41µm
net328,157.205µm
_05599_,157.185µm
net283,157.14µm
net358,157.08µm
net1147,156.47µm
net59,156.44µm
clknet_leaf_124_clk_i,156.365µm
net667,156.075µm
u_picorv32.picorv32_core.reg_out\[21\],155.96µm
_04168_,155.52µm
net1469,155.51µm
clknet_leaf_13_clk_i,155.465µm
clknet_leaf_101_clk_i,155.135µm
clknet_leaf_111_clk_i,155.04µm
net274,154.97µm
clknet_leaf_120_clk_i,154.885µm
net1529,154.87µm
net1210,154.64µm
clknet_leaf_67_clk_i,154.505µm
clknet_leaf_50_clk_i,154.445µm
clknet_5_14__leaf_clk_i,154.22µm
u_picorv32.picorv32_core.mem_rdata_q\[27\],154.175µm
net757,154.02µm
net486,153.995µm
_05609_,153.98µm
net1499,153.945µm
net1116,153.825µm
clknet_leaf_104_clk_i,153.825µm
net3232,153.79µm
net661,153.755µm
net1570,153.715µm
net606,153.575µm
net666,153.185µm
clknet_leaf_100_clk_i,153.115µm
net1286,153.105µm
clknet_5_12__leaf_clk_i,153.085µm
net654,153.08µm
_02611_,153.075µm
clknet_leaf_7_clk_i,152.925µm
net1547,152.875µm
net255,152.76µm
net724,152.76µm
clknet_leaf_105_clk_i,152.49µm
net310,152.42µm
net351,152.18µm
_05164_,151.94µm
net592,151.87µm
_05856_,151.77µm
net1446,151.49µm
clknet_leaf_85_clk_i,151.49µm
u_picorv32.picorv32_core.instr_srai,151.45µm
_04502_,151.44µm
_02089_,151.4µm
net1491,151.31µm
_05799_,151.28µm
net236,151.22µm
net3223,151.21µm
net871,151.075µm
clknet_leaf_25_clk_i,150.795µm
net810,150.67µm
clknet_leaf_84_clk_i,150.57µm
net1198,150.44µm
clknet_leaf_9_clk_i,150.315µm
net355,150.25µm
net670,150.235µm
u_picorv32.picorv32_core.reg_pc\[29\],150.22µm
u_picorv32.picorv32_core.mem_rdata_q\[2\],149.97µm
_05241_,149.64µm
net1524,149.605µm
_05575_,149.41µm
net766,149.345µm
net1512,149.33µm
net1056,149.305µm
net1006,149.27µm
_05597_,149.155µm
net710,149.11µm
_04984_,149.09µm
net953,148.955µm
_06001_,148.93µm
clknet_leaf_4_clk_i,148.845µm
net344,148.7µm
net752,147.99µm
net1572,147.775µm
u_picorv32.pcpi_rs1\[15\],147.585µm
net874,147.555µm
net1328,147.255µm
clknet_leaf_74_clk_i,147.25µm
_05364_,147.18µm
clknet_leaf_110_clk_i,147.13µm
net62,147.06µm
u_picorv32.picorv32_core.count_cycle\[21\],146.95µm
clknet_leaf_23_clk_i,146.93µm
net1244,146.91µm
u_picorv32.picorv32_core.reg_pc\[22\],146.665µm
clknet_leaf_68_clk_i,146.655µm
net1098,146.565µm
clknet_leaf_71_clk_i,146.535µm
u_picorv32.picorv32_core.is_sb_sh_sw,146.505µm
net347,146.16µm
net798,146.155µm
net881,146.13µm
_01545_,145.99µm
net1569,145.96µm
net1551,145.89µm
_03089_,145.545µm
net216,145.515µm
net1044,145.065µm
net164,144.98µm
net869,144.85µm
_02115_,144.74µm
_05622_,144.73µm
net197,144.65µm
net349,144.61µm
_01403_,144.54µm
net1482,144.375µm
clknet_leaf_73_clk_i,144.325µm
net1508,144.125µm
u_picorv32.picorv32_core.reg_pc\[5\],144.095µm
clknet_leaf_44_clk_i,144.005µm
net1076,143.99µm
_05685_,143.84µm
net343,143.83µm
_01937_,143.81µm
net132,143.73µm
net212,143.725µm
clknet_5_6__leaf_clk_i,143.66µm
net1182,143.55µm
u_picorv32.picorv32_core.mem_rdata_q\[22\],143.545µm
clknet_leaf_33_clk_i,143.475µm
clknet_leaf_31_clk_i,143.465µm
clknet_leaf_102_clk_i,143.43µm
clknet_leaf_6_clk_i,143.425µm
net1565,143.42µm
_01969_,143.29µm
net1146,143.26µm
net1552,143.195µm
net887,143.165µm
net1079,142.8µm
net178,142.735µm
net3249,142.63µm
clknet_leaf_49_clk_i,142.405µm
net586,142.35µm
net1464,142.26µm
net9,142.11µm
net1294,142.055µm
clknet_leaf_16_clk_i,141.88µm
net162,141.785µm
net679,141.775µm
net346,141.76µm
net1296,141.56µm
net712,141.525µm
clknet_leaf_43_clk_i,141.41µm
net238,141.365µm
_03852_,141.095µm
clknet_leaf_64_clk_i,141.06µm
net354,141.03µm
_04046_,140.83µm
net350,140.825µm
net603,140.69µm
_05711_,140.65µm
clknet_leaf_20_clk_i,140.58µm
_02804_,140.535µm
net716,140.4µm
_02871_,140.315µm
net353,140.18µm
net650,140.18µm
net780,140.15µm
net345,140.125µm
u_picorv32.picorv32_core.mem_rdata_q\[26\],140.055µm
net239,139.965µm
_05997_,139.93µm
_05431_,139.82µm
net327,139.82µm
net1258,139.775µm
clknet_leaf_132_clk_i,139.75µm
net352,139.745µm
clknet_leaf_1_clk_i,139.665µm
clknet_leaf_37_clk_i,139.625µm
clknet_leaf_109_clk_i,139.605µm
u_picorv32.picorv32_core.alu_out_q\[19\],139.56µm
_05898_,139.525µm
_02868_,139.495µm
_02108_,139.33µm
net1548,139.205µm
net1007,139.16µm
net158,139.15µm
_05995_,139.08µm
_05785_,138.92µm
u_picorv32.picorv32_core.instr_xori,138.8µm
net1507,138.795µm
net713,138.76µm
net1173,138.665µm
clknet_leaf_8_clk_i,138.535µm
u_picorv32.picorv32_core.is_alu_reg_reg,138.53µm
net348,138.48µm
net624,137.9µm
net1577,137.78µm
net385,137.765µm
_05783_,137.57µm
net1232,137.56µm
u_picorv32.picorv32_core.reg_out\[0\],137.46µm
u_picorv32.picorv32_core.instr_rdinstr,137.43µm
_01551_,137.42µm
_05035_,137.42µm
net886,137.42µm
clknet_leaf_83_clk_i,137.4µm
net1555,137.29µm
net332,137.215µm
_05633_,137.17µm
net864,137.125µm
net594,137.015µm
net1510,136.945µm
net1418,136.86µm
net1005,136.735µm
u_picorv32.picorv32_core.reg_out\[17\],136.5µm
net1317,136.455µm
net356,136.45µm
net1481,136.45µm
u_picorv32.picorv32_core.alu_out\[15\],136.11µm
net246,135.985µm
_04304_,135.98µm
net3255,135.91µm
net338,135.86µm
clknet_leaf_65_clk_i,135.75µm
net1083,135.675µm
net756,135.59µm
_02793_,135.49µm
net1185,135.445µm
net337,135.41µm
net951,135.41µm
_03639_,135.375µm
_04641_,135.37µm
net497,135.305µm
net1199,134.54µm
net1514,134.49µm
net147,134.42µm
net1487,134.385µm
_05672_,134.35µm
net980,133.945µm
net1433,133.76µm
net882,133.605µm
u_picorv32.picorv32_core.reg_out\[7\],133.52µm
net1253,133.425µm
net1087,133.395µm
net331,133.33µm
_02859_,133.265µm
net938,132.985µm
_05644_,132.92µm
net642,132.885µm
net1178,132.825µm
net959,132.8µm
_02803_,132.74µm
_02950_,132.67µm
_04927_,132.57µm
clknet_leaf_21_clk_i,132.57µm
net10,131.985µm
net401,131.815µm
net1015,131.375µm
net172,131.235µm
clknet_leaf_0_clk_i,131.025µm
net1530,130.825µm
_05993_,130.75µm
net1284,130.72µm
net742,130.59µm
net584,130.53µm
net1211,130.45µm
u_picorv32.picorv32_core.instr_sra,130.36µm
u_picorv32.picorv32_core.alu_out\[14\],130.2µm
net159,130.18µm
net1472,129.97µm
net1058,129.87µm
u_picorv32.picorv32_core.reg_pc\[15\],129.655µm
net1171,129.63µm
net1099,129.525µm
u_picorv32.picorv32_core.decoded_imm_j\[1\],129.44µm
_01672_,129.33µm
net1255,129.27µm
u_picorv32.picorv32_core.mem_rdata_q\[28\],129.265µm
net620,129.245µm
net744,129.21µm
clknet_leaf_29_clk_i,129.17µm
net1341,129µm
net183,128.96µm
net878,128.955µm
net733,128.705µm
u_picorv32.picorv32_core.alu_out\[27\],128.6µm
net1094,128.575µm
net465,128.525µm
net862,128.505µm
net622,128.455µm
net218,128.43µm
net1085,128.35µm
net1047,128.205µm
u_picorv32.pcpi_rs2\[2\],128.11µm
_05999_,128.025µm
net883,127.97µm
net855,127.8µm
net272,127.69µm
net1091,127.495µm
net1463,127.3µm
_01940_,127.25µm
net1064,127.25µm
_01974_,127.16µm
net1327,127.15µm
clknet_leaf_14_clk_i,127.03µm
net988,126.955µm
net1484,126.94µm
net171,126.87µm
net175,126.795µm
net1004,126.74µm
net1166,126.72µm
net402,126.67µm
net1526,126.615µm
net1254,126.595µm
_02808_,126.585µm
net470,126.445µm
_02149_,126.38µm
u_picorv32.picorv32_core.alu_out\[11\],125.71µm
net273,125.43µm
net474,125.38µm
net229,125.3µm
clknet_leaf_94_clk_i,125.215µm
net1073,124.95µm
net1103,124.895µm
u_picorv32.picorv32_core.cpu_state\[1\],124.855µm
net501,124.82µm
net604,124.775µm
net651,124.765µm
net329,124.375µm
net726,124.365µm
net1298,124.34µm
net286,124.285µm
net166,124.205µm
net643,124.03µm
_05774_,124.02µm
_05725_,123.97µm
net1497,123.745µm
net1515,123.64µm
_05546_,123.54µm
net718,123.53µm
net746,123.345µm
net708,123.28µm
_02167_,123.275µm
net1117,123.27µm
_04171_,123.24µm
net1489,123.06µm
net759,123.035µm
u_picorv32.picorv32_core.alu_out\[26\],122.79µm
net1581,122.525µm
_04379_,122.415µm
_03532_,122.41µm
_05853_,122.39µm
net142,122.39µm
_05034_,122.35µm
u_picorv32.picorv32_core.instr_bge,122.29µm
net1184,122.175µm
_05761_,122.16µm
clknet_leaf_45_clk_i,122.12µm
net621,122.06µm
net1075,121.95µm
net786,121.93µm
net609,121.78µm
net206,121.705µm
u_picorv32.picorv32_core.count_cycle\[38\],121.695µm
net477,121.69µm
_02143_,121.645µm
net190,121.615µm
net8,121.3µm
net808,121.275µm
net812,121.225µm
_05710_,121.2µm
net1095,121.195µm
net673,121.17µm
_01549_,121.14µm
net278,121µm
clknet_4_4_0_clk_i,120.995µm
net1113,120.99µm
u_picorv32.picorv32_core.count_instr\[34\],120.88µm
_05712_,120.69µm
net656,120.525µm
net1249,120.455µm
_01885_,120.37µm
net231,120.33µm
u_picorv32.picorv32_core.decoded_imm_j\[19\],120.14µm
net340,120.015µm
net194,119.96µm
net456,119.76µm
u_picorv32.picorv32_core.reg_pc\[25\],119.725µm
net1459,119.63µm
_01400_,119.58µm
net763,119.565µm
net688,119.545µm
net1102,119.545µm
net498,119.535µm
net779,119.225µm
_05917_,119.17µm
u_picorv32.picorv32_core.count_instr\[15\],119.08µm
net185,119.055µm
net187,118.92µm
net965,118.915µm
net191,118.865µm
net219,118.825µm
net1090,118.77µm
u_picorv32.pcpi_rs1\[5\],118.44µm
net1584,118.425µm
_05780_,118.22µm
_02910_,118.2µm
_02131_,118.115µm
net386,117.865µm
net186,117.85µm
u_picorv32.picorv32_core.mem_rdata_q\[21\],117.695µm
_01627_,117.68µm
net468,117.65µm
_02902_,117.595µm
net174,117.51µm
u_picorv32.picorv32_core.alu_out_q\[0\],117.44µm
net1303,117.21µm
_05255_,117.14µm
u_picorv32.picorv32_core.mem_rdata_q\[29\],117.01µm
u_picorv32.picorv32_core.decoded_imm\[2\],116.945µm
net464,116.93µm
net487,116.905µm
_03122_,116.8µm
net260,116.76µm
net1023,116.73µm
net1257,116.7µm
_01936_,116.6µm
net1059,116.43µm
net157,116.35µm
net872,115.975µm
net1036,115.94µm
_01548_,115.88µm
_05022_,115.83µm
net325,115.82µm
_03099_,115.665µm
u_picorv32.picorv32_core.decoded_imm_j\[17\],115.635µm
_05010_,115.21µm
net1031,115.205µm
net460,115.195µm
_02838_,115.125µm
net652,114.885µm
clknet_4_14_0_clk_i,114.84µm
net1468,114.81µm
net221,114.785µm
net209,114.65µm
net1068,114.65µm
_05724_,114.48µm
net1157,114.465µm
net585,114.23µm
net176,114.205µm
_05989_,114.12µm
net211,114.07µm
net793,114.05µm
_05991_,114.01µm
_04433_,113.64µm
_02944_,113.575µm
net199,113.39µm
clknet_leaf_58_clk_i,113.245µm
net749,113.155µm
net768,113.09µm
net649,113.045µm
_03905_,113.005µm
net709,112.95µm
_01997_,112.78µm
net245,112.67µm
net1187,112.5µm
net341,112.405µm
net1300,112.35µm
net1540,112.33µm
net339,112.21µm
net975,112.145µm
net1479,112.115µm
net237,112.095µm
net170,111.96µm
net235,111.955µm
_02331_,111.87µm
_05974_,111.44µm
_05916_,111.36µm
clknet_4_8_0_clk_i,111.345µm
net778,111.15µm
_02982_,111.07µm
net279,111.01µm
net491,110.99µm
net1511,110.855µm
u_picorv32.picorv32_core.alu_out\[7\],110.85µm
net189,110.815µm
u_picorv32.picorv32_core.count_cycle\[36\],110.775µm
net244,110.73µm
net214,110.665µm
net956,110.215µm
net233,110.19µm
_02272_,110.18µm
clknet_4_10_0_clk_i,110.135µm
clknet_4_12_0_clk_i,109.925µm
net1204,109.875µm
_01670_,109.86µm
_04852_,109.86µm
_02887_,109.605µm
net1522,109.58µm
net271,109.575µm
net1186,109.55µm
net1194,109.47µm
net1492,109.415µm
net182,109.365µm
clknet_4_11_0_clk_i,109.355µm
net144,109.075µm
net1250,109.065µm
net1280,109.045µm
_01739_,108.985µm
_01689_,108.97µm
_05746_,108.96µm
u_picorv32.picorv32_core.reg_pc\[12\],108.92µm
_04377_,108.76µm
net1209,108.745µm
u_picorv32.picorv32_core.count_instr\[16\],108.705µm
net192,108.695µm
net802,108.525µm
u_picorv32.picorv32_core.count_instr\[9\],108.45µm
net1205,108.4µm
net208,108.34µm
net787,108.285µm
net276,108.155µm
u_picorv32.picorv32_core.decoded_imm\[21\],107.915µm
net1450,107.7µm
net1159,107.615µm
net243,107.585µm
_05976_,107.53µm
u_picorv32.picorv32_core.decoded_imm_j\[8\],107.515µm
net167,107.495µm
clknet_4_6_0_clk_i,107.495µm
net459,107.49µm
_02199_,107.3µm
net1439,107.285µm
_02908_,107.095µm
_05866_,107.085µm
_03085_,107.045µm
_02818_,107.04µm
_02372_,106.95µm
_05319_,106.905µm
net1542,106.825µm
_02147_,106.57µm
net814,106.54µm
u_picorv32.picorv32_core.count_instr\[13\],106.45µm
u_picorv32.picorv32_core.instr_sb,106.375µm
u_picorv32.pcpi_rs2\[12\],106.365µm
net463,106.24µm
net657,106.14µm
net589,106.065µm
_03865_,106.02µm
net600,106.01µm
u_picorv32.picorv32_core.reg_out\[18\],106.005µm
net161,105.975µm
net485,105.915µm
_01589_,105.86µm
_05587_,105.79µm
u_picorv32.picorv32_core.count_instr\[35\],105.745µm
_02962_,105.6µm
net155,105.585µm
net168,105.525µm
net801,105.435µm
net1021,105.415µm
net653,105.225µm
clknet_4_5_0_clk_i,105.145µm
_01681_,104.89µm
net1238,104.85µm
net336,104.78µm
clknet_4_1_0_clk_i,104.77µm
net1309,104.74µm
net1063,104.73µm
u_picorv32.picorv32_core.mem_rdata_q\[20\],104.725µm
_04459_,104.64µm
net184,104.595µm
net342,104.585µm
u_picorv32.pcpi_rs2\[6\],104.455µm
_04573_,104.29µm
u_picorv32.picorv32_core.decoded_imm_j\[9\],104.28µm
net1041,104.22µm
u_picorv32.picorv32_core.alu_out\[13\],104.21µm
net177,104.21µm
net198,104.15µm
clknet_4_13_0_clk_i,104.115µm
net967,104.095µm
net1109,103.92µm
net1179,103.92µm
net262,103.605µm
_01587_,103.545µm
net1579,103.48µm
net1213,103.475µm
_01671_,103.39µm
net1057,103.125µm
net1493,103.11µm
net160,103.1µm
net626,103.095µm
net282,103.055µm
net790,102.89µm
_03842_,102.84µm
net458,102.83µm
net1334,102.785µm
u_picorv32.picorv32_core.alu_out\[22\],102.66µm
net1127,102.595µm
net263,102.575µm
net583,102.465µm
net1202,102.45µm
net151,102.435µm
_01944_,102.42µm
net1517,102.26µm
net242,102.235µm
_03091_,102.12µm
net326,102.055µm
net148,102.05µm
_02612_,102.02µm
_02843_,101.99µm
net1247,101.875µm
net1311,101.84µm
_03435_,101.83µm
net284,101.75µm
net1505,101.685µm
net1477,101.535µm
u_picorv32.picorv32_core.instr_andi,101.52µm
net1583,101.275µm
u_picorv32.picorv32_core.count_instr\[14\],101.25µm
net979,101.25µm
net1043,101.205µm
_05254_,101.17µm
u_picorv32.picorv32_core.alu_out\[10\],100.92µm
net1454,100.92µm
net1535,100.84µm
clknet_leaf_59_clk_i,100.825µm
net146,100.675µm
_03119_,100.64µm
u_picorv32.picorv32_core.count_instr\[19\],100.605µm
net571,100.59µm
_02252_,100.28µm
_01812_,100.245µm
net150,100.1µm
_02367_,100.075µm
_05268_,100.02µm
_02994_,99.91µm
_02247_,99.87µm
u_picorv32.pcpi_rs1\[3\],99.86µm
net188,99.81µm
_02885_,99.61µm
net205,99.56µm
net1336,99.335µm
net250,99.275µm
_02999_,99.27µm
u_picorv32.picorv32_core.decoded_imm_j\[7\],99.255µm
clknet_4_3_0_clk_i,99.21µm
net196,99.08µm
clknet_4_9_0_clk_i,98.965µm
_02957_,98.855µm
clknet_4_15_0_clk_i,98.84µm
net143,98.79µm
net181,98.755µm
u_picorv32.picorv32_core.count_instr\[8\],98.71µm
net627,98.605µm
net467,98.36µm
net472,97.905µm
_02166_,97.69µm
u_picorv32.picorv32_core.decoded_imm_j\[18\],97.655µm
net689,97.655µm
net722,97.455µm
u_picorv32.picorv32_core.reg_out\[6\],97.44µm
_01767_,97.43µm
clknet_4_2_0_clk_i,97.4µm
_02876_,97.26µm
net870,97.255µm
net1283,97.235µm
u_picorv32.picorv32_core.mem_do_prefetch,97.115µm
net70,97.08µm
_02394_,96.96µm
u_picorv32.picorv32_core.instr_xor,96.93µm
_03643_,96.9µm
u_picorv32.picorv32_core.mem_rdata_q\[23\],96.885µm
u_picorv32.picorv32_core.reg_out\[2\],96.745µm
_02047_,96.74µm
_02825_,96.68µm
net1055,96.68µm
net1315,96.645µm
clknet_4_0_0_clk_i,96.625µm
_02551_,96.61µm
net1424,96.52µm
_01886_,96.37µm
net1105,96.255µm
net1097,95.99µm
_02562_,95.94µm
_02882_,95.88µm
net469,95.745µm
net658,95.61µm
_02833_,95.59µm
_02490_,95.53µm
net1417,95.525µm
_03268_,95.205µm
_05850_,95.095µm
net334,94.95µm
_05849_,94.92µm
net668,94.795µm
_01687_,94.78µm
net500,94.745µm
net1495,94.675µm
net362,94.65µm
net1235,94.64µm
net1096,94.4µm
_04061_,94.38µm
u_picorv32.picorv32_core.decoded_imm_j\[10\],94.175µm
net26,94.1µm
_03363_,94.08µm
net251,94.055µm
_02254_,93.91µm
_02613_,93.84µm
_02106_,93.79µm
net207,93.58µm
u_picorv32.picorv32_core.reg_pc\[4\],93.54µm
_02997_,93.47µm
net1585,93.47µm
net655,93.39µm
net832,93.325µm
_02891_,93.31µm
_02730_,93.175µm
_01903_,93.14µm
_02327_,93.13µm
_03401_,93.115µm
_05608_,93µm
_02479_,92.94µm
net1011,92.87µm
net1345,92.845µm
u_picorv32.picorv32_core.count_instr\[10\],92.79µm
_05946_,92.71µm
_02978_,92.67µm
net281,92.545µm
u_picorv32.picorv32_core.count_instr\[24\],92.495µm
_01550_,92.49µm
_02086_,92.46µm
net944,92.365µm
net1458,92.31µm
_02539_,92.21µm
net1539,92.125µm
net1541,92.1µm
_05100_,92.04µm
_01547_,91.88µm
_01573_,91.69µm
net1576,91.69µm
u_picorv32.picorv32_core.count_cycle\[25\],91.67µm
net1485,91.65µm
_02698_,91.605µm
_03431_,91.585µm
net1216,91.51µm
net1106,91.46µm
net1318,91.395µm
clknet_4_7_0_clk_i,91.295µm
_02992_,91.14µm
net248,91.135µm
net638,91.125µm
_03518_,90.995µm
u_picorv32.picorv32_core.count_instr\[27\],90.97µm
net971,90.93µm
net1503,90.835µm
_05189_,90.67µm
u_picorv32.picorv32_core.mem_rdata_q\[30\],90.62µm
net899,90.5µm
_05450_,90.465µm
_05281_,90.38µm
_03533_,90.19µm
u_picorv32.picorv32_core.count_cycle\[32\],90.165µm
_03479_,90.13µm
_05919_,90.09µm
net462,90.05µm
_04093_,89.965µm
net1498,89.965µm
net1342,89.935µm
u_picorv32.picorv32_core.count_cycle\[52\],89.89µm
net1027,89.89µm
_01754_,89.83µm
_02819_,89.775µm
_01845_,89.72µm
net1168,89.7µm
net1339,89.48µm
net363,89.425µm
u_picorv32.picorv32_core.reg_next_pc\[13\],89.35µm
_05294_,89.345µm
net1346,89.275µm
_02828_,89.17µm
_02870_,89.16µm
net217,89.09µm
net156,89µm
net1219,88.985µm
net359,88.91µm
net890,88.88µm
net987,88.795µm
net868,88.72µm
net1035,88.675µm
net720,88.52µm
net285,88.5µm
net7,88.4µm
net1340,88.345µm
net995,88.27µm
u_picorv32.picorv32_core.alu_out\[29\],88.26µm
net1018,88.09µm
_02977_,87.97µm
net476,87.96µm
_02993_,87.91µm
net880,87.88µm
net1156,87.79µm
net605,87.715µm
u_picorv32.picorv32_core.alu_out\[30\],87.66µm
net1124,87.625µm
_02952_,87.49µm
_02191_,87.44µm
_05982_,87.38µm
u_picorv32.picorv32_core.decoded_imm_j\[6\],87.29µm
u_picorv32.picorv32_core.count_instr\[25\],87.265µm
_02402_,87.21µm
net928,87.18µm
_01560_,87.13µm
_04103_,87.12µm
net860,87.12µm
_01594_,86.91µm
net1126,86.695µm
net193,86.545µm
net227,86.52µm
net1160,86.33µm
_02865_,86.07µm
net937,86.045µm
_05320_,85.845µm
_05436_,85.75µm
u_picorv32.picorv32_core.alu_out_q\[26\],85.74µm
net1301,85.74µm
_01720_,85.69µm
_05499_,85.58µm
net215,85.34µm
_03235_,85.305µm
net333,85.185µm
_01869_,85.18µm
_02797_,85.16µm
u_picorv32.picorv32_core.alu_out\[23\],85.15µm
u_picorv32.picorv32_core.alu_out\[24\],84.97µm
net165,84.91µm
_00020_,84.9µm
_03258_,84.775µm
net731,84.76µm
net1181,84.71µm
net861,84.52µm
_00008_,84.42µm
net1112,84.385µm
_00022_,84.19µm
_03060_,84.185µm
net200,84.165µm
_03437_,84.125µm
_02945_,84.12µm
_03240_,84.035µm
_05935_,84.03µm
u_picorv32.picorv32_core.reg_next_pc\[31\],84.03µm
net232,84.02µm
_02268_,84.01µm
_05945_,83.92µm
u_picorv32.picorv32_core.alu_out\[8\],83.82µm
_02594_,83.79µm
_02427_,83.64µm
_03424_,83.605µm
net1329,83.53µm
net4,83.505µm
_05722_,83.34µm
_03853_,83.3µm
net1144,83.215µm
_05514_,83.17µm
net612,83.145µm
u_picorv32.picorv32_core.reg_out\[1\],83.085µm
_01975_,83.055µm
net660,83.045µm
_03394_,83.03µm
net873,83.03µm
net503,82.88µm
_03088_,82.87µm
net226,82.86µm
_05318_,82.81µm
u_picorv32.picorv32_core.count_instr\[18\],82.79µm
u_picorv32.picorv32_core.decoded_imm_j\[15\],82.665µm
net1125,82.6µm
_02025_,82.5µm
_05684_,82.44µm
_04813_,82.415µm
u_picorv32.picorv32_core.alu_out_q\[30\],82.38µm
u_picorv32.picorv32_core.decoded_imm\[16\],82.28µm
_02105_,82.135µm
_00021_,81.97µm
net163,81.97µm
net1189,81.885µm
net502,81.69µm
_05346_,81.12µm
_02008_,81.04µm
net230,80.985µm
net1516,80.935µm
_02182_,80.89µm
_04102_,80.89µm
u_picorv32.picorv32_core.count_cycle\[50\],80.885µm
net840,80.525µm
_04380_,80.46µm
_05874_,80.35µm
_02281_,80.24µm
_02926_,80.2µm
_05632_,80.16µm
u_picorv32.picorv32_core.count_cycle\[0\],80.125µm
u_picorv32.picorv32_core.reg_pc\[27\],80.075µm
net1553,80.04µm
u_picorv32.picorv32_core.instr_and,79.99µm
net1436,79.965µm
net180,79.925µm
_05588_,79.89µm
_05987_,79.81µm
net213,79.665µm
_05557_,79.57µm
_03130_,79.5µm
_02518_,79.34µm
_05113_,79.32µm
_05980_,79.2µm
net737,79.11µm
net29,78.96µm
_03178_,78.91µm
u_picorv32.picorv32_core.count_instr\[0\],78.865µm
net1502,78.85µm
u_picorv32.picorv32_core.instr_lh,78.815µm
_01585_,78.78µm
net1308,78.765µm
_01404_,78.67µm
u_picorv32.picorv32_core.alu_out_q\[31\],78.67µm
_04934_,78.43µm
net335,78.4µm
_05420_,78.25µm
u_picorv32.picorv32_core.alu_out\[28\],78.21µm
_03997_,78.145µm
net616,78.14µm
net220,78.055µm
_04955_,77.95µm
u_picorv32.picorv32_core.count_cycle\[15\],77.95µm
net3228,77.89µm
_02141_,77.875µm
net691,77.785µm
net252,77.635µm
net15,77.46µm
_02584_,77.42µm
_03368_,77.375µm
u_picorv32.picorv32_core.decoder_pseudo_trigger,77.35µm
net360,77.29µm
_01943_,77.23µm
net1350,77.175µm
u_picorv32.picorv32_core.count_instr\[32\],77.02µm
net1338,76.905µm
u_picorv32.picorv32_core.alu_out\[16\],76.86µm
_04236_,76.745µm
net684,76.65µm
_04324_,76.56µm
_02570_,76.51µm
_03201_,76.505µm
u_picorv32.picorv32_core.instr_lui,76.4µm
u_picorv32.picorv32_core.count_cycle\[31\],76.385µm
net3234,76.33µm
u_picorv32.picorv32_core.alu_out_q\[6\],76.31µm
_01763_,76.3µm
_02995_,76.22µm
net3,76.08µm
_02363_,75.91µm
u_picorv32.picorv32_core.reg_out\[5\],75.905µm
_01934_,75.88µm
_02064_,75.68µm
net1128,75.445µm
_05074_,75.36µm
u_picorv32.picorv32_core.count_instr\[23\],75.355µm
u_picorv32.picorv32_core.count_instr\[39\],75.26µm
_05561_,75.12µm
u_picorv32.picorv32_core.count_cycle\[45\],75.015µm
u_picorv32.picorv32_core.count_cycle\[53\],74.845µm
_05643_,74.84µm
u_picorv32.picorv32_core.count_cycle\[24\],74.75µm
_04878_,74.7µm
u_picorv32.picorv32_core.instr_bne,74.68µm
net867,74.66µm
_02854_,74.625µm
net962,74.56µm
net1337,74.53µm
u_picorv32.picorv32_core.decoded_imm_j\[16\],74.485µm
u_picorv32.picorv32_core.count_instr\[48\],74.345µm
u_picorv32.picorv32_core.alu_out_q\[27\],74.34µm
u_picorv32.picorv32_core.count_instr\[28\],74.2µm
net1070,74.08µm
net224,74.03µm
net1180,74.01µm
u_picorv32.picorv32_core.alu_out_q\[5\],73.93µm
u_picorv32.picorv32_core.mem_rdata_q\[9\],73.93µm
_02229_,73.92µm
u_picorv32.picorv32_core.count_cycle\[51\],73.895µm
_03741_,73.865µm
_02171_,73.75µm
_01558_,73.69µm
_02056_,73.56µm
net1578,73.51µm
_02928_,73.39µm
u_picorv32.picorv32_core.count_cycle\[44\],73.22µm
net136,73.185µm
net280,73.145µm
_03376_,73.08µm
net776,73.07µm
_02980_,72.84µm
net741,72.815µm
_01559_,72.645µm
net775,72.61µm
net686,72.5µm
_03128_,72.48µm
u_picorv32.picorv32_core.count_instr\[53\],72.48µm
_03066_,72.45µm
net1190,72.45µm
_02208_,72.43µm
_02109_,72.37µm
_02973_,72.37µm
net1114,72.365µm
_02488_,72.25µm
net1344,72.13µm
_02510_,71.94µm
_01694_,71.76µm
_01650_,71.74µm
_05500_,71.695µm
_03404_,71.635µm
u_picorv32.picorv32_core.count_instr\[36\],71.6µm
net492,71.6µm
_02075_,71.57µm
_03385_,71.57µm
u_picorv32.picorv32_core.count_instr\[1\],71.525µm
_05304_,71.52µm
_04598_,71.41µm
_04436_,71.4µm
net361,71.35µm
_01751_,71.295µm
_03875_,71.29µm
_02095_,71.28µm
_04086_,71.23µm
_03864_,71.16µm
u_picorv32.picorv32_core.count_instr\[26\],70.99µm
u_picorv32.pcpi_rs2\[1\],70.965µm
u_picorv32.picorv32_core.alu_out\[20\],70.88µm
_05859_,70.845µm
net784,70.83µm
net1196,70.81µm
_05657_,70.68µm
u_picorv32.picorv32_core.alu_out\[1\],70.665µm
_04653_,70.66µm
u_picorv32.picorv32_core.count_instr\[52\],70.64µm
_02084_,70.42µm
_01902_,70.33µm
net615,70.275µm
u_picorv32.picorv32_core.reg_out\[4\],70.21µm
net295,70.155µm
net732,70.115µm
_03226_,70.07µm
net805,70.055µm
_02946_,69.99µm
u_picorv32.picorv32_core.instr_sh,69.785µm
_05525_,69.695µm
_02823_,69.68µm
_01989_,69.465µm
_01617_,69.44µm
_01556_,69.38µm
u_picorv32.picorv32_core.instr_slli,69.25µm
_02388_,68.91µm
_04104_,68.88µm
_02956_,68.77µm
u_picorv32.picorv32_core.count_cycle\[22\],68.72µm
_01784_,68.65µm
_02814_,68.64µm
u_picorv32.picorv32_core.reg_out\[3\],68.6µm
net3217,68.53µm
_02503_,68.47µm
_03416_,68.43µm
net1158,68.415µm
net625,68.26µm
u_picorv32.picorv32_core.mem_do_rdata,68.185µm
u_picorv32.picorv32_core.count_cycle\[42\],68.165µm
_02979_,68.16µm
u_picorv32.picorv32_core.count_cycle\[40\],68.11µm
_03065_,67.895µm
_05619_,67.88µm
_01938_,67.735µm
net1174,67.695µm
_05126_,67.68µm
_02377_,67.605µm
_03191_,67.59µm
net1313,67.58µm
_01639_,67.555µm
_02288_,67.485µm
_02346_,67.02µm
net3241,67.02µm
_03673_,66.97µm
_03389_,66.94µm
net1203,66.92µm
u_picorv32.picorv32_core.mem_rdata_q\[7\],66.85µm
_05240_,66.84µm
_02765_,66.78µm
net1319,66.75µm
_04791_,66.74µm
_03364_,66.735µm
_02101_,66.72µm
_03412_,66.62µm
_02576_,66.6µm
u_picorv32.picorv32_core.count_instr\[44\],66.585µm
_02007_,66.37µm
_03303_,66.255µm
_02420_,66.14µm
net5,66.13µm
u_picorv32.picorv32_core.alu_out\[9\],66.13µm
_00031_,65.96µm
_03420_,65.91µm
_05531_,65.815µm
_04369_,65.76µm
_05670_,65.76µm
_01684_,65.72µm
net499,65.42µm
_03361_,65.31µm
net30,65.29µm
_01668_,65.28µm
u_picorv32.picorv32_core.count_cycle\[49\],65.22µm
_02212_,65.17µm
u_picorv32.picorv32_core.alu_out\[17\],65.13µm
u_picorv32.picorv32_core.instr_auipc,65.11µm
_05117_,65.05µm
_02273_,65.04µm
_02380_,65.025µm
_03129_,64.99µm
_05333_,64.93µm
_05871_,64.89µm
net613,64.86µm
_05589_,64.82µm
_01801_,64.76µm
u_picorv32.picorv32_core.reg_pc\[18\],64.72µm
_04320_,64.68µm
u_picorv32.picorv32_core.count_instr\[29\],64.625µm
_02183_,64.45µm
_01928_,64.43µm
u_picorv32.picorv32_core.instr_lb,64.35µm
net601,64.215µm
_04971_,64.21µm
_05521_,64.2µm
net685,63.93µm
_03371_,63.885µm
net1137,63.805µm
_03292_,63.795µm
_01946_,63.74µm
net3209,63.67µm
_03336_,63.6µm
_02435_,63.54µm
_05019_,63.42µm
_04734_,63.37µm
_04958_,63.31µm
u_picorv32.picorv32_core.count_cycle\[12\],63.175µm
_05611_,63.13µm
_04980_,63.12µm
u_picorv32.picorv32_core.count_cycle\[9\],63.05µm
u_picorv32.picorv32_core.instr_bgeu,63.02µm
u_picorv32.picorv32_core.count_instr\[21\],62.96µm
_05033_,62.82µm
_05747_,62.77µm
u_picorv32.axi_adapter.mem_valid,62.76µm
_01395_,62.59µm
_05330_,62.46µm
_01742_,62.355µm
_01402_,62.35µm
_05245_,62.35µm
u_picorv32.picorv32_core.count_instr\[4\],62.295µm
u_picorv32.picorv32_core.count_cycle\[54\],62.285µm
_04784_,62.23µm
_05278_,62.16µm
_05267_,62.1µm
net755,62.08µm
_02074_,62.04µm
net1120,62.02µm
net697,61.835µm
_02857_,61.785µm
net678,61.45µm
u_picorv32.picorv32_core.count_cycle\[4\],61.345µm
net33,61.255µm
u_picorv32.picorv32_core.count_instr\[2\],61.155µm
u_picorv32.picorv32_core.instr_sll,61.045µm
u_picorv32.picorv32_core.alu_out\[12\],61.03µm
_03335_,60.99µm
_05474_,60.9µm
_03945_,60.84µm
_02509_,60.72µm
net1349,60.695µm
u_picorv32.picorv32_core.alu_out_q\[12\],60.67µm
net1,60.66µm
net1483,60.585µm
net618,60.545µm
net1077,60.375µm
_02001_,60.345µm
_01397_,60.3µm
u_picorv32.picorv32_core.cpu_state\[0\],60.27µm
_01736_,60.235µm
u_picorv32.picorv32_core.count_cycle\[23\],60.18µm
_02617_,60.125µm
_05121_,60.12µm
net777,60.12µm
_01900_,60.105µm
_05706_,59.94µm
_01803_,59.81µm
net648,59.755µm
_04072_,59.29µm
u_picorv32.picorv32_core.count_instr\[33\],59.28µm
u_picorv32.picorv32_core.count_instr\[61\],59.195µm
_02794_,59.16µm
net1506,59.05µm
_03108_,59.03µm
net1466,58.99µm
_01991_,58.885µm
_05617_,58.81µm
_02878_,58.68µm
_01693_,58.665µm
u_picorv32.picorv32_core.reg_pc\[3\],58.66µm
net645,58.57µm
_02396_,58.53µm
u_picorv32.picorv32_core.reg_next_pc\[12\],58.45µm
u_picorv32.picorv32_core.count_instr\[22\],58.405µm
_02289_,58.15µm
net473,58.135µm
_00032_,58.09µm
_01843_,58.09µm
_02310_,58.08µm
_05922_,58.08µm
net1130,58.065µm
u_picorv32.picorv32_core.count_instr\[41\],57.98µm
_05457_,57.91µm
u_picorv32.picorv32_core.count_instr\[62\],57.855µm
_04921_,57.79µm
net1330,57.76µm
net6,57.69µm
_03408_,57.655µm
u_picorv32.picorv32_core.count_cycle\[48\],57.57µm
_02580_,57.49µm
_02721_,57.45µm
_03333_,57.445µm
net799,57.39µm
net1504,57.39µm
_05137_,57.37µm
u_picorv32.picorv32_core.alu_out\[21\],57.36µm
net682,57.215µm
u_picorv32.picorv32_core.count_cycle\[37\],57.015µm
net635,57.01µm
net1129,56.965µm
_05406_,56.95µm
_05556_,56.925µm
_02900_,56.88µm
net1080,56.805µm
_02286_,56.76µm
u_picorv32.picorv32_core.decoded_imm\[1\],56.675µm
_02173_,56.645µm
_05820_,56.58µm
net619,56.565µm
_01685_,56.52µm
_02127_,56.52µm
_04967_,56.46µm
_05351_,56.37µm
_05096_,56.205µm
_03375_,56.145µm
_02462_,56.11µm
_02614_,56.07µm
_02688_,56.04µm
_01910_,56.025µm
_01929_,55.92µm
u_picorv32.picorv32_core.is_jalr_addi_slti_sltiu_xori_ori_andi,55.9µm
u_picorv32.picorv32_core.count_cycle\[43\],55.89µm
u_picorv32.picorv32_core.reg_next_pc\[28\],55.87µm
u_picorv32.picorv32_core.count_cycle\[17\],55.865µm
net365,55.81µm
_03357_,55.74µm
u_picorv32.picorv32_core.count_cycle\[34\],55.735µm
_03090_,55.705µm
_02175_,55.64µm
u_picorv32.picorv32_core.count_cycle\[1\],55.635µm
net1208,55.57µm
net1332,55.53µm
_04189_,55.5µm
net204,55.495µm
_03325_,55.445µm
net34,55.435µm
_04944_,55.4µm
_02245_,55.33µm
_05200_,55.33µm
_05606_,55.27µm
net1333,55.215µm
_01966_,55.165µm
net659,55.13µm
_05947_,54.98µm
_01865_,54.96µm
_04235_,54.79µm
_05479_,54.765µm
u_picorv32.picorv32_core.mem_rdata_q\[19\],54.725µm
net681,54.72µm
net1501,54.705µm
_01870_,54.67µm
u_picorv32.picorv32_core.mem_rdata_q\[8\],54.655µm
net1131,54.57µm
_03168_,54.335µm
_03992_,54.31µm
net781,54.31µm
_03182_,54.3µm
u_picorv32.picorv32_core.count_instr\[46\],54.265µm
u_picorv32.picorv32_core.reg_pc\[2\],54.26µm
net593,54.13µm
_01892_,54.12µm
u_picorv32.picorv32_core.count_instr\[43\],54.025µm
_02528_,53.66µm
_02600_,53.65µm
_02022_,53.58µm
_04524_,53.58µm
_03296_,53.525µm
_05928_,53.47µm
_03236_,53.34µm
_02322_,53.22µm
_04172_,53.16µm
u_picorv32.picorv32_core.count_cycle\[33\],53.115µm
_05518_,53.05µm
_05007_,53.04µm
_02813_,53.02µm
net694,53µm
u_picorv32.picorv32_core.count_cycle\[56\],52.96µm
_04945_,52.94µm
u_picorv32.picorv32_core.reg_pc\[9\],52.88µm
_01832_,52.785µm
_03745_,52.705µm
_02202_,52.68µm
_04710_,52.68µm
_04075_,52.625µm
_04124_,52.62µm
net152,52.41µm
_05683_,52.38µm
_02893_,52.345µm
_02687_,52.29µm
_05986_,52.27µm
_05755_,52.195µm
_02021_,52.17µm
_01553_,52.115µm
net721,52.04µm
net687,52.02µm
_05203_,51.84µm
u_picorv32.picorv32_core.count_instr\[30\],51.755µm
_02866_,51.615µm
_02504_,51.585µm
_02282_,51.55µm
net1093,51.485µm
_04259_,51.31µm
u_picorv32.picorv32_core.count_cycle\[13\],51.31µm
u_picorv32.picorv32_core.count_cycle\[57\],51.285µm
_05357_,51.26µm
_05934_,51.25µm
net277,51.155µm
_03486_,51.12µm
_05477_,51.12µm
_03439_,51.08µm
_02300_,51µm
_01700_,50.97µm
net1067,50.965µm
u_picorv32.picorv32_core.alu_out\[3\],50.88µm
_02849_,50.79µm
_05161_,50.77µm
u_picorv32.picorv32_core.count_cycle\[39\],50.77µm
u_picorv32.picorv32_core.instr_sltiu,50.71µm
_04650_,50.7µm
_03358_,50.69µm
_02696_,50.675µm
net891,50.595µm
u_picorv32.picorv32_core.mem_rdata_q\[18\],50.48µm
_05669_,50.475µm
net641,50.375µm
_02324_,50.315µm
_04933_,50.29µm
_05081_,50.22µm
_03332_,50.2µm
u_picorv32.picorv32_core.reg_pc\[24\],50.12µm
_03706_,50.1µm
_01733_,50.03µm
_05419_,49.965µm
u_picorv32.picorv32_core.decoded_imm\[9\],49.865µm
u_picorv32.picorv32_core.mem_do_rinst,49.82µm
u_picorv32.picorv32_core.count_instr\[5\],49.54µm
_02521_,49.5µm
_02017_,49.345µm
_05403_,49.33µm
u_picorv32.picorv32_core.count_cycle\[46\],49.33µm
u_picorv32.picorv32_core.count_instr\[49\],49.235µm
_02452_,49.16µm
u_picorv32.picorv32_core.count_cycle\[8\],49.12µm
net1305,49.095µm
u_picorv32.picorv32_core.alu_out_q\[10\],48.96µm
u_picorv32.picorv32_core.cpuregs\[22\]\[24\],48.935µm
_01714_,48.79µm
_02492_,48.765µm
_01770_,48.745µm
net457,48.705µm
u_picorv32.picorv32_core.count_cycle\[10\],48.68µm
_05328_,48.66µm
_04806_,48.535µm
_02802_,48.48µm
_04995_,48.48µm
_04595_,48.43µm
net203,48.38µm
net330,48.38µm
_03432_,48.32µm
_01593_,48.285µm
_05041_,48.06µm
_01662_,47.95µm
_02563_,47.88µm
_05335_,47.82µm
net1138,47.805µm
u_picorv32.picorv32_core.reg_next_pc\[15\],47.77µm
_02906_,47.725µm
_04504_,47.71µm
_01939_,47.67µm
_02638_,47.64µm
_05070_,47.58µm
_03413_,47.57µm
u_picorv32.picorv32_core.count_cycle\[6\],47.54µm
_05050_,47.41µm
_05083_,47.41µm
net1331,47.31µm
_04856_,47.29µm
_05068_,47.28µm
_05265_,47.28µm
_05085_,47.23µm
_04394_,47.165µm
_05485_,47.14µm
_03975_,47.1µm
_04318_,46.99µm
_03304_,46.92µm
_05639_,46.86µm
_01678_,46.81µm
u_picorv32.picorv32_core.count_cycle\[58\],46.69µm
net169,46.655µm
_05343_,46.56µm
_05094_,46.45µm
u_picorv32.picorv32_core.alu_out\[19\],46.44µm
_05846_,46.435µm
_02941_,46.33µm
_05695_,46.21µm
_01595_,46.12µm
_01769_,46.11µm
u_picorv32.picorv32_core.count_instr\[40\],46.05µm
_01406_,46.03µm
_05004_,46.02µm
_01960_,45.945µm
_03309_,45.93µm
_01805_,45.915µm
_05170_,45.91µm
_01956_,45.885µm
_05570_,45.86µm
_01927_,45.84µm
u_picorv32.picorv32_core.alu_out\[2\],45.8µm
_04090_,45.79µm
_05102_,45.78µm
_01554_,45.74µm
_01955_,45.73µm
_04501_,45.73µm
_02545_,45.72µm
net1306,45.695µm
u_picorv32.picorv32_core.count_instr\[55\],45.64µm
_03537_,45.6µm
u_picorv32.picorv32_core.alu_out_q\[3\],45.55µm
_04121_,45.54µm
_04713_,45.54µm
_04018_,45.48µm
_02446_,45.43µm
_03694_,45.395µm
_01983_,45.38µm
u_picorv32.picorv32_core.count_instr\[58\],45.375µm
_01807_,45.37µm
_05376_,45.32µm
u_picorv32.picorv32_core.count_cycle\[2\],45.315µm
_02816_,45.3µm
_04651_,45.27µm
u_picorv32.picorv32_core.count_cycle\[29\],45.26µm
_03287_,45.18µm
_02989_,45.06µm
_03434_,45.06µm
u_picorv32.picorv32_core.cpuregs\[21\]\[6\],44.905µm
_05235_,44.88µm
_01555_,44.85µm
_04871_,44.82µm
_03308_,44.795µm
_03320_,44.725µm
_05183_,44.72µm
_05087_,44.7µm
net923,44.7µm
_04350_,44.64µm
_03062_,44.63µm
_05840_,44.615µm
_03205_,44.595µm
_05119_,44.52µm
_02936_,44.42µm
_05150_,44.41µm
net1473,44.405µm
_04638_,44.4µm
u_picorv32.picorv32_core.count_instr\[60\],44.35µm
_03051_,44.31µm
u_picorv32.picorv32_core.count_instr\[37\],44.3µm
u_picorv32.picorv32_core.reg_pc\[28\],44.275µm
_04261_,44.12µm
u_picorv32.picorv32_core.cpuregs\[22\]\[16\],44.12µm
u_picorv32.picorv32_core.cpuregs\[26\]\[22\],44.11µm
u_picorv32.picorv32_core.reg_out\[16\],44.11µm
u_picorv32.picorv32_core.cpuregs\[2\]\[2\],44.05µm
net475,44.005µm
u_picorv32.picorv32_core.count_instr\[54\],43.98µm
u_picorv32.picorv32_core.mem_rdata_q\[31\],43.92µm
u_picorv32.picorv32_core.count_cycle\[16\],43.755µm
net1136,43.725µm
_04810_,43.7µm
_04640_,43.68µm
u_picorv32.picorv32_core.count_instr\[38\],43.62µm
u_picorv32.picorv32_core.count_cycle\[19\],43.585µm
_05216_,43.57µm
_01821_,43.56µm
_05219_,43.56µm
_04000_,43.505µm
_05438_,43.47µm
_01542_,43.46µm
net1212,43.41µm
_05058_,43.38µm
u_picorv32.picorv32_core.cpuregs\[30\]\[2\],43.375µm
u_picorv32.picorv32_core.cpuregs\[14\]\[31\],43.29µm
u_picorv32.picorv32_core.reg_next_pc\[18\],43.28µm
_03697_,43.27µm
u_picorv32.picorv32_core.count_instr\[56\],43.235µm
_01874_,43.205µm
_02565_,43.2µm
u_picorv32.picorv32_core.cpuregs\[22\]\[25\],43.175µm
_01726_,43.085µm
net117,43.04µm
net320,43.03µm
_02148_,42.98µm
_03079_,42.975µm
_04054_,42.96µm
_04854_,42.91µm
_04285_,42.78µm
_02019_,42.775µm
u_picorv32.picorv32_core.cpuregs\[14\]\[29\],42.76µm
u_picorv32.picorv32_core.instr_fence,42.74µm
_05544_,42.73µm
_02035_,42.705µm
_05429_,42.66µm
_04043_,42.625µm
_04101_,42.6µm
u_picorv32.picorv32_core.cpuregs\[21\]\[28\],42.595µm
_02790_,42.56µm
_03845_,42.54µm
net1528,42.49µm
_02184_,42.45µm
net639,42.445µm
_02676_,42.44µm
_05483_,42.4µm
_03651_,42.36µm
_04084_,42.265µm
u_picorv32.picorv32_core.cpuregs\[26\]\[14\],42.26µm
_03356_,42.22µm
u_picorv32.picorv32_core.cpuregs\[6\]\[9\],42.205µm
_01643_,42.19µm
_05017_,42.06µm
u_picorv32.picorv32_core.cpuregs\[29\]\[15\],41.96µm
_01795_,41.915µm
u_picorv32.picorv32_core.reg_next_pc\[26\],41.91µm
_02113_,41.89µm
net999,41.845µm
u_picorv32.picorv32_core.cpuregs\[16\]\[21\],41.83µm
u_picorv32.picorv32_core.count_instr\[45\],41.81µm
u_picorv32.picorv32_core.cpuregs\[9\]\[31\],41.77µm
_01717_,41.765µm
_02943_,41.76µm
_05978_,41.65µm
u_picorv32.picorv32_core.cpuregs\[7\]\[14\],41.615µm
_04448_,41.59µm
_05708_,41.56µm
_05697_,41.53µm
_05061_,41.52µm
u_picorv32.picorv32_core.instr_srli,41.515µm
_01785_,41.46µm
u_picorv32.picorv32_core.cpuregs\[30\]\[17\],41.455µm
_05651_,41.37µm
u_picorv32.picorv32_core.count_instr\[47\],41.345µm
_05158_,41.29µm
_02603_,41.28µm
_04232_,41.23µm
_05680_,41.23µm
_02742_,41.22µm
u_picorv32.picorv32_core.mem_state\[0\],41.175µm
_05895_,41.17µm
_04870_,41.04µm
_04114_,40.99µm
_02966_,40.985µm
u_picorv32.picorv32_core.cpuregs\[7\]\[27\],40.945µm
u_picorv32.picorv32_core.mem_rdata_q\[16\],40.93µm
_03799_,40.89µm
_05642_,40.88µm
u_picorv32.picorv32_core.alu_out_q\[11\],40.86µm
_02415_,40.81µm
u_picorv32.picorv32_core.count_cycle\[41\],40.81µm
u_picorv32.picorv32_core.alu_out_q\[28\],40.8µm
u_picorv32.picorv32_core.cpuregs\[14\]\[22\],40.745µm
_03030_,40.71µm
_02266_,40.7µm
u_picorv32.picorv32_core.count_cycle\[11\],40.7µm
u_picorv32.picorv32_core.cpuregs\[13\]\[27\],40.65µm
_04481_,40.63µm
_05142_,40.62µm
_03242_,40.61µm
_01620_,40.605µm
u_picorv32.picorv32_core.cpuregs\[22\]\[12\],40.605µm
_05445_,40.44µm
u_picorv32.picorv32_core.cpuregs\[24\]\[16\],40.39µm
u_picorv32.picorv32_core.reg_next_pc\[27\],40.39µm
_05063_,40.38µm
_03380_,40.335µm
u_picorv32.picorv32_core.alu_out_q\[2\],40.33µm
_02248_,40.305µm
_05462_,40.28µm
_05441_,40.265µm
_03175_,40.2µm
_04122_,40.09µm
_02761_,40.08µm
_02898_,39.96µm
_05586_,39.91µm
u_picorv32.picorv32_core.count_instr\[11\],39.89µm
_03405_,39.885µm
_03038_,39.84µm
_03192_,39.84µm
u_picorv32.picorv32_core.cpuregs\[22\]\[28\],39.8µm
_02440_,39.79µm
_05341_,39.79µm
u_picorv32.picorv32_core.cpuregs\[24\]\[29\],39.785µm
_04313_,39.73µm
u_picorv32.picorv32_core.cpuregs\[8\]\[2\],39.73µm
_05110_,39.715µm
_02460_,39.49µm
_03922_,39.49µm
u_picorv32.picorv32_core.decoded_rd\[2\],39.475µm
u_picorv32.picorv32_core.cpuregs\[4\]\[5\],39.42µm
_05152_,39.36µm
_05635_,39.31µm
net113,39.31µm
_01557_,39.305µm
net149,39.19µm
_04588_,39.18µm
_04166_,39.13µm
u_picorv32.picorv32_core.count_instr\[63\],39.13µm
_02058_,39.12µm
net565,39.12µm
u_picorv32.picorv32_core.cpuregs\[15\]\[22\],39.06µm
u_picorv32.picorv32_core.cpuregs\[8\]\[21\],39.06µm
u_picorv32.picorv32_core.cpuregs\[22\]\[6\],38.95µm
u_picorv32.picorv32_core.cpuregs\[2\]\[3\],38.89µm
u_picorv32.picorv32_core.cpuregs\[30\]\[12\],38.885µm
_03355_,38.865µm
_03286_,38.855µm
_04450_,38.83µm
_03855_,38.805µm
u_picorv32.picorv32_core.cpuregs\[14\]\[16\],38.785µm
_04959_,38.77µm
_02222_,38.76µm
u_picorv32.picorv32_core.cpuregs\[16\]\[12\],38.72µm
net202,38.715µm
_01864_,38.65µm
u_picorv32.picorv32_core.cpuregs\[31\]\[10\],38.65µm
_03538_,38.64µm
u_picorv32.picorv32_core.count_cycle\[55\],38.635µm
_03169_,38.605µm
_04383_,38.59µm
_04886_,38.575µm
u_picorv32.picorv32_core.cpuregs\[22\]\[1\],38.575µm
u_picorv32.picorv32_core.cpuregs\[22\]\[22\],38.575µm
u_picorv32.picorv32_core.cpuregs\[5\]\[22\],38.575µm
_03688_,38.535µm
u_picorv32.picorv32_core.cpuregs\[25\]\[27\],38.48µm
net109,38.46µm
net1140,38.43µm
u_picorv32.picorv32_core.cpuregs\[9\]\[21\],38.41µm
u_picorv32.picorv32_core.count_cycle\[60\],38.405µm
_05212_,38.4µm
_03280_,38.385µm
u_picorv32.picorv32_core.cpuregs\[30\]\[14\],38.385µm
u_picorv32.picorv32_core.instr_lbu,38.355µm
_05196_,38.35µm
_02787_,38.285µm
_02305_,38.28µm
_02640_,38.28µm
_02779_,38.28µm
_04930_,38.28µm
_03593_,38.245µm
u_picorv32.picorv32_core.cpuregs\[29\]\[13\],38.225µm
u_picorv32.picorv32_core.count_instr\[20\],38.22µm
_05509_,38.205µm
_03172_,38.17µm
u_picorv32.picorv32_core.cpuregs\[23\]\[10\],38.13µm
_05221_,38.11µm
_01848_,38.085µm
net1307,38.07µm
u_picorv32.picorv32_core.alu_out_q\[1\],38.04µm
u_picorv32.picorv32_core.cpuregs\[27\]\[16\],38.035µm
_05276_,37.99µm
_01632_,37.95µm
u_picorv32.picorv32_core.cpuregs\[17\]\[24\],37.95µm
u_picorv32.picorv32_core.cpuregs\[27\]\[12\],37.95µm
_05496_,37.93µm
_05937_,37.92µm
_02093_,37.87µm
_03047_,37.87µm
_01987_,37.86µm
u_picorv32.picorv32_core.cpuregs\[10\]\[5\],37.84µm
_05640_,37.835µm
_03281_,37.805µm
u_picorv32.picorv32_core.cpuregs\[10\]\[20\],37.8µm
_01994_,37.77µm
_05195_,37.69µm
u_picorv32.picorv32_core.decoded_rd\[3\],37.64µm
_05044_,37.63µm
u_picorv32.picorv32_core.cpuregs\[9\]\[7\],37.63µm
_03428_,37.61µm
u_picorv32.picorv32_core.count_instr\[51\],37.585µm
_05139_,37.56µm
u_picorv32.picorv32_core.alu_out\[25\],37.56µm
u_picorv32.picorv32_core.cpuregs\[31\]\[19\],37.53µm
u_picorv32.picorv32_core.cpuregs\[29\]\[17\],37.52µm
_05026_,37.5µm
u_picorv32.picorv32_core.alu_out\[6\],37.5µm
_02636_,37.495µm
net137,37.475µm
u_picorv32.picorv32_core.cpuregs\[22\]\[19\],37.465µm
u_picorv32.picorv32_core.cpuregs\[29\]\[16\],37.465µm
_02228_,37.45µm
u_picorv32.picorv32_core.cpuregs\[31\]\[4\],37.45µm
net1135,37.425µm
u_picorv32.picorv32_core.cpuregs\[13\]\[21\],37.42µm
u_picorv32.picorv32_core.cpuregs\[17\]\[17\],37.405µm
_01543_,37.4µm
u_picorv32.picorv32_core.cpuregs\[30\]\[20\],37.365µm
_04507_,37.35µm
_04964_,37.245µm
_01663_,37.185µm
_05284_,37.15µm
_01787_,36.985µm
_03107_,36.97µm
_05218_,36.96µm
_03601_,36.945µm
_03329_,36.905µm
_04303_,36.9µm
u_picorv32.picorv32_core.cpuregs\[19\]\[21\],36.865µm
_05238_,36.85µm
_03081_,36.84µm
_03693_,36.84µm
_05247_,36.79µm
_05913_,36.79µm
_04207_,36.73µm
_04184_,36.68µm
u_picorv32.picorv32_core.cpuregs\[4\]\[22\],36.68µm
u_picorv32.picorv32_core.cpuregs\[26\]\[28\],36.67µm
_04371_,36.6µm
_04916_,36.6µm
_03902_,36.585µm
u_picorv32.picorv32_core.cpuregs\[15\]\[3\],36.58µm
_03574_,36.54µm
u_picorv32.picorv32_core.cpuregs\[13\]\[30\],36.515µm
u_picorv32.picorv32_core.cpuregs\[10\]\[25\],36.49µm
net692,36.45µm
_04671_,36.43µm
u_picorv32.picorv32_core.cpuregs\[14\]\[12\],36.43µm
u_picorv32.picorv32_core.cpuregs\[31\]\[13\],36.425µm
u_picorv32.picorv32_core.cpuregs\[20\]\[24\],36.39µm
u_picorv32.picorv32_core.cpuregs\[27\]\[3\],36.385µm
_01616_,36.36µm
_05634_,36.36µm
u_picorv32.picorv32_core.cpuregs\[14\]\[19\],36.345µm
_02815_,36.34µm
_02507_,36.3µm
_04020_,36.25µm
_03789_,36.24µm
u_picorv32.picorv32_core.cpuregs\[0\]\[2\],36.235µm
_02242_,36.225µm
_05123_,36.13µm
u_picorv32.picorv32_core.cpuregs\[17\]\[1\],36.11µm
u_picorv32.picorv32_core.reg_out\[10\],36.09µm
u_picorv32.picorv32_core.cpuregs\[16\]\[7\],36.065µm
u_picorv32.picorv32_core.instr_lhu,36µm
net617,35.985µm
_04586_,35.95µm
_04873_,35.94µm
u_picorv32.picorv32_core.cpuregs\[30\]\[13\],35.905µm
u_picorv32.picorv32_core.cpuregs\[21\]\[0\],35.9µm
_03589_,35.895µm
_01711_,35.89µm
_05494_,35.88µm
_05163_,35.875µm
_05175_,35.875µm
_01788_,35.865µm
u_picorv32.picorv32_core.cpuregs\[25\]\[21\],35.81µm
_02602_,35.77µm
_03664_,35.76µm
_05214_,35.73µm
_05001_,35.71µm
u_picorv32.picorv32_core.cpuregs\[29\]\[23\],35.67µm
net139,35.66µm
_05273_,35.625µm
_05300_,35.58µm
u_picorv32.picorv32_core.cpuregs\[5\]\[25\],35.575µm
u_picorv32.picorv32_core.count_cycle\[62\],35.565µm
_04315_,35.53µm
_03214_,35.51µm
u_picorv32.picorv32_core.cpuregs\[22\]\[0\],35.485µm
_04997_,35.46µm
u_picorv32.picorv32_core.cpuregs\[23\]\[2\],35.425µm
u_picorv32.picorv32_core.cpuregs\[5\]\[18\],35.425µm
u_picorv32.picorv32_core.instr_lw,35.415µm
_03692_,35.4µm
u_picorv32.picorv32_core.cpuregs\[13\]\[20\],35.395µm
_03275_,35.385µm
u_picorv32.picorv32_core.cpuregs\[24\]\[24\],35.375µm
u_picorv32.picorv32_core.cpuregs\[9\]\[9\],35.36µm
u_picorv32.picorv32_core.cpuregs\[0\]\[20\],35.35µm
_05168_,35.34µm
_04881_,35.29µm
u_picorv32.picorv32_core.cpuregs\[8\]\[1\],35.29µm
_02616_,35.265µm
u_picorv32.picorv32_core.cpuregs\[6\]\[21\],35.265µm
u_picorv32.picorv32_core.cpuregs\[21\]\[8\],35.255µm
_01764_,35.245µm
_04368_,35.24µm
u_picorv32.picorv32_core.cpuregs\[10\]\[18\],35.215µm
u_picorv32.picorv32_core.cpuregs\[2\]\[20\],35.215µm
net249,35.215µm
_02258_,35.18µm
_05435_,35.18µm
u_picorv32.picorv32_core.cpuregs\[6\]\[28\],35.18µm
u_picorv32.picorv32_core.cpuregs\[21\]\[20\],35.175µm
_03161_,35.17µm
_05511_,35.17µm
_05302_,35.16µm
u_picorv32.picorv32_core.cpuregs\[21\]\[21\],35.135µm
u_picorv32.picorv32_core.cpuregs\[29\]\[0\],35.125µm
u_picorv32.picorv32_core.cpuregs\[1\]\[2\],35.12µm
_04987_,35.11µm
u_picorv32.picorv32_core.cpuregs\[31\]\[16\],35.11µm
u_picorv32.picorv32_core.cpuregs\[1\]\[16\],35.105µm
_04663_,35.1µm
u_picorv32.picorv32_core.count_cycle\[5\],35.08µm
u_picorv32.picorv32_core.cpuregs\[11\]\[22\],35.065µm
u_picorv32.picorv32_core.cpuregs\[30\]\[29\],35.065µm
_03150_,35.05µm
u_picorv32.picorv32_core.cpuregs\[0\]\[28\],35.05µm
u_picorv32.picorv32_core.cpuregs\[23\]\[21\],34.965µm
_05039_,34.95µm
_05533_,34.935µm
u_picorv32.picorv32_core.cpuregs\[9\]\[28\],34.92µm
u_picorv32.picorv32_core.cpuregs\[4\]\[3\],34.885µm
_04392_,34.86µm
_01592_,34.845µm
_01407_,34.82µm
u_picorv32.picorv32_core.cpuregs\[17\]\[18\],34.765µm
u_picorv32.picorv32_core.cpuregs\[19\]\[14\],34.75µm
u_picorv32.picorv32_core.cpuregs\[8\]\[27\],34.725µm
_06017_,34.72µm
u_picorv32.picorv32_core.cpuregs\[30\]\[22\],34.71µm
u_picorv32.picorv32_core.cpuregs\[17\]\[26\],34.69µm
_02880_,34.68µm
_03059_,34.655µm
u_picorv32.picorv32_core.cpuregs\[31\]\[3\],34.645µm
u_picorv32.picorv32_core.cpuregs\[1\]\[20\],34.63µm
_02140_,34.62µm
_05181_,34.62µm
net138,34.62µm
_01748_,34.615µm
u_picorv32.picorv32_core.cpuregs\[13\]\[28\],34.605µm
u_picorv32.picorv32_core.cpuregs\[2\]\[26\],34.605µm
u_picorv32.picorv32_core.cpuregs\[31\]\[2\],34.585µm
_05227_,34.56µm
u_picorv32.picorv32_core.cpuregs\[28\]\[3\],34.52µm
_05323_,34.51µm
u_picorv32.picorv32_core.cpuregs\[8\]\[6\],34.51µm
_01968_,34.46µm
u_picorv32.picorv32_core.cpuregs\[15\]\[24\],34.44µm
_04744_,34.385µm
u_picorv32.picorv32_core.cpuregs\[30\]\[9\],34.345µm
u_picorv32.picorv32_core.cpuregs\[14\]\[23\],34.33µm
_02718_,34.3µm
u_picorv32.picorv32_core.count_cycle\[20\],34.3µm
u_picorv32.picorv32_core.cpuregs\[31\]\[8\],34.28µm
u_picorv32.picorv32_core.cpuregs\[31\]\[21\],34.255µm
u_picorv32.picorv32_core.cpuregs\[5\]\[12\],34.255µm
u_picorv32.picorv32_core.cpuregs\[28\]\[9\],34.245µm
u_picorv32.picorv32_core.decoded_rd\[4\],34.235µm
_01793_,34.175µm
u_picorv32.picorv32_core.cpuregs\[16\]\[14\],34.175µm
u_picorv32.picorv32_core.cpuregs\[20\]\[17\],34.16µm
u_picorv32.picorv32_core.cpuregs\[26\]\[20\],34.15µm
_03834_,34.14µm
u_picorv32.picorv32_core.cpuregs\[25\]\[25\],34.03µm
u_picorv32.picorv32_core.cpuregs\[2\]\[10\],34.03µm
net556,34.02µm
_02165_,33.99µm
_03334_,33.98µm
u_picorv32.picorv32_core.cpuregs\[25\]\[3\],33.98µm
_04475_,33.97µm
u_picorv32.picorv32_core.cpuregs\[13\]\[5\],33.97µm
u_picorv32.picorv32_core.cpuregs\[23\]\[7\],33.955µm
_03373_,33.94µm
_02386_,33.91µm
_04920_,33.85µm
_05093_,33.85µm
_05391_,33.85µm
u_picorv32.picorv32_core.mem_rdata_q\[11\],33.85µm
u_picorv32.picorv32_core.cpuregs\[13\]\[1\],33.84µm
u_picorv32.picorv32_core.cpuregs\[30\]\[10\],33.84µm
u_picorv32.picorv32_core.cpuregs\[12\]\[30\],33.835µm
u_picorv32.picorv32_core.cpuregs\[14\]\[17\],33.8µm
u_picorv32.picorv32_core.cpuregs\[14\]\[1\],33.8µm
_02365_,33.795µm
_04928_,33.79µm
u_picorv32.picorv32_core.cpuregs\[27\]\[18\],33.79µm
u_picorv32.picorv32_core.cpuregs\[30\]\[16\],33.785µm
_01899_,33.78µm
_02800_,33.78µm
u_picorv32.picorv32_core.cpuregs\[3\]\[16\],33.765µm
u_picorv32.picorv32_core.cpuregs\[13\]\[7\],33.74µm
u_picorv32.picorv32_core.cpuregs\[17\]\[12\],33.74µm
_05918_,33.72µm
u_picorv32.picorv32_core.cpuregs\[22\]\[31\],33.705µm
u_picorv32.picorv32_core.cpuregs\[31\]\[31\],33.685µm
u_picorv32.picorv32_core.cpuregs\[4\]\[9\],33.68µm
u_picorv32.picorv32_core.cpuregs\[29\]\[31\],33.635µm
u_picorv32.picorv32_core.cpuregs\[14\]\[18\],33.625µm
_01802_,33.6µm
_03050_,33.6µm
u_picorv32.picorv32_core.cpuregs\[22\]\[27\],33.59µm
u_picorv32.picorv32_core.cpuregs\[2\]\[23\],33.57µm
u_picorv32.picorv32_core.cpuregs\[3\]\[0\],33.565µm
_01981_,33.555µm
u_picorv32.picorv32_core.cpuregs\[26\]\[0\],33.555µm
_05105_,33.54µm
u_picorv32.picorv32_core.cpuregs\[29\]\[19\],33.515µm
_05290_,33.49µm
u_picorv32.picorv32_core.cpuregs\[11\]\[0\],33.49µm
u_picorv32.picorv32_core.cpuregs\[30\]\[8\],33.485µm
_04127_,33.48µm
u_picorv32.picorv32_core.cpuregs\[30\]\[25\],33.48µm
u_picorv32.picorv32_core.cpuregs\[5\]\[13\],33.445µm
u_picorv32.picorv32_core.cpuregs\[22\]\[9\],33.41µm
u_picorv32.picorv32_core.cpuregs\[26\]\[10\],33.38µm
u_picorv32.picorv32_core.cpuregs\[16\]\[24\],33.37µm
u_picorv32.picorv32_core.mem_rdata_q\[10\],33.33µm
u_picorv32.picorv32_core.cpuregs\[16\]\[26\],33.32µm
u_picorv32.picorv32_core.cpuregs\[31\]\[11\],33.32µm
u_picorv32.picorv32_core.cpuregs\[15\]\[2\],33.315µm
_02139_,33.27µm
u_picorv32.picorv32_core.cpuregs\[25\]\[6\],33.26µm
u_picorv32.picorv32_core.cpuregs\[5\]\[8\],33.25µm
u_picorv32.picorv32_core.cpuregs\[9\]\[30\],33.25µm
_03927_,33.24µm
_04293_,33.22µm
u_picorv32.picorv32_core.mem_rdata_q\[5\],33.21µm
u_picorv32.picorv32_core.count_instr\[17\],33.2µm
_04765_,33.19µm
u_picorv32.picorv32_core.cpuregs\[11\]\[28\],33.18µm
_02329_,33.175µm
u_picorv32.picorv32_core.cpuregs\[27\]\[25\],33.145µm
_03444_,33.12µm
_05734_,33.11µm
u_picorv32.picorv32_core.cpuregs\[4\]\[20\],33.09µm
u_picorv32.picorv32_core.cpuregs\[16\]\[16\],33.085µm
_02179_,33.08µm
u_picorv32.picorv32_core.cpuregs\[3\]\[15\],33.08µm
net640,33.03µm
net1133,33.03µm
_05263_,33.01µm
_05927_,33.01µm
_02433_,32.995µm
u_picorv32.picorv32_core.cpuregs\[17\]\[8\],32.995µm
u_picorv32.picorv32_core.cpuregs\[27\]\[24\],32.98µm
u_picorv32.picorv32_core.cpuregs\[16\]\[6\],32.95µm
u_picorv32.picorv32_core.cpuregs\[21\]\[7\],32.95µm
_04386_,32.94µm
u_picorv32.picorv32_core.cpuregs\[16\]\[13\],32.89µm
u_picorv32.picorv32_core.cpuregs\[22\]\[30\],32.89µm
_04714_,32.88µm
_04949_,32.88µm
_01648_,32.86µm
_05205_,32.83µm
_03460_,32.785µm
_05694_,32.785µm
u_picorv32.picorv32_core.count_cycle\[28\],32.785µm
_03534_,32.775µm
u_picorv32.picorv32_core.count_cycle\[27\],32.775µm
_05293_,32.77µm
u_picorv32.picorv32_core.cpuregs\[15\]\[30\],32.77µm
_01867_,32.76µm
_02185_,32.74µm
u_picorv32.picorv32_core.cpuregs\[29\]\[26\],32.73µm
u_picorv32.picorv32_core.cpuregs\[13\]\[12\],32.725µm
_05115_,32.71µm
u_picorv32.picorv32_core.cpuregs\[0\]\[5\],32.71µm
u_picorv32.picorv32_core.cpuregs\[9\]\[6\],32.71µm
_01666_,32.66µm
_02546_,32.64µm
_01546_,32.605µm
u_picorv32.picorv32_core.cpuregs\[12\]\[18\],32.59µm
u_picorv32.picorv32_core.cpuregs\[15\]\[28\],32.55µm
_02412_,32.54µm
_03181_,32.54µm
u_picorv32.picorv32_core.cpuregs\[1\]\[22\],32.54µm
u_picorv32.picorv32_core.cpuregs\[9\]\[29\],32.54µm
u_picorv32.picorv32_core.cpuregs\[16\]\[8\],32.49µm
net1132,32.49µm
u_picorv32.picorv32_core.cpuregs\[7\]\[29\],32.485µm
u_picorv32.picorv32_core.cpuregs\[4\]\[4\],32.445µm
_02699_,32.42µm
u_picorv32.picorv32_core.cpuregs\[12\]\[4\],32.42µm
u_picorv32.picorv32_core.cpuregs\[8\]\[22\],32.41µm
u_picorv32.picorv32_core.cpuregs\[19\]\[4\],32.395µm
u_picorv32.picorv32_core.cpuregs\[23\]\[31\],32.37µm
_03417_,32.33µm
u_picorv32.picorv32_core.cpuregs\[23\]\[16\],32.29µm
u_picorv32.picorv32_core.cpuregs\[25\]\[24\],32.285µm
_04483_,32.28µm
u_picorv32.picorv32_core.cpuregs\[17\]\[14\],32.28µm
u_picorv32.picorv32_core.cpuregs\[31\]\[5\],32.28µm
u_picorv32.picorv32_core.cpuregs\[16\]\[10\],32.255µm
_02548_,32.25µm
u_picorv32.picorv32_core.cpuregs\[17\]\[9\],32.24µm
u_picorv32.picorv32_core.cpuregs\[18\]\[31\],32.23µm
u_picorv32.picorv32_core.reg_next_pc\[7\],32.23µm
net1197,32.22µm
_05144_,32.19µm
u_picorv32.picorv32_core.cpuregs\[8\]\[19\],32.19µm
u_picorv32.picorv32_core.cpuregs\[6\]\[27\],32.185µm
u_picorv32.picorv32_core.cpuregs\[20\]\[16\],32.175µm
u_picorv32.picorv32_core.cpuregs\[5\]\[10\],32.17µm
u_picorv32.picorv32_core.cpuregs\[19\]\[16\],32.125µm
u_picorv32.picorv32_core.cpuregs\[24\]\[12\],32.125µm
_02523_,32.12µm
_05122_,32.1µm
u_picorv32.picorv32_core.reg_next_pc\[20\],32.075µm
u_picorv32.picorv32_core.cpuregs\[19\]\[13\],32.06µm
u_picorv32.picorv32_core.cpuregs\[13\]\[6\],32.03µm
net3211,32.025µm
u_picorv32.picorv32_core.cpuregs\[23\]\[0\],32.005µm
u_picorv32.picorv32_core.reg_next_pc\[1\],31.985µm
_05133_,31.98µm
_05541_,31.965µm
net35,31.96µm
u_picorv32.picorv32_core.cpuregs\[31\]\[0\],31.955µm
u_picorv32.picorv32_core.cpuregs\[17\]\[28\],31.94µm
_05465_,31.93µm
_01953_,31.925µm
_01846_,31.92µm
_05169_,31.92µm
u_picorv32.picorv32_core.cpuregs\[17\]\[13\],31.92µm
u_picorv32.picorv32_core.cpuregs\[27\]\[1\],31.855µm
u_picorv32.picorv32_core.reg_next_pc\[24\],31.82µm
u_picorv32.picorv32_core.cpuregs\[12\]\[20\],31.81µm
_05225_,31.785µm
u_picorv32.picorv32_core.cpuregs\[4\]\[21\],31.785µm
u_picorv32.picorv32_core.cpuregs\[11\]\[27\],31.765µm
u_picorv32.picorv32_core.cpuregs\[24\]\[20\],31.76µm
u_picorv32.picorv32_core.cpuregs\[3\]\[29\],31.745µm
u_picorv32.picorv32_core.count_instr\[6\],31.735µm
_03591_,31.69µm
u_picorv32.picorv32_core.cpuregs\[18\]\[16\],31.69µm
u_picorv32.picorv32_core.cpuregs\[27\]\[15\],31.68µm
u_picorv32.picorv32_core.count_instr\[57\],31.64µm
u_picorv32.picorv32_core.cpuregs\[6\]\[23\],31.64µm
_01425_,31.63µm
_01729_,31.63µm
u_picorv32.picorv32_core.cpuregs\[21\]\[15\],31.63µm
u_picorv32.picorv32_core.cpuregs\[21\]\[5\],31.63µm
u_picorv32.picorv32_core.cpuregs\[6\]\[6\],31.63µm
_04257_,31.62µm
_04999_,31.62µm
_05025_,31.62µm
u_picorv32.picorv32_core.cpuregs\[12\]\[28\],31.615µm
u_picorv32.picorv32_core.cpuregs\[30\]\[15\],31.59µm
_04960_,31.57µm
_04649_,31.56µm
u_picorv32.picorv32_core.cpuregs\[22\]\[5\],31.56µm
u_picorv32.picorv32_core.cpuregs\[30\]\[26\],31.55µm
_02753_,31.54µm
u_picorv32.picorv32_core.cpuregs\[19\]\[28\],31.49µm
_02559_,31.475µm
u_picorv32.picorv32_core.count_cycle\[14\],31.47µm
u_picorv32.picorv32_core.cpuregs\[11\]\[8\],31.45µm
u_picorv32.picorv32_core.cpuregs\[18\]\[5\],31.435µm
_01727_,31.425µm
u_picorv32.picorv32_core.cpuregs\[5\]\[20\],31.425µm
u_picorv32.picorv32_core.cpuregs\[11\]\[25\],31.42µm
_04119_,31.4µm
_04952_,31.38µm
_05681_,31.37µm
u_picorv32.picorv32_core.cpuregs\[11\]\[15\],31.355µm
u_picorv32.picorv32_core.cpuregs\[31\]\[29\],31.35µm
_05213_,31.33µm
u_picorv32.picorv32_core.cpuregs\[27\]\[26\],31.33µm
u_picorv32.picorv32_core.cpuregs\[13\]\[3\],31.325µm
_03616_,31.32µm
_04665_,31.32µm
_05297_,31.32µm
_03012_,31.28µm
u_picorv32.picorv32_core.cpuregs\[11\]\[10\],31.28µm
u_picorv32.picorv32_core.cpuregs\[8\]\[7\],31.28µm
u_picorv32.picorv32_core.cpuregs\[26\]\[7\],31.27µm
_01540_,31.255µm
_02587_,31.235µm
_02968_,31.21µm
u_picorv32.picorv32_core.cpuregs\[25\]\[1\],31.21µm
u_picorv32.picorv32_core.cpuregs\[9\]\[0\],31.2µm
u_picorv32.picorv32_core.cpuregs\[8\]\[0\],31.195µm
u_picorv32.picorv32_core.cpuregs\[7\]\[22\],31.15µm
net614,31.14µm
u_picorv32.picorv32_core.cpuregs\[27\]\[31\],31.13µm
_02719_,31.125µm
_03624_,31.125µm
_04331_,31.11µm
_03421_,31.07µm
u_picorv32.picorv32_core.cpuregs\[16\]\[4\],31.04µm
_02706_,31.03µm
u_picorv32.picorv32_core.cpuregs\[5\]\[31\],31.025µm
u_picorv32.picorv32_core.cpuregs\[20\]\[4\],30.98µm
_04521_,30.97µm
_05310_,30.97µm
u_picorv32.picorv32_core.cpuregs\[4\]\[10\],30.97µm
u_picorv32.picorv32_core.count_cycle\[35\],30.955µm
_05244_,30.92µm
u_picorv32.picorv32_core.cpuregs\[23\]\[4\],30.92µm
u_picorv32.picorv32_core.cpuregs\[25\]\[13\],30.91µm
u_picorv32.picorv32_core.cpuregs\[2\]\[12\],30.91µm
_03495_,30.9µm
_05313_,30.885µm
u_picorv32.picorv32_core.cpuregs\[27\]\[13\],30.875µm
_01753_,30.86µm
u_picorv32.picorv32_core.cpuregs\[26\]\[12\],30.85µm
u_picorv32.picorv32_core.cpuregs\[27\]\[4\],30.85µm
u_picorv32.picorv32_core.cpuregs\[14\]\[8\],30.845µm
_02098_,30.84µm
_04107_,30.84µm
_04909_,30.84µm
u_picorv32.picorv32_core.cpuregs\[27\]\[20\],30.8µm
u_picorv32.picorv32_core.cpuregs\[8\]\[4\],30.8µm
_04667_,30.78µm
u_picorv32.picorv32_core.cpuregs\[0\]\[26\],30.75µm
u_picorv32.picorv32_core.cpuregs\[16\]\[20\],30.72µm
u_picorv32.picorv32_core.cpuregs\[21\]\[22\],30.695µm
u_picorv32.picorv32_core.cpuregs\[26\]\[19\],30.69µm
_01541_,30.675µm
u_picorv32.picorv32_core.cpuregs\[5\]\[30\],30.67µm
_02622_,30.645µm
u_picorv32.picorv32_core.cpuregs\[6\]\[14\],30.635µm
_04434_,30.61µm
u_picorv32.picorv32_core.cpuregs\[13\]\[2\],30.61µm
u_picorv32.picorv32_core.cpuregs\[6\]\[15\],30.61µm
_02535_,30.6µm
u_picorv32.picorv32_core.count_cycle\[63\],30.565µm
u_picorv32.picorv32_core.cpuregs\[13\]\[17\],30.565µm
u_picorv32.picorv32_core.cpuregs\[22\]\[18\],30.565µm
u_picorv32.picorv32_core.cpuregs\[16\]\[5\],30.555µm
_02112_,30.55µm
_05314_,30.55µm
u_picorv32.picorv32_core.cpuregs\[23\]\[19\],30.55µm
u_picorv32.picorv32_core.cpuregs\[4\]\[18\],30.55µm
u_picorv32.picorv32_core.cpuregs\[14\]\[24\],30.535µm
_02207_,30.52µm
u_picorv32.picorv32_core.cpuregs\[15\]\[18\],30.505µm
u_picorv32.picorv32_core.cpuregs\[31\]\[25\],30.505µm
_05067_,30.49µm
u_picorv32.picorv32_core.cpuregs\[12\]\[21\],30.48µm
u_picorv32.picorv32_core.cpuregs\[30\]\[7\],30.475µm
u_picorv32.picorv32_core.cpuregs\[5\]\[1\],30.455µm
u_picorv32.picorv32_core.cpuregs\[17\]\[5\],30.44µm
_02196_,30.43µm
_04385_,30.43µm
u_picorv32.picorv32_core.cpuregs\[26\]\[6\],30.43µm
u_picorv32.picorv32_core.cpuregs\[8\]\[28\],30.43µm
u_picorv32.picorv32_core.instr_rdcycleh,30.42µm
u_picorv32.picorv32_core.cpuregs\[9\]\[23\],30.395µm
_04464_,30.38µm
u_picorv32.picorv32_core.cpuregs\[0\]\[10\],30.37µm
u_picorv32.picorv32_core.cpuregs\[2\]\[5\],30.37µm
_04802_,30.36µm
_04940_,30.36µm
_05048_,30.36µm
u_picorv32.picorv32_core.cpuregs\[31\]\[18\],30.33µm
net112,30.31µm
u_picorv32.picorv32_core.cpuregs\[24\]\[28\],30.31µm
u_picorv32.picorv32_core.cpuregs\[30\]\[1\],30.31µm
_03619_,30.3µm
u_picorv32.picorv32_core.cpuregs\[22\]\[11\],30.26µm
u_picorv32.picorv32_core.cpuregs\[9\]\[10\],30.25µm
_03077_,30.24µm
_04977_,30.24µm
u_picorv32.picorv32_core.cpuregs\[15\]\[14\],30.225µm
u_picorv32.picorv32_core.cpuregs\[21\]\[24\],30.225µm
u_picorv32.picorv32_core.cpuregs\[30\]\[4\],30.22µm
_05646_,30.175µm
u_picorv32.picorv32_core.mem_rdata_q\[1\],30.135µm
u_picorv32.picorv32_core.cpuregs\[31\]\[7\],30.13µm
_04169_,30.12µm
_02491_,30.115µm
_02895_,30.115µm
_01778_,30.105µm
_05264_,30.105µm
u_picorv32.picorv32_core.cpuregs\[18\]\[25\],30.095µm
u_picorv32.picorv32_core.cpuregs\[19\]\[30\],30.085µm
u_picorv32.picorv32_core.cpuregs\[20\]\[11\],30.08µm
u_picorv32.picorv32_core.cpuregs\[13\]\[9\],30.07µm
u_picorv32.picorv32_core.mem_rdata_q\[3\],30.04µm
u_picorv32.picorv32_core.cpuregs\[20\]\[10\],30.025µm
_05056_,30µm
u_picorv32.picorv32_core.cpuregs\[17\]\[29\],30µm
_03570_,29.975µm
u_picorv32.picorv32_core.cpuregs\[23\]\[17\],29.96µm
_02291_,29.95µm
_03771_,29.95µm
_05065_,29.95µm
_05659_,29.95µm
u_picorv32.picorv32_core.cpuregs\[17\]\[22\],29.95µm
u_picorv32.picorv32_core.cpuregs\[7\]\[28\],29.95µm
u_picorv32.picorv32_core.cpuregs\[12\]\[26\],29.925µm
u_picorv32.picorv32_core.cpuregs\[17\]\[20\],29.915µm
_03135_,29.91µm
u_picorv32.picorv32_core.cpuregs\[18\]\[17\],29.9µm
_02624_,29.89µm
u_picorv32.picorv32_core.cpuregs\[4\]\[12\],29.89µm
u_picorv32.picorv32_core.cpuregs\[29\]\[25\],29.885µm
_05762_,29.88µm
u_picorv32.picorv32_core.cpuregs\[24\]\[14\],29.875µm
u_picorv32.picorv32_core.cpuregs\[21\]\[25\],29.845µm
_04456_,29.83µm
_02971_,29.825µm
u_picorv32.picorv32_core.cpuregs\[11\]\[12\],29.82µm
u_picorv32.picorv32_core.cpuregs\[25\]\[5\],29.815µm
_01781_,29.795µm
u_picorv32.picorv32_core.cpuregs\[19\]\[29\],29.78µm
u_picorv32.picorv32_core.cpuregs\[21\]\[17\],29.78µm
u_picorv32.picorv32_core.cpuregs\[29\]\[12\],29.78µm
net1488,29.78µm
_04730_,29.77µm
_05248_,29.77µm
u_picorv32.picorv32_core.cpuregs\[21\]\[14\],29.77µm
u_picorv32.picorv32_core.cpuregs\[27\]\[10\],29.77µm
_02046_,29.76µm
_03349_,29.725µm
u_picorv32.picorv32_core.cpuregs\[1\]\[18\],29.725µm
u_picorv32.picorv32_core.cpuregs\[8\]\[3\],29.72µm
u_picorv32.picorv32_core.cpuregs\[5\]\[28\],29.71µm
u_picorv32.picorv32_core.cpuregs\[16\]\[23\],29.695µm
u_picorv32.picorv32_core.cpuregs\[19\]\[25\],29.69µm
_01730_,29.68µm
net646,29.665µm
_05700_,29.65µm
u_picorv32.picorv32_core.cpuregs\[10\]\[11\],29.65µm
u_picorv32.picorv32_core.cpuregs\[3\]\[27\],29.65µm
u_picorv32.picorv32_core.cpuregs\[15\]\[10\],29.64µm
u_picorv32.picorv32_core.cpuregs\[5\]\[19\],29.64µm
u_picorv32.picorv32_core.cpuregs\[7\]\[2\],29.615µm
u_picorv32.picorv32_core.cpuregs\[19\]\[12\],29.605µm
_05915_,29.59µm
u_picorv32.picorv32_core.cpuregs\[31\]\[15\],29.59µm
_05899_,29.58µm
_04077_,29.575µm
u_picorv32.picorv32_core.cpuregs\[3\]\[11\],29.575µm
u_picorv32.picorv32_core.cpuregs\[31\]\[22\],29.56µm
u_picorv32.picorv32_core.cpuregs\[16\]\[25\],29.55µm
u_picorv32.picorv32_core.cpuregs\[30\]\[18\],29.545µm
u_picorv32.picorv32_core.cpuregs\[13\]\[26\],29.53µm
u_picorv32.picorv32_core.cpuregs\[8\]\[30\],29.53µm
_01861_,29.515µm
u_picorv32.picorv32_core.cpuregs\[15\]\[8\],29.515µm
u_picorv32.picorv32_core.cpuregs\[1\]\[12\],29.515µm
u_picorv32.picorv32_core.cpuregs\[31\]\[1\],29.47µm
_05108_,29.46µm
_05178_,29.46µm
u_picorv32.picorv32_core.cpuregs\[19\]\[3\],29.455µm
_03057_,29.415µm
u_picorv32.picorv32_core.cpuregs\[28\]\[7\],29.4µm
u_picorv32.picorv32_core.cpuregs\[4\]\[16\],29.395µm
u_picorv32.picorv32_core.cpuregs\[1\]\[3\],29.37µm
u_picorv32.picorv32_core.cpuregs\[15\]\[26\],29.36µm
u_picorv32.picorv32_core.cpuregs\[30\]\[27\],29.36µm
u_picorv32.picorv32_core.count_cycle\[26\],29.355µm
_02137_,29.35µm
_05091_,29.35µm
u_picorv32.picorv32_core.cpuregs\[21\]\[12\],29.35µm
_05602_,29.34µm
net573,29.34µm
u_picorv32.picorv32_core.cpuregs\[17\]\[10\],29.335µm
u_picorv32.picorv32_core.cpuregs\[28\]\[15\],29.32µm
u_picorv32.picorv32_core.cpuregs\[30\]\[6\],29.32µm
_01810_,29.3µm
u_picorv32.picorv32_core.cpuregs\[8\]\[9\],29.3µm
u_picorv32.picorv32_core.cpuregs\[5\]\[16\],29.29µm
net118,29.245µm
_01628_,29.24µm
u_picorv32.picorv32_core.cpuregs\[14\]\[11\],29.23µm
u_picorv32.picorv32_core.cpuregs\[28\]\[1\],29.23µm
_03272_,29.225µm
_05104_,29.205µm
u_picorv32.picorv32_core.cpuregs\[19\]\[24\],29.17µm
u_picorv32.picorv32_core.cpuregs\[20\]\[8\],29.11µm
u_picorv32.picorv32_core.instr_rdinstrh,29.11µm
u_picorv32.picorv32_core.cpuregs\[23\]\[6\],29.095µm
_04060_,29.05µm
u_picorv32.picorv32_core.count_instr\[50\],29.05µm
u_picorv32.picorv32_core.cpuregs\[8\]\[20\],29.05µm
u_picorv32.picorv32_core.cpuregs\[8\]\[31\],29.05µm
_03740_,29.015µm
u_picorv32.picorv32_core.cpuregs\[2\]\[11\],29.01µm
net114,29.005µm
u_picorv32.picorv32_core.cpuregs\[12\]\[16\],29.005µm
u_picorv32.picorv32_core.cpuregs\[29\]\[27\],29.005µm
_03610_,29µm
u_picorv32.picorv32_core.cpuregs\[17\]\[27\],28.98µm
u_picorv32.picorv32_core.cpuregs\[27\]\[30\],28.975µm
u_picorv32.picorv32_core.cpuregs\[21\]\[27\],28.955µm
u_picorv32.picorv32_core.instr_sw,28.955µm
u_picorv32.picorv32_core.cpuregs\[11\]\[21\],28.945µm
u_picorv32.picorv32_core.cpuregs\[12\]\[22\],28.94µm
u_picorv32.picorv32_core.cpuregs\[2\]\[7\],28.94µm
u_picorv32.picorv32_core.cpuregs\[5\]\[14\],28.94µm
u_picorv32.picorv32_core.cpuregs\[28\]\[24\],28.93µm
_01863_,28.92µm
u_picorv32.picorv32_core.cpuregs\[17\]\[30\],28.895µm
_02976_,28.88µm
_05362_,28.86µm
u_picorv32.picorv32_core.cpuregs\[1\]\[17\],28.85µm
u_picorv32.picorv32_core.cpuregs\[7\]\[13\],28.835µm
u_picorv32.picorv32_core.cpuregs\[1\]\[7\],28.825µm
u_picorv32.picorv32_core.cpuregs\[21\]\[23\],28.82µm
u_picorv32.picorv32_core.cpuregs\[6\]\[18\],28.82µm
_03396_,28.81µm
u_picorv32.picorv32_core.cpuregs\[12\]\[5\],28.81µm
_05298_,28.8µm
net119,28.765µm
u_picorv32.picorv32_core.cpuregs\[21\]\[26\],28.765µm
u_picorv32.picorv32_core.cpuregs\[22\]\[29\],28.76µm
u_picorv32.picorv32_core.count_cycle\[3\],28.735µm
u_picorv32.picorv32_core.mem_rdata_q\[0\],28.725µm
u_picorv32.picorv32_core.cpuregs\[6\]\[11\],28.715µm
_05565_,28.7µm
u_picorv32.picorv32_core.cpuregs\[6\]\[29\],28.7µm
u_picorv32.picorv32_core.cpuregs\[4\]\[15\],28.69µm
_05490_,28.68µm
_05042_,28.675µm
_05668_,28.675µm
u_picorv32.picorv32_core.cpuregs\[12\]\[14\],28.645µm
u_picorv32.picorv32_core.cpuregs\[14\]\[25\],28.64µm
u_picorv32.picorv32_core.cpuregs\[10\]\[9\],28.63µm
u_picorv32.picorv32_core.cpuregs\[11\]\[13\],28.63µm
u_picorv32.picorv32_core.cpuregs\[17\]\[11\],28.63µm
u_picorv32.picorv32_core.cpuregs\[9\]\[11\],28.615µm
u_picorv32.picorv32_core.cpuregs\[11\]\[7\],28.61µm
u_picorv32.picorv32_core.cpuregs\[11\]\[29\],28.6µm
u_picorv32.picorv32_core.cpuregs\[12\]\[11\],28.57µm
u_picorv32.picorv32_core.cpuregs\[15\]\[15\],28.57µm
u_picorv32.picorv32_core.cpuregs\[26\]\[8\],28.57µm
u_picorv32.picorv32_core.cpuregs\[6\]\[7\],28.565µm
_04498_,28.56µm
u_picorv32.picorv32_core.cpuregs\[29\]\[4\],28.555µm
u_picorv32.picorv32_core.cpuregs\[11\]\[5\],28.55µm
u_picorv32.picorv32_core.cpuregs\[5\]\[4\],28.53µm
u_picorv32.picorv32_core.cpuregs\[5\]\[21\],28.525µm
u_picorv32.picorv32_core.cpuregs\[13\]\[13\],28.52µm
u_picorv32.picorv32_core.cpuregs\[15\]\[16\],28.52µm
u_picorv32.picorv32_core.cpuregs\[21\]\[31\],28.52µm
u_picorv32.picorv32_core.cpuregs\[24\]\[27\],28.52µm
u_picorv32.picorv32_core.cpuregs\[16\]\[1\],28.51µm
u_picorv32.picorv32_core.cpuregs\[5\]\[5\],28.51µm
_05878_,28.5µm
u_picorv32.picorv32_core.cpuregs\[19\]\[19\],28.495µm
u_picorv32.picorv32_core.cpuregs\[27\]\[19\],28.495µm
u_picorv32.picorv32_core.cpuregs\[27\]\[22\],28.47µm
u_picorv32.picorv32_core.cpuregs\[0\]\[13\],28.465µm
_05051_,28.45µm
u_picorv32.picorv32_core.cpuregs\[30\]\[28\],28.45µm
_04993_,28.44µm
u_picorv32.picorv32_core.cpuregs\[27\]\[23\],28.44µm
u_picorv32.picorv32_core.cpuregs\[23\]\[27\],28.435µm
u_picorv32.picorv32_core.cpuregs\[14\]\[27\],28.415µm
u_picorv32.picorv32_core.cpuregs\[15\]\[5\],28.41µm
u_picorv32.picorv32_core.cpuregs\[6\]\[2\],28.41µm
u_picorv32.picorv32_core.cpuregs\[22\]\[23\],28.405µm
u_picorv32.picorv32_core.cpuregs\[10\]\[2\],28.4µm
u_picorv32.picorv32_core.cpuregs\[14\]\[4\],28.4µm
u_picorv32.picorv32_core.cpuregs\[8\]\[5\],28.4µm
_04255_,28.395µm
_02237_,28.38µm
_02356_,28.38µm
_03527_,28.38µm
_05078_,28.38µm
u_picorv32.picorv32_core.count_cycle\[18\],28.38µm
u_picorv32.picorv32_core.cpuregs\[14\]\[2\],28.375µm
u_picorv32.picorv32_core.cpuregs\[19\]\[10\],28.355µm
_03667_,28.35µm
u_picorv32.picorv32_core.cpuregs\[11\]\[6\],28.35µm
u_picorv32.picorv32_core.cpuregs\[4\]\[11\],28.35µm
u_picorv32.picorv32_core.cpuregs\[16\]\[30\],28.34µm
u_picorv32.picorv32_core.cpuregs\[20\]\[7\],28.34µm
_01760_,28.33µm
_03584_,28.33µm
u_picorv32.picorv32_core.cpuregs\[9\]\[27\],28.33µm
_03636_,28.325µm
u_picorv32.picorv32_core.cpuregs\[29\]\[29\],28.325µm
_01723_,28.31µm
u_picorv32.picorv32_core.cpuregs\[10\]\[15\],28.305µm
u_picorv32.picorv32_core.reg_next_pc\[22\],28.305µm
u_picorv32.picorv32_core.cpuregs\[14\]\[9\],28.3µm
u_picorv32.picorv32_core.cpuregs\[27\]\[29\],28.295µm
u_picorv32.picorv32_core.cpuregs\[10\]\[19\],28.285µm
u_picorv32.picorv32_core.cpuregs\[26\]\[21\],28.27µm
u_picorv32.picorv32_core.cpuregs\[17\]\[6\],28.225µm
u_picorv32.picorv32_core.cpuregs\[0\]\[14\],28.21µm
u_picorv32.picorv32_core.cpuregs\[13\]\[10\],28.21µm
u_picorv32.picorv32_core.cpuregs\[21\]\[30\],28.21µm
_05470_,28.2µm
u_picorv32.picorv32_core.cpuregs\[7\]\[17\],28.195µm
u_picorv32.picorv32_core.cpuregs\[15\]\[12\],28.185µm
u_picorv32.picorv32_core.cpuregs\[25\]\[14\],28.185µm
u_picorv32.picorv32_core.cpuregs\[19\]\[5\],28.165µm
u_picorv32.picorv32_core.cpuregs\[23\]\[22\],28.165µm
u_picorv32.picorv32_core.mem_rdata_q\[17\],28.165µm
u_picorv32.picorv32_core.cpuregs\[18\]\[19\],28.15µm
u_picorv32.picorv32_core.cpuregs\[14\]\[3\],28.14µm
u_picorv32.picorv32_core.cpuregs\[22\]\[10\],28.09µm
u_picorv32.picorv32_core.cpuregs\[25\]\[31\],28.09µm
_01645_,28.08µm
_04808_,28.08µm
u_picorv32.picorv32_core.cpuregs\[25\]\[19\],28.08µm
_02447_,28.075µm
u_picorv32.picorv32_core.cpuregs\[15\]\[23\],28.075µm
_02174_,28.05µm
u_picorv32.picorv32_core.cpuregs\[24\]\[4\],28.045µm
u_picorv32.picorv32_core.reg_next_pc\[8\],28.045µm
u_picorv32.picorv32_core.cpuregs\[9\]\[26\],28.04µm
u_picorv32.picorv32_core.cpuregs\[17\]\[21\],28.005µm
u_picorv32.picorv32_core.cpuregs\[1\]\[9\],27.99µm
u_picorv32.picorv32_core.cpuregs\[1\]\[28\],27.985µm
u_picorv32.picorv32_core.cpuregs\[6\]\[1\],27.98µm
u_picorv32.picorv32_core.cpuregs\[19\]\[26\],27.965µm
_03795_,27.955µm
u_picorv32.picorv32_core.cpuregs\[15\]\[21\],27.955µm
u_picorv32.picorv32_core.cpuregs\[18\]\[0\],27.925µm
u_picorv32.picorv32_core.cpuregs\[7\]\[9\],27.925µm
u_picorv32.picorv32_core.cpuregs\[8\]\[17\],27.925µm
_02326_,27.91µm
u_picorv32.picorv32_core.count_instr\[31\],27.91µm
u_picorv32.picorv32_core.cpuregs\[6\]\[24\],27.91µm
u_picorv32.picorv32_core.cpuregs\[3\]\[9\],27.865µm
u_picorv32.picorv32_core.cpuregs\[25\]\[2\],27.86µm
_04935_,27.85µm
u_picorv32.picorv32_core.cpuregs\[7\]\[23\],27.85µm
_03073_,27.845µm
_02043_,27.835µm
net3219,27.835µm
net1134,27.805µm
_01563_,27.79µm
_01321_,27.765µm
u_picorv32.picorv32_core.cpuregs\[23\]\[1\],27.765µm
u_picorv32.picorv32_core.cpuregs\[4\]\[31\],27.765µm
u_picorv32.picorv32_core.instr_bltu,27.74µm
u_picorv32.picorv32_core.cpuregs\[30\]\[19\],27.73µm
u_picorv32.picorv32_core.cpuregs\[6\]\[31\],27.73µm
net133,27.72µm
u_picorv32.picorv32_core.cpuregs\[7\]\[12\],27.72µm
u_picorv32.picorv32_core.cpuregs\[18\]\[7\],27.715µm
u_picorv32.picorv32_core.cpuregs\[7\]\[1\],27.69µm
u_picorv32.picorv32_core.cpuregs\[12\]\[6\],27.685µm
u_picorv32.picorv32_core.cpuregs\[15\]\[25\],27.675µm
_04666_,27.67µm
u_picorv32.picorv32_core.cpuregs\[23\]\[30\],27.67µm
u_picorv32.picorv32_core.cpuregs\[9\]\[24\],27.67µm
_04965_,27.66µm
u_picorv32.picorv32_core.cpuregs\[27\]\[6\],27.655µm
u_picorv32.picorv32_core.cpuregs\[13\]\[23\],27.645µm
u_picorv32.picorv32_core.decoded_imm_j\[4\],27.62µm
_05802_,27.61µm
u_picorv32.picorv32_core.cpuregs\[15\]\[6\],27.61µm
_04875_,27.6µm
_05128_,27.6µm
_02260_,27.595µm
u_picorv32.picorv32_core.cpuregs\[26\]\[17\],27.595µm
_02700_,27.59µm
u_picorv32.picorv32_core.instr_slti,27.56µm
_03133_,27.55µm
_03366_,27.55µm
_04782_,27.55µm
u_picorv32.picorv32_core.cpuregs\[16\]\[31\],27.55µm
u_picorv32.picorv32_core.cpuregs\[16\]\[3\],27.55µm
u_picorv32.picorv32_core.cpuregs\[3\]\[30\],27.55µm
_04947_,27.54µm
u_picorv32.picorv32_core.cpuregs\[3\]\[22\],27.54µm
u_picorv32.picorv32_core.cpuregs\[15\]\[17\],27.53µm
_02350_,27.525µm
_05591_,27.525µm
u_picorv32.picorv32_core.cpuregs\[18\]\[29\],27.505µm
_04083_,27.5µm
u_picorv32.picorv32_core.cpuregs\[14\]\[26\],27.49µm
u_picorv32.picorv32_core.cpuregs\[3\]\[13\],27.49µm
u_picorv32.picorv32_core.cpuregs\[30\]\[23\],27.485µm
_04973_,27.48µm
u_picorv32.picorv32_core.cpuregs\[30\]\[11\],27.48µm
u_picorv32.picorv32_core.cpuregs\[23\]\[28\],27.475µm
u_picorv32.picorv32_core.cpuregs\[11\]\[30\],27.465µm
_01862_,27.46µm
_03322_,27.46µm
u_picorv32.picorv32_core.cpuregs\[23\]\[11\],27.45µm
u_picorv32.picorv32_core.cpuregs\[29\]\[18\],27.45µm
u_picorv32.picorv32_core.cpuregs\[19\]\[20\],27.445µm
u_picorv32.picorv32_core.cpuregs\[25\]\[29\],27.445µm
u_picorv32.picorv32_core.cpuregs\[5\]\[17\],27.445µm
u_picorv32.picorv32_core.cpuregs\[9\]\[14\],27.445µm
_05165_,27.43µm
u_picorv32.picorv32_core.cpuregs\[9\]\[4\],27.43µm
_04314_,27.42µm
_03351_,27.41µm
u_picorv32.picorv32_core.cpuregs\[11\]\[2\],27.405µm
u_picorv32.picorv32_core.cpuregs\[8\]\[11\],27.395µm
_03106_,27.385µm
u_picorv32.picorv32_core.cpuregs\[2\]\[28\],27.385µm
u_picorv32.picorv32_core.cpuregs\[7\]\[21\],27.385µm
u_picorv32.picorv32_core.cpuregs\[0\]\[30\],27.37µm
u_picorv32.picorv32_core.cpuregs\[11\]\[14\],27.37µm
u_picorv32.picorv32_core.cpuregs\[17\]\[7\],27.37µm
u_picorv32.picorv32_core.cpuregs\[29\]\[3\],27.37µm
_03530_,27.365µm
_04948_,27.36µm
u_picorv32.picorv32_core.cpuregs\[1\]\[0\],27.36µm
u_picorv32.picorv32_core.cpuregs\[11\]\[31\],27.34µm
net107,27.325µm
net128,27.325µm
u_picorv32.picorv32_core.cpuregs\[11\]\[17\],27.325µm
_03149_,27.31µm
u_picorv32.picorv32_core.cpuregs\[1\]\[29\],27.28µm
u_picorv32.picorv32_core.cpuregs\[14\]\[15\],27.265µm
_05054_,27.25µm
u_picorv32.picorv32_core.cpuregs\[12\]\[10\],27.25µm
u_picorv32.picorv32_core.cpuregs\[22\]\[20\],27.25µm
u_picorv32.picorv32_core.cpuregs\[9\]\[8\],27.25µm
net3198,27.25µm
_03743_,27.24µm
_05131_,27.24µm
u_picorv32.picorv32_core.cpuregs\[29\]\[2\],27.215µm
u_picorv32.picorv32_core.cpuregs\[12\]\[15\],27.19µm
_03666_,27.18µm
_04918_,27.18µm
_05287_,27.18µm
_01674_,27.165µm
_05501_,27.165µm
u_picorv32.picorv32_core.cpuregs\[18\]\[6\],27.165µm
_04409_,27.14µm
u_picorv32.picorv32_core.cpuregs\[20\]\[1\],27.14µm
_04590_,27.13µm
u_picorv32.picorv32_core.cpuregs\[13\]\[31\],27.13µm
u_picorv32.picorv32_core.cpuregs\[29\]\[1\],27.13µm
_04979_,27.12µm
_05171_,27.12µm
u_picorv32.picorv32_core.cpuregs\[16\]\[2\],27.115µm
u_picorv32.picorv32_core.cpuregs\[14\]\[6\],27.1µm
_02934_,27.08µm
u_picorv32.picorv32_core.cpuregs\[1\]\[10\],27.08µm
u_picorv32.picorv32_core.cpuregs\[21\]\[18\],27.08µm
_04390_,27.07µm
u_picorv32.picorv32_core.cpuregs\[10\]\[26\],27.07µm
_01755_,27.055µm
_05355_,27.045µm
_05528_,27.04µm
u_picorv32.picorv32_core.cpuregs\[10\]\[0\],27.035µm
u_picorv32.picorv32_core.cpuregs\[12\]\[25\],27.02µm
u_picorv32.picorv32_core.cpuregs\[20\]\[9\],27.02µm
u_picorv32.picorv32_core.cpuregs\[15\]\[11\],27.015µm
_02158_,27.01µm
u_picorv32.picorv32_core.cpuregs\[0\]\[6\],27.01µm
u_picorv32.picorv32_core.cpuregs\[17\]\[4\],27.01µm
u_picorv32.picorv32_core.cpuregs\[19\]\[22\],27.01µm
u_picorv32.picorv32_core.cpuregs\[31\]\[23\],27.01µm
u_picorv32.picorv32_core.cpuregs\[7\]\[15\],27.01µm
u_picorv32.picorv32_core.cpuregs\[7\]\[18\],27.01µm
_05574_,27µm
u_picorv32.picorv32_core.cpuregs\[23\]\[24\],26.995µm
u_picorv32.picorv32_core.cpuregs\[23\]\[25\],26.975µm
u_picorv32.picorv32_core.cpuregs\[21\]\[19\],26.965µm
_03803_,26.96µm
_01289_,26.95µm
u_picorv32.picorv32_core.reg_pc\[16\],26.95µm
_03748_,26.92µm
u_picorv32.picorv32_core.cpuregs\[22\]\[2\],26.91µm
u_picorv32.picorv32_core.cpuregs\[3\]\[20\],26.91µm
_05488_,26.9µm
_04185_,26.89µm
_04937_,26.89µm
_05654_,26.89µm
u_picorv32.picorv32_core.cpuregs\[24\]\[5\],26.84µm
_05717_,26.835µm
_05185_,26.83µm
u_picorv32.picorv32_core.cpuregs\[15\]\[7\],26.83µm
u_picorv32.picorv32_core.cpuregs\[17\]\[25\],26.83µm
u_picorv32.picorv32_core.cpuregs\[31\]\[12\],26.805µm
u_picorv32.picorv32_core.count_cycle\[30\],26.8µm
u_picorv32.picorv32_core.cpuregs\[15\]\[4\],26.78µm
u_picorv32.picorv32_core.cpuregs\[25\]\[26\],26.78µm
u_picorv32.picorv32_core.cpuregs\[3\]\[23\],26.78µm
u_picorv32.picorv32_core.cpuregs\[8\]\[29\],26.77µm
u_picorv32.picorv32_core.cpuregs\[29\]\[21\],26.765µm
u_picorv32.picorv32_core.cpuregs\[20\]\[6\],26.76µm
u_picorv32.picorv32_core.cpuregs\[31\]\[30\],26.75µm
_03586_,26.725µm
u_picorv32.picorv32_core.cpuregs\[6\]\[26\],26.72µm
_05143_,26.71µm
u_picorv32.picorv32_core.cpuregs\[18\]\[2\],26.71µm
u_picorv32.picorv32_core.cpuregs\[28\]\[2\],26.71µm
u_picorv32.picorv32_core.reg_out\[25\],26.695µm
u_picorv32.picorv32_core.cpuregs\[8\]\[12\],26.67µm
u_picorv32.picorv32_core.cpuregs\[29\]\[9\],26.66µm
_01612_,26.65µm
_02136_,26.65µm
u_picorv32.picorv32_core.cpuregs\[11\]\[18\],26.65µm
u_picorv32.picorv32_core.cpuregs\[16\]\[29\],26.65µm
u_picorv32.picorv32_core.cpuregs\[19\]\[31\],26.65µm
u_picorv32.picorv32_core.cpuregs\[26\]\[13\],26.65µm
u_picorv32.picorv32_core.cpuregs\[5\]\[2\],26.65µm
_04544_,26.64µm
_04803_,26.64µm
_04924_,26.64µm
u_picorv32.picorv32_core.cpuregs\[14\]\[0\],26.635µm
u_picorv32.picorv32_core.cpuregs\[1\]\[26\],26.635µm
u_picorv32.picorv32_core.cpuregs\[4\]\[17\],26.62µm
u_picorv32.picorv32_core.cpuregs\[26\]\[11\],26.6µm
u_picorv32.picorv32_core.cpuregs\[8\]\[15\],26.6µm
u_picorv32.picorv32_core.cpuregs\[9\]\[25\],26.6µm
_03736_,26.59µm
_04388_,26.59µm
u_picorv32.picorv32_core.cpuregs\[12\]\[0\],26.59µm
_03379_,26.585µm
_05469_,26.585µm
u_picorv32.picorv32_core.cpuregs\[7\]\[3\],26.585µm
_02298_,26.58µm
_02414_,26.58µm
u_picorv32.picorv32_core.cpuregs\[13\]\[0\],26.58µm
_01728_,26.57µm
_01790_,26.55µm
u_picorv32.picorv32_core.cpuregs\[2\]\[31\],26.55µm
u_picorv32.picorv32_core.cpuregs\[9\]\[18\],26.54µm
u_picorv32.picorv32_core.cpuregs\[15\]\[13\],26.535µm
_02935_,26.53µm
_04658_,26.53µm
u_picorv32.picorv32_core.cpuregs\[31\]\[9\],26.53µm
u_picorv32.picorv32_core.cpuregs\[3\]\[1\],26.53µm
u_picorv32.picorv32_core.cpuregs\[7\]\[7\],26.53µm
u_picorv32.picorv32_core.cpuregs\[9\]\[19\],26.49µm
u_picorv32.picorv32_core.cpuregs\[21\]\[3\],26.485µm
u_picorv32.picorv32_core.cpuregs\[7\]\[25\],26.485µm
u_picorv32.picorv32_core.cpuregs\[25\]\[4\],26.48µm
u_picorv32.picorv32_core.cpuregs\[2\]\[19\],26.48µm
u_picorv32.picorv32_core.cpuregs\[30\]\[31\],26.47µm
u_picorv32.picorv32_core.cpuregs\[1\]\[14\],26.46µm
u_picorv32.picorv32_core.cpuregs\[18\]\[22\],26.43µm
u_picorv32.picorv32_core.cpuregs\[7\]\[10\],26.425µm
u_picorv32.picorv32_core.count_instr\[59\],26.42µm
u_picorv32.picorv32_core.cpuregs\[2\]\[27\],26.41µm
_02359_,26.4µm
_04188_,26.4µm
_04312_,26.4µm
_03007_,26.395µm
_04605_,26.395µm
u_picorv32.picorv32_core.cpuregs\[28\]\[19\],26.36µm
_01744_,26.32µm
u_picorv32.picorv32_core.cpuregs\[27\]\[14\],26.305µm
_05422_,26.29µm
_05714_,26.29µm
_05066_,26.275µm
u_picorv32.picorv32_core.cpuregs\[4\]\[1\],26.24µm
u_picorv32.picorv32_core.cpuregs\[26\]\[16\],26.23µm
u_picorv32.picorv32_core.cpuregs\[29\]\[28\],26.23µm
u_picorv32.picorv32_core.cpuregs\[27\]\[0\],26.22µm
_03112_,26.19µm
u_picorv32.picorv32_core.cpuregs\[2\]\[0\],26.185µm
_05315_,26.17µm
u_picorv32.picorv32_core.cpuregs\[17\]\[15\],26.17µm
_01572_,26.16µm
_03388_,26.155µm
u_picorv32.picorv32_core.cpuregs\[25\]\[20\],26.14µm
u_picorv32.picorv32_core.cpuregs\[12\]\[9\],26.12µm
u_picorv32.picorv32_core.cpuregs\[20\]\[2\],26.12µm
u_picorv32.picorv32_core.cpuregs\[3\]\[17\],26.12µm
_04731_,26.11µm
u_picorv32.picorv32_core.cpuregs\[30\]\[30\],26.11µm
u_picorv32.picorv32_core.cpuregs\[5\]\[7\],26.11µm
_03113_,26.105µm
_04991_,26.1µm
u_picorv32.picorv32_core.cpuregs\[2\]\[25\],26.1µm
_05551_,26.095µm
_05156_,26.085µm
u_picorv32.picorv32_core.cpuregs\[11\]\[3\],26.075µm
u_picorv32.picorv32_core.cpuregs\[3\]\[5\],26.065µm
u_picorv32.picorv32_core.cpuregs\[23\]\[5\],26.05µm
u_picorv32.picorv32_core.cpuregs\[27\]\[28\],26.05µm
_02634_,26.04µm
_02985_,26.04µm
u_picorv32.picorv32_core.cpuregs\[8\]\[13\],26.005µm
_05615_,26µm
u_picorv32.picorv32_core.cpuregs\[10\]\[13\],26µm
u_picorv32.picorv32_core.cpuregs\[22\]\[3\],26µm
u_picorv32.picorv32_core.cpuregs\[26\]\[26\],26µm
u_picorv32.picorv32_core.cpuregs\[28\]\[22\],25.995µm
_05147_,25.98µm
u_picorv32.picorv32_core.cpuregs\[0\]\[19\],25.98µm
u_picorv32.picorv32_core.cpuregs\[12\]\[31\],25.97µm
u_picorv32.picorv32_core.cpuregs\[23\]\[3\],25.97µm
u_picorv32.picorv32_core.cpuregs\[20\]\[22\],25.965µm
u_picorv32.picorv32_core.cpuregs\[6\]\[4\],25.945µm
u_picorv32.picorv32_core.cpuregs\[25\]\[30\],25.94µm
u_picorv32.picorv32_core.cpuregs\[29\]\[5\],25.94µm
u_picorv32.picorv32_core.cpu_state\[5\],25.93µm
u_picorv32.picorv32_core.cpuregs\[0\]\[27\],25.93µm
u_picorv32.picorv32_core.cpuregs\[11\]\[19\],25.905µm
u_picorv32.picorv32_core.cpuregs\[20\]\[12\],25.9µm
u_picorv32.picorv32_core.cpuregs\[26\]\[1\],25.89µm
_02975_,25.86µm
u_picorv32.picorv32_core.cpuregs\[9\]\[12\],25.85µm
u_picorv32.picorv32_core.cpuregs\[18\]\[8\],25.84µm
u_picorv32.picorv32_core.cpuregs\[1\]\[13\],25.825µm
_03656_,25.82µm
u_picorv32.picorv32_core.cpuregs\[15\]\[1\],25.82µm
u_picorv32.picorv32_core.cpuregs\[10\]\[16\],25.81µm
u_picorv32.picorv32_core.cpuregs\[26\]\[30\],25.81µm
u_picorv32.picorv32_core.cpuregs\[28\]\[6\],25.81µm
_01552_,25.785µm
_03749_,25.77µm
u_picorv32.picorv32_core.cpuregs\[3\]\[3\],25.75µm
u_picorv32.picorv32_core.cpuregs\[27\]\[2\],25.695µm
_04988_,25.69µm
u_picorv32.picorv32_core.cpuregs\[21\]\[4\],25.69µm
_04037_,25.68µm
_05292_,25.68µm
_03279_,25.675µm
u_picorv32.picorv32_core.cpuregs\[27\]\[5\],25.675µm
u_picorv32.picorv32_core.cpuregs\[7\]\[11\],25.675µm
_02151_,25.65µm
u_picorv32.picorv32_core.cpuregs\[29\]\[20\],25.645µm
u_picorv32.picorv32_core.cpuregs\[30\]\[3\],25.645µm
u_picorv32.picorv32_core.cpuregs\[10\]\[23\],25.64µm
u_picorv32.picorv32_core.cpuregs\[31\]\[24\],25.64µm
u_picorv32.picorv32_core.cpuregs\[4\]\[24\],25.635µm
_03392_,25.63µm
_01752_,25.625µm
_01677_,25.62µm
u_picorv32.picorv32_core.cpuregs\[20\]\[20\],25.62µm
u_picorv32.picorv32_core.cpuregs\[4\]\[27\],25.615µm
u_picorv32.picorv32_core.cpuregs\[26\]\[29\],25.59µm
u_picorv32.picorv32_core.cpuregs\[10\]\[17\],25.585µm
u_picorv32.picorv32_core.cpuregs\[19\]\[23\],25.585µm
_02308_,25.58µm
_03288_,25.58µm
_02524_,25.57µm
u_picorv32.picorv32_core.cpuregs\[3\]\[31\],25.57µm
_01747_,25.565µm
_03515_,25.56µm
u_picorv32.picorv32_core.cpuregs\[26\]\[27\],25.545µm
u_picorv32.picorv32_core.cpuregs\[13\]\[14\],25.535µm
_05106_,25.53µm
u_picorv32.picorv32_core.cpuregs\[23\]\[12\],25.52µm
u_picorv32.picorv32_core.cpuregs\[3\]\[4\],25.5µm
_04513_,25.49µm
_04587_,25.45µm
u_picorv32.picorv32_core.cpuregs\[12\]\[7\],25.435µm
net3196,25.425µm
u_picorv32.picorv32_core.cpuregs\[25\]\[10\],25.405µm
u_picorv32.picorv32_core.cpuregs\[24\]\[31\],25.39µm
u_picorv32.picorv32_core.cpuregs\[9\]\[22\],25.39µm
u_picorv32.picorv32_core.cpuregs\[14\]\[13\],25.385µm
_05855_,25.375µm
_01596_,25.345µm
_04655_,25.34µm
u_picorv32.picorv32_core.cpuregs\[1\]\[11\],25.34µm
u_picorv32.picorv32_core.cpuregs\[10\]\[12\],25.335µm
_04449_,25.33µm
_04452_,25.33µm
u_picorv32.picorv32_core.cpuregs\[18\]\[27\],25.33µm
u_picorv32.picorv32_core.cpuregs\[23\]\[8\],25.33µm
u_picorv32.picorv32_core.cpuregs\[25\]\[0\],25.325µm
u_picorv32.picorv32_core.reg_out\[31\],25.315µm
net3226,25.315µm
u_picorv32.picorv32_core.cpuregs\[1\]\[4\],25.28µm
u_picorv32.picorv32_core.cpuregs\[9\]\[20\],25.28µm
_04961_,25.27µm
u_picorv32.picorv32_core.alu_out_q\[9\],25.27µm
u_picorv32.picorv32_core.cpuregs\[13\]\[29\],25.27µm
u_picorv32.picorv32_core.cpuregs\[27\]\[8\],25.27µm
u_picorv32.picorv32_core.reg_out\[12\],25.27µm
_02801_,25.26µm
_05261_,25.26µm
_05412_,25.26µm
u_picorv32.picorv32_core.cpuregs\[29\]\[14\],25.245µm
u_picorv32.picorv32_core.cpuregs\[25\]\[16\],25.235µm
u_picorv32.picorv32_core.cpuregs\[19\]\[2\],25.22µm
u_picorv32.picorv32_core.cpuregs\[27\]\[21\],25.22µm
_03810_,25.21µm
_04951_,25.21µm
u_picorv32.picorv32_core.cpuregs\[28\]\[4\],25.21µm
_04754_,25.2µm
u_picorv32.picorv32_core.cpuregs\[7\]\[6\],25.2µm
_02604_,25.15µm
u_picorv32.picorv32_core.cpuregs\[18\]\[3\],25.145µm
u_picorv32.picorv32_core.cpuregs\[25\]\[9\],25.14µm
u_picorv32.picorv32_core.cpuregs\[16\]\[18\],25.105µm
_04522_,25.09µm
u_picorv32.picorv32_core.cpuregs\[27\]\[7\],25.09µm
u_picorv32.picorv32_core.cpuregs\[7\]\[5\],25.09µm
_05097_,25.08µm
u_picorv32.picorv32_core.cpuregs\[12\]\[3\],25.055µm
u_picorv32.picorv32_core.cpuregs\[5\]\[23\],25.055µm
u_picorv32.picorv32_core.instr_sltu,25.05µm
u_picorv32.picorv32_core.cpuregs\[23\]\[20\],25.045µm
_01756_,25.04µm
_05209_,25.03µm
u_picorv32.picorv32_core.cpuregs\[24\]\[3\],25.03µm
u_picorv32.picorv32_core.cpuregs\[27\]\[17\],25.03µm
_02069_,25.02µm
_04035_,25.02µm
u_picorv32.picorv32_core.cpuregs\[9\]\[17\],25.02µm
net31,25.015µm
_01629_,25.005µm
_05665_,25µm
_04282_,24.98µm
u_picorv32.picorv32_core.count_cycle\[59\],24.98µm
u_picorv32.picorv32_core.cpuregs\[6\]\[0\],24.98µm
u_picorv32.picorv32_core.cpuregs\[3\]\[12\],24.97µm
_04724_,24.96µm
u_picorv32.picorv32_core.cpuregs\[15\]\[29\],24.955µm
u_picorv32.picorv32_core.cpuregs\[16\]\[28\],24.955µm
u_picorv32.picorv32_core.cpuregs\[22\]\[8\],24.945µm
u_picorv32.picorv32_core.cpuregs\[21\]\[9\],24.915µm
_04256_,24.91µm
_05000_,24.91µm
u_picorv32.picorv32_core.cpuregs\[26\]\[23\],24.91µm
u_picorv32.picorv32_core.cpuregs\[30\]\[24\],24.91µm
u_picorv32.picorv32_core.cpuregs\[31\]\[14\],24.885µm
u_picorv32.picorv32_core.cpuregs\[6\]\[5\],24.885µm
u_picorv32.picorv32_core.cpuregs\[17\]\[23\],24.85µm
u_picorv32.picorv32_core.cpuregs\[18\]\[20\],24.84µm
_03713_,24.815µm
u_picorv32.picorv32_core.cpuregs\[24\]\[23\],24.8µm
u_picorv32.picorv32_core.cpuregs\[27\]\[27\],24.8µm
u_picorv32.picorv32_core.cpuregs\[3\]\[26\],24.79µm
_01780_,24.78µm
u_picorv32.picorv32_core.cpuregs\[13\]\[22\],24.78µm
u_picorv32.picorv32_core.cpuregs\[13\]\[15\],24.775µm
_02967_,24.76µm
_03580_,24.755µm
u_picorv32.picorv32_core.cpuregs\[31\]\[26\],24.755µm
_01768_,24.74µm
u_picorv32.picorv32_core.cpuregs\[18\]\[24\],24.74µm
u_picorv32.picorv32_core.cpuregs\[23\]\[14\],24.74µm
u_picorv32.picorv32_core.cpuregs\[24\]\[2\],24.74µm
_02789_,24.735µm
_05259_,24.73µm
_05471_,24.73µm
u_picorv32.picorv32_core.cpuregs\[3\]\[19\],24.73µm
_04215_,24.72µm
_02076_,24.715µm
u_picorv32.picorv32_core.cpuregs\[3\]\[25\],24.7µm
u_picorv32.picorv32_core.cpuregs\[24\]\[0\],24.69µm
_05095_,24.68µm
u_picorv32.picorv32_core.cpuregs\[25\]\[7\],24.68µm
u_picorv32.picorv32_core.cpuregs\[2\]\[22\],24.68µm
_03558_,24.675µm
_05311_,24.67µm
u_picorv32.picorv32_core.cpuregs\[22\]\[7\],24.67µm
u_picorv32.picorv32_core.cpuregs\[4\]\[13\],24.665µm
u_picorv32.picorv32_core.cpuregs\[2\]\[9\],24.66µm
u_picorv32.picorv32_core.cpuregs\[8\]\[8\],24.66µm
u_picorv32.picorv32_core.cpuregs\[30\]\[21\],24.645µm
u_picorv32.picorv32_core.cpuregs\[26\]\[18\],24.625µm
u_picorv32.picorv32_core.decoded_rd\[0\],24.625µm
_02454_,24.62µm
u_picorv32.picorv32_core.mem_do_wdata,24.61µm
_01713_,24.605µm
u_picorv32.picorv32_core.cpuregs\[15\]\[0\],24.595µm
u_picorv32.picorv32_core.cpuregs\[18\]\[4\],24.575µm
u_picorv32.picorv32_core.cpuregs\[17\]\[2\],24.56µm
u_picorv32.picorv32_core.cpuregs\[25\]\[17\],24.56µm
_04679_,24.55µm
u_picorv32.picorv32_core.cpuregs\[19\]\[27\],24.545µm
_04047_,24.54µm
_04729_,24.54µm
_05005_,24.54µm
_05030_,24.54µm
_05154_,24.54µm
_05231_,24.54µm
u_picorv32.picorv32_core.cpuregs\[24\]\[1\],24.525µm
u_picorv32.picorv32_core.cpuregs\[19\]\[15\],24.51µm
_02964_,24.505µm
net32,24.505µm
u_picorv32.picorv32_core.cpuregs\[20\]\[28\],24.505µm
_05024_,24.5µm
u_picorv32.picorv32_core.cpuregs\[16\]\[9\],24.5µm
_03314_,24.495µm
u_picorv32.picorv32_core.cpuregs\[2\]\[21\],24.49µm
_03471_,24.48µm
net111,24.465µm
_03425_,24.43µm
_03900_,24.43µm
u_picorv32.picorv32_core.cpuregs\[1\]\[8\],24.4µm
_02379_,24.395µm
_02715_,24.37µm
_05906_,24.36µm
u_picorv32.picorv32_core.cpuregs\[2\]\[18\],24.355µm
_05516_,24.345µm
_04720_,24.32µm
u_picorv32.picorv32_core.cpuregs\[19\]\[1\],24.32µm
u_picorv32.picorv32_core.cpuregs\[5\]\[3\],24.32µm
u_picorv32.picorv32_core.cpuregs\[18\]\[30\],24.315µm
_01638_,24.31µm
_04247_,24.31µm
_05053_,24.31µm
u_picorv32.picorv32_core.cpuregs\[2\]\[1\],24.31µm
net558,24.31µm
_05327_,24.3µm
u_picorv32.picorv32_core.cpuregs\[3\]\[18\],24.295µm
_05675_,24.275µm
u_picorv32.picorv32_core.cpuregs\[21\]\[16\],24.275µm
u_picorv32.picorv32_core.cpuregs\[23\]\[18\],24.265µm
u_picorv32.picorv32_core.cpuregs\[3\]\[24\],24.265µm
u_picorv32.picorv32_core.cpuregs\[19\]\[18\],24.26µm
_03768_,24.25µm
_05596_,24.25µm
u_picorv32.picorv32_core.cpuregs\[0\]\[0\],24.245µm
_03481_,24.24µm
_03210_,24.19µm
_05236_,24.19µm
_03126_,24.13µm
_05146_,24.13µm
u_picorv32.picorv32_core.cpuregs\[3\]\[28\],24.13µm
_04946_,24.12µm
u_picorv32.picorv32_core.cpuregs\[28\]\[17\],24.095µm
_02295_,24.08µm
u_picorv32.picorv32_core.cpuregs\[5\]\[27\],24.08µm
_05012_,24.06µm
_04707_,24.03µm
u_picorv32.picorv32_core.cpuregs\[11\]\[9\],24.03µm
_03779_,24.02µm
u_picorv32.picorv32_core.cpuregs\[10\]\[3\],24.02µm
u_picorv32.picorv32_core.cpuregs\[3\]\[14\],24.02µm
_01682_,24.01µm
_04472_,24µm
u_picorv32.picorv32_core.cpuregs\[4\]\[28\],23.995µm
u_picorv32.picorv32_core.cpuregs\[8\]\[14\],23.995µm
u_picorv32.picorv32_core.cpuregs\[28\]\[23\],23.96µm
u_picorv32.picorv32_core.cpuregs\[21\]\[10\],23.95µm
u_picorv32.picorv32_core.cpuregs\[4\]\[25\],23.935µm
_02152_,23.93µm
_04804_,23.92µm
u_picorv32.picorv32_core.cpuregs\[20\]\[21\],23.915µm
_04399_,23.91µm
_04164_,23.9µm
_05463_,23.89µm
u_picorv32.picorv32_core.cpuregs\[15\]\[31\],23.875µm
u_picorv32.picorv32_core.cpuregs\[18\]\[12\],23.86µm
_01797_,23.845µm
_02482_,23.84µm
_03034_,23.84µm
_03679_,23.84µm
_04248_,23.84µm
u_picorv32.picorv32_core.cpuregs\[0\]\[31\],23.84µm
u_picorv32.picorv32_core.cpuregs\[12\]\[27\],23.84µm
u_picorv32.picorv32_core.cpuregs\[14\]\[14\],23.84µm
u_picorv32.picorv32_core.cpuregs\[24\]\[25\],23.83µm
_05765_,23.825µm
_06010_,23.81µm
_05536_,23.8µm
_02553_,23.77µm
u_picorv32.picorv32_core.cpuregs\[0\]\[21\],23.77µm
_01661_,23.76µm
_01947_,23.76µm
_04711_,23.76µm
u_picorv32.picorv32_core.cpuregs\[13\]\[25\],23.76µm
u_picorv32.picorv32_core.cpuregs\[23\]\[23\],23.755µm
u_picorv32.picorv32_core.cpuregs\[3\]\[2\],23.755µm
u_picorv32.picorv32_core.cpuregs\[26\]\[15\],23.735µm
_03185_,23.725µm
u_picorv32.picorv32_core.cpuregs\[4\]\[30\],23.725µm
u_picorv32.picorv32_core.cpuregs\[10\]\[10\],23.72µm
u_picorv32.picorv32_core.cpuregs\[4\]\[8\],23.72µm
_01603_,23.71µm
_05134_,23.71µm
u_picorv32.picorv32_core.reg_next_pc\[21\],23.705µm
u_picorv32.picorv32_core.cpuregs\[24\]\[17\],23.68µm
u_picorv32.picorv32_core.cpuregs\[0\]\[18\],23.675µm
u_picorv32.picorv32_core.cpuregs\[11\]\[26\],23.665µm
u_picorv32.picorv32_core.cpuregs\[10\]\[1\],23.66µm
u_picorv32.picorv32_core.cpuregs\[9\]\[1\],23.66µm
u_picorv32.picorv32_core.cpuregs\[3\]\[10\],23.65µm
u_picorv32.picorv32_core.cpuregs\[4\]\[23\],23.645µm
_05082_,23.64µm
_05018_,23.6µm
u_picorv32.picorv32_core.cpuregs\[6\]\[20\],23.6µm
_05194_,23.59µm
u_picorv32.picorv32_core.cpuregs\[25\]\[18\],23.59µm
u_picorv32.picorv32_core.cpuregs\[28\]\[5\],23.59µm
u_picorv32.picorv32_core.cpuregs\[9\]\[2\],23.58µm
_01604_,23.54µm
_03409_,23.53µm
u_picorv32.picorv32_core.cpuregs\[16\]\[19\],23.53µm
_02830_,23.52µm
_05985_,23.52µm
_03071_,23.495µm
_05562_,23.49µm
u_picorv32.picorv32_core.cpuregs\[12\]\[12\],23.49µm
_02713_,23.47µm
u_picorv32.picorv32_core.cpuregs\[11\]\[4\],23.47µm
u_picorv32.picorv32_core.cpuregs\[29\]\[24\],23.435µm
u_picorv32.picorv32_core.cpuregs\[29\]\[10\],23.425µm
_03096_,23.415µm
net116,23.41µm
u_picorv32.picorv32_core.cpuregs\[15\]\[9\],23.41µm
u_picorv32.picorv32_core.cpuregs\[23\]\[15\],23.41µm
u_picorv32.picorv32_core.cpuregs\[26\]\[2\],23.41µm
_04329_,23.4µm
u_picorv32.picorv32_core.cpuregs\[0\]\[24\],23.4µm
u_picorv32.picorv32_core.cpuregs\[19\]\[8\],23.4µm
u_picorv32.picorv32_core.cpuregs\[5\]\[0\],23.4µm
_02776_,23.395µm
_02939_,23.395µm
_05338_,23.34µm
_05451_,23.34µm
u_picorv32.picorv32_core.cpuregs\[22\]\[26\],23.34µm
u_picorv32.picorv32_core.cpuregs\[31\]\[27\],23.34µm
net1496,23.34µm
u_picorv32.picorv32_core.cpuregs\[14\]\[28\],23.335µm
u_picorv32.picorv32_core.cpuregs\[8\]\[26\],23.315µm
u_picorv32.picorv32_core.cpuregs\[2\]\[15\],23.31µm
_03341_,23.3µm
u_picorv32.picorv32_core.cpuregs\[12\]\[29\],23.3µm
u_picorv32.picorv32_core.cpuregs\[6\]\[13\],23.3µm
u_picorv32.picorv32_core.cpuregs\[11\]\[1\],23.29µm
u_picorv32.picorv32_core.cpuregs\[27\]\[11\],23.29µm
u_picorv32.picorv32_core.cpuregs\[31\]\[6\],23.29µm
u_picorv32.picorv32_core.cpuregs\[7\]\[24\],23.29µm
_02649_,23.28µm
_03729_,23.28µm
_04081_,23.28µm
u_picorv32.picorv32_core.reg_next_pc\[29\],23.28µm
_05349_,23.275µm
_05861_,23.24µm
u_picorv32.picorv32_core.cpuregs\[0\]\[25\],23.24µm
u_picorv32.picorv32_core.cpuregs\[28\]\[21\],23.24µm
u_picorv32.picorv32_core.cpuregs\[4\]\[0\],23.24µm
_04078_,23.23µm
u_picorv32.picorv32_core.reg_pc\[26\],23.23µm
_05130_,23.22µm
u_picorv32.picorv32_core.cpuregs\[25\]\[23\],23.19µm
u_picorv32.picorv32_core.decoded_rd\[1\],23.185µm
u_picorv32.picorv32_core.cpuregs\[14\]\[30\],23.18µm
u_picorv32.picorv32_core.cpuregs\[5\]\[26\],23.18µm
_02159_,23.175µm
u_picorv32.picorv32_core.cpuregs\[15\]\[19\],23.17µm
_05059_,23.16µm
u_picorv32.picorv32_core.cpuregs\[27\]\[9\],23.16µm
u_picorv32.picorv32_core.cpuregs\[16\]\[0\],23.155µm
u_picorv32.picorv32_core.cpuregs\[11\]\[20\],23.14µm
u_picorv32.picorv32_core.cpuregs\[2\]\[4\],23.12µm
u_picorv32.picorv32_core.cpuregs\[9\]\[15\],23.12µm
_05301_,23.1µm
u_picorv32.picorv32_core.cpuregs\[10\]\[21\],23.1µm
u_picorv32.picorv32_core.cpuregs\[19\]\[6\],23.075µm
u_picorv32.picorv32_core.cpuregs\[25\]\[22\],23.075µm
u_picorv32.picorv32_core.cpuregs\[0\]\[4\],23.065µm
u_picorv32.picorv32_core.cpuregs\[24\]\[21\],23.065µm
_01746_,23.06µm
_01808_,23.06µm
u_picorv32.picorv32_core.cpuregs\[2\]\[8\],23.06µm
u_picorv32.picorv32_core.cpuregs\[23\]\[9\],23.015µm
_01898_,23µm
_01702_,22.99µm
_05464_,22.99µm
_01814_,22.97µm
u_picorv32.picorv32_core.cpuregs\[7\]\[0\],22.955µm
_01734_,22.94µm
_01794_,22.93µm
_05288_,22.93µm
u_picorv32.picorv32_core.cpuregs\[0\]\[12\],22.93µm
_03588_,22.91µm
u_picorv32.picorv32_core.cpuregs\[1\]\[24\],22.87µm
u_picorv32.picorv32_core.cpuregs\[25\]\[15\],22.86µm
u_picorv32.picorv32_core.cpuregs\[14\]\[7\],22.855µm
net644,22.825µm
u_picorv32.picorv32_core.cpuregs\[21\]\[1\],22.81µm
u_picorv32.picorv32_core.cpuregs\[31\]\[28\],22.81µm
u_picorv32.picorv32_core.cpuregs\[5\]\[9\],22.81µm
u_picorv32.picorv32_core.cpuregs\[6\]\[22\],22.81µm
_04310_,22.805µm
_02192_,22.8µm
u_picorv32.picorv32_core.cpuregs\[16\]\[27\],22.775µm
u_picorv32.picorv32_core.cpuregs\[21\]\[2\],22.765µm
u_picorv32.picorv32_core.cpuregs\[16\]\[15\],22.76µm
u_picorv32.picorv32_core.cpuregs\[20\]\[13\],22.76µm
u_picorv32.picorv32_core.cpuregs\[24\]\[9\],22.76µm
_02168_,22.755µm
_05015_,22.75µm
_01906_,22.74µm
u_picorv32.picorv32_core.cpuregs\[11\]\[24\],22.72µm
u_picorv32.picorv32_core.cpuregs\[24\]\[7\],22.715µm
_01858_,22.71µm
u_picorv32.picorv32_core.cpuregs\[28\]\[11\],22.71µm
_02448_,22.705µm
_04325_,22.7µm
_05729_,22.7µm
u_picorv32.picorv32_core.cpuregs\[1\]\[23\],22.7µm
u_picorv32.picorv32_core.cpuregs\[31\]\[17\],22.695µm
_03045_,22.69µm
_04974_,22.69µm
u_picorv32.picorv32_core.reg_next_pc\[9\],22.665µm
u_picorv32.picorv32_core.cpuregs\[22\]\[21\],22.645µm
net1597,22.63µm
u_picorv32.picorv32_core.count_instr\[3\],22.6µm
u_picorv32.picorv32_core.cpuregs\[18\]\[14\],22.595µm
_02236_,22.59µm
u_picorv32.picorv32_core.cpuregs\[31\]\[20\],22.59µm
net1593,22.58µm
net1594,22.58µm
net1595,22.58µm
net1596,22.58µm
u_picorv32.picorv32_core.cpuregs\[11\]\[16\],22.58µm
u_picorv32.picorv32_core.instr_slt,22.58µm
_03467_,22.57µm
_05186_,22.53µm
_01625_,22.51µm
_01676_,22.51µm
_03600_,22.51µm
u_picorv32.picorv32_core.cpuregs\[18\]\[1\],22.51µm
u_picorv32.picorv32_core.cpuregs\[23\]\[26\],22.495µm
u_picorv32.picorv32_core.reg_next_pc\[23\],22.485µm
u_picorv32.picorv32_core.cpuregs\[6\]\[17\],22.46µm
_03151_,22.45µm
_05291_,22.45µm
u_picorv32.picorv32_core.cpuregs\[12\]\[2\],22.45µm
u_picorv32.picorv32_core.cpuregs\[3\]\[6\],22.45µm
_02788_,22.44µm
_04447_,22.435µm
u_picorv32.picorv32_core.cpuregs\[22\]\[4\],22.435µm
u_picorv32.picorv32_core.cpuregs\[30\]\[0\],22.435µm
_04585_,22.425µm
u_picorv32.picorv32_core.cpuregs\[20\]\[18\],22.425µm
u_picorv32.picorv32_core.cpuregs\[9\]\[3\],22.41µm
_04305_,22.405µm
u_picorv32.picorv32_core.cpuregs\[9\]\[13\],22.4µm
_03229_,22.39µm
u_picorv32.picorv32_core.cpuregs\[4\]\[6\],22.39µm
_04316_,22.38µm
u_picorv32.picorv32_core.cpuregs\[22\]\[17\],22.375µm
_01599_,22.365µm
u_picorv32.picorv32_core.cpuregs\[18\]\[11\],22.345µm
_01732_,22.34µm
u_picorv32.picorv32_core.cpuregs\[18\]\[21\],22.34µm
_03549_,22.335µm
u_picorv32.picorv32_core.cpuregs\[11\]\[11\],22.33µm
u_picorv32.picorv32_core.cpuregs\[12\]\[24\],22.33µm
u_picorv32.picorv32_core.cpuregs\[28\]\[16\],22.33µm
u_picorv32.picorv32_core.cpuregs\[4\]\[19\],22.33µm
_01836_,22.325µm
u_picorv32.picorv32_core.cpuregs\[8\]\[18\],22.305µm
u_picorv32.picorv32_core.cpuregs\[18\]\[26\],22.285µm
u_picorv32.picorv32_core.cpuregs\[23\]\[29\],22.285µm
u_picorv32.picorv32_core.cpuregs\[16\]\[22\],22.28µm
u_picorv32.picorv32_core.cpuregs\[23\]\[13\],22.28µm
u_picorv32.picorv32_core.instr_srl,22.28µm
u_picorv32.picorv32_core.cpuregs\[8\]\[16\],22.27µm
net115,22.26µm
u_picorv32.picorv32_core.cpuregs\[28\]\[20\],22.23µm
_01973_,22.22µm
_02970_,22.22µm
_03672_,22.22µm
u_picorv32.picorv32_core.cpuregs\[10\]\[29\],22.22µm
_01823_,22.21µm
_05262_,22.21µm
u_picorv32.picorv32_core.cpuregs\[4\]\[7\],22.21µm
u_picorv32.picorv32_core.cpuregs\[5\]\[11\],22.21µm
_05277_,22.2µm
u_picorv32.picorv32_core.cpuregs\[10\]\[31\],22.19µm
u_picorv32.picorv32_core.cpuregs\[21\]\[13\],22.175µm
_01737_,22.17µm
u_picorv32.picorv32_core.cpuregs\[14\]\[10\],22.17µm
u_picorv32.picorv32_core.mem_state\[1\],22.16µm
u_picorv32.picorv32_core.cpuregs\[26\]\[4\],22.15µm
_02792_,22.14µm
_01712_,22.105µm
_01619_,22.09µm
_06012_,22.08µm
_03513_,22.06µm
_03637_,22.03µm
_03805_,22.025µm
_01837_,22.02µm
u_picorv32.picorv32_core.cpuregs\[29\]\[6\],21.995µm
_01709_,21.99µm
_03801_,21.985µm
_05452_,21.98µm
_05698_,21.98µm
_03148_,21.97µm
_05257_,21.97µm
_05612_,21.97µm
u_picorv32.picorv32_core.cpuregs\[12\]\[1\],21.97µm
_04251_,21.96µm
u_picorv32.picorv32_core.cpuregs\[5\]\[29\],21.955µm
net647,21.945µm
_01569_,21.91µm
u_picorv32.picorv32_core.cpuregs\[16\]\[11\],21.91µm
u_picorv32.picorv32_core.cpuregs\[7\]\[31\],21.865µm
u_picorv32.picorv32_core.instr_blt,21.86µm
_05157_,21.85µm
u_picorv32.picorv32_core.cpuregs\[2\]\[29\],21.85µm
u_picorv32.picorv32_core.cpuregs\[3\]\[21\],21.85µm
mem_axi_wdata[8],21.81µm
u_picorv32.picorv32_core.is_slti_blt_slt,21.8µm
_02773_,21.795µm
_05197_,21.79µm
u_picorv32.picorv32_core.cpuregs\[20\]\[14\],21.79µm
u_picorv32.picorv32_core.mem_rdata_q\[15\],21.79µm
_04975_,21.78µm
_05182_,21.78µm
net364,21.76µm
_05693_,21.73µm
_04254_,21.72µm
_05080_,21.72µm
u_picorv32.picorv32_core.cpuregs\[13\]\[18\],21.695µm
_02690_,21.67µm
_04929_,21.66µm
u_picorv32.picorv32_core.cpuregs\[2\]\[16\],21.66µm
_01915_,21.65µm
u_picorv32.picorv32_core.cpuregs\[6\]\[19\],21.63µm
u_picorv32.picorv32_core.cpuregs\[21\]\[29\],21.62µm
_03220_,21.55µm
u_picorv32.picorv32_core.cpuregs\[1\]\[1\],21.55µm
u_picorv32.picorv32_core.cpuregs\[7\]\[30\],21.55µm
u_picorv32.picorv32_core.cpu_state\[2\],21.54µm
u_picorv32.picorv32_core.cpuregs\[20\]\[15\],21.54µm
u_picorv32.picorv32_core.cpuregs\[22\]\[13\],21.535µm
u_picorv32.picorv32_core.cpuregs\[7\]\[8\],21.52µm
_03152_,21.49µm
_03415_,21.49µm
u_picorv32.picorv32_core.cpuregs\[22\]\[14\],21.49µm
_02050_,21.48µm
_03306_,21.48µm
_05418_,21.48µm
_02505_,21.475µm
u_picorv32.picorv32_core.cpuregs\[14\]\[5\],21.47µm
u_picorv32.picorv32_core.cpuregs\[24\]\[6\],21.455µm
_03136_,21.445µm
u_picorv32.picorv32_core.cpuregs\[28\]\[8\],21.445µm
u_picorv32.picorv32_core.cpuregs\[2\]\[30\],21.445µm
_04511_,21.44µm
_03194_,21.43µm
_04562_,21.425µm
_03944_,21.42µm
_03222_,21.415µm
_05407_,21.415µm
u_picorv32.picorv32_core.cpuregs\[7\]\[19\],21.415µm
u_picorv32.picorv32_core.cpuregs\[18\]\[18\],21.405µm
u_picorv32.picorv32_core.cpuregs\[13\]\[24\],21.38µm
_02716_,21.375µm
_03399_,21.37µm
_03440_,21.37µm
_05246_,21.37µm
_03629_,21.34µm
u_picorv32.picorv32_core.cpuregs\[10\]\[8\],21.335µm
u_picorv32.picorv32_core.cpuregs\[18\]\[28\],21.32µm
_05045_,21.31µm
_05650_,21.31µm
_03724_,21.27µm
_04584_,21.27µm
mem_axi_awready,21.26µm
mem_axi_bvalid,21.26µm
mem_axi_wready,21.26µm
_03312_,21.25µm
u_picorv32.picorv32_core.cpuregs\[30\]\[5\],21.25µm
u_picorv32.picorv32_core.cpuregs\[7\]\[20\],21.25µm
_05132_,21.24µm
u_picorv32.picorv32_core.cpuregs\[26\]\[9\],21.225µm
_03612_,21.215µm
u_picorv32.picorv32_core.cpuregs\[26\]\[3\],21.215µm
_01859_,21.21µm
u_picorv32.picorv32_core.cpuregs\[1\]\[6\],21.21µm
u_picorv32.picorv32_core.cpuregs\[28\]\[0\],21.21µm
u_picorv32.picorv32_core.cpuregs\[24\]\[18\],21.2µm
_03689_,21.19µm
_04592_,21.19µm
u_picorv32.picorv32_core.cpuregs\[16\]\[17\],21.19µm
u_picorv32.picorv32_core.cpuregs\[4\]\[2\],21.185µm
_01567_,21.145µm
u_picorv32.picorv32_core.cpuregs\[6\]\[25\],21.13µm
_04693_,21.12µm
_02065_,21.115µm
_01716_,21.1µm
_05838_,21.08µm
u_picorv32.picorv32_core.is_slli_srli_srai,21.07µm
_02337_,21.025µm
u_picorv32.picorv32_core.reg_next_pc\[25\],21.02µm
u_picorv32.picorv32_core.cpuregs\[26\]\[25\],21.015µm
_05271_,21.01µm
u_picorv32.picorv32_core.cpuregs\[19\]\[9\],21.01µm
u_picorv32.picorv32_core.cpuregs\[1\]\[25\],20.995µm
_01664_,20.98µm
_04508_,20.97µm
u_picorv32.picorv32_core.cpuregs\[0\]\[29\],20.97µm
u_picorv32.picorv32_core.is_compare,20.97µm
_04266_,20.96µm
mem_axi_awaddr[28],20.96µm
mem_axi_awaddr[29],20.96µm
mem_axi_awaddr[31],20.96µm
mem_axi_bready,20.96µm
mem_axi_wdata[20],20.96µm
mem_axi_wdata[21],20.96µm
mem_axi_wdata[22],20.96µm
mem_axi_wdata[23],20.96µm
mem_axi_wdata[24],20.96µm
mem_axi_wdata[25],20.96µm
mem_axi_wstrb[0],20.96µm
mem_axi_wstrb[1],20.96µm
mem_axi_wstrb[2],20.96µm
mem_axi_wstrb[3],20.96µm
_05252_,20.95µm
u_picorv32.picorv32_core.cpuregs\[19\]\[7\],20.95µm
_05224_,20.94µm
u_picorv32.picorv32_core.cpuregs\[26\]\[5\],20.94µm
net1139,20.935µm
u_picorv32.picorv32_core.cpuregs\[24\]\[11\],20.905µm
_02073_,20.9µm
_02839_,20.89µm
u_picorv32.picorv32_core.cpuregs\[4\]\[26\],20.89µm
_01792_,20.875µm
u_picorv32.picorv32_core.cpuregs\[6\]\[12\],20.85µm
_04631_,20.83µm
_03230_,20.81µm
_04243_,20.8µm
_01951_,20.795µm
u_picorv32.picorv32_core.cpuregs\[1\]\[19\],20.795µm
_05828_,20.785µm
_03561_,20.77µm
_03776_,20.77µm
_04728_,20.76µm
_04789_,20.76µm
_05339_,20.76µm
u_picorv32.picorv32_core.cpuregs\[28\]\[28\],20.755µm
_03687_,20.73µm
_02437_,20.72µm
_03646_,20.715µm
_05173_,20.7µm
u_picorv32.picorv32_core.cpuregs\[28\]\[18\],20.69µm
u_picorv32.picorv32_core.cpuregs\[19\]\[17\],20.67µm
_02987_,20.665µm
_02407_,20.655µm
_04428_,20.64µm
_05242_,20.64µm
_05381_,20.625µm
u_picorv32.picorv32_core.cpuregs\[0\]\[15\],20.6µm
u_picorv32.picorv32_core.cpuregs\[7\]\[4\],20.6µm
_04358_,20.595µm
u_picorv32.pcpi_rs1\[19\],20.59µm
_00325_,20.53µm
_02122_,20.52µm
_03797_,20.52µm
_05052_,20.52µm
u_picorv32.picorv32_core.cpuregs\[19\]\[11\],20.52µm
_05380_,20.515µm
u_picorv32.picorv32_core.cpuregs\[9\]\[5\],20.5µm
u_picorv32.picorv32_core.cpuregs\[5\]\[24\],20.48µm
mem_axi_awaddr[10],20.48µm
mem_axi_awaddr[11],20.48µm
mem_axi_awaddr[12],20.48µm
mem_axi_awaddr[13],20.48µm
mem_axi_awaddr[14],20.48µm
mem_axi_awaddr[15],20.48µm
mem_axi_awaddr[16],20.48µm
mem_axi_awaddr[18],20.48µm
mem_axi_awaddr[19],20.48µm
mem_axi_awaddr[20],20.48µm
mem_axi_awaddr[21],20.48µm
mem_axi_awaddr[22],20.48µm
mem_axi_awaddr[23],20.48µm
mem_axi_awaddr[24],20.48µm
mem_axi_awaddr[25],20.48µm
mem_axi_awaddr[26],20.48µm
mem_axi_awaddr[27],20.48µm
mem_axi_awaddr[2],20.48µm
mem_axi_awaddr[30],20.48µm
mem_axi_awaddr[3],20.48µm
mem_axi_awaddr[4],20.48µm
mem_axi_awaddr[5],20.48µm
mem_axi_awaddr[6],20.48µm
mem_axi_awaddr[7],20.48µm
mem_axi_awaddr[8],20.48µm
mem_axi_awaddr[9],20.48µm
mem_axi_awvalid,20.48µm
mem_axi_wdata[0],20.48µm
mem_axi_wdata[10],20.48µm
mem_axi_wdata[11],20.48µm
mem_axi_wdata[12],20.48µm
mem_axi_wdata[13],20.48µm
mem_axi_wdata[14],20.48µm
mem_axi_wdata[16],20.48µm
mem_axi_wdata[17],20.48µm
mem_axi_wdata[18],20.48µm
mem_axi_wdata[19],20.48µm
mem_axi_wdata[1],20.48µm
mem_axi_wdata[26],20.48µm
mem_axi_wdata[27],20.48µm
mem_axi_wdata[28],20.48µm
mem_axi_wdata[29],20.48µm
mem_axi_wdata[2],20.48µm
mem_axi_wdata[30],20.48µm
mem_axi_wdata[31],20.48µm
mem_axi_wdata[3],20.48µm
mem_axi_wdata[4],20.48µm
mem_axi_wdata[5],20.48µm
mem_axi_wdata[6],20.48µm
mem_axi_wdata[7],20.48µm
mem_axi_wdata[9],20.48µm
mem_axi_wvalid,20.48µm
_05439_,20.47µm
_02786_,20.46µm
_03255_,20.46µm
_04561_,20.46µm
_01722_,20.43µm
u_picorv32.picorv32_core.cpuregs\[10\]\[22\],20.425µm
_05519_,20.42µm
u_picorv32.picorv32_core.cpuregs\[20\]\[30\],20.42µm
_02775_,20.41µm
u_picorv32.picorv32_core.cpuregs\[17\]\[19\],20.385µm
_03523_,20.375µm
u_picorv32.picorv32_core.cpuregs\[1\]\[5\],20.36µm
u_picorv32.picorv32_core.cpuregs\[28\]\[29\],20.36µm
u_picorv32.picorv32_core.cpuregs\[28\]\[30\],20.36µm
_04516_,20.35µm
_05217_,20.35µm
_05340_,20.35µm
_03682_,20.345µm
_03585_,20.34µm
_04589_,20.34µm
_04726_,20.34µm
u_picorv32.picorv32_core.cpuregs\[17\]\[0\],20.31µm
_01796_,20.3µm
u_picorv32.picorv32_core.cpuregs\[7\]\[16\],20.3µm
_05620_,20.29µm
_05797_,20.28µm
u_picorv32.picorv32_core.cpuregs\[20\]\[25\],20.255µm
_04376_,20.25µm
_01320_,20.23µm
_05046_,20.22µm
u_picorv32.picorv32_core.cpuregs\[13\]\[4\],20.215µm
_05925_,20.205µm
u_picorv32.picorv32_core.cpuregs\[21\]\[11\],20.205µm
_05790_,20.19µm
u_picorv32.picorv32_core.cpuregs\[17\]\[3\],20.18µm
_02778_,20.17µm
_04978_,20.17µm
_02055_,20.16µm
_04719_,20.155µm
_03640_,20.145µm
u_picorv32.picorv32_core.cpuregs\[18\]\[10\],20.145µm
_05825_,20.14µm
u_picorv32.picorv32_core.cpuregs\[10\]\[30\],20.12µm
_03419_,20.115µm
_04467_,20.11µm
_05237_,20.11µm
u_picorv32.picorv32_core.cpuregs\[28\]\[13\],20.105µm
_05372_,20.085µm
_03360_,20.06µm
u_picorv32.picorv32_core.cpuregs\[15\]\[27\],20.06µm
u_picorv32.picorv32_core.cpuregs\[9\]\[16\],20.06µm
_02589_,20.05µm
u_picorv32.picorv32_core.cpuregs\[20\]\[3\],20.05µm
_04382_,20.04µm
_05077_,20.04µm
u_picorv32.picorv32_core.cpuregs\[11\]\[23\],20µm
u_picorv32.picorv32_core.cpuregs\[3\]\[7\],20µm
_05275_,19.99µm
net842,19.945µm
_00230_,19.92µm
_00646_,19.92µm
u_picorv32.picorv32_core.cpuregs\[2\]\[14\],19.895µm
_04990_,19.87µm
_03764_,19.855µm
u_picorv32.picorv32_core.cpuregs\[26\]\[24\],19.825µm
_01743_,19.82µm
u_picorv32.picorv32_core.cpuregs\[24\]\[22\],19.82µm
_02438_,19.81µm
_02724_,19.81µm
_05872_,19.81µm
u_picorv32.picorv32_core.reg_next_pc\[17\],19.81µm
_04120_,19.8µm
_05981_,19.8µm
u_picorv32.picorv32_core.cpuregs\[20\]\[26\],19.77µm
u_picorv32.picorv32_core.cpuregs\[12\]\[13\],19.76µm
_05326_,19.75µm
u_picorv32.picorv32_core.cpuregs\[6\]\[3\],19.71µm
_04443_,19.705µm
u_picorv32.picorv32_core.cpuregs\[19\]\[0\],19.7µm
u_picorv32.picorv32_core.cpuregs\[2\]\[17\],19.7µm
_01911_,19.69µm
u_picorv32.picorv32_core.cpuregs\[29\]\[30\],19.69µm
_02060_,19.665µm
_02263_,19.645µm
_01463_,19.63µm
u_picorv32.picorv32_core.cpuregs\[20\]\[19\],19.63µm
_01844_,19.62µm
_02758_,19.62µm
u_picorv32.picorv32_core.cpuregs\[10\]\[28\],19.6µm
u_picorv32.picorv32_core.cpuregs\[5\]\[6\],19.59µm
_02506_,19.585µm
_00050_,19.56µm
_02290_,19.56µm
_03121_,19.56µm
_05652_,19.52µm
mem_axi_wdata[15],19.52µm
_01586_,19.51µm
_02230_,19.51µm
u_picorv32.picorv32_core.reg_pc\[10\],19.505µm
net129,19.5µm
net3242,19.495µm
u_picorv32.picorv32_core.cpuregs\[1\]\[30\],19.46µm
_05661_,19.455µm
_02351_,19.45µm
u_picorv32.picorv32_core.cpuregs\[25\]\[8\],19.45µm
u_picorv32.picorv32_core.reg_out\[14\],19.45µm
_03211_,19.39µm
_04770_,19.39µm
_04986_,19.39µm
_05076_,19.39µm
u_picorv32.picorv32_core.cpuregs\[13\]\[19\],19.39µm
_05337_,19.38µm
_03100_,19.35µm
_05549_,19.345µm
_03285_,19.335µm
_01773_,19.33µm
_02062_,19.33µm
_02569_,19.33µm
_02912_,19.33µm
u_picorv32.picorv32_core.instr_addi,19.33µm
_02261_,19.32µm
_05705_,19.32µm
_05688_,19.31µm
_05666_,19.29µm
u_picorv32.picorv32_core.cpuregs\[26\]\[31\],19.29µm
_04246_,19.28µm
_04186_,19.27µm
u_picorv32.picorv32_core.latched_store,19.26µm
_02948_,19.215µm
_05904_,19.2µm
_03475_,19.185µm
net108,19.185µm
_04041_,19.15µm
u_picorv32.picorv32_core.alu_out_q\[23\],19.15µm
u_picorv32.picorv32_core.cpuregs\[0\]\[22\],19.1µm
_02929_,19.095µm
_03243_,19.09µm
_02154_,19.08µm
_05233_,19.08µm
_05882_,19.08µm
_05950_,19.08µm
_05210_,19.075µm
_05211_,19.06µm
u_picorv32.picorv32_core.cpuregs\[17\]\[31\],19.055µm
_02077_,19.04µm
u_picorv32.picorv32_core.cpuregs\[28\]\[27\],19.04µm
mem_axi_awaddr[17],19.04µm
_05016_,19.03µm
u_picorv32.picorv32_core.cpuregs\[3\]\[8\],19.03µm
u_picorv32.picorv32_core.cpuregs\[7\]\[26\],19.03µm
_04017_,19.02µm
_04038_,19.02µm
_05289_,19.02µm
_04348_,18.98µm
u_picorv32.picorv32_core.cpuregs\[25\]\[11\],18.98µm
u_picorv32.picorv32_core.cpuregs\[28\]\[14\],18.98µm
u_picorv32.picorv32_core.cpuregs\[5\]\[15\],18.98µm
_00014_,18.97µm
_03117_,18.97µm
_05029_,18.97µm
_02686_,18.96µm
_06015_,18.96µm
u_picorv32.picorv32_core.cpuregs\[13\]\[8\],18.95µm
u_picorv32.picorv32_core.cpuregs\[10\]\[14\],18.935µm
_01292_,18.92µm
_02220_,18.92µm
_03473_,18.92µm
_04432_,18.92µm
net120,18.92µm
u_picorv32.picorv32_core.cpuregs\[18\]\[13\],18.92µm
net121,18.9µm
_05013_,18.87µm
u_picorv32.picorv32_core.cpuregs\[29\]\[11\],18.87µm
_02430_,18.865µm
_02703_,18.86µm
_03015_,18.85µm
_04864_,18.85µm
_05198_,18.85µm
_05220_,18.85µm
_05564_,18.845µm
_02193_,18.84µm
u_picorv32.picorv32_core.cpuregs\[10\]\[6\],18.81µm
u_picorv32.picorv32_core.cpuregs\[20\]\[5\],18.8µm
u_picorv32.picorv32_core.cpuregs\[24\]\[13\],18.78µm
u_picorv32.picorv32_core.cpuregs\[2\]\[6\],18.765µm
_03703_,18.735µm
_05222_,18.73µm
_05250_,18.73µm
_03726_,18.695µm
_00117_,18.66µm
_05072_,18.66µm
u_picorv32.picorv32_core.mem_rdata_q\[4\],18.625µm
_03072_,18.62µm
_05359_,18.61µm
net3206,18.61µm
_05329_,18.6µm
net1009,18.595µm
_03259_,18.58µm
_02015_,18.55µm
_03677_,18.55µm
_04100_,18.55µm
u_picorv32.picorv32_core.cpuregs\[14\]\[21\],18.535µm
_05736_,18.525µm
_05440_,18.51µm
_01631_,18.49µm
_03301_,18.49µm
net1038,18.49µm
_04697_,18.48µm
_02293_,18.465µm
u_picorv32.picorv32_core.cpuregs\[20\]\[23\],18.45µm
u_picorv32.picorv32_core.count_instr\[42\],18.44µm
_02087_,18.43µm
_03843_,18.43µm
_03844_,18.42µm
_02845_,18.39µm
_03186_,18.385µm
_03718_,18.385µm
_02264_,18.375µm
_01537_,18.37µm
_04533_,18.37µm
_04178_,18.315µm
_04181_,18.31µm
_05232_,18.31µm
_01945_,18.3µm
_05767_,18.3µm
_02132_,18.27µm
u_picorv32.picorv32_core.cpuregs\[25\]\[28\],18.27µm
u_picorv32.picorv32_core.cpuregs\[12\]\[8\],18.26µm
_02453_,18.25µm
_05379_,18.25µm
_05863_,18.24µm
u_picorv32.picorv32_core.cpuregs\[8\]\[25\],18.24µm
u_picorv32.picorv32_core.cpuregs\[29\]\[8\],18.235µm
_05002_,18.225µm
u_picorv32.picorv32_core.cpuregs\[24\]\[15\],18.2µm
_01188_,18.19µm
_03231_,18.19µm
_03974_,18.18µm
u_picorv32.picorv32_core.cpuregs\[10\]\[24\],18.175µm
_04536_,18.165µm
u_picorv32.pcpi_rs1\[18\],18.13µm
_01826_,18.12µm
u_picorv32.picorv32_core.reg_next_pc\[14\],18.105µm
u_picorv32.picorv32_core.cpuregs\[0\]\[16\],18.09µm
_03110_,18.08µm
_03449_,18.075µm
_03991_,18.06µm
u_picorv32.picorv32_core.cpuregs\[6\]\[8\],18.02µm
_00614_,18.01µm
net300,18.01µm
_04814_,18µm
u_picorv32.picorv32_core.cpuregs\[1\]\[31\],17.995µm
_04976_,17.95µm
_04085_,17.94µm
_04183_,17.94µm
_05037_,17.94µm
_05141_,17.94µm
u_picorv32.picorv32_core.mem_wordsize\[2\],17.94µm
_03343_,17.935µm
_05674_,17.895µm
_02722_,17.89µm
_03262_,17.89µm
_04112_,17.89µm
_01998_,17.885µm
_01503_,17.88µm
_02710_,17.88µm
_04274_,17.88µm
_02711_,17.875µm
u_picorv32.picorv32_core.cpuregs\[17\]\[16\],17.85µm
u_picorv32.picorv32_core.cpuregs\[2\]\[24\],17.845µm
_01958_,17.83µm
_05578_,17.82µm
u_picorv32.picorv32_core.cpuregs\[10\]\[27\],17.805µm
_03159_,17.8µm
_04042_,17.78µm
net296,17.78µm
_01895_,17.775µm
_01571_,17.76µm
_03354_,17.755µm
_01828_,17.73µm
_02209_,17.72µm
u_picorv32.picorv32_core.cpuregs\[10\]\[7\],17.72µm
_03551_,17.71µm
_05842_,17.71µm
net514,17.71µm
_04284_,17.7µm
u_picorv32.picorv32_core.cpuregs\[24\]\[30\],17.685µm
_04375_,17.65µm
_04518_,17.65µm
u_picorv32.picorv32_core.decoded_imm_j\[20\],17.65µm
_04117_,17.64µm
u_picorv32.picorv32_core.cpuregs\[22\]\[15\],17.64µm
u_picorv32.picorv32_core.cpuregs\[14\]\[20\],17.6µm
u_picorv32.picorv32_core.cpuregs\[20\]\[29\],17.6µm
u_picorv32.picorv32_core.cpuregs\[29\]\[7\],17.6µm
_02745_,17.59µm
u_picorv32.picorv32_core.alu_out\[0\],17.59µm
net372,17.59µm
_00818_,17.58µm
_01319_,17.58µm
_04250_,17.58µm
net130,17.545µm
_02368_,17.53µm
_04233_,17.53µm
_05889_,17.53µm
_01100_,17.52µm
u_picorv32.picorv32_core.cpuregs\[18\]\[9\],17.49µm
u_picorv32.picorv32_core.cpuregs\[6\]\[10\],17.49µm
_02605_,17.46µm
_04308_,17.46µm
_05159_,17.46µm
_00819_,17.41µm
net311,17.41µm
u_picorv32.picorv32_core.cpuregs\[6\]\[16\],17.39µm
_04826_,17.385µm
u_picorv32.picorv32_core.cpuregs\[20\]\[0\],17.375µm
_02301_,17.36µm
_04415_,17.35µm
_03252_,17.325µm
_03755_,17.325µm
_05920_,17.315µm
_01590_,17.31µm
_04345_,17.29µm
_04384_,17.29µm
_04546_,17.29µm
u_picorv32.picorv32_core.cpuregs\[4\]\[29\],17.29µm
_03606_,17.28µm
_03499_,17.275µm
net3291,17.23µm
_02306_,17.22µm
_04079_,17.22µm
u_picorv32.picorv32_core.reg_next_pc\[30\],17.22µm
u_picorv32.picorv32_core.cpuregs\[0\]\[23\],17.205µm
_05626_,17.2µm
_01818_,17.185µm
_03709_,17.17µm
_04855_,17.16µm
net131,17.16µm
_05272_,17.155µm
u_picorv32.picorv32_core.count_cycle\[47\],17.155µm
u_picorv32.picorv32_core.cpuregs\[18\]\[15\],17.12µm
_05184_,17.11µm
_04529_,17.1µm
_05988_,17.1µm
net127,17.1µm
trap,17.1µm
_01641_,17.05µm
_02203_,17.05µm
_02709_,17.05µm
_03546_,17.05µm
u_picorv32.picorv32_core.cpuregs\[0\]\[9\],17.05µm
_01806_,17.04µm
u_picorv32.picorv32_core.cpuregs\[1\]\[27\],17.01µm
_01761_,17µm
net510,17µm
_00018_,16.99µm
_04775_,16.965µm
u_picorv32.picorv32_core.cpuregs\[24\]\[19\],16.955µm
u_picorv32.picorv32_core.cpuregs\[8\]\[24\],16.95µm
_02799_,16.945µm
_01591_,16.94µm
u_picorv32.picorv32_core.cpuregs\[1\]\[21\],16.94µm
_00460_,16.93µm
_00729_,16.93µm
_01871_,16.93µm
_04453_,16.93µm
u_picorv32.picorv32_core.cpuregs\[20\]\[27\],16.925µm
_04841_,16.905µm
_02059_,16.895µm
_03179_,16.885µm
_04283_,16.88µm
u_picorv32.picorv32_core.cpuregs\[0\]\[8\],16.87µm
_04542_,16.86µm
u_picorv32.picorv32_core.cpuregs\[0\]\[7\],16.82µm
_02590_,16.81µm
_04200_,16.81µm
mem_axi_rdata[24],16.76µm
mem_axi_rdata[9],16.76µm
_04753_,16.75µm
_03798_,16.74µm
u_picorv32.picorv32_core.cpuregs\[13\]\[16\],16.735µm
u_picorv32.picorv32_core.mem_wordsize\[0\],16.72µm
_01839_,16.715µm
_03006_,16.71µm
_00035_,16.69µm
_01311_,16.69µm
_02860_,16.69µm
_04615_,16.68µm
u_picorv32.picorv32_core.cpuregs\[20\]\[31\],16.68µm
_04757_,16.655µm
_05487_,16.655µm
u_picorv32.picorv32_core.reg_next_pc\[4\],16.645µm
u_picorv32.picorv32_core.cpuregs\[25\]\[12\],16.64µm
_05513_,16.635µm
_00902_,16.63µm
_01710_,16.63µm
u_picorv32.picorv32_core.cpuregs\[15\]\[20\],16.63µm
_05409_,16.625µm
_03901_,16.62µm
u_picorv32.picorv32_core.cpuregs\[28\]\[26\],16.58µm
_01254_,16.57µm
_04520_,16.57µm
_05809_,16.57µm
_04872_,16.56µm
_03302_,16.525µm
_04252_,16.5µm
_04966_,16.5µm
_05601_,16.48µm
_02747_,16.465µm
_00422_,16.45µm
_02107_,16.45µm
_03489_,16.45µm
_04173_,16.44µm
_04343_,16.44µm
_04922_,16.44µm
u_picorv32.picorv32_core.cpuregs\[29\]\[22\],16.44µm
_01776_,16.425µm
_02317_,16.4µm
u_picorv32.pcpi_rs1\[22\],16.38µm
u_picorv32.picorv32_core.cpuregs\[12\]\[17\],16.35µm
_02685_,16.32µm
_05576_,16.32µm
u_picorv32.picorv32_core.reg_next_pc\[6\],16.285µm
u_picorv32.picorv32_core.cpuregs\[2\]\[13\],16.28µm
u_picorv32.pcpi_rs1\[14\],16.27µm
_01879_,16.26µm
_04349_,16.26µm
_05324_,16.26µm
_02917_,16.23µm
_04564_,16.21µm
_05979_,16.21µm
net126,16.21µm
_05618_,16.2µm
_01813_,16.19µm
_02003_,16.165µm
u_picorv32.picorv32_core.cpuregs\[10\]\[4\],16.16µm
u_picorv32.picorv32_core.cpuregs\[8\]\[23\],16.16µm
_00330_,16.15µm
net104,16.15µm
u_picorv32.picorv32_core.cpuregs\[28\]\[31\],16.15µm
u_picorv32.picorv32_core.cpuregs\[13\]\[11\],16.145µm
_02342_,16.14µm
net110,16.14µm
_02560_,16.135µm
_01877_,16.1µm
_02267_,16.1µm
u_picorv32.picorv32_core.cpuregs\[24\]\[10\],16.1µm
_01362_,16.08µm
net2613,16.08µm
net916,16.065µm
_03156_,16.05µm
_05180_,16.04µm
_03847_,16.03µm
_04057_,16.03µm
_02496_,16.02µm
_03423_,15.985µm
u_picorv32.picorv32_core.cpuregs\[4\]\[14\],15.98µm
u_picorv32.picorv32_core.cpuregs\[8\]\[10\],15.98µm
_02239_,15.97µm
net2970,15.97µm
_03492_,15.96µm
_04743_,15.96µm
mem_axi_rdata[2],15.92µm
_03307_,15.895µm
_04677_,15.885µm
_01566_,15.855µm
_00876_,15.85µm
_03937_,15.85µm
u_picorv32.pcpi_rs1\[25\],15.85µm
net3310,15.85µm
_02963_,15.83µm
_01048_,15.825µm
_02752_,15.8µm
u_picorv32.picorv32_core.cpuregs\[24\]\[26\],15.8µm
_02255_,15.795µm
_03838_,15.79µm
u_picorv32.picorv32_core.count_cycle\[7\],15.79µm
u_picorv32.picorv32_core.reg_next_pc\[16\],15.79µm
net3283,15.79µm
net3319,15.79µm
_03971_,15.78µm
_04230_,15.78µm
_02606_,15.74µm
_03557_,15.73µm
_05912_,15.73µm
net3326,15.73µm
_01840_,15.72µm
_05316_,15.72µm
_04972_,15.715µm
_04860_,15.705µm
_05663_,15.705µm
_00027_,15.67µm
_01093_,15.66µm
_04790_,15.66µm
_05411_,15.66µm
_00237_,15.6µm
_03390_,15.6µm
_03411_,15.6µm
_03821_,15.6µm
_05193_,15.6µm
_02596_,15.585µm
_03681_,15.56µm
_04068_,15.55µm
_01608_,15.54µm
_05285_,15.54µm
_03835_,15.53µm
_02303_,15.5µm
_00978_,15.49µm
_01121_,15.49µm
_04708_,15.49µm
_01072_,15.48µm
_02186_,15.47µm
_03608_,15.43µm
_05145_,15.43µm
_05040_,15.42µm
_03554_,15.405µm
_04372_,15.405µm
_02066_,15.4µm
_04793_,15.385µm
_05891_,15.38µm
u_picorv32.picorv32_core.cpuregs\[18\]\[23\],15.38µm
_01695_,15.37µm
_03851_,15.37µm
_03722_,15.36µm
_04764_,15.36µm
_01829_,15.355µm
_05563_,15.33µm
_03699_,15.32µm
_05789_,15.315µm
_03823_,15.31µm
_05368_,15.31µm
u_picorv32.picorv32_core.mem_rdata_q\[12\],15.31µm
net3215,15.31µm
net3314,15.31µm
net3346,15.31µm
_01799_,15.3µm
_02768_,15.3µm
_03430_,15.3µm
_03547_,15.3µm
_04341_,15.3µm
_04992_,15.3µm
_05103_,15.3µm
_05523_,15.3µm
u_picorv32.picorv32_core.cpuregs\[0\]\[17\],15.3µm
_05841_,15.295µm
_00471_,15.26µm
_00998_,15.25µm
_01706_,15.25µm
_02390_,15.25µm
_04778_,15.25µm
_05342_,15.25µm
_05191_,15.24µm
_02784_,15.215µm
u_picorv32.picorv32_core.reg_next_pc\[19\],15.2µm
_00447_,15.18µm
_03134_,15.18µm
_02810_,15.175µm
net106,15.165µm
_02740_,15.14µm
_02923_,15.14µm
_03770_,15.14µm
_04580_,15.14µm
u_picorv32.picorv32_core.cpuregs\[28\]\[12\],15.14µm
_01135_,15.13µm
_03407_,15.13µm
_02398_,15.12µm
_03140_,15.12µm
_04294_,15.12µm
_04419_,15.12µm
_05208_,15.12µm
_05836_,15.12µm
net2621,15.12µm
net2850,15.12µm
_02037_,15.115µm
_03382_,15.11µm
_05676_,15.085µm
_05120_,15.07µm
u_picorv32.axi_adapter.ack_wvalid,15.06µm
_03165_,15.025µm
_01686_,15.02µm
_03450_,15.015µm
_00248_,15.01µm
_03337_,15.01µm
_04209_,15.01µm
_04568_,15.01µm
_05498_,15.01µm
_02515_,15µm
net3213,14.985µm
_02429_,14.96µm
_03732_,14.95µm
_04552_,14.94µm
_05603_,14.94µm
_02051_,14.91µm
_05527_,14.905µm
_02677_,14.89µm
_05192_,14.88µm
net3323,14.88µm
u_picorv32.picorv32_core.reg_next_pc\[2\],14.855µm
_02339_,14.83µm
_04163_,14.83µm
_04414_,14.83µm
net3292,14.83µm
_01423_,14.82µm
_04137_,14.82µm
_04306_,14.82µm
_04530_,14.82µm
_05286_,14.805µm
u_picorv32.picorv32_core.cpuregs\[0\]\[11\],14.785µm
_01242_,14.77µm
_01804_,14.77µm
_01883_,14.77µm
_04842_,14.77µm
_05207_,14.77µm
net3279,14.77µm
_03658_,14.76µm
_04847_,14.76µm
_00095_,14.755µm
_04686_,14.745µm
_04727_,14.745µm
_03817_,14.74µm
u_picorv32.picorv32_core.cpuregs\[6\]\[30\],14.72µm
_01504_,14.71µm
_04087_,14.71µm
_00466_,14.7µm
_03525_,14.7µm
_03565_,14.7µm
_05827_,14.7µm
net123,14.7µm
_02620_,14.66µm
net2440,14.66µm
_05743_,14.655µm
_06007_,14.655µm
_01646_,14.65µm
_02692_,14.65µm
_04519_,14.65µm
_04661_,14.65µm
_05389_,14.65µm
_05397_,14.65µm
net2924,14.65µm
u_picorv32.picorv32_core.cpuregs\[12\]\[19\],14.65µm
_00938_,14.64µm
_04840_,14.64µm
_05577_,14.635µm
net930,14.615µm
_05098_,14.6µm
_01052_,14.59µm
_03916_,14.59µm
_04676_,14.58µm
_03954_,14.575µm
_05454_,14.565µm
_02061_,14.55µm
u_picorv32.picorv32_core.cpuregs\[1\]\[15\],14.55µm
_04581_,14.535µm
_00564_,14.53µm
net1607,14.53µm
net1809,14.53µm
net2161,14.53µm
_02647_,14.52µm
_04829_,14.52µm
_02163_,14.49µm
_04262_,14.47µm
_05363_,14.445µm
_03212_,14.43µm
_01779_,14.42µm
_00112_,14.41µm
_00698_,14.41µm
_01815_,14.41µm
net3299,14.41µm
net3320,14.41µm
_01690_,14.405µm
_01718_,14.4µm
_03503_,14.4µm
_04302_,14.4µm
_04983_,14.4µm
_01499_,14.38µm
_04113_,14.35µm
_04196_,14.35µm
net3336,14.35µm
_04818_,14.34µm
_02543_,14.305µm
_01930_,14.3µm
u_picorv32.picorv32_core.reg_out\[27\],14.3µm
_05625_,14.29µm
u_picorv32.pcpi_rs1\[13\],14.29µm
_05383_,14.28µm
net2342,14.28µm
_01413_,14.275µm
_02072_,14.275µm
_04543_,14.275µm
u_picorv32.picorv32_core.count_instr\[7\],14.265µm
_01562_,14.24µm
_01889_,14.24µm
u_picorv32.picorv32_core.reg_out\[9\],14.24µm
mem_axi_rdata[16],14.24µm
mem_axi_rdata[1],14.24µm
mem_axi_rdata[28],14.24µm
mem_axi_rvalid,14.24µm
_00028_,14.23µm
_01655_,14.23µm
_02439_,14.23µm
_03772_,14.23µm
_04659_,14.23µm
_04763_,14.23µm
_05760_,14.23µm
_05768_,14.23µm
_00556_,14.22µm
_01211_,14.22µm
_02635_,14.22µm
net135,14.22µm
_05595_,14.215µm
_00036_,14.18µm
_01980_,14.17µm
_02031_,14.17µm
_03264_,14.17µm
_03747_,14.17µm
_05155_,14.17µm
u_picorv32.picorv32_core.reg_out\[15\],14.17µm
u_picorv32.picorv32_core.reg_out\[29\],14.165µm
_03965_,14.16µm
_05369_,14.16µm
net2395,14.16µm
net2436,14.16µm
u_picorv32.picorv32_core.cpuregs\[0\]\[1\],14.12µm
_00316_,14.11µm
_03031_,14.105µm
_02475_,14.1µm
_03880_,14.1µm
_01634_,14.05µm
_01741_,14.05µm
_01932_,14.05µm
_05358_,14.05µm
_02643_,14.045µm
_02795_,14.04µm
_01164_,13.99µm
_01478_,13.99µm
_05027_,13.99µm
_00120_,13.98µm
_03234_,13.98µm
u_picorv32.axi_adapter.ack_awvalid,13.95µm
_03628_,13.94µm
_00518_,13.935µm
_01396_,13.93µm
_01933_,13.93µm
_04998_,13.93µm
_05388_,13.92µm
net3278,13.92µm
_03485_,13.91µm
_01834_,13.9µm
_04397_,13.87µm
_01187_,13.86µm
_02897_,13.86µm
_03559_,13.86µm
_03981_,13.86µm
_04691_,13.86µm
_05283_,13.86µm
_05911_,13.855µm
_01758_,13.845µm
_02632_,13.845µm
_03283_,13.84µm
_01359_,13.81µm
_02399_,13.81µm
_03384_,13.81µm
_05721_,13.81µm
_05909_,13.81µm
net2922,13.81µm
net78,13.81µm
_02630_,13.8µm
_03625_,13.8µm
_04715_,13.8µm
_05148_,13.8µm
net1857,13.8µm
u_picorv32.picorv32_core.instr_add,13.8µm
_03402_,13.785µm
_01601_,13.75µm
_02049_,13.75µm
_04634_,13.745µm
net2023,13.745µm
net105,13.74µm
_03977_,13.725µm
net3338,13.7µm
_04887_,13.69µm
_04742_,13.68µm
_05905_,13.68µm
net2862,13.68µm
net122,13.68µm
_05089_,13.665µm
_05502_,13.655µm
_04322_,13.63µm
_04593_,13.63µm
_04660_,13.62µm
_03183_,13.595µm
_01626_,13.59µm
_03120_,13.585µm
_02067_,13.58µm
_05740_,13.575µm
_01308_,13.57µm
_03162_,13.57µm
_03414_,13.57µm
_03445_,13.57µm
_03751_,13.57µm
net2468,13.57µm
_01570_,13.555µm
_04002_,13.55µm
_04577_,13.535µm
_04776_,13.53µm
_01441_,13.51µm
_04796_,13.51µm
_05331_,13.51µm
_02009_,13.5µm
_02483_,13.5µm
_03808_,13.5µm
_05754_,13.5µm
_02276_,13.485µm
_04355_,13.485µm
_02583_,13.47µm
_03223_,13.455µm
_00804_,13.45µm
_03239_,13.45µm
u_picorv32.pcpi_rs1\[30\],13.45µm
u_picorv32.picorv32_core.instr_sub,13.45µm
_01119_,13.44µm
_04490_,13.44µm
_04510_,13.44µm
_05977_,13.44µm
_05692_,13.435µm
u_picorv32.picorv32_core.cpuregs\[0\]\[3\],13.4µm
mem_axi_rdata[15],13.4µm
mem_axi_rdata[18],13.4µm
mem_axi_rdata[21],13.4µm
mem_axi_rdata[27],13.4µm
mem_axi_rdata[30],13.4µm
mem_axi_rdata[3],13.4µm
mem_axi_rdata[6],13.4µm
_05653_,13.395µm
_03621_,13.39µm
_03632_,13.39µm
_03739_,13.39µm
_05269_,13.39µm
net3221,13.39µm
net3295,13.39µm
_03970_,13.38µm
_04471_,13.38µm
_05750_,13.38µm
net125,13.38µm
net3224,13.38µm
_03009_,13.33µm
_04723_,13.33µm
_04740_,13.33µm
net2386,13.33µm
_05923_,13.32µm
_05956_,13.32µm
_03846_,13.315µm
_03818_,13.29µm
_01574_,13.28µm
_01068_,13.27µm
_02424_,13.27µm
_00588_,13.26µm
_01092_,13.26µm
_03013_,13.26µm
_04082_,13.26µm
_05954_,13.26µm
_03464_,13.255µm
_05686_,13.245µm
_05887_,13.24µm
u_picorv32.picorv32_core.is_sltiu_bltu_sltu,13.22µm
_01448_,13.21µm
_02653_,13.21µm
_04136_,13.21µm
_04182_,13.21µm
_04539_,13.21µm
u_picorv32.picorv32_core.cpuregs\[12\]\[23\],13.205µm
_00482_,13.2µm
_01600_,13.2µm
_05167_,13.2µm
net2047,13.2µm
net2092,13.2µm
net2184,13.2µm
net2191,13.2µm
net2275,13.2µm
net2346,13.2µm
net2394,13.2µm
net2598,13.2µm
net2661,13.2µm
net3160,13.2µm
_02201_,13.18µm
_05585_,13.18µm
u_picorv32.picorv32_core.cpuregs\[28\]\[25\],13.17µm
_01831_,13.16µm
_04008_,13.15µm
_04732_,13.14µm
_05442_,13.14µm
_03535_,13.125µm
_03719_,13.11µm
u_picorv32.picorv32_core.cpuregs\[28\]\[10\],13.11µm
_00058_,13.09µm
_00218_,13.09µm
_00410_,13.09µm
_00435_,13.09µm
_00999_,13.09µm
_04138_,13.09µm
net2079,13.09µm
net2290,13.09µm
net2517,13.09µm
_03920_,13.08µm
_04820_,13.035µm
_03761_,13.03µm
_04150_,13.03µm
_05520_,13.03µm
_03517_,13.02µm
net2611,13.02µm
_01724_,13.015µm
_03556_,13.015µm
_03863_,12.985µm
_00107_,12.97µm
_00946_,12.97µm
_01428_,12.97µm
_01435_,12.97µm
_02658_,12.97µm
_03511_,12.97µm
_03961_,12.96µm
_04238_,12.96µm
_00467_,12.91µm
_03883_,12.91µm
_04151_,12.91µm
_04387_,12.91µm
_05468_,12.91µm
_05723_,12.91µm
_02704_,12.9µm
_04446_,12.9µm
_01916_,12.865µm
_01133_,12.85µm
_02961_,12.85µm
_05848_,12.85µm
net2406,12.85µm
net84,12.85µm
u_picorv32.picorv32_core.reg_next_pc\[11\],12.85µm
_02080_,12.84µm
_02593_,12.84µm
_03737_,12.84µm
_05791_,12.84µm
net2341,12.84µm
net2572,12.84µm
_04962_,12.825µm
_03654_,12.8µm
u_picorv32.picorv32_core.reg_out\[28\],12.8µm
_02925_,12.79µm
_01665_,12.78µm
_04499_,12.755µm
_01866_,12.74µm
_02177_,12.74µm
net3330,12.74µm
_01888_,12.73µm
_04926_,12.73µm
net1873,12.73µm
net2159,12.73µm
_00517_,12.72µm
_01972_,12.72µm
_02924_,12.72µm
net1906,12.72µm
net2095,12.72µm
net2165,12.72µm
net2382,12.72µm
_00053_,12.67µm
_04668_,12.67µm
_05295_,12.67µm
_05111_,12.66µm
_02338_,12.645µm
_04769_,12.645µm
u_picorv32.picorv32_core.reg_out\[11\],12.625µm
_01817_,12.62µm
_03497_,12.62µm
_01007_,12.61µm
_02645_,12.61µm
net1639,12.61µm
net1844,12.61µm
net1915,12.61µm
net2025,12.61µm
net2249,12.61µm
net2308,12.61µm
net2466,12.61µm
_00829_,12.6µm
_02052_,12.6µm
_04176_,12.595µm
_01830_,12.56µm
mem_axi_rdata[19],12.56µm
mem_axi_rdata[31],12.56µm
mem_axi_rdata[4],12.56µm
mem_axi_araddr[13],12.56µm
_01322_,12.55µm
_01917_,12.55µm
_03780_,12.545µm
_00331_,12.54µm
_00665_,12.54µm
_05801_,12.54µm
_01065_,12.49µm
_02340_,12.49µm
_03074_,12.49µm
_03190_,12.49µm
_03218_,12.49µm
_03814_,12.49µm
_04096_,12.49µm
_05673_,12.49µm
_02370_,12.48µm
_04623_,12.48µm
_04722_,12.48µm
_05858_,12.48µm
net2017,12.48µm
u_picorv32.pcpi_rs1\[7\],12.48µm
u_picorv32.picorv32_core.instr_beq,12.48µm
_03955_,12.44µm
_04398_,12.44µm
_04816_,12.43µm
_05448_,12.43µm
_05473_,12.43µm
net3306,12.43µm
_01884_,12.42µm
_02650_,12.42µm
_02770_,12.42µm
_03002_,12.42µm
_03257_,12.42µm
_03483_,12.42µm
u_picorv32.picorv32_core.alu_out_q\[13\],12.42µm
_05410_,12.415µm
_01253_,12.37µm
_03052_,12.37µm
_04013_,12.37µm
_04145_,12.37µm
_04468_,12.37µm
_05036_,12.37µm
_05764_,12.37µm
net71,12.37µm
net73,12.37µm
net74,12.37µm
net75,12.37µm
net76,12.37µm
net80,12.37µm
net81,12.37µm
net85,12.37µm
net88,12.37µm
net89,12.37µm
net90,12.37µm
net96,12.37µm
net3235,12.37µm
_02161_,12.36µm
_02530_,12.36µm
_02919_,12.36µm
_03241_,12.36µm
net1646,12.36µm
net1651,12.36µm
net1737,12.36µm
net1787,12.36µm
net1901,12.36µm
net2055,12.36µm
net2099,12.36µm
net2101,12.36µm
net2194,12.36µm
net2201,12.36µm
net2238,12.36µm
net2239,12.36µm
net2354,12.36µm
_04146_,12.35µm
_00900_,12.33µm
_00425_,12.31µm
_00468_,12.31µm
_01020_,12.31µm
_04771_,12.31µm
net3275,12.31µm
_05662_,12.295µm
_04066_,12.28µm
_03026_,12.26µm
_03084_,12.26µm
_00423_,12.25µm
_01707_,12.25µm
_03207_,12.25µm
_04006_,12.25µm
_04198_,12.25µm
_00527_,12.24µm
_00661_,12.24µm
_00920_,12.24µm
_01086_,12.24µm
_01107_,12.24µm
_02270_,12.24µm
_02556_,12.24µm
_03858_,12.24µm
_04451_,12.24µm
_05160_,12.24µm
_05752_,12.24µm
net1855,12.24µm
net1910,12.24µm
net2122,12.24µm
net2387,12.24µm
_02033_,12.235µm
_02397_,12.21µm
_03529_,12.2µm
_02736_,12.19µm
_05637_,12.19µm
_05804_,12.18µm
_00964_,12.165µm
_05756_,12.165µm
_04445_,12.135µm
_03097_,12.13µm
_04374_,12.13µm
net2441,12.13µm
_02313_,12.12µm
_01611_,12.105µm
_03509_,12.105µm
_04025_,12.105µm
_05998_,12.105µm
_01575_,12.07µm
_02557_,12.06µm
_04777_,12.06µm
u_picorv32.picorv32_core.alu_out_q\[7\],12.06µm
net997,12.06µm
_01757_,12.025µm
_03104_,12.015µm
_00363_,12.01µm
_00702_,12.01µm
_01506_,12.01µm
_02404_,12.01µm
_03000_,12.01µm
_04069_,12.01µm
_04560_,12.01µm
_05645_,12.01µm
net3335,12.01µm
_00040_,12µm
_02244_,12µm
_02335_,12µm
_02478_,12µm
_02755_,12µm
_03199_,12µm
_04505_,12µm
_05118_,12µm
_05258_,12µm
_05720_,12µm
_05757_,12µm
net72,12µm
net77,12µm
net82,12µm
net97,12µm
_03080_,11.985µm
net3200,11.975µm
_04931_,11.965µm
_02169_,11.955µm
_04418_,11.955µm
_05399_,11.955µm
_00928_,11.95µm
_01016_,11.95µm
_01102_,11.95µm
_01511_,11.95µm
_01580_,11.95µm
_03696_,11.95µm
_04531_,11.95µm
_04745_,11.95µm
net3285,11.95µm
_01472_,11.94µm
_01851_,11.94µm
_05992_,11.94µm
_02029_,11.935µm
net1922,11.925µm
_04240_,11.92µm
_02555_,11.905µm
_00358_,11.89µm
_02626_,11.89µm
_02951_,11.89µm
_03315_,11.89µm
_05303_,11.89µm
net1679,11.89µm
net1685,11.89µm
net1869,11.89µm
net2147,11.89µm
net2854,11.89µm
net79,11.89µm
net83,11.89µm
net86,11.89µm
net92,11.89µm
net95,11.89µm
net98,11.89µm
net99,11.89µm
net100,11.89µm
net124,11.89µm
_00155_,11.88µm
net1714,11.88µm
net2393,11.88µm
_00293_,11.83µm
_00357_,11.83µm
_00926_,11.83µm
_01759_,11.83µm
_04792_,11.83µm
_00110_,11.82µm
_02053_,11.82µm
_03717_,11.82µm
_04869_,11.82µm
_01905_,11.815µm
_03274_,11.805µm
_01856_,11.795µm
_04134_,11.79µm
_02023_,11.78µm
_02325_,11.77µm
_02608_,11.77µm
_02657_,11.77µm
_03928_,11.77µm
_03967_,11.77µm
_04074_,11.77µm
_04237_,11.77µm
_05894_,11.77µm
net2301,11.77µm
net2337,11.77µm
_00139_,11.76µm
_00222_,11.76µm
_00228_,11.76µm
_00421_,11.76µm
_00535_,11.76µm
_00670_,11.76µm
_02406_,11.76µm
_03874_,11.76µm
net2503,11.76µm
net2608,11.76µm
net2765,11.76µm
_01816_,11.73µm
_02032_,11.72µm
mem_axi_rdata[11],11.72µm
mem_axi_rdata[14],11.72µm
mem_axi_rdata[20],11.72µm
mem_axi_rdata[23],11.72µm
mem_axi_rdata[26],11.72µm
mem_axi_rdata[29],11.72µm
_01579_,11.71µm
_01698_,11.71µm
_02178_,11.71µm
_02954_,11.71µm
_05260_,11.71µm
_05888_,11.71µm
_05627_,11.7µm
_04627_,11.695µm
_05387_,11.67µm
_04865_,11.665µm
_00531_,11.65µm
_02111_,11.65µm
_02469_,11.65µm
_02708_,11.65µm
_02757_,11.65µm
_04809_,11.65µm
net2253,11.65µm
_00455_,11.64µm
_01772_,11.615µm
u_picorv32.axi_adapter.xfer_done,11.61µm
_02607_,11.605µm
_01440_,11.59µm
_00181_,11.58µm
_03470_,11.58µm
_02846_,11.565µm
_01749_,11.54µm
_04213_,11.54µm
_03915_,11.535µm
_00355_,11.53µm
_01581_,11.53µm
_02618_,11.53µm
_03576_,11.53µm
_04736_,11.53µm
net1898,11.53µm
_02277_,11.52µm
_04165_,11.52µm
_04249_,11.52µm
_04333_,11.52µm
_04401_,11.52µm
_05028_,11.52µm
net1668,11.52µm
net1958,11.52µm
net2317,11.52µm
net2932,11.52µm
net2942,11.52µm
net3191,11.52µm
net87,11.52µm
net93,11.52µm
u_picorv32.picorv32_core.alu_out_q\[14\],11.52µm
u_picorv32.picorv32_core.reg_next_pc\[10\],11.52µm
_05844_,11.505µm
_02512_,11.49µm
_00306_,11.47µm
_00901_,11.47µm
_01038_,11.47µm
_01255_,11.47µm
_02038_,11.47µm
_02949_,11.47µm
u_picorv32.pcpi_rs1\[24\],11.47µm
net3286,11.47µm
_04156_,11.46µm
_05444_,11.46µm
_03568_,11.455µm
_05539_,11.445µm
_03250_,11.425µm
_05408_,11.42µm
_00764_,11.41µm
_00803_,11.41µm
_02285_,11.41µm
_03146_,11.41µm
_03794_,11.41µm
_04065_,11.41µm
_04149_,11.41µm
_04500_,11.41µm
_05971_,11.41µm
_05973_,11.41µm
_05983_,11.41µm
net1749,11.41µm
net2078,11.41µm
net2091,11.41µm
net2116,11.41µm
net2117,11.41µm
net2278,11.41µm
u_picorv32.axi_adapter.ack_arvalid,11.41µm
_00514_,11.4µm
_02392_,11.4µm
_02432_,11.4µm
_03023_,11.4µm
_05512_,11.4µm
net2469,11.4µm
_01766_,11.395µm
_00822_,11.38µm
_03769_,11.365µm
_04071_,11.365µm
_00353_,11.35µm
_00507_,11.35µm
_00744_,11.35µm
_00745_,11.35µm
_00812_,11.35µm
_01234_,11.35µm
_03634_,11.35µm
_02568_,11.34µm
_04278_,11.325µm
_01731_,11.31µm
net1813,11.31µm
u_picorv32.picorv32_core.reg_out\[8\],11.31µm
_02904_,11.3µm
_05803_,11.3µm
_00024_,11.29µm
_01310_,11.29µm
_04643_,11.29µm
net2252,11.29µm
net2293,11.29µm
net2336,11.29µm
_00169_,11.28µm
_00261_,11.28µm
_00415_,11.28µm
_00786_,11.28µm
_00897_,11.28µm
_01246_,11.28µm
_02652_,11.28µm
_03453_,11.28µm
_04272_,11.28µm
_05307_,11.28µm
_05413_,11.28µm
net1878,11.28µm
net2038,11.28µm
net134,11.28µm
net1543,11.28µm
_02526_,11.24µm
_01610_,11.235µm
_01427_,11.23µm
_02428_,11.23µm
_04110_,11.23µm
_03167_,11.22µm
_04633_,11.215µm
_02231_,11.19µm
_02232_,11.185µm
_00115_,11.17µm
_00178_,11.17µm
_00986_,11.17µm
_04750_,11.17µm
_05226_,11.17µm
net3130,11.17µm
_00570_,11.16µm
_03033_,11.16µm
_03917_,11.16µm
_04630_,11.16µm
_05811_,11.145µm
_04637_,11.13µm
_01561_,11.12µm
_04848_,11.115µm
_00917_,11.11µm
_01236_,11.11µm
_01675_,11.11µm
_05365_,11.11µm
_00124_,11.1µm
_02588_,11.1µm
_04395_,11.1µm
_03903_,11.085µm
net985,11.085µm
_01827_,11.075µm
_04135_,11.06µm
_00652_,11.05µm
_00981_,11.05µm
_01196_,11.05µm
_01510_,11.05µm
_03611_,11.05µm
_03960_,11.05µm
_05101_,11.05µm
u_picorv32.pcpi_rs1\[8\],11.05µm
_00528_,11.04µm
_03477_,11.04µm
_04180_,11.04µm
_04211_,11.04µm
_05270_,11.04µm
_05336_,11.04µm
_06005_,11.04µm
net1664,11.04µm
net2114,11.04µm
net2362,11.04µm
net2446,11.04µm
_04534_,11.025µm
_02005_,11.015µm
_05600_,11.015µm
_04647_,11.005µm
_01222_,10.99µm
_01471_,10.99µm
_02162_,10.99µm
_02408_,10.99µm
_03562_,10.99µm
_03862_,10.99µm
_04148_,10.99µm
_04157_,10.99µm
_04201_,10.99µm
_04517_,10.99µm
_04617_,10.99µm
_04717_,10.99µm
_04882_,10.99µm
_05069_,10.99µm
u_picorv32.pcpi_rs1\[20\],10.99µm
net3333,10.99µm
_01857_,10.98µm
u_picorv32.picorv32_core.cpuregs\[24\]\[8\],10.98µm
_01287_,10.93µm
_02243_,10.93µm
_03313_,10.93µm
_04823_,10.93µm
_04839_,10.93µm
_04919_,10.93µm
_05742_,10.93µm
net1896,10.93µm
net2064,10.93µm
net2103,10.93µm
_03215_,10.92µm
net2630,10.92µm
_02100_,10.915µm
_04431_,10.915µm
_05135_,10.915µm
_01001_,10.91µm
_00404_,10.9µm
_03507_,10.88µm
net1590,10.88µm
mem_axi_arready,10.88µm
mem_axi_rdata[10],10.88µm
mem_axi_rdata[13],10.88µm
mem_axi_rdata[17],10.88µm
mem_axi_rdata[22],10.88µm
mem_axi_rdata[25],10.88µm
mem_axi_rdata[5],10.88µm
mem_axi_rdata[7],10.88µm
mem_axi_rdata[8],10.88µm
_00153_,10.87µm
_00172_,10.87µm
_00198_,10.87µm
_00470_,10.87µm
_00539_,10.87µm
_00820_,10.87µm
_01113_,10.87µm
_01129_,10.87µm
_01849_,10.87µm
_02958_,10.87µm
_03145_,10.87µm
_03249_,10.87µm
_03291_,10.87µm
_04026_,10.87µm
_00394_,10.86µm
net1931,10.845µm
_00383_,10.83µm
_01544_,10.825µm
net3324,10.82µm
_00788_,10.81µm
_00961_,10.81µm
_01482_,10.81µm
_02373_,10.81µm
_04545_,10.81µm
_04866_,10.81µm
_05011_,10.81µm
_00371_,10.8µm
_01470_,10.8µm
_03786_,10.8µm
_04360_,10.8µm
_05229_,10.8µm
_05489_,10.8µm
_05808_,10.8µm
net1770,10.8µm
net1790,10.8µm
net1916,10.8µm
net2332,10.8µm
net2390,10.8µm
net2968,10.8µm
_03720_,10.79µm
_05781_,10.785µm
u_picorv32.picorv32_core.reg_next_pc\[3\],10.77µm
_04612_,10.76µm
_05449_,10.755µm
_03184_,10.75µm
_04187_,10.75µm
_04569_,10.75µm
_05713_,10.75µm
_01306_,10.74µm
_01800_,10.7µm
_03040_,10.7µm
u_picorv32.picorv32_core.instr_rdcycle,10.7µm
_03310_,10.69µm
_03918_,10.69µm
_03999_,10.69µm
_04217_,10.69µm
_04286_,10.69µm
_04299_,10.69µm
net2685,10.69µm
_00767_,10.68µm
_01083_,10.68µm
_01715_,10.68µm
_02609_,10.68µm
net3155,10.68µm
_01221_,10.665µm
_04862_,10.665µm
_04538_,10.66µm
_03752_,10.645µm
_01467_,10.63µm
_03448_,10.62µm
_04908_,10.62µm
_01841_,10.605µm
_04817_,10.605µm
_02218_,10.585µm
_00609_,10.57µm
_00611_,10.57µm
_00634_,10.57µm
_00757_,10.57µm
_00821_,10.57µm
_02215_,10.57µm
_02436_,10.57µm
_03839_,10.57µm
_04460_,10.57µm
_05309_,10.57µm
_06000_,10.57µm
_01370_,10.56µm
_04091_,10.56µm
_04454_,10.56µm
_04755_,10.56µm
net2810,10.56µm
net3337,10.56µm
_04224_,10.535µm
_02450_,10.53µm
net2504,10.515µm
_00017_,10.51µm
_00326_,10.51µm
_03245_,10.51µm
_03914_,10.51µm
_04290_,10.51µm
_05766_,10.51µm
u_picorv32.picorv32_core.count_instr\[12\],10.51µm
net3308,10.51µm
net3309,10.51µm
_01459_,10.5µm
_04099_,10.465µm
_04915_,10.46µm
_00103_,10.45µm
_01030_,10.45µm
_01642_,10.45µm
_02425_,10.45µm
_02476_,10.45µm
_03514_,10.45µm
_03545_,10.45µm
_04632_,10.45µm
net2160,10.45µm
net2310,10.45µm
net2473,10.45µm
net2489,10.45µm
net3056,10.45µm
net3078,10.45µm
u_picorv32.pcpi_rs1\[31\],10.45µm
net378,10.45µm
_03293_,10.445µm
_01479_,10.44µm
_01531_,10.44µm
_01909_,10.44µm
_02525_,10.44µm
_04010_,10.44µm
_03014_,10.435µm
_04850_,10.435µm
_04953_,10.435µm
net3269,10.435µm
mem_axi_rdata[0],10.41µm
mem_axi_rdata[12],10.41µm
_00952_,10.4µm
_03137_,10.4µm
_00039_,10.39µm
_00799_,10.39µm
_00810_,10.39µm
_00958_,10.39µm
_00968_,10.39µm
_01252_,10.39µm
_01957_,10.38µm
_02302_,10.365µm
_03316_,10.365µm
_00870_,10.35µm
_00033_,10.33µm
_00522_,10.33µm
_01303_,10.33µm
_01412_,10.33µm
_01658_,10.33µm
_02533_,10.33µm
_02890_,10.33µm
_03622_,10.33µm
_03812_,10.33µm
_04344_,10.33µm
_05968_,10.33µm
net2309,10.33µm
net3066,10.33µm
_02099_,10.325µm
_00310_,10.32µm
_00552_,10.32µm
_03042_,10.32µm
_03782_,10.32µm
_04239_,10.32µm
net1932,10.32µm
net1954,10.32µm
net2081,10.32µm
net2330,10.32µm
net2529,10.32µm
_03912_,10.27µm
_04044_,10.27µm
_04876_,10.27µm
_05312_,10.27µm
_05434_,10.27µm
_01316_,10.26µm
_01391_,10.26µm
_03952_,10.26µm
_05933_,10.26µm
_03985_,10.25µm
_00649_,10.245µm
_04611_,10.245µm
_03711_,10.24µm
_02445_,10.235µm
_02097_,10.21µm
_02214_,10.21µm
_03964_,10.21µm
_04412_,10.21µm
_04429_,10.21µm
net1626,10.21µm
net1846,10.21µm
net2719,10.21µm
net2720,10.21µm
net3049,10.21µm
net3143,10.21µm
net3182,10.21µm
_03793_,10.205µm
_00453_,10.2µm
_00608_,10.2µm
_00647_,10.2µm
_01061_,10.2µm
_01204_,10.2µm
_02774_,10.2µm
_04652_,10.2µm
_05865_,10.18µm
_04912_,10.175µm
_00046_,10.15µm
_00052_,10.15µm
_01290_,10.15µm
_01304_,10.15µm
_01307_,10.15µm
_01313_,10.15µm
u_picorv32.picorv32_core.alu_out\[5\],10.15µm
_01860_,10.14µm
_05251_,10.14µm
_05360_,10.14µm
_05936_,10.14µm
net3274,10.14µm
_01703_,10.125µm
_00216_,10.09µm
_00308_,10.09µm
_00557_,10.09µm
_00622_,10.09µm
_00630_,10.09µm
_00965_,10.09µm
_01323_,10.09µm
_03029_,10.09µm
_03506_,10.09µm
_03989_,10.09µm
_04601_,10.09µm
_05023_,10.09µm
_05414_,10.09µm
u_picorv32.picorv32_core.alu_out_q\[21\],10.09µm
_01583_,10.08µm
_01721_,10.08µm
_02670_,10.08µm
_03501_,10.08µm
_03710_,10.08µm
_04155_,10.08µm
_04523_,10.08µm
_04716_,10.08µm
_04874_,10.08µm
net2209,10.08µm
net2345,10.08µm
net2557,10.08µm
net2597,10.08µm
net3048,10.08µm
_03888_,10.055µm
_00045_,10.03µm
_00678_,10.03µm
_00806_,10.03µm
_01105_,10.03µm
_02538_,10.03µm
_03840_,10.03µm
_04938_,10.03µm
_05529_,10.03µm
_05996_,10.03µm
net3229,10.03µm
net3312,10.03µm
_00201_,10.02µm
_00568_,10.02µm
_01324_,10.02µm
_01464_,10.02µm
_01782_,10.02µm
_02672_,10.02µm
_04356_,10.02µm
net903,10.02µm
_02387_,10.015µm
_04899_,10.01µm
_05453_,10µm
_00996_,9.97µm
_01512_,9.97µm
_02284_,9.97µm
_02665_,9.97µm
_02853_,9.97µm
_03068_,9.97µm
_03069_,9.97µm
_03200_,9.97µm
_03826_,9.97µm
_04859_,9.97µm
_05057_,9.97µm
_05835_,9.97µm
net1740,9.97µm
net1913,9.97µm
net2140,9.97µm
net2255,9.97µm
_02256_,9.96µm
_03219_,9.96µm
_04537_,9.96µm
net1724,9.96µm
_01333_,9.955µm
_05492_,9.955µm
_05969_,9.955µm
_05994_,9.955µm
net3313,9.955µm
net3315,9.955µm
_00057_,9.91µm
_00140_,9.91µm
_00318_,9.91µm
_00463_,9.91µm
_00477_,9.91µm
_00791_,9.91µm
_00813_,9.91µm
_00929_,9.91µm
_02628_,9.91µm
_02410_,9.9µm
_05014_,9.9µm
_05234_,9.9µm
_05325_,9.9µm
_05590_,9.9µm
_01576_,9.895µm
net2964,9.885µm
_00010_,9.86µm
_01882_,9.86µm
net3273,9.86µm
net3288,9.86µm
net3293,9.86µm
net3298,9.86µm
net3300,9.86µm
_00270_,9.85µm
_00909_,9.85µm
_00956_,9.85µm
_02888_,9.85µm
_03187_,9.85µm
_03227_,9.85µm
_03750_,9.85µm
_04231_,9.85µm
_04673_,9.85µm
_04761_,9.85µm
_05322_,9.85µm
_05547_,9.85µm
_05719_,9.85µm
net1605,9.85µm
net1909,9.85µm
net2558,9.85µm
u_picorv32.picorv32_core.mem_rdata_q\[6\],9.845µm
_00213_,9.84µm
_00304_,9.84µm
_00524_,9.84µm
_00623_,9.84µm
_00852_,9.84µm
_00881_,9.84µm
_00931_,9.84µm
_01011_,9.84µm
_02042_,9.84µm
_02296_,9.84µm
_02597_,9.84µm
_02867_,9.84µm
_04218_,9.84µm
_04733_,9.84µm
_04748_,9.84µm
_04766_,9.84µm
net1656,9.84µm
net1666,9.84µm
net1670,9.84µm
net1746,9.84µm
net1754,9.84µm
net1788,9.84µm
net1803,9.84µm
net1811,9.84µm
net1817,9.84µm
net1829,9.84µm
net1850,9.84µm
net1886,9.84µm
net1887,9.84µm
net1900,9.84µm
net1911,9.84µm
net1960,9.84µm
net1990,9.84µm
net2016,9.84µm
net2035,9.84µm
net2077,9.84µm
net2085,9.84µm
net2097,9.84µm
net2176,9.84µm
net2179,9.84µm
net2236,9.84µm
net2263,9.84µm
net2280,9.84µm
net2284,9.84µm
net2288,9.84µm
net2299,9.84µm
net2314,9.84µm
net2325,9.84µm
net2366,9.84µm
net2413,9.84µm
net2437,9.84µm
net2439,9.84µm
net2451,9.84µm
net2461,9.84µm
net2464,9.84µm
net2475,9.84µm
net2548,9.84µm
net2591,9.84µm
net2664,9.84µm
net2670,9.84µm
net2691,9.84µm
net2760,9.84µm
net2792,9.84µm
net2944,9.84µm
net2991,9.84µm
net3043,9.84µm
net3046,9.84µm
net3087,9.84µm
net3099,9.84µm
net3115,9.84µm
_03251_,9.825µm
_03213_,9.8µm
_03123_,9.795µm
_04267_,9.795µm
_04319_,9.79µm
_05824_,9.785µm
_04548_,9.78µm
_05728_,9.775µm
_00379_,9.765µm
_00438_,9.765µm
_00675_,9.765µm
_02872_,9.74µm
_03008_,9.74µm
_02081_,9.73µm
_02357_,9.73µm
_04664_,9.73µm
_04914_,9.73µm
_00256_,9.72µm
_00547_,9.72µm
_04281_,9.72µm
_00380_,9.705µm
_03766_,9.705µm
_03951_,9.705µm
_03598_,9.68µm
_00051_,9.67µm
_00111_,9.67µm
_01416_,9.67µm
_03623_,9.67µm
_03822_,9.67µm
_03891_,9.67µm
_04903_,9.67µm
_02641_,9.66µm
_03890_,9.66µm
net3081,9.64µm
_00292_,9.63µm
net1713,9.63µm
net1885,9.63µm
net2916,9.63µm
_03609_,9.625µm
_03474_,9.62µm
_05460_,9.62µm
net3302,9.615µm
_00180_,9.61µm
_00252_,9.61µm
_00265_,9.61µm
_00827_,9.61µm
_01229_,9.61µm
_03767_,9.61µm
_04420_,9.61µm
_05187_,9.61µm
_01881_,9.6µm
_03271_,9.6µm
_03691_,9.6µm
_04139_,9.6µm
net2193,9.6µm
net2605,9.6µm
net2680,9.6µm
net2838,9.6µm
_00828_,9.585µm
_03035_,9.585µm
_00037_,9.55µm
_00123_,9.55µm
_00174_,9.55µm
_00464_,9.55µm
_00532_,9.55µm
_00984_,9.55µm
_01070_,9.55µm
_01237_,9.55µm
_02461_,9.55µm
_02679_,9.55µm
_02824_,9.55µm
_03070_,9.55µm
_03295_,9.55µm
_03728_,9.55µm
_03921_,9.55µm
_04005_,9.55µm
_04301_,9.55µm
_04423_,9.55µm
_04656_,9.55µm
_04879_,9.55µm
_05031_,9.55µm
_05833_,9.55µm
u_picorv32.pcpi_rs1\[16\],9.55µm
u_picorv32.picorv32_core.alu_out_q\[22\],9.55µm
_01598_,9.54µm
_01605_,9.54µm
_03505_,9.54µm
_04144_,9.54µm
_04579_,9.54µm
_03381_,9.535µm
_04788_,9.525µm
net2488,9.525µm
_04288_,9.505µm
_00934_,9.49µm
_01419_,9.49µm
_02119_,9.49µm
_04815_,9.49µm
net1631,9.49µm
net1835,9.49µm
net2138,9.49µm
net2246,9.49µm
net2300,9.49µm
net2549,9.49µm
net2556,9.49µm
net2620,9.49µm
u_picorv32.picorv32_core.mem_rdata_q\[13\],9.49µm
_01950_,9.48µm
_02362_,9.48µm
_03037_,9.48µm
_03451_,9.48µm
_03487_,9.48µm
_04700_,9.48µm
_05279_,9.48µm
net1806,9.48µm
net1982,9.48µm
net2306,9.48µm
net2490,9.48µm
_04607_,9.475µm
_05718_,9.475µm
_04070_,9.44µm
_00134_,9.43µm
_00202_,9.43µm
_00209_,9.43µm
_00327_,9.43µm
_00362_,9.43µm
_00498_,9.43µm
_00600_,9.43µm
_00643_,9.43µm
_00748_,9.43µm
_00752_,9.43µm
_00780_,9.43µm
_03866_,9.43µm
_02549_,9.42µm
_02896_,9.42µm
_04989_,9.42µm
_05116_,9.42µm
_01085_,9.405µm
u_picorv32.picorv32_core.reg_out\[13\],9.39µm
_01876_,9.385µm
_02216_,9.38µm
net3290,9.38µm
net3304,9.38µm
net3305,9.38µm
net3316,9.38µm
_00081_,9.37µm
_00366_,9.37µm
_01914_,9.37µm
_02875_,9.37µm
_03094_,9.37µm
_04359_,9.37µm
_04444_,9.37µm
_04923_,9.37µm
_05629_,9.37µm
_05868_,9.37µm
_05975_,9.37µm
net1944,9.37µm
net2001,9.37µm
net2695,9.37µm
net2713,9.37µm
_00384_,9.36µm
_00409_,9.36µm
_02146_,9.36µm
_02241_,9.36µm
_02766_,9.36µm
_03854_,9.36µm
_04476_,9.36µm
_05567_,9.36µm
_05744_,9.36µm
net1789,9.36µm
net2347,9.36µm
net2415,9.36µm
net2495,9.36µm
net2530,9.36µm
net3164,9.36µm
_02416_,9.35µm
_03454_,9.33µm
_02480_,9.32µm
net3327,9.32µm
_01538_,9.31µm
_04067_,9.31µm
_04088_,9.31µm
_05344_,9.31µm
_00269_,9.3µm
_02663_,9.3µm
_05504_,9.3µm
_02785_,9.295µm
_00412_,9.285µm
_01017_,9.285µm
_05852_,9.28µm
_03878_,9.265µm
_04831_,9.25µm
_04900_,9.25µm
_00246_,9.24µm
_00459_,9.24µm
_00516_,9.24µm
_00548_,9.24µm
_00995_,9.24µm
_03972_,9.24µm
_04599_,9.24µm
net1719,9.24µm
_04894_,9.225µm
_03963_,9.22µm
_01291_,9.19µm
_04108_,9.19µm
_04609_,9.19µm
_05392_,9.19µm
_01264_,9.18µm
_03016_,9.18µm
_03942_,9.18µm
_03994_,9.18µm
net3203,9.18µm
_04307_,9.155µm
_03648_,9.14µm
_00826_,9.13µm
_00908_,9.13µm
_00916_,9.13µm
_01176_,9.13µm
_01365_,9.13µm
_02343_,9.13µm
_02358_,9.13µm
_03105_,9.13µm
_03631_,9.13µm
_03889_,9.13µm
_04053_,9.13µm
_04264_,9.13µm
_05486_,9.13µm
_05914_,9.13µm
u_picorv32.pcpi_rs1\[12\],9.13µm
u_picorv32.pcpi_rs1\[17\],9.13µm
net3205,9.13µm
_01382_,9.12µm
_02697_,9.12µm
_02955_,9.12µm
_03516_,9.12µm
_04549_,9.12µm
_04898_,9.12µm
net1863,9.12µm
net1951,9.12µm
net2070,9.12µm
net2287,9.12µm
net2294,9.12µm
net2355,9.12µm
net2381,9.12µm
net2427,9.12µm
net2928,9.12µm
net2956,9.12µm
net3253,9.12µm
_02133_,9.115µm
_04721_,9.11µm
_00461_,9.09µm
_00106_,9.07µm
_00121_,9.07µm
_00125_,9.07µm
_00142_,9.07µm
_00236_,9.07µm
_00284_,9.07µm
_00373_,9.07µm
_00504_,9.07µm
_00932_,9.07µm
_01003_,9.07µm
_01058_,9.07µm
_01193_,9.07µm
_01309_,9.07µm
_01505_,9.07µm
_01513_,9.07µm
_01891_,9.07µm
_02731_,9.07µm
_03508_,9.07µm
_03934_,9.07µm
_04192_,9.07µm
_04228_,9.07µm
_04868_,9.07µm
_05610_,9.07µm
_05966_,9.07µm
net3194,9.07µm
_02234_,9.06µm
_02581_,9.06µm
_03273_,9.06µm
_03603_,9.06µm
_01480_,9.055µm
_03555_,9.055µm
net1905,9.045µm
net1921,9.045µm
_03983_,9.04µm
mem_axi_araddr[26],9.03µm
_03297_,9.02µm
_00119_,9.01µm
_00145_,9.01µm
_01262_,9.01µm
_02198_,9.01µm
_02444_,9.01µm
_02577_,9.01µm
_04645_,9.01µm
net1638,9.01µm
net1758,9.01µm
net1767,9.01µm
net1768,9.01µm
net1837,9.01µm
net1929,9.01µm
net1980,9.01µm
net2133,9.01µm
net2494,9.01µm
net3207,9.01µm
_00012_,9µm
_01651_,9µm
_01791_,9µm
_02500_,9µm
_03027_,9µm
_03041_,9µm
_03166_,9µm
_03569_,9µm
_04330_,9µm
net1680,9µm
net2189,9µm
net2536,9µm
_04884_,8.995µm
_05079_,8.995µm
_05960_,8.995µm
net3345,8.995µm
_00476_,8.98µm
_04846_,8.96µm
_00042_,8.95µm
_00049_,8.95µm
_00146_,8.95µm
_00211_,8.95µm
_00337_,8.95µm
_00367_,8.95µm
_00399_,8.95µm
_00469_,8.95µm
_00491_,8.95µm
_00502_,8.95µm
_00519_,8.95µm
_00616_,8.95µm
_00724_,8.95µm
_00835_,8.95µm
_00945_,8.95µm
_01115_,8.95µm
_01468_,8.95µm
_02477_,8.95µm
_02494_,8.95µm
_03908_,8.95µm
_05481_,8.95µm
_03626_,8.94µm
_05090_,8.94µm
net1711,8.94µm
_02400_,8.915µm
_04477_,8.905µm
_02240_,8.9µm
_02385_,8.9µm
_02642_,8.9µm
net3230,8.9µm
net3276,8.9µm
net3281,8.9µm
net3282,8.9µm
net3287,8.9µm
net3322,8.9µm
_00132_,8.89µm
_00492_,8.89µm
_00953_,8.89µm
_02219_,8.89µm
_02572_,8.89µm
_02734_,8.89µm
_03604_,8.89µm
_04089_,8.89µm
_04699_,8.89µm
_05367_,8.89µm
_05862_,8.89µm
net1619,8.89µm
net1635,8.89µm
net2062,8.89µm
net2113,8.89µm
net2130,8.89µm
net2250,8.89µm
net2601,8.89µm
_00158_,8.88µm
_03305_,8.88µm
_03837_,8.88µm
_04296_,8.88µm
_04424_,8.88µm
net1698,8.88µm
net1774,8.88µm
net1967,8.88µm
net2063,8.88µm
net2218,8.88µm
net2258,8.88µm
net2271,8.88µm
net2374,8.88µm
net2401,8.88µm
net2496,8.88µm
net2565,8.88µm
net2769,8.88µm
u_picorv32.picorv32_core.reg_next_pc\[5\],8.875µm
_03452_,8.845µm
_03596_,8.84µm
_03802_,8.83µm
_03893_,8.83µm
_05032_,8.83µm
_05515_,8.82µm
net1894,8.79µm
_03946_,8.785µm
mem_axi_araddr[10],8.78µm
mem_axi_araddr[19],8.78µm
mem_axi_araddr[22],8.78µm
mem_axi_araddr[25],8.78µm
mem_axi_araddr[28],8.78µm
mem_axi_araddr[4],8.78µm
mem_axi_araddr[7],8.78µm
mem_axi_arprot[2],8.78µm
mem_axi_arvalid,8.78µm
_01451_,8.77µm
_03579_,8.77µm
_03898_,8.77µm
_01142_,8.76µm
_01201_,8.76µm
_01457_,8.76µm
_02717_,8.76µm
_03913_,8.76µm
_03078_,8.745µm
_00911_,8.7µm
_01006_,8.7µm
_01475_,8.7µm
_02376_,8.7µm
_03326_,8.7µm
_03427_,8.7µm
_03704_,8.7µm
_04407_,8.7µm
_04751_,8.7µm
_05616_,8.7µm
u_picorv32.picorv32_core.alu_out\[4\],8.7µm
net3339,8.7µm
_00427_,8.695µm
_01418_,8.685µm
_03055_,8.655µm
_00165_,8.65µm
_00176_,8.65µm
_00262_,8.65µm
_00445_,8.65µm
_03174_,8.65µm
_03247_,8.65µm
_03671_,8.65µm
_03996_,8.65µm
_04130_,8.65µm
_05129_,8.65µm
_05371_,8.65µm
_05425_,8.65µm
_05540_,8.65µm
_05592_,8.65µm
_01190_,8.64µm
_03578_,8.64µm
_03783_,8.64µm
_03873_,8.64µm
_03941_,8.64µm
_04364_,8.64µm
_04416_,8.64µm
net1642,8.64µm
net1653,8.64µm
net1678,8.64µm
net1722,8.64µm
net1766,8.64µm
net1778,8.64µm
net1917,8.64µm
net2231,8.64µm
net2274,8.64µm
net2377,8.64µm
net2609,8.64µm
_03466_,8.61µm
_03458_,8.605µm
_01220_,8.6µm
_00109_,8.59µm
_00116_,8.59µm
_00144_,8.59µm
_00182_,8.59µm
_00199_,8.59µm
_00300_,8.59µm
_00446_,8.59µm
_00592_,8.59µm
_00722_,8.59µm
_00927_,8.59µm
_00980_,8.59µm
_01082_,8.59µm
_01117_,8.59µm
_01160_,8.59µm
_01224_,8.59µm
_01331_,8.59µm
_01507_,8.59µm
_01961_,8.59µm
_02063_,8.59µm
_02249_,8.59µm
_03830_,8.59µm
_03894_,8.59µm
_03988_,8.59µm
_04033_,8.59µm
_04036_,8.59µm
_04297_,8.59µm
_04482_,8.59µm
_04570_,8.59µm
net3193,8.59µm
_00266_,8.58µm
_00322_,8.58µm
_00364_,8.58µm
_00760_,8.58µm
_00776_,8.58µm
_00823_,8.58µm
_02682_,8.58µm
_03678_,8.58µm
_01872_,8.575µm
net1659,8.565µm
net1771,8.565µm
_05390_,8.555µm
_00345_,8.53µm
_00636_,8.53µm
_00973_,8.53µm
_01208_,8.53µm
_02459_,8.53µm
_03132_,8.53µm
_03827_,8.53µm
_03947_,8.53µm
_04470_,8.53µm
_05467_,8.53µm
_05777_,8.53µm
net1628,8.53µm
net1726,8.53µm
net1828,8.53µm
net2086,8.53µm
net2175,8.53µm
net2188,8.53µm
net2409,8.53µm
net2433,8.53µm
net2515,8.53µm
net2729,8.53µm
net2865,8.53µm
net2883,8.53µm
net2914,8.53µm
net3158,8.53µm
_00207_,8.52µm
_00688_,8.52µm
_01077_,8.52µm
_01233_,8.52µm
_01578_,8.52µm
_01624_,8.52µm
_02353_,8.52µm
_03566_,8.52µm
_04438_,8.52µm
_04578_,8.52µm
_05939_,8.52µm
net1689,8.52µm
net1743,8.52µm
net1914,8.52µm
net1935,8.52µm
net1947,8.52µm
net2044,8.52µm
net2100,8.52µm
net2216,8.52µm
net2343,8.52µm
net2532,8.52µm
_05199_,8.515µm
net3343,8.515µm
_03076_,8.505µm
_01783_,8.495µm
_00034_,8.49µm
_00026_,8.47µm
_00157_,8.47µm
_00193_,8.47µm
_00195_,8.47µm
_00219_,8.47µm
_00274_,8.47µm
_00315_,8.47µm
_00321_,8.47µm
_00334_,8.47µm
_00350_,8.47µm
_00382_,8.47µm
_00416_,8.47µm
_00511_,8.47µm
_00520_,8.47µm
_00523_,8.47µm
_00533_,8.47µm
_00595_,8.47µm
_00613_,8.47µm
_00625_,8.47µm
_00637_,8.47µm
_00648_,8.47µm
_00663_,8.47µm
_00676_,8.47µm
_00680_,8.47µm
_00681_,8.47µm
_00742_,8.47µm
_00771_,8.47µm
_00790_,8.47µm
_00805_,8.47µm
_00825_,8.47µm
_00834_,8.47µm
_00867_,8.47µm
_00954_,8.47µm
_00955_,8.47µm
_00982_,8.47µm
_01004_,8.47µm
_01013_,8.47µm
_01059_,8.47µm
_01066_,8.47µm
_01078_,8.47µm
_01079_,8.47µm
_01090_,8.47µm
_01096_,8.47µm
_01106_,8.47µm
_01109_,8.47µm
_01116_,8.47µm
_01398_,8.47µm
_01401_,8.47µm
_01439_,8.47µm
_02347_,8.46µm
_04389_,8.46µm
rst_ni,8.46µm
_03868_,8.445µm
_03969_,8.445µm
_05759_,8.435µm
_02592_,8.42µm
_04781_,8.42µm
net3250,8.42µm
net3301,8.42µm
net3328,8.42µm
_00513_,8.41µm
_00572_,8.41µm
_01009_,8.41µm
_01318_,8.41µm
_01376_,8.41µm
_02246_,8.41µm
_02341_,8.41µm
_02998_,8.41µm
_04242_,8.41µm
_04479_,8.41µm
_04553_,8.41µm
_04768_,8.41µm
_05534_,8.41µm
net1601,8.41µm
net1615,8.41µm
net1624,8.41µm
net1830,8.41µm
net1864,8.41µm
net1952,8.41µm
net2057,8.41µm
net2074,8.41µm
net2174,8.41µm
net2204,8.41µm
net2230,8.41µm
net2662,8.41µm
net2676,8.41µm
net2714,8.41µm
net2804,8.41µm
net2824,8.41µm
net3106,8.41µm
_01002_,8.4µm
_01165_,8.4µm
_02707_,8.4µm
_03061_,8.4µm
_04629_,8.4µm
net1826,8.4µm
net1888,8.4µm
net1969,8.4µm
net2323,8.4µm
net2848,8.4µm
_01430_,8.385µm
_00456_,8.38µm
_01354_,8.38µm
_02585_,8.36µm
_03204_,8.36µm
net1591,8.36µm
_02004_,8.35µm
_05660_,8.35µm
_01411_,8.325µm
_04334_,8.295µm
_03930_,8.29µm
_04152_,8.29µm
_04161_,8.29µm
_00862_,8.28µm
_01360_,8.28µm
_01436_,8.28µm
_01833_,8.28µm
_05274_,8.28µm
net2551,8.28µm
net2803,8.28µm
_00610_,8.265µm
_01355_,8.265µm
_03665_,8.24µm
_01157_,8.23µm
_01219_,8.23µm
_01408_,8.23µm
_01536_,8.23µm
_04221_,8.23µm
_04857_,8.225µm
_00094_,8.22µm
_00150_,8.22µm
_01508_,8.22µm
_02654_,8.22µm
_02821_,8.22µm
_03572_,8.22µm
_03633_,8.22µm
_03647_,8.22µm
_04621_,8.22µm
_01890_,8.205µm
net1613,8.205µm
_01633_,8.2µm
_02114_,8.2µm
_03463_,8.2µm
_05548_,8.2µm
_02498_,8.18µm
_00047_,8.17µm
_01293_,8.17µm
_02344_,8.17µm
_03330_,8.17µm
_03391_,8.17µm
_04583_,8.17µm
_04905_,8.17µm
_04985_,8.17µm
_05008_,8.17µm
_05664_,8.17µm
_05967_,8.17µm
_02213_,8.16µm
_02746_,8.16µm
_03082_,8.16µm
_04001_,8.16µm
_04225_,8.16µm
_04227_,8.16µm
_04628_,8.16µm
_04833_,8.16µm
_04901_,8.16µm
_05253_,8.16µm
net1630,8.16µm
net1662,8.16µm
net1681,8.16µm
net1720,8.16µm
net1791,8.16µm
net1805,8.16µm
net1818,8.16µm
net1819,8.16µm
net1821,8.16µm
net1881,8.16µm
net1920,8.16µm
net1927,8.16µm
net1983,8.16µm
net2013,8.16µm
net2031,8.16µm
net2036,8.16µm
net2067,8.16µm
net2089,8.16µm
net2126,8.16µm
net2166,8.16µm
net2219,8.16µm
net2233,8.16µm
net2251,8.16µm
net2304,8.16µm
net2305,8.16µm
net2319,8.16µm
net2353,8.16µm
net2361,8.16µm
net2369,8.16µm
net2402,8.16µm
net2457,8.16µm
net2472,8.16µm
net2483,8.16µm
net2521,8.16µm
net2582,8.16µm
net2614,8.16µm
net2640,8.16µm
net2659,8.16µm
net2718,8.16µm
net2820,8.16µm
net2835,8.16µm
net2836,8.16µm
net2868,8.16µm
net2891,8.16µm
net2903,8.16µm
net3096,8.16µm
net3122,8.16µm
net3145,8.16µm
net3147,8.16µm
net3156,8.16µm
net3157,8.16µm
_00762_,8.145µm
_00763_,8.145µm
_01103_,8.145µm
_04807_,8.13µm
_04799_,8.125µm
_05350_,8.125µm
net2644,8.115µm
_00130_,8.11µm
_00137_,8.11µm
_00162_,8.11µm
_00171_,8.11µm
_00210_,8.11µm
_00245_,8.11µm
_00271_,8.11µm
_00273_,8.11µm
_00319_,8.11µm
_00451_,8.11µm
_00465_,8.11µm
_00536_,8.11µm
_00655_,8.11µm
_00668_,8.11µm
_00751_,8.11µm
_00802_,8.11µm
_00918_,8.11µm
_00930_,8.11µm
_00944_,8.11µm
_00948_,8.11µm
_00972_,8.11µm
_01057_,8.11µm
_01069_,8.11µm
_01071_,8.11µm
_01127_,8.11µm
_01301_,8.11µm
_01422_,8.11µm
_03738_,8.11µm
_03792_,8.11µm
_04014_,8.11µm
_04016_,8.11µm
_05568_,8.11µm
_05730_,8.11µm
_05773_,8.11µm
u_picorv32.pcpi_rs1\[9\],8.11µm
u_picorv32.picorv32_core.alu_out_q\[29\],8.11µm
net3317,8.11µm
_00449_,8.1µm
_00509_,8.1µm
_00594_,8.1µm
_00739_,8.1µm
_00746_,8.1µm
_00801_,8.1µm
_00866_,8.1µm
_01036_,8.1µm
_01405_,8.1µm
_03567_,8.1µm
_04654_,8.1µm
_05771_,8.1µm
net3332,8.085µm
_03850_,8.075µm
_02348_,8.07µm
_03993_,8.07µm
_03142_,8.065µm
_03674_,8.06µm
_04917_,8.06µm
_00136_,8.05µm
_00141_,8.05µm
_00493_,8.05µm
_00606_,8.05µm
_00940_,8.05µm
_00991_,8.05µm
_01226_,8.05µm
_02071_,8.05µm
_02319_,8.05µm
_03221_,8.05µm
_03493_,8.05µm
_03811_,8.05µm
_03815_,8.05µm
net1784,8.05µm
net1804,8.05µm
net1854,8.05µm
net1876,8.05µm
net1953,8.05µm
net1976,8.05µm
net2029,8.05µm
net2068,8.05µm
net2072,8.05µm
net2093,8.05µm
net2127,8.05µm
net2150,8.05µm
net2316,8.05µm
net2867,8.05µm
_00403_,8.04µm
_00642_,8.04µm
_00913_,8.04µm
_01750_,8.04µm
_02088_,8.04µm
_02104_,8.04µm
_02164_,8.04µm
_03144_,8.04µm
_03284_,8.04µm
_03502_,8.04µm
_03504_,8.04µm
_04465_,8.04µm
_05715_,8.04µm
net1623,8.04µm
net1710,8.04µm
net1716,8.04µm
net1874,8.04µm
net1988,8.04µm
net2069,8.04µm
net2118,8.04µm
net2320,8.04µm
net2331,8.04µm
net2349,8.04µm
net2360,8.04µm
net2379,8.04µm
net2435,8.04µm
net2453,8.04µm
net2456,8.04µm
net2486,8.04µm
net2528,8.04µm
net2949,8.04µm
net2954,8.04µm
_04669_,8.035µm
_04889_,8.035µm
_05172_,8.035µm
_05613_,8.035µm
_04963_,8.025µm
_01688_,8.02µm
_00156_,7.99µm
_00197_,7.99µm
_00200_,7.99µm
_00220_,7.99µm
_00232_,7.99µm
_00233_,7.99µm
_00272_,7.99µm
_00275_,7.99µm
_00328_,7.99µm
_00346_,7.99µm
_00356_,7.99µm
_00365_,7.99µm
_00397_,7.99µm
_00408_,7.99µm
_00431_,7.99µm
_00488_,7.99µm
_00551_,7.99µm
_00554_,7.99µm
_00575_,7.99µm
_00607_,7.99µm
_00624_,7.99µm
_00631_,7.99µm
_00639_,7.99µm
_00641_,7.99µm
_00650_,7.99µm
_00656_,7.99µm
_00667_,7.99µm
_00669_,7.99µm
_00773_,7.99µm
_00777_,7.99µm
_00794_,7.99µm
_00844_,7.99µm
_00859_,7.99µm
_00874_,7.99µm
_00969_,7.99µm
_00994_,7.99µm
_01073_,7.99µm
_01098_,7.99µm
_01101_,7.99µm
_01110_,7.99µm
_01481_,7.99µm
net3307,7.99µm
_01854_,7.98µm
_04141_,7.98µm
_04241_,7.98µm
net2420,7.98µm
_00879_,7.965µm
_04845_,7.965µm
net2404,7.95µm
_05796_,7.945µm
_01696_,7.94µm
_01825_,7.94µm
_02217_,7.94µm
_04441_,7.94µm
net3289,7.94µm
_00151_,7.93µm
_01123_,7.93µm
_01392_,7.93µm
_01597_,7.93µm
_01621_,7.93µm
_01926_,7.93µm
_02223_,7.93µm
_02486_,7.93µm
_03531_,7.93µm
_03787_,7.93µm
_04554_,7.93µm
_04738_,7.93µm
_04821_,7.93µm
_05396_,7.93µm
_05579_,7.93µm
_05691_,7.93µm
_05772_,7.93µm
_05786_,7.93µm
net1938,7.93µm
net1978,7.93µm
net2006,7.93µm
net2180,7.93µm
net2480,7.93µm
net2590,7.93µm
net2649,7.93µm
net2707,7.93µm
net3022,7.93µm
net3120,7.93µm
net3132,7.93µm
net3187,7.93µm
_04800_,7.925µm
_05584_,7.925µm
_00434_,7.92µm
_05810_,7.92µm
net2397,7.92µm
net2808,7.92µm
net2849,7.92µm
net2926,7.92µm
net3116,7.92µm
_02012_,7.895µm
_02371_,7.88µm
_02188_,7.875µm
_02194_,7.87µm
_02395_,7.87µm
_04496_,7.87µm
_03716_,7.86µm
_02467_,7.83µm
_03877_,7.815µm
_02027_,7.81µm
_03976_,7.81µm
_00289_,7.8µm
_00579_,7.8µm
_01532_,7.8µm
_01822_,7.8µm
_03730_,7.8µm
_03935_,7.8µm
net2005,7.8µm
u_picorv32.picorv32_core.alu_out_q\[8\],7.8µm
_00129_,7.785µm
_01062_,7.785µm
_04830_,7.765µm
_00097_,7.75µm
_00102_,7.75µm
_00118_,7.75µm
u_picorv32.picorv32_core.alu_out_q\[4\],7.75µm
_00185_,7.74µm
_00496_,7.74µm
_00974_,7.74µm
_01124_,7.74µm
_01474_,7.74µm
_02514_,7.74µm
_02519_,7.74µm
_02541_,7.74µm
_03327_,7.74µm
_03553_,7.74µm
_04106_,7.74µm
_04219_,7.74µm
_04488_,7.74µm
_04895_,7.74µm
_05826_,7.74µm
_02873_,7.735µm
_05020_,7.725µm
net1704,7.725µm
_00061_,7.69µm
_00549_,7.69µm
_01120_,7.69µm
_01197_,7.69µm
_01348_,7.69µm
_01502_,7.69µm
_02120_,7.69µm
_02381_,7.69µm
_02389_,7.69µm
_03139_,7.69µm
_03188_,7.69µm
_03488_,7.69µm
_03760_,7.69µm
_04098_,7.69µm
_04125_,7.69µm
_04216_,7.69µm
_04885_,7.69µm
_05854_,7.69µm
u_picorv32.pcpi_rs1\[23\],7.69µm
_01183_,7.68µm
_01607_,7.68µm
_01637_,7.68µm
_01765_,7.68µm
_01999_,7.68µm
_02156_,7.68µm
_02578_,7.68µm
_02627_,7.68µm
_02666_,7.68µm
_02886_,7.68µm
_03224_,7.68µm
_03618_,7.68µm
_04154_,7.68µm
_04292_,7.68µm
_04688_,7.68µm
_04957_,7.68µm
_05628_,7.68µm
_05902_,7.68µm
_05957_,7.68µm
net1644,7.68µm
net1683,7.68µm
net1734,7.68µm
net1867,7.68µm
net1897,7.68µm
net1970,7.68µm
net2120,7.68µm
net2153,7.68µm
net2167,7.68µm
net2187,7.68µm
net2220,7.68µm
net2224,7.68µm
net2270,7.68µm
net2335,7.68µm
net2364,7.68µm
net2385,7.68µm
net2438,7.68µm
net2787,7.68µm
net2833,7.68µm
net3019,7.68µm
net3220,7.68µm
_00505_,7.67µm
_03642_,7.67µm
_05805_,7.67µm
_03442_,7.665µm
_03958_,7.665µm
_04582_,7.655µm
_02487_,7.635µm
_00019_,7.63µm
_00148_,7.63µm
_00203_,7.63µm
_00217_,7.63µm
_00238_,7.63µm
_00279_,7.63µm
_00280_,7.63µm
_00281_,7.63µm
_00348_,7.63µm
_00349_,7.63µm
_00377_,7.63µm
_00407_,7.63µm
_00481_,7.63µm
_00497_,7.63µm
_00501_,7.63µm
_00503_,7.63µm
_00571_,7.63µm
_00632_,7.63µm
_00651_,7.63µm
_00653_,7.63µm
_00677_,7.63µm
_00679_,7.63µm
_00734_,7.63µm
_00743_,7.63µm
_00747_,7.63µm
_00749_,7.63µm
_00750_,7.63µm
_00753_,7.63µm
_00772_,7.63µm
_00784_,7.63µm
_00811_,7.63µm
_00849_,7.63µm
_00871_,7.63µm
_00933_,7.63µm
_00941_,7.63µm
_00976_,7.63µm
_01010_,7.63µm
_01021_,7.63µm
_01042_,7.63µm
_01064_,7.63µm
_01076_,7.63µm
_01099_,7.63µm
_01108_,7.63µm
_01126_,7.63µm
_01209_,7.63µm
_01438_,7.63µm
_02431_,7.63µm
_02456_,7.63µm
_03774_,7.63µm
_04273_,7.63µm
_04439_,7.63µm
_04563_,7.63µm
_04694_,7.63µm
_04739_,7.63µm
_05638_,7.63µm
u_picorv32.picorv32_core.alu_out_q\[20\],7.63µm
_00206_,7.62µm
_00226_,7.62µm
_00234_,7.62µm
_00239_,7.62µm
_00347_,7.62µm
_00360_,7.62µm
_00405_,7.62µm
_00490_,7.62µm
_00521_,7.62µm
_00761_,7.62µm
_00765_,7.62µm
_00792_,7.62µm
_00915_,7.62µm
_01015_,7.62µm
_01039_,7.62µm
_01305_,7.62µm
_02637_,7.62µm
_03393_,7.62µm
_03595_,7.62µm
_04422_,7.62µm
_05709_,7.62µm
net3325,7.62µm
_03173_,7.605µm
_03966_,7.605µm
net1690,7.605µm
_05537_,7.59µm
_06008_,7.58µm
_00215_,7.57µm
_00249_,7.57µm
_00499_,7.57µm
_00711_,7.57µm
_01158_,7.57µm
_01162_,7.57µm
_01248_,7.57µm
_02735_,7.57µm
_03758_,7.57µm
net1761,7.57µm
net1822,7.57µm
net1984,7.57µm
net2015,7.57µm
net2051,7.57µm
net2059,7.57µm
net2169,7.57µm
net2195,7.57µm
net2344,7.57µm
net2396,7.57µm
net2500,7.57µm
net2524,7.57µm
net2560,7.57µm
net2585,7.57µm
net2592,7.57µm
net2789,7.57µm
net2982,7.57µm
_00615_,7.56µm
_02610_,7.56µm
_03552_,7.56µm
_05503_,7.56µm
net1693,7.56µm
net1708,7.56µm
net1715,7.56µm
net1895,7.56µm
net1918,7.56µm
net1950,7.56µm
net2129,7.56µm
net2615,7.56µm
_03657_,7.555µm
_04253_,7.555µm
_04328_,7.555µm
_05071_,7.555µm
_05779_,7.555µm
_01669_,7.55µm
_03447_,7.545µm
_01128_,7.53µm
_02233_,7.52µm
net1592,7.52µm
mem_axi_araddr[12],7.52µm
mem_axi_araddr[15],7.52µm
mem_axi_araddr[18],7.52µm
mem_axi_araddr[24],7.52µm
mem_axi_araddr[27],7.52µm
mem_axi_araddr[30],7.52µm
mem_axi_araddr[3],7.52µm
mem_axi_araddr[6],7.52µm
mem_axi_araddr[9],7.52µm
mem_axi_rready,7.52µm
net,7.52µm
_00336_,7.51µm
_00406_,7.51µm
_00563_,7.51µm
_00659_,7.51µm
_00692_,7.51µm
_00814_,7.51µm
_00880_,7.51µm
_01028_,7.51µm
_01130_,7.51µm
_01357_,7.51µm
_01442_,7.51µm
_02714_,7.51µm
_05517_,7.51µm
net3265,7.51µm
_02595_,7.5µm
_03311_,7.5µm
_03383_,7.5µm
_03973_,7.5µm
_04780_,7.5µm
_05907_,7.5µm
_01977_,7.485µm
_01965_,7.475µm
net3014,7.47µm
net3030,7.47µm
_01984_,7.46µm
_03494_,7.46µm
_03650_,7.46µm
_04954_,7.46µm
net3277,7.46µm
net3311,7.46µm
net3321,7.46µm
net3341,7.46µm
_01473_,7.45µm
_02226_,7.45µm
_02702_,7.45µm
_02772_,7.45µm
_03536_,7.45µm
_03929_,7.45µm
_03932_,7.45µm
_04541_,7.45µm
_04787_,7.45µm
_05845_,7.45µm
_05901_,7.45µm
net1762,7.45µm
net2291,7.45µm
net2339,7.45µm
net2538,7.45µm
net2539,7.45µm
net2741,7.45µm
net2786,7.45µm
net2925,7.45µm
net2941,7.45µm
net3015,7.45µm
net3092,7.45µm
_05798_,7.44µm
_02361_,7.435µm
_00759_,7.42µm
_03899_,7.4µm
_02328_,7.395µm
_05961_,7.395µm
_02633_,7.39µm
_02877_,7.39µm
_03456_,7.39µm
_03785_,7.39µm
_00105_,7.38µm
_00108_,7.38µm
_01518_,7.38µm
_03757_,7.38µm
_02068_,7.33µm
_02125_,7.33µm
_03254_,7.33µm
_04535_,7.33µm
net926,7.33µm
_00430_,7.32µm
_00696_,7.32µm
_00809_,7.32µm
_01455_,7.32µm
_01526_,7.32µm
_02016_,7.32µm
_02759_,7.32µm
_03010_,7.32µm
_03267_,7.32µm
_04421_,7.32µm
_05421_,7.32µm
net1808,7.32µm
net2958,7.32µm
net3010,7.32µm
_00618_,7.305µm
_00621_,7.305µm
_00817_,7.305µm
_00979_,7.305µm
_01022_,7.305µm
_04411_,7.3µm
_02418_,7.29µm
_03472_,7.29µm
_01358_,7.28µm
_00098_,7.27µm
_01241_,7.27µm
_01266_,7.27µm
_01271_,7.27µm
_01272_,7.27µm
_01294_,7.27µm
_01302_,7.27µm
_00043_,7.26µm
_00340_,7.26µm
_00796_,7.26µm
_00950_,7.26µm
_01063_,7.26µm
_01084_,7.26µm
_01245_,7.26µm
_01644_,7.26µm
_02145_,7.26µm
_02383_,7.26µm
_02631_,7.26µm
_02701_,7.26µm
_02727_,7.26µm
_03528_,7.26µm
_03701_,7.26µm
_03829_,7.26µm
_04142_,7.26µm
_04604_,7.26µm
_04624_,7.26µm
_04680_,7.26µm
_05003_,7.26µm
_05249_,7.26µm
_05402_,7.26µm
u_picorv32.picorv32_core.alu_out_q\[25\],7.26µm
u_picorv32.picorv32_core.instr_jal,7.26µm
_05794_,7.24µm
_04532_,7.235µm
_05480_,7.225µm
_00343_,7.21µm
_02124_,7.21µm
_02662_,7.21µm
_03270_,7.21µm
_03825_,7.21µm
_03939_,7.21µm
_04027_,7.21µm
_04602_,7.21µm
_04684_,7.21µm
_05704_,7.21µm
_05924_,7.21µm
_01361_,7.2µm
_01477_,7.2µm
_01847_,7.2µm
_01982_,7.2µm
_01995_,7.2µm
_02599_,7.2µm
_02621_,7.2µm
_02660_,7.2µm
_02780_,7.2µm
_02927_,7.2µm
_03299_,7.2µm
_03695_,7.2µm
_03700_,7.2µm
_04004_,7.2µm
_04049_,7.2µm
_04097_,7.2µm
_04195_,7.2µm
_04263_,7.2µm
_04636_,7.2µm
_05678_,7.2µm
_05930_,7.2µm
net1643,7.2µm
net1665,7.2µm
net1735,7.2µm
net1741,7.2µm
net1812,7.2µm
net1985,7.2µm
net2071,7.2µm
net2135,7.2µm
net2210,7.2µm
net2267,7.2µm
net2383,7.2µm
net2384,7.2µm
net2399,7.2µm
net2434,7.2µm
net2638,7.2µm
net2791,7.2µm
_02465_,7.195µm
_00545_,7.185µm
_00807_,7.185µm
_00921_,7.185µm
_01035_,7.18µm
_00025_,7.15µm
_00056_,7.15µm
_00076_,7.15µm
_00133_,7.15µm
_00138_,7.15µm
_00143_,7.15µm
_00147_,7.15µm
_00154_,7.15µm
_00235_,7.15µm
_00240_,7.15µm
_00267_,7.15µm
_00283_,7.15µm
_00291_,7.15µm
_00294_,7.15µm
_00329_,7.15µm
_00342_,7.15µm
_00354_,7.15µm
_00376_,7.15µm
_00381_,7.15µm
_00388_,7.15µm
_00400_,7.15µm
_00411_,7.15µm
_00413_,7.15µm
_00479_,7.15µm
_00565_,7.15µm
_00583_,7.15µm
_00628_,7.15µm
_00629_,7.15µm
_00635_,7.15µm
_00638_,7.15µm
_00666_,7.15µm
_00673_,7.15µm
_00674_,7.15µm
_00685_,7.15µm
_00710_,7.15µm
_00717_,7.15µm
_00741_,7.15µm
_00797_,7.15µm
_00815_,7.15µm
_00851_,7.15µm
_00903_,7.15µm
_00959_,7.15µm
_00967_,7.15µm
_00990_,7.15µm
_01000_,7.15µm
_01050_,7.15µm
_01060_,7.15µm
_01067_,7.15µm
_01080_,7.15µm
_01089_,7.15µm
_01091_,7.15µm
_01450_,7.15µm
_04126_,7.15µm
_04575_,7.15µm
_04648_,7.15µm
_04698_,7.15µm
_05554_,7.15µm
_00135_,7.14µm
_00149_,7.14µm
_00192_,7.14µm
_00247_,7.14µm
_00368_,7.14µm
_00369_,7.14µm
_00395_,7.14µm
_00396_,7.14µm
_00437_,7.14µm
_00584_,7.14µm
_00660_,7.14µm
_00694_,7.14µm
_00882_,7.14µm
_01390_,7.14µm
_02619_,7.14µm
_02656_,7.14µm
_02678_,7.14µm
_02841_,7.14µm
_04289_,7.14µm
_03429_,7.13µm
_04023_,7.125µm
_05530_,7.125µm
_01952_,7.105µm
_03098_,7.1µm
_00338_,7.09µm
_00375_,7.09µm
_00774_,7.09µm
_00899_,7.09µm
_03705_,7.09µm
_05962_,7.09µm
net2028,7.09µm
net2131,7.09µm
net2173,7.09µm
net2296,7.09µm
net2709,7.09µm
net2732,7.09µm
net2840,7.09µm
net2939,7.09µm
_00188_,7.08µm
_00251_,7.08µm
_00534_,7.08µm
_00715_,7.08µm
_01325_,7.08µm
_02030_,7.08µm
_02382_,7.08µm
_03469_,7.08µm
_04410_,7.08µm
_05573_,7.08µm
_05679_,7.08µm
_05876_,7.08µm
_05881_,7.08µm
net1696,7.08µm
net1700,7.08µm
net1730,7.08µm
net1847,7.08µm
net1986,7.08µm
net2132,7.08µm
net2256,7.08µm
net2340,7.08µm
net2449,7.08µm
net2618,7.08µm
net2671,7.08µm
net2674,7.08µm
net2816,7.08µm
net2872,7.08µm
net3021,7.08µm
net3072,7.08µm
net3105,7.08µm
_04551_,7.075µm
_05687_,7.075µm
_05990_,7.075µm
_00457_,7.06µm
_00619_,7.05µm
mem_axi_araddr[16],7.05µm
mem_axi_araddr[31],7.05µm
_04381_,7.04µm
_00241_,7.03µm
_00370_,7.03µm
_00386_,7.03µm
_00424_,7.03µm
_00506_,7.03µm
_00560_,7.03µm
_00658_,7.03µm
_00706_,7.03µm
_00723_,7.03µm
_00766_,7.03µm
_01081_,7.03µm
_01314_,7.03µm
_01334_,7.03µm
_01337_,7.03µm
_03164_,7.03µm
_04179_,7.03µm
_03075_,7.02µm
_03950_,7.02µm
_04911_,7.02µm
_05162_,7.02µm
net2206,7.005µm
_04834_,6.99µm
net1660,6.99µm
_02646_,6.985µm
_01261_,6.98µm
_02130_,6.98µm
_05636_,6.98µm
net3297,6.98µm
_00831_,6.97µm
_01353_,6.97µm
_01738_,6.97µm
_02045_,6.97µm
_02090_,6.97µm
_02314_,6.97µm
_02567_,6.97µm
_03478_,6.97µm
_03563_,6.97µm
_04194_,6.97µm
_04774_,6.97µm
_05308_,6.97µm
_05506_,6.97µm
net1776,6.97µm
net1807,6.97µm
net1814,6.97µm
net2039,6.97µm
net2297,6.97µm
net2400,6.97µm
net2513,6.97µm
net2541,6.97µm
net2745,6.97µm
net2831,6.97µm
net3140,6.97µm
_04425_,6.965µm
_01186_,6.96µm
_01494_,6.96µm
_02006_,6.96µm
_03938_,6.96µm
net2851,6.96µm
_04051_,6.945µm
_01824_,6.92µm
_04118_,6.92µm
_04022_,6.915µm
_01976_,6.91µm
_03906_,6.91µm
_04685_,6.9µm
_02103_,6.885µm
_04234_,6.88µm
_00187_,6.87µm
_02176_,6.85µm
_04269_,6.85µm
_05716_,6.85µm
_00062_,6.84µm
_00160_,6.84µm
_00173_,6.84µm
_00856_,6.84µm
_01519_,6.84µm
_01528_,6.84µm
_01530_,6.84µm
_03896_,6.84µm
net3284,6.84µm
_00212_,6.825µm
_00452_,6.825µm
_00473_,6.825µm
_04378_,6.82µm
_02411_,6.8µm
_02511_,6.8µm
_05558_,6.8µm
_00529_,6.79µm
_01145_,6.79µm
_01217_,6.79µm
_01498_,6.79µm
_01514_,6.79µm
_00099_,6.78µm
_00113_,6.78µm
_00530_,6.78µm
_00590_,6.78µm
_00627_,6.78µm
_00654_,6.78µm
_00975_,6.78µm
_01636_,6.78µm
_01979_,6.78µm
_02279_,6.78µm
_02369_,6.78µm
_02574_,6.78µm
_02725_,6.78µm
_03018_,6.78µm
_03087_,6.78µm
_03202_,6.78µm
_03543_,6.78µm
_03832_,6.78µm
_04220_,6.78µm
_04311_,6.78µm
_04337_,6.78µm
_04657_,6.78µm
_04936_,6.78µm
_05370_,6.78µm
_05582_,6.78µm
_05623_,6.78µm
_05690_,6.78µm
_05929_,6.78µm
_03480_,6.765µm
_04805_,6.75µm
_02834_,6.735µm
_01893_,6.73µm
_02070_,6.73µm
_02664_,6.73µm
_02920_,6.73µm
_03092_,6.73µm
_03238_,6.73µm
_03300_,6.73µm
_03455_,6.73µm
_03796_,6.73µm
_04190_,6.73µm
_04403_,6.73µm
_04709_,6.73µm
_04725_,6.73µm
_05416_,6.73µm
_05543_,6.73µm
_05984_,6.73µm
_04056_,6.725µm
mem_axi_araddr[21],6.725µm
_01195_,6.72µm
_01366_,6.72µm
_01394_,6.72µm
_02117_,6.72µm
_03064_,6.72µm
_03607_,6.72µm
_03775_,6.72µm
_04396_,6.72µm
net2061,6.72µm
net2121,6.72µm
net2196,6.72µm
net2199,6.72µm
net2259,6.72µm
net2350,6.72µm
net2546,6.72µm
net2564,6.72µm
net2898,6.72µm
net3002,6.72µm
net3034,6.72µm
_05614_,6.71µm
_05230_,6.705µm
_00127_,6.67µm
_00175_,6.67µm
_00179_,6.67µm
_00263_,6.67µm
_00335_,6.67µm
_00351_,6.67µm
_00561_,6.67µm
_00604_,6.67µm
_00640_,6.67µm
_00695_,6.67µm
_00735_,6.67µm
_00845_,6.67µm
_00875_,6.67µm
_00977_,6.67µm
_01019_,6.67µm
_01032_,6.67µm
_01087_,6.67µm
_01140_,6.67µm
_01207_,6.67µm
_01421_,6.67µm
_02354_,6.67µm
_02781_,6.67µm
_03778_,6.67µm
_03806_,6.67µm
_04052_,6.67µm
_04177_,6.67µm
_04362_,6.67µm
_04366_,6.67µm
_04497_,6.67µm
_05860_,6.67µm
_05886_,6.67µm
_00204_,6.66µm
_00285_,6.66µm
_00691_,6.66µm
_00754_,6.66µm
_00863_,6.66µm
_01053_,6.66µm
_02299_,6.66µm
_03484_,6.66µm
_03017_,6.655µm
_01297_,6.645µm
_03171_,6.645µm
_05823_,6.645µm
mem_axi_araddr[11],6.63µm
mem_axi_araddr[14],6.63µm
mem_axi_araddr[17],6.63µm
mem_axi_araddr[20],6.63µm
mem_axi_araddr[23],6.63µm
mem_axi_araddr[29],6.63µm
mem_axi_araddr[2],6.63µm
mem_axi_araddr[5],6.63µm
mem_axi_araddr[8],6.63µm
_03468_,6.62µm
_00402_,6.61µm
_00924_,6.61µm
_02749_,6.61µm
_05751_,6.61µm
net1611,6.61µm
net1779,6.61µm
net2170,6.61µm
net2422,6.61µm
net2509,6.61µm
net2887,6.61µm
net3074,6.61µm
net3144,6.61µm
_00886_,6.6µm
_01267_,6.6µm
_01461_,6.6µm
_01568_,6.6µm
_02485_,6.6µm
_03141_,6.6µm
_03387_,6.6µm
_04229_,6.6µm
net1753,6.6µm
net1884,6.6µm
net1928,6.6µm
net1989,6.6µm
net2321,6.6µm
net2430,6.6µm
net2462,6.6µm
net2526,6.6µm
net2689,6.6µm
net2777,6.6µm
net2780,6.6µm
net2901,6.6µm
net3154,6.6µm
_01942_,6.595µm
_03882_,6.595µm
_04123_,6.595µm
_04162_,6.595µm
_04367_,6.595µm
net69,6.595µm
_00414_,6.58µm
_00483_,6.58µm
_00508_,6.58µm
_00612_,6.58µm
_00645_,6.58µm
_00626_,6.57µm
_05815_,6.57µm
_00067_,6.55µm
_00083_,6.55µm
_00288_,6.55µm
_00295_,6.55µm
_00339_,6.55µm
_00475_,6.55µm
_00701_,6.55µm
_01034_,6.55µm
_02210_,6.54µm
_02426_,6.54µm
_02732_,6.54µm
_03377_,6.54µm
_03446_,6.54µm
_04295_,6.525µm
net1975,6.525µm
_02544_,6.51µm
_04798_,6.505µm
_00015_,6.5µm
_01896_,6.5µm
_02036_,6.5µm
_02332_,6.5µm
_02959_,6.5µm
_03180_,6.5µm
_03660_,6.5µm
_04687_,6.5µm
_05305_,6.5µm
_05428_,6.5µm
_05497_,6.5µm
net3270,6.5µm
net3271,6.5µm
net3294,6.5µm
net3342,6.5µm
_01274_,6.49µm
_02018_,6.49µm
_02283_,6.49µm
_02517_,6.49µm
_02940_,6.49µm
_03021_,6.49µm
_03319_,6.49µm
_03457_,6.49µm
_03459_,6.49µm
_03613_,6.49µm
_03652_,6.49µm
_03933_,6.49µm
_04063_,6.49µm
_04199_,6.49µm
_04244_,6.49µm
_04402_,6.49µm
_04503_,6.49µm
_04783_,6.49µm
_04849_,6.49µm
_05127_,6.49µm
_05377_,6.49µm
net1667,6.49µm
net1852,6.49µm
net1949,6.49µm
net1966,6.49µm
net2105,6.49µm
net2200,6.49µm
net2403,6.49µm
net2412,6.49µm
net2459,6.49µm
net2642,6.49µm
net2821,6.49µm
net3003,6.49µm
net3011,6.49µm
net3118,6.49µm
net3152,6.49µm
_02294_,6.485µm
_01161_,6.48µm
_01887_,6.48µm
_02673_,6.48µm
_04076_,6.48µm
_04557_,6.48µm
_05174_,6.48µm
_05505_,6.48µm
net2022,6.48µm
net2416,6.48µm
net2755,6.48µm
net3004,6.48µm
_05689_,6.47µm
_01156_,6.465µm
_00738_,6.46µm
_03196_,6.43µm
_00122_,6.42µm
_04214_,6.42µm
_02729_,6.405µm
_02529_,6.395µm
_03103_,6.37µm
_03125_,6.37µm
_04265_,6.37µm
_00078_,6.36µm
_00352_,6.36µm
_00816_,6.36µm
_01163_,6.36µm
_01520_,6.36µm
_02502_,6.36µm
_03260_,6.36µm
_03476_,6.36µm
_04695_,6.36µm
_04888_,6.36µm
_05006_,6.36µm
_00100_,6.31µm
_00101_,6.31µm
_01147_,6.31µm
_01189_,6.31µm
_01371_,6.31µm
_01386_,6.31µm
_01466_,6.31µm
_01476_,6.31µm
_05769_,6.31µm
_03886_,6.305µm
_04153_,6.305µm
_00391_,6.3µm
_00429_,6.3µm
_00526_,6.3µm
_00683_,6.3µm
_00858_,6.3µm
_01202_,6.3µm
_01225_,6.3µm
_01925_,6.3µm
_03083_,6.3µm
_03111_,6.3µm
_03653_,6.3µm
_03990_,6.3µm
_04048_,6.3µm
_04095_,6.3µm
_04571_,6.3µm
_05204_,6.3µm
_05605_,6.3µm
_05822_,6.3µm
_05900_,6.3µm
net1633,6.285µm
net2561,6.285µm
_01904_,6.25µm
_02172_,6.25µm
_02292_,6.25µm
_02669_,6.25µm
_03195_,6.25µm
_03540_,6.25µm
_03575_,6.25µm
_03731_,6.25µm
_04455_,6.25µm
_04597_,6.25µm
_04600_,6.25µm
_05062_,6.25µm
_05703_,6.25µm
u_picorv32.picorv32_core.alu_out_q\[24\],6.25µm
_01216_,6.24µm
_02942_,6.24µm
net1672,6.24µm
net1801,6.24µm
net1882,6.24µm
net1943,6.24µm
net2172,6.24µm
net2276,6.24µm
net2553,6.24µm
net2708,6.24µm
net2781,6.24µm
net2814,6.24µm
net2935,6.24µm
net2948,6.24µm
_04844_,6.23µm
_00093_,6.225µm
_02889_,6.22µm
_00500_,6.21µm
_00164_,6.19µm
_00303_,6.19µm
_00393_,6.19µm
_00440_,6.19µm
_00478_,6.19µm
_00555_,6.19µm
_00905_,6.19µm
_01111_,6.19µm
_01346_,6.19µm
_01649_,6.19µm
_02508_,6.19µm
_02681_,6.19µm
_03011_,6.19µm
_03157_,6.19µm
_03217_,6.19µm
_03256_,6.19µm
_03644_,6.19µm
_04357_,6.19µm
_04596_,6.19µm
_04897_,6.19µm
_05437_,6.19µm
_05656_,6.19µm
_05702_,6.19µm
_05739_,6.19µm
_05884_,6.19µm
net140,6.19µm
u_picorv32.pcpi_rs1\[26\],6.19µm
_00044_,6.18µm
_00073_,6.18µm
_00259_,6.18µm
_00302_,6.18µm
_00341_,6.18µm
_00684_,6.18µm
_00725_,6.18µm
_00868_,6.18µm
_00887_,6.18µm
_01047_,6.18µm
_01368_,6.18µm
_01372_,6.18µm
_04574_,6.165µm
_05630_,6.165µm
net2893,6.165µm
_02323_,6.15µm
_04773_,6.145µm
_02639_,6.135µm
_01218_,6.13µm
_01654_,6.13µm
_02304_,6.13µm
_02811_,6.13µm
net1610,6.13µm
net2027,6.13µm
net2298,6.13µm
net2502,6.13µm
net2602,6.13µm
net2652,6.13µm
net2775,6.13µm
net2884,6.13µm
net3036,6.13µm
_01037_,6.12µm
_01286_,6.12µm
_01295_,6.12µm
_01456_,6.12µm
_01873_,6.12µm
_01985_,6.12µm
_02204_,6.12µm
_03328_,6.12µm
_04603_,6.12µm
_04613_,6.12µm
_04890_,6.12µm
net1614,6.12µm
net1658,6.12µm
net1675,6.12µm
net1702,6.12µm
net1732,6.12µm
net1733,6.12µm
net1860,6.12µm
net1861,6.12µm
net1875,6.12µm
net2053,6.12µm
net2223,6.12µm
net2234,6.12µm
net2265,6.12µm
net2268,6.12µm
net2312,6.12µm
net2324,6.12µm
net2419,6.12µm
net2471,6.12µm
net2508,6.12µm
net2543,6.12µm
net2554,6.12µm
net2586,6.12µm
net2604,6.12µm
net2654,6.12µm
net2711,6.12µm
net2739,6.12µm
net2763,6.12µm
net2767,6.12µm
net2783,6.12µm
net2943,6.12µm
net2961,6.12µm
net3065,6.12µm
net3117,6.12µm
net3119,6.12µm
net3170,6.12µm
_03025_,6.115µm
_03746_,6.115µm
_04019_,6.115µm
_04514_,6.115µm
_05430_,6.115µm
net3208,6.115µm
_03909_,6.11µm
_00194_,6.1µm
_00344_,6.1µm
_03317_,6.1µm
_04913_,6.095µm
_02783_,6.09µm
net3032,6.075µm
_02403_,6.07µm
_02771_,6.07µm
_01244_,6.06µm
_01701_,6.06µm
_05136_,6.06µm
_05299_,6.06µm
net1793,6.055µm
_00313_,6.04µm
_04835_,6.03µm
net3303,6.025µm
_01647_,6.02µm
_01924_,6.02µm
_02422_,6.02µm
_03022_,6.02µm
_03248_,6.02µm
_04566_,6.02µm
_05873_,6.02µm
_05892_,6.02µm
_05908_,6.02µm
net3192,6.02µm
net3202,6.02µm
net3222,6.02µm
net3243,6.02µm
net3247,6.02µm
net3252,6.02µm
net3258,6.02µm
net3262,6.02µm
net3263,6.02µm
_02265_,6.01µm
_02287_,6.01µm
_02391_,6.01µm
_02552_,6.01µm
_02573_,6.01µm
_02683_,6.01µm
_02817_,6.01µm
_02829_,6.01µm
_03438_,6.01µm
_03968_,6.01µm
_04822_,6.01µm
_05266_,6.01µm
_05306_,6.01µm
_05535_,6.01µm
_05538_,6.01µm
_05834_,6.01µm
_05847_,6.01µm
_05953_,6.01µm
net1676,6.01µm
net1747,6.01µm
net1752,6.01µm
net1755,6.01µm
net1772,6.01µm
net1796,6.01µm
net1802,6.01µm
net2030,6.01µm
net2042,6.01µm
net2080,6.01µm
net2107,6.01µm
net2142,6.01µm
net2414,6.01µm
net2485,6.01µm
net2635,6.01µm
net2679,6.01µm
net2700,6.01µm
net2735,6.01µm
net2779,6.01µm
net2782,6.01µm
net2793,6.01µm
net2809,6.01µm
net2863,6.01µm
net2886,6.01µm
net2889,6.01µm
net3076,6.01µm
net3080,6.01µm
net3093,6.01µm
net3104,6.01µm
net3131,6.01µm
net3137,6.01µm
net3142,6.01µm
net3149,6.01µm
_01725_,6µm
_02259_,6µm
_03521_,6µm
_03848_,6µm
_04351_,6µm
_04486_,6µm
_04843_,6µm
_04867_,6µm
_05088_,6µm
_03714_,5.96µm
_04759_,5.96µm
_01497_,5.94µm
_05201_,5.94µm
_03924_,5.92µm
_03734_,5.9µm
_04442_,5.9µm
_03804_,5.89µm
_05423_,5.89µm
_00041_,5.88µm
_00671_,5.88µm
_01143_,5.88µm
_01517_,5.88µm
_01745_,5.88µm
_03571_,5.88µm
_03669_,5.88µm
_05649_,5.88µm
_05910_,5.88µm
net2481,5.88µm
_00428_,5.865µm
net1964,5.865µm
_00086_,5.85µm
_01206_,5.85µm
_01118_,5.83µm
_01374_,5.83µm
_00128_,5.82µm
_00510_,5.82µm
_00540_,5.82µm
_00553_,5.82µm
_00843_,5.82µm
_01660_,5.82µm
_02693_,5.82µm
_02933_,5.82µm
_03659_,5.82µm
_03675_,5.82µm
_03735_,5.82µm
_03907_,5.82µm
_04007_,5.82µm
_04131_,5.82µm
_04616_,5.82µm
_05727_,5.82µm
_03887_,5.805µm
net2754,5.805µm
_04204_,5.79µm
_02675_,5.77µm
_02743_,5.77µm
_02960_,5.77µm
_03982_,5.77µm
_04463_,5.77µm
_04674_,5.77µm
_01170_,5.76µm
_01880_,5.76µm
_02516_,5.76µm
_03406_,5.76µm
_04690_,5.76µm
_05857_,5.76µm
_05903_,5.76µm
net1729,5.76µm
net1815,5.76µm
net1839,5.76µm
net1936,5.76µm
net2043,5.76µm
net2050,5.76µm
net2088,5.76µm
net2112,5.76µm
net2146,5.76µm
net2240,5.76µm
net2289,5.76µm
net2405,5.76µm
net2450,5.76µm
net2506,5.76µm
net2637,5.76µm
net2764,5.76µm
net2799,5.76µm
net2920,5.76µm
net3107,5.76µm
net3340,5.755µm
_00672_,5.745µm
_00740_,5.745µm
_00755_,5.745µm
_01868_,5.745µm
_04491_,5.725µm
_00066_,5.71µm
_00072_,5.71µm
_00196_,5.71µm
_00208_,5.71µm
_00324_,5.71µm
_00444_,5.71µm
_00486_,5.71µm
_00525_,5.71µm
_00714_,5.71µm
_00737_,5.71µm
_00951_,5.71µm
_01667_,5.71µm
_02257_,5.71µm
_02744_,5.71µm
_02748_,5.71µm
_02909_,5.71µm
_04339_,5.71µm
_04509_,5.71µm
_04785_,5.71µm
u_picorv32.picorv32_core.alu_out_q\[15\],5.71µm
net391,5.71µm
net3201,5.71µm
_00254_,5.7µm
_00286_,5.7µm
_00301_,5.7µm
_00401_,5.7µm
_00480_,5.7µm
_00589_,5.7µm
_00716_,5.7µm
_00864_,5.7µm
_00910_,5.7µm
_01041_,5.7µm
_01243_,5.7µm
_01332_,5.7µm
_01351_,5.7µm
_01379_,5.7µm
_01524_,5.7µm
_02532_,5.7µm
_03095_,5.7µm
_03436_,5.7µm
_03712_,5.7µm
_04073_,5.7µm
net3280,5.7µm
net2728,5.685µm
net2918,5.685µm
_04555_,5.67µm
_05375_,5.66µm
_02741_,5.655µm
_01185_,5.65µm
_01740_,5.65µm
_02489_,5.65µm
net1621,5.65µm
net1795,5.65µm
net1934,5.65µm
net2049,5.65µm
net2286,5.65µm
net2512,5.65µm
net2540,5.65µm
net2596,5.65µm
net2627,5.65µm
net2822,5.65µm
net2858,5.65µm
net2877,5.65µm
net2921,5.65µm
net3113,5.65µm
_00163_,5.64µm
_00891_,5.64µm
_01275_,5.64µm
_01445_,5.64µm
_02434_,5.64µm
_03147_,5.64µm
_03541_,5.64µm
_03690_,5.64µm
_04340_,5.64µm
_04492_,5.64µm
_04851_,5.64µm
_05064_,5.64µm
_05461_,5.64µm
_05883_,5.64µm
net1604,5.64µm
net1608,5.64µm
net1618,5.64µm
net1620,5.64µm
net1625,5.64µm
net1634,5.64µm
net1641,5.64µm
net1645,5.64µm
net1649,5.64µm
net1655,5.64µm
net1661,5.64µm
net1663,5.64µm
net1677,5.64µm
net1687,5.64µm
net1707,5.64µm
net1723,5.64µm
net1725,5.64µm
net1727,5.64µm
net1750,5.64µm
net1769,5.64µm
net1775,5.64µm
net1792,5.64µm
net1816,5.64µm
net1820,5.64µm
net1823,5.64µm
net1824,5.64µm
net1827,5.64µm
net1834,5.64µm
net1840,5.64µm
net1853,5.64µm
net1856,5.64µm
net1868,5.64µm
net1877,5.64µm
net1889,5.64µm
net1892,5.64µm
net1893,5.64µm
net1925,5.64µm
net1930,5.64µm
net1939,5.64µm
net1940,5.64µm
net1941,5.64µm
net1942,5.64µm
net1946,5.64µm
net1956,5.64µm
net1991,5.64µm
net1993,5.64µm
net1996,5.64µm
net1997,5.64µm
net2000,5.64µm
net2020,5.64µm
net2021,5.64µm
net2046,5.64µm
net2048,5.64µm
net2087,5.64µm
net2090,5.64µm
net2098,5.64µm
net2104,5.64µm
net2106,5.64µm
net2111,5.64µm
net2149,5.64µm
net2154,5.64µm
net2158,5.64µm
net2182,5.64µm
net2183,5.64µm
net2185,5.64µm
net2198,5.64µm
net2208,5.64µm
net2215,5.64µm
net2222,5.64µm
net2229,5.64µm
net2244,5.64µm
net2247,5.64µm
net2279,5.64µm
net2281,5.64µm
net2282,5.64µm
net2292,5.64µm
net2318,5.64µm
net2334,5.64µm
net2363,5.64µm
net2373,5.64µm
net2398,5.64µm
net2418,5.64µm
net2421,5.64µm
net2425,5.64µm
net2426,5.64µm
net2428,5.64µm
net2445,5.64µm
net2447,5.64µm
net2452,5.64µm
net2458,5.64µm
net2467,5.64µm
net2470,5.64µm
net2477,5.64µm
net2482,5.64µm
net2497,5.64µm
net2498,5.64µm
net2507,5.64µm
net2544,5.64µm
net2562,5.64µm
net2566,5.64µm
net2571,5.64µm
net2575,5.64µm
net2581,5.64µm
net2587,5.64µm
net2588,5.64µm
net2599,5.64µm
net2607,5.64µm
net2612,5.64µm
net2626,5.64µm
net2628,5.64µm
net2636,5.64µm
net2643,5.64µm
net2647,5.64µm
net2648,5.64µm
net2650,5.64µm
net2651,5.64µm
net2653,5.64µm
net2657,5.64µm
net2668,5.64µm
net2669,5.64µm
net2678,5.64µm
net2682,5.64µm
net2692,5.64µm
net2693,5.64µm
net2694,5.64µm
net2699,5.64µm
net2701,5.64µm
net2702,5.64µm
net2704,5.64µm
net2710,5.64µm
net2716,5.64µm
net2721,5.64µm
net2722,5.64µm
net2723,5.64µm
net2724,5.64µm
net2726,5.64µm
net2727,5.64µm
net2731,5.64µm
net2743,5.64µm
net2744,5.64µm
net2751,5.64µm
net2758,5.64µm
net2761,5.64µm
net2766,5.64µm
net2772,5.64µm
net2774,5.64µm
net2785,5.64µm
net2790,5.64µm
net2796,5.64µm
net2797,5.64µm
net2798,5.64µm
net2800,5.64µm
net2805,5.64µm
net2807,5.64µm
net2811,5.64µm
net2813,5.64µm
net2817,5.64µm
net2827,5.64µm
net2837,5.64µm
net2870,5.64µm
net2873,5.64µm
net2874,5.64µm
net2881,5.64µm
net2885,5.64µm
net2890,5.64µm
net2895,5.64µm
net2896,5.64µm
net2897,5.64µm
net2900,5.64µm
net2902,5.64µm
net2904,5.64µm
net2905,5.64µm
net2908,5.64µm
net2910,5.64µm
net2919,5.64µm
net2923,5.64µm
net2929,5.64µm
net2933,5.64µm
net2934,5.64µm
net2936,5.64µm
net2945,5.64µm
net2946,5.64µm
net2965,5.64µm
net2980,5.64µm
net2986,5.64µm
net2987,5.64µm
net2993,5.64µm
net2994,5.64µm
net2998,5.64µm
net3001,5.64µm
net3005,5.64µm
net3006,5.64µm
net3008,5.64µm
net3009,5.64µm
net3012,5.64µm
net3016,5.64µm
net3018,5.64µm
net3020,5.64µm
net3024,5.64µm
net3029,5.64µm
net3039,5.64µm
net3042,5.64µm
net3044,5.64µm
net3047,5.64µm
net3057,5.64µm
net3059,5.64µm
net3069,5.64µm
net3082,5.64µm
net3084,5.64µm
net3085,5.64µm
net3086,5.64µm
net3097,5.64µm
net3102,5.64µm
net3109,5.64µm
net3110,5.64µm
net3111,5.64µm
net3123,5.64µm
net3124,5.64µm
net3126,5.64µm
net3134,5.64µm
net3136,5.64µm
net3138,5.64µm
net3141,5.64µm
net3150,5.64µm
net3151,5.64µm
net3153,5.64µm
net3165,5.64µm
net3166,5.64µm
net3167,5.64µm
net3168,5.64µm
net3169,5.64µm
net3171,5.64µm
net3172,5.64µm
net3176,5.64µm
net3177,5.64µm
net3180,5.64µm
net3183,5.64µm
net3184,5.64µm
net3188,5.64µm
net3190,5.64µm
net1013,5.64µm
_02181_,5.635µm
_03277_,5.635µm
_03828_,5.635µm
_04115_,5.635µm
_04365_,5.635µm
_04457_,5.635µm
_05398_,5.635µm
_05951_,5.635µm
_04896_,5.625µm
_00432_,5.62µm
_00705_,5.61µm
_00782_,5.61µm
_02413_,5.61µm
_02851_,5.6µm
_01300_,5.59µm
_02513_,5.59µm
_01453_,5.58µm
_01606_,5.58µm
_01855_,5.58µm
_02737_,5.58µm
_03197_,5.58µm
_04526_,5.58µm
_04827_,5.58µm
_04970_,5.58µm
_05124_,5.58µm
_05176_,5.58µm
net2164,5.575µm
net2909,5.575µm
_02126_,5.565µm
_01564_,5.56µm
_03809_,5.545µm
_01172_,5.54µm
_01350_,5.54µm
_02269_,5.54µm
_02473_,5.54µm
_03510_,5.54µm
_03520_,5.54µm
_03583_,5.54µm
_03820_,5.54µm
_03879_,5.54µm
_04032_,5.54µm
u_picorv32.picorv32_core.cpu_state\[4\],5.54µm
_01280_,5.53µm
_01336_,5.53µm
_01913_,5.53µm
_01954_,5.53µm
_02128_,5.53µm
_02334_,5.53µm
_02470_,5.53µm
_02550_,5.53µm
_02561_,5.53µm
_02651_,5.53µm
_02930_,5.53µm
_03216_,5.53µm
_03276_,5.53µm
_03542_,5.53µm
_03943_,5.53µm
_04430_,5.53µm
_05472_,5.53µm
_05526_,5.53µm
_05775_,5.53µm
_01719_,5.52µm
_02057_,5.52µm
_02278_,5.52µm
_02537_,5.52µm
_03959_,5.52µm
_04011_,5.52µm
_04045_,5.52µm
_04426_,5.52µm
_05458_,5.52µm
_05493_,5.52µm
_05607_,5.52µm
_04556_,5.505µm
_02253_,5.48µm
_05869_,5.48µm
_02318_,5.475µm
_04689_,5.475µm
_01449_,5.47µm
_05788_,5.47µm
_01159_,5.46µm
_01284_,5.46µm
_04968_,5.46µm
_03800_,5.455µm
_02150_,5.45µm
_04028_,5.445µm
_02378_,5.44µm
net2915,5.43µm
_03727_,5.415µm
_03597_,5.41µm
_01786_,5.4µm
_01894_,5.4µm
_02384_,5.4µm
_02777_,5.4µm
_03962_,5.4µm
_04024_,5.4µm
_04270_,5.4µm
_04863_,5.4µm
_05542_,5.4µm
net1919,5.4µm
net2856,5.4µm
net2992,5.4µm
net3128,5.4µm
_01918_,5.395µm
_00840_,5.385µm
_02262_,5.38µm
_01213_,5.35µm
_01214_,5.35µm
_01247_,5.35µm
_01496_,5.35µm
_04981_,5.35µm
_05733_,5.345µm
net1945,5.345µm
_00257_,5.34µm
_00541_,5.34µm
_00850_,5.34µm
_00865_,5.34µm
_00992_,5.34µm
_00993_,5.34µm
_01356_,5.34µm
_01777_,5.34µm
_02013_,5.34µm
_02571_,5.34µm
_02756_,5.34µm
_03641_,5.34µm
_04370_,5.34µm
_04735_,5.34µm
_05745_,5.34µm
net1671,5.325µm
net1998,5.325µm
net2032,5.325µm
_01582_,5.29µm
_01584_,5.29µm
_01971_,5.29µm
_02044_,5.29µm
_03003_,5.29µm
_03816_,5.29µm
_04174_,5.29µm
_04258_,5.29µm
_04335_,5.29µm
_05738_,5.29µm
_05818_,5.29µm
_01166_,5.28µm
_02041_,5.28µm
_02881_,5.28µm
_04712_,5.28µm
_05959_,5.28µm
net1632,5.28µm
net1657,5.28µm
net1684,5.28µm
net1717,5.28µm
net1744,5.28µm
net1751,5.28µm
net1781,5.28µm
net1800,5.28µm
net1923,5.28µm
net1999,5.28µm
net2019,5.28µm
net2139,5.28µm
net2155,5.28µm
net2163,5.28µm
net2266,5.28µm
net2327,5.28µm
net2359,5.28µm
net2423,5.28µm
net2429,5.28µm
net2520,5.28µm
net2563,5.28µm
net2567,5.28µm
net2600,5.28µm
net2645,5.28µm
net2684,5.28µm
net2705,5.28µm
net2747,5.28µm
net2750,5.28µm
net2768,5.28µm
net2818,5.28µm
net2819,5.28µm
net2842,5.28µm
net2913,5.28µm
net2953,5.28µm
net2973,5.28µm
net3035,5.28µm
net3062,5.28µm
net3075,5.28µm
_03614_,5.275µm
_00894_,5.26µm
_04003_,5.24µm
_03378_,5.235µm
_00075_,5.23µm
_00090_,5.23µm
_00297_,5.23µm
_00378_,5.23µm
_00443_,5.23µm
_03278_,5.23µm
_03715_,5.23µm
_04034_,5.23µm
_04276_,5.23µm
_00065_,5.22µm
_00126_,5.22µm
_00166_,5.22µm
_00170_,5.22µm
_00298_,5.22µm
_00543_,5.22µm
_00559_,5.22µm
_00657_,5.22µm
_00664_,5.22µm
_00728_,5.22µm
_00836_,5.22µm
_01031_,5.22µm
_01131_,5.22µm
_01279_,5.22µm
_01363_,5.22µm
_01487_,5.22µm
_01521_,5.22µm
_02224_,5.22µm
_02316_,5.22µm
_02705_,5.22µm
_03465_,5.22µm
_03036_,5.215µm
_02315_,5.19µm
_04210_,5.18µm
net1640,5.17µm
net1709,5.17µm
net1862,5.17µm
net1957,5.17µm
net1994,5.17µm
net1995,5.17µm
net2041,5.17µm
net2124,5.17µm
net2128,5.17µm
net2136,5.17µm
net2162,5.17µm
net2269,5.17µm
net2302,5.17µm
net2338,5.17µm
net2479,5.17µm
net2574,5.17µm
net2579,5.17µm
net2634,5.17µm
net2672,5.17µm
net2675,5.17µm
net2734,5.17µm
net2748,5.17µm
net2869,5.17µm
net2879,5.17µm
net2888,5.17µm
net2907,5.17µm
net2911,5.17µm
net2917,5.17µm
net2927,5.17µm
net2959,5.17µm
net2995,5.17µm
net3028,5.17µm
net3037,5.17µm
net3083,5.17µm
net3088,5.17µm
net3091,5.17µm
net3127,5.17µm
net3174,5.17µm
_01565_,5.16µm
_01623_,5.16µm
_02763_,5.16µm
_03005_,5.16µm
_03367_,5.16µm
_04206_,5.16µm
_04437_,5.16µm
_04925_,5.16µm
net1599,5.16µm
net1654,5.16µm
net1703,5.16µm
net1798,5.16µm
net1799,5.16µm
net1836,5.16µm
net2115,5.16µm
net2368,5.16µm
net2407,5.16µm
net2578,5.16µm
net2673,5.16µm
net2698,5.16µm
net2706,5.16µm
net2736,5.16µm
net2823,5.16µm
net2843,5.16µm
net2853,5.16µm
net3027,5.16µm
net3064,5.16µm
net3067,5.16µm
net3068,5.16µm
net3073,5.16µm
net3101,5.16µm
net3114,5.16µm
net3148,5.16µm
_04904_,5.155µm
_05296_,5.155µm
_05829_,5.155µm
net3329,5.155µm
_04704_,5.15µm
_05572_,5.145µm
_00390_,5.11µm
_05784_,5.11µm
_04837_,5.105µm
_03282_,5.085µm
_03662_,5.065µm
_01155_,5.06µm
_02144_,5.06µm
_02352_,5.06µm
_02366_,5.06µm
_03323_,5.06µm
_03791_,5.06µm
_04332_,5.06µm
_01907_,5.05µm
_02836_,5.05µm
_02879_,5.05µm
_02947_,5.05µm
_03170_,5.05µm
_03203_,5.05µm
_03344_,5.05µm
_03756_,5.05µm
_03869_,5.05µm
_03925_,5.05µm
_03926_,5.05µm
_03936_,5.05µm
_03984_,5.05µm
_04158_,5.05µm
_04525_,5.05µm
_04606_,5.05µm
_04675_,5.05µm
_05049_,5.05µm
_05075_,5.05µm
_05140_,5.05µm
_05243_,5.05µm
_05256_,5.05µm
_05334_,5.05µm
_05424_,5.05µm
_05433_,5.05µm
_05699_,5.05µm
_01992_,5.04µm
_03491_,5.04µm
_03876_,5.04µm
_04752_,5.04µm
_05941_,5.04µm
_01978_,5.005µm
_01622_,5µm
_02349_,5µm
_03345_,4.99µm
_01153_,4.98µm
_01215_,4.98µm
_01296_,4.98µm
_01369_,4.98µm
_06002_,4.98µm
_00092_,4.965µm
_03225_,4.95µm
_02684_,4.935µm
_02197_,4.92µm
_02419_,4.92µm
_02547_,4.92µm
_02625_,4.92µm
_02894_,4.92µm
_03116_,4.92µm
_03911_,4.92µm
_04030_,4.92µm
_04170_,4.92µm
_04682_,4.92µm
u_picorv32.picorv32_core.alu_out_q\[18\],4.92µm
_01708_,4.905µm
_03058_,4.875µm
_00054_,4.87µm
_01139_,4.87µm
_01269_,4.87µm
_05188_,4.87µm
_00168_,4.86µm
_00296_,4.86µm
_00617_,4.86µm
_00686_,4.86µm
_00720_,4.86µm
_00726_,4.86µm
_00925_,4.86µm
_01012_,4.86µm
_01018_,4.86µm
_01125_,4.86µm
_01191_,4.86µm
_01299_,4.86µm
_01495_,4.86µm
_01535_,4.86µm
_01820_,4.86µm
_01835_,4.86µm
_02648_,4.86µm
_02671_,4.86µm
_02751_,4.86µm
_03044_,4.86µm
_03228_,4.86µm
_03395_,4.86µm
_03573_,4.86µm
_03592_,4.86µm
_03702_,4.86µm
_04706_,4.86µm
_05624_,4.86µm
_05701_,4.86µm
_04287_,4.815µm
_02040_,4.81µm
_02250_,4.81µm
_02536_,4.81µm
_02566_,4.81µm
_03347_,4.81µm
_03744_,4.81µm
_03813_,4.81µm
_05055_,4.81µm
_02858_,4.805µm
_02522_,4.8µm
_03587_,4.8µm
_03753_,4.8µm
net1600,4.8µm
net1602,4.8µm
net1603,4.8µm
net1606,4.8µm
net1622,4.8µm
net1629,4.8µm
net1637,4.8µm
net1652,4.8µm
net1669,4.8µm
net1673,4.8µm
net1674,4.8µm
net1682,4.8µm
net1686,4.8µm
net1691,4.8µm
net1692,4.8µm
net1694,4.8µm
net1697,4.8µm
net1699,4.8µm
net1701,4.8µm
net1705,4.8µm
net1712,4.8µm
net1728,4.8µm
net1736,4.8µm
net1738,4.8µm
net1742,4.8µm
net1756,4.8µm
net1760,4.8µm
net1763,4.8µm
net1764,4.8µm
net1765,4.8µm
net1783,4.8µm
net1794,4.8µm
net1797,4.8µm
net1825,4.8µm
net1831,4.8µm
net1832,4.8µm
net1833,4.8µm
net1838,4.8µm
net1842,4.8µm
net1848,4.8µm
net1858,4.8µm
net1859,4.8µm
net1865,4.8µm
net1866,4.8µm
net1870,4.8µm
net1879,4.8µm
net1883,4.8µm
net1891,4.8µm
net1899,4.8µm
net1902,4.8µm
net1903,4.8µm
net1904,4.8µm
net1924,4.8µm
net1955,4.8µm
net1965,4.8µm
net1968,4.8µm
net1971,4.8µm
net1973,4.8µm
net1977,4.8µm
net1979,4.8µm
net1981,4.8µm
net1992,4.8µm
net2004,4.8µm
net2010,4.8µm
net2012,4.8µm
net2045,4.8µm
net2056,4.8µm
net2058,4.8µm
net2073,4.8µm
net2075,4.8µm
net2076,4.8µm
net2082,4.8µm
net2094,4.8µm
net2109,4.8µm
net2123,4.8µm
net2125,4.8µm
net2134,4.8µm
net2137,4.8µm
net2141,4.8µm
net2143,4.8µm
net2144,4.8µm
net2145,4.8µm
net2148,4.8µm
net2152,4.8µm
net2156,4.8µm
net2157,4.8µm
net2178,4.8µm
net2181,4.8µm
net2197,4.8µm
net2205,4.8µm
net2212,4.8µm
net2217,4.8µm
net2225,4.8µm
net2242,4.8µm
net2245,4.8µm
net2248,4.8µm
net2254,4.8µm
net2257,4.8µm
net2262,4.8µm
net2272,4.8µm
net2277,4.8µm
net2283,4.8µm
net2295,4.8µm
net2307,4.8µm
net2311,4.8µm
net2313,4.8µm
net2329,4.8µm
net2351,4.8µm
net2367,4.8µm
net2370,4.8µm
net2375,4.8µm
net2378,4.8µm
net2388,4.8µm
net2391,4.8µm
net2392,4.8µm
net2408,4.8µm
net2410,4.8µm
net2411,4.8µm
net2424,4.8µm
net2432,4.8µm
net2463,4.8µm
net2465,4.8µm
net2484,4.8µm
net2492,4.8µm
net2501,4.8µm
net2505,4.8µm
net2514,4.8µm
net2516,4.8µm
net2519,4.8µm
net2531,4.8µm
net2533,4.8µm
net2534,4.8µm
net2552,4.8µm
net2555,4.8µm
net2559,4.8µm
net2568,4.8µm
net2576,4.8µm
net2593,4.8µm
net2603,4.8µm
net2606,4.8µm
net2610,4.8µm
net2616,4.8µm
net2617,4.8µm
net2625,4.8µm
net2629,4.8µm
net2631,4.8µm
net2632,4.8µm
net2633,4.8µm
net2639,4.8µm
net2641,4.8µm
net2658,4.8µm
net2660,4.8µm
net2665,4.8µm
net2683,4.8µm
net2686,4.8µm
net2688,4.8µm
net2690,4.8µm
net2696,4.8µm
net2697,4.8µm
net2703,4.8µm
net2712,4.8µm
net2715,4.8µm
net2717,4.8µm
net2725,4.8µm
net2730,4.8µm
net2733,4.8µm
net2738,4.8µm
net2749,4.8µm
net2752,4.8µm
net2753,4.8µm
net2756,4.8µm
net2757,4.8µm
net2759,4.8µm
net2762,4.8µm
net2770,4.8µm
net2773,4.8µm
net2794,4.8µm
net2801,4.8µm
net2802,4.8µm
net2826,4.8µm
net2832,4.8µm
net2834,4.8µm
net2839,4.8µm
net2841,4.8µm
net2844,4.8µm
net2845,4.8µm
net2846,4.8µm
net2847,4.8µm
net2852,4.8µm
net2855,4.8µm
net2859,4.8µm
net2860,4.8µm
net2861,4.8µm
net2864,4.8µm
net2875,4.8µm
net2876,4.8µm
net2878,4.8µm
net2880,4.8µm
net2892,4.8µm
net2894,4.8µm
net2906,4.8µm
net2931,4.8µm
net2938,4.8µm
net2950,4.8µm
net2951,4.8µm
net2955,4.8µm
net2957,4.8µm
net2960,4.8µm
net2962,4.8µm
net2967,4.8µm
net2969,4.8µm
net2971,4.8µm
net2972,4.8µm
net2976,4.8µm
net2977,4.8µm
net2978,4.8µm
net2979,4.8µm
net2981,4.8µm
net2983,4.8µm
net2984,4.8µm
net2985,4.8µm
net2989,4.8µm
net2996,4.8µm
net2997,4.8µm
net2999,4.8µm
net3000,4.8µm
net3007,4.8µm
net3013,4.8µm
net3023,4.8µm
net3026,4.8µm
net3038,4.8µm
net3040,4.8µm
net3041,4.8µm
net3050,4.8µm
net3051,4.8µm
net3054,4.8µm
net3055,4.8µm
net3058,4.8µm
net3060,4.8µm
net3061,4.8µm
net3063,4.8µm
net3070,4.8µm
net3071,4.8µm
net3079,4.8µm
net3089,4.8µm
net3090,4.8µm
net3095,4.8µm
net3098,4.8µm
net3100,4.8µm
net3112,4.8µm
net3121,4.8µm
net3133,4.8µm
net3146,4.8µm
net3159,4.8µm
net3161,4.8µm
net3163,4.8µm
net3175,4.8µm
net3178,4.8µm
net3179,4.8µm
net3181,4.8µm
net3186,4.8µm
net1598,4.8µm
net2018,4.755µm
_00088_,4.75µm
_00442_,4.75µm
_00793_,4.75µm
_00892_,4.75µm
_01330_,4.75µm
_01344_,4.75µm
_02417_,4.75µm
_02769_,4.75µm
_03754_,4.75µm
_04009_,4.75µm
_00089_,4.74µm
_00223_,4.74µm
_00323_,4.74µm
_00333_,4.74µm
_00361_,4.74µm
_00474_,4.74µm
_00682_,4.74µm
_00712_,4.74µm
_00718_,4.74µm
_00966_,4.74µm
_01025_,4.74µm
_01112_,4.74µm
_01265_,4.74µm
_01387_,4.74µm
_01437_,4.74µm
_01443_,4.74µm
_01488_,4.74µm
_03836_,4.74µm
_02010_,4.725µm
_05386_,4.7µm
_01635_,4.68µm
_02014_,4.68µm
_02333_,4.68µm
_02472_,4.68µm
_02918_,4.68µm
_03253_,4.68µm
_03519_,4.68µm
_03684_,4.68µm
_04040_,4.68µm
_04175_,4.68µm
_05038_,4.68µm
_05282_,4.68µm
_05404_,4.68µm
_05583_,4.68µm
_05879_,4.68µm
_05932_,4.68µm
_05942_,4.68µm
net1617,4.68µm
net1636,4.68µm
net1757,4.68µm
net1841,4.68µm
net1937,4.68µm
net2151,4.68µm
net2213,4.68µm
net2243,4.68µm
net2376,4.68µm
net2380,4.68µm
net2442,4.68µm
net2454,4.68µm
net2522,4.68µm
net2623,4.68µm
net2740,4.68µm
net2742,4.68µm
net2776,4.68µm
net2952,4.68µm
net2963,4.68µm
net3033,4.68µm
net3052,4.68µm
net3129,4.68µm
net3135,4.68µm
_02531_,4.675µm
_02598_,4.675µm
_03127_,4.675µm
_03462_,4.675µm
_04132_,4.675µm
_04591_,4.675µm
_04741_,4.675µm
_04950_,4.675µm
_05043_,4.675µm
_05321_,4.675µm
_04352_,4.67µm
_02134_,4.665µm
_02728_,4.66µm
_02850_,4.625µm
_01853_,4.62µm
_02094_,4.62µm
_03617_,4.62µm
_02085_,4.615µm
_04346_,4.6µm
net1731,4.59µm
_01986_,4.58µm
_02227_,4.58µm
_02355_,4.58µm
_03032_,4.58µm
_03039_,4.58µm
_03063_,4.58µm
_03124_,4.58µm
_03131_,4.58µm
_03163_,4.58µm
_03564_,4.58µm
_03605_,4.58µm
_03777_,4.58µm
_03857_,4.58µm
_05475_,4.58µm
net2947,4.58µm
_01329_,4.57µm
_01342_,4.57µm
_01352_,4.57µm
_01426_,4.57µm
_01444_,4.57µm
_01454_,4.57µm
_01908_,4.57µm
_02026_,4.57µm
_02720_,4.57µm
_02764_,4.57µm
_02869_,4.57µm
_03198_,4.57µm
_03233_,4.57µm
_03290_,4.57µm
_03369_,4.57µm
_03397_,4.57µm
_03398_,4.57µm
_03490_,4.57µm
_03627_,4.57µm
_03638_,4.57µm
_03698_,4.57µm
_03742_,4.57µm
_03923_,4.57µm
_03940_,4.57µm
_04484_,4.57µm
_04527_,4.57µm
_04610_,4.57µm
_04746_,4.57µm
_04760_,4.57µm
_04812_,4.57µm
_04943_,4.57µm
_05114_,4.57µm
_05806_,4.57µm
_05972_,4.57µm
_01683_,4.56µm
_02000_,4.56µm
_04354_,4.56µm
net2646,4.56µm
net2899,4.56µm
_01227_,4.545µm
_02048_,4.52µm
_05153_,4.52µm
_02079_,4.51µm
_01384_,4.5µm
_01699_,4.485µm
_02409_,4.485µm
_00080_,4.47µm
_04703_,4.465µm
_05817_,4.46µm
_03049_,4.45µm
_03177_,4.45µm
_03244_,4.45µm
_03261_,4.45µm
_03318_,4.45µm
_05455_,4.45µm
_01912_,4.44µm
_01993_,4.44µm
_02028_,4.44µm
_02238_,4.44µm
_02271_,4.44µm
_02320_,4.44µm
_02457_,4.44µm
_03028_,4.44µm
_03577_,4.44µm
_03884_,4.44µm
_03979_,4.44µm
_04080_,4.44µm
_04458_,4.44µm
_04692_,4.44µm
_04762_,4.44µm
_04877_,4.44µm
_05223_,4.44µm
_05807_,4.44µm
_05880_,4.44µm
net3272,4.44µm
_00231_,4.425µm
_01653_,4.425µm
_00038_,4.39µm
_00055_,4.39µm
_01134_,4.39µm
_01380_,4.39µm
_01388_,4.39µm
_00084_,4.38µm
_00224_,4.38µm
_00229_,4.38µm
_00250_,4.38µm
_00462_,4.38µm
_00512_,4.38µm
_00581_,4.38µm
_00756_,4.38µm
_00937_,4.38µm
_01005_,4.38µm
_01051_,4.38µm
_01088_,4.38µm
_01094_,4.38µm
_01136_,4.38µm
_01317_,4.38µm
_01335_,4.38µm
_01417_,4.38µm
_01652_,4.38µm
_02405_,4.38µm
_02468_,4.38µm
_02723_,4.38µm
_03153_,4.38µm
_03324_,4.38µm
_03872_,4.38µm
_04058_,4.38µm
_04576_,4.38µm
_04786_,4.38µm
_04794_,4.38µm
_01501_,4.36µm
_01705_,4.33µm
_04825_,4.33µm
_05816_,4.33µm
_00161_,4.32µm
_01338_,4.32µm
_01963_,4.32µm
_03101_,4.32µm
_03206_,4.32µm
_03352_,4.32µm
_05831_,4.32µm
net1609,4.32µm
net1780,4.32µm
net1871,4.32µm
net1948,4.32µm
net2084,4.32µm
net2190,4.32µm
net2207,4.32µm
net2227,4.32µm
net2303,4.32µm
net2352,4.32µm
net2443,4.32µm
net2523,4.32µm
net2570,4.32µm
net2583,4.32µm
net2655,4.32µm
net2667,4.32µm
net2687,4.32µm
net2812,4.32µm
net2857,4.32µm
net3017,4.32µm
net3025,4.32µm
_01029_,4.27µm
_02336_,4.27µm
_03269_,4.27µm
_00069_,4.26µm
_00087_,4.26µm
_00242_,4.26µm
_00264_,4.26µm
_00268_,4.26µm
_00374_,4.26µm
_00494_,4.26µm
_00574_,4.26µm
_00704_,4.26µm
_00808_,4.26µm
_00942_,4.26µm
_00947_,4.26µm
_00957_,4.26µm
_00962_,4.26µm
_01075_,4.26µm
_01114_,4.26µm
_01469_,4.26µm
_01486_,4.26µm
_01489_,4.26µm
_01522_,4.26µm
_01539_,4.26µm
_02499_,4.26µm
_02712_,4.26µm
_03860_,4.26µm
_05677_,4.22µm
_01433_,4.2µm
_01447_,4.2µm
_01458_,4.2µm
_01500_,4.2µm
_01798_,4.2µm
_02020_,4.2µm
_02091_,4.2µm
_03246_,4.2µm
_03539_,4.2µm
_03620_,4.2µm
_03649_,4.2µm
_04440_,4.2µm
_04819_,4.2µm
_05206_,4.2µm
net1612,4.2µm
net1782,4.2µm
net1872,4.2µm
net2026,4.2µm
net2096,4.2µm
net2273,4.2µm
net2348,4.2µm
net2511,4.2µm
net2577,4.2µm
net2624,4.2µm
net2778,4.2µm
net3094,4.2µm
_01577_,4.195µm
_01789_,4.195µm
_02251_,4.195µm
_02309_,4.195µm
_03056_,4.195µm
_03160_,4.195µm
_03522_,4.195µm
_04012_,4.195µm
_04105_,4.195µm
_04795_,4.195µm
_05109_,4.195µm
_04639_,4.185µm
_01679_,4.14µm
_02542_,4.14µm
_03953_,4.135µm
_04226_,4.125µm
_04338_,4.125µm
_01282_,4.1µm
_01283_,4.1µm
_01327_,4.1µm
_01414_,4.1µm
_01875_,4.1µm
_02883_,4.1µm
_02913_,4.1µm
_03560_,4.1µm
_03582_,4.1µm
_03590_,4.1µm
_03759_,4.1µm
_03833_,4.1µm
_04994_,4.1µm
_05400_,4.1µm
_05552_,4.1µm
_01490_,4.09µm
_01897_,4.09µm
_02092_,4.09µm
_02200_,4.09µm
_02451_,4.09µm
_03208_,4.09µm
_03956_,4.09µm
_04133_,4.09µm
_04159_,4.09µm
_04202_,4.09µm
_04223_,4.09µm
_04404_,4.09µm
_04461_,4.09µm
_04474_,4.09µm
_04506_,4.09µm
_04625_,4.09µm
_04702_,4.09µm
_04836_,4.09µm
_05569_,4.09µm
_05580_,4.09µm
_05671_,4.09µm
_05735_,4.09µm
_05837_,4.09µm
_05877_,4.09µm
_05931_,4.09µm
_05938_,4.09µm
net1616,4.09µm
net1647,4.09µm
net1650,4.09µm
net1688,4.09µm
net1706,4.09µm
net1718,4.09µm
net1739,4.09µm
net1745,4.09µm
net1748,4.09µm
net1759,4.09µm
net1777,4.09µm
net1810,4.09µm
net1843,4.09µm
net1849,4.09µm
net1851,4.09µm
net1880,4.09µm
net1907,4.09µm
net1908,4.09µm
net1912,4.09µm
net1962,4.09µm
net1972,4.09µm
net1974,4.09µm
net1987,4.09µm
net2003,4.09µm
net2008,4.09µm
net2009,4.09µm
net2011,4.09µm
net2014,4.09µm
net2040,4.09µm
net2052,4.09µm
net2066,4.09µm
net2102,4.09µm
net2108,4.09µm
net2110,4.09µm
net2168,4.09µm
net2186,4.09µm
net2192,4.09µm
net2202,4.09µm
net2211,4.09µm
net2221,4.09µm
net2226,4.09µm
net2228,4.09µm
net2232,4.09µm
net2264,4.09µm
net2285,4.09µm
net2315,4.09µm
net2322,4.09µm
net2326,4.09µm
net2328,4.09µm
net2333,4.09µm
net2357,4.09µm
net2358,4.09µm
net2365,4.09µm
net2371,4.09µm
net2417,4.09µm
net2444,4.09µm
net2455,4.09µm
net2476,4.09µm
net2478,4.09µm
net2493,4.09µm
net2510,4.09µm
net2527,4.09µm
net2542,4.09µm
net2545,4.09µm
net2547,4.09µm
net2550,4.09µm
net2569,4.09µm
net2589,4.09µm
net2594,4.09µm
net2595,4.09µm
net2622,4.09µm
net2663,4.09µm
net2666,4.09µm
net2746,4.09µm
net2795,4.09µm
net2815,4.09µm
net2825,4.09µm
net2871,4.09µm
net2912,4.09µm
net2966,4.09µm
net3031,4.09µm
net3045,4.09µm
net3077,4.09µm
net3125,4.09µm
net3139,4.09µm
_02442_,4.085µm
net1721,4.08µm
_04059_,4.05µm
_01680_,4.04µm
_02083_,4.04µm
_04705_,4.04µm
_00029_,4.03µm
_02321_,4.03µm
_02689_,4.03µm
_03635_,4.03µm
_04111_,4.03µm
_04413_,4.03µm
_05647_,4.03µm
_01167_,4.02µm
_01385_,4.02µm
_01399_,4.02µm
_03919_,4µm
_04749_,4µm
_02121_,3.99µm
_00071_,3.975µm
_00063_,3.96µm
_02170_,3.96µm
_02211_,3.96µm
_02806_,3.96µm
_03046_,3.96µm
_03086_,3.96µm
_03154_,3.96µm
_03155_,3.96µm
_03189_,3.96µm
_03265_,3.96µm
_03599_,3.96µm
_03819_,3.96µm
_03895_,3.96µm
_04116_,3.96µm
_04317_,3.96µm
_04373_,3.96µm
_04466_,3.96µm
_04480_,3.96µm
_04550_,3.96µm
_04747_,3.96µm
_04838_,3.96µm
_05508_,3.96µm
_05524_,3.96µm
_05553_,3.96µm
_05753_,3.96µm
net3296,3.96µm
_03386_,3.94µm
_04353_,3.915µm
_01268_,3.91µm
net1959,3.91µm
_04268_,3.905µm
_00013_,3.9µm
_00048_,3.9µm
_00221_,3.9µm
_00309_,3.9µm
_00359_,3.9µm
_00544_,3.9µm
_00566_,3.9µm
_00733_,3.9µm
_00758_,3.9µm
_00778_,3.9µm
_00848_,3.9µm
_00860_,3.9µm
_00877_,3.9µm
_00971_,3.9µm
_00988_,3.9µm
_00989_,3.9µm
_01074_,3.9µm
_01138_,3.9µm
_01152_,3.9µm
_01200_,3.9µm
_01230_,3.9µm
_01343_,3.9µm
_01431_,3.9µm
_01432_,3.9µm
_01434_,3.9µm
_01525_,3.9µm
_01630_,3.9µm
_01838_,3.9µm
_01901_,3.9µm
_01990_,3.9µm
_02011_,3.9µm
_02206_,3.9µm
_02330_,3.9µm
_02558_,3.9µm
_02591_,3.9µm
_02674_,3.9µm
_02762_,3.9µm
_03115_,3.9µm
_03193_,3.9µm
_03400_,3.9µm
_03403_,3.9µm
_03500_,3.9µm
_03661_,3.9µm
_03725_,3.9µm
_03949_,3.9µm
_04298_,3.9µm
_04540_,3.9µm
_04779_,3.9µm
_05385_,3.9µm
_05427_,3.9µm
_05456_,3.9µm
_05491_,3.9µm
_05581_,3.9µm
_05641_,3.9µm
_05741_,3.9µm
_05885_,3.9µm
u_picorv32.pcpi_rs1\[11\],3.9µm
net3195,3.9µm
net3197,3.9µm
net3210,3.9µm
net3214,3.9µm
net3225,3.9µm
net3233,3.9µm
net3236,3.9µm
net3238,3.9µm
net3240,3.9µm
net3245,3.9µm
net3254,3.9µm
net3264,3.9µm
net3267,3.9µm
net3344,3.9µm
_04485_,3.875µm
_00558_,3.855µm
_04902_,3.85µm
_01182_,3.84µm
_02118_,3.84µm
_02142_,3.84µm
_03109_,3.84µm
_04245_,3.84µm
_05566_,3.84µm
net1627,3.84µm
net1786,3.84µm
net1890,3.84µm
net2024,3.84µm
net2054,3.84µm
net2237,3.84µm
net2261,3.84µm
net2448,3.84µm
net2491,3.84µm
net2525,3.84µm
net2573,3.84µm
net2681,3.84µm
net2771,3.84µm
net2788,3.84µm
net2806,3.84µm
net2830,3.84µm
net2940,3.84µm
net2974,3.84µm
net2988,3.84µm
net3103,3.84µm
net3162,3.84µm
net3173,3.84µm
_03370_,3.825µm
_00392_,3.81µm
_00068_,3.78µm
_00372_,3.78µm
_00450_,3.78µm
_00569_,3.78µm
_00633_,3.78µm
_01257_,3.78µm
_04572_,3.78µm
_02138_,3.765µm
net1695,3.765µm
_03683_,3.75µm
_05598_,3.75µm
_02307_,3.745µm
_03663_,3.73µm
_02760_,3.72µm
_03118_,3.72µm
_03931_,3.72µm
_04029_,3.72µm
_04336_,3.72µm
_05239_,3.72µm
_05317_,3.72µm
net1648,3.72µm
net1773,3.72µm
net1785,3.72µm
net1845,3.72µm
net1926,3.72µm
net1933,3.72µm
net1961,3.72µm
net2002,3.72µm
net2033,3.72µm
net2034,3.72µm
net2037,3.72µm
net2060,3.72µm
net2065,3.72µm
net2083,3.72µm
net2119,3.72µm
net2171,3.72µm
net2177,3.72µm
net2203,3.72µm
net2214,3.72µm
net2235,3.72µm
net2260,3.72µm
net2356,3.72µm
net2372,3.72µm
net2389,3.72µm
net2431,3.72µm
net2460,3.72µm
net2474,3.72µm
net2487,3.72µm
net2499,3.72µm
net2518,3.72µm
net2537,3.72µm
net2580,3.72µm
net2584,3.72µm
net2829,3.72µm
net2866,3.72µm
net2975,3.72µm
net3053,3.72µm
net3108,3.72µm
net3185,3.72µm
_02495_,3.715µm
_02540_,3.715µm
_02629_,3.715µm
_02750_,3.715µm
_03209_,3.715µm
_03346_,3.715µm
_03655_,3.715µm
_03892_,3.715µm
_04391_,3.715µm
_04642_,3.715µm
_04772_,3.715µm
_04797_,3.715µm
_04801_,3.715µm
_04932_,3.715µm
_05374_,3.715µm
_05963_,3.715µm
_06003_,3.715µm
_06014_,3.715µm
_01852_,3.69µm
_02225_,3.66µm
_04140_,3.66µm
_05443_,3.66µm
_03841_,3.655µm
_04493_,3.655µm
_02733_,3.645µm
net2007,3.63µm
_02534_,3.62µm
_05507_,3.62µm
_01235_,3.61µm
_01673_,3.61µm
_01842_,3.61µm
_02110_,3.61µm
_02274_,3.61µm
_02484_,3.61µm
_02497_,3.61µm
_02835_,3.61µm
_02844_,3.61µm
_03512_,3.61µm
_03765_,3.61µm
_03790_,3.61µm
_03831_,3.61µm
_03978_,3.61µm
_04203_,3.61µm
_04361_,3.61µm
_04494_,3.61µm
_04515_,3.61µm
_04558_,3.61µm
_04567_,3.61µm
_04619_,3.61µm
_04635_,3.61µm
_04681_,3.61µm
_04758_,3.61µm
_04832_,3.61µm
_04891_,3.61µm
_04892_,3.61µm
_05107_,3.61µm
_05417_,3.61µm
_05655_,3.61µm
_05821_,3.61µm
_06011_,3.61µm
_06013_,3.61µm
_06016_,3.61µm
_02809_,3.6µm
_00011_,3.585µm
_03418_,3.565µm
_02102_,3.55µm
_02455_,3.55µm
_02931_,3.55µm
_03707_,3.55µm
_03998_,3.55µm
_04323_,3.55µm
_05843_,3.55µm
_05943_,3.55µm
_00079_,3.54µm
_01339_,3.54µm
_01378_,3.54µm
_01534_,3.54µm
_02205_,3.54µm
net1963,3.51µm
_01175_,3.48µm
_01184_,3.48µm
_01602_,3.48µm
_01941_,3.48µm
_01964_,3.48µm
_02135_,3.48µm
_02501_,3.48µm
_02659_,3.48µm
_02826_,3.48µm
_03294_,3.48µm
_03602_,3.48µm
_04050_,3.48µm
_04327_,3.48µm
_04435_,3.48µm
_04811_,3.48µm
_04880_,3.48µm
_04942_,3.48µm
_05092_,3.48µm
_05550_,3.48µm
_05559_,3.48µm
_05814_,3.48µm
_05955_,3.48µm
net3199,3.48µm
net3212,3.48µm
net3216,3.48µm
net3218,3.48µm
net3227,3.48µm
net3231,3.48µm
net3248,3.48µm
net3256,3.48µm
net3260,3.48µm
net3266,3.48µm
net3268,3.48µm
_05819_,3.45µm
_04271_,3.445µm
_04696_,3.445µm
_01232_,3.43µm
_01429_,3.43µm
_03237_,3.43µm
_00104_,3.42µm
_00131_,3.42µm
_00183_,3.42µm
_00227_,3.42µm
_00244_,3.42µm
_00332_,3.42µm
_00489_,3.42µm
_00644_,3.42µm
_00700_,3.42µm
_00936_,3.42µm
_01049_,3.42µm
_01132_,3.42µm
_01144_,3.42µm
_01173_,3.42µm
_01228_,3.42µm
_01340_,3.42µm
_01364_,3.42µm
_01375_,3.42µm
_01509_,3.42µm
_01523_,3.42µm
_01949_,3.42µm
_02002_,3.42µm
_02034_,3.42µm
_02190_,3.42µm
_02235_,3.42µm
_02375_,3.42µm
_02661_,3.42µm
_02726_,3.42µm
_02738_,3.42µm
_02754_,3.42µm
_02782_,3.42µm
_02840_,3.42µm
_02855_,3.42µm
_03093_,3.42µm
_03298_,3.42µm
_03342_,3.42µm
_03353_,3.42µm
_03615_,3.42µm
_03668_,3.42µm
_03773_,3.42µm
_03856_,3.42µm
_04205_,3.42µm
_04326_,3.42µm
_04405_,3.42µm
_04406_,3.42µm
_04427_,3.42µm
_04487_,3.42µm
_04683_,3.42µm
_04883_,3.42µm
_04893_,3.42µm
_05356_,3.42µm
_05394_,3.42µm
_05426_,3.42µm
_05682_,3.42µm
_05830_,3.42µm
_04824_,3.4µm
_04347_,3.39µm
_03685_,3.375µm
_01198_,3.36µm
_01203_,3.36µm
_05965_,3.36µm
net2241,3.36µm
net2535,3.36µm
net2656,3.36µm
net2677,3.36µm
net2737,3.36µm
net2784,3.36µm
net2828,3.36µm
net2882,3.36µm
net2930,3.36µm
net2937,3.36µm
net2990,3.36µm
net3189,3.36µm
_03548_,3.325µm
_03723_,3.325µm
_05484_,3.285µm
_04021_,3.27µm
_00085_,3.24µm
_01169_,3.24µm
_01349_,3.24µm
_02221_,3.24µm
_02901_,3.24µm
_03321_,3.24µm
_03374_,3.24µm
_03987_,3.24µm
_04015_,3.24µm
_04031_,3.24µm
_04212_,3.24µm
_04342_,3.24µm
_04547_,3.24µm
_04565_,3.24µm
_04701_,3.24µm
_05648_,3.24µm
_05867_,3.24µm
_05944_,3.24µm
_01424_,3.235µm
_02078_,3.235µm
_02364_,3.235µm
_02463_,3.235µm
_02579_,3.235µm
_02791_,3.235µm
_04094_,3.235µm
_04191_,3.235µm
_05353_,3.235µm
_05792_,3.235µm
_05851_,3.235µm
_05870_,3.235µm
_02423_,3.23µm
_02767_,3.22µm
_00775_,3.21µm
_02374_,3.21µm
_04279_,3.185µm
_03410_,3.18µm
_03881_,3.18µm
_01762_,3.165µm
_02129_,3.145µm
_03266_,3.145µm
_01923_,3.14µm
_02187_,3.14µm
_02280_,3.14µm
_02481_,3.14µm
_02856_,3.14µm
_02907_,3.14µm
_03067_,3.14µm
_03365_,3.14µm
_03372_,3.14µm
_03441_,3.14µm
_03630_,3.14µm
_04473_,3.14µm
_04620_,3.14µm
_06004_,3.14µm
_01205_,3.13µm
_02655_,3.13µm
_03102_,3.13µm
_03338_,3.13µm
_03340_,3.13µm
_03524_,3.13µm
_04321_,3.13µm
_05166_,3.13µm
_05179_,3.13µm
_05812_,3.13µm
_05864_,3.13µm
_05921_,3.13µm
_02449_,3.12µm
_04277_,3.12µm
_00439_,3.105µm
_02189_,3.085µm
_04055_,3.08µm
_03348_,3.075µm
_03733_,3.07µm
_00059_,3.06µm
_00841_,3.06µm
_01146_,3.06µm
_01149_,3.06µm
_01194_,3.06µm
_01199_,3.06µm
_01251_,3.06µm
_01258_,3.06µm
_01347_,3.06µm
_01377_,3.06µm
_01409_,3.06µm
_02443_,3.06µm
_05084_,3.06µm
_05149_,3.06µm
_02527_,3.04µm
_01151_,3µm
_01192_,3µm
_01735_,3µm
_01878_,3µm
_01996_,3µm
_02054_,3µm
_02160_,3µm
_02312_,3µm
_02520_,3µm
_02680_,3µm
_02847_,3µm
_02862_,3µm
_02903_,3µm
_02937_,3µm
_03461_,3µm
_03544_,3µm
_03550_,3µm
_03581_,3µm
_04092_,3µm
_04300_,3µm
_04618_,3µm
_04662_,3µm
_04861_,3µm
_05354_,3µm
_05432_,3µm
_05731_,3µm
_02116_,2.98µm
net2619,2.97µm
_00253_,2.94µm
_00487_,2.94µm
_00781_,2.94µm
_00824_,2.94µm
_00895_,2.94µm
_01055_,2.94µm
_01177_,2.94µm
_01181_,2.94µm
_01393_,2.94µm
_01491_,2.94µm
_01527_,2.94µm
_01640_,2.94µm
_01921_,2.94µm
_02024_,2.94µm
_02039_,2.94µm
_02401_,2.94µm
_02464_,2.94µm
_03024_,2.94µm
_03359_,2.94µm
_03763_,2.94µm
_03980_,2.94µm
_04128_,2.94µm
_04208_,2.94µm
_04363_,2.94µm
_04559_,2.94µm
_04614_,2.94µm
_04622_,2.94µm
_04828_,2.94µm
_05555_,2.94µm
_05621_,2.94µm
_05793_,2.94µm
_05875_,2.94µm
_06009_,2.94µm
_01659_,2.915µm
_01249_,2.91µm
_04646_,2.88µm
_00580_,2.85µm
_03870_,2.79µm
_04906_,2.775µm
_01148_,2.76µm
_01492_,2.76µm
_01493_,2.76µm
_01691_,2.76µm
_02458_,2.76µm
_02564_,2.76µm
_03019_,2.76µm
_03496_,2.76µm
_03645_,2.76µm
_03676_,2.76µm
_04400_,2.76µm
_04678_,2.76µm
_05813_,2.76µm
_05897_,2.76µm
_00082_,2.755µm
_03781_,2.755µm
_04143_,2.755µm
_04309_,2.755µm
_04408_,2.755µm
_05782_,2.755µm
_05839_,2.755µm
_06006_,2.755µm
_04495_,2.73µm
_02153_,2.7µm
_02586_,2.7µm
_03885_,2.7µm
_05395_,2.685µm
_03443_,2.665µm
_01212_,2.66µm
_01260_,2.66µm
_01410_,2.66µm
_01533_,2.66µm
_02441_,2.66µm
_02554_,2.66µm
_03362_,2.66µm
_03422_,2.66µm
_03426_,2.66µm
_03433_,2.66µm
_03482_,2.66µm
_04853_,2.66µm
_05926_,2.66µm
net3318,2.66µm
net3331,2.66µm
net3334,2.66µm
_02667_,2.65µm
_02914_,2.65µm
_03859_,2.65µm
_03861_,2.65µm
_03871_,2.65µm
_05378_,2.65µm
_05604_,2.65µm
_05631_,2.65µm
_00277_,2.64µm
_01270_,2.64µm
_03114_,2.64µm
_04275_,2.64µm
_02096_,2.635µm
_01239_,2.6µm
_00907_,2.59µm
_02644_,2.59µm
_05401_,2.59µm
_00060_,2.58µm
_01150_,2.58µm
_01168_,2.58µm
_01240_,2.58µm
_01256_,2.58µm
_01277_,2.58µm
_01298_,2.58µm
_01515_,2.58µm
_03762_,2.545µm
_04858_,2.54µm
_01238_,2.52µm
_02155_,2.52µm
_02466_,2.52µm
_02739_,2.52µm
_03048_,2.52µm
_03232_,2.52µm
_03680_,2.52µm
_03721_,2.52µm
_03784_,2.52µm
_03824_,2.52µm
_03910_,2.52µm
_03957_,2.52µm
_04167_,2.52µm
_04417_,2.52µm
_04478_,2.52µm
_04939_,2.52µm
_05361_,2.52µm
_05382_,2.52µm
net37,2.52µm
_00305_,2.43µm
_03263_,2.43µm
_04160_,2.38µm
_00091_,2.34µm
_01328_,2.34µm
_01415_,2.34µm
_01529_,2.34µm
_00736_,2.28µm
_00768_,2.28µm
_01811_,2.28µm
_02195_,2.28µm
_02275_,2.28µm
_02421_,2.28µm
_02575_,2.28µm
_02831_,2.28µm
_02863_,2.28µm
_02884_,2.28µm
_02953_,2.28µm
_03498_,2.28µm
_03670_,2.28µm
_03897_,2.28µm
_04147_,2.28µm
_04222_,2.28µm
_04280_,2.28µm
_04594_,2.28µm
_04670_,2.28µm
_04718_,2.28µm
_04907_,2.28µm
_01383_,2.275µm
_02623_,2.275µm
_02668_,2.275µm
_04512_,2.275µm
_03594_,2.235µm
_00419_,2.22µm
_00472_,2.22µm
_01819_,2.22µm
_05476_,2.22µm
_05832_,2.215µm
_02393_,2.21µm
_01276_,2.18µm
_03143_,2.18µm
_00167_,2.17µm
_00186_,2.17µm
_00225_,2.17µm
_00730_,2.17µm
_00830_,2.17µm
_00878_,2.17µm
_00987_,2.17µm
_01341_,2.17µm
_02157_,2.17µm
_03331_,2.17µm
_04756_,2.17µm
_05667_,2.17µm
_05795_,2.17µm
_01179_,2.1µm
_01285_,2.1µm
_01326_,2.1µm
_01381_,2.1µm
_01389_,2.1µm
_01516_,2.1µm
_05393_,2.1µm
net3204,2.1µm
_04767_,1.94µm
_02471_,1.92µm
_03686_,1.92µm
_03788_,1.92µm
_03807_,1.9µm
_04469_,1.9µm
_04626_,1.9µm
_01095_,1.89µm
_00064_,1.8µm
_00070_,1.8µm
_00074_,1.8µm
_00077_,1.8µm
_00152_,1.8µm
_00159_,1.8µm
_00177_,1.8µm
_00184_,1.8µm
_00189_,1.8µm
_00190_,1.8µm
_00191_,1.8µm
_00205_,1.8µm
_00214_,1.8µm
_00243_,1.8µm
_00255_,1.8µm
_00258_,1.8µm
_00276_,1.8µm
_00278_,1.8µm
_00282_,1.8µm
_00287_,1.8µm
_00290_,1.8µm
_00299_,1.8µm
_00307_,1.8µm
_00311_,1.8µm
_00312_,1.8µm
_00317_,1.8µm
_00320_,1.8µm
_00385_,1.8µm
_00387_,1.8µm
_00389_,1.8µm
_00398_,1.8µm
_00417_,1.8µm
_00418_,1.8µm
_00420_,1.8µm
_00426_,1.8µm
_00433_,1.8µm
_00436_,1.8µm
_00441_,1.8µm
_00448_,1.8µm
_00454_,1.8µm
_00458_,1.8µm
_00484_,1.8µm
_00485_,1.8µm
_00495_,1.8µm
_00515_,1.8µm
_00537_,1.8µm
_00538_,1.8µm
_00542_,1.8µm
_00546_,1.8µm
_00550_,1.8µm
_00562_,1.8µm
_00567_,1.8µm
_00573_,1.8µm
_00576_,1.8µm
_00577_,1.8µm
_00578_,1.8µm
_00582_,1.8µm
_00585_,1.8µm
_00586_,1.8µm
_00587_,1.8µm
_00591_,1.8µm
_00593_,1.8µm
_00596_,1.8µm
_00597_,1.8µm
_00598_,1.8µm
_00599_,1.8µm
_00601_,1.8µm
_00602_,1.8µm
_00603_,1.8µm
_00605_,1.8µm
_00620_,1.8µm
_00662_,1.8µm
_00687_,1.8µm
_00689_,1.8µm
_00690_,1.8µm
_00693_,1.8µm
_00697_,1.8µm
_00699_,1.8µm
_00703_,1.8µm
_00707_,1.8µm
_00708_,1.8µm
_00709_,1.8µm
_00713_,1.8µm
_00719_,1.8µm
_00721_,1.8µm
_00727_,1.8µm
_00731_,1.8µm
_00732_,1.8µm
_00769_,1.8µm
_00770_,1.8µm
_00779_,1.8µm
_00783_,1.8µm
_00787_,1.8µm
_00789_,1.8µm
_00795_,1.8µm
_00798_,1.8µm
_00800_,1.8µm
_00832_,1.8µm
_00833_,1.8µm
_00837_,1.8µm
_00838_,1.8µm
_00842_,1.8µm
_00846_,1.8µm
_00847_,1.8µm
_00853_,1.8µm
_00854_,1.8µm
_00855_,1.8µm
_00857_,1.8µm
_00861_,1.8µm
_00869_,1.8µm
_00873_,1.8µm
_00883_,1.8µm
_00884_,1.8µm
_00885_,1.8µm
_00888_,1.8µm
_00889_,1.8µm
_00890_,1.8µm
_00893_,1.8µm
_00896_,1.8µm
_00898_,1.8µm
_00904_,1.8µm
_00906_,1.8µm
_00912_,1.8µm
_00914_,1.8µm
_00919_,1.8µm
_00922_,1.8µm
_00923_,1.8µm
_00935_,1.8µm
_00939_,1.8µm
_00943_,1.8µm
_00949_,1.8µm
_00960_,1.8µm
_00963_,1.8µm
_00983_,1.8µm
_00985_,1.8µm
_00997_,1.8µm
_01008_,1.8µm
_01014_,1.8µm
_01023_,1.8µm
_01024_,1.8µm
_01026_,1.8µm
_01027_,1.8µm
_01033_,1.8µm
_01040_,1.8µm
_01043_,1.8µm
_01044_,1.8µm
_01045_,1.8µm
_01046_,1.8µm
_01054_,1.8µm
_01056_,1.8µm
_01104_,1.8µm
_01141_,1.8µm
_01154_,1.8µm
_01171_,1.8µm
_01210_,1.8µm
_01259_,1.8µm
_01263_,1.8µm
_01345_,1.8µm
_01367_,1.8µm
_01373_,1.8µm
_01483_,1.8µm
_01484_,1.8µm
_01485_,1.8µm
_01692_,1.8µm
_01948_,1.8µm
_02082_,1.8µm
_02123_,1.8µm
_02180_,1.8µm
_02360_,1.8µm
_02493_,1.8µm
_02601_,1.8µm
_03867_,1.8µm
_03986_,1.8µm
_04197_,1.8µm
_04462_,1.8µm
_04608_,1.8µm
_05366_,1.8µm
_05447_,1.8µm
_05940_,1.8µm
_02582_,1.795µm
_05770_,1.795µm
_01462_,1.7µm
_04489_,1.7µm
_01250_,1.62µm
_00023_,1.59µm
_00260_,1.59µm
_00314_,1.59µm
_00785_,1.59µm
_00839_,1.59µm
_00872_,1.59µm
_00970_,1.59µm
_01097_,1.59µm
_01122_,1.59µm
_05532_,1.53µm
_01137_,1.44µm
_03289_,1.435µm
_00016_,1.38µm
_00096_,1.38µm
_00114_,1.38µm
_01174_,1.38µm
_01315_,1.38µm
_01446_,1.38µm
_01460_,1.38µm
_01959_,1.38µm
_02986_,1.38µm
_03043_,1.38µm
_03526_,1.38µm
_05949_,1.38µm
_05952_,1.38µm
_05958_,1.38µm
_05964_,1.38µm
_05970_,1.38µm
_01178_,0.96µm
_01180_,0.96µm
_01223_,0.96µm
_01231_,0.96µm
_01273_,0.96µm
_01278_,0.96µm
_01281_,0.96µm
_01288_,0.96µm
_01312_,0.96µm
_01452_,0.96µm
_01465_,0.96µm
_02297_,0.96µm
_02311_,0.96µm
_02805_,0.96µm
_02820_,0.96µm
_03053_,0.96µm
_03054_,0.96µm
_03138_,0.96µm
_03158_,0.96µm
_03176_,0.96µm
_03708_,0.96µm
_04291_,0.96µm
_04910_,0.96µm
