
===========================================================================
report_checks -path_delay min (Hold)
============================================================================
======================= nom_typ_1p20V_25C Corner ===================================

Startpoint: _1034_ (rising edge-triggered flip-flop clocked by clk_i)
Endpoint: _1034_ (rising edge-triggered flip-flop clocked by clk_i)
Path Group: clk_i
Path Type: min

Fanout         Cap        Slew       Delay        Time   Description
---------------------------------------------------------------------------------------------
                                  0.000000    0.000000   clock clk_i (rise edge)
                                  0.000000    0.000000   clock source latency
     1    0.032062    0.000000    0.000000    0.000000 ^ clk_i (in)
                                                         clk_i (net)
                      0.004516    0.002258    0.002258 ^ clkbuf_0_clk_i/A (sg13g2_buf_16)
    16    0.181972    0.058543    0.076554    0.078812 ^ clkbuf_0_clk_i/X (sg13g2_buf_16)
                                                         clknet_0_clk_i (net)
                      0.064442    0.014245    0.093056 ^ clkbuf_4_13_0_clk_i/A (sg13g2_buf_8)
     7    0.030774    0.029894    0.089424    0.182480 ^ clkbuf_4_13_0_clk_i/X (sg13g2_buf_8)
                                                         clknet_4_13_0_clk_i (net)
                      0.029927    0.001575    0.184056 ^ _1034_/CLK (sg13g2_dfrbpq_1)
     2    0.014440    0.052426    0.191933    0.375989 v _1034_/Q (sg13g2_dfrbpq_1)
                                                         net177 (net)
                      0.052437    0.000741    0.376731 v _0726_/C (sg13g2_nand3b_1)
     1    0.003226    0.029792    0.051756    0.428487 ^ _0726_/Y (sg13g2_nand3b_1)
                                                         _0243_ (net)
                      0.029792    0.000127    0.428614 ^ _0727_/B (sg13g2_nand2_1)
     1    0.001995    0.024609    0.042789    0.471403 v _0727_/Y (sg13g2_nand2_1)
                                                         _0033_ (net)
                      0.024609    0.000075    0.471478 v _1034_/D (sg13g2_dfrbpq_1)
                                              0.471478   data arrival time

                                  0.000000    0.000000   clock clk_i (rise edge)
                                  0.000000    0.000000   clock source latency
     1    0.034735    0.000000    0.000000    0.000000 ^ clk_i (in)
                                                         clk_i (net)
                      0.005104    0.002552    0.002552 ^ clkbuf_0_clk_i/A (sg13g2_buf_16)
    16    0.202468    0.063847    0.079427    0.081979 ^ clkbuf_0_clk_i/X (sg13g2_buf_16)
                                                         clknet_0_clk_i (net)
                      0.070560    0.015829    0.097808 ^ clkbuf_4_13_0_clk_i/A (sg13g2_buf_8)
     7    0.034148    0.031612    0.093659    0.191467 ^ clkbuf_4_13_0_clk_i/X (sg13g2_buf_8)
                                                         clknet_4_13_0_clk_i (net)
                      0.031676    0.001747    0.193214 ^ _1034_/CLK (sg13g2_dfrbpq_1)
                                  0.100000    0.293214   clock uncertainty
                                 -0.009158    0.284056   clock reconvergence pessimism
                                 -0.033410    0.250646   library hold time
                                              0.250646   data required time
---------------------------------------------------------------------------------------------
                                              0.250646   data required time
                                             -0.471478   data arrival time
---------------------------------------------------------------------------------------------
                                              0.220832   slack (MET)


Startpoint: _1054_ (rising edge-triggered flip-flop clocked by clk_i)
Endpoint: _1054_ (rising edge-triggered flip-flop clocked by clk_i)
Path Group: clk_i
Path Type: min

Fanout         Cap        Slew       Delay        Time   Description
---------------------------------------------------------------------------------------------
                                  0.000000    0.000000   clock clk_i (rise edge)
                                  0.000000    0.000000   clock source latency
     1    0.032062    0.000000    0.000000    0.000000 ^ clk_i (in)
                                                         clk_i (net)
                      0.004516    0.002258    0.002258 ^ clkbuf_0_clk_i/A (sg13g2_buf_16)
    16    0.181972    0.058543    0.076554    0.078812 ^ clkbuf_0_clk_i/X (sg13g2_buf_16)
                                                         clknet_0_clk_i (net)
                      0.061499    0.010148    0.088959 ^ clkbuf_4_9_0_clk_i/A (sg13g2_buf_8)
     7    0.030034    0.029453    0.087829    0.176789 ^ clkbuf_4_9_0_clk_i/X (sg13g2_buf_8)
                                                         clknet_4_9_0_clk_i (net)
                      0.029462    0.000842    0.177631 ^ _1054_/CLK (sg13g2_dfrbpq_1)
     3    0.016711    0.059459    0.197087    0.374717 v _1054_/Q (sg13g2_dfrbpq_1)
                                                         net141 (net)
                      0.059471    0.000848    0.375565 v _0806_/B1 (sg13g2_a21oi_1)
     1    0.003900    0.044997    0.054329    0.429895 ^ _0806_/Y (sg13g2_a21oi_1)
                                                         _0303_ (net)
                      0.044998    0.000279    0.430173 ^ _0809_/A (sg13g2_nor2_1)
     1    0.002475    0.019995    0.037860    0.468033 v _0809_/Y (sg13g2_nor2_1)
                                                         _0053_ (net)
                      0.019995    0.000163    0.468196 v _1054_/D (sg13g2_dfrbpq_1)
                                              0.468196   data arrival time

                                  0.000000    0.000000   clock clk_i (rise edge)
                                  0.000000    0.000000   clock source latency
     1    0.034735    0.000000    0.000000    0.000000 ^ clk_i (in)
                                                         clk_i (net)
                      0.005104    0.002552    0.002552 ^ clkbuf_0_clk_i/A (sg13g2_buf_16)
    16    0.202468    0.063847    0.079427    0.081979 ^ clkbuf_0_clk_i/X (sg13g2_buf_16)
                                                         clknet_0_clk_i (net)
                      0.067188    0.011286    0.093265 ^ clkbuf_4_9_0_clk_i/A (sg13g2_buf_8)
     7    0.033408    0.031162    0.091876    0.185141 ^ clkbuf_4_9_0_clk_i/X (sg13g2_buf_8)
                                                         clknet_4_9_0_clk_i (net)
                      0.031175    0.000957    0.186098 ^ _1054_/CLK (sg13g2_dfrbpq_1)
                                  0.100000    0.286098   clock uncertainty
                                 -0.008468    0.277631   clock reconvergence pessimism
                                 -0.032051    0.245579   library hold time
                                              0.245579   data required time
---------------------------------------------------------------------------------------------
                                              0.245579   data required time
                                             -0.468196   data arrival time
---------------------------------------------------------------------------------------------
                                              0.222617   slack (MET)


Startpoint: _1060_ (rising edge-triggered flip-flop clocked by clk_i)
Endpoint: _1060_ (rising edge-triggered flip-flop clocked by clk_i)
Path Group: clk_i
Path Type: min

Fanout         Cap        Slew       Delay        Time   Description
---------------------------------------------------------------------------------------------
                                  0.000000    0.000000   clock clk_i (rise edge)
                                  0.000000    0.000000   clock source latency
     1    0.032062    0.000000    0.000000    0.000000 ^ clk_i (in)
                                                         clk_i (net)
                      0.004516    0.002258    0.002258 ^ clkbuf_0_clk_i/A (sg13g2_buf_16)
    16    0.181972    0.058543    0.076554    0.078812 ^ clkbuf_0_clk_i/X (sg13g2_buf_16)
                                                         clknet_0_clk_i (net)
                      0.061499    0.010148    0.088959 ^ clkbuf_4_9_0_clk_i/A (sg13g2_buf_8)
     7    0.030034    0.029453    0.087829    0.176789 ^ clkbuf_4_9_0_clk_i/X (sg13g2_buf_8)
                                                         clknet_4_9_0_clk_i (net)
                      0.029461    0.000749    0.177537 ^ _1060_/CLK (sg13g2_dfrbpq_1)
     3    0.018016    0.063116    0.200220    0.377757 v _1060_/Q (sg13g2_dfrbpq_1)
                                                         net116 (net)
                      0.063130    0.000907    0.378664 v _0830_/B1 (sg13g2_a21oi_1)
     1    0.003112    0.041602    0.051753    0.430417 ^ _0830_/Y (sg13g2_a21oi_1)
                                                         _0321_ (net)
                      0.041602    0.000123    0.430540 ^ _0833_/A (sg13g2_nor2_1)
     1    0.003909    0.024585    0.040316    0.470856 v _0833_/Y (sg13g2_nor2_1)
                                                         _0059_ (net)
                      0.024585    0.000218    0.471074 v _1060_/D (sg13g2_dfrbpq_1)
                                              0.471074   data arrival time

                                  0.000000    0.000000   clock clk_i (rise edge)
                                  0.000000    0.000000   clock source latency
     1    0.034735    0.000000    0.000000    0.000000 ^ clk_i (in)
                                                         clk_i (net)
                      0.005104    0.002552    0.002552 ^ clkbuf_0_clk_i/A (sg13g2_buf_16)
    16    0.202468    0.063847    0.079427    0.081979 ^ clkbuf_0_clk_i/X (sg13g2_buf_16)
                                                         clknet_0_clk_i (net)
                      0.067188    0.011286    0.093265 ^ clkbuf_4_9_0_clk_i/A (sg13g2_buf_8)
     7    0.033408    0.031162    0.091876    0.185141 ^ clkbuf_4_9_0_clk_i/X (sg13g2_buf_8)
                                                         clknet_4_9_0_clk_i (net)
                      0.031173    0.000823    0.185965 ^ _1060_/CLK (sg13g2_dfrbpq_1)
                                  0.100000    0.285965   clock uncertainty
                                 -0.008427    0.277537   clock reconvergence pessimism
                                 -0.033507    0.244030   library hold time
                                              0.244030   data required time
---------------------------------------------------------------------------------------------
                                              0.244030   data required time
                                             -0.471074   data arrival time
---------------------------------------------------------------------------------------------
                                              0.227044   slack (MET)


Startpoint: _1025_ (rising edge-triggered flip-flop clocked by clk_i)
Endpoint: _1025_ (rising edge-triggered flip-flop clocked by clk_i)
Path Group: clk_i
Path Type: min

Fanout         Cap        Slew       Delay        Time   Description
---------------------------------------------------------------------------------------------
                                  0.000000    0.000000   clock clk_i (rise edge)
                                  0.000000    0.000000   clock source latency
     1    0.032062    0.000000    0.000000    0.000000 ^ clk_i (in)
                                                         clk_i (net)
                      0.004516    0.002258    0.002258 ^ clkbuf_0_clk_i/A (sg13g2_buf_16)
    16    0.181972    0.058543    0.076554    0.078812 ^ clkbuf_0_clk_i/X (sg13g2_buf_16)
                                                         clknet_0_clk_i (net)
                      0.065182    0.015124    0.093935 ^ clkbuf_4_15_0_clk_i/A (sg13g2_buf_8)
     7    0.029341    0.029316    0.089302    0.183238 ^ clkbuf_4_15_0_clk_i/X (sg13g2_buf_8)
                                                         clknet_4_15_0_clk_i (net)
                      0.029341    0.001475    0.184713 ^ _1025_/CLK (sg13g2_dfrbpq_1)
     2    0.007719    0.032670    0.175589    0.360302 v _1025_/Q (sg13g2_dfrbpq_1)
                                                         net160 (net)
                      0.032705    0.000508    0.360810 v _0692_/A1 (sg13g2_o21ai_1)
     1    0.003147    0.046639    0.087048    0.447857 ^ _0692_/Y (sg13g2_o21ai_1)
                                                         _0218_ (net)
                      0.046640    0.000223    0.448081 ^ _0693_/B1 (sg13g2_a21oi_1)
     1    0.002197    0.020133    0.032667    0.480748 v _0693_/Y (sg13g2_a21oi_1)
                                                         _0024_ (net)
                      0.020133    0.000140    0.480888 v _1025_/D (sg13g2_dfrbpq_1)
                                              0.480888   data arrival time

                                  0.000000    0.000000   clock clk_i (rise edge)
                                  0.000000    0.000000   clock source latency
     1    0.034735    0.000000    0.000000    0.000000 ^ clk_i (in)
                                                         clk_i (net)
                      0.005104    0.002552    0.002552 ^ clkbuf_0_clk_i/A (sg13g2_buf_16)
    16    0.202468    0.063847    0.079427    0.081979 ^ clkbuf_0_clk_i/X (sg13g2_buf_16)
                                                         clknet_0_clk_i (net)
                      0.071415    0.016812    0.098791 ^ clkbuf_4_15_0_clk_i/A (sg13g2_buf_8)
     7    0.032715    0.031045    0.093607    0.192398 ^ clkbuf_4_15_0_clk_i/X (sg13g2_buf_8)
                                                         clknet_4_15_0_clk_i (net)
                      0.031088    0.001637    0.194035 ^ _1025_/CLK (sg13g2_dfrbpq_1)
                                  0.100000    0.294035   clock uncertainty
                                 -0.009322    0.284713   clock reconvergence pessimism
                                 -0.032113    0.252599   library hold time
                                              0.252599   data required time
---------------------------------------------------------------------------------------------
                                              0.252599   data required time
                                             -0.480888   data arrival time
---------------------------------------------------------------------------------------------
                                              0.228289   slack (MET)


Startpoint: _1022_ (rising edge-triggered flip-flop clocked by clk_i)
Endpoint: _1022_ (rising edge-triggered flip-flop clocked by clk_i)
Path Group: clk_i
Path Type: min

Fanout         Cap        Slew       Delay        Time   Description
---------------------------------------------------------------------------------------------
                                  0.000000    0.000000   clock clk_i (rise edge)
                                  0.000000    0.000000   clock source latency
     1    0.032062    0.000000    0.000000    0.000000 ^ clk_i (in)
                                                         clk_i (net)
                      0.004516    0.002258    0.002258 ^ clkbuf_0_clk_i/A (sg13g2_buf_16)
    16    0.181972    0.058543    0.076554    0.078812 ^ clkbuf_0_clk_i/X (sg13g2_buf_16)
                                                         clknet_0_clk_i (net)
                      0.064442    0.014245    0.093056 ^ clkbuf_4_13_0_clk_i/A (sg13g2_buf_8)
     7    0.030774    0.029894    0.089424    0.182480 ^ clkbuf_4_13_0_clk_i/X (sg13g2_buf_8)
                                                         clknet_4_13_0_clk_i (net)
                      0.029922    0.001483    0.183963 ^ _1022_/CLK (sg13g2_dfrbpq_1)
     2    0.008016    0.033550    0.176588    0.360551 v _1022_/Q (sg13g2_dfrbpq_1)
                                                         net157 (net)
                      0.033557    0.000491    0.361042 v _0680_/A1 (sg13g2_o21ai_1)
     1    0.003630    0.048526    0.090755    0.451797 ^ _0680_/Y (sg13g2_o21ai_1)
                                                         _0209_ (net)
                      0.048526    0.000238    0.452035 ^ _0681_/B1 (sg13g2_a21oi_1)
     1    0.001759    0.019336    0.032014    0.484048 v _0681_/Y (sg13g2_a21oi_1)
                                                         _0021_ (net)
                      0.019337    0.000129    0.484177 v _1022_/D (sg13g2_dfrbpq_1)
                                              0.484177   data arrival time

                                  0.000000    0.000000   clock clk_i (rise edge)
                                  0.000000    0.000000   clock source latency
     1    0.034735    0.000000    0.000000    0.000000 ^ clk_i (in)
                                                         clk_i (net)
                      0.005104    0.002552    0.002552 ^ clkbuf_0_clk_i/A (sg13g2_buf_16)
    16    0.202468    0.063847    0.079427    0.081979 ^ clkbuf_0_clk_i/X (sg13g2_buf_16)
                                                         clknet_0_clk_i (net)
                      0.070560    0.015829    0.097808 ^ clkbuf_4_13_0_clk_i/A (sg13g2_buf_8)
     7    0.034148    0.031612    0.093659    0.191467 ^ clkbuf_4_13_0_clk_i/X (sg13g2_buf_8)
                                                         clknet_4_13_0_clk_i (net)
                      0.031667    0.001641    0.193108 ^ _1022_/CLK (sg13g2_dfrbpq_1)
                                  0.100000    0.293108   clock uncertainty
                                 -0.009146    0.283963   clock reconvergence pessimism
                                 -0.031740    0.252223   library hold time
                                              0.252223   data required time
---------------------------------------------------------------------------------------------
                                              0.252223   data required time
                                             -0.484177   data arrival time
---------------------------------------------------------------------------------------------
                                              0.231954   slack (MET)


Startpoint: _1053_ (rising edge-triggered flip-flop clocked by clk_i)
Endpoint: _1053_ (rising edge-triggered flip-flop clocked by clk_i)
Path Group: clk_i
Path Type: min

Fanout         Cap        Slew       Delay        Time   Description
---------------------------------------------------------------------------------------------
                                  0.000000    0.000000   clock clk_i (rise edge)
                                  0.000000    0.000000   clock source latency
     1    0.032062    0.000000    0.000000    0.000000 ^ clk_i (in)
                                                         clk_i (net)
                      0.004516    0.002258    0.002258 ^ clkbuf_0_clk_i/A (sg13g2_buf_16)
    16    0.181972    0.058543    0.076554    0.078812 ^ clkbuf_0_clk_i/X (sg13g2_buf_16)
                                                         clknet_0_clk_i (net)
                      0.062114    0.011113    0.089924 ^ clkbuf_4_3_0_clk_i/A (sg13g2_buf_8)
     7    0.032384    0.030496    0.089004    0.178929 ^ clkbuf_4_3_0_clk_i/X (sg13g2_buf_8)
                                                         clknet_4_3_0_clk_i (net)
                      0.030513    0.001146    0.180074 ^ _1053_/CLK (sg13g2_dfrbpq_1)
     3    0.019945    0.068940    0.205163    0.385238 v _1053_/Q (sg13g2_dfrbpq_1)
                                                         net140 (net)
                      0.068954    0.000951    0.386189 v _0802_/B1 (sg13g2_a21oi_1)
     1    0.003679    0.045731    0.056250    0.442439 ^ _0802_/Y (sg13g2_a21oi_1)
                                                         _0300_ (net)
                      0.045732    0.000273    0.442712 ^ _0805_/A (sg13g2_nor2_1)
     1    0.003162    0.022404    0.039913    0.482624 v _0805_/Y (sg13g2_nor2_1)
                                                         _0052_ (net)
                      0.022404    0.000175    0.482799 v _1053_/D (sg13g2_dfrbpq_1)
                                              0.482799   data arrival time

                                  0.000000    0.000000   clock clk_i (rise edge)
                                  0.000000    0.000000   clock source latency
     1    0.034735    0.000000    0.000000    0.000000 ^ clk_i (in)
                                                         clk_i (net)
                      0.005104    0.002552    0.002552 ^ clkbuf_0_clk_i/A (sg13g2_buf_16)
    16    0.202468    0.063847    0.079427    0.081979 ^ clkbuf_0_clk_i/X (sg13g2_buf_16)
                                                         clknet_0_clk_i (net)
                      0.067895    0.012363    0.094342 ^ clkbuf_4_3_0_clk_i/A (sg13g2_buf_8)
     7    0.035758    0.032202    0.093087    0.187429 ^ clkbuf_4_3_0_clk_i/X (sg13g2_buf_8)
                                                         clknet_4_3_0_clk_i (net)
                      0.032224    0.001282    0.188711 ^ _1053_/CLK (sg13g2_dfrbpq_1)
                                  0.100000    0.288711   clock uncertainty
                                 -0.008637    0.280074   clock reconvergence pessimism
                                 -0.032596    0.247478   library hold time
                                              0.247478   data required time
---------------------------------------------------------------------------------------------
                                              0.247478   data required time
                                             -0.482799   data arrival time
---------------------------------------------------------------------------------------------
                                              0.235321   slack (MET)


Startpoint: _1043_ (rising edge-triggered flip-flop clocked by clk_i)
Endpoint: _1043_ (rising edge-triggered flip-flop clocked by clk_i)
Path Group: clk_i
Path Type: min

Fanout         Cap        Slew       Delay        Time   Description
---------------------------------------------------------------------------------------------
                                  0.000000    0.000000   clock clk_i (rise edge)
                                  0.000000    0.000000   clock source latency
     1    0.032062    0.000000    0.000000    0.000000 ^ clk_i (in)
                                                         clk_i (net)
                      0.004516    0.002258    0.002258 ^ clkbuf_0_clk_i/A (sg13g2_buf_16)
    16    0.181972    0.058543    0.076554    0.078812 ^ clkbuf_0_clk_i/X (sg13g2_buf_16)
                                                         clknet_0_clk_i (net)
                      0.063291    0.012777    0.091589 ^ clkbuf_4_7_0_clk_i/A (sg13g2_buf_8)
     7    0.033354    0.030864    0.089437    0.181026 ^ clkbuf_4_7_0_clk_i/X (sg13g2_buf_8)
                                                         clknet_4_7_0_clk_i (net)
                      0.031216    0.003144    0.184170 ^ _1043_/CLK (sg13g2_dfrbpq_1)
     3    0.021405    0.073313    0.209086    0.393256 v _1043_/Q (sg13g2_dfrbpq_1)
                                                         net133 (net)
                      0.073327    0.001003    0.394258 v _0760_/B1 (sg13g2_a21oi_1)
     1    0.003661    0.046514    0.057538    0.451797 ^ _0760_/Y (sg13g2_a21oi_1)
                                                         _0268_ (net)
                      0.046515    0.000264    0.452060 ^ _0763_/A (sg13g2_nor2_1)
     1    0.002090    0.020299    0.037396    0.489457 v _0763_/Y (sg13g2_nor2_1)
                                                         _0042_ (net)
                      0.020300    0.000133    0.489590 v _1043_/D (sg13g2_dfrbpq_1)
                                              0.489590   data arrival time

                                  0.000000    0.000000   clock clk_i (rise edge)
                                  0.000000    0.000000   clock source latency
     1    0.034735    0.000000    0.000000    0.000000 ^ clk_i (in)
                                                         clk_i (net)
                      0.005104    0.002552    0.002552 ^ clkbuf_0_clk_i/A (sg13g2_buf_16)
    16    0.202468    0.063847    0.079427    0.081979 ^ clkbuf_0_clk_i/X (sg13g2_buf_16)
                                                         clknet_0_clk_i (net)
                      0.069232    0.014193    0.096172 ^ clkbuf_4_7_0_clk_i/A (sg13g2_buf_8)
     7    0.036728    0.032540    0.093525    0.189698 ^ clkbuf_4_7_0_clk_i/X (sg13g2_buf_8)
                                                         clknet_4_7_0_clk_i (net)
                      0.033052    0.003443    0.193140 ^ _1043_/CLK (sg13g2_dfrbpq_1)
                                  0.100000    0.293140   clock uncertainty
                                 -0.008970    0.284170   clock reconvergence pessimism
                                 -0.031756    0.252414   library hold time
                                              0.252414   data required time
---------------------------------------------------------------------------------------------
                                              0.252414   data required time
                                             -0.489590   data arrival time
---------------------------------------------------------------------------------------------
                                              0.237176   slack (MET)


Startpoint: _1076_ (rising edge-triggered flip-flop clocked by clk_i)
Endpoint: _1076_ (rising edge-triggered flip-flop clocked by clk_i)
Path Group: clk_i
Path Type: min

Fanout         Cap        Slew       Delay        Time   Description
---------------------------------------------------------------------------------------------
                                  0.000000    0.000000   clock clk_i (rise edge)
                                  0.000000    0.000000   clock source latency
     1    0.032062    0.000000    0.000000    0.000000 ^ clk_i (in)
                                                         clk_i (net)
                      0.004516    0.002258    0.002258 ^ clkbuf_0_clk_i/A (sg13g2_buf_16)
    16    0.181972    0.058543    0.076554    0.078812 ^ clkbuf_0_clk_i/X (sg13g2_buf_16)
                                                         clknet_0_clk_i (net)
                      0.064442    0.014245    0.093056 ^ clkbuf_4_13_0_clk_i/A (sg13g2_buf_8)
     7    0.030774    0.029894    0.089424    0.182480 ^ clkbuf_4_13_0_clk_i/X (sg13g2_buf_8)
                                                         clknet_4_13_0_clk_i (net)
                      0.029957    0.001975    0.184455 ^ _1076_/CLK (sg13g2_dfrbpq_1)
     3    0.022552    0.077183    0.210266    0.394721 v _1076_/Q (sg13g2_dfrbpq_1)
                                                         net102 (net)
                      0.077216    0.001521    0.396242 v _0896_/B1 (sg13g2_a21oi_1)
     1    0.003187    0.044868    0.056459    0.452702 ^ _0896_/Y (sg13g2_a21oi_1)
                                                         _0371_ (net)
                      0.044868    0.000125    0.452827 ^ _0899_/A (sg13g2_nor2_1)
     1    0.002272    0.018418    0.037286    0.490113 v _0899_/Y (sg13g2_nor2_1)
                                                         _0075_ (net)
                      0.018419    0.000165    0.490278 v _1076_/D (sg13g2_dfrbpq_1)
                                              0.490278   data arrival time

                                  0.000000    0.000000   clock clk_i (rise edge)
                                  0.000000    0.000000   clock source latency
     1    0.034735    0.000000    0.000000    0.000000 ^ clk_i (in)
                                                         clk_i (net)
                      0.005104    0.002552    0.002552 ^ clkbuf_0_clk_i/A (sg13g2_buf_16)
    16    0.202468    0.063847    0.079427    0.081979 ^ clkbuf_0_clk_i/X (sg13g2_buf_16)
                                                         clknet_0_clk_i (net)
                      0.070560    0.015829    0.097808 ^ clkbuf_4_13_0_clk_i/A (sg13g2_buf_8)
     7    0.034148    0.031612    0.093659    0.191467 ^ clkbuf_4_13_0_clk_i/X (sg13g2_buf_8)
                                                         clknet_4_13_0_clk_i (net)
                      0.031727    0.002196    0.193663 ^ _1076_/CLK (sg13g2_dfrbpq_1)
                                  0.100000    0.293663   clock uncertainty
                                 -0.009208    0.284455   clock reconvergence pessimism
                                 -0.031436    0.253020   library hold time
                                              0.253020   data required time
---------------------------------------------------------------------------------------------
                                              0.253020   data required time
                                             -0.490278   data arrival time
---------------------------------------------------------------------------------------------
                                              0.237258   slack (MET)


Startpoint: _1071_ (rising edge-triggered flip-flop clocked by clk_i)
Endpoint: _1071_ (rising edge-triggered flip-flop clocked by clk_i)
Path Group: clk_i
Path Type: min

Fanout         Cap        Slew       Delay        Time   Description
---------------------------------------------------------------------------------------------
                                  0.000000    0.000000   clock clk_i (rise edge)
                                  0.000000    0.000000   clock source latency
     1    0.032062    0.000000    0.000000    0.000000 ^ clk_i (in)
                                                         clk_i (net)
                      0.004516    0.002258    0.002258 ^ clkbuf_0_clk_i/A (sg13g2_buf_16)
    16    0.181972    0.058543    0.076554    0.078812 ^ clkbuf_0_clk_i/X (sg13g2_buf_16)
                                                         clknet_0_clk_i (net)
                      0.063291    0.012777    0.091589 ^ clkbuf_4_7_0_clk_i/A (sg13g2_buf_8)
     7    0.033354    0.030864    0.089437    0.181026 ^ clkbuf_4_7_0_clk_i/X (sg13g2_buf_8)
                                                         clknet_4_7_0_clk_i (net)
                      0.030949    0.001692    0.182718 ^ _1071_/CLK (sg13g2_dfrbpq_1)
     3    0.021364    0.073837    0.207962    0.390680 v _1071_/Q (sg13g2_dfrbpq_1)
                                                         net96 (net)
                      0.073873    0.001532    0.392213 v _0876_/B1 (sg13g2_a21oi_1)
     1    0.003941    0.048061    0.059067    0.451280 ^ _0876_/Y (sg13g2_a21oi_1)
                                                         _0356_ (net)
                      0.048062    0.000287    0.451567 ^ _0879_/A (sg13g2_nor2_1)
     1    0.001835    0.019370    0.037266    0.488833 v _0879_/Y (sg13g2_nor2_1)
                                                         _0070_ (net)
                      0.019370    0.000131    0.488964 v _1071_/D (sg13g2_dfrbpq_1)
                                              0.488964   data arrival time

                                  0.000000    0.000000   clock clk_i (rise edge)
                                  0.000000    0.000000   clock source latency
     1    0.034735    0.000000    0.000000    0.000000 ^ clk_i (in)
                                                         clk_i (net)
                      0.005104    0.002552    0.002552 ^ clkbuf_0_clk_i/A (sg13g2_buf_16)
    16    0.202468    0.063847    0.079427    0.081979 ^ clkbuf_0_clk_i/X (sg13g2_buf_16)
                                                         clknet_0_clk_i (net)
                      0.069232    0.014193    0.096172 ^ clkbuf_4_7_0_clk_i/A (sg13g2_buf_8)
     7    0.036728    0.032540    0.093525    0.189698 ^ clkbuf_4_7_0_clk_i/X (sg13g2_buf_8)
                                                         clknet_4_7_0_clk_i (net)
                      0.032715    0.001874    0.191572 ^ _1071_/CLK (sg13g2_dfrbpq_1)
                                  0.100000    0.291572   clock uncertainty
                                 -0.008853    0.282718   clock reconvergence pessimism
                                 -0.031531    0.251187   library hold time
                                              0.251187   data required time
---------------------------------------------------------------------------------------------
                                              0.251187   data required time
                                             -0.488964   data arrival time
---------------------------------------------------------------------------------------------
                                              0.237777   slack (MET)


Startpoint: _1028_ (rising edge-triggered flip-flop clocked by clk_i)
Endpoint: _1028_ (rising edge-triggered flip-flop clocked by clk_i)
Path Group: clk_i
Path Type: min

Fanout         Cap        Slew       Delay        Time   Description
---------------------------------------------------------------------------------------------
                                  0.000000    0.000000   clock clk_i (rise edge)
                                  0.000000    0.000000   clock source latency
     1    0.032062    0.000000    0.000000    0.000000 ^ clk_i (in)
                                                         clk_i (net)
                      0.004516    0.002258    0.002258 ^ clkbuf_0_clk_i/A (sg13g2_buf_16)
    16    0.181972    0.058543    0.076554    0.078812 ^ clkbuf_0_clk_i/X (sg13g2_buf_16)
                                                         clknet_0_clk_i (net)
                      0.065182    0.015124    0.093935 ^ clkbuf_4_15_0_clk_i/A (sg13g2_buf_8)
     7    0.029341    0.029316    0.089302    0.183238 ^ clkbuf_4_15_0_clk_i/X (sg13g2_buf_8)
                                                         clknet_4_15_0_clk_i (net)
                      0.029322    0.000669    0.183907 ^ _1028_/CLK (sg13g2_dfrbpq_1)
     2    0.007839    0.033014    0.175878    0.359785 v _1028_/Q (sg13g2_dfrbpq_1)
                                                         net163 (net)
                      0.033049    0.000485    0.360270 v _0704_/A1 (sg13g2_o21ai_1)
     1    0.004399    0.051499    0.095963    0.456233 ^ _0704_/Y (sg13g2_o21ai_1)
                                                         _0227_ (net)
                      0.051499    0.000275    0.456508 ^ _0705_/B1 (sg13g2_a21oi_1)
     1    0.002104    0.020819    0.033825    0.490333 v _0705_/Y (sg13g2_a21oi_1)
                                                         _0027_ (net)
                      0.020819    0.000080    0.490413 v _1028_/D (sg13g2_dfrbpq_1)
                                              0.490413   data arrival time

                                  0.000000    0.000000   clock clk_i (rise edge)
                                  0.000000    0.000000   clock source latency
     1    0.034735    0.000000    0.000000    0.000000 ^ clk_i (in)
                                                         clk_i (net)
                      0.005104    0.002552    0.002552 ^ clkbuf_0_clk_i/A (sg13g2_buf_16)
    16    0.202468    0.063847    0.079427    0.081979 ^ clkbuf_0_clk_i/X (sg13g2_buf_16)
                                                         clknet_0_clk_i (net)
                      0.071415    0.016812    0.098791 ^ clkbuf_4_15_0_clk_i/A (sg13g2_buf_8)
     7    0.032715    0.031045    0.093607    0.192398 ^ clkbuf_4_15_0_clk_i/X (sg13g2_buf_8)
                                                         clknet_4_15_0_clk_i (net)
                      0.031054    0.000740    0.193138 ^ _1028_/CLK (sg13g2_dfrbpq_1)
                                  0.100000    0.293138   clock uncertainty
                                 -0.009231    0.283906   clock reconvergence pessimism
                                 -0.032338    0.251569   library hold time
                                              0.251569   data required time
---------------------------------------------------------------------------------------------
                                              0.251569   data required time
                                             -0.490413   data arrival time
---------------------------------------------------------------------------------------------
                                              0.238844   slack (MET)


Startpoint: _1056_ (rising edge-triggered flip-flop clocked by clk_i)
Endpoint: _1056_ (rising edge-triggered flip-flop clocked by clk_i)
Path Group: clk_i
Path Type: min

Fanout         Cap        Slew       Delay        Time   Description
---------------------------------------------------------------------------------------------
                                  0.000000    0.000000   clock clk_i (rise edge)
                                  0.000000    0.000000   clock source latency
     1    0.032062    0.000000    0.000000    0.000000 ^ clk_i (in)
                                                         clk_i (net)
                      0.004516    0.002258    0.002258 ^ clkbuf_0_clk_i/A (sg13g2_buf_16)
    16    0.181972    0.058543    0.076554    0.078812 ^ clkbuf_0_clk_i/X (sg13g2_buf_16)
                                                         clknet_0_clk_i (net)
                      0.061702    0.010475    0.089287 ^ clkbuf_4_8_0_clk_i/A (sg13g2_buf_8)
     7    0.032346    0.030358    0.088271    0.177557 ^ clkbuf_4_8_0_clk_i/X (sg13g2_buf_8)
                                                         clknet_4_8_0_clk_i (net)
                      0.030599    0.002651    0.180208 ^ _1056_/CLK (sg13g2_dfrbpq_1)
     3    0.023022    0.077180    0.212581    0.392789 v _1056_/Q (sg13g2_dfrbpq_1)
                                                         net112 (net)
                      0.077196    0.001106    0.393895 v _0814_/B1 (sg13g2_a21oi_1)
     1    0.003412    0.046016    0.057530    0.451425 ^ _0814_/Y (sg13g2_a21oi_1)
                                                         _0309_ (net)
                      0.046016    0.000249    0.451674 ^ _0817_/A (sg13g2_nor2_1)
     1    0.001782    0.018664    0.036425    0.488099 v _0817_/Y (sg13g2_nor2_1)
                                                         _0055_ (net)
                      0.018664    0.000067    0.488166 v _1056_/D (sg13g2_dfrbpq_1)
                                              0.488166   data arrival time

                                  0.000000    0.000000   clock clk_i (rise edge)
                                  0.000000    0.000000   clock source latency
     1    0.034735    0.000000    0.000000    0.000000 ^ clk_i (in)
                                                         clk_i (net)
                      0.005104    0.002552    0.002552 ^ clkbuf_0_clk_i/A (sg13g2_buf_16)
    16    0.202468    0.063847    0.079427    0.081979 ^ clkbuf_0_clk_i/X (sg13g2_buf_16)
                                                         clknet_0_clk_i (net)
                      0.067427    0.011661    0.093640 ^ clkbuf_4_8_0_clk_i/A (sg13g2_buf_8)
     7    0.035478    0.031922    0.092155    0.185795 ^ clkbuf_4_8_0_clk_i/X (sg13g2_buf_8)
                                                         clknet_4_8_0_clk_i (net)
                      0.032295    0.002915    0.188710 ^ _1056_/CLK (sg13g2_dfrbpq_1)
                                  0.100000    0.288710   clock uncertainty
                                 -0.008502    0.280208   clock reconvergence pessimism
                                 -0.031395    0.248813   library hold time
                                              0.248813   data required time
---------------------------------------------------------------------------------------------
                                              0.248813   data required time
                                             -0.488166   data arrival time
---------------------------------------------------------------------------------------------
                                              0.239353   slack (MET)


Startpoint: _1042_ (rising edge-triggered flip-flop clocked by clk_i)
Endpoint: _1042_ (rising edge-triggered flip-flop clocked by clk_i)
Path Group: clk_i
Path Type: min

Fanout         Cap        Slew       Delay        Time   Description
---------------------------------------------------------------------------------------------
                                  0.000000    0.000000   clock clk_i (rise edge)
                                  0.000000    0.000000   clock source latency
     1    0.032062    0.000000    0.000000    0.000000 ^ clk_i (in)
                                                         clk_i (net)
                      0.004516    0.002258    0.002258 ^ clkbuf_0_clk_i/A (sg13g2_buf_16)
    16    0.181972    0.058543    0.076554    0.078812 ^ clkbuf_0_clk_i/X (sg13g2_buf_16)
                                                         clknet_0_clk_i (net)
                      0.063799    0.013441    0.092253 ^ clkbuf_4_12_0_clk_i/A (sg13g2_buf_8)
     7    0.033059    0.030856    0.090054    0.182307 ^ clkbuf_4_12_0_clk_i/X (sg13g2_buf_8)
                                                         clknet_4_12_0_clk_i (net)
                      0.030866    0.000776    0.183083 ^ _1042_/CLK (sg13g2_dfrbpq_1)
     3    0.023001    0.077160    0.212596    0.395679 v _1042_/Q (sg13g2_dfrbpq_1)
                                                         net131 (net)
                      0.077194    0.001521    0.397199 v _0756_/B1 (sg13g2_a21oi_1)
     1    0.003179    0.044826    0.056383    0.453583 ^ _0756_/Y (sg13g2_a21oi_1)
                                                         _0265_ (net)
                      0.044827    0.000244    0.453827 ^ _0759_/A (sg13g2_nor2_1)
     1    0.002029    0.022453    0.036643    0.490470 v _0759_/Y (sg13g2_nor2_1)
                                                         _0041_ (net)
                      0.022453    0.000147    0.490618 v _1042_/D (sg13g2_dfrbpq_1)
                                              0.490618   data arrival time

                                  0.000000    0.000000   clock clk_i (rise edge)
                                  0.000000    0.000000   clock source latency
     1    0.034735    0.000000    0.000000    0.000000 ^ clk_i (in)
                                                         clk_i (net)
                      0.005104    0.002552    0.002552 ^ clkbuf_0_clk_i/A (sg13g2_buf_16)
    16    0.202468    0.063847    0.079427    0.081979 ^ clkbuf_0_clk_i/X (sg13g2_buf_16)
                                                         clknet_0_clk_i (net)
                      0.069815    0.014930    0.096909 ^ clkbuf_4_12_0_clk_i/A (sg13g2_buf_8)
     7    0.036191    0.032466    0.094163    0.191072 ^ clkbuf_4_12_0_clk_i/X (sg13g2_buf_8)
                                                         clknet_4_12_0_clk_i (net)
                      0.032478    0.000854    0.191926 ^ _1042_/CLK (sg13g2_dfrbpq_1)
                                  0.100000    0.291926   clock uncertainty
                                 -0.008844    0.283083   clock reconvergence pessimism
                                 -0.032559    0.250524   library hold time
                                              0.250524   data required time
---------------------------------------------------------------------------------------------
                                              0.250524   data required time
                                             -0.490618   data arrival time
---------------------------------------------------------------------------------------------
                                              0.240093   slack (MET)


Startpoint: _1038_ (rising edge-triggered flip-flop clocked by clk_i)
Endpoint: _1038_ (rising edge-triggered flip-flop clocked by clk_i)
Path Group: clk_i
Path Type: min

Fanout         Cap        Slew       Delay        Time   Description
---------------------------------------------------------------------------------------------
                                  0.000000    0.000000   clock clk_i (rise edge)
                                  0.000000    0.000000   clock source latency
     1    0.032062    0.000000    0.000000    0.000000 ^ clk_i (in)
                                                         clk_i (net)
                      0.004516    0.002258    0.002258 ^ clkbuf_0_clk_i/A (sg13g2_buf_16)
    16    0.181972    0.058543    0.076554    0.078812 ^ clkbuf_0_clk_i/X (sg13g2_buf_16)
                                                         clknet_0_clk_i (net)
                      0.063799    0.013441    0.092253 ^ clkbuf_4_12_0_clk_i/A (sg13g2_buf_8)
     7    0.033059    0.030856    0.090054    0.182307 ^ clkbuf_4_12_0_clk_i/X (sg13g2_buf_8)
                                                         clknet_4_12_0_clk_i (net)
                      0.030874    0.001156    0.183463 ^ _1038_/CLK (sg13g2_dfrbpq_1)
     3    0.024034    0.080093    0.214210    0.397673 v _1038_/Q (sg13g2_dfrbpq_1)
                                                         net127 (net)
                      0.080125    0.001552    0.399225 v _0740_/B1 (sg13g2_a21oi_1)
     1    0.002958    0.044290    0.056222    0.455447 ^ _0740_/Y (sg13g2_a21oi_1)
                                                         _0253_ (net)
                      0.044290    0.000118    0.455565 ^ _0743_/A (sg13g2_nor2_1)
     1    0.001984    0.020693    0.036351    0.491916 v _0743_/Y (sg13g2_nor2_1)
                                                         _0037_ (net)
                      0.020693    0.000073    0.491989 v _1038_/D (sg13g2_dfrbpq_1)
                                              0.491989   data arrival time

                                  0.000000    0.000000   clock clk_i (rise edge)
                                  0.000000    0.000000   clock source latency
     1    0.034735    0.000000    0.000000    0.000000 ^ clk_i (in)
                                                         clk_i (net)
                      0.005104    0.002552    0.002552 ^ clkbuf_0_clk_i/A (sg13g2_buf_16)
    16    0.202468    0.063847    0.079427    0.081979 ^ clkbuf_0_clk_i/X (sg13g2_buf_16)
                                                         clknet_0_clk_i (net)
                      0.069815    0.014930    0.096909 ^ clkbuf_4_12_0_clk_i/A (sg13g2_buf_8)
     7    0.036191    0.032466    0.094163    0.191072 ^ clkbuf_4_12_0_clk_i/X (sg13g2_buf_8)
                                                         clknet_4_12_0_clk_i (net)
                      0.032489    0.001268    0.192340 ^ _1038_/CLK (sg13g2_dfrbpq_1)
                                  0.100000    0.292340   clock uncertainty
                                 -0.008878    0.283463   clock reconvergence pessimism
                                 -0.031998    0.251464   library hold time
                                              0.251464   data required time
---------------------------------------------------------------------------------------------
                                              0.251464   data required time
                                             -0.491989   data arrival time
---------------------------------------------------------------------------------------------
                                              0.240525   slack (MET)


Startpoint: _1044_ (rising edge-triggered flip-flop clocked by clk_i)
Endpoint: _1044_ (rising edge-triggered flip-flop clocked by clk_i)
Path Group: clk_i
Path Type: min

Fanout         Cap        Slew       Delay        Time   Description
---------------------------------------------------------------------------------------------
                                  0.000000    0.000000   clock clk_i (rise edge)
                                  0.000000    0.000000   clock source latency
     1    0.032062    0.000000    0.000000    0.000000 ^ clk_i (in)
                                                         clk_i (net)
                      0.004516    0.002258    0.002258 ^ clkbuf_0_clk_i/A (sg13g2_buf_16)
    16    0.181972    0.058543    0.076554    0.078812 ^ clkbuf_0_clk_i/X (sg13g2_buf_16)
                                                         clknet_0_clk_i (net)
                      0.062403    0.011540    0.090352 ^ clkbuf_4_6_0_clk_i/A (sg13g2_buf_8)
     7    0.032390    0.030437    0.088745    0.179097 ^ clkbuf_4_6_0_clk_i/X (sg13g2_buf_8)
                                                         clknet_4_6_0_clk_i (net)
                      0.030544    0.001961    0.181057 ^ _1044_/CLK (sg13g2_dfrbpq_1)
     3    0.022891    0.077189    0.212764    0.393821 v _1044_/Q (sg13g2_dfrbpq_1)
                                                         net134 (net)
                      0.077193    0.000631    0.394452 v _0764_/B1 (sg13g2_a21oi_1)
     1    0.002965    0.043722    0.055359    0.449811 ^ _0764_/Y (sg13g2_a21oi_1)
                                                         _0271_ (net)
                      0.043722    0.000118    0.449929 ^ _0767_/A (sg13g2_nor2_1)
     1    0.002859    0.024571    0.038408    0.488337 v _0767_/Y (sg13g2_nor2_1)
                                                         _0043_ (net)
                      0.024571    0.000155    0.488492 v _1044_/D (sg13g2_dfrbpq_1)
                                              0.488492   data arrival time

                                  0.000000    0.000000   clock clk_i (rise edge)
                                  0.000000    0.000000   clock source latency
     1    0.034735    0.000000    0.000000    0.000000 ^ clk_i (in)
                                                         clk_i (net)
                      0.005104    0.002552    0.002552 ^ clkbuf_0_clk_i/A (sg13g2_buf_16)
    16    0.202468    0.063847    0.079427    0.081979 ^ clkbuf_0_clk_i/X (sg13g2_buf_16)
                                                         clknet_0_clk_i (net)
                      0.068218    0.012827    0.094806 ^ clkbuf_4_6_0_clk_i/A (sg13g2_buf_8)
     7    0.035764    0.032119    0.092787    0.187593 ^ clkbuf_4_6_0_clk_i/X (sg13g2_buf_8)
                                                         clknet_4_6_0_clk_i (net)
                      0.032317    0.002160    0.189753 ^ _1044_/CLK (sg13g2_dfrbpq_1)
                                  0.100000    0.289753   clock uncertainty
                                 -0.008695    0.281057   clock reconvergence pessimism
                                 -0.033264    0.247793   library hold time
                                              0.247793   data required time
---------------------------------------------------------------------------------------------
                                              0.247793   data required time
                                             -0.488492   data arrival time
---------------------------------------------------------------------------------------------
                                              0.240699   slack (MET)


Startpoint: _1039_ (rising edge-triggered flip-flop clocked by clk_i)
Endpoint: _1039_ (rising edge-triggered flip-flop clocked by clk_i)
Path Group: clk_i
Path Type: min

Fanout         Cap        Slew       Delay        Time   Description
---------------------------------------------------------------------------------------------
                                  0.000000    0.000000   clock clk_i (rise edge)
                                  0.000000    0.000000   clock source latency
     1    0.032062    0.000000    0.000000    0.000000 ^ clk_i (in)
                                                         clk_i (net)
                      0.004516    0.002258    0.002258 ^ clkbuf_0_clk_i/A (sg13g2_buf_16)
    16    0.181972    0.058543    0.076554    0.078812 ^ clkbuf_0_clk_i/X (sg13g2_buf_16)
                                                         clknet_0_clk_i (net)
                      0.063291    0.012777    0.091589 ^ clkbuf_4_7_0_clk_i/A (sg13g2_buf_8)
     7    0.033354    0.030864    0.089437    0.181026 ^ clkbuf_4_7_0_clk_i/X (sg13g2_buf_8)
                                                         clknet_4_7_0_clk_i (net)
                      0.031275    0.003385    0.184412 ^ _1039_/CLK (sg13g2_dfrbpq_1)
     3    0.022833    0.076921    0.212262    0.396674 v _1039_/Q (sg13g2_dfrbpq_1)
                                                         net128 (net)
                      0.076921    0.000257    0.396931 v _0744_/B1 (sg13g2_a21oi_1)
     1    0.003080    0.044255    0.055841    0.452772 ^ _0744_/Y (sg13g2_a21oi_1)
                                                         _0256_ (net)
                      0.044255    0.000122    0.452893 ^ _0747_/A (sg13g2_nor2_1)
     1    0.003424    0.023170    0.040039    0.492932 v _0747_/Y (sg13g2_nor2_1)
                                                         _0038_ (net)
                      0.023171    0.000233    0.493165 v _1039_/D (sg13g2_dfrbpq_1)
                                              0.493165   data arrival time

                                  0.000000    0.000000   clock clk_i (rise edge)
                                  0.000000    0.000000   clock source latency
     1    0.034735    0.000000    0.000000    0.000000 ^ clk_i (in)
                                                         clk_i (net)
                      0.005104    0.002552    0.002552 ^ clkbuf_0_clk_i/A (sg13g2_buf_16)
    16    0.202468    0.063847    0.079427    0.081979 ^ clkbuf_0_clk_i/X (sg13g2_buf_16)
                                                         clknet_0_clk_i (net)
                      0.069232    0.014193    0.096172 ^ clkbuf_4_7_0_clk_i/A (sg13g2_buf_8)
     7    0.036728    0.032540    0.093525    0.189698 ^ clkbuf_4_7_0_clk_i/X (sg13g2_buf_8)
                                                         clknet_4_7_0_clk_i (net)
                      0.033124    0.003705    0.193403 ^ _1039_/CLK (sg13g2_dfrbpq_1)
                                  0.100000    0.293403   clock uncertainty
                                 -0.008991    0.284412   clock reconvergence pessimism
                                 -0.032652    0.251760   library hold time
                                              0.251760   data required time
---------------------------------------------------------------------------------------------
                                              0.251760   data required time
                                             -0.493165   data arrival time
---------------------------------------------------------------------------------------------
                                              0.241405   slack (MET)


Startpoint: _1026_ (rising edge-triggered flip-flop clocked by clk_i)
Endpoint: _1026_ (rising edge-triggered flip-flop clocked by clk_i)
Path Group: clk_i
Path Type: min

Fanout         Cap        Slew       Delay        Time   Description
---------------------------------------------------------------------------------------------
                                  0.000000    0.000000   clock clk_i (rise edge)
                                  0.000000    0.000000   clock source latency
     1    0.032062    0.000000    0.000000    0.000000 ^ clk_i (in)
                                                         clk_i (net)
                      0.004516    0.002258    0.002258 ^ clkbuf_0_clk_i/A (sg13g2_buf_16)
    16    0.181972    0.058543    0.076554    0.078812 ^ clkbuf_0_clk_i/X (sg13g2_buf_16)
                                                         clknet_0_clk_i (net)
                      0.065182    0.015124    0.093935 ^ clkbuf_4_15_0_clk_i/A (sg13g2_buf_8)
     7    0.029341    0.029316    0.089302    0.183238 ^ clkbuf_4_15_0_clk_i/X (sg13g2_buf_8)
                                                         clknet_4_15_0_clk_i (net)
                      0.029316    0.000423    0.183661 ^ _1026_/CLK (sg13g2_dfrbpq_1)
     2    0.010147    0.039730    0.181430    0.365091 v _1026_/Q (sg13g2_dfrbpq_1)
                                                         net161 (net)
                      0.039739    0.000580    0.365670 v _0696_/A1 (sg13g2_o21ai_1)
     1    0.003737    0.048922    0.093800    0.459470 ^ _0696_/Y (sg13g2_o21ai_1)
                                                         _0221_ (net)
                      0.048922    0.000248    0.459718 ^ _0697_/B1 (sg13g2_a21oi_1)
     1    0.002111    0.020342    0.033099    0.492817 v _0697_/Y (sg13g2_a21oi_1)
                                                         _0025_ (net)
                      0.020342    0.000081    0.492898 v _1026_/D (sg13g2_dfrbpq_1)
                                              0.492898   data arrival time

                                  0.000000    0.000000   clock clk_i (rise edge)
                                  0.000000    0.000000   clock source latency
     1    0.034735    0.000000    0.000000    0.000000 ^ clk_i (in)
                                                         clk_i (net)
                      0.005104    0.002552    0.002552 ^ clkbuf_0_clk_i/A (sg13g2_buf_16)
    16    0.202468    0.063847    0.079427    0.081979 ^ clkbuf_0_clk_i/X (sg13g2_buf_16)
                                                         clknet_0_clk_i (net)
                      0.071415    0.016812    0.098791 ^ clkbuf_4_15_0_clk_i/A (sg13g2_buf_8)
     7    0.032715    0.031045    0.093607    0.192398 ^ clkbuf_4_15_0_clk_i/X (sg13g2_buf_8)
                                                         clknet_4_15_0_clk_i (net)
                      0.031051    0.000489    0.192887 ^ _1026_/CLK (sg13g2_dfrbpq_1)
                                  0.100000    0.292887   clock uncertainty
                                 -0.009226    0.283661   clock reconvergence pessimism
                                 -0.032187    0.251474   library hold time
                                              0.251474   data required time
---------------------------------------------------------------------------------------------
                                              0.251474   data required time
                                             -0.492898   data arrival time
---------------------------------------------------------------------------------------------
                                              0.241424   slack (MET)


Startpoint: _1055_ (rising edge-triggered flip-flop clocked by clk_i)
Endpoint: _1055_ (rising edge-triggered flip-flop clocked by clk_i)
Path Group: clk_i
Path Type: min

Fanout         Cap        Slew       Delay        Time   Description
---------------------------------------------------------------------------------------------
                                  0.000000    0.000000   clock clk_i (rise edge)
                                  0.000000    0.000000   clock source latency
     1    0.032062    0.000000    0.000000    0.000000 ^ clk_i (in)
                                                         clk_i (net)
                      0.004516    0.002258    0.002258 ^ clkbuf_0_clk_i/A (sg13g2_buf_16)
    16    0.181972    0.058543    0.076554    0.078812 ^ clkbuf_0_clk_i/X (sg13g2_buf_16)
                                                         clknet_0_clk_i (net)
                      0.061499    0.010148    0.088959 ^ clkbuf_4_9_0_clk_i/A (sg13g2_buf_8)
     7    0.030034    0.029453    0.087829    0.176789 ^ clkbuf_4_9_0_clk_i/X (sg13g2_buf_8)
                                                         clknet_4_9_0_clk_i (net)
                      0.029462    0.000822    0.177611 ^ _1055_/CLK (sg13g2_dfrbpq_1)
     3    0.019047    0.066521    0.202619    0.380230 v _1055_/Q (sg13g2_dfrbpq_1)
                                                         net111 (net)
                      0.066535    0.000937    0.381167 v _0810_/B1 (sg13g2_a21oi_1)
     1    0.005227    0.053310    0.062954    0.444121 ^ _0810_/Y (sg13g2_a21oi_1)
                                                         _0306_ (net)
                      0.053314    0.000318    0.444439 ^ _0813_/A (sg13g2_nor2_1)
     1    0.003069    0.021455    0.042397    0.486836 v _0813_/Y (sg13g2_nor2_1)
                                                         _0054_ (net)
                      0.021455    0.000208    0.487044 v _1055_/D (sg13g2_dfrbpq_1)
                                              0.487044   data arrival time

                                  0.000000    0.000000   clock clk_i (rise edge)
                                  0.000000    0.000000   clock source latency
     1    0.034735    0.000000    0.000000    0.000000 ^ clk_i (in)
                                                         clk_i (net)
                      0.005104    0.002552    0.002552 ^ clkbuf_0_clk_i/A (sg13g2_buf_16)
    16    0.202468    0.063847    0.079427    0.081979 ^ clkbuf_0_clk_i/X (sg13g2_buf_16)
                                                         clknet_0_clk_i (net)
                      0.067188    0.011286    0.093265 ^ clkbuf_4_9_0_clk_i/A (sg13g2_buf_8)
     7    0.033408    0.031162    0.091876    0.185141 ^ clkbuf_4_9_0_clk_i/X (sg13g2_buf_8)
                                                         clknet_4_9_0_clk_i (net)
                      0.031175    0.000936    0.186077 ^ _1055_/CLK (sg13g2_dfrbpq_1)
                                  0.100000    0.286077   clock uncertainty
                                 -0.008466    0.277611   clock reconvergence pessimism
                                 -0.032514    0.245097   library hold time
                                              0.245097   data required time
---------------------------------------------------------------------------------------------
                                              0.245097   data required time
                                             -0.487044   data arrival time
---------------------------------------------------------------------------------------------
                                              0.241948   slack (MET)


Startpoint: _1092_ (rising edge-triggered flip-flop clocked by clk_i)
Endpoint: _1092_ (rising edge-triggered flip-flop clocked by clk_i)
Path Group: clk_i
Path Type: min

Fanout         Cap        Slew       Delay        Time   Description
---------------------------------------------------------------------------------------------
                                  0.000000    0.000000   clock clk_i (rise edge)
                                  0.000000    0.000000   clock source latency
     1    0.032062    0.000000    0.000000    0.000000 ^ clk_i (in)
                                                         clk_i (net)
                      0.004516    0.002258    0.002258 ^ clkbuf_0_clk_i/A (sg13g2_buf_16)
    16    0.181972    0.058543    0.076554    0.078812 ^ clkbuf_0_clk_i/X (sg13g2_buf_16)
                                                         clknet_0_clk_i (net)
                      0.061499    0.010148    0.088959 ^ clkbuf_4_9_0_clk_i/A (sg13g2_buf_8)
     7    0.030034    0.029453    0.087829    0.176789 ^ clkbuf_4_9_0_clk_i/X (sg13g2_buf_8)
                                                         clknet_4_9_0_clk_i (net)
                      0.029471    0.001205    0.177993 ^ _1092_/CLK (sg13g2_dfrbpq_1)
     3    0.024161    0.080419    0.214144    0.392137 v _1092_/Q (sg13g2_dfrbpq_1)
                                                         net84 (net)
                      0.080436    0.001210    0.393347 v _0962_/B1 (sg13g2_a21oi_1)
     1    0.003440    0.046812    0.058671    0.452019 ^ _0962_/Y (sg13g2_a21oi_1)
                                                         _0421_ (net)
                      0.046813    0.000255    0.452274 ^ _0965_/A (sg13g2_nor2_1)
     1    0.001884    0.018230    0.036968    0.489241 v _0965_/Y (sg13g2_nor2_1)
                                                         _0091_ (net)
                      0.018230    0.000072    0.489313 v _1092_/D (sg13g2_dfrbpq_1)
                                              0.489313   data arrival time

                                  0.000000    0.000000   clock clk_i (rise edge)
                                  0.000000    0.000000   clock source latency
     1    0.034735    0.000000    0.000000    0.000000 ^ clk_i (in)
                                                         clk_i (net)
                      0.005104    0.002552    0.002552 ^ clkbuf_0_clk_i/A (sg13g2_buf_16)
    16    0.202468    0.063847    0.079427    0.081979 ^ clkbuf_0_clk_i/X (sg13g2_buf_16)
                                                         clknet_0_clk_i (net)
                      0.067188    0.011286    0.093265 ^ clkbuf_4_9_0_clk_i/A (sg13g2_buf_8)
     7    0.033408    0.031162    0.091876    0.185141 ^ clkbuf_4_9_0_clk_i/X (sg13g2_buf_8)
                                                         clknet_4_9_0_clk_i (net)
                      0.031184    0.001322    0.186463 ^ _1092_/CLK (sg13g2_dfrbpq_1)
                                  0.100000    0.286463   clock uncertainty
                                 -0.008470    0.277993   clock reconvergence pessimism
                                 -0.031489    0.246504   library hold time
                                              0.246504   data required time
---------------------------------------------------------------------------------------------
                                              0.246504   data required time
                                             -0.489313   data arrival time
---------------------------------------------------------------------------------------------
                                              0.242809   slack (MET)


Startpoint: _1086_ (rising edge-triggered flip-flop clocked by clk_i)
Endpoint: _1086_ (rising edge-triggered flip-flop clocked by clk_i)
Path Group: clk_i
Path Type: min

Fanout         Cap        Slew       Delay        Time   Description
---------------------------------------------------------------------------------------------
                                  0.000000    0.000000   clock clk_i (rise edge)
                                  0.000000    0.000000   clock source latency
     1    0.032062    0.000000    0.000000    0.000000 ^ clk_i (in)
                                                         clk_i (net)
                      0.004516    0.002258    0.002258 ^ clkbuf_0_clk_i/A (sg13g2_buf_16)
    16    0.181972    0.058543    0.076554    0.078812 ^ clkbuf_0_clk_i/X (sg13g2_buf_16)
                                                         clknet_0_clk_i (net)
                      0.062403    0.011540    0.090352 ^ clkbuf_4_6_0_clk_i/A (sg13g2_buf_8)
     7    0.032390    0.030437    0.088745    0.179097 ^ clkbuf_4_6_0_clk_i/X (sg13g2_buf_8)
                                                         clknet_4_6_0_clk_i (net)
                      0.030685    0.002790    0.181887 ^ _1086_/CLK (sg13g2_dfrbpq_1)
     3    0.022718    0.077013    0.212221    0.394108 v _1086_/Q (sg13g2_dfrbpq_1)
                                                         net109 (net)
                      0.077018    0.000697    0.394805 v _0938_/B1 (sg13g2_a21oi_1)
     1    0.004036    0.049169    0.060537    0.455342 ^ _0938_/Y (sg13g2_a21oi_1)
                                                         _0403_ (net)
                      0.049169    0.000274    0.455616 ^ _0941_/A (sg13g2_nor2_1)
     1    0.001989    0.019553    0.038063    0.493679 v _0941_/Y (sg13g2_nor2_1)
                                                         _0085_ (net)
                      0.019553    0.000076    0.493755 v _1086_/D (sg13g2_dfrbpq_1)
                                              0.493755   data arrival time

                                  0.000000    0.000000   clock clk_i (rise edge)
                                  0.000000    0.000000   clock source latency
     1    0.034735    0.000000    0.000000    0.000000 ^ clk_i (in)
                                                         clk_i (net)
                      0.005104    0.002552    0.002552 ^ clkbuf_0_clk_i/A (sg13g2_buf_16)
    16    0.202468    0.063847    0.079427    0.081979 ^ clkbuf_0_clk_i/X (sg13g2_buf_16)
                                                         clknet_0_clk_i (net)
                      0.068218    0.012827    0.094806 ^ clkbuf_4_6_0_clk_i/A (sg13g2_buf_8)
     7    0.035764    0.032119    0.092787    0.187593 ^ clkbuf_4_6_0_clk_i/X (sg13g2_buf_8)
                                                         clknet_4_6_0_clk_i (net)
                      0.032499    0.003069    0.190662 ^ _1086_/CLK (sg13g2_dfrbpq_1)
                                  0.100000    0.290662   clock uncertainty
                                 -0.008775    0.281887   clock reconvergence pessimism
                                 -0.031635    0.250252   library hold time
                                              0.250252   data required time
---------------------------------------------------------------------------------------------
                                              0.250252   data required time
                                             -0.493755   data arrival time
---------------------------------------------------------------------------------------------
                                              0.243503   slack (MET)


Startpoint: _1023_ (rising edge-triggered flip-flop clocked by clk_i)
Endpoint: _1023_ (rising edge-triggered flip-flop clocked by clk_i)
Path Group: clk_i
Path Type: min

Fanout         Cap        Slew       Delay        Time   Description
---------------------------------------------------------------------------------------------
                                  0.000000    0.000000   clock clk_i (rise edge)
                                  0.000000    0.000000   clock source latency
     1    0.032062    0.000000    0.000000    0.000000 ^ clk_i (in)
                                                         clk_i (net)
                      0.004516    0.002258    0.002258 ^ clkbuf_0_clk_i/A (sg13g2_buf_16)
    16    0.181972    0.058543    0.076554    0.078812 ^ clkbuf_0_clk_i/X (sg13g2_buf_16)
                                                         clknet_0_clk_i (net)
                      0.065182    0.015124    0.093935 ^ clkbuf_4_15_0_clk_i/A (sg13g2_buf_8)
     7    0.029341    0.029316    0.089302    0.183238 ^ clkbuf_4_15_0_clk_i/X (sg13g2_buf_8)
                                                         clknet_4_15_0_clk_i (net)
                      0.029348    0.001654    0.184892 ^ _1023_/CLK (sg13g2_dfrbpq_1)
     2    0.009074    0.036665    0.178932    0.363823 v _1023_/Q (sg13g2_dfrbpq_1)
                                                         net158 (net)
                      0.036670    0.000441    0.364265 v _0684_/A1 (sg13g2_o21ai_1)
     1    0.004350    0.051317    0.096970    0.461235 ^ _0684_/Y (sg13g2_o21ai_1)
                                                         _0212_ (net)
                      0.051317    0.000264    0.461499 ^ _0685_/B1 (sg13g2_a21oi_1)
     1    0.002307    0.021320    0.034325    0.495824 v _0685_/Y (sg13g2_a21oi_1)
                                                         _0022_ (net)
                      0.021320    0.000154    0.495978 v _1023_/D (sg13g2_dfrbpq_1)
                                              0.495978   data arrival time

                                  0.000000    0.000000   clock clk_i (rise edge)
                                  0.000000    0.000000   clock source latency
     1    0.034735    0.000000    0.000000    0.000000 ^ clk_i (in)
                                                         clk_i (net)
                      0.005104    0.002552    0.002552 ^ clkbuf_0_clk_i/A (sg13g2_buf_16)
    16    0.202468    0.063847    0.079427    0.081979 ^ clkbuf_0_clk_i/X (sg13g2_buf_16)
                                                         clknet_0_clk_i (net)
                      0.071415    0.016812    0.098791 ^ clkbuf_4_15_0_clk_i/A (sg13g2_buf_8)
     7    0.032715    0.031045    0.093607    0.192398 ^ clkbuf_4_15_0_clk_i/X (sg13g2_buf_8)
                                                         clknet_4_15_0_clk_i (net)
                      0.031104    0.001836    0.194234 ^ _1023_/CLK (sg13g2_dfrbpq_1)
                                  0.100000    0.294234   clock uncertainty
                                 -0.009342    0.284892   clock reconvergence pessimism
                                 -0.032486    0.252406   library hold time
                                              0.252406   data required time
---------------------------------------------------------------------------------------------
                                              0.252406   data required time
                                             -0.495978   data arrival time
---------------------------------------------------------------------------------------------
                                              0.243572   slack (MET)


Startpoint: _1073_ (rising edge-triggered flip-flop clocked by clk_i)
Endpoint: _1073_ (rising edge-triggered flip-flop clocked by clk_i)
Path Group: clk_i
Path Type: min

Fanout         Cap        Slew       Delay        Time   Description
---------------------------------------------------------------------------------------------
                                  0.000000    0.000000   clock clk_i (rise edge)
                                  0.000000    0.000000   clock source latency
     1    0.032062    0.000000    0.000000    0.000000 ^ clk_i (in)
                                                         clk_i (net)
                      0.004516    0.002258    0.002258 ^ clkbuf_0_clk_i/A (sg13g2_buf_16)
    16    0.181972    0.058543    0.076554    0.078812 ^ clkbuf_0_clk_i/X (sg13g2_buf_16)
                                                         clknet_0_clk_i (net)
                      0.064442    0.014245    0.093056 ^ clkbuf_4_13_0_clk_i/A (sg13g2_buf_8)
     7    0.030774    0.029894    0.089424    0.182480 ^ clkbuf_4_13_0_clk_i/X (sg13g2_buf_8)
                                                         clknet_4_13_0_clk_i (net)
                      0.029894    0.000322    0.182802 ^ _1073_/CLK (sg13g2_dfrbpq_1)
     3    0.023721    0.079109    0.213478    0.396280 v _1073_/Q (sg13g2_dfrbpq_1)
                                                         net98 (net)
                      0.079144    0.001565    0.397845 v _0884_/B1 (sg13g2_a21oi_1)
     1    0.003678    0.047763    0.059433    0.457278 ^ _0884_/Y (sg13g2_a21oi_1)
                                                         _0362_ (net)
                      0.047763    0.000278    0.457556 ^ _0887_/A (sg13g2_nor2_1)
     1    0.001855    0.020012    0.037214    0.494770 v _0887_/Y (sg13g2_nor2_1)
                                                         _0072_ (net)
                      0.020012    0.000129    0.494900 v _1073_/D (sg13g2_dfrbpq_1)
                                              0.494900   data arrival time

                                  0.000000    0.000000   clock clk_i (rise edge)
                                  0.000000    0.000000   clock source latency
     1    0.034735    0.000000    0.000000    0.000000 ^ clk_i (in)
                                                         clk_i (net)
                      0.005104    0.002552    0.002552 ^ clkbuf_0_clk_i/A (sg13g2_buf_16)
    16    0.202468    0.063847    0.079427    0.081979 ^ clkbuf_0_clk_i/X (sg13g2_buf_16)
                                                         clknet_0_clk_i (net)
                      0.070560    0.015829    0.097808 ^ clkbuf_4_13_0_clk_i/A (sg13g2_buf_8)
     7    0.034148    0.031612    0.093659    0.191467 ^ clkbuf_4_13_0_clk_i/X (sg13g2_buf_8)
                                                         clknet_4_13_0_clk_i (net)
                      0.031612    0.000361    0.191828 ^ _1073_/CLK (sg13g2_dfrbpq_1)
                                  0.100000    0.291828   clock uncertainty
                                 -0.009026    0.282802   clock reconvergence pessimism
                                 -0.031965    0.250837   library hold time
                                              0.250837   data required time
---------------------------------------------------------------------------------------------
                                              0.250837   data required time
                                             -0.494900   data arrival time
---------------------------------------------------------------------------------------------
                                              0.244063   slack (MET)


Startpoint: _1075_ (rising edge-triggered flip-flop clocked by clk_i)
Endpoint: _1075_ (rising edge-triggered flip-flop clocked by clk_i)
Path Group: clk_i
Path Type: min

Fanout         Cap        Slew       Delay        Time   Description
---------------------------------------------------------------------------------------------
                                  0.000000    0.000000   clock clk_i (rise edge)
                                  0.000000    0.000000   clock source latency
     1    0.032062    0.000000    0.000000    0.000000 ^ clk_i (in)
                                                         clk_i (net)
                      0.004516    0.002258    0.002258 ^ clkbuf_0_clk_i/A (sg13g2_buf_16)
    16    0.181972    0.058543    0.076554    0.078812 ^ clkbuf_0_clk_i/X (sg13g2_buf_16)
                                                         clknet_0_clk_i (net)
                      0.064442    0.014245    0.093056 ^ clkbuf_4_13_0_clk_i/A (sg13g2_buf_8)
     7    0.030774    0.029894    0.089424    0.182480 ^ clkbuf_4_13_0_clk_i/X (sg13g2_buf_8)
                                                         clknet_4_13_0_clk_i (net)
                      0.029955    0.001959    0.184439 ^ _1075_/CLK (sg13g2_dfrbpq_1)
     3    0.025024    0.082561    0.216712    0.401151 v _1075_/Q (sg13g2_dfrbpq_1)
                                                         net101 (net)
                      0.082582    0.001281    0.402432 v _0892_/B1 (sg13g2_a21oi_1)
     1    0.003003    0.045027    0.057202    0.459634 ^ _0892_/Y (sg13g2_a21oi_1)
                                                         _0368_ (net)
                      0.045027    0.000119    0.459753 ^ _0895_/A (sg13g2_nor2_1)
     1    0.002492    0.018159    0.037919    0.497671 v _0895_/Y (sg13g2_nor2_1)
                                                         _0074_ (net)
                      0.018159    0.000154    0.497826 v _1075_/D (sg13g2_dfrbpq_1)
                                              0.497826   data arrival time

                                  0.000000    0.000000   clock clk_i (rise edge)
                                  0.000000    0.000000   clock source latency
     1    0.034735    0.000000    0.000000    0.000000 ^ clk_i (in)
                                                         clk_i (net)
                      0.005104    0.002552    0.002552 ^ clkbuf_0_clk_i/A (sg13g2_buf_16)
    16    0.202468    0.063847    0.079427    0.081979 ^ clkbuf_0_clk_i/X (sg13g2_buf_16)
                                                         clknet_0_clk_i (net)
                      0.070560    0.015829    0.097808 ^ clkbuf_4_13_0_clk_i/A (sg13g2_buf_8)
     7    0.034148    0.031612    0.093659    0.191467 ^ clkbuf_4_13_0_clk_i/X (sg13g2_buf_8)
                                                         clknet_4_13_0_clk_i (net)
                      0.031725    0.002179    0.193646 ^ _1075_/CLK (sg13g2_dfrbpq_1)
                                  0.100000    0.293646   clock uncertainty
                                 -0.009207    0.284439   clock reconvergence pessimism
                                 -0.031354    0.253085   library hold time
                                              0.253085   data required time
---------------------------------------------------------------------------------------------
                                              0.253085   data required time
                                             -0.497826   data arrival time
---------------------------------------------------------------------------------------------
                                              0.244741   slack (MET)


Startpoint: _1041_ (rising edge-triggered flip-flop clocked by clk_i)
Endpoint: _1041_ (rising edge-triggered flip-flop clocked by clk_i)
Path Group: clk_i
Path Type: min

Fanout         Cap        Slew       Delay        Time   Description
---------------------------------------------------------------------------------------------
                                  0.000000    0.000000   clock clk_i (rise edge)
                                  0.000000    0.000000   clock source latency
     1    0.032062    0.000000    0.000000    0.000000 ^ clk_i (in)
                                                         clk_i (net)
                      0.004516    0.002258    0.002258 ^ clkbuf_0_clk_i/A (sg13g2_buf_16)
    16    0.181972    0.058543    0.076554    0.078812 ^ clkbuf_0_clk_i/X (sg13g2_buf_16)
                                                         clknet_0_clk_i (net)
                      0.063799    0.013441    0.092253 ^ clkbuf_4_12_0_clk_i/A (sg13g2_buf_8)
     7    0.033059    0.030856    0.090054    0.182307 ^ clkbuf_4_12_0_clk_i/X (sg13g2_buf_8)
                                                         clknet_4_12_0_clk_i (net)
                      0.030872    0.001069    0.183376 ^ _1041_/CLK (sg13g2_dfrbpq_1)
     3    0.023530    0.078298    0.214559    0.397935 v _1041_/Q (sg13g2_dfrbpq_1)
                                                         net130 (net)
                      0.078298    0.000256    0.398191 v _0752_/B1 (sg13g2_a21oi_1)
     1    0.003413    0.046241    0.057872    0.456063 ^ _0752_/Y (sg13g2_a21oi_1)
                                                         _0262_ (net)
                      0.046242    0.000251    0.456315 ^ _0755_/A (sg13g2_nor2_1)
     1    0.003064    0.024318    0.039833    0.496147 v _0755_/Y (sg13g2_nor2_1)
                                                         _0040_ (net)
                      0.024318    0.000199    0.496346 v _1041_/D (sg13g2_dfrbpq_1)
                                              0.496346   data arrival time

                                  0.000000    0.000000   clock clk_i (rise edge)
                                  0.000000    0.000000   clock source latency
     1    0.034735    0.000000    0.000000    0.000000 ^ clk_i (in)
                                                         clk_i (net)
                      0.005104    0.002552    0.002552 ^ clkbuf_0_clk_i/A (sg13g2_buf_16)
    16    0.202468    0.063847    0.079427    0.081979 ^ clkbuf_0_clk_i/X (sg13g2_buf_16)
                                                         clknet_0_clk_i (net)
                      0.069815    0.014930    0.096909 ^ clkbuf_4_12_0_clk_i/A (sg13g2_buf_8)
     7    0.036191    0.032466    0.094163    0.191072 ^ clkbuf_4_12_0_clk_i/X (sg13g2_buf_8)
                                                         clknet_4_12_0_clk_i (net)
                      0.032485    0.001178    0.192250 ^ _1041_/CLK (sg13g2_dfrbpq_1)
                                  0.100000    0.292250   clock uncertainty
                                 -0.008874    0.283376   clock reconvergence pessimism
                                 -0.033149    0.250227   library hold time
                                              0.250227   data required time
---------------------------------------------------------------------------------------------
                                              0.250227   data required time
                                             -0.496346   data arrival time
---------------------------------------------------------------------------------------------
                                              0.246119   slack (MET)


Startpoint: _1050_ (rising edge-triggered flip-flop clocked by clk_i)
Endpoint: _1050_ (rising edge-triggered flip-flop clocked by clk_i)
Path Group: clk_i
Path Type: min

Fanout         Cap        Slew       Delay        Time   Description
---------------------------------------------------------------------------------------------
                                  0.000000    0.000000   clock clk_i (rise edge)
                                  0.000000    0.000000   clock source latency
     1    0.032062    0.000000    0.000000    0.000000 ^ clk_i (in)
                                                         clk_i (net)
                      0.004516    0.002258    0.002258 ^ clkbuf_0_clk_i/A (sg13g2_buf_16)
    16    0.181972    0.058543    0.076554    0.078812 ^ clkbuf_0_clk_i/X (sg13g2_buf_16)
                                                         clknet_0_clk_i (net)
                      0.062973    0.012347    0.091159 ^ clkbuf_4_1_0_clk_i/A (sg13g2_buf_8)
     7    0.030513    0.029719    0.088663    0.179822 ^ clkbuf_4_1_0_clk_i/X (sg13g2_buf_8)
                                                         clknet_4_1_0_clk_i (net)
                      0.029741    0.001375    0.181197 ^ _1050_/CLK (sg13g2_dfrbpq_1)
     3    0.023796    0.078910    0.213755    0.394952 v _1050_/Q (sg13g2_dfrbpq_1)
                                                         net123 (net)
                      0.078924    0.001073    0.396025 v _0789_/B1 (sg13g2_a21oi_1)
     1    0.003145    0.045001    0.056782    0.452806 ^ _0789_/Y (sg13g2_a21oi_1)
                                                         _0290_ (net)
                      0.045001    0.000123    0.452930 ^ _0792_/A (sg13g2_nor2_1)
     1    0.003637    0.024282    0.040877    0.493807 v _0792_/Y (sg13g2_nor2_1)
                                                         _0049_ (net)
                      0.024282    0.000206    0.494013 v _1050_/D (sg13g2_dfrbpq_1)
                                              0.494013   data arrival time

                                  0.000000    0.000000   clock clk_i (rise edge)
                                  0.000000    0.000000   clock source latency
     1    0.034735    0.000000    0.000000    0.000000 ^ clk_i (in)
                                                         clk_i (net)
                      0.005104    0.002552    0.002552 ^ clkbuf_0_clk_i/A (sg13g2_buf_16)
    16    0.202468    0.063847    0.079427    0.081979 ^ clkbuf_0_clk_i/X (sg13g2_buf_16)
                                                         clknet_0_clk_i (net)
                      0.068873    0.013723    0.095702 ^ clkbuf_4_1_0_clk_i/A (sg13g2_buf_8)
     7    0.033887    0.031432    0.092801    0.188503 ^ clkbuf_4_1_0_clk_i/X (sg13g2_buf_8)
                                                         clknet_4_1_0_clk_i (net)
                      0.031459    0.001525    0.190029 ^ _1050_/CLK (sg13g2_dfrbpq_1)
                                  0.100000    0.290029   clock uncertainty
                                 -0.008832    0.281197   clock reconvergence pessimism
                                 -0.033351    0.247845   library hold time
                                              0.247845   data required time
---------------------------------------------------------------------------------------------
                                              0.247845   data required time
                                             -0.494013   data arrival time
---------------------------------------------------------------------------------------------
                                              0.246168   slack (MET)


Startpoint: _1040_ (rising edge-triggered flip-flop clocked by clk_i)
Endpoint: _1040_ (rising edge-triggered flip-flop clocked by clk_i)
Path Group: clk_i
Path Type: min

Fanout         Cap        Slew       Delay        Time   Description
---------------------------------------------------------------------------------------------
                                  0.000000    0.000000   clock clk_i (rise edge)
                                  0.000000    0.000000   clock source latency
     1    0.032062    0.000000    0.000000    0.000000 ^ clk_i (in)
                                                         clk_i (net)
                      0.004516    0.002258    0.002258 ^ clkbuf_0_clk_i/A (sg13g2_buf_16)
    16    0.181972    0.058543    0.076554    0.078812 ^ clkbuf_0_clk_i/X (sg13g2_buf_16)
                                                         clknet_0_clk_i (net)
                      0.062403    0.011540    0.090352 ^ clkbuf_4_6_0_clk_i/A (sg13g2_buf_8)
     7    0.032390    0.030437    0.088745    0.179097 ^ clkbuf_4_6_0_clk_i/X (sg13g2_buf_8)
                                                         clknet_4_6_0_clk_i (net)
                      0.030499    0.001602    0.180698 ^ _1040_/CLK (sg13g2_dfrbpq_1)
     3    0.025161    0.083430    0.216981    0.397680 v _1040_/Q (sg13g2_dfrbpq_1)
                                                         net129 (net)
                      0.083464    0.001608    0.399287 v _0748_/B1 (sg13g2_a21oi_1)
     1    0.002976    0.045068    0.057335    0.456623 ^ _0748_/Y (sg13g2_a21oi_1)
                                                         _0259_ (net)
                      0.045068    0.000118    0.456741 ^ _0751_/A (sg13g2_nor2_1)
     1    0.002306    0.022316    0.037450    0.494191 v _0751_/Y (sg13g2_nor2_1)
                                                         _0039_ (net)
                      0.022316    0.000150    0.494341 v _1040_/D (sg13g2_dfrbpq_1)
                                              0.494341   data arrival time

                                  0.000000    0.000000   clock clk_i (rise edge)
                                  0.000000    0.000000   clock source latency
     1    0.034735    0.000000    0.000000    0.000000 ^ clk_i (in)
                                                         clk_i (net)
                      0.005104    0.002552    0.002552 ^ clkbuf_0_clk_i/A (sg13g2_buf_16)
    16    0.202468    0.063847    0.079427    0.081979 ^ clkbuf_0_clk_i/X (sg13g2_buf_16)
                                                         clknet_0_clk_i (net)
                      0.068218    0.012827    0.094806 ^ clkbuf_4_6_0_clk_i/A (sg13g2_buf_8)
     7    0.035764    0.032119    0.092787    0.187593 ^ clkbuf_4_6_0_clk_i/X (sg13g2_buf_8)
                                                         clknet_4_6_0_clk_i (net)
                      0.032255    0.001770    0.189363 ^ _1040_/CLK (sg13g2_dfrbpq_1)
                                  0.100000    0.289363   clock uncertainty
                                 -0.008665    0.280698   clock reconvergence pessimism
                                 -0.032562    0.248137   library hold time
                                              0.248137   data required time
---------------------------------------------------------------------------------------------
                                              0.248137   data required time
                                             -0.494341   data arrival time
---------------------------------------------------------------------------------------------
                                              0.246205   slack (MET)


Startpoint: _1018_ (rising edge-triggered flip-flop clocked by clk_i)
Endpoint: _1018_ (rising edge-triggered flip-flop clocked by clk_i)
Path Group: clk_i
Path Type: min

Fanout         Cap        Slew       Delay        Time   Description
---------------------------------------------------------------------------------------------
                                  0.000000    0.000000   clock clk_i (rise edge)
                                  0.000000    0.000000   clock source latency
     1    0.032062    0.000000    0.000000    0.000000 ^ clk_i (in)
                                                         clk_i (net)
                      0.004516    0.002258    0.002258 ^ clkbuf_0_clk_i/A (sg13g2_buf_16)
    16    0.181972    0.058543    0.076554    0.078812 ^ clkbuf_0_clk_i/X (sg13g2_buf_16)
                                                         clknet_0_clk_i (net)
                      0.063799    0.013441    0.092253 ^ clkbuf_4_12_0_clk_i/A (sg13g2_buf_8)
     7    0.033059    0.030856    0.090054    0.182307 ^ clkbuf_4_12_0_clk_i/X (sg13g2_buf_8)
                                                         clknet_4_12_0_clk_i (net)
                      0.030873    0.001137    0.183444 ^ _1018_/CLK (sg13g2_dfrbpq_1)
     2    0.010693    0.041332    0.183477    0.366921 v _1018_/Q (sg13g2_dfrbpq_1)
                                                         net152 (net)
                      0.041342    0.000621    0.367542 v _0664_/A1 (sg13g2_o21ai_1)
     1    0.004213    0.050767    0.097748    0.465290 ^ _0664_/Y (sg13g2_o21ai_1)
                                                         _0197_ (net)
                      0.050767    0.000264    0.465554 ^ _0665_/B1 (sg13g2_a21oi_1)
     1    0.002581    0.021933    0.034922    0.500475 v _0665_/Y (sg13g2_a21oi_1)
                                                         _0017_ (net)
                      0.021934    0.000171    0.500646 v _1018_/D (sg13g2_dfrbpq_1)
                                              0.500646   data arrival time

                                  0.000000    0.000000   clock clk_i (rise edge)
                                  0.000000    0.000000   clock source latency
     1    0.034735    0.000000    0.000000    0.000000 ^ clk_i (in)
                                                         clk_i (net)
                      0.005104    0.002552    0.002552 ^ clkbuf_0_clk_i/A (sg13g2_buf_16)
    16    0.202468    0.063847    0.079427    0.081979 ^ clkbuf_0_clk_i/X (sg13g2_buf_16)
                                                         clknet_0_clk_i (net)
                      0.069815    0.014930    0.096909 ^ clkbuf_4_12_0_clk_i/A (sg13g2_buf_8)
     7    0.036191    0.032466    0.094163    0.191072 ^ clkbuf_4_12_0_clk_i/X (sg13g2_buf_8)
                                                         clknet_4_12_0_clk_i (net)
                      0.032487    0.001249    0.192322 ^ _1018_/CLK (sg13g2_dfrbpq_1)
                                  0.100000    0.292322   clock uncertainty
                                 -0.008878    0.283444   clock reconvergence pessimism
                                 -0.032392    0.251051   library hold time
                                              0.251051   data required time
---------------------------------------------------------------------------------------------
                                              0.251051   data required time
                                             -0.500646   data arrival time
---------------------------------------------------------------------------------------------
                                              0.249595   slack (MET)


Startpoint: _1037_ (rising edge-triggered flip-flop clocked by clk_i)
Endpoint: _1037_ (rising edge-triggered flip-flop clocked by clk_i)
Path Group: clk_i
Path Type: min

Fanout         Cap        Slew       Delay        Time   Description
---------------------------------------------------------------------------------------------
                                  0.000000    0.000000   clock clk_i (rise edge)
                                  0.000000    0.000000   clock source latency
     1    0.032062    0.000000    0.000000    0.000000 ^ clk_i (in)
                                                         clk_i (net)
                      0.004516    0.002258    0.002258 ^ clkbuf_0_clk_i/A (sg13g2_buf_16)
    16    0.181972    0.058543    0.076554    0.078812 ^ clkbuf_0_clk_i/X (sg13g2_buf_16)
                                                         clknet_0_clk_i (net)
                      0.062403    0.011540    0.090352 ^ clkbuf_4_6_0_clk_i/A (sg13g2_buf_8)
     7    0.032390    0.030437    0.088745    0.179097 ^ clkbuf_4_6_0_clk_i/X (sg13g2_buf_8)
                                                         clknet_4_6_0_clk_i (net)
                      0.030499    0.001600    0.180697 ^ _1037_/CLK (sg13g2_dfrbpq_1)
     3    0.024379    0.081086    0.214962    0.395658 v _1037_/Q (sg13g2_dfrbpq_1)
                                                         net126 (net)
                      0.081087    0.000544    0.396202 v _0736_/B1 (sg13g2_a21oi_1)
     1    0.004036    0.049972    0.061810    0.458012 ^ _0736_/Y (sg13g2_a21oi_1)
                                                         _0250_ (net)
                      0.049972    0.000300    0.458312 ^ _0739_/A (sg13g2_nor2_1)
     1    0.002814    0.021620    0.040524    0.498836 v _0739_/Y (sg13g2_nor2_1)
                                                         _0036_ (net)
                      0.021620    0.000175    0.499011 v _1037_/D (sg13g2_dfrbpq_1)
                                              0.499011   data arrival time

                                  0.000000    0.000000   clock clk_i (rise edge)
                                  0.000000    0.000000   clock source latency
     1    0.034735    0.000000    0.000000    0.000000 ^ clk_i (in)
                                                         clk_i (net)
                      0.005104    0.002552    0.002552 ^ clkbuf_0_clk_i/A (sg13g2_buf_16)
    16    0.202468    0.063847    0.079427    0.081979 ^ clkbuf_0_clk_i/X (sg13g2_buf_16)
                                                         clknet_0_clk_i (net)
                      0.068218    0.012827    0.094806 ^ clkbuf_4_6_0_clk_i/A (sg13g2_buf_8)
     7    0.035764    0.032119    0.092787    0.187593 ^ clkbuf_4_6_0_clk_i/X (sg13g2_buf_8)
                                                         clknet_4_6_0_clk_i (net)
                      0.032254    0.001768    0.189360 ^ _1037_/CLK (sg13g2_dfrbpq_1)
                                  0.100000    0.289360   clock uncertainty
                                 -0.008663    0.280697   clock reconvergence pessimism
                                 -0.032341    0.248355   library hold time
                                              0.248355   data required time
---------------------------------------------------------------------------------------------
                                              0.248355   data required time
                                             -0.499011   data arrival time
---------------------------------------------------------------------------------------------
                                              0.250656   slack (MET)


Startpoint: _1087_ (rising edge-triggered flip-flop clocked by clk_i)
Endpoint: _1087_ (rising edge-triggered flip-flop clocked by clk_i)
Path Group: clk_i
Path Type: min

Fanout         Cap        Slew       Delay        Time   Description
---------------------------------------------------------------------------------------------
                                  0.000000    0.000000   clock clk_i (rise edge)
                                  0.000000    0.000000   clock source latency
     1    0.032062    0.000000    0.000000    0.000000 ^ clk_i (in)
                                                         clk_i (net)
                      0.004516    0.002258    0.002258 ^ clkbuf_0_clk_i/A (sg13g2_buf_16)
    16    0.181972    0.058543    0.076554    0.078812 ^ clkbuf_0_clk_i/X (sg13g2_buf_16)
                                                         clknet_0_clk_i (net)
                      0.062403    0.011540    0.090352 ^ clkbuf_4_6_0_clk_i/A (sg13g2_buf_8)
     7    0.032390    0.030437    0.088745    0.179097 ^ clkbuf_4_6_0_clk_i/X (sg13g2_buf_8)
                                                         clknet_4_6_0_clk_i (net)
                      0.030616    0.002424    0.181520 ^ _1087_/CLK (sg13g2_dfrbpq_1)
     3    0.025337    0.083500    0.217667    0.399187 v _1087_/Q (sg13g2_dfrbpq_1)
                                                         net79 (net)
                      0.083519    0.001252    0.400439 v _0942_/B1 (sg13g2_a21oi_1)
     1    0.003318    0.046817    0.059056    0.459495 ^ _0942_/Y (sg13g2_a21oi_1)
                                                         _0406_ (net)
                      0.046817    0.000131    0.459626 ^ _0945_/A (sg13g2_nor2_1)
     1    0.002892    0.023071    0.039588    0.499214 v _0945_/Y (sg13g2_nor2_1)
                                                         _0086_ (net)
                      0.023071    0.000200    0.499414 v _1087_/D (sg13g2_dfrbpq_1)
                                              0.499414   data arrival time

                                  0.000000    0.000000   clock clk_i (rise edge)
                                  0.000000    0.000000   clock source latency
     1    0.034735    0.000000    0.000000    0.000000 ^ clk_i (in)
                                                         clk_i (net)
                      0.005104    0.002552    0.002552 ^ clkbuf_0_clk_i/A (sg13g2_buf_16)
    16    0.202468    0.063847    0.079427    0.081979 ^ clkbuf_0_clk_i/X (sg13g2_buf_16)
                                                         clknet_0_clk_i (net)
                      0.068218    0.012827    0.094806 ^ clkbuf_4_6_0_clk_i/A (sg13g2_buf_8)
     7    0.035764    0.032119    0.092787    0.187593 ^ clkbuf_4_6_0_clk_i/X (sg13g2_buf_8)
                                                         clknet_4_6_0_clk_i (net)
                      0.032412    0.002666    0.190259 ^ _1087_/CLK (sg13g2_dfrbpq_1)
                                  0.100000    0.290259   clock uncertainty
                                 -0.008739    0.281520   clock reconvergence pessimism
                                 -0.032769    0.248752   library hold time
                                              0.248752   data required time
---------------------------------------------------------------------------------------------
                                              0.248752   data required time
                                             -0.499414   data arrival time
---------------------------------------------------------------------------------------------
                                              0.250662   slack (MET)


Startpoint: _1019_ (rising edge-triggered flip-flop clocked by clk_i)
Endpoint: _1019_ (rising edge-triggered flip-flop clocked by clk_i)
Path Group: clk_i
Path Type: min

Fanout         Cap        Slew       Delay        Time   Description
---------------------------------------------------------------------------------------------
                                  0.000000    0.000000   clock clk_i (rise edge)
                                  0.000000    0.000000   clock source latency
     1    0.032062    0.000000    0.000000    0.000000 ^ clk_i (in)
                                                         clk_i (net)
                      0.004516    0.002258    0.002258 ^ clkbuf_0_clk_i/A (sg13g2_buf_16)
    16    0.181972    0.058543    0.076554    0.078812 ^ clkbuf_0_clk_i/X (sg13g2_buf_16)
                                                         clknet_0_clk_i (net)
                      0.063799    0.013441    0.092253 ^ clkbuf_4_12_0_clk_i/A (sg13g2_buf_8)
     7    0.033059    0.030856    0.090054    0.182307 ^ clkbuf_4_12_0_clk_i/X (sg13g2_buf_8)
                                                         clknet_4_12_0_clk_i (net)
                      0.030874    0.001165    0.183472 ^ _1019_/CLK (sg13g2_dfrbpq_1)
     2    0.010545    0.040896    0.183141    0.366613 v _1019_/Q (sg13g2_dfrbpq_1)
                                                         net153 (net)
                      0.040905    0.000587    0.367200 v _0668_/A1 (sg13g2_o21ai_1)
     1    0.004555    0.052089    0.099976    0.467176 ^ _0668_/Y (sg13g2_o21ai_1)
                                                         _0200_ (net)
                      0.052089    0.000303    0.467479 ^ _0669_/B1 (sg13g2_a21oi_1)
     1    0.002234    0.021277    0.034347    0.501826 v _0669_/Y (sg13g2_a21oi_1)
                                                         _0018_ (net)
                      0.021277    0.000151    0.501977 v _1019_/D (sg13g2_dfrbpq_1)
                                              0.501977   data arrival time

                                  0.000000    0.000000   clock clk_i (rise edge)
                                  0.000000    0.000000   clock source latency
     1    0.034735    0.000000    0.000000    0.000000 ^ clk_i (in)
                                                         clk_i (net)
                      0.005104    0.002552    0.002552 ^ clkbuf_0_clk_i/A (sg13g2_buf_16)
    16    0.202468    0.063847    0.079427    0.081979 ^ clkbuf_0_clk_i/X (sg13g2_buf_16)
                                                         clknet_0_clk_i (net)
                      0.069815    0.014930    0.096909 ^ clkbuf_4_12_0_clk_i/A (sg13g2_buf_8)
     7    0.036191    0.032466    0.094163    0.191072 ^ clkbuf_4_12_0_clk_i/X (sg13g2_buf_8)
                                                         clknet_4_12_0_clk_i (net)
                      0.032489    0.001278    0.192350 ^ _1019_/CLK (sg13g2_dfrbpq_1)
                                  0.100000    0.292350   clock uncertainty
                                 -0.008878    0.283472   clock reconvergence pessimism
                                 -0.032183    0.251289   library hold time
                                              0.251289   data required time
---------------------------------------------------------------------------------------------
                                              0.251289   data required time
                                             -0.501977   data arrival time
---------------------------------------------------------------------------------------------
                                              0.250688   slack (MET)


Startpoint: _1058_ (rising edge-triggered flip-flop clocked by clk_i)
Endpoint: _1058_ (rising edge-triggered flip-flop clocked by clk_i)
Path Group: clk_i
Path Type: min

Fanout         Cap        Slew       Delay        Time   Description
---------------------------------------------------------------------------------------------
                                  0.000000    0.000000   clock clk_i (rise edge)
                                  0.000000    0.000000   clock source latency
     1    0.032062    0.000000    0.000000    0.000000 ^ clk_i (in)
                                                         clk_i (net)
                      0.004516    0.002258    0.002258 ^ clkbuf_0_clk_i/A (sg13g2_buf_16)
    16    0.181972    0.058543    0.076554    0.078812 ^ clkbuf_0_clk_i/X (sg13g2_buf_16)
                                                         clknet_0_clk_i (net)
                      0.062114    0.011113    0.089924 ^ clkbuf_4_3_0_clk_i/A (sg13g2_buf_8)
     7    0.032384    0.030496    0.089004    0.178929 ^ clkbuf_4_3_0_clk_i/X (sg13g2_buf_8)
                                                         clknet_4_3_0_clk_i (net)
                      0.030515    0.001228    0.180157 ^ _1058_/CLK (sg13g2_dfrbpq_1)
     3    0.024272    0.080568    0.215911    0.396068 v _1058_/Q (sg13g2_dfrbpq_1)
                                                         net114 (net)
                      0.080573    0.000705    0.396773 v _0822_/B1 (sg13g2_a21oi_1)
     1    0.004253    0.050969    0.062757    0.459530 ^ _0822_/Y (sg13g2_a21oi_1)
                                                         _0315_ (net)
                      0.050969    0.000172    0.459701 ^ _0825_/A (sg13g2_nor2_1)
     1    0.002486    0.021516    0.040010    0.499711 v _0825_/Y (sg13g2_nor2_1)
                                                         _0057_ (net)
                      0.021516    0.000149    0.499860 v _1058_/D (sg13g2_dfrbpq_1)
                                              0.499860   data arrival time

                                  0.000000    0.000000   clock clk_i (rise edge)
                                  0.000000    0.000000   clock source latency
     1    0.034735    0.000000    0.000000    0.000000 ^ clk_i (in)
                                                         clk_i (net)
                      0.005104    0.002552    0.002552 ^ clkbuf_0_clk_i/A (sg13g2_buf_16)
    16    0.202468    0.063847    0.079427    0.081979 ^ clkbuf_0_clk_i/X (sg13g2_buf_16)
                                                         clknet_0_clk_i (net)
                      0.067895    0.012363    0.094342 ^ clkbuf_4_3_0_clk_i/A (sg13g2_buf_8)
     7    0.035758    0.032202    0.093087    0.187429 ^ clkbuf_4_3_0_clk_i/X (sg13g2_buf_8)
                                                         clknet_4_3_0_clk_i (net)
                      0.032226    0.001370    0.188800 ^ _1058_/CLK (sg13g2_dfrbpq_1)
                                  0.100000    0.288800   clock uncertainty
                                 -0.008643    0.280157   clock reconvergence pessimism
                                 -0.032314    0.247843   library hold time
                                              0.247843   data required time
---------------------------------------------------------------------------------------------
                                              0.247843   data required time
                                             -0.499860   data arrival time
---------------------------------------------------------------------------------------------
                                              0.252017   slack (MET)


Startpoint: _1100_ (rising edge-triggered flip-flop clocked by clk_i)
Endpoint: _1100_ (rising edge-triggered flip-flop clocked by clk_i)
Path Group: clk_i
Path Type: min

Fanout         Cap        Slew       Delay        Time   Description
---------------------------------------------------------------------------------------------
                                  0.000000    0.000000   clock clk_i (rise edge)
                                  0.000000    0.000000   clock source latency
     1    0.032062    0.000000    0.000000    0.000000 ^ clk_i (in)
                                                         clk_i (net)
                      0.004516    0.002258    0.002258 ^ clkbuf_0_clk_i/A (sg13g2_buf_16)
    16    0.181972    0.058543    0.076554    0.078812 ^ clkbuf_0_clk_i/X (sg13g2_buf_16)
                                                         clknet_0_clk_i (net)
                      0.063259    0.012734    0.091546 ^ clkbuf_4_0_0_clk_i/A (sg13g2_buf_8)
     7    0.039163    0.033476    0.092118    0.183664 ^ clkbuf_4_0_0_clk_i/X (sg13g2_buf_8)
                                                         clknet_4_0_0_clk_i (net)
                      0.033477    0.000347    0.184011 ^ _1100_/CLK (sg13g2_dfrbpq_1)
     3    0.026234    0.086193    0.220882    0.404893 v _1100_/Q (sg13g2_dfrbpq_1)
                                                         net107 (net)
                      0.086212    0.001297    0.406190 v _0995_/B1 (sg13g2_a21oi_1)
     1    0.003609    0.048831    0.061314    0.467504 ^ _0995_/Y (sg13g2_a21oi_1)
                                                         _0446_ (net)
                      0.048831    0.000259    0.467763 ^ _0998_/A (sg13g2_nor2_1)
     1    0.001949    0.020029    0.037839    0.505602 v _0998_/Y (sg13g2_nor2_1)
                                                         _0099_ (net)
                      0.020029    0.000076    0.505678 v _1100_/D (sg13g2_dfrbpq_1)
                                              0.505678   data arrival time

                                  0.000000    0.000000   clock clk_i (rise edge)
                                  0.000000    0.000000   clock source latency
     1    0.034735    0.000000    0.000000    0.000000 ^ clk_i (in)
                                                         clk_i (net)
                      0.005104    0.002552    0.002552 ^ clkbuf_0_clk_i/A (sg13g2_buf_16)
    16    0.202468    0.063847    0.079427    0.081979 ^ clkbuf_0_clk_i/X (sg13g2_buf_16)
                                                         clknet_0_clk_i (net)
                      0.069208    0.014162    0.096142 ^ clkbuf_4_0_0_clk_i/A (sg13g2_buf_8)
     7    0.042295    0.035074    0.096195    0.192337 ^ clkbuf_4_0_0_clk_i/X (sg13g2_buf_8)
                                                         clknet_4_0_0_clk_i (net)
                      0.035075    0.000386    0.192723 ^ _1100_/CLK (sg13g2_dfrbpq_1)
                                  0.100000    0.292723   clock uncertainty
                                 -0.008712    0.284011   clock reconvergence pessimism
                                 -0.031248    0.252763   library hold time
                                              0.252763   data required time
---------------------------------------------------------------------------------------------
                                              0.252763   data required time
                                             -0.505678   data arrival time
---------------------------------------------------------------------------------------------
                                              0.252915   slack (MET)


Startpoint: _1065_ (rising edge-triggered flip-flop clocked by clk_i)
Endpoint: _1065_ (rising edge-triggered flip-flop clocked by clk_i)
Path Group: clk_i
Path Type: min

Fanout         Cap        Slew       Delay        Time   Description
---------------------------------------------------------------------------------------------
                                  0.000000    0.000000   clock clk_i (rise edge)
                                  0.000000    0.000000   clock source latency
     1    0.032062    0.000000    0.000000    0.000000 ^ clk_i (in)
                                                         clk_i (net)
                      0.004516    0.002258    0.002258 ^ clkbuf_0_clk_i/A (sg13g2_buf_16)
    16    0.181972    0.058543    0.076554    0.078812 ^ clkbuf_0_clk_i/X (sg13g2_buf_16)
                                                         clknet_0_clk_i (net)
                      0.062373    0.011497    0.090308 ^ clkbuf_4_2_0_clk_i/A (sg13g2_buf_8)
     7    0.031935    0.030297    0.088842    0.179150 ^ clkbuf_4_2_0_clk_i/X (sg13g2_buf_8)
                                                         clknet_4_2_0_clk_i (net)
                      0.030319    0.001379    0.180529 ^ _1065_/CLK (sg13g2_dfrbpq_1)
     3    0.027444    0.089821    0.222164    0.402693 v _1065_/Q (sg13g2_dfrbpq_1)
                                                         net136 (net)
                      0.089821    0.000269    0.402961 v _0851_/B1 (sg13g2_a21oi_1)
     1    0.003255    0.047776    0.060663    0.463624 ^ _0851_/Y (sg13g2_a21oi_1)
                                                         _0337_ (net)
                      0.047776    0.000242    0.463866 ^ _0854_/A (sg13g2_nor2_1)
     1    0.002285    0.020637    0.038347    0.502213 v _0854_/Y (sg13g2_nor2_1)
                                                         _0064_ (net)
                      0.020637    0.000153    0.502366 v _1065_/D (sg13g2_dfrbpq_1)
                                              0.502366   data arrival time

                                  0.000000    0.000000   clock clk_i (rise edge)
                                  0.000000    0.000000   clock source latency
     1    0.034735    0.000000    0.000000    0.000000 ^ clk_i (in)
                                                         clk_i (net)
                      0.005104    0.002552    0.002552 ^ clkbuf_0_clk_i/A (sg13g2_buf_16)
    16    0.202468    0.063847    0.079427    0.081979 ^ clkbuf_0_clk_i/X (sg13g2_buf_16)
                                                         clknet_0_clk_i (net)
                      0.068199    0.012799    0.094778 ^ clkbuf_4_2_0_clk_i/A (sg13g2_buf_8)
     7    0.035067    0.031897    0.092843    0.187621 ^ clkbuf_4_2_0_clk_i/X (sg13g2_buf_8)
                                                         clknet_4_2_0_clk_i (net)
                      0.031959    0.001521    0.189141 ^ _1065_/CLK (sg13g2_dfrbpq_1)
                                  0.100000    0.289141   clock uncertainty
                                 -0.008612    0.280529   clock reconvergence pessimism
                                 -0.032091    0.248438   library hold time
                                              0.248438   data required time
---------------------------------------------------------------------------------------------
                                              0.248438   data required time
                                             -0.502366   data arrival time
---------------------------------------------------------------------------------------------
                                              0.253928   slack (MET)


Startpoint: _1052_ (rising edge-triggered flip-flop clocked by clk_i)
Endpoint: _1052_ (rising edge-triggered flip-flop clocked by clk_i)
Path Group: clk_i
Path Type: min

Fanout         Cap        Slew       Delay        Time   Description
---------------------------------------------------------------------------------------------
                                  0.000000    0.000000   clock clk_i (rise edge)
                                  0.000000    0.000000   clock source latency
     1    0.032062    0.000000    0.000000    0.000000 ^ clk_i (in)
                                                         clk_i (net)
                      0.004516    0.002258    0.002258 ^ clkbuf_0_clk_i/A (sg13g2_buf_16)
    16    0.181972    0.058543    0.076554    0.078812 ^ clkbuf_0_clk_i/X (sg13g2_buf_16)
                                                         clknet_0_clk_i (net)
                      0.063004    0.012390    0.091201 ^ clkbuf_4_4_0_clk_i/A (sg13g2_buf_8)
     7    0.038534    0.033144    0.091540    0.182741 ^ clkbuf_4_4_0_clk_i/X (sg13g2_buf_8)
                                                         clknet_4_4_0_clk_i (net)
                      0.033177    0.000712    0.183453 ^ _1052_/CLK (sg13g2_dfrbpq_1)
     3    0.024747    0.081706    0.218057    0.401509 v _1052_/Q (sg13g2_dfrbpq_1)
                                                         net125 (net)
                      0.081711    0.000722    0.402232 v _0797_/B1 (sg13g2_a21oi_1)
     1    0.003481    0.047278    0.059269    0.461500 ^ _0797_/Y (sg13g2_a21oi_1)
                                                         _0296_ (net)
                      0.047278    0.000259    0.461759 ^ _0800_/A (sg13g2_nor2_1)
     1    0.003992    0.024849    0.042595    0.504355 v _0800_/Y (sg13g2_nor2_1)
                                                         _0051_ (net)
                      0.024851    0.000371    0.504726 v _1052_/D (sg13g2_dfrbpq_1)
                                              0.504726   data arrival time

                                  0.000000    0.000000   clock clk_i (rise edge)
                                  0.000000    0.000000   clock source latency
     1    0.034735    0.000000    0.000000    0.000000 ^ clk_i (in)
                                                         clk_i (net)
                      0.005104    0.002552    0.002552 ^ clkbuf_0_clk_i/A (sg13g2_buf_16)
    16    0.202468    0.063847    0.079427    0.081979 ^ clkbuf_0_clk_i/X (sg13g2_buf_16)
                                                         clknet_0_clk_i (net)
                      0.068916    0.013780    0.095760 ^ clkbuf_4_4_0_clk_i/A (sg13g2_buf_8)
     7    0.041666    0.034764    0.095590    0.191349 ^ clkbuf_4_4_0_clk_i/X (sg13g2_buf_8)
                                                         clknet_4_4_0_clk_i (net)
                      0.034818    0.000792    0.192142 ^ _1052_/CLK (sg13g2_dfrbpq_1)
                                  0.100000    0.292142   clock uncertainty
                                 -0.008689    0.283453   clock reconvergence pessimism
                                 -0.032831    0.250621   library hold time
                                              0.250621   data required time
---------------------------------------------------------------------------------------------
                                              0.250621   data required time
                                             -0.504726   data arrival time
---------------------------------------------------------------------------------------------
                                              0.254104   slack (MET)


Startpoint: _1069_ (rising edge-triggered flip-flop clocked by clk_i)
Endpoint: _1069_ (rising edge-triggered flip-flop clocked by clk_i)
Path Group: clk_i
Path Type: min

Fanout         Cap        Slew       Delay        Time   Description
---------------------------------------------------------------------------------------------
                                  0.000000    0.000000   clock clk_i (rise edge)
                                  0.000000    0.000000   clock source latency
     1    0.032062    0.000000    0.000000    0.000000 ^ clk_i (in)
                                                         clk_i (net)
                      0.004516    0.002258    0.002258 ^ clkbuf_0_clk_i/A (sg13g2_buf_16)
    16    0.181972    0.058543    0.076554    0.078812 ^ clkbuf_0_clk_i/X (sg13g2_buf_16)
                                                         clknet_0_clk_i (net)
                      0.063291    0.012777    0.091589 ^ clkbuf_4_7_0_clk_i/A (sg13g2_buf_8)
     7    0.033354    0.030864    0.089437    0.181026 ^ clkbuf_4_7_0_clk_i/X (sg13g2_buf_8)
                                                         clknet_4_7_0_clk_i (net)
                      0.031170    0.002945    0.183971 ^ _1069_/CLK (sg13g2_dfrbpq_1)
     3    0.025461    0.084335    0.217900    0.401871 v _1069_/Q (sg13g2_dfrbpq_1)
                                                         net94 (net)
                      0.084371    0.001657    0.403528 v _0868_/B1 (sg13g2_a21oi_1)
     1    0.003421    0.047509    0.059801    0.463329 ^ _0868_/Y (sg13g2_a21oi_1)
                                                         _0350_ (net)
                      0.047509    0.000249    0.463578 ^ _0871_/A (sg13g2_nor2_1)
     1    0.003483    0.024457    0.041398    0.504975 v _0871_/Y (sg13g2_nor2_1)
                                                         _0068_ (net)
                      0.024458    0.000199    0.505175 v _1069_/D (sg13g2_dfrbpq_1)
                                              0.505175   data arrival time

                                  0.000000    0.000000   clock clk_i (rise edge)
                                  0.000000    0.000000   clock source latency
     1    0.034735    0.000000    0.000000    0.000000 ^ clk_i (in)
                                                         clk_i (net)
                      0.005104    0.002552    0.002552 ^ clkbuf_0_clk_i/A (sg13g2_buf_16)
    16    0.202468    0.063847    0.079427    0.081979 ^ clkbuf_0_clk_i/X (sg13g2_buf_16)
                                                         clknet_0_clk_i (net)
                      0.069232    0.014193    0.096172 ^ clkbuf_4_7_0_clk_i/A (sg13g2_buf_8)
     7    0.036728    0.032540    0.093525    0.189698 ^ clkbuf_4_7_0_clk_i/X (sg13g2_buf_8)
                                                         clknet_4_7_0_clk_i (net)
                      0.032997    0.003230    0.192928 ^ _1069_/CLK (sg13g2_dfrbpq_1)
                                  0.100000    0.292928   clock uncertainty
                                 -0.008957    0.283971   clock reconvergence pessimism
                                 -0.033086    0.250884   library hold time
                                              0.250884   data required time
---------------------------------------------------------------------------------------------
                                              0.250884   data required time
                                             -0.505175   data arrival time
---------------------------------------------------------------------------------------------
                                              0.254290   slack (MET)


Startpoint: _1070_ (rising edge-triggered flip-flop clocked by clk_i)
Endpoint: _1070_ (rising edge-triggered flip-flop clocked by clk_i)
Path Group: clk_i
Path Type: min

Fanout         Cap        Slew       Delay        Time   Description
---------------------------------------------------------------------------------------------
                                  0.000000    0.000000   clock clk_i (rise edge)
                                  0.000000    0.000000   clock source latency
     1    0.032062    0.000000    0.000000    0.000000 ^ clk_i (in)
                                                         clk_i (net)
                      0.004516    0.002258    0.002258 ^ clkbuf_0_clk_i/A (sg13g2_buf_16)
    16    0.181972    0.058543    0.076554    0.078812 ^ clkbuf_0_clk_i/X (sg13g2_buf_16)
                                                         clknet_0_clk_i (net)
                      0.063799    0.013441    0.092253 ^ clkbuf_4_12_0_clk_i/A (sg13g2_buf_8)
     7    0.033059    0.030856    0.090054    0.182307 ^ clkbuf_4_12_0_clk_i/X (sg13g2_buf_8)
                                                         clknet_4_12_0_clk_i (net)
                      0.030869    0.000955    0.183261 ^ _1070_/CLK (sg13g2_dfrbpq_1)
     3    0.026785    0.088131    0.221703    0.404964 v _1070_/Q (sg13g2_dfrbpq_1)
                                                         net95 (net)
                      0.088138    0.000797    0.405761 v _0872_/B1 (sg13g2_a21oi_1)
     1    0.003419    0.048258    0.060989    0.466751 ^ _0872_/Y (sg13g2_a21oi_1)
                                                         _0353_ (net)
                      0.048258    0.000136    0.466886 ^ _0875_/A (sg13g2_nor2_1)
     1    0.002219    0.021582    0.038342    0.505228 v _0875_/Y (sg13g2_nor2_1)
                                                         _0069_ (net)
                      0.021582    0.000153    0.505381 v _1070_/D (sg13g2_dfrbpq_1)
                                              0.505381   data arrival time

                                  0.000000    0.000000   clock clk_i (rise edge)
                                  0.000000    0.000000   clock source latency
     1    0.034735    0.000000    0.000000    0.000000 ^ clk_i (in)
                                                         clk_i (net)
                      0.005104    0.002552    0.002552 ^ clkbuf_0_clk_i/A (sg13g2_buf_16)
    16    0.202468    0.063847    0.079427    0.081979 ^ clkbuf_0_clk_i/X (sg13g2_buf_16)
                                                         clknet_0_clk_i (net)
                      0.069815    0.014930    0.096909 ^ clkbuf_4_12_0_clk_i/A (sg13g2_buf_8)
     7    0.036191    0.032466    0.094163    0.191072 ^ clkbuf_4_12_0_clk_i/X (sg13g2_buf_8)
                                                         clknet_4_12_0_clk_i (net)
                      0.032482    0.001053    0.192126 ^ _1070_/CLK (sg13g2_dfrbpq_1)
                                  0.100000    0.292126   clock uncertainty
                                 -0.008864    0.283261   clock reconvergence pessimism
                                 -0.032282    0.250980   library hold time
                                              0.250980   data required time
---------------------------------------------------------------------------------------------
                                              0.250980   data required time
                                             -0.505381   data arrival time
---------------------------------------------------------------------------------------------
                                              0.254402   slack (MET)


Startpoint: _1072_ (rising edge-triggered flip-flop clocked by clk_i)
Endpoint: _1072_ (rising edge-triggered flip-flop clocked by clk_i)
Path Group: clk_i
Path Type: min

Fanout         Cap        Slew       Delay        Time   Description
---------------------------------------------------------------------------------------------
                                  0.000000    0.000000   clock clk_i (rise edge)
                                  0.000000    0.000000   clock source latency
     1    0.032062    0.000000    0.000000    0.000000 ^ clk_i (in)
                                                         clk_i (net)
                      0.004516    0.002258    0.002258 ^ clkbuf_0_clk_i/A (sg13g2_buf_16)
    16    0.181972    0.058543    0.076554    0.078812 ^ clkbuf_0_clk_i/X (sg13g2_buf_16)
                                                         clknet_0_clk_i (net)
                      0.063291    0.012777    0.091589 ^ clkbuf_4_7_0_clk_i/A (sg13g2_buf_8)
     7    0.033354    0.030864    0.089437    0.181026 ^ clkbuf_4_7_0_clk_i/X (sg13g2_buf_8)
                                                         clknet_4_7_0_clk_i (net)
                      0.030947    0.001680    0.182706 ^ _1072_/CLK (sg13g2_dfrbpq_1)
     3    0.027754    0.090765    0.223104    0.405810 v _1072_/Q (sg13g2_dfrbpq_1)
                                                         net97 (net)
                      0.090787    0.001381    0.407191 v _0880_/B1 (sg13g2_a21oi_1)
     1    0.003156    0.047477    0.060491    0.467682 ^ _0880_/Y (sg13g2_a21oi_1)
                                                         _0359_ (net)
                      0.047477    0.000124    0.467806 ^ _0883_/A (sg13g2_nor2_1)
     1    0.002289    0.018276    0.038251    0.506056 v _0883_/Y (sg13g2_nor2_1)
                                                         _0071_ (net)
                      0.018276    0.000157    0.506213 v _1072_/D (sg13g2_dfrbpq_1)
                                              0.506213   data arrival time

                                  0.000000    0.000000   clock clk_i (rise edge)
                                  0.000000    0.000000   clock source latency
     1    0.034735    0.000000    0.000000    0.000000 ^ clk_i (in)
                                                         clk_i (net)
                      0.005104    0.002552    0.002552 ^ clkbuf_0_clk_i/A (sg13g2_buf_16)
    16    0.202468    0.063847    0.079427    0.081979 ^ clkbuf_0_clk_i/X (sg13g2_buf_16)
                                                         clknet_0_clk_i (net)
                      0.069232    0.014193    0.096172 ^ clkbuf_4_7_0_clk_i/A (sg13g2_buf_8)
     7    0.036728    0.032540    0.093525    0.189698 ^ clkbuf_4_7_0_clk_i/X (sg13g2_buf_8)
                                                         clknet_4_7_0_clk_i (net)
                      0.032713    0.001861    0.191558 ^ _1072_/CLK (sg13g2_dfrbpq_1)
                                  0.100000    0.291558   clock uncertainty
                                 -0.008852    0.282706   clock reconvergence pessimism
                                 -0.031185    0.251521   library hold time
                                              0.251521   data required time
---------------------------------------------------------------------------------------------
                                              0.251521   data required time
                                             -0.506213   data arrival time
---------------------------------------------------------------------------------------------
                                              0.254692   slack (MET)


Startpoint: _1047_ (rising edge-triggered flip-flop clocked by clk_i)
Endpoint: _1047_ (rising edge-triggered flip-flop clocked by clk_i)
Path Group: clk_i
Path Type: min

Fanout         Cap        Slew       Delay        Time   Description
---------------------------------------------------------------------------------------------
                                  0.000000    0.000000   clock clk_i (rise edge)
                                  0.000000    0.000000   clock source latency
     1    0.032062    0.000000    0.000000    0.000000 ^ clk_i (in)
                                                         clk_i (net)
                      0.004516    0.002258    0.002258 ^ clkbuf_0_clk_i/A (sg13g2_buf_16)
    16    0.181972    0.058543    0.076554    0.078812 ^ clkbuf_0_clk_i/X (sg13g2_buf_16)
                                                         clknet_0_clk_i (net)
                      0.062973    0.012347    0.091159 ^ clkbuf_4_1_0_clk_i/A (sg13g2_buf_8)
     7    0.030513    0.029719    0.088663    0.179822 ^ clkbuf_4_1_0_clk_i/X (sg13g2_buf_8)
                                                         clknet_4_1_0_clk_i (net)
                      0.029739    0.001317    0.181139 ^ _1047_/CLK (sg13g2_dfrbpq_1)
     3    0.027512    0.090047    0.221786    0.402925 v _1047_/Q (sg13g2_dfrbpq_1)
                                                         net119 (net)
                      0.090067    0.001330    0.404255 v _0777_/B1 (sg13g2_a21oi_1)
     1    0.002980    0.046448    0.059382    0.463637 ^ _0777_/Y (sg13g2_a21oi_1)
                                                         _0281_ (net)
                      0.046449    0.000118    0.463755 ^ _0780_/A (sg13g2_nor2_1)
     1    0.002877    0.022453    0.039425    0.503181 v _0780_/Y (sg13g2_nor2_1)
                                                         _0046_ (net)
                      0.022454    0.000176    0.503357 v _1047_/D (sg13g2_dfrbpq_1)
                                              0.503357   data arrival time

                                  0.000000    0.000000   clock clk_i (rise edge)
                                  0.000000    0.000000   clock source latency
     1    0.034735    0.000000    0.000000    0.000000 ^ clk_i (in)
                                                         clk_i (net)
                      0.005104    0.002552    0.002552 ^ clkbuf_0_clk_i/A (sg13g2_buf_16)
    16    0.202468    0.063847    0.079427    0.081979 ^ clkbuf_0_clk_i/X (sg13g2_buf_16)
                                                         clknet_0_clk_i (net)
                      0.068873    0.013723    0.095702 ^ clkbuf_4_1_0_clk_i/A (sg13g2_buf_8)
     7    0.033887    0.031432    0.092801    0.188503 ^ clkbuf_4_1_0_clk_i/X (sg13g2_buf_8)
                                                         clknet_4_1_0_clk_i (net)
                      0.031457    0.001464    0.189967 ^ _1047_/CLK (sg13g2_dfrbpq_1)
                                  0.100000    0.289967   clock uncertainty
                                 -0.008828    0.281139   clock reconvergence pessimism
                                 -0.032772    0.248367   library hold time
                                              0.248367   data required time
---------------------------------------------------------------------------------------------
                                              0.248367   data required time
                                             -0.503357   data arrival time
---------------------------------------------------------------------------------------------
                                              0.254989   slack (MET)


Startpoint: _1059_ (rising edge-triggered flip-flop clocked by clk_i)
Endpoint: _1059_ (rising edge-triggered flip-flop clocked by clk_i)
Path Group: clk_i
Path Type: min

Fanout         Cap        Slew       Delay        Time   Description
---------------------------------------------------------------------------------------------
                                  0.000000    0.000000   clock clk_i (rise edge)
                                  0.000000    0.000000   clock source latency
     1    0.032062    0.000000    0.000000    0.000000 ^ clk_i (in)
                                                         clk_i (net)
                      0.004516    0.002258    0.002258 ^ clkbuf_0_clk_i/A (sg13g2_buf_16)
    16    0.181972    0.058543    0.076554    0.078812 ^ clkbuf_0_clk_i/X (sg13g2_buf_16)
                                                         clknet_0_clk_i (net)
                      0.062114    0.011113    0.089924 ^ clkbuf_4_3_0_clk_i/A (sg13g2_buf_8)
     7    0.032384    0.030496    0.089004    0.178929 ^ clkbuf_4_3_0_clk_i/X (sg13g2_buf_8)
                                                         clknet_4_3_0_clk_i (net)
                      0.030505    0.000758    0.179686 ^ _1059_/CLK (sg13g2_dfrbpq_1)
     3    0.024694    0.082029    0.215867    0.395554 v _1059_/Q (sg13g2_dfrbpq_1)
                                                         net115 (net)
                      0.082063    0.001605    0.397159 v _0826_/B1 (sg13g2_a21oi_1)
     1    0.003968    0.049815    0.061822    0.458980 ^ _0826_/Y (sg13g2_a21oi_1)
                                                         _0318_ (net)
                      0.049815    0.000157    0.459138 ^ _0829_/A (sg13g2_nor2_1)
     1    0.003655    0.023897    0.042695    0.501833 v _0829_/Y (sg13g2_nor2_1)
                                                         _0058_ (net)
                      0.023898    0.000202    0.502035 v _1059_/D (sg13g2_dfrbpq_1)
                                              0.502035   data arrival time

                                  0.000000    0.000000   clock clk_i (rise edge)
                                  0.000000    0.000000   clock source latency
     1    0.034735    0.000000    0.000000    0.000000 ^ clk_i (in)
                                                         clk_i (net)
                      0.005104    0.002552    0.002552 ^ clkbuf_0_clk_i/A (sg13g2_buf_16)
    16    0.202468    0.063847    0.079427    0.081979 ^ clkbuf_0_clk_i/X (sg13g2_buf_16)
                                                         clknet_0_clk_i (net)
                      0.067895    0.012363    0.094342 ^ clkbuf_4_3_0_clk_i/A (sg13g2_buf_8)
     7    0.035758    0.032202    0.093087    0.187429 ^ clkbuf_4_3_0_clk_i/X (sg13g2_buf_8)
                                                         clknet_4_3_0_clk_i (net)
                      0.032214    0.000837    0.188267 ^ _1059_/CLK (sg13g2_dfrbpq_1)
                                  0.100000    0.288267   clock uncertainty
                                 -0.008580    0.279686   clock reconvergence pessimism
                                 -0.033072    0.246614   library hold time
                                              0.246614   data required time
---------------------------------------------------------------------------------------------
                                              0.246614   data required time
                                             -0.502035   data arrival time
---------------------------------------------------------------------------------------------
                                              0.255420   slack (MET)


Startpoint: _1068_ (rising edge-triggered flip-flop clocked by clk_i)
Endpoint: _1068_ (rising edge-triggered flip-flop clocked by clk_i)
Path Group: clk_i
Path Type: min

Fanout         Cap        Slew       Delay        Time   Description
---------------------------------------------------------------------------------------------
                                  0.000000    0.000000   clock clk_i (rise edge)
                                  0.000000    0.000000   clock source latency
     1    0.032062    0.000000    0.000000    0.000000 ^ clk_i (in)
                                                         clk_i (net)
                      0.004516    0.002258    0.002258 ^ clkbuf_0_clk_i/A (sg13g2_buf_16)
    16    0.181972    0.058543    0.076554    0.078812 ^ clkbuf_0_clk_i/X (sg13g2_buf_16)
                                                         clknet_0_clk_i (net)
                      0.062114    0.011113    0.089924 ^ clkbuf_4_3_0_clk_i/A (sg13g2_buf_8)
     7    0.032384    0.030496    0.089004    0.178929 ^ clkbuf_4_3_0_clk_i/X (sg13g2_buf_8)
                                                         clknet_4_3_0_clk_i (net)
                      0.030501    0.000419    0.179348 ^ _1068_/CLK (sg13g2_dfrbpq_1)
     3    0.027776    0.090833    0.222777    0.402124 v _1068_/Q (sg13g2_dfrbpq_1)
                                                         net139 (net)
                      0.090851    0.001320    0.403444 v _0863_/B1 (sg13g2_a21oi_1)
     1    0.003308    0.048249    0.061247    0.464691 ^ _0863_/Y (sg13g2_a21oi_1)
                                                         _0346_ (net)
                      0.048249    0.000243    0.464934 ^ _0866_/A (sg13g2_nor2_1)
     1    0.002046    0.020237    0.037895    0.502829 v _0866_/Y (sg13g2_nor2_1)
                                                         _0067_ (net)
                      0.020237    0.000077    0.502906 v _1068_/D (sg13g2_dfrbpq_1)
                                              0.502906   data arrival time

                                  0.000000    0.000000   clock clk_i (rise edge)
                                  0.000000    0.000000   clock source latency
     1    0.034735    0.000000    0.000000    0.000000 ^ clk_i (in)
                                                         clk_i (net)
                      0.005104    0.002552    0.002552 ^ clkbuf_0_clk_i/A (sg13g2_buf_16)
    16    0.202468    0.063847    0.079427    0.081979 ^ clkbuf_0_clk_i/X (sg13g2_buf_16)
                                                         clknet_0_clk_i (net)
                      0.067895    0.012363    0.094342 ^ clkbuf_4_3_0_clk_i/A (sg13g2_buf_8)
     7    0.035758    0.032202    0.093087    0.187429 ^ clkbuf_4_3_0_clk_i/X (sg13g2_buf_8)
                                                         clknet_4_3_0_clk_i (net)
                      0.032209    0.000459    0.187888 ^ _1068_/CLK (sg13g2_dfrbpq_1)
                                  0.100000    0.287888   clock uncertainty
                                 -0.008541    0.279348   clock reconvergence pessimism
                                 -0.031912    0.247435   library hold time
                                              0.247435   data required time
---------------------------------------------------------------------------------------------
                                              0.247435   data required time
                                             -0.502906   data arrival time
---------------------------------------------------------------------------------------------
                                              0.255470   slack (MET)


Startpoint: _1057_ (rising edge-triggered flip-flop clocked by clk_i)
Endpoint: _1057_ (rising edge-triggered flip-flop clocked by clk_i)
Path Group: clk_i
Path Type: min

Fanout         Cap        Slew       Delay        Time   Description
---------------------------------------------------------------------------------------------
                                  0.000000    0.000000   clock clk_i (rise edge)
                                  0.000000    0.000000   clock source latency
     1    0.032062    0.000000    0.000000    0.000000 ^ clk_i (in)
                                                         clk_i (net)
                      0.004516    0.002258    0.002258 ^ clkbuf_0_clk_i/A (sg13g2_buf_16)
    16    0.181972    0.058543    0.076554    0.078812 ^ clkbuf_0_clk_i/X (sg13g2_buf_16)
                                                         clknet_0_clk_i (net)
                      0.061702    0.010475    0.089287 ^ clkbuf_4_8_0_clk_i/A (sg13g2_buf_8)
     7    0.032346    0.030358    0.088271    0.177557 ^ clkbuf_4_8_0_clk_i/X (sg13g2_buf_8)
                                                         clknet_4_8_0_clk_i (net)
                      0.030635    0.002825    0.180382 ^ _1057_/CLK (sg13g2_dfrbpq_1)
     3    0.026453    0.086860    0.220110    0.400491 v _1057_/Q (sg13g2_dfrbpq_1)
                                                         net113 (net)
                      0.086905    0.001832    0.402323 v _0818_/B1 (sg13g2_a21oi_1)
     1    0.004168    0.051777    0.064321    0.466644 ^ _0818_/Y (sg13g2_a21oi_1)
                                                         _0312_ (net)
                      0.051778    0.000285    0.466929 ^ _0821_/A (sg13g2_nor2_1)
     1    0.001652    0.018223    0.038071    0.505000 v _0821_/Y (sg13g2_nor2_1)
                                                         _0056_ (net)
                      0.018223    0.000063    0.505063 v _1057_/D (sg13g2_dfrbpq_1)
                                              0.505063   data arrival time

                                  0.000000    0.000000   clock clk_i (rise edge)
                                  0.000000    0.000000   clock source latency
     1    0.034735    0.000000    0.000000    0.000000 ^ clk_i (in)
                                                         clk_i (net)
                      0.005104    0.002552    0.002552 ^ clkbuf_0_clk_i/A (sg13g2_buf_16)
    16    0.202468    0.063847    0.079427    0.081979 ^ clkbuf_0_clk_i/X (sg13g2_buf_16)
                                                         clknet_0_clk_i (net)
                      0.067427    0.011661    0.093640 ^ clkbuf_4_8_0_clk_i/A (sg13g2_buf_8)
     7    0.035478    0.031922    0.092155    0.185795 ^ clkbuf_4_8_0_clk_i/X (sg13g2_buf_8)
                                                         clknet_4_8_0_clk_i (net)
                      0.032341    0.003108    0.188903 ^ _1057_/CLK (sg13g2_dfrbpq_1)
                                  0.100000    0.288903   clock uncertainty
                                 -0.008521    0.280382   clock reconvergence pessimism
                                 -0.031246    0.249136   library hold time
                                              0.249136   data required time
---------------------------------------------------------------------------------------------
                                              0.249136   data required time
                                             -0.505063   data arrival time
---------------------------------------------------------------------------------------------
                                              0.255927   slack (MET)


Startpoint: _1024_ (rising edge-triggered flip-flop clocked by clk_i)
Endpoint: _1024_ (rising edge-triggered flip-flop clocked by clk_i)
Path Group: clk_i
Path Type: min

Fanout         Cap        Slew       Delay        Time   Description
---------------------------------------------------------------------------------------------
                                  0.000000    0.000000   clock clk_i (rise edge)
                                  0.000000    0.000000   clock source latency
     1    0.032062    0.000000    0.000000    0.000000 ^ clk_i (in)
                                                         clk_i (net)
                      0.004516    0.002258    0.002258 ^ clkbuf_0_clk_i/A (sg13g2_buf_16)
    16    0.181972    0.058543    0.076554    0.078812 ^ clkbuf_0_clk_i/X (sg13g2_buf_16)
                                                         clknet_0_clk_i (net)
                      0.065152    0.015089    0.093901 ^ clkbuf_4_14_0_clk_i/A (sg13g2_buf_8)
     7    0.033965    0.031209    0.090570    0.184471 ^ clkbuf_4_14_0_clk_i/X (sg13g2_buf_8)
                                                         clknet_4_14_0_clk_i (net)
                      0.031340    0.002026    0.186497 ^ _1024_/CLK (sg13g2_dfrbpq_1)
     2    0.013129    0.048683    0.189526    0.376023 v _1024_/Q (sg13g2_dfrbpq_1)
                                                         net159 (net)
                      0.048695    0.000736    0.376760 v _0688_/A1 (sg13g2_o21ai_1)
     1    0.004596    0.051035    0.103170    0.479930 ^ _0688_/Y (sg13g2_o21ai_1)
                                                         _0215_ (net)
                      0.051035    0.000306    0.480236 ^ _0689_/B1 (sg13g2_a21oi_1)
     1    0.001822    0.019987    0.032897    0.513133 v _0689_/Y (sg13g2_a21oi_1)
                                                         _0023_ (net)
                      0.019987    0.000137    0.513270 v _1024_/D (sg13g2_dfrbpq_1)
                                              0.513270   data arrival time

                                  0.000000    0.000000   clock clk_i (rise edge)
                                  0.000000    0.000000   clock source latency
     1    0.034735    0.000000    0.000000    0.000000 ^ clk_i (in)
                                                         clk_i (net)
                      0.005104    0.002552    0.002552 ^ clkbuf_0_clk_i/A (sg13g2_buf_16)
    16    0.202468    0.063847    0.079427    0.081979 ^ clkbuf_0_clk_i/X (sg13g2_buf_16)
                                                         clknet_0_clk_i (net)
                      0.071380    0.016773    0.098752 ^ clkbuf_4_14_0_clk_i/A (sg13g2_buf_8)
     7    0.037339    0.032901    0.094817    0.193569 ^ clkbuf_4_14_0_clk_i/X (sg13g2_buf_8)
                                                         clknet_4_14_0_clk_i (net)
                      0.033125    0.002207    0.195776 ^ _1024_/CLK (sg13g2_dfrbpq_1)
                                  0.100000    0.295776   clock uncertainty
                                 -0.009279    0.286497   clock reconvergence pessimism
                                 -0.031642    0.254856   library hold time
                                              0.254856   data required time
---------------------------------------------------------------------------------------------
                                              0.254856   data required time
                                             -0.513270   data arrival time
---------------------------------------------------------------------------------------------
                                              0.258415   slack (MET)


Startpoint: _1021_ (rising edge-triggered flip-flop clocked by clk_i)
Endpoint: _1021_ (rising edge-triggered flip-flop clocked by clk_i)
Path Group: clk_i
Path Type: min

Fanout         Cap        Slew       Delay        Time   Description
---------------------------------------------------------------------------------------------
                                  0.000000    0.000000   clock clk_i (rise edge)
                                  0.000000    0.000000   clock source latency
     1    0.032062    0.000000    0.000000    0.000000 ^ clk_i (in)
                                                         clk_i (net)
                      0.004516    0.002258    0.002258 ^ clkbuf_0_clk_i/A (sg13g2_buf_16)
    16    0.181972    0.058543    0.076554    0.078812 ^ clkbuf_0_clk_i/X (sg13g2_buf_16)
                                                         clknet_0_clk_i (net)
                      0.063799    0.013441    0.092253 ^ clkbuf_4_12_0_clk_i/A (sg13g2_buf_8)
     7    0.033059    0.030856    0.090054    0.182307 ^ clkbuf_4_12_0_clk_i/X (sg13g2_buf_8)
                                                         clknet_4_12_0_clk_i (net)
                      0.030876    0.001249    0.183556 ^ _1021_/CLK (sg13g2_dfrbpq_1)
     2    0.011568    0.043908    0.185572    0.369127 v _1021_/Q (sg13g2_dfrbpq_1)
                                                         net155 (net)
                      0.043919    0.000672    0.369799 v _0676_/A1 (sg13g2_o21ai_1)
     1    0.004744    0.052851    0.102435    0.472234 ^ _0676_/Y (sg13g2_o21ai_1)
                                                         _0206_ (net)
                      0.052852    0.000308    0.472543 ^ _0677_/B1 (sg13g2_a21oi_1)
     1    0.003088    0.023654    0.036952    0.509495 v _0677_/Y (sg13g2_a21oi_1)
                                                         _0020_ (net)
                      0.023655    0.000194    0.509689 v _1021_/D (sg13g2_dfrbpq_1)
                                              0.509689   data arrival time

                                  0.000000    0.000000   clock clk_i (rise edge)
                                  0.000000    0.000000   clock source latency
     1    0.034735    0.000000    0.000000    0.000000 ^ clk_i (in)
                                                         clk_i (net)
                      0.005104    0.002552    0.002552 ^ clkbuf_0_clk_i/A (sg13g2_buf_16)
    16    0.202468    0.063847    0.079427    0.081979 ^ clkbuf_0_clk_i/X (sg13g2_buf_16)
                                                         clknet_0_clk_i (net)
                      0.069815    0.014930    0.096909 ^ clkbuf_4_12_0_clk_i/A (sg13g2_buf_8)
     7    0.036191    0.032466    0.094163    0.191072 ^ clkbuf_4_12_0_clk_i/X (sg13g2_buf_8)
                                                         clknet_4_12_0_clk_i (net)
                      0.032497    0.001365    0.192437 ^ _1021_/CLK (sg13g2_dfrbpq_1)
                                  0.100000    0.292437   clock uncertainty
                                 -0.008881    0.283556   clock reconvergence pessimism
                                 -0.032936    0.250620   library hold time
                                              0.250620   data required time
---------------------------------------------------------------------------------------------
                                              0.250620   data required time
                                             -0.509689   data arrival time
---------------------------------------------------------------------------------------------
                                              0.259069   slack (MET)


Startpoint: _1048_ (rising edge-triggered flip-flop clocked by clk_i)
Endpoint: _1048_ (rising edge-triggered flip-flop clocked by clk_i)
Path Group: clk_i
Path Type: min

Fanout         Cap        Slew       Delay        Time   Description
---------------------------------------------------------------------------------------------
                                  0.000000    0.000000   clock clk_i (rise edge)
                                  0.000000    0.000000   clock source latency
     1    0.032062    0.000000    0.000000    0.000000 ^ clk_i (in)
                                                         clk_i (net)
                      0.004516    0.002258    0.002258 ^ clkbuf_0_clk_i/A (sg13g2_buf_16)
    16    0.181972    0.058543    0.076554    0.078812 ^ clkbuf_0_clk_i/X (sg13g2_buf_16)
                                                         clknet_0_clk_i (net)
                      0.063004    0.012390    0.091201 ^ clkbuf_4_4_0_clk_i/A (sg13g2_buf_8)
     7    0.038534    0.033144    0.091540    0.182741 ^ clkbuf_4_4_0_clk_i/X (sg13g2_buf_8)
                                                         clknet_4_4_0_clk_i (net)
                      0.033502    0.003003    0.185743 ^ _1048_/CLK (sg13g2_dfrbpq_1)
     3    0.026130    0.085878    0.220808    0.406551 v _1048_/Q (sg13g2_dfrbpq_1)
                                                         net120 (net)
                      0.085897    0.001268    0.407819 v _0781_/B1 (sg13g2_a21oi_1)
     1    0.004109    0.051282    0.063736    0.471556 ^ _0781_/Y (sg13g2_a21oi_1)
                                                         _0284_ (net)
                      0.051282    0.000163    0.471719 ^ _0784_/A (sg13g2_nor2_1)
     1    0.003000    0.022785    0.041490    0.513209 v _0784_/Y (sg13g2_nor2_1)
                                                         _0047_ (net)
                      0.022785    0.000178    0.513388 v _1048_/D (sg13g2_dfrbpq_1)
                                              0.513388   data arrival time

                                  0.000000    0.000000   clock clk_i (rise edge)
                                  0.000000    0.000000   clock source latency
     1    0.034735    0.000000    0.000000    0.000000 ^ clk_i (in)
                                                         clk_i (net)
                      0.005104    0.002552    0.002552 ^ clkbuf_0_clk_i/A (sg13g2_buf_16)
    16    0.202468    0.063847    0.079427    0.081979 ^ clkbuf_0_clk_i/X (sg13g2_buf_16)
                                                         clknet_0_clk_i (net)
                      0.068916    0.013780    0.095760 ^ clkbuf_4_4_0_clk_i/A (sg13g2_buf_8)
     7    0.041666    0.034764    0.095590    0.191349 ^ clkbuf_4_4_0_clk_i/X (sg13g2_buf_8)
                                                         clknet_4_4_0_clk_i (net)
                      0.035204    0.003207    0.194556 ^ _1048_/CLK (sg13g2_dfrbpq_1)
                                  0.100000    0.294556   clock uncertainty
                                 -0.008813    0.285744   clock reconvergence pessimism
                                 -0.032095    0.253648   library hold time
                                              0.253648   data required time
---------------------------------------------------------------------------------------------
                                              0.253648   data required time
                                             -0.513388   data arrival time
---------------------------------------------------------------------------------------------
                                              0.259739   slack (MET)


Startpoint: _1074_ (rising edge-triggered flip-flop clocked by clk_i)
Endpoint: _1074_ (rising edge-triggered flip-flop clocked by clk_i)
Path Group: clk_i
Path Type: min

Fanout         Cap        Slew       Delay        Time   Description
---------------------------------------------------------------------------------------------
                                  0.000000    0.000000   clock clk_i (rise edge)
                                  0.000000    0.000000   clock source latency
     1    0.032062    0.000000    0.000000    0.000000 ^ clk_i (in)
                                                         clk_i (net)
                      0.004516    0.002258    0.002258 ^ clkbuf_0_clk_i/A (sg13g2_buf_16)
    16    0.181972    0.058543    0.076554    0.078812 ^ clkbuf_0_clk_i/X (sg13g2_buf_16)
                                                         clknet_0_clk_i (net)
                      0.063291    0.012777    0.091589 ^ clkbuf_4_7_0_clk_i/A (sg13g2_buf_8)
     7    0.033354    0.030864    0.089437    0.181026 ^ clkbuf_4_7_0_clk_i/X (sg13g2_buf_8)
                                                         clknet_4_7_0_clk_i (net)
                      0.030938    0.001606    0.182632 ^ _1074_/CLK (sg13g2_dfrbpq_1)
     3    0.028338    0.093036    0.224099    0.406731 v _1074_/Q (sg13g2_dfrbpq_1)
                                                         net99 (net)
                      0.093060    0.001466    0.408197 v _0888_/B1 (sg13g2_a21oi_1)
     1    0.003342    0.048865    0.062129    0.470326 ^ _0888_/Y (sg13g2_a21oi_1)
                                                         _0365_ (net)
                      0.048865    0.000132    0.470457 ^ _0891_/A (sg13g2_nor2_1)
     1    0.002990    0.020018    0.040592    0.511050 v _0891_/Y (sg13g2_nor2_1)
                                                         _0073_ (net)
                      0.020019    0.000176    0.511225 v _1074_/D (sg13g2_dfrbpq_1)
                                              0.511225   data arrival time

                                  0.000000    0.000000   clock clk_i (rise edge)
                                  0.000000    0.000000   clock source latency
     1    0.034735    0.000000    0.000000    0.000000 ^ clk_i (in)
                                                         clk_i (net)
                      0.005104    0.002552    0.002552 ^ clkbuf_0_clk_i/A (sg13g2_buf_16)
    16    0.202468    0.063847    0.079427    0.081979 ^ clkbuf_0_clk_i/X (sg13g2_buf_16)
                                                         clknet_0_clk_i (net)
                      0.069232    0.014193    0.096172 ^ clkbuf_4_7_0_clk_i/A (sg13g2_buf_8)
     7    0.036728    0.032540    0.093525    0.189698 ^ clkbuf_4_7_0_clk_i/X (sg13g2_buf_8)
                                                         clknet_4_7_0_clk_i (net)
                      0.032699    0.001776    0.191473 ^ _1074_/CLK (sg13g2_dfrbpq_1)
                                  0.100000    0.291473   clock uncertainty
                                 -0.008841    0.282632   clock reconvergence pessimism
                                 -0.031741    0.250891   library hold time
                                              0.250891   data required time
---------------------------------------------------------------------------------------------
                                              0.250891   data required time
                                             -0.511225   data arrival time
---------------------------------------------------------------------------------------------
                                              0.260334   slack (MET)


Startpoint: _1091_ (rising edge-triggered flip-flop clocked by clk_i)
Endpoint: _1091_ (rising edge-triggered flip-flop clocked by clk_i)
Path Group: clk_i
Path Type: min

Fanout         Cap        Slew       Delay        Time   Description
---------------------------------------------------------------------------------------------
                                  0.000000    0.000000   clock clk_i (rise edge)
                                  0.000000    0.000000   clock source latency
     1    0.032062    0.000000    0.000000    0.000000 ^ clk_i (in)
                                                         clk_i (net)
                      0.004516    0.002258    0.002258 ^ clkbuf_0_clk_i/A (sg13g2_buf_16)
    16    0.181972    0.058543    0.076554    0.078812 ^ clkbuf_0_clk_i/X (sg13g2_buf_16)
                                                         clknet_0_clk_i (net)
                      0.061702    0.010475    0.089287 ^ clkbuf_4_8_0_clk_i/A (sg13g2_buf_8)
     7    0.032346    0.030358    0.088271    0.177557 ^ clkbuf_4_8_0_clk_i/X (sg13g2_buf_8)
                                                         clknet_4_8_0_clk_i (net)
                      0.030414    0.001487    0.179044 ^ _1091_/CLK (sg13g2_dfrbpq_1)
     3    0.029042    0.095177    0.225344    0.404388 v _1091_/Q (sg13g2_dfrbpq_1)
                                                         net83 (net)
                      0.095198    0.001393    0.405781 v _0958_/B1 (sg13g2_a21oi_1)
     1    0.003324    0.049209    0.062675    0.468455 ^ _0958_/Y (sg13g2_a21oi_1)
                                                         _0418_ (net)
                      0.049209    0.000242    0.468697 ^ _0961_/A (sg13g2_nor2_1)
     1    0.002775    0.021946    0.040156    0.508853 v _0961_/Y (sg13g2_nor2_1)
                                                         _0090_ (net)
                      0.021946    0.000103    0.508956 v _1091_/D (sg13g2_dfrbpq_1)
                                              0.508956   data arrival time

                                  0.000000    0.000000   clock clk_i (rise edge)
                                  0.000000    0.000000   clock source latency
     1    0.034735    0.000000    0.000000    0.000000 ^ clk_i (in)
                                                         clk_i (net)
                      0.005104    0.002552    0.002552 ^ clkbuf_0_clk_i/A (sg13g2_buf_16)
    16    0.202468    0.063847    0.079427    0.081979 ^ clkbuf_0_clk_i/X (sg13g2_buf_16)
                                                         clknet_0_clk_i (net)
                      0.067427    0.011661    0.093640 ^ clkbuf_4_8_0_clk_i/A (sg13g2_buf_8)
     7    0.035478    0.031922    0.092155    0.185795 ^ clkbuf_4_8_0_clk_i/X (sg13g2_buf_8)
                                                         clknet_4_8_0_clk_i (net)
                      0.032051    0.001631    0.187426 ^ _1091_/CLK (sg13g2_dfrbpq_1)
                                  0.100000    0.287426   clock uncertainty
                                 -0.008382    0.279044   clock reconvergence pessimism
                                 -0.032487    0.246557   library hold time
                                              0.246557   data required time
---------------------------------------------------------------------------------------------
                                              0.246557   data required time
                                             -0.508956   data arrival time
---------------------------------------------------------------------------------------------
                                              0.262400   slack (MET)


Startpoint: _1066_ (rising edge-triggered flip-flop clocked by clk_i)
Endpoint: _1066_ (rising edge-triggered flip-flop clocked by clk_i)
Path Group: clk_i
Path Type: min

Fanout         Cap        Slew       Delay        Time   Description
---------------------------------------------------------------------------------------------
                                  0.000000    0.000000   clock clk_i (rise edge)
                                  0.000000    0.000000   clock source latency
     1    0.032062    0.000000    0.000000    0.000000 ^ clk_i (in)
                                                         clk_i (net)
                      0.004516    0.002258    0.002258 ^ clkbuf_0_clk_i/A (sg13g2_buf_16)
    16    0.181972    0.058543    0.076554    0.078812 ^ clkbuf_0_clk_i/X (sg13g2_buf_16)
                                                         clknet_0_clk_i (net)
                      0.063259    0.012734    0.091546 ^ clkbuf_4_0_0_clk_i/A (sg13g2_buf_8)
     7    0.039163    0.033476    0.092118    0.183664 ^ clkbuf_4_0_0_clk_i/X (sg13g2_buf_8)
                                                         clknet_4_0_0_clk_i (net)
                      0.033526    0.001330    0.184994 ^ _1066_/CLK (sg13g2_dfrbpq_1)
     3    0.029350    0.096291    0.226841    0.411835 v _1066_/Q (sg13g2_dfrbpq_1)
                                                         net137 (net)
                      0.096329    0.001879    0.413714 v _0855_/B1 (sg13g2_a21oi_1)
     1    0.003072    0.048190    0.061767    0.475481 ^ _0855_/Y (sg13g2_a21oi_1)
                                                         _0340_ (net)
                      0.048190    0.000122    0.475604 ^ _0858_/A (sg13g2_nor2_1)
     1    0.003040    0.022908    0.040479    0.516083 v _0858_/Y (sg13g2_nor2_1)
                                                         _0065_ (net)
                      0.022908    0.000179    0.516262 v _1066_/D (sg13g2_dfrbpq_1)
                                              0.516262   data arrival time

                                  0.000000    0.000000   clock clk_i (rise edge)
                                  0.000000    0.000000   clock source latency
     1    0.034735    0.000000    0.000000    0.000000 ^ clk_i (in)
                                                         clk_i (net)
                      0.005104    0.002552    0.002552 ^ clkbuf_0_clk_i/A (sg13g2_buf_16)
    16    0.202468    0.063847    0.079427    0.081979 ^ clkbuf_0_clk_i/X (sg13g2_buf_16)
                                                         clknet_0_clk_i (net)
                      0.069208    0.014162    0.096142 ^ clkbuf_4_0_0_clk_i/A (sg13g2_buf_8)
     7    0.042295    0.035074    0.096195    0.192337 ^ clkbuf_4_0_0_clk_i/X (sg13g2_buf_8)
                                                         clknet_4_0_0_clk_i (net)
                      0.035183    0.001449    0.193785 ^ _1066_/CLK (sg13g2_dfrbpq_1)
                                  0.100000    0.293785   clock uncertainty
                                 -0.008791    0.284994   clock reconvergence pessimism
                                 -0.032139    0.252855   library hold time
                                              0.252855   data required time
---------------------------------------------------------------------------------------------
                                              0.252855   data required time
                                             -0.516262   data arrival time
---------------------------------------------------------------------------------------------
                                              0.263406   slack (MET)


Startpoint: _1062_ (rising edge-triggered flip-flop clocked by clk_i)
Endpoint: _1062_ (rising edge-triggered flip-flop clocked by clk_i)
Path Group: clk_i
Path Type: min

Fanout         Cap        Slew       Delay        Time   Description
---------------------------------------------------------------------------------------------
                                  0.000000    0.000000   clock clk_i (rise edge)
                                  0.000000    0.000000   clock source latency
     1    0.032062    0.000000    0.000000    0.000000 ^ clk_i (in)
                                                         clk_i (net)
                      0.004516    0.002258    0.002258 ^ clkbuf_0_clk_i/A (sg13g2_buf_16)
    16    0.181972    0.058543    0.076554    0.078812 ^ clkbuf_0_clk_i/X (sg13g2_buf_16)
                                                         clknet_0_clk_i (net)
                      0.062373    0.011497    0.090308 ^ clkbuf_4_2_0_clk_i/A (sg13g2_buf_8)
     7    0.031935    0.030297    0.088842    0.179150 ^ clkbuf_4_2_0_clk_i/X (sg13g2_buf_8)
                                                         clknet_4_2_0_clk_i (net)
                      0.030322    0.001460    0.180610 ^ _1062_/CLK (sg13g2_dfrbpq_1)
     3    0.028769    0.094501    0.224144    0.404755 v _1062_/Q (sg13g2_dfrbpq_1)
                                                         net121 (net)
                      0.094516    0.001310    0.406064 v _0839_/B1 (sg13g2_a21oi_1)
     1    0.003874    0.051810    0.065254    0.471319 ^ _0839_/Y (sg13g2_a21oi_1)
                                                         _0328_ (net)
                      0.051810    0.000265    0.471583 ^ _0842_/A (sg13g2_nor2_1)
     1    0.002809    0.021270    0.041171    0.512755 v _0842_/Y (sg13g2_nor2_1)
                                                         _0061_ (net)
                      0.021270    0.000168    0.512923 v _1062_/D (sg13g2_dfrbpq_1)
                                              0.512923   data arrival time

                                  0.000000    0.000000   clock clk_i (rise edge)
                                  0.000000    0.000000   clock source latency
     1    0.034735    0.000000    0.000000    0.000000 ^ clk_i (in)
                                                         clk_i (net)
                      0.005104    0.002552    0.002552 ^ clkbuf_0_clk_i/A (sg13g2_buf_16)
    16    0.202468    0.063847    0.079427    0.081979 ^ clkbuf_0_clk_i/X (sg13g2_buf_16)
                                                         clknet_0_clk_i (net)
                      0.068199    0.012799    0.094778 ^ clkbuf_4_2_0_clk_i/A (sg13g2_buf_8)
     7    0.035067    0.031897    0.092843    0.187621 ^ clkbuf_4_2_0_clk_i/X (sg13g2_buf_8)
                                                         clknet_4_2_0_clk_i (net)
                      0.031968    0.001609    0.189229 ^ _1062_/CLK (sg13g2_dfrbpq_1)
                                  0.100000    0.289229   clock uncertainty
                                 -0.008619    0.280610   clock reconvergence pessimism
                                 -0.032290    0.248320   library hold time
                                              0.248320   data required time
---------------------------------------------------------------------------------------------
                                              0.248320   data required time
                                             -0.512923   data arrival time
---------------------------------------------------------------------------------------------
                                              0.264602   slack (MET)


Startpoint: _1051_ (rising edge-triggered flip-flop clocked by clk_i)
Endpoint: _1051_ (rising edge-triggered flip-flop clocked by clk_i)
Path Group: clk_i
Path Type: min

Fanout         Cap        Slew       Delay        Time   Description
---------------------------------------------------------------------------------------------
                                  0.000000    0.000000   clock clk_i (rise edge)
                                  0.000000    0.000000   clock source latency
     1    0.032062    0.000000    0.000000    0.000000 ^ clk_i (in)
                                                         clk_i (net)
                      0.004516    0.002258    0.002258 ^ clkbuf_0_clk_i/A (sg13g2_buf_16)
    16    0.181972    0.058543    0.076554    0.078812 ^ clkbuf_0_clk_i/X (sg13g2_buf_16)
                                                         clknet_0_clk_i (net)
                      0.063004    0.012390    0.091201 ^ clkbuf_4_4_0_clk_i/A (sg13g2_buf_8)
     7    0.038534    0.033144    0.091540    0.182741 ^ clkbuf_4_4_0_clk_i/X (sg13g2_buf_8)
                                                         clknet_4_4_0_clk_i (net)
                      0.033172    0.000641    0.183382 ^ _1051_/CLK (sg13g2_dfrbpq_1)
     3    0.028705    0.093948    0.226947    0.410328 v _1051_/Q (sg13g2_dfrbpq_1)
                                                         net124 (net)
                      0.093954    0.000816    0.411145 v _0793_/B1 (sg13g2_a21oi_1)
     1    0.003699    0.050827    0.064181    0.475325 ^ _0793_/Y (sg13g2_a21oi_1)
                                                         _0293_ (net)
                      0.050828    0.000272    0.475597 ^ _0796_/A (sg13g2_nor2_1)
     1    0.002995    0.021578    0.041308    0.516905 v _0796_/Y (sg13g2_nor2_1)
                                                         _0050_ (net)
                      0.021579    0.000195    0.517100 v _1051_/D (sg13g2_dfrbpq_1)
                                              0.517100   data arrival time

                                  0.000000    0.000000   clock clk_i (rise edge)
                                  0.000000    0.000000   clock source latency
     1    0.034735    0.000000    0.000000    0.000000 ^ clk_i (in)
                                                         clk_i (net)
                      0.005104    0.002552    0.002552 ^ clkbuf_0_clk_i/A (sg13g2_buf_16)
    16    0.202468    0.063847    0.079427    0.081979 ^ clkbuf_0_clk_i/X (sg13g2_buf_16)
                                                         clknet_0_clk_i (net)
                      0.068916    0.013780    0.095760 ^ clkbuf_4_4_0_clk_i/A (sg13g2_buf_8)
     7    0.041666    0.034764    0.095590    0.191349 ^ clkbuf_4_4_0_clk_i/X (sg13g2_buf_8)
                                                         clknet_4_4_0_clk_i (net)
                      0.034811    0.000717    0.192066 ^ _1051_/CLK (sg13g2_dfrbpq_1)
                                  0.100000    0.292066   clock uncertainty
                                 -0.008685    0.283382   clock reconvergence pessimism
                                 -0.031795    0.251587   library hold time
                                              0.251587   data required time
---------------------------------------------------------------------------------------------
                                              0.251587   data required time
                                             -0.517100   data arrival time
---------------------------------------------------------------------------------------------
                                              0.265513   slack (MET)


Startpoint: _1061_ (rising edge-triggered flip-flop clocked by clk_i)
Endpoint: _1061_ (rising edge-triggered flip-flop clocked by clk_i)
Path Group: clk_i
Path Type: min

Fanout         Cap        Slew       Delay        Time   Description
---------------------------------------------------------------------------------------------
                                  0.000000    0.000000   clock clk_i (rise edge)
                                  0.000000    0.000000   clock source latency
     1    0.032062    0.000000    0.000000    0.000000 ^ clk_i (in)
                                                         clk_i (net)
                      0.004516    0.002258    0.002258 ^ clkbuf_0_clk_i/A (sg13g2_buf_16)
    16    0.181972    0.058543    0.076554    0.078812 ^ clkbuf_0_clk_i/X (sg13g2_buf_16)
                                                         clknet_0_clk_i (net)
                      0.062373    0.011497    0.090308 ^ clkbuf_4_2_0_clk_i/A (sg13g2_buf_8)
     7    0.031935    0.030297    0.088842    0.179150 ^ clkbuf_4_2_0_clk_i/X (sg13g2_buf_8)
                                                         clknet_4_2_0_clk_i (net)
                      0.030328    0.001623    0.180773 ^ _1061_/CLK (sg13g2_dfrbpq_1)
     3    0.029579    0.096794    0.226498    0.407271 v _1061_/Q (sg13g2_dfrbpq_1)
                                                         net110 (net)
                      0.096796    0.000648    0.407919 v _0835_/B1 (sg13g2_a21oi_1)
     1    0.004168    0.053707    0.067445    0.475363 ^ _0835_/Y (sg13g2_a21oi_1)
                                                         _0325_ (net)
                      0.053708    0.000275    0.475638 ^ _0838_/A (sg13g2_nor2_1)
     1    0.002622    0.021187    0.041349    0.516986 v _0838_/Y (sg13g2_nor2_1)
                                                         _0060_ (net)
                      0.021187    0.000154    0.517140 v _1061_/D (sg13g2_dfrbpq_1)
                                              0.517140   data arrival time

                                  0.000000    0.000000   clock clk_i (rise edge)
                                  0.000000    0.000000   clock source latency
     1    0.034735    0.000000    0.000000    0.000000 ^ clk_i (in)
                                                         clk_i (net)
                      0.005104    0.002552    0.002552 ^ clkbuf_0_clk_i/A (sg13g2_buf_16)
    16    0.202468    0.063847    0.079427    0.081979 ^ clkbuf_0_clk_i/X (sg13g2_buf_16)
                                                         clknet_0_clk_i (net)
                      0.068199    0.012799    0.094778 ^ clkbuf_4_2_0_clk_i/A (sg13g2_buf_8)
     7    0.035067    0.031897    0.092843    0.187621 ^ clkbuf_4_2_0_clk_i/X (sg13g2_buf_8)
                                                         clknet_4_2_0_clk_i (net)
                      0.031987    0.001785    0.189406 ^ _1061_/CLK (sg13g2_dfrbpq_1)
                                  0.100000    0.289406   clock uncertainty
                                 -0.008633    0.280773   clock reconvergence pessimism
                                 -0.032260    0.248513   library hold time
                                              0.248513   data required time
---------------------------------------------------------------------------------------------
                                              0.248513   data required time
                                             -0.517140   data arrival time
---------------------------------------------------------------------------------------------
                                              0.268627   slack (MET)


Startpoint: _1031_ (rising edge-triggered flip-flop clocked by clk_i)
Endpoint: _1031_ (rising edge-triggered flip-flop clocked by clk_i)
Path Group: clk_i
Path Type: min

Fanout         Cap        Slew       Delay        Time   Description
---------------------------------------------------------------------------------------------
                                  0.000000    0.000000   clock clk_i (rise edge)
                                  0.000000    0.000000   clock source latency
     1    0.032062    0.000000    0.000000    0.000000 ^ clk_i (in)
                                                         clk_i (net)
                      0.004516    0.002258    0.002258 ^ clkbuf_0_clk_i/A (sg13g2_buf_16)
    16    0.181972    0.058543    0.076554    0.078812 ^ clkbuf_0_clk_i/X (sg13g2_buf_16)
                                                         clknet_0_clk_i (net)
                      0.065152    0.015089    0.093901 ^ clkbuf_4_14_0_clk_i/A (sg13g2_buf_8)
     7    0.033965    0.031209    0.090570    0.184471 ^ clkbuf_4_14_0_clk_i/X (sg13g2_buf_8)
                                                         clknet_4_14_0_clk_i (net)
                      0.031603    0.003335    0.187806 ^ _1031_/CLK (sg13g2_dfrbpq_1)
     2    0.014318    0.052246    0.192473    0.380279 v _1031_/Q (sg13g2_dfrbpq_1)
                                                         net166 (net)
                      0.052259    0.000814    0.381093 v _0716_/A1 (sg13g2_o21ai_1)
     1    0.004991    0.045850    0.107289    0.488382 ^ _0716_/Y (sg13g2_o21ai_1)
                                                         _0236_ (net)
                      0.045850    0.000339    0.488721 ^ _0717_/B1 (sg13g2_a21oi_1)
     1    0.003295    0.022866    0.035368    0.524089 v _0717_/Y (sg13g2_a21oi_1)
                                                         _0030_ (net)
                      0.022867    0.000247    0.524336 v _1031_/D (sg13g2_dfrbpq_1)
                                              0.524336   data arrival time

                                  0.000000    0.000000   clock clk_i (rise edge)
                                  0.000000    0.000000   clock source latency
     1    0.034735    0.000000    0.000000    0.000000 ^ clk_i (in)
                                                         clk_i (net)
                      0.005104    0.002552    0.002552 ^ clkbuf_0_clk_i/A (sg13g2_buf_16)
    16    0.202468    0.063847    0.079427    0.081979 ^ clkbuf_0_clk_i/X (sg13g2_buf_16)
                                                         clknet_0_clk_i (net)
                      0.071380    0.016773    0.098752 ^ clkbuf_4_14_0_clk_i/A (sg13g2_buf_8)
     7    0.037339    0.032901    0.094817    0.193569 ^ clkbuf_4_14_0_clk_i/X (sg13g2_buf_8)
                                                         clknet_4_14_0_clk_i (net)
                      0.033449    0.003624    0.197194 ^ _1031_/CLK (sg13g2_dfrbpq_1)
                                  0.100000    0.297194   clock uncertainty
                                 -0.009388    0.287806   clock reconvergence pessimism
                                 -0.032488    0.255318   library hold time
                                              0.255318   data required time
---------------------------------------------------------------------------------------------
                                              0.255318   data required time
                                             -0.524336   data arrival time
---------------------------------------------------------------------------------------------
                                              0.269017   slack (MET)


Startpoint: _1067_ (rising edge-triggered flip-flop clocked by clk_i)
Endpoint: _1067_ (rising edge-triggered flip-flop clocked by clk_i)
Path Group: clk_i
Path Type: min

Fanout         Cap        Slew       Delay        Time   Description
---------------------------------------------------------------------------------------------
                                  0.000000    0.000000   clock clk_i (rise edge)
                                  0.000000    0.000000   clock source latency
     1    0.032062    0.000000    0.000000    0.000000 ^ clk_i (in)
                                                         clk_i (net)
                      0.004516    0.002258    0.002258 ^ clkbuf_0_clk_i/A (sg13g2_buf_16)
    16    0.181972    0.058543    0.076554    0.078812 ^ clkbuf_0_clk_i/X (sg13g2_buf_16)
                                                         clknet_0_clk_i (net)
                      0.063259    0.012734    0.091546 ^ clkbuf_4_0_0_clk_i/A (sg13g2_buf_8)
     7    0.039163    0.033476    0.092118    0.183664 ^ clkbuf_4_0_0_clk_i/X (sg13g2_buf_8)
                                                         clknet_4_0_0_clk_i (net)
                      0.033518    0.001256    0.184920 ^ _1067_/CLK (sg13g2_dfrbpq_1)
     3    0.032598    0.105285    0.235377    0.420297 v _1067_/Q (sg13g2_dfrbpq_1)
                                                         net138 (net)
                      0.105285    0.000247    0.420545 v _0859_/B1 (sg13g2_a21oi_1)
     1    0.003148    0.050023    0.063776    0.484321 ^ _0859_/Y (sg13g2_a21oi_1)
                                                         _0343_ (net)
                      0.050023    0.000125    0.484446 ^ _0862_/A (sg13g2_nor2_1)
     1    0.002224    0.020332    0.038979    0.523425 v _0862_/Y (sg13g2_nor2_1)
                                                         _0066_ (net)
                      0.020332    0.000146    0.523571 v _1067_/D (sg13g2_dfrbpq_1)
                                              0.523571   data arrival time

                                  0.000000    0.000000   clock clk_i (rise edge)
                                  0.000000    0.000000   clock source latency
     1    0.034735    0.000000    0.000000    0.000000 ^ clk_i (in)
                                                         clk_i (net)
                      0.005104    0.002552    0.002552 ^ clkbuf_0_clk_i/A (sg13g2_buf_16)
    16    0.202468    0.063847    0.079427    0.081979 ^ clkbuf_0_clk_i/X (sg13g2_buf_16)
                                                         clknet_0_clk_i (net)
                      0.069208    0.014162    0.096142 ^ clkbuf_4_0_0_clk_i/A (sg13g2_buf_8)
     7    0.042295    0.035074    0.096195    0.192337 ^ clkbuf_4_0_0_clk_i/X (sg13g2_buf_8)
                                                         clknet_4_0_0_clk_i (net)
                      0.035173    0.001368    0.193705 ^ _1067_/CLK (sg13g2_dfrbpq_1)
                                  0.100000    0.293705   clock uncertainty
                                 -0.008784    0.284920   clock reconvergence pessimism
                                 -0.031324    0.253597   library hold time
                                              0.253597   data required time
---------------------------------------------------------------------------------------------
                                              0.253597   data required time
                                             -0.523571   data arrival time
---------------------------------------------------------------------------------------------
                                              0.269974   slack (MET)


Startpoint: _1063_ (rising edge-triggered flip-flop clocked by clk_i)
Endpoint: _1063_ (rising edge-triggered flip-flop clocked by clk_i)
Path Group: clk_i
Path Type: min

Fanout         Cap        Slew       Delay        Time   Description
---------------------------------------------------------------------------------------------
                                  0.000000    0.000000   clock clk_i (rise edge)
                                  0.000000    0.000000   clock source latency
     1    0.032062    0.000000    0.000000    0.000000 ^ clk_i (in)
                                                         clk_i (net)
                      0.004516    0.002258    0.002258 ^ clkbuf_0_clk_i/A (sg13g2_buf_16)
    16    0.181972    0.058543    0.076554    0.078812 ^ clkbuf_0_clk_i/X (sg13g2_buf_16)
                                                         clknet_0_clk_i (net)
                      0.062373    0.011497    0.090308 ^ clkbuf_4_2_0_clk_i/A (sg13g2_buf_8)
     7    0.031935    0.030297    0.088842    0.179150 ^ clkbuf_4_2_0_clk_i/X (sg13g2_buf_8)
                                                         clknet_4_2_0_clk_i (net)
                      0.030322    0.001464    0.180614 ^ _1063_/CLK (sg13g2_dfrbpq_1)
     3    0.030631    0.099428    0.228818    0.409433 v _1063_/Q (sg13g2_dfrbpq_1)
                                                         net132 (net)
                      0.099447    0.001374    0.410807 v _0843_/B1 (sg13g2_a21oi_1)
     1    0.003623    0.051431    0.065143    0.475950 ^ _0843_/Y (sg13g2_a21oi_1)
                                                         _0331_ (net)
                      0.051431    0.000273    0.476223 ^ _0846_/A (sg13g2_nor2_1)
     1    0.002931    0.026270    0.041342    0.517565 v _0846_/Y (sg13g2_nor2_1)
                                                         _0062_ (net)
                      0.026270    0.000268    0.517833 v _1063_/D (sg13g2_dfrbpq_1)
                                              0.517833   data arrival time

                                  0.000000    0.000000   clock clk_i (rise edge)
                                  0.000000    0.000000   clock source latency
     1    0.034735    0.000000    0.000000    0.000000 ^ clk_i (in)
                                                         clk_i (net)
                      0.005104    0.002552    0.002552 ^ clkbuf_0_clk_i/A (sg13g2_buf_16)
    16    0.202468    0.063847    0.079427    0.081979 ^ clkbuf_0_clk_i/X (sg13g2_buf_16)
                                                         clknet_0_clk_i (net)
                      0.068199    0.012799    0.094778 ^ clkbuf_4_2_0_clk_i/A (sg13g2_buf_8)
     7    0.035067    0.031897    0.092843    0.187621 ^ clkbuf_4_2_0_clk_i/X (sg13g2_buf_8)
                                                         clknet_4_2_0_clk_i (net)
                      0.031969    0.001611    0.189232 ^ _1063_/CLK (sg13g2_dfrbpq_1)
                                  0.100000    0.289232   clock uncertainty
                                 -0.008618    0.280614   clock reconvergence pessimism
                                 -0.033876    0.246739   library hold time
                                              0.246739   data required time
---------------------------------------------------------------------------------------------
                                              0.246739   data required time
                                             -0.517833   data arrival time
---------------------------------------------------------------------------------------------
                                              0.271095   slack (MET)


Startpoint: _1090_ (rising edge-triggered flip-flop clocked by clk_i)
Endpoint: _1090_ (rising edge-triggered flip-flop clocked by clk_i)
Path Group: clk_i
Path Type: min

Fanout         Cap        Slew       Delay        Time   Description
---------------------------------------------------------------------------------------------
                                  0.000000    0.000000   clock clk_i (rise edge)
                                  0.000000    0.000000   clock source latency
     1    0.032062    0.000000    0.000000    0.000000 ^ clk_i (in)
                                                         clk_i (net)
                      0.004516    0.002258    0.002258 ^ clkbuf_0_clk_i/A (sg13g2_buf_16)
    16    0.181972    0.058543    0.076554    0.078812 ^ clkbuf_0_clk_i/X (sg13g2_buf_16)
                                                         clknet_0_clk_i (net)
                      0.062403    0.011540    0.090352 ^ clkbuf_4_6_0_clk_i/A (sg13g2_buf_8)
     7    0.032390    0.030437    0.088745    0.179097 ^ clkbuf_4_6_0_clk_i/X (sg13g2_buf_8)
                                                         clknet_4_6_0_clk_i (net)
                      0.030647    0.002597    0.181693 ^ _1090_/CLK (sg13g2_dfrbpq_1)
     3    0.032472    0.105342    0.234008    0.415702 v _1090_/Q (sg13g2_dfrbpq_1)
                                                         net82 (net)
                      0.105358    0.001290    0.416991 v _0954_/B1 (sg13g2_a21oi_1)
     1    0.003432    0.051440    0.065266    0.482257 ^ _0954_/Y (sg13g2_a21oi_1)
                                                         _0415_ (net)
                      0.051440    0.000136    0.482393 ^ _0957_/A (sg13g2_nor2_1)
     1    0.002323    0.019070    0.039740    0.522134 v _0957_/Y (sg13g2_nor2_1)
                                                         _0089_ (net)
                      0.019071    0.000150    0.522284 v _1090_/D (sg13g2_dfrbpq_1)
                                              0.522284   data arrival time

                                  0.000000    0.000000   clock clk_i (rise edge)
                                  0.000000    0.000000   clock source latency
     1    0.034735    0.000000    0.000000    0.000000 ^ clk_i (in)
                                                         clk_i (net)
                      0.005104    0.002552    0.002552 ^ clkbuf_0_clk_i/A (sg13g2_buf_16)
    16    0.202468    0.063847    0.079427    0.081979 ^ clkbuf_0_clk_i/X (sg13g2_buf_16)
                                                         clknet_0_clk_i (net)
                      0.068218    0.012827    0.094806 ^ clkbuf_4_6_0_clk_i/A (sg13g2_buf_8)
     7    0.035764    0.032119    0.092787    0.187593 ^ clkbuf_4_6_0_clk_i/X (sg13g2_buf_8)
                                                         clknet_4_6_0_clk_i (net)
                      0.032451    0.002853    0.190446 ^ _1090_/CLK (sg13g2_dfrbpq_1)
                                  0.100000    0.290446   clock uncertainty
                                 -0.008752    0.281693   clock reconvergence pessimism
                                 -0.031492    0.250202   library hold time
                                              0.250202   data required time
---------------------------------------------------------------------------------------------
                                              0.250202   data required time
                                             -0.522284   data arrival time
---------------------------------------------------------------------------------------------
                                              0.272082   slack (MET)


Startpoint: _1096_ (rising edge-triggered flip-flop clocked by clk_i)
Endpoint: _1096_ (rising edge-triggered flip-flop clocked by clk_i)
Path Group: clk_i
Path Type: min

Fanout         Cap        Slew       Delay        Time   Description
---------------------------------------------------------------------------------------------
                                  0.000000    0.000000   clock clk_i (rise edge)
                                  0.000000    0.000000   clock source latency
     1    0.032062    0.000000    0.000000    0.000000 ^ clk_i (in)
                                                         clk_i (net)
                      0.004516    0.002258    0.002258 ^ clkbuf_0_clk_i/A (sg13g2_buf_16)
    16    0.181972    0.058543    0.076554    0.078812 ^ clkbuf_0_clk_i/X (sg13g2_buf_16)
                                                         clknet_0_clk_i (net)
                      0.062114    0.011113    0.089924 ^ clkbuf_4_3_0_clk_i/A (sg13g2_buf_8)
     7    0.032384    0.030496    0.089004    0.178929 ^ clkbuf_4_3_0_clk_i/X (sg13g2_buf_8)
                                                         clknet_4_3_0_clk_i (net)
                      0.030516    0.001258    0.180186 ^ _1096_/CLK (sg13g2_dfrbpq_1)
     3    0.031549    0.102797    0.230790    0.410976 v _1096_/Q (sg13g2_dfrbpq_1)
                                                         net103 (net)
                      0.102845    0.002096    0.413072 v _0979_/B1 (sg13g2_a21oi_1)
     1    0.003539    0.051563    0.065336    0.478408 ^ _0979_/Y (sg13g2_a21oi_1)
                                                         _0434_ (net)
                      0.051564    0.000257    0.478665 ^ _0982_/A (sg13g2_nor2_1)
     1    0.002814    0.021687    0.041089    0.519755 v _0982_/Y (sg13g2_nor2_1)
                                                         _0095_ (net)
                      0.021687    0.000187    0.519942 v _1096_/D (sg13g2_dfrbpq_1)
                                              0.519942   data arrival time

                                  0.000000    0.000000   clock clk_i (rise edge)
                                  0.000000    0.000000   clock source latency
     1    0.034735    0.000000    0.000000    0.000000 ^ clk_i (in)
                                                         clk_i (net)
                      0.005104    0.002552    0.002552 ^ clkbuf_0_clk_i/A (sg13g2_buf_16)
    16    0.202468    0.063847    0.079427    0.081979 ^ clkbuf_0_clk_i/X (sg13g2_buf_16)
                                                         clknet_0_clk_i (net)
                      0.067895    0.012363    0.094342 ^ clkbuf_4_3_0_clk_i/A (sg13g2_buf_8)
     7    0.035758    0.032202    0.093087    0.187429 ^ clkbuf_4_3_0_clk_i/X (sg13g2_buf_8)
                                                         clknet_4_3_0_clk_i (net)
                      0.032228    0.001411    0.188840 ^ _1096_/CLK (sg13g2_dfrbpq_1)
                                  0.100000    0.288840   clock uncertainty
                                 -0.008654    0.280186   clock reconvergence pessimism
                                 -0.032368    0.247818   library hold time
                                              0.247818   data required time
---------------------------------------------------------------------------------------------
                                              0.247818   data required time
                                             -0.519942   data arrival time
---------------------------------------------------------------------------------------------
                                              0.272124   slack (MET)


Startpoint: _1089_ (rising edge-triggered flip-flop clocked by clk_i)
Endpoint: _1089_ (rising edge-triggered flip-flop clocked by clk_i)
Path Group: clk_i
Path Type: min

Fanout         Cap        Slew       Delay        Time   Description
---------------------------------------------------------------------------------------------
                                  0.000000    0.000000   clock clk_i (rise edge)
                                  0.000000    0.000000   clock source latency
     1    0.032062    0.000000    0.000000    0.000000 ^ clk_i (in)
                                                         clk_i (net)
                      0.004516    0.002258    0.002258 ^ clkbuf_0_clk_i/A (sg13g2_buf_16)
    16    0.181972    0.058543    0.076554    0.078812 ^ clkbuf_0_clk_i/X (sg13g2_buf_16)
                                                         clknet_0_clk_i (net)
                      0.061702    0.010475    0.089287 ^ clkbuf_4_8_0_clk_i/A (sg13g2_buf_8)
     7    0.032346    0.030358    0.088271    0.177557 ^ clkbuf_4_8_0_clk_i/X (sg13g2_buf_8)
                                                         clknet_4_8_0_clk_i (net)
                      0.030611    0.002709    0.180267 ^ _1089_/CLK (sg13g2_dfrbpq_1)
     3    0.031028    0.100609    0.229970    0.410237 v _1089_/Q (sg13g2_dfrbpq_1)
                                                         net81 (net)
                      0.100612    0.000679    0.410916 v _0950_/B1 (sg13g2_a21oi_1)
     1    0.004240    0.054679    0.068541    0.479457 ^ _0950_/Y (sg13g2_a21oi_1)
                                                         _0412_ (net)
                      0.054679    0.000277    0.479735 ^ _0953_/A (sg13g2_nor2_1)
     1    0.002271    0.020997    0.040740    0.520475 v _0953_/Y (sg13g2_nor2_1)
                                                         _0088_ (net)
                      0.020997    0.000152    0.520627 v _1089_/D (sg13g2_dfrbpq_1)
                                              0.520627   data arrival time

                                  0.000000    0.000000   clock clk_i (rise edge)
                                  0.000000    0.000000   clock source latency
     1    0.034735    0.000000    0.000000    0.000000 ^ clk_i (in)
                                                         clk_i (net)
                      0.005104    0.002552    0.002552 ^ clkbuf_0_clk_i/A (sg13g2_buf_16)
    16    0.202468    0.063847    0.079427    0.081979 ^ clkbuf_0_clk_i/X (sg13g2_buf_16)
                                                         clknet_0_clk_i (net)
                      0.067427    0.011661    0.093640 ^ clkbuf_4_8_0_clk_i/A (sg13g2_buf_8)
     7    0.035478    0.031922    0.092155    0.185795 ^ clkbuf_4_8_0_clk_i/X (sg13g2_buf_8)
                                                         clknet_4_8_0_clk_i (net)
                      0.032311    0.002980    0.188775 ^ _1089_/CLK (sg13g2_dfrbpq_1)
                                  0.100000    0.288775   clock uncertainty
                                 -0.008509    0.280267   clock reconvergence pessimism
                                 -0.032132    0.248135   library hold time
                                              0.248135   data required time
---------------------------------------------------------------------------------------------
                                              0.248135   data required time
                                             -0.520627   data arrival time
---------------------------------------------------------------------------------------------
                                              0.272492   slack (MET)


Startpoint: _1049_ (rising edge-triggered flip-flop clocked by clk_i)
Endpoint: _1049_ (rising edge-triggered flip-flop clocked by clk_i)
Path Group: clk_i
Path Type: min

Fanout         Cap        Slew       Delay        Time   Description
---------------------------------------------------------------------------------------------
                                  0.000000    0.000000   clock clk_i (rise edge)
                                  0.000000    0.000000   clock source latency
     1    0.032062    0.000000    0.000000    0.000000 ^ clk_i (in)
                                                         clk_i (net)
                      0.004516    0.002258    0.002258 ^ clkbuf_0_clk_i/A (sg13g2_buf_16)
    16    0.181972    0.058543    0.076554    0.078812 ^ clkbuf_0_clk_i/X (sg13g2_buf_16)
                                                         clknet_0_clk_i (net)
                      0.062973    0.012347    0.091159 ^ clkbuf_4_1_0_clk_i/A (sg13g2_buf_8)
     7    0.030513    0.029719    0.088663    0.179822 ^ clkbuf_4_1_0_clk_i/X (sg13g2_buf_8)
                                                         clknet_4_1_0_clk_i (net)
                      0.029739    0.001302    0.181124 ^ _1049_/CLK (sg13g2_dfrbpq_1)
     3    0.030354    0.098588    0.228065    0.409190 v _1049_/Q (sg13g2_dfrbpq_1)
                                                         net122 (net)
                      0.098591    0.000714    0.409903 v _0785_/B1 (sg13g2_a21oi_1)
     1    0.004211    0.054208    0.067987    0.477890 ^ _0785_/Y (sg13g2_a21oi_1)
                                                         _0287_ (net)
                      0.054208    0.000306    0.478197 ^ _0788_/A (sg13g2_nor2_1)
     1    0.003151    0.022351    0.042951    0.521148 v _0788_/Y (sg13g2_nor2_1)
                                                         _0048_ (net)
                      0.022352    0.000183    0.521332 v _1049_/D (sg13g2_dfrbpq_1)
                                              0.521332   data arrival time

                                  0.000000    0.000000   clock clk_i (rise edge)
                                  0.000000    0.000000   clock source latency
     1    0.034735    0.000000    0.000000    0.000000 ^ clk_i (in)
                                                         clk_i (net)
                      0.005104    0.002552    0.002552 ^ clkbuf_0_clk_i/A (sg13g2_buf_16)
    16    0.202468    0.063847    0.079427    0.081979 ^ clkbuf_0_clk_i/X (sg13g2_buf_16)
                                                         clknet_0_clk_i (net)
                      0.068873    0.013723    0.095702 ^ clkbuf_4_1_0_clk_i/A (sg13g2_buf_8)
     7    0.033887    0.031432    0.092801    0.188503 ^ clkbuf_4_1_0_clk_i/X (sg13g2_buf_8)
                                                         clknet_4_1_0_clk_i (net)
                      0.031457    0.001448    0.189951 ^ _1049_/CLK (sg13g2_dfrbpq_1)
                                  0.100000    0.289951   clock uncertainty
                                 -0.008827    0.281124   clock reconvergence pessimism
                                 -0.032740    0.248385   library hold time
                                              0.248385   data required time
---------------------------------------------------------------------------------------------
                                              0.248385   data required time
                                             -0.521332   data arrival time
---------------------------------------------------------------------------------------------
                                              0.272947   slack (MET)


Startpoint: _1013_ (rising edge-triggered flip-flop clocked by clk_i)
Endpoint: _1013_ (rising edge-triggered flip-flop clocked by clk_i)
Path Group: clk_i
Path Type: min

Fanout         Cap        Slew       Delay        Time   Description
---------------------------------------------------------------------------------------------
                                  0.000000    0.000000   clock clk_i (rise edge)
                                  0.000000    0.000000   clock source latency
     1    0.032062    0.000000    0.000000    0.000000 ^ clk_i (in)
                                                         clk_i (net)
                      0.004516    0.002258    0.002258 ^ clkbuf_0_clk_i/A (sg13g2_buf_16)
    16    0.181972    0.058543    0.076554    0.078812 ^ clkbuf_0_clk_i/X (sg13g2_buf_16)
                                                         clknet_0_clk_i (net)
                      0.061702    0.010475    0.089287 ^ clkbuf_4_8_0_clk_i/A (sg13g2_buf_8)
     7    0.032346    0.030358    0.088271    0.177557 ^ clkbuf_4_8_0_clk_i/X (sg13g2_buf_8)
                                                         clknet_4_8_0_clk_i (net)
                      0.030589    0.002600    0.180157 ^ _1013_/CLK (sg13g2_dfrbpq_1)
     2    0.020591    0.071067    0.207148    0.387306 v _1013_/Q (sg13g2_dfrbpq_1)
                                                         net147 (net)
                      0.071067    0.000291    0.387596 v _0644_/A1 (sg13g2_o21ai_1)
     1    0.002739    0.044341    0.098355    0.485951 ^ _0644_/Y (sg13g2_o21ai_1)
                                                         _0182_ (net)
                      0.044341    0.000207    0.486158 ^ _0645_/B1 (sg13g2_a21oi_1)
     1    0.003255    0.022473    0.034779    0.520937 v _0645_/Y (sg13g2_a21oi_1)
                                                         _0012_ (net)
                      0.022474    0.000326    0.521263 v _1013_/D (sg13g2_dfrbpq_1)
                                              0.521263   data arrival time

                                  0.000000    0.000000   clock clk_i (rise edge)
                                  0.000000    0.000000   clock source latency
     1    0.034735    0.000000    0.000000    0.000000 ^ clk_i (in)
                                                         clk_i (net)
                      0.005104    0.002552    0.002552 ^ clkbuf_0_clk_i/A (sg13g2_buf_16)
    16    0.202468    0.063847    0.079427    0.081979 ^ clkbuf_0_clk_i/X (sg13g2_buf_16)
                                                         clknet_0_clk_i (net)
                      0.067427    0.011661    0.093640 ^ clkbuf_4_8_0_clk_i/A (sg13g2_buf_8)
     7    0.035478    0.031922    0.092155    0.185795 ^ clkbuf_4_8_0_clk_i/X (sg13g2_buf_8)
                                                         clknet_4_8_0_clk_i (net)
                      0.032282    0.002858    0.188653 ^ _1013_/CLK (sg13g2_dfrbpq_1)
                                  0.100000    0.288653   clock uncertainty
                                 -0.008495    0.280157   clock reconvergence pessimism
                                 -0.032606    0.247551   library hold time
                                              0.247551   data required time
---------------------------------------------------------------------------------------------
                                              0.247551   data required time
                                             -0.521263   data arrival time
---------------------------------------------------------------------------------------------
                                              0.273712   slack (MET)


Startpoint: _1046_ (rising edge-triggered flip-flop clocked by clk_i)
Endpoint: _1046_ (rising edge-triggered flip-flop clocked by clk_i)
Path Group: clk_i
Path Type: min

Fanout         Cap        Slew       Delay        Time   Description
---------------------------------------------------------------------------------------------
                                  0.000000    0.000000   clock clk_i (rise edge)
                                  0.000000    0.000000   clock source latency
     1    0.032062    0.000000    0.000000    0.000000 ^ clk_i (in)
                                                         clk_i (net)
                      0.004516    0.002258    0.002258 ^ clkbuf_0_clk_i/A (sg13g2_buf_16)
    16    0.181972    0.058543    0.076554    0.078812 ^ clkbuf_0_clk_i/X (sg13g2_buf_16)
                                                         clknet_0_clk_i (net)
                      0.062973    0.012347    0.091159 ^ clkbuf_4_1_0_clk_i/A (sg13g2_buf_8)
     7    0.030513    0.029719    0.088663    0.179822 ^ clkbuf_4_1_0_clk_i/X (sg13g2_buf_8)
                                                         clknet_4_1_0_clk_i (net)
                      0.029734    0.001122    0.180944 ^ _1046_/CLK (sg13g2_dfrbpq_1)
     3    0.031470    0.101943    0.230506    0.411449 v _1046_/Q (sg13g2_dfrbpq_1)
                                                         net118 (net)
                      0.101946    0.000691    0.412141 v _0773_/B1 (sg13g2_a21oi_1)
     1    0.003465    0.051054    0.064821    0.476962 ^ _0773_/Y (sg13g2_a21oi_1)
                                                         _0278_ (net)
                      0.051054    0.000137    0.477099 ^ _0776_/A (sg13g2_nor2_1)
     1    0.004033    0.026121    0.044156    0.521254 v _0776_/Y (sg13g2_nor2_1)
                                                         _0045_ (net)
                      0.026121    0.000221    0.521475 v _1046_/D (sg13g2_dfrbpq_1)
                                              0.521475   data arrival time

                                  0.000000    0.000000   clock clk_i (rise edge)
                                  0.000000    0.000000   clock source latency
     1    0.034735    0.000000    0.000000    0.000000 ^ clk_i (in)
                                                         clk_i (net)
                      0.005104    0.002552    0.002552 ^ clkbuf_0_clk_i/A (sg13g2_buf_16)
    16    0.202468    0.063847    0.079427    0.081979 ^ clkbuf_0_clk_i/X (sg13g2_buf_16)
                                                         clknet_0_clk_i (net)
                      0.068873    0.013723    0.095702 ^ clkbuf_4_1_0_clk_i/A (sg13g2_buf_8)
     7    0.033887    0.031432    0.092801    0.188503 ^ clkbuf_4_1_0_clk_i/X (sg13g2_buf_8)
                                                         clknet_4_1_0_clk_i (net)
                      0.031451    0.001247    0.189750 ^ _1046_/CLK (sg13g2_dfrbpq_1)
                                  0.100000    0.289750   clock uncertainty
                                 -0.008806    0.280944   clock reconvergence pessimism
                                 -0.033936    0.247007   library hold time
                                              0.247007   data required time
---------------------------------------------------------------------------------------------
                                              0.247007   data required time
                                             -0.521475   data arrival time
---------------------------------------------------------------------------------------------
                                              0.274468   slack (MET)


Startpoint: _1094_ (rising edge-triggered flip-flop clocked by clk_i)
Endpoint: _1094_ (rising edge-triggered flip-flop clocked by clk_i)
Path Group: clk_i
Path Type: min

Fanout         Cap        Slew       Delay        Time   Description
---------------------------------------------------------------------------------------------
                                  0.000000    0.000000   clock clk_i (rise edge)
                                  0.000000    0.000000   clock source latency
     1    0.032062    0.000000    0.000000    0.000000 ^ clk_i (in)
                                                         clk_i (net)
                      0.004516    0.002258    0.002258 ^ clkbuf_0_clk_i/A (sg13g2_buf_16)
    16    0.181972    0.058543    0.076554    0.078812 ^ clkbuf_0_clk_i/X (sg13g2_buf_16)
                                                         clknet_0_clk_i (net)
                      0.062373    0.011497    0.090308 ^ clkbuf_4_2_0_clk_i/A (sg13g2_buf_8)
     7    0.031935    0.030297    0.088842    0.179150 ^ clkbuf_4_2_0_clk_i/X (sg13g2_buf_8)
                                                         clknet_4_2_0_clk_i (net)
                      0.030297    0.000155    0.179304 ^ _1094_/CLK (sg13g2_dfrbpq_1)
     3    0.032811    0.106616    0.233415    0.412720 v _1094_/Q (sg13g2_dfrbpq_1)
                                                         net89 (net)
                      0.106639    0.001581    0.414301 v _0971_/B1 (sg13g2_a21oi_1)
     1    0.003868    0.053811    0.067735    0.482035 ^ _0971_/Y (sg13g2_a21oi_1)
                                                         _0428_ (net)
                      0.053811    0.000287    0.482323 ^ _0974_/A (sg13g2_nor2_1)
     1    0.002077    0.019948    0.039919    0.522242 v _0974_/Y (sg13g2_nor2_1)
                                                         _0093_ (net)
                      0.019948    0.000079    0.522320 v _1094_/D (sg13g2_dfrbpq_1)
                                              0.522320   data arrival time

                                  0.000000    0.000000   clock clk_i (rise edge)
                                  0.000000    0.000000   clock source latency
     1    0.034735    0.000000    0.000000    0.000000 ^ clk_i (in)
                                                         clk_i (net)
                      0.005104    0.002552    0.002552 ^ clkbuf_0_clk_i/A (sg13g2_buf_16)
    16    0.202468    0.063847    0.079427    0.081979 ^ clkbuf_0_clk_i/X (sg13g2_buf_16)
                                                         clknet_0_clk_i (net)
                      0.068199    0.012799    0.094778 ^ clkbuf_4_2_0_clk_i/A (sg13g2_buf_8)
     7    0.035067    0.031897    0.092843    0.187621 ^ clkbuf_4_2_0_clk_i/X (sg13g2_buf_8)
                                                         clknet_4_2_0_clk_i (net)
                      0.031897    0.000175    0.187796 ^ _1094_/CLK (sg13g2_dfrbpq_1)
                                  0.100000    0.287796   clock uncertainty
                                 -0.008492    0.279304   clock reconvergence pessimism
                                 -0.031885    0.247419   library hold time
                                              0.247419   data required time
---------------------------------------------------------------------------------------------
                                              0.247419   data required time
                                             -0.522320   data arrival time
---------------------------------------------------------------------------------------------
                                              0.274901   slack (MET)


Startpoint: _1030_ (rising edge-triggered flip-flop clocked by clk_i)
Endpoint: _1030_ (rising edge-triggered flip-flop clocked by clk_i)
Path Group: clk_i
Path Type: min

Fanout         Cap        Slew       Delay        Time   Description
---------------------------------------------------------------------------------------------
                                  0.000000    0.000000   clock clk_i (rise edge)
                                  0.000000    0.000000   clock source latency
     1    0.032062    0.000000    0.000000    0.000000 ^ clk_i (in)
                                                         clk_i (net)
                      0.004516    0.002258    0.002258 ^ clkbuf_0_clk_i/A (sg13g2_buf_16)
    16    0.181972    0.058543    0.076554    0.078812 ^ clkbuf_0_clk_i/X (sg13g2_buf_16)
                                                         clknet_0_clk_i (net)
                      0.065152    0.015089    0.093901 ^ clkbuf_4_14_0_clk_i/A (sg13g2_buf_8)
     7    0.033965    0.031209    0.090570    0.184471 ^ clkbuf_4_14_0_clk_i/X (sg13g2_buf_8)
                                                         clknet_4_14_0_clk_i (net)
                      0.031507    0.002924    0.187395 ^ _1030_/CLK (sg13g2_dfrbpq_1)
     2    0.016889    0.059985    0.198538    0.385933 v _1030_/Q (sg13g2_dfrbpq_1)
                                                         net165 (net)
                      0.059999    0.000899    0.386833 v _0712_/A1 (sg13g2_o21ai_1)
     1    0.004580    0.050979    0.107289    0.494122 ^ _0712_/Y (sg13g2_o21ai_1)
                                                         _0233_ (net)
                      0.050979    0.000286    0.494408 ^ _0713_/B1 (sg13g2_a21oi_1)
     1    0.002878    0.022749    0.035795    0.530203 v _0713_/Y (sg13g2_a21oi_1)
                                                         _0029_ (net)
                      0.022750    0.000201    0.530404 v _1030_/D (sg13g2_dfrbpq_1)
                                              0.530404   data arrival time

                                  0.000000    0.000000   clock clk_i (rise edge)
                                  0.000000    0.000000   clock source latency
     1    0.034735    0.000000    0.000000    0.000000 ^ clk_i (in)
                                                         clk_i (net)
                      0.005104    0.002552    0.002552 ^ clkbuf_0_clk_i/A (sg13g2_buf_16)
    16    0.202468    0.063847    0.079427    0.081979 ^ clkbuf_0_clk_i/X (sg13g2_buf_16)
                                                         clknet_0_clk_i (net)
                      0.071380    0.016773    0.098752 ^ clkbuf_4_14_0_clk_i/A (sg13g2_buf_8)
     7    0.037339    0.032901    0.094817    0.193569 ^ clkbuf_4_14_0_clk_i/X (sg13g2_buf_8)
                                                         clknet_4_14_0_clk_i (net)
                      0.033333    0.003180    0.196749 ^ _1030_/CLK (sg13g2_dfrbpq_1)
                                  0.100000    0.296749   clock uncertainty
                                 -0.009354    0.287395   clock reconvergence pessimism
                                 -0.032475    0.254920   library hold time
                                              0.254920   data required time
---------------------------------------------------------------------------------------------
                                              0.254920   data required time
                                             -0.530404   data arrival time
---------------------------------------------------------------------------------------------
                                              0.275483   slack (MET)


Startpoint: _1085_ (rising edge-triggered flip-flop clocked by clk_i)
Endpoint: _1085_ (rising edge-triggered flip-flop clocked by clk_i)
Path Group: clk_i
Path Type: min

Fanout         Cap        Slew       Delay        Time   Description
---------------------------------------------------------------------------------------------
                                  0.000000    0.000000   clock clk_i (rise edge)
                                  0.000000    0.000000   clock source latency
     1    0.032062    0.000000    0.000000    0.000000 ^ clk_i (in)
                                                         clk_i (net)
                      0.004516    0.002258    0.002258 ^ clkbuf_0_clk_i/A (sg13g2_buf_16)
    16    0.181972    0.058543    0.076554    0.078812 ^ clkbuf_0_clk_i/X (sg13g2_buf_16)
                                                         clknet_0_clk_i (net)
                      0.062114    0.011113    0.089924 ^ clkbuf_4_3_0_clk_i/A (sg13g2_buf_8)
     7    0.032384    0.030496    0.089004    0.178929 ^ clkbuf_4_3_0_clk_i/X (sg13g2_buf_8)
                                                         clknet_4_3_0_clk_i (net)
                      0.030516    0.001264    0.180193 ^ _1085_/CLK (sg13g2_dfrbpq_1)
     3    0.033987    0.110474    0.234944    0.415137 v _1085_/Q (sg13g2_dfrbpq_1)
                                                         net108 (net)
                      0.110496    0.001656    0.416793 v _0934_/B1 (sg13g2_a21oi_1)
     1    0.003917    0.054674    0.068707    0.485500 ^ _0934_/Y (sg13g2_a21oi_1)
                                                         _0400_ (net)
                      0.054675    0.000298    0.485798 ^ _0937_/A (sg13g2_nor2_1)
     1    0.001748    0.019144    0.039331    0.525129 v _0937_/Y (sg13g2_nor2_1)
                                                         _0084_ (net)
                      0.019144    0.000067    0.525196 v _1085_/D (sg13g2_dfrbpq_1)
                                              0.525196   data arrival time

                                  0.000000    0.000000   clock clk_i (rise edge)
                                  0.000000    0.000000   clock source latency
     1    0.034735    0.000000    0.000000    0.000000 ^ clk_i (in)
                                                         clk_i (net)
                      0.005104    0.002552    0.002552 ^ clkbuf_0_clk_i/A (sg13g2_buf_16)
    16    0.202468    0.063847    0.079427    0.081979 ^ clkbuf_0_clk_i/X (sg13g2_buf_16)
                                                         clknet_0_clk_i (net)
                      0.067895    0.012363    0.094342 ^ clkbuf_4_3_0_clk_i/A (sg13g2_buf_8)
     7    0.035758    0.032202    0.093087    0.187429 ^ clkbuf_4_3_0_clk_i/X (sg13g2_buf_8)
                                                         clknet_4_3_0_clk_i (net)
                      0.032227    0.001407    0.188836 ^ _1085_/CLK (sg13g2_dfrbpq_1)
                                  0.100000    0.288836   clock uncertainty
                                 -0.008643    0.280193   clock reconvergence pessimism
                                 -0.031561    0.248631   library hold time
                                              0.248631   data required time
---------------------------------------------------------------------------------------------
                                              0.248631   data required time
                                             -0.525196   data arrival time
---------------------------------------------------------------------------------------------
                                              0.276565   slack (MET)


Startpoint: _1088_ (rising edge-triggered flip-flop clocked by clk_i)
Endpoint: _1088_ (rising edge-triggered flip-flop clocked by clk_i)
Path Group: clk_i
Path Type: min

Fanout         Cap        Slew       Delay        Time   Description
---------------------------------------------------------------------------------------------
                                  0.000000    0.000000   clock clk_i (rise edge)
                                  0.000000    0.000000   clock source latency
     1    0.032062    0.000000    0.000000    0.000000 ^ clk_i (in)
                                                         clk_i (net)
                      0.004516    0.002258    0.002258 ^ clkbuf_0_clk_i/A (sg13g2_buf_16)
    16    0.181972    0.058543    0.076554    0.078812 ^ clkbuf_0_clk_i/X (sg13g2_buf_16)
                                                         clknet_0_clk_i (net)
                      0.061702    0.010475    0.089287 ^ clkbuf_4_8_0_clk_i/A (sg13g2_buf_8)
     7    0.032346    0.030358    0.088271    0.177557 ^ clkbuf_4_8_0_clk_i/X (sg13g2_buf_8)
                                                         clknet_4_8_0_clk_i (net)
                      0.030610    0.002705    0.180262 ^ _1088_/CLK (sg13g2_dfrbpq_1)
     3    0.036673    0.117567    0.242789    0.423051 v _1088_/Q (sg13g2_dfrbpq_1)
                                                         net80 (net)
                      0.117567    0.000123    0.423174 v _0946_/B1 (sg13g2_a21oi_1)
     1    0.003334    0.052925    0.066916    0.490090 ^ _0946_/Y (sg13g2_a21oi_1)
                                                         _0409_ (net)
                      0.052925    0.000248    0.490338 ^ _0949_/A (sg13g2_nor2_1)
     1    0.002290    0.020525    0.040175    0.530513 v _0949_/Y (sg13g2_nor2_1)
                                                         _0087_ (net)
                      0.020525    0.000153    0.530667 v _1088_/D (sg13g2_dfrbpq_1)
                                              0.530667   data arrival time

                                  0.000000    0.000000   clock clk_i (rise edge)
                                  0.000000    0.000000   clock source latency
     1    0.034735    0.000000    0.000000    0.000000 ^ clk_i (in)
                                                         clk_i (net)
                      0.005104    0.002552    0.002552 ^ clkbuf_0_clk_i/A (sg13g2_buf_16)
    16    0.202468    0.063847    0.079427    0.081979 ^ clkbuf_0_clk_i/X (sg13g2_buf_16)
                                                         clknet_0_clk_i (net)
                      0.067427    0.011661    0.093640 ^ clkbuf_4_8_0_clk_i/A (sg13g2_buf_8)
     7    0.035478    0.031922    0.092155    0.185795 ^ clkbuf_4_8_0_clk_i/X (sg13g2_buf_8)
                                                         clknet_4_8_0_clk_i (net)
                      0.032309    0.002975    0.188771 ^ _1088_/CLK (sg13g2_dfrbpq_1)
                                  0.100000    0.288771   clock uncertainty
                                 -0.008508    0.280263   clock reconvergence pessimism
                                 -0.031982    0.248280   library hold time
                                              0.248280   data required time
---------------------------------------------------------------------------------------------
                                              0.248280   data required time
                                             -0.530667   data arrival time
---------------------------------------------------------------------------------------------
                                              0.282387   slack (MET)


Startpoint: _1036_ (rising edge-triggered flip-flop clocked by clk_i)
Endpoint: _1036_ (rising edge-triggered flip-flop clocked by clk_i)
Path Group: clk_i
Path Type: min

Fanout         Cap        Slew       Delay        Time   Description
---------------------------------------------------------------------------------------------
                                  0.000000    0.000000   clock clk_i (rise edge)
                                  0.000000    0.000000   clock source latency
     1    0.032062    0.000000    0.000000    0.000000 ^ clk_i (in)
                                                         clk_i (net)
                      0.004516    0.002258    0.002258 ^ clkbuf_0_clk_i/A (sg13g2_buf_16)
    16    0.181972    0.058543    0.076554    0.078812 ^ clkbuf_0_clk_i/X (sg13g2_buf_16)
                                                         clknet_0_clk_i (net)
                      0.063060    0.012466    0.091278 ^ clkbuf_4_5_0_clk_i/A (sg13g2_buf_8)
     7    0.029167    0.029137    0.088155    0.179433 ^ clkbuf_4_5_0_clk_i/X (sg13g2_buf_8)
                                                         clknet_4_5_0_clk_i (net)
                      0.029167    0.001615    0.181048 ^ _1036_/CLK (sg13g2_dfrbpq_1)
     3    0.012381    0.059057    0.194082    0.375131 ^ _1036_/Q (sg13g2_dfrbpq_1)
                                                         net144 (net)
                      0.059069    0.000839    0.375970 ^ _0733_/A (sg13g2_nand2_1)
     2    0.007075    0.050159    0.069876    0.445846 v _0733_/Y (sg13g2_nand2_1)
                                                         _0248_ (net)
                      0.050164    0.000401    0.446247 v _0734_/B (sg13g2_and3_1)
     1    0.002788    0.020795    0.085171    0.531418 v _0734_/X (sg13g2_and3_1)
                                                         _0035_ (net)
                      0.020795    0.000159    0.531577 v _1036_/D (sg13g2_dfrbpq_1)
                                              0.531577   data arrival time

                                  0.000000    0.000000   clock clk_i (rise edge)
                                  0.000000    0.000000   clock source latency
     1    0.034735    0.000000    0.000000    0.000000 ^ clk_i (in)
                                                         clk_i (net)
                      0.005104    0.002552    0.002552 ^ clkbuf_0_clk_i/A (sg13g2_buf_16)
    16    0.202468    0.063847    0.079427    0.081979 ^ clkbuf_0_clk_i/X (sg13g2_buf_16)
                                                         clknet_0_clk_i (net)
                      0.068982    0.013867    0.095847 ^ clkbuf_4_5_0_clk_i/A (sg13g2_buf_8)
     7    0.032541    0.030852    0.092299    0.188145 ^ clkbuf_4_5_0_clk_i/X (sg13g2_buf_8)
                                                         clknet_4_5_0_clk_i (net)
                      0.030889    0.001795    0.189940 ^ _1036_/CLK (sg13g2_dfrbpq_1)
                                  0.100000    0.289940   clock uncertainty
                                 -0.008892    0.281048   clock reconvergence pessimism
                                 -0.032364    0.248684   library hold time
                                              0.248684   data required time
---------------------------------------------------------------------------------------------
                                              0.248684   data required time
                                             -0.531577   data arrival time
---------------------------------------------------------------------------------------------
                                              0.282893   slack (MET)


Startpoint: _1064_ (rising edge-triggered flip-flop clocked by clk_i)
Endpoint: _1064_ (rising edge-triggered flip-flop clocked by clk_i)
Path Group: clk_i
Path Type: min

Fanout         Cap        Slew       Delay        Time   Description
---------------------------------------------------------------------------------------------
                                  0.000000    0.000000   clock clk_i (rise edge)
                                  0.000000    0.000000   clock source latency
     1    0.032062    0.000000    0.000000    0.000000 ^ clk_i (in)
                                                         clk_i (net)
                      0.004516    0.002258    0.002258 ^ clkbuf_0_clk_i/A (sg13g2_buf_16)
    16    0.181972    0.058543    0.076554    0.078812 ^ clkbuf_0_clk_i/X (sg13g2_buf_16)
                                                         clknet_0_clk_i (net)
                      0.062373    0.011497    0.090308 ^ clkbuf_4_2_0_clk_i/A (sg13g2_buf_8)
     7    0.031935    0.030297    0.088842    0.179150 ^ clkbuf_4_2_0_clk_i/X (sg13g2_buf_8)
                                                         clknet_4_2_0_clk_i (net)
                      0.030320    0.001404    0.180554 ^ _1064_/CLK (sg13g2_dfrbpq_1)
     3    0.034547    0.111973    0.236845    0.417398 v _1064_/Q (sg13g2_dfrbpq_1)
                                                         net135 (net)
                      0.111997    0.001654    0.419053 v _0847_/B1 (sg13g2_a21oi_1)
     1    0.004632    0.058454    0.072775    0.491827 ^ _0847_/Y (sg13g2_a21oi_1)
                                                         _0334_ (net)
                      0.058454    0.000315    0.492142 ^ _0850_/A (sg13g2_nor2_1)
     1    0.002357    0.020423    0.042301    0.534444 v _0850_/Y (sg13g2_nor2_1)
                                                         _0063_ (net)
                      0.020423    0.000168    0.534611 v _1064_/D (sg13g2_dfrbpq_1)
                                              0.534611   data arrival time

                                  0.000000    0.000000   clock clk_i (rise edge)
                                  0.000000    0.000000   clock source latency
     1    0.034735    0.000000    0.000000    0.000000 ^ clk_i (in)
                                                         clk_i (net)
                      0.005104    0.002552    0.002552 ^ clkbuf_0_clk_i/A (sg13g2_buf_16)
    16    0.202468    0.063847    0.079427    0.081979 ^ clkbuf_0_clk_i/X (sg13g2_buf_16)
                                                         clknet_0_clk_i (net)
                      0.068199    0.012799    0.094778 ^ clkbuf_4_2_0_clk_i/A (sg13g2_buf_8)
     7    0.035067    0.031897    0.092843    0.187621 ^ clkbuf_4_2_0_clk_i/X (sg13g2_buf_8)
                                                         clknet_4_2_0_clk_i (net)
                      0.031961    0.001536    0.189157 ^ _1064_/CLK (sg13g2_dfrbpq_1)
                                  0.100000    0.289157   clock uncertainty
                                 -0.008603    0.280554   clock reconvergence pessimism
                                 -0.032023    0.248531   library hold time
                                              0.248531   data required time
---------------------------------------------------------------------------------------------
                                              0.248531   data required time
                                             -0.534611   data arrival time
---------------------------------------------------------------------------------------------
                                              0.286081   slack (MET)


Startpoint: _1097_ (rising edge-triggered flip-flop clocked by clk_i)
Endpoint: _1097_ (rising edge-triggered flip-flop clocked by clk_i)
Path Group: clk_i
Path Type: min

Fanout         Cap        Slew       Delay        Time   Description
---------------------------------------------------------------------------------------------
                                  0.000000    0.000000   clock clk_i (rise edge)
                                  0.000000    0.000000   clock source latency
     1    0.032062    0.000000    0.000000    0.000000 ^ clk_i (in)
                                                         clk_i (net)
                      0.004516    0.002258    0.002258 ^ clkbuf_0_clk_i/A (sg13g2_buf_16)
    16    0.181972    0.058543    0.076554    0.078812 ^ clkbuf_0_clk_i/X (sg13g2_buf_16)
                                                         clknet_0_clk_i (net)
                      0.062373    0.011497    0.090308 ^ clkbuf_4_2_0_clk_i/A (sg13g2_buf_8)
     7    0.031935    0.030297    0.088842    0.179150 ^ clkbuf_4_2_0_clk_i/X (sg13g2_buf_8)
                                                         clknet_4_2_0_clk_i (net)
                      0.030326    0.001574    0.180724 ^ _1097_/CLK (sg13g2_dfrbpq_1)
     3    0.040371    0.129213    0.249383    0.430107 v _1097_/Q (sg13g2_dfrbpq_1)
                                                         net104 (net)
                      0.129213    0.000272    0.430379 v _0983_/B1 (sg13g2_a21oi_1)
     1    0.003263    0.054446    0.068607    0.498986 ^ _0983_/Y (sg13g2_a21oi_1)
                                                         _0437_ (net)
                      0.054446    0.000243    0.499229 ^ _0986_/A (sg13g2_nor2_1)
     1    0.002036    0.019107    0.040033    0.539263 v _0986_/Y (sg13g2_nor2_1)
                                                         _0096_ (net)
                      0.019107    0.000076    0.539338 v _1097_/D (sg13g2_dfrbpq_1)
                                              0.539338   data arrival time

                                  0.000000    0.000000   clock clk_i (rise edge)
                                  0.000000    0.000000   clock source latency
     1    0.034735    0.000000    0.000000    0.000000 ^ clk_i (in)
                                                         clk_i (net)
                      0.005104    0.002552    0.002552 ^ clkbuf_0_clk_i/A (sg13g2_buf_16)
    16    0.202468    0.063847    0.079427    0.081979 ^ clkbuf_0_clk_i/X (sg13g2_buf_16)
                                                         clknet_0_clk_i (net)
                      0.068199    0.012799    0.094778 ^ clkbuf_4_2_0_clk_i/A (sg13g2_buf_8)
     7    0.035067    0.031897    0.092843    0.187621 ^ clkbuf_4_2_0_clk_i/X (sg13g2_buf_8)
                                                         clknet_4_2_0_clk_i (net)
                      0.031982    0.001733    0.189354 ^ _1097_/CLK (sg13g2_dfrbpq_1)
                                  0.100000    0.289354   clock uncertainty
                                 -0.008629    0.280724   clock reconvergence pessimism
                                 -0.031601    0.249123   library hold time
                                              0.249123   data required time
---------------------------------------------------------------------------------------------
                                              0.249123   data required time
                                             -0.539338   data arrival time
---------------------------------------------------------------------------------------------
                                              0.290215   slack (MET)


Startpoint: _1045_ (rising edge-triggered flip-flop clocked by clk_i)
Endpoint: _1045_ (rising edge-triggered flip-flop clocked by clk_i)
Path Group: clk_i
Path Type: min

Fanout         Cap        Slew       Delay        Time   Description
---------------------------------------------------------------------------------------------
                                  0.000000    0.000000   clock clk_i (rise edge)
                                  0.000000    0.000000   clock source latency
     1    0.032062    0.000000    0.000000    0.000000 ^ clk_i (in)
                                                         clk_i (net)
                      0.004516    0.002258    0.002258 ^ clkbuf_0_clk_i/A (sg13g2_buf_16)
    16    0.181972    0.058543    0.076554    0.078812 ^ clkbuf_0_clk_i/X (sg13g2_buf_16)
                                                         clknet_0_clk_i (net)
                      0.062973    0.012347    0.091159 ^ clkbuf_4_1_0_clk_i/A (sg13g2_buf_8)
     7    0.030513    0.029719    0.088663    0.179822 ^ clkbuf_4_1_0_clk_i/X (sg13g2_buf_8)
                                                         clknet_4_1_0_clk_i (net)
                      0.029733    0.001077    0.180899 ^ _1045_/CLK (sg13g2_dfrbpq_1)
     3    0.034831    0.112957    0.236618    0.417517 v _1045_/Q (sg13g2_dfrbpq_1)
                                                         net117 (net)
                      0.112959    0.000886    0.418403 v _0769_/B1 (sg13g2_a21oi_1)
     1    0.004624    0.058569    0.072934    0.491336 ^ _0769_/Y (sg13g2_a21oi_1)
                                                         _0275_ (net)
                      0.058569    0.000296    0.491632 ^ _0772_/A (sg13g2_nor2_1)
     1    0.004585    0.026492    0.048462    0.540095 v _0772_/Y (sg13g2_nor2_1)
                                                         _0044_ (net)
                      0.026497    0.000259    0.540354 v _1045_/D (sg13g2_dfrbpq_1)
                                              0.540354   data arrival time

                                  0.000000    0.000000   clock clk_i (rise edge)
                                  0.000000    0.000000   clock source latency
     1    0.034735    0.000000    0.000000    0.000000 ^ clk_i (in)
                                                         clk_i (net)
                      0.005104    0.002552    0.002552 ^ clkbuf_0_clk_i/A (sg13g2_buf_16)
    16    0.202468    0.063847    0.079427    0.081979 ^ clkbuf_0_clk_i/X (sg13g2_buf_16)
                                                         clknet_0_clk_i (net)
                      0.068873    0.013723    0.095702 ^ clkbuf_4_1_0_clk_i/A (sg13g2_buf_8)
     7    0.033887    0.031432    0.092801    0.188503 ^ clkbuf_4_1_0_clk_i/X (sg13g2_buf_8)
                                                         clknet_4_1_0_clk_i (net)
                      0.031450    0.001201    0.189704 ^ _1045_/CLK (sg13g2_dfrbpq_1)
                                  0.100000    0.289704   clock uncertainty
                                 -0.008805    0.280899   clock reconvergence pessimism
                                 -0.034056    0.246844   library hold time
                                              0.246844   data required time
---------------------------------------------------------------------------------------------
                                              0.246844   data required time
                                             -0.540354   data arrival time
---------------------------------------------------------------------------------------------
                                              0.293510   slack (MET)


Startpoint: _1098_ (rising edge-triggered flip-flop clocked by clk_i)
Endpoint: _1098_ (rising edge-triggered flip-flop clocked by clk_i)
Path Group: clk_i
Path Type: min

Fanout         Cap        Slew       Delay        Time   Description
---------------------------------------------------------------------------------------------
                                  0.000000    0.000000   clock clk_i (rise edge)
                                  0.000000    0.000000   clock source latency
     1    0.032062    0.000000    0.000000    0.000000 ^ clk_i (in)
                                                         clk_i (net)
                      0.004516    0.002258    0.002258 ^ clkbuf_0_clk_i/A (sg13g2_buf_16)
    16    0.181972    0.058543    0.076554    0.078812 ^ clkbuf_0_clk_i/X (sg13g2_buf_16)
                                                         clknet_0_clk_i (net)
                      0.063259    0.012734    0.091546 ^ clkbuf_4_0_0_clk_i/A (sg13g2_buf_8)
     7    0.039163    0.033476    0.092118    0.183664 ^ clkbuf_4_0_0_clk_i/X (sg13g2_buf_8)
                                                         clknet_4_0_0_clk_i (net)
                      0.033513    0.001209    0.184873 ^ _1098_/CLK (sg13g2_dfrbpq_1)
     3    0.038688    0.124317    0.247155    0.432028 v _1098_/Q (sg13g2_dfrbpq_1)
                                                         net105 (net)
                      0.124375    0.002551    0.434579 v _0987_/B1 (sg13g2_a21oi_1)
     1    0.004144    0.058030    0.072549    0.507128 ^ _0987_/Y (sg13g2_a21oi_1)
                                                         _0440_ (net)
                      0.058030    0.000279    0.507407 ^ _0990_/A (sg13g2_nor2_1)
     1    0.002250    0.020373    0.041860    0.549267 v _0990_/Y (sg13g2_nor2_1)
                                                         _0097_ (net)
                      0.020373    0.000156    0.549422 v _1098_/D (sg13g2_dfrbpq_1)
                                              0.549422   data arrival time

                                  0.000000    0.000000   clock clk_i (rise edge)
                                  0.000000    0.000000   clock source latency
     1    0.034735    0.000000    0.000000    0.000000 ^ clk_i (in)
                                                         clk_i (net)
                      0.005104    0.002552    0.002552 ^ clkbuf_0_clk_i/A (sg13g2_buf_16)
    16    0.202468    0.063847    0.079427    0.081979 ^ clkbuf_0_clk_i/X (sg13g2_buf_16)
                                                         clknet_0_clk_i (net)
                      0.069208    0.014162    0.096142 ^ clkbuf_4_0_0_clk_i/A (sg13g2_buf_8)
     7    0.042295    0.035074    0.096195    0.192337 ^ clkbuf_4_0_0_clk_i/X (sg13g2_buf_8)
                                                         clknet_4_0_0_clk_i (net)
                      0.035167    0.001312    0.193649 ^ _1098_/CLK (sg13g2_dfrbpq_1)
                                  0.100000    0.293649   clock uncertainty
                                 -0.008775    0.284873   clock reconvergence pessimism
                                 -0.031338    0.253535   library hold time
                                              0.253535   data required time
---------------------------------------------------------------------------------------------
                                              0.253535   data required time
                                             -0.549422   data arrival time
---------------------------------------------------------------------------------------------
                                              0.295887   slack (MET)


Startpoint: _1093_ (rising edge-triggered flip-flop clocked by clk_i)
Endpoint: _1093_ (rising edge-triggered flip-flop clocked by clk_i)
Path Group: clk_i
Path Type: min

Fanout         Cap        Slew       Delay        Time   Description
---------------------------------------------------------------------------------------------
                                  0.000000    0.000000   clock clk_i (rise edge)
                                  0.000000    0.000000   clock source latency
     1    0.032062    0.000000    0.000000    0.000000 ^ clk_i (in)
                                                         clk_i (net)
                      0.004516    0.002258    0.002258 ^ clkbuf_0_clk_i/A (sg13g2_buf_16)
    16    0.181972    0.058543    0.076554    0.078812 ^ clkbuf_0_clk_i/X (sg13g2_buf_16)
                                                         clknet_0_clk_i (net)
                      0.063259    0.012734    0.091546 ^ clkbuf_4_0_0_clk_i/A (sg13g2_buf_8)
     7    0.039163    0.033476    0.092118    0.183664 ^ clkbuf_4_0_0_clk_i/X (sg13g2_buf_8)
                                                         clknet_4_0_0_clk_i (net)
                      0.033541    0.001459    0.185123 ^ _1093_/CLK (sg13g2_dfrbpq_1)
     3    0.038231    0.123017    0.246513    0.431636 v _1093_/Q (sg13g2_dfrbpq_1)
                                                         net78 (net)
                      0.123020    0.000848    0.432485 v _0967_/B1 (sg13g2_a21oi_1)
     1    0.004384    0.059001    0.073581    0.506066 ^ _0967_/Y (sg13g2_a21oi_1)
                                                         _0425_ (net)
                      0.059001    0.000320    0.506385 ^ _0970_/A (sg13g2_nor2_1)
     1    0.002677    0.021003    0.043382    0.549767 v _0970_/Y (sg13g2_nor2_1)
                                                         _0092_ (net)
                      0.021003    0.000160    0.549927 v _1093_/D (sg13g2_dfrbpq_1)
                                              0.549927   data arrival time

                                  0.000000    0.000000   clock clk_i (rise edge)
                                  0.000000    0.000000   clock source latency
     1    0.034735    0.000000    0.000000    0.000000 ^ clk_i (in)
                                                         clk_i (net)
                      0.005104    0.002552    0.002552 ^ clkbuf_0_clk_i/A (sg13g2_buf_16)
    16    0.202468    0.063847    0.079427    0.081979 ^ clkbuf_0_clk_i/X (sg13g2_buf_16)
                                                         clknet_0_clk_i (net)
                      0.069208    0.014162    0.096142 ^ clkbuf_4_0_0_clk_i/A (sg13g2_buf_8)
     7    0.042295    0.035074    0.096195    0.192337 ^ clkbuf_4_0_0_clk_i/X (sg13g2_buf_8)
                                                         clknet_4_0_0_clk_i (net)
                      0.035199    0.001585    0.193922 ^ _1093_/CLK (sg13g2_dfrbpq_1)
                                  0.100000    0.293922   clock uncertainty
                                 -0.008798    0.285123   clock reconvergence pessimism
                                 -0.031531    0.253592   library hold time
                                              0.253592   data required time
---------------------------------------------------------------------------------------------
                                              0.253592   data required time
                                             -0.549927   data arrival time
---------------------------------------------------------------------------------------------
                                              0.296334   slack (MET)


Startpoint: _1009_ (rising edge-triggered flip-flop clocked by clk_i)
Endpoint: _1009_ (rising edge-triggered flip-flop clocked by clk_i)
Path Group: clk_i
Path Type: min

Fanout         Cap        Slew       Delay        Time   Description
---------------------------------------------------------------------------------------------
                                  0.000000    0.000000   clock clk_i (rise edge)
                                  0.000000    0.000000   clock source latency
     1    0.032062    0.000000    0.000000    0.000000 ^ clk_i (in)
                                                         clk_i (net)
                      0.004516    0.002258    0.002258 ^ clkbuf_0_clk_i/A (sg13g2_buf_16)
    16    0.181972    0.058543    0.076554    0.078812 ^ clkbuf_0_clk_i/X (sg13g2_buf_16)
                                                         clknet_0_clk_i (net)
                      0.062038    0.010996    0.089808 ^ clkbuf_4_10_0_clk_i/A (sg13g2_buf_8)
     7    0.033574    0.030894    0.088888    0.178696 ^ clkbuf_4_10_0_clk_i/X (sg13g2_buf_8)
                                                         clknet_4_10_0_clk_i (net)
                      0.031000    0.001730    0.180426 ^ _1009_/CLK (sg13g2_dfrbpq_1)
     2    0.026483    0.087448    0.219953    0.400379 v _1009_/Q (sg13g2_dfrbpq_1)
                                                         net174 (net)
                      0.087493    0.001876    0.402255 v _0628_/A1 (sg13g2_o21ai_1)
     1    0.003623    0.049303    0.110734    0.512990 ^ _0628_/Y (sg13g2_o21ai_1)
                                                         _0170_ (net)
                      0.049303    0.000241    0.513231 ^ _0629_/B1 (sg13g2_a21oi_1)
     1    0.003761    0.024737    0.037691    0.550923 v _0629_/Y (sg13g2_a21oi_1)
                                                         _0008_ (net)
                      0.024738    0.000283    0.551205 v _1009_/D (sg13g2_dfrbpq_1)
                                              0.551205   data arrival time

                                  0.000000    0.000000   clock clk_i (rise edge)
                                  0.000000    0.000000   clock source latency
     1    0.034735    0.000000    0.000000    0.000000 ^ clk_i (in)
                                                         clk_i (net)
                      0.005104    0.002552    0.002552 ^ clkbuf_0_clk_i/A (sg13g2_buf_16)
    16    0.202468    0.063847    0.079427    0.081979 ^ clkbuf_0_clk_i/X (sg13g2_buf_16)
                                                         clknet_0_clk_i (net)
                      0.067814    0.012243    0.094222 ^ clkbuf_4_10_0_clk_i/A (sg13g2_buf_8)
     7    0.036948    0.032557    0.092877    0.187100 ^ clkbuf_4_10_0_clk_i/X (sg13g2_buf_8)
                                                         clknet_4_10_0_clk_i (net)
                      0.032765    0.001911    0.189010 ^ _1009_/CLK (sg13g2_dfrbpq_1)
                                  0.100000    0.289010   clock uncertainty
                                 -0.008584    0.280426   clock reconvergence pessimism
                                 -0.033224    0.247203   library hold time
                                              0.247203   data required time
---------------------------------------------------------------------------------------------
                                              0.247203   data required time
                                             -0.551205   data arrival time
---------------------------------------------------------------------------------------------
                                              0.304002   slack (MET)


Startpoint: _1099_ (rising edge-triggered flip-flop clocked by clk_i)
Endpoint: _1099_ (rising edge-triggered flip-flop clocked by clk_i)
Path Group: clk_i
Path Type: min

Fanout         Cap        Slew       Delay        Time   Description
---------------------------------------------------------------------------------------------
                                  0.000000    0.000000   clock clk_i (rise edge)
                                  0.000000    0.000000   clock source latency
     1    0.032062    0.000000    0.000000    0.000000 ^ clk_i (in)
                                                         clk_i (net)
                      0.004516    0.002258    0.002258 ^ clkbuf_0_clk_i/A (sg13g2_buf_16)
    16    0.181972    0.058543    0.076554    0.078812 ^ clkbuf_0_clk_i/X (sg13g2_buf_16)
                                                         clknet_0_clk_i (net)
                      0.063259    0.012734    0.091546 ^ clkbuf_4_0_0_clk_i/A (sg13g2_buf_8)
     7    0.039163    0.033476    0.092118    0.183664 ^ clkbuf_4_0_0_clk_i/X (sg13g2_buf_8)
                                                         clknet_4_0_0_clk_i (net)
                      0.033519    0.001264    0.184928 ^ _1099_/CLK (sg13g2_dfrbpq_1)
     3    0.038731    0.123474    0.248921    0.433849 v _1099_/Q (sg13g2_dfrbpq_1)
                                                         net106 (net)
                      0.123474    0.000274    0.434123 v _0991_/B1 (sg13g2_a21oi_1)
     1    0.004929    0.061772    0.076636    0.510759 ^ _0991_/Y (sg13g2_a21oi_1)
                                                         _0443_ (net)
                      0.061773    0.000334    0.511093 ^ _0994_/A (sg13g2_nor2_1)
     1    0.003384    0.024301    0.046341    0.557433 v _0994_/Y (sg13g2_nor2_1)
                                                         _0098_ (net)
                      0.024302    0.000190    0.557623 v _1099_/D (sg13g2_dfrbpq_1)
                                              0.557623   data arrival time

                                  0.000000    0.000000   clock clk_i (rise edge)
                                  0.000000    0.000000   clock source latency
     1    0.034735    0.000000    0.000000    0.000000 ^ clk_i (in)
                                                         clk_i (net)
                      0.005104    0.002552    0.002552 ^ clkbuf_0_clk_i/A (sg13g2_buf_16)
    16    0.202468    0.063847    0.079427    0.081979 ^ clkbuf_0_clk_i/X (sg13g2_buf_16)
                                                         clknet_0_clk_i (net)
                      0.069208    0.014162    0.096142 ^ clkbuf_4_0_0_clk_i/A (sg13g2_buf_8)
     7    0.042295    0.035074    0.096195    0.192337 ^ clkbuf_4_0_0_clk_i/X (sg13g2_buf_8)
                                                         clknet_4_0_0_clk_i (net)
                      0.035173    0.001368    0.193705 ^ _1099_/CLK (sg13g2_dfrbpq_1)
                                  0.100000    0.293705   clock uncertainty
                                 -0.008776    0.284929   clock reconvergence pessimism
                                 -0.032583    0.252345   library hold time
                                              0.252345   data required time
---------------------------------------------------------------------------------------------
                                              0.252345   data required time
                                             -0.557623   data arrival time
---------------------------------------------------------------------------------------------
                                              0.305277   slack (MET)


Startpoint: _1007_ (rising edge-triggered flip-flop clocked by clk_i)
Endpoint: _1007_ (rising edge-triggered flip-flop clocked by clk_i)
Path Group: clk_i
Path Type: min

Fanout         Cap        Slew       Delay        Time   Description
---------------------------------------------------------------------------------------------
                                  0.000000    0.000000   clock clk_i (rise edge)
                                  0.000000    0.000000   clock source latency
     1    0.032062    0.000000    0.000000    0.000000 ^ clk_i (in)
                                                         clk_i (net)
                      0.004516    0.002258    0.002258 ^ clkbuf_0_clk_i/A (sg13g2_buf_16)
    16    0.181972    0.058543    0.076554    0.078812 ^ clkbuf_0_clk_i/X (sg13g2_buf_16)
                                                         clknet_0_clk_i (net)
                      0.061702    0.010475    0.089287 ^ clkbuf_4_8_0_clk_i/A (sg13g2_buf_8)
     7    0.032346    0.030358    0.088271    0.177557 ^ clkbuf_4_8_0_clk_i/X (sg13g2_buf_8)
                                                         clknet_4_8_0_clk_i (net)
                      0.030485    0.002009    0.179567 ^ _1007_/CLK (sg13g2_dfrbpq_1)
     2    0.032232    0.104209    0.233043    0.412610 v _1007_/Q (sg13g2_dfrbpq_1)
                                                         net172 (net)
                      0.104215    0.000908    0.413518 v _0620_/A1 (sg13g2_o21ai_1)
     1    0.002526    0.043504    0.108140    0.521658 ^ _0620_/Y (sg13g2_o21ai_1)
                                                         _0164_ (net)
                      0.043505    0.000197    0.521855 ^ _0621_/B1 (sg13g2_a21oi_1)
     1    0.002124    0.019338    0.031557    0.553412 v _0621_/Y (sg13g2_a21oi_1)
                                                         _0006_ (net)
                      0.019338    0.000152    0.553565 v _1007_/D (sg13g2_dfrbpq_1)
                                              0.553565   data arrival time

                                  0.000000    0.000000   clock clk_i (rise edge)
                                  0.000000    0.000000   clock source latency
     1    0.034735    0.000000    0.000000    0.000000 ^ clk_i (in)
                                                         clk_i (net)
                      0.005104    0.002552    0.002552 ^ clkbuf_0_clk_i/A (sg13g2_buf_16)
    16    0.202468    0.063847    0.079427    0.081979 ^ clkbuf_0_clk_i/X (sg13g2_buf_16)
                                                         clknet_0_clk_i (net)
                      0.067427    0.011661    0.093640 ^ clkbuf_4_8_0_clk_i/A (sg13g2_buf_8)
     7    0.035478    0.031922    0.092155    0.185795 ^ clkbuf_4_8_0_clk_i/X (sg13g2_buf_8)
                                                         clknet_4_8_0_clk_i (net)
                      0.032148    0.002206    0.188001 ^ _1007_/CLK (sg13g2_dfrbpq_1)
                                  0.100000    0.288001   clock uncertainty
                                 -0.008435    0.279567   clock reconvergence pessimism
                                 -0.031640    0.247927   library hold time
                                              0.247927   data required time
---------------------------------------------------------------------------------------------
                                              0.247927   data required time
                                             -0.553565   data arrival time
---------------------------------------------------------------------------------------------
                                              0.305638   slack (MET)


Startpoint: gpio_in[0] (input port clocked by clk_i)
Endpoint: _1002_ (rising edge-triggered flip-flop clocked by clk_i)
Path Group: clk_i
Path Type: min

Fanout         Cap        Slew       Delay        Time   Description
---------------------------------------------------------------------------------------------
                                  0.000000    0.000000   clock clk_i (rise edge)
                                  0.000000    0.000000   clock network delay (propagated)
                                  0.000000    0.000000 v input external delay
     1    0.005990    0.019282    0.004431    0.004431 v gpio_in[0] (in)
                                                         gpio_in[0] (net)
                      0.019283    0.000000    0.004431 v hold387/A (sg13g2_dlygate4sd3_1)
     1    0.003286    0.037741    0.367253    0.371685 v hold387/X (sg13g2_dlygate4sd3_1)
                                                         net387 (net)
                      0.037741    0.000126    0.371810 v input1/A (sg13g2_buf_1)
     1    0.004003    0.022969    0.068108    0.439918 v input1/X (sg13g2_buf_1)
                                                         net1 (net)
                      0.022970    0.000268    0.440187 v _0598_/A1 (sg13g2_a21oi_1)
     1    0.003898    0.050111    0.065393    0.505580 ^ _0598_/Y (sg13g2_a21oi_1)
                                                         _0147_ (net)
                      0.050111    0.000151    0.505730 ^ _0601_/A1 (sg13g2_a21oi_1)
     1    0.002603    0.022147    0.058390    0.564120 v _0601_/Y (sg13g2_a21oi_1)
                                                         _0001_ (net)
                      0.022147    0.000167    0.564287 v _1002_/D (sg13g2_dfrbpq_1)
                                              0.564287   data arrival time

                                  0.000000    0.000000   clock clk_i (rise edge)
                                  0.000000    0.000000   clock source latency
     1    0.034735    0.000000    0.000000    0.000000 ^ clk_i (in)
                                                         clk_i (net)
                      0.005104    0.002552    0.002552 ^ clkbuf_0_clk_i/A (sg13g2_buf_16)
    16    0.202468    0.063847    0.079427    0.081979 ^ clkbuf_0_clk_i/X (sg13g2_buf_16)
                                                         clknet_0_clk_i (net)
                      0.067814    0.012243    0.094222 ^ clkbuf_4_10_0_clk_i/A (sg13g2_buf_8)
     7    0.036948    0.032557    0.092877    0.187100 ^ clkbuf_4_10_0_clk_i/X (sg13g2_buf_8)
                                                         clknet_4_10_0_clk_i (net)
                      0.033013    0.003089    0.190189 ^ _1002_/CLK (sg13g2_dfrbpq_1)
                                  0.100000    0.290189   clock uncertainty
                                  0.000000    0.290189   clock reconvergence pessimism
                                 -0.032350    0.257838   library hold time
                                              0.257838   data required time
---------------------------------------------------------------------------------------------
                                              0.257838   data required time
                                             -0.564287   data arrival time
---------------------------------------------------------------------------------------------
                                              0.306448   slack (MET)


Startpoint: _1006_ (rising edge-triggered flip-flop clocked by clk_i)
Endpoint: _1006_ (rising edge-triggered flip-flop clocked by clk_i)
Path Group: clk_i
Path Type: min

Fanout         Cap        Slew       Delay        Time   Description
---------------------------------------------------------------------------------------------
                                  0.000000    0.000000   clock clk_i (rise edge)
                                  0.000000    0.000000   clock source latency
     1    0.032062    0.000000    0.000000    0.000000 ^ clk_i (in)
                                                         clk_i (net)
                      0.004516    0.002258    0.002258 ^ clkbuf_0_clk_i/A (sg13g2_buf_16)
    16    0.181972    0.058543    0.076554    0.078812 ^ clkbuf_0_clk_i/X (sg13g2_buf_16)
                                                         clknet_0_clk_i (net)
                      0.062038    0.010996    0.089808 ^ clkbuf_4_10_0_clk_i/A (sg13g2_buf_8)
     7    0.033574    0.030894    0.088888    0.178696 ^ clkbuf_4_10_0_clk_i/X (sg13g2_buf_8)
                                                         clknet_4_10_0_clk_i (net)
                      0.031195    0.002813    0.181509 ^ _1006_/CLK (sg13g2_dfrbpq_1)
     2    0.030616    0.100044    0.228834    0.410343 v _1006_/Q (sg13g2_dfrbpq_1)
                                                         net171 (net)
                      0.100085    0.001931    0.412274 v _0616_/A1 (sg13g2_o21ai_1)
     1    0.002850    0.046281    0.109469    0.521743 ^ _0616_/Y (sg13g2_o21ai_1)
                                                         _0161_ (net)
                      0.046281    0.000111    0.521854 ^ _0617_/B1 (sg13g2_a21oi_1)
     1    0.002951    0.022046    0.034603    0.556457 v _0617_/Y (sg13g2_a21oi_1)
                                                         _0005_ (net)
                      0.022046    0.000165    0.556622 v _1006_/D (sg13g2_dfrbpq_1)
                                              0.556622   data arrival time

                                  0.000000    0.000000   clock clk_i (rise edge)
                                  0.000000    0.000000   clock source latency
     1    0.034735    0.000000    0.000000    0.000000 ^ clk_i (in)
                                                         clk_i (net)
                      0.005104    0.002552    0.002552 ^ clkbuf_0_clk_i/A (sg13g2_buf_16)
    16    0.202468    0.063847    0.079427    0.081979 ^ clkbuf_0_clk_i/X (sg13g2_buf_16)
                                                         clknet_0_clk_i (net)
                      0.067814    0.012243    0.094222 ^ clkbuf_4_10_0_clk_i/A (sg13g2_buf_8)
     7    0.036948    0.032557    0.092877    0.187100 ^ clkbuf_4_10_0_clk_i/X (sg13g2_buf_8)
                                                         clknet_4_10_0_clk_i (net)
                      0.033019    0.003115    0.190214 ^ _1006_/CLK (sg13g2_dfrbpq_1)
                                  0.100000    0.290214   clock uncertainty
                                 -0.008705    0.281509   clock reconvergence pessimism
                                 -0.032317    0.249193   library hold time
                                              0.249193   data required time
---------------------------------------------------------------------------------------------
                                              0.249193   data required time
                                             -0.556622   data arrival time
---------------------------------------------------------------------------------------------
                                              0.307430   slack (MET)


Startpoint: _1096_ (rising edge-triggered flip-flop clocked by clk_i)
Endpoint: _1005_ (rising edge-triggered flip-flop clocked by clk_i)
Path Group: clk_i
Path Type: min

Fanout         Cap        Slew       Delay        Time   Description
---------------------------------------------------------------------------------------------
                                  0.000000    0.000000   clock clk_i (rise edge)
                                  0.000000    0.000000   clock source latency
     1    0.032062    0.000000    0.000000    0.000000 ^ clk_i (in)
                                                         clk_i (net)
                      0.004516    0.002258    0.002258 ^ clkbuf_0_clk_i/A (sg13g2_buf_16)
    16    0.181972    0.058543    0.076554    0.078812 ^ clkbuf_0_clk_i/X (sg13g2_buf_16)
                                                         clknet_0_clk_i (net)
                      0.062114    0.011113    0.089924 ^ clkbuf_4_3_0_clk_i/A (sg13g2_buf_8)
     7    0.032384    0.030496    0.089004    0.178929 ^ clkbuf_4_3_0_clk_i/X (sg13g2_buf_8)
                                                         clknet_4_3_0_clk_i (net)
                      0.030516    0.001258    0.180186 ^ _1096_/CLK (sg13g2_dfrbpq_1)
     3    0.031549    0.102797    0.230790    0.410976 v _1096_/Q (sg13g2_dfrbpq_1)
                                                         net103 (net)
                      0.102903    0.002972    0.413948 v _0610_/A1 (sg13g2_a21oi_1)
     1    0.003847    0.044993    0.091453    0.505401 ^ _0610_/Y (sg13g2_a21oi_1)
                                                         _0156_ (net)
                      0.044993    0.000273    0.505675 ^ _0613_/A1 (sg13g2_a21oi_1)
     1    0.002755    0.021530    0.057079    0.562753 v _0613_/Y (sg13g2_a21oi_1)
                                                         _0004_ (net)
                      0.021531    0.000192    0.562945 v _1005_/D (sg13g2_dfrbpq_1)
                                              0.562945   data arrival time

                                  0.000000    0.000000   clock clk_i (rise edge)
                                  0.000000    0.000000   clock source latency
     1    0.034735    0.000000    0.000000    0.000000 ^ clk_i (in)
                                                         clk_i (net)
                      0.005104    0.002552    0.002552 ^ clkbuf_0_clk_i/A (sg13g2_buf_16)
    16    0.202468    0.063847    0.079427    0.081979 ^ clkbuf_0_clk_i/X (sg13g2_buf_16)
                                                         clknet_0_clk_i (net)
                      0.067814    0.012243    0.094222 ^ clkbuf_4_10_0_clk_i/A (sg13g2_buf_8)
     7    0.036948    0.032557    0.092877    0.187100 ^ clkbuf_4_10_0_clk_i/X (sg13g2_buf_8)
                                                         clknet_4_10_0_clk_i (net)
                      0.032835    0.002286    0.189386 ^ _1005_/CLK (sg13g2_dfrbpq_1)
                                  0.100000    0.289386   clock uncertainty
                                 -0.003167    0.286219   clock reconvergence pessimism
                                 -0.032192    0.254027   library hold time
                                              0.254027   data required time
---------------------------------------------------------------------------------------------
                                              0.254027   data required time
                                             -0.562945   data arrival time
---------------------------------------------------------------------------------------------
                                              0.308918   slack (MET)


Startpoint: _1095_ (rising edge-triggered flip-flop clocked by clk_i)
Endpoint: _1095_ (rising edge-triggered flip-flop clocked by clk_i)
Path Group: clk_i
Path Type: min

Fanout         Cap        Slew       Delay        Time   Description
---------------------------------------------------------------------------------------------
                                  0.000000    0.000000   clock clk_i (rise edge)
                                  0.000000    0.000000   clock source latency
     1    0.032062    0.000000    0.000000    0.000000 ^ clk_i (in)
                                                         clk_i (net)
                      0.004516    0.002258    0.002258 ^ clkbuf_0_clk_i/A (sg13g2_buf_16)
    16    0.181972    0.058543    0.076554    0.078812 ^ clkbuf_0_clk_i/X (sg13g2_buf_16)
                                                         clknet_0_clk_i (net)
                      0.063259    0.012734    0.091546 ^ clkbuf_4_0_0_clk_i/A (sg13g2_buf_8)
     7    0.039163    0.033476    0.092118    0.183664 ^ clkbuf_4_0_0_clk_i/X (sg13g2_buf_8)
                                                         clknet_4_0_0_clk_i (net)
                      0.033551    0.001547    0.185211 ^ _1095_/CLK (sg13g2_dfrbpq_1)
     3    0.047863    0.152049    0.266703    0.451914 v _1095_/Q (sg13g2_dfrbpq_1)
                                                         net100 (net)
                      0.152080    0.002176    0.454090 v _0975_/B1 (sg13g2_a21oi_1)
     1    0.004846    0.065968    0.081879    0.535970 ^ _0975_/Y (sg13g2_a21oi_1)
                                                         _0431_ (net)
                      0.065969    0.000328    0.536298 ^ _0978_/A (sg13g2_nor2_1)
     1    0.001621    0.018984    0.042874    0.579172 v _0978_/Y (sg13g2_nor2_1)
                                                         _0094_ (net)
                      0.018985    0.000062    0.579234 v _1095_/D (sg13g2_dfrbpq_1)
                                              0.579234   data arrival time

                                  0.000000    0.000000   clock clk_i (rise edge)
                                  0.000000    0.000000   clock source latency
     1    0.034735    0.000000    0.000000    0.000000 ^ clk_i (in)
                                                         clk_i (net)
                      0.005104    0.002552    0.002552 ^ clkbuf_0_clk_i/A (sg13g2_buf_16)
    16    0.202468    0.063847    0.079427    0.081979 ^ clkbuf_0_clk_i/X (sg13g2_buf_16)
                                                         clknet_0_clk_i (net)
                      0.069208    0.014162    0.096142 ^ clkbuf_4_0_0_clk_i/A (sg13g2_buf_8)
     7    0.042295    0.035074    0.096195    0.192337 ^ clkbuf_4_0_0_clk_i/X (sg13g2_buf_8)
                                                         clknet_4_0_0_clk_i (net)
                      0.035211    0.001674    0.194011 ^ _1095_/CLK (sg13g2_dfrbpq_1)
                                  0.100000    0.294011   clock uncertainty
                                 -0.008800    0.285211   clock reconvergence pessimism
                                 -0.030888    0.254323   library hold time
                                              0.254323   data required time
---------------------------------------------------------------------------------------------
                                              0.254323   data required time
                                             -0.579234   data arrival time
---------------------------------------------------------------------------------------------
                                              0.324911   slack (MET)


Startpoint: _1004_ (rising edge-triggered flip-flop clocked by clk_i)
Endpoint: _1004_ (rising edge-triggered flip-flop clocked by clk_i)
Path Group: clk_i
Path Type: min

Fanout         Cap        Slew       Delay        Time   Description
---------------------------------------------------------------------------------------------
                                  0.000000    0.000000   clock clk_i (rise edge)
                                  0.000000    0.000000   clock source latency
     1    0.032062    0.000000    0.000000    0.000000 ^ clk_i (in)
                                                         clk_i (net)
                      0.004516    0.002258    0.002258 ^ clkbuf_0_clk_i/A (sg13g2_buf_16)
    16    0.181972    0.058543    0.076554    0.078812 ^ clkbuf_0_clk_i/X (sg13g2_buf_16)
                                                         clknet_0_clk_i (net)
                      0.062038    0.010996    0.089808 ^ clkbuf_4_10_0_clk_i/A (sg13g2_buf_8)
     7    0.033574    0.030894    0.088888    0.178696 ^ clkbuf_4_10_0_clk_i/X (sg13g2_buf_8)
                                                         clknet_4_10_0_clk_i (net)
                      0.031184    0.002763    0.181459 ^ _1004_/CLK (sg13g2_dfrbpq_1)
     2    0.031042    0.101295    0.229860    0.411319 v _1004_/Q (sg13g2_dfrbpq_1)
                                                         net167 (net)
                      0.101314    0.001396    0.412715 v _0608_/A1 (sg13g2_o21ai_1)
     1    0.004667    0.053359    0.122785    0.535501 ^ _0608_/Y (sg13g2_o21ai_1)
                                                         _0155_ (net)
                      0.053359    0.000333    0.535834 ^ _0609_/B1 (sg13g2_a21oi_1)
     1    0.003702    0.025347    0.038838    0.574672 v _0609_/Y (sg13g2_a21oi_1)
                                                         _0003_ (net)
                      0.025347    0.000191    0.574862 v _1004_/D (sg13g2_dfrbpq_1)
                                              0.574862   data arrival time

                                  0.000000    0.000000   clock clk_i (rise edge)
                                  0.000000    0.000000   clock source latency
     1    0.034735    0.000000    0.000000    0.000000 ^ clk_i (in)
                                                         clk_i (net)
                      0.005104    0.002552    0.002552 ^ clkbuf_0_clk_i/A (sg13g2_buf_16)
    16    0.202468    0.063847    0.079427    0.081979 ^ clkbuf_0_clk_i/X (sg13g2_buf_16)
                                                         clknet_0_clk_i (net)
                      0.067814    0.012243    0.094222 ^ clkbuf_4_10_0_clk_i/A (sg13g2_buf_8)
     7    0.036948    0.032557    0.092877    0.187100 ^ clkbuf_4_10_0_clk_i/X (sg13g2_buf_8)
                                                         clknet_4_10_0_clk_i (net)
                      0.033006    0.003061    0.190161 ^ _1004_/CLK (sg13g2_dfrbpq_1)
                                  0.100000    0.290161   clock uncertainty
                                 -0.008701    0.281459   clock reconvergence pessimism
                                 -0.033367    0.248093   library hold time
                                              0.248093   data required time
---------------------------------------------------------------------------------------------
                                              0.248093   data required time
                                             -0.574862   data arrival time
---------------------------------------------------------------------------------------------
                                              0.326770   slack (MET)


Startpoint: gpio_in[1] (input port clocked by clk_i)
Endpoint: _1003_ (rising edge-triggered flip-flop clocked by clk_i)
Path Group: clk_i
Path Type: min

Fanout         Cap        Slew       Delay        Time   Description
---------------------------------------------------------------------------------------------
                                  0.000000    0.000000   clock clk_i (rise edge)
                                  0.000000    0.000000   clock network delay (propagated)
                                  0.000000    0.000000 v input external delay
     1    0.005235    0.018762    0.003731    0.003731 v gpio_in[1] (in)
                                                         gpio_in[1] (net)
                      0.018763    0.000000    0.003731 v hold379/A (sg13g2_dlygate4sd3_1)
     1    0.004555    0.041120    0.371347    0.375078 v hold379/X (sg13g2_dlygate4sd3_1)
                                                         net379 (net)
                      0.041120    0.000278    0.375356 v input12/A (sg13g2_buf_1)
     1    0.004064    0.023240    0.069684    0.445039 v input12/X (sg13g2_buf_1)
                                                         net12 (net)
                      0.023241    0.000276    0.445316 v _0603_/B2 (sg13g2_a22oi_1)
     1    0.006104    0.073386    0.071571    0.516887 ^ _0603_/Y (sg13g2_a22oi_1)
                                                         _0151_ (net)
                      0.073411    0.000421    0.517308 ^ _0605_/A2 (sg13g2_a21oi_1)
     1    0.002786    0.023874    0.071943    0.589250 v _0605_/Y (sg13g2_a21oi_1)
                                                         _0002_ (net)
                      0.023875    0.000190    0.589440 v _1003_/D (sg13g2_dfrbpq_1)
                                              0.589440   data arrival time

                                  0.000000    0.000000   clock clk_i (rise edge)
                                  0.000000    0.000000   clock source latency
     1    0.034735    0.000000    0.000000    0.000000 ^ clk_i (in)
                                                         clk_i (net)
                      0.005104    0.002552    0.002552 ^ clkbuf_0_clk_i/A (sg13g2_buf_16)
    16    0.202468    0.063847    0.079427    0.081979 ^ clkbuf_0_clk_i/X (sg13g2_buf_16)
                                                         clknet_0_clk_i (net)
                      0.067814    0.012243    0.094222 ^ clkbuf_4_10_0_clk_i/A (sg13g2_buf_8)
     7    0.036948    0.032557    0.092877    0.187100 ^ clkbuf_4_10_0_clk_i/X (sg13g2_buf_8)
                                                         clknet_4_10_0_clk_i (net)
                      0.033029    0.003154    0.190254 ^ _1003_/CLK (sg13g2_dfrbpq_1)
                                  0.100000    0.290254   clock uncertainty
                                  0.000000    0.290254   clock reconvergence pessimism
                                 -0.032895    0.257359   library hold time
                                              0.257359   data required time
---------------------------------------------------------------------------------------------
                                              0.257359   data required time
                                             -0.589440   data arrival time
---------------------------------------------------------------------------------------------
                                              0.332081   slack (MET)


Startpoint: s_axil_awvalid (input port clocked by clk_i)
Endpoint: _1101_ (rising edge-triggered flip-flop clocked by clk_i)
Path Group: clk_i
Path Type: min

Fanout         Cap        Slew       Delay        Time   Description
---------------------------------------------------------------------------------------------
                                  0.000000    0.000000   clock clk_i (rise edge)
                                  0.000000    0.000000   clock network delay (propagated)
                                  0.000000    0.000000 v input external delay
     1    0.004008    0.017905    0.002987    0.002987 v s_axil_awvalid (in)
                                                         s_axil_awvalid (net)
                      0.017905    0.000000    0.002987 v input39/A (sg13g2_buf_1)
     3    0.025342    0.084859    0.110259    0.113246 v input39/X (sg13g2_buf_1)
                                                         net39 (net)
                      0.085037    0.003183    0.116429 v _0728_/B (sg13g2_nand2_1)
     2    0.010227    0.054674    0.080432    0.196861 ^ _0728_/Y (sg13g2_nand2_1)
                                                         _0244_ (net)
                      0.054692    0.000801    0.197662 ^ _0999_/A2 (sg13g2_o21ai_1)
     1    0.002546    0.030624    0.056943    0.254605 v _0999_/Y (sg13g2_o21ai_1)
                                                         _0449_ (net)
                      0.030624    0.000101    0.254707 v _1000_/A (sg13g2_nand3_1)
     1    0.002272    0.024818    0.033033    0.287740 ^ _1000_/Y (sg13g2_nand3_1)
                                                         _0100_ (net)
                      0.024818    0.000145    0.287885 ^ hold384/A (sg13g2_dlygate4sd3_1)
     1    0.003285    0.035561    0.356205    0.644090 ^ hold384/X (sg13g2_dlygate4sd3_1)
                                                         net384 (net)
                      0.035561    0.000180    0.644269 ^ _1101_/D (sg13g2_dfrbpq_1)
                                              0.644269   data arrival time

                                  0.000000    0.000000   clock clk_i (rise edge)
                                  0.000000    0.000000   clock source latency
     1    0.034735    0.000000    0.000000    0.000000 ^ clk_i (in)
                                                         clk_i (net)
                      0.005104    0.002552    0.002552 ^ clkbuf_0_clk_i/A (sg13g2_buf_16)
    16    0.202468    0.063847    0.079427    0.081979 ^ clkbuf_0_clk_i/X (sg13g2_buf_16)
                                                         clknet_0_clk_i (net)
                      0.068982    0.013867    0.095847 ^ clkbuf_4_5_0_clk_i/A (sg13g2_buf_8)
     7    0.032541    0.030852    0.092299    0.188145 ^ clkbuf_4_5_0_clk_i/X (sg13g2_buf_8)
                                                         clknet_4_5_0_clk_i (net)
                      0.030882    0.001630    0.189775 ^ _1101_/CLK (sg13g2_dfrbpq_1)
                                  0.100000    0.289775   clock uncertainty
                                  0.000000    0.289775   clock reconvergence pessimism
                                 -0.061990    0.227785   library hold time
                                              0.227785   data required time
---------------------------------------------------------------------------------------------
                                              0.227785   data required time
                                             -0.644269   data arrival time
---------------------------------------------------------------------------------------------
                                              0.416485   slack (MET)


Startpoint: s_axil_arvalid (input port clocked by clk_i)
Endpoint: _1001_ (rising edge-triggered flip-flop clocked by clk_i)
Path Group: clk_i
Path Type: min

Fanout         Cap        Slew       Delay        Time   Description
---------------------------------------------------------------------------------------------
                                  0.000000    0.000000   clock clk_i (rise edge)
                                  0.000000    0.000000   clock network delay (propagated)
                                  0.000000    0.000000 v input external delay
     1    0.002642    0.016941    0.001921    0.001921 v s_axil_arvalid (in)
                                                         s_axil_arvalid (net)
                      0.016941    0.000000    0.001921 v input36/A (sg13g2_buf_1)
     2    0.009305    0.037524    0.072224    0.074144 v input36/X (sg13g2_buf_1)
                                                         net36 (net)
                      0.037530    0.000487    0.074631 v _0591_/B_N (sg13g2_nor2b_1)
     2    0.020510    0.074577    0.113475    0.188106 v _0591_/Y (sg13g2_nor2b_1)
                                                         _0141_ (net)
                      0.074589    0.000963    0.189070 v fanout209/A (sg13g2_buf_1)
     8    0.052749    0.168038    0.195297    0.384367 v fanout209/X (sg13g2_buf_1)
                                                         net209 (net)
                      0.168050    0.001226    0.385593 v fanout207/A (sg13g2_buf_1)
     8    0.038725    0.125619    0.194297    0.579890 v fanout207/X (sg13g2_buf_1)
                                                         net207 (net)
                      0.125625    0.000996    0.580886 v _0593_/B (sg13g2_nand2_1)
     2    0.006047    0.056163    0.077296    0.658182 ^ _0593_/Y (sg13g2_nand2_1)
                                                         _0143_ (net)
                      0.056164    0.000421    0.658603 ^ _0594_/A (sg13g2_inv_1)
     1    0.001711    0.019321    0.031464    0.690067 v _0594_/Y (sg13g2_inv_1)
                                                         _0000_ (net)
                      0.019321    0.000065    0.690132 v _1001_/D (sg13g2_dfrbpq_1)
                                              0.690132   data arrival time

                                  0.000000    0.000000   clock clk_i (rise edge)
                                  0.000000    0.000000   clock source latency
     1    0.034735    0.000000    0.000000    0.000000 ^ clk_i (in)
                                                         clk_i (net)
                      0.005104    0.002552    0.002552 ^ clkbuf_0_clk_i/A (sg13g2_buf_16)
    16    0.202468    0.063847    0.079427    0.081979 ^ clkbuf_0_clk_i/X (sg13g2_buf_16)
                                                         clknet_0_clk_i (net)
                      0.070560    0.015829    0.097808 ^ clkbuf_4_13_0_clk_i/A (sg13g2_buf_8)
     7    0.034148    0.031612    0.093659    0.191467 ^ clkbuf_4_13_0_clk_i/X (sg13g2_buf_8)
                                                         clknet_4_13_0_clk_i (net)
                      0.031682    0.001800    0.193267 ^ _1001_/CLK (sg13g2_dfrbpq_1)
                                  0.100000    0.293267   clock uncertainty
                                  0.000000    0.293267   clock reconvergence pessimism
                                 -0.031732    0.261535   library hold time
                                              0.261535   data required time
---------------------------------------------------------------------------------------------
                                              0.261535   data required time
                                             -0.690132   data arrival time
---------------------------------------------------------------------------------------------
                                              0.428596   slack (MET)


Startpoint: _1033_ (rising edge-triggered flip-flop clocked by clk_i)
Endpoint: s_axil_rdata[31] (output port clocked by clk_i)
Path Group: clk_i
Path Type: min

Fanout         Cap        Slew       Delay        Time   Description
---------------------------------------------------------------------------------------------
                                  0.000000    0.000000   clock clk_i (rise edge)
                                  0.000000    0.000000   clock source latency
     1    0.032062    0.000000    0.000000    0.000000 ^ clk_i (in)
                                                         clk_i (net)
                      0.004516    0.002258    0.002258 ^ clkbuf_0_clk_i/A (sg13g2_buf_16)
    16    0.181972    0.058543    0.076554    0.078812 ^ clkbuf_0_clk_i/X (sg13g2_buf_16)
                                                         clknet_0_clk_i (net)
                      0.065182    0.015124    0.093935 ^ clkbuf_4_15_0_clk_i/A (sg13g2_buf_8)
     7    0.029341    0.029316    0.089302    0.183238 ^ clkbuf_4_15_0_clk_i/X (sg13g2_buf_8)
                                                         clknet_4_15_0_clk_i (net)
                      0.029340    0.001420    0.184658 ^ _1033_/CLK (sg13g2_dfrbpq_1)
     2    0.006314    0.028697    0.172237    0.356895 v _1033_/Q (sg13g2_dfrbpq_1)
                                                         net169 (net)
                      0.028697    0.000341    0.357236 v output169/A (sg13g2_buf_1)
     1    0.051008    0.162366    0.172173    0.529408 v output169/X (sg13g2_buf_1)
                                                         s_axil_rdata[31] (net)
                      0.162411    0.002293    0.531701 v s_axil_rdata[31] (out)
                                              0.531701   data arrival time

                                  0.000000    0.000000   clock clk_i (rise edge)
                                  0.000000    0.000000   clock network delay (propagated)
                                  0.100000    0.100000   clock uncertainty
                                  0.000000    0.100000   clock reconvergence pessimism
                                  0.000000    0.100000   output external delay
                                              0.100000   data required time
---------------------------------------------------------------------------------------------
                                              0.100000   data required time
                                             -0.531701   data arrival time
---------------------------------------------------------------------------------------------
                                              0.431701   slack (MET)


Startpoint: _1028_ (rising edge-triggered flip-flop clocked by clk_i)
Endpoint: s_axil_rdata[26] (output port clocked by clk_i)
Path Group: clk_i
Path Type: min

Fanout         Cap        Slew       Delay        Time   Description
---------------------------------------------------------------------------------------------
                                  0.000000    0.000000   clock clk_i (rise edge)
                                  0.000000    0.000000   clock source latency
     1    0.032062    0.000000    0.000000    0.000000 ^ clk_i (in)
                                                         clk_i (net)
                      0.004516    0.002258    0.002258 ^ clkbuf_0_clk_i/A (sg13g2_buf_16)
    16    0.181972    0.058543    0.076554    0.078812 ^ clkbuf_0_clk_i/X (sg13g2_buf_16)
                                                         clknet_0_clk_i (net)
                      0.065182    0.015124    0.093935 ^ clkbuf_4_15_0_clk_i/A (sg13g2_buf_8)
     7    0.029341    0.029316    0.089302    0.183238 ^ clkbuf_4_15_0_clk_i/X (sg13g2_buf_8)
                                                         clknet_4_15_0_clk_i (net)
                      0.029322    0.000669    0.183907 ^ _1028_/CLK (sg13g2_dfrbpq_1)
     2    0.007839    0.033014    0.175878    0.359785 v _1028_/Q (sg13g2_dfrbpq_1)
                                                         net163 (net)
                      0.033048    0.000443    0.360228 v output163/A (sg13g2_buf_1)
     1    0.050832    0.161326    0.172244    0.532472 v output163/X (sg13g2_buf_1)
                                                         s_axil_rdata[26] (net)
                      0.161486    0.004250    0.536722 v s_axil_rdata[26] (out)
                                              0.536722   data arrival time

                                  0.000000    0.000000   clock clk_i (rise edge)
                                  0.000000    0.000000   clock network delay (propagated)
                                  0.100000    0.100000   clock uncertainty
                                  0.000000    0.100000   clock reconvergence pessimism
                                  0.000000    0.100000   output external delay
                                              0.100000   data required time
---------------------------------------------------------------------------------------------
                                              0.100000   data required time
                                             -0.536722   data arrival time
---------------------------------------------------------------------------------------------
                                              0.436722   slack (MET)


Startpoint: _1025_ (rising edge-triggered flip-flop clocked by clk_i)
Endpoint: s_axil_rdata[23] (output port clocked by clk_i)
Path Group: clk_i
Path Type: min

Fanout         Cap        Slew       Delay        Time   Description
---------------------------------------------------------------------------------------------
                                  0.000000    0.000000   clock clk_i (rise edge)
                                  0.000000    0.000000   clock source latency
     1    0.032062    0.000000    0.000000    0.000000 ^ clk_i (in)
                                                         clk_i (net)
                      0.004516    0.002258    0.002258 ^ clkbuf_0_clk_i/A (sg13g2_buf_16)
    16    0.181972    0.058543    0.076554    0.078812 ^ clkbuf_0_clk_i/X (sg13g2_buf_16)
                                                         clknet_0_clk_i (net)
                      0.065182    0.015124    0.093935 ^ clkbuf_4_15_0_clk_i/A (sg13g2_buf_8)
     7    0.029341    0.029316    0.089302    0.183238 ^ clkbuf_4_15_0_clk_i/X (sg13g2_buf_8)
                                                         clknet_4_15_0_clk_i (net)
                      0.029341    0.001475    0.184713 ^ _1025_/CLK (sg13g2_dfrbpq_1)
     2    0.007719    0.032670    0.175589    0.360302 v _1025_/Q (sg13g2_dfrbpq_1)
                                                         net160 (net)
                      0.032702    0.000420    0.360722 v output160/A (sg13g2_buf_1)
     1    0.051149    0.162810    0.174235    0.534957 v output160/X (sg13g2_buf_1)
                                                         s_axil_rdata[23] (net)
                      0.162856    0.002312    0.537269 v s_axil_rdata[23] (out)
                                              0.537269   data arrival time

                                  0.000000    0.000000   clock clk_i (rise edge)
                                  0.000000    0.000000   clock network delay (propagated)
                                  0.100000    0.100000   clock uncertainty
                                  0.000000    0.100000   clock reconvergence pessimism
                                  0.000000    0.100000   output external delay
                                              0.100000   data required time
---------------------------------------------------------------------------------------------
                                              0.100000   data required time
                                             -0.537269   data arrival time
---------------------------------------------------------------------------------------------
                                              0.437269   slack (MET)


Startpoint: _1022_ (rising edge-triggered flip-flop clocked by clk_i)
Endpoint: s_axil_rdata[20] (output port clocked by clk_i)
Path Group: clk_i
Path Type: min

Fanout         Cap        Slew       Delay        Time   Description
---------------------------------------------------------------------------------------------
                                  0.000000    0.000000   clock clk_i (rise edge)
                                  0.000000    0.000000   clock source latency
     1    0.032062    0.000000    0.000000    0.000000 ^ clk_i (in)
                                                         clk_i (net)
                      0.004516    0.002258    0.002258 ^ clkbuf_0_clk_i/A (sg13g2_buf_16)
    16    0.181972    0.058543    0.076554    0.078812 ^ clkbuf_0_clk_i/X (sg13g2_buf_16)
                                                         clknet_0_clk_i (net)
                      0.064442    0.014245    0.093056 ^ clkbuf_4_13_0_clk_i/A (sg13g2_buf_8)
     7    0.030774    0.029894    0.089424    0.182480 ^ clkbuf_4_13_0_clk_i/X (sg13g2_buf_8)
                                                         clknet_4_13_0_clk_i (net)
                      0.029922    0.001483    0.183963 ^ _1022_/CLK (sg13g2_dfrbpq_1)
     2    0.008016    0.033550    0.176588    0.360551 v _1022_/Q (sg13g2_dfrbpq_1)
                                                         net157 (net)
                      0.033556    0.000471    0.361022 v output157/A (sg13g2_buf_1)
     1    0.050827    0.161312    0.172456    0.533477 v output157/X (sg13g2_buf_1)
                                                         s_axil_rdata[20] (net)
                      0.161472    0.004250    0.537727 v s_axil_rdata[20] (out)
                                              0.537727   data arrival time

                                  0.000000    0.000000   clock clk_i (rise edge)
                                  0.000000    0.000000   clock network delay (propagated)
                                  0.100000    0.100000   clock uncertainty
                                  0.000000    0.100000   clock reconvergence pessimism
                                  0.000000    0.100000   output external delay
                                              0.100000   data required time
---------------------------------------------------------------------------------------------
                                              0.100000   data required time
                                             -0.537727   data arrival time
---------------------------------------------------------------------------------------------
                                              0.437727   slack (MET)


Startpoint: _1029_ (rising edge-triggered flip-flop clocked by clk_i)
Endpoint: s_axil_rdata[27] (output port clocked by clk_i)
Path Group: clk_i
Path Type: min

Fanout         Cap        Slew       Delay        Time   Description
---------------------------------------------------------------------------------------------
                                  0.000000    0.000000   clock clk_i (rise edge)
                                  0.000000    0.000000   clock source latency
     1    0.032062    0.000000    0.000000    0.000000 ^ clk_i (in)
                                                         clk_i (net)
                      0.004516    0.002258    0.002258 ^ clkbuf_0_clk_i/A (sg13g2_buf_16)
    16    0.181972    0.058543    0.076554    0.078812 ^ clkbuf_0_clk_i/X (sg13g2_buf_16)
                                                         clknet_0_clk_i (net)
                      0.065182    0.015124    0.093935 ^ clkbuf_4_15_0_clk_i/A (sg13g2_buf_8)
     7    0.029341    0.029316    0.089302    0.183238 ^ clkbuf_4_15_0_clk_i/X (sg13g2_buf_8)
                                                         clknet_4_15_0_clk_i (net)
                      0.029339    0.001407    0.184645 ^ _1029_/CLK (sg13g2_dfrbpq_1)
     2    0.008172    0.033998    0.176689    0.361334 v _1029_/Q (sg13g2_dfrbpq_1)
                                                         net164 (net)
                      0.034005    0.000473    0.361807 v output164/A (sg13g2_buf_1)
     1    0.051975    0.165375    0.176455    0.538263 v output164/X (sg13g2_buf_1)
                                                         s_axil_rdata[27] (net)
                      0.165431    0.002569    0.540832 v s_axil_rdata[27] (out)
                                              0.540832   data arrival time

                                  0.000000    0.000000   clock clk_i (rise edge)
                                  0.000000    0.000000   clock network delay (propagated)
                                  0.100000    0.100000   clock uncertainty
                                  0.000000    0.100000   clock reconvergence pessimism
                                  0.000000    0.100000   output external delay
                                              0.100000   data required time
---------------------------------------------------------------------------------------------
                                              0.100000   data required time
                                             -0.540832   data arrival time
---------------------------------------------------------------------------------------------
                                              0.440832   slack (MET)


Startpoint: _1023_ (rising edge-triggered flip-flop clocked by clk_i)
Endpoint: s_axil_rdata[21] (output port clocked by clk_i)
Path Group: clk_i
Path Type: min

Fanout         Cap        Slew       Delay        Time   Description
---------------------------------------------------------------------------------------------
                                  0.000000    0.000000   clock clk_i (rise edge)
                                  0.000000    0.000000   clock source latency
     1    0.032062    0.000000    0.000000    0.000000 ^ clk_i (in)
                                                         clk_i (net)
                      0.004516    0.002258    0.002258 ^ clkbuf_0_clk_i/A (sg13g2_buf_16)
    16    0.181972    0.058543    0.076554    0.078812 ^ clkbuf_0_clk_i/X (sg13g2_buf_16)
                                                         clknet_0_clk_i (net)
                      0.065182    0.015124    0.093935 ^ clkbuf_4_15_0_clk_i/A (sg13g2_buf_8)
     7    0.029341    0.029316    0.089302    0.183238 ^ clkbuf_4_15_0_clk_i/X (sg13g2_buf_8)
                                                         clknet_4_15_0_clk_i (net)
                      0.029348    0.001654    0.184892 ^ _1023_/CLK (sg13g2_dfrbpq_1)
     2    0.009074    0.036665    0.178932    0.363823 v _1023_/Q (sg13g2_dfrbpq_1)
                                                         net158 (net)
                      0.036668    0.000378    0.364201 v output158/A (sg13g2_buf_1)
     1    0.051249    0.163089    0.176180    0.540382 v output158/X (sg13g2_buf_1)
                                                         s_axil_rdata[21] (net)
                      0.163178    0.002343    0.542724 v s_axil_rdata[21] (out)
                                              0.542724   data arrival time

                                  0.000000    0.000000   clock clk_i (rise edge)
                                  0.000000    0.000000   clock network delay (propagated)
                                  0.100000    0.100000   clock uncertainty
                                  0.000000    0.100000   clock reconvergence pessimism
                                  0.000000    0.100000   output external delay
                                              0.100000   data required time
---------------------------------------------------------------------------------------------
                                              0.100000   data required time
                                             -0.542724   data arrival time
---------------------------------------------------------------------------------------------
                                              0.442724   slack (MET)


Startpoint: _1026_ (rising edge-triggered flip-flop clocked by clk_i)
Endpoint: s_axil_rdata[24] (output port clocked by clk_i)
Path Group: clk_i
Path Type: min

Fanout         Cap        Slew       Delay        Time   Description
---------------------------------------------------------------------------------------------
                                  0.000000    0.000000   clock clk_i (rise edge)
                                  0.000000    0.000000   clock source latency
     1    0.032062    0.000000    0.000000    0.000000 ^ clk_i (in)
                                                         clk_i (net)
                      0.004516    0.002258    0.002258 ^ clkbuf_0_clk_i/A (sg13g2_buf_16)
    16    0.181972    0.058543    0.076554    0.078812 ^ clkbuf_0_clk_i/X (sg13g2_buf_16)
                                                         clknet_0_clk_i (net)
                      0.065182    0.015124    0.093935 ^ clkbuf_4_15_0_clk_i/A (sg13g2_buf_8)
     7    0.029341    0.029316    0.089302    0.183238 ^ clkbuf_4_15_0_clk_i/X (sg13g2_buf_8)
                                                         clknet_4_15_0_clk_i (net)
                      0.029316    0.000423    0.183661 ^ _1026_/CLK (sg13g2_dfrbpq_1)
     2    0.010147    0.039730    0.181430    0.365091 v _1026_/Q (sg13g2_dfrbpq_1)
                                                         net161 (net)
                      0.039740    0.000597    0.365688 v output161/A (sg13g2_buf_1)
     1    0.051021    0.162389    0.177072    0.542759 v output161/X (sg13g2_buf_1)
                                                         s_axil_rdata[24] (net)
                      0.162476    0.002287    0.545046 v s_axil_rdata[24] (out)
                                              0.545046   data arrival time

                                  0.000000    0.000000   clock clk_i (rise edge)
                                  0.000000    0.000000   clock network delay (propagated)
                                  0.100000    0.100000   clock uncertainty
                                  0.000000    0.100000   clock reconvergence pessimism
                                  0.000000    0.100000   output external delay
                                              0.100000   data required time
---------------------------------------------------------------------------------------------
                                              0.100000   data required time
                                             -0.545046   data arrival time
---------------------------------------------------------------------------------------------
                                              0.445046   slack (MET)


Startpoint: _1018_ (rising edge-triggered flip-flop clocked by clk_i)
Endpoint: s_axil_rdata[16] (output port clocked by clk_i)
Path Group: clk_i
Path Type: min

Fanout         Cap        Slew       Delay        Time   Description
---------------------------------------------------------------------------------------------
                                  0.000000    0.000000   clock clk_i (rise edge)
                                  0.000000    0.000000   clock source latency
     1    0.032062    0.000000    0.000000    0.000000 ^ clk_i (in)
                                                         clk_i (net)
                      0.004516    0.002258    0.002258 ^ clkbuf_0_clk_i/A (sg13g2_buf_16)
    16    0.181972    0.058543    0.076554    0.078812 ^ clkbuf_0_clk_i/X (sg13g2_buf_16)
                                                         clknet_0_clk_i (net)
                      0.063799    0.013441    0.092253 ^ clkbuf_4_12_0_clk_i/A (sg13g2_buf_8)
     7    0.033059    0.030856    0.090054    0.182307 ^ clkbuf_4_12_0_clk_i/X (sg13g2_buf_8)
                                                         clknet_4_12_0_clk_i (net)
                      0.030873    0.001137    0.183444 ^ _1018_/CLK (sg13g2_dfrbpq_1)
     2    0.010693    0.041332    0.183477    0.366921 v _1018_/Q (sg13g2_dfrbpq_1)
                                                         net152 (net)
                      0.041342    0.000626    0.367546 v output152/A (sg13g2_buf_1)
     1    0.050747    0.161554    0.177202    0.544748 v output152/X (sg13g2_buf_1)
                                                         s_axil_rdata[16] (net)
                      0.161639    0.002237    0.546986 v s_axil_rdata[16] (out)
                                              0.546986   data arrival time

                                  0.000000    0.000000   clock clk_i (rise edge)
                                  0.000000    0.000000   clock network delay (propagated)
                                  0.100000    0.100000   clock uncertainty
                                  0.000000    0.100000   clock reconvergence pessimism
                                  0.000000    0.100000   output external delay
                                              0.100000   data required time
---------------------------------------------------------------------------------------------
                                              0.100000   data required time
                                             -0.546986   data arrival time
---------------------------------------------------------------------------------------------
                                              0.446986   slack (MET)


Startpoint: _1019_ (rising edge-triggered flip-flop clocked by clk_i)
Endpoint: s_axil_rdata[17] (output port clocked by clk_i)
Path Group: clk_i
Path Type: min

Fanout         Cap        Slew       Delay        Time   Description
---------------------------------------------------------------------------------------------
                                  0.000000    0.000000   clock clk_i (rise edge)
                                  0.000000    0.000000   clock source latency
     1    0.032062    0.000000    0.000000    0.000000 ^ clk_i (in)
                                                         clk_i (net)
                      0.004516    0.002258    0.002258 ^ clkbuf_0_clk_i/A (sg13g2_buf_16)
    16    0.181972    0.058543    0.076554    0.078812 ^ clkbuf_0_clk_i/X (sg13g2_buf_16)
                                                         clknet_0_clk_i (net)
                      0.063799    0.013441    0.092253 ^ clkbuf_4_12_0_clk_i/A (sg13g2_buf_8)
     7    0.033059    0.030856    0.090054    0.182307 ^ clkbuf_4_12_0_clk_i/X (sg13g2_buf_8)
                                                         clknet_4_12_0_clk_i (net)
                      0.030874    0.001165    0.183472 ^ _1019_/CLK (sg13g2_dfrbpq_1)
     2    0.010545    0.040896    0.183141    0.366613 v _1019_/Q (sg13g2_dfrbpq_1)
                                                         net153 (net)
                      0.040906    0.000626    0.367239 v output153/A (sg13g2_buf_1)
     1    0.051041    0.162458    0.177614    0.544853 v output153/X (sg13g2_buf_1)
                                                         s_axil_rdata[17] (net)
                      0.162545    0.002308    0.547161 v s_axil_rdata[17] (out)
                                              0.547161   data arrival time

                                  0.000000    0.000000   clock clk_i (rise edge)
                                  0.000000    0.000000   clock network delay (propagated)
                                  0.100000    0.100000   clock uncertainty
                                  0.000000    0.100000   clock reconvergence pessimism
                                  0.000000    0.100000   output external delay
                                              0.100000   data required time
---------------------------------------------------------------------------------------------
                                              0.100000   data required time
                                             -0.547161   data arrival time
---------------------------------------------------------------------------------------------
                                              0.447161   slack (MET)


Startpoint: _1021_ (rising edge-triggered flip-flop clocked by clk_i)
Endpoint: s_axil_rdata[19] (output port clocked by clk_i)
Path Group: clk_i
Path Type: min

Fanout         Cap        Slew       Delay        Time   Description
---------------------------------------------------------------------------------------------
                                  0.000000    0.000000   clock clk_i (rise edge)
                                  0.000000    0.000000   clock source latency
     1    0.032062    0.000000    0.000000    0.000000 ^ clk_i (in)
                                                         clk_i (net)
                      0.004516    0.002258    0.002258 ^ clkbuf_0_clk_i/A (sg13g2_buf_16)
    16    0.181972    0.058543    0.076554    0.078812 ^ clkbuf_0_clk_i/X (sg13g2_buf_16)
                                                         clknet_0_clk_i (net)
                      0.063799    0.013441    0.092253 ^ clkbuf_4_12_0_clk_i/A (sg13g2_buf_8)
     7    0.033059    0.030856    0.090054    0.182307 ^ clkbuf_4_12_0_clk_i/X (sg13g2_buf_8)
                                                         clknet_4_12_0_clk_i (net)
                      0.030876    0.001249    0.183556 ^ _1021_/CLK (sg13g2_dfrbpq_1)
     2    0.011568    0.043908    0.185572    0.369127 v _1021_/Q (sg13g2_dfrbpq_1)
                                                         net155 (net)
                      0.043919    0.000683    0.369810 v output155/A (sg13g2_buf_1)
     1    0.050877    0.161962    0.178600    0.548410 v output155/X (sg13g2_buf_1)
                                                         s_axil_rdata[19] (net)
                      0.162048    0.002272    0.550682 v s_axil_rdata[19] (out)
                                              0.550682   data arrival time

                                  0.000000    0.000000   clock clk_i (rise edge)
                                  0.000000    0.000000   clock network delay (propagated)
                                  0.100000    0.100000   clock uncertainty
                                  0.000000    0.100000   clock reconvergence pessimism
                                  0.000000    0.100000   output external delay
                                              0.100000   data required time
---------------------------------------------------------------------------------------------
                                              0.100000   data required time
                                             -0.550682   data arrival time
---------------------------------------------------------------------------------------------
                                              0.450682   slack (MET)


Startpoint: _1020_ (rising edge-triggered flip-flop clocked by clk_i)
Endpoint: s_axil_rdata[18] (output port clocked by clk_i)
Path Group: clk_i
Path Type: min

Fanout         Cap        Slew       Delay        Time   Description
---------------------------------------------------------------------------------------------
                                  0.000000    0.000000   clock clk_i (rise edge)
                                  0.000000    0.000000   clock source latency
     1    0.032062    0.000000    0.000000    0.000000 ^ clk_i (in)
                                                         clk_i (net)
                      0.004516    0.002258    0.002258 ^ clkbuf_0_clk_i/A (sg13g2_buf_16)
    16    0.181972    0.058543    0.076554    0.078812 ^ clkbuf_0_clk_i/X (sg13g2_buf_16)
                                                         clknet_0_clk_i (net)
                      0.065152    0.015089    0.093901 ^ clkbuf_4_14_0_clk_i/A (sg13g2_buf_8)
     7    0.033965    0.031209    0.090570    0.184471 ^ clkbuf_4_14_0_clk_i/X (sg13g2_buf_8)
                                                         clknet_4_14_0_clk_i (net)
                      0.031269    0.001488    0.185959 ^ _1020_/CLK (sg13g2_dfrbpq_1)
     2    0.011319    0.043172    0.185186    0.371144 v _1020_/Q (sg13g2_dfrbpq_1)
                                                         net154 (net)
                      0.043184    0.000698    0.371842 v output154/A (sg13g2_buf_1)
     1    0.050971    0.162247    0.178476    0.550318 v output154/X (sg13g2_buf_1)
                                                         s_axil_rdata[18] (net)
                      0.162333    0.002286    0.552604 v s_axil_rdata[18] (out)
                                              0.552604   data arrival time

                                  0.000000    0.000000   clock clk_i (rise edge)
                                  0.000000    0.000000   clock network delay (propagated)
                                  0.100000    0.100000   clock uncertainty
                                  0.000000    0.100000   clock reconvergence pessimism
                                  0.000000    0.100000   output external delay
                                              0.100000   data required time
---------------------------------------------------------------------------------------------
                                              0.100000   data required time
                                             -0.552604   data arrival time
---------------------------------------------------------------------------------------------
                                              0.452604   slack (MET)


Startpoint: _1032_ (rising edge-triggered flip-flop clocked by clk_i)
Endpoint: s_axil_rdata[30] (output port clocked by clk_i)
Path Group: clk_i
Path Type: min

Fanout         Cap        Slew       Delay        Time   Description
---------------------------------------------------------------------------------------------
                                  0.000000    0.000000   clock clk_i (rise edge)
                                  0.000000    0.000000   clock source latency
     1    0.032062    0.000000    0.000000    0.000000 ^ clk_i (in)
                                                         clk_i (net)
                      0.004516    0.002258    0.002258 ^ clkbuf_0_clk_i/A (sg13g2_buf_16)
    16    0.181972    0.058543    0.076554    0.078812 ^ clkbuf_0_clk_i/X (sg13g2_buf_16)
                                                         clknet_0_clk_i (net)
                      0.065152    0.015089    0.093901 ^ clkbuf_4_14_0_clk_i/A (sg13g2_buf_8)
     7    0.033965    0.031209    0.090570    0.184471 ^ clkbuf_4_14_0_clk_i/X (sg13g2_buf_8)
                                                         clknet_4_14_0_clk_i (net)
                      0.031584    0.003258    0.187729 ^ _1032_/CLK (sg13g2_dfrbpq_1)
     2    0.011677    0.044312    0.186295    0.374025 v _1032_/Q (sg13g2_dfrbpq_1)
                                                         net168 (net)
                      0.044317    0.000504    0.374528 v output168/A (sg13g2_buf_1)
     1    0.051123    0.162713    0.179308    0.553836 v output168/X (sg13g2_buf_1)
                                                         s_axil_rdata[30] (net)
                      0.162800    0.002292    0.556129 v s_axil_rdata[30] (out)
                                              0.556129   data arrival time

                                  0.000000    0.000000   clock clk_i (rise edge)
                                  0.000000    0.000000   clock network delay (propagated)
                                  0.100000    0.100000   clock uncertainty
                                  0.000000    0.100000   clock reconvergence pessimism
                                  0.000000    0.100000   output external delay
                                              0.100000   data required time
---------------------------------------------------------------------------------------------
                                              0.100000   data required time
                                             -0.556129   data arrival time
---------------------------------------------------------------------------------------------
                                              0.456129   slack (MET)


Startpoint: _1001_ (rising edge-triggered flip-flop clocked by clk_i)
Endpoint: s_axil_arready (output port clocked by clk_i)
Path Group: clk_i
Path Type: min

Fanout         Cap        Slew       Delay        Time   Description
---------------------------------------------------------------------------------------------
                                  0.000000    0.000000   clock clk_i (rise edge)
                                  0.000000    0.000000   clock source latency
     1    0.032062    0.000000    0.000000    0.000000 ^ clk_i (in)
                                                         clk_i (net)
                      0.004516    0.002258    0.002258 ^ clkbuf_0_clk_i/A (sg13g2_buf_16)
    16    0.181972    0.058543    0.076554    0.078812 ^ clkbuf_0_clk_i/X (sg13g2_buf_16)
                                                         clknet_0_clk_i (net)
                      0.064442    0.014245    0.093056 ^ clkbuf_4_13_0_clk_i/A (sg13g2_buf_8)
     7    0.030774    0.029894    0.089424    0.182480 ^ clkbuf_4_13_0_clk_i/X (sg13g2_buf_8)
                                                         clknet_4_13_0_clk_i (net)
                      0.029929    0.001623    0.184103 ^ _1001_/CLK (sg13g2_dfrbpq_1)
     4    0.013357    0.049269    0.189614    0.373717 v _1001_/Q (sg13g2_dfrbpq_1)
                                                         net142 (net)
                      0.049269    0.000144    0.373861 v output142/A (sg13g2_buf_1)
     1    0.050651    0.161280    0.180503    0.554365 v output142/X (sg13g2_buf_1)
                                                         s_axil_arready (net)
                      0.161363    0.002202    0.556566 v s_axil_arready (out)
                                              0.556566   data arrival time

                                  0.000000    0.000000   clock clk_i (rise edge)
                                  0.000000    0.000000   clock network delay (propagated)
                                  0.100000    0.100000   clock uncertainty
                                  0.000000    0.100000   clock reconvergence pessimism
                                  0.000000    0.100000   output external delay
                                              0.100000   data required time
---------------------------------------------------------------------------------------------
                                              0.100000   data required time
                                             -0.556566   data arrival time
---------------------------------------------------------------------------------------------
                                              0.456566   slack (MET)


Startpoint: _1036_ (rising edge-triggered flip-flop clocked by clk_i)
Endpoint: s_axil_bvalid (output port clocked by clk_i)
Path Group: clk_i
Path Type: min

Fanout         Cap        Slew       Delay        Time   Description
---------------------------------------------------------------------------------------------
                                  0.000000    0.000000   clock clk_i (rise edge)
                                  0.000000    0.000000   clock source latency
     1    0.032062    0.000000    0.000000    0.000000 ^ clk_i (in)
                                                         clk_i (net)
                      0.004516    0.002258    0.002258 ^ clkbuf_0_clk_i/A (sg13g2_buf_16)
    16    0.181972    0.058543    0.076554    0.078812 ^ clkbuf_0_clk_i/X (sg13g2_buf_16)
                                                         clknet_0_clk_i (net)
                      0.063060    0.012466    0.091278 ^ clkbuf_4_5_0_clk_i/A (sg13g2_buf_8)
     7    0.029167    0.029137    0.088155    0.179433 ^ clkbuf_4_5_0_clk_i/X (sg13g2_buf_8)
                                                         clknet_4_5_0_clk_i (net)
                      0.029167    0.001615    0.181048 ^ _1036_/CLK (sg13g2_dfrbpq_1)
     3    0.012261    0.045972    0.186273    0.367321 v _1036_/Q (sg13g2_dfrbpq_1)
                                                         net144 (net)
                      0.045989    0.000835    0.368156 v output144/A (sg13g2_buf_1)
     1    0.054942    0.174251    0.188750    0.556905 v output144/X (sg13g2_buf_1)
                                                         s_axil_bvalid (net)
                      0.174328    0.002053    0.558959 v s_axil_bvalid (out)
                                              0.558959   data arrival time

                                  0.000000    0.000000   clock clk_i (rise edge)
                                  0.000000    0.000000   clock network delay (propagated)
                                  0.100000    0.100000   clock uncertainty
                                  0.000000    0.100000   clock reconvergence pessimism
                                  0.000000    0.100000   output external delay
                                              0.100000   data required time
---------------------------------------------------------------------------------------------
                                              0.100000   data required time
                                             -0.558959   data arrival time
---------------------------------------------------------------------------------------------
                                              0.458959   slack (MET)


Startpoint: _1024_ (rising edge-triggered flip-flop clocked by clk_i)
Endpoint: s_axil_rdata[22] (output port clocked by clk_i)
Path Group: clk_i
Path Type: min

Fanout         Cap        Slew       Delay        Time   Description
---------------------------------------------------------------------------------------------
                                  0.000000    0.000000   clock clk_i (rise edge)
                                  0.000000    0.000000   clock source latency
     1    0.032062    0.000000    0.000000    0.000000 ^ clk_i (in)
                                                         clk_i (net)
                      0.004516    0.002258    0.002258 ^ clkbuf_0_clk_i/A (sg13g2_buf_16)
    16    0.181972    0.058543    0.076554    0.078812 ^ clkbuf_0_clk_i/X (sg13g2_buf_16)
                                                         clknet_0_clk_i (net)
                      0.065152    0.015089    0.093901 ^ clkbuf_4_14_0_clk_i/A (sg13g2_buf_8)
     7    0.033965    0.031209    0.090570    0.184471 ^ clkbuf_4_14_0_clk_i/X (sg13g2_buf_8)
                                                         clknet_4_14_0_clk_i (net)
                      0.031340    0.002026    0.186497 ^ _1024_/CLK (sg13g2_dfrbpq_1)
     2    0.013129    0.048683    0.189526    0.376023 v _1024_/Q (sg13g2_dfrbpq_1)
                                                         net159 (net)
                      0.048698    0.000811    0.376834 v output159/A (sg13g2_buf_1)
     1    0.051279    0.163219    0.181517    0.558351 v output159/X (sg13g2_buf_1)
                                                         s_axil_rdata[22] (net)
                      0.163310    0.002382    0.560733 v s_axil_rdata[22] (out)
                                              0.560733   data arrival time

                                  0.000000    0.000000   clock clk_i (rise edge)
                                  0.000000    0.000000   clock network delay (propagated)
                                  0.100000    0.100000   clock uncertainty
                                  0.000000    0.100000   clock reconvergence pessimism
                                  0.000000    0.100000   output external delay
                                              0.100000   data required time
---------------------------------------------------------------------------------------------
                                              0.100000   data required time
                                             -0.560733   data arrival time
---------------------------------------------------------------------------------------------
                                              0.460733   slack (MET)


Startpoint: _1034_ (rising edge-triggered flip-flop clocked by clk_i)
Endpoint: s_axil_rvalid (output port clocked by clk_i)
Path Group: clk_i
Path Type: min

Fanout         Cap        Slew       Delay        Time   Description
---------------------------------------------------------------------------------------------
                                  0.000000    0.000000   clock clk_i (rise edge)
                                  0.000000    0.000000   clock source latency
     1    0.032062    0.000000    0.000000    0.000000 ^ clk_i (in)
                                                         clk_i (net)
                      0.004516    0.002258    0.002258 ^ clkbuf_0_clk_i/A (sg13g2_buf_16)
    16    0.181972    0.058543    0.076554    0.078812 ^ clkbuf_0_clk_i/X (sg13g2_buf_16)
                                                         clknet_0_clk_i (net)
                      0.064442    0.014245    0.093056 ^ clkbuf_4_13_0_clk_i/A (sg13g2_buf_8)
     7    0.030774    0.029894    0.089424    0.182480 ^ clkbuf_4_13_0_clk_i/X (sg13g2_buf_8)
                                                         clknet_4_13_0_clk_i (net)
                      0.029927    0.001575    0.184056 ^ _1034_/CLK (sg13g2_dfrbpq_1)
     2    0.014440    0.052426    0.191933    0.375989 v _1034_/Q (sg13g2_dfrbpq_1)
                                                         net177 (net)
                      0.052451    0.001062    0.377051 v output177/A (sg13g2_buf_1)
     1    0.051291    0.163264    0.183191    0.560242 v output177/X (sg13g2_buf_1)
                                                         s_axil_rvalid (net)
                      0.163355    0.002389    0.562631 v s_axil_rvalid (out)
                                              0.562631   data arrival time

                                  0.000000    0.000000   clock clk_i (rise edge)
                                  0.000000    0.000000   clock network delay (propagated)
                                  0.100000    0.100000   clock uncertainty
                                  0.000000    0.100000   clock reconvergence pessimism
                                  0.000000    0.100000   output external delay
                                              0.100000   data required time
---------------------------------------------------------------------------------------------
                                              0.100000   data required time
                                             -0.562631   data arrival time
---------------------------------------------------------------------------------------------
                                              0.462631   slack (MET)


Startpoint: _1012_ (rising edge-triggered flip-flop clocked by clk_i)
Endpoint: s_axil_rdata[10] (output port clocked by clk_i)
Path Group: clk_i
Path Type: min

Fanout         Cap        Slew       Delay        Time   Description
---------------------------------------------------------------------------------------------
                                  0.000000    0.000000   clock clk_i (rise edge)
                                  0.000000    0.000000   clock source latency
     1    0.032062    0.000000    0.000000    0.000000 ^ clk_i (in)
                                                         clk_i (net)
                      0.004516    0.002258    0.002258 ^ clkbuf_0_clk_i/A (sg13g2_buf_16)
    16    0.181972    0.058543    0.076554    0.078812 ^ clkbuf_0_clk_i/X (sg13g2_buf_16)
                                                         clknet_0_clk_i (net)
                      0.061499    0.010148    0.088959 ^ clkbuf_4_9_0_clk_i/A (sg13g2_buf_8)
     7    0.030034    0.029453    0.087829    0.176789 ^ clkbuf_4_9_0_clk_i/X (sg13g2_buf_8)
                                                         clknet_4_9_0_clk_i (net)
                      0.029467    0.001058    0.177846 ^ _1012_/CLK (sg13g2_dfrbpq_1)
     2    0.016540    0.058922    0.196736    0.374583 v _1012_/Q (sg13g2_dfrbpq_1)
                                                         net146 (net)
                      0.058948    0.001139    0.375722 v output146/A (sg13g2_buf_1)
     1    0.050880    0.162022    0.185217    0.560939 v output146/X (sg13g2_buf_1)
                                                         s_axil_rdata[10] (net)
                      0.162108    0.002272    0.563211 v s_axil_rdata[10] (out)
                                              0.563211   data arrival time

                                  0.000000    0.000000   clock clk_i (rise edge)
                                  0.000000    0.000000   clock network delay (propagated)
                                  0.100000    0.100000   clock uncertainty
                                  0.000000    0.100000   clock reconvergence pessimism
                                  0.000000    0.100000   output external delay
                                              0.100000   data required time
---------------------------------------------------------------------------------------------
                                              0.100000   data required time
                                             -0.563211   data arrival time
---------------------------------------------------------------------------------------------
                                              0.463211   slack (MET)


Startpoint: _1016_ (rising edge-triggered flip-flop clocked by clk_i)
Endpoint: s_axil_rdata[14] (output port clocked by clk_i)
Path Group: clk_i
Path Type: min

Fanout         Cap        Slew       Delay        Time   Description
---------------------------------------------------------------------------------------------
                                  0.000000    0.000000   clock clk_i (rise edge)
                                  0.000000    0.000000   clock source latency
     1    0.032062    0.000000    0.000000    0.000000 ^ clk_i (in)
                                                         clk_i (net)
                      0.004516    0.002258    0.002258 ^ clkbuf_0_clk_i/A (sg13g2_buf_16)
    16    0.181972    0.058543    0.076554    0.078812 ^ clkbuf_0_clk_i/X (sg13g2_buf_16)
                                                         clknet_0_clk_i (net)
                      0.061499    0.010148    0.088959 ^ clkbuf_4_9_0_clk_i/A (sg13g2_buf_8)
     7    0.030034    0.029453    0.087829    0.176789 ^ clkbuf_4_9_0_clk_i/X (sg13g2_buf_8)
                                                         clknet_4_9_0_clk_i (net)
                      0.029462    0.000794    0.177582 ^ _1016_/CLK (sg13g2_dfrbpq_1)
     2    0.017189    0.060858    0.198331    0.375913 v _1016_/Q (sg13g2_dfrbpq_1)
                                                         net150 (net)
                      0.060885    0.001180    0.377093 v output150/A (sg13g2_buf_1)
     1    0.050664    0.161360    0.185641    0.562734 v output150/X (sg13g2_buf_1)
                                                         s_axil_rdata[14] (net)
                      0.161444    0.002202    0.564936 v s_axil_rdata[14] (out)
                                              0.564936   data arrival time

                                  0.000000    0.000000   clock clk_i (rise edge)
                                  0.000000    0.000000   clock network delay (propagated)
                                  0.100000    0.100000   clock uncertainty
                                  0.000000    0.100000   clock reconvergence pessimism
                                  0.000000    0.100000   output external delay
                                              0.100000   data required time
---------------------------------------------------------------------------------------------
                                              0.100000   data required time
                                             -0.564936   data arrival time
---------------------------------------------------------------------------------------------
                                              0.464936   slack (MET)


Startpoint: _1031_ (rising edge-triggered flip-flop clocked by clk_i)
Endpoint: s_axil_rdata[29] (output port clocked by clk_i)
Path Group: clk_i
Path Type: min

Fanout         Cap        Slew       Delay        Time   Description
---------------------------------------------------------------------------------------------
                                  0.000000    0.000000   clock clk_i (rise edge)
                                  0.000000    0.000000   clock source latency
     1    0.032062    0.000000    0.000000    0.000000 ^ clk_i (in)
                                                         clk_i (net)
                      0.004516    0.002258    0.002258 ^ clkbuf_0_clk_i/A (sg13g2_buf_16)
    16    0.181972    0.058543    0.076554    0.078812 ^ clkbuf_0_clk_i/X (sg13g2_buf_16)
                                                         clknet_0_clk_i (net)
                      0.065152    0.015089    0.093901 ^ clkbuf_4_14_0_clk_i/A (sg13g2_buf_8)
     7    0.033965    0.031209    0.090570    0.184471 ^ clkbuf_4_14_0_clk_i/X (sg13g2_buf_8)
                                                         clknet_4_14_0_clk_i (net)
                      0.031603    0.003335    0.187806 ^ _1031_/CLK (sg13g2_dfrbpq_1)
     2    0.014318    0.052246    0.192473    0.380279 v _1031_/Q (sg13g2_dfrbpq_1)
                                                         net166 (net)
                      0.052262    0.000887    0.381166 v output166/A (sg13g2_buf_1)
     1    0.051174    0.162893    0.182907    0.564073 v output166/X (sg13g2_buf_1)
                                                         s_axil_rdata[29] (net)
                      0.162981    0.002311    0.566384 v s_axil_rdata[29] (out)
                                              0.566384   data arrival time

                                  0.000000    0.000000   clock clk_i (rise edge)
                                  0.000000    0.000000   clock network delay (propagated)
                                  0.100000    0.100000   clock uncertainty
                                  0.000000    0.100000   clock reconvergence pessimism
                                  0.000000    0.100000   output external delay
                                              0.100000   data required time
---------------------------------------------------------------------------------------------
                                              0.100000   data required time
                                             -0.566384   data arrival time
---------------------------------------------------------------------------------------------
                                              0.466384   slack (MET)


Startpoint: _1054_ (rising edge-triggered flip-flop clocked by clk_i)
Endpoint: gpio_out[9] (output port clocked by clk_i)
Path Group: clk_i
Path Type: min

Fanout         Cap        Slew       Delay        Time   Description
---------------------------------------------------------------------------------------------
                                  0.000000    0.000000   clock clk_i (rise edge)
                                  0.000000    0.000000   clock source latency
     1    0.032062    0.000000    0.000000    0.000000 ^ clk_i (in)
                                                         clk_i (net)
                      0.004516    0.002258    0.002258 ^ clkbuf_0_clk_i/A (sg13g2_buf_16)
    16    0.181972    0.058543    0.076554    0.078812 ^ clkbuf_0_clk_i/X (sg13g2_buf_16)
                                                         clknet_0_clk_i (net)
                      0.061499    0.010148    0.088959 ^ clkbuf_4_9_0_clk_i/A (sg13g2_buf_8)
     7    0.030034    0.029453    0.087829    0.176789 ^ clkbuf_4_9_0_clk_i/X (sg13g2_buf_8)
                                                         clknet_4_9_0_clk_i (net)
                      0.029462    0.000842    0.177631 ^ _1054_/CLK (sg13g2_dfrbpq_1)
     3    0.016711    0.059459    0.197087    0.374717 v _1054_/Q (sg13g2_dfrbpq_1)
                                                         net141 (net)
                      0.059492    0.001286    0.376003 v output141/A (sg13g2_buf_1)
     1    0.054505    0.173396    0.192155    0.568159 v output141/X (sg13g2_buf_1)
                                                         gpio_out[9] (net)
                      0.173533    0.004090    0.572249 v gpio_out[9] (out)
                                              0.572249   data arrival time

                                  0.000000    0.000000   clock clk_i (rise edge)
                                  0.000000    0.000000   clock network delay (propagated)
                                  0.100000    0.100000   clock uncertainty
                                  0.000000    0.100000   clock reconvergence pessimism
                                  0.000000    0.100000   output external delay
                                              0.100000   data required time
---------------------------------------------------------------------------------------------
                                              0.100000   data required time
                                             -0.572249   data arrival time
---------------------------------------------------------------------------------------------
                                              0.472249   slack (MET)


Startpoint: _1060_ (rising edge-triggered flip-flop clocked by clk_i)
Endpoint: gpio_out[15] (output port clocked by clk_i)
Path Group: clk_i
Path Type: min

Fanout         Cap        Slew       Delay        Time   Description
---------------------------------------------------------------------------------------------
                                  0.000000    0.000000   clock clk_i (rise edge)
                                  0.000000    0.000000   clock source latency
     1    0.032062    0.000000    0.000000    0.000000 ^ clk_i (in)
                                                         clk_i (net)
                      0.004516    0.002258    0.002258 ^ clkbuf_0_clk_i/A (sg13g2_buf_16)
    16    0.181972    0.058543    0.076554    0.078812 ^ clkbuf_0_clk_i/X (sg13g2_buf_16)
                                                         clknet_0_clk_i (net)
                      0.061499    0.010148    0.088959 ^ clkbuf_4_9_0_clk_i/A (sg13g2_buf_8)
     7    0.030034    0.029453    0.087829    0.176789 ^ clkbuf_4_9_0_clk_i/X (sg13g2_buf_8)
                                                         clknet_4_9_0_clk_i (net)
                      0.029461    0.000749    0.177537 ^ _1060_/CLK (sg13g2_dfrbpq_1)
     3    0.018016    0.063116    0.200220    0.377757 v _1060_/Q (sg13g2_dfrbpq_1)
                                                         net116 (net)
                      0.063164    0.001569    0.379326 v output116/A (sg13g2_buf_1)
     1    0.052435    0.167039    0.189488    0.568814 v output116/X (sg13g2_buf_1)
                                                         gpio_out[15] (net)
                      0.167195    0.003617    0.572431 v gpio_out[15] (out)
                                              0.572431   data arrival time

                                  0.000000    0.000000   clock clk_i (rise edge)
                                  0.000000    0.000000   clock network delay (propagated)
                                  0.100000    0.100000   clock uncertainty
                                  0.000000    0.100000   clock reconvergence pessimism
                                  0.000000    0.100000   output external delay
                                              0.100000   data required time
---------------------------------------------------------------------------------------------
                                              0.100000   data required time
                                             -0.572431   data arrival time
---------------------------------------------------------------------------------------------
                                              0.472431   slack (MET)


Startpoint: _1027_ (rising edge-triggered flip-flop clocked by clk_i)
Endpoint: s_axil_rdata[25] (output port clocked by clk_i)
Path Group: clk_i
Path Type: min

Fanout         Cap        Slew       Delay        Time   Description
---------------------------------------------------------------------------------------------
                                  0.000000    0.000000   clock clk_i (rise edge)
                                  0.000000    0.000000   clock source latency
     1    0.032062    0.000000    0.000000    0.000000 ^ clk_i (in)
                                                         clk_i (net)
                      0.004516    0.002258    0.002258 ^ clkbuf_0_clk_i/A (sg13g2_buf_16)
    16    0.181972    0.058543    0.076554    0.078812 ^ clkbuf_0_clk_i/X (sg13g2_buf_16)
                                                         clknet_0_clk_i (net)
                      0.065152    0.015089    0.093901 ^ clkbuf_4_14_0_clk_i/A (sg13g2_buf_8)
     7    0.033965    0.031209    0.090570    0.184471 ^ clkbuf_4_14_0_clk_i/X (sg13g2_buf_8)
                                                         clknet_4_14_0_clk_i (net)
                      0.031448    0.002642    0.187113 ^ _1027_/CLK (sg13g2_dfrbpq_1)
     2    0.016943    0.060128    0.198682    0.385795 v _1027_/Q (sg13g2_dfrbpq_1)
                                                         net162 (net)
                      0.060153    0.001132    0.386927 v output162/A (sg13g2_buf_1)
     1    0.050905    0.162102    0.185802    0.572729 v output162/X (sg13g2_buf_1)
                                                         s_axil_rdata[25] (net)
                      0.162189    0.002273    0.575002 v s_axil_rdata[25] (out)
                                              0.575002   data arrival time

                                  0.000000    0.000000   clock clk_i (rise edge)
                                  0.000000    0.000000   clock network delay (propagated)
                                  0.100000    0.100000   clock uncertainty
                                  0.000000    0.100000   clock reconvergence pessimism
                                  0.000000    0.100000   output external delay
                                              0.100000   data required time
---------------------------------------------------------------------------------------------
                                              0.100000   data required time
                                             -0.575002   data arrival time
---------------------------------------------------------------------------------------------
                                              0.475002   slack (MET)


Startpoint: _1030_ (rising edge-triggered flip-flop clocked by clk_i)
Endpoint: s_axil_rdata[28] (output port clocked by clk_i)
Path Group: clk_i
Path Type: min

Fanout         Cap        Slew       Delay        Time   Description
---------------------------------------------------------------------------------------------
                                  0.000000    0.000000   clock clk_i (rise edge)
                                  0.000000    0.000000   clock source latency
     1    0.032062    0.000000    0.000000    0.000000 ^ clk_i (in)
                                                         clk_i (net)
                      0.004516    0.002258    0.002258 ^ clkbuf_0_clk_i/A (sg13g2_buf_16)
    16    0.181972    0.058543    0.076554    0.078812 ^ clkbuf_0_clk_i/X (sg13g2_buf_16)
                                                         clknet_0_clk_i (net)
                      0.065152    0.015089    0.093901 ^ clkbuf_4_14_0_clk_i/A (sg13g2_buf_8)
     7    0.033965    0.031209    0.090570    0.184471 ^ clkbuf_4_14_0_clk_i/X (sg13g2_buf_8)
                                                         clknet_4_14_0_clk_i (net)
                      0.031507    0.002924    0.187395 ^ _1030_/CLK (sg13g2_dfrbpq_1)
     2    0.016889    0.059985    0.198538    0.385933 v _1030_/Q (sg13g2_dfrbpq_1)
                                                         net165 (net)
                      0.060010    0.001149    0.387082 v output165/A (sg13g2_buf_1)
     1    0.051264    0.163205    0.186485    0.573567 v output165/X (sg13g2_buf_1)
                                                         s_axil_rdata[28] (net)
                      0.163295    0.002346    0.575914 v s_axil_rdata[28] (out)
                                              0.575914   data arrival time

                                  0.000000    0.000000   clock clk_i (rise edge)
                                  0.000000    0.000000   clock network delay (propagated)
                                  0.100000    0.100000   clock uncertainty
                                  0.000000    0.100000   clock reconvergence pessimism
                                  0.000000    0.100000   output external delay
                                              0.100000   data required time
---------------------------------------------------------------------------------------------
                                              0.100000   data required time
                                             -0.575914   data arrival time
---------------------------------------------------------------------------------------------
                                              0.475914   slack (MET)


Startpoint: _1055_ (rising edge-triggered flip-flop clocked by clk_i)
Endpoint: gpio_out[10] (output port clocked by clk_i)
Path Group: clk_i
Path Type: min

Fanout         Cap        Slew       Delay        Time   Description
---------------------------------------------------------------------------------------------
                                  0.000000    0.000000   clock clk_i (rise edge)
                                  0.000000    0.000000   clock source latency
     1    0.032062    0.000000    0.000000    0.000000 ^ clk_i (in)
                                                         clk_i (net)
                      0.004516    0.002258    0.002258 ^ clkbuf_0_clk_i/A (sg13g2_buf_16)
    16    0.181972    0.058543    0.076554    0.078812 ^ clkbuf_0_clk_i/X (sg13g2_buf_16)
                                                         clknet_0_clk_i (net)
                      0.061499    0.010148    0.088959 ^ clkbuf_4_9_0_clk_i/A (sg13g2_buf_8)
     7    0.030034    0.029453    0.087829    0.176789 ^ clkbuf_4_9_0_clk_i/X (sg13g2_buf_8)
                                                         clknet_4_9_0_clk_i (net)
                      0.029462    0.000822    0.177611 ^ _1055_/CLK (sg13g2_dfrbpq_1)
     3    0.019047    0.066521    0.202619    0.380230 v _1055_/Q (sg13g2_dfrbpq_1)
                                                         net111 (net)
                      0.066559    0.001448    0.381678 v output111/A (sg13g2_buf_1)
     1    0.052492    0.166778    0.192718    0.574396 v output111/X (sg13g2_buf_1)
                                                         gpio_out[10] (net)
                      0.166791    0.001565    0.575961 v gpio_out[10] (out)
                                              0.575961   data arrival time

                                  0.000000    0.000000   clock clk_i (rise edge)
                                  0.000000    0.000000   clock network delay (propagated)
                                  0.100000    0.100000   clock uncertainty
                                  0.000000    0.100000   clock reconvergence pessimism
                                  0.000000    0.100000   output external delay
                                              0.100000   data required time
---------------------------------------------------------------------------------------------
                                              0.100000   data required time
                                             -0.575961   data arrival time
---------------------------------------------------------------------------------------------
                                              0.475961   slack (MET)


Startpoint: _1017_ (rising edge-triggered flip-flop clocked by clk_i)
Endpoint: s_axil_rdata[15] (output port clocked by clk_i)
Path Group: clk_i
Path Type: min

Fanout         Cap        Slew       Delay        Time   Description
---------------------------------------------------------------------------------------------
                                  0.000000    0.000000   clock clk_i (rise edge)
                                  0.000000    0.000000   clock source latency
     1    0.032062    0.000000    0.000000    0.000000 ^ clk_i (in)
                                                         clk_i (net)
                      0.004516    0.002258    0.002258 ^ clkbuf_0_clk_i/A (sg13g2_buf_16)
    16    0.181972    0.058543    0.076554    0.078812 ^ clkbuf_0_clk_i/X (sg13g2_buf_16)
                                                         clknet_0_clk_i (net)
                      0.061984    0.010914    0.089726 ^ clkbuf_4_11_0_clk_i/A (sg13g2_buf_8)
     7    0.033044    0.030780    0.089231    0.178957 ^ clkbuf_4_11_0_clk_i/X (sg13g2_buf_8)
                                                         clknet_4_11_0_clk_i (net)
                      0.030790    0.000797    0.179753 ^ _1017_/CLK (sg13g2_dfrbpq_1)
     2    0.019645    0.068290    0.204795    0.384549 v _1017_/Q (sg13g2_dfrbpq_1)
                                                         net151 (net)
                      0.068324    0.001408    0.385957 v output151/A (sg13g2_buf_1)
     1    0.050748    0.161642    0.189080    0.575037 v output151/X (sg13g2_buf_1)
                                                         s_axil_rdata[15] (net)
                      0.161727    0.002231    0.577268 v s_axil_rdata[15] (out)
                                              0.577268   data arrival time

                                  0.000000    0.000000   clock clk_i (rise edge)
                                  0.000000    0.000000   clock network delay (propagated)
                                  0.100000    0.100000   clock uncertainty
                                  0.000000    0.100000   clock reconvergence pessimism
                                  0.000000    0.100000   output external delay
                                              0.100000   data required time
---------------------------------------------------------------------------------------------
                                              0.100000   data required time
                                             -0.577268   data arrival time
---------------------------------------------------------------------------------------------
                                              0.477268   slack (MET)


Startpoint: s_axil_awvalid (input port clocked by clk_i)
Endpoint: _1035_ (rising edge-triggered flip-flop clocked by clk_i)
Path Group: clk_i
Path Type: min

Fanout         Cap        Slew       Delay        Time   Description
---------------------------------------------------------------------------------------------
                                  0.000000    0.000000   clock clk_i (rise edge)
                                  0.000000    0.000000   clock network delay (propagated)
                                  0.000000    0.000000 v input external delay
     1    0.004008    0.017905    0.002987    0.002987 v s_axil_awvalid (in)
                                                         s_axil_awvalid (net)
                      0.017905    0.000000    0.002987 v input39/A (sg13g2_buf_1)
     3    0.025342    0.084859    0.110259    0.113246 v input39/X (sg13g2_buf_1)
                                                         net39 (net)
                      0.085037    0.003183    0.116429 v _0728_/B (sg13g2_nand2_1)
     2    0.010227    0.054674    0.080432    0.196861 ^ _0728_/Y (sg13g2_nand2_1)
                                                         _0244_ (net)
                      0.054694    0.000857    0.197719 ^ _0729_/C (sg13g2_nor3_1)
     2    0.019063    0.069153    0.081789    0.279508 v _0729_/Y (sg13g2_nor3_1)
                                                         _0245_ (net)
                      0.069230    0.001882    0.281390 v fanout194/A (sg13g2_buf_1)
     8    0.040555    0.130304    0.165888    0.447277 v fanout194/X (sg13g2_buf_1)
                                                         net194 (net)
                      0.130314    0.000958    0.448236 v fanout190/A (sg13g2_buf_1)
     8    0.037274    0.121026    0.180822    0.629057 v fanout190/X (sg13g2_buf_1)
                                                         net190 (net)
                      0.121062    0.002011    0.631069 v _0731_/B (sg13g2_and2_1)
     1    0.001789    0.020516    0.106827    0.737896 v _0731_/X (sg13g2_and2_1)
                                                         _0034_ (net)
                      0.020516    0.000067    0.737963 v _1035_/D (sg13g2_dfrbpq_1)
                                              0.737963   data arrival time

                                  0.000000    0.000000   clock clk_i (rise edge)
                                  0.000000    0.000000   clock source latency
     1    0.034735    0.000000    0.000000    0.000000 ^ clk_i (in)
                                                         clk_i (net)
                      0.005104    0.002552    0.002552 ^ clkbuf_0_clk_i/A (sg13g2_buf_16)
    16    0.202468    0.063847    0.079427    0.081979 ^ clkbuf_0_clk_i/X (sg13g2_buf_16)
                                                         clknet_0_clk_i (net)
                      0.068873    0.013723    0.095702 ^ clkbuf_4_1_0_clk_i/A (sg13g2_buf_8)
     7    0.033887    0.031432    0.092801    0.188503 ^ clkbuf_4_1_0_clk_i/X (sg13g2_buf_8)
                                                         clknet_4_1_0_clk_i (net)
                      0.031444    0.000941    0.189444 ^ _1035_/CLK (sg13g2_dfrbpq_1)
                                  0.100000    0.289444   clock uncertainty
                                  0.000000    0.289444   clock reconvergence pessimism
                                 -0.032160    0.257284   library hold time
                                              0.257284   data required time
---------------------------------------------------------------------------------------------
                                              0.257284   data required time
                                             -0.737963   data arrival time
---------------------------------------------------------------------------------------------
                                              0.480679   slack (MET)


Startpoint: _1013_ (rising edge-triggered flip-flop clocked by clk_i)
Endpoint: s_axil_rdata[11] (output port clocked by clk_i)
Path Group: clk_i
Path Type: min

Fanout         Cap        Slew       Delay        Time   Description
---------------------------------------------------------------------------------------------
                                  0.000000    0.000000   clock clk_i (rise edge)
                                  0.000000    0.000000   clock source latency
     1    0.032062    0.000000    0.000000    0.000000 ^ clk_i (in)
                                                         clk_i (net)
                      0.004516    0.002258    0.002258 ^ clkbuf_0_clk_i/A (sg13g2_buf_16)
    16    0.181972    0.058543    0.076554    0.078812 ^ clkbuf_0_clk_i/X (sg13g2_buf_16)
                                                         clknet_0_clk_i (net)
                      0.061702    0.010475    0.089287 ^ clkbuf_4_8_0_clk_i/A (sg13g2_buf_8)
     7    0.032346    0.030358    0.088271    0.177557 ^ clkbuf_4_8_0_clk_i/X (sg13g2_buf_8)
                                                         clknet_4_8_0_clk_i (net)
                      0.030589    0.002600    0.180157 ^ _1013_/CLK (sg13g2_dfrbpq_1)
     2    0.020591    0.071067    0.207148    0.387306 v _1013_/Q (sg13g2_dfrbpq_1)
                                                         net147 (net)
                      0.071101    0.001434    0.388739 v output147/A (sg13g2_buf_1)
     1    0.050820    0.161371    0.188970    0.577709 v output147/X (sg13g2_buf_1)
                                                         s_axil_rdata[11] (net)
                      0.161575    0.004250    0.581959 v s_axil_rdata[11] (out)
                                              0.581959   data arrival time

                                  0.000000    0.000000   clock clk_i (rise edge)
                                  0.000000    0.000000   clock network delay (propagated)
                                  0.100000    0.100000   clock uncertainty
                                  0.000000    0.100000   clock reconvergence pessimism
                                  0.000000    0.100000   output external delay
                                              0.100000   data required time
---------------------------------------------------------------------------------------------
                                              0.100000   data required time
                                             -0.581959   data arrival time
---------------------------------------------------------------------------------------------
                                              0.481959   slack (MET)


Startpoint: _1011_ (rising edge-triggered flip-flop clocked by clk_i)
Endpoint: s_axil_rdata[9] (output port clocked by clk_i)
Path Group: clk_i
Path Type: min

Fanout         Cap        Slew       Delay        Time   Description
---------------------------------------------------------------------------------------------
                                  0.000000    0.000000   clock clk_i (rise edge)
                                  0.000000    0.000000   clock source latency
     1    0.032062    0.000000    0.000000    0.000000 ^ clk_i (in)
                                                         clk_i (net)
                      0.004516    0.002258    0.002258 ^ clkbuf_0_clk_i/A (sg13g2_buf_16)
    16    0.181972    0.058543    0.076554    0.078812 ^ clkbuf_0_clk_i/X (sg13g2_buf_16)
                                                         clknet_0_clk_i (net)
                      0.061984    0.010914    0.089726 ^ clkbuf_4_11_0_clk_i/A (sg13g2_buf_8)
     7    0.033044    0.030780    0.089231    0.178957 ^ clkbuf_4_11_0_clk_i/X (sg13g2_buf_8)
                                                         clknet_4_11_0_clk_i (net)
                      0.030790    0.000803    0.179760 ^ _1011_/CLK (sg13g2_dfrbpq_1)
     2    0.020742    0.071361    0.207083    0.386843 v _1011_/Q (sg13g2_dfrbpq_1)
                                                         net176 (net)
                      0.071436    0.002067    0.388910 v output176/A (sg13g2_buf_1)
     1    0.051078    0.162664    0.191138    0.580049 v output176/X (sg13g2_buf_1)
                                                         s_axil_rdata[9] (net)
                      0.162751    0.002292    0.582341 v s_axil_rdata[9] (out)
                                              0.582341   data arrival time

                                  0.000000    0.000000   clock clk_i (rise edge)
                                  0.000000    0.000000   clock network delay (propagated)
                                  0.100000    0.100000   clock uncertainty
                                  0.000000    0.100000   clock reconvergence pessimism
                                  0.000000    0.100000   output external delay
                                              0.100000   data required time
---------------------------------------------------------------------------------------------
                                              0.100000   data required time
                                             -0.582341   data arrival time
---------------------------------------------------------------------------------------------
                                              0.482341   slack (MET)


Startpoint: _1053_ (rising edge-triggered flip-flop clocked by clk_i)
Endpoint: gpio_out[8] (output port clocked by clk_i)
Path Group: clk_i
Path Type: min

Fanout         Cap        Slew       Delay        Time   Description
---------------------------------------------------------------------------------------------
                                  0.000000    0.000000   clock clk_i (rise edge)
                                  0.000000    0.000000   clock source latency
     1    0.032062    0.000000    0.000000    0.000000 ^ clk_i (in)
                                                         clk_i (net)
                      0.004516    0.002258    0.002258 ^ clkbuf_0_clk_i/A (sg13g2_buf_16)
    16    0.181972    0.058543    0.076554    0.078812 ^ clkbuf_0_clk_i/X (sg13g2_buf_16)
                                                         clknet_0_clk_i (net)
                      0.062114    0.011113    0.089924 ^ clkbuf_4_3_0_clk_i/A (sg13g2_buf_8)
     7    0.032384    0.030496    0.089004    0.178929 ^ clkbuf_4_3_0_clk_i/X (sg13g2_buf_8)
                                                         clknet_4_3_0_clk_i (net)
                      0.030513    0.001146    0.180074 ^ _1053_/CLK (sg13g2_dfrbpq_1)
     3    0.019945    0.068940    0.205163    0.385238 v _1053_/Q (sg13g2_dfrbpq_1)
                                                         net140 (net)
                      0.069007    0.001916    0.387154 v output140/A (sg13g2_buf_1)
     1    0.052472    0.166726    0.193749    0.580903 v output140/X (sg13g2_buf_1)
                                                         gpio_out[8] (net)
                      0.166740    0.001567    0.582470 v gpio_out[8] (out)
                                              0.582470   data arrival time

                                  0.000000    0.000000   clock clk_i (rise edge)
                                  0.000000    0.000000   clock network delay (propagated)
                                  0.100000    0.100000   clock uncertainty
                                  0.000000    0.100000   clock reconvergence pessimism
                                  0.000000    0.100000   output external delay
                                              0.100000   data required time
---------------------------------------------------------------------------------------------
                                              0.100000   data required time
                                             -0.582470   data arrival time
---------------------------------------------------------------------------------------------
                                              0.482470   slack (MET)


Startpoint: _1014_ (rising edge-triggered flip-flop clocked by clk_i)
Endpoint: s_axil_rdata[12] (output port clocked by clk_i)
Path Group: clk_i
Path Type: min

Fanout         Cap        Slew       Delay        Time   Description
---------------------------------------------------------------------------------------------
                                  0.000000    0.000000   clock clk_i (rise edge)
                                  0.000000    0.000000   clock source latency
     1    0.032062    0.000000    0.000000    0.000000 ^ clk_i (in)
                                                         clk_i (net)
                      0.004516    0.002258    0.002258 ^ clkbuf_0_clk_i/A (sg13g2_buf_16)
    16    0.181972    0.058543    0.076554    0.078812 ^ clkbuf_0_clk_i/X (sg13g2_buf_16)
                                                         clknet_0_clk_i (net)
                      0.061984    0.010914    0.089726 ^ clkbuf_4_11_0_clk_i/A (sg13g2_buf_8)
     7    0.033044    0.030780    0.089231    0.178957 ^ clkbuf_4_11_0_clk_i/X (sg13g2_buf_8)
                                                         clknet_4_11_0_clk_i (net)
                      0.030797    0.001141    0.180097 ^ _1014_/CLK (sg13g2_dfrbpq_1)
     2    0.023146    0.077384    0.212735    0.392832 v _1014_/Q (sg13g2_dfrbpq_1)
                                                         net148 (net)
                      0.077480    0.002429    0.395262 v output148/A (sg13g2_buf_1)
     1    0.050796    0.161816    0.193217    0.588479 v output148/X (sg13g2_buf_1)
                                                         s_axil_rdata[12] (net)
                      0.161900    0.002232    0.590711 v s_axil_rdata[12] (out)
                                              0.590711   data arrival time

                                  0.000000    0.000000   clock clk_i (rise edge)
                                  0.000000    0.000000   clock network delay (propagated)
                                  0.100000    0.100000   clock uncertainty
                                  0.000000    0.100000   clock reconvergence pessimism
                                  0.000000    0.100000   output external delay
                                              0.100000   data required time
---------------------------------------------------------------------------------------------
                                              0.100000   data required time
                                             -0.590711   data arrival time
---------------------------------------------------------------------------------------------
                                              0.490711   slack (MET)


Startpoint: _1043_ (rising edge-triggered flip-flop clocked by clk_i)
Endpoint: gpio_out[30] (output port clocked by clk_i)
Path Group: clk_i
Path Type: min

Fanout         Cap        Slew       Delay        Time   Description
---------------------------------------------------------------------------------------------
                                  0.000000    0.000000   clock clk_i (rise edge)
                                  0.000000    0.000000   clock source latency
     1    0.032062    0.000000    0.000000    0.000000 ^ clk_i (in)
                                                         clk_i (net)
                      0.004516    0.002258    0.002258 ^ clkbuf_0_clk_i/A (sg13g2_buf_16)
    16    0.181972    0.058543    0.076554    0.078812 ^ clkbuf_0_clk_i/X (sg13g2_buf_16)
                                                         clknet_0_clk_i (net)
                      0.063291    0.012777    0.091589 ^ clkbuf_4_7_0_clk_i/A (sg13g2_buf_8)
     7    0.033354    0.030864    0.089437    0.181026 ^ clkbuf_4_7_0_clk_i/X (sg13g2_buf_8)
                                                         clknet_4_7_0_clk_i (net)
                      0.031216    0.003144    0.184170 ^ _1043_/CLK (sg13g2_dfrbpq_1)
     3    0.021405    0.073313    0.209086    0.393256 v _1043_/Q (sg13g2_dfrbpq_1)
                                                         net133 (net)
                      0.073370    0.001847    0.395102 v output133/A (sg13g2_buf_1)
     1    0.052663    0.167323    0.196066    0.591168 v output133/X (sg13g2_buf_1)
                                                         gpio_out[30] (net)
                      0.167337    0.001606    0.592774 v gpio_out[30] (out)
                                              0.592774   data arrival time

                                  0.000000    0.000000   clock clk_i (rise edge)
                                  0.000000    0.000000   clock network delay (propagated)
                                  0.100000    0.100000   clock uncertainty
                                  0.000000    0.100000   clock reconvergence pessimism
                                  0.000000    0.100000   output external delay
                                              0.100000   data required time
---------------------------------------------------------------------------------------------
                                              0.100000   data required time
                                             -0.592774   data arrival time
---------------------------------------------------------------------------------------------
                                              0.492774   slack (MET)


Startpoint: _1056_ (rising edge-triggered flip-flop clocked by clk_i)
Endpoint: gpio_out[11] (output port clocked by clk_i)
Path Group: clk_i
Path Type: min

Fanout         Cap        Slew       Delay        Time   Description
---------------------------------------------------------------------------------------------
                                  0.000000    0.000000   clock clk_i (rise edge)
                                  0.000000    0.000000   clock source latency
     1    0.032062    0.000000    0.000000    0.000000 ^ clk_i (in)
                                                         clk_i (net)
                      0.004516    0.002258    0.002258 ^ clkbuf_0_clk_i/A (sg13g2_buf_16)
    16    0.181972    0.058543    0.076554    0.078812 ^ clkbuf_0_clk_i/X (sg13g2_buf_16)
                                                         clknet_0_clk_i (net)
                      0.061702    0.010475    0.089287 ^ clkbuf_4_8_0_clk_i/A (sg13g2_buf_8)
     7    0.032346    0.030358    0.088271    0.177557 ^ clkbuf_4_8_0_clk_i/X (sg13g2_buf_8)
                                                         clknet_4_8_0_clk_i (net)
                      0.030599    0.002651    0.180208 ^ _1056_/CLK (sg13g2_dfrbpq_1)
     3    0.023022    0.077180    0.212581    0.392789 v _1056_/Q (sg13g2_dfrbpq_1)
                                                         net112 (net)
                      0.077256    0.002168    0.394957 v output112/A (sg13g2_buf_1)
     1    0.052436    0.167084    0.195696    0.590652 v output112/X (sg13g2_buf_1)
                                                         gpio_out[11] (net)
                      0.167241    0.003617    0.594270 v gpio_out[11] (out)
                                              0.594270   data arrival time

                                  0.000000    0.000000   clock clk_i (rise edge)
                                  0.000000    0.000000   clock network delay (propagated)
                                  0.100000    0.100000   clock uncertainty
                                  0.000000    0.100000   clock reconvergence pessimism
                                  0.000000    0.100000   output external delay
                                              0.100000   data required time
---------------------------------------------------------------------------------------------
                                              0.100000   data required time
                                             -0.594270   data arrival time
---------------------------------------------------------------------------------------------
                                              0.494270   slack (MET)


Startpoint: _1044_ (rising edge-triggered flip-flop clocked by clk_i)
Endpoint: gpio_out[31] (output port clocked by clk_i)
Path Group: clk_i
Path Type: min

Fanout         Cap        Slew       Delay        Time   Description
---------------------------------------------------------------------------------------------
                                  0.000000    0.000000   clock clk_i (rise edge)
                                  0.000000    0.000000   clock source latency
     1    0.032062    0.000000    0.000000    0.000000 ^ clk_i (in)
                                                         clk_i (net)
                      0.004516    0.002258    0.002258 ^ clkbuf_0_clk_i/A (sg13g2_buf_16)
    16    0.181972    0.058543    0.076554    0.078812 ^ clkbuf_0_clk_i/X (sg13g2_buf_16)
                                                         clknet_0_clk_i (net)
                      0.062403    0.011540    0.090352 ^ clkbuf_4_6_0_clk_i/A (sg13g2_buf_8)
     7    0.032390    0.030437    0.088745    0.179097 ^ clkbuf_4_6_0_clk_i/X (sg13g2_buf_8)
                                                         clknet_4_6_0_clk_i (net)
                      0.030544    0.001961    0.181057 ^ _1044_/CLK (sg13g2_dfrbpq_1)
     3    0.022891    0.077189    0.212764    0.393821 v _1044_/Q (sg13g2_dfrbpq_1)
                                                         net134 (net)
                      0.077214    0.001296    0.395117 v output134/A (sg13g2_buf_1)
     1    0.052924    0.168132    0.198309    0.593426 v output134/X (sg13g2_buf_1)
                                                         gpio_out[31] (net)
                      0.168147    0.001646    0.595073 v gpio_out[31] (out)
                                              0.595073   data arrival time

                                  0.000000    0.000000   clock clk_i (rise edge)
                                  0.000000    0.000000   clock network delay (propagated)
                                  0.100000    0.100000   clock uncertainty
                                  0.000000    0.100000   clock reconvergence pessimism
                                  0.000000    0.100000   output external delay
                                              0.100000   data required time
---------------------------------------------------------------------------------------------
                                              0.100000   data required time
                                             -0.595073   data arrival time
---------------------------------------------------------------------------------------------
                                              0.495073   slack (MET)


Startpoint: _1010_ (rising edge-triggered flip-flop clocked by clk_i)
Endpoint: s_axil_rdata[8] (output port clocked by clk_i)
Path Group: clk_i
Path Type: min

Fanout         Cap        Slew       Delay        Time   Description
---------------------------------------------------------------------------------------------
                                  0.000000    0.000000   clock clk_i (rise edge)
                                  0.000000    0.000000   clock source latency
     1    0.032062    0.000000    0.000000    0.000000 ^ clk_i (in)
                                                         clk_i (net)
                      0.004516    0.002258    0.002258 ^ clkbuf_0_clk_i/A (sg13g2_buf_16)
    16    0.181972    0.058543    0.076554    0.078812 ^ clkbuf_0_clk_i/X (sg13g2_buf_16)
                                                         clknet_0_clk_i (net)
                      0.061984    0.010914    0.089726 ^ clkbuf_4_11_0_clk_i/A (sg13g2_buf_8)
     7    0.033044    0.030780    0.089231    0.178957 ^ clkbuf_4_11_0_clk_i/X (sg13g2_buf_8)
                                                         clknet_4_11_0_clk_i (net)
                      0.030785    0.000380    0.179337 ^ _1010_/CLK (sg13g2_dfrbpq_1)
     2    0.024884    0.082119    0.217261    0.396598 v _1010_/Q (sg13g2_dfrbpq_1)
                                                         net175 (net)
                      0.082166    0.001803    0.398400 v output175/A (sg13g2_buf_1)
     1    0.051017    0.162515    0.195717    0.594117 v output175/X (sg13g2_buf_1)
                                                         s_axil_rdata[8] (net)
                      0.162602    0.002308    0.596425 v s_axil_rdata[8] (out)
                                              0.596425   data arrival time

                                  0.000000    0.000000   clock clk_i (rise edge)
                                  0.000000    0.000000   clock network delay (propagated)
                                  0.100000    0.100000   clock uncertainty
                                  0.000000    0.100000   clock reconvergence pessimism
                                  0.000000    0.100000   output external delay
                                              0.100000   data required time
---------------------------------------------------------------------------------------------
                                              0.100000   data required time
                                             -0.596425   data arrival time
---------------------------------------------------------------------------------------------
                                              0.496425   slack (MET)


Startpoint: _1050_ (rising edge-triggered flip-flop clocked by clk_i)
Endpoint: gpio_out[21] (output port clocked by clk_i)
Path Group: clk_i
Path Type: min

Fanout         Cap        Slew       Delay        Time   Description
---------------------------------------------------------------------------------------------
                                  0.000000    0.000000   clock clk_i (rise edge)
                                  0.000000    0.000000   clock source latency
     1    0.032062    0.000000    0.000000    0.000000 ^ clk_i (in)
                                                         clk_i (net)
                      0.004516    0.002258    0.002258 ^ clkbuf_0_clk_i/A (sg13g2_buf_16)
    16    0.181972    0.058543    0.076554    0.078812 ^ clkbuf_0_clk_i/X (sg13g2_buf_16)
                                                         clknet_0_clk_i (net)
                      0.062973    0.012347    0.091159 ^ clkbuf_4_1_0_clk_i/A (sg13g2_buf_8)
     7    0.030513    0.029719    0.088663    0.179822 ^ clkbuf_4_1_0_clk_i/X (sg13g2_buf_8)
                                                         clknet_4_1_0_clk_i (net)
                      0.029741    0.001375    0.181197 ^ _1050_/CLK (sg13g2_dfrbpq_1)
     3    0.023796    0.078910    0.213755    0.394952 v _1050_/Q (sg13g2_dfrbpq_1)
                                                         net123 (net)
                      0.079003    0.002418    0.397370 v output123/A (sg13g2_buf_1)
     1    0.052231    0.166009    0.197658    0.595027 v output123/X (sg13g2_buf_1)
                                                         gpio_out[21] (net)
                      0.166022    0.001506    0.596533 v gpio_out[21] (out)
                                              0.596533   data arrival time

                                  0.000000    0.000000   clock clk_i (rise edge)
                                  0.000000    0.000000   clock network delay (propagated)
                                  0.100000    0.100000   clock uncertainty
                                  0.000000    0.100000   clock reconvergence pessimism
                                  0.000000    0.100000   output external delay
                                              0.100000   data required time
---------------------------------------------------------------------------------------------
                                              0.100000   data required time
                                             -0.596533   data arrival time
---------------------------------------------------------------------------------------------
                                              0.496533   slack (MET)


Startpoint: _1071_ (rising edge-triggered flip-flop clocked by clk_i)
Endpoint: gpio_dir[26] (output port clocked by clk_i)
Path Group: clk_i
Path Type: min

Fanout         Cap        Slew       Delay        Time   Description
---------------------------------------------------------------------------------------------
                                  0.000000    0.000000   clock clk_i (rise edge)
                                  0.000000    0.000000   clock source latency
     1    0.032062    0.000000    0.000000    0.000000 ^ clk_i (in)
                                                         clk_i (net)
                      0.004516    0.002258    0.002258 ^ clkbuf_0_clk_i/A (sg13g2_buf_16)
    16    0.181972    0.058543    0.076554    0.078812 ^ clkbuf_0_clk_i/X (sg13g2_buf_16)
                                                         clknet_0_clk_i (net)
                      0.063291    0.012777    0.091589 ^ clkbuf_4_7_0_clk_i/A (sg13g2_buf_8)
     7    0.033354    0.030864    0.089437    0.181026 ^ clkbuf_4_7_0_clk_i/X (sg13g2_buf_8)
                                                         clknet_4_7_0_clk_i (net)
                      0.030949    0.001692    0.182718 ^ _1071_/CLK (sg13g2_dfrbpq_1)
     3    0.021364    0.073837    0.207962    0.390680 v _1071_/Q (sg13g2_dfrbpq_1)
                                                         net96 (net)
                      0.074031    0.003281    0.393961 v output96/A (sg13g2_buf_1)
     1    0.054852    0.174530    0.199328    0.593289 v output96/X (sg13g2_buf_1)
                                                         gpio_dir[26] (net)
                      0.174665    0.004063    0.597352 v gpio_dir[26] (out)
                                              0.597352   data arrival time

                                  0.000000    0.000000   clock clk_i (rise edge)
                                  0.000000    0.000000   clock network delay (propagated)
                                  0.100000    0.100000   clock uncertainty
                                  0.000000    0.100000   clock reconvergence pessimism
                                  0.000000    0.100000   output external delay
                                              0.100000   data required time
---------------------------------------------------------------------------------------------
                                              0.100000   data required time
                                             -0.597352   data arrival time
---------------------------------------------------------------------------------------------
                                              0.497352   slack (MET)


Startpoint: _1042_ (rising edge-triggered flip-flop clocked by clk_i)
Endpoint: gpio_out[29] (output port clocked by clk_i)
Path Group: clk_i
Path Type: min

Fanout         Cap        Slew       Delay        Time   Description
---------------------------------------------------------------------------------------------
                                  0.000000    0.000000   clock clk_i (rise edge)
                                  0.000000    0.000000   clock source latency
     1    0.032062    0.000000    0.000000    0.000000 ^ clk_i (in)
                                                         clk_i (net)
                      0.004516    0.002258    0.002258 ^ clkbuf_0_clk_i/A (sg13g2_buf_16)
    16    0.181972    0.058543    0.076554    0.078812 ^ clkbuf_0_clk_i/X (sg13g2_buf_16)
                                                         clknet_0_clk_i (net)
                      0.063799    0.013441    0.092253 ^ clkbuf_4_12_0_clk_i/A (sg13g2_buf_8)
     7    0.033059    0.030856    0.090054    0.182307 ^ clkbuf_4_12_0_clk_i/X (sg13g2_buf_8)
                                                         clknet_4_12_0_clk_i (net)
                      0.030866    0.000776    0.183083 ^ _1042_/CLK (sg13g2_dfrbpq_1)
     3    0.023001    0.077160    0.212596    0.395679 v _1042_/Q (sg13g2_dfrbpq_1)
                                                         net131 (net)
                      0.077236    0.002162    0.397841 v output131/A (sg13g2_buf_1)
     1    0.052762    0.168077    0.196384    0.594225 v output131/X (sg13g2_buf_1)
                                                         gpio_out[29] (net)
                      0.168237    0.003673    0.597898 v gpio_out[29] (out)
                                              0.597898   data arrival time

                                  0.000000    0.000000   clock clk_i (rise edge)
                                  0.000000    0.000000   clock network delay (propagated)
                                  0.100000    0.100000   clock uncertainty
                                  0.000000    0.100000   clock reconvergence pessimism
                                  0.000000    0.100000   output external delay
                                              0.100000   data required time
---------------------------------------------------------------------------------------------
                                              0.100000   data required time
                                             -0.597898   data arrival time
---------------------------------------------------------------------------------------------
                                              0.497898   slack (MET)


Startpoint: _1058_ (rising edge-triggered flip-flop clocked by clk_i)
Endpoint: gpio_out[13] (output port clocked by clk_i)
Path Group: clk_i
Path Type: min

Fanout         Cap        Slew       Delay        Time   Description
---------------------------------------------------------------------------------------------
                                  0.000000    0.000000   clock clk_i (rise edge)
                                  0.000000    0.000000   clock source latency
     1    0.032062    0.000000    0.000000    0.000000 ^ clk_i (in)
                                                         clk_i (net)
                      0.004516    0.002258    0.002258 ^ clkbuf_0_clk_i/A (sg13g2_buf_16)
    16    0.181972    0.058543    0.076554    0.078812 ^ clkbuf_0_clk_i/X (sg13g2_buf_16)
                                                         clknet_0_clk_i (net)
                      0.062114    0.011113    0.089924 ^ clkbuf_4_3_0_clk_i/A (sg13g2_buf_8)
     7    0.032384    0.030496    0.089004    0.178929 ^ clkbuf_4_3_0_clk_i/X (sg13g2_buf_8)
                                                         clknet_4_3_0_clk_i (net)
                      0.030515    0.001228    0.180157 ^ _1058_/CLK (sg13g2_dfrbpq_1)
     3    0.024272    0.080568    0.215911    0.396068 v _1058_/Q (sg13g2_dfrbpq_1)
                                                         net114 (net)
                      0.080602    0.001539    0.397607 v output114/A (sg13g2_buf_1)
     1    0.052453    0.167144    0.197202    0.594809 v output114/X (sg13g2_buf_1)
                                                         gpio_out[13] (net)
                      0.167301    0.003622    0.598431 v gpio_out[13] (out)
                                              0.598431   data arrival time

                                  0.000000    0.000000   clock clk_i (rise edge)
                                  0.000000    0.000000   clock network delay (propagated)
                                  0.100000    0.100000   clock uncertainty
                                  0.000000    0.100000   clock reconvergence pessimism
                                  0.000000    0.100000   output external delay
                                              0.100000   data required time
---------------------------------------------------------------------------------------------
                                              0.100000   data required time
                                             -0.598431   data arrival time
---------------------------------------------------------------------------------------------
                                              0.498431   slack (MET)


Startpoint: _1041_ (rising edge-triggered flip-flop clocked by clk_i)
Endpoint: gpio_out[28] (output port clocked by clk_i)
Path Group: clk_i
Path Type: min

Fanout         Cap        Slew       Delay        Time   Description
---------------------------------------------------------------------------------------------
                                  0.000000    0.000000   clock clk_i (rise edge)
                                  0.000000    0.000000   clock source latency
     1    0.032062    0.000000    0.000000    0.000000 ^ clk_i (in)
                                                         clk_i (net)
                      0.004516    0.002258    0.002258 ^ clkbuf_0_clk_i/A (sg13g2_buf_16)
    16    0.181972    0.058543    0.076554    0.078812 ^ clkbuf_0_clk_i/X (sg13g2_buf_16)
                                                         clknet_0_clk_i (net)
                      0.063799    0.013441    0.092253 ^ clkbuf_4_12_0_clk_i/A (sg13g2_buf_8)
     7    0.033059    0.030856    0.090054    0.182307 ^ clkbuf_4_12_0_clk_i/X (sg13g2_buf_8)
                                                         clknet_4_12_0_clk_i (net)
                      0.030872    0.001069    0.183376 ^ _1041_/CLK (sg13g2_dfrbpq_1)
     3    0.023530    0.078298    0.214559    0.397935 v _1041_/Q (sg13g2_dfrbpq_1)
                                                         net130 (net)
                      0.078323    0.001346    0.399281 v output130/A (sg13g2_buf_1)
     1    0.052746    0.167590    0.198422    0.597703 v output130/X (sg13g2_buf_1)
                                                         gpio_out[28] (net)
                      0.167605    0.001619    0.599322 v gpio_out[28] (out)
                                              0.599322   data arrival time

                                  0.000000    0.000000   clock clk_i (rise edge)
                                  0.000000    0.000000   clock network delay (propagated)
                                  0.100000    0.100000   clock uncertainty
                                  0.000000    0.100000   clock reconvergence pessimism
                                  0.000000    0.100000   output external delay
                                              0.100000   data required time
---------------------------------------------------------------------------------------------
                                              0.100000   data required time
                                             -0.599322   data arrival time
---------------------------------------------------------------------------------------------
                                              0.499322   slack (MET)


Startpoint: _1059_ (rising edge-triggered flip-flop clocked by clk_i)
Endpoint: gpio_out[14] (output port clocked by clk_i)
Path Group: clk_i
Path Type: min

Fanout         Cap        Slew       Delay        Time   Description
---------------------------------------------------------------------------------------------
                                  0.000000    0.000000   clock clk_i (rise edge)
                                  0.000000    0.000000   clock source latency
     1    0.032062    0.000000    0.000000    0.000000 ^ clk_i (in)
                                                         clk_i (net)
                      0.004516    0.002258    0.002258 ^ clkbuf_0_clk_i/A (sg13g2_buf_16)
    16    0.181972    0.058543    0.076554    0.078812 ^ clkbuf_0_clk_i/X (sg13g2_buf_16)
                                                         clknet_0_clk_i (net)
                      0.062114    0.011113    0.089924 ^ clkbuf_4_3_0_clk_i/A (sg13g2_buf_8)
     7    0.032384    0.030496    0.089004    0.178929 ^ clkbuf_4_3_0_clk_i/X (sg13g2_buf_8)
                                                         clknet_4_3_0_clk_i (net)
                      0.030505    0.000758    0.179686 ^ _1059_/CLK (sg13g2_dfrbpq_1)
     3    0.024694    0.082029    0.215867    0.395554 v _1059_/Q (sg13g2_dfrbpq_1)
                                                         net115 (net)
                      0.082177    0.003066    0.398620 v output115/A (sg13g2_buf_1)
     1    0.052468    0.166745    0.199556    0.598175 v output115/X (sg13g2_buf_1)
                                                         gpio_out[14] (net)
                      0.166758    0.001546    0.599721 v gpio_out[14] (out)
                                              0.599721   data arrival time

                                  0.000000    0.000000   clock clk_i (rise edge)
                                  0.000000    0.000000   clock network delay (propagated)
                                  0.100000    0.100000   clock uncertainty
                                  0.000000    0.100000   clock reconvergence pessimism
                                  0.000000    0.100000   output external delay
                                              0.100000   data required time
---------------------------------------------------------------------------------------------
                                              0.100000   data required time
                                             -0.599721   data arrival time
---------------------------------------------------------------------------------------------
                                              0.499721   slack (MET)


Startpoint: _1039_ (rising edge-triggered flip-flop clocked by clk_i)
Endpoint: gpio_out[26] (output port clocked by clk_i)
Path Group: clk_i
Path Type: min

Fanout         Cap        Slew       Delay        Time   Description
---------------------------------------------------------------------------------------------
                                  0.000000    0.000000   clock clk_i (rise edge)
                                  0.000000    0.000000   clock source latency
     1    0.032062    0.000000    0.000000    0.000000 ^ clk_i (in)
                                                         clk_i (net)
                      0.004516    0.002258    0.002258 ^ clkbuf_0_clk_i/A (sg13g2_buf_16)
    16    0.181972    0.058543    0.076554    0.078812 ^ clkbuf_0_clk_i/X (sg13g2_buf_16)
                                                         clknet_0_clk_i (net)
                      0.063291    0.012777    0.091589 ^ clkbuf_4_7_0_clk_i/A (sg13g2_buf_8)
     7    0.033354    0.030864    0.089437    0.181026 ^ clkbuf_4_7_0_clk_i/X (sg13g2_buf_8)
                                                         clknet_4_7_0_clk_i (net)
                      0.031275    0.003385    0.184412 ^ _1039_/CLK (sg13g2_dfrbpq_1)
     3    0.022833    0.076921    0.212262    0.396674 v _1039_/Q (sg13g2_dfrbpq_1)
                                                         net128 (net)
                      0.077060    0.002905    0.399579 v output128/A (sg13g2_buf_1)
     1    0.053068    0.168557    0.198605    0.598184 v output128/X (sg13g2_buf_1)
                                                         gpio_out[26] (net)
                      0.168570    0.001585    0.599769 v gpio_out[26] (out)
                                              0.599769   data arrival time

                                  0.000000    0.000000   clock clk_i (rise edge)
                                  0.000000    0.000000   clock network delay (propagated)
                                  0.100000    0.100000   clock uncertainty
                                  0.000000    0.100000   clock reconvergence pessimism
                                  0.000000    0.100000   output external delay
                                              0.100000   data required time
---------------------------------------------------------------------------------------------
                                              0.100000   data required time
                                             -0.599769   data arrival time
---------------------------------------------------------------------------------------------
                                              0.499769   slack (MET)


Startpoint: _1086_ (rising edge-triggered flip-flop clocked by clk_i)
Endpoint: gpio_dir[9] (output port clocked by clk_i)
Path Group: clk_i
Path Type: min

Fanout         Cap        Slew       Delay        Time   Description
---------------------------------------------------------------------------------------------
                                  0.000000    0.000000   clock clk_i (rise edge)
                                  0.000000    0.000000   clock source latency
     1    0.032062    0.000000    0.000000    0.000000 ^ clk_i (in)
                                                         clk_i (net)
                      0.004516    0.002258    0.002258 ^ clkbuf_0_clk_i/A (sg13g2_buf_16)
    16    0.181972    0.058543    0.076554    0.078812 ^ clkbuf_0_clk_i/X (sg13g2_buf_16)
                                                         clknet_0_clk_i (net)
                      0.062403    0.011540    0.090352 ^ clkbuf_4_6_0_clk_i/A (sg13g2_buf_8)
     7    0.032390    0.030437    0.088745    0.179097 ^ clkbuf_4_6_0_clk_i/X (sg13g2_buf_8)
                                                         clknet_4_6_0_clk_i (net)
                      0.030685    0.002790    0.181887 ^ _1086_/CLK (sg13g2_dfrbpq_1)
     3    0.022718    0.077013    0.212221    0.394108 v _1086_/Q (sg13g2_dfrbpq_1)
                                                         net109 (net)
                      0.077059    0.001717    0.395825 v output109/A (sg13g2_buf_1)
     1    0.054519    0.173428    0.200107    0.595933 v output109/X (sg13g2_buf_1)
                                                         gpio_dir[9] (net)
                      0.173597    0.003859    0.599791 v gpio_dir[9] (out)
                                              0.599791   data arrival time

                                  0.000000    0.000000   clock clk_i (rise edge)
                                  0.000000    0.000000   clock network delay (propagated)
                                  0.100000    0.100000   clock uncertainty
                                  0.000000    0.100000   clock reconvergence pessimism
                                  0.000000    0.100000   output external delay
                                              0.100000   data required time
---------------------------------------------------------------------------------------------
                                              0.100000   data required time
                                             -0.599791   data arrival time
---------------------------------------------------------------------------------------------
                                              0.499791   slack (MET)


Startpoint: _1092_ (rising edge-triggered flip-flop clocked by clk_i)
Endpoint: gpio_dir[15] (output port clocked by clk_i)
Path Group: clk_i
Path Type: min

Fanout         Cap        Slew       Delay        Time   Description
---------------------------------------------------------------------------------------------
                                  0.000000    0.000000   clock clk_i (rise edge)
                                  0.000000    0.000000   clock source latency
     1    0.032062    0.000000    0.000000    0.000000 ^ clk_i (in)
                                                         clk_i (net)
                      0.004516    0.002258    0.002258 ^ clkbuf_0_clk_i/A (sg13g2_buf_16)
    16    0.181972    0.058543    0.076554    0.078812 ^ clkbuf_0_clk_i/X (sg13g2_buf_16)
                                                         clknet_0_clk_i (net)
                      0.061499    0.010148    0.088959 ^ clkbuf_4_9_0_clk_i/A (sg13g2_buf_8)
     7    0.030034    0.029453    0.087829    0.176789 ^ clkbuf_4_9_0_clk_i/X (sg13g2_buf_8)
                                                         clknet_4_9_0_clk_i (net)
                      0.029471    0.001205    0.177993 ^ _1092_/CLK (sg13g2_dfrbpq_1)
     3    0.024161    0.080419    0.214144    0.392137 v _1092_/Q (sg13g2_dfrbpq_1)
                                                         net84 (net)
                      0.080612    0.003442    0.395579 v output84/A (sg13g2_buf_1)
     1    0.054557    0.173580    0.201660    0.597239 v output84/X (sg13g2_buf_1)
                                                         gpio_dir[15] (net)
                      0.173756    0.003962    0.601200 v gpio_dir[15] (out)
                                              0.601200   data arrival time

                                  0.000000    0.000000   clock clk_i (rise edge)
                                  0.000000    0.000000   clock network delay (propagated)
                                  0.100000    0.100000   clock uncertainty
                                  0.000000    0.100000   clock reconvergence pessimism
                                  0.000000    0.100000   output external delay
                                              0.100000   data required time
---------------------------------------------------------------------------------------------
                                              0.100000   data required time
                                             -0.601200   data arrival time
---------------------------------------------------------------------------------------------
                                              0.501200   slack (MET)


Startpoint: _1076_ (rising edge-triggered flip-flop clocked by clk_i)
Endpoint: gpio_dir[31] (output port clocked by clk_i)
Path Group: clk_i
Path Type: min

Fanout         Cap        Slew       Delay        Time   Description
---------------------------------------------------------------------------------------------
                                  0.000000    0.000000   clock clk_i (rise edge)
                                  0.000000    0.000000   clock source latency
     1    0.032062    0.000000    0.000000    0.000000 ^ clk_i (in)
                                                         clk_i (net)
                      0.004516    0.002258    0.002258 ^ clkbuf_0_clk_i/A (sg13g2_buf_16)
    16    0.181972    0.058543    0.076554    0.078812 ^ clkbuf_0_clk_i/X (sg13g2_buf_16)
                                                         clknet_0_clk_i (net)
                      0.064442    0.014245    0.093056 ^ clkbuf_4_13_0_clk_i/A (sg13g2_buf_8)
     7    0.030774    0.029894    0.089424    0.182480 ^ clkbuf_4_13_0_clk_i/X (sg13g2_buf_8)
                                                         clknet_4_13_0_clk_i (net)
                      0.029957    0.001975    0.184455 ^ _1076_/CLK (sg13g2_dfrbpq_1)
     3    0.022552    0.077183    0.210266    0.394721 v _1076_/Q (sg13g2_dfrbpq_1)
                                                         net102 (net)
                      0.077359    0.003219    0.397940 v output102/A (sg13g2_buf_1)
     1    0.054292    0.172807    0.199502    0.597442 v output102/X (sg13g2_buf_1)
                                                         gpio_dir[31] (net)
                      0.172994    0.004106    0.601548 v gpio_dir[31] (out)
                                              0.601548   data arrival time

                                  0.000000    0.000000   clock clk_i (rise edge)
                                  0.000000    0.000000   clock network delay (propagated)
                                  0.100000    0.100000   clock uncertainty
                                  0.000000    0.100000   clock reconvergence pessimism
                                  0.000000    0.100000   output external delay
                                              0.100000   data required time
---------------------------------------------------------------------------------------------
                                              0.100000   data required time
                                             -0.601548   data arrival time
---------------------------------------------------------------------------------------------
                                              0.501548   slack (MET)


Startpoint: _1037_ (rising edge-triggered flip-flop clocked by clk_i)
Endpoint: gpio_out[24] (output port clocked by clk_i)
Path Group: clk_i
Path Type: min

Fanout         Cap        Slew       Delay        Time   Description
---------------------------------------------------------------------------------------------
                                  0.000000    0.000000   clock clk_i (rise edge)
                                  0.000000    0.000000   clock source latency
     1    0.032062    0.000000    0.000000    0.000000 ^ clk_i (in)
                                                         clk_i (net)
                      0.004516    0.002258    0.002258 ^ clkbuf_0_clk_i/A (sg13g2_buf_16)
    16    0.181972    0.058543    0.076554    0.078812 ^ clkbuf_0_clk_i/X (sg13g2_buf_16)
                                                         clknet_0_clk_i (net)
                      0.062403    0.011540    0.090352 ^ clkbuf_4_6_0_clk_i/A (sg13g2_buf_8)
     7    0.032390    0.030437    0.088745    0.179097 ^ clkbuf_4_6_0_clk_i/X (sg13g2_buf_8)
                                                         clknet_4_6_0_clk_i (net)
                      0.030499    0.001600    0.180697 ^ _1037_/CLK (sg13g2_dfrbpq_1)
     3    0.024379    0.081086    0.214962    0.395658 v _1037_/Q (sg13g2_dfrbpq_1)
                                                         net126 (net)
                      0.081281    0.003488    0.399146 v output126/A (sg13g2_buf_1)
     1    0.053463    0.170203    0.199748    0.598895 v output126/X (sg13g2_buf_1)
                                                         gpio_out[24] (net)
                      0.170361    0.003667    0.602562 v gpio_out[24] (out)
                                              0.602562   data arrival time

                                  0.000000    0.000000   clock clk_i (rise edge)
                                  0.000000    0.000000   clock network delay (propagated)
                                  0.100000    0.100000   clock uncertainty
                                  0.000000    0.100000   clock reconvergence pessimism
                                  0.000000    0.100000   output external delay
                                              0.100000   data required time
---------------------------------------------------------------------------------------------
                                              0.100000   data required time
                                             -0.602562   data arrival time
---------------------------------------------------------------------------------------------
                                              0.502562   slack (MET)


Startpoint: _1009_ (rising edge-triggered flip-flop clocked by clk_i)
Endpoint: s_axil_rdata[7] (output port clocked by clk_i)
Path Group: clk_i
Path Type: min

Fanout         Cap        Slew       Delay        Time   Description
---------------------------------------------------------------------------------------------
                                  0.000000    0.000000   clock clk_i (rise edge)
                                  0.000000    0.000000   clock source latency
     1    0.032062    0.000000    0.000000    0.000000 ^ clk_i (in)
                                                         clk_i (net)
                      0.004516    0.002258    0.002258 ^ clkbuf_0_clk_i/A (sg13g2_buf_16)
    16    0.181972    0.058543    0.076554    0.078812 ^ clkbuf_0_clk_i/X (sg13g2_buf_16)
                                                         clknet_0_clk_i (net)
                      0.062038    0.010996    0.089808 ^ clkbuf_4_10_0_clk_i/A (sg13g2_buf_8)
     7    0.033574    0.030894    0.088888    0.178696 ^ clkbuf_4_10_0_clk_i/X (sg13g2_buf_8)
                                                         clknet_4_10_0_clk_i (net)
                      0.031000    0.001730    0.180426 ^ _1009_/CLK (sg13g2_dfrbpq_1)
     2    0.026483    0.087448    0.219953    0.400379 v _1009_/Q (sg13g2_dfrbpq_1)
                                                         net174 (net)
                      0.087603    0.003240    0.403619 v output174/A (sg13g2_buf_1)
     1    0.050762    0.161744    0.197592    0.601212 v output174/X (sg13g2_buf_1)
                                                         s_axil_rdata[7] (net)
                      0.161829    0.002238    0.603449 v s_axil_rdata[7] (out)
                                              0.603449   data arrival time

                                  0.000000    0.000000   clock clk_i (rise edge)
                                  0.000000    0.000000   clock network delay (propagated)
                                  0.100000    0.100000   clock uncertainty
                                  0.000000    0.100000   clock reconvergence pessimism
                                  0.000000    0.100000   output external delay
                                              0.100000   data required time
---------------------------------------------------------------------------------------------
                                              0.100000   data required time
                                             -0.603449   data arrival time
---------------------------------------------------------------------------------------------
                                              0.503449   slack (MET)


Startpoint: _1038_ (rising edge-triggered flip-flop clocked by clk_i)
Endpoint: gpio_out[25] (output port clocked by clk_i)
Path Group: clk_i
Path Type: min

Fanout         Cap        Slew       Delay        Time   Description
---------------------------------------------------------------------------------------------
                                  0.000000    0.000000   clock clk_i (rise edge)
                                  0.000000    0.000000   clock source latency
     1    0.032062    0.000000    0.000000    0.000000 ^ clk_i (in)
                                                         clk_i (net)
                      0.004516    0.002258    0.002258 ^ clkbuf_0_clk_i/A (sg13g2_buf_16)
    16    0.181972    0.058543    0.076554    0.078812 ^ clkbuf_0_clk_i/X (sg13g2_buf_16)
                                                         clknet_0_clk_i (net)
                      0.063799    0.013441    0.092253 ^ clkbuf_4_12_0_clk_i/A (sg13g2_buf_8)
     7    0.033059    0.030856    0.090054    0.182307 ^ clkbuf_4_12_0_clk_i/X (sg13g2_buf_8)
                                                         clknet_4_12_0_clk_i (net)
                      0.030874    0.001156    0.183463 ^ _1038_/CLK (sg13g2_dfrbpq_1)
     3    0.024034    0.080093    0.214210    0.397673 v _1038_/Q (sg13g2_dfrbpq_1)
                                                         net127 (net)
                      0.080312    0.003642    0.401315 v output127/A (sg13g2_buf_1)
     1    0.053091    0.169093    0.198434    0.599749 v output127/X (sg13g2_buf_1)
                                                         gpio_out[25] (net)
                      0.169254    0.003707    0.603457 v gpio_out[25] (out)
                                              0.603457   data arrival time

                                  0.000000    0.000000   clock clk_i (rise edge)
                                  0.000000    0.000000   clock network delay (propagated)
                                  0.100000    0.100000   clock uncertainty
                                  0.000000    0.100000   clock reconvergence pessimism
                                  0.000000    0.100000   output external delay
                                              0.100000   data required time
---------------------------------------------------------------------------------------------
                                              0.100000   data required time
                                             -0.603457   data arrival time
---------------------------------------------------------------------------------------------
                                              0.503457   slack (MET)


Startpoint: _1073_ (rising edge-triggered flip-flop clocked by clk_i)
Endpoint: gpio_dir[28] (output port clocked by clk_i)
Path Group: clk_i
Path Type: min

Fanout         Cap        Slew       Delay        Time   Description
---------------------------------------------------------------------------------------------
                                  0.000000    0.000000   clock clk_i (rise edge)
                                  0.000000    0.000000   clock source latency
     1    0.032062    0.000000    0.000000    0.000000 ^ clk_i (in)
                                                         clk_i (net)
                      0.004516    0.002258    0.002258 ^ clkbuf_0_clk_i/A (sg13g2_buf_16)
    16    0.181972    0.058543    0.076554    0.078812 ^ clkbuf_0_clk_i/X (sg13g2_buf_16)
                                                         clknet_0_clk_i (net)
                      0.064442    0.014245    0.093056 ^ clkbuf_4_13_0_clk_i/A (sg13g2_buf_8)
     7    0.030774    0.029894    0.089424    0.182480 ^ clkbuf_4_13_0_clk_i/X (sg13g2_buf_8)
                                                         clknet_4_13_0_clk_i (net)
                      0.029894    0.000322    0.182802 ^ _1073_/CLK (sg13g2_dfrbpq_1)
     3    0.023721    0.079109    0.213478    0.396280 v _1073_/Q (sg13g2_dfrbpq_1)
                                                         net98 (net)
                      0.079219    0.002613    0.398892 v output98/A (sg13g2_buf_1)
     1    0.054579    0.173656    0.201056    0.599949 v output98/X (sg13g2_buf_1)
                                                         gpio_dir[28] (net)
                      0.173837    0.004023    0.603971 v gpio_dir[28] (out)
                                              0.603971   data arrival time

                                  0.000000    0.000000   clock clk_i (rise edge)
                                  0.000000    0.000000   clock network delay (propagated)
                                  0.100000    0.100000   clock uncertainty
                                  0.000000    0.100000   clock reconvergence pessimism
                                  0.000000    0.100000   output external delay
                                              0.100000   data required time
---------------------------------------------------------------------------------------------
                                              0.100000   data required time
                                             -0.603971   data arrival time
---------------------------------------------------------------------------------------------
                                              0.503971   slack (MET)


Startpoint: _1040_ (rising edge-triggered flip-flop clocked by clk_i)
Endpoint: gpio_out[27] (output port clocked by clk_i)
Path Group: clk_i
Path Type: min

Fanout         Cap        Slew       Delay        Time   Description
---------------------------------------------------------------------------------------------
                                  0.000000    0.000000   clock clk_i (rise edge)
                                  0.000000    0.000000   clock source latency
     1    0.032062    0.000000    0.000000    0.000000 ^ clk_i (in)
                                                         clk_i (net)
                      0.004516    0.002258    0.002258 ^ clkbuf_0_clk_i/A (sg13g2_buf_16)
    16    0.181972    0.058543    0.076554    0.078812 ^ clkbuf_0_clk_i/X (sg13g2_buf_16)
                                                         clknet_0_clk_i (net)
                      0.062403    0.011540    0.090352 ^ clkbuf_4_6_0_clk_i/A (sg13g2_buf_8)
     7    0.032390    0.030437    0.088745    0.179097 ^ clkbuf_4_6_0_clk_i/X (sg13g2_buf_8)
                                                         clknet_4_6_0_clk_i (net)
                      0.030499    0.001602    0.180698 ^ _1040_/CLK (sg13g2_dfrbpq_1)
     3    0.025161    0.083430    0.216981    0.397680 v _1040_/Q (sg13g2_dfrbpq_1)
                                                         net129 (net)
                      0.083573    0.003027    0.400706 v output129/A (sg13g2_buf_1)
     1    0.053250    0.169584    0.200221    0.600927 v output129/X (sg13g2_buf_1)
                                                         gpio_out[27] (net)
                      0.169746    0.003715    0.604642 v gpio_out[27] (out)
                                              0.604642   data arrival time

                                  0.000000    0.000000   clock clk_i (rise edge)
                                  0.000000    0.000000   clock network delay (propagated)
                                  0.100000    0.100000   clock uncertainty
                                  0.000000    0.100000   clock reconvergence pessimism
                                  0.000000    0.100000   output external delay
                                              0.100000   data required time
---------------------------------------------------------------------------------------------
                                              0.100000   data required time
                                             -0.604642   data arrival time
---------------------------------------------------------------------------------------------
                                              0.504642   slack (MET)


Startpoint: _1052_ (rising edge-triggered flip-flop clocked by clk_i)
Endpoint: gpio_out[23] (output port clocked by clk_i)
Path Group: clk_i
Path Type: min

Fanout         Cap        Slew       Delay        Time   Description
---------------------------------------------------------------------------------------------
                                  0.000000    0.000000   clock clk_i (rise edge)
                                  0.000000    0.000000   clock source latency
     1    0.032062    0.000000    0.000000    0.000000 ^ clk_i (in)
                                                         clk_i (net)
                      0.004516    0.002258    0.002258 ^ clkbuf_0_clk_i/A (sg13g2_buf_16)
    16    0.181972    0.058543    0.076554    0.078812 ^ clkbuf_0_clk_i/X (sg13g2_buf_16)
                                                         clknet_0_clk_i (net)
                      0.063004    0.012390    0.091201 ^ clkbuf_4_4_0_clk_i/A (sg13g2_buf_8)
     7    0.038534    0.033144    0.091540    0.182741 ^ clkbuf_4_4_0_clk_i/X (sg13g2_buf_8)
                                                         clknet_4_4_0_clk_i (net)
                      0.033177    0.000712    0.183453 ^ _1052_/CLK (sg13g2_dfrbpq_1)
     3    0.024747    0.081706    0.218057    0.401509 v _1052_/Q (sg13g2_dfrbpq_1)
                                                         net125 (net)
                      0.081762    0.001964    0.403474 v output125/A (sg13g2_buf_1)
     1    0.052620    0.167205    0.199699    0.603173 v output125/X (sg13g2_buf_1)
                                                         gpio_out[23] (net)
                      0.167218    0.001552    0.604725 v gpio_out[23] (out)
                                              0.604725   data arrival time

                                  0.000000    0.000000   clock clk_i (rise edge)
                                  0.000000    0.000000   clock network delay (propagated)
                                  0.100000    0.100000   clock uncertainty
                                  0.000000    0.100000   clock reconvergence pessimism
                                  0.000000    0.100000   output external delay
                                              0.100000   data required time
---------------------------------------------------------------------------------------------
                                              0.100000   data required time
                                             -0.604725   data arrival time
---------------------------------------------------------------------------------------------
                                              0.504725   slack (MET)


Startpoint: _1015_ (rising edge-triggered flip-flop clocked by clk_i)
Endpoint: s_axil_rdata[13] (output port clocked by clk_i)
Path Group: clk_i
Path Type: min

Fanout         Cap        Slew       Delay        Time   Description
---------------------------------------------------------------------------------------------
                                  0.000000    0.000000   clock clk_i (rise edge)
                                  0.000000    0.000000   clock source latency
     1    0.032062    0.000000    0.000000    0.000000 ^ clk_i (in)
                                                         clk_i (net)
                      0.004516    0.002258    0.002258 ^ clkbuf_0_clk_i/A (sg13g2_buf_16)
    16    0.181972    0.058543    0.076554    0.078812 ^ clkbuf_0_clk_i/X (sg13g2_buf_16)
                                                         clknet_0_clk_i (net)
                      0.061984    0.010914    0.089726 ^ clkbuf_4_11_0_clk_i/A (sg13g2_buf_8)
     7    0.033044    0.030780    0.089231    0.178957 ^ clkbuf_4_11_0_clk_i/X (sg13g2_buf_8)
                                                         clknet_4_11_0_clk_i (net)
                      0.030800    0.001246    0.180202 ^ _1015_/CLK (sg13g2_dfrbpq_1)
     2    0.027088    0.088748    0.221729    0.401931 v _1015_/Q (sg13g2_dfrbpq_1)
                                                         net149 (net)
                      0.088847    0.002663    0.404594 v output149/A (sg13g2_buf_1)
     1    0.050857    0.162042    0.198335    0.602929 v output149/X (sg13g2_buf_1)
                                                         s_axil_rdata[13] (net)
                      0.162127    0.002261    0.605191 v s_axil_rdata[13] (out)
                                              0.605191   data arrival time

                                  0.000000    0.000000   clock clk_i (rise edge)
                                  0.000000    0.000000   clock network delay (propagated)
                                  0.100000    0.100000   clock uncertainty
                                  0.000000    0.100000   clock reconvergence pessimism
                                  0.000000    0.100000   output external delay
                                              0.100000   data required time
---------------------------------------------------------------------------------------------
                                              0.100000   data required time
                                             -0.605191   data arrival time
---------------------------------------------------------------------------------------------
                                              0.505191   slack (MET)


Startpoint: _1057_ (rising edge-triggered flip-flop clocked by clk_i)
Endpoint: gpio_out[12] (output port clocked by clk_i)
Path Group: clk_i
Path Type: min

Fanout         Cap        Slew       Delay        Time   Description
---------------------------------------------------------------------------------------------
                                  0.000000    0.000000   clock clk_i (rise edge)
                                  0.000000    0.000000   clock source latency
     1    0.032062    0.000000    0.000000    0.000000 ^ clk_i (in)
                                                         clk_i (net)
                      0.004516    0.002258    0.002258 ^ clkbuf_0_clk_i/A (sg13g2_buf_16)
    16    0.181972    0.058543    0.076554    0.078812 ^ clkbuf_0_clk_i/X (sg13g2_buf_16)
                                                         clknet_0_clk_i (net)
                      0.061702    0.010475    0.089287 ^ clkbuf_4_8_0_clk_i/A (sg13g2_buf_8)
     7    0.032346    0.030358    0.088271    0.177557 ^ clkbuf_4_8_0_clk_i/X (sg13g2_buf_8)
                                                         clknet_4_8_0_clk_i (net)
                      0.030635    0.002825    0.180382 ^ _1057_/CLK (sg13g2_dfrbpq_1)
     3    0.026453    0.086860    0.220110    0.400491 v _1057_/Q (sg13g2_dfrbpq_1)
                                                         net113 (net)
                      0.086960    0.002622    0.403113 v output113/A (sg13g2_buf_1)
     1    0.052619    0.167219    0.201977    0.605090 v output113/X (sg13g2_buf_1)
                                                         gpio_out[12] (net)
                      0.167232    0.001570    0.606660 v gpio_out[12] (out)
                                              0.606660   data arrival time

                                  0.000000    0.000000   clock clk_i (rise edge)
                                  0.000000    0.000000   clock network delay (propagated)
                                  0.100000    0.100000   clock uncertainty
                                  0.000000    0.100000   clock reconvergence pessimism
                                  0.000000    0.100000   output external delay
                                              0.100000   data required time
---------------------------------------------------------------------------------------------
                                              0.100000   data required time
                                             -0.606660   data arrival time
---------------------------------------------------------------------------------------------
                                              0.506660   slack (MET)


Startpoint: _1082_ (rising edge-triggered flip-flop clocked by clk_i)
Endpoint: gpio_dir[21] (output port clocked by clk_i)
Path Group: clk_i
Path Type: min

Fanout         Cap        Slew       Delay        Time   Description
---------------------------------------------------------------------------------------------
                                  0.000000    0.000000   clock clk_i (rise edge)
                                  0.000000    0.000000   clock source latency
     1    0.032062    0.000000    0.000000    0.000000 ^ clk_i (in)
                                                         clk_i (net)
                      0.004516    0.002258    0.002258 ^ clkbuf_0_clk_i/A (sg13g2_buf_16)
    16    0.181972    0.058543    0.076554    0.078812 ^ clkbuf_0_clk_i/X (sg13g2_buf_16)
                                                         clknet_0_clk_i (net)
                      0.063060    0.012466    0.091278 ^ clkbuf_4_5_0_clk_i/A (sg13g2_buf_8)
     7    0.029167    0.029137    0.088155    0.179433 ^ clkbuf_4_5_0_clk_i/X (sg13g2_buf_8)
                                                         clknet_4_5_0_clk_i (net)
                      0.029148    0.000943    0.180376 ^ _1082_/CLK (sg13g2_dfrbpq_1)
     3    0.024495    0.080973    0.215164    0.395540 v _1082_/Q (sg13g2_dfrbpq_1)
                                                         net91 (net)
                      0.081065    0.002441    0.397981 v output91/A (sg13g2_buf_1)
     1    0.056129    0.178377    0.205226    0.603207 v output91/X (sg13g2_buf_1)
                                                         gpio_dir[21] (net)
                      0.178565    0.004171    0.607378 v gpio_dir[21] (out)
                                              0.607378   data arrival time

                                  0.000000    0.000000   clock clk_i (rise edge)
                                  0.000000    0.000000   clock network delay (propagated)
                                  0.100000    0.100000   clock uncertainty
                                  0.000000    0.100000   clock reconvergence pessimism
                                  0.000000    0.100000   output external delay
                                              0.100000   data required time
---------------------------------------------------------------------------------------------
                                              0.100000   data required time
                                             -0.607378   data arrival time
---------------------------------------------------------------------------------------------
                                              0.507378   slack (MET)


Startpoint: _1087_ (rising edge-triggered flip-flop clocked by clk_i)
Endpoint: gpio_dir[10] (output port clocked by clk_i)
Path Group: clk_i
Path Type: min

Fanout         Cap        Slew       Delay        Time   Description
---------------------------------------------------------------------------------------------
                                  0.000000    0.000000   clock clk_i (rise edge)
                                  0.000000    0.000000   clock source latency
     1    0.032062    0.000000    0.000000    0.000000 ^ clk_i (in)
                                                         clk_i (net)
                      0.004516    0.002258    0.002258 ^ clkbuf_0_clk_i/A (sg13g2_buf_16)
    16    0.181972    0.058543    0.076554    0.078812 ^ clkbuf_0_clk_i/X (sg13g2_buf_16)
                                                         clknet_0_clk_i (net)
                      0.062403    0.011540    0.090352 ^ clkbuf_4_6_0_clk_i/A (sg13g2_buf_8)
     7    0.032390    0.030437    0.088745    0.179097 ^ clkbuf_4_6_0_clk_i/X (sg13g2_buf_8)
                                                         clknet_4_6_0_clk_i (net)
                      0.030616    0.002424    0.181520 ^ _1087_/CLK (sg13g2_dfrbpq_1)
     3    0.025337    0.083500    0.217667    0.399187 v _1087_/Q (sg13g2_dfrbpq_1)
                                                         net79 (net)
                      0.083610    0.002695    0.401882 v output79/A (sg13g2_buf_1)
     1    0.054112    0.172210    0.202087    0.603969 v output79/X (sg13g2_buf_1)
                                                         gpio_dir[10] (net)
                      0.172380    0.003857    0.607826 v gpio_dir[10] (out)
                                              0.607826   data arrival time

                                  0.000000    0.000000   clock clk_i (rise edge)
                                  0.000000    0.000000   clock network delay (propagated)
                                  0.100000    0.100000   clock uncertainty
                                  0.000000    0.100000   clock reconvergence pessimism
                                  0.000000    0.100000   output external delay
                                              0.100000   data required time
---------------------------------------------------------------------------------------------
                                              0.100000   data required time
                                             -0.607826   data arrival time
---------------------------------------------------------------------------------------------
                                              0.507826   slack (MET)


Startpoint: _1083_ (rising edge-triggered flip-flop clocked by clk_i)
Endpoint: gpio_dir[22] (output port clocked by clk_i)
Path Group: clk_i
Path Type: min

Fanout         Cap        Slew       Delay        Time   Description
---------------------------------------------------------------------------------------------
                                  0.000000    0.000000   clock clk_i (rise edge)
                                  0.000000    0.000000   clock source latency
     1    0.032062    0.000000    0.000000    0.000000 ^ clk_i (in)
                                                         clk_i (net)
                      0.004516    0.002258    0.002258 ^ clkbuf_0_clk_i/A (sg13g2_buf_16)
    16    0.181972    0.058543    0.076554    0.078812 ^ clkbuf_0_clk_i/X (sg13g2_buf_16)
                                                         clknet_0_clk_i (net)
                      0.063004    0.012390    0.091201 ^ clkbuf_4_4_0_clk_i/A (sg13g2_buf_8)
     7    0.038534    0.033144    0.091540    0.182741 ^ clkbuf_4_4_0_clk_i/X (sg13g2_buf_8)
                                                         clknet_4_4_0_clk_i (net)
                      0.033156    0.000346    0.183087 ^ _1083_/CLK (sg13g2_dfrbpq_1)
     3    0.025052    0.082643    0.218250    0.401337 v _1083_/Q (sg13g2_dfrbpq_1)
                                                         net92 (net)
                      0.082754    0.002687    0.404024 v output92/A (sg13g2_buf_1)
     1    0.054380    0.172591    0.203857    0.607881 v output92/X (sg13g2_buf_1)
                                                         gpio_dir[22] (net)
                      0.172610    0.001824    0.609705 v gpio_dir[22] (out)
                                              0.609705   data arrival time

                                  0.000000    0.000000   clock clk_i (rise edge)
                                  0.000000    0.000000   clock network delay (propagated)
                                  0.100000    0.100000   clock uncertainty
                                  0.000000    0.100000   clock reconvergence pessimism
                                  0.000000    0.100000   output external delay
                                              0.100000   data required time
---------------------------------------------------------------------------------------------
                                              0.100000   data required time
                                             -0.609705   data arrival time
---------------------------------------------------------------------------------------------
                                              0.509705   slack (MET)


Startpoint: _1075_ (rising edge-triggered flip-flop clocked by clk_i)
Endpoint: gpio_dir[30] (output port clocked by clk_i)
Path Group: clk_i
Path Type: min

Fanout         Cap        Slew       Delay        Time   Description
---------------------------------------------------------------------------------------------
                                  0.000000    0.000000   clock clk_i (rise edge)
                                  0.000000    0.000000   clock source latency
     1    0.032062    0.000000    0.000000    0.000000 ^ clk_i (in)
                                                         clk_i (net)
                      0.004516    0.002258    0.002258 ^ clkbuf_0_clk_i/A (sg13g2_buf_16)
    16    0.181972    0.058543    0.076554    0.078812 ^ clkbuf_0_clk_i/X (sg13g2_buf_16)
                                                         clknet_0_clk_i (net)
                      0.064442    0.014245    0.093056 ^ clkbuf_4_13_0_clk_i/A (sg13g2_buf_8)
     7    0.030774    0.029894    0.089424    0.182480 ^ clkbuf_4_13_0_clk_i/X (sg13g2_buf_8)
                                                         clknet_4_13_0_clk_i (net)
                      0.029955    0.001959    0.184439 ^ _1075_/CLK (sg13g2_dfrbpq_1)
     3    0.025024    0.082561    0.216712    0.401151 v _1075_/Q (sg13g2_dfrbpq_1)
                                                         net101 (net)
                      0.082647    0.002392    0.403543 v output101/A (sg13g2_buf_1)
     1    0.054437    0.173230    0.202262    0.605805 v output101/X (sg13g2_buf_1)
                                                         gpio_dir[30] (net)
                      0.173409    0.004002    0.609807 v gpio_dir[30] (out)
                                              0.609807   data arrival time

                                  0.000000    0.000000   clock clk_i (rise edge)
                                  0.000000    0.000000   clock network delay (propagated)
                                  0.100000    0.100000   clock uncertainty
                                  0.000000    0.100000   clock reconvergence pessimism
                                  0.000000    0.100000   output external delay
                                              0.100000   data required time
---------------------------------------------------------------------------------------------
                                              0.100000   data required time
                                             -0.609807   data arrival time
---------------------------------------------------------------------------------------------
                                              0.509807   slack (MET)


Startpoint: _1047_ (rising edge-triggered flip-flop clocked by clk_i)
Endpoint: gpio_out[18] (output port clocked by clk_i)
Path Group: clk_i
Path Type: min

Fanout         Cap        Slew       Delay        Time   Description
---------------------------------------------------------------------------------------------
                                  0.000000    0.000000   clock clk_i (rise edge)
                                  0.000000    0.000000   clock source latency
     1    0.032062    0.000000    0.000000    0.000000 ^ clk_i (in)
                                                         clk_i (net)
                      0.004516    0.002258    0.002258 ^ clkbuf_0_clk_i/A (sg13g2_buf_16)
    16    0.181972    0.058543    0.076554    0.078812 ^ clkbuf_0_clk_i/X (sg13g2_buf_16)
                                                         clknet_0_clk_i (net)
                      0.062973    0.012347    0.091159 ^ clkbuf_4_1_0_clk_i/A (sg13g2_buf_8)
     7    0.030513    0.029719    0.088663    0.179822 ^ clkbuf_4_1_0_clk_i/X (sg13g2_buf_8)
                                                         clknet_4_1_0_clk_i (net)
                      0.029739    0.001317    0.181139 ^ _1047_/CLK (sg13g2_dfrbpq_1)
     3    0.027512    0.090047    0.221786    0.402925 v _1047_/Q (sg13g2_dfrbpq_1)
                                                         net119 (net)
                      0.090199    0.003259    0.406184 v output119/A (sg13g2_buf_1)
     1    0.052574    0.167221    0.203299    0.609483 v output119/X (sg13g2_buf_1)
                                                         gpio_out[18] (net)
                      0.167234    0.001568    0.611051 v gpio_out[18] (out)
                                              0.611051   data arrival time

                                  0.000000    0.000000   clock clk_i (rise edge)
                                  0.000000    0.000000   clock network delay (propagated)
                                  0.100000    0.100000   clock uncertainty
                                  0.000000    0.100000   clock reconvergence pessimism
                                  0.000000    0.100000   output external delay
                                              0.100000   data required time
---------------------------------------------------------------------------------------------
                                              0.100000   data required time
                                             -0.611051   data arrival time
---------------------------------------------------------------------------------------------
                                              0.511051   slack (MET)


Startpoint: _1065_ (rising edge-triggered flip-flop clocked by clk_i)
Endpoint: gpio_out[4] (output port clocked by clk_i)
Path Group: clk_i
Path Type: min

Fanout         Cap        Slew       Delay        Time   Description
---------------------------------------------------------------------------------------------
                                  0.000000    0.000000   clock clk_i (rise edge)
                                  0.000000    0.000000   clock source latency
     1    0.032062    0.000000    0.000000    0.000000 ^ clk_i (in)
                                                         clk_i (net)
                      0.004516    0.002258    0.002258 ^ clkbuf_0_clk_i/A (sg13g2_buf_16)
    16    0.181972    0.058543    0.076554    0.078812 ^ clkbuf_0_clk_i/X (sg13g2_buf_16)
                                                         clknet_0_clk_i (net)
                      0.062373    0.011497    0.090308 ^ clkbuf_4_2_0_clk_i/A (sg13g2_buf_8)
     7    0.031935    0.030297    0.088842    0.179150 ^ clkbuf_4_2_0_clk_i/X (sg13g2_buf_8)
                                                         clknet_4_2_0_clk_i (net)
                      0.030319    0.001379    0.180529 ^ _1065_/CLK (sg13g2_dfrbpq_1)
     3    0.027444    0.089821    0.222164    0.402693 v _1065_/Q (sg13g2_dfrbpq_1)
                                                         net136 (net)
                      0.089942    0.002949    0.405641 v output136/A (sg13g2_buf_1)
     1    0.053115    0.168862    0.204370    0.610012 v output136/X (sg13g2_buf_1)
                                                         gpio_out[4] (net)
                      0.168876    0.001587    0.611599 v gpio_out[4] (out)
                                              0.611599   data arrival time

                                  0.000000    0.000000   clock clk_i (rise edge)
                                  0.000000    0.000000   clock network delay (propagated)
                                  0.100000    0.100000   clock uncertainty
                                  0.000000    0.100000   clock reconvergence pessimism
                                  0.000000    0.100000   output external delay
                                              0.100000   data required time
---------------------------------------------------------------------------------------------
                                              0.100000   data required time
                                             -0.611599   data arrival time
---------------------------------------------------------------------------------------------
                                              0.511599   slack (MET)


Startpoint: _1048_ (rising edge-triggered flip-flop clocked by clk_i)
Endpoint: gpio_out[19] (output port clocked by clk_i)
Path Group: clk_i
Path Type: min

Fanout         Cap        Slew       Delay        Time   Description
---------------------------------------------------------------------------------------------
                                  0.000000    0.000000   clock clk_i (rise edge)
                                  0.000000    0.000000   clock source latency
     1    0.032062    0.000000    0.000000    0.000000 ^ clk_i (in)
                                                         clk_i (net)
                      0.004516    0.002258    0.002258 ^ clkbuf_0_clk_i/A (sg13g2_buf_16)
    16    0.181972    0.058543    0.076554    0.078812 ^ clkbuf_0_clk_i/X (sg13g2_buf_16)
                                                         clknet_0_clk_i (net)
                      0.063004    0.012390    0.091201 ^ clkbuf_4_4_0_clk_i/A (sg13g2_buf_8)
     7    0.038534    0.033144    0.091540    0.182741 ^ clkbuf_4_4_0_clk_i/X (sg13g2_buf_8)
                                                         clknet_4_4_0_clk_i (net)
                      0.033502    0.003003    0.185743 ^ _1048_/CLK (sg13g2_dfrbpq_1)
     3    0.026130    0.085878    0.220808    0.406551 v _1048_/Q (sg13g2_dfrbpq_1)
                                                         net120 (net)
                      0.085997    0.002828    0.409379 v output120/A (sg13g2_buf_1)
     1    0.052505    0.167315    0.199696    0.609075 v output120/X (sg13g2_buf_1)
                                                         gpio_out[19] (net)
                      0.167472    0.003622    0.612697 v gpio_out[19] (out)
                                              0.612697   data arrival time

                                  0.000000    0.000000   clock clk_i (rise edge)
                                  0.000000    0.000000   clock network delay (propagated)
                                  0.100000    0.100000   clock uncertainty
                                  0.000000    0.100000   clock reconvergence pessimism
                                  0.000000    0.100000   output external delay
                                              0.100000   data required time
---------------------------------------------------------------------------------------------
                                              0.100000   data required time
                                             -0.612697   data arrival time
---------------------------------------------------------------------------------------------
                                              0.512697   slack (MET)


Startpoint: _1035_ (rising edge-triggered flip-flop clocked by clk_i)
Endpoint: s_axil_awready (output port clocked by clk_i)
Path Group: clk_i
Path Type: min

Fanout         Cap        Slew       Delay        Time   Description
---------------------------------------------------------------------------------------------
                                  0.000000    0.000000   clock clk_i (rise edge)
                                  0.000000    0.000000   clock source latency
     1    0.032062    0.000000    0.000000    0.000000 ^ clk_i (in)
                                                         clk_i (net)
                      0.004516    0.002258    0.002258 ^ clkbuf_0_clk_i/A (sg13g2_buf_16)
    16    0.181972    0.058543    0.076554    0.078812 ^ clkbuf_0_clk_i/X (sg13g2_buf_16)
                                                         clknet_0_clk_i (net)
                      0.062973    0.012347    0.091159 ^ clkbuf_4_1_0_clk_i/A (sg13g2_buf_8)
     7    0.030513    0.029719    0.088663    0.179822 ^ clkbuf_4_1_0_clk_i/X (sg13g2_buf_8)
                                                         clknet_4_1_0_clk_i (net)
                      0.029728    0.000847    0.180669 ^ _1035_/CLK (sg13g2_dfrbpq_1)
     5    0.029226    0.095181    0.225884    0.406552 v _1035_/Q (sg13g2_dfrbpq_1)
                                                         net143 (net)
                      0.095185    0.000687    0.407239 v output143/A (sg13g2_buf_1)
     1    0.052420    0.166787    0.205081    0.612321 v output143/X (sg13g2_buf_1)
                                                         s_axil_awready (net)
                      0.166803    0.001655    0.613975 v s_axil_awready (out)
                                              0.613975   data arrival time

                                  0.000000    0.000000   clock clk_i (rise edge)
                                  0.000000    0.000000   clock network delay (propagated)
                                  0.100000    0.100000   clock uncertainty
                                  0.000000    0.100000   clock reconvergence pessimism
                                  0.000000    0.100000   output external delay
                                              0.100000   data required time
---------------------------------------------------------------------------------------------
                                              0.100000   data required time
                                             -0.613975   data arrival time
---------------------------------------------------------------------------------------------
                                              0.513975   slack (MET)


Startpoint: _1070_ (rising edge-triggered flip-flop clocked by clk_i)
Endpoint: gpio_dir[25] (output port clocked by clk_i)
Path Group: clk_i
Path Type: min

Fanout         Cap        Slew       Delay        Time   Description
---------------------------------------------------------------------------------------------
                                  0.000000    0.000000   clock clk_i (rise edge)
                                  0.000000    0.000000   clock source latency
     1    0.032062    0.000000    0.000000    0.000000 ^ clk_i (in)
                                                         clk_i (net)
                      0.004516    0.002258    0.002258 ^ clkbuf_0_clk_i/A (sg13g2_buf_16)
    16    0.181972    0.058543    0.076554    0.078812 ^ clkbuf_0_clk_i/X (sg13g2_buf_16)
                                                         clknet_0_clk_i (net)
                      0.063799    0.013441    0.092253 ^ clkbuf_4_12_0_clk_i/A (sg13g2_buf_8)
     7    0.033059    0.030856    0.090054    0.182307 ^ clkbuf_4_12_0_clk_i/X (sg13g2_buf_8)
                                                         clknet_4_12_0_clk_i (net)
                      0.030869    0.000955    0.183261 ^ _1070_/CLK (sg13g2_dfrbpq_1)
     3    0.026785    0.088131    0.221703    0.404964 v _1070_/Q (sg13g2_dfrbpq_1)
                                                         net95 (net)
                      0.088147    0.001146    0.406111 v output95/A (sg13g2_buf_1)
     1    0.054314    0.172870    0.204411    0.610522 v output95/X (sg13g2_buf_1)
                                                         gpio_dir[25] (net)
                      0.173050    0.004012    0.614534 v gpio_dir[25] (out)
                                              0.614534   data arrival time

                                  0.000000    0.000000   clock clk_i (rise edge)
                                  0.000000    0.000000   clock network delay (propagated)
                                  0.100000    0.100000   clock uncertainty
                                  0.000000    0.100000   clock reconvergence pessimism
                                  0.000000    0.100000   output external delay
                                              0.100000   data required time
---------------------------------------------------------------------------------------------
                                              0.100000   data required time
                                             -0.614534   data arrival time
---------------------------------------------------------------------------------------------
                                              0.514534   slack (MET)


Startpoint: _1100_ (rising edge-triggered flip-flop clocked by clk_i)
Endpoint: gpio_dir[7] (output port clocked by clk_i)
Path Group: clk_i
Path Type: min

Fanout         Cap        Slew       Delay        Time   Description
---------------------------------------------------------------------------------------------
                                  0.000000    0.000000   clock clk_i (rise edge)
                                  0.000000    0.000000   clock source latency
     1    0.032062    0.000000    0.000000    0.000000 ^ clk_i (in)
                                                         clk_i (net)
                      0.004516    0.002258    0.002258 ^ clkbuf_0_clk_i/A (sg13g2_buf_16)
    16    0.181972    0.058543    0.076554    0.078812 ^ clkbuf_0_clk_i/X (sg13g2_buf_16)
                                                         clknet_0_clk_i (net)
                      0.063259    0.012734    0.091546 ^ clkbuf_4_0_0_clk_i/A (sg13g2_buf_8)
     7    0.039163    0.033476    0.092118    0.183664 ^ clkbuf_4_0_0_clk_i/X (sg13g2_buf_8)
                                                         clknet_4_0_0_clk_i (net)
                      0.033477    0.000347    0.184011 ^ _1100_/CLK (sg13g2_dfrbpq_1)
     3    0.026234    0.086193    0.220882    0.404893 v _1100_/Q (sg13g2_dfrbpq_1)
                                                         net107 (net)
                      0.086332    0.003054    0.407947 v output107/A (sg13g2_buf_1)
     1    0.054446    0.173230    0.204029    0.611976 v output107/X (sg13g2_buf_1)
                                                         gpio_dir[7] (net)
                      0.173399    0.003855    0.615831 v gpio_dir[7] (out)
                                              0.615831   data arrival time

                                  0.000000    0.000000   clock clk_i (rise edge)
                                  0.000000    0.000000   clock network delay (propagated)
                                  0.100000    0.100000   clock uncertainty
                                  0.000000    0.100000   clock reconvergence pessimism
                                  0.000000    0.100000   output external delay
                                              0.100000   data required time
---------------------------------------------------------------------------------------------
                                              0.100000   data required time
                                             -0.615831   data arrival time
---------------------------------------------------------------------------------------------
                                              0.515831   slack (MET)


Startpoint: _1069_ (rising edge-triggered flip-flop clocked by clk_i)
Endpoint: gpio_dir[24] (output port clocked by clk_i)
Path Group: clk_i
Path Type: min

Fanout         Cap        Slew       Delay        Time   Description
---------------------------------------------------------------------------------------------
                                  0.000000    0.000000   clock clk_i (rise edge)
                                  0.000000    0.000000   clock source latency
     1    0.032062    0.000000    0.000000    0.000000 ^ clk_i (in)
                                                         clk_i (net)
                      0.004516    0.002258    0.002258 ^ clkbuf_0_clk_i/A (sg13g2_buf_16)
    16    0.181972    0.058543    0.076554    0.078812 ^ clkbuf_0_clk_i/X (sg13g2_buf_16)
                                                         clknet_0_clk_i (net)
                      0.063291    0.012777    0.091589 ^ clkbuf_4_7_0_clk_i/A (sg13g2_buf_8)
     7    0.033354    0.030864    0.089437    0.181026 ^ clkbuf_4_7_0_clk_i/X (sg13g2_buf_8)
                                                         clknet_4_7_0_clk_i (net)
                      0.031170    0.002945    0.183971 ^ _1069_/CLK (sg13g2_dfrbpq_1)
     3    0.025461    0.084335    0.217900    0.401871 v _1069_/Q (sg13g2_dfrbpq_1)
                                                         net94 (net)
                      0.084518    0.003427    0.405298 v output94/A (sg13g2_buf_1)
     1    0.056242    0.178760    0.206888    0.612186 v output94/X (sg13g2_buf_1)
                                                         gpio_dir[24] (net)
                      0.178953    0.004257    0.616443 v gpio_dir[24] (out)
                                              0.616443   data arrival time

                                  0.000000    0.000000   clock clk_i (rise edge)
                                  0.000000    0.000000   clock network delay (propagated)
                                  0.100000    0.100000   clock uncertainty
                                  0.000000    0.100000   clock reconvergence pessimism
                                  0.000000    0.100000   output external delay
                                              0.100000   data required time
---------------------------------------------------------------------------------------------
                                              0.100000   data required time
                                             -0.616443   data arrival time
---------------------------------------------------------------------------------------------
                                              0.516443   slack (MET)


Startpoint: _1051_ (rising edge-triggered flip-flop clocked by clk_i)
Endpoint: gpio_out[22] (output port clocked by clk_i)
Path Group: clk_i
Path Type: min

Fanout         Cap        Slew       Delay        Time   Description
---------------------------------------------------------------------------------------------
                                  0.000000    0.000000   clock clk_i (rise edge)
                                  0.000000    0.000000   clock source latency
     1    0.032062    0.000000    0.000000    0.000000 ^ clk_i (in)
                                                         clk_i (net)
                      0.004516    0.002258    0.002258 ^ clkbuf_0_clk_i/A (sg13g2_buf_16)
    16    0.181972    0.058543    0.076554    0.078812 ^ clkbuf_0_clk_i/X (sg13g2_buf_16)
                                                         clknet_0_clk_i (net)
                      0.063004    0.012390    0.091201 ^ clkbuf_4_4_0_clk_i/A (sg13g2_buf_8)
     7    0.038534    0.033144    0.091540    0.182741 ^ clkbuf_4_4_0_clk_i/X (sg13g2_buf_8)
                                                         clknet_4_4_0_clk_i (net)
                      0.033172    0.000641    0.183382 ^ _1051_/CLK (sg13g2_dfrbpq_1)
     3    0.028705    0.093948    0.226947    0.410328 v _1051_/Q (sg13g2_dfrbpq_1)
                                                         net124 (net)
                      0.093988    0.001803    0.412132 v output124/A (sg13g2_buf_1)
     1    0.052082    0.165725    0.203915    0.616047 v output124/X (sg13g2_buf_1)
                                                         gpio_out[22] (net)
                      0.165737    0.001504    0.617550 v gpio_out[22] (out)
                                              0.617550   data arrival time

                                  0.000000    0.000000   clock clk_i (rise edge)
                                  0.000000    0.000000   clock network delay (propagated)
                                  0.100000    0.100000   clock uncertainty
                                  0.000000    0.100000   clock reconvergence pessimism
                                  0.000000    0.100000   output external delay
                                              0.100000   data required time
---------------------------------------------------------------------------------------------
                                              0.100000   data required time
                                             -0.617550   data arrival time
---------------------------------------------------------------------------------------------
                                              0.517550   slack (MET)


Startpoint: _1008_ (rising edge-triggered flip-flop clocked by clk_i)
Endpoint: s_axil_rdata[6] (output port clocked by clk_i)
Path Group: clk_i
Path Type: min

Fanout         Cap        Slew       Delay        Time   Description
---------------------------------------------------------------------------------------------
                                  0.000000    0.000000   clock clk_i (rise edge)
                                  0.000000    0.000000   clock source latency
     1    0.032062    0.000000    0.000000    0.000000 ^ clk_i (in)
                                                         clk_i (net)
                      0.004516    0.002258    0.002258 ^ clkbuf_0_clk_i/A (sg13g2_buf_16)
    16    0.181972    0.058543    0.076554    0.078812 ^ clkbuf_0_clk_i/X (sg13g2_buf_16)
                                                         clknet_0_clk_i (net)
                      0.061984    0.010914    0.089726 ^ clkbuf_4_11_0_clk_i/A (sg13g2_buf_8)
     7    0.033044    0.030780    0.089231    0.178957 ^ clkbuf_4_11_0_clk_i/X (sg13g2_buf_8)
                                                         clknet_4_11_0_clk_i (net)
                      0.030795    0.001033    0.179990 ^ _1008_/CLK (sg13g2_dfrbpq_1)
     2    0.031043    0.100659    0.230055    0.410045 v _1008_/Q (sg13g2_dfrbpq_1)
                                                         net173 (net)
                      0.100807    0.003404    0.413449 v output173/A (sg13g2_buf_1)
     1    0.050878    0.162287    0.202986    0.616435 v output173/X (sg13g2_buf_1)
                                                         s_axil_rdata[6] (net)
                      0.162320    0.002237    0.618672 v s_axil_rdata[6] (out)
                                              0.618672   data arrival time

                                  0.000000    0.000000   clock clk_i (rise edge)
                                  0.000000    0.000000   clock network delay (propagated)
                                  0.100000    0.100000   clock uncertainty
                                  0.000000    0.100000   clock reconvergence pessimism
                                  0.000000    0.100000   output external delay
                                              0.100000   data required time
---------------------------------------------------------------------------------------------
                                              0.100000   data required time
                                             -0.618672   data arrival time
---------------------------------------------------------------------------------------------
                                              0.518672   slack (MET)


Startpoint: _1068_ (rising edge-triggered flip-flop clocked by clk_i)
Endpoint: gpio_out[7] (output port clocked by clk_i)
Path Group: clk_i
Path Type: min

Fanout         Cap        Slew       Delay        Time   Description
---------------------------------------------------------------------------------------------
                                  0.000000    0.000000   clock clk_i (rise edge)
                                  0.000000    0.000000   clock source latency
     1    0.032062    0.000000    0.000000    0.000000 ^ clk_i (in)
                                                         clk_i (net)
                      0.004516    0.002258    0.002258 ^ clkbuf_0_clk_i/A (sg13g2_buf_16)
    16    0.181972    0.058543    0.076554    0.078812 ^ clkbuf_0_clk_i/X (sg13g2_buf_16)
                                                         clknet_0_clk_i (net)
                      0.062114    0.011113    0.089924 ^ clkbuf_4_3_0_clk_i/A (sg13g2_buf_8)
     7    0.032384    0.030496    0.089004    0.178929 ^ clkbuf_4_3_0_clk_i/X (sg13g2_buf_8)
                                                         clknet_4_3_0_clk_i (net)
                      0.030501    0.000419    0.179348 ^ _1068_/CLK (sg13g2_dfrbpq_1)
     3    0.027776    0.090833    0.222777    0.402124 v _1068_/Q (sg13g2_dfrbpq_1)
                                                         net139 (net)
                      0.090982    0.003251    0.405375 v output139/A (sg13g2_buf_1)
     1    0.055503    0.177837    0.203103    0.608478 v output139/X (sg13g2_buf_1)
                                                         gpio_out[7] (net)
                      0.178774    0.010635    0.619113 v gpio_out[7] (out)
                                              0.619113   data arrival time

                                  0.000000    0.000000   clock clk_i (rise edge)
                                  0.000000    0.000000   clock network delay (propagated)
                                  0.100000    0.100000   clock uncertainty
                                  0.000000    0.100000   clock reconvergence pessimism
                                  0.000000    0.100000   output external delay
                                              0.100000   data required time
---------------------------------------------------------------------------------------------
                                              0.100000   data required time
                                             -0.619113   data arrival time
---------------------------------------------------------------------------------------------
                                              0.519113   slack (MET)


Startpoint: _1006_ (rising edge-triggered flip-flop clocked by clk_i)
Endpoint: s_axil_rdata[4] (output port clocked by clk_i)
Path Group: clk_i
Path Type: min

Fanout         Cap        Slew       Delay        Time   Description
---------------------------------------------------------------------------------------------
                                  0.000000    0.000000   clock clk_i (rise edge)
                                  0.000000    0.000000   clock source latency
     1    0.032062    0.000000    0.000000    0.000000 ^ clk_i (in)
                                                         clk_i (net)
                      0.004516    0.002258    0.002258 ^ clkbuf_0_clk_i/A (sg13g2_buf_16)
    16    0.181972    0.058543    0.076554    0.078812 ^ clkbuf_0_clk_i/X (sg13g2_buf_16)
                                                         clknet_0_clk_i (net)
                      0.062038    0.010996    0.089808 ^ clkbuf_4_10_0_clk_i/A (sg13g2_buf_8)
     7    0.033574    0.030894    0.088888    0.178696 ^ clkbuf_4_10_0_clk_i/X (sg13g2_buf_8)
                                                         clknet_4_10_0_clk_i (net)
                      0.031195    0.002813    0.181509 ^ _1006_/CLK (sg13g2_dfrbpq_1)
     2    0.030616    0.100044    0.228834    0.410343 v _1006_/Q (sg13g2_dfrbpq_1)
                                                         net171 (net)
                      0.100238    0.003857    0.414200 v output171/A (sg13g2_buf_1)
     1    0.050861    0.162229    0.202784    0.616984 v output171/X (sg13g2_buf_1)
                                                         s_axil_rdata[4] (net)
                      0.162263    0.002243    0.619227 v s_axil_rdata[4] (out)
                                              0.619227   data arrival time

                                  0.000000    0.000000   clock clk_i (rise edge)
                                  0.000000    0.000000   clock network delay (propagated)
                                  0.100000    0.100000   clock uncertainty
                                  0.000000    0.100000   clock reconvergence pessimism
                                  0.000000    0.100000   output external delay
                                              0.100000   data required time
---------------------------------------------------------------------------------------------
                                              0.100000   data required time
                                             -0.619227   data arrival time
---------------------------------------------------------------------------------------------
                                              0.519227   slack (MET)


Startpoint: _1049_ (rising edge-triggered flip-flop clocked by clk_i)
Endpoint: gpio_out[20] (output port clocked by clk_i)
Path Group: clk_i
Path Type: min

Fanout         Cap        Slew       Delay        Time   Description
---------------------------------------------------------------------------------------------
                                  0.000000    0.000000   clock clk_i (rise edge)
                                  0.000000    0.000000   clock source latency
     1    0.032062    0.000000    0.000000    0.000000 ^ clk_i (in)
                                                         clk_i (net)
                      0.004516    0.002258    0.002258 ^ clkbuf_0_clk_i/A (sg13g2_buf_16)
    16    0.181972    0.058543    0.076554    0.078812 ^ clkbuf_0_clk_i/X (sg13g2_buf_16)
                                                         clknet_0_clk_i (net)
                      0.062973    0.012347    0.091159 ^ clkbuf_4_1_0_clk_i/A (sg13g2_buf_8)
     7    0.030513    0.029719    0.088663    0.179822 ^ clkbuf_4_1_0_clk_i/X (sg13g2_buf_8)
                                                         clknet_4_1_0_clk_i (net)
                      0.029739    0.001302    0.181124 ^ _1049_/CLK (sg13g2_dfrbpq_1)
     3    0.030354    0.098588    0.228065    0.409190 v _1049_/Q (sg13g2_dfrbpq_1)
                                                         net122 (net)
                      0.098711    0.003102    0.412292 v output122/A (sg13g2_buf_1)
     1    0.052220    0.166168    0.205960    0.618252 v output122/X (sg13g2_buf_1)
                                                         gpio_out[20] (net)
                      0.166181    0.001506    0.619757 v gpio_out[20] (out)
                                              0.619757   data arrival time

                                  0.000000    0.000000   clock clk_i (rise edge)
                                  0.000000    0.000000   clock network delay (propagated)
                                  0.100000    0.100000   clock uncertainty
                                  0.000000    0.100000   clock reconvergence pessimism
                                  0.000000    0.100000   output external delay
                                              0.100000   data required time
---------------------------------------------------------------------------------------------
                                              0.100000   data required time
                                             -0.619757   data arrival time
---------------------------------------------------------------------------------------------
                                              0.519757   slack (MET)


Startpoint: _1004_ (rising edge-triggered flip-flop clocked by clk_i)
Endpoint: s_axil_rdata[2] (output port clocked by clk_i)
Path Group: clk_i
Path Type: min

Fanout         Cap        Slew       Delay        Time   Description
---------------------------------------------------------------------------------------------
                                  0.000000    0.000000   clock clk_i (rise edge)
                                  0.000000    0.000000   clock source latency
     1    0.032062    0.000000    0.000000    0.000000 ^ clk_i (in)
                                                         clk_i (net)
                      0.004516    0.002258    0.002258 ^ clkbuf_0_clk_i/A (sg13g2_buf_16)
    16    0.181972    0.058543    0.076554    0.078812 ^ clkbuf_0_clk_i/X (sg13g2_buf_16)
                                                         clknet_0_clk_i (net)
                      0.062038    0.010996    0.089808 ^ clkbuf_4_10_0_clk_i/A (sg13g2_buf_8)
     7    0.033574    0.030894    0.088888    0.178696 ^ clkbuf_4_10_0_clk_i/X (sg13g2_buf_8)
                                                         clknet_4_10_0_clk_i (net)
                      0.031184    0.002763    0.181459 ^ _1004_/CLK (sg13g2_dfrbpq_1)
     2    0.031042    0.101295    0.229860    0.411319 v _1004_/Q (sg13g2_dfrbpq_1)
                                                         net167 (net)
                      0.101488    0.003883    0.415202 v output167/A (sg13g2_buf_1)
     1    0.050811    0.161465    0.201533    0.616735 v output167/X (sg13g2_buf_1)
                                                         s_axil_rdata[2] (net)
                      0.161669    0.004249    0.620984 v s_axil_rdata[2] (out)
                                              0.620984   data arrival time

                                  0.000000    0.000000   clock clk_i (rise edge)
                                  0.000000    0.000000   clock network delay (propagated)
                                  0.100000    0.100000   clock uncertainty
                                  0.000000    0.100000   clock reconvergence pessimism
                                  0.000000    0.100000   output external delay
                                              0.100000   data required time
---------------------------------------------------------------------------------------------
                                              0.100000   data required time
                                             -0.620984   data arrival time
---------------------------------------------------------------------------------------------
                                              0.520984   slack (MET)


Startpoint: _1007_ (rising edge-triggered flip-flop clocked by clk_i)
Endpoint: s_axil_rdata[5] (output port clocked by clk_i)
Path Group: clk_i
Path Type: min

Fanout         Cap        Slew       Delay        Time   Description
---------------------------------------------------------------------------------------------
                                  0.000000    0.000000   clock clk_i (rise edge)
                                  0.000000    0.000000   clock source latency
     1    0.032062    0.000000    0.000000    0.000000 ^ clk_i (in)
                                                         clk_i (net)
                      0.004516    0.002258    0.002258 ^ clkbuf_0_clk_i/A (sg13g2_buf_16)
    16    0.181972    0.058543    0.076554    0.078812 ^ clkbuf_0_clk_i/X (sg13g2_buf_16)
                                                         clknet_0_clk_i (net)
                      0.061702    0.010475    0.089287 ^ clkbuf_4_8_0_clk_i/A (sg13g2_buf_8)
     7    0.032346    0.030358    0.088271    0.177557 ^ clkbuf_4_8_0_clk_i/X (sg13g2_buf_8)
                                                         clknet_4_8_0_clk_i (net)
                      0.030485    0.002009    0.179567 ^ _1007_/CLK (sg13g2_dfrbpq_1)
     2    0.032232    0.104209    0.233043    0.412610 v _1007_/Q (sg13g2_dfrbpq_1)
                                                         net172 (net)
                      0.104290    0.002632    0.415242 v output172/A (sg13g2_buf_1)
     1    0.050694    0.161752    0.203570    0.618813 v output172/X (sg13g2_buf_1)
                                                         s_axil_rdata[5] (net)
                      0.161784    0.002202    0.621015 v s_axil_rdata[5] (out)
                                              0.621015   data arrival time

                                  0.000000    0.000000   clock clk_i (rise edge)
                                  0.000000    0.000000   clock network delay (propagated)
                                  0.100000    0.100000   clock uncertainty
                                  0.000000    0.100000   clock reconvergence pessimism
                                  0.000000    0.100000   output external delay
                                              0.100000   data required time
---------------------------------------------------------------------------------------------
                                              0.100000   data required time
                                             -0.621015   data arrival time
---------------------------------------------------------------------------------------------
                                              0.521015   slack (MET)


Startpoint: _1074_ (rising edge-triggered flip-flop clocked by clk_i)
Endpoint: gpio_dir[29] (output port clocked by clk_i)
Path Group: clk_i
Path Type: min

Fanout         Cap        Slew       Delay        Time   Description
---------------------------------------------------------------------------------------------
                                  0.000000    0.000000   clock clk_i (rise edge)
                                  0.000000    0.000000   clock source latency
     1    0.032062    0.000000    0.000000    0.000000 ^ clk_i (in)
                                                         clk_i (net)
                      0.004516    0.002258    0.002258 ^ clkbuf_0_clk_i/A (sg13g2_buf_16)
    16    0.181972    0.058543    0.076554    0.078812 ^ clkbuf_0_clk_i/X (sg13g2_buf_16)
                                                         clknet_0_clk_i (net)
                      0.063291    0.012777    0.091589 ^ clkbuf_4_7_0_clk_i/A (sg13g2_buf_8)
     7    0.033354    0.030864    0.089437    0.181026 ^ clkbuf_4_7_0_clk_i/X (sg13g2_buf_8)
                                                         clknet_4_7_0_clk_i (net)
                      0.030938    0.001606    0.182632 ^ _1074_/CLK (sg13g2_dfrbpq_1)
     3    0.028338    0.093036    0.224099    0.406731 v _1074_/Q (sg13g2_dfrbpq_1)
                                                         net99 (net)
                      0.093180    0.003244    0.409974 v output99/A (sg13g2_buf_1)
     1    0.054757    0.173330    0.207646    0.617620 v output99/X (sg13g2_buf_1)
                                                         gpio_dir[29] (net)
                      0.173514    0.004108    0.621728 v gpio_dir[29] (out)
                                              0.621728   data arrival time

                                  0.000000    0.000000   clock clk_i (rise edge)
                                  0.000000    0.000000   clock network delay (propagated)
                                  0.100000    0.100000   clock uncertainty
                                  0.000000    0.100000   clock reconvergence pessimism
                                  0.000000    0.100000   output external delay
                                              0.100000   data required time
---------------------------------------------------------------------------------------------
                                              0.100000   data required time
                                             -0.621728   data arrival time
---------------------------------------------------------------------------------------------
                                              0.521728   slack (MET)


Startpoint: _1072_ (rising edge-triggered flip-flop clocked by clk_i)
Endpoint: gpio_dir[27] (output port clocked by clk_i)
Path Group: clk_i
Path Type: min

Fanout         Cap        Slew       Delay        Time   Description
---------------------------------------------------------------------------------------------
                                  0.000000    0.000000   clock clk_i (rise edge)
                                  0.000000    0.000000   clock source latency
     1    0.032062    0.000000    0.000000    0.000000 ^ clk_i (in)
                                                         clk_i (net)
                      0.004516    0.002258    0.002258 ^ clkbuf_0_clk_i/A (sg13g2_buf_16)
    16    0.181972    0.058543    0.076554    0.078812 ^ clkbuf_0_clk_i/X (sg13g2_buf_16)
                                                         clknet_0_clk_i (net)
                      0.063291    0.012777    0.091589 ^ clkbuf_4_7_0_clk_i/A (sg13g2_buf_8)
     7    0.033354    0.030864    0.089437    0.181026 ^ clkbuf_4_7_0_clk_i/X (sg13g2_buf_8)
                                                         clknet_4_7_0_clk_i (net)
                      0.030947    0.001680    0.182706 ^ _1072_/CLK (sg13g2_dfrbpq_1)
     3    0.027754    0.090765    0.223104    0.405810 v _1072_/Q (sg13g2_dfrbpq_1)
                                                         net97 (net)
                      0.090867    0.002710    0.408520 v output97/A (sg13g2_buf_1)
     1    0.055887    0.176749    0.209001    0.617521 v output97/X (sg13g2_buf_1)
                                                         gpio_dir[27] (net)
                      0.176940    0.004243    0.621764 v gpio_dir[27] (out)
                                              0.621764   data arrival time

                                  0.000000    0.000000   clock clk_i (rise edge)
                                  0.000000    0.000000   clock network delay (propagated)
                                  0.100000    0.100000   clock uncertainty
                                  0.000000    0.100000   clock reconvergence pessimism
                                  0.000000    0.100000   output external delay
                                              0.100000   data required time
---------------------------------------------------------------------------------------------
                                              0.100000   data required time
                                             -0.621764   data arrival time
---------------------------------------------------------------------------------------------
                                              0.521764   slack (MET)


Startpoint: _1091_ (rising edge-triggered flip-flop clocked by clk_i)
Endpoint: gpio_dir[14] (output port clocked by clk_i)
Path Group: clk_i
Path Type: min

Fanout         Cap        Slew       Delay        Time   Description
---------------------------------------------------------------------------------------------
                                  0.000000    0.000000   clock clk_i (rise edge)
                                  0.000000    0.000000   clock source latency
     1    0.032062    0.000000    0.000000    0.000000 ^ clk_i (in)
                                                         clk_i (net)
                      0.004516    0.002258    0.002258 ^ clkbuf_0_clk_i/A (sg13g2_buf_16)
    16    0.181972    0.058543    0.076554    0.078812 ^ clkbuf_0_clk_i/X (sg13g2_buf_16)
                                                         clknet_0_clk_i (net)
                      0.061702    0.010475    0.089287 ^ clkbuf_4_8_0_clk_i/A (sg13g2_buf_8)
     7    0.032346    0.030358    0.088271    0.177557 ^ clkbuf_4_8_0_clk_i/X (sg13g2_buf_8)
                                                         clknet_4_8_0_clk_i (net)
                      0.030414    0.001487    0.179044 ^ _1091_/CLK (sg13g2_dfrbpq_1)
     3    0.029042    0.095177    0.225344    0.404388 v _1091_/Q (sg13g2_dfrbpq_1)
                                                         net83 (net)
                      0.095352    0.003573    0.407961 v output83/A (sg13g2_buf_1)
     1    0.055552    0.176651    0.210287    0.618247 v output83/X (sg13g2_buf_1)
                                                         gpio_dir[14] (net)
                      0.176833    0.004081    0.622328 v gpio_dir[14] (out)
                                              0.622328   data arrival time

                                  0.000000    0.000000   clock clk_i (rise edge)
                                  0.000000    0.000000   clock network delay (propagated)
                                  0.100000    0.100000   clock uncertainty
                                  0.000000    0.100000   clock reconvergence pessimism
                                  0.000000    0.100000   output external delay
                                              0.100000   data required time
---------------------------------------------------------------------------------------------
                                              0.100000   data required time
                                             -0.622328   data arrival time
---------------------------------------------------------------------------------------------
                                              0.522328   slack (MET)


Startpoint: _1061_ (rising edge-triggered flip-flop clocked by clk_i)
Endpoint: gpio_out[0] (output port clocked by clk_i)
Path Group: clk_i
Path Type: min

Fanout         Cap        Slew       Delay        Time   Description
---------------------------------------------------------------------------------------------
                                  0.000000    0.000000   clock clk_i (rise edge)
                                  0.000000    0.000000   clock source latency
     1    0.032062    0.000000    0.000000    0.000000 ^ clk_i (in)
                                                         clk_i (net)
                      0.004516    0.002258    0.002258 ^ clkbuf_0_clk_i/A (sg13g2_buf_16)
    16    0.181972    0.058543    0.076554    0.078812 ^ clkbuf_0_clk_i/X (sg13g2_buf_16)
                                                         clknet_0_clk_i (net)
                      0.062373    0.011497    0.090308 ^ clkbuf_4_2_0_clk_i/A (sg13g2_buf_8)
     7    0.031935    0.030297    0.088842    0.179150 ^ clkbuf_4_2_0_clk_i/X (sg13g2_buf_8)
                                                         clknet_4_2_0_clk_i (net)
                      0.030328    0.001623    0.180773 ^ _1061_/CLK (sg13g2_dfrbpq_1)
     3    0.029579    0.096794    0.226498    0.407271 v _1061_/Q (sg13g2_dfrbpq_1)
                                                         net110 (net)
                      0.096980    0.003725    0.410995 v output110/A (sg13g2_buf_1)
     1    0.054299    0.172403    0.209792    0.620788 v output110/X (sg13g2_buf_1)
                                                         gpio_out[0] (net)
                      0.172425    0.001948    0.622735 v gpio_out[0] (out)
                                              0.622735   data arrival time

                                  0.000000    0.000000   clock clk_i (rise edge)
                                  0.000000    0.000000   clock network delay (propagated)
                                  0.100000    0.100000   clock uncertainty
                                  0.000000    0.100000   clock reconvergence pessimism
                                  0.000000    0.100000   output external delay
                                              0.100000   data required time
---------------------------------------------------------------------------------------------
                                              0.100000   data required time
                                             -0.622735   data arrival time
---------------------------------------------------------------------------------------------
                                              0.522735   slack (MET)


Startpoint: _1077_ (rising edge-triggered flip-flop clocked by clk_i)
Endpoint: gpio_dir[16] (output port clocked by clk_i)
Path Group: clk_i
Path Type: min

Fanout         Cap        Slew       Delay        Time   Description
---------------------------------------------------------------------------------------------
                                  0.000000    0.000000   clock clk_i (rise edge)
                                  0.000000    0.000000   clock source latency
     1    0.032062    0.000000    0.000000    0.000000 ^ clk_i (in)
                                                         clk_i (net)
                      0.004516    0.002258    0.002258 ^ clkbuf_0_clk_i/A (sg13g2_buf_16)
    16    0.181972    0.058543    0.076554    0.078812 ^ clkbuf_0_clk_i/X (sg13g2_buf_16)
                                                         clknet_0_clk_i (net)
                      0.063004    0.012390    0.091201 ^ clkbuf_4_4_0_clk_i/A (sg13g2_buf_8)
     7    0.038534    0.033144    0.091540    0.182741 ^ clkbuf_4_4_0_clk_i/X (sg13g2_buf_8)
                                                         clknet_4_4_0_clk_i (net)
                      0.033402    0.002493    0.185234 ^ _1077_/CLK (sg13g2_dfrbpq_1)
     3    0.027113    0.089347    0.222499    0.407732 v _1077_/Q (sg13g2_dfrbpq_1)
                                                         net85 (net)
                      0.089518    0.003422    0.411154 v output85/A (sg13g2_buf_1)
     1    0.055970    0.177911    0.208610    0.619765 v output85/X (sg13g2_buf_1)
                                                         gpio_dir[16] (net)
                      0.178097    0.004133    0.623898 v gpio_dir[16] (out)
                                              0.623898   data arrival time

                                  0.000000    0.000000   clock clk_i (rise edge)
                                  0.000000    0.000000   clock network delay (propagated)
                                  0.100000    0.100000   clock uncertainty
                                  0.000000    0.100000   clock reconvergence pessimism
                                  0.000000    0.100000   output external delay
                                              0.100000   data required time
---------------------------------------------------------------------------------------------
                                              0.100000   data required time
                                             -0.623898   data arrival time
---------------------------------------------------------------------------------------------
                                              0.523898   slack (MET)


Startpoint: _1046_ (rising edge-triggered flip-flop clocked by clk_i)
Endpoint: gpio_out[17] (output port clocked by clk_i)
Path Group: clk_i
Path Type: min

Fanout         Cap        Slew       Delay        Time   Description
---------------------------------------------------------------------------------------------
                                  0.000000    0.000000   clock clk_i (rise edge)
                                  0.000000    0.000000   clock source latency
     1    0.032062    0.000000    0.000000    0.000000 ^ clk_i (in)
                                                         clk_i (net)
                      0.004516    0.002258    0.002258 ^ clkbuf_0_clk_i/A (sg13g2_buf_16)
    16    0.181972    0.058543    0.076554    0.078812 ^ clkbuf_0_clk_i/X (sg13g2_buf_16)
                                                         clknet_0_clk_i (net)
                      0.062973    0.012347    0.091159 ^ clkbuf_4_1_0_clk_i/A (sg13g2_buf_8)
     7    0.030513    0.029719    0.088663    0.179822 ^ clkbuf_4_1_0_clk_i/X (sg13g2_buf_8)
                                                         clknet_4_1_0_clk_i (net)
                      0.029734    0.001122    0.180944 ^ _1046_/CLK (sg13g2_dfrbpq_1)
     3    0.031470    0.101943    0.230506    0.411449 v _1046_/Q (sg13g2_dfrbpq_1)
                                                         net118 (net)
                      0.102089    0.003413    0.414863 v output118/A (sg13g2_buf_1)
     1    0.052510    0.166582    0.206014    0.620877 v output118/X (sg13g2_buf_1)
                                                         gpio_out[17] (net)
                      0.166737    0.003626    0.624503 v gpio_out[17] (out)
                                              0.624503   data arrival time

                                  0.000000    0.000000   clock clk_i (rise edge)
                                  0.000000    0.000000   clock network delay (propagated)
                                  0.100000    0.100000   clock uncertainty
                                  0.000000    0.100000   clock reconvergence pessimism
                                  0.000000    0.100000   output external delay
                                              0.100000   data required time
---------------------------------------------------------------------------------------------
                                              0.100000   data required time
                                             -0.624503   data arrival time
---------------------------------------------------------------------------------------------
                                              0.524503   slack (MET)


Startpoint: _1096_ (rising edge-triggered flip-flop clocked by clk_i)
Endpoint: gpio_dir[3] (output port clocked by clk_i)
Path Group: clk_i
Path Type: min

Fanout         Cap        Slew       Delay        Time   Description
---------------------------------------------------------------------------------------------
                                  0.000000    0.000000   clock clk_i (rise edge)
                                  0.000000    0.000000   clock source latency
     1    0.032062    0.000000    0.000000    0.000000 ^ clk_i (in)
                                                         clk_i (net)
                      0.004516    0.002258    0.002258 ^ clkbuf_0_clk_i/A (sg13g2_buf_16)
    16    0.181972    0.058543    0.076554    0.078812 ^ clkbuf_0_clk_i/X (sg13g2_buf_16)
                                                         clknet_0_clk_i (net)
                      0.062114    0.011113    0.089924 ^ clkbuf_4_3_0_clk_i/A (sg13g2_buf_8)
     7    0.032384    0.030496    0.089004    0.178929 ^ clkbuf_4_3_0_clk_i/X (sg13g2_buf_8)
                                                         clknet_4_3_0_clk_i (net)
                      0.030516    0.001258    0.180186 ^ _1096_/CLK (sg13g2_dfrbpq_1)
     3    0.031549    0.102797    0.230790    0.410976 v _1096_/Q (sg13g2_dfrbpq_1)
                                                         net103 (net)
                      0.102996    0.003963    0.414939 v output103/A (sg13g2_buf_1)
     1    0.053018    0.168961    0.207239    0.622179 v output103/X (sg13g2_buf_1)
                                                         gpio_dir[3] (net)
                      0.169124    0.003718    0.625897 v gpio_dir[3] (out)
                                              0.625897   data arrival time

                                  0.000000    0.000000   clock clk_i (rise edge)
                                  0.000000    0.000000   clock network delay (propagated)
                                  0.100000    0.100000   clock uncertainty
                                  0.000000    0.100000   clock reconvergence pessimism
                                  0.000000    0.100000   output external delay
                                              0.100000   data required time
---------------------------------------------------------------------------------------------
                                              0.100000   data required time
                                             -0.625897   data arrival time
---------------------------------------------------------------------------------------------
                                              0.525897   slack (MET)


Startpoint: _1062_ (rising edge-triggered flip-flop clocked by clk_i)
Endpoint: gpio_out[1] (output port clocked by clk_i)
Path Group: clk_i
Path Type: min

Fanout         Cap        Slew       Delay        Time   Description
---------------------------------------------------------------------------------------------
                                  0.000000    0.000000   clock clk_i (rise edge)
                                  0.000000    0.000000   clock source latency
     1    0.032062    0.000000    0.000000    0.000000 ^ clk_i (in)
                                                         clk_i (net)
                      0.004516    0.002258    0.002258 ^ clkbuf_0_clk_i/A (sg13g2_buf_16)
    16    0.181972    0.058543    0.076554    0.078812 ^ clkbuf_0_clk_i/X (sg13g2_buf_16)
                                                         clknet_0_clk_i (net)
                      0.062373    0.011497    0.090308 ^ clkbuf_4_2_0_clk_i/A (sg13g2_buf_8)
     7    0.031935    0.030297    0.088842    0.179150 ^ clkbuf_4_2_0_clk_i/X (sg13g2_buf_8)
                                                         clknet_4_2_0_clk_i (net)
                      0.030322    0.001460    0.180610 ^ _1062_/CLK (sg13g2_dfrbpq_1)
     3    0.028769    0.094501    0.224144    0.404755 v _1062_/Q (sg13g2_dfrbpq_1)
                                                         net121 (net)
                      0.094891    0.004668    0.409422 v output121/A (sg13g2_buf_1)
     1    0.056532    0.180199    0.210385    0.619807 v output121/X (sg13g2_buf_1)
                                                         gpio_out[1] (net)
                      0.180550    0.006612    0.626420 v gpio_out[1] (out)
                                              0.626420   data arrival time

                                  0.000000    0.000000   clock clk_i (rise edge)
                                  0.000000    0.000000   clock network delay (propagated)
                                  0.100000    0.100000   clock uncertainty
                                  0.000000    0.100000   clock reconvergence pessimism
                                  0.000000    0.100000   output external delay
                                              0.100000   data required time
---------------------------------------------------------------------------------------------
                                              0.100000   data required time
                                             -0.626420   data arrival time
---------------------------------------------------------------------------------------------
                                              0.526420   slack (MET)


Startpoint: _1084_ (rising edge-triggered flip-flop clocked by clk_i)
Endpoint: gpio_dir[23] (output port clocked by clk_i)
Path Group: clk_i
Path Type: min

Fanout         Cap        Slew       Delay        Time   Description
---------------------------------------------------------------------------------------------
                                  0.000000    0.000000   clock clk_i (rise edge)
                                  0.000000    0.000000   clock source latency
     1    0.032062    0.000000    0.000000    0.000000 ^ clk_i (in)
                                                         clk_i (net)
                      0.004516    0.002258    0.002258 ^ clkbuf_0_clk_i/A (sg13g2_buf_16)
    16    0.181972    0.058543    0.076554    0.078812 ^ clkbuf_0_clk_i/X (sg13g2_buf_16)
                                                         clknet_0_clk_i (net)
                      0.063060    0.012466    0.091278 ^ clkbuf_4_5_0_clk_i/A (sg13g2_buf_8)
     7    0.029167    0.029137    0.088155    0.179433 ^ clkbuf_4_5_0_clk_i/X (sg13g2_buf_8)
                                                         clknet_4_5_0_clk_i (net)
                      0.029148    0.000955    0.180389 ^ _1084_/CLK (sg13g2_dfrbpq_1)
     3    0.030287    0.098940    0.227472    0.407861 v _1084_/Q (sg13g2_dfrbpq_1)
                                                         net93 (net)
                      0.099110    0.003610    0.411471 v output93/A (sg13g2_buf_1)
     1    0.055318    0.175055    0.211097    0.622568 v output93/X (sg13g2_buf_1)
                                                         gpio_dir[23] (net)
                      0.175240    0.004128    0.626696 v gpio_dir[23] (out)
                                              0.626696   data arrival time

                                  0.000000    0.000000   clock clk_i (rise edge)
                                  0.000000    0.000000   clock network delay (propagated)
                                  0.100000    0.100000   clock uncertainty
                                  0.000000    0.100000   clock reconvergence pessimism
                                  0.000000    0.100000   output external delay
                                              0.100000   data required time
---------------------------------------------------------------------------------------------
                                              0.100000   data required time
                                             -0.626696   data arrival time
---------------------------------------------------------------------------------------------
                                              0.526696   slack (MET)


Startpoint: _1078_ (rising edge-triggered flip-flop clocked by clk_i)
Endpoint: gpio_dir[17] (output port clocked by clk_i)
Path Group: clk_i
Path Type: min

Fanout         Cap        Slew       Delay        Time   Description
---------------------------------------------------------------------------------------------
                                  0.000000    0.000000   clock clk_i (rise edge)
                                  0.000000    0.000000   clock source latency
     1    0.032062    0.000000    0.000000    0.000000 ^ clk_i (in)
                                                         clk_i (net)
                      0.004516    0.002258    0.002258 ^ clkbuf_0_clk_i/A (sg13g2_buf_16)
    16    0.181972    0.058543    0.076554    0.078812 ^ clkbuf_0_clk_i/X (sg13g2_buf_16)
                                                         clknet_0_clk_i (net)
                      0.063004    0.012390    0.091201 ^ clkbuf_4_4_0_clk_i/A (sg13g2_buf_8)
     7    0.038534    0.033144    0.091540    0.182741 ^ clkbuf_4_4_0_clk_i/X (sg13g2_buf_8)
                                                         clknet_4_4_0_clk_i (net)
                      0.033274    0.001667    0.184408 ^ _1078_/CLK (sg13g2_dfrbpq_1)
     3    0.029581    0.097020    0.227173    0.411582 v _1078_/Q (sg13g2_dfrbpq_1)
                                                         net86 (net)
                      0.097310    0.004587    0.416168 v output86/A (sg13g2_buf_1)
     1    0.053946    0.171749    0.207634    0.623803 v output86/X (sg13g2_buf_1)
                                                         gpio_dir[17] (net)
                      0.171916    0.003819    0.627621 v gpio_dir[17] (out)
                                              0.627621   data arrival time

                                  0.000000    0.000000   clock clk_i (rise edge)
                                  0.000000    0.000000   clock network delay (propagated)
                                  0.100000    0.100000   clock uncertainty
                                  0.000000    0.100000   clock reconvergence pessimism
                                  0.000000    0.100000   output external delay
                                              0.100000   data required time
---------------------------------------------------------------------------------------------
                                              0.100000   data required time
                                             -0.627621   data arrival time
---------------------------------------------------------------------------------------------
                                              0.527621   slack (MET)


Startpoint: _1089_ (rising edge-triggered flip-flop clocked by clk_i)
Endpoint: gpio_dir[12] (output port clocked by clk_i)
Path Group: clk_i
Path Type: min

Fanout         Cap        Slew       Delay        Time   Description
---------------------------------------------------------------------------------------------
                                  0.000000    0.000000   clock clk_i (rise edge)
                                  0.000000    0.000000   clock source latency
     1    0.032062    0.000000    0.000000    0.000000 ^ clk_i (in)
                                                         clk_i (net)
                      0.004516    0.002258    0.002258 ^ clkbuf_0_clk_i/A (sg13g2_buf_16)
    16    0.181972    0.058543    0.076554    0.078812 ^ clkbuf_0_clk_i/X (sg13g2_buf_16)
                                                         clknet_0_clk_i (net)
                      0.061702    0.010475    0.089287 ^ clkbuf_4_8_0_clk_i/A (sg13g2_buf_8)
     7    0.032346    0.030358    0.088271    0.177557 ^ clkbuf_4_8_0_clk_i/X (sg13g2_buf_8)
                                                         clknet_4_8_0_clk_i (net)
                      0.030611    0.002709    0.180267 ^ _1089_/CLK (sg13g2_dfrbpq_1)
     3    0.031028    0.100609    0.229970    0.410237 v _1089_/Q (sg13g2_dfrbpq_1)
                                                         net81 (net)
                      0.100772    0.003570    0.413807 v output81/A (sg13g2_buf_1)
     1    0.054968    0.174910    0.210729    0.624536 v output81/X (sg13g2_buf_1)
                                                         gpio_dir[12] (net)
                      0.175091    0.004038    0.628574 v gpio_dir[12] (out)
                                              0.628574   data arrival time

                                  0.000000    0.000000   clock clk_i (rise edge)
                                  0.000000    0.000000   clock network delay (propagated)
                                  0.100000    0.100000   clock uncertainty
                                  0.000000    0.100000   clock reconvergence pessimism
                                  0.000000    0.100000   output external delay
                                              0.100000   data required time
---------------------------------------------------------------------------------------------
                                              0.100000   data required time
                                             -0.628574   data arrival time
---------------------------------------------------------------------------------------------
                                              0.528574   slack (MET)


Startpoint: _1094_ (rising edge-triggered flip-flop clocked by clk_i)
Endpoint: gpio_dir[1] (output port clocked by clk_i)
Path Group: clk_i
Path Type: min

Fanout         Cap        Slew       Delay        Time   Description
---------------------------------------------------------------------------------------------
                                  0.000000    0.000000   clock clk_i (rise edge)
                                  0.000000    0.000000   clock source latency
     1    0.032062    0.000000    0.000000    0.000000 ^ clk_i (in)
                                                         clk_i (net)
                      0.004516    0.002258    0.002258 ^ clkbuf_0_clk_i/A (sg13g2_buf_16)
    16    0.181972    0.058543    0.076554    0.078812 ^ clkbuf_0_clk_i/X (sg13g2_buf_16)
                                                         clknet_0_clk_i (net)
                      0.062373    0.011497    0.090308 ^ clkbuf_4_2_0_clk_i/A (sg13g2_buf_8)
     7    0.031935    0.030297    0.088842    0.179150 ^ clkbuf_4_2_0_clk_i/X (sg13g2_buf_8)
                                                         clknet_4_2_0_clk_i (net)
                      0.030297    0.000155    0.179304 ^ _1094_/CLK (sg13g2_dfrbpq_1)
     3    0.032811    0.106616    0.233415    0.412720 v _1094_/Q (sg13g2_dfrbpq_1)
                                                         net89 (net)
                      0.106835    0.004223    0.416943 v output89/A (sg13g2_buf_1)
     1    0.052862    0.167684    0.208085    0.625028 v output89/X (sg13g2_buf_1)
                                                         gpio_dir[1] (net)
                      0.167843    0.003684    0.628712 v gpio_dir[1] (out)
                                              0.628712   data arrival time

                                  0.000000    0.000000   clock clk_i (rise edge)
                                  0.000000    0.000000   clock network delay (propagated)
                                  0.100000    0.100000   clock uncertainty
                                  0.000000    0.100000   clock reconvergence pessimism
                                  0.000000    0.100000   output external delay
                                              0.100000   data required time
---------------------------------------------------------------------------------------------
                                              0.100000   data required time
                                             -0.628712   data arrival time
---------------------------------------------------------------------------------------------
                                              0.528712   slack (MET)


Startpoint: _1066_ (rising edge-triggered flip-flop clocked by clk_i)
Endpoint: gpio_out[5] (output port clocked by clk_i)
Path Group: clk_i
Path Type: min

Fanout         Cap        Slew       Delay        Time   Description
---------------------------------------------------------------------------------------------
                                  0.000000    0.000000   clock clk_i (rise edge)
                                  0.000000    0.000000   clock source latency
     1    0.032062    0.000000    0.000000    0.000000 ^ clk_i (in)
                                                         clk_i (net)
                      0.004516    0.002258    0.002258 ^ clkbuf_0_clk_i/A (sg13g2_buf_16)
    16    0.181972    0.058543    0.076554    0.078812 ^ clkbuf_0_clk_i/X (sg13g2_buf_16)
                                                         clknet_0_clk_i (net)
                      0.063259    0.012734    0.091546 ^ clkbuf_4_0_0_clk_i/A (sg13g2_buf_8)
     7    0.039163    0.033476    0.092118    0.183664 ^ clkbuf_4_0_0_clk_i/X (sg13g2_buf_8)
                                                         clknet_4_0_0_clk_i (net)
                      0.033526    0.001330    0.184994 ^ _1066_/CLK (sg13g2_dfrbpq_1)
     3    0.029350    0.096291    0.226841    0.411835 v _1066_/Q (sg13g2_dfrbpq_1)
                                                         net137 (net)
                      0.096770    0.005271    0.417106 v output137/A (sg13g2_buf_1)
     1    0.054032    0.172590    0.205793    0.622899 v output137/X (sg13g2_buf_1)
                                                         gpio_out[5] (net)
                      0.172920    0.006285    0.629185 v gpio_out[5] (out)
                                              0.629185   data arrival time

                                  0.000000    0.000000   clock clk_i (rise edge)
                                  0.000000    0.000000   clock network delay (propagated)
                                  0.100000    0.100000   clock uncertainty
                                  0.000000    0.100000   clock reconvergence pessimism
                                  0.000000    0.100000   output external delay
                                              0.100000   data required time
---------------------------------------------------------------------------------------------
                                              0.100000   data required time
                                             -0.629185   data arrival time
---------------------------------------------------------------------------------------------
                                              0.529185   slack (MET)


Startpoint: _1063_ (rising edge-triggered flip-flop clocked by clk_i)
Endpoint: gpio_out[2] (output port clocked by clk_i)
Path Group: clk_i
Path Type: min

Fanout         Cap        Slew       Delay        Time   Description
---------------------------------------------------------------------------------------------
                                  0.000000    0.000000   clock clk_i (rise edge)
                                  0.000000    0.000000   clock source latency
     1    0.032062    0.000000    0.000000    0.000000 ^ clk_i (in)
                                                         clk_i (net)
                      0.004516    0.002258    0.002258 ^ clkbuf_0_clk_i/A (sg13g2_buf_16)
    16    0.181972    0.058543    0.076554    0.078812 ^ clkbuf_0_clk_i/X (sg13g2_buf_16)
                                                         clknet_0_clk_i (net)
                      0.062373    0.011497    0.090308 ^ clkbuf_4_2_0_clk_i/A (sg13g2_buf_8)
     7    0.031935    0.030297    0.088842    0.179150 ^ clkbuf_4_2_0_clk_i/X (sg13g2_buf_8)
                                                         clknet_4_2_0_clk_i (net)
                      0.030322    0.001464    0.180614 ^ _1063_/CLK (sg13g2_dfrbpq_1)
     3    0.030631    0.099428    0.228818    0.409433 v _1063_/Q (sg13g2_dfrbpq_1)
                                                         net132 (net)
                      0.099616    0.003777    0.413210 v output132/A (sg13g2_buf_1)
     1    0.056018    0.177182    0.212662    0.625872 v output132/X (sg13g2_buf_1)
                                                         gpio_out[2] (net)
                      0.177373    0.004239    0.630111 v gpio_out[2] (out)
                                              0.630111   data arrival time

                                  0.000000    0.000000   clock clk_i (rise edge)
                                  0.000000    0.000000   clock network delay (propagated)
                                  0.100000    0.100000   clock uncertainty
                                  0.000000    0.100000   clock reconvergence pessimism
                                  0.000000    0.100000   output external delay
                                              0.100000   data required time
---------------------------------------------------------------------------------------------
                                              0.100000   data required time
                                             -0.630111   data arrival time
---------------------------------------------------------------------------------------------
                                              0.530111   slack (MET)


Startpoint: _1090_ (rising edge-triggered flip-flop clocked by clk_i)
Endpoint: gpio_dir[13] (output port clocked by clk_i)
Path Group: clk_i
Path Type: min

Fanout         Cap        Slew       Delay        Time   Description
---------------------------------------------------------------------------------------------
                                  0.000000    0.000000   clock clk_i (rise edge)
                                  0.000000    0.000000   clock source latency
     1    0.032062    0.000000    0.000000    0.000000 ^ clk_i (in)
                                                         clk_i (net)
                      0.004516    0.002258    0.002258 ^ clkbuf_0_clk_i/A (sg13g2_buf_16)
    16    0.181972    0.058543    0.076554    0.078812 ^ clkbuf_0_clk_i/X (sg13g2_buf_16)
                                                         clknet_0_clk_i (net)
                      0.062403    0.011540    0.090352 ^ clkbuf_4_6_0_clk_i/A (sg13g2_buf_8)
     7    0.032390    0.030437    0.088745    0.179097 ^ clkbuf_4_6_0_clk_i/X (sg13g2_buf_8)
                                                         clknet_4_6_0_clk_i (net)
                      0.030647    0.002597    0.181693 ^ _1090_/CLK (sg13g2_dfrbpq_1)
     3    0.032472    0.105342    0.234008    0.415702 v _1090_/Q (sg13g2_dfrbpq_1)
                                                         net82 (net)
                      0.105367    0.001557    0.417259 v output82/A (sg13g2_buf_1)
     1    0.053993    0.171093    0.210088    0.627347 v output82/X (sg13g2_buf_1)
                                                         gpio_dir[13] (net)
                      0.171261    0.003844    0.631191 v gpio_dir[13] (out)
                                              0.631191   data arrival time

                                  0.000000    0.000000   clock clk_i (rise edge)
                                  0.000000    0.000000   clock network delay (propagated)
                                  0.100000    0.100000   clock uncertainty
                                  0.000000    0.100000   clock reconvergence pessimism
                                  0.000000    0.100000   output external delay
                                              0.100000   data required time
---------------------------------------------------------------------------------------------
                                              0.100000   data required time
                                             -0.631191   data arrival time
---------------------------------------------------------------------------------------------
                                              0.531191   slack (MET)


Startpoint: _1005_ (rising edge-triggered flip-flop clocked by clk_i)
Endpoint: s_axil_rdata[3] (output port clocked by clk_i)
Path Group: clk_i
Path Type: min

Fanout         Cap        Slew       Delay        Time   Description
---------------------------------------------------------------------------------------------
                                  0.000000    0.000000   clock clk_i (rise edge)
                                  0.000000    0.000000   clock source latency
     1    0.032062    0.000000    0.000000    0.000000 ^ clk_i (in)
                                                         clk_i (net)
                      0.004516    0.002258    0.002258 ^ clkbuf_0_clk_i/A (sg13g2_buf_16)
    16    0.181972    0.058543    0.076554    0.078812 ^ clkbuf_0_clk_i/X (sg13g2_buf_16)
                                                         clknet_0_clk_i (net)
                      0.062038    0.010996    0.089808 ^ clkbuf_4_10_0_clk_i/A (sg13g2_buf_8)
     7    0.033574    0.030894    0.088888    0.178696 ^ clkbuf_4_10_0_clk_i/X (sg13g2_buf_8)
                                                         clknet_4_10_0_clk_i (net)
                      0.031052    0.002068    0.180764 ^ _1005_/CLK (sg13g2_dfrbpq_1)
     2    0.035264    0.114058    0.239074    0.419838 v _1005_/Q (sg13g2_dfrbpq_1)
                                                         net170 (net)
                      0.114262    0.004234    0.424072 v output170/A (sg13g2_buf_1)
     1    0.050607    0.161566    0.206159    0.630231 v output170/X (sg13g2_buf_1)
                                                         s_axil_rdata[3] (net)
                      0.161598    0.002185    0.632416 v s_axil_rdata[3] (out)
                                              0.632416   data arrival time

                                  0.000000    0.000000   clock clk_i (rise edge)
                                  0.000000    0.000000   clock network delay (propagated)
                                  0.100000    0.100000   clock uncertainty
                                  0.000000    0.100000   clock reconvergence pessimism
                                  0.000000    0.100000   output external delay
                                              0.100000   data required time
---------------------------------------------------------------------------------------------
                                              0.100000   data required time
                                             -0.632416   data arrival time
---------------------------------------------------------------------------------------------
                                              0.532416   slack (MET)


Startpoint: _1067_ (rising edge-triggered flip-flop clocked by clk_i)
Endpoint: gpio_out[6] (output port clocked by clk_i)
Path Group: clk_i
Path Type: min

Fanout         Cap        Slew       Delay        Time   Description
---------------------------------------------------------------------------------------------
                                  0.000000    0.000000   clock clk_i (rise edge)
                                  0.000000    0.000000   clock source latency
     1    0.032062    0.000000    0.000000    0.000000 ^ clk_i (in)
                                                         clk_i (net)
                      0.004516    0.002258    0.002258 ^ clkbuf_0_clk_i/A (sg13g2_buf_16)
    16    0.181972    0.058543    0.076554    0.078812 ^ clkbuf_0_clk_i/X (sg13g2_buf_16)
                                                         clknet_0_clk_i (net)
                      0.063259    0.012734    0.091546 ^ clkbuf_4_0_0_clk_i/A (sg13g2_buf_8)
     7    0.039163    0.033476    0.092118    0.183664 ^ clkbuf_4_0_0_clk_i/X (sg13g2_buf_8)
                                                         clknet_4_0_0_clk_i (net)
                      0.033518    0.001256    0.184920 ^ _1067_/CLK (sg13g2_dfrbpq_1)
     3    0.032598    0.105285    0.235377    0.420297 v _1067_/Q (sg13g2_dfrbpq_1)
                                                         net138 (net)
                      0.105410    0.003273    0.423571 v output138/A (sg13g2_buf_1)
     1    0.052367    0.166681    0.208108    0.631679 v output138/X (sg13g2_buf_1)
                                                         gpio_out[6] (net)
                      0.166695    0.001563    0.633242 v gpio_out[6] (out)
                                              0.633242   data arrival time

                                  0.000000    0.000000   clock clk_i (rise edge)
                                  0.000000    0.000000   clock network delay (propagated)
                                  0.100000    0.100000   clock uncertainty
                                  0.000000    0.100000   clock reconvergence pessimism
                                  0.000000    0.100000   output external delay
                                              0.100000   data required time
---------------------------------------------------------------------------------------------
                                              0.100000   data required time
                                             -0.633242   data arrival time
---------------------------------------------------------------------------------------------
                                              0.533242   slack (MET)


Startpoint: _1080_ (rising edge-triggered flip-flop clocked by clk_i)
Endpoint: gpio_dir[19] (output port clocked by clk_i)
Path Group: clk_i
Path Type: min

Fanout         Cap        Slew       Delay        Time   Description
---------------------------------------------------------------------------------------------
                                  0.000000    0.000000   clock clk_i (rise edge)
                                  0.000000    0.000000   clock source latency
     1    0.032062    0.000000    0.000000    0.000000 ^ clk_i (in)
                                                         clk_i (net)
                      0.004516    0.002258    0.002258 ^ clkbuf_0_clk_i/A (sg13g2_buf_16)
    16    0.181972    0.058543    0.076554    0.078812 ^ clkbuf_0_clk_i/X (sg13g2_buf_16)
                                                         clknet_0_clk_i (net)
                      0.063060    0.012466    0.091278 ^ clkbuf_4_5_0_clk_i/A (sg13g2_buf_8)
     7    0.029167    0.029137    0.088155    0.179433 ^ clkbuf_4_5_0_clk_i/X (sg13g2_buf_8)
                                                         clknet_4_5_0_clk_i (net)
                      0.029155    0.001239    0.180672 ^ _1080_/CLK (sg13g2_dfrbpq_1)
     3    0.032488    0.104969    0.233223    0.413895 v _1080_/Q (sg13g2_dfrbpq_1)
                                                         net88 (net)
                      0.105049    0.002628    0.416523 v output88/A (sg13g2_buf_1)
     1    0.055431    0.176351    0.212934    0.629457 v output88/X (sg13g2_buf_1)
                                                         gpio_dir[19] (net)
                      0.176531    0.004054    0.633510 v gpio_dir[19] (out)
                                              0.633510   data arrival time

                                  0.000000    0.000000   clock clk_i (rise edge)
                                  0.000000    0.000000   clock network delay (propagated)
                                  0.100000    0.100000   clock uncertainty
                                  0.000000    0.100000   clock reconvergence pessimism
                                  0.000000    0.100000   output external delay
                                              0.100000   data required time
---------------------------------------------------------------------------------------------
                                              0.100000   data required time
                                             -0.633510   data arrival time
---------------------------------------------------------------------------------------------
                                              0.533510   slack (MET)


Startpoint: _1085_ (rising edge-triggered flip-flop clocked by clk_i)
Endpoint: gpio_dir[8] (output port clocked by clk_i)
Path Group: clk_i
Path Type: min

Fanout         Cap        Slew       Delay        Time   Description
---------------------------------------------------------------------------------------------
                                  0.000000    0.000000   clock clk_i (rise edge)
                                  0.000000    0.000000   clock source latency
     1    0.032062    0.000000    0.000000    0.000000 ^ clk_i (in)
                                                         clk_i (net)
                      0.004516    0.002258    0.002258 ^ clkbuf_0_clk_i/A (sg13g2_buf_16)
    16    0.181972    0.058543    0.076554    0.078812 ^ clkbuf_0_clk_i/X (sg13g2_buf_16)
                                                         clknet_0_clk_i (net)
                      0.062114    0.011113    0.089924 ^ clkbuf_4_3_0_clk_i/A (sg13g2_buf_8)
     7    0.032384    0.030496    0.089004    0.178929 ^ clkbuf_4_3_0_clk_i/X (sg13g2_buf_8)
                                                         clknet_4_3_0_clk_i (net)
                      0.030516    0.001264    0.180193 ^ _1085_/CLK (sg13g2_dfrbpq_1)
     3    0.033987    0.110474    0.234944    0.415137 v _1085_/Q (sg13g2_dfrbpq_1)
                                                         net108 (net)
                      0.111015    0.006010    0.421147 v output108/A (sg13g2_buf_1)
     1    0.053655    0.170118    0.210912    0.632059 v output108/X (sg13g2_buf_1)
                                                         gpio_dir[8] (net)
                      0.170286    0.003836    0.635894 v gpio_dir[8] (out)
                                              0.635894   data arrival time

                                  0.000000    0.000000   clock clk_i (rise edge)
                                  0.000000    0.000000   clock network delay (propagated)
                                  0.100000    0.100000   clock uncertainty
                                  0.000000    0.100000   clock reconvergence pessimism
                                  0.000000    0.100000   output external delay
                                              0.100000   data required time
---------------------------------------------------------------------------------------------
                                              0.100000   data required time
                                             -0.635894   data arrival time
---------------------------------------------------------------------------------------------
                                              0.535894   slack (MET)


Startpoint: _1081_ (rising edge-triggered flip-flop clocked by clk_i)
Endpoint: gpio_dir[20] (output port clocked by clk_i)
Path Group: clk_i
Path Type: min

Fanout         Cap        Slew       Delay        Time   Description
---------------------------------------------------------------------------------------------
                                  0.000000    0.000000   clock clk_i (rise edge)
                                  0.000000    0.000000   clock source latency
     1    0.032062    0.000000    0.000000    0.000000 ^ clk_i (in)
                                                         clk_i (net)
                      0.004516    0.002258    0.002258 ^ clkbuf_0_clk_i/A (sg13g2_buf_16)
    16    0.181972    0.058543    0.076554    0.078812 ^ clkbuf_0_clk_i/X (sg13g2_buf_16)
                                                         clknet_0_clk_i (net)
                      0.063060    0.012466    0.091278 ^ clkbuf_4_5_0_clk_i/A (sg13g2_buf_8)
     7    0.029167    0.029137    0.088155    0.179433 ^ clkbuf_4_5_0_clk_i/X (sg13g2_buf_8)
                                                         clknet_4_5_0_clk_i (net)
                      0.029155    0.001242    0.180675 ^ _1081_/CLK (sg13g2_dfrbpq_1)
     3    0.033382    0.107659    0.235075    0.415751 v _1081_/Q (sg13g2_dfrbpq_1)
                                                         net90 (net)
                      0.107752    0.002856    0.418606 v output90/A (sg13g2_buf_1)
     1    0.055253    0.174927    0.213368    0.631975 v output90/X (sg13g2_buf_1)
                                                         gpio_dir[20] (net)
                      0.175111    0.004108    0.636083 v gpio_dir[20] (out)
                                              0.636083   data arrival time

                                  0.000000    0.000000   clock clk_i (rise edge)
                                  0.000000    0.000000   clock network delay (propagated)
                                  0.100000    0.100000   clock uncertainty
                                  0.000000    0.100000   clock reconvergence pessimism
                                  0.000000    0.100000   output external delay
                                              0.100000   data required time
---------------------------------------------------------------------------------------------
                                              0.100000   data required time
                                             -0.636083   data arrival time
---------------------------------------------------------------------------------------------
                                              0.536083   slack (MET)


Startpoint: _1045_ (rising edge-triggered flip-flop clocked by clk_i)
Endpoint: gpio_out[16] (output port clocked by clk_i)
Path Group: clk_i
Path Type: min

Fanout         Cap        Slew       Delay        Time   Description
---------------------------------------------------------------------------------------------
                                  0.000000    0.000000   clock clk_i (rise edge)
                                  0.000000    0.000000   clock source latency
     1    0.032062    0.000000    0.000000    0.000000 ^ clk_i (in)
                                                         clk_i (net)
                      0.004516    0.002258    0.002258 ^ clkbuf_0_clk_i/A (sg13g2_buf_16)
    16    0.181972    0.058543    0.076554    0.078812 ^ clkbuf_0_clk_i/X (sg13g2_buf_16)
                                                         clknet_0_clk_i (net)
                      0.062973    0.012347    0.091159 ^ clkbuf_4_1_0_clk_i/A (sg13g2_buf_8)
     7    0.030513    0.029719    0.088663    0.179822 ^ clkbuf_4_1_0_clk_i/X (sg13g2_buf_8)
                                                         clknet_4_1_0_clk_i (net)
                      0.029733    0.001077    0.180899 ^ _1045_/CLK (sg13g2_dfrbpq_1)
     3    0.034831    0.112957    0.236618    0.417517 v _1045_/Q (sg13g2_dfrbpq_1)
                                                         net117 (net)
                      0.113548    0.006328    0.423845 v output117/A (sg13g2_buf_1)
     1    0.052610    0.167482    0.210906    0.634751 v output117/X (sg13g2_buf_1)
                                                         gpio_out[16] (net)
                      0.167496    0.001570    0.636320 v gpio_out[16] (out)
                                              0.636320   data arrival time

                                  0.000000    0.000000   clock clk_i (rise edge)
                                  0.000000    0.000000   clock network delay (propagated)
                                  0.100000    0.100000   clock uncertainty
                                  0.000000    0.100000   clock reconvergence pessimism
                                  0.000000    0.100000   output external delay
                                              0.100000   data required time
---------------------------------------------------------------------------------------------
                                              0.100000   data required time
                                             -0.636320   data arrival time
---------------------------------------------------------------------------------------------
                                              0.536320   slack (MET)


Startpoint: s_axil_awaddr[3] (input port clocked by clk_i)
Endpoint: _1080_ (rising edge-triggered flip-flop clocked by clk_i)
Path Group: clk_i
Path Type: min

Fanout         Cap        Slew       Delay        Time   Description
---------------------------------------------------------------------------------------------
                                  0.000000    0.000000   clock clk_i (rise edge)
                                  0.000000    0.000000   clock network delay (propagated)
                                  0.000000    0.000000 ^ input external delay
     1    0.003617    0.020799    0.003020    0.003020 ^ s_axil_awaddr[3] (in)
                                                         s_axil_awaddr[3] (net)
                      0.020799    0.000000    0.003020 ^ input38/A (sg13g2_buf_1)
     2    0.024823    0.107399    0.118627    0.121646 ^ input38/X (sg13g2_buf_1)
                                                         net38 (net)
                      0.107518    0.002922    0.124568 ^ _0900_/A (sg13g2_nor3_1)
     8    0.036671    0.118104    0.159378    0.283946 v _0900_/Y (sg13g2_nor3_1)
                                                         _0374_ (net)
                      0.118290    0.003881    0.287827 v _0913_/A2 (sg13g2_a21oi_1)
     1    0.003179    0.050124    0.101430    0.389258 ^ _0913_/Y (sg13g2_a21oi_1)
                                                         _0384_ (net)
                      0.050124    0.000125    0.389382 ^ _0916_/A (sg13g2_nor2_1)
     1    0.002571    0.020946    0.039931    0.429314 v _0916_/Y (sg13g2_nor2_1)
                                                         _0079_ (net)
                      0.020947    0.000165    0.429478 v hold436/A (sg13g2_dlygate4sd3_1)
     1    0.002074    0.034394    0.363963    0.793441 v hold436/X (sg13g2_dlygate4sd3_1)
                                                         net436 (net)
                      0.034394    0.000080    0.793521 v _1080_/D (sg13g2_dfrbpq_1)
                                              0.793521   data arrival time

                                  0.000000    0.000000   clock clk_i (rise edge)
                                  0.000000    0.000000   clock source latency
     1    0.034735    0.000000    0.000000    0.000000 ^ clk_i (in)
                                                         clk_i (net)
                      0.005104    0.002552    0.002552 ^ clkbuf_0_clk_i/A (sg13g2_buf_16)
    16    0.202468    0.063847    0.079427    0.081979 ^ clkbuf_0_clk_i/X (sg13g2_buf_16)
                                                         clknet_0_clk_i (net)
                      0.068982    0.013867    0.095847 ^ clkbuf_4_5_0_clk_i/A (sg13g2_buf_8)
     7    0.032541    0.030852    0.092299    0.188145 ^ clkbuf_4_5_0_clk_i/X (sg13g2_buf_8)
                                                         clknet_4_5_0_clk_i (net)
                      0.030874    0.001375    0.189521 ^ _1080_/CLK (sg13g2_dfrbpq_1)
                                  0.100000    0.289521   clock uncertainty
                                  0.000000    0.289521   clock reconvergence pessimism
                                 -0.036680    0.252841   library hold time
                                              0.252841   data required time
---------------------------------------------------------------------------------------------
                                              0.252841   data required time
                                             -0.793521   data arrival time
---------------------------------------------------------------------------------------------
                                              0.540680   slack (MET)


Startpoint: _1002_ (rising edge-triggered flip-flop clocked by clk_i)
Endpoint: s_axil_rdata[0] (output port clocked by clk_i)
Path Group: clk_i
Path Type: min

Fanout         Cap        Slew       Delay        Time   Description
---------------------------------------------------------------------------------------------
                                  0.000000    0.000000   clock clk_i (rise edge)
                                  0.000000    0.000000   clock source latency
     1    0.032062    0.000000    0.000000    0.000000 ^ clk_i (in)
                                                         clk_i (net)
                      0.004516    0.002258    0.002258 ^ clkbuf_0_clk_i/A (sg13g2_buf_16)
    16    0.181972    0.058543    0.076554    0.078812 ^ clkbuf_0_clk_i/X (sg13g2_buf_16)
                                                         clknet_0_clk_i (net)
                      0.062038    0.010996    0.089808 ^ clkbuf_4_10_0_clk_i/A (sg13g2_buf_8)
     7    0.033574    0.030894    0.088888    0.178696 ^ clkbuf_4_10_0_clk_i/X (sg13g2_buf_8)
                                                         clknet_4_10_0_clk_i (net)
                      0.031190    0.002789    0.181485 ^ _1002_/CLK (sg13g2_dfrbpq_1)
     2    0.036954    0.119540    0.241488    0.422974 v _1002_/Q (sg13g2_dfrbpq_1)
                                                         net145 (net)
                      0.120149    0.006682    0.429655 v output145/A (sg13g2_buf_1)
     1    0.051074    0.163049    0.208760    0.638415 v output145/X (sg13g2_buf_1)
                                                         s_axil_rdata[0] (net)
                      0.163084    0.002291    0.640706 v s_axil_rdata[0] (out)
                                              0.640706   data arrival time

                                  0.000000    0.000000   clock clk_i (rise edge)
                                  0.000000    0.000000   clock network delay (propagated)
                                  0.100000    0.100000   clock uncertainty
                                  0.000000    0.100000   clock reconvergence pessimism
                                  0.000000    0.100000   output external delay
                                              0.100000   data required time
---------------------------------------------------------------------------------------------
                                              0.100000   data required time
                                             -0.640706   data arrival time
---------------------------------------------------------------------------------------------
                                              0.540706   slack (MET)


Startpoint: s_axil_awaddr[3] (input port clocked by clk_i)
Endpoint: _1083_ (rising edge-triggered flip-flop clocked by clk_i)
Path Group: clk_i
Path Type: min

Fanout         Cap        Slew       Delay        Time   Description
---------------------------------------------------------------------------------------------
                                  0.000000    0.000000   clock clk_i (rise edge)
                                  0.000000    0.000000   clock network delay (propagated)
                                  0.000000    0.000000 ^ input external delay
     1    0.003617    0.020799    0.003020    0.003020 ^ s_axil_awaddr[3] (in)
                                                         s_axil_awaddr[3] (net)
                      0.020799    0.000000    0.003020 ^ input38/A (sg13g2_buf_1)
     2    0.024823    0.107399    0.118627    0.121646 ^ input38/X (sg13g2_buf_1)
                                                         net38 (net)
                      0.107518    0.002922    0.124568 ^ _0900_/A (sg13g2_nor3_1)
     8    0.036671    0.118104    0.159378    0.283946 v _0900_/Y (sg13g2_nor3_1)
                                                         _0374_ (net)
                      0.118379    0.004693    0.288639 v _0925_/A2 (sg13g2_a21oi_1)
     1    0.003995    0.050071    0.106492    0.395131 ^ _0925_/Y (sg13g2_a21oi_1)
                                                         _0393_ (net)
                      0.050071    0.000281    0.395412 ^ _0928_/A (sg13g2_nor2_1)
     1    0.002719    0.021128    0.040304    0.435717 v _0928_/Y (sg13g2_nor2_1)
                                                         _0082_ (net)
                      0.021129    0.000176    0.435893 v hold444/A (sg13g2_dlygate4sd3_1)
     1    0.001744    0.033473    0.362917    0.798810 v hold444/X (sg13g2_dlygate4sd3_1)
                                                         net444 (net)
                      0.033473    0.000065    0.798875 v _1083_/D (sg13g2_dfrbpq_1)
                                              0.798875   data arrival time

                                  0.000000    0.000000   clock clk_i (rise edge)
                                  0.000000    0.000000   clock source latency
     1    0.034735    0.000000    0.000000    0.000000 ^ clk_i (in)
                                                         clk_i (net)
                      0.005104    0.002552    0.002552 ^ clkbuf_0_clk_i/A (sg13g2_buf_16)
    16    0.202468    0.063847    0.079427    0.081979 ^ clkbuf_0_clk_i/X (sg13g2_buf_16)
                                                         clknet_0_clk_i (net)
                      0.068916    0.013780    0.095760 ^ clkbuf_4_4_0_clk_i/A (sg13g2_buf_8)
     7    0.041666    0.034764    0.095590    0.191349 ^ clkbuf_4_4_0_clk_i/X (sg13g2_buf_8)
                                                         clknet_4_4_0_clk_i (net)
                      0.034785    0.000387    0.191737 ^ _1083_/CLK (sg13g2_dfrbpq_1)
                                  0.100000    0.291737   clock uncertainty
                                  0.000000    0.291737   clock reconvergence pessimism
                                 -0.035573    0.256163   library hold time
                                              0.256163   data required time
---------------------------------------------------------------------------------------------
                                              0.256163   data required time
                                             -0.798875   data arrival time
---------------------------------------------------------------------------------------------
                                              0.542712   slack (MET)


Startpoint: _1064_ (rising edge-triggered flip-flop clocked by clk_i)
Endpoint: gpio_out[3] (output port clocked by clk_i)
Path Group: clk_i
Path Type: min

Fanout         Cap        Slew       Delay        Time   Description
---------------------------------------------------------------------------------------------
                                  0.000000    0.000000   clock clk_i (rise edge)
                                  0.000000    0.000000   clock source latency
     1    0.032062    0.000000    0.000000    0.000000 ^ clk_i (in)
                                                         clk_i (net)
                      0.004516    0.002258    0.002258 ^ clkbuf_0_clk_i/A (sg13g2_buf_16)
    16    0.181972    0.058543    0.076554    0.078812 ^ clkbuf_0_clk_i/X (sg13g2_buf_16)
                                                         clknet_0_clk_i (net)
                      0.062373    0.011497    0.090308 ^ clkbuf_4_2_0_clk_i/A (sg13g2_buf_8)
     7    0.031935    0.030297    0.088842    0.179150 ^ clkbuf_4_2_0_clk_i/X (sg13g2_buf_8)
                                                         clknet_4_2_0_clk_i (net)
                      0.030320    0.001404    0.180554 ^ _1064_/CLK (sg13g2_dfrbpq_1)
     3    0.034547    0.111973    0.236845    0.417398 v _1064_/Q (sg13g2_dfrbpq_1)
                                                         net135 (net)
                      0.112283    0.005115    0.422514 v output135/A (sg13g2_buf_1)
     1    0.056074    0.177451    0.216329    0.638843 v output135/X (sg13g2_buf_1)
                                                         gpio_out[3] (net)
                      0.177645    0.004285    0.643127 v gpio_out[3] (out)
                                              0.643127   data arrival time

                                  0.000000    0.000000   clock clk_i (rise edge)
                                  0.000000    0.000000   clock network delay (propagated)
                                  0.100000    0.100000   clock uncertainty
                                  0.000000    0.100000   clock reconvergence pessimism
                                  0.000000    0.100000   output external delay
                                              0.100000   data required time
---------------------------------------------------------------------------------------------
                                              0.100000   data required time
                                             -0.643127   data arrival time
---------------------------------------------------------------------------------------------
                                              0.543127   slack (MET)


Startpoint: s_axil_awaddr[3] (input port clocked by clk_i)
Endpoint: _1077_ (rising edge-triggered flip-flop clocked by clk_i)
Path Group: clk_i
Path Type: min

Fanout         Cap        Slew       Delay        Time   Description
---------------------------------------------------------------------------------------------
                                  0.000000    0.000000   clock clk_i (rise edge)
                                  0.000000    0.000000   clock network delay (propagated)
                                  0.000000    0.000000 ^ input external delay
     1    0.003617    0.020799    0.003020    0.003020 ^ s_axil_awaddr[3] (in)
                                                         s_axil_awaddr[3] (net)
                      0.020799    0.000000    0.003020 ^ input38/A (sg13g2_buf_1)
     2    0.024823    0.107399    0.118627    0.121646 ^ input38/X (sg13g2_buf_1)
                                                         net38 (net)
                      0.107518    0.002922    0.124568 ^ _0900_/A (sg13g2_nor3_1)
     8    0.036671    0.118104    0.159378    0.283946 v _0900_/Y (sg13g2_nor3_1)
                                                         _0374_ (net)
                      0.118232    0.003241    0.287187 v _0901_/A2 (sg13g2_a21oi_1)
     1    0.003811    0.050478    0.105306    0.392492 ^ _0901_/Y (sg13g2_a21oi_1)
                                                         _0375_ (net)
                      0.050479    0.000289    0.392781 ^ _0904_/A (sg13g2_nor2_1)
     1    0.003852    0.024435    0.043457    0.436238 v _0904_/Y (sg13g2_nor2_1)
                                                         _0076_ (net)
                      0.024436    0.000233    0.436471 v hold432/A (sg13g2_dlygate4sd3_1)
     1    0.001830    0.033719    0.365044    0.801515 v hold432/X (sg13g2_dlygate4sd3_1)
                                                         net432 (net)
                      0.033719    0.000070    0.801585 v _1077_/D (sg13g2_dfrbpq_1)
                                              0.801585   data arrival time

                                  0.000000    0.000000   clock clk_i (rise edge)
                                  0.000000    0.000000   clock source latency
     1    0.034735    0.000000    0.000000    0.000000 ^ clk_i (in)
                                                         clk_i (net)
                      0.005104    0.002552    0.002552 ^ clkbuf_0_clk_i/A (sg13g2_buf_16)
    16    0.202468    0.063847    0.079427    0.081979 ^ clkbuf_0_clk_i/X (sg13g2_buf_16)
                                                         clknet_0_clk_i (net)
                      0.068916    0.013780    0.095760 ^ clkbuf_4_4_0_clk_i/A (sg13g2_buf_8)
     7    0.041666    0.034764    0.095590    0.191349 ^ clkbuf_4_4_0_clk_i/X (sg13g2_buf_8)
                                                         clknet_4_4_0_clk_i (net)
                      0.035087    0.002655    0.194004 ^ _1077_/CLK (sg13g2_dfrbpq_1)
                                  0.100000    0.294004   clock uncertainty
                                  0.000000    0.294004   clock reconvergence pessimism
                                 -0.035589    0.258415   library hold time
                                              0.258415   data required time
---------------------------------------------------------------------------------------------
                                              0.258415   data required time
                                             -0.801585   data arrival time
---------------------------------------------------------------------------------------------
                                              0.543169   slack (MET)


Startpoint: _1088_ (rising edge-triggered flip-flop clocked by clk_i)
Endpoint: gpio_dir[11] (output port clocked by clk_i)
Path Group: clk_i
Path Type: min

Fanout         Cap        Slew       Delay        Time   Description
---------------------------------------------------------------------------------------------
                                  0.000000    0.000000   clock clk_i (rise edge)
                                  0.000000    0.000000   clock source latency
     1    0.032062    0.000000    0.000000    0.000000 ^ clk_i (in)
                                                         clk_i (net)
                      0.004516    0.002258    0.002258 ^ clkbuf_0_clk_i/A (sg13g2_buf_16)
    16    0.181972    0.058543    0.076554    0.078812 ^ clkbuf_0_clk_i/X (sg13g2_buf_16)
                                                         clknet_0_clk_i (net)
                      0.061702    0.010475    0.089287 ^ clkbuf_4_8_0_clk_i/A (sg13g2_buf_8)
     7    0.032346    0.030358    0.088271    0.177557 ^ clkbuf_4_8_0_clk_i/X (sg13g2_buf_8)
                                                         clknet_4_8_0_clk_i (net)
                      0.030610    0.002705    0.180262 ^ _1088_/CLK (sg13g2_dfrbpq_1)
     3    0.036673    0.117567    0.242789    0.423051 v _1088_/Q (sg13g2_dfrbpq_1)
                                                         net80 (net)
                      0.117679    0.003276    0.426327 v output80/A (sg13g2_buf_1)
     1    0.053887    0.170874    0.213245    0.639572 v output80/X (sg13g2_buf_1)
                                                         gpio_dir[11] (net)
                      0.171045    0.003887    0.643459 v gpio_dir[11] (out)
                                              0.643459   data arrival time

                                  0.000000    0.000000   clock clk_i (rise edge)
                                  0.000000    0.000000   clock network delay (propagated)
                                  0.100000    0.100000   clock uncertainty
                                  0.000000    0.100000   clock reconvergence pessimism
                                  0.000000    0.100000   output external delay
                                              0.100000   data required time
---------------------------------------------------------------------------------------------
                                              0.100000   data required time
                                             -0.643459   data arrival time
---------------------------------------------------------------------------------------------
                                              0.543459   slack (MET)


Startpoint: s_axil_awaddr[3] (input port clocked by clk_i)
Endpoint: _1081_ (rising edge-triggered flip-flop clocked by clk_i)
Path Group: clk_i
Path Type: min

Fanout         Cap        Slew       Delay        Time   Description
---------------------------------------------------------------------------------------------
                                  0.000000    0.000000   clock clk_i (rise edge)
                                  0.000000    0.000000   clock network delay (propagated)
                                  0.000000    0.000000 ^ input external delay
     1    0.003617    0.020799    0.003020    0.003020 ^ s_axil_awaddr[3] (in)
                                                         s_axil_awaddr[3] (net)
                      0.020799    0.000000    0.003020 ^ input38/A (sg13g2_buf_1)
     2    0.024823    0.107399    0.118627    0.121646 ^ input38/X (sg13g2_buf_1)
                                                         net38 (net)
                      0.107518    0.002922    0.124568 ^ _0900_/A (sg13g2_nor3_1)
     8    0.036671    0.118104    0.159378    0.283946 v _0900_/Y (sg13g2_nor3_1)
                                                         _0374_ (net)
                      0.118284    0.003820    0.287766 v _0917_/A2 (sg13g2_a21oi_1)
     1    0.003976    0.054507    0.106382    0.394148 ^ _0917_/Y (sg13g2_a21oi_1)
                                                         _0387_ (net)
                      0.054507    0.000160    0.394308 ^ _0920_/A (sg13g2_nor2_1)
     1    0.002078    0.020328    0.040165    0.434473 v _0920_/Y (sg13g2_nor2_1)
                                                         _0080_ (net)
                      0.020328    0.000079    0.434552 v hold447/A (sg13g2_dlygate4sd3_1)
     1    0.001639    0.033175    0.362102    0.796654 v hold447/X (sg13g2_dlygate4sd3_1)
                                                         net447 (net)
                      0.033175    0.000122    0.796776 v _1081_/D (sg13g2_dfrbpq_1)
                                              0.796776   data arrival time

                                  0.000000    0.000000   clock clk_i (rise edge)
                                  0.000000    0.000000   clock source latency
     1    0.034735    0.000000    0.000000    0.000000 ^ clk_i (in)
                                                         clk_i (net)
                      0.005104    0.002552    0.002552 ^ clkbuf_0_clk_i/A (sg13g2_buf_16)
    16    0.202468    0.063847    0.079427    0.081979 ^ clkbuf_0_clk_i/X (sg13g2_buf_16)
                                                         clknet_0_clk_i (net)
                      0.068982    0.013867    0.095847 ^ clkbuf_4_5_0_clk_i/A (sg13g2_buf_8)
     7    0.032541    0.030852    0.092299    0.188145 ^ clkbuf_4_5_0_clk_i/X (sg13g2_buf_8)
                                                         clknet_4_5_0_clk_i (net)
                      0.030874    0.001381    0.189526 ^ _1081_/CLK (sg13g2_dfrbpq_1)
                                  0.100000    0.289526   clock uncertainty
                                  0.000000    0.289526   clock reconvergence pessimism
                                 -0.036294    0.253233   library hold time
                                              0.253233   data required time
---------------------------------------------------------------------------------------------
                                              0.253233   data required time
                                             -0.796776   data arrival time
---------------------------------------------------------------------------------------------
                                              0.543543   slack (MET)


Startpoint: s_axil_awaddr[3] (input port clocked by clk_i)
Endpoint: _1082_ (rising edge-triggered flip-flop clocked by clk_i)
Path Group: clk_i
Path Type: min

Fanout         Cap        Slew       Delay        Time   Description
---------------------------------------------------------------------------------------------
                                  0.000000    0.000000   clock clk_i (rise edge)
                                  0.000000    0.000000   clock network delay (propagated)
                                  0.000000    0.000000 ^ input external delay
     1    0.003617    0.020799    0.003020    0.003020 ^ s_axil_awaddr[3] (in)
                                                         s_axil_awaddr[3] (net)
                      0.020799    0.000000    0.003020 ^ input38/A (sg13g2_buf_1)
     2    0.024823    0.107399    0.118627    0.121646 ^ input38/X (sg13g2_buf_1)
                                                         net38 (net)
                      0.107518    0.002922    0.124568 ^ _0900_/A (sg13g2_nor3_1)
     8    0.036671    0.118104    0.159378    0.283946 v _0900_/Y (sg13g2_nor3_1)
                                                         _0374_ (net)
                      0.118345    0.004408    0.288354 v _0921_/A2 (sg13g2_a21oi_1)
     1    0.003976    0.049646    0.106364    0.394718 ^ _0921_/Y (sg13g2_a21oi_1)
                                                         _0390_ (net)
                      0.049646    0.000284    0.395002 ^ _0924_/A (sg13g2_nor2_1)
     1    0.002520    0.021271    0.039632    0.434634 v _0924_/Y (sg13g2_nor2_1)
                                                         _0081_ (net)
                      0.021271    0.000151    0.434785 v hold454/A (sg13g2_dlygate4sd3_1)
     1    0.001536    0.032868    0.362270    0.797055 v hold454/X (sg13g2_dlygate4sd3_1)
                                                         net454 (net)
                      0.032868    0.000060    0.797115 v _1082_/D (sg13g2_dfrbpq_1)
                                              0.797115   data arrival time

                                  0.000000    0.000000   clock clk_i (rise edge)
                                  0.000000    0.000000   clock source latency
     1    0.034735    0.000000    0.000000    0.000000 ^ clk_i (in)
                                                         clk_i (net)
                      0.005104    0.002552    0.002552 ^ clkbuf_0_clk_i/A (sg13g2_buf_16)
    16    0.202468    0.063847    0.079427    0.081979 ^ clkbuf_0_clk_i/X (sg13g2_buf_16)
                                                         clknet_0_clk_i (net)
                      0.068982    0.013867    0.095847 ^ clkbuf_4_5_0_clk_i/A (sg13g2_buf_8)
     7    0.032541    0.030852    0.092299    0.188145 ^ clkbuf_4_5_0_clk_i/X (sg13g2_buf_8)
                                                         clknet_4_5_0_clk_i (net)
                      0.030866    0.001059    0.189204 ^ _1082_/CLK (sg13g2_dfrbpq_1)
                                  0.100000    0.289204   clock uncertainty
                                  0.000000    0.289204   clock reconvergence pessimism
                                 -0.036198    0.253006   library hold time
                                              0.253006   data required time
---------------------------------------------------------------------------------------------
                                              0.253006   data required time
                                             -0.797115   data arrival time
---------------------------------------------------------------------------------------------
                                              0.544109   slack (MET)


Startpoint: _1079_ (rising edge-triggered flip-flop clocked by clk_i)
Endpoint: gpio_dir[18] (output port clocked by clk_i)
Path Group: clk_i
Path Type: min

Fanout         Cap        Slew       Delay        Time   Description
---------------------------------------------------------------------------------------------
                                  0.000000    0.000000   clock clk_i (rise edge)
                                  0.000000    0.000000   clock source latency
     1    0.032062    0.000000    0.000000    0.000000 ^ clk_i (in)
                                                         clk_i (net)
                      0.004516    0.002258    0.002258 ^ clkbuf_0_clk_i/A (sg13g2_buf_16)
    16    0.181972    0.058543    0.076554    0.078812 ^ clkbuf_0_clk_i/X (sg13g2_buf_16)
                                                         clknet_0_clk_i (net)
                      0.063004    0.012390    0.091201 ^ clkbuf_4_4_0_clk_i/A (sg13g2_buf_8)
     7    0.038534    0.033144    0.091540    0.182741 ^ clkbuf_4_4_0_clk_i/X (sg13g2_buf_8)
                                                         clknet_4_4_0_clk_i (net)
                      0.033224    0.001240    0.183981 ^ _1079_/CLK (sg13g2_dfrbpq_1)
     3    0.033869    0.109589    0.238162    0.422143 v _1079_/Q (sg13g2_dfrbpq_1)
                                                         net87 (net)
                      0.109676    0.002822    0.424965 v output87/A (sg13g2_buf_1)
     1    0.055780    0.176538    0.215046    0.640011 v output87/X (sg13g2_buf_1)
                                                         gpio_dir[18] (net)
                      0.176725    0.004164    0.644175 v gpio_dir[18] (out)
                                              0.644175   data arrival time

                                  0.000000    0.000000   clock clk_i (rise edge)
                                  0.000000    0.000000   clock network delay (propagated)
                                  0.100000    0.100000   clock uncertainty
                                  0.000000    0.100000   clock reconvergence pessimism
                                  0.000000    0.100000   output external delay
                                              0.100000   data required time
---------------------------------------------------------------------------------------------
                                              0.100000   data required time
                                             -0.644175   data arrival time
---------------------------------------------------------------------------------------------
                                              0.544175   slack (MET)


Startpoint: _1003_ (rising edge-triggered flip-flop clocked by clk_i)
Endpoint: s_axil_rdata[1] (output port clocked by clk_i)
Path Group: clk_i
Path Type: min

Fanout         Cap        Slew       Delay        Time   Description
---------------------------------------------------------------------------------------------
                                  0.000000    0.000000   clock clk_i (rise edge)
                                  0.000000    0.000000   clock source latency
     1    0.032062    0.000000    0.000000    0.000000 ^ clk_i (in)
                                                         clk_i (net)
                      0.004516    0.002258    0.002258 ^ clkbuf_0_clk_i/A (sg13g2_buf_16)
    16    0.181972    0.058543    0.076554    0.078812 ^ clkbuf_0_clk_i/X (sg13g2_buf_16)
                                                         clknet_0_clk_i (net)
                      0.062038    0.010996    0.089808 ^ clkbuf_4_10_0_clk_i/A (sg13g2_buf_8)
     7    0.033574    0.030894    0.088888    0.178696 ^ clkbuf_4_10_0_clk_i/X (sg13g2_buf_8)
                                                         clknet_4_10_0_clk_i (net)
                      0.031203    0.002853    0.181549 ^ _1003_/CLK (sg13g2_dfrbpq_1)
     2    0.040464    0.129607    0.249731    0.431280 v _1003_/Q (sg13g2_dfrbpq_1)
                                                         net156 (net)
                      0.130035    0.005786    0.437066 v output156/A (sg13g2_buf_1)
     1    0.050563    0.161565    0.210445    0.647511 v output156/X (sg13g2_buf_1)
                                                         s_axil_rdata[1] (net)
                      0.161596    0.002184    0.649695 v s_axil_rdata[1] (out)
                                              0.649695   data arrival time

                                  0.000000    0.000000   clock clk_i (rise edge)
                                  0.000000    0.000000   clock network delay (propagated)
                                  0.100000    0.100000   clock uncertainty
                                  0.000000    0.100000   clock reconvergence pessimism
                                  0.000000    0.100000   output external delay
                                              0.100000   data required time
---------------------------------------------------------------------------------------------
                                              0.100000   data required time
                                             -0.649695   data arrival time
---------------------------------------------------------------------------------------------
                                              0.549695   slack (MET)


Startpoint: _1093_ (rising edge-triggered flip-flop clocked by clk_i)
Endpoint: gpio_dir[0] (output port clocked by clk_i)
Path Group: clk_i
Path Type: min

Fanout         Cap        Slew       Delay        Time   Description
---------------------------------------------------------------------------------------------
                                  0.000000    0.000000   clock clk_i (rise edge)
                                  0.000000    0.000000   clock source latency
     1    0.032062    0.000000    0.000000    0.000000 ^ clk_i (in)
                                                         clk_i (net)
                      0.004516    0.002258    0.002258 ^ clkbuf_0_clk_i/A (sg13g2_buf_16)
    16    0.181972    0.058543    0.076554    0.078812 ^ clkbuf_0_clk_i/X (sg13g2_buf_16)
                                                         clknet_0_clk_i (net)
                      0.063259    0.012734    0.091546 ^ clkbuf_4_0_0_clk_i/A (sg13g2_buf_8)
     7    0.039163    0.033476    0.092118    0.183664 ^ clkbuf_4_0_0_clk_i/X (sg13g2_buf_8)
                                                         clknet_4_0_0_clk_i (net)
                      0.033541    0.001459    0.185123 ^ _1093_/CLK (sg13g2_dfrbpq_1)
     3    0.038231    0.123017    0.246513    0.431636 v _1093_/Q (sg13g2_dfrbpq_1)
                                                         net78 (net)
                      0.123259    0.004782    0.436419 v output78/A (sg13g2_buf_1)
     1    0.053422    0.169510    0.213882    0.650301 v output78/X (sg13g2_buf_1)
                                                         gpio_dir[0] (net)
                      0.169673    0.003750    0.654050 v gpio_dir[0] (out)
                                              0.654050   data arrival time

                                  0.000000    0.000000   clock clk_i (rise edge)
                                  0.000000    0.000000   clock network delay (propagated)
                                  0.100000    0.100000   clock uncertainty
                                  0.000000    0.100000   clock reconvergence pessimism
                                  0.000000    0.100000   output external delay
                                              0.100000   data required time
---------------------------------------------------------------------------------------------
                                              0.100000   data required time
                                             -0.654050   data arrival time
---------------------------------------------------------------------------------------------
                                              0.554050   slack (MET)


Startpoint: s_axil_awaddr[3] (input port clocked by clk_i)
Endpoint: _1084_ (rising edge-triggered flip-flop clocked by clk_i)
Path Group: clk_i
Path Type: min

Fanout         Cap        Slew       Delay        Time   Description
---------------------------------------------------------------------------------------------
                                  0.000000    0.000000   clock clk_i (rise edge)
                                  0.000000    0.000000   clock network delay (propagated)
                                  0.000000    0.000000 ^ input external delay
     1    0.003617    0.020799    0.003020    0.003020 ^ s_axil_awaddr[3] (in)
                                                         s_axil_awaddr[3] (net)
                      0.020799    0.000000    0.003020 ^ input38/A (sg13g2_buf_1)
     2    0.024823    0.107399    0.118627    0.121646 ^ input38/X (sg13g2_buf_1)
                                                         net38 (net)
                      0.107518    0.002922    0.124568 ^ _0900_/A (sg13g2_nor3_1)
     8    0.036671    0.118104    0.159378    0.283946 v _0900_/Y (sg13g2_nor3_1)
                                                         _0374_ (net)
                      0.118376    0.004674    0.288620 v _0929_/A2 (sg13g2_a21oi_1)
     1    0.004372    0.055062    0.108865    0.397485 ^ _0929_/Y (sg13g2_a21oi_1)
                                                         _0396_ (net)
                      0.055062    0.000174    0.397660 ^ _0932_/A (sg13g2_nor2_1)
     1    0.002608    0.021126    0.041790    0.439450 v _0932_/Y (sg13g2_nor2_1)
                                                         _0083_ (net)
                      0.021126    0.000165    0.439615 v hold459/A (sg13g2_dlygate4sd3_1)
     1    0.002732    0.036226    0.366351    0.805966 v hold459/X (sg13g2_dlygate4sd3_1)
                                                         net459 (net)
                      0.036226    0.000104    0.806070 v _1084_/D (sg13g2_dfrbpq_1)
                                              0.806070   data arrival time

                                  0.000000    0.000000   clock clk_i (rise edge)
                                  0.000000    0.000000   clock source latency
     1    0.034735    0.000000    0.000000    0.000000 ^ clk_i (in)
                                                         clk_i (net)
                      0.005104    0.002552    0.002552 ^ clkbuf_0_clk_i/A (sg13g2_buf_16)
    16    0.202468    0.063847    0.079427    0.081979 ^ clkbuf_0_clk_i/X (sg13g2_buf_16)
                                                         clknet_0_clk_i (net)
                      0.068982    0.013867    0.095847 ^ clkbuf_4_5_0_clk_i/A (sg13g2_buf_8)
     7    0.032541    0.030852    0.092299    0.188145 ^ clkbuf_4_5_0_clk_i/X (sg13g2_buf_8)
                                                         clknet_4_5_0_clk_i (net)
                      0.030866    0.001073    0.189218 ^ _1084_/CLK (sg13g2_dfrbpq_1)
                                  0.100000    0.289218   clock uncertainty
                                  0.000000    0.289218   clock reconvergence pessimism
                                 -0.037263    0.251955   library hold time
                                              0.251955   data required time
---------------------------------------------------------------------------------------------
                                              0.251955   data required time
                                             -0.806070   data arrival time
---------------------------------------------------------------------------------------------
                                              0.554115   slack (MET)


Startpoint: _1098_ (rising edge-triggered flip-flop clocked by clk_i)
Endpoint: gpio_dir[5] (output port clocked by clk_i)
Path Group: clk_i
Path Type: min

Fanout         Cap        Slew       Delay        Time   Description
---------------------------------------------------------------------------------------------
                                  0.000000    0.000000   clock clk_i (rise edge)
                                  0.000000    0.000000   clock source latency
     1    0.032062    0.000000    0.000000    0.000000 ^ clk_i (in)
                                                         clk_i (net)
                      0.004516    0.002258    0.002258 ^ clkbuf_0_clk_i/A (sg13g2_buf_16)
    16    0.181972    0.058543    0.076554    0.078812 ^ clkbuf_0_clk_i/X (sg13g2_buf_16)
                                                         clknet_0_clk_i (net)
                      0.063259    0.012734    0.091546 ^ clkbuf_4_0_0_clk_i/A (sg13g2_buf_8)
     7    0.039163    0.033476    0.092118    0.183664 ^ clkbuf_4_0_0_clk_i/X (sg13g2_buf_8)
                                                         clknet_4_0_0_clk_i (net)
                      0.033513    0.001209    0.184873 ^ _1098_/CLK (sg13g2_dfrbpq_1)
     3    0.038688    0.124317    0.247155    0.432028 v _1098_/Q (sg13g2_dfrbpq_1)
                                                         net105 (net)
                      0.124779    0.005901    0.437929 v output105/A (sg13g2_buf_1)
     1    0.053320    0.169219    0.214028    0.651958 v output105/X (sg13g2_buf_1)
                                                         gpio_dir[5] (net)
                      0.169383    0.003768    0.655726 v gpio_dir[5] (out)
                                              0.655726   data arrival time

                                  0.000000    0.000000   clock clk_i (rise edge)
                                  0.000000    0.000000   clock network delay (propagated)
                                  0.100000    0.100000   clock uncertainty
                                  0.000000    0.100000   clock reconvergence pessimism
                                  0.000000    0.100000   output external delay
                                              0.100000   data required time
---------------------------------------------------------------------------------------------
                                              0.100000   data required time
                                             -0.655726   data arrival time
---------------------------------------------------------------------------------------------
                                              0.555726   slack (MET)


Startpoint: _1099_ (rising edge-triggered flip-flop clocked by clk_i)
Endpoint: gpio_dir[6] (output port clocked by clk_i)
Path Group: clk_i
Path Type: min

Fanout         Cap        Slew       Delay        Time   Description
---------------------------------------------------------------------------------------------
                                  0.000000    0.000000   clock clk_i (rise edge)
                                  0.000000    0.000000   clock source latency
     1    0.032062    0.000000    0.000000    0.000000 ^ clk_i (in)
                                                         clk_i (net)
                      0.004516    0.002258    0.002258 ^ clkbuf_0_clk_i/A (sg13g2_buf_16)
    16    0.181972    0.058543    0.076554    0.078812 ^ clkbuf_0_clk_i/X (sg13g2_buf_16)
                                                         clknet_0_clk_i (net)
                      0.063259    0.012734    0.091546 ^ clkbuf_4_0_0_clk_i/A (sg13g2_buf_8)
     7    0.039163    0.033476    0.092118    0.183664 ^ clkbuf_4_0_0_clk_i/X (sg13g2_buf_8)
                                                         clknet_4_0_0_clk_i (net)
                      0.033519    0.001264    0.184928 ^ _1099_/CLK (sg13g2_dfrbpq_1)
     3    0.038731    0.123474    0.248921    0.433849 v _1099_/Q (sg13g2_dfrbpq_1)
                                                         net106 (net)
                      0.123602    0.003601    0.437450 v output106/A (sg13g2_buf_1)
     1    0.053944    0.171093    0.215081    0.652532 v output106/X (sg13g2_buf_1)
                                                         gpio_dir[6] (net)
                      0.171260    0.003831    0.656363 v gpio_dir[6] (out)
                                              0.656363   data arrival time

                                  0.000000    0.000000   clock clk_i (rise edge)
                                  0.000000    0.000000   clock network delay (propagated)
                                  0.100000    0.100000   clock uncertainty
                                  0.000000    0.100000   clock reconvergence pessimism
                                  0.000000    0.100000   output external delay
                                              0.100000   data required time
---------------------------------------------------------------------------------------------
                                              0.100000   data required time
                                             -0.656363   data arrival time
---------------------------------------------------------------------------------------------
                                              0.556363   slack (MET)


Startpoint: _1097_ (rising edge-triggered flip-flop clocked by clk_i)
Endpoint: gpio_dir[4] (output port clocked by clk_i)
Path Group: clk_i
Path Type: min

Fanout         Cap        Slew       Delay        Time   Description
---------------------------------------------------------------------------------------------
                                  0.000000    0.000000   clock clk_i (rise edge)
                                  0.000000    0.000000   clock source latency
     1    0.032062    0.000000    0.000000    0.000000 ^ clk_i (in)
                                                         clk_i (net)
                      0.004516    0.002258    0.002258 ^ clkbuf_0_clk_i/A (sg13g2_buf_16)
    16    0.181972    0.058543    0.076554    0.078812 ^ clkbuf_0_clk_i/X (sg13g2_buf_16)
                                                         clknet_0_clk_i (net)
                      0.062373    0.011497    0.090308 ^ clkbuf_4_2_0_clk_i/A (sg13g2_buf_8)
     7    0.031935    0.030297    0.088842    0.179150 ^ clkbuf_4_2_0_clk_i/X (sg13g2_buf_8)
                                                         clknet_4_2_0_clk_i (net)
                      0.030326    0.001574    0.180724 ^ _1097_/CLK (sg13g2_dfrbpq_1)
     3    0.040371    0.129213    0.249383    0.430107 v _1097_/Q (sg13g2_dfrbpq_1)
                                                         net104 (net)
                      0.129703    0.006087    0.436194 v output104/A (sg13g2_buf_1)
     1    0.054098    0.171610    0.217058    0.653253 v output104/X (sg13g2_buf_1)
                                                         gpio_dir[4] (net)
                      0.171780    0.003881    0.657134 v gpio_dir[4] (out)
                                              0.657134   data arrival time

                                  0.000000    0.000000   clock clk_i (rise edge)
                                  0.000000    0.000000   clock network delay (propagated)
                                  0.100000    0.100000   clock uncertainty
                                  0.000000    0.100000   clock reconvergence pessimism
                                  0.000000    0.100000   output external delay
                                              0.100000   data required time
---------------------------------------------------------------------------------------------
                                              0.100000   data required time
                                             -0.657134   data arrival time
---------------------------------------------------------------------------------------------
                                              0.557134   slack (MET)


Startpoint: s_axil_awaddr[3] (input port clocked by clk_i)
Endpoint: _1079_ (rising edge-triggered flip-flop clocked by clk_i)
Path Group: clk_i
Path Type: min

Fanout         Cap        Slew       Delay        Time   Description
---------------------------------------------------------------------------------------------
                                  0.000000    0.000000   clock clk_i (rise edge)
                                  0.000000    0.000000   clock network delay (propagated)
                                  0.000000    0.000000 ^ input external delay
     1    0.003617    0.020799    0.003020    0.003020 ^ s_axil_awaddr[3] (in)
                                                         s_axil_awaddr[3] (net)
                      0.020799    0.000000    0.003020 ^ input38/A (sg13g2_buf_1)
     2    0.024823    0.107399    0.118627    0.121646 ^ input38/X (sg13g2_buf_1)
                                                         net38 (net)
                      0.107518    0.002922    0.124568 ^ _0900_/A (sg13g2_nor3_1)
     8    0.036671    0.118104    0.159378    0.283946 v _0900_/Y (sg13g2_nor3_1)
                                                         _0374_ (net)
                      0.118171    0.002364    0.286310 v _0909_/A2 (sg13g2_a21oi_1)
     1    0.005946    0.064614    0.118527    0.404838 ^ _0909_/Y (sg13g2_a21oi_1)
                                                         _0381_ (net)
                      0.064616    0.000420    0.405257 ^ _0912_/A (sg13g2_nor2_1)
     1    0.002521    0.020606    0.044934    0.450191 v _0912_/Y (sg13g2_nor2_1)
                                                         _0078_ (net)
                      0.020607    0.000193    0.450384 v hold441/A (sg13g2_dlygate4sd3_1)
     1    0.002591    0.035839    0.365560    0.815944 v hold441/X (sg13g2_dlygate4sd3_1)
                                                         net441 (net)
                      0.035839    0.000179    0.816123 v _1079_/D (sg13g2_dfrbpq_1)
                                              0.816123   data arrival time

                                  0.000000    0.000000   clock clk_i (rise edge)
                                  0.000000    0.000000   clock source latency
     1    0.034735    0.000000    0.000000    0.000000 ^ clk_i (in)
                                                         clk_i (net)
                      0.005104    0.002552    0.002552 ^ clkbuf_0_clk_i/A (sg13g2_buf_16)
    16    0.202468    0.063847    0.079427    0.081979 ^ clkbuf_0_clk_i/X (sg13g2_buf_16)
                                                         clknet_0_clk_i (net)
                      0.068916    0.013780    0.095760 ^ clkbuf_4_4_0_clk_i/A (sg13g2_buf_8)
     7    0.041666    0.034764    0.095590    0.191349 ^ clkbuf_4_4_0_clk_i/X (sg13g2_buf_8)
                                                         clknet_4_4_0_clk_i (net)
                      0.034877    0.001336    0.192685 ^ _1079_/CLK (sg13g2_dfrbpq_1)
                                  0.100000    0.292685   clock uncertainty
                                  0.000000    0.292685   clock reconvergence pessimism
                                 -0.036305    0.256381   library hold time
                                              0.256381   data required time
---------------------------------------------------------------------------------------------
                                              0.256381   data required time
                                             -0.816123   data arrival time
---------------------------------------------------------------------------------------------
                                              0.559743   slack (MET)


Startpoint: s_axil_awaddr[3] (input port clocked by clk_i)
Endpoint: _1078_ (rising edge-triggered flip-flop clocked by clk_i)
Path Group: clk_i
Path Type: min

Fanout         Cap        Slew       Delay        Time   Description
---------------------------------------------------------------------------------------------
                                  0.000000    0.000000   clock clk_i (rise edge)
                                  0.000000    0.000000   clock network delay (propagated)
                                  0.000000    0.000000 ^ input external delay
     1    0.003617    0.020799    0.003020    0.003020 ^ s_axil_awaddr[3] (in)
                                                         s_axil_awaddr[3] (net)
                      0.020799    0.000000    0.003020 ^ input38/A (sg13g2_buf_1)
     2    0.024823    0.107399    0.118627    0.121646 ^ input38/X (sg13g2_buf_1)
                                                         net38 (net)
                      0.107518    0.002922    0.124568 ^ _0900_/A (sg13g2_nor3_1)
     8    0.036671    0.118104    0.159378    0.283946 v _0900_/Y (sg13g2_nor3_1)
                                                         _0374_ (net)
                      0.118230    0.003210    0.287156 v _0905_/A2 (sg13g2_a21oi_1)
     1    0.005954    0.062632    0.118614    0.405771 ^ _0905_/Y (sg13g2_a21oi_1)
                                                         _0378_ (net)
                      0.062634    0.000372    0.406143 ^ _0908_/A (sg13g2_nor2_1)
     1    0.004044    0.024936    0.048494    0.454637 v _0908_/Y (sg13g2_nor2_1)
                                                         _0077_ (net)
                      0.024936    0.000233    0.454870 v hold434/A (sg13g2_dlygate4sd3_1)
     1    0.001969    0.034116    0.365803    0.820673 v hold434/X (sg13g2_dlygate4sd3_1)
                                                         net434 (net)
                      0.034116    0.000076    0.820748 v _1078_/D (sg13g2_dfrbpq_1)
                                              0.820748   data arrival time

                                  0.000000    0.000000   clock clk_i (rise edge)
                                  0.000000    0.000000   clock source latency
     1    0.034735    0.000000    0.000000    0.000000 ^ clk_i (in)
                                                         clk_i (net)
                      0.005104    0.002552    0.002552 ^ clkbuf_0_clk_i/A (sg13g2_buf_16)
    16    0.202468    0.063847    0.079427    0.081979 ^ clkbuf_0_clk_i/X (sg13g2_buf_16)
                                                         clknet_0_clk_i (net)
                      0.068916    0.013780    0.095760 ^ clkbuf_4_4_0_clk_i/A (sg13g2_buf_8)
     7    0.041666    0.034764    0.095590    0.191349 ^ clkbuf_4_4_0_clk_i/X (sg13g2_buf_8)
                                                         clknet_4_4_0_clk_i (net)
                      0.034938    0.001785    0.193134 ^ _1078_/CLK (sg13g2_dfrbpq_1)
                                  0.100000    0.293134   clock uncertainty
                                  0.000000    0.293134   clock reconvergence pessimism
                                 -0.035746    0.257389   library hold time
                                              0.257389   data required time
---------------------------------------------------------------------------------------------
                                              0.257389   data required time
                                             -0.820748   data arrival time
---------------------------------------------------------------------------------------------
                                              0.563359   slack (MET)


Startpoint: _1035_ (rising edge-triggered flip-flop clocked by clk_i)
Endpoint: s_axil_wready (output port clocked by clk_i)
Path Group: clk_i
Path Type: min

Fanout         Cap        Slew       Delay        Time   Description
---------------------------------------------------------------------------------------------
                                  0.000000    0.000000   clock clk_i (rise edge)
                                  0.000000    0.000000   clock source latency
     1    0.032062    0.000000    0.000000    0.000000 ^ clk_i (in)
                                                         clk_i (net)
                      0.004516    0.002258    0.002258 ^ clkbuf_0_clk_i/A (sg13g2_buf_16)
    16    0.181972    0.058543    0.076554    0.078812 ^ clkbuf_0_clk_i/X (sg13g2_buf_16)
                                                         clknet_0_clk_i (net)
                      0.062973    0.012347    0.091159 ^ clkbuf_4_1_0_clk_i/A (sg13g2_buf_8)
     7    0.030513    0.029719    0.088663    0.179822 ^ clkbuf_4_1_0_clk_i/X (sg13g2_buf_8)
                                                         clknet_4_1_0_clk_i (net)
                      0.029728    0.000847    0.180669 ^ _1035_/CLK (sg13g2_dfrbpq_1)
     5    0.029226    0.095181    0.225884    0.406552 v _1035_/Q (sg13g2_dfrbpq_1)
                                                         net143 (net)
                      0.095277    0.002704    0.409256 v _1207_/A (sg13g2_buf_1)
     1    0.003161    0.022685    0.090335    0.499591 v _1207_/X (sg13g2_buf_1)
                                                         net178 (net)
                      0.022685    0.000222    0.499813 v output178/A (sg13g2_buf_1)
     1    0.054810    0.173354    0.176765    0.676578 v output178/X (sg13g2_buf_1)
                                                         s_axil_wready (net)
                      0.173497    0.004170    0.680748 v s_axil_wready (out)
                                              0.680748   data arrival time

                                  0.000000    0.000000   clock clk_i (rise edge)
                                  0.000000    0.000000   clock network delay (propagated)
                                  0.100000    0.100000   clock uncertainty
                                  0.000000    0.100000   clock reconvergence pessimism
                                  0.000000    0.100000   output external delay
                                              0.100000   data required time
---------------------------------------------------------------------------------------------
                                              0.100000   data required time
                                             -0.680748   data arrival time
---------------------------------------------------------------------------------------------
                                              0.580748   slack (MET)


Startpoint: s_axil_arvalid (input port clocked by clk_i)
Endpoint: _1008_ (rising edge-triggered flip-flop clocked by clk_i)
Path Group: clk_i
Path Type: min

Fanout         Cap        Slew       Delay        Time   Description
---------------------------------------------------------------------------------------------
                                  0.000000    0.000000   clock clk_i (rise edge)
                                  0.000000    0.000000   clock network delay (propagated)
                                  0.000000    0.000000 v input external delay
     1    0.002642    0.016941    0.001921    0.001921 v s_axil_arvalid (in)
                                                         s_axil_arvalid (net)
                      0.016941    0.000000    0.001921 v input36/A (sg13g2_buf_1)
     2    0.009305    0.037524    0.072224    0.074144 v input36/X (sg13g2_buf_1)
                                                         net36 (net)
                      0.037532    0.000536    0.074680 v _0592_/B (sg13g2_nand2b_1)
     2    0.019300    0.088186    0.087685    0.162365 ^ _0592_/Y (sg13g2_nand2b_1)
                                                         _0142_ (net)
                      0.088268    0.001689    0.164053 ^ fanout202/A (sg13g2_buf_1)
     7    0.030528    0.130057    0.164377    0.328430 ^ fanout202/X (sg13g2_buf_1)
                                                         net202 (net)
                      0.130107    0.002104    0.330534 ^ _0622_/B1 (sg13g2_a21oi_1)
     1    0.003308    0.037838    0.056950    0.387484 v _0622_/Y (sg13g2_a21oi_1)
                                                         _0165_ (net)
                      0.037839    0.000131    0.387615 v _0625_/A1 (sg13g2_a21oi_1)
     1    0.002783    0.037370    0.063831    0.451446 ^ _0625_/Y (sg13g2_a21oi_1)
                                                         _0007_ (net)
                      0.037370    0.000175    0.451621 ^ hold391/A (sg13g2_dlygate4sd3_1)
     1    0.001824    0.030444    0.357683    0.809304 ^ hold391/X (sg13g2_dlygate4sd3_1)
                                                         net391 (net)
                      0.030444    0.000068    0.809373 ^ _1008_/D (sg13g2_dfrbpq_1)
                                              0.809373   data arrival time

                                  0.000000    0.000000   clock clk_i (rise edge)
                                  0.000000    0.000000   clock source latency
     1    0.034735    0.000000    0.000000    0.000000 ^ clk_i (in)
                                                         clk_i (net)
                      0.005104    0.002552    0.002552 ^ clkbuf_0_clk_i/A (sg13g2_buf_16)
    16    0.202468    0.063847    0.079427    0.081979 ^ clkbuf_0_clk_i/X (sg13g2_buf_16)
                                                         clknet_0_clk_i (net)
                      0.067751    0.012150    0.094130 ^ clkbuf_4_11_0_clk_i/A (sg13g2_buf_8)
     7    0.036418    0.032493    0.093317    0.187447 ^ clkbuf_4_11_0_clk_i/X (sg13g2_buf_8)
                                                         clknet_4_11_0_clk_i (net)
                      0.032506    0.001149    0.188596 ^ _1008_/CLK (sg13g2_dfrbpq_1)
                                  0.100000    0.288596   clock uncertainty
                                  0.000000    0.288596   clock reconvergence pessimism
                                 -0.060421    0.228175   library hold time
                                              0.228175   data required time
---------------------------------------------------------------------------------------------
                                              0.228175   data required time
                                             -0.809373   data arrival time
---------------------------------------------------------------------------------------------
                                              0.581197   slack (MET)


Startpoint: _1095_ (rising edge-triggered flip-flop clocked by clk_i)
Endpoint: gpio_dir[2] (output port clocked by clk_i)
Path Group: clk_i
Path Type: min

Fanout         Cap        Slew       Delay        Time   Description
---------------------------------------------------------------------------------------------
                                  0.000000    0.000000   clock clk_i (rise edge)
                                  0.000000    0.000000   clock source latency
     1    0.032062    0.000000    0.000000    0.000000 ^ clk_i (in)
                                                         clk_i (net)
                      0.004516    0.002258    0.002258 ^ clkbuf_0_clk_i/A (sg13g2_buf_16)
    16    0.181972    0.058543    0.076554    0.078812 ^ clkbuf_0_clk_i/X (sg13g2_buf_16)
                                                         clknet_0_clk_i (net)
                      0.063259    0.012734    0.091546 ^ clkbuf_4_0_0_clk_i/A (sg13g2_buf_8)
     7    0.039163    0.033476    0.092118    0.183664 ^ clkbuf_4_0_0_clk_i/X (sg13g2_buf_8)
                                                         clknet_4_0_0_clk_i (net)
                      0.033551    0.001547    0.185211 ^ _1095_/CLK (sg13g2_dfrbpq_1)
     3    0.047863    0.152049    0.266703    0.451914 v _1095_/Q (sg13g2_dfrbpq_1)
                                                         net100 (net)
                      0.152502    0.006454    0.458368 v output100/A (sg13g2_buf_1)
     1    0.052734    0.167676    0.220512    0.678879 v output100/X (sg13g2_buf_1)
                                                         gpio_dir[2] (net)
                      0.167835    0.003677    0.682556 v gpio_dir[2] (out)
                                              0.682556   data arrival time

                                  0.000000    0.000000   clock clk_i (rise edge)
                                  0.000000    0.000000   clock network delay (propagated)
                                  0.100000    0.100000   clock uncertainty
                                  0.000000    0.100000   clock reconvergence pessimism
                                  0.000000    0.100000   output external delay
                                              0.100000   data required time
---------------------------------------------------------------------------------------------
                                              0.100000   data required time
                                             -0.682556   data arrival time
---------------------------------------------------------------------------------------------
                                              0.582556   slack (MET)


Startpoint: s_axil_arvalid (input port clocked by clk_i)
Endpoint: _1011_ (rising edge-triggered flip-flop clocked by clk_i)
Path Group: clk_i
Path Type: min

Fanout         Cap        Slew       Delay        Time   Description
---------------------------------------------------------------------------------------------
                                  0.000000    0.000000   clock clk_i (rise edge)
                                  0.000000    0.000000   clock network delay (propagated)
                                  0.000000    0.000000 v input external delay
     1    0.002642    0.016941    0.001921    0.001921 v s_axil_arvalid (in)
                                                         s_axil_arvalid (net)
                      0.016941    0.000000    0.001921 v input36/A (sg13g2_buf_1)
     2    0.009305    0.037524    0.072224    0.074144 v input36/X (sg13g2_buf_1)
                                                         net36 (net)
                      0.037532    0.000536    0.074680 v _0592_/B (sg13g2_nand2b_1)
     2    0.019300    0.088186    0.087685    0.162365 ^ _0592_/Y (sg13g2_nand2b_1)
                                                         _0142_ (net)
                      0.088268    0.001689    0.164053 ^ fanout202/A (sg13g2_buf_1)
     7    0.030528    0.130057    0.164377    0.328430 ^ fanout202/X (sg13g2_buf_1)
                                                         net202 (net)
                      0.130077    0.001363    0.329793 ^ _0634_/B1 (sg13g2_a21oi_1)
     1    0.004186    0.040120    0.060297    0.390090 v _0634_/Y (sg13g2_a21oi_1)
                                                         _0174_ (net)
                      0.040121    0.000279    0.390369 v _0637_/A1 (sg13g2_a21oi_1)
     1    0.002731    0.036898    0.064295    0.454664 ^ _0637_/Y (sg13g2_a21oi_1)
                                                         _0010_ (net)
                      0.036898    0.000170    0.454834 ^ hold416/A (sg13g2_dlygate4sd3_1)
     1    0.001853    0.030545    0.357536    0.812371 ^ hold416/X (sg13g2_dlygate4sd3_1)
                                                         net416 (net)
                      0.030545    0.000067    0.812438 ^ _1011_/D (sg13g2_dfrbpq_1)
                                              0.812438   data arrival time

                                  0.000000    0.000000   clock clk_i (rise edge)
                                  0.000000    0.000000   clock source latency
     1    0.034735    0.000000    0.000000    0.000000 ^ clk_i (in)
                                                         clk_i (net)
                      0.005104    0.002552    0.002552 ^ clkbuf_0_clk_i/A (sg13g2_buf_16)
    16    0.202468    0.063847    0.079427    0.081979 ^ clkbuf_0_clk_i/X (sg13g2_buf_16)
                                                         clknet_0_clk_i (net)
                      0.067751    0.012150    0.094130 ^ clkbuf_4_11_0_clk_i/A (sg13g2_buf_8)
     7    0.036418    0.032493    0.093317    0.187447 ^ clkbuf_4_11_0_clk_i/X (sg13g2_buf_8)
                                                         clknet_4_11_0_clk_i (net)
                      0.032501    0.000879    0.188326 ^ _1011_/CLK (sg13g2_dfrbpq_1)
                                  0.100000    0.288326   clock uncertainty
                                  0.000000    0.288326   clock reconvergence pessimism
                                 -0.060449    0.227877   library hold time
                                              0.227877   data required time
---------------------------------------------------------------------------------------------
                                              0.227877   data required time
                                             -0.812438   data arrival time
---------------------------------------------------------------------------------------------
                                              0.584561   slack (MET)


Startpoint: _1033_ (rising edge-triggered flip-flop clocked by clk_i)
Endpoint: _1033_ (rising edge-triggered flip-flop clocked by clk_i)
Path Group: clk_i
Path Type: min

Fanout         Cap        Slew       Delay        Time   Description
---------------------------------------------------------------------------------------------
                                  0.000000    0.000000   clock clk_i (rise edge)
                                  0.000000    0.000000   clock source latency
     1    0.032062    0.000000    0.000000    0.000000 ^ clk_i (in)
                                                         clk_i (net)
                      0.004516    0.002258    0.002258 ^ clkbuf_0_clk_i/A (sg13g2_buf_16)
    16    0.181972    0.058543    0.076554    0.078812 ^ clkbuf_0_clk_i/X (sg13g2_buf_16)
                                                         clknet_0_clk_i (net)
                      0.065182    0.015124    0.093935 ^ clkbuf_4_15_0_clk_i/A (sg13g2_buf_8)
     7    0.029341    0.029316    0.089302    0.183238 ^ clkbuf_4_15_0_clk_i/X (sg13g2_buf_8)
                                                         clknet_4_15_0_clk_i (net)
                      0.029340    0.001420    0.184658 ^ _1033_/CLK (sg13g2_dfrbpq_1)
     2    0.006314    0.028697    0.172237    0.356895 v _1033_/Q (sg13g2_dfrbpq_1)
                                                         net169 (net)
                      0.028697    0.000387    0.357282 v _0724_/A1 (sg13g2_o21ai_1)
     1    0.002984    0.037866    0.084429    0.441711 ^ _0724_/Y (sg13g2_o21ai_1)
                                                         _0242_ (net)
                      0.037867    0.000213    0.441924 ^ _0725_/B1 (sg13g2_a21oi_1)
     1    0.002196    0.018444    0.030114    0.472038 v _0725_/Y (sg13g2_a21oi_1)
                                                         _0032_ (net)
                      0.018444    0.000151    0.472189 v hold418/A (sg13g2_dlygate4sd3_1)
     1    0.002357    0.035186    0.363562    0.835751 v hold418/X (sg13g2_dlygate4sd3_1)
                                                         net418 (net)
                      0.035186    0.000087    0.835838 v _1033_/D (sg13g2_dfrbpq_1)
                                              0.835838   data arrival time

                                  0.000000    0.000000   clock clk_i (rise edge)
                                  0.000000    0.000000   clock source latency
     1    0.034735    0.000000    0.000000    0.000000 ^ clk_i (in)
                                                         clk_i (net)
                      0.005104    0.002552    0.002552 ^ clkbuf_0_clk_i/A (sg13g2_buf_16)
    16    0.202468    0.063847    0.079427    0.081979 ^ clkbuf_0_clk_i/X (sg13g2_buf_16)
                                                         clknet_0_clk_i (net)
                      0.071415    0.016812    0.098791 ^ clkbuf_4_15_0_clk_i/A (sg13g2_buf_8)
     7    0.032715    0.031045    0.093607    0.192398 ^ clkbuf_4_15_0_clk_i/X (sg13g2_buf_8)
                                                         clknet_4_15_0_clk_i (net)
                      0.031084    0.001576    0.193974 ^ _1033_/CLK (sg13g2_dfrbpq_1)
                                  0.100000    0.293974   clock uncertainty
                                 -0.009316    0.284658   clock reconvergence pessimism
                                 -0.036888    0.247771   library hold time
                                              0.247771   data required time
---------------------------------------------------------------------------------------------
                                              0.247771   data required time
                                             -0.835838   data arrival time
---------------------------------------------------------------------------------------------
                                              0.588068   slack (MET)


Startpoint: s_axil_arvalid (input port clocked by clk_i)
Endpoint: _1010_ (rising edge-triggered flip-flop clocked by clk_i)
Path Group: clk_i
Path Type: min

Fanout         Cap        Slew       Delay        Time   Description
---------------------------------------------------------------------------------------------
                                  0.000000    0.000000   clock clk_i (rise edge)
                                  0.000000    0.000000   clock network delay (propagated)
                                  0.000000    0.000000 v input external delay
     1    0.002642    0.016941    0.001921    0.001921 v s_axil_arvalid (in)
                                                         s_axil_arvalid (net)
                      0.016941    0.000000    0.001921 v input36/A (sg13g2_buf_1)
     2    0.009305    0.037524    0.072224    0.074144 v input36/X (sg13g2_buf_1)
                                                         net36 (net)
                      0.037532    0.000536    0.074680 v _0592_/B (sg13g2_nand2b_1)
     2    0.019300    0.088186    0.087685    0.162365 ^ _0592_/Y (sg13g2_nand2b_1)
                                                         _0142_ (net)
                      0.088268    0.001689    0.164053 ^ fanout202/A (sg13g2_buf_1)
     7    0.030528    0.130057    0.164377    0.328430 ^ fanout202/X (sg13g2_buf_1)
                                                         net202 (net)
                      0.130082    0.001508    0.329938 ^ _0630_/B1 (sg13g2_a21oi_1)
     1    0.005526    0.043645    0.065443    0.395381 v _0630_/Y (sg13g2_a21oi_1)
                                                         _0171_ (net)
                      0.043648    0.000349    0.395730 v _0633_/A1 (sg13g2_a21oi_1)
     1    0.002400    0.034577    0.063509    0.459239 ^ _0633_/Y (sg13g2_a21oi_1)
                                                         _0009_ (net)
                      0.034577    0.000153    0.459392 ^ hold403/A (sg13g2_dlygate4sd3_1)
     1    0.001944    0.030871    0.356645    0.816037 ^ hold403/X (sg13g2_dlygate4sd3_1)
                                                         net403 (net)
                      0.030871    0.000073    0.816110 ^ _1010_/D (sg13g2_dfrbpq_1)
                                              0.816110   data arrival time

                                  0.000000    0.000000   clock clk_i (rise edge)
                                  0.000000    0.000000   clock source latency
     1    0.034735    0.000000    0.000000    0.000000 ^ clk_i (in)
                                                         clk_i (net)
                      0.005104    0.002552    0.002552 ^ clkbuf_0_clk_i/A (sg13g2_buf_16)
    16    0.202468    0.063847    0.079427    0.081979 ^ clkbuf_0_clk_i/X (sg13g2_buf_16)
                                                         clknet_0_clk_i (net)
                      0.067751    0.012150    0.094130 ^ clkbuf_4_11_0_clk_i/A (sg13g2_buf_8)
     7    0.036418    0.032493    0.093317    0.187447 ^ clkbuf_4_11_0_clk_i/X (sg13g2_buf_8)
                                                         clknet_4_11_0_clk_i (net)
                      0.032495    0.000419    0.187866 ^ _1010_/CLK (sg13g2_dfrbpq_1)
                                  0.100000    0.287866   clock uncertainty
                                  0.000000    0.287866   clock reconvergence pessimism
                                 -0.060538    0.227327   library hold time
                                              0.227327   data required time
---------------------------------------------------------------------------------------------
                                              0.227327   data required time
                                             -0.816110   data arrival time
---------------------------------------------------------------------------------------------
                                              0.588782   slack (MET)


Startpoint: _1029_ (rising edge-triggered flip-flop clocked by clk_i)
Endpoint: _1029_ (rising edge-triggered flip-flop clocked by clk_i)
Path Group: clk_i
Path Type: min

Fanout         Cap        Slew       Delay        Time   Description
---------------------------------------------------------------------------------------------
                                  0.000000    0.000000   clock clk_i (rise edge)
                                  0.000000    0.000000   clock source latency
     1    0.032062    0.000000    0.000000    0.000000 ^ clk_i (in)
                                                         clk_i (net)
                      0.004516    0.002258    0.002258 ^ clkbuf_0_clk_i/A (sg13g2_buf_16)
    16    0.181972    0.058543    0.076554    0.078812 ^ clkbuf_0_clk_i/X (sg13g2_buf_16)
                                                         clknet_0_clk_i (net)
                      0.065182    0.015124    0.093935 ^ clkbuf_4_15_0_clk_i/A (sg13g2_buf_8)
     7    0.029341    0.029316    0.089302    0.183238 ^ clkbuf_4_15_0_clk_i/X (sg13g2_buf_8)
                                                         clknet_4_15_0_clk_i (net)
                      0.029339    0.001407    0.184645 ^ _1029_/CLK (sg13g2_dfrbpq_1)
     2    0.008172    0.033998    0.176689    0.361334 v _1029_/Q (sg13g2_dfrbpq_1)
                                                         net164 (net)
                      0.034006    0.000495    0.361829 v _0708_/A1 (sg13g2_o21ai_1)
     1    0.003836    0.041257    0.092358    0.454188 ^ _0708_/Y (sg13g2_o21ai_1)
                                                         _0230_ (net)
                      0.041258    0.000272    0.454459 ^ _0709_/B1 (sg13g2_a21oi_1)
     1    0.002409    0.019660    0.031654    0.486113 v _0709_/Y (sg13g2_a21oi_1)
                                                         _0028_ (net)
                      0.019660    0.000171    0.486284 v hold423/A (sg13g2_dlygate4sd3_1)
     1    0.002560    0.035750    0.364944    0.851228 v hold423/X (sg13g2_dlygate4sd3_1)
                                                         net423 (net)
                      0.035750    0.000093    0.851321 v _1029_/D (sg13g2_dfrbpq_1)
                                              0.851321   data arrival time

                                  0.000000    0.000000   clock clk_i (rise edge)
                                  0.000000    0.000000   clock source latency
     1    0.034735    0.000000    0.000000    0.000000 ^ clk_i (in)
                                                         clk_i (net)
                      0.005104    0.002552    0.002552 ^ clkbuf_0_clk_i/A (sg13g2_buf_16)
    16    0.202468    0.063847    0.079427    0.081979 ^ clkbuf_0_clk_i/X (sg13g2_buf_16)
                                                         clknet_0_clk_i (net)
                      0.071415    0.016812    0.098791 ^ clkbuf_4_15_0_clk_i/A (sg13g2_buf_8)
     7    0.032715    0.031045    0.093607    0.192398 ^ clkbuf_4_15_0_clk_i/X (sg13g2_buf_8)
                                                         clknet_4_15_0_clk_i (net)
                      0.031083    0.001562    0.193960 ^ _1029_/CLK (sg13g2_dfrbpq_1)
                                  0.100000    0.293960   clock uncertainty
                                 -0.009315    0.284645   clock reconvergence pessimism
                                 -0.037067    0.247579   library hold time
                                              0.247579   data required time
---------------------------------------------------------------------------------------------
                                              0.247579   data required time
                                             -0.851321   data arrival time
---------------------------------------------------------------------------------------------
                                              0.603742   slack (MET)


Startpoint: s_axil_arvalid (input port clocked by clk_i)
Endpoint: _1014_ (rising edge-triggered flip-flop clocked by clk_i)
Path Group: clk_i
Path Type: min

Fanout         Cap        Slew       Delay        Time   Description
---------------------------------------------------------------------------------------------
                                  0.000000    0.000000   clock clk_i (rise edge)
                                  0.000000    0.000000   clock network delay (propagated)
                                  0.000000    0.000000 v input external delay
     1    0.002642    0.016941    0.001921    0.001921 v s_axil_arvalid (in)
                                                         s_axil_arvalid (net)
                      0.016941    0.000000    0.001921 v input36/A (sg13g2_buf_1)
     2    0.009305    0.037524    0.072224    0.074144 v input36/X (sg13g2_buf_1)
                                                         net36 (net)
                      0.037530    0.000487    0.074631 v _0591_/B_N (sg13g2_nor2b_1)
     2    0.020510    0.074577    0.113475    0.188106 v _0591_/Y (sg13g2_nor2b_1)
                                                         _0141_ (net)
                      0.074648    0.001532    0.189638 v fanout206/A (sg13g2_buf_1)
     7    0.039845    0.128126    0.167550    0.357188 v fanout206/X (sg13g2_buf_1)
                                                         net206 (net)
                      0.128285    0.003253    0.360442 v _0648_/A2 (sg13g2_o21ai_1)
     1    0.003539    0.048972    0.115558    0.475999 ^ _0648_/Y (sg13g2_o21ai_1)
                                                         _0185_ (net)
                      0.048972    0.000236    0.476235 ^ _0649_/B1 (sg13g2_a21oi_1)
     1    0.002037    0.020159    0.032914    0.509149 v _0649_/Y (sg13g2_a21oi_1)
                                                         _0013_ (net)
                      0.020159    0.000076    0.509225 v hold382/A (sg13g2_dlygate4sd3_1)
     1    0.001916    0.033964    0.362977    0.872202 v hold382/X (sg13g2_dlygate4sd3_1)
                                                         net382 (net)
                      0.033964    0.000071    0.872273 v _1014_/D (sg13g2_dfrbpq_1)
                                              0.872273   data arrival time

                                  0.000000    0.000000   clock clk_i (rise edge)
                                  0.000000    0.000000   clock source latency
     1    0.034735    0.000000    0.000000    0.000000 ^ clk_i (in)
                                                         clk_i (net)
                      0.005104    0.002552    0.002552 ^ clkbuf_0_clk_i/A (sg13g2_buf_16)
    16    0.202468    0.063847    0.079427    0.081979 ^ clkbuf_0_clk_i/X (sg13g2_buf_16)
                                                         clknet_0_clk_i (net)
                      0.067751    0.012150    0.094130 ^ clkbuf_4_11_0_clk_i/A (sg13g2_buf_8)
     7    0.036418    0.032493    0.093317    0.187447 ^ clkbuf_4_11_0_clk_i/X (sg13g2_buf_8)
                                                         clknet_4_11_0_clk_i (net)
                      0.032512    0.001279    0.188726 ^ _1014_/CLK (sg13g2_dfrbpq_1)
                                  0.100000    0.288726   clock uncertainty
                                  0.000000    0.288726   clock reconvergence pessimism
                                 -0.036203    0.252524   library hold time
                                              0.252524   data required time
---------------------------------------------------------------------------------------------
                                              0.252524   data required time
                                             -0.872273   data arrival time
---------------------------------------------------------------------------------------------
                                              0.619749   slack (MET)


Startpoint: s_axil_arvalid (input port clocked by clk_i)
Endpoint: _1016_ (rising edge-triggered flip-flop clocked by clk_i)
Path Group: clk_i
Path Type: min

Fanout         Cap        Slew       Delay        Time   Description
---------------------------------------------------------------------------------------------
                                  0.000000    0.000000   clock clk_i (rise edge)
                                  0.000000    0.000000   clock network delay (propagated)
                                  0.000000    0.000000 v input external delay
     1    0.002642    0.016941    0.001921    0.001921 v s_axil_arvalid (in)
                                                         s_axil_arvalid (net)
                      0.016941    0.000000    0.001921 v input36/A (sg13g2_buf_1)
     2    0.009305    0.037524    0.072224    0.074144 v input36/X (sg13g2_buf_1)
                                                         net36 (net)
                      0.037530    0.000487    0.074631 v _0591_/B_N (sg13g2_nor2b_1)
     2    0.020510    0.074577    0.113475    0.188106 v _0591_/Y (sg13g2_nor2b_1)
                                                         _0141_ (net)
                      0.074648    0.001532    0.189638 v fanout206/A (sg13g2_buf_1)
     7    0.039845    0.128126    0.167550    0.357188 v fanout206/X (sg13g2_buf_1)
                                                         net206 (net)
                      0.128250    0.002751    0.359939 v _0656_/A2 (sg13g2_o21ai_1)
     1    0.003490    0.038467    0.115174    0.475113 ^ _0656_/Y (sg13g2_o21ai_1)
                                                         _0191_ (net)
                      0.038468    0.000236    0.475349 ^ _0657_/B1 (sg13g2_a21oi_1)
     1    0.002479    0.019311    0.031023    0.506373 v _0657_/Y (sg13g2_a21oi_1)
                                                         _0015_ (net)
                      0.019311    0.000158    0.506531 v hold401/A (sg13g2_dlygate4sd3_1)
     1    0.002085    0.034425    0.363096    0.869627 v hold401/X (sg13g2_dlygate4sd3_1)
                                                         net401 (net)
                      0.034425    0.000081    0.869707 v _1016_/D (sg13g2_dfrbpq_1)
                                              0.869707   data arrival time

                                  0.000000    0.000000   clock clk_i (rise edge)
                                  0.000000    0.000000   clock source latency
     1    0.034735    0.000000    0.000000    0.000000 ^ clk_i (in)
                                                         clk_i (net)
                      0.005104    0.002552    0.002552 ^ clkbuf_0_clk_i/A (sg13g2_buf_16)
    16    0.202468    0.063847    0.079427    0.081979 ^ clkbuf_0_clk_i/X (sg13g2_buf_16)
                                                         clknet_0_clk_i (net)
                      0.067188    0.011286    0.093265 ^ clkbuf_4_9_0_clk_i/A (sg13g2_buf_8)
     7    0.033408    0.031162    0.091876    0.185141 ^ clkbuf_4_9_0_clk_i/X (sg13g2_buf_8)
                                                         clknet_4_9_0_clk_i (net)
                      0.031174    0.000900    0.186041 ^ _1016_/CLK (sg13g2_dfrbpq_1)
                                  0.100000    0.286041   clock uncertainty
                                  0.000000    0.286041   clock reconvergence pessimism
                                 -0.036627    0.249413   library hold time
                                              0.249413   data required time
---------------------------------------------------------------------------------------------
                                              0.249413   data required time
                                             -0.869707   data arrival time
---------------------------------------------------------------------------------------------
                                              0.620294   slack (MET)


Startpoint: s_axil_arvalid (input port clocked by clk_i)
Endpoint: _1015_ (rising edge-triggered flip-flop clocked by clk_i)
Path Group: clk_i
Path Type: min

Fanout         Cap        Slew       Delay        Time   Description
---------------------------------------------------------------------------------------------
                                  0.000000    0.000000   clock clk_i (rise edge)
                                  0.000000    0.000000   clock network delay (propagated)
                                  0.000000    0.000000 v input external delay
     1    0.002642    0.016941    0.001921    0.001921 v s_axil_arvalid (in)
                                                         s_axil_arvalid (net)
                      0.016941    0.000000    0.001921 v input36/A (sg13g2_buf_1)
     2    0.009305    0.037524    0.072224    0.074144 v input36/X (sg13g2_buf_1)
                                                         net36 (net)
                      0.037530    0.000487    0.074631 v _0591_/B_N (sg13g2_nor2b_1)
     2    0.020510    0.074577    0.113475    0.188106 v _0591_/Y (sg13g2_nor2b_1)
                                                         _0141_ (net)
                      0.074648    0.001532    0.189638 v fanout206/A (sg13g2_buf_1)
     7    0.039845    0.128126    0.167550    0.357188 v fanout206/X (sg13g2_buf_1)
                                                         net206 (net)
                      0.128237    0.002534    0.359722 v _0652_/A2 (sg13g2_o21ai_1)
     1    0.004188    0.041284    0.120455    0.480177 ^ _0652_/Y (sg13g2_o21ai_1)
                                                         _0188_ (net)
                      0.041285    0.000264    0.480441 ^ _0653_/B1 (sg13g2_a21oi_1)
     1    0.002630    0.020247    0.032248    0.512689 v _0653_/Y (sg13g2_a21oi_1)
                                                         _0014_ (net)
                      0.020248    0.000165    0.512854 v hold393/A (sg13g2_dlygate4sd3_1)
     1    0.001979    0.034145    0.363246    0.876100 v hold393/X (sg13g2_dlygate4sd3_1)
                                                         net393 (net)
                      0.034145    0.000075    0.876175 v _1015_/D (sg13g2_dfrbpq_1)
                                              0.876175   data arrival time

                                  0.000000    0.000000   clock clk_i (rise edge)
                                  0.000000    0.000000   clock source latency
     1    0.034735    0.000000    0.000000    0.000000 ^ clk_i (in)
                                                         clk_i (net)
                      0.005104    0.002552    0.002552 ^ clkbuf_0_clk_i/A (sg13g2_buf_16)
    16    0.202468    0.063847    0.079427    0.081979 ^ clkbuf_0_clk_i/X (sg13g2_buf_16)
                                                         clknet_0_clk_i (net)
                      0.067751    0.012150    0.094130 ^ clkbuf_4_11_0_clk_i/A (sg13g2_buf_8)
     7    0.036418    0.032493    0.093317    0.187447 ^ clkbuf_4_11_0_clk_i/X (sg13g2_buf_8)
                                                         clknet_4_11_0_clk_i (net)
                      0.032519    0.001383    0.188830 ^ _1015_/CLK (sg13g2_dfrbpq_1)
                                  0.100000    0.288830   clock uncertainty
                                  0.000000    0.288830   clock reconvergence pessimism
                                 -0.036258    0.252571   library hold time
                                              0.252571   data required time
---------------------------------------------------------------------------------------------
                                              0.252571   data required time
                                             -0.876175   data arrival time
---------------------------------------------------------------------------------------------
                                              0.623604   slack (MET)


Startpoint: _1020_ (rising edge-triggered flip-flop clocked by clk_i)
Endpoint: _1020_ (rising edge-triggered flip-flop clocked by clk_i)
Path Group: clk_i
Path Type: min

Fanout         Cap        Slew       Delay        Time   Description
---------------------------------------------------------------------------------------------
                                  0.000000    0.000000   clock clk_i (rise edge)
                                  0.000000    0.000000   clock source latency
     1    0.032062    0.000000    0.000000    0.000000 ^ clk_i (in)
                                                         clk_i (net)
                      0.004516    0.002258    0.002258 ^ clkbuf_0_clk_i/A (sg13g2_buf_16)
    16    0.181972    0.058543    0.076554    0.078812 ^ clkbuf_0_clk_i/X (sg13g2_buf_16)
                                                         clknet_0_clk_i (net)
                      0.065152    0.015089    0.093901 ^ clkbuf_4_14_0_clk_i/A (sg13g2_buf_8)
     7    0.033965    0.031209    0.090570    0.184471 ^ clkbuf_4_14_0_clk_i/X (sg13g2_buf_8)
                                                         clknet_4_14_0_clk_i (net)
                      0.031269    0.001488    0.185959 ^ _1020_/CLK (sg13g2_dfrbpq_1)
     2    0.011319    0.043172    0.185186    0.371144 v _1020_/Q (sg13g2_dfrbpq_1)
                                                         net154 (net)
                      0.043181    0.000620    0.371765 v _0672_/A1 (sg13g2_o21ai_1)
     1    0.004649    0.051235    0.101495    0.473260 ^ _0672_/Y (sg13g2_o21ai_1)
                                                         _0203_ (net)
                      0.051236    0.000290    0.473550 ^ _0673_/B1 (sg13g2_a21oi_1)
     1    0.003437    0.024255    0.037418    0.510967 v _0673_/Y (sg13g2_a21oi_1)
                                                         _0019_ (net)
                      0.024256    0.000224    0.511192 v hold407/A (sg13g2_dlygate4sd3_1)
     1    0.001813    0.033671    0.364886    0.876078 v hold407/X (sg13g2_dlygate4sd3_1)
                                                         net407 (net)
                      0.033671    0.000068    0.876147 v _1020_/D (sg13g2_dfrbpq_1)
                                              0.876147   data arrival time

                                  0.000000    0.000000   clock clk_i (rise edge)
                                  0.000000    0.000000   clock source latency
     1    0.034735    0.000000    0.000000    0.000000 ^ clk_i (in)
                                                         clk_i (net)
                      0.005104    0.002552    0.002552 ^ clkbuf_0_clk_i/A (sg13g2_buf_16)
    16    0.202468    0.063847    0.079427    0.081979 ^ clkbuf_0_clk_i/X (sg13g2_buf_16)
                                                         clknet_0_clk_i (net)
                      0.071380    0.016773    0.098752 ^ clkbuf_4_14_0_clk_i/A (sg13g2_buf_8)
     7    0.037339    0.032901    0.094817    0.193569 ^ clkbuf_4_14_0_clk_i/X (sg13g2_buf_8)
                                                         clknet_4_14_0_clk_i (net)
                      0.033029    0.001623    0.195192 ^ _1020_/CLK (sg13g2_dfrbpq_1)
                                  0.100000    0.295192   clock uncertainty
                                 -0.009234    0.285959   clock reconvergence pessimism
                                 -0.036002    0.249957   library hold time
                                              0.249957   data required time
---------------------------------------------------------------------------------------------
                                              0.249957   data required time
                                             -0.876147   data arrival time
---------------------------------------------------------------------------------------------
                                              0.626190   slack (MET)


Startpoint: _1032_ (rising edge-triggered flip-flop clocked by clk_i)
Endpoint: _1032_ (rising edge-triggered flip-flop clocked by clk_i)
Path Group: clk_i
Path Type: min

Fanout         Cap        Slew       Delay        Time   Description
---------------------------------------------------------------------------------------------
                                  0.000000    0.000000   clock clk_i (rise edge)
                                  0.000000    0.000000   clock source latency
     1    0.032062    0.000000    0.000000    0.000000 ^ clk_i (in)
                                                         clk_i (net)
                      0.004516    0.002258    0.002258 ^ clkbuf_0_clk_i/A (sg13g2_buf_16)
    16    0.181972    0.058543    0.076554    0.078812 ^ clkbuf_0_clk_i/X (sg13g2_buf_16)
                                                         clknet_0_clk_i (net)
                      0.065152    0.015089    0.093901 ^ clkbuf_4_14_0_clk_i/A (sg13g2_buf_8)
     7    0.033965    0.031209    0.090570    0.184471 ^ clkbuf_4_14_0_clk_i/X (sg13g2_buf_8)
                                                         clknet_4_14_0_clk_i (net)
                      0.031584    0.003258    0.187729 ^ _1032_/CLK (sg13g2_dfrbpq_1)
     2    0.011677    0.044312    0.186295    0.374025 v _1032_/Q (sg13g2_dfrbpq_1)
                                                         net168 (net)
                      0.044318    0.000524    0.374549 v _0720_/A1 (sg13g2_o21ai_1)
     1    0.005614    0.048352    0.108712    0.483261 ^ _0720_/Y (sg13g2_o21ai_1)
                                                         _0239_ (net)
                      0.048356    0.000349    0.483610 ^ _0721_/B1 (sg13g2_a21oi_1)
     1    0.002672    0.021711    0.034457    0.518066 v _0721_/Y (sg13g2_a21oi_1)
                                                         _0031_ (net)
                      0.021711    0.000172    0.518238 v hold395/A (sg13g2_dlygate4sd3_1)
     1    0.001928    0.033999    0.363878    0.882116 v hold395/X (sg13g2_dlygate4sd3_1)
                                                         net395 (net)
                      0.033999    0.000072    0.882188 v _1032_/D (sg13g2_dfrbpq_1)
                                              0.882188   data arrival time

                                  0.000000    0.000000   clock clk_i (rise edge)
                                  0.000000    0.000000   clock source latency
     1    0.034735    0.000000    0.000000    0.000000 ^ clk_i (in)
                                                         clk_i (net)
                      0.005104    0.002552    0.002552 ^ clkbuf_0_clk_i/A (sg13g2_buf_16)
    16    0.202468    0.063847    0.079427    0.081979 ^ clkbuf_0_clk_i/X (sg13g2_buf_16)
                                                         clknet_0_clk_i (net)
                      0.071380    0.016773    0.098752 ^ clkbuf_4_14_0_clk_i/A (sg13g2_buf_8)
     7    0.037339    0.032901    0.094817    0.193569 ^ clkbuf_4_14_0_clk_i/X (sg13g2_buf_8)
                                                         clknet_4_14_0_clk_i (net)
                      0.033427    0.003546    0.197115 ^ _1032_/CLK (sg13g2_dfrbpq_1)
                                  0.100000    0.297115   clock uncertainty
                                 -0.009386    0.287729   clock reconvergence pessimism
                                 -0.036023    0.251706   library hold time
                                              0.251706   data required time
---------------------------------------------------------------------------------------------
                                              0.251706   data required time
                                             -0.882188   data arrival time
---------------------------------------------------------------------------------------------
                                              0.630482   slack (MET)


Startpoint: _1012_ (rising edge-triggered flip-flop clocked by clk_i)
Endpoint: _1012_ (rising edge-triggered flip-flop clocked by clk_i)
Path Group: clk_i
Path Type: min

Fanout         Cap        Slew       Delay        Time   Description
---------------------------------------------------------------------------------------------
                                  0.000000    0.000000   clock clk_i (rise edge)
                                  0.000000    0.000000   clock source latency
     1    0.032062    0.000000    0.000000    0.000000 ^ clk_i (in)
                                                         clk_i (net)
                      0.004516    0.002258    0.002258 ^ clkbuf_0_clk_i/A (sg13g2_buf_16)
    16    0.181972    0.058543    0.076554    0.078812 ^ clkbuf_0_clk_i/X (sg13g2_buf_16)
                                                         clknet_0_clk_i (net)
                      0.061499    0.010148    0.088959 ^ clkbuf_4_9_0_clk_i/A (sg13g2_buf_8)
     7    0.030034    0.029453    0.087829    0.176789 ^ clkbuf_4_9_0_clk_i/X (sg13g2_buf_8)
                                                         clknet_4_9_0_clk_i (net)
                      0.029467    0.001058    0.177846 ^ _1012_/CLK (sg13g2_dfrbpq_1)
     2    0.016540    0.058922    0.196736    0.374583 v _1012_/Q (sg13g2_dfrbpq_1)
                                                         net146 (net)
                      0.058935    0.000856    0.375439 v _0640_/A1 (sg13g2_o21ai_1)
     1    0.004207    0.054549    0.104248    0.479687 ^ _0640_/Y (sg13g2_o21ai_1)
                                                         _0179_ (net)
                      0.054549    0.000284    0.479971 ^ _0641_/B1 (sg13g2_a21oi_1)
     1    0.002618    0.022753    0.036144    0.516115 v _0641_/Y (sg13g2_a21oi_1)
                                                         _0011_ (net)
                      0.022754    0.000173    0.516288 v hold425/A (sg13g2_dlygate4sd3_1)
     1    0.001710    0.033372    0.363695    0.879982 v hold425/X (sg13g2_dlygate4sd3_1)
                                                         net425 (net)
                      0.033372    0.000065    0.880047 v _1012_/D (sg13g2_dfrbpq_1)
                                              0.880047   data arrival time

                                  0.000000    0.000000   clock clk_i (rise edge)
                                  0.000000    0.000000   clock source latency
     1    0.034735    0.000000    0.000000    0.000000 ^ clk_i (in)
                                                         clk_i (net)
                      0.005104    0.002552    0.002552 ^ clkbuf_0_clk_i/A (sg13g2_buf_16)
    16    0.202468    0.063847    0.079427    0.081979 ^ clkbuf_0_clk_i/X (sg13g2_buf_16)
                                                         clknet_0_clk_i (net)
                      0.067188    0.011286    0.093265 ^ clkbuf_4_9_0_clk_i/A (sg13g2_buf_8)
     7    0.033408    0.031162    0.091876    0.185141 ^ clkbuf_4_9_0_clk_i/X (sg13g2_buf_8)
                                                         clknet_4_9_0_clk_i (net)
                      0.031180    0.001156    0.186297 ^ _1012_/CLK (sg13g2_dfrbpq_1)
                                  0.100000    0.286297   clock uncertainty
                                 -0.008451    0.277846   clock reconvergence pessimism
                                 -0.036292    0.241554   library hold time
                                              0.241554   data required time
---------------------------------------------------------------------------------------------
                                              0.241554   data required time
                                             -0.880047   data arrival time
---------------------------------------------------------------------------------------------
                                              0.638493   slack (MET)


Startpoint: _1027_ (rising edge-triggered flip-flop clocked by clk_i)
Endpoint: _1027_ (rising edge-triggered flip-flop clocked by clk_i)
Path Group: clk_i
Path Type: min

Fanout         Cap        Slew       Delay        Time   Description
---------------------------------------------------------------------------------------------
                                  0.000000    0.000000   clock clk_i (rise edge)
                                  0.000000    0.000000   clock source latency
     1    0.032062    0.000000    0.000000    0.000000 ^ clk_i (in)
                                                         clk_i (net)
                      0.004516    0.002258    0.002258 ^ clkbuf_0_clk_i/A (sg13g2_buf_16)
    16    0.181972    0.058543    0.076554    0.078812 ^ clkbuf_0_clk_i/X (sg13g2_buf_16)
                                                         clknet_0_clk_i (net)
                      0.065152    0.015089    0.093901 ^ clkbuf_4_14_0_clk_i/A (sg13g2_buf_8)
     7    0.033965    0.031209    0.090570    0.184471 ^ clkbuf_4_14_0_clk_i/X (sg13g2_buf_8)
                                                         clknet_4_14_0_clk_i (net)
                      0.031448    0.002642    0.187113 ^ _1027_/CLK (sg13g2_dfrbpq_1)
     2    0.016943    0.060128    0.198682    0.385795 v _1027_/Q (sg13g2_dfrbpq_1)
                                                         net162 (net)
                      0.060141    0.000852    0.386647 v _0700_/A1 (sg13g2_o21ai_1)
     1    0.003765    0.047816    0.101599    0.488246 ^ _0700_/Y (sg13g2_o21ai_1)
                                                         _0224_ (net)
                      0.047816    0.000149    0.488395 ^ _0701_/B1 (sg13g2_a21oi_1)
     1    0.002849    0.022071    0.034776    0.523171 v _0701_/Y (sg13g2_a21oi_1)
                                                         _0026_ (net)
                      0.022072    0.000181    0.523353 v hold389/A (sg13g2_dlygate4sd3_1)
     1    0.003171    0.037430    0.368384    0.891737 v hold389/X (sg13g2_dlygate4sd3_1)
                                                         net389 (net)
                      0.037430    0.000198    0.891935 v _1027_/D (sg13g2_dfrbpq_1)
                                              0.891935   data arrival time

                                  0.000000    0.000000   clock clk_i (rise edge)
                                  0.000000    0.000000   clock source latency
     1    0.034735    0.000000    0.000000    0.000000 ^ clk_i (in)
                                                         clk_i (net)
                      0.005104    0.002552    0.002552 ^ clkbuf_0_clk_i/A (sg13g2_buf_16)
    16    0.202468    0.063847    0.079427    0.081979 ^ clkbuf_0_clk_i/X (sg13g2_buf_16)
                                                         clknet_0_clk_i (net)
                      0.071380    0.016773    0.098752 ^ clkbuf_4_14_0_clk_i/A (sg13g2_buf_8)
     7    0.037339    0.032901    0.094817    0.193569 ^ clkbuf_4_14_0_clk_i/X (sg13g2_buf_8)
                                                         clknet_4_14_0_clk_i (net)
                      0.033261    0.002875    0.196444 ^ _1027_/CLK (sg13g2_dfrbpq_1)
                                  0.100000    0.296444   clock uncertainty
                                 -0.009332    0.287113   clock reconvergence pessimism
                                 -0.037146    0.249967   library hold time
                                              0.249967   data required time
---------------------------------------------------------------------------------------------
                                              0.249967   data required time
                                             -0.891935   data arrival time
---------------------------------------------------------------------------------------------
                                              0.641968   slack (MET)


Startpoint: s_axil_arvalid (input port clocked by clk_i)
Endpoint: _1017_ (rising edge-triggered flip-flop clocked by clk_i)
Path Group: clk_i
Path Type: min

Fanout         Cap        Slew       Delay        Time   Description
---------------------------------------------------------------------------------------------
                                  0.000000    0.000000   clock clk_i (rise edge)
                                  0.000000    0.000000   clock network delay (propagated)
                                  0.000000    0.000000 v input external delay
     1    0.002642    0.016941    0.001921    0.001921 v s_axil_arvalid (in)
                                                         s_axil_arvalid (net)
                      0.016941    0.000000    0.001921 v input36/A (sg13g2_buf_1)
     2    0.009305    0.037524    0.072224    0.074144 v input36/X (sg13g2_buf_1)
                                                         net36 (net)
                      0.037532    0.000536    0.074680 v _0592_/B (sg13g2_nand2b_1)
     2    0.019300    0.088186    0.087685    0.162365 ^ _0592_/Y (sg13g2_nand2b_1)
                                                         _0142_ (net)
                      0.088240    0.001111    0.163475 ^ fanout204/A (sg13g2_buf_1)
     8    0.049415    0.206440    0.214215    0.377690 ^ fanout204/X (sg13g2_buf_1)
                                                         net204 (net)
                      0.206781    0.006896    0.384586 ^ _0658_/B1 (sg13g2_a21oi_1)
     1    0.004228    0.051840    0.073074    0.457660 v _0658_/Y (sg13g2_a21oi_1)
                                                         _0192_ (net)
                      0.051840    0.000281    0.457941 v _0661_/A1 (sg13g2_a21oi_1)
     1    0.002632    0.037350    0.067645    0.525586 ^ _0661_/Y (sg13g2_a21oi_1)
                                                         _0016_ (net)
                      0.037350    0.000172    0.525758 ^ hold398/A (sg13g2_dlygate4sd3_1)
     1    0.002019    0.031136    0.358348    0.884106 ^ hold398/X (sg13g2_dlygate4sd3_1)
                                                         net398 (net)
                      0.031136    0.000076    0.884182 ^ _1017_/D (sg13g2_dfrbpq_1)
                                              0.884182   data arrival time

                                  0.000000    0.000000   clock clk_i (rise edge)
                                  0.000000    0.000000   clock source latency
     1    0.034735    0.000000    0.000000    0.000000 ^ clk_i (in)
                                                         clk_i (net)
                      0.005104    0.002552    0.002552 ^ clkbuf_0_clk_i/A (sg13g2_buf_16)
    16    0.202468    0.063847    0.079427    0.081979 ^ clkbuf_0_clk_i/X (sg13g2_buf_16)
                                                         clknet_0_clk_i (net)
                      0.067751    0.012150    0.094130 ^ clkbuf_4_11_0_clk_i/A (sg13g2_buf_8)
     7    0.036418    0.032493    0.093317    0.187447 ^ clkbuf_4_11_0_clk_i/X (sg13g2_buf_8)
                                                         clknet_4_11_0_clk_i (net)
                      0.032501    0.000871    0.188318 ^ _1017_/CLK (sg13g2_dfrbpq_1)
                                  0.100000    0.288318   clock uncertainty
                                  0.000000    0.288318   clock reconvergence pessimism
                                 -0.060610    0.227708   library hold time
                                              0.227708   data required time
---------------------------------------------------------------------------------------------
                                              0.227708   data required time
                                             -0.884182   data arrival time
---------------------------------------------------------------------------------------------
                                              0.656475   slack (MET)



